0	(-1, -1)	b'\x00'	-inf
1	(-1, -1)	b'\x01'	-17.91724138775914
2	(-1, -1)	b'\x02'	-18.42806701152513
3	(-1, -1)	b'\x03'	-17.224094207199194
4	(-1, -1)	b'\x04'	-inf
5	(-1, -1)	b'\x05'	-inf
6	(-1, -1)	b'\x06'	-inf
7	(-1, -1)	b'\x07'	-19.52667930019324
8	(-1, -1)	b'\x08'	-19.52667930019324
9	(-1, -1)	b'\t'	-10.949708904741144
10	(-1, -1)	b'\n'	-11.113070425033573
11	(-1, -1)	b'\x0b'	-inf
12	(-1, -1)	b'\x0c'	-inf
13	(-1, -1)	b'\r'	-inf
14	(-1, -1)	b'\x0e'	-inf
15	(-1, -1)	b'\x0f'	-inf
16	(-1, -1)	b'\x10'	-19.52667930019324
17	(-1, -1)	b'\x11'	-inf
18	(-1, -1)	b'\x12'	-inf
19	(-1, -1)	b'\x13'	-inf
20	(-1, -1)	b'\x14'	-inf
21	(-1, -1)	b'\x15'	-inf
22	(-1, -1)	b'\x16'	-inf
23	(-1, -1)	b'\x17'	-inf
24	(-1, -1)	b'\x18'	-inf
25	(-1, -1)	b'\x19'	-inf
26	(-1, -1)	b'\x1a'	-inf
27	(-1, -1)	b'\x1b'	-inf
28	(-1, -1)	b'\x1c'	-inf
29	(-1, -1)	b'\x1d'	-inf
30	(-1, -1)	b'\x1e'	-18.833532119633297
31	(-1, -1)	b'\x1f'	-15.43233473797114
32	(-1, -1)	b' '	-4.421346185337884
33	(-1, -1)	b'!'	-6.7743424610392555
34	(-1, -1)	b'"'	-5.2692296384625905
35	(-1, -1)	b'#'	-9.459373662427717
36	(-1, -1)	b'$'	-7.7668312592445305
37	(-1, -1)	b'%'	-7.108180328190063
38	(-1, -1)	b'&'	-8.794749106356154
39	(-1, -1)	b"'"	-6.700554497923814
40	(-1, -1)	b'('	-6.056207365795649
41	(-1, -1)	b')'	-5.975924965149524
42	(-1, -1)	b'*'	-7.60709610523779
43	(-1, -1)	b'+'	-8.684924282979589
44	(-1, -1)	b','	-4.138640487495206
45	(-1, -1)	b'-'	-5.795442052963747
46	(-1, -1)	b'.'	-3.9101481234730353
47	(-1, -1)	b'/'	-6.964895675188825
48	(-1, -1)	b'0'	-8.906157156643825
49	(-1, -1)	b'1'	-6.9374962275717005
50	(-1, -1)	b'2'	-7.026986000545022
51	(-1, -1)	b'3'	-6.944841592104147
52	(-1, -1)	b'4'	-7.375363836123364
53	(-1, -1)	b'5'	-7.3095529723300325
54	(-1, -1)	b'6'	-7.740723578303596
55	(-1, -1)	b'7'	-7.825673889818392
56	(-1, -1)	b'8'	-7.804052223338827
57	(-1, -1)	b'9'	-7.944115838540743
58	(-1, -1)	b':'	-6.290050176660569
59	(-1, -1)	b';'	-7.833075294107067
60	(-1, -1)	b'<'	-10.133684093632983
61	(-1, -1)	b'='	-9.206193403735275
62	(-1, -1)	b'>'	-8.551454033661544
63	(-1, -1)	b'?'	-6.21324938174227
64	(-1, -1)	b'@'	-9.015030723503843
65	(-1, -1)	b'A'	-7.321442003469749
66	(-1, -1)	b'B'	-7.355368921475357
67	(-1, -1)	b'C'	-7.414977775521292
68	(-1, -1)	b'D'	-7.088622298683375
69	(-1, -1)	b'E'	-7.71836404370303
70	(-1, -1)	b'F'	-7.492700691301586
71	(-1, -1)	b'G'	-7.565388892799628
72	(-1, -1)	b'H'	-7.764420256418563
73	(-1, -1)	b'I'	-6.5226198440826675
74	(-1, -1)	b'J'	-8.25270923758456
75	(-1, -1)	b'K'	-7.917634891647202
76	(-1, -1)	b'L'	-7.755853364830812
77	(-1, -1)	b'M'	-7.401513068556792
78	(-1, -1)	b'N'	-7.967891763258321
79	(-1, -1)	b'O'	-8.170442733603275
80	(-1, -1)	b'P'	-7.24128266674517
81	(-1, -1)	b'Q'	-9.498896628385506
82	(-1, -1)	b'R'	-7.679555610780167
83	(-1, -1)	b'S'	-7.344218226788298
84	(-1, -1)	b'T'	-7.489794833067059
85	(-1, -1)	b'U'	-8.041628755989066
86	(-1, -1)	b'V'	-7.946805719491643
87	(-1, -1)	b'W'	-7.810200933673807
88	(-1, -1)	b'X'	-8.642331245133658
89	(-1, -1)	b'Y'	-8.407997143909139
90	(-1, -1)	b'Z'	-9.212904949269735
91	(-1, -1)	b'['	-8.479749507071212
92	(-1, -1)	b'\\'	-12.57778207787993
93	(-1, -1)	b']'	-8.466452070312394
94	(-1, -1)	b'^'	-13.009008027280967
95	(-1, -1)	b'_'	-8.758657575355992
96	(-1, -1)	b'`'	-11.2108681683097
97	(-1, -1)	b'a'	-7.4275517584511315
98	(-1, -1)	b'b'	-7.4601791149910825
99	(-1, -1)	b'c'	-7.316156570989456
100	(-1, -1)	b'd'	-6.373811936306798
101	(-1, -1)	b'e'	-7.310681076591494
102	(-1, -1)	b'f'	-7.430070019953889
103	(-1, -1)	b'g'	-8.065394558378001
104	(-1, -1)	b'h'	-7.544437942413775
105	(-1, -1)	b'i'	-6.674962591872216
106	(-1, -1)	b'j'	-8.75275649036941
107	(-1, -1)	b'k'	-7.419101901412167
108	(-1, -1)	b'l'	-7.961161385103842
109	(-1, -1)	b'm'	-7.487033208991859
110	(-1, -1)	b'n'	-6.972851877378896
111	(-1, -1)	b'o'	-7.144525361208592
112	(-1, -1)	b'p'	-7.400429386533054
113	(-1, -1)	b'q'	-9.242634275255133
114	(-1, -1)	b'r'	-7.441616766733918
115	(-1, -1)	b's'	-4.758854325331103
116	(-1, -1)	b't'	-7.101667931260122
117	(-1, -1)	b'u'	-7.14870587269703
118	(-1, -1)	b'v'	-8.360492592680178
119	(-1, -1)	b'w'	-7.3700437780655
120	(-1, -1)	b'x'	-8.631997645756295
121	(-1, -1)	b'y'	-6.4636307777245925
122	(-1, -1)	b'z'	-7.941907704820149
123	(-1, -1)	b'{'	-10.306883769446303
124	(-1, -1)	b'|'	-9.879827451703568
125	(-1, -1)	b'}'	-10.249989547675524
126	(-1, -1)	b'~'	-10.008266166117544
127	(-1, -1)	b'\x7f'	-15.367796216833568
128	(-1, -1)	b'\x80'	-7.831365613984515
129	(-1, -1)	b'\x81'	-8.248059451243414
130	(-1, -1)	b'\x82'	-7.875453830523387
131	(-1, -1)	b'\x83'	-8.28294132503863
132	(-1, -1)	b'\x84'	-7.954212152514697
133	(-1, -1)	b'\x85'	-8.052640204275512
134	(-1, -1)	b'\x86'	-8.001469596389793
135	(-1, -1)	b'\x87'	-8.481104985403723
136	(-1, -1)	b'\x88'	-8.01689877536709
137	(-1, -1)	b'\x89'	-7.7432535275300145
138	(-1, -1)	b'\x8a'	-7.939481590848425
139	(-1, -1)	b'\x8b'	-8.416173585145216
140	(-1, -1)	b'\x8c'	-8.022734036803794
141	(-1, -1)	b'\x8d'	-8.201156277884454
142	(-1, -1)	b'\x8e'	-8.629143995226222
143	(-1, -1)	b'\x8f'	-8.147410950035953
144	(-1, -1)	b'\x90'	-7.986031670023497
145	(-1, -1)	b'\x91'	-7.962899137004701
146	(-1, -1)	b'\x92'	-8.272097194375963
147	(-1, -1)	b'\x93'	-8.08542170991437
148	(-1, -1)	b'\x94'	-7.931694700367452
149	(-1, -1)	b'\x95'	-7.7822612344226085
150	(-1, -1)	b'\x96'	-8.09825563656075
151	(-1, -1)	b'\x97'	-8.514315645923384
152	(-1, -1)	b'\x98'	-7.942494201450641
153	(-1, -1)	b'\x99'	-8.276834356140924
154	(-1, -1)	b'\x9a'	-8.01134673461559
155	(-1, -1)	b'\x9b'	-7.9036714849929
156	(-1, -1)	b'\x9c'	-7.845108709245301
157	(-1, -1)	b'\x9d'	-8.060195758669085
158	(-1, -1)	b'\x9e'	-8.215172588188201
159	(-1, -1)	b'\x9f'	-8.241093678668632
160	(-1, -1)	b'\xa0'	-8.08143328391315
161	(-1, -1)	b'\xa1'	-7.969048191839161
162	(-1, -1)	b'\xa2'	-8.232096429596181
163	(-1, -1)	b'\xa3'	-8.137651778879297
164	(-1, -1)	b'\xa4'	-8.00022575374332
165	(-1, -1)	b'\xa5'	-8.178310132864153
166	(-1, -1)	b'\xa6'	-8.317362058225052
167	(-1, -1)	b'\xa7'	-8.142348860353753
168	(-1, -1)	b'\xa8'	-7.938368108317123
169	(-1, -1)	b'\xa9'	-7.762621645768815
170	(-1, -1)	b'\xaa'	-7.81450961123315
171	(-1, -1)	b'\xab'	-8.078164364551885
172	(-1, -1)	b'\xac'	-8.001765977577685
173	(-1, -1)	b'\xad'	-8.051528394560977
174	(-1, -1)	b'\xae'	-8.315413135605652
175	(-1, -1)	b'\xaf'	-8.086851548629225
176	(-1, -1)	b'\xb0'	-7.96342200289201
177	(-1, -1)	b'\xb1'	-8.047455406896027
178	(-1, -1)	b'\xb2'	-8.177862262597609
179	(-1, -1)	b'\xb3'	-8.216163820150316
180	(-1, -1)	b'\xb4'	-8.203100006953932
181	(-1, -1)	b'\xb5'	-8.184779432275116
182	(-1, -1)	b'\xb6'	-8.231039577053062
183	(-1, -1)	b'\xb7'	-8.115598317156056
184	(-1, -1)	b'\xb8'	-7.747420534733287
185	(-1, -1)	b'\xb9'	-7.975687634416556
186	(-1, -1)	b'\xba'	-8.626077074890038
187	(-1, -1)	b'\xbb'	-8.496656297886533
188	(-1, -1)	b'\xbc'	-8.255239580785087
189	(-1, -1)	b'\xbd'	-8.179147480996319
190	(-1, -1)	b'\xbe'	-8.406129978789458
191	(-1, -1)	b'\xbf'	-8.68686312204645
192	(-1, -1)	b'\xc0'	-inf
193	(-1, -1)	b'\xc1'	-inf
194	(-1, -1)	b'\xc2'	-10.008266166117544
195	(-1, -1)	b'\xc3'	-9.668136813700281
196	(-1, -1)	b'\xc4'	-10.220756058323328
197	(-1, -1)	b'\xc5'	-10.747121844309513
198	(-1, -1)	b'\xc6'	-10.734281557836335
199	(-1, -1)	b'\xc7'	-13.853356033021749
200	(-1, -1)	b'\xc8'	-16.81862909909103
201	(-1, -1)	b'\xc9'	-11.980233026447218
202	(-1, -1)	b'\xca'	-14.7992914814809
203	(-1, -1)	b'\xcb'	-15.01581979367639
204	(-1, -1)	b'\xcc'	-14.258821141129912
205	(-1, -1)	b'\xcd'	-15.132230145520802
206	(-1, -1)	b'\xce'	-11.296901550111354
207	(-1, -1)	b'\xcf'	-13.21858085868371
208	(-1, -1)	b'\xd0'	-9.39912861928352
209	(-1, -1)	b'\xd1'	-9.729052388356621
210	(-1, -1)	b'\xd2'	-10.564928500862743
211	(-1, -1)	b'\xd3'	-12.914638265360148
212	(-1, -1)	b'\xd4'	-inf
213	(-1, -1)	b'\xd5'	-18.42806701152513
214	(-1, -1)	b'\xd6'	-17.224094207199194
215	(-1, -1)	b'\xd7'	-15.765479184499679
216	(-1, -1)	b'\xd8'	-10.669306467367468
217	(-1, -1)	b'\xd9'	-10.364794148486462
218	(-1, -1)	b'\xda'	-9.642272635469904
219	(-1, -1)	b'\xdb'	-9.954059717558494
220	(-1, -1)	b'\xdc'	-18.833532119633297
221	(-1, -1)	b'\xdd'	-inf
222	(-1, -1)	b'\xde'	-inf
223	(-1, -1)	b'\xdf'	-inf
224	(-1, -1)	b'\xe0'	-9.055041057271852
225	(-1, -1)	b'\xe1'	-13.093739207454062
226	(-1, -1)	b'\xe2'	-9.914145833979314
227	(-1, -1)	b'\xe3'	-11.532046988761415
228	(-1, -1)	b'\xe4'	-10.793890975220123
229	(-1, -1)	b'\xe5'	-8.467962858570107
230	(-1, -1)	b'\xe6'	-8.624234062149187
231	(-1, -1)	b'\xe7'	-8.617846726959446
232	(-1, -1)	b'\xe8'	-8.609992114614936
233	(-1, -1)	b'\xe9'	-8.97094468966934
234	(-1, -1)	b'\xea'	-9.583971034503831
235	(-1, -1)	b'\xeb'	-8.652015182298687
236	(-1, -1)	b'\xec'	-8.661296873977943
237	(-1, -1)	b'\xed'	-9.260355821604907
238	(-1, -1)	b'\xee'	-16.81862909909103
239	(-1, -1)	b'\xef'	-11.995662968115324
240	(-1, -1)	b'\xf0'	-11.497246459611999
241	(-1, -1)	b'\xf1'	-inf
242	(-1, -1)	b'\xf2'	-inf
243	(-1, -1)	b'\xf3'	-16.348625469845295
244	(-1, -1)	b'\xf4'	-inf
245	(-1, -1)	b'\xf5'	-inf
246	(-1, -1)	b'\xf6'	-inf
247	(-1, -1)	b'\xf7'	-inf
248	(-1, -1)	b'\xf8'	-inf
249	(-1, -1)	b'\xf9'	-inf
250	(-1, -1)	b'\xfa'	-inf
251	(-1, -1)	b'\xfb'	-inf
252	(-1, -1)	b'\xfc'	-inf
253	(-1, -1)	b'\xfd'	-inf
254	(-1, -1)	b'\xfe'	-inf
255	(-1, -1)	b'\xff'	-inf
256	(-1, -1)	b' t'	-7.636290475527442
257	(-1, -1)	b' a'	-4.833242194433874
258	(-1, -1)	b'in'	-7.013890632625076
259	(-1, -1)	b'he'	-8.631459647283107
260	(-1, -1)	b'\xe4\xb8'	-9.69872381026955
261	(-1, -1)	b'\xef\xbc'	-10.087133785524253
262	(-1, -1)	b'\xef\xbc\x8c'	-3.878742490525423
263	(-1, -1)	b're'	-7.290460646220058
264	(-1, -1)	b' s'	-7.748662523301046
265	(-1, -1)	b'on'	-7.3381852569373605
266	(-1, -1)	b' the'	-4.253905330218203
267	(-1, -1)	b'er'	-6.374599851361417
268	(-1, -1)	b' w'	-8.495911020641318
269	(-1, -1)	b'at'	-7.56648801169818
270	(-1, -1)	b'\xe7\x9a\x84'	-4.768063163492608
271	(-1, -1)	b'ou'	-9.79754513480189
272	(-1, -1)	b'an'	-7.155931551379596
273	(-1, -1)	b'it'	-7.378166913937961
274	(-1, -1)	b'or'	-7.12835951979754
275	(-1, -1)	b' b'	-7.849944238993995
276	(-1, -1)	b' c'	-8.09733111547836
277	(-1, -1)	b'en'	-7.285273295180245
278	(-1, -1)	b'\xe4\xba'	-9.856006918668054
279	(-1, -1)	b'is'	-7.730373501998424
280	(-1, -1)	b' f'	-8.013014108888013
281	(-1, -1)	b'ing'	-5.940071345091562
282	(-1, -1)	b' p'	-7.680938276105343
283	(-1, -1)	b'es'	-7.425600570860022
284	(-1, -1)	b' m'	-7.886848093828937
285	(-1, -1)	b'ed'	-5.896652894760935
286	(-1, -1)	b'ar'	-7.0939134109680175
287	(-1, -1)	b' o'	-8.568078645101856
288	(-1, -1)	b' d'	-8.541861266223531
289	(-1, -1)	b' to'	-4.772047813912063
290	(-1, -1)	b'al'	-6.898582736842329
291	(-1, -1)	b' an'	-6.732706107356907
292	(-1, -1)	b'\xe3\x80\x82'	-4.694186698482855
293	(-1, -1)	b'\xe5\x8f'	-9.610078108511729
294	(-1, -1)	b' h'	-8.204272899962161
295	(-1, -1)	b'\xe5\x85'	-10.09792655127875
296	(-1, -1)	b' in'	-5.176591240908012
297	(-1, -1)	b'as'	-7.955900107614163
298	(-1, -1)	b'\xe5\xa4'	-9.68714377414963
299	(-1, -1)	b' th'	-8.810263528778112
300	(-1, -1)	b' of'	-5.0222871463536185
301	(-1, -1)	b' l'	-8.344914204822938
302	(-1, -1)	b'\xe5\x9c'	-9.944913312332417
303	(-1, -1)	b' and'	-4.970770676820476
304	(-1, -1)	b'ic'	-7.386020225211392
305	(-1, -1)	b'om'	-8.162845665965591
306	(-1, -1)	b'll'	-9.258965387565546
307	(-1, -1)	b'\xe5\xae'	-10.08308664275456
308	(-1, -1)	b' n'	-8.143236293001248
309	(-1, -1)	b'\xe6\x98'	-10.125553293010974
310	(-1, -1)	b' g'	-8.122988512429439
311	(-1, -1)	b'\xe5\x90'	-9.112466128891455
312	(-1, -1)	b' I'	-5.777350212268258
313	(-1, -1)	b'\xe4\xbd'	-9.962798892973813
314	(-1, -1)	b'le'	-7.254903187338873
315	(-1, -1)	b'st'	-7.794642401982206
316	(-1, -1)	b'ion'	-7.7437725005855915
317	(-1, -1)	b'\xe0\xa4'	-9.016528810318945
318	(-1, -1)	b've'	-8.583816502271288
319	(-1, -1)	b'\xe6\x88'	-10.402659634683586
320	(-1, -1)	b'id'	-7.726051762971228
321	(-1, -1)	b' y'	-8.387909247614138
322	(-1, -1)	b'ay'	-8.143122475564294
323	(-1, -1)	b'ot'	-7.764615105391741
324	(-1, -1)	b'ly'	-6.618457612706917
325	(-1, -1)	b'et'	-7.5609599477084695
326	(-1, -1)	b' re'	-8.062765523927192
327	(-1, -1)	b'ent'	-7.808969793001142
328	(-1, -1)	b'\xe4\xb8\x80'	-6.747538894433664
329	(-1, -1)	b'\xe7\xbb'	-8.956080581648008
330	(-1, -1)	b'\xe2\x80'	-10.34453266258784
331	(-1, -1)	b'\xe5\xb9'	-10.851628024161423
332	(-1, -1)	b'\xe7\x94'	-10.160446908260084
333	(-1, -1)	b'\xe6\x96'	-9.60471352641134
334	(-1, -1)	b' e'	-8.507705953987378
335	(-1, -1)	b'\xe5\x8a'	-10.046999050013142
336	(-1, -1)	b'ow'	-8.710668102352201
337	(-1, -1)	b' be'	-6.243739077917253
338	(-1, -1)	b' on'	-5.905973895886632
339	(-1, -1)	b'ad'	-7.748823634817415
340	(-1, -1)	b'\xe5\x8d'	-9.73272763472542
341	(-1, -1)	b'\xe6\x98\xaf'	-6.371382239346614
342	(-1, -1)	b'\xe4\xb9'	-9.676170672447999
343	(-1, -1)	b'am'	-7.475957220732657
344	(-1, -1)	b'ac'	-8.362885869991016
345	(-1, -1)	b' S'	-7.283836055974984
346	(-1, -1)	b' is'	-5.669738932465827
347	(-1, -1)	b' T'	-7.432426878270708
348	(-1, -1)	b'\xe5\x9c\xa8'	-5.941621440395588
349	(-1, -1)	b'\xe8\xaf'	-9.833604184617593
350	(-1, -1)	b' it'	-5.918172001672806
351	(-1, -1)	b'\xe8\xae'	-10.12919568114389
352	(-1, -1)	b' for'	-5.714347790050988
353	(-1, -1)	b'\xe9\x87'	-10.800198103753235
354	(-1, -1)	b'\xe4\xbc'	-9.973032952017281
355	(-1, -1)	b'\xe3\x80\x81'	-5.6537388652384735
356	(-1, -1)	b'ro'	-7.913076267469568
357	(-1, -1)	b' that'	-5.71497698438692
358	(-1, -1)	b"'s"	-6.458537711559684
359	(-1, -1)	b'\xe5\xb8'	-9.877503520633788
360	(-1, -1)	b'ig'	-8.063269762694928
361	(-1, -1)	b'ut'	-8.056922330624392
362	(-1, -1)	b' you'	-6.088524641938569
363	(-1, -1)	b'\xe6\x9d'	-10.122830182032539
364	(-1, -1)	b'im'	-7.898854954746492
365	(-1, -1)	b'ld'	-9.29493171045792
366	(-1, -1)	b'un'	-7.594306929594429
367	(-1, -1)	b' A'	-7.142389342102078
368	(-1, -1)	b' C'	-7.437949787091065
369	(-1, -1)	b'\xe6\x9c\x89'	-6.682641900316668
370	(-1, -1)	b'se'	-8.20944030592921
371	(-1, -1)	b'\xe5\xad'	-10.550543426890693
372	(-1, -1)	b' he'	-6.682752863477012
373	(-1, -1)	b'ver'	-8.980285783533914
374	(-1, -1)	b'ir'	-7.704579387433134
375	(-1, -1)	b'\xe5\x87'	-9.690614423974546
376	(-1, -1)	b' st'	-8.511284891351002
377	(-1, -1)	b'\xe4\xb8\x8d'	-6.696871183290338
378	(-1, -1)	b'\xe6\x89'	-9.670755164588723
379	(-1, -1)	b'\xe5\xbe'	-9.942639722872546
380	(-1, -1)	b'\xe5\xbc'	-9.509238257581268
381	(-1, -1)	b'\xe4\xb8\xad'	-6.6020646690831795
382	(-1, -1)	b' M'	-7.320701659175853
383	(-1, -1)	b'\xe8\x80'	-10.47346068398927
384	(-1, -1)	b'\xe8\xa1'	-9.703588684729143
385	(-1, -1)	b'\xe7\x9b'	-9.413173963561832
386	(-1, -1)	b'\xe8\xb5'	-10.307379186845585
387	(-1, -1)	b'\xe4\xba\x86'	-6.296355190625993
388	(-1, -1)	b'\xe4\xba\xba'	-6.744338855677869
389	(-1, -1)	b'ur'	-7.647910053836363
390	(-1, -1)	b'ke'	-9.16624169686044
391	(-1, -1)	b'\xe5\xa4\xa7'	-6.7590784109233155
392	(-1, -1)	b'\xe5\xa5'	-9.674748234571515
393	(-1, -1)	b'ec'	-9.17917922993671
394	(-1, -1)	b'ith'	-9.647381986458331
395	(-1, -1)	b'\xe5\xaf'	-9.31821017812727
396	(-1, -1)	b'ill'	-8.222107301064586
397	(-1, -1)	b'oo'	-8.50665768435508
398	(-1, -1)	b' wh'	-10.240396924641901
399	(-1, -1)	b'\xe5\x86'	-9.377973642024592
400	(-1, -1)	b'ter'	-8.041279206287765
401	(-1, -1)	b'\xe5\xba'	-10.382265078333225
402	(-1, -1)	b'\xe9\x80'	-9.439371314739422
403	(-1, -1)	b' with'	-6.121787105577932
404	(-1, -1)	b' B'	-7.301951744565901
405	(-1, -1)	b'il'	-7.327042319198302
406	(-1, -1)	b'\xe5\x9b\xbd'	-7.835565809710665
407	(-1, -1)	b'\xe4\xb8\xba'	-6.804417440698224
408	(-1, -1)	b' we'	-7.235640701460474
409	(-1, -1)	b'\xe8\xb4'	-9.49783744650441
410	(-1, -1)	b'us'	-8.006341375507558
411	(-1, -1)	b'00'	-9.24509783634508
412	(-1, -1)	b'out'	-9.035932999856486
413	(-1, -1)	b' ha'	-8.617096875522911
414	(-1, -1)	b'\xe5\xb9\xb4'	-6.66145585786143
415	(-1, -1)	b'\xe4\xb8\x8a'	-6.762529192200924
416	(-1, -1)	b'\xe5\xbd'	-9.664899551056903
417	(-1, -1)	b'\xe1\x80'	-8.344385163211223
418	(-1, -1)	b'ch'	-7.819627232979295
419	(-1, -1)	b'\xe5\x8c'	-9.724836951419313
420	(-1, -1)	b'ce'	-8.373504934250496
421	(-1, -1)	b' r'	-7.9324227271246395
422	(-1, -1)	b' was'	-6.186069141105633
423	(-1, -1)	b' P'	-7.380579613857718
424	(-1, -1)	b' as'	-6.407651479578414
425	(-1, -1)	b'\xe6\x95'	-10.211078417559564
426	(-1, -1)	b'\xe8\xa7'	-11.067115221613639
427	(-1, -1)	b'ation'	-7.5451261521572075
428	(-1, -1)	b' k'	-9.281838585016192
429	(-1, -1)	b'\xe5\x92'	-9.772678321357494
430	(-1, -1)	b' at'	-6.3961513438578725
431	(-1, -1)	b'if'	-8.912032758045482
432	(-1, -1)	b'\xe6\xa0'	-10.77393979074575
433	(-1, -1)	b'\xe9\x99'	-9.98158244837935
434	(-1, -1)	b'ol'	-7.612310135482849
435	(-1, -1)	b'\xe5\xb1'	-9.611510242883275
436	(-1, -1)	b'..'	-9.15519012108205
437	(-1, -1)	b'\xe5\x92\x8c'	-6.29679873442244
438	(-1, -1)	b'\xe6\xad'	-9.987035181074457
439	(-1, -1)	b'\xe2\x80\x9c'	-6.26539085223244
440	(-1, -1)	b'\xe2\x80\x9d'	-6.267333491853135
441	(-1, -1)	b'\xe7\xba'	-9.597572735039494
442	(-1, -1)	b'ag'	-8.418269394295589
443	(-1, -1)	b'ers'	-7.280727504480876
444	(-1, -1)	b'\xe4\xb8\xaa'	-7.905303099218208
445	(-1, -1)	b'\xe9\x97'	-10.1009050199729
446	(-1, -1)	b'\xe8\xbf\x99'	-7.5153753567587795
447	(-1, -1)	b' H'	-7.559917698389453
448	(-1, -1)	b' D'	-7.490618290390079
449	(-1, -1)	b'\xe6\x80'	-10.336847804848599
450	(-1, -1)	b' 2'	-7.980541521016915
451	(-1, -1)	b'\xe6\x97\xb6'	-7.327298998524192
452	(-1, -1)	b'\xe4\xbb\xa5'	-7.534431262526002
453	(-1, -1)	b' \xd0'	-9.196291358828883
454	(-1, -1)	b' W'	-7.8144440654002025
455	(-1, -1)	b'\xe0\xb8'	-9.133599974899514
456	(-1, -1)	b' 1'	-8.016347195075612
457	(-1, -1)	b'up'	-8.38668883164956
458	(-1, -1)	b'\xe7\x90'	-10.025312454514888
459	(-1, -1)	b'igh'	-9.565772256789627
460	(-1, -1)	b'\xe6\x8b'	-8.865146735519325
461	(-1, -1)	b'ore'	-8.91624028612077
462	(-1, -1)	b'em'	-7.967089739059126
463	(-1, -1)	b'ri'	-7.570293123075731
464	(-1, -1)	b'\xef\xbc\x9a'	-6.350255859438991
465	(-1, -1)	b'\xe5\x91'	-10.240953201311168
466	(-1, -1)	b'\xe8\x87'	-10.204529253165052
467	(-1, -1)	b'her'	-9.732616064938401
468	(-1, -1)	b'est'	-7.855596905428356
469	(-1, -1)	b'\xe5\x87\xba'	-7.212061714670673
470	(-1, -1)	b'\xe6\xb5'	-10.23577328037749
471	(-1, -1)	b' are'	-6.488149807902458
472	(-1, -1)	b'op'	-8.180517053101115
473	(-1, -1)	b' N'	-7.639036636063628
474	(-1, -1)	b' j'	-8.99386334731039
475	(-1, -1)	b'\xe5\xae\xb6'	-7.57390018292816
476	(-1, -1)	b'\xe9\x9d'	-9.89120192031143
477	(-1, -1)	b'ust'	-8.778568890474315
478	(-1, -1)	b'\xe5\x88\xb0'	-7.145956111673461
479	(-1, -1)	b' R'	-7.657352928829138
480	(-1, -1)	b'um'	-7.840464614102099
481	(-1, -1)	b' have'	-6.405456573083183
482	(-1, -1)	b'\xe6\xaf'	-10.341861885448145
483	(-1, -1)	b'\xd0\xb0'	-8.567573950561858
484	(-1, -1)	b' sh'	-8.664684793649878
485	(-1, -1)	b'and'	-8.058981353159702
486	(-1, -1)	b'\xe4\xbc\x9a'	-7.201828558687897
487	(-1, -1)	b'\xe5\x89'	-9.50580879202207
488	(-1, -1)	b' F'	-7.4221965104247
489	(-1, -1)	b' se'	-8.546024434200504
490	(-1, -1)	b' com'	-9.690667912782027
491	(-1, -1)	b'\xe6\xb3'	-9.454419908410241
492	(-1, -1)	b' con'	-9.32583165865406
493	(-1, -1)	b'th'	-7.4237806735591905
494	(-1, -1)	b' ne'	-8.997039435921446
495	(-1, -1)	b'\xe8\x83\xbd'	-8.0229358612979
496	(-1, -1)	b'ate'	-7.7380709661309215
497	(-1, -1)	b'\xe6\x9d\xa5'	-7.610390935206718
498	(-1, -1)	b'\xe5\xaf\xb9'	-7.05457604254648
499	(-1, -1)	b'ab'	-8.369957461677853
500	(-1, -1)	b'\xe6\xb0'	-10.349999129709694
501	(-1, -1)	b'\xe5\x8e'	-9.604615362084177
502	(-1, -1)	b'\xe9\x98'	-10.04623545803957
503	(-1, -1)	b'el'	-7.506629051124037
504	(-1, -1)	b'ts'	-9.171161170401627
505	(-1, -1)	b'ul'	-8.004100578194874
506	(-1, -1)	b'\xe8\xa1\x8c'	-8.009632340263842
507	(-1, -1)	b' not'	-6.6375855704021305
508	(-1, -1)	b' L'	-7.6482916127519545
509	(-1, -1)	b'ain'	-8.976428877654696
510	(-1, -1)	b' sa'	-9.034794158296238
511	(-1, -1)	b'\xe7\x94\x9f'	-8.010389500947586
512	(-1, -1)	b'\xe8\xa6'	-10.043415226740823
513	(-1, -1)	b'os'	-8.366251800609698
514	(-1, -1)	b'\xe0\xa5'	-9.19854512013302
515	(-1, -1)	b'\xe6\x88\x91'	-7.379656267457643
516	(-1, -1)	b'\xe5\x9c\xb0'	-7.386639625267505
517	(-1, -1)	b'\xe6\x97\xa5'	-7.051816923943112
518	(-1, -1)	b'\xe6\x8e'	-9.803994458481798
519	(-1, -1)	b' G'	-7.60244583013159
520	(-1, -1)	b'ct'	-10.128283839575342
521	(-1, -1)	b' fr'	-9.21729340007739
522	(-1, -1)	b'\xe5\x8f\x91'	-7.863155170625006
523	(-1, -1)	b' v'	-8.195047920047122
524	(-1, -1)	b'\xe9\xa2'	-10.091996096327366
525	(-1, -1)	b'our'	-8.89552237472544
526	(-1, -1)	b'\xe4\xbf'	-9.779027179215241
527	(-1, -1)	b'\xe5\x9c\xba'	-7.93939803663794
528	(-1, -1)	b'\xe6\x8c'	-9.383269745104085
529	(-1, -1)	b' do'	-7.156198760383161
530	(-1, -1)	b'\xe4\xb8\x9a'	-8.498668077204503
531	(-1, -1)	b' de'	-7.578665202048777
532	(-1, -1)	b'\xe8\xa6\x81'	-7.6309979745415575
533	(-1, -1)	b'\xe5\x8f\xaf'	-7.759165881887644
534	(-1, -1)	b'\xe5\x88\x86'	-7.4972006453242965
535	(-1, -1)	b'\xe6\x9e'	-10.026883429216136
536	(-1, -1)	b' pro'	-8.434312276778831
537	(-1, -1)	b'ak'	-8.190646157022082
538	(-1, -1)	b'\xe8\xbe'	-9.173040121926542
539	(-1, -1)	b'\xe9\x87\x91'	-8.029995012019596
540	(-1, -1)	b'\xe7\x9c'	-10.394949328798969
541	(-1, -1)	b'\xe4\xbb\x96'	-7.324469104327368
542	(-1, -1)	b'The'	-6.835997704278315
543	(-1, -1)	b'\xe0\xa6'	-8.860775067208714
544	(-1, -1)	b' this'	-6.6230865492909325
545	(-1, -1)	b'\xe4\xba\x8e'	-7.656918904082915
546	(-1, -1)	b'\xe6\xb2'	-9.635568018725168
547	(-1, -1)	b'\xe0\xb0'	-9.227305705995942
548	(-1, -1)	b'\xe6\x88\x90'	-8.075331410955831
549	(-1, -1)	b'\xe6\x83'	-9.830338925886723
550	(-1, -1)	b'\xe4\xb8\x8b'	-7.414719551496781
551	(-1, -1)	b'ess'	-9.254909430676664
552	(-1, -1)	b'\xe5\x93'	-10.231354604312061
553	(-1, -1)	b'\xe5\xa4\x9a'	-7.407908983065863
554	(-1, -1)	b'\xe7\xad'	-10.31264575637944
555	(-1, -1)	b'res'	-9.08150719630514
556	(-1, -1)	b'\xe5\xad\xa6'	-8.14446634748374
557	(-1, -1)	b'\xe0\xae'	-10.060457168315075
558	(-1, -1)	b'ally'	-8.766459955640178
559	(-1, -1)	b' al'	-9.179917178153401
560	(-1, -1)	b'qu'	-8.681642709568862
561	(-1, -1)	b' li'	-9.341779288218927
562	(-1, -1)	b'\xe1\x88'	-8.957235923950364
563	(-1, -1)	b'\xe5\x90\x8e'	-7.23768195008892
564	(-1, -1)	b' E'	-7.845683344198918
565	(-1, -1)	b' \xe0\xa4'	-9.860053971112261
566	(-1, -1)	b'\xe4\xb9\x9f'	-7.271678404789809
567	(-1, -1)	b'pp'	-8.770181661710701
568	(-1, -1)	b' ex'	-9.140364444317983
569	(-1, -1)	b' or'	-6.886324119387581
570	(-1, -1)	b' but'	-6.703115567054617
571	(-1, -1)	b'\xe5\x85\xac'	-8.22045825258545
572	(-1, -1)	b' ch'	-8.172960608910968
573	(-1, -1)	b'\xe5\xb8\x82'	-7.879467727467615
574	(-1, -1)	b'\xe4\xbb\xac'	-8.79282934311902
575	(-1, -1)	b'\xe6\x9c\x88'	-6.880427769268211
576	(-1, -1)	b'ome'	-9.280879454554217
577	(-1, -1)	b'\xe9\xab\x98'	-7.4543209211508525
578	(-1, -1)	b'\xd0\xb8'	-8.197832935592244
579	(-1, -1)	b'art'	-8.865826409770602
580	(-1, -1)	b'ant'	-7.997024553269136
581	(-1, -1)	b' from'	-6.705621035575501
582	(-1, -1)	b'\xe0\xaa'	-8.774516265198525
583	(-1, -1)	b'\xe6\x96\xb0'	-7.453024381928838
584	(-1, -1)	b'end'	-8.46381367066644
585	(-1, -1)	b'ear'	-9.489360400023592
586	(-1, -1)	b'gh'	-9.293923972384514
587	(-1, -1)	b' pl'	-9.159866620039976
588	(-1, -1)	b'ight'	-8.699965124781846
589	(-1, -1)	b' The'	-7.035773636916035
590	(-1, -1)	b'\xe7\xbb\x8f'	-8.720878243713818
591	(-1, -1)	b' J'	-8.247794040012433
592	(-1, -1)	b'ist'	-7.805407220604907
593	(-1, -1)	b'\xe1\xbb'	-8.919079899372479
594	(-1, -1)	b'\xe7\x8e\xb0'	-8.94320579737499
595	(-1, -1)	b'\xe6\x96\xb9'	-8.333821367818949
596	(-1, -1)	b'all'	-8.343856401336549
597	(-1, -1)	b' ab'	-9.634657225766391
598	(-1, -1)	b'\xe5\x89\x8d'	-7.754656439627008
599	(-1, -1)	b'\xe7\xbe'	-10.032514286092582
600	(-1, -1)	b'\xe6\xb8'	-9.595333419528716
601	(-1, -1)	b'ast'	-8.710909037180496
602	(-1, -1)	b'\xd8\xa7'	-8.32462265465013
603	(-1, -1)	b' said'	-6.779789312668444
604	(-1, -1)	b'\xe0\xa8'	-8.951217132329969
605	(-1, -1)	b'ard'	-8.376662453917264
606	(-1, -1)	b'\xe5\x80'	-9.839049405670522
607	(-1, -1)	b' tr'	-8.6213473674303
608	(-1, -1)	b'ack'	-8.57476810057229
609	(-1, -1)	b' by'	-6.794600835302047
610	(-1, -1)	b'ort'	-9.424054044809749
611	(-1, -1)	b'ity'	-8.051808828092279
612	(-1, -1)	b'ive'	-8.033997359700072
613	(-1, -1)	b'oc'	-9.036155364145698
614	(-1, -1)	b' me'	-7.153445268064652
615	(-1, -1)	b'\xe5\xb0\xb1'	-7.455172868244439
616	(-1, -1)	b' O'	-8.12585926900732
617	(-1, -1)	b'ost'	-9.772678321357494
618	(-1, -1)	b'ment'	-7.83434484918166
619	(-1, -1)	b'\xe6\x9b'	-10.39516570876303
620	(-1, -1)	b'ie'	-8.104882768634114
621	(-1, -1)	b'\xe7\xbd'	-10.072216970517657
622	(-1, -1)	b'\xe8\x82'	-9.035877416509242
623	(-1, -1)	b'\xd0\xbe'	-8.602378851443415
624	(-1, -1)	b' they'	-6.962858786513424
625	(-1, -1)	b'ap'	-8.170688386426887
626	(-1, -1)	b' has'	-6.867746005213611
627	(-1, -1)	b'\xe8\xbf\x87'	-7.934425228612806
628	(-1, -1)	b'01'	-9.82377911325796
629	(-1, -1)	b'\xe4\xb8\xbb'	-8.270169825800794
630	(-1, -1)	b'\xe9\x81'	-9.310792672668494
631	(-1, -1)	b'\xe5\xbc\x80'	-7.9749370497913965
632	(-1, -1)	b'\xe9\x95'	-10.59024959658492
633	(-1, -1)	b'\xe9\x83'	-10.672299841422133
634	(-1, -1)	b'\xe4\xbd\x9c'	-8.426168032419383
635	(-1, -1)	b' can'	-7.128862959290208
636	(-1, -1)	b'\xe5\x85\x83'	-7.7863951799543365
637	(-1, -1)	b'\xe6\x9c\x80'	-7.935765544111075
638	(-1, -1)	b' go'	-7.935377129945722
639	(-1, -1)	b'\xe7\x94\xa8'	-7.7738633007338365
640	(-1, -1)	b'\xe6\x9c\xac'	-8.062776026308608
641	(-1, -1)	b'\xe5\xbe\x97'	-7.809776793570712
642	(-1, -1)	b' un'	-8.02518896784896
643	(-1, -1)	b'\xe7\x82'	-9.679074504904786
644	(-1, -1)	b'\xe8\xbd'	-9.47926457885047
645	(-1, -1)	b'ies'	-8.142405723444504
646	(-1, -1)	b'\xe5\x9f\xba'	-8.641244369979816
647	(-1, -1)	b'ud'	-8.634598959027564
648	(-1, -1)	b' will'	-6.930326252880106
649	(-1, -1)	b'ough'	-9.269265578139654
650	(-1, -1)	b'ame'	-9.052099213104473
651	(-1, -1)	b' le'	-8.91235200756625
652	(-1, -1)	b'ure'	-8.423302268768813
653	(-1, -1)	b'\xe7\xab'	-10.993415928599509
654	(-1, -1)	b'\xe8\x80\x85'	-8.075735627578894
655	(-1, -1)	b'\xe5\xb0\x86'	-7.210372036764014
656	(-1, -1)	b'ks'	-9.490104203518758
657	(-1, -1)	b'\xe5\xa6'	-9.419965230183262
658	(-1, -1)	b'\xe8\x87\xaa'	-8.078953908471268
659	(-1, -1)	b' up'	-7.128367770860895
660	(-1, -1)	b' his'	-6.936637606899789
661	(-1, -1)	b' all'	-7.139882205900777
662	(-1, -1)	b'\xe8\x80\x8c'	-7.3121177872671606
663	(-1, -1)	b'one'	-8.526648264158114
664	(-1, -1)	b'ice'	-8.75800485443417
665	(-1, -1)	b'\xe4\xbe'	-9.8888514360744
666	(-1, -1)	b' so'	-6.995791382938226
667	(-1, -1)	b'\xe4\xba\xa7'	-9.078660591425951
668	(-1, -1)	b'\xe9\x9d\xa2'	-7.986995065922321
669	(-1, -1)	b'ect'	-8.817720850888202
670	(-1, -1)	b'\xe0\xb7'	-10.009516212237893
671	(-1, -1)	b'\xe6\x9c\xba'	-8.252493374161778
672	(-1, -1)	b'\xe6\xaf\x94'	-8.099442451083375
673	(-1, -1)	b' out'	-7.080110533818041
674	(-1, -1)	b' like'	-7.072618307217037
675	(-1, -1)	b'\xd0\xbd'	-9.433232763733947
676	(-1, -1)	b'ren'	-9.471630130848576
677	(-1, -1)	b'\xe7\xbe\x8e'	-8.189322245924336
678	(-1, -1)	b'\xe6\xb1'	-9.596793273802582
679	(-1, -1)	b'\xe9\x83\xa8'	-7.909447875413797
680	(-1, -1)	b'\xe5\x90\x8c'	-8.24774349347802
681	(-1, -1)	b'\xd0\xb5'	-8.289639097795282
682	(-1, -1)	b' K'	-7.753168074432936
683	(-1, -1)	b' sp'	-8.674337024909695
684	(-1, -1)	b'\xe6\x9c\x9f'	-7.8821292594187184
685	(-1, -1)	b'\xe4\xb9\x8b'	-7.746463263419295
686	(-1, -1)	b'\xe8\xbf\x9b'	-8.223487699627304
687	(-1, -1)	b'\xe8\xb7'	-11.155205763126409
688	(-1, -1)	b'od'	-9.09068291305998
689	(-1, -1)	b'\xe8\xb0'	-9.44228786195078
690	(-1, -1)	b'\xe5\x8a\xa8'	-8.235835450590844
691	(-1, -1)	b' just'	-7.059431558514495
692	(-1, -1)	b'\xe6\xb6'	-9.747112329576591
693	(-1, -1)	b'ub'	-8.629403081762574
694	(-1, -1)	b'\xe9\x83\xbd'	-7.7673548010558315
695	(-1, -1)	b'\xe7\x90\x83'	-8.22959908405611
696	(-1, -1)	b'red'	-8.978368589927356
697	(-1, -1)	b'ge'	-8.412650562453145
698	(-1, -1)	b'\xe5\x85\xb6'	-7.920318138437499
699	(-1, -1)	b' my'	-7.114483125683623
700	(-1, -1)	b'\xe6\x8d'	-10.223850908781907
701	(-1, -1)	b'\xe5\x85\xa8'	-8.011047500652296
702	(-1, -1)	b'ide'	-9.050546921752314
703	(-1, -1)	b'\xe7\xac'	-10.897050679447215
704	(-1, -1)	b"n't"	-9.35844570648839
705	(-1, -1)	b'ia'	-7.788053555127113
706	(-1, -1)	b'\xe6\x99'	-10.018310563711132
707	(-1, -1)	b'\xe8\xb5\x84'	-9.140086816491722
708	(-1, -1)	b'\xe8\xbf\x98'	-7.893068349087459
709	(-1, -1)	b'uc'	-9.408040046272456
710	(-1, -1)	b' U'	-8.600471072167112
711	(-1, -1)	b'\xe7\x90\x86'	-8.55860170760344
712	(-1, -1)	b'\xe5\x8a\x9b'	-7.849978195716156
713	(-1, -1)	b'ound'	-8.79503302044129
714	(-1, -1)	b'\xd1\x80'	-9.30339346630604
715	(-1, -1)	b'ong'	-8.723314991051213
716	(-1, -1)	b'\xe5\xb0\x8f'	-7.510617699941402
717	(-1, -1)	b'\xe5\x9d'	-9.34245876429354
718	(-1, -1)	b'\xe8\xaf\xb4'	-7.420968573039018
719	(-1, -1)	b'ind'	-9.1625757950841
720	(-1, -1)	b'ake'	-8.68269632708614
721	(-1, -1)	b'\xe0\xb6'	-9.595382047017846
722	(-1, -1)	b'\xe3\x80\x8b'	-7.114617400568928
723	(-1, -1)	b'\xe3\x80\x8a'	-7.116173047840388
724	(-1, -1)	b'ff'	-10.255902559413228
725	(-1, -1)	b' would'	-7.211106718240977
726	(-1, -1)	b'ine'	-8.171718445512251
727	(-1, -1)	b' get'	-7.402516521059718
728	(-1, -1)	b'\xe5\x8a\xa0'	-8.21837008192334
729	(-1, -1)	b'ood'	-9.607170771602934
730	(-1, -1)	b'\xe4\xb8\x8e'	-7.24262298843811
731	(-1, -1)	b' one'	-7.126426522865876
732	(-1, -1)	b'ep'	-8.686490730011336
733	(-1, -1)	b'\xe5\xa4\xa9'	-7.719451226963243
734	(-1, -1)	b' who'	-7.266198965042929
735	(-1, -1)	b'\xd1\x82'	-8.636610320167524
736	(-1, -1)	b' about'	-7.140249526095413
737	(-1, -1)	b'\xe5\xae\x9a'	-8.209221423686982
738	(-1, -1)	b'use'	-9.286219635994248
739	(-1, -1)	b'\xe5\x93\x81'	-8.593750917850302
740	(-1, -1)	b'iv'	-8.833893831567899
741	(-1, -1)	b'\xe5\xae\x9e'	-8.670164154066985
742	(-1, -1)	b'\xe5\xa5\xbd'	-7.751343417974423
743	(-1, -1)	b'\xe5\x90\x88'	-8.361157603917906
744	(-1, -1)	b'\xe6\x8f'	-9.703913852735475
745	(-1, -1)	b'\xe5\xb9\xb3'	-7.987384580202944
746	(-1, -1)	b'\xe9\x95\xbf'	-7.8163958936029445
747	(-1, -1)	b'\xe7\x84'	-10.529903504750944
748	(-1, -1)	b'ra'	-7.4421304281633125
749	(-1, -1)	b'\xe4\xbd\x86'	-7.550938479824261
750	(-1, -1)	b'\xe5\xad\x90'	-7.8004101460829505
751	(-1, -1)	b' your'	-7.230692827194268
752	(-1, -1)	b'\xe5\xa4\x96'	-7.9287511409530875
753	(-1, -1)	b'ime'	-9.639727716297212
754	(-1, -1)	b'\xe7\xad\x89'	-7.388714203877745
755	(-1, -1)	b'\xe4\xbd\x93'	-8.193586491900096
756	(-1, -1)	b'\xe6\xb3\x95'	-8.005785665573836
757	(-1, -1)	b' ag'	-10.138778688524814
758	(-1, -1)	b'\xe7\x95'	-9.979938122718416
759	(-1, -1)	b'\xe5\xa7'	-10.529284654554822
760	(-1, -1)	b'\xe8\x83'	-9.879181373376404
761	(-1, -1)	b' more'	-7.195790630771442
762	(-1, -1)	b'\xe9\xa1'	-10.538732760640722
763	(-1, -1)	b' ad'	-8.957672734214642
764	(-1, -1)	b'\xe9\x97\xb4'	-9.033351636963097
765	(-1, -1)	b'\xe9\x9b'	-9.414552882545784
766	(-1, -1)	b'\xe6\x89\x80'	-7.965878374981981
767	(-1, -1)	b'ip'	-8.12670979000267
768	(-1, -1)	b'\xe3\x81'	-8.759669081321613
769	(-1, -1)	b'\xe8\xa1\xa8'	-9.352477823435486
770	(-1, -1)	b'\xe5\xba\xa6'	-8.423242025083086
771	(-1, -1)	b'...'	-7.234658342526703
772	(-1, -1)	b'\xe8\x8b'	-10.219666040956797
773	(-1, -1)	b'\xe6\xac\xa1'	-8.290904887368576
774	(-1, -1)	b'day'	-8.931070092768907
775	(-1, -1)	b'\xe5\x90\x8d'	-7.799764052102261
776	(-1, -1)	b'ich'	-9.21237432212234
777	(-1, -1)	b'\xe5\x86\x85'	-7.822984726347505
778	(-1, -1)	b' off'	-8.052536244445497
779	(-1, -1)	b'\xe7\x82\xb9'	-7.811956501928401
780	(-1, -1)	b'ue'	-8.75590220221602
781	(-1, -1)	b'ans'	-9.324347207999221
782	(-1, -1)	b'king'	-9.269862393969477
783	(-1, -1)	b'\xe5\x85\xb3'	-8.96564583834014
784	(-1, -1)	b'\xe7\xa8'	-11.167778687771596
785	(-1, -1)	b' int'	-9.153813313805296
786	(-1, -1)	b'\xe5\xbb'	-10.211528563864713
787	(-1, -1)	b'\xe4\xbd\x8d'	-8.228941617758586
788	(-1, -1)	b'\xe9\x87\x8d'	-8.05307695361953
789	(-1, -1)	b'\xe6\x80\xa7'	-7.706798687427646
790	(-1, -1)	b' their'	-7.251285836956356
791	(-1, -1)	b'\xe5\xbe\x88'	-8.08797104411208
792	(-1, -1)	b' ar'	-9.353317293855296
793	(-1, -1)	b'\xe7\x9b\xb8'	-8.510019307657673
794	(-1, -1)	b'\xe5\x88\xa9'	-8.014504116613717
795	(-1, -1)	b'\xd8\xb1'	-8.15693160489934
796	(-1, -1)	b'\xe8\x81'	-10.318942314087174
797	(-1, -1)	b' cl'	-8.822626170329897
798	(-1, -1)	b'\xe7\x9b\xae'	-9.244275974782486
799	(-1, -1)	b'ry'	-8.287848634166277
800	(-1, -1)	b'\xd9\x88'	-8.193670286603123
801	(-1, -1)	b'\xe6\x95\xb0'	-8.36502909800059
802	(-1, -1)	b'ial'	-8.95584967327912
803	(-1, -1)	b'\xdb\x8c'	-8.133258351777735
804	(-1, -1)	b' year'	-7.922597726181172
805	(-1, -1)	b'\xe5\xb7\xa5'	-8.465571830075739
806	(-1, -1)	b'\xe9\x9a'	-9.679550481326498
807	(-1, -1)	b'\xe4\xbb\xb7'	-8.342271791180389
808	(-1, -1)	b'\xe7\x9c\x8b'	-7.928806253060313
809	(-1, -1)	b'\xe9\x94'	-9.753642177041177
810	(-1, -1)	b' pe'	-9.135593810010427
811	(-1, -1)	b'\xe5\xa6\x82'	-8.55860170760344
812	(-1, -1)	b' 3'	-8.084530439472928
813	(-1, -1)	b'ous'	-8.796475675175753
814	(-1, -1)	b'\xe0\xa4\xbe'	-8.28236557458437
815	(-1, -1)	b'\xe5\xbf\x83'	-8.024137559977751
816	(-1, -1)	b'\xe5\xbd\x93'	-8.145264413925224
817	(-1, -1)	b' had'	-7.3007697142301
818	(-1, -1)	b'ah'	-8.246152584051561
819	(-1, -1)	b' comp'	-8.884354441180053
820	(-1, -1)	b'nd'	-9.634454939935823
821	(-1, -1)	b'\xe9\xa3'	-10.29790979274869
822	(-1, -1)	b'ven'	-9.306084377020689
823	(-1, -1)	b'so'	-9.504697853609324
824	(-1, -1)	b'\xe6\x81'	-10.054051589785221
825	(-1, -1)	b'\xe1\x89'	-9.235619092390536
826	(-1, -1)	b'\xe6\xad\xa4'	-8.589064648215412
827	(-1, -1)	b'ell'	-8.422790313086969
828	(-1, -1)	b'\xe6\x9f'	-9.89848422246297
829	(-1, -1)	b' if'	-7.318933055911058
830	(-1, -1)	b'\xe5\x8f\xb8'	-10.352795465227674
831	(-1, -1)	b'\xe7\x9f'	-10.744816810634296
832	(-1, -1)	b'\xe7\xb4'	-9.759355172469984
833	(-1, -1)	b'\xe6\x9b\xb4'	-8.14143949037077
834	(-1, -1)	b'\xe4\xb8\x89'	-7.764170905120254
835	(-1, -1)	b' qu'	-9.212241709318379
836	(-1, -1)	b'age'	-8.290865307182413
837	(-1, -1)	b' some'	-7.572747853195756
838	(-1, -1)	b'\xe6\x83\x85'	-8.37784190287742
839	(-1, -1)	b'\xd0\xbb'	-9.1243577367435
840	(-1, -1)	b'\xe9\x9c'	-10.292036635694092
841	(-1, -1)	b'\xe4\xb8\xa4'	-8.131479372532457
842	(-1, -1)	b'\xe7\x9d'	-10.635305290708605
843	(-1, -1)	b'\xe5\x9f\xba\xe9\x87\x91'	-7.919262172130295
844	(-1, -1)	b'\xe9\xa6'	-10.811619340647587
845	(-1, -1)	b' been'	-7.352081841998089
846	(-1, -1)	b'\xe7\x94\xb5'	-8.567330396056636
847	(-1, -1)	b'\xe7\xac\xac'	-8.79715400476052
848	(-1, -1)	b'\xe4\xb8\x80\xe4\xb8\xaa'	-7.8569039444027275
849	(-1, -1)	b'ite'	-8.571636126532283
850	(-1, -1)	b' St'	-8.391623231740377
851	(-1, -1)	b'own'	-9.489098013176415
852	(-1, -1)	b'\xe7\xa0'	-10.53698559933268
853	(-1, -1)	b' any'	-7.932588680805504
854	(-1, -1)	b'\xe6\x98\x8e'	-8.357230545997108
855	(-1, -1)	b'ber'	-8.72506498641063
856	(-1, -1)	b'\xe4\xb8\x87'	-8.026889734616153
857	(-1, -1)	b'\xe9\x98\x9f'	-8.205447170263975
858	(-1, -1)	b' en'	-8.628311671422727
859	(-1, -1)	b'\xd9\x86'	-8.549350407980924
860	(-1, -1)	b'\xe6\x89\x8b'	-7.879974973221562
861	(-1, -1)	b' ac'	-9.689384970391911
862	(-1, -1)	b'\xe6\x8a\xa5'	-8.257049074748075
863	(-1, -1)	b'\xe9\x87\x8c'	-7.858187015737878
864	(-1, -1)	b'\xe5\x9b\xa0'	-8.781279793832056
865	(-1, -1)	b'\xe6\x96\xaf'	-7.862054729477822
866	(-1, -1)	b'\xe5\x8c\xba'	-8.028410724566646
867	(-1, -1)	b'\xe6\x88\xbf'	-8.42647017004537
868	(-1, -1)	b'\xe5\x85\xa5'	-8.117138526330587
869	(-1, -1)	b'\xe7\x84\xb6'	-9.196846161969594
870	(-1, -1)	b'\xe8\x8a'	-10.049140214706677
871	(-1, -1)	b'act'	-8.774794491826608
872	(-1, -1)	b' pr'	-9.251386841041583
873	(-1, -1)	b'\xe7\x89\xb9'	-7.879756301259247
874	(-1, -1)	b' man'	-8.139339734192419
875	(-1, -1)	b'\xe4\xba\x8b'	-8.181072500339045
876	(-1, -1)	b'ions'	-9.098611158658786
877	(-1, -1)	b'ink'	-9.419557266731129
878	(-1, -1)	b' us'	-8.379729035644765
879	(-1, -1)	b'ew'	-9.047112233691026
880	(-1, -1)	b' what'	-7.449588412589018
881	(-1, -1)	b'10'	-7.446283262751069
882	(-1, -1)	b'der'	-9.021803559836869
883	(-1, -1)	b' per'	-8.421090693963972
884	(-1, -1)	b'\xe8\xb5\x9b'	-8.725329787251392
885	(-1, -1)	b'\xd9\x84'	-8.490081418581436
886	(-1, -1)	b'\xe7\xa5'	-10.389554990548318
887	(-1, -1)	b'\xe6\xb0\x91'	-8.734498342975062
888	(-1, -1)	b' im'	-9.256814028256995
889	(-1, -1)	b'\xe9\x80\x9a'	-8.578789283019162
890	(-1, -1)	b'are'	-8.992611699365996
891	(-1, -1)	b'\xe9\x82'	-9.57649901966513
892	(-1, -1)	b'iz'	-9.12041845708195
893	(-1, -1)	b'\xe5\xb7\xb2'	-8.23002108259779
894	(-1, -1)	b'\xe5\x85\xac\xe5\x8f\xb8'	-7.825607608137796
895	(-1, -1)	b' Y'	-8.69507126402938
896	(-1, -1)	b' than'	-7.666836340740261
897	(-1, -1)	b'\xe6\x8a\x95'	-8.739155648512385
898	(-1, -1)	b' there'	-7.594530474090576
899	(-1, -1)	b' exp'	-10.010178634519503
900	(-1, -1)	b'\xd1\x81'	-8.936012338876958
901	(-1, -1)	b'\xe6\x8f\x90'	-8.857584380367907
902	(-1, -1)	b'ire'	-8.92842088598107
903	(-1, -1)	b' were'	-7.437876696923066
904	(-1, -1)	b'\xe5\x95'	-10.2985972467409
905	(-1, -1)	b' when'	-7.4408721440595995
906	(-1, -1)	b'\xe5\xbd\xb1'	-9.016719637007999
907	(-1, -1)	b'\xe6\x88\x91\xe4\xbb\xac'	-7.592592559008524
908	(-1, -1)	b'\xe8\xae\xa1'	-9.542441597972005
909	(-1, -1)	b'\xe7\x88'	-10.052053433571674
910	(-1, -1)	b'ace'	-9.048828103087134
911	(-1, -1)	b' her'	-7.479362086774509
912	(-1, -1)	b'\xc2\xa0'	-9.043381252436172
913	(-1, -1)	b' people'	-7.456271750585749
914	(-1, -1)	b'\xe4\xbb\x8e'	-7.549705403015951
915	(-1, -1)	b'ated'	-8.338072229911695
916	(-1, -1)	b'\xe5\xb9\xb6'	-8.087712587741308
917	(-1, -1)	b'ile'	-8.612736947058547
918	(-1, -1)	b' play'	-8.475075264085914
919	(-1, -1)	b'\xe6\x8c\x81'	-9.146584967277805
920	(-1, -1)	b'ark'	-9.354807180097316
921	(-1, -1)	b' them'	-7.57752030077655
922	(-1, -1)	b'\xe6\xb2\xa1'	-8.67703158218068
923	(-1, -1)	b'og'	-8.626686015260379
924	(-1, -1)	b'\xe9\x81\x93'	-8.2946721667625
925	(-1, -1)	b'\xe1\x8b'	-9.27443809446639
926	(-1, -1)	b'\xe5\x8f\x8a'	-8.073620619271043
927	(-1, -1)	b'ose'	-9.025097280048927
928	(-1, -1)	b'ib'	-8.651087950963745
929	(-1, -1)	b' over'	-7.5931177242835375
930	(-1, -1)	b'\xe5\x8c\x96'	-8.03250861170666
931	(-1, -1)	b'ick'	-8.556328157303584
932	(-1, -1)	b'\xe5\x8f\xaa'	-8.411354945774391
933	(-1, -1)	b' gr'	-8.655922771018329
934	(-1, -1)	b'\xe6\x84\x8f'	-8.490806248882082
935	(-1, -1)	b'\xe7\xa4\xba'	-9.786593419598557
936	(-1, -1)	b' Ch'	-8.45289465844089
937	(-1, -1)	b'uch'	-9.586522363300102
938	(-1, -1)	b'port'	-8.922200413074119
939	(-1, -1)	b'\xe7\xb3'	-10.554596117341315
940	(-1, -1)	b'\xe7\x81'	-10.602156074059327
941	(-1, -1)	b'\xe4\xb8\xad\xe5\x9b\xbd'	-7.703427588261719
942	(-1, -1)	b'\xe4\xbd\xa0'	-7.84275446651487
943	(-1, -1)	b'\xe5\x91\x98'	-8.924858040409868
944	(-1, -1)	b'\xe8\xba'	-10.413841509578297
945	(-1, -1)	b'\xe8\xa2\xab'	-7.55111475784033
946	(-1, -1)	b'\xe9\x93'	-9.874927693335424
947	(-1, -1)	b'200'	-9.113757090837263
948	(-1, -1)	b'ance'	-8.406633473646679
949	(-1, -1)	b'\xe6\x94\xbf'	-9.417642064743951
950	(-1, -1)	b'\xe5\xa3'	-10.293599441247569
951	(-1, -1)	b'ty'	-8.701535436284548
952	(-1, -1)	b'\xe8\xa3'	-9.798140550121655
953	(-1, -1)	b' time'	-7.511797426926087
954	(-1, -1)	b'av'	-8.591663439282877
955	(-1, -1)	b'\xe5\xbb\xba'	-8.471338895095279
956	(-1, -1)	b'\xe4\xbf\x9d'	-8.505904918724195
957	(-1, -1)	b'\xe6\x8d\xae'	-8.566026648903177
958	(-1, -1)	b' cont'	-9.921463021663161
959	(-1, -1)	b'\xe4\xba\x9b'	-9.999340801431224
960	(-1, -1)	b'ach'	-8.429163224202647
961	(-1, -1)	b' no'	-7.440257683933666
962	(-1, -1)	b'ree'	-9.17879442954716
963	(-1, -1)	b' V'	-8.101929526126737
964	(-1, -1)	b' inc'	-10.359559630671622
965	(-1, -1)	b'\xe6\xa0\xbc'	-8.595824865529249
966	(-1, -1)	b' \xe0\xa8'	-9.743383932985518
967	(-1, -1)	b' after'	-7.619740718228961
968	(-1, -1)	b'\xd1\x83'	-8.306287658405818
969	(-1, -1)	b'\xe7\x9d\x80'	-7.943220817037773
970	(-1, -1)	b'ang'	-8.423031200759201
971	(-1, -1)	b'\xe4\xba\xa4'	-8.45941613308259
972	(-1, -1)	b'ass'	-8.611227265714675
973	(-1, -1)	b' pre'	-8.916881580570887
974	(-1, -1)	b'\xe8\xb5\xb7'	-8.233727416206401
975	(-1, -1)	b'\xe1\x8a'	-8.874136935158871
976	(-1, -1)	b'\xe5\xb1\x95'	-9.014459318239531
977	(-1, -1)	b'\xe8\xba\xab'	-8.260166013476576
978	(-1, -1)	b'orm'	-10.073000669617329
979	(-1, -1)	b'\xe5\xbc\x8f'	-8.846553964098185
980	(-1, -1)	b' also'	-7.584676372589922
981	(-1, -1)	b' res'	-9.005873249593401
982	(-1, -1)	b' she'	-7.680529725201028
983	(-1, -1)	b'ail'	-9.849778720749082
984	(-1, -1)	b' i'	-7.55748788729648
985	(-1, -1)	b'\xe8\x90'	-9.820484820381212
986	(-1, -1)	b'\xe8\x89\xb2'	-8.723681015822976
987	(-1, -1)	b' new'	-7.861590843825905
988	(-1, -1)	b' Th'	-9.001003656037662
989	(-1, -1)	b'\xe9\x87\x8f'	-8.2818163036623
990	(-1, -1)	b'\xe6\xa1'	-10.117815992085095
991	(-1, -1)	b' It'	-8.166101142105175
992	(-1, -1)	b' other'	-7.811507109621788
993	(-1, -1)	b'\xe5\x8c\x97'	-8.538374170011192
994	(-1, -1)	b'\xe6\x96\x87'	-8.008089905598574
995	(-1, -1)	b'\xe5\x95\x86'	-8.470975502904212
996	(-1, -1)	b'ug'	-8.561589284622904
997	(-1, -1)	b' did'	-8.13241350501084
998	(-1, -1)	b'\xe7\xa7\x8d'	-8.707921536336965
999	(-1, -1)	b'\xe8\x8e'	-10.455600995550565
1000	(-1, -1)	b' am'	-8.173453213980688
1001	(-1, -1)	b'ord'	-8.971700242366
1002	(-1, -1)	b'\xe5\xb8\x82\xe5\x9c\xba'	-7.899372133104297
1003	(-1, -1)	b' know'	-7.7337990414369715
1004	(-1, -1)	b'ase'	-9.199068457730416
1005	(-1, -1)	b' tw'	-10.055206190998813
1006	(-1, -1)	b'\xe8\xae\xa9'	-7.958972132413366
1007	(-1, -1)	b'\xe4\xbf\xa1'	-8.568810033902418
1008	(-1, -1)	b' which'	-7.620050965147528
1009	(-1, -1)	b' sc'	-8.946682208250191
1010	(-1, -1)	b'\xe5\x8e\xbb'	-8.144306810596195
1011	(-1, -1)	b'\xe8\xae\xb0'	-9.50212521967767
1012	(-1, -1)	b' te'	-9.304628931579467
1013	(-1, -1)	b'\xe6\xad\xa3'	-8.55610452639686
1014	(-1, -1)	b'\xe6\xb0\xb4'	-8.028167210659785
1015	(-1, -1)	b" don't"	-7.631045714237464
1016	(-1, -1)	b'\xe6\xb5\xb7'	-8.055013425474314
1017	(-1, -1)	b'\xe8\x80\x83'	-8.88180217197343
1018	(-1, -1)	b'ary'	-8.452693000188894
1019	(-1, -1)	b'\xe7\x83'	-9.737368792719511
1020	(-1, -1)	b'\xe7\xbd\x91'	-8.669508896565896
1021	(-1, -1)	b'\xe5\x8f\xaf\xe4\xbb\xa5'	-7.950722699620382
1022	(-1, -1)	b'\xe8\xa5\xbf'	-8.078324356872594
1023	(-1, -1)	b'\xe6\x9e\x9c'	-9.655714939362673
1024	(-1, -1)	b'ob'	-9.5638385219576
1025	(-1, -1)	b'\xe8\x87\xb3'	-8.316536009197439
1026	(-1, -1)	b'\xe5\xb8\xb8'	-8.7522331657811
1027	(-1, -1)	b'ove'	-9.748811661581763
1028	(-1, -1)	b'hing'	-10.984208301592735
1029	(-1, -1)	b'\xe7\x89\xa9'	-8.60486803021784
1030	(-1, -1)	b'ook'	-9.439329711344579
1031	(-1, -1)	b'\xe6\xbc'	-9.98394643099822
1032	(-1, -1)	b'\xe7\xb3\xbb'	-9.485083345539485
1033	(-1, -1)	b'ting'	-8.592822611585408
1034	(-1, -1)	b'\xe6\xa0\xb7'	-9.429229869706484
1035	(-1, -1)	b'able'	-7.994343441703189
1036	(-1, -1)	b'mer'	-9.117911470946751
1037	(-1, -1)	b'\xe5\xa5\xb3'	-8.468924025910844
1038	(-1, -1)	b'\xe7\x94\xb1'	-8.302342985612292
1039	(-1, -1)	b'\xe8\x82\xa1'	-8.477743584151971
1040	(-1, -1)	b'\xc9\x99'	-8.481951096933381
1041	(-1, -1)	b'\xe5\xa2\x9e'	-9.003771842494327
1042	(-1, -1)	b'\xe9\x85'	-9.880862046040923
1043	(-1, -1)	b'\xe5\xba\x94'	-8.887416205041545
1044	(-1, -1)	b'ign'	-9.457084264726186
1045	(-1, -1)	b'\xe6\x84\x9f'	-8.61556234836757
1046	(-1, -1)	b'ade'	-8.973030359273325
1047	(-1, -1)	b'\xe6\x97\xa0'	-8.049971860957655
1048	(-1, -1)	b" it's"	-7.67182508392022
1049	(-1, -1)	b'\xe5\x88\xb6'	-8.520155923929224
1050	(-1, -1)	b'aw'	-8.90825861377531
1051	(-1, -1)	b'\xe4\xbb\x8a'	-9.96751472082304
1052	(-1, -1)	b'\xe5\xb0\x94'	-8.012185066384566
1053	(-1, -1)	b'\xe8\xbf\x91'	-8.543541439727534
1054	(-1, -1)	b'ress'	-9.779787079880187
1055	(-1, -1)	b' its'	-7.694369628040718
1056	(-1, -1)	b'\xe8\x88'	-9.703913852735475
1057	(-1, -1)	b'\xe6\x88\x98'	-8.216335243824345
1058	(-1, -1)	b' think'	-7.695896645636365
1059	(-1, -1)	b' In'	-8.395951736392831
1060	(-1, -1)	b' him'	-7.8091898194867
1061	(-1, -1)	b'\xc4\xb1'	-8.497467012332468
1062	(-1, -1)	b'\xef\xbc\x9b'	-7.706857543847427
1063	(-1, -1)	b'pt'	-9.155440653464671
1064	(-1, -1)	b'\xe5\x8a\xa1'	-9.3724719405728
1065	(-1, -1)	b' \xd8\xa7'	-9.518606532467038
1066	(-1, -1)	b'\xe6\xb4\xbb'	-9.35848407726521
1067	(-1, -1)	b'reat'	-10.913994127317784
1068	(-1, -1)	b' dis'	-8.722928776860154
1069	(-1, -1)	b'\xe6\xb7'	-9.693989818965829
1070	(-1, -1)	b'\xe8\x8b\xb1'	-9.150722410768475
1071	(-1, -1)	b'\xe1\xbb\x8d'	-8.657425372322432
1072	(-1, -1)	b'\xe5\x8f\x97'	-8.554952759510899
1073	(-1, -1)	b' app'	-9.106781745597221
1074	(-1, -1)	b'\xe9\x92'	-9.643700624288654
1075	(-1, -1)	b'\xe5\xbc\xba'	-8.490194135460907
1076	(-1, -1)	b'\xe6\xb8\xb8'	-9.251386841041583
1077	(-1, -1)	b'\xe8\xae\xbe'	-9.6834195732076
1078	(-1, -1)	b'\xe6\x94\xb6'	-8.406840868764748
1079	(-1, -1)	b'\xe5\x9e'	-10.425149834075238
1080	(-1, -1)	b' 4'	-8.297589979413637
1081	(-1, -1)	b'\xd0\xb4'	-8.904133185312666
1082	(-1, -1)	b'\xe5\x91\xa8'	-8.185230411976805
1083	(-1, -1)	b' 5'	-8.343022082995724
1084	(-1, -1)	b' rec'	-9.541934393350179
1085	(-1, -1)	b'ov'	-9.007573769606406
1086	(-1, -1)	b'\xe9\x97\xae'	-8.943839278119357
1087	(-1, -1)	b'\xe6\x89\x93'	-8.088574368880701
1088	(-1, -1)	b'\xe5\x85\xb7'	-9.45066803334327
1089	(-1, -1)	b' first'	-7.73819242208431
1090	(-1, -1)	b' \xe0\xaa'	-9.49006043505393
1091	(-1, -1)	b'ian'	-8.432714601436512
1092	(-1, -1)	b'\xd0\xba'	-8.590754874663302
1093	(-1, -1)	b'\xe8\xaf\xa5'	-8.168596421028681
1094	(-1, -1)	b'\xe4\xba\x8c'	-8.327341922807028
1095	(-1, -1)	b'ident'	-9.57454445083559
1096	(-1, -1)	b'\xe9\x80\x89'	-8.365057515972119
1097	(-1, -1)	b'\xe9\xa9'	-9.847648661053853
1098	(-1, -1)	b' how'	-7.857451186827671
1099	(-1, -1)	b'ning'	-9.189268766732464
1100	(-1, -1)	b'\xe0\xa7'	-10.554596117341315
1101	(-1, -1)	b' part'	-8.449271017211174
1102	(-1, -1)	b'ens'	-9.06429050065956
1103	(-1, -1)	b'\xda\xa9'	-8.87052643957276
1104	(-1, -1)	b' could'	-7.8710570732123255
1105	(-1, -1)	b'\xe5\x9b\x9e'	-8.48839218822729
1106	(-1, -1)	b' act'	-9.75592346011107
1107	(-1, -1)	b'ence'	-8.576276343580055
1108	(-1, -1)	b'\xe8\xbe\xbe'	-8.434114330847878
1109	(-1, -1)	b'ations'	-8.702550493045699
1110	(-1, -1)	b'\xd9\x87'	-8.532930902078062
1111	(-1, -1)	b'20'	-7.816609349537419
1112	(-1, -1)	b'\xe7\xbc'	-9.71202296136373
1113	(-1, -1)	b'\xef\xbc\x89'	-7.782181902712889
1114	(-1, -1)	b'\xe4\xb9\x88'	-10.81375486507313
1115	(-1, -1)	b'\xe6\x80\xbb'	-8.304855079720449
1116	(-1, -1)	b'\xef\xbc\x88'	-7.792291696691341
1117	(-1, -1)	b' too'	-8.039235759237704
1118	(-1, -1)	b'Th'	-9.844836422847587
1119	(-1, -1)	b'\xe5\xae\x89'	-8.435165415160865
1120	(-1, -1)	b' gu'	-9.420291720819963
1121	(-1, -1)	b'oy'	-9.846210306783172
1122	(-1, -1)	b'\xe7\xba\xa7'	-8.275352392918771
1123	(-1, -1)	b'ors'	-8.893399282900424
1124	(-1, -1)	b' into'	-7.802739546911396
1125	(-1, -1)	b'\xe5\xbe\xb7'	-8.122174584177433
1126	(-1, -1)	b' see'	-7.882497528645218
1127	(-1, -1)	b'\xef\xbc\x9f'	-7.81199736579045
1128	(-1, -1)	b'\xe8\xb0\x83'	-8.753950695474618
1129	(-1, -1)	b' now'	-7.828993587787124
1130	(-1, -1)	b'fe'	-9.372666519601685
1131	(-1, -1)	b'\xe9\x97\xa8'	-8.322782125694392
1132	(-1, -1)	b'\xe7\x8e\x87'	-8.483885472661447
1133	(-1, -1)	b' back'	-7.862303942096145
1134	(-1, -1)	b'pl'	-9.171002099376079
1135	(-1, -1)	b'It'	-8.424070694062202
1136	(-1, -1)	b'\xe7\xa7\x91'	-8.522415136159626
1137	(-1, -1)	b'\xe5\xb8\x83'	-8.750581257870456
1138	(-1, -1)	b" I'm"	-7.825624178146081
1139	(-1, -1)	b'\xe8\x81\x94'	-8.984236796180594
1140	(-1, -1)	b' bet'	-10.280006998969668
1141	(-1, -1)	b'we'	-8.431574965540761
1142	(-1, -1)	b' ro'	-9.535455633353026
1143	(-1, -1)	b' say'	-8.153084870451991
1144	(-1, -1)	b' only'	-7.835047137499867
1145	(-1, -1)	b'\xe6\xb2\xa1\xe6\x9c\x89'	-8.121584064781766
1146	(-1, -1)	b' good'	-7.838012212123823
1147	(-1, -1)	b'\xd9\x8a'	-8.332431341377314
1148	(-1, -1)	b'\xe6\x8e\xa5'	-8.78795923891782
1149	(-1, -1)	b'\xe5\xb7\xb1'	-11.841435692217408
1150	(-1, -1)	b'ne'	-8.405730325150621
1151	(-1, -1)	b'\xe6\xb3\xa8'	-9.048096388873304
1152	(-1, -1)	b'\xe7\xae\xa1'	-9.276769180182733
1153	(-1, -1)	b'\xe9\xbb'	-9.980152446705663
1154	(-1, -1)	b'\xe5\x81\x9a'	-8.284421477515664
1155	(-1, -1)	b'\xe4\xbb\xa3'	-8.675499252643426
1156	(-1, -1)	b'\xe5\x96'	-9.954059717558494
1157	(-1, -1)	b'\xe9\xa2\x98'	-9.329664292789813
1158	(-1, -1)	b'19'	-7.909357784512016
1159	(-1, -1)	b'\xe4\xb8\x9c'	-8.618963401217155
1160	(-1, -1)	b'\xe7\x89\x87'	-8.511580973203346
1161	(-1, -1)	b' \xe0\xa6'	-9.340082615175469
1162	(-1, -1)	b'ish'	-8.49587862987916
1163	(-1, -1)	b'\xe8\x87\xaa\xe5\xb7\xb1'	-8.32876599534675
1164	(-1, -1)	b'\xe8\xae\xa4'	-9.606137993091286
1165	(-1, -1)	b'\xe5\x9e\x8b'	-8.639578872518802
1166	(-1, -1)	b' two'	-7.8633874496706095
1167	(-1, -1)	b'\xe5\xa5\x96'	-8.774195330634328
1168	(-1, -1)	b'\xd8\xaa'	-8.40423673915815
1169	(-1, -1)	b' fe'	-9.67385366245934
1170	(-1, -1)	b'\xe6\x8c\x87'	-8.86166188173591
1171	(-1, -1)	b'\xe6\x88\x96'	-8.304012557721578
1172	(-1, -1)	b'\xe5\x8d\x8e'	-8.167511259052214
1173	(-1, -1)	b'\xe4\xbd\xbf'	-8.724555951021678
1174	(-1, -1)	b'\xe6\x83\xb3'	-8.376547460169922
1175	(-1, -1)	b' acc'	-9.614975592885772
1176	(-1, -1)	b' ser'	-10.19182305351949
1177	(-1, -1)	b'\xe9\x82\xa3'	-8.511663233722457
1178	(-1, -1)	b'old'	-9.52388954658325
1179	(-1, -1)	b'\xe5\x85\x8b'	-7.987920410192042
1180	(-1, -1)	b'ings'	-9.387013518072447
1181	(-1, -1)	b'ng'	-8.668045754014285
1182	(-1, -1)	b'\xe7\xb2'	-9.96850293294553
1183	(-1, -1)	b'\xe5\x90\x91'	-7.9903303202794245
1184	(-1, -1)	b'ict'	-9.585992306668006
1185	(-1, -1)	b' need'	-8.25312839964764
1186	(-1, -1)	b'vel'	-9.594021370357332
1187	(-1, -1)	b'\xe5\x8d\x95'	-8.446831690367079
1188	(-1, -1)	b'\xe4\xbb\xbb'	-8.888422892406348
1189	(-1, -1)	b' want'	-8.10873506913597
1190	(-1, -1)	b'ious'	-9.28240739302328
1191	(-1, -1)	b'ull'	-9.55918461768282
1192	(-1, -1)	b'\xe8\xb4\xb9'	-8.92784698355368
1193	(-1, -1)	b' br'	-8.851580027152401
1194	(-1, -1)	b' work'	-8.115886233529412
1195	(-1, -1)	b'\xe8\x99'	-9.89493485630739
1196	(-1, -1)	b'te'	-8.360874566356934
1197	(-1, -1)	b'\xe4\xb8\x93'	-8.996157660556692
1198	(-1, -1)	b'\xe5\x9f\x8e'	-8.270906702639971
1199	(-1, -1)	b'\xe5\x8f\xb7'	-8.180351660352029
1200	(-1, -1)	b'\xe5\x8f\x96'	-8.560534842471982
1201	(-1, -1)	b' bl'	-9.093946805867372
1202	(-1, -1)	b'000'	-8.193622403055901
1203	(-1, -1)	b'\xe9\x99\xa2'	-8.84267492096026
1204	(-1, -1)	b'\xe9\x9d\x9e'	-8.869396416145781
1205	(-1, -1)	b'\xe5\xa4\xb4'	-8.248653722235824
1206	(-1, -1)	b'\xd9\x85'	-8.576522086954997
1207	(-1, -1)	b' He'	-8.026899866893027
1208	(-1, -1)	b'\xe8\x8d'	-9.880085999956576
1209	(-1, -1)	b'\xe9\xa6\x96'	-8.265258281556205
1210	(-1, -1)	b'\xe5\x90\x84'	-8.684767773148495
1211	(-1, -1)	b'\xe5\x8f\xb0'	-8.577822020384723
1212	(-1, -1)	b'per'	-8.754474919896609
1213	(-1, -1)	b'\xe5\xae\xa2'	-8.773874499036081
1214	(-1, -1)	b'ason'	-9.880021356626129
1215	(-1, -1)	b'\xe7\xa6'	-10.641376787212607
1216	(-1, -1)	b'\xe8\xa7\xa3'	-8.908185232744273
1217	(-1, -1)	b' really'	-7.915511594477233
1218	(-1, -1)	b'\xe5\x8f\x98'	-8.795448116847927
1219	(-1, -1)	b'\xe4\xba\xac'	-9.585655144128387
1220	(-1, -1)	b'\xe0\xaf\x8d'	-9.666516872395487
1221	(-1, -1)	b'\xd0\xbc'	-9.09141709514074
1222	(-1, -1)	b'\xe9\xa3\x8e'	-8.475963913239083
1223	(-1, -1)	b'\xe5\x88\xab'	-9.036628052499951
1224	(-1, -1)	b'\xe5\xb0\x91'	-8.79518593065053
1225	(-1, -1)	b'ult'	-8.817676164142283
1226	(-1, -1)	b'\xe5\x8e\x9f'	-8.58764351213341
1227	(-1, -1)	b'\xef\xbc\x81'	-7.932846885729432
1228	(-1, -1)	b' every'	-8.604669389999765
1229	(-1, -1)	b'\xe8\xaf\x81'	-8.981179979211937
1230	(-1, -1)	b' though'	-8.471275686966692
1231	(-1, -1)	b'\xe7\xbb\x99'	-8.077524651121676
1232	(-1, -1)	b' again'	-8.830131361127572
1233	(-1, -1)	b'\xe5\x8d\x97'	-8.274119099024336
1234	(-1, -1)	b'\xe7\xbb\x93'	-9.24024495097955
1235	(-1, -1)	b'\xe8\xa7\x84'	-9.449910935515307
1236	(-1, -1)	b'12'	-8.034140232879958
1237	(-1, -1)	b'ical'	-8.989104788226712
1238	(-1, -1)	b'\xe7\xba\xbf'	-8.078740456742565
1239	(-1, -1)	b'\xe4\xb8\x96'	-9.100921860006864
1240	(-1, -1)	b'\xe8\xbe\x83'	-8.929969569909527
1241	(-1, -1)	b'\xe6\x88\x8f'	-9.468926788645684
1242	(-1, -1)	b'iss'	-9.361135222844304
1243	(-1, -1)	b'\xe5\x85\x89'	-8.318229466761068
1244	(-1, -1)	b' our'	-7.988407777637747
1245	(-1, -1)	b'vers'	-10.835532801653565
1246	(-1, -1)	b'\xe5\x8a\xbf'	-9.082642286724901
1247	(-1, -1)	b' make'	-7.930157449350179
1248	(-1, -1)	b'\xe7\xab\x8b'	-8.619531369646051
1249	(-1, -1)	b'\xe5\x83'	-10.552567719079923
1250	(-1, -1)	b' because'	-7.969928355682983
1251	(-1, -1)	b'\xe5\xa4\x84'	-8.425579126483859
1252	(-1, -1)	b'\xe5\x85\x88'	-8.854218428979172
1253	(-1, -1)	b'\xe6\x8a\x95\xe8\xb5\x84'	-8.409823221690814
1254	(-1, -1)	b'\xe5\x80\xbc'	-8.8820404260487
1255	(-1, -1)	b'ition'	-9.10454677483899
1256	(-1, -1)	b'amp'	-9.088512887868962
1257	(-1, -1)	b'\xd8\xaf'	-8.5064285217796
1258	(-1, -1)	b'\xe6\x98\x9f'	-8.335282288458624
1259	(-1, -1)	b'\xe6\xaf\x8f'	-8.654346517048069
1260	(-1, -1)	b' does'	-8.624436627362067
1261	(-1, -1)	b'\xe7\xbb\x84'	-8.964325501074041
1262	(-1, -1)	b' last'	-7.978618378454757
1263	(-1, -1)	b'\xe6\x98\xbe'	-9.652208696727605
1264	(-1, -1)	b'\xe6\x8e\xa8'	-9.334522662462705
1265	(-1, -1)	b'\xe8\xae\xb0\xe8\x80\x85'	-8.233702495640703
1266	(-1, -1)	b'ank'	-9.069249164817718
1267	(-1, -1)	b'\xe4\xbd\x8e'	-8.406529792215188
1268	(-1, -1)	b'ory'	-9.294607683884905
1269	(-1, -1)	b' much'	-7.998362885867365
1270	(-1, -1)	b'\xe5\x9b\xbe'	-8.447633850070716
1271	(-1, -1)	b' cr'	-8.662271877639753
1272	(-1, -1)	b'anc'	-9.664795297512189
1273	(-1, -1)	b' ke'	-9.590579359929636
1274	(-1, -1)	b'\xe7\xbb\xad'	-9.999486478465498
1275	(-1, -1)	b'\xe9\x9c\x80'	-9.491724984914807
1276	(-1, -1)	b'\xe4\xbb\x96\xe4\xbb\xac'	-8.145583818922065
1277	(-1, -1)	b'\xe8\xb7\xaf'	-8.186132981987248
1278	(-1, -1)	b'\xd0\xb2'	-8.737772679450044
1279	(-1, -1)	b' even'	-8.11486782459452
1280	(-1, -1)	b'\xe5\xaf\xbc'	-9.269616603136237
1281	(-1, -1)	b'\xe8\x83\x9c'	-8.452755044550631
1282	(-1, -1)	b'ek'	-9.034100378696056
1283	(-1, -1)	b' then'	-8.012115178554504
1284	(-1, -1)	b'11'	-8.137572548993743
1285	(-1, -1)	b'\xe6\xb6\x88'	-9.500974114932864
1286	(-1, -1)	b' \xe1\x8a'	-10.333078252221355
1287	(-1, -1)	b'\xe5\xbd\xa9'	-9.111566443720557
1288	(-1, -1)	b'\xe5\x8b'	-9.827574881253586
1289	(-1, -1)	b' add'	-9.279637504888699
1290	(-1, -1)	b'\xe6\x95\xb4'	-9.50252398793214
1291	(-1, -1)	b'\xe5\xa3\xab'	-8.884641083643318
1292	(-1, -1)	b'\xe1\xba'	-9.572974031496495
1293	(-1, -1)	b'\xe5\x8d\x81'	-8.608794748676631
1294	(-1, -1)	b'\xe9\xaa'	-9.855943813250432
1295	(-1, -1)	b'\xe6\xbc\x94'	-9.00962904644001
1296	(-1, -1)	b'\xe7\xa8\x8b'	-9.338426424786734
1297	(-1, -1)	b'\xe2\x80\x94'	-9.32160677003634
1298	(-1, -1)	b'\xe6\x81\xaf'	-9.555533099183299
1299	(-1, -1)	b'eg'	-8.459509828914756
1300	(-1, -1)	b'\xe5\x86\x8d'	-8.445075357876403
1301	(-1, -1)	b'ents'	-10.195361001664155
1302	(-1, -1)	b' sec'	-10.19775621239011
1303	(-1, -1)	b'\xe6\x97\xb6\xe9\x97\xb4'	-8.453298096984053
1304	(-1, -1)	b' game'	-8.009901265907523
1305	(-1, -1)	b'\xe6\xb5\x8e'	-10.684363753351377
1306	(-1, -1)	b'\xe5\xa5\xb9'	-8.239575970742983
1307	(-1, -1)	b'\xe3\x82'	-8.835007151762415
1308	(-1, -1)	b'\xe7\x9b\x98'	-8.634264125139245
1309	(-1, -1)	b'\xe9\x93\xb6'	-9.225624411676089
1310	(-1, -1)	b'form'	-9.544103341338149
1311	(-1, -1)	b'\xe0\xa5\x87'	-8.628995975909431
1312	(-1, -1)	b' should'	-8.119203243720579
1313	(-1, -1)	b'\xe6\x94\xbe'	-8.569751177635725
1314	(-1, -1)	b'ik'	-8.841186978738365
1315	(-1, -1)	b'uck'	-9.241746145393169
1316	(-1, -1)	b'\xe7\x9b\xb4'	-9.166336683166652
1317	(-1, -1)	b'\xe7\x96'	-9.864053849465003
1318	(-1, -1)	b'\xe6\xb1\x82'	-9.406710339216453
1319	(-1, -1)	b'\xe5\x83\x8f'	-8.728145081452453
1320	(-1, -1)	b' thr'	-10.118308077717924
1321	(-1, -1)	b'\xe6\xac\xa7'	-9.144631084478398
1322	(-1, -1)	b'30'	-8.068864934477713
1323	(-1, -1)	b'\xe5\xb2'	-10.226681056286523
1324	(-1, -1)	b'\xe5\xad\xa3'	-9.23589061017662
1325	(-1, -1)	b' bu'	-9.34242100350811
1326	(-1, -1)	b' inv'	-10.223212950227575
1327	(-1, -1)	b'\xe8\x80\x81'	-8.43679754560547
1328	(-1, -1)	b' att'	-10.426042193309021
1329	(-1, -1)	b'ater'	-10.391278014881552
1330	(-1, -1)	b'\xe9\x80\xa0'	-9.28343918291433
1331	(-1, -1)	b'ates'	-9.409775352101486
1332	(-1, -1)	b'\xe8\x84'	-9.92395905965755
1333	(-1, -1)	b' pol'	-9.590869776194989
1334	(-1, -1)	b'\xe6\xbb'	-9.230541736595793
1335	(-1, -1)	b'\xe8\xa3\x85'	-8.737875820082389
1336	(-1, -1)	b'\xe6\xb5\x81'	-8.570065089150134
1337	(-1, -1)	b'any'	-10.549532815384769
1338	(-1, -1)	b'\xe6\x95\x99'	-9.204119636142732
1339	(-1, -1)	b'lic'	-9.35121993766098
1340	(-1, -1)	b'\xe7\xbb\x9f'	-10.528542539492934
1341	(-1, -1)	b'ock'	-9.171511215751986
1342	(-1, -1)	b'\xe5\x8f\xa3'	-8.555502691642513
1343	(-1, -1)	b'\xe8\xb6\x85'	-8.563372263708159
1344	(-1, -1)	b' show'	-8.703068369762782
1345	(-1, -1)	b'other'	-9.722459749315782
1346	(-1, -1)	b'\xe7\xba\xa6'	-8.354344541107974
1347	(-1, -1)	b' dec'	-9.55250031953458
1348	(-1, -1)	b'\xe8\xb4\xa8'	-8.896488908568958
1349	(-1, -1)	b'\xe6\xac\xbe'	-8.780353817992003
1350	(-1, -1)	b'\xe7\xa7\xb0'	-8.308930589437054
1351	(-1, -1)	b'\xe8\xa1\xa8\xe7\xa4\xba'	-8.084240679274293
1352	(-1, -1)	b'ft'	-9.206885616371073
1353	(-1, -1)	b'az'	-8.948335837069418
1354	(-1, -1)	b'\xe6\xa8'	-10.052514192295844
1355	(-1, -1)	b' \xe0\xb0'	-9.493172766333378
1356	(-1, -1)	b'\xe8\xa7\x82'	-8.880873523090719
1357	(-1, -1)	b'\xe6\x98\x93'	-9.550592055242769
1358	(-1, -1)	b' 6'	-8.65752054968552
1359	(-1, -1)	b'\xe4\xba\x9a'	-8.773938657121626
1360	(-1, -1)	b'\xe5\xb7\xb2\xe7\xbb\x8f'	-8.0897281633206
1361	(-1, -1)	b'\xe5\x8f\xaf\xe8\x83\xbd'	-8.502801659447442
1362	(-1, -1)	b' years'	-8.091845114838083
1363	(-1, -1)	b'\xe9\xa1\xb9'	-9.016665111380942
1364	(-1, -1)	b'be'	-8.288993634784907
1365	(-1, -1)	b'\xe4\xba\xbf'	-8.946402633709985
1366	(-1, -1)	b'\xe9\xa9\xac'	-8.346823865915827
1367	(-1, -1)	b'\xe5\x9b\x9b'	-8.427407377236744
1368	(-1, -1)	b' way'	-8.097048491420823
1369	(-1, -1)	b'\xe6\x8b\x89'	-8.191840372385476
1370	(-1, -1)	b'\xd0\xb3'	-9.088483595427874
1371	(-1, -1)	b'\xe7\x8e\x8b'	-8.102934836874255
1372	(-1, -1)	b'50'	-8.269265631569953
1373	(-1, -1)	b' down'	-8.178109745054133
1374	(-1, -1)	b' going'	-8.104893722796422
1375	(-1, -1)	b'\xe5\xbc\xa0'	-8.352125875328596
1376	(-1, -1)	b'\xe7\xbb\x8f\xe6\xb5\x8e'	-8.297019009878603
1377	(-1, -1)	b'ont'	-9.643241405462817
1378	(-1, -1)	b'\xe7\x9b\xae\xe5\x89\x8d'	-8.190467147659415
1379	(-1, -1)	b' got'	-8.173840431126338
1380	(-1, -1)	b' still'	-8.112171839314264
1381	(-1, -1)	b'\xe7\x95\x8c'	-9.225624411676089
1382	(-1, -1)	b' Tr'	-8.917350479038284
1383	(-1, -1)	b'\xe4\xbb\xb6'	-9.303938336368013
1384	(-1, -1)	b' under'	-8.474266645115414
1385	(-1, -1)	b'\xe5\x8d\x87'	-9.242873521970905
1386	(-1, -1)	b' \xe0\xb6'	-9.737424841818537
1387	(-1, -1)	b'\xe5\xb9\xbf'	-9.502745594581246
1388	(-1, -1)	b'\xe5\xae\x8c'	-9.635568018725168
1389	(-1, -1)	b'\xe8\xbd\xa6'	-8.26767881087666
1390	(-1, -1)	b'\xe7\xb1\xb3'	-8.77139687116406
1391	(-1, -1)	b'\xe4\xba\xa7\xe5\x93\x81'	-8.37088602654054
1392	(-1, -1)	b'\xe8\x8a\x82'	-8.692505135499225
1393	(-1, -1)	b'\xe6\x94\xaf'	-9.06606476852428
1394	(-1, -1)	b'\xe6\x82'	-9.628606380358612
1395	(-1, -1)	b' comm'	-9.644313244279225
1396	(-1, -1)	b'\xe4\xbc\x81'	-10.1522662064799
1397	(-1, -1)	b' right'	-8.130152829107233
1398	(-1, -1)	b'ily'	-10.377576237688247
1399	(-1, -1)	b' well'	-8.131861923703342
1400	(-1, -1)	b'\xe5\x85\xb1'	-8.837852881107693
1401	(-1, -1)	b' being'	-8.127874834327711
1402	(-1, -1)	b'\xe9\xa2\x84'	-9.188297295524945
1403	(-1, -1)	b'\xe7\x9f\xa5'	-9.306667148845596
1404	(-1, -1)	b'urn'	-9.775178104654994
1405	(-1, -1)	b'\xe5\x8f\x8b'	-9.281163545465219
1406	(-1, -1)	b' before'	-8.141723579667627
1407	(-1, -1)	b' \xec'	-8.970267782588039
1408	(-1, -1)	b' most'	-8.250210615599348
1409	(-1, -1)	b'\xe7\xbe\x8e\xe5\x9b\xbd'	-8.223907126498977
1410	(-1, -1)	b'\xe5\xb8\xa6'	-8.673756417190656
1411	(-1, -1)	b'\xe6\x9c\xaa'	-8.943053821690807
1412	(-1, -1)	b'atch'	-9.219027485281996
1413	(-1, -1)	b'wn'	-10.314540546275678
1414	(-1, -1)	b'\xe7\x8b'	-9.811571619035032
1415	(-1, -1)	b'ually'	-10.56569812634968
1416	(-1, -1)	b'\xe4\xbc\xa0'	-8.708802823072554
1417	(-1, -1)	b'ise'	-8.682325483216916
1418	(-1, -1)	b' team'	-8.358867299946434
1419	(-1, -1)	b'ons'	-9.30096333145275
1420	(-1, -1)	b'\xe7\x83\xad'	-8.465383307931683
1421	(-1, -1)	b'li'	-8.14591473882535
1422	(-1, -1)	b'\xe6\xa5'	-10.188385563906598
1423	(-1, -1)	b'\xe8\xb1'	-10.653631501222174
1424	(-1, -1)	b'man'	-8.007851289570398
1425	(-1, -1)	b'\xe6\xa0\xa1'	-9.146274572142309
1426	(-1, -1)	b'uct'	-9.921597783471869
1427	(-1, -1)	b'oot'	-10.148623523812466
1428	(-1, -1)	b'\xe6\xae'	-9.933801324752599
1429	(-1, -1)	b'\xe5\x8f\x91\xe5\xb1\x95'	-8.490580689816873
1430	(-1, -1)	b' fl'	-8.88077832579425
1431	(-1, -1)	b' \xda\xa9'	-9.9064834718076
1432	(-1, -1)	b'\xe7\x8e\xa9'	-9.466957525626476
1433	(-1, -1)	b'aking'	-10.075905708365887
1434	(-1, -1)	b' 7'	-8.822154752813619
1435	(-1, -1)	b'ble'	-10.41494453197118
1436	(-1, -1)	b'\xe5\xa4\x87'	-9.729497154028044
1437	(-1, -1)	b'\xe6\x88\xb7'	-9.313943897290772
1438	(-1, -1)	b'\xe6\x8a\x80'	-10.247559412822232
1439	(-1, -1)	b'\xe8\xbf\x9b\xe8\xa1\x8c'	-8.332403835601099
1440	(-1, -1)	b'\xe7\xa5\xa8'	-9.396494518143605
1441	(-1, -1)	b'\xe8\xbf\x99\xe4\xb8\xaa'	-8.269110708901874
1442	(-1, -1)	b'sel'	-10.50158475652826
1443	(-1, -1)	b'\xe5\x8d\xa1'	-8.353796438022767
1444	(-1, -1)	b'\xe8\x8e\xb7'	-9.018411407767317
1445	(-1, -1)	b'\xe9\x9f'	-10.357890355375293
1446	(-1, -1)	b'\xe9\x85\x8d'	-9.39805019368023
1447	(-1, -1)	b'\xe5\x87\x86'	-9.473092119413074
1448	(-1, -1)	b' na'	-7.97947802025924
1449	(-1, -1)	b'\xc2\xa0\xc2\xa0'	-9.39013747023439
1450	(-1, -1)	b' call'	-9.174156424847574
1451	(-1, -1)	b'He'	-8.438462926697937
1452	(-1, -1)	b'\xe5\x91\x8a'	-9.735800692039767
1453	(-1, -1)	b'\xe6\xa3'	-9.895656854304033
1454	(-1, -1)	b'\xe9\x99\x85'	-10.52693651036275
1455	(-1, -1)	b'\xe5\xb1\xb1'	-8.360209743253183
1456	(-1, -1)	b'\xe4\xbb\x85'	-9.148076206525202
1457	(-1, -1)	b'\xe9\xa2\x86'	-8.9963446388544
1458	(-1, -1)	b'\xe5\xbf\xab'	-8.796563175722687
1459	(-1, -1)	b'ince'	-10.913994127317784
1460	(-1, -1)	b'\xe4\xbc\x98'	-9.354577822298145
1461	(-1, -1)	b' ph'	-9.329291547892103
1462	(-1, -1)	b'\xe6\xb8\xb8\xe6\x88\x8f'	-8.499951889164272
1463	(-1, -1)	b'ating'	-8.659311572190045
1464	(-1, -1)	b'\xe7\x88\xb1'	-8.575890297390098
1465	(-1, -1)	b'\xe5\xbd\xa2'	-9.121992307285755
1466	(-1, -1)	b'\xe5\x8f\x8d'	-8.989423090616668
1467	(-1, -1)	b'\xe5\x8f\x88'	-8.210778961632208
1468	(-1, -1)	b'\xe9\x94\x80'	-9.833789329802805
1469	(-1, -1)	b'uring'	-9.720143273733562
1470	(-1, -1)	b'\xe6\x9c\x8d'	-9.115019641356685
1471	(-1, -1)	b'ving'	-9.345711537689928
1472	(-1, -1)	b'\xe5\x87\xa0'	-8.900243075860377
1473	(-1, -1)	b'oss'	-9.322605789600308
1474	(-1, -1)	b'\xe6\x9c\xaf'	-9.91722729408107
1475	(-1, -1)	b'\xe4\xbb\xbd'	-9.727053387191203
1476	(-1, -1)	b'air'	-8.912523953379178
1477	(-1, -1)	b' des'	-9.294463705769331
1478	(-1, -1)	b'\xe6\xb0\x94'	-8.400799625307426
1479	(-1, -1)	b'\xe8\xbf\x90'	-9.185808163980676
1480	(-1, -1)	b'\xe5\x8c\x97\xe4\xba\xac'	-8.697168530438578
1481	(-1, -1)	b' co'	-8.826360455820286
1482	(-1, -1)	b'\xe7\x85'	-10.705684654445339
1483	(-1, -1)	b' where'	-8.225858539422006
1484	(-1, -1)	b'\xe5\x8d\x8a'	-8.557791593195116
1485	(-1, -1)	b' ass'	-9.449700732247974
1486	(-1, -1)	b' mon'	-9.993675886870031
1487	(-1, -1)	b'als'	-9.599328747392585
1488	(-1, -1)	b' \xe0\xae'	-10.465999702771464
1489	(-1, -1)	b'\xe6\x95\x88'	-9.495282379035082
1490	(-1, -1)	b'\xe7\x9a\x84\xe4\xb8\x80'	-9.200246969668303
1491	(-1, -1)	b'\xe6\x89\x8d'	-8.843431185964048
1492	(-1, -1)	b'ss'	-10.458132933834944
1493	(-1, -1)	b' em'	-8.884330558016487
1494	(-1, -1)	b' da'	-8.05278576619677
1495	(-1, -1)	b'  '	-9.23786132196933
1496	(-1, -1)	b'\xe5\xb7\xa5\xe4\xbd\x9c'	-8.579387695483998
1497	(-1, -1)	b' 10'	-8.212582894205795
1498	(-1, -1)	b'\xe6\xba'	-9.743102044329671
1499	(-1, -1)	b'\xe5\xa7\x8b'	-10.22448927458718
1500	(-1, -1)	b'\xe3\x83'	-8.750059070100761
1501	(-1, -1)	b'\xe6\x90'	-10.469606664620276
1502	(-1, -1)	b'\xe9\x9b\x86'	-9.051082895474224
1503	(-1, -1)	b'\xe8\xb5\xb0'	-8.433870758863542
1504	(-1, -1)	b' help'	-8.610900165455531
1505	(-1, -1)	b'In'	-8.286849475479872
1506	(-1, -1)	b'\xd8\xb3'	-8.680551240460176
1507	(-1, -1)	b'\xe5\x8c\x85'	-9.048405894932245
1508	(-1, -1)	b'pe'	-9.11321648534596
1509	(-1, -1)	b'\xe5\xa4\xaa'	-8.827555670593801
1510	(-1, -1)	b'\xe5\x8a\x9f'	-9.74671623394261
1511	(-1, -1)	b'\xe5\xa8'	-9.782070252724601
1512	(-1, -1)	b'\xe7\xa9\xba'	-8.847911737558645
1513	(-1, -1)	b'\xe8\xa7\x86'	-9.145747121423453
1514	(-1, -1)	b'\xe8\xaf\x9d'	-9.101901074043358
1515	(-1, -1)	b'\xe5\x8f\x8c'	-8.733532506783876
1516	(-1, -1)	b'\xe5\xb0\xbc'	-8.85347712192829
1517	(-1, -1)	b'les'	-8.834711660278376
1518	(-1, -1)	b'\xe6\x9c\x9b'	-9.257646263550193
1519	(-1, -1)	b'\xe5\x94\xae'	-9.15813784813729
1520	(-1, -1)	b'\xe6\x8b\x8d'	-8.98984765146792
1521	(-1, -1)	b' start'	-8.843591679366968
1522	(-1, -1)	b'ues'	-10.62626660961616
1523	(-1, -1)	b'\xe7\xb1\xbb'	-8.712416196471068
1524	(-1, -1)	b'\xe5\x9d\x87'	-8.908136315048287
1525	(-1, -1)	b'\xe5\x8f\x82'	-9.70402226557166
1526	(-1, -1)	b'io'	-8.69420199080555
1527	(-1, -1)	b' ind'	-9.739220073717235
1528	(-1, -1)	b'\xe5\xb1\x85'	-8.944853682750876
1529	(-1, -1)	b'\xe4\xbd\x8f'	-8.848142051477533
1530	(-1, -1)	b' very'	-8.271890050500854
1531	(-1, -1)	b'\xe4\xbc\x81\xe4\xb8\x9a'	-8.480291477945574
1532	(-1, -1)	b'\xe8\xbf\x9e'	-8.758404858650074
1533	(-1, -1)	b' str'	-9.286683797387926
1534	(-1, -1)	b'ys'	-9.369208661191932
1535	(-1, -1)	b' cons'	-9.468284211460766
1536	(-1, -1)	b'\xe8\xae\xba'	-9.576546739834068
1537	(-1, -1)	b'\xe5\xb1\x80'	-8.437958435955345
1538	(-1, -1)	b'\xe6\xa0\x87'	-9.280417978888869
1539	(-1, -1)	b'\xe5\xb0\xb1\xe6\x98\xaf'	-8.377582880254662
1540	(-1, -1)	b'\xe7\xb2\xbe'	-8.770543938088915
1541	(-1, -1)	b'\xe7\x9c\x9f'	-9.132772933668784
1542	(-1, -1)	b'\xe8\xa8'	-10.0029891090167
1543	(-1, -1)	b' may'	-8.573279627208192
1544	(-1, -1)	b'\xe8\x85'	-9.803395548480067
1545	(-1, -1)	b'\xe6\xa1\x88'	-8.696139133138928
1546	(-1, -1)	b'ath'	-9.309805379417076
1547	(-1, -1)	b' those'	-8.291762842979105
1548	(-1, -1)	b'\xe6\x8a\x8a'	-8.372731428224421
1549	(-1, -1)	b'\xe8\xb4\xad'	-9.518426409082032
1550	(-1, -1)	b'\xe9\x97\xae\xe9\xa2\x98'	-8.627147580713938
1551	(-1, -1)	b'\xe7\x97'	-10.400808084843508
1552	(-1, -1)	b'\xe4\xbe\x9b'	-9.704293349094154
1553	(-1, -1)	b'erson'	-9.97701362261344
1554	(-1, -1)	b'\xe4\xb9\x90'	-9.15754132990225
1555	(-1, -1)	b' def'	-9.788951216152089
1556	(-1, -1)	b'\xe8\xae\xae'	-9.347645517549855
1557	(-1, -1)	b'15'	-8.296143271747932
1558	(-1, -1)	b'\xe6\xb7\xb1'	-8.782314455072832
1559	(-1, -1)	b'\xe5\x88\x99'	-8.707321104007661
1560	(-1, -1)	b'\xe6\x9f\xa5'	-9.053823668279012
1561	(-1, -1)	b'aa'	-8.596451471226798
1562	(-1, -1)	b' through'	-8.433125188505747
1563	(-1, -1)	b'\xe7\x8f'	-10.85676502175934
1564	(-1, -1)	b'\xe8\xb4\x9f'	-8.74632815023965
1565	(-1, -1)	b'\xe6\x94\xb9'	-9.170970288207176
1566	(-1, -1)	b'\xe8\xaf\xb7'	-9.211910254227508
1567	(-1, -1)	b'\xe7\x81\xab'	-8.919104627058832
1568	(-1, -1)	b' take'	-8.306301056676102
1569	(-1, -1)	b' Un'	-9.59329319731125
1570	(-1, -1)	b'\xe6\xa2'	-10.219484486853176
1571	(-1, -1)	b'ix'	-9.348518929798972
1572	(-1, -1)	b'\xe5\xb8\x88'	-9.222739181372493
1573	(-1, -1)	b'\xe7\xa0\x94'	-10.026284671620221
1574	(-1, -1)	b' min'	-10.030408388804084
1575	(-1, -1)	b'\xe0\xa4\xbf'	-8.668969594948402
1576	(-1, -1)	b'com'	-9.752332791980342
1577	(-1, -1)	b'\xe6\xad\xa5'	-9.055494417814582
1578	(-1, -1)	b'You'	-8.46667225149094
1579	(-1, -1)	b' use'	-8.386456540238942
1580	(-1, -1)	b'\xe6\x9d\xbf'	-9.323235314329944
1581	(-1, -1)	b'ational'	-10.402550625036124
1582	(-1, -1)	b' made'	-8.325359815794167
1583	(-1, -1)	b' reg'	-9.213037650062818
1584	(-1, -1)	b' end'	-8.640832415813254
1585	(-1, -1)	b'\xe6\xb8\x85'	-8.818436110535584
1586	(-1, -1)	b' here'	-8.329533644459156
1587	(-1, -1)	b'\xe5\x8d\xb3'	-9.209791539229625
1588	(-1, -1)	b'ities'	-9.386382005579089
1589	(-1, -1)	b' try'	-8.906596631234619
1590	(-1, -1)	b'ited'	-9.980867191929429
1591	(-1, -1)	b' wr'	-10.14972340124472
1592	(-1, -1)	b' sm'	-9.830831112435357
1593	(-1, -1)	b' fun'	-9.224314961625804
1594	(-1, -1)	b' loo'	-10.942201361971406
1595	(-1, -1)	b'\xe8\x8c'	-9.883777594447192
1596	(-1, -1)	b'ash'	-8.726063448047714
1597	(-1, -1)	b'\xe5\xa6\x82\xe6\x9e\x9c'	-8.445275485650958
1598	(-1, -1)	b'\xe9\x87\x87'	-10.369212417824127
1599	(-1, -1)	b'\xe6\x9a'	-10.384082580303577
1600	(-1, -1)	b'\xe6\xa8\xa1'	-9.692541825791906
1601	(-1, -1)	b'\xe5\x86\xb3'	-9.536051212342112
1602	(-1, -1)	b'\xe8\xb6\xb3'	-9.49779333826278
1603	(-1, -1)	b' And'	-8.426742171981283
1604	(-1, -1)	b' post'	-8.78644218258248
1605	(-1, -1)	b'ax'	-9.286255333068878
1606	(-1, -1)	b' Br'	-8.549401663309354
1607	(-1, -1)	b' 8'	-8.89349568935009
1608	(-1, -1)	b'gr'	-9.014268922351507
1609	(-1, -1)	b' \xe1\x88'	-9.834653794197484
1610	(-1, -1)	b'\xc3\xa9'	-8.669277731686517
1611	(-1, -1)	b' long'	-8.62081506686983
1612	(-1, -1)	b' \xd9\x85'	-8.833530566721128
1613	(-1, -1)	b'hen'	-10.52447072191083
1614	(-1, -1)	b' imp'	-9.483299379005222
1615	(-1, -1)	b'\xe8\xaf\xad'	-9.105678535741305
1616	(-1, -1)	b'\xe5\xb7\x9e'	-8.806544571111555
1617	(-1, -1)	b'ual'	-9.308454003181906
1618	(-1, -1)	b'ower'	-9.779494742052513
1619	(-1, -1)	b'read'	-10.07010404567945
1620	(-1, -1)	b'\xe7\x9c\x81'	-8.411875969075918
1621	(-1, -1)	b'\xe9\x98\xb2'	-8.773297261422643
1622	(-1, -1)	b'\xe0\xa4\xb0'	-8.757499814546327
1623	(-1, -1)	b'\xe9\x9a\xbe'	-9.015275711459829
1624	(-1, -1)	b' day'	-8.362177202963979
1625	(-1, -1)	b'\xe9\x80\x9f'	-9.981868694266518
1626	(-1, -1)	b'\xe4\xb9\xb0'	-8.88722456991424
1627	(-1, -1)	b' New'	-8.710005830736437
1628	(-1, -1)	b'aj'	-9.826471399042545
1629	(-1, -1)	b'\xe7\x8e\xb0\xe5\x9c\xa8'	-8.608903540901721
1630	(-1, -1)	b'\xe5\x88\x9b'	-9.15406350144733
1631	(-1, -1)	b'\xe5\xae\xb9'	-9.343516645607249
1632	(-1, -1)	b' op'	-9.57649901966513
1633	(-1, -1)	b'\xe0\xa5\x80'	-8.637207056781968
1634	(-1, -1)	b' around'	-8.370543071407141
1635	(-1, -1)	b'\xe4\xb8\x94'	-9.702776226999955
1636	(-1, -1)	b'ny'	-8.994343117030132
1637	(-1, -1)	b'\xe7\x8e\xaf'	-9.65705881716869
1638	(-1, -1)	b' look'	-8.587235309020073
1639	(-1, -1)	b' We'	-8.51008501283855
1640	(-1, -1)	b' car'	-8.647557213866245
1641	(-1, -1)	b' while'	-8.377021894631389
1642	(-1, -1)	b'\xe5\x8d\x9a'	-9.04119961646333
1643	(-1, -1)	b'\xe7\xa1\xae'	-10.354975811831975
1644	(-1, -1)	b'\xe8\xaf\x95'	-9.26572711560413
1645	(-1, -1)	b'ased'	-10.357786118131232
1646	(-1, -1)	b'\xe1\x8c'	-9.267582371233852
1647	(-1, -1)	b' ev'	-10.068619844336807
1648	(-1, -1)	b'\xe7\x95\x99'	-9.11261615514633
1649	(-1, -1)	b'\xe8\xad'	-10.569168789901628
1650	(-1, -1)	b'We'	-8.455519923057508
1651	(-1, -1)	b'\xe5\xae\x83'	-8.874609860209066
1652	(-1, -1)	b' 19'	-8.395600077732542
1653	(-1, -1)	b' di'	-8.33507542471903
1654	(-1, -1)	b'\xe4\xbd\x95'	-9.45420875530234
1655	(-1, -1)	b'\xe5\xa4\x8d'	-8.859586103448606
1656	(-1, -1)	b'\xe8\xa7\x81'	-8.665951029454003
1657	(-1, -1)	b'\xe5\xad\xa6\xe7\x94\x9f'	-8.740747396566787
1658	(-1, -1)	b'\xd1\x8b'	-8.654175747160076
1659	(-1, -1)	b'\xe5\x99'	-10.655875856211116
1660	(-1, -1)	b'ved'	-10.188297578336174
1661	(-1, -1)	b' But'	-8.396670090366971
1662	(-1, -1)	b'land'	-8.811040055524103
1663	(-1, -1)	b'\xe0\xaa\xbe'	-10.23734292199056
1664	(-1, -1)	b' bel'	-10.083958171550366
1665	(-1, -1)	b'\xe7\xaa'	-9.805013429409417
1666	(-1, -1)	b'ert'	-9.236501794875283
1667	(-1, -1)	b' week'	-8.6466529354376
1668	(-1, -1)	b'ok'	-10.366685302653798
1669	(-1, -1)	b'\xe5\x9b\xa0\xe4\xb8\xba'	-8.499074168580641
1670	(-1, -1)	b'\xe7\xb4\xa0'	-9.610423608379435
1671	(-1, -1)	b'ave'	-9.353470000582325
1672	(-1, -1)	b' lot'	-8.502149567022842
1673	(-1, -1)	b' la'	-8.175908125327458
1674	(-1, -1)	b'\xe8\xbd\xac'	-8.495311961308435
1675	(-1, -1)	b'\xe9\x93\xb6\xe8\xa1\x8c'	-8.492354311694266
1676	(-1, -1)	b'\xe7\xa4\xbe'	-9.687357005132899
1677	(-1, -1)	b' che'	-9.883777594447192
1678	(-1, -1)	b'\xe9\x9a\x8f'	-9.195052322510076
1679	(-1, -1)	b' run'	-8.944067429460736
1680	(-1, -1)	b' same'	-8.41478379316612
1681	(-1, -1)	b'pr'	-9.427707204336878
1682	(-1, -1)	b' win'	-8.908429857124759
1683	(-1, -1)	b'\xe4\xbb\x80'	-10.384724841083523
1684	(-1, -1)	b'\xe7\xba\xa2'	-8.888231064283756
1685	(-1, -1)	b'ton'	-8.58417024040264
1686	(-1, -1)	b'18'	-8.449363767249887
1687	(-1, -1)	b'\xe7\xa5\x9e'	-8.784840935864793
1688	(-1, -1)	b' You'	-8.501628199071902
1689	(-1, -1)	b'ale'	-10.232549402487376
1690	(-1, -1)	b'\xe5\xb8\x8c'	-10.38205147158244
1691	(-1, -1)	b' many'	-8.430906983126368
1692	(-1, -1)	b' dr'	-9.005792344535442
1693	(-1, -1)	b'ange'	-9.78054755843332
1694	(-1, -1)	b'\xe5\x8a\x9e'	-9.127824998953667
1695	(-1, -1)	b'That'	-9.022927694577223
1696	(-1, -1)	b'\xe4\xba\x94'	-8.519708010451982
1697	(-1, -1)	b'sh'	-8.431104295130408
1698	(-1, -1)	b' \xd8\xaf'	-8.667526468308937
1699	(-1, -1)	b'\xe7\x94\xb7'	-8.990458273657788
1700	(-1, -1)	b'\xe5\xa4\xb1'	-8.782357589198401
1701	(-1, -1)	b'\xe5\x8a\xa9'	-8.965179637865496
1702	(-1, -1)	b'thing'	-9.77337530692326
1703	(-1, -1)	b'\xe6\x96\xb9\xe9\x9d\xa2'	-8.810019601999285
1704	(-1, -1)	b'\xe6\x9e\x97'	-8.561035995999617
1705	(-1, -1)	b'\xe5\x90\x8c\xe6\x97\xb6'	-8.691322985819639
1706	(-1, -1)	b' 9'	-9.03166209647616
1707	(-1, -1)	b'\xe8\xa7\x92'	-9.388238209583545
1708	(-1, -1)	b'\xe5\xad\x98'	-9.414309405695173
1709	(-1, -1)	b'\xe9\xa5'	-10.019275993959525
1710	(-1, -1)	b'\xe0\xa6\xbe'	-9.854115486290285
1711	(-1, -1)	b'ublic'	-10.730945694242505
1712	(-1, -1)	b' Al'	-8.773938657121626
1713	(-1, -1)	b'\xd0\xb0\xd0\xbd'	-9.048405894932245
1714	(-1, -1)	b'\xe8\xa7\x89'	-10.43895864176497
1715	(-1, -1)	b' sub'	-9.052409960737522
1716	(-1, -1)	b' own'	-8.77713036568008
1717	(-1, -1)	b' set'	-8.749933785600378
1718	(-1, -1)	b'ph'	-8.637897477686229
1719	(-1, -1)	b'cent'	-9.96392304119871
1720	(-1, -1)	b'\xe6\x96\x99'	-9.367271276828966
1721	(-1, -1)	b'\xe6\xb6\xa8'	-9.494358875814145
1722	(-1, -1)	b' against'	-8.466279104818579
1723	(-1, -1)	b' says'	-8.46704981776617
1724	(-1, -1)	b'\xe7\xbb\xb4'	-9.000011126750339
1725	(-1, -1)	b'ward'	-9.735129400897977
1726	(-1, -1)	b'\xe6\x9f\x90'	-8.470722786198293
1727	(-1, -1)	b' great'	-8.549264988271128
1728	(-1, -1)	b'\xe7\x89\x8c'	-9.412161264226706
1729	(-1, -1)	b'\xe7\xad\x96'	-10.355703651739335
1730	(-1, -1)	b'0.'	-8.958135447263693
1731	(-1, -1)	b'\xe5\xba\x9c'	-10.411749113021717
1732	(-1, -1)	b' something'	-8.477489151455998
1733	(-1, -1)	b' rel'	-9.102673251920223
1734	(-1, -1)	b'\xe8\xb6\x8a'	-9.120388214994035
1735	(-1, -1)	b'\xe6\x8e\x92'	-9.155503296368817
1736	(-1, -1)	b' Sh'	-8.637953478656927
1737	(-1, -1)	b'ann'	-9.2456803972306
1738	(-1, -1)	b'\xe4\xbb\x8a\xe5\xb9\xb4'	-8.572003057335
1739	(-1, -1)	b' feel'	-8.881945117606683
1740	(-1, -1)	b' these'	-8.480658271931075
1741	(-1, -1)	b'\xe7\xa7\xaf'	-9.725113737382497
1742	(-1, -1)	b'\xe1\xbb\xa5'	-8.882994010405891
1743	(-1, -1)	b'\xe8\xaf\x84'	-9.55857510457114
1744	(-1, -1)	b'\xe8\x8a\xb1'	-8.562558276946785
1745	(-1, -1)	b'\xe5\xbc\x80\xe5\xa7\x8b'	-8.485615188970863
1746	(-1, -1)	b'iy'	-10.907290596462333
1747	(-1, -1)	b'\xe7\x85\xa7'	-9.434267039729587
1748	(-1, -1)	b' lead'	-9.438207073443674
1749	(-1, -1)	b'ters'	-10.645815690325884
1750	(-1, -1)	b'\xe6\x92'	-10.02725783485157
1751	(-1, -1)	b'\xe7\x9b\x8a'	-9.584355723871914
1752	(-1, -1)	b' high'	-8.896924153763951
1753	(-1, -1)	b'\xe5\x9b\xbd\xe5\xae\xb6'	-8.473775450949164
1754	(-1, -1)	b'ef'	-9.664326291015668
1755	(-1, -1)	b'\xe9\x98\xbf'	-8.755125340069975
1756	(-1, -1)	b' never'	-8.491515480201807
1757	(-1, -1)	b'\xe7\xa9\xb6'	-10.98752894142496
1758	(-1, -1)	b'\xe6\x9d\xa1'	-9.06569248369345
1759	(-1, -1)	b'its'	-9.795820432480168
1760	(-1, -1)	b' count'	-9.613092912979699
1761	(-1, -1)	b'\xe5\xa4\xa7\xe5\xad\xa6'	-8.600866727161122
1762	(-1, -1)	b'arch'	-10.12936155988691
1763	(-1, -1)	b'wa'	-8.183285532088577
1764	(-1, -1)	b' month'	-9.169222230489334
1765	(-1, -1)	b'\xe5\xbc\x95'	-9.379383195899319
1766	(-1, -1)	b'\xe6\x99\xaf'	-9.084828780898034
1767	(-1, -1)	b'16'	-8.554746612905577
1768	(-1, -1)	b'\xe0\xb1\x8d'	-9.063318849920105
1769	(-1, -1)	b' better'	-8.503421541363478
1770	(-1, -1)	b'\xe8\xae\xa4\xe4\xb8\xba'	-8.581731990493312
1771	(-1, -1)	b'\xe5\x99\xa8'	-8.917054307058923
1772	(-1, -1)	b" didn't"	-8.506936023816408
1773	(-1, -1)	b'\xe7\xab\x99'	-8.838354568612514
1774	(-1, -1)	b' report'	-8.950323807955549
1775	(-1, -1)	b' three'	-8.504956586409826
1776	(-1, -1)	b'\xe6\xa0\xb9'	-9.825430338291426
1777	(-1, -1)	b' sure'	-8.514398131715252
1778	(-1, -1)	b'\xe6\xa5\xbc'	-9.00914188845587
1779	(-1, -1)	b'\xe6\xba\x90'	-9.369829417758906
1780	(-1, -1)	b'ves'	-9.7333414911581
1781	(-1, -1)	b'\xe8\x82\xb2'	-10.348758819473169
1782	(-1, -1)	b'\xe4\xb8\x96\xe7\x95\x8c'	-8.656283949986431
1783	(-1, -1)	b'\xe5\x84'	-11.087015311286242
1784	(-1, -1)	b'\xe1\x8a\x95'	-8.644301874026437
1785	(-1, -1)	b' sur'	-9.719867859922575
1786	(-1, -1)	b'\xe9\x99\x90'	-9.274120639745112
1787	(-1, -1)	b' since'	-8.520222298547594
1788	(-1, -1)	b'\xe7\xbd\x97'	-8.856956757990002
1789	(-1, -1)	b'\xe5\xb9\x85'	-9.820972179513612
1790	(-1, -1)	b'\xe6\x9e\x84'	-10.688127509965838
1791	(-1, -1)	b'14'	-8.564828700896689
1792	(-1, -1)	b'son'	-8.554609205440698
1793	(-1, -1)	b'ee'	-8.308769398775016
1794	(-1, -1)	b'\xe8\x90\xa5'	-9.734849829199995
1795	(-1, -1)	b'\xe6\x80\x81'	-9.609979416184977
1796	(-1, -1)	b' ret'	-9.962096941520029
1797	(-1, -1)	b'--'	-9.279282945248054
1798	(-1, -1)	b'\xe0\xa7\x87'	-8.8217508574619
1799	(-1, -1)	b'\xe9\x99\x8d'	-9.311817562948544
1800	(-1, -1)	b' big'	-8.898715488060443
1801	(-1, -1)	b'This'	-8.532393240556633
1802	(-1, -1)	b' second'	-8.665951029454003
1803	(-1, -1)	b'\xe5\x80\x99'	-10.242159530042807
1804	(-1, -1)	b'ics'	-9.434349828039924
1805	(-1, -1)	b'\xe6\xaf\x94\xe8\xb5\x9b'	-9.339254177110314
1806	(-1, -1)	b'\xc3\xa0'	-9.152781950908567
1807	(-1, -1)	b'\xe7\xbd\xae'	-9.365337638667508
1808	(-1, -1)	b'ka'	-8.149115473153689
1809	(-1, -1)	b' Fr'	-9.896970914939903
1810	(-1, -1)	b'\xe5\x88\x92'	-10.29047626869133
1811	(-1, -1)	b' during'	-8.5453095162154
1812	(-1, -1)	b'\xe7\xaf'	-10.401678975384073
1813	(-1, -1)	b' ter'	-10.648878906310665
1814	(-1, -1)	b'\xe5\x86\x9b'	-8.796825723310945
1815	(-1, -1)	b' \xd8\xa8'	-9.082060028127415
1816	(-1, -1)	b' ent'	-9.761305049786747
1817	(-1, -1)	b'\xe1\x80\xba\xe1\x80'	-9.329366085757373
1818	(-1, -1)	b'ara'	-9.208502645021417
1819	(-1, -1)	b'\xe5\xb7\xb4'	-8.775993892270243
1820	(-1, -1)	b' \xe1\x80'	-8.725920749620213
1821	(-1, -1)	b'ways'	-10.535241485274014
1822	(-1, -1)	b'att'	-9.163364724862937
1823	(-1, -1)	b'\xe9\x9d\x9e\xe5\xb8\xb8'	-8.55476379016632
1824	(-1, -1)	b'ible'	-9.531342094027234
1825	(-1, -1)	b'\xe5\x87\xbb'	-9.500575964116925
1826	(-1, -1)	b'\xe4\xbe\xbf'	-9.018356789819846
1827	(-1, -1)	b'\xe6\x98\xaf\xe4\xb8\x80'	-9.897365470084102
1828	(-1, -1)	b'ful'	-8.857468124278864
1829	(-1, -1)	b'\xe7\x99\xbd'	-8.693629473589718
1830	(-1, -1)	b'ner'	-8.90165149259595
1831	(-1, -1)	b'hes'	-11.04366356057859
1832	(-1, -1)	b'br'	-8.835643891675684
1833	(-1, -1)	b'ific'	-9.623141748907072
1834	(-1, -1)	b'\xe6\x9e\x81'	-8.94320579737499
1835	(-1, -1)	b'\xe0\xb7\x8a'	-9.48299511716383
1836	(-1, -1)	b'\xe7\x8c'	-10.264126056770124
1837	(-1, -1)	b' find'	-8.732116264924022
1838	(-1, -1)	b'\xe9\x99\xa4'	-9.167857692395813
1839	(-1, -1)	b'\xe8\x87\xb4'	-9.247155450239761
1840	(-1, -1)	b'\xe5\x9b\xa2'	-9.382208278214572
1841	(-1, -1)	b'\xe6\x88\x90\xe4\xb8\xba'	-8.651239276958057
1842	(-1, -1)	b'\xe6\x91\x84'	-10.292817733175712
1843	(-1, -1)	b'\xe8\xae\xbe\xe8\xae\xa1'	-8.894870492089513
1844	(-1, -1)	b'\xe5\xa4\xa7\xe7\x9a\x84'	-9.976159286807523
1845	(-1, -1)	b'\xe6\x9d\x83'	-8.811883825003065
1846	(-1, -1)	b'\xe4\xbb\x80\xe4\xb9\x88'	-9.01696503912787
1847	(-1, -1)	b' Trump'	-8.784927424221351
1848	(-1, -1)	b'\xe7\xbe\x8e\xe5\x85\x83'	-8.921506123577112
1849	(-1, -1)	b' sl'	-8.950068718928096
1850	(-1, -1)	b'\xe6\xb5\x8b'	-9.262933232387027
1851	(-1, -1)	b" It's"	-8.57242257175322
1852	(-1, -1)	b'\xe4\xbc\x97'	-9.424709809413764
1853	(-1, -1)	b' put'	-8.725716930040598
1854	(-1, -1)	b'uss'	-9.862401166658115
1855	(-1, -1)	b'\xe8\xa8\x80'	-9.127124494866667
1856	(-1, -1)	b'ets'	-9.4649067686914
1857	(-1, -1)	b'\xe6\x83\x85\xe5\x86\xb5'	-9.23466936027926
1858	(-1, -1)	b'\xe4\xbb\xb7\xe6\xa0\xbc'	-8.847589387160975
1859	(-1, -1)	b'\xe7\xbb\x88'	-9.81417067154225
1860	(-1, -1)	b'\xe8\xbf\x98\xe6\x98\xaf'	-8.565835575504355
1861	(-1, -1)	b' season'	-8.681194283439552
1862	(-1, -1)	b' best'	-8.584647985455122
1863	(-1, -1)	b'\xe7\xac\xac\xe4\xb8\x80'	-8.792066824155265
1864	(-1, -1)	b'13'	-8.57064084964968
1865	(-1, -1)	b'\xe5\xb1\x9e'	-9.291122045125725
1866	(-1, -1)	b'\xe5\x8e\x86'	-9.861702776102444
1867	(-1, -1)	b'\xe5\x88\x97'	-9.218460241902699
1868	(-1, -1)	b' invest'	-10.231630200290104
1869	(-1, -1)	b'\xd0\xb7'	-9.204086753844914
1870	(-1, -1)	b' ins'	-9.269757047643333
1871	(-1, -1)	b' home'	-8.470675408925162
1872	(-1, -1)	b' person'	-8.997440500083718
1873	(-1, -1)	b' market'	-8.832917856366445
1874	(-1, -1)	b' 20'	-8.66334356603413
1875	(-1, -1)	b'\xe6\x9d\x8e'	-8.596469380017329
1876	(-1, -1)	b'\xe5\x84\xbf'	-9.345522132988338
1877	(-1, -1)	b'\xe4\xbb\xa5\xe5\x8f\x8a'	-8.599051600008261
1878	(-1, -1)	b'\xe7\xa0\x81'	-9.712460215415295
1879	(-1, -1)	b'\xe7\x94\xb5\xe5\xbd\xb1'	-8.820697010261885
1880	(-1, -1)	b' read'	-9.116464510817286
1881	(-1, -1)	b' z'	-9.448734365919961
1882	(-1, -1)	b'\xe9\x80\x9a\xe8\xbf\x87'	-8.606060700856887
1883	(-1, -1)	b'\xe6\xb4\xb2'	-10.025312454514888
1884	(-1, -1)	b" you're"	-8.605572618198535
1885	(-1, -1)	b' med'	-9.979152660862189
1886	(-1, -1)	b'\xe6\xae\xb5'	-9.269862393969477
1887	(-1, -1)	b'\xe1\x8d'	-9.675432859502804
1888	(-1, -1)	b'\xe8\xbf\x99\xe6\xa0\xb7'	-9.1653239607559
1889	(-1, -1)	b'\xe7\x8e\xa9\xe5\xae\xb6'	-8.739568846047343
1890	(-1, -1)	b'\xe0\xa8\xbe'	-9.869731876777719
1891	(-1, -1)	b" that's"	-8.609066751434604
1892	(-1, -1)	b'\xe8\xad\xa6'	-9.37809102899086
1893	(-1, -1)	b'ier'	-9.2207645827624
1894	(-1, -1)	b'\xe4\xbd\x86\xe6\x98\xaf'	-8.599338925370292
1895	(-1, -1)	b'ably'	-10.09792655127875
1896	(-1, -1)	b' real'	-8.986323955628384
1897	(-1, -1)	b'\xe6\x85'	-9.556982747546778
1898	(-1, -1)	b'\xe6\xb4\xbb\xe5\x8a\xa8'	-8.61079115580807
1899	(-1, -1)	b'\xe5\x93\x8d'	-10.586050115347602
1900	(-1, -1)	b'\xe5\x85\xb0'	-8.959112989594514
1901	(-1, -1)	b'\xe5\xbf\x85'	-9.430631122820698
1902	(-1, -1)	b'\xe6\xb1\x9f'	-9.090653556985473
1903	(-1, -1)	b'\xc3\xbc'	-9.11691646098994
1904	(-1, -1)	b' That'	-9.117881304579232
1905	(-1, -1)	b' wa'	-8.521866475791562
1906	(-1, -1)	b'\xe9\x99\xa9'	-10.147524854781604
1907	(-1, -1)	b'\xe5\xa7\x94'	-9.301579373942923
1908	(-1, -1)	b' el'	-9.059356303577507
1909	(-1, -1)	b'\xe5\xbe\x80'	-9.366303990378743
1910	(-1, -1)	b'ments'	-9.169730441280693
1911	(-1, -1)	b"It's"	-8.622192287856004
1912	(-1, -1)	b'\xe5\xaf\xb9\xe4\xba\x8e'	-8.62449187954224
1913	(-1, -1)	b'\xe8\x8f'	-10.329525490021235
1914	(-1, -1)	b'\xe5\x9c\x8b'	-9.18210212857602
1915	(-1, -1)	b' \xd9\x88'	-8.927098909808597
1916	(-1, -1)	b'\xe6\x94\xbf\xe5\xba\x9c'	-8.633093088638239
1917	(-1, -1)	b'\xe8\xae\xb8'	-10.047457485228994
1918	(-1, -1)	b'\xe5\x80\xba'	-9.684907589637767
1919	(-1, -1)	b' bus'	-10.37534610879709
1920	(-1, -1)	b'\xc2\xb7'	-8.635715882392436
1921	(-1, -1)	b' \xeb'	-9.085704718937631
1922	(-1, -1)	b'gan'	-8.982101310732682
1923	(-1, -1)	b'\xe8\xb1\xa1'	-10.095838867848267
1924	(-1, -1)	b'cess'	-10.20820226961248
1925	(-1, -1)	b'\xe6\x9d\x90'	-10.017939492424082
1926	(-1, -1)	b'\xe5\x8c\xbb'	-9.67033576746593
1927	(-1, -1)	b'\xe4\xb8\x80\xe4\xba\x9b'	-8.514332142537453
1928	(-1, -1)	b'\xe6\x96\xad'	-9.675327502077641
1929	(-1, -1)	b'ied'	-9.770937979811377
1930	(-1, -1)	b' love'	-8.557774363846644
1931	(-1, -1)	b'led'	-9.222236795026834
1932	(-1, -1)	b'ather'	-9.702289069015816
1933	(-1, -1)	b'\xe8\x9e\x8d'	-10.158737067713568
1934	(-1, -1)	b'\xe9\x99\x88'	-8.788805455404443
1935	(-1, -1)	b'\xe9\x9c\x80\xe8\xa6\x81'	-8.643325458145949
1936	(-1, -1)	b'\xe7\xae\xa1\xe7\x90\x86'	-8.644658879319545
1937	(-1, -1)	b' tri'	-10.639026609867654
1938	(-1, -1)	b'ative'	-9.016474295095556
1939	(-1, -1)	b'\xe5\x87\x8f'	-9.393390408678837
1940	(-1, -1)	b' thing'	-8.648047372989248
1941	(-1, -1)	b'\xe0\xaa\xbe\xe0\xaa'	-9.24027904401946
1942	(-1, -1)	b'\xe6\x9b\xbe'	-8.869584664728588
1943	(-1, -1)	b'\xe5\xaf\x8c'	-9.078051657476466
1944	(-1, -1)	b'\xe0\xa6\xb0'	-9.577501621739998
1945	(-1, -1)	b'\xe4\xb8\x8d\xe6\x98\xaf'	-9.075359398262027
1946	(-1, -1)	b'\xe5\x9c\xb0\xe4\xba\xa7'	-9.630568891996163
1947	(-1, -1)	b'\xe5\x88\xb0\xe4\xba\x86'	-9.351029486863368
1948	(-1, -1)	b'ular'	-10.136854726243264
1949	(-1, -1)	b'\xe5\xbe\x88\xe5\xa4\x9a'	-9.076458585552704
1950	(-1, -1)	b'\xe5\xa0'	-10.36858004006275
1951	(-1, -1)	b'\xe5\x85\xb6\xe4\xb8\xad'	-8.653967068003523
1952	(-1, -1)	b'ina'	-9.202838027055197
1953	(-1, -1)	b'\xd8\xa8'	-8.868079667383967
1954	(-1, -1)	b' Ar'	-9.096807784975269
1955	(-1, -1)	b'ows'	-9.951279234743932
1956	(-1, -1)	b'arm'	-9.916556603244391
1957	(-1, -1)	b' cur'	-10.038858718249873
1958	(-1, -1)	b' percent'	-8.661182230138012
1959	(-1, -1)	b' ann'	-10.007237888391977
1960	(-1, -1)	b'25'	-8.793679692576651
1961	(-1, -1)	b'ha'	-7.923017736961535
1962	(-1, -1)	b' \xd0\xbf'	-10.071199079030952
1963	(-1, -1)	b'\xe5\x9b\xbd\xe9\x99\x85'	-8.660208287790976
1964	(-1, -1)	b'\xe1\xbb\x8b'	-9.053399346127273
1965	(-1, -1)	b'\xe8\xb4\xa2'	-9.400448276364243
1966	(-1, -1)	b'\xe6\xb2\xbb'	-9.325311850228886
1967	(-1, -1)	b' why'	-8.66727653799974
1968	(-1, -1)	b'\xe4\xba\x89'	-9.307031553776383
1969	(-1, -1)	b'\xe5\xa5\x97'	-8.79616948354114
1970	(-1, -1)	b'\xe7\xa0\x94\xe7\xa9\xb6'	-8.72961708302669
1971	(-1, -1)	b'\xd1\x96'	-9.111986196072836
1972	(-1, -1)	b'\xe9\x83\xa8\xe5\x88\x86'	-8.904254995410874
1973	(-1, -1)	b'\xe5\xa2\x9e\xe9\x95\xbf'	-8.922746264616055
1974	(-1, -1)	b'\xe0\xa5\x8b'	-9.402130362547227
1975	(-1, -1)	b' govern'	-11.294771056629063
1976	(-1, -1)	b' hand'	-9.179339607144245
1977	(-1, -1)	b'\xe5\x8f\xa6'	-10.54726266685023
1978	(-1, -1)	b'\xe9\xa3\x9f'	-9.04579217564148
1979	(-1, -1)	b'\xe5\x8f\xb2'	-9.71574572926772
1980	(-1, -1)	b'ected'	-10.295458450637703
1981	(-1, -1)	b'\xe6\x8b\xbf'	-9.367890831543846
1982	(-1, -1)	b'\xe7\xae\x97'	-9.194238003480045
1983	(-1, -1)	b' They'	-8.802069205668328
1984	(-1, -1)	b'\xe6\xb5\xaa'	-10.548018810553554
1985	(-1, -1)	b'\xe6\xb8\xaf'	-9.63891470812235
1986	(-1, -1)	b'\xe9\xaa\x8c'	-10.090080234002704
1987	(-1, -1)	b" can't"	-8.682169379563774
1988	(-1, -1)	b'\xe4\xb8\xbb\xe8\xa6\x81'	-9.068703368156509
1989	(-1, -1)	b'ox'	-9.504076266766951
1990	(-1, -1)	b'\xe6\x96\xbd'	-10.37524003613722
1991	(-1, -1)	b' next'	-8.6851199547213
1992	(-1, -1)	b'\xe5\xa5\x87'	-8.956747949931717
1993	(-1, -1)	b'\xd8\xa7\xd9\x86'	-8.8451291350664
1994	(-1, -1)	b'17'	-8.632554500654303
1995	(-1, -1)	b'\xe5\x8d\xb4'	-8.686040125115628
1996	(-1, -1)	b'\xe5\x87\xba\xe7\x8e\xb0'	-8.851556914048427
1997	(-1, -1)	b'ever'	-9.087780834132811
1998	(-1, -1)	b'\xe5\xbd\x95'	-9.680291339697686
1999	(-1, -1)	b'iness'	-10.826165051649966
2000	(-1, -1)	b'ute'	-9.603193061150424
2001	(-1, -1)	b'uff'	-9.717447483582834
2002	(-1, -1)	b'ck'	-9.359405417880886
2003	(-1, -1)	b'\xe9\xa1\xb9\xe7\x9b\xae'	-8.686784712198133
2004	(-1, -1)	b' \xd1\x81'	-9.108155003119657
2005	(-1, -1)	b'\xe0\xa4\xa8'	-9.28829217559622
2006	(-1, -1)	b' head'	-8.843041523475593
2007	(-1, -1)	b'\xe7\x9a\x84\xe6\x98\xaf'	-9.00283033682282
2008	(-1, -1)	b'\xe6\xbb\xa1'	-9.41191836891339
2009	(-1, -1)	b'\xe0\xb8\xb2'	-9.079995743860671
2010	(-1, -1)	b'line'	-9.110278304902774
2011	(-1, -1)	b'\xe5\x96\x9c'	-9.593244671289161
2012	(-1, -1)	b' Wh'	-11.012089494647118
2013	(-1, -1)	b'\xe5\x91\xbd'	-9.467299727700139
2014	(-1, -1)	b'ric'	-9.401809746962563
2015	(-1, -1)	b'ai'	-9.424422859484558
2016	(-1, -1)	b' pretty'	-8.70370612488644
2017	(-1, -1)	b' \xd0\xba'	-8.960323378483096
2018	(-1, -1)	b'\xe8\xa1\x8c\xe4\xb8\x9a'	-8.849455854665209
2019	(-1, -1)	b' conf'	-10.286294806868682
2020	(-1, -1)	b' world'	-8.82116774091178
2021	(-1, -1)	b'\xe9\x80\x89\xe6\x8b\xa9'	-8.70720106079196
2022	(-1, -1)	b'\xe8\xbf\x99\xe4\xba\x9b'	-8.708301996698586
2023	(-1, -1)	b'80'	-8.654669161980122
2024	(-1, -1)	b' inst'	-10.402550625036124
2025	(-1, -1)	b'get'	-9.831754615656294
2026	(-1, -1)	b'\xd0\xb0\xd1\x80'	-9.26328204120845
2027	(-1, -1)	b'\xe4\xba\xba\xe6\xb0\x91'	-9.466102532414338
2028	(-1, -1)	b'\xe8\xbe\xb9'	-9.10279210145685
2029	(-1, -1)	b' both'	-8.624344547178579
2030	(-1, -1)	b'ants'	-9.373328371643522
2031	(-1, -1)	b'\xe9\x80\x82'	-10.035001943325117
2032	(-1, -1)	b'\xd0\xb1'	-8.948284915386955
2033	(-1, -1)	b'\xe8\x90\xbd'	-8.987779617748405
2034	(-1, -1)	b' Re'	-9.033102180914572
2035	(-1, -1)	b'ense'	-9.912675442055521
2036	(-1, -1)	b'\xe5\x82'	-9.668502970367117
2037	(-1, -1)	b'\xe9\xa2\x9d'	-9.251524748299172
2038	(-1, -1)	b' come'	-8.61079115580807
2039	(-1, -1)	b'na'	-8.036111924933683
2040	(-1, -1)	b'\xe5\xba\x95'	-9.347303955088043
2041	(-1, -1)	b"I'm"	-8.720716004816685
2042	(-1, -1)	b'\xe7\x94\x9f\xe6\xb4\xbb'	-8.917498597928649
2043	(-1, -1)	b'\xe9\xbe\x99'	-8.851603140790605
2044	(-1, -1)	b'\xdb\x92'	-9.360327608147971
2045	(-1, -1)	b' few'	-8.723681015822976
2046	(-1, -1)	b'\xe5\xad\x97'	-9.159520626484586
2047	(-1, -1)	b'\xe4\xbb\x8d'	-9.06945032291429
2048	(-1, -1)	b' told'	-8.724332057512637
2049	(-1, -1)	b' \xd8\xa7\xd9\x84'	-8.912892508279603
2050	(-1, -1)	b' Mon'	-10.27375848068194
2051	(-1, -1)	b'\xe9\x92\xb1'	-8.727859110374435
2052	(-1, -1)	b' gl'	-9.77296867297534
2053	(-1, -1)	b'ures'	-10.269359927023064
2054	(-1, -1)	b' always'	-8.730149172102768
2055	(-1, -1)	b' If'	-8.730763473047633
2056	(-1, -1)	b' such'	-8.731173216758677
2057	(-1, -1)	b" doesn't"	-8.731398647383358
2058	(-1, -1)	b'\xe0\xa4\x95'	-9.555159337265286
2059	(-1, -1)	b'\xe8\x91'	-10.195981431553324
2060	(-1, -1)	b'\xe6\x97\xb6\xe5\x80\x99'	-9.868644815891184
2061	(-1, -1)	b'\xe6\x99\xae'	-9.357678599976394
2062	(-1, -1)	b' used'	-8.736247440578188
2063	(-1, -1)	b'\xe0\xae\xbf'	-9.032575755744833
2064	(-1, -1)	b'\xd0\xb9'	-9.134397031961944
2065	(-1, -1)	b'ada'	-8.976847956211866
2066	(-1, -1)	b'\xe4\xb9\x9f\xe6\x98\xaf'	-8.81953234429974
2067	(-1, -1)	b' sign'	-9.456745540021448
2068	(-1, -1)	b'\xe7\x99\xbe'	-8.965283219189876
2069	(-1, -1)	b'\xe0\xb0\xbf'	-9.110757418551707
2070	(-1, -1)	b'ms'	-9.442454778993396
2071	(-1, -1)	b' keep'	-8.892965568855747
2072	(-1, -1)	b' actually'	-8.747952203232572
2073	(-1, -1)	b'\xe4\xb9\xa6'	-8.942724620254541
2074	(-1, -1)	b'ana'	-8.763894737303078
2075	(-1, -1)	b'\xe5\xa2\x83'	-9.496955651111971
2076	(-1, -1)	b'ins'	-9.292198780568206
2077	(-1, -1)	b'ital'	-10.504960287159541
2078	(-1, -1)	b'\xe0\xb7\x92'	-9.08337058704987
2079	(-1, -1)	b'What'	-8.869914185044145
2080	(-1, -1)	b'uk'	-9.540460350059648
2081	(-1, -1)	b'!!'	-9.972394676757144
2082	(-1, -1)	b' This'	-8.752086683960277
2083	(-1, -1)	b'ex'	-8.80350002577221
2084	(-1, -1)	b' \xe0\xa4\x95'	-10.321351470040602
2085	(-1, -1)	b'ird'	-10.502909499300427
2086	(-1, -1)	b'\xdb\x81'	-9.446427269529696
2087	(-1, -1)	b' point'	-8.698555933047459
2088	(-1, -1)	b' An'	-9.131824210548245
2089	(-1, -1)	b'\xe8\xb4\xa7'	-9.730275970266787
2090	(-1, -1)	b'\xe4\xb8\xbe'	-9.55679557801743
2091	(-1, -1)	b'\xe5\xb8\x81'	-10.233101329647003
2092	(-1, -1)	b'\xe5\xbd\xb1\xe5\x93\x8d'	-9.021885770762747
2093	(-1, -1)	b' 2017'	-8.76057609173004
2094	(-1, -1)	b'DA'	-10.292524750117803
2095	(-1, -1)	b' found'	-8.763958258270312
2096	(-1, -1)	b'\xe8\xaa'	-10.092795456881522
2097	(-1, -1)	b'\xe5\xae\x98'	-9.33500980016368
2098	(-1, -1)	b' law'	-9.417967797645854
2099	(-1, -1)	b'\xdb\x90'	-9.206522969041623
2100	(-1, -1)	b' care'	-9.133783854765186
2101	(-1, -1)	b'\xe8\xbd\xbb'	-9.469055353646182
2102	(-1, -1)	b'med'	-9.371499612938488
2103	(-1, -1)	b'ern'	-8.807649958883562
2104	(-1, -1)	b'\xe7\xbb\xa7'	-10.126959007055657
2105	(-1, -1)	b'\xe5\xa9'	-10.219847628028297
2106	(-1, -1)	b' disc'	-9.2124737932675
2107	(-1, -1)	b' ya'	-8.375613625850455
2108	(-1, -1)	b' top'	-8.74215520599975
2109	(-1, -1)	b'orn'	-9.770416467413638
2110	(-1, -1)	b' ob'	-9.4996917516715
2111	(-1, -1)	b'ari'	-9.420414182295776
2112	(-1, -1)	b'\xe7\xa6\xbb'	-9.319574812193027
2113	(-1, -1)	b'\xe5\x88\xb8'	-10.593938665327327
2114	(-1, -1)	b' Le'	-8.907451718444532
2115	(-1, -1)	b'\xe5\x88\x87'	-9.418375113035788
2116	(-1, -1)	b'ata'	-9.995633189318095
2117	(-1, -1)	b'\xe0\xb0\xbe'	-9.000762139311455
2118	(-1, -1)	b' hard'	-8.886865353003234
2119	(-1, -1)	b' company'	-8.960271842717264
2120	(-1, -1)	b'\xe1\x89\xb5'	-8.740809464034145
2121	(-1, -1)	b' cent'	-9.500310618281297
2122	(-1, -1)	b'\xe5\xba\xa7'	-8.954183582950494
2123	(-1, -1)	b'\xe5\x88\x9d'	-8.928695477527873
2124	(-1, -1)	b'\xc5\x9f'	-9.048884410978701
2125	(-1, -1)	b' another'	-8.792197500405042
2126	(-1, -1)	b' four'	-9.03047282193166
2127	(-1, -1)	b'\xe5\x9c\x9f'	-9.417031601383316
2128	(-1, -1)	b'\xe9\xa6\x99'	-9.96751472082304
2129	(-1, -1)	b'\xe7\x8a\xb6'	-9.911740862548244
2130	(-1, -1)	b' between'	-8.795338864244876
2131	(-1, -1)	b'\xe0\xaf\x81'	-9.117368615513913
2132	(-1, -1)	b' bad'	-8.794312472793926
2133	(-1, -1)	b' things'	-8.79822714247698
2134	(-1, -1)	b'\xe6\x97\xa9'	-8.798402458045452
2135	(-1, -1)	b' stat'	-10.010620493279179
2136	(-1, -1)	b'If'	-8.798687411413667
2137	(-1, -1)	b"'ll"	-9.44458541711064
2138	(-1, -1)	b' Ind'	-10.05844618457603
2139	(-1, -1)	b'\xe7\x9a\x84\xe4\xba\xba'	-9.263491384916692
2140	(-1, -1)	b'\xe6\x89\x80\xe4\xbb\xa5'	-8.803742367232513
2141	(-1, -1)	b' spec'	-10.00445216706846
2142	(-1, -1)	b'\xe9\xbb\x84'	-9.079879572856823
2143	(-1, -1)	b' school'	-9.02617007919455
2144	(-1, -1)	b'\xe6\x8b\x9b'	-9.353813676003368
2145	(-1, -1)	b'\xe0\xab\x87'	-9.321089152544102
2146	(-1, -1)	b'\xe5\x8d\xab'	-9.348139091605473
2147	(-1, -1)	b'ars'	-9.641915956655392
2148	(-1, -1)	b'\xe6\xb3\xa2'	-8.93465517965485
2149	(-1, -1)	b'\xe7\x94\xb1\xe4\xba\x8e'	-8.86812666428218
2150	(-1, -1)	b'\xe5\x9f\x9f'	-10.256561724181198
2151	(-1, -1)	b'\xe4\xb8\x8d\xe8\xbf\x87'	-8.81662660006161
2152	(-1, -1)	b'\xe8\x99\xbd'	-10.945948087973015
2153	(-1, -1)	b' open'	-9.16150384845267
2154	(-1, -1)	b" I've"	-8.812528233669328
2155	(-1, -1)	b'\xe5\xae\x9d'	-8.954260418356286
2156	(-1, -1)	b' Is'	-9.593341725688228
2157	(-1, -1)	b'\xe7\xb4\xa2'	-9.459161460835409
2158	(-1, -1)	b'\xd0\xbf'	-8.814686691989065
2159	(-1, -1)	b' coll'	-10.615688805536521
2160	(-1, -1)	b'\xe5\xbc\x80\xe5\x8f\x91'	-9.34924102009163
2161	(-1, -1)	b'\xe9\x98\xb3'	-9.385120175758667
2162	(-1, -1)	b'\xe4\xbd\x9c\xe4\xb8\xba'	-8.819577114071196
2163	(-1, -1)	b'\xe8\x81\x8c'	-9.30674001920925
2164	(-1, -1)	b' life'	-8.70091894410541
2165	(-1, -1)	b'au'	-8.917720817408336
2166	(-1, -1)	b'\xe6\xbd'	-10.971034922402751
2167	(-1, -1)	b' cap'	-9.446552973998656
2168	(-1, -1)	b' leg'	-9.812175447324618
2169	(-1, -1)	b'\xe4\xbd\xbf\xe7\x94\xa8'	-8.819890558605275
2170	(-1, -1)	b'\xe5\xae\xb6\xe5\x85\xb7'	-8.8671871457163
2171	(-1, -1)	b'\xe6\x93'	-9.729107973248663
2172	(-1, -1)	b'\xe4\xbe\x8b'	-9.568372177893005
2173	(-1, -1)	b' state'	-8.818033714035476
2174	(-1, -1)	b'\xe6\x95\xb0\xe6\x8d\xae'	-9.08833714609176
2175	(-1, -1)	b'tt'	-9.955104395022309
2176	(-1, -1)	b'\xe5\xa5\xa5'	-9.240756468663639
2177	(-1, -1)	b'\xe6\x8e\xa7'	-9.344802722116924
2178	(-1, -1)	b'.com'	-8.839769770857385
2179	(-1, -1)	b'\xe5\xb1\x82'	-8.945843719006142
2180	(-1, -1)	b' friend'	-9.44646916926364
2181	(-1, -1)	b'\xe4\xbb\x8b'	-10.149131009233152
2182	(-1, -1)	b'\xe5\x88\x9a'	-9.50194804037175
2183	(-1, -1)	b'\xe4\xbe\x9d'	-9.617955480861866
2184	(-1, -1)	b'\xe5\xa4\xab'	-9.102524709860266
2185	(-1, -1)	b'\xe9\x87\x8d\xe8\xa6\x81'	-9.711804406013716
2186	(-1, -1)	b' mean'	-8.981627377074522
2187	(-1, -1)	b'2009'	-8.831240498038587
2188	(-1, -1)	b'60'	-8.740044234376212
2189	(-1, -1)	b'less'	-8.856910283109666
2190	(-1, -1)	b'ama'	-9.931757031025318
2191	(-1, -1)	b'ists'	-9.492909377394191
2192	(-1, -1)	b'\xe1\xba\xb9'	-9.033434802809703
2193	(-1, -1)	b'\xe7\x94\xb3'	-10.502066278145845
2194	(-1, -1)	b'\xe4\xb8\xad\xe7\x9a\x84'	-8.970085616634352
2195	(-1, -1)	b'\xe8\xb4\xa3'	-10.65041404023855
2196	(-1, -1)	b' bit'	-8.836508687706003
2197	(-1, -1)	b'eri'	-11.066479830297125
2198	(-1, -1)	b'\xe8\xbf\x9c'	-8.975774418803342
2199	(-1, -1)	b'\xe4\xb9\xa0'	-10.398851349791522
2200	(-1, -1)	b'24'	-9.00914188845587
2201	(-1, -1)	b' Z'	-8.979917817592895
2202	(-1, -1)	b' \xd0\xb1'	-8.959318909801162
2203	(-1, -1)	b' might'	-8.845565560519228
2204	(-1, -1)	b'\xe7\x9f\xad'	-9.099262354514146
2205	(-1, -1)	b'\xe4\xbd\xb3'	-9.915417460158766
2206	(-1, -1)	b'\xe4\xbf\xa1\xe6\x81\xaf'	-9.24212179638367
2207	(-1, -1)	b' little'	-8.8472671406396
2208	(-1, -1)	b'\xe5\xb0\xbd'	-9.47593621337536
2209	(-1, -1)	b'\xe7\xa6\x8f'	-8.980233208680454
2210	(-1, -1)	b'dd'	-8.979838985360981
2211	(-1, -1)	b'\xe5\x8f\x91\xe7\x8e\xb0'	-8.843110276411943
2212	(-1, -1)	b'\xe6\x94\xbb'	-9.72927474646527
2213	(-1, -1)	b'\xe5\x8d\x8f'	-9.77645948406033
2214	(-1, -1)	b'\xe4\xbc\xa4'	-9.195084909068123
2215	(-1, -1)	b'\xe6\xac\xa2'	-10.54701074595206
2216	(-1, -1)	b'\xe8\xb7\x8c'	-9.629662638787424
2217	(-1, -1)	b'ered'	-9.827206918536323
2218	(-1, -1)	b'\xe8\x87\xaa\xe5\xb7\xb1\xe7\x9a\x84'	-8.842171061846928
2219	(-1, -1)	b' group'	-9.163775214456475
2220	(-1, -1)	b'\xe7\x9f\xb3'	-8.984711968439475
2221	(-1, -1)	b' mod'	-10.044633810288419
2222	(-1, -1)	b'\xe6\xb6\x88\xe8\xb4\xb9'	-9.682941752062886
2223	(-1, -1)	b'\xe5\x90\xa6'	-10.673299627265608
2224	(-1, -1)	b'\xe4\xba\xba\xe7\x9a\x84'	-9.27740587505055
2225	(-1, -1)	b' million'	-8.861265051702341
2226	(-1, -1)	b'\xe8\x8e\xb7\xe5\xbe\x97'	-8.86142843323359
2227	(-1, -1)	b'min'	-8.808667995930653
2228	(-1, -1)	b'\xe8\x8c\x83'	-9.63551739734775
2229	(-1, -1)	b'\xe7\xa8\xb3'	-9.625845265122676
2230	(-1, -1)	b' ed'	-10.248213099169458
2231	(-1, -1)	b'\xe5\xba\xb7'	-9.983803000131651
2232	(-1, -1)	b'\xe6\x89\xbe'	-9.561109365360569
2233	(-1, -1)	b' let'	-9.056827354300419
2234	(-1, -1)	b'\xe6\x94\xbf\xe7\xad\x96'	-9.006817625903082
2235	(-1, -1)	b' direct'	-10.253739786460539
2236	(-1, -1)	b'\xe7\xba\xb3'	-8.981653700830398
2237	(-1, -1)	b' pay'	-8.971622055264225
2238	(-1, -1)	b'\xe6\x8f\x90\xe4\xbe\x9b'	-9.134611732838442
2239	(-1, -1)	b' kill'	-9.796890587160183
2240	(-1, -1)	b'\xe7\xaa\x81'	-10.234113987961388
2241	(-1, -1)	b'\xe7\xaf\xae'	-9.777159110954539
2242	(-1, -1)	b' u'	-8.898158378234847
2243	(-1, -1)	b' inter'	-9.258965387565546
2244	(-1, -1)	b'\xe7\x9b\x91'	-9.74068107644958
2245	(-1, -1)	b'\xe6\x8c\x89'	-9.35224899920963
2246	(-1, -1)	b' pass'	-9.219728642219621
2247	(-1, -1)	b'\xe7\x82\xba'	-8.880373838357587
2248	(-1, -1)	b'year'	-10.857451952921505
2249	(-1, -1)	b'\xe8\xae\xaf'	-9.320867398468462
2250	(-1, -1)	b' happen'	-9.783477877590455
2251	(-1, -1)	b' av'	-10.528542539492934
2252	(-1, -1)	b' place'	-8.837761692232673
2253	(-1, -1)	b' child'	-9.785534222135755
2254	(-1, -1)	b'\xe8\xbd\xae'	-8.94754684223331
2255	(-1, -1)	b'\xe4\xba\xbf\xe5\x85\x83'	-8.882779374630053
2256	(-1, -1)	b' trans'	-9.279353847119893
2257	(-1, -1)	b'\xe5\x8d\xa0'	-9.089128227423943
2258	(-1, -1)	b'-t'	-9.966668458431208
2259	(-1, -1)	b' kind'	-9.080983742662454
2260	(-1, -1)	b'und'	-9.27949566594658
2261	(-1, -1)	b'\xe5\x85\xb4'	-9.154657948081965
2262	(-1, -1)	b'\xe6\x98\xbe\xe7\xa4\xba'	-9.32809969703032
2263	(-1, -1)	b'nes'	-10.006210666935447
2264	(-1, -1)	b"'ve"	-9.702451428642744
2265	(-1, -1)	b' give'	-8.889118577984538
2266	(-1, -1)	b'ON'	-9.193489415184903
2267	(-1, -1)	b' sk'	-9.300782214686274
2268	(-1, -1)	b'ane'	-9.293168834715807
2269	(-1, -1)	b'100'	-8.896488908568958
2270	(-1, -1)	b'\xe4\xb8\x8d\xe5\x90\x8c'	-9.296481288237853
2271	(-1, -1)	b'\xe9\x80\x81'	-8.894677423259877
2272	(-1, -1)	b'\xe4\xb9\x8b\xe5\x90\x8e'	-8.894870492089513
2273	(-1, -1)	b'ines'	-10.539482479531268
2274	(-1, -1)	b' sim'	-10.926248510206948
2275	(-1, -1)	b' old'	-9.078631586161494
2276	(-1, -1)	b' miss'	-9.894147816193307
2277	(-1, -1)	b'\xe6\x96\xbc'	-9.399808225138296
2278	(-1, -1)	b'\xe9\x83\xbd\xe6\x98\xaf'	-8.872436254476854
2279	(-1, -1)	b' U.S'	-8.90128705667797
2280	(-1, -1)	b'\xe5\x9b\xb4'	-9.53614287137059
2281	(-1, -1)	b' det'	-10.004598590672206
2282	(-1, -1)	b'\xe4\xba\xb2'	-9.430095117695199
2283	(-1, -1)	b'\xe8\xa1\xa8\xe7\x8e\xb0'	-9.1850658573094
2284	(-1, -1)	b'sc'	-9.583971034503831
2285	(-1, -1)	b'\xe5\x8f\xa4'	-8.903865255313864
2286	(-1, -1)	b'ked'	-9.862591721490846
2287	(-1, -1)	b'\xe6\x94\xaf\xe6\x8c\x81'	-8.904742384234948
2288	(-1, -1)	b'\xe7\xbf'	-9.511516213766523
2289	(-1, -1)	b' government'	-8.83824052662213
2290	(-1, -1)	b'yn'	-9.22501983704309
2291	(-1, -1)	b' thought'	-8.81542207626047
2292	(-1, -1)	b'But'	-8.907696163433405
2293	(-1, -1)	b'ats'	-9.672854792676214
2294	(-1, -1)	b'\xe5\x85\xb6\xe4\xbb\x96'	-8.909751863829404
2295	(-1, -1)	b'\xe5\xba\x97'	-9.175593504948631
2296	(-1, -1)	b' 2018'	-8.909311000710261
2297	(-1, -1)	b' cor'	-9.865072244308287
2298	(-1, -1)	b'\xe4\xbf\xae'	-9.427666083379576
2299	(-1, -1)	b' ve'	-9.762626243648691
2300	(-1, -1)	b'\xe7\xa2'	-9.330410199660633
2301	(-1, -1)	b'\xe7\x9c\xbc'	-9.021967988447818
2302	(-1, -1)	b' support'	-8.731890672486564
2303	(-1, -1)	b' different'	-8.913212032437118
2304	(-1, -1)	b'mm'	-8.485887731878018
2305	(-1, -1)	b'\xe9\xb2'	-10.782669312096498
2306	(-1, -1)	b' US'	-9.0545595867951
2307	(-1, -1)	b' mid'	-9.311012203604944
2308	(-1, -1)	b'\xe6\xad\xa6'	-9.427049471845846
2309	(-1, -1)	b'\xe0\xa8\xbe\xe0\xa8'	-9.686610895526767
2310	(-1, -1)	b'\xc3\xa1'	-9.021584363737682
2311	(-1, -1)	b'\xe5\x85\x85'	-9.871140417890294
2312	(-1, -1)	b'iting'	-10.146258657845458
2313	(-1, -1)	b'ivers'	-10.180235845224718
2314	(-1, -1)	b'ional'	-9.99360346770789
2315	(-1, -1)	b'\xe5\xb7\xae'	-9.237487267727104
2316	(-1, -1)	b'\xe8\xbf\x99\xe4\xb8\x80'	-9.109440407974919
2317	(-1, -1)	b'\xe8\xae\xbf'	-9.89894524924362
2318	(-1, -1)	b'\xe9\x9f\xb3'	-9.364681052505611
2319	(-1, -1)	b' dem'	-10.043415226740823
2320	(-1, -1)	b'\xe6\x9d\xa5\xe7\x9a\x84'	-10.365214095999194
2321	(-1, -1)	b'\xe7\x86'	-10.39624831144536
2322	(-1, -1)	b' rep'	-9.480000908066197
2323	(-1, -1)	b' left'	-8.915008182271054
2324	(-1, -1)	b'con'	-9.059726236566943
2325	(-1, -1)	b' already'	-8.925455114763361
2326	(-1, -1)	b'\xe5\xae\xa4'	-9.391802287489053
2327	(-1, -1)	b'\xe0\xb1\x81'	-9.42033253964561
2328	(-1, -1)	b'\xe8\xb7\x9f'	-9.00943956791142
2329	(-1, -1)	b'40'	-8.799104027836572
2330	(-1, -1)	b'\xe7\xbb\x86'	-9.457168963832661
2331	(-1, -1)	b'\xe7\x97\x85'	-9.06873208687106
2332	(-1, -1)	b'\xe5\x89\xa7'	-9.059583938452153
2333	(-1, -1)	b'\xe6\xaf\x94\xe8\xbe\x83'	-8.9346049498535
2334	(-1, -1)	b'\xe4\xba\x86\xe4\xb8\x80'	-9.81145089711782
2335	(-1, -1)	b'\xe5\xa5\xbd\xe7\x9a\x84'	-9.950585320345121
2336	(-1, -1)	b' Ph'	-10.454911578080997
2337	(-1, -1)	b'\xe7\x90\x83\xe9\x98\x9f'	-9.088044311746057
2338	(-1, -1)	b' Cl'	-9.210949655269925
2339	(-1, -1)	b'cept'	-10.315339427883975
2340	(-1, -1)	b'\xe0\xa4\x82'	-9.053767081588186
2341	(-1, -1)	b'ically'	-9.838553158529267
2342	(-1, -1)	b'\xe8\x99\xbd\xe7\x84\xb6'	-8.93790034306275
2343	(-1, -1)	b' getting'	-8.938076738794432
2344	(-1, -1)	b'ism'	-9.114658749951007
2345	(-1, -1)	b'\xe5\x8e\x8b'	-9.601283495608232
2346	(-1, -1)	b' business'	-9.15628666394926
2347	(-1, -1)	b'\xe8\x83\xbd\xe5\x8a\x9b'	-8.94234490706001
2348	(-1, -1)	b'\xc2\xa0 '	-9.28725536886778
2349	(-1, -1)	b'23'	-9.028732946598042
2350	(-1, -1)	b'ted'	-9.03124707260633
2351	(-1, -1)	b'ling'	-8.862783193788363
2352	(-1, -1)	b'\xe6\x97\xa5\xe6\x9c\xac'	-8.945538988055816
2353	(-1, -1)	b'\xe7\xac\xac\xe4\xba\x8c'	-8.945996119311237
2354	(-1, -1)	b'ER'	-9.08564629919174
2355	(-1, -1)	b' rest'	-9.485039796274371
2356	(-1, -1)	b'\xe8\xa6\x81\xe6\xb1\x82'	-9.119269900207916
2357	(-1, -1)	b'\xe6\x99\x9a'	-9.46670095089768
2358	(-1, -1)	b'\xe5\xa4\xa7\xe5\xae\xb6'	-8.961690044932713
2359	(-1, -1)	b' ref'	-9.473393382568718
2360	(-1, -1)	b' someone'	-8.940751684240855
2361	(-1, -1)	b'\xe7\xa0\xb4'	-9.36163550185649
2362	(-1, -1)	b' May'	-9.216593947953015
2363	(-1, -1)	b' Gr'	-9.131243179660812
2364	(-1, -1)	b' games'	-8.950476892611663
2365	(-1, -1)	b'\xe0\xa6\xbe\xe0\xa6'	-9.238201492738334
2366	(-1, -1)	b'\xe5\xb8\x8c\xe6\x9c\x9b'	-8.956645248894347
2367	(-1, -1)	b'\xe5\xb0\x9a'	-10.18891363996182
2368	(-1, -1)	b' public'	-8.95690202126705
2369	(-1, -1)	b'\xc3\xa7'	-9.251731644851633
2370	(-1, -1)	b'ject'	-10.202296212176398
2371	(-1, -1)	b'IN'	-10.026284671620221
2372	(-1, -1)	b' 200'	-10.026883429216136
2373	(-1, -1)	b' Jo'	-9.669078630429588
2374	(-1, -1)	b'\xe5\x85\xb3\xe6\xb3\xa8'	-8.960735760251357
2375	(-1, -1)	b'ize'	-9.323124192929699
2376	(-1, -1)	b'\xe4\xb8\xad\xe5\xbf\x83'	-8.9611483121485
2377	(-1, -1)	b'\xe6\xbf\x80'	-9.73339731497814
2378	(-1, -1)	b' air'	-8.929569679873957
2379	(-1, -1)	b'\xe6\x9d\x91'	-9.537151675564727
2380	(-1, -1)	b'\xe6\x95\x99\xe8\x82\xb2'	-9.090624201772718
2381	(-1, -1)	b'\xe6\x8a\xa4'	-9.846522816551644
2382	(-1, -1)	b'\xe4\xb8\x8d\xe4\xbc\x9a'	-9.00995395032547
2383	(-1, -1)	b'\xe2\x80\x94\xe2\x80\x94'	-9.03754626233366
2384	(-1, -1)	b'\xe0\xb6\xb1'	-9.545397720217093
2385	(-1, -1)	b' near'	-9.344727024754942
2386	(-1, -1)	b' police'	-8.943028494655461
2387	(-1, -1)	b' Q'	-9.81453386767215
2388	(-1, -1)	b' del'	-10.378746388345675
2389	(-1, -1)	b'\xe5\x8c\x85\xe6\x8b\xac'	-8.965335013875753
2390	(-1, -1)	b'\xe5\xaf\x86'	-9.159457731424972
2391	(-1, -1)	b' inform'	-10.661085301290516
2392	(-1, -1)	b' par'	-9.791314585051255
2393	(-1, -1)	b'\xe8\xbf\x98\xe6\x9c\x89'	-8.986456201023131
2394	(-1, -1)	b'\xe6\xbe'	-10.593410821556823
2395	(-1, -1)	b'\xe9\xbb\x91'	-9.252766770194215
2396	(-1, -1)	b'\xe7\xb4\xa7'	-9.164280663843323
2397	(-1, -1)	b'ye'	-8.697525107304479
2398	(-1, -1)	b' without'	-8.972482449795136
2399	(-1, -1)	b'\xe5\x93\x81\xe7\x89\x8c'	-8.970996778428598
2400	(-1, -1)	b' As'	-9.174156424847574
2401	(-1, -1)	b'\xe4\xba\xa4\xe6\x98\x93'	-9.175625463530313
2402	(-1, -1)	b'\xe7\x91'	-10.268692274749705
2403	(-1, -1)	b'\xe9\x94\x80\xe5\x94\xae'	-8.97800132864306
2404	(-1, -1)	b'\xe6\x8a\x80\xe6\x9c\xaf'	-8.977791525594903
2405	(-1, -1)	b' 15'	-8.994289797915217
2406	(-1, -1)	b'ral'	-9.819936825116791
2407	(-1, -1)	b' inf'	-10.094796658269821
2408	(-1, -1)	b' full'	-9.190857535446927
2409	(-1, -1)	b'\xe7\x84\xa6'	-9.841223387085147
2410	(-1, -1)	b' ever'	-8.980522404586404
2411	(-1, -1)	b' including'	-8.981390494448755
2412	(-1, -1)	b'\xe7\x8b\xac'	-9.217260081737306
2413	(-1, -1)	b'\xe5\xb2\x81'	-9.367542284786644
2414	(-1, -1)	b'ised'	-9.902641135182417
2415	(-1, -1)	b' country'	-9.135378898200194
2416	(-1, -1)	b' interest'	-9.798378815550468
2417	(-1, -1)	b'\xe6\xb9\x96'	-9.888199503070021
2418	(-1, -1)	b'cc'	-9.932846800919302
2419	(-1, -1)	b'\xe9\xa2\x91'	-9.94622469741182
2420	(-1, -1)	b'\xe6\xb8\xa9'	-9.242941888690012
2421	(-1, -1)	b'\xd0\xb8\xd0\xbd'	-9.528609105171165
2422	(-1, -1)	b'\xe8\xbf\x99\xe7\xa7\x8d'	-8.988707052662585
2423	(-1, -1)	b' Monday'	-8.98876007493195
2424	(-1, -1)	b'\xe0\xa4\xa4'	-9.09427083562203
2425	(-1, -1)	b'\xe6\xa6'	-10.58343436706045
2426	(-1, -1)	b' far'	-8.880802124268769
2427	(-1, -1)	b' night'	-8.931520655980535
2428	(-1, -1)	b' cre'	-9.43364634577384
2429	(-1, -1)	b'\xd0\xb5\xd0\xbd'	-9.138237931458693
2430	(-1, -1)	b'\xe4\xb8\x8a\xe7\x9a\x84'	-9.409411899295868
2431	(-1, -1)	b' \xd8\xaa'	-9.118243361063998
2432	(-1, -1)	b'\xe7\x95\xa5'	-9.941195579995282
2433	(-1, -1)	b'\xe0\xa6\xbf'	-8.99495649127431
2434	(-1, -1)	b'90'	-8.975643578415344
2435	(-1, -1)	b'\xe5\xa3\xb0'	-9.28775576204428
2436	(-1, -1)	b'\xe4\xb8\x80\xe7\x9b\xb4'	-8.978447306325334
2437	(-1, -1)	b'\xe6\x96\xb0\xe6\xb5\xaa'	-9.421517010958556
2438	(-1, -1)	b'\xe6\x9b\xb4\xe5\xa4\x9a'	-9.54322596601923
2439	(-1, -1)	b'\xe4\xb9\x89'	-9.63891470812235
2440	(-1, -1)	b'\xe5\xaa\x92'	-11.005892573266873
2441	(-1, -1)	b'\xe6\x9d\xbe'	-9.892182921665404
2442	(-1, -1)	b'\xe6\xad\xbb'	-9.286005480302244
2443	(-1, -1)	b'ike'	-9.74372230429486
2444	(-1, -1)	b'\xe5\x8d\x96'	-9.305829521103922
2445	(-1, -1)	b'No'	-8.836349326969874
2446	(-1, -1)	b'AT'	-9.340346353096859
2447	(-1, -1)	b'\xe7\xbe\xa4'	-9.23619615583261
2448	(-1, -1)	b'ider'	-10.204350426269011
2449	(-1, -1)	b'\xe5\x8a\x9f\xe8\x83\xbd'	-9.00908777443762
2450	(-1, -1)	b' least'	-9.009358373816893
2451	(-1, -1)	b'ley'	-9.00054750673477
2452	(-1, -1)	b'\xe7\xae\x80'	-9.8613854870177
2453	(-1, -1)	b'ately'	-11.014498650600547
2454	(-1, -1)	b' \xd0\xb4'	-10.795988934514599
2455	(-1, -1)	b' money'	-9.011905593577488
2456	(-1, -1)	b' 30'	-8.995009845949527
2457	(-1, -1)	b'\xe7\xba\xaa'	-9.794870144352588
2458	(-1, -1)	b'\xe4\xba\xba\xe5\x91\x98'	-9.278538778945705
2459	(-1, -1)	b'\xe4\xb8\x80\xe5\xae\x9a'	-9.491330498946818
2460	(-1, -1)	b' tell'	-9.40518134845465
2461	(-1, -1)	b' sit'	-10.270696570338357
2462	(-1, -1)	b' She'	-9.065377581668319
2463	(-1, -1)	b' Bl'	-9.956219921875771
2464	(-1, -1)	b' free'	-8.952111255446415
2465	(-1, -1)	b' doing'	-9.016501552335761
2466	(-1, -1)	b' job'	-9.3197593651141
2467	(-1, -1)	b' probably'	-9.0174287408396
2468	(-1, -1)	b'ii'	-9.284543309253058
2469	(-1, -1)	b'22'	-9.053116564687162
2470	(-1, -1)	b' seen'	-9.019613757959984
2471	(-1, -1)	b'\xe5\xbf\x97'	-9.426433240287615
2472	(-1, -1)	b'\xe6\x9c\x8d\xe5\x8a\xa1'	-9.019176372425006
2473	(-1, -1)	b'Yeah'	-8.918610189471504
2474	(-1, -1)	b' conc'	-9.630669637513071
2475	(-1, -1)	b'way'	-9.060523480423413
2476	(-1, -1)	b' \xd0\xb2'	-9.12281047675307
2477	(-1, -1)	b'\xe5\xb9\xb4\xe7\x9a\x84'	-9.67017853888145
2478	(-1, -1)	b'\xe5\xbe\xae'	-9.524342383614943
2479	(-1, -1)	b'\xe6\x8b\x85'	-10.407906121742549
2480	(-1, -1)	b' away'	-9.022763108100374
2481	(-1, -1)	b'\xe5\xbe\x85'	-9.62049538610937
2482	(-1, -1)	b' days'	-9.0243277744183
2483	(-1, -1)	b'\xe5\xb8\xad'	-9.99165013013618
2484	(-1, -1)	b'\xe7\xbb\x9d'	-9.699532980913835
2485	(-1, -1)	b'\xe6\xb2\xb9'	-9.482082886697233
2486	(-1, -1)	b'\xe4\xb8\x93\xe4\xb8\x9a'	-9.026032476508329
2487	(-1, -1)	b'\xe4\xb8\x87\xe5\x85\x83'	-9.04899703627446
2488	(-1, -1)	b'\xe8\x89\xba'	-10.006577410622398
2489	(-1, -1)	b'\xe7\xa4\xbe\xe4\xbc\x9a'	-9.026638070008449
2490	(-1, -1)	b'ball'	-10.413621051023611
2491	(-1, -1)	b' shit'	-9.114628681545382
2492	(-1, -1)	b'\xe4\xb8\x8a\xe6\xb5\xb7'	-9.030389902046043
2493	(-1, -1)	b'\xe6\xb2\xb3'	-9.185388531637004
2494	(-1, -1)	b' mat'	-10.705389495057128
2495	(-1, -1)	b'\xe4\xb8\xa5'	-9.954129328779851
2496	(-1, -1)	b'\xe6\x8d\xa2'	-9.029229745018506
2497	(-1, -1)	b' enough'	-9.029920152524424
2498	(-1, -1)	b'\xe6\x96\xb9\xe5\xbc\x8f'	-9.29223469172401
2499	(-1, -1)	b'\xe5\xa8\x81'	-9.517121483930046
2500	(-1, -1)	b' 12'	-8.939211454921985
2501	(-1, -1)	b' turn'	-9.634657225766391
2502	(-1, -1)	b" isn't"	-9.033102180914572
2503	(-1, -1)	b'ights'	-10.273471027989883
2504	(-1, -1)	b' list'	-9.52783611434036
2505	(-1, -1)	b'ES'	-9.616961197906477
2506	(-1, -1)	b'St'	-9.002615259932004
2507	(-1, -1)	b'\xe0\xa4\xb2'	-9.352020227332321
2508	(-1, -1)	b' So'	-8.642537509959674
2509	(-1, -1)	b'\xe6\xb1\x87'	-9.59557658062414
2510	(-1, -1)	b'\xe5\x8d\x88'	-10.47932855671152
2511	(-1, -1)	b' es'	-9.855439113220793
2512	(-1, -1)	b'\xe5\x90\x88\xe4\xbd\x9c'	-9.03726792788519
2513	(-1, -1)	b'\xe5\x85\xad'	-9.108722768976323
2514	(-1, -1)	b'....'	-9.503543785391217
2515	(-1, -1)	b'\xe8\xa1\xa5'	-9.472317859222985
2516	(-1, -1)	b'And'	-9.040054764680344
2517	(-1, -1)	b'\xe5\x8d\xb1'	-10.812275939489298
2518	(-1, -1)	b'\xe9\x95\x9c'	-10.007017680661797
2519	(-1, -1)	b'\xe7\xab\x9e'	-10.096400507851797
2520	(-1, -1)	b' family'	-9.042122035502613
2521	(-1, -1)	b'\xe8\xbf\x9b\xe5\x85\xa5'	-9.042261870218207
2522	(-1, -1)	b'\xe8\xa1\xa3'	-9.2375892686452
2523	(-1, -1)	b' recent'	-9.671804427577806
2524	(-1, -1)	b' \xd9\xbe'	-9.847460932258834
2525	(-1, -1)	b'\xe5\x98'	-10.499060565032352
2526	(-1, -1)	b'\xe6\x90\xad'	-10.064569048114526
2527	(-1, -1)	b'view'	-10.462058582566463
2528	(-1, -1)	b' build'	-9.814654962368351
2529	(-1, -1)	b' stand'	-9.967655834207878
2530	(-1, -1)	b'\xe5\x9b\xad'	-9.414106553593943
2531	(-1, -1)	b" he's"	-9.047674489475988
2532	(-1, -1)	b' gener'	-10.412959966821484
2533	(-1, -1)	b'\xe6\x89\xb9'	-9.209593139652226
2534	(-1, -1)	b'ards'	-10.473811787041623
2535	(-1, -1)	b'\xe7\x89\x88'	-9.400688401230326
2536	(-1, -1)	b' fact'	-9.088307858798052
2537	(-1, -1)	b'co'	-8.427104956355302
2538	(-1, -1)	b' vis'	-10.34319638238694
2539	(-1, -1)	b' anything'	-9.049729410043147
2540	(-1, -1)	b'\xe9\x9d\x92'	-9.35844570648839
2541	(-1, -1)	b'\xe5\x88\x86\xe6\x9e\x90'	-9.431993042925555
2542	(-1, -1)	b' char'	-10.139532552111215
2543	(-1, -1)	b'\xe6\x8b\x8d\xe6\x91\x84'	-9.053003474497615
2544	(-1, -1)	b' Sp'	-9.138268718214233
2545	(-1, -1)	b'ient'	-9.308819059952286
2546	(-1, -1)	b' looking'	-9.055324383523924
2547	(-1, -1)	b'\xe5\x9b\xa0\xe6\xad\xa4'	-9.055522759674094
2548	(-1, -1)	b'\xe7\x8f\xad'	-9.475979367976725
2549	(-1, -1)	b' develop'	-9.977726127096734
2550	(-1, -1)	b'\xe5\xb7\xa6'	-10.25505569980016
2551	(-1, -1)	b'\xe5\x88\x98'	-9.056458491952826
2552	(-1, -1)	b' each'	-9.056600345985265
2553	(-1, -1)	b' won'	-9.562567125840678
2554	(-1, -1)	b' Mar'	-8.801783287153157
2555	(-1, -1)	b' art'	-9.788302267720713
2556	(-1, -1)	b'\xe4\xb8\x8d\xe8\x83\xbd'	-9.073453150392524
2557	(-1, -1)	b' Can'	-9.790486770434445
2558	(-1, -1)	b' est'	-9.60417374182135
2559	(-1, -1)	b'\xe5\x81\xa5'	-9.819328293484796
2560	(-1, -1)	b' less'	-9.060694401116626
2561	(-1, -1)	b'\xe5\x9f\x8e\xe5\xb8\x82'	-9.061378376178203
2562	(-1, -1)	b' news'	-9.198937597652366
2563	(-1, -1)	b'\xe0\xa9\x80'	-9.129502109837857
2564	(-1, -1)	b'\xe7\x89\x9b'	-9.428241930713686
2565	(-1, -1)	b'\xe5\x9b\xbd\xe5\x86\x85'	-9.070715672635934
2566	(-1, -1)	b'\xe4\xba\x86\xe8\xa7\xa3'	-9.676803517105762
2567	(-1, -1)	b' Sun'	-10.502186694787571
2568	(-1, -1)	b'\xe7\xa7\xbb'	-10.090798252303127
2569	(-1, -1)	b'\xe5\x90\xac'	-9.421803128145932
2570	(-1, -1)	b'-b'	-10.12431459596172
2571	(-1, -1)	b' buy'	-9.27822001997791
2572	(-1, -1)	b'\xd1\x81\xd1\x82'	-9.145716103572676
2573	(-1, -1)	b'\xe8\xb5\x94'	-10.080555596556412
2574	(-1, -1)	b' hour'	-10.25882502201645
2575	(-1, -1)	b'aff'	-10.049829420998078
2576	(-1, -1)	b'urs'	-9.87223019651669
2577	(-1, -1)	b' Pr'	-9.444083681932659
2578	(-1, -1)	b'\xd9\x82'	-9.068961866283837
2579	(-1, -1)	b' reason'	-9.302776305588697
2580	(-1, -1)	b'\xe6\x89\x80\xe6\x9c\x89'	-9.365221739190858
2581	(-1, -1)	b'\xe1\x88\x9d'	-9.07022659769703
2582	(-1, -1)	b'\xe0\xb8\x99'	-9.0033951338471
2583	(-1, -1)	b'26'	-9.236569727350428
2584	(-1, -1)	b'\xe5\x89\xaf'	-9.218193415138392
2585	(-1, -1)	b'\xe6\x80\x9d'	-9.439163315071472
2586	(-1, -1)	b'\xe3\x80\x80'	-10.504598077677766
2587	(-1, -1)	b' pa'	-9.711094430833024
2588	(-1, -1)	b'2010'	-9.06089384552216
2589	(-1, -1)	b'\xe9\x94\x99'	-9.679603381583076
2590	(-1, -1)	b'gram'	-10.300170347055474
2591	(-1, -1)	b'\xe7\xbb\xa7\xe7\xbb\xad'	-9.075330488590295
2592	(-1, -1)	b'\xe8\xb5\x9b\xe5\xad\xa3'	-9.664274192758343
2593	(-1, -1)	b'\xe5\xb8\xae'	-9.850217826235548
2594	(-1, -1)	b'\xe7\xb3\xbb\xe7\xbb\x9f'	-9.077703861629121
2595	(-1, -1)	b'\xe6\x9c\xa8'	-9.295399934277455
2596	(-1, -1)	b'They'	-9.209593139652226
2597	(-1, -1)	b'\xe9\x9c\xb2'	-9.699586948910826
2598	(-1, -1)	b'\xe7\x94\xbb'	-9.344878425209432
2599	(-1, -1)	b'bs'	-9.604664443043228
2600	(-1, -1)	b'\xe8\xaf\x89'	-10.157030145732177
2601	(-1, -1)	b' men'	-8.894942902511819
2602	(-1, -1)	b'\xe5\x8f\xb3'	-10.359142050542367
2603	(-1, -1)	b'\xe6\x8a\xa5\xe9\x81\x93'	-9.242463419781362
2604	(-1, -1)	b'\xe5\x80\x8d'	-9.299587666029268
2605	(-1, -1)	b'\xe8\x80\x8c\xe4\xb8\x94'	-9.087868652290735
2606	(-1, -1)	b'\xe6\xa0\xb8'	-9.63800086331082
2607	(-1, -1)	b'\xe5\x90\x83'	-9.088981683658385
2608	(-1, -1)	b'28'	-9.166780071930845
2609	(-1, -1)	b'\xe8\x83\xbd\xe5\xa4\x9f'	-9.077530009055664
2610	(-1, -1)	b'\xe9\x87\x91\xe8\x9e\x8d'	-9.401529292624701
2611	(-1, -1)	b'\xe6\xa3\x80'	-10.01987056848466
2612	(-1, -1)	b'ness'	-8.9688633610308
2613	(-1, -1)	b'\xd9\x81'	-9.14509594851404
2614	(-1, -1)	b'ret'	-10.529903504750944
2615	(-1, -1)	b'\xe5\x85\xa8\xe5\x9b\xbd'	-9.13648465129993
2616	(-1, -1)	b'\xe5\xb7\xa8'	-9.530156881689923
2617	(-1, -1)	b' \xd1\x82'	-9.76136245671578
2618	(-1, -1)	b'\xe8\x8b\x8f'	-9.75592346011107
2619	(-1, -1)	b'\xe7\x9b\xb8\xe5\x85\xb3'	-9.09719183792021
2620	(-1, -1)	b'\xe4\xbb\xa4'	-9.506920965991727
2621	(-1, -1)	b'\xe5\x9d\x97'	-10.104215880186313
2622	(-1, -1)	b'\xe8\xb0\x88'	-9.249148509557289
2623	(-1, -1)	b' hit'	-9.243488990772388
2624	(-1, -1)	b' level'	-9.364719663289609
2625	(-1, -1)	b'\xe8\xaf\x86'	-10.184784488476756
2626	(-1, -1)	b' met'	-9.746489964001606
2627	(-1, -1)	b' su'	-8.894967040484472
2628	(-1, -1)	b'\xe8\xb5\x84\xe9\x87\x91'	-9.102702962980166
2629	(-1, -1)	b'ger'	-8.927073983652335
2630	(-1, -1)	b' called'	-9.103446026516563
2631	(-1, -1)	b' watch'	-9.439995573452498
2632	(-1, -1)	b' stop'	-9.342345486214613
2633	(-1, -1)	b'oke'	-9.515818259388784
2634	(-1, -1)	b'\xe8\x83\x8c'	-9.519507636380231
2635	(-1, -1)	b'\xe6\x89\xbf'	-9.75964168079501
2636	(-1, -1)	b'\xe7\x96\x91'	-9.826961685256938
2637	(-1, -1)	b' \xd8\xb3'	-9.318283894540263
2638	(-1, -1)	b'\xe5\xb3'	-10.487957961877877
2639	(-1, -1)	b'70'	-9.056061407680655
2640	(-1, -1)	b'ized'	-9.347417796279704
2641	(-1, -1)	b'99'	-9.134182377172019
2642	(-1, -1)	b' Sc'	-9.682623331426539
2643	(-1, -1)	b'\xc3\xad'	-9.10878255255977
2644	(-1, -1)	b'\xe6\x8b\xa5\xe6\x9c\x89'	-9.110428003260862
2645	(-1, -1)	b' que'	-9.003153038917805
2646	(-1, -1)	b' red'	-9.597475269152477
2647	(-1, -1)	b'\xe5\xb9\xb2'	-9.307213806050484
2648	(-1, -1)	b'\xe5\xa2\x9e\xe5\x8a\xa0'	-9.294823689933915
2649	(-1, -1)	b'\xe9\x80\x8f'	-9.769084947837516
2650	(-1, -1)	b'\xe5\x87\x80'	-9.856133141451433
2651	(-1, -1)	b' 0'	-9.50394311983912
2652	(-1, -1)	b' makes'	-9.12910544789542
2653	(-1, -1)	b'\xe6\xb9\xbe'	-10.566725215925143
2654	(-1, -1)	b' case'	-9.114628681545382
2655	(-1, -1)	b' until'	-9.11676578823581
2656	(-1, -1)	b' making'	-9.119934693391075
2657	(-1, -1)	b'\xe6\xad\xa2'	-9.2750733064015
2658	(-1, -1)	b'There'	-9.418945633447366
2659	(-1, -1)	b'\xd8\xb9'	-8.992185963635016
2660	(-1, -1)	b'\xd8\xa7\xd8\xb1'	-9.200378001214336
2661	(-1, -1)	b' plan'	-9.18832966269816
2662	(-1, -1)	b' times'	-9.125572951378404
2663	(-1, -1)	b'\xe8\xae\xa1\xe5\x88\x92'	-9.12359897682425
2664	(-1, -1)	b'\xe6\x9c\xba\xe6\x9e\x84'	-9.126607046181464
2665	(-1, -1)	b'\xe8\xb4\xb7'	-10.477799594343683
2666	(-1, -1)	b'How'	-9.391128098968345
2667	(-1, -1)	b'\xe8\xa1\x80'	-9.127733601022245
2668	(-1, -1)	b' De'	-9.008844297587007
2669	(-1, -1)	b' sw'	-9.36340773224791
2670	(-1, -1)	b'\xe6\x88\xbf\xe5\x9c\xb0\xe4\xba\xa7'	-9.310134368874104
2671	(-1, -1)	b' able'	-9.130998636039124
2672	(-1, -1)	b'\xe5\x86\x9c'	-9.971544276309041
2673	(-1, -1)	b'\xe6\x97\x8f'	-9.395259679611106
2674	(-1, -1)	b'\xd0\xb0\xd0\xbb'	-9.400608353201466
2675	(-1, -1)	b' bro'	-10.703915003489483
2676	(-1, -1)	b' took'	-9.136761280725844
2677	(-1, -1)	b'ces'	-10.420477967958204
2678	(-1, -1)	b'\xe5\xbf\xb5'	-9.867048340568864
2679	(-1, -1)	b' saying'	-9.135102650864992
2680	(-1, -1)	b" I'll"	-9.138915459124659
2681	(-1, -1)	b'\xe0\xb7\x8f'	-9.139840100891877
2682	(-1, -1)	b'\xe7\xab\xaf'	-9.485736812203266
2683	(-1, -1)	b'ym'	-9.67017853888145
2684	(-1, -1)	b'\xe5\x81\x9c'	-9.142835640707322
2685	(-1, -1)	b'\xe8\xbf\xbd'	-9.415649262571554
2686	(-1, -1)	b' deal'	-9.03077692035131
2687	(-1, -1)	b'\xe4\xbb\x96\xe7\x9a\x84'	-9.212838605476172
2688	(-1, -1)	b'\xe5\xad\xa6\xe6\xa0\xa1'	-9.114448290095448
2689	(-1, -1)	b'\xe5\xaa\x92\xe4\xbd\x93'	-9.204613000403565
2690	(-1, -1)	b'\xe9\xa3\x9e'	-9.507232596489517
2691	(-1, -1)	b' meet'	-9.961605868515667
2692	(-1, -1)	b' later'	-9.146864405298718
2693	(-1, -1)	b' camp'	-10.488908193568335
2694	(-1, -1)	b'\xe5\x8d\x83'	-9.415527383191364
2695	(-1, -1)	b'\xe4\xbd\x99'	-9.148667103617454
2696	(-1, -1)	b'ought'	-10.152181342050774
2697	(-1, -1)	b'\xe6\xa0\xb9\xe6\x8d\xae'	-9.150161453386525
2698	(-1, -1)	b'ured'	-10.20820226961248
2699	(-1, -1)	b'**'	-9.323754044194478
2700	(-1, -1)	b'\xe0\xb9\x88'	-9.635770529863972
2701	(-1, -1)	b'ech'	-10.024490546895862
2702	(-1, -1)	b' North'	-9.006089028420941
2703	(-1, -1)	b'\xe0\xb6\xba'	-9.308782548277675
2704	(-1, -1)	b'\xe5\xba\x94\xe8\xaf\xa5'	-9.330186369173987
2705	(-1, -1)	b' health'	-9.372510853349814
2706	(-1, -1)	b'ani'	-9.532848427759511
2707	(-1, -1)	b' went'	-9.15528406337024
2708	(-1, -1)	b'\xe5\x8f\x91\xe7\x94\x9f'	-9.164375464051954
2709	(-1, -1)	b'ush'	-9.376644218563888
2710	(-1, -1)	b'\xc3\xb3'	-9.531661429811521
2711	(-1, -1)	b' \xe0\xa4\xb8'	-9.237487267727104
2712	(-1, -1)	b' past'	-9.154626652605725
2713	(-1, -1)	b' official'	-9.796890587160183
2714	(-1, -1)	b' video'	-9.138915459124659
2715	(-1, -1)	b' came'	-9.137314769255086
2716	(-1, -1)	b' Or'	-9.18187698665525
2717	(-1, -1)	b'\xe1\x88\xad'	-9.139346852222896
2718	(-1, -1)	b' clear'	-9.322161657685832
2719	(-1, -1)	b' Pro'	-9.179018878445898
2720	(-1, -1)	b' having'	-9.160464527382153
2721	(-1, -1)	b'\xe6\x9c\x8b\xe5\x8f\x8b'	-9.655818250484208
2722	(-1, -1)	b'ED'	-9.721576649578514
2723	(-1, -1)	b'\xe4\xba\xae'	-9.50709902867026
2724	(-1, -1)	b'\xe6\xb4\xbe'	-9.339781285556255
2725	(-1, -1)	b' trying'	-9.162228863063527
2726	(-1, -1)	b'\xe8\x97'	-10.30470684398735
2727	(-1, -1)	b'\xe9\xa6\x99\xe6\xb8\xaf'	-9.163964728038849
2728	(-1, -1)	b'ury'	-10.194209794983994
2729	(-1, -1)	b'ten'	-9.714430228091384
2730	(-1, -1)	b' current'	-9.756723140281636
2731	(-1, -1)	b'\xe0\xab\x8d\xe0\xaa'	-9.787830569598759
2732	(-1, -1)	b'oon'	-10.352795465227674
2733	(-1, -1)	b' move'	-9.426022630115138
2734	(-1, -1)	b'\xe5\x85\x8d'	-10.0206886861161
2735	(-1, -1)	b'\xe7\x89\xb9\xe5\x88\xab'	-9.515010214812584
2736	(-1, -1)	b'the'	-8.850055707027233
2737	(-1, -1)	b'\xd0\xb0\xd1\x82'	-10.017791102454972
2738	(-1, -1)	b'gy'	-10.465419151231211
2739	(-1, -1)	b'\xe6\x95\x85'	-10.248213099169458
2740	(-1, -1)	b'str'	-9.59072455751961
2741	(-1, -1)	b'\xe6\x9c\xba\xe4\xbc\x9a'	-9.472963034410421
2742	(-1, -1)	b' power'	-9.215396024210666
2743	(-1, -1)	b'\xe5\xa7\x86'	-9.63891470812235
2744	(-1, -1)	b"'d"	-9.480390949025441
2745	(-1, -1)	b'\xe5\x85\xb3\xe7\xb3\xbb'	-9.17221167426254
2746	(-1, -1)	b'\xd0\xb5\xd1\x80'	-9.284329512216896
2747	(-1, -1)	b'\xe4\xb8\xb4'	-9.649279082420431
2748	(-1, -1)	b' Rep'	-10.19244129156082
2749	(-1, -1)	b'\xe9\xba'	-10.836541713795645
2750	(-1, -1)	b' name'	-9.167667439676212
2751	(-1, -1)	b'ched'	-10.270887665313142
2752	(-1, -1)	b'\xe4\xb8\xbd'	-9.373601026328055
2753	(-1, -1)	b'ither'	-10.478269795363278
2754	(-1, -1)	b' Am'	-9.47718845353727
2755	(-1, -1)	b' information'	-9.170493242067767
2756	(-1, -1)	b'\xe7\xbc\x96'	-9.660426434267338
2757	(-1, -1)	b'21'	-9.10791604021751
2758	(-1, -1)	b' done'	-9.176616686492732
2759	(-1, -1)	b'\xe0\xa7\x8d\xe0\xa6'	-9.649535722996715
2760	(-1, -1)	b'cl'	-9.32338349540749
2761	(-1, -1)	b' \xd0\xbe'	-10.15916425384506
2762	(-1, -1)	b' number'	-9.174731009087854
2763	(-1, -1)	b'ency'	-9.704239126510435
2764	(-1, -1)	b'\xe7\xad\xbe'	-9.538758691682283
2765	(-1, -1)	b'As'	-9.152126182465
2766	(-1, -1)	b'ague'	-10.839405838405403
2767	(-1, -1)	b'nt'	-9.260425394082064
2768	(-1, -1)	b' President'	-9.1850658573094
2769	(-1, -1)	b'\xe6\x8c\x87\xe6\x95\xb0'	-9.355839941678584
2770	(-1, -1)	b'une'	-9.732448733594062
2771	(-1, -1)	b'27'	-9.251662674577794
2772	(-1, -1)	b'\xe8\xaf\xbb'	-9.400648376414935
2773	(-1, -1)	b'\xe4\xb8\xbb\xe5\x9c\xba'	-9.195182675114054
2774	(-1, -1)	b'\xd1\x8c'	-9.675169486749827
2775	(-1, -1)	b'\xe7\xa9\xbf'	-9.349317059936546
2776	(-1, -1)	b'\xe7\x9b\x9f'	-10.971419907970548
2777	(-1, -1)	b'\xe6\x84\xbf'	-9.907280284598764
2778	(-1, -1)	b'\xe4\xbc\xbc'	-10.122747779164873
2779	(-1, -1)	b'\xe0\xab\x80'	-9.501638052104536
2780	(-1, -1)	b' cost'	-9.559419144760046
2781	(-1, -1)	b'\xe6\xbe\xb3'	-10.137272664143776
2782	(-1, -1)	b'\xe9\x9b\xb7'	-9.307797236638796
2783	(-1, -1)	b' No'	-8.845841295815093
2784	(-1, -1)	b'af'	-9.26046018213585
2785	(-1, -1)	b'AN'	-9.39013747023439
2786	(-1, -1)	b' pop'	-10.298892014613337
2787	(-1, -1)	b' \xd0\xbc'	-9.535547237805066
2788	(-1, -1)	b'\xe5\xbb\xba\xe8\xae\xbe'	-9.191311933377497
2789	(-1, -1)	b'ained'	-10.825332897154079
2790	(-1, -1)	b' five'	-9.187941325746257
2791	(-1, -1)	b'ots'	-9.824329218708709
2792	(-1, -1)	b' using'	-9.196323985788544
2793	(-1, -1)	b'\xe7\x9a\x84\xe6\x97\xb6\xe5\x80\x99'	-9.121023490982305
2794	(-1, -1)	b'\xe8\xb4\xa5'	-9.989989180124438
2795	(-1, -1)	b'ection'	-9.740343732467972
2796	(-1, -1)	b'\xe6\x9c\x80\xe5\x90\x8e'	-9.429683001472593
2797	(-1, -1)	b'\xe0\xa8\xbf'	-9.50981842048943
2798	(-1, -1)	b'\xe5\xae\xa3'	-10.45101383154366
2799	(-1, -1)	b'\xe5\xae\xa1'	-9.199624804184966
2800	(-1, -1)	b'\xe4\xb8\xaa\xe4\xba\xba'	-9.498896628385506
2801	(-1, -1)	b' 2016'	-9.20083674688068
2802	(-1, -1)	b'\xe0\xa5\x8d\xe0\xa4\xaf'	-10.281164853209404
2803	(-1, -1)	b' \xd9\x86'	-9.343025347246995
2804	(-1, -1)	b'\xe5\x96\x84'	-10.33328164894737
2805	(-1, -1)	b'So'	-8.957107486646857
2806	(-1, -1)	b' et'	-10.076220272696887
2807	(-1, -1)	b'ps'	-9.33545967645529
2808	(-1, -1)	b'\xe1\x88\x8d'	-9.153469407969576
2809	(-1, -1)	b'\xe5\x85\xb8'	-9.652981076467865
2810	(-1, -1)	b'\xe5\x88\xa4'	-9.711149026416255
2811	(-1, -1)	b' How'	-9.67175193827249
2812	(-1, -1)	b' ce'	-9.62199246708163
2813	(-1, -1)	b'ones'	-10.457211487098474
2814	(-1, -1)	b'ung'	-9.222069388983085
2815	(-1, -1)	b'\xe8\xb0\xa2'	-10.042274151724463
2816	(-1, -1)	b' wal'	-10.944260323859297
2817	(-1, -1)	b'side'	-9.251076619230503
2818	(-1, -1)	b'\xe5\xae\x88'	-9.783536571647698
2819	(-1, -1)	b'inal'	-10.123242298255144
2820	(-1, -1)	b' Be'	-9.144259348778197
2821	(-1, -1)	b' guy'	-9.20883297237883
2822	(-1, -1)	b'int'	-8.9847647792974
2823	(-1, -1)	b'\xe5\x90\xa7'	-9.275991547680924
2824	(-1, -1)	b'\xe6\x98\xa5'	-9.364681052505611
2825	(-1, -1)	b'\xe5\x8f\xaa\xe6\x9c\x89'	-9.210585531397582
2826	(-1, -1)	b'ler'	-8.91056061802448
2827	(-1, -1)	b' main'	-9.609338153368578
2828	(-1, -1)	b'\xe0\xa9\x87'	-9.39828974332804
2829	(-1, -1)	b'\xe6\x89\x98'	-9.373484165217352
2830	(-1, -1)	b'\xe8\xbe\xbe\xe5\x88\xb0'	-9.21267276524627
2831	(-1, -1)	b'2008'	-9.213767819361768
2832	(-1, -1)	b'\xe5\x85\xa8\xe7\x90\x83'	-9.214797600043068
2833	(-1, -1)	b' What'	-9.313466911829783
2834	(-1, -1)	b' attack'	-9.45984066449526
2835	(-1, -1)	b' side'	-9.13274231564395
2836	(-1, -1)	b'\xe4\xbb\xa5\xe6\x9d\xa5'	-9.389068692299896
2837	(-1, -1)	b'aring'	-10.606023003339512
2838	(-1, -1)	b' months'	-9.220196353449877
2839	(-1, -1)	b' today'	-9.220630852696338
2840	(-1, -1)	b'iver'	-10.396898436075475
2841	(-1, -1)	b' Just'	-9.479134694663687
2842	(-1, -1)	b'\xe4\xba\xba\xe5\xa3\xab'	-9.549058775815885
2843	(-1, -1)	b' players'	-9.222806185292248
2844	(-1, -1)	b' war'	-9.288471044074706
2845	(-1, -1)	b'ending'	-10.203724783847925
2846	(-1, -1)	b'\xe8\x88\xac'	-10.82068558588534
2847	(-1, -1)	b' Mc'	-9.548223431419807
2848	(-1, -1)	b' ago'	-9.19368464506871
2849	(-1, -1)	b'\xe8\xbf\x99\xe6\x98\xaf'	-9.1575727167292
2850	(-1, -1)	b' ty'	-10.929012724627126
2851	(-1, -1)	b' Min'	-10.346076746481014
2852	(-1, -1)	b'\xe7\x9f\xa5\xe9\x81\x93'	-9.614232006285642
2853	(-1, -1)	b'\xe4\xb9\x8e'	-10.931414573356848
2854	(-1, -1)	b'\xe9\x83\xa8\xe9\x97\xa8'	-9.320682640962163
2855	(-1, -1)	b' yet'	-9.229765483160705
2856	(-1, -1)	b'\xe4\xb8\xba\xe4\xba\x86'	-9.221466959164673
2857	(-1, -1)	b'-f'	-9.622841808892824
2858	(-1, -1)	b' half'	-9.18826492939933
2859	(-1, -1)	b' city'	-9.232197505977405
2860	(-1, -1)	b' For'	-8.769649140636908
2861	(-1, -1)	b'ports'	-10.505443437307845
2862	(-1, -1)	b'ides'	-10.664195723704909
2863	(-1, -1)	b'ham'	-9.304192710699382
2864	(-1, -1)	b' program'	-9.442246137043089
2865	(-1, -1)	b' Tuesday'	-9.235245875767886
2866	(-1, -1)	b'\xe8\xb6\x85\xe8\xbf\x87'	-9.23544943120352
2867	(-1, -1)	b'\xe5\x8b\x92'	-9.236060346237453
2868	(-1, -1)	b'\xe4\xb9\x8b\xe4\xb8\x80'	-9.237793301699263
2869	(-1, -1)	b'\xe6\xb6\x88\xe6\x81\xaf'	-9.538345212246995
2870	(-1, -1)	b'\xe5\x8d\xb0'	-9.826532671675142
2871	(-1, -1)	b'\xe7\x9a\xae'	-9.411230485745472
2872	(-1, -1)	b'\xe5\x91\xb3'	-9.543641468899104
2873	(-1, -1)	b'\xe5\x9f\xba\xe6\x9c\xac'	-9.407999726130523
2874	(-1, -1)	b'\xe8\xae\xb2'	-9.24116587128271
2875	(-1, -1)	b'ished'	-10.56955516378756
2876	(-1, -1)	b'ains'	-10.690305369265852
2877	(-1, -1)	b' change'	-9.223308857845183
2878	(-1, -1)	b'IS'	-9.769895226849322
2879	(-1, -1)	b'\xe1\x80\xaf\xe1\x80'	-10.314340925554385
2880	(-1, -1)	b' women'	-9.241746145393169
2881	(-1, -1)	b' test'	-9.411716001210586
2882	(-1, -1)	b'\xe6\x96\xb0\xe7\x9a\x84'	-9.628556110156264
2883	(-1, -1)	b"That's"	-9.248976537553906
2884	(-1, -1)	b'\xe7\xbb\x83'	-10.275292958781057
2885	(-1, -1)	b'\xe9\x99\x86'	-10.00584405770012
2886	(-1, -1)	b' added'	-9.251386841041583
2887	(-1, -1)	b' Ad'	-9.437002679336668
2888	(-1, -1)	b'\xe9\x87\x87\xe7\x94\xa8'	-9.615521241352893
2889	(-1, -1)	b'\xe5\x85\x9a'	-9.253008453693589
2890	(-1, -1)	b'\xe9\x92\x9f'	-10.436249224889616
2891	(-1, -1)	b'\xe6\x9c\x89\xe5\x85\xb3'	-9.372861136498939
2892	(-1, -1)	b'ream'	-10.177098861125554
2893	(-1, -1)	b'by'	-9.121992307285755
2894	(-1, -1)	b' president'	-9.445840857516579
2895	(-1, -1)	b' 14'	-9.26446890210108
2896	(-1, -1)	b'\xe0\xb6\xbb'	-9.177352745410674
2897	(-1, -1)	b'\xe6\xaf\x8d'	-10.222029248746317
2898	(-1, -1)	b'ds'	-9.088425013119716
2899	(-1, -1)	b'ries'	-10.096240007089074
2900	(-1, -1)	b'\xe7\x94\xb3\xe8\xaf\xb7'	-9.258618080925025
2901	(-1, -1)	b' line'	-9.160338622440218
2902	(-1, -1)	b' Se'	-9.229799220783217
2903	(-1, -1)	b'\xe6\x9d\xa5\xe8\xaf\xb4'	-9.265307535178396
2904	(-1, -1)	b' ra'	-9.165577045224191
2905	(-1, -1)	b'\xe5\xba\xad'	-10.1549856778593
2906	(-1, -1)	b' problem'	-9.259451819596263
2907	(-1, -1)	b'\xd1\x8f'	-9.28400890234293
2908	(-1, -1)	b' former'	-9.260773329091315
2909	(-1, -1)	b'\xe5\x8e\x86\xe5\x8f\xb2'	-9.499559187211837
2910	(-1, -1)	b' High'	-9.944568496632991
2911	(-1, -1)	b' There'	-9.497484635034379
2912	(-1, -1)	b'\xe8\xb0\x83\xe6\x95\xb4'	-9.355648609046218
2913	(-1, -1)	b' mus'	-10.686967921489765
2914	(-1, -1)	b' Pl'	-9.840291101987011
2915	(-1, -1)	b' looks'	-9.262235979534905
2916	(-1, -1)	b'\xe5\xbe\x8b'	-10.236696300564862
2917	(-1, -1)	b' chance'	-9.127946875858145
2918	(-1, -1)	b'\xd8\xa7\xd9\x84'	-9.394384266718465
2919	(-1, -1)	b' according'	-9.264049849154594
2920	(-1, -1)	b'\xe9\x93\x81'	-9.717667275879998
2921	(-1, -1)	b'ney'	-9.531707057534934
2922	(-1, -1)	b'ided'	-10.946323533819363
2923	(-1, -1)	b'\xe4\xbb\x8a\xe5\xa4\xa9'	-9.267407200003527
2924	(-1, -1)	b'\xe5\xa9\x9a'	-9.75381309286555
2925	(-1, -1)	b' points'	-9.267442231794881
2926	(-1, -1)	b' dam'	-11.043870535638835
2927	(-1, -1)	b'\xe4\xb8\x8a\xe6\xb6\xa8'	-9.269300675094996
2928	(-1, -1)	b'most'	-10.861583478853508
2929	(-1, -1)	b' \xd9\x84'	-9.799749944561963
2930	(-1, -1)	b' Ed'	-10.06869790530246
2931	(-1, -1)	b'\xe5\x9c\xb0\xe5\x8c\xba'	-9.273803285769354
2932	(-1, -1)	b'\xe8\xa7\x89\xe5\xbe\x97'	-9.696515412075957
2933	(-1, -1)	b'\xd1\x80\xd0\xbe'	-10.109731345542947
2934	(-1, -1)	b' fire'	-9.267582371233852
2935	(-1, -1)	b' wind'	-10.815730174357386
2936	(-1, -1)	b' live'	-9.186809536914227
2937	(-1, -1)	b'\xd8\xa9'	-9.633242083510615
2938	(-1, -1)	b'ster'	-8.784235726724953
2939	(-1, -1)	b'\xe7\x99\xbb'	-9.681350661830646
2940	(-1, -1)	b'umb'	-9.476152005007798
2941	(-1, -1)	b' \xc4\x91'	-9.50345506605478
2942	(-1, -1)	b'\xd8\xb4'	-9.145530016669555
2943	(-1, -1)	b' vi'	-9.63658098477613
2944	(-1, -1)	b'\xe5\x8e\xbf'	-9.279247496197199
2945	(-1, -1)	b' small'	-9.488136516664248
2946	(-1, -1)	b' working'	-9.280063142464735
2947	(-1, -1)	b' must'	-9.28059544432794
2948	(-1, -1)	b'\xe4\xbc\x98\xe5\x8a\xbf'	-9.2819452118756
2949	(-1, -1)	b' kid'	-10.045091162228703
2950	(-1, -1)	b'\xe9\x97\xbb'	-10.4042962069762
2951	(-1, -1)	b'\xe6\x96\x87\xe5\x8c\x96'	-9.282158499708338
2952	(-1, -1)	b'\xe7\xa4\xbc'	-9.282229605763048
2953	(-1, -1)	b' aff'	-10.449527522460803
2954	(-1, -1)	b'\xe7\x9b\xb8\xe6\x9c\xba'	-9.55254690808778
2955	(-1, -1)	b'\xe0\xa4\xb8'	-9.076342824714466
2956	(-1, -1)	b'year-old'	-9.273838542349116
2957	(-1, -1)	b' mor'	-10.512353812143015
2958	(-1, -1)	b'\xe5\xa4\x8f'	-9.637645704627264
2959	(-1, -1)	b' event'	-9.580275946680281
2960	(-1, -1)	b'\xe8\x8b\xb1\xe5\x9b\xbd'	-9.320017796437414
2961	(-1, -1)	b' hold'	-9.638559224788235
2962	(-1, -1)	b'\xe5\x86\xb2'	-9.570172443681477
2963	(-1, -1)	b'BA'	-10.497980716106255
2964	(-1, -1)	b' 18'	-9.304992594395317
2965	(-1, -1)	b'\xe1\x80\xac\xe1\x80'	-10.275868995663345
2966	(-1, -1)	b' believe'	-9.27327458618176
2967	(-1, -1)	b'\xd1\x87'	-9.431249947486167
2968	(-1, -1)	b'\xe5\x85\xbb'	-9.731891164580453
2969	(-1, -1)	b' All'	-9.3091112013508
2970	(-1, -1)	b'\xe7\x9a\x84\xe5\xa4\xa7'	-9.740568615810686
2971	(-1, -1)	b' 11'	-9.172052436057774
2972	(-1, -1)	b'\xe5\x8e\xbb\xe5\xb9\xb4'	-9.268669118286523
2973	(-1, -1)	b'\xe5\x82\xa8'	-10.53698559933268
2974	(-1, -1)	b'\xd1\x88'	-8.990989552724608
2975	(-1, -1)	b'ene'	-10.019275993959525
2976	(-1, -1)	b'\xe8\xbf\xb7'	-9.647381986458331
2977	(-1, -1)	b'\xe5\xad\xa9\xe5\xad\x90'	-9.303357152188923
2978	(-1, -1)	b'\xe9\x81\x87'	-10.09231576387584
2979	(-1, -1)	b' ku'	-8.673872511769169
2980	(-1, -1)	b'\xe9\xa3\x8e\xe9\x99\xa9'	-9.416706173239046
2981	(-1, -1)	b'\xe5\x86\xa0'	-9.924094158279749
2982	(-1, -1)	b'\xe4\xb8\xb0'	-9.956847953018844
2983	(-1, -1)	b'\xe7\xbc\xba'	-9.541381372459547
2984	(-1, -1)	b'AP'	-9.321865679290093
2985	(-1, -1)	b'\xe7\xbb\x8f\xe7\x90\x86'	-10.69467536893697
2986	(-1, -1)	b'\xe6\x88\x96\xe8\x80\x85'	-9.299406798225053
2987	(-1, -1)	b'\xe5\x90\xb8'	-9.970199286193708
2988	(-1, -1)	b'\xe0\xb8\xa3'	-9.253422904207223
2989	(-1, -1)	b'\xe4\xb8\x80\xe6\xad\xa5'	-10.91108978692081
2990	(-1, -1)	b'\xe7\x94\x9a\xe8\x87\xb3'	-9.300782214686274
2991	(-1, -1)	b'\xe6\x9d\x80'	-9.301760635158958
2992	(-1, -1)	b'\xe5\x85\xb7\xe6\x9c\x89'	-9.304120025716067
2993	(-1, -1)	b'\xe5\x85\xac\xe5\xb8\x83'	-9.852416250537326
2994	(-1, -1)	b'\xe6\x9c\xaa\xe6\x9d\xa5'	-9.153156868899648
2995	(-1, -1)	b'\xe6\xa3\xae'	-9.627300175701656
2996	(-1, -1)	b' \xe1\xbb\x8d'	-9.351791507779614
2997	(-1, -1)	b' x'	-9.302957783911609
2998	(-1, -1)	b'\xe6\x8f\x90\xe9\xab\x98'	-9.305028967951745
2999	(-1, -1)	b'-d'	-10.025985427210118
3000	(-1, -1)	b'\xe0\xb7\x80'	-9.305356389509923
3001	(-1, -1)	b'\xe4\xb8\x80\xe8\xb5\xb7'	-9.654321282854033
3002	(-1, -1)	b'\xe0\xb8\xad'	-9.776051594301448
3003	(-1, -1)	b'\xe6\x95\x91'	-9.307213806050484
3004	(-1, -1)	b'ti'	-8.46093195969352
3005	(-1, -1)	b'\xe8\x8d\xaf'	-9.30885557296005
3006	(-1, -1)	b' \xd0\xb8'	-9.92119355251575
3007	(-1, -1)	b'\xe5\x86\x99'	-9.394384266718465
3008	(-1, -1)	b'\xe5\xaf\x9f'	-10.26355674277809
3009	(-1, -1)	b'\xe5\xae\xb3'	-9.564215542556816
3010	(-1, -1)	b'\xe9\xa1\xbb'	-11.013694953551058
3011	(-1, -1)	b' South'	-9.173135756221074
3012	(-1, -1)	b'\xe6\x94\xb6\xe7\x9b\x8a'	-9.751422925554195
3013	(-1, -1)	b'\xe9\xa5\xb0'	-10.028981908589223
3014	(-1, -1)	b' 50'	-9.294607683884905
3015	(-1, -1)	b'\xe0\xa5\x81'	-9.313466911829783
3016	(-1, -1)	b' mom'	-10.641376787212607
3017	(-1, -1)	b'\xd8\xb2'	-9.329105227532338
3018	(-1, -1)	b'\xe7\xbb\x87'	-10.900093732005807
3019	(-1, -1)	b'\xe8\xa7\x84\xe6\xa8\xa1'	-9.315376220285705
3020	(-1, -1)	b'OS'	-10.298695493044463
3021	(-1, -1)	b'\xe4\xbb\x8b\xe7\xbb\x8d'	-9.317031453959558
3022	(-1, -1)	b'\xe8\x89\xaf'	-9.844087826430844
3023	(-1, -1)	b'\xe8\x82\xa1\xe7\xa5\xa8'	-9.656283282657313
3024	(-1, -1)	b'\xe4\xb8\x8d\xe6\x96\xad'	-9.417316437909422
3025	(-1, -1)	b' \xc3'	-10.445764475657516
3026	(-1, -1)	b'IT'	-9.504520217939614
3027	(-1, -1)	b' perform'	-10.161046043811023
3028	(-1, -1)	b'\xc4\xb1n'	-9.650203296903962
3029	(-1, -1)	b'inc'	-9.976016968441098
3030	(-1, -1)	b' once'	-9.322531753915074
3031	(-1, -1)	b'ma'	-7.753376158098734
3032	(-1, -1)	b'\xe9\xad\x94'	-9.514382186799837
3033	(-1, -1)	b'500'	-9.143763916038537
3034	(-1, -1)	b'gin'	-10.369317853007944
3035	(-1, -1)	b'ator'	-9.264923074379922
3036	(-1, -1)	b'\xe7\xa7\x80'	-9.768622225867318
3037	(-1, -1)	b'\xe5\x81\x87'	-9.325534592183255
3038	(-1, -1)	b'ior'	-9.86570926815452
3039	(-1, -1)	b'\xe6\x8a\x95\xe8\xb5\x84\xe8\x80\x85'	-9.449154410450856
3040	(-1, -1)	b'\xe4\xbb\x93'	-9.757008895391452
3041	(-1, -1)	b'\xe6\x98\xa0'	-10.269646200225075
3042	(-1, -1)	b'ives'	-10.075119730175619
3043	(-1, -1)	b'\xe5\x85\x88\xe7\x94\x9f'	-9.327578708629133
3044	(-1, -1)	b'\xe6\xb0\xb4\xe5\xb9\xb3'	-9.32705799151553
3045	(-1, -1)	b'ta'	-7.659736419386051
3046	(-1, -1)	b' sal'	-9.891528813845117
3047	(-1, -1)	b' pat'	-10.199801111969107
3048	(-1, -1)	b'\xe5\xbe\x97\xe5\x88\xb0'	-9.329030709107622
3049	(-1, -1)	b' \xea'	-9.9480220157444
3050	(-1, -1)	b'\xe6\x89\xa7'	-9.892575591827518
3051	(-1, -1)	b'\xe5\xbe\x81'	-9.379853489057384
3052	(-1, -1)	b'\xe0\xa4\xae'	-9.332501703691028
3053	(-1, -1)	b' major'	-9.600745558827283
3054	(-1, -1)	b'\xe4\xbb\xa3\xe8\xa1\xa8'	-9.33070871826429
3055	(-1, -1)	b'\xe1\x89\xa5'	-9.653135624030185
3056	(-1, -1)	b'\xe5\x9d\x9a'	-9.970906950224373
3057	(-1, -1)	b'\xe9\x82\xa3\xe4\xb9\x88'	-9.332913049358066
3058	(-1, -1)	b'\xe6\x8a\x98'	-9.424381873358357
3059	(-1, -1)	b' mar'	-9.69689211058707
3060	(-1, -1)	b' idea'	-9.224147207351871
3061	(-1, -1)	b'\xe7\x90\x83\xe5\x91\x98'	-9.335084765492251
3062	(-1, -1)	b' ca'	-9.117428918233584
3063	(-1, -1)	b'els'	-9.67406407803087
3064	(-1, -1)	b'\xe8\xb7\x9d'	-10.486297226027615
3065	(-1, -1)	b'\xe5\x88\x86\xe5\x88\xab'	-9.669707001398582
3066	(-1, -1)	b'\xe7\x9c\x8b\xe5\x88\xb0'	-9.236535760536002
3067	(-1, -1)	b'\xe8\xa1\x97'	-9.548409003213427
3068	(-1, -1)	b'ij'	-10.38794234707675
3069	(-1, -1)	b' United'	-9.33985660944903
3070	(-1, -1)	b'\xe4\xb9\x9d'	-9.471329398347867
3071	(-1, -1)	b'\xe0\xaa\xa8'	-10.000142287867076
3072	(-1, -1)	b'\xe7\x88\x86'	-9.887938848826398
3073	(-1, -1)	b' playing'	-9.34242100350811
3074	(-1, -1)	b' Wednesday'	-9.34257205520584
3075	(-1, -1)	b' understand'	-9.553572405777055
3076	(-1, -1)	b'la'	-7.848307195653902
3077	(-1, -1)	b'BC'	-9.780137998119839
3078	(-1, -1)	b'\xe5\xad\xb8'	-9.590530965417564
3079	(-1, -1)	b'\xe5\xae\x9e\xe7\x8e\xb0'	-9.341854762765172
3080	(-1, -1)	b'AR'	-9.369984667128518
3081	(-1, -1)	b" they're"	-9.346317873921935
3082	(-1, -1)	b'\xe7\xb3\xbb\xe5\x88\x97'	-9.655559992689842
3083	(-1, -1)	b'\xe5\x86\xb7'	-9.346848719875325
3084	(-1, -1)	b' sex'	-9.939067554479676
3085	(-1, -1)	b' record'	-9.671332122985048
3086	(-1, -1)	b'ising'	-9.785357798247503
3087	(-1, -1)	b'\xe7\xa9\xba\xe9\x97\xb4'	-9.348936918519362
3088	(-1, -1)	b'ole'	-9.865263308856841
3089	(-1, -1)	b' question'	-9.349963632175482
3090	(-1, -1)	b'Well'	-9.351334225552304
3091	(-1, -1)	b'off'	-9.92321634330728
3092	(-1, -1)	b'OR'	-9.474383886730147
3093	(-1, -1)	b' water'	-9.27345078832131
3094	(-1, -1)	b'owed'	-11.044906054008264
3095	(-1, -1)	b'\xe9\x95\x87'	-9.425653225058298
3096	(-1, -1)	b' hope'	-9.104219398755353
3097	(-1, -1)	b'\xe5\xad\xa3\xe5\xba\xa6'	-9.604664443043228
3098	(-1, -1)	b' story'	-9.353393644303893
3099	(-1, -1)	b'\xe6\x9c\x9d'	-9.353546362691484
3100	(-1, -1)	b' else'	-9.349735382469314
3101	(-1, -1)	b' \xd0\xb0'	-10.250270328247353
3102	(-1, -1)	b' grow'	-10.107537738618724
3103	(-1, -1)	b'\xe7\x94\x9f\xe4\xba\xa7'	-9.346734943445886
3104	(-1, -1)	b' sent'	-9.727663769253825
3105	(-1, -1)	b'ored'	-10.663487959502387
3106	(-1, -1)	b'\xe9\x85\x92'	-9.813686615140229
3107	(-1, -1)	b' system'	-9.358062079675843
3108	(-1, -1)	b'\xc4\x9f'	-9.580946766063366
3109	(-1, -1)	b'\xe0\xae\xbe'	-9.358906253011728
3110	(-1, -1)	b' close'	-9.239461131694954
3111	(-1, -1)	b'ba'	-7.990574562275607
3112	(-1, -1)	b'ili'	-9.43953774562938
3113	(-1, -1)	b' six'	-9.356529042429408
3114	(-1, -1)	b' return'	-9.450836355175008
3115	(-1, -1)	b'\xe6\x9c\x88\xe4\xbb\xbd'	-9.360366051204199
3116	(-1, -1)	b'IG'	-10.70849302226555
3117	(-1, -1)	b' Comm'	-10.276061081718488
3118	(-1, -1)	b'ering'	-9.932642378582042
3119	(-1, -1)	b' John'	-9.722735877993498
3120	(-1, -1)	b'35'	-9.529792483398563
3121	(-1, -1)	b'verage'	-10.946699120678238
3122	(-1, -1)	b'ya'	-8.960297610268189
3123	(-1, -1)	b'\xe5\x85\xab'	-9.365028603241862
3124	(-1, -1)	b'\xe6\xac\xa7\xe5\x85\x83'	-9.81205465249449
3125	(-1, -1)	b'\xe4\xbf\x9d\xe6\x8c\x81'	-9.36730998775513
3126	(-1, -1)	b'\xe7\xad\x94'	-9.93934188408842
3127	(-1, -1)	b'\xe8\x8e\xb1'	-9.56393276378219
3128	(-1, -1)	b'\xe5\x91\xa2'	-9.36858828972463
3129	(-1, -1)	b'\xe6\x98\x8e\xe6\x98\xbe'	-9.369635389934707
3130	(-1, -1)	b' State'	-9.344991990594824
3131	(-1, -1)	b'29'	-9.427296070836041
3132	(-1, -1)	b'\xe5\xbc\x82'	-9.583922958736412
3133	(-1, -1)	b'\xe7\x91\x9e'	-9.553805620172104
3134	(-1, -1)	b'\xe7\x95\x99\xe5\xad\xa6'	-9.360596740581975
3135	(-1, -1)	b'\xe6\xa8\xa1\xe5\xbc\x8f'	-9.372238495703636
3136	(-1, -1)	b'\xeb\x8b'	-10.743129823039975
3137	(-1, -1)	b'\xe4\xba\x91'	-9.37402963394435
3138	(-1, -1)	b'\xe6\x9d\x9f'	-10.965469223360229
3139	(-1, -1)	b' Con'	-9.309586113227043
3140	(-1, -1)	b'\xe5\x85\xb6\xe5\xae\x9e'	-9.385080769221117
3141	(-1, -1)	b' class'	-9.370994375952165
3142	(-1, -1)	b'\xe5\xba\x86'	-9.743327548897094
3143	(-1, -1)	b'ned'	-9.610127458327911
3144	(-1, -1)	b' hum'	-10.61811992504834
3145	(-1, -1)	b'\xe6\xac\xa7\xe6\xb4\xb2'	-9.57649901966513
3146	(-1, -1)	b' X'	-9.377621563781346
3147	(-1, -1)	b'\xe4\xb8\xa4\xe4\xb8\xaa'	-9.337674516784842
3148	(-1, -1)	b'\xd0\xb8\xd0\xbb'	-9.935644769100815
3149	(-1, -1)	b'\xe6\xb4\x9b'	-9.521718778726479
3150	(-1, -1)	b'ief'	-10.138862423086303
3151	(-1, -1)	b'of'	-9.521131672465966
3152	(-1, -1)	b" wasn't"	-9.379696700095005
3153	(-1, -1)	b'She'	-9.376253547777186
3154	(-1, -1)	b' comment'	-9.380167140749753
3155	(-1, -1)	b' \xe0\xa4\xaa'	-9.676170672447999
3156	(-1, -1)	b' early'	-9.38169760313031
3157	(-1, -1)	b' everyone'	-9.377699792679142
3158	(-1, -1)	b'On'	-9.537243435520748
3159	(-1, -1)	b'\xe8\xa9'	-10.400046677290543
3160	(-1, -1)	b' girl'	-9.786593419598557
3161	(-1, -1)	b'\xe4\xb8\x93\xe5\xae\xb6'	-9.384332339902901
3162	(-1, -1)	b'\xe6\x92\xad'	-9.725778336432214
3163	(-1, -1)	b' local'	-9.293888000514512
3164	(-1, -1)	b'\xe7\x94\xb2'	-9.38594807196412
3165	(-1, -1)	b' claim'	-10.275965034078785
3166	(-1, -1)	b'ology'	-10.374073978868296
3167	(-1, -1)	b'-c'	-9.864881216258421
3168	(-1, -1)	b'\xe5\x8f\xb0\xe6\xb9\xbe'	-9.387922016545062
3169	(-1, -1)	b'\xe8\xaa\x9e'	-10.120032286856441
3170	(-1, -1)	b' fuck'	-9.353737293479652
3171	(-1, -1)	b'\xe8\xaf\xba'	-9.719922936616884
3172	(-1, -1)	b' area'	-9.391365995960069
3173	(-1, -1)	b'que'	-9.890809789073153
3174	(-1, -1)	b' Fe'	-10.048298496020566
3175	(-1, -1)	b'\xe7\x8e\xaf\xe5\xa2\x83'	-9.392596032817863
3176	(-1, -1)	b'ery'	-9.649895130491663
3177	(-1, -1)	b' face'	-9.214797600043068
3178	(-1, -1)	b'\xe6\x8e\xa5\xe5\x8f\x97'	-9.403413853819204
3179	(-1, -1)	b' Sunday'	-9.394264951587175
3180	(-1, -1)	b' 13'	-9.3409871492137
3181	(-1, -1)	b'Oh'	-9.394066124665356
3182	(-1, -1)	b'\xd0\xb4\xd0\xb0'	-9.265307535178396
3183	(-1, -1)	b'ison'	-10.270792113261088
3184	(-1, -1)	b'\xe8\xbf\xb0'	-9.835209916187905
3185	(-1, -1)	b'\xe9\x98\xb5'	-9.96343107084757
3186	(-1, -1)	b'\xe9\x9c\x87'	-10.412849828597901
3187	(-1, -1)	b'\xe6\x98\xaf\xe5\x90\xa6'	-9.37453640717418
3188	(-1, -1)	b'\xe9\x80\x80'	-9.520409553014087
3189	(-1, -1)	b'\xe4\xba\x92'	-10.182857536842578
3190	(-1, -1)	b'\xe4\xbf\x83'	-10.709085263917448
3191	(-1, -1)	b' price'	-9.338163192670896
3192	(-1, -1)	b' q'	-10.05728783856443
3193	(-1, -1)	b'\xe7\x81\xb5'	-9.618701842384262
3194	(-1, -1)	b'\xe5\xb0\x81'	-9.534448537822724
3195	(-1, -1)	b' children'	-9.401889891222273
3196	(-1, -1)	b'\xe8\xbe\x93'	-9.40337371977148
3197	(-1, -1)	b'\xe0\xa4\xb9'	-9.597767695316955
3198	(-1, -1)	b'\xe5\x87\xba\xe4\xba\x86'	-9.966668458431208
3199	(-1, -1)	b'\xe9\x9c\x80\xe6\xb1\x82'	-9.403975899680884
3200	(-1, -1)	b'\xe4\xbb\xa5\xe4\xb8\x8a'	-9.533396748540898
3201	(-1, -1)	b'unch'	-10.42581902883588
3202	(-1, -1)	b'\xe6\x9c\x80\xe9\xab\x98'	-9.41143275520954
3203	(-1, -1)	b'OL'	-9.475763613590681
3204	(-1, -1)	b'ified'	-9.670860041358614
3205	(-1, -1)	b" I'd"	-9.405100939979555
3206	(-1, -1)	b' shoot'	-10.26479066633648
3207	(-1, -1)	b'\xe8\x93\x9d'	-9.628857769283739
3208	(-1, -1)	b'\xe6\x89\xa9'	-10.465999702771464
3209	(-1, -1)	b' started'	-9.406589544386325
3210	(-1, -1)	b'\xe9\x86'	-10.137858070809042
3211	(-1, -1)	b' young'	-9.605744834053391
3212	(-1, -1)	b'\xe5\x87\xba\xe7\x9a\x84'	-10.23577328037749
3213	(-1, -1)	b'\xe6\x9c\x80\xe7\xbb\x88'	-9.519327350626824
3214	(-1, -1)	b'\xe4\xb9\x8b\xe5\x89\x8d'	-9.410502654246763
3215	(-1, -1)	b' ste'	-9.657990253199808
3216	(-1, -1)	b' played'	-9.411109143702328
3217	(-1, -1)	b'\xe5\xad\x98\xe5\x9c\xa8'	-9.41528366898568
3218	(-1, -1)	b'\xe6\x9c\x89\xe6\x95\x88'	-9.749492203773288
3219	(-1, -1)	b'\xe8\x88\xaa'	-9.609732727972956
3220	(-1, -1)	b'\xe4\xbb\x98'	-9.766081075207353
3221	(-1, -1)	b'book'	-10.494987239644717
3222	(-1, -1)	b'\xe6\x8e\xa8\xe8\x8d\x90'	-9.621393365715733
3223	(-1, -1)	b'\xe0\xa8\xb0'	-9.33085801099028
3224	(-1, -1)	b'\xe4\xba\xab'	-10.700091469419572
3225	(-1, -1)	b'Ch'	-9.339894273523155
3226	(-1, -1)	b'\xe5\x96\x9c\xe6\xac\xa2'	-9.414755825215178
3227	(-1, -1)	b'-0'	-9.799869262065982
3228	(-1, -1)	b'\xe5\xb7\xa6\xe5\x8f\xb3'	-9.41504001416214
3229	(-1, -1)	b'\xe5\x88\xba'	-10.016752988762454
3230	(-1, -1)	b'\xe4\xb9\x85'	-9.688370473682108
3231	(-1, -1)	b'\xe1\x8b\x8d'	-9.47753417523475
3232	(-1, -1)	b'\xe5\x90\xaf'	-10.51466792315683
3233	(-1, -1)	b'\xe5\xb9\xb3\xe5\x9d\x87'	-9.415243055725446
3234	(-1, -1)	b' 100'	-9.422089327219783
3235	(-1, -1)	b' Friday'	-9.403173073690429
3236	(-1, -1)	b'\xe9\xb9'	-10.88638391164302
3237	(-1, -1)	b'ron'	-8.98081168415082
3238	(-1, -1)	b'Thanks'	-9.41833437403022
3239	(-1, -1)	b' tax'	-9.637747165666312
3240	(-1, -1)	b'Al'	-9.825858879116497
3241	(-1, -1)	b'\xe5\x90\xab'	-9.640948469246371
3242	(-1, -1)	b'4.'	-9.800107939792516
3243	(-1, -1)	b'-s'	-9.418375113035788
3244	(-1, -1)	b'\xe6\xad\xa3\xe5\xbc\x8f'	-9.68288867491524
3245	(-1, -1)	b'\xe0\xb6\xad'	-9.942433289016659
3246	(-1, -1)	b' important'	-9.42008765168063
3247	(-1, -1)	b' form'	-9.447643075150587
3248	(-1, -1)	b'\xe4\xbc\xa6'	-9.615471624641975
3249	(-1, -1)	b'\xd0\xbe\xd0\xb2'	-9.518921826481316
3250	(-1, -1)	b'\xe4\xb8\x80\xe6\xac\xa1'	-9.135378898200194
3251	(-1, -1)	b'45'	-9.523346412687397
3252	(-1, -1)	b' along'	-9.422498325180495
3253	(-1, -1)	b'\xe4\xbd\x8d\xe4\xba\x8e'	-9.423398709951153
3254	(-1, -1)	b'\xe8\xb0\x83\xe6\x9f\xa5'	-9.42282564403289
3255	(-1, -1)	b'\xe5\xae\x89\xe5\x85\xa8'	-9.422743804275092
3256	(-1, -1)	b'\xe6\x8a\xa2'	-9.423030272734827
3257	(-1, -1)	b'\xe7\x9b\x9b'	-9.569887975634801
3258	(-1, -1)	b'lin'	-9.18606648682108
3259	(-1, -1)	b'ium'	-10.134934458485587
3260	(-1, -1)	b'\xe4\xb8\x83'	-9.426802933651723
3261	(-1, -1)	b'\xe8\xbf\x87\xe7\xa8\x8b'	-10.185924889495125
3262	(-1, -1)	b' wrong'	-9.429312242029429
3263	(-1, -1)	b'31'	-9.355419058199699
3264	(-1, -1)	b'\xe6\xb2\x99'	-9.429559399717292
3265	(-1, -1)	b' On'	-9.489535362844439
3266	(-1, -1)	b' foot'	-10.217036727143196
3267	(-1, -1)	b'AS'	-10.423701446545557
3268	(-1, -1)	b' third'	-9.430878606735506
3269	(-1, -1)	b' hours'	-9.431208680592528
3270	(-1, -1)	b'\xe5\x8e\x9f\xe5\x9b\xa0'	-9.780254998236973
3271	(-1, -1)	b' guess'	-9.430342468976503
3272	(-1, -1)	b'\xe5\xbb\xba\xe7\xad\x91'	-9.43182786287893
3273	(-1, -1)	b' strong'	-9.415608634460959
3274	(-1, -1)	b' 16'	-9.452436827234624
3275	(-1, -1)	b'uu'	-9.612103450671693
3276	(-1, -1)	b' low'	-9.395817159815087
3277	(-1, -1)	b'\xe6\x88\x90\xe5\x8a\x9f'	-9.433232763733947
3278	(-1, -1)	b'\xe4\xb8\x80\xe6\xa0\xb7'	-9.367387414103355
3279	(-1, -1)	b'\xd8\x8c'	-9.433770453747936
3280	(-1, -1)	b'\xe6\xb1\x89'	-9.654114980310624
3281	(-1, -1)	b' \xe0\xa4\xae'	-9.799928926157166
3282	(-1, -1)	b'go'	-8.51008501283855
3283	(-1, -1)	b'\xe5\x8d\xb1\xe6\x9c\xba'	-9.90244279463104
3284	(-1, -1)	b'\xe9\xb8'	-10.594598862089935
3285	(-1, -1)	b'-p'	-10.17805634041705
3286	(-1, -1)	b'\xe3\x81\xae'	-9.434432623204733
3287	(-1, -1)	b'\xe6\x83\x8a'	-9.666673526269074
3288	(-1, -1)	b' Man'	-9.310024693695315
3289	(-1, -1)	b'\xe9\x80\x90'	-10.678026413979335
3290	(-1, -1)	b' likely'	-9.435136659015397
3291	(-1, -1)	b' cut'	-9.285648656034407
3292	(-1, -1)	b' ni'	-8.990723877909018
3293	(-1, -1)	b' Car'	-9.045679910696093
3294	(-1, -1)	b' media'	-9.37414655882025
3295	(-1, -1)	b' across'	-9.437168716446344
3296	(-1, -1)	b'\xd0\xb6'	-9.715197393453137
3297	(-1, -1)	b'\xe0\xb8\x81'	-9.450962615144453
3298	(-1, -1)	b'\xe6\xaf\x95'	-11.077979105222305
3299	(-1, -1)	b'\xe6\xb6\x88\xe8\xb4\xb9\xe8\x80\x85'	-9.437957769416123
3300	(-1, -1)	b'Not'	-9.496206735902623
3301	(-1, -1)	b'\xd9\x88\xd8\xb1'	-9.60187066595343
3302	(-1, -1)	b'ey'	-8.956927702130956
3303	(-1, -1)	b' reported'	-9.655301801575346
3304	(-1, -1)	b'\xe1\x8b\xad'	-9.439121720329041
3305	(-1, -1)	b'\xe7\xa7\x81'	-9.766138756977046
3306	(-1, -1)	b' My'	-9.40771753064781
3307	(-1, -1)	b'\xe9\xa1\xba'	-9.786652296810148
3308	(-1, -1)	b'\xe7\x8a\xaf'	-10.37524003613722
3309	(-1, -1)	b'\xe5\xa6\x82\xe4\xbd\x95'	-9.442872193533832
3310	(-1, -1)	b'\xe6\xa0\x87\xe5\x87\x86'	-9.443206250660706
3311	(-1, -1)	b' City'	-9.443540419419037
3312	(-1, -1)	b'\xe7\x88\xb6'	-10.857623759467756
3313	(-1, -1)	b' ball'	-9.425201915226443
3314	(-1, -1)	b'\xe5\xbc\xb9'	-10.041590131177177
3315	(-1, -1)	b'\xe7\xac\xac\xe4\xb8\x89'	-9.455899229882919
3316	(-1, -1)	b' sus'	-10.271174376262685
3317	(-1, -1)	b'\xe5\xb9\x95'	-9.731835424773857
3318	(-1, -1)	b" there's"	-9.446762516567995
3319	(-1, -1)	b' pot'	-10.574721131623978
3320	(-1, -1)	b'ify'	-9.781601484404755
3321	(-1, -1)	b'\xe5\xb9\xb6\xe4\xb8\x8d'	-9.445087404153183
3322	(-1, -1)	b'\xe8\xb5\x84\xe4\xba\xa7'	-9.451425704802675
3323	(-1, -1)	b' process'	-9.452816261881559
3324	(-1, -1)	b' House'	-9.445296639816071
3325	(-1, -1)	b'\xe5\x8f\xa6\xe5\xa4\x96'	-9.452942772097428
3326	(-1, -1)	b'ended'	-10.364794148486462
3327	(-1, -1)	b' court'	-9.318136467147987
3328	(-1, -1)	b' saw'	-9.446846345891542
3329	(-1, -1)	b' quarter'	-9.600452260687623
3330	(-1, -1)	b'\xe8\x80\x83\xe8\x99\x91'	-9.697592070233362
3331	(-1, -1)	b'\xe5\x88\xbb'	-9.806213549565461
3332	(-1, -1)	b'\xe5\x9c\xb0\xe6\x96\xb9'	-9.924499563690707
3333	(-1, -1)	b'ality'	-10.490692315361835
3334	(-1, -1)	b'\xe8\xbf\x8e'	-10.057519400450378
3335	(-1, -1)	b' Im'	-10.418593162255814
3336	(-1, -1)	b'\xe5\xae\x8c\xe6\x88\x90'	-9.456449249993673
3337	(-1, -1)	b' sn'	-10.086577324601272
3338	(-1, -1)	b'For'	-9.261539212505602
3339	(-1, -1)	b'era'	-10.34628280459013
3340	(-1, -1)	b'\xe9\x99\xa4\xe4\xba\x86'	-9.446134020538258
3341	(-1, -1)	b' bar'	-9.140457004057648
3342	(-1, -1)	b'\xe9\x9a\x8f\xe7\x9d\x80'	-9.45984066449526
3343	(-1, -1)	b'\xe0\xb9\x89'	-9.642680424240975
3344	(-1, -1)	b'\xe4\xba\xa7\xe4\xb8\x9a'	-9.449154410450856
3345	(-1, -1)	b' short'	-9.358791096494702
3346	(-1, -1)	b'\xe7\x89\x99'	-10.654051934274404
3347	(-1, -1)	b'\xe7\xbb\x93\xe6\x9e\x9c'	-9.460775323412822
3348	(-1, -1)	b'\xe6\xad\xa3\xe5\x9c\xa8'	-9.467171388199203
3349	(-1, -1)	b' data'	-9.380873216956862
3350	(-1, -1)	b'\xe6\x97\x85'	-9.948229606652662
3351	(-1, -1)	b'\xe6\x97\x97'	-10.679606987625434
3352	(-1, -1)	b'pect'	-9.967091500107122
3353	(-1, -1)	b'\xe6\x93\x8d'	-10.604821320839608
3354	(-1, -1)	b' Ex'	-9.636834386698272
3355	(-1, -1)	b'\xe5\x93\x88'	-9.465248269591159
3356	(-1, -1)	b' \xe0\xa4\xb9'	-10.354871877933842
3357	(-1, -1)	b' coming'	-9.464650719528562
3358	(-1, -1)	b'itch'	-9.707171361452387
3359	(-1, -1)	b'\xe7\xac\x91'	-9.469526900112962
3360	(-1, -1)	b' nothing'	-9.469741312944247
3361	(-1, -1)	b'\xe5\x80\x9f'	-9.744004367873861
3362	(-1, -1)	b'\xe4\xb8\x8d\xe5\xb0\x91'	-9.46217895180941
3363	(-1, -1)	b' ap'	-10.786982762350217
3364	(-1, -1)	b' \xd1\x83'	-9.53728931865641
3365	(-1, -1)	b'\xe8\xb4\xad\xe4\xb9\xb0'	-9.471200540670992
3366	(-1, -1)	b' Not'	-9.523120193932897
3367	(-1, -1)	b' gun'	-9.683685128086076
3368	(-1, -1)	b' ben'	-11.130750196270043
3369	(-1, -1)	b'\xe5\xb0\x84'	-9.588403922171448
3370	(-1, -1)	b'\xe4\xb8\xad\xe5\xa4\xae'	-9.52729083327991
3371	(-1, -1)	b'\xe7\xa7\x98'	-10.011062547364325
3372	(-1, -1)	b' join'	-10.119128758929353
3373	(-1, -1)	b' Ser'	-10.274046016026807
3374	(-1, -1)	b' star'	-9.694795166516805
3375	(-1, -1)	b'\xe5\xa1\x94'	-9.474125399739219
3376	(-1, -1)	b'\xe8\xbf\x99\xe6\xa0\xb7\xe7\x9a\x84'	-9.455814638248981
3377	(-1, -1)	b' anyone'	-9.47248986524362
3378	(-1, -1)	b'ature'	-10.000579733193387
3379	(-1, -1)	b'\xe4\xb8\x8d\xe4\xbb\x85'	-9.623691872698796
3380	(-1, -1)	b'\xe6\x9b\xb4\xe5\x8a\xa0'	-9.486565150125287
3381	(-1, -1)	b' equ'	-9.887092191444095
3382	(-1, -1)	b'\xe5\xb1\x8a'	-9.475849909759186
3383	(-1, -1)	b'\xd0\xbe\xd0\xbb'	-9.772852522211519
3384	(-1, -1)	b'\xe6\x89\x8b\xe6\x9c\xba'	-9.477274872756958
3385	(-1, -1)	b'\xd2\xaf'	-9.71093066196512
3386	(-1, -1)	b' pick'	-9.518741646300649
3387	(-1, -1)	b'acy'	-9.896445083456772
3388	(-1, -1)	b'\xe6\x94\xb6\xe5\x85\xa5'	-9.478961541985882
3389	(-1, -1)	b'\xe6\x9c\xab'	-9.878664811086878
3390	(-1, -1)	b'\xe6\x9c\x89\xe9\x99\x90'	-10.817379251248251
3391	(-1, -1)	b' TH'	-10.373226790424107
3392	(-1, -1)	b'\xe6\x82\xa8'	-9.48013090481646
3393	(-1, -1)	b'\xe7\x8e\xb0\xe5\x9c\xba'	-9.478961541985882
3394	(-1, -1)	b' comes'	-9.482473740718234
3395	(-1, -1)	b'head'	-10.364584240845053
3396	(-1, -1)	b'\xe0\xb7\x94'	-9.483255907359595
3397	(-1, -1)	b'\xe4\xb9\x8b\xe9\x97\xb4'	-9.930804455597773
3398	(-1, -1)	b'\xe6\x9b\xbc'	-9.549012349482862
3399	(-1, -1)	b' community'	-9.484909159857105
3400	(-1, -1)	b'\xe5\x87\x86\xe5\xa4\x87'	-9.484691470412008
3401	(-1, -1)	b'Is'	-9.526019665904855
3402	(-1, -1)	b' together'	-9.48604190950988
3403	(-1, -1)	b'enn'	-9.645386233166882
3404	(-1, -1)	b' members'	-9.577931616252249
3405	(-1, -1)	b'\xe8\xbf\x9b\xe4\xb8\x80\xe6\xad\xa5'	-9.486783247877565
3406	(-1, -1)	b'\xe8\xaf\xbe'	-9.987394958016637
3407	(-1, -1)	b' American'	-9.482256580735621
3408	(-1, -1)	b'\xe5\xbd\x93\xe6\x97\xb6'	-9.49255830002191
3409	(-1, -1)	b' view'	-9.739051633751648
3410	(-1, -1)	b' others'	-9.488835695158034
3411	(-1, -1)	b'\xe7\xa8\xb3\xe5\xae\x9a'	-9.489229197994145
3412	(-1, -1)	b'\x90\xe1\x80'	-10.348242477230066
3413	(-1, -1)	b' statement'	-9.490366854544607
3414	(-1, -1)	b'\xe5\x8f\xaa\xe6\x98\xaf'	-9.447726978326372
3415	(-1, -1)	b' nice'	-9.449280458223129
3416	(-1, -1)	b' thanks'	-9.492075769799575
3417	(-1, -1)	b'\xe6\xad\x8c'	-9.790132202412765
3418	(-1, -1)	b' press'	-10.085782917187395
3419	(-1, -1)	b' At'	-9.569271905667682
3420	(-1, -1)	b' everything'	-9.493348397508363
3421	(-1, -1)	b'\xe5\x90\xb4'	-9.59962171614468
3422	(-1, -1)	b' death'	-9.494710586008573
3423	(-1, -1)	b'\xe0\xa5\xa4'	-9.495854499195918
3424	(-1, -1)	b'\xd0\xbe\xd1\x80'	-9.462647266099426
3425	(-1, -1)	b'\xe9\x99\x84'	-10.284355882364007
3426	(-1, -1)	b'\xe4\xb8\x80\xe8\x88\xac'	-9.451383596880063
3427	(-1, -1)	b'\xe5\x8d\x80'	-9.497440542351553
3428	(-1, -1)	b'\xe9\x81\xbf'	-10.070182222593848
3429	(-1, -1)	b' seem'	-9.828802402429021
3430	(-1, -1)	b'\xe5\x8f\x82\xe5\x8a\xa0'	-9.499647561565657
3431	(-1, -1)	b'\xe5\x8f\x91\xe5\xb8\x83'	-9.493172766333378
3432	(-1, -1)	b'\xe9\xa1\xbf'	-9.66037453878483
3433	(-1, -1)	b'\xe4\xb8\x9a\xe5\x8a\xa1'	-9.494095174322704
3434	(-1, -1)	b'\xe6\x97\xb6\xe5\xb0\x9a'	-9.501328159900272
3435	(-1, -1)	b'\xe9\xa1\xbe'	-9.742707533658676
3436	(-1, -1)	b' taking'	-9.501682330259916
3437	(-1, -1)	b'\xe9\x9b\x86\xe5\x9b\xa2'	-9.502745594581246
3438	(-1, -1)	b'\xe8\x80\x83\xe7\x94\x9f'	-9.623992067827881
3439	(-1, -1)	b' seems'	-9.503233302143729
3440	(-1, -1)	b'\xe8\xb4\x9f\xe8\xb4\xa3'	-10.332265078767318
3441	(-1, -1)	b' 25'	-9.50487552083907
3442	(-1, -1)	b'vent'	-9.839794238427942
3443	(-1, -1)	b'\xe5\x8f\x98\xe5\x8c\x96'	-9.628053547074021
3444	(-1, -1)	b'\xe3\x80\x90'	-9.507232596489517
3445	(-1, -1)	b'\xe3\x80\x91'	-9.507277123060756
3446	(-1, -1)	b' either'	-9.507900703322377
3447	(-1, -1)	b'\xe5\xbb\xb6'	-9.84140994844883
3448	(-1, -1)	b' sell'	-9.860434223350824
3449	(-1, -1)	b'\xe9\x94\x8b'	-10.317840054343325
3450	(-1, -1)	b'let'	-9.676170672447999
3451	(-1, -1)	b' wanted'	-9.50986306235011
3452	(-1, -1)	b'\xd0\xbe\xd0\xbd'	-9.56733139816049
3453	(-1, -1)	b'\xe9\xa6\x86'	-9.633040083711927
3454	(-1, -1)	b' break'	-9.608303135163363
3455	(-1, -1)	b'\xe5\x86\xb3\xe5\xae\x9a'	-9.511292655159703
3456	(-1, -1)	b'\xe6\x99\xba'	-9.893033901980562
3457	(-1, -1)	b'\xe5\x93\xa5'	-9.727830301769682
3458	(-1, -1)	b'\xe6\x8c\x81\xe7\xbb\xad'	-9.511337362882971
3459	(-1, -1)	b'\xe5\xbf\x85\xe9\xa1\xbb'	-9.512052958423146
3460	(-1, -1)	b' almost'	-9.512992955359037
3461	(-1, -1)	b' mind'	-9.513127312794804
3462	(-1, -1)	b'\xe7\x94\xb5\xe8\xaf\x9d'	-9.51357530133379
3463	(-1, -1)	b'\xe4\xb8\xaa\xe6\x9c\x88'	-9.795998712082483
3464	(-1, -1)	b'ances'	-10.635993379912112
3465	(-1, -1)	b'\xc9\x99r'	-10.249708845919296
3466	(-1, -1)	b'\xe8\xa7\x84\xe5\xae\x9a'	-9.514516731031456
3467	(-1, -1)	b'\xe6\x9d\xaf'	-9.950030535310088
3468	(-1, -1)	b' check'	-9.313393549640624
3469	(-1, -1)	b'\xe9\x9f\xa9'	-10.326288259070726
3470	(-1, -1)	b' Af'	-11.031936237614595
3471	(-1, -1)	b'\xe5\x83\x8f\xe7\xb4\xa0'	-10.566339933701151
3472	(-1, -1)	b' Jan'	-10.22239331537453
3473	(-1, -1)	b'\xe6\x95\x88\xe6\x9e\x9c'	-9.508078940556608
3474	(-1, -1)	b'\xe5\xa4\x84\xe7\x90\x86'	-9.518426409082032
3475	(-1, -1)	b'\xe9\x95\x9c\xe5\xa4\xb4'	-9.519642872028554
3476	(-1, -1)	b' cloud'	-11.088312889322975
3477	(-1, -1)	b' shot'	-9.520183997582883
3478	(-1, -1)	b' future'	-9.438456439639223
3479	(-1, -1)	b'ple'	-9.76015760273027
3480	(-1, -1)	b' order'	-9.382994441777075
3481	(-1, -1)	b'\xe8\xb5\xb7\xe6\x9d\xa5'	-9.594167068616496
3482	(-1, -1)	b'\xe6\xa2\xa6'	-9.91394519863338
3483	(-1, -1)	b'\xe5\x81\x8f'	-9.653341724607996
3484	(-1, -1)	b' 17'	-9.529655868265948
3485	(-1, -1)	b'\xe7\x9a\x84\xe6\x96\xb0'	-9.858028397562368
3486	(-1, -1)	b'itive'	-10.56839648969591
3487	(-1, -1)	b'\xe4\xbc\xb0'	-11.056997091448055
3488	(-1, -1)	b'\xe9\x94\xae'	-10.735041263107243
3489	(-1, -1)	b'\xe0\xb8\xb1'	-9.526882067519704
3490	(-1, -1)	b'\xe4\xbc\x8a'	-9.527381692811137
3491	(-1, -1)	b'erv'	-9.792320710665084
3492	(-1, -1)	b' complete'	-10.309462624277627
3493	(-1, -1)	b'\xe5\xb2\x9b'	-9.530339130642496
3494	(-1, -1)	b'\xe6\x96\x97'	-10.142217567988443
3495	(-1, -1)	b' house'	-9.384568625494516
3496	(-1, -1)	b'\xe9\x81\xad'	-10.004013024852517
3497	(-1, -1)	b'\xe6\x84\x9f\xe8\xa7\x89'	-9.951209821631767
3498	(-1, -1)	b' available'	-9.532894109676333
3499	(-1, -1)	b' food'	-9.532939793680086
3500	(-1, -1)	b'\xe5\xae\x8c\xe5\x85\xa8'	-9.533533875726578
3501	(-1, -1)	b' guys'	-9.5348146370397
3502	(-1, -1)	b'\xe6\x9d\xa8'	-9.53527244961923
3503	(-1, -1)	b'\xe5\xb1\x8f'	-10.579523529068451
3504	(-1, -1)	b' Saturday'	-9.536555440997565
3505	(-1, -1)	b' York'	-9.483473284488031
3506	(-1, -1)	b' possible'	-9.536326214635531
3507	(-1, -1)	b'My'	-9.529838025923905
3508	(-1, -1)	b' fight'	-9.597865189711104
3509	(-1, -1)	b'ged'	-9.321347927799238
3510	(-1, -1)	b" That's"	-9.538528959778404
3511	(-1, -1)	b'\xe5\x9c\xba\xe6\xaf\x94\xe8\xb5\x9b'	-9.885921078753316
3512	(-1, -1)	b' share'	-9.538712741079173
3513	(-1, -1)	b'fer'	-9.78777162297491
3514	(-1, -1)	b' stuff'	-9.540322269834817
3515	(-1, -1)	b" won't"	-9.540552414136311
3516	(-1, -1)	b'ches'	-10.092715492065997
3517	(-1, -1)	b' custom'	-10.943698368239
3518	(-1, -1)	b'\xe6\x9d\xa5\xe7\x9c\x8b'	-9.584788676374167
3519	(-1, -1)	b'\xe8\x80\x83\xe8\xaf\x95'	-9.666255837128139
3520	(-1, -1)	b' dist'	-9.99686753327587
3521	(-1, -1)	b'\xe8\xbf\x91\xe6\x9c\x9f'	-9.5428106357103
3522	(-1, -1)	b'\xe6\x8a\xa5\xe5\x91\x8a'	-9.694258196090972
3523	(-1, -1)	b' bring'	-9.60486079097239
3524	(-1, -1)	b'back'	-9.602115422055196
3525	(-1, -1)	b'itter'	-10.697599347628405
3526	(-1, -1)	b' taken'	-9.544010949782672
3527	(-1, -1)	b'\xe7\xbb\x84\xe7\xbb\x87'	-9.544472992945723
3528	(-1, -1)	b'\xd8\xad'	-9.432034342200758
3529	(-1, -1)	b'\xe1\x88\xb5'	-9.545305209000041
3530	(-1, -1)	b'\xe4\xb9\x9f\xe6\x9c\x89'	-9.695923743823212
3531	(-1, -1)	b'\xe7\x83\x88'	-10.332061888682293
3532	(-1, -1)	b'\xe0\xa5\x8d\xe0\xa4\xb0'	-10.006210666935447
3533	(-1, -1)	b'\xe0\xaa\xb0'	-9.505630958917967
3534	(-1, -1)	b' viol'	-10.173278085376406
3535	(-1, -1)	b'UR'	-10.398851349791522
3536	(-1, -1)	b'\xe5\x98\x89'	-9.768622225867318
3537	(-1, -1)	b'2011'	-9.52783611434036
3538	(-1, -1)	b'atic'	-10.00922194312667
3539	(-1, -1)	b' minutes'	-9.547852391111297
3540	(-1, -1)	b' sum'	-10.659251861668258
3541	(-1, -1)	b' lower'	-9.502922915266169
3542	(-1, -1)	b'\xe8\x97\x8f'	-9.549012349482862
3543	(-1, -1)	b'-1'	-9.441787277925641
3544	(-1, -1)	b'\xe6\xb6\xa6'	-10.543616010812874
3545	(-1, -1)	b'\xe8\xaf\x81\xe5\x88\xb8'	-9.552034553340786
3546	(-1, -1)	b'\xe6\xb3\xa8\xe6\x84\x8f'	-9.70749769671037
3547	(-1, -1)	b'\xe5\xad\xa6\xe4\xb9\xa0'	-9.549151634948648
3548	(-1, -1)	b' means'	-9.552686686771759
3549	(-1, -1)	b'\xe8\xbd\xbd'	-10.161131663914675
3550	(-1, -1)	b' whole'	-9.509149031616452
3551	(-1, -1)	b'\xe8\xb6\xa3'	-10.159078802018474
3552	(-1, -1)	b'\xe0\xb6\xb8'	-9.554038888968796
3553	(-1, -1)	b'erm'	-10.157285998362457
3554	(-1, -1)	b'\xe0\xab\x8b'	-9.554598956191501
3555	(-1, -1)	b'\xe9\xa2\x84\xe8\xae\xa1'	-9.555392922092677
3556	(-1, -1)	b'\xe5\x8f\x91\xe8\xa1\x8c'	-9.524342383614943
3557	(-1, -1)	b'\xe6\xb0\xb8'	-9.844399673503567
3558	(-1, -1)	b'not'	-10.208740917619041
3559	(-1, -1)	b' asked'	-9.5573103785436
3560	(-1, -1)	b' \xd8\xb1'	-10.372274560547362
3561	(-1, -1)	b'uz'	-10.229152566538142
3562	(-1, -1)	b'\xe9\x9b\x84'	-10.150655012576127
3563	(-1, -1)	b' series'	-9.56087444159225
3564	(-1, -1)	b'\xe8\xb8'	-10.03605918553204
3565	(-1, -1)	b'\xe9\xa2\x84\xe6\x9c\x9f'	-9.56143835138163
3566	(-1, -1)	b'\xd8\xb3\xd8\xaa'	-10.052821482764575
3567	(-1, -1)	b'\xe9\x9d\xa0'	-9.562049612714874
3568	(-1, -1)	b'\xe5\xb9\xb3\xe6\x96\xb9\xe7\xb1\xb3'	-9.906881798839356
3569	(-1, -1)	b'\xe7\x81\xaf'	-9.56214368609218
3570	(-1, -1)	b' several'	-9.560827463460562
3571	(-1, -1)	b' certain'	-10.115931903876719
3572	(-1, -1)	b'\xe9\x9d\xa2\xe7\xa7\xaf'	-9.563037824837366
3573	(-1, -1)	b'\xe8\x8b\xb1\xe8\xaf\xad'	-9.563414543621253
3574	(-1, -1)	b'\xe0\xb8\x87'	-9.661724697373897
3575	(-1, -1)	b'ini'	-9.711094430833024
3576	(-1, -1)	b'\xe5\x9c\x9f\xe5\x9c\xb0'	-9.56242595933455
3577	(-1, -1)	b' design'	-9.930464469873899
3578	(-1, -1)	b'\xe5\x80\x8b'	-10.00262367871846
3579	(-1, -1)	b'hi'	-9.377582451627239
3580	(-1, -1)	b'\xe4\xbc\x91'	-10.39268016147378
3581	(-1, -1)	b' mess'	-10.737019202131703
3582	(-1, -1)	b' je'	-9.219361308225409
3583	(-1, -1)	b' expected'	-9.567804345577555
3584	(-1, -1)	b'//'	-9.5827218151034
3585	(-1, -1)	b'\xe7\xbd\xaa'	-10.181283697224194
3586	(-1, -1)	b' April'	-9.567284115718817
3587	(-1, -1)	b' special'	-9.544519209005811
3588	(-1, -1)	b'ev'	-8.991946566913608
3589	(-1, -1)	b'\xe4\xbd\xa0\xe7\x9a\x84'	-9.67727841356088
3590	(-1, -1)	b'.6'	-9.81592734279994
3591	(-1, -1)	b' Europe'	-10.23937788708093
3592	(-1, -1)	b'\xe5\xb0\xa4'	-10.7049469192588
3593	(-1, -1)	b'300'	-9.499338285490115
3594	(-1, -1)	b'.8'	-10.075276876400503
3595	(-1, -1)	b'\xe5\xae\xa2\xe5\x9c\xba'	-9.57169097479471
3596	(-1, -1)	b' forward'	-9.572308537342543
3597	(-1, -1)	b'\xe7\x8a\xb6\xe6\x80\x81'	-9.627601456145813
3598	(-1, -1)	b' Fl'	-10.123819546446658
3599	(-1, -1)	b' \xe1\x8a\xa5'	-9.980366816637527
3600	(-1, -1)	b' late'	-9.463073196764354
3601	(-1, -1)	b'\xe7\xb5'	-10.07566985003703
3602	(-1, -1)	b'36'	-9.874477604917603
3603	(-1, -1)	b'\xe7\x9a\x84\xe9\xab\x98'	-10.244669641526698
3604	(-1, -1)	b' heard'	-9.574877887378562
3605	(-1, -1)	b'\xe4\xbb\xbb\xe4\xbd\x95'	-9.57549742179445
3606	(-1, -1)	b'me'	-8.920118989025594
3607	(-1, -1)	b' course'	-9.498764169282062
3608	(-1, -1)	b'\xeb\x8b\xa4'	-9.753414334707086
3609	(-1, -1)	b' employ'	-10.049140214706677
3610	(-1, -1)	b' expect'	-9.465632597555748
3611	(-1, -1)	b'\xe5\xb1\x9e\xe4\xba\x8e'	-9.734849829199995
3612	(-1, -1)	b'\xe6\x81\xa9'	-9.577262815768712
3613	(-1, -1)	b'\xe6\x8d\x9f'	-10.435009857934737
3614	(-1, -1)	b'idence'	-11.14096247156539
3615	(-1, -1)	b' Dr'	-9.258826450434375
3616	(-1, -1)	b' white'	-9.523663204942213
3617	(-1, -1)	b' goal'	-9.646051041803196
3618	(-1, -1)	b'\xe5\x87\xaf'	-9.898550070420061
3619	(-1, -1)	b' \xd0\xb7'	-10.44246920536127
3620	(-1, -1)	b'\xe5\x95\x86\xe4\xb8\x9a'	-9.583346229734989
3621	(-1, -1)	b' yn'	-9.572118477473111
3622	(-1, -1)	b' morning'	-9.581857884164135
3623	(-1, -1)	b' Thanks'	-9.582625785910452
3624	(-1, -1)	b'\xe5\xae\x9e\xe9\x99\x85'	-10.047228241350712
3625	(-1, -1)	b' proper'	-10.250176725963389
3626	(-1, -1)	b' behind'	-9.582769833158197
3627	(-1, -1)	b'\xe7\xa7\x91\xe5\xad\xa6'	-10.061309188040527
3628	(-1, -1)	b'\xe8\xbf\xaa'	-9.583154060625581
3629	(-1, -1)	b'\xe7\xa8\x8e'	-9.583971034503831
3630	(-1, -1)	b'\xe4\xb8\x8a\xe5\xb8\x82'	-9.937628557417714
3631	(-1, -1)	b' due'	-9.56393276378219
3632	(-1, -1)	b' become'	-9.58459622989775
3633	(-1, -1)	b'\xe8\xb4\xb5'	-9.584981159893362
3634	(-1, -1)	b'\xe7\x9b\xb4\xe6\x8e\xa5'	-9.573639968827866
3635	(-1, -1)	b'\xe0\xb6\x9a'	-10.073079073318024
3636	(-1, -1)	b'\xd2\x9b'	-10.083641164098037
3637	(-1, -1)	b' Cal'	-10.189089727301594
3638	(-1, -1)	b'\xe9\x80\xa0\xe6\x88\x90'	-9.59130555879479
3639	(-1, -1)	b' fall'	-9.818112340027582
3640	(-1, -1)	b' ta'	-8.708802823072554
3641	(-1, -1)	b' Bar'	-9.485562512669075
3642	(-1, -1)	b' party'	-9.588259061117089
3643	(-1, -1)	b'\xe5\x90\x97'	-9.589176869069835
3644	(-1, -1)	b' worth'	-9.589273529453653
3645	(-1, -1)	b'\xe5\xaf\xbc\xe6\xbc\x94'	-9.590337410786166
3646	(-1, -1)	b'ills'	-10.654472544164937
3647	(-1, -1)	b'\xe7\xac\x94'	-9.882092018683442
3648	(-1, -1)	b'EN'	-9.960064064299665
3649	(-1, -1)	b'\xe6\x9a\xb4'	-9.5911118541937
3650	(-1, -1)	b" wouldn't"	-9.591402425167706
3651	(-1, -1)	b'\xe6\x80\xa5'	-9.591499300924623
3652	(-1, -1)	b'\xe0\xa4\xbe\xe0\xa4\xb0'	-9.97161511539808
3653	(-1, -1)	b'\xe9\x98\xb6'	-11.08356331217332
3654	(-1, -1)	b' sun'	-10.091117537107882
3655	(-1, -1)	b'ories'	-10.270505511873885
3656	(-1, -1)	b' Ab'	-9.909474799195186
3657	(-1, -1)	b'\xe5\x90\x89'	-9.592808043022673
3658	(-1, -1)	b' online'	-9.592711040403525
3659	(-1, -1)	b'\xe7\xbb\xbf'	-10.097765805417609
3660	(-1, -1)	b' experience'	-9.444292707664488
3661	(-1, -1)	b' 2015'	-9.593730037507493
3662	(-1, -1)	b' enjoy'	-9.858534406428321
3663	(-1, -1)	b'\xe7\xb6'	-10.524717027330794
3664	(-1, -1)	b' social'	-9.56468701828455
3665	(-1, -1)	b'\xe7\xbb\x9f\xe8\xae\xa1'	-9.596257746417033
3666	(-1, -1)	b'US'	-9.814231195070791
3667	(-1, -1)	b'\xe5\x8e\x82'	-9.59640377090073
3668	(-1, -1)	b' West'	-9.582481759409326
3669	(-1, -1)	b' issue'	-9.561767445670114
3670	(-1, -1)	b'\xe6\x88\xaa'	-10.449184841550487
3671	(-1, -1)	b'\xe8\xb4\xa7\xe5\xb8\x81'	-9.906616229856253
3672	(-1, -1)	b'\xe4\xbb\xb7\xe5\x80\xbc'	-9.598840656793282
3673	(-1, -1)	b'.7'	-10.153625017729311
3674	(-1, -1)	b' ka'	-8.538137623587854
3675	(-1, -1)	b' March'	-9.588114221044417
3676	(-1, -1)	b'\xe1\x88\x88'	-9.417886354472783
3677	(-1, -1)	b' service'	-9.58483679378065
3678	(-1, -1)	b'for'	-10.178666123091986
3679	(-1, -1)	b' cool'	-9.57759716009872
3680	(-1, -1)	b' bir'	-9.954965041621861
3681	(-1, -1)	b' consider'	-9.922204436451278
3682	(-1, -1)	b'\xe7\xbb\x93\xe6\x9d\x9f'	-9.603046041964156
3683	(-1, -1)	b'\xe5\xae\x81'	-9.782304719314187
3684	(-1, -1)	b'amb'	-9.366574736285365
3685	(-1, -1)	b' friends'	-9.603193061150424
3686	(-1, -1)	b'to'	-8.345457459769124
3687	(-1, -1)	b'\xe6\x80\x8e\xe4\xb9\x88'	-9.604958979396054
3688	(-1, -1)	b' exact'	-10.96853612244805
3689	(-1, -1)	b'\xe7\xbd\x91\xe7\xbb\x9c'	-9.61314241180411
3690	(-1, -1)	b' County'	-9.605941394250586
3691	(-1, -1)	b' ti'	-8.791892615714426
3692	(-1, -1)	b' mu'	-9.085208259848804
3693	(-1, -1)	b' Mr'	-9.602752068419656
3694	(-1, -1)	b'\xd3\xa9'	-9.607958367016524
3695	(-1, -1)	b'\xe5\x8f\x96\xe5\xbe\x97'	-9.855060755289681
3696	(-1, -1)	b'\xe6\x9d\xb0'	-9.721521481730322
3697	(-1, -1)	b' News'	-9.597572735039494
3698	(-1, -1)	b'\xe4\xb8\x8b\xe9\x99\x8d'	-9.609535421209626
3699	(-1, -1)	b' needs'	-9.608746583225617
3700	(-1, -1)	b'\xe6\x8f\x90\xe5\x8d\x87'	-9.609338153368578
3701	(-1, -1)	b' ay'	-10.03636146015083
3702	(-1, -1)	b' ba'	-8.484765972842403
3703	(-1, -1)	b' yes'	-10.06682612188278
3704	(-1, -1)	b'\xe4\xb9\x9f\xe4\xb8\x8d'	-9.663024648158837
3705	(-1, -1)	b'\xe5\x91\x8a\xe8\xaf\x89'	-10.207753617803617
3706	(-1, -1)	b' lost'	-9.61249911811837
3707	(-1, -1)	b'\xe6\xb3\xb0'	-9.612647533781441
3708	(-1, -1)	b' appear'	-10.60883255766606
3709	(-1, -1)	b'\xe5\xab'	-9.884296805258442
3710	(-1, -1)	b'ET'	-10.1866273216954
3711	(-1, -1)	b'\xe5\x93\xaa'	-9.886051134677547
3712	(-1, -1)	b'\xe4\xb8\x80\xe4\xb8\x8b'	-9.537794172144885
3713	(-1, -1)	b'\xe6\x95\xb4\xe4\xbd\x93'	-9.615769361841474
3714	(-1, -1)	b'-m'	-10.294186123575924
3715	(-1, -1)	b'VS'	-9.528882068186372
3716	(-1, -1)	b'\xe5\x88\x86\xe9\x92\x9f'	-9.619448761378278
3717	(-1, -1)	b'\xe8\x82\xaf'	-10.657281140309722
3718	(-1, -1)	b' Co'	-8.828797500080883
3719	(-1, -1)	b'\xe5\x9c\x88'	-9.722846350817298
3720	(-1, -1)	b' final'	-9.469098212319713
3721	(-1, -1)	b'\xe5\xbd\xa9\xe7\xa5\xa8'	-9.621543107411588
3722	(-1, -1)	b'\xe5\xae\xa2\xe6\x88\xb7'	-9.620844504588765
3723	(-1, -1)	b'When'	-9.591935358006559
3724	(-1, -1)	b' p.m'	-9.621593026293416
3725	(-1, -1)	b'\xe5\x86\xb0'	-9.623191747657113
3726	(-1, -1)	b'\xe6\xbd\xae'	-9.623291752657446
3727	(-1, -1)	b'Yes'	-9.611510242883275
3728	(-1, -1)	b' soon'	-9.623391767659779
3729	(-1, -1)	b' player'	-9.624042109111953
3730	(-1, -1)	b'\xe5\xbb\xba\xe8\xae\xae'	-9.624793029024087
3731	(-1, -1)	b'\xe6\x8c\x91'	-10.52053806353033
3732	(-1, -1)	b' large'	-9.620295944545088
3733	(-1, -1)	b' \xd8\xb4'	-9.626196256677412
3734	(-1, -1)	b' serious'	-10.145668314163965
3735	(-1, -1)	b'\xd8\xac'	-9.507277123060756
3736	(-1, -1)	b'\xe5\x8f\xb7\xe7\xa0\x81'	-9.627049177984418
3737	(-1, -1)	b'\xe6\x98\xa8\xe6\x97\xa5'	-9.626497204665839
3738	(-1, -1)	b'\xe6\x9c\xac\xe6\x8a\xa5'	-11.066903379646954
3739	(-1, -1)	b'where'	-10.18627604391889
3740	(-1, -1)	b'\xe8\x84\x91'	-10.22184726512434
3741	(-1, -1)	b'\xe5\x80\x92'	-9.628857769283739
3742	(-1, -1)	b'\xe0\xb8\xb5'	-9.97324580100173
3743	(-1, -1)	b'body'	-9.960554380563472
3744	(-1, -1)	b' land'	-9.663753359413235
3745	(-1, -1)	b'\xe6\x9c\x80\xe5\xa4\xa7'	-9.663128717260813
3746	(-1, -1)	b'\xe6\x97\xa0\xe6\xb3\x95'	-9.632484794568706
3747	(-1, -1)	b' stay'	-9.554925806987024
3748	(-1, -1)	b'\xe5\x8f\x82\xe4\xb8\x8e'	-9.632182039495245
3749	(-1, -1)	b'\xe8\x87\xaa\xe7\x84\xb6'	-9.632383866026029
3750	(-1, -1)	b'\xe6\xad\xa4\xe5\xa4\x96'	-9.6338988648008
3751	(-1, -1)	b'II'	-10.186188243752014
3752	(-1, -1)	b' suggest'	-9.900527528054749
3753	(-1, -1)	b' works'	-9.720198365599263
3754	(-1, -1)	b'iff'	-9.557965962739406
3755	(-1, -1)	b' black'	-9.636682337839613
3756	(-1, -1)	b'\xd9\x88\xd9\x86'	-9.659440880332234
3757	(-1, -1)	b' following'	-9.637087852849223
3758	(-1, -1)	b'\xe7\x9b\x96'	-9.908809286060015
3759	(-1, -1)	b' non'	-10.85196967090202
3760	(-1, -1)	b' ma'	-8.495133931771246
3761	(-1, -1)	b' given'	-9.638965501773153
3762	(-1, -1)	b' 40'	-9.590289027981406
3763	(-1, -1)	b'ift'	-10.177185866824482
3764	(-1, -1)	b'\xe4\xbd\x9c\xe7\x94\xa8'	-10.042654365409131
3765	(-1, -1)	b'\xe6\xb4\x8b'	-9.86985984401828
3766	(-1, -1)	b'lar'	-9.36363912445874
3767	(-1, -1)	b'\xe6\x90\xad\xe9\x85\x8d'	-9.640490512235441
3768	(-1, -1)	b'\xe7\xbc\xa9'	-9.64059226233728
3769	(-1, -1)	b' weeks'	-9.640795793605474
3770	(-1, -1)	b'\xe7\xab\x9f'	-11.13368971223631
3771	(-1, -1)	b' June'	-9.637087852849223
3772	(-1, -1)	b'Most'	-11.036240846085823
3773	(-1, -1)	b' 24'	-9.616315443717681
3774	(-1, -1)	b'\xe4\xbc\x9f'	-9.64273140953173
3775	(-1, -1)	b' couple'	-9.551243248344528
3776	(-1, -1)	b' gets'	-9.643955837009841
3777	(-1, -1)	b'ential'	-10.956134933280008
3778	(-1, -1)	b' quick'	-10.390523826406435
3779	(-1, -1)	b'\xe9\x87\x8d\xe7\x82\xb9'	-9.645181765548728
3780	(-1, -1)	b' son'	-9.582769833158197
3781	(-1, -1)	b'over'	-9.142464571715156
3782	(-1, -1)	b'ci'	-9.208469618286271
3783	(-1, -1)	b'\xe6\x9c\x9f\xe9\x97\xb4'	-9.64589758519275
3784	(-1, -1)	b'\xe2\x80\xa6\xe2\x80\xa6'	-9.658922557612911
3785	(-1, -1)	b' Cr'	-9.22535566671344
3786	(-1, -1)	b' Dec'	-10.691614365162165
3787	(-1, -1)	b'\xe5\xa1\x9e'	-9.72721981808116
3788	(-1, -1)	b'\xe5\x8f\x97\xe5\x88\xb0'	-9.706192994160519
3789	(-1, -1)	b' ill'	-10.16250258350219
3790	(-1, -1)	b'\xe5\xb8\xa6\xe6\x9d\xa5'	-9.66151686197878
3791	(-1, -1)	b'ope'	-9.360173850700042
3792	(-1, -1)	b' fund'	-10.320547772991112
3793	(-1, -1)	b' national'	-9.573021583744538
3794	(-1, -1)	b'ators'	-9.787182347766343
3795	(-1, -1)	b'33'	-9.790782339851074
3796	(-1, -1)	b' Res'	-10.261661366926361
3797	(-1, -1)	b'\xe6\x88\x90\xe7\xbb\xa9'	-9.650151929239897
3798	(-1, -1)	b'\xe5\xbd\xb1\xe7\x89\x87'	-9.652054292342214
3799	(-1, -1)	b' control'	-9.401769677241244
3800	(-1, -1)	b'eth'	-9.951001611199674
3801	(-1, -1)	b' billion'	-9.580850907167587
3802	(-1, -1)	b'\xe5\x9d\x90'	-9.652826552786804
3803	(-1, -1)	b'\xe9\x9d\x99'	-9.653032589668134
3804	(-1, -1)	b' exc'	-9.677225636149599
3805	(-1, -1)	b'\xe4\xb8\x9a\xe7\xbb\xa9'	-9.650614333235085
3806	(-1, -1)	b'??'	-9.981725561080845
3807	(-1, -1)	b'\xe5\xaf\xbc\xe8\x87\xb4'	-9.65473401566699
3808	(-1, -1)	b'\xe5\xb7\xa5\xe7\xa8\x8b'	-9.655921572280032
3809	(-1, -1)	b"a's"	-10.634892664335926
3810	(-1, -1)	b'\xe6\x83\xa0'	-10.39473299564507
3811	(-1, -1)	b'\xe6\x98\xaf\xe5\x9c\xa8'	-10.018087904416042
3812	(-1, -1)	b'\xd8\xa7\xd8\xaa'	-9.615471624641975
3813	(-1, -1)	b'\xc6\xb0'	-10.543114065765318
3814	(-1, -1)	b' music'	-9.520229104599288
3815	(-1, -1)	b'\xe9\x9b\x85'	-9.9064834718076
3816	(-1, -1)	b' trade'	-9.29843067696391
3817	(-1, -1)	b'\xe8\xbf\x9e\xe7\xbb\xad'	-9.658145576920642
3818	(-1, -1)	b' woman'	-9.657110540860739
3819	(-1, -1)	b'\xe7\x9a\x84\xe6\x83\x85\xe5\x86\xb5'	-10.252988612716296
3820	(-1, -1)	b'\xe6\x8c\x87\xe5\x87\xba'	-9.646051041803196
3821	(-1, -1)	b' Ass'	-10.524593867037517
3822	(-1, -1)	b' fans'	-9.658974377796884
3823	(-1, -1)	b' success'	-10.22394207895109
3824	(-1, -1)	b' maybe'	-9.65830092477068
3825	(-1, -1)	b'\xd0\xbe\xd0\xbc'	-9.836942053954727
3826	(-1, -1)	b'\xd1\x80\xd0\xb0'	-9.134826479821305
3827	(-1, -1)	b' campaign'	-9.66053023331248
3828	(-1, -1)	b' match'	-9.598987058960295
3829	(-1, -1)	b'ians'	-10.121677159338498
3830	(-1, -1)	b'\xe6\xa2\x85'	-9.661672734475394
3831	(-1, -1)	b'\xe4\xbc\x9a\xe8\xae\xae'	-9.664378391987363
3832	(-1, -1)	b'\xe5\x86\x85\xe5\xae\xb9'	-9.663076681356028
3833	(-1, -1)	b' Will'	-10.49762102543635
3834	(-1, -1)	b' prop'	-10.441222110363748
3835	(-1, -1)	b'\xe1\x8d\xa2'	-9.664378391987363
3836	(-1, -1)	b'irt'	-9.760272288205481
3837	(-1, -1)	b'\xe1\x89\xb0'	-9.665316673957784
3838	(-1, -1)	b'ze'	-9.270424428549397
3839	(-1, -1)	b' definitely'	-9.665473139913718
3840	(-1, -1)	b'\xe5\x8e\x8b\xe5\x8a\x9b'	-9.665786145289534
3841	(-1, -1)	b'wards'	-10.017642734502177
3842	(-1, -1)	b'\xe6\x9c\x80\xe8\xbf\x91'	-9.666255837128139
3843	(-1, -1)	b'\xe5\x9f\xba\xe9\x87\x91\xe5\x85\xac\xe5\x8f\xb8'	-9.669497500533625
3844	(-1, -1)	b'\xe4\xb8\xb9'	-9.774305377326874
3845	(-1, -1)	b'\xe8\x90\xa8'	-9.668921599363287
3846	(-1, -1)	b'\xe7\xa3'	-10.072452015764949
3847	(-1, -1)	b' based'	-9.669340403683092
3848	(-1, -1)	b' whether'	-9.669864155855544
3849	(-1, -1)	b' true'	-9.66333688796154
3850	(-1, -1)	b' key'	-9.464096171151335
3851	(-1, -1)	b' often'	-9.665890502190228
3852	(-1, -1)	b'\xe8\x9c'	-10.054436308752765
3853	(-1, -1)	b'\xe5\x8a\xb3'	-10.044252843389833
3854	(-1, -1)	b' \xe1\x8c'	-10.565569814294586
3855	(-1, -1)	b' front'	-9.637290672036615
3856	(-1, -1)	b' light'	-9.445631507964869
3857	(-1, -1)	b'\xe8\x86'	-10.178753265264495
3858	(-1, -1)	b'\xe9\xa1\xb6'	-9.673590705240965
3859	(-1, -1)	b'\xe9\xab\x98\xe8\x80\x83'	-9.99672223723493
3860	(-1, -1)	b'\xe7\xa7\x9f'	-9.803215945402384
3861	(-1, -1)	b'\xd1\x80\xd0\xb5'	-9.97708485022129
3862	(-1, -1)	b'\xe6\x8e\xa2'	-9.675116820522032
3863	(-1, -1)	b'work'	-10.010694155391105
3864	(-1, -1)	b'de'	-8.200384663605066
3865	(-1, -1)	b" n'"	-9.676012523840695
3866	(-1, -1)	b'\xe8\x8b\xa5'	-9.677014554354619
3867	(-1, -1)	b'AL'	-9.614628516996625
3868	(-1, -1)	b'\xe7\xab\xa0'	-10.22057430623268
3869	(-1, -1)	b'Sh'	-9.765792716256135
3870	(-1, -1)	b' dead'	-9.678493063442202
3871	(-1, -1)	b'\xe7\xae\xad'	-11.724878898284269
3872	(-1, -1)	b'\xe4\xbd\x9b'	-9.939890769179387
3873	(-1, -1)	b'\xe7\x9a\x84\xe4\xb8\x80\xe4\xb8\xaa'	-9.712460215415295
3874	(-1, -1)	b' room'	-9.630820774821604
3875	(-1, -1)	b' net'	-10.440882263291659
3876	(-1, -1)	b'cast'	-10.057751015969654
3877	(-1, -1)	b'\xe4\xbb\xbb\xe5\x8a\xa1'	-9.683791369786043
3878	(-1, -1)	b' author'	-10.154050025173339
3879	(-1, -1)	b'\xe7\xbb\x8f\xe8\xbf\x87'	-9.685226738576645
3880	(-1, -1)	b'AC'	-9.925919778314165
3881	(-1, -1)	b' Em'	-9.924702328045427
3882	(-1, -1)	b'\xe5\xae\xbd'	-10.125883871526382
3883	(-1, -1)	b'ih'	-10.878808785135387
3884	(-1, -1)	b'\xe6\xa1\xa3'	-9.68581210963878
3885	(-1, -1)	b'\xe5\x8b\x9f'	-10.75624021364635
3886	(-1, -1)	b'\xe1\x80\xb1\xe1\x80'	-10.115604598415977
3887	(-1, -1)	b'\xe5\x9b\xb0'	-10.350102558369867
3888	(-1, -1)	b'\xe5\xbd\x92'	-9.95831489470903
3889	(-1, -1)	b' World'	-9.689224718261551
3890	(-1, -1)	b'\xe8\x81\x94\xe7\xb3\xbb'	-9.689598679854711
3891	(-1, -1)	b'\xe0\xb8\xa1'	-9.60378135413729
3892	(-1, -1)	b'\xe9\xa3\x8e\xe6\xa0\xbc'	-9.690026235844336
3893	(-1, -1)	b' University'	-9.69238106701011
3894	(-1, -1)	b'\xe5\x81\xa5\xe5\xba\xb7'	-9.692649012672334
3895	(-1, -1)	b'\xe9\xb2\x81'	-9.692702610421241
3896	(-1, -1)	b'IGHT'	-11.627896943222932
3897	(-1, -1)	b'\xe7\x86\x9f'	-10.759817478523438
3898	(-1, -1)	b' boo'	-10.59737645795017
3899	(-1, -1)	b'\xe6\x9c\x89\xe7\x9a\x84'	-9.902905650459717
3900	(-1, -1)	b' phone'	-9.517841232049287
3901	(-1, -1)	b' fucking'	-9.695063759894907
3902	(-1, -1)	b'\xe5\xb8\xae\xe5\x8a\xa9'	-9.695224950556945
3903	(-1, -1)	b'\xe9\x81\x97'	-10.345561786893962
3904	(-1, -1)	b'IC'	-10.189618175437902
3905	(-1, -1)	b'\xec\x97'	-10.896336010844347
3906	(-1, -1)	b' Col'	-9.73636044576275
3907	(-1, -1)	b'\xe7\x9b\xae\xe6\xa0\x87'	-9.695171217449277
3908	(-1, -1)	b'uel'	-10.33878905705465
3909	(-1, -1)	b'\xe4\xba\x88'	-10.283000868606548
3910	(-1, -1)	b' \xe1\x8b\xa8'	-9.697484352238968
3911	(-1, -1)	b'\xe9\x92\x88'	-10.753294703416593
3912	(-1, -1)	b'\xe5\x9f\xba\xe7\xa1\x80'	-9.891528813845117
3913	(-1, -1)	b'\xe8\xa7\xa3\xe5\x86\xb3'	-9.685971815779821
3914	(-1, -1)	b'.4'	-10.101711536671187
3915	(-1, -1)	b'\xe8\xa7\xa6'	-10.110300844805787
3916	(-1, -1)	b'-r'	-9.864817548350208
3917	(-1, -1)	b'lu'	-8.843729265645248
3918	(-1, -1)	b' happened'	-9.700991140111524
3919	(-1, -1)	b'\xe8\x91\x97'	-10.359246429228335
3920	(-1, -1)	b'\xe1\x80\xad\xe1\x80\xaf\xe1\x80'	-10.189001679755863
3921	(-1, -1)	b'\xe8\x83\xa1'	-10.068775972362104
3922	(-1, -1)	b'OT'	-9.979723844656098
3923	(-1, -1)	b' previous'	-10.21450462233579
3924	(-1, -1)	b' Go'	-9.853422856473218
3925	(-1, -1)	b'ience'	-10.200335252460752
3926	(-1, -1)	b'\xe5\xa6\x82\xe6\xad\xa4'	-9.706790771533427
3927	(-1, -1)	b'\xe7\xa7\x92'	-9.706899496730598
3928	(-1, -1)	b'\xe5\x8a\xa0\xe5\xbc\xba'	-9.694472949662076
3929	(-1, -1)	b'Thank'	-9.706736413367457
3930	(-1, -1)	b' access'	-9.707824138497816
3931	(-1, -1)	b'\xe8\xb1\xaa'	-9.936054885306152
3932	(-1, -1)	b'\xe4\xbc\xaf'	-9.708749636018759
3933	(-1, -1)	b' terr'	-10.39138580253997
3934	(-1, -1)	b'\xe8\xb5\xa2'	-9.710003144644077
3935	(-1, -1)	b'Why'	-9.70918546082409
3936	(-1, -1)	b'\xe6\x80\xa7\xe7\x9a\x84'	-9.947745294884799
3937	(-1, -1)	b'\xe5\x8f\x8c\xe6\x96\xb9'	-9.71016676167152
3938	(-1, -1)	b' students'	-9.711422049051526
3939	(-1, -1)	b'\xe0\xae\xb0'	-9.728330065780417
3940	(-1, -1)	b'yl'	-9.999413637295635
3941	(-1, -1)	b' matter'	-9.50367687915597
3942	(-1, -1)	b'\xe5\xbd\xa2\xe6\x88\x90'	-9.713663650821188
3943	(-1, -1)	b'\xc3\xb6'	-9.959994038740307
3944	(-1, -1)	b'\xe8\xb6\x8b'	-10.969688638902937
3945	(-1, -1)	b' research'	-9.637696433859995
3946	(-1, -1)	b'\xe8\xae\xba\xe5\x9d\x9b'	-9.71558119695046
3947	(-1, -1)	b' services'	-9.716129743316381
3948	(-1, -1)	b' office'	-9.59630641887573
3949	(-1, -1)	b'\xe8\xb5\x84\xe6\xba\x90'	-9.716733492065478
3950	(-1, -1)	b' road'	-9.716843303738568
3951	(-1, -1)	b'\xe8\x84\x9a'	-9.717557373692834
3952	(-1, -1)	b'\xe8\xb4\xb4'	-9.831693022234452
3953	(-1, -1)	b'\xe6\x95\xb4\xe4\xb8\xaa'	-9.693882488279883
3954	(-1, -1)	b'\xe6\x8e\x89'	-9.718766962580142
3955	(-1, -1)	b'\xe6\x88\x91\xe4\xbb\xac\xe7\x9a\x84'	-9.813989122932112
3956	(-1, -1)	b' visit'	-9.350039726989657
3957	(-1, -1)	b'\xe5\xae\xb9\xe6\x98\x93'	-9.719042073313947
3958	(-1, -1)	b' agree'	-9.66703914743739
3959	(-1, -1)	b' among'	-9.719812786261539
3960	(-1, -1)	b'\xe5\x85\xb1\xe5\x90\x8c'	-9.720033099106669
3961	(-1, -1)	b'\xe7\xa7\xaf\xe6\x9e\x81'	-9.719702648037957
3962	(-1, -1)	b'za'	-9.067354518061775
3963	(-1, -1)	b' tried'	-9.721300840767432
3964	(-1, -1)	b'\xe7\xbb\x8f\xe9\xaa\x8c'	-9.721025108005875
3965	(-1, -1)	b' growth'	-9.721466316925452
3966	(-1, -1)	b'yle'	-9.946086575864639
3967	(-1, -1)	b' discuss'	-10.232733344362261
3968	(-1, -1)	b' Che'	-10.60228916782408
3969	(-1, -1)	b' hear'	-9.832185875866903
3970	(-1, -1)	b' concern'	-10.734889275873877
3971	(-1, -1)	b' companies'	-9.723730573035725
3972	(-1, -1)	b'\xe7\xa7\x91\xe6\x8a\x80'	-9.878987631246572
3973	(-1, -1)	b' officials'	-9.723896451778746
3974	(-1, -1)	b'cher'	-10.790189949191687
3975	(-1, -1)	b' period'	-9.720198365599263
3976	(-1, -1)	b' quite'	-9.724228291834885
3977	(-1, -1)	b'\xe5\xb3\xb0'	-9.821215948178358
3978	(-1, -1)	b'\xe6\x9d\xa1\xe4\xbb\xb6'	-9.7249476566115
3979	(-1, -1)	b'\xe6\x88\x91\xe7\x9a\x84'	-9.813202792935448
3980	(-1, -1)	b'An'	-9.647638140562039
3981	(-1, -1)	b'\xd0\xb8\xd0\xbc'	-10.41472383013846
3982	(-1, -1)	b' National'	-9.670755164588723
3983	(-1, -1)	b'\xe6\x9c\x89\xe4\xba\x9b'	-9.682782529070751
3984	(-1, -1)	b' ak'	-10.972575754756907
3985	(-1, -1)	b'\xe6\x8e\xa7\xe5\x88\xb6'	-9.727053387191203
3986	(-1, -1)	b' body'	-9.720914836185727
3987	(-1, -1)	b' within'	-9.728052388273287
3988	(-1, -1)	b'ING'	-9.855754520887814
3989	(-1, -1)	b' hot'	-10.07315748316634
3990	(-1, -1)	b'my'	-9.538528959778404
3991	(-1, -1)	b'-h'	-9.962307475223744
3992	(-1, -1)	b'\xe5\x8c\xba\xe5\x9f\x9f'	-9.73010903000319
3993	(-1, -1)	b'\xe6\x9d\x90\xe6\x96\x99'	-9.732950811649852
3994	(-1, -1)	b'\xe8\xb5\xb6'	-10.040678830992602
3995	(-1, -1)	b'\xe6\x98\xaf\xe4\xb8\x80\xe4\xb8\xaa'	-9.65850809278468
3996	(-1, -1)	b'.9'	-9.887613126534342
3997	(-1, -1)	b' ir'	-10.347210591884146
3998	(-1, -1)	b' remember'	-9.5992799276108
3999	(-1, -1)	b' \xd0\xb6'	-9.812900522885085
4000	(-1, -1)	b'\xe8\xbf\x90\xe5\x8a\xa8'	-9.735353114545443
4001	(-1, -1)	b" we're"	-9.735353114545443
4002	(-1, -1)	b' outside'	-9.705649870097634
4003	(-1, -1)	b' \xd9\x81'	-10.390200776815513
4004	(-1, -1)	b' ask'	-9.629612315460035
4005	(-1, -1)	b' Facebook'	-9.736528432996115
4006	(-1, -1)	b' single'	-9.630820774821604
4007	(-1, -1)	b'ville'	-10.014679988834482
4008	(-1, -1)	b'\xe5\x90\x84\xe7\xa7\x8d'	-9.738995493400756
4009	(-1, -1)	b' Gu'	-9.509773780621556
4010	(-1, -1)	b' store'	-9.99759433031346
4011	(-1, -1)	b'\xe0\xb8\xa7'	-9.899472397384452
4012	(-1, -1)	b'\xe8\xb4\xa8\xe9\x87\x8f'	-9.743327548897094
4013	(-1, -1)	b'\xe4\xba\xa7\xe7\x94\x9f'	-9.736864492145688
4014	(-1, -1)	b'\xe8\xbf\x87\xe5\x8e\xbb'	-9.729219152302642
4015	(-1, -1)	b'\xe6\xb6\x89'	-10.258258717140533
4016	(-1, -1)	b'yd'	-10.184346218758561
4017	(-1, -1)	b' account'	-9.67574899839579
4018	(-1, -1)	b'\xe5\x8f\xab'	-9.743440320253288
4019	(-1, -1)	b'75'	-9.80940085117826
4020	(-1, -1)	b' pain'	-9.716129743316381
4021	(-1, -1)	b' \xd9\x87'	-10.145584007794568
4022	(-1, -1)	b'\xe9\xa4\x90'	-9.746999143385185
4023	(-1, -1)	b'\xe8\x89\xba\xe6\x9c\xaf'	-9.747282132888163
4024	(-1, -1)	b'\xd8\xa7\xd9\x85'	-9.624843110406344
4025	(-1, -1)	b'\xe6\xb8\x90'	-10.53275515878184
4026	(-1, -1)	b' known'	-9.747904991830755
4027	(-1, -1)	b' Gl'	-10.814906654587547
4028	(-1, -1)	b'\xe8\xbf\x99\xe6\xac\xa1'	-9.749322024801325
4029	(-1, -1)	b' decision'	-9.749378747907498
4030	(-1, -1)	b' talking'	-9.749378747907498
4031	(-1, -1)	b'che'	-9.275850224899457
4032	(-1, -1)	b'-5'	-10.157712564934638
4033	(-1, -1)	b'\xe5\xbc\x80\xe5\x8f\x91\xe5\x95\x86'	-9.905355739424989
4034	(-1, -1)	b' den'	-9.952390500311827
4035	(-1, -1)	b' coach'	-9.56327325744587
4036	(-1, -1)	b'arl'	-10.626948505312544
4037	(-1, -1)	b'\xe5\xb9\xb8'	-10.597111592367904
4038	(-1, -1)	b' Cor'	-9.626296562610591
4039	(-1, -1)	b'\xe6\x8e\x92\xe5\x90\x8d'	-9.75267420543535
4040	(-1, -1)	b' drug'	-10.203724783847925
4041	(-1, -1)	b' pen'	-9.843277478872084
4042	(-1, -1)	b' project'	-9.649946484965932
4043	(-1, -1)	b' issues'	-9.753072668511633
4044	(-1, -1)	b'\xe7\x9b\xb8\xe5\xbd\x93'	-9.752389686128796
4045	(-1, -1)	b' cloudy'	-9.754269011264055
4046	(-1, -1)	b'\xe7\x93\xb7'	-10.788104108082454
4047	(-1, -1)	b'09'	-9.427542730652297
4048	(-1, -1)	b' continue'	-9.752105247750452
4049	(-1, -1)	b'PS'	-9.770126855780811
4050	(-1, -1)	b' stock'	-9.738097676158471
4051	(-1, -1)	b' favor'	-10.963175205913753
4052	(-1, -1)	b'\xe6\xb3\x95\xe5\x9b\xbd'	-9.75529558829045
4053	(-1, -1)	b' instead'	-9.756551726402405
4054	(-1, -1)	b' security'	-9.756894583548622
4055	(-1, -1)	b'\xe5\xb8\x82\xe5\x9c\xba\xe7\x9a\x84'	-9.886246250284163
4056	(-1, -1)	b'.3'	-10.296830461829016
4057	(-1, -1)	b'-3'	-9.901715882324128
4058	(-1, -1)	b'\xe5\xa7\x94\xe5\x91\x98'	-10.756861428140626
4059	(-1, -1)	b'\xe6\x95\xb0\xe7\xa0\x81'	-10.249802404416814
4060	(-1, -1)	b'\xe5\x8c\xbb\xe9\x99\xa2'	-9.758667887219563
4061	(-1, -1)	b' tra'	-9.662608480020904
4062	(-1, -1)	b' \xd8\xac'	-9.759068746208467
4063	(-1, -1)	b'no'	-8.723193012559936
4064	(-1, -1)	b'Just'	-9.759756307113339
4065	(-1, -1)	b'Ph'	-10.867639384548767
4066	(-1, -1)	b' China'	-9.747112329576591
4067	(-1, -1)	b'\xe6\x9d\xa5\xe8\x87\xaa'	-9.76222395635267
4068	(-1, -1)	b'\xe8\xb4\xb8'	-10.479446266087209
4069	(-1, -1)	b'\xe5\x8d\x95\xe4\xbd\x8d'	-9.763086198811171
4070	(-1, -1)	b'\xe5\xa4\x9c'	-9.764870525989052
4071	(-1, -1)	b'\xe0\xb0\xa8'	-9.638660778561045
4072	(-1, -1)	b' club'	-9.76521624768653
4073	(-1, -1)	b'\xe8\x94'	-10.679463195835698
4074	(-1, -1)	b' history'	-9.765446795237985
4075	(-1, -1)	b'\xe9\xa2\x86\xe5\xaf\xbc'	-10.11765201733684
4076	(-1, -1)	b'\xe8\x81\x8c\xe4\xb8\x9a'	-9.765792716256135
4077	(-1, -1)	b' lol'	-9.745302886052084
4078	(-1, -1)	b'\xe5\xb9\xb6\xe4\xb8\x94'	-9.7668889229143
4079	(-1, -1)	b'OO'	-10.094796658269821
4080	(-1, -1)	b'\xe8\xb4\xb7\xe6\xac\xbe'	-9.767177598185494
4081	(-1, -1)	b'\xe8\x89\xb2\xe7\x9a\x84'	-10.984793496186631
4082	(-1, -1)	b'\xe5\x86\x8d\xe6\xac\xa1'	-9.768795721515904
4083	(-1, -1)	b' boy'	-10.150231445286131
4084	(-1, -1)	b'\xe5\x80\xba\xe5\x88\xb8'	-9.768737886288452
4085	(-1, -1)	b'\xe5\xaf\xb9\xe6\x89\x8b'	-9.771749762298262
4086	(-1, -1)	b' talk'	-9.770126855780811
4087	(-1, -1)	b'IL'	-10.586050115347602
4088	(-1, -1)	b'\xe9\x99\xb6'	-10.835364748548388
4089	(-1, -1)	b'\xe8\xb0\x81'	-9.771227826484518
4090	(-1, -1)	b'\xe8\x81\x94\xe8\xb5\x9b'	-9.770648217124988
4091	(-1, -1)	b'ida'	-10.270601036543205
4092	(-1, -1)	b' Pe'	-9.990205669391024
4093	(-1, -1)	b'ners'	-10.709974284571645
4094	(-1, -1)	b' 21'	-9.730944010151344
4095	(-1, -1)	b'\xe4\xba\x8b\xe4\xbb\xb6'	-9.774596201816346
4096	(-1, -1)	b'\xe7\xbd\x91\xe7\xab\x99'	-10.077322027746558
4097	(-1, -1)	b'\xe6\x8a\x97'	-9.774654376865083
4098	(-1, -1)	b'\xe8\x82\xa5'	-10.733370672696688
4099	(-1, -1)	b'\xe3\x80\x8d'	-9.775469183102691
4100	(-1, -1)	b'\xe3\x80\x8c'	-9.775702106879438
4101	(-1, -1)	b'yr'	-9.75683743252703
4102	(-1, -1)	b'\xe6\x91\xa9'	-9.77756745280067
4103	(-1, -1)	b'RE'	-9.223711177896204
4104	(-1, -1)	b' \xdb\x81'	-10.229060920109998
4105	(-1, -1)	b'lim'	-10.409002613080478
4106	(-1, -1)	b'\xe8\xb7\x91'	-9.778326244607104
4107	(-1, -1)	b' bi'	-8.84159880266658
4108	(-1, -1)	b' activ'	-10.81721422112988
4109	(-1, -1)	b' book'	-9.726498817523042
4110	(-1, -1)	b'ado'	-9.99092763895527
4111	(-1, -1)	b'par'	-9.79226149877532
4112	(-1, -1)	b'\xe5\xb0\x8f\xe6\x97\xb6'	-9.77972860547734
4113	(-1, -1)	b' rather'	-9.779494742052513
4114	(-1, -1)	b'\xe0\xae\xa4'	-10.091996096327366
4115	(-1, -1)	b'\xe6\xaf\x9b'	-9.780840204246184
4116	(-1, -1)	b' July'	-9.780898743687148
4117	(-1, -1)	b'\xe5\xae\xb6\xe5\xb1\x85'	-9.774363535458852
4118	(-1, -1)	b'uf'	-10.313443125105033
4119	(-1, -1)	b'\xe0\xb6\xb1\xe0\xb7\x8a'	-9.780606080744967
4120	(-1, -1)	b' \xe1\x8a\xa3'	-10.346695048231958
4121	(-1, -1)	b'ki'	-8.699667242721079
4122	(-1, -1)	b'\xd0\xb0\xd0\xbc'	-10.063481246919457
4123	(-1, -1)	b'\xe8\xa7\x86\xe9\xa2\x91'	-9.789069252035135
4124	(-1, -1)	b'\xe6\x80\xaa'	-9.783771382332663
4125	(-1, -1)	b' sense'	-9.740568615810686
4126	(-1, -1)	b'\xe5\xb7\x9d'	-10.293599441247569
4127	(-1, -1)	b'Tr'	-10.05736501990202
4128	(-1, -1)	b' \xd8\xae'	-9.785651855355512
4129	(-1, -1)	b'\xe5\x88\xa9\xe7\x94\xa8'	-9.78682894924694
4130	(-1, -1)	b'ization'	-10.191028737251612
4131	(-1, -1)	b'\xe9\xb1\xbc'	-9.788184322329293
4132	(-1, -1)	b' field'	-9.788361245633501
4133	(-1, -1)	b'\xe5\xa4\xae\xe8\xa1\x8c'	-10.106564344641802
4134	(-1, -1)	b' host'	-9.788656187384644
4135	(-1, -1)	b'\xe5\xaf\xbb'	-10.39246431860655
4136	(-1, -1)	b'\xe3\x81\x9f'	-10.415606929875727
4137	(-1, -1)	b'ips'	-10.248680279743244
4138	(-1, -1)	b' entire'	-9.789187301852294
4139	(-1, -1)	b" haven't"	-9.789777760065009
4140	(-1, -1)	b'\xe6\x9c\x89\xe9\x99\x90\xe5\x85\xac\xe5\x8f\xb8'	-9.784593654198565
4141	(-1, -1)	b' abs'	-10.689288444648543
4142	(-1, -1)	b'\xe6\x88\x90\xe6\x9c\xac'	-9.787948473271596
4143	(-1, -1)	b' running'	-9.791314585051255
4144	(-1, -1)	b'\xe9\x95\xbf\xe6\x9c\x9f'	-9.79315004546767
4145	(-1, -1)	b'edd'	-10.562879057337664
4146	(-1, -1)	b'asing'	-10.464954952545842
4147	(-1, -1)	b'\xe6\xaf\x94\xe4\xbe\x8b'	-9.791669572630417
4148	(-1, -1)	b' Sen'	-10.190323207634199
4149	(-1, -1)	b'\xe4\xb8\x8d\xe8\xa6\x81'	-9.750286755460944
4150	(-1, -1)	b' tem'	-10.491883500731989
4151	(-1, -1)	b'\xe5\x8d\x81\xe5\x88\x86'	-9.793268578034631
4152	(-1, -1)	b' held'	-9.79392075841526
4153	(-1, -1)	b' pres'	-9.989989180124438
4154	(-1, -1)	b'\xe5\xad\xa6\xe9\x99\xa2'	-9.722735877993498
4155	(-1, -1)	b'\xe6\xad\xa4\xe6\xac\xa1'	-9.794870144352588
4156	(-1, -1)	b'\xe7\x94\xb5\xe8\xa7\x86'	-9.78942344330212
4157	(-1, -1)	b'\xe4\xba\xba\xe4\xbb\xac'	-9.74372230429486
4158	(-1, -1)	b' killed'	-9.796355366666301
4159	(-1, -1)	b'\xe5\x85\xac\xe9\x87\x8c'	-10.283871738079556
4160	(-1, -1)	b' fine'	-9.634303252411831
4161	(-1, -1)	b'\xe6\xaf\x92'	-9.797128554916675
4162	(-1, -1)	b'\xe5\x9c\xa3'	-10.046999050013142
4163	(-1, -1)	b'\xe5\x90\x8c\xe6\xa0\xb7'	-9.797128554916675
4164	(-1, -1)	b' political'	-9.72544598169587
4165	(-1, -1)	b' industry'	-9.79891512042284
4166	(-1, -1)	b'\xe8\xaf\x8d'	-9.799093952648883
4167	(-1, -1)	b'\xd8\xae'	-9.697592070233362
4168	(-1, -1)	b' \xd8\xb9'	-10.012316096177225
4169	(-1, -1)	b' Ste'	-10.097123080240829
4170	(-1, -1)	b' arrest'	-10.675875104436823
4171	(-1, -1)	b'-l'	-10.51405842719111
4172	(-1, -1)	b' En'	-9.757351909344049
4173	(-1, -1)	b'\xe6\x88\x90\xe7\xab\x8b'	-9.803575183820808
4174	(-1, -1)	b' recently'	-9.80315608487739
4175	(-1, -1)	b'\xe5\xbc\xb1'	-9.803335677203293
4176	(-1, -1)	b'\xe6\xb2\x83'	-10.331046557089332
4177	(-1, -1)	b'uit'	-10.245694088647726
4178	(-1, -1)	b'val'	-9.662400460882393
4179	(-1, -1)	b'\xe7\xbb\xbc\xe5\x90\x88'	-9.802617501339041
4180	(-1, -1)	b' \xe0\xa4\x85'	-9.80483353554631
4181	(-1, -1)	b'\xe5\x8f\x82\xe8\x80\x83'	-10.722654397780062
4182	(-1, -1)	b' 70'	-9.784123701772597
4183	(-1, -1)	b'\xe4\xba\x8b\xe6\x83\x85'	-10.578873207136187
4184	(-1, -1)	b'\xe5\xba\x93'	-9.806093472716134
4185	(-1, -1)	b'under'	-10.265265658033057
4186	(-1, -1)	b' further'	-9.805793343658387
4187	(-1, -1)	b'\xe7\xbd\x91\xe5\x8f\x8b'	-9.807354999330439
4188	(-1, -1)	b'\xe5\xa4\xa7\xe5\xb9\x85'	-9.874541890861503
4189	(-1, -1)	b'\xe3\x81\xab'	-9.807415111740664
4190	(-1, -1)	b'\xe9\x9d\xa2\xe5\xaf\xb9'	-9.816351829632062
4191	(-1, -1)	b'\xd0\xb8\xd1\x82'	-10.82716455198305
4192	(-1, -1)	b'\xe6\x97\xa7'	-10.110545015237962
4193	(-1, -1)	b'\xe5\xae\xb6\xe5\xba\xad'	-9.785298997200828
4194	(-1, -1)	b' film'	-9.497220108095176
4195	(-1, -1)	b' Har'	-9.213170368467736
4196	(-1, -1)	b'roll'	-10.143646920398947
4197	(-1, -1)	b" aren't"	-9.811330189772633
4198	(-1, -1)	b'\xe6\x98\x8e\xe6\x98\x9f'	-9.81187348760375
4199	(-1, -1)	b' One'	-9.80004826502001
4200	(-1, -1)	b' moment'	-9.603830394178493
4201	(-1, -1)	b'\xe6\xaf\x94\xe5\xa6\x82'	-9.812417080767862
4202	(-1, -1)	b'\xd0\xb0\xd0\xba'	-10.353729317435617
4203	(-1, -1)	b'ender'	-9.551289778368035
4204	(-1, -1)	b'\xe6\x85\xa2'	-10.582650974932646
4205	(-1, -1)	b'\xe5\x8f\xaa\xe8\xa6\x81'	-9.814715515215868
4206	(-1, -1)	b' Ge'	-10.383013061485052
4207	(-1, -1)	b'\xe8\xae\xa8'	-10.421477246340363
4208	(-1, -1)	b' mag'	-10.054898166970505
4209	(-1, -1)	b'\xe8\xbf\x9d'	-10.163446182113915
4210	(-1, -1)	b' super'	-9.481518589340967
4211	(-1, -1)	b'\xe7\x81\xab\xe7\xae\xad'	-9.81762637233487
4212	(-1, -1)	b'\xe8\xa1\x8c\xe4\xb8\xba'	-9.821520742596885
4213	(-1, -1)	b'\xe9\xa2\x86\xe5\x9f\x9f'	-9.81853775557382
4214	(-1, -1)	b'\xe7\xab\x9e\xe4\xba\x89'	-9.818780931451972
4215	(-1, -1)	b'\xe7\xba\xbd'	-10.84397167029943
4216	(-1, -1)	b' fair'	-10.056824875593199
4217	(-1, -1)	b'\xe4\xb8\x80\xe7\xa7\x8d'	-9.550359589007442
4218	(-1, -1)	b'\xe5\xae\x9e\xe5\x8a\x9b'	-9.821764645037117
4219	(-1, -1)	b'\xe9\x83\xbd\xe6\x9c\x89'	-9.899736075698438
4220	(-1, -1)	b' Thursday'	-9.822679809372977
4221	(-1, -1)	b'ume'	-10.38023765406729
4222	(-1, -1)	b' leave'	-9.6089930282573
4223	(-1, -1)	b'\xe5\x85\xb5'	-9.823168239689789
4224	(-1, -1)	b'\xe5\xbd\x93\xe7\x84\xb6'	-9.823412544338899
4225	(-1, -1)	b' treat'	-10.680902045004796
4226	(-1, -1)	b'\xe8\x8f\xb2'	-9.825124350100182
4227	(-1, -1)	b'\xe9\x80\x9f\xe5\xba\xa6'	-9.831446686477571
4228	(-1, -1)	b'key'	-10.169212863326765
4229	(-1, -1)	b' similar'	-9.822496709491482
4230	(-1, -1)	b' happy'	-9.825491547166733
4231	(-1, -1)	b'\xd0\xbe\xd0\xb3'	-10.892948292529052
4232	(-1, -1)	b'\xe5\x87\xba\xe6\x9d\xa5'	-9.605646568441363
4233	(-1, -1)	b' step'	-9.906350731381309
4234	(-1, -1)	b'lam'	-10.097203398300387
4235	(-1, -1)	b'\xe0\xa5\x88'	-10.469606664620276
4236	(-1, -1)	b'88'	-9.82109405641809
4237	(-1, -1)	b'\xe7\x98'	-10.734129686015859
4238	(-1, -1)	b'unt'	-8.956645248894347
4239	(-1, -1)	b'uh'	-10.34659197138808
4240	(-1, -1)	b' ur'	-9.86685693469212
4241	(-1, -1)	b'\xe5\x8c\x97\xe4\xba\xac\xe6\x97\xb6\xe9\x97\xb4'	-9.830708043085624
4242	(-1, -1)	b'\xe5\x88\xa9\xe7\x8e\x87'	-9.831385112018639
4243	(-1, -1)	b' vol'	-10.930305310902563
4244	(-1, -1)	b' wonder'	-9.979581018118685
4245	(-1, -1)	b'Re'	-9.328025253495705
4246	(-1, -1)	b' offer'	-9.902839515080572
4247	(-1, -1)	b' 60'	-9.805973410283524
4248	(-1, -1)	b' mis'	-9.870115827636726
4249	(-1, -1)	b"I've"	-9.83366589587066
4250	(-1, -1)	b' pack'	-10.249989547675524
4251	(-1, -1)	b' meeting'	-9.647996866576085
4252	(-1, -1)	b'\xe4\xbf\x9d\xe6\x8a\xa4'	-9.83453025352156
4253	(-1, -1)	b' Sm'	-10.692779357284607
4254	(-1, -1)	b'\xe6\x9b\xb2'	-9.835086306793432
4255	(-1, -1)	b'\xe4\xb9\xa1'	-9.835271726615343
4256	(-1, -1)	b' announced'	-9.835271726615343
4257	(-1, -1)	b"''"	-9.845398238149983
4258	(-1, -1)	b'\xe6\xb6\xb2'	-10.107375440476682
4259	(-1, -1)	b'.0'	-9.962237292397452
4260	(-1, -1)	b'\xe5\x85\xb3\xe4\xba\x8e'	-9.825491547166733
4261	(-1, -1)	b'\xe4\xb8\x8b\xe8\xb7\x8c'	-9.833480773535122
4262	(-1, -1)	b' released'	-9.837003971542439
4263	(-1, -1)	b'\xd8\xa7\xdb\x8c'	-9.996576962301866
4264	(-1, -1)	b' mot'	-10.19926725663122
4265	(-1, -1)	b'\xc3\x97'	-9.839297621619671
4266	(-1, -1)	b'aka'	-10.061541683101053
4267	(-1, -1)	b' link'	-9.878148515496191
4268	(-1, -1)	b' lo'	-9.142279088840874
4269	(-1, -1)	b' dh'	-9.535776285654164
4270	(-1, -1)	b'\xe8\xb2'	-10.178317630319684
4271	(-1, -1)	b' wait'	-9.714211146044281
4272	(-1, -1)	b' War'	-9.621044055599654
4273	(-1, -1)	b'\xe4\xbf\x9d\xe8\xaf\x81'	-10.055360238599826
4274	(-1, -1)	b'\xe8\x8e\xab'	-9.84153434203028
4275	(-1, -1)	b'\xc2\xa3'	-9.842343277701785
4276	(-1, -1)	b'uma'	-10.031836906771908
4277	(-1, -1)	b'\xe4\xba\xba\xe6\xb0\x91\xe5\xb8\x81'	-9.842592312692489
4278	(-1, -1)	b' present'	-9.74841489241119
4279	(-1, -1)	b'\xe7\x93\xa6'	-9.843402104993881
4280	(-1, -1)	b'\xe7\xac\xa6'	-11.007887387413307
4281	(-1, -1)	b' White'	-9.798557551885061
4282	(-1, -1)	b' \xe0\xa8\x95'	-9.844274923004404
4283	(-1, -1)	b' dog'	-10.235312089574684
4284	(-1, -1)	b'-2'	-9.745981043749733
4285	(-1, -1)	b' \xe0\xa4\xa8'	-10.369001580800363
4286	(-1, -1)	b'ala'	-10.167401815442688
4287	(-1, -1)	b'\xe8\x8c\x83\xe5\x9b\xb4'	-9.845398238149983
4288	(-1, -1)	b'\xe3\x81\xaf'	-9.846147816547251
4289	(-1, -1)	b' shows'	-9.84346442387964
4290	(-1, -1)	b'\xe6\x80\x80'	-9.846272800924366
4291	(-1, -1)	b'\xe9\x98\xb6\xe6\xae\xb5'	-9.846647847809622
4292	(-1, -1)	b'\xd0\xb5\xd1\x82'	-10.157200706878761
4293	(-1, -1)	b'\xe3\x80\x80\xe3\x80\x80'	-10.036663826167194
4294	(-1, -1)	b' provide'	-9.597865189711104
4295	(-1, -1)	b' track'	-9.847648661053853
4296	(-1, -1)	b'\xe6\x9c\x97'	-10.230069493064882
4297	(-1, -1)	b' luck'	-10.237805050562951
4298	(-1, -1)	b'\xe5\xb1\x8b'	-10.463100309612463
4299	(-1, -1)	b' threat'	-9.848212058984183
4300	(-1, -1)	b' hate'	-9.688263744400828
4301	(-1, -1)	b'\xe5\xbe\xb7\xe5\x9b\xbd'	-9.847460932258834
4302	(-1, -1)	b'\xe9\xbd\x90'	-9.849904159785876
4303	(-1, -1)	b'\xe7\xbd\x9a'	-9.850468830252929
4304	(-1, -1)	b'2007'	-9.632232492309262
4305	(-1, -1)	b'\xe8\xae\xb8\xe5\xa4\x9a'	-9.851976178861408
4306	(-1, -1)	b'ica'	-9.545305209000041
4307	(-1, -1)	b' pull'	-10.282517379741547
4308	(-1, -1)	b'\xe5\x9b\xba'	-10.310853997986488
4309	(-1, -1)	b'\xe4\xb8\x8b\xe5\x8d\x88'	-10.285421825582336
4310	(-1, -1)	b'\xe0\xaf\x88'	-9.851787635983056
4311	(-1, -1)	b' begin'	-10.175968475369782
4312	(-1, -1)	b'\xe9\x80\x8f\xe9\x9c\xb2'	-9.851976178861408
4313	(-1, -1)	b'\xe7\x94\xb0'	-9.852039034388001
4314	(-1, -1)	b' States'	-9.853234040662478
4315	(-1, -1)	b'\xe6\x8c\x89\xe7\x85\xa7'	-9.852479133731812
4316	(-1, -1)	b'AA'	-10.418703934895087
4317	(-1, -1)	b'\xe6\x93\x8d\xe4\xbd\x9c'	-9.850155085074189
4318	(-1, -1)	b'\xe8\xba\xab\xe4\xbd\x93'	-9.881703442809114
4319	(-1, -1)	b'\xe4\xb8\x80\xe4\xbd\x8d'	-9.655559992689842
4320	(-1, -1)	b' release'	-9.755866364561653
4321	(-1, -1)	b'\xdb\x8c\xda\xba'	-10.60268855543506
4322	(-1, -1)	b'\xe5\x9e\x8b\xe5\x9f\xba\xe9\x87\x91'	-10.518210344255728
4323	(-1, -1)	b'pping'	-9.984161615878726
4324	(-1, -1)	b' movie'	-9.852730706060182
4325	(-1, -1)	b'\xe6\x99\x82'	-9.854115486290285
4326	(-1, -1)	b' Park'	-9.782597879880326
4327	(-1, -1)	b'\xe7\xa7\xbb\xe6\xb0\x91'	-9.85424147054242
4328	(-1, -1)	b'OM'	-10.546255363818696
4329	(-1, -1)	b'iding'	-10.38547466705192
4330	(-1, -1)	b'\xec\x9d\xb4'	-9.856385634824823
4331	(-1, -1)	b'\xe5\x91\xbc'	-10.031912148485949
4332	(-1, -1)	b'\xe5\xba\x8f'	-10.592487764855166
4333	(-1, -1)	b'\xe9\x87\x87\xe8\xae\xbf'	-10.293110802097852
4334	(-1, -1)	b' higher'	-9.857838710229752
4335	(-1, -1)	b'\xe5\x9d\xa6'	-9.858091634669924
4336	(-1, -1)	b' thinking'	-9.858091634669924
4337	(-1, -1)	b'ika'	-9.754839201723113
4338	(-1, -1)	b'ino'	-9.908875817446221
4339	(-1, -1)	b' Te'	-9.535318242406873
4340	(-1, -1)	b'ali'	-10.043795874608081
4341	(-1, -1)	b' Sw'	-10.04692266457217
4342	(-1, -1)	b'\xe7\x94\xb7\xe5\xad\x90'	-9.861322041279646
4343	(-1, -1)	b'\xe4\xbc\xa0\xe7\xbb\x9f'	-9.862274150272832
4344	(-1, -1)	b' loss'	-9.862909393592377
4345	(-1, -1)	b' song'	-10.256185005397311
4346	(-1, -1)	b' \xe0\xa8\xa6'	-10.260525863397845
4347	(-1, -1)	b' especially'	-9.86360862764178
4348	(-1, -1)	b'\xe5\x85\xa8\xe9\x9d\xa2'	-9.862909393592377
4349	(-1, -1)	b'\xe5\xbd\x95\xe5\x8f\x96'	-9.864753884495341
4350	(-1, -1)	b'\xe8\x82\x89'	-9.865008564236945
4351	(-1, -1)	b' ep'	-10.985769582159687
4352	(-1, -1)	b' gave'	-9.862020165891506
4353	(-1, -1)	b'\xe8\xa3\x81'	-10.303718896860955
4354	(-1, -1)	b' Do'	-9.047112233691026
4355	(-1, -1)	b' don'	-9.839421752702254
4356	(-1, -1)	b' teams'	-9.866346698058816
4357	(-1, -1)	b' leaders'	-10.336235559931515
4358	(-1, -1)	b'\xe7\xb4\xaf'	-10.325076994160343
4359	(-1, -1)	b' Ang'	-10.819527124853838
4360	(-1, -1)	b'\xe4\xb8\x8b\xe7\x9a\x84'	-10.298990289882445
4361	(-1, -1)	b'\xe4\xb8\xbe\xe8\xa1\x8c'	-9.865008564236945
4362	(-1, -1)	b' awesome'	-9.856259380169016
4363	(-1, -1)	b' \xe0\xa4\x86'	-10.103649834806708
4364	(-1, -1)	b'\xc3\xac'	-9.660270755898534
4365	(-1, -1)	b'\xe8\xa7\x84\xe5\x88\x92'	-9.868197545828457
4366	(-1, -1)	b'\xe5\xae\x9c'	-10.192087965879201
4367	(-1, -1)	b'\xe9\xb2\x9c'	-9.868261429305019
4368	(-1, -1)	b' human'	-9.678070409167102
4369	(-1, -1)	b'\xe5\x9f\xb9'	-11.25053908063478
4370	(-1, -1)	b'\xe6\x99\xb6'	-10.150824489739485
4371	(-1, -1)	b' goes'	-9.869156226757026
4372	(-1, -1)	b'\xe5\xb0\xbd\xe7\xae\xa1'	-9.86985984401828
4373	(-1, -1)	b'-w'	-10.434334486454766
4374	(-1, -1)	b' please'	-9.723785862892816
4375	(-1, -1)	b' building'	-9.669654622067453
4376	(-1, -1)	b' particular'	-10.4981006417525
4377	(-1, -1)	b' los'	-10.654472544164937
4378	(-1, -1)	b'\xe4\xbc\xb4'	-10.242623890394778
4379	(-1, -1)	b'\xe8\xbd\xaf'	-10.265740875453966
4380	(-1, -1)	b' 22'	-9.796890587160183
4381	(-1, -1)	b'\xe8\x8d\xa3'	-9.874606180938352
4382	(-1, -1)	b'field'	-9.712186909228675
4383	(-1, -1)	b' include'	-9.875506676271602
4384	(-1, -1)	b'\xe5\xa0\x82'	-9.87608599462323
4385	(-1, -1)	b' Market'	-9.876214777624051
4386	(-1, -1)	b' earlier'	-9.876214777624051
4387	(-1, -1)	b'\xe4\xb8\x8d\xe5\x88\xb0'	-9.884686390355245
4388	(-1, -1)	b'\xe6\x9c\x80\xe6\x96\xb0'	-9.708531794824129
4389	(-1, -1)	b'\xe7\xa8\xb1'	-10.068151606463417
4390	(-1, -1)	b' easy'	-9.876730075542056
4391	(-1, -1)	b'mit'	-9.337298774689794
4392	(-1, -1)	b'\xe5\x90\x8e\xe7\x9a\x84'	-10.181196334274764
4393	(-1, -1)	b' mph'	-9.878019483237946
4394	(-1, -1)	b'\xe8\xa7\x92\xe8\x89\xb2'	-9.802557676625435
4395	(-1, -1)	b'\xe4\xb8\x8a\xe5\x8d\x87'	-9.880085999956576
4396	(-1, -1)	b'ability'	-9.879504360362837
4397	(-1, -1)	b'\xe4\xbd\xb3\xe8\x83\xbd'	-9.879633584372836
4398	(-1, -1)	b'\xe8\xb4\x9d'	-9.879956717474172
4399	(-1, -1)	b' position'	-9.636885074789115
4400	(-1, -1)	b'\xe5\xb9\xbb'	-9.997085516927958
4401	(-1, -1)	b' Twitter'	-9.878729366782327
4402	(-1, -1)	b'\xe4\xb8\x9c\xe8\xa5\xbf'	-10.484639243648758
4403	(-1, -1)	b' average'	-9.783243135805339
4404	(-1, -1)	b'\xe8\xbf\x99\xe9\x87\x8c'	-10.40659191719462
4405	(-1, -1)	b'AM'	-10.375133974727563
4406	(-1, -1)	b'uy'	-10.379172237388627
4407	(-1, -1)	b'\xe7\x9a\x84\xe9\x97\xae\xe9\xa2\x98'	-9.799630641292913
4408	(-1, -1)	b'\xe4\xb8\x9d'	-9.881962476614474
4409	(-1, -1)	b'\xe4\xbc\x9a\xe6\x9c\x89'	-10.412519486691027
4410	(-1, -1)	b'\xe9\xba\xa6'	-9.883323506021888
4411	(-1, -1)	b'\xe6\x8a\x93'	-9.88358295987299
4412	(-1, -1)	b'\xe5\x85\xb3\xe9\x94\xae'	-9.881703442809114
4413	(-1, -1)	b' reports'	-9.884491578834774
4414	(-1, -1)	b' mother'	-9.884231889162473
4415	(-1, -1)	b' sound'	-9.890809789073153
4416	(-1, -1)	b'\xe7\xae\x80\xe5\x8d\x95'	-9.885011160583167
4417	(-1, -1)	b'-4'	-10.175360334957485
4418	(-1, -1)	b' cy'	-9.55824705901673
4419	(-1, -1)	b' App'	-10.46832528521494
4420	(-1, -1)	b' sold'	-10.118062004632977
4421	(-1, -1)	b' Also'	-9.884037166155334
4422	(-1, -1)	b'\xd0\xb3\xd0\xb0\xd0\xbd'	-9.862337656448828
4423	(-1, -1)	b' base'	-9.96062444537345
4424	(-1, -1)	b'\xe8\x81\x9a'	-9.889177562027134
4425	(-1, -1)	b'At'	-9.8122962567479
4426	(-1, -1)	b' ok'	-10.506531379391582
4427	(-1, -1)	b' staff'	-9.890025987596056
4428	(-1, -1)	b'\xe5\x8e\x85'	-9.890287186500505
4429	(-1, -1)	b'\xe5\xb0\xbe'	-9.89041781154151
4430	(-1, -1)	b'\xe5\x85\xa8\xe9\x83\xa8'	-9.889242799982599
4431	(-1, -1)	b'ona'	-10.177621008905236
4432	(-1, -1)	b'ulation'	-10.198644785400415
4433	(-1, -1)	b'\xe8\xbf\x99\xe4\xb9\x88'	-9.89146342658907
4434	(-1, -1)	b' target'	-9.68082086049375
4435	(-1, -1)	b' ones'	-9.894278946537057
4436	(-1, -1)	b'\xc5\xa1'	-9.89237923747273
4437	(-1, -1)	b'\xe7\x9b\xb8\xe5\xaf\xb9'	-9.892771984744911
4438	(-1, -1)	b'\xe6\x9d\xb1'	-9.894016703042471
4439	(-1, -1)	b'\xe7\x9a\x87'	-9.894278946537057
4440	(-1, -1)	b' \xed'	-9.800227300021831
4441	(-1, -1)	b'cer'	-10.552314458346647
4442	(-1, -1)	b'\xe6\xbb\x91'	-10.640131887681198
4443	(-1, -1)	b'ese'	-10.678026413979335
4444	(-1, -1)	b'\xeb\x8a\x94'	-9.897431244412404
4445	(-1, -1)	b' total'	-9.820911246631164
4446	(-1, -1)	b'\xe5\xa4\x9a\xe7\x9a\x84'	-10.455486059627216
4447	(-1, -1)	b' rate'	-9.898747640311052
4448	(-1, -1)	b'\xe0\xb1\x8b'	-10.450556270336866
4449	(-1, -1)	b'\xe5\x8e\x9a'	-9.900131723576992
4450	(-1, -1)	b' exactly'	-9.900395575821266
4451	(-1, -1)	b'\xe9\xa6\x96\xe6\xac\xa1'	-9.900461549761584
4452	(-1, -1)	b'\xe6\x9e\xb6'	-9.900527528054749
4453	(-1, -1)	b'\xe3\x81\x84'	-10.21396286160019
4454	(-1, -1)	b'\xe5\x8a\xaa\xe5\x8a\x9b'	-9.901253576731904
4455	(-1, -1)	b'\xe7\x8c\xae'	-10.779962950498755
4456	(-1, -1)	b'\xe5\xae\x9e\xe6\x96\xbd'	-9.89316488632812
4457	(-1, -1)	b' led'	-9.914413410407427
4458	(-1, -1)	b'\xe7\xab\xa5'	-10.662073932117456
4459	(-1, -1)	b' Washington'	-9.903170235723861
4460	(-1, -1)	b'\xe4\xbe\x9d\xe7\x84\xb6'	-9.904229277390225
4461	(-1, -1)	b' myself'	-9.904626707348427
4462	(-1, -1)	b'\xe6\x9c\x80\xe5\xa4\xa7\xe7\x9a\x84'	-9.871460817752059
4463	(-1, -1)	b'\xe4\xb8\x8d\xe9\x94\x99'	-9.863990234210043
4464	(-1, -1)	b' fan'	-9.724560242045401
4465	(-1, -1)	b' general'	-9.888786223644889
4466	(-1, -1)	b'\xe8\x8f\x9c'	-10.132934624471865
4467	(-1, -1)	b'\xe6\x8e\xa8\xe5\x87\xba'	-9.525520720483666
4468	(-1, -1)	b'\xe1\x8a\x93'	-9.666569087626682
4469	(-1, -1)	b'\xe7\x9b\xb8\xe6\xaf\x94'	-9.90714743836808
4470	(-1, -1)	b'\xe8\xaf\xaf'	-9.908543204770611
4471	(-1, -1)	b'oh'	-10.363116119775986
4472	(-1, -1)	b'\xd9\x83'	-9.682145890500783
4473	(-1, -1)	b' kids'	-9.909408227947283
4474	(-1, -1)	b'\xe7\xa1\xae\xe5\xae\x9a'	-9.911740862548244
4475	(-1, -1)	b'\xe5\xbd\x93\xe5\x9c\xb0'	-9.923823979284522
4476	(-1, -1)	b'\xe6\x96\xb9\xe6\xb3\x95'	-9.912475101475868
4477	(-1, -1)	b'\xe7\x9a\x84\xe8\xaf\x9d'	-9.813384198831637
4478	(-1, -1)	b'\xe5\xa4\xba'	-9.913744603533914
4479	(-1, -1)	b' Highs'	-9.913477205979008
4480	(-1, -1)	b' bo'	-9.106125636301668
4481	(-1, -1)	b' study'	-9.914480315703006
4482	(-1, -1)	b'\xe3\x82\x8b'	-10.609636739454475
4483	(-1, -1)	b'play'	-10.208651122800141
4484	(-1, -1)	b'\xe7\x9b\x88'	-10.760596841044379
4485	(-1, -1)	b' space'	-9.741918978925915
4486	(-1, -1)	b'\xe5\xa4\xa7\xe9\x87\x8f'	-9.876665648779158
4487	(-1, -1)	b' mass'	-10.533624670047107
4488	(-1, -1)	b'\xe8\x88\x9e'	-9.916824825602333
4489	(-1, -1)	b' fell'	-10.382478730721603
4490	(-1, -1)	b'85'	-9.816351829632062
4491	(-1, -1)	b'\xe6\x88\xbf\xe4\xbb\xb7'	-9.927477569275673
4492	(-1, -1)	b'\xe4\xb8\xbb\xe9\x98\x9f'	-9.919309298929996
4493	(-1, -1)	b'\xe7\x94\xb5\xe5\xad\x90'	-9.91978002957989
4494	(-1, -1)	b'\xe6\x8e\x88'	-10.705094422762276
4495	(-1, -1)	b'\xe5\xa4\x84\xe4\xba\x8e'	-9.920250981921491
4496	(-1, -1)	b'\xe5\xb0\x86\xe5\x9c\xa8'	-10.084195993106048
4497	(-1, -1)	b'\xe0\xaa\xa4'	-9.888916652756851
4498	(-1, -1)	b'\xe4\xbd\x93\xe9\xaa\x8c'	-9.891986644390412
4499	(-1, -1)	b'ging'	-9.413903742633345
4500	(-1, -1)	b'\xe7\x97\x9b'	-9.921799960242447
4501	(-1, -1)	b'\xe6\x94\xbf\xe6\xb2\xbb'	-10.009884170441994
4502	(-1, -1)	b'\xe5\xb2\xb8'	-10.59737645795017
4503	(-1, -1)	b'\x99\xe1\x80'	-9.928087800843581
4504	(-1, -1)	b'\xe3\x81\xa8'	-9.922743992679381
4505	(-1, -1)	b'\xe8\xb6\x8a\xe6\x9d\xa5\xe8\xb6\x8a'	-9.920318278936893
4506	(-1, -1)	b'\xe5\x80\xbc\xe5\xbe\x97'	-10.07755827612345
4507	(-1, -1)	b'\xe1\x88\xa8'	-9.894213379215786
4508	(-1, -1)	b' site'	-9.922271865061264
4509	(-1, -1)	b'\xe7\x9a\x84\xe5\xb0\x8f'	-9.995778327199337
4510	(-1, -1)	b'\xe0\xa5\x82'	-10.116095596789181
4511	(-1, -1)	b' India'	-9.923418847611188
4512	(-1, -1)	b'\xd9\x88\xd9\x84'	-9.83737555759985
4513	(-1, -1)	b' America'	-9.742144216834406
4514	(-1, -1)	b' \xd0\xbd\xd0\xb0'	-9.642833387912402
4515	(-1, -1)	b'\xe2\x80\x99'	-9.927070955011464
4516	(-1, -1)	b'Mostly'	-9.866984534539172
4517	(-1, -1)	b'ico'	-10.270887665313142
4518	(-1, -1)	b'\xe7\x94\xa8\xe6\x88\xb7'	-9.927206474729791
4519	(-1, -1)	b' port'	-10.063947302543863
4520	(-1, -1)	b' fit'	-9.749548936533635
4521	(-1, -1)	b'urt'	-10.046464474415242
4522	(-1, -1)	b'\xe8\xb5\xb5'	-9.929037790736565
4523	(-1, -1)	b' needed'	-9.929037790736565
4524	(-1, -1)	b'\xe9\x9a\x86'	-9.929173577280327
4525	(-1, -1)	b'\xe6\x88\x90\xe4\xba\xa4'	-10.34093904508529
4526	(-1, -1)	b'\xe8\xb7\xb3'	-9.929513124327832
4527	(-1, -1)	b'\xe6\x9f\x9c'	-10.29634024171037
4528	(-1, -1)	b'\xe7\xbb\x93\xe6\x9e\x84'	-9.930056639525668
4529	(-1, -1)	b'ran'	-9.389820676187467
4530	(-1, -1)	b' Med'	-9.923688917155738
4531	(-1, -1)	b'ibility'	-10.916542363134266
4532	(-1, -1)	b'Do'	-9.67443241185071
4533	(-1, -1)	b'ni'	-9.10941049606549
4534	(-1, -1)	b'\xe6\x8b\x9b\xe7\x94\x9f'	-9.931825106861826
4535	(-1, -1)	b'\xe8\xa1\xa1'	-10.670160803173385
4536	(-1, -1)	b' worked'	-9.932778655496943
4537	(-1, -1)	b'\xe0\xb7\x9a'	-9.933119429056214
4538	(-1, -1)	b' inside'	-9.837437502035712
4539	(-1, -1)	b' Police'	-9.930940482259208
4540	(-1, -1)	b'\xe6\x89\x8d\xe8\x83\xbd'	-9.937149351521157
4541	(-1, -1)	b'\xe0\xb1\x87'	-9.935166512677938
4542	(-1, -1)	b'\xe6\x99\xa8'	-9.935439774054144
4543	(-1, -1)	b' cop'	-10.56403135245268
4544	(-1, -1)	b'\xe5\xbc\x9f'	-10.530646630868869
4545	(-1, -1)	b'\xe5\x9b\xa0\xe7\xb4\xa0'	-9.936123254362345
4546	(-1, -1)	b'\xe0\xaa\xbf'	-9.936328389581362
4547	(-1, -1)	b'\xe6\x88\x91\xe5\x9b\xbd'	-9.931825106861826
4548	(-1, -1)	b' huge'	-9.936054885306152
4549	(-1, -1)	b'\xe5\xa7\x90'	-10.3952739163052
4550	(-1, -1)	b' Department'	-9.92958104757459
4551	(-1, -1)	b'\xe6\x80\x95'	-9.93797098799326
4552	(-1, -1)	b' Ne'	-9.750684268172389
4553	(-1, -1)	b'\xe7\x81\xbe'	-9.939273294630592
4554	(-1, -1)	b'\xe7\x9b\xb8\xe4\xbf\xa1'	-9.939684901963014
4555	(-1, -1)	b'\xe4\xb8\x81'	-9.939822142064786
4556	(-1, -1)	b'\xe6\x98\xa8\xe5\xa4\xa9'	-9.939890769179387
4557	(-1, -1)	b'\xe6\x8e\xaa\xe6\x96\xbd'	-9.940165324744292
4558	(-1, -1)	b'ped'	-9.678281713975073
4559	(-1, -1)	b'37'	-9.991216572791432
4560	(-1, -1)	b'\xe5\x87\x8f\xe5\xb0\x91'	-9.941126863279914
4561	(-1, -1)	b'\xe5\x85\x91'	-9.941126863279914
4562	(-1, -1)	b'\xe7\x8e\x89'	-9.941195579995282
4563	(-1, -1)	b' ah'	-10.022774192607121
4564	(-1, -1)	b'\xe6\x81\x90'	-10.201939387908562
4565	(-1, -1)	b'\xe7\x8b\x82'	-10.409990484298513
4566	(-1, -1)	b'\xe6\x9a\x96'	-10.291841456616671
4567	(-1, -1)	b'\xe7\x9c\x9f\xe6\xad\xa3'	-10.342990959214484
4568	(-1, -1)	b'\xe8\x8b\xa6'	-9.944085954315007
4569	(-1, -1)	b'\xe8\x92\x82'	-9.944154874677556
4570	(-1, -1)	b'\xe7\xbb\x8f\xe8\x90\xa5'	-9.944223799790448
4571	(-1, -1)	b' board'	-9.821703663849796
4572	(-1, -1)	b' wants'	-9.944361664269882
4573	(-1, -1)	b' When'	-9.915953365852193
4574	(-1, -1)	b' career'	-9.867495096806948
4575	(-1, -1)	b' result'	-9.821155000441024
4576	(-1, -1)	b' \xe0\xa4\xac'	-9.944775371784575
4577	(-1, -1)	b' round'	-9.756551726402405
4578	(-1, -1)	b'\xe6\x8e\x8c'	-10.422588728059768
4579	(-1, -1)	b'imate'	-10.269646200225075
4580	(-1, -1)	b'\xe6\xad\xa4\xe5\x89\x8d'	-9.955662002899027
4581	(-1, -1)	b'\xe6\x9c\x83'	-9.946984707121253
4582	(-1, -1)	b'\xe4\xba\xa1'	-10.957842875625165
4583	(-1, -1)	b' Lows'	-9.947192082783005
4584	(-1, -1)	b'\xe6\xa0\xb8\xe5\xbf\x83'	-9.94829881319963
4585	(-1, -1)	b'65'	-9.642935376693725
4586	(-1, -1)	b'\xe5\x95\x86\xe5\x93\x81'	-9.949614648425325
4587	(-1, -1)	b' latest'	-9.94996120881694
4588	(-1, -1)	b'\xe4\xba\xba\xe5\x8f\xa3'	-9.864308350961572
4589	(-1, -1)	b'\xe5\x8b\x87'	-9.951071009860307
4590	(-1, -1)	b'Can'	-10.061154221358054
4591	(-1, -1)	b'\xe5\x9f\x83'	-9.951279234743932
4592	(-1, -1)	b' \xe1\x89\xa0'	-9.952390500311827
4593	(-1, -1)	b'\xe8\x80\x81\xe5\xb8\x88'	-9.955313461541067
4594	(-1, -1)	b'\xe6\x95\x85\xe4\xba\x8b'	-9.930396486597758
4595	(-1, -1)	b'\xe7\xa7\x8b'	-9.9531552123655
4596	(-1, -1)	b'\xe8\xb4\xa2\xe6\x94\xbf'	-9.953085668918202
4597	(-1, -1)	b'\xe1\x88\xab'	-9.930872466615584
4598	(-1, -1)	b'\xe5\xbe\xae\xe5\x8d\x9a'	-9.954129328779851
4599	(-1, -1)	b'\xe4\xbb\x8d\xe7\x84\xb6'	-9.954268565761419
4600	(-1, -1)	b' card'	-9.955801453464028
4601	(-1, -1)	b'ees'	-9.755752183241594
4602	(-1, -1)	b'\xe6\x96\xb0\xe9\x97\xbb'	-9.853926539667144
4603	(-1, -1)	b' administr'	-11.582896607734614
4604	(-1, -1)	b'\xe7\xaf\xae\xe6\x9d\xbf'	-10.705832266815523
4605	(-1, -1)	b' El'	-9.354310304669049
4606	(-1, -1)	b'\xe5\x88\x9b\xe6\x96\xb0'	-9.86113172821408
4607	(-1, -1)	b'ira'	-10.099776988268403
4608	(-1, -1)	b'\xe5\xa5\xb3\xe6\x80\xa7'	-9.847335799304906
4609	(-1, -1)	b' currently'	-9.95831489470903
4610	(-1, -1)	b' \xe0\xa4\xa4'	-9.982942846684596
4611	(-1, -1)	b'\xe4\xb8\xa4\xe9\x98\x9f'	-10.316438933217391
4612	(-1, -1)	b' respond'	-10.367211258590816
4613	(-1, -1)	b'\xe7\xba\xaf'	-9.959713985528367
4614	(-1, -1)	b' resident'	-10.898123640923544
4615	(-1, -1)	b'\xe5\x88\x91'	-10.10243795826978
4616	(-1, -1)	b' beat'	-9.857017147318183
4617	(-1, -1)	b' perfect'	-9.917629924605901
4618	(-1, -1)	b' cause'	-9.76943212988012
4619	(-1, -1)	b'\xe5\xb0\xa4\xe5\x85\xb6'	-11.15151060880642
4620	(-1, -1)	b'\xe8\x8d\x89'	-9.961255249669819
4621	(-1, -1)	b'\xe5\x89\x91'	-9.96174615048265
4622	(-1, -1)	b'\xe9\xa0'	-10.385796193232279
4623	(-1, -1)	b' action'	-9.962237292397452
4624	(-1, -1)	b'\xda\xbe'	-9.962237292397452
4625	(-1, -1)	b'\xe8\xbf\x85'	-11.291318656439893
4626	(-1, -1)	b'\xe5\xbc\x97'	-9.96392304119871
4627	(-1, -1)	b'\xe5\xae\x97'	-9.964344922796867
4628	(-1, -1)	b'\xe1\x89\xb3'	-9.893951152912987
4629	(-1, -1)	b' amazing'	-9.965752481618884
4630	(-1, -1)	b'\xe0\xb8\xa2'	-9.934825040931408
4631	(-1, -1)	b' mention'	-10.544243796632978
4632	(-1, -1)	b' League'	-9.95901419543683
4633	(-1, -1)	b'\xe6\x9b\xb4\xe6\x98\xaf'	-9.906948202106422
4634	(-1, -1)	b'\xe5\x94\xaf'	-11.146222632350474
4635	(-1, -1)	b'\xe5\xb9\xbf\xe5\xb7\x9e'	-9.967232553778278
4636	(-1, -1)	b' victim'	-10.688707808836034
4637	(-1, -1)	b'load'	-10.403313942231465
4638	(-1, -1)	b' Me'	-9.372121793702064
4639	(-1, -1)	b' NIGHT'	-9.968644185859107
4640	(-1, -1)	b' risk'	-9.709894081496406
4641	(-1, -1)	b'\xe6\x94\xb9\xe9\x9d\xa9'	-9.969492122597305
4642	(-1, -1)	b'\xe6\x95\xa3'	-9.970340778942441
4643	(-1, -1)	b' bur'	-9.546369605055828
4644	(-1, -1)	b' TV'	-9.97267830435601
4645	(-1, -1)	b' 2014'	-9.970694598427434
4646	(-1, -1)	b'\xe0\xb8\xa5'	-9.960974843078427
4647	(-1, -1)	b'\xe8\x85\xbf'	-9.97161511539808
4648	(-1, -1)	b'\xe0\xa6\xa8'	-9.73680847444408
4649	(-1, -1)	b' wrote'	-9.97168595950565
4650	(-1, -1)	b' Donald'	-9.972607389914256
4651	(-1, -1)	b'\xe5\xae\xbe'	-10.336235559931515
4652	(-1, -1)	b' increase'	-9.787241259663618
4653	(-1, -1)	b' ver'	-9.838863284132621
4654	(-1, -1)	b'\xd0\xb8\xd1\x80'	-10.281454526363556
4655	(-1, -1)	b' himself'	-9.975092392435545
4656	(-1, -1)	b'\xe7\xbc\x93'	-9.975447897434135
4657	(-1, -1)	b' heart'	-9.868325316862938
4658	(-1, -1)	b'\xe4\xb8\x8d\xe5\x8f\xaf'	-9.965189220321164
4659	(-1, -1)	b'\xe8\xb4\xa3\xe4\xbb\xbb'	-9.91080715566435
4660	(-1, -1)	b'\xe5\xbb\x89'	-10.63077573797766
4661	(-1, -1)	b' San'	-9.470170276574711
4662	(-1, -1)	b'\xe5\xae\x98\xe6\x96\xb9'	-10.359664052955432
4663	(-1, -1)	b' development'	-9.848650476928762
4664	(-1, -1)	b'\xe8\xa7\x82\xe4\xbc\x97'	-9.97815387359217
4665	(-1, -1)	b'\xe6\x99\xae\xe9\x80\x9a'	-9.979081285822009
4666	(-1, -1)	b'\xe7\x84\xb6\xe5\x90\x8e'	-9.980724202009974
4667	(-1, -1)	b' School'	-9.97815387359217
4668	(-1, -1)	b' lab'	-10.014827917828836
4669	(-1, -1)	b'\xe6\x97\xa2'	-9.979938122718416
4670	(-1, -1)	b'yes'	-10.733826011552548
4671	(-1, -1)	b'\xe6\x9b\xbf'	-10.346488905167941
4672	(-1, -1)	b' died'	-9.980509755459956
4673	(-1, -1)	b'EC'	-10.03636146015083
4674	(-1, -1)	b'\xe4\xb8\xbb\xe5\xb8\xad'	-9.98108171515239
4675	(-1, -1)	b'\xe6\x8e\xa8\xe5\x8a\xa8'	-9.981439356156166
4676	(-1, -1)	b' \xc3\xa0'	-9.981510899708335
4677	(-1, -1)	b'\xe4\xb8\xa5\xe9\x87\x8d'	-9.981010202297924
4678	(-1, -1)	b'PC'	-10.064646793498433
4679	(-1, -1)	b' \xe1\x88\x98'	-9.982799559680483
4680	(-1, -1)	b'\xe0\xaa\xae'	-10.379598267856249
4681	(-1, -1)	b'\xe5\xbc\x80\xe6\x94\xbe'	-9.983659589834547
4682	(-1, -1)	b' sorry'	-9.984807448487016
4683	(-1, -1)	b' takes'	-9.98516642469075
4684	(-1, -1)	b'inn'	-10.253645858878635
4685	(-1, -1)	b'\xe9\x87\x8e'	-9.986603619534277
4686	(-1, -1)	b'\xe4\xbf\x9d\xe9\x9a\x9c'	-9.9873229922723
4687	(-1, -1)	b' Inc'	-9.957057384413377
4688	(-1, -1)	b'\xe6\xb5\x8b\xe8\xaf\x95'	-10.084195993106048
4689	(-1, -1)	b'\xe1\x88\x98'	-9.987682872795851
4690	(-1, -1)	b'\xe6\x87'	-10.562239466653883
4691	(-1, -1)	b'\xe9\x9b\xb6'	-9.988619168733747
4692	(-1, -1)	b'\xe8\xaf\xb4\xe6\x98\x8e'	-9.982011847942234
4693	(-1, -1)	b'\xe8\x92\x99'	-9.989917027449346
4694	(-1, -1)	b'\xe4\xb8\x8a\xe5\x91\xa8'	-10.115440985850167
4695	(-1, -1)	b' age'	-9.786240229107483
4696	(-1, -1)	b' role'	-9.825124350100182
4697	(-1, -1)	b'\xe7\xa1\xac'	-9.993313843493281
4698	(-1, -1)	b'\xe9\x9b\xaa'	-9.993965615975346
4699	(-1, -1)	b' focus'	-9.979723844656098
4700	(-1, -1)	b'\xe6\x81\x8b'	-9.994472843985207
4701	(-1, -1)	b'\xe5\x8f\xaa\xe8\x83\xbd'	-9.994762804117721
4702	(-1, -1)	b' global'	-9.905952615789825
4703	(-1, -1)	b'66'	-9.838801251317243
4704	(-1, -1)	b' investigation'	-9.864181092116912
4705	(-1, -1)	b'\xd0\xb5\xd0\xbb'	-10.592883256258384
4706	(-1, -1)	b'\xe6\xb6\x82'	-10.893126307660808
4707	(-1, -1)	b' Thank'	-9.99643170847054
4708	(-1, -1)	b'\xe1\x8b\xab'	-9.879439754619364
4709	(-1, -1)	b' si'	-9.509149031616452
4710	(-1, -1)	b'\xe5\x8f\xa6\xe4\xb8\x80'	-9.884426650094046
4711	(-1, -1)	b'\xe9\x80\x82\xe5\x90\x88'	-9.999049511012618
4712	(-1, -1)	b'alk'	-10.318441136308929
4713	(-1, -1)	b'\xe5\xae\x87'	-10.235496540372957
4714	(-1, -1)	b'ming'	-9.595382047017846
4715	(-1, -1)	b' box'	-9.99926797087149
4716	(-1, -1)	b'\xc3\xa8'	-9.930532457772077
4717	(-1, -1)	b' town'	-10.00101736996186
4718	(-1, -1)	b'\xe7\xbb\x84\xe5\x9b\xbe'	-10.001893218496063
4719	(-1, -1)	b" couldn't"	-10.001893218496063
4720	(-1, -1)	b' amount'	-9.84066391173409
4721	(-1, -1)	b'\xe6\xb3\x95\xe9\x99\xa2'	-10.007091077850717
4722	(-1, -1)	b' 23'	-9.927816540839206
4723	(-1, -1)	b' weekend'	-9.928698405021446
4724	(-1, -1)	b'\xe6\xb7\xb1\xe5\x9c\xb3'	-10.004013024852517
4725	(-1, -1)	b' oil'	-9.988403022618131
4726	(-1, -1)	b' \xe0\xa8\xb8'	-10.11568641473838
4727	(-1, -1)	b'MP'	-9.879827451703568
4728	(-1, -1)	b'\xe6\xbc\xab'	-10.58709833347293
4729	(-1, -1)	b'\xe4\xbd\x8d\xe7\xbd\xae'	-10.001966240512232
4730	(-1, -1)	b'\xe3\x81\x97'	-10.415496499750276
4731	(-1, -1)	b'\xe5\xad\x99'	-10.005477582817871
4732	(-1, -1)	b'\xe6\x97\xa0\xe8\xae\xba'	-10.639579096069554
4733	(-1, -1)	b'\xe4\xba\xa6'	-10.005550867050802
4734	(-1, -1)	b' To'	-9.003099248003078
4735	(-1, -1)	b'TH'	-10.163274552490222
4736	(-1, -1)	b' plans'	-10.007017680661797
4737	(-1, -1)	b'unk'	-10.01704948272356
4738	(-1, -1)	b'Ex'	-10.227412719022656
4739	(-1, -1)	b' specific'	-10.381837910449754
4740	(-1, -1)	b' IS'	-10.203099532610548
4741	(-1, -1)	b' \xe0\xa4\xb5'	-10.424926868633957
4742	(-1, -1)	b'\xe0\xa9\x8b'	-10.007678449380085
4743	(-1, -1)	b' Day'	-9.943259280253049
4744	(-1, -1)	b' posted'	-10.007972264572444
4745	(-1, -1)	b' usually'	-10.008780701760488
4746	(-1, -1)	b' incident'	-10.00922194312667
4747	(-1, -1)	b'anda'	-10.025312454514888
4748	(-1, -1)	b' review'	-10.009369066857992
4749	(-1, -1)	b'\xe7\xa6\x81'	-10.009442636841474
4750	(-1, -1)	b'\xe9\xab\x98\xe7\x9a\x84'	-10.327096584870018
4751	(-1, -1)	b'\xe7\xa8\x8b\xe5\xba\xa6'	-10.009957778332792
4752	(-1, -1)	b'\xe8\x83\xb8'	-10.010399539494447
4753	(-1, -1)	b'\xe5\x90\x8c\xe6\xaf\x94'	-10.630091228402023
4754	(-1, -1)	b'\xe8\xb5\xb0\xe5\x8a\xbf'	-10.011431075100209
4755	(-1, -1)	b'\xe6\x9a\x82'	-10.437377256594115
4756	(-1, -1)	b'\xe5\xb7\xa7'	-10.011799738698855
4757	(-1, -1)	b'\xe6\xaf\x95\xe4\xb8\x9a'	-10.435122464207025
4758	(-1, -1)	b'\xe8\x84\xb8'	-10.012021002113851
4759	(-1, -1)	b'\xe5\xbb\xba\xe7\xab\x8b'	-10.012168538260475
4760	(-1, -1)	b'\xe6\x9a\x97'	-10.0120947674663
4761	(-1, -1)	b'\xd8\xa7\xd8\xaf'	-9.952668509765939
4762	(-1, -1)	b'To'	-9.508034378269665
4763	(-1, -1)	b'\xe7\xbf\xbb'	-10.012758900612505
4764	(-1, -1)	b' January'	-10.012832720418391
4765	(-1, -1)	b'\xe5\x91\xbd\xe4\xb8\xad'	-10.029131968613514
4766	(-1, -1)	b' log'	-10.012906545674046
4767	(-1, -1)	b'ford'	-9.798974727611485
4768	(-1, -1)	b'\xe8\xad\xa6\xe6\x96\xb9'	-10.01261127734681
4769	(-1, -1)	b'\xe5\xb9\xb3\xe7\xb1\xb3'	-10.015345841705605
4770	(-1, -1)	b' parents'	-10.013940671929596
4771	(-1, -1)	b'FL'	-11.01570540859092
4772	(-1, -1)	b' above'	-10.01438419647856
4773	(-1, -1)	b' \xd1\x87'	-10.174752564155188
4774	(-1, -1)	b'\xe0\xb0\xb0'	-9.761879267431006
4775	(-1, -1)	b'\xe4\xbe\xa0'	-10.430740188527034
4776	(-1, -1)	b'\xe5\xbf\x83\xe7\x90\x86'	-10.116750636524385
4777	(-1, -1)	b'cy'	-10.065424579957492
4778	(-1, -1)	b'\xe4\xbd\x8f\xe6\x88\xbf'	-10.017494388559166
4779	(-1, -1)	b'\xe5\x90\xb8\xe5\xbc\x95'	-10.015715951632476
4780	(-1, -1)	b'\xe0\xa4\xb0\xe0\xa5\x8d\xe0\xa4'	-9.871268565516534
4781	(-1, -1)	b'\xe6\xb4\x97'	-10.016012138232199
4782	(-1, -1)	b'room'	-10.165938127549532
4783	(-1, -1)	b'\xe5\xb8\x9d'	-10.01638249488989
4784	(-1, -1)	b'\xe8\xae\xa9\xe4\xba\xba'	-10.01704948272356
4785	(-1, -1)	b' website'	-9.89894524924362
4786	(-1, -1)	b'\xe5\x88\xa9\xe6\xb6\xa6'	-10.483574847592973
4787	(-1, -1)	b'\xe8\x8b\xb1\xe5\xaf\xb8'	-10.017494388559166
4788	(-1, -1)	b'\xe6\x8f\xb4'	-10.017642734502177
4789	(-1, -1)	b' ahead'	-10.017716915726943
4790	(-1, -1)	b' value'	-9.644619695070734
4791	(-1, -1)	b'\xe8\x81\x94\xe5\x90\x88'	-10.016012138232199
4792	(-1, -1)	b' sounds'	-10.012242314497183
4793	(-1, -1)	b'\xe6\xb7\xb7'	-10.431862019472597
4794	(-1, -1)	b'\xe5\xbe\x90'	-10.0194246044517
4795	(-1, -1)	b'\xe5\x87\xa0\xe4\xb9\x8e'	-10.01979622733308
4796	(-1, -1)	b'38'	-9.70798739936183
4797	(-1, -1)	b'\xe0\xa8\xa8'	-10.094396097479367
4798	(-1, -1)	b' self'	-10.83452490638934
4799	(-1, -1)	b'\xe7\x9c\x8b\xe5\xa5\xbd'	-9.96906806435362
4800	(-1, -1)	b'\xe4\xbb\x96\xe4\xbb\xac\xe7\x9a\x84'	-10.045243659369676
4801	(-1, -1)	b'\xe8\x87\xaa\xe5\x8a\xa8'	-10.020093625104789
4802	(-1, -1)	b' \xe0\xa8\xb9'	-10.44553686668874
4803	(-1, -1)	b'\xe6\xa6\x9c'	-10.250270328247353
4804	(-1, -1)	b' represent'	-9.848587834024617
4805	(-1, -1)	b'\xc3\xaa'	-10.8089972480276
4806	(-1, -1)	b' interview'	-10.01667887900587
4807	(-1, -1)	b' nearly'	-10.021954367705606
4808	(-1, -1)	b'iya'	-9.299009004168637
4809	(-1, -1)	b'\xe4\xbd\x9c\xe5\x93\x81'	-10.022252408092283
4810	(-1, -1)	b' correct'	-10.01305421253787
4811	(-1, -1)	b'\xe5\xb0\xb1\xe4\xbc\x9a'	-9.965400406130263
4812	(-1, -1)	b' situation'	-9.826900386332715
4813	(-1, -1)	b' fast'	-10.022401461602769
4814	(-1, -1)	b' cal'	-10.273087886222743
4815	(-1, -1)	b'\xe5\xa4\xaa\xe9\x98\xb3'	-10.023967866279145
4816	(-1, -1)	b'\xe0\xa4\xaa'	-9.632585733298981
4817	(-1, -1)	b'\xe0\xb8\xb4'	-10.025237707719622
4818	(-1, -1)	b' Pat'	-10.172671578404644
4819	(-1, -1)	b'\xe7\xb2\xbe\xe7\xa5\x9e'	-10.025910630097252
4820	(-1, -1)	b'\xe7\xb2\x89'	-10.026359496716594
4821	(-1, -1)	b'\xe5\xbf\xab\xe9\x80\x9f'	-10.019350296444978
4822	(-1, -1)	b' 80'	-10.009957778332792
4823	(-1, -1)	b'\xe6\xaf\x8f\xe5\xa4\xa9'	-10.027108055775427
4824	(-1, -1)	b'\xe6\x9c\xba\xe8\xba\xab'	-10.029807517522674
4825	(-1, -1)	b'\xda\xaf'	-10.02725783485157
4826	(-1, -1)	b'\xe4\xb8\xb0\xe5\xaf\x8c'	-10.552187852028823
4827	(-1, -1)	b' fix'	-10.336337574723748
4828	(-1, -1)	b'yo'	-9.396534377043107
4829	(-1, -1)	b' personal'	-9.86692073258043
4830	(-1, -1)	b'\xe4\xbb\xa5\xe4\xb8\x8b'	-9.93236988045378
4831	(-1, -1)	b' looked'	-10.028681856077782
4832	(-1, -1)	b'\xe0\xa8\xa4'	-9.55656166535935
4833	(-1, -1)	b'48'	-9.703263622422671
4834	(-1, -1)	b'\xe6\x91\x86'	-10.029807517522674
4835	(-1, -1)	b'ota'	-10.323665703603519
4836	(-1, -1)	b' With'	-10.00922194312667
4837	(-1, -1)	b'\xe1\x8b\xb0'	-9.850782673898603
4838	(-1, -1)	b'\xe6\xbd\x9c'	-10.030333260146222
4839	(-1, -1)	b' Court'	-9.974452801751765
4840	(-1, -1)	b'\xdb\x8c\xd9\x86'	-10.4494132824424
4841	(-1, -1)	b'\xe5\xb9\xb4\xe8\xbd\xbb'	-10.030483523106685
4842	(-1, -1)	b'icks'	-10.80442506501356
4843	(-1, -1)	b' ko'	-9.094594970406003
4844	(-1, -1)	b'bor'	-9.906881798839356
4845	(-1, -1)	b'\xe4\xbf\x84'	-10.70642293428692
4846	(-1, -1)	b' wish'	-9.833419073704777
4847	(-1, -1)	b'\xe7\xaa\x81\xe7\xa0\xb4'	-10.032213171968055
4848	(-1, -1)	b'\xc3\xb2'	-9.945189250524015
4849	(-1, -1)	b'like'	-10.11666873308849
4850	(-1, -1)	b'\xe9\x81\x8d'	-11.06014802357923
4851	(-1, -1)	b'\xe7\xbb\xb4\xe6\x8c\x81'	-10.033644272276325
4852	(-1, -1)	b' 90'	-10.006210666935447
4853	(-1, -1)	b'\xe9\x98\xb2\xe5\xae\x88'	-10.034322877391904
4854	(-1, -1)	b'\xe5\x85\xac\xe5\x8f\xb8\xe7\x9a\x84'	-10.118308077717924
4855	(-1, -1)	b' military'	-10.034700079312563
4856	(-1, -1)	b' \xe0\xaa\x95'	-10.034850999928604
4857	(-1, -1)	b'\xe6\x99\x93'	-10.034926468778872
4858	(-1, -1)	b'\xe5\xb9\xb4\xe6\x9d\xa5'	-11.00211335444759
4859	(-1, -1)	b'\xe7\x88\xbe'	-10.035379401526104
4860	(-1, -1)	b' drop'	-9.871781320302798
4861	(-1, -1)	b' knew'	-10.035605944853485
4862	(-1, -1)	b'46'	-9.825430338291426
4863	(-1, -1)	b'\xe4\xba\xa4\xe9\x80\x9a'	-10.033870422818165
4864	(-1, -1)	b' div'	-10.004378963305754
4865	(-1, -1)	b'ga'	-8.21861552285921
4866	(-1, -1)	b'\xe6\xb4\x81'	-10.036739431958633
4867	(-1, -1)	b' wife'	-10.034700079312563
4868	(-1, -1)	b' Russia'	-10.03590808247947
4869	(-1, -1)	b'\xe5\xa7\x9a'	-11.150358667658418
4870	(-1, -1)	b'\xe4\xba\xba\xe7\x89\xa9'	-9.888655811542462
4871	(-1, -1)	b'\xe5\xb8\x8c\xe8\x85\x8a'	-10.03779851368256
4872	(-1, -1)	b'\xe6\xb5\xb4'	-10.893660543271412
4873	(-1, -1)	b'\xe0\xb8\x94'	-10.04288256302926
4874	(-1, -1)	b'\xe6\x97\xb6\xe4\xbb\xa3'	-10.035228401148316
4875	(-1, -1)	b'\xe6\x94\xb9\xe5\x8f\x98'	-10.038177029149436
4876	(-1, -1)	b' shooting'	-9.955662002899027
4877	(-1, -1)	b' seven'	-9.838491144948273
4878	(-1, -1)	b' thank'	-9.946570084767167
4879	(-1, -1)	b'ux'	-9.74197528364708
4880	(-1, -1)	b' id'	-10.689578889030486
4881	(-1, -1)	b' football'	-10.037344484162842
4882	(-1, -1)	b' imm'	-10.66490398919241
4883	(-1, -1)	b'\xe5\x91\x88'	-11.054901972307485
4884	(-1, -1)	b'\xe9\x92\xa2'	-10.042122106718848
4885	(-1, -1)	b' Canada'	-10.039768360519997
4886	(-1, -1)	b' countries'	-10.042122106718848
4887	(-1, -1)	b'\xe8\x84\xb1'	-10.042122106718848
4888	(-1, -1)	b'55'	-9.654992060206911
4889	(-1, -1)	b'\xe7\xbd\x91\xe6\xb8\xb8'	-10.042654365409131
4890	(-1, -1)	b' dig'	-10.607493690147813
4891	(-1, -1)	b'mas'	-10.195538228071355
4892	(-1, -1)	b'\xe9\x87\x87\xe5\x8f\x96'	-10.042426219851276
4893	(-1, -1)	b'iri'	-10.22057430623268
4894	(-1, -1)	b'\xe1\x89\xa0'	-10.043872021571758
4895	(-1, -1)	b' financial'	-9.9707653773495
4896	(-1, -1)	b'\xe6\x9f\x93'	-11.16193823196868
4897	(-1, -1)	b'With'	-10.043567468501031
4898	(-1, -1)	b'-8'	-10.55484995666239
4899	(-1, -1)	b'\xe6\x96\xb9\xe6\xa1\x88'	-10.045930184435734
4900	(-1, -1)	b'\xe8\x88\x87'	-10.046388129795591
4901	(-1, -1)	b'\xe0\xab\x81'	-10.69891793253852
4902	(-1, -1)	b'\xe9\x9b\xa8'	-10.04661718114227
4903	(-1, -1)	b'CC'	-10.20667767400754
4904	(-1, -1)	b'\xe0\xaa\x95'	-10.04136222826283
4905	(-1, -1)	b'ja'	-8.729739847686991
4906	(-1, -1)	b' election'	-10.048298496020566
4907	(-1, -1)	b'\xe8\x8b\xb1\xe8\xaa\x9e'	-10.048604493574974
4908	(-1, -1)	b' East'	-9.74558539587118
4909	(-1, -1)	b' shop'	-10.048910584792544
4910	(-1, -1)	b' ground'	-9.891725001270133
4911	(-1, -1)	b'da'	-8.307507636704775
4912	(-1, -1)	b' OP'	-10.019944915163256
4913	(-1, -1)	b'Get'	-10.046693543251429
4914	(-1, -1)	b'\xe6\x9c\x89\xe4\xba\xba'	-10.229335884595484
4915	(-1, -1)	b'\xe6\x88\xb7\xe5\x9e\x8b'	-10.492837471708224
4916	(-1, -1)	b' gen'	-10.003720370475246
4917	(-1, -1)	b' exist'	-10.261566692370078
4918	(-1, -1)	b'\xe8\xb6\x8b\xe5\x8a\xbf'	-10.051132552530461
4919	(-1, -1)	b'\xe8\xbf\xb9'	-10.457326621518035
4920	(-1, -1)	b'\xe4\xb8\x8b\xe6\x9d\xa5'	-10.27481318138856
4921	(-1, -1)	b'\xe8\x81\x94\xe7\x9b\x9f'	-10.052591006060908
4922	(-1, -1)	b' product'	-10.08229500243456
4923	(-1, -1)	b'ined'	-10.404405407085509
4924	(-1, -1)	b' Jack'	-10.815730174357386
4925	(-1, -1)	b' longer'	-10.052975163416484
4926	(-1, -1)	b'\xe6\x9c\x80\xe4\xbd\xb3'	-10.053513231764144
4927	(-1, -1)	b' type'	-9.991577857523856
4928	(-1, -1)	b' score'	-10.05374392114192
4929	(-1, -1)	b'\xe5\xa4\x9a\xe6\x95\xb0'	-10.909640773807288
4930	(-1, -1)	b'\xe5\x88\xb6\xe9\x80\xa0'	-10.048681007596205
4931	(-1, -1)	b'\xe6\x8f\x90\xe5\x87\xba'	-9.679920841903202
4932	(-1, -1)	b'\xec\x97\x90'	-10.374921885649355
4933	(-1, -1)	b' word'	-10.054436308752765
4934	(-1, -1)	b'\xe8\x91\xa3'	-10.55751916701742
4935	(-1, -1)	b'\xe9\xab\x98\xe6\xb8\x85'	-9.932914950985774
4936	(-1, -1)	b' kw'	-10.088645742204276
4937	(-1, -1)	b'\xe5\xa8\xb1\xe4\xb9\x90'	-10.055052167124808
4938	(-1, -1)	b'\xe8\xb4\xa6'	-10.550037993470784
4939	(-1, -1)	b'\xe5\x88\x80'	-10.05551430993516
4940	(-1, -1)	b' demand'	-9.906151653773565
4941	(-1, -1)	b'\xe0\xb7\x83'	-10.055899592159152
4942	(-1, -1)	b' shares'	-10.05597666642024
4943	(-1, -1)	b'\xe6\x95\xac'	-10.627357866033277
4944	(-1, -1)	b' performance'	-9.885076127287753
4945	(-1, -1)	b'\xe7\x8f\xa0'	-10.057056330286976
4946	(-1, -1)	b'\xe8\x82\xaf\xe5\xae\x9a'	-10.057056330286976
4947	(-1, -1)	b'\xe7\xb4\xa2\xe5\xb0\xbc'	-10.057442207197031
4948	(-1, -1)	b' legal'	-9.915953365852193
4949	(-1, -1)	b' director'	-9.902971790213039
4950	(-1, -1)	b' UK'	-10.057828233065557
4951	(-1, -1)	b'\xe6\x81\xb6'	-10.058059920134594
4952	(-1, -1)	b' title'	-9.77640120390762
4953	(-1, -1)	b'\xe5\x85\xb7\xe4\xbd\x93'	-10.058909898936298
4954	(-1, -1)	b'76'	-9.893885607080039
4955	(-1, -1)	b'\xe6\x9c\x89\xe4\xb8\x80'	-10.657843807366346
4956	(-1, -1)	b'\xe0\xb7\x99'	-10.060224925232939
4957	(-1, -1)	b' 0.'	-10.13852752690099
4958	(-1, -1)	b'\xe6\x89\x93\xe9\x80\xa0'	-10.057442207197031
4959	(-1, -1)	b'ST'	-9.38059857252159
4960	(-1, -1)	b'\xe8\x88\x92'	-10.669733544034221
4961	(-1, -1)	b'\xe6\x88\x90\xe9\x95\xbf'	-10.061851760622918
4962	(-1, -1)	b' potential'	-9.799034338353358
4963	(-1, -1)	b' Ag'	-10.089841009090275
4964	(-1, -1)	b' policy'	-10.031385575336534
4965	(-1, -1)	b'\xe0\xa4\xa3'	-9.863417878952598
4966	(-1, -1)	b'\xe5\x86\xa0\xe5\x86\x9b'	-10.063791926533606
4967	(-1, -1)	b'\xe6\xa0\x91'	-10.063947302543863
4968	(-1, -1)	b'\xe4\xb8\x8d\xe5\xbe\x97'	-10.60348780950718
4969	(-1, -1)	b' regular'	-10.063015408401716
4970	(-1, -1)	b' gonna'	-10.064880065922802
4971	(-1, -1)	b' address'	-9.912541877209591
4972	(-1, -1)	b'All'	-10.071747045696979
4973	(-1, -1)	b'mon'	-9.138884652451932
4974	(-1, -1)	b' bat'	-10.378533531810175
4975	(-1, -1)	b'\xe9\x86\x92'	-10.928090470573009
4976	(-1, -1)	b'\xe8\xa1\x8c\xe6\x94\xbf'	-10.063791926533606
4977	(-1, -1)	b'\xe5\x87\xba\xe5\x8f\xa3'	-10.066436607602157
4978	(-1, -1)	b'\xe9\x83\xbd\xe4\xbc\x9a'	-9.964555930358754
4979	(-1, -1)	b'One'	-10.063791926533606
4980	(-1, -1)	b' bank'	-9.906749005531944
4981	(-1, -1)	b' safe'	-9.922946401343163
4982	(-1, -1)	b'\xe4\xbc\x99'	-10.536611604439585
4983	(-1, -1)	b'\xe7\x85\xa7\xe7\x89\x87'	-10.067683587734125
4984	(-1, -1)	b' received'	-10.06791756971858
4985	(-1, -1)	b'\xda\x93'	-10.066592395108314
4986	(-1, -1)	b'\xe6\xb1\xa0'	-10.709233379151371
4987	(-1, -1)	b'\xe4\xbe\xa7'	-10.06885404551669
4988	(-1, -1)	b'\xe0\xa9\xb0'	-10.39138580253997
4989	(-1, -1)	b' travel'	-9.876536807704444
4990	(-1, -1)	b'\xe5\xba\x8a'	-10.069869551599352
4991	(-1, -1)	b'yan'	-9.720804576524113
4992	(-1, -1)	b'\xc3\xb4'	-10.558155744796888
4993	(-1, -1)	b' Minister'	-10.043186907549602
4994	(-1, -1)	b' however'	-10.071120822584538
4995	(-1, -1)	b'\xe5\x86\xac'	-10.071199079030952
4996	(-1, -1)	b' starting'	-10.071903662768559
4997	(-1, -1)	b' Act'	-10.149384848554226
4998	(-1, -1)	b' summer'	-10.053667018769445
4999	(-1, -1)	b' ton'	-10.965660629236973
5000	(-1, -1)	b'\xe5\x94\x90'	-10.073549624656014
5001	(-1, -1)	b'wood'	-10.369106993755715
5002	(-1, -1)	b'\xe5\xa6\x87'	-10.075041166322807
5003	(-1, -1)	b' federal'	-10.059760600816611
5004	(-1, -1)	b' relationship'	-10.076534936009741
5005	(-1, -1)	b'\xe5\x85\x89\xe5\xad\xa6'	-10.798091304497342
5006	(-1, -1)	b' drive'	-9.715361862629242
5007	(-1, -1)	b' photo'	-10.035001943325117
5008	(-1, -1)	b'\xe9\xa5\xad'	-10.078346174052642
5009	(-1, -1)	b' circ'	-10.414062016745673
5010	(-1, -1)	b' Je'	-10.330336437860911
5011	(-1, -1)	b'\xa1\xe1\x80'	-10.998941894901332
5012	(-1, -1)	b'\xe0\xb6\xa7'	-10.048298496020566
5013	(-1, -1)	b'\xd0\xbb\xd0\xb0\xd1\x80'	-10.214324002810327
5014	(-1, -1)	b'\xe8\x88\xb9'	-10.079529186139034
5015	(-1, -1)	b'\xe4\xba\xa4\xe6\xb5\x81'	-10.079608103394332
5016	(-1, -1)	b'\xe5\x8f\xa5'	-10.080002783116866
5017	(-1, -1)	b' quality'	-10.080002783116866
5018	(-1, -1)	b' Street'	-10.058909898936298
5019	(-1, -1)	b'\xe7\x9e'	-10.412409396967792
5020	(-1, -1)	b'\xe5\x9d\x9a\xe6\x8c\x81'	-10.081899417160997
5021	(-1, -1)	b'\xe1\x8a\x90'	-10.08229500243456
5022	(-1, -1)	b' straight'	-10.077007116706325
5023	(-1, -1)	b' contact'	-9.969209397121856
5024	(-1, -1)	b' \xe0\xa4\xb0'	-10.08324504604968
5025	(-1, -1)	b'\xe6\xb5\xb7\xe5\xa4\x96'	-10.076377591976689
5026	(-1, -1)	b' Per'	-10.06581370016163
5027	(-1, -1)	b' \xda\x86'	-10.726565353426933
5028	(-1, -1)	b'\xe6\x95\x8f'	-10.084037439118083
5029	(-1, -1)	b'\xe2\x80\x8c'	-10.08427527952829
5030	(-1, -1)	b' picture'	-9.991505590134485
5031	(-1, -1)	b'ination'	-10.259391647775308
5032	(-1, -1)	b'\xe9\x85\x8d\xe7\xbd\xae'	-10.085544717972326
5033	(-1, -1)	b'wo'	-9.599475221039796
5034	(-1, -1)	b'\xe5\x9f\xba\xe9\x87\x91\xe7\x9a\x84'	-10.38526037368348
5035	(-1, -1)	b' har'	-9.774247222577069
5036	(-1, -1)	b'\xe6\xbc\x94\xe5\x91\x98'	-10.08673628184211
5037	(-1, -1)	b'\xe7\x88\xb1\xe6\x83\x85'	-10.087213305225301
5038	(-1, -1)	b'\xe1\x8c\x88'	-9.905024295320002
5039	(-1, -1)	b'\xe0\xa4\xb5'	-9.553665685008502
5040	(-1, -1)	b'\xe0\xa8\xb9'	-10.20408224587139
5041	(-1, -1)	b'\xe6\x82\xa3'	-10.088168035188822
5042	(-1, -1)	b'\xe2\x80\x98'	-10.088645742204276
5043	(-1, -1)	b'\xe0\xa6\xbe\xe0\xa6\xb0'	-10.08920335563331
5044	(-1, -1)	b'\xc9\x99n'	-9.954825707638076
5045	(-1, -1)	b' \xd8\xad'	-10.089522131536553
5046	(-1, -1)	b' below'	-10.089601841392717
5047	(-1, -1)	b' \xd0\xbf\xd0\xbe'	-9.65323866900941
5048	(-1, -1)	b'\xe4\xbb\x99'	-10.090000486006328
5049	(-1, -1)	b'ises'	-10.765755923854405
5050	(-1, -1)	b'\xe6\x89\xa3'	-10.090319516157384
5051	(-1, -1)	b'39'	-9.79315004546767
5052	(-1, -1)	b' ban'	-9.841223387085147
5053	(-1, -1)	b' meant'	-10.171027197057004
5054	(-1, -1)	b'32'	-9.808497753492027
5055	(-1, -1)	b'\xe9\xaa\xa8'	-10.09231576387584
5056	(-1, -1)	b'\xe9\x94\xa6'	-10.693508167170375
5057	(-1, -1)	b'box'	-10.586312066888066
5058	(-1, -1)	b' eight'	-9.925581448981168
5059	(-1, -1)	b'\xe4\xb8\xbb\xe6\x8c\x81\xe4\xba\xba'	-10.08316584126567
5060	(-1, -1)	b' nation'	-10.017197762676384
5061	(-1, -1)	b'\xe4\xb8\xba\xe4\xb8\xbb'	-10.264031148593713
5062	(-1, -1)	b'\xd8\xba'	-10.1356854285238
5063	(-1, -1)	b' \xd1\x8d'	-10.095678457196655
5064	(-1, -1)	b' version'	-9.935713110122538
5065	(-1, -1)	b'\xe9\xa6\x96\xe5\x85\x88'	-10.096400507851797
5066	(-1, -1)	b'\xe5\x88\xb6\xe5\xba\xa6'	-10.097203398300387
5067	(-1, -1)	b' page'	-9.912007796150096
5068	(-1, -1)	b'\xe4\xbd\x8f\xe5\xae\x85'	-10.097203398300387
5069	(-1, -1)	b' involved'	-10.097203398300387
5070	(-1, -1)	b'\xe5\xbc\x80\xe5\x87\xba'	-9.872807619302437
5071	(-1, -1)	b'\xe8\xae\xa2'	-10.097765805417609
5072	(-1, -1)	b' improve'	-9.793209309994904
5073	(-1, -1)	b'\xe4\xb8\x80\xe5\x90\x8d'	-9.800585466214772
5074	(-1, -1)	b' living'	-10.097846175118276
5075	(-1, -1)	b'ural'	-10.093515428113774
5076	(-1, -1)	b'\xe5\xb8\x85'	-10.098650227585813
5077	(-1, -1)	b' comments'	-10.098730668401526
5078	(-1, -1)	b'ening'	-10.51515578754021
5079	(-1, -1)	b' sales'	-10.098811115688484
5080	(-1, -1)	b' 28'	-10.086180042008943
5081	(-1, -1)	b'\xc3\xa3o'	-10.088964340375032
5082	(-1, -1)	b'\xe4\xb8\x80\xe5\xb9\xb4'	-9.777042472475372
5083	(-1, -1)	b' difficult'	-9.990061338005914
5084	(-1, -1)	b' December'	-10.099615944705771
5085	(-1, -1)	b'2000'	-9.848713123757287
5086	(-1, -1)	b' Cup'	-10.10050200541862
5087	(-1, -1)	b'\xe5\xae\xab'	-10.100743794660177
5088	(-1, -1)	b'ently'	-10.311152401529759
5089	(-1, -1)	b'\xe5\x95\x86\xe5\xae\xb6'	-10.118144022266813
5090	(-1, -1)	b'ying'	-9.699263184608409
5091	(-1, -1)	b'\xe6\x80\xa7\xe8\x83\xbd'	-10.101872918096536
5092	(-1, -1)	b'\xe4\xb8\x89\xe5\x88\x86'	-10.10243795826978
5093	(-1, -1)	b'\xe6\xb6\xa8\xe5\xb9\x85'	-10.101711536671187
5094	(-1, -1)	b'-st'	-10.339505206248898
5095	(-1, -1)	b'\xe7\x86\x8a'	-10.103407341979265
5096	(-1, -1)	b'\xe7\xac\xac\xe5\x9b\x9b'	-10.105834920449313
5097	(-1, -1)	b'\xe9\x99\x84\xe8\xbf\x91'	-10.103488166388281
5098	(-1, -1)	b'\xe9\x9f\xa9\xe5\x9b\xbd'	-10.10316490794034
5099	(-1, -1)	b' technology'	-10.104782246154768
5100	(-1, -1)	b'\xd8\xb5'	-9.975092392435545
5101	(-1, -1)	b'\xe7\xad\xb9'	-10.105106027928683
5102	(-1, -1)	b' deep'	-10.105106027928683
5103	(-1, -1)	b'\xe5\xbc\x83'	-10.833014965661224
5104	(-1, -1)	b' hospital'	-9.943259280253049
5105	(-1, -1)	b'\xe8\xb5\x94\xe7\x8e\x87'	-10.10591594131223
5106	(-1, -1)	b'EL'	-10.473109704167006
5107	(-1, -1)	b'\xe0\xb8\x97'	-10.32145197760388
5108	(-1, -1)	b'\xe5\xb9\xbf\xe4\xb8\x9c'	-10.106321144121777
5109	(-1, -1)	b'\xe5\xb9\xb3\xe5\x8f\xb0'	-10.10680760432271
5110	(-1, -1)	b'\xe8\xbf\x91\xe6\x97\xa5'	-10.107781235231267
5111	(-1, -1)	b' answer'	-9.705649870097634
5112	(-1, -1)	b'\xe0\xa4\xbe\xe0\xa4\xa8'	-10.593938665327327
5113	(-1, -1)	b' impact'	-10.017716915726943
5114	(-1, -1)	b' \xe1\x8a\xa0'	-10.107862413946252
5115	(-1, -1)	b' extra'	-9.875892851213647
5116	(-1, -1)	b'\xe5\x9b\xbd\xe5\xa4\x96'	-10.277887741842806
5117	(-1, -1)	b'\xe5\x9f\xba\xe9\x87\x91\xe7\xbb\x8f\xe7\x90\x86'	-10.104620394572317
5118	(-1, -1)	b' fi'	-9.576785374842958
5119	(-1, -1)	b' Now'	-10.11634118641016
5120	(-1, -1)	b' kan'	-9.859357217323186
5121	(-1, -1)	b' hands'	-10.104863181770531
5122	(-1, -1)	b' ready'	-10.105186989755227
5123	(-1, -1)	b' member'	-9.958664483945242
5124	(-1, -1)	b' Qu'	-9.773549629245675
5125	(-1, -1)	b'more'	-10.51869994034874
5126	(-1, -1)	b'\xe8\xa7\x82\xe7\x82\xb9'	-10.396464972696343
5127	(-1, -1)	b'aging'	-10.225401933224957
5128	(-1, -1)	b' products'	-10.1114408172442
5129	(-1, -1)	b'\xd0\xb0\xd0\xb2'	-10.378320720572939
5130	(-1, -1)	b'bo'	-8.658091804175882
5131	(-1, -1)	b'\xe5\x87\x80\xe5\x80\xbc'	-10.112663660098246
5132	(-1, -1)	b'\xe5\x8f\xac'	-10.914357763685427
5133	(-1, -1)	b' questions'	-10.113398084220368
5134	(-1, -1)	b'\xe5\x8d\x87\xe7\xba\xa7'	-10.111766762488283
5135	(-1, -1)	b"er's"	-10.175881575521803
5136	(-1, -1)	b'\xe6\xa1\xa5'	-10.113969676119325
5137	(-1, -1)	b' Good'	-10.11413304811773
5138	(-1, -1)	b'\xd8\xb7'	-10.001382213630396
5139	(-1, -1)	b' yourself'	-10.114459872207572
5140	(-1, -1)	b' conv'	-9.681509656981628
5141	(-1, -1)	b' rad'	-10.677882849267295
5142	(-1, -1)	b'\xe3\x82\x92'	-10.115032071512022
5143	(-1, -1)	b' international'	-10.039768360519997
5144	(-1, -1)	b' themselves'	-10.115440985850167
5145	(-1, -1)	b' example'	-9.96624559564388
5146	(-1, -1)	b'\xe0\xae\x9f'	-10.009074841037554
5147	(-1, -1)	b'bl'	-9.322864957672254
5148	(-1, -1)	b'\xe9\x80\x94'	-10.11666873308849
5149	(-1, -1)	b' Part'	-10.833518025955224
5150	(-1, -1)	b'\xe0\xb6\xbd'	-9.857965164453491
5151	(-1, -1)	b'\xe8\xa3\x85\xe4\xbf\xae'	-10.117815992085095
5152	(-1, -1)	b' God'	-10.117488069471893
5153	(-1, -1)	b'\xe9\x82\xa3\xe4\xba\x9b'	-10.118062004632977
5154	(-1, -1)	b'www.'	-9.993169062835724
5155	(-1, -1)	b'\xe4\xb9\xb3'	-10.118308077717924
5156	(-1, -1)	b' completely'	-10.118636269384801
5157	(-1, -1)	b'.2'	-10.44838570913739
5158	(-1, -1)	b'\xe8\xbf\x87\xe7\xa8\x8b\xe4\xb8\xad'	-10.057210663183339
5159	(-1, -1)	b'49'	-9.817444195319032
5160	(-1, -1)	b' email'	-9.967655834207878
5161	(-1, -1)	b'\xe7\xbb\x9d\xe5\xaf\xb9'	-10.126876263271736
5162	(-1, -1)	b'\xe6\x88\x90\xe4\xba\x86'	-10.434334486454766
5163	(-1, -1)	b'\xe4\xb9\x9f\xe4\xbc\x9a'	-10.047381064763556
5164	(-1, -1)	b'\xe0\xb7\x93'	-10.121018885637447
5165	(-1, -1)	b'adh'	-9.918570026743364
5166	(-1, -1)	b'\xe6\x8a\xa5\xe4\xbb\xb7'	-10.121347968322441
5167	(-1, -1)	b'\xe0\xa4\xa6'	-9.685545989404089
5168	(-1, -1)	b'\xe6\x84\x8f\xe8\xa7\x81'	-10.124644765176438
5169	(-1, -1)	b'\xe7\x83\xad\xe7\x81\xab'	-10.12332474188436
5170	(-1, -1)	b' results'	-10.123407192311088
5171	(-1, -1)	b'\xe5\x85\xb7\xe5\xa4\x87'	-10.122253504502861
5172	(-1, -1)	b' capital'	-10.098087322983277
5173	(-1, -1)	b'\xe5\x88\xb6\xe4\xbd\x9c'	-10.110300844805787
5174	(-1, -1)	b'\xe5\xb0\x86\xe4\xbc\x9a'	-10.059760600816611
5175	(-1, -1)	b' recommend'	-9.847586080872976
5176	(-1, -1)	b'ique'	-10.544997660219378
5177	(-1, -1)	b'\xe1\x88\x8b'	-9.95378132112017
5178	(-1, -1)	b'\xe9\x99\x8d\xe4\xbd\x8e'	-10.123819546446658
5179	(-1, -1)	b'\xe6\x9c\xb1'	-10.124975043438875
5180	(-1, -1)	b' problems'	-10.126214559360083
5181	(-1, -1)	b'\xe8\xa5\xbf\xe7\x8f\xad\xe7\x89\x99'	-10.126462647018995
5182	(-1, -1)	b'.1'	-10.058214408007602
5183	(-1, -1)	b'\xe5\x8d\xb3\xe5\xb0\x86'	-10.086974765089792
5184	(-1, -1)	b' character'	-10.126793526333783
5185	(-1, -1)	b'\xe4\xbd\x93\xe8\x82\xb2'	-10.126628072991249
5186	(-1, -1)	b'\xe4\xb8\x96\xe7\xba\xaa'	-10.127207279494554
5187	(-1, -1)	b'\xd9\x86\xd8\xaf'	-10.073079073318024
5188	(-1, -1)	b' pur'	-10.458017706548995
5189	(-1, -1)	b' ol'	-9.902046231506215
5190	(-1, -1)	b'\xe6\xaf\xab'	-10.127786821672467
5191	(-1, -1)	b'\xd0\xb3\xd0\xb0'	-9.846897957233798
5192	(-1, -1)	b'\xe6\x89\xac'	-10.128200986101664
5193	(-1, -1)	b'\xe9\x9a\x8f\xe5\x90\x8e'	-10.070416790013509
5194	(-1, -1)	b'\xe5\x8a\xa0\xe4\xb8\x8a'	-10.120443251395985
5195	(-1, -1)	b' touch'	-9.922271865061264
5196	(-1, -1)	b' THE'	-10.050979154769768
5197	(-1, -1)	b'ware'	-10.263082561916626
5198	(-1, -1)	b' dey'	-10.12936155988691
5199	(-1, -1)	b'ky'	-10.197312221795418
5200	(-1, -1)	b'right'	-9.649587059016644
5201	(-1, -1)	b' giving'	-10.131520491224517
5202	(-1, -1)	b' original'	-9.83471557025928
5203	(-1, -1)	b' AP'	-10.155155890625668
5204	(-1, -1)	b' \xe0\xb6\xb4'	-10.131853048593728
5205	(-1, -1)	b' Center'	-10.063170663797154
5206	(-1, -1)	b'\xd9\xbe'	-10.13193620521928
5207	(-1, -1)	b'\xe6\x9d\x9c'	-10.132102539218332
5208	(-1, -1)	b' \xe0\xa6\x95'	-10.657843807366346
5209	(-1, -1)	b'\xe6\x88\x98\xe7\x95\xa5'	-10.132684926189325
5210	(-1, -1)	b' response'	-10.005990685266365
5211	(-1, -1)	b'\xe9\x92\x88\xe5\xaf\xb9'	-10.126545356584403
5212	(-1, -1)	b' popular'	-10.130606528301023
5213	(-1, -1)	b'\xe0\xb0\xb2'	-9.891528813845117
5214	(-1, -1)	b'-6'	-10.421921690792123
5215	(-1, -1)	b' significant'	-10.133767402667896
5216	(-1, -1)	b'\xe5\x8a\xa0\xe5\x85\xa5'	-10.134100708228852
5217	(-1, -1)	b'\xe5\xae\x8f'	-10.396573320927663
5218	(-1, -1)	b' private'	-10.060844360018523
5219	(-1, -1)	b' 27'	-10.107862413946252
5220	(-1, -1)	b'ession'	-10.462868720912955
5221	(-1, -1)	b'\xe5\x81\xb6'	-10.135268153324756
5222	(-1, -1)	b'hold'	-10.020316731490276
5223	(-1, -1)	b'\xe9\x98\xb4'	-10.136520501641222
5224	(-1, -1)	b'ita'	-9.935849806179071
5225	(-1, -1)	b'action'	-9.792083884139407
5226	(-1, -1)	b' range'	-10.017568558779857
5227	(-1, -1)	b'After'	-10.137356272688619
5228	(-1, -1)	b'\xe7\x9a\x84\xe4\xb8\xbb'	-10.77694683582243
5229	(-1, -1)	b' February'	-10.137439888224433
5230	(-1, -1)	b' vote'	-9.806453746528124
5231	(-1, -1)	b' \xe0\xa4\xa6'	-10.13810906432636
5232	(-1, -1)	b'\xe8\xa3\x99'	-10.138276428343486
5233	(-1, -1)	b'\xe5\x85\xac\xe5\xae\x89'	-10.138946164659856
5234	(-1, -1)	b'\xe0\xa4\x9a'	-9.685971815779821
5235	(-1, -1)	b' tour'	-10.28290415213082
5236	(-1, -1)	b' race'	-9.884296805258442
5237	(-1, -1)	b'\xe2\x98\x85'	-10.14129378039388
5238	(-1, -1)	b'\xe6\x9c\x9f\xe7\x9a\x84'	-10.622728228134536
5239	(-1, -1)	b'\xe7\xbc\x96\xe8\xbe\x91'	-10.141377725829395
5240	(-1, -1)	b'\xe7\xbb\x8f\xe5\x8e\x86'	-10.141629604425244
5241	(-1, -1)	b' \xe0\xb7\x83'	-10.142469658238088
5242	(-1, -1)	b'\xe4\xbb\xa5\xe5\x90\x8e'	-10.06192929502885
5243	(-1, -1)	b' common'	-10.126545356584403
5244	(-1, -1)	b'\xd0\xb4\xd0\xb8'	-9.626948796534824
5245	(-1, -1)	b'\xe5\x8f\xb6'	-10.143058116075252
5246	(-1, -1)	b'\xe7\x92'	-10.655875856211116
5247	(-1, -1)	b'\xe8\xb3'	-10.143226310508414
5248	(-1, -1)	b'\xe6\xad\xa3\xe5\xb8\xb8'	-10.143226310508414
5249	(-1, -1)	b' La'	-9.132987286095615
5250	(-1, -1)	b'-up'	-10.14600561073517
5251	(-1, -1)	b' David'	-10.138611240433331
5252	(-1, -1)	b'rel'	-10.331249540952813
5253	(-1, -1)	b' lives'	-10.144657106527449
5254	(-1, -1)	b'\xe4\xbd\x8d\xe6\x96\xbc'	-10.144151885903701
5255	(-1, -1)	b'\xe7\xa5\xa8\xe6\x88\xbf'	-10.145921275925927
5256	(-1, -1)	b'\xe0\xa8\xb8'	-10.124067040569935
5257	(-1, -1)	b'\xe5\x80\xba\xe5\x8a\xa1'	-10.146764944245605
5258	(-1, -1)	b'\xd1\x8b\xd0\xbd'	-10.239192719040405
5259	(-1, -1)	b'GB'	-10.003062211103796
5260	(-1, -1)	b'\xe4\xba\x8b\xe5\xae\x9e'	-10.849751050655845
5261	(-1, -1)	b' il'	-10.29106112103279
5262	(-1, -1)	b' nh'	-10.152181342050774
5263	(-1, -1)	b'\xe6\x89\x81'	-11.093302594870114
5264	(-1, -1)	b' changes'	-10.147778286673141
5265	(-1, -1)	b'\xe9\x9d\xa2\xe4\xb8\xb4'	-10.14727148710152
5266	(-1, -1)	b' bill'	-10.020316731490276
5267	(-1, -1)	b'\xe5\xaf\xb9\xe6\x96\xb9'	-10.148708086833107
5268	(-1, -1)	b'NBA'	-10.144236071617435
5269	(-1, -1)	b' \xe0\xa4\x9c'	-10.148538967942123
5270	(-1, -1)	b'\xe5\x9d\x80'	-10.977018918639502
5271	(-1, -1)	b'ournal'	-10.63077573797766
5272	(-1, -1)	b' draw'	-9.955174079005474
5273	(-1, -1)	b'\xe6\x8c\x91\xe6\x88\x98'	-10.14972340124472
5274	(-1, -1)	b' reach'	-10.071199079030952
5275	(-1, -1)	b'\xe3\x81\xa6'	-10.573815158611772
5276	(-1, -1)	b' felt'	-10.148792657005258
5277	(-1, -1)	b'\xe5\xaf\xb9\xe6\xad\xa4'	-10.143646920398947
5278	(-1, -1)	b'\xe0\xaa\xb5'	-10.77393979074575
5279	(-1, -1)	b'\xe7\xbb\x93\xe5\x90\x88'	-10.150655012576127
5280	(-1, -1)	b' sort'	-10.032966127353376
5281	(-1, -1)	b'\xe5\xba\x84'	-10.151417886103271
5282	(-1, -1)	b'\xe8\xa3\xa4'	-10.151417886103271
5283	(-1, -1)	b' follow'	-9.909940922060294
5284	(-1, -1)	b'\xe2\x80\xa2'	-10.151502685764124
5285	(-1, -1)	b' Japan'	-10.620014890423189
5286	(-1, -1)	b'AD'	-10.431862019472597
5287	(-1, -1)	b'Im'	-10.95727323733007
5288	(-1, -1)	b' \xda\xa9\xdb\x92'	-10.153115247115045
5289	(-1, -1)	b' 29'	-10.166110214970367
5290	(-1, -1)	b'\xe6\x88\xaa\xe8\x87\xb3'	-10.15439016123104
5291	(-1, -1)	b'\xe7\x9d\xa3'	-11.022976698959502
5292	(-1, -1)	b'\xe8\x82\xa1\xe5\xb8\x82'	-10.1549856778593
5293	(-1, -1)	b'\xe8\xb4\xb9\xe7\x94\xa8'	-10.15754191647006
5294	(-1, -1)	b'\xe6\x9e\xaa'	-10.155155890625668
5295	(-1, -1)	b'\xe0\xa4\x97'	-9.812417080767862
5296	(-1, -1)	b'\xe8\xb5\x84\xe6\x96\x99'	-10.156092579074961
5297	(-1, -1)	b'\xe0\xae\xa9'	-10.309164724469058
5298	(-1, -1)	b'RI'	-10.279332202587963
5299	(-1, -1)	b'47'	-9.903236392979682
5300	(-1, -1)	b'Partly'	-10.134100708228852
5301	(-1, -1)	b'\xe6\x96\xb9\xe5\x90\x91'	-10.152181342050774
5302	(-1, -1)	b' seeing'	-10.1566038700959
5303	(-1, -1)	b' allowed'	-10.157200706878761
5304	(-1, -1)	b'\xe6\x97\xa6'	-11.410560868583875
5305	(-1, -1)	b'bed'	-10.37206307698942
5306	(-1, -1)	b' ran'	-9.479004827344616
5307	(-1, -1)	b' tur'	-10.507378375630735
5308	(-1, -1)	b'\xe4\xb8\xa4\xe4\xba\xba'	-10.0813458605457
5309	(-1, -1)	b'\xe5\x87\xad'	-10.809160927543473
5310	(-1, -1)	b' create'	-10.024191838806118
5311	(-1, -1)	b'\xe7\x9c\x9f\xe5\xae\x9e'	-10.463679516115768
5312	(-1, -1)	b' clean'	-10.10729430128235
5313	(-1, -1)	b' London'	-10.155922206811153
5314	(-1, -1)	b' league'	-10.062472204260008
5315	(-1, -1)	b' 26'	-10.132851384783134
5316	(-1, -1)	b'\xe5\x9c\x86'	-10.160703636685609
5317	(-1, -1)	b'\xe6\x95\x8c'	-10.160789227476092
5318	(-1, -1)	b'ened'	-10.38483192466236
5319	(-1, -1)	b'\xe4\xb9\xb1'	-10.161046043811023
5320	(-1, -1)	b' words'	-10.160960431037545
5321	(-1, -1)	b'\xe0\xa8\x82'	-10.38055750054371
5322	(-1, -1)	b' prices'	-10.161474217656142
5323	(-1, -1)	b' California'	-10.134934458485587
5324	(-1, -1)	b'\xe6\x9c\x89\xe6\x89\x80'	-10.008780701760488
5325	(-1, -1)	b' areas'	-10.162331115737711
5326	(-1, -1)	b'\xe5\x8f\x91\xe6\x8c\xa5'	-10.162931381587745
5327	(-1, -1)	b'\xe7\x8e\xb0\xe4\xbb\xa3'	-10.156859613671736
5328	(-1, -1)	b'\xe4\xbf\x83\xe8\xbf\x9b'	-10.154645339219071
5329	(-1, -1)	b'\xe0\xb8\xb0'	-10.337256176472446
5330	(-1, -1)	b'\xe9\x82\xa6'	-10.632420475190537
5331	(-1, -1)	b' honest'	-10.826997899203729
5332	(-1, -1)	b'\xe7\xbb\x84\xe5\x90\x88'	-10.16430477236156
5333	(-1, -1)	b' training'	-10.154135048342205
5334	(-1, -1)	b'tic'	-9.417479238072582
5335	(-1, -1)	b'rs'	-9.101426183852787
5336	(-1, -1)	b'\xe9\x9f\xa6'	-10.840080943916275
5337	(-1, -1)	b' paid'	-10.165422042900198
5338	(-1, -1)	b' roll'	-10.16602416755819
5339	(-1, -1)	b'\xe6\x8b\x9c'	-10.166110214970367
5340	(-1, -1)	b' favorite'	-10.039768360519997
5341	(-1, -1)	b' leader'	-10.145162582528101
5342	(-1, -1)	b'\xe5\xa0\xa1'	-10.166798860947484
5343	(-1, -1)	b' date'	-9.876858941521617
5344	(-1, -1)	b' August'	-10.167229505629217
5345	(-1, -1)	b'\xe1\x8b\xb5'	-9.921799960242447
5346	(-1, -1)	b'\xe5\xa5\xb3\xe5\xa3\xab'	-10.168091351756855
5347	(-1, -1)	b' Her'	-10.051899894495676
5348	(-1, -1)	b' Korea'	-9.98516642469075
5349	(-1, -1)	b'\xe9\xa2\x86\xe5\x85\x88'	-10.170594914164353
5350	(-1, -1)	b'oe'	-10.592355969138335
5351	(-1, -1)	b' request'	-10.170249222345163
5352	(-1, -1)	b"'n"	-10.13660404731987
5353	(-1, -1)	b' du'	-8.979024749318887
5354	(-1, -1)	b' Photo'	-9.97822518246659
5355	(-1, -1)	b' turned'	-10.172152007904561
5356	(-1, -1)	b' region'	-9.955313461541067
5357	(-1, -1)	b'\xe5\x8f\x8c\xe8\x89\xb2\xe7\x90\x83'	-10.172498358241386
5358	(-1, -1)	b' reb'	-10.545249074425605
5359	(-1, -1)	b'\xe6\x90\x9c'	-10.678169999305162
5360	(-1, -1)	b'\xe5\xb9\xb6\xe6\xb2\xa1\xe6\x9c\x89'	-10.17336475926595
5361	(-1, -1)	b' biggest'	-10.17345144066851
5362	(-1, -1)	b' James'	-10.168695086304496
5363	(-1, -1)	b'\xe4\xb8\x8d\xe5\x90\x8c\xe7\x9a\x84'	-10.048222011260117
5364	(-1, -1)	b'\xe4\xb8\x8a\xe5\x8d\x88'	-10.661650113505475
5365	(-1, -1)	b' \xe0\xa8\xa8'	-10.53923251077606
5366	(-1, -1)	b'Un'	-9.984807448487016
5367	(-1, -1)	b' scene'	-9.93701247771859
5368	(-1, -1)	b'han'	-9.191928946727808
5369	(-1, -1)	b'-in'	-10.069088301559615
5370	(-1, -1)	b'-g'	-10.765442493355051
5371	(-1, -1)	b' allow'	-10.176142297723775
5372	(-1, -1)	b'\xe6\x89\xa7\xe8\xa1\x8c'	-10.174492203988821
5373	(-1, -1)	b'\xe5\x88\x9b\xe9\x80\xa0'	-10.177533965339876
5374	(-1, -1)	b'nh'	-9.932029362181686
5375	(-1, -1)	b'Some'	-10.054205459611653
5376	(-1, -1)	b'\xe9\xbb\x98'	-10.178317630319684
5377	(-1, -1)	b'\xe5\xb8\x95'	-10.178404742127745
5378	(-1, -1)	b' contract'	-9.966879956898634
5379	(-1, -1)	b'\xe8\xbf\x9b\xe6\x94\xbb'	-10.179101909911973
5380	(-1, -1)	b'\xe4\xbf\xa1\xe5\xbf\x83'	-10.178840415031424
5381	(-1, -1)	b'je'	-9.0814490212564
5382	(-1, -1)	b' \xe0\xb6\x9a'	-10.266977498679333
5383	(-1, -1)	b' winds'	-10.137858070809042
5384	(-1, -1)	b'BI'	-10.957842875625165
5385	(-1, -1)	b' rights'	-10.180235845224718
5386	(-1, -1)	b'\xe6\xbb\xa1\xe8\xb6\xb3'	-10.180410410992813
5387	(-1, -1)	b'\xe8\xb4\x9f\xe8\xb4\xa3\xe4\xba\xba'	-10.157712564934638
5388	(-1, -1)	b' spot'	-9.827758913398387
5389	(-1, -1)	b'\xe6\x89\xa9\xe5\xa4\xa7'	-10.148961818808926
5390	(-1, -1)	b' god'	-9.986603619534277
5391	(-1, -1)	b' cover'	-9.956498998135169
5392	(-1, -1)	b'aan'	-9.887417744072552
5393	(-1, -1)	b'\xd0\xbd\xd0\xbe'	-9.547945138282575
5394	(-1, -1)	b'\xe8\x82\xa1\xe4\xbb\xbd'	-10.182857536842578
5395	(-1, -1)	b'\xe7\xba\xb8'	-10.182507580583538
5396	(-1, -1)	b' groups'	-10.182595058167463
5397	(-1, -1)	b' learn'	-10.101469513355093
5398	(-1, -1)	b'\xe0\xb8\x95'	-10.006944288859627
5399	(-1, -1)	b'\xe7\xb2\xbe\xe5\xbd\xa9'	-10.183470255142634
5400	(-1, -1)	b'ping'	-9.492997165999286
5401	(-1, -1)	b' events'	-10.183820548516914
5402	(-1, -1)	b' obvious'	-11.077764949530298
5403	(-1, -1)	b'\xe8\xa1\x8c\xe6\x83\x85'	-10.185573858337506
5404	(-1, -1)	b' cannot'	-10.184959850160679
5405	(-1, -1)	b' \xe1\x8a\xa8'	-10.185135242601714
5406	(-1, -1)	b' \xd8\xaf\xd8\xb1'	-10.185573858337506
5407	(-1, -1)	b'\xe6\xb9\x96\xe4\xba\xba'	-10.118226046628095
5408	(-1, -1)	b'kn'	-9.997448928641084
5409	(-1, -1)	b' However'	-10.185924889495125
5410	(-1, -1)	b' bull'	-10.386010601466378
5411	(-1, -1)	b'08'	-9.775818589116028
5412	(-1, -1)	b'\xe5\xb0\xb1\xe4\xb8\x9a'	-10.186890861030172
5413	(-1, -1)	b'\xe5\xae\xa3\xe5\xb8\x83'	-10.186715160423553
5414	(-1, -1)	b'ett'	-9.488923126852079
5415	(-1, -1)	b'\x9b\xe1\x80'	-10.245880464568497
5416	(-1, -1)	b'\xc4\x8d'	-10.000579733193387
5417	(-1, -1)	b'\xe8\x83\x8c\xe6\x99\xaf'	-10.187418148150218
5418	(-1, -1)	b' gone'	-10.186890861030172
5419	(-1, -1)	b'\xe6\x89\xbe\xe5\x88\xb0'	-9.999923636942405
5420	(-1, -1)	b'\xe7\x8e\xb0\xe8\xb1\xa1'	-10.185047542535882
5421	(-1, -1)	b'\xe5\x9d\x8f'	-10.189441995028707
5422	(-1, -1)	b' states'	-10.196513535148709
5423	(-1, -1)	b'\xe7\x84\xb6\xe8\x80\x8c'	-10.192264613115132
5424	(-1, -1)	b'\xd0\xb5\xd0\xba'	-10.78346669671733
5425	(-1, -1)	b'istic'	-10.270409996328658
5426	(-1, -1)	b' Some'	-10.008707180457657
5427	(-1, -1)	b'men'	-9.483951680565609
5428	(-1, -1)	b'\xe8\x80\xb3'	-10.192529642490772
5429	(-1, -1)	b'600'	-9.668189113587848
5430	(-1, -1)	b'\xe7\x9d\xa1'	-10.485941712603237
5431	(-1, -1)	b' gold'	-10.19341358137976
5432	(-1, -1)	b'\xd0\xb0\xd1\x81'	-10.406482478070025
5433	(-1, -1)	b'\xe5\x8d\xab\xe7\x94\x9f'	-10.193325152321913
5434	(-1, -1)	b'\xe4\xbb\xa4\xe4\xba\xba'	-10.1888256079181
5435	(-1, -1)	b'\xe5\x90\x88\xe5\x90\x8c'	-10.194563871291138
5436	(-1, -1)	b' Ke'	-9.754668110445499
5437	(-1, -1)	b'\xe9\x99\xb6\xe7\x93\xb7'	-10.193944320003451
5438	(-1, -1)	b'ano'	-10.289502274263498
5439	(-1, -1)	b'\xe5\x85\x85\xe5\x88\x86'	-10.195095220931695
5440	(-1, -1)	b'\xe5\x86\x85\xe7\x9a\x84'	-10.167229505629217
5441	(-1, -1)	b'\xe5\xae\x83\xe4\xbb\xac'	-10.19474095646957
5442	(-1, -1)	b'\xe1\x8c\x8d'	-10.19474095646957
5443	(-1, -1)	b'you'	-10.109731345542947
5444	(-1, -1)	b'\xe5\xb9\xb4\xe5\x89\x8d'	-10.373015105410616
5445	(-1, -1)	b'\xe9\x9d\xa2\xe7\x9a\x84'	-10.55777374950352
5446	(-1, -1)	b'1000'	-9.95538316009485
5447	(-1, -1)	b'ring'	-9.39271514897611
5448	(-1, -1)	b'\xe6\x8a\xb5'	-10.197312221795418
5449	(-1, -1)	b'\xe5\xbe\x8c'	-10.197401004145544
5450	(-1, -1)	b' search'	-10.035605944853485
5451	(-1, -1)	b'\xe4\xb8\x80\xe5\xae\xb6'	-9.905620973827446
5452	(-1, -1)	b' opportunity'	-10.197489794378678
5453	(-1, -1)	b'\xe7\x99\xbc'	-10.19766739849956
5454	(-1, -1)	b'\xe4\xba\x86\xe4\xb8\x80\xe4\xb8\xaa'	-10.137858070809042
5455	(-1, -1)	b' began'	-10.198555892560675
5456	(-1, -1)	b'ounce'	-10.113398084220368
5457	(-1, -1)	b' administration'	-10.173018108772837
5458	(-1, -1)	b' watching'	-10.200513362711467
5459	(-1, -1)	b'400'	-9.715197393453137
5460	(-1, -1)	b'\xe7\xbd\x91\xe4\xb8\x8a'	-10.19766739849956
5461	(-1, -1)	b'\xe7\xbb\x8f\xe5\xb8\xb8'	-10.202206994172146
5462	(-1, -1)	b'well'	-9.913143059552937
5463	(-1, -1)	b'\xe6\x88\xb4'	-10.20247467206801
5464	(-1, -1)	b' \xe1\x8b\x9d'	-10.20247467206801
5465	(-1, -1)	b' cross'	-10.130191366589575
5466	(-1, -1)	b'\xe8\xa3\x85\xe5\xa4\x87'	-10.203188830284402
5467	(-1, -1)	b'\xe5\xbc\x95\xe8\xb5\xb7'	-10.202742421634518
5468	(-1, -1)	b'\xe6\xb3\x95\xe5\xbe\x8b'	-10.202206994172146
5469	(-1, -1)	b'While'	-10.20461867860665
5470	(-1, -1)	b'\xe6\x97\xa5\xe5\x89\x8d'	-10.212609742454582
5471	(-1, -1)	b'\xe9\x97\xad'	-10.53300351343356
5472	(-1, -1)	b'\xe0\xb6\xaf'	-10.205423867645903
5473	(-1, -1)	b' yeah'	-10.205334370174146
5474	(-1, -1)	b' laws'	-10.788745442079104
5475	(-1, -1)	b' terms'	-10.205692408129995
5476	(-1, -1)	b"You're"	-10.206050574322935
5477	(-1, -1)	b'\xe4\xba\x9a\xe6\xb4\xb2'	-10.312546129978362
5478	(-1, -1)	b'\xe5\xb2\x81\xe7\x9a\x84'	-10.121430255917632
5479	(-1, -1)	b'\xe7\xb9\x81'	-10.207215501198704
5480	(-1, -1)	b'\xe7\x9f\xbf'	-10.207753617803617
5481	(-1, -1)	b'\xe5\xa2\x99'	-10.208022784733599
5482	(-1, -1)	b'light'	-9.79617702347408
5483	(-1, -1)	b' Indian'	-10.05597666642024
5484	(-1, -1)	b' chief'	-10.201136998528375
5485	(-1, -1)	b'\xe4\xb8\x80\xe7\x82\xb9'	-9.970199286193708
5486	(-1, -1)	b'\xe5\x88\xba\xe6\xbf\x80'	-10.209010350464533
5487	(-1, -1)	b' Super'	-10.055591354505482
5488	(-1, -1)	b'\xe5\x8a\x9e\xe6\xb3\x95'	-10.212249219692676
5489	(-1, -1)	b'\xe5\x8a\xa8\xe4\xbd\x9c'	-10.179537886724912
5490	(-1, -1)	b'\xe7\x97\x87'	-10.212609742454582
5491	(-1, -1)	b' \xe0\xa8\xb5'	-10.593147004116961
5492	(-1, -1)	b'\xe6\x97\xa5\xe7\x94\xb5'	-10.213782339891965
5493	(-1, -1)	b'\xe7\xbd\xb2'	-10.213511618417588
5494	(-1, -1)	b'\xe5\xbe\x88\xe5\xa4\xa7'	-10.229886040486859
5495	(-1, -1)	b'rd'	-10.179450676154936
5496	(-1, -1)	b'\xe1\x89\xa3'	-10.022177889667567
5497	(-1, -1)	b'IM'	-10.517231870596449
5498	(-1, -1)	b'\xd0\xb8\xd1\x88'	-10.31214772359859
5499	(-1, -1)	b' assist'	-9.982441431968315
5500	(-1, -1)	b" Trump's"	-10.21586030965084
5501	(-1, -1)	b' via'	-10.205692408129995
5502	(-1, -1)	b' Oh'	-10.83889980820147
5503	(-1, -1)	b'\xe0\xb8\x9a'	-10.100743794660177
5504	(-1, -1)	b'\xe6\x95\xb0\xe9\x87\x8f'	-10.216493593247343
5505	(-1, -1)	b'\xe0\xb7\x90'	-10.217308404754103
5506	(-1, -1)	b'\xe4\xb8\xad\xe5\x9c\x8b'	-10.217308404754103
5507	(-1, -1)	b'\xe7\xac\xa6\xe5\x90\x88'	-10.217670756420357
5508	(-1, -1)	b' spent'	-10.218033239432934
5509	(-1, -1)	b' hell'	-10.218395853887094
5510	(-1, -1)	b' \xe0\xaa\xaa'	-10.218486528049553
5511	(-1, -1)	b'\xe5\xb0\xba'	-10.959744016882189
5512	(-1, -1)	b'\xe6\xa2\x81'	-10.218667901043611
5513	(-1, -1)	b' alleged'	-10.7649725317266
5514	(-1, -1)	b'\xe0\xae\xb3'	-10.17345144066851
5515	(-1, -1)	b'aught'	-10.649436864199322
5516	(-1, -1)	b'\xe9\xa5\xae'	-10.219393722160579
5517	(-1, -1)	b' screen'	-9.94670827311811
5518	(-1, -1)	b'\xe4\xbd\xbf\xe5\xbe\x97'	-10.22002924807965
5519	(-1, -1)	b'\xe7\xbb\x8f\xe5\x85\xb8'	-10.219938433930743
5520	(-1, -1)	b'Me'	-10.373650294930172
5521	(-1, -1)	b' accept'	-10.062782570494653
5522	(-1, -1)	b'95'	-9.739950308267309
5523	(-1, -1)	b' \xd0\xb3'	-10.312845038962802
5524	(-1, -1)	b' \xd8\xa2'	-10.221301512882306
5525	(-1, -1)	b'\xe7\x9a\x84\xe6\x9c\x8b\xe5\x8f\x8b'	-10.10098564237791
5526	(-1, -1)	b'ju'	-9.55008070083979
5527	(-1, -1)	b' England'	-10.222029248746317
5528	(-1, -1)	b'\xe5\xbd\x93\xe5\x89\x8d'	-10.223212950227575
5529	(-1, -1)	b'\xe5\xae\xa0'	-11.106878454785653
5530	(-1, -1)	b'\xe4\xba\xab\xe5\x8f\x97'	-10.116095596789181
5531	(-1, -1)	b' William'	-11.329691372934345
5532	(-1, -1)	b'\xe7\xad\x96\xe7\x95\xa5'	-10.22284858512972
5533	(-1, -1)	b'\xe5\xa7\x94\xe5\x91\x98\xe4\xbc\x9a'	-10.218123880720103
5534	(-1, -1)	b'\xe9\x9c\x8d'	-10.537484476868595
5535	(-1, -1)	b'\xe6\x97\x97\xe4\xb8\x8b'	-10.020465496738987
5536	(-1, -1)	b'\xe6\x88\xbf\xe5\xad\x90'	-10.224215639341253
5537	(-1, -1)	b' father'	-10.219938433930743
5538	(-1, -1)	b' BBC'	-10.225036769810272
5539	(-1, -1)	b'\xe6\xac\xb2'	-10.225310629869494
5540	(-1, -1)	b' dont'	-10.225584564948594
5541	(-1, -1)	b'rian'	-10.546003696521533
5542	(-1, -1)	b'\xe4\xb8\x87\xe5\x83\x8f\xe7\xb4\xa0'	-10.226772484858015
5543	(-1, -1)	b'\xe4\xb8\x8d\xe8\xb6\xb3'	-10.204529253165052
5544	(-1, -1)	b'\xe8\xae\xa1\xe7\xae\x97'	-10.226315425569469
5545	(-1, -1)	b' His'	-10.120607684513185
5546	(-1, -1)	b'\xe6\x8c\x82'	-10.227687230622495
5547	(-1, -1)	b' \xe0\xb7\x80'	-10.227687230622495
5548	(-1, -1)	b'\xe9\x87\x8d\xe6\x96\xb0'	-10.22448927458718
5549	(-1, -1)	b'\xe6\xa5\xbc\xe7\x9b\x98'	-10.348862119922618
5550	(-1, -1)	b'\xe6\x9c\xac\xe5\x91\xa8'	-10.29575229460867
5551	(-1, -1)	b'\xe5\x9c\xb0\xe7\x90\x83'	-10.230069493064882
5552	(-1, -1)	b'\xe5\x84\xbf\xe5\xad\x90'	-10.229060920109998
5553	(-1, -1)	b'\xe9\xbb\x84\xe9\x87\x91'	-10.229152566538142
5554	(-1, -1)	b' decided'	-10.229886040486859
5555	(-1, -1)	b' text'	-10.112826818852076
5556	(-1, -1)	b' send'	-9.876794506456031
5557	(-1, -1)	b'\xe8\x80\x8c\xe8\xa8\x80'	-10.230803640110796
5558	(-1, -1)	b'Be'	-10.160874825592986
5559	(-1, -1)	b'\xe8\xaf\x9a'	-10.335521747633832
5560	(-1, -1)	b'pm'	-9.919981839139622
5561	(-1, -1)	b'\xc5\xbe'	-10.231722082497178
5562	(-1, -1)	b'\xe8\xb5\x84\xe6\x9c\xac'	-10.231722082497178
5563	(-1, -1)	b' daily'	-10.232089695772158
5564	(-1, -1)	b' mark'	-9.93236988045378
5565	(-1, -1)	b'\xe9\x9a\x90'	-10.233285373081772
5566	(-1, -1)	b'\xe9\x87\x8d\xe8\xa6\x81\xe7\x9a\x84'	-10.240582315817813
5567	(-1, -1)	b' production'	-10.199979127100862
5568	(-1, -1)	b'\xec\x9d\x84'	-10.234482481747225
5569	(-1, -1)	b' content'	-10.102680216114063
5570	(-1, -1)	b'\xe7\x9c\x9f\xe7\x9a\x84'	-10.159335179407393
5571	(-1, -1)	b'\xe8\xaf\x84\xe7\xba\xa7'	-10.235865544067181
5572	(-1, -1)	b'\xe8\xbe\x86'	-10.236234683975397
5573	(-1, -1)	b'\xe1\x89\xb2'	-10.232089695772158
5574	(-1, -1)	b'\xe4\xba\xbf\xe7\xbe\x8e\xe5\x85\x83'	-10.236788649459049
5575	(-1, -1)	b'\xe5\xb0\x86\xe4\xba\x8e'	-10.236881006882342
5576	(-1, -1)	b'\xe6\x98\x8e\xe7\xa1\xae'	-10.238544900777038
5577	(-1, -1)	b' \xe0\xa6\xac'	-10.237805050562951
5578	(-1, -1)	b'\xe7\x9b\xae\xe7\x9a\x84'	-10.071433885121335
5579	(-1, -1)	b' message'	-9.936944047842077
5580	(-1, -1)	b' evidence'	-10.212790052588499
5581	(-1, -1)	b'\xe1\x80\xb1\xe1\x80\xac\xe1\x80'	-10.53960748734442
5582	(-1, -1)	b'ola'	-10.368896178955733
5583	(-1, -1)	b' Black'	-10.237897501910496
5584	(-1, -1)	b' carry'	-10.238452389559987
5585	(-1, -1)	b' grand'	-10.228236479995513
5586	(-1, -1)	b'\xe7\xb7'	-10.89188086670274
5587	(-1, -1)	b'\xe4\xbc\xbc\xe4\xb9\x8e'	-10.239192719040405
5588	(-1, -1)	b'\xe7\xbd\x97\xe6\x96\xaf'	-11.164036868625601
5589	(-1, -1)	b' speak'	-9.934415428691928
5590	(-1, -1)	b' lack'	-10.236603960198204
5591	(-1, -1)	b'\xe6\xb3\xa1'	-10.624631954572964
5592	(-1, -1)	b' asking'	-10.241788196952761
5593	(-1, -1)	b'-based'	-10.242438120377525
5594	(-1, -1)	b'\xe7\xb8\xa3'	-10.242716788346444
5595	(-1, -1)	b' damage'	-9.962588255795572
5596	(-1, -1)	b' um'	-10.187154469836232
5597	(-1, -1)	b'\xe5\xbd\xa2\xe5\x8a\xbf'	-10.389017153715043
5598	(-1, -1)	b' za'	-9.572546162988221
5599	(-1, -1)	b'\xe5\x8d\x8f\xe4\xbc\x9a'	-10.2414170016998
5600	(-1, -1)	b'\xe5\x96\x9d'	-10.243088466477465
5601	(-1, -1)	b' select'	-10.230895446399591
5602	(-1, -1)	b'\xe7\x8e\xaf\xe4\xbf\x9d'	-10.24048961593362
5603	(-1, -1)	b'\xe5\x8f\x8d\xe5\xbc\xb9'	-10.24448349111663
5604	(-1, -1)	b' brother'	-10.244669641526698
5605	(-1, -1)	b' af'	-10.669448805991294
5606	(-1, -1)	b'\xe1\xbb\x99'	-10.630228092838014
5607	(-1, -1)	b'\xe6\x9e\x9a'	-10.24541458988036
5608	(-1, -1)	b'atives'	-10.662215244913565
5609	(-1, -1)	b' thread'	-10.245787272266114
5610	(-1, -1)	b' difference'	-10.057828233065557
5611	(-1, -1)	b' bag'	-10.324673565007116
5612	(-1, -1)	b'\xe0\xa4\x95\xe0\xa5\x8b'	-10.144994062136735
5613	(-1, -1)	b'\xe5\xae\x8c\xe7\xbe\x8e'	-10.245135169210727
5614	(-1, -1)	b'\xe4\xbb\x94'	-10.246626315805758
5615	(-1, -1)	b' directly'	-10.246999450138444
5616	(-1, -1)	b' source'	-10.205961020747448
5617	(-1, -1)	b'\xe8\x87\xaa\xe7\x94\xb1'	-10.247186069528741
5618	(-1, -1)	b'\xd0\xb8\xd1\x8f'	-10.451700566147734
5619	(-1, -1)	b'\xc3\xba'	-10.166196269787338
5620	(-1, -1)	b' customers'	-10.24896069288711
5621	(-1, -1)	b'\xe6\xb0\x91\xe8\xad\xa6'	-10.250176725963389
5622	(-1, -1)	b'\xe4\xbd\x93\xe7\xb3\xbb'	-10.249241184684564
5623	(-1, -1)	b'\xe9\x80\x83'	-10.25073847113311
5624	(-1, -1)	b' energy'	-10.250551187679054
5625	(-1, -1)	b'\xe4\xb8\xba\xe4\xbb\x80\xe4\xb9\x88'	-10.250457559103545
5626	(-1, -1)	b'\xe6\xa4\x8d'	-11.004299582089704
5627	(-1, -1)	b' runs'	-10.250832126014938
5628	(-1, -1)	b' \xe0\xa4\xad'	-10.251206833279277
5629	(-1, -1)	b'ken'	-10.271748044889183
5630	(-1, -1)	b'\xe6\xac\xa2\xe8\xbf\x8e'	-10.251487955897442
5631	(-1, -1)	b'34'	-10.095197379573522
5632	(-1, -1)	b' leading'	-10.25158168100178
5633	(-1, -1)	b' rev'	-9.892641051847834
5634	(-1, -1)	b'\xe0\xa7\x81'	-10.252707067972285
5635	(-1, -1)	b'\xe7\x8f\x8d'	-10.49212190817143
5636	(-1, -1)	b'\xe6\x9b\xb4\xe5\xa4\x9a\xe7\x9a\x84'	-10.091277217746944
5637	(-1, -1)	b'gg'	-9.058474707547312
5638	(-1, -1)	b' hor'	-9.825185540248588
5639	(-1, -1)	b'kan'	-9.229124684501318
5640	(-1, -1)	b'\xe5\xbc\xba\xe8\xb0\x83'	-10.25280090741307
5641	(-1, -1)	b' \xda\xa9\xdb\x8c'	-10.24383223743031
5642	(-1, -1)	b'\xe6\xa1\x91'	-10.254491524890978
5643	(-1, -1)	b'\xe6\xa7'	-10.562623171972911
5644	(-1, -1)	b'\xe4\xbd\xa9'	-10.25505569980016
5645	(-1, -1)	b'\xe8\xbf\x9b\xe8\xa1\x8c\xe4\xba\x86'	-10.197134680738582
5646	(-1, -1)	b'uru'	-9.940371290897916
5647	(-1, -1)	b"'r"	-10.256185005397311
5648	(-1, -1)	b'ston'	-10.82599856534308
5649	(-1, -1)	b' Fin'	-10.05628502288275
5650	(-1, -1)	b'\xe5\xa5\xb9\xe7\x9a\x84'	-10.23392979197634
5651	(-1, -1)	b'\xe6\xb2\x89'	-10.256844356431419
5652	(-1, -1)	b' showed'	-10.256844356431419
5653	(-1, -1)	b'\xe8\xb7\x9d\xe7\xa6\xbb'	-10.257692732784324
5654	(-1, -1)	b' brought'	-10.257598433194458
5655	(-1, -1)	b'\xe3\x81\x8c'	-10.258258717140533
5656	(-1, -1)	b'\xe6\xb3\xbd'	-10.258447449801281
5657	(-1, -1)	b' article'	-10.080397618672988
5658	(-1, -1)	b'\xe6\xb4\xa5'	-11.003901730483102
5659	(-1, -1)	b'\xe5\x90\x88\xe7\x90\x86'	-10.297222811024827
5660	(-1, -1)	b'\xe5\x87\x8f\xe8\x82\xa5'	-10.259391647775308
5661	(-1, -1)	b' interesting'	-10.259391647775308
5662	(-1, -1)	b'\xe9\x9e\x8b'	-10.25995859478095
5663	(-1, -1)	b' rain'	-10.131603620199169
5664	(-1, -1)	b' jump'	-10.210448552959626
5665	(-1, -1)	b'\xe5\x8a\xb2'	-10.834357022564554
5666	(-1, -1)	b'LED'	-10.063403592095112
5667	(-1, -1)	b'eed'	-9.572498633341594
5668	(-1, -1)	b' recogn'	-10.26071502446906
5669	(-1, -1)	b'\xe6\x9c\xac\xe8\xb5\x9b\xe5\xad\xa3'	-10.260809618424577
5670	(-1, -1)	b'\xe8\x87\xb3\xe5\xb0\x91'	-10.261850742932989
5671	(-1, -1)	b' knows'	-10.261945444386727
5672	(-1, -1)	b'\xe5\xa5\xb3\xe5\x84\xbf'	-10.269932555402903
5673	(-1, -1)	b' Russian'	-10.146174301693735
5674	(-1, -1)	b'\xe8\xa1\x8c\xe5\x8a\xa8'	-10.28367814597751
5675	(-1, -1)	b" you'll"	-10.26260860579609
5676	(-1, -1)	b' bought'	-10.262703379051148
5677	(-1, -1)	b' sad'	-10.151333093632791
5678	(-1, -1)	b'\xe7\xba\xbd\xe7\xba\xa6'	-10.263367043450952
5679	(-1, -1)	b'\xe7\x81\xb0'	-10.263651605938051
5680	(-1, -1)	b'\xe6\x8a\x80\xe8\x83\xbd'	-10.264315900149906
5681	(-1, -1)	b'\xe4\xbb\x96\xe8\xaf\xb4'	-10.263461888616291
5682	(-1, -1)	b'\xe1\xba\xbf'	-10.26393624942401
5683	(-1, -1)	b' happens'	-10.26260860579609
5684	(-1, -1)	b'\xe5\xbf\x99'	-10.264980635941916
5685	(-1, -1)	b'\xe5\x85\xac\xe5\xbc\x80'	-10.187418148150218
5686	(-1, -1)	b' scored'	-10.265075634279517
5687	(-1, -1)	b'\xd2\xb3'	-11.155668618955085
5688	(-1, -1)	b'\xe6\xa5\xbc\xe5\xb8\x82'	-10.266691988327644
5689	(-1, -1)	b' interested'	-10.266026114343468
5690	(-1, -1)	b' Mac'	-10.148538967942123
5691	(-1, -1)	b'ko'	-8.859027079861887
5692	(-1, -1)	b' 31'	-10.222666452354423
5693	(-1, -1)	b'\xe6\x9b\xbe\xe7\xbb\x8f'	-10.265550761384953
5694	(-1, -1)	b' helped'	-10.26792978900937
5695	(-1, -1)	b'77'	-10.112011291160488
5696	(-1, -1)	b'\xe4\xbb\x81'	-10.268310959206476
5697	(-1, -1)	b' cat'	-9.872166059005844
5698	(-1, -1)	b' ways'	-10.275196984885882
5699	(-1, -1)	b'\xe5\xae\x89\xe6\x8e\x92'	-10.268025067938508
5700	(-1, -1)	b'\xe8\x83\xbd\xe6\xba\x90'	-10.267358305995437
5701	(-1, -1)	b'\xe6\x8a\x95\xe6\xb3\xa8'	-10.269741642840277
5702	(-1, -1)	b' officers'	-10.269932555402903
5703	(-1, -1)	b'\xe4\xb9\x8b\xe5\xa4\x96'	-10.499300689898435
5704	(-1, -1)	b'\xe5\x8d\xb3\xe4\xbd\xbf'	-10.267263090570465
5705	(-1, -1)	b' Reg'	-10.316438933217391
5706	(-1, -1)	b' college'	-10.170076421238806
5707	(-1, -1)	b'\xe8\xbf\x85\xe9\x80\x9f'	-10.270696570338357
5708	(-1, -1)	b'OP'	-10.46252143839514
5709	(-1, -1)	b'\xe5\xae\xa3\xe4\xbc\xa0'	-10.270696570338357
5710	(-1, -1)	b'\xe5\x87\xa1'	-10.270983226496261
5711	(-1, -1)	b' require'	-9.946639176555637
5712	(-1, -1)	b'ray'	-10.195361001664155
5713	(-1, -1)	b' fat'	-10.203814137375213
5714	(-1, -1)	b' gas'	-10.18750605637409
5715	(-1, -1)	b'\xe8\xbe\x9b'	-10.273566836373188
5716	(-1, -1)	b'>>'	-10.596979185879793
5717	(-1, -1)	b'\xe6\x95\xb0\xe6\x8d\xae\xe6\x98\xbe\xe7\xa4\xba'	-10.388587092424682
5718	(-1, -1)	b' size'	-10.0813458605457
5719	(-1, -1)	b' \xe0\xa4\x97'	-10.27481318138856
5720	(-1, -1)	b'\xd1\x83\xd0\xbd'	-10.43163755258052
5721	(-1, -1)	b' broad'	-10.841094457516547
5722	(-1, -1)	b'\xe7\x9a\x84\xe5\x8f\x91\xe5\xb1\x95'	-9.980795694413937
5723	(-1, -1)	b' quickly'	-10.276157138584226
5724	(-1, -1)	b'\xe5\xa5\x96\xe5\x8a\xb1'	-10.2763492800009
5725	(-1, -1)	b' mine'	-10.082374138271264
5726	(-1, -1)	b'\xe9\x83\x91'	-10.277406718215271
5727	(-1, -1)	b'\xe5\x85\xbc'	-10.277791518604818
5728	(-1, -1)	b'\xe5\x85\xac\xe5\x91\x8a'	-10.63146071642762
5729	(-1, -1)	b'05'	-9.873770732157391
5730	(-1, -1)	b'ID'	-10.317539648793577
5731	(-1, -1)	b'\xe0\xb8\xaa'	-10.021730895694544
5732	(-1, -1)	b' became'	-10.278850483806066
5733	(-1, -1)	b' safety'	-10.278850483806066
5734	(-1, -1)	b' sil'	-10.052898320138311
5735	(-1, -1)	b'\xd1\x81\xd0\xba'	-10.47768207862582
5736	(-1, -1)	b' save'	-9.840788212542206
5737	(-1, -1)	b'\xd0\xbb\xd0\xb8'	-9.125572951378404
5738	(-1, -1)	b' \xda\xaf'	-10.283097594437256
5739	(-1, -1)	b'\xe9\x83\xbd\xe5\x9c\xa8'	-10.348758819473169
5740	(-1, -1)	b' defense'	-10.213421394210371
5741	(-1, -1)	b'\xe4\xbb\xa5\xe5\x89\x8d'	-10.284259034753646
5742	(-1, -1)	b' sometimes'	-10.284259034753646
5743	(-1, -1)	b' speed'	-10.156859613671736
5744	(-1, -1)	b' \xd8\xa3'	-10.284355882364007
5745	(-1, -1)	b" He's"	-10.284743366627307
5746	(-1, -1)	b'\xe5\xbc\x80\xe7\x9b\x98'	-10.284937165077526
5747	(-1, -1)	b' moving'	-10.284937165077526
5748	(-1, -1)	b'CH'	-9.874863382585861
5749	(-1, -1)	b' Sch'	-10.208920531449788
5750	(-1, -1)	b'\xe9\x95\xb7'	-10.285518785877171
5751	(-1, -1)	b'\xe6\xb0\x8f'	-10.287168550917277
5752	(-1, -1)	b'ros'	-9.921665171187115
5753	(-1, -1)	b' soft'	-10.99795287296333
5754	(-1, -1)	b'\xe9\x82\xae'	-10.287557126791606
5755	(-1, -1)	b' ended'	-10.287557126791606
5756	(-1, -1)	b' force'	-10.28736281998054
5757	(-1, -1)	b'ru'	-9.567520550286652
5758	(-1, -1)	b' lose'	-10.174058420960288
5759	(-1, -1)	b' Tur'	-10.313243723309755
5760	(-1, -1)	b' upper'	-10.285421825582336
5761	(-1, -1)	b'\xe4\xba\x9e'	-10.288529227577792
5762	(-1, -1)	b'\xe5\xb1\x85\xe6\xb0\x91'	-10.28794585371584
5763	(-1, -1)	b' missing'	-10.288723761184086
5764	(-1, -1)	b'\xe8\xbd\xbb\xe6\x9d\xbe'	-10.288918332641066
5765	(-1, -1)	b'\xe8\x85\xb0'	-10.289502274263498
5766	(-1, -1)	b'hood'	-10.013792874116735
5767	(-1, -1)	b'\xe9\x9b\x86\xe4\xb8\xad'	-10.22485423809488
5768	(-1, -1)	b'Or'	-10.191469946171189
5769	(-1, -1)	b'\xe8\x83\x86'	-10.29096362188583
5770	(-1, -1)	b'\xe7\x9a\x84\xe6\x97\xb6\xe9\x97\xb4'	-10.090080234002704
5771	(-1, -1)	b' medical'	-10.260147648567315
5772	(-1, -1)	b' goals'	-10.291646315626686
5773	(-1, -1)	b'\xe9\x9c\xb8'	-10.459516697893386
5774	(-1, -1)	b'\xe5\xa5\xb3\xe4\xba\xba'	-10.15566670282816
5775	(-1, -1)	b'\xe6\x9c\x9f\xe5\xbe\x85'	-10.291646315626686
5776	(-1, -1)	b' manager'	-10.090558855581719
5777	(-1, -1)	b" she's"	-10.292427108170745
5778	(-1, -1)	b'\xe9\xab\x98\xe9\x80\x9f'	-10.179886805081559
5779	(-1, -1)	b'just'	-10.854193224370968
5780	(-1, -1)	b' prior'	-10.291548759409839
5781	(-1, -1)	b'\xe6\x81\xa2\xe5\xa4\x8d'	-10.293599441247569
5782	(-1, -1)	b'\xe8\xaf\x81\xe6\x98\x8e'	-10.294675288581033
5783	(-1, -1)	b'\xe4\xbc\x97\xe5\xa4\x9a'	-10.209369707219816
5784	(-1, -1)	b'\xe8\xbf\x94'	-10.296144220931538
5785	(-1, -1)	b' senior'	-10.189441995028707
5786	(-1, -1)	b'down'	-10.01312805414765
5787	(-1, -1)	b'44'	-9.879504360362837
5788	(-1, -1)	b' normal'	-10.00496474350849
5789	(-1, -1)	b'\xe8\xba\xab\xe4\xbb\xbd'	-10.295948238569324
5790	(-1, -1)	b'\xe9\x97\xb2'	-11.149438069204448
5791	(-1, -1)	b'\xe4\xb8\x80\xe5\x88\x87'	-10.235957816270245
5792	(-1, -1)	b'cle'	-9.581138511426113
5793	(-1, -1)	b'illed'	-10.767795620176216
5794	(-1, -1)	b' ga'	-9.248323313526416
5795	(-1, -1)	b'\xe5\x8a\x9b\xe7\x9a\x84'	-10.425930604847153
5796	(-1, -1)	b' material'	-10.255808428477026
5797	(-1, -1)	b'\xea\xb3\xa0'	-10.228236479995513
5798	(-1, -1)	b'\xc2\xa0\xc2\xa0\xc2\xa0 '	-9.955662002899027
5799	(-1, -1)	b'ria'	-10.326490279273433
5800	(-1, -1)	b'\xe5\xbe\x88\xe9\x9a\xbe'	-10.299285173651231
5801	(-1, -1)	b'\xe5\xad\xa6\xe5\xae\xb6'	-10.304015178528227
5802	(-1, -1)	b' Michael'	-10.273854316610903
5803	(-1, -1)	b'\xe8\xae\xad\xe7\xbb\x83'	-10.29967848732395
5804	(-1, -1)	b'\xe9\x87\x8c\xe7\x9a\x84'	-10.374285888171908
5805	(-1, -1)	b'\xe6\x9d\xa5\xe5\x88\xb0'	-10.192176285596636
5806	(-1, -1)	b'\xe7\x90\x86\xe8\xb4\xa2'	-10.263082561916626
5807	(-1, -1)	b'\xe5\xa4\xa7\xe5\xa5\x96'	-10.244762729727837
5808	(-1, -1)	b'\xe8\x89\xb2\xe5\xbd\xa9'	-10.302238803838277
5809	(-1, -1)	b' property'	-10.302041623516233
5810	(-1, -1)	b'ban'	-9.475504769758347
5811	(-1, -1)	b'\xd8\xb1\xdb\x8c'	-10.2676440066783
5812	(-1, -1)	b'mb'	-9.304156367547336
5813	(-1, -1)	b'\xe8\xbe\x89'	-10.573685800872767
5814	(-1, -1)	b'\xe7\x89\xb9\xe7\x82\xb9'	-10.303126596744923
5815	(-1, -1)	b'\xe5\xb0\x8a'	-10.303323991139564
5816	(-1, -1)	b'force'	-10.69803868277496
5817	(-1, -1)	b'stant'	-10.36552917240783
5818	(-1, -1)	b'\xe7\xa8\xae'	-10.303620155809284
5819	(-1, -1)	b' sexual'	-10.141797558742066
5820	(-1, -1)	b'\xe6\xb7\xa1'	-10.304212748419218
5821	(-1, -1)	b'\xe6\x8b\x85\xe5\xbf\x83'	-10.304015178528227
5822	(-1, -1)	b' economic'	-10.153625017729311
5823	(-1, -1)	b' farm'	-10.22175628573111
5824	(-1, -1)	b'98'	-9.858407880205592
5825	(-1, -1)	b' Paul'	-10.287071430536491
5826	(-1, -1)	b'\xe4\xbc\x98\xe6\x83\xa0'	-10.436587500813234
5827	(-1, -1)	b'\xe5\x90\x8d\xe7\x9a\x84'	-10.923859022809566
5828	(-1, -1)	b' Are'	-10.05991535166805
5829	(-1, -1)	b' rob'	-10.257315587767597
5830	(-1, -1)	b' violence'	-10.299973574130794
5831	(-1, -1)	b'\xe5\xb0\xbc\xe5\xba\xb7'	-10.30658663677438
5832	(-1, -1)	b'\xe9\xaa\x91'	-10.30668567118892
5833	(-1, -1)	b'ua'	-10.213601850765945
5834	(-1, -1)	b'ste'	-10.697892216278909
5835	(-1, -1)	b'\xe5\x89\xa9'	-10.308866913378358
5836	(-1, -1)	b'\xe1\x88\x9b'	-9.998321655969205
5837	(-1, -1)	b'\xe4\xb8\xbb\xe4\xbb\xbb'	-10.299580144402103
5838	(-1, -1)	b'\xe5\xbd\xa9\xe6\xb0\x91'	-10.309561943938034
5839	(-1, -1)	b'o-'	-10.87775633809911
5840	(-1, -1)	b'\xe7\x95\x99\xe5\xad\xa6\xe7\x94\x9f'	-10.33878905705465
5841	(-1, -1)	b'\xe5\xa6\x82\xe4\xbb\x8a'	-10.301154792892017
5842	(-1, -1)	b'OW'	-10.668452860828229
5843	(-1, -1)	b'\xe9\x83\xad'	-10.310456265058903
5844	(-1, -1)	b' option'	-10.250925789668827
5845	(-1, -1)	b'\xe6\x92\x9e'	-10.312048146799901
5846	(-1, -1)	b'\xec\x84'	-10.38087744935463
5847	(-1, -1)	b'\xe5\xa4\x9a\xe5\xb0\x91'	-10.312346906947521
5848	(-1, -1)	b'\xe9\xbc\x93'	-11.064576075094964
5849	(-1, -1)	b'\xe6\x88\x98\xe6\x96\x97'	-10.312845038962802
5850	(-1, -1)	b' rules'	-10.313144037320539
5851	(-1, -1)	b'ucks'	-10.627357866033277
5852	(-1, -1)	b' internet'	-10.307379186845585
5853	(-1, -1)	b'uth'	-10.18145844602324
5854	(-1, -1)	b' protect'	-10.065035611108993
5855	(-1, -1)	b'\xe8\x89\xbe'	-10.314840052093322
5856	(-1, -1)	b'time'	-9.614331119224916
5857	(-1, -1)	b'\xe1\x89\xbd'	-10.612053172366103
5858	(-1, -1)	b'\xe0\xa8\xbe\xe0\xa8\x82'	-10.498340536200093
5859	(-1, -1)	b' Why'	-10.314540546275678
5860	(-1, -1)	b'\xe6\xb6\x9b'	-11.147140274075799
5861	(-1, -1)	b' cash'	-10.274525425403647
5862	(-1, -1)	b' environment'	-10.245694088647726
5863	(-1, -1)	b' eat'	-10.204708112045873
5864	(-1, -1)	b'what'	-10.256561724181198
5865	(-1, -1)	b' firm'	-10.02643432741218
5866	(-1, -1)	b' winning'	-10.298204358021575
5867	(-1, -1)	b'\xe5\x87\xa0\xe4\xb8\xaa'	-10.057828233065557
5868	(-1, -1)	b'Did'	-10.315839053175408
5869	(-1, -1)	b'\xe9\xa9\xbb'	-10.319443743170536
5870	(-1, -1)	b'\xe3\x83\xb3'	-10.44246920536127
5871	(-1, -1)	b'LE'	-9.708586250674061
5872	(-1, -1)	b' 2013'	-10.319343437237357
5873	(-1, -1)	b' Mark'	-10.27481318138856
5874	(-1, -1)	b"Don't"	-10.319644385225784
5875	(-1, -1)	b'\xe8\xbf\x99\xe6\xac\xbe'	-10.319845067546346
5876	(-1, -1)	b'IP'	-10.35809886246529
5877	(-1, -1)	b'\xe6\x84\x8f\xe5\xa4\xa7\xe5\x88\xa9'	-10.319845067546346
5878	(-1, -1)	b' \xd9\xbe\xd9\x87'	-10.320346949614597
5879	(-1, -1)	b'By'	-10.334095649806317
5880	(-1, -1)	b'\xef\xbc\x8d'	-10.321552495269946
5881	(-1, -1)	b' driving'	-10.321552495269946
5882	(-1, -1)	b'\xe9\x98\x9f\xe7\x9a\x84'	-10.493195445579955
5883	(-1, -1)	b'\xe5\x8d\xb7'	-10.321954667002695
5884	(-1, -1)	b'\xe7\xaa\x81\xe7\x84\xb6'	-10.319142855549792
5885	(-1, -1)	b'\xe9\xba\xbb'	-10.697306564724835
5886	(-1, -1)	b' Mad'	-10.56441574607648
5887	(-1, -1)	b' After'	-10.323262843289882
5888	(-1, -1)	b'\xe0\xa7\x87\xe0\xa6\xb0'	-10.323766444045855
5889	(-1, -1)	b' \xe0\xa6\xb8'	-10.32396795538155
5890	(-1, -1)	b' changed'	-10.324169507332247
5891	(-1, -1)	b' itself'	-10.324270298543338
5892	(-1, -1)	b'BS'	-10.367842771084174
5893	(-1, -1)	b' Ben'	-9.880021356626129
5894	(-1, -1)	b' Da'	-9.909275098745196
5895	(-1, -1)	b' poor'	-10.260620439460714
5896	(-1, -1)	b'\xe6\x98\xaf\xe4\xb8\x80\xe7\xa7\x8d'	-10.30658663677438
5897	(-1, -1)	b'\xe5\xa4\xa7\xe9\x99\x86'	-10.293208510828205
5898	(-1, -1)	b' slow'	-10.008633664559811
5899	(-1, -1)	b'\xd1\x8e'	-9.769721540353009
5900	(-1, -1)	b'\xe6\x8a\x95\xe5\x85\xa5'	-10.32669234029655
5901	(-1, -1)	b'olf'	-10.255996699210897
5902	(-1, -1)	b'ero'	-10.157797900088507
5903	(-1, -1)	b'\xe6\xb1\x87\xe7\x8e\x87'	-10.326894442156576
5904	(-1, -1)	b' vehicle'	-10.326894442156576
5905	(-1, -1)	b'\xe5\x85\x8b\xe6\x96\xaf'	-10.3272987684534
5906	(-1, -1)	b'According'	-10.327096584870018
5907	(-1, -1)	b'\xe4\xba\xa7\xe5\x93\x81\xe7\x9a\x84'	-10.390954721597849
5908	(-1, -1)	b' showers'	-10.32750099292325
5909	(-1, -1)	b'\xe8\x80\x8c\xe6\x98\xaf'	-10.333892087464648
5910	(-1, -1)	b'\xe4\xbb\x96\xe5\x9c\xa8'	-10.439071693599356
5911	(-1, -1)	b' simply'	-10.328512729148766
5912	(-1, -1)	b'\xe7\xbc\x98'	-10.328715199285114
5913	(-1, -1)	b'ho'	-8.951625775130772
5914	(-1, -1)	b'fully'	-9.830154418367519
5915	(-1, -1)	b'\xe7\x94\xa8\xe4\xba\x8e'	-10.413290454293508
5916	(-1, -1)	b' afternoon'	-10.317239333460222
5917	(-1, -1)	b'\xe5\x85\xbd'	-10.32912026258179
5918	(-1, -1)	b' hair'	-10.198467007622169
5919	(-1, -1)	b' Group'	-10.32800673308474
5920	(-1, -1)	b' eye'	-10.209639309558002
5921	(-1, -1)	b' attention'	-10.32558150958399
5922	(-1, -1)	b' double'	-10.112337422431215
5923	(-1, -1)	b'\xe6\xac\xa3'	-10.330742158527801
5924	(-1, -1)	b'\xe9\xab\x98\xe6\xa0\xa1'	-10.271174376262685
5925	(-1, -1)	b'airs'	-10.706866163961015
5926	(-1, -1)	b'\xe5\xb9\xb6\xe9\x9d\x9e'	-10.70760531692541
5927	(-1, -1)	b' Road'	-10.331148043870765
5928	(-1, -1)	b'\xe6\x88\x90\xe5\x91\x98'	-10.331960309120015
5929	(-1, -1)	b'\xe6\x88\x91\xe8\xa7\x89\xe5\xbe\x97'	-10.331960309120015
5930	(-1, -1)	b'\xe9\x81\xbf\xe5\x85\x8d'	-10.332061888682293
5931	(-1, -1)	b'\xe5\xb7\xa5\xe4\xb8\x9a'	-10.332061888682293
5932	(-1, -1)	b' a.m'	-10.332265078767318
5933	(-1, -1)	b'\xe6\x9c\x89\xe6\x9c\x9b'	-10.285809723182235
5934	(-1, -1)	b'\xe4\xb9\x98'	-10.333892087464648
5935	(-1, -1)	b' middle'	-10.332569941327476
5936	(-1, -1)	b' \xd0\xbd\xd0\xb5'	-10.215498613290986
5937	(-1, -1)	b' effect'	-10.39624831144536
5938	(-1, -1)	b' European'	-10.287459968666681
5939	(-1, -1)	b' engine'	-10.188297578336174
5940	(-1, -1)	b' etc'	-10.32659130468141
5941	(-1, -1)	b'\xd1\x85'	-9.82457380718981
5942	(-1, -1)	b' Pal'	-10.560067913140376
5943	(-1, -1)	b'\xd9\x8a\xd9\x86'	-10.303718896860955
5944	(-1, -1)	b'\xe9\xab\x98\xe8\xbe\xbe'	-10.33328164894737
5945	(-1, -1)	b'\xd1\x86'	-9.414715233386307
5946	(-1, -1)	b'\xe5\x9c\xb0\xe5\x9b\xbe'	-10.96853612244805
5947	(-1, -1)	b'\xe4\xba\x8b\xe4\xb8\x9a'	-10.33582760480092
5948	(-1, -1)	b'Are'	-10.26716788421061
5949	(-1, -1)	b' model'	-9.96511883496129
5950	(-1, -1)	b'\xe9\x85\xb8'	-10.336949882121182
5951	(-1, -1)	b'\xe7\x8a\xb6\xe5\x86\xb5'	-10.337051969814599
5952	(-1, -1)	b' included'	-10.337051969814599
5953	(-1, -1)	b' brand'	-10.063558907774542
5954	(-1, -1)	b' Del'	-10.383761604534492
5955	(-1, -1)	b'\xe0\xa4\xbe\xe0\xa4\xb2'	-10.84431071081802
5956	(-1, -1)	b' blood'	-10.337971228344172
5957	(-1, -1)	b'\xe8\x80\x81\xe6\x9d\xbf'	-10.338277835735813
5958	(-1, -1)	b' \xe0\xa4\xb2'	-10.785383017968094
5959	(-1, -1)	b' multiple'	-10.313941803617336
5960	(-1, -1)	b' vs'	-10.33674573799472
5961	(-1, -1)	b'\xe5\xa3\x81'	-10.33889133268757
5962	(-1, -1)	b'\xe6\xa3\x80\xe6\x9f\xa5'	-10.339095915339675
5963	(-1, -1)	b'\xe6\xb1\xbd\xe8\xbd\xa6'	-10.339505206248898
5964	(-1, -1)	b'\xe5\xb7\xa5\xe4\xbd\x9c\xe4\xba\xba\xe5\x91\x98'	-10.339709914540299
5965	(-1, -1)	b' walk'	-9.83718974731162
5966	(-1, -1)	b' immediately'	-10.340119456882462
5967	(-1, -1)	b' PM'	-10.354560141037256
5968	(-1, -1)	b' Red'	-10.103811529366038
5969	(-1, -1)	b' officer'	-10.314340925554385
5970	(-1, -1)	b' sat'	-10.479681726413231
5971	(-1, -1)	b' arrested'	-10.340631620786102
5972	(-1, -1)	b'\xe7\x8f\xbe'	-10.34073408505178
5973	(-1, -1)	b' wide'	-9.98797087049386
5974	(-1, -1)	b'\xe5\xbf\xa7'	-11.04077039881677
5975	(-1, -1)	b' October'	-10.340836559817458
5976	(-1, -1)	b'\xe8\xb5\x9e'	-10.341451629032134
5977	(-1, -1)	b'\xe6\x8f\xad'	-10.341451629032134
5978	(-1, -1)	b'\xe8\xaf\x84\xe8\xae\xba'	-10.341759305563968
5979	(-1, -1)	b'ops'	-10.295458450637703
5980	(-1, -1)	b' Alex'	-10.341349091221225
5981	(-1, -1)	b' Ma'	-8.810729372462708
5982	(-1, -1)	b' baby'	-10.310456265058903
5983	(-1, -1)	b'\xe5\x85\xb4\xe8\xb6\xa3'	-10.996175094717332
5984	(-1, -1)	b'\xe9\x99\xa2\xe6\xa0\xa1'	-10.330742158527801
5985	(-1, -1)	b'\xe5\x8d\x95\xe5\x8f\x8d'	-10.347210591884146
5986	(-1, -1)	b'\xe9\x83\xbd\xe4\xb8\x8d'	-10.32861395909267
5987	(-1, -1)	b' term'	-9.974381761365276
5988	(-1, -1)	b'\xe9\x80\x9a\xe5\xb8\xb8'	-10.342888263450595
5989	(-1, -1)	b'ydd'	-10.111033535032728
5990	(-1, -1)	b'\xe9\x9a\x94'	-10.34329910979984
5991	(-1, -1)	b'\xe8\x80\x8c\xe5\x9c\xa8'	-10.464143122985453
5992	(-1, -1)	b' feeling'	-10.096400507851797
5993	(-1, -1)	b'\xe5\x94\xaf\xe4\xb8\x80'	-10.334401071035467
5994	(-1, -1)	b'TV'	-10.297615314218955
5995	(-1, -1)	b'\xe5\xae\x83\xe7\x9a\x84'	-10.353106652409272
5996	(-1, -1)	b'New'	-10.34453266258784
5997	(-1, -1)	b'\xe6\x95\xa2'	-10.344738402738756
5998	(-1, -1)	b'how'	-9.960904753714459
5999	(-1, -1)	b'78'	-10.144657106527449
6000	(-1, -1)	b' except'	-10.342990959214484
6001	(-1, -1)	b' \xd9\x82'	-10.3452529383817
6002	(-1, -1)	b'\xe8\x96\x84'	-10.346076746481014
6003	(-1, -1)	b' fourth'	-10.34617977022808
6004	(-1, -1)	b'\xe8\xb7\xa8'	-10.346488905167941
6005	(-1, -1)	b'olution'	-10.598038928991292
6006	(-1, -1)	b'\xe7\x94\x9f\xe7\x89\xa9'	-10.353936958632376
6007	(-1, -1)	b'\xe6\xaf\x8f\xe4\xb8\xaa'	-9.99092763895527
6008	(-1, -1)	b'iction'	-10.170508480005518
6009	(-1, -1)	b' birth'	-10.332671582837955
6010	(-1, -1)	b'\xe9\x99\xb7'	-10.991646190648673
6011	(-1, -1)	b'\xe9\x80\x9a\xe7\x9f\xa5'	-10.347932799808238
6012	(-1, -1)	b' pan'	-10.123819546446658
6013	(-1, -1)	b'\xe4\xbf\x9d\xe9\x99\xa9'	-10.348448982135292
6014	(-1, -1)	b'\xe5\xa4\x8d\xe8\x8b\x8f'	-10.349068752839978
6015	(-1, -1)	b'\xe9\x9f\xb3\xe4\xb9\x90'	-10.349275428463322
6016	(-1, -1)	b'iving'	-10.488314192956869
6017	(-1, -1)	b'\xe7\x98\xa6'	-10.349378782295258
6018	(-1, -1)	b' evening'	-10.311948579915764
6019	(-1, -1)	b'\xe8\x8a\xac'	-10.349999129709694
6020	(-1, -1)	b'\xe4\xb9\x8c'	-10.350102558369867
6021	(-1, -1)	b' mas'	-10.273471027989883
6022	(-1, -1)	b'\xe7\x8a\xaf\xe7\xbd\xaa'	-10.350516380018645
6023	(-1, -1)	b'zi'	-9.322679830767232
6024	(-1, -1)	b' charge'	-10.266026114343468
6025	(-1, -1)	b' growing'	-10.351137433759753
6026	(-1, -1)	b' Air'	-10.13044044293276
6027	(-1, -1)	b'\xe4\xbc\x98\xe7\xa7\x80'	-10.352173381226274
6028	(-1, -1)	b'\xe8\xae\xa9\xe4\xbd\xa0'	-10.253458030177857
6029	(-1, -1)	b'\xe5\xbd\xa2\xe5\xbc\x8f'	-10.352484374853411
6030	(-1, -1)	b'\xe5\xb1\xac'	-10.945760417896459
6031	(-1, -1)	b'\xe7\xb4\xab'	-10.35258806089218
6032	(-1, -1)	b' conference'	-10.294186123575924
6033	(-1, -1)	b' reading'	-10.306982833293032
6034	(-1, -1)	b' practice'	-10.034926468778872
6035	(-1, -1)	b'va'	-8.82918165049179
6036	(-1, -1)	b' attempt'	-9.951834713163993
6037	(-1, -1)	b' Bay'	-10.348448982135292
6038	(-1, -1)	b'\xe9\x80\x90\xe6\xb8\x90'	-10.356327936433422
6039	(-1, -1)	b'\xe8\xa3\x85\xe9\xa5\xb0'	-10.35653611796847
6040	(-1, -1)	b'\xd8\xa7\xd8\xa8'	-10.30876766272074
6041	(-1, -1)	b'\xe5\x93\xa1'	-10.356952611102356
6042	(-1, -1)	b'\xe7\x8c\x9b'	-10.357056761495617
6043	(-1, -1)	b' effort'	-10.357160922737313
6044	(-1, -1)	b" what's"	-10.357265094829703
6045	(-1, -1)	b' sleep'	-10.357786118131232
6046	(-1, -1)	b' Congress'	-10.35289918352886
6047	(-1, -1)	b'\xe6\xa1\xb6'	-10.358203132315756
6048	(-1, -1)	b'\xe0\xb8\x84'	-10.264220973954952
6049	(-1, -1)	b' center'	-10.111603776586204
6050	(-1, -1)	b'\xe5\x8c\x96\xe7\x9a\x84'	-10.451242690681859
6051	(-1, -1)	b'\xe5\xb9\xb4\xe4\xbb\xa3'	-10.359455219290686
6052	(-1, -1)	b'\xe6\x81\x92'	-10.359037682750174
6053	(-1, -1)	b'\xe6\x8a\xa5\xe5\x90\x8d'	-10.327399875576482
6054	(-1, -1)	b' block'	-9.83545718082414
6055	(-1, -1)	b'\xe5\x9c\xb0\xe6\x9d\xbf'	-10.360395314413978
6056	(-1, -1)	b' nd\xe1\xbb\x8b'	-10.359455219290686
6057	(-1, -1)	b'\xe5\x90\x8e\xe6\x9d\xa5'	-10.311849022944205
6058	(-1, -1)	b' Any'	-10.369528756731178
6059	(-1, -1)	b'\xe8\xb7\x83'	-10.360186327997335
6060	(-1, -1)	b'\xe9\x89\xb4'	-10.360290815746241
6061	(-1, -1)	b'\xe7\xa4\xbe\xe5\x8c\xba'	-10.360604344515073
6062	(-1, -1)	b'\xe1\x8d\xa1'	-10.360604344515073
6063	(-1, -1)	b' Well'	-10.360708875952998
6064	(-1, -1)	b'\xe6\x9c\xac\xe6\xac\xa1'	-10.360813418318887
6065	(-1, -1)	b'\xe0\xb8\xab'	-10.097364053775069
6066	(-1, -1)	b' \xd8\xa8\xd9\x87'	-10.360917971615025
6067	(-1, -1)	b' Gold'	-10.361022535843698
6068	(-1, -1)	b' Cap'	-10.534992574258416
6069	(-1, -1)	b'\xe5\x95\x8a'	-10.361336294147794
6070	(-1, -1)	b'\xe7\xa1\xae\xe5\xae\x9e'	-10.359246429228335
6071	(-1, -1)	b'\xe8\x9b\x8b'	-10.361650150927062
6072	(-1, -1)	b'\xe4\xb8\x80\xe5\x9c\xba'	-9.969562816457573
6073	(-1, -1)	b'\xe7\xa8\xbf'	-10.505564261327807
6074	(-1, -1)	b' positive'	-10.322860145207324
6075	(-1, -1)	b'\xe4\xbf\xa1\xe7\x94\xa8'	-11.12467251858612
6076	(-1, -1)	b' IN'	-10.705094422762276
6077	(-1, -1)	b' kick'	-10.090638648121159
6078	(-1, -1)	b'\xe9\x85\x92\xe5\xba\x97'	-10.36259231273452
6079	(-1, -1)	b' whose'	-10.36259231273452
6080	(-1, -1)	b'\xe0\xa4\xac'	-10.03764714760341
6081	(-1, -1)	b' smart'	-10.285131001092864
6082	(-1, -1)	b' jobs'	-10.361022535843698
6083	(-1, -1)	b'\xe7\x88\xb6\xe6\xaf\x8d'	-10.363954782158721
6084	(-1, -1)	b'\xe6\x8b\x9f'	-10.364269461974608
6085	(-1, -1)	b' alone'	-10.364164557699663
6086	(-1, -1)	b'\xc4\xb1r'	-10.30076089825374
6087	(-1, -1)	b' costs'	-10.365949428770392
6088	(-1, -1)	b'\xe5\xa5\xb6'	-10.366264736986784
6089	(-1, -1)	b'-S'	-10.617308894995775
6090	(-1, -1)	b'\xe6\x94\xbb\xe5\x87\xbb'	-10.367000843019285
6091	(-1, -1)	b' compared'	-10.367421718446375
6092	(-1, -1)	b'\xe4\xbb\x8a\xe6\x97\xa5'	-10.4072488035769
6093	(-1, -1)	b'\xe3\x81\xaa'	-10.367737491303059
6094	(-1, -1)	b'pro'	-9.657938483986948
6095	(-1, -1)	b' provided'	-10.368685408589267
6096	(-1, -1)	b'\xe8\x8b\xb1\xe9\x9b\x84'	-10.369106993755715
6097	(-1, -1)	b'\xe7\xbb\x88\xe4\xba\x8e'	-10.369739704944173
6098	(-1, -1)	b'\xe5\xa4\xa7\xe9\x83\xa8\xe5\x88\x86'	-10.285227933192006
6099	(-1, -1)	b' stage'	-10.094636414699252
6100	(-1, -1)	b' despite'	-10.370056210723046
6101	(-1, -1)	b'\xe5\x8b\x95'	-10.370478374317706
6102	(-1, -1)	b'\xe5\x8d\x8f\xe8\xae\xae'	-10.370478374317706
6103	(-1, -1)	b'\xe7\x85\xa7\xe6\x98\x8e'	-10.37068952296714
6104	(-1, -1)	b'\xe7\x85\xa4'	-10.7543788822574
6105	(-1, -1)	b' cases'	-10.370583943069454
6106	(-1, -1)	b' opinion'	-10.073314321309699
6107	(-1, -1)	b'\xe4\xb9\x94'	-10.372274560547362
6108	(-1, -1)	b' figure'	-10.047381064763556
6109	(-1, -1)	b'kes'	-10.12258299379744
6110	(-1, -1)	b'\xe5\x80\xbe'	-10.372697661886443
6111	(-1, -1)	b' band'	-10.183820548516914
6112	(-1, -1)	b' haha'	-10.235035477153023
6113	(-1, -1)	b'fl'	-9.840601767123562
6114	(-1, -1)	b'68'	-10.01098885811187
6115	(-1, -1)	b' funny'	-10.374285888171908
6116	(-1, -1)	b'\xe4\xb8\x89\xe4\xb8\xaa'	-10.148369877647504
6117	(-1, -1)	b'\xe6\x9c\x89\xe5\x8f\xaf\xe8\x83\xbd'	-10.351033898013945
6118	(-1, -1)	b' \xd9\x85\xd9\x86'	-10.367316482981925
6119	(-1, -1)	b' charges'	-10.375027924565737
6120	(-1, -1)	b' credit'	-10.138025392820643
6121	(-1, -1)	b'59'	-10.044329025159573
6122	(-1, -1)	b'\xe5\x90\xa8'	-11.015906676579926
6123	(-1, -1)	b'\xe8\xaf\xad\xe8\xa8\x80'	-10.375770511986484
6124	(-1, -1)	b'\xe5\x88\xa9\xe7\x9b\x8a'	-10.369528756731178
6125	(-1, -1)	b' po'	-8.957056116344017
6126	(-1, -1)	b'\xe6\x90\x9e'	-10.376726078232153
6127	(-1, -1)	b'\xe8\x8d\xb7'	-10.377044803334453
6128	(-1, -1)	b' \xe0\xae\xaa'	-10.377151067613816
6129	(-1, -1)	b'\xe4\xbb\x93\xe4\xbd\x8d'	-10.376513651253129
6130	(-1, -1)	b'\xe0\xa4\xbc'	-10.377151067613816
6131	(-1, -1)	b' remain'	-10.040830656696986
6132	(-1, -1)	b'-M'	-10.709529675449835
6133	(-1, -1)	b'atory'	-10.378746388345675
6134	(-1, -1)	b'using'	-10.257692732784324
6135	(-1, -1)	b' calls'	-10.379491743222326
6136	(-1, -1)	b'\xe7\x9b\x91\xe7\xae\xa1'	-10.378639954414437
6137	(-1, -1)	b'\xe9\xbe\x84'	-11.388114562931609
6138	(-1, -1)	b'\xd0\xb8\xd0\xb9'	-10.582259508887326
6139	(-1, -1)	b'\xe8\xae\xbf\xe9\x97\xae'	-10.615553916482563
6140	(-1, -1)	b'Good'	-10.381197500565554
6141	(-1, -1)	b' Los'	-10.342580239422285
6142	(-1, -1)	b'\xe4\xb8\xad\xe5\xb0\x8f'	-10.385903391602968
6143	(-1, -1)	b'\xe8\xaa\x89'	-10.381944685315052
6144	(-1, -1)	b' \xe0\xa4\xaf'	-10.381944685315052
6145	(-1, -1)	b' student'	-10.382371898821496
6146	(-1, -1)	b'\xe8\xa9\xb9\xe5\xa7\x86\xe6\x96\xaf'	-10.382799294917328
6147	(-1, -1)	b'\xe9\x85\x8d\xe5\x90\x88'	-10.381090805446755
6148	(-1, -1)	b'\xe9\x96\x93'	-10.383013061485052
6149	(-1, -1)	b' Bank'	-10.249054181411461
6150	(-1, -1)	b' hy'	-9.889438539388829
6151	(-1, -1)	b'\xe5\xbe\x97\xe5\x88\x86'	-10.381624394915688
6152	(-1, -1)	b' \xd8\xa7\xd9\x88'	-10.323766444045855
6153	(-1, -1)	b'set'	-10.483220300523135
6154	(-1, -1)	b'\xe1\xba\xa1'	-10.382906172489172
6155	(-1, -1)	b'\xe0\xa4\xaf'	-9.59552794367464
6156	(-1, -1)	b' towards'	-10.384939019709314
6157	(-1, -1)	b'\xec\x9d\x98'	-10.285615755574218
6158	(-1, -1)	b' wall'	-10.209100177547459
6159	(-1, -1)	b'\xe6\xaf\x8f\xe5\xb9\xb4'	-10.28222739858829
6160	(-1, -1)	b' dan'	-9.5992799276108
6161	(-1, -1)	b'\xd0\xbe\xd0\xb4'	-10.109975376942865
6162	(-1, -1)	b'\xe9\xa2\x84\xe6\xb5\x8b'	-10.386117822824975
6163	(-1, -1)	b'\xe4\xb8\xad\xe5\x9b\xbd\xe7\x9a\x84'	-10.570844155974282
6164	(-1, -1)	b'\xe9\xaa\x97'	-10.665329189397243
6165	(-1, -1)	b'\xe7\xad\xbe\xe8\xaf\x81'	-10.385796193232279
6166	(-1, -1)	b'\xe6\xac\xa7\xe5\x85\x83\xe5\x8c\xba'	-10.386868694407585
6167	(-1, -1)	b'\xe8\x99\x9a'	-10.386976007816498
6168	(-1, -1)	b'\xe9\x80\xa0\xe5\x9e\x8b'	-10.385903391602968
6169	(-1, -1)	b'\xdb\x94'	-10.386976007816498
6170	(-1, -1)	b' Press'	-10.380664138773616
6171	(-1, -1)	b'\xe8\xbf\x88'	-10.387727524304712
6172	(-1, -1)	b' adding'	-10.387620130222022
6173	(-1, -1)	b' door'	-10.091516786524293
6174	(-1, -1)	b' \xe0\xb0\xaa'	-10.388909621051894
6175	(-1, -1)	b'\xe6\x8b\xbc'	-10.389017153715043
6176	(-1, -1)	b'\xe5\x8f\x91\xe8\xa1\xa8'	-10.410539723615885
6177	(-1, -1)	b' Maybe'	-10.379491743222326
6178	(-1, -1)	b'\xe5\xa7\x93'	-10.389339821101549
6179	(-1, -1)	b" you've"	-10.389339821101549
6180	(-1, -1)	b'\xed\x95\x9c'	-10.389554990548318
6181	(-1, -1)	b'pir'	-10.153965009232799
6182	(-1, -1)	b'\xe5\xa4\xa7\xe5\x9e\x8b'	-10.193059912056887
6183	(-1, -1)	b' stupid'	-10.383440731757794
6184	(-1, -1)	b' workers'	-10.390308448417233
6185	(-1, -1)	b'\xe0\xb7\x84'	-10.040602926783677
6186	(-1, -1)	b' British'	-10.390093116805721
6187	(-1, -1)	b' Bill'	-10.242438120377525
6188	(-1, -1)	b'\xe5\xad\x95'	-10.390631532798913
6189	(-1, -1)	b'\xe6\x9c\x89\xe4\xba\x86'	-10.434897264341194
6190	(-1, -1)	b' economy'	-10.390739250793308
6191	(-1, -1)	b' catch'	-10.192529642490772
6192	(-1, -1)	b' missed'	-10.39149360181782
6193	(-1, -1)	b' progress'	-10.390093116805721
6194	(-1, -1)	b'\xe0\xa8\xa6'	-10.344738402738756
6195	(-1, -1)	b' oo'	-10.333790321830815
6196	(-1, -1)	b'\xe9\x93\xbe'	-10.393004013152543
6197	(-1, -1)	b' becoming'	-10.393111987022971
6198	(-1, -1)	b'\xe6\x8a\xbd'	-10.39408427684191
6199	(-1, -1)	b' \xd0\x91'	-10.394624846615603
6200	(-1, -1)	b'\xe4\xbb\xaa'	-10.395057512928464
6201	(-1, -1)	b' san'	-10.81359043195593
6202	(-1, -1)	b'\xe7\x9a\x84\xe5\xbd\xb1\xe5\x93\x8d'	-10.228053363349698
6203	(-1, -1)	b'-time'	-10.355183712040626
6204	(-1, -1)	b' stream'	-10.396464972696343
6205	(-1, -1)	b'\xe9\x97\xaa'	-10.396790052614685
6206	(-1, -1)	b'\xd9\x88\xd8\xaf'	-10.44292308032651
6207	(-1, -1)	b'\xe7\xb1\x8d'	-10.396898436075475
6208	(-1, -1)	b'\xe5\x90\x8c\xe5\xad\xa6'	-10.387083332742815
6209	(-1, -1)	b'\xe5\x88\xa9\xe4\xba\x9a'	-10.397982917257568
6210	(-1, -1)	b'\xe3\x81\xa7'	-10.397982917257568
6211	(-1, -1)	b'kin'	-9.580419655813245
6212	(-1, -1)	b'2006'	-10.092076003634933
6213	(-1, -1)	b'\xe6\x96\xb9\xe4\xbe\xbf'	-10.393435978602025
6214	(-1, -1)	b'\xc2\xa0\xc2\xa0 '	-10.507015289393767
6215	(-1, -1)	b' gives'	-10.399394503354383
6216	(-1, -1)	b' details'	-10.399394503354383
6217	(-1, -1)	b' Kim'	-10.399177206526062
6218	(-1, -1)	b'\x95\xe1\x80'	-10.239840957244333
6219	(-1, -1)	b'\xe5\xbd\xb1\xe5\x83\x8f'	-10.400046677290543
6220	(-1, -1)	b'\xe6\xad\xbb\xe4\xba\xa1'	-10.400372923827067
6221	(-1, -1)	b'\xe6\x8e\xa5\xe8\xbf\x91'	-10.398525599205005
6222	(-1, -1)	b'\xe7\x9a\x84\xe9\x87\x8d\xe8\xa6\x81'	-10.25863621808877
6223	(-1, -1)	b' ign'	-10.400699276835132
6224	(-1, -1)	b' moved'	-10.400808084843508
6225	(-1, -1)	b'Ar'	-10.267739258380995
6226	(-1, -1)	b'isa'	-10.478975511694614
6227	(-1, -1)	b'\xe6\xa0\xb9\xe6\x9c\xac'	-10.40178789004954
6228	(-1, -1)	b'TS'	-10.224398054518701
6229	(-1, -1)	b'ification'	-10.152690636688725
6230	(-1, -1)	b'\xe7\xbe\x8a'	-10.402550625036124
6231	(-1, -1)	b' weird'	-10.388264667788647
6232	(-1, -1)	b'\xe0\xa9\x88'	-11.110854603165292
6233	(-1, -1)	b' investment'	-10.142889949926701
6234	(-1, -1)	b' King'	-10.185924889495125
6235	(-1, -1)	b'\xe6\x8e\xa8\xe8\xbf\x9b'	-10.398851349791522
6236	(-1, -1)	b'agon'	-10.457787291801433
6237	(-1, -1)	b' aim'	-10.403423035124172
6238	(-1, -1)	b' rock'	-10.22394207895109
6239	(-1, -1)	b'\xe0\xa6\x95'	-9.922204436451278
6240	(-1, -1)	b'mp'	-8.999099940537326
6241	(-1, -1)	b'\xe5\xb0\xb1\xe5\x8f\xaf\xe4\xbb\xa5'	-10.404951586573661
6242	(-1, -1)	b'\xe4\xbd\xa0\xe4\xbb\xac'	-10.383333797041336
6243	(-1, -1)	b' secret'	-10.308966173887645
6244	(-1, -1)	b'\xe6\x85\xa7'	-10.40560739597524
6245	(-1, -1)	b'Br'	-10.136687599978982
6246	(-1, -1)	b' considered'	-10.405826094718595
6247	(-1, -1)	b'\xe0\xa6\xb2'	-9.995705755625591
6248	(-1, -1)	b' pressure'	-10.289307589166027
6249	(-1, -1)	b'\xe7\x9f\xad\xe6\x9c\x9f'	-10.352173381226274
6250	(-1, -1)	b' dev'	-10.481331502889239
6251	(-1, -1)	b' finally'	-10.40659191719462
6252	(-1, -1)	b' calling'	-10.405935462028815
6253	(-1, -1)	b'58'	-10.03961669600162
6254	(-1, -1)	b'\xd0\xb0\xd0\xb9'	-10.1898825042645
6255	(-1, -1)	b'\xe3\x83\xbc'	-10.407358326604227
6256	(-1, -1)	b'\xe6\xa6\x82\xe5\xbf\xb5'	-10.407796538705893
6257	(-1, -1)	b' Matt'	-10.590775773918818
6258	(-1, -1)	b'\xe8\xbf\x98\xe8\xa6\x81'	-10.408454217124865
6259	(-1, -1)	b' management'	-10.406263635745045
6260	(-1, -1)	b'izing'	-10.461595940874197
6261	(-1, -1)	b' protest'	-10.170854261475077
6262	(-1, -1)	b' Every'	-10.409112328369414
6263	(-1, -1)	b' mix'	-10.29291541327347
6264	(-1, -1)	b'\xe8\xa1\x8c\xe7\x9a\x84'	-10.819692537144348
6265	(-1, -1)	b' trust'	-10.410539723615885
6266	(-1, -1)	b' Health'	-10.410539723615885
6267	(-1, -1)	b'\xe4\xbe\x9b\xe5\xba\x94'	-10.410649607688299
6268	(-1, -1)	b' ability'	-10.41075950383655
6269	(-1, -1)	b'\xe0\xb1\x80'	-10.41075950383655
6270	(-1, -1)	b'\xe6\x95\xb0\xe5\xad\x97'	-10.410649607688299
6271	(-1, -1)	b' tweet'	-10.208561336043626
6272	(-1, -1)	b' named'	-10.411089264762868
6273	(-1, -1)	b'\xe7\x9a\x84\xe6\x83\x85\xe5\x86\xb5\xe4\xb8\x8b'	-10.33878905705465
6274	(-1, -1)	b'\xe5\x9b\xb0\xe9\x9a\xbe'	-10.411529115220807
6275	(-1, -1)	b' Mor'	-10.043795874608081
6276	(-1, -1)	b'!!!'	-9.980509755459956
6277	(-1, -1)	b' includes'	-10.412079200497894
6278	(-1, -1)	b'\xe7\xa5\x9d'	-10.412519486691027
6279	(-1, -1)	b'\xe9\x87\x91\xe8\x9e\x8d\xe5\x8d\xb1\xe6\x9c\xba'	-10.412189253873892
6280	(-1, -1)	b'\xe6\x8f\x90\xe5\x89\x8d'	-10.413621051023611
6281	(-1, -1)	b'\xe4\xb8\xa4\xe5\x9b\xbd'	-10.40670136829745
6282	(-1, -1)	b'\xe5\xbd\xa2\xe8\xb1\xa1'	-10.413731274225707
6283	(-1, -1)	b'\xe6\x80\x81\xe5\xba\xa6'	-10.413841509578297
6284	(-1, -1)	b'\xe5\x91\x8a\xe8\xaf\x89\xe8\xae\xb0\xe8\x80\x85'	-10.41417228856582
6285	(-1, -1)	b'\xe6\x97\x85\xe6\xb8\xb8'	-10.414392868692445
6286	(-1, -1)	b'\xe6\xb5\xa6'	-10.739001061153743
6287	(-1, -1)	b' Sam'	-10.110789245303897
6288	(-1, -1)	b' September'	-10.41494453197118
6289	(-1, -1)	b'\xe5\x87\x8c'	-10.415386081818292
6290	(-1, -1)	b' \xe0\xa4\x95\xe0\xa5\x87'	-10.385903391602968
6291	(-1, -1)	b'friend'	-10.271843688330508
6292	(-1, -1)	b'ension'	-10.465303081357016
6293	(-1, -1)	b'\xe8\x90\xa5\xe9\x94\x80'	-10.41682246679538
6294	(-1, -1)	b'\xe5\xae\xb6\xe9\x95\xbf'	-10.411199209241019
6295	(-1, -1)	b'Any'	-10.420366998641105
6296	(-1, -1)	b' schools'	-10.417928783978692
6297	(-1, -1)	b' certainly'	-10.418150194363744
6298	(-1, -1)	b'\xe0\xb0\x95'	-9.90482548157469
6299	(-1, -1)	b'\xe8\xaf\xbe\xe7\xa8\x8b'	-10.418593162255814
6300	(-1, -1)	b' \xe1\x89\xa5'	-10.418593162255814
6301	(-1, -1)	b' sale'	-10.418039483043398
6302	(-1, -1)	b' ki'	-9.226834658579676
6303	(-1, -1)	b' choice'	-10.166368401640764
6304	(-1, -1)	b'\xe6\xb5\x99\xe6\xb1\x9f'	-10.419812336693335
6305	(-1, -1)	b'\xe6\xb7\xbb'	-10.419923244473628
6306	(-1, -1)	b' Com'	-9.766427215743866
6307	(-1, -1)	b"He's"	-10.420921968409498
6308	(-1, -1)	b'\xe7\xaa\x97'	-10.421699443874884
6309	(-1, -1)	b' various'	-10.421921690792123
6310	(-1, -1)	b'\xd1\x9e'	-10.047457485228994
6311	(-1, -1)	b'\xe5\xae\x8b'	-10.422477524278726
6312	(-1, -1)	b' yang'	-10.401352302544014
6313	(-1, -1)	b'\xe5\x8a\xa8\xe7\x89\xa9'	-10.406810831381133
6314	(-1, -1)	b' Cont'	-10.36405966442847
6315	(-1, -1)	b'\xe5\xaf\xb9\xe7\x84\xa6'	-10.598834473981539
6316	(-1, -1)	b' parts'	-10.423256210563135
6317	(-1, -1)	b' ge'	-10.165852094943123
6318	(-1, -1)	b' er'	-10.877055321596513
6319	(-1, -1)	b'\xe6\x9c\x80\xe4\xbd\x8e'	-10.423590118964034
6320	(-1, -1)	b' joke'	-10.13760714027366
6321	(-1, -1)	b'\xe6\x9c\xba\xe5\x85\xb3'	-10.419147148198741
6322	(-1, -1)	b' Australia'	-10.42381278652229
6323	(-1, -1)	b' foreign'	-10.424258270436553
6324	(-1, -1)	b'\xe5\x85\x85\xe6\xbb\xa1'	-10.424481086836762
6325	(-1, -1)	b'\xe7\x94\x9f\xe5\x91\xbd'	-10.388802099950773
6326	(-1, -1)	b' eyes'	-10.424258270436553
6327	(-1, -1)	b'\xe7\xbe\x8e\xe8\x81\x94\xe5\x82\xa8'	-10.425484375477856
6328	(-1, -1)	b'usion'	-10.536486970551469
6329	(-1, -1)	b'\xd1\x82\xd0\xbe'	-9.828127079322654
6330	(-1, -1)	b'\xe8\xb5\xab'	-10.426042193309021
6331	(-1, -1)	b'\xe5\xae\x8c\xe5\x96\x84'	-10.426153794224264
6332	(-1, -1)	b'\xd9\x8a\xd8\xa9'	-10.426265407595663
6333	(-1, -1)	b'\xe8\xb5\xb4'	-10.426488671718046
6334	(-1, -1)	b' confirmed'	-10.426600322474595
6335	(-1, -1)	b'\xe2\x80\x8d'	-10.426600322474595
6336	(-1, -1)	b' feet'	-10.424481086836762
6337	(-1, -1)	b'\xe9\x98\xbb'	-10.42727048892434
6338	(-1, -1)	b"There's"	-10.427382227010384
6339	(-1, -1)	b'\xe5\x8a\xab'	-10.638888535997914
6340	(-1, -1)	b' totally'	-10.427605740645644
6341	(-1, -1)	b'\xe5\x9b\xbd\xe5\x8a\xa1\xe9\x99\xa2'	-10.424815404553142
6342	(-1, -1)	b' injury'	-10.427829304250421
6343	(-1, -1)	b' Then'	-10.428276581457922
6344	(-1, -1)	b'\xe5\xbc\x80\xe5\xb1\x95'	-10.426711985698429
6345	(-1, -1)	b' numbers'	-10.429283687233193
6346	(-1, -1)	b'\xe5\xb0\xb1\xe5\x9c\xa8'	-10.63063879857313
6347	(-1, -1)	b'\xe6\x94\xb9\xe5\x96\x84'	-10.429955655004026
6348	(-1, -1)	b'ges'	-10.217851981502404
6349	(-1, -1)	b'\xe6\x84\x8f\xe4\xb9\x89'	-10.431076605687482
6350	(-1, -1)	b'\xe7\x8c\xab'	-10.43130094668674
6351	(-1, -1)	b' supposed'	-10.43130094668674
6352	(-1, -1)	b'\xe6\x96\xaf\xe7\x89\xb9'	-10.374391859665675
6353	(-1, -1)	b'\xe5\x88\x9a\xe5\x88\x9a'	-10.43163755258052
6354	(-1, -1)	b'rupt'	-10.266501693369886
6355	(-1, -1)	b'\xe6\x8c\xaf'	-10.432086536761371
6356	(-1, -1)	b'icted'	-10.67888823534839
6357	(-1, -1)	b'\xe6\x84\x9f\xe5\x88\xb0'	-10.418593162255814
6358	(-1, -1)	b'\xe1\x81'	-10.879686671242158
6359	(-1, -1)	b'\xe7\x94\xb5\xe8\x84\x91'	-10.432985110336379
6360	(-1, -1)	b'\xe5\x86\x85\xe5\x9c\xb0'	-10.429507626322696
6361	(-1, -1)	b' bed'	-10.351655273344626
6362	(-1, -1)	b'\xe5\x94\xb1'	-10.433322283702877
6363	(-1, -1)	b'\xe4\xb9\x9f\xe5\x9c\xa8'	-10.480270619899422
6364	(-1, -1)	b'\xe8\xb4\xb8\xe6\x98\x93'	-10.434334486454766
6365	(-1, -1)	b' driver'	-10.434334486454766
6366	(-1, -1)	b'\xe4\xb8\x8a\xe6\x98\xa0'	-10.433884492072101
6367	(-1, -1)	b' annual'	-10.295360521831867
6368	(-1, -1)	b'\xe9\x94\x81'	-10.435573016140756
6369	(-1, -1)	b' Ken'	-10.229152566538142
6370	(-1, -1)	b'\xe4\xb8\x8a\xe8\xbf\xb0'	-10.43029180829309
6371	(-1, -1)	b' built'	-10.436249224889616
6372	(-1, -1)	b'\xe7\xac\xac\xe4\xb8\x80\xe6\xac\xa1'	-10.436813081684933
6373	(-1, -1)	b'\xe7\xa0\x96'	-10.436700284888241
6374	(-1, -1)	b'\xe1\xbb\x87'	-10.437038713454843
6375	(-1, -1)	b'\xe7\xa5\x96'	-10.437490129781208
6376	(-1, -1)	b'\xe8\xb5\xa4'	-10.437490129781208
6377	(-1, -1)	b' conduct'	-10.399720537156108
6378	(-1, -1)	b'\xe5\xa7\x9a\xe6\x98\x8e'	-10.436023771163038
6379	(-1, -1)	b'but'	-9.87956897028048
6380	(-1, -1)	b'\xe8\xb4\xa1\xe7\x8c\xae'	-10.438732576431125
6381	(-1, -1)	b' French'	-10.4382805990223
6382	(-1, -1)	b' setting'	-10.438732576431125
6383	(-1, -1)	b' opening'	-10.3896625926359
6384	(-1, -1)	b' mostly'	-10.439297835617506
6385	(-1, -1)	b'\xe8\xb0\xb7'	-10.439410925807053
6386	(-1, -1)	b' spend'	-10.348139240766855
6387	(-1, -1)	b' \xe0\xae\x95'	-10.439410925807053
6388	(-1, -1)	b'ima'	-10.386654102132084
6389	(-1, -1)	b'\xe9\x87\x8d\xe5\xa4\xa7'	-10.348448982135292
6390	(-1, -1)	b' Jones'	-10.437941749976307
6391	(-1, -1)	b'07'	-9.90303793434112
6392	(-1, -1)	b'\xe1\xba\xa3'	-10.394841156372015
6393	(-1, -1)	b' finished'	-10.440542531676364
6394	(-1, -1)	b' cars'	-10.439750273132294
6395	(-1, -1)	b'\xe5\x81\xb7'	-10.441222110363748
6396	(-1, -1)	b' Tom'	-10.314440730933978
6397	(-1, -1)	b'\xe9\x9a\xbe\xe4\xbb\xa5'	-10.436023771163038
6398	(-1, -1)	b'\xe7\xae\xb1'	-10.44269611709358
6399	(-1, -1)	b' victory'	-10.443036581263016
6400	(-1, -1)	b' created'	-10.443377161387781
6401	(-1, -1)	b'\xe4\xb8\xad\xe5\xa5\x96'	-10.449070640671016
6402	(-1, -1)	b'\xe5\x93\x81\xe8\xb4\xa8'	-10.441675419528355
6403	(-1, -1)	b'\xe5\xb0\x8f\xe7\xbb\x84'	-10.410319991687953
6404	(-1, -1)	b' Google'	-10.431525338026175
6405	(-1, -1)	b'\xe7\x9a\x84\xe5\x90\x8c\xe6\x97\xb6'	-10.349378782295258
6406	(-1, -1)	b' die'	-10.13201936876043
6407	(-1, -1)	b'\xe9\xab\x94'	-10.44462694851859
6408	(-1, -1)	b' \xe1\x89\xb0'	-10.44553686668874
6409	(-1, -1)	b'\xe0\xa8\x95'	-10.319243141364447
6410	(-1, -1)	b' Get'	-10.406263635745045
6411	(-1, -1)	b' cell'	-10.446561515267032
6412	(-1, -1)	b'\xe6\x84\xbf\xe6\x84\x8f'	-10.44428594254768
6413	(-1, -1)	b'tr'	-9.155033570210525
6414	(-1, -1)	b' \xd0\x90'	-10.446675429945062
6415	(-1, -1)	b'\xe1\x88\xb0'	-10.446675429945062
6416	(-1, -1)	b' education'	-10.265075634279517
6417	(-1, -1)	b' fa'	-9.276557038612795
6418	(-1, -1)	b' throughout'	-10.447131218467081
6419	(-1, -1)	b'LC'	-10.259864081289079
6420	(-1, -1)	b'\xe6\xb8\xa0\xe9\x81\x93'	-10.447587214827012
6421	(-1, -1)	b' kept'	-10.447815291005444
6422	(-1, -1)	b'ora'	-10.761376811445045
6423	(-1, -1)	b' whatever'	-10.447131218467081
6424	(-1, -1)	b' doubt'	-10.314340925554385
6425	(-1, -1)	b'\xd0\xb8\xd0\xb7'	-10.123819546446658
6426	(-1, -1)	b' simple'	-10.359664052955432
6427	(-1, -1)	b'\xe6\xbe\xb3\xe5\xa4\xa7\xe5\x88\xa9\xe4\xba\x9a'	-10.4494132824424
6428	(-1, -1)	b' Texas'	-10.449184841550487
6429	(-1, -1)	b"I'd"	-10.449299055473288
6430	(-1, -1)	b'\xe0\xaa\xbe\xe0\xaa\xb0'	-10.552694373503499
6431	(-1, -1)	b' autom'	-10.786342557462794
6432	(-1, -1)	b'bit'	-9.769027095880658
6433	(-1, -1)	b'\xe5\x8a\x9b\xe9\x87\x8f'	-10.449870320841582
6434	(-1, -1)	b'\x81\xe1\x80'	-10.706127556940215
6435	(-1, -1)	b'\xe8\x80\x85\xe7\x9a\x84'	-10.54764066723273
6436	(-1, -1)	b'Now'	-10.45859397579793
6437	(-1, -1)	b' Cam'	-10.55408863192063
6438	(-1, -1)	b'\xe7\xa8\x8d'	-10.450556270336866
6439	(-1, -1)	b'\xe5\xa6\xb9'	-10.450556270336866
6440	(-1, -1)	b' worse'	-10.378001588609164
6441	(-1, -1)	b' ng'	-10.829333569267888
6442	(-1, -1)	b'\xe0\xa9\x81'	-10.452158651359593
6443	(-1, -1)	b'\xe4\xb8\x9a\xe4\xb8\xbb'	-10.449527522460803
6444	(-1, -1)	b'-C'	-10.620692534956811
6445	(-1, -1)	b' daughter'	-10.293697197736234
6446	(-1, -1)	b' \xe0\xaa\xb8'	-10.453419468765425
6447	(-1, -1)	b' actual'	-10.452387772680334
6448	(-1, -1)	b' waiting'	-10.45376360412873
6449	(-1, -1)	b' Council'	-10.428276581457922
6450	(-1, -1)	b' arm'	-9.840104749220686
6451	(-1, -1)	b'\xe5\xb9\xb4\xe5\xba\x95'	-10.34741688378792
6452	(-1, -1)	b' dude'	-10.34319638238694
6453	(-1, -1)	b' \xd0\x9a'	-10.455371136912616
6454	(-1, -1)	b' critic'	-10.25467954783033
6455	(-1, -1)	b' Angeles'	-10.455945882603476
6456	(-1, -1)	b' por'	-10.009442636841474
6457	(-1, -1)	b' \xd1\x98\xd0\xb5'	-10.431076605687482
6458	(-1, -1)	b'\xe8\xae\xbe\xe5\xa4\x87'	-10.456175873404858
6459	(-1, -1)	b' residents'	-10.456175873404858
6460	(-1, -1)	b'ura'	-10.151078759351398
6461	(-1, -1)	b' ten'	-10.043795874608081
6462	(-1, -1)	b' users'	-10.456866163354034
6463	(-1, -1)	b'\xe4\xb8\xbb\xe4\xb9\x89'	-10.456405917114177
6464	(-1, -1)	b'\xe5\xbd\xbb'	-10.457441769195059
6465	(-1, -1)	b' husband'	-10.424258270436553
6466	(-1, -1)	b' dark'	-10.452846172871721
6467	(-1, -1)	b'-10'	-10.411529115220807
6468	(-1, -1)	b'\xe5\x86\x92'	-10.459055230418654
6469	(-1, -1)	b' respect'	-9.988042882880022
6470	(-1, -1)	b'MA'	-9.821886618569012
6471	(-1, -1)	b'\xe9\x99\x90\xe5\x88\xb6'	-10.448613967526876
6472	(-1, -1)	b'\xe7\x9b\x97'	-10.460440272191315
6473	(-1, -1)	b'Hey'	-10.453304783290216
6474	(-1, -1)	b'board'	-10.184696819165342
6475	(-1, -1)	b'\xe5\xb0\xa4\xe5\x85\xb6\xe6\x98\xaf'	-10.321050007947177
6476	(-1, -1)	b'\xe5\x85\xac\xe5\xb8\x83\xe7\x9a\x84'	-10.741904708032225
6477	(-1, -1)	b' Green'	-10.377788890533282
6478	(-1, -1)	b' \xd8\xa7\xd9\x86'	-10.336439599924061
6479	(-1, -1)	b'\xe4\xbc\x9a\xe4\xb8\x8a'	-10.432198814311594
6480	(-1, -1)	b'\xe8\xbf\x99\xe4\xbd\x8d'	-10.462984508558543
6481	(-1, -1)	b'\xe5\x9b\xa2\xe9\x98\x9f'	-10.367106045270711
6482	(-1, -1)	b'\xe6\x8d\x95'	-10.753294703416593
6483	(-1, -1)	b' worst'	-10.462984508558543
6484	(-1, -1)	b'\xe8\x99\x8e'	-10.463563647973583
6485	(-1, -1)	b' counter'	-10.35768189175144
6486	(-1, -1)	b'\xe7\xa6\xbb\xe5\xbc\x80'	-10.462174276440603
6487	(-1, -1)	b' Brown'	-10.463911292684195
6488	(-1, -1)	b'ids'	-10.621913453510427
6489	(-1, -1)	b' Smith'	-10.456175873404858
6490	(-1, -1)	b' piece'	-10.060147522856647
6491	(-1, -1)	b' overall'	-10.464143122985453
6492	(-1, -1)	b'\xe4\xb9\x9f\xe5\x8f\xaf\xe4\xbb\xa5'	-10.464722933983316
6493	(-1, -1)	b' female'	-10.383013061485052
6494	(-1, -1)	b'More'	-10.462752946672595
6495	(-1, -1)	b'\xe0\xa7\x8b'	-10.465419151231211
6496	(-1, -1)	b' pun'	-10.081029680003978
6497	(-1, -1)	b'\xe6\x8a\xb1'	-10.464375007044463
6498	(-1, -1)	b' sports'	-10.465303081357016
6499	(-1, -1)	b' authorities'	-10.468092483444595
6500	(-1, -1)	b' \xe0\xa6\xaa'	-10.468092483444595
6501	(-1, -1)	b'\xd8\xb6'	-10.137021880443402
6502	(-1, -1)	b'\xec\x9d\x80'	-10.464838936535502
6503	(-1, -1)	b' Mal'	-10.64985553701264
6504	(-1, -1)	b'\xe5\x8a\xa0\xe6\x8b\xbf\xe5\xa4\xa7'	-10.374497842390591
6505	(-1, -1)	b' budget'	-10.403313942231465
6506	(-1, -1)	b'\xe6\x8d\xae\xe6\x82\x89'	-10.468907526861665
6507	(-1, -1)	b' \xd9\x81\xd9\x8a'	-10.468907526861665
6508	(-1, -1)	b'\xe4\xbd\x93\xe7\x8e\xb0'	-10.324471911447247
6509	(-1, -1)	b'\xe0\xab\x8d\xe0\xaa\xaf'	-10.46983981920282
6510	(-1, -1)	b'\xc3\xb9'	-10.356952611102356
6511	(-1, -1)	b' International'	-10.465999702771464
6512	(-1, -1)	b' \xc3\xa9'	-10.470772981524123
6513	(-1, -1)	b'\xe6\x9c\xba\xe5\x88\xb6'	-10.470889688065656
6514	(-1, -1)	b' male'	-10.367632222604609
6515	(-1, -1)	b'\xe7\x88\xb6\xe4\xba\xb2'	-10.47147342516705
6516	(-1, -1)	b'\xe4\xbb\x8e\xe8\x80\x8c'	-10.454911578080997
6517	(-1, -1)	b'\xe6\x98\xbe\xe5\xbe\x97'	-10.470422943599774
6518	(-1, -1)	b'\xe6\xad\xa3\xe6\x98\xaf'	-10.418925516992159
6519	(-1, -1)	b'\xe8\xbf\xab'	-10.472408113866948
6520	(-1, -1)	b' prevent'	-10.293892739387228
6521	(-1, -1)	b' dad'	-10.392032772586258
6522	(-1, -1)	b'\xe9\xbb\x8e'	-10.472875786037285
6523	(-1, -1)	b'\xe5\x87\xba\xe5\xb8\xad'	-10.472641922612459
6524	(-1, -1)	b' November'	-10.472992738262436
6525	(-1, -1)	b'\xe6\xb4\x9e'	-10.473226683754202
6526	(-1, -1)	b' additional'	-10.45376360412873
6527	(-1, -1)	b' \xda\xa9\xdb\x90'	-10.473343677027223
6528	(-1, -1)	b' shared'	-10.47346068398927
6529	(-1, -1)	b' girls'	-10.473226683754202
6530	(-1, -1)	b'\xe9\x82\xa3\xe4\xb8\xaa'	-10.428835959444203
6531	(-1, -1)	b'\xe6\x89\x8e'	-10.475334659707515
6532	(-1, -1)	b'\xe5\x86\xb3\xe8\xb5\x9b'	-10.475334659707515
6533	(-1, -1)	b'\xe0\xa4\xbf\xe0\xa4\x95'	-10.605355223681975
6534	(-1, -1)	b'\xe5\x8c\xbb\xe7\x96\x97'	-10.475451899874132
6535	(-1, -1)	b'\xe7\x83\x9f'	-10.475686421451192
6536	(-1, -1)	b' b\xe1\xbb\xa5'	-10.543992635009154
6537	(-1, -1)	b' Even'	-10.268406274461755
6538	(-1, -1)	b' album'	-10.473694738993265
6539	(-1, -1)	b' table'	-10.279717744761413
6540	(-1, -1)	b'\xe8\xb5\x96'	-10.476272966133383
6541	(-1, -1)	b' nine'	-10.426711985698429
6542	(-1, -1)	b'\xe6\x99\xae\xe9\x81\x8d'	-10.476390316365285
6543	(-1, -1)	b'\xe8\x96\xaa'	-10.47650768036988
6544	(-1, -1)	b' largest'	-10.476742449710082
6545	(-1, -1)	b'56'	-10.075119730175619
6546	(-1, -1)	b' Like'	-10.391817069393015
6547	(-1, -1)	b'ula'	-10.58867272372204
6548	(-1, -1)	b'\xe0\xaa\xb2'	-10.139281201098202
6549	(-1, -1)	b'\xe5\xa5\x8b'	-10.477447088611815
6550	(-1, -1)	b'\xe7\x82\xb9\xe8\xaf\x84'	-10.475100220602
6551	(-1, -1)	b'\xe4\xbd\x8e\xe4\xba\x8e'	-10.477917123873112
6552	(-1, -1)	b'\xe7\x9b\x88\xe5\x88\xa9'	-10.47685985505216
6553	(-1, -1)	b'03'	-9.918368501871154
6554	(-1, -1)	b' related'	-10.478622591274505
6555	(-1, -1)	b' 2012'	-10.478269795363278
6556	(-1, -1)	b'\xe0\xb6\xad\xe0\xb7\x8a'	-10.471940660311631
6557	(-1, -1)	b'\xe9\xa3\x9f\xe5\x93\x81'	-10.47932855671152
6558	(-1, -1)	b'\xe6\x98\xaf\xe4\xb8\xaa'	-10.49212190817143
6559	(-1, -1)	b'\xe5\xb9\xbf\xe5\x91\x8a'	-10.479799477370094
6560	(-1, -1)	b'\xe8\xba\xab\xe4\xb8\x8a'	-10.349688907898612
6561	(-1, -1)	b'Ok'	-10.661932639287832
6562	(-1, -1)	b' options'	-10.480035020887847
6563	(-1, -1)	b' snow'	-10.440429313448108
6564	(-1, -1)	b'\xe5\x8d\x9a\xe5\xae\xa2'	-10.744203031268702
6565	(-1, -1)	b' Chinese'	-10.480624122524913
6566	(-1, -1)	b' addition'	-10.440655762724438
6567	(-1, -1)	b'\xe6\x96\xb9\xe9\x9d\xa2\xe7\x9a\x84'	-10.523486106446668
6568	(-1, -1)	b'SP'	-10.848558444670722
6569	(-1, -1)	b' qual'	-10.478034667217356
6570	(-1, -1)	b'\xe5\x8f\xaf\xe8\x83\xbd\xe4\xbc\x9a'	-10.331249540952813
6571	(-1, -1)	b' Port'	-10.31603897320806
6572	(-1, -1)	b'\xe6\x95\x99\xe7\xbb\x83'	-10.482984005626005
6573	(-1, -1)	b'79'	-10.268120355946584
6574	(-1, -1)	b'\xd8\xb1\xd9\x88'	-10.140538588413369
6575	(-1, -1)	b'do'	-8.55586374902877
6576	(-1, -1)	b' skin'	-10.292720062618423
6577	(-1, -1)	b'\xe6\x9c\xac\xe6\x9c\x9f'	-10.445081804109783
6578	(-1, -1)	b' plus'	-10.448956452831897
6579	(-1, -1)	b' executive'	-10.280103435634963
6580	(-1, -1)	b'\xe7\x9a\x84\xe6\xaf\x94\xe8\xb5\x9b'	-10.249989547675524
6581	(-1, -1)	b' Play'	-10.454222635580445
6582	(-1, -1)	b'\xe8\xae\xb0\xe5\xbd\x95'	-10.484520921457294
6583	(-1, -1)	b' charged'	-10.484639243648758
6584	(-1, -1)	b'~~'	-10.551681586988266
6585	(-1, -1)	b'\xe5\x8f\x91\xe5\xb1\x95\xe7\x9a\x84'	-10.433209879948473
6586	(-1, -1)	b'\xe6\x91\x84\xe5\xbd\xb1'	-10.48546789122503
6587	(-1, -1)	b'06'	-10.00635734827051
6588	(-1, -1)	b'\xe5\x8c\xbb\xe7\x94\x9f'	-10.48546789122503
6589	(-1, -1)	b'onn'	-10.728375581708262
6590	(-1, -1)	b' EU'	-10.39408427684191
6591	(-1, -1)	b' \xd8\xa7\xd9\x84\xd9\x85'	-10.486297226027615
6592	(-1, -1)	b'\xe8\xaf\xb8'	-10.486534305213173
6593	(-1, -1)	b'\xe6\x80\xbb\xe7\xbb\x8f\xe7\x90\x86'	-10.48712724919734
6594	(-1, -1)	b' Israel'	-10.486178707508957
6595	(-1, -1)	b'\xe9\x9b\xbb'	-10.91090854541601
6596	(-1, -1)	b'ander'	-10.031009621348874
6597	(-1, -1)	b' Republican'	-10.487245880195758
6598	(-1, -1)	b' remains'	-10.489145892642428
6599	(-1, -1)	b'\xe5\xba\xa6\xe7\x9a\x84'	-10.995385984398222
6600	(-1, -1)	b' sens'	-10.545123359421353
6601	(-1, -1)	b'lay'	-10.33940286781561
6602	(-1, -1)	b' beautiful'	-10.41682246679538
6603	(-1, -1)	b'\xe6\x9c\x80\xe5\xa5\xbd'	-10.517843304427787
6604	(-1, -1)	b'\xe6\xb2\xbf'	-10.490692315361835
6605	(-1, -1)	b' 35'	-10.491049522009678
6606	(-1, -1)	b'42'	-9.919040409441955
6607	(-1, -1)	b' glad'	-10.487008632270566
6608	(-1, -1)	b' places'	-10.492002697346946
6609	(-1, -1)	b'\xe4\xbe\xa6'	-10.492241133208829
6610	(-1, -1)	b' damn'	-10.393868130726297
6611	(-1, -1)	b'\xed\x95\x98'	-10.492598893632417
6612	(-1, -1)	b'\xd0\xb8\xd1\x85'	-10.730794328163356
6613	(-1, -1)	b' \xd9\x85\xdb\x8c\xda\xba'	-10.492956782094335
6614	(-1, -1)	b' prison'	-10.418150194363744
6615	(-1, -1)	b'43'	-9.97573239245739
6616	(-1, -1)	b' trip'	-10.051976661086893
6617	(-1, -1)	b'-A'	-10.932525067640874
6618	(-1, -1)	b'\xe5\x81\x9a\xe5\xa5\xbd'	-10.480741984508668
6619	(-1, -1)	b' continued'	-10.494748148191096
6620	(-1, -1)	b' weight'	-10.43287274447301
6621	(-1, -1)	b' accused'	-10.494748148191096
6622	(-1, -1)	b'\xe5\x9c\xb0\xe9\x9c\x87'	-10.49403121662735
6623	(-1, -1)	b'\xe5\x8f\x98\xe5\xbe\x97'	-10.49570485718538
6624	(-1, -1)	b'Because'	-10.495944177516785
6625	(-1, -1)	b' laugh'	-10.309462624277627
6626	(-1, -1)	b'gb'	-10.150485564130411
6627	(-1, -1)	b' plays'	-10.497141639041743
6628	(-1, -1)	b'\xe8\xb5\x84\xe6\xa0\xbc'	-10.497501157291167
6629	(-1, -1)	b'800'	-9.806994400732865
6630	(-1, -1)	b' bod'	-10.51527779083445
6631	(-1, -1)	b' agency'	-10.49762102543635
6632	(-1, -1)	b' rates'	-10.497980716106255
6633	(-1, -1)	b' families'	-10.4981006417525
6634	(-1, -1)	b' \xd0\xb4\xd0\xb0'	-10.195626853054796
6635	(-1, -1)	b'\xe7\x93\xb6'	-10.498460505008346
6636	(-1, -1)	b' style'	-10.350826858675731
6637	(-1, -1)	b' Dis'	-10.322658856961878
6638	(-1, -1)	b'\xe5\x8a\xa0\xe5\xa4\xa7'	-10.480741984508668
6639	(-1, -1)	b'erry'	-10.094636414699252
6640	(-1, -1)	b'\xe6\xa8\xaa'	-10.499781112679717
6641	(-1, -1)	b'\xe6\x8d\xae\xe4\xba\x86\xe8\xa7\xa3'	-10.500021410650355
6642	(-1, -1)	b'\xe9\x82\xbb'	-10.50014158129281
6643	(-1, -1)	b' gar'	-9.960554380563472
6644	(-1, -1)	b'\xe5\xbe\x80\xe5\xbe\x80'	-10.500261766377987
6645	(-1, -1)	b'\xe4\xba\x8e\xe6\x98\xaf'	-10.471356650483667
6646	(-1, -1)	b'\xe5\x8d\x8e\xe5\xa4\x8f'	-10.499420773957421
6647	(-1, -1)	b'\xd0\xb5\xd0\xbc'	-10.90873620567686
6648	(-1, -1)	b'\xe6\xaf\x8d\xe4\xba\xb2'	-10.501103466662153
6649	(-1, -1)	b'\xe7\xa0\x94\xe5\x8f\x91'	-10.472174359775186
6650	(-1, -1)	b'ca'	-9.016719637007999
6651	(-1, -1)	b'\xe8\x80\x97'	-10.50230712593121
6652	(-1, -1)	b' levels'	-10.50230712593121
6653	(-1, -1)	b'\xe5\xbd\x93\xe5\xa4\xa9'	-10.507015289393767
6654	(-1, -1)	b'UT'	-10.57110215391173
6655	(-1, -1)	b'\xe6\x8b\x86'	-10.503391659386914
6656	(-1, -1)	b' para'	-9.766196442074117
6657	(-1, -1)	b' McC'	-10.499660985344596
6658	(-1, -1)	b'\xe7\x82\xb9\xe5\x87\xbb'	-10.666322026866219
6659	(-1, -1)	b' platform'	-10.504235999344198
6660	(-1, -1)	b'\xe5\xbe\x84'	-10.504598077677766
6661	(-1, -1)	b' increasing'	-10.504718799594977
6662	(-1, -1)	b'\xe5\x8f\x8a\xe6\x97\xb6'	-10.504839536087728
6663	(-1, -1)	b' People'	-10.452387772680334
6664	(-1, -1)	b'ji'	-9.13599305452228
6665	(-1, -1)	b' playoff'	-10.505805953171883
6666	(-1, -1)	b' items'	-10.505926821003058
6667	(-1, -1)	b' \xc3\xa7'	-10.506289512175504
6668	(-1, -1)	b'\xe1\xbb\x91'	-10.506652334940565
6669	(-1, -1)	b'\xe5\xba\x94\xe5\xaf\xb9'	-10.51040923204556
6670	(-1, -1)	b'\xe4\xba\xba\xe6\x95\xb0'	-10.38912469794271
6671	(-1, -1)	b' judge'	-10.137189062588739
6672	(-1, -1)	b'ici'	-10.687257692572638
6673	(-1, -1)	b'\xe9\x81\xad\xe9\x81\x87'	-10.507378375630735
6674	(-1, -1)	b'ading'	-10.610173220154037
6675	(-1, -1)	b'\xe7\xba\xb9'	-10.509195786926396
6676	(-1, -1)	b'\xe5\xbf\x98'	-10.509559665880014
6677	(-1, -1)	b'\xe7\x90\x83\xe8\xbf\xb7'	-10.508226089880713
6678	(-1, -1)	b'\xe4\xb8\x8d\xe5\x86\x8d'	-10.4598629383031
6679	(-1, -1)	b'\xe0\xa6\xa4'	-10.190764105308991
6680	(-1, -1)	b' feels'	-10.510166425197214
6681	(-1, -1)	b' cry'	-10.510773552894815
6682	(-1, -1)	b'\xe4\xb9\x9f\xe8\xae\xb8'	-10.509923677289724
6683	(-1, -1)	b" we've"	-10.51065209786339
6684	(-1, -1)	b'\xe5\xbe\x92'	-10.77267636669898
6685	(-1, -1)	b'berg'	-10.324169507332247
6686	(-1, -1)	b' unless'	-10.510773552894815
6687	(-1, -1)	b'\xe8\xa7\xa3\xe9\x87\x8a'	-10.498580488210843
6688	(-1, -1)	b' failed'	-10.510895022679355
6689	(-1, -1)	b'\xe7\xbb\x99\xe4\xba\x88'	-10.511016507220598
6690	(-1, -1)	b' launch'	-10.323162153565184
6691	(-1, -1)	b' pair'	-10.326187264271873
6692	(-1, -1)	b'\xe5\xa5\x96\xe9\x87\x91'	-10.534121873289171
6693	(-1, -1)	b' Phil'	-10.482865879112373
6694	(-1, -1)	b'\xe5\xb9\xbf\xe5\xa4\xa7'	-10.457096365933321
6695	(-1, -1)	b' dream'	-10.511745724559669
6696	(-1, -1)	b'\xe8\xbf\x98\xe5\x9c\xa8'	-10.5222566988662
6697	(-1, -1)	b' effective'	-10.428612170699845
6698	(-1, -1)	b'gers'	-9.94374142373451
6699	(-1, -1)	b' followed'	-10.512718842262053
6700	(-1, -1)	b'\xe7\x95\x85'	-10.513084005676737
6701	(-1, -1)	b'oom'	-10.8470271810793
6702	(-1, -1)	b'\xd1\x83\xd1\x80'	-10.508347250600556
6703	(-1, -1)	b' raised'	-10.51430218100097
6704	(-1, -1)	b'\xe5\x85\x8d\xe8\xb4\xb9'	-10.511745724559669
6705	(-1, -1)	b' attract'	-10.471823831057453
6706	(-1, -1)	b' crazy'	-10.51405842719111
6707	(-1, -1)	b' na-'	-10.513936572563528
6708	(-1, -1)	b' las'	-10.666747830577144
6709	(-1, -1)	b'\xe5\xa5\xb3\xe5\xad\xa9'	-10.498460505008346
6710	(-1, -1)	b' sunny'	-10.515521842086425
6711	(-1, -1)	b'\xe7\x9a\x84\xe5\xa4\x96'	-10.87775633809911
6712	(-1, -1)	b'\xe5\xa2\x9e\xe5\xbc\xba'	-10.517109628679542
6713	(-1, -1)	b' hearing'	-10.434559559604489
6714	(-1, -1)	b'\xe5\x88\x86\xe6\x9e\x90\xe5\xb8\x88'	-10.512962269721873
6715	(-1, -1)	b'\xe9\xab\x98\xe4\xb8\xad'	-10.3952739163052
6716	(-1, -1)	b' murder'	-10.219484486853176
6717	(-1, -1)	b'-year'	-10.517354127458267
6718	(-1, -1)	b'\xe6\x9c\xac\xe6\x8a\xa5\xe8\xae\xaf'	-10.519189776263506
6719	(-1, -1)	b' rare'	-10.499060565032352
6720	(-1, -1)	b' blue'	-10.33746042483917
6721	(-1, -1)	b'\xe7\x9f\xa5\xe5\x90\x8d'	-10.416490810167499
6722	(-1, -1)	b' prefer'	-10.236603960198204
6723	(-1, -1)	b'\xe5\x89\x82'	-10.519802408764441
6724	(-1, -1)	b'\xe0\xa4\xa1'	-10.101308197013399
6725	(-1, -1)	b' Obama'	-10.410649607688299
6726	(-1, -1)	b' increased'	-10.520170168498895
6727	(-1, -1)	b'.C'	-10.545626314291757
6728	(-1, -1)	b' RE'	-10.744356440795734
6729	(-1, -1)	b'\xe6\xb6\x82\xe6\x96\x99'	-10.52066072529068
6730	(-1, -1)	b' revenue'	-10.31155041148526
6731	(-1, -1)	b'\xe9\xab\x98\xe7\xab\xaf'	-10.37111195406435
6732	(-1, -1)	b'\xe4\xb8\x80\xe6\x97\xa6'	-10.495465594114494
6733	(-1, -1)	b' heavy'	-10.519557310723998
6734	(-1, -1)	b'\xe4\xb8\x8a\xe5\x8d\x8a\xe5\xb9\xb4'	-10.423367500975582
6735	(-1, -1)	b' 500'	-10.524101377492965
6736	(-1, -1)	b' required'	-10.52176535872611
6737	(-1, -1)	b'\xe7\xbb\x9f\xe4\xb8\x80'	-10.507136303492057
6738	(-1, -1)	b'\xe5\x8e\x9f\xe6\xb2\xb9'	-10.522133841196656
6739	(-1, -1)	b'west'	-10.29575229460867
6740	(-1, -1)	b'\xe8\xb0\x8b'	-10.522625362464845
6741	(-1, -1)	b' \xd2\x9b'	-10.522748280540103
6742	(-1, -1)	b'\xe6\x8d\xb7'	-10.523609130374977
6743	(-1, -1)	b'\xe6\x88\xbf\xe4\xba\xa7'	-10.524101377492965
6744	(-1, -1)	b'\xe6\x83\x85\xe7\xbb\xaa'	-10.523609130374977
6745	(-1, -1)	b'\xe5\x8d\x97\xe4\xba\xac'	-10.524224477142287
6746	(-1, -1)	b' \xe1\x88\x9d'	-10.524224477142287
6747	(-1, -1)	b' efforts'	-10.524593867037517
6748	(-1, -1)	b' mer'	-10.426153794224264
6749	(-1, -1)	b'that'	-10.389017153715043
6750	(-1, -1)	b' More'	-10.546255363818696
6751	(-1, -1)	b'\xe5\x9c\xba\xe6\x99\xaf'	-10.520906093958333
6752	(-1, -1)	b'\xe6\x98\x8e\xe5\xb9\xb4'	-10.456290888644503
6753	(-1, -1)	b' Sal'	-10.125222823741609
6754	(-1, -1)	b'FC'	-10.092155917328185
6755	(-1, -1)	b'57'	-10.078740355933263
6756	(-1, -1)	b' advice'	-10.519189776263506
6757	(-1, -1)	b'lor'	-10.095999304235583
6758	(-1, -1)	b' putting'	-10.526196135205534
6759	(-1, -1)	b'ship'	-9.310719506398113
6760	(-1, -1)	b'\xe8\xbe\x83\xe5\xa4\xa7'	-10.145078318782529
6761	(-1, -1)	b' avoid'	-10.310555683461331
6762	(-1, -1)	b'04'	-9.954686393065547
6763	(-1, -1)	b' Great'	-10.527553908665993
6764	(-1, -1)	b' signed'	-10.527553908665993
6765	(-1, -1)	b' Star'	-10.057596599662984
6766	(-1, -1)	b'\xe6\x97\xb6\xe6\x9c\x9f'	-10.346488905167941
6767	(-1, -1)	b'\xe6\x9c\xac\xe8\xba\xab'	-10.527306903601135
6768	(-1, -1)	b' treatment'	-10.376938550345988
6769	(-1, -1)	b'Every'	-10.528666187097418
6770	(-1, -1)	b'\xe8\x80\x90'	-10.528789849992524
6771	(-1, -1)	b' opened'	-10.529160930459396
6772	(-1, -1)	b'\xe7\x89\xb9\xe6\xae\x8a'	-10.529284654554822
6773	(-1, -1)	b'\xe6\x95\x99\xe6\x8e\x88'	-10.529408393959793
6774	(-1, -1)	b'ena'	-10.746506648965594
6775	(-1, -1)	b'\xe8\x87\xaa\xe8\xba\xab'	-10.5281716883854
6776	(-1, -1)	b' seriously'	-10.530274998780355
6777	(-1, -1)	b' peace'	-10.521642561402937
6778	(-1, -1)	b'\xe6\x9c\x89\xe7\x9d\x80'	-10.523486106446668
6779	(-1, -1)	b'\xd8\xa7\xd8\xa6'	-10.520292785138126
6780	(-1, -1)	b'\xe9\x87\x8c\xe9\x9d\xa2'	-10.322457609225236
6781	(-1, -1)	b' conditions'	-10.530646630868869
6782	(-1, -1)	b'\xe9\xbb\x91\xe8\x89\xb2'	-10.376088932622832
6783	(-1, -1)	b'\xe5\x9c\xa8\xe8\xbf\x99'	-10.441675419528355
6784	(-1, -1)	b' Chief'	-10.525333056426849
6785	(-1, -1)	b'ipe'	-9.899472397384452
6786	(-1, -1)	b' cancer'	-10.475569153787616
6787	(-1, -1)	b'\xe5\x91\x88\xe7\x8e\xb0'	-10.49331479868626
6788	(-1, -1)	b'\xe8\xb6\xb3\xe7\x90\x83'	-10.52780097475743
6789	(-1, -1)	b'02'	-9.86692073258043
6790	(-1, -1)	b'\xe5\x90\x84\xe5\x9c\xb0'	-10.526196135205534
6791	(-1, -1)	b'\xe5\x85\xa7'	-10.532382742416045
6792	(-1, -1)	b'\xe6\x8c\x81\xe6\x9c\x89'	-10.1624168459448
6793	(-1, -1)	b' Bel'	-10.242902610143876
6794	(-1, -1)	b'cel'	-10.66094414806846
6795	(-1, -1)	b'\xe6\x9d\xbf\xe5\x9d\x97'	-10.530894462344735
6796	(-1, -1)	b'\xe6\xb4\xaa'	-10.533376161099508
6797	(-1, -1)	b'\xe4\xb8\x80\xe5\xae\x9a\xe8\xa6\x81'	-10.504115335693976
6798	(-1, -1)	b' NFL'	-10.533624670047107
6799	(-1, -1)	b'\xe8\x87\xb3\xe4\xba\x8e'	-10.52520982024455
6800	(-1, -1)	b'\xe6\x97\x81'	-10.534121873289171
6801	(-1, -1)	b'96'	-9.973884619918298
6802	(-1, -1)	b"I'll"	-10.534246212736022
6803	(-1, -1)	b" hasn't"	-10.534370567645091
6804	(-1, -1)	b'\xd8\xa3'	-10.534494938020229
6805	(-1, -1)	b' \xe1\x8a\x90'	-10.534743725184095
6806	(-1, -1)	b'\xe0\xa4\xbe\xe0\xa4\xa4'	-10.61717378724714
6807	(-1, -1)	b' anyway'	-10.282614058815437
6808	(-1, -1)	b' approach'	-10.24541458988036
6809	(-1, -1)	b' notice'	-10.46914051847502
6810	(-1, -1)	b'\xe5\xb0\xb1\xe8\x83\xbd'	-10.536860918826317
6811	(-1, -1)	b'\xe8\xae\xbe\xe8\xae\xa1\xe5\xb8\x88'	-10.536860918826317
6812	(-1, -1)	b' TO'	-10.45663601375578
6813	(-1, -1)	b'\xe7\xb6\x93'	-10.536736253863243
6814	(-1, -1)	b'\xe5\xa4\xa7\xe7\x9b\x98'	-10.499901254447146
6815	(-1, -1)	b' Scott'	-10.479093179518484
6816	(-1, -1)	b'\xe4\xbb\xbd\xe9\xa2\x9d'	-10.536237749366379
6817	(-1, -1)	b' absolutely'	-10.538108423978125
6818	(-1, -1)	b'\xe0\xb6\x9a\xe0\xb7\x8a'	-10.424592513657313
6819	(-1, -1)	b' legisl'	-10.53350040785372
6820	(-1, -1)	b"o's"	-11.006690021475002
6821	(-1, -1)	b'\xe7\x9a\x84\xe5\xad\xa6\xe7\x94\x9f'	-10.399937952093373
6822	(-1, -1)	b' claims'	-10.539482479531268
6823	(-1, -1)	b'\xe0\xa4\xbe\xe0\xa4\x82'	-10.722654397780062
6824	(-1, -1)	b'wan'	-9.828311213127071
6825	(-1, -1)	b" Don't"	-10.540357862567221
6826	(-1, -1)	b' Your'	-10.536362352195024
6827	(-1, -1)	b' \xe0\xb0\x95'	-10.583564992101456
6828	(-1, -1)	b'97'	-9.97267830435601
6829	(-1, -1)	b'\xe7\xa7\xb0\xe4\xb8\xba'	-10.606691229224717
6830	(-1, -1)	b'TA'	-10.089920744369191
6831	(-1, -1)	b' injured'	-10.541234012570074
6832	(-1, -1)	b'\xe8\xb4\xad\xe6\x88\xbf'	-10.54211093088496
6833	(-1, -1)	b'\xe7\x8b\xac\xe7\xab\x8b'	-10.542236267727889
6834	(-1, -1)	b'\xe7\x9b\xb8\xe5\x90\x8c'	-10.538732760640722
6835	(-1, -1)	b'\xe4\xb8\x8b\xe6\xbb\x91'	-10.54211093088496
6836	(-1, -1)	b'\xe5\xb0\xbc\xe4\xba\x9a'	-10.542863187690745
6837	(-1, -1)	b' teacher'	-10.542737772251941
6838	(-1, -1)	b' \xe0\xa8\xaa'	-10.542863187690745
6839	(-1, -1)	b'\xe6\xb2\xaa\xe6\xb7\xb1'	-11.034803916761293
6840	(-1, -1)	b'\xe8\x81\x8a'	-10.543867077849091
6841	(-1, -1)	b'\xc3\xbcn'	-10.56582645487087
6842	(-1, -1)	b' imagine'	-10.437377256594115
6843	(-1, -1)	b' stick'	-10.259580594398448
6844	(-1, -1)	b'\xe5\x84\xbf\xe7\xab\xa5'	-10.534868141980523
6845	(-1, -1)	b'\xe7\x94\x9c'	-10.545500551856831
6846	(-1, -1)	b' Mag'	-10.70730959017477
6847	(-1, -1)	b'sp'	-9.452310381005715
6848	(-1, -1)	b'\xc4\x87'	-10.373438520257631
6849	(-1, -1)	b' welcome'	-10.304805692403384
6850	(-1, -1)	b'\xe0\xae\xb2'	-10.397006831284513
6851	(-1, -1)	b' \xe0\xa4\x89'	-10.54612952225306
6852	(-1, -1)	b' easily'	-10.546255363818696
6853	(-1, -1)	b' leaving'	-10.546255363818696
6854	(-1, -1)	b'\xe5\xa6\xbb\xe5\xad\x90'	-10.54688480929803
6855	(-1, -1)	b' Ac'	-10.743129823039975
6856	(-1, -1)	b'\xe1\x88\x89'	-10.541359239544128
6857	(-1, -1)	b'\xe0\xb7\x92\xe0\xb6\xba'	-10.64054668201829
6858	(-1, -1)	b'\xe4\xb8\xa5\xe6\xa0\xbc'	-10.547514651228532
6859	(-1, -1)	b'\xe6\xac\xa7\xe7\x9b\x9f'	-10.547514651228532
6860	(-1, -1)	b'\xe4\xb8\xbb\xe5\x8a\xa8'	-10.476742449710082
6861	(-1, -1)	b'\xe5\xb1\xb1\xe4\xb8\x9c'	-10.548649367356084
6862	(-1, -1)	b' receive'	-10.10965001497481
6863	(-1, -1)	b' Hill'	-10.279621345281896
6864	(-1, -1)	b' les'	-10.548397096920842
6865	(-1, -1)	b' Islam'	-10.545752092544863
6866	(-1, -1)	b'\xe5\x85\x83\xe7\x9a\x84'	-10.806055588772814
6867	(-1, -1)	b'\xe7\x94\xb7\xe4\xba\xba'	-10.427605740645644
6868	(-1, -1)	b' updates'	-10.549785372527165
6869	(-1, -1)	b'\xe7\x89\xb9\xe5\x88\xab\xe6\x98\xaf'	-10.403750385228028
6870	(-1, -1)	b'\xe4\xb8\xa4\xe5\xb9\xb4'	-10.330742158527801
6871	(-1, -1)	b'isi'	-10.241138695654122
6872	(-1, -1)	b' train'	-10.159677118203682
6873	(-1, -1)	b'\xe0\xb9\x84'	-10.777105352110311
6874	(-1, -1)	b'\xe5\xa6\x99'	-10.550922669673824
6875	(-1, -1)	b' closed'	-10.551808129221905
6876	(-1, -1)	b'\xe5\x8d\xa2'	-10.551808129221905
6877	(-1, -1)	b'\xe5\x94\xae\xe4\xbb\xb7'	-10.54877552644286
6878	(-1, -1)	b' color'	-10.150146753352987
6879	(-1, -1)	b'tain'	-9.098285719683117
6880	(-1, -1)	b'\xe5\xb1\x85\xe4\xbd\x8f'	-10.543490500928806
6881	(-1, -1)	b'\xe7\xb1\xbb\xe4\xbc\xbc'	-10.551934687470508
6882	(-1, -1)	b' literally'	-10.551934687470508
6883	(-1, -1)	b'\xe7\xba\xb7\xe7\xba\xb7'	-10.552187852028823
6884	(-1, -1)	b'HD'	-10.510773552894815
6885	(-1, -1)	b'\xe4\xbb\x85\xe4\xb8\xba'	-11.05804629939238
6886	(-1, -1)	b' Commission'	-10.548270985564347
6887	(-1, -1)	b'\xe4\xb9\x8b\xe9\x97\xb4\xe7\x9a\x84'	-10.503391659386914
6888	(-1, -1)	b'\xe9\x87\x91\xe9\xa2\x9d'	-10.52447072191083
6889	(-1, -1)	b' employees'	-10.553834985755667
6890	(-1, -1)	b'\xe9\x87\x8d\xe5\xba\x86'	-10.554342342438291
6891	(-1, -1)	b'\xe5\xbc\x95\xe5\x8f\x91'	-10.550922669673824
6892	(-1, -1)	b'\xe8\x88\x8d'	-10.555103860434224
6893	(-1, -1)	b'\xe0\xb1\x86'	-10.555103860434224
6894	(-1, -1)	b'\xe6\x9b\xb4\xe4\xb8\xba'	-10.546003696521533
6895	(-1, -1)	b' easier'	-10.555738902050791
6896	(-1, -1)	b' cold'	-10.555738902050791
6897	(-1, -1)	b'\xe9\x83\xa8\xe7\x9a\x84'	-10.960505486555382
6898	(-1, -1)	b'\xe5\x90\xaf\xe5\x8a\xa8'	-10.555484837008773
6899	(-1, -1)	b' Johnson'	-10.55358140391077
6900	(-1, -1)	b'\xe4\xb8\x96\xe7\x95\x8c\xe6\x9d\xaf'	-10.556374347201485
6901	(-1, -1)	b'\xd8\xa6'	-10.565184976883641
6902	(-1, -1)	b'\xe9\x87\x8d\xe8\xa7\x86'	-10.558155744796888
6903	(-1, -1)	b'Ah'	-10.004598590672206
6904	(-1, -1)	b'\xe0\xa9\x82'	-11.151741156357874
6905	(-1, -1)	b' rap'	-9.991288819296539
6906	(-1, -1)	b'\xe5\x88\x8a'	-10.55777374950352
6907	(-1, -1)	b'\xe7\xba\xaa\xe5\xbd\x95'	-10.55777374950352
6908	(-1, -1)	b'\xe8\xb4\xaf'	-10.558410489416787
6909	(-1, -1)	b'\xe6\x83\xb3\xe8\xa6\x81'	-10.561344726388402
6910	(-1, -1)	b'RA'	-9.861702776102444
6911	(-1, -1)	b'aries'	-10.474280116285636
6912	(-1, -1)	b'\xe4\xb8\xbe\xe5\x8a\x9e'	-10.554596117341315
6913	(-1, -1)	b' loved'	-10.559430117340964
6914	(-1, -1)	b'\xe5\xad\x94'	-10.560067913140376
6915	(-1, -1)	b' rule'	-10.183645386491593
6916	(-1, -1)	b' stories'	-10.56019552112881
6917	(-1, -1)	b' \xe0\xaa\xae'	-10.568525164983999
6918	(-1, -1)	b' ensure'	-10.441675419528355
6919	(-1, -1)	b'\xe5\xbd\xb9'	-10.560578442826003
6920	(-1, -1)	b'\xe8\xae\xa4\xe8\xaf\x86'	-10.561472497422884
6921	(-1, -1)	b'\xe5\xb9\xb4\xe5\xba\xa6'	-10.478269795363278
6922	(-1, -1)	b' CEO'	-10.560833805442304
6923	(-1, -1)	b' hoping'	-10.561983744877782
6924	(-1, -1)	b'\xe7\x89\xb9\xe8\x89\xb2'	-10.385581830959218
6925	(-1, -1)	b'\xe5\xb0\x8f\xe7\x9a\x84'	-10.691323329071636
6926	(-1, -1)	b'ker'	-9.477058838709151
6927	(-1, -1)	b'\xd0\xb8\xd1\x81'	-10.525456307798176
6928	(-1, -1)	b' \xda\xa9\xd8\xb1'	-10.509195786926396
6929	(-1, -1)	b' park'	-10.381410924960774
6930	(-1, -1)	b'\xe0\xb8\x9b'	-10.408344574013082
6931	(-1, -1)	b' award'	-10.563519057359509
6932	(-1, -1)	b'\xe8\xb5\x9a'	-10.563775172100312
6933	(-1, -1)	b'\xe8\xa7\x92\xe5\xba\xa6'	-10.538732760640722
6934	(-1, -1)	b'\xe7\x9a\x84\xe4\xba\xa7\xe5\x93\x81'	-10.302140208817246
6935	(-1, -1)	b' France'	-10.471006408229197
6936	(-1, -1)	b'\xe5\x8d\xa0\xe6\x8d\xae'	-10.564928500862743
6937	(-1, -1)	b' Pre'	-10.233469450394763
6938	(-1, -1)	b'\xe7\x95\xaa'	-10.56569812634968
6939	(-1, -1)	b'\xe5\xba\x94\xe7\x94\xa8'	-10.482865879112373
6940	(-1, -1)	b'\xe7\x89\xa9\xe4\xb8\x9a'	-10.563519057359509
6941	(-1, -1)	b' crowd'	-10.433097488827254
6942	(-1, -1)	b' forget'	-10.545249074425605
6943	(-1, -1)	b' Mike'	-10.563007024578225
6944	(-1, -1)	b'\xe7\x90\x86\xe8\xa7\xa3'	-10.564159467243709
6945	(-1, -1)	b'\xe5\x92\xa8\xe8\xaf\xa2'	-10.568267830963022
6946	(-1, -1)	b' lay'	-10.538482979198184
6947	(-1, -1)	b'\xe7\xbb\x86\xe8\x8a\x82'	-10.568525164983999
6948	(-1, -1)	b'\xe5\xae\x9e\xe9\x99\x85\xe4\xb8\x8a'	-10.559685186848787
6949	(-1, -1)	b' clearly'	-10.568653856831547
6950	(-1, -1)	b'\xe6\x86'	-11.167076029351774
6951	(-1, -1)	b'\xe6\xb5\xae'	-10.56955516378756
6952	(-1, -1)	b'\xe8\x8a\x82\xe8\x83\xbd'	-10.57110215391173
6953	(-1, -1)	b'\xe5\xbc\xba\xe7\x9a\x84'	-10.559940321433665
6954	(-1, -1)	b' Big'	-10.56891129022208
6955	(-1, -1)	b' active'	-10.562879057337664
6956	(-1, -1)	b'\xe5\xa1\x91'	-10.571360218429291
6957	(-1, -1)	b' shut'	-10.57110215391173
6958	(-1, -1)	b'\xe0\xa8\xb2'	-10.230987261117555
6959	(-1, -1)	b'\xe7\xbb\x84\xe6\x88\x90'	-10.529903504750944
6960	(-1, -1)	b' These'	-10.572005671236829
6961	(-1, -1)	b' worry'	-10.57265154092278
6962	(-1, -1)	b' killing'	-10.45652095881692
6963	(-1, -1)	b'-7'	-10.755464237817858
6964	(-1, -1)	b'\xe7\x9c\x8b\xe6\x9d\xa5'	-10.571489275666353
6965	(-1, -1)	b'\xe0\xb1\x8d\xe0\xb0\xb0'	-10.573427135584206
6966	(-1, -1)	b'\xe6\x8c\x87\xe5\xaf\xbc'	-10.572910005643786
6967	(-1, -1)	b'67'	-10.048834053204095
6968	(-1, -1)	b'\xe5\xa5\x96\xe5\x8f\xb7'	-10.57032835970237
6969	(-1, -1)	b' 2011'	-10.572522333609468
6970	(-1, -1)	b'\xe6\x99\x9a\xe4\xb8\x8a'	-10.545877886620127
6971	(-1, -1)	b' green'	-10.471006408229197
6972	(-1, -1)	b'\xe5\x85\xa8\xe6\x96\xb0'	-10.58082544306565
6973	(-1, -1)	b'\xe0\xa4\xb2\xe0\xa5\x87'	-10.10851208101474
6974	(-1, -1)	b' \xe0\xa4\xb9\xe0\xa5\x88'	-10.57510965717442
6975	(-1, -1)	b' Mo'	-8.842216856731648
6976	(-1, -1)	b' Dan'	-10.307180990432293
6977	(-1, -1)	b'\xe6\x84\x8f\xe5\x91\xb3\xe7\x9d\x80'	-10.575498333735638
6978	(-1, -1)	b'\xe9\xa2\x9c\xe8\x89\xb2'	-10.474983021656657
6979	(-1, -1)	b' max'	-10.979733150627656
6980	(-1, -1)	b' feed'	-10.493195445579955
6981	(-1, -1)	b'\xe5\xb8\x82\xe5\x9c\xba\xe4\xb8\x8a'	-10.417928783978692
6982	(-1, -1)	b' accident'	-10.57627614036028
6983	(-1, -1)	b' hat'	-10.400481696329486
6984	(-1, -1)	b' nuclear'	-10.568010563145807
6985	(-1, -1)	b'\xe7\x90\x86\xe5\xbf\xb5'	-10.575239199243388
6986	(-1, -1)	b' wax'	-10.57485062336906
6987	(-1, -1)	b'\xe5\x88\xb7'	-10.577054552439025
6988	(-1, -1)	b' \xe0\xb0\xb5'	-10.577054552439025
6989	(-1, -1)	b'\xe6\x80\xa7\xe6\x84\x9f'	-10.585002994833077
6990	(-1, -1)	b' note'	-10.545877886620127
6991	(-1, -1)	b' ice'	-10.537110295386212
6992	(-1, -1)	b'\xe5\xb1\x95\xe5\xbc\x80'	-10.57783357091519
6993	(-1, -1)	b' paper'	-10.377895233916163
6994	(-1, -1)	b' appeared'	-10.57835325392026
6995	(-1, -1)	b'\xc9\x99t'	-10.52447072191083
6996	(-1, -1)	b'\xe8\xbf\xbd\xe6\xb1\x82'	-10.579393430844108
6997	(-1, -1)	b'\xe8\x89\xb3'	-10.579523529068451
6998	(-1, -1)	b' \xe0\xb0\x85'	-10.579783776304794
6999	(-1, -1)	b' features'	-10.580174274194558
7000	(-1, -1)	b' draft'	-10.466115853535285
7001	(-1, -1)	b' businesses'	-10.580044091287391
7002	(-1, -1)	b' Des'	-10.687547547647132
7003	(-1, -1)	b' hurt'	-10.288821042180318
7004	(-1, -1)	b'\xe4\xbf\x97'	-10.58082544306565
7005	(-1, -1)	b'\xd9\x88\xd9\x85'	-10.53350040785372
7006	(-1, -1)	b'itz'	-10.580304474051523
7007	(-1, -1)	b'\xe6\xb1\xa4'	-10.582129054252741
7008	(-1, -1)	b'\xe6\x8b\xbf\xe5\x88\xb0'	-10.385046126226849
7009	(-1, -1)	b' Hall'	-10.546003696521533
7010	(-1, -1)	b'\xe6\x97\xa0\xe7\x96\x91'	-10.582650974932646
7011	(-1, -1)	b' First'	-10.582520469222837
7012	(-1, -1)	b'\xe6\x97\xa5\xe5\x9c\xa8'	-10.768895643859073
7013	(-1, -1)	b' \xd9\x8a'	-10.641930573742059
7014	(-1, -1)	b'\xe6\x97\xa5\xe6\xb6\x88\xe6\x81\xaf'	-10.582389980542544
7015	(-1, -1)	b'\xe5\x85\xac\xe5\x85\xb1'	-10.581868196027706
7016	(-1, -1)	b'\xe7\x9a\x84\xe4\xb8\xad'	-10.752366341907862
7017	(-1, -1)	b'\xe5\xb9\xb3\xe8\xa1\xa1'	-10.583303759080117
7018	(-1, -1)	b'\xe9\x87\x91\xe5\xb1\x9e'	-10.584741385936884
7019	(-1, -1)	b'\xe9\x87\x87\xe7\x94\xa8\xe4\xba\x86'	-10.440995532816613
7020	(-1, -1)	b' tough'	-10.397874416199576
7021	(-1, -1)	b'However'	-10.585002994833077
7022	(-1, -1)	b'\xe5\x9b\x9e\xe5\x88\xb0'	-10.455371136912616
7023	(-1, -1)	b'\xe6\x9f\x8f'	-10.842447408847566
7024	(-1, -1)	b'\xe7\x9a\x84\xe5\x89\x8d'	-10.725059329045894
7025	(-1, -1)	b'\xe6\x84\x9f\xe6\x83\x85'	-10.584872181830079
7026	(-1, -1)	b'\xe8\xa7\x88'	-10.586312066888066
7027	(-1, -1)	b'\xe6\x9f\x94'	-10.586705122903608
7028	(-1, -1)	b'\xe7\x8c\x9c'	-10.586836175914739
7029	(-1, -1)	b' basically'	-10.586836175914739
7030	(-1, -1)	b' condition'	-10.55370818679525
7031	(-1, -1)	b' Bur'	-10.404951586573661
7032	(-1, -1)	b'\xe5\x85\x83\xe7\xb4\xa0'	-10.588016426527123
7033	(-1, -1)	b'\xc3\xaan'	-10.54814489010992
7034	(-1, -1)	b'\xe1\x88\xaa'	-10.556628638366238
7035	(-1, -1)	b'\xe9\x82\x93'	-10.58867272372204
7036	(-1, -1)	b'\xe7\xbe\xa4\xe4\xbc\x97'	-10.584610607149015
7037	(-1, -1)	b'\xe5\xa4\x9a\xe4\xb8\xaa'	-10.593674708614694
7038	(-1, -1)	b'ette'	-10.158822490342075
7039	(-1, -1)	b' \xd0\x9c'	-10.589066708887028
7040	(-1, -1)	b'\xe7\x9a\x84\xe6\x96\xb9\xe5\xbc\x8f'	-10.501945876002543
7041	(-1, -1)	b' \xd0\xa1'	-10.589723695968015
7042	(-1, -1)	b' issued'	-10.589723695968015
7043	(-1, -1)	b' \xe1\x80\xa1\xe1\x80'	-10.541609740547441
7044	(-1, -1)	b'\xc9\x99s'	-10.58644306839477
7045	(-1, -1)	b'\xe6\x9c\x89\xe4\xb8\x80\xe4\xb8\xaa'	-10.526566254264722
7046	(-1, -1)	b'\xe5\x88\x86\xe7\xba\xa2'	-10.5891980717772
7047	(-1, -1)	b'ables'	-11.00748810611433
7048	(-1, -1)	b'ously'	-10.678457231821856
7049	(-1, -1)	b' voice'	-10.303323991139564
7050	(-1, -1)	b'\xe5\x8d\xab\xe6\xb5\xb4'	-10.59103896644567
7051	(-1, -1)	b' although'	-10.590118095499848
7052	(-1, -1)	b'stein'	-11.103137664858458
7053	(-1, -1)	b' expand'	-10.547766699118965
7054	(-1, -1)	b'\xeb\xa1\x9c'	-11.040564064347866
7055	(-1, -1)	b'Bl'	-10.745584564990626
7056	(-1, -1)	b' excited'	-10.592751408410608
7057	(-1, -1)	b'\xe5\xbe\x88\xe5\xbf\xab'	-10.613936665456215
7058	(-1, -1)	b'\xe7\x94\xbb\xe9\x9d\xa2'	-10.539482479531268
7059	(-1, -1)	b'\xe7\xa7\x91\xe6\xaf\x94'	-10.591960686176472
7060	(-1, -1)	b' General'	-10.532010464692567
7061	(-1, -1)	b'\xe6\x97\xb6\xe7\x9a\x84'	-10.78044001181018
7062	(-1, -1)	b' cast'	-10.510045043877652
7063	(-1, -1)	b'\xe5\x9c\xb0\xe4\xbd\x8d'	-10.593410821556823
7064	(-1, -1)	b'\xe6\x88\x98\xe7\xbb\xa9'	-10.594334731079417
7065	(-1, -1)	b'ext'	-9.61319191307878
7066	(-1, -1)	b'\xe4\xb8\xbb\xe6\xbc\x94'	-10.572263969055648
7067	(-1, -1)	b'\xe6\x98\x8c'	-10.59512733349872
7068	(-1, -1)	b'\xe9\x80\x90\xe6\xad\xa5'	-10.595391673970784
7069	(-1, -1)	b' willing'	-10.595391673970784
7070	(-1, -1)	b" There's"	-10.596052831019662
7071	(-1, -1)	b'\xe6\x98\x82'	-10.596582071571842
7072	(-1, -1)	b'while'	-11.270331527275225
7073	(-1, -1)	b'\xe9\xa2\x87'	-10.5976413937048
7074	(-1, -1)	b'\xe9\xb9\x8f'	-10.5976413937048
7075	(-1, -1)	b'\xe4\xb8\x8a\xe4\xba\x86'	-10.576535543733979
7076	(-1, -1)	b'\xe6\x88\x90\xe7\x86\x9f'	-10.596979185879793
7077	(-1, -1)	b' street'	-10.179101909911973
7078	(-1, -1)	b' Rock'	-10.519312272741885
7079	(-1, -1)	b'\xe5\x8f\xaf\xe6\x98\xaf'	-10.548018810553554
7080	(-1, -1)	b'\xe5\x8f\x8d\xe6\x98\xa0'	-10.59909979634977
7081	(-1, -1)	b'\xe4\xb9\xa0\xe6\x83\xaf'	-10.599232483937042
7082	(-1, -1)	b'\xe5\xb1\x95\xe7\xa4\xba'	-10.59896712636616
7083	(-1, -1)	b' code'	-10.347520045700634
7084	(-1, -1)	b'NE'	-10.112826818852076
7085	(-1, -1)	b'\xe7\xbb\xbf\xe8\x89\xb2'	-10.51943478422749
7086	(-1, -1)	b' trial'	-10.422477524278726
7087	(-1, -1)	b'\xe6\xb0\x91\xe6\x97\x8f'	-10.597508917053617
7088	(-1, -1)	b' hero'	-10.591565559401493
7089	(-1, -1)	b'\xe0\xa5\x8d\xe0\xa4\xaf\xe0\xa4\xbe'	-9.661620774276894
7090	(-1, -1)	b'\xe5\xa5\xb3\xe5\xad\x90'	-10.601490870815214
7091	(-1, -1)	b' caught'	-10.60042746515871
7092	(-1, -1)	b'\xe6\x8d\x9f\xe5\xa4\xb1'	-10.600560329039858
7093	(-1, -1)	b' conversation'	-10.315539248046493
7094	(-1, -1)	b'\xe6\x8c\xba'	-10.60082610977232
7095	(-1, -1)	b'\xe5\x88\x99\xe6\x98\xaf'	-10.583695634207594
7096	(-1, -1)	b' investors'	-10.600959026633019
7097	(-1, -1)	b'\xe5\x88\x86\xe5\x88\xab\xe4\xb8\xba'	-10.60082610977232
7098	(-1, -1)	b' offers'	-10.601224913366838
7099	(-1, -1)	b'\xe7\x9a\x84\xe4\xb8\x80\xe5\x80\x8b'	-10.883734903471442
7100	(-1, -1)	b'2012'	-10.597508917053617
7101	(-1, -1)	b' buying'	-10.601756899015772
7102	(-1, -1)	b'\xe6\x9c\xac\xe7\xa7\x91'	-10.596979185879793
7103	(-1, -1)	b' flag'	-10.602422279305141
7104	(-1, -1)	b'\xe4\xb8\xbb\xe8\xa7\x92'	-10.48878936521575
7105	(-1, -1)	b' kh'	-10.307180990432293
7106	(-1, -1)	b'3000'	-10.482511583271641
7107	(-1, -1)	b'\xe5\x8d\xb3\xe5\x8f\xaf'	-10.603354556125678
7108	(-1, -1)	b'\xe8\x9e\x8d\xe8\xb5\x84'	-10.5967144254864
7109	(-1, -1)	b'iti'	-9.95587118603963
7110	(-1, -1)	b'\xe5\xa5\x87\xe6\x89\x8d'	-10.598038928991292
7111	(-1, -1)	b' network'	-10.293013102913562
7112	(-1, -1)	b' English'	-10.603754369551408
7113	(-1, -1)	b' retail'	-10.591828959903477
7114	(-1, -1)	b' beyond'	-10.604421080690178
7115	(-1, -1)	b'\xe5\x8d\xb0\xe5\xba\xa6'	-10.555611861461152
7116	(-1, -1)	b' finish'	-10.21712727814611
7117	(-1, -1)	b'\xe8\xae\xa8\xe8\xae\xba'	-10.605221721245357
7118	(-1, -1)	b' fresh'	-10.563263008196671
7119	(-1, -1)	b' yesterday'	-10.605355223681975
7120	(-1, -1)	b'\xe6\x84\x9f\xe5\x8f\x97'	-10.34545882679091
7121	(-1, -1)	b' challenge'	-10.343915695987294
7122	(-1, -1)	b' computer'	-10.400590480664649
7123	(-1, -1)	b'\xe4\xb8\x8b\xe4\xba\x86'	-10.775204813052337
7124	(-1, -1)	b' starts'	-10.607092379193325
7125	(-1, -1)	b" l'"	-10.604287702897384
7126	(-1, -1)	b' By'	-10.57265154092278
7127	(-1, -1)	b'\xe8\x87\xb3\xe4\xbb\x8a'	-10.54701074595206
7128	(-1, -1)	b'\xe4\xb8\x80\xe5\xa4\xa9'	-10.294186123575924
7129	(-1, -1)	b'\xe9\x83\xa8\xe9\x95\xbf'	-10.686823067429977
7130	(-1, -1)	b'\xe8\xb5\x8f'	-10.60843070915754
7131	(-1, -1)	b'\xd0\xbe\xd1\x82'	-10.432198814311594
7132	(-1, -1)	b' image'	-10.105267958137118
7133	(-1, -1)	b'\xe8\x80\xb6'	-10.609234567721726
7134	(-1, -1)	b'\xe6\x89\x80\xe5\x9c\xa8'	-10.613802012523944
7135	(-1, -1)	b'\xe5\x87\xba\xe5\x8f\xb0'	-10.611247045760578
7136	(-1, -1)	b'\xe7\x8e\xb2'	-10.609904943827814
7137	(-1, -1)	b' Canadian'	-10.447587214827012
7138	(-1, -1)	b' competition'	-10.488551750862724
7139	(-1, -1)	b' weapons'	-10.610173220154037
7140	(-1, -1)	b'\xe6\x8b\x96'	-10.610575769639514
7141	(-1, -1)	b'\xe9\x80\x9a\xe8\x83\x80'	-10.610575769639514
7142	(-1, -1)	b' solid'	-10.596317416283807
7143	(-1, -1)	b'\xe9\x93\xba'	-10.610978481236337
7144	(-1, -1)	b'\xe7\x9a\x84\xe4\xb8\xbb\xe8\xa6\x81'	-10.447473196241859
7145	(-1, -1)	b'\xe4\xb8\xaa\xe7\xaf\xae\xe6\x9d\xbf'	-10.597508917053617
7146	(-1, -1)	b'\xe4\xb8\x9c\xe6\x96\xb9'	-10.615014542143705
7147	(-1, -1)	b'\xe9\xa3\x9f\xe7\x89\xa9'	-10.61165002783333
7148	(-1, -1)	b' anymore'	-10.612456479489941
7149	(-1, -1)	b'\xe5\xa1\xab'	-10.612590951351907
7150	(-1, -1)	b'\xe7\x83\xa7'	-10.612994475467948
7151	(-1, -1)	b'1.5'	-10.136269906476397
7152	(-1, -1)	b'\xe5\xaf\xbb\xe6\x89\xbe'	-10.580304474051523
7153	(-1, -1)	b'\xe6\x95\xb8'	-10.61407133652234
7154	(-1, -1)	b' Ir'	-10.235127672792235
7155	(-1, -1)	b'\xe6\x8f\x90\xe9\x86\x92'	-10.614475458572699
7156	(-1, -1)	b'\xe5\x9e\x8b\xe7\x9a\x84'	-10.808669969346884
7157	(-1, -1)	b'\xe7\x94\x98'	-10.614879744003716
7158	(-1, -1)	b" shouldn't"	-10.615014542143705
7159	(-1, -1)	b'\xe4\xb8\xbb\xe9\xa2\x98'	-10.283871738079556
7160	(-1, -1)	b'\xe7\x9a\x84\xe5\x9c\xb0\xe6\x96\xb9'	-10.447815291005444
7161	(-1, -1)	b'\xe7\x9a\x84\xe8\xa1\xa8\xe7\x8e\xb0'	-10.234206098678536
7162	(-1, -1)	b' helps'	-10.615688805536521
7163	(-1, -1)	b'\xe0\xaa\xa8\xe0\xab\x87'	-10.509923677289724
7164	(-1, -1)	b'\xe5\xa8\x9c'	-10.615958638241882
7165	(-1, -1)	b'\xe6\x94\xb6\xe7\x9b\x8a\xe7\x8e\x87'	-10.616228543776584
7166	(-1, -1)	b' beginning'	-10.593674708614694
7167	(-1, -1)	b' hundred'	-11.807993804994775
7168	(-1, -1)	b' victims'	-10.616228543776584
7169	(-1, -1)	b'gu'	-8.690555337246872
7170	(-1, -1)	b' Island'	-10.616903626499854
7171	(-1, -1)	b'\xe7\xad\x89\xe7\xad\x89'	-10.625993981479246
7172	(-1, -1)	b' station'	-10.303027914157386
7173	(-1, -1)	b'Maybe'	-10.616363523867225
7174	(-1, -1)	b'\xe4\xba\xba\xe7\xb1\xbb'	-10.554723028947553
7175	(-1, -1)	b' episode'	-10.280103435634963
7176	(-1, -1)	b' throw'	-9.875635384682875
7177	(-1, -1)	b' seconds'	-10.617714327800842
7178	(-1, -1)	b' floor'	-10.487008632270566
7179	(-1, -1)	b' Amazon'	-10.61407133652234
7180	(-1, -1)	b' Its'	-10.614610202223107
7181	(-1, -1)	b'\xe5\xa4\x9a\xe6\xac\xa1'	-10.621234981403527
7182	(-1, -1)	b'\xe6\xb2\xbb\xe7\x96\x97'	-10.618660977408354
7183	(-1, -1)	b'\xe8\xa1\xa8\xe6\x98\x8e'	-10.61839041463614
7184	(-1, -1)	b'\xe5\x88\xb0\xe5\xba\x95'	-10.60642388528515
7185	(-1, -1)	b' kinda'	-10.618931613404593
7186	(-1, -1)	b'\xe8\xbb\x8d'	-10.619743961134075
7187	(-1, -1)	b' rise'	-10.395706863600632
7188	(-1, -1)	b'\xe5\xa4\x9a\xe7\xa7\x8d'	-10.620285893134874
7189	(-1, -1)	b'\xe6\xb8\x85\xe6\xa5\x9a'	-10.620150382598723
7190	(-1, -1)	b'\xd0\xbe\xd1\x81'	-10.203456771160386
7191	(-1, -1)	b'\xe5\x88\xa4\xe6\x96\xad'	-10.620285893134874
7192	(-1, -1)	b'\xe5\x8c\x97\xe4\xba\xac\xe5\xb8\x82'	-10.62204920318823
7193	(-1, -1)	b' council'	-10.46692928684956
7194	(-1, -1)	b' PS'	-10.792924168828348
7195	(-1, -1)	b' previously'	-10.621506315009858
7196	(-1, -1)	b'Haha'	-10.183382700968433
7197	(-1, -1)	b' Image'	-10.616768573491342
7198	(-1, -1)	b' load'	-10.62204920318823
7199	(-1, -1)	b' \xe1\x8a\xa3\xe1\x89\xa5'	-10.62218497129651
7200	(-1, -1)	b'\xe4\xb8\x8d\xe7\x9f\xa5\xe9\x81\x93'	-10.369317853007944
7201	(-1, -1)	b' 32'	-10.570457283830699
7202	(-1, -1)	b'\xe5\x87\xba\xe5\x9b\xbd'	-10.625176542741631
7203	(-1, -1)	b' assault'	-10.4792108611897
7204	(-1, -1)	b' Let'	-11.01610798508589
7205	(-1, -1)	b'\xe5\x8a\x9e\xe7\x90\x86'	-10.62204920318823
7206	(-1, -1)	b'\xe6\x94\xaf\xe4\xbb\x98'	-10.623407714469028
7207	(-1, -1)	b' north'	-10.13510129198614
7208	(-1, -1)	b'l\xc4\xb1'	-10.430852315005819
7209	(-1, -1)	b'\xe7\x82\x92'	-10.623815627997018
7210	(-1, -1)	b'ETF'	-10.493434166039432
7211	(-1, -1)	b'\xe8\x94\xa1'	-10.624087662819154
7212	(-1, -1)	b' south'	-10.144151885903701
7213	(-1, -1)	b'2005'	-10.270887665313142
7214	(-1, -1)	b' described'	-10.624768073813629
7215	(-1, -1)	b' talks'	-10.625040367892915
7216	(-1, -1)	b'Go'	-10.542988618860555
7217	(-1, -1)	b'\xe6\x92\xad\xe6\x94\xbe'	-10.625312736136461
7218	(-1, -1)	b'Cl'	-10.19784503416927
7219	(-1, -1)	b'\xe4\xbb\xbf'	-10.62544894808246
7220	(-1, -1)	b'\xe8\x85\xb9'	-10.62544894808246
7221	(-1, -1)	b'\xe4\xb9\x9f\xe5\xb0\x86'	-10.550164327878129
7222	(-1, -1)	b'\xe6\x89\xb0'	-10.785702762175454
7223	(-1, -1)	b'\xe6\xa0\x8f'	-11.166139918822381
7224	(-1, -1)	b'\xe8\x82\xa9'	-10.627357866033277
7225	(-1, -1)	b' battle'	-10.362382866718464
7226	(-1, -1)	b'\xe7\x9f\xa5\xe8\xaf\x86'	-10.62776739439884
7227	(-1, -1)	b'\xe7\x9a\x84\xe6\xb8\xb8\xe6\x88\x8f'	-10.468558141194569
7228	(-1, -1)	b' patients'	-10.628450314592014
7229	(-1, -1)	b'\xe4\xba\x86\xe8\xa7\xa3\xe5\x88\xb0'	-10.618931613404593
7230	(-1, -1)	b'\xe5\x86\x8d\xe5\xba\xa6'	-10.626812088969654
7231	(-1, -1)	b'\xe5\xbf\x85\xe8\xa6\x81'	-10.628860290682484
7232	(-1, -1)	b' concerns'	-10.629133701483914
7233	(-1, -1)	b'\xe1\x88\x9a'	-10.421366166084765
7234	(-1, -1)	b' natural'	-10.425595914154007
7235	(-1, -1)	b'\xe9\xab\x98\xe5\xba\xa6'	-10.353521719344775
7236	(-1, -1)	b' majority'	-10.629407187059256
7237	(-1, -1)	b' cho'	-10.084433871234276
7238	(-1, -1)	b' explain'	-10.146849350238481
7239	(-1, -1)	b'Le'	-10.201761023509622
7240	(-1, -1)	b'92'	-10.082690744257762
7241	(-1, -1)	b' thousands'	-10.630228092838014
7242	(-1, -1)	b' wear'	-10.475334659707515
7243	(-1, -1)	b' crime'	-10.242809694928942
7244	(-1, -1)	b'\xe0\xb8\xb8'	-10.630501877918437
7245	(-1, -1)	b' \xe0\xae\xa4'	-10.674586536716111
7246	(-1, -1)	b' planning'	-10.63118666874161
7247	(-1, -1)	b'\xe5\xbf\xab\xe4\xb9\x90'	-10.610575769639514
7248	(-1, -1)	b' Cons'	-10.557264649327065
7249	(-1, -1)	b' Senate'	-10.63118666874161
7250	(-1, -1)	b'\xe0\xa6\xac'	-10.378001588609164
7251	(-1, -1)	b'\xe7\x87\x95'	-10.632694861253446
7252	(-1, -1)	b' comfort'	-11.502799307458362
7253	(-1, -1)	b' \xe0\xae\xae'	-10.632969322624731
7254	(-1, -1)	b'\xe7\xbb\x93\xe5\xa9\x9a'	-10.63365580579853
7255	(-1, -1)	b' markets'	-10.632146164394687
7256	(-1, -1)	b'\xe7\x8e\xb0\xe9\x87\x91'	-10.632420475190537
7257	(-1, -1)	b'\xe4\xb8\xa4\xe5\xb2\xb8'	-10.63365580579853
7258	(-1, -1)	b' Office'	-10.227138282758755
7259	(-1, -1)	b'ila'	-10.933822204856014
7260	(-1, -1)	b' holding'	-10.502427571580256
7261	(-1, -1)	b'\xd9\xb9'	-10.4382805990223
7262	(-1, -1)	b' \xe0\xae\x85'	-10.634205331846154
7263	(-1, -1)	b' minister'	-10.395382135557512
7264	(-1, -1)	b' \xe1\x8b\xad'	-10.634617674646307
7265	(-1, -1)	b'\xe6\x9c\x9f\xe8\xb4\xa7'	-10.634617674646307
7266	(-1, -1)	b' Times'	-10.632557658811027
7267	(-1, -1)	b'\xe6\x88\xbf\xe5\xb1\x8b'	-10.626675691233645
7268	(-1, -1)	b' Could'	-10.635167729665676
7269	(-1, -1)	b' \xe0\xb6\x85'	-10.635167729665676
7270	(-1, -1)	b'\xe6\x8f\x90\xe7\xa4\xba'	-10.635305290708605
7271	(-1, -1)	b'\xe7\x94\x9f\xe7\x9a\x84'	-10.9291972775482
7272	(-1, -1)	b' particularly'	-10.635718087412094
7273	(-1, -1)	b' mobile'	-10.623407714469028
7274	(-1, -1)	b'\xe4\xbc\xb0\xe5\x80\xbc'	-10.643316383276481
7275	(-1, -1)	b'\xe7\xaf\x87'	-10.636406460812994
7276	(-1, -1)	b'\xe6\xae\x8b'	-10.6365441923744
7277	(-1, -1)	b'DC'	-10.292427108170745
7278	(-1, -1)	b'NA'	-10.145584007794568
7279	(-1, -1)	b'\xe7\xad\x89\xe7\xba\xa7'	-10.6366819429084
7280	(-1, -1)	b'\xe5\xb9\xb6\xe4\xb8\x8d\xe6\x98\xaf'	-10.591960686176472
7281	(-1, -1)	b' Florida'	-10.596449735172522
7282	(-1, -1)	b' display'	-10.46983981920282
7283	(-1, -1)	b' wild'	-10.637784630821647
7284	(-1, -1)	b'\xe0\xb8\x88'	-10.320648199805156
7285	(-1, -1)	b' Of'	-10.181720626492297
7286	(-1, -1)	b' reasons'	-10.63792255234452
7287	(-1, -1)	b'\xe5\xa5\xb9\xe4\xbb\xac'	-10.638060492892363
7288	(-1, -1)	b' spending'	-10.637784630821647
7289	(-1, -1)	b'\xe6\xa9\x9f'	-10.638336431083959
7290	(-1, -1)	b' push'	-9.895591196577737
7291	(-1, -1)	b'\xe6\x80\xbb\xe7\xbb\x9f'	-10.6365441923744
7292	(-1, -1)	b'\xe5\xa4\xa7\xe5\xa4\x9a\xe6\x95\xb0'	-10.608029022066377
7293	(-1, -1)	b'\xe4\xba\xba\xe6\x89\x8d'	-10.486890029412097
7294	(-1, -1)	b'\xe9\x99\x88\xe6\xb0\xb4\xe6\x89\x81'	-10.63916470280442
7295	(-1, -1)	b" company's"	-10.63916470280442
7296	(-1, -1)	b'\xe5\x90\x9b'	-10.63930281481348
7297	(-1, -1)	b'\xe5\x8f\x8d\xe5\xba\x94'	-10.633381155975325
7298	(-1, -1)	b' twice'	-10.639717265327112
7299	(-1, -1)	b' letter'	-10.336031561562795
7300	(-1, -1)	b' minute'	-10.63792255234452
7301	(-1, -1)	b' reached'	-10.639855453678056
7302	(-1, -1)	b'\xe5\xbc\x80\xe5\x90\xaf'	-10.64027013334396
7303	(-1, -1)	b' showing'	-10.626675691233645
7304	(-1, -1)	b' published'	-10.640823307192944
7305	(-1, -1)	b' window'	-10.277695304624853
7306	(-1, -1)	b'Also'	-10.64040839812123
7307	(-1, -1)	b'\xe6\x98\xbe\xe7\x84\xb6'	-10.639026609867654
7308	(-1, -1)	b'\xe5\xa2\xa8'	-11.054901972307485
7309	(-1, -1)	b'\xe8\xbf\x90\xe8\x90\xa5'	-10.64151520509642
7310	(-1, -1)	b'\xe8\x85\xbe'	-10.641653642142394
7311	(-1, -1)	b'\xe0\xa4\x9f'	-9.938039488181664
7312	(-1, -1)	b' contribut'	-10.15754191647006
7313	(-1, -1)	b'coming'	-10.964895225449128
7314	(-1, -1)	b' losing'	-10.643039067689568
7315	(-1, -1)	b' revealed'	-10.643316383276481
7316	(-1, -1)	b' \xe0\xa6\x8f'	-10.643316383276481
7317	(-1, -1)	b' fully'	-10.643732500905067
7318	(-1, -1)	b' Sk'	-10.228053363349698
7319	(-1, -1)	b' exam'	-10.826165051649966
7320	(-1, -1)	b'\xe1\xb9\xa3'	-10.354040795401069
7321	(-1, -1)	b'\xe5\x90\x8c\xe6\x9c\x9f'	-10.561472497422884
7322	(-1, -1)	b'\xe8\xb6\xb3\xe5\xbd\xa9'	-10.64456525598442
7323	(-1, -1)	b'\xe9\xad\x82'	-10.645120811554264
7324	(-1, -1)	b'ea'	-8.964299629526275
7325	(-1, -1)	b' individual'	-10.561216971677274
7326	(-1, -1)	b' Union'	-10.632420475190537
7327	(-1, -1)	b' Di'	-9.769027095880658
7328	(-1, -1)	b'\xe6\x84\x8f\xe8\xaf\x86'	-10.645398705122817
7329	(-1, -1)	b'\xe6\x9c\xac\xe5\x9c\xba'	-10.64651105228979
7330	(-1, -1)	b'VE'	-10.287265680731352
7331	(-1, -1)	b'\xe9\x84'	-10.646928501680115
7332	(-1, -1)	b'\xe5\x86\x9c\xe6\x9d\x91'	-10.647067690211205
7333	(-1, -1)	b' income'	-10.584741385936884
7334	(-1, -1)	b'\xe5\xa7\x94\xe4\xbc\x9a'	-10.897944734044096
7335	(-1, -1)	b'\xe8\xa2\x8b'	-10.64818189645461
7336	(-1, -1)	b' \xd9\xbe\xd8\xb1'	-10.543741536451652
7337	(-1, -1)	b'ien'	-10.385367514627495
7338	(-1, -1)	b' department'	-10.463911292684195
7339	(-1, -1)	b'\xe9\x80\xbc'	-10.648739465468218
7340	(-1, -1)	b' While'	-10.648600044066807
7341	(-1, -1)	b' Post'	-10.649018366599575
7342	(-1, -1)	b'\xe4\xb8\xbb\xe8\xa6\x81\xe6\x98\xaf'	-10.592883256258384
7343	(-1, -1)	b'\xe5\xbc\x80\xe5\xa5\x96'	-10.649297345538475
7344	(-1, -1)	b'lo'	-8.173124783640155
7345	(-1, -1)	b'\xe6\xa1\x88\xe4\xbb\xb6'	-10.649715959930969
7346	(-1, -1)	b' domin'	-10.624631954572964
7347	(-1, -1)	b' Ham'	-10.525333056426849
7348	(-1, -1)	b' agreement'	-10.473811787041623
7349	(-1, -1)	b'\xe5\xae\xbf'	-10.651811664505187
7350	(-1, -1)	b'\xe7\x87\x83'	-10.65195153442639
7351	(-1, -1)	b'\xe8\x83\x9c\xe5\x88\xa9'	-10.659110966986798
7352	(-1, -1)	b' injuries'	-10.652091423913923
7353	(-1, -1)	b' professional'	-10.339095915339675
7354	(-1, -1)	b'\xe6\xb6\x89\xe5\x8f\x8a'	-10.652791165038268
7355	(-1, -1)	b' stopped'	-10.652791165038268
7356	(-1, -1)	b'can'	-10.140958069102435
7357	(-1, -1)	b' Str'	-10.334706585575244
7358	(-1, -1)	b' \xe0\xae\xb5'	-10.653491396143135
7359	(-1, -1)	b'\xe0\xb9\x83'	-10.553201151672205
7360	(-1, -1)	b' Fire'	-10.63118666874161
7361	(-1, -1)	b' passed'	-10.653771625933395
7362	(-1, -1)	b'41'	-10.097364053775069
7363	(-1, -1)	b' Americans'	-10.654893331042596
7364	(-1, -1)	b'\xe6\x88\x91\xe6\x83\xb3'	-10.65517395402746
7365	(-1, -1)	b' Iran'	-10.613398162481436
7366	(-1, -1)	b'\xe8\xbe\x83\xe4\xb8\xba'	-10.647206898118439
7367	(-1, -1)	b'\xe5\xbd\x93\xe4\xb8\xad'	-10.582389980542544
7368	(-1, -1)	b'\xe7\xb3\x96'	-10.655735436355517
7369	(-1, -1)	b'\xe7\x8e\xb0\xe5\xae\x9e'	-10.654472544164937
7370	(-1, -1)	b'\xe5\xaf\x92'	-10.65643773289397
7371	(-1, -1)	b' cities'	-10.656578251407515
7372	(-1, -1)	b'\xd8\xb0'	-10.445878299572044
7373	(-1, -1)	b'\xe7\x94\xa8\xe7\x9a\x84'	-10.681766349293692
7374	(-1, -1)	b'\xe4\xb8\x80\xe5\x8f\xaa'	-10.948014786688903
7375	(-1, -1)	b' wearing'	-10.656578251407515
7376	(-1, -1)	b' pet'	-10.297615314218955
7377	(-1, -1)	b'\xd0\xba\xd0\xb0'	-9.605695700040362
7378	(-1, -1)	b' caused'	-10.657421777395955
7379	(-1, -1)	b'\xe7\x9a\x84\xe6\x8a\x95\xe8\xb5\x84'	-10.31414134467357
7380	(-1, -1)	b'\xe5\xa9\x86'	-10.657984523612269
7381	(-1, -1)	b'SE'	-9.691417056652678
7382	(-1, -1)	b'\xe1\x8b\xb3'	-10.587360559775732
7383	(-1, -1)	b'\xe5\x8a\xa0\xe5\xbf\xab'	-10.658547586690208
7384	(-1, -1)	b'\xd1\x83\xd0\xbb'	-10.80068491917867
7385	(-1, -1)	b'\xe8\xb7\x8c\xe5\xb9\x85'	-10.658829237163834
7386	(-1, -1)	b'\xe7\x8b\xbc'	-10.659392776203825
7387	(-1, -1)	b'\xe5\x88\xab\xe5\xa2\x85'	-10.659110966986798
7388	(-1, -1)	b' projects'	-10.659392776203825
7389	(-1, -1)	b' continues'	-10.659392776203825
7390	(-1, -1)	b'\xe6\x88\x96\xe8\xae\xb8'	-10.658547586690208
7391	(-1, -1)	b'mar'	-9.83058498888009
7392	(-1, -1)	b'\xe6\x99\xba\xe8\x83\xbd'	-10.659815638991153
7393	(-1, -1)	b' weather'	-10.644010008885202
7394	(-1, -1)	b'uga'	-10.457787291801433
7395	(-1, -1)	b'vi'	-9.118907471934545
7396	(-1, -1)	b' eventually'	-10.660520807908323
7397	(-1, -1)	b'\xe6\x80\xbb\xe6\x98\xaf'	-10.590907361523456
7398	(-1, -1)	b' trading'	-10.661367667521391
7399	(-1, -1)	b'\xec\xa7\x80'	-10.343607355371251
7400	(-1, -1)	b'\xe5\x85\xb1\xe6\x9c\x89'	-10.646232849478148
7401	(-1, -1)	b' spread'	-10.662497930427815
7402	(-1, -1)	b'\xe0\xa7\x8d\xe0\xa6\xb0'	-10.662922108589001
7403	(-1, -1)	b' forced'	-10.663487959502387
7404	(-1, -1)	b' basis'	-10.662922108589001
7405	(-1, -1)	b'150'	-10.159762621174961
7406	(-1, -1)	b' wey'	-10.64151520509642
7407	(-1, -1)	b'\xe6\x8b\x94'	-10.664762295958026
7408	(-1, -1)	b'idh'	-10.176750914010004
7409	(-1, -1)	b' II'	-10.657843807366346
7410	(-1, -1)	b'\xe5\x93\xa6'	-10.665187435906326
7411	(-1, -1)	b' George'	-10.593542756381211
7412	(-1, -1)	b'\xe6\x9d\xa5\xe4\xba\x86'	-10.7710993280501
7413	(-1, -1)	b' ele'	-10.340426723746148
7414	(-1, -1)	b'\xe8\xa7\x84\xe8\x8c\x83'	-10.666180132577225
7415	(-1, -1)	b'\xe6\x94\xbe\xe5\x9c\xa8'	-10.700091469419572
7416	(-1, -1)	b' Def'	-10.866598621228455
7417	(-1, -1)	b'MM'	-10.60883255766606
7418	(-1, -1)	b'\xe5\x9d\x87\xe4\xbb\xb7'	-10.666322026866219
7419	(-1, -1)	b'\xe7\x8d'	-10.666463941292058
7420	(-1, -1)	b' Edit'	-10.11005673397826
7421	(-1, -1)	b'\xe0\xa4\x9c'	-10.064102702699575
7422	(-1, -1)	b' traffic'	-10.46194290207585
7423	(-1, -1)	b'\xe5\xa7\x9c'	-10.667884194335793
7424	(-1, -1)	b' PC'	-10.670160803173385
7425	(-1, -1)	b'\xe5\x8a\xa8\xe5\x8a\x9b'	-10.796473704662253
7426	(-1, -1)	b'\xe7\xa1\xae\xe4\xbf\x9d'	-10.66745790658511
7427	(-1, -1)	b'wu'	-10.446333724833245
7428	(-1, -1)	b' massive'	-10.667173815674108
7429	(-1, -1)	b'\xe9\xa1\xba\xe5\x88\xa9'	-10.668452860828229
7430	(-1, -1)	b' highest'	-10.669021850886253
7431	(-1, -1)	b'\xe5\x87\xba\xe7\x8e\xb0\xe4\xba\x86'	-10.580304474051523
7432	(-1, -1)	b' telling'	-10.669164149001043
7433	(-1, -1)	b'Your'	-10.655595036214887
7434	(-1, -1)	b' \xe1\x8a\xa5\xe1\x8a\x95'	-10.669448805991294
7435	(-1, -1)	b' tomorrow'	-10.666463941292058
7436	(-1, -1)	b' limited'	-10.670160803173385
7437	(-1, -1)	b'\xe4\xbf\xa1\xe8\xb4\xb7'	-10.670160803173385
7438	(-1, -1)	b'\xe6\x9c\xac\xe6\x8a\xa5\xe8\xae\xb0\xe8\x80\x85'	-10.669021850886253
7439	(-1, -1)	b'Wow'	-10.501945876002543
7440	(-1, -1)	b' owners'	-10.981481912367405
7441	(-1, -1)	b'\xe4\xb8\xbb\xe8\x83\x9c'	-10.57627614036028
7442	(-1, -1)	b' https'	-10.670873307656679
7443	(-1, -1)	b' Rec'	-10.83721488783655
7444	(-1, -1)	b' \xe0\xb6\xb8'	-10.671871667577014
7445	(-1, -1)	b'\xe5\xb3\xb6'	-10.672157096435809
7446	(-1, -1)	b'ifying'	-10.672299841422133
7447	(-1, -1)	b'\xe6\x88\x88'	-10.67272819867863
7448	(-1, -1)	b'\xe6\x9c\x89\xe7\x82\xb9'	-10.661650113505475
7449	(-1, -1)	b' Company'	-10.67272819867863
7450	(-1, -1)	b' OF'	-10.668452860828229
7451	(-1, -1)	b'\xe6\xb2\x88'	-10.673156739503701
7452	(-1, -1)	b' Law'	-10.673156739503701
7453	(-1, -1)	b'\xe5\xbf\x97\xe6\x84\xbf'	-10.673299627265608
7454	(-1, -1)	b' file'	-10.324471911447247
7455	(-1, -1)	b'\xe5\x9b\xbe\xe7\x89\x87'	-10.673299627265608
7456	(-1, -1)	b'\xe8\xaf\x84\xe4\xbb\xb7'	-10.673442535447345
7457	(-1, -1)	b'\xe5\x86\x85\xe9\x83\xa8'	-10.560961511208392
7458	(-1, -1)	b' talent'	-10.56582645487087
7459	(-1, -1)	b' aw\xe1\xbb\x8dn'	-10.673871382569919
7460	(-1, -1)	b'\xe5\x81\x9a\xe7\x9a\x84'	-10.68162224669239
7461	(-1, -1)	b'\xe9\x87\x8c\xe6\x96\xaf'	-10.687547547647132
7462	(-1, -1)	b'\xe8\xb9'	-10.67515902850218
7463	(-1, -1)	b'iled'	-10.389232253737383
7464	(-1, -1)	b'\xe6\x97\xb6\xe5\x88\xbb'	-10.674157382857869
7465	(-1, -1)	b'\xe4\xb8\x8d\xe5\xa5\xbd'	-10.54688480929803
7466	(-1, -1)	b' camera'	-10.326995508405586
7467	(-1, -1)	b' meaning'	-10.653491396143135
7468	(-1, -1)	b' partner'	-9.895788182690852
7469	(-1, -1)	b' Chicago'	-10.668452860828229
7470	(-1, -1)	b' deliver'	-9.849966885205372
7471	(-1, -1)	b' bottom'	-10.670730766141222
7472	(-1, -1)	b'gl'	-9.942226897766917
7473	(-1, -1)	b'rie'	-10.510895022679355
7474	(-1, -1)	b'\xe5\xbe\x88\xe5\xa5\xbd'	-10.681190063439967
7475	(-1, -1)	b'Am'	-10.597244016389816
7476	(-1, -1)	b' \xe0\xaa\x85'	-10.677452278754721
7477	(-1, -1)	b'\xe0\xae\xb5'	-9.925716766978669
7478	(-1, -1)	b' Africa'	-10.59103896644567
7479	(-1, -1)	b' mentioned'	-10.678026413979335
7480	(-1, -1)	b'\xe8\xae\xbe\xe7\xbd\xae'	-10.678600879024575
7481	(-1, -1)	b'\xe9\x80\x8a'	-11.051976160397956
7482	(-1, -1)	b'\xea\xb0\x80'	-10.402877689634296
7483	(-1, -1)	b'\xe5\xb8\xa6\xe6\x9d\xa5\xe7\x9a\x84'	-10.644981893723939
7484	(-1, -1)	b' FBI'	-10.677739305163122
7485	(-1, -1)	b' l\xc3\xa0'	-10.679750800094222
7486	(-1, -1)	b'Police'	-10.677021893553329
7487	(-1, -1)	b' tonight'	-10.677739305163122
7488	(-1, -1)	b'Sorry'	-10.679606987625434
7489	(-1, -1)	b'itation'	-10.574462198427295
7490	(-1, -1)	b'\xe7\xab\x8b\xe5\x8d\xb3'	-10.645954724041784
7491	(-1, -1)	b' suspect'	-10.138946164659856
7492	(-1, -1)	b' Most'	-10.82416904300325
7493	(-1, -1)	b' warm'	-10.569941687015977
7494	(-1, -1)	b' document'	-10.682342967444308
7495	(-1, -1)	b'\xe6\x89\x80\xe8\xb0\x93'	-10.67515902850218
7496	(-1, -1)	b' blog'	-10.68263140125075
7497	(-1, -1)	b' \xe1\x8a\xad'	-10.682919918275257
7498	(-1, -1)	b'\xe9\x85\xb7'	-10.683064208009291
7499	(-1, -1)	b' claimed'	-10.68320851856586
7500	(-1, -1)	b'\xe4\xbe\x86'	-10.68335284995097
7501	(-1, -1)	b' Jackson'	-10.680182361634403
7502	(-1, -1)	b' videos'	-10.683497202170635
7503	(-1, -1)	b' update'	-10.262703379051148
7504	(-1, -1)	b'\xe4\xb8\x8d\xe8\xb4\xa5'	-10.682487173948273
7505	(-1, -1)	b' dropped'	-10.683641575230874
7506	(-1, -1)	b'\xe0\xa4\xa7'	-10.159848131457625
7507	(-1, -1)	b'rol'	-10.61811992504834
7508	(-1, -1)	b'\xe8\x8c\xb6'	-10.684508251581526
7509	(-1, -1)	b' Ha'	-9.450962615144453
7510	(-1, -1)	b' cook'	-10.392572234216647
7511	(-1, -1)	b'\xe8\xb1\x86'	-10.685809676101847
7512	(-1, -1)	b' confirm'	-10.49021623822835
7513	(-1, -1)	b' cards'	-10.686243860926671
7514	(-1, -1)	b' glass'	-10.686823067429977
7515	(-1, -1)	b'\xe8\x8c\xa8'	-11.028465075374806
7516	(-1, -1)	b'\xe5\x86\xb2\xe5\x87\xbb'	-10.687112796535292
7517	(-1, -1)	b'ios'	-10.790511234335014
7518	(-1, -1)	b'\xe8\xb6\x85\xe7\xba\xa7'	-10.687982487849712
7519	(-1, -1)	b'\xe8\xbf\x9f'	-10.687982487849712
7520	(-1, -1)	b'\xe8\xab'	-10.68827255311643
7521	(-1, -1)	b'icial'	-10.966618208549828
7522	(-1, -1)	b'\xe6\x80\xbb\xe7\x90\x86'	-10.688998084600044
7523	(-1, -1)	b'\xe0\xb6\x9c'	-10.279043143473361
7524	(-1, -1)	b'\xe8\xbc'	-10.689143254085675
7525	(-1, -1)	b'\xe7\x82\x8e'	-10.689288444648543
7526	(-1, -1)	b'\xe0\xb8\xad\xe0\xb8\x87'	-10.881620737779107
7527	(-1, -1)	b'\xe6\x83\x9c'	-10.689578889030486
7528	(-1, -1)	b'\xe9\xa2\x97'	-10.689724142861811
7529	(-1, -1)	b' expensive'	-10.688852936185537
7530	(-1, -1)	b' sector'	-10.443717857546888
7531	(-1, -1)	b'LA'	-10.126297248407965
7532	(-1, -1)	b'\xe5\xbf\x83\xe7\x9a\x84'	-10.805076955519045
7533	(-1, -1)	b'\xe7\x9b\xae\xe5\x89\x8d\xe7\x9a\x84'	-10.695697789240743
7534	(-1, -1)	b'\xe8\xb4\xbe'	-10.691177842783462
7535	(-1, -1)	b' Game'	-10.187418148150218
7536	(-1, -1)	b' jed'	-10.68335284995097
7537	(-1, -1)	b'\xe5\xa4\xa7\xe7\xba\xa6'	-10.676735072957644
7538	(-1, -1)	b'His'	-10.648600044066807
7539	(-1, -1)	b' Did'	-10.660520807908323
7540	(-1, -1)	b'\xe1\x8a\xab'	-10.269550766718298
7541	(-1, -1)	b'\xe4\xb8\x87\xe4\xba\xba'	-10.69103237765847
7542	(-1, -1)	b'\xe4\xbd\x86\xe5\x9c\xa8'	-10.761532878554219
7543	(-1, -1)	b'69'	-10.070729632187184
7544	(-1, -1)	b'Sc'	-10.703620365891593
7545	(-1, -1)	b' physical'	-10.433322283702877
7546	(-1, -1)	b'\xe1\x8a\xad'	-10.692342326175604
7547	(-1, -1)	b'\xe7\xab\x9e\xe6\x8a\x80'	-10.69190548597936
7548	(-1, -1)	b' \xe0\xa8\xae'	-10.692779357284607
7549	(-1, -1)	b' cheap'	-10.285906721096856
7550	(-1, -1)	b'\xe6\xb7\xb1\xe5\x85\xa5'	-10.694091597758687
7551	(-1, -1)	b'\xe8\xa9\xb2'	-10.694237508607417
7552	(-1, -1)	b' Robert'	-10.333790321830815
7553	(-1, -1)	b' civil'	-10.462058582566463
7554	(-1, -1)	b' surprised'	-10.694967382371663
7555	(-1, -1)	b' miles'	-10.550922669673824
7556	(-1, -1)	b'\xe6\xb2\x83\xe5\xb0\x94'	-10.695551665181156
7557	(-1, -1)	b'-e'	-10.766853704878947
7558	(-1, -1)	b' Research'	-10.632694861253446
7559	(-1, -1)	b'\xe8\x82\xa1\xe4\xb8\x9c'	-10.686099111704445
7560	(-1, -1)	b'\xe6\x91\xb8'	-10.696574982279447
7561	(-1, -1)	b" year's"	-10.69686755103519
7562	(-1, -1)	b'\xe0\xae\xbf\xe0\xae\xaf'	-10.697013867518004
7563	(-1, -1)	b' Ty'	-10.544997660219378
7564	(-1, -1)	b'\xe6\xb5\x93'	-10.697892216278909
7565	(-1, -1)	b'\xe8\xb5\xa0'	-10.697892216278909
7566	(-1, -1)	b'\xe6\x96\xb0\xe5\xa2\x9e'	-10.651252380374277
7567	(-1, -1)	b'\xe7\x9b\x91\xe7\x9d\xa3'	-10.699064549355732
7568	(-1, -1)	b' attend'	-10.070573198866569
7569	(-1, -1)	b' commercial'	-10.659251861668258
7570	(-1, -1)	b' agreed'	-10.700238258410662
7571	(-1, -1)	b'\xe4\xbc\x9a\xe5\x9c\xa8'	-10.777105352110311
7572	(-1, -1)	b'illa'	-10.478740217575883
7573	(-1, -1)	b'\xe6\x8a\xbc'	-10.700385068951922
7574	(-1, -1)	b' boost'	-10.65545465578369
7575	(-1, -1)	b' minor'	-10.601889939659884
7576	(-1, -1)	b'\xe6\xad\xa6\xe5\x99\xa8'	-10.7017073346261
7577	(-1, -1)	b' older'	-10.7017073346261
7578	(-1, -1)	b' occur'	-10.575239199243388
7579	(-1, -1)	b' Den'	-10.486652865886736
7580	(-1, -1)	b'\xe7\xb5\xb1'	-10.702442682846602
7581	(-1, -1)	b'\xe5\x8d\x8a\xe7\x90\x83'	-10.702442682846602
7582	(-1, -1)	b' write'	-9.953503002164853
7583	(-1, -1)	b' plenty'	-10.691177842783462
7584	(-1, -1)	b' systems'	-10.70258981740142
7585	(-1, -1)	b'\xe6\xa5\xad'	-10.70303135100194
7586	(-1, -1)	b' Muslim'	-10.7017073346261
7587	(-1, -1)	b' \xe1\xba\xb9'	-10.703178572202058
7588	(-1, -1)	b' speech'	-10.624904211585264
7589	(-1, -1)	b' offered'	-10.703620365891593
7590	(-1, -1)	b'\xe5\x8d\x83\xe4\xb8\x87'	-10.594334731079417
7591	(-1, -1)	b' Chris'	-10.003427801719502
7592	(-1, -1)	b'ato'	-10.554723028947553
7593	(-1, -1)	b' bigger'	-10.703767673839124
7594	(-1, -1)	b'\xe7\xa5\x9e\xe7\xa7\x98'	-10.704357122721502
7595	(-1, -1)	b' enter'	-9.80178028086196
7596	(-1, -1)	b'win'	-9.855565264350012
7597	(-1, -1)	b'\xe5\x9b\x9b\xe5\xb7\x9d'	-10.704799437509399
7598	(-1, -1)	b' 2010'	-10.703767673839124
7599	(-1, -1)	b' written'	-10.70450453924716
7600	(-1, -1)	b'\xe6\x95\xb0\xe7\xa0\x81\xe7\x9b\xb8\xe6\x9c\xba'	-10.705094422762276
7601	(-1, -1)	b' pictures'	-10.705389495057128
7602	(-1, -1)	b'-P'	-10.723104882058271
7603	(-1, -1)	b'\xe8\xa1\xa8\xe6\xbc\x94'	-10.664195723704909
7604	(-1, -1)	b'\xe9\x96\x8b'	-10.706127556940215
7605	(-1, -1)	b'\xe5\xbf\xbd'	-10.706127556940215
7606	(-1, -1)	b'64'	-9.968926751557511
7607	(-1, -1)	b' reality'	-10.706275234707595
7608	(-1, -1)	b'\xe5\xb8\xbd'	-10.706570655684633
7609	(-1, -1)	b' fighting'	-10.706570655684633
7610	(-1, -1)	b'\xe5\xae\xb6\xe7\x9a\x84'	-10.851115772805562
7611	(-1, -1)	b'Does'	-10.706866163961015
7612	(-1, -1)	b'\xe5\x9c\xa8\xe7\xba\xbf'	-10.696574982279447
7613	(-1, -1)	b' Korean'	-10.62109934220359
7614	(-1, -1)	b'\xe8\xbf\x81'	-10.70730959017477
7615	(-1, -1)	b'\xe5\xae\xb6\xe4\xba\xba'	-10.626675691233645
7616	(-1, -1)	b'\xe6\x9b\x9d\xe5\x85\x89'	-10.70790113115623
7617	(-1, -1)	b' hang'	-10.684508251581526
7618	(-1, -1)	b'\xe4\xb8\xaa\xe6\x80\xa7'	-10.565569814294586
7619	(-1, -1)	b' AM'	-10.748815585572073
7620	(-1, -1)	b'Where'	-10.702001409029043
7621	(-1, -1)	b' afford'	-10.701266385107674
7622	(-1, -1)	b'Trump'	-10.70849302226555
7623	(-1, -1)	b' transfer'	-10.60082610977232
7624	(-1, -1)	b'\xe6\x97\xa5\xe5\x85\x83'	-10.636819712420225
7625	(-1, -1)	b'\xd0\xbe\xd0\xb3\xd0\xbe'	-10.522502459496584
7626	(-1, -1)	b' obviously'	-10.709826059565815
7627	(-1, -1)	b' okay'	-10.709233379151371
7628	(-1, -1)	b' district'	-10.467510716018797
7629	(-1, -1)	b'HA'	-9.987610886329277
7630	(-1, -1)	b'\xe8\xa1\xab'	-10.710715739339802
7631	(-1, -1)	b' fear'	-10.34073408505178
7632	(-1, -1)	b' kwa'	-10.51040923204556
7633	(-1, -1)	b'\xe5\xa8\x81\xe5\xbb\x89'	-11.133236916213178
7634	(-1, -1)	b'\xe6\x81\xb0'	-10.711160876226742
7635	(-1, -1)	b'\xe7\xb4\xa7\xe5\xbc\xa0'	-10.711160876226742
7636	(-1, -1)	b' \xe0\xaa\x9c'	-10.711309299232582
7637	(-1, -1)	b'\xec\x95'	-10.711309299232582
7638	(-1, -1)	b' central'	-10.690741510873405
7639	(-1, -1)	b'\xe5\x89\x8d\xe6\x99\xaf'	-10.597111592367904
7640	(-1, -1)	b'gn'	-10.257032822319651
7641	(-1, -1)	b'\xe7\x89\xa9\xe8\xb4\xa8'	-10.689433656294772
7642	(-1, -1)	b'\xe5\xbe\x88\xe6\x9c\x89'	-10.716965759684973
7643	(-1, -1)	b'\x9e\xe1\x80'	-10.945197618894642
7644	(-1, -1)	b' drugs'	-10.694821364995336
7645	(-1, -1)	b' standard'	-10.712497477004923
7646	(-1, -1)	b' guard'	-10.519189776263506
7647	(-1, -1)	b'\xe7\xba\xa2\xe7\x90\x83'	-10.712646098540457
7648	(-1, -1)	b'\xe5\xaf\xbc\xe8\xaf\xad'	-10.712794742167635
7649	(-1, -1)	b'\xe6\x8b\x85\xe4\xbb\xbb'	-10.713389537724204
7650	(-1, -1)	b'gun'	-10.353625513003076
7651	(-1, -1)	b'acks'	-10.761064750278525
7652	(-1, -1)	b' Christmas'	-10.702736973607998
7653	(-1, -1)	b'\xe7\x94\xb3\xe8\xb4\xad'	-10.7150270520462
7654	(-1, -1)	b'\xe9\x80\x86'	-10.71562317725014
7655	(-1, -1)	b'\xe8\xa5\xbf\xe9\x83\xa8'	-10.660238680667067
7656	(-1, -1)	b'\xe5\xbf\xa0'	-10.715921373167067
7657	(-1, -1)	b'Photo'	-10.571231177845847
7658	(-1, -1)	b'\xe5\xae\xbd\xe6\x9d\xbe'	-10.71666725222007
7659	(-1, -1)	b'lan'	-9.22196895880708
7660	(-1, -1)	b' Trans'	-10.71472912265326
7661	(-1, -1)	b' Bowl'	-10.610844226016965
7662	(-1, -1)	b' mi'	-10.018607519912276
7663	(-1, -1)	b' terrible'	-10.71562317725014
7664	(-1, -1)	b' Virginia'	-10.700678754710275
7665	(-1, -1)	b' Year'	-10.559302606980575
7666	(-1, -1)	b' helping'	-10.715325070227513
7667	(-1, -1)	b'\xe5\xbb\xba\xe6\x9d\x90'	-10.717563042067969
7668	(-1, -1)	b' Ber'	-10.541234012570074
7669	(-1, -1)	b'\xe6\xb1\x9f\xe8\x8b\x8f'	-10.718459635074833
7670	(-1, -1)	b'\xe7\x9a\x84\xe6\x9c\xba\xe4\xbc\x9a'	-10.55130205633661
7671	(-1, -1)	b' analysis'	-10.718609145428703
7672	(-1, -1)	b' drink'	-10.047763225505014
7673	(-1, -1)	b'\xe5\x8e\x9f\xe5\x88\x99'	-10.684797310696126
7674	(-1, -1)	b' \xd8\xa8\xd8\xb1'	-10.56390325407295
7675	(-1, -1)	b'\xe7\xa7\x81\xe5\x8b\x9f'	-10.71935703268217
7676	(-1, -1)	b'\xe5\xb7\x9e\xe5\xb8\x82'	-10.892414437191166
7677	(-1, -1)	b'\xe5\x81\x9a\xe5\x87\xba'	-10.418703934895087
7678	(-1, -1)	b' lines'	-10.71980603366255
7679	(-1, -1)	b" You're"	-10.71980603366255
7680	(-1, -1)	b'\xe0\xa6\xaf\xe0\xa6\xbc'	-9.985884763921408
7681	(-1, -1)	b'\xe0\xb9\x81'	-10.67687847297223
7682	(-1, -1)	b'\xe8\x8f\x8c'	-10.720704640881921
7683	(-1, -1)	b'\xe6\xa2\xaf'	-10.721454097560935
7684	(-1, -1)	b' Justice'	-10.70303135100194
7685	(-1, -1)	b' Nigeria'	-10.316939108289091
7686	(-1, -1)	b' \xd8\xa7\xdb\x8c'	-10.318942314087174
7687	(-1, -1)	b' funding'	-10.721754037575181
7688	(-1, -1)	b' watched'	-10.722504281439615
7689	(-1, -1)	b'\xe5\x8f\xac\xe5\xbc\x80'	-10.709233379151371
7690	(-1, -1)	b'\xe5\x9c\xb0\xe5\x9d\x80'	-10.722654397780062
7691	(-1, -1)	b' choose'	-10.64040839812123
7692	(-1, -1)	b'Who'	-10.503271097568696
7693	(-1, -1)	b'\xe6\xbc\x86'	-10.72370584361482
7694	(-1, -1)	b' selling'	-10.72370584361482
7695	(-1, -1)	b' Williams'	-10.624495853858225
7696	(-1, -1)	b'\xe7\x8e\xb0\xe5\x9c\xa8\xe7\x9a\x84'	-10.724457553790787
7697	(-1, -1)	b'\xe5\x9c\xa8\xe4\xb8\xad\xe5\x9b\xbd'	-10.520415416814043
7698	(-1, -1)	b'Mr'	-10.60642388528515
7699	(-1, -1)	b'\xe5\x95\x86\xe5\x8a\xa1'	-10.724457553790787
7700	(-1, -1)	b' AND'	-10.721604056322557
7701	(-1, -1)	b'\xe4\xb9\x9f\xe6\xb2\xa1\xe6\x9c\x89'	-10.725059329045894
7702	(-1, -1)	b'\xe4\xbe\xb5'	-10.725661466652527
7703	(-1, -1)	b' rating'	-10.402986734942731
7704	(-1, -1)	b'ils'	-10.027332732803146
7705	(-1, -1)	b'\xe5\xbe\x8b\xe5\xb8\x88'	-10.724457553790787
7706	(-1, -1)	b'\xe5\xb0\xb1\xe5\x83\x8f'	-10.726565353426933
7707	(-1, -1)	b' books'	-10.7049469192588
7708	(-1, -1)	b'\xe9\x8e\xae'	-11.054692701615082
7709	(-1, -1)	b'\xcc\x80'	-10.728073649338818
7710	(-1, -1)	b' forces'	-10.7279227173334
7711	(-1, -1)	b'\xe6\x9c\xac\xe5\x9c\xba\xe6\xaf\x94\xe8\xb5\x9b'	-10.72852658208605
7712	(-1, -1)	b'\xe5\x8f\x97\xe4\xbc\xa4'	-10.750512200461966
7713	(-1, -1)	b'\xe4\xbc\xb8'	-10.729281926181182
7714	(-1, -1)	b' brain'	-10.619608524010554
7715	(-1, -1)	b' extremely'	-10.730189092859662
7716	(-1, -1)	b'\xe4\xbe\x8b\xe5\xa6\x82'	-10.730340367347509
7717	(-1, -1)	b'\xe7\x90\x86\xe8\xae\xba'	-10.730037841252326
7718	(-1, -1)	b'\xe3\x82\x8c'	-10.73139992999867
7719	(-1, -1)	b'\xe9\x82\x80\xe8\xaf\xb7'	-10.73170286850447
7720	(-1, -1)	b'\xe5\x8c\xba\xe7\x9a\x84'	-10.80442506501356
7721	(-1, -1)	b'\xe5\xaf\xb9\xe8\xb1\xa1'	-10.731854372178724
7722	(-1, -1)	b'\xe0\xaa\xb8'	-10.7017073346261
7723	(-1, -1)	b'\xe7\xa7\x91\xe5\xad\xa6\xe5\xae\xb6'	-10.70790113115623
7724	(-1, -1)	b'\xe5\x9f\xba\xe5\x9c\xb0'	-10.729886612518579
7725	(-1, -1)	b'encies'	-11.316011269030264
7726	(-1, -1)	b' implement'	-10.71950667727654
7727	(-1, -1)	b' writing'	-10.706275234707595
7728	(-1, -1)	b'\xe5\x9c\xba\xe7\x9a\x84'	-11.071787134974382
7729	(-1, -1)	b'\xe6\x84\x8f\xe5\xa4\x96'	-10.73534530689189
7730	(-1, -1)	b'\xd9\x87\xd8\xa7'	-10.581477036233945
7731	(-1, -1)	b'\xe7\xbb\xb4\xe6\x8a\xa4'	-10.735193273444239
7732	(-1, -1)	b' shots'	-10.735193273444239
7733	(-1, -1)	b'fr'	-9.828127079322654
7734	(-1, -1)	b' Jeff'	-10.73534530689189
7735	(-1, -1)	b' considering'	-10.73534530689189
7736	(-1, -1)	b'\xe4\xb8\x93\xe9\x97\xa8'	-10.735953671929664
7737	(-1, -1)	b'\xe0\xa6\xae'	-10.551681586988266
7738	(-1, -1)	b' feature'	-10.37842712053048
7739	(-1, -1)	b' download'	-10.736105821036082
7740	(-1, -1)	b'mi'	-9.049954863769726
7741	(-1, -1)	b'\xe5\x9c\xa8\xe4\xb8\x80\xe8\xb5\xb7'	-10.66759998231171
7742	(-1, -1)	b'\xd0\xbd\xd0\xb8'	-9.188880064991368
7743	(-1, -1)	b' IT'	-10.752521008987284
7744	(-1, -1)	b'\xe4\xbf\x8a'	-10.737780990848364
7745	(-1, -1)	b'\xe4\xb8\x8d\xe7\xae\xa1'	-10.71741368802393
7746	(-1, -1)	b' Apple'	-10.722654397780062
7747	(-1, -1)	b'\xe5\x85\x84\xe5\xbc\x9f'	-10.738390839929622
7748	(-1, -1)	b'SD'	-10.665754570474201
7749	(-1, -1)	b' restr'	-10.947638705450924
7750	(-1, -1)	b' learned'	-10.739001061153743
7751	(-1, -1)	b' sweet'	-10.667031800478243
7752	(-1, -1)	b' posts'	-10.737019202131703
7753	(-1, -1)	b'\xe7\xaa\x81\xe5\x87\xba'	-10.515888030677639
7754	(-1, -1)	b' criminal'	-10.52004756689266
7755	(-1, -1)	b'\xe5\x8a\x9e\xe5\x85\xac\xe5\xae\xa4'	-10.74022262184924
7756	(-1, -1)	b' committee'	-10.649436864199322
7757	(-1, -1)	b' random'	-10.739458971563943
7758	(-1, -1)	b'\xe8\x83\xb6'	-10.740681092094912
7759	(-1, -1)	b'\xe8\xb4\xba'	-10.740681092094912
7760	(-1, -1)	b' \xd0\x9f'	-10.740833962232028
7761	(-1, -1)	b'\xe5\xbe\xa1'	-10.740986855741996
7762	(-1, -1)	b'\xe5\x88\xab\xe4\xba\xba'	-10.543741536451652
7763	(-1, -1)	b'\xe6\x88\x98\xe4\xba\x89'	-10.741445676580511
7764	(-1, -1)	b' Feb'	-10.709529675449835
7765	(-1, -1)	b'\xe9\x87\x8f\xe7\x9a\x84'	-10.836037130486647
7766	(-1, -1)	b'\xe5\xbc\xba\xe7\x83\x88'	-10.740833962232028
7767	(-1, -1)	b' population'	-10.612994475467948
7768	(-1, -1)	b' aware'	-10.373862114460724
7769	(-1, -1)	b'\xe0\xa4\xa8\xe0\xa5\x87'	-10.00328154943405
7770	(-1, -1)	b'\xe7\xa7\xbb\xe5\x8a\xa8'	-10.734585370689956
7771	(-1, -1)	b' tournament'	-10.606824928001574
7772	(-1, -1)	b'\xe5\x9c\xa8\xe4\xba\x8e'	-10.593278904136938
7773	(-1, -1)	b'\xe5\x80\x8d\xe5\x85\x89\xe5\xad\xa6\xe5\x8f\x98\xe7\x84\xa6'	-10.743129823039975
7774	(-1, -1)	b'\xe1\x8b\x9d'	-10.743129823039975
7775	(-1, -1)	b'\xe8\xaf\x91'	-10.743283068002347
7776	(-1, -1)	b'\xe9\xac\xbc'	-10.743283068002347
7777	(-1, -1)	b'\xd0\xbb\xd0\xb0'	-9.43770852752558
7778	(-1, -1)	b'\xcc\x81'	-10.743436336452337
7779	(-1, -1)	b' attacks'	-10.743742943843976
7780	(-1, -1)	b' keeping'	-10.743742943843976
7781	(-1, -1)	b'\xe0\xaf\x87'	-10.743896282800039
7782	(-1, -1)	b'\xe6\xb3\x89'	-10.744049645272542
7783	(-1, -1)	b' Prime'	-10.68827255311643
7784	(-1, -1)	b'\xe4\xbf\x84\xe7\xbd\x97\xe6\x96\xaf'	-10.744356440795734
7785	(-1, -1)	b'\xe8\x8a\xb3'	-10.74450987386086
7786	(-1, -1)	b' connect'	-10.406263635745045
7787	(-1, -1)	b' \xda\xa9\xdb\x81'	-10.744970314357062
7788	(-1, -1)	b'\xe6\x91\x87'	-10.745738186620853
7789	(-1, -1)	b'-th'	-10.768581227884152
7790	(-1, -1)	b' bomb'	-10.374709841543387
7791	(-1, -1)	b'\xe1\xba\xa5'	-10.714133530021003
7792	(-1, -1)	b' \xe0\xa4\xaa\xe0\xa5\x8d\xe0\xa4\xb0'	-10.746045500698257
7793	(-1, -1)	b' organization'	-10.240675024296069
7794	(-1, -1)	b'\xe7\xa1\xae\xe8\xae\xa4'	-10.725209829460056
7795	(-1, -1)	b' witness'	-10.74681419932939
7796	(-1, -1)	b'\xe5\xb0\x96'	-10.746968009988771
7797	(-1, -1)	b' NBA'	-10.743129823039975
7798	(-1, -1)	b'\xe4\xbf\x83\xe9\x94\x80'	-10.744049645272542
7799	(-1, -1)	b' designed'	-10.74758348931271
7800	(-1, -1)	b' modern'	-10.739458971563943
7801	(-1, -1)	b'\xe5\x87\xa0\xe5\xb9\xb4'	-10.402332641384035
7802	(-1, -1)	b'72'	-10.13810906432636
7803	(-1, -1)	b'\xe6\xb3\xa8\xe5\x86\x8c'	-10.747275702298891
7804	(-1, -1)	b'\xe8\x90\xa5\xe4\xb8\x9a'	-10.74666041232409
7805	(-1, -1)	b'DS'	-10.683641575230874
7806	(-1, -1)	b' Because'	-10.749123846980185
7807	(-1, -1)	b' Government'	-10.72747005795185
7808	(-1, -1)	b'\xe7\x9c\x8b\xe7\x9c\x8b'	-10.619608524010554
7809	(-1, -1)	b' yards'	-10.745123841646839
7810	(-1, -1)	b'\xe5\xb9\xb3\xe6\x96\xb9\xe5\x85\xac\xe9\x87\x8c'	-10.749432203442696
7811	(-1, -1)	b'\xe5\xba\x94\xe5\xbd\x93'	-10.74789137108854
7812	(-1, -1)	b'IA'	-10.54211093088496
7813	(-1, -1)	b' broke'	-10.433209879948473
7814	(-1, -1)	b' click'	-10.516010123346126
7815	(-1, -1)	b'\xe6\xa3\x92'	-10.750203510846921
7816	(-1, -1)	b' defend'	-10.01194724220233
7817	(-1, -1)	b'\xe5\xb8\x82\xe6\xb0\x91'	-10.73367420889571
7818	(-1, -1)	b' highly'	-10.750666581010323
7819	(-1, -1)	b' \xeb\xb0'	-10.750666581010323
7820	(-1, -1)	b' \xec\x95'	-10.750820985395714
7821	(-1, -1)	b' homes'	-10.737628586672194
7822	(-1, -1)	b'\xe8\xae\xa9\xe6\x88\x91\xe4\xbb\xac'	-10.702736973607998
7823	(-1, -1)	b'\xe5\xb0\x98'	-10.751438841454913
7824	(-1, -1)	b'\xe5\x9f\xb9\xe8\xae\xad'	-10.75128434164773
7825	(-1, -1)	b' upon'	-10.751747912698294
7826	(-1, -1)	b'\xe5\xa6\x82\xe6\x9e\x9c\xe4\xbd\xa0'	-10.675875104436823
7827	(-1, -1)	b' culture'	-10.627084940267391
7828	(-1, -1)	b' opportunities'	-10.752211698746647
7829	(-1, -1)	b' \xe0\xb6\xaf'	-10.752366341907862
7830	(-1, -1)	b'\xe7\x9a\x84\xe5\xa5\xbd'	-10.761532878554219
7831	(-1, -1)	b' names'	-10.752830414930346
7832	(-1, -1)	b'\xe7\x93\x9c'	-10.753139916635076
7833	(-1, -1)	b' Other'	-10.753139916635076
7834	(-1, -1)	b'These'	-10.753294703416593
7835	(-1, -1)	b' Mer'	-10.44428594254768
7836	(-1, -1)	b' College'	-10.72701760337811
7837	(-1, -1)	b'\xe4\xb9\x8b\xe4\xb8\xad'	-10.69248798199117
7838	(-1, -1)	b' toward'	-10.754843890403423
7839	(-1, -1)	b'\xe6\x84\x9f\xe8\xb0\xa2'	-10.756395481094842
7840	(-1, -1)	b'\xe5\xae\xa0\xe7\x89\xa9'	-10.755774555896377
7841	(-1, -1)	b' \xd8\xa7\xd8\xb3'	-10.756084970302096
7842	(-1, -1)	b' \xe0\xa8\x9c'	-10.89188086670274
7843	(-1, -1)	b'\xe5\x91\x98\xe5\xb7\xa5'	-10.75872739042982
7844	(-1, -1)	b' Daily'	-10.756706088334488
7845	(-1, -1)	b' funds'	-10.757172180163014
7846	(-1, -1)	b' subject'	-10.53350040785372
7847	(-1, -1)	b'\xe6\x97\xa5\xe7\x9a\x84'	-10.810799197896785
7848	(-1, -1)	b'\xe8\xb5\x8c'	-10.757483028782241
7849	(-1, -1)	b' Vegas'	-10.757483028782241
7850	(-1, -1)	b'\xe4\xba\x95'	-10.757793974058378
7851	(-1, -1)	b' \xe0\xa8\x87'	-10.758105016051553
7852	(-1, -1)	b' Sports'	-10.757016792080966
7853	(-1, -1)	b'\xe4\xb9\x9f\xe5\xb0\xb1\xe6\x98\xaf'	-10.759038722935449
7854	(-1, -1)	b' District'	-10.749894916491748
7855	(-1, -1)	b' vehicles'	-10.759505903509234
7856	(-1, -1)	b' paying'	-10.759505903509234
7857	(-1, -1)	b'\xe6\x8a\x9b'	-10.759661678881463
7858	(-1, -1)	b'\xe6\x96\x87\xe4\xbb\xb6'	-10.759817478523438
7859	(-1, -1)	b'inary'	-10.726113307913321
7860	(-1, -1)	b' Club'	-10.759038722935449
7861	(-1, -1)	b'86'	-10.190411371619268
7862	(-1, -1)	b' profit'	-10.478857857714832
7863	(-1, -1)	b' winner'	-10.388049775771059
7864	(-1, -1)	b' \xe0\xaa\x86'	-10.761220768689014
7865	(-1, -1)	b' happening'	-10.737933418255107
7866	(-1, -1)	b' sources'	-10.761532878554219
7867	(-1, -1)	b'110'	-10.45652095881692
7868	(-1, -1)	b'\xe4\xbc\x81\xe4\xb8\x9a\xe7\x9a\x84'	-10.722504281439615
7869	(-1, -1)	b' \xe0\xae\x9a'	-10.762001226076636
7870	(-1, -1)	b'\xe4\xb8\x8b\xe5\x8d\x8a\xe5\xb9\xb4'	-10.674586536716111
7871	(-1, -1)	b'\xe6\xa0\xbc\xe5\xbc\x8f'	-10.762469793051238
7872	(-1, -1)	b'Our'	-10.748661490495104
7873	(-1, -1)	b'\xe8\xbf\x98\xe6\xb2\xa1\xe6\x9c\x89'	-10.763563970573454
7874	(-1, -1)	b' noted'	-10.763563970573454
7875	(-1, -1)	b'\xe1\x88\xb3'	-10.59737645795017
7876	(-1, -1)	b' path'	-10.621506315009858
7877	(-1, -1)	b' Ra'	-9.064118964264834
7878	(-1, -1)	b'\xe9\x98\xb5\xe5\xae\xb9'	-10.764189752821661
7879	(-1, -1)	b'\xe8\xae\xbe\xe6\x96\xbd'	-10.761220768689014
7880	(-1, -1)	b' dollars'	-10.764189752821661
7881	(-1, -1)	b'http'	-10.570715181962367
7882	(-1, -1)	b' contest'	-10.764346259590898
7883	(-1, -1)	b'\xe6\x94\xbe\xe5\xbc\x83'	-10.765599196324894
7884	(-1, -1)	b' digital'	-10.719955745467605
7885	(-1, -1)	b'\xd9\x8a\xd8\xb1'	-10.757483028782241
7886	(-1, -1)	b'\xe8\x90\xbd\xe5\xae\x9e'	-10.764815926918514
7887	(-1, -1)	b'\xe6\x99\x8b'	-10.766539930166614
7888	(-1, -1)	b' Ryan'	-10.762938579683777
7889	(-1, -1)	b'\xe8\xbf\x99\xe4\xb8\xa4'	-10.731097083236815
7890	(-1, -1)	b'real'	-10.687112796535292
7891	(-1, -1)	b' uses'	-10.767010629163302
7892	(-1, -1)	b'\xe6\xb5\x81\xe8\xa1\x8c'	-10.499901254447146
7893	(-1, -1)	b' coverage'	-10.760440919940141
7894	(-1, -1)	b' Sn'	-10.786822672699671
7895	(-1, -1)	b'\xe9\xb8\xa1'	-10.767795620176216
7896	(-1, -1)	b' od'	-10.081108715767702
7897	(-1, -1)	b'\xe5\xae\x98\xe5\x91\x98'	-10.767324551627032
7898	(-1, -1)	b'uun'	-10.898481550734092
7899	(-1, -1)	b' benefit'	-10.612322025708226
7900	(-1, -1)	b'\xe5\xbb\xb6\xe7\xbb\xad'	-10.768738423514437
7901	(-1, -1)	b'\xe4\xba\xa4\xe9\x94\x8b'	-10.769210158722492
7902	(-1, -1)	b'\xe5\xb1\x8f\xe5\xb9\x95'	-10.840925467233086
7903	(-1, -1)	b'TF'	-10.89205869190104
7904	(-1, -1)	b'\xe6\x98\xaf\xe4\xb8\x8d\xe6\x98\xaf'	-10.719656344267763
7905	(-1, -1)	b' 45'	-10.763251226239396
7906	(-1, -1)	b' spoke'	-10.445764475657516
7907	(-1, -1)	b' mad'	-10.689869417794876
7908	(-1, -1)	b' seemed'	-10.770784218546941
7909	(-1, -1)	b' Party'	-10.770154297266268
7910	(-1, -1)	b' electric'	-10.592883256258384
7911	(-1, -1)	b'\xe7\x81\xad'	-10.771414536878558
7912	(-1, -1)	b' sides'	-10.760440919940141
7913	(-1, -1)	b'\xe7\xa3\xa8'	-10.771729845094947
7914	(-1, -1)	b'\xe8\xa1\xa3\xe6\x9c\x8d'	-10.771729845094947
7915	(-1, -1)	b'rick'	-10.38912469794271
7916	(-1, -1)	b' realize'	-10.255243828857248
7917	(-1, -1)	b"We're"	-10.772360759942375
7918	(-1, -1)	b'\xe5\x8a\x9b\xe5\xba\xa6'	-10.728979720074317
7919	(-1, -1)	b' Sur'	-10.843293933912932
7920	(-1, -1)	b' skills'	-10.762157390674439
7921	(-1, -1)	b' hack'	-10.712200300182527
7922	(-1, -1)	b'arn'	-10.571876547342272
7923	(-1, -1)	b'\xe4\xb8\x9a\xe5\x86\x85\xe4\xba\xba\xe5\xa3\xab'	-10.769839485363779
7924	(-1, -1)	b'\xe8\xba\xab\xe6\x9d\x90'	-10.772834207438
7925	(-1, -1)	b' organiz'	-10.93809611269033
7926	(-1, -1)	b'\xd1\x80\xd1\x83'	-10.549154099228
7927	(-1, -1)	b" d'"	-10.770311740390266
7928	(-1, -1)	b'\xe4\xb9\x9f\xe8\x83\xbd'	-10.776154631075304
7929	(-1, -1)	b' Out'	-10.7543788822574
7930	(-1, -1)	b'120'	-10.351240980226322
7931	(-1, -1)	b' corner'	-10.610844226016965
7932	(-1, -1)	b' \xda\xa9\xd9\x88'	-10.48239351254714
7933	(-1, -1)	b' born'	-10.748353371558759
7934	(-1, -1)	b' border'	-10.581607405831939
7935	(-1, -1)	b' provides'	-10.778374387813617
7936	(-1, -1)	b'\xe5\x88\xb6\xe5\xae\x9a'	-10.659815638991153
7937	(-1, -1)	b'\xe6\x98\xaf\xe7\x94\xb1'	-10.75624021364635
7938	(-1, -1)	b' \xe0\xaa\xb5'	-10.894195064442268
7939	(-1, -1)	b' raise'	-10.582129054252741
7940	(-1, -1)	b'wr'	-10.55981274600452
7941	(-1, -1)	b'\xc3\xb4ng'	-10.459747511512415
7942	(-1, -1)	b' Germany'	-10.77980398062321
7943	(-1, -1)	b'\xe5\x9c\xa8\xe6\xad\xa4'	-10.711160876226742
7944	(-1, -1)	b' decades'	-10.780121945649737
7945	(-1, -1)	b'\xe6\x98\xaf\xe4\xb8\x8d'	-10.893660543271412
7946	(-1, -1)	b'\xe8\xbf\x99\xe9\x83\xa8'	-10.716219658031322
7947	(-1, -1)	b'\xe7\x9a\x84\xe8\xae\xbe\xe8\xae\xa1'	-10.550543426890693
7948	(-1, -1)	b' Kn'	-10.562623171972911
7949	(-1, -1)	b' advantage'	-10.654893331042596
7950	(-1, -1)	b' unique'	-10.758260573335837
7951	(-1, -1)	b' hits'	-10.781554040730997
7952	(-1, -1)	b'\xe8\x81\x98'	-10.782031861875709
7953	(-1, -1)	b'\xe0\xab\x81\xe0\xaa\x82'	-10.782031861875709
7954	(-1, -1)	b'war'	-10.333586821626612
7955	(-1, -1)	b' fill'	-10.250363939293525
7956	(-1, -1)	b' finding'	-10.442809592271008
7957	(-1, -1)	b' boss'	-10.782191186340318
7958	(-1, -1)	b'5000'	-10.63146071642762
7959	(-1, -1)	b"What's"	-10.31994542381117
7960	(-1, -1)	b' favour'	-10.71443128199581
7961	(-1, -1)	b' successful'	-10.499180620257901
7962	(-1, -1)	b' owner'	-10.500862908566212
7963	(-1, -1)	b'\xeb\xa5\xbc'	-10.783307168919272
7964	(-1, -1)	b'\xe9\xa2\x91\xe9\x81\x93'	-10.767167578076753
7965	(-1, -1)	b'\xe7\x96\xb2'	-10.78490359326854
7966	(-1, -1)	b'\xe3\x81\x8b'	-10.78490359326854
7967	(-1, -1)	b' mere'	-10.776629878609
7968	(-1, -1)	b' brief'	-10.785223184194878
7969	(-1, -1)	b'\xe6\x8f\x90\xe4\xbe\x9b\xe4\xba\x86'	-10.64456525598442
7970	(-1, -1)	b' Wood'	-10.785383017968094
7971	(-1, -1)	b' bond'	-10.785383017968094
7972	(-1, -1)	b' healthy'	-10.785702762175454
7973	(-1, -1)	b' picked'	-10.785862672625942
7974	(-1, -1)	b'rin'	-10.232273553099391
7975	(-1, -1)	b' dd'	-10.868160172686569
7976	(-1, -1)	b'\xe1\x8d\x8d'	-10.613129019699567
7977	(-1, -1)	b'\xe0\xaa\xb9'	-10.393868130726297
7978	(-1, -1)	b'pa'	-9.451257283749644
7979	(-1, -1)	b' knowledge'	-10.78666260867372
7980	(-1, -1)	b'\xe5\x90\x8c\xe6\xaf\x94\xe5\xa2\x9e\xe9\x95\xbf'	-10.788104108082454
7981	(-1, -1)	b' \xc3\xb6'	-10.788264403025492
7982	(-1, -1)	b'\xe5\x88\x86\xe5\xb8\x83'	-10.786822672699671
7983	(-1, -1)	b' tend'	-10.445309309514018
7984	(-1, -1)	b' Association'	-10.775363053419786
7985	(-1, -1)	b'\xe0\xa8\xbe\xe0\xa8\xb0'	-10.789226712642657
7986	(-1, -1)	b'\xe7\x9b\xb4\xe5\x88\xb0'	-10.786982762350217
7987	(-1, -1)	b'eb'	-10.04600649410039
7988	(-1, -1)	b'\xe6\x8e\xa5\xe8\xa7\xa6'	-10.789547688411742
7989	(-1, -1)	b'\xe6\x97\xba'	-10.790189949191687
7990	(-1, -1)	b' learning'	-10.78298818965022
7991	(-1, -1)	b'sen'	-10.017271910898714
7992	(-1, -1)	b'\xe5\xb0\x8f\xe7\x89\x9b'	-10.759817478523438
7993	(-1, -1)	b' prec'	-10.466464386794696
7994	(-1, -1)	b' \xdb\x81\xdb\x92'	-10.791314899089352
7995	(-1, -1)	b' society'	-10.791475709574541
7996	(-1, -1)	b' thunderstorms'	-10.791475709574541
7997	(-1, -1)	b'\xe9\x95\xbf\xe7\x9a\x84'	-10.777422460088234
7998	(-1, -1)	b'\xe5\x85\xac\xe5\x9b\xad'	-10.791797408145758
7999	(-1, -1)	b' sitting'	-10.79195829624843
8000	(-1, -1)	b'\xe9\xa9\xac\xe4\xb8\x8a'	-10.803448025365732
8001	(-1, -1)	b'\xe8\xb6\xb3\xe5\xa4\x9f'	-10.788264403025492
8002	(-1, -1)	b'\xe6\x88\x90\xe9\x83\xbd'	-10.788585070015573
8003	(-1, -1)	b' device'	-10.792763125265717
8004	(-1, -1)	b'\xe0\xa6\xbe\xe0\xa6\xa8'	-10.793407455184916
8005	(-1, -1)	b'\xe5\x90\x8d\xe5\x8d\x95'	-10.793246333779589
8006	(-1, -1)	b'\xe9\x85\x8d\xe5\xa5\x97'	-10.793568602554533
8007	(-1, -1)	b' v\xc3\xa0'	-10.79372977589681
8008	(-1, -1)	b'PA'	-10.251206833279277
8009	(-1, -1)	b'\xe5\x9b\xbe\xe5\x83\x8f'	-10.794052200532846
8010	(-1, -1)	b' Our'	-10.781713289079132
8011	(-1, -1)	b' \xd2\xb3'	-10.79453603249132
8012	(-1, -1)	b'ere'	-10.39635663620309
8013	(-1, -1)	b'\xe5\xa4\x9a\xe5\x85\x83'	-10.69965123168409
8014	(-1, -1)	b'\xe6\x8a\x91'	-10.795020098656481
8015	(-1, -1)	b'\xe6\x89\xae\xe6\xbc\x94'	-10.795181506129998
8016	(-1, -1)	b'\xe6\x89\x8b\xe6\x9c\xaf'	-10.792924168828348
8017	(-1, -1)	b'\xe6\xbd\x98'	-10.795342939660094
8018	(-1, -1)	b'\xe9\x81\x8e'	-10.79550439925518
8019	(-1, -1)	b'\xd9\x84\xdb\x8c'	-10.231079084266234
8020	(-1, -1)	b'\xe7\xbe\x85'	-10.79615049845388
8021	(-1, -1)	b' sick'	-10.794858717231133
8022	(-1, -1)	b'\xe4\xb8\x87\xe5\xb9\xb3\xe6\x96\xb9\xe7\xb1\xb3'	-10.794213451843364
8023	(-1, -1)	b'89'	-10.117406105617906
8024	(-1, -1)	b'54'	-10.17189232385203
8025	(-1, -1)	b' \xe0\xaa\x9b\xe0\xab\x87'	-10.79728217750118
8026	(-1, -1)	b'\xe5\xb9\x85\xe5\xba\xa6'	-10.465767441708987
8027	(-1, -1)	b' Committee'	-10.782350536193256
8028	(-1, -1)	b'\xe7\xa2\xb0'	-10.798091304497342
8029	(-1, -1)	b' \xe1\xbb\xa5'	-10.798415138697063
8030	(-1, -1)	b'lad'	-10.13260170728194
8031	(-1, -1)	b'Ind'	-10.916177931643352
8032	(-1, -1)	b' Louis'	-10.69103237765847
8033	(-1, -1)	b'\xe5\xb0\xb1\xe8\xa6\x81'	-10.799063121872175
8034	(-1, -1)	b'\xe0\xaf\x86'	-10.79890108671019
8035	(-1, -1)	b'\xe5\x8f\xb0\xe5\x8c\x97'	-10.797767575132262
8036	(-1, -1)	b'\xe7\x8e\xa9\xe6\xb3\x95'	-10.800035884594797
8037	(-1, -1)	b'\xe5\xb9\xbf\xe8\xa7\x92'	-10.799873691747145
8038	(-1, -1)	b' sport'	-10.799549384950076
8039	(-1, -1)	b'\xe8\x87\xaa\xe4\xb8\xbb'	-10.797767575132262
8040	(-1, -1)	b'met'	-10.254585531941576
8041	(-1, -1)	b'\xe0\xb6\xb4'	-10.800522621036627
8042	(-1, -1)	b'\xe4\xb8\x80\xe5\xae\x9a\xe7\x9a\x84'	-10.593015121492305
8043	(-1, -1)	b'\xe6\x8d\x90'	-10.80068491917867
8044	(-1, -1)	b'\xe6\x96\x87\xe7\xab\xa0'	-10.800847243665675
8045	(-1, -1)	b'\xe6\x8a\xa5\xe8\xae\xb0\xe8\x80\x85'	-10.802471939392678
8046	(-1, -1)	b'\xe6\xa1\x83'	-10.801171971708795
8047	(-1, -1)	b'87'	-10.208471557348052
8048	(-1, -1)	b' onto'	-10.761532878554219
8049	(-1, -1)	b' drivers'	-10.802146789007761
8050	(-1, -1)	b'\xe4\xb8\x80\xe5\xba\xa6'	-10.702442682846602
8051	(-1, -1)	b' Jim'	-10.788264403025492
8052	(-1, -1)	b' \xd0\xb7\xd0\xb0'	-10.127455613587962
8053	(-1, -1)	b'\xe4\xb8\xad\xe6\x96\xb9'	-10.791636545923904
8054	(-1, -1)	b' Ak'	-10.934564182259745
8055	(-1, -1)	b' launched'	-10.803285278193105
8056	(-1, -1)	b' v\xc9\x99'	-10.74681419932939
8057	(-1, -1)	b' Na'	-9.592323123994646
8058	(-1, -1)	b' yi'	-10.411529115220807
8059	(-1, -1)	b'\xe7\x90\x83\xe5\xa4\xb1'	-10.804587997804143
8060	(-1, -1)	b' joined'	-10.80442506501356
8061	(-1, -1)	b' \xe0\xb0\xae'	-10.80442506501356
8062	(-1, -1)	b' iz'	-10.901349450172425
8063	(-1, -1)	b' Service'	-10.803448025365732
8064	(-1, -1)	b'\xd9\x88\xda\xba'	-10.752521008987284
8065	(-1, -1)	b' broken'	-10.803936425863842
8066	(-1, -1)	b' benefits'	-10.805403060201536
8067	(-1, -1)	b'Then'	-10.806708543415667
8068	(-1, -1)	b' parties'	-10.806218787467586
8069	(-1, -1)	b' Fox'	-10.788745442079104
8070	(-1, -1)	b' offering'	-10.638750481189938
8071	(-1, -1)	b'\xe4\xb8\x8d\xe4\xba\x86'	-10.800847243665675
8072	(-1, -1)	b' listen'	-10.217851981502404
8073	(-1, -1)	b'ISO'	-10.594598862089935
8074	(-1, -1)	b'\xe6\x80\xbb\xe4\xbd\x93'	-10.808015733144288
8075	(-1, -1)	b' bunch'	-10.79372977589681
8076	(-1, -1)	b' achieve'	-10.492837471708224
8077	(-1, -1)	b' fired'	-10.809160927543473
8078	(-1, -1)	b'\xe7\xad\x89\xe5\xbe\x85'	-10.809324633854718
8079	(-1, -1)	b'\xe8\xbf\x98\xe8\x83\xbd'	-10.816059772250943
8080	(-1, -1)	b' \xe0\xa6\xae'	-10.809488366970106
8081	(-1, -1)	b' Love'	-10.724908851278702
8082	(-1, -1)	b'\xe7\x8e\xaf\xe6\xaf\x94'	-10.809488366970106
8083	(-1, -1)	b'\xe8\xa3\x82'	-10.810143567648746
8084	(-1, -1)	b'\xe4\xb8\xa4\xe6\xac\xa1'	-10.797767575132262
8085	(-1, -1)	b'People'	-10.807035180687883
8086	(-1, -1)	b'\xe8\xa2\xad'	-10.810307434916625
8087	(-1, -1)	b'\xe7\x8e\x9b'	-10.810635250031838
8088	(-1, -1)	b'\xe1\x8b\x88'	-10.810635250031838
8089	(-1, -1)	b'\xe6\x97\x8b'	-10.810799197896785
8090	(-1, -1)	b'\xe6\x94\xaf\xe6\x92\x91'	-10.810799197896785
8091	(-1, -1)	b'\xe0\xb0\xbe\xe0\xb0\xb2'	-11.15914688333141
8092	(-1, -1)	b'\xe5\xbf\x8d'	-10.811127174285424
8093	(-1, -1)	b'\xe9\xb9\xb0'	-10.811127174285424
8094	(-1, -1)	b' bench'	-10.740986855741996
8095	(-1, -1)	b'\xe1\x88\x95'	-10.447131218467081
8096	(-1, -1)	b'\xe9\x98\xb3\xe5\x85\x89'	-10.811127174285424
8097	(-1, -1)	b" we'll"	-10.811291202826759
8098	(-1, -1)	b'\xe7\x9a\x84\xe7\x94\x9f\xe6\xb4\xbb'	-10.397006831284513
8099	(-1, -1)	b'\xe9\x98\xb2\xe6\x8a\x96'	-10.811455258277869
8100	(-1, -1)	b'\xe9\x97\xb9'	-10.811947586178189
8101	(-1, -1)	b' scr'	-9.90874275909994
8102	(-1, -1)	b' ayaa'	-10.75624021364635
8103	(-1, -1)	b'\xe6\x9d\xa5\xe6\xba\x90'	-10.811619340647587
8104	(-1, -1)	b' Central'	-10.807688775482392
8105	(-1, -1)	b'\xe7\x9a\x84\xe4\xbb\xb7\xe6\xa0\xbc'	-10.46148031388673
8106	(-1, -1)	b'\xe9\x83\x8e'	-10.812440156584668
8107	(-1, -1)	b'\xe5\xbe\x88\xe5\xa4\x9a\xe4\xba\xba'	-10.781713289079132
8108	(-1, -1)	b'\xe7\x9a\x84\xe5\x8e\x9f\xe5\x9b\xa0'	-10.64220758205408
8109	(-1, -1)	b' appears'	-10.813097294771612
8110	(-1, -1)	b'\xe5\xae\x9e\xe5\x9c\xa8'	-10.814577436477578
8111	(-1, -1)	b' insurance'	-10.81096317264504
8112	(-1, -1)	b' \xd8\xa7\xd8\xb2'	-10.813426025872536
8113	(-1, -1)	b' supply'	-10.761220768689014
8114	(-1, -1)	b'\xe9\x83\xbd\xe8\x83\xbd'	-10.814577436477578
8115	(-1, -1)	b'\xe0\xa4\x95\xe0\xa4\xbe'	-10.331046557089332
8116	(-1, -1)	b' Thomas'	-10.798577095131137
8117	(-1, -1)	b' served'	-10.815071304295666
8118	(-1, -1)	b'\xe6\x97\xa5\xe8\xb5\xb7'	-10.816059772250943
8119	(-1, -1)	b'\xe5\xaf\xb9\xe8\xaf\x9d'	-10.81096317264504
8120	(-1, -1)	b'\xe8\xaf\xa6\xe7\xbb\x86'	-10.81638947881509
8121	(-1, -1)	b'\xe8\x80\x80'	-10.81638947881509
8122	(-1, -1)	b'town'	-10.263651605938051
8123	(-1, -1)	b'\xe6\xb2\x9f\xe9\x80\x9a'	-10.809160927543473
8124	(-1, -1)	b'PK'	-10.6791756742696
8125	(-1, -1)	b'\xe4\xb8\x87\xe7\xbe\x8e\xe5\x85\x83'	-10.816884242575492
8126	(-1, -1)	b'\xe6\x87\x82'	-10.817049218241955
8127	(-1, -1)	b'\xe7\xa8\x8b\xe5\xba\x8f'	-10.814906654587547
8128	(-1, -1)	b' map'	-10.54211093088496
8129	(-1, -1)	b' \xda\xa9\xd9\x87'	-10.817379251248251
8130	(-1, -1)	b' method'	-10.81671929412151
8131	(-1, -1)	b'\xe7\x94\xb5\xe6\xb1\xa0'	-10.817544308606058
8132	(-1, -1)	b' 2019'	-10.817544308606058
8133	(-1, -1)	b' \xe0\xb0\x9a'	-10.817874505075956
8134	(-1, -1)	b'\xe5\x87\xba\xe6\x89\x8b'	-10.852653314750215
8135	(-1, -1)	b'\xe4\xb8\x88\xe5\xa4\xab'	-10.818204810611578
8136	(-1, -1)	b'\xe5\xb7\xae\xe8\xb7\x9d'	-10.818370004301553
8137	(-1, -1)	b' object'	-10.56211159759163
8138	(-1, -1)	b'51'	-10.078819210958342
8139	(-1, -1)	b'\xe7\x9a\x84\xe5\x9f\xba\xe9\x87\x91'	-10.586705122903608
8140	(-1, -1)	b' location'	-10.357160922737313
8141	(-1, -1)	b'\xe4\xb8\x80\xe6\xac\xbe'	-10.444058669819428
8142	(-1, -1)	b' unit'	-10.174578983179227
8143	(-1, -1)	b'verse'	-10.560706115982894
8144	(-1, -1)	b' decisions'	-10.819857976800611
8145	(-1, -1)	b' Toronto'	-10.73869590399544
8146	(-1, -1)	b'\xe0\xb8\xb9'	-11.12894554881433
8147	(-1, -1)	b'\xe5\xb7\xa8\xe5\xa4\xa7'	-10.24048961593362
8148	(-1, -1)	b'\xe5\x90\x8d\xe5\xad\x97'	-10.819527124853838
8149	(-1, -1)	b' w\xe1\xbb\x8dn'	-10.813261646814057
8150	(-1, -1)	b' debt'	-10.74022262184924
8151	(-1, -1)	b' Win'	-10.220210901122838
8152	(-1, -1)	b'bert'	-10.150062068591959
8153	(-1, -1)	b'\xe8\x91\x97\xe5\x90\x8d'	-10.432648050617441
8154	(-1, -1)	b'\xe5\xb7\xa5\xe8\xb5\x84'	-10.815730174357386
8155	(-1, -1)	b' non-'	-10.072138634377238
8156	(-1, -1)	b'\xe0\xab\x8d\xe0\xaa\xb0'	-10.822011186742253
8157	(-1, -1)	b' \xe0\xb0\xb8'	-10.822011186742253
8158	(-1, -1)	b'\xe5\x89\x8d\xe5\xbe\x80'	-10.801821744311253
8159	(-1, -1)	b'\xe5\x8f\xaa\xe5\x9f\xba\xe9\x87\x91'	-10.663912557909445
8160	(-1, -1)	b' necessary'	-10.822177010472009
8161	(-1, -1)	b'\xe5\xa7\x8b\xe7\xbb\x88'	-10.822177010472009
8162	(-1, -1)	b'\xe8\xaf\x97'	-10.822840580502994
8163	(-1, -1)	b'\xd0\xb5\xd0\xb4'	-11.00211335444759
8164	(-1, -1)	b'\xe1\x88\x85'	-10.572263969055648
8165	(-1, -1)	b' mut'	-10.835532801653565
8166	(-1, -1)	b' ee'	-10.40966108544843
8167	(-1, -1)	b'\xe4\xb8\xbb\xe6\xb5\x81'	-10.67573184822284
8168	(-1, -1)	b' egg'	-10.816059772250943
8169	(-1, -1)	b'\xd0\xbe\xd0\xb1'	-10.389770206302941
8170	(-1, -1)	b'oz'	-10.57394453308637
8171	(-1, -1)	b'\xe9\x94\x80\xe9\x87\x8f'	-10.783945432863073
8172	(-1, -1)	b' removed'	-10.825665675859312
8173	(-1, -1)	b'\xe8\xa1\xa8\xe8\xbe\xbe'	-10.824833936644767
8174	(-1, -1)	b'52'	-10.083878910265499
8175	(-1, -1)	b'\xd8\xab'	-10.56582645487087
8176	(-1, -1)	b' complex'	-10.825665675859312
8177	(-1, -1)	b' \xd9\x85\xdb\x8c'	-10.820188938246623
8178	(-1, -1)	b'\xe4\xbb\xa5\xe4\xb8\x8a\xe7\x9a\x84'	-10.813261646814057
8179	(-1, -1)	b'\xe7\x90\x86\xe6\x83\xb3'	-10.823006541834385
8180	(-1, -1)	b' transport'	-10.78938718764902
8181	(-1, -1)	b' spokesman'	-10.826498107439889
8182	(-1, -1)	b' \xe0\xa6\x86'	-10.826831274192928
8183	(-1, -1)	b'\xe7\x9a\x84\xe4\xb8\x8d'	-10.786982762350217
8184	(-1, -1)	b'\xe4\xba\x8b\xe6\x95\x85'	-10.826997899203729
8185	(-1, -1)	b'\xc3\xa9s'	-10.842108999368872
8186	(-1, -1)	b'\xe9\xa2\x81'	-10.827831440970753
8187	(-1, -1)	b'\xe5\x9c\xa8\xe8\xbf\x99\xe4\xb8\xaa'	-10.728224604128146
8188	(-1, -1)	b'\xe5\xa0\xaa'	-10.827998232731627
8189	(-1, -1)	b' photos'	-10.680902045004796
8190	(-1, -1)	b' construction'	-10.814906654587547
8191	(-1, -1)	b'\xe6\xb5\xaa\xe6\xbc\xab'	-10.822840580502994
8192	(-1, -1)	b' uns'	-10.7049469192588
8193	(-1, -1)	b'\xe5\x9c\xb0\xe7\x9a\x84'	-10.88126881097625
8194	(-1, -1)	b' activities'	-10.829500611780597
8195	(-1, -1)	b'\xe8\x8e\x89'	-10.829834780538928
8196	(-1, -1)	b'\xe5\x8e\x9f\xe6\x9d\xa5'	-10.55981274600452
8197	(-1, -1)	b' negoti'	-10.82899956792878
8198	(-1, -1)	b'\xe7\xba\xa4'	-10.83000190680321
8199	(-1, -1)	b'\xe7\x9b\xb8\xe5\xba\x94'	-10.827998232731627
8200	(-1, -1)	b' Asia'	-10.810143567648746
8201	(-1, -1)	b'\xe5\x91\xa8\xe8\xbe\xb9'	-10.826664676941398
8202	(-1, -1)	b' language'	-10.625993981479246
8203	(-1, -1)	b'\xe5\x90\x84\xe4\xbd\x8d'	-10.830169061003348
8204	(-1, -1)	b'igned'	-10.829667682201167
8205	(-1, -1)	b' \xda\x86\xdb\x90'	-10.830169061003348
8206	(-1, -1)	b' tight'	-10.720105479689641
8207	(-1, -1)	b'\xe5\x8d\x97\xe6\x96\xb9'	-10.831674707460936
8208	(-1, -1)	b'\xe1\x80\xac\xe1\x80\xb8\xe1\x80'	-10.886560761939705
8209	(-1, -1)	b'\xe8\xbf\x98\xe4\xbc\x9a'	-10.67573184822284
8210	(-1, -1)	b'kins'	-10.486890029412097
8211	(-1, -1)	b' kar'	-10.347932799808238
8212	(-1, -1)	b'\xe5\x96\xb7'	-10.831172573380588
8213	(-1, -1)	b'\xe0\xaf\x81\xe0\xae\xae\xe0\xaf\x8d'	-10.756084970302096
8214	(-1, -1)	b'\xe7\xb4\x84'	-10.83184214153416
8215	(-1, -1)	b'\xe4\xbc\xa4\xe5\xae\xb3'	-10.808179252071968
8216	(-1, -1)	b'\xe1\x8b\x8b'	-10.716518031895985
8217	(-1, -1)	b'\xe7\xbc\xba\xe4\xb9\x8f'	-10.832344612024592
8218	(-1, -1)	b' proud'	-10.822011186742253
8219	(-1, -1)	b'house'	-10.452387772680334
8220	(-1, -1)	b' ber'	-10.878984300712846
8221	(-1, -1)	b' African'	-10.756550772655057
8222	(-1, -1)	b'\xe9\x98\x85\xe8\xaf\xbb'	-10.833014965661224
8223	(-1, -1)	b'\xe7\x82\xb8'	-10.833014965661224
8224	(-1, -1)	b'\xe5\x9b\x9e\xe6\x8a\xa5'	-10.832177093806592
8225	(-1, -1)	b'\xe0\xb8\x82'	-10.724607963657956
8226	(-1, -1)	b'\xe7\x88\x86\xe5\x8f\x91'	-10.833182624308613
8227	(-1, -1)	b'\xe8\x91\xa1\xe8\x90\x84'	-12.116332202372217
8228	(-1, -1)	b' crisis'	-10.833685768973314
8229	(-1, -1)	b'\xe4\xbc\x8f'	-10.834189166920014
8230	(-1, -1)	b'\xe6\xa0\x8b'	-10.834189166920014
8231	(-1, -1)	b'\xe8\xa7\x82\xe5\xaf\x9f'	-10.834357022564554
8232	(-1, -1)	b' \xe0\xae\x87'	-10.834357022564554
8233	(-1, -1)	b'\xe8\xaf\xb1'	-10.834692818403841
8234	(-1, -1)	b' science'	-10.754068996912498
8235	(-1, -1)	b'\xe5\x92\x8c\xe5\xb9\xb3'	-10.84617749116498
8236	(-1, -1)	b'\xe7\x99\xbd\xe8\x89\xb2'	-10.642623238450781
8237	(-1, -1)	b'\xe6\x8e\xa8\xe5\xb9\xbf'	-10.826498107439889
8238	(-1, -1)	b'\xe5\x9b\x9e\xe5\xae\xb6'	-10.764189752821661
8239	(-1, -1)	b'\xe6\x89\x8b\xe6\xae\xb5'	-10.83502872703985
8240	(-1, -1)	b' emergency'	-10.835532801653565
8241	(-1, -1)	b'\xe5\x86\x9c\xe4\xb8\x9a'	-10.832344612024592
8242	(-1, -1)	b' operations'	-10.835868992613195
8243	(-1, -1)	b'\xe0\xb9\x8c'	-10.836037130486647
8244	(-1, -1)	b' rally'	-10.836205296635198
8245	(-1, -1)	b' allegations'	-10.83670996482658
8246	(-1, -1)	b'\xe8\x99\x9f'	-10.836878244170688
8247	(-1, -1)	b' filed'	-10.836878244170688
8248	(-1, -1)	b'\xe5\xb1\x95\xe7\x8e\xb0'	-10.788424723667118
8249	(-1, -1)	b'\xe5\xb9\xb4\xe9\xbe\x84'	-10.834189166920014
8250	(-1, -1)	b'\xe7\x9a\x84\xe4\xba\x8b\xe6\x83\x85'	-10.462868720912955
8251	(-1, -1)	b'\xe8\x82\x96'	-10.837888515346025
8252	(-1, -1)	b'\xe6\xb8\xa9\xe5\xae\xb6\xe5\xae\x9d'	-10.837888515346025
8253	(-1, -1)	b'\xe1\x8a\xa5'	-10.838225499342474
8254	(-1, -1)	b'\xe4\xba\x8c\xe5\x8d\x81'	-10.83184214153416
8255	(-1, -1)	b'\xe5\x9b\x9e\xe7\xad\x94'	-10.839068456485872
8256	(-1, -1)	b' Boston'	-10.837551644869535
8257	(-1, -1)	b'\xe4\xbb\xa5\xe4\xb8\xba'	-10.839743334189908
8258	(-1, -1)	b' Lake'	-10.430403884505031
8259	(-1, -1)	b'\xe1\x8a\xa8'	-10.839237133217319
8260	(-1, -1)	b'\xe4\xbd\x9c\xe8\x80\x85'	-10.808179252071968
8261	(-1, -1)	b' Sil'	-10.805403060201536
8262	(-1, -1)	b' lots'	-10.841601599780818
8263	(-1, -1)	b" They're"	-10.839405838405403
8264	(-1, -1)	b' characters'	-10.840080943916275
8265	(-1, -1)	b'\xe8\xbe\xbe\xe5\x88\xb0\xe4\xba\x86'	-10.837888515346025
8266	(-1, -1)	b' illegal'	-10.582259508887326
8267	(-1, -1)	b' perhaps'	-10.840249791531704
8268	(-1, -1)	b'\xe7\xac\xac\xe4\xb8\x80\xe4\xb8\xaa'	-10.853679657638803
8269	(-1, -1)	b'\xe6\x8c\x87\xe6\xa0\x87'	-10.841094457516547
8270	(-1, -1)	b'\xe5\xa4\xb4\xe5\xa5\x96'	-10.83889980820147
8271	(-1, -1)	b'\xe4\xba\x8b\xe5\xae\x9e\xe4\xb8\x8a'	-10.830503453248564
8272	(-1, -1)	b' believed'	-10.841432523780753
8273	(-1, -1)	b'\xe7\x90\x86\xe7\x94\xb1'	-10.841601599780818
8274	(-1, -1)	b" you'd"	-10.841770704372411
8275	(-1, -1)	b'\xe8\xaf\xa5\xe6\x9c\xba'	-10.85196967090202
8276	(-1, -1)	b' citizens'	-11.067327108466854
8277	(-1, -1)	b' Mary'	-10.842447408847566
8278	(-1, -1)	b' collect'	-10.33399386345578
8279	(-1, -1)	b'QDII'	-10.827497940884287
8280	(-1, -1)	b'\xe6\xaf\x8f\xe6\xac\xa1'	-10.842785932886006
8281	(-1, -1)	b'j\xe1\xbb\x8d'	-10.734889275873877
8282	(-1, -1)	b'\xe5\x8f\xaf\xe8\x83\xbd\xe6\x98\xaf'	-10.691177842783462
8283	(-1, -1)	b'\xe9\x85\x8d\xe5\xa4\x87'	-10.843632744690357
8284	(-1, -1)	b' \xd8\xb2'	-10.843632744690357
8285	(-1, -1)	b'roid'	-10.578873207136187
8286	(-1, -1)	b'ando'	-10.505201833054436
8287	(-1, -1)	b' Us'	-10.82416904300325
8288	(-1, -1)	b'63'	-10.237805050562951
8289	(-1, -1)	b' scheduled'	-10.845498258671553
8290	(-1, -1)	b'\xe9\xa6\xac'	-10.845668023547608
8291	(-1, -1)	b'\xe8\xa1\x8c\xe4\xb8\x9a\xe7\x9a\x84'	-10.667315851041153
8292	(-1, -1)	b'\xe7\xbb\x99\xe4\xba\x86'	-10.83637349106836
8293	(-1, -1)	b' movement'	-10.617308894995775
8294	(-1, -1)	b'mission'	-10.160960431037545
8295	(-1, -1)	b'Gr'	-10.43478468342354
8296	(-1, -1)	b'ito'	-10.474045924247093
8297	(-1, -1)	b' strike'	-10.285421825582336
8298	(-1, -1)	b' appreciate'	-10.534121873289171
8299	(-1, -1)	b'\xe6\x88\xb0'	-10.847367259300569
8300	(-1, -1)	b'\xe6\x97\xa0\xe8\xae\xba\xe6\x98\xaf'	-10.761532878554219
8301	(-1, -1)	b'\xe1\x8c\xa5'	-10.511867312498294
8302	(-1, -1)	b'\xe9\x80\x92'	-10.848047762899473
8303	(-1, -1)	b'\xe9\xab\x98\xe7\xba\xa7'	-10.748199347684753
8304	(-1, -1)	b' plant'	-10.321351470040602
8305	(-1, -1)	b'\xe5\x8d\x8f\xe8\xb0\x83'	-10.847367259300569
8306	(-1, -1)	b' leadership'	-10.848558444670722
8307	(-1, -1)	b'\xe6\x8a\xab'	-10.84872872989889
8308	(-1, -1)	b' Mexico'	-10.848047762899473
8309	(-1, -1)	b' explained'	-10.848899044129055
8310	(-1, -1)	b'\xe8\x88\x92\xe9\x80\x82'	-10.846687218471912
8311	(-1, -1)	b' Steve'	-10.420145096942647
8312	(-1, -1)	b'\xe5\x90\xac\xe6\xad\x8c'	-10.849410160930368
8313	(-1, -1)	b'\xe4\xbd\x9c\xe5\x87\xba'	-10.575887161425067
8314	(-1, -1)	b'iling'	-9.965752481618884
8315	(-1, -1)	b'\xe5\x9b\x9e\xe5\x90\x88'	-10.849751050655845
8316	(-1, -1)	b'53'	-10.110382228325669
8317	(-1, -1)	b' restaurant'	-10.46669680980562
8318	(-1, -1)	b' actions'	-10.850092056626753
8319	(-1, -1)	b' Add'	-10.864347343110765
8320	(-1, -1)	b'Last'	-10.849410160930368
8321	(-1, -1)	b'\xe9\xb8\x9f'	-10.850433178922403
8322	(-1, -1)	b' responsible'	-10.850945080648453
8323	(-1, -1)	b' 33'	-10.73170286850447
8324	(-1, -1)	b' Mont'	-10.663771005074613
8325	(-1, -1)	b' wins'	-10.850092056626753
8326	(-1, -1)	b'\xe4\xb8\x8d\xe4\xb9\x85'	-10.848047762899473
8327	(-1, -1)	b'\xe4\xb8\x8d\xe5\xa6\xa8'	-10.818370004301553
8328	(-1, -1)	b" weren't"	-10.852824298763627
8329	(-1, -1)	b'\xe4\xbc\x91\xe9\x97\xb2'	-10.85299531201757
8330	(-1, -1)	b'\xe9\x93\x81\xe8\xb7\xaf'	-10.85299531201757
8331	(-1, -1)	b'\xe6\xaf\x95\xe7\xab\x9f'	-10.85299531201757
8332	(-1, -1)	b'phone'	-10.305398988178723
8333	(-1, -1)	b' \xd8\xa7\xd8\xb3\xd8\xaa'	-10.853166354522049
8334	(-1, -1)	b'\xe4\xbc\xa0\xe6\x84\x9f\xe5\x99\xa8'	-10.853850817245554
8335	(-1, -1)	b' AT'	-10.88408769938267
8336	(-1, -1)	b' serve'	-10.513692907844975
8337	(-1, -1)	b'\xe5\xb8\xa6\xe7\x9d\x80'	-10.866078645482274
8338	(-1, -1)	b' demonstr'	-10.850774417622182
8339	(-1, -1)	b'\xd9\x88\xdb\x8c'	-10.506168600501335
8340	(-1, -1)	b'\xe6\x9c\x88\xe5\xba\x95'	-10.850262603229027
8341	(-1, -1)	b' Tim'	-10.870420060654006
8342	(-1, -1)	b'\xd0\xba\xd1\x83'	-10.42581902883588
8343	(-1, -1)	b'wide'	-10.705389495057128
8344	(-1, -1)	b'\xe8\xaf\x8a'	-10.854878390550565
8345	(-1, -1)	b'\xe7\xa8\x80'	-10.855392573439604
8346	(-1, -1)	b' River'	-10.550796239431541
8347	(-1, -1)	b'\xe5\x9c\xa8\xe7\xbe\x8e\xe5\x9b\xbd'	-10.743129823039975
8348	(-1, -1)	b'\xe8\xb5\x8e\xe5\x9b\x9e'	-10.854878390550565
8349	(-1, -1)	b'\xe4\xba\x9a\xe7\x9b\x98'	-11.061200544463683
8350	(-1, -1)	b'\xe6\xb0\xa7'	-10.856936710316718
8351	(-1, -1)	b' ship'	-10.199089368166819
8352	(-1, -1)	b'\xe0\xb0\x82'	-9.408322332795148
8353	(-1, -1)	b'-F'	-10.933266082865595
8354	(-1, -1)	b' attorney'	-10.614610202223107
8355	(-1, -1)	b'\xe8\x86\x9c'	-10.857967461138093
8356	(-1, -1)	b' status'	-10.850262603229027
8357	(-1, -1)	b'\xe5\xb0\xb1\xe6\x9c\x89'	-10.71398468727309
8358	(-1, -1)	b'\xe8\xbf\x98\xe5\x8f\xaf\xe4\xbb\xa5'	-10.85865521907442
8359	(-1, -1)	b'\xe9\x81\x93\xe8\xb7\xaf'	-10.860204406061248
8360	(-1, -1)	b'\xe5\xae\x9a\xe4\xbd\x8d'	-10.854193224370968
8361	(-1, -1)	b'\xe7\x89\x88\xe6\x9c\xac'	-10.857623759467756
8362	(-1, -1)	b'\xe5\xb0\x8d'	-10.859171348118135
8363	(-1, -1)	b'\xe6\x97\xa5\xe6\x99\x9a'	-10.85882723249189
8364	(-1, -1)	b' Instagram'	-10.855907020848703
8365	(-1, -1)	b' Valley'	-10.84617749116498
8366	(-1, -1)	b'\xe5\x9b\xbd\xe5\x80\xba'	-10.85676502175934
8367	(-1, -1)	b' guilty'	-10.859859934821191
8368	(-1, -1)	b' \xe0\xa8\x85'	-10.859859934821191
8369	(-1, -1)	b'\xe9\xa6\x96\xe5\x8f\x91'	-10.860204406061248
8370	(-1, -1)	b' slightly'	-10.860204406061248
8371	(-1, -1)	b' identified'	-10.860204406061248
8372	(-1, -1)	b' gi'	-10.042274151724463
8373	(-1, -1)	b' penalty'	-10.860376686189163
8374	(-1, -1)	b' Arab'	-10.858139356282479
8375	(-1, -1)	b'\xe4\xbb\xa5\xe5\xbe\x80'	-10.8612385323168
8376	(-1, -1)	b'62'	-10.171719238607116
8377	(-1, -1)	b' Britain'	-10.8612385323168
8378	(-1, -1)	b' Las'	-10.822177010472009
8379	(-1, -1)	b'\xe6\xb3\xa5'	-10.861755996752668
8380	(-1, -1)	b'\xe7\xbe\x8e\xe5\x9c\x8b'	-10.861755996752668
8381	(-1, -1)	b'\xe7\x9a\x84\xe6\x84\x9f\xe8\xa7\x89'	-10.600959026633019
8382	(-1, -1)	b'\xe5\xad\xa3\xe5\x90\x8e\xe8\xb5\x9b'	-10.858483235240476
8383	(-1, -1)	b' mental'	-10.524224477142287
8384	(-1, -1)	b'\xe8\xbf\x9e\xe8\x83\x9c'	-10.861755996752668
8385	(-1, -1)	b"y's"	-10.370056210723046
8386	(-1, -1)	b'\xe5\x98\xb4'	-10.863309998619401
8387	(-1, -1)	b'\xe4\xb8\x89\xe5\xb9\xb4'	-10.706275234707595
8388	(-1, -1)	b'\xe5\xa6\x88\xe5\xa6\x88'	-10.863655660565463
8389	(-1, -1)	b'\xc4\xb1\xc5\x9f'	-10.844480274192737
8390	(-1, -1)	b'94'	-10.1765769858419
8391	(-1, -1)	b' programs'	-10.86382853635464
8392	(-1, -1)	b'Even'	-10.842955237889372
8393	(-1, -1)	b'\xe4\xb8\x80\xe8\x87\xb4'	-10.700385068951922
8394	(-1, -1)	b'\xe0\xb8\x8a'	-10.522994162026466
8395	(-1, -1)	b' Rs'	-10.865558939970361
8396	(-1, -1)	b'\xe5\xb9\xbf\xe6\xb3\x9b'	-10.865212619620578
8397	(-1, -1)	b'\xe5\xa4\x8d\xe6\x9d\x82'	-10.865385764803246
8398	(-1, -1)	b'\xe5\xb0\xba\xe5\xaf\xb8'	-10.865905380299479
8399	(-1, -1)	b'\xe4\xb8\xad\xe5\x8d\x8e\xe4\xba\xba\xe6\xb0\x91\xe5\x85\xb1\xe5\x92\x8c\xe5\x9b\xbd'	-10.848558444670722
8400	(-1, -1)	b'-B'	-10.862791729626199
8401	(-1, -1)	b'Image'	-10.81375486507313
8402	(-1, -1)	b' os'	-10.670588244940951
8403	(-1, -1)	b'ivity'	-10.866945421994894
8404	(-1, -1)	b'\xe6\x9b\xb4\xe6\x9c\x89'	-10.807035180687883
8405	(-1, -1)	b'\xe6\xb8\x85\xe6\x99\xb0'	-10.807688775482392
8406	(-1, -1)	b'EX'	-10.358516007116243
8407	(-1, -1)	b'\xe4\xb9\x8b\xe4\xb8\x8b'	-10.830837957349358
8408	(-1, -1)	b'\xe7\xb4\xaf\xe8\xae\xa1'	-10.867812950460857
8409	(-1, -1)	b'\xe7\x8c\xaa'	-10.867986546503303
8410	(-1, -1)	b'\xe6\x8a\x8a\xe6\x8f\xa1'	-10.868160172686569
8411	(-1, -1)	b' analysts'	-10.86833382902112
8412	(-1, -1)	b' gw'	-10.77552131883121
8413	(-1, -1)	b'\xe8\xa7\x84\xe5\x88\x99'	-10.855564026504746
8414	(-1, -1)	b'\xe9\x99\xaa'	-10.869202563329948
8415	(-1, -1)	b' \xe0\xa6\xb9'	-10.869376400792358
8416	(-1, -1)	b'\xe7\x9a\x84\xe5\xbf\x83'	-10.769367453256832
8417	(-1, -1)	b'\xe7\x9a\x84\xe5\xb8\x82\xe5\x9c\xba'	-10.62776739439884
8418	(-1, -1)	b'\xe6\x8b\xa8'	-10.86989809456995
8419	(-1, -1)	b'\xe4\xb8\x80\xe6\x9d\xa1'	-10.440995532816613
8420	(-1, -1)	b'outs'	-10.866078645482274
8421	(-1, -1)	b' \xd8\xa5'	-10.870072052994326
8422	(-1, -1)	b' 3.'	-10.265265658033057
8423	(-1, -1)	b'\xe5\x86\x85\xe7\xba\xbf'	-10.869550268479486
8424	(-1, -1)	b'\xe4\xb8\x8d\xe5\xa4\x9f'	-10.770311740390266
8425	(-1, -1)	b' basketball'	-10.870594109910385
8426	(-1, -1)	b'\xe8\xbe\xbe\xe6\x88\x90'	-10.792924168828348
8427	(-1, -1)	b' Paris'	-10.739306311461364
8428	(-1, -1)	b'\xe0\xa7\x80'	-10.871116439512232
8429	(-1, -1)	b'\xe4\xba\xba\xe5\x9c\xa8'	-10.977793662044514
8430	(-1, -1)	b' van'	-10.780121945649737
8431	(-1, -1)	b' Joe'	-10.718609145428703
8432	(-1, -1)	b'\xe6\x8b\x89\xe6\x96\xaf'	-10.872859511245178
8433	(-1, -1)	b' planned'	-10.87233627062977
8434	(-1, -1)	b'\xe6\x98\x9f\xe5\xba\xa7'	-10.872510653749925
8435	(-1, -1)	b'\xe7\xb1\xbb\xe5\x9e\x8b'	-10.584218373372659
8436	(-1, -1)	b'\xe7\xbb\x8f\xe9\x94\x80\xe5\x95\x86'	-10.835868992613195
8437	(-1, -1)	b' centre'	-10.647067690211205
8438	(-1, -1)	b' Open'	-10.764033270542958
8439	(-1, -1)	b'\xe5\xae\xa2\xe9\x98\x9f'	-10.831339923393529
8440	(-1, -1)	b'\xe5\x87\xba\xe8\x89\xb2'	-10.293599441247569
8441	(-1, -1)	b' limit'	-10.38055750054371
8442	(-1, -1)	b'CE'	-9.913878329129192
8443	(-1, -1)	b' solution'	-10.362801802627398
8444	(-1, -1)	b'ns'	-9.880991445627025
8445	(-1, -1)	b' \xe1\x88\xb5'	-10.876179741468778
8446	(-1, -1)	b'\xe9\x9f\xa6\xe5\xbe\xb7'	-10.876704997543184
8447	(-1, -1)	b' Democratic'	-10.876004717402523
8448	(-1, -1)	b' \xd1\x88'	-10.876704997543184
8449	(-1, -1)	b'74'	-10.232365494440879
8450	(-1, -1)	b' advert'	-10.848558444670722
8451	(-1, -1)	b' returned'	-10.876880144228982
8452	(-1, -1)	b' shown'	-10.877405768419795
8453	(-1, -1)	b' Best'	-10.87582972396433
8454	(-1, -1)	b'\xe6\x83\x91'	-10.877931669036702
8455	(-1, -1)	b' \xe0\xa6\xa4'	-10.877931669036702
8456	(-1, -1)	b'93'	-10.180759633975235
8457	(-1, -1)	b' Wal'	-9.933392131539495
8458	(-1, -1)	b'ris'	-9.516402253475595
8459	(-1, -1)	b' separate'	-10.532631004582166
8460	(-1, -1)	b'\xe6\x88\x96\xe6\x98\xaf'	-10.824667671784463
8461	(-1, -1)	b'\xe8\xbe\x96'	-10.878984300712846
8462	(-1, -1)	b'\xe5\x8e\x86\xe5\x8f\xb2\xe4\xb8\x8a'	-10.812275939489298
8463	(-1, -1)	b'\xe6\x82\xb2'	-10.879335424311959
8464	(-1, -1)	b' otherwise'	-10.879159847101429
8465	(-1, -1)	b'ological'	-10.69833168014008
8466	(-1, -1)	b'\xe5\xb9\xb4\xe5\x88\x9d'	-10.83957457205973
8467	(-1, -1)	b'\xe6\x9b\xb4\xe5\xa5\xbd'	-10.303718896860955
8468	(-1, -1)	b' somewhere'	-10.879335424311959
8469	(-1, -1)	b'\xe5\xb0\x8f\xe5\x8c\xba'	-10.736714649060977
8470	(-1, -1)	b' dress'	-10.602954902486841
8471	(-1, -1)	b'\xe6\xb8\xb8\xe6\x88\x8f\xe7\x9a\x84'	-10.842785932886006
8472	(-1, -1)	b' fuel'	-10.714133530021003
8473	(-1, -1)	b'\xe8\xa8\xad'	-10.88144475889612
8474	(-1, -1)	b'\xe9\x9d\x92\xe5\xb9\xb4'	-10.849239759634907
8475	(-1, -1)	b'\xe7\xb8\xbd'	-10.882148860315809
8476	(-1, -1)	b'\xe4\xb8\x80\xe5\x91\xa8'	-10.750512200461966
8477	(-1, -1)	b' resources'	-10.882501097022514
8478	(-1, -1)	b'\xe8\x8b\x97'	-10.883029684824445
8479	(-1, -1)	b'\xe6\x8b\x92\xe7\xbb\x9d'	-10.868854979037257
8480	(-1, -1)	b'\xe0\xae\xb1'	-10.109324758832733
8481	(-1, -1)	b'\xe6\x9c\x8d\xe8\xa3\x85'	-10.884970234079436
8482	(-1, -1)	b'yi'	-10.21712727814611
8483	(-1, -1)	b'\xe7\xba\xa0'	-10.883911285868937
8484	(-1, -1)	b'\xd1\x8b\xd0\xbb'	-10.943885651693055
8485	(-1, -1)	b'\xe0\xa8\xae'	-10.747275702298891
8486	(-1, -1)	b'\xe0\xb8\x9e'	-10.68783748676195
8487	(-1, -1)	b'\xe6\x94\xb6\xe8\xb4\xad'	-10.884970234079436
8488	(-1, -1)	b'\xe4\xb9\x90\xe8\xa7\x82'	-10.881092894008605
8489	(-1, -1)	b'\xe9\xab\x98\xe4\xba\x8e'	-10.883734903471442
8490	(-1, -1)	b'net'	-9.86424471951489
8491	(-1, -1)	b' accounts'	-10.885500128996012
8492	(-1, -1)	b'\xe4\xb8\x89\xe5\xa4\xa7'	-10.859859934821191
8493	(-1, -1)	b'73'	-10.305695768118579
8494	(-1, -1)	b'\xe5\x88\x9b\xe4\xb8\x9a'	-10.885853548331728
8495	(-1, -1)	b' decent'	-10.84532852261072
8496	(-1, -1)	b'\xe6\xa4\x8d\xe7\x89\xa9'	-10.887445482867978
8497	(-1, -1)	b'\xe6\x97\xa5\xe4\xb8\x8b\xe5\x8d\x88'	-10.887445482867978
8498	(-1, -1)	b'\xe8\x89\xaf\xe5\xa5\xbd'	-10.897408205371653
8499	(-1, -1)	b' spring'	-10.823006541834385
8500	(-1, -1)	b'\xe8\x83\xbd\xe5\x90\xa6'	-10.857280175887672
8501	(-1, -1)	b'\xe5\x8b\x9f\xe9\x9b\x86'	-10.88638391164302
8502	(-1, -1)	b' matches'	-10.887976691379807
8503	(-1, -1)	b' honestly'	-10.888330987220536
8504	(-1, -1)	b'\xe8\x83\xa1\xe9\x94\xa6\xe6\xb6\x9b'	-10.8885081822241
8505	(-1, -1)	b' Director'	-10.791797408145758
8506	(-1, -1)	b'\xe4\xb8\x80\xe7\x90\x83'	-10.82899956792878
8507	(-1, -1)	b'\xe4\xb8\x8b\xe9\x9d\xa2'	-10.769052888925833
8508	(-1, -1)	b' traditional'	-10.760752786463797
8509	(-1, -1)	b' sister'	-10.638060492892363
8510	(-1, -1)	b' software'	-10.88638391164302
8511	(-1, -1)	b' \xe0\xa6\xa8'	-10.889926873719364
8512	(-1, -1)	b' Lee'	-10.65041404023855
8513	(-1, -1)	b' crash'	-10.346385849569355
8514	(-1, -1)	b' providing'	-10.890281861298527
8515	(-1, -1)	b'\xe5\x81\x9a\xe4\xba\x86'	-10.878984300712846
8516	(-1, -1)	b' UN'	-10.8885081822241
8517	(-1, -1)	b'Its'	-10.890459402355363
8518	(-1, -1)	b'achd'	-10.908917053855308
8519	(-1, -1)	b' mode'	-10.412739702503412
8520	(-1, -1)	b'pre'	-10.391924915173654
8521	(-1, -1)	b'\xe6\x98\xaf\xe4\xbb\x80\xe4\xb9\x88'	-10.772360759942375
8522	(-1, -1)	b' arr'	-9.888134333139405
8523	(-1, -1)	b' Grand'	-10.88673764351795
8524	(-1, -1)	b' truth'	-10.8886854086313
8525	(-1, -1)	b'\xe7\xa0\x8d'	-10.89205869190104
8526	(-1, -1)	b' movies'	-10.892948292529052
8527	(-1, -1)	b'\xe6\xad\xa4\xe6\x97\xb6'	-10.77552131883121
8528	(-1, -1)	b' abuse'	-10.529037221669729
8529	(-1, -1)	b'\xe5\xa4\xa7\xe5\xad\xb8'	-10.867292343073828
8530	(-1, -1)	b' connection'	-10.660661901382985
8531	(-1, -1)	b' powerful'	-10.876354796173821
8532	(-1, -1)	b'\xe5\xbd\x93\xe5\xb9\xb4'	-10.690741510873405
8533	(-1, -1)	b'\xe4\xb8\xa2'	-10.894551570684904
8534	(-1, -1)	b'\xe4\xb8\xa6'	-10.895086568468507
8535	(-1, -1)	b'\xe8\xaf\xb4\xe6\xb3\x95'	-10.895086568468507
8536	(-1, -1)	b'\xe5\x88\x86\xe4\xba\xab'	-10.89170307312062
8537	(-1, -1)	b'\xe6\x9c\x80\xe5\xa4\x9a'	-10.488314192956869
8538	(-1, -1)	b' Gh'	-10.855221149765574
8539	(-1, -1)	b'\xc9\x99k'	-10.853850817245554
8540	(-1, -1)	b'\xe4\xb8\x8b\xe8\xbd\xbd'	-10.894908204069568
8541	(-1, -1)	b'\xe6\x89\x93\xe5\x87\xbb'	-10.896871964407868
8542	(-1, -1)	b' offensive'	-10.889572012111666
8543	(-1, -1)	b' install'	-10.497740907951629
8544	(-1, -1)	b'\xe2\x98\x86'	-10.897229426431336
8545	(-1, -1)	b' purchase'	-10.320447356261601
8546	(-1, -1)	b'GA'	-10.415606929875727
8547	(-1, -1)	b'\xd8\xaa\xd9\x87'	-10.86348281465716
8548	(-1, -1)	b' doctor'	-10.381410924960774
8549	(-1, -1)	b'\xe7\x96\xab'	-10.897944734044096
8550	(-1, -1)	b'\xe5\xae\xb6\xe9\x87\x8c'	-10.745430966956379
8551	(-1, -1)	b'\xe8\xbe\x85'	-10.898123640923544
8552	(-1, -1)	b'bi'	-9.076661199270346
8553	(-1, -1)	b'Man'	-10.140538588413369
8554	(-1, -1)	b'Se'	-10.485231064699352
8555	(-1, -1)	b'\xe7\x88\xbd'	-10.898302579816388
8556	(-1, -1)	b'\xe4\xb8\x8d\xe7\x94\xa8'	-10.887268476052753
8557	(-1, -1)	b'\xe4\xb9\x9f\xe5\xbe\x88'	-10.871116439512232
8558	(-1, -1)	b'-L'	-11.074344681125499
8559	(-1, -1)	b'\xe5\x87\xad\xe5\x80\x9f'	-10.899018655751032
8560	(-1, -1)	b' commission'	-10.85179883294141
8561	(-1, -1)	b" they've"	-10.89919775488288
8562	(-1, -1)	b'\xe5\xb9\xb6\xe6\x9c\xaa'	-10.89919775488288
8563	(-1, -1)	b' Art'	-10.484402613264313
8564	(-1, -1)	b'\xe9\x83\xbd\xe8\xa6\x81'	-10.900093732005807
8565	(-1, -1)	b' nature'	-10.885500128996012
8566	(-1, -1)	b' Images'	-10.900093732005807
8567	(-1, -1)	b'\xe4\xb9\xa6\xe8\xae\xb0'	-10.90063170386492
8568	(-1, -1)	b'\xe5\x82\xa8\xe5\xa4\x87'	-10.90063170386492
8569	(-1, -1)	b'\xe5\xad\x90\xe7\x9a\x84'	-10.862619032967451
8570	(-1, -1)	b' grab'	-10.764189752821661
8571	(-1, -1)	b'\xe7\xbe\x8e\xe4\xb8\xbd'	-10.901169965293544
8572	(-1, -1)	b' intelligence'	-10.90063170386492
8573	(-1, -1)	b' pulled'	-10.902247358107404
8574	(-1, -1)	b'\xe9\x87\x87\xe8\xae\xbf\xe6\x97\xb6'	-10.89883958868994
8575	(-1, -1)	b' communities'	-10.902427036483596
8576	(-1, -1)	b'\xe8\x84\x8f'	-10.902606747149907
8577	(-1, -1)	b'\xe6\x80\xbb\xe8\xa3\x81'	-10.902606747149907
8578	(-1, -1)	b'\xe6\x89\xbf\xe6\x8b\x85'	-10.903146073005678
8579	(-1, -1)	b' decide'	-10.695990101432242
8580	(-1, -1)	b'700'	-10.315439332974222
8581	(-1, -1)	b'\xe6\x84\x8f\xe6\x80\x9d'	-10.90386562691332
8582	(-1, -1)	b'\xe5\xa4\xa9\xe6\xb4\xa5'	-10.903325912948613
8583	(-1, -1)	b'\xe6\x98\xaf\xe6\x8c\x87'	-10.883029684824445
8584	(-1, -1)	b'\xe4\xb8\x87\xe7\xa7\x91'	-10.904045596319007
8585	(-1, -1)	b' walking'	-10.90422559811951
8586	(-1, -1)	b'\xdb\x8c\xd8\xa7'	-10.529408393959793
8587	(-1, -1)	b'\xe6\x82\xac'	-10.904585698951633
8588	(-1, -1)	b'lig'	-10.628313693237883
8589	(-1, -1)	b'\xe4\xb8\xbb\xe5\x8a\x9b'	-10.708937170618398
8590	(-1, -1)	b'\xe8\xbf\x99\xe4\xb9\x9f\xe6\x98\xaf'	-10.873208490484455
8591	(-1, -1)	b' naa'	-10.889394628519183
8592	(-1, -1)	b'\xe8\x98\xad'	-10.905126093452761
8593	(-1, -1)	b'den'	-9.251904091350536
8594	(-1, -1)	b' ring'	-10.692196691572564
8595	(-1, -1)	b'\xe5\xbe\x88\xe5\xa4\xa7\xe7\x9a\x84'	-10.905847074017517
8596	(-1, -1)	b' dangerous'	-10.851457244552094
8597	(-1, -1)	b'\xe5\x90\x84\xe5\x9b\xbd'	-10.901169965293544
8598	(-1, -1)	b' managed'	-10.90692952045191
8599	(-1, -1)	b'\xe5\x90\x84\xe4\xb8\xaa'	-10.903505785239771
8600	(-1, -1)	b'\xe4\xb8\x89\xe6\x98\x9f'	-10.907471183370273
8601	(-1, -1)	b'\xe7\x88\xb5'	-10.908193857295132
8602	(-1, -1)	b' opposition'	-10.904045596319007
8603	(-1, -1)	b'inin'	-10.940893317311392
8604	(-1, -1)	b'\xe5\x9c\xa8\xe5\x8c\x97\xe4\xba\xac'	-10.669591164878288
8605	(-1, -1)	b'\xe5\x8f\x98\xe6\x88\x90'	-10.556247225863999
8606	(-1, -1)	b'\xe4\xb8\x8d\xe5\xa4\xa7'	-10.840756505502515
8607	(-1, -1)	b'\xe5\x91\xa8\xe6\x9c\x9f'	-10.82068558588534
8608	(-1, -1)	b'\xe7\xba\xa2\xe8\x89\xb2'	-10.723405317692196
8609	(-1, -1)	b' affect'	-10.58408766296139
8610	(-1, -1)	b' cu'	-10.054667211197508
8611	(-1, -1)	b'MO'	-10.223486311202441
8612	(-1, -1)	b'\xe6\xa3\x80\xe5\xaf\x9f'	-10.911815081603557
8613	(-1, -1)	b'\xe5\x8d\xb1\xe9\x99\xa9'	-10.91235939804628
8614	(-1, -1)	b'\xe6\x8d\xa7'	-10.91235939804628
8615	(-1, -1)	b' devices'	-10.91235939804628
8616	(-1, -1)	b'\xe5\x88\x86\xe4\xb8\xba'	-10.91344892058006
8617	(-1, -1)	b' gain'	-10.102034325570052
8618	(-1, -1)	b'\xe4\xbb\x85\xe4\xbb\x85'	-10.439524028787437
8619	(-1, -1)	b' apart'	-10.39268016147378
8620	(-1, -1)	b'\xe9\xa1\x9e'	-10.913085614490688
8621	(-1, -1)	b'\xe5\x87\xa4'	-10.913630623133482
8622	(-1, -1)	b' \xe0\xb6\xb1'	-10.915995765689665
8623	(-1, -1)	b'\xe5\x85\xb6\xe5\xae\x83'	-10.865385764803246
8624	(-1, -1)	b'mes'	-10.275868995663345
8625	(-1, -1)	b'\xe9\x87\x8a\xe6\x94\xbe'	-10.9105461609221
8626	(-1, -1)	b'\xe8\x84\x82\xe8\x82\xaa'	-10.914357763685427
8627	(-1, -1)	b'\xe6\x89\x80\xe6\x9c\x89\xe7\x9a\x84'	-10.786182570261428
8628	(-1, -1)	b'\xe6\x84\x88'	-10.91453963146805
8629	(-1, -1)	b' Ba'	-9.301434388622434
8630	(-1, -1)	b' strategy'	-10.91453963146805
8631	(-1, -1)	b'2004'	-10.517231870596449
8632	(-1, -1)	b' 300'	-10.919462606129414
8633	(-1, -1)	b'\xd1\x96\xd0\xb4'	-10.94557278303335
8634	(-1, -1)	b' gb'	-10.969880854184645
8635	(-1, -1)	b' sites'	-10.915813632914368
8636	(-1, -1)	b'\xe6\x8e\x8c\xe6\x8f\xa1'	-10.91636013078752
8637	(-1, -1)	b' enforcement'	-10.915449466850621
8638	(-1, -1)	b' forecast'	-10.67272819867863
8639	(-1, -1)	b'\xe5\xad\xa4'	-10.916906927483911
8640	(-1, -1)	b' boys'	-10.916177931643352
8641	(-1, -1)	b' mw'	-10.910183907703141
8642	(-1, -1)	b'\xe6\x98\x86'	-10.917636455147125
8643	(-1, -1)	b'\xe5\x8d\x9a\xe5\xa3\xab'	-10.917818920251179
8644	(-1, -1)	b'\xe7\x8b\x97'	-10.918001418654825
8645	(-1, -1)	b' seat'	-10.294088319282238
8646	(-1, -1)	b'\xe6\xad\xa3\xe7\xa1\xae'	-10.915813632914368
8647	(-1, -1)	b' dick'	-10.764189752821661
8648	(-1, -1)	b'itude'	-10.792119210240248
8649	(-1, -1)	b' apparently'	-10.918549113784902
8650	(-1, -1)	b'\xe5\xa4\x96\xe8\xa7\x82'	-10.661226474439617
8651	(-1, -1)	b'\xe6\x8b\xbf\xe4\xb8\x8b'	-10.683930383897142
8652	(-1, -1)	b'\xe6\x9b\xb9'	-10.919097109049323
8653	(-1, -1)	b'mark'	-10.157968592245616
8654	(-1, -1)	b' Invest'	-10.919097109049323
8655	(-1, -1)	b'\xe5\xb9\xb2\xe9\x83\xa8'	-10.856250132878145
8656	(-1, -1)	b'\xe7\x9a\x84\xe5\xb7\xa5\xe4\xbd\x9c'	-10.601224913366838
8657	(-1, -1)	b'Please'	-10.915267433538022
8658	(-1, -1)	b' Read'	-10.604287702897384
8659	(-1, -1)	b' handle'	-10.52053806353033
8660	(-1, -1)	b'\xe5\xbc\xba\xe5\x8c\x96'	-10.904405632326496
8661	(-1, -1)	b' hopes'	-10.920559899582601
8662	(-1, -1)	b' switch'	-10.569812829339101
8663	(-1, -1)	b' concerned'	-10.920559899582601
8664	(-1, -1)	b'\xe5\xb0\xb8'	-10.920742898942615
8665	(-1, -1)	b'\xe8\x89\xaf\xe5\xa5\xbd\xe7\x9a\x84'	-10.91108978692081
8666	(-1, -1)	b'\xe7\xae\x80\xe7\xa7\xb0'	-10.86833382902112
8667	(-1, -1)	b'\xe5\xa5\xa5\xe8\xbf\x90'	-10.92110899815959
8668	(-1, -1)	b' customer'	-10.881972788478043
8669	(-1, -1)	b" O'"	-10.903505785239771
8670	(-1, -1)	b'\xe0\xb9\x87'	-11.589661810677788
8671	(-1, -1)	b' liked'	-10.92239140192607
8672	(-1, -1)	b'\xe0\xa8\xa3'	-10.841770704372411
8673	(-1, -1)	b'\xe9\x9a\xbe\xe5\xba\xa6'	-10.86833382902112
8674	(-1, -1)	b' gotten'	-10.92275810526718
8675	(-1, -1)	b'bon'	-10.554215479133333
8676	(-1, -1)	b'\xe5\xb7\xb2\xe6\x9c\x89'	-10.83721488783655
8677	(-1, -1)	b'\xe6\x89\xbf\xe8\xae\xa4'	-10.921292098041087
8678	(-1, -1)	b' Town'	-10.92330841253595
8679	(-1, -1)	b'\xe6\x97\xa5\xe8\x87\xb3'	-10.924042626959535
8680	(-1, -1)	b'\xe5\x9c\xba\xe4\xb8\x8a'	-10.749278013325977
8681	(-1, -1)	b' German'	-10.821845390505448
8682	(-1, -1)	b'Sp'	-10.716219658031322
8683	(-1, -1)	b' Stud'	-10.917636455147125
8684	(-1, -1)	b'k\xe1\xbb\x8d'	-10.373015105410616
8685	(-1, -1)	b'\xe5\xa3\xae'	-10.925144960343253
8686	(-1, -1)	b'\xe8\xb4\xa7\xe5\xb8\x81\xe6\x94\xbf\xe7\xad\x96'	-10.925144960343253
8687	(-1, -1)	b' fellow'	-10.907110042160136
8688	(-1, -1)	b'\xe0\xb6\xab'	-10.923491915610143
8689	(-1, -1)	b'adda'	-10.790993355678221
8690	(-1, -1)	b'\xe4\xb8\x8a\xe5\xb8\x82\xe5\x85\xac\xe5\x8f\xb8'	-10.798577095131137
8691	(-1, -1)	b' \xeb\xa7'	-10.926064500637931
8692	(-1, -1)	b'\xe9\x98\xbf\xe5\xb0\x94'	-10.926248510206948
8693	(-1, -1)	b'\xe5\xbe\x88\xe5\xa5\xbd\xe7\x9a\x84'	-10.91508543335552
8694	(-1, -1)	b' purpose'	-10.580174274194558
8695	(-1, -1)	b'PR'	-10.930490102550506
8696	(-1, -1)	b'Ad'	-10.430179744640817
8697	(-1, -1)	b'\xe4\xb9\x9f\xe8\xa6\x81'	-10.926616630954708
8698	(-1, -1)	b' \xe1\x8a\x95'	-10.926616630954708
8699	(-1, -1)	b'\xe8\x83\x96'	-10.926800742158395
8700	(-1, -1)	b' negative'	-10.884264144023621
8701	(-1, -1)	b'\xe4\xb8\xad\xe5\xad\xa6'	-10.86989809456995
8702	(-1, -1)	b' strength'	-10.510895022679355
8703	(-1, -1)	b'\xe5\xa4\xa7\xe5\xb0\x8f'	-10.697892216278909
8704	(-1, -1)	b' baseball'	-10.92790612178458
8705	(-1, -1)	b'\xd9\x84\xd9\x8a'	-10.706127556940215
8706	(-1, -1)	b' application'	-10.92845927013463
8707	(-1, -1)	b' unf'	-10.775363053419786
8708	(-1, -1)	b'\xe6\xa1\x8c'	-10.929012724627126
8709	(-1, -1)	b'\xe7\x96\xaf\xe7\x8b\x82'	-10.9291972775482
8710	(-1, -1)	b'\xe6\xa2\xa6\xe6\x83\xb3'	-10.926616630954708
8711	(-1, -1)	b' session'	-10.641653642142394
8712	(-1, -1)	b'\xe5\x86\x9c\xe6\xb0\x91'	-10.92956648560113
8713	(-1, -1)	b' Pakistan'	-10.78458410444793
8714	(-1, -1)	b' remove'	-10.833182624308613
8715	(-1, -1)	b'\xe5\xa7\xbf'	-10.930120553396263
8716	(-1, -1)	b' Email'	-10.918183950370217
8717	(-1, -1)	b' reduce'	-10.376832308646021
8718	(-1, -1)	b' Christian'	-10.681046043853055
8719	(-1, -1)	b'\xe1\xbb\x83'	-10.930674928352714
8720	(-1, -1)	b' ru'	-9.8158060939365
8721	(-1, -1)	b' suit'	-10.516620810388005
8722	(-1, -1)	b'\xe5\xaf\xb9\xe5\xba\x94'	-10.930859788321813
8723	(-1, -1)	b'\xe5\xbe\xb7\xe9\x87\x8c'	-10.897944734044096
8724	(-1, -1)	b'-12'	-10.97895690374218
8725	(-1, -1)	b'\xe5\xa4\xaa\xe5\xa4\x9a'	-10.68061410950036
8726	(-1, -1)	b'\xe8\xae\xa4\xe7\x9c\x9f'	-10.85659336267386
8727	(-1, -1)	b' \xd0\x92'	-10.931599570119932
8728	(-1, -1)	b'\xe9\x80\x82\xe5\xba\x94'	-10.92790612178458
8729	(-1, -1)	b'\xe0\xa7\x8d\xe0\xa6\xaf'	-10.671015869493118
8730	(-1, -1)	b'\xe7\xaf\xae\xe7\x90\x83'	-10.926248510206948
8731	(-1, -1)	b'\xe4\xbc\x9a\xe7\x9a\x84'	-11.010286428947772
8732	(-1, -1)	b' ordered'	-10.932710269974955
8733	(-1, -1)	b'\xe5\x8f\xaf\xe4\xbb\xa5\xe5\x9c\xa8'	-11.004697592045206
8734	(-1, -1)	b'\xe6\x9c\x88\xe7\x90\x83'	-10.931969666349175
8735	(-1, -1)	b'\xe9\x81\x97\xe6\xbc\x8f'	-10.933080777574599
8736	(-1, -1)	b'\xe6\x98\xaf\xe4\xb8\x80\xe6\xac\xbe'	-10.918914410592617
8737	(-1, -1)	b' equipment'	-10.92827485335218
8738	(-1, -1)	b" world's"	-10.934193124741572
8739	(-1, -1)	b' defensive'	-10.9291972775482
8740	(-1, -1)	b' \xd0\xa2'	-10.934564182259745
8741	(-1, -1)	b' critical'	-10.799549384950076
8742	(-1, -1)	b' committed'	-10.934749762662987
8743	(-1, -1)	b' \xd9\x84\xd9\x87'	-10.907471183370273
8744	(-1, -1)	b' Frank'	-10.8885081822241
8745	(-1, -1)	b'Have'	-10.808015733144288
8746	(-1, -1)	b'tu'	-9.266566804968422
8747	(-1, -1)	b'Yep'	-10.850603783716812
8748	(-1, -1)	b' stated'	-10.936049790703821
8749	(-1, -1)	b' Ro'	-8.67899406252995
8750	(-1, -1)	b' bid'	-10.67888823534839
8751	(-1, -1)	b'\xe6\x9c\x80\xe5\xa5\xbd\xe7\x9a\x84'	-10.752985153808797
8752	(-1, -1)	b'\xe5\xae\xa2\xe8\x83\x9c'	-10.936421537919998
8753	(-1, -1)	b'\xe6\x8a\x95\xe7\xaf\xae'	-10.936979417990255
8754	(-1, -1)	b'\xe7\xa9\x86'	-10.93790991028778
8755	(-1, -1)	b'ining'	-10.54323952840898
8756	(-1, -1)	b' arrived'	-10.938282349770672
8757	(-1, -1)	b'\xe5\x81\x9a\xe5\x88\xb0'	-10.722204116346562
8758	(-1, -1)	b'\xe8\x80\x81\xe4\xba\xba'	-10.816224611944714
8759	(-1, -1)	b'\xe6\xb0\xb8\xe8\xbf\x9c'	-10.938654928016412
8760	(-1, -1)	b'\xe8\x82\xa1\xe4\xbb\xb7'	-10.938841269207671
8761	(-1, -1)	b'\xe6\x9c\x80\xe4\xb8\xba'	-10.894195064442268
8762	(-1, -1)	b'\xe9\x81\x93\xe5\x85\xb7'	-10.938468621541723
8763	(-1, -1)	b'.cn'	-10.9047657980066
8764	(-1, -1)	b'\xe5\xba\x9f'	-10.939400501210315
8765	(-1, -1)	b'\xe9\x81\x87\xe5\x88\xb0'	-10.677595781660902
8766	(-1, -1)	b'\xe9\xa2\x84\xe7\xae\x97'	-10.939960046128393
8767	(-1, -1)	b'care'	-10.583695634207594
8768	(-1, -1)	b'\xe3\x82\xb9'	-10.94014663069839
8769	(-1, -1)	b' disease'	-10.675015874826464
8770	(-1, -1)	b'\xe4\xb9\xb0\xe5\x85\xa5'	-10.940706593382178
8771	(-1, -1)	b' assume'	-10.519189776263506
8772	(-1, -1)	b' YOU'	-10.690014713835815
8773	(-1, -1)	b'\xe5\x88\x9b\xe6\x84\x8f'	-10.940893317311392
8774	(-1, -1)	b'\xe5\xbe\x97\xe5\x88\xb0\xe4\xba\x86'	-10.943698368239
8775	(-1, -1)	b'Will'	-10.931044682470441
8776	(-1, -1)	b' neighbor'	-10.580434690862697
8777	(-1, -1)	b'\xe5\x91\xa8\xe6\x9c\xab'	-10.589329451925849
8778	(-1, -1)	b' champion'	-10.54877552644286
8779	(-1, -1)	b' \xe0\xa4\x9a'	-10.94238836524451
8780	(-1, -1)	b'\xe0\xb0\xa4'	-9.550034227039387
8781	(-1, -1)	b'\xe7\x9b\xb8\xe4\xba\x92'	-10.94313672823547
8782	(-1, -1)	b'\xe5\xa4\x9a\xe5\xb9\xb4'	-10.37248608884006
8783	(-1, -1)	b'\xe8\x81\xaf'	-10.943323906523334
8784	(-1, -1)	b'\xe5\x85\xac\xe5\xaf\x93'	-10.943323906523334
8785	(-1, -1)	b" country's"	-10.943323906523334
8786	(-1, -1)	b'\xe8\xad\xa6\xe5\xaf\x9f'	-10.942575403494377
8787	(-1, -1)	b' alcohol'	-10.943698368239
8788	(-1, -1)	b' records'	-10.944260323859297
8789	(-1, -1)	b' noticed'	-10.944447712597782
8790	(-1, -1)	b'\xe5\xaf\x84'	-10.944635136457388
8791	(-1, -1)	b'\xe5\xb9\xb8\xe7\xa6\x8f'	-10.944822595451281
8792	(-1, -1)	b'\xe6\x9c\xba\xe5\x99\xa8'	-10.934007647601097
8793	(-1, -1)	b'\xe7\xbe\x8e\xe5\xa5\xb3'	-10.939027645128443
8794	(-1, -1)	b'\xe8\xae\xa9\xe4\xbb\x96'	-10.846347371399823
8795	(-1, -1)	b' tip'	-10.461133513120291
8796	(-1, -1)	b'\xe7\x9a\x84\xe7\xbb\x8f\xe6\xb5\x8e'	-10.814577436477578
8797	(-1, -1)	b'urb'	-10.63036497600844
8798	(-1, -1)	b'\xe5\xa4\xa9\xe7\x9a\x84'	-10.995977758752211
8799	(-1, -1)	b' primary'	-10.946323533819363
8800	(-1, -1)	b'\xe0\xa5\x8d\xe0\xa4\x9f'	-11.29025877292785
8801	(-1, -1)	b'\xe5\x87\xba\xe7\x8e\xb0\xe5\x9c\xa8'	-10.953105775340896
8802	(-1, -1)	b'\xe7\xad\x94\xe6\xa1\x88'	-10.946323533819363
8803	(-1, -1)	b' eating'	-10.947074848655607
8804	(-1, -1)	b'\xe7\xbc\xb4'	-10.947262765596872
8805	(-1, -1)	b' remind'	-10.671728983692915
8806	(-1, -1)	b'\xc4\xb1nda'	-10.637646728318499
8807	(-1, -1)	b'\xd1\x96\xd0\xb2'	-10.996569883510457
8808	(-1, -1)	b'AY'	-10.101388851931375
8809	(-1, -1)	b' inbox'	-10.948014786688903
8810	(-1, -1)	b'\xe7\xb1\xb3\xe5\x85\xb0'	-10.944635136457388
8811	(-1, -1)	b'\xe6\x9c\x88\xe7\x9a\x84'	-10.787943838829767
8812	(-1, -1)	b' fly'	-10.44269611709358
8813	(-1, -1)	b' Yes'	-10.938654928016412
8814	(-1, -1)	b' smaller'	-10.948014786688903
8815	(-1, -1)	b'\xe0\xaa\xa3'	-10.935492428868677
8816	(-1, -1)	b'WE'	-10.383333797041336
8817	(-1, -1)	b' user'	-10.894908204069568
8818	(-1, -1)	b' Inter'	-10.253176353259418
8819	(-1, -1)	b' Martin'	-10.613532761041435
8820	(-1, -1)	b' collection'	-10.82583210674927
8821	(-1, -1)	b' uu'	-10.80133437528203
8822	(-1, -1)	b' closer'	-10.94238836524451
8823	(-1, -1)	b'\xe9\xbc\x93\xe5\x8a\xb1'	-10.950274249145158
8824	(-1, -1)	b'\xe6\xa3\x80\xe6\xb5\x8b'	-10.950462768327542
8825	(-1, -1)	b'\xe5\xae\x9e\xe9\xaa\x8c'	-10.948767373742298
8826	(-1, -1)	b' \xe1\x88\xb0'	-10.951028539205435
8827	(-1, -1)	b'\xe5\x90\x8d\xe7\xa7\xb0'	-10.905126093452761
8828	(-1, -1)	b'\xe6\xb3\xa2\xe5\x8a\xa8'	-10.951594630361226
8829	(-1, -1)	b'-the'	-10.941640561881936
8830	(-1, -1)	b'\xe8\xb4\xad\xe7\x89\xa9'	-10.951028539205435
8831	(-1, -1)	b' believes'	-10.951594630361226
8832	(-1, -1)	b'\xe6\xb2\xb3\xe5\x8d\x97'	-10.95065132305611
8833	(-1, -1)	b'HS'	-10.95537678312997
8834	(-1, -1)	b'\xe6\x89\xab'	-10.95291675728911
8835	(-1, -1)	b' measure'	-10.78442439830689
8836	(-1, -1)	b'\xe6\xbb\xa1\xe6\x84\x8f'	-10.95291675728911
8837	(-1, -1)	b'\xe7\x9a\x84\xe7\x8e\xa9\xe5\xae\xb6'	-10.69803868277496
8838	(-1, -1)	b'\xe5\xae\x9e\xe4\xb9\xa0'	-10.951972202576396
8839	(-1, -1)	b'From'	-10.945197618894642
8840	(-1, -1)	b'\xe6\x98\xaf\xe5\x9b\xa0\xe4\xb8\xba'	-10.818204810611578
8841	(-1, -1)	b' trouble'	-10.675445397347206
8842	(-1, -1)	b' Andrew'	-10.95367304395779
8843	(-1, -1)	b' dollar'	-10.944635136457388
8844	(-1, -1)	b'\xc3\xbcr'	-10.809815913648436
8845	(-1, -1)	b'\xe4\xb8\x8d\xe4\xbd\x86'	-10.915267433538022
8846	(-1, -1)	b'\xe8\xb0\xa8\xe6\x85\x8e'	-10.954619207336163
8847	(-1, -1)	b' fake'	-10.848388188434676
8848	(-1, -1)	b' ideas'	-10.954808547486307
8849	(-1, -1)	b'\xe8\xba\xab\xe8\xbe\xb9'	-10.954429903028926
8850	(-1, -1)	b'\xe8\xbf\x98\xe5\xb0\x86'	-10.886914556388822
8851	(-1, -1)	b'\xe5\xaf\xba'	-10.955566266787573
8852	(-1, -1)	b'\xe5\x8b\xa4'	-10.956134933280008
8853	(-1, -1)	b'\xe5\x87\xbb\xe8\xb4\xa5'	-10.955566266787573
8854	(-1, -1)	b' heat'	-10.907832455050503
8855	(-1, -1)	b' seasons'	-10.956514224010897
8856	(-1, -1)	b'\xe5\x85\x88\xe5\x90\x8e'	-10.952161042157734
8857	(-1, -1)	b'\xe9\xb9\xbf'	-10.957083429983955
8858	(-1, -1)	b' developed'	-10.957083429983955
8859	(-1, -1)	b'\xe0\xa4\xae\xe0\xa4\xbe'	-10.043034723711232
8860	(-1, -1)	b' rose'	-10.882148860315809
8861	(-1, -1)	b' Wall'	-10.9291972775482
8862	(-1, -1)	b' weak'	-10.638888535997914
8863	(-1, -1)	b' Manchester'	-10.957463080709852
8864	(-1, -1)	b' motor'	-10.842278189793097
8865	(-1, -1)	b'\xe9\x98\x94'	-10.958412838593002
8866	(-1, -1)	b'71'	-10.302830578192266
8867	(-1, -1)	b' expert'	-10.958412838593002
8868	(-1, -1)	b'\xe5\xad\x98\xe5\x82\xa8'	-10.958792994461485
8869	(-1, -1)	b' Premier'	-10.854193224370968
8870	(-1, -1)	b'\xe5\xb9\xbc'	-10.958983126603897
8871	(-1, -1)	b'.00'	-10.454911578080997
8872	(-1, -1)	b'\xd1\x81\xd1\x8f'	-10.695551665181156
8873	(-1, -1)	b'\xe0\xb0\xb8'	-10.141209842004608
8874	(-1, -1)	b'\xe6\x89\xb9\xe5\x87\x86'	-10.959363499373792
8875	(-1, -1)	b'\xe5\xad\x98\xe6\xac\xbe'	-10.959553740028793
8876	(-1, -1)	b'\xe8\xa1\xa8\xe9\x9d\xa2'	-10.86106610365873
8877	(-1, -1)	b' mission'	-10.715772264093504
8878	(-1, -1)	b' lived'	-10.960124679239279
8879	(-1, -1)	b' machine'	-10.547136698468128
8880	(-1, -1)	b'\xe6\x9d\x82\xe5\xbf\x97'	-10.960505486555382
8881	(-1, -1)	b'\xe6\x89\x8d\xe6\x98\xaf'	-10.82134816666161
8882	(-1, -1)	b'\xe5\xb0\x8f\xe5\xa7\x90'	-10.93790991028778
8883	(-1, -1)	b' proposed'	-10.96088643894094
8884	(-1, -1)	b' Ohio'	-10.960505486555382
8885	(-1, -1)	b'2.5'	-10.307478299784862
8886	(-1, -1)	b' wood'	-10.961076969569316
8887	(-1, -1)	b'Those'	-10.96126753650653
8888	(-1, -1)	b' confidence'	-10.959934329947755
8889	(-1, -1)	b'\xda\x86'	-10.96183945530965
8890	(-1, -1)	b'atan'	-10.539357487343118
8891	(-1, -1)	b'\xe5\x9f\xb9\xe5\x85\xbb'	-10.962220916309889
8892	(-1, -1)	b'\xe1\x89\xb6'	-10.943323906523334
8893	(-1, -1)	b'\xe5\xb0\x9d\xe8\xaf\x95'	-10.962411701391074
8894	(-1, -1)	b'\xe6\xbe\xb3\xe6\xb4\xb2'	-10.962411701391074
8895	(-1, -1)	b' church'	-10.812440156584668
8896	(-1, -1)	b' \xd0\xbf\xd1\x80'	-9.691310001733404
8897	(-1, -1)	b'\xe5\xb9\xbf\xe5\x9c\xba'	-10.883911285868937
8898	(-1, -1)	b' seeking'	-10.963557176888603
8899	(-1, -1)	b'\xe0\xb1\x8d\xe0\xb0\xaf'	-10.963557176888603
8900	(-1, -1)	b'\xe6\xb1\x9f\xe6\xb9\x96'	-10.957842875625165
8901	(-1, -1)	b' beer'	-10.96911221463873
8902	(-1, -1)	b'\xe7\x96\xbe\xe7\x97\x85'	-10.964130407056206
8903	(-1, -1)	b'\xe4\xbb\x8e\xe4\xba\x8b'	-10.963557176888603
8904	(-1, -1)	b' der'	-10.855221149765574
8905	(-1, -1)	b'\xe9\x82\xa3\xe6\xa0\xb7'	-10.786022608651873
8906	(-1, -1)	b'kt'	-10.64456525598442
8907	(-1, -1)	b'\xe7\xac\xac\xe4\xba\x94'	-10.965660629236973
8908	(-1, -1)	b'\xe5\x90\x84\xe5\xa4\xa7'	-10.948014786688903
8909	(-1, -1)	b'-20'	-10.43242340723786
8910	(-1, -1)	b'\xe6\xbf\x80\xe7\x83\x88'	-10.966043550934167
8911	(-1, -1)	b' balance'	-10.658970092153854
8912	(-1, -1)	b'Nice'	-10.540357862567221
8913	(-1, -1)	b' candidate'	-10.385903391602968
8914	(-1, -1)	b' \xd8\xa7\xd9\x88\xd8\xb1'	-10.966043550934167
8915	(-1, -1)	b'EOS'	-10.88408769938267
8916	(-1, -1)	b'\xe9\xa3\x9e\xe6\x9c\xba'	-10.96374821710315
8917	(-1, -1)	b'\xe5\xbc\xba\xe5\x8a\xbf'	-10.966618208549828
8918	(-1, -1)	b'iro'	-10.524840202794397
8919	(-1, -1)	b'\xe6\x8e\xa5\xe5\x88\xb0'	-10.851457244552094
8920	(-1, -1)	b'\xe5\xb2\xa9'	-10.967193196586752
8921	(-1, -1)	b' Mu'	-10.247092755480244
8922	(-1, -1)	b'\xe5\x8d\xb0\xe8\xb1\xa1'	-10.967768515425135
8923	(-1, -1)	b'\xe7\xa2\x8e'	-10.967768515425135
8924	(-1, -1)	b'\xe0\xa4\xbf\xe0\xa4\xa4'	-11.03070974522863
8925	(-1, -1)	b'\xe4\xb8\x8a\xe8\xaf\x81'	-10.949143879770842
8926	(-1, -1)	b' responsibility'	-10.968344165445828
8927	(-1, -1)	b'nel'	-10.426153794224264
8928	(-1, -1)	b'\xe6\x98\xaf\xe4\xb8\xad\xe5\x9b\xbd'	-10.89883958868994
8929	(-1, -1)	b'\xd8\xb8'	-10.817544308606058
8930	(-1, -1)	b' bringing'	-10.968920147030342
8931	(-1, -1)	b' justice'	-10.879686671242158
8932	(-1, -1)	b'\xe8\xb5\x94\xe5\x81\xbf'	-10.96911221463873
8933	(-1, -1)	b' reporters'	-10.96911221463873
8934	(-1, -1)	b'\xe5\x87\xb6'	-10.969304319144172
8935	(-1, -1)	b' Have'	-10.680326256878914
8936	(-1, -1)	b'\xe0\xa7\x87\xe0\xa6\xa8'	-10.969496460560844
8937	(-1, -1)	b'\xe8\xbb\x8a'	-10.969688638902937
8938	(-1, -1)	b'\xe6\x83\xb3\xe6\xb3\x95'	-10.968728116304836
8939	(-1, -1)	b' reflect'	-10.739611654975187
8940	(-1, -1)	b'\xe8\x8a\x82\xe7\x9b\xae'	-10.907110042160136
8941	(-1, -1)	b'-19'	-10.899556049404808
8942	(-1, -1)	b'\xe4\xb8\x80\xe5\xad\xa3\xe5\xba\xa6'	-10.855907020848703
8943	(-1, -1)	b'\xe9\x80\x99'	-10.971227396659913
8944	(-1, -1)	b'\xe5\xa8\x98'	-10.971227396659913
8945	(-1, -1)	b' thinks'	-10.971419907970548
8946	(-1, -1)	b'\xe8\xad\xb0'	-10.971612456348922
8947	(-1, -1)	b'\xe7\xa7\xa6'	-10.972190324033306
8948	(-1, -1)	b' \xe0\xa4\x95\xe0\xa5\x8b'	-10.972190324033306
8949	(-1, -1)	b'\xe5\xb7\xa5\xe5\x85\xb7'	-10.969496460560844
8950	(-1, -1)	b' championship'	-10.972575754756907
8951	(-1, -1)	b' Board'	-10.949897317365346
8952	(-1, -1)	b' \xd8\xb3\xdb\x92'	-10.973154179529613
8953	(-1, -1)	b'\xe7\xb7\x9a'	-10.97334706216113
8954	(-1, -1)	b'\xd8\xb1\xd9\x8a'	-10.86348281465716
8955	(-1, -1)	b' \xe1\x8b\x88'	-10.97334706216113
8956	(-1, -1)	b' Who'	-10.680326256878914
8957	(-1, -1)	b' Carolina'	-10.956324560662772
8958	(-1, -1)	b'\xe5\x8d\x97\xe9\x83\xa8'	-10.877931669036702
8959	(-1, -1)	b' dun'	-10.845498258671553
8960	(-1, -1)	b'iance'	-10.890459402355363
8961	(-1, -1)	b' \xe0\xa4\x87'	-10.975084682059672
8962	(-1, -1)	b'\xe4\xb8\xa4\xe4\xbd\x8d'	-10.89188086670274
8963	(-1, -1)	b' domestic'	-10.933822204856014
8964	(-1, -1)	b' thats'	-10.97334706216113
8965	(-1, -1)	b'\xe7\x9f\xb3\xe6\xb2\xb9'	-10.975664560301492
8966	(-1, -1)	b' tag'	-10.974118964939713
8967	(-1, -1)	b'\xe5\xb2\x97'	-10.97585792779702
8968	(-1, -1)	b'\xe7\x89\xa9\xe7\x90\x86'	-10.974891464012504
8969	(-1, -1)	b'\xe5\xaf\xb9\xe6\xaf\x94'	-10.976051332690766
8970	(-1, -1)	b'\xe5\x8f\x96\xe6\xb6\x88'	-10.976244774997202
8971	(-1, -1)	b'\xe8\xbe\x9e'	-10.976631771906057
8972	(-1, -1)	b' winter'	-10.918001418654825
8973	(-1, -1)	b'\xe5\xad\x9f'	-10.976825326537455
8974	(-1, -1)	b'ties'	-9.795404570302779
8975	(-1, -1)	b' stars'	-10.977212548226708
8976	(-1, -1)	b' legit'	-10.977212548226708
8977	(-1, -1)	b'\xe5\x93\x81\xe7\xa7\x8d'	-10.974891464012504
8978	(-1, -1)	b' lucky'	-10.977018918639502
8979	(-1, -1)	b' hundreds'	-10.978181258948592
8980	(-1, -1)	b'\xe7\x81\xab\xe7\x88\x86'	-10.975664560301492
8981	(-1, -1)	b'\xe5\xa4\xb1\xe4\xb8\x9a'	-10.97895690374218
8982	(-1, -1)	b'\xe4\xb8\x8d\xe5\xbe\x97\xe4\xb8\x8d'	-10.911996487499746
8983	(-1, -1)	b' anywhere'	-10.978762936134162
8984	(-1, -1)	b'\xe1\x88\x8e'	-10.94952052760957
8985	(-1, -1)	b'\xe8\x82\xa1\xe6\x9d\x83'	-10.979344951865016
8986	(-1, -1)	b' \xe0\xa8\xa6\xe0\xa9\x87'	-10.979344951865016
8987	(-1, -1)	b' activity'	-10.97953903240905
8988	(-1, -1)	b' located'	-10.97953903240905
8989	(-1, -1)	b'\xe5\x89\x8d\xe7\x9a\x84'	-10.91873174550854
8990	(-1, -1)	b' truly'	-10.9801215001471
8991	(-1, -1)	b' 2009'	-10.97953903240905
8992	(-1, -1)	b' apply'	-10.758571760517437
8993	(-1, -1)	b' allows'	-10.980510000540486
8994	(-1, -1)	b' youth'	-10.980510000540486
8995	(-1, -1)	b'\xe0\xae\xae'	-10.592487764855166
8996	(-1, -1)	b'\xe5\x8d\x87\xe5\x80\xbc'	-10.978762936134162
8997	(-1, -1)	b' forgot'	-10.724006459880423
8998	(-1, -1)	b'.THURSDAY'	-10.981287454418325
8999	(-1, -1)	b'bar'	-10.172498358241386
9000	(-1, -1)	b' Reuters'	-10.981676408137735
9001	(-1, -1)	b'\xe6\xb8\xb8\xe6\x88\x8f\xe4\xb8\xad'	-10.748661490495104
9002	(-1, -1)	b' operating'	-10.982649454823443
9003	(-1, -1)	b'\xe6\xb4\xbe\xe5\x87\xba\xe6\x89\x80'	-10.975664560301492
9004	(-1, -1)	b'\xe7\x99\xbb\xe9\x99\x86'	-10.983038938762155
9005	(-1, -1)	b' ride'	-10.492598893632417
9006	(-1, -1)	b'\xd0\xb4\xd0\xb0\xd0\xbd'	-10.675588612528259
9007	(-1, -1)	b' flat'	-10.851115772805562
9008	(-1, -1)	b'\xe5\xa2\x9e\xe5\x8a\xa0\xe4\xba\x86'	-10.92202483300701
9009	(-1, -1)	b'\xe6\x88\x92'	-10.983818362028426
9010	(-1, -1)	b' elections'	-10.983818362028426
9011	(-1, -1)	b'\xe7\xac\x94\xe8\x80\x85'	-10.964895225449128
9012	(-1, -1)	b'\xe7\xa7\xaf\xe5\x88\x86'	-10.978569006142282
9013	(-1, -1)	b' independent'	-10.83637349106836
9014	(-1, -1)	b' Chance'	-10.950462768327542
9015	(-1, -1)	b'onom'	-10.522625362464845
9016	(-1, -1)	b'-T'	-11.105997009157846
9017	(-1, -1)	b' info'	-10.933266082865595
9018	(-1, -1)	b'l\xc9\x99r'	-10.066592395108314
9019	(-1, -1)	b'\xe6\x80\x9d\xe6\x83\xb3'	-10.981481912367405
9020	(-1, -1)	b'\xe6\x83\x85\xe5\x86\xb5\xe4\xb8\x8b'	-11.092867717716054
9021	(-1, -1)	b' Richard'	-10.832009603646249
9022	(-1, -1)	b' hotel'	-10.752211698746647
9023	(-1, -1)	b'\xe5\xaf\x8c\xe5\xa3\xab'	-10.98557428873069
9024	(-1, -1)	b' approved'	-10.98557428873069
9025	(-1, -1)	b'\xe9\x80\x89\xe6\x89\x8b'	-10.986160283473506
9026	(-1, -1)	b'SA'	-9.939684901963014
9027	(-1, -1)	b'\xe6\x80\x92'	-10.986355691388148
9028	(-1, -1)	b' argument'	-10.667742078226691
9029	(-1, -1)	b' ju'	-9.633999946373716
9030	(-1, -1)	b'\xe5\x90\x88\xe9\x80\x82'	-10.984013312803972
9031	(-1, -1)	b' facing'	-10.986942144342109
9032	(-1, -1)	b' stocks'	-10.987724616995491
9033	(-1, -1)	b' Sa'	-9.42298934364447
9034	(-1, -1)	b' stores'	-10.988116083040811
9035	(-1, -1)	b'\xe6\x89\x93\xe5\xbc\x80'	-10.98752894142496
9036	(-1, -1)	b'\xe5\x9b\xba\xe5\xae\x9a'	-10.850262603229027
9037	(-1, -1)	b' Please'	-10.984598393269225
9038	(-1, -1)	b'\xe5\xa4\xa7\xe4\xbc\x9a'	-10.904585698951633
9039	(-1, -1)	b' akka'	-10.84261665654197
9040	(-1, -1)	b'\xe7\xba\xa6\xe7\xbf\xb0'	-10.989095419129269
9041	(-1, -1)	b'\xe9\xad\x85\xe5\x8a\x9b'	-10.915995765689665
9042	(-1, -1)	b'\xe5\xa0\xb4'	-10.989487422270313
9043	(-1, -1)	b' \xe0\xa8\xb2'	-10.989487422270313
9044	(-1, -1)	b'\xe7\x8b\xae'	-10.989683481480824
9045	(-1, -1)	b' trend'	-10.539107549826195
9046	(-1, -1)	b' changing'	-10.99007571525718
9047	(-1, -1)	b' Democrats'	-10.990271889853199
9048	(-1, -1)	b'\xd8\xaf\xd9\x87'	-10.478622591274505
9049	(-1, -1)	b' section'	-10.760752786463797
9050	(-1, -1)	b' \xd0\xa3'	-10.990468102941241
9051	(-1, -1)	b'\xe4\xbf\xa1\xe7\x94\xa8\xe5\x8d\xa1'	-10.990664354536415
9052	(-1, -1)	b'\xe5\xa4\x96\xe6\xb1\x87'	-10.905126093452761
9053	(-1, -1)	b' politics'	-10.991253340515943
9054	(-1, -1)	b'\xe6\x83\xa8'	-10.991449746290904
9055	(-1, -1)	b'\xe4\xb8\x89\xe5\x9b\xbd'	-10.990271889853199
9056	(-1, -1)	b'\xe8\xae\xa4\xe5\x8f\xaf'	-10.986160283473506
9057	(-1, -1)	b'place'	-10.50182548835417
9058	(-1, -1)	b'\xe8\x8b\xb1\xe6\x96\x87'	-10.991842673604408
9059	(-1, -1)	b' subscribe'	-10.614879744003716
9060	(-1, -1)	b'\xe6\xb0\x94\xe8\xb4\xa8'	-10.990468102941241
9061	(-1, -1)	b' edit'	-9.898352539555223
9062	(-1, -1)	b' weapon'	-10.992825667883896
9063	(-1, -1)	b' Sorry'	-10.993219136313131
9064	(-1, -1)	b'\xe6\xb9\x96\xe5\x8d\x97'	-10.993809629391995
9065	(-1, -1)	b'\xe6\x89\xbf\xe8\xaf\xba'	-10.993809629391995
9066	(-1, -1)	b' larger'	-10.993612759620714
9067	(-1, -1)	b' possibly'	-10.994203485245846
9068	(-1, -1)	b' \xe0\xae\xa8'	-10.994203485245846
9069	(-1, -1)	b' fifth'	-10.994400471358963
9070	(-1, -1)	b' \xd0\xb4\xd0\xb5'	-10.478387380171457
9071	(-1, -1)	b'\xe9\x81\x8b'	-10.994794560034014
9072	(-1, -1)	b'\xe3\x82\xa4'	-10.994794560034014
9073	(-1, -1)	b'HO'	-9.917831300676392
9074	(-1, -1)	b'\xe7\x9a\x84\xe4\xb8\xad\xe5\x9b\xbd'	-10.93289550661529
9075	(-1, -1)	b'\xe5\xb8\x83\xe6\x9c\x97'	-10.994794560034014
9076	(-1, -1)	b'\xe6\x9c\x89\xe5\xbe\x88\xe5\xa4\x9a'	-10.7710993280501
9077	(-1, -1)	b'\xe8\xb4\xa6\xe6\x88\xb7'	-10.995977758752211
9078	(-1, -1)	b'\xe5\x87\x80\xe5\x88\xa9\xe6\xb6\xa6'	-10.995977758752211
9079	(-1, -1)	b' placed'	-10.995977758752211
9080	(-1, -1)	b'ez'	-9.688210384031562
9081	(-1, -1)	b' views'	-10.996964828223332
9082	(-1, -1)	b'\xe8\x91\xa3\xe4\xba\x8b\xe9\x95\xbf'	-10.983038938762155
9083	(-1, -1)	b' pitch'	-10.395057512928464
9084	(-1, -1)	b' faster'	-10.996964828223332
9085	(-1, -1)	b'\xe9\xa1\xb5'	-10.99755753791173
9086	(-1, -1)	b'\xe7\xb2\xae'	-10.997755185901305
9087	(-1, -1)	b' USA'	-10.962984275125583
9088	(-1, -1)	b' Secretary'	-10.998546168738669
9089	(-1, -1)	b' hin'	-10.687112796535292
9090	(-1, -1)	b' Last'	-10.994794560034014
9091	(-1, -1)	b'\xe7\xbd\x97\xe9\xa9\xac'	-10.994597496283253
9092	(-1, -1)	b' standing'	-10.845668023547608
9093	(-1, -1)	b' Republicans'	-10.999337777725188
9094	(-1, -1)	b'\xe9\x83\xbd\xe6\xb2\xa1\xe6\x9c\x89'	-10.999733817334326
9095	(-1, -1)	b' Global'	-10.989487422270313
9096	(-1, -1)	b' Up'	-10.712348877554467
9097	(-1, -1)	b'\xe9\x98\x9f\xe4\xbc\x8d'	-10.997755185901305
9098	(-1, -1)	b' exchange'	-10.71027080051155
9099	(-1, -1)	b'\xe6\x94\xb6\xe8\xb4\xb9'	-10.999931895972193
9100	(-1, -1)	b' individuals'	-11.000328170992237
9101	(-1, -1)	b'\xe8\xbd\xaf\xe4\xbb\xb6'	-11.00052636740553
9102	(-1, -1)	b'\xe9\xab\x98\xe7\xad\x89'	-10.90873620567686
9103	(-1, -1)	b' surprise'	-10.877581037897064
9104	(-1, -1)	b' songs'	-10.986160283473506
9105	(-1, -1)	b'\xe7\xb2\x97'	-11.00131954611061
9106	(-1, -1)	b'\xe5\x8a\xa8\xe6\x80\x81'	-10.995583203608012
9107	(-1, -1)	b'\xe6\x88\x90\xe4\xba\xba'	-10.980510000540486
9108	(-1, -1)	b'vin'	-10.225036769810272
9109	(-1, -1)	b'EA'	-10.49331479868626
9110	(-1, -1)	b' Tra'	-10.52066072529068
9111	(-1, -1)	b'.....'	-10.244576561990167
9112	(-1, -1)	b'\xe6\x88\x98\xe8\x83\x9c'	-10.99795287296333
9113	(-1, -1)	b' survey'	-10.855392573439604
9114	(-1, -1)	b' adjust'	-11.003305249701922
9115	(-1, -1)	b'\xe4\xbc\xb0\xe8\xae\xa1'	-11.003504037099455
9116	(-1, -1)	b' direction'	-10.78490359326854
9117	(-1, -1)	b' \xe0\xa4\x95\xe0\xa4\xb0'	-10.992432354211177
9118	(-1, -1)	b'\xe5\x9b\xbd\xe6\xb0\x91'	-10.988703569594476
9119	(-1, -1)	b' Real'	-10.471006408229197
9120	(-1, -1)	b'\xe6\x8c\xa1'	-11.004498567265964
9121	(-1, -1)	b'\xda\xab'	-10.692196691572564
9122	(-1, -1)	b'\xe5\xb7\xa5\xe8\x89\xba'	-11.004697592045206
9123	(-1, -1)	b' Church'	-10.980510000540486
9124	(-1, -1)	b'\xe6\x97\xac'	-11.601160320406315
9125	(-1, -1)	b' Ann'	-10.934749762662987
9126	(-1, -1)	b' pool'	-11.004697592045206
9127	(-1, -1)	b'\xe1\x8c\xa0'	-10.846347371399823
9128	(-1, -1)	b' generally'	-11.00509576047571
9129	(-1, -1)	b'\xe6\x88\x90\xe5\xb0\xb1'	-10.99676733636923
9130	(-1, -1)	b'Of'	-10.524840202794397
9131	(-1, -1)	b'\xe7\x94\xa2'	-11.005494087507467
9132	(-1, -1)	b'\xe9\x83\xbd\xe5\x8f\xaf\xe4\xbb\xa5'	-10.939960046128393
9133	(-1, -1)	b'\xe8\x90\xbd\xe5\x90\x8e'	-10.935492428868677
9134	(-1, -1)	b' www.'	-10.869202563329948
9135	(-1, -1)	b' steps'	-10.993415928599509
9136	(-1, -1)	b'\xe5\x9c\xb0\xe5\x9d\x97'	-10.937351511017804
9137	(-1, -1)	b' Western'	-11.005693310538307
9138	(-1, -1)	b'\xe8\x89\xb0'	-11.005693310538307
9139	(-1, -1)	b'\xe5\x9c\xba\xe5\x9d\x87'	-11.00509576047571
9140	(-1, -1)	b' nke'	-10.995977758752211
9141	(-1, -1)	b'\xe1\x8d\x88'	-10.819527124853838
9142	(-1, -1)	b' tech'	-10.601623876069118
9143	(-1, -1)	b'\xe6\xb0\x91\xe4\xb8\xbb'	-11.005294904158536
9144	(-1, -1)	b' dumb'	-10.98187094174403
9145	(-1, -1)	b' ri'	-10.22787028022945
9146	(-1, -1)	b' relevant'	-11.00748810611433
9147	(-1, -1)	b'\xe8\x8e\x8e'	-11.008286828201522
9148	(-1, -1)	b'\xe7\x9a\x84\xe4\xba\x8b'	-10.875654761143483
9149	(-1, -1)	b'\xe9\x92\xbb'	-11.00848660844392
9150	(-1, -1)	b'\xe0\xb0\xae'	-10.499660985344596
9151	(-1, -1)	b' debut'	-10.963939293821033
9152	(-1, -1)	b' speaking'	-11.009086188755676
9153	(-1, -1)	b' earnings'	-11.009086188755676
9154	(-1, -1)	b'\xe5\xae\xa4\xe5\x86\x85'	-10.957083429983955
9155	(-1, -1)	b'\xe0\xb8\x81\xe0\xb8\xb2\xe0\xb8\xa3'	-10.86348281465716
9156	(-1, -1)	b' reference'	-10.721454097560935
9157	(-1, -1)	b'\xe5\xa0\x86'	-11.009486108777004
9158	(-1, -1)	b' \xe0\xa8\xac'	-11.00968612877967
9159	(-1, -1)	b'\xe6\x83\x8a\xe5\x96\x9c'	-11.009886188798344
9160	(-1, -1)	b'\xe5\x8e\x9f\xe6\x9c\xac'	-11.007687726835623
9161	(-1, -1)	b'\xe8\xa1\x97\xe9\x81\x93'	-11.008286828201522
9162	(-1, -1)	b'\xe6\x9c\xaa\xe8\x83\xbd'	-11.016510723713967
9163	(-1, -1)	b'\xe8\xaf\x84\xe4\xbc\xb0'	-10.998941894901332
9164	(-1, -1)	b'\xe4\xb8\xad\xe4\xbb\x8b'	-10.959934329947755
9165	(-1, -1)	b'\xe4\xb8\xad\xe5\x85\xb3\xe6\x9d\x91'	-11.003106501812965
9166	(-1, -1)	b'\xe6\xaf\x94\xe5\x88\x86'	-11.00131954611061
9167	(-1, -1)	b' \xe0\xa4\xae\xe0\xa5\x87\xe0\xa4\x82'	-11.010887089692632
9168	(-1, -1)	b'\xe7\xbe\xa9'	-11.011087390143977
9169	(-1, -1)	b'\xe5\x93\xad'	-11.011087390143977
9170	(-1, -1)	b' Public'	-11.010887089692632
9171	(-1, -1)	b'\xe6\x97\xb6\xe8\xae\xb8'	-11.009286128774336
9172	(-1, -1)	b'\xe1\x8b\x8a'	-10.999337777725188
9173	(-1, -1)	b' From'	-10.997755185901305
9174	(-1, -1)	b'\xe8\xaf\xb4\xe7\x9a\x84'	-10.971612456348922
9175	(-1, -1)	b' bul'	-10.991253340515943
9176	(-1, -1)	b'\xe5\xb7\xb4\xe8\xa5\xbf'	-11.011888993393313
9177	(-1, -1)	b'\xe0\xae\xbf\xe0\xae\xb2\xe0\xaf\x8d'	-10.897587016279594
9178	(-1, -1)	b' suffered'	-11.012891901911836
9179	(-1, -1)	b' \xe0\xae\x8e'	-11.013092604371115
9180	(-1, -1)	b'\xe5\x9c\xb0\xe7\x82\xb9'	-10.934564182259745
9181	(-1, -1)	b' sin'	-9.958804353866444
9182	(-1, -1)	b' sand'	-10.972190324033306
9183	(-1, -1)	b' policies'	-11.013293347119957
9184	(-1, -1)	b'\xe8\x93\x9d\xe7\x90\x83'	-11.012891901911836
9185	(-1, -1)	b' covered'	-11.013895817265704
9186	(-1, -1)	b' wake'	-10.958032827188088
9187	(-1, -1)	b'\xe5\xb7\xa1'	-11.014297665774226
9188	(-1, -1)	b'\xd0\xb3\xd0\xb8'	-10.603354556125678
9189	(-1, -1)	b'\xe5\xb7\xa5\xe4\xbd\x9c\xe7\x9a\x84'	-10.885146834521397
9190	(-1, -1)	b' presidential'	-11.014096721334687
9191	(-1, -1)	b'this'	-10.910183907703141
9192	(-1, -1)	b' understanding'	-11.004896656443195
9193	(-1, -1)	b' personally'	-11.015101847562638
9194	(-1, -1)	b' competitive'	-10.954808547486307
9195	(-1, -1)	b'\xe7\xbe\x8e\xe7\x9a\x84'	-10.979733150627656
9196	(-1, -1)	b'91'	-10.184170964639641
9197	(-1, -1)	b' radio'	-10.95083991334427
9198	(-1, -1)	b'.FRIDAY'	-11.015906676579926
9199	(-1, -1)	b' destroy'	-10.797929426714713
9200	(-1, -1)	b' Those'	-11.015906676579926
9201	(-1, -1)	b'\xe6\xac\xa0'	-11.016510723713967
9202	(-1, -1)	b'\xe5\xb1\x82\xe6\xac\xa1'	-11.016510723713967
9203	(-1, -1)	b'\xe7\x94\xb5\xe5\xbd\xb1\xe8\x8a\x82'	-11.016712153868744
9204	(-1, -1)	b' gay'	-10.949143879770842
9205	(-1, -1)	b'\xe7\xba\xb5'	-11.017719913704108
9206	(-1, -1)	b' Does'	-11.017719913704108
9207	(-1, -1)	b' decade'	-11.002510495040578
9208	(-1, -1)	b' \xd9\x87\xd9\x85'	-11.018526853429153
9209	(-1, -1)	b'\xe6\x8f\x92'	-11.019334444831818
9210	(-1, -1)	b' religious'	-10.97953903240905
9211	(-1, -1)	b' tickets'	-11.019536444630505
9212	(-1, -1)	b'61'	-10.381517654242053
9213	(-1, -1)	b'Like'	-11.006690021475002
9214	(-1, -1)	b'\xe0\xa5\x8b\xe0\xa4\x82'	-11.044284614319698
9215	(-1, -1)	b'\xe5\xa5\x94'	-11.020142688965532
9216	(-1, -1)	b' Still'	-11.007288525233516
9217	(-1, -1)	b'\xe5\xae\x9e\xe8\xa1\x8c'	-10.974118964939713
9218	(-1, -1)	b' 2008'	-11.021558690011272
9219	(-1, -1)	b'\xe4\xb8\x8b\xe8\xb0\x83'	-11.015504181102566
9220	(-1, -1)	b'\xe5\xb7\xae\xe5\xbc\x82'	-11.021963630288116
9221	(-1, -1)	b'\xe5\xb8\x96'	-11.022166161934377
9222	(-1, -1)	b' Championship'	-11.022368734608017
9223	(-1, -1)	b'\xe5\xb9\xb3\xe5\xb1\x80'	-11.015906676579926
9224	(-1, -1)	b'\xe1\x8b\xa9'	-10.954808547486307
9225	(-1, -1)	b' focused'	-11.022774003103939
9226	(-1, -1)	b'\xe5\xb9\xb3\xe6\x97\xb6'	-10.939214055791671
9227	(-1, -1)	b' pour'	-10.843293933912932
9228	(-1, -1)	b'cha'	-10.121841795492971
9229	(-1, -1)	b'\xe5\x87\xba\xe5\x8e\xbb'	-10.956703923338035
9230	(-1, -1)	b'\xe6\x94\xb6\xe7\x9b\x98'	-11.023787893487864
9231	(-1, -1)	b' truck'	-10.707161759588352
9232	(-1, -1)	b'\xe8\x85\x90'	-11.024802812888897
9233	(-1, -1)	b' creating'	-11.02500592043504
9234	(-1, -1)	b' responded'	-11.02500592043504
9235	(-1, -1)	b'\xe8\xb8\x8f'	-11.025209069242239
9236	(-1, -1)	b'\xe9\xa0\x98'	-11.025412259327263
9237	(-1, -1)	b'\xe5\xb0\x9a\xe6\x9c\xaa'	-11.011287730723632
9238	(-1, -1)	b'dom'	-10.156944876066808
9239	(-1, -1)	b' Don'	-10.772202993909074
9240	(-1, -1)	b'\xe8\x80\x83\xe8\x99\x91\xe5\x88\xb0'	-10.992432354211177
9241	(-1, -1)	b'\xe5\x85\x88\xe8\xbf\x9b'	-11.0258187633979
9242	(-1, -1)	b' \xe0\xa6\x95\xe0\xa6\xb0'	-11.026835747112116
9243	(-1, -1)	b'erg'	-10.47685985505216
9244	(-1, -1)	b' Char'	-10.158395450151103
9245	(-1, -1)	b' Sl'	-10.99755753791173
9246	(-1, -1)	b'\xe4\xbb\x96\xe6\x98\xaf'	-10.91563153330538
9247	(-1, -1)	b'\xe7\x9a\x86'	-11.027446434153996
9248	(-1, -1)	b'\xe5\x8f\xaf\xe4\xbb\xa5\xe8\xaf\xb4'	-11.023787893487864
9249	(-1, -1)	b' Australian'	-10.923859022809566
9250	(-1, -1)	b'\xe5\x85\xac\xe8\xb7\xaf'	-11.027853766135188
9251	(-1, -1)	b' initial'	-10.478622591274505
9252	(-1, -1)	b'\xe6\x8b\x85\xe5\xbf\xa7'	-11.027853766135188
9253	(-1, -1)	b' completed'	-11.028261264103337
9254	(-1, -1)	b'\xd8\xb1\xd9\x87'	-10.869202563329948
9255	(-1, -1)	b' measures'	-11.028465075374806
9256	(-1, -1)	b' freedom'	-11.028465075374806
9257	(-1, -1)	b'\xe5\x90\x8c\xe6\x84\x8f'	-10.880741152886442
9258	(-1, -1)	b' replace'	-10.170854261475077
9259	(-1, -1)	b' c\xe1\xbb\xa7a'	-11.029076758542008
9260	(-1, -1)	b'\xe5\x9e\xab'	-11.029484755283693
9261	(-1, -1)	b'\xe7\x84\xa6\xe7\x82\xb9'	-10.770311740390266
9262	(-1, -1)	b'nya'	-9.84496124341818
9263	(-1, -1)	b' married'	-11.030301248490924
9264	(-1, -1)	b'\xe7\x81\xb5\xe6\xb4\xbb'	-11.030301248490924
9265	(-1, -1)	b'\xe8\x83\x83'	-11.030505476001078
9266	(-1, -1)	b' waste'	-10.931044682470441
9267	(-1, -1)	b'\xe6\x9e\x84\xe6\x88\x90'	-10.90873620567686
9268	(-1, -1)	b' affected'	-11.031118408904117
9269	(-1, -1)	b'\xe5\x89\xa7\xe6\x83\x85'	-11.031322803386178
9270	(-1, -1)	b'\xe6\x80\x8e\xe6\xa0\xb7'	-10.616093581903108
9271	(-1, -1)	b'\xe6\x96\xb0\xe5\x8a\xa0\xe5\x9d\xa1'	-11.010286428947772
9272	(-1, -1)	b'\xe1\x88\xa9'	-10.980315731477223
9273	(-1, -1)	b' \xe0\xb6\xb6'	-11.031936237614595
9274	(-1, -1)	b'\xe5\x8a\xb3\xe5\x8a\xa8'	-10.840756505502515
9275	(-1, -1)	b' degree'	-10.518332720808534
9276	(-1, -1)	b" they'll"	-11.032140799341809
9277	(-1, -1)	b'\xe7\x8e\xaf\xe8\x8a\x82'	-11.031731717724323
9278	(-1, -1)	b' Hol'	-10.10243795826978
9279	(-1, -1)	b' Hospital'	-10.984208301592735
9280	(-1, -1)	b' master'	-10.877230529656533
9281	(-1, -1)	b'\xe1\x81\x8b'	-11.032754735716358
9282	(-1, -1)	b'\xe5\xa5\x91'	-11.033164236131581
9283	(-1, -1)	b' Time'	-11.000328170992237
9284	(-1, -1)	b'\xe7\x8a\xaf\xe8\xa7\x84'	-11.033164236131581
9285	(-1, -1)	b'\xe7\xa9\xb6\xe7\xab\x9f'	-11.033573904306094
9286	(-1, -1)	b'83'	-10.240304241941061
9287	(-1, -1)	b'\xe9\x93\x9c'	-11.034598809592078
9288	(-1, -1)	b'\xe8\x9c\x9c'	-11.034598809592078
9289	(-1, -1)	b'\xe3\x82\x82'	-11.034803916761293
9290	(-1, -1)	b'\xe6\x9d\xad\xe5\xb7\x9e'	-10.851286494103459
9291	(-1, -1)	b'\xe0\xb7\x9c'	-11.035214257349734
9292	(-1, -1)	b'\xe6\xbe\xb3\xe9\x97\xa8'	-11.035419490803507
9293	(-1, -1)	b'\xe7\xbb\x8f\xe6\xb5\x8e\xe5\xa2\x9e\xe9\x95\xbf'	-10.97296133409463
9294	(-1, -1)	b' suck'	-10.93178460111315
9295	(-1, -1)	b'\xe5\x9c\xa8\xe8\xbf\x99\xe9\x87\x8c'	-10.88673764351795
9296	(-1, -1)	b'\xe5\xad\xa6\xe8\xb4\xb9'	-11.028261264103337
9297	(-1, -1)	b'-a'	-10.48227545576169
9298	(-1, -1)	b'\xe5\xbc\xba\xe5\xa4\xa7\xe7\x9a\x84'	-11.034188721417376
9299	(-1, -1)	b' zone'	-10.79550439925518
9300	(-1, -1)	b'\xe6\x88\xbf\xe9\x97\xb4'	-11.040976775868375
9301	(-1, -1)	b'\xe5\x8c\x85\xe5\x90\xab'	-11.037062876547237
9302	(-1, -1)	b'\xe5\x85\xa8\xe6\x96\xb0\xe7\x9a\x84'	-11.028261264103337
9303	(-1, -1)	b'Ne'	-10.790671915624023
9304	(-1, -1)	b' faces'	-11.037679843147785
9305	(-1, -1)	b' Syria'	-10.462984508558543
9306	(-1, -1)	b'Would'	-11.038503057847496
9307	(-1, -1)	b'\xe5\x8b\x99'	-11.038914919467816
9308	(-1, -1)	b'\xe5\xb1\x80\xe9\x9d\xa2'	-11.00748810611433
9309	(-1, -1)	b' Wild'	-11.039120913906695
9310	(-1, -1)	b'hu'	-9.31692101976902
9311	(-1, -1)	b'\xe5\xb7\xa5\xe5\x95\x86'	-11.039326950788025
9312	(-1, -1)	b'\xe4\xb8\xaa\xe7\x99\xbe\xe5\x88\x86\xe7\x82\xb9'	-11.003901730483102
9313	(-1, -1)	b' west'	-10.57835325392026
9314	(-1, -1)	b' taxes'	-11.039945316261711
9315	(-1, -1)	b'\xe5\x88\x86\xe9\x85\x8d'	-11.038503057847496
9316	(-1, -1)	b'.org'	-11.033573904306094
9317	(-1, -1)	b'\xe5\xa4\xa7\xe5\xad\xa6\xe7\x9a\x84'	-10.951972202576396
9318	(-1, -1)	b'\xe7\xab\xb9'	-11.040564064347866
9319	(-1, -1)	b' worried'	-11.041183195520258
9320	(-1, -1)	b'\xe0\xaa\xae\xe0\xaa\xbe\xe0\xaa\x82'	-10.734737311737122
9321	(-1, -1)	b'\xe7\xb2\xbe\xe9\x80\x89'	-11.041802710253547
9322	(-1, -1)	b'\xe8\xa2\x96'	-11.042009300482563
9323	(-1, -1)	b' frame'	-10.742363950290583
9324	(-1, -1)	b' Centre'	-11.012490617797303
9325	(-1, -1)	b' audience'	-10.837888515346025
9326	(-1, -1)	b' cha'	-10.646093777090746
9327	(-1, -1)	b' Down'	-11.042215933399921
9328	(-1, -1)	b'Lol'	-10.628450314592014
9329	(-1, -1)	b' Vi'	-9.823168239689789
9330	(-1, -1)	b' admitted'	-11.042836088458557
9331	(-1, -1)	b'\xe6\x9c\xac\xe4\xba\xba'	-10.926432553641718
9332	(-1, -1)	b' grew'	-11.043042892305847
9333	(-1, -1)	b'\xe8\xbf\x9d\xe6\xb3\x95'	-11.043249738929813
9334	(-1, -1)	b'\xe6\x8b\x8d\xe5\x8d\x96'	-11.04366356057859
9335	(-1, -1)	b'-on'	-11.037268489789454
9336	(-1, -1)	b'\xe4\xb8\x80\xe9\x83\xa8'	-10.382265078333225
9337	(-1, -1)	b'\xe9\x81\xa5'	-11.044077553546623
9338	(-1, -1)	b'\xe5\xa2\x9e\xe9\x80\x9f'	-11.044077553546623
9339	(-1, -1)	b'\xe4\xba\xa7\xe8\x83\xbd'	-11.041802710253547
9340	(-1, -1)	b' produce'	-10.213692091256915
9341	(-1, -1)	b' Supreme'	-11.042009300482563
9342	(-1, -1)	b' \xd1\x81\xd1\x83'	-10.970073106420168
9343	(-1, -1)	b'\xe6\x82\xa6'	-11.045113286420154
9344	(-1, -1)	b' challenges'	-11.04532056178622
9345	(-1, -1)	b'\xe4\xb8\xb0\xe5\xaf\x8c\xe7\x9a\x84'	-10.92330841253595
9346	(-1, -1)	b'\xe1\x8c\x8b'	-10.82068558588534
9347	(-1, -1)	b'3.5'	-10.478857857714832
9348	(-1, -1)	b'\xe0\xa6\xb8'	-10.668168487159313
9349	(-1, -1)	b'GDP'	-10.782669312096498
9350	(-1, -1)	b'\xe5\xae\x8c\xe6\x95\xb4'	-11.038503057847496
9351	(-1, -1)	b' familiar'	-11.02805749436244
9352	(-1, -1)	b'\xe7\x9c\x8b\xe8\xb5\xb7\xe6\x9d\xa5'	-11.042629327370257
9353	(-1, -1)	b'\xe9\xa1\xbe\xe9\x97\xae'	-11.046980313204584
9354	(-1, -1)	b'\xe9\x83\xbd\xe5\xb8\x82'	-11.046357583552908
9355	(-1, -1)	b' discussion'	-10.637646728318499
9356	(-1, -1)	b' tells'	-11.047187975961014
9357	(-1, -1)	b'\xe0\xb8\xb3'	-11.047187975961014
9358	(-1, -1)	b' fashion'	-11.030505476001078
9359	(-1, -1)	b' mouth'	-11.024802812888897
9360	(-1, -1)	b'\xe6\x97\xa5\xe5\xb8\xb8'	-11.043870535638835
9361	(-1, -1)	b' fixed'	-11.047603430890131
9362	(-1, -1)	b' Ins'	-10.961076969569316
9363	(-1, -1)	b'\xe4\xbb\xac\xe7\x9a\x84'	-10.902786490117947
9364	(-1, -1)	b'\xe6\x9d\xbe\xe4\xb8\x8b'	-11.017921587598105
9365	(-1, -1)	b'vention'	-10.603887676223604
9366	(-1, -1)	b'\xe3\x82\x89'	-11.048434858915579
9367	(-1, -1)	b' cant'	-11.087447650246716
9368	(-1, -1)	b'\xd2\xaf\xd0\xbd'	-11.048434858915579
9369	(-1, -1)	b' Over'	-10.956514224010897
9370	(-1, -1)	b'\xe6\x88\x91\xe5\xb0\xb1'	-10.991253340515943
9371	(-1, -1)	b'\xe5\x8d\x81\xe4\xba\x8c'	-10.916177931643352
9372	(-1, -1)	b'\xe4\xbc\x99\xe4\xbc\xb4'	-11.049058883896826
9373	(-1, -1)	b'\xe8\x84\x89'	-11.049266978788848
9374	(-1, -1)	b'\xe7\x89\x87\xe4\xb8\xad'	-10.908555390198563
9375	(-1, -1)	b'\xe5\x8a\x87'	-11.0507248567936
9376	(-1, -1)	b'\xe4\xb8\x8a\xe8\xb5\x9b\xe5\xad\xa3'	-11.04366356057859
9377	(-1, -1)	b' dogs'	-11.04015152308789
9378	(-1, -1)	b' posting'	-11.011888993393313
9379	(-1, -1)	b' mo'	-9.17036606818911
9380	(-1, -1)	b' millions'	-11.051558885198911
9381	(-1, -1)	b'\xe8\x98\x87'	-11.05176750103361
9382	(-1, -1)	b'82'	-10.057828233065557
9383	(-1, -1)	b'\xe9\xbc\xa0'	-11.051976160397956
9384	(-1, -1)	b' Jr'	-11.050933298691177
9385	(-1, -1)	b' \xd1\x96'	-11.056158516975435
9386	(-1, -1)	b'\xe9\x98\x9f\xe5\x8f\x8b'	-11.052184863310119
9387	(-1, -1)	b' Peter'	-10.654612786784899
9388	(-1, -1)	b' wedi'	-11.052811233515378
9389	(-1, -1)	b'\xe5\x8d\xb3\xe4\xbe\xbf'	-11.053437996306187
9390	(-1, -1)	b' enjoyed'	-11.053020110800732
9391	(-1, -1)	b'\xe5\x93\xaa\xe4\xba\x9b'	-11.053437996306187
9392	(-1, -1)	b'\xe8\xbf\x9b\xe5\x8f\xa3'	-11.053437996306187
9393	(-1, -1)	b' reply'	-10.90386562691332
9394	(-1, -1)	b' \xe0\xa4\xb9\xe0\xa5\x8b'	-11.03500906600809
9395	(-1, -1)	b' turns'	-11.04885083229928
9396	(-1, -1)	b' experts'	-11.053647004562773
9397	(-1, -1)	b'\xe8\xb5\xb7\xe4\xba\x86'	-10.967960361948505
9398	(-1, -1)	b' troll'	-11.053856056512943
9399	(-1, -1)	b' specifically'	-11.05406515217497
9400	(-1, -1)	b'\xe4\xb8\x8d\xe7\x9f\xa5'	-11.005892573266873
9401	(-1, -1)	b'\xe9\xbe\x8d'	-11.05448347470774
9402	(-1, -1)	b'\xe0\xb0\xaa'	-10.163274552490222
9403	(-1, -1)	b'\xe6\xad\xa6\xe6\xb1\x89'	-11.054692701615082
9404	(-1, -1)	b'\xc3\xa2n'	-11.004896656443195
9405	(-1, -1)	b'\xe6\x88\x91\xe6\x98\xaf'	-10.969304319144172
9406	(-1, -1)	b' statements'	-11.055320645120803
9407	(-1, -1)	b' \xe0\xa6\xa6'	-11.055320645120803
9408	(-1, -1)	b' http'	-11.055739493294466
9409	(-1, -1)	b'\xe5\xa3\xb0\xe9\x9f\xb3'	-11.055948983187344
9410	(-1, -1)	b'\xe4\xbd\x8e\xe6\xb0\xb4'	-11.055739493294466
9411	(-1, -1)	b' MP'	-11.063731123629399
9412	(-1, -1)	b' Rose'	-10.691323329071636
9413	(-1, -1)	b'\xe7\x8e\xbb\xe7\x92\x83'	-11.056787381895017
9414	(-1, -1)	b'\xe6\x9d\x91\xe6\xb0\x91'	-11.056368094677135
9415	(-1, -1)	b'\xe4\xb8\xad\xe6\x96\xb0\xe7\xbd\x91'	-11.056997091448055
9416	(-1, -1)	b'\xe8\x99\xab'	-11.057206844988416
9417	(-1, -1)	b' likes'	-11.05783636971805
9418	(-1, -1)	b' confident'	-11.058466290998721
9419	(-1, -1)	b' delay'	-10.801984253452751
9420	(-1, -1)	b'\xe9\xa2\x98\xe6\x9d\x90'	-11.058676352967774
9421	(-1, -1)	b' iyo'	-11.049058883896826
9422	(-1, -1)	b'\xe8\xa2\xab\xe5\x91\x8a'	-11.058466290998721
9423	(-1, -1)	b'\xe7\x9a\x84\xe7\x94\xb5\xe5\xbd\xb1'	-10.820023443831682
9424	(-1, -1)	b'\xe5\x90\x8d\xe4\xb8\xba'	-11.06056889900632
9425	(-1, -1)	b'\xe5\x87\x89'	-11.05930680376096
9426	(-1, -1)	b'icket'	-10.495585218494085
9427	(-1, -1)	b' flood'	-11.059517042382568
9428	(-1, -1)	b'\xe8\xbf\x90\xe7\x94\xa8'	-11.003305249701922
9429	(-1, -1)	b'\xe5\x8d\xa1\xe7\x89\x87'	-11.05804629939238
9430	(-1, -1)	b'\xe0\xb8\x97\xe0\xb8\xb5\xe0\xb9\x88'	-10.865212619620578
9431	(-1, -1)	b'\xe8\xb4\xa8\xe7\x96\x91'	-11.059937652273101
9432	(-1, -1)	b'\xe5\x89\xaf\xe6\x9c\xac'	-11.05972732521375
9433	(-1, -1)	b' Michigan'	-11.05448347470774
9434	(-1, -1)	b' Middle'	-10.926248510206948
9435	(-1, -1)	b'online'	-11.030301248490924
9436	(-1, -1)	b' refer'	-9.971827662779233
9437	(-1, -1)	b'\xe4\xb8\x8d\xe5\xa4\xaa'	-10.905847074017517
9438	(-1, -1)	b' coffee'	-11.036446290359786
9439	(-1, -1)	b' apolog'	-10.70553706386135
9440	(-1, -1)	b'\xe8\xa7\x86\xe8\xa7\x89'	-11.059937652273101
9441	(-1, -1)	b'\xe5\x8f\x82\xe8\x80\x83\xe4\xbb\xb7\xe6\xa0\xbc'	-11.062254174315658
9442	(-1, -1)	b' \xe0\xa4\x9b'	-11.062254174315658
9443	(-1, -1)	b' none'	-10.91453963146805
9444	(-1, -1)	b' basic'	-10.92330841253595
9445	(-1, -1)	b' testing'	-11.062043359515679
9446	(-1, -1)	b'\xe8\xbf\x90\xe8\xa1\x8c'	-10.956134933280008
9447	(-1, -1)	b'Pr'	-10.099857519776398
9448	(-1, -1)	b'\xe7\x89\xa9\xe5\x93\x81'	-11.048019058493788
9449	(-1, -1)	b' Water'	-10.907832455050503
9450	(-1, -1)	b' split'	-10.963175205913753
9451	(-1, -1)	b'-off'	-11.069236113182777
9452	(-1, -1)	b' NY'	-11.064576075094964
9453	(-1, -1)	b'aal'	-10.903146073005678
9454	(-1, -1)	b'\xe0\xb6\xb6'	-11.064787424562093
9455	(-1, -1)	b'\xe5\xa4\xa7\xe8\xb5\x9b'	-11.042629327370257
9456	(-1, -1)	b'\xe8\xb0\x88\xe5\x88\xa4'	-11.065421741107306
9457	(-1, -1)	b'\xe6\x89\x8b\xe7\xbb\xad'	-11.064576075094964
9458	(-1, -1)	b'\xe8\x82\xa1\xe7\xa5\xa8\xe5\x9e\x8b\xe5\x9f\xba\xe9\x87\x91'	-11.066268122875988
9459	(-1, -1)	b' Blue'	-10.606691229224717
9460	(-1, -1)	b'\xe6\x89\xb6'	-11.066691582547783
9461	(-1, -1)	b'yeah'	-11.064364770286993
9462	(-1, -1)	b' lock'	-10.444058669819428
9463	(-1, -1)	b'\xe5\x90\x8e\xe6\x9c\x9f'	-10.99578046172089
9464	(-1, -1)	b'\xe6\xaf\x81'	-11.067115221613639
9465	(-1, -1)	b'point'	-10.069166399103487
9466	(-1, -1)	b'\xe8\x90\xa5\xe5\x85\xbb'	-11.06753904022562
9467	(-1, -1)	b"on's"	-10.749894916491748
9468	(-1, -1)	b' existing'	-11.067751016908979
9469	(-1, -1)	b'\xe7\x99\x8c'	-11.067963038535979
9470	(-1, -1)	b'NY'	-10.63365580579853
9471	(-1, -1)	b' scoring'	-11.068175105125682
9472	(-1, -1)	b'\xe1\x8b\x9a'	-11.049266978788848
9473	(-1, -1)	b'84'	-10.302041623516233
9474	(-1, -1)	b' tha'	-10.993612759620714
9475	(-1, -1)	b'\xe8\x8a\xb1\xe5\x9b\xad'	-11.06859937326951
9476	(-1, -1)	b'\xe6\x80\xbb\xe7\x9b\x91'	-11.06859937326951
9477	(-1, -1)	b'\xe5\xb0\x86\xe6\x98\xaf'	-10.974118964939713
9478	(-1, -1)	b'\xe5\x8a\xa0\xe7\x9b\x9f'	-11.067963038535979
9479	(-1, -1)	b' \xe0\xa4\xb6'	-11.06859937326951
9480	(-1, -1)	b'\xe6\xb1\x97'	-11.068811574861819
9481	(-1, -1)	b'\xeb\xa7'	-11.049683298528416
9482	(-1, -1)	b' Federal'	-11.061621863197532
9483	(-1, -1)	b'Read'	-11.06859937326951
9484	(-1, -1)	b'\xe8\x83\x9c\xe8\xb4\x9f\xe5\xbd\xa9'	-11.063942294573062
9485	(-1, -1)	b' prove'	-10.281551102731393
9486	(-1, -1)	b' flight'	-10.735497363457226
9487	(-1, -1)	b'\xe1\x8b\x95'	-10.860548996002633
9488	(-1, -1)	b'\xe5\xb9\xb8\xe8\xbf\x90'	-11.069873258792098
9489	(-1, -1)	b' tho'	-10.941453698385176
9490	(-1, -1)	b'\xe4\xba\xae\xe7\x9b\xb8'	-11.06859937326951
9491	(-1, -1)	b'illing'	-10.999931895972193
9492	(-1, -1)	b'\xe4\xb8\x8b\xe5\x8e\xbb'	-10.99262899171058
9493	(-1, -1)	b' contain'	-10.365109092586488
9494	(-1, -1)	b' Would'	-11.070510810614778
9495	(-1, -1)	b' offense'	-10.956703923338035
9496	(-1, -1)	b'\xe7\x90\xb3'	-11.070936071093225
9497	(-1, -1)	b'\xe6\xa3\xae\xe6\x9e\x97'	-11.070936071093225
9498	(-1, -1)	b'\xe5\x96\x8a'	-11.07114876916911
9499	(-1, -1)	b'\xe0\xa8\xbf\xe0\xa8\x86'	-11.071361512495091
9500	(-1, -1)	b'Dr'	-10.74175167413492
9501	(-1, -1)	b'\xe6\x90\xac'	-11.071787134974382
9502	(-1, -1)	b'\xe4\xbd\x8d\xe7\x9a\x84'	-11.046357583552908
9503	(-1, -1)	b' infrastructure'	-11.05239360978828
9504	(-1, -1)	b' \xd0\x9e'	-11.07221293868531
9505	(-1, -1)	b'\xe5\xa3\xb0\xe6\x98\x8e'	-11.071574301090426
9506	(-1, -1)	b'\xe6\x96\xb0\xe7\x96\x86'	-11.044284614319698
9507	(-1, -1)	b'\xe5\x89\x8d\xe6\x9c\x9f'	-10.905486518758519
9508	(-1, -1)	b'\xe9\x83\xbd\xe5\xbe\x88'	-11.011688532332203
9509	(-1, -1)	b' Services'	-11.074131302270535
9510	(-1, -1)	b'\xe8\xa3\x95'	-11.074344681125499
9511	(-1, -1)	b'\xe6\x9c\xba\xe5\x9c\xba'	-11.0258187633979
9512	(-1, -1)	b'\xe9\x98\xb2\xe6\xad\xa2'	-11.0749850910097
9513	(-1, -1)	b'SU'	-10.720704640881921
9514	(-1, -1)	b' figures'	-11.075198652142385
9515	(-1, -1)	b'\xe7\x94\x9f\xe6\xb6\xaf'	-11.05448347470774
9516	(-1, -1)	b" i'm"	-11.074558105520719
9517	(-1, -1)	b' \xe1\x8b\x98'	-11.075625911281548
9518	(-1, -1)	b'\xe0\xb0\xb5'	-10.268787626358836
9519	(-1, -1)	b'\xe7\x9a\xae\xe8\x82\xa4'	-11.075839609327025
9520	(-1, -1)	b'\xe5\xa4\x96\xe5\x9b\xbd'	-10.96374821710315
9521	(-1, -1)	b'\xe9\xab\x98\xe6\xb0\xb4'	-11.066479830297125
9522	(-1, -1)	b'\xe9\xa2\x86\xe5\xaf\xbc\xe4\xba\xba'	-10.980315731477223
9523	(-1, -1)	b'\xe8\xbf\x9b\xe7\x90\x83'	-11.07541225889317
9524	(-1, -1)	b' \xc4\xb0'	-11.076480977601282
9525	(-1, -1)	b'\xe4\xbe\x9d\xe6\xb3\x95'	-11.076694858470454
9526	(-1, -1)	b' mistake'	-10.483693057889226
9527	(-1, -1)	b'\xed\x95\xb4'	-11.009286128774336
9528	(-1, -1)	b'\xe6\x84\x9f\xe5\x85\xb4\xe8\xb6\xa3'	-11.076480977601282
9529	(-1, -1)	b' reportedly'	-11.076908785094437
9530	(-1, -1)	b'\xe8\xbf\x99\xe4\xb9\x9f'	-11.072000014166246
9531	(-1, -1)	b' effects'	-11.077122757492814
9532	(-1, -1)	b'icing'	-10.884793664819686
9533	(-1, -1)	b' busy'	-11.072851984398824
9534	(-1, -1)	b'\xe9\xad\x94\xe6\x9c\xaf'	-11.077336775685177
9535	(-1, -1)	b'\xe0\xb7\x85'	-11.04077039881677
9536	(-1, -1)	b' gift'	-10.65840679119543
9537	(-1, -1)	b'\xe5\xae\x89\xe8\xa3\x85'	-11.077764949530298
9538	(-1, -1)	b' television'	-11.049058883896826
9539	(-1, -1)	b'\xd0\xbd\xd0\xb0'	-9.790191288353283
9540	(-1, -1)	b'\xe5\x87\xba\xe7\x89\x88'	-11.073065090419874
9541	(-1, -1)	b'\xe9\x90\xb5'	-11.077979105222305
9542	(-1, -1)	b'mates'	-10.799225183293807
9543	(-1, -1)	b'\xe5\x85\xb9'	-11.078193306786794
9544	(-1, -1)	b'\xe7\x86\x9f\xe6\x82\x89'	-11.078407554243425
9545	(-1, -1)	b'\xe0\xa7\x8d\xe0\xa6\xa4'	-11.078407554243425
9546	(-1, -1)	b' index'	-11.078621847611865
9547	(-1, -1)	b' Was'	-10.844649866324069
9548	(-1, -1)	b' housing'	-11.074131302270535
9549	(-1, -1)	b' quarterback'	-11.078836186911797
9550	(-1, -1)	b' \xd1\x84'	-11.079050572162913
9551	(-1, -1)	b'\xe8\xa6\x86\xe7\x9b\x96'	-11.079479480597538
9552	(-1, -1)	b' \xe6\x88\xb7\xe5\x9e\x8b'	-11.0796940038205
9553	(-1, -1)	b'\xe5\xb8\x8c\xe5\xb0\x94'	-11.0796940038205
9554	(-1, -1)	b' capacity'	-11.080337849748954
9555	(-1, -1)	b'-G'	-11.071574301090426
9556	(-1, -1)	b' moves'	-11.080982110482074
9557	(-1, -1)	b' d\xe1\xbb\x8b'	-11.080982110482074
9558	(-1, -1)	b'\xe9\x98\x9f\xe5\x91\x98'	-11.076053353049117
9559	(-1, -1)	b'\xe5\x8d\x81\xe5\xb9\xb4'	-10.734737311737122
9560	(-1, -1)	b'\xe5\x8f\xb8\xe6\x9c\xba'	-11.074558105520719
9561	(-1, -1)	b'lines'	-10.26071502446906
9562	(-1, -1)	b' \xe0\xa8\xb9\xe0\xa9\x88'	-11.081841770969143
9563	(-1, -1)	b'\xe7\x9a\x84\xe8\xa6\x81\xe6\xb1\x82'	-10.773307879192338
9564	(-1, -1)	b'part'	-9.972465576115535
9565	(-1, -1)	b' agent'	-10.517720987749755
9566	(-1, -1)	b' Kevin'	-11.081196956331004
9567	(-1, -1)	b' \xe6\x8e\xa8\xe8\x8d\x90'	-11.082487001661494
9568	(-1, -1)	b' protection'	-10.894195064442268
9569	(-1, -1)	b' reform'	-11.077550839691133
9570	(-1, -1)	b'ados'	-11.074131302270535
9571	(-1, -1)	b' server'	-10.62109934220359
9572	(-1, -1)	b' everybody'	-11.081411848348592
9573	(-1, -1)	b'\xe4\xb8\xad\xe6\x9c\x89'	-11.053647004562773
9574	(-1, -1)	b'\xe4\xb8\x80\xe4\xb8\xaa\xe4\xba\xba'	-10.844649866324069
9575	(-1, -1)	b'\xe6\x95\x88\xe7\x8e\x87'	-11.024396721512758
9576	(-1, -1)	b'\xe5\x8f\x91\xe5\x87\xba'	-10.814412868057886
9577	(-1, -1)	b'\xe3\x81\x93'	-11.083994160952065
9578	(-1, -1)	b'\xe6\xb3\xa8\xe9\x87\x8d'	-11.080123188376444
9579	(-1, -1)	b' \xd1\x81\xd0\xb5'	-10.895800344373187
9580	(-1, -1)	b' sharing'	-11.084640782377765
9581	(-1, -1)	b'\xe6\xac\xa7\xe8\xb5\x94'	-11.08485641580178
9582	(-1, -1)	b' allegedly'	-11.085072095733599
9583	(-1, -1)	b' advoc'	-11.085503595200919
9584	(-1, -1)	b' assets'	-11.085719414776593
9585	(-1, -1)	b'\xe4\xb8\xa4\xe5\x90\x8d'	-11.031527239653883
9586	(-1, -1)	b'\xe7\xbb\x91'	-11.086367153112962
9587	(-1, -1)	b'\xe5\x87\xba\xe7\x94\x9f'	-10.965469223360229
9588	(-1, -1)	b'\xe4\xb8\x80\xe5\xbc\xa0'	-10.687692506696454
9589	(-1, -1)	b' greater'	-11.086367153112962
9590	(-1, -1)	b' prepared'	-11.086799211879674
9591	(-1, -1)	b'-9'	-11.066268122875988
9592	(-1, -1)	b'cing'	-9.418497340011433
9593	(-1, -1)	b'\xe5\xb0\x86\xe5\x85\xb6'	-11.065844842446388
9594	(-1, -1)	b'\xe6\xac\xa7\xe6\xb4\xb2\xe5\xa4\xae\xe8\xa1\x8c'	-11.087663889841027
9595	(-1, -1)	b'\xe4\xbc\x91\xe6\x81\xaf'	-11.087880176205015
9596	(-1, -1)	b' era'	-10.789547688411742
9597	(-1, -1)	b'\xe5\x81\x9a\xe6\xb3\x95'	-11.088096509358914
9598	(-1, -1)	b'\xe6\xb5\xa9'	-11.088096509358914
9599	(-1, -1)	b' Beach'	-11.06753904022562
9600	(-1, -1)	b'\xe4\xbb\xa3\xe7\x90\x86'	-11.08593528094041
9601	(-1, -1)	b'\xe8\xb0\xa2\xe8\xb0\xa2'	-11.093955265403453
9602	(-1, -1)	b' 36'	-11.035830084116606
9603	(-1, -1)	b'\xe7\x9a\x84\xe4\xb8\x9c\xe8\xa5\xbf'	-10.674586536716111
9604	(-1, -1)	b'\xe5\xbc\xba\xe5\x8a\xb2'	-11.0889623102788
9605	(-1, -1)	b' Associated'	-11.089178877686251
9606	(-1, -1)	b' background'	-10.968344165445828
9607	(-1, -1)	b'\xe1\x89\x80'	-10.749432203442696
9608	(-1, -1)	b'\xe5\xa4\xaa\xe7\xa9\xba'	-11.09004561663542
9609	(-1, -1)	b' \xe0\xa4\x95\xe0\xa5\x80'	-11.09004561663542
9610	(-1, -1)	b'\xe5\xa8\x81\xe8\x83\x81'	-11.089828861459543
9611	(-1, -1)	b' false'	-11.082487001661494
9612	(-1, -1)	b' suggested'	-11.090262418804292
9613	(-1, -1)	b'\xe1\x80\xb1\xe1\x80\xb8\xe1\x80'	-11.100943719265839
9614	(-1, -1)	b'\xe8\xb2\x8c'	-11.090479267986534
9615	(-1, -1)	b'\xe4\xbb\x8a\xe5\xb9\xb4\xe4\xbb\xa5\xe6\x9d\xa5'	-10.942949584976759
9616	(-1, -1)	b'\xe5\x95\xa6'	-11.090696164202546
9617	(-1, -1)	b'De'	-10.131437369159716
9618	(-1, -1)	b'\xe5\x8d\x81\xe8\xb6\xb3'	-11.090696164202546
9619	(-1, -1)	b' Week'	-11.043249738929813
9620	(-1, -1)	b' regional'	-11.058466290998721
9621	(-1, -1)	b'\xe9\x97\x9c'	-11.090913107472733
9622	(-1, -1)	b'\xe4\xba\xa7\xe6\x9d\x83'	-11.08658315916197
9623	(-1, -1)	b'yy'	-10.237897501910496
9624	(-1, -1)	b' Two'	-11.046150093148595
9625	(-1, -1)	b'\xe9\x9b\x86\xe4\xbd\x93'	-11.071361512495091
9626	(-1, -1)	b' Os'	-10.58382629338332
9627	(-1, -1)	b'\xe5\x87\xa0\xe5\xa4\xa9'	-11.035214257349734
9628	(-1, -1)	b' ends'	-11.091347135257324
9629	(-1, -1)	b'l\xe1\xbb\x8d'	-10.461827234965664
9630	(-1, -1)	b'\xe7\x94\xa8\xe5\x9c\xb0'	-11.024396721512758
9631	(-1, -1)	b' Brazil'	-11.051976160397956
9632	(-1, -1)	b' \xe6\xa0\xb7\xe6\x9d\xbf\xe9\x97\xb4'	-11.09243302959793
9633	(-1, -1)	b'\xe6\xad\xa6\xe4\xbe\xa0'	-11.092650350037772
9634	(-1, -1)	b'\xe9\x99\xb7\xe5\x85\xa5'	-11.092867717716054
9635	(-1, -1)	b'\xe9\x9c\x87\xe8\x8d\xa1'	-11.093085132653316
9636	(-1, -1)	b' denied'	-11.093085132653316
9637	(-1, -1)	b'\xe4\xbc\xa0\xe5\xa5\x87'	-11.093737661224594
9638	(-1, -1)	b' psych'	-10.987724616995491
9639	(-1, -1)	b' squad'	-11.013293347119957
9640	(-1, -1)	b'\xe8\xbf\x90\xe4\xbd\x9c'	-11.090913107472733
9641	(-1, -1)	b' migr'	-11.090696164202546
9642	(-1, -1)	b'\xe3\x81\x97\xe3\x81\x9f'	-11.094390615867447
9643	(-1, -1)	b'\xd0\xb4\xd1\x83'	-10.791636545923904
9644	(-1, -1)	b'\xe4\xb8\xad\xe9\x97\xb4'	-11.00270912449798
9645	(-1, -1)	b'zz'	-9.803814747815485
9646	(-1, -1)	b'-of'	-11.087880176205015
9647	(-1, -1)	b'720'	-10.933636796493566
9648	(-1, -1)	b' fantastic'	-11.052811233515378
9649	(-1, -1)	b' coal'	-11.065210257549365
9650	(-1, -1)	b' Home'	-10.745738186620853
9651	(-1, -1)	b'\xe8\x95\xbe'	-11.095479821943979
9652	(-1, -1)	b'\xe9\x9d\xa2\xe5\x89\x8d'	-11.016309334125129
9653	(-1, -1)	b' Security'	-11.09569780559607
9654	(-1, -1)	b'\xe6\x9f\xb1'	-11.095915836775392
9655	(-1, -1)	b'\xe7\xa9\xbf\xe7\x9d\x80'	-11.096133915502676
9656	(-1, -1)	b'\xe5\xa4\x9a\xe5\xae\xb6'	-11.088745789762635
9657	(-1, -1)	b'\xe8\xae\xa9\xe6\x88\x91'	-11.069660831813074
9658	(-1, -1)	b'\xe5\xae\xb4'	-11.096570215684117
9659	(-1, -1)	b'\xe7\x94\x9f\xe5\xad\x98'	-11.075198652142385
9660	(-1, -1)	b' oh'	-10.967384932758367
9661	(-1, -1)	b' \xe5\x9c\xb0\xe5\x9b\xbe\xe6\x90\x9c\xe7\xb4\xa2'	-11.097443387536146
9662	(-1, -1)	b' \xec\x97'	-11.1446187827685
9663	(-1, -1)	b'\xe0\xa8\xbe\xe0\xa8\xb2'	-11.09766179968073
9664	(-1, -1)	b' Show'	-10.950274249145158
9665	(-1, -1)	b'\xe8\xa1\xa5\xe5\x85\x85'	-11.09831732248362
9666	(-1, -1)	b' 75'	-11.0258187633979
9667	(-1, -1)	b' curious'	-11.080982110482074
9668	(-1, -1)	b'\xe8\xbf\x9e\xe8\xb4\xa5'	-11.098535925610514
9669	(-1, -1)	b' \xd0\xa0'	-11.098535925610514
9670	(-1, -1)	b'LY'	-10.770469208306503
9671	(-1, -1)	b' rising'	-11.097880259539599
9672	(-1, -1)	b' c\xc3\xb3'	-11.095479821943979
9673	(-1, -1)	b' signs'	-11.100067487008241
9674	(-1, -1)	b' coast'	-10.99578046172089
9675	(-1, -1)	b' regarding'	-11.100505507164172
9676	(-1, -1)	b' listed'	-11.100724589211275
9677	(-1, -1)	b' banks'	-11.101162897348907
9678	(-1, -1)	b' Ol'	-10.231354604312061
9679	(-1, -1)	b' Subscribe'	-11.056997091448055
9680	(-1, -1)	b" We're"	-11.10204009038761
9681	(-1, -1)	b'\xe6\xbc\x82\xe4\xba\xae'	-11.102698490499183
9682	(-1, -1)	b'\xe6\xaf\x8f\xe6\x97\xa5'	-11.070723418248193
9683	(-1, -1)	b'\xe6\x8a\xac'	-11.102918053569557
9684	(-1, -1)	b' types'	-11.102259508929357
9685	(-1, -1)	b'\xe8\xae\xbe\xe7\xab\x8b'	-11.103137664858458
9686	(-1, -1)	b' \xc5\x9f'	-11.103577032176599
9687	(-1, -1)	b'\xe5\x9b\x9e\xe5\x8d\x87'	-11.103796788248244
9688	(-1, -1)	b'\xe1\x88\xae'	-11.069448449949686
9689	(-1, -1)	b'\xe5\x8c\xba\xe9\x97\xb4'	-11.099192021861496
9690	(-1, -1)	b'\xe6\xb7\xb7\xe5\x90\x88'	-11.104236445322814
9691	(-1, -1)	b' surgery'	-11.104236445322814
9692	(-1, -1)	b'\xe6\x88\x90\xe4\xba\xa4\xe9\x87\x8f'	-11.02135628134749
9693	(-1, -1)	b' giant'	-10.891347580759962
9694	(-1, -1)	b' carried'	-11.104676295780752
9695	(-1, -1)	b' core'	-11.023585033156506
9696	(-1, -1)	b' Eagles'	-11.104896293581662
9697	(-1, -1)	b' Way'	-11.055739493294466
9698	(-1, -1)	b'\xe0\xae\xa4\xe0\xaf\x81'	-10.804262158765745
9699	(-1, -1)	b' useful'	-11.0889623102788
9700	(-1, -1)	b'Since'	-10.454452230346693
9701	(-1, -1)	b' guns'	-11.104896293581662
9702	(-1, -1)	b'\xe9\x8a'	-11.106878454785653
9703	(-1, -1)	b'\xe5\xb4\x87'	-11.106878454785653
9704	(-1, -1)	b'\xe8\x8b\xb1\xe6\xa0\xbc\xe5\x85\xb0'	-11.107098937644004
9705	(-1, -1)	b'\xe5\x8f\xaf\xe8\xb0\x93'	-11.088529316117457
9706	(-1, -1)	b' d\xc3\xa9'	-11.06098995164412
9707	(-1, -1)	b' lawyer'	-10.607092379193325
9708	(-1, -1)	b' tele'	-10.772518550869725
9709	(-1, -1)	b' hitting'	-11.107760678045343
9710	(-1, -1)	b'\xe1\xbb\xb1'	-11.107981355526103
9711	(-1, -1)	b'\xe8\x82\xa0'	-11.108202081716161
9712	(-1, -1)	b' aka'	-10.839405838405403
9713	(-1, -1)	b' agus'	-11.107319469125766
9714	(-1, -1)	b'\xe4\xba\x8f\xe6\x8d\x9f'	-11.108422856637027
9715	(-1, -1)	b'.SATURDAY'	-11.108422856637027
9716	(-1, -1)	b' breaking'	-11.108422856637027
9717	(-1, -1)	b'\xe5\xb0\xbd\xe9\x87\x8f'	-11.096570215684117
9718	(-1, -1)	b' \xe7\x9b\xb8\xe5\x86\x8c'	-11.108864552757282
9719	(-1, -1)	b'\xe9\xad\x8f'	-11.109085473999759
9720	(-1, -1)	b'\xe5\x9f\xba\xe6\x9c\xac\xe4\xb8\x8a'	-11.103357324387074
9721	(-1, -1)	b'\xe4\xba\x92\xe5\x8a\xa8'	-11.108422856637027
9722	(-1, -1)	b'\xe4\xb8\x80\xe6\x98\xaf'	-11.102698490499183
9723	(-1, -1)	b'SS'	-10.005111242190264
9724	(-1, -1)	b'\xe7\x8a\xb9'	-11.10952746295723
9725	(-1, -1)	b'\xe6\xbf\x80\xe6\x83\x85'	-11.10952746295723
9726	(-1, -1)	b'\xe5\x85\xa9'	-11.109748530715398
9727	(-1, -1)	b'\xe9\x99\xbd'	-11.109748530715398
9728	(-1, -1)	b' documents'	-11.110412027366964
9729	(-1, -1)	b'\xe8\x9a'	-11.110633290781962
9730	(-1, -1)	b'\xe5\xaf\x86\xe5\x88\x87'	-11.110633290781962
9731	(-1, -1)	b'Two'	-11.035830084116606
9732	(-1, -1)	b' smoke'	-10.800198103753235
9733	(-1, -1)	b'\xd1\x84'	-10.53312771389326
9734	(-1, -1)	b'\xe6\xa9\xb1\xe6\x9f\x9c'	-11.110854603165292
9735	(-1, -1)	b'\xe4\xbf\xb1\xe4\xb9\x90\xe9\x83\xa8'	-11.012089494647118
9736	(-1, -1)	b'iest'	-10.779486116666307
9737	(-1, -1)	b'\xe4\xbf\xa1\xe6\x89\x98'	-11.111740342815759
9738	(-1, -1)	b' warning'	-10.910002830292054
9739	(-1, -1)	b'\xe5\xaf\xb9\xe5\xa4\x96'	-11.101162897348907
9740	(-1, -1)	b' jail'	-10.865212619620578
9741	(-1, -1)	b'\xe5\x9c\xb0\xe4\xb8\x8b'	-10.995583203608012
9742	(-1, -1)	b'\xe7\x89\xb5'	-11.112848621772157
9743	(-1, -1)	b' web'	-11.096133915502676
9744	(-1, -1)	b'\xe8\x87\xa3'	-11.113070425033573
9745	(-1, -1)	b'look'	-10.491764318323172
9746	(-1, -1)	b' fish'	-10.55029067824787
9747	(-1, -1)	b'\xe8\xaf\xa5\xe7\x89\x87'	-11.091998530351468
9748	(-1, -1)	b'\xe6\xb5\x81\xe9\x80\x9a'	-11.111297374923689
9749	(-1, -1)	b'\xe5\x8f\xa6\xe4\xb8\x80\xe6\x96\xb9\xe9\x9d\xa2'	-11.110412027366964
9750	(-1, -1)	b'\xe5\xb8\x82\xe7\x9a\x84'	-11.033573904306094
9751	(-1, -1)	b' Institute'	-11.057416642534553
9752	(-1, -1)	b'ao'	-10.94126686979986
9753	(-1, -1)	b' Ireland'	-11.113070425033573
9754	(-1, -1)	b' Liverpool'	-11.114180179891669
9755	(-1, -1)	b'\xe0\xb8\xb2\xe0\xb8\xa2'	-11.0169136246058
9756	(-1, -1)	b' \xd8\xb7'	-11.114624426900308
9757	(-1, -1)	b'\xe7\x90\xb4'	-11.11484662443483
9758	(-1, -1)	b'\xe5\x88\x86\xe6\x95\xb0'	-11.112626867696516
9759	(-1, -1)	b'\xe7\xab\x9f\xe7\x84\xb6'	-11.114624426900308
9760	(-1, -1)	b' advance'	-10.421366166084765
9761	(-1, -1)	b'\xe5\x90\x84\xe7\xb1\xbb'	-11.115735908619714
9762	(-1, -1)	b'\xe5\xbc\x84'	-11.115068871352069
9763	(-1, -1)	b' sucks'	-11.11484662443483
9764	(-1, -1)	b'tion'	-9.5623789082606
9765	(-1, -1)	b' gear'	-10.944822595451281
9766	(-1, -1)	b'\xe5\x8d\x81\xe5\xa4\xa7'	-11.104896293581662
9767	(-1, -1)	b'\xe4\xb8\x80\xe8\xbe\xb9'	-11.041389657790011
9768	(-1, -1)	b'\xe5\xa4\xa7\xe5\xa4\xa7'	-10.969304319144172
9769	(-1, -1)	b'isha'	-11.011287730723632
9770	(-1, -1)	b'Same'	-10.810143567648746
9771	(-1, -1)	b' taste'	-10.749432203442696
9772	(-1, -1)	b'\xe6\x95\x88\xe5\xba\x94'	-11.112626867696516
9773	(-1, -1)	b'vs'	-10.71398468727309
9774	(-1, -1)	b'\xe0\xb0\xa6'	-9.999850763923607
9775	(-1, -1)	b'\xe5\x8f\x97\xe7\x9b\x8a'	-11.081626786554686
9776	(-1, -1)	b' animals'	-11.117739694217258
9777	(-1, -1)	b'vis'	-9.784769943313167
9778	(-1, -1)	b' marketing'	-11.118185525700344
9779	(-1, -1)	b' segment'	-10.795342939660094
9780	(-1, -1)	b' voted'	-11.118185525700344
9781	(-1, -1)	b' factors'	-11.117962585113087
9782	(-1, -1)	b'\xe9\xa2\x96'	-11.118631556037801
9783	(-1, -1)	b'\xe5\x8f\x8d\xe8\x80\x8c'	-11.009286128774336
9784	(-1, -1)	b'\xe6\x89\x93\xe7\xae\x97'	-11.118631556037801
9785	(-1, -1)	b' sudden'	-11.116848627105503
9786	(-1, -1)	b'\xe1\x88\x8a'	-10.954429903028926
9787	(-1, -1)	b' artist'	-10.43478468342354
9788	(-1, -1)	b' ticket'	-11.11640339112308
9789	(-1, -1)	b'ras'	-10.352484374853411
9790	(-1, -1)	b'\xe5\x9b\x9e\xe6\x9d\xa5'	-10.854878390550565
9791	(-1, -1)	b'\xe7\x99\xbe\xe4\xb8\x87'	-11.08593528094041
9792	(-1, -1)	b' nobody'	-11.118185525700344
9793	(-1, -1)	b'\xe9\x93\xb6\xe8\xa1\x8c\xe7\x9a\x84'	-11.045942645787619
9794	(-1, -1)	b' sentence'	-10.529903504750944
9795	(-1, -1)	b'\xe6\x88\x90\xe6\x9e\x9c'	-11.11974750303454
9796	(-1, -1)	b'\xe5\x90\x84\xe9\xa1\xb9'	-11.108643680310221
9797	(-1, -1)	b'may'	-11.008686428606438
9798	(-1, -1)	b' Houston'	-11.11952421398594
9799	(-1, -1)	b' facility'	-11.120417669484285
9800	(-1, -1)	b' subscribing'	-11.120417669484285
9801	(-1, -1)	b'\xe5\x8f\xaf\xe7\x88\xb1'	-10.752211698746647
9802	(-1, -1)	b' rich'	-10.94238836524451
9803	(-1, -1)	b' stress'	-10.803610799029313
9804	(-1, -1)	b'\xe5\xa4\xab\xe5\xa6\xbb'	-11.121535612585626
9805	(-1, -1)	b' acting'	-11.121535612585626
9806	(-1, -1)	b' \xd8\xba'	-11.12175935125979
9807	(-1, -1)	b'\xe1\x8b\xa8'	-11.12175935125979
9808	(-1, -1)	b'\xe5\xbc\x80\xe5\xbf\x83'	-11.019132485828809
9809	(-1, -1)	b'\xe5\xa2\x93'	-11.122206978841122
9810	(-1, -1)	b'\xe5\xab\x8c\xe7\x96\x91\xe4\xba\xba'	-11.05553004727841
9811	(-1, -1)	b' \xe0\xaa\xb0'	-11.122206978841122
9812	(-1, -1)	b'BO'	-10.231630200290104
9813	(-1, -1)	b'\xe6\x89\x93\xe5\xb7\xa5'	-11.122654806882641
9814	(-1, -1)	b'-n'	-10.935492428868677
9815	(-1, -1)	b'\xe5\xae\x98\xe6\x96\xb9\xe7\xbd\x91\xe7\xab\x99'	-11.122654806882641
9816	(-1, -1)	b' joint'	-11.023179435909006
9817	(-1, -1)	b' linked'	-11.122654806882641
9818	(-1, -1)	b'\xe5\x85\x81\xe8\xae\xb8'	-11.12131192395926
9819	(-1, -1)	b' impressive'	-11.122206978841122
9820	(-1, -1)	b'\xe7\x82\xae'	-11.123551065064976
9821	(-1, -1)	b' holiday'	-10.807852240950677
9822	(-1, -1)	b'\xe5\x93\xb2'	-11.123775255179131
9823	(-1, -1)	b'hy'	-9.722956835846688
9824	(-1, -1)	b'\xe6\xb5\x85'	-11.123775255179131
9825	(-1, -1)	b' actor'	-10.714133530021003
9826	(-1, -1)	b' spell'	-10.872859511245178
9827	(-1, -1)	b'\xe4\xb8\xad\xe7\xbe\x8e'	-11.076908785094437
9828	(-1, -1)	b'\xe8\xbf\x91\xe5\xb9\xb4\xe6\x9d\xa5'	-11.075625911281548
9829	(-1, -1)	b'\xe3\x83\xbb'	-11.123999495565764
9830	(-1, -1)	b'\xe5\xaf\xb9\xe9\x98\xb5'	-11.11930097478421
9831	(-1, -1)	b'\xe4\xba\x8b\xe5\x8a\xa1'	-11.103357324387074
9832	(-1, -1)	b'SO'	-10.779009510096001
9833	(-1, -1)	b' alive'	-11.124223786247427
9834	(-1, -1)	b'81'	-10.400808084843508
9835	(-1, -1)	b' university'	-11.12489696028833
9836	(-1, -1)	b'\xe6\x8b\x9b\xe5\x95\x86'	-11.125121452375929
9837	(-1, -1)	b'\xe3\x83\xab'	-11.12534599487154
9838	(-1, -1)	b' loan'	-10.608966543061854
9839	(-1, -1)	b'\xeb\x9d\xbc'	-11.0690238214932
9840	(-1, -1)	b'\xe8\xa1\xac'	-11.126019925032955
9841	(-1, -1)	b' generation'	-10.80475095714615
9842	(-1, -1)	b' 34'	-10.986160283473506
9843	(-1, -1)	b'\xd1\x82\xd0\xb0'	-9.875571028406506
9844	(-1, -1)	b'\xe6\x9b\xb4\xe6\x96\xb0'	-11.055739493294466
9845	(-1, -1)	b'\xe6\x95\x99\xe5\xad\xa6'	-11.1262446693872
9846	(-1, -1)	b' Jordan'	-11.106878454785653
9847	(-1, -1)	b' Where'	-11.123775255179131
9848	(-1, -1)	b'\xe6\x97\xa5\xe4\xb8\x8a\xe5\x8d\x88'	-11.126694309682545
9849	(-1, -1)	b'\xe5\xa5\xb3\xe7\x94\x9f'	-11.044906054008264
9850	(-1, -1)	b'\xe7\xb6\xad'	-11.128494895359205
9851	(-1, -1)	b'\xe5\x8d\x93'	-11.128494895359205
9852	(-1, -1)	b'\xe6\x85\xa2\xe6\x85\xa2'	-11.131427779582246
9853	(-1, -1)	b'\xe5\xb0\x94\xe6\x96\xaf'	-11.12826964476697
9854	(-1, -1)	b' Japanese'	-11.128494895359205
9855	(-1, -1)	b' upcoming'	-11.128720196700701
9856	(-1, -1)	b'\xe7\x96\xbc'	-11.12894554881433
9857	(-1, -1)	b'\xe5\x92\x8c\xe8\xb0\x90'	-11.127594197257332
9858	(-1, -1)	b'\xe5\x8f\xb8\xe6\xb3\x95'	-11.11840851600119
9859	(-1, -1)	b'\xe6\x95\x99\xe8\x82\xb2\xe9\x83\xa8'	-11.069448449949686
9860	(-1, -1)	b'\xe5\xa6\xae'	-11.129170951722983
9861	(-1, -1)	b'\xe5\xae\x9e\xe6\x9c\xa8'	-11.128494895359205
9862	(-1, -1)	b'\xe6\x84\x9f\xe5\x85\x89\xe5\xba\xa6'	-11.105116339792254
9863	(-1, -1)	b'\xe6\x89\xa9\xe5\xbc\xa0'	-11.129847465448186
9864	(-1, -1)	b'\xe5\x9b\x9e\xe5\xbd\x92'	-11.130073071766121
9865	(-1, -1)	b'\xe6\x96\xb0\xe5\x9f\xba\xe9\x87\x91'	-10.850262603229027
9866	(-1, -1)	b' herself'	-11.13052443715406
9867	(-1, -1)	b' \xd8\xaa\xd9\x87'	-11.129847465448186
9868	(-1, -1)	b'\xe5\xa4\xa7\xe6\xa6\x82'	-11.155437164261308
9869	(-1, -1)	b'\xe9\x83\xa1'	-11.130976006364714
9870	(-1, -1)	b'\xe8\xa4'	-11.1312018674611
9871	(-1, -1)	b' owned'	-11.1312018674611
9872	(-1, -1)	b'2003'	-10.68508645339006
9873	(-1, -1)	b'\xe8\x8b\xb1\xe9\x95\x91'	-11.131427779582246
9874	(-1, -1)	b' faith'	-11.131427779582246
9875	(-1, -1)	b'\xe5\xa4\xa7\xe5\xa4\x9a'	-11.089395492005305
9876	(-1, -1)	b'\xe8\xbf\x87\xe4\xba\x8e'	-11.129170951722983
9877	(-1, -1)	b'\xe4\xb8\xad\xe8\x8f\xaf\xe4\xba\xba\xe6\xb0\x91\xe5\x85\xb1\xe5\x92\x8c\xe5\x9c\x8b'	-11.123551065064976
9878	(-1, -1)	b' \xe0\xaa\xac'	-11.13187975699107
9879	(-1, -1)	b'\xe8\x88\xaa\xe7\xa9\xba'	-11.132105822324913
9880	(-1, -1)	b'ilm'	-10.837551644869535
9881	(-1, -1)	b'\xea\xb8\xb0'	-10.806055588772814
9882	(-1, -1)	b"it's"	-11.15868241513913
9883	(-1, -1)	b'\xe8\x8e\xb7\xe6\x82\x89'	-11.132784325121497
9884	(-1, -1)	b'\xe8\x87\x82'	-11.133010595062501
9885	(-1, -1)	b' younger'	-11.132105822324913
9886	(-1, -1)	b'\xe6\x95\xb4\xe5\x90\x88'	-11.131653742751212
9887	(-1, -1)	b'\xe7\x94\x9f\xe6\x80\x81'	-11.131427779582246
9888	(-1, -1)	b' battery'	-11.130976006364714
9889	(-1, -1)	b' stuck'	-11.132784325121497
9890	(-1, -1)	b'\xe5\xaf\xbf'	-11.133916187155181
9891	(-1, -1)	b' pray'	-11.119970841952275
9892	(-1, -1)	b'\xe0\xb6\xad\xe0\xb7\x92'	-10.786182570261428
9893	(-1, -1)	b' 2020'	-11.134595919819848
9894	(-1, -1)	b'\xe4\xbc\x98\xe8\xb4\xa8'	-11.134595919819848
9895	(-1, -1)	b' arms'	-11.134369290923694
9896	(-1, -1)	b' struck'	-11.134595919819848
9897	(-1, -1)	b'John'	-11.134595919819848
9898	(-1, -1)	b' Coast'	-11.123102835563971
9899	(-1, -1)	b'\xe9\x87\x87\xe8\xb4\xad'	-11.133236916213178
9900	(-1, -1)	b'\xe9\xbe\x99\xe5\xa4\xb4'	-11.135276114835303
9901	(-1, -1)	b' standards'	-11.135276114835303
9902	(-1, -1)	b' Only'	-11.135276114835303
9903	(-1, -1)	b' Cleveland'	-11.134142713376558
9904	(-1, -1)	b'\xe1\x80\x80\xe1\x80\xba\xe1\x80'	-10.998150599113258
9905	(-1, -1)	b' Business'	-11.135956772830953
9906	(-1, -1)	b' heads'	-11.008886288705035
9907	(-1, -1)	b'\xe7\x9a\x84\xe5\x8f\xaf\xe8\x83\xbd\xe6\x80\xa7'	-11.016309334125129
9908	(-1, -1)	b' climate'	-11.113070425033573
9909	(-1, -1)	b' co-'	-10.417154233455875
9910	(-1, -1)	b'\xe6\x84\x9f\xe6\x9f\x93'	-11.123775255179131
9911	(-1, -1)	b'\xe0\xae\x95'	-9.653908720319173
9912	(-1, -1)	b'\xe8\xbf\x87\xe6\x9d\xa5'	-10.941080076112943
9913	(-1, -1)	b'\xe5\x90\xa6\xe5\x88\x99'	-11.133010595062501
9914	(-1, -1)	b' hi'	-9.53061256636402
9915	(-1, -1)	b'\xe6\x9c\x80\xe5\x90\x8e\xe4\xb8\x80'	-10.770626701022792
9916	(-1, -1)	b' stands'	-11.138001531012431
9917	(-1, -1)	b'Was'	-11.093085132653316
9918	(-1, -1)	b' appearance'	-10.722804536658806
9919	(-1, -1)	b'\xe8\xbf\x87\xe7\x9a\x84'	-11.098754576535185
9920	(-1, -1)	b' 37'	-11.08420965497294
9921	(-1, -1)	b' wondering'	-11.138228984669729
9922	(-1, -1)	b'istics'	-11.138001531012431
9923	(-1, -1)	b' receiving'	-11.138684047248685
9924	(-1, -1)	b'\xe6\xaf\x95\xe4\xb8\x9a\xe7\x94\x9f'	-11.075839609327025
9925	(-1, -1)	b'\xe6\x83\xb3\xe8\xb1\xa1'	-11.121535612585626
9926	(-1, -1)	b'\xe8\xb5\x9b\xe4\xba\x8b'	-11.136637894437486
9927	(-1, -1)	b' express'	-10.281068314135139
9928	(-1, -1)	b' comfortable'	-11.139367029631524
9929	(-1, -1)	b'\xe4\xb8\x8d\xe5\x9c\xa8'	-11.122654806882641
9930	(-1, -1)	b'\xe6\xb8\xa1'	-11.140506371215407
9931	(-1, -1)	b'\xe8\x83\x8e'	-11.140734395386957
9932	(-1, -1)	b'\xe6\x98\xbe\xe7\xa4\xba\xe5\xb1\x8f'	-11.140734395386957
9933	(-1, -1)	b'Damn'	-10.829166554653721
9934	(-1, -1)	b'\xe4\xbb\xa5\xe5\xa4\x96'	-11.138684047248685
9935	(-1, -1)	b'\xe5\xbc\x8f\xe7\x9a\x84'	-11.071361512495091
9936	(-1, -1)	b'\xe4\xb8\x87\xe5\x90\xa8'	-11.12467251858612
9937	(-1, -1)	b'\xe6\x9a\x82\xe6\x97\xb6'	-11.07114876916911
9938	(-1, -1)	b' ongoing'	-11.141647012379343
9939	(-1, -1)	b'esh'	-10.841432523780753
9940	(-1, -1)	b'QQ'	-11.070936071093225
9941	(-1, -1)	b'\xe4\xb8\xba\xe6\xad\xa4'	-11.141647012379343
9942	(-1, -1)	b'Qu'	-10.755774555896377
9943	(-1, -1)	b'\xd0\xbd\xd1\x8f'	-11.090262418804292
9944	(-1, -1)	b'\xe6\x88\xbf\xe5\x9c\xb0\xe4\xba\xa7\xe5\xb8\x82\xe5\x9c\xba'	-10.925512675000824
9945	(-1, -1)	b'\xe7\x9f\x9b\xe7\x9b\xbe'	-11.143932205329927
9946	(-1, -1)	b'\xe5\xa5\xa5\xe5\xb7\xb4\xe9\xa9\xac'	-11.131427779582246
9947	(-1, -1)	b'tw'	-10.616768573491342
9948	(-1, -1)	b'\xe5\x8f\x8a\xe5\x85\xb6'	-11.129847465448186
9949	(-1, -1)	b' researchers'	-11.144389871241804
9950	(-1, -1)	b' till'	-11.131653742751212
9951	(-1, -1)	b' storm'	-10.90296626539933
9952	(-1, -1)	b'\xe0\xaa\xa8\xe0\xaa\xbe'	-10.71487807625449
9953	(-1, -1)	b' turning'	-11.144161012103606
9954	(-1, -1)	b'game'	-10.31065511174876
9955	(-1, -1)	b' clients'	-11.14484774670768
9956	(-1, -1)	b'atar'	-11.069448449949686
9957	(-1, -1)	b' prime'	-10.853508527322651
9958	(-1, -1)	b' consult'	-10.92975114075815
9959	(-1, -1)	b' shitty'	-11.145305831919538
9960	(-1, -1)	b'\xe5\xa4\xb9'	-11.14553495324028
9961	(-1, -1)	b'\xe9\xa2\x88'	-11.145764127069631
9962	(-1, -1)	b' east'	-10.73170286850447
9963	(-1, -1)	b'Sure'	-10.752057079496243
9964	(-1, -1)	b'\xe6\xad\xa4\xe5\x90\x8e'	-11.070936071093225
9965	(-1, -1)	b'\xe5\x87\xba\xe5\x9c\xba'	-10.999337777725188
9966	(-1, -1)	b'\xe6\xb1\xa1\xe6\x9f\x93'	-11.146681347954848
9967	(-1, -1)	b'\xe9\xb8\xbf'	-11.146910784688675
9968	(-1, -1)	b'\xe0\xae\xa4\xe0\xaf\x8d\xe0\xae\xa4'	-10.49666248234834
9969	(-1, -1)	b'\xe8\xbd\xac\xe5\x8f\x98'	-11.14553495324028
9970	(-1, -1)	b'\xe8\x81\x94\xe9\x82\xa6'	-11.147140274075799
9971	(-1, -1)	b'\xe2\x86\x92'	-11.147140274075799
9972	(-1, -1)	b' button'	-10.901528967271911
9973	(-1, -1)	b'mo'	-8.381013168130139
9974	(-1, -1)	b'\xeb\x8f\x84'	-10.94182746030319
9975	(-1, -1)	b'\xe5\xa5\xb3\xe5\x8f\x8b'	-11.148058758640943
9976	(-1, -1)	b' \xd8\xb1\xd8\xa7'	-10.694967382371663
9977	(-1, -1)	b'PE'	-10.451929582523407
9978	(-1, -1)	b'\xe9\xa5\xb0\xe6\xbc\x94'	-11.148518317472561
9979	(-1, -1)	b' copy'	-10.707753213102563
9980	(-1, -1)	b' announcement'	-11.03070974522863
9981	(-1, -1)	b'\xe9\x97\xae\xe9\xa2\x98\xe7\x9a\x84'	-11.107319469125766
9982	(-1, -1)	b'\xe4\xba\xba\xe4\xbd\x93'	-11.003305249701922
9983	(-1, -1)	b' earned'	-11.148978087595603
9984	(-1, -1)	b' parking'	-11.148978087595603
9985	(-1, -1)	b' AC'	-11.129621910016985
9986	(-1, -1)	b' becomes'	-11.14920805195214
9987	(-1, -1)	b'\xe6\x98\xa5\xe8\x8a\x82'	-11.148978087595603
9988	(-1, -1)	b'\xe8\xaf\x81\xe5\xae\x9e'	-11.14507676308335
9989	(-1, -1)	b' tu'	-9.94567232565159
9990	(-1, -1)	b'wy'	-10.352484374853411
9991	(-1, -1)	b' Francisco'	-11.150588949755004
9992	(-1, -1)	b'\xd0\xb5\xd1\x81'	-10.799387270983603
9993	(-1, -1)	b'\xe4\xba\x86\xe5\xbe\x88\xe5\xa4\x9a'	-10.88638391164302
9994	(-1, -1)	b'\xe8\xbe\x83\xe9\xab\x98'	-10.63118666874161
9995	(-1, -1)	b'\xe4\xb8\x8d\xe6\x83\xb3'	-11.125795231177387
9996	(-1, -1)	b' ham'	-10.902247358107404
9997	(-1, -1)	b' harder'	-11.150588949755004
9998	(-1, -1)	b'\xe9\x83\x81'	-11.15128011439489
9999	(-1, -1)	b' Prince'	-10.818039644206047
10000	(-1, -1)	b'\xe7\x9a\x84\xe4\xbd\x9c\xe7\x94\xa8'	-10.813097294771612
10001	(-1, -1)	b' According'	-11.15151060880642
10002	(-1, -1)	b' falling'	-11.150819284893647
10003	(-1, -1)	b'\xe5\xbe\x88\xe5\xb0\x91'	-11.082487001661494
10004	(-1, -1)	b'\xe8\xbf\xb9\xe8\xb1\xa1'	-11.151741156357874
10005	(-1, -1)	b' patient'	-11.151741156357874
10006	(-1, -1)	b' Under'	-11.062675937291123
10007	(-1, -1)	b'\xe6\x96\xb0\xe5\x8d\x8e\xe7\xbd\x91'	-11.15104967309879
10008	(-1, -1)	b' estimated'	-11.152663878453332
10009	(-1, -1)	b'\xe8\x82\xbf'	-11.15289469207236
10010	(-1, -1)	b' una'	-10.71443128199581
10011	(-1, -1)	b' Foundation'	-11.143017501401527
10012	(-1, -1)	b'\xe6\x9d\x90\xe8\xb4\xa8'	-11.14736981614039
10013	(-1, -1)	b' Ltd'	-11.152433118096937
10014	(-1, -1)	b'\xe4\xbe\xbf\xe5\xae\x9c'	-11.153125558978614
10015	(-1, -1)	b'\xe9\x80\xb2'	-11.153818479666924
10016	(-1, -1)	b'\xe7\x9a\x84\xe4\xbc\x81\xe4\xb8\x9a'	-10.936979417990255
10017	(-1, -1)	b'\xe5\x85\xac\xe7\x89\x9b'	-11.15358745275126
10018	(-1, -1)	b'\xe0\xaf\x8b'	-11.153818479666924
10019	(-1, -1)	b'\xe4\xb8\xbb\xe7\xae\xa1'	-11.098754576535185
10020	(-1, -1)	b'bury'	-10.992432354211177
10021	(-1, -1)	b'\xe4\xbd\x9b\xe5\xb1\xb1'	-11.152663878453332
10022	(-1, -1)	b' lie'	-11.14553495324028
10023	(-1, -1)	b'ception'	-10.721904041325557
10024	(-1, -1)	b' Corporation'	-11.127594197257332
10025	(-1, -1)	b'\xe6\x88\x91\xe8\xae\xa4\xe4\xb8\xba'	-11.15358745275126
10026	(-1, -1)	b'\xe6\x95\x99\xe5\xb8\x88'	-11.155437164261308
10027	(-1, -1)	b'\xe5\x8a\xa3'	-11.155437164261308
10028	(-1, -1)	b' allowing'	-11.155437164261308
10029	(-1, -1)	b' talked'	-11.155668618955085
10030	(-1, -1)	b'\xd0\xbe\xd1\x98'	-11.038297190631123
10031	(-1, -1)	b'\xe5\xb1\xac\xe6\x96\xbc'	-11.156594973815215
10032	(-1, -1)	b'\xe5\x89\x8d\xe9\x94\x8b'	-11.108643680310221
10033	(-1, -1)	b'\xe5\x85\xa8\xe5\x9c\xba'	-11.11751685299071
10034	(-1, -1)	b' recorded'	-11.156826696675713
10035	(-1, -1)	b'\xe1\x89\xb8\xe1\x8b\x8d'	-11.156826696675713
10036	(-1, -1)	b'Only'	-11.15705847324414
10037	(-1, -1)	b' Miami'	-11.15289469207236
10038	(-1, -1)	b'\xe4\xbe\x9d\xe6\x97\xa7'	-11.157290303545398
10039	(-1, -1)	b'\xe5\x9c\xb0\xe9\x93\x81'	-11.093737661224594
10040	(-1, -1)	b'\xe5\xbd\xad'	-11.157522187604409
10041	(-1, -1)	b' voters'	-11.157986117095447
10042	(-1, -1)	b'\xe5\x8f\xaf\xe8\xa7\x81'	-11.148288511657462
10043	(-1, -1)	b'\xe9\xa9\xb1'	-11.157754125446106
10044	(-1, -1)	b'weight'	-11.106878454785653
10045	(-1, -1)	b'\xe4\xbc\xa6\xe6\x95\xa6'	-11.158218162577402
10046	(-1, -1)	b'\xe5\xa5\x89'	-11.158218162577402
10047	(-1, -1)	b' \xe1\x8c\x8d'	-11.158218162577402
10048	(-1, -1)	b' row'	-10.985964913735657
10049	(-1, -1)	b'\xe8\x91\xa1\xe8\x90\x84\xe7\x89\x99'	-11.15868241513913
10050	(-1, -1)	b'ele'	-10.053052012599998
10051	(-1, -1)	b' agencies'	-11.15914688333141
10052	(-1, -1)	b'\xe8\xb5\xb6\xe5\x88\xb0'	-11.06246503356789
10053	(-1, -1)	b'\xe7\x91\x9e\xe5\xa3\xab'	-11.159843990365566
10054	(-1, -1)	b' produced'	-11.159843990365566
10055	(-1, -1)	b' treated'	-11.159843990365566
10056	(-1, -1)	b' division'	-10.98733330413587
10057	(-1, -1)	b' fairly'	-11.160076467409505
10058	(-1, -1)	b'\xeb\xa6\xac'	-11.033778801346047
10059	(-1, -1)	b'\xe7\xa5\xa5'	-11.160308998511587
10060	(-1, -1)	b' manage'	-10.969304319144172
10061	(-1, -1)	b' marriage'	-11.079050572162913
10062	(-1, -1)	b' facilities'	-11.16054158369696
10063	(-1, -1)	b'Nope'	-11.026835747112116
10064	(-1, -1)	b'\xe4\xbf\xae\xe6\x94\xb9'	-11.161006916418247
10065	(-1, -1)	b'\xe5\x98\x89\xe5\xae\xbe'	-11.161006916418247
10066	(-1, -1)	b'\xe6\x92\xa4'	-11.16123966400454
10067	(-1, -1)	b'\xe5\x8d\x96\xe5\x9c\xba'	-11.033778801346047
10068	(-1, -1)	b' ending'	-11.11640339112308
10069	(-1, -1)	b'\xe9\x99\xb5'	-11.161472465774885
10070	(-1, -1)	b'\xe6\x96\xbd\xe5\xb7\xa5'	-11.158450261916961
10071	(-1, -1)	b' governor'	-10.989879579138085
10072	(-1, -1)	b'\xe6\x9b\xbf\xe8\xa1\xa5'	-11.16193823196868
10073	(-1, -1)	b' \xd1\x85'	-11.16193823196868
10074	(-1, -1)	b'Fr'	-10.880917007982296
10075	(-1, -1)	b'fall'	-11.013895817265704
10076	(-1, -1)	b' notes'	-11.162404215201716
10077	(-1, -1)	b'\xe5\xba\x94\xe8\xaf\xa5\xe6\x98\xaf'	-10.9801215001471
10078	(-1, -1)	b'\xe9\x94\xa1'	-11.163103597442603
10079	(-1, -1)	b' experienced'	-11.163103597442603
10080	(-1, -1)	b'vo'	-9.444167286982454
10081	(-1, -1)	b'\xe6\x8c\x87\xe6\x95\xb0\xe5\x9f\xba\xe9\x87\x91'	-11.040357772444091
10082	(-1, -1)	b'\xe9\xb3'	-11.164036868625601
10083	(-1, -1)	b'\xe4\xb8\xa4\xe9\x98\x9f\xe5\x9c\xa8'	-11.16380346916136
10084	(-1, -1)	b'\xe8\x87\xaa\xe6\x88\x91'	-11.074771575475634
10085	(-1, -1)	b' Management'	-11.163570124159719
10086	(-1, -1)	b' Long'	-11.126694309682545
10087	(-1, -1)	b'SC'	-10.873732187799384
10088	(-1, -1)	b'\xe9\x80\x82\xe5\xbd\x93'	-11.10952746295723
10089	(-1, -1)	b'\xe5\x8f\x8d\xe5\xaf\xb9'	-11.160076467409505
10090	(-1, -1)	b'\xe4\xb8\x93\xe6\x88\xb7'	-11.164971011617398
10091	(-1, -1)	b'\xe5\x8c\x96\xe5\xad\xa6'	-11.162637288271178
10092	(-1, -1)	b' drag'	-10.79372977589681
10093	(-1, -1)	b'\xed\x96\x88\xeb\x8b\xa4'	-11.047187975961014
10094	(-1, -1)	b' applications'	-11.16543841055089
10095	(-1, -1)	b'\xe9\xa3\x9e\xe8\xa1\x8c'	-11.112405162784844
10096	(-1, -1)	b'\xe7\x83\xad\xe6\x83\x85'	-10.88444061980278
10097	(-1, -1)	b'\xe5\x9b\x9e\xe5\xba\x94'	-11.165906028048305
10098	(-1, -1)	b' \xd8\xb5'	-11.16684191955321
10099	(-1, -1)	b'\xe0\xa4\xb6'	-10.370900716209741
10100	(-1, -1)	b' ruling'	-11.104676295780752
10101	(-1, -1)	b'\xd0\xb0\xd0\xb7'	-10.774888407417677
10102	(-1, -1)	b' remaining'	-11.16731019397057
10103	(-1, -1)	b'\xe5\xb9\xbd'	-11.16801301700524
10104	(-1, -1)	b'\xe5\x9b\x9e\xe6\x9a\x96'	-11.168247401161945
10105	(-1, -1)	b' banned'	-11.16848184026746
10106	(-1, -1)	b' \xda\xa9\xd8\xa7'	-10.383226873758689
10107	(-1, -1)	b'\xe7\x99\xbb\xe8\xae\xb0'	-11.16895088342803
10108	(-1, -1)	b'\xe4\xbd\x86\xe4\xbb\x96'	-10.987137705113241
10109	(-1, -1)	b'\xe0\xb0\x9f'	-9.959503997076961
10110	(-1, -1)	b'\xe5\xbb\xa3'	-11.169420146693328
10111	(-1, -1)	b'\xe6\xb5\x81\xe5\x8a\xa8\xe6\x80\xa7'	-11.027650079404674
10112	(-1, -1)	b'\xe7\x83\xad\xe9\x97\xa8'	-11.047603430890131
10113	(-1, -1)	b'\xe6\x80\xbb\xe9\xa2\x9d'	-11.169654860929825
10114	(-1, -1)	b' YouTube'	-11.136410802350671
10115	(-1, -1)	b' \xd0\x9d'	-11.169654860929825
10116	(-1, -1)	b' edge'	-10.890459402355363
10117	(-1, -1)	b'\xe4\xbc\x98\xe9\x9b\x85'	-11.170124454739817
10118	(-1, -1)	b' expansion'	-11.081411848348592
10119	(-1, -1)	b'En'	-10.801496805234471
10120	(-1, -1)	b'Great'	-11.167076029351774
10121	(-1, -1)	b'\xd0\xba\xd0\xb8'	-10.475334659707515
10122	(-1, -1)	b'\xe7\x9c\x9f\xe6\xad\xa3\xe7\x9a\x84'	-11.030914056190625
10123	(-1, -1)	b'\xe7\x9c\xbc\xe7\x9d\x9b'	-11.172005038274778
10124	(-1, -1)	b'\x85\xe1\x80'	-10.946699120678238
10125	(-1, -1)	b"They're"	-11.173417800459367
10126	(-1, -1)	b'\xe5\x9b\x9b\xe5\xa4\xa7'	-11.159611567354641
10127	(-1, -1)	b'ror'	-10.403532139919436
10128	(-1, -1)	b'\xe6\x88\x90\xe4\xb8\xba\xe4\xba\x86'	-11.131427779582246
10129	(-1, -1)	b'she'	-10.474865836445295
10130	(-1, -1)	b' Arizona'	-11.114180179891669
10131	(-1, -1)	b'har'	-9.958664483945242
10132	(-1, -1)	b' scale'	-10.989879579138085
10133	(-1, -1)	b'\xe4\xb8\x80\xe6\x96\xb9\xe9\x9d\xa2'	-11.121983140004149
10134	(-1, -1)	b'\xe5\x8f\x96\xe5\xbe\x97\xe4\xba\x86'	-11.126919205669099
10135	(-1, -1)	b' See'	-10.682487173948273
10136	(-1, -1)	b'\xe6\xac\xa1\xe5\x8a\xa9\xe6\x94\xbb'	-11.15104967309879
10137	(-1, -1)	b' memo'	-9.91830133593769
10138	(-1, -1)	b'\xe4\xba\xba\xe6\xb0\x94'	-11.008886288705035
10139	(-1, -1)	b' operation'	-10.90422559811951
10140	(-1, -1)	b' kuma'	-11.148058758640943
10141	(-1, -1)	b'ography'	-11.580769701580108
10142	(-1, -1)	b'RM'	-11.053229031724923
10143	(-1, -1)	b' animal'	-11.16848184026746
10144	(-1, -1)	b' Taylor'	-11.169185487534678
10145	(-1, -1)	b' 1.'	-10.471823831057453
10146	(-1, -1)	b'burg'	-10.583564992101456
10147	(-1, -1)	b'\xe0\xa4\xa8\xe0\xa4\xbe'	-10.217217837349251
10148	(-1, -1)	b'\xeb\xa0'	-11.024802812888897
10149	(-1, -1)	b'\xe5\xb9\xb6\xe5\x9c\xa8'	-11.164737394048295
10150	(-1, -1)	b'\xe0\xb0\xbe\xe0\xb0\xb0\xe0\xb1\x81'	-11.10138212348154
10151	(-1, -1)	b' debate'	-10.971419907970548
10152	(-1, -1)	b' Pen'	-10.80442506501356
10153	(-1, -1)	b'\xe8\xbf\x87\xe4\xba\x86'	-11.147829058398749
10154	(-1, -1)	b'\xe4\xba\xba\xe7\x94\x9f'	-10.797605749741505
10155	(-1, -1)	b' Report'	-10.868681232185983
10156	(-1, -1)	b' Invalid'	-11.18360142902386
10157	(-1, -1)	b'\xe1\x89\xb1'	-11.154743121434143
10158	(-1, -1)	b'1.3'	-10.3398122844027
10159	(-1, -1)	b'\xe9\x9d\xa9\xe5\x91\xbd'	-11.175304593471944
10160	(-1, -1)	b'ede'	-10.893126307660808
10161	(-1, -1)	b' metal'	-10.991449746290904
10162	(-1, -1)	b'\xe7\x9a\x84\xe7\xa1\xae'	-10.956134933280008
10163	(-1, -1)	b' Alabama'	-11.1828875681964
10164	(-1, -1)	b' resist'	-11.097880259539599
10165	(-1, -1)	b'\xe6\x88\x90\xe7\x9a\x84'	-11.150588949755004
10166	(-1, -1)	b' collabor'	-11.185507553022479
10167	(-1, -1)	b'\xe5\xa5\xbd\xe8\x8e\xb1\xe5\x9d\x9e'	-11.090913107472733
10168	(-1, -1)	b'bal'	-10.268025067938508
10169	(-1, -1)	b' schedule'	-11.056577716310853
10170	(-1, -1)	b'\xe0\xa6\x9f'	-10.762313579663433
10171	(-1, -1)	b' Brad'	-10.602022998006166
10172	(-1, -1)	b'\xe0\xa4\x8f'	-10.065969390649258
10173	(-1, -1)	b' consumer'	-10.533624670047107
10174	(-1, -1)	b' \xe1\xbb\x8c'	-11.190049212556096
10175	(-1, -1)	b' whom'	-11.150358667658418
10176	(-1, -1)	b' minimum'	-11.190049212556096
10177	(-1, -1)	b'Reuters'	-11.190528484072578
10178	(-1, -1)	b'\xe5\xa4\xa9\xe4\xb8\x8b'	-11.066479830297125
10179	(-1, -1)	b' blow'	-10.555484837008773
10180	(-1, -1)	b' bin'	-10.661932639287832
10181	(-1, -1)	b' behavior'	-11.082702171108263
10182	(-1, -1)	b'-to-'	-10.529408393959793
10183	(-1, -1)	b' \xd0\xb4\xd0\xbe'	-10.464259058293681
10184	(-1, -1)	b' Charlottesville'	-11.19244787045838
10185	(-1, -1)	b' Nick'	-11.109748530715398
10186	(-1, -1)	b'\xe5\xae\x89\xe4\xb8\x9c\xe5\xb0\xbc'	-11.1931685912103
10187	(-1, -1)	b' blame'	-10.78298818965022
10188	(-1, -1)	b'\xe4\xb8\x9c\xe8\x8e\x9e'	-11.19292829323966
10189	(-1, -1)	b' confused'	-11.194611592903692
10190	(-1, -1)	b'\xe4\xb8\x8e\xe6\xad\xa4\xe5\x90\x8c\xe6\x97\xb6'	-11.195093056562488
10191	(-1, -1)	b' campus'	-11.079050572162913
10192	(-1, -1)	b'lar\xc4\xb1'	-11.044906054008264
10193	(-1, -1)	b' racist'	-11.11751685299071
10194	(-1, -1)	b' Nor'	-10.659956632999142
10195	(-1, -1)	b'\xeb\x93\xa4'	-11.01610798508589
10196	(-1, -1)	b'\xe5\x88\x86\xe7\x9a\x84'	-11.13709223338215
10197	(-1, -1)	b'di'	-8.514200177244135
10198	(-1, -1)	b' kuwa'	-11.039326950788025
10199	(-1, -1)	b' religion'	-11.027446434153996
10200	(-1, -1)	b' influence'	-10.863137212441867
10201	(-1, -1)	b'\xd0\xbd\xd1\x96'	-10.898660553688119
10202	(-1, -1)	b'Fuck'	-10.959553740028793
10203	(-1, -1)	b' \xec\x9d\xb4'	-10.780917300817729
10204	(-1, -1)	b'\xe8\x93\x84'	-11.20088877430715
10205	(-1, -1)	b' Bat'	-10.868681232185983
10206	(-1, -1)	b'mond'	-10.40320486123872
10207	(-1, -1)	b' ei'	-11.13029872899375
10208	(-1, -1)	b' exclusive'	-11.15289469207236
10209	(-1, -1)	b' nor'	-11.032959464962646
10210	(-1, -1)	b' impossible'	-11.203070857849669
10211	(-1, -1)	b' professor'	-11.072425908550878
10212	(-1, -1)	b' wanna'	-10.899556049404808
10213	(-1, -1)	b' declined'	-11.20550099270296
10214	(-1, -1)	b' function'	-10.650134749634862
10215	(-1, -1)	b'TE'	-9.95538316009485
10216	(-1, -1)	b'\xe5\xb7\xbe'	-11.208180979688903
10217	(-1, -1)	b'\xe6\x80\xa7\xe4\xbb\xb7\xe6\xaf\x94'	-11.176249326655105
10218	(-1, -1)	b'Looks'	-10.780280966084199
10219	(-1, -1)	b' concept'	-11.011287730723632
10220	(-1, -1)	b' earth'	-11.188852037745326
10221	(-1, -1)	b' stake'	-11.032140799341809
10222	(-1, -1)	b'\xe0\xb0\xaf'	-10.425484375477856
10223	(-1, -1)	b'\xe1\x8b\xb2'	-11.126469464262822
10224	(-1, -1)	b'\xe5\x90\xac\xe5\x88\xb0'	-11.094172916944197
10225	(-1, -1)	b' bright'	-11.111740342815759
10226	(-1, -1)	b' Free'	-10.566468344616254
10227	(-1, -1)	b'bu'	-9.194172886595213
10228	(-1, -1)	b'bel'	-10.92275810526718
10229	(-1, -1)	b'CCD'	-11.080982110482074
10230	(-1, -1)	b'lt'	-9.519192157638628
10231	(-1, -1)	b' Seattle'	-11.212581964787436
10232	(-1, -1)	b'\xe3\x81\xa6\xe3\x81\x84\xe3\x82\x8b'	-11.21429870340649
10233	(-1, -1)	b'\xe8\x9b\x87'	-11.214789741962882
10234	(-1, -1)	b'Which'	-10.540357862567221
10235	(-1, -1)	b' failure'	-11.039120913906695
10236	(-1, -1)	b' combined'	-11.216018394286017
10237	(-1, -1)	b'Wait'	-10.797767575132262
10238	(-1, -1)	b' dinner'	-11.140506371215407
10239	(-1, -1)	b'\xe7\x89\xa2'	-11.216264306004948
10240	(-1, -1)	b'\xe0\xa4\xa8\xe0\xa5\x80'	-11.093955265403453
10241	(-1, -1)	b' m\xc3\xbc'	-11.09897327527854
10242	(-1, -1)	b'\xe6\x9c\x89\xe5\x88\xa9\xe4\xba\x8e'	-11.09831732248362
10243	(-1, -1)	b'\xe1\x80\xad\xe1\x80'	-10.821679621752478
10244	(-1, -1)	b'\xe0\xa5\x8d\xe0\xa4\xb5'	-11.213072160875683
10245	(-1, -1)	b' bh'	-11.11640339112308
10246	(-1, -1)	b'\xe4\xbb\x8a\xe5\x90\x8e'	-11.007887387413307
10247	(-1, -1)	b'gar'	-9.504387011891863
10248	(-1, -1)	b' incredible'	-11.219219973181296
10249	(-1, -1)	b' upset'	-11.157290303545398
10250	(-1, -1)	b'\xe1\xbb\x9bi'	-11.169654860929825
10251	(-1, -1)	b'\xe0\xa8\xb5'	-11.043042892305847
10252	(-1, -1)	b'\xe9\x96\x80'	-11.22193703055247
10253	(-1, -1)	b' long-term'	-11.222431835114767
10254	(-1, -1)	b' appeal'	-10.613398162481436
10255	(-1, -1)	b'\xe6\x9c\xba\xe6\xa2\xb0'	-11.219466673564932
10256	(-1, -1)	b'\xe5\xa4\xaa\xe5\xb9\xb3\xe6\xb4\x8b'	-11.225157645252512
10257	(-1, -1)	b'w\xe1\xbb\x8d'	-10.408563872259576
10258	(-1, -1)	b'\xe4\xb8\x80\xe4\xbb\xbd'	-10.556628638366238
10259	(-1, -1)	b' dismiss'	-11.226399110340576
10260	(-1, -1)	b'ington'	-10.72747005795185
10261	(-1, -1)	b'\xe6\x9b\xb4\xe5\xa4\xa7'	-10.651811664505187
10262	(-1, -1)	b' soo'	-11.099848548857395
10263	(-1, -1)	b'\xbd\xe1\x80'	-10.985769582159687
10264	(-1, -1)	b'aq'	-9.971473442237823
10265	(-1, -1)	b'Other'	-11.22888667381238
10266	(-1, -1)	b' Philadelphia'	-11.18169893142267
10267	(-1, -1)	b' lawsuit'	-11.022368734608017
10268	(-1, -1)	b' profile'	-10.983038938762155
10269	(-1, -1)	b'\xe0\xb0\xa1'	-10.210178732388668
10270	(-1, -1)	b' famous'	-11.089828861459543
10271	(-1, -1)	b'\xe7\x8e\x84'	-11.231130783967478
10272	(-1, -1)	b'\xe4\xb8\xaa\xe8\x82\xa1'	-11.138456490073963
10273	(-1, -1)	b' chairman'	-11.207937047500842
10274	(-1, -1)	b' possibility'	-11.23163015975813
10275	(-1, -1)	b'LO'	-10.002039267861008
10276	(-1, -1)	b' length'	-11.203799278423336
10277	(-1, -1)	b' channel'	-10.833350311070134
10278	(-1, -1)	b'NT'	-10.105429914571191
10279	(-1, -1)	b' variety'	-11.234882195144507
10280	(-1, -1)	b'antly'	-11.167778687771596
10281	(-1, -1)	b' Stadium'	-11.235634169111512
10282	(-1, -1)	b'\xe6\x9f\xa5\xe8\xaf\xa2'	-11.2361357994205
10283	(-1, -1)	b' highlight'	-10.795342939660094
10284	(-1, -1)	b'\xe5\xb0\x87'	-11.236386708968926
10285	(-1, -1)	b'\xd9\x84\xd9\x87'	-11.124223786247427
10286	(-1, -1)	b'RC'	-11.138684047248685
10287	(-1, -1)	b' studies'	-11.237893489766313
10288	(-1, -1)	b'\xe6\x98\xaf\xe6\x9c\x89'	-11.14096247156539
10289	(-1, -1)	b' flu'	-11.115958353287521
10290	(-1, -1)	b'Her'	-10.735193273444239
10291	(-1, -1)	b' cheese'	-11.105116339792254
10292	(-1, -1)	b' stretch'	-10.931414573356848
10293	(-1, -1)	b' katika'	-11.231879941200667
10294	(-1, -1)	b' afraid'	-11.244196296462679
10295	(-1, -1)	b'\xe8\xae\xa4\xe5\xae\x9a'	-11.15937919835162
10296	(-1, -1)	b'ulate'	-10.865385764803246
10297	(-1, -1)	b' micro'	-11.020749301055714
10298	(-1, -1)	b' route'	-10.751129865707052
10299	(-1, -1)	b' Netflix'	-11.245461638906592
10300	(-1, -1)	b'\xe7\x9a\x84\xe6\xb0\xb4'	-11.108864552757282
10301	(-1, -1)	b'iin'	-10.881620737779107
10302	(-1, -1)	b' pace'	-11.093302594870114
10303	(-1, -1)	b' Stan'	-10.896157423470001
10304	(-1, -1)	b'\xe4\xb8\x80\xe4\xbb\xb6'	-10.687112796535292
10305	(-1, -1)	b' Earth'	-11.246982166315613
10306	(-1, -1)	b' alt'	-10.513571097746768
10307	(-1, -1)	b'\xef\xbd\x9e'	-11.25003017477138
10308	(-1, -1)	b'\xe9\xbc\x8e'	-11.251048245615232
10309	(-1, -1)	b'\xd9\x86\xdb\x8c'	-10.602422279305141
10310	(-1, -1)	b'\xe5\x9b\x9e\xe5\xbf\x86'	-11.251557669976732
10311	(-1, -1)	b' pounds'	-11.250793630718885
10312	(-1, -1)	b' excellent'	-11.244449236896555
10313	(-1, -1)	b'Yea'	-11.05888645907213
10314	(-1, -1)	b' smell'	-11.154280693680237
10315	(-1, -1)	b' shape'	-10.91563153330538
10316	(-1, -1)	b'\xe0\xae\xa8\xe0\xaf\x8d\xe0\xae\xa4'	-10.757016792080966
10317	(-1, -1)	b' pump'	-11.252832367408732
10318	(-1, -1)	b'Ke'	-10.934378636290198
10319	(-1, -1)	b' Bo'	-9.127946875858145
10320	(-1, -1)	b' island'	-11.051558885198911
10321	(-1, -1)	b' Energy'	-11.257178533012626
10322	(-1, -1)	b'\xe8\xae\xb0\xe5\xbf\x86'	-11.257178533012626
10323	(-1, -1)	b'ulated'	-11.042009300482563
10324	(-1, -1)	b' corporate'	-11.232629660091213
10325	(-1, -1)	b'bh'	-10.80442506501356
10326	(-1, -1)	b' Life'	-11.09156421981261
10327	(-1, -1)	b'sa'	-8.60472356069163
10328	(-1, -1)	b'\xe0\xa4\xa4\xe0\xa4\xbe'	-10.644704115944373
10329	(-1, -1)	b' Victor'	-11.15104967309879
10330	(-1, -1)	b'\xe5\xa4\xa9\xe7\x84\xb6'	-11.1348226000883
10331	(-1, -1)	b'Mar'	-10.6365441923744
10332	(-1, -1)	b' satisf'	-11.259487114261097
10333	(-1, -1)	b'\xe0\xa8\x97'	-10.529408393959793
10334	(-1, -1)	b'row'	-9.922474178175214
10335	(-1, -1)	b'\xe7\x9a\x84\xe7\x90\x83\xe9\x98\x9f'	-10.903505785239771
10336	(-1, -1)	b' involving'	-11.263346632753274
10337	(-1, -1)	b'\xe0\xaa\xa8\xe0\xab\x80'	-10.945948087973015
10338	(-1, -1)	b'\xe9\xbc\xbb'	-11.263604464390644
10339	(-1, -1)	b' gan'	-10.90422559811951
10340	(-1, -1)	b'\xe0\xa8\x9f'	-10.846857185328785
10341	(-1, -1)	b'\xe5\x8f\x91\xe8\xa8\x80\xe4\xba\xba'	-11.244449236896555
10342	(-1, -1)	b'itan'	-10.51381473278269
10343	(-1, -1)	b'\xe2\x86\x91'	-11.266445008585944
10344	(-1, -1)	b'\xe6\x8e\xa5\xe4\xb8\x8b\xe6\x9d\xa5'	-10.914175928972679
10345	(-1, -1)	b' Development'	-11.226896128243453
10346	(-1, -1)	b'\xe5\x88\x86\xe8\xbe\xa8\xe7\x8e\x87'	-10.967193196586752
10347	(-1, -1)	b'1.2'	-10.354040795401069
10348	(-1, -1)	b' Power'	-11.151971757073758
10349	(-1, -1)	b'\xe6\xb9\xbf'	-11.272410530103057
10350	(-1, -1)	b'\xe1\x89\x85'	-11.023179435909006
10351	(-1, -1)	b' lawmakers'	-11.273712105192443
10352	(-1, -1)	b'Probably'	-10.819692537144348
10353	(-1, -1)	b'kar'	-10.599763410416198
10354	(-1, -1)	b'.SUNDAY'	-11.27553716110249
10355	(-1, -1)	b' SO'	-10.938468621541723
10356	(-1, -1)	b' immigration'	-11.276842814767539
10357	(-1, -1)	b' festival'	-11.11196190036624
10358	(-1, -1)	b'gen'	-9.84777383316567
10359	(-1, -1)	b' quiet'	-11.22838866583396
10360	(-1, -1)	b' spirit'	-11.01570540859092
10361	(-1, -1)	b' Dallas'	-11.278150175393023
10362	(-1, -1)	b'\xe9\xa9\xbe\xe9\xa9\xb6'	-11.279459247448012
10363	(-1, -1)	b'\xe5\x8a\xa0\xe7\xb4\xa2\xe5\xb0\x94'	-11.279459247448012
10364	(-1, -1)	b' syn'	-10.762001226076636
10365	(-1, -1)	b' gal'	-10.533997549300699
10366	(-1, -1)	b'Okay'	-11.085719414776593
10367	(-1, -1)	b'\xe8\xa1\xa5\xe5\x81\xbf'	-11.281819904281985
10368	(-1, -1)	b' plastic'	-11.19364936045033
10369	(-1, -1)	b'po'	-8.752840247724404
10370	(-1, -1)	b'\xd0\xb4\xd0\xb5'	-10.490454248463914
10371	(-1, -1)	b'2.3'	-10.641100008910259
10372	(-1, -1)	b' Hollywood'	-11.28287087652796
10373	(-1, -1)	b' innings'	-11.284186147005615
10374	(-1, -1)	b' Van'	-11.102698490499183
10375	(-1, -1)	b' celebrate'	-10.667742078226691
10376	(-1, -1)	b'First'	-11.262831168824334
10377	(-1, -1)	b'\xe0\xb1\x88'	-11.289993977480783
10378	(-1, -1)	b'\xe5\xa5\x96\xe5\xad\xa6\xe9\x87\x91'	-11.279459247448012
10379	(-1, -1)	b' therap'	-11.29105358022893
10380	(-1, -1)	b'.MONDAY'	-11.291583802934884
10381	(-1, -1)	b'\xec\x97\x90\xec\x84\x9c'	-11.29105358022893
10382	(-1, -1)	b'jo'	-9.918099865200633
10383	(-1, -1)	b'\xec\x8a\xa4'	-11.133916187155181
10384	(-1, -1)	b' dance'	-10.95065132305611
10385	(-1, -1)	b'\xe7\xa9\xb7'	-11.293973290332264
10386	(-1, -1)	b' shift'	-10.60082610977232
10387	(-1, -1)	b' commitment'	-11.109085473999759
10388	(-1, -1)	b' exercise'	-11.003305249701922
10389	(-1, -1)	b'IXUS'	-11.245208442298074
10390	(-1, -1)	b' wedding'	-11.180037209972042
10391	(-1, -1)	b'\xe4\xb8\x80\xe7\xb3\xbb\xe5\x88\x97'	-10.671301054152115
10392	(-1, -1)	b'\xe1\x89\xa2'	-11.038503057847496
10393	(-1, -1)	b'\xe6\xb7\x98\xe6\xb1\xb0'	-11.295835735995006
10394	(-1, -1)	b'van'	-9.821581712630131
10395	(-1, -1)	b' ridiculous'	-11.116848627105503
10396	(-1, -1)	b' renew'	-11.297968501399554
10397	(-1, -1)	b' opposite'	-11.272670709628397
10398	(-1, -1)	b'Sunny'	-11.164737394048295
10399	(-1, -1)	b'\xe8\xb1\xaa\xe5\xae\x85'	-11.29850240424192
10400	(-1, -1)	b' awful'	-11.225405815001894
10401	(-1, -1)	b'\xe8\x92\x8b'	-11.299571065845095
10402	(-1, -1)	b' Community'	-11.299838409784662
10403	(-1, -1)	b'\xe0\xae\xaf'	-10.384296621400285
10404	(-1, -1)	b'\xea\xb5\xad'	-11.03070974522863
10405	(-1, -1)	b'\xe6\x90\xba\xe5\xb8\xa6'	-11.28444940882101
10406	(-1, -1)	b' Avenue'	-11.282608029897455
10407	(-1, -1)	b'which'	-11.293973290332264
10408	(-1, -1)	b'\xe7\x88\xb1\xe5\xb0\x94\xe5\x85\xb0'	-11.302515787555379
10409	(-1, -1)	b' proposal'	-10.951594630361226
10410	(-1, -1)	b' Bu'	-9.911807589268985
10411	(-1, -1)	b'l\xe1\xba\xb9'	-10.570457283830699
10412	(-1, -1)	b'\xe4\xb8\x9c\xe5\x8c\x97'	-11.155205763126409
10413	(-1, -1)	b' Capital'	-11.091781351503833
10414	(-1, -1)	b' Jesus'	-11.305200352926049
10415	(-1, -1)	b'\xe5\xa9\x9a\xe5\xa7\xbb'	-11.305200352926049
10416	(-1, -1)	b' pattern'	-11.303857169379581
10417	(-1, -1)	b' technical'	-10.88408769938267
10418	(-1, -1)	b' Chelsea'	-11.249267301244236
10419	(-1, -1)	b' wheel'	-10.967768515425135
10420	(-1, -1)	b'zo'	-9.998685517269292
10421	(-1, -1)	b' Saudi'	-11.09897327527854
10422	(-1, -1)	b'\xe5\x9c\xa3\xe8\xaf\x9e'	-11.308970893347936
10423	(-1, -1)	b' Bob'	-11.089828861459543
10424	(-1, -1)	b'\xec\x9d\xb8'	-10.970265395623722
10425	(-1, -1)	b'\xe4\xb8\x80\xe5\x9d\x97'	-10.537484476868595
10426	(-1, -1)	b'2.7'	-10.795827396674008
10427	(-1, -1)	b' shirt'	-11.045942645787619
10428	(-1, -1)	b' Detroit'	-11.258203911210643
10429	(-1, -1)	b' honor'	-10.802471939392678
10430	(-1, -1)	b' conflict'	-10.961458139766421
10431	(-1, -1)	b'\xe4\xb8\x80\xe6\xae\xb5\xe6\x97\xb6\xe9\x97\xb4'	-11.036857305573136
10432	(-1, -1)	b'lock'	-9.872743444747627
10433	(-1, -1)	b' analy'	-10.548018810553554
10434	(-1, -1)	b' package'	-10.91235939804628
10435	(-1, -1)	b' anticip'	-11.315467938400218
10436	(-1, -1)	b'Sounds'	-10.90801313984637
10437	(-1, -1)	b' calcul'	-11.21577254302479
10438	(-1, -1)	b' newspaper'	-11.0967884371798
10439	(-1, -1)	b' Attorney'	-11.283396777144866
10440	(-1, -1)	b'fin'	-9.992083875534437
10441	(-1, -1)	b' flow'	-10.45652095881692
10442	(-1, -1)	b' Stephen'	-10.974891464012504
10443	(-1, -1)	b'Could'	-11.316826818891968
10444	(-1, -1)	b' Clinton'	-11.304662862991044
10445	(-1, -1)	b' relatively'	-11.319550132121915
10446	(-1, -1)	b' Dev'	-10.786022608651873
10447	(-1, -1)	b'\x95\xe1\x80\xab\xe1\x80\x90\xe1\x80\x9a\xe1\x80\xba'	-11.314110901959097
10448	(-1, -1)	b' Ontario'	-11.3225543676192
10449	(-1, -1)	b' Lu'	-9.975305680268283
10450	(-1, -1)	b' severe'	-11.269034341985012
10451	(-1, -1)	b'\xe0\xaf\x8a'	-11.323101563255289
10452	(-1, -1)	b' circumstances'	-11.325019109384561
10453	(-1, -1)	b'Reporting'	-11.280770035419149
10454	(-1, -1)	b'\xe5\xae\x9e\xe8\xb7\xb5'	-11.325842041813392
10455	(-1, -1)	b'\xe0\xa4\xad'	-11.038297190631123
10456	(-1, -1)	b' sea'	-10.739458971563943
10457	(-1, -1)	b'\xe0\xa4\xb9\xe0\xa5\x80'	-10.647346125407212
10458	(-1, -1)	b' Fuck'	-11.0507248567936
10459	(-1, -1)	b' Scotland'	-11.330242488958213
10460	(-1, -1)	b' 2.'	-10.48926476337065
10461	(-1, -1)	b' defeat'	-10.750357843743284
10462	(-1, -1)	b' detail'	-10.762469793051238
10463	(-1, -1)	b'\xe6\x91\x98'	-11.3321737904276
10464	(-1, -1)	b' marijuana'	-11.32009568587249
10465	(-1, -1)	b' maintain'	-10.607359901934354
10466	(-1, -1)	b' enable'	-10.873383025784664
10467	(-1, -1)	b' surprising'	-11.335216248866315
10468	(-1, -1)	b'\xe6\x9c\xb4'	-11.336047619289701
10469	(-1, -1)	b' alternative'	-11.115068871352069
10470	(-1, -1)	b'DI'	-11.004299582089704
10471	(-1, -1)	b' SU'	-11.008286828201522
10472	(-1, -1)	b' incredibly'	-11.336602250474192
10473	(-1, -1)	b'\xe8\x8b\xb9\xe6\x9e\x9c'	-11.336879681465012
10474	(-1, -1)	b' franchise'	-11.199920485681508
10475	(-1, -1)	b' Dar'	-10.832177093806592
10476	(-1, -1)	b' Flynn'	-11.337712436544365
10477	(-1, -1)	b' determine'	-10.57783357091519
10478	(-1, -1)	b' involve'	-10.955566266787573
10479	(-1, -1)	b' iPhone'	-11.237390977192923
10480	(-1, -1)	b'Awesome'	-11.110633290781962
10481	(-1, -1)	b'\xe0\xa6\xa6'	-11.028872822577194
10482	(-1, -1)	b'\xe6\x91\x8a'	-11.341329077014555
10483	(-1, -1)	b'U.S'	-11.341607822660958
10484	(-1, -1)	b' bowl'	-10.964512743134271
10485	(-1, -1)	b' Er'	-10.468907526861665
10486	(-1, -1)	b' scheme'	-11.109969647355326
10487	(-1, -1)	b' vo'	-10.105753906150245
10488	(-1, -1)	b' province'	-11.139367029631524
10489	(-1, -1)	b'ipped'	-10.195626853054796
10490	(-1, -1)	b'\xe5\xb9\xb4\xe4\xbb\xa5\xe6\x9d\xa5'	-11.072425908550878
10491	(-1, -1)	b' optim'	-11.157986117095447
10492	(-1, -1)	b' extended'	-11.343561220798495
10493	(-1, -1)	b' bullshit'	-11.334939278915783
10494	(-1, -1)	b' knife'	-11.297701656834928
10495	(-1, -1)	b'\xe9\x9d\xa2\xe7\xa9\x8d'	-11.343002717572583
10496	(-1, -1)	b'Meanwhile'	-11.010686829353522
10497	(-1, -1)	b' diplom'	-11.250284595329934
10498	(-1, -1)	b' drama'	-10.680038487092755
10499	(-1, -1)	b' warrant'	-11.052602399850631
10500	(-1, -1)	b'\xe5\x8e\xa8\xe6\x88\xbf'	-11.252067353983689
10501	(-1, -1)	b'\xe0\xae\x9f\xe0\xaf\x8d\xe0\xae\x9f'	-10.887622521020162
10502	(-1, -1)	b'\xe6\xa4\x85'	-11.346358425419556
10503	(-1, -1)	b' \xe0\xa4\xb5\xe0\xa4\xbf\xe0\xa4'	-11.083132648945302
10504	(-1, -1)	b' volume'	-11.075198652142385
10505	(-1, -1)	b'ses'	-9.915953365852193
10506	(-1, -1)	b' pin'	-11.005494087507467
10507	(-1, -1)	b' dedicated'	-11.348882616915462
10508	(-1, -1)	b'\xe7\x9e\xac\xe9\x97\xb4'	-11.349163476347165
10509	(-1, -1)	b' sanctions'	-11.350006528244785
10510	(-1, -1)	b' prize'	-11.052184863310119
10511	(-1, -1)	b' admit'	-11.080337849748954
10512	(-1, -1)	b' Su'	-9.743553104328297
10513	(-1, -1)	b'rat'	-10.494987239644717
10514	(-1, -1)	b'\xe6\x89\x93\xe5\x87\xba'	-10.879335424311959
10515	(-1, -1)	b' industrial'	-11.334662385656365
10516	(-1, -1)	b'\xe0\xaa\xaa'	-11.033983740377403
10517	(-1, -1)	b'\xe9\x9d\x92\xe7\x9d\x90'	-11.356210721862567
10518	(-1, -1)	b' clothes'	-11.35536242547351
10519	(-1, -1)	b' resolution'	-11.16684191955321
10520	(-1, -1)	b' Wilson'	-11.354514848081337
10521	(-1, -1)	b' \xe1\x8b\x93'	-11.359043584946871
10522	(-1, -1)	b' structure'	-10.932525067640874
10523	(-1, -1)	b'\xe5\x87\xaf\xe5\xb0\x94\xe7\x89\xb9\xe4\xba\xba'	-11.204528229980339
10524	(-1, -1)	b' upgrade'	-10.857451952921505
10525	(-1, -1)	b' \xe0\xa8\xa8\xe0\xa9\x82\xe0\xa9\xb0'	-11.360178981038189
10526	(-1, -1)	b'Con'	-10.173798241434948
10527	(-1, -1)	b'\xda\x81'	-10.801496805234471
10528	(-1, -1)	b'abilities'	-11.01610798508589
10529	(-1, -1)	b'\xe4\xba\x8c\xe6\x89\x8b\xe6\x88\xbf'	-11.266445008585944
10530	(-1, -1)	b' Putin'	-11.335770419010727
10531	(-1, -1)	b' congress'	-11.361315667719259
10532	(-1, -1)	b' approval'	-11.256666237919454
10533	(-1, -1)	b'\xe0\xae\xae\xe0\xaf\x8d'	-10.998546168738669
10534	(-1, -1)	b'\xe4\xb8\x87\xe6\x9c\x89\xe6\x95\x88\xe5\x83\x8f\xe7\xb4\xa0'	-11.360747162871656
10535	(-1, -1)	b' deploy'	-11.362169031446198
10536	(-1, -1)	b'\xd0\xbe\xd0\xb7'	-11.015101847562638
10537	(-1, -1)	b' \xe0\xa8\xb5\xe0\xa8\xbf\xe0\xa9\xb1\xe0\xa8\x9a'	-11.364163050053063
10538	(-1, -1)	b' Zealand'	-11.340493305967158
10539	(-1, -1)	b' cooper'	-11.361600041388174
10540	(-1, -1)	b'een'	-9.799153570498486
10541	(-1, -1)	b' shoes'	-11.35819288306656
10542	(-1, -1)	b'\xe5\xb0\xbf'	-11.366732644614693
10543	(-1, -1)	b' appropriate'	-11.194852295757183
10544	(-1, -1)	b'\xe0\xae\xb0\xe0\xaf\x8d'	-10.236696300564862
10545	(-1, -1)	b' chemical'	-11.34244452609842
10546	(-1, -1)	b'\xe9\x81\x97\xe6\x86\xbe'	-11.367876809499238
10547	(-1, -1)	b'\xe5\xbe\xaa\xe7\x8e\xaf'	-11.368449383233749
10548	(-1, -1)	b'bb'	-9.05133687806367
10549	(-1, -1)	b' Ministry'	-11.369308859006466
10550	(-1, -1)	b'wi'	-10.254585531941576
10551	(-1, -1)	b' angry'	-11.370455976998617
10552	(-1, -1)	b' perspective'	-11.2411659911135
10553	(-1, -1)	b'shire'	-10.65069340886727
10554	(-1, -1)	b' Tour'	-10.957083429983955
10555	(-1, -1)	b'\xec\x9e\x90'	-11.036240846085823
10556	(-1, -1)	b' Colorado'	-11.373329542194348
10557	(-1, -1)	b'vy'	-10.530646630868869
10558	(-1, -1)	b' \xe0\xaa\xb9\xe0\xaa\xa4'	-11.374769427252335
10559	(-1, -1)	b' disagree'	-11.053020110800732
10560	(-1, -1)	b' inflation'	-11.375345962292808
10561	(-1, -1)	b' Education'	-11.315467938400218
10562	(-1, -1)	b' rival'	-10.916177931643352
10563	(-1, -1)	b'\xe0\xa4\xb2\xe0\xa4\xbe'	-10.0418180860431
10564	(-1, -1)	b' instruct'	-11.35395019532777
10565	(-1, -1)	b'\xe1\x80\xad\xe1\x80\xaf\xe1\x80\x84\xe1\x80\xba\xe1\x80'	-11.106437634853453
10566	(-1, -1)	b'\xe6\xbc\x94\xe7\xbb\x8e'	-11.3721791250413
10567	(-1, -1)	b' wealth'	-11.379680602803248
10568	(-1, -1)	b'\xe8\x8a\x82\xe5\xa5\x8f'	-11.379970247989922
10569	(-1, -1)	b' Madrid'	-11.37765543214147
10570	(-1, -1)	b'star'	-10.5976413937048
10571	(-1, -1)	b' counsel'	-11.261286369341018
10572	(-1, -1)	b' journey'	-11.288406675560212
10573	(-1, -1)	b'\xe6\x97\xa0\xe5\xa5\x88'	-11.382580836854718
10574	(-1, -1)	b' declared'	-11.38316189439576
10575	(-1, -1)	b'\xe6\x97\xa8'	-11.383743289760975
10576	(-1, -1)	b' Little'	-11.375345962292808
10577	(-1, -1)	b' CNN'	-11.384325023343408
10578	(-1, -1)	b' eu'	-10.419812336693335
10579	(-1, -1)	b'\xe6\xb3\xa1\xe6\xb2\xab'	-11.38519825873582
10580	(-1, -1)	b' currency'	-11.38519825873582
10581	(-1, -1)	b' fo'	-9.722625417372598
10582	(-1, -1)	b' strange'	-10.879335424311959
10583	(-1, -1)	b' m\xe1\xbb\x99t'	-11.38607225733479
10584	(-1, -1)	b' Royal'	-11.148288511657462
10585	(-1, -1)	b'About'	-10.749123846980185
10586	(-1, -1)	b' suppose'	-11.384034114250447
10587	(-1, -1)	b'\xe6\xb4\x9b\xe6\x9d\x89\xe7\x9f\xb6'	-11.388991115215637
10588	(-1, -1)	b' Gar'	-10.18610045129333
10589	(-1, -1)	b'1.4'	-10.489383648230804
10590	(-1, -1)	b' midnight'	-11.388991115215637
10591	(-1, -1)	b' ceremony'	-11.39045374528478
10592	(-1, -1)	b'\xe4\xb8\x80\xe7\xad\x89\xe5\xa5\x96'	-11.277104150193043
10593	(-1, -1)	b' necessarily'	-11.39074652818835
10594	(-1, -1)	b' Lo'	-9.618602295323305
10595	(-1, -1)	b'\xe3\x81\x99\xe3\x82\x8b'	-11.391625391581671
10596	(-1, -1)	b'\xd1\x82\xd0\xb8'	-9.282976524757066
10597	(-1, -1)	b'chi'	-9.873449591462894
10598	(-1, -1)	b' accurate'	-11.157522187604409
10599	(-1, -1)	b'\xe9\x9b\xb7\xe9\x9c\x86'	-11.393385438970608
10600	(-1, -1)	b'2.8'	-10.850262603229027
10601	(-1, -1)	b'\xe6\xb6\xb2\xe6\x99\xb6\xe5\xb1\x8f'	-11.272670709628397
10602	(-1, -1)	b'\xe6\x91\x84\xe5\x83\x8f\xe6\x9c\xba'	-11.391918517774595
10603	(-1, -1)	b' approximately'	-11.395442750497125
10604	(-1, -1)	b'\xe6\xb0\x94\xe6\xb0\x9b'	-11.395736997961363
10605	(-1, -1)	b'\xe8\xa2\x81'	-11.396325752762003
10606	(-1, -1)	b'\xe5\x9f\x8b'	-11.397209535409011
10607	(-1, -1)	b' monitor'	-10.660097646889245
10608	(-1, -1)	b'\xe5\xb0\x8e'	-11.397799158067603
10609	(-1, -1)	b' manufacturing'	-11.398684244421295
10610	(-1, -1)	b' Far'	-10.660803014767824
10611	(-1, -1)	b' Brexit'	-11.363023124024808
10612	(-1, -1)	b' crap'	-11.13709223338215
10613	(-1, -1)	b'\xe8\xaf\xa2\xe9\x97\xae'	-11.401048311716176
10614	(-1, -1)	b' investigating'	-11.401048311716176
10615	(-1, -1)	b'\xe0\xb0\xa8\xe0\xb0\xbf'	-10.493195445579955
10616	(-1, -1)	b'\xd9\x86\xd8\xa7'	-10.533251929780631
10617	(-1, -1)	b' barely'	-11.403417981071495
10618	(-1, -1)	b' Girl'	-11.401344213478952
10619	(-1, -1)	b' possession'	-11.280507740335677
10620	(-1, -1)	b'\xe6\x9c\xb5'	-11.404308056786688
10621	(-1, -1)	b'Exactly'	-11.30735320628715
10622	(-1, -1)	b' annoying'	-11.40519892544249
10623	(-1, -1)	b'\xe0\xa9\x8d\xe0\xa8\xb9'	-12.09183142498124
10624	(-1, -1)	b' Patriots'	-11.40638798622468
10625	(-1, -1)	b' hockey'	-11.400752497485355
10626	(-1, -1)	b'Pretty'	-10.919097109049323
10627	(-1, -1)	b'NG'	-10.541860304317233
10628	(-1, -1)	b' recover'	-10.377044803334453
10629	(-1, -1)	b' anti-'	-10.410979332371179
10630	(-1, -1)	b' IGN'	-11.410560868583875
10631	(-1, -1)	b'stone'	-10.652931172038848
10632	(-1, -1)	b'\xe8\xbe\xbd\xe5\xae\x81'	-11.41115841864647
10633	(-1, -1)	b'quir'	-10.105348933075419
10634	(-1, -1)	b' aggressive'	-11.388991115215637
10635	(-1, -1)	b' deserve'	-10.67030326346282
10636	(-1, -1)	b'\xe5\xa4\xa7\xe5\x8e\xa6'	-11.400752497485355
10637	(-1, -1)	b'\xd1\x82\xd1\x8c'	-10.441902151192403
10638	(-1, -1)	b' depend'	-10.335623689628925
10639	(-1, -1)	b' establish'	-10.542612372540196
10640	(-1, -1)	b'\xe5\x8d\x8e\xe7\x9b\x9b\xe9\xa1\xbf'	-11.414151536714604
10641	(-1, -1)	b' argue'	-10.694821364995336
10642	(-1, -1)	b' hilarious'	-11.347759967344844
10643	(-1, -1)	b' Austin'	-11.407280710580949
10644	(-1, -1)	b'list'	-10.769367453256832
10645	(-1, -1)	b' DO'	-11.122206978841122
10646	(-1, -1)	b'Although'	-10.657281140309722
10647	(-1, -1)	b'type'	-10.929935830018994
10648	(-1, -1)	b'.TUESDAY'	-11.418658078816494
10649	(-1, -1)	b'\xe6\xb0\x9b\xe5\x9b\xb4'	-11.418959238282707
10650	(-1, -1)	b' regardless'	-11.41956182944285
10651	(-1, -1)	b'\xe6\x81\x90\xe6\x80\x96'	-11.421069897893345
10652	(-1, -1)	b' auto'	-10.516132230923052
10653	(-1, -1)	b' \xe1\xb9\xa3e'	-11.326116503184677
10654	(-1, -1)	b'\xe3\x81\xa3\xe3\x81\x9f'	-11.426214409163878
10655	(-1, -1)	b' \xd0\xb1\xd1\x83'	-11.073917968936392
10656	(-1, -1)	b' broadcast'	-11.115513513422533
10657	(-1, -1)	b' valid'	-11.397504303281448
10658	(-1, -1)	b'\xe5\x9b\x8a'	-11.428036456433823
10659	(-1, -1)	b'Ha'	-10.426600322474595
10660	(-1, -1)	b' fraud'	-11.412055413773142
10661	(-1, -1)	b' occup'	-11.430166382691649
10662	(-1, -1)	b' \xe0\xa4\x86\xe0\xa4\xb9\xe0\xa5\x87'	-11.426517853256634
10663	(-1, -1)	b'\xd0\xba\xd1\x82'	-10.875654761143483
10664	(-1, -1)	b'\xe4\xbb\xb0'	-11.431080598815052
10665	(-1, -1)	b'6.'	-10.143142209755663
10666	(-1, -1)	b'\xe4\xba\x92\xe8\x81\x94\xe7\xbd\x91'	-11.30278392001442
10667	(-1, -1)	b' village'	-11.03603544401054
10668	(-1, -1)	b'\xe5\x88\x86\xe6\xad\xa7'	-11.416853024174763
10669	(-1, -1)	b'\xd0\xbb\xd0\xb5'	-10.05628502288275
10670	(-1, -1)	b'\xe7\x9a\x84\xe4\xb8\xa4'	-11.030914056190625
10671	(-1, -1)	b'\xe4\xba\xba\xe9\x83\xbd'	-10.829333569267888
10672	(-1, -1)	b'\xd0\xbd\xd0\xb8\xd0\xbd\xd0\xb3'	-10.93790991028778
10673	(-1, -1)	b' immediate'	-11.434745844213348
10674	(-1, -1)	b' \xd8\xa8\xd8\xa7'	-10.69803868277496
10675	(-1, -1)	b' Jersey'	-11.43077576723214
10676	(-1, -1)	b' retired'	-11.437196825832487
10677	(-1, -1)	b' Oregon'	-11.35479729406542
10678	(-1, -1)	b' \xec\x88\x98'	-11.43781051103125
10679	(-1, -1)	b'Holy'	-10.988116083040811
10680	(-1, -1)	b' high-'	-10.517109628679542
10681	(-1, -1)	b' Italian'	-11.361315667719259
10682	(-1, -1)	b' Daniel'	-11.077122757492814
10683	(-1, -1)	b'\xe9\xa9\xac\xe8\x8b\xb1\xe4\xb9\x9d'	-11.44057676452414
10684	(-1, -1)	b'ding'	-9.520409553014087
10685	(-1, -1)	b' license'	-11.02034485211188
10686	(-1, -1)	b' struggle'	-10.658829237163834
10687	(-1, -1)	b'thunderstorms'	-11.441192528090395
10688	(-1, -1)	b'Actually'	-11.158450261916961
10689	(-1, -1)	b'5.'	-10.14760932494257
10690	(-1, -1)	b' Minnesota'	-11.359043584946871
10691	(-1, -1)	b'Despite'	-11.037679843147785
10692	(-1, -1)	b'\xe0\xa5\x8d\xe0\xa4\xb9'	-11.475019743351288
10693	(-1, -1)	b'sters'	-10.682775649357744
10694	(-1, -1)	b' stolen'	-11.443042097051693
10695	(-1, -1)	b' conservative'	-11.174596628840604
10696	(-1, -1)	b'_tmr'	-11.443350691406867
10697	(-1, -1)	b' earn'	-10.958792994461485
10698	(-1, -1)	b'\xe0\xae\xaa\xe0\xaf\x8d\xe0\xae\xaa'	-10.751902484149255
10699	(-1, -1)	b' struggling'	-11.44737110814128
10700	(-1, -1)	b'\xe5\xbc\x95\xe6\x93\x8e'	-11.447991070963369
10701	(-1, -1)	b' Pa'	-9.92078948489627
10702	(-1, -1)	b' description'	-11.319550132121915
10703	(-1, -1)	b' custody'	-11.44892173645632
10704	(-1, -1)	b' therefore'	-11.449542661654787
10705	(-1, -1)	b'\xe5\x88\xa5'	-11.449853268894433
10706	(-1, -1)	b'\xe7\xa9\xb4'	-11.450474772954214
10707	(-1, -1)	b'\xd8\xa7\xd8\xa1'	-11.450474772954214
10708	(-1, -1)	b' parliament'	-11.43842457307081
10709	(-1, -1)	b' guide'	-10.729130811711684
10710	(-1, -1)	b' horrible'	-11.448301196566723
10711	(-1, -1)	b'7.'	-10.22284858512972
10712	(-1, -1)	b' suicide'	-11.381419733676376
10713	(-1, -1)	b' \xd8\xb9\xd9\x84\xd9\x89'	-11.454836150584082
10714	(-1, -1)	b'\xe5\x88\x87\xe5\xb0\x94\xe8\xa5\xbf'	-11.455773211405424
10715	(-1, -1)	b'\xe0\xa4\x95\xe0\xa5\x8d\xe0\xa4\xb7'	-11.149438069204448
10716	(-1, -1)	b'\xd9\xbc'	-10.883205942866674
10717	(-1, -1)	b'pat'	-10.498580488210843
10718	(-1, -1)	b' constantly'	-11.457649971418283
10719	(-1, -1)	b'mal'	-10.060457168315075
10720	(-1, -1)	b'\xe0\xb9\x82'	-11.257178533012626
10721	(-1, -1)	b' Music'	-11.262315970461573
10722	(-1, -1)	b' advis'	-10.39138580253997
10723	(-1, -1)	b' Network'	-11.29105358022893
10724	(-1, -1)	b' promise'	-10.586574087065118
10725	(-1, -1)	b'\xd9\x85\xdb\x8c'	-11.009286128774336
10726	(-1, -1)	b'\xe1\xbb\x8dr\xe1\xbb\x8d'	-11.096570215684117
10727	(-1, -1)	b' Weinstein'	-11.460157809723247
10728	(-1, -1)	b' ng\xc6\xb0\xe1\xbb\x9di'	-11.46141409129551
10729	(-1, -1)	b' proceed'	-11.123999495565764
10730	(-1, -1)	b"'a"	-10.936049790703821
10731	(-1, -1)	b' soldiers'	-11.463616388866448
10732	(-1, -1)	b' \xea\xb7\xb8'	-11.464561717438503
10733	(-1, -1)	b' Kansas'	-11.463931399106887
10734	(-1, -1)	b' Ca'	-10.34597373334675
10735	(-1, -1)	b'\xe6\x8b\x93\xe5\xb1\x95'	-11.463616388866448
10736	(-1, -1)	b' Champions'	-11.466455059752283
10737	(-1, -1)	b' tackle'	-11.040976775868375
10738	(-1, -1)	b' chicken'	-11.326116503184677
10739	(-1, -1)	b' idiot'	-11.155668618955085
10740	(-1, -1)	b' c\xc3\xa1c'	-11.245968224530394
10741	(-1, -1)	b'\xe0\xb0\xbf\xe0\xb0\x82\xe0\xb0\x9a'	-11.468985105377653
10742	(-1, -1)	b' task'	-11.029076758542008
10743	(-1, -1)	b'\xe8\xaf\x81\xe7\x9b\x91\xe4\xbc\x9a'	-11.387238778318633
10744	(-1, -1)	b' gy'	-10.828165052316633
10745	(-1, -1)	b' storage'	-11.462357339282438
10746	(-1, -1)	b' \xe0\xaa\xa4\xe0\xab\x87'	-11.275276234812686
10747	(-1, -1)	b' elimin'	-11.32036857439922
10748	(-1, -1)	b' disappointed'	-11.472156690655947
10749	(-1, -1)	b'\xe9\x94\xbb\xe7\x82\xbc'	-11.472474403128833
10750	(-1, -1)	b'\xe5\x9e\x83\xe5\x9c\xbe'	-11.472792216575018
10751	(-1, -1)	b' Matthew'	-11.473428146644144
10752	(-1, -1)	b' surface'	-11.166607864549215
10753	(-1, -1)	b'TI'	-10.150655012576127
10754	(-1, -1)	b'\xe4\xbb\x87'	-11.475019743351288
10755	(-1, -1)	b'MI'	-10.973539982003535
10756	(-1, -1)	b' combat'	-11.315196383748175
10757	(-1, -1)	b'_taboola'	-12.171677379087985
10758	(-1, -1)	b'Dude'	-11.220207140092656
10759	(-1, -1)	b' compete'	-11.05176750103361
10760	(-1, -1)	b'0.5'	-10.622592386254274
10761	(-1, -1)	b'El'	-11.067751016908979
10762	(-1, -1)	b'\xe8\xb7\x9f\xe8\xb8\xaa'	-11.481732250575519
10763	(-1, -1)	b' unlikely'	-11.482694868971688
10764	(-1, -1)	b'North'	-11.30816172270365
10765	(-1, -1)	b' deputy'	-11.483337129751632
10766	(-1, -1)	b'\xe6\x97\x97\xe8\x88\xb0'	-11.483979803295604
10767	(-1, -1)	b'\xd1\x89'	-11.032959464962646
10768	(-1, -1)	b'\xeb\x82\x98'	-11.106217297736775
10769	(-1, -1)	b'ku'	-9.409290777709836
10770	(-1, -1)	b'.WEDNESDAY'	-11.484944588705703
10771	(-1, -1)	b'NC'	-10.516620810388005
10772	(-1, -1)	b' empty'	-11.485910305825662
10773	(-1, -1)	b' Financial'	-11.480770557922462
10774	(-1, -1)	b'\xe9\xba\xbb\xe7\x83\xa6'	-11.486876956456756
10775	(-1, -1)	b' Anthony'	-11.486876956456756
10776	(-1, -1)	b' Festival'	-11.471839079092216
10777	(-1, -1)	b'\xe5\xb9\xb6\xe9\x9d\x9e\xe6\xad\xa3\xe5\xbc\x8f\xe7\x9a\x84\xe6\x96\xb0\xe9\x97\xbb\xe6\x8a\xa5\xe9\x81\x93'	-11.48978252750817
10778	(-1, -1)	b'\xe4\xbb\xa5\xe6\xb2\xaa\xe6\xb7\xb1\xe4\xba\xa4\xe6\x98\x93\xe6\x89\x80\xe7\x9a\x84\xe5\x85\xac\xe5\x91\x8a\xe4\xb8\xba\xe5\x87\x86'	-11.48978252750817
10779	(-1, -1)	b'\xe4\xb8\x80\xe5\x88\x87\xe6\x9c\x89\xe5\x85\xb3\xe8\xaf\xa5\xe8\x82\xa1\xe7\x9a\x84\xe6\x9c\x89\xe6\x95\x88\xe4\xbf\xa1\xe6\x81\xaf'	-11.490105890485928
10780	(-1, -1)	b'\xe6\x95\xac\xe8\xaf\xb7\xe6\x8a\x95\xe8\xb5\x84\xe8\x80\x85\xe6\xb3\xa8\xe6\x84\x8f\xe9\xa3\x8e\xe9\x99\xa9'	-11.490105890485928
10781	(-1, -1)	b' regulations'	-11.490105890485928
10782	(-1, -1)	b' yo'	-10.87233627062977
10783	(-1, -1)	b' corruption'	-11.48978252750817
10784	(-1, -1)	b' bottle'	-10.91326725103646
10785	(-1, -1)	b' recall'	-10.871987595591369
10786	(-1, -1)	b' terrorism'	-11.493669801596573
10787	(-1, -1)	b'fa'	-9.850657124620346
10788	(-1, -1)	b'\xe5\xa4\x96\xe4\xba\xa4\xe9\x83\xa8'	-11.323922918537605
10789	(-1, -1)	b' NHL'	-11.49431915226874
10790	(-1, -1)	b'zer'	-10.583303759080117
10791	(-1, -1)	b'\xe6\x84\xa4'	-11.4959443760947
10792	(-1, -1)	b'\xec\x8b\x9c'	-10.988507702391813
10793	(-1, -1)	b' veteran'	-10.976244774997202
10794	(-1, -1)	b'\xe4\xbe\xbf\xe6\x90\xba'	-11.494968924871198
10795	(-1, -1)	b' promote'	-10.955566266787573
10796	(-1, -1)	b' finance'	-11.198953133731829
10797	(-1, -1)	b' suspended'	-11.498876451822929
10798	(-1, -1)	b'\xe6\x98\x93\xe5\xbb\xba\xe8\x81\x94'	-11.498876451822929
10799	(-1, -1)	b'\xe9\x98\xbf\xe6\xa0\xb9\xe5\xbb\xb7'	-11.500182361247829
10800	(-1, -1)	b'\xe8\x96\x87'	-11.500509105246815
10801	(-1, -1)	b'\xe6\x96\xb0\xe6\xb5\xaa\xe4\xb8\x8d\xe4\xbf\x9d\xe8\xaf\x81\xe5\x85\xb6\xe7\x9c\x9f\xe5\xae\x9e\xe6\x80\xa7\xe5\x92\x8c\xe5\xae\xa2\xe8\xa7\x82\xe6\x80\xa7'	-11.50181714990683
10802	(-1, -1)	b' premium'	-11.50181714990683
10803	(-1, -1)	b' error'	-10.931969666349175
10804	(-1, -1)	b'\xe6\x9c\xac\xe6\x96\x87\xe5\xb1\x9e\xe4\xba\x8e\xe7\xa0\x94\xe7\xa9\xb6\xe6\x8a\xa5\xe5\x91\x8a\xe6\xa0\x8f\xe7\x9b\xae'	-11.502144428587545
10805	(-1, -1)	b'\xe4\xbb\x85\xe4\xb8\xba\xe5\x88\x86\xe6\x9e\x90\xe4\xba\xba\xe5\xa3\xab\xe5\xaf\xb9\xe4\xb8\x80\xe5\x8f\xaa\xe8\x82\xa1\xe7\xa5\xa8\xe7\x9a\x84\xe4\xb8\xaa\xe4\xba\xba\xe8\xa7\x82\xe7\x82\xb9\xe5\x92\x8c\xe7\x9c\x8b\xe6\xb3\x95'	-11.502144428587545
10806	(-1, -1)	b' finger'	-10.881796747636114
10807	(-1, -1)	b' yellow'	-11.455773211405424
10808	(-1, -1)	b'\xe2\x97\x8f'	-11.503126907788893
10809	(-1, -1)	b' \xe0\xa4\x94\xe0\xa4\xb0'	-11.503126907788893
10810	(-1, -1)	b'1.6'	-10.649157846340369
10811	(-1, -1)	b' folks'	-11.501489978302406
10812	(-1, -1)	b' input'	-11.504438383386704
10813	(-1, -1)	b' Georgia'	-11.373329542194348
10814	(-1, -1)	b' nas'	-11.165672191966332
10815	(-1, -1)	b'\xe8\x94\xac\xe8\x8f\x9c'	-11.505423120049244
10816	(-1, -1)	b'zy'	-10.56723915657631
10817	(-1, -1)	b'gi'	-9.534631570677632
10818	(-1, -1)	b' beauty'	-11.503126907788893
10819	(-1, -1)	b'\xe8\xa3\x85\xe6\x89\xae'	-11.49431915226874
10820	(-1, -1)	b'\xe5\xbf\x8c'	-11.508053835147493
10821	(-1, -1)	b' sharp'	-11.233129785132896
10822	(-1, -1)	b'\xe5\xae\x89\xe5\xbe\xbd'	-11.508053835147493
10823	(-1, -1)	b'\xe9\x9c\x87\xe6\x92\xbc'	-11.506737612515876
10824	(-1, -1)	b' numerous'	-11.508053835147493
10825	(-1, -1)	b'See'	-11.09156421981261
10826	(-1, -1)	b' Social'	-11.50345461547657
10827	(-1, -1)	b' Buhari'	-11.505094766738134
10828	(-1, -1)	b' Tennessee'	-11.509042140284762
10829	(-1, -1)	b' Football'	-11.509042140284762
10830	(-1, -1)	b' Judge'	-11.45796310747846
10831	(-1, -1)	b' combination'	-11.39074652818835
10832	(-1, -1)	b'\xe2\x96\xa0'	-11.511351991171523
10833	(-1, -1)	b'\xe5\x8d\xa7\xe5\xae\xa4'	-11.487844542405492
10834	(-1, -1)	b' dozen'	-10.885500128996012
10835	(-1, -1)	b'\xe6\x97\xad'	-11.51168240584494
10836	(-1, -1)	b'ui'	-10.771887536493209
10837	(-1, -1)	b'Google'	-11.500509105246815
10838	(-1, -1)	b'\xe7\x85\xa4\xe7\x82\xad'	-11.516319711273457
10839	(-1, -1)	b' util'	-10.924961153707315
10840	(-1, -1)	b' Diego'	-11.518646453223933
10841	(-1, -1)	b' Catholic'	-11.417454347103286
10842	(-1, -1)	b' Fal'	-11.028872822577194
10843	(-1, -1)	b' \xea\xb2\x83'	-11.519978454752874
10844	(-1, -1)	b'NO'	-10.276445364555382
10845	(-1, -1)	b'President'	-11.387822549496915
10846	(-1, -1)	b'1.8'	-10.739306311461364
10847	(-1, -1)	b' Metro'	-11.249013139341738
10848	(-1, -1)	b' privacy'	-11.524319753940533
10849	(-1, -1)	b'\xec\x9c\xbc\xeb\xa1\x9c'	-11.524989322094106
10850	(-1, -1)	b' inspired'	-11.52565933886959
10851	(-1, -1)	b' heavily'	-11.526665206515169
10852	(-1, -1)	b'\xe5\xa5\xa5\xe6\x96\xaf\xe5\x8d\xa1'	-11.52700072069379
10853	(-1, -1)	b' prepare'	-11.318732359144624
10854	(-1, -1)	b'haha'	-10.676735072957644
10855	(-1, -1)	b'rr'	-9.196487136556529
10856	(-1, -1)	b' bitcoin'	-11.524989322094106
10857	(-1, -1)	b'thanks'	-11.51764861512351
10858	(-1, -1)	b' tea'	-10.96470396600511
10859	(-1, -1)	b' coordin'	-11.343281930194808
10860	(-1, -1)	b' au'	-11.087447650246716
10861	(-1, -1)	b' Video'	-11.292379664496988
10862	(-1, -1)	b' Atlanta'	-11.492696565510022
10863	(-1, -1)	b' Spanish'	-11.534072647793032
10864	(-1, -1)	b'\xe9\x9c\x8d\xe5\x8d\x8e\xe5\xbe\xb7'	-11.534410656922496
10865	(-1, -1)	b'hal'	-10.142889949926701
10866	(-1, -1)	b'\xd0\xb8\xd1\x98\xd0\xb5'	-11.453588100500086
10867	(-1, -1)	b' politicians'	-11.535425370353042
10868	(-1, -1)	b' Society'	-11.536779925250302
10869	(-1, -1)	b'cho'	-9.992156184728582
10870	(-1, -1)	b'\xe6\x94\x80\xe5\x8d\x87'	-11.538136317455546
10871	(-1, -1)	b' Olympic'	-10.930490102550506
10872	(-1, -1)	b'\xe6\x8c\x87\xe6\x8c\xa5'	-11.538136317455546
10873	(-1, -1)	b'\xe6\x98\x93\xe6\x96\xb9\xe8\xbe\xbe'	-11.541194943459418
10874	(-1, -1)	b' Executive'	-11.51466106103418
10875	(-1, -1)	b' Second'	-11.541194943459418
10876	(-1, -1)	b'1.1'	-10.558665298948041
10877	(-1, -1)	b' Warriors'	-11.541875910458835
10878	(-1, -1)	b' consecutive'	-11.541875910458835
10879	(-1, -1)	b'life'	-10.92110899815959
10880	(-1, -1)	b'\xe0\xa6\x87'	-10.903325912948613
10881	(-1, -1)	b' Academy'	-11.515324191031954
10882	(-1, -1)	b' smooth'	-11.374481284331454
10883	(-1, -1)	b' uncertain'	-11.543921598182127
10884	(-1, -1)	b'\x99\xe1\x80\xbe\xe1\x80\xac'	-11.306007129895988
10885	(-1, -1)	b'-related'	-11.53339697209165
10886	(-1, -1)	b'ration'	-9.571168719589961
10887	(-1, -1)	b'\xe0\xaf\x82'	-11.54597147932357
10888	(-1, -1)	b' untuk'	-11.546655707882596
10889	(-1, -1)	b'CBD'	-11.399570114846865
10890	(-1, -1)	b'\xe8\x87\xba\xe7\x81\xa3'	-11.547340404930914
10891	(-1, -1)	b' category'	-11.547682929339127
10892	(-1, -1)	b' encourage'	-10.738390839929622
10893	(-1, -1)	b' institutions'	-11.54836833032552
10894	(-1, -1)	b'equ'	-10.623407714469028
10895	(-1, -1)	b' buddy'	-11.52700072069379
10896	(-1, -1)	b'\xe9\x98\xbf\xe6\xa3\xae\xe7\xba\xb3'	-11.550427356447617
10897	(-1, -1)	b' Arsenal'	-11.54939731343809
10898	(-1, -1)	b' dia'	-10.283291074170858
10899	(-1, -1)	b'\xe9\x9b\xbb\xe8\xa6\x96'	-11.553179336168611
10900	(-1, -1)	b' ministry'	-11.553179336168611
10901	(-1, -1)	b'\xe7\xbb\xb4\xe7\x94\x9f\xe7\xb4\xa0'	-11.554213284218676
10902	(-1, -1)	b' Foreign'	-11.554213284218676
10903	(-1, -1)	b' kitchen'	-11.493669801596573
10904	(-1, -1)	b'unction'	-11.340771818710916
10905	(-1, -1)	b' FUCK'	-11.555593546687634
10906	(-1, -1)	b' opposed'	-11.555593546687634
10907	(-1, -1)	b'\xe5\xae\x87\xe5\xae\x99'	-11.556284393001812
10908	(-1, -1)	b' experiment'	-11.357342904264854
10909	(-1, -1)	b' entertainment'	-11.553868516071837
10910	(-1, -1)	b' Lewis'	-11.536779925250302
10911	(-1, -1)	b' cultural'	-11.469935525217927
10912	(-1, -1)	b' tradition'	-11.61389007950256
10913	(-1, -1)	b' efficient'	-11.5597458017884
10914	(-1, -1)	b'\xe8\xa1\xb0\xe9\x80\x80'	-11.560092602554839
10915	(-1, -1)	b' eclipse'	-11.45890310441435
10916	(-1, -1)	b'\xea\xb3\xbc'	-11.434745844213348
10917	(-1, -1)	b'\xe4\xbb\xb2'	-11.560439523633773
10918	(-1, -1)	b' terrorist'	-11.02500592043504
10919	(-1, -1)	b'\xe4\xba\x8c\xe7\xad\x89\xe5\xa5\x96'	-11.561481009581065
10920	(-1, -1)	b' Southeast'	-11.482053020425903
10921	(-1, -1)	b' stadium'	-11.562523581352304
10922	(-1, -1)	b'\xe7\x9d\xa1\xe7\x9c\xa0'	-11.56287134696179
10923	(-1, -1)	b' ci'	-10.415275676077082
10924	(-1, -1)	b'\xe8\xaf\x9e\xe7\x94\x9f'	-11.467086971305696
10925	(-1, -1)	b' genuine'	-11.561481009581065
10926	(-1, -1)	b'Look'	-10.469956416882658
10927	(-1, -1)	b' print'	-10.754998941182864
10928	(-1, -1)	b' \xc4\x91\xc6\xb0\xe1\xbb\xa3c'	-11.567053995095126
10929	(-1, -1)	b' Turkish'	-11.567403340076845
10930	(-1, -1)	b' g\xc3\xb6r'	-11.241922707002805
10931	(-1, -1)	b'\xe5\x85\xac\xe6\x96\xa4'	-11.568102396379343
10932	(-1, -1)	b' grant'	-10.68263140125075
10933	(-1, -1)	b' asshole'	-11.241670404743362
10934	(-1, -1)	b' pilot'	-11.262831168824334
10935	(-1, -1)	b'TO'	-10.151926791966671
10936	(-1, -1)	b'\xe1\x8b\x8e\xe1\x89\xbd'	-11.566006691805123
10937	(-1, -1)	b' harassment'	-11.56985217810313
10938	(-1, -1)	b' Ta'	-9.929920733029128
10939	(-1, -1)	b'\xe5\xb0\xb4\xe5\xb0\xac'	-11.574415991536195
10940	(-1, -1)	b' retirement'	-11.551802399634365
10941	(-1, -1)	b'\xe7\xa7\x98\xe4\xb9\xa6\xe9\x95\xbf'	-11.559052560859424
10942	(-1, -1)	b'\xe6\xa6\x82\xe7\x8e\x87'	-11.47853019852804
10943	(-1, -1)	b'\xe9\xa4\xa8'	-11.576529412541223
10944	(-1, -1)	b'NEW'	-11.136410802350671
10945	(-1, -1)	b' extrem'	-10.92312494312896
10946	(-1, -1)	b'\xe5\x8f\xb0\xe7\x81\xa3'	-11.57617686538439
10947	(-1, -1)	b' surrounding'	-11.421069897893345
10948	(-1, -1)	b' participate'	-11.182411943930596
10949	(-1, -1)	b'\xe8\x87\xaa\xe6\xb2\xbb\xe5\x8c\xba'	-11.548711207064692
10950	(-1, -1)	b' scientists'	-11.578294015081342
10951	(-1, -1)	b'\xe7\x94\xb7\xe5\xad\xa9'	-11.572307027661374
10952	(-1, -1)	b' grade'	-11.152202410978598
10953	(-1, -1)	b' \xc4\x91\xc3\xa3'	-11.579354273176778
10954	(-1, -1)	b' routine'	-11.485910305825662
10955	(-1, -1)	b'\xe5\xb7\xa9'	-11.582187136261082
10956	(-1, -1)	b'\xd0\xbc\xd0\xb0'	-9.568040903192264
10957	(-1, -1)	b'\xe6\x8e\x98\xe9\x87\x91'	-11.583606582915309
10958	(-1, -1)	b'\xec\x82\xac'	-10.756084970302096
10959	(-1, -1)	b' rush'	-10.735953671929664
10960	(-1, -1)	b'elle'	-10.598834473981539
10961	(-1, -1)	b' rebounds'	-11.58538372928671
10962	(-1, -1)	b' worries'	-11.58538372928671
10963	(-1, -1)	b'\xe5\x89\x8a\xe5\x87\x8f'	-11.587164039530835
10964	(-1, -1)	b' colleagues'	-11.588590573296289
10965	(-1, -1)	b' essential'	-10.934935377512707
10966	(-1, -1)	b' Broad'	-11.553868516071837
10967	(-1, -1)	b"Let's"	-10.92275810526718
10968	(-1, -1)	b'\xe2\x96\xa1'	-11.590376606991281
10969	(-1, -1)	b'\xe7\xb3\x9f\xe7\xb3\x95'	-11.59288242537783
10970	(-1, -1)	b'stitution'	-10.285518785877171
10971	(-1, -1)	b' extensive'	-11.593240912565753
10972	(-1, -1)	b'worth'	-11.181936545775695
10973	(-1, -1)	b' Wisconsin'	-11.594676147831857
10974	(-1, -1)	b'\xe1\x80\xae\xe1\x80'	-11.14347474878032
10975	(-1, -1)	b' escape'	-11.176013059672318
10976	(-1, -1)	b' pizza'	-11.474701221290942
10977	(-1, -1)	b' assuming'	-11.596832870450736
10978	(-1, -1)	b' consistent'	-11.022976698959502
10979	(-1, -1)	b' Barcelona'	-11.545629540527283
10980	(-1, -1)	b' Democrat'	-11.596473093508559
10981	(-1, -1)	b'cr'	-9.320941311029936
10982	(-1, -1)	b'\xe5\x92\x96\xe5\x95\xa1'	-11.602968966224003
10983	(-1, -1)	b' Bi'	-10.676018381176089
10984	(-1, -1)	b'\xd9\x85\xd8\xa7'	-10.202206994172146
10985	(-1, -1)	b'\xe4\xba\xa4\xe6\x88\x98\xe8\xbf\x87'	-11.602968966224003
10986	(-1, -1)	b'\xe5\x88\x86\xe6\xb3\x8c'	-11.600437777022279
10987	(-1, -1)	b' communication'	-11.006490599797205
10988	(-1, -1)	b' nu'	-10.082849084848704
10989	(-1, -1)	b' Assembly'	-11.604055725975956
10990	(-1, -1)	b' ourselves'	-11.604780889169444
10991	(-1, -1)	b' fiscal'	-11.563567241213951
10992	(-1, -1)	b'\xe1\x80\x94\xe1\x80\xba\xe1\x80'	-10.696428729993995
10993	(-1, -1)	b'\xe6\x85\x88\xe5\x96\x84'	-11.606232795050634
10994	(-1, -1)	b'\xe6\x8e\x92\xe8\xa1\x8c\xe6\xa6\x9c'	-11.606959539268667
10995	(-1, -1)	b' Kelly'	-11.48365841489496
10996	(-1, -1)	b' intention'	-11.142103633391843
10997	(-1, -1)	b' \xe0\xa4\x95\xe0\xa4\xbe'	-10.544369401104662
10998	(-1, -1)	b' LA'	-11.125570587797805
10999	(-1, -1)	b' audio'	-11.51466106103418
11000	(-1, -1)	b' Ka'	-9.684960774054744
11001	(-1, -1)	b' investigators'	-11.611696294344847
11002	(-1, -1)	b'\xe7\x88\xb8\xe7\x88\xb8'	-11.613158282909346
11003	(-1, -1)	b'\x80\xe1\x80\xad\xe1\x80\xaf'	-11.400161131412533
11004	(-1, -1)	b' Windows'	-11.615355281229888
11005	(-1, -1)	b' Moscow'	-11.616088687936763
11006	(-1, -1)	b'\xe5\xb4\x94'	-11.616455593095896
11007	(-1, -1)	b' lift'	-10.69321657947331
11008	(-1, -1)	b'\xda\x9a'	-11.038091365787338
11009	(-1, -1)	b' Parliament'	-11.604055725975956
11010	(-1, -1)	b' yield'	-11.169889630270028
11011	(-1, -1)	b' magazine'	-11.400752497485355
11012	(-1, -1)	b' Gallery'	-11.619763811514654
11013	(-1, -1)	b'\xe4\xbb\xa5\xe4\xb8\x8a\xe4\xbf\xa1\xe6\x81\xaf\xe4\xbb\x85\xe4\xbe\x9b\xe5\x8f\x82\xe8\x80\x83'	-11.621606450694575
11014	(-1, -1)	b' Singapore'	-11.622344458108145
11015	(-1, -1)	b' portfolio'	-11.513336118806569
11016	(-1, -1)	b' NCAA'	-11.609507311347466
11017	(-1, -1)	b' Illinois'	-11.62308301057894
11018	(-1, -1)	b' permanent'	-11.347759967344844
11019	(-1, -1)	b'tle'	-9.805673317252433
11020	(-1, -1)	b'\xe0\xb1\x8a'	-11.625301946400626
11021	(-1, -1)	b'osing'	-10.242716788346444
11022	(-1, -1)	b' agenda'	-11.566704772112704
11023	(-1, -1)	b' shock'	-10.715921373167067
11024	(-1, -1)	b' steal'	-10.84821796118088
11025	(-1, -1)	b'\xe5\x8c\xbf\xe5\x90\x8d'	-11.610601203890456
11026	(-1, -1)	b'FA'	-10.694821364995336
11027	(-1, -1)	b'Agreed'	-11.567403340076845
11028	(-1, -1)	b' brilliant'	-11.631615802101669
11029	(-1, -1)	b' spokeswoman'	-11.631615802101669
11030	(-1, -1)	b' Mueller'	-11.304662862991044
11031	(-1, -1)	b' Radio'	-11.60224511530568
11032	(-1, -1)	b' behalf'	-11.632734161957282
11033	(-1, -1)	b'\xd1\x81\xd1\x8c\xd0\xba'	-11.486876956456756
11034	(-1, -1)	b' Major'	-11.60079898345568
11035	(-1, -1)	b'Source'	-10.652231332973262
11036	(-1, -1)	b' withdraw'	-11.412653857836485
11037	(-1, -1)	b' \xd1\x89\xd0\xbe'	-11.433828272654857
11038	(-1, -1)	b'\xe8\xbf\x84\xe4\xbb\x8a'	-11.632361236351617
11039	(-1, -1)	b' studio'	-11.426517853256634
11040	(-1, -1)	b'\xe5\x81\x8f\xe8\x82\xa1\xe5\x9e\x8b\xe5\x9f\xba\xe9\x87\x91'	-11.635722584054323
11041	(-1, -1)	b' pregnant'	-11.636096765536704
11042	(-1, -1)	b'\xe6\x84\x9b'	-11.63647108708328
11043	(-1, -1)	b'ls'	-9.870563956705395
11044	(-1, -1)	b' saving'	-11.025412259327263
11045	(-1, -1)	b' overs'	-10.95727323733007
11046	(-1, -1)	b' knock'	-10.891347580759962
11047	(-1, -1)	b'gal'	-10.594598862089935
11048	(-1, -1)	b'lar\xc4\xb1n'	-10.602022998006166
11049	(-1, -1)	b'\xe7\x9c\x8b\xe4\xb8\x8a\xe5\x8e\xbb'	-11.626783977053512
11050	(-1, -1)	b'CO'	-10.745891831854312
11051	(-1, -1)	b' Museum'	-11.640597898417496
11052	(-1, -1)	b' troops'	-11.642479366517202
11053	(-1, -1)	b' junior'	-11.570903518659055
11054	(-1, -1)	b' repeatedly'	-11.643232946055502
11055	(-1, -1)	b' definition'	-11.510031423135437
11056	(-1, -1)	b'\xe6\x8a\x9a'	-11.643609948887487
11057	(-1, -1)	b' Family'	-11.643609948887487
11058	(-1, -1)	b'Related'	-11.484622890134487
11059	(-1, -1)	b' technologies'	-11.646252955900842
11060	(-1, -1)	b' embarrass'	-11.646252955900842
11061	(-1, -1)	b' Technology'	-11.647009385588952
11062	(-1, -1)	b' participants'	-11.647009385588952
11063	(-1, -1)	b'\xe2\x86\x93'	-11.64814510405288
11064	(-1, -1)	b' athletes'	-11.64814510405288
11065	(-1, -1)	b'\xe5\xb0\x81\xe9\x97\xad\xe5\xbc\x8f\xe5\x9f\xba\xe9\x87\x91'	-11.480770557922462
11066	(-1, -1)	b' lvl'	-11.641726354433427
11067	(-1, -1)	b' Oklahoma'	-11.59288242537783
11068	(-1, -1)	b'\xe5\x88\xa0'	-11.650420417890015
11069	(-1, -1)	b' comparison'	-11.498876451822929
11070	(-1, -1)	b' describe'	-11.203556412605506
11071	(-1, -1)	b' confront'	-11.50181714990683
11072	(-1, -1)	b' streak'	-11.544262953365507
11073	(-1, -1)	b' spokesperson'	-11.638719963593296
11074	(-1, -1)	b'\xe9\x97\xa8\xe6\xa7\x9b'	-11.583606582915309
11075	(-1, -1)	b' snap'	-11.028872822577194
11076	(-1, -1)	b'\xe0\xae\x9a'	-10.695551665181156
11077	(-1, -1)	b' \xec\x9e\x88'	-10.989095419129269
11078	(-1, -1)	b' ratio'	-11.510031423135437
11079	(-1, -1)	b' enemy'	-11.619763811514654
11080	(-1, -1)	b'\xe0\xb8\xb7\xe0\xb8\xad'	-11.490105890485928
11081	(-1, -1)	b' Beijing'	-11.654224150129261
11082	(-1, -1)	b' climb'	-11.15937919835162
11083	(-1, -1)	b' Authority'	-11.655368096869834
11084	(-1, -1)	b'\xe0\xaa\xa6'	-10.591960686176472
11085	(-1, -1)	b' Egypt'	-11.655749703438099
11086	(-1, -1)	b' applied'	-11.656513353723396
11087	(-1, -1)	b' challenging'	-11.656131455685529
11088	(-1, -1)	b' Capitol'	-11.650800140696932
11089	(-1, -1)	b' ec'	-10.854022006152931
11090	(-1, -1)	b'\xe7\xbb\x86\xe8\x85\xbb'	-11.658807809796919
11091	(-1, -1)	b' strategic'	-11.555938910186144
11092	(-1, -1)	b' ali'	-10.556755808201725
11093	(-1, -1)	b' understood'	-11.661491346005773
11094	(-1, -1)	b'Speaking'	-11.455773211405424
11095	(-1, -1)	b' semi'	-10.959173294903414
11096	(-1, -1)	b' Cambridge'	-11.619027705482152
11097	(-1, -1)	b'\xe4\xbb\x80\xe4\xb9\x88\xe6\xa0\xb7\xe7\x9a\x84'	-11.332449995373423
11098	(-1, -1)	b'\xe6\x96\xb0\xe6\xb5\xaa\xe7\xa7\x91\xe6\x8a\x80\xe8\xae\xaf'	-11.663412576183667
11099	(-1, -1)	b' Mountain'	-11.450474772954214
11100	(-1, -1)	b'ologist'	-11.188373568836676
11101	(-1, -1)	b' chocolate'	-11.59073419683954
11102	(-1, -1)	b'\xe6\x8a\x84'	-11.66688011963113
11103	(-1, -1)	b' smoking'	-11.66688011963113
11104	(-1, -1)	b'\xe6\xb8\xa9\xe9\xa6\xa8'	-11.667266145499658
11105	(-1, -1)	b' trigger'	-11.105336434433838
11106	(-1, -1)	b'\xe6\xac\xba'	-11.667652320441704
11107	(-1, -1)	b' settle'	-10.674729628939293
11108	(-1, -1)	b'\xe6\x84\x9f\xe5\xba\x94\xe5\x99\xa8'	-11.670747100474626
11109	(-1, -1)	b'\xe5\xb0\x88'	-11.671134622277577
11110	(-1, -1)	b'\xec\xa0\x81'	-11.549740543233806
11111	(-1, -1)	b' Cymru'	-11.671522294311895
11112	(-1, -1)	b' craft'	-11.242427502571324
11113	(-1, -1)	b'La'	-10.54890170144776
11114	(-1, -1)	b' improving'	-11.672686212968996
11115	(-1, -1)	b'\xe5\xb7\xa2'	-11.673074487095404
11116	(-1, -1)	b' controversial'	-11.645119383136342
11117	(-1, -1)	b'rated'	-10.058291660894968
11118	(-1, -1)	b'\xe5\x8d\x9a\xe7\x89\xa9\xe9\xa6\x86'	-11.673851487911497
11119	(-1, -1)	b' liquid'	-11.570202502156459
11120	(-1, -1)	b' Spring'	-11.150588949755004
11121	(-1, -1)	b' REUTERS'	-11.67462909292735
11122	(-1, -1)	b' racism'	-11.673851487911497
11123	(-1, -1)	b'len'	-10.110626418632528
11124	(-1, -1)	b' Ni'	-10.520783402098782
11125	(-1, -1)	b'lies'	-10.234206098678536
11126	(-1, -1)	b' Lin'	-10.737171513456344
11127	(-1, -1)	b' \xe0\xa4\x8f\xe0\xa4\x95'	-11.563915370025127
11128	(-1, -1)	b' \xdb\x8c\xd9\x88'	-11.53339697209165
11129	(-1, -1)	b' maximum'	-11.676965542588372
11130	(-1, -1)	b' quote'	-10.913812358708721
11131	(-1, -1)	b' ji'	-10.01054683659296
11132	(-1, -1)	b'\xe6\x9c\x80\xe7\xbb\x88\xe4\xbb\xa5\xe5\xbc\x80\xe5\x8f\x91\xe5\x95\x86\xe5\x85\xac\xe5\xb8\x83\xe4\xb8\xba\xe5\x87\x86'	-11.678526213993715
11133	(-1, -1)	b'ively'	-10.759350152399193
11134	(-1, -1)	b' multi'	-10.54462065738739
11135	(-1, -1)	b' username'	-11.620868987534308
11136	(-1, -1)	b'\xe5\x8e\x98\xe7\xb1\xb3'	-11.679698318054452
11137	(-1, -1)	b' anniversary'	-11.680480484695815
11138	(-1, -1)	b' Milwaukee'	-11.679698318054452
11139	(-1, -1)	b'\xe7\x94\xb1\xe4\xba\x8e\xe5\x90\x84\xe6\x96\xb9\xe9\x9d\xa2\xe6\x83\x85\xe5\x86\xb5\xe7\x9a\x84\xe4\xb8\x8d\xe6\x96\xad\xe8\xb0\x83\xe6\x95\xb4\xe4\xb8\x8e\xe5\x8f\x98\xe5\x8c\x96'	-11.681263263600757
11140	(-1, -1)	b'\xe6\x96\xb0\xe6\xb5\xaa\xe7\xbd\x91\xe6\x89\x80\xe6\x8f\x90\xe4\xbe\x9b\xe7\x9a\x84\xe6\x89\x80\xe6\x9c\x89\xe8\x80\x83\xe8\xaf\x95\xe4\xbf\xa1\xe6\x81\xaf\xe4\xbb\x85\xe4\xbe\x9b\xe5\x8f\x82\xe8\x80\x83'	-11.681263263600757
11141	(-1, -1)	b'\xe6\x95\xac\xe8\xaf\xb7\xe8\x80\x83\xe7\x94\x9f\xe4\xbb\xa5\xe6\x9d\x83\xe5\xa8\x81\xe9\x83\xa8\xe9\x97\xa8\xe5\x85\xac\xe5\xb8\x83\xe7\x9a\x84\xe6\xad\xa3\xe5\xbc\x8f\xe4\xbf\xa1\xe6\x81\xaf\xe4\xb8\xba\xe5\x87\x86'	-11.681263263600757
11142	(-1, -1)	b' rescue'	-11.239402544378642
11143	(-1, -1)	b' Engine'	-11.655368096869834
11144	(-1, -1)	b'Co'	-9.521402601755078
11145	(-1, -1)	b'\xe8\xbe\x90\xe5\xb0\x84'	-11.684400521075888
11146	(-1, -1)	b' crucial'	-11.654224150129261
11147	(-1, -1)	b'\xe0\xaf\x80'	-11.684400521075888
11148	(-1, -1)	b'\xe9\x9a\x9c\xe7\xa2\x8d'	-11.684793371208618
11149	(-1, -1)	b'2.2'	-10.84821796118088
11150	(-1, -1)	b' territory'	-11.68557953477112
11151	(-1, -1)	b'\xe0\xa4\xa8\xe0\xa5\x8d'	-10.251862909032694
11152	(-1, -1)	b'pen'	-10.316939108289091
11153	(-1, -1)	b'\xe5\x91\xbc\xe5\x90\x81'	-11.689124939312157
11154	(-1, -1)	b'\xe6\x90\xba\xe6\x89\x8b'	-11.68557953477112
11155	(-1, -1)	b' estimates'	-11.689124939312157
11156	(-1, -1)	b' historic'	-10.838394033934598
11157	(-1, -1)	b'\xe7\x9a\x84\xe5\x9f\xba\xe7\xa1\x80\xe4\xb8\x8a'	-11.44057676452414
11158	(-1, -1)	b' industries'	-11.692286997282805
11159	(-1, -1)	b'\xe0\xa9\x9c'	-11.693079076532136
11160	(-1, -1)	b' margin'	-11.062043359515679
11161	(-1, -1)	b' eth'	-10.98733330413587
11162	(-1, -1)	b'\xd1\x96\xd1\x97'	-11.68557953477112
11163	(-1, -1)	b'\xec\x9e\xa5'	-11.506408827374003
11164	(-1, -1)	b'\xe6\x9c\x89\xe5\x8a\xa9\xe4\xba\x8e'	-11.401640202825496
11165	(-1, -1)	b'Check'	-10.887445482867978
11166	(-1, -1)	b'market'	-10.783307168919272
11167	(-1, -1)	b'\xe8\x9b\x99'	-11.698641268067412
11168	(-1, -1)	b' guitar'	-11.576882084031388
11169	(-1, -1)	b' Cooper'	-11.688730384167958
11170	(-1, -1)	b' Utah'	-11.6966512176594
11171	(-1, -1)	b' trailer'	-11.538815204107554
11172	(-1, -1)	b'8.'	-10.392572234216647
11173	(-1, -1)	b' featuring'	-11.700236164737227
11174	(-1, -1)	b' automatically'	-11.700635286674276
11175	(-1, -1)	b'\xe7\xb0\xa1\xe7\xa8\xb1'	-11.626042687175236
11176	(-1, -1)	b'\xe0\xa8\xb8\xe0\xa8\xbc'	-10.999931895972193
11177	(-1, -1)	b' Square'	-11.652320475463359
11178	(-1, -1)	b' unknown'	-11.701833609166384
11179	(-1, -1)	b'CMOS'	-11.368735793088204
11180	(-1, -1)	b' awkward'	-11.702233369315621
11181	(-1, -1)	b' investigate'	-11.179800046446681
11182	(-1, -1)	b'\xe5\x9b\x9b\xe5\x85\xad\xe7\xba\xa7'	-11.705036173953259
11183	(-1, -1)	b'\xe5\xa1\x98'	-11.70623978493106
11184	(-1, -1)	b'\xe0\xa4\xbe\xe0\xa4\x87'	-11.686759940180659
11185	(-1, -1)	b' ho'	-9.30677645638246
11186	(-1, -1)	b'\xe4\xb8\xbe\xe6\x8e\xaa'	-11.707444846334171
11187	(-1, -1)	b'\n        '	-11.485266390800193
11188	(-1, -1)	b'\xe6\x96\xb0\xe6\xb5\xaa\xe4\xb9\x90\xe5\xb1\x85'	-11.708651361662511
11189	(-1, -1)	b'\xd0\xbd\xd0\xb5'	-10.754533860948142
11190	(-1, -1)	b' Country'	-11.71106876815805
11191	(-1, -1)	b' complain'	-10.158651652381465
11192	(-1, -1)	b'Before'	-11.150819284893647
11193	(-1, -1)	b' rookie'	-11.588590573296289
11194	(-1, -1)	b' rejected'	-11.71268362519045
11195	(-1, -1)	b'\xe1\xbb\x81u'	-11.713492032671825
11196	(-1, -1)	b' Work'	-11.077764949530298
11197	(-1, -1)	b'stal'	-10.671443676986273
11198	(-1, -1)	b'\xe6\x8a\xb9'	-11.717137975539831
11199	(-1, -1)	b'\xe5\x88\xa9\xe7\x89\xa9\xe6\xb5\xa6'	-11.69943839844043
11200	(-1, -1)	b'\xe6\x96\xaf\xe7\xa7\x91\xe6\x8b\x89'	-11.709456514685074
11201	(-1, -1)	b' operate'	-11.00848660844392
11202	(-1, -1)	b'\xe4\xbc\x81\xe4\xb8\x9a\xe4\xb8\x93\xe5\x8c\xba'	-11.718762671266832
11203	(-1, -1)	b' \xc4\x90'	-11.721204674922385
11204	(-1, -1)	b' self-'	-10.605221721245357
11205	(-1, -1)	b'\xe5\xa2\xa8\xe8\xa5\xbf\xe5\x93\xa5'	-11.724469983946124
11206	(-1, -1)	b' Jewish'	-11.724469983946124
11207	(-1, -1)	b' guarantee'	-11.019334444831818
11208	(-1, -1)	b' maintenance'	-11.723652656561024
11209	(-1, -1)	b'\xe5\x8d\x9a\xe5\xbd\xa9\xe5\x85\xac\xe5\x8f\xb8'	-11.594676147831857
11210	(-1, -1)	b' Si'	-9.982871200616144
11211	(-1, -1)	b' Vancouver'	-11.725287979901754
11212	(-1, -1)	b' qa'	-10.209190012700015
11213	(-1, -1)	b' dividend'	-11.447681041508087
11214	(-1, -1)	b' predict'	-10.773623785055019
11215	(-1, -1)	b'si'	-9.435302386559695
11216	(-1, -1)	b' explanation'	-11.603331088263086
11217	(-1, -1)	b' valuable'	-11.655749703438099
11218	(-1, -1)	b' Pittsburgh'	-11.727745990152023
11219	(-1, -1)	b' \xd1\x82\xd0\xb0'	-10.37746992822129
11220	(-1, -1)	b'Seriously'	-11.138911656217461
11221	(-1, -1)	b' clothing'	-11.733917579376715
11222	(-1, -1)	b'umbnails'	-11.733917579376715
11223	(-1, -1)	b'\xe5\xb8\x88\xe5\x82\x85'	-11.707846856389835
11224	(-1, -1)	b'\xe6\x96\xb0\xe4\xb8\x80\xe8\xbd\xae'	-11.65194017502143
11225	(-1, -1)	b'fo'	-10.622864088470319
11226	(-1, -1)	b' Phoenix'	-11.736810741138536
11227	(-1, -1)	b' initiative'	-11.224661490442037
11228	(-1, -1)	b'\xe5\xa5\xa2\xe5\x8d\x8e'	-11.735983269018503
11229	(-1, -1)	b'\xe5\xae\x8f\xe8\xa7\x82\xe7\xbb\x8f\xe6\xb5\x8e'	-11.601160320406315
11230	(-1, -1)	b' Chairman'	-11.728566671363453
11231	(-1, -1)	b' outcome'	-11.332449995373423
11232	(-1, -1)	b' Microsoft'	-11.73805323456821
11233	(-1, -1)	b' survive'	-11.125121452375929
11234	(-1, -1)	b'\xe8\xbe\x89\xe7\x85\x8c'	-11.74054286241017
11235	(-1, -1)	b'\xe6\x96\xb0\xe5\x8d\x8e\xe7\xa4\xbe'	-11.73888242201207
11236	(-1, -1)	b' Jonathan'	-11.74054286241017
11237	(-1, -1)	b' medicine'	-11.544262953365507
11238	(-1, -1)	b'Including'	-11.652320475463359
11239	(-1, -1)	b' colour'	-11.308970893347936
11240	(-1, -1)	b' passenger'	-10.962220916309889
11241	(-1, -1)	b"Can't"	-10.920559899582601
11242	(-1, -1)	b' universe'	-11.692286997282805
11243	(-1, -1)	b'\xe5\xb0\x8f\xe5\xad\xa9'	-11.605506578606226
11244	(-1, -1)	b' default'	-11.643232946055502
11245	(-1, -1)	b'\xe0\xa5\x8d\xe0\xa4\xa8'	-11.693871783668376
11246	(-1, -1)	b'\xe5\x88\xae'	-11.750563823094499
11247	(-1, -1)	b' temperature'	-11.050933298691177
11248	(-1, -1)	b' Governor'	-11.583606582915309
11249	(-1, -1)	b' bonus'	-11.523316241563293
11250	(-1, -1)	b' scenario'	-11.461099872911149
11251	(-1, -1)	b'\xe9\x91\xab'	-11.753084832833046
11252	(-1, -1)	b'Honestly'	-11.412055413773142
11253	(-1, -1)	b'\xe0\xb0\xa8\xe0\xb1\x8d\xe0\xb0\xa8'	-10.980898651925092
11254	(-1, -1)	b' opponent'	-11.022368734608017
11255	(-1, -1)	b'aceutical'	-11.753084832833046
11256	(-1, -1)	b' adapt'	-11.240661831788477
11257	(-1, -1)	b'\xc4\xb1\xc4\x9f\xc4\xb1'	-10.971997664366011
11258	(-1, -1)	b' Enjoy'	-11.755190540075624
11259	(-1, -1)	b'\xeb\xb6\x80'	-11.35536242547351
11260	(-1, -1)	b'\x9c\xe1\x80\xad\xe1\x80\xaf\xe1\x80\xb7'	-11.756878304189344
11261	(-1, -1)	b' exposed'	-11.758145999267208
11262	(-1, -1)	b'ental'	-10.704357122721502
11263	(-1, -1)	b'yin'	-10.614475458572699
11264	(-1, -1)	b' google'	-11.578294015081342
11265	(-1, -1)	b' typical'	-10.853166354522049
11266	(-1, -1)	b' explo'	-10.092235837408149
11267	(-1, -1)	b' Exchange'	-11.748467825680748
11268	(-1, -1)	b'1.7'	-10.802146789007761
11269	(-1, -1)	b'cia'	-10.390308448417233
11270	(-1, -1)	b' Pennsylvania'	-11.745123340957901
11271	(-1, -1)	b' remarks'	-11.76280801237302
11272	(-1, -1)	b' appointed'	-11.76408325165317
11273	(-1, -1)	b' gathered'	-11.765360119245253
11274	(-1, -1)	b' consequences'	-11.766638619312861
11275	(-1, -1)	b'\x80\xe1\x80\xbb'	-11.671134622277577
11276	(-1, -1)	b'ella'	-10.65195153442639
11277	(-1, -1)	b'\xe6\x96\xb0\xe8\xa5\xbf\xe5\x85\xb0'	-11.666108514654576
11278	(-1, -1)	b' Ju'	-10.187418148150218
11279	(-1, -1)	b'\xe0\xb9\x80\xe0\xb8\x9b\xe0\xb9\x87\xe0\xb8\x99'	-11.64097390895022
11280	(-1, -1)	b'\xe6\xb9\x98'	-11.770483956245123
11281	(-1, -1)	b' absolute'	-11.751403453706379
11282	(-1, -1)	b' Lincoln'	-11.767491861685444
11283	(-1, -1)	b' succeed'	-11.700236164737227
11284	(-1, -1)	b' symbol'	-11.55249063090723
11285	(-1, -1)	b' delicious'	-11.74804915286743
11286	(-1, -1)	b'ternal'	-10.581998616634346
11287	(-1, -1)	b' construct'	-11.782109490838746
11288	(-1, -1)	b' pocket'	-11.410560868583875
11289	(-1, -1)	b'ME'	-9.848399928853539
11290	(-1, -1)	b' impressed'	-11.776495137935404
11291	(-1, -1)	b' \xe0\xa4\x95\xe0\xa4\xbf'	-11.085719414776593
11292	(-1, -1)	b'\xe5\xa8\x81\xe5\xbb\x89\xe5\xa7\x86\xe6\x96\xaf'	-11.777356835532885
11293	(-1, -1)	b'\xe8\x8a\xaf\xe7\x89\x87'	-11.776495137935404
11294	(-1, -1)	b'\xe0\xb0\xb2\xe0\xb1\x8b'	-10.759661678881463
11295	(-1, -1)	b'KE'	-10.906388150773436
11296	(-1, -1)	b' celebration'	-11.424395675713168
11297	(-1, -1)	b'\xe1\xbb\xa5r\xe1\xbb\xa5'	-11.43965382952554
11298	(-1, -1)	b'\xe5\xa5\xa2\xe4\xbe\x88'	-11.78124368991886
11299	(-1, -1)	b' extension'	-11.625301946400626
11300	(-1, -1)	b' eligible'	-11.780811070400972
11301	(-1, -1)	b' deliber'	-11.782109490838746
11302	(-1, -1)	b'\xc6\xb0\xe1\xbb\x9bc'	-11.782109490838746
11303	(-1, -1)	b' Li'	-9.611955115731124
11304	(-1, -1)	b' mini'	-10.969304319144172
11305	(-1, -1)	b' Especially'	-11.782976042019488
11306	(-1, -1)	b' primarily'	-11.783409599364237
11307	(-1, -1)	b' Analysis'	-11.783843344762492
11308	(-1, -1)	b' Memorial'	-11.783843344762492
11309	(-1, -1)	b'\xe7\xa7\x9f\xe8\xb5\x81'	-11.784711400372556
11310	(-1, -1)	b' Antonio'	-11.776925893918804
11311	(-1, -1)	b'\xe6\x9c\x80\xe9\x87\x8d\xe8\xa6\x81\xe7\x9a\x84'	-11.121983140004149
11312	(-1, -1)	b' Cowboys'	-11.785145710911413
11313	(-1, -1)	b'\xe5\x8f\x8b\xe8\xb0\x8a'	-11.780811070400972
11314	(-1, -1)	b' citizen'	-11.353385861227013
11315	(-1, -1)	b'\xe0\xa9\x80\xe0\xa8\x86\xe0\xa8\x82'	-11.785580210157875
11316	(-1, -1)	b'\xe5\xa4\xa9\xe8\x9d\x8e'	-11.69268295848378
11317	(-1, -1)	b' atmosphere'	-11.767918756035579
11318	(-1, -1)	b' reveal'	-11.105997009157846
11319	(-1, -1)	b'\xe8\x93\xac'	-11.788191177698595
11320	(-1, -1)	b' unclear'	-11.782976042019488
11321	(-1, -1)	b'\xe8\xb4\xac\xe5\x80\xbc'	-11.789063017335337
11322	(-1, -1)	b' babies'	-11.789935617739745
11323	(-1, -1)	b'd\xc9\x99'	-10.080792610185807
11324	(-1, -1)	b'nan'	-10.284646481484568
11325	(-1, -1)	b'Should'	-10.984208301592735
11326	(-1, -1)	b' reputation'	-11.730621325877118
11327	(-1, -1)	b'\xe9\xbd\xbf'	-11.791245947693552
11328	(-1, -1)	b' Affairs'	-11.79168310617046
11329	(-1, -1)	b'\xd0\xbb\xd0\xb0\xd1\x80\xd0\xb8'	-11.057416642534553
11330	(-1, -1)	b' volatility'	-11.792120455838484
11331	(-1, -1)	b'\xe5\xb0\xb9'	-11.792557996864936
11332	(-1, -1)	b'\xe6\xaf\x8f\xe8\x82\xa1\xe6\x94\xb6\xe7\x9b\x8a'	-11.792557996864936
11333	(-1, -1)	b' Theatre'	-11.779514333672907
11334	(-1, -1)	b' Orleans'	-11.79299572941734
11335	(-1, -1)	b'RS'	-10.5222566988662
11336	(-1, -1)	b' restrictions'	-11.79387176977122
11337	(-1, -1)	b' Thompson'	-11.792120455838484
11338	(-1, -1)	b'\xe0\xa4\x81'	-11.039945316261711
11339	(-1, -1)	b'Michael'	-11.77434413689095
11340	(-1, -1)	b' accommod'	-11.797823476340698
11341	(-1, -1)	b' Administration'	-11.798263520352199
11342	(-1, -1)	b'\xe8\xaf\x88\xe9\xaa\x97'	-11.799144189717792
11343	(-1, -1)	b' nh\xe1\xbb\xafng'	-11.799144189717792
11344	(-1, -1)	b'\xe5\xa5\xa5\xe6\x9e\x97\xe5\xb7\xb4\xe6\x96\xaf'	-11.798263520352199
11345	(-1, -1)	b' hidden'	-11.799584815413398
11346	(-1, -1)	b'\xe5\x90\xb4\xe6\xb7\x91\xe7\x8f\x8d'	-11.800025635345598
11347	(-1, -1)	b'\xe8\x89\x87'	-11.800907858605289
11348	(-1, -1)	b' NA'	-10.484402613264313
11349	(-1, -1)	b' CA'	-10.881972788478043
11350	(-1, -1)	b'fu'	-10.445423081628595
11351	(-1, -1)	b'\xe0\xa5\x8d\xe0\xa4\x95'	-11.652320475463359
11352	(-1, -1)	b' dirty'	-11.801790860870167
11353	(-1, -1)	b'\xe2\x82\xac'	-11.802232654559704
11354	(-1, -1)	b'pan'	-10.232089695772158
11355	(-1, -1)	b'\xe7\x9b\x8e\xe5\x8f\xb8'	-11.804001783725237
11356	(-1, -1)	b'\xe6\x97\xb1'	-11.804444555483633
11357	(-1, -1)	b' ugly'	-11.804444555483633
11358	(-1, -1)	b'\xe8\x9e\xba'	-11.804887523375704
11359	(-1, -1)	b' electronic'	-11.323375273397959
11360	(-1, -1)	b'\xe6\xac\x8a'	-11.805774048256461
11361	(-1, -1)	b'\xec\x9d\xbc'	-11.257434779010184
11362	(-1, -1)	b'\xe5\xa1\x8c'	-11.807993804994775
11363	(-1, -1)	b' democracy'	-11.805774048256461
11364	(-1, -1)	b'\xe0\xaa\xaf'	-10.799873691747145
11365	(-1, -1)	b' equivalent'	-11.744288964605781
11366	(-1, -1)	b' incorrect'	-11.809328028007911
11367	(-1, -1)	b'\xe5\x8f\x91\xe6\x94\xb9\xe5\xa7\x94'	-11.806217605593519
11368	(-1, -1)	b' BJP'	-11.810218500016886
11369	(-1, -1)	b' breath'	-10.991449746290904
11370	(-1, -1)	b' abortion'	-11.554558171271585
11371	(-1, -1)	b'gate'	-10.493553547642868
11372	(-1, -1)	b' Picture'	-11.47693300924105
11373	(-1, -1)	b' temporary'	-11.812001826392313
11374	(-1, -1)	b' vulnerable'	-11.804444555483633
11375	(-1, -1)	b'\xe7\x88\xb1\xe5\xa5\xbd\xe8\x80\x85'	-11.647009385588952
11376	(-1, -1)	b'\xe5\xb1\xa5\xe8\xa1\x8c'	-11.78688484178454
11377	(-1, -1)	b' behaviour'	-11.743038703971987
11378	(-1, -1)	b' exposure'	-11.735156481042509
11379	(-1, -1)	b' neighbour'	-11.489136115074544
11380	(-1, -1)	b' solve'	-11.245208442298074
11381	(-1, -1)	b' library'	-11.81378833870311
11382	(-1, -1)	b' Sessions'	-11.814682793145572
11383	(-1, -1)	b' Afghanistan'	-11.809773164894853
11384	(-1, -1)	b' consensus'	-11.815130320564094
11385	(-1, -1)	b' promotion'	-11.440269024869458
11386	(-1, -1)	b' Kr'	-10.884264144023621
11387	(-1, -1)	b'\xe6\x96\xb0\xe6\xb5\xaa\xe8\xb4\xa2\xe7\xbb\x8f\xe8\xae\xaf'	-11.816025976692039
11388	(-1, -1)	b' scandal'	-11.62567224820082
11389	(-1, -1)	b' conspiracy'	-11.817819699146066
11390	(-1, -1)	b' Aaron'	-11.799144189717792
11391	(-1, -1)	b'\xec\xa0\x95'	-11.214053274518278
11392	(-1, -1)	b' emerged'	-11.820966476298814
11393	(-1, -1)	b'\xe8\x87\xb4\xe5\x8a\x9b\xe4\xba\x8e'	-11.821416825326915
11394	(-1, -1)	b' latter'	-11.820066386229044
11395	(-1, -1)	b' versus'	-11.824574960142192
11396	(-1, -1)	b' surveillance'	-11.824574960142192
11397	(-1, -1)	b'\xe0\xaa\xa5\xe0\xab\x80'	-11.546655707882596
11398	(-1, -1)	b' Pu'	-10.8211824803055
11399	(-1, -1)	b'\xe5\x86\x99\xe5\xad\x97\xe6\xa5\xbc'	-11.82276909057693
11400	(-1, -1)	b' Labour'	-11.820966476298814
11401	(-1, -1)	b'\xe7\x87\x9f'	-11.827289893936504
11402	(-1, -1)	b'\x90\xe1\x80\xb2\xe1\x80\xb7'	-11.331897661749881
11403	(-1, -1)	b' \xdb\x8c\xdb\x90'	-11.829103953390897
11404	(-1, -1)	b' Russell'	-11.830012218666779
11405	(-1, -1)	b'\xe6\xad\xa5\xe4\xbc\x90'	-11.819616644822768
11406	(-1, -1)	b'\xe9\x99\x95\xe8\xa5\xbf'	-11.817819699146066
11407	(-1, -1)	b'\xec\x96\xb4'	-11.267997803929005
11408	(-1, -1)	b'nu'	-10.067215787943901
11409	(-1, -1)	b' unusual'	-11.661491346005773
11410	(-1, -1)	b' Kentucky'	-11.772626661157483
11411	(-1, -1)	b' explosion'	-11.6301265985502
11412	(-1, -1)	b' laptop'	-11.596473093508559
11413	(-1, -1)	b' System'	-11.238144840779324
11414	(-1, -1)	b' Latin'	-11.607323109532624
11415	(-1, -1)	b'py'	-10.486060203035274
11416	(-1, -1)	b' Queen'	-11.11840851600119
11417	(-1, -1)	b' Iowa'	-11.759838763107728
11418	(-1, -1)	b' Sydney'	-11.83274197468397
11419	(-1, -1)	b'eh'	-10.273662653936622
11420	(-1, -1)	b'ser'	-10.50363282663757
11421	(-1, -1)	b' breast'	-11.604055725975956
11422	(-1, -1)	b'\xe6\x8d\x95\xe6\x8d\x89'	-11.841895356670456
11423	(-1, -1)	b' replied'	-11.842355232512086
11424	(-1, -1)	b'\xe1\x80\xb1\xe1\x80\xac\xe1\x80\x80\xe1\x80\xba\xe1\x80'	-11.745123340957901
11425	(-1, -1)	b'\xe5\x86\xaf\xe5\xb0\x8f\xe5\x88\x9a'	-11.840516996700336
11426	(-1, -1)	b' journalist'	-11.059517042382568
11427	(-1, -1)	b" Sheriff's"	-11.843275619139416
11428	(-1, -1)	b' capture'	-11.027242830366262
11429	(-1, -1)	b'\xe6\x9d\xb0\xe5\x85\x8b\xe9\x80\x8a'	-11.844657789366366
11430	(-1, -1)	b' Field'	-11.293176159959247
11431	(-1, -1)	b' Reserve'	-11.620500459798427
11432	(-1, -1)	b'3.2'	-10.829500611780597
11433	(-1, -1)	b' narrow'	-11.604055725975956
11434	(-1, -1)	b' complicated'	-11.847427874240182
11435	(-1, -1)	b' photograph'	-10.887976691379807
11436	(-1, -1)	b'\xe7\xa7\xa9\xe5\xba\x8f'	-11.849278869678434
11437	(-1, -1)	b' deficit'	-11.714705870571217
11438	(-1, -1)	b' guidance'	-11.84881579951503
11439	(-1, -1)	b' kilomet'	-11.84974215437516
11440	(-1, -1)	b'ND'	-10.009001298106837
11441	(-1, -1)	b'\n    '	-11.850205653804084
11442	(-1, -1)	b'\xe5\x8f\xb2\xe5\xaf\x86\xe6\x96\xaf'	-11.791245947693552
11443	(-1, -1)	b'\xe6\x9c\x88\xe4\xb8\xad\xe6\x97\xac'	-11.804887523375704
11444	(-1, -1)	b' Murray'	-11.84974215437516
11445	(-1, -1)	b' Missouri'	-11.844657789366366
11446	(-1, -1)	b' museum'	-11.852991170925511
11447	(-1, -1)	b' expenses'	-11.853456179071532
11448	(-1, -1)	b' bheil'	-11.84005796524862
11449	(-1, -1)	b'\xe9\x99\xa4\xe6\xad\xa4\xe4\xb9\x8b\xe5\xa4\x96'	-11.855318377002597
11450	(-1, -1)	b' fulf'	-11.855318377002597
11451	(-1, -1)	b'\xe6\x98\xa8\xe6\x99\x9a'	-11.852526378911566
11452	(-1, -1)	b'\xe6\x90\xad\xe8\xbd\xbd\xe4\xba\x86'	-11.472156690655947
11453	(-1, -1)	b' convinced'	-11.856717304719664
11454	(-1, -1)	b'\xe8\x96\xa9'	-11.857184049185546
11455	(-1, -1)	b' Nashville'	-11.857184049185546
11456	(-1, -1)	b' \xda\x85'	-11.858585591110835
11457	(-1, -1)	b' rifle'	-11.457023993307075
11458	(-1, -1)	b' preparing'	-11.860457374530515
11459	(-1, -1)	b" ain't"	-11.85905320860825
11460	(-1, -1)	b' Indonesia'	-11.583606582915309
11461	(-1, -1)	b'\xe0\xa4\xb9\xe0\xa4\xb0\xe0\xa5\x82'	-11.678526213993715
11462	(-1, -1)	b'WASHINGTON'	-11.816025976692039
11463	(-1, -1)	b'\xe9\xad\xaf'	-11.86280204148977
11464	(-1, -1)	b' graduate'	-11.239150877081478
11465	(-1, -1)	b'\xd1\x87\xd0\xb0'	-10.575239199243388
11466	(-1, -1)	b' Civil'	-11.846041872632306
11467	(-1, -1)	b'\xe6\x8c\x96\xe6\x8e\x98'	-11.865622917831411
11468	(-1, -1)	b'\xe5\xa4\xa9\xe7\xa7\xa4'	-11.780378637961801
11469	(-1, -1)	b'\xd0\xba\xd0\xbe'	-9.956359450270025
11470	(-1, -1)	b'Earlier'	-11.566704772112704
11471	(-1, -1)	b' prospect'	-11.072425908550878
11472	(-1, -1)	b'million'	-11.554558171271585
11473	(-1, -1)	b' Birmingham'	-11.86845177403189
11474	(-1, -1)	b'\xe5\x80\xbc\xe5\xbe\x97\xe4\xb8\x80\xe6\x8f\x90\xe7\x9a\x84\xe6\x98\xaf'	-11.86939650721505
11475	(-1, -1)	b' column'	-11.718356249802184
11476	(-1, -1)	b' Elizabeth'	-11.870342133763058
11477	(-1, -1)	b'some'	-10.898481550734092
11478	(-1, -1)	b' landscape'	-11.684793371208618
11479	(-1, -1)	b'\xb2\xe1\x80'	-11.009886188798344
11480	(-1, -1)	b'\xec\x83\x81'	-11.43781051103125
11481	(-1, -1)	b' Economic'	-11.598273274012707
11482	(-1, -1)	b'\xec\xa0\x9c'	-11.423185021812271
11483	(-1, -1)	b' innocent'	-11.808883089179659
11484	(-1, -1)	b' evalu'	-11.561828412745928
11485	(-1, -1)	b'\xe0\xb8\xb7\xe0\xb9\x88\xe0\xb8\xad'	-11.564960484211875
11486	(-1, -1)	b' Columbia'	-11.737638898535764
11487	(-1, -1)	b' Hotel'	-11.750563823094499
11488	(-1, -1)	b' consumption'	-11.879370467837003
11489	(-1, -1)	b' strategies'	-11.879847908762759
11490	(-1, -1)	b'\xe0\xae\xa3\xe0\xaf\x8d\xe0\xae\x9f'	-11.798263520352199
11491	(-1, -1)	b' acquisition'	-11.554213284218676
11492	(-1, -1)	b' Cas'	-10.692051078175874
11493	(-1, -1)	b'Unfortunately'	-11.277365553932604
11494	(-1, -1)	b'NS'	-10.467510716018797
11495	(-1, -1)	b' neutral'	-11.849278869678434
11496	(-1, -1)	b'\xe8\xbd\xbf\xe8\xbd\xa6'	-11.820066386229044
11497	(-1, -1)	b'\xe0\xb9\x84\xe0\xb8\x94\xe0\xb9\x89'	-11.77563418222144
11498	(-1, -1)	b"'i"	-10.931414573356848
11499	(-1, -1)	b' ultimate'	-10.964130407056206
11500	(-1, -1)	b'\xd9\x84\xd8\xa7'	-10.161217291349757
11501	(-1, -1)	b' academic'	-11.660723886259738
11502	(-1, -1)	b'Definitely'	-11.369308859006466
11503	(-1, -1)	b' breakfast'	-11.85485250231446
11504	(-1, -1)	b' prominent'	-11.793433653663445
11505	(-1, -1)	b'---'	-10.19944517674556
11506	(-1, -1)	b' enhance'	-11.388991115215637
11507	(-1, -1)	b' symptoms'	-11.896703593165451
11508	(-1, -1)	b' bathroom'	-11.675796635383389
11509	(-1, -1)	b'rate'	-10.016901224754424
11510	(-1, -1)	b' spoil'	-11.527672086949286
11511	(-1, -1)	b'Hello'	-11.517981117204712
11512	(-1, -1)	b' engage'	-10.68827255311643
11513	(-1, -1)	b' impression'	-11.765360119245253
11514	(-1, -1)	b'\xe8\xaf\x89\xe8\xae\xbc'	-11.776064567422832
11515	(-1, -1)	b' suffer'	-10.840925467233086
11516	(-1, -1)	b'NASDAQ'	-11.858118192177344
11517	(-1, -1)	b'pers'	-10.493911777988808
11518	(-1, -1)	b' dispute'	-11.407578462555755
11519	(-1, -1)	b' Charlotte'	-11.878893254752308
11520	(-1, -1)	b'dan'	-10.062472204260008
11521	(-1, -1)	b' architect'	-11.778219276293544
11522	(-1, -1)	b' disaster'	-11.715515915167963
11523	(-1, -1)	b'\xe0\xa9\xb1\xe0\xa8\x95'	-11.856717304719664
11524	(-1, -1)	b' outdoor'	-11.620500459798427
11525	(-1, -1)	b' venue'	-11.526329804868556
11526	(-1, -1)	b' Sin'	-10.826498107439889
11527	(-1, -1)	b'\xe0\xae\x95\xe0\xaf\x8d\xe0\xae\x95'	-10.389017153715043
11528	(-1, -1)	b'did'	-11.054692701615082
11529	(-1, -1)	b' Naijiria'	-11.918801226914733
11530	(-1, -1)	b'9.'	-10.383440731757794
11531	(-1, -1)	b'.co.uk'	-11.911380960367426
11532	(-1, -1)	b' Intelligence'	-11.91582650979799
11533	(-1, -1)	b'\xe0\xae\xaa'	-10.5668536763274
11534	(-1, -1)	b' principal'	-11.738467742346165
11535	(-1, -1)	b'\xe7\xba\xa2\xe6\x9c\xa8\xe5\xae\xb6\xe5\x85\xb7'	-11.782109490838746
11536	(-1, -1)	b'\xd0\xbc\xd0\xb8'	-10.264315900149906
11537	(-1, -1)	b' CO'	-10.776788344657982
11538	(-1, -1)	b' encounter'	-11.378812170269294
11539	(-1, -1)	b'\xe7\x8e\xab\xe7\x91\xb0'	-11.931292021339269
11540	(-1, -1)	b'\xe0\xa4\x88'	-10.770784218546941
11541	(-1, -1)	b' independence'	-11.93330510707195
11542	(-1, -1)	b'fi'	-10.034473741086842
11543	(-1, -1)	b' Sweden'	-11.854386844564486
11544	(-1, -1)	b' recruit'	-11.122206978841122
11545	(-1, -1)	b' unexpected'	-11.934313171673445
11546	(-1, -1)	b' Mexican'	-11.811109765673033
11547	(-1, -1)	b' cannabis'	-11.93330510707195
11548	(-1, -1)	b'Em'	-11.14005047879812
11549	(-1, -1)	b'\xe8\xaf\xba\xe7\xbb\xb4\xe8\x8c\xa8\xe5\x9f\xba'	-11.927277966777426
11550	(-1, -1)	b' protein'	-11.701034567973252
11551	(-1, -1)	b' conclusion'	-11.602968966224003
11552	(-1, -1)	b'hr'	-10.475920998041524
11553	(-1, -1)	b' provincial'	-11.929784862048697
11554	(-1, -1)	b'\xd0\xb6\xd0\xb5'	-10.645676675937672
11555	(-1, -1)	b' shelter'	-11.535425370353042
11556	(-1, -1)	b'CPI'	-11.738467742346165
11557	(-1, -1)	b'\xe6\x9b\xb4\xe5\xa4\x9a\xe9\xab\x98\xe8\x80\x83\xe4\xbf\xa1\xe6\x81\xaf\xe8\xaf\xb7\xe8\xae\xbf\xe9\x97\xae'	-11.94445010591678
11558	(-1, -1)	b' \xe9\xab\x98\xe8\x80\x83\xe5\x8d\x9a\xe5\xae\xa2\xe5\x9c\x88'	-11.94445010591678
11559	(-1, -1)	b' \xe9\xab\x98\xe8\x80\x83\xe8\xb4\xb4\xe5\x90\xa7'	-11.94445010591678
11560	(-1, -1)	b'\xe0\xa9\x8d\xe0\xa8\xb0'	-11.945469473996894
11561	(-1, -1)	b' reduction'	-11.726925981905993
11562	(-1, -1)	b' suspension'	-11.825479119335794
11563	(-1, -1)	b'Happy'	-11.268515938655622
11564	(-1, -1)	b' so-called'	-11.948022449598477
11565	(-1, -1)	b' Hu'	-9.958384802779946
11566	(-1, -1)	b' tariffs'	-11.948533827773774
11567	(-1, -1)	b' \xe9\x80\x9a\xe8\xae\xaf\xe5\x91\x98'	-11.949045467590512
11568	(-1, -1)	b'had'	-10.940333250088687
11569	(-1, -1)	b' association'	-11.724469983946124
11570	(-1, -1)	b' headquarters'	-11.951094648635449
11571	(-1, -1)	b'CA'	-10.63544287067718
11572	(-1, -1)	b'\xd0\xbc\xd0\xbe'	-10.39961184741088
11573	(-1, -1)	b'LL'	-10.161474217656142
11574	(-1, -1)	b' assessment'	-11.735569789583213
11575	(-1, -1)	b' anxiety'	-11.95314803744729
11576	(-1, -1)	b' Ukraine'	-11.95520565134197
11577	(-1, -1)	b' comprehensive'	-11.87460855407676
11578	(-1, -1)	b' branch'	-11.547682929339127
11579	(-1, -1)	b' misconduct'	-11.955720717024231
11580	(-1, -1)	b' repeat'	-11.1002864731035
11581	(-1, -1)	b'\xe7\x94\x84\xe5\xad\x90\xe4\xb8\xb9'	-11.96140401829431
11582	(-1, -1)	b' appointment'	-11.652320475463359
11583	(-1, -1)	b' celebrating'	-11.966598835171414
11584	(-1, -1)	b'sm'	-10.76278229305378
11585	(-1, -1)	b' occasion'	-10.85607856214769
11586	(-1, -1)	b'\xe0\xa4\x95\xe0\xa5\x8d\xe0\xa4\xa4'	-11.934817585303307
11587	(-1, -1)	b'dr'	-9.840601767123562
11588	(-1, -1)	b'\x80\xe1\x80\xbc\xe1\x80'	-11.116625984334908
11589	(-1, -1)	b'ESPN'	-11.136637894437486
11590	(-1, -1)	b' Pyongyang'	-11.971297355952968
11591	(-1, -1)	b' lu'	-10.614475458572699
11592	(-1, -1)	b'\xe4\xb8\xad\xe8\x8f\xaf\xe6\xb0\x91\xe5\x9c\x8b'	-11.952634294821042
11593	(-1, -1)	b' pursue'	-11.683222895817126
11594	(-1, -1)	b'\xe0\xb0\x97'	-10.257032822319651
11595	(-1, -1)	b'\xe8\x8a\x9d\xe5\x8a\xa0\xe5\x93\xa5'	-11.977596589380955
11596	(-1, -1)	b' compr'	-10.942575403494377
11597	(-1, -1)	b'\x94\xe1\x80\xb2\xe1\x80\xb7'	-11.727745990152023
11598	(-1, -1)	b' Zimbabwe'	-11.978650330258226
11599	(-1, -1)	b' gorgeous'	-11.966598835171414
11600	(-1, -1)	b'\x84\xe1\x80\xba'	-11.173417800459367
11601	(-1, -1)	b' origin'	-11.700236164737227
11602	(-1, -1)	b'\xd9\x88\xd8\xa7'	-9.911207209010131
11603	(-1, -1)	b' correspond'	-11.976543957704811
11604	(-1, -1)	b' flavor'	-11.474064481377674
11605	(-1, -1)	b'Welcome'	-11.541535368994621
11606	(-1, -1)	b' virtual'	-11.496595205925678
11607	(-1, -1)	b' sample'	-11.36816305538641
11608	(-1, -1)	b' Argentina'	-11.98499620031113
11609	(-1, -1)	b' fundamental'	-11.569151897962469
11610	(-1, -1)	b' resolve'	-11.421371784688091
11611	(-1, -1)	b' hunt'	-10.782828738162998
11612	(-1, -1)	b' fantasy'	-11.986588980047916
11613	(-1, -1)	b' shadow'	-11.642479366517202
11614	(-1, -1)	b' evacu'	-11.544262953365507
11615	(-1, -1)	b' Galaxy'	-11.980761148983918
11616	(-1, -1)	b' innovative'	-11.993520492737678
11617	(-1, -1)	b'\xe0\xaa\x9f'	-10.886030304850085
11618	(-1, -1)	b' scholar'	-11.789063017335337
11619	(-1, -1)	b' indicate'	-11.0169136246058
11620	(-1, -1)	b'\xe6\x9c\x89\xe6\x9c\x9f\xe5\xbe\x92\xe5\x88\x91'	-11.978650330258226
11621	(-1, -1)	b' innovation'	-11.76408325165317
11622	(-1, -1)	b'\xe7\x9c\x81\xe7\x9a\x84\xe4\xb8\x80\xe4\xb8\xaa\xe5\xb8\x82\xe9\x95\x87'	-12.004820047991611
11623	(-1, -1)	b'\xe7\x9c\x81\xe7\x9a\x84\xe4\xb8\x80\xe5\x80\x8b\xe5\xb8\x82\xe9\x8e\xae'	-12.004820047991611
11624	(-1, -1)	b' chapter'	-11.728977264676551
11625	(-1, -1)	b'\xd1\x87\xd0\xb8'	-10.43534771479926
11626	(-1, -1)	b' encouraging'	-12.005902885130443
11627	(-1, -1)	b'\xe6\x84\x9f\xe5\x85\x89\xe5\x85\x83\xe4\xbb\xb6'	-12.011334729012805
11628	(-1, -1)	b'\xe6\x9d\xa0\xe6\x9d\x86'	-12.01242464737683
11629	(-1, -1)	b'ication'	-10.40178789004954
11630	(-1, -1)	b'Super'	-11.737224734106569
11631	(-1, -1)	b' \xd9\xbe\xd8\xa7\xda\xa9\xd8\xb3\xd8\xaa\xd8\xa7\xd9\x86'	-12.015154651802375
11632	(-1, -1)	b'Sometimes'	-11.197021232623845
11633	(-1, -1)	b'tti'	-9.8895037943727
11634	(-1, -1)	b' volunteer'	-11.072638923782272
11635	(-1, -1)	b' controversy'	-12.021187025455816
11636	(-1, -1)	b'\xe0\xb8\xa7\xe0\xb9\x88\xe0\xb8\xb2'	-11.32009568587249
11637	(-1, -1)	b' Nintendo'	-11.94038299304052
11638	(-1, -1)	b' disappointing'	-12.027256009601013
11639	(-1, -1)	b' condemn'	-11.214789741962882
11640	(-1, -1)	b' ambassador'	-11.90010909390258
11641	(-1, -1)	b'\xd1\x99'	-11.148288511657462
11642	(-1, -1)	b'\xe6\xad\xb7\xe5\x8f\xb2'	-11.785580210157875
11643	(-1, -1)	b'.TONIGHT'	-12.031693066242708
11644	(-1, -1)	b'\xe8\x81\xaa\xe6\x98\x8e'	-11.758145999267208
11645	(-1, -1)	b'pu'	-9.750911489259483
11646	(-1, -1)	b' uncomfortable'	-12.035033826588108
11647	(-1, -1)	b' efficiency'	-12.038385785033812
11648	(-1, -1)	b' Treasury'	-12.014608054357774
11649	(-1, -1)	b'mente'	-11.111075964538637
11650	(-1, -1)	b'ographic'	-11.425001552738669
11651	(-1, -1)	b' suspicious'	-11.973917215979093
11652	(-1, -1)	b'Follow'	-10.760908756205984
11653	(-1, -1)	b'\xe7\xab\xa0\xe5\xad\x90\xe6\x80\xa1'	-12.050773330825844
11654	(-1, -1)	b' associate'	-10.76638307972319
11655	(-1, -1)	b' collapse'	-11.496269738062756
11656	(-1, -1)	b'\x81\xe1\x80\xb2\xe1\x80\xb7\xe1\x80'	-11.69625368237291
11657	(-1, -1)	b'\xe0\xb0\x95\xe0\xb1\x81'	-11.00131954611061
11658	(-1, -1)	b'\xeb\xa9\xb4'	-11.777356835532885
11659	(-1, -1)	b' helicopter'	-11.763657991174723
11660	(-1, -1)	b' \xd8\xa7\xd9\x81\xd8\xba\xd8\xa7\xd9\x86\xd8\xb3\xd8\xaa\xd8\xa7\xd9\x86'	-12.05474722194812
11661	(-1, -1)	b'\xe0\xb9\x80\xe0\xb8\xa3'	-11.944959660067932
11662	(-1, -1)	b' subscription'	-11.889444911403768
11663	(-1, -1)	b' nomination'	-11.606232795050634
11664	(-1, -1)	b' jersey'	-11.757300690679257
11665	(-1, -1)	b'lon'	-10.055437271300246
11666	(-1, -1)	b' interpret'	-11.656895397663094
11667	(-1, -1)	b' Entertainment'	-12.057595415272006
11668	(-1, -1)	b' Cu'	-10.38526037368348
11669	(-1, -1)	b'\x90\xe1\x80\xbd\xe1\x80\xb1'	-10.804262158765745
11670	(-1, -1)	b' celebrity'	-12.06791660781228
11671	(-1, -1)	b' frustrating'	-12.069070010477635
11672	(-1, -1)	b'mor'	-10.784264717667828
11673	(-1, -1)	b' Va'	-10.482157412911999
11674	(-1, -1)	b' desperate'	-11.66264364112079
11675	(-1, -1)	b'\xe0\xa4\x96'	-10.346901233799699
11676	(-1, -1)	b'Donald'	-11.310591201560925
11677	(-1, -1)	b'\xe9\x80\x9a\xe8\xb4\xa7\xe8\x86\xa8\xe8\x83\x80'	-12.07369697072778
11678	(-1, -1)	b'iel'	-10.431413136062524
11679	(-1, -1)	b'\xe6\x8d\xae\xe5\x9b\xbd\xe5\xa4\x96\xe5\xaa\x92\xe4\xbd\x93\xe6\x8a\xa5\xe9\x81\x93'	-12.025044842309827
11680	(-1, -1)	b' Brooklyn'	-12.075437615205564
11681	(-1, -1)	b'\xe0\xae\xb1\xe0\xaf\x8d\xe0\xae\xb1'	-11.816474105760708
11682	(-1, -1)	b' distinct'	-11.689519650191565
11683	(-1, -1)	b'\xe6\xa2\xa6\xe5\xb9\xbb\xe5\xa4\xa9\xe5\x8a\xab'	-12.085358910475623
11684	(-1, -1)	b' outfit'	-11.711875870703881
11685	(-1, -1)	b' va'	-10.108674563751308
11686	(-1, -1)	b' instrument'	-11.627154828161043
11687	(-1, -1)	b' Seahawks'	-12.088295770148934
11688	(-1, -1)	b' Ottawa'	-12.015154651802375
11689	(-1, -1)	b'des'	-9.908942353259146
11690	(-1, -1)	b' premier'	-11.276581547620395
11691	(-1, -1)	b'car'	-10.210718446353374
11692	(-1, -1)	b' Buffalo'	-11.986588980047916
11693	(-1, -1)	b'American'	-11.1312018674611
11694	(-1, -1)	b' sweat'	-11.543580359482348
11695	(-1, -1)	b'\xe1\x80\x84\xe1\x80\xba\xe1\x80'	-10.907110042160136
11696	(-1, -1)	b'\xe5\xbc\xa0\xe6\x9f\x8f\xe8\x8a\x9d'	-12.06964721107086
11697	(-1, -1)	b' overwhelming'	-12.098346106002435
11698	(-1, -1)	b' plea'	-10.474163013410625
11699	(-1, -1)	b'kwa'	-10.812932969736325
11700	(-1, -1)	b'Authorities'	-11.59073419683954
11701	(-1, -1)	b' Du'	-10.095598261519159
11702	(-1, -1)	b' Ho'	-9.949268208096205
11703	(-1, -1)	b' facilit'	-12.04343488411939
11704	(-1, -1)	b' constitu'	-11.502471814414664
11705	(-1, -1)	b' \xe0\xa8\x89\xe0\xa8\xa8\xe0\xa9\x8d\xe0\xa8\xb9\xe0\xa8\xbe\xe0\xa8\x82'	-12.104903506548593
11706	(-1, -1)	b' Mississippi'	-12.040626682330101
11707	(-1, -1)	b' cancel'	-10.895443392736343
11708	(-1, -1)	b'\xd1\x94'	-10.954997923492934
11709	(-1, -1)	b'Several'	-11.61755711698183
11710	(-1, -1)	b' diagnosed'	-12.10729871727455
11711	(-1, -1)	b' Mi'	-10.405935462028815
11712	(-1, -1)	b'RO'	-9.92173256344377
11713	(-1, -1)	b'window.'	-12.104305599206416
11714	(-1, -1)	b' elaborate'	-12.005902885130443
11715	(-1, -1)	b'\xe5\xb7\x85\xe5\xb3\xb0'	-12.111504190579947
11716	(-1, -1)	b' athletic'	-11.827743100379793
11717	(-1, -1)	b' Ga'	-9.98825895115844
11718	(-1, -1)	b'\xd0\xb2\xd0\xb0'	-9.679180257865967
11719	(-1, -1)	b' \xc3\xbc\xc3\xa7\xc3\xbcn'	-12.114518965248037
11720	(-1, -1)	b'\xe5\xb4\x9b\xe8\xb5\xb7'	-12.113915282766678
11721	(-1, -1)	b'pecial'	-10.736562407300768
11722	(-1, -1)	b'\xe5\x8f\x98\xe5\xbd\xa2\xe9\x87\x91\xe5\x88\x9a'	-12.12361820910315
11723	(-1, -1)	b'\x95\xe1\x80\xbc\xe1\x80\xae\xe1\x80\xb8'	-11.846965660226868
11724	(-1, -1)	b' continu'	-10.71443128199581
11725	(-1, -1)	b' procedure'	-11.459216633183184
11726	(-1, -1)	b'\xe0\xa6\xb6'	-10.663487959502387
11727	(-1, -1)	b'ridge'	-10.06332594330057
11728	(-1, -1)	b' Ku'	-10.431525338026175
11729	(-1, -1)	b' Venezuela'	-11.659190731494112
11730	(-1, -1)	b' Massachusetts'	-12.13464773267865
11731	(-1, -1)	b'\xe0\xa4\xb8\xe0\xa5\x8d\xe0\xa4\xa4'	-11.43965382952554
11732	(-1, -1)	b' teenager'	-11.626783977053512
11733	(-1, -1)	b'\xe7\x9a\x84\xe6\x97\xa5\xe5\xad\x90'	-11.703433609507718
11734	(-1, -1)	b'\xe5\x85\xa8\xe5\x9b\xbd\xe4\xba\xba\xe5\xa4\xa7\xe5\xb8\xb8\xe5\xa7\x94\xe4\xbc\x9a'	-12.132186192974203
11735	(-1, -1)	b' Campbell'	-12.140828222068032
11736	(-1, -1)	b' Broncos'	-12.140828222068032
11737	(-1, -1)	b'Sa'	-10.695990101432242
11738	(-1, -1)	b'Deposited'	-11.86139458172189
11739	(-1, -1)	b' Leader'	-11.669585435290749
11740	(-1, -1)	b' Colombia'	-11.817370966807372
11741	(-1, -1)	b' introduce'	-10.870768189465181
11742	(-1, -1)	b' Bitcoin'	-12.145800264629125
11743	(-1, -1)	b'\xe0\xae\xa9\xe0\xaf\x8d'	-10.239470483960481
11744	(-1, -1)	b' Murphy'	-12.045687137323716
11745	(-1, -1)	b' Ja'	-9.215529056005462
11746	(-1, -1)	b'\xe7\xba\xa2\xe6\x98\x9f\xe7\xbe\x8e\xe5\x87\xaf\xe9\xbe\x99'	-12.149545587359286
11747	(-1, -1)	b' mortgage'	-11.897675410540284
11748	(-1, -1)	b' royal'	-11.69268295848378
11749	(-1, -1)	b'\xc6\xb0\xc6\xa1ng'	-12.155819133656525
11750	(-1, -1)	b'\xe6\x98\x9f\xe9\x99\x85\xe4\xba\x89\xe9\x9c\xb8'	-12.159602240312228
11751	(-1, -1)	b'kers'	-10.589592264016717
11752	(-1, -1)	b'\xe6\xb5\xb7\xe6\xb7\x80\xe5\x8c\xba'	-12.132801010085485
11753	(-1, -1)	b'pin'	-10.873557591552759
11754	(-1, -1)	b' Connecticut'	-12.16721166193762
11755	(-1, -1)	b' dynamic'	-11.705838420285897
11756	(-1, -1)	b'\xe1\x80\xb0\xe1\x80'	-11.080767310781967
11757	(-1, -1)	b' firefighters'	-12.16976105783722
11758	(-1, -1)	b' Mourinho'	-12.169123099282888
11759	(-1, -1)	b'\xe6\x97\xb6\xe9\xab\xa6'	-12.16721166193762
11760	(-1, -1)	b' _taboola.push'	-12.171677379087985
11761	(-1, -1)	b'press'	-9.975163483325277
11762	(-1, -1)	b'mu'	-9.789482487378539
11763	(-1, -1)	b'struction'	-11.133010595062501
11764	(-1, -1)	b' Securities'	-12.175521073762548
11765	(-1, -1)	b'\xe7\x89\xba\xe7\x89\xb2'	-12.176163128359242
11766	(-1, -1)	b' experiencing'	-12.178091769265649
11767	(-1, -1)	b' Palestinian'	-11.66495222236926
11768	(-1, -1)	b'\xe8\xaf\xa0\xe9\x87\x8a'	-12.178735477044555
11769	(-1, -1)	b'\xe8\xb0\xa2\xe9\x9c\x86\xe9\x94\x8b'	-12.179379599450076
11770	(-1, -1)	b'\xe9\xa9\xac\xe6\x9d\xa5\xe8\xa5\xbf\xe4\xba\x9a'	-12.181960246043568
11771	(-1, -1)	b' Arkansas'	-12.183253071045874
11772	(-1, -1)	b"e's"	-10.158651652381465
11773	(-1, -1)	b' ingredients'	-12.186492464873124
11774	(-1, -1)	b' Bangladesh'	-12.059308233275681
11775	(-1, -1)	b' authentic'	-12.148920391965369
11776	(-1, -1)	b'\xe0\xae\xb2\xe0\xaf\x8d'	-10.995188804076179
11777	(-1, -1)	b'ews'	-10.151757127901114
11778	(-1, -1)	b' surrounded'	-12.194964330466775
11779	(-1, -1)	b'\xe9\x80\xbb\xe8\xbe\x91'	-12.196274088348838
11780	(-1, -1)	b' Vietnam'	-11.940890478461206
11781	(-1, -1)	b' Philippines'	-12.19758556394665
11782	(-1, -1)	b' Manhattan'	-12.135880778457565
11783	(-1, -1)	b' keessa'	-11.233379941481918
11784	(-1, -1)	b' sufficient'	-12.202189320844708
11785	(-1, -1)	b' Jerusalem'	-12.202189320844708
11786	(-1, -1)	b'\xe7\xad\x89\xe6\x95\x88\xe7\x84\xa6\xe8\xb7\x9d'	-12.203508582249771
11787	(-1, -1)	b' sha'	-10.37630126938974
11788	(-1, -1)	b' technique'	-11.45796310747846
11789	(-1, -1)	b' \xe0\xa4\xb8\xe0\xa4\xb0\xe0\xa4\x95\xe0\xa4\xbe\xe0\xa4\xb0'	-12.20681437038427
11790	(-1, -1)	b'tics'	-10.094075764330155
11791	(-1, -1)	b' frequent'	-11.187895328751042
11792	(-1, -1)	b'Perhaps'	-11.488813065483622
11793	(-1, -1)	b' execution'	-11.951094648635449
11794	(-1, -1)	b'lie'	-10.212159109307395
11795	(-1, -1)	b' Cincinnati'	-12.210795795683456
11796	(-1, -1)	b' integrity'	-12.215460915773612
11797	(-1, -1)	b' Ko'	-10.167315656824618
11798	(-1, -1)	b'\xe7\xb5\x84\xe7\xb9\x94'	-12.220819267509231
11799	(-1, -1)	b'sl'	-10.614879744003716
11800	(-1, -1)	b'\xe6\xb7\x8b\xe6\xbc\x93'	-12.223509248956441
11801	(-1, -1)	b' Independence'	-12.224182876465916
11802	(-1, -1)	b'\xe0\xb0\xb2\xe0\xb1\x81'	-10.827831440970753
11803	(-1, -1)	b' organisation'	-11.56530909847373
11804	(-1, -1)	b'\xe5\xa1\x9e\xe5\xb0\x94\xe7\xbb\xb4\xe4\xba\x9a'	-12.229588295032823
11805	(-1, -1)	b' prosecution'	-12.153932933788912
11806	(-1, -1)	b' furniture'	-12.23026603141932
11807	(-1, -1)	b'\xe0\xa8\x9c\xe0\xa8\xbc'	-11.49399442422562
11808	(-1, -1)	b'\xe0\xaa\xb5\xe0\xaa\xbe'	-10.707457442618301
11809	(-1, -1)	b'\xe7\x9b\x98\xe5\x8f\xa3\xe5\xbd\xa2\xe5\x8a\xbf\xe4\xb8\xba'	-12.238434899173116
11810	(-1, -1)	b' distribut'	-10.796312088500285
11811	(-1, -1)	b'Instead'	-11.181936545775695
11812	(-1, -1)	b'\xe0\xa4\xa4\xe0\xa5\x8d\xe0\xa4\xa4'	-12.158339613881859
11813	(-1, -1)	b'\xe9\x98\xbf\xe5\xbe\xb7\xe5\xb0\x94\xe6\x9b\xbc'	-12.246671047309054
11814	(-1, -1)	b'Absolutely'	-11.918801226914733
11815	(-1, -1)	b' privilege'	-11.821416825326915
11816	(-1, -1)	b'\xe8\x90\x9d\xe5\x8d\x9c'	-12.250814699646709
11817	(-1, -1)	b' unemployment'	-12.25150698074047
11818	(-1, -1)	b' Vladimir'	-12.23366162042046
11819	(-1, -1)	b' Malaysia'	-11.810664033550653
11820	(-1, -1)	b'\xe8\x9d\x99\xe8\x9d\xa0'	-12.25219974141937
11821	(-1, -1)	b' praise'	-11.411756325988648
11822	(-1, -1)	b'\xe4\xbc\x91\xe6\x96\xaf\xe6\x95\xa6'	-12.254975593305874
11823	(-1, -1)	b'\xe7\x83\xa6\xe6\x81\xbc'	-12.256366414114217
11824	(-1, -1)	b' Gi'	-10.504960287159541
11825	(-1, -1)	b' adopt'	-10.845668023547608
11826	(-1, -1)	b'pol'	-10.767324551627032
11827	(-1, -1)	b' Professor'	-12.228234198685094
11828	(-1, -1)	b' prosecutor'	-11.190528484072578
11829	(-1, -1)	b'\xe0\xa6\xa1\xe0\xa6\xbc'	-11.892825740511473
11830	(-1, -1)	b' Ran'	-10.69803868277496
11831	(-1, -1)	b' enthusi'	-11.787755542753784
11832	(-1, -1)	b' ja'	-10.262892952511432
11833	(-1, -1)	b' accomplish'	-11.46267195309658
11834	(-1, -1)	b'\xc6\xb0\xe1\xbb\x9dng'	-12.26475220749049
11835	(-1, -1)	b' c\xc5\xa9ng'	-12.26475220749049
11836	(-1, -1)	b' unfortunate'	-11.129396405449562
11837	(-1, -1)	b'roduct'	-10.454911578080997
11838	(-1, -1)	b' Melbourne'	-12.275334316821027
11839	(-1, -1)	b'\xe0\xb8\x84\xe0\xb8\xa7\xe0\xb8\xb2\xe0\xb8\xa1'	-12.18519544783008
11840	(-1, -1)	b'\xe0\xb9\x80\xe0\xb8\x82'	-12.088884178521308
11841	(-1, -1)	b'Obviously'	-11.670747100474626
11842	(-1, -1)	b' \xd0\xbf\xd1\x80\xd0\xb5\xd0\xb7\xd0\xb8\xd0\xb4\xd0\xb5\xd0\xbd\xd1\x82'	-12.281737753856234
11843	(-1, -1)	b'yon'	-10.600161790343119
11844	(-1, -1)	b'cu'	-9.429271055019806
11845	(-1, -1)	b' nonprofit'	-12.153304990283193
11846	(-1, -1)	b'vid'	-10.415938293439813
11847	(-1, -1)	b' manufacturer'	-11.32996689298017
11848	(-1, -1)	b'\xe0\xb0\xb0\xe0\xb1\x8d'	-10.671586320164606
11849	(-1, -1)	b'\xe9\x98\xbf\xe9\x87\x8c\xe7\xba\xb3\xe6\x96\xaf'	-12.218806519429535
11850	(-1, -1)	b' Fa'	-10.83502872703985
11851	(-1, -1)	b'tor'	-9.534951958807705
11852	(-1, -1)	b'i\xc3\xb3n'	-10.930120553396263
11853	(-1, -1)	b' municipal'	-12.033362051331096
11854	(-1, -1)	b' loyal'	-11.71268362519045
11855	(-1, -1)	b'\xe8\x9d\xb4\xe8\x9d\xb6'	-12.30776959257418
11856	(-1, -1)	b'\xe5\xba\x9e\xe5\xa4\xa7'	-11.554213284218676
11857	(-1, -1)	b' component'	-11.503782430591784
11858	(-1, -1)	b' Kardashian'	-12.147671172564936
11859	(-1, -1)	b' inappropriate'	-12.091241280378691
11860	(-1, -1)	b' goalkeeper'	-12.228234198685094
11861	(-1, -1)	b'lli'	-10.482629667938484
11862	(-1, -1)	b'tra'	-10.1640471178748
11863	(-1, -1)	b'\xd1\x98'	-9.95218204393057
11864	(-1, -1)	b' Po'	-9.430837355162783
11865	(-1, -1)	b' Ru'	-10.26631143461741
11866	(-1, -1)	b'\xe7\xbb\x8f\xe6\xb5\x8e\xe9\x80\x82\xe7\x94\xa8\xe6\x88\xbf'	-12.099535166784625
11867	(-1, -1)	b' \xd1\x80'	-10.533997549300699
11868	(-1, -1)	b'tre'	-10.439524028787437
11869	(-1, -1)	b' Sha'	-10.53561496800478
11870	(-1, -1)	b'las'	-9.932574247088233
11871	(-1, -1)	b' prescription'	-12.032249085161675
11872	(-1, -1)	b' communicate'	-12.075437615205564
11873	(-1, -1)	b' _nl_'	-12.345087355581375
11874	(-1, -1)	b' subsidi'	-11.633853773942123
11875	(-1, -1)	b' exhibit'	-11.195815686968498
11876	(-1, -1)	b' jo'	-10.500502179890384
11877	(-1, -1)	b' deposit'	-11.343561220798495
11878	(-1, -1)	b'\xe7\x9a\x84\xe7\xac\xac'	-10.840925467233086
11879	(-1, -1)	b' disappear'	-11.547682929339127
11880	(-1, -1)	b'rus'	-10.017642734502177
11881	(-1, -1)	b'shi'	-9.998321655969205
11882	(-1, -1)	b' \xe1\x80\x96\xe1\x80\xbc\xe1\x80\x85\xe1\x80\xba\xe1\x80'	-12.357329283522642
11883	(-1, -1)	b'\xd1\x81\xd0\xb8'	-10.593938665327327
11884	(-1, -1)	b'-quarter'	-12.194310094264178
11885	(-1, -1)	b'vision'	-9.917629924605901
11886	(-1, -1)	b'.html'	-11.967119804185542
11887	(-1, -1)	b' tremendous'	-12.203508582249771
11888	(-1, -1)	b' Na\xe1\xbb\x8bjir\xe1\xbb\x8ba'	-12.365833393528941
11889	(-1, -1)	b'-and-'	-10.962220916309889
11890	(-1, -1)	b'\xe0\xae\x99\xe0\xaf\x8d\xe0\xae\x95'	-11.340493305967158
11891	(-1, -1)	b'chan'	-10.251769157567757
11892	(-1, -1)	b'\xe5\xbf\x83\xe7\x90\x86\xe6\xb5\x8b\xe8\xaf\x95\xe5\xbe\x81\xe7\xa8\xbf\xe5\x90\xaf\xe4\xba\x8b'	-12.372845498614398
11893	(-1, -1)	b'1.0'	-10.826165051649966
11894	(-1, -1)	b'\xe6\x84\x89\xe5\xbf\xab'	-12.149545587359286
11895	(-1, -1)	b'Officials'	-11.904504705375619
11896	(-1, -1)	b' Netherlands'	-12.38385189903162
11897	(-1, -1)	b' Sacramento'	-12.358099402929206
11898	(-1, -1)	b'kh'	-10.567496225986467
11899	(-1, -1)	b' Auto'	-11.366732644614693
11900	(-1, -1)	b' Hunt'	-11.052602399850631
11901	(-1, -1)	b' borrow'	-11.672298089540876
11902	(-1, -1)	b'\xd1\x80\xd0\xb8'	-9.914145833979314
11903	(-1, -1)	b'\xe7\x82\xb9\xe5\x87\xbb\xe6\x9f\xa5\xe7\x9c\x8b\xe6\x9b\xb4\xe5\xa4\x9a\xe6\x89\x93\xe6\x8a\x98\xe4\xbc\x98\xe6\x83\xa0\xe6\xa5\xbc\xe7\x9b\x98\xe4\xbf\xa1\xe6\x81\xaf'	-12.40139620868253
11904	(-1, -1)	b' anonymous'	-12.09656516163144
11905	(-1, -1)	b'\xe0\xa4\xb8\xe0\xa5\x8d\xe0\xa4\xa5'	-11.714705870571217
11906	(-1, -1)	b'\xd0\xbd\xd1\x83'	-11.04077039881677
11907	(-1, -1)	b'sk'	-9.890091280926365
11908	(-1, -1)	b' acknowledge'	-11.301711821278657
11909	(-1, -1)	b'\xe4\xb8\xaa\xe4\xba\xa4\xe6\x98\x93\xe6\x97\xa5'	-11.613524114265173
11910	(-1, -1)	b'Mo'	-10.625040367892915
11911	(-1, -1)	b' Ki'	-10.975664560301492
11912	(-1, -1)	b' substitute'	-12.130957691591195
11913	(-1, -1)	b'tes'	-10.219484486853176
11914	(-1, -1)	b' wi'	-10.3896625926359
11915	(-1, -1)	b' Istanbul'	-12.419253826082537
11916	(-1, -1)	b'\xe0\xb1\x82'	-10.989291401491483
11917	(-1, -1)	b' MO'	-10.97585792779702
11918	(-1, -1)	b'\xe4\xb8\xad\xe5\x85\xb1\xe4\xb8\xad\xe5\xa4\xae\xe6\x94\xbf\xe6\xb2\xbb\xe5\xb1\x80'	-12.396580790067663
11919	(-1, -1)	b' prompt'	-11.23413078621748
11920	(-1, -1)	b' Az\xc9\x99rbay'	-12.435769478113258
11921	(-1, -1)	b'\xe4\xba\xa4\xe9\x93\xb6\xe6\x96\xbd\xe7\xbd\x97\xe5\xbe\xb7'	-12.438270521517847
11922	(-1, -1)	b'nis'	-10.673585464054748
11923	(-1, -1)	b'\xe8\x9c\x98\xe8\x9b\x9b'	-12.442452878095326
11924	(-1, -1)	b' temporarily'	-12.44413073083794
11925	(-1, -1)	b'til'	-11.06098995164412
11926	(-1, -1)	b' sacrifice'	-12.01024599727761
11927	(-1, -1)	b'\xe1\x80\xb7\xe1\x80\xba'	-11.48558829648461
11928	(-1, -1)	b' clinic'	-11.136183761822961
11929	(-1, -1)	b' observ'	-10.91563153330538
11930	(-1, -1)	b'\xe0\xb0\x82\xe0\xb0\xa6\xe0\xb0\xbf'	-11.412354591037902
11931	(-1, -1)	b' Wimbledon'	-12.439105594635267
11932	(-1, -1)	b'\xe1\x89\xb5\xe1\x8b\xae\xe1\x8c\xb5\xe1\x8b\xab'	-12.366610092597114
11933	(-1, -1)	b'\xd0\xbb\xd0\xbe'	-10.541860304317233
11934	(-1, -1)	b' unprecedented'	-12.46620293419344
11935	(-1, -1)	b' Hurricane'	-12.113915282766678
11936	(-1, -1)	b' philosophy'	-12.473093572999565
11937	(-1, -1)	b'\xe3\x83\x88\xe3\x83\xa9\xe3\x83\xb3\xe3\x83\x97'	-12.475689853125196
11938	(-1, -1)	b' Muhammad'	-11.888962867528441
11939	(-1, -1)	b' Wo'	-10.51894482831372
11940	(-1, -1)	b'\xe0\xb9\x81\xe0\xb8\xa5\xe0\xb8\xb0'	-11.716326616468951
11941	(-1, -1)	b' Environmental'	-12.49582182407712
11942	(-1, -1)	b'nic'	-10.353833132644638
11943	(-1, -1)	b'\xe8\xbf\x99\xe4\xb8\x80\xe7\x9b\x98\xe5\x8f\xa3\xe7\x8a\xb6\xe6\x80\x81\xe4\xb8\x8b\xe8\x8b\xb1\xe5\x9b\xbd\xe5\xbf\x85\xe5\x8f\x91\xe5\x85\xac\xe5\x8f\xb8\xe4\xba\x9a\xe6\xb4\xb2\xe7\x9b\x98\xe4\xba\xa4\xe6\x98\x93\xe6\x95\xb0\xe6\x8d\xae\xe6\x98\xbe\xe7\xa4\xba'	-12.500252491493605
11944	(-1, -1)	b'\xd1\x9a'	-10.82068558588534
11945	(-1, -1)	b' Ukrainian'	-12.435769478113258
11946	(-1, -1)	b'san'	-10.130772641258215
11947	(-1, -1)	b'\xe0\xb8\x9c\xe0\xb8\xb9\xe0\xb9\x89'	-12.144554934455728
11948	(-1, -1)	b' contemporary'	-12.513663510553611
11949	(-1, -1)	b'\xe5\xb4\xa9\xe6\xba\x83'	-12.515465312842874
11950	(-1, -1)	b' Minneapolis'	-12.51456400588686
11951	(-1, -1)	b'rac'	-10.304509176463482
11952	(-1, -1)	b'_COUNT_'	-12.5199840733562
11953	(-1, -1)	b' publish'	-11.43443989346903
11954	(-1, -1)	b'sta'	-9.907081021870198
11955	(-1, -1)	b'\xe5\xb7\xa8\xe8\x9f\xb9\xe5\xba\xa7'	-12.421713851923398
11956	(-1, -1)	b'dy'	-9.055041057271852
11957	(-1, -1)	b'Whether'	-11.791245947693552
11958	(-1, -1)	b'\xe9\x9d\x9e\xe8\xaf\x9a\xe5\x8b\xbf\xe6\x89\xb0'	-12.544744623036852
11959	(-1, -1)	b'\xe6\x8a\x98\xe5\x90\x88\xe4\xba\x9a\xe7\x9b\x98\xe4\xb8\xbb\xe8\xae\xa9'	-12.544744623036852
11960	(-1, -1)	b' hurricane'	-12.210795795683456
11961	(-1, -1)	b' subsequent'	-11.883675664632523
11962	(-1, -1)	b'\xe0\xb9\x80\xe0\xb8\xa1'	-12.261249576939289
11963	(-1, -1)	b' audit'	-11.542216567931044
11964	(-1, -1)	b'\xd1\x82\xd0\xb5'	-10.313243723309755
11965	(-1, -1)	b'\xe0\xb9\x80\xe0\xb8\x9e'	-12.174238199949658
11966	(-1, -1)	b' entrepreneur'	-12.001039325151705
11967	(-1, -1)	b' principle'	-11.802674643517175
11968	(-1, -1)	b' sponsor'	-11.222184402229674
11969	(-1, -1)	b'\xe0\xae\xb3\xe0\xaf\x8d\xe0\xae\xb3'	-11.650420417890015
11970	(-1, -1)	b'gs'	-9.970482291714205
11971	(-1, -1)	b' Ri'	-10.501344082640214
11972	(-1, -1)	b'\xb7\xe1\x80'	-11.098098767133607
11973	(-1, -1)	b'\xe0\xb0\x9a\xe0\xb1\x8d\xe0\xb0\x9a'	-12.502030269739604
11974	(-1, -1)	b'graph'	-10.38847960599474
11975	(-1, -1)	b'\xd1\x91'	-11.066691582547783
11976	(-1, -1)	b'\xe0\xa4\xbe\xe0\xa4\xb7\xe0\xa5\x8d\xe0\xa4\x9f\xe0\xa5\x8d\xe0\xa4\xb0'	-12.389400862932854
11977	(-1, -1)	b'yer'	-10.956324560662772
11978	(-1, -1)	b'\xe8\xbd\xac\xe8\xbd\xbd\xe8\xaf\xb7\xe6\xb3\xa8\xe6\x98\x8e\xe5\x87\xba\xe5\xa4\x84'	-12.593256274462526
11979	(-1, -1)	b'\xe1\x80\xb8\xe1\x80'	-10.34319638238694
11980	(-1, -1)	b'cal'	-10.142133552025362
11981	(-1, -1)	b'du'	-9.681986794167619
11982	(-1, -1)	b'sed'	-10.250363939293525
11983	(-1, -1)	b' pedestrian'	-11.988184300779775
11984	(-1, -1)	b'\xe0\xa9\xb1\xe0\xa8\x96'	-12.435769478113258
11985	(-1, -1)	b'ded'	-9.707878555824307
11986	(-1, -1)	b' assumption'	-11.967641044749858
11987	(-1, -1)	b' \xd0\x8e\xd0\xb7\xd0\xb1\xd0\xb5\xd0\xba\xd0\xb8\xd1\x81\xd1\x82\xd0\xbe\xd0\xbd'	-12.628974357064605
11988	(-1, -1)	b' contra'	-10.743436336452337
11989	(-1, -1)	b'eo'	-10.712943407893025
11990	(-1, -1)	b'Ma'	-10.411089264762868
11991	(-1, -1)	b'transparencymarketresearch.com'	-12.655588005582695
11992	(-1, -1)	b' immigrant'	-11.449542661654787
11993	(-1, -1)	b'\xe6\x96\x87\xe7\x89\xa9\xe4\xbf\x9d\xe8\xad\xb7\xe5\x96\xae\xe4\xbd\x8d'	-12.654551198854255
11994	(-1, -1)	b' supremacist'	-11.673851487911497
11995	(-1, -1)	b'damn'	-11.6761861193221
11996	(-1, -1)	b'<_EOS_>'	special
11997	(-1, -1)	b'<_SOS_>'	special
11998	(-1, -1)	b'<_SEP_>'	special
11999	(-1, -1)	b'<_PAD_>'	special
