0	(-1, -1)	b'\x00'	-inf
1	(-1, -1)	b'\x01'	-17.925305207207707
2	(-1, -1)	b'\x02'	-18.436130830973696
3	(-1, -1)	b'\x03'	-17.23215802664776
4	(-1, -1)	b'\x04'	-inf
5	(-1, -1)	b'\x05'	-inf
6	(-1, -1)	b'\x06'	-inf
7	(-1, -1)	b'\x07'	-19.534743119641806
8	(-1, -1)	b'\x08'	-19.534743119641806
9	(-1, -1)	b'\t'	-10.957772724189708
10	(-1, -1)	b'\n'	-10.347466687264175
11	(-1, -1)	b'\x0b'	-inf
12	(-1, -1)	b'\x0c'	-inf
13	(-1, -1)	b'\r'	-inf
14	(-1, -1)	b'\x0e'	-inf
15	(-1, -1)	b'\x0f'	-inf
16	(-1, -1)	b'\x10'	-19.534743119641806
17	(-1, -1)	b'\x11'	-inf
18	(-1, -1)	b'\x12'	-inf
19	(-1, -1)	b'\x13'	-inf
20	(-1, -1)	b'\x14'	-inf
21	(-1, -1)	b'\x15'	-inf
22	(-1, -1)	b'\x16'	-inf
23	(-1, -1)	b'\x17'	-inf
24	(-1, -1)	b'\x18'	-inf
25	(-1, -1)	b'\x19'	-inf
26	(-1, -1)	b'\x1a'	-inf
27	(-1, -1)	b'\x1b'	-inf
28	(-1, -1)	b'\x1c'	-inf
29	(-1, -1)	b'\x1d'	-inf
30	(-1, -1)	b'\x1e'	-18.84159593908186
31	(-1, -1)	b'\x1f'	-15.440398557419705
32	(-1, -1)	b' '	-4.5058753291653995
33	(-1, -1)	b'!'	-6.787279758466883
34	(-1, -1)	b'"'	-5.2772934579111554
35	(-1, -1)	b'#'	-9.467437481876283
36	(-1, -1)	b'$'	-7.7748950786930955
37	(-1, -1)	b'%'	-7.116244147638628
38	(-1, -1)	b'&'	-8.802812925804718
39	(-1, -1)	b"'"	-6.697361463920391
40	(-1, -1)	b'('	-6.0642711852442135
41	(-1, -1)	b')'	-5.983988784598089
42	(-1, -1)	b'*'	-7.615159924686355
43	(-1, -1)	b'+'	-8.692988102428155
44	(-1, -1)	b','	-4.146704306943771
45	(-1, -1)	b'-'	-5.8451121612252805
46	(-1, -1)	b'.'	-3.9166699899958592
47	(-1, -1)	b'/'	-6.97295949463739
48	(-1, -1)	b'0'	-9.153966044559143
49	(-1, -1)	b'1'	-6.986780795507152
50	(-1, -1)	b'2'	-7.154200493764106
51	(-1, -1)	b'3'	-7.013155602668407
52	(-1, -1)	b'4'	-7.350358978556786
53	(-1, -1)	b'5'	-7.376511838533933
54	(-1, -1)	b'6'	-7.63455725121826
55	(-1, -1)	b'7'	-7.710113926377888
56	(-1, -1)	b'8'	-7.700770924645964
57	(-1, -1)	b'9'	-7.8647198931872255
58	(-1, -1)	b':'	-6.298113996109134
59	(-1, -1)	b';'	-7.841139113555632
60	(-1, -1)	b'<'	-10.141747913081549
61	(-1, -1)	b'='	-9.214257223183841
62	(-1, -1)	b'>'	-8.55951785311011
63	(-1, -1)	b'?'	-6.221313201190836
64	(-1, -1)	b'@'	-9.023094542952409
65	(-1, -1)	b'A'	-7.26408195422402
66	(-1, -1)	b'B'	-7.37411773202357
67	(-1, -1)	b'C'	-7.161720625650101
68	(-1, -1)	b'D'	-6.9759628897465396
69	(-1, -1)	b'E'	-7.53650062631941
70	(-1, -1)	b'F'	-7.492985132613129
71	(-1, -1)	b'G'	-7.54463361637541
72	(-1, -1)	b'H'	-7.570691081195531
73	(-1, -1)	b'I'	-6.5643986958085305
74	(-1, -1)	b'J'	-8.23266215039877
75	(-1, -1)	b'K'	-7.891201757977983
76	(-1, -1)	b'L'	-7.576414142294075
77	(-1, -1)	b'M'	-7.2894689919124955
78	(-1, -1)	b'N'	-7.808659794835715
79	(-1, -1)	b'O'	-7.779632549918162
80	(-1, -1)	b'P'	-7.3680403983963405
81	(-1, -1)	b'Q'	-9.41654749461257
82	(-1, -1)	b'R'	-7.615726076170308
83	(-1, -1)	b'S'	-7.1853756492865255
84	(-1, -1)	b'T'	-7.4119162227149
85	(-1, -1)	b'U'	-8.124725624723999
86	(-1, -1)	b'V'	-8.168741180074377
87	(-1, -1)	b'W'	-7.767439036929064
88	(-1, -1)	b'X'	-8.581133487598002
89	(-1, -1)	b'Y'	-8.41766417011392
90	(-1, -1)	b'Z'	-9.2209687687183
91	(-1, -1)	b'['	-8.487813326519776
92	(-1, -1)	b'\\'	-12.585845897328493
93	(-1, -1)	b']'	-8.474515889760958
94	(-1, -1)	b'^'	-13.01707184672953
95	(-1, -1)	b'_'	-8.720218612180071
96	(-1, -1)	b'`'	-11.218931987758266
97	(-1, -1)	b'a'	-6.610747757570286
98	(-1, -1)	b'b'	-7.408070888099927
99	(-1, -1)	b'c'	-7.126521780517937
100	(-1, -1)	b'd'	-6.8436951077482755
101	(-1, -1)	b'e'	-6.957100021151207
102	(-1, -1)	b'f'	-7.457208639384848
103	(-1, -1)	b'g'	-7.737165166780161
104	(-1, -1)	b'h'	-7.4110634414830665
105	(-1, -1)	b'i'	-6.413624516647788
106	(-1, -1)	b'j'	-8.470874213706605
107	(-1, -1)	b'k'	-7.393267663636826
108	(-1, -1)	b'l'	-7.359387446773693
109	(-1, -1)	b'm'	-7.217616695873217
110	(-1, -1)	b'n'	-7.059078546092173
111	(-1, -1)	b'o'	-6.73695542431621
112	(-1, -1)	b'p'	-7.489655286850867
113	(-1, -1)	b'q'	-9.390114939089813
114	(-1, -1)	b'r'	-7.058918183825834
115	(-1, -1)	b's'	-4.876024481623841
116	(-1, -1)	b't'	-7.242905707150839
117	(-1, -1)	b'u'	-6.841026480045824
118	(-1, -1)	b'v'	-8.31126127774302
119	(-1, -1)	b'w'	-7.473499733679825
120	(-1, -1)	b'x'	-8.689199627345497
121	(-1, -1)	b'y'	-6.478090149765754
122	(-1, -1)	b'z'	-8.091489327920897
123	(-1, -1)	b'{'	-10.314947588894869
124	(-1, -1)	b'|'	-9.887891271152133
125	(-1, -1)	b'}'	-10.25805336712409
126	(-1, -1)	b'~'	-10.016329985566108
127	(-1, -1)	b'\x7f'	-15.375860036282134
128	(-1, -1)	b'\x80'	-7.993074719139366
129	(-1, -1)	b'\x81'	-7.930661545629737
130	(-1, -1)	b'\x82'	-7.814697799815248
131	(-1, -1)	b'\x83'	-8.216616732976645
132	(-1, -1)	b'\x84'	-7.8225488504908895
133	(-1, -1)	b'\x85'	-7.868976403200131
134	(-1, -1)	b'\x86'	-7.894929529766537
135	(-1, -1)	b'\x87'	-8.060548088031641
136	(-1, -1)	b'\x88'	-8.006259315755726
137	(-1, -1)	b'\x89'	-7.772951777201587
138	(-1, -1)	b'\x8a'	-7.882255732299086
139	(-1, -1)	b'\x8b'	-8.38106733898278
140	(-1, -1)	b'\x8c'	-8.021097913747228
141	(-1, -1)	b'\x8d'	-8.49995023449105
142	(-1, -1)	b'\x8e'	-8.407656621644565
143	(-1, -1)	b'\x8f'	-8.00824024625789
144	(-1, -1)	b'\x90'	-7.941049056674028
145	(-1, -1)	b'\x91'	-7.912039909353335
146	(-1, -1)	b'\x92'	-8.232859725169115
147	(-1, -1)	b'\x93'	-8.05814974391898
148	(-1, -1)	b'\x94'	-7.865130195192349
149	(-1, -1)	b'\x95'	-7.564418124408865
150	(-1, -1)	b'\x96'	-8.034831974749263
151	(-1, -1)	b'\x97'	-8.3175050174615
152	(-1, -1)	b'\x98'	-7.70672228380995
153	(-1, -1)	b'\x99'	-8.048387528214196
154	(-1, -1)	b'\x9a'	-7.841581604368645
155	(-1, -1)	b'\x9b'	-7.812553984791408
156	(-1, -1)	b'\x9c'	-7.815576141432724
157	(-1, -1)	b'\x9d'	-8.1263562859467
158	(-1, -1)	b'\x9e'	-8.175668379489839
159	(-1, -1)	b'\x9f'	-7.971780649084447
160	(-1, -1)	b'\xa0'	-8.061567307688888
161	(-1, -1)	b'\xa1'	-7.731105178534768
162	(-1, -1)	b'\xa2'	-8.312731610704098
163	(-1, -1)	b'\xa3'	-8.172594033859886
164	(-1, -1)	b'\xa4'	-7.763716309701698
165	(-1, -1)	b'\xa5'	-8.081790613866229
166	(-1, -1)	b'\xa6'	-8.005235895079899
167	(-1, -1)	b'\xa7'	-8.216677488163638
168	(-1, -1)	b'\xa8'	-7.756757028656344
169	(-1, -1)	b'\xa9'	-7.885461505431252
170	(-1, -1)	b'\xaa'	-7.708138942194122
171	(-1, -1)	b'\xab'	-8.037256218360769
172	(-1, -1)	b'\xac'	-7.877085475715555
173	(-1, -1)	b'\xad'	-8.013998305619445
174	(-1, -1)	b'\xae'	-8.172663800490536
175	(-1, -1)	b'\xaf'	-7.809492410793247
176	(-1, -1)	b'\xb0'	-7.781439476435814
177	(-1, -1)	b'\xb1'	-8.061733809588434
178	(-1, -1)	b'\xb2'	-7.9251810821878035
179	(-1, -1)	b'\xb3'	-8.301306715028272
180	(-1, -1)	b'\xb4'	-8.129792696336876
181	(-1, -1)	b'\xb5'	-7.842926976617083
182	(-1, -1)	b'\xb6'	-8.19443445531782
183	(-1, -1)	b'\xb7'	-7.9598762531313945
184	(-1, -1)	b'\xb8'	-7.50439384687736
185	(-1, -1)	b'\xb9'	-7.906499877491531
186	(-1, -1)	b'\xba'	-8.716325760870864
187	(-1, -1)	b'\xbb'	-8.395784095720371
188	(-1, -1)	b'\xbc'	-8.154081279824418
189	(-1, -1)	b'\xbd'	-8.242152653663748
190	(-1, -1)	b'\xbe'	-8.189077214988874
191	(-1, -1)	b'\xbf'	-8.546894344207429
192	(-1, -1)	b'\xc0'	-inf
193	(-1, -1)	b'\xc1'	-inf
194	(-1, -1)	b'\xc2'	-10.016329985566108
195	(-1, -1)	b'\xc3'	-10.074422542397853
196	(-1, -1)	b'\xc4'	-10.027488423900264
197	(-1, -1)	b'\xc5'	-10.556965520896325
198	(-1, -1)	b'\xc6'	-10.526151802125677
199	(-1, -1)	b'\xc7'	-13.861419852470313
200	(-1, -1)	b'\xc8'	-16.826692918539596
201	(-1, -1)	b'\xc9'	-11.988296845895782
202	(-1, -1)	b'\xca'	-14.807355300929466
203	(-1, -1)	b'\xcb'	-15.023883613124957
204	(-1, -1)	b'\xcc'	-14.266884960578478
205	(-1, -1)	b'\xcd'	-15.140293964969368
206	(-1, -1)	b'\xce'	-11.304965369559918
207	(-1, -1)	b'\xcf'	-13.226644678132276
208	(-1, -1)	b'\xd0'	-9.407192438732084
209	(-1, -1)	b'\xd1'	-9.608320595823182
210	(-1, -1)	b'\xd2'	-10.572992320311307
211	(-1, -1)	b'\xd3'	-12.922702084808714
212	(-1, -1)	b'\xd4'	-inf
213	(-1, -1)	b'\xd5'	-18.436130830973696
214	(-1, -1)	b'\xd6'	-17.23215802664776
215	(-1, -1)	b'\xd7'	-15.773543003948244
216	(-1, -1)	b'\xd8'	-10.761358522865159
217	(-1, -1)	b'\xd9'	-10.092101258566649
218	(-1, -1)	b'\xda'	-9.58175137220259
219	(-1, -1)	b'\xdb'	-9.96212353700706
220	(-1, -1)	b'\xdc'	-18.84159593908186
221	(-1, -1)	b'\xdd'	-inf
222	(-1, -1)	b'\xde'	-inf
223	(-1, -1)	b'\xdf'	-inf
224	(-1, -1)	b'\xe0'	-11.080915803847388
225	(-1, -1)	b'\xe1'	-13.101803026902626
226	(-1, -1)	b'\xe2'	-9.434045397817973
227	(-1, -1)	b'\xe3'	-11.540110808209981
228	(-1, -1)	b'\xe4'	-14.585983229263638
229	(-1, -1)	b'\xe5'	-9.302059739455242
230	(-1, -1)	b'\xe6'	-8.989954465269344
231	(-1, -1)	b'\xe7'	-9.275821392603078
232	(-1, -1)	b'\xe8'	-9.285009818657485
233	(-1, -1)	b'\xe9'	-8.53847692779692
234	(-1, -1)	b'\xea'	-10.035771126178254
235	(-1, -1)	b'\xeb'	-8.695966452822208
236	(-1, -1)	b'\xec'	-8.982765852090154
237	(-1, -1)	b'\xed'	-9.397369919259566
238	(-1, -1)	b'\xee'	-16.826692918539596
239	(-1, -1)	b'\xef'	-10.869819816201232
240	(-1, -1)	b'\xf0'	-11.505310279060563
241	(-1, -1)	b'\xf1'	-inf
242	(-1, -1)	b'\xf2'	-inf
243	(-1, -1)	b'\xf3'	-16.35668928929386
244	(-1, -1)	b'\xf4'	-inf
245	(-1, -1)	b'\xf5'	-inf
246	(-1, -1)	b'\xf6'	-inf
247	(-1, -1)	b'\xf7'	-inf
248	(-1, -1)	b'\xf8'	-inf
249	(-1, -1)	b'\xf9'	-inf
250	(-1, -1)	b'\xfa'	-inf
251	(-1, -1)	b'\xfb'	-inf
252	(-1, -1)	b'\xfc'	-inf
253	(-1, -1)	b'\xfd'	-inf
254	(-1, -1)	b'\xfe'	-inf
255	(-1, -1)	b'\xff'	-inf
256	(-1, -1)	b' t'	-7.4087477657165195
257	(-1, -1)	b' a'	-4.8443285670941485
258	(-1, -1)	b'in'	-6.884087222212808
259	(-1, -1)	b'he'	-8.761113491257502
260	(-1, -1)	b'\xe4\xb8'	-9.706787629718114
261	(-1, -1)	b'\xef\xbc'	-10.095197604972817
262	(-1, -1)	b'\xef\xbc\x8c'	-3.8868063099739882
263	(-1, -1)	b're'	-7.632658095771358
264	(-1, -1)	b' s'	-7.734055585419626
265	(-1, -1)	b'on'	-7.408921120069502
266	(-1, -1)	b' the'	-4.261410411357799
267	(-1, -1)	b'er'	-6.315639676117107
268	(-1, -1)	b' w'	-8.058533507608237
269	(-1, -1)	b'at'	-7.337786902757914
270	(-1, -1)	b'\xe7\x9a\x84'	-4.822306113186289
271	(-1, -1)	b'ou'	-9.88215579546493
272	(-1, -1)	b'an'	-6.9185595080669104
273	(-1, -1)	b'it'	-7.371374446775666
274	(-1, -1)	b'or'	-7.071040475539849
275	(-1, -1)	b' b'	-7.358774074728865
276	(-1, -1)	b' c'	-7.710384876499093
277	(-1, -1)	b'en'	-7.101893531565002
278	(-1, -1)	b'\xe4\xba'	-9.864070738116618
279	(-1, -1)	b'is'	-7.457208639384848
280	(-1, -1)	b' f'	-7.632089051749933
281	(-1, -1)	b'ing'	-5.916569486998444
282	(-1, -1)	b' p'	-7.487302848412118
283	(-1, -1)	b'es'	-7.215837447337313
284	(-1, -1)	b' m'	-7.474991882824558
285	(-1, -1)	b'ed'	-5.903791419363698
286	(-1, -1)	b'ar'	-7.075626431365463
287	(-1, -1)	b' o'	-8.66571763266291
288	(-1, -1)	b'\xe6\x9c'	-10.152973632038092
289	(-1, -1)	b' d'	-7.7455049694573805
290	(-1, -1)	b' to'	-4.778069330954485
291	(-1, -1)	b'al'	-6.832030999624458
292	(-1, -1)	b' an'	-6.752352097132347
293	(-1, -1)	b'\xe3\x80\x82'	-4.702250517931421
294	(-1, -1)	b'\xe5\x8f'	-9.618141927960295
295	(-1, -1)	b' h'	-7.511608220711538
296	(-1, -1)	b'\xe4\xbb'	-9.895025819511146
297	(-1, -1)	b'\xe5\x85'	-10.105990370727316
298	(-1, -1)	b' in'	-5.190302221839387
299	(-1, -1)	b'as'	-7.750013471386393
300	(-1, -1)	b'\xe5\xa4'	-9.974943776347198
301	(-1, -1)	b' th'	-8.793683419942928
302	(-1, -1)	b' of'	-5.030355987188266
303	(-1, -1)	b' l'	-7.658877378978414
304	(-1, -1)	b'\xe5\x9c'	-9.756592058416976
305	(-1, -1)	b' and'	-4.978834496269041
306	(-1, -1)	b'ic'	-7.377876474729057
307	(-1, -1)	b'\xe5\x88'	-10.125142136814745
308	(-1, -1)	b'om'	-8.476956317023314
309	(-1, -1)	b'\xe8\xbf'	-10.336374119446843
310	(-1, -1)	b'll'	-10.218332483938557
311	(-1, -1)	b'\xe5\xae'	-9.668645956324237
312	(-1, -1)	b' n'	-7.744413216630931
313	(-1, -1)	b'\xe6\x98'	-9.96995027157999
314	(-1, -1)	b' g'	-7.762288173639389
315	(-1, -1)	b'\xe5\x90'	-9.31626236216159
316	(-1, -1)	b' I'	-5.7875638663338
317	(-1, -1)	b'\xe4\xbd'	-9.97086271242238
318	(-1, -1)	b'le'	-7.402177088655553
319	(-1, -1)	b'st'	-7.964133823332026
320	(-1, -1)	b'ion'	-7.789397266577159
321	(-1, -1)	b'\xe0\xa4'	-9.318381007021875
322	(-1, -1)	b've'	-8.930239428167038
323	(-1, -1)	b'\xe6\x88'	-10.41072345413215
324	(-1, -1)	b'id'	-7.702891307980652
325	(-1, -1)	b' y'	-8.222405020272424
326	(-1, -1)	b'ay'	-7.9414734539900875
327	(-1, -1)	b'\xe5\xb0'	-9.377194913156746
328	(-1, -1)	b'ot'	-8.101640386541565
329	(-1, -1)	b'ly'	-6.641372869007246
330	(-1, -1)	b'et'	-7.473534409547159
331	(-1, -1)	b' re'	-8.339931443577013
332	(-1, -1)	b'ent'	-7.712173523469034
333	(-1, -1)	b'\xe5\x9b'	-10.812488884462125
334	(-1, -1)	b'\xe4\xb8\x80'	-6.8049868696183164
335	(-1, -1)	b'\xe7\xbb'	-9.041831354827538
336	(-1, -1)	b'\xe2\x80'	-10.352596482036406
337	(-1, -1)	b'\xe5\xb9'	-10.859691843609989
338	(-1, -1)	b'\xe7\x94'	-10.015668828517232
339	(-1, -1)	b'\xe6\x97'	-10.049653950625741
340	(-1, -1)	b'\xe6\x96'	-9.73406378708736
341	(-1, -1)	b' e'	-8.414475131760769
342	(-1, -1)	b'\xe5\x8a'	-10.055062869461707
343	(-1, -1)	b'ow'	-8.320250645027501
344	(-1, -1)	b' be'	-6.2430826365662755
345	(-1, -1)	b' on'	-5.9140158442385795
346	(-1, -1)	b'ad'	-7.633580092230039
347	(-1, -1)	b'\xe5\x8d'	-9.819092304587743
348	(-1, -1)	b'\xe6\x98\xaf'	-6.389565966727352
349	(-1, -1)	b'\xe4\xb9'	-9.96295919165179
350	(-1, -1)	b'am'	-7.744291984304183
351	(-1, -1)	b'ac'	-8.287725189112532
352	(-1, -1)	b' S'	-7.011017063163867
353	(-1, -1)	b' is'	-5.678874034541694
354	(-1, -1)	b' T'	-7.259400974223179
355	(-1, -1)	b'\xe5\x9c\xa8'	-5.981436638975673
356	(-1, -1)	b'\xe8\xaf'	-9.99956940958305
357	(-1, -1)	b' it'	-5.926067327155701
358	(-1, -1)	b'\xe8\xae'	-9.961079949755426
359	(-1, -1)	b' for'	-5.727848573130902
360	(-1, -1)	b'\xe4\xbc'	-10.130564430744002
361	(-1, -1)	b'\xe3\x80\x81'	-5.661802684687038
362	(-1, -1)	b'ro'	-8.905616995345802
363	(-1, -1)	b' that'	-5.7230408038354845
364	(-1, -1)	b"'s"	-6.447575924689499
365	(-1, -1)	b'\xe5\xb8'	-9.885567340082353
366	(-1, -1)	b'ig'	-7.91824173045022
367	(-1, -1)	b'ut'	-8.081228014003186
368	(-1, -1)	b' you'	-6.096589919811467
369	(-1, -1)	b'\xe6\x9d'	-10.342363073042616
370	(-1, -1)	b'im'	-7.793901510319231
371	(-1, -1)	b'ld'	-10.21914223700813
372	(-1, -1)	b'un'	-7.717234218344667
373	(-1, -1)	b' A'	-7.296832717262881
374	(-1, -1)	b' C'	-7.0193895943436155
375	(-1, -1)	b'\xe6\x9c\x89'	-6.711764693691523
376	(-1, -1)	b'se'	-8.596932941653952
377	(-1, -1)	b'\xe5\xad'	-10.625237606695705
378	(-1, -1)	b' he'	-6.697880196150481
379	(-1, -1)	b'ver'	-9.271729690938958
380	(-1, -1)	b'ir'	-7.686124292723079
381	(-1, -1)	b'\xe5\x87'	-9.52901491315913
382	(-1, -1)	b' st'	-8.29190869392633
383	(-1, -1)	b'\xe4\xb8\x8d'	-6.747771362934446
384	(-1, -1)	b'\xe6\x89'	-9.86369216533148
385	(-1, -1)	b'\xe5\xbe'	-10.261521849626423
386	(-1, -1)	b'\xe5\xbc'	-9.517302077029832
387	(-1, -1)	b'\xe4\xb8\xad'	-6.637147111230294
388	(-1, -1)	b' M'	-7.115064258944646
389	(-1, -1)	b'\xe8\x80'	-10.481524503437836
390	(-1, -1)	b'\xe8\xa1'	-9.878051647085117
391	(-1, -1)	b'\xe7\x9b'	-9.504270555351189
392	(-1, -1)	b'\xe8\xb5'	-10.109856043576931
393	(-1, -1)	b'\xe4\xba\x86'	-6.307720672535353
394	(-1, -1)	b'\xe4\xba\xba'	-6.757699402138075
395	(-1, -1)	b'ur'	-7.715090594801416
396	(-1, -1)	b'ke'	-9.811878567264051
397	(-1, -1)	b'\xe5\xa4\xa7'	-6.78581434799155
398	(-1, -1)	b'\xe5\xa5'	-10.062654057240346
399	(-1, -1)	b'ec'	-9.467692183240311
400	(-1, -1)	b'\xe5\xb7'	-9.74291364864856
401	(-1, -1)	b'ith'	-9.670828342225501
402	(-1, -1)	b'\xe5\xaf'	-9.326273997575836
403	(-1, -1)	b'ill'	-8.40789198498781
404	(-1, -1)	b'\xe7\x8e'	-10.399234058288627
405	(-1, -1)	b'oo'	-8.979008509117904
406	(-1, -1)	b' wh'	-10.277328340279695
407	(-1, -1)	b'\xe5\x86'	-9.560144939647726
408	(-1, -1)	b'ter'	-8.283338275106791
409	(-1, -1)	b'\xe5\xba'	-10.537719738162098
410	(-1, -1)	b'\xe9\x80'	-9.385880966950147
411	(-1, -1)	b'\xe6\x8a'	-10.201477400828326
412	(-1, -1)	b' with'	-6.124826178042529
413	(-1, -1)	b' B'	-7.020256059623565
414	(-1, -1)	b'il'	-7.736766540156402
415	(-1, -1)	b'\xe5\x9b\xbd'	-7.843219688511221
416	(-1, -1)	b'\xe4\xb8\xba'	-6.823803568295889
417	(-1, -1)	b' we'	-7.2333693852577206
418	(-1, -1)	b'\xe8\xb4'	-9.594345213085582
419	(-1, -1)	b'us'	-7.787417695101668
420	(-1, -1)	b'00'	-9.260243887066894
421	(-1, -1)	b'out'	-8.855883446290063
422	(-1, -1)	b' ha'	-9.462652682452662
423	(-1, -1)	b'\xe5\xb9\xb4'	-6.6889952753454684
424	(-1, -1)	b'\xe4\xb8\x8a'	-6.8150477658363195
425	(-1, -1)	b'\xe5\xbd'	-10.012662410120772
426	(-1, -1)	b'\xe1\x80'	-8.5989433501948
427	(-1, -1)	b'ch'	-7.773762978057271
428	(-1, -1)	b'\xe5\x8c'	-9.591650312513318
429	(-1, -1)	b'ce'	-8.749225071916637
430	(-1, -1)	b' r'	-7.857761906684516
431	(-1, -1)	b' was'	-6.195392703414729
432	(-1, -1)	b' P'	-7.2532569260217645
433	(-1, -1)	b' as'	-6.422977702757473
434	(-1, -1)	b'\xe6\x95'	-10.097346859531498
435	(-1, -1)	b'\xe7\x89'	-10.108324094073534
436	(-1, -1)	b'\xe8\xa7'	-11.075179041062205
437	(-1, -1)	b'ation'	-7.356422010442476
438	(-1, -1)	b' k'	-7.9497481874293054
439	(-1, -1)	b'\xe5\x92'	-9.632005848496382
440	(-1, -1)	b' at'	-6.402924583466722
441	(-1, -1)	b'if'	-8.698422418612212
442	(-1, -1)	b'\xe7\xa7'	-10.507004343666896
443	(-1, -1)	b'\xe6\xa0'	-10.012662410120772
444	(-1, -1)	b'\xe9\x99'	-9.841729715319225
445	(-1, -1)	b'ol'	-7.7609005907399515
446	(-1, -1)	b'\xe5\xb1'	-9.512006939287684
447	(-1, -1)	b'..'	-9.163253940530616
448	(-1, -1)	b'\xe5\x92\x8c'	-6.306063083829851
449	(-1, -1)	b'\xe6\xad'	-9.90135970728339
450	(-1, -1)	b'\xe2\x80\x9c'	-6.273454671681005
451	(-1, -1)	b'\xe2\x80\x9d'	-6.2753973113017
452	(-1, -1)	b'\xe7\xba'	-9.894245026967088
453	(-1, -1)	b'ag'	-8.347146213355634
454	(-1, -1)	b'ers'	-7.23154376338091
455	(-1, -1)	b'\xe4\xb8\xaa'	-7.930442479580447
456	(-1, -1)	b'\xe9\x97'	-10.108968839421467
457	(-1, -1)	b'\xe8\xbf\x99'	-7.548961846757222
458	(-1, -1)	b' H'	-7.245005105436183
459	(-1, -1)	b' D'	-7.187687538321971
460	(-1, -1)	b'\xe6\x80'	-9.927305889227975
461	(-1, -1)	b' 2'	-7.920570587655294
462	(-1, -1)	b'\xe6\x97\xb6'	-7.327061768772216
463	(-1, -1)	b'\xe4\xbb\xa5'	-7.493468469296004
464	(-1, -1)	b' \xd0'	-9.172565697760216
465	(-1, -1)	b' W'	-7.668221445175787
466	(-1, -1)	b'\xe0\xb8'	-9.272497793762842
467	(-1, -1)	b' 1'	-8.021387747095083
468	(-1, -1)	b'up'	-8.269164250933956
469	(-1, -1)	b'\xe7\x90'	-10.408327982603385
470	(-1, -1)	b'igh'	-9.14362692494389
471	(-1, -1)	b'\xe6\x8b'	-9.039449214207409
472	(-1, -1)	b'ore'	-8.74678579422136
473	(-1, -1)	b'em'	-7.877414326299199
474	(-1, -1)	b"'t"	-10.798575053783578
475	(-1, -1)	b'ri'	-8.522214514197122
476	(-1, -1)	b'\xef\xbc\x9a'	-6.358319678887556
477	(-1, -1)	b'\xe5\x91'	-10.249017020759734
478	(-1, -1)	b'\xe8\x87'	-10.42554992967058
479	(-1, -1)	b'her'	-9.6617663223107
480	(-1, -1)	b'est'	-7.712100155359185
481	(-1, -1)	b'\xe5\x87\xba'	-7.233755827065531
482	(-1, -1)	b'\xe6\xb5'	-10.243837099826056
483	(-1, -1)	b' are'	-6.49779820676788
484	(-1, -1)	b'op'	-8.23392235887057
485	(-1, -1)	b' N'	-7.345745424902098
486	(-1, -1)	b' j'	-8.617892572444042
487	(-1, -1)	b'\xe5\xae\xb6'	-7.666320403941336
488	(-1, -1)	b'\xe9\x9d'	-9.899265739759995
489	(-1, -1)	b'ust'	-8.84420829135268
490	(-1, -1)	b'\xe5\x88\xb0'	-7.229295838138604
491	(-1, -1)	b' R'	-7.30466102165128
492	(-1, -1)	b'ould'	-9.980033205584045
493	(-1, -1)	b'\xe5\x9f'	-10.197065499204427
494	(-1, -1)	b'um'	-8.023278721510094
495	(-1, -1)	b' have'	-6.413520392531748
496	(-1, -1)	b'\xe6\xaf'	-10.349925704896709
497	(-1, -1)	b'\xd0\xb0'	-8.225391448939035
498	(-1, -1)	b' sh'	-8.190437509968595
499	(-1, -1)	b'and'	-8.107016130505462
500	(-1, -1)	b'\xe4\xbc\x9a'	-7.232810445501872
501	(-1, -1)	b'\xe6\xac'	-10.96060264778382
502	(-1, -1)	b'\xe5\x89'	-9.849100679968679
503	(-1, -1)	b' F'	-7.210567489644329
504	(-1, -1)	b' se'	-8.544850821545314
505	(-1, -1)	b' com'	-9.544619260446131
506	(-1, -1)	b'\xe6\xb3'	-9.351882922525038
507	(-1, -1)	b' con'	-9.36355938874241
508	(-1, -1)	b'th'	-7.584879719631177
509	(-1, -1)	b'\xe5\xbf'	-10.008643552641953
510	(-1, -1)	b' ne'	-8.916493676573324
511	(-1, -1)	b'\xe8\x83\xbd'	-8.030979496463964
512	(-1, -1)	b'ate'	-7.403388632391049
513	(-1, -1)	b'\xe6\x9d\xa5'	-7.710531366596625
514	(-1, -1)	b'\xe5\xaf\xb9'	-7.044476979678212
515	(-1, -1)	b'ab'	-8.03982888747343
516	(-1, -1)	b'\xe6\xb0'	-10.367205869990933
517	(-1, -1)	b'\xe5\x8e'	-9.790251298596136
518	(-1, -1)	b'\xe9\x98'	-10.054299277488136
519	(-1, -1)	b'el'	-7.428430037759814
520	(-1, -1)	b'ts'	-9.66952872932717
521	(-1, -1)	b'ul'	-8.231970945947543
522	(-1, -1)	b'\xe8\xa1\x8c'	-7.96774622288385
523	(-1, -1)	b' not'	-6.645040943024945
524	(-1, -1)	b' L'	-7.1942401106824745
525	(-1, -1)	b'ain'	-8.68319488714272
526	(-1, -1)	b' sa'	-9.529240641698948
527	(-1, -1)	b'\xe7\x94\x9f'	-7.961720230622997
528	(-1, -1)	b'\xe8\xa6'	-10.246516209008552
529	(-1, -1)	b'os'	-8.007007863018098
530	(-1, -1)	b'\xe0\xa5'	-9.989860944561357
531	(-1, -1)	b'\xe6\x88\x91'	-7.416371179542621
532	(-1, -1)	b'\xe5\x9c\xb0'	-7.417239427129622
533	(-1, -1)	b'\xe6\x97\xa5'	-7.0567024735014465
534	(-1, -1)	b'\xe6\x8e'	-9.77952358377478
535	(-1, -1)	b' G'	-7.361663817643557
536	(-1, -1)	b'ct'	-9.776743873854283
537	(-1, -1)	b' fr'	-9.264461989645783
538	(-1, -1)	b'\xe5\x8f\x91'	-7.808845658678864
539	(-1, -1)	b' v'	-8.058294934481848
540	(-1, -1)	b'\xe9\xa2'	-10.100059915775931
541	(-1, -1)	b'our'	-8.651990036070135
542	(-1, -1)	b'\xe4\xbf'	-9.787090998663805
543	(-1, -1)	b'\xe5\x9c\xba'	-8.036241175337302
544	(-1, -1)	b'\xe6\x8c'	-9.634360382059157
545	(-1, -1)	b' do'	-7.153684087353389
546	(-1, -1)	b'\xe4\xb8\x9a'	-8.506764377895154
547	(-1, -1)	b' de'	-7.861716144779466
548	(-1, -1)	b'\xe8\xa6\x81'	-7.677653647140018
549	(-1, -1)	b'\xe5\x8f\xaf'	-7.767252958682624
550	(-1, -1)	b'\xe5\x88\x86'	-7.469761799725258
551	(-1, -1)	b'\xe6\x9e'	-10.0349472486647
552	(-1, -1)	b' pro'	-8.809869097431546
553	(-1, -1)	b'ak'	-8.026699551763185
554	(-1, -1)	b'\xe8\xbe'	-9.087188609559885
555	(-1, -1)	b'\xe9\x87\x91'	-7.957435395742309
556	(-1, -1)	b'\xe7\x9c'	-10.666189079110605
557	(-1, -1)	b'\xe4\xbb\x96'	-7.330061441057773
558	(-1, -1)	b'The'	-6.844320251158975
559	(-1, -1)	b'\xe0\xa6'	-8.906125340692682
560	(-1, -1)	b' this'	-6.631150368739498
561	(-1, -1)	b'\xe4\xba\x8e'	-7.655315159694037
562	(-1, -1)	b'\xe6\xb2'	-9.483352937182183
563	(-1, -1)	b'\xe0\xb0'	-9.846058994144887
564	(-1, -1)	b'\xe6\x88\x90'	-8.132782735493725
565	(-1, -1)	b'\xe6\x83'	-9.838402745335289
566	(-1, -1)	b'\xe4\xb8\x8b'	-7.462933562931968
567	(-1, -1)	b'ess'	-9.0510811352057
568	(-1, -1)	b'\xe5\x93'	-10.239418423760625
569	(-1, -1)	b'\xe5\xa4\x9a'	-7.434886911521551
570	(-1, -1)	b'\xe7\xad'	-10.320709575828007
571	(-1, -1)	b'res'	-9.553646587778696
572	(-1, -1)	b'\xe5\xad\xa6'	-8.109938738066758
573	(-1, -1)	b'\xe0\xae'	-9.478277002508598
574	(-1, -1)	b'ally'	-9.030059215293642
575	(-1, -1)	b' al'	-8.89277657654765
576	(-1, -1)	b'qu'	-8.506780618911842
577	(-1, -1)	b' li'	-10.108243530125858
578	(-1, -1)	b'\xe1\x88'	-8.965299743398928
579	(-1, -1)	b'\xe5\x90\x8e'	-7.282512342130549
580	(-1, -1)	b' E'	-7.893002365400764
581	(-1, -1)	b' \xe0\xa4'	-9.704686845191562
582	(-1, -1)	b'\xe4\xb9\x9f'	-7.295714536054283
583	(-1, -1)	b' ex'	-9.242360317326678
584	(-1, -1)	b' or'	-6.915842538266901
585	(-1, -1)	b' but'	-6.711179386503182
586	(-1, -1)	b'\xe5\x85\xac'	-8.244986206298293
587	(-1, -1)	b' ch'	-8.198889017883404
588	(-1, -1)	b'\xe5\xb8\x82'	-7.855320648224595
589	(-1, -1)	b'\xe4\xbb\xac'	-8.80013064360383
590	(-1, -1)	b'\xe6\x9c\x88'	-6.893031865995921
591	(-1, -1)	b'ome'	-9.38854471029894
592	(-1, -1)	b'\xe9\xab\x98'	-7.537165589555439
593	(-1, -1)	b'\xd0\xb8'	-8.153978558273916
594	(-1, -1)	b'art'	-8.606846126886776
595	(-1, -1)	b'ant'	-7.897443057832473
596	(-1, -1)	b' from'	-6.7136848550240655
597	(-1, -1)	b'\xe0\xaa'	-8.920538642435673
598	(-1, -1)	b'\xe6\x96\xb0'	-7.536931570586518
599	(-1, -1)	b'end'	-8.47288177409792
600	(-1, -1)	b'ear'	-10.086252364244892
601	(-1, -1)	b'gh'	-9.980316712567303
602	(-1, -1)	b' pl'	-9.03986429550012
603	(-1, -1)	b'ight'	-9.175445947895845
604	(-1, -1)	b' The'	-7.0360717581844066
605	(-1, -1)	b'\xe7\xbb\x8f'	-8.783029566145652
606	(-1, -1)	b' J'	-7.960271105020062
607	(-1, -1)	b'\xe6\x84'	-10.069915580071484
608	(-1, -1)	b'ist'	-8.007559782924877
609	(-1, -1)	b'\xe1\xbb'	-8.978331602036603
610	(-1, -1)	b'\xe7\x8e\xb0'	-8.951269616823556
611	(-1, -1)	b'\xe6\x96\xb9'	-8.302087267407904
612	(-1, -1)	b'all'	-8.253043782179143
613	(-1, -1)	b' ab'	-9.58972982027718
614	(-1, -1)	b'\xe5\x89\x8d'	-7.759676492012521
615	(-1, -1)	b'\xe7\xbe'	-10.040578105541147
616	(-1, -1)	b'\xe6\xb8'	-9.603397238977282
617	(-1, -1)	b'ast'	-8.417723597530776
618	(-1, -1)	b'\xd8\xa7'	-8.55466737136241
619	(-1, -1)	b' said'	-6.787853132117009
620	(-1, -1)	b'\xe0\xa8'	-9.265987648748927
621	(-1, -1)	b'ard'	-8.309673075480651
622	(-1, -1)	b'\xe5\x80'	-9.847113225119088
623	(-1, -1)	b' tr'	-8.608157366914785
624	(-1, -1)	b'ack'	-8.779780728166427
625	(-1, -1)	b' by'	-6.802664654750612
626	(-1, -1)	b'ort'	-9.181614096664685
627	(-1, -1)	b'ity'	-8.019669962614119
628	(-1, -1)	b'ive'	-7.995253623546026
629	(-1, -1)	b'oc'	-8.47371421090828
630	(-1, -1)	b' me'	-7.235767735323879
631	(-1, -1)	b'\xe5\xb0\xb1'	-7.483945118684015
632	(-1, -1)	b' O'	-8.26805072921082
633	(-1, -1)	b'ost'	-9.122181476378493
634	(-1, -1)	b'ment'	-7.827328754466764
635	(-1, -1)	b'\xe6\xb4'	-11.115824497493909
636	(-1, -1)	b'ie'	-7.9505859578919775
637	(-1, -1)	b'\xe7\xbd'	-10.080280789966222
638	(-1, -1)	b'\xe8\x82'	-9.27075295803262
639	(-1, -1)	b'\xd0\xbe'	-8.501726175802848
640	(-1, -1)	b' they'	-6.971076452654064
641	(-1, -1)	b'ap'	-8.019290849733707
642	(-1, -1)	b' has'	-6.875781213768736
643	(-1, -1)	b'\xe8\xbf\x87'	-7.916458139014251
644	(-1, -1)	b'01'	-9.822234490990816
645	(-1, -1)	b'\xe4\xb8\xbb'	-8.318594290916298
646	(-1, -1)	b'\xe9\x81'	-9.31885649211706
647	(-1, -1)	b'\xe5\xbc\x80'	-8.025464295591775
648	(-1, -1)	b'\xe9\x95'	-10.598313416033486
649	(-1, -1)	b'\xe9\x83'	-10.680363660870698
650	(-1, -1)	b'\xe4\xbd\x9c'	-8.494705439097176
651	(-1, -1)	b' can'	-7.105991030478733
652	(-1, -1)	b'\xe5\x85\x83'	-7.7851420756334155
653	(-1, -1)	b'\xe6\x9c\x80'	-7.9453382109663595
654	(-1, -1)	b' go'	-7.946339193495672
655	(-1, -1)	b'\xe7\x94\xa8'	-7.801269468405429
656	(-1, -1)	b'\xe6\x9c\xac'	-8.129703578712693
657	(-1, -1)	b'\xe5\xbe\x97'	-7.89498238109576
658	(-1, -1)	b' un'	-7.999987672084929
659	(-1, -1)	b'\xe7\x82'	-9.751673320584818
660	(-1, -1)	b'\xe8\xbd'	-9.723809548716286
661	(-1, -1)	b'ies'	-7.90956097232591
662	(-1, -1)	b'\xe5\x9f\xba'	-8.612823495565097
663	(-1, -1)	b'ud'	-8.746001529016981
664	(-1, -1)	b' will'	-6.938390072328671
665	(-1, -1)	b'ough'	-10.196273419955096
666	(-1, -1)	b'ame'	-9.07507424161889
667	(-1, -1)	b' le'	-8.89034255635107
668	(-1, -1)	b'ure'	-8.332590955946761
669	(-1, -1)	b'\xe7\xab'	-11.001479748048075
670	(-1, -1)	b'\xe8\x80\x85'	-8.098666302124112
671	(-1, -1)	b'\xe5\xb0\x86'	-7.2161322797317
672	(-1, -1)	b'ks'	-9.660890372235368
673	(-1, -1)	b'\xe5\xa6'	-9.617254047469864
674	(-1, -1)	b'\xe8\x87\xaa'	-8.12754490423473
675	(-1, -1)	b' wor'	-11.091411776824025
676	(-1, -1)	b' up'	-7.139791298906618
677	(-1, -1)	b' his'	-6.94924138055431
678	(-1, -1)	b' all'	-7.148263248480908
679	(-1, -1)	b'\xe8\x80\x8c'	-7.340287693451823
680	(-1, -1)	b'one'	-8.519463843325454
681	(-1, -1)	b'ice'	-8.816886824956907
682	(-1, -1)	b'\xe4\xbe'	-10.029124598592215
683	(-1, -1)	b' so'	-7.017226710046864
684	(-1, -1)	b'\xe4\xba\xa7'	-9.086869449817726
685	(-1, -1)	b'\xe9\x9d\xa2'	-7.959312449320181
686	(-1, -1)	b' whe'	-10.8082619232018
687	(-1, -1)	b'ect'	-9.650489356220977
688	(-1, -1)	b'\xe0\xb7'	-10.017580031686458
689	(-1, -1)	b'\xe6\x9c\xba'	-8.22326087067312
690	(-1, -1)	b'\xe6\xaf\x94'	-8.107495375920958
691	(-1, -1)	b' out'	-7.054123034525601
692	(-1, -1)	b' like'	-7.08069383226966
693	(-1, -1)	b'\xd0\xbd'	-8.820836592662268
694	(-1, -1)	b'ren'	-10.456906097478717
695	(-1, -1)	b'\xe7\xbe\x8e'	-8.177898529460503
696	(-1, -1)	b'\xe6\xb1'	-9.436923097645588
697	(-1, -1)	b'\xe9\x83\xa8'	-7.92959405162996
698	(-1, -1)	b'\xe5\x90\x8c'	-8.255807312926585
699	(-1, -1)	b'\xd0\xb5'	-8.208966845762411
700	(-1, -1)	b'\xe8\xb6'	-10.832066708094034
701	(-1, -1)	b' K'	-7.380216431994863
702	(-1, -1)	b' sp'	-8.555008185570845
703	(-1, -1)	b'\xe6\x9c\x9f'	-7.908649696566213
704	(-1, -1)	b'\xe4\xb9\x8b'	-7.754450540735205
705	(-1, -1)	b'\xe8\xbf\x9b'	-8.285171408522261
706	(-1, -1)	b'od'	-8.578268456463844
707	(-1, -1)	b'\xe8\xb0'	-9.358255753440039
708	(-1, -1)	b'\xe5\x8a\xa8'	-8.243911756850215
709	(-1, -1)	b' just'	-7.06749537796306
710	(-1, -1)	b'\xe6\xb6'	-10.114384963570341
711	(-1, -1)	b'ub'	-8.503343409392706
712	(-1, -1)	b'\xe9\x83\xbd'	-7.714781584954786
713	(-1, -1)	b'\xe7\x90\x83'	-8.237551227810775
714	(-1, -1)	b'red'	-8.947603321107534
715	(-1, -1)	b'ge'	-8.78033570267319
716	(-1, -1)	b'\xe5\x85\xb6'	-7.938791708973199
717	(-1, -1)	b' my'	-7.122546945132188
718	(-1, -1)	b'\xe6\x8d'	-10.051022459924702
719	(-1, -1)	b'\xe5\x85\xa8'	-8.062472996412511
720	(-1, -1)	b'ide'	-9.005450835016038
721	(-1, -1)	b'\xe7\xac'	-10.90511449889578
722	(-1, -1)	b"n't"	-9.28780771674804
723	(-1, -1)	b'ia'	-7.699045986547944
724	(-1, -1)	b'\xe6\x99'	-10.026374383159698
725	(-1, -1)	b'\xe8\xb5\x84'	-9.148150635940288
726	(-1, -1)	b'\xe8\xbf\x98'	-7.900689110364101
727	(-1, -1)	b'uc'	-9.03066236815634
728	(-1, -1)	b' U'	-8.594802410345954
729	(-1, -1)	b'\xe7\x90\x86'	-8.566665527052004
730	(-1, -1)	b'\xe5\x8a\x9b'	-7.8723637015032395
731	(-1, -1)	b'ound'	-9.067619300707449
732	(-1, -1)	b'\xd1\x80'	-8.618800474888744
733	(-1, -1)	b'ong'	-8.56372123400843
734	(-1, -1)	b'\xe5\xb0\x8f'	-7.48952608181404
735	(-1, -1)	b'\xe5\x9d'	-9.350522583742103
736	(-1, -1)	b'\xe8\xaf\xb4'	-7.4523703548228655
737	(-1, -1)	b'ind'	-8.657318762538706
738	(-1, -1)	b'ake'	-8.758164654537742
739	(-1, -1)	b'\xe0\xb6'	-9.819997691702556
740	(-1, -1)	b'\xe3\x80\x8b'	-7.122681220017493
741	(-1, -1)	b'\xe3\x80\x8a'	-7.124236867288953
742	(-1, -1)	b'ff'	-9.733620573783705
743	(-1, -1)	b' would'	-7.219170537689542
744	(-1, -1)	b'ine'	-8.082852985817544
745	(-1, -1)	b' get'	-7.4105857673129
746	(-1, -1)	b'\xe5\x8a\xa0'	-8.207809940354995
747	(-1, -1)	b'ood'	-9.361266598559963
748	(-1, -1)	b'\xe8\x89'	-11.03002744973668
749	(-1, -1)	b'\xe4\xb8\x8e'	-7.220138991288433
750	(-1, -1)	b' one'	-7.133728885961576
751	(-1, -1)	b'ep'	-8.860545674597942
752	(-1, -1)	b'\xe5\xa4\xa9'	-7.678703240518978
753	(-1, -1)	b' who'	-7.274390643865299
754	(-1, -1)	b'\xd1\x82'	-8.450802188822653
755	(-1, -1)	b' about'	-7.148313345543978
756	(-1, -1)	b'\xe5\xae\x9a'	-8.278362882619819
757	(-1, -1)	b'use'	-10.038096621393773
758	(-1, -1)	b'\xe5\x93\x81'	-8.679308158023488
759	(-1, -1)	b'iv'	-8.821281363279159
760	(-1, -1)	b'\xe5\xae\x9e'	-8.711052498411608
761	(-1, -1)	b'\xe5\xa5\xbd'	-7.739002406017512
762	(-1, -1)	b'\xe5\x90\x88'	-8.414415897072919
763	(-1, -1)	b'\xe5\xb9\xb3'	-7.9571260202564424
764	(-1, -1)	b'\xe9\x95\xbf'	-7.8038233379400275
765	(-1, -1)	b'\xe7\x84'	-10.53796732419951
766	(-1, -1)	b'ra'	-8.160930307880575
767	(-1, -1)	b'\xe4\xbd\x86'	-7.558461068147635
768	(-1, -1)	b'\xe5\xad\x90'	-7.7910552010441325
769	(-1, -1)	b' your'	-7.238752076603554
770	(-1, -1)	b'\xe5\xa4\x96'	-7.961042455957119
771	(-1, -1)	b'ime'	-9.617796547421522
772	(-1, -1)	b'\xe7\xad\x89'	-7.420226708793061
773	(-1, -1)	b'\xe4\xbd\x93'	-8.257046439121954
774	(-1, -1)	b'\xe6\xb3\x95'	-8.056709351551689
775	(-1, -1)	b' ag'	-9.964283741324335
776	(-1, -1)	b'\xe7\x95'	-10.344095381011359
777	(-1, -1)	b'\xe5\xa7'	-10.611818188999973
778	(-1, -1)	b'\xe8\x83'	-9.78161344869424
779	(-1, -1)	b' more'	-7.203982444005863
780	(-1, -1)	b'\xe9\xa1'	-10.546796580089287
781	(-1, -1)	b' ad'	-9.073498648655255
782	(-1, -1)	b'\xe9\x97\xb4'	-8.947805249524597
783	(-1, -1)	b'\xe9\x9b'	-9.42261670199435
784	(-1, -1)	b'\xe6\x89\x80'	-7.987677131551846
785	(-1, -1)	b'ip'	-8.23906611622227
786	(-1, -1)	b'\xe3\x81'	-8.969495859787365
787	(-1, -1)	b'\xe8\xa1\xa8'	-9.360770519482418
788	(-1, -1)	b'\xe5\xba\xa6'	-8.430583203246421
789	(-1, -1)	b'...'	-7.2427221619752675
790	(-1, -1)	b'\xe8\x8b'	-9.944665788130191
791	(-1, -1)	b'\xe6\xac\xa1'	-8.355948634175416
792	(-1, -1)	b'day'	-9.605782771132647
793	(-1, -1)	b'\xe5\x90\x8d'	-7.783588465939327
794	(-1, -1)	b'ich'	-8.738827292496198
795	(-1, -1)	b'\xe5\x86\x85'	-7.829405512834131
796	(-1, -1)	b' off'	-8.06049611487057
797	(-1, -1)	b'very'	-11.16142029864527
798	(-1, -1)	b'\xe7\x82\xb9'	-7.85469434163552
799	(-1, -1)	b'ue'	-8.747157503053723
800	(-1, -1)	b'ans'	-8.99769916795937
801	(-1, -1)	b'king'	-10.16075445613729
802	(-1, -1)	b'\xe5\x85\xb3'	-9.117653800392935
803	(-1, -1)	b'\xe7\xa8'	-11.175842507220162
804	(-1, -1)	b' int'	-9.1921300475049
805	(-1, -1)	b'\xe5\xbb'	-10.488098840336413
806	(-1, -1)	b'\xe4\xbd\x8d'	-8.223346496013379
807	(-1, -1)	b'\xe9\x87\x8d'	-8.060766404810153
808	(-1, -1)	b'\xe6\x80\xa7'	-7.781997926946837
809	(-1, -1)	b' their'	-7.259349656404921
810	(-1, -1)	b'\xe5\xbe\x88'	-8.15709914926012
811	(-1, -1)	b' ar'	-9.79195262780297
812	(-1, -1)	b'\xe7\x9b\xb8'	-8.518411696190844
813	(-1, -1)	b'\xe5\x88\xa9'	-7.997408008941821
814	(-1, -1)	b'\xd8\xb1'	-8.34374616585195
815	(-1, -1)	b'\xe8\x81'	-10.114222862743272
816	(-1, -1)	b' cl'	-8.912099567364683
817	(-1, -1)	b'\xe7\x9b\xae'	-9.152447064773304
818	(-1, -1)	b'ry'	-8.550790277043617
819	(-1, -1)	b'\xd9\x88'	-8.130583963464236
820	(-1, -1)	b'\xe6\x95\xb0'	-8.373121335420683
821	(-1, -1)	b'ial'	-8.585042447236777
822	(-1, -1)	b'\xdb\x8c'	-8.158118593236042
823	(-1, -1)	b' year'	-7.930661545629737
824	(-1, -1)	b'\xe5\xb7\xa5'	-8.473619937988108
825	(-1, -1)	b'\xe9\x9a'	-9.789782475333915
826	(-1, -1)	b'\xe4\xbb\xb7'	-8.352087168016263
827	(-1, -1)	b'\xe7\x9c\x8b'	-7.981933699973142
828	(-1, -1)	b'\xe9\x94'	-9.596805832376452
829	(-1, -1)	b' pe'	-9.317723016063788
830	(-1, -1)	b'\xe5\xa6\x82'	-8.656111192437812
831	(-1, -1)	b' 3'	-8.105286223913305
832	(-1, -1)	b'ous'	-8.65324904425087
833	(-1, -1)	b'\xe0\xa4\xbe'	-9.022359938993324
834	(-1, -1)	b'\xe5\xbf\x83'	-8.162943526776147
835	(-1, -1)	b'\xe5\xbd\x93'	-8.153704685714235
836	(-1, -1)	b' had'	-7.308833533678665
837	(-1, -1)	b'ah'	-8.058689129447481
838	(-1, -1)	b' comp'	-9.144302642151246
839	(-1, -1)	b'nd'	-10.040804000651478
840	(-1, -1)	b'\xe9\xa3'	-10.305973612197256
841	(-1, -1)	b'ven'	-9.63727363943124
842	(-1, -1)	b'ays'	-10.23483630430658
843	(-1, -1)	b'so'	-9.76051040296294
844	(-1, -1)	b'\xe6\x81'	-9.957262753879126
845	(-1, -1)	b'\xe1\x89'	-9.445191024032889
846	(-1, -1)	b'\xe6\xad\xa4'	-8.490765841093095
847	(-1, -1)	b'ell'	-8.385848155944736
848	(-1, -1)	b'\xe6\x9f'	-9.906548041911536
849	(-1, -1)	b' if'	-7.327191568232233
850	(-1, -1)	b'\xe5\x8f\xb8'	-10.150365410459367
851	(-1, -1)	b'\xe7\x9f'	-10.330823315468546
852	(-1, -1)	b'\xe7\xb4'	-10.434329227044227
853	(-1, -1)	b'\xe6\x9b\xb4'	-8.147267505388994
854	(-1, -1)	b'\xe4\xb8\x89'	-7.805352353310786
855	(-1, -1)	b' qu'	-8.872648415073947
856	(-1, -1)	b' kn'	-9.72249404753995
857	(-1, -1)	b'age'	-8.10017927616263
858	(-1, -1)	b' some'	-7.580811672644321
859	(-1, -1)	b'\xe6\x83\x85'	-8.538745190629037
860	(-1, -1)	b'\xe0\xaf'	-10.411923345195119
861	(-1, -1)	b'\xd0\xbb'	-8.544682122049325
862	(-1, -1)	b'\xe9\x9c'	-10.366788464162061
863	(-1, -1)	b'\xe4\xb8\xa4'	-8.137430546793755
864	(-1, -1)	b'\xe7\x9d'	-10.2470714047293
865	(-1, -1)	b'\xe5\x9f\xba\xe9\x87\x91'	-7.974514309555711
866	(-1, -1)	b'\xe9\xa6'	-10.465505588643623
867	(-1, -1)	b' been'	-7.360145661446654
868	(-1, -1)	b'\xe7\x94\xb5'	-8.5753942155052
869	(-1, -1)	b'\xe7\xac\xac'	-8.845871105079322
870	(-1, -1)	b'\xe4\xb8\x80\xe4\xb8\xaa'	-7.8970457647176335
871	(-1, -1)	b'ite'	-8.711112265916032
872	(-1, -1)	b' St'	-8.367227714904459
873	(-1, -1)	b'own'	-9.52293942362222
874	(-1, -1)	b'\xe7\xa0'	-10.545049418781247
875	(-1, -1)	b' any'	-7.933019541512779
876	(-1, -1)	b'\xe6\x98\x8e'	-8.31724968058342
877	(-1, -1)	b'ber'	-9.334378399414414
878	(-1, -1)	b'\xe8\xa2'	-10.473018771994408
879	(-1, -1)	b'\xe7\xa9'	-10.424665169604017
880	(-1, -1)	b'\xe4\xb8\x87'	-7.999958320318684
881	(-1, -1)	b'\xe9\x98\x9f'	-8.210378636255552
882	(-1, -1)	b' en'	-8.667661490115657
883	(-1, -1)	b'\xd9\x86'	-8.465000206409053
884	(-1, -1)	b'\xe6\x89\x8b'	-7.878644147004332
885	(-1, -1)	b' ac'	-9.817886395487731
886	(-1, -1)	b'\xe6\x8a\xa5'	-8.26511289419664
887	(-1, -1)	b'\xe9\x87\x8c'	-7.884519614777908
888	(-1, -1)	b'\xe5\x9b\xa0'	-8.789343613280622
889	(-1, -1)	b'\xe6\x96\xaf'	-7.816903249224988
890	(-1, -1)	b'\xe5\x8c\xba'	-7.9678409638148455
891	(-1, -1)	b'\xe6\x88\xbf'	-8.364758769441384
892	(-1, -1)	b'\xe5\x85\xa5'	-8.125202345779153
893	(-1, -1)	b'\xe7\x84\xb6'	-9.204909981418158
894	(-1, -1)	b'\xe8\x8a'	-10.044878862915306
895	(-1, -1)	b'act'	-9.01264337293398
896	(-1, -1)	b' pr'	-9.494541743789856
897	(-1, -1)	b'\xe7\x89\xb9'	-7.990357748053305
898	(-1, -1)	b' man'	-8.141153144761988
899	(-1, -1)	b'\xe4\xba\x8b'	-8.173001074505606
900	(-1, -1)	b'ions'	-9.026174865414184
901	(-1, -1)	b'ink'	-9.294461953560132
902	(-1, -1)	b' us'	-8.349447104232953
903	(-1, -1)	b'ew'	-9.921674715267345
904	(-1, -1)	b' what'	-7.457652232037583
905	(-1, -1)	b'10'	-7.475252369588961
906	(-1, -1)	b'der'	-9.850718400580314
907	(-1, -1)	b' per'	-8.439942560926532
908	(-1, -1)	b'\xe8\xb5\x9b'	-8.733434351515184
909	(-1, -1)	b'\xd9\x84'	-8.408009687436156
910	(-1, -1)	b'\xe7\xa5'	-10.397618809996882
911	(-1, -1)	b'\xe6\xb0\x91'	-8.702799138332653
912	(-1, -1)	b' im'	-9.52973742391533
913	(-1, -1)	b'\xe9\x80\x9a'	-8.607708118499815
914	(-1, -1)	b'are'	-8.942543205835845
915	(-1, -1)	b'\xe9\x82'	-9.584562839113696
916	(-1, -1)	b'iz'	-8.865764469422565
917	(-1, -1)	b'\xe5\xb7\xb2'	-8.238047659716718
918	(-1, -1)	b'\xe5\x85\xac\xe5\x8f\xb8'	-7.80257771253537
919	(-1, -1)	b' Y'	-8.702720108815086
920	(-1, -1)	b' than'	-7.674907228850269
921	(-1, -1)	b'\xe6\x8a\x95'	-8.747219467960951
922	(-1, -1)	b' there'	-7.581654867436863
923	(-1, -1)	b' exp'	-9.741237857841908
924	(-1, -1)	b'\xd1\x81'	-8.936235142164053
925	(-1, -1)	b'\xe6\x8f\x90'	-8.815536834157552
926	(-1, -1)	b'ire'	-8.65709223204107
927	(-1, -1)	b' were'	-7.445940516371631
928	(-1, -1)	b'\xe5\x95'	-10.066587274820137
929	(-1, -1)	b' when'	-7.4489359635081644
930	(-1, -1)	b'\xe5\xbd\xb1'	-9.025192493452845
931	(-1, -1)	b'\xe6\x88\x91\xe4\xbb\xac'	-7.628040586358605
932	(-1, -1)	b'\xe8\xae\xa1'	-9.550505417420569
933	(-1, -1)	b'\xe7\x88'	-10.591890112831885
934	(-1, -1)	b'ace'	-8.968876920217369
935	(-1, -1)	b' her'	-7.476996483647628
936	(-1, -1)	b'\xc2\xa0'	-9.130086417373
937	(-1, -1)	b' people'	-7.464335570034314
938	(-1, -1)	b'\xe4\xbb\x8e'	-7.557769222464516
939	(-1, -1)	b'ated'	-8.02251789978597
940	(-1, -1)	b'\xe5\xb9\xb6'	-8.095184363167563
941	(-1, -1)	b'ile'	-8.623607913811663
942	(-1, -1)	b' play'	-8.48310736066546
943	(-1, -1)	b'\xe6\x8c\x81'	-9.154648786726371
944	(-1, -1)	b'ark'	-9.42432270183945
945	(-1, -1)	b' them'	-7.580322816621979
946	(-1, -1)	b'\xe6\xb2\xa1'	-8.685095401629246
947	(-1, -1)	b'og'	-8.567010455741418
948	(-1, -1)	b'\xe9\x81\x93'	-8.302749229753182
949	(-1, -1)	b'\xe1\x8b'	-9.62160231007754
950	(-1, -1)	b'\xe5\x8f\x8a'	-8.081610122823934
951	(-1, -1)	b'ose'	-9.201846093754055
952	(-1, -1)	b'ib'	-8.965633757610485
953	(-1, -1)	b' over'	-7.5565502235262825
954	(-1, -1)	b'\xe5\x8c\x96'	-8.039533660477357
955	(-1, -1)	b'ick'	-8.597252913214765
956	(-1, -1)	b'\xe5\x8f\xaa'	-8.418719532119255
957	(-1, -1)	b' gr'	-8.48585511693881
958	(-1, -1)	b'\xe6\x84\x8f'	-8.498870068330648
959	(-1, -1)	b'\xe7\xa4\xba'	-9.794657239047122
960	(-1, -1)	b' Ch'	-8.226691615936044
961	(-1, -1)	b'uch'	-9.761592068833682
962	(-1, -1)	b'port'	-9.11774355491438
963	(-1, -1)	b'\xe7\xb3'	-10.436116737295626
964	(-1, -1)	b'\xe7\x81'	-10.812163098500617
965	(-1, -1)	b'\xe4\xb8\xad\xe5\x9b\xbd'	-7.710992950717534
966	(-1, -1)	b'\xe4\xbd\xa0'	-7.883665703288835
967	(-1, -1)	b'\xe5\x91\x98'	-8.88544478146288
968	(-1, -1)	b'\xe8\xba'	-10.421905329026862
969	(-1, -1)	b'\xe8\xa2\xab'	-7.559165984971468
970	(-1, -1)	b'\xe9\x93'	-9.88299151278399
971	(-1, -1)	b'200'	-9.417152760443617
972	(-1, -1)	b'ance'	-8.271549050894885
973	(-1, -1)	b'\xe6\x94\xbf'	-9.425705884192515
974	(-1, -1)	b'\xe5\xa3'	-10.301663260696134
975	(-1, -1)	b'ty'	-8.791047062637583
976	(-1, -1)	b'\xe8\xa3'	-9.806204369570219
977	(-1, -1)	b' time'	-7.519607033706229
978	(-1, -1)	b'av'	-8.385761812585924
979	(-1, -1)	b'\xe5\xbb\xba'	-8.497662309542322
980	(-1, -1)	b'\xe4\xbf\x9d'	-8.568218643951488
981	(-1, -1)	b'\xe6\x8d\xae'	-8.54316510589715
982	(-1, -1)	b'\xe0\xb1'	-10.104384073698938
983	(-1, -1)	b' cont'	-10.519323340036093
984	(-1, -1)	b'\xe4\xba\x9b'	-10.00740462087979
985	(-1, -1)	b'ach'	-8.368528123585602
986	(-1, -1)	b' no'	-7.473950613770703
987	(-1, -1)	b'ree'	-9.275155788542843
988	(-1, -1)	b' V'	-8.055612315508563
989	(-1, -1)	b' inc'	-9.532813931793646
990	(-1, -1)	b'\xe6\xa0\xbc'	-8.681897631527328
991	(-1, -1)	b' \xe0\xa8'	-9.956085835192964
992	(-1, -1)	b' after'	-7.627804537677526
993	(-1, -1)	b'\xd1\x83'	-8.349336096420664
994	(-1, -1)	b'\xe7\x9d\x80'	-7.951815958885687
995	(-1, -1)	b'ang'	-8.326645885958328
996	(-1, -1)	b'\xe4\xba\xa4'	-8.533176754043712
997	(-1, -1)	b'ass'	-8.481316651272227
998	(-1, -1)	b' pre'	-9.315459910995097
999	(-1, -1)	b'\xe8\xb5\xb7'	-8.221440010944441
1000	(-1, -1)	b'\xe1\x8a'	-8.882200754607437
1001	(-1, -1)	b'\xe5\xb1\x95'	-8.93991000849236
1002	(-1, -1)	b'\xe8\xba\xab'	-8.323801511834219
1003	(-1, -1)	b'orm'	-9.753931804973192
1004	(-1, -1)	b'\xe5\xbc\x8f'	-8.888080892946084
1005	(-1, -1)	b' also'	-7.592740192038487
1006	(-1, -1)	b' res'	-9.041997762637996
1007	(-1, -1)	b' she'	-7.727127694922738
1008	(-1, -1)	b'ail'	-8.85154085804227
1009	(-1, -1)	b' i'	-7.672231778904981
1010	(-1, -1)	b'\xe8\x90'	-9.655701960010605
1011	(-1, -1)	b'\xe8\x89\xb2'	-8.731765173909869
1012	(-1, -1)	b' new'	-7.869671840387685
1013	(-1, -1)	b' Th'	-8.899344508494949
1014	(-1, -1)	b'\xe9\x87\x8f'	-8.345679734578116
1015	(-1, -1)	b' It'	-8.123684281075148
1016	(-1, -1)	b' other'	-7.819570929070353
1017	(-1, -1)	b'\xe5\x8c\x97'	-8.56628624286016
1018	(-1, -1)	b'\xe6\x96\x87'	-8.117282846489644
1019	(-1, -1)	b'\xe5\x95\x86'	-8.479039322352778
1020	(-1, -1)	b'ug'	-8.7547248938054
1021	(-1, -1)	b' did'	-8.140477324459406
1022	(-1, -1)	b'\xe7\xa7\x8d'	-8.8184382437078
1023	(-1, -1)	b'\xe8\x8e'	-10.072710612946997
1024	(-1, -1)	b' am'	-8.250928977765579
1025	(-1, -1)	b'ord'	-9.339668628576685
1026	(-1, -1)	b'\xe0\xab'	-10.665204342448066
1027	(-1, -1)	b'\xe5\xb8\x82\xe5\x9c\xba'	-7.900547373197721
1028	(-1, -1)	b' know'	-7.7749653892705695
1029	(-1, -1)	b'ase'	-9.006735253591911
1030	(-1, -1)	b' tw'	-10.12325943663108
1031	(-1, -1)	b'\xe8\xae\xa9'	-7.957172889178138
1032	(-1, -1)	b'\xe4\xbf\xa1'	-8.576873853350984
1033	(-1, -1)	b' which'	-7.628114784596093
1034	(-1, -1)	b' sc'	-8.716365816147151
1035	(-1, -1)	b'\xe5\x8e\xbb'	-8.249747642719747
1036	(-1, -1)	b'\xe8\xae\xb0'	-9.350749178402992
1037	(-1, -1)	b' te'	-9.746666418617005
1038	(-1, -1)	b'\xe6\xad\xa3'	-8.564099546395793
1039	(-1, -1)	b'\xe6\xb0\xb4'	-8.035673200962018
1040	(-1, -1)	b" don't"	-7.639109533686029
1041	(-1, -1)	b'\xe6\xb5\xb7'	-8.046274295105569
1042	(-1, -1)	b'\xe8\x80\x83'	-8.889865991421994
1043	(-1, -1)	b'ary'	-8.250363270899783
1044	(-1, -1)	b'\xe7\x83'	-9.85665165347318
1045	(-1, -1)	b'\xe7\xbd\x91'	-8.644786000610276
1046	(-1, -1)	b'oll'	-9.902277198664352
1047	(-1, -1)	b'\xe5\x8f\xaf\xe4\xbb\xa5'	-7.958392252821479
1048	(-1, -1)	b'\xe8\xa5\xbf'	-8.006919190009611
1049	(-1, -1)	b'\xe6\x9e\x9c'	-9.493016522881913
1050	(-1, -1)	b'ob'	-8.693849344627447
1051	(-1, -1)	b'\xe8\x87\xb3'	-8.324681049119022
1052	(-1, -1)	b'\xe5\xb8\xb8'	-8.84059608773171
1053	(-1, -1)	b'ove'	-9.638078792453804
1054	(-1, -1)	b'hing'	-10.387023109647291
1055	(-1, -1)	b'\xe7\x89\xa9'	-8.59661307244219
1056	(-1, -1)	b'ook'	-9.122091322666353
1057	(-1, -1)	b'\xe6\xbc'	-9.890803800313687
1058	(-1, -1)	b'\xe7\xb3\xbb'	-9.493147164988049
1059	(-1, -1)	b'ting'	-9.046278400706601
1060	(-1, -1)	b'\xe6\xa0\xb7'	-9.581132957702467
1061	(-1, -1)	b'able'	-7.89615463667592
1062	(-1, -1)	b'mer'	-9.671400707410104
1063	(-1, -1)	b'\xe5\xa5\xb3'	-8.476972081067107
1064	(-1, -1)	b'ond'	-9.05759599916832
1065	(-1, -1)	b'\xe7\x94\xb1'	-8.310380114550666
1066	(-1, -1)	b'\xe8\x82\xa1'	-8.539567193510392
1067	(-1, -1)	b'\xe0\xa9'	-10.528111386341225
1068	(-1, -1)	b'\xc9\x99'	-8.52883387676362
1069	(-1, -1)	b'\xe5\xa2\x9e'	-9.011835661942893
1070	(-1, -1)	b'\xe9\x85'	-9.888925865489487
1071	(-1, -1)	b'ause'	-10.560631538528488
1072	(-1, -1)	b'\xe5\xba\x94'	-8.835484110980788
1073	(-1, -1)	b'ign'	-9.286283839426476
1074	(-1, -1)	b'\xe6\x84\x9f'	-8.546083190804271
1075	(-1, -1)	b'ade'	-8.648428311431278
1076	(-1, -1)	b'\xe6\x97\xa0'	-8.022958304965849
1077	(-1, -1)	b" it's"	-7.679888903368785
1078	(-1, -1)	b'\xe0\xa4\xbe\xe0\xa4'	-8.771365888882293
1079	(-1, -1)	b'\xe5\x88\xb6'	-8.52821974337779
1080	(-1, -1)	b'aw'	-8.828447132336214
1081	(-1, -1)	b'\xe4\xbb\x8a'	-9.787383199817157
1082	(-1, -1)	b'\xe5\xb0\x94'	-7.930862398341467
1083	(-1, -1)	b'\xe8\xbf\x91'	-8.551605259176098
1084	(-1, -1)	b'ress'	-9.546133473688856
1085	(-1, -1)	b' its'	-7.702447979521516
1086	(-1, -1)	b'\xe8\x88'	-9.851465924442445
1087	(-1, -1)	b'\xe6\x88\x98'	-8.30579991321687
1088	(-1, -1)	b' think'	-7.70396046508493
1089	(-1, -1)	b' In'	-8.462448906818846
1090	(-1, -1)	b' him'	-7.817253638935265
1091	(-1, -1)	b'\xc4\xb1'	-8.60639746702623
1092	(-1, -1)	b'\xef\xbc\x9b'	-7.714921363295993
1093	(-1, -1)	b'pt'	-9.196587707189419
1094	(-1, -1)	b'\xe5\x8a\xa1'	-9.38057467279838
1095	(-1, -1)	b' \xd8\xa7'	-9.98743063600276
1096	(-1, -1)	b'\xe6\xb4\xbb'	-9.366547896713776
1097	(-1, -1)	b'reat'	-10.892151518831236
1098	(-1, -1)	b' dis'	-8.813018775706912
1099	(-1, -1)	b'\xe6\xb7'	-9.472927908726373
1100	(-1, -1)	b'\xe8\x8b\xb1'	-9.062311990005039
1101	(-1, -1)	b'\xe1\xbb\x8d'	-8.697989731025562
1102	(-1, -1)	b'\xe5\x8f\x97'	-8.563016578959465
1103	(-1, -1)	b' app'	-8.85899688153762
1104	(-1, -1)	b'\xe9\x92'	-9.651764443737218
1105	(-1, -1)	b'\xe5\xbc\xba'	-8.49767840340171
1106	(-1, -1)	b'\xe6\xb8\xb8'	-9.259485135521611
1107	(-1, -1)	b'\xe8\xae\xbe'	-9.691483392656165
1108	(-1, -1)	b'\xe6\x94\xb6'	-8.493646949430886
1109	(-1, -1)	b'\xe5\x9e'	-10.13254348639118
1110	(-1, -1)	b' 4'	-8.31253098340875
1111	(-1, -1)	b'\xd0\xb4'	-8.747054236740135
1112	(-1, -1)	b'\xe5\x91\xa8'	-8.192914445525103
1113	(-1, -1)	b' 5'	-8.37015601610786
1114	(-1, -1)	b' rec'	-8.84495963184771
1115	(-1, -1)	b'ov'	-8.837810665230368
1116	(-1, -1)	b'\xe9\x97\xae'	-8.869702353881673
1117	(-1, -1)	b'\xe6\x89\x93'	-8.024260636322717
1118	(-1, -1)	b'\xe5\x85\xb7'	-9.458816010166174
1119	(-1, -1)	b' first'	-7.746256241532875
1120	(-1, -1)	b' \xe0\xaa'	-9.294997639161215
1121	(-1, -1)	b'ian'	-8.284494968133792
1122	(-1, -1)	b'\xd0\xba'	-8.974098324278888
1123	(-1, -1)	b'\xe8\xaf\xa5'	-8.19639725787747
1124	(-1, -1)	b'\xe4\xba\x8c'	-8.304392789755214
1125	(-1, -1)	b'ident'	-10.603191152947284
1126	(-1, -1)	b'\xe9\x80\x89'	-8.373121335420683
1127	(-1, -1)	b'\xe9\xa9'	-9.465190432831246
1128	(-1, -1)	b' how'	-7.865515006276237
1129	(-1, -1)	b'ning'	-9.537992936645988
1130	(-1, -1)	b'\xe0\xa7'	-10.562659936789881
1131	(-1, -1)	b' part'	-8.52793770038925
1132	(-1, -1)	b'ens'	-8.775330740517965
1133	(-1, -1)	b'\xda\xa9'	-9.026857636398361
1134	(-1, -1)	b' could'	-7.87912089266089
1135	(-1, -1)	b'\xe5\x9b\x9e'	-8.435259492465557
1136	(-1, -1)	b' act'	-9.764101480439107
1137	(-1, -1)	b'ence'	-8.682168560816441
1138	(-1, -1)	b'\xe8\xbe\xbe'	-8.398403803229366
1139	(-1, -1)	b'ations'	-8.473667073337271
1140	(-1, -1)	b'\xd9\x87'	-8.604228793636857
1141	(-1, -1)	b'20'	-7.878384199685525
1142	(-1, -1)	b'\xe0\xa5\x8d'	-11.062547294156305
1143	(-1, -1)	b'\xe7\xbc'	-9.720086780812293
1144	(-1, -1)	b'\xef\xbc\x89'	-7.790245722161455
1145	(-1, -1)	b'\xe4\xb9\x88'	-10.821818684521697
1146	(-1, -1)	b'\xe6\x80\xbb'	-8.312905520258191
1147	(-1, -1)	b'\xef\xbc\x88'	-7.800355516139906
1148	(-1, -1)	b' too'	-8.102214591743607
1149	(-1, -1)	b'Th'	-9.828365941373072
1150	(-1, -1)	b'\xe5\xae\x89'	-8.33913453225305
1151	(-1, -1)	b' gu'	-9.392041835613973
1152	(-1, -1)	b'oy'	-10.236117182798264
1153	(-1, -1)	b'\xe7\xba\xa7'	-8.308660079725914
1154	(-1, -1)	b'ors'	-8.599014589219568
1155	(-1, -1)	b'\xe0\xa5\x8d\xe0\xa4'	-9.242563679583345
1156	(-1, -1)	b' into'	-7.81078717124117
1157	(-1, -1)	b'\xe5\xbe\xb7'	-8.069643284154182
1158	(-1, -1)	b' see'	-7.976108422177978
1159	(-1, -1)	b'\xef\xbc\x9f'	-7.820061185239015
1160	(-1, -1)	b'\xe8\xb0\x83'	-8.762014514923184
1161	(-1, -1)	b' now'	-7.837057407235689
1162	(-1, -1)	b'fe'	-9.883763564549804
1163	(-1, -1)	b'\xe9\x97\xa8'	-8.29348203143015
1164	(-1, -1)	b'\xe7\x8e\x87'	-8.443107313126713
1165	(-1, -1)	b' back'	-7.87036776154471
1166	(-1, -1)	b'pl'	-9.549122737567156
1167	(-1, -1)	b'It'	-8.426812873195146
1168	(-1, -1)	b'\xe7\xa7\x91'	-8.574855127246877
1169	(-1, -1)	b'\xe5\xb8\x83'	-8.892203332688352
1170	(-1, -1)	b" I'm"	-7.833687997594646
1171	(-1, -1)	b'\xe8\x81\x94'	-8.930165018791422
1172	(-1, -1)	b' bet'	-10.286336546859166
1173	(-1, -1)	b'we'	-8.47604242741429
1174	(-1, -1)	b' ro'	-9.903983347775648
1175	(-1, -1)	b' say'	-8.161148689900557
1176	(-1, -1)	b' only'	-7.843110956948432
1177	(-1, -1)	b'\xe6\xb2\xa1\xe6\x9c\x89'	-8.129647884230332
1178	(-1, -1)	b' good'	-7.846076031572388
1179	(-1, -1)	b'\xd9\x8a'	-8.479829473944955
1180	(-1, -1)	b'\xe6\x8e\xa5'	-8.796023058366384
1181	(-1, -1)	b'ne'	-8.584550796509589
1182	(-1, -1)	b'\xe6\xb3\xa8'	-9.02767757740855
1183	(-1, -1)	b'\xe7\xae\xa1'	-9.284832999631297
1184	(-1, -1)	b'\xe9\xbb'	-9.988216266154227
1185	(-1, -1)	b'\xe5\x81\x9a'	-8.289474902292657
1186	(-1, -1)	b'\xe4\xbb\xa3'	-8.68356307209199
1187	(-1, -1)	b'\xe5\x96'	-9.897110918331352
1188	(-1, -1)	b'ount'	-9.409793428574007
1189	(-1, -1)	b'\xe9\xa2\x98'	-9.337728112238379
1190	(-1, -1)	b'19'	-8.163807577152195
1191	(-1, -1)	b'\xe4\xb8\x9c'	-8.418377532309226
1192	(-1, -1)	b'\xe7\x89\x87'	-8.482171988469766
1193	(-1, -1)	b' \xe0\xa6'	-9.231439719396212
1194	(-1, -1)	b'ish'	-8.385056954067872
1195	(-1, -1)	b'\xe8\x87\xaa\xe5\xb7\xb1'	-8.336994261432752
1196	(-1, -1)	b'\xe8\xae\xa4'	-9.61420181253985
1197	(-1, -1)	b'\xe5\x9e\x8b'	-8.73076906677649
1198	(-1, -1)	b' two'	-7.871485685418738
1199	(-1, -1)	b'\xe5\xa5\x96'	-8.73099259630872
1200	(-1, -1)	b'\xd8\xaa'	-8.412359668121887
1201	(-1, -1)	b' fe'	-9.737282971751208
1202	(-1, -1)	b'\xe6\x8c\x87'	-8.803096839889855
1203	(-1, -1)	b'\xe6\x88\x96'	-8.312076377170142
1204	(-1, -1)	b'\xe5\x8d\x8e'	-8.16448782183591
1205	(-1, -1)	b'\xe4\xbd\xbf'	-8.732619770470244
1206	(-1, -1)	b'\xe6\x83\xb3'	-8.516687911647441
1207	(-1, -1)	b' acc'	-9.448809018123573
1208	(-1, -1)	b' ser'	-10.173485862348763
1209	(-1, -1)	b'\xe9\x82\xa3'	-8.519727053171023
1210	(-1, -1)	b'old'	-9.352261123051463
1211	(-1, -1)	b'\xe5\x85\x8b'	-7.9679830920431725
1212	(-1, -1)	b'ings'	-9.138054344693426
1213	(-1, -1)	b'ool'	-9.461934822488974
1214	(-1, -1)	b'ng'	-8.441341120030783
1215	(-1, -1)	b'\xe7\xb2'	-9.976566752394096
1216	(-1, -1)	b'\xe5\x90\x91'	-8.040959700199943
1217	(-1, -1)	b'ict'	-9.149663098609963
1218	(-1, -1)	b' need'	-8.261204923720053
1219	(-1, -1)	b'vel'	-9.445896960154226
1220	(-1, -1)	b'\xe5\x8d\x95'	-8.454895509815643
1221	(-1, -1)	b'\xe4\xbb\xbb'	-8.896486711854914
1222	(-1, -1)	b' want'	-8.116798888584535
1223	(-1, -1)	b'ious'	-9.358407983612352
1224	(-1, -1)	b'ull'	-9.463709295893878
1225	(-1, -1)	b'\xe8\xb4\xb9'	-8.935860914005254
1226	(-1, -1)	b' br'	-8.84439038267198
1227	(-1, -1)	b' work'	-8.123938977738337
1228	(-1, -1)	b'\xe8\x99'	-9.902998675755956
1229	(-1, -1)	b'te'	-8.934166167313109
1230	(-1, -1)	b'\xe6\x91'	-10.206886414237784
1231	(-1, -1)	b'ild'	-10.42069340798391
1232	(-1, -1)	b'\xe4\xb8\x93'	-8.9405613927068
1233	(-1, -1)	b'\xe5\x9f\x8e'	-8.278970522088535
1234	(-1, -1)	b'\xe5\x8f\xb7'	-8.188415479800593
1235	(-1, -1)	b'\xe5\x8f\x96'	-8.645103008062605
1236	(-1, -1)	b' bl'	-9.038287902347644
1237	(-1, -1)	b'\xe7\xa1'	-11.0449211250217
1238	(-1, -1)	b'000'	-8.20169819317632
1239	(-1, -1)	b'\xe9\x99\xa2'	-8.850738740408826
1240	(-1, -1)	b'\xe9\x9d\x9e'	-8.852435404807583
1241	(-1, -1)	b'\xe5\xa4\xb4'	-8.256730189585786
1242	(-1, -1)	b'\xd9\x85'	-8.41067641461634
1243	(-1, -1)	b' He'	-8.105558023609476
1244	(-1, -1)	b'\xe8\x8d'	-9.888149819405141
1245	(-1, -1)	b'\xe9\xa6\x96'	-8.353131220146656
1246	(-1, -1)	b'\xe5\x90\x84'	-8.729449229432497
1247	(-1, -1)	b'\xe5\x8f\xb0'	-8.537304123319762
1248	(-1, -1)	b'per'	-8.999983790263821
1249	(-1, -1)	b'\xe5\xae\xa2'	-8.838851459948392
1250	(-1, -1)	b'ason'	-10.144751419427548
1251	(-1, -1)	b'\xe7\xa6'	-10.649440606661173
1252	(-1, -1)	b'\xe8\xa7\xa3'	-8.916249052192839
1253	(-1, -1)	b' really'	-7.923575413925798
1254	(-1, -1)	b'\xe5\x8f\x98'	-8.768281227333468
1255	(-1, -1)	b'\xe4\xba\xac'	-9.593718963576952
1256	(-1, -1)	b'\xe0\xaf\x8d'	-9.302383567829034
1257	(-1, -1)	b'\xd0\xbc'	-8.92575994336487
1258	(-1, -1)	b'\xe9\xa3\x8e'	-8.484027732687649
1259	(-1, -1)	b'\xe5\x88\xab'	-9.044691871948515
1260	(-1, -1)	b'\xe5\xb0\x91'	-8.902499959078366
1261	(-1, -1)	b'ult'	-9.376458321989674
1262	(-1, -1)	b'\xe5\x8e\x9f'	-8.595671829043539
1263	(-1, -1)	b'\xef\xbc\x81'	-7.940910705177997
1264	(-1, -1)	b' every'	-8.612733209448331
1265	(-1, -1)	b'\xe8\xaf\x81'	-8.900427319578045
1266	(-1, -1)	b' though'	-8.479339506415258
1267	(-1, -1)	b'\xe7\xbb\x99'	-8.133788861769181
1268	(-1, -1)	b' again'	-8.838195180576138
1269	(-1, -1)	b'\xe5\x8d\x97'	-8.282182918472902
1270	(-1, -1)	b'\xe7\xbb\x93'	-9.24844514956232
1271	(-1, -1)	b'\xe8\xa7\x84'	-9.711815074964095
1272	(-1, -1)	b'12'	-8.034285050677047
1273	(-1, -1)	b'ical'	-8.605877273646069
1274	(-1, -1)	b'\xe7\xba\xbf'	-8.134829590149105
1275	(-1, -1)	b'\xe4\xb8\x96'	-9.10898567945543
1276	(-1, -1)	b'\xe8\xbe\x83'	-8.937208791302897
1277	(-1, -1)	b'\xe6\x88\x8f'	-9.476819213801258
1278	(-1, -1)	b'iss'	-9.228293589215632
1279	(-1, -1)	b'\xe5\x85\x89'	-8.301703529932555
1280	(-1, -1)	b' our'	-7.969956021818933
1281	(-1, -1)	b'vers'	-11.071161697674217
1282	(-1, -1)	b'\xe5\x8a\xbf'	-9.090706106173466
1283	(-1, -1)	b' make'	-7.941796485691536
1284	(-1, -1)	b'\xe7\xab\x8b'	-8.627650170904815
1285	(-1, -1)	b'\xe5\x83'	-10.560631538528488
1286	(-1, -1)	b' because'	-7.977992175131548
1287	(-1, -1)	b'\xe5\xa4\x84'	-8.418273468622155
1288	(-1, -1)	b'\xe5\x85\x88'	-8.862282248427736
1289	(-1, -1)	b'\xe6\x8a\x95\xe8\xb5\x84'	-8.415927478741608
1290	(-1, -1)	b'\xe5\x80\xbc'	-8.83692910005613
1291	(-1, -1)	b'ition'	-8.935162729257163
1292	(-1, -1)	b'amp'	-9.047811651637696
1293	(-1, -1)	b'\xd8\xaf'	-8.475821958444405
1294	(-1, -1)	b'\xe6\x98\x9f'	-8.357584140393554
1295	(-1, -1)	b' sup'	-10.949704381330502
1296	(-1, -1)	b'\xe6\xaf\x8f'	-8.620509566213855
1297	(-1, -1)	b' does'	-8.632500446810631
1298	(-1, -1)	b'\xe7\xbb\x84'	-8.972415192739728
1299	(-1, -1)	b' last'	-7.986682197903323
1300	(-1, -1)	b'\xe6\x98\xbe'	-9.660272516176171
1301	(-1, -1)	b'\xe6\x8e\xa8'	-9.342623945618309
1302	(-1, -1)	b'\xe8\xae\xb0\xe8\x80\x85'	-8.241766315089269
1303	(-1, -1)	b'ank'	-9.21432312755662
1304	(-1, -1)	b'\xe4\xbd\x8e'	-8.414593611663754
1305	(-1, -1)	b'ory'	-9.14261420447557
1306	(-1, -1)	b' much'	-8.006426705315931
1307	(-1, -1)	b'\xe5\x9b\xbe'	-8.455697669519282
1308	(-1, -1)	b' cr'	-8.673746119415569
1309	(-1, -1)	b'anc'	-9.641204897959346
1310	(-1, -1)	b' ke'	-9.65232599772497
1311	(-1, -1)	b'\xe7\xbb\xad'	-10.007550297914062
1312	(-1, -1)	b'\xe9\x9c\x80'	-9.499788804363373
1313	(-1, -1)	b'rent'	-10.880923330693744
1314	(-1, -1)	b'\xe4\xbb\x96\xe4\xbb\xac'	-8.151778287197637
1315	(-1, -1)	b'\xe8\xb7\xaf'	-8.194196801435814
1316	(-1, -1)	b'\xd0\xb2'	-9.216038167554835
1317	(-1, -1)	b' even'	-8.123507139039987
1318	(-1, -1)	b'\xe5\xaf\xbc'	-9.277680422584803
1319	(-1, -1)	b'\xe8\x83\x9c'	-8.528302712339148
1320	(-1, -1)	b'ek'	-8.998123818955719
1321	(-1, -1)	b' then'	-8.020238901558363
1322	(-1, -1)	b'11'	-8.176181690590962
1323	(-1, -1)	b'\xe6\xb6\x88'	-9.509037934381428
1324	(-1, -1)	b' \xe1\x8a'	-10.341142071669921
1325	(-1, -1)	b'\xe5\xbd\xa9'	-9.039449214207409
1326	(-1, -1)	b'\xe5\x8b'	-9.771667720822423
1327	(-1, -1)	b' add'	-9.287204976032386
1328	(-1, -1)	b'\xe6\x95\xb4'	-9.510676444147293
1329	(-1, -1)	b'\xe5\xa3\xab'	-8.892704903091882
1330	(-1, -1)	b'\xe1\xba'	-10.19267297698773
1331	(-1, -1)	b'\xe5\x8d\x81'	-8.79995643516299
1332	(-1, -1)	b'fore'	-10.265190888033777
1333	(-1, -1)	b'\xe9\xaa'	-9.864007632698998
1334	(-1, -1)	b'\xe6\xbc\x94'	-8.927762094491587
1335	(-1, -1)	b'\xe7\xa8\x8b'	-9.346490244235298
1336	(-1, -1)	b'\xe2\x80\x94'	-9.329670589484905
1337	(-1, -1)	b'\xe6\x81\xaf'	-9.563596918631863
1338	(-1, -1)	b'eg'	-8.73101291965313
1339	(-1, -1)	b'\xe5\x86\x8d'	-8.453139177324969
1340	(-1, -1)	b'ents'	-9.912359324197336
1341	(-1, -1)	b' sec'	-10.957019428485536
1342	(-1, -1)	b'\xe6\x97\xb6\xe9\x97\xb4'	-8.505563274033825
1343	(-1, -1)	b' game'	-8.01802485643288
1344	(-1, -1)	b'\xe6\xb5\x8e'	-10.692427572799943
1345	(-1, -1)	b'\xe5\xa5\xb9'	-8.246449813412246
1346	(-1, -1)	b'\xe3\x82'	-8.843070971210981
1347	(-1, -1)	b'\xe7\x9b\x98'	-8.672652751445906
1348	(-1, -1)	b'\xe9\x93\xb6'	-9.194194897407764
1349	(-1, -1)	b'form'	-9.86735771958428
1350	(-1, -1)	b'\xe0\xa5\x87'	-9.363788957154805
1351	(-1, -1)	b' should'	-8.127267063169144
1352	(-1, -1)	b'\xe6\x94\xbe'	-8.577797560444678
1353	(-1, -1)	b'ik'	-8.559329543700073
1354	(-1, -1)	b'uck'	-9.340528136467936
1355	(-1, -1)	b'\xe7\x9b\xb4'	-9.174400502615217
1356	(-1, -1)	b'\xe7\x96'	-9.872117668913567
1357	(-1, -1)	b'\xe6\xb1\x82'	-9.414774158665018
1358	(-1, -1)	b'\xe5\x83\x8f'	-8.922751903225043
1359	(-1, -1)	b' thr'	-10.305482862813113
1360	(-1, -1)	b'\xe6\xac\xa7'	-9.152694903926962
1361	(-1, -1)	b'30'	-8.068249102800117
1362	(-1, -1)	b'ump'	-9.547052295823603
1363	(-1, -1)	b'\xe5\xb2'	-10.234744875735087
1364	(-1, -1)	b'\xe5\xad\xa3'	-9.243954429625186
1365	(-1, -1)	b' bu'	-10.128260471854357
1366	(-1, -1)	b' inv'	-10.169538037104708
1367	(-1, -1)	b'\xe8\x80\x81'	-8.521192423768545
1368	(-1, -1)	b' att'	-10.196185449864869
1369	(-1, -1)	b'ater'	-10.128260471854357
1370	(-1, -1)	b'\xe9\x80\xa0'	-9.453737193817744
1371	(-1, -1)	b'ates'	-9.086173454661598
1372	(-1, -1)	b'\xe8\x84'	-9.932022879106114
1373	(-1, -1)	b' pol'	-10.638565697367001
1374	(-1, -1)	b'\xe6\xbb'	-9.238605556044357
1375	(-1, -1)	b'\xe8\xa3\x85'	-8.68453262811132
1376	(-1, -1)	b'\xe6\xb5\x81'	-8.654697924444875
1377	(-1, -1)	b'any'	-10.205908853617833
1378	(-1, -1)	b'\xe6\x95\x99'	-9.212216338970396
1379	(-1, -1)	b'lic'	-9.567905251604916
1380	(-1, -1)	b'\xe7\xbb\x9f'	-10.536730006545984
1381	(-1, -1)	b'ock'	-8.77577697462828
1382	(-1, -1)	b'\xe5\x8f\xa3'	-8.61181275637608
1383	(-1, -1)	b'\xe8\xb6\x85'	-8.571436083156724
1384	(-1, -1)	b' show'	-8.710952893841668
1385	(-1, -1)	b'other'	-10.168681872668847
1386	(-1, -1)	b'\xe7\xba\xa6'	-8.423624462527515
1387	(-1, -1)	b' dec'	-9.497249287257944
1388	(-1, -1)	b'\xe8\xb4\xa8'	-8.904528553282537
1389	(-1, -1)	b'\xe6\xac\xbe'	-8.786783123021996
1390	(-1, -1)	b'\xe7\xa7\xb0'	-8.316954108784191
1391	(-1, -1)	b' aw'	-10.33102462397451
1392	(-1, -1)	b'\xe8\xa1\xa8\xe7\xa4\xba'	-8.092304498722859
1393	(-1, -1)	b'ft'	-9.68070845082521
1394	(-1, -1)	b'az'	-8.89189296274877
1395	(-1, -1)	b'\xe6\xa8'	-10.06057801174441
1396	(-1, -1)	b' \xe0\xb0'	-9.42794744362558
1397	(-1, -1)	b'\xe8\xa7\x82'	-9.013910099962015
1398	(-1, -1)	b'\xe6\x98\x93'	-9.312474616801907
1399	(-1, -1)	b' 6'	-8.678150862108806
1400	(-1, -1)	b'\xe4\xba\x9a'	-8.80881408271734
1401	(-1, -1)	b'\xe5\xb7\xb2\xe7\xbb\x8f'	-8.097791982769166
1402	(-1, -1)	b'\xe5\x8f\xaf\xe8\x83\xbd'	-8.606756378809568
1403	(-1, -1)	b' years'	-8.099908934286649
1404	(-1, -1)	b'\xe9\xa1\xb9'	-9.024728930829506
1405	(-1, -1)	b'be'	-8.709042407479757
1406	(-1, -1)	b'\xe4\xba\xbf'	-8.95446645315855
1407	(-1, -1)	b'\xe9\xa9\xac'	-8.29010241071271
1408	(-1, -1)	b'\xe5\x9b\x9b'	-8.466122348571284
1409	(-1, -1)	b' way'	-8.105112310869389
1410	(-1, -1)	b'\xe6\x8b\x89'	-8.17043367900036
1411	(-1, -1)	b'\xd0\xb3'	-9.224291582873779
1412	(-1, -1)	b'\xe7\x8e\x8b'	-8.11099865632282
1413	(-1, -1)	b'50'	-8.419895118745815
1414	(-1, -1)	b' down'	-8.186173564502699
1415	(-1, -1)	b' going'	-8.112957542244988
1416	(-1, -1)	b'\xe5\xbc\xa0'	-8.335542584217025
1417	(-1, -1)	b'\xe7\xbb\x8f\xe6\xb5\x8e'	-8.296846781000044
1418	(-1, -1)	b'ont'	-9.135888818402233
1419	(-1, -1)	b'\xe7\x9b\xae\xe5\x89\x8d'	-8.198041838284365
1420	(-1, -1)	b' got'	-8.181998143982481
1421	(-1, -1)	b' still'	-8.120235658762828
1422	(-1, -1)	b'\xe7\x95\x8c'	-9.233688231124654
1423	(-1, -1)	b'omet'	-11.133409814320103
1424	(-1, -1)	b' Tr'	-8.768998723724009
1425	(-1, -1)	b'\xe4\xbb\xb6'	-9.24548309234325
1426	(-1, -1)	b' under'	-8.441873694584785
1427	(-1, -1)	b'\xe5\x8d\x87'	-9.15499033269091
1428	(-1, -1)	b' \xe0\xb6'	-9.755968811279319
1429	(-1, -1)	b'\xe5\xb9\xbf'	-9.510898070441943
1430	(-1, -1)	b'\xe5\xae\x8c'	-9.643328148339947
1431	(-1, -1)	b'\xe8\xbd\xa6'	-8.24748939917462
1432	(-1, -1)	b'\xe7\xb1\xb3'	-8.726329165310572
1433	(-1, -1)	b'\xe4\xba\xa7\xe5\x93\x81'	-8.372581532009656
1434	(-1, -1)	b'\xe8\x8a\x82'	-8.634749834708945
1435	(-1, -1)	b'\xe6\x94\xaf'	-9.074128587972845
1436	(-1, -1)	b'\xe6\x82'	-9.636670199807178
1437	(-1, -1)	b' comm'	-9.689944563454358
1438	(-1, -1)	b'\xe4\xbc\x81'	-10.160330025928465
1439	(-1, -1)	b' right'	-8.1382166485558
1440	(-1, -1)	b'ily'	-10.080829314839905
1441	(-1, -1)	b' well'	-8.139925743151906
1442	(-1, -1)	b'\xe5\x85\xb1'	-8.924205481376742
1443	(-1, -1)	b' being'	-8.135938653776277
1444	(-1, -1)	b'\xe9\xa2\x84'	-9.196361114973511
1445	(-1, -1)	b'itt'	-9.567342241362025
1446	(-1, -1)	b'\xe7\x9f\xa5'	-9.4794361740455
1447	(-1, -1)	b'urn'	-9.623634679974316
1448	(-1, -1)	b'\xe5\x8f\x8b'	-9.210704821579473
1449	(-1, -1)	b' before'	-8.149787399116192
1450	(-1, -1)	b' \xec'	-9.118252316091914
1451	(-1, -1)	b' most'	-8.258274435047912
1452	(-1, -1)	b'\xe7\xbe\x8e\xe5\x9b\xbd'	-8.285574888871084
1453	(-1, -1)	b'\xe5\xb8\xa6'	-8.612263852999602
1454	(-1, -1)	b'\xe6\x9c\xaa'	-8.951117641139373
1455	(-1, -1)	b'atch'	-9.2084418206629
1456	(-1, -1)	b'\xe7\x8b'	-9.819635438483596
1457	(-1, -1)	b'ually'	-10.03854734255525
1458	(-1, -1)	b'\xe4\xbc\xa0'	-8.716866642521119
1459	(-1, -1)	b'ise'	-8.609524322773526
1460	(-1, -1)	b' team'	-8.367044097788002
1461	(-1, -1)	b'ons'	-8.96957325417631
1462	(-1, -1)	b'\xe7\x83\xad'	-8.552641924944258
1463	(-1, -1)	b'li'	-9.128300837720257
1464	(-1, -1)	b'\xe6\xa5'	-10.662816868524178
1465	(-1, -1)	b'\xe8\xb1'	-10.661695320670738
1466	(-1, -1)	b'man'	-8.000584678263568
1467	(-1, -1)	b'\xe6\xa0\xa1'	-9.154338391590874
1468	(-1, -1)	b'uct'	-10.165861719537071
1469	(-1, -1)	b'oot'	-9.376535832356724
1470	(-1, -1)	b'\xe6\xae'	-9.941865144201163
1471	(-1, -1)	b'\xe5\x8f\x91\xe5\xb1\x95'	-8.493903450121637
1472	(-1, -1)	b' fl'	-8.615047104692383
1473	(-1, -1)	b' \xda\xa9'	-9.743528809588463
1474	(-1, -1)	b'\xe7\x8e\xa9'	-9.474935812850724
1475	(-1, -1)	b'aking'	-9.647283328182874
1476	(-1, -1)	b' 7'	-8.839032578355045
1477	(-1, -1)	b'ble'	-10.498875189516179
1478	(-1, -1)	b'\xe5\xa4\x87'	-9.737727811616194
1479	(-1, -1)	b'\xe6\x88\xb7'	-9.322007716739337
1480	(-1, -1)	b'\xe6\x8a\x80'	-10.255623232270798
1481	(-1, -1)	b'\xe8\xbf\x9b\xe8\xa1\x8c'	-8.340467655049663
1482	(-1, -1)	b'\xe7\xa5\xa8'	-9.40455833759217
1483	(-1, -1)	b'\xe8\xbf\x99\xe4\xb8\xaa'	-8.277032536985857
1484	(-1, -1)	b'lud'	-11.158192258028034
1485	(-1, -1)	b'sel'	-9.875558916255514
1486	(-1, -1)	b'\xe5\x8d\xa1'	-8.320843828824016
1487	(-1, -1)	b'\xe8\x8e\xb7'	-9.026475227215881
1488	(-1, -1)	b'\xe9\x9f'	-10.365954174823859
1489	(-1, -1)	b' rem'	-9.86628194033166
1490	(-1, -1)	b'\xe9\x85\x8d'	-9.406752939753837
1491	(-1, -1)	b'\xe5\x87\x86'	-9.532632698500594
1492	(-1, -1)	b' na'	-8.124902982754902
1493	(-1, -1)	b'\xc2\xa0\xc2\xa0'	-10.693439499160236
1494	(-1, -1)	b' call'	-9.18225215698303
1495	(-1, -1)	b'He'	-8.503829089921608
1496	(-1, -1)	b'\xe5\x91\x8a'	-9.744200326121812
1497	(-1, -1)	b'\xe6\xa3'	-9.903720673752598
1498	(-1, -1)	b'\xe9\x99\x85'	-10.356512801583857
1499	(-1, -1)	b'\xe5\xb1\xb1'	-8.368273562701749
1500	(-1, -1)	b'\xe4\xbb\x85'	-9.31812507020031
1501	(-1, -1)	b'\xe9\xa2\x86'	-9.004408458302965
1502	(-1, -1)	b'\xe5\xbf\xab'	-8.770245014059698
1503	(-1, -1)	b'ince'	-10.355377551965054
1504	(-1, -1)	b'\xe4\xbc\x98'	-9.36264164174671
1505	(-1, -1)	b' ph'	-9.301915849387004
1506	(-1, -1)	b'\xe6\xb8\xb8\xe6\x88\x8f'	-8.50164538273808
1507	(-1, -1)	b'ating'	-8.440976089911745
1508	(-1, -1)	b'\xe7\x88\xb1'	-8.561574444350674
1509	(-1, -1)	b'\xe5\xbd\xa2'	-9.081545825289721
1510	(-1, -1)	b'\xe5\x8f\x8d'	-8.996929947354074
1511	(-1, -1)	b'\xe5\x8f\x88'	-8.218842781080772
1512	(-1, -1)	b'\xe9\x94\x80'	-9.841853149251369
1513	(-1, -1)	b'uring'	-9.778596155004387
1514	(-1, -1)	b'\xe6\x9c\x8d'	-9.123354214856935
1515	(-1, -1)	b'ving'	-9.748407551916536
1516	(-1, -1)	b'\xe5\x87\xa0'	-8.91175861122295
1517	(-1, -1)	b'oss'	-9.776281339155936
1518	(-1, -1)	b'\xe6\x9c\xaf'	-9.925291113529633
1519	(-1, -1)	b'\xe4\xbb\xbd'	-9.731517989044072
1520	(-1, -1)	b'air'	-8.984990372445862
1521	(-1, -1)	b' des'	-9.13771853347723
1522	(-1, -1)	b'\xe6\xb0\x94'	-8.36009151323942
1523	(-1, -1)	b'\xe8\xbf\x90'	-9.193807413144462
1524	(-1, -1)	b'\xe5\x8c\x97\xe4\xba\xac'	-8.705232349887142
1525	(-1, -1)	b' co'	-9.2615903631287
1526	(-1, -1)	b'\xe7\x85'	-10.409742794832638
1527	(-1, -1)	b'arket'	-11.187152712611748
1528	(-1, -1)	b' where'	-8.23392235887057
1529	(-1, -1)	b'arg'	-11.209921820873024
1530	(-1, -1)	b'\xe5\x8d\x8a'	-8.752147626359239
1531	(-1, -1)	b' ass'	-9.287027768468702
1532	(-1, -1)	b' mon'	-9.615972943574521
1533	(-1, -1)	b'als'	-9.431749185557623
1534	(-1, -1)	b' \xe0\xae'	-10.42676775434365
1535	(-1, -1)	b'\xe6\x95\x88'	-9.43881867657063
1536	(-1, -1)	b'\xe7\x9a\x84\xe4\xb8\x80'	-9.155735929047175
1537	(-1, -1)	b'\xe6\x89\x8d'	-8.852137133630986
1538	(-1, -1)	b'ss'	-10.672117950232884
1539	(-1, -1)	b' em'	-10.169109863259587
1540	(-1, -1)	b' da'	-8.317625989268496
1541	(-1, -1)	b'  '	-10.576975109670645
1542	(-1, -1)	b'\xe5\xb7\xa5\xe4\xbd\x9c'	-8.5850600106627
1543	(-1, -1)	b' 10'	-8.218112383103154
1544	(-1, -1)	b'\xe6\xb9'	-10.48210974369566
1545	(-1, -1)	b'\xe6\xba'	-9.943025435086549
1546	(-1, -1)	b' \xd1'	-10.312572995912046
1547	(-1, -1)	b'\xe5\xa7\x8b'	-10.232553094035744
1548	(-1, -1)	b'\xe3\x83'	-8.890151903124877
1549	(-1, -1)	b'\xe6\x90'	-10.74782818115078
1550	(-1, -1)	b'\xe9\x9b\x86'	-9.05914671492279
1551	(-1, -1)	b'\xe7\x8a'	-11.02760026407907
1552	(-1, -1)	b'\xe8\xb5\xb0'	-8.441934578312106
1553	(-1, -1)	b' help'	-8.618963984904095
1554	(-1, -1)	b'In'	-8.252363535752549
1555	(-1, -1)	b'\xd8\xb3'	-8.829747376875668
1556	(-1, -1)	b'\xe5\x8c\x85'	-9.05646971438081
1557	(-1, -1)	b'pe'	-9.247218406411134
1558	(-1, -1)	b'\xe5\xa4\xaa'	-8.748500936450979
1559	(-1, -1)	b'\xe5\x8a\x9f'	-9.754780053391176
1560	(-1, -1)	b'\xe5\xa8'	-9.790134072173165
1561	(-1, -1)	b'\xe7\xa9\xba'	-8.855975557007211
1562	(-1, -1)	b'\xe8\xa7\x86'	-9.153810940872017
1563	(-1, -1)	b'\xe8\xaf\x9d'	-9.10957902803545
1564	(-1, -1)	b'\xe5\x8f\x8c'	-8.74159632623244
1565	(-1, -1)	b'\xe5\xb0\xbc'	-8.769568867225564
1566	(-1, -1)	b'les'	-9.124829607684374
1567	(-1, -1)	b'\xe6\x9c\x9b'	-9.265710082998758
1568	(-1, -1)	b'\xe5\x94\xae'	-9.166201667585856
1569	(-1, -1)	b'\xe6\x8b\x8d'	-8.997911470916486
1570	(-1, -1)	b' start'	-8.851632569609457
1571	(-1, -1)	b'ues'	-10.478486763048338
1572	(-1, -1)	b'\xe7\xb1\xbb'	-8.720480015919634
1573	(-1, -1)	b'\xe5\x9d\x87'	-8.916200134496853
1574	(-1, -1)	b'\xe5\x8f\x82'	-9.712086085020227
1575	(-1, -1)	b'io'	-8.54606629876971
1576	(-1, -1)	b' ind'	-9.937576943776397
1577	(-1, -1)	b'\xe5\xb1\x85'	-8.892203332688352
1578	(-1, -1)	b'\xe4\xbd\x8f'	-8.856205870926098
1579	(-1, -1)	b' fin'	-10.240153515220724
1580	(-1, -1)	b' very'	-8.27995386994942
1581	(-1, -1)	b'\xe4\xbc\x81\xe4\xb8\x9a'	-8.447919237630185
1582	(-1, -1)	b'\xe8\xbf\x9e'	-8.766468678098638
1583	(-1, -1)	b' str'	-9.169032125178905
1584	(-1, -1)	b'ys'	-9.591362003444
1585	(-1, -1)	b' cons'	-9.606562954515306
1586	(-1, -1)	b'\xe8\xae\xba'	-9.584610559282634
1587	(-1, -1)	b'\xe5\xb1\x80'	-8.427112777228105
1588	(-1, -1)	b'\xe6\xa0\x87'	-9.288481798337433
1589	(-1, -1)	b'\xe5\xb0\xb1\xe6\x98\xaf'	-8.385689865481405
1590	(-1, -1)	b'\xe7\xb2\xbe'	-8.77860775753748
1591	(-1, -1)	b'\xe7\x9c\x9f'	-9.140744901855095
1592	(-1, -1)	b'\xe8\xa8'	-10.376117183352301
1593	(-1, -1)	b' may'	-8.581343446656758
1594	(-1, -1)	b'\xe8\x85'	-9.666157619114943
1595	(-1, -1)	b'\xe6\xa1\x88'	-8.704202952587492
1596	(-1, -1)	b'ath'	-9.11356357092241
1597	(-1, -1)	b' those'	-8.299826662427671
1598	(-1, -1)	b'\xe6\x8a\x8a'	-8.380795247672985
1599	(-1, -1)	b'\xe8\xb4\xad'	-9.526490228530598
1600	(-1, -1)	b'\xe9\x97\xae\xe9\xa2\x98'	-8.633587633775656
1601	(-1, -1)	b'enc'	-10.030838012055687
1602	(-1, -1)	b'\xe7\x97'	-10.408871904292074
1603	(-1, -1)	b'\xe4\xbe\x9b'	-9.712574088283267
1604	(-1, -1)	b'erson'	-10.030539816138761
1605	(-1, -1)	b'\xe4\xb9\x90'	-9.090502277097999
1606	(-1, -1)	b' def'	-9.81879069095252
1607	(-1, -1)	b'\xe8\xae\xae'	-9.356202911054039
1608	(-1, -1)	b'15'	-8.293849499969792
1609	(-1, -1)	b'\xe6\xb7\xb1'	-8.790378274521396
1610	(-1, -1)	b'\xe5\x88\x99'	-8.715384923456227
1611	(-1, -1)	b'tern'	-10.265190888033777
1612	(-1, -1)	b'\xe6\x9f\xa5'	-9.064522311401392
1613	(-1, -1)	b'aa'	-8.846532443058523
1614	(-1, -1)	b' through'	-8.44118900795431
1615	(-1, -1)	b'ife'	-10.088382458537735
1616	(-1, -1)	b'\xe7\x8f'	-10.864828841207904
1617	(-1, -1)	b'\xe8\xb4\x9f'	-8.754391969688216
1618	(-1, -1)	b'\xe6\x94\xb9'	-9.244735454165285
1619	(-1, -1)	b'\xe8\xaf\xb7'	-9.177762489986932
1620	(-1, -1)	b'\xe7\x81\xab'	-8.927168446507398
1621	(-1, -1)	b' take'	-8.316470634204194
1622	(-1, -1)	b' Un'	-9.50802075277105
1623	(-1, -1)	b'\xe6\xa2'	-9.914281828021265
1624	(-1, -1)	b'ix'	-9.108422324215411
1625	(-1, -1)	b'\xe5\xb8\x88'	-9.1521683191269
1626	(-1, -1)	b'\xe7\xa0\x94'	-10.034348491068787
1627	(-1, -1)	b' min'	-9.621206231252676
1628	(-1, -1)	b'\xe0\xa4\xbf'	-10.087829776039753
1629	(-1, -1)	b'com'	-9.896784834916325
1630	(-1, -1)	b'\xe6\xad\xa5'	-9.11231297523774
1631	(-1, -1)	b'You'	-8.474783258928596
1632	(-1, -1)	b' use'	-8.39453487631994
1633	(-1, -1)	b'1.'	-8.952841386147798
1634	(-1, -1)	b'hn'	-10.81689741474689
1635	(-1, -1)	b'\xe6\x9d\xbf'	-9.33129913377851
1636	(-1, -1)	b'ational'	-10.415750787124928
1637	(-1, -1)	b' made'	-8.333614839832224
1638	(-1, -1)	b' reg'	-9.69302459350331
1639	(-1, -1)	b' end'	-8.64884007284008
1640	(-1, -1)	b'\xe6\xb8\x85'	-8.82649992998415
1641	(-1, -1)	b' here'	-8.33759746390772
1642	(-1, -1)	b'\xe5\x8d\xb3'	-9.21785535867819
1643	(-1, -1)	b'ities'	-9.358407983612352
1644	(-1, -1)	b' try'	-8.914660450683185
1645	(-1, -1)	b'ited'	-9.56065731826014
1646	(-1, -1)	b' wr'	-10.053383736110382
1647	(-1, -1)	b'\xe1\x80\xba'	-10.512299818792764
1648	(-1, -1)	b' sm'	-9.475705866364713
1649	(-1, -1)	b' fun'	-9.240599574651222
1650	(-1, -1)	b'\xe0\xaf\x8d\xe0\xae'	-9.590257588071605
1651	(-1, -1)	b' loo'	-10.37327791544776
1652	(-1, -1)	b'\xe8\x8c'	-9.891841413895758
1653	(-1, -1)	b'ash'	-8.53294332344657
1654	(-1, -1)	b'\xe5\xa6\x82\xe6\x9e\x9c'	-8.453339305099524
1655	(-1, -1)	b'\xe9\x87\x87'	-10.377276237272692
1656	(-1, -1)	b'\xe6\x9a'	-10.392146399752143
1657	(-1, -1)	b'\xe6\xa8\xa1'	-9.70060564524047
1658	(-1, -1)	b'\xe5\x86\xb3'	-9.544115031790676
1659	(-1, -1)	b'\xe8\xb6\xb3'	-9.514851259235575
1660	(-1, -1)	b' And'	-8.434805991429847
1661	(-1, -1)	b' post'	-8.794419382571931
1662	(-1, -1)	b'ax'	-9.236615505636347
1663	(-1, -1)	b' Br'	-8.45673217100503
1664	(-1, -1)	b' 8'	-8.905762210506522
1665	(-1, -1)	b'gr'	-9.047727959123943
1666	(-1, -1)	b' \xe1\x88'	-9.84271761364605
1667	(-1, -1)	b'\xc3\xa9'	-8.675744122078243
1668	(-1, -1)	b' long'	-8.55734589107794
1669	(-1, -1)	b' \xd9\x85'	-8.773420560804793
1670	(-1, -1)	b'hen'	-10.059733449522914
1671	(-1, -1)	b' imp'	-9.387878108960658
1672	(-1, -1)	b'\xe8\xaf\xad'	-9.11374235518987
1673	(-1, -1)	b'\xe5\xb7\x9e'	-8.814608390560121
1674	(-1, -1)	b'ual'	-9.150899460155888
1675	(-1, -1)	b'ower'	-9.875814295175372
1676	(-1, -1)	b'read'	-10.121706831620518
1677	(-1, -1)	b'\xe7\x9c\x81'	-8.36636641881247
1678	(-1, -1)	b'\xe9\x98\xb2'	-8.781361080871209
1679	(-1, -1)	b'\xe0\xa4\xb0'	-8.863395240403877
1680	(-1, -1)	b'\xe9\x9a\xbe'	-9.023339530908393
1681	(-1, -1)	b' day'	-8.37026935945331
1682	(-1, -1)	b'\xe9\x80\x9f'	-10.345422114889699
1683	(-1, -1)	b'\xe4\xb9\xb0'	-8.895288389362804
1684	(-1, -1)	b' New'	-8.71827029224025
1685	(-1, -1)	b'illion'	-10.465390440966601
1686	(-1, -1)	b'aj'	-9.265883552563958
1687	(-1, -1)	b'\xe7\x8e\xb0\xe5\x9c\xa8'	-8.616876699340805
1688	(-1, -1)	b'\xe5\x88\x9b'	-9.302995529906484
1689	(-1, -1)	b'\xe5\xae\xb9'	-9.541049299219528
1690	(-1, -1)	b' op'	-10.566219564245454
1691	(-1, -1)	b'\xe0\xa5\x80'	-8.516638704295852
1692	(-1, -1)	b' around'	-8.378606890855705
1693	(-1, -1)	b'\xe4\xb8\x94'	-9.71084004644852
1694	(-1, -1)	b'ny'	-9.821931928282385
1695	(-1, -1)	b'\xe7\x8e\xaf'	-9.499219041237929
1696	(-1, -1)	b' look'	-8.595299128468639
1697	(-1, -1)	b' We'	-8.466559077478761
1698	(-1, -1)	b'ames'	-10.734779900134809
1699	(-1, -1)	b' car'	-8.658565598382403
1700	(-1, -1)	b' while'	-8.385085714079954
1701	(-1, -1)	b'\xe5\x8d\x9a'	-8.90976391353659
1702	(-1, -1)	b'\xe7\xa1\xae'	-10.363455474929324
1703	(-1, -1)	b'\xe8\xaf\x95'	-9.273790935052697
1704	(-1, -1)	b'ased'	-10.338400257309477
1705	(-1, -1)	b'\xe1\x8c'	-9.366970072460292
1706	(-1, -1)	b' ev'	-9.656624658456218
1707	(-1, -1)	b'\xe7\x95\x99'	-9.120679974594896
1708	(-1, -1)	b'\xe8\xad'	-10.460107929830999
1709	(-1, -1)	b'We'	-8.474500164388857
1710	(-1, -1)	b'\xe5\xae\x83'	-8.88205892069471
1711	(-1, -1)	b' 19'	-8.41020443124499
1712	(-1, -1)	b' di'	-8.386395170411072
1713	(-1, -1)	b'\xe4\xbd\x95'	-9.462272574750903
1714	(-1, -1)	b'\xe5\xa4\x8d'	-8.86764992289717
1715	(-1, -1)	b'\xe8\xa7\x81'	-8.76510090472532
1716	(-1, -1)	b'\xe5\xad\xa6\xe7\x94\x9f'	-8.848930607899684
1717	(-1, -1)	b'\xd1\x8b'	-9.027294854604534
1718	(-1, -1)	b'\xe5\x99'	-10.663939675659682
1719	(-1, -1)	b'ved'	-10.293679575022782
1720	(-1, -1)	b' But'	-8.404733909815537
1721	(-1, -1)	b'land'	-8.86098532149915
1722	(-1, -1)	b' \xe1\x8b'	-10.8082619232018
1723	(-1, -1)	b'\xe0\xaa\xbe'	-10.006967717064494
1724	(-1, -1)	b' bel'	-10.355480703236484
1725	(-1, -1)	b'\xe7\xaa'	-9.813077248857981
1726	(-1, -1)	b'ert'	-9.109282309737623
1727	(-1, -1)	b' week'	-8.654716754886167
1728	(-1, -1)	b'ok'	-9.3767296345628
1729	(-1, -1)	b'\xe5\x9b\xa0\xe4\xb8\xba'	-8.506666937333819
1730	(-1, -1)	b'\xe7\xb4\xa0'	-9.484043187425291
1731	(-1, -1)	b'ave'	-9.300657693677065
1732	(-1, -1)	b'oth'	-10.365328914278269
1733	(-1, -1)	b'lect'	-10.412360026424766
1734	(-1, -1)	b' lot'	-8.510425269871135
1735	(-1, -1)	b' la'	-8.78874055489491
1736	(-1, -1)	b'\xe8\xbd\xac'	-8.556287274351966
1737	(-1, -1)	b'\xe9\x93\xb6\xe8\xa1\x8c'	-8.499450311081803
1738	(-1, -1)	b'\xe7\xa4\xbe'	-9.574497233287069
1739	(-1, -1)	b' che'	-9.917804947961525
1740	(-1, -1)	b'\xe9\x9a\x8f'	-9.203116141958642
1741	(-1, -1)	b' run'	-8.952156602271792
1742	(-1, -1)	b' same'	-8.42286254634625
1743	(-1, -1)	b'pr'	-9.290115669554071
1744	(-1, -1)	b' win'	-8.94211640794327
1745	(-1, -1)	b'\xe4\xbb\x80'	-10.392788660532089
1746	(-1, -1)	b'\xe7\xba\xa2'	-8.806729308489352
1747	(-1, -1)	b'ton'	-8.501225363992607
1748	(-1, -1)	b'18'	-8.530678543127982
1749	(-1, -1)	b'\xe7\xa5\x9e'	-8.792904755313357
1750	(-1, -1)	b' You'	-8.509968961398696
1751	(-1, -1)	b'ale'	-9.438736185335276
1752	(-1, -1)	b'\xe5\xb8\x8c'	-10.390115291031005
1753	(-1, -1)	b' many'	-8.438970802574934
1754	(-1, -1)	b' dr'	-9.041443177592031
1755	(-1, -1)	b'ange'	-9.500929305430104
1756	(-1, -1)	b'\xe5\x8a\x9e'	-9.272567650556443
1757	(-1, -1)	b'That'	-9.03099151402579
1758	(-1, -1)	b'\xe4\xba\x94'	-8.527771829900546
1759	(-1, -1)	b'sh'	-8.705509676460768
1760	(-1, -1)	b' \xd8\xaf'	-8.675590287757501
1761	(-1, -1)	b'\xe7\x94\xb7'	-8.92561179521645
1762	(-1, -1)	b'\xe5\xa4\xb1'	-8.922678048890376
1763	(-1, -1)	b' ear'	-10.432656333105877
1764	(-1, -1)	b'\xe5\x8a\xa9'	-8.88938965349887
1765	(-1, -1)	b'thing'	-9.839572084176718
1766	(-1, -1)	b'\xe6\x96\xb9\xe9\x9d\xa2'	-8.84607630109924
1767	(-1, -1)	b'\xe6\x9e\x97'	-8.53057874438869
1768	(-1, -1)	b'\xe5\x90\x8c\xe6\x97\xb6'	-8.620618756386847
1769	(-1, -1)	b' 9'	-9.051865163470879
1770	(-1, -1)	b'\xe8\xa7\x92'	-9.580609982436785
1771	(-1, -1)	b'\xe5\xad\x98'	-9.422373225143737
1772	(-1, -1)	b'\xe9\xa5'	-10.402148096290476
1773	(-1, -1)	b'resident'	-11.102672181642404
1774	(-1, -1)	b'\xe0\xa6\xbe'	-10.100379583324406
1775	(-1, -1)	b'por'	-9.855024313813805
1776	(-1, -1)	b' Al'	-8.622531516900436
1777	(-1, -1)	b'\xd0\xb0\xd0\xbd'	-8.953729767448689
1778	(-1, -1)	b'\xe8\xa7\x89'	-10.447022461213534
1779	(-1, -1)	b' sub'	-9.01836986814854
1780	(-1, -1)	b' own'	-8.785194185128644
1781	(-1, -1)	b' set'	-8.772699885882762
1782	(-1, -1)	b'ph'	-9.09619597249473
1783	(-1, -1)	b'cent'	-9.866408442545618
1784	(-1, -1)	b'\xe6\x96\x99'	-9.375335096277531
1785	(-1, -1)	b'\xe6\xb6\xa8'	-9.502510611215115
1786	(-1, -1)	b' against'	-8.474342924267145
1787	(-1, -1)	b'\xe5\xa1'	-10.892680946179699
1788	(-1, -1)	b' says'	-8.475113637214735
1789	(-1, -1)	b'\xe7\xbb\xb4'	-8.8503264731622
1790	(-1, -1)	b'ward'	-9.608369463318978
1791	(-1, -1)	b'\xe6\x9f\x90'	-8.478786605646858
1792	(-1, -1)	b' great'	-8.55734589107794
1793	(-1, -1)	b'\xe7\x89\x8c'	-9.42022508367527
1794	(-1, -1)	b'\xe7\xad\x96'	-10.3637674711879
1795	(-1, -1)	b'0.'	-8.853537485095464
1796	(-1, -1)	b'\xe5\xba\x9c'	-10.41981293247028
1797	(-1, -1)	b' something'	-8.485552970904562
1798	(-1, -1)	b' rel'	-9.495370696085311
1799	(-1, -1)	b'\xe8\xb6\x8a'	-9.1284520344426
1800	(-1, -1)	b'\xe6\x8e\x92'	-9.080911197679429
1801	(-1, -1)	b' Sh'	-8.603065742734113
1802	(-1, -1)	b'ann'	-9.220935596271332
1803	(-1, -1)	b'\xe4\xbb\x8a\xe5\xb9\xb4'	-8.679945242130483
1804	(-1, -1)	b' feel'	-8.89000893705525
1805	(-1, -1)	b' these'	-8.48873804199653
1806	(-1, -1)	b'\xe7\xa7\xaf'	-9.733177556831063
1807	(-1, -1)	b'\xe1\xbb\xa5'	-8.887343981995759
1808	(-1, -1)	b'\xe8\xaf\x84'	-9.566638924019706
1809	(-1, -1)	b'\xe8\x8a\xb1'	-8.57062209639535
1810	(-1, -1)	b'\xe5\xbc\x80\xe5\xa7\x8b'	-8.493679008419427
1811	(-1, -1)	b'iy'	-11.383409781741374
1812	(-1, -1)	b'\xe7\x85\xa7'	-9.442330859178151
1813	(-1, -1)	b' lead'	-9.44627089289224
1814	(-1, -1)	b'ters'	-10.29087126445683
1815	(-1, -1)	b'\xe6\x92'	-9.83013342621535
1816	(-1, -1)	b'\xe7\x9b\x8a'	-9.59241954332048
1817	(-1, -1)	b' high'	-8.724449674442738
1818	(-1, -1)	b'\xe5\x9b\xbd\xe5\xae\xb6'	-8.558217529556998
1819	(-1, -1)	b'ef'	-9.667141845670088
1820	(-1, -1)	b'\xe9\x98\xbf'	-8.591668138888185
1821	(-1, -1)	b' never'	-8.499579299650371
1822	(-1, -1)	b'\xe7\xa9\xb6'	-10.995592760873526
1823	(-1, -1)	b'\xe6\x9d\xa1'	-9.072754686162432
1824	(-1, -1)	b'its'	-9.537765224018338
1825	(-1, -1)	b' count'	-9.883377464158908
1826	(-1, -1)	b'\xe5\xa4\xa7\xe5\xad\xa6'	-8.611650411392635
1827	(-1, -1)	b'arch'	-11.014753840923568
1828	(-1, -1)	b'wa'	-8.471485465459475
1829	(-1, -1)	b'akes'	-10.344401394172314
1830	(-1, -1)	b' month'	-9.177286049937898
1831	(-1, -1)	b'\xe5\xbc\x95'	-9.268489213530628
1832	(-1, -1)	b'\xe6\x99\xaf'	-9.092892600346598
1833	(-1, -1)	b'16'	-8.5518600773647
1834	(-1, -1)	b'\xe0\xb1\x8d'	-10.13254348639118
1835	(-1, -1)	b' better'	-8.511485360812044
1836	(-1, -1)	b'\xe8\xae\xa4\xe4\xb8\xba'	-8.589795809941876
1837	(-1, -1)	b'\xe5\x99\xa8'	-8.863395240403877
1838	(-1, -1)	b" didn't"	-8.514999843264974
1839	(-1, -1)	b'\xe7\xab\x99'	-8.846988793178248
1840	(-1, -1)	b' report'	-8.958387627404113
1841	(-1, -1)	b' three'	-8.513020405858391
1842	(-1, -1)	b'\xe6\xa0\xb9'	-9.661817872688317
1843	(-1, -1)	b' sure'	-8.522461951163818
1844	(-1, -1)	b'\xe6\xa5\xbc'	-8.959127753769808
1845	(-1, -1)	b'\xe6\xba\x90'	-9.377893237207472
1846	(-1, -1)	b'ves'	-9.91255803259342
1847	(-1, -1)	b'\xe8\x82\xb2'	-10.356822638921734
1848	(-1, -1)	b'\xe4\xb8\x96\xe7\x95\x8c'	-8.747859996935793
1849	(-1, -1)	b'\xe5\x84'	-11.095079130734806
1850	(-1, -1)	b'\xe1\x8a\x95'	-8.652365693475003
1851	(-1, -1)	b' sur'	-9.647384949035562
1852	(-1, -1)	b'\xe9\x99\x90'	-9.282184459193678
1853	(-1, -1)	b' since'	-8.52828611799616
1854	(-1, -1)	b'\xe7\xbd\x97'	-8.936984018884024
1855	(-1, -1)	b'\xe5\xb9\x85'	-9.829035998962178
1856	(-1, -1)	b'\xe6\x9e\x84'	-10.696191329414404
1857	(-1, -1)	b'14'	-8.585411343976224
1858	(-1, -1)	b'son'	-8.626203323954066
1859	(-1, -1)	b'ee'	-8.164557025189994
1860	(-1, -1)	b'\xe8\x90\xa5'	-9.74291364864856
1861	(-1, -1)	b'\xe6\x80\x81'	-9.618043235633543
1862	(-1, -1)	b' ret'	-10.16902425048611
1863	(-1, -1)	b'--'	-8.836341821398122
1864	(-1, -1)	b'\xe0\xa7\x87'	-9.348598599370424
1865	(-1, -1)	b'\xe9\x99\x8d'	-9.319881382397108
1866	(-1, -1)	b' big'	-8.906779307509009
1867	(-1, -1)	b'anks'	-10.96325115481819
1868	(-1, -1)	b'This'	-8.540457060005199
1869	(-1, -1)	b' second'	-8.67401484890257
1870	(-1, -1)	b'\xe5\x80\x99'	-10.250223349491371
1871	(-1, -1)	b'ics'	-9.111390918689018
1872	(-1, -1)	b'\xe6\xaf\x94\xe8\xb5\x9b'	-9.346904034750352
1873	(-1, -1)	b'ouse'	-10.86174347708737
1874	(-1, -1)	b'\xc3\xa0'	-9.160845770357131
1875	(-1, -1)	b'\xe7\xbd\xae'	-9.373440094260191
1876	(-1, -1)	b'ka'	-8.646129309456093
1877	(-1, -1)	b'\xe0\xa4\xbf\xe0\xa4'	-9.212907139833407
1878	(-1, -1)	b' Fr'	-10.009081189410425
1879	(-1, -1)	b'\xe5\x88\x92'	-10.298540088139896
1880	(-1, -1)	b' during'	-8.553373335663965
1881	(-1, -1)	b'\xe7\xaf'	-10.409742794832638
1882	(-1, -1)	b' ter'	-10.626995432853159
1883	(-1, -1)	b'\xe5\x86\x9b'	-8.80488954275951
1884	(-1, -1)	b' \xd8\xa8'	-8.908889447876513
1885	(-1, -1)	b' ent'	-9.663778758811238
1886	(-1, -1)	b'\xe1\x80\xba\xe1\x80'	-9.275716267767239
1887	(-1, -1)	b'ara'	-8.76501679513047
1888	(-1, -1)	b'\xe5\xb7\xb4'	-8.736515389261967
1889	(-1, -1)	b' \xe1\x80'	-8.850211984639548
1890	(-1, -1)	b'ways'	-10.64695235544648
1891	(-1, -1)	b'att'	-9.503082253382695
1892	(-1, -1)	b'\xe9\x9d\x9e\xe5\xb8\xb8'	-8.562879143167532
1893	(-1, -1)	b'ible'	-9.053855995090046
1894	(-1, -1)	b'\xe5\x87\xbb'	-9.50863978356549
1895	(-1, -1)	b'\xe4\xbe\xbf'	-8.945737413710223
1896	(-1, -1)	b'\xe6\x98\xaf\xe4\xb8\x80'	-9.851403609440089
1897	(-1, -1)	b'ful'	-8.783029566145652
1898	(-1, -1)	b'\xe7\x99\xbd'	-8.701693293038282
1899	(-1, -1)	b'ner'	-9.057934132114143
1900	(-1, -1)	b'hes'	-10.391290693207255
1901	(-1, -1)	b'br'	-9.47267187048993
1902	(-1, -1)	b'ific'	-9.584038067496568
1903	(-1, -1)	b'\xe6\x9e\x81'	-8.951269616823556
1904	(-1, -1)	b'.S'	-10.234013747937942
1905	(-1, -1)	b'\xe0\xb7\x8a'	-9.491058936612394
1906	(-1, -1)	b'\xe7\x8c'	-10.27218987621869
1907	(-1, -1)	b' find'	-8.740180084372586
1908	(-1, -1)	b'\xe9\x99\xa4'	-9.110083651285542
1909	(-1, -1)	b'ember'	-10.526151802125677
1910	(-1, -1)	b'\xe8\x87\xb4'	-9.181582204333193
1911	(-1, -1)	b'\xe5\x9b\xa2'	-9.390272097663138
1912	(-1, -1)	b'\xe6\x88\x90\xe4\xb8\xba'	-8.658943734553743
1913	(-1, -1)	b'\xe6\x91\x84'	-10.809560624683035
1914	(-1, -1)	b'\xe8\xae\xbe\xe8\xae\xa1'	-8.900764433405312
1915	(-1, -1)	b'\xe5\xa4\xa7\xe7\x9a\x84'	-9.90273626021945
1916	(-1, -1)	b'\xe6\x9d\x83'	-8.882650028092488
1917	(-1, -1)	b'\xe4\xbb\x80\xe4\xb9\x88'	-9.075963398269419
1918	(-1, -1)	b' Trump'	-8.792991243669915
1919	(-1, -1)	b'\xe7\xbe\x8e\xe5\x85\x83'	-8.929569943025678
1920	(-1, -1)	b' sl'	-8.945309250649117
1921	(-1, -1)	b'\xe6\xb5\x8b'	-9.270997051835593
1922	(-1, -1)	b" It's"	-8.580486391201784
1923	(-1, -1)	b'\xe4\xbc\x97'	-9.43277362886233
1924	(-1, -1)	b' put'	-8.733780749489163
1925	(-1, -1)	b'uss'	-9.732900770867879
1926	(-1, -1)	b'\xe8\xa8\x80'	-9.021544344787767
1927	(-1, -1)	b'ets'	-9.430398525370709
1928	(-1, -1)	b'\xe6\x83\x85\xe5\x86\xb5'	-9.159129192478964
1929	(-1, -1)	b'\xe4\xbb\xb7\xe6\xa0\xbc'	-8.853675330570903
1930	(-1, -1)	b'\xe7\xbb\x88'	-9.822234490990816
1931	(-1, -1)	b'tty'	-10.507724804793162
1932	(-1, -1)	b'\xe8\xbf\x98\xe6\x98\xaf'	-8.575498588743997
1933	(-1, -1)	b' season'	-8.689258102888118
1934	(-1, -1)	b'2.'	-9.234595778959251
1935	(-1, -1)	b' best'	-8.59283570199846
1936	(-1, -1)	b'\xe7\xac\xac\xe4\xb8\x80'	-8.901631819735716
1937	(-1, -1)	b'13'	-8.568304998991653
1938	(-1, -1)	b'\xe5\xb1\x9e'	-9.47591987539671
1939	(-1, -1)	b'\xe5\x8e\x86'	-9.86976659555101
1940	(-1, -1)	b'\xe5\x88\x97'	-9.226524061351265
1941	(-1, -1)	b' invest'	-10.461827423577295
1942	(-1, -1)	b'\xd0\xb7'	-9.00251358323807
1943	(-1, -1)	b' ins'	-9.4075121957195
1944	(-1, -1)	b' home'	-8.477003609900228
1945	(-1, -1)	b' person'	-9.005557806909275
1946	(-1, -1)	b' market'	-8.840777522427056
1947	(-1, -1)	b' 20'	-8.669953229402175
1948	(-1, -1)	b'\xe6\x9d\x8e'	-8.604533199465893
1949	(-1, -1)	b'\xe5\x84\xbf'	-9.353585952436903
1950	(-1, -1)	b'\xe4\xbb\xa5\xe5\x8f\x8a'	-8.607115419456825
1951	(-1, -1)	b'\xe7\xa0\x81'	-9.72052403486386
1952	(-1, -1)	b'\xe7\x94\xb5\xe5\xbd\xb1'	-8.82755139598109
1953	(-1, -1)	b' read'	-9.12452833026585
1954	(-1, -1)	b'\xd0\xb8\xd1'	-11.101583923835578
1955	(-1, -1)	b' z'	-9.456000586518442
1956	(-1, -1)	b'\xe9\x80\x9a\xe8\xbf\x87'	-8.61412452030545
1957	(-1, -1)	b'\xe6\xb4\xb2'	-10.033376273963453
1958	(-1, -1)	b" you're"	-8.6136364376471
1959	(-1, -1)	b' med'	-10.075747407182691
1960	(-1, -1)	b'\xe6\xae\xb5'	-9.381898608975565
1961	(-1, -1)	b'\xe1\x8d'	-9.683496678951368
1962	(-1, -1)	b'\xe8\xbf\x99\xe6\xa0\xb7'	-9.174780538089768
1963	(-1, -1)	b'\xe7\x8e\xa9\xe5\xae\xb6'	-8.84161708635697
1964	(-1, -1)	b'\xe0\xa8\xbe'	-9.934525162899172
1965	(-1, -1)	b" that's"	-8.617130570883168
1966	(-1, -1)	b'\xe8\xad\xa6'	-9.386154848439427
1967	(-1, -1)	b'ier'	-9.03283123886062
1968	(-1, -1)	b'\xe4\xbd\x86\xe6\x98\xaf'	-8.607438666294515
1969	(-1, -1)	b'ably'	-10.105990370727316
1970	(-1, -1)	b' real'	-8.992564572341792
1971	(-1, -1)	b'\xe6\x85'	-9.649063185755642
1972	(-1, -1)	b'\xe6\xb4\xbb\xe5\x8a\xa8'	-8.618854975256633
1973	(-1, -1)	b'\xe5\x93\x8d'	-10.594113934796168
1974	(-1, -1)	b'\xe5\x85\xb0'	-8.815979253312669
1975	(-1, -1)	b'\xe5\xbf\x85'	-9.393302224137988
1976	(-1, -1)	b'\xe6\xb1\x9f'	-9.098717376434038
1977	(-1, -1)	b'\xc3\xbc'	-9.134823028627325
1978	(-1, -1)	b' That'	-9.125945124027798
1979	(-1, -1)	b' wa'	-9.148520823506212
1980	(-1, -1)	b'\xe9\x99\xa9'	-10.15558867423017
1981	(-1, -1)	b'\xe5\xa7\x94'	-9.230870004740812
1982	(-1, -1)	b' el'	-9.075418337510339
1983	(-1, -1)	b'yst'	-9.867864369373459
1984	(-1, -1)	b'\xe5\xbe\x80'	-9.374406483326297
1985	(-1, -1)	b'ments'	-9.194194897407764
1986	(-1, -1)	b"It's"	-8.630256107304568
1987	(-1, -1)	b'\xe5\xaf\xb9\xe4\xba\x8e'	-8.632555698990805
1988	(-1, -1)	b'\xe8\x8f'	-10.157533295430591
1989	(-1, -1)	b'\xe5\x9c\x8b'	-9.12942023517782
1990	(-1, -1)	b' \xd9\x88'	-8.866276216351622
1991	(-1, -1)	b'\xe6\x94\xbf\xe5\xba\x9c'	-8.641156908086803
1992	(-1, -1)	b'meric'	-10.469775400681376
1993	(-1, -1)	b'\xe8\xae\xb8'	-10.05552130467756
1994	(-1, -1)	b'\xe5\x80\xba'	-9.692971409086331
1995	(-1, -1)	b' bus'	-10.370865622075964
1996	(-1, -1)	b'\xc2\xb7'	-8.643779701841002
1997	(-1, -1)	b' \xeb'	-9.230267131024592
1998	(-1, -1)	b'gan'	-9.551382104522515
1999	(-1, -1)	b'\xe8\xb1\xa1'	-10.10390268729683
2000	(-1, -1)	b'cess'	-10.422236108014387
2001	(-1, -1)	b'\xe6\x9d\x90'	-10.026003311872646
2002	(-1, -1)	b'\xe5\x8c\xbb'	-9.678399586914495
2003	(-1, -1)	b'\xe4\xb8\x80\xe4\xba\x9b'	-8.59515718382681
2004	(-1, -1)	b'\xe6\x96\xad'	-9.683391321526207
2005	(-1, -1)	b'ied'	-9.863187624452967
2006	(-1, -1)	b' love'	-8.56583818329521
2007	(-1, -1)	b'led'	-9.185992989123447
2008	(-1, -1)	b'ather'	-9.937033723826868
2009	(-1, -1)	b'\xe8\x9e\x8d'	-10.16688630979064
2010	(-1, -1)	b'\xe9\x99\x88'	-8.796869274853009
2011	(-1, -1)	b'\xe9\x9c\x80\xe8\xa6\x81'	-8.651389277594513
2012	(-1, -1)	b' prov'	-9.782311042025635
2013	(-1, -1)	b'\xe7\xae\xa1\xe7\x90\x86'	-8.65272269876811
2014	(-1, -1)	b' tri'	-10.825608128054624
2015	(-1, -1)	b'ative'	-8.90196933992986
2016	(-1, -1)	b'\xe5\x87\x8f'	-9.295748081421316
2017	(-1, -1)	b' thing'	-8.656111192437812
2018	(-1, -1)	b'\xe0\xaa\xbe\xe0\xaa'	-9.29232207614313
2019	(-1, -1)	b'\xe6\x9b\xbe'	-8.87760141870908
2020	(-1, -1)	b'\xe5\xaf\x8c'	-9.086115476925032
2021	(-1, -1)	b'\xe0\xa6\xb0'	-9.719977497166482
2022	(-1, -1)	b'\xe4\xb8\x8d\xe6\x98\xaf'	-9.174432166722372
2023	(-1, -1)	b'\xe5\x9c\xb0\xe4\xba\xa7'	-9.63878383352647
2024	(-1, -1)	b'\xe5\x88\xb0\xe4\xba\x86'	-9.405595185667194
2025	(-1, -1)	b'ular'	-10.113655716687965
2026	(-1, -1)	b'\xe5\xbe\x88\xe5\xa4\x9a'	-9.084406644163032
2027	(-1, -1)	b'\xe5\xa0'	-10.376643859511313
2028	(-1, -1)	b'\xe5\x85\xb6\xe4\xb8\xad'	-8.662030887452087
2029	(-1, -1)	b'ina'	-9.154369426769252
2030	(-1, -1)	b'\xd8\xa8'	-9.014962433405953
2031	(-1, -1)	b' Ar'	-8.893900131881413
2032	(-1, -1)	b'ows'	-9.672442211435929
2033	(-1, -1)	b'\xe9\xad'	-10.511576055190602
2034	(-1, -1)	b'arm'	-9.693769472494921
2035	(-1, -1)	b' cur'	-9.815659290103957
2036	(-1, -1)	b' percent'	-8.669246049586578
2037	(-1, -1)	b' ann'	-9.919337719578799
2038	(-1, -1)	b'25'	-8.758958520917414
2039	(-1, -1)	b'ha'	-8.398899408387972
2040	(-1, -1)	b' \xd0\xbf'	-10.070380876706478
2041	(-1, -1)	b'ility'	-10.507484593405987
2042	(-1, -1)	b'\xe5\x9b\xbd\xe9\x99\x85'	-8.66827210723954
2043	(-1, -1)	b'\xe1\xbb\x8b'	-8.991140033097539
2044	(-1, -1)	b'omm'	-10.820996789184889
2045	(-1, -1)	b'\xe8\xb4\xa2'	-9.518239430636974
2046	(-1, -1)	b'\xe6\xb2\xbb'	-9.482275374094359
2047	(-1, -1)	b' stud'	-10.380761481335007
2048	(-1, -1)	b' why'	-8.675340357448306
2049	(-1, -1)	b'\xe4\xba\x89'	-9.259002593203627
2050	(-1, -1)	b'\xe5\xa5\x97'	-8.804233302989704
2051	(-1, -1)	b'\xe7\xa0\x94\xe7\xa9\xb6'	-8.763042253464697
2052	(-1, -1)	b'\xd1\x96'	-9.041027440553574
2053	(-1, -1)	b'\xe9\x83\xa8\xe5\x88\x86'	-8.910639144556187
2054	(-1, -1)	b'\xe5\xa2\x9e\xe9\x95\xbf'	-8.931281741203454
2055	(-1, -1)	b'\xe0\xa5\x8b'	-9.397884495636033
2056	(-1, -1)	b' hand'	-9.194098012265023
2057	(-1, -1)	b'\xe5\x8f\xa6'	-10.555326486298796
2058	(-1, -1)	b'\xe9\xa3\x9f'	-9.053855995090046
2059	(-1, -1)	b'\xe5\x8f\xb2'	-9.499306675976396
2060	(-1, -1)	b'ected'	-10.499232438701283
2061	(-1, -1)	b'\xe6\x8b\xbf'	-9.376032122328056
2062	(-1, -1)	b'\xe7\xae\x97'	-9.202301822928609
2063	(-1, -1)	b' They'	-8.810133025116894
2064	(-1, -1)	b'\xec\x9d'	-10.303326422063707
2065	(-1, -1)	b'\xe6\xb5\xaa'	-10.55608263000212
2066	(-1, -1)	b'\xe6\xb8\xaf'	-9.646978527570914
2067	(-1, -1)	b'\xe9\xaa\x8c'	-10.098144053451268
2068	(-1, -1)	b" can't"	-8.69023319901234
2069	(-1, -1)	b'\xe4\xb8\xbb\xe8\xa6\x81'	-9.07653746757535
2070	(-1, -1)	b'ox'	-9.484561187954874
2071	(-1, -1)	b'\xe6\x96\xbd'	-10.263684012630918
2072	(-1, -1)	b' next'	-8.693183774169865
2073	(-1, -1)	b'\xe5\xa5\x87'	-8.964811769380283
2074	(-1, -1)	b'\xd8\xa7\xd9\x86'	-8.810287015107848
2075	(-1, -1)	b'17'	-8.733149172665374
2076	(-1, -1)	b'\xe5\x8d\xb4'	-8.694103944564194
2077	(-1, -1)	b'\xe5\x87\xba\xe7\x8e\xb0'	-8.85950517598967
2078	(-1, -1)	b'ever'	-9.021897687275441
2079	(-1, -1)	b'\xe5\xbd\x95'	-9.688355159146251
2080	(-1, -1)	b'iness'	-10.821818684521697
2081	(-1, -1)	b'ute'	-9.338399403380167
2082	(-1, -1)	b'uff'	-9.665226086676832
2083	(-1, -1)	b'ck'	-10.772879746367078
2084	(-1, -1)	b'\xe9\xa1\xb9\xe7\x9b\xae'	-8.784550739670618
2085	(-1, -1)	b' \xd1\x81'	-9.09678177843398
2086	(-1, -1)	b'\xe0\xa4\xa8'	-9.435154386903351
2087	(-1, -1)	b' head'	-8.808506579639888
2088	(-1, -1)	b'\xe7\x9a\x84\xe6\x98\xaf'	-8.96717680904308
2089	(-1, -1)	b'\xe6\xbb\xa1'	-9.419982188361956
2090	(-1, -1)	b'\xe0\xb8\xb2'	-10.656803284916782
2091	(-1, -1)	b'line'	-9.318417574772779
2092	(-1, -1)	b'\xe5\x96\x9c'	-9.601259967070298
2093	(-1, -1)	b' Wh'	-10.315740374586971
2094	(-1, -1)	b'\xe5\x91\xbd'	-9.475363547148703
2095	(-1, -1)	b'ric'	-9.616416216909037
2096	(-1, -1)	b'alth'	-10.49412402248384
2097	(-1, -1)	b'ai'	-9.216566464469983
2098	(-1, -1)	b' pretty'	-8.711769944335003
2099	(-1, -1)	b' \xd0\xba'	-8.822394156058461
2100	(-1, -1)	b'\xe8\xa1\x8c\xe4\xb8\x9a'	-8.853721283285568
2101	(-1, -1)	b'ork'	-10.324002827644296
2102	(-1, -1)	b' conf'	-9.786098152911347
2103	(-1, -1)	b' world'	-8.829231560360345
2104	(-1, -1)	b'\xe9\x80\x89\xe6\x8b\xa9'	-8.715264880240525
2105	(-1, -1)	b'\xe8\xbf\x99\xe4\xba\x9b'	-8.716365816147151
2106	(-1, -1)	b'80'	-8.757559232863944
2107	(-1, -1)	b' inst'	-10.116575900463307
2108	(-1, -1)	b'get'	-10.059579969359925
2109	(-1, -1)	b'\xd0\xb0\xd1\x80'	-9.166264479683486
2110	(-1, -1)	b'\xe4\xba\xba\xe6\xb0\x91'	-9.4745937570923
2111	(-1, -1)	b'\xe8\xbe\xb9'	-9.110855920905413
2112	(-1, -1)	b' both'	-8.632408366627143
2113	(-1, -1)	b'ants'	-9.134518725782788
2114	(-1, -1)	b'\xe9\x80\x82'	-9.92254413515157
2115	(-1, -1)	b'orth'	-10.306759312493028
2116	(-1, -1)	b'\xd0\xb1'	-9.352261123051463
2117	(-1, -1)	b'\xe8\x90\xbd'	-8.99584343719697
2118	(-1, -1)	b'olog'	-10.601210823565525
2119	(-1, -1)	b' Re'	-9.197786262587917
2120	(-1, -1)	b'ense'	-9.55373912467785
2121	(-1, -1)	b'\xe5\x82'	-9.554248230744893
2122	(-1, -1)	b'\xe9\xa2\x9d'	-9.260002403667704
2123	(-1, -1)	b' come'	-8.707314176301
2124	(-1, -1)	b'na'	-9.11023211836324
2125	(-1, -1)	b'\xe5\xba\x95'	-9.355367774536608
2126	(-1, -1)	b'ield'	-10.373487955356115
2127	(-1, -1)	b"I'm"	-8.728779824265251
2128	(-1, -1)	b'\xe7\x94\x9f\xe6\xb4\xbb'	-8.923416837802742
2129	(-1, -1)	b'\xe9\xbe\x99'	-8.823396729413835
2130	(-1, -1)	b'\xdb\x92'	-9.543611057253631
2131	(-1, -1)	b' \xe1\x89'	-10.944671282812996
2132	(-1, -1)	b' few'	-8.73174483527154
2133	(-1, -1)	b'owing'	-10.748592064772067
2134	(-1, -1)	b'\xe5\xad\x97'	-9.100215636089446
2135	(-1, -1)	b'\xe4\xbb\x8d'	-9.077514142362855
2136	(-1, -1)	b'\xe0\xb1\x8d\xe0\xb0'	-9.58747794475979
2137	(-1, -1)	b' told'	-8.732395876961203
2138	(-1, -1)	b' \xd8\xa7\xd9\x84'	-8.927663128684195
2139	(-1, -1)	b' Mon'	-10.335059327854152
2140	(-1, -1)	b'\xe9\x92\xb1'	-8.735922929823001
2141	(-1, -1)	b' gl'	-9.676200633148847
2142	(-1, -1)	b'ures'	-9.938528289322463
2143	(-1, -1)	b'rib'	-10.192585323045437
2144	(-1, -1)	b' always'	-8.738212991551332
2145	(-1, -1)	b' If'	-8.739155074032741
2146	(-1, -1)	b' such'	-8.739237036207243
2147	(-1, -1)	b" doesn't"	-8.739462466831924
2148	(-1, -1)	b'\xe0\xa4\x95'	-9.759088938615562
2149	(-1, -1)	b'\xe8\x91'	-10.457819861105975
2150	(-1, -1)	b'\xe6\x97\xb6\xe5\x80\x99'	-9.876836463538824
2151	(-1, -1)	b'ittle'	-10.896394806669102
2152	(-1, -1)	b'\xe6\x99\xae'	-9.36574241942496
2153	(-1, -1)	b'ott'	-9.209785884855798
2154	(-1, -1)	b' used'	-8.744311260026754
2155	(-1, -1)	b'\xe0\xae\xbf'	-10.820996789184889
2156	(-1, -1)	b'\xd0\xb9'	-9.9184044483958
2157	(-1, -1)	b'ody'	-10.65973563359341
2158	(-1, -1)	b'ada'	-8.923293668407718
2159	(-1, -1)	b'\xe4\xb9\x9f\xe6\x98\xaf'	-8.827596163748304
2160	(-1, -1)	b' sign'	-9.464809359470014
2161	(-1, -1)	b'\xe7\x99\xbe'	-8.973372935646044
2162	(-1, -1)	b'\xe0\xb0\xbf'	-9.716268941432634
2163	(-1, -1)	b'ms'	-10.537101041118294
2164	(-1, -1)	b' keep'	-9.009282206000258
2165	(-1, -1)	b' actually'	-8.756016022681138
2166	(-1, -1)	b'ote'	-9.79719209465031
2167	(-1, -1)	b'\xe4\xb9\xa6'	-8.880287692062032
2168	(-1, -1)	b'ana'	-8.721486052221788
2169	(-1, -1)	b'\xe5\xa2\x83'	-9.505019470560535
2170	(-1, -1)	b'ins'	-9.148489969307725
2171	(-1, -1)	b'ital'	-10.065892052514123
2172	(-1, -1)	b'\xe0\xb7\x92'	-9.091434406498434
2173	(-1, -1)	b'What'	-8.877978004492709
2174	(-1, -1)	b'uk'	-8.678883660660574
2175	(-1, -1)	b'!!'	-10.051098543159798
2176	(-1, -1)	b' This'	-8.760150503408843
2177	(-1, -1)	b'ared'	-10.267644413847014
2178	(-1, -1)	b'ex'	-8.868465726217284
2179	(-1, -1)	b'outh'	-10.637334254370854
2180	(-1, -1)	b' \xe0\xa4\x95'	-9.694834548748549
2181	(-1, -1)	b'ird'	-10.373172912035052
2182	(-1, -1)	b'\xdb\x81'	-9.454491088978262
2183	(-1, -1)	b' point'	-8.706619752496024
2184	(-1, -1)	b' An'	-8.88151541031328
2185	(-1, -1)	b'\xe8\xb4\xa7'	-9.646673819834058
2186	(-1, -1)	b'\xe4\xb8\xbe'	-9.45470060520606
2187	(-1, -1)	b'\xe5\xb8\x81'	-10.241165149095568
2188	(-1, -1)	b'\xe5\xbd\xb1\xe5\x93\x8d'	-9.02713087537487
2189	(-1, -1)	b' 2017'	-8.768639911178605
2190	(-1, -1)	b'DA'	-10.355996619256802
2191	(-1, -1)	b' found'	-8.772022077718876
2192	(-1, -1)	b'rem'	-9.806204369570219
2193	(-1, -1)	b'\xe8\xaa'	-10.100859276330088
2194	(-1, -1)	b'\xe5\xae\x98'	-9.343073619612246
2195	(-1, -1)	b'hip'	-10.999906493052974
2196	(-1, -1)	b' law'	-9.279753981940942
2197	(-1, -1)	b'\xdb\x90'	-9.14448700793348
2198	(-1, -1)	b' care'	-9.13787116095963
2199	(-1, -1)	b'\xe8\xbd\xbb'	-9.477119173094747
2200	(-1, -1)	b'ems'	-10.36668413992223
2201	(-1, -1)	b'med'	-9.68165452468953
2202	(-1, -1)	b'ern'	-9.1768733187629
2203	(-1, -1)	b' eff'	-10.815099000136447
2204	(-1, -1)	b'\xe7\xbb\xa7'	-10.135022826504223
2205	(-1, -1)	b'\xe5\xa9'	-10.227911447476862
2206	(-1, -1)	b' disc'	-9.39812208176212
2207	(-1, -1)	b' ya'	-8.4646887235926
2208	(-1, -1)	b' top'	-8.767479928342825
2209	(-1, -1)	b'orn'	-9.316444827265645
2210	(-1, -1)	b' ob'	-9.779929604487414
2211	(-1, -1)	b'ari'	-9.492494125064102
2212	(-1, -1)	b'\xe7\xa6\xbb'	-9.327638631641591
2213	(-1, -1)	b'\xe5\x88\xb8'	-10.602002484775891
2214	(-1, -1)	b'Wh'	-10.458620089785432
2215	(-1, -1)	b' Le'	-8.900331022211702
2216	(-1, -1)	b'\xe5\x88\x87'	-9.303896155001135
2217	(-1, -1)	b'ata'	-9.375064161745268
2218	(-1, -1)	b'\xe0\xb0\xbe'	-10.3358682257749
2219	(-1, -1)	b' hard'	-8.8949291724518
2220	(-1, -1)	b' company'	-8.96833566216583
2221	(-1, -1)	b'\xe1\x89\xb5'	-8.810375020036181
2222	(-1, -1)	b' cent'	-9.508374437729863
2223	(-1, -1)	b'\xe5\xba\xa7'	-8.93153007118561
2224	(-1, -1)	b'\xe5\x88\x9d'	-8.936759296976437
2225	(-1, -1)	b'\xc5\x9f'	-9.053771795199456
2226	(-1, -1)	b' another'	-8.800261319853607
2227	(-1, -1)	b' four'	-9.038536641380226
2228	(-1, -1)	b'\xe5\x9c\x9f'	-9.425136106797263
2229	(-1, -1)	b'\xe9\xa6\x99'	-9.975578540271604
2230	(-1, -1)	b'\xe7\x8a\xb6'	-9.91980468199681
2231	(-1, -1)	b' between'	-8.803402683693442
2232	(-1, -1)	b'\xe0\xaf\x81'	-10.021191873596216
2233	(-1, -1)	b' bad'	-8.806992408688195
2234	(-1, -1)	b' things'	-8.806290961925546
2235	(-1, -1)	b'\xe6\x97\xa9'	-8.806466277494017
2236	(-1, -1)	b' stat'	-10.038096621393773
2237	(-1, -1)	b'If'	-8.806006139663666
2238	(-1, -1)	b"'ll"	-9.452649236559203
2239	(-1, -1)	b' Ind'	-10.052392844608137
2240	(-1, -1)	b'\xe7\x9a\x84\xe4\xba\xba'	-9.302923514927338
2241	(-1, -1)	b'\xe6\x89\x80\xe4\xbb\xa5'	-8.811828220635403
2242	(-1, -1)	b'3.'	-9.59661262366214
2243	(-1, -1)	b' spec'	-10.377698044723846
2244	(-1, -1)	b'\xe9\xbb\x84'	-9.08794339230539
2245	(-1, -1)	b' school'	-9.034233898643116
2246	(-1, -1)	b'\xe6\x8b\x9b'	-9.361877495451933
2247	(-1, -1)	b'\xe0\xab\x87'	-9.80894785551597
2248	(-1, -1)	b'\xe5\x8d\xab'	-9.530686512183982
2249	(-1, -1)	b'ars'	-10.054299277488136
2250	(-1, -1)	b'\xe6\xb3\xa2'	-8.942718999103416
2251	(-1, -1)	b'\xe7\x94\xb1\xe4\xba\x8e'	-8.817906057518774
2252	(-1, -1)	b' mem'	-10.213666706070958
2253	(-1, -1)	b'\xd0\xb0\xd1'	-10.063732224460692
2254	(-1, -1)	b'\xe5\x9f\x9f'	-10.26575655223289
2255	(-1, -1)	b'\xe4\xb8\x8d\xe8\xbf\x87'	-8.824690419510176
2256	(-1, -1)	b'\xe8\x99\xbd'	-10.954011907421581
2257	(-1, -1)	b' open'	-9.16963069178731
2258	(-1, -1)	b" I've"	-8.820592053117894
2259	(-1, -1)	b'\xe5\xae\x9d'	-8.962324237804852
2260	(-1, -1)	b' Is'	-9.254944676427865
2261	(-1, -1)	b'ross'	-10.294746862758112
2262	(-1, -1)	b'\xe7\xb4\xa2'	-9.317101977448104
2263	(-1, -1)	b'\xd0\xbf'	-8.82275051143763
2264	(-1, -1)	b' coll'	-10.04730145475803
2265	(-1, -1)	b'\xe5\xbc\x80\xe5\x8f\x91'	-9.357304839540195
2266	(-1, -1)	b'\xe9\x98\xb3'	-9.393183995207231
2267	(-1, -1)	b'\xe4\xbd\x9c\xe4\xb8\xba'	-8.827887203096639
2268	(-1, -1)	b'\xe5\xa4\xae'	-11.105725619129293
2269	(-1, -1)	b'\xe8\x81\x8c'	-9.314803838657816
2270	(-1, -1)	b' life'	-8.708982763553976
2271	(-1, -1)	b'au'	-9.329337804627244
2272	(-1, -1)	b'\xe6\xbd'	-10.979098741851315
2273	(-1, -1)	b' cap'	-9.941660526664727
2274	(-1, -1)	b' leg'	-9.628160362198376
2275	(-1, -1)	b'\xe4\xbd\xbf\xe7\x94\xa8'	-8.82795437805384
2276	(-1, -1)	b'\xe5\xae\xb6\xe5\x85\xb7'	-8.822505503473645
2277	(-1, -1)	b'\xe6\x93'	-9.57227936200538
2278	(-1, -1)	b'\xe4\xbe\x8b'	-9.576435997341571
2279	(-1, -1)	b' ext'	-9.381392191092086
2280	(-1, -1)	b' belie'	-10.996179902489375
2281	(-1, -1)	b' state'	-8.82609753348404
2282	(-1, -1)	b'\xe6\x95\xb0\xe6\x8d\xae'	-9.096371678246616
2283	(-1, -1)	b'\xe6\xbf'	-10.87431576013966
2284	(-1, -1)	b'oney'	-10.577747807712955
2285	(-1, -1)	b'tt'	-11.04000005706316
2286	(-1, -1)	b'\xe5\xa5\xa5'	-9.084030513959682
2287	(-1, -1)	b'\xe6\x8e\xa7'	-9.35286654156549
2288	(-1, -1)	b'.com'	-8.825918742557203
2289	(-1, -1)	b'\xe0\xae\xbf\xe0\xae'	-9.560797103457116
2290	(-1, -1)	b'\xe5\xb1\x82'	-9.067391672309823
2291	(-1, -1)	b' friend'	-9.454532988712204
2292	(-1, -1)	b'\xe4\xbb\x8b'	-10.157194828681718
2293	(-1, -1)	b'\xe0\xb8\xb2\xe0\xb8'	-9.31473096829416
2294	(-1, -1)	b'\xe5\x88\x9a'	-9.353737473328136
2295	(-1, -1)	b'\xe4\xbe\x9d'	-9.626019300310432
2296	(-1, -1)	b'\xe5\xa4\xab'	-9.11058852930883
2297	(-1, -1)	b'\xe9\x87\x8d\xe8\xa6\x81'	-9.71932204597413
2298	(-1, -1)	b' mean'	-9.027814299630226
2299	(-1, -1)	b'2009'	-8.839304317487152
2300	(-1, -1)	b'60'	-8.740754549417826
2301	(-1, -1)	b'ision'	-9.998630408466708
2302	(-1, -1)	b'less'	-8.790615535239684
2303	(-1, -1)	b'ama'	-9.044330384283821
2304	(-1, -1)	b'ists'	-9.146517278103005
2305	(-1, -1)	b'\xe1\xba\xb9'	-8.846737774841182
2306	(-1, -1)	b'\xe7\x94\xb3'	-10.510130097594411
2307	(-1, -1)	b'\xe4\xb8\xad\xe7\x9a\x84'	-9.02896350488982
2308	(-1, -1)	b'\xe8\xb4\xa3'	-10.658477859687114
2309	(-1, -1)	b' bit'	-8.870566567326096
2310	(-1, -1)	b'eri'	-10.933944344370772
2311	(-1, -1)	b'\xe8\xbf\x9c'	-8.983838238251908
2312	(-1, -1)	b'\xe4\xb9\xa0'	-10.406915169240088
2313	(-1, -1)	b'24'	-8.983838238251908
2314	(-1, -1)	b' Z'	-9.01799069041798
2315	(-1, -1)	b' \xd0\xb1'	-8.853445598667024
2316	(-1, -1)	b' might'	-8.853629379967794
2317	(-1, -1)	b'\xe7\x9f\xad'	-9.10732617396271
2318	(-1, -1)	b'\xe4\xbd\xb3'	-9.923481279607332
2319	(-1, -1)	b'\xe4\xbf\xa1\xe6\x81\xaf'	-8.986117605732094
2320	(-1, -1)	b' little'	-8.855330960088164
2321	(-1, -1)	b'\xe5\xb0\xbd'	-9.484000032823925
2322	(-1, -1)	b'\xe7\xa6\x8f'	-9.105698978739694
2323	(-1, -1)	b'dd'	-10.504486809519387
2324	(-1, -1)	b'\xe5\x8f\x91\xe7\x8e\xb0'	-8.85117409586051
2325	(-1, -1)	b'\xe6\x94\xbb'	-9.737338565913836
2326	(-1, -1)	b'\xe5\xaa'	-10.822641255926143
2327	(-1, -1)	b'\xe5\x8d\x8f'	-9.784523303508896
2328	(-1, -1)	b'\xe4\xbc\xa4'	-9.20314872851669
2329	(-1, -1)	b'\xe6\xac\xa2'	-10.555074565400625
2330	(-1, -1)	b'\xe8\xb7\x8c'	-9.63772645823599
2331	(-1, -1)	b'ered'	-10.469775400681376
2332	(-1, -1)	b'\xe8\x87\xaa\xe5\xb7\xb1\xe7\x9a\x84'	-8.84996015601904
2333	(-1, -1)	b' group'	-9.171775870691276
2334	(-1, -1)	b'\xe7\x9f\xb3'	-8.992775787888041
2335	(-1, -1)	b' mod'	-9.854961776682364
2336	(-1, -1)	b'\xe6\xb6\x88\xe8\xb4\xb9'	-9.691005571511452
2337	(-1, -1)	b'\xe5\x90\xa6'	-10.681220558952267
2338	(-1, -1)	b'\xe4\xba\xba\xe7\x9a\x84'	-9.30909960679382
2339	(-1, -1)	b' million'	-8.869328871150907
2340	(-1, -1)	b'\xe8\x8e\xb7\xe5\xbe\x97'	-8.97197545605731
2341	(-1, -1)	b'min'	-9.706518051606224
2342	(-1, -1)	b'\xe8\x8c\x83'	-9.643581216796315
2343	(-1, -1)	b'\xe7\xa8\xb3'	-9.633909084571242
2344	(-1, -1)	b' ed'	-10.226641029883128
2345	(-1, -1)	b'\xe5\xba\xb7'	-9.991866819580217
2346	(-1, -1)	b'\xe6\x89\xbe'	-9.569173184809134
2347	(-1, -1)	b' let'	-9.056920076085161
2348	(-1, -1)	b'\xe6\x94\xbf\xe7\xad\x96'	-9.014881445351646
2349	(-1, -1)	b' aut'	-10.045483960883999
2350	(-1, -1)	b' direct'	-10.261803605909103
2351	(-1, -1)	b'\xe7\xba\xb3'	-8.880051765103923
2352	(-1, -1)	b' pay'	-8.979685874712791
2353	(-1, -1)	b'\xe6\x8f\x90\xe4\xbe\x9b'	-9.281761342936175
2354	(-1, -1)	b' kill'	-9.804954406608747
2355	(-1, -1)	b'\xe7\xaa\x81'	-10.242177807409954
2356	(-1, -1)	b'\xe7\xaf\xae'	-9.784348473239502
2357	(-1, -1)	b' u'	-9.136681283925737
2358	(-1, -1)	b' inter'	-9.239348623596364
2359	(-1, -1)	b'\xe7\x9b\x91'	-9.85265064788577
2360	(-1, -1)	b'\xe6\x8c\x89'	-9.360312818658196
2361	(-1, -1)	b' pass'	-9.227792461668187
2362	(-1, -1)	b'\xe7\x82\xba'	-8.888437657806152
2363	(-1, -1)	b'year'	-10.865343995336238
2364	(-1, -1)	b'\xe8\xae\xaf'	-9.260002403667704
2365	(-1, -1)	b' happen'	-9.79154169703902
2366	(-1, -1)	b'\xe5\xad\xa9'	-10.82908064084538
2367	(-1, -1)	b' av'	-10.496140510919933
2368	(-1, -1)	b' place'	-8.845825511681237
2369	(-1, -1)	b' child'	-9.79359804158432
2370	(-1, -1)	b'eng'	-10.373803097960751
2371	(-1, -1)	b'\xe8\xbd\xae'	-8.890843194078618
2372	(-1, -1)	b'\xe4\xba\xbf\xe5\x85\x83'	-8.890843194078618
2373	(-1, -1)	b' trans'	-9.287417666568459
2374	(-1, -1)	b'\xe5\x8d\xa0'	-9.09719204687251
2375	(-1, -1)	b'here'	-10.846963627650036
2376	(-1, -1)	b'-t'	-9.613661258704727
2377	(-1, -1)	b' kind'	-9.089047562111018
2378	(-1, -1)	b'und'	-9.081228461140551
2379	(-1, -1)	b'\xe5\x85\xb4'	-9.316408331581256
2380	(-1, -1)	b'\xe6\x98\xbe\xe7\xa4\xba'	-9.336163516478884
2381	(-1, -1)	b'nes'	-9.89365983237319
2382	(-1, -1)	b"'ve"	-9.710569373825404
2383	(-1, -1)	b' give'	-8.897782515074168
2384	(-1, -1)	b'ON'	-9.439809102534722
2385	(-1, -1)	b' sk'	-9.518641422736543
2386	(-1, -1)	b'ane'	-8.962068142740964
2387	(-1, -1)	b' contin'	-10.430430152311153
2388	(-1, -1)	b'100'	-8.904697788701496
2389	(-1, -1)	b'\xe4\xb8\x8d\xe5\x90\x8c'	-9.303499780025223
2390	(-1, -1)	b'\xe9\x80\x81'	-8.90274124270844
2391	(-1, -1)	b'\xd8\xa7\xd8'	-9.728703029271642
2392	(-1, -1)	b'\xe4\xb9\x8b\xe5\x90\x8e'	-8.902934311538079
2393	(-1, -1)	b'ines'	-10.309218612340583
2394	(-1, -1)	b' sim'	-10.935048706713825
2395	(-1, -1)	b' old'	-9.086695405610058
2396	(-1, -1)	b' miss'	-9.902408337606248
2397	(-1, -1)	b'\xe6\x96\xbc'	-9.407872044586862
2398	(-1, -1)	b'\xe9\x83\xbd\xe6\x98\xaf'	-8.878566703837416
2399	(-1, -1)	b' U.S'	-8.909350876126537
2400	(-1, -1)	b'\xe5\x9b\xb4'	-9.402567415536117
2401	(-1, -1)	b' det'	-9.655906930546807
2402	(-1, -1)	b'\xe4\xba\xb2'	-9.438158937143765
2403	(-1, -1)	b'\xe8\xa1\xa8\xe7\x8e\xb0'	-9.172186502912723
2404	(-1, -1)	b'sc'	-9.496680968809457
2405	(-1, -1)	b'\xe5\x8f\xa4'	-8.91192907476243
2406	(-1, -1)	b'ked'	-10.85781487010441
2407	(-1, -1)	b'\xe6\x94\xaf\xe6\x8c\x81'	-8.912806203683514
2408	(-1, -1)	b'\xe7\xbf'	-9.519580033215089
2409	(-1, -1)	b' government'	-8.846304346070696
2410	(-1, -1)	b'yn'	-9.065203394349565
2411	(-1, -1)	b' thought'	-8.823485895709036
2412	(-1, -1)	b'But'	-8.915808879050966
2413	(-1, -1)	b'ats'	-9.637978112866504
2414	(-1, -1)	b'ugg'	-10.242454165018456
2415	(-1, -1)	b'\xe5\x85\xb6\xe4\xbb\x96'	-8.91781568327797
2416	(-1, -1)	b'\xe5\xba\x97'	-9.183657324397197
2417	(-1, -1)	b' 2018'	-8.917374820158827
2418	(-1, -1)	b' cor'	-9.632856848472652
2419	(-1, -1)	b'\xe4\xbf\xae'	-9.435236583188125
2420	(-1, -1)	b' ve'	-9.89769813656504
2421	(-1, -1)	b'\xe7\xa2'	-9.808112084468574
2422	(-1, -1)	b'\xe7\x9c\xbc'	-9.030031807896384
2423	(-1, -1)	b' support'	-8.829545503942779
2424	(-1, -1)	b' dep'	-9.146455694164077
2425	(-1, -1)	b' different'	-8.921275851885683
2426	(-1, -1)	b'mm'	-8.92221043139296
2427	(-1, -1)	b'\xe9\xb2'	-10.790733131545062
2428	(-1, -1)	b' US'	-9.062255379288615
2429	(-1, -1)	b' mid'	-9.201292987397126
2430	(-1, -1)	b'\xe6\xad\xa6'	-9.435113291294412
2431	(-1, -1)	b'\xe0\xa8\xbe\xe0\xa8'	-9.649776016743058
2432	(-1, -1)	b'\xc3\xa1'	-9.07324106053723
2433	(-1, -1)	b'\xe5\x85\x85'	-9.87920423733886
2434	(-1, -1)	b'iting'	-9.993158438588715
2435	(-1, -1)	b'ivers'	-9.765758860444157
2436	(-1, -1)	b'ional'	-9.651866521009802
2437	(-1, -1)	b'\xe5\xb7\xae'	-9.245551087175668
2438	(-1, -1)	b'\xe8\xbf\x99\xe4\xb8\x80'	-9.063161535549295
2439	(-1, -1)	b'\xe8\xae\xbf'	-9.907009068692185
2440	(-1, -1)	b'\xe9\x9f\xb3'	-9.372744871954177
2441	(-1, -1)	b' dem'	-9.998486024983928
2442	(-1, -1)	b'\xe6\x9d\xa5\xe7\x9a\x84'	-10.432544906285326
2443	(-1, -1)	b'\xe7\x86'	-10.404312130893926
2444	(-1, -1)	b' rep'	-9.609836599732379
2445	(-1, -1)	b' left'	-8.92307200171962
2446	(-1, -1)	b'con'	-9.553970504396135
2447	(-1, -1)	b' already'	-8.933518934211925
2448	(-1, -1)	b'\xe5\xae\xa4'	-9.287382215004154
2449	(-1, -1)	b'\xe0\xb1\x81'	-9.764958402997186
2450	(-1, -1)	b'\xe8\xb7\x9f'	-8.936484705429635
2451	(-1, -1)	b'40'	-8.792818274436387
2452	(-1, -1)	b'\xe7\xbb\x86'	-9.360312818658196
2453	(-1, -1)	b'\xe7\x97\x85'	-9.076795906319626
2454	(-1, -1)	b'\xe5\x89\xa7'	-9.067647757900717
2455	(-1, -1)	b'oud'	-10.156349162669374
2456	(-1, -1)	b'\xe6\xaf\x94\xe8\xbe\x83'	-8.942668769302065
2457	(-1, -1)	b'\xe4\xba\x86\xe4\xb8\x80'	-9.691377190447058
2458	(-1, -1)	b'\xe5\xa5\xbd\xe7\x9a\x84'	-9.96595936833093
2459	(-1, -1)	b' Ph'	-10.309021645627322
2460	(-1, -1)	b'\xe7\x90\x83\xe9\x98\x9f'	-9.261106804125081
2461	(-1, -1)	b' Cl'	-9.316992422423985
2462	(-1, -1)	b'cept'	-10.32340324733254
2463	(-1, -1)	b'\xe0\xa4\x82'	-9.311711521505153
2464	(-1, -1)	b'ically'	-9.505768947064261
2465	(-1, -1)	b'\xe8\x99\xbd\xe7\x84\xb6'	-8.945964162511316
2466	(-1, -1)	b' getting'	-8.946140558242996
2467	(-1, -1)	b'ism'	-8.925266201532438
2468	(-1, -1)	b'\xe5\x8e\x8b'	-9.609347315056798
2469	(-1, -1)	b' business'	-9.164350483397826
2470	(-1, -1)	b'\xe8\x83\xbd\xe5\x8a\x9b'	-8.950332801168456
2471	(-1, -1)	b'\xc2\xa0 '	-9.244837371917749
2472	(-1, -1)	b'23'	-9.006360461061957
2473	(-1, -1)	b'ted'	-9.366893299975514
2474	(-1, -1)	b'ling'	-8.917081019353658
2475	(-1, -1)	b'\xe6\x97\xa5\xe6\x9c\xac'	-8.953602807504382
2476	(-1, -1)	b'\xe7\xac\xac\xe4\xba\x8c'	-8.953120506666236
2477	(-1, -1)	b'ER'	-9.337206308275737
2478	(-1, -1)	b' rest'	-9.462737170455416
2479	(-1, -1)	b'\xe8\xa6\x81\xe6\xb1\x82'	-9.127122287200812
2480	(-1, -1)	b'\xe6\x99\x9a'	-9.387016107496736
2481	(-1, -1)	b'\xe5\xa4\xa7\xe5\xae\xb6'	-8.971923735040463
2482	(-1, -1)	b' ref'	-9.334378399414414
2483	(-1, -1)	b' someone'	-8.94881550368942
2484	(-1, -1)	b'\xe7\xa0\xb4'	-9.369699321305054
2485	(-1, -1)	b' May'	-9.22465776740158
2486	(-1, -1)	b' Gr'	-9.209031675182558
2487	(-1, -1)	b' games'	-8.958387627404113
2488	(-1, -1)	b' fil'	-10.587587348517017
2489	(-1, -1)	b'\xe0\xa6\xbe\xe0\xa6'	-9.13787116095963
2490	(-1, -1)	b'\xe5\xb8\x8c\xe6\x9c\x9b'	-8.964709068342911
2491	(-1, -1)	b'\xe5\xb0\x9a'	-10.196977459410384
2492	(-1, -1)	b' public'	-8.964965840715616
2493	(-1, -1)	b'\xc3\xa7'	-9.373710589074136
2494	(-1, -1)	b'ject'	-10.010979831721691
2495	(-1, -1)	b'IN'	-9.716105645022072
2496	(-1, -1)	b' 200'	-10.223833692743927
2497	(-1, -1)	b' Jo'	-10.243468130169624
2498	(-1, -1)	b'\xe5\x85\xb3\xe6\xb3\xa8'	-8.968799579699922
2499	(-1, -1)	b'ize'	-9.203865901581722
2500	(-1, -1)	b'\xe4\xb8\xad\xe5\xbf\x83'	-8.969212131597066
2501	(-1, -1)	b'\xe6\xbf\x80'	-9.741461134426704
2502	(-1, -1)	b' air'	-8.977343099797015
2503	(-1, -1)	b'\xe6\x9d\x91'	-9.545215495013293
2504	(-1, -1)	b'\xe6\x95\x99\xe8\x82\xb2'	-9.098688021221284
2505	(-1, -1)	b'\xe6\x8a\xa4'	-9.85458663600021
2506	(-1, -1)	b' unt'	-11.122466098175128
2507	(-1, -1)	b'\xe4\xb8\x8d\xe4\xbc\x9a'	-9.017341005762876
2508	(-1, -1)	b'\xe2\x80\x94\xe2\x80\x94'	-9.045610081782224
2509	(-1, -1)	b'\xe0\xb6\xb1'	-9.553461539665658
2510	(-1, -1)	b' near'	-9.352790844203506
2511	(-1, -1)	b' police'	-8.951092314104027
2512	(-1, -1)	b' Q'	-9.822173971125151
2513	(-1, -1)	b'alf'	-10.533889972532348
2514	(-1, -1)	b' del'	-9.703718738839394
2515	(-1, -1)	b'\xe5\x8c\x85\xe6\x8b\xac'	-8.97339883332432
2516	(-1, -1)	b'\xe5\xaf\x86'	-9.098042424462058
2517	(-1, -1)	b' inform'	-10.669149120739082
2518	(-1, -1)	b'istr'	-10.926430334858084
2519	(-1, -1)	b' par'	-9.464470749460853
2520	(-1, -1)	b'\xe8\xbf\x98\xe6\x9c\x89'	-8.992195052449498
2521	(-1, -1)	b'\xe6\xbe'	-10.601474641005389
2522	(-1, -1)	b'\xe9\xbb\x91'	-9.260830589642781
2523	(-1, -1)	b'\xe7\xb4\xa7'	-9.172344483291887
2524	(-1, -1)	b'ye'	-9.023475661267035
2525	(-1, -1)	b' without'	-8.9805462692437
2526	(-1, -1)	b'\xe5\x93\x81\xe7\x89\x8c'	-8.979060597877162
2527	(-1, -1)	b' As'	-9.133120124156205
2528	(-1, -1)	b'\xe4\xba\xa4\xe6\x98\x93'	-9.187563829525319
2529	(-1, -1)	b'\xe7\x91'	-10.103100891230785
2530	(-1, -1)	b'\xe9\x94\x80\xe5\x94\xae'	-8.986065148091626
2531	(-1, -1)	b'\xe6\x8a\x80\xe6\x9c\xaf'	-8.985855345043467
2532	(-1, -1)	b' 15'	-9.001900519633512
2533	(-1, -1)	b'ral'	-10.07808969432477
2534	(-1, -1)	b' inf'	-10.3358682257749
2535	(-1, -1)	b' full'	-9.198921354895491
2536	(-1, -1)	b'\xe7\x84\xa6'	-9.402686759146404
2537	(-1, -1)	b' ever'	-8.98858622403497
2538	(-1, -1)	b' including'	-8.98945431389732
2539	(-1, -1)	b'\xe7\x8b\xac'	-9.682390979220449
2540	(-1, -1)	b'\xe0\xb0\xbe\xe0\xb0'	-9.883956670662213
2541	(-1, -1)	b'\xe5\xb2\x81'	-9.37545123355192
2542	(-1, -1)	b'ised'	-9.597385682598063
2543	(-1, -1)	b' poss'	-10.214024840196014
2544	(-1, -1)	b' country'	-9.14344271764876
2545	(-1, -1)	b' interest'	-9.806442634999033
2546	(-1, -1)	b'\xe6\xb9\x96'	-9.896263322518587
2547	(-1, -1)	b'\xe9\xa2\x91'	-9.954288516860384
2548	(-1, -1)	b'\xe6\xb8\xa9'	-9.166170263016488
2549	(-1, -1)	b'\xd0\xb8\xd0\xbd'	-9.292892262538249
2550	(-1, -1)	b'\xe8\xbf\x99\xe7\xa7\x8d'	-8.99677087211115
2551	(-1, -1)	b'uro'	-10.751960102248603
2552	(-1, -1)	b' Monday'	-8.996823894380515
2553	(-1, -1)	b'\xe0\xa4\xa4'	-9.243275773338533
2554	(-1, -1)	b'\xe6\xa6'	-10.900834128529608
2555	(-1, -1)	b' far'	-8.888961143279488
2556	(-1, -1)	b' night'	-8.9395844754291
2557	(-1, -1)	b' cre'	-10.560758192952063
2558	(-1, -1)	b'\xd0\xb5\xd0\xbd'	-9.173799074997893
2559	(-1, -1)	b'\xe4\xb8\x8a\xe7\x9a\x84'	-9.43824138077298
2560	(-1, -1)	b' bre'	-10.417395614514788
2561	(-1, -1)	b' \xd8\xaa'	-9.268802349590805
2562	(-1, -1)	b'\xe7\x95\xa5'	-9.949259399443848
2563	(-1, -1)	b'\xe0\xa6\xbf'	-10.477087835331272
2564	(-1, -1)	b'90'	-8.986563606815135
2565	(-1, -1)	b'\xe5\xa3\xb0'	-9.295819581492847
2566	(-1, -1)	b'\xe4\xb8\x80\xe7\x9b\xb4'	-9.104812532444612
2567	(-1, -1)	b'\xe6\x96\xb0\xe6\xb5\xaa'	-9.0054240938306
2568	(-1, -1)	b'\xe6\x9b\xb4\xe5\xa4\x9a'	-9.412602081064334
2569	(-1, -1)	b' \xd0\xbd'	-11.039182228352683
2570	(-1, -1)	b'ead'	-11.100496849046495
2571	(-1, -1)	b'\xe4\xb9\x89'	-9.646978527570914
2572	(-1, -1)	b'\xe5\xaa\x92'	-11.01395639271544
2573	(-1, -1)	b'\xe6\x9d\xbe'	-9.90024674111397
2574	(-1, -1)	b'\xe6\xad\xbb'	-9.294069299750808
2575	(-1, -1)	b'ike'	-9.895025819511146
2576	(-1, -1)	b'\xe5\x8d\x96'	-9.313893340552486
2577	(-1, -1)	b'No'	-8.865462196560879
2578	(-1, -1)	b'AT'	-9.167427215700599
2579	(-1, -1)	b' elect'	-10.193111361984448
2580	(-1, -1)	b'\xe7\xbe\xa4'	-9.424647984431568
2581	(-1, -1)	b'osed'	-10.233739712768381
2582	(-1, -1)	b'ider'	-10.289711507875692
2583	(-1, -1)	b'\xe5\x8a\x9f\xe8\x83\xbd'	-9.017151593886185
2584	(-1, -1)	b' least'	-9.017422193265459
2585	(-1, -1)	b'ley'	-9.046194836410791
2586	(-1, -1)	b'\xe7\xae\x80'	-9.869449306466265
2587	(-1, -1)	b'ately'	-10.744626226749332
2588	(-1, -1)	b' \xd0\xb4'	-10.722792942101826
2589	(-1, -1)	b' money'	-9.019969413026054
2590	(-1, -1)	b' 30'	-9.002140369328854
2591	(-1, -1)	b'oto'	-10.870855549074765
2592	(-1, -1)	b'\xe7\xba\xaa'	-9.802933963801152
2593	(-1, -1)	b'\xe4\xba\xba\xe5\x91\x98'	-9.286602598394271
2594	(-1, -1)	b'\xe4\xb8\x80\xe5\xae\x9a'	-9.499744964903467
2595	(-1, -1)	b' tell'	-9.413245167903217
2596	(-1, -1)	b' sit'	-10.252826549176401
2597	(-1, -1)	b' She'	-9.093826961545153
2598	(-1, -1)	b' Bl'	-9.711056637309232
2599	(-1, -1)	b' free'	-8.96017507489498
2600	(-1, -1)	b'ention'	-10.729517917009499
2601	(-1, -1)	b'\xe1\x80\xac'	-11.065900189166616
2602	(-1, -1)	b' doing'	-9.024565371784327
2603	(-1, -1)	b' job'	-9.327823184562666
2604	(-1, -1)	b' probably'	-9.025492560288164
2605	(-1, -1)	b'ii'	-9.42611306690102
2606	(-1, -1)	b'22'	-9.041498622258269
2607	(-1, -1)	b' seen'	-9.026338687940147
2608	(-1, -1)	b'\xe5\xbf\x97'	-9.43449705973618
2609	(-1, -1)	b'\xe6\x9c\x8d\xe5\x8a\xa1'	-9.02724019187357
2610	(-1, -1)	b'Yeah'	-8.92667400892007
2611	(-1, -1)	b' \xda'	-10.162198867790769
2612	(-1, -1)	b' conc'	-9.507623006660403
2613	(-1, -1)	b'way'	-9.224191737633817
2614	(-1, -1)	b' \xd0\xb2'	-9.030196263548547
2615	(-1, -1)	b'\xe5\xb9\xb4\xe7\x9a\x84'	-9.7195950984292
2616	(-1, -1)	b'\xe5\xbe\xae'	-9.532406203063509
2617	(-1, -1)	b'\xe6\x8b\x85'	-10.415969941191113
2618	(-1, -1)	b' away'	-9.030826927548938
2619	(-1, -1)	b'\xe5\xbe\x85'	-9.628559205557936
2620	(-1, -1)	b' days'	-9.032336651830699
2621	(-1, -1)	b'\xe5\xb8\xad'	-9.999713949584747
2622	(-1, -1)	b'\xe7\xbb\x9d'	-9.707596800362401
2623	(-1, -1)	b'\xe6\xb2\xb9'	-9.490146706145797
2624	(-1, -1)	b'\xe4\xb8\x93\xe4\xb8\x9a'	-9.162659177557424
2625	(-1, -1)	b'\xe4\xb8\x87\xe5\x85\x83'	-9.039227907946305
2626	(-1, -1)	b'\xe8\x89\xba'	-10.014641230070962
2627	(-1, -1)	b'\xe7\xa4\xbe\xe4\xbc\x9a'	-9.034701889457015
2628	(-1, -1)	b'irl'	-10.385002369794552
2629	(-1, -1)	b'ball'	-10.1409152042317
2630	(-1, -1)	b' shit'	-9.122692500993946
2631	(-1, -1)	b'\xe4\xb8\x8a\xe6\xb5\xb7'	-9.038453721494607
2632	(-1, -1)	b'\xe6\xb2\xb3'	-9.193452351085568
2633	(-1, -1)	b' mat'	-10.494005532051803
2634	(-1, -1)	b'\xe4\xb8\xa5'	-9.962193148228415
2635	(-1, -1)	b'.5'	-9.63878383352647
2636	(-1, -1)	b'\xe6\x8d\xa2'	-9.03729356446707
2637	(-1, -1)	b' enough'	-9.03798397197299
2638	(-1, -1)	b'\xe6\x96\xb9\xe5\xbc\x8f'	-9.296677981345262
2639	(-1, -1)	b'\xe5\xa8\x81'	-9.656470816246742
2640	(-1, -1)	b' 12'	-8.941137971106096
2641	(-1, -1)	b' turn'	-9.641558460101574
2642	(-1, -1)	b" isn't"	-9.041166000363138
2643	(-1, -1)	b'ights'	-10.337285373496638
2644	(-1, -1)	b' list'	-9.535899933788926
2645	(-1, -1)	b'ES'	-9.386193980490537
2646	(-1, -1)	b'St'	-8.93167909878083
2647	(-1, -1)	b'\xe0\xa4\xb2'	-9.453737193817744
2648	(-1, -1)	b' So'	-8.863580859560306
2649	(-1, -1)	b'\xe6\xb1\x87'	-9.603640400072704
2650	(-1, -1)	b'\xe5\x8d\x88'	-10.487392376160086
2651	(-1, -1)	b' es'	-10.320211543047154
2652	(-1, -1)	b'ounds'	-9.811698888887861
2653	(-1, -1)	b'\xe5\x90\x88\xe4\xbd\x9c'	-9.045331747333757
2654	(-1, -1)	b'arr'	-9.548202011970393
2655	(-1, -1)	b'\xe5\x85\xad'	-9.04488657329118
2656	(-1, -1)	b'....'	-9.511607604839782
2657	(-1, -1)	b'\xe8\xa1\xa5'	-9.328783409181261
2658	(-1, -1)	b'And'	-9.049570814395027
2659	(-1, -1)	b'\xe5\x8d\xb1'	-10.820339758937862
2660	(-1, -1)	b'\xe9\x95\x9c'	-10.01508150011036
2661	(-1, -1)	b' expl'	-9.877731718746334
2662	(-1, -1)	b'app'	-9.628509341437653
2663	(-1, -1)	b'\xe7\xab\x9e'	-10.104464327300361
2664	(-1, -1)	b'rop'	-10.371913730336676
2665	(-1, -1)	b' family'	-9.050185854951177
2666	(-1, -1)	b'\xe8\xbf\x9b\xe5\x85\xa5'	-9.050325689666773
2667	(-1, -1)	b'\xe8\xa1\xa3'	-9.245653088093766
2668	(-1, -1)	b' recent'	-9.679868247026372
2669	(-1, -1)	b' \xd9\xbe'	-9.747171596703021
2670	(-1, -1)	b'\xe5\x98'	-10.507124384480917
2671	(-1, -1)	b'\xe6\x90\xad'	-10.255529883379248
2672	(-1, -1)	b'ages'	-9.959134829308873
2673	(-1, -1)	b'view'	-10.47012240201503
2674	(-1, -1)	b' build'	-9.822718781816915
2675	(-1, -1)	b' stand'	-9.975719653656444
2676	(-1, -1)	b'\xe5\x9b\xad'	-9.422170373042508
2677	(-1, -1)	b" he's"	-9.055738308924552
2678	(-1, -1)	b' gener'	-10.421023786270048
2679	(-1, -1)	b'ired'	-9.776165738901486
2680	(-1, -1)	b'\xe6\x89\xb9'	-9.217656959100792
2681	(-1, -1)	b'ards'	-10.731318908041102
2682	(-1, -1)	b'\xe7\x89\x88'	-9.408752220678892
2683	(-1, -1)	b' fact'	-9.318710164929207
2684	(-1, -1)	b'co'	-9.091346982448023
2685	(-1, -1)	b' vis'	-10.02964576154188
2686	(-1, -1)	b' anything'	-9.057793229491713
2687	(-1, -1)	b'\xe9\x9d\x92'	-9.239314835817401
2688	(-1, -1)	b'\xe5\x88\x86\xe6\x9e\x90'	-9.553600322540074
2689	(-1, -1)	b' char'	-10.21788290428795
2690	(-1, -1)	b'\xe6\x8b\x8d\xe6\x91\x84'	-9.06106729394618
2691	(-1, -1)	b' Sp'	-9.238402997048357
2692	(-1, -1)	b'\xe8\x93'	-10.282493344588413
2693	(-1, -1)	b'ient'	-9.491450147414803
2694	(-1, -1)	b' looking'	-9.06338820297249
2695	(-1, -1)	b'\xe5\x9b\xa0\xe6\xad\xa4'	-9.06358657912266
2696	(-1, -1)	b'\xe7\x8f\xad'	-9.484043187425291
2697	(-1, -1)	b' develop'	-10.341650641075177
2698	(-1, -1)	b'\xe5\xb7\xa6'	-10.263119519248725
2699	(-1, -1)	b'\xe5\x88\x98'	-9.064522311401392
2700	(-1, -1)	b' each'	-9.06466416543383
2701	(-1, -1)	b' won'	-9.570678005220074
2702	(-1, -1)	b' Mar'	-8.891105532950396
2703	(-1, -1)	b' art'	-9.806919336235566
2704	(-1, -1)	b'\xe4\xb8\x8d\xe8\x83\xbd'	-9.081516969841088
2705	(-1, -1)	b' Can'	-9.699802109640787
2706	(-1, -1)	b' est'	-9.80026610983996
2707	(-1, -1)	b'\xe5\x81\xa5'	-9.82739211293336
2708	(-1, -1)	b' less'	-9.068758220565192
2709	(-1, -1)	b'\xe5\x9f\x8e\xe5\xb8\x82'	-9.069442195626769
2710	(-1, -1)	b' news'	-9.06727787753857
2711	(-1, -1)	b'\xe0\xa9\x80'	-9.545949810526578
2712	(-1, -1)	b'\xe7\x89\x9b'	-9.43630575016225
2713	(-1, -1)	b'\xe5\x9b\xbd\xe5\x86\x85'	-9.21967585799766
2714	(-1, -1)	b'\xe4\xba\x86\xe8\xa7\xa3'	-9.684867336554328
2715	(-1, -1)	b' Sun'	-10.510130097594411
2716	(-1, -1)	b'\xe7\xa7\xbb'	-10.508325585826551
2717	(-1, -1)	b'\xe5\x90\xac'	-9.429866947594498
2718	(-1, -1)	b'-b'	-10.130894001481105
2719	(-1, -1)	b' buy'	-9.286283839426476
2720	(-1, -1)	b'\xd1\x81\xd1\x82'	-9.520877659636069
2721	(-1, -1)	b'\xe8\xb5\x94'	-10.088619416004978
2722	(-1, -1)	b' hour'	-10.266888841465017
2723	(-1, -1)	b'aff'	-10.047604691815922
2724	(-1, -1)	b'urs'	-10.010030059960798
2725	(-1, -1)	b' Pr'	-9.487761467466948
2726	(-1, -1)	b'\xd9\x82'	-9.254738780953407
2727	(-1, -1)	b' reason'	-9.310840125037261
2728	(-1, -1)	b'\xe6\x89\x80\xe6\x9c\x89'	-9.276943412356134
2729	(-1, -1)	b'\xe1\x88\x9d'	-9.078290417145595
2730	(-1, -1)	b'\xe0\xb8\x99'	-9.059541826829264
2731	(-1, -1)	b'26'	-9.195778684929541
2732	(-1, -1)	b'\xe5\x89\xaf'	-9.226257234586958
2733	(-1, -1)	b'\xe6\x80\x9d'	-9.447227134520038
2734	(-1, -1)	b' pos'	-10.789299439543214
2735	(-1, -1)	b'\xe3\x80\x80'	-10.512661897126332
2736	(-1, -1)	b' pa'	-10.636240909995163
2737	(-1, -1)	b'2010'	-9.068359451048686
2738	(-1, -1)	b'\xe9\x94\x99'	-9.687614300775062
2739	(-1, -1)	b'gram'	-10.420363138811535
2740	(-1, -1)	b'\xe7\xbb\xa7\xe7\xbb\xad'	-9.083394308038859
2741	(-1, -1)	b'\xe8\xb5\x9b\xe5\xad\xa3'	-9.672390110464233
2742	(-1, -1)	b'\xe5\xb8\xae'	-9.858281645684112
2743	(-1, -1)	b'\xe7\xb3\xbb\xe7\xbb\x9f'	-9.085767681077686
2744	(-1, -1)	b'\xe6\x9c\xa8'	-9.223559615846154
2745	(-1, -1)	b' soc'	-11.004238914165896
2746	(-1, -1)	b'They'	-9.217656959100792
2747	(-1, -1)	b'\xe9\x9c\xb2'	-9.707650768359391
2748	(-1, -1)	b'\xe7\x94\xbb'	-9.352942244657998
2749	(-1, -1)	b'vious'	-11.048834218265336
2750	(-1, -1)	b'ister'	-10.021044195828834
2751	(-1, -1)	b'bs'	-9.968548140110794
2752	(-1, -1)	b'\xe8\xaf\x89'	-9.984935002064612
2753	(-1, -1)	b' men'	-9.068160125906006
2754	(-1, -1)	b'\xe5\x8f\xb3'	-10.367205869990933
2755	(-1, -1)	b'\xe6\x8a\xa5\xe9\x81\x93'	-9.255562617331183
2756	(-1, -1)	b'\xe5\x80\x8d'	-9.307651485477834
2757	(-1, -1)	b'\xe8\x80\x8c\xe4\xb8\x94'	-9.0959324717393
2758	(-1, -1)	b'\xe6\xa0\xb8'	-9.646064682759386
2759	(-1, -1)	b'\xe5\x90\x83'	-9.097045503106951
2760	(-1, -1)	b'28'	-9.135188314315233
2761	(-1, -1)	b'\xe8\x83\xbd\xe5\xa4\x9f'	-9.08559382850423
2762	(-1, -1)	b'ution'	-10.349207866584594
2763	(-1, -1)	b' prot'	-10.70420010902521
2764	(-1, -1)	b'\xe9\x87\x91\xe8\x9e\x8d'	-9.409553053587873
2765	(-1, -1)	b'\xe6\xa3\x80'	-10.027934387933225
2766	(-1, -1)	b'ness'	-8.900162524130979
2767	(-1, -1)	b'\xd9\x81'	-9.403681843512153
2768	(-1, -1)	b'ret'	-10.22600642580943
2769	(-1, -1)	b'\xe5\x85\xa8\xe5\x9b\xbd'	-9.095727574699346
2770	(-1, -1)	b'\xe5\xb7\xa8'	-9.484215824456363
2771	(-1, -1)	b' cond'	-10.45246341773314
2772	(-1, -1)	b' \xd1\x82'	-9.29850453128632
2773	(-1, -1)	b'\xe8\x8b\x8f'	-9.763987279559636
2774	(-1, -1)	b'\xe7\x9b\xb8\xe5\x85\xb3'	-9.105255657368776
2775	(-1, -1)	b'\xe4\xbb\xa4'	-9.515073812816269
2776	(-1, -1)	b'\xe5\x9d\x97'	-9.612482881782395
2777	(-1, -1)	b'\xe8\xb0\x88'	-9.257212329005853
2778	(-1, -1)	b' hit'	-9.251587014041524
2779	(-1, -1)	b' level'	-9.372783482738173
2780	(-1, -1)	b'\xe8\xaf\x86'	-10.192848307925322
2781	(-1, -1)	b' met'	-9.799260103304839
2782	(-1, -1)	b' su'	-9.147996431557493
2783	(-1, -1)	b'resent'	-11.035306649814828
2784	(-1, -1)	b'\xe8\xb5\x84\xe9\x87\x91'	-9.110766782428732
2785	(-1, -1)	b' mil'	-10.22175591070548
2786	(-1, -1)	b'ger'	-9.347581516051436
2787	(-1, -1)	b' called'	-9.111509845965129
2788	(-1, -1)	b' watch'	-9.448059392901062
2789	(-1, -1)	b' stop'	-9.35040930566318
2790	(-1, -1)	b'oke'	-9.593767122694686
2791	(-1, -1)	b'\xe8\x83\x8c'	-9.527571455828797
2792	(-1, -1)	b'\xe6\x89\xbf'	-9.767705500243576
2793	(-1, -1)	b'\xe7\x96\x91'	-9.835025504705504
2794	(-1, -1)	b' \xd8\xb3'	-9.32634771398883
2795	(-1, -1)	b'\xe5\xb3'	-10.496021781326442
2796	(-1, -1)	b'70'	-9.051753121791256
2797	(-1, -1)	b'ized'	-9.301951819963078
2798	(-1, -1)	b'99'	-9.143350626724256
2799	(-1, -1)	b' Sc'	-9.75026435368788
2800	(-1, -1)	b' adv'	-10.032853163687353
2801	(-1, -1)	b'\xc3\xad'	-9.256249666482223
2802	(-1, -1)	b'used'	-10.166203132992079
2803	(-1, -1)	b'\xe6\x8b\xa5\xe6\x9c\x89'	-9.118491822709428
2804	(-1, -1)	b' que'	-9.079240016514825
2805	(-1, -1)	b' red'	-9.440552566283808
2806	(-1, -1)	b'ald'	-10.540570685243408
2807	(-1, -1)	b'\xe5\xb9\xb2'	-9.31527762549905
2808	(-1, -1)	b'\xe5\xa2\x9e\xe5\x8a\xa0'	-9.302923514927338
2809	(-1, -1)	b'\xe9\x80\x8f'	-9.77714876728608
2810	(-1, -1)	b'arter'	-10.268116936655032
2811	(-1, -1)	b'\xe5\x87\x80'	-9.8641969609
2812	(-1, -1)	b' 0'	-9.597675733842483
2813	(-1, -1)	b' makes'	-9.125402284966246
2814	(-1, -1)	b'\xe6\xb9\xbe'	-10.574789035373707
2815	(-1, -1)	b' case'	-9.12242192602048
2816	(-1, -1)	b' until'	-9.124829607684374
2817	(-1, -1)	b' making'	-9.127998512839639
2818	(-1, -1)	b'\xe6\xad\xa2'	-9.443407642186193
2819	(-1, -1)	b'There'	-9.427009452895932
2820	(-1, -1)	b'\xd8\xb9'	-9.195487597067467
2821	(-1, -1)	b'\xd8\xa7\xd8\xb1'	-9.107503846453554
2822	(-1, -1)	b' plan'	-9.40539570829724
2823	(-1, -1)	b' times'	-9.13491433754066
2824	(-1, -1)	b'\xe8\xae\xa1\xe5\x88\x92'	-9.131662796272815
2825	(-1, -1)	b'\xe6\x9c\xba\xe6\x9e\x84'	-9.13467086563003
2826	(-1, -1)	b'\xe8\xb4\xb7'	-10.485863413792249
2827	(-1, -1)	b'How'	-9.399191918416909
2828	(-1, -1)	b'\xe8\xa1\x80'	-9.135797420470809
2829	(-1, -1)	b' De'	-9.160346098256545
2830	(-1, -1)	b'reen'	-10.757341832774543
2831	(-1, -1)	b' sw'	-9.540592532208436
2832	(-1, -1)	b'\xe6\x88\xbf\xe5\x9c\xb0\xe4\xba\xa7'	-9.318088513143879
2833	(-1, -1)	b' able'	-9.13906245548769
2834	(-1, -1)	b'\xe5\x86\x9c'	-9.979608095757607
2835	(-1, -1)	b'\xe6\x97\x8f'	-9.585517675431824
2836	(-1, -1)	b'\xd0\xb0\xd0\xbb'	-9.316554322311102
2837	(-1, -1)	b' bro'	-10.776802242963003
2838	(-1, -1)	b' took'	-9.144825100174408
2839	(-1, -1)	b'\xe5\xbf\xb5'	-9.87511216001743
2840	(-1, -1)	b' saying'	-9.143166470313558
2841	(-1, -1)	b" I'll"	-9.146979278573223
2842	(-1, -1)	b'\xe0\xb7\x8f'	-9.147903920340442
2843	(-1, -1)	b'\xe7\xab\xaf'	-9.49380063165183
2844	(-1, -1)	b'ym'	-9.95518677223258
2845	(-1, -1)	b'\xe5\x81\x9c'	-9.150899460155888
2846	(-1, -1)	b'    '	-11.09919391726608
2847	(-1, -1)	b'\xe8\xbf\xbd'	-9.42371308202012
2848	(-1, -1)	b' deal'	-9.039006650650826
2849	(-1, -1)	b'\xe4\xbb\x96\xe7\x9a\x84'	-9.228293589215632
2850	(-1, -1)	b'\xe5\xad\xa6\xe6\xa0\xa1'	-9.122512109544012
2851	(-1, -1)	b'\xe5\xaa\x92\xe4\xbd\x93'	-9.325389824220268
2852	(-1, -1)	b'\xe9\xa3\x9e'	-9.515296415938083
2853	(-1, -1)	b' meet'	-9.969669687964233
2854	(-1, -1)	b' later'	-9.154928224747284
2855	(-1, -1)	b' camp'	-10.496972013016899
2856	(-1, -1)	b'\xe5\x8d\x83'	-9.39812208176212
2857	(-1, -1)	b'\xe4\xbd\x99'	-9.15673092306602
2858	(-1, -1)	b'ought'	-10.197593900801927
2859	(-1, -1)	b'\xe6\xa0\xb9\xe6\x8d\xae'	-9.158162963656928
2860	(-1, -1)	b'ured'	-10.185946004518607
2861	(-1, -1)	b'**'	-9.331817863643044
2862	(-1, -1)	b'\xe0\xb9\x88'	-9.589633892414858
2863	(-1, -1)	b'ertain'	-10.635012324761108
2864	(-1, -1)	b'ech'	-10.022743808283048
2865	(-1, -1)	b' North'	-9.10969774001066
2866	(-1, -1)	b'\xe0\xb6\xba'	-9.31684636772624
2867	(-1, -1)	b'\xe5\xba\x94\xe8\xaf\xa5'	-9.336498580981935
2868	(-1, -1)	b' health'	-9.38057467279838
2869	(-1, -1)	b'ani'	-9.448434135270073
2870	(-1, -1)	b' went'	-9.163347882818806
2871	(-1, -1)	b'\xe5\x8f\x91\xe7\x94\x9f'	-9.17243928350052
2872	(-1, -1)	b'ush'	-9.075274949832831
2873	(-1, -1)	b'\xc3\xb3'	-9.597289017542405
2874	(-1, -1)	b' \xe0\xa4\xb8'	-9.163817726682675
2875	(-1, -1)	b' past'	-9.162690472054289
2876	(-1, -1)	b' official'	-9.804954406608747
2877	(-1, -1)	b' video'	-9.149416009625785
2878	(-1, -1)	b' came'	-9.145378588703652
2879	(-1, -1)	b' Or'	-9.089745561208693
2880	(-1, -1)	b'\xe1\x88\xad'	-9.147410671671462
2881	(-1, -1)	b' clear'	-9.330225477134396
2882	(-1, -1)	b' Pro'	-9.316809857384682
2883	(-1, -1)	b' having'	-9.168528346830719
2884	(-1, -1)	b'\xe6\x9c\x8b\xe5\x8f\x8b'	-9.66393372949626
2885	(-1, -1)	b'ED'	-9.753423201079885
2886	(-1, -1)	b'\xe4\xba\xae'	-9.722001180412423
2887	(-1, -1)	b'\xe6\xb4\xbe'	-9.347845105004819
2888	(-1, -1)	b' trying'	-9.170292682512091
2889	(-1, -1)	b'\xe8\x97'	-10.312770663435916
2890	(-1, -1)	b'\xe9\xa6\x99\xe6\xb8\xaf'	-9.172028547487415
2891	(-1, -1)	b'ury'	-9.782834556565119
2892	(-1, -1)	b'ten'	-10.09297361676464
2893	(-1, -1)	b' current'	-9.7647869597302
2894	(-1, -1)	b' fac'	-11.061083930249296
2895	(-1, -1)	b'\xe0\xab\x8d\xe0\xaa'	-9.795953339146083
2896	(-1, -1)	b'oon'	-9.610424057525744
2897	(-1, -1)	b' move'	-9.438736185335276
2898	(-1, -1)	b'\xe5\x85\x8d'	-10.028752505564665
2899	(-1, -1)	b'\xe7\x89\xb9\xe5\x88\xab'	-9.52307403426115
2900	(-1, -1)	b'the'	-8.92506877303793
2901	(-1, -1)	b'\xd0\xb0\xd1\x82'	-9.219510221040363
2902	(-1, -1)	b'gy'	-9.89404992404968
2903	(-1, -1)	b'\xe6\x95\x85'	-10.256276918618022
2904	(-1, -1)	b'str'	-9.399707433447658
2905	(-1, -1)	b'\xe6\x9c\xba\xe4\xbc\x9a'	-9.739119212981622
2906	(-1, -1)	b' power'	-9.223459843659231
2907	(-1, -1)	b' sol'	-10.785010655270996
2908	(-1, -1)	b'\xe5\xa7\x86'	-9.535581817037395
2909	(-1, -1)	b"'d"	-9.45135360183049
2910	(-1, -1)	b'\xe5\x85\xb3\xe7\xb3\xbb'	-9.180275493711106
2911	(-1, -1)	b'\xd0\xb5\xd1\x80'	-9.201260461254236
2912	(-1, -1)	b'\xe4\xb8\xb4'	-9.657856248902856
2913	(-1, -1)	b' Rep'	-10.199533765619755
2914	(-1, -1)	b'\xe9\xba'	-10.844605533244211
2915	(-1, -1)	b' name'	-9.175794672676274
2916	(-1, -1)	b'ched'	-10.708595720498248
2917	(-1, -1)	b'\xe4\xb8\xbd'	-9.38166484577662
2918	(-1, -1)	b'ither'	-10.486804037024447
2919	(-1, -1)	b' Am'	-9.32076069658874
2920	(-1, -1)	b' information'	-9.178557061516333
2921	(-1, -1)	b'\xe7\xbc\x96'	-9.668490253715904
2922	(-1, -1)	b'21'	-9.089512840704966
2923	(-1, -1)	b' done'	-9.184712497239667
2924	(-1, -1)	b'\xe0\xa7\x8d\xe0\xa6'	-9.65759954244528
2925	(-1, -1)	b'cl'	-9.170292682512091
2926	(-1, -1)	b' \xd0\xbe'	-10.377592576179742
2927	(-1, -1)	b' number'	-9.182794828536418
2928	(-1, -1)	b'ency'	-10.013028562957054
2929	(-1, -1)	b'\xe7\xad\xbe'	-9.546822511130848
2930	(-1, -1)	b'As'	-9.156450980918901
2931	(-1, -1)	b'ague'	-10.457362874921854
2932	(-1, -1)	b'nt'	-9.57100748676032
2933	(-1, -1)	b' President'	-9.193129676757966
2934	(-1, -1)	b'\xe6\x8c\x87\xe6\x95\xb0'	-9.363942032046994
2935	(-1, -1)	b'une'	-10.109775356119753
2936	(-1, -1)	b'27'	-9.226657501436865
2937	(-1, -1)	b'\xe8\xaf\xbb'	-9.408712195863501
2938	(-1, -1)	b'\xe4\xb8\xbb\xe5\x9c\xba'	-9.203246494562618
2939	(-1, -1)	b'\xd1\x8c'	-9.37066210034463
2940	(-1, -1)	b'\xe7\xa9\xbf'	-9.357380879385111
2941	(-1, -1)	b'\xe0\xaf\x81\xe0\xae'	-9.620266172306076
2942	(-1, -1)	b'\xe7\x9b\x9f'	-10.979483727419112
2943	(-1, -1)	b'\xe6\x84\xbf'	-9.915344104047328
2944	(-1, -1)	b'\xe4\xbc\xbc'	-10.130811598613437
2945	(-1, -1)	b'\xe0\xab\x80'	-9.743584752079597
2946	(-1, -1)	b' cost'	-9.567482964208612
2947	(-1, -1)	b'\xe6\xbe\xb3'	-10.145336483592342
2948	(-1, -1)	b'\xe9\x9b\xb7'	-9.198759119946484
2949	(-1, -1)	b' No'	-8.92914864517426
2950	(-1, -1)	b'af'	-8.861332547743682
2951	(-1, -1)	b'AN'	-9.150126555076524
2952	(-1, -1)	b' pop'	-10.414327455193611
2953	(-1, -1)	b' \xd0\xbc'	-9.201423102549219
2954	(-1, -1)	b'\xe5\xbb\xba\xe8\xae\xbe'	-9.199505618739689
2955	(-1, -1)	b'ained'	-10.765080611529532
2956	(-1, -1)	b' five'	-9.196005145194821
2957	(-1, -1)	b'ots'	-9.633007100144484
2958	(-1, -1)	b' using'	-9.204387805237108
2959	(-1, -1)	b'\xe7\x9a\x84\xe6\x97\xb6\xe5\x80\x99'	-9.129026790565206
2960	(-1, -1)	b'\xe8\xb4\xa5'	-9.998052999573003
2961	(-1, -1)	b'ection'	-9.966588453033465
2962	(-1, -1)	b'\xe6\x9c\x80\xe5\x90\x8e'	-9.435113291294412
2963	(-1, -1)	b'\xe0\xa8\xbf'	-10.983535049638292
2964	(-1, -1)	b'pec'	-10.487510085535774
2965	(-1, -1)	b'\xe5\xae\xa3'	-10.459077650992224
2966	(-1, -1)	b'\xe5\xae\xa1'	-9.207688623633532
2967	(-1, -1)	b'\xe4\xb8\xaa\xe4\xba\xba'	-9.620661878894808
2968	(-1, -1)	b' 2016'	-9.208900566329246
2969	(-1, -1)	b'\xe0\xa5\x8d\xe0\xa4\xaf'	-10.294941037516004
2970	(-1, -1)	b' \xd9\x86'	-9.453820931885119
2971	(-1, -1)	b'\xe5\x96\x84'	-10.09448221207239
2972	(-1, -1)	b'So'	-9.136803257457633
2973	(-1, -1)	b' et'	-9.805489913717013
2974	(-1, -1)	b'ps'	-9.847547643470786
2975	(-1, -1)	b'\xe1\x88\x8d'	-9.161533227418142
2976	(-1, -1)	b'\xe5\x85\xb8'	-9.66104489591643
2977	(-1, -1)	b'\xe5\x88\xa4'	-9.71921284586482
2978	(-1, -1)	b' How'	-9.678452001936652
2979	(-1, -1)	b' ce'	-9.548708306138112
2980	(-1, -1)	b'ones'	-10.103822478754578
2981	(-1, -1)	b'ung'	-9.081892155634607
2982	(-1, -1)	b'\xe8\xb0\xa2'	-9.938800268653711
2983	(-1, -1)	b' import'	-10.613018589277495
2984	(-1, -1)	b' wal'	-10.669290293888183
2985	(-1, -1)	b'side'	-9.308158089432943
2986	(-1, -1)	b'\xe5\xae\x88'	-9.791600391096264
2987	(-1, -1)	b'inal'	-10.199886872968056
2988	(-1, -1)	b' Be'	-9.212874233730966
2989	(-1, -1)	b' guy'	-9.216896791827393
2990	(-1, -1)	b'int'	-9.375567384315742
2991	(-1, -1)	b'\xe5\x90\xa7'	-9.216995911316019
2992	(-1, -1)	b'\xe6\x98\xa5'	-9.372744871954177
2993	(-1, -1)	b'\xe5\x8f\xaa\xe6\x9c\x89'	-9.218649350846148
2994	(-1, -1)	b'ler'	-8.969160553301203
2995	(-1, -1)	b' main'	-9.218252275959225
2996	(-1, -1)	b'\xe0\xa9\x87'	-9.628808563462627
2997	(-1, -1)	b'\xe6\x89\x98'	-9.381547984665916
2998	(-1, -1)	b'\xe8\xbe\xbe\xe5\x88\xb0'	-9.220736584694835
2999	(-1, -1)	b'2008'	-9.221732038870012
3000	(-1, -1)	b'\xe5\x85\xa8\xe7\x90\x83'	-9.222861419491634
3001	(-1, -1)	b' What'	-9.321530731278349
3002	(-1, -1)	b' attack'	-9.467904483943824
3003	(-1, -1)	b' side'	-9.140744901855095
3004	(-1, -1)	b'\xe4\xbb\xa5\xe6\x9d\xa5'	-9.392278037488941
3005	(-1, -1)	b' experi'	-10.953261438343207
3006	(-1, -1)	b'aring'	-10.356616070030276
3007	(-1, -1)	b' months'	-9.228260172898441
3008	(-1, -1)	b' today'	-9.228694672144904
3009	(-1, -1)	b'iver'	-10.350849397680607
3010	(-1, -1)	b'\xe0\xb0\xbf\xe0\xb0'	-9.621255732527345
3011	(-1, -1)	b' Just'	-9.487198514112253
3012	(-1, -1)	b'\xe4\xba\xba\xe5\xa3\xab'	-9.685447796189106
3013	(-1, -1)	b' players'	-9.230870004740812
3014	(-1, -1)	b' war'	-9.556148094618873
3015	(-1, -1)	b'ending'	-9.98857357490852
3016	(-1, -1)	b'\xe8\x88\xac'	-10.828749405333905
3017	(-1, -1)	b' Mc'	-9.557447639960959
3018	(-1, -1)	b' ago'	-9.201813549616066
3019	(-1, -1)	b' val'	-10.7028851844439
3020	(-1, -1)	b'\xe8\xbf\x99\xe6\x98\xaf'	-9.165636536177766
3021	(-1, -1)	b' Min'	-9.831476363787464
3022	(-1, -1)	b'\xe7\x9f\xa5\xe9\x81\x93'	-9.622295825734206
3023	(-1, -1)	b'\xe4\xb9\x8e'	-10.939478392805412
3024	(-1, -1)	b'uction'	-9.933239424268319
3025	(-1, -1)	b'\xe9\x83\xa8\xe9\x97\xa8'	-9.237863040231783
3026	(-1, -1)	b' yet'	-9.23782930260927
3027	(-1, -1)	b'\xe4\xb8\xba\xe4\xba\x86'	-9.22949732092884
3028	(-1, -1)	b'-f'	-9.52865385344496
3029	(-1, -1)	b' half'	-9.196328748847895
3030	(-1, -1)	b' city'	-9.24026132542597
3031	(-1, -1)	b' For'	-8.859898126009172
3032	(-1, -1)	b'ports'	-10.701134636950915
3033	(-1, -1)	b'ides'	-10.619042300684903
3034	(-1, -1)	b'ham'	-9.142491520142206
3035	(-1, -1)	b' program'	-9.450309956491655
3036	(-1, -1)	b' Tuesday'	-9.243309695216452
3037	(-1, -1)	b'\xe8\xb6\x85\xe8\xbf\x87'	-9.243513250652084
3038	(-1, -1)	b'\xe5\x8b\x92'	-9.244124165686019
3039	(-1, -1)	b'\xe4\xb9\x8b\xe4\xb8\x80'	-9.24582311274775
3040	(-1, -1)	b'\xe6\xb6\x88\xe6\x81\xaf'	-9.79807786045271
3041	(-1, -1)	b'\xe5\x8d\xb0'	-9.834596491123708
3042	(-1, -1)	b'\xe7\x9a\xae'	-9.419294305194038
3043	(-1, -1)	b'\xe5\x91\xb3'	-9.55170528834767
3044	(-1, -1)	b'\xe5\x9f\xba\xe6\x9c\xac'	-9.415539531620265
3045	(-1, -1)	b'\xe8\xae\xb2'	-9.407112515458385
3046	(-1, -1)	b'ished'	-10.988573819989051
3047	(-1, -1)	b'ains'	-11.002070357377182
3048	(-1, -1)	b' change'	-9.231372677293747
3049	(-1, -1)	b'IS'	-9.653092261714853
3050	(-1, -1)	b'omp'	-9.543473653722145
3051	(-1, -1)	b'\xe1\x80\xaf\xe1\x80'	-10.30518852874182
3052	(-1, -1)	b' polit'	-10.677085670334819
3053	(-1, -1)	b' women'	-9.249809964841734
3054	(-1, -1)	b' test'	-9.41977982065915
3055	(-1, -1)	b'aining'	-10.811023682734797
3056	(-1, -1)	b'\xe6\x96\xb0\xe7\x9a\x84'	-9.639590203895736
3057	(-1, -1)	b"That's"	-9.257040357002472
3058	(-1, -1)	b'\xe7\xbb\x83'	-10.283356778229622
3059	(-1, -1)	b'\xe9\x99\x86'	-10.013907877148686
3060	(-1, -1)	b' added'	-9.259450660490149
3061	(-1, -1)	b' Ad'	-9.535672697211949
3062	(-1, -1)	b'\xe9\x87\x87\xe7\x94\xa8'	-9.623585060801458
3063	(-1, -1)	b'\xe5\x85\x9a'	-9.261072273142153
3064	(-1, -1)	b'\xe9\x92\x9f'	-10.44431304433818
3065	(-1, -1)	b'\xe6\x9c\x89\xe5\x85\xb3'	-9.268419641053473
3066	(-1, -1)	b' sing'	-11.036325083551903
3067	(-1, -1)	b'ream'	-10.187776150133798
3068	(-1, -1)	b'by'	-9.227992882552714
3069	(-1, -1)	b' president'	-9.453904676965143
3070	(-1, -1)	b' 14'	-9.272567650556443
3071	(-1, -1)	b'\xe0\xb6\xbb'	-9.18541656485924
3072	(-1, -1)	b'\xe6\xaf\x8d'	-10.230093068194883
3073	(-1, -1)	b'ds'	-10.317228543917624
3074	(-1, -1)	b'ries'	-9.859914299107999
3075	(-1, -1)	b'\xe7\x94\xb3\xe8\xaf\xb7'	-9.266681900373591
3076	(-1, -1)	b' line'	-9.202594901394324
3077	(-1, -1)	b' intern'	-10.914271578772066
3078	(-1, -1)	b' Se'	-9.024292832809566
3079	(-1, -1)	b'\xe6\x9d\xa5\xe8\xaf\xb4'	-9.26988168051048
3080	(-1, -1)	b' ra'	-9.939684712702249
3081	(-1, -1)	b'\xe5\xba\xad'	-10.163049497307865
3082	(-1, -1)	b' problem'	-9.267515639044827
3083	(-1, -1)	b'\xd1\x8f'	-9.605295465436146
3084	(-1, -1)	b' former'	-9.26883714853988
3085	(-1, -1)	b'\xe5\x8e\x86\xe5\x8f\xb2'	-9.507623006660403
3086	(-1, -1)	b' High'	-9.952632316081555
3087	(-1, -1)	b' There'	-9.505548454482945
3088	(-1, -1)	b'\xe8\xb0\x83\xe6\x95\xb4'	-9.270474066624153
3089	(-1, -1)	b' mus'	-10.702447260197795
3090	(-1, -1)	b' Pl'	-9.83698905691029
3091	(-1, -1)	b' looks'	-9.270299798983471
3092	(-1, -1)	b'\xe5\xbe\x8b'	-10.244760120013426
3093	(-1, -1)	b' chance'	-9.13601069530671
3094	(-1, -1)	b'\xd8\xa7\xd9\x84'	-9.286744301667854
3095	(-1, -1)	b' according'	-9.272113668603158
3096	(-1, -1)	b'\xe9\x93\x81'	-9.725731095328563
3097	(-1, -1)	b'ney'	-9.562802841471235
3098	(-1, -1)	b'ided'	-10.744321812743939
3099	(-1, -1)	b'\xe4\xbb\x8a\xe5\xa4\xa9'	-9.275471019452093
3100	(-1, -1)	b'\xe5\xa9\x9a'	-9.56983126511868
3101	(-1, -1)	b' points'	-9.275506051243447
3102	(-1, -1)	b' dam'	-11.041842620794613
3103	(-1, -1)	b'ploy'	-10.540198361317294
3104	(-1, -1)	b'\xe4\xb8\x8a\xe6\xb6\xa8'	-9.277294301864629
3105	(-1, -1)	b'most'	-10.862599568227745
3106	(-1, -1)	b'conom'	-10.467003716264646
3107	(-1, -1)	b'ude'	-9.775703471471552
3108	(-1, -1)	b' \xd9\x84'	-9.6617663223107
3109	(-1, -1)	b' Ed'	-9.762845987493275
3110	(-1, -1)	b'\xe5\x9c\xb0\xe5\x8c\xba'	-9.281831849881138
3111	(-1, -1)	b'\xe8\xa7\x89\xe5\xbe\x97'	-9.704579231524521
3112	(-1, -1)	b'\xd1\x80\xd0\xbe'	-10.781529639097679
3113	(-1, -1)	b' fire'	-9.222196923487383
3114	(-1, -1)	b'oor'	-10.88336874675955
3115	(-1, -1)	b' wind'	-10.82247668750645
3116	(-1, -1)	b' live'	-9.196717211511807
3117	(-1, -1)	b'\xd8\xa9'	-9.66372710725264
3118	(-1, -1)	b'ster'	-9.193742847028737
3119	(-1, -1)	b'\xe7\x99\xbb'	-9.68941448127921
3120	(-1, -1)	b'umb'	-9.184072865645645
3121	(-1, -1)	b' \xc4\x91'	-9.28642549753487
3122	(-1, -1)	b'\xd8\xb4'	-9.307904755374443
3123	(-1, -1)	b' vi'	-10.46136860273878
3124	(-1, -1)	b' investig'	-10.101019225146807
3125	(-1, -1)	b'\xe5\x8e\xbf'	-9.287311315645765
3126	(-1, -1)	b' small'	-9.496200336112812
3127	(-1, -1)	b'\xed\x95'	-10.918428837357762
3128	(-1, -1)	b' working'	-9.2881269619133
3129	(-1, -1)	b' must'	-9.288659263776506
3130	(-1, -1)	b'ued'	-10.426324737391008
3131	(-1, -1)	b'\xe4\xbc\x98\xe5\x8a\xbf'	-9.290009031324164
3132	(-1, -1)	b' kid'	-10.052926279560776
3133	(-1, -1)	b'\xe9\x97\xbb'	-10.412360026424766
3134	(-1, -1)	b'\xe6\x96\x87\xe5\x8c\x96'	-9.290898030902655
3135	(-1, -1)	b'\xe7\xa4\xbc'	-9.290293425211614
3136	(-1, -1)	b' aff'	-10.457591341909367
3137	(-1, -1)	b'\xe7\x9b\xb8\xe6\x9c\xba'	-9.559679368616456
3138	(-1, -1)	b'\xe0\xa4\xb8'	-9.398320113329
3139	(-1, -1)	b'year-old'	-9.281902361797682
3140	(-1, -1)	b' mor'	-10.628078709871753
3141	(-1, -1)	b'\xe5\xa4\x8f'	-9.645709524075828
3142	(-1, -1)	b' event'	-9.585852083651828
3143	(-1, -1)	b'\xe8\x8b\xb1\xe5\x9b\xbd'	-9.28734676469662
3144	(-1, -1)	b' hold'	-9.696274203480126
3145	(-1, -1)	b'\xe5\x86\xb2'	-9.57823626313004
3146	(-1, -1)	b'BA'	-10.617834652098011
3147	(-1, -1)	b' 18'	-9.313165538482515
3148	(-1, -1)	b'\xe1\x80\xac\xe1\x80'	-10.162283898189187
3149	(-1, -1)	b' believe'	-9.281338405630326
3150	(-1, -1)	b'\xd1\x87'	-9.173071514665285
3151	(-1, -1)	b'\xe5\x85\xbb'	-9.73995498402902
3152	(-1, -1)	b' All'	-9.315532834498375
3153	(-1, -1)	b'\xe7\x9a\x84\xe5\xa4\xa7'	-9.823869913385066
3154	(-1, -1)	b' 11'	-9.170040443893022
3155	(-1, -1)	b'\xe5\x8e\xbb\xe5\xb9\xb4'	-9.27666278937127
3156	(-1, -1)	b'\xe5\x82\xa8'	-10.545049418781247
3157	(-1, -1)	b'\xd1\x88'	-9.354457511255976
3158	(-1, -1)	b'ene'	-10.068056555523695
3159	(-1, -1)	b'\xe8\xbf\xb7'	-9.655445805906895
3160	(-1, -1)	b'\xe5\xad\xa9\xe5\xad\x90'	-9.308628737306519
3161	(-1, -1)	b'\xe9\x81\x87'	-10.100379583324406
3162	(-1, -1)	b' ku'	-9.007914088289711
3163	(-1, -1)	b'\xe9\xa3\x8e\xe9\x99\xa9'	-9.306313837730432
3164	(-1, -1)	b'\xe5\x86\xa0'	-9.932157977728314
3165	(-1, -1)	b'\xe4\xb8\xb0'	-9.96491177246741
3166	(-1, -1)	b'\xe7\xbc\xba'	-9.549445191908111
3167	(-1, -1)	b'AP'	-9.311820499473548
3168	(-1, -1)	b'\xe7\xbb\x8f\xe7\x90\x86'	-10.703615484629722
3169	(-1, -1)	b'\xe6\x88\x96\xe8\x80\x85'	-9.30747061767362
3170	(-1, -1)	b'\xe5\x90\xb8'	-9.978263105642274
3171	(-1, -1)	b'\xe0\xb8\xa3'	-9.553924224169355
3172	(-1, -1)	b'\xe4\xb8\x80\xe6\xad\xa5'	-10.981025153543197
3173	(-1, -1)	b'\xe7\x94\x9a\xe8\x87\xb3'	-9.30884603413484
3174	(-1, -1)	b'rew'	-9.588291867673563
3175	(-1, -1)	b'\xe6\x9d\x80'	-9.309824454607524
3176	(-1, -1)	b'\xb8\xe1\x80'	-10.73523221827294
3177	(-1, -1)	b'\xe5\x85\xb7\xe6\x9c\x89'	-9.312183845164633
3178	(-1, -1)	b'\xe5\x85\xac\xe5\xb8\x83'	-9.711381611584963
3179	(-1, -1)	b'\xe6\x9c\xaa\xe6\x9d\xa5'	-9.161220688348214
3180	(-1, -1)	b'\xe6\xa3\xae'	-9.498956183092194
3181	(-1, -1)	b' \xe1\xbb\x8d'	-9.372474638200337
3182	(-1, -1)	b' x'	-9.311021603360174
3183	(-1, -1)	b'\xe6\x8f\x90\xe9\xab\x98'	-9.31309278740031
3184	(-1, -1)	b'-d'	-9.597289017542405
3185	(-1, -1)	b' prom'	-9.714365473828684
3186	(-1, -1)	b'\xe0\xb7\x80'	-9.313420208958487
3187	(-1, -1)	b'\xe4\xb8\x80\xe8\xb5\xb7'	-9.622989822688645
3188	(-1, -1)	b'\xe0\xb8\xad'	-9.59314123499702
3189	(-1, -1)	b'\xe6\x95\x91'	-9.31527762549905
3190	(-1, -1)	b'ti'	-9.43445599113107
3191	(-1, -1)	b'\xe8\x8d\xaf'	-9.316919392408616
3192	(-1, -1)	b' \xd0\xb8'	-10.15390076767701
3193	(-1, -1)	b'\xe5\x86\x99'	-9.317942298280878
3194	(-1, -1)	b'\xe5\xaf\x9f'	-10.271620562226653
3195	(-1, -1)	b'\xe5\xae\xb3'	-9.57227936200538
3196	(-1, -1)	b'\xe9\xa1\xbb'	-11.021758772999624
3197	(-1, -1)	b' South'	-9.086463393776414
3198	(-1, -1)	b'\xe6\x94\xb6\xe7\x9b\x8a'	-9.637374248113856
3199	(-1, -1)	b'\xe9\xa5\xb0'	-10.037195788062078
3200	(-1, -1)	b'pped'	-10.199533765619755
3201	(-1, -1)	b' 50'	-9.30223963116092
3202	(-1, -1)	b' mom'	-10.64626227191899
3203	(-1, -1)	b'\xd8\xb2'	-9.570207505540743
3204	(-1, -1)	b'\xe7\xbb\x87'	-10.908157551454371
3205	(-1, -1)	b'\xe8\xa7\x84\xe6\xa8\xa1'	-9.32358706072178
3206	(-1, -1)	b'OS'	-9.71008234765165
3207	(-1, -1)	b'\xe4\xbb\x8b\xe7\xbb\x8d'	-9.325095273408124
3208	(-1, -1)	b'\xe8\x89\xaf'	-9.852151645879408
3209	(-1, -1)	b' opt'	-10.502692443346207
3210	(-1, -1)	b'\xe8\x82\xa1\xe7\xa5\xa8'	-9.517748326312082
3211	(-1, -1)	b'\xe4\xb8\x8d\xe6\x96\xad'	-9.5073137579115
3212	(-1, -1)	b' \xc3'	-10.669149120739082
3213	(-1, -1)	b'\xe8\x96'	-10.441610948571164
3214	(-1, -1)	b'IT'	-9.35256378649203
3215	(-1, -1)	b' perform'	-10.169109863259587
3216	(-1, -1)	b'\xc4\xb1n'	-10.116413444123092
3217	(-1, -1)	b'inc'	-9.725236630576571
3218	(-1, -1)	b' once'	-9.330669609048874
3219	(-1, -1)	b'ma'	-9.11523346843287
3220	(-1, -1)	b'\xe9\xad\x94'	-9.522446006248403
3221	(-1, -1)	b'500'	-9.151301607006774
3222	(-1, -1)	b'ator'	-9.33319008927421
3223	(-1, -1)	b'\xe7\xa7\x80'	-9.776686045315884
3224	(-1, -1)	b'\xe5\x81\x87'	-9.333598411631819
3225	(-1, -1)	b'ior'	-9.845563269757488
3226	(-1, -1)	b'\xe6\x8a\x95\xe8\xb5\x84\xe8\x80\x85'	-9.334973084434726
3227	(-1, -1)	b'\xe4\xbb\x93'	-9.765072714840018
3228	(-1, -1)	b'\xe6\x98\xa0'	-10.277710019673641
3229	(-1, -1)	b'ives'	-10.2116099201905
3230	(-1, -1)	b'\xe5\x85\x88\xe7\x94\x9f'	-9.335642528077699
3231	(-1, -1)	b'\xe6\xb0\xb4\xe5\xb9\xb3'	-9.335047444934464
3232	(-1, -1)	b'ta'	-8.532260018557686
3233	(-1, -1)	b' sal'	-9.891322472524486
3234	(-1, -1)	b' pat'	-9.914812824980508
3235	(-1, -1)	b'\xe5\xbe\x97\xe5\x88\xb0'	-9.337169046980902
3236	(-1, -1)	b' \xea'	-10.095197604972817
3237	(-1, -1)	b'\xe6\x89\xa7'	-9.900639411276083
3238	(-1, -1)	b'\xe5\xbe\x81'	-9.508905199828218
3239	(-1, -1)	b'\xe0\xa4\xae'	-9.758009975451177
3240	(-1, -1)	b' major'	-9.608809378275849
3241	(-1, -1)	b'\xe4\xbb\xa3\xe8\xa1\xa8'	-9.338772537712856
3242	(-1, -1)	b'\xe1\x89\xa5'	-9.66119944347875
3243	(-1, -1)	b'\xe5\x9d\x9a'	-9.978970769672939
3244	(-1, -1)	b'\xe9\x82\xa3\xe4\xb9\x88'	-9.340976868806631
3245	(-1, -1)	b'\xe6\x8a\x98'	-9.341612917841262
3246	(-1, -1)	b' mar'	-9.8053113794826
3247	(-1, -1)	b' idea'	-9.232278125133067
3248	(-1, -1)	b'aha'	-10.148937978334882
3249	(-1, -1)	b'\xe7\x90\x83\xe5\x91\x98'	-9.343148584940817
3250	(-1, -1)	b' ca'	-9.78277637474692
3251	(-1, -1)	b'els'	-9.683918219688984
3252	(-1, -1)	b'\xe8\xb7\x9d'	-10.329214304662845
3253	(-1, -1)	b'\xe5\x88\x86\xe5\x88\xab'	-9.677770820847147
3254	(-1, -1)	b'\xe7\x9c\x8b\xe5\x88\xb0'	-9.245585086325693
3255	(-1, -1)	b'\xe8\xa1\x97'	-9.556472822661993
3256	(-1, -1)	b'ij'	-9.741070433112885
3257	(-1, -1)	b' United'	-9.347920428897593
3258	(-1, -1)	b'\xe4\xb9\x9d'	-9.34874936639796
3259	(-1, -1)	b'\xe0\xaa\xa8'	-10.327607878614572
3260	(-1, -1)	b'\xe7\x88\x86'	-9.896002668274964
3261	(-1, -1)	b' playing'	-9.350484822956675
3262	(-1, -1)	b' Wednesday'	-9.350635874654406
3263	(-1, -1)	b' understand'	-9.561636225225621
3264	(-1, -1)	b'la'	-8.89277657654765
3265	(-1, -1)	b'BC'	-9.890868619629867
3266	(-1, -1)	b'\xe5\xad\xb8'	-9.59859478486613
3267	(-1, -1)	b'\xe5\xae\x9e\xe7\x8e\xb0'	-9.349918582213737
3268	(-1, -1)	b'AR'	-9.28169084096209
3269	(-1, -1)	b" they're"	-9.3543816933705
3270	(-1, -1)	b'\xe7\xb3\xbb\xe5\x88\x97'	-9.663623812138407
3271	(-1, -1)	b'\xe5\x86\xb7'	-9.354912539323891
3272	(-1, -1)	b' techn'	-9.987145105270574
3273	(-1, -1)	b' sex'	-9.94713137392824
3274	(-1, -1)	b' record'	-9.679448409707163
3275	(-1, -1)	b'ising'	-9.600047639981485
3276	(-1, -1)	b'\xe7\xa9\xba\xe9\x97\xb4'	-9.357000737967928
3277	(-1, -1)	b'ole'	-9.809425752777157
3278	(-1, -1)	b' question'	-9.358027451624048
3279	(-1, -1)	b' oper'	-10.354655790836643
3280	(-1, -1)	b'\xe0\xa6\xbf\xe0\xa6'	-9.26307704378353
3281	(-1, -1)	b'Well'	-9.359398045000868
3282	(-1, -1)	b'off'	-9.93344232576034
3283	(-1, -1)	b'OR'	-9.482749358806453
3284	(-1, -1)	b' water'	-9.281514607769875
3285	(-1, -1)	b'owed'	-10.986826755582728
3286	(-1, -1)	b'\xe9\x95\x87'	-9.360617929263155
3287	(-1, -1)	b' hope'	-9.23378902910878
3288	(-1, -1)	b'\xe5\xad\xa3\xe5\xba\xa6'	-9.611600009447237
3289	(-1, -1)	b' story'	-9.361457463752458
3290	(-1, -1)	b'\xe6\x9c\x9d'	-9.361610182140048
3291	(-1, -1)	b' else'	-9.35779920191788
3292	(-1, -1)	b'osp'	-10.784060084857215
3293	(-1, -1)	b' \xd0\xb0'	-10.832731491233027
3294	(-1, -1)	b' grow'	-10.11560155806729
3295	(-1, -1)	b'\xe7\x94\x9f\xe4\xba\xa7'	-9.354798762894452
3296	(-1, -1)	b' sent'	-9.735727588702389
3297	(-1, -1)	b'ored'	-10.153647827243134
3298	(-1, -1)	b'\xe9\x85\x92'	-9.821750434588793
3299	(-1, -1)	b' system'	-9.366125899124409
3300	(-1, -1)	b' defin'	-10.48035504943951
3301	(-1, -1)	b'\xc4\x9f'	-9.616908973398756
3302	(-1, -1)	b' close'	-9.24752495114352
3303	(-1, -1)	b'ba'	-9.135036095729049
3304	(-1, -1)	b'ili'	-9.643479981728401
3305	(-1, -1)	b' six'	-9.364592861877972
3306	(-1, -1)	b' return'	-9.458900174623574
3307	(-1, -1)	b'\xe6\x9c\x88\xe4\xbb\xbd'	-9.368429870652763
3308	(-1, -1)	b'IG'	-10.86740726979585
3309	(-1, -1)	b' Comm'	-9.948229144192858
3310	(-1, -1)	b'ering'	-9.756535383532436
3311	(-1, -1)	b' John'	-9.730799697442064
3312	(-1, -1)	b'35'	-9.537810762395814
3313	(-1, -1)	b'verage'	-10.964957478106397
3314	(-1, -1)	b'ya'	-9.547466041375994
3315	(-1, -1)	b'\xe5\x85\xab'	-9.373092422690428
3316	(-1, -1)	b'\xe6\xac\xa7\xe5\x85\x83'	-9.820118471943054
3317	(-1, -1)	b'\xe4\xbf\x9d\xe6\x8c\x81'	-9.375373807203696
3318	(-1, -1)	b'\xe7\xad\x94'	-9.947405703536985
3319	(-1, -1)	b'\xe8\x8e\xb1'	-9.903261160172452
3320	(-1, -1)	b'\xe5\x91\xa2'	-9.376652109173197
3321	(-1, -1)	b' appro'	-10.290677878264002
3322	(-1, -1)	b'\xe6\x98\x8e\xe6\x98\xbe'	-9.377699209383273
3323	(-1, -1)	b' State'	-9.35305581004339
3324	(-1, -1)	b'29'	-9.377505219198568
3325	(-1, -1)	b'\xe5\xbc\x82'	-9.591986778184978
3326	(-1, -1)	b'\xe7\x91\x9e'	-9.56186943962067
3327	(-1, -1)	b'\xe7\x95\x99\xe5\xad\xa6'	-9.368660560030541
3328	(-1, -1)	b'\xe6\xa8\xa1\xe5\xbc\x8f'	-9.380146715509767
3329	(-1, -1)	b'\xeb\x8b'	-10.75119364248854
3330	(-1, -1)	b'\xe4\xba\x91'	-9.382093453392915
3331	(-1, -1)	b'\xe6\x9d\x9f'	-10.973533042808794
3332	(-1, -1)	b' Con'	-9.53394738463868
3333	(-1, -1)	b'\xe5\x85\xb6\xe5\xae\x9e'	-9.393026378373428
3334	(-1, -1)	b' class'	-9.587621530085617
3335	(-1, -1)	b'\xe5\xba\x86'	-9.751391368345658
3336	(-1, -1)	b'ned'	-10.242546301195791
3337	(-1, -1)	b' hum'	-10.739615207228669
3338	(-1, -1)	b'\xe6\xac\xa7\xe6\xb4\xb2'	-9.584562839113696
3339	(-1, -1)	b' X'	-9.385685383229912
3340	(-1, -1)	b'\xe4\xb8\xa4\xe4\xb8\xaa'	-9.331521413629755
3341	(-1, -1)	b'\xd0\xb8\xd0\xbb'	-9.433142685516714
3342	(-1, -1)	b'\xe6\xb4\x9b'	-9.386076588930855
3343	(-1, -1)	b'ief'	-10.540694824030732
3344	(-1, -1)	b'of'	-9.44034599312519
3345	(-1, -1)	b" wasn't"	-9.387760519543571
3346	(-1, -1)	b'She'	-9.378708565422226
3347	(-1, -1)	b' comment'	-9.38823096019832
3348	(-1, -1)	b'iter'	-10.232918057543445
3349	(-1, -1)	b' \xe0\xa4\xaa'	-9.932766147493993
3350	(-1, -1)	b' early'	-9.389761422578875
3351	(-1, -1)	b' everyone'	-9.385763612127706
3352	(-1, -1)	b'On'	-9.543382061855437
3353	(-1, -1)	b'\xe8\xa9'	-10.40811049673911
3354	(-1, -1)	b' girl'	-9.794657239047122
3355	(-1, -1)	b'\xe4\xb8\x93\xe5\xae\xb6'	-9.392396159351465
3356	(-1, -1)	b'\xe6\x92\xad'	-9.73384215588078
3357	(-1, -1)	b' local'	-9.301951819963078
3358	(-1, -1)	b'\xe7\x94\xb2'	-9.394011891412687
3359	(-1, -1)	b' claim'	-10.28402885352735
3360	(-1, -1)	b'ament'	-10.3060717909809
3361	(-1, -1)	b'ology'	-10.134774615689231
3362	(-1, -1)	b'-c'	-9.426153794292233
3363	(-1, -1)	b'\xe5\x8f\xb0\xe6\xb9\xbe'	-9.395985835993628
3364	(-1, -1)	b'\xe8\xaa\x9e'	-10.128096106305007
3365	(-1, -1)	b' fuck'	-9.361801112928218
3366	(-1, -1)	b'\xe8\xaf\xba'	-9.623634679974316
3367	(-1, -1)	b' area'	-9.39954878513098
3368	(-1, -1)	b'que'	-10.144918545691828
3369	(-1, -1)	b' Fe'	-10.56596488450385
3370	(-1, -1)	b'\xe7\x8e\xaf\xe5\xa2\x83'	-9.400659852266429
3371	(-1, -1)	b'ery'	-9.89288010523817
3372	(-1, -1)	b' face'	-9.223260329143889
3373	(-1, -1)	b'\xe6\x8e\xa5\xe5\x8f\x97'	-9.602085189805898
3374	(-1, -1)	b' Sunday'	-9.40232877103574
3375	(-1, -1)	b' 13'	-9.347205080887946
3376	(-1, -1)	b'Oh'	-9.401851652820655
3377	(-1, -1)	b'\xd0\xb4\xd0\xb0'	-9.715887957946382
3378	(-1, -1)	b' trad'	-11.0821951217191
3379	(-1, -1)	b'ison'	-9.78004564069084
3380	(-1, -1)	b'\xe8\xbf\xb0'	-9.843273735636469
3381	(-1, -1)	b'\xe9\x98\xb5'	-9.971494890296135
3382	(-1, -1)	b'\xe9\x9c\x87'	-10.132378415410283
3383	(-1, -1)	b'\xe6\x98\xaf\xe5\x90\xa6'	-9.382639219818437
3384	(-1, -1)	b'\xe9\x80\x80'	-9.406193856635564
3385	(-1, -1)	b'\xe4\xba\x92'	-9.90852536921015
3386	(-1, -1)	b'\xe4\xbf\x83'	-10.717149083366014
3387	(-1, -1)	b' price'	-9.34622701211946
3388	(-1, -1)	b' q'	-9.443490519693285
3389	(-1, -1)	b'\xe7\x81\xb5'	-9.626765661832826
3390	(-1, -1)	b'\xe5\xb0\x81'	-9.624677251745556
3391	(-1, -1)	b' children'	-9.40995371067084
3392	(-1, -1)	b'ract'	-10.483046841105221
3393	(-1, -1)	b'\xe8\xbe\x93'	-9.411437539220046
3394	(-1, -1)	b'\xe0\xa4\xb9'	-9.673589120121756
3395	(-1, -1)	b'\xe5\x87\xba\xe4\xba\x86'	-9.904903250593655
3396	(-1, -1)	b'\xe9\x9c\x80\xe6\xb1\x82'	-9.664915768598313
3397	(-1, -1)	b'\xe4\xbb\xa5\xe4\xb8\x8a'	-9.41982029092363
3398	(-1, -1)	b'ode'	-10.052545225560813
3399	(-1, -1)	b'unch'	-10.093608537420891
3400	(-1, -1)	b'\xe6\x9c\x80\xe9\xab\x98'	-9.423997525021692
3401	(-1, -1)	b'OL'	-9.439520126951148
3402	(-1, -1)	b'ified'	-9.67892386080718
3403	(-1, -1)	b" I'd"	-9.41316475942812
3404	(-1, -1)	b' shoot'	-10.272854485785047
3405	(-1, -1)	b'\xe8\x93\x9d'	-9.636921588732305
3406	(-1, -1)	b'\xe6\x89\xa9'	-10.47406352222003
3407	(-1, -1)	b' produc'	-10.642544027602113
3408	(-1, -1)	b' started'	-9.41465336383489
3409	(-1, -1)	b'\xe9\x86'	-10.145921890257606
3410	(-1, -1)	b' young'	-9.613808653501957
3411	(-1, -1)	b'\xe5\x87\xba\xe7\x9a\x84'	-10.23182356637253
3412	(-1, -1)	b'\xe6\x9c\x80\xe7\xbb\x88'	-9.418202756501639
3413	(-1, -1)	b'\xe4\xb9\x8b\xe5\x89\x8d'	-9.418566473695327
3414	(-1, -1)	b' ste'	-9.233654634054316
3415	(-1, -1)	b' organ'	-10.408545515778052
3416	(-1, -1)	b' played'	-9.419172963150894
3417	(-1, -1)	b'\xe5\xad\x98\xe5\x9c\xa8'	-9.423347488434246
3418	(-1, -1)	b'\xe6\x9c\x89\xe6\x95\x88'	-9.713387956644297
3419	(-1, -1)	b'\xe8\x88\xaa'	-9.617796547421522
3420	(-1, -1)	b'\xe4\xbb\x98'	-9.774144894655919
3421	(-1, -1)	b'book'	-10.505924624289014
3422	(-1, -1)	b'\xe6\x8e\xa8\xe8\x8d\x90'	-9.629457185164298
3423	(-1, -1)	b'\xe0\xa8\xb0'	-9.333004543304662
3424	(-1, -1)	b'\xe4\xba\xab'	-10.708155288868138
3425	(-1, -1)	b'Ch'	-9.219112804244274
3426	(-1, -1)	b'\xe5\x96\x9c\xe6\xac\xa2'	-9.422860238140377
3427	(-1, -1)	b'-0'	-9.810561674939175
3428	(-1, -1)	b'\xe5\xb7\xa6\xe5\x8f\xb3'	-9.423103833610705
3429	(-1, -1)	b'\xe5\x88\xba'	-10.02481680821102
3430	(-1, -1)	b'\xe4\xb9\x85'	-9.696434293130672
3431	(-1, -1)	b'\xe1\x8b\x8d'	-9.485597994683316
3432	(-1, -1)	b'\xe5\x90\xaf'	-10.37780352439274
3433	(-1, -1)	b'\xe5\xb9\xb3\xe5\x9d\x87'	-9.42330687517401
3434	(-1, -1)	b'eder'	-10.878309861134065
3435	(-1, -1)	b' 100'	-9.429907828161925
3436	(-1, -1)	b' Friday'	-9.411236893138993
3437	(-1, -1)	b'\xe9\xb9'	-10.894447731091585
3438	(-1, -1)	b'ron'	-9.190873867093954
3439	(-1, -1)	b'arge'	-10.935601345578402
3440	(-1, -1)	b'Thanks'	-9.426398193478786
3441	(-1, -1)	b' tax'	-9.645810985114876
3442	(-1, -1)	b'Al'	-9.67693308060233
3443	(-1, -1)	b'\xe0\xae\xbe\xe0\xae'	-9.651101195326385
3444	(-1, -1)	b'\xe5\x90\xab'	-9.649012288694937
3445	(-1, -1)	b'4.'	-9.96442326971859
3446	(-1, -1)	b'-s'	-9.383458428352812
3447	(-1, -1)	b'\xe6\xad\xa3\xe5\xbc\x8f'	-9.428804639016558
3448	(-1, -1)	b'\xe0\xb6\xad'	-9.950497108465225
3449	(-1, -1)	b' important'	-9.428151471129194
3450	(-1, -1)	b' form'	-9.304256632276946
3451	(-1, -1)	b'\xe4\xbc\xa6'	-9.623535444090539
3452	(-1, -1)	b'\xd0\xbe\xd0\xb2'	-9.376419569058978
3453	(-1, -1)	b'\xe4\xb8\x80\xe6\xac\xa1'	-9.14344271764876
3454	(-1, -1)	b'45'	-9.496986946300645
3455	(-1, -1)	b' along'	-9.43056214462906
3456	(-1, -1)	b'\xe4\xbd\x8d\xe4\xba\x8e'	-9.431462529399719
3457	(-1, -1)	b'\xe8\xb0\x83\xe6\x9f\xa5'	-9.430889463481456
3458	(-1, -1)	b'\xe5\xae\x89\xe5\x85\xa8'	-9.430807623723657
3459	(-1, -1)	b'joy'	-10.719967031096525
3460	(-1, -1)	b'\xe6\x8a\xa2'	-9.431094092183393
3461	(-1, -1)	b'\xe7\x9b\x9b'	-9.431135022949007
3462	(-1, -1)	b'lin'	-9.57890033677175
3463	(-1, -1)	b'ium'	-9.31962506133527
3464	(-1, -1)	b'\xe0\xa7\x87\xe0\xa6'	-9.734285467425222
3465	(-1, -1)	b'\xe4\xb8\x83'	-9.434866753100287
3466	(-1, -1)	b'\xe8\xbf\x87\xe7\xa8\x8b'	-10.19398870894369
3467	(-1, -1)	b' wrong'	-9.437376061477995
3468	(-1, -1)	b'31'	-9.351013603751591
3469	(-1, -1)	b'\xe6\xb2\x99'	-9.437623219165857
3470	(-1, -1)	b' On'	-9.525860052060338
3471	(-1, -1)	b' foot'	-10.225100546591761
3472	(-1, -1)	b'AS'	-9.376690871116725
3473	(-1, -1)	b' third'	-9.43894242618407
3474	(-1, -1)	b' hours'	-9.439272500041092
3475	(-1, -1)	b'\xe5\x8e\x9f\xe5\x9b\xa0'	-9.788143322642822
3476	(-1, -1)	b' guess'	-9.43840628842507
3477	(-1, -1)	b'\xe5\xbb\xba\xe7\xad\x91'	-9.439891682327495
3478	(-1, -1)	b' strong'	-9.423672453909523
3479	(-1, -1)	b' 16'	-9.460500646683188
3480	(-1, -1)	b'uu'	-9.695847422998856
3481	(-1, -1)	b' low'	-9.403880979263652
3482	(-1, -1)	b'\xe6\x88\x90\xe5\x8a\x9f'	-9.441296583182512
3483	(-1, -1)	b'\xe4\xb8\x80\xe6\xa0\xb7'	-9.600386943443212
3484	(-1, -1)	b'\xd8\x8c'	-9.4418342731965
3485	(-1, -1)	b'\xe6\xb1\x89'	-9.662178799759188
3486	(-1, -1)	b' \xe0\xa4\xae'	-9.751504139701854
3487	(-1, -1)	b'go'	-9.02953860315162
3488	(-1, -1)	b'\xe5\x8d\xb1\xe6\x9c\xba'	-9.910506614079607
3489	(-1, -1)	b'\xe9\xb8'	-10.602662681538499
3490	(-1, -1)	b'-p'	-10.048363186997916
3491	(-1, -1)	b'\xe3\x81\xae'	-9.4424964426533
3492	(-1, -1)	b'\xe6\x83\x8a'	-9.67473734571764
3493	(-1, -1)	b' Man'	-9.338959157103151
3494	(-1, -1)	b'\xe9\x80\x90'	-10.6860902334279
3495	(-1, -1)	b' likely'	-9.443200478463963
3496	(-1, -1)	b' cut'	-9.293712475482971
3497	(-1, -1)	b' ni'	-9.338474019109197
3498	(-1, -1)	b' Car'	-9.563176446295083
3499	(-1, -1)	b' media'	-9.382210378268816
3500	(-1, -1)	b' across'	-9.44523253589491
3501	(-1, -1)	b'\xd0\xb6'	-9.676880745131953
3502	(-1, -1)	b'\xe0\xb8\x81'	-9.686504041336157
3503	(-1, -1)	b'\xe6\xaf\x95'	-11.086042924670869
3504	(-1, -1)	b'\xe6\xb6\x88\xe8\xb4\xb9\xe8\x80\x85'	-9.446021588864689
3505	(-1, -1)	b'Not'	-9.504182484542202
3506	(-1, -1)	b'\xd9\x88\xd8\xb1'	-9.609885541369485
3507	(-1, -1)	b'ey'	-9.292714044363088
3508	(-1, -1)	b' reported'	-9.663365621023912
3509	(-1, -1)	b'\xe1\x8b\xad'	-9.447185539777607
3510	(-1, -1)	b'\xe7\xa7\x81'	-9.774202576425612
3511	(-1, -1)	b' My'	-9.422292079365302
3512	(-1, -1)	b'\xe9\xa1\xba'	-9.794716116258714
3513	(-1, -1)	b'\xe7\x8a\xaf'	-10.383303855585785
3514	(-1, -1)	b'\xe5\xa6\x82\xe4\xbd\x95'	-9.450936012982396
3515	(-1, -1)	b'\xe6\xa0\x87\xe5\x87\x86'	-9.45127007010927
3516	(-1, -1)	b' City'	-9.451604238867603
3517	(-1, -1)	b'\xe7\x88\xb6'	-10.865687578916322
3518	(-1, -1)	b' ball'	-9.43326573467501
3519	(-1, -1)	b' Pol'	-10.241073140078619
3520	(-1, -1)	b'\xe5\xbc\xb9'	-10.049653950625741
3521	(-1, -1)	b'\xe7\xac\xac\xe4\xb8\x89'	-9.453151223601747
3522	(-1, -1)	b'\xe5\xb9\x95'	-9.76467268054603
3523	(-1, -1)	b" there's"	-9.454826336016561
3524	(-1, -1)	b' pot'	-10.567493936789528
3525	(-1, -1)	b'ify'	-10.050033904275967
3526	(-1, -1)	b'\xe5\xb9\xb6\xe4\xb8\x8d'	-9.453109381722204
3527	(-1, -1)	b'\xe8\xb5\x84\xe4\xba\xa7'	-9.45948952425124
3528	(-1, -1)	b' process'	-9.460880081330124
3529	(-1, -1)	b' House'	-9.453360459264637
3530	(-1, -1)	b'\xe5\x8f\xa6\xe5\xa4\x96'	-9.461006591545992
3531	(-1, -1)	b'ended'	-9.834290165497174
3532	(-1, -1)	b' court'	-9.326200286596553
3533	(-1, -1)	b' saw'	-9.454994001691599
3534	(-1, -1)	b' quarter'	-9.608516080136189
3535	(-1, -1)	b'\xe8\x80\x83\xe8\x99\x91'	-9.705655889681928
3536	(-1, -1)	b'\xe5\x88\xbb'	-9.814277369014025
3537	(-1, -1)	b'\xe5\x9c\xb0\xe6\x96\xb9'	-9.930470555371183
3538	(-1, -1)	b'ality'	-10.565201234218554
3539	(-1, -1)	b'\xe8\xbf\x8e'	-10.573761945798244
3540	(-1, -1)	b' Im'	-10.370551403691604
3541	(-1, -1)	b'\xe5\xae\x8c\xe6\x88\x90'	-9.464513069442239
3542	(-1, -1)	b' sn'	-9.781845925738178
3543	(-1, -1)	b'For'	-9.352223296561567
3544	(-1, -1)	b'era'	-10.584080623707807
3545	(-1, -1)	b'ensive'	-10.519809544008233
3546	(-1, -1)	b'\xe9\x99\xa4\xe4\xba\x86'	-9.454197839986822
3547	(-1, -1)	b' bar'	-9.138817971652966
3548	(-1, -1)	b'\xe9\x9a\x8f\xe7\x9d\x80'	-9.467904483943824
3549	(-1, -1)	b'\xe0\xb9\x89'	-9.46807435696415
3550	(-1, -1)	b'\xe4\xba\xa7\xe4\xb8\x9a'	-9.457218229899421
3551	(-1, -1)	b' short'	-9.366854915943266
3552	(-1, -1)	b'\xe7\x89\x99'	-10.662115753722968
3553	(-1, -1)	b'\xe7\xbb\x93\xe6\x9e\x9c'	-9.468839142861388
3554	(-1, -1)	b'\xe6\xad\xa3\xe5\x9c\xa8'	-9.475235207647769
3555	(-1, -1)	b' data'	-9.388937036405427
3556	(-1, -1)	b'\xe6\x97\x85'	-9.956293426101228
3557	(-1, -1)	b'\xe6\x97\x97'	-10.317923781567915
3558	(-1, -1)	b'pect'	-10.170823659737323
3559	(-1, -1)	b'\xe6\x93\x8d'	-10.612885140288173
3560	(-1, -1)	b' Ex'	-9.786098152911347
3561	(-1, -1)	b'\xe5\x93\x88'	-9.473312089039723
3562	(-1, -1)	b' \xe0\xa4\xb9'	-10.36324753148919
3563	(-1, -1)	b' coming'	-9.472714538977126
3564	(-1, -1)	b'itch'	-9.556148094618873
3565	(-1, -1)	b'\xe7\xac\x91'	-9.477590719561528
3566	(-1, -1)	b' nothing'	-9.477805132392813
3567	(-1, -1)	b'iam'	-10.427987063922194
3568	(-1, -1)	b'\xe5\x80\x9f'	-9.752068187322426
3569	(-1, -1)	b'\xe4\xb8\x8d\xe5\xb0\x91'	-9.470242771257976
3570	(-1, -1)	b' ap'	-10.780740186147545
3571	(-1, -1)	b' \xd1\x83'	-9.635213388960022
3572	(-1, -1)	b'\xe8\xb4\xad\xe4\xb9\xb0'	-9.479264360119558
3573	(-1, -1)	b' Not'	-9.53190809360498
3574	(-1, -1)	b' gun'	-9.751616923776862
3575	(-1, -1)	b'\xe5\xb0\x84'	-9.480510680413252
3576	(-1, -1)	b'\xe4\xb8\xad\xe5\xa4\xae'	-9.480166712742822
3577	(-1, -1)	b'\xe7\xa7\x98'	-9.826297688309014
3578	(-1, -1)	b' join'	-10.126946303287399
3579	(-1, -1)	b' Ser'	-10.150617521893954
3580	(-1, -1)	b' star'	-9.703181306677267
3581	(-1, -1)	b'\xe5\xa1\x94'	-9.482189219187784
3582	(-1, -1)	b'\xe8\xbf\x99\xe6\xa0\xb7\xe7\x9a\x84'	-9.46201924986038
3583	(-1, -1)	b' anyone'	-9.480553684692184
3584	(-1, -1)	b'ature'	-9.78074214080606
3585	(-1, -1)	b'ony'	-9.521997656169157
3586	(-1, -1)	b'\xe4\xb8\x8d\xe4\xbb\x85'	-9.631155572105344
3587	(-1, -1)	b'\xe6\x9b\xb4\xe5\x8a\xa0'	-9.495108847432336
3588	(-1, -1)	b' equ'	-10.313660651133722
3589	(-1, -1)	b'\xe5\xb1\x8a'	-9.48391372920775
3590	(-1, -1)	b'\xd0\xbe\xd0\xbb'	-9.547603994610068
3591	(-1, -1)	b'aster'	-10.243468130169624
3592	(-1, -1)	b'\xe6\x89\x8b\xe6\x9c\xba'	-9.68687399086869
3593	(-1, -1)	b' indust'	-10.7761736086503
3594	(-1, -1)	b' compet'	-10.382137798316862
3595	(-1, -1)	b'\xd2\xaf'	-9.718994481413684
3596	(-1, -1)	b' pick'	-9.526805465749213
3597	(-1, -1)	b'acy'	-9.491711039667782
3598	(-1, -1)	b'\xe6\x94\xb6\xe5\x85\xa5'	-9.487025361434446
3599	(-1, -1)	b'\xe6\x9c\xab'	-9.886728630535442
3600	(-1, -1)	b'\xe6\x9c\x89\xe9\x99\x90'	-10.825443070696817
3601	(-1, -1)	b' TH'	-10.323902872623972
3602	(-1, -1)	b'\xe6\x82\xa8'	-9.488194724265027
3603	(-1, -1)	b'\xe7\x8e\xb0\xe5\x9c\xba'	-9.48706864679318
3604	(-1, -1)	b' comes'	-9.490537560166798
3605	(-1, -1)	b'head'	-10.37738167245651
3606	(-1, -1)	b'\xe0\xb7\x94'	-9.491319726808161
3607	(-1, -1)	b'\xe4\xb9\x8b\xe9\x97\xb4'	-9.938868275046337
3608	(-1, -1)	b'\xe6\x9b\xbc'	-9.491885005657869
3609	(-1, -1)	b' community'	-9.492972979305671
3610	(-1, -1)	b'\xe5\x87\x86\xe5\xa4\x87'	-9.492755289860574
3611	(-1, -1)	b'Is'	-9.50757882241208
3612	(-1, -1)	b' together'	-9.494105728958445
3613	(-1, -1)	b'enn'	-9.37336282346465
3614	(-1, -1)	b' members'	-9.585995435700813
3615	(-1, -1)	b'\xe8\xbf\x9b\xe4\xb8\x80\xe6\xad\xa5'	-9.49484706732613
3616	(-1, -1)	b'\xe8\xaf\xbe'	-9.99553074838898
3617	(-1, -1)	b' American'	-9.490320400184187
3618	(-1, -1)	b'\xe5\xbd\x93\xe6\x97\xb6'	-9.500622119470474
3619	(-1, -1)	b' col'	-10.19381317796202
3620	(-1, -1)	b' view'	-9.747171596703021
3621	(-1, -1)	b' others'	-9.4968995146066
3622	(-1, -1)	b'\xe7\xa8\xb3\xe5\xae\x9a'	-9.497293017442711
3623	(-1, -1)	b'\x90\xe1\x80'	-11.050486428471833
3624	(-1, -1)	b' statement'	-9.498430673993171
3625	(-1, -1)	b'\xe5\x8f\xaa\xe6\x98\xaf'	-9.455790797774936
3626	(-1, -1)	b' nice'	-9.457344277671693
3627	(-1, -1)	b'oes'	-10.377909015188765
3628	(-1, -1)	b' thanks'	-9.50013958924814
3629	(-1, -1)	b'\xe6\xad\x8c'	-9.79819602186133
3630	(-1, -1)	b' press'	-10.094084992603413
3631	(-1, -1)	b' At'	-9.841544592983686
3632	(-1, -1)	b' everything'	-9.501412216956927
3633	(-1, -1)	b'\xe5\x90\xb4'	-9.502642499637702
3634	(-1, -1)	b' death'	-9.502774405457139
3635	(-1, -1)	b'\xe0\xa5\xa4'	-9.503918318644482
3636	(-1, -1)	b'\xd0\xbe\xd1\x80'	-9.328413982896075
3637	(-1, -1)	b'\xe9\x99\x84'	-10.292419701812573
3638	(-1, -1)	b'\xe4\xb8\x80\xe8\x88\xac'	-9.459447416328628
3639	(-1, -1)	b'\xe5\x8d\x80'	-9.505504361800117
3640	(-1, -1)	b'\xe9\x81\xbf'	-10.078246042042412
3641	(-1, -1)	b' seem'	-9.836866221877585
3642	(-1, -1)	b'\xe5\x8f\x82\xe5\x8a\xa0'	-9.507711381014223
3643	(-1, -1)	b'\xe5\x8f\x91\xe5\xb8\x83'	-9.807694460741477
3644	(-1, -1)	b'\xe9\xa1\xbf'	-9.50877248289113
3645	(-1, -1)	b'\xe4\xb8\x9a\xe5\x8a\xa1'	-9.502115050282587
3646	(-1, -1)	b'\xe6\x97\xb6\xe5\xb0\x9a'	-9.509391979348838
3647	(-1, -1)	b'\xe9\xa1\xbe'	-9.750771353107242
3648	(-1, -1)	b' taking'	-9.50974614970848
3649	(-1, -1)	b'\xe9\x9b\x86\xe5\x9b\xa2'	-9.510809414029811
3650	(-1, -1)	b'\xe8\x80\x83\xe7\x94\x9f'	-9.511873810085598
3651	(-1, -1)	b' seems'	-9.511297121592294
3652	(-1, -1)	b'\xe8\xb4\x9f\xe8\xb4\xa3'	-10.340328898215882
3653	(-1, -1)	b'add'	-9.937237396728893
3654	(-1, -1)	b' 25'	-9.513028185741028
3655	(-1, -1)	b'vent'	-10.00333425619621
3656	(-1, -1)	b'\xe5\x8f\x98\xe5\x8c\x96'	-9.515385471063265
3657	(-1, -1)	b'\xe3\x80\x90'	-9.515296415938083
3658	(-1, -1)	b'\xe3\x80\x91'	-9.515340942509322
3659	(-1, -1)	b' either'	-9.515964522770943
3660	(-1, -1)	b'ilar'	-10.811511844814298
3661	(-1, -1)	b'\xe5\xbb\xb6'	-9.849473767897395
3662	(-1, -1)	b' sell'	-9.86849804279939
3663	(-1, -1)	b' anal'	-10.326504955757493
3664	(-1, -1)	b'\xe9\x94\x8b'	-10.181428578714517
3665	(-1, -1)	b'let'	-9.954495734958172
3666	(-1, -1)	b' wanted'	-9.517926881798674
3667	(-1, -1)	b'\xd0\xbe\xd0\xbd'	-9.427294835208242
3668	(-1, -1)	b'\xe9\xa6\x86'	-9.518954195018534
3669	(-1, -1)	b' break'	-9.51583086569026
3670	(-1, -1)	b'\xe5\x86\xb3\xe5\xae\x9a'	-9.51935647460827
3671	(-1, -1)	b'\xe6\x99\xba'	-9.901097721429128
3672	(-1, -1)	b'\xe5\x93\xa5'	-9.519803641811535
3673	(-1, -1)	b'\xe6\x8c\x81\xe7\xbb\xad'	-9.519401182331535
3674	(-1, -1)	b'\xe5\xbf\x85\xe9\xa1\xbb'	-9.52011677787171
3675	(-1, -1)	b' almost'	-9.521056774807603
3676	(-1, -1)	b' mind'	-9.521191132243368
3677	(-1, -1)	b'\xe7\x94\xb5\xe8\xaf\x9d'	-9.521639120782355
3678	(-1, -1)	b'\xe9\xa4'	-11.091411776824025
3679	(-1, -1)	b'\xe4\xb8\xaa\xe6\x9c\x88'	-9.846989140244874
3680	(-1, -1)	b'ances'	-10.892680946179699
3681	(-1, -1)	b'\xc9\x99r'	-10.08114289276659
3682	(-1, -1)	b'\xe8\xa7\x84\xe5\xae\x9a'	-9.522580550480022
3683	(-1, -1)	b'\xe6\x9d\xaf'	-9.958094354758654
3684	(-1, -1)	b' check'	-9.321457369089188
3685	(-1, -1)	b'\xe9\x9f\xa9'	-10.334352078519291
3686	(-1, -1)	b' Af'	-10.626995432853159
3687	(-1, -1)	b'\xe5\x83\x8f\xe7\xb4\xa0'	-10.926430334858084
3688	(-1, -1)	b' Jan'	-10.426103302491963
3689	(-1, -1)	b'\xe6\x95\x88\xe6\x9e\x9c'	-9.516142760005174
3690	(-1, -1)	b'\xe5\xa4\x84\xe7\x90\x86'	-9.526490228530598
3691	(-1, -1)	b'ocr'	-10.677797363482785
3692	(-1, -1)	b'\xe9\x95\x9c\xe5\xa4\xb4'	-9.52770669147712
3693	(-1, -1)	b' cloud'	-11.09637670877154
3694	(-1, -1)	b' shot'	-9.528338033098992
3695	(-1, -1)	b' future'	-9.446520259087789
3696	(-1, -1)	b'ple'	-10.410069574422716
3697	(-1, -1)	b' order'	-9.391058261225641
3698	(-1, -1)	b'\xe8\xb5\xb7\xe6\x9d\xa5'	-9.641154399284925
3699	(-1, -1)	b'\xe6\xa2\xa6'	-9.814037229732088
3700	(-1, -1)	b'\xe5\x81\x8f'	-9.756705417823094
3701	(-1, -1)	b' 17'	-9.537765224018338
3702	(-1, -1)	b'\xe7\x9a\x84\xe6\x96\xb0'	-10.018610656041524
3703	(-1, -1)	b'itive'	-10.564183940132857
3704	(-1, -1)	b'\xe4\xbc\xb0'	-11.065060910896621
3705	(-1, -1)	b'ands'	-11.093999100388976
3706	(-1, -1)	b'\xe9\x94\xae'	-10.743105082555807
3707	(-1, -1)	b'\xe0\xb8\xb1'	-9.53494588696827
3708	(-1, -1)	b'\xe4\xbc\x8a'	-9.535445512259702
3709	(-1, -1)	b' invol'	-10.369818611196106
3710	(-1, -1)	b'erv'	-9.740345249693382
3711	(-1, -1)	b'aut'	-10.70200952764539
3712	(-1, -1)	b' complete'	-10.31752644372619
3713	(-1, -1)	b' eng'	-10.2391429037148
3714	(-1, -1)	b'\xe5\xb2\x9b'	-9.538402950091061
3715	(-1, -1)	b'\xe6\x96\x97'	-10.150281387437008
3716	(-1, -1)	b' house'	-9.392632444943082
3717	(-1, -1)	b'\xe9\x81\xad'	-10.012076844301083
3718	(-1, -1)	b'ference'	-10.779793664543513
3719	(-1, -1)	b'\xe6\x84\x9f\xe8\xa7\x89'	-9.960662819604773
3720	(-1, -1)	b' available'	-9.540957929124897
3721	(-1, -1)	b' food'	-9.541003613128652
3722	(-1, -1)	b'\xe5\xae\x8c\xe5\x85\xa8'	-9.541597695175142
3723	(-1, -1)	b' guys'	-9.542878456488266
3724	(-1, -1)	b'\xe6\x9d\xa8'	-9.543336269067794
3725	(-1, -1)	b'\xe8\x9b'	-10.119015917940672
3726	(-1, -1)	b'\xe5\xb1\x8f'	-10.220944039297393
3727	(-1, -1)	b' Saturday'	-9.544619260446131
3728	(-1, -1)	b' York'	-9.491537103936595
3729	(-1, -1)	b' possible'	-9.544390034084095
3730	(-1, -1)	b'My'	-9.538585232264369
3731	(-1, -1)	b' fight'	-9.605929009159668
3732	(-1, -1)	b'ged'	-9.497905440908921
3733	(-1, -1)	b'aps'	-10.010541363430539
3734	(-1, -1)	b" That's"	-9.54659277922697
3735	(-1, -1)	b'\xe5\x9c\xba\xe6\xaf\x94\xe8\xb5\x9b'	-9.893984898201882
3736	(-1, -1)	b' share'	-9.54677656052774
3737	(-1, -1)	b'fer'	-10.71818635099995
3738	(-1, -1)	b' stuff'	-9.548386089283383
3739	(-1, -1)	b" won't"	-9.548616233584875
3740	(-1, -1)	b'ches'	-10.21062773340678
3741	(-1, -1)	b' custom'	-10.951762187687565
3742	(-1, -1)	b'\xe6\x9d\xa5\xe7\x9c\x8b'	-9.555359908102421
3743	(-1, -1)	b'\xe8\x80\x83\xe8\xaf\x95'	-9.549168796107569
3744	(-1, -1)	b' dist'	-9.532134476237871
3745	(-1, -1)	b'\xe8\xbf\x91\xe6\x9c\x9f'	-9.550874455158866
3746	(-1, -1)	b'\xe6\x8a\xa5\xe5\x91\x8a'	-9.770287775801235
3747	(-1, -1)	b' bring'	-9.612924610420954
3748	(-1, -1)	b'back'	-9.610228199913601
3749	(-1, -1)	b'itter'	-10.678367082911384
3750	(-1, -1)	b' taken'	-9.552074769231236
3751	(-1, -1)	b'\xe7\xbb\x84\xe7\xbb\x87'	-9.552536812394287
3752	(-1, -1)	b'\xd8\xad'	-9.548524169508212
3753	(-1, -1)	b'\xe1\x88\xb5'	-9.553369028448607
3754	(-1, -1)	b'\xe4\xb9\x9f\xe6\x9c\x89'	-9.700552056108334
3755	(-1, -1)	b'\xe7\x83\x88'	-10.34012570813086
3756	(-1, -1)	b'\xe0\xa5\x8d\xe0\xa4\xb0'	-9.974027605875419
3757	(-1, -1)	b'\xe0\xaa\xb0'	-9.694142120160869
3758	(-1, -1)	b' viol'	-10.181341904824972
3759	(-1, -1)	b'UR'	-10.507604691886884
3760	(-1, -1)	b'\xe5\x98\x89'	-9.776686045315884
3761	(-1, -1)	b'2011'	-9.535536380047134
3762	(-1, -1)	b'atic'	-9.757102276971654
3763	(-1, -1)	b' minutes'	-9.555916210559863
3764	(-1, -1)	b' sum'	-10.480705742061025
3765	(-1, -1)	b' lower'	-9.510986734714733
3766	(-1, -1)	b'\xe8\x97\x8f'	-9.557076168931426
3767	(-1, -1)	b'-1'	-9.464428431270372
3768	(-1, -1)	b'\xe6\xb6\xa6'	-10.55167983026144
3769	(-1, -1)	b'\xe8\xaf\x81\xe5\x88\xb8'	-9.56009837278935
3770	(-1, -1)	b'\xe6\xb3\xa8\xe6\x84\x8f'	-9.56009837278935
3771	(-1, -1)	b'\xe5\xad\xa6\xe4\xb9\xa0'	-9.557215454397213
3772	(-1, -1)	b' means'	-9.560750506220325
3773	(-1, -1)	b'\xe8\xbd\xbd'	-10.270388159359385
3774	(-1, -1)	b' whole'	-9.517212851065018
3775	(-1, -1)	b'\xe8\xb6\xa3'	-10.16714262146704
3776	(-1, -1)	b'\xe0\xb6\xb8'	-9.562102708417362
3777	(-1, -1)	b'erm'	-9.814817893335766
3778	(-1, -1)	b'\xe0\xab\x8b'	-10.239785901945744
3779	(-1, -1)	b'\xe6\xa9'	-10.360340854471252
3780	(-1, -1)	b'\xe9\xa2\x84\xe8\xae\xa1'	-9.563456741541243
3781	(-1, -1)	b'\xe5\x8f\x91\xe8\xa1\x8c'	-9.532406203063509
3782	(-1, -1)	b'\xe6\xb0\xb8'	-9.852463492952133
3783	(-1, -1)	b'not'	-10.293679575022782
3784	(-1, -1)	b' asked'	-9.565374197992165
3785	(-1, -1)	b' \xd8\xb1'	-10.461024625208587
3786	(-1, -1)	b'uz'	-9.622940235501964
3787	(-1, -1)	b'ape'	-9.773452972815479
3788	(-1, -1)	b'onald'	-10.652490234752443
3789	(-1, -1)	b'\xe9\x9b\x84'	-10.158718832024691
3790	(-1, -1)	b' series'	-9.568938261040817
3791	(-1, -1)	b'\xe8\xb8'	-10.520904368033412
3792	(-1, -1)	b'\xe9\xa2\x84\xe6\x9c\x9f'	-9.569502170830196
3793	(-1, -1)	b'\xd8\xb3\xd8\xaa'	-10.190921356291142
3794	(-1, -1)	b'\xe9\x9d\xa0'	-9.57011343216344
3795	(-1, -1)	b'\xe5\xb9\xb3\xe6\x96\xb9\xe7\xb1\xb3'	-9.914945618287922
3796	(-1, -1)	b'\xe7\x81\xaf'	-9.570207505540743
3797	(-1, -1)	b' several'	-9.568891282909128
3798	(-1, -1)	b' certain'	-10.123995723325283
3799	(-1, -1)	b' impro'	-11.098759983651112
3800	(-1, -1)	b' lat'	-10.70026051102113
3801	(-1, -1)	b'\xe9\x9d\xa2\xe7\xa7\xaf'	-9.57110164428593
3802	(-1, -1)	b'\xe8\x8b\xb1\xe8\xaf\xad'	-9.571478363069817
3803	(-1, -1)	b'\xe0\xb8\x87'	-9.958302363079735
3804	(-1, -1)	b'ini'	-9.623386608726983
3805	(-1, -1)	b'\xe5\x9c\x9f\xe5\x9c\xb0'	-9.570442727709166
3806	(-1, -1)	b' design'	-9.938528289322463
3807	(-1, -1)	b'\xe5\x80\x8b'	-10.010833654261996
3808	(-1, -1)	b'hi'	-9.52379226385615
3809	(-1, -1)	b'\xe4\xbc\x91'	-10.256370337273797
3810	(-1, -1)	b' mess'	-10.745083021580268
3811	(-1, -1)	b' je'	-9.347769786785307
3812	(-1, -1)	b' expected'	-9.57586816502612
3813	(-1, -1)	b'//'	-9.590785634551965
3814	(-1, -1)	b'\xe7\xbd\xaa'	-10.189347516672758
3815	(-1, -1)	b' April'	-9.575347935167382
3816	(-1, -1)	b' special'	-9.552583028454377
3817	(-1, -1)	b'ev'	-8.899272362760534
3818	(-1, -1)	b'\xe4\xbd\xa0\xe7\x9a\x84'	-9.715670318248042
3819	(-1, -1)	b'.6'	-9.812717493487751
3820	(-1, -1)	b' Europe'	-10.247441706529495
3821	(-1, -1)	b'\xe5\xb0\xa4'	-10.713010738707364
3822	(-1, -1)	b'300'	-9.506872139815647
3823	(-1, -1)	b'.8'	-9.856150651458695
3824	(-1, -1)	b'\xe5\xae\xa2\xe5\x9c\xba'	-9.579754794243275
3825	(-1, -1)	b' forward'	-9.580372356791107
3826	(-1, -1)	b'\xe7\x8a\xb6\xe6\x80\x81'	-9.580657514342587
3827	(-1, -1)	b'\xe0\xb1\x81\xe0\xb0'	-9.732402749110635
3828	(-1, -1)	b' Fl'	-10.102940609133952
3829	(-1, -1)	b' \xe1\x8a\xa5'	-9.988430636086093
3830	(-1, -1)	b' late'	-9.4745937570923
3831	(-1, -1)	b'\xe7\xb5'	-10.405612803091167
3832	(-1, -1)	b'36'	-9.881641854813761
3833	(-1, -1)	b'\xe7\x9a\x84\xe9\xab\x98'	-10.291354893619422
3834	(-1, -1)	b'esome'	-10.897458447967749
3835	(-1, -1)	b' heard'	-9.582941706827127
3836	(-1, -1)	b'\xe4\xbb\xbb\xe4\xbd\x95'	-9.583561241243016
3837	(-1, -1)	b'me'	-9.007699651319955
3838	(-1, -1)	b'ails'	-10.572735910053494
3839	(-1, -1)	b' course'	-9.506827988730626
3840	(-1, -1)	b'\xeb\x8b\xa4'	-10.066896417723903
3841	(-1, -1)	b' employ'	-10.057204034155243
3842	(-1, -1)	b' expect'	-9.473696417004312
3843	(-1, -1)	b'\xe5\xb1\x9e\xe4\xba\x8e'	-9.5852311287944
3844	(-1, -1)	b'\xe7\xba\xb7'	-10.989156853724351
3845	(-1, -1)	b'\xe6\x81\xa9'	-9.585326635217278
3846	(-1, -1)	b'\xe6\x8d\x9f'	-10.443073677383302
3847	(-1, -1)	b'idence'	-10.97047552083964
3848	(-1, -1)	b' Dr'	-9.341874938018316
3849	(-1, -1)	b' white'	-9.531727024390777
3850	(-1, -1)	b' goal'	-9.58122807350603
3851	(-1, -1)	b'\xe5\x87\xaf'	-9.81080098095288
3852	(-1, -1)	b' \xd0\xb7'	-10.451554533326107
3853	(-1, -1)	b'\xe5\x95\x86\xe4\xb8\x9a'	-9.591410049183555
3854	(-1, -1)	b' yn'	-9.554016786764876
3855	(-1, -1)	b' morning'	-9.589921703612701
3856	(-1, -1)	b' Thanks'	-9.590689605359016
3857	(-1, -1)	b'\xe5\xae\x9e\xe9\x99\x85'	-10.055292060799278
3858	(-1, -1)	b' proper'	-10.258240545411955
3859	(-1, -1)	b' behind'	-9.590833652606763
3860	(-1, -1)	b'\xe7\xa7\x91\xe5\xad\xa6'	-10.069373007489093
3861	(-1, -1)	b'\xe8\xbf\xaa'	-9.591217880074147
3862	(-1, -1)	b'\xe7\xa8\x8e'	-9.592034853952397
3863	(-1, -1)	b'\xe4\xb8\x8a\xe5\xb8\x82'	-9.945692376866278
3864	(-1, -1)	b' hon'	-10.40658941865357
3865	(-1, -1)	b' due'	-9.54834006677837
3866	(-1, -1)	b' become'	-9.592660049346314
3867	(-1, -1)	b'sw'	-11.134533283711388
3868	(-1, -1)	b'\xe8\xb4\xb5'	-9.593044979341926
3869	(-1, -1)	b'\xe7\x9b\xb4\xe6\x8e\xa5'	-9.58170378827643
3870	(-1, -1)	b'\xe0\xb6\x9a'	-10.08114289276659
3871	(-1, -1)	b'\xd2\x9b'	-10.091704983546602
3872	(-1, -1)	b' Cal'	-10.272284793403516
3873	(-1, -1)	b'\xe9\x80\xa0\xe6\x88\x90'	-9.602328032032498
3874	(-1, -1)	b' fall'	-9.826176159476148
3875	(-1, -1)	b' ta'	-9.230836502219745
3876	(-1, -1)	b' Bar'	-9.504666970006104
3877	(-1, -1)	b' party'	-9.596322880565655
3878	(-1, -1)	b'\xe5\x90\x97'	-9.5972406885184
3879	(-1, -1)	b' worth'	-9.597337348902217
3880	(-1, -1)	b'\xe5\xaf\xbc\xe6\xbc\x94'	-9.59840123023473
3881	(-1, -1)	b'ills'	-10.809398194730596
3882	(-1, -1)	b'\xe7\xac\x94'	-9.890155838132006
3883	(-1, -1)	b'EN'	-9.915344104047328
3884	(-1, -1)	b'\xe6\x9a\xb4'	-9.599175673642266
3885	(-1, -1)	b" wouldn't"	-9.59946624461627
3886	(-1, -1)	b'\xe6\x80\xa5'	-9.599563120373189
3887	(-1, -1)	b'\xe0\xa4\xbe\xe0\xa4\xb0'	-9.854649149675097
3888	(-1, -1)	b'\xe9\x98\xb6'	-11.091627131621884
3889	(-1, -1)	b' sun'	-10.049577977216398
3890	(-1, -1)	b'ories'	-10.152468283758155
3891	(-1, -1)	b' Ab'	-9.464851693784098
3892	(-1, -1)	b'\xe5\x90\x89'	-9.600871862471237
3893	(-1, -1)	b' online'	-9.600774859852091
3894	(-1, -1)	b'\xe7\xbb\xbf'	-10.105829624866175
3895	(-1, -1)	b' experience'	-9.452356527113054
3896	(-1, -1)	b' 2015'	-9.601793856956059
3897	(-1, -1)	b' enjoy'	-9.866598225876885
3898	(-1, -1)	b'\xe7\xb6'	-10.53278084677936
3899	(-1, -1)	b' social'	-9.572750837733114
3900	(-1, -1)	b'\xe7\xbb\x9f\xe8\xae\xa1'	-9.604321565865597
3901	(-1, -1)	b'US'	-9.665743497564351
3902	(-1, -1)	b'stit'	-10.450986899775076
3903	(-1, -1)	b'\xe5\x8e\x82'	-9.604467590349294
3904	(-1, -1)	b' West'	-9.590689605359016
3905	(-1, -1)	b' issue'	-9.56983126511868
3906	(-1, -1)	b' Dep'	-10.921694442582048
3907	(-1, -1)	b'\xe6\x88\xaa'	-10.457248660999053
3908	(-1, -1)	b'\xe8\xb4\xa7\xe5\xb8\x81'	-9.914680049304817
3909	(-1, -1)	b'\xe4\xbb\xb7\xe5\x80\xbc'	-9.606904476241848
3910	(-1, -1)	b'.7'	-9.928449399930054
3911	(-1, -1)	b' ka'	-9.19947315068014
3912	(-1, -1)	b' March'	-9.596178040492982
3913	(-1, -1)	b'\xe1\x88\x88'	-9.425950173921349
3914	(-1, -1)	b' service'	-9.592900613229213
3915	(-1, -1)	b'for'	-10.251059353441415
3916	(-1, -1)	b' cool'	-9.585660979547287
3917	(-1, -1)	b' bir'	-9.8911927792489
3918	(-1, -1)	b' consider'	-9.930268255899843
3919	(-1, -1)	b'\xe7\xbb\x93\xe6\x9d\x9f'	-9.839510505926137
3920	(-1, -1)	b'\xe5\xae\x81'	-9.611256880598988
3921	(-1, -1)	b'amb'	-9.27687324922683
3922	(-1, -1)	b'ource'	-10.097745377051616
3923	(-1, -1)	b' friends'	-9.611256880598988
3924	(-1, -1)	b'to'	-9.083423217710592
3925	(-1, -1)	b' Christ'	-10.732070279328987
3926	(-1, -1)	b'wh'	-9.637323942507285
3927	(-1, -1)	b'\xe6\x80\x8e\xe4\xb9\x88'	-9.613022798844618
3928	(-1, -1)	b' exact'	-10.976599941896614
3929	(-1, -1)	b'\xe7\xbd\x91\xe7\xbb\x9c'	-9.613268312091291
3930	(-1, -1)	b' County'	-9.61400521369915
3931	(-1, -1)	b' ti'	-9.234763933796621
3932	(-1, -1)	b' mu'	-9.28458550550802
3933	(-1, -1)	b' Mr'	-9.616711841664838
3934	(-1, -1)	b'\xd3\xa9'	-9.616022186465088
3935	(-1, -1)	b'\xe5\x8f\x96\xe5\xbe\x97'	-9.863124574738245
3936	(-1, -1)	b'\xe6\x9d\xb0'	-9.616564018362688
3937	(-1, -1)	b'err'	-10.66872572083155
3938	(-1, -1)	b' News'	-9.605051901609041
3939	(-1, -1)	b'\xe4\xb8\x8b\xe9\x99\x8d'	-9.617599240658192
3940	(-1, -1)	b' needs'	-9.616761120955225
3941	(-1, -1)	b'\xe6\x8f\x90\xe5\x8d\x87'	-9.617401972817142
3942	(-1, -1)	b' ay'	-10.07683979181067
3943	(-1, -1)	b' ba'	-9.36115209692819
3944	(-1, -1)	b'uge'	-10.788662902284294
3945	(-1, -1)	b' yes'	-10.075279607392465
3946	(-1, -1)	b'\xe4\xb9\x9f\xe4\xb8\x8d'	-9.711110792355143
3947	(-1, -1)	b'\xe5\x91\x8a\xe8\xaf\x89'	-10.215100012775173
3948	(-1, -1)	b' lost'	-9.620562937566934
3949	(-1, -1)	b'\xe6\xb3\xb0'	-9.620711353230007
3950	(-1, -1)	b' appear'	-10.616896377114626
3951	(-1, -1)	b'\xe5\xab'	-9.892360624707006
3952	(-1, -1)	b'ET'	-10.048059719883836
3953	(-1, -1)	b'\xe5\x93\xaa'	-9.894114954126113
3954	(-1, -1)	b'\xe4\xb8\x80\xe4\xb8\x8b'	-9.545949810526578
3955	(-1, -1)	b'\xe6\x95\xb4\xe4\xbd\x93'	-9.623535444090539
3956	(-1, -1)	b'-m'	-9.920205109124424
3957	(-1, -1)	b'VS'	-9.538721965702745
3958	(-1, -1)	b'\xe1\xbb\x8dn'	-10.439140425136047
3959	(-1, -1)	b'\xe5\x88\x86\xe9\x92\x9f'	-9.627512580826844
3960	(-1, -1)	b'\xe8\x82\xaf'	-10.665344959758288
3961	(-1, -1)	b' Co'	-9.405954345237669
3962	(-1, -1)	b'\xe5\x9c\x88'	-9.627961000156247
3963	(-1, -1)	b' final'	-9.477162031768279
3964	(-1, -1)	b'\xe5\xbd\xa9\xe7\xa5\xa8'	-9.629606926860154
3965	(-1, -1)	b'\xe5\xae\xa2\xe6\x88\xb7'	-9.62890832403733
3966	(-1, -1)	b'When'	-9.599999177455123
3967	(-1, -1)	b' p.m'	-9.62965684574198
3968	(-1, -1)	b'\xe5\x86\xb0'	-9.631255567105677
3969	(-1, -1)	b'\xe6\xbd\xae'	-9.86900527080925
3970	(-1, -1)	b'Yes'	-9.61957406233184
3971	(-1, -1)	b' soon'	-9.631505598360887
3972	(-1, -1)	b' player'	-9.632105928560517
3973	(-1, -1)	b'\xe5\xbb\xba\xe8\xae\xae'	-9.632856848472652
3974	(-1, -1)	b'\xe6\x8c\x91'	-10.528601882978895
3975	(-1, -1)	b' large'	-9.628359763993652
3976	(-1, -1)	b' \xd8\xb4'	-9.634260076125976
3977	(-1, -1)	b' serious'	-10.15373213361253
3978	(-1, -1)	b'\xd8\xac'	-9.619129387307838
3979	(-1, -1)	b'\xe5\x8f\xb7\xe7\xa0\x81'	-9.635112997432982
3980	(-1, -1)	b'\xe6\x98\xa8\xe6\x97\xa5'	-9.634561024114404
3981	(-1, -1)	b'\xe6\x9c\xac\xe6\x8a\xa5'	-11.07496719909552
3982	(-1, -1)	b'where'	-10.194339863367455
3983	(-1, -1)	b'\xe8\x84\x91'	-10.229911084572906
3984	(-1, -1)	b'oj'	-10.267927900737645
3985	(-1, -1)	b'\xe5\x80\x92'	-9.636921588732305
3986	(-1, -1)	b'\xc2\xa0\xc2\xa0\xc2\xa0\xc2\xa0'	-10.132378415410283
3987	(-1, -1)	b'\xe0\xb8\xb5'	-9.978121632910907
3988	(-1, -1)	b'body'	-9.968618200012038
3989	(-1, -1)	b' land'	-9.547374083124977
3990	(-1, -1)	b'\xe6\x9c\x80\xe5\xa4\xa7'	-9.6718171788618
3991	(-1, -1)	b'\xe6\x97\xa0\xe6\xb3\x95'	-9.64054861401727
3992	(-1, -1)	b' stay'	-9.56298962643559
3993	(-1, -1)	b'\xe5\x8f\x82\xe4\xb8\x8e'	-9.64024585894381
3994	(-1, -1)	b'\xe8\x87\xaa\xe7\x84\xb6'	-9.640447685474593
3995	(-1, -1)	b'ried'	-10.790733131545062
3996	(-1, -1)	b'\xe6\xad\xa4\xe5\xa4\x96'	-9.641962684249366
3997	(-1, -1)	b'II'	-10.194691141143966
3998	(-1, -1)	b' suggest'	-9.908591347503314
3999	(-1, -1)	b' works'	-9.72831727994881
4000	(-1, -1)	b'iff'	-9.419941711545047
4001	(-1, -1)	b' supp'	-10.862428291358269
4002	(-1, -1)	b' black'	-9.644746157288177
4003	(-1, -1)	b' Aust'	-10.959469717149044
4004	(-1, -1)	b'\xd9\x88\xd9\x86'	-9.657856248902856
4005	(-1, -1)	b' following'	-9.64515167229779
4006	(-1, -1)	b'\xe7\x9b\x96'	-9.91687310550858
4007	(-1, -1)	b' non'	-10.613018589277495
4008	(-1, -1)	b' ma'	-9.302059739455242
4009	(-1, -1)	b' given'	-9.64702932122172
4010	(-1, -1)	b' 40'	-9.611256880598988
4011	(-1, -1)	b'ift'	-9.819212975518262
4012	(-1, -1)	b'reed'	-11.05858027778356
4013	(-1, -1)	b'\xe4\xbd\x9c\xe7\x94\xa8'	-10.04889447614555
4014	(-1, -1)	b'\xe6\xb4\x8b'	-9.648503460515231
4015	(-1, -1)	b'lar'	-9.656829818225109
4016	(-1, -1)	b'\xe6\x90\xad\xe9\x85\x8d'	-9.648554331684007
4017	(-1, -1)	b'\xe7\xbc\xa9'	-9.648656081785845
4018	(-1, -1)	b' weeks'	-9.64885961305404
4019	(-1, -1)	b'\xe7\xab\x9f'	-11.141753531684875
4020	(-1, -1)	b'\xe7\x87'	-10.98063957420547
4021	(-1, -1)	b' June'	-9.64515167229779
4022	(-1, -1)	b'Most'	-11.044304665534389
4023	(-1, -1)	b' 24'	-9.624379263166245
4024	(-1, -1)	b'\xe4\xbc\x9f'	-9.650795228980295
4025	(-1, -1)	b' couple'	-9.559307067793094
4026	(-1, -1)	b' gets'	-9.65196860870322
4027	(-1, -1)	b'ential'	-10.22292977873499
4028	(-1, -1)	b' quick'	-10.398587645855
4029	(-1, -1)	b'\xe9\x87\x8d\xe7\x82\xb9'	-9.653245584997293
4030	(-1, -1)	b' son'	-9.584133460036943
4031	(-1, -1)	b'over'	-8.89763845399202
4032	(-1, -1)	b'ci'	-9.815358709982064
4033	(-1, -1)	b'\xe6\x9c\x9f\xe9\x97\xb4'	-9.653961404641317
4034	(-1, -1)	b'\xe2\x80\xa6\xe2\x80\xa6'	-9.666986377061477
4035	(-1, -1)	b' Cr'	-9.583179943874114
4036	(-1, -1)	b' Dec'	-10.712568358695727
4037	(-1, -1)	b'ced'	-10.094561674903693
4038	(-1, -1)	b'\xe5\xa1\x9e'	-9.90358936261066
4039	(-1, -1)	b'\xe5\x8f\x97\xe5\x88\xb0'	-9.714256813609085
4040	(-1, -1)	b' ill'	-10.17099520103631
4041	(-1, -1)	b'\xe5\xb8\xa6\xe6\x9d\xa5'	-9.667660248999479
4042	(-1, -1)	b'ope'	-9.75846413384672
4043	(-1, -1)	b' fund'	-10.071933430969587
4044	(-1, -1)	b' national'	-9.581085403193102
4045	(-1, -1)	b'ators'	-9.673797790371353
4046	(-1, -1)	b'33'	-9.779871591434462
4047	(-1, -1)	b' Res'	-10.119260247460966
4048	(-1, -1)	b'\xe6\x88\x90\xe7\xbb\xa9'	-9.65821574868846
4049	(-1, -1)	b'\xe5\xbd\xb1\xe7\x89\x87'	-9.66011811179078
4050	(-1, -1)	b' control'	-9.409833496689808
4051	(-1, -1)	b'eth'	-9.331521413629755
4052	(-1, -1)	b' billion'	-9.588914726616153
4053	(-1, -1)	b'\xe5\x9d\x90'	-9.660890372235368
4054	(-1, -1)	b'\xe9\x9d\x99'	-9.661096409116698
4055	(-1, -1)	b' exc'	-9.495763597668521
4056	(-1, -1)	b'\xe4\xb8\x9a\xe7\xbb\xa9'	-9.65867815268365
4057	(-1, -1)	b'??'	-9.98978938052941
4058	(-1, -1)	b'\xe5\xaf\xbc\xe8\x87\xb4'	-9.662797835115557
4059	(-1, -1)	b'itions'	-10.963630086236138
4060	(-1, -1)	b'\xe5\xb7\xa5\xe7\xa8\x8b'	-9.663985391728596
4061	(-1, -1)	b"a's"	-10.729817857023747
4062	(-1, -1)	b'\xe6\x83\xa0'	-10.402796815093636
4063	(-1, -1)	b'\xe6\x98\xaf\xe5\x9c\xa8'	-10.039524602546576
4064	(-1, -1)	b'uce'	-10.241073140078619
4065	(-1, -1)	b'\xd8\xa7\xd8\xaa'	-9.619771759164392
4066	(-1, -1)	b'\xc6\xb0'	-9.957401306009588
4067	(-1, -1)	b' music'	-9.528292924047854
4068	(-1, -1)	b'\xe9\x9b\x85'	-9.914547291256167
4069	(-1, -1)	b' trade'	-9.359474244185574
4070	(-1, -1)	b'\xe8\xbf\x9e\xe7\xbb\xad'	-9.666209396369206
4071	(-1, -1)	b' woman'	-9.665174360309305
4072	(-1, -1)	b'\xe7\x9a\x84\xe6\x83\x85\xe5\x86\xb5'	-10.262743367278896
4073	(-1, -1)	b'lier'	-11.168140286858069
4074	(-1, -1)	b'\xe6\x8c\x87\xe5\x87\xba'	-9.654166018688784
4075	(-1, -1)	b' Ass'	-10.485275973253708
4076	(-1, -1)	b' fans'	-9.66703819724545
4077	(-1, -1)	b' success'	-10.232005898399656
4078	(-1, -1)	b' maybe'	-9.666364744219246
4079	(-1, -1)	b'\xd0\xbe\xd0\xbc'	-9.6484525919342
4080	(-1, -1)	b'gress'	-11.083476078341736
4081	(-1, -1)	b'\xd1\x80\xd0\xb0'	-10.396758409857764
4082	(-1, -1)	b' campaign'	-9.668594052761046
4083	(-1, -1)	b' match'	-9.607050878408861
4084	(-1, -1)	b'ians'	-10.144250208156508
4085	(-1, -1)	b'\xe6\xa2\x85'	-9.66973655392396
4086	(-1, -1)	b'\xe4\xbc\x9a\xe8\xae\xae'	-9.671765110443888
4087	(-1, -1)	b'\xe5\x86\x85\xe5\xae\xb9'	-9.671140500804594
4088	(-1, -1)	b' Will'	-10.144417250669216
4089	(-1, -1)	b' prop'	-10.661695320670738
4090	(-1, -1)	b'\xe1\x8d\xa2'	-9.672442211435929
4091	(-1, -1)	b'irt'	-9.442869105749473
4092	(-1, -1)	b' priv'	-10.785327712978155
4093	(-1, -1)	b'\xe1\x89\xb0'	-9.673380493406349
4094	(-1, -1)	b'ze'	-9.567107747281925
4095	(-1, -1)	b' definitely'	-9.673536959362284
4096	(-1, -1)	b'\xe5\x8e\x8b\xe5\x8a\x9b'	-9.673849964738098
4097	(-1, -1)	b'wards'	-10.027488423900264
4098	(-1, -1)	b'\xe6\x9c\x80\xe8\xbf\x91'	-9.674319656576705
4099	(-1, -1)	b'\xe5\x9f\xba\xe9\x87\x91\xe5\x85\xac\xe5\x8f\xb8'	-9.686239875438437
4100	(-1, -1)	b'\xe4\xb8\xb9'	-9.675991460947069
4101	(-1, -1)	b' vers'	-11.117591282405796
4102	(-1, -1)	b'\xe8\x90\xa8'	-9.676985418811853
4103	(-1, -1)	b'\xe7\xa3'	-10.080515835213514
4104	(-1, -1)	b' based'	-9.677404223131658
4105	(-1, -1)	b' repl'	-10.606633041439158
4106	(-1, -1)	b' whether'	-9.677927975304108
4107	(-1, -1)	b' true'	-9.671400707410104
4108	(-1, -1)	b' key'	-9.4721599905999
4109	(-1, -1)	b' often'	-9.673954321638794
4110	(-1, -1)	b'\xe8\x9c'	-10.423118720604782
4111	(-1, -1)	b'\xe5\x8a\xb3'	-10.052316662838399
4112	(-1, -1)	b' \xe1\x8c'	-10.64971746159096
4113	(-1, -1)	b' front'	-9.645354491485179
4114	(-1, -1)	b' light'	-9.453695327413435
4115	(-1, -1)	b'\xe8\x86'	-10.046771011067344
4116	(-1, -1)	b'\xe9\xa1\xb6'	-9.945213170969721
4117	(-1, -1)	b'\xe9\xab\x98\xe8\x80\x83'	-10.006749336717858
4118	(-1, -1)	b'\xe7\xa7\x9f'	-9.930942746684892
4119	(-1, -1)	b'ares'	-11.0449211250217
4120	(-1, -1)	b'\xd1\x80\xd0\xb5'	-11.324346864537032
4121	(-1, -1)	b'\xe6\x8e\xa2'	-9.683180639970598
4122	(-1, -1)	b'work'	-9.773510614686549
4123	(-1, -1)	b'de'	-9.003740839141532
4124	(-1, -1)	b" n'"	-9.684392665518807
4125	(-1, -1)	b'\xe8\x8b\xa5'	-9.685078373803185
4126	(-1, -1)	b'AL'	-9.692067706502435
4127	(-1, -1)	b'\xe7\xab\xa0'	-10.079889170615221
4128	(-1, -1)	b'Sh'	-9.621552791644293
4129	(-1, -1)	b'\xe5\x8d\x8a\xe5\xb9\xb4'	-11.070317993764224
4130	(-1, -1)	b' dead'	-9.686556882890768
4131	(-1, -1)	b'\xe4\xbd\x9b'	-9.947954588627951
4132	(-1, -1)	b'\xe7\x9a\x84\xe4\xb8\x80\xe4\xb8\xaa'	-9.63833053577764
4133	(-1, -1)	b'ived'	-10.730117887028998
4134	(-1, -1)	b' arg'	-10.130482055028317
4135	(-1, -1)	b' fail'	-10.685229154155408
4136	(-1, -1)	b' room'	-9.638884594270168
4137	(-1, -1)	b' net'	-10.445553949229774
4138	(-1, -1)	b'cast'	-9.867611012392118
4139	(-1, -1)	b'\xe4\xbb\xbb\xe5\x8a\xa1'	-9.691855189234607
4140	(-1, -1)	b' author'	-10.162113844621905
4141	(-1, -1)	b'raz'	-10.96116959478946
4142	(-1, -1)	b'\xe7\xbb\x8f\xe8\xbf\x87'	-9.693343759419099
4143	(-1, -1)	b'AC'	-9.75693217519368
4144	(-1, -1)	b' Em'	-9.759827847905441
4145	(-1, -1)	b'\xe5\xae\xbd'	-10.133947690974946
4146	(-1, -1)	b'ih'	-9.833188169548748
4147	(-1, -1)	b'\xe6\xa1\xa3'	-9.693875929087346
4148	(-1, -1)	b'\xe5\x8b\x9f'	-10.764304033094916
4149	(-1, -1)	b'\xe1\x80\xb1\xe1\x80'	-9.880678927440368
4150	(-1, -1)	b'\xe5\x9b\xb0'	-10.358166377818431
4151	(-1, -1)	b'\xe5\xbd\x92'	-9.966378714157596
4152	(-1, -1)	b'\xe6\xa4'	-10.540694824030732
4153	(-1, -1)	b' World'	-9.697288537710117
4154	(-1, -1)	b'\xe8\x81\x94\xe7\xb3\xbb'	-9.697662499303277
4155	(-1, -1)	b'\xe0\xb8\xa1'	-9.723590178308473
4156	(-1, -1)	b'\xe9\xa3\x8e\xe6\xa0\xbc'	-9.698090055292901
4157	(-1, -1)	b'omb'	-9.953598099821084
4158	(-1, -1)	b' University'	-9.700444886458676
4159	(-1, -1)	b'\xe5\x81\xa5\xe5\xba\xb7'	-9.7007128321209
4160	(-1, -1)	b'\xe9\xb2\x81'	-9.700766429869807
4161	(-1, -1)	b'IGHT'	-11.124467210571646
4162	(-1, -1)	b'uation'	-11.14674786669725
4163	(-1, -1)	b'idd'	-10.166032411694182
4164	(-1, -1)	b'\xe7\x86\x9f'	-10.767881297972004
4165	(-1, -1)	b' boo'	-10.995397123584436
4166	(-1, -1)	b'\xe6\x9c\x89\xe7\x9a\x84'	-9.955048526569817
4167	(-1, -1)	b' phone'	-9.525905051497851
4168	(-1, -1)	b' fucking'	-9.703127579343473
4169	(-1, -1)	b'\xe6\xa6\x82'	-11.030432554056583
4170	(-1, -1)	b'\xe5\xb8\xae\xe5\x8a\xa9'	-9.703288770005509
4171	(-1, -1)	b'\xe9\x81\x97'	-10.046316568887288
4172	(-1, -1)	b'IC'	-9.887438972498089
4173	(-1, -1)	b'\xec\x97'	-10.904399830292913
4174	(-1, -1)	b' Col'	-9.856839593959247
4175	(-1, -1)	b'\xe7\x9b\xae\xe6\xa0\x87'	-9.703235036897842
4176	(-1, -1)	b'uel'	-10.068288744681505
4177	(-1, -1)	b'\xe4\xba\x88'	-10.291064688055114
4178	(-1, -1)	b' \xe1\x8b\xa8'	-9.705548171687534
4179	(-1, -1)	b'\xe9\x92\x88'	-10.761358522865159
4180	(-1, -1)	b'\xe5\x9f\xba\xe7\xa1\x80'	-10.021413431146696
4181	(-1, -1)	b'\xe0\xa8\xbf\xe0\xa8'	-9.917804947961525
4182	(-1, -1)	b'\xe8\xa7\xa3\xe5\x86\xb3'	-9.694035635228385
4183	(-1, -1)	b'.4'	-10.01662397351472
4184	(-1, -1)	b'\xe8\xa7\xa6'	-10.118364664254353
4185	(-1, -1)	b'-r'	-9.858909273897774
4186	(-1, -1)	b'lu'	-9.984578990810896
4187	(-1, -1)	b' happened'	-9.70905495956009
4188	(-1, -1)	b'\xe8\x91\x97'	-10.3673102486769
4189	(-1, -1)	b'\xe1\x80\xad\xe1\x80\xaf\xe1\x80'	-10.037796253440776
4190	(-1, -1)	b'\xe8\x83\xa1'	-10.07683979181067
4191	(-1, -1)	b'OT'	-9.651611347362751
4192	(-1, -1)	b' previous'	-10.222568441784356
4193	(-1, -1)	b' Go'	-10.10679448785009
4194	(-1, -1)	b'ience'	-10.223833692743927
4195	(-1, -1)	b'\xe5\xa6\x82\xe6\xad\xa4'	-9.715235180900953
4196	(-1, -1)	b'\xe7\xa7\x92'	-9.714963316179164
4197	(-1, -1)	b'\xe5\x8a\xa0\xe5\xbc\xba'	-9.702536769110642
4198	(-1, -1)	b'Thank'	-9.714800232816023
4199	(-1, -1)	b' access'	-9.715887957946382
4200	(-1, -1)	b'\xe8\xb1\xaa'	-9.716160074196122
4201	(-1, -1)	b'\xe4\xbc\xaf'	-9.716813455467324
4202	(-1, -1)	b' desc'	-10.806317027937194
4203	(-1, -1)	b' terr'	-10.393645650407784
4204	(-1, -1)	b'\xe8\xb5\xa2'	-10.028678103570657
4205	(-1, -1)	b'Why'	-9.717249280272654
4206	(-1, -1)	b'\xe6\x80\xa7\xe7\x9a\x84'	-9.99229717391192
4207	(-1, -1)	b'\xe5\x8f\x8c\xe6\x96\xb9'	-9.718230581120086
4208	(-1, -1)	b' mult'	-10.50844578535792
4209	(-1, -1)	b' students'	-9.719485868500092
4210	(-1, -1)	b'\xe0\xae\xb0'	-9.683285975200063
4211	(-1, -1)	b'\xe9\x9a\x9c'	-11.149710831827907
4212	(-1, -1)	b'yl'	-9.727656341392033
4213	(-1, -1)	b' matter'	-9.511740698604536
4214	(-1, -1)	b'\xe5\xbd\xa2\xe6\x88\x90'	-9.721727470269753
4215	(-1, -1)	b'\xc3\xb6'	-10.164667689544464
4216	(-1, -1)	b'\xe8\xb6\x8b'	-10.977752458351503
4217	(-1, -1)	b' research'	-9.64576025330856
4218	(-1, -1)	b'\xe8\xae\xba\xe5\x9d\x9b'	-9.723645016399026
4219	(-1, -1)	b' services'	-9.724193562764947
4220	(-1, -1)	b' office'	-9.604370238324297
4221	(-1, -1)	b'\xe8\xb5\x84\xe6\xba\x90'	-9.724797311514042
4222	(-1, -1)	b' road'	-9.724907123187133
4223	(-1, -1)	b'\xe8\x84\x9a'	-9.725621193141398
4224	(-1, -1)	b'\xe8\xb4\xb4'	-9.725621193141398
4225	(-1, -1)	b'\xe6\x95\xb4\xe4\xb8\xaa'	-9.701838988561141
4226	(-1, -1)	b' Dem'	-10.600815227859174
4227	(-1, -1)	b'\xe6\x8e\x89'	-9.726830782028708
4228	(-1, -1)	b'\xe6\x88\x91\xe4\xbb\xac\xe7\x9a\x84'	-9.827635481150672
4229	(-1, -1)	b' visit'	-9.358103546438223
4230	(-1, -1)	b'\xe5\xae\xb9\xe6\x98\x93'	-9.727105892762513
4231	(-1, -1)	b' agree'	-9.675102966885953
4232	(-1, -1)	b' among'	-9.727876605710103
4233	(-1, -1)	b'\xe5\x85\xb1\xe5\x90\x8c'	-9.728152004351374
4234	(-1, -1)	b'\xe7\xa7\xaf\xe6\x9e\x81'	-9.727766467486521
4235	(-1, -1)	b'za'	-9.785281254744785
4236	(-1, -1)	b' tried'	-9.729364660215998
4237	(-1, -1)	b'\xe7\xbb\x8f\xe9\xaa\x8c'	-9.729088927454441
4238	(-1, -1)	b' growth'	-9.729530136374018
4239	(-1, -1)	b'yle'	-9.956708737244458
4240	(-1, -1)	b'omin'	-10.771940632195696
4241	(-1, -1)	b' discuss'	-10.240797163810827
4242	(-1, -1)	b' Che'	-11.015951206861871
4243	(-1, -1)	b' hear'	-9.850344848091847
4244	(-1, -1)	b'ective'	-11.030837822552504
4245	(-1, -1)	b' concern'	-10.742953095322443
4246	(-1, -1)	b' companies'	-9.731794392484291
4247	(-1, -1)	b'\xe7\xa7\x91\xe6\x8a\x80'	-9.73184968234138
4248	(-1, -1)	b' officials'	-9.73196027122731
4249	(-1, -1)	b'cher'	-10.926430334858084
4250	(-1, -1)	b' period'	-9.728262185047829
4251	(-1, -1)	b' quite'	-9.73229211128345
4252	(-1, -1)	b'\xe5\xb3\xb0'	-9.732845422867312
4253	(-1, -1)	b'\xe6\x9d\xa1\xe4\xbb\xb6'	-9.733011476060065
4254	(-1, -1)	b'\xe6\x88\x91\xe7\x9a\x84'	-9.832821107266394
4255	(-1, -1)	b'An'	-9.927104228890519
4256	(-1, -1)	b'\xd0\xb8\xd0\xbc'	-9.633357775197549
4257	(-1, -1)	b' National'	-9.678818984037287
4258	(-1, -1)	b'\xe6\x9c\x89\xe4\xba\x9b'	-9.690846348519315
4259	(-1, -1)	b' ak'	-10.868095975057232
4260	(-1, -1)	b'\xe6\x8e\xa7\xe5\x88\xb6'	-9.735117206639769
4261	(-1, -1)	b'ades'	-10.477787054564981
4262	(-1, -1)	b' body'	-9.728978655634293
4263	(-1, -1)	b' within'	-9.736116207721853
4264	(-1, -1)	b' pract'	-11.070317993764224
4265	(-1, -1)	b'ING'	-9.732015570256827
4266	(-1, -1)	b'reg'	-10.013834571427141
4267	(-1, -1)	b' hot'	-10.139334965203643
4268	(-1, -1)	b'my'	-9.624478582826654
4269	(-1, -1)	b'-h'	-9.835025504705504
4270	(-1, -1)	b'\xe5\x8c\xba\xe5\x9f\x9f'	-9.737505366948389
4271	(-1, -1)	b'\xe6\x9d\x90\xe6\x96\x99'	-9.741014631098418
4272	(-1, -1)	b'\xe8\xb5\xb6'	-10.048742650441168
4273	(-1, -1)	b'\xe6\x98\xaf\xe4\xb8\x80\xe4\xb8\xaa'	-9.670412282306872
4274	(-1, -1)	b'.9'	-10.071389762749135
4275	(-1, -1)	b' ir'	-10.06280800997716
4276	(-1, -1)	b'sec'	-10.921512740028627
4277	(-1, -1)	b' remember'	-9.607343747059366
4278	(-1, -1)	b' \xd0\xb6'	-9.742522379534265
4279	(-1, -1)	b'\xe1\x80\xbc'	-12.219524729888832
4280	(-1, -1)	b'\xe8\xbf\x90\xe5\x8a\xa8'	-9.743416933994007
4281	(-1, -1)	b" we're"	-9.743416933994007
4282	(-1, -1)	b' outside'	-9.7137136895462
4283	(-1, -1)	b' \xd9\x81'	-10.39826459626408
4284	(-1, -1)	b'udd'	-10.00820610731564
4285	(-1, -1)	b' ask'	-9.627462768866982
4286	(-1, -1)	b' Facebook'	-9.744592252444681
4287	(-1, -1)	b' single'	-9.638884594270168
4288	(-1, -1)	b'ville'	-9.641811081045194
4289	(-1, -1)	b'\xe5\x90\x84\xe7\xa7\x8d'	-9.747059312849322
4290	(-1, -1)	b' Gu'	-9.916607024219177
4291	(-1, -1)	b' store'	-10.005658149762025
4292	(-1, -1)	b'\xe0\xb8\xa7'	-9.763530606415497
4293	(-1, -1)	b'\xe8\xb4\xa8\xe9\x87\x8f'	-9.751391368345658
4294	(-1, -1)	b'\xe4\xba\xa7\xe7\x94\x9f'	-9.745096383529438
4295	(-1, -1)	b' milit'	-11.08518657694138
4296	(-1, -1)	b'\xe8\xbf\x87\xe5\x8e\xbb'	-9.73722738067912
4297	(-1, -1)	b' ident'	-10.681792232542225
4298	(-1, -1)	b'\xe6\xb6\x89'	-10.266322536589099
4299	(-1, -1)	b'yd'	-9.500885415943824
4300	(-1, -1)	b' account'	-9.683812817844354
4301	(-1, -1)	b'\xe5\x8f\xab'	-9.751504139701854
4302	(-1, -1)	b'75'	-9.727105892762513
4303	(-1, -1)	b' pain'	-9.745712889083503
4304	(-1, -1)	b' \xd9\x87'	-10.137259500592455
4305	(-1, -1)	b'\xe9\xa4\x90'	-9.755062962833751
4306	(-1, -1)	b'\xe8\x89\xba\xe6\x9c\xaf'	-9.755345952336729
4307	(-1, -1)	b'\xd8\xa7\xd9\x85'	-9.805370887352533
4308	(-1, -1)	b'\xe6\xb8\x90'	-10.540818978230407
4309	(-1, -1)	b' known'	-9.755912171705234
4310	(-1, -1)	b' Gl'	-10.309120124134466
4311	(-1, -1)	b'\xe8\xbf\x99\xe6\xac\xa1'	-9.75738584424989
4312	(-1, -1)	b' decision'	-9.757442567356062
4313	(-1, -1)	b' talking'	-9.757442567356062
4314	(-1, -1)	b'che'	-10.527988799764302
4315	(-1, -1)	b'-5'	-10.163389951817921
4316	(-1, -1)	b'\xe5\xbc\x80\xe5\x8f\x91\xe5\x95\x86'	-9.756592058416976
4317	(-1, -1)	b' den'	-9.98067120936282
4318	(-1, -1)	b' coach'	-9.571337076894434
4319	(-1, -1)	b'arl'	-10.604910616369404
4320	(-1, -1)	b'\xe5\xb9\xb8'	-10.60517541181647
4321	(-1, -1)	b' Cor'	-10.39032889778179
4322	(-1, -1)	b'\xe6\x8e\x92\xe5\x90\x8d'	-9.760738024883914
4323	(-1, -1)	b' drug'	-10.211788603296489
4324	(-1, -1)	b' pen'	-9.86653496076441
4325	(-1, -1)	b' project'	-9.658010304414498
4326	(-1, -1)	b' issues'	-9.761136487960197
4327	(-1, -1)	b'\xe7\x9b\xb8\xe5\xbd\x93'	-10.035920995043279
4328	(-1, -1)	b' cloudy'	-9.762332830712621
4329	(-1, -1)	b'09'	-9.414814426851144
4330	(-1, -1)	b' continue'	-9.757556023221852
4331	(-1, -1)	b'PS'	-9.79154169703902
4332	(-1, -1)	b' stock'	-9.746161495607035
4333	(-1, -1)	b' favor'	-10.971239025362319
4334	(-1, -1)	b'\xe6\xb3\x95\xe5\x9b\xbd'	-9.76324529156863
4335	(-1, -1)	b' instead'	-9.76461554585097
4336	(-1, -1)	b' security'	-9.764958402997186
4337	(-1, -1)	b'\xc3\xa3'	-11.030229981382943
4338	(-1, -1)	b'\xe5\xb8\x82\xe5\x9c\xba\xe7\x9a\x84'	-9.919938139891043
4339	(-1, -1)	b'lex'	-10.927892056295033
4340	(-1, -1)	b'.3'	-10.136099119194121
4341	(-1, -1)	b'-3'	-9.906218867149684
4342	(-1, -1)	b'\xe5\xa7\x94\xe5\x91\x98'	-10.76492524758919
4343	(-1, -1)	b'\xe6\x95\xb0\xe7\xa0\x81'	-10.25786622386538
4344	(-1, -1)	b'\xe5\x8c\xbb\xe9\x99\xa2'	-9.766731706668129
4345	(-1, -1)	b'ule'	-11.115383288574332
4346	(-1, -1)	b' tra'	-10.63801820214391
4347	(-1, -1)	b' \xd8\xac'	-9.767132565657032
4348	(-1, -1)	b'no'	-9.073842202725455
4349	(-1, -1)	b'Just'	-9.767820126561904
4350	(-1, -1)	b'Ph'	-11.19739455514463
4351	(-1, -1)	b' China'	-9.755062962833751
4352	(-1, -1)	b'\xe6\x9d\xa5\xe8\x87\xaa'	-9.77057510735509
4353	(-1, -1)	b'fect'	-10.673534782433627
4354	(-1, -1)	b'\xe6\x8c\xa5'	-10.87900611877751
4355	(-1, -1)	b'ministr'	-10.660854984486834
4356	(-1, -1)	b'ument'	-10.82247668750645
4357	(-1, -1)	b'\xe8\xb4\xb8'	-10.487510085535774
4358	(-1, -1)	b'\xe5\x8d\x95\xe4\xbd\x8d'	-9.771150018259737
4359	(-1, -1)	b'\xe5\xa4\x9c'	-9.772934345437616
4360	(-1, -1)	b'\xe0\xb0\xa8'	-9.572562220766459
4361	(-1, -1)	b' club'	-9.773280067135095
4362	(-1, -1)	b'\xe8\x94'	-10.324402747665623
4363	(-1, -1)	b' history'	-9.773510614686549
4364	(-1, -1)	b'\xe9\xa2\x86\xe5\xaf\xbc'	-10.125715836785405
4365	(-1, -1)	b'oring'	-10.45587911045401
4366	(-1, -1)	b'\xe8\x81\x8c\xe4\xb8\x9a'	-9.7738565357047
4367	(-1, -1)	b' lol'	-9.74745236150819
4368	(-1, -1)	b'\xe5\xb9\xb6\xe4\xb8\x94'	-9.774952742362865
4369	(-1, -1)	b'OO'	-10.105267217748953
4370	(-1, -1)	b'\xe8\xb4\xb7\xe6\xac\xbe'	-9.77524141763406
4371	(-1, -1)	b'\xe8\x89\xb2\xe7\x9a\x84'	-10.992467147858106
4372	(-1, -1)	b'\xe5\x86\x8d\xe6\xac\xa1'	-9.77685954096447
4373	(-1, -1)	b' boy'	-10.158295264734697
4374	(-1, -1)	b'\xe5\x80\xba\xe5\x88\xb8'	-9.776801705737016
4375	(-1, -1)	b'\xe5\xaf\xb9\xe6\x89\x8b'	-9.779755575424122
4376	(-1, -1)	b' talk'	-9.778132762966438
4377	(-1, -1)	b'IL'	-10.0537651098231
4378	(-1, -1)	b'\xe9\x99\xb6'	-10.843428567996954
4379	(-1, -1)	b'\xe8\xb0\x81'	-9.779291645933082
4380	(-1, -1)	b'\xe8\x81\x94\xe8\xb5\x9b'	-9.778596155004387
4381	(-1, -1)	b'ida'	-10.156349162669374
4382	(-1, -1)	b' Pe'	-10.41981293247028
4383	(-1, -1)	b'ners'	-10.72921806693229
4384	(-1, -1)	b' 21'	-9.733565185930248
4385	(-1, -1)	b'\xe4\xba\x8b\xe4\xbb\xb6'	-9.782660021264912
4386	(-1, -1)	b'\xe7\xbd\x91\xe7\xab\x99'	-10.083419278223083
4387	(-1, -1)	b'\xe6\x8a\x97'	-9.782718196313649
4388	(-1, -1)	b'\xe8\x82\xa5'	-10.741434492145252
4389	(-1, -1)	b'\xe3\x80\x8d'	-9.783533002551255
4390	(-1, -1)	b'\xe3\x80\x8c'	-9.783765926328003
4391	(-1, -1)	b'yr'	-9.746049325107759
4392	(-1, -1)	b'ival'	-9.70576361928074
4393	(-1, -1)	b'\xe6\x91\xa9'	-9.785631272249233
4394	(-1, -1)	b'RE'	-9.583656588306399
4395	(-1, -1)	b' \xdb\x81'	-10.237124739558563
4396	(-1, -1)	b'lim'	-10.374749122102362
4397	(-1, -1)	b'\xe8\xb7\x91'	-9.786390064055668
4398	(-1, -1)	b' bi'	-9.467522375123076
4399	(-1, -1)	b' activ'	-10.825278040578446
4400	(-1, -1)	b' book'	-9.729419815892909
4401	(-1, -1)	b'ado'	-9.674632907075246
4402	(-1, -1)	b'par'	-10.067360311345954
4403	(-1, -1)	b'\xe5\xb0\x8f\xe6\x97\xb6'	-9.787792424925906
4404	(-1, -1)	b' rather'	-9.78755856150108
4405	(-1, -1)	b'\xe0\xae\xa4'	-10.595424379224298
4406	(-1, -1)	b'\xe6\xaf\x9b'	-9.788904023694748
4407	(-1, -1)	b' July'	-9.788962563135714
4408	(-1, -1)	b'\xe5\xae\xb6\xe5\xb1\x85'	-9.782427354907417
4409	(-1, -1)	b'uf'	-9.82465829391045
4410	(-1, -1)	b'\xe0\xb6\xb1\xe0\xb7\x8a'	-9.788669900193533
4411	(-1, -1)	b'ample'	-10.623482865069773
4412	(-1, -1)	b' \xe1\x8a\xa3'	-10.354758867680522
4413	(-1, -1)	b'lf'	-11.181717274439482
4414	(-1, -1)	b'ki'	-9.451437140529842
4415	(-1, -1)	b'\xd0\xb0\xd0\xbc'	-9.649368622532606
4416	(-1, -1)	b'\xe8\xa7\x86\xe9\xa2\x91'	-9.7971330714837
4417	(-1, -1)	b'\xe6\x80\xaa'	-9.791835201781229
4418	(-1, -1)	b' sense'	-9.754723481105923
4419	(-1, -1)	b'\xe5\xb7\x9d'	-10.301663260696134
4420	(-1, -1)	b'Tr'	-10.125387967930008
4421	(-1, -1)	b' \xd8\xae'	-10.20369067250336
4422	(-1, -1)	b'aker'	-10.076683663785373
4423	(-1, -1)	b'\xe5\x88\xa9\xe7\x94\xa8'	-9.794892768695505
4424	(-1, -1)	b'ization'	-10.198651542360063
4425	(-1, -1)	b'\xe9\xb1\xbc'	-9.796248141777857
4426	(-1, -1)	b' field'	-9.796425065082067
4427	(-1, -1)	b'\xe5\xa4\xae\xe8\xa1\x8c'	-10.114628164090368
4428	(-1, -1)	b' host'	-9.79672000683321
4429	(-1, -1)	b'\xe5\xaf\xbb'	-10.400528138055115
4430	(-1, -1)	b'\xe3\x81\x9f'	-10.113250809203791
4431	(-1, -1)	b'ips'	-10.116332225848934
4432	(-1, -1)	b' entire'	-10.084913517815327
4433	(-1, -1)	b" haven't"	-9.797841579513575
4434	(-1, -1)	b'\xe6\x9c\x89\xe9\x99\x90\xe5\x85\xac\xe5\x8f\xb8'	-9.792657473647129
4435	(-1, -1)	b' abs'	-10.40128379200158
4436	(-1, -1)	b'\xe6\x88\x90\xe6\x9c\xac'	-9.795305079112184
4437	(-1, -1)	b' running'	-9.79937840449982
4438	(-1, -1)	b'\xe9\x95\xbf\xe6\x9c\x9f'	-9.801213864916233
4439	(-1, -1)	b'edd'	-10.097904828538839
4440	(-1, -1)	b'asing'	-10.455651034275578
4441	(-1, -1)	b'\xe6\xaf\x94\xe4\xbe\x8b'	-9.799733392078982
4442	(-1, -1)	b' Sen'	-10.208131966000236
4443	(-1, -1)	b'\xe4\xb8\x8d\xe8\xa6\x81'	-9.75835057490951
4444	(-1, -1)	b' hom'	-11.079425331943655
4445	(-1, -1)	b' tem'	-10.204222587409518
4446	(-1, -1)	b'\xe5\x8d\x81\xe5\x88\x86'	-9.801332397483195
4447	(-1, -1)	b'lear'	-10.43958915747474
4448	(-1, -1)	b' held'	-9.801984577863825
4449	(-1, -1)	b' pres'	-9.820178867534196
4450	(-1, -1)	b'\xe5\xad\xa6\xe9\x99\xa2'	-9.730799697442064
4451	(-1, -1)	b'\xe6\xad\xa4\xe6\xac\xa1'	-9.802933963801152
4452	(-1, -1)	b'\xe7\x94\xb5\xe8\xa7\x86'	-9.797487262750685
4453	(-1, -1)	b'\xe4\xba\xba\xe4\xbb\xac'	-9.751955352343463
4454	(-1, -1)	b' killed'	-9.804419186114867
4455	(-1, -1)	b'\xe5\x85\xac\xe9\x87\x8c'	-10.291935557528122
4456	(-1, -1)	b' fine'	-9.698999219192197
4457	(-1, -1)	b'\xe6\xaf\x92'	-9.80519237436524
4458	(-1, -1)	b'\xe5\x9c\xa3'	-9.805787541624802
4459	(-1, -1)	b'\xe5\x90\x8c\xe6\xa0\xb7'	-9.80519237436524
4460	(-1, -1)	b'\xd0\xb8\xd0\xba'	-9.876580823478633
4461	(-1, -1)	b' political'	-9.733509801144434
4462	(-1, -1)	b' industry'	-9.806978939871405
4463	(-1, -1)	b'\xe8\xaf\x8d'	-9.80715777209745
4464	(-1, -1)	b'\xd8\xae'	-9.802399823309507
4465	(-1, -1)	b' \xd8\xb9'	-9.80823143757488
4466	(-1, -1)	b' Ste'	-10.097665660841283
4467	(-1, -1)	b' arrest'	-10.683938923885387
4468	(-1, -1)	b'-l'	-9.886664079007163
4469	(-1, -1)	b' En'	-9.345400161995304
4470	(-1, -1)	b'\xe6\x88\x90\xe7\xab\x8b'	-9.811639003269374
4471	(-1, -1)	b' recently'	-9.811219904325954
4472	(-1, -1)	b'\xe5\xbc\xb1'	-9.811399496651859
4473	(-1, -1)	b'\xe6\xb2\x83'	-10.339110376537898
4474	(-1, -1)	b'uit'	-10.098941883396254
4475	(-1, -1)	b'val'	-10.049577977216398
4476	(-1, -1)	b'\xe7\xbb\xbc\xe5\x90\x88'	-9.810681320787607
4477	(-1, -1)	b' \xe0\xa4\x85'	-9.812897354994876
4478	(-1, -1)	b'aur'	-10.456107238663051
4479	(-1, -1)	b'\xe5\x8f\x82\xe8\x80\x83'	-10.731318908041102
4480	(-1, -1)	b' 70'	-9.791483006426567
4481	(-1, -1)	b'\xe4\xba\x8b\xe6\x83\x85'	-10.600815227859174
4482	(-1, -1)	b'\xe5\xba\x93'	-9.814157292164698
4483	(-1, -1)	b'under'	-10.083026428090355
4484	(-1, -1)	b' further'	-9.81385716310695
4485	(-1, -1)	b'\xe7\xbd\x91\xe5\x8f\x8b'	-9.815418818779003
4486	(-1, -1)	b'\xe5\xa4\xa7\xe5\xb9\x85'	-9.882605710310068
4487	(-1, -1)	b'\xe3\x81\xab'	-9.81547893118923
4488	(-1, -1)	b'\xe9\x9d\xa2\xe5\xaf\xb9'	-9.824354997071511
4489	(-1, -1)	b'\xd0\xb8\xd1\x82'	-9.827696332460516
4490	(-1, -1)	b'\xe6\x97\xa7'	-10.118608834686526
4491	(-1, -1)	b'\xe5\xae\xb6\xe5\xba\xad'	-9.793362816649392
4492	(-1, -1)	b' film'	-9.505283927543742
4493	(-1, -1)	b' Har'	-9.975014285777863
4494	(-1, -1)	b'roll'	-10.13983371833119
4495	(-1, -1)	b" aren't"	-9.819394009221197
4496	(-1, -1)	b'\xe6\x98\x8e\xe6\x98\x9f'	-9.819937307052315
4497	(-1, -1)	b' One'	-9.809067308421804
4498	(-1, -1)	b' moment'	-9.611894213627059
4499	(-1, -1)	b'\xe6\xaf\x94\xe5\xa6\x82'	-9.820480900216428
4500	(-1, -1)	b'\xd0\xb0\xd0\xba'	-9.785631272249233
4501	(-1, -1)	b'ender'	-9.558562881712238
4502	(-1, -1)	b'\xe6\x85\xa2'	-10.590714794381212
4503	(-1, -1)	b'\xe5\x8f\xaa\xe8\xa6\x81'	-9.822779334664432
4504	(-1, -1)	b' Ge'	-10.369190930455757
4505	(-1, -1)	b'ends'	-10.140166358666898
4506	(-1, -1)	b'\xe8\xae\xa8'	-10.429541065788928
4507	(-1, -1)	b' mag'	-9.811758778092848
4508	(-1, -1)	b'\xe8\xbf\x9d'	-10.171510001562481
4509	(-1, -1)	b' super'	-9.489582408789532
4510	(-1, -1)	b'\xe7\x81\xab\xe7\xae\xad'	-9.825690191783435
4511	(-1, -1)	b'\xe8\xa1\x8c\xe4\xb8\xba'	-9.832209636047635
4512	(-1, -1)	b'ault'	-10.279429382022892
4513	(-1, -1)	b'\xe9\xa2\x86\xe5\x9f\x9f'	-9.826601575022385
4514	(-1, -1)	b'\xe7\xab\x9e\xe4\xba\x89'	-9.826844750900538
4515	(-1, -1)	b'\xe7\xba\xbd'	-10.852035489747996
4516	(-1, -1)	b' fair'	-10.064888695041763
4517	(-1, -1)	b'\xe4\xb8\x80\xe7\xa7\x8d'	-9.81879069095252
4518	(-1, -1)	b'\xe5\xae\x9e\xe5\x8a\x9b'	-9.829828464485683
4519	(-1, -1)	b'\xe9\x83\xbd\xe6\x9c\x89'	-9.924084193710337
4520	(-1, -1)	b' Thursday'	-9.830743628821542
4521	(-1, -1)	b'ume'	-10.01978981455386
4522	(-1, -1)	b' leave'	-9.617056847705864
4523	(-1, -1)	b'\xe5\x85\xb5'	-9.831232059138353
4524	(-1, -1)	b'\xe5\xbd\x93\xe7\x84\xb6'	-9.831476363787464
4525	(-1, -1)	b' treat'	-10.688965864453362
4526	(-1, -1)	b'\xe8\x8f\xb2'	-9.833188169548748
4527	(-1, -1)	b'\xe9\x80\x9f\xe5\xba\xa6'	-9.840496213250896
4528	(-1, -1)	b'key'	-10.663799255804083
4529	(-1, -1)	b' similar'	-9.830560528940046
4530	(-1, -1)	b' happy'	-9.833555366615297
4531	(-1, -1)	b' jud'	-11.141753531684875
4532	(-1, -1)	b'\xd0\xbe\xd0\xb3'	-10.714634475133199
4533	(-1, -1)	b'\xe5\x87\xba\xe6\x9d\xa5'	-9.854086667237842
4534	(-1, -1)	b' step'	-10.203247626109157
4535	(-1, -1)	b'\xe8\xaf\xa2'	-10.483398479156081
4536	(-1, -1)	b'lam'	-9.620562937566934
4537	(-1, -1)	b'\xe0\xa5\x88'	-10.47767048406884
4538	(-1, -1)	b'88'	-9.887568179811401
4539	(-1, -1)	b'\xe7\x98'	-10.742193505464424
4540	(-1, -1)	b'unt'	-9.48038167867155
4541	(-1, -1)	b'uh'	-9.783998904370877
4542	(-1, -1)	b' ur'	-9.846616977977833
4543	(-1, -1)	b'\xe5\x8c\x97\xe4\xba\xac\xe6\x97\xb6\xe9\x97\xb4'	-9.83877186253419
4544	(-1, -1)	b'\xe5\x88\xa9\xe7\x8e\x87'	-9.839448931467203
4545	(-1, -1)	b' vol'	-10.10687493513705
4546	(-1, -1)	b' wonder'	-9.987644837567249
4547	(-1, -1)	b'Re'	-9.482232295713239
4548	(-1, -1)	b' offer'	-9.910903334529136
4549	(-1, -1)	b'come'	-10.196625377723796
4550	(-1, -1)	b' 60'	-9.81355712409963
4551	(-1, -1)	b' mis'	-9.813377143896966
4552	(-1, -1)	b"I've"	-9.841729715319225
4553	(-1, -1)	b' pack'	-9.842223542489755
4554	(-1, -1)	b' meeting'	-9.656060686024649
4555	(-1, -1)	b'\xe4\xbf\x9d\xe6\x8a\xa4'	-9.842594072970126
4556	(-1, -1)	b' Sm'	-10.637744566897982
4557	(-1, -1)	b'\xe6\x9b\xb2'	-9.843150126241998
4558	(-1, -1)	b'\xe4\xb9\xa1'	-9.843335546063908
4559	(-1, -1)	b' announced'	-9.843335546063908
4560	(-1, -1)	b"''"	-9.853462057598547
4561	(-1, -1)	b'\xe6\xb6\xb2'	-10.345319995921011
4562	(-1, -1)	b'.0'	-9.865270498308522
4563	(-1, -1)	b'\xe5\x85\xb3\xe4\xba\x8e'	-9.832882274957639
4564	(-1, -1)	b'\xe4\xb8\x8b\xe8\xb7\x8c'	-9.841544592983686
4565	(-1, -1)	b' released'	-9.845067790991003
4566	(-1, -1)	b'OU'	-10.128753730660806
4567	(-1, -1)	b'\xd8\xa7\xdb\x8c'	-9.867991071939354
4568	(-1, -1)	b' mot'	-10.916619209647129
4569	(-1, -1)	b'\xc3\x97'	-9.847361441068237
4570	(-1, -1)	b'aka'	-9.703772497944856
4571	(-1, -1)	b' link'	-9.886212334944755
4572	(-1, -1)	b' lo'	-9.99826948883959
4573	(-1, -1)	b' comb'	-9.84537743644943
4574	(-1, -1)	b' dh'	-9.578710556441912
4575	(-1, -1)	b'\xe8\xb2'	-10.186381449768248
4576	(-1, -1)	b' wait'	-9.722274965492847
4577	(-1, -1)	b' War'	-9.577004152273762
4578	(-1, -1)	b'\xe4\xbf\x9d\xe8\xaf\x81'	-9.852089288132998
4579	(-1, -1)	b'aged'	-10.195833646870916
4580	(-1, -1)	b'\xe8\x8e\xab'	-9.849598161478847
4581	(-1, -1)	b' neg'	-11.058163611110865
4582	(-1, -1)	b' Sec'	-10.76647997427052
4583	(-1, -1)	b'\xc2\xa3'	-9.85040709715035
4584	(-1, -1)	b'uma'	-9.996250742660129
4585	(-1, -1)	b'\xe4\xba\xba\xe6\xb0\x91\xe5\xb8\x81'	-9.850656132141053
4586	(-1, -1)	b' present'	-9.756478711859756
4587	(-1, -1)	b'\xe7\x93\xa6'	-9.851465924442445
4588	(-1, -1)	b'\xe7\xac\xa6'	-11.015951206861871
4589	(-1, -1)	b' White'	-9.806621371333627
4590	(-1, -1)	b' \xe0\xa8\x95'	-9.852338742452968
4591	(-1, -1)	b' dog'	-10.231003483407074
4592	(-1, -1)	b'-2'	-9.767018018119678
4593	(-1, -1)	b' \xe0\xa4\xa8'	-10.220403157647139
4594	(-1, -1)	b'ala'	-9.755289348029125
4595	(-1, -1)	b'\xe8\x8c\x83\xe5\x9b\xb4'	-9.853462057598547
4596	(-1, -1)	b'\xe3\x81\xaf'	-9.854211635995815
4597	(-1, -1)	b' shows'	-9.852089288132998
4598	(-1, -1)	b'\xe6\x80\x80'	-9.854336620372932
4599	(-1, -1)	b'\xe9\x98\xb6\xe6\xae\xb5'	-9.854711667258188
4600	(-1, -1)	b'\xd0\xb5\xd1\x82'	-9.816802319255327
4601	(-1, -1)	b'\xe3\x80\x80\xe3\x80\x80'	-10.044727645615758
4602	(-1, -1)	b' provide'	-9.607636701507044
4603	(-1, -1)	b'\xe0\xb9\x80\xe0\xb8'	-9.393617569641016
4604	(-1, -1)	b' track'	-9.855712480502417
4605	(-1, -1)	b'\xe6\x9c\x97'	-10.238133312513447
4606	(-1, -1)	b' luck'	-10.245868870011517
4607	(-1, -1)	b'\xe5\xb1\x8b'	-10.471627467422149
4608	(-1, -1)	b' threat'	-9.856275878432747
4609	(-1, -1)	b' hate'	-9.78254368131946
4610	(-1, -1)	b' Par'	-10.36023720067484
4611	(-1, -1)	b'\xe5\xbe\xb7\xe5\x9b\xbd'	-9.855399618753472
4612	(-1, -1)	b'\xe9\xbd\x90'	-9.857967979234441
4613	(-1, -1)	b'\xe7\xbd\x9a'	-9.858532649701495
4614	(-1, -1)	b'2007'	-9.640195408675153
4615	(-1, -1)	b'\xe8\xae\xb8\xe5\xa4\x9a'	-9.860039998309974
4616	(-1, -1)	b'ica'	-9.93676222447001
4617	(-1, -1)	b' pull'	-10.289325221052927
4618	(-1, -1)	b'\xe5\x9b\xba'	-10.318917817435054
4619	(-1, -1)	b'\xe4\xb8\x8b\xe5\x8d\x88'	-10.302934841050382
4620	(-1, -1)	b'\xe0\xaf\x88'	-10.601870497710433
4621	(-1, -1)	b' begin'	-10.184032294818348
4622	(-1, -1)	b'\xe9\x80\x8f\xe9\x9c\xb2'	-9.860039998309974
4623	(-1, -1)	b'\xe7\x94\xb0'	-9.860102853836567
4624	(-1, -1)	b' States'	-9.861297860111044
4625	(-1, -1)	b'\xe6\x8c\x89\xe7\x85\xa7'	-9.860542953180378
4626	(-1, -1)	b'AA'	-10.032703753855909
4627	(-1, -1)	b'\xe6\x93\x8d\xe4\xbd\x9c'	-9.858218904522753
4628	(-1, -1)	b'\xe8\xba\xab\xe4\xbd\x93'	-9.88976726225768
4629	(-1, -1)	b'\xe4\xb8\x80\xe4\xbd\x8d'	-9.670412282306872
4630	(-1, -1)	b' release'	-9.763930184010219
4631	(-1, -1)	b'\xdb\x8c\xda\xba'	-10.610752374883626
4632	(-1, -1)	b'\xe5\x9e\x8b\xe5\x9f\xba\xe9\x87\x91'	-10.229729134062943
4633	(-1, -1)	b'pping'	-10.062192341187512
4634	(-1, -1)	b' movie'	-9.860794525508748
4635	(-1, -1)	b'\xe6\x99\x82'	-9.86217930573885
4636	(-1, -1)	b' Park'	-9.790661699328892
4637	(-1, -1)	b'\xe7\xa7\xbb\xe6\xb0\x91'	-9.862305289990985
4638	(-1, -1)	b'OM'	-9.834841619204356
4639	(-1, -1)	b'iding'	-10.730568100888181
4640	(-1, -1)	b'\xec\x9d\xb4'	-9.86444945427339
4641	(-1, -1)	b'attle'	-10.362935697382406
4642	(-1, -1)	b'\xe5\x91\xbc'	-9.865460065779313
4643	(-1, -1)	b'\xe5\xba\x8f'	-10.350028295304597
4644	(-1, -1)	b'\xe9\x87\x87\xe8\xae\xbf'	-10.301174621546416
4645	(-1, -1)	b' higher'	-9.865902529678317
4646	(-1, -1)	b'\xe5\x9d\xa6'	-10.208666249183027
4647	(-1, -1)	b' thinking'	-9.86615545411849
4648	(-1, -1)	b'ika'	-9.577098876153723
4649	(-1, -1)	b'ino'	-9.72112557153472
4650	(-1, -1)	b' Te'	-10.147596371559779
4651	(-1, -1)	b'ali'	-9.879524637200625
4652	(-1, -1)	b' Sw'	-9.851528243328206
4653	(-1, -1)	b'\xe7\x94\xb7\xe5\xad\x90'	-9.869385860728212
4654	(-1, -1)	b' Aug'	-11.192856150125618
4655	(-1, -1)	b'\xe4\xbc\xa0\xe7\xbb\x9f'	-9.870337969721396
4656	(-1, -1)	b' loss'	-9.870973213040942
4657	(-1, -1)	b' song'	-10.257211498125299
4658	(-1, -1)	b' \xe0\xa8\xa6'	-10.268589682846411
4659	(-1, -1)	b' especially'	-9.871672447090345
4660	(-1, -1)	b'\xe5\x85\xa8\xe9\x9d\xa2'	-9.870973213040942
4661	(-1, -1)	b'\xe5\xbd\x95\xe5\x8f\x96'	-9.872817703943905
4662	(-1, -1)	b'\xe8\x82\x89'	-9.873072383685509
4663	(-1, -1)	b' ep'	-10.932290084274745
4664	(-1, -1)	b' gave'	-9.87008398534007
4665	(-1, -1)	b'\xe5\xb4'	-10.215010370894426
4666	(-1, -1)	b'\xe8\xa3\x81'	-10.311782716309521
4667	(-1, -1)	b' Do'	-9.391923755594943
4668	(-1, -1)	b' don'	-9.848914188189317
4669	(-1, -1)	b' teams'	-9.873900541082739
4670	(-1, -1)	b' leaders'	-10.34429937938008
4671	(-1, -1)	b'\xe7\xb4\xaf'	-10.333140813608908
4672	(-1, -1)	b'\xe4\xb8\x8b\xe7\x9a\x84'	-10.326404750336296
4673	(-1, -1)	b'\xe0\xa5\x87\xe0\xa4'	-9.321017308940535
4674	(-1, -1)	b'\xe4\xb8\xbe\xe8\xa1\x8c'	-9.873136063756853
4675	(-1, -1)	b' awesome'	-9.864323199617582
4676	(-1, -1)	b' \xe0\xa4\x86'	-9.875558916255514
4677	(-1, -1)	b'\xc3\xac'	-9.6683345753471
4678	(-1, -1)	b'\xe8\xa7\x84\xe5\x88\x92'	-9.876261365277022
4679	(-1, -1)	b'\xe5\xae\x9c'	-10.200151785327767
4680	(-1, -1)	b'\xe9\xb2\x9c'	-9.876325248753583
4681	(-1, -1)	b' human'	-9.686134228615668
4682	(-1, -1)	b'\xe6\x99\xb6'	-10.400312341765973
4683	(-1, -1)	b' goes'	-9.87722004620559
4684	(-1, -1)	b'\xe5\xb0\xbd\xe7\xae\xa1'	-9.877923663466845
4685	(-1, -1)	b'aul'	-11.168605403145525
4686	(-1, -1)	b'-w'	-10.274470378917414
4687	(-1, -1)	b' please'	-9.731739105684
4688	(-1, -1)	b' building'	-9.677718441516019
4689	(-1, -1)	b' particular'	-10.506164461201063
4690	(-1, -1)	b' los'	-10.662255937363767
4691	(-1, -1)	b'\xe4\xbc\xb4'	-10.250687709843342
4692	(-1, -1)	b'\xe8\xbd\xaf'	-10.273804694902532
4693	(-1, -1)	b' 22'	-9.815418818779003
4694	(-1, -1)	b'\xe8\x8d\xa3'	-9.882670000386918
4695	(-1, -1)	b'field'	-9.721070871428042
4696	(-1, -1)	b'ael'	-11.092920235250345
4697	(-1, -1)	b' include'	-9.883570495720168
4698	(-1, -1)	b'199'	-9.881898792122472
4699	(-1, -1)	b'\xe5\xa0\x82'	-9.884149814071796
4700	(-1, -1)	b' Market'	-9.884278597072617
4701	(-1, -1)	b' earlier'	-9.884278597072617
4702	(-1, -1)	b'\xe4\xb8\x8d\xe5\x88\xb0'	-9.885696305777657
4703	(-1, -1)	b'though'	-10.43958915747474
4704	(-1, -1)	b'\xe6\x9c\x80\xe6\x96\xb0'	-9.715724723732128
4705	(-1, -1)	b'\xe7\xa8\xb1'	-9.885116091081947
4706	(-1, -1)	b' easy'	-9.884793894990622
4707	(-1, -1)	b'mit'	-9.872308538963456
4708	(-1, -1)	b'\xe5\x90\x8e\xe7\x9a\x84'	-10.232644322426083
4709	(-1, -1)	b' mph'	-9.886083302686512
4710	(-1, -1)	b'\xe8\xa7\x92\xe8\x89\xb2'	-9.810621496074
4711	(-1, -1)	b'\xe4\xb8\x8a\xe5\x8d\x87'	-9.888085176074695
4712	(-1, -1)	b'ability'	-9.887568179811401
4713	(-1, -1)	b'\xe4\xbd\xb3\xe8\x83\xbd'	-9.887697403821402
4714	(-1, -1)	b'\xe8\xb4\x9d'	-9.888020536922737
4715	(-1, -1)	b' position'	-9.882477142554684
4716	(-1, -1)	b'\xe5\xb9\xbb'	-9.888343774472824
4717	(-1, -1)	b' Twitter'	-9.886793186230891
4718	(-1, -1)	b'\xe4\xb8\x9c\xe8\xa5\xbf'	-10.48703933114318
4719	(-1, -1)	b' average'	-9.791306955253905
4720	(-1, -1)	b'\xe8\xbf\x99\xe9\x87\x8c'	-10.414546297518589
4721	(-1, -1)	b'AM'	-9.955878287369742
4722	(-1, -1)	b'uy'	-9.95029071721548
4723	(-1, -1)	b'\xe7\x9a\x84\xe9\x97\xae\xe9\xa2\x98'	-9.81253766432497
4724	(-1, -1)	b'\xe4\xb8\x9d'	-9.89002629606304
4725	(-1, -1)	b' celebr'	-10.495547003869452
4726	(-1, -1)	b'\xe4\xbc\x9a\xe6\x9c\x89'	-10.465735923782267
4727	(-1, -1)	b'rod'	-10.973341673561249
4728	(-1, -1)	b'\xe9\xba\xa6'	-9.891387325470454
4729	(-1, -1)	b'\xe6\x8a\x93'	-9.891646779321555
4730	(-1, -1)	b'\xe5\x85\xb3\xe9\x94\xae'	-9.88976726225768
4731	(-1, -1)	b' reports'	-9.89255539828334
4732	(-1, -1)	b' mother'	-9.892295708611037
4733	(-1, -1)	b' sound'	-9.898873608521717
4734	(-1, -1)	b'\xe7\xae\x80\xe5\x8d\x95'	-10.251338176808618
4735	(-1, -1)	b'-4'	-10.182816383603752
4736	(-1, -1)	b' Off'	-11.1352079716938
4737	(-1, -1)	b' cy'	-9.700552056108334
4738	(-1, -1)	b' App'	-10.461942161687684
4739	(-1, -1)	b' sold'	-9.894700415193414
4740	(-1, -1)	b' Also'	-9.8921009856039
4741	(-1, -1)	b'\xd0\xb3\xd0\xb0\xd0\xbd'	-9.869576210019735
4742	(-1, -1)	b' base'	-9.968688264822015
4743	(-1, -1)	b'\xe8\x81\x9a'	-9.897241381475698
4744	(-1, -1)	b'At'	-9.817705634483413
4745	(-1, -1)	b' ok'	-10.467119049867218
4746	(-1, -1)	b' staff'	-9.89808980704462
4747	(-1, -1)	b'\xe5\x8e\x85'	-9.89835100594907
4748	(-1, -1)	b'\xe5\xb0\xbe'	-9.898481630990076
4749	(-1, -1)	b'\xe5\x85\xa8\xe9\x83\xa8'	-9.897306619431165
4750	(-1, -1)	b'ona'	-10.097904828538839
4751	(-1, -1)	b'ulation'	-10.351671174819817
4752	(-1, -1)	b' enc'	-10.623348012396114
4753	(-1, -1)	b'\xe8\xbf\x99\xe4\xb9\x88'	-9.899527246037636
4754	(-1, -1)	b' target'	-9.688884679942314
4755	(-1, -1)	b' ones'	-9.915543406489443
4756	(-1, -1)	b'\xe0\xa9\xb1\xe0\xa8'	-10.3673102486769
4757	(-1, -1)	b'\xc5\xa1'	-9.900443056921295
4758	(-1, -1)	b'\xe7\x9b\xb8\xe5\xaf\xb9'	-9.900835804193477
4759	(-1, -1)	b' bab'	-11.060666219299197
4760	(-1, -1)	b'\xe6\x9d\xb1'	-9.902080522491037
4761	(-1, -1)	b'\xe7\x9a\x87'	-9.902342765985622
4762	(-1, -1)	b'\xea\xb3'	-10.620385845156791
4763	(-1, -1)	b' \xed'	-9.938324353357649
4764	(-1, -1)	b'cer'	-10.324902872707305
4765	(-1, -1)	b'\xe6\xbb\x91'	-10.648195707129762
4766	(-1, -1)	b'oint'	-10.111875348814603
4767	(-1, -1)	b'ese'	-10.654296668926714
4768	(-1, -1)	b'\xeb\x8a\x94'	-9.90549506386097
4769	(-1, -1)	b' total'	-9.830438480975044
4770	(-1, -1)	b'\xe5\xa4\x9a\xe7\x9a\x84'	-10.547421306791682
4771	(-1, -1)	b' rate'	-9.906284693434143
4772	(-1, -1)	b'\xe0\xb1\x8b'	-9.908129590840867
4773	(-1, -1)	b'\xe5\x8e\x9a'	-9.908195543025556
4774	(-1, -1)	b'\xe0\xb0\x82\xe0\xb0'	-9.654626553428917
4775	(-1, -1)	b' exactly'	-9.908459395269832
4776	(-1, -1)	b'\xe9\xa6\x96\xe6\xac\xa1'	-9.90852536921015
4777	(-1, -1)	b'\xe6\x9e\xb6'	-9.908591347503314
4778	(-1, -1)	b'\xe3\x81\x84'	-9.908855304215946
4779	(-1, -1)	b'\xe5\x8a\xaa\xe5\x8a\x9b'	-9.909317396180468
4780	(-1, -1)	b'\xe7\x8c\xae'	-10.78802676994732
4781	(-1, -1)	b'\xe5\xae\x9e\xe6\x96\xbd'	-9.901228705776687
4782	(-1, -1)	b' led'	-9.921206879001502
4783	(-1, -1)	b'\xe7\xab\xa5'	-10.67013775156602
4784	(-1, -1)	b' Washington'	-9.911234055172427
4785	(-1, -1)	b'ressed'	-10.97372444868554
4786	(-1, -1)	b'idge'	-10.383303855585785
4787	(-1, -1)	b'\xe4\xbe\x9d\xe7\x84\xb6'	-9.91229309683879
4788	(-1, -1)	b' myself'	-9.912690526796993
4789	(-1, -1)	b'aving'	-10.56532846877563
4790	(-1, -1)	b'\xe6\x9c\x80\xe5\xa4\xa7\xe7\x9a\x84'	-9.879396464936926
4791	(-1, -1)	b'\xe4\xb8\x8d\xe9\x94\x99'	-10.324102792656625
4792	(-1, -1)	b' fan'	-9.86444945427339
4793	(-1, -1)	b' general'	-9.896850043093455
4794	(-1, -1)	b'\xe8\x8f\x9c'	-9.91507842923174
4795	(-1, -1)	b'\xe6\x8e\xa8\xe5\x87\xba'	-9.775876796716807
4796	(-1, -1)	b'\xe1\x8a\x93'	-9.674632907075246
4797	(-1, -1)	b'\xe7\x9b\xb8\xe6\xaf\x94'	-9.915211257816646
4798	(-1, -1)	b'\xe8\xaf\xaf'	-9.916607024219177
4799	(-1, -1)	b'oh'	-10.095913510026662
4800	(-1, -1)	b'\xd9\x83'	-9.690209709949348
4801	(-1, -1)	b' kids'	-9.917472047395849
4802	(-1, -1)	b'\xe7\xa1\xae\xe5\xae\x9a'	-9.91980468199681
4803	(-1, -1)	b'\xe5\xbd\x93\xe5\x9c\xb0'	-9.931887798733086
4804	(-1, -1)	b'apt'	-10.153394950771942
4805	(-1, -1)	b'\xe6\x96\xb9\xe6\xb3\x95'	-9.920538920924432
4806	(-1, -1)	b'\xe7\x9a\x84\xe8\xaf\x9d'	-9.822234490990816
4807	(-1, -1)	b'\xe5\xa4\xba'	-9.92180842298248
4808	(-1, -1)	b' Highs'	-9.921541025427574
4809	(-1, -1)	b' bo'	-9.888925865489487
4810	(-1, -1)	b' study'	-9.92254413515157
4811	(-1, -1)	b'\xe3\x82\x8b'	-9.922677959173182
4812	(-1, -1)	b'play'	-10.343381714263426
4813	(-1, -1)	b'\xe7\x9b\x88'	-10.768660660492943
4814	(-1, -1)	b' space'	-9.749982798374479
4815	(-1, -1)	b'\xe5\xa4\xa7\xe9\x87\x8f'	-9.884793894990622
4816	(-1, -1)	b' mass'	-10.541688489495673
4817	(-1, -1)	b'\xe8\x88\x9e'	-9.924888645050899
4818	(-1, -1)	b' fell'	-10.390542550170169
4819	(-1, -1)	b'85'	-9.847175273330569
4820	(-1, -1)	b'\xe6\x88\xbf\xe4\xbb\xb7'	-9.927037017814108
4821	(-1, -1)	b'\xe4\xb8\xbb\xe9\x98\x9f'	-9.92737311837856
4822	(-1, -1)	b'\xe7\x94\xb5\xe5\xad\x90'	-9.927843849028456
4823	(-1, -1)	b'lement'	-10.282109835475373
4824	(-1, -1)	b'\xe6\x8e\x88'	-10.71315824221084
4825	(-1, -1)	b'\xe5\xa4\x84\xe4\xba\x8e'	-9.928314801370055
4826	(-1, -1)	b'\xe5\xb0\x86\xe5\x9c\xa8'	-10.129494075366198
4827	(-1, -1)	b'\xe0\xaa\xa4'	-10.251896056878875
4828	(-1, -1)	b'\xe4\xbd\x93\xe9\xaa\x8c'	-9.900050463838976
4829	(-1, -1)	b'ging'	-9.691802066973711
4830	(-1, -1)	b'\xe7\x97\x9b'	-9.929863779691013
4831	(-1, -1)	b'\xe6\x94\xbf\xe6\xb2\xbb'	-9.929998586916884
4832	(-1, -1)	b'\xe5\xb2\xb8'	-10.605440277398735
4833	(-1, -1)	b'\x99\xe1\x80'	-10.412469226534075
4834	(-1, -1)	b'\xe3\x81\xa8'	-9.930807812127947
4835	(-1, -1)	b'\xe8\xb6\x8a\xe6\x9d\xa5\xe8\xb6\x8a'	-9.928382098385459
4836	(-1, -1)	b'\xe5\x80\xbc\xe5\xbe\x97'	-9.931415161068571
4837	(-1, -1)	b'\xe1\x88\xa8'	-9.902277198664352
4838	(-1, -1)	b' site'	-9.930335684509828
4839	(-1, -1)	b'\xe7\x9a\x84\xe5\xb0\x8f'	-10.000436963136595
4840	(-1, -1)	b'\xe0\xa5\x82'	-9.933848252293213
4841	(-1, -1)	b' India'	-9.931482667059754
4842	(-1, -1)	b'\xd9\x88\xd9\x84'	-9.83938736079945
4843	(-1, -1)	b' America'	-9.750208036282972
4844	(-1, -1)	b' \xd0\xbd\xd0\xb0'	-9.650897207360966
4845	(-1, -1)	b' Ob'	-10.569536316871448
4846	(-1, -1)	b'\xe2\x80\x99'	-9.93513477446003
4847	(-1, -1)	b'Mostly'	-9.875048353987738
4848	(-1, -1)	b'ico'	-10.441948311520667
4849	(-1, -1)	b'\xe7\x94\xa8\xe6\x88\xb7'	-9.935270294178357
4850	(-1, -1)	b' port'	-9.85997714673395
4851	(-1, -1)	b' fit'	-9.757556023221852
4852	(-1, -1)	b'urt'	-10.049426047711396
4853	(-1, -1)	b'\xe8\xb5\xb5'	-9.93710161018513
4854	(-1, -1)	b' needed'	-9.93710161018513
4855	(-1, -1)	b'\xe9\x9a\x86'	-9.937237396728893
4856	(-1, -1)	b'\xe6\x88\x90\xe4\xba\xa4'	-10.349002864533857
4857	(-1, -1)	b'\xe8\xb7\xb3'	-9.937576943776397
4858	(-1, -1)	b'\xe6\x9f\x9c'	-10.304404061158934
4859	(-1, -1)	b'\xe7\xbb\x93\xe6\x9e\x84'	-9.938120458974232
4860	(-1, -1)	b'ran'	-9.966169019262898
4861	(-1, -1)	b' Med'	-9.931752736604302
4862	(-1, -1)	b'ibility'	-10.376643859511313
4863	(-1, -1)	b'Do'	-9.768450806283523
4864	(-1, -1)	b'ni'	-9.52901491315913
4865	(-1, -1)	b'\xe6\x8b\x9b\xe7\x94\x9f'	-9.939888926310392
4866	(-1, -1)	b'\xe8\xa1\xa1'	-10.678224622621949
4867	(-1, -1)	b' worked'	-9.940842474945509
4868	(-1, -1)	b'\xe0\xb7\x9a'	-9.941183248504778
4869	(-1, -1)	b' inside'	-9.845067790991003
4870	(-1, -1)	b' Police'	-9.939004301707772
4871	(-1, -1)	b'\xe6\x89\x8d\xe8\x83\xbd'	-9.945213170969721
4872	(-1, -1)	b'\xe0\xb1\x87'	-11.079425331943655
4873	(-1, -1)	b'\xe6\x99\xa8'	-10.425771242053912
4874	(-1, -1)	b' cop'	-10.576717676280113
4875	(-1, -1)	b'\xe5\xbc\x9f'	-10.538710450317433
4876	(-1, -1)	b'\xe5\x9b\xa0\xe7\xb4\xa0'	-9.944187073810909
4877	(-1, -1)	b'\xe6\x88\x91\xe5\x9b\xbd'	-9.939344449335122
4878	(-1, -1)	b' huge'	-9.944118704754718
4879	(-1, -1)	b'\xe5\xa7\x90'	-10.403337735753766
4880	(-1, -1)	b' Department'	-9.937644867023154
4881	(-1, -1)	b'\xe6\x80\x95'	-9.946034807441826
4882	(-1, -1)	b' Ne'	-9.90556084251582
4883	(-1, -1)	b'\xe7\x81\xbe'	-9.947337114079158
4884	(-1, -1)	b'\xe7\x9b\xb8\xe4\xbf\xa1'	-9.947748721411578
4885	(-1, -1)	b'\xe4\xb8\x81'	-9.947885961513352
4886	(-1, -1)	b'\xe6\x98\xa8\xe5\xa4\xa9'	-9.947954588627951
4887	(-1, -1)	b'\xe6\x8e\xaa\xe6\x96\xbd'	-9.948229144192858
4888	(-1, -1)	b'ped'	-10.925517842779074
4889	(-1, -1)	b'37'	-10.009665003190417
4890	(-1, -1)	b'\xe5\x87\x8f\xe5\xb0\x91'	-9.94919068272848
4891	(-1, -1)	b'\xe5\x85\x91'	-9.94919068272848
4892	(-1, -1)	b'\xe7\x8e\x89'	-9.949259399443848
4893	(-1, -1)	b' ah'	-10.028529316187553
4894	(-1, -1)	b'pite'	-10.952698955905952
4895	(-1, -1)	b'\xe6\x81\x90'	-9.951116537921694
4896	(-1, -1)	b'\xe7\x8b\x82'	-10.418054303747079
4897	(-1, -1)	b'icult'	-11.071161697674217
4898	(-1, -1)	b'\xe6\x9a\x96'	-10.299905276065235
4899	(-1, -1)	b'\xe7\x9c\x9f\xe6\xad\xa3'	-10.350746723005225
4900	(-1, -1)	b'\xe8\x8b\xa6'	-9.952149773763573
4901	(-1, -1)	b'\xe8\x92\x82'	-9.95221869412612
4902	(-1, -1)	b'\xe7\xbb\x8f\xe8\x90\xa5'	-9.952287619239012
4903	(-1, -1)	b' board'	-9.82976748329836
4904	(-1, -1)	b' wants'	-9.952425483718448
4905	(-1, -1)	b' When'	-9.924017185300757
4906	(-1, -1)	b' career'	-9.875558916255514
4907	(-1, -1)	b' result'	-9.82921881988959
4908	(-1, -1)	b' \xe0\xa4\xac'	-9.95283919123314
4909	(-1, -1)	b'ript'	-10.702739188385536
4910	(-1, -1)	b' round'	-9.76461554585097
4911	(-1, -1)	b'\xd0\xbe\xd1'	-11.286213994841587
4912	(-1, -1)	b'ences'	-10.668161466337809
4913	(-1, -1)	b'\xe6\x8e\x8c'	-10.430652547508334
4914	(-1, -1)	b'imate'	-10.492821399290586
4915	(-1, -1)	b'\xe6\xad\xa4\xe5\x89\x8d'	-9.962819867374309
4916	(-1, -1)	b' wat'	-11.116707499758787
4917	(-1, -1)	b'\xe6\x9c\x83'	-9.955048526569817
4918	(-1, -1)	b'\xe4\xba\xa1'	-10.96590669507373
4919	(-1, -1)	b' Lows'	-9.95525590223157
4920	(-1, -1)	b'\xe6\xa0\xb8\xe5\xbf\x83'	-9.956362632648196
4921	(-1, -1)	b'oogle'	-10.799539529023107
4922	(-1, -1)	b'65'	-9.6112078718019
4923	(-1, -1)	b'\xe5\x95\x86\xe5\x93\x81'	-9.957678467873889
4924	(-1, -1)	b' latest'	-9.958025028265507
4925	(-1, -1)	b'\xe4\xba\xba\xe5\x8f\xa3'	-9.872435805906038
4926	(-1, -1)	b'ams'	-10.89126976231524
4927	(-1, -1)	b'\xe5\x8b\x87'	-9.959134829308873
4928	(-1, -1)	b'Can'	-9.924084193710337
4929	(-1, -1)	b'\xe5\x9f\x83'	-9.959343054192498
4930	(-1, -1)	b' \xe1\x89\xa0'	-9.960454319760393
4931	(-1, -1)	b'lish'	-9.991651711846265
4932	(-1, -1)	b'\xe8\x80\x81\xe5\xb8\x88'	-9.960801843656158
4933	(-1, -1)	b'\xe6\x95\x85\xe4\xba\x8b'	-10.381184761764608
4934	(-1, -1)	b'\xe7\xa7\x8b'	-9.961219031814066
4935	(-1, -1)	b'\xe8\xb4\xa2\xe6\x94\xbf'	-9.961149488366768
4936	(-1, -1)	b'\xe1\x88\xab'	-9.938936286064148
4937	(-1, -1)	b'\xe5\xbe\xae\xe5\x8d\x9a'	-9.962193148228415
4938	(-1, -1)	b'\xe4\xbb\x8d\xe7\x84\xb6'	-9.962332385209983
4939	(-1, -1)	b' card'	-9.962680562505378
4940	(-1, -1)	b'ees'	-10.161433919387484
4941	(-1, -1)	b'\xe6\x96\xb0\xe9\x97\xbb'	-9.968548140110794
4942	(-1, -1)	b'\x84\xe1\x80\xba\xe1\x80'	-10.352802222187321
4943	(-1, -1)	b' Comp'	-10.53216519694153
4944	(-1, -1)	b' clos'	-10.891798722920008
4945	(-1, -1)	b'\xe7\xaf\xae\xe6\x9d\xbf'	-10.71389608626409
4946	(-1, -1)	b' El'	-9.692811872804784
4947	(-1, -1)	b'\xe5\x88\x9b\xe6\x96\xb0'	-9.868941853236219
4948	(-1, -1)	b'ira'	-9.921407353458386
4949	(-1, -1)	b'\xe5\xa5\xb3\xe6\x80\xa7'	-9.855399618753472
4950	(-1, -1)	b' currently'	-9.966378714157596
4951	(-1, -1)	b' \xe0\xa4\xa4'	-9.98864505198228
4952	(-1, -1)	b'\xe4\xb8\xa4\xe9\x98\x9f'	-10.324502752665957
4953	(-1, -1)	b' respond'	-10.37527507803938
4954	(-1, -1)	b'\xe7\xba\xaf'	-9.967777804976933
4955	(-1, -1)	b' resident'	-10.906187460372108
4956	(-1, -1)	b'\xe5\x88\x91'	-9.967987837532752
4957	(-1, -1)	b' beat'	-9.866092217010934
4958	(-1, -1)	b' perfect'	-9.925693744054467
4959	(-1, -1)	b' cause'	-9.777495949328685
4960	(-1, -1)	b'\xe5\xb0\xa4\xe5\x85\xb6'	-11.159574428254986
4961	(-1, -1)	b'\xe8\x8d\x89'	-9.969319069118384
4962	(-1, -1)	b'\xe5\x89\x91'	-9.969809969931216
4963	(-1, -1)	b'\xe9\xa0'	-10.393860012680845
4964	(-1, -1)	b' action'	-9.970301111846018
4965	(-1, -1)	b'\xda\xbe'	-9.970301111846018
4966	(-1, -1)	b'akers'	-10.22782064981938
4967	(-1, -1)	b'\xe5\xbc\x97'	-9.971986860647274
4968	(-1, -1)	b'\xe5\xae\x97'	-9.972408742245431
4969	(-1, -1)	b'\xe1\x89\xb3'	-10.221304789662057
4970	(-1, -1)	b' amazing'	-9.973816301067448
4971	(-1, -1)	b'\xe0\xb8\xa2'	-9.955048526569817
4972	(-1, -1)	b' mention'	-10.552307616081544
4973	(-1, -1)	b' League'	-9.967078014885393
4974	(-1, -1)	b'\xe6\x9b\xb4\xe6\x98\xaf'	-9.915012021554986
4975	(-1, -1)	b'\xe5\x94\xaf'	-11.154057172880231
4976	(-1, -1)	b'\xe5\xb9\xbf\xe5\xb7\x9e'	-9.975296373226843
4977	(-1, -1)	b' victim'	-10.696771628284598
4978	(-1, -1)	b'load'	-10.41083247566401
4979	(-1, -1)	b' Me'	-9.715996795560768
4980	(-1, -1)	b' NIGHT'	-9.976708005307671
4981	(-1, -1)	b' risk'	-9.71795790094497
4982	(-1, -1)	b'\xe6\x94\xb9\xe9\x9d\xa9'	-9.977555942045871
4983	(-1, -1)	b'\xe6\x95\xa3'	-9.978404598391007
4984	(-1, -1)	b' bur'	-10.033675317027882
4985	(-1, -1)	b' TV'	-9.979253975565515
4986	(-1, -1)	b' 2014'	-9.978758417875998
4987	(-1, -1)	b'\xe0\xb8\xa5'	-9.964074485228988
4988	(-1, -1)	b'\xe8\x85\xbf'	-9.979678934846646
4989	(-1, -1)	b'\xe0\xa6\xa8'	-9.962819867374309
4990	(-1, -1)	b' wrote'	-9.979749778954217
4991	(-1, -1)	b' Donald'	-9.98067120936282
4992	(-1, -1)	b'\xe5\xae\xbe'	-10.34429937938008
4993	(-1, -1)	b' increase'	-9.795305079112184
4994	(-1, -1)	b'itor'	-10.125797820798567
4995	(-1, -1)	b' ver'	-10.095595266726974
4996	(-1, -1)	b'\xd0\xb8\xd1\x80'	-9.75223746366646
4997	(-1, -1)	b' himself'	-9.98315621188411
4998	(-1, -1)	b'\xe7\xbc\x93'	-9.983511716882699
4999	(-1, -1)	b' heart'	-9.866408442545618
5000	(-1, -1)	b'oid'	-11.163038234974174
5001	(-1, -1)	b'\xe4\xb8\x8d\xe5\x8f\xaf'	-9.97205716188812
5002	(-1, -1)	b'\xe8\xb4\xa3\xe4\xbb\xbb'	-9.918870975112915
5003	(-1, -1)	b'\xe5\xbb\x89'	-10.638839557426223
5004	(-1, -1)	b' San'	-9.801984577863825
5005	(-1, -1)	b'\xe5\xae\x98\xe6\x96\xb9'	-10.367727872403997
5006	(-1, -1)	b' creat'	-10.624562341628517
5007	(-1, -1)	b' development'	-9.856714296377326
5008	(-1, -1)	b'\xe8\xa7\x82\xe4\xbc\x97'	-9.986217693040736
5009	(-1, -1)	b'\xe6\x99\xae\xe9\x80\x9a'	-9.987145105270574
5010	(-1, -1)	b'\xe7\x84\xb6\xe5\x90\x8e'	-9.98878802145854
5011	(-1, -1)	b' School'	-9.986217693040736
5012	(-1, -1)	b' lab'	-9.98793051104441
5013	(-1, -1)	b'\xe6\x97\xa2'	-9.988001942166981
5014	(-1, -1)	b'yes'	-10.83007500619082
5015	(-1, -1)	b'\xe6\x9b\xbf'	-10.354655790836643
5016	(-1, -1)	b' died'	-9.98857357490852
5017	(-1, -1)	b'EC'	-9.940229375025082
5018	(-1, -1)	b'\xe4\xb8\xbb\xe5\xb8\xad'	-9.989145534600956
5019	(-1, -1)	b'\xe6\x8e\xa8\xe5\x8a\xa8'	-9.989503175604732
5020	(-1, -1)	b' \xc3\xa0'	-9.989574719156899
5021	(-1, -1)	b'\xe4\xb8\xa5\xe9\x87\x8d'	-9.98907402174649
5022	(-1, -1)	b'PC'	-10.33495826160514
5023	(-1, -1)	b' \xe1\x88\x98'	-9.990863379129047
5024	(-1, -1)	b'\xe0\xaa\xae'	-10.78026681335764
5025	(-1, -1)	b'\xe5\xbc\x80\xe6\x94\xbe'	-9.99172340928311
5026	(-1, -1)	b' sorry'	-9.99287126793558
5027	(-1, -1)	b' takes'	-9.99308663819378
5028	(-1, -1)	b'inn'	-9.738506757852655
5029	(-1, -1)	b'\xaf\xe0\xa6\xbc'	-10.81722474699204
5030	(-1, -1)	b'\xe9\x87\x8e'	-9.994667438982843
5031	(-1, -1)	b'\xe4\xbf\x9d\xe9\x9a\x9c'	-9.995386811720865
5032	(-1, -1)	b' Inc'	-9.964702384925204
5033	(-1, -1)	b'\xe6\xb5\x8b\xe8\xaf\x95'	-9.99567470577784
5034	(-1, -1)	b'\xe1\x88\x98'	-9.995746692244417
5035	(-1, -1)	b'lev'	-10.942442455738764
5036	(-1, -1)	b'\xe6\x87'	-10.57030328610245
5037	(-1, -1)	b'\xe9\x9b\xb6'	-9.996682988182313
5038	(-1, -1)	b'\xe8\xaf\xb4\xe6\x98\x8e'	-9.997403812836891
5039	(-1, -1)	b' squ'	-10.394074420914942
5040	(-1, -1)	b'\xe8\x92\x99'	-9.997980846897912
5041	(-1, -1)	b'\xe4\xb8\x8a\xe5\x91\xa8'	-10.123504805298733
5042	(-1, -1)	b' age'	-9.992512420549522
5043	(-1, -1)	b' role'	-9.833188169548748
5044	(-1, -1)	b' Mus'	-10.603719903785777
5045	(-1, -1)	b'\xe7\xa1\xac'	-10.001377662941847
5046	(-1, -1)	b'venue'	-10.407458322802949
5047	(-1, -1)	b'\xe9\x9b\xaa'	-10.002029435423912
5048	(-1, -1)	b' focus'	-9.987787664104664
5049	(-1, -1)	b'\xe6\x81\x8b'	-10.002536663433773
5050	(-1, -1)	b'\xe5\x8f\xaa\xe8\x83\xbd'	-10.002826623566285
5051	(-1, -1)	b' global'	-9.914016435238391
5052	(-1, -1)	b'66'	-9.83068259180257
5053	(-1, -1)	b' investigation'	-9.872244911565476
5054	(-1, -1)	b'\xd0\xb5\xd0\xbb'	-10.03907344079744
5055	(-1, -1)	b'\xe6\xb6\x82'	-10.901190127109373
5056	(-1, -1)	b' Thank'	-10.004495527919106
5057	(-1, -1)	b'\xe1\x8b\xab'	-9.807634814444004
5058	(-1, -1)	b' si'	-9.745432612168077
5059	(-1, -1)	b'aid'	-9.81157912123696
5060	(-1, -1)	b'\xe5\x8f\xa6\xe4\xb8\x80'	-9.89249046954261
5061	(-1, -1)	b'\xe9\x80\x82\xe5\x90\x88'	-10.007113330461184
5062	(-1, -1)	b'alk'	-10.105909994566842
5063	(-1, -1)	b'\xe5\xae\x87'	-10.006967717064494
5064	(-1, -1)	b'ming'	-9.864386324952955
5065	(-1, -1)	b' box'	-10.007331790320054
5066	(-1, -1)	b'\xc3\xa8'	-9.938596277220643
5067	(-1, -1)	b' town'	-10.009081189410425
5068	(-1, -1)	b'\xe7\xbb\x84\xe5\x9b\xbe'	-10.009957037944627
5069	(-1, -1)	b" couldn't"	-10.009957037944627
5070	(-1, -1)	b' amount'	-9.848727731182656
5071	(-1, -1)	b'\xe6\xb3\x95\xe9\x99\xa2'	-10.015154897299281
5072	(-1, -1)	b' 23'	-9.927911114356567
5073	(-1, -1)	b' weekend'	-9.93676222447001
5074	(-1, -1)	b'\xe6\xb7\xb1\xe5\x9c\xb3'	-10.012076844301083
5075	(-1, -1)	b' oil'	-9.995458777465203
5076	(-1, -1)	b' \xe0\xa8\xb8'	-10.012735629963382
5077	(-1, -1)	b'MP'	-9.947680108423112
5078	(-1, -1)	b'\xe6\xbc\xab'	-10.595162152921496
5079	(-1, -1)	b'\xe4\xbd\x8d\xe7\xbd\xae'	-10.010030059960798
5080	(-1, -1)	b'\xe3\x81\x97'	-10.423560319198842
5081	(-1, -1)	b'\xe5\xad\x99'	-10.013541402266437
5082	(-1, -1)	b'\xe6\x97\xa0\xe8\xae\xba'	-10.647642915518118
5083	(-1, -1)	b'\xe4\xba\xa6'	-10.013614686499368
5084	(-1, -1)	b' To'	-9.292749685457274
5085	(-1, -1)	b'TH'	-10.471859217133499
5086	(-1, -1)	b' plans'	-10.01508150011036
5087	(-1, -1)	b'unk'	-9.931145182665203
5088	(-1, -1)	b'Ex'	-9.966378714157596
5089	(-1, -1)	b' specific'	-10.38990172989832
5090	(-1, -1)	b' IS'	-10.209557355996582
5091	(-1, -1)	b' \xe0\xa4\xb5'	-10.015742268828651
5092	(-1, -1)	b'\xe0\xa9\x8b'	-10.015742268828651
5093	(-1, -1)	b' Day'	-9.951323099701614
5094	(-1, -1)	b' posted'	-10.01603608402101
5095	(-1, -1)	b' usually'	-10.016844521209054
5096	(-1, -1)	b' incident'	-10.017285762575234
5097	(-1, -1)	b'anda'	-9.924888645050899
5098	(-1, -1)	b' review'	-10.017432886306558
5099	(-1, -1)	b'\xe7\xa6\x81'	-10.017506456290038
5100	(-1, -1)	b'\xe9\xab\x98\xe7\x9a\x84'	-10.4912841199717
5101	(-1, -1)	b'\xe7\xa8\x8b\xe5\xba\xa6'	-10.018021597781358
5102	(-1, -1)	b'\xe8\x83\xb8'	-10.018463358943011
5103	(-1, -1)	b'\xe5\x90\x8c\xe6\xaf\x94'	-10.638155047850589
5104	(-1, -1)	b'\xe8\xb5\xb0\xe5\x8a\xbf'	-10.019494894548775
5105	(-1, -1)	b'\xe6\x9a\x82'	-10.445441076042679
5106	(-1, -1)	b'\xe5\xb7\xa7'	-10.019863558147419
5107	(-1, -1)	b'\xe6\xaf\x95\xe4\xb8\x9a'	-10.44318628365559
5108	(-1, -1)	b'\xe8\x84\xb8'	-10.020084821562417
5109	(-1, -1)	b'\xe5\xbb\xba\xe7\xab\x8b'	-10.02023235770904
5110	(-1, -1)	b'\xe6\x9a\x97'	-10.020158586914864
5111	(-1, -1)	b'\xd8\xa7\xd8\xaf'	-9.938324353357649
5112	(-1, -1)	b'To'	-9.809366003128169
5113	(-1, -1)	b'\xe7\xbf\xbb'	-10.02082272006107
5114	(-1, -1)	b' January'	-10.020896539866957
5115	(-1, -1)	b'\xe5\x91\xbd\xe4\xb8\xad'	-10.037195788062078
5116	(-1, -1)	b' log'	-10.021044195828834
5117	(-1, -1)	b'ford'	-9.787733953942114
5118	(-1, -1)	b'\xe8\xad\xa6\xe6\x96\xb9'	-10.020675096795374
5119	(-1, -1)	b'\xe5\xb9\xb3\xe7\xb1\xb3'	-10.022004491378162
5120	(-1, -1)	b' parents'	-10.022004491378162
5121	(-1, -1)	b'FL'	-11.010574314489144
5122	(-1, -1)	b' above'	-10.022448015927123
5123	(-1, -1)	b' \xd1\x87'	-10.02252195581403
5124	(-1, -1)	b'\xe0\xb0\xb0'	-9.85414914966468
5125	(-1, -1)	b'\xe4\xbe\xa0'	-10.438804007975598
5126	(-1, -1)	b'hh'	-10.349105360305995
5127	(-1, -1)	b'ilt'	-11.002267304694412
5128	(-1, -1)	b'\xe5\xbf\x83\xe7\x90\x86'	-10.025187439400169
5129	(-1, -1)	b'cy'	-10.644332567667526
5130	(-1, -1)	b'\xe4\xbd\x8f\xe6\x88\xbf'	-10.026894114396107
5131	(-1, -1)	b'\xe5\x90\xb8\xe5\xbc\x95'	-10.023779771081042
5132	(-1, -1)	b'\xe0\xa4\xb0\xe0\xa5\x8d\xe0\xa4'	-9.94473419460147
5133	(-1, -1)	b'\xe6\xb4\x97'	-10.024075957680763
5134	(-1, -1)	b'room'	-9.958302363079735
5135	(-1, -1)	b'\xe5\xb8\x9d'	-10.024446314338455
5136	(-1, -1)	b'\xe8\xae\xa9\xe4\xba\xba'	-10.025039170440005
5137	(-1, -1)	b' website'	-9.907009068692185
5138	(-1, -1)	b'\xe5\x88\xa9\xe6\xb6\xa6'	-10.491638667041537
5139	(-1, -1)	b'\xe8\x8b\xb1\xe5\xaf\xb8'	-10.025558208007732
5140	(-1, -1)	b'\xe6\x8f\xb4'	-10.025706553950743
5141	(-1, -1)	b' ahead'	-10.025780735175507
5142	(-1, -1)	b' value'	-9.652683514519298
5143	(-1, -1)	b'\xe8\x81\x94\xe5\x90\x88'	-10.024075957680763
5144	(-1, -1)	b' sounds'	-10.020306133945748
5145	(-1, -1)	b'\xe6\xb7\xb7'	-10.439925838921162
5146	(-1, -1)	b'\xe5\xbe\x90'	-10.027488423900264
5147	(-1, -1)	b'\xe5\x87\xa0\xe4\xb9\x8e'	-10.027860046781646
5148	(-1, -1)	b'38'	-10.004713416578863
5149	(-1, -1)	b'\xe0\xa8\xa8'	-10.084126797611113
5150	(-1, -1)	b' self'	-10.028231807817937
5151	(-1, -1)	b'\xe7\x9c\x8b\xe5\xa5\xbd'	-9.977273216570422
5152	(-1, -1)	b'\xe4\xbb\x96\xe4\xbb\xac\xe7\x9a\x84'	-10.065892052514123
5153	(-1, -1)	b'\xe8\x87\xaa\xe5\x8a\xa8'	-10.028157444553354
5154	(-1, -1)	b' \xe0\xa8\xb9'	-10.453600686137305
5155	(-1, -1)	b'\xe6\xa6\x9c'	-10.029199033814995
5156	(-1, -1)	b' represent'	-9.85665165347318
5157	(-1, -1)	b'\xc3\xaa'	-10.817061067476166
5158	(-1, -1)	b' interview'	-10.024742698454435
5159	(-1, -1)	b' nearly'	-10.03001818715417
5160	(-1, -1)	b'iya'	-9.242156996417812
5161	(-1, -1)	b'\xe4\xbd\x9c\xe5\x93\x81'	-10.030241709116133
5162	(-1, -1)	b' correct'	-10.021118031986434
5163	(-1, -1)	b'\xe5\xb0\xb1\xe4\xbc\x9a'	-9.973675455996792
5164	(-1, -1)	b' situation'	-9.83496420578128
5165	(-1, -1)	b' fast'	-10.030465281051335
5166	(-1, -1)	b' cal'	-9.947748721411578
5167	(-1, -1)	b'\xe5\xa4\xaa\xe9\x98\xb3'	-10.032031685727711
5168	(-1, -1)	b'\xe0\xa4\xaa'	-10.02667133936084
5169	(-1, -1)	b'\xe0\xb8\xb4'	-10.033301527168186
5170	(-1, -1)	b' Pat'	-10.725626861516533
5171	(-1, -1)	b'\xe7\xb2\xbe\xe7\xa5\x9e'	-10.033974449545816
5172	(-1, -1)	b'\xe7\xb2\x89'	-10.034423316165158
5173	(-1, -1)	b'\xe5\xbf\xab\xe9\x80\x9f'	-10.027414115893542
5174	(-1, -1)	b' 80'	-10.017727198721309
5175	(-1, -1)	b'\xe6\xaf\x8f\xe5\xa4\xa9'	-10.035171875223991
5176	(-1, -1)	b'\xe6\x9c\xba\xe8\xba\xab'	-10.037871336971238
5177	(-1, -1)	b'\xda\xaf'	-10.035321654300136
5178	(-1, -1)	b'\xe4\xb8\xb0\xe5\xaf\x8c'	-10.560251671477387
5179	(-1, -1)	b' fix'	-10.344401394172314
5180	(-1, -1)	b'yo'	-9.998991458403836
5181	(-1, -1)	b' personal'	-9.874856960322283
5182	(-1, -1)	b'\xe4\xbb\xa5\xe4\xb8\x8b'	-9.940433699902346
5183	(-1, -1)	b' looked'	-10.036745675526348
5184	(-1, -1)	b'\xe0\xa8\xa4'	-10.63065620570284
5185	(-1, -1)	b'48'	-9.700444886458676
5186	(-1, -1)	b'\xe6\x91\x86'	-10.037871336971238
5187	(-1, -1)	b'ota'	-9.884085428790248
5188	(-1, -1)	b' With'	-10.017285762575234
5189	(-1, -1)	b'\xe1\x8b\xb0'	-9.858846493347167
5190	(-1, -1)	b'anger'	-10.052469032181982
5191	(-1, -1)	b'\xe6\xbd\x9c'	-10.443073677383302
5192	(-1, -1)	b' Court'	-9.98251662120033
5193	(-1, -1)	b'\xdb\x8c\xd9\x86'	-10.372018601607287
5194	(-1, -1)	b'\xe5\xb9\xb4\xe8\xbd\xbb'	-10.03854734255525
5195	(-1, -1)	b'icks'	-10.823793993805952
5196	(-1, -1)	b' ko'	-9.691111734259044
5197	(-1, -1)	b'bor'	-9.705386616448752
5198	(-1, -1)	b'\xe4\xbf\x84'	-10.714486753735486
5199	(-1, -1)	b' wish'	-9.84148289315334
5200	(-1, -1)	b'\xe7\xaa\x81\xe7\xa0\xb4'	-10.04027699141662
5201	(-1, -1)	b'\xc3\xb2'	-9.953253069972579
5202	(-1, -1)	b'like'	-10.282301571646988
5203	(-1, -1)	b'\xe9\x81\x8d'	-11.068211843027797
5204	(-1, -1)	b'\xe7\xbb\xb4\xe6\x8c\x81'	-10.041708091724889
5205	(-1, -1)	b' 90'	-10.013981188244353
5206	(-1, -1)	b'\xe9\x98\xb2\xe5\xae\x88'	-10.042386696840468
5207	(-1, -1)	b'\xe5\x85\xac\xe5\x8f\xb8\xe7\x9a\x84'	-10.104945984209408
5208	(-1, -1)	b' military'	-10.042763898761127
5209	(-1, -1)	b' \xe0\xaa\x95'	-10.04291481937717
5210	(-1, -1)	b'\xe6\x99\x93'	-10.042990288227438
5211	(-1, -1)	b'eter'	-10.969903274758215
5212	(-1, -1)	b'\xe5\xb9\xb4\xe6\x9d\xa5'	-10.625237606695705
5213	(-1, -1)	b'\xe7\x88\xbe'	-10.04344322097467
5214	(-1, -1)	b' drop'	-9.879845139751362
5215	(-1, -1)	b' knew'	-10.043669764302049
5216	(-1, -1)	b'46'	-9.806621371333627
5217	(-1, -1)	b'\xe4\xba\xa4\xe9\x80\x9a'	-10.042009637147453
5218	(-1, -1)	b' div'	-9.791306955253905
5219	(-1, -1)	b'ga'	-9.369814805859123
5220	(-1, -1)	b'\xe6\xb4\x81'	-10.044803251407199
5221	(-1, -1)	b' wife'	-10.042763898761127
5222	(-1, -1)	b' Russia'	-10.043971901928035
5223	(-1, -1)	b'\xe5\xa7\x9a'	-11.158422487106984
5224	(-1, -1)	b'\xe4\xba\xba\xe7\x89\xa9'	-9.896719630991026
5225	(-1, -1)	b'\xe5\xb8\x8c\xe8\x85\x8a'	-10.045862333131126
5226	(-1, -1)	b'\xe6\xb5\xb4'	-10.901724362719978
5227	(-1, -1)	b'\xe0\xb8\x94'	-10.024520402132524
5228	(-1, -1)	b'\xe6\x97\xb6\xe4\xbb\xa3'	-10.043292220596882
5229	(-1, -1)	b'\xe6\x94\xb9\xe5\x8f\x98'	-10.046240848598002
5230	(-1, -1)	b' shooting'	-9.963725822347593
5231	(-1, -1)	b' seven'	-9.846554964396839
5232	(-1, -1)	b' thank'	-9.95456481720061
5233	(-1, -1)	b'ux'	-9.705548171687534
5234	(-1, -1)	b' suff'	-10.521878552231255
5235	(-1, -1)	b' id'	-10.273614580833518
5236	(-1, -1)	b' football'	-10.045408303611408
5237	(-1, -1)	b' imm'	-9.766331008302767
5238	(-1, -1)	b' phot'	-10.879877123100496
5239	(-1, -1)	b'\xe5\x91\x88'	-11.062965791756051
5240	(-1, -1)	b'\xe9\x92\xa2'	-10.050185926167414
5241	(-1, -1)	b' Canada'	-10.04783217996856
5242	(-1, -1)	b' countries'	-10.050185926167414
5243	(-1, -1)	b'\xe8\x84\xb1'	-10.050185926167414
5244	(-1, -1)	b'55'	-9.627064362487209
5245	(-1, -1)	b'\xe7\xbd\x91\xe6\xb8\xb8'	-10.437795435020714
5246	(-1, -1)	b' dig'	-10.785327712978155
5247	(-1, -1)	b'mas'	-10.25861500712762
5248	(-1, -1)	b'\xe9\x87\x87\xe5\x8f\x96'	-10.050490039299842
5249	(-1, -1)	b'iri'	-9.872117668913567
5250	(-1, -1)	b'\xe1\x89\xa0'	-10.051935841020322
5251	(-1, -1)	b'ady'	-10.173657860973197
5252	(-1, -1)	b' financial'	-9.978829196798065
5253	(-1, -1)	b'avy'	-10.902080678419454
5254	(-1, -1)	b'\xe6\x9f\x93'	-11.170002051417246
5255	(-1, -1)	b'With'	-10.051631287949597
5256	(-1, -1)	b'-8'	-10.534259954654098
5257	(-1, -1)	b'\xe6\x96\xb9\xe6\xa1\x88'	-10.053994003884299
5258	(-1, -1)	b'\xe8\x88\x87'	-10.054451949244157
5259	(-1, -1)	b'\xe0\xab\x81'	-10.706981751987087
5260	(-1, -1)	b'\xe9\x9b\xa8'	-10.054681000590834
5261	(-1, -1)	b'CC'	-10.539702144956784
5262	(-1, -1)	b'\xe0\xaa\x95'	-10.522487899639057
5263	(-1, -1)	b'oly'	-10.731769663063384
5264	(-1, -1)	b' pub'	-10.86603128058666
5265	(-1, -1)	b' capt'	-10.062577089759069
5266	(-1, -1)	b'ja'	-9.153097773604072
5267	(-1, -1)	b' election'	-10.056362315469132
5268	(-1, -1)	b'\xe8\x8b\xb1\xe8\xaa\x9e'	-10.056668313023538
5269	(-1, -1)	b' East'	-9.919938139891043
5270	(-1, -1)	b' shop'	-10.05697440424111
5271	(-1, -1)	b' ground'	-9.899788820718697
5272	(-1, -1)	b'da'	-9.25436141598555
5273	(-1, -1)	b' OP'	-10.02800873461182
5274	(-1, -1)	b'Get'	-10.055062869461707
5275	(-1, -1)	b'\xe6\x9c\x89\xe4\xba\xba'	-10.237308040814689
5276	(-1, -1)	b'\xe6\x88\xb7\xe5\x9e\x8b'	-10.500901291156788
5277	(-1, -1)	b' gen'	-9.928516706004453
5278	(-1, -1)	b' exist'	-10.269630511818644
5279	(-1, -1)	b'\xe8\xb6\x8b\xe5\x8a\xbf'	-10.059196371979027
5280	(-1, -1)	b'\xe8\xbf\xb9'	-10.465390440966601
5281	(-1, -1)	b'\xe4\xb8\x8b\xe6\x9d\xa5'	-10.285662919349694
5282	(-1, -1)	b'\xe8\x81\x94\xe7\x9b\x9f'	-10.060654825509474
5283	(-1, -1)	b' product'	-10.090358821883125
5284	(-1, -1)	b'ined'	-10.282972937902484
5285	(-1, -1)	b'ites'	-10.816079552592853
5286	(-1, -1)	b' Jack'	-10.823793993805952
5287	(-1, -1)	b' longer'	-10.061038982865048
5288	(-1, -1)	b'\xe6\x9c\x80\xe4\xbd\xb3'	-10.061577051212709
5289	(-1, -1)	b' type'	-10.038622482503438
5290	(-1, -1)	b' score'	-10.061807740590487
5291	(-1, -1)	b'\xe5\xa4\x9a\xe6\x95\xb0'	-10.917704593255852
5292	(-1, -1)	b'\xe5\x88\xb6\xe9\x80\xa0'	-10.05674482704477
5293	(-1, -1)	b'ribut'	-10.044349702378334
5294	(-1, -1)	b'\xe6\x8f\x90\xe5\x87\xba'	-9.692971409086331
5295	(-1, -1)	b'\xec\x97\x90'	-10.046468026668723
5296	(-1, -1)	b' word'	-10.06250012820133
5297	(-1, -1)	b'\xe8\x91\xa3'	-10.565582986465984
5298	(-1, -1)	b'\xe9\xab\x98\xe6\xb8\x85'	-9.94097877043434
5299	(-1, -1)	b'rom'	-10.153563527980703
5300	(-1, -1)	b' kw'	-10.04889447614555
5301	(-1, -1)	b'\xe5\xa8\xb1\xe4\xb9\x90'	-10.063115986573374
5302	(-1, -1)	b'\xe8\xb4\xa6'	-10.55810181291935
5303	(-1, -1)	b'\xe5\x88\x80'	-10.063578129383725
5304	(-1, -1)	b' demand'	-9.91421547322213
5305	(-1, -1)	b'\xe0\xb7\x83'	-10.063963411607716
5306	(-1, -1)	b' shares'	-10.064040485868805
5307	(-1, -1)	b'\xe6\x95\xac'	-10.897281095834623
5308	(-1, -1)	b' Intern'	-11.15428645179904
5309	(-1, -1)	b' performance'	-9.893139946736317
5310	(-1, -1)	b'\xe7\x8f\xa0'	-10.06512014973554
5311	(-1, -1)	b'\xe8\x82\xaf\xe5\xae\x9a'	-10.06512014973554
5312	(-1, -1)	b'\xe7\xb4\xa2\xe5\xb0\xbc'	-10.065506026645595
5313	(-1, -1)	b' legal'	-9.924017185300757
5314	(-1, -1)	b' director'	-9.911035609661605
5315	(-1, -1)	b' UK'	-10.065892052514123
5316	(-1, -1)	b'\xe6\x81\xb6'	-10.066123739583158
5317	(-1, -1)	b' title'	-9.784465023356185
5318	(-1, -1)	b'\xe5\x85\xb7\xe4\xbd\x93'	-10.066973718384864
5319	(-1, -1)	b'76'	-9.860542953180378
5320	(-1, -1)	b'\xe6\x9c\x89\xe4\xb8\x80'	-10.635558176303046
5321	(-1, -1)	b'\xe0\xb7\x99'	-10.068288744681505
5322	(-1, -1)	b' 0.'	-10.068675846455394
5323	(-1, -1)	b'\xe6\x89\x93\xe9\x80\xa0'	-10.065274482631903
5324	(-1, -1)	b'ST'	-9.919471115163603
5325	(-1, -1)	b'\xe8\x88\x92'	-10.677797363482785
5326	(-1, -1)	b'\xe6\x88\x90\xe9\x95\xbf'	-10.069915580071484
5327	(-1, -1)	b' potential'	-9.807098157801924
5328	(-1, -1)	b' Ag'	-10.474528206243262
5329	(-1, -1)	b' policy'	-10.0394493947851
5330	(-1, -1)	b'\xe0\xa4\xa3'	-10.055215657850086
5331	(-1, -1)	b'\xe5\x86\xa0\xe5\x86\x9b'	-10.071855745982171
5332	(-1, -1)	b'\xe6\xa0\x91'	-10.072011121992428
5333	(-1, -1)	b'\xe4\xb8\x8d\xe5\xbe\x97'	-10.60557273650218
5334	(-1, -1)	b' regular'	-10.071079227850282
5335	(-1, -1)	b' gonna'	-10.072943885371368
5336	(-1, -1)	b' address'	-9.920605696658155
5337	(-1, -1)	b'All'	-10.079341161050483
5338	(-1, -1)	b'isc'	-9.943913625627635
5339	(-1, -1)	b'mon'	-9.357761165364748
5340	(-1, -1)	b' bat'	-10.937261096996766
5341	(-1, -1)	b'\xe9\x86\x92'	-10.936154290021575
5342	(-1, -1)	b'\xe8\xa1\x8c\xe6\x94\xbf'	-10.071855745982171
5343	(-1, -1)	b'\xe5\x87\xba\xe5\x8f\xa3'	-10.074500427050722
5344	(-1, -1)	b'\xe9\x83\xbd\xe4\xbc\x9a'	-9.968057858188873
5345	(-1, -1)	b'One'	-10.072321946456816
5346	(-1, -1)	b' bank'	-9.915144841318762
5347	(-1, -1)	b' safe'	-9.931010220791729
5348	(-1, -1)	b'\xe4\xbc\x99'	-10.54467542388815
5349	(-1, -1)	b' Val'	-10.58252601787586
5350	(-1, -1)	b'\xe7\x85\xa7\xe7\x89\x87'	-10.075747407182691
5351	(-1, -1)	b' received'	-10.075981389167145
5352	(-1, -1)	b'\xda\x93'	-10.07465621455688
5353	(-1, -1)	b'\xe6\xb1\xa0'	-10.717297198599935
5354	(-1, -1)	b'\xe4\xbe\xa7'	-10.076917864965255
5355	(-1, -1)	b'\xe0\xa9\xb0'	-10.475807201824857
5356	(-1, -1)	b' travel'	-9.88460062715301
5357	(-1, -1)	b'\xe5\xba\x8a'	-10.077933371047918
5358	(-1, -1)	b'yan'	-9.968337989852586
5359	(-1, -1)	b'\xc3\xb4'	-10.566219564245454
5360	(-1, -1)	b' Minister'	-10.051250726998168
5361	(-1, -1)	b' however'	-10.079184642033102
5362	(-1, -1)	b'\xe5\x86\xac'	-10.079262898479518
5363	(-1, -1)	b'owl'	-10.415641228099895
5364	(-1, -1)	b' starting'	-10.079967482217125
5365	(-1, -1)	b' Act'	-10.076917864965255
5366	(-1, -1)	b' typ'	-10.475923555306865
5367	(-1, -1)	b' summer'	-10.06173083821801
5368	(-1, -1)	b' dest'	-10.941886024304578
5369	(-1, -1)	b' ton'	-10.980061483814577
5370	(-1, -1)	b'\xe5\x94\x90'	-10.08161344410458
5371	(-1, -1)	b'wood'	-10.039975967934515
5372	(-1, -1)	b'\xe5\xa6\x87'	-10.08310498577137
5373	(-1, -1)	b' federal'	-10.067824420265175
5374	(-1, -1)	b' relationship'	-10.084598755458305
5375	(-1, -1)	b'\xe5\x85\x89\xe5\xad\xa6'	-10.806155123945906
5376	(-1, -1)	b' drive'	-9.723425682077808
5377	(-1, -1)	b' rac'	-10.416408393461648
5378	(-1, -1)	b' photo'	-10.048590847784329
5379	(-1, -1)	b'ilities'	-10.500066516795512
5380	(-1, -1)	b'\xe9\xa5\xad'	-10.086409993501208
5381	(-1, -1)	b' circ'	-10.535123778981276
5382	(-1, -1)	b' bott'	-10.880051415039935
5383	(-1, -1)	b' Je'	-10.969712598811409
5384	(-1, -1)	b'\xa1\xe1\x80'	-11.160035576522324
5385	(-1, -1)	b'\xe0\xb6\xa7'	-10.056362315469132
5386	(-1, -1)	b'\xd0\xbb\xd0\xb0\xd1\x80'	-9.841606296621135
5387	(-1, -1)	b'\xe8\x88\xb9'	-10.0875930055876
5388	(-1, -1)	b'\xe4\xba\xa4\xe6\xb5\x81'	-10.087671922842897
5389	(-1, -1)	b'\xe5\x8f\xa5'	-10.08806660256543
5390	(-1, -1)	b' quality'	-10.08806660256543
5391	(-1, -1)	b' Street'	-10.066973718384864
5392	(-1, -1)	b'\xe7\x9e'	-10.495547003869452
5393	(-1, -1)	b' susp'	-10.314947588894869
5394	(-1, -1)	b'\xe5\x9d\x9a\xe6\x8c\x81'	-10.089963236609561
5395	(-1, -1)	b'\xe1\x8a\x90'	-10.090358821883125
5396	(-1, -1)	b' straight'	-10.085070936154889
5397	(-1, -1)	b' contact'	-9.977273216570422
5398	(-1, -1)	b' \xe0\xa4\xb0'	-10.091308865498245
5399	(-1, -1)	b'\xe6\xb5\xb7\xe5\xa4\x96'	-10.084441411425255
5400	(-1, -1)	b' emer'	-10.718334619960114
5401	(-1, -1)	b' Per'	-9.97226809526911
5402	(-1, -1)	b' \xda\x86'	-10.734629172875499
5403	(-1, -1)	b'\xe6\x95\x8f'	-10.092101258566649
5404	(-1, -1)	b'\xe2\x80\x8c'	-10.092339098976854
5405	(-1, -1)	b'raft'	-11.129599432034192
5406	(-1, -1)	b' picture'	-9.99956940958305
5407	(-1, -1)	b'ination'	-9.894765487586474
5408	(-1, -1)	b'\xe9\x85\x8d\xe7\xbd\xae'	-10.093608537420891
5409	(-1, -1)	b'wo'	-9.817765884521087
5410	(-1, -1)	b'\xe5\x9f\xba\xe9\x87\x91\xe7\x9a\x84'	-10.508926728014778
5411	(-1, -1)	b' har'	-9.870592018627177
5412	(-1, -1)	b'\xe6\xbc\x94\xe5\x91\x98'	-10.094800101290675
5413	(-1, -1)	b'\xe7\x88\xb1\xe6\x83\x85'	-10.095277124673865
5414	(-1, -1)	b'\xe1\x8c\x88'	-9.913088114768568
5415	(-1, -1)	b'\xe0\xa4\xb5'	-10.124486882470718
5416	(-1, -1)	b'\xe0\xa8\xb9'	-10.097984563817755
5417	(-1, -1)	b'alt'	-10.315641241997051
5418	(-1, -1)	b'\xe6\x82\xa3'	-10.515563253126782
5419	(-1, -1)	b'\xe2\x80\x98'	-10.096709561652842
5420	(-1, -1)	b'\xe0\xa6\xbe\xe0\xa6\xb0'	-10.097267175081877
5421	(-1, -1)	b'\xc9\x99n'	-9.951116537921694
5422	(-1, -1)	b' \xd8\xad'	-10.097585950985117
5423	(-1, -1)	b' below'	-10.097665660841283
5424	(-1, -1)	b' \xd0\xbf\xd0\xbe'	-9.667193673911306
5425	(-1, -1)	b'\xe4\xbb\x99'	-10.098064305454894
5426	(-1, -1)	b'ises'	-10.444425790265354
5427	(-1, -1)	b'\xe6\x89\xa3'	-10.098383335605948
5428	(-1, -1)	b'39'	-9.807277011351152
5429	(-1, -1)	b' ban'	-9.981096771465845
5430	(-1, -1)	b' meant'	-10.17909101650557
5431	(-1, -1)	b'32'	-9.814697751568335
5432	(-1, -1)	b'\xe9\xaa\xa8'	-10.100379583324406
5433	(-1, -1)	b' aud'	-10.74447400816315
5434	(-1, -1)	b' execut'	-11.130718626331207
5435	(-1, -1)	b'\xe9\x94\xa6'	-10.70157198661894
5436	(-1, -1)	b'box'	-10.593982984753422
5437	(-1, -1)	b' eight'	-9.933645268429734
5438	(-1, -1)	b'\xe6\x89\xae'	-10.786914511153064
5439	(-1, -1)	b'\xe4\xb8\xbb\xe6\x8c\x81\xe4\xba\xba'	-10.091229660714236
5440	(-1, -1)	b' nation'	-10.025261582124948
5441	(-1, -1)	b'\xe4\xb8\xba\xe4\xb8\xbb'	-10.272284793403516
5442	(-1, -1)	b'\xd8\xba'	-10.081456569055234
5443	(-1, -1)	b' cult'	-10.973533042808794
5444	(-1, -1)	b' \xd1\x8d'	-10.10374227664522
5445	(-1, -1)	b' version'	-9.943776929571104
5446	(-1, -1)	b'\xe9\xa6\x96\xe5\x85\x88'	-10.104464327300361
5447	(-1, -1)	b'\xe5\x88\xb6\xe5\xba\xa6'	-10.105267217748953
5448	(-1, -1)	b' page'	-9.920071615598662
5449	(-1, -1)	b'\xe4\xbd\x8f\xe5\xae\x85'	-10.105267217748953
5450	(-1, -1)	b' involved'	-10.105267217748953
5451	(-1, -1)	b'\xe5\xbc\x80\xe5\x87\xba'	-9.885116091081947
5452	(-1, -1)	b'\xe8\xae\xa2'	-10.105829624866175
5453	(-1, -1)	b' improve'	-9.801273129443468
5454	(-1, -1)	b'\xe4\xb8\x80\xe5\x90\x8d'	-9.81355712409963
5455	(-1, -1)	b' living'	-10.105909994566842
5456	(-1, -1)	b'ural'	-9.82842683714997
5457	(-1, -1)	b'\xe5\xb8\x85'	-10.551554320377372
5458	(-1, -1)	b' comments'	-10.10679448785009
5459	(-1, -1)	b'ening'	-10.428208916391212
5460	(-1, -1)	b' sales'	-10.10687493513705
5461	(-1, -1)	b' 28'	-10.085070936154889
5462	(-1, -1)	b'\xc3\xa3o'	-10.57607438259437
5463	(-1, -1)	b'\xe4\xb8\x80\xe5\xb9\xb4'	-9.830560528940046
5464	(-1, -1)	b' difficult'	-9.99812515745448
5465	(-1, -1)	b' December'	-10.107679764154335
5466	(-1, -1)	b'lished'	-10.622135155970906
5467	(-1, -1)	b'2000'	-9.853462057598547
5468	(-1, -1)	b' Cup'	-10.108565824867187
5469	(-1, -1)	b'\xe5\xae\xab'	-10.108807614108743
5470	(-1, -1)	b'ently'	-9.804478640914374
5471	(-1, -1)	b'\xe5\x95\x86\xe5\xae\xb6'	-10.12620784171538
5472	(-1, -1)	b'ying'	-10.142748079859372
5473	(-1, -1)	b'\xe6\x80\xa7\xe8\x83\xbd'	-10.110340305087606
5474	(-1, -1)	b'\xe4\xb8\x89\xe5\x88\x86'	-10.110501777718346
5475	(-1, -1)	b'\xe6\xb6\xa8\xe5\xb9\x85'	-10.109775356119753
5476	(-1, -1)	b'-st'	-10.275707826126865
5477	(-1, -1)	b'\xe7\x86\x8a'	-10.111471161427831
5478	(-1, -1)	b'\xe7\xac\xac\xe5\x9b\x9b'	-10.111632816778975
5479	(-1, -1)	b'\xe9\x99\x84\xe8\xbf\x91'	-10.111551985836845
5480	(-1, -1)	b'\xe9\x9f\xa9\xe5\x9b\xbd'	-10.111228727388903
5481	(-1, -1)	b' technology'	-10.112846065603334
5482	(-1, -1)	b'\xd8\xb5'	-10.112927001219095
5483	(-1, -1)	b'\xe7\xad\xb9'	-10.113169847377248
5484	(-1, -1)	b' deep'	-10.113169847377248
5485	(-1, -1)	b'\xe5\xbc\x83'	-10.84107878510979
5486	(-1, -1)	b' hospital'	-9.951323099701614
5487	(-1, -1)	b'\xe8\xb5\x94\xe7\x8e\x87'	-10.113979760760794
5488	(-1, -1)	b'EL'	-10.190921356291142
5489	(-1, -1)	b'\xe0\xb8\x97'	-10.516289909329279
5490	(-1, -1)	b'\xe5\xb9\xbf\xe4\xb8\x9c'	-10.114466023838695
5491	(-1, -1)	b'\xe5\xb9\xb3\xe5\x8f\xb0'	-10.114790330635765
5492	(-1, -1)	b'\xe8\xbf\x91\xe6\x97\xa5'	-10.115845054679832
5493	(-1, -1)	b' answer'	-9.7137136895462
5494	(-1, -1)	b'\xe0\xa4\xbe\xe0\xa4\xa8'	-10.411268680687286
5495	(-1, -1)	b' impact'	-10.025780735175507
5496	(-1, -1)	b' \xe1\x8a\xa0'	-10.115926233394818
5497	(-1, -1)	b' extra'	-9.883956670662213
5498	(-1, -1)	b'\xe5\x9b\xbd\xe5\xa4\x96'	-10.128096106305007
5499	(-1, -1)	b'\xe5\x9f\xba\xe9\x87\x91\xe7\xbb\x8f\xe7\x90\x86'	-10.1121988163898
5500	(-1, -1)	b' fi'	-10.404312130893926
5501	(-1, -1)	b' Now'	-10.124077566432094
5502	(-1, -1)	b' kan'	-9.785106291923938
5503	(-1, -1)	b' hands'	-10.096231854637388
5504	(-1, -1)	b' ready'	-10.113250809203791
5505	(-1, -1)	b' member'	-9.966728303393808
5506	(-1, -1)	b' Qu'	-9.912359324197336
5507	(-1, -1)	b'more'	-10.901902504699606
5508	(-1, -1)	b'\xe8\xa7\x82\xe7\x82\xb9'	-10.119015917940672
5509	(-1, -1)	b'aging'	-9.895546686766883
5510	(-1, -1)	b' products'	-10.119504636692763
5511	(-1, -1)	b'\xd0\xb0\xd0\xb2'	-9.895351329751318
5512	(-1, -1)	b'bo'	-9.461512792518583
5513	(-1, -1)	b'\xe5\x87\x80\xe5\x80\xbc'	-10.120727479546812
5514	(-1, -1)	b'\xe5\x8f\xac'	-10.92242158313399
5515	(-1, -1)	b' questions'	-10.121461903668934
5516	(-1, -1)	b'\xe5\x8d\x87\xe7\xba\xa7'	-10.11983058193685
5517	(-1, -1)	b"er's"	-10.11885306475246
5518	(-1, -1)	b'\xe6\xa1\xa5'	-10.12203349556789
5519	(-1, -1)	b' Good'	-10.122196867566293
5520	(-1, -1)	b'\xd8\xb7'	-10.120645910151604
5521	(-1, -1)	b' yourself'	-10.122523691656138
5522	(-1, -1)	b' conv'	-9.581989325802759
5523	(-1, -1)	b' rad'	-10.68709576392992
5524	(-1, -1)	b'ocked'	-10.657919356461203
5525	(-1, -1)	b'\xe3\x82\x92'	-10.123095890960588
5526	(-1, -1)	b' international'	-10.04783217996856
5527	(-1, -1)	b' reve'	-11.022763495278456
5528	(-1, -1)	b' themselves'	-10.123504805298733
5529	(-1, -1)	b' example'	-9.974309415092446
5530	(-1, -1)	b'\xe0\xae\x9f'	-10.070536023708573
5531	(-1, -1)	b'bl'	-9.444402625892506
5532	(-1, -1)	b'\xe9\x80\x94'	-10.124732552537056
5533	(-1, -1)	b' Part'	-10.845278707285116
5534	(-1, -1)	b' swe'	-10.468850652031497
5535	(-1, -1)	b'\xe0\xb6\xbd'	-9.866028983902057
5536	(-1, -1)	b' compl'	-9.501851429894417
5537	(-1, -1)	b'\xe8\xa3\x85\xe4\xbf\xae'	-10.125879811533661
5538	(-1, -1)	b' God'	-10.125060206537366
5539	(-1, -1)	b'\xe9\x82\xa3\xe4\xba\x9b'	-10.12612582408154
5540	(-1, -1)	b'www.'	-10.00123288228429
5541	(-1, -1)	b'\xe4\xb9\xb3'	-10.12637189716649
5542	(-1, -1)	b' completely'	-10.126700088833367
5543	(-1, -1)	b'.2'	-9.901294204384863
5544	(-1, -1)	b'aga'	-9.957886389696034
5545	(-1, -1)	b'\xe8\xbf\x87\xe7\xa8\x8b\xe4\xb8\xad'	-10.065274482631903
5546	(-1, -1)	b'49'	-9.796956022883396
5547	(-1, -1)	b' Bro'	-10.756879405020637
5548	(-1, -1)	b' email'	-9.975719653656444
5549	(-1, -1)	b'\xe7\xbb\x9d\xe5\xaf\xb9'	-10.134940082720302
5550	(-1, -1)	b'\xe6\x88\x90\xe4\xba\x86'	-10.40713239526462
5551	(-1, -1)	b'\xe4\xb9\x9f\xe4\xbc\x9a'	-10.055444884212122
5552	(-1, -1)	b'\xe0\xb7\x93'	-10.129082705086011
5553	(-1, -1)	b'adh'	-9.90077033560201
5554	(-1, -1)	b'\xe6\x8a\xa5\xe4\xbb\xb7'	-10.129411787771005
5555	(-1, -1)	b'\xe0\xa4\xa6'	-10.221665670214511
5556	(-1, -1)	b'\xe6\x84\x8f\xe8\xa7\x81'	-10.132708584625004
5557	(-1, -1)	b'\xe7\x83\xad\xe7\x81\xab'	-10.131388561332926
5558	(-1, -1)	b' results'	-10.131471011759652
5559	(-1, -1)	b'\xe5\x85\xb7\xe5\xa4\x87'	-10.130070278205533
5560	(-1, -1)	b' capital'	-10.106151142431841
5561	(-1, -1)	b'\xe5\x88\xb6\xe4\xbd\x9c'	-10.118364664254353
5562	(-1, -1)	b'\xe5\xb0\x86\xe4\xbc\x9a'	-10.067514990387252
5563	(-1, -1)	b'eds'	-11.088616376659429
5564	(-1, -1)	b' recommend'	-9.85564990032154
5565	(-1, -1)	b'ique'	-10.14099844392043
5566	(-1, -1)	b'\xe1\x88\x8b'	-9.961845140568736
5567	(-1, -1)	b'\xe9\x99\x8d\xe4\xbd\x8e'	-10.131883365895222
5568	(-1, -1)	b'\xe6\x9c\xb1'	-10.133038862887439
5569	(-1, -1)	b' problems'	-10.134278378808649
5570	(-1, -1)	b'\xe8\xa5\xbf\xe7\x8f\xad\xe7\x89\x99'	-10.134526466467559
5571	(-1, -1)	b'.1'	-9.869132118021952
5572	(-1, -1)	b'\xe5\x8d\xb3\xe5\xb0\x86'	-10.095038584538358
5573	(-1, -1)	b' character'	-10.134857345782349
5574	(-1, -1)	b'\xe4\xbd\x93\xe8\x82\xb2'	-10.134691892439815
5575	(-1, -1)	b'\xe4\xb8\x96\xe7\xba\xaa'	-10.13527109894312
5576	(-1, -1)	b'\xd9\x86\xd8\xaf'	-10.133204042934066
5577	(-1, -1)	b' ol'	-9.97086271242238
5578	(-1, -1)	b'\xe6\xaf\xab'	-10.135850641121033
5579	(-1, -1)	b' consum'	-11.076875394310383
5580	(-1, -1)	b'\xd0\xb3\xd0\xb0'	-9.89763287306363
5581	(-1, -1)	b'\xe6\x89\xac'	-10.136264805550228
5582	(-1, -1)	b'\xe9\x9a\x8f\xe5\x90\x8e'	-10.078480609462074
5583	(-1, -1)	b'iny'	-10.152215705352267
5584	(-1, -1)	b'\xe5\x8a\xa0\xe4\xb8\x8a'	-10.12850707084455
5585	(-1, -1)	b' touch'	-9.930335684509828
5586	(-1, -1)	b' THE'	-10.05911967015732
5587	(-1, -1)	b'ware'	-10.267361007298426
5588	(-1, -1)	b' dey'	-10.136264805550228
5589	(-1, -1)	b'ky'	-9.799674218730642
5590	(-1, -1)	b'right'	-9.657496878310905
5591	(-1, -1)	b' giving'	-10.139584310673081
5592	(-1, -1)	b' original'	-9.842779389707845
5593	(-1, -1)	b' AP'	-10.011199137983764
5594	(-1, -1)	b' \xe0\xb6\xb4'	-10.139916868042292
5595	(-1, -1)	b' Center'	-10.071234483245718
5596	(-1, -1)	b'\xd9\xbe'	-10.140000024667843
5597	(-1, -1)	b'\xe6\x9d\x9c'	-10.140166358666898
5598	(-1, -1)	b' \xe0\xa6\x95'	-10.66590762681491
5599	(-1, -1)	b'ocks'	-10.981217998978178
5600	(-1, -1)	b'\xe6\x88\x98\xe7\x95\xa5'	-10.14074874563789
5601	(-1, -1)	b' response'	-10.014054504714931
5602	(-1, -1)	b'\xe9\x92\x88\xe5\xaf\xb9'	-10.134609176032967
5603	(-1, -1)	b' popular'	-10.138670347749587
5604	(-1, -1)	b'\xe0\xb0\xb2'	-9.995099000523023
5605	(-1, -1)	b'-6'	-10.424886286243945
5606	(-1, -1)	b' significant'	-10.141831222116462
5607	(-1, -1)	b'\xe5\x8a\xa0\xe5\x85\xa5'	-10.142164527677417
5608	(-1, -1)	b'\xe5\xae\x8f'	-10.699096197107034
5609	(-1, -1)	b' private'	-10.068908179467087
5610	(-1, -1)	b' 27'	-10.11560155806729
5611	(-1, -1)	b'ession'	-10.032031685727711
5612	(-1, -1)	b'\xe5\x81\xb6'	-10.143331972773321
5613	(-1, -1)	b'hold'	-10.381714114378736
5614	(-1, -1)	b'\xe9\x98\xb4'	-10.144584321089788
5615	(-1, -1)	b'ita'	-9.943913625627635
5616	(-1, -1)	b'action'	-10.1808220191881
5617	(-1, -1)	b' range'	-10.025632378228421
5618	(-1, -1)	b'After'	-10.145420092137183
5619	(-1, -1)	b'\xe7\x9a\x84\xe4\xb8\xbb'	-10.839236392829152
5620	(-1, -1)	b' February'	-10.145503707672999
5621	(-1, -1)	b' ple'	-10.370970383481959
5622	(-1, -1)	b' vote'	-9.814637686096955
5623	(-1, -1)	b' \xe0\xa4\xa6'	-10.146172883774925
5624	(-1, -1)	b'\xe8\xa3\x99'	-10.146340247792052
5625	(-1, -1)	b'\xe5\x85\xac\xe5\xae\x89'	-10.147009984108422
5626	(-1, -1)	b'\xe0\xa4\x9a'	-10.104705126755713
5627	(-1, -1)	b' tour'	-10.29183875679236
5628	(-1, -1)	b' race'	-9.957678467873889
5629	(-1, -1)	b'\xe6\x9c\x9f\xe7\x9a\x84'	-10.661975589730869
5630	(-1, -1)	b'\xe7\xbc\x96\xe8\xbe\x91'	-10.149441545277961
5631	(-1, -1)	b'\xe7\xbb\x8f\xe5\x8e\x86'	-10.14969342387381
5632	(-1, -1)	b' \xe0\xb7\x83'	-10.150533477686652
5633	(-1, -1)	b'\xe4\xbb\xa5\xe5\x90\x8e'	-10.070148201326361
5634	(-1, -1)	b' common'	-10.134609176032967
5635	(-1, -1)	b'\xd0\xb4\xd0\xb8'	-10.169966394361204
5636	(-1, -1)	b'\xe5\x8f\xb6'	-10.151121935523818
5637	(-1, -1)	b'\xe7\x92'	-10.663939675659682
5638	(-1, -1)	b'\xe8\xb3'	-10.151290129956978
5639	(-1, -1)	b'\xe6\xad\xa3\xe5\xb8\xb8'	-10.151542474661182
5640	(-1, -1)	b' La'	-9.959134829308873
5641	(-1, -1)	b'-up'	-10.15187903335178
5642	(-1, -1)	b' David'	-10.146675059881897
5643	(-1, -1)	b'rel'	-10.738706804440993
5644	(-1, -1)	b' lives'	-10.152805154234644
5645	(-1, -1)	b'\xe4\xbd\x8d\xe6\x96\xbc'	-10.152215705352267
5646	(-1, -1)	b'\xe7\xa5\xa8\xe6\x88\xbf'	-10.153985095374493
5647	(-1, -1)	b'\xe0\xa8\xb8'	-10.210806241083082
5648	(-1, -1)	b'        '	-10.640484294639101
5649	(-1, -1)	b'\xe4\xb8\xad\xe5\x8d\x8e'	-10.84107878510979
5650	(-1, -1)	b' Coll'	-11.085828768978864
5651	(-1, -1)	b'\xe5\x80\xba\xe5\x8a\xa1'	-10.154828763694171
5652	(-1, -1)	b'\xd1\x8b\xd0\xbd'	-10.164241595541682
5653	(-1, -1)	b'GB'	-10.006458237086955
5654	(-1, -1)	b'\xe4\xba\x8b\xe5\xae\x9e'	-10.857644410715945
5655	(-1, -1)	b' il'	-10.117957845974464
5656	(-1, -1)	b' nh'	-9.980600299949566
5657	(-1, -1)	b'\xe6\x89\x81'	-11.10136641431868
5658	(-1, -1)	b' changes'	-10.155842106121705
5659	(-1, -1)	b'\xe9\x9d\xa2\xe4\xb8\xb4'	-10.15449121094835
5660	(-1, -1)	b' bill'	-10.028975744766397
5661	(-1, -1)	b'\xe5\xaf\xb9\xe6\x96\xb9'	-10.156771906281673
5662	(-1, -1)	b'NBA'	-10.152299891066
5663	(-1, -1)	b' \xe0\xa4\x9c'	-10.156602787390689
5664	(-1, -1)	b'\xe5\x9d\x80'	-10.985082738088067
5665	(-1, -1)	b'ournal'	-11.172567650492178
5666	(-1, -1)	b' draw'	-9.96323789845404
5667	(-1, -1)	b'epend'	-10.783110417169507
5668	(-1, -1)	b'iple'	-11.070950704952685
5669	(-1, -1)	b'\xe6\x8c\x91\xe6\x88\x98'	-10.157787220693287
5670	(-1, -1)	b' reach'	-10.079262898479518
5671	(-1, -1)	b'\xe3\x81\xa6'	-10.158549383578976
5672	(-1, -1)	b' felt'	-10.156856476453823
5673	(-1, -1)	b'\xe5\xaf\xb9\xe6\xad\xa4'	-10.151710739847513
5674	(-1, -1)	b'\xe0\xaa\xb5'	-10.454625334715598
5675	(-1, -1)	b'\xe7\xbb\x93\xe5\x90\x88'	-10.158718832024691
5676	(-1, -1)	b' sort'	-10.041029946801942
5677	(-1, -1)	b'\xe5\xba\x84'	-10.159481705551835
5678	(-1, -1)	b'\xe8\xa3\xa4'	-10.159481705551835
5679	(-1, -1)	b' follow'	-9.918004741508858
5680	(-1, -1)	b'\xe2\x80\xa2'	-10.159566505212688
5681	(-1, -1)	b' Japan'	-10.628078709871753
5682	(-1, -1)	b'AD'	-10.208755324139661
5683	(-1, -1)	b'Im'	-11.001479748048075
5684	(-1, -1)	b' \xda\xa9\xdb\x92'	-10.161179066563609
5685	(-1, -1)	b' 29'	-10.158464670122193
5686	(-1, -1)	b'\xe6\x88\xaa\xe8\x87\xb3'	-10.162453980679606
5687	(-1, -1)	b'\xe7\x9d\xa3'	-11.031040518408068
5688	(-1, -1)	b'\xe8\x82\xa1\xe5\xb8\x82'	-10.163049497307865
5689	(-1, -1)	b'\xe8\xb4\xb9\xe7\x94\xa8'	-10.165605735918625
5690	(-1, -1)	b'\xe6\x9e\xaa'	-10.163219710074234
5691	(-1, -1)	b'\xe0\xa4\x97'	-10.137508329026534
5692	(-1, -1)	b'\xe8\xb5\x84\xe6\x96\x99'	-10.164156398523525
5693	(-1, -1)	b'\xe0\xae\xa9'	-10.165520422605432
5694	(-1, -1)	b'RI'	-11.051520447796722
5695	(-1, -1)	b'47'	-9.885116091081947
5696	(-1, -1)	b'Partly'	-10.142164527677417
5697	(-1, -1)	b'\xe6\x96\xb9\xe5\x90\x91'	-10.158295264734697
5698	(-1, -1)	b'astic'	-10.397941651000494
5699	(-1, -1)	b' seeing'	-10.164667689544464
5700	(-1, -1)	b' allowed'	-10.165264526327325
5701	(-1, -1)	b' prep'	-10.364183617677467
5702	(-1, -1)	b'ram'	-10.588889262514215
5703	(-1, -1)	b'bed'	-10.708008521420894
5704	(-1, -1)	b' ran'	-10.133782388056973
5705	(-1, -1)	b' tur'	-10.729517917009499
5706	(-1, -1)	b'\xe4\xb8\xa4\xe4\xba\xba'	-10.088619416004978
5707	(-1, -1)	b'\xe5\x87\xad'	-10.81722474699204
5708	(-1, -1)	b' create'	-10.032255658254684
5709	(-1, -1)	b'\xe7\x9c\x9f\xe5\xae\x9e'	-10.168596296527424
5710	(-1, -1)	b' clean'	-10.115358120730916
5711	(-1, -1)	b' London'	-10.16398602625972
5712	(-1, -1)	b'vert'	-10.829411986110173
5713	(-1, -1)	b' league'	-10.070536023708573
5714	(-1, -1)	b' 26'	-10.141581315830017
5715	(-1, -1)	b'\xe5\x9c\x86'	-10.168767456134175
5716	(-1, -1)	b'\xe6\x95\x8c'	-10.168853046924658
5717	(-1, -1)	b'ened'	-10.372543122993559
5718	(-1, -1)	b'\xe4\xb9\xb1'	-10.169109863259587
5719	(-1, -1)	b' words'	-10.16902425048611
5720	(-1, -1)	b'oul'	-10.521756727293539
5721	(-1, -1)	b'\xe0\xa8\x82'	-10.35064405887085
5722	(-1, -1)	b' prices'	-10.169538037104708
5723	(-1, -1)	b'order'	-10.630248790745075
5724	(-1, -1)	b' California'	-10.142998277934153
5725	(-1, -1)	b'\xe6\x9c\x89\xe6\x89\x80'	-10.016918047917663
5726	(-1, -1)	b' areas'	-10.170394935186275
5727	(-1, -1)	b'ati'	-9.99057686669961
5728	(-1, -1)	b'\xe5\x8f\x91\xe6\x8c\xa5'	-10.17099520103631
5729	(-1, -1)	b'\xe7\x8e\xb0\xe4\xbb\xa3'	-10.1649234331203
5730	(-1, -1)	b'\xe4\xbf\x83\xe8\xbf\x9b'	-10.162709158667637
5731	(-1, -1)	b'\xe0\xb8\xb0'	-10.746302162237212
5732	(-1, -1)	b'\xe9\x82\xa6'	-10.640484294639101
5733	(-1, -1)	b' honest'	-10.835061718652293
5734	(-1, -1)	b'\xe7\xbb\x84\xe5\x90\x88'	-10.172368591810125
5735	(-1, -1)	b' training'	-10.162198867790769
5736	(-1, -1)	b'tic'	-9.624875960141638
5737	(-1, -1)	b'rs'	-9.403283690934828
5738	(-1, -1)	b'\xe9\x9f\xa6'	-10.848144763364841
5739	(-1, -1)	b' paid'	-10.173485862348763
5740	(-1, -1)	b' roll'	-10.173915914391687
5741	(-1, -1)	b'\xe6\x8b\x9c'	-10.174174034418932
5742	(-1, -1)	b' favorite'	-10.04783217996856
5743	(-1, -1)	b' leader'	-10.153226401976667
5744	(-1, -1)	b'\xe6\xa5\x9a'	-11.183368412920508
5745	(-1, -1)	b'\xe5\xa0\xa1'	-10.174862680396048
5746	(-1, -1)	b' date'	-9.979183166572742
5747	(-1, -1)	b' August'	-10.175293325077782
5748	(-1, -1)	b'\xe1\x8b\xb5'	-9.929863779691013
5749	(-1, -1)	b'\xe5\xa5\xb3\xe5\xa3\xab'	-10.17615517120542
5750	(-1, -1)	b' Her'	-10.101659276372754
5751	(-1, -1)	b' Korea'	-9.993230244139314
5752	(-1, -1)	b'ask'	-9.862431290117152
5753	(-1, -1)	b'\xe9\xa2\x86\xe5\x85\x88'	-10.178658733612917
5754	(-1, -1)	b'oe'	-10.372018601607287
5755	(-1, -1)	b'orge'	-11.017549928225568
5756	(-1, -1)	b'etro'	-10.566856547514332
5757	(-1, -1)	b' request'	-10.178313041793729
5758	(-1, -1)	b"'n"	-10.151710739847513
5759	(-1, -1)	b' du'	-9.711544138334515
5760	(-1, -1)	b' Photo'	-10.066046504595672
5761	(-1, -1)	b' turned'	-10.180215827353125
5762	(-1, -1)	b' region'	-9.963377280989633
5763	(-1, -1)	b'\xe5\x8f\x8c\xe8\x89\xb2\xe7\x90\x83'	-10.18056217768995
5764	(-1, -1)	b' reb'	-10.143248538623675
5765	(-1, -1)	b'\xe6\x90\x9c'	-10.686233818753726
5766	(-1, -1)	b'\xe5\xb9\xb6\xe6\xb2\xa1\xe6\x9c\x89'	-10.181428578714517
5767	(-1, -1)	b' biggest'	-10.181515260117076
5768	(-1, -1)	b' James'	-10.176758905753061
5769	(-1, -1)	b'\xe4\xb8\x8d\xe5\x90\x8c\xe7\x9a\x84'	-10.058506267285765
5770	(-1, -1)	b'\xe4\xb8\x8a\xe5\x8d\x88'	-10.692427572799943
5771	(-1, -1)	b' \xe0\xa8\xa8'	-10.182642802627791
5772	(-1, -1)	b'Un'	-10.017580031686458
5773	(-1, -1)	b' scene'	-9.945076297167153
5774	(-1, -1)	b'han'	-9.396460163051021
5775	(-1, -1)	b'-in'	-10.01978981455386
5776	(-1, -1)	b'vest'	-10.750580897371329
5777	(-1, -1)	b'-g'	-10.761977909692021
5778	(-1, -1)	b' allow'	-10.184206117172339
5779	(-1, -1)	b'\xe6\x89\xa7\xe8\xa1\x8c'	-10.182556023437387
5780	(-1, -1)	b'\xe1\x80\xbc\xe1\x80'	-10.753648384439192
5781	(-1, -1)	b'\xe5\x88\x9b\xe9\x80\xa0'	-10.185597784788442
5782	(-1, -1)	b'nh'	-9.93601598109221
5783	(-1, -1)	b'Some'	-10.062269279060217
5784	(-1, -1)	b'\xe9\xbb\x98'	-10.186381449768248
5785	(-1, -1)	b'\xe5\xb8\x95'	-10.186468561576309
5786	(-1, -1)	b' contract'	-9.974943776347198
5787	(-1, -1)	b'\xe8\xbf\x9b\xe6\x94\xbb'	-10.187165729360538
5788	(-1, -1)	b'ales'	-11.280994776313305
5789	(-1, -1)	b' spokes'	-10.92752642557798
5790	(-1, -1)	b'\xe4\xbf\xa1\xe5\xbf\x83'	-10.18690423447999
5791	(-1, -1)	b'je'	-9.721234980725201
5792	(-1, -1)	b' \xe0\xb6\x9a'	-10.275041318127899
5793	(-1, -1)	b' winds'	-10.145921890257606
5794	(-1, -1)	b'BI'	-11.12379972806828
5795	(-1, -1)	b' rights'	-10.188299664673282
5796	(-1, -1)	b'\xe6\xbb\xa1\xe8\xb6\xb3'	-10.18847423044138
5797	(-1, -1)	b'\xe8\xb4\x9f\xe8\xb4\xa3\xe4\xba\xba'	-10.165776384383204
5798	(-1, -1)	b' spot'	-9.835822732846953
5799	(-1, -1)	b'\xe6\x89\xa9\xe5\xa4\xa7'	-10.15702563825749
5800	(-1, -1)	b' god'	-9.976001940179136
5801	(-1, -1)	b'\xe6\x90\xba'	-10.189085450717993
5802	(-1, -1)	b' cover'	-9.964562817583735
5803	(-1, -1)	b'aan'	-10.015448539938303
5804	(-1, -1)	b'\xd0\xbd\xd0\xbe'	-10.041858853069966
5805	(-1, -1)	b'\xe8\x82\xa1\xe4\xbb\xbd'	-10.190921356291142
5806	(-1, -1)	b'\xe7\xba\xb8'	-10.190571400032102
5807	(-1, -1)	b' groups'	-10.190833855744208
5808	(-1, -1)	b' learn'	-10.10953333280366
5809	(-1, -1)	b'\xe0\xb8\x95'	-10.13560222477396
5810	(-1, -1)	b'\xe7\xb2\xbe\xe5\xbd\xa9'	-10.1915340745912
5811	(-1, -1)	b'ping'	-10.12040124187978
5812	(-1, -1)	b' events'	-10.191884367965478
5813	(-1, -1)	b' obvious'	-11.085828768978864
5814	(-1, -1)	b'\xe8\xa1\x8c\xe6\x83\x85'	-10.193462208405027
5815	(-1, -1)	b'\xe8\x9d'	-10.192935984923318
5816	(-1, -1)	b' cannot'	-10.193023669609243
5817	(-1, -1)	b' \xe1\x8a\xa8'	-10.19319906205028
5818	(-1, -1)	b'ube'	-10.48786329681866
5819	(-1, -1)	b' \xd8\xaf\xd8\xb1'	-10.193637677786072
5820	(-1, -1)	b'\xe6\xb9\x96\xe4\xba\xba'	-10.12628986607666
5821	(-1, -1)	b' However'	-10.19398870894369
5822	(-1, -1)	b' bull'	-10.066896417723903
5823	(-1, -1)	b'08'	-9.752914855733007
5824	(-1, -1)	b'\xe5\xb0\xb1\xe4\xb8\x9a'	-10.194954680478737
5825	(-1, -1)	b'\xe5\xae\xa3\xe5\xb8\x83'	-10.194778979872117
5826	(-1, -1)	b'ett'	-9.151611060823262
5827	(-1, -1)	b'\x9b\xe1\x80'	-10.23804158201758
5828	(-1, -1)	b'ibly'	-10.604645891020406
5829	(-1, -1)	b'\xc4\x8d'	-10.008643552641953
5830	(-1, -1)	b'\xe8\x83\x8c\xe6\x99\xaf'	-10.195481967598784
5831	(-1, -1)	b' gone'	-10.194954680478737
5832	(-1, -1)	b'\xe6\x89\xbe\xe5\x88\xb0'	-10.00798745639097
5833	(-1, -1)	b'\xe7\x8e\xb0\xe8\xb1\xa1'	-10.193111361984448
5834	(-1, -1)	b'\xe5\x9d\x8f'	-10.197505814477273
5835	(-1, -1)	b' states'	-10.204577354597275
5836	(-1, -1)	b'\xe7\x84\xb6\xe8\x80\x8c'	-10.200328432563696
5837	(-1, -1)	b'\xd0\xb5\xd0\xba'	-10.2260970588815
5838	(-1, -1)	b'istic'	-10.252268149906424
5839	(-1, -1)	b' Some'	-10.016770999906223
5840	(-1, -1)	b'men'	-9.829096935557669
5841	(-1, -1)	b'\xe8\x80\xb3'	-10.200593461939336
5842	(-1, -1)	b'600'	-9.675259702603732
5843	(-1, -1)	b'\xe7\x9d\xa1'	-10.200858561574169
5844	(-1, -1)	b' gold'	-10.201477400828326
5845	(-1, -1)	b'\xd0\xb0\xd1\x81'	-10.169109863259587
5846	(-1, -1)	b'\xe5\x8d\xab\xe7\x94\x9f'	-10.201388971770479
5847	(-1, -1)	b'\xe4\xbb\xa4\xe4\xba\xba'	-10.196713386524733
5848	(-1, -1)	b'\xe5\x90\x88\xe5\x90\x8c'	-10.202627690739702
5849	(-1, -1)	b' Ke'	-9.89404992404968
5850	(-1, -1)	b'\xe9\x99\xb6\xe7\x93\xb7'	-10.202008139452017
5851	(-1, -1)	b'ano'	-10.395898749370692
5852	(-1, -1)	b'\xe5\x85\x85\xe5\x88\x86'	-10.203159040380259
5853	(-1, -1)	b'\xe5\x86\x85\xe7\x9a\x84'	-10.197241602048944
5854	(-1, -1)	b'\xe5\xae\x83\xe4\xbb\xac'	-10.202804775918136
5855	(-1, -1)	b'\xe1\x8c\x8d'	-10.202804775918136
5856	(-1, -1)	b'you'	-10.143331972773321
5857	(-1, -1)	b'\xe5\xb9\xb4\xe5\x89\x8d'	-10.399018541046413
5858	(-1, -1)	b'\xe9\x9d\xa2\xe7\x9a\x84'	-10.58511837188759
5859	(-1, -1)	b'1000'	-9.96323789845404
5860	(-1, -1)	b'erve'	-10.198122581755294
5861	(-1, -1)	b'ring'	-10.573890274319435
5862	(-1, -1)	b'\xe6\x8a\xb5'	-10.205376041243982
5863	(-1, -1)	b'\xe5\xbe\x8c'	-10.20546482359411
5864	(-1, -1)	b' search'	-10.043669764302049
5865	(-1, -1)	b'\xe4\xb8\x80\xe5\xae\xb6'	-9.920271862570596
5866	(-1, -1)	b' opportunity'	-10.205553613827242
5867	(-1, -1)	b'\xe7\x99\xbc'	-10.205731217948125
5868	(-1, -1)	b'\xe4\xba\x86\xe4\xb8\x80\xe4\xb8\xaa'	-10.174346151458945
5869	(-1, -1)	b' began'	-10.206619712009239
5870	(-1, -1)	b' particip'	-10.205908853617833
5871	(-1, -1)	b'ounce'	-10.121625182304287
5872	(-1, -1)	b' administration'	-10.181081928221401
5873	(-1, -1)	b'ruct'	-10.260395617691332
5874	(-1, -1)	b' watching'	-10.208577182160033
5875	(-1, -1)	b'400'	-9.967567816525525
5876	(-1, -1)	b'\xe7\xbd\x91\xe4\xb8\x8a'	-10.205820031838675
5877	(-1, -1)	b'\xe7\xbb\x8f\xe5\xb8\xb8'	-10.210092401488213
5878	(-1, -1)	b'well'	-9.945623904819964
5879	(-1, -1)	b'\xe6\x88\xb4'	-10.210538491516576
5880	(-1, -1)	b' \xe1\x8b\x9d'	-10.210538491516576
5881	(-1, -1)	b' pred'	-10.210984780630067
5882	(-1, -1)	b' cross'	-10.13825518603814
5883	(-1, -1)	b'\xe8\xa3\x85\xe5\xa4\x87'	-10.211252649732968
5884	(-1, -1)	b'\xe5\xbc\x95\xe8\xb5\xb7'	-10.210806241083082
5885	(-1, -1)	b'\xe6\xb3\x95\xe5\xbe\x8b'	-10.21027081362071
5886	(-1, -1)	b' Net'	-10.162028828681365
5887	(-1, -1)	b'While'	-10.212682498055216
5888	(-1, -1)	b'\xe6\x97\xa5\xe5\x89\x8d'	-10.220673561903146
5889	(-1, -1)	b'\xe9\x97\xad'	-10.782003610194316
5890	(-1, -1)	b'\xe0\xb6\xaf'	-10.213487687094467
5891	(-1, -1)	b' yeah'	-10.213398189622712
5892	(-1, -1)	b' laws'	-10.796809261527669
5893	(-1, -1)	b' terms'	-10.21375622757856
5894	(-1, -1)	b"You're"	-10.214114393771501
5895	(-1, -1)	b'\xe4\xba\x9a\xe6\xb4\xb2'	-10.214293524985592
5896	(-1, -1)	b'\xe5\xb2\x81\xe7\x9a\x84'	-10.129823293476166
5897	(-1, -1)	b'\xe7\xb9\x81'	-10.21527932064727
5898	(-1, -1)	b'\xe7\x9f\xbf'	-10.215817437252182
5899	(-1, -1)	b'\xe5\xa2\x99'	-10.216086604182165
5900	(-1, -1)	b'light'	-9.790427164000933
5901	(-1, -1)	b'Pro'	-10.390542550170169
5902	(-1, -1)	b' Indian'	-10.064040485868805
5903	(-1, -1)	b' chief'	-10.20920081797694
5904	(-1, -1)	b'\xe4\xb8\x80\xe7\x82\xb9'	-9.979183166572742
5905	(-1, -1)	b'\xe5\x88\xba\xe6\xbf\x80'	-10.217074169913099
5906	(-1, -1)	b' Super'	-10.063655173954047
5907	(-1, -1)	b'\xe5\x8a\x9e\xe6\xb3\x95'	-10.220313039141242
5908	(-1, -1)	b'\xe5\x8a\xa8\xe4\xbd\x9c'	-10.187601706173478
5909	(-1, -1)	b'\xe7\x97\x87'	-10.220673561903146
5910	(-1, -1)	b' \xe0\xa8\xb5'	-10.22103421468859
5911	(-1, -1)	b'\xe6\x97\xa5\xe7\x94\xb5'	-10.221846159340531
5912	(-1, -1)	b'\xe7\xbd\xb2'	-10.221575437866154
5913	(-1, -1)	b'\xe5\xbe\x88\xe5\xa4\xa7'	-10.238408554498763
5914	(-1, -1)	b'rd'	-10.132708584625004
5915	(-1, -1)	b'\xe1\x89\xa3'	-10.030241709116133
5916	(-1, -1)	b'IM'	-10.296884861628884
5917	(-1, -1)	b'\xd0\xb8\xd1\x88'	-10.015815714533947
5918	(-1, -1)	b' assist'	-9.990505251416879
5919	(-1, -1)	b" Trump's"	-10.223924129099405
5920	(-1, -1)	b' via'	-10.21107406235862
5921	(-1, -1)	b' Oh'	-10.839236392829152
5922	(-1, -1)	b'\xe0\xb8\x9a'	-10.185597784788442
5923	(-1, -1)	b'\xe6\x95\xb0\xe9\x87\x8f'	-10.224557412695907
5924	(-1, -1)	b'\xe0\xb7\x90'	-10.225372224202669
5925	(-1, -1)	b'\xe4\xb8\xad\xe5\x9c\x8b'	-10.225372224202669
5926	(-1, -1)	b'\xe7\xac\xa6\xe5\x90\x88'	-10.225734575868922
5927	(-1, -1)	b' spent'	-10.2260970588815
5928	(-1, -1)	b' hell'	-10.226550347498119
5929	(-1, -1)	b'ograph'	-10.261052432164862
5930	(-1, -1)	b' \xe0\xaa\xaa'	-10.226550347498119
5931	(-1, -1)	b'\xe5\xb0\xba'	-10.967807836330755
5932	(-1, -1)	b'\xe6\xa2\x81'	-10.226731720492177
5933	(-1, -1)	b' alleged'	-10.773036351175167
5934	(-1, -1)	b'\xe0\xae\xb3'	-10.85696286357762
5935	(-1, -1)	b'aught'	-10.657500683647887
5936	(-1, -1)	b'\xe9\xa5\xae'	-10.227457541609144
5937	(-1, -1)	b' screen'	-9.954772092566675
5938	(-1, -1)	b'\xe4\xbd\xbf\xe5\xbe\x97'	-10.228093067528215
5939	(-1, -1)	b'\xe7\xbb\x8f\xe5\x85\xb8'	-10.228002253379309
5940	(-1, -1)	b'Me'	-10.089014469934977
5941	(-1, -1)	b' accept'	-10.070846389943219
5942	(-1, -1)	b'aba'	-9.89704569314136
5943	(-1, -1)	b'95'	-9.816621754085858
5944	(-1, -1)	b' \xd0\xb3'	-10.31020402826581
5945	(-1, -1)	b' \xd8\xa2'	-10.229365332330872
5946	(-1, -1)	b'\xe7\x9a\x84\xe6\x9c\x8b\xe5\x8f\x8b'	-10.108968839421467
5947	(-1, -1)	b'ju'	-9.614496783290724
5948	(-1, -1)	b' England'	-10.230093068194883
5949	(-1, -1)	b'\xe5\xbd\x93\xe5\x89\x8d'	-10.231276769676139
5950	(-1, -1)	b'\xe5\xae\xa0'	-11.114942274234219
5951	(-1, -1)	b'\xe4\xba\xab\xe5\x8f\x97'	-10.124159416237745
5952	(-1, -1)	b'\xe7\xad\x96\xe7\x95\xa5'	-10.230912404578284
5953	(-1, -1)	b'\xe5\xa7\x94\xe5\x91\x98\xe4\xbc\x9a'	-10.226187700168667
5954	(-1, -1)	b'\xe9\x9c\x8d'	-10.231459002022886
5955	(-1, -1)	b'\xe6\x97\x97\xe4\xb8\x8b'	-10.028529316187553
5956	(-1, -1)	b'\xe6\x88\xbf\xe5\xad\x90'	-10.232188263677813
5957	(-1, -1)	b'istan'	-10.899411400208527
5958	(-1, -1)	b' father'	-10.228002253379309
5959	(-1, -1)	b' BBC'	-10.233100589258838
5960	(-1, -1)	b'\xe6\xac\xb2'	-10.23337444931806
5961	(-1, -1)	b' oppos'	-10.390542550170169
5962	(-1, -1)	b' dont'	-10.233557064366046
5963	(-1, -1)	b'rian'	-10.56596488450385
5964	(-1, -1)	b'\xe4\xb8\x87\xe5\x83\x8f\xe7\xb4\xa0'	-10.23483630430658
5965	(-1, -1)	b'\xe4\xb8\x8d\xe8\xb6\xb3'	-10.212593072613618
5966	(-1, -1)	b'\xe8\xae\xa1\xe7\xae\x97'	-10.234379245018035
5967	(-1, -1)	b' His'	-10.182382487645194
5968	(-1, -1)	b'\xe6\x8c\x82'	-10.23575105007106
5969	(-1, -1)	b' \xe0\xb7\x80'	-10.23575105007106
5970	(-1, -1)	b'\xe9\x87\x8d\xe6\x96\xb0'	-10.233557064366046
5971	(-1, -1)	b'\xe6\xa5\xbc\xe7\x9b\x98'	-10.236117182798264
5972	(-1, -1)	b'\xe6\x9c\xac\xe5\x91\xa8'	-10.303914081238307
5973	(-1, -1)	b'\xe5\x9c\xb0\xe7\x90\x83'	-10.237766441006077
5974	(-1, -1)	b'\xe5\x84\xbf\xe5\xad\x90'	-10.237124739558563
5975	(-1, -1)	b'\xe9\xbb\x84\xe9\x87\x91'	-10.237216385986708
5976	(-1, -1)	b' decided'	-10.237949859935425
5977	(-1, -1)	b' text'	-10.12089063830064
5978	(-1, -1)	b' send'	-9.884858325904597
5979	(-1, -1)	b'\xe8\x80\x8c\xe8\xa8\x80'	-10.23886745955936
5980	(-1, -1)	b'Be'	-9.98294296953337
5981	(-1, -1)	b'\xe8\xaf\x9a'	-10.239418423760625
5982	(-1, -1)	b'pm'	-9.916939636894785
5983	(-1, -1)	b'\xc5\xbe'	-10.239785901945744
5984	(-1, -1)	b'\xe6\xa0\xb7\xe7\x9a\x84'	-10.634603131548007
5985	(-1, -1)	b'\xe8\xb5\x84\xe6\x9c\xac'	-10.239785901945744
5986	(-1, -1)	b' daily'	-10.240153515220724
5987	(-1, -1)	b' mark'	-9.940433699902346
5988	(-1, -1)	b'\xe9\x9a\x90'	-10.241349192530338
5989	(-1, -1)	b'ction'	-10.809235791157361
5990	(-1, -1)	b'\xe9\x87\x8d\xe8\xa6\x81\xe7\x9a\x84'	-9.902539493747822
5991	(-1, -1)	b' production'	-10.208042946549428
5992	(-1, -1)	b'hel'	-11.158883104342213
5993	(-1, -1)	b'\xec\x9d\x84'	-10.242546301195791
5994	(-1, -1)	b' content'	-10.110744035562629
5995	(-1, -1)	b'\xe7\x9c\x9f\xe7\x9a\x84'	-10.1676554419911
5996	(-1, -1)	b'\xe8\xaf\x84\xe7\xba\xa7'	-10.243929363515747
5997	(-1, -1)	b'\xe8\xbe\x86'	-10.244298503423963
5998	(-1, -1)	b'\xe1\x89\xb2'	-10.240153515220724
5999	(-1, -1)	b'\xe4\xba\xbf\xe7\xbe\x8e\xe5\x85\x83'	-10.244852468907615
6000	(-1, -1)	b'\xe5\xb0\x86\xe4\xba\x8e'	-10.244944826330908
6001	(-1, -1)	b'iant'	-10.811674618477879
6002	(-1, -1)	b'osh'	-11.072006114021628
6003	(-1, -1)	b'\xe6\x98\x8e\xe7\xa1\xae'	-10.246423706349034
6004	(-1, -1)	b' \xe0\xa6\xac'	-10.245868870011517
6005	(-1, -1)	b'\xe7\x9b\xae\xe7\x9a\x84'	-10.082319686532019
6006	(-1, -1)	b' message'	-9.945007867290643
6007	(-1, -1)	b' evidence'	-10.220853872037065
6008	(-1, -1)	b'\xe1\x80\xb1\xe1\x80\xac\xe1\x80'	-10.319116743236386
6009	(-1, -1)	b'ola'	-9.853836776563712
6010	(-1, -1)	b' Black'	-10.245961321359061
6011	(-1, -1)	b' carry'	-10.246516209008552
6012	(-1, -1)	b' grand'	-10.236300299444078
6013	(-1, -1)	b'\xe7\xb7'	-10.899944686151306
6014	(-1, -1)	b'\xe4\xbc\xbc\xe4\xb9\x8e'	-10.24725653848897
6015	(-1, -1)	b'\xe7\xbd\x97\xe6\x96\xaf'	-11.172801213496859
6016	(-1, -1)	b' speak'	-9.942479248140494
6017	(-1, -1)	b' lack'	-10.24466777964677
6018	(-1, -1)	b'\xe6\xb3\xa1'	-10.249202515102688
6019	(-1, -1)	b' asking'	-10.249852016401327
6020	(-1, -1)	b'-based'	-10.250501939826089
6021	(-1, -1)	b'\xe7\xb8\xa3'	-10.25078060779501
6022	(-1, -1)	b' damage'	-9.970652075244137
6023	(-1, -1)	b' um'	-10.231550130651007
6024	(-1, -1)	b'\xe5\xbd\xa2\xe5\x8a\xbf'	-10.250966429592442
6025	(-1, -1)	b' za'	-9.65196860870322
6026	(-1, -1)	b'\xe5\x8d\x8f\xe4\xbc\x9a'	-10.249480821148364
6027	(-1, -1)	b'\xe5\x96\x9d'	-10.25115228592603
6028	(-1, -1)	b'\xe5\x8a\x9e\xe5\x85\xac'	-11.193571372471043
6029	(-1, -1)	b'\xb2\xe1\x80\xb7'	-10.251896056878875
6030	(-1, -1)	b' select'	-10.238959265848155
6031	(-1, -1)	b'\xe7\x8e\xaf\xe4\xbf\x9d'	-10.248275387278072
6032	(-1, -1)	b'\xe5\x8f\x8d\xe5\xbc\xb9'	-10.252547310565195
6033	(-1, -1)	b' brother'	-10.252733460975264
6034	(-1, -1)	b' af'	-10.650271401502645
6035	(-1, -1)	b'\xe1\xbb\x99'	-10.25329212020767
6036	(-1, -1)	b'\xe6\x9e\x9a'	-10.253478409328924
6037	(-1, -1)	b'atives'	-10.423781191645903
6038	(-1, -1)	b' thread'	-10.253851091714678
6039	(-1, -1)	b' difference'	-10.065892052514123
6040	(-1, -1)	b' bag'	-10.250501939826089
6041	(-1, -1)	b'\xe0\xa4\x95\xe0\xa5\x8b'	-10.180648784020928
6042	(-1, -1)	b'\xe5\xae\x8c\xe7\xbe\x8e'	-10.25319898865929
6043	(-1, -1)	b'\xe4\xbb\x94'	-10.254690135254323
6044	(-1, -1)	b' directly'	-10.25506326958701
6045	(-1, -1)	b' source'	-10.214024840196014
6046	(-1, -1)	b'\xe8\x87\xaa\xe7\x94\xb1'	-10.255249888977307
6047	(-1, -1)	b'\xd0\xb8\xd1\x8f'	-10.256557200770557
6048	(-1, -1)	b'\xc3\xba'	-10.174260089235904
6049	(-1, -1)	b' customers'	-10.257024512335676
6050	(-1, -1)	b'\xe6\xb0\x91\xe8\xad\xa6'	-10.258240545411955
6051	(-1, -1)	b'\xe4\xbd\x93\xe7\xb3\xbb'	-10.25730500413313
6052	(-1, -1)	b'\xe9\x80\x83'	-10.258802290581674
6053	(-1, -1)	b' energy'	-10.25861500712762
6054	(-1, -1)	b'\xe4\xb8\xba\xe4\xbb\x80\xe4\xb9\x88'	-10.25833414769592
6055	(-1, -1)	b'\xe6\xa4\x8d'	-11.012363401538268
6056	(-1, -1)	b' runs'	-10.258895945463504
6057	(-1, -1)	b' \xe0\xa4\xad'	-10.25927065272784
6058	(-1, -1)	b'ken'	-10.490811585999529
6059	(-1, -1)	b'\xe6\xac\xa2\xe8\xbf\x8e'	-10.259458059025242
6060	(-1, -1)	b'34'	-10.141914538092347
6061	(-1, -1)	b' leading'	-10.259645500450345
6062	(-1, -1)	b' rev'	-9.882927202034425
6063	(-1, -1)	b'\xe0\xa7\x81'	-10.26077088742085
6064	(-1, -1)	b'\xe7\x8f\x8d'	-10.260864726861636
6065	(-1, -1)	b'\xe6\x9b\xb4\xe5\xa4\x9a\xe7\x9a\x84'	-10.1006993530929
6066	(-1, -1)	b'gg'	-9.734451759934128
6067	(-1, -1)	b'iles'	-10.387981729308494
6068	(-1, -1)	b' hor'	-10.338096074797626
6069	(-1, -1)	b'kan'	-9.79524616721491
6070	(-1, -1)	b'\xe0\xa8\xbc'	-10.261991487544226
6071	(-1, -1)	b'\xe5\xbc\xba\xe8\xb0\x83'	-10.260864726861636
6072	(-1, -1)	b' \xda\xa9\xdb\x8c'	-10.251896056878875
6073	(-1, -1)	b'\xe6\xa1\x91'	-10.262555344339543
6074	(-1, -1)	b'\xe6\xa7'	-10.263025467990719
6075	(-1, -1)	b'\xe4\xbd\xa9'	-10.263119519248725
6076	(-1, -1)	b'\xe8\xbf\x9b\xe8\xa1\x8c\xe4\xba\x86'	-10.205198500187146
6077	(-1, -1)	b'uru'	-9.989288575653982
6078	(-1, -1)	b"'r"	-10.263966378861792
6079	(-1, -1)	b'ston'	-10.956454828865757
6080	(-1, -1)	b' Fin'	-10.1439996966943
6081	(-1, -1)	b'\xe5\xa5\xb9\xe7\x9a\x84'	-10.25078060779501
6082	(-1, -1)	b'\xe6\xb2\x89'	-10.264908175879983
6083	(-1, -1)	b' showed'	-10.264908175879983
6084	(-1, -1)	b'\xe8\xb7\x9d\xe7\xa6\xbb'	-10.26575655223289
6085	(-1, -1)	b' brought'	-10.265662252643024
6086	(-1, -1)	b'\xe3\x81\x8c'	-10.266322536589099
6087	(-1, -1)	b'\xe6\xb3\xbd'	-10.266511269249845
6088	(-1, -1)	b' article'	-10.088461438121552
6089	(-1, -1)	b'\xe6\xb4\xa5'	-11.011965549931668
6090	(-1, -1)	b' necess'	-11.110103909836177
6091	(-1, -1)	b'\xe5\x90\x88\xe7\x90\x86'	-10.305286630473393
6092	(-1, -1)	b'\xe5\x87\x8f\xe8\x82\xa5'	-10.267455467223874
6093	(-1, -1)	b' interesting'	-10.267455467223874
6094	(-1, -1)	b'\xe0\xa5\x8d\xe0\xa4\xaf\xe0\xa4\xbe\xe0\xa4'	-10.203247626109157
6095	(-1, -1)	b'\xe9\x9e\x8b'	-10.268022414229515
6096	(-1, -1)	b' rain'	-10.139584310673081
6097	(-1, -1)	b' jump'	-10.218512372408192
6098	(-1, -1)	b' indic'	-10.097028159823598
6099	(-1, -1)	b'\xe5\x8a\xb2'	-10.84242084201312
6100	(-1, -1)	b'LED'	-10.071467411543678
6101	(-1, -1)	b'eed'	-9.755855535339007
6102	(-1, -1)	b' recogn'	-10.268778843917627
6103	(-1, -1)	b'aud'	-10.68839007632748
6104	(-1, -1)	b'\xe6\x9c\xac\xe8\xb5\x9b\xe5\xad\xa3'	-10.268778843917627
6105	(-1, -1)	b'\xe8\x87\xb3\xe5\xb0\x91'	-10.269914562381553
6106	(-1, -1)	b' knows'	-10.270009263835291
6107	(-1, -1)	b'\xe5\xa5\xb3\xe5\x84\xbf'	-10.277996374851467
6108	(-1, -1)	b' Russian'	-10.154238121142301
6109	(-1, -1)	b'\xe8\xa1\x8c\xe5\x8a\xa8'	-10.291645183427452
6110	(-1, -1)	b" you'll"	-10.270672425244655
6111	(-1, -1)	b' bought'	-10.270767198499714
6112	(-1, -1)	b' sad'	-10.160924278673148
6113	(-1, -1)	b'\xe7\xba\xbd\xe7\xba\xa6'	-10.271430862899518
6114	(-1, -1)	b'\xe7\x81\xb0'	-10.271715425386617
6115	(-1, -1)	b'\xe6\x8a\x80\xe8\x83\xbd'	-10.27237971959847
6116	(-1, -1)	b'\xe4\xbb\x96\xe8\xaf\xb4'	-10.271525708064857
6117	(-1, -1)	b'\xe1\xba\xbf'	-10.272000068872575
6118	(-1, -1)	b' happens'	-10.270672425244655
6119	(-1, -1)	b' amb'	-10.199533765619755
6120	(-1, -1)	b'\xe5\xbf\x99'	-10.273044455390481
6121	(-1, -1)	b'\xe5\x85\xac\xe5\xbc\x80'	-10.195921586017084
6122	(-1, -1)	b' scored'	-10.273139453728081
6123	(-1, -1)	b'\xd2\xb3'	-11.16373243840365
6124	(-1, -1)	b'\xe6\xa5\xbc\xe5\xb8\x82'	-10.274089933792034
6125	(-1, -1)	b' interested'	-10.274089933792034
6126	(-1, -1)	b' Mac'	-10.150869696904747
6127	(-1, -1)	b'uke'	-10.390969991937736
6128	(-1, -1)	b'ko'	-9.611354905399342
6129	(-1, -1)	b' 31'	-10.22311049618375
6130	(-1, -1)	b'\xe6\x9b\xbe\xe7\xbb\x8f'	-10.273804694902532
6131	(-1, -1)	b' helped'	-10.275993608457936
6132	(-1, -1)	b'77'	-10.094402755554928
6133	(-1, -1)	b'\xe4\xbb\x81'	-10.276374778655041
6134	(-1, -1)	b' cat'	-10.156264635388142
6135	(-1, -1)	b' ways'	-10.283260804334448
6136	(-1, -1)	b' regard'	-10.672967808640976
6137	(-1, -1)	b'\xe5\xae\x89\xe6\x8e\x92'	-10.276088887387072
6138	(-1, -1)	b'\xe8\x83\xbd\xe6\xba\x90'	-10.275422125444
6139	(-1, -1)	b'cell'	-10.834062384791645
6140	(-1, -1)	b'\xe6\x8a\x95\xe6\xb3\xa8'	-10.27780546228884
6141	(-1, -1)	b' officers'	-10.277996374851467
6142	(-1, -1)	b'\xe4\xb9\x8b\xe5\xa4\x96'	-10.278664855991769
6143	(-1, -1)	b'\xe5\x8d\xb3\xe4\xbd\xbf'	-10.27532691001903
6144	(-1, -1)	b' Reg'	-10.287106962921927
6145	(-1, -1)	b' college'	-10.178140240687371
6146	(-1, -1)	b' anti'	-9.997548040139371
6147	(-1, -1)	b'\xe8\xbf\x85\xe9\x80\x9f'	-10.278760389786923
6148	(-1, -1)	b'OP'	-10.201123731505453
6149	(-1, -1)	b'\xe5\xae\xa3\xe4\xbc\xa0'	-10.278760389786923
6150	(-1, -1)	b'\xe5\x87\xa1'	-10.279047045944827
6151	(-1, -1)	b' require'	-9.954702996004201
6152	(-1, -1)	b'anta'	-10.52713111423724
6153	(-1, -1)	b'ray'	-10.00580357257912
6154	(-1, -1)	b' fat'	-10.21295082237148
6155	(-1, -1)	b' gas'	-10.205198500187146
6156	(-1, -1)	b' terror'	-10.276279472483894
6157	(-1, -1)	b'\xe8\xbe\x9b'	-10.281630655821754
6158	(-1, -1)	b'>>'	-10.605043005328358
6159	(-1, -1)	b'\xe6\x95\xb0\xe6\x8d\xae\xe6\x98\xbe\xe7\xa4\xba'	-10.282397453520593
6160	(-1, -1)	b' size'	-10.168938645041552
6161	(-1, -1)	b' \xe0\xa4\x97'	-10.282877000837125
6162	(-1, -1)	b'\xd1\x83\xd0\xbd'	-10.21725383214858
6163	(-1, -1)	b' broad'	-10.283836785918961
6164	(-1, -1)	b' \xdb\x8c'	-10.387342547439497
6165	(-1, -1)	b'\xe7\x9a\x84\xe5\x8f\x91\xe5\xb1\x95'	-10.006167222170387
6166	(-1, -1)	b' quickly'	-10.284220958032792
6167	(-1, -1)	b'\xe5\xa5\x96\xe5\x8a\xb1'	-10.284413099449464
6168	(-1, -1)	b' mine'	-10.092418391685932
6169	(-1, -1)	b'\xe9\x83\x91'	-10.285470537663835
6170	(-1, -1)	b'\xe5\x85\xbc'	-10.285855338053384
6171	(-1, -1)	b'\xe5\x85\xac\xe5\x91\x8a'	-10.286144035548533
6172	(-1, -1)	b'05'	-9.850780672897177
6173	(-1, -1)	b'ID'	-10.24061322193594
6174	(-1, -1)	b'\xe0\xb8\xaa'	-10.190221566199604
6175	(-1, -1)	b' ut'	-10.265002404384175
6176	(-1, -1)	b' became'	-10.286914303254632
6177	(-1, -1)	b' safety'	-10.286914303254632
6178	(-1, -1)	b' sil'	-10.051250726998168
6179	(-1, -1)	b'\xd1\x81\xd0\xba'	-10.197065499204427
6180	(-1, -1)	b' save'	-10.127685310587935
6181	(-1, -1)	b'\xd0\xbb\xd0\xb8'	-10.509287586862742
6182	(-1, -1)	b'aint'	-10.141498027611089
6183	(-1, -1)	b' \xda\xaf'	-10.291161413885822
6184	(-1, -1)	b'\xe9\x83\xbd\xe5\x9c\xa8'	-10.321008514597608
6185	(-1, -1)	b' defense'	-10.221485213658937
6186	(-1, -1)	b' strugg'	-10.291645183427452
6187	(-1, -1)	b'\xe4\xbb\xa5\xe5\x89\x8d'	-10.292322854202212
6188	(-1, -1)	b' sometimes'	-10.292322854202212
6189	(-1, -1)	b' speed'	-10.1649234331203
6190	(-1, -1)	b' \xd8\xa3'	-10.292419701812573
6191	(-1, -1)	b" He's"	-10.292807186075873
6192	(-1, -1)	b'\xe5\xbc\x80\xe7\x9b\x98'	-10.292904080606252
6193	(-1, -1)	b' moving'	-10.293000984526092
6194	(-1, -1)	b'CH'	-9.759770989341105
6195	(-1, -1)	b'ears'	-10.265096641768215
6196	(-1, -1)	b' Sch'	-10.123668417864543
6197	(-1, -1)	b'\xe9\x95\xb7'	-10.293582605325737
6198	(-1, -1)	b'oma'	-10.081456569055234
6199	(-1, -1)	b'\xe8\xaf\xa6'	-11.182188750167215
6200	(-1, -1)	b' prim'	-11.152682602217064
6201	(-1, -1)	b'\xe6\xb0\x8f'	-10.295232370365843
6202	(-1, -1)	b'ros'	-10.812000245312406
6203	(-1, -1)	b' soft'	-11.006016692411896
6204	(-1, -1)	b'\xe9\x82\xae'	-10.295620946240172
6205	(-1, -1)	b' ended'	-10.295620946240172
6206	(-1, -1)	b'oph'	-9.922878728790721
6207	(-1, -1)	b' force'	-10.295426639429106
6208	(-1, -1)	b'ru'	-9.439891682327495
6209	(-1, -1)	b' lose'	-10.182122240408852
6210	(-1, -1)	b' Tur'	-10.514837124570128
6211	(-1, -1)	b' upper'	-10.293485645030902
6212	(-1, -1)	b'resh'	-11.051520447796722
6213	(-1, -1)	b'\xe4\xba\x9e'	-10.296593047026356
6214	(-1, -1)	b'\xe5\xb1\x85\xe6\xb0\x91'	-10.296009673164406
6215	(-1, -1)	b' missing'	-10.29678758063265
6216	(-1, -1)	b'\xe8\xbd\xbb\xe6\x9d\xbe'	-10.296982152089631
6217	(-1, -1)	b'\xe8\x85\xb0'	-10.297566093712064
6218	(-1, -1)	b'hood'	-10.021930589741206
6219	(-1, -1)	b'\xe9\x9b\x86\xe4\xb8\xad'	-10.232918057543445
6220	(-1, -1)	b'Or'	-10.319216220978323
6221	(-1, -1)	b'\xe8\x83\x86'	-10.299027441334395
6222	(-1, -1)	b'\xe7\x9a\x84\xe6\x97\xb6\xe9\x97\xb4'	-10.10021973677675
6223	(-1, -1)	b' medical'	-10.268211468015881
6224	(-1, -1)	b' goals'	-10.299710135075252
6225	(-1, -1)	b'\xe9\x9c\xb8'	-10.299807700810243
6226	(-1, -1)	b'\xe5\xa5\xb3\xe4\xba\xba'	-10.163900851011594
6227	(-1, -1)	b'\xe6\x9c\x9f\xe5\xbe\x85'	-10.299710135075252
6228	(-1, -1)	b' manager'	-10.098622675030283
6229	(-1, -1)	b" she's"	-10.300490927619311
6230	(-1, -1)	b'\xe9\xab\x98\xe9\x80\x9f'	-10.187950624530123
6231	(-1, -1)	b'just'	-10.862257043819532
6232	(-1, -1)	b' prior'	-10.299612578858405
6233	(-1, -1)	b'\xe6\x81\xa2\xe5\xa4\x8d'	-10.301663260696134
6234	(-1, -1)	b'UN'	-10.291451647525937
6235	(-1, -1)	b'\xe8\xaf\x81\xe6\x98\x8e'	-10.302739108029597
6236	(-1, -1)	b'\xe4\xbc\x97\xe5\xa4\x9a'	-10.217433526668382
6237	(-1, -1)	b'vey'	-11.162806940882707
6238	(-1, -1)	b'\xe8\xbf\x94'	-10.304208040380104
6239	(-1, -1)	b' senior'	-10.197505814477273
6240	(-1, -1)	b'down'	-10.016403474450948
6241	(-1, -1)	b'secut'	-10.893563948444578
6242	(-1, -1)	b'44'	-9.839510505926137
6243	(-1, -1)	b' normal'	-10.013028562957054
6244	(-1, -1)	b'\xe8\xba\xab\xe4\xbb\xbd'	-10.30401205801789
6245	(-1, -1)	b'\xe9\x97\xb2'	-11.157501888653014
6246	(-1, -1)	b'\xe4\xb8\x80\xe5\x88\x87'	-9.993014842953775
6247	(-1, -1)	b'cle'	-9.770460164826227
6248	(-1, -1)	b'illed'	-10.989934761192595
6249	(-1, -1)	b' ga'	-9.921607868113338
6250	(-1, -1)	b'\xe5\x8a\x9b\xe7\x9a\x84'	-10.495784364421244
6251	(-1, -1)	b' material'	-10.26387224792559
6252	(-1, -1)	b'\xea\xb3\xa0'	-10.236300299444078
6253	(-1, -1)	b'\xc2\xa0\xc2\xa0\xc2\xa0 '	-10.305286630473393
6254	(-1, -1)	b'ria'	-10.663658855663453
6255	(-1, -1)	b'\xe5\xbe\x88\xe9\x9a\xbe'	-10.307348993099795
6256	(-1, -1)	b'\xe5\xad\xa6\xe5\xae\xb6'	-10.312276567867782
6257	(-1, -1)	b' Michael'	-10.281918136059469
6258	(-1, -1)	b'\xe8\xae\xad\xe7\xbb\x83'	-10.307742306772516
6259	(-1, -1)	b'\xe9\x87\x8c\xe7\x9a\x84'	-10.45587911045401
6260	(-1, -1)	b'\xe6\x9d\xa5\xe5\x88\xb0'	-10.199533765619755
6261	(-1, -1)	b'\xe7\x90\x86\xe8\xb4\xa2'	-10.271146381365192
6262	(-1, -1)	b'\xe5\xa4\xa7\xe5\xa5\x96'	-10.252547310565195
6263	(-1, -1)	b'\xe8\x89\xb2\xe5\xbd\xa9'	-10.31030262328684
6264	(-1, -1)	b' property'	-10.3101054429648
6265	(-1, -1)	b'ban'	-9.874665603281356
6266	(-1, -1)	b'\xd8\xb1\xdb\x8c'	-10.376749228037832
6267	(-1, -1)	b'mb'	-11.02982495910118
6268	(-1, -1)	b'\xe8\xbe\x89'	-10.310697100609511
6269	(-1, -1)	b' sem'	-10.312572995912046
6270	(-1, -1)	b'\xe7\x89\xb9\xe7\x82\xb9'	-10.311387810588128
6271	(-1, -1)	b' describ'	-10.936523089583195
6272	(-1, -1)	b'\xe5\xb0\x8a'	-10.311387810588128
6273	(-1, -1)	b'force'	-10.706248990175153
6274	(-1, -1)	b'stant'	-10.80566956919007
6275	(-1, -1)	b'\xe7\xa8\xae'	-10.311683975257848
6276	(-1, -1)	b' sexual'	-10.14986137819063
6277	(-1, -1)	b'\xe6\xb7\xa1'	-10.312276567867782
6278	(-1, -1)	b'\xe6\x8b\x85\xe5\xbf\x83'	-10.31207899797679
6279	(-1, -1)	b' economic'	-10.161688837177877
6280	(-1, -1)	b' farm'	-10.2296381712212
6281	(-1, -1)	b'98'	-10.072943885371368
6282	(-1, -1)	b' Paul'	-10.295135249985055
6283	(-1, -1)	b'estern'	-10.998531922389807
6284	(-1, -1)	b'\xe4\xbc\x98\xe6\x83\xa0'	-10.313462807627289
6285	(-1, -1)	b'\xe5\x90\x8d\xe7\x9a\x84'	-10.929722217860048
6286	(-1, -1)	b' Are'	-10.277900914014204
6287	(-1, -1)	b' rob'	-10.263307648305812
6288	(-1, -1)	b' violence'	-10.30803739357936
6289	(-1, -1)	b'\xe5\xb0\xbc\xe5\xba\xb7'	-10.314650456222944
6290	(-1, -1)	b'\xe9\xaa\x91'	-10.314749490637485
6291	(-1, -1)	b'ua'	-10.328511175710167
6292	(-1, -1)	b'ste'	-10.343789461465814
6293	(-1, -1)	b'\xe5\x89\xa9'	-10.316930732826922
6294	(-1, -1)	b'\xe1\x88\x9b'	-10.006385475417769
6295	(-1, -1)	b'\xe4\xb8\xbb\xe4\xbb\xbb'	-10.30764396385067
6296	(-1, -1)	b'\xe5\xbd\xa9\xe6\xb0\x91'	-10.3176257633866
6297	(-1, -1)	b'o-'	-11.036121313811003
6298	(-1, -1)	b'\xe7\x95\x99\xe5\xad\xa6\xe7\x94\x9f'	-10.346852876503215
6299	(-1, -1)	b'\xe5\xa6\x82\xe4\xbb\x8a'	-10.31000686738189
6300	(-1, -1)	b'OW'	-10.279429382022892
6301	(-1, -1)	b' disapp'	-10.318321277349755
6302	(-1, -1)	b'\xe9\x83\xad'	-10.318520084507467
6303	(-1, -1)	b' option'	-10.25898960911739
6304	(-1, -1)	b'\xe6\x92\x9e'	-10.320111966248467
6305	(-1, -1)	b'\xec\x84'	-10.050718184857695
6306	(-1, -1)	b'\xe5\xa4\x9a\xe5\xb0\x91'	-10.320410726396085
6307	(-1, -1)	b'\xe9\xbc\x93'	-11.072639894543528
6308	(-1, -1)	b'\xe6\x88\x98\xe6\x96\x97'	-10.320908858411368
6309	(-1, -1)	b'lying'	-10.614354059561448
6310	(-1, -1)	b' rules'	-10.321207856769105
6311	(-1, -1)	b'ucks'	-10.625778147249406
6312	(-1, -1)	b' internet'	-10.315443006294151
6313	(-1, -1)	b'uth'	-9.968828409170923
6314	(-1, -1)	b' protect'	-10.073099430557557
6315	(-1, -1)	b'\xe8\x89\xbe'	-10.322903871541888
6316	(-1, -1)	b'time'	-9.645405202710121
6317	(-1, -1)	b'\xe1\x89\xbd'	-10.294261590753637
6318	(-1, -1)	b'\xe0\xa8\xbe\xe0\xa8\x82'	-10.323603067495059
6319	(-1, -1)	b' Why'	-10.322604365724244
6320	(-1, -1)	b'\xe6\xb6\x9b'	-11.155204093524365
6321	(-1, -1)	b' cash'	-10.282589244852213
6322	(-1, -1)	b' environment'	-10.253757908096292
6323	(-1, -1)	b'amn'	-11.185731921465804
6324	(-1, -1)	b'\xe0\xb0\xbe\xe0\xb0\xb0'	-10.929172817608155
6325	(-1, -1)	b' eat'	-10.21295082237148
6326	(-1, -1)	b'what'	-10.264625543629762
6327	(-1, -1)	b' firm'	-10.034498146860745
6328	(-1, -1)	b' winning'	-10.306268177470141
6329	(-1, -1)	b'\xe5\x87\xa0\xe4\xb8\xaa'	-10.054986484020734
6330	(-1, -1)	b'Did'	-10.326605171220823
6331	(-1, -1)	b'\xe9\xa9\xbb'	-10.327507562619102
6332	(-1, -1)	b'\xe3\x83\xb3'	-10.327507562619102
6333	(-1, -1)	b'LE'	-9.781845925738178
6334	(-1, -1)	b' 2013'	-10.327407256685921
6335	(-1, -1)	b' Mark'	-10.270009263835291
6336	(-1, -1)	b"Don't"	-10.32770820467435
6337	(-1, -1)	b'\xe8\xbf\x99\xe6\xac\xbe'	-10.32790888699491
6338	(-1, -1)	b'IP'	-10.268116936655032
6339	(-1, -1)	b'\xe6\x84\x8f\xe5\xa4\xa7\xe5\x88\xa9'	-10.32790888699491
6340	(-1, -1)	b' \xd9\xbe\xd9\x87'	-10.328410769063161
6341	(-1, -1)	b'By'	-10.344095381011359
6342	(-1, -1)	b'\xef\xbc\x8d'	-10.32961631471851
6343	(-1, -1)	b' driving'	-10.32961631471851
6344	(-1, -1)	b'\xe9\x98\x9f\xe7\x9a\x84'	-10.51109383697752
6345	(-1, -1)	b'\xe5\x8d\xb7'	-10.330018486451259
6346	(-1, -1)	b'\xe7\xaa\x81\xe7\x84\xb6'	-10.327206674998358
6347	(-1, -1)	b' adm'	-10.504726301796905
6348	(-1, -1)	b'\xe9\xba\xbb'	-10.33102462397451
6349	(-1, -1)	b' Mad'	-10.279142616260758
6350	(-1, -1)	b'\xe1\x80\x80'	-10.541688489495673
6351	(-1, -1)	b' After'	-10.331326662738448
6352	(-1, -1)	b'\xe0\xa7\x87\xe0\xa6\xb0'	-10.33183026349442
6353	(-1, -1)	b' \xe0\xa6\xb8'	-10.332031774830114
6354	(-1, -1)	b' changed'	-10.332233326780813
6355	(-1, -1)	b' itself'	-10.332334117991904
6356	(-1, -1)	b'BS'	-10.360548194301977
6357	(-1, -1)	b' Ben'	-10.17952348634754
6358	(-1, -1)	b' Da'	-10.812488884462125
6359	(-1, -1)	b' poor'	-10.26868425890928
6360	(-1, -1)	b'\xe6\x98\xaf\xe4\xb8\x80\xe7\xa7\x8d'	-10.307348993099795
6361	(-1, -1)	b'\xe5\xa4\xa7\xe9\x99\x86'	-10.301272330276769
6362	(-1, -1)	b' slow'	-10.016697484008375
6363	(-1, -1)	b'\xd1\x8e'	-9.781497230436221
6364	(-1, -1)	b'\xe6\x8a\x95\xe5\x85\xa5'	-10.334756159745115
6365	(-1, -1)	b'olf'	-10.822805851433056
6366	(-1, -1)	b'orney'	-11.157962081942314
6367	(-1, -1)	b'\xe6\xb1\x87\xe7\x8e\x87'	-10.33495826160514
6368	(-1, -1)	b' vehicle'	-10.33495826160514
6369	(-1, -1)	b'\xe5\x85\x8b\xe6\x96\xaf'	-10.413671215423806
6370	(-1, -1)	b'According'	-10.335160404318584
6371	(-1, -1)	b'\xe4\xba\xa7\xe5\x93\x81\xe7\x9a\x84'	-10.419482953915892
6372	(-1, -1)	b' showers'	-10.335564812371816
6373	(-1, -1)	b'\xe8\x80\x8c\xe6\x98\xaf'	-10.341955906913213
6374	(-1, -1)	b'\xe4\xbb\x96\xe5\x9c\xa8'	-10.469659760322761
6375	(-1, -1)	b' simply'	-10.336576548597332
6376	(-1, -1)	b'night'	-10.155926597693721
6377	(-1, -1)	b'\xe7\xbc\x98'	-10.33677901873368
6378	(-1, -1)	b'ho'	-9.2117889393617
6379	(-1, -1)	b'fully'	-10.528233987947461
6380	(-1, -1)	b'\xe7\x94\xa8\xe4\xba\x8e'	-10.422015576532624
6381	(-1, -1)	b' afternoon'	-10.325303152908788
6382	(-1, -1)	b'\xe5\x85\xbd'	-10.337184082030356
6383	(-1, -1)	b'aya'	-10.344707501005988
6384	(-1, -1)	b' hair'	-10.206530827070734
6385	(-1, -1)	b' Group'	-10.336070552533306
6386	(-1, -1)	b' eye'	-10.217433526668382
6387	(-1, -1)	b' attention'	-10.333645329032557
6388	(-1, -1)	b' double'	-10.12040124187978
6389	(-1, -1)	b'\xe6\xac\xa3'	-10.338805977976367
6390	(-1, -1)	b'\xe9\xab\x98\xe6\xa0\xa1'	-10.27923819571125
6391	(-1, -1)	b'rey'	-10.489985188455302
6392	(-1, -1)	b'airs'	-10.526396540257098
6393	(-1, -1)	b'\xe5\xb9\xb6\xe9\x9d\x9e'	-10.338704532376482
6394	(-1, -1)	b' Road'	-10.339211863319331
6395	(-1, -1)	b'iber'	-10.66858462735689
6396	(-1, -1)	b' prem'	-10.286817987338353
6397	(-1, -1)	b'\xe6\x88\x90\xe5\x91\x98'	-10.33992255932366
6398	(-1, -1)	b'\xe6\x88\x91\xe8\xa7\x89\xe5\xbe\x97'	-10.34002412856858
6399	(-1, -1)	b'\xe9\x81\xbf\xe5\x85\x8d'	-10.34012570813086
6400	(-1, -1)	b'\xe5\xb7\xa5\xe4\xb8\x9a'	-10.34012570813086
6401	(-1, -1)	b' a.m'	-10.340328898215882
6402	(-1, -1)	b'\xe6\x9c\x89\xe6\x9c\x9b'	-10.2938735426308
6403	(-1, -1)	b'\xe4\xb9\x98'	-10.341955906913213
6404	(-1, -1)	b' middle'	-10.34063376077604
6405	(-1, -1)	b' \xd0\xbd\xd0\xb5'	-10.223562432739552
6406	(-1, -1)	b' effect'	-10.404312130893926
6407	(-1, -1)	b' European'	-10.295523788115247
6408	(-1, -1)	b' engine'	-10.19636139778474
6409	(-1, -1)	b'new'	-10.190571400032102
6410	(-1, -1)	b' etc'	-10.33799470118509
6411	(-1, -1)	b'\xd1\x85'	-10.164838177994286
6412	(-1, -1)	b' Pal'	-10.28402885352735
6413	(-1, -1)	b'\xd9\x8a\xd9\x86'	-10.303914081238307
6414	(-1, -1)	b'\xe9\xab\x98\xe8\xbe\xbe'	-10.341345468395936
6415	(-1, -1)	b'\xd1\x86'	-9.933577616296974
6416	(-1, -1)	b'\xe5\x9c\xb0\xe5\x9b\xbe'	-10.976599941896614
6417	(-1, -1)	b'\xe4\xba\x8b\xe4\xb8\x9a'	-10.343993397430628
6418	(-1, -1)	b'Are'	-10.284317024126338
6419	(-1, -1)	b' model'	-9.973182654409856
6420	(-1, -1)	b'\xe9\x85\xb8'	-10.345013701569748
6421	(-1, -1)	b'\xe7\x8a\xb6\xe5\x86\xb5'	-10.345115789263165
6422	(-1, -1)	b' included'	-10.345115789263165
6423	(-1, -1)	b' brand'	-10.071622727223108
6424	(-1, -1)	b' Del'	-10.294649789516276
6425	(-1, -1)	b'\xe0\xa4\xbe\xe0\xa4\xb2'	-10.525173448128108
6426	(-1, -1)	b' blood'	-10.346035047792737
6427	(-1, -1)	b'\xe8\x80\x81\xe6\x9d\xbf'	-10.346341655184377
6428	(-1, -1)	b' \xe0\xa4\xb2'	-10.472786753431881
6429	(-1, -1)	b' multiple'	-10.322005623065902
6430	(-1, -1)	b' vs'	-10.345524244287734
6431	(-1, -1)	b'\xe5\xa3\x81'	-10.346955152136134
6432	(-1, -1)	b'\xe6\xa3\x80\xe6\x9f\xa5'	-10.347159734788239
6433	(-1, -1)	b'\xe6\xb1\xbd\xe8\xbd\xa6'	-10.347569025697464
6434	(-1, -1)	b'\xe5\xb7\xa5\xe4\xbd\x9c\xe4\xba\xba\xe5\x91\x98'	-10.347773733988863
6435	(-1, -1)	b' walk'	-9.845253566760185
6436	(-1, -1)	b' immediately'	-10.348183276331026
6437	(-1, -1)	b' PM'	-10.36168933245164
6438	(-1, -1)	b' Red'	-10.106392348463162
6439	(-1, -1)	b' officer'	-10.32240474500295
6440	(-1, -1)	b' sat'	-10.098064305454894
6441	(-1, -1)	b' arrested'	-10.348695440234668
6442	(-1, -1)	b'\xe7\x8f\xbe'	-10.348797904500344
6443	(-1, -1)	b' wide'	-9.996034689942427
6444	(-1, -1)	b'\xe5\xbf\xa7'	-11.048834218265336
6445	(-1, -1)	b' October'	-10.348900379266023
6446	(-1, -1)	b'\xe8\xb5\x9e'	-10.349515448480698
6447	(-1, -1)	b'\xe6\x8f\xad'	-10.349515448480698
6448	(-1, -1)	b'\xe8\xaf\x84\xe8\xae\xba'	-10.349823125012534
6449	(-1, -1)	b'ops'	-10.093052959804314
6450	(-1, -1)	b' Alex'	-10.349412910669791
6451	(-1, -1)	b' Ma'	-10.125224073805246
6452	(-1, -1)	b' baby'	-10.318520084507467
6453	(-1, -1)	b'\xe5\x85\xb4\xe8\xb6\xa3'	-11.004238914165896
6454	(-1, -1)	b'\xe9\x99\xa2\xe6\xa0\xa1'	-10.338805977976367
6455	(-1, -1)	b'\xe5\x8d\x95\xe5\x8f\x8d'	-10.35527441133271
6456	(-1, -1)	b'\xe9\x83\xbd\xe4\xb8\x8d'	-10.599234408138585
6457	(-1, -1)	b' term'	-9.98244558081384
6458	(-1, -1)	b'\xe9\x80\x9a\xe5\xb8\xb8'	-10.35105477866305
6459	(-1, -1)	b'ydd'	-10.1121988163898
6460	(-1, -1)	b'\xe9\x9a\x94'	-10.351362929248406
6461	(-1, -1)	b'\xe8\x80\x8c\xe5\x9c\xa8'	-10.49447957804314
6462	(-1, -1)	b' feeling'	-10.104464327300361
6463	(-1, -1)	b'\xe5\x94\xaf\xe4\xb8\x80'	-10.342566718293295
6464	(-1, -1)	b'TV'	-10.302836969751063
6465	(-1, -1)	b'\xe5\xae\x83\xe7\x9a\x84'	-10.36387149157599
6466	(-1, -1)	b'New'	-10.350028295304597
6467	(-1, -1)	b'\xe6\x95\xa2'	-10.352802222187321
6468	(-1, -1)	b'orrow'	-11.18905024638794
6469	(-1, -1)	b' lif'	-11.196437388285242
6470	(-1, -1)	b'how'	-10.071467411543678
6471	(-1, -1)	b'78'	-10.097745377051616
6472	(-1, -1)	b' except'	-10.35105477866305
6473	(-1, -1)	b' \xd9\x82'	-10.353316757830266
6474	(-1, -1)	b'\xe6\x8b\x93'	-10.955138668104171
6475	(-1, -1)	b'\xe8\x96\x84'	-10.35414056592958
6476	(-1, -1)	b' fourth'	-10.354243589676644
6477	(-1, -1)	b'\xe8\xb7\xa8'	-10.354552724616507
6478	(-1, -1)	b'olution'	-10.318818369371723
6479	(-1, -1)	b'\xe7\x94\x9f\xe7\x89\xa9'	-10.362000778080942
6480	(-1, -1)	b'hol'	-10.853731842996174
6481	(-1, -1)	b'\xe6\xaf\x8f\xe4\xb8\xaa'	-9.996827111552166
6482	(-1, -1)	b'iction'	-10.289132133583704
6483	(-1, -1)	b' birth'	-10.907619868853372
6484	(-1, -1)	b' challeng'	-11.044510109808352
6485	(-1, -1)	b'\xe9\x99\xb7'	-10.999710010097237
6486	(-1, -1)	b'\xe9\x80\x9a\xe7\x9f\xa5'	-10.355996619256802
6487	(-1, -1)	b' pan'	-10.802761181294112
6488	(-1, -1)	b'\xe4\xbf\x9d\xe9\x99\xa9'	-10.356512801583857
6489	(-1, -1)	b'\xe5\xa4\x8d\xe8\x8b\x8f'	-10.924606182582831
6490	(-1, -1)	b'\xe9\x9f\xb3\xe4\xb9\x90'	-10.357339247911888
6491	(-1, -1)	b'iving'	-10.403337735753766
6492	(-1, -1)	b'\xe7\x98\xa6'	-10.357442601743823
6493	(-1, -1)	b' evening'	-10.32001239936433
6494	(-1, -1)	b'\xe8\x8a\xac'	-10.358062949158258
6495	(-1, -1)	b'\xe4\xb9\x8c'	-10.358166377818431
6496	(-1, -1)	b' mas'	-10.374433681271189
6497	(-1, -1)	b'\xe7\x8a\xaf\xe7\xbd\xaa'	-10.35858019946721
6498	(-1, -1)	b'zi'	-10.086804175381829
6499	(-1, -1)	b' charge'	-10.274089933792034
6500	(-1, -1)	b' growing'	-10.359201253208319
6501	(-1, -1)	b' Air'	-10.138338204592834
6502	(-1, -1)	b'\xe4\xbc\x98\xe7\xa7\x80'	-10.36023720067484
6503	(-1, -1)	b'\xe8\xae\xa9\xe4\xbd\xa0'	-10.261521849626423
6504	(-1, -1)	b'\xe5\xbd\xa2\xe5\xbc\x8f'	-10.360548194301977
6505	(-1, -1)	b'\xe5\xb1\xac'	-10.953824237345025
6506	(-1, -1)	b'\xe7\xb4\xab'	-10.360651880340745
6507	(-1, -1)	b' conference'	-10.30224994302449
6508	(-1, -1)	b' reading'	-10.315046652741598
6509	(-1, -1)	b'uty'	-10.007186145111524
6510	(-1, -1)	b' practice'	-10.042990288227438
6511	(-1, -1)	b'va'	-9.895872366626463
6512	(-1, -1)	b' attempt'	-9.959898532612558
6513	(-1, -1)	b' Bay'	-10.348388110416135
6514	(-1, -1)	b'\xe9\x80\x90\xe6\xb8\x90'	-10.364391755881986
6515	(-1, -1)	b'\xe8\xa3\x85\xe9\xa5\xb0'	-10.364599937417037
6516	(-1, -1)	b'\xd8\xa7\xd8\xa8'	-10.332636552592726
6517	(-1, -1)	b'\xe5\x93\xa1'	-10.36501643055092
6518	(-1, -1)	b'\xe7\x8c\x9b'	-10.365120580944183
6519	(-1, -1)	b' effort'	-10.365224742185879
6520	(-1, -1)	b" what's"	-10.365328914278269
6521	(-1, -1)	b' sleep'	-10.365849937579798
6522	(-1, -1)	b' Congress'	-10.360963002977426
6523	(-1, -1)	b'\xe6\xa1\xb6'	-10.366266951764322
6524	(-1, -1)	b'\xe0\xb8\x84'	-10.275707826126865
6525	(-1, -1)	b' center'	-10.119667596034768
6526	(-1, -1)	b'\xe5\x8c\x96\xe7\x9a\x84'	-10.468850652031497
6527	(-1, -1)	b'\xe5\xb9\xb4\xe4\xbb\xa3'	-10.367519038739252
6528	(-1, -1)	b'\xe6\x81\x92'	-10.36710150219874
6529	(-1, -1)	b'\xe6\x8a\xa5\xe5\x90\x8d'	-10.335463695025048
6530	(-1, -1)	b' block'	-9.843521000272705
6531	(-1, -1)	b'\xe5\x9c\xb0\xe6\x9d\xbf'	-10.368459133862544
6532	(-1, -1)	b' nd\xe1\xbb\x8b'	-10.367519038739252
6533	(-1, -1)	b'\xe5\x90\x8e\xe6\x9d\xa5'	-10.32031112976237
6534	(-1, -1)	b' Any'	-10.368145670613542
6535	(-1, -1)	b'\xe8\xb7\x83'	-10.368250147445899
6536	(-1, -1)	b'\xe9\x89\xb4'	-10.368354635194807
6537	(-1, -1)	b'\xe7\xa4\xbe\xe5\x8c\xba'	-10.368668163963639
6538	(-1, -1)	b'\xe1\x8d\xa1'	-10.368668163963639
6539	(-1, -1)	b' Well'	-10.368772695401564
6540	(-1, -1)	b'\xe6\x9c\xac\xe6\xac\xa1'	-10.368877237767453
6541	(-1, -1)	b'\xe0\xb8\xab'	-10.284509184003946
6542	(-1, -1)	b' \xd8\xa8\xd9\x87'	-10.368981791063591
6543	(-1, -1)	b' Gold'	-10.369086355292263
6544	(-1, -1)	b' Cap'	-10.04027699141662
6545	(-1, -1)	b'\xe5\x95\x8a'	-10.36940011359636
6546	(-1, -1)	b'\xe7\xa1\xae\xe5\xae\x9e'	-10.367414638258914
6547	(-1, -1)	b'\xe8\x9b\x8b'	-10.369713970375626
6548	(-1, -1)	b'\xe4\xb8\x80\xe5\x9c\xba'	-9.993876726221952
6549	(-1, -1)	b'\xe7\xa8\xbf'	-10.369923262967433
6550	(-1, -1)	b' positive'	-10.33092396465589
6551	(-1, -1)	b'\xe4\xbf\xa1\xe7\x94\xa8'	-11.132736338034686
6552	(-1, -1)	b' IN'	-10.555074565400625
6553	(-1, -1)	b' kick'	-10.098702467569723
6554	(-1, -1)	b'\xe9\x85\x92\xe5\xba\x97'	-10.370656132183086
6555	(-1, -1)	b' whose'	-10.370656132183086
6556	(-1, -1)	b'\xe0\xa4\xac'	-10.358062949158258
6557	(-1, -1)	b' smart'	-10.29319482054143
6558	(-1, -1)	b' jobs'	-10.369086355292263
6559	(-1, -1)	b'\xe7\x88\xb6\xe6\xaf\x8d'	-10.372018601607287
6560	(-1, -1)	b'\xe6\x8b\x9f'	-10.372333281423174
6561	(-1, -1)	b'abor'	-10.893917367780293
6562	(-1, -1)	b' alone'	-10.372228377148227
6563	(-1, -1)	b'\xc4\xb1r'	-10.376327820530543
6564	(-1, -1)	b' costs'	-10.374013248218958
6565	(-1, -1)	b'\xe5\xa5\xb6'	-10.37432855643535
6566	(-1, -1)	b'-S'	-10.445102532903409
6567	(-1, -1)	b' pers'	-10.580327788504212
6568	(-1, -1)	b'\xe6\x94\xbb\xe5\x87\xbb'	-10.375064662467851
6569	(-1, -1)	b' compared'	-10.375485537894939
6570	(-1, -1)	b'\xe4\xbb\x8a\xe6\x97\xa5'	-10.44318628365559
6571	(-1, -1)	b'\xe3\x81\xaa'	-10.375801310751623
6572	(-1, -1)	b'pro'	-9.902408337606248
6573	(-1, -1)	b' provided'	-10.376749228037832
6574	(-1, -1)	b' Charl'	-10.074889941331346
6575	(-1, -1)	b'\xe8\x8b\xb1\xe9\x9b\x84'	-10.377170813204279
6576	(-1, -1)	b'\xe7\xbb\x88\xe4\xba\x8e'	-10.377698044723846
6577	(-1, -1)	b'\xe5\xa4\xa7\xe9\x83\xa8\xe5\x88\x86'	-10.29329175264057
6578	(-1, -1)	b' stage'	-10.102700234147818
6579	(-1, -1)	b' despite'	-10.378120030171612
6580	(-1, -1)	b'\xe5\x8b\x95'	-10.378542193766272
6581	(-1, -1)	b'\xe5\x8d\x8f\xe8\xae\xae'	-10.378542193766272
6582	(-1, -1)	b'\xe7\x85\xa7\xe6\x98\x8e'	-10.378753342415704
6583	(-1, -1)	b'\xe7\x85\xa4'	-10.379387055998382
6584	(-1, -1)	b' cases'	-10.379704063450713
6585	(-1, -1)	b' opinion'	-10.081378140758265
6586	(-1, -1)	b'\xe4\xb9\x94'	-10.380338379995926
6587	(-1, -1)	b' figure'	-10.055444884212122
6588	(-1, -1)	b'\xec\xa0'	-10.380549908288625
6589	(-1, -1)	b'\xe5\x80\xbe'	-10.976599941896614
6590	(-1, -1)	b' band'	-10.191884367965478
6591	(-1, -1)	b' haha'	-10.243099296601589
6592	(-1, -1)	b'fl'	-9.735061735831268
6593	(-1, -1)	b'68'	-9.97100316186081
6594	(-1, -1)	b' funny'	-10.382349707620474
6595	(-1, -1)	b'\x88\xeb\x8b\xa4'	-11.09637670877154
6596	(-1, -1)	b'\xe4\xb8\x89\xe4\xb8\xaa'	-10.152215705352267
6597	(-1, -1)	b'\xe6\x9c\x89\xe5\x8f\xaf\xe8\x83\xbd'	-10.359304799674888
6598	(-1, -1)	b' \xd9\x85\xd9\x86'	-10.375380302430491
6599	(-1, -1)	b' charges'	-10.383091744014303
6600	(-1, -1)	b' credit'	-10.146089212269207
6601	(-1, -1)	b'59'	-10.04821144192934
6602	(-1, -1)	b'\xe5\x90\xa8'	-11.023970496028491
6603	(-1, -1)	b'\xe8\xaf\xad\xe8\xa8\x80'	-10.38383433143505
6604	(-1, -1)	b'\xe5\x88\xa9\xe7\x9b\x8a'	-10.377592576179742
6605	(-1, -1)	b'inger'	-10.439364766135304
6606	(-1, -1)	b' po'	-9.579849779045778
6607	(-1, -1)	b'\xe6\x90\x9e'	-10.384789897680719
6608	(-1, -1)	b'\xe8\x8d\xb7'	-10.385108622783019
6609	(-1, -1)	b'\xe0\xa5\x8d\xe0\xa4\xa4'	-10.737345745629746
6610	(-1, -1)	b' \xe0\xae\xaa'	-10.38521488706238
6611	(-1, -1)	b'\xe4\xbb\x93\xe4\xbd\x8d'	-10.384577470701693
6612	(-1, -1)	b'\xe0\xa4\xbc'	-10.385852709981846
6613	(-1, -1)	b' remain'	-10.04889447614555
6614	(-1, -1)	b'-M'	-10.55974540643683
6615	(-1, -1)	b' rid'	-10.4103964608326
6616	(-1, -1)	b'atory'	-10.386810207794241
6617	(-1, -1)	b'using'	-10.35064405887085
6618	(-1, -1)	b' calls'	-10.387449049383259
6619	(-1, -1)	b'\xe7\x9b\x91\xe7\xae\xa1'	-10.386703773863003
6620	(-1, -1)	b'\xd0\xb8\xd0\xb9'	-10.313957489804086
6621	(-1, -1)	b'\xe8\xae\xbf\xe9\x97\xae'	-10.38872795822218
6622	(-1, -1)	b'Good'	-10.38926132001412
6623	(-1, -1)	b' Los'	-10.350541405275319
6624	(-1, -1)	b'\xe4\xb8\xad\xe5\xb0\x8f'	-10.394074420914942
6625	(-1, -1)	b'\xe8\xaa\x89'	-10.390008504763617
6626	(-1, -1)	b' \xe0\xa4\xaf'	-10.390008504763617
6627	(-1, -1)	b' student'	-10.390435718270062
6628	(-1, -1)	b'\xe8\xa9\xb9\xe5\xa7\x86\xe6\x96\xaf'	-10.390863114365892
6629	(-1, -1)	b'\xe9\x85\x8d\xe5\x90\x88'	-10.387449049383259
6630	(-1, -1)	b'\xe9\x96\x93'	-10.391076880933616
6631	(-1, -1)	b' Bank'	-10.257118000860027
6632	(-1, -1)	b' hy'	-10.334352078519291
6633	(-1, -1)	b'\xe5\xbe\x97\xe5\x88\x86'	-10.390222088702917
6634	(-1, -1)	b' \xd8\xa7\xd9\x88'	-10.33183026349442
6635	(-1, -1)	b'set'	-10.876223992135134
6636	(-1, -1)	b'\xe1\xba\xa1'	-10.390969991937736
6637	(-1, -1)	b'\xe0\xa4\xaf'	-10.300393295205271
6638	(-1, -1)	b' towards'	-10.39300283915788
6639	(-1, -1)	b'\xec\x9d\x98'	-10.293679575022782
6640	(-1, -1)	b' wall'	-10.217163996996025
6641	(-1, -1)	b'\xe6\xaf\x8f\xe5\xb9\xb4'	-10.290291218036856
6642	(-1, -1)	b'\xe4\xb8\xba\xe5\x87\x86'	-10.389047941159154
6643	(-1, -1)	b' dan'	-10.0068949183166
6644	(-1, -1)	b'\xd0\xbe\xd0\xb4'	-10.271810297546452
6645	(-1, -1)	b'\xe9\xa2\x84\xe6\xb5\x8b'	-10.394181642273539
6646	(-1, -1)	b'\xe4\xb8\xad\xe5\x9b\xbd\xe7\x9a\x84'	-10.592805205385448
6647	(-1, -1)	b'\xe9\xaa\x97'	-10.394396119486158
6648	(-1, -1)	b'\xe7\xad\xbe\xe8\xaf\x81'	-10.393860012680845
6649	(-1, -1)	b'\xe6\xac\xa7\xe5\x85\x83\xe5\x8c\xba'	-10.394932513856151
6650	(-1, -1)	b'\xe8\x99\x9a'	-10.395039827265064
6651	(-1, -1)	b'\xe9\x80\xa0\xe5\x9e\x8b'	-10.393967211051532
6652	(-1, -1)	b'\xdb\x94'	-10.395039827265064
6653	(-1, -1)	b' Press'	-10.389047941159154
6654	(-1, -1)	b'\xe8\xbf\x88'	-10.395791343753276
6655	(-1, -1)	b' adding'	-10.395683949670588
6656	(-1, -1)	b'iche'	-10.427876156141899
6657	(-1, -1)	b' door'	-10.110340305087606
6658	(-1, -1)	b'utions'	-10.9321064464081
6659	(-1, -1)	b' \xe0\xb0\xaa'	-10.396973440500458
6660	(-1, -1)	b'\xe6\x8b\xbc'	-10.39708097316361
6661	(-1, -1)	b'\xe5\x8f\x91\xe8\xa1\xa8'	-10.41860354306445
6662	(-1, -1)	b' Maybe'	-10.387555562670892
6663	(-1, -1)	b'\xe5\xa7\x93'	-10.397403640550113
6664	(-1, -1)	b" you've"	-10.397403640550113
6665	(-1, -1)	b'\xed\x95\x9c'	-10.397618809996882
6666	(-1, -1)	b'pir'	-10.39461064270912
6667	(-1, -1)	b'\xe5\xa4\xa7\xe5\x9e\x8b'	-10.200328432563696
6668	(-1, -1)	b'sey'	-10.272569599025607
6669	(-1, -1)	b' stupid'	-10.39150455120636
6670	(-1, -1)	b' workers'	-10.398372267865797
6671	(-1, -1)	b'\xe0\xb7\x84'	-10.048666746232243
6672	(-1, -1)	b' British'	-10.398156936254285
6673	(-1, -1)	b' Bill'	-10.291451647525937
6674	(-1, -1)	b'\xe5\xad\x95'	-10.39869535224748
6675	(-1, -1)	b'\xe6\x9c\x89\xe4\xba\x86'	-10.438916134454384
6676	(-1, -1)	b' economy'	-10.398803070241874
6677	(-1, -1)	b' catch'	-10.200593461939336
6678	(-1, -1)	b' missed'	-10.399557421266383
6679	(-1, -1)	b'uses'	-11.058788676242166
6680	(-1, -1)	b' progress'	-10.398156936254285
6681	(-1, -1)	b'\xe0\xa8\xa6'	-10.438243564089383
6682	(-1, -1)	b' oo'	-10.350336129692128
6683	(-1, -1)	b'\xe9\x93\xbe'	-10.40106783260111
6684	(-1, -1)	b' becoming'	-10.401175806471537
6685	(-1, -1)	b'\xe6\x8a\xbd'	-10.402148096290476
6686	(-1, -1)	b' \xd0\x91'	-10.402688666064167
6687	(-1, -1)	b'\xe4\xbb\xaa'	-10.403121332377028
6688	(-1, -1)	b' san'	-10.2391429037148
6689	(-1, -1)	b'\xe7\x9a\x84\xe5\xbd\xb1\xe5\x93\x8d'	-10.245591567241334
6690	(-1, -1)	b'-time'	-10.363143575982054
6691	(-1, -1)	b' stream'	-10.404528792144909
6692	(-1, -1)	b'\xe9\x97\xaa'	-10.40485387206325
6693	(-1, -1)	b'\xd9\x88\xd8\xaf'	-10.635694685756539
6694	(-1, -1)	b'\xe7\xb1\x8d'	-10.40496225552404
6695	(-1, -1)	b'\xe5\x90\x8c\xe5\xad\xa6'	-10.395147152191381
6696	(-1, -1)	b'\xe5\x88\xa9\xe4\xba\x9a'	-10.406046736706134
6697	(-1, -1)	b'\xe3\x81\xa7'	-10.406046736706134
6698	(-1, -1)	b'kin'	-10.053383736110382
6699	(-1, -1)	b'2006'	-10.100059915775931
6700	(-1, -1)	b'\xe6\x96\xb9\xe4\xbe\xbf'	-10.40149979805059
6701	(-1, -1)	b'\xc2\xa0\xc2\xa0 '	-10.406046736706134
6702	(-1, -1)	b' gives'	-10.407458322802949
6703	(-1, -1)	b' details'	-10.407458322802949
6704	(-1, -1)	b' Kim'	-10.413999281477379
6705	(-1, -1)	b'\xe5\xbd\xb1\xe5\x83\x8f'	-10.40648085870123
6706	(-1, -1)	b'\xe6\xad\xbb\xe4\xba\xa1'	-10.408436743275633
6707	(-1, -1)	b'\xe6\x8e\xa5\xe8\xbf\x91'	-10.40658941865357
6708	(-1, -1)	b'\xe7\x9a\x84\xe9\x87\x8d\xe8\xa6\x81'	-10.266888841465017
6709	(-1, -1)	b' ign'	-10.408763096283696
6710	(-1, -1)	b'alled'	-10.799700365372468
6711	(-1, -1)	b' moved'	-10.408871904292074
6712	(-1, -1)	b'Ar'	-10.2514311352098
6713	(-1, -1)	b'isa'	-10.340735402286521
6714	(-1, -1)	b'\xe6\xa0\xb9\xe6\x9c\xac'	-10.40996063602727
6715	(-1, -1)	b'\xc3\xa2'	-10.85645200788324
6716	(-1, -1)	b'TS'	-10.506524324456912
6717	(-1, -1)	b'ification'	-10.16075445613729
6718	(-1, -1)	b'\xe7\xbe\x8a'	-10.410614444484688
6719	(-1, -1)	b' weird'	-10.396328487237213
6720	(-1, -1)	b'\xe0\xa9\x88'	-11.118918422613858
6721	(-1, -1)	b' investment'	-10.150953769375267
6722	(-1, -1)	b' King'	-10.194076485990049
6723	(-1, -1)	b'\xe6\x8e\xa8\xe8\xbf\x9b'	-10.406915169240088
6724	(-1, -1)	b'agon'	-10.46677308895735
6725	(-1, -1)	b' aim'	-10.416847038056904
6726	(-1, -1)	b' rock'	-10.232005898399656
6727	(-1, -1)	b'\xe0\xa6\x95'	-10.382137798316862
6728	(-1, -1)	b'mp'	-10.517623485328578
6729	(-1, -1)	b'\xe5\xb0\xb1\xe5\x8f\xaf\xe4\xbb\xa5'	-10.413015406022227
6730	(-1, -1)	b'\xe4\xbd\xa0\xe4\xbb\xac'	-10.39300283915788
6731	(-1, -1)	b' secret'	-10.31702999333621
6732	(-1, -1)	b'\xe6\x85\xa7'	-10.413671215423806
6733	(-1, -1)	b'Br'	-10.087750846326621
6734	(-1, -1)	b' considered'	-10.413889914167159
6735	(-1, -1)	b'\xe0\xa6\xb2'	-10.292322854202212
6736	(-1, -1)	b' pressure'	-10.297371408614593
6737	(-1, -1)	b'\xe7\x9f\xad\xe6\x9c\x9f'	-10.36023720067484
6738	(-1, -1)	b' dev'	-10.336374119446843
6739	(-1, -1)	b' finally'	-10.414655736643185
6740	(-1, -1)	b' calling'	-10.413999281477379
6741	(-1, -1)	b'58'	-10.041406637204556
6742	(-1, -1)	b'\xd0\xb0\xd0\xb9'	-9.946925676097628
6743	(-1, -1)	b' Inst'	-10.963440602578537
6744	(-1, -1)	b'\xe3\x83\xbc'	-10.415422146052792
6745	(-1, -1)	b'\xe6\xa6\x82\xe5\xbf\xb5'	-10.415860358154458
6746	(-1, -1)	b' Matt'	-10.252733460975264
6747	(-1, -1)	b'\xe8\xbf\x98\xe8\xa6\x81'	-10.416518036573429
6748	(-1, -1)	b'ires'	-10.81134909764167
6749	(-1, -1)	b' management'	-10.414327455193611
6750	(-1, -1)	b'izing'	-10.461597986843469
6751	(-1, -1)	b' protest'	-10.178918080923642
6752	(-1, -1)	b' Every'	-10.417176147817978
6753	(-1, -1)	b' \xec\x9e'	-10.417176147817978
6754	(-1, -1)	b'uing'	-10.422456688141011
6755	(-1, -1)	b' mix'	-10.300979232722035
6756	(-1, -1)	b'\xe8\xa1\x8c\xe7\x9a\x84'	-10.835895260419317
6757	(-1, -1)	b' trust'	-10.41860354306445
6758	(-1, -1)	b' Health'	-10.41860354306445
6759	(-1, -1)	b'\xe4\xbe\x9b\xe5\xba\x94'	-10.418713427136865
6760	(-1, -1)	b' ability'	-10.418823323285116
6761	(-1, -1)	b'\xe0\xb1\x80'	-10.418823323285116
6762	(-1, -1)	b'\xe6\x95\xb0\xe5\xad\x97'	-10.418713427136865
6763	(-1, -1)	b' tweet'	-10.216625155492192
6764	(-1, -1)	b' named'	-10.419043151819745
6765	(-1, -1)	b'\xe7\x9a\x84\xe6\x83\x85\xe5\x86\xb5\xe4\xb8\x8b'	-10.346035047792737
6766	(-1, -1)	b'anch'	-10.866719038522985
6767	(-1, -1)	b'\xe5\x9b\xb0\xe9\x9a\xbe'	-10.419592934669373
6768	(-1, -1)	b' Mor'	-10.033451026346219
6769	(-1, -1)	b'!!!'	-10.422236108014387
6770	(-1, -1)	b' includes'	-10.420143019946458
6771	(-1, -1)	b'\xe7\xa5\x9d'	-10.420583306139592
6772	(-1, -1)	b'\xe9\x87\x91\xe8\x9e\x8d\xe5\x8d\xb1\xe6\x9c\xba'	-10.420253073322458
6773	(-1, -1)	b'\xe6\x8f\x90\xe5\x89\x8d'	-10.421684870472177
6774	(-1, -1)	b'\xe4\xb8\xa4\xe5\x9b\xbd'	-10.413343256962271
6775	(-1, -1)	b'\xe5\xbd\xa2\xe8\xb1\xa1'	-10.421795093674273
6776	(-1, -1)	b'\xe6\x80\x81\xe5\xba\xa6'	-10.421905329026862
6777	(-1, -1)	b'\xe5\x91\x8a\xe8\xaf\x89\xe8\xae\xb0\xe8\x80\x85'	-10.422236108014387
6778	(-1, -1)	b'\xe6\x97\x85\xe6\xb8\xb8'	-10.422456688141011
6779	(-1, -1)	b'\xe6\xb5\xa6'	-10.423008351419746
6780	(-1, -1)	b' Sam'	-10.198210722427865
6781	(-1, -1)	b'owers'	-10.845278707285116
6782	(-1, -1)	b' September'	-10.423008351419746
6783	(-1, -1)	b' \xe0\xa4\x95\xe0\xa5\x87'	-10.395147152191381
6784	(-1, -1)	b'raw'	-10.189784445940862
6785	(-1, -1)	b'friend'	-10.279907507779072
6786	(-1, -1)	b'ension'	-10.011272250760255
6787	(-1, -1)	b'\xe8\x90\xa5\xe9\x94\x80'	-10.424886286243945
6788	(-1, -1)	b' rout'	-11.093135915182163
6789	(-1, -1)	b'\xe5\xae\xb6\xe9\x95\xbf'	-10.419263028689583
6790	(-1, -1)	b'Any'	-10.425771242053912
6791	(-1, -1)	b'\xe8\x95'	-11.134758129131109
6792	(-1, -1)	b' schools'	-10.425992603427257
6793	(-1, -1)	b' certainly'	-10.426214013812308
6794	(-1, -1)	b'\xe0\xb0\x95'	-10.47872010804998
6795	(-1, -1)	b'\xe8\xaf\xbe\xe7\xa8\x8b'	-10.426546221334327
6796	(-1, -1)	b' \xe1\x89\xa5'	-10.42665698170438
6797	(-1, -1)	b'\x95\xe0\xaf\x8d\xe0\xae\x95'	-10.445892645253334
6798	(-1, -1)	b' sale'	-10.425328666255584
6799	(-1, -1)	b' ki'	-10.012369584350012
6800	(-1, -1)	b' choice'	-10.174432221089328
6801	(-1, -1)	b'\xe6\xb5\x99\xe6\xb1\x9f'	-10.427876156141899
6802	(-1, -1)	b'\xe6\xb7\xbb'	-10.427987063922194
6803	(-1, -1)	b' Com'	-10.571967073521515
6804	(-1, -1)	b"He's"	-10.428985787858062
6805	(-1, -1)	b'\xe7\xaa\x97'	-10.42976326332345
6806	(-1, -1)	b' various'	-10.429985510240689
6807	(-1, -1)	b'\xd1\x9e'	-10.055750601120648
6808	(-1, -1)	b'\xe5\xae\x8b'	-10.43054134372729
6809	(-1, -1)	b' yang'	-10.40941612199258
6810	(-1, -1)	b' esc'	-10.40658941865357
6811	(-1, -1)	b'\xe5\x8a\xa8\xe7\x89\xa9'	-10.414874650829699
6812	(-1, -1)	b' Cont'	-10.358166377818431
6813	(-1, -1)	b' parts'	-10.431208751983432
6814	(-1, -1)	b' ge'	-10.42976326332345
6815	(-1, -1)	b' er'	-10.713600883309915
6816	(-1, -1)	b'\xe6\x9c\x80\xe4\xbd\x8e'	-10.4316539384126
6817	(-1, -1)	b'rav'	-11.189287691479878
6818	(-1, -1)	b' joke'	-10.145670959722226
6819	(-1, -1)	b'\x82\xac'	-10.452008872270769
6820	(-1, -1)	b'\xe6\x9c\xba\xe5\x85\xb3'	-10.428319861085397
6821	(-1, -1)	b' Australia'	-10.431876605970857
6822	(-1, -1)	b' foreign'	-10.432322089885117
6823	(-1, -1)	b'\xe5\x85\x85\xe6\xbb\xa1'	-10.432544906285326
6824	(-1, -1)	b'\xe7\x94\x9f\xe5\x91\xbd'	-10.396865919399339
6825	(-1, -1)	b' eyes'	-10.432656333105877
6826	(-1, -1)	b'\xe7\xbe\x8e\xe8\x81\x94\xe5\x82\xa8'	-10.433548194926422
6827	(-1, -1)	b'usion'	-10.239969691690794
6828	(-1, -1)	b'arily'	-10.399557421266383
6829	(-1, -1)	b' associ'	-10.431097486336586
6830	(-1, -1)	b'\xd1\x82\xd0\xbe'	-10.215907151512324
6831	(-1, -1)	b'\xe8\xb5\xab'	-10.434106012757587
6832	(-1, -1)	b'\xe5\xae\x8c\xe5\x96\x84'	-10.43421761367283
6833	(-1, -1)	b'\xd9\x8a\xd8\xa9'	-10.434329227044227
6834	(-1, -1)	b'\xe8\xb5\xb4'	-10.434552491166611
6835	(-1, -1)	b' confirmed'	-10.434664141923161
6836	(-1, -1)	b'\xe2\x80\x8d'	-10.434664141923161
6837	(-1, -1)	b' feet'	-10.432544906285326
6838	(-1, -1)	b'\xe9\x98\xbb'	-10.435334308372905
6839	(-1, -1)	b"There's"	-10.435446046458948
6840	(-1, -1)	b'\xe5\x8a\xab'	-10.435557797031786
6841	(-1, -1)	b' totally'	-10.43566956009421
6842	(-1, -1)	b'\xe5\x9b\xbd\xe5\x8a\xa1\xe9\x99\xa2'	-10.432879224001708
6843	(-1, -1)	b' injury'	-10.435893123698987
6844	(-1, -1)	b' poll'	-10.436340400906488
6845	(-1, -1)	b' Then'	-10.436340400906488
6846	(-1, -1)	b'\xe5\xbc\x80\xe5\xb1\x95'	-10.434775805146995
6847	(-1, -1)	b' numbers'	-10.437347506681757
6848	(-1, -1)	b'asi'	-10.119015917940672
6849	(-1, -1)	b'\xe5\xb0\xb1\xe5\x9c\xa8'	-10.669996458736398
6850	(-1, -1)	b'\xe6\x94\xb9\xe5\x96\x84'	-10.438019474452592
6851	(-1, -1)	b'ges'	-10.923877452362934
6852	(-1, -1)	b'\xe6\x84\x8f\xe4\xb9\x89'	-10.439140425136047
6853	(-1, -1)	b'\xe7\x8c\xab'	-10.439364766135304
6854	(-1, -1)	b' supposed'	-10.439364766135304
6855	(-1, -1)	b'\xe6\x96\xaf\xe7\x89\xb9'	-10.371284733565753
6856	(-1, -1)	b'\xe5\x88\x9a\xe5\x88\x9a'	-10.439701372029086
6857	(-1, -1)	b'rupt'	-10.412360026424766
6858	(-1, -1)	b'\xe6\x8c\xaf'	-10.440150356209937
6859	(-1, -1)	b'icted'	-10.509287586862742
6860	(-1, -1)	b'\xe6\x84\x9f\xe5\x88\xb0'	-10.42665698170438
6861	(-1, -1)	b'\xe1\x81'	-10.887750490690724
6862	(-1, -1)	b'\xe7\x94\xb5\xe8\x84\x91'	-10.441048929784944
6863	(-1, -1)	b'\xe5\x86\x85\xe5\x9c\xb0'	-10.437571445771262
6864	(-1, -1)	b' bed'	-10.351773944461755
6865	(-1, -1)	b'\xe5\x94\xb1'	-10.441386103151443
6866	(-1, -1)	b'\xe4\xb9\x9f\xe5\x9c\xa8'	-10.498518067912478
6867	(-1, -1)	b'\xe8\xb4\xb8\xe6\x98\x93'	-10.44239830590333
6868	(-1, -1)	b' driver'	-10.44239830590333
6869	(-1, -1)	b'\xe4\xb8\x8a\xe6\x98\xa0'	-10.441948311520667
6870	(-1, -1)	b' annual'	-10.303424341280431
6871	(-1, -1)	b'\xe9\x94\x81'	-10.443636835589322
6872	(-1, -1)	b' Ken'	-10.323303352222322
6873	(-1, -1)	b'\xe4\xb8\x8a\xe8\xbf\xb0'	-10.438355627741654
6874	(-1, -1)	b'aine'	-10.40517905769291
6875	(-1, -1)	b' built'	-10.44431304433818
6876	(-1, -1)	b'\xe7\xac\xac\xe4\xb8\x80\xe6\xac\xa1'	-10.444876901133497
6877	(-1, -1)	b'\xe7\xa0\x96'	-10.444764104336807
6878	(-1, -1)	b'\xe1\xbb\x87'	-10.445102532903409
6879	(-1, -1)	b'\xe7\xa5\x96'	-10.445553949229774
6880	(-1, -1)	b'\xe8\xb5\xa4'	-10.445553949229774
6881	(-1, -1)	b' conduct'	-10.407784356604674
6882	(-1, -1)	b'\xe5\xa7\x9a\xe6\x98\x8e'	-10.444087590611604
6883	(-1, -1)	b'but'	-10.302152138730804
6884	(-1, -1)	b'\xe8\xb4\xa1\xe7\x8c\xae'	-10.44679639587969
6885	(-1, -1)	b' French'	-10.446344418470865
6886	(-1, -1)	b' setting'	-10.44679639587969
6887	(-1, -1)	b' opening'	-10.397726412084467
6888	(-1, -1)	b' mostly'	-10.447361655066072
6889	(-1, -1)	b'\xe8\xb0\xb7'	-10.447474745255617
6890	(-1, -1)	b' spend'	-10.356203060215421
6891	(-1, -1)	b' \xe0\xae\x95'	-10.447474745255617
6892	(-1, -1)	b'ima'	-10.221846159340531
6893	(-1, -1)	b'\xe9\x87\x8d\xe5\xa4\xa7'	-10.359097717462511
6894	(-1, -1)	b' Jones'	-10.446005569424871
6895	(-1, -1)	b'07'	-9.90077033560201
6896	(-1, -1)	b'\xe1\xba\xa3'	-10.402904975820581
6897	(-1, -1)	b' finished'	-10.44860635112493
6898	(-1, -1)	b' cars'	-10.447700964010117
6899	(-1, -1)	b'\xe5\x81\xb7'	-10.449285929812314
6900	(-1, -1)	b' Tom'	-10.323503152422788
6901	(-1, -1)	b'\xe9\x9a\xbe\xe4\xbb\xa5'	-10.444087590611604
6902	(-1, -1)	b'\xe7\xae\xb1'	-10.450759936542145
6903	(-1, -1)	b' victory'	-10.451100400711582
6904	(-1, -1)	b' created'	-10.451440980836347
6905	(-1, -1)	b'\xe4\xb8\xad\xe5\xa5\x96'	-10.456791935711369
6906	(-1, -1)	b'\xe5\x93\x81\xe8\xb4\xa8'	-10.449852598383039
6907	(-1, -1)	b'\xe5\xb0\x8f\xe7\xbb\x84'	-10.418383811136517
6908	(-1, -1)	b' regul'	-10.263119519248725
6909	(-1, -1)	b' Google'	-10.43958915747474
6910	(-1, -1)	b'\xe7\x9a\x84\xe5\x90\x8c\xe6\x97\xb6'	-10.358373267236777
6911	(-1, -1)	b' die'	-10.143916206817398
6912	(-1, -1)	b'\xe9\xab\x94'	-10.452690767967153
6913	(-1, -1)	b'\xd0\xb0\xd1\x88'	-10.623887532236555
6914	(-1, -1)	b' \xe1\x89\xb0'	-10.453600686137305
6915	(-1, -1)	b'wise'	-10.772566610306903
6916	(-1, -1)	b'\xe0\xa8\x95'	-10.544800073311809
6917	(-1, -1)	b' Get'	-10.416737358868419
6918	(-1, -1)	b' cell'	-10.454625334715598
6919	(-1, -1)	b'\xe6\x84\xbf\xe6\x84\x8f'	-10.452349761996246
6920	(-1, -1)	b'tr'	-9.39812208176212
6921	(-1, -1)	b' \xd0\x90'	-10.454739249393628
6922	(-1, -1)	b'\xe1\x88\xb0'	-10.454739249393628
6923	(-1, -1)	b' education'	-10.273139453728081
6924	(-1, -1)	b' fa'	-10.574660591471405
6925	(-1, -1)	b' throughout'	-10.455195037915647
6926	(-1, -1)	b'LC'	-10.43054134372729
6927	(-1, -1)	b'\xe6\xb8\xa0\xe9\x81\x93'	-10.455651034275578
6928	(-1, -1)	b' kept'	-10.45587911045401
6929	(-1, -1)	b'ora'	-10.455195037915647
6930	(-1, -1)	b' whatever'	-10.455195037915647
6931	(-1, -1)	b' doubt'	-10.32240474500295
6932	(-1, -1)	b'istry'	-10.490221232360563
6933	(-1, -1)	b'\xd0\xb8\xd0\xb7'	-10.041708091724889
6934	(-1, -1)	b' simple'	-10.367727872403997
6935	(-1, -1)	b'\xe6\xbe\xb3\xe5\xa4\xa7\xe5\x88\xa9\xe4\xba\x9a'	-10.457477101890966
6936	(-1, -1)	b' Texas'	-10.457248660999053
6937	(-1, -1)	b"I'd"	-10.457362874921854
6938	(-1, -1)	b'\xe0\xaa\xbe\xe0\xaa\xb0'	-10.488098840336413
6939	(-1, -1)	b' autom'	-10.457362874921854
6940	(-1, -1)	b'earch'	-10.825278040578446
6941	(-1, -1)	b'bit'	-10.30371815647279
6942	(-1, -1)	b'\xe5\x8a\x9b\xe9\x87\x8f'	-10.457934140290146
6943	(-1, -1)	b'\x81\xe1\x80'	-10.361377983790518
6944	(-1, -1)	b'\xe8\x80\x85\xe7\x9a\x84'	-10.568004140882229
6945	(-1, -1)	b'Now'	-10.46642724769504
6946	(-1, -1)	b' Cam'	-10.464584778265486
6947	(-1, -1)	b'\xe7\xa8\x8d'	-10.458620089785432
6948	(-1, -1)	b'\xe5\xa6\xb9'	-10.458620089785432
6949	(-1, -1)	b' worse'	-10.38606540805773
6950	(-1, -1)	b' ng'	-10.079419429746958
6951	(-1, -1)	b'\xe0\xa9\x81'	-10.460222470808159
6952	(-1, -1)	b'\xe4\xb8\x9a\xe4\xb8\xbb'	-10.457477101890966
6953	(-1, -1)	b'-C'	-10.50388832964037
6954	(-1, -1)	b' daughter'	-10.301761017184798
6955	(-1, -1)	b' \xe0\xaa\xb8'	-10.46148328821399
6956	(-1, -1)	b' actual'	-10.4604515921289
6957	(-1, -1)	b' waiting'	-10.461827423577295
6958	(-1, -1)	b' Council'	-10.436340400906488
6959	(-1, -1)	b'hib'	-10.211967318335835
6960	(-1, -1)	b' arm'	-9.84444878756672
6961	(-1, -1)	b'Rep'	-10.681506354895909
6962	(-1, -1)	b'\xe5\xb9\xb4\xe5\xba\x95'	-10.355480703236484
6963	(-1, -1)	b' dude'	-10.350746723005225
6964	(-1, -1)	b' \xd0\x9a'	-10.46343495636118
6965	(-1, -1)	b' critic'	-10.262743367278896
6966	(-1, -1)	b' Angeles'	-10.46400970205204
6967	(-1, -1)	b' por'	-10.302152138730804
6968	(-1, -1)	b' \xd1\x98\xd0\xb5'	-10.439140425136047
6969	(-1, -1)	b'\xe8\xae\xbe\xe5\xa4\x87'	-10.464239692853422
6970	(-1, -1)	b' residents'	-10.464239692853422
6971	(-1, -1)	b'ura'	-10.10422358581543
6972	(-1, -1)	b' ten'	-10.191884367965478
6973	(-1, -1)	b' users'	-10.4649299828026
6974	(-1, -1)	b'\xe4\xb8\xbb\xe4\xb9\x89'	-10.46446973656274
6975	(-1, -1)	b'\xe5\xbd\xbb'	-10.465505588643623
6976	(-1, -1)	b'\xec\x9e'	-10.465735923782267
6977	(-1, -1)	b' husband'	-10.432322089885117
6978	(-1, -1)	b' Op'	-11.09486303132824
6979	(-1, -1)	b' dark'	-10.460909992320286
6980	(-1, -1)	b'-10'	-10.417834692458175
6981	(-1, -1)	b'\xe5\x86\x92'	-10.467119049867218
6982	(-1, -1)	b' respect'	-9.996106702328587
6983	(-1, -1)	b'MA'	-10.224919469180673
6984	(-1, -1)	b'\xe9\x99\x90\xe5\x88\xb6'	-10.456677786975442
6985	(-1, -1)	b'\xe7\x9b\x97'	-10.46850409163988
6986	(-1, -1)	b'Hey'	-10.461942161687684
6987	(-1, -1)	b'board'	-10.192760638613908
6988	(-1, -1)	b'\xe5\xb0\xa4\xe5\x85\xb6\xe6\x98\xaf'	-10.329113827395743
6989	(-1, -1)	b'\xe5\x85\xac\xe5\xb8\x83\xe7\x9a\x84'	-10.419592934669373
6990	(-1, -1)	b' Green'	-10.385852709981846
6991	(-1, -1)	b' \xd8\xa7\xd9\x86'	-10.344503419372627
6992	(-1, -1)	b'\xe4\xbc\x9a\xe4\xb8\x8a'	-10.67056174987638
6993	(-1, -1)	b' Bre'	-10.970284735758455
6994	(-1, -1)	b'\xe8\xbf\x99\xe4\xbd\x8d'	-10.471048328007107
6995	(-1, -1)	b'\xe5\x9b\xa2\xe9\x98\x9f'	-10.375169864719277
6996	(-1, -1)	b'\xe6\x8d\x95'	-10.471164129061027
6997	(-1, -1)	b' worst'	-10.471048328007107
6998	(-1, -1)	b'ario'	-10.122360266259468
6999	(-1, -1)	b'\xe8\x99\x8e'	-10.471627467422149
7000	(-1, -1)	b' counter'	-10.365745711200006
7001	(-1, -1)	b'\xe7\xa6\xbb\xe5\xbc\x80'	-10.470238095889167
7002	(-1, -1)	b' Brown'	-10.471975112132759
7003	(-1, -1)	b'ids'	-10.551805355900216
7004	(-1, -1)	b' Smith'	-10.464239692853422
7005	(-1, -1)	b' piece'	-10.462286455029009
7006	(-1, -1)	b' overall'	-10.472206942434017
7007	(-1, -1)	b'\xe4\xb9\x9f\xe5\x8f\xaf\xe4\xbb\xa5'	-10.472786753431881
7008	(-1, -1)	b' female'	-10.391076880933616
7009	(-1, -1)	b'More'	-10.471975112132759
7010	(-1, -1)	b'\xe0\xa7\x8b'	-10.473482970679775
7011	(-1, -1)	b' pun'	-10.454853177049689
7012	(-1, -1)	b'\xe6\x8a\xb1'	-10.472438826493027
7013	(-1, -1)	b' sports'	-10.473366900805582
7014	(-1, -1)	b' disp'	-10.307152394259095
7015	(-1, -1)	b' ult'	-10.4597643855963
7016	(-1, -1)	b' authorities'	-10.47615630289316
7017	(-1, -1)	b' \xe0\xa6\xaa'	-10.47615630289316
7018	(-1, -1)	b'\xd8\xb6'	-10.313561724487748
7019	(-1, -1)	b'\xec\x9d\x80'	-10.472902755984068
7020	(-1, -1)	b' Mal'	-10.276660751680202
7021	(-1, -1)	b'\xe5\x8a\xa0\xe6\x8b\xbf\xe5\xa4\xa7'	-10.382349707620474
7022	(-1, -1)	b' budget'	-10.411377761680031
7023	(-1, -1)	b'\xe6\x8d\xae\xe6\x82\x89'	-10.476971346310231
7024	(-1, -1)	b' \xd9\x81\xd9\x8a'	-10.476971346310231
7025	(-1, -1)	b'\xe4\xbd\x93\xe7\x8e\xb0'	-10.332031774830114
7026	(-1, -1)	b'\xe0\xab\x8d\xe0\xaa\xaf'	-10.477903638651384
7027	(-1, -1)	b'\xc3\xb9'	-10.36501643055092
7028	(-1, -1)	b' International'	-10.47406352222003
7029	(-1, -1)	b' \xc3\xa9'	-10.478836800972687
7030	(-1, -1)	b'\xe6\x9c\xba\xe5\x88\xb6'	-10.478953507514221
7031	(-1, -1)	b' male'	-10.376643859511313
7032	(-1, -1)	b'amm'	-9.957678467873889
7033	(-1, -1)	b'\xe7\x88\xb6\xe4\xba\xb2'	-10.479537244615614
7034	(-1, -1)	b'\xae\xe1\x80'	-10.446344418470865
7035	(-1, -1)	b'\xe4\xbb\x8e\xe8\x80\x8c'	-10.462975397529563
7036	(-1, -1)	b'\xe6\x98\xbe\xe5\xbe\x97'	-10.478486763048338
7037	(-1, -1)	b'\xe6\xad\xa3\xe6\x98\xaf'	-10.427100145903966
7038	(-1, -1)	b'\xe8\xbf\xab'	-10.480471933315512
7039	(-1, -1)	b' prevent'	-10.301956558835792
7040	(-1, -1)	b' dad'	-10.386703773863003
7041	(-1, -1)	b'\xe9\xbb\x8e'	-10.480939605485851
7042	(-1, -1)	b'\xe5\x87\xba\xe5\xb8\xad'	-10.480705742061025
7043	(-1, -1)	b' November'	-10.481056557711
7044	(-1, -1)	b'\xe6\xb4\x9e'	-10.481290503202768
7045	(-1, -1)	b' surv'	-10.235019186530938
7046	(-1, -1)	b' additional'	-10.461827423577295
7047	(-1, -1)	b' \xda\xa9\xdb\x90'	-10.481407496475788
7048	(-1, -1)	b'iety'	-10.801310153228153
7049	(-1, -1)	b' shared'	-10.481524503437836
7050	(-1, -1)	b' girls'	-10.481290503202768
7051	(-1, -1)	b'\xe9\x82\xa3\xe4\xb8\xaa'	-10.43689977889277
7052	(-1, -1)	b'\xe6\x89\x8e'	-10.483398479156081
7053	(-1, -1)	b'\xe5\x86\xb3\xe8\xb5\x9b'	-10.483398479156081
7054	(-1, -1)	b'\xe0\xa4\xbf\xe0\xa4\x95'	-10.483398479156081
7055	(-1, -1)	b'\xe5\x8c\xbb\xe7\x96\x97'	-10.483515719322696
7056	(-1, -1)	b'\xe7\x83\x9f'	-10.483750240899756
7057	(-1, -1)	b' b\xe1\xbb\xa5'	-10.48386752231665
7058	(-1, -1)	b' Even'	-10.276470093910321
7059	(-1, -1)	b' album'	-10.48175855844183
7060	(-1, -1)	b' table'	-10.287781564209977
7061	(-1, -1)	b'\xe8\xb5\x96'	-10.484336785581949
7062	(-1, -1)	b' nine'	-10.439140425136047
7063	(-1, -1)	b'\xe6\x99\xae\xe9\x81\x8d'	-10.48445413581385
7064	(-1, -1)	b'\xe8\x96\xaa'	-10.484571499818445
7065	(-1, -1)	b' largest'	-10.484806269158646
7066	(-1, -1)	b'56'	-10.073332793710575
7067	(-1, -1)	b' Like'	-10.39988088884158
7068	(-1, -1)	b'ula'	-10.320111966248467
7069	(-1, -1)	b'\xe0\xaa\xb2'	-10.594899995363303
7070	(-1, -1)	b'\xe5\xa5\x8b'	-10.48551090806038
7071	(-1, -1)	b'\xe7\x82\xb9\xe8\xaf\x84'	-10.483164040050564
7072	(-1, -1)	b'\xe4\xbd\x8e\xe4\xba\x8e'	-10.485980943321678
7073	(-1, -1)	b'\xe7\x9b\x88\xe5\x88\xa9'	-10.484923674500726
7074	(-1, -1)	b'03'	-9.911564885228046
7075	(-1, -1)	b' related'	-10.48668641072307
7076	(-1, -1)	b'\xe0\xaf\x8d\xe0\xae\x9f'	-10.486921677163398
7077	(-1, -1)	b' 2012'	-10.486333614811844
7078	(-1, -1)	b' unc'	-10.074344663810532
7079	(-1, -1)	b'\xe0\xb6\xad\xe0\xb7\x8a'	-10.480004479760197
7080	(-1, -1)	b'\xe9\xa3\x9f\xe5\x93\x81'	-10.487392376160086
7081	(-1, -1)	b'\xe6\x98\xaf\xe4\xb8\xaa'	-10.499708969565672
7082	(-1, -1)	b'\xe5\xb9\xbf\xe5\x91\x8a'	-10.48786329681866
7083	(-1, -1)	b'\xe8\xba\xab\xe4\xb8\x8a'	-10.35764934145926
7084	(-1, -1)	b'Ok'	-11.077299932631343
7085	(-1, -1)	b' options'	-10.488098840336413
7086	(-1, -1)	b' snow'	-10.448493132896674
7087	(-1, -1)	b'ooking'	-10.866719038522985
7088	(-1, -1)	b'\xe5\x8d\x9a\xe5\xae\xa2'	-10.48904156960727
7089	(-1, -1)	b' Chinese'	-10.48868794197348
7090	(-1, -1)	b' addition'	-10.448719582173004
7091	(-1, -1)	b' repe'	-11.207984305130074
7092	(-1, -1)	b'\xe6\x96\xb9\xe9\x9d\xa2\xe7\x9a\x84'	-10.613552563392439
7093	(-1, -1)	b'SP'	-10.375801310751623
7094	(-1, -1)	b' qual'	-10.486333614811844
7095	(-1, -1)	b'\xe5\x8f\xaf\xe8\x83\xbd\xe4\xbc\x9a'	-10.339211863319331
7096	(-1, -1)	b' Port'	-10.327507562619102
7097	(-1, -1)	b'\xe6\x96\xb0\xe5\x8d\x8e'	-11.19142723823686
7098	(-1, -1)	b'\xe6\x95\x99\xe7\xbb\x83'	-10.49104782507457
7099	(-1, -1)	b'79'	-10.186120159865617
7100	(-1, -1)	b'\xd8\xb1\xd9\x88'	-10.731469137140762
7101	(-1, -1)	b'do'	-9.377932047290336
7102	(-1, -1)	b' skin'	-10.300100455142658
7103	(-1, -1)	b' Sim'	-10.489985188455302
7104	(-1, -1)	b'gency'	-10.78042457939094
7105	(-1, -1)	b'\xe6\x9c\xac\xe6\x9c\x9f'	-10.453145623558349
7106	(-1, -1)	b' plus'	-10.457020272280463
7107	(-1, -1)	b' executive'	-10.288167255083527
7108	(-1, -1)	b'\xe7\x9a\x84\xe6\xaf\x94\xe8\xb5\x9b'	-10.259083281544982
7109	(-1, -1)	b' Play'	-10.462286455029009
7110	(-1, -1)	b'\xe8\xae\xb0\xe5\xbd\x95'	-10.492584740905858
7111	(-1, -1)	b' charged'	-10.492703063097323
7112	(-1, -1)	b' din'	-11.196676594123003
7113	(-1, -1)	b'~~'	-10.55974540643683
7114	(-1, -1)	b'\xe5\x8f\x91\xe5\xb1\x95\xe7\x9a\x84'	-10.447474745255617
7115	(-1, -1)	b'aves'	-10.749509496029077
7116	(-1, -1)	b'\xe6\x91\x84\xe5\xbd\xb1'	-10.493531710673595
7117	(-1, -1)	b'06'	-9.989002514005746
7118	(-1, -1)	b'\xe5\x8c\xbb\xe7\x94\x9f'	-10.493531710673595
7119	(-1, -1)	b'onn'	-10.321706386117881
7120	(-1, -1)	b' EU'	-10.402256186870487
7121	(-1, -1)	b' \xd8\xa7\xd9\x84\xd9\x85'	-10.494361045476179
7122	(-1, -1)	b'\xe8\xaf\xb8'	-10.494598124661737
7123	(-1, -1)	b'\xe6\x80\xbb\xe7\xbb\x8f\xe7\x90\x86'	-10.495191068645905
7124	(-1, -1)	b' Israel'	-10.494242526957523
7125	(-1, -1)	b' encour'	-10.495428344717727
7126	(-1, -1)	b'odd'	-10.428208916391212
7127	(-1, -1)	b'anna'	-10.873795964580873
7128	(-1, -1)	b'\xe9\x9b\xbb'	-10.496259254611815
7129	(-1, -1)	b'ander'	-10.197593900801927
7130	(-1, -1)	b' introd'	-10.496853184664316
7131	(-1, -1)	b' Republican'	-10.495309699644324
7132	(-1, -1)	b' remains'	-10.497209712090992
7133	(-1, -1)	b'\xe5\xba\xa6\xe7\x9a\x84'	-11.01355790695603
7134	(-1, -1)	b' sens'	-10.539826175964695
7135	(-1, -1)	b'atti'	-10.318221888590543
7136	(-1, -1)	b'lay'	-10.455309017513422
7137	(-1, -1)	b' beautiful'	-10.424886286243945
7138	(-1, -1)	b'\xe6\x9c\x80\xe5\xa5\xbd'	-10.526029455517584
7139	(-1, -1)	b'\xe6\xb2\xbf'	-10.498756134810401
7140	(-1, -1)	b' 35'	-10.49317649191431
7141	(-1, -1)	b'42'	-9.88847309875364
7142	(-1, -1)	b' glad'	-10.49507245171913
7143	(-1, -1)	b'iers'	-10.554319183267262
7144	(-1, -1)	b' places'	-10.500066516795512
7145	(-1, -1)	b'\xe4\xbe\xa6'	-10.500304952657395
7146	(-1, -1)	b' damn'	-10.40193195017486
7147	(-1, -1)	b'\xed\x95\x98'	-10.500662713080983
7148	(-1, -1)	b'\xd0\xb8\xd1\x85'	-10.444989710654742
7149	(-1, -1)	b' \xd9\x85\xdb\x8c\xda\xba'	-10.5010206015429
7150	(-1, -1)	b' prison'	-10.426214013812308
7151	(-1, -1)	b'43'	-9.957470589274243
7152	(-1, -1)	b' trip'	-10.059886953245682
7153	(-1, -1)	b'imb'	-9.930268255899843
7154	(-1, -1)	b'-A'	-10.614220432247826
7155	(-1, -1)	b'\xe5\x81\x9a\xe5\xa5\xbd'	-10.488805803957232
7156	(-1, -1)	b' continued'	-10.502811967639662
7157	(-1, -1)	b' weight'	-10.440936563921575
7158	(-1, -1)	b' accused'	-10.502811967639662
7159	(-1, -1)	b'\xe5\x9c\xb0\xe9\x9c\x87'	-10.501617367091434
7160	(-1, -1)	b'icro'	-11.056498678364143
7161	(-1, -1)	b' Aut'	-11.155433635588954
7162	(-1, -1)	b'\xe5\x8f\x98\xe5\xbe\x97'	-10.503768676633946
7163	(-1, -1)	b'Because'	-10.504007996965349
7164	(-1, -1)	b' laugh'	-10.31752644372619
7165	(-1, -1)	b'gb'	-9.945829335025776
7166	(-1, -1)	b' plays'	-10.505445122961198
7167	(-1, -1)	b'\xe8\xb5\x84\xe6\xa0\xbc'	-10.505564976739732
7168	(-1, -1)	b'800'	-9.815058220181431
7169	(-1, -1)	b' bod'	-10.516774640313079
7170	(-1, -1)	b' agency'	-10.505684844884916
7171	(-1, -1)	b' rates'	-10.506044535554821
7172	(-1, -1)	b' families'	-10.506164461201063
7173	(-1, -1)	b' \xd0\xb4\xd0\xb0'	-10.212146065319956
7174	(-1, -1)	b'\xe7\x93\xb6'	-10.506524324456912
7175	(-1, -1)	b' style'	-10.358890678124297
7176	(-1, -1)	b' Dis'	-10.538091140209078
7177	(-1, -1)	b'\xe5\x8a\xa0\xe5\xa4\xa7'	-10.48904156960727
7178	(-1, -1)	b'erry'	-9.939752779271378
7179	(-1, -1)	b'roy'	-10.706835156663216
7180	(-1, -1)	b'\xe6\xa8\xaa'	-10.50784493212828
7181	(-1, -1)	b'\xe6\x8d\xae\xe4\xba\x86\xe8\xa7\xa3'	-10.508085230098919
7182	(-1, -1)	b'\xe9\x82\xbb'	-10.508205400741376
7183	(-1, -1)	b' gar'	-10.323103591934004
7184	(-1, -1)	b'\xe5\xbe\x80\xe5\xbe\x80'	-10.508325585826551
7185	(-1, -1)	b'\xe4\xba\x8e\xe6\x98\xaf'	-10.482695326660217
7186	(-1, -1)	b'\xe5\x8d\x8e\xe5\xa4\x8f'	-10.507484593405987
7187	(-1, -1)	b'\xd0\xb5\xd0\xbc'	-10.337893337848122
7188	(-1, -1)	b'\xe6\xaf\x8d\xe4\xba\xb2'	-10.509167286110717
7189	(-1, -1)	b'aling'	-10.72801956491617
7190	(-1, -1)	b'\xe7\xa0\x94\xe5\x8f\x91'	-10.48023817922375
7191	(-1, -1)	b'ca'	-9.825022371584375
7192	(-1, -1)	b'\xe8\x80\x97'	-10.510370945379776
7193	(-1, -1)	b' levels'	-10.510370945379776
7194	(-1, -1)	b'\xe5\xbd\x93\xe5\xa4\xa9'	-10.510852815043359
7195	(-1, -1)	b'UT'	-10.278091844802374
7196	(-1, -1)	b'\xe6\x8b\x86'	-10.51145547883548
7197	(-1, -1)	b' para'	-9.998197320543092
7198	(-1, -1)	b' contr'	-10.59345935599424
7199	(-1, -1)	b' McC'	-10.507724804793162
7200	(-1, -1)	b'\xe7\x82\xb9\xe5\x87\xbb'	-10.511937871512465
7201	(-1, -1)	b' platform'	-10.512299818792764
7202	(-1, -1)	b'\xe5\xbe\x84'	-10.512661897126332
7203	(-1, -1)	b' increasing'	-10.512782619043541
7204	(-1, -1)	b'\xe5\x8f\x8a\xe6\x97\xb6'	-10.512903355536293
7205	(-1, -1)	b' People'	-10.4604515921289
7206	(-1, -1)	b' Rob'	-10.519444868868959
7207	(-1, -1)	b'imately'	-10.513748919396543
7208	(-1, -1)	b'ji'	-9.680760987009517
7209	(-1, -1)	b' playoff'	-10.513869772620449
7210	(-1, -1)	b' items'	-10.513990640451624
7211	(-1, -1)	b' acqu'	-10.514111522893595
7212	(-1, -1)	b' \xc3\xa7'	-10.514353331624068
7213	(-1, -1)	b'\xe1\xbb\x91'	-10.51471615438913
7214	(-1, -1)	b'\xe5\xba\x94\xe5\xaf\xb9'	-10.518473051494126
7215	(-1, -1)	b'\xe4\xba\xba\xe6\x95\xb0'	-10.397188517391276
7216	(-1, -1)	b' judge'	-10.145252882037303
7217	(-1, -1)	b'ici'	-10.36387149157599
7218	(-1, -1)	b'\xe9\x81\xad\xe9\x81\x87'	-10.5154421950793
7219	(-1, -1)	b'ading'	-10.515563253126782
7220	(-1, -1)	b'una'	-10.61770055890304
7221	(-1, -1)	b'\xe7\xba\xb9'	-10.51725960637496
7222	(-1, -1)	b'\xe5\xbf\x98'	-10.517623485328578
7223	(-1, -1)	b'\xe7\x90\x83\xe8\xbf\xb7'	-10.516289909329279
7224	(-1, -1)	b'\xe4\xb8\x8d\xe5\x86\x8d'	-10.467926757751666
7225	(-1, -1)	b'\xe0\xa6\xa4'	-10.497209712090992
7226	(-1, -1)	b' feels'	-10.51823024464578
7227	(-1, -1)	b' cry'	-10.518473051494126
7228	(-1, -1)	b'\xe4\xb9\x9f\xe8\xae\xb8'	-10.51798749673829
7229	(-1, -1)	b" we've"	-10.518715917311956
7230	(-1, -1)	b'\xe5\xbe\x92'	-10.51883737234338
7231	(-1, -1)	b'berg'	-10.326705396728299
7232	(-1, -1)	b' unless'	-10.51883737234338
7233	(-1, -1)	b'\xe8\xa7\xa3\xe9\x87\x8a'	-10.506644307659407
7234	(-1, -1)	b' failed'	-10.51895884212792
7235	(-1, -1)	b'\xe7\xbb\x99\xe4\xba\x88'	-10.519080326669162
7236	(-1, -1)	b' launch'	-10.33122597301375
7237	(-1, -1)	b'aming'	-10.604513554621086
7238	(-1, -1)	b' pair'	-10.334251083720437
7239	(-1, -1)	b'\xe5\xa5\x96\xe9\x87\x91'	-10.542185692737737
7240	(-1, -1)	b' Phil'	-10.325603468242143
7241	(-1, -1)	b'\xe5\xb9\xbf\xe5\xa4\xa7'	-10.4649299828026
7242	(-1, -1)	b'ledge'	-10.798575053783578
7243	(-1, -1)	b'awa'	-10.62294356345228
7244	(-1, -1)	b' dream'	-10.519809544008233
7245	(-1, -1)	b'\xe8\xbf\x98\xe5\x9c\xa8'	-10.535864794205995
7246	(-1, -1)	b' effective'	-10.436675990148409
7247	(-1, -1)	b'gers'	-9.969459301905038
7248	(-1, -1)	b' followed'	-10.520782661710617
7249	(-1, -1)	b'\xe7\x95\x85'	-10.521147825125302
7250	(-1, -1)	b'oom'	-10.232553094035744
7251	(-1, -1)	b'\xd1\x83\xd1\x80'	-10.334655124129975
7252	(-1, -1)	b'iot'	-10.627130778322675
7253	(-1, -1)	b' raised'	-10.522366000449535
7254	(-1, -1)	b'\xe5\x85\x8d\xe8\xb4\xb9'	-10.519809544008233
7255	(-1, -1)	b' attract'	-10.479887650506019
7256	(-1, -1)	b' crazy'	-10.522122246639675
7257	(-1, -1)	b' na-'	-10.521756727293539
7258	(-1, -1)	b' las'	-10.636787432757776
7259	(-1, -1)	b'\xe5\xa5\xb3\xe5\xad\xa9'	-10.506644307659407
7260	(-1, -1)	b' sunny'	-10.52358566153499
7261	(-1, -1)	b'\xe7\x9a\x84\xe5\xa4\x96'	-10.981989752827017
7262	(-1, -1)	b' estab'	-10.490575402720207
7263	(-1, -1)	b'\xe5\xa2\x9e\xe5\xbc\xba'	-10.525173448128108
7264	(-1, -1)	b' hearing'	-10.442623379053055
7265	(-1, -1)	b'\xe5\x88\x86\xe6\x9e\x90\xe5\xb8\x88'	-10.520417631591581
7266	(-1, -1)	b'asa'	-10.588107910735957
7267	(-1, -1)	b'\xe9\xab\x98\xe4\xb8\xad'	-10.404203817869178
7268	(-1, -1)	b' murder'	-10.227548306301742
7269	(-1, -1)	b'-year'	-10.525417946906831
7270	(-1, -1)	b'\xe6\x9c\xac\xe6\x8a\xa5\xe8\xae\xaf'	-10.52725359571207
7271	(-1, -1)	b' rare'	-10.507124384480917
7272	(-1, -1)	b' blue'	-10.345524244287734
7273	(-1, -1)	b'\xe7\x9f\xa5\xe5\x90\x8d'	-10.424665169604017
7274	(-1, -1)	b' prefer'	-10.24466777964677
7275	(-1, -1)	b'\xe5\x89\x82'	-10.527866228213005
7276	(-1, -1)	b'\xe0\xa4\xa1'	-10.357959531194465
7277	(-1, -1)	b' Obama'	-10.418713427136865
7278	(-1, -1)	b' increased'	-10.528233987947461
7279	(-1, -1)	b'.C'	-10.537224749907962
7280	(-1, -1)	b' RE'	-10.454397544281811
7281	(-1, -1)	b'\xe6\xb6\x82\xe6\x96\x99'	-10.528724544739246
7282	(-1, -1)	b' revenue'	-10.319614230933826
7283	(-1, -1)	b'\xe9\xab\x98\xe7\xab\xaf'	-10.379175773512914
7284	(-1, -1)	b'\xe4\xb8\x80\xe6\x97\xa6'	-10.503529413563058
7285	(-1, -1)	b' heavy'	-10.527621130172562
7286	(-1, -1)	b'\xe4\xb8\x8a\xe5\x8d\x8a\xe5\xb9\xb4'	-10.431431320424146
7287	(-1, -1)	b' 500'	-10.53216519694153
7288	(-1, -1)	b' required'	-10.529829178174674
7289	(-1, -1)	b'\xe7\xbb\x9f\xe4\xb8\x80'	-10.51507910884233
7290	(-1, -1)	b'\xe5\x8e\x9f\xe6\xb2\xb9'	-10.53019766064522
7291	(-1, -1)	b'west'	-10.474528206243262
7292	(-1, -1)	b'\xe8\xb8\xaa'	-10.530566278945148
7293	(-1, -1)	b'\xe8\xb0\x8b'	-10.53068918191341
7294	(-1, -1)	b' \xd2\x9b'	-10.530812099988667
7295	(-1, -1)	b'\xe6\x8d\xb7'	-10.531672949823543
7296	(-1, -1)	b'\xe6\x88\xbf\xe4\xba\xa7'	-10.531180944893569
7297	(-1, -1)	b'\xe6\x83\x85\xe7\xbb\xaa'	-10.531672949823543
7298	(-1, -1)	b'\xe5\x8d\x97\xe4\xba\xac'	-10.532288296590853
7299	(-1, -1)	b' \xe1\x88\x9d'	-10.532288296590853
7300	(-1, -1)	b' efforts'	-10.532657686486083
7301	(-1, -1)	b' mer'	-10.517744807743043
7302	(-1, -1)	b'that'	-10.399341834330118
7303	(-1, -1)	b'198'	-10.289132133583704
7304	(-1, -1)	b' More'	-10.563675680909716
7305	(-1, -1)	b'\xe5\x9c\xba\xe6\x99\xaf'	-10.528969913406897
7306	(-1, -1)	b'\xe6\x98\x8e\xe5\xb9\xb4'	-10.464354708093069
7307	(-1, -1)	b' Sal'	-10.25291964604376
7308	(-1, -1)	b'\xe6\x83\xb3\xe5\x88\xb0'	-10.491520470717305
7309	(-1, -1)	b'FC'	-10.462171677410518
7310	(-1, -1)	b'57'	-10.077933371047918
7311	(-1, -1)	b' advice'	-10.52725359571207
7312	(-1, -1)	b'lor'	-10.410287486822792
7313	(-1, -1)	b'\xe0\xaf\x88\xe0\xae'	-10.506404355648657
7314	(-1, -1)	b' putting'	-10.534259954654098
7315	(-1, -1)	b'ship'	-9.35635482901863
7316	(-1, -1)	b'\xe8\xbe\x83\xe5\xa4\xa7'	-10.153310672823217
7317	(-1, -1)	b' avoid'	-10.318619502909895
7318	(-1, -1)	b'04'	-9.940706198030608
7319	(-1, -1)	b' Great'	-10.535617728114559
7320	(-1, -1)	b' signed'	-10.535617728114559
7321	(-1, -1)	b' Star'	-10.165008695515374
7322	(-1, -1)	b'\xe6\x97\xb6\xe6\x9c\x9f'	-10.354552724616507
7323	(-1, -1)	b'\xe6\x9c\xac\xe8\xba\xab'	-10.535370723049699
7324	(-1, -1)	b' treatment'	-10.385002369794552
7325	(-1, -1)	b'Every'	-10.536730006545984
7326	(-1, -1)	b'\xe8\x80\x90'	-10.53685366944109
7327	(-1, -1)	b' opened'	-10.537224749907962
7328	(-1, -1)	b'\xe7\x89\xb9\xe6\xae\x8a'	-10.537348474003387
7329	(-1, -1)	b'\xe6\x95\x99\xe6\x8e\x88'	-10.537472213408359
7330	(-1, -1)	b'ena'	-10.846120812598038
7331	(-1, -1)	b'\xe8\x87\xaa\xe8\xba\xab'	-10.53611192135417
7332	(-1, -1)	b' seriously'	-10.53833881822892
7333	(-1, -1)	b' peace'	-10.529706380851502
7334	(-1, -1)	b'\xe6\x9c\x89\xe7\x9d\x80'	-10.533027212880631
7335	(-1, -1)	b'\xd8\xa7\xd8\xa6'	-10.528356604586692
7336	(-1, -1)	b'\xe9\x87\x8c\xe9\x9d\xa2'	-10.331729523052084
7337	(-1, -1)	b' conditions'	-10.538710450317433
7338	(-1, -1)	b'\xe9\xbb\x91\xe8\x89\xb2'	-10.384152752071397
7339	(-1, -1)	b'\xe5\x9c\xa8\xe8\xbf\x99'	-10.513265652503
7340	(-1, -1)	b' Chief'	-10.533396875875413
7341	(-1, -1)	b'ipe'	-10.613419043130541
7342	(-1, -1)	b' cancer'	-10.48363297323618
7343	(-1, -1)	b'\xe5\x91\x88\xe7\x8e\xb0'	-10.501378618134826
7344	(-1, -1)	b'\xe8\xb6\xb3\xe7\x90\x83'	-10.51109383697752
7345	(-1, -1)	b' Mil'	-10.47406352222003
7346	(-1, -1)	b'nder'	-11.046772786902471
7347	(-1, -1)	b'02'	-9.860417190745451
7348	(-1, -1)	b'\xe5\x90\x84\xe5\x9c\xb0'	-10.534383312453553
7349	(-1, -1)	b'\xe5\x85\xa7'	-10.54044656186461
7350	(-1, -1)	b'\xe6\x8c\x81\xe6\x9c\x89'	-10.170480665393367
7351	(-1, -1)	b' Bel'	-10.354861955150332
7352	(-1, -1)	b'cel'	-10.079575985520272
7353	(-1, -1)	b'\xe6\x9d\xbf\xe5\x9d\x97'	-10.538958281793299
7354	(-1, -1)	b'\xe7\xad\x89\xe5\xa5\x96'	-10.54044656186461
7355	(-1, -1)	b'\xe6\xb4\xaa'	-10.541439980548072
7356	(-1, -1)	b'\xe4\xb8\x80\xe5\xae\x9a\xe8\xa6\x81'	-10.512179155142542
7357	(-1, -1)	b' NFL'	-10.541688489495673
7358	(-1, -1)	b'\xe8\x87\xb3\xe4\xba\x8e'	-10.533273639693114
7359	(-1, -1)	b'\xe6\x97\x81'	-10.542185692737737
7360	(-1, -1)	b'96'	-10.212593072613618
7361	(-1, -1)	b"I'll"	-10.542310032184586
7362	(-1, -1)	b" hasn't"	-10.542434387093657
7363	(-1, -1)	b' emb'	-10.166203132992079
7364	(-1, -1)	b'\xd8\xa3'	-10.542683143313845
7365	(-1, -1)	b' \xe1\x8a\x90'	-10.542807544632659
7366	(-1, -1)	b'\xe0\xa4\xbe\xe0\xa4\xa4'	-10.592936001278643
7367	(-1, -1)	b' anyway'	-10.290677878264002
7368	(-1, -1)	b' approach'	-10.253478409328924
7369	(-1, -1)	b' notice'	-10.477204337923586
7370	(-1, -1)	b'\xe5\xb0\xb1\xe8\x83\xbd'	-10.544924738274881
7371	(-1, -1)	b'\xe8\xae\xbe\xe8\xae\xa1\xe5\xb8\x88'	-10.54467542388815
7372	(-1, -1)	b' emp'	-10.150953769375267
7373	(-1, -1)	b' TO'	-10.531795988888602
7374	(-1, -1)	b'\xe7\xb6\x93'	-10.544800073311809
7375	(-1, -1)	b'\xe5\xa4\xa7\xe7\x9b\x98'	-10.509167286110717
7376	(-1, -1)	b' Scott'	-10.487156998967048
7377	(-1, -1)	b'\xe1\x80\x90\xe1\x80'	-9.964213984427094
7378	(-1, -1)	b'\xe4\xbb\xbd\xe9\xa2\x9d'	-10.544301568814944
7379	(-1, -1)	b' absolutely'	-10.546172243426689
7380	(-1, -1)	b'\xe0\xb6\x9a\xe0\xb7\x8a'	-10.432656333105877
7381	(-1, -1)	b"o's"	-10.904578449566408
7382	(-1, -1)	b'\xe7\x9a\x84\xe5\xad\xa6\xe7\x94\x9f'	-10.414108660750117
7383	(-1, -1)	b' claims'	-10.547546298979833
7384	(-1, -1)	b'\xe0\xa4\xbe\xe0\xa4\x82'	-10.639250488190173
7385	(-1, -1)	b'wan'	-9.999352638745105
7386	(-1, -1)	b" Don't"	-10.548421682015787
7387	(-1, -1)	b'ancy'	-10.542434387093657
7388	(-1, -1)	b' Your'	-10.543056393706982
7389	(-1, -1)	b' \xe0\xb0\x95'	-10.548671932267343
7390	(-1, -1)	b'97'	-10.205553613827242
7391	(-1, -1)	b'\xe7\xa7\xb0\xe4\xb8\xba'	-10.615156198641891
7392	(-1, -1)	b'TA'	-10.447474745255617
7393	(-1, -1)	b' injured'	-10.54929783201864
7394	(-1, -1)	b'\xe8\xb4\xad\xe6\x88\xbf'	-10.550174750333525
7395	(-1, -1)	b'\xe7\x8b\xac\xe7\xab\x8b'	-10.550300087176455
7396	(-1, -1)	b'\xe7\x9b\xb8\xe5\x90\x8c'	-10.546796580089287
7397	(-1, -1)	b'\xe4\xb8\x8b\xe6\xbb\x91'	-10.550174750333525
7398	(-1, -1)	b'\xe5\xb0\xbc\xe4\xba\x9a'	-10.550801591700505
7399	(-1, -1)	b' teacher'	-10.550801591700505
7400	(-1, -1)	b' \xe0\xa8\xaa'	-10.550927007139311
7401	(-1, -1)	b'\xe6\xb2\xaa\xe6\xb7\xb1'	-10.551554320377372
7402	(-1, -1)	b'\xe8\x81\x8a'	-10.551930897297657
7403	(-1, -1)	b'\xc3\xbcn'	-10.311881467111952
7404	(-1, -1)	b' imagine'	-10.445441076042679
7405	(-1, -1)	b' Fore'	-10.98295528346107
7406	(-1, -1)	b' stick'	-10.267644413847014
7407	(-1, -1)	b'\xe5\x84\xbf\xe7\xab\xa5'	-10.542931961429087
7408	(-1, -1)	b'\xe7\x94\x9c'	-10.553564371305397
7409	(-1, -1)	b' Mag'	-10.533643393810841
7410	(-1, -1)	b'sp'	-9.764958402997186
7411	(-1, -1)	b'\xc4\x87'	-10.381502339706197
7412	(-1, -1)	b' welcome'	-10.31286951185195
7413	(-1, -1)	b'\xe0\xae\xb2'	-10.46758051734195
7414	(-1, -1)	b' \xe0\xa4\x89'	-10.554193341701627
7415	(-1, -1)	b' easily'	-10.554319183267262
7416	(-1, -1)	b' leaving'	-10.554319183267262
7417	(-1, -1)	b'\xe5\xa6\xbb\xe5\xad\x90'	-10.554948628746596
7418	(-1, -1)	b' Ac'	-10.182729589349478
7419	(-1, -1)	b'\xe1\x88\x89'	-10.549423058992693
7420	(-1, -1)	b'\xe0\xb7\x92\xe0\xb6\xba'	-10.648610501466854
7421	(-1, -1)	b'iment'	-10.921512740028627
7422	(-1, -1)	b'\xe4\xb8\xa5\xe6\xa0\xbc'	-10.555578470677098
7423	(-1, -1)	b'\xe6\xac\xa7\xe7\x9b\x9f'	-10.555578470677098
7424	(-1, -1)	b'\xe4\xb8\xbb\xe5\x8a\xa8'	-10.484806269158646
7425	(-1, -1)	b'\xe5\xb1\xb1\xe4\xb8\x9c'	-10.55671318680465
7426	(-1, -1)	b' vari'	-10.34124376486165
7427	(-1, -1)	b' receive'	-10.117713834423375
7428	(-1, -1)	b' Hill'	-10.28768516473046
7429	(-1, -1)	b' les'	-10.55608263000212
7430	(-1, -1)	b'ION'	-10.509768934645804
7431	(-1, -1)	b'\xe5\x85\x83\xe7\x9a\x84'	-10.810373170433438
7432	(-1, -1)	b'\xe7\x94\xb7\xe4\xba\xba'	-10.43566956009421
7433	(-1, -1)	b' updates'	-10.55784919197573
7434	(-1, -1)	b'\xe7\x89\xb9\xe5\x88\xab\xe6\x98\xaf'	-10.411814204676594
7435	(-1, -1)	b'\xe4\xb8\xa4\xe5\xb9\xb4'	-10.331326662738448
7436	(-1, -1)	b'isi'	-10.38990172989832
7437	(-1, -1)	b' train'	-10.167740937652246
7438	(-1, -1)	b'\xe0\xb9\x84'	-10.471511612703836
7439	(-1, -1)	b'\xe5\xa6\x99'	-10.558986489122388
7440	(-1, -1)	b' closed'	-10.55987194867047
7441	(-1, -1)	b'\xe5\x8d\xa2'	-10.55987194867047
7442	(-1, -1)	b'\xe5\x94\xae\xe4\xbb\xb7'	-10.556839345891426
7443	(-1, -1)	b' color'	-10.158210572801552
7444	(-1, -1)	b'tain'	-9.911432540071685
7445	(-1, -1)	b'\xe5\xb1\x85\xe4\xbd\x8f'	-10.54929783201864
7446	(-1, -1)	b'\xe7\xb1\xbb\xe4\xbc\xbc'	-10.559998506919072
7447	(-1, -1)	b' literally'	-10.559998506919072
7448	(-1, -1)	b'\xe7\xba\xb7\xe7\xba\xb7'	-10.560251671477387
7449	(-1, -1)	b'HD'	-10.518351640700557
7450	(-1, -1)	b'\xe4\xbb\x85\xe4\xb8\xba'	-10.570559073288907
7451	(-1, -1)	b' Commission'	-10.556334805012913
7452	(-1, -1)	b'\xe4\xb9\x8b\xe9\x97\xb4\xe7\x9a\x84'	-10.51145547883548
7453	(-1, -1)	b'\xe9\x87\x91\xe9\xa2\x9d'	-10.531057981475032
7454	(-1, -1)	b' employees'	-10.561898805204233
7455	(-1, -1)	b'\xe9\x87\x8d\xe5\xba\x86'	-10.562406161886857
7456	(-1, -1)	b'\xe5\xbc\x95\xe5\x8f\x91'	-10.558860058880107
7457	(-1, -1)	b'\xe8\x88\x8d'	-10.56316767988279
7458	(-1, -1)	b'\xe0\xb1\x86'	-10.56316767988279
7459	(-1, -1)	b'\xe6\x9b\xb4\xe4\xb8\xba'	-10.558480864032612
7460	(-1, -1)	b' easier'	-10.563802721499355
7461	(-1, -1)	b' cold'	-10.563802721499355
7462	(-1, -1)	b'\xe9\x83\xa8\xe7\x9a\x84'	-11.0985430874351
7463	(-1, -1)	b'\xe5\x90\xaf\xe5\x8a\xa8'	-10.563548656457339
7464	(-1, -1)	b' Johnson'	-10.561645223359335
7465	(-1, -1)	b'\xe4\xb8\x96\xe7\x95\x8c\xe6\x9d\xaf'	-10.564438166650051
7466	(-1, -1)	b'\xd8\xa6'	-10.573248796332207
7467	(-1, -1)	b'iously'	-10.653462524571383
7468	(-1, -1)	b'\xe9\x87\x8d\xe8\xa7\x86'	-10.566219564245454
7469	(-1, -1)	b'Ah'	-10.480939605485851
7470	(-1, -1)	b'\xe0\xb1\x87\xe0\xb0'	-10.330420819991186
7471	(-1, -1)	b' rap'	-10.003987305597207
7472	(-1, -1)	b'\xe5\x88\x8a'	-10.565837568952084
7473	(-1, -1)	b'\xe7\xba\xaa\xe5\xbd\x95'	-10.565837568952084
7474	(-1, -1)	b'\xe8\xb4\xaf'	-10.566474308865352
7475	(-1, -1)	b'\xe6\x83\xb3\xe8\xa6\x81'	-10.569408545836968
7476	(-1, -1)	b' ess'	-10.527498603676055
7477	(-1, -1)	b' vac'	-10.56596488450385
7478	(-1, -1)	b'RA'	-10.33183026349442
7479	(-1, -1)	b'aries'	-10.546796580089287
7480	(-1, -1)	b'\xe4\xb8\xbe\xe5\x8a\x9e'	-10.562659936789881
7481	(-1, -1)	b' loved'	-10.567493936789528
7482	(-1, -1)	b'\xe5\xad\x94'	-10.568131732588942
7483	(-1, -1)	b' rule'	-10.191709205940159
7484	(-1, -1)	b' stories'	-10.568259340577375
7485	(-1, -1)	b' \xe0\xaa\xae'	-10.576588984432563
7486	(-1, -1)	b' ensure'	-10.449739238976921
7487	(-1, -1)	b'\xe5\xbd\xb9'	-10.568642262274567
7488	(-1, -1)	b'\xe8\xae\xa4\xe8\xaf\x86'	-10.569536316871448
7489	(-1, -1)	b'\xe5\xb9\xb4\xe5\xba\xa6'	-10.48363297323618
7490	(-1, -1)	b' CEO'	-10.568897624890868
7491	(-1, -1)	b' hoping'	-10.570047564326346
7492	(-1, -1)	b'\xe7\x89\xb9\xe8\x89\xb2'	-10.393645650407784
7493	(-1, -1)	b'\xe5\xb0\x8f\xe7\x9a\x84'	-10.700551801439735
7494	(-1, -1)	b'ker'	-10.426214013812308
7495	(-1, -1)	b'\xd0\xb8\xd1\x81'	-10.498399055713588
7496	(-1, -1)	b' \xda\xa9\xd8\xb1'	-10.51725960637496
7497	(-1, -1)	b' park'	-10.389474744409338
7498	(-1, -1)	b'\xe0\xb8\x9b'	-10.518715917311956
7499	(-1, -1)	b' award'	-10.571582876808074
7500	(-1, -1)	b'\xe8\xb5\x9a'	-10.571838991548878
7501	(-1, -1)	b'\xe8\xa7\x92\xe5\xba\xa6'	-10.546796580089287
7502	(-1, -1)	b'\xe7\x9a\x84\xe4\xba\xa7\xe5\x93\x81'	-10.336070552533306
7503	(-1, -1)	b' France'	-10.479070227677761
7504	(-1, -1)	b'\xd0\xb8\xd0\xb2'	-10.438916134454384
7505	(-1, -1)	b'\xe5\x8d\xa0\xe6\x8d\xae'	-10.572992320311307
7506	(-1, -1)	b' Pre'	-10.179263981999384
7507	(-1, -1)	b'\xe7\x95\xaa'	-10.573761945798244
7508	(-1, -1)	b'\xe5\xba\x94\xe7\x94\xa8'	-10.490929698560937
7509	(-1, -1)	b'\xe7\x89\xa9\xe4\xb8\x9a'	-10.571582876808074
7510	(-1, -1)	b' crowd'	-10.441161308275818
7511	(-1, -1)	b' forget'	-10.55331289387417
7512	(-1, -1)	b' Mike'	-10.57107084402679
7513	(-1, -1)	b'lyn'	-11.16976914120308
7514	(-1, -1)	b' ang'	-10.41520311199212
7515	(-1, -1)	b'\xe7\x90\x86\xe8\xa7\xa3'	-10.572223286692273
7516	(-1, -1)	b'\xe5\xae\x9a\xe7\x9a\x84'	-11.043072885456654
7517	(-1, -1)	b'\xe5\x92\xa8\xe8\xaf\xa2'	-10.576331650411586
7518	(-1, -1)	b' lay'	-10.528233987947461
7519	(-1, -1)	b'\xe7\xbb\x86\xe8\x8a\x82'	-10.576588984432563
7520	(-1, -1)	b'\xe5\xae\x9e\xe9\x99\x85\xe4\xb8\x8a'	-10.567749006297353
7521	(-1, -1)	b' clearly'	-10.576717676280113
7522	(-1, -1)	b'\xe6\xb5\xae'	-10.577618983236126
7523	(-1, -1)	b'\xe8\x8a\x82\xe8\x83\xbd'	-10.579165973360295
7524	(-1, -1)	b'\xe5\xbc\xba\xe7\x9a\x84'	-10.572735910053494
7525	(-1, -1)	b' Big'	-10.652629075432985
7526	(-1, -1)	b' active'	-10.57094287678623
7527	(-1, -1)	b' sym'	-10.552935796264272
7528	(-1, -1)	b' \xd0\xbf\xd1\x80\xd0\xbe'	-10.58537797728884
7529	(-1, -1)	b'\xe5\xa1\x91'	-10.579424037877855
7530	(-1, -1)	b' shut'	-10.57955309511492
7531	(-1, -1)	b'\xe0\xa8\xb2'	-10.618102892442968
7532	(-1, -1)	b'\xe7\xbb\x84\xe6\x88\x90'	-10.537843523518449
7533	(-1, -1)	b' chair'	-10.433436668689758
7534	(-1, -1)	b' These'	-10.580069490685393
7535	(-1, -1)	b' worry'	-10.580715360371347
7536	(-1, -1)	b' killing'	-10.464584778265486
7537	(-1, -1)	b'-7'	-10.762597680396706
7538	(-1, -1)	b'\xe7\x9c\x8b\xe6\x9d\xa5'	-10.579682169009903
7539	(-1, -1)	b'\xe0\xb1\x8d\xe0\xb0\xb0'	-10.58149095503277
7540	(-1, -1)	b'\xe6\x8c\x87\xe5\xaf\xbc'	-10.580973825092352
7541	(-1, -1)	b'67'	-10.062269279060217
7542	(-1, -1)	b'bre'	-10.114060788188622
7543	(-1, -1)	b'\xe5\xa5\x96\xe5\x8f\xb7'	-10.578392179150935
7544	(-1, -1)	b' 2011'	-10.580586153058034
7545	(-1, -1)	b'\xe6\x99\x9a\xe4\xb8\x8a'	-10.55343862468467
7546	(-1, -1)	b' green'	-10.479070227677761
7547	(-1, -1)	b'\xe5\x85\xa8\xe6\x96\xb0'	-10.589149848834909
7548	(-1, -1)	b'\xe0\xa4\xb2\xe0\xa5\x87'	-10.280672984804298
7549	(-1, -1)	b' \xe0\xa4\xb9\xe0\xa5\x88'	-10.583173476622985
7550	(-1, -1)	b' Mo'	-9.831354204002313
7551	(-1, -1)	b' Dan'	-10.5010206015429
7552	(-1, -1)	b'\xe6\x84\x8f\xe5\x91\xb3\xe7\x9d\x80'	-10.583562153184204
7553	(-1, -1)	b'\xe9\xa2\x9c\xe8\x89\xb2'	-10.483046841105221
7554	(-1, -1)	b' max'	-10.583691745616186
7555	(-1, -1)	b' feed'	-10.50125926502852
7556	(-1, -1)	b'\xe5\xb8\x82\xe5\x9c\xba\xe4\xb8\x8a'	-10.426103302491963
7557	(-1, -1)	b' accident'	-10.584339959808846
7558	(-1, -1)	b' hat'	-10.453942119020608
7559	(-1, -1)	b' nuclear'	-10.57607438259437
7560	(-1, -1)	b'\xe7\x90\x86\xe5\xbf\xb5'	-10.583303018691952
7561	(-1, -1)	b' wax'	-10.582914442817625
7562	(-1, -1)	b'\xe5\x88\xb7'	-10.58511837188759
7563	(-1, -1)	b' \xe0\xb0\xb5'	-10.58511837188759
7564	(-1, -1)	b'\xe6\x80\xa7\xe6\x84\x9f'	-10.593066814281642
7565	(-1, -1)	b' note'	-10.58472909010755
7566	(-1, -1)	b' ice'	-10.547921369309917
7567	(-1, -1)	b'\xe5\xb1\x95\xe5\xbc\x80'	-10.584858833863812
7568	(-1, -1)	b' paper'	-10.38595905336473
7569	(-1, -1)	b'iga'	-10.542185692737737
7570	(-1, -1)	b' appeared'	-10.586417073368827
7571	(-1, -1)	b'\xc9\x99t'	-10.407784356604674
7572	(-1, -1)	b'\xe8\xbf\xbd\xe6\xb1\x82'	-10.587457250292674
7573	(-1, -1)	b'\xe8\x89\xb3'	-10.587587348517017
7574	(-1, -1)	b' \xe0\xb0\x85'	-10.58784759575336
7575	(-1, -1)	b' features'	-10.588238093643124
7576	(-1, -1)	b' draft'	-10.474179672983851
7577	(-1, -1)	b' businesses'	-10.588107910735957
7578	(-1, -1)	b'omen'	-10.56723893232557
7579	(-1, -1)	b'\xe6\xae\xb5\xe6\x97\xb6\xe9\x97\xb4'	-10.588758994813908
7580	(-1, -1)	b' Des'	-10.572095171901246
7581	(-1, -1)	b' hurt'	-10.296884861628884
7582	(-1, -1)	b'\xe4\xbf\x97'	-10.588889262514215
7583	(-1, -1)	b'\xd9\x88\xd9\x85'	-10.507604691886884
7584	(-1, -1)	b'itz'	-10.586547036329566
7585	(-1, -1)	b'ceed'	-10.598971180972022
7586	(-1, -1)	b'\xe6\xb1\xa4'	-10.590192873701305
7587	(-1, -1)	b'\xe6\x8b\xbf\xe5\x88\xb0'	-10.393109945675414
7588	(-1, -1)	b' Hall'	-10.554067515970099
7589	(-1, -1)	b'\xe6\x97\xa0\xe7\x96\x91'	-10.590714794381212
7590	(-1, -1)	b' First'	-10.590584288671401
7591	(-1, -1)	b'\xe6\x97\xa5\xe5\x9c\xa8'	-10.793926492074508
7592	(-1, -1)	b' \xd9\x8a'	-10.658058953027355
7593	(-1, -1)	b'\xe6\x97\xa5\xe6\xb6\x88\xe6\x81\xaf'	-10.59045379999111
7594	(-1, -1)	b'\xe8\xaf\x9e'	-10.591628811550022
7595	(-1, -1)	b'\xe5\x85\xac\xe5\x85\xb1'	-10.58993201547627
7596	(-1, -1)	b'\xe7\x9a\x84\xe4\xb8\xad'	-10.87813587244289
7597	(-1, -1)	b'\xe5\xb9\xb3\xe8\xa1\xa1'	-10.591367578528683
7598	(-1, -1)	b'\xe9\x87\x91\xe5\xb1\x9e'	-10.592805205385448
7599	(-1, -1)	b'\xe9\x87\x87\xe7\x94\xa8\xe4\xba\x86'	-10.449059352265179
7600	(-1, -1)	b' tough'	-10.412360026424766
7601	(-1, -1)	b'However'	-10.593066814281642
7602	(-1, -1)	b'\xe5\x9b\x9e\xe5\x88\xb0'	-10.46343495636118
7603	(-1, -1)	b'\xe6\x9f\x8f'	-10.59345935599424
7604	(-1, -1)	b'\xe7\x9a\x84\xe5\x89\x8d'	-10.757958735940313
7605	(-1, -1)	b'\xe6\x84\x9f\xe6\x83\x85'	-10.592936001278643
7606	(-1, -1)	b'\xe8\xa7\x88'	-10.59437588633663
7607	(-1, -1)	b'ression'	-10.626318980145228
7608	(-1, -1)	b'\xe6\x9f\x94'	-10.594768942352173
7609	(-1, -1)	b'\xe7\x8c\x9c'	-10.594899995363303
7610	(-1, -1)	b' basically'	-10.594899995363303
7611	(-1, -1)	b' condition'	-10.561772006243816
7612	(-1, -1)	b'\xe7\xa2\xb3'	-10.595555518166194
7613	(-1, -1)	b'rist'	-10.318321277349755
7614	(-1, -1)	b' Bur'	-10.456791935711369
7615	(-1, -1)	b'.T'	-10.876050365951869
7616	(-1, -1)	b'\xe5\x85\x83\xe7\xb4\xa0'	-10.596080245975688
7617	(-1, -1)	b'\xc3\xaan'	-10.556208709558486
7618	(-1, -1)	b'\xe1\x88\xaa'	-10.564692457814804
7619	(-1, -1)	b'put'	-10.492584740905858
7620	(-1, -1)	b'\xe9\x82\x93'	-10.596736543170605
7621	(-1, -1)	b'\xe7\xbe\xa4\xe4\xbc\x97'	-10.592674426597581
7622	(-1, -1)	b'\xe5\xa4\x9a\xe4\xb8\xaa'	-10.598971180972022
7623	(-1, -1)	b'ette'	-10.142664694410085
7624	(-1, -1)	b' \xd0\x9c'	-10.597130528335594
7625	(-1, -1)	b'\xe7\x9a\x84\xe6\x96\xb9\xe5\xbc\x8f'	-10.522122246639675
7626	(-1, -1)	b' \xd0\xa1'	-10.597787515416579
7627	(-1, -1)	b' issued'	-10.597787515416579
7628	(-1, -1)	b'\xc9\x99l'	-10.635694685756539
7629	(-1, -1)	b' \xe1\x80\xa1\xe1\x80'	-10.575302976024876
7630	(-1, -1)	b'\xc9\x99s'	-10.575817180946864
7631	(-1, -1)	b'\xe6\x9c\x89\xe4\xb8\x80\xe4\xb8\xaa'	-10.540570685243408
7632	(-1, -1)	b'\xe5\x88\x86\xe7\xba\xa2'	-10.597130528335594
7633	(-1, -1)	b'ables'	-10.839069070817551
7634	(-1, -1)	b'ously'	-10.844773784275146
7635	(-1, -1)	b' voice'	-10.311387810588128
7636	(-1, -1)	b'\xe5\x8d\xab\xe6\xb5\xb4'	-10.599102785894235
7637	(-1, -1)	b'EE'	-10.80680289724791
7638	(-1, -1)	b' although'	-10.598181914948412
7639	(-1, -1)	b' expand'	-10.55583051856753
7640	(-1, -1)	b' Ev'	-10.229092567861299
7641	(-1, -1)	b'\xeb\xa1\x9c'	-10.568642262274567
7642	(-1, -1)	b'Bl'	-10.594244901989073
7643	(-1, -1)	b' excited'	-10.600815227859174
7644	(-1, -1)	b'\xe5\xbe\x88\xe5\xbf\xab'	-10.622000484904781
7645	(-1, -1)	b'\xe7\x94\xbb\xe9\x9d\xa2'	-10.547546298979833
7646	(-1, -1)	b'\xe7\xa7\x91\xe6\xaf\x94'	-10.60015624925213
7647	(-1, -1)	b' General'	-10.540074284141133
7648	(-1, -1)	b' assum'	-10.659595802788456
7649	(-1, -1)	b'\xe6\x97\xb6\xe7\x9a\x84'	-10.801954794668688
7650	(-1, -1)	b'ager'	-10.371808870062894
7651	(-1, -1)	b' cast'	-10.518108863326216
7652	(-1, -1)	b'\xe5\x9c\xb0\xe4\xbd\x8d'	-10.601474641005389
7653	(-1, -1)	b'\xe6\x88\x98\xe7\xbb\xa9'	-10.602398550527983
7654	(-1, -1)	b'ext'	-10.429541065788928
7655	(-1, -1)	b'\xe4\xb8\xbb\xe6\xbc\x94'	-10.580327788504212
7656	(-1, -1)	b' journal'	-10.57594577350153
7657	(-1, -1)	b' sett'	-10.587457250292674
7658	(-1, -1)	b'\xe6\x98\x8c'	-10.603191152947284
7659	(-1, -1)	b'\xe9\x80\x90\xe6\xad\xa5'	-10.60345549341935
7660	(-1, -1)	b' willing'	-10.60345549341935
7661	(-1, -1)	b" There's"	-10.604116650468228
7662	(-1, -1)	b'\xe6\x98\x82'	-10.604645891020406
7663	(-1, -1)	b'_t'	-10.435781335649013
7664	(-1, -1)	b'\xe9\xa2\x87'	-10.605705213153366
7665	(-1, -1)	b'\xe9\xb9\x8f'	-10.605705213153366
7666	(-1, -1)	b'\xe4\xb8\x8a\xe4\xba\x86'	-10.58511837188759
7667	(-1, -1)	b'\xe6\x88\x90\xe7\x86\x9f'	-10.605043005328358
7668	(-1, -1)	b' street'	-10.187165729360538
7669	(-1, -1)	b' Step'	-10.601342723585502
7670	(-1, -1)	b' Rock'	-10.527498603676055
7671	(-1, -1)	b'\xe5\x8f\xaf\xe6\x98\xaf'	-10.555704486681297
7672	(-1, -1)	b'\xe0\xb8\xb7'	-10.607030945814726
7673	(-1, -1)	b'\xe5\x8f\x8d\xe6\x98\xa0'	-10.607163615798337
7674	(-1, -1)	b'\xe4\xb9\xa0\xe6\x83\xaf'	-10.607296303385606
7675	(-1, -1)	b'\xe5\xb1\x95\xe7\xa4\xba'	-10.607030945814726
7676	(-1, -1)	b' code'	-10.355583865149198
7677	(-1, -1)	b'NE'	-10.108727011198935
7678	(-1, -1)	b'\xe7\xbb\xbf\xe8\x89\xb2'	-10.527498603676055
7679	(-1, -1)	b' trial'	-10.43054134372729
7680	(-1, -1)	b'\xe6\xb0\x91\xe6\x97\x8f'	-10.60557273650218
7681	(-1, -1)	b' hero'	-10.865172247804686
7682	(-1, -1)	b'\xe0\xa5\x8d\xe0\xa4\xaf\xe0\xa4\xbe'	-10.546671681569173
7683	(-1, -1)	b'\xe5\xa5\xb3\xe5\xad\x90'	-10.60955469026378
7684	(-1, -1)	b' caught'	-10.608491284607274
7685	(-1, -1)	b'\xe6\x8d\x9f\xe5\xa4\xb1'	-10.608624148488424
7686	(-1, -1)	b' cas'	-10.57094287678623
7687	(-1, -1)	b' conversation'	-10.323603067495059
7688	(-1, -1)	b'\xe6\x8c\xba'	-10.608889929220885
7689	(-1, -1)	b'\xe5\x88\x99\xe6\x98\xaf'	-10.591759453656158
7690	(-1, -1)	b' investors'	-10.609022846081585
7691	(-1, -1)	b'\xe5\x88\x86\xe5\x88\xab\xe4\xb8\xba'	-10.608889929220885
7692	(-1, -1)	b' offers'	-10.609288732815402
7693	(-1, -1)	b'\xe7\x9a\x84\xe4\xb8\x80\xe5\x80\x8b'	-10.60942170269792
7694	(-1, -1)	b'2012'	-10.60557273650218
7695	(-1, -1)	b' buying'	-10.609820718464338
7696	(-1, -1)	b'\xe6\x9c\xac\xe7\xa7\x91'	-10.604910616369404
7697	(-1, -1)	b' flag'	-10.610486098753707
7698	(-1, -1)	b'\xe4\xb8\xbb\xe8\xa7\x92'	-10.496853184664316
7699	(-1, -1)	b' kh'	-10.318520084507467
7700	(-1, -1)	b'3000'	-10.4912841199717
7701	(-1, -1)	b'\xe5\x8d\xb3\xe5\x8f\xaf'	-10.611418375574244
7702	(-1, -1)	b'\xe8\x9e\x8d\xe8\xb5\x84'	-10.604778244934966
7703	(-1, -1)	b'iti'	-10.08554333991141
7704	(-1, -1)	b'\xe5\xa5\x87\xe6\x89\x8d'	-10.606102748439858
7705	(-1, -1)	b' network'	-10.301076922362126
7706	(-1, -1)	b' English'	-10.611818188999973
7707	(-1, -1)	b' retail'	-10.599892779352043
7708	(-1, -1)	b' beyond'	-10.612484900138744
7709	(-1, -1)	b'\xe5\x8d\xb0\xe5\xba\xa6'	-10.563675680909716
7710	(-1, -1)	b' finish'	-10.225191097594674
7711	(-1, -1)	b'\xe6\x91\x84\xe5\x83\x8f'	-10.613018589277495
7712	(-1, -1)	b'\xe8\xae\xa8\xe8\xae\xba'	-10.613285540693923
7713	(-1, -1)	b' fresh'	-10.571326827645237
7714	(-1, -1)	b' yesterday'	-10.613419043130541
7715	(-1, -1)	b'\xe6\x84\x9f\xe5\x8f\x97'	-10.353522646239476
7716	(-1, -1)	b' challenge'	-10.614086822788078
7717	(-1, -1)	b' computer'	-10.408654300113215
7718	(-1, -1)	b'\xe4\xb8\x8b\xe4\xba\x86'	-10.786914511153064
7719	(-1, -1)	b' starts'	-10.615289951066352
7720	(-1, -1)	b" l'"	-10.612751709105108
7721	(-1, -1)	b' By'	-10.591106413732213
7722	(-1, -1)	b'\xe8\x87\xb3\xe4\xbb\x8a'	-10.55444504067099
7723	(-1, -1)	b'\xe4\xb8\x80\xe5\xa4\xa9'	-10.325703593398671
7724	(-1, -1)	b'\xe9\x83\xa8\xe9\x95\xbf'	-10.636650774062653
7725	(-1, -1)	b'\xe8\xb5\x8f'	-10.616494528606104
7726	(-1, -1)	b'\xd0\xbe\xd1\x82'	-10.20670860484898
7727	(-1, -1)	b' image'	-10.53019766064522
7728	(-1, -1)	b'\xe8\x80\xb6'	-10.617298387170292
7729	(-1, -1)	b'\xe6\x89\x80\xe5\x9c\xa8'	-10.624157401351674
7730	(-1, -1)	b'\xe5\x87\xba\xe5\x8f\xb0'	-10.6187738082682
7731	(-1, -1)	b'\xe7\x8e\xb2'	-10.617968763276378
7732	(-1, -1)	b' Canadian'	-10.455651034275578
7733	(-1, -1)	b' competition'	-10.49661557031129
7734	(-1, -1)	b' communic'	-10.618237039602603
7735	(-1, -1)	b' weapons'	-10.618237039602603
7736	(-1, -1)	b'\xe6\x8b\x96'	-10.618639589088078
7737	(-1, -1)	b'\xe9\x80\x9a\xe8\x83\x80'	-10.618639589088078
7738	(-1, -1)	b' solid'	-10.604381235732372
7739	(-1, -1)	b'\xe9\x93\xba'	-10.619042300684903
7740	(-1, -1)	b'\xe7\x9a\x84\xe4\xb8\xbb\xe8\xa6\x81'	-10.456449528585955
7741	(-1, -1)	b'\xe4\xb8\xaa\xe7\xaf\xae\xe6\x9d\xbf'	-10.60557273650218
7742	(-1, -1)	b'\xe4\xb8\x9c\xe6\x96\xb9'	-10.626454234084706
7743	(-1, -1)	b'\xe9\xa3\x9f\xe7\x89\xa9'	-10.619713847281895
7744	(-1, -1)	b' anymore'	-10.620520298938505
7745	(-1, -1)	b'\xe5\xa1\xab'	-10.62065477080047
7746	(-1, -1)	b'ores'	-10.840743552119724
7747	(-1, -1)	b'\xe7\x83\xa7'	-10.621058294916512
7748	(-1, -1)	b' obs'	-10.250223349491371
7749	(-1, -1)	b'1.5'	-10.197241602048944
7750	(-1, -1)	b' estim'	-10.916257676743696
7751	(-1, -1)	b'\xe5\xaf\xbb\xe6\x89\xbe'	-10.588368293500087
7752	(-1, -1)	b'\xe6\x95\xb8'	-10.622135155970906
7753	(-1, -1)	b' Ir'	-10.208399071909318
7754	(-1, -1)	b'\xe6\x8f\x90\xe9\x86\x92'	-10.622539278021263
7755	(-1, -1)	b'\xe5\x9e\x8b\xe7\x9a\x84'	-10.883193875726489
7756	(-1, -1)	b'\xe7\x94\x98'	-10.62294356345228
7757	(-1, -1)	b" shouldn't"	-10.62307836159227
7758	(-1, -1)	b'\xe4\xb8\xbb\xe9\xa2\x98'	-10.291935557528122
7759	(-1, -1)	b'\xe7\x9a\x84\xe5\x9c\xb0\xe6\x96\xb9'	-10.459306510130425
7760	(-1, -1)	b'\xe7\x9a\x84\xe8\xa1\xa8\xe7\x8e\xb0'	-10.304600120369443
7761	(-1, -1)	b' helps'	-10.623752624985086
7762	(-1, -1)	b'\xe0\xaa\xa8\xe0\xab\x87'	-10.53487689587917
7763	(-1, -1)	b'\xe5\xa8\x9c'	-10.624022457690447
7764	(-1, -1)	b'\xe6\x94\xb6\xe7\x9b\x8a\xe7\x8e\x87'	-10.624292363225148
7765	(-1, -1)	b' beginning'	-10.60173852806326
7766	(-1, -1)	b' victims'	-10.624292363225148
7767	(-1, -1)	b'gu'	-9.60964085713327
7768	(-1, -1)	b' Island'	-10.624967445948418
7769	(-1, -1)	b'\xe7\xad\x89\xe7\xad\x89'	-10.634603131548007
7770	(-1, -1)	b' station'	-10.31109173360595
7771	(-1, -1)	b'Maybe'	-10.62442734331579
7772	(-1, -1)	b'\xe4\xba\xba\xe7\xb1\xbb'	-10.562786848396119
7773	(-1, -1)	b' episode'	-10.288167255083527
7774	(-1, -1)	b' throw'	-9.88369920413144
7775	(-1, -1)	b' seconds'	-10.625778147249406
7776	(-1, -1)	b' floor'	-10.49507245171913
7777	(-1, -1)	b'iser'	-10.754878018777955
7778	(-1, -1)	b' Amazon'	-10.622135155970906
7779	(-1, -1)	b' Its'	-10.622674021671672
7780	(-1, -1)	b'\xe5\xa4\x9a\xe6\xac\xa1'	-10.629298800852093
7781	(-1, -1)	b'adi'	-10.30705410933101
7782	(-1, -1)	b'\xe6\xb2\xbb\xe7\x96\x97'	-10.62672479685692
7783	(-1, -1)	b'\xe8\xa1\xa8\xe6\x98\x8e'	-10.626454234084706
7784	(-1, -1)	b'\xe5\x88\xb0\xe5\xba\x95'	-10.614487704733715
7785	(-1, -1)	b'ription'	-10.456335418926448
7786	(-1, -1)	b' kinda'	-10.626995432853159
7787	(-1, -1)	b'\xe8\xbb\x8d'	-10.627807780582641
7788	(-1, -1)	b' rise'	-10.403770683049196
7789	(-1, -1)	b'\xe5\xa4\x9a\xe7\xa7\x8d'	-10.627807780582641
7790	(-1, -1)	b'\xe6\xb8\x85\xe6\xa5\x9a'	-10.628214202047287
7791	(-1, -1)	b'\xd0\xbe\xd1\x81'	-10.290291218036856
7792	(-1, -1)	b'\xe5\x88\xa4\xe6\x96\xad'	-10.62834971258344
7793	(-1, -1)	b'\xe5\x8c\x97\xe4\xba\xac\xe5\xb8\x82'	-10.629977272958993
7794	(-1, -1)	b' council'	-10.474993106298124
7795	(-1, -1)	b' shi'	-10.527988799764302
7796	(-1, -1)	b' PS'	-10.784693698057566
7797	(-1, -1)	b' previously'	-10.629570134458424
7798	(-1, -1)	b'Haha'	-10.16279423246921
7799	(-1, -1)	b' Image'	-10.624832392939906
7800	(-1, -1)	b' load'	-10.630113022636795
7801	(-1, -1)	b' \xe1\x8a\xa3\xe1\x89\xa5'	-10.630248790745075
7802	(-1, -1)	b'\xe4\xb8\x8d\xe7\x9f\xa5\xe9\x81\x93'	-10.37738167245651
7803	(-1, -1)	b' 32'	-10.575817180946864
7804	(-1, -1)	b'\xe5\x87\xba\xe5\x9b\xbd'	-10.633648998033244
7805	(-1, -1)	b' assault'	-10.487274680638265
7806	(-1, -1)	b' Let'	-10.56316767988279
7807	(-1, -1)	b'\xe6\x8f\x8f'	-10.631335599709542
7808	(-1, -1)	b'\xe5\x8a\x9e\xe7\x90\x86'	-10.630113022636795
7809	(-1, -1)	b'\xe6\x94\xaf\xe4\xbb\x98'	-10.631471533917594
7810	(-1, -1)	b' north'	-10.470701005282923
7811	(-1, -1)	b'l\xc4\xb1'	-10.331326662738448
7812	(-1, -1)	b'iye'	-10.358890678124297
7813	(-1, -1)	b'\xe7\x82\x92'	-10.631879447445584
7814	(-1, -1)	b'ETF'	-10.501497985487996
7815	(-1, -1)	b'\xe8\x94\xa1'	-10.632151482267718
7816	(-1, -1)	b' south'	-10.152215705352267
7817	(-1, -1)	b'2005'	-10.278760389786923
7818	(-1, -1)	b' described'	-10.632831893262193
7819	(-1, -1)	b' talks'	-10.633240362190195
7820	(-1, -1)	b'Go'	-10.63310418734148
7821	(-1, -1)	b'\xe6\x92\xad\xe6\x94\xbe'	-10.633376555585027
7822	(-1, -1)	b'Cl'	-10.47394738494564
7823	(-1, -1)	b'ours'	-10.86551577237007
7824	(-1, -1)	b'\xe7\x82\xbc'	-10.633512767531025
7825	(-1, -1)	b'\xe4\xbb\xbf'	-10.633512767531025
7826	(-1, -1)	b'\xe8\x85\xb9'	-10.633512767531025
7827	(-1, -1)	b'\xe4\xb9\x9f\xe5\xb0\x86'	-10.558607246339259
7828	(-1, -1)	b'\xe6\x95\xac\xe8\xaf\xb7'	-10.634466771010535
7829	(-1, -1)	b' emot'	-10.624022457690447
7830	(-1, -1)	b'\xe6\x89\xb0'	-10.63487590841822
7831	(-1, -1)	b'\xe8\x82\xa9'	-10.635421685481843
7832	(-1, -1)	b' battle'	-10.37044668616703
7833	(-1, -1)	b'\xd0\xb8\xd0\xb4'	-10.877092575530313
7834	(-1, -1)	b'\xe7\x9f\xa5\xe8\xaf\x86'	-10.635831213847405
7835	(-1, -1)	b'\xe7\x9a\x84\xe6\xb8\xb8\xe6\x88\x8f'	-10.504606548488576
7836	(-1, -1)	b' patients'	-10.63651413404058
7837	(-1, -1)	b'\xe4\xba\x86\xe8\xa7\xa3\xe5\x88\xb0'	-10.626995432853159
7838	(-1, -1)	b'\xe5\x86\x8d\xe5\xba\xa6'	-10.63487590841822
7839	(-1, -1)	b'\xe5\xbf\x85\xe8\xa6\x81'	-10.63692411013105
7840	(-1, -1)	b' concerns'	-10.63719752093248
7841	(-1, -1)	b'\xe1\x88\x9a'	-10.429429985533329
7842	(-1, -1)	b' natural'	-10.433659733602573
7843	(-1, -1)	b'\xe9\xab\x98\xe5\xba\xa6'	-10.361896952093204
7844	(-1, -1)	b' majority'	-10.63747100650782
7845	(-1, -1)	b' cho'	-10.23951028064766
7846	(-1, -1)	b' explain'	-10.154913169687047
7847	(-1, -1)	b'Le'	-10.353831558356436
7848	(-1, -1)	b'92'	-10.222387822258893
7849	(-1, -1)	b' thousands'	-10.638291912286578
7850	(-1, -1)	b' wear'	-10.484336785581949
7851	(-1, -1)	b' crime'	-10.250873514377508
7852	(-1, -1)	b'\xe0\xb8\xb8'	-10.638565697367001
7853	(-1, -1)	b'\xe8\x82\x8c'	-10.638839557426223
7854	(-1, -1)	b'\xe8\x82\xa1\xe7\x9a\x84'	-10.695466429056456
7855	(-1, -1)	b' \xe0\xae\xa4'	-10.675663801760276
7856	(-1, -1)	b' planning'	-10.639250488190173
7857	(-1, -1)	b'\xe5\xbf\xab\xe4\xb9\x90'	-10.618639589088078
7858	(-1, -1)	b' Cons'	-10.596867854312544
7859	(-1, -1)	b' Senate'	-10.639250488190173
7860	(-1, -1)	b'\xe0\xa6\xac'	-10.587197104609626
7861	(-1, -1)	b'\xe7\x87\x95'	-10.640758680702012
7862	(-1, -1)	b' \xe0\xae\xae'	-10.640895901971524
7863	(-1, -1)	b'\xe7\xbb\x93\xe5\xa9\x9a'	-10.6411704010125
7864	(-1, -1)	b' markets'	-10.641444975423891
7865	(-1, -1)	b'\xe7\x8e\xb0\xe9\x87\x91'	-10.640484294639101
7866	(-1, -1)	b'\xe7\x9c\x8b\xe6\xb3\x95'	-10.641582290906427
7867	(-1, -1)	b'\xe4\xb8\xa4\xe5\xb2\xb8'	-10.641719625247095
7868	(-1, -1)	b' Office'	-10.235202102207321
7869	(-1, -1)	b'ila'	-10.706542030470292
7870	(-1, -1)	b' holding'	-10.510491391028822
7871	(-1, -1)	b'\xd9\xb9'	-10.446344418470865
7872	(-1, -1)	b'ustr'	-11.08647137369199
7873	(-1, -1)	b' \xe0\xae\x85'	-10.64226915129472
7874	(-1, -1)	b' tro'	-10.71389608626409
7875	(-1, -1)	b'inds'	-11.062965791756051
7876	(-1, -1)	b' minister'	-10.403445955006076
7877	(-1, -1)	b' \xe1\x8b\xad'	-10.642681494094871
7878	(-1, -1)	b'\xe6\x9c\x9f\xe8\xb4\xa7'	-10.642681494094871
7879	(-1, -1)	b'aph'	-10.382561661839155
7880	(-1, -1)	b' Times'	-10.640621478259593
7881	(-1, -1)	b'\xe6\x88\xbf\xe5\xb1\x8b'	-10.634194105705506
7882	(-1, -1)	b' Could'	-10.64323154911424
7883	(-1, -1)	b' \xe0\xb6\x85'	-10.64323154911424
7884	(-1, -1)	b'\xe6\x8f\x90\xe7\xa4\xba'	-10.64336911015717
7885	(-1, -1)	b'oooo'	-10.939108501919005
7886	(-1, -1)	b'\xe7\x94\x9f\xe7\x9a\x84'	-10.942442455738764
7887	(-1, -1)	b' particularly'	-10.643781906860658
7888	(-1, -1)	b' mobile'	-10.631471533917594
7889	(-1, -1)	b'\xe4\xbc\xb0\xe5\x80\xbc'	-10.651380202725047
7890	(-1, -1)	b'\xe7\xaf\x87'	-10.64447028026156
7891	(-1, -1)	b' ib'	-10.838567272697128
7892	(-1, -1)	b'\xe6\xae\x8b'	-10.644608011822964
7893	(-1, -1)	b'DC'	-10.66183544538196
7894	(-1, -1)	b'NA'	-10.394932513856151
7895	(-1, -1)	b'\xe7\xad\x89\xe7\xba\xa7'	-10.644745762356965
7896	(-1, -1)	b'\xe5\xb9\xb6\xe4\xb8\x8d\xe6\x98\xaf'	-10.600024505625038
7897	(-1, -1)	b' Florida'	-10.604513554621086
7898	(-1, -1)	b' display'	-10.477903638651384
7899	(-1, -1)	b' wild'	-10.645848450270213
7900	(-1, -1)	b'\xe0\xb8\x88'	-10.552182027384362
7901	(-1, -1)	b' Of'	-10.576203008229637
7902	(-1, -1)	b' reasons'	-10.645986371793086
7903	(-1, -1)	b'\xe5\xa5\xb9\xe4\xbb\xac'	-10.646124312340929
7904	(-1, -1)	b' spending'	-10.645848450270213
7905	(-1, -1)	b'\xe6\xa9\x9f'	-10.646400250532524
7906	(-1, -1)	b' push'	-9.903655016026303
7907	(-1, -1)	b'\xe6\x80\xbb\xe7\xbb\x9f'	-10.644608011822964
7908	(-1, -1)	b' pros'	-10.573890274319435
7909	(-1, -1)	b'\xe5\xa4\xa7\xe5\xa4\x9a\xe6\x95\xb0'	-10.616092841514943
7910	(-1, -1)	b'\xe4\xba\xba\xe6\x89\x8d'	-10.4912841199717
7911	(-1, -1)	b'\xe9\x99\x88\xe6\xb0\xb4\xe6\x89\x81'	-10.647228522252986
7912	(-1, -1)	b" company's"	-10.647228522252986
7913	(-1, -1)	b'\xe5\x90\x9b'	-10.647366634262044
7914	(-1, -1)	b'\xe5\x8f\x8d\xe5\xba\x94'	-10.641444975423891
7915	(-1, -1)	b' twice'	-10.647781084775678
7916	(-1, -1)	b' letter'	-10.344095381011359
7917	(-1, -1)	b' minute'	-10.645986371793086
7918	(-1, -1)	b' reached'	-10.64791927312662
7919	(-1, -1)	b'\xe5\xbc\x80\xe5\x90\xaf'	-10.648333952792525
7920	(-1, -1)	b' showing'	-10.634739510682211
7921	(-1, -1)	b' published'	-10.648887126641508
7922	(-1, -1)	b'\xe1\x80\x94'	-10.580327788504212
7923	(-1, -1)	b'\xe6\x80\xa7\xe5\x92\x8c'	-10.713010738707364
7924	(-1, -1)	b' window'	-10.285759124073419
7925	(-1, -1)	b'Also'	-10.648472217569793
7926	(-1, -1)	b' \xe0\xaa\xa4'	-10.649163828358825
7927	(-1, -1)	b'\xe6\x98\xbe\xe7\x84\xb6'	-10.64709042931622
7928	(-1, -1)	b'\xe5\xa2\xa8'	-10.649579024544984
7929	(-1, -1)	b'\xe8\xbf\x90\xe8\x90\xa5'	-10.649579024544984
7930	(-1, -1)	b'\xe8\x85\xbe'	-10.64971746159096
7931	(-1, -1)	b'\xe0\xa4\x9f'	-10.362935697382406
7932	(-1, -1)	b'\xd8\xa7\xda\xa9'	-10.588498510311263
7933	(-1, -1)	b' contribut'	-10.165605735918625
7934	(-1, -1)	b'coming'	-10.972959044897694
7935	(-1, -1)	b' losing'	-10.651102887138133
7936	(-1, -1)	b' revealed'	-10.651380202725047
7937	(-1, -1)	b' \xe0\xa6\x8f'	-10.651380202725047
7938	(-1, -1)	b' fully'	-10.651796320353633
7939	(-1, -1)	b' Sk'	-10.651102887138133
7940	(-1, -1)	b' exam'	-10.83422887109853
7941	(-1, -1)	b'\xe1\xb9\xa3'	-10.652212611208183
7942	(-1, -1)	b'\xe5\x90\x8c\xe6\x9c\x9f'	-10.569408545836968
7943	(-1, -1)	b'\xe8\xb6\xb3\xe5\xbd\xa9'	-10.652629075432985
7944	(-1, -1)	b'ailed'	-10.753034133805627
7945	(-1, -1)	b'\xe9\xad\x82'	-10.65318463100283
7946	(-1, -1)	b'ea'	-10.271810297546452
7947	(-1, -1)	b' individual'	-10.56928079112584
7948	(-1, -1)	b' Union'	-10.640484294639101
7949	(-1, -1)	b' Di'	-10.244760120013426
7950	(-1, -1)	b'\xe6\x84\x8f\xe8\xaf\x86'	-10.653462524571383
7951	(-1, -1)	b'\xe6\x9c\xac\xe5\x9c\xba'	-10.655131509659771
7952	(-1, -1)	b'VE'	-10.456449528585955
7953	(-1, -1)	b'\xe9\x84'	-10.654992321128681
7954	(-1, -1)	b'\xe5\x86\x9c\xe6\x9d\x91'	-10.655131509659771
7955	(-1, -1)	b' income'	-10.592805205385448
7956	(-1, -1)	b'\xe5\xa7\x94\xe4\xbc\x9a'	-10.651518889362812
7957	(-1, -1)	b'\xe8\xa2\x8b'	-10.656245715903173
7958	(-1, -1)	b' \xd9\xbe\xd8\xb1'	-10.551805355900216
7959	(-1, -1)	b'ien'	-10.570047564326346
7960	(-1, -1)	b' department'	-10.471975112132759
7961	(-1, -1)	b'\xe9\x80\xbc'	-10.656803284916782
7962	(-1, -1)	b' lic'	-10.599234408138585
7963	(-1, -1)	b' promot'	-10.300686221048307
7964	(-1, -1)	b' While'	-10.656663863515371
7965	(-1, -1)	b' Post'	-10.65708218604814
7966	(-1, -1)	b'\xe4\xb8\xbb\xe8\xa6\x81\xe6\x98\xaf'	-10.600947075706948
7967	(-1, -1)	b'\xe5\xbc\x80\xe5\xa5\x96'	-10.657361164987039
7968	(-1, -1)	b'lo'	-9.051053145561866
7969	(-1, -1)	b'\xe6\xa1\x88\xe4\xbb\xb6'	-10.657779779379533
7970	(-1, -1)	b' domin'	-10.632831893262193
7971	(-1, -1)	b'\xe2\x98\x85\xe2\x98\x85'	-11.185731921465804
7972	(-1, -1)	b' Ham'	-10.573633633743151
7973	(-1, -1)	b' Mill'	-10.527866228213005
7974	(-1, -1)	b' agreement'	-10.481875606490187
7975	(-1, -1)	b'\xe5\xae\xbf'	-10.659875483953753
7976	(-1, -1)	b'\xe7\x87\x83'	-10.660015353874954
7977	(-1, -1)	b'\xe8\x83\x9c\xe5\x88\xa9'	-10.672542789154518
7978	(-1, -1)	b' injuries'	-10.660155243362487
7979	(-1, -1)	b' professional'	-10.347159734788239
7980	(-1, -1)	b'\xe6\xb6\x89\xe5\x8f\x8a'	-10.660854984486834
7981	(-1, -1)	b' stopped'	-10.660854984486834
7982	(-1, -1)	b'can'	-10.47429583724024
7983	(-1, -1)	b' Str'	-10.249109763630193
7984	(-1, -1)	b' \xe0\xae\xb5'	-10.6615552155917
7985	(-1, -1)	b'\xe0\xb9\x83'	-10.561264971120771
7986	(-1, -1)	b' Fire'	-10.649025467929686
7987	(-1, -1)	b' passed'	-10.66183544538196
7988	(-1, -1)	b'41'	-10.045635292603416
7989	(-1, -1)	b'\xe7\x81\xa3'	-10.662536363613503
7990	(-1, -1)	b' Americans'	-10.662957150491161
7991	(-1, -1)	b'\xe6\x88\x91\xe6\x83\xb3'	-10.667315681116824
7992	(-1, -1)	b' Iran'	-10.62146198193
7993	(-1, -1)	b'\xe8\xbe\x83\xe4\xb8\xba'	-10.659595802788456
7994	(-1, -1)	b'\xe5\xbd\x93\xe4\xb8\xad'	-10.590714794381212
7995	(-1, -1)	b'\xe7\xb3\x96'	-10.663799255804083
7996	(-1, -1)	b' Sing'	-10.58511837188759
7997	(-1, -1)	b'\xe1\xbb\x81'	-10.664080115235784
7998	(-1, -1)	b'\xe7\x8e\xb0\xe5\xae\x9e'	-10.663237773476025
7999	(-1, -1)	b'\xe5\xaf\x92'	-10.664501552342536
8000	(-1, -1)	b'iki'	-10.185336699542626
8001	(-1, -1)	b'uwa'	-10.510250514236136
8002	(-1, -1)	b' cities'	-10.66464207085608
8003	(-1, -1)	b'\xd8\xb0'	-10.484336785581949
8004	(-1, -1)	b'\xe7\x94\xa8\xe7\x9a\x84'	-10.878832008913745
8005	(-1, -1)	b'\xe4\xb8\x80\xe5\x8f\xaa'	-10.507484593405987
8006	(-1, -1)	b' wearing'	-10.66464207085608
8007	(-1, -1)	b' pet'	-10.376327820530543
8008	(-1, -1)	b'\xd0\xba\xd0\xb0'	-10.078558810830637
8009	(-1, -1)	b' caused'	-10.665485596844519
8010	(-1, -1)	b'\xe7\x9a\x84\xe6\x8a\x95\xe8\xb5\x84'	-10.335767077744674
8011	(-1, -1)	b'\xe5\xa9\x86'	-10.666048343060833
8012	(-1, -1)	b'SE'	-10.183424154406051
8013	(-1, -1)	b'\xe1\x8b\xb3'	-10.595424379224298
8014	(-1, -1)	b'orthern'	-10.654853151968341
8015	(-1, -1)	b'\xe5\x8a\xa0\xe5\xbf\xab'	-10.666611406138772
8016	(-1, -1)	b'\xd1\x83\xd0\xbb'	-10.512179155142542
8017	(-1, -1)	b'\xe8\xb7\x8c\xe5\xb9\x85'	-10.6668930566124
8018	(-1, -1)	b'ipp'	-9.413969135275867
8019	(-1, -1)	b'\xe7\x8b\xbc'	-10.667456595652391
8020	(-1, -1)	b'\xe5\x88\xab\xe5\xa2\x85'	-10.667174786435364
8021	(-1, -1)	b' projects'	-10.667456595652391
8022	(-1, -1)	b' continues'	-10.667456595652391
8023	(-1, -1)	b'\xe6\x88\x96\xe8\xae\xb8'	-10.666611406138772
8024	(-1, -1)	b'mar'	-10.097426550331237
8025	(-1, -1)	b'\xe6\x99\xba\xe8\x83\xbd'	-10.66787945843972
8026	(-1, -1)	b' weather'	-10.652073828333767
8027	(-1, -1)	b'uga'	-10.30254341331273
8028	(-1, -1)	b'vi'	-9.559632823432711
8029	(-1, -1)	b' eventually'	-10.66858462735689
8030	(-1, -1)	b'\xe8\xbd\xa8'	-10.66872572083155
8031	(-1, -1)	b'\xe6\x80\xbb\xe6\x98\xaf'	-10.598971180972022
8032	(-1, -1)	b' trading'	-10.669431486969957
8033	(-1, -1)	b'\xec\xa7\x80'	-10.351671174819817
8034	(-1, -1)	b'\xe5\x85\xb1\xe6\x9c\x89'	-10.654853151968341
8035	(-1, -1)	b' spread'	-10.67056174987638
8036	(-1, -1)	b'\xe0\xa7\x8d\xe0\xa6\xb0'	-10.670985928037565
8037	(-1, -1)	b' forced'	-10.67155177895095
8038	(-1, -1)	b' basis'	-10.670985928037565
8039	(-1, -1)	b'150'	-10.166971739716795
8040	(-1, -1)	b' wey'	-10.650825648433834
8041	(-1, -1)	b'\xe6\x8b\x94'	-10.672826115406592
8042	(-1, -1)	b'idh'	-10.224647914528632
8043	(-1, -1)	b' II'	-10.676801134837095
8044	(-1, -1)	b'\xe5\x93\xa6'	-10.673251255354891
8045	(-1, -1)	b' George'	-10.601606575829777
8046	(-1, -1)	b'\xe6\x9d\xa5\xe4\xba\x86'	-11.002661315731817
8047	(-1, -1)	b' ele'	-10.271810297546452
8048	(-1, -1)	b'\xe8\xa7\x84\xe8\x8c\x83'	-10.67424395202579
8049	(-1, -1)	b'\xe6\x94\xbe\xe5\x9c\xa8'	-10.708302077859226
8050	(-1, -1)	b' Def'	-10.658617534245622
8051	(-1, -1)	b'MM'	-10.66773848430824
8052	(-1, -1)	b'\xe5\x9d\x87\xe4\xbb\xb7'	-10.674385846314783
8053	(-1, -1)	b'\xe7\x8d'	-10.674527760740624
8054	(-1, -1)	b' Edit'	-10.118120553426825
8055	(-1, -1)	b'\xe0\xa4\x9c'	-10.633512767531025
8056	(-1, -1)	b' traffic'	-10.470006721524415
8057	(-1, -1)	b'\xe4\xba\xa4\xe6\x98\x93\xe6\x89\x80'	-10.670703122605817
8058	(-1, -1)	b'\xe5\xa7\x9c'	-10.675948013784357
8059	(-1, -1)	b' PC'	-10.677370286816034
8060	(-1, -1)	b'\xe5\x8a\xa8\xe5\x8a\x9b'	-10.804537524110817
8061	(-1, -1)	b'\xe7\xa1\xae\xe4\xbf\x9d'	-10.675521726033674
8062	(-1, -1)	b'wu'	-10.548296580370538
8063	(-1, -1)	b' massive'	-10.675237635122674
8064	(-1, -1)	b'\xe9\xa1\xba\xe5\x88\xa9'	-10.676516680276793
8065	(-1, -1)	b' histor'	-10.643506690125744
8066	(-1, -1)	b' highest'	-10.677085670334819
8067	(-1, -1)	b'\xe5\x87\xba\xe7\x8e\xb0\xe4\xba\x86'	-10.588368293500087
8068	(-1, -1)	b' telling'	-10.677227968449609
8069	(-1, -1)	b'Your'	-10.663518475232253
8070	(-1, -1)	b' \xe1\x8a\xa5\xe1\x8a\x95'	-10.67751262543986
8071	(-1, -1)	b' tomorrow'	-10.674527760740624
8072	(-1, -1)	b' limited'	-10.678224622621949
8073	(-1, -1)	b'\xe4\xbf\xa1\xe8\xb4\xb7'	-10.678224622621949
8074	(-1, -1)	b'\xe6\x9c\xac\xe6\x8a\xa5\xe8\xae\xb0\xe8\x80\x85'	-10.677085670334819
8075	(-1, -1)	b'Wow'	-10.509889307802734
8076	(-1, -1)	b' owners'	-10.989545731815971
8077	(-1, -1)	b'\xe4\xb8\xbb\xe8\x83\x9c'	-10.584339959808846
8078	(-1, -1)	b' https'	-10.678937127105245
8079	(-1, -1)	b' Rec'	-10.703615484629722
8080	(-1, -1)	b'fortunately'	-10.650409934439072
8081	(-1, -1)	b' relative'	-10.490221232360563
8082	(-1, -1)	b' \xe0\xb6\xb8'	-10.67993548702558
8083	(-1, -1)	b'\xe5\xb3\xb6'	-10.680220915884373
8084	(-1, -1)	b'ifying'	-10.839236392829152
8085	(-1, -1)	b'\xe6\x88\x88'	-10.680792018127194
8086	(-1, -1)	b'\xe6\x9c\x89\xe7\x82\xb9'	-10.670703122605817
8087	(-1, -1)	b' Company'	-10.680792018127194
8088	(-1, -1)	b' OF'	-10.676516680276793
8089	(-1, -1)	b'\xe6\xb2\x88'	-10.681220558952267
8090	(-1, -1)	b' Law'	-10.73764804309275
8091	(-1, -1)	b'\xe5\xbf\x97\xe6\x84\xbf'	-10.681363446714172
8092	(-1, -1)	b' file'	-10.338704532376482
8093	(-1, -1)	b'\xe5\x9b\xbe\xe7\x89\x87'	-10.681363446714172
8094	(-1, -1)	b'\xe8\xaf\x84\xe4\xbb\xb7'	-10.681506354895909
8095	(-1, -1)	b'\xe5\x86\x85\xe9\x83\xa8'	-10.575045972682418
8096	(-1, -1)	b' talent'	-10.573890274319435
8097	(-1, -1)	b' aw\xe1\xbb\x8dn'	-10.681935202018485
8098	(-1, -1)	b'\xe5\x81\x9a\xe7\x9a\x84'	-10.706102502223526
8099	(-1, -1)	b'\xe9\x87\x8c\xe6\x96\xaf'	-10.706248990175153
8100	(-1, -1)	b'\xe8\xb9'	-10.683222847950743
8101	(-1, -1)	b'iled'	-11.08518657694138
8102	(-1, -1)	b'\xe6\x97\xb6\xe5\x88\xbb'	-10.682221202306435
8103	(-1, -1)	b'\xe4\xb8\x8d\xe5\xa5\xbd'	-10.52005273467091
8104	(-1, -1)	b' Miss'	-10.527988799764302
8105	(-1, -1)	b' camera'	-10.335059327854152
8106	(-1, -1)	b' meaning'	-10.6615552155917
8107	(-1, -1)	b' partner'	-9.903852002139418
8108	(-1, -1)	b' Chicago'	-10.676516680276793
8109	(-1, -1)	b'akan'	-10.567493936789528
8110	(-1, -1)	b' deliver'	-9.858030704653938
8111	(-1, -1)	b' bottom'	-10.678794585589786
8112	(-1, -1)	b'gl'	-10.467234396773165
8113	(-1, -1)	b'rie'	-10.70011489762444
8114	(-1, -1)	b'\xe5\xbe\x88\xe5\xa5\xbd'	-10.689253882888533
8115	(-1, -1)	b'Am'	-10.510130097594411
8116	(-1, -1)	b' \xe0\xaa\x85'	-10.685516098203287
8117	(-1, -1)	b'\xe0\xae\xb5'	-10.654853151968341
8118	(-1, -1)	b' Wil'	-10.648195707129762
8119	(-1, -1)	b' Africa'	-10.599102785894235
8120	(-1, -1)	b' mentioned'	-10.6860902334279
8121	(-1, -1)	b'\xe8\xae\xbe\xe7\xbd\xae'	-10.686521051270422
8122	(-1, -1)	b'\xe9\x80\x8a'	-10.68666469847314
8123	(-1, -1)	b'\xea\xb0\x80'	-10.410941509082862
8124	(-1, -1)	b'\xe5\xb8\xa6\xe6\x9d\xa5\xe7\x9a\x84'	-10.657361164987039
8125	(-1, -1)	b' FBI'	-10.685803124611686
8126	(-1, -1)	b' l\xc3\xa0'	-10.687814619542788
8127	(-1, -1)	b'Police'	-10.685085713001895
8128	(-1, -1)	b' tonight'	-10.685803124611686
8129	(-1, -1)	b'Sorry'	-10.687670807074
8130	(-1, -1)	b'itation'	-10.590584288671401
8131	(-1, -1)	b'\xe7\xab\x8b\xe5\x8d\xb3'	-10.65401854349035
8132	(-1, -1)	b' rat'	-10.945601428912985
8133	(-1, -1)	b' suspect'	-10.147009984108422
8134	(-1, -1)	b'heast'	-13.318137018556941
8135	(-1, -1)	b' Most'	-10.832232862451816
8136	(-1, -1)	b' warm'	-10.577876648787667
8137	(-1, -1)	b' document'	-10.690406786892874
8138	(-1, -1)	b'\xe6\x89\x80\xe8\xb0\x93'	-10.683222847950743
8139	(-1, -1)	b' blog'	-10.690695220699315
8140	(-1, -1)	b' \xe1\x8a\xad'	-10.69098373772382
8141	(-1, -1)	b'\xe9\x85\xb7'	-10.691128027457857
8142	(-1, -1)	b' claimed'	-10.691272338014425
8143	(-1, -1)	b'\xe4\xbe\x86'	-10.691416669399535
8144	(-1, -1)	b' Jackson'	-10.688246181082969
8145	(-1, -1)	b' videos'	-10.6915610216192
8146	(-1, -1)	b' update'	-10.270767198499714
8147	(-1, -1)	b'\xe4\xb8\x8d\xe8\xb4\xa5'	-10.690550993396837
8148	(-1, -1)	b' dropped'	-10.691705394679438
8149	(-1, -1)	b'\xe0\xa4\xa7'	-10.498994258397667
8150	(-1, -1)	b'rol'	-10.532411411395563
8151	(-1, -1)	b'\xe8\x8c\xb6'	-10.69257207103009
8152	(-1, -1)	b' Ha'	-10.40085191982903
8153	(-1, -1)	b' cook'	-10.400636053665213
8154	(-1, -1)	b'asc'	-10.641307678794307
8155	(-1, -1)	b'\xe8\xb1\x86'	-10.693873495550411
8156	(-1, -1)	b' confirm'	-10.498280057676915
8157	(-1, -1)	b' cards'	-10.694742053798413
8158	(-1, -1)	b' glass'	-10.694886886878542
8159	(-1, -1)	b'\xe8\x8c\xa8'	-10.695031740938331
8160	(-1, -1)	b'rim'	-10.261427948504235
8161	(-1, -1)	b'\xe5\x86\xb2\xe5\x87\xbb'	-10.695176615983858
8162	(-1, -1)	b' consist'	-10.575817180946864
8163	(-1, -1)	b'ios'	-10.420253073322458
8164	(-1, -1)	b'\xe8\xb6\x85\xe7\xba\xa7'	-10.696046307298277
8165	(-1, -1)	b'\xe8\xbf\x9f'	-10.696046307298277
8166	(-1, -1)	b'\xe8\xab'	-10.696336372564996
8167	(-1, -1)	b'icial'	-10.644332567667526
8168	(-1, -1)	b'\xe6\x80\xbb\xe7\x90\x86'	-10.697207073534239
8169	(-1, -1)	b'\xe0\xb6\x9c'	-10.287106962921927
8170	(-1, -1)	b'\xe8\xbc'	-10.697207073534239
8171	(-1, -1)	b'\xe7\x82\x8e'	-10.697352264097107
8172	(-1, -1)	b'\xe0\xb8\xad\xe0\xb8\x87'	-10.731018517531183
8173	(-1, -1)	b'\xe6\x83\x9c'	-10.697642708479052
8174	(-1, -1)	b'\xe9\xa2\x97'	-10.697787962310375
8175	(-1, -1)	b' expensive'	-10.696916755634101
8176	(-1, -1)	b' sector'	-10.451781676995454
8177	(-1, -1)	b'LA'	-10.467811330960979
8178	(-1, -1)	b'\xe5\xbf\x83\xe7\x9a\x84'	-11.028610875584993
8179	(-1, -1)	b'\xe6\x8e\x98'	-10.698950753139066
8180	(-1, -1)	b'\xe7\x9b\xae\xe5\x89\x8d\xe7\x9a\x84'	-10.709771154074666
8181	(-1, -1)	b'\xe8\xb4\xbe'	-10.699241662232026
8182	(-1, -1)	b' Game'	-10.195481967598784
8183	(-1, -1)	b' jed'	-10.688677928948925
8184	(-1, -1)	b'\xe5\xa4\xa7\xe7\xba\xa6'	-10.681220558952267
8185	(-1, -1)	b'His'	-10.68479889240621
8186	(-1, -1)	b' Did'	-10.695031740938331
8187	(-1, -1)	b'\xe1\x8a\xab'	-10.277614586166864
8188	(-1, -1)	b'\xe4\xb8\x87\xe4\xba\xba'	-10.699241662232026
8189	(-1, -1)	b'\xe4\xbd\x86\xe5\x9c\xa8'	-10.783110417169507
8190	(-1, -1)	b'69'	-10.085464590452773
8191	(-1, -1)	b'Sc'	-10.557217918676564
8192	(-1, -1)	b' physical'	-10.441386103151443
8193	(-1, -1)	b'\xe1\x8a\xad'	-10.700406145624168
8194	(-1, -1)	b'\xe7\xab\x9e\xe6\x8a\x80'	-10.699969305427924
8195	(-1, -1)	b' \xe0\xa8\xae'	-10.700843176733171
8196	(-1, -1)	b' cheap'	-10.293970540545422
8197	(-1, -1)	b'\xe6\xb7\xb1\xe5\x85\xa5'	-10.702155417207251
8198	(-1, -1)	b'\xe8\xa9\xb2'	-10.702301328055983
8199	(-1, -1)	b'aded'	-10.655967047934254
8200	(-1, -1)	b' Robert'	-10.341854141279379
8201	(-1, -1)	b' civil'	-10.47012240201503
8202	(-1, -1)	b' surprised'	-10.703031201820227
8203	(-1, -1)	b' miles'	-10.558986489122388
8204	(-1, -1)	b'\xe6\xb2\x83\xe5\xb0\x94'	-10.703615484629722
8205	(-1, -1)	b'\xd8\xa7\xd8\xb3'	-10.685372615887237
8206	(-1, -1)	b'-e'	-10.609022846081585
8207	(-1, -1)	b' Research'	-10.640758680702012
8208	(-1, -1)	b'\xe8\x82\xa1\xe4\xb8\x9c'	-10.69358414369654
8209	(-1, -1)	b'\xe6\x91\xb8'	-10.704638801728013
8210	(-1, -1)	b" year's"	-10.704931370483756
8211	(-1, -1)	b'\xe0\xae\xbf\xe0\xae\xaf'	-10.705077686966568
8212	(-1, -1)	b' Ty'	-10.586677016182872
8213	(-1, -1)	b'zen'	-9.99697125569656
8214	(-1, -1)	b'\xe6\xb5\x93'	-10.705956035727475
8215	(-1, -1)	b'\xe8\xb5\xa0'	-10.705956035727475
8216	(-1, -1)	b'\xe6\x96\xb0\xe5\xa2\x9e'	-10.659176427651255
8217	(-1, -1)	b'\xe7\x9b\x91\xe7\x9d\xa3'	-10.707128368804298
8218	(-1, -1)	b' attend'	-10.078637018315133
8219	(-1, -1)	b'alo'	-10.662816868524178
8220	(-1, -1)	b' commercial'	-10.667315681116824
8221	(-1, -1)	b' agreed'	-10.708302077859226
8222	(-1, -1)	b'\xe0\xa4\xbf\xe0\xa4\xaf'	-10.708302077859226
8223	(-1, -1)	b'\xe4\xbc\x9a\xe5\x9c\xa8'	-10.81919099373399
8224	(-1, -1)	b'illa'	-10.596605249269018
8225	(-1, -1)	b'\xe6\x8a\xbc'	-10.708448888400488
8226	(-1, -1)	b' boost'	-10.663518475232253
8227	(-1, -1)	b' minor'	-10.60995375910845
8228	(-1, -1)	b'\xe6\xb0\x9b'	-10.709183264580956
8229	(-1, -1)	b'\xe5\xa5\x88'	-10.709183264580956
8230	(-1, -1)	b'\xe6\xad\xa6\xe5\x99\xa8'	-10.709771154074666
8231	(-1, -1)	b' older'	-10.709771154074666
8232	(-1, -1)	b' Den'	-10.653323568134002
8233	(-1, -1)	b'\xe7\xb5\xb1'	-10.710506502295168
8234	(-1, -1)	b'\xe5\x8d\x8a\xe7\x90\x83'	-10.710506502295168
8235	(-1, -1)	b' write'	-9.961566821613419
8236	(-1, -1)	b' plenty'	-10.699241662232026
8237	(-1, -1)	b' systems'	-10.710653636849983
8238	(-1, -1)	b'\xe6\xa5\xad'	-10.711095170450504
8239	(-1, -1)	b' Muslim'	-10.709771154074666
8240	(-1, -1)	b' \xe1\xba\xb9'	-10.711242391650623
8241	(-1, -1)	b'ooper'	-10.4947166853353
8242	(-1, -1)	b' speech'	-10.632968031033828
8243	(-1, -1)	b' offered'	-10.71168418534016
8244	(-1, -1)	b'\xe5\x8d\x83\xe4\xb8\x87'	-10.689974292112112
8245	(-1, -1)	b' Chris'	-10.677939762913429
8246	(-1, -1)	b'ato'	-10.288842572267072
8247	(-1, -1)	b' bigger'	-10.71183149328769
8248	(-1, -1)	b'\xe7\xa5\x9e\xe7\xa7\x98'	-10.712420942170066
8249	(-1, -1)	b'lined'	-10.486921677163398
8250	(-1, -1)	b' enter'	-10.003261721470176
8251	(-1, -1)	b'win'	-10.345115789263165
8252	(-1, -1)	b'\xe5\x9b\x9b\xe5\xb7\x9d'	-10.712863256957965
8253	(-1, -1)	b' 2010'	-10.71183149328769
8254	(-1, -1)	b' written'	-10.712568358695727
8255	(-1, -1)	b'\xe7\x8b\xac\xe7\x89\xb9'	-10.712863256957965
8256	(-1, -1)	b'\xe6\x95\xb0\xe7\xa0\x81\xe7\x9b\xb8\xe6\x9c\xba'	-10.71315824221084
8257	(-1, -1)	b' pictures'	-10.713453314505694
8258	(-1, -1)	b'-P'	-10.720709917989023
8259	(-1, -1)	b'\xe8\xa1\xa8\xe6\xbc\x94'	-10.672259543153475
8260	(-1, -1)	b' instit'	-10.71389608626409
8261	(-1, -1)	b'\xe9\x96\x8b'	-10.71419137638878
8262	(-1, -1)	b'\xe5\xbf\xbd'	-10.71419137638878
8263	(-1, -1)	b' Mur'	-10.677939762913429
8264	(-1, -1)	b'64'	-9.969599554359688
8265	(-1, -1)	b' reality'	-10.714339054156161
8266	(-1, -1)	b'\xe5\xb8\xbd'	-10.714634475133199
8267	(-1, -1)	b' fighting'	-10.714634475133199
8268	(-1, -1)	b'\xe5\xae\xb6\xe7\x9a\x84'	-10.922603450916615
8269	(-1, -1)	b'Does'	-10.714929983409581
8270	(-1, -1)	b'\xe5\x9c\xa8\xe7\xba\xbf'	-10.705809590680717
8271	(-1, -1)	b'\xe7\x88\xb1\xe7\x9a\x84'	-11.000692811159146
8272	(-1, -1)	b' Korean'	-10.629163161652155
8273	(-1, -1)	b'arc'	-10.154575588453357
8274	(-1, -1)	b'\xe8\xbf\x81'	-10.715373409623336
8275	(-1, -1)	b'\xe5\xae\xb6\xe4\xba\xba'	-10.634466771010535
8276	(-1, -1)	b'\xe6\x9b\x9d\xe5\x85\x89'	-10.715964950604796
8277	(-1, -1)	b' hang'	-10.69358414369654
8278	(-1, -1)	b'\xe4\xb8\xaa\xe6\x80\xa7'	-10.577232609350194
8279	(-1, -1)	b' AM'	-10.732822215600224
8280	(-1, -1)	b'Where'	-10.710065228477609
8281	(-1, -1)	b' afford'	-10.70933020455624
8282	(-1, -1)	b'itar'	-10.584210283351425
8283	(-1, -1)	b'Trump'	-10.716556841714116
8284	(-1, -1)	b' transfer'	-10.608889929220885
8285	(-1, -1)	b'\xe6\x97\xa5\xe5\x85\x83'	-10.64502132036367
8286	(-1, -1)	b'\xd0\xbe\xd0\xb3\xd0\xbe'	-10.538091140209078
8287	(-1, -1)	b' obviously'	-10.71788987901438
8288	(-1, -1)	b' ST'	-10.792488217755455
8289	(-1, -1)	b' okay'	-10.717297198599935
8290	(-1, -1)	b' district'	-10.475574535467361
8291	(-1, -1)	b'HA'	-10.447361655066072
8292	(-1, -1)	b'\xe8\xa1\xab'	-10.718779558788366
8293	(-1, -1)	b' fear'	-10.348797904500344
8294	(-1, -1)	b' kwa'	-10.617834652098011
8295	(-1, -1)	b'\xe5\xa8\x81\xe5\xbb\x89'	-10.719224695675308
8296	(-1, -1)	b'\xe6\x81\xb0'	-10.719224695675308
8297	(-1, -1)	b'\xe7\xb4\xa7\xe5\xbc\xa0'	-10.719224695675308
8298	(-1, -1)	b' \xe0\xaa\x9c'	-10.719373118681146
8299	(-1, -1)	b'\xec\x95'	-10.719373118681146
8300	(-1, -1)	b' central'	-10.698805330321969
8301	(-1, -1)	b'\xe5\x89\x8d\xe6\x99\xaf'	-10.60517541181647
8302	(-1, -1)	b'\xe7\x89\xa9\xe8\xb4\xa8'	-10.697497475743337
8303	(-1, -1)	b'\xe5\xbe\x88\xe6\x9c\x89'	-10.732220621357385
8304	(-1, -1)	b'\x9e\xe1\x80'	-10.654296668926714
8305	(-1, -1)	b' drugs'	-10.7028851844439
8306	(-1, -1)	b' standard'	-10.720561296453488
8307	(-1, -1)	b' guard'	-10.52725359571207
8308	(-1, -1)	b'\xe7\xba\xa2\xe7\x90\x83'	-10.7208585616162
8309	(-1, -1)	b'\xe5\xaf\xbc\xe8\xaf\xad'	-10.7208585616162
8310	(-1, -1)	b'\xe6\x8b\x85\xe4\xbb\xbb'	-10.72145335717277
8311	(-1, -1)	b'gun'	-10.359304799674888
8312	(-1, -1)	b'acks'	-10.901190127109373
8313	(-1, -1)	b' Christmas'	-10.710800793056562
8314	(-1, -1)	b'\xec\x8b'	-10.249759204669857
8315	(-1, -1)	b'\xe5\x88\xb0\xe7\x9a\x84'	-11.058788676242166
8316	(-1, -1)	b'\xe7\x94\xb3\xe8\xb4\xad'	-10.723090871494763
8317	(-1, -1)	b'\xe9\x80\x86'	-10.723686996698707
8318	(-1, -1)	b'\xe8\xa5\xbf\xe9\x83\xa8'	-10.668161466337809
8319	(-1, -1)	b'\xd0\xb8\xd0\xbd\xd0\xb3'	-10.699096197107034
8320	(-1, -1)	b'\xe5\xbf\xa0'	-10.723985192615633
8321	(-1, -1)	b' propos'	-10.614220432247826
8322	(-1, -1)	b'Photo'	-10.611418375574244
8323	(-1, -1)	b'\xe5\xae\xbd\xe6\x9d\xbe'	-10.724731071668636
8324	(-1, -1)	b'lan'	-9.867674345619918
8325	(-1, -1)	b' Trans'	-10.722792942101826
8326	(-1, -1)	b' Bowl'	-10.61890804546553
8327	(-1, -1)	b' mi'	-10.743105082555807
8328	(-1, -1)	b' terrible'	-10.723686996698707
8329	(-1, -1)	b' Virginia'	-10.708742574158839
8330	(-1, -1)	b' Year'	-10.567366426429139
8331	(-1, -1)	b' helping'	-10.723388889676079
8332	(-1, -1)	b'\xe5\xbb\xba\xe6\x9d\x90'	-10.725626861516533
8333	(-1, -1)	b' Ber'	-10.713453314505694
8334	(-1, -1)	b'acing'	-10.720412697003033
8335	(-1, -1)	b'\xe6\xb1\x9f\xe8\x8b\x8f'	-10.726523454523399
8336	(-1, -1)	b'\xe7\x9a\x84\xe6\x9c\xba\xe4\xbc\x9a'	-10.568131732588942
8337	(-1, -1)	b' analysis'	-10.726672964877269
8338	(-1, -1)	b' drink'	-10.44679639587969
8339	(-1, -1)	b'\xe5\x8e\x9f\xe5\x88\x99'	-10.692861130144692
8340	(-1, -1)	b' \xd8\xa8\xd8\xb1'	-10.571967073521515
8341	(-1, -1)	b'\xe7\xa7\x81\xe5\x8b\x9f'	-10.727420852130736
8342	(-1, -1)	b'\xe5\xb7\x9e\xe5\xb8\x82'	-10.900478256639731
8343	(-1, -1)	b'\xe5\x81\x9a\xe5\x87\xba'	-10.440262633760158
8344	(-1, -1)	b' lines'	-10.727869853111114
8345	(-1, -1)	b" You're"	-10.727869853111114
8346	(-1, -1)	b'\xe0\xa6\xaf\xe0\xa6\xbc'	-10.571967073521515
8347	(-1, -1)	b'\xe0\xb9\x81'	-10.382137798316862
8348	(-1, -1)	b'\xe8\x8f\x8c'	-10.728768460330487
8349	(-1, -1)	b'\xe6\xa2\xaf'	-10.729517917009499
8350	(-1, -1)	b' Justice'	-10.711095170450504
8351	(-1, -1)	b' Nigeria'	-10.325002927737655
8352	(-1, -1)	b' \xd8\xa7\xdb\x8c'	-10.327006133535738
8353	(-1, -1)	b' funding'	-10.729817857023747
8354	(-1, -1)	b'-and'	-10.727420852130736
8355	(-1, -1)	b' watched'	-10.730568100888181
8356	(-1, -1)	b'\xe5\x8f\xac\xe5\xbc\x80'	-10.717297198599935
8357	(-1, -1)	b'\xe5\x9c\xb0\xe5\x9d\x80'	-10.730718217228628
8358	(-1, -1)	b'aked'	-10.860546179415904
8359	(-1, -1)	b' choose'	-10.648472217569793
8360	(-1, -1)	b'pects'	-11.170002051417246
8361	(-1, -1)	b'Who'	-10.519687970851436
8362	(-1, -1)	b'\xe6\xbc\x86'	-10.731769663063384
8363	(-1, -1)	b'anted'	-10.842756637852405
8364	(-1, -1)	b' selling'	-10.731769663063384
8365	(-1, -1)	b' Williams'	-10.63255967330679
8366	(-1, -1)	b'\xe7\x8e\xb0\xe5\x9c\xa8\xe7\x9a\x84'	-10.733574717705114
8367	(-1, -1)	b'\xe5\x9c\xa8\xe4\xb8\xad\xe5\x9b\xbd'	-10.53142691709995
8368	(-1, -1)	b'Mr'	-10.616092841514943
8369	(-1, -1)	b'\xe5\x95\x86\xe5\x8a\xa1'	-10.73252137323935
8370	(-1, -1)	b' AND'	-10.72966787577112
8371	(-1, -1)	b'elling'	-10.762287747029898
8372	(-1, -1)	b'\xe4\xb9\x9f\xe6\xb2\xa1\xe6\x9c\x89'	-10.73312314849446
8373	(-1, -1)	b'\xe8\x87\xaa\xe6\xb2\xbb'	-10.733424171976566
8374	(-1, -1)	b'\xe4\xbe\xb5'	-10.733725286101093
8375	(-1, -1)	b' rating'	-10.411050554391295
8376	(-1, -1)	b'ils'	-10.892151518831236
8377	(-1, -1)	b'\xe5\xbe\x8b\xe5\xb8\x88'	-10.73252137323935
8378	(-1, -1)	b' burn'	-10.467465130507462
8379	(-1, -1)	b'\xe7\x88\xb8'	-10.73447846833147
8380	(-1, -1)	b'\xe5\xb0\xb1\xe5\x83\x8f'	-10.734629172875499
8381	(-1, -1)	b' upgr'	-10.734629172875499
8382	(-1, -1)	b' books'	-10.726822497587827
8383	(-1, -1)	b'\xe9\x8e\xae'	-10.735835627553579
8384	(-1, -1)	b'\xcc\x80'	-10.736137468787383
8385	(-1, -1)	b'rial'	-10.632151482267718
8386	(-1, -1)	b' forces'	-10.735986536781965
8387	(-1, -1)	b'\xe6\x9c\xac\xe5\x9c\xba\xe6\xaf\x94\xe8\xb5\x9b'	-10.736590401534615
8388	(-1, -1)	b'\xe5\x8f\x97\xe4\xbc\xa4'	-10.758576019910532
8389	(-1, -1)	b'\xe5\x8e\xa6'	-10.736892470710751
8390	(-1, -1)	b'\xe4\xbc\xb8'	-10.737345745629746
8391	(-1, -1)	b' brain'	-10.627672343459118
8392	(-1, -1)	b' extremely'	-10.738252912308228
8393	(-1, -1)	b'\xe4\xbe\x8b\xe5\xa6\x82'	-10.738404186796075
8394	(-1, -1)	b'\xe7\x90\x86\xe8\xae\xba'	-10.738101660700892
8395	(-1, -1)	b'\xe3\x82\x8c'	-10.739463749447234
8396	(-1, -1)	b'\xe9\x82\x80\xe8\xaf\xb7'	-10.739766687953034
8397	(-1, -1)	b'\xe5\x8c\xba\xe7\x9a\x84'	-10.814445832249085
8398	(-1, -1)	b'oday'	-10.71389608626409
8399	(-1, -1)	b' und'	-11.048009135710277
8400	(-1, -1)	b'\xe5\xaf\xb9\xe8\xb1\xa1'	-10.73991819162729
8401	(-1, -1)	b'\xe7\xa7\x91\xe5\xad\xa6\xe5\xae\xb6'	-10.715964950604796
8402	(-1, -1)	b'\xe5\x9f\xba\xe5\x9c\xb0'	-10.737950431967144
8403	(-1, -1)	b' Mel'	-10.645296954323518
8404	(-1, -1)	b' implement'	-10.727570496725104
8405	(-1, -1)	b' writing'	-10.714339054156161
8406	(-1, -1)	b'\xc3\xb3n'	-10.734026490922647
8407	(-1, -1)	b'\xe5\x9c\xba\xe7\x9a\x84'	-11.118918422613858
8408	(-1, -1)	b'\xe6\x84\x8f\xe5\xa4\x96'	-10.743409126340454
8409	(-1, -1)	b'\xd9\x87\xd8\xa7'	-10.602134489264236
8410	(-1, -1)	b' Roy'	-10.743105082555807
8411	(-1, -1)	b'\xe7\xbb\xb4\xe6\x8a\xa4'	-10.743257092892804
8412	(-1, -1)	b' shots'	-10.742953095322443
8413	(-1, -1)	b'fr'	-9.682180508290969
8414	(-1, -1)	b' Jeff'	-10.743409126340454
8415	(-1, -1)	b' considering'	-10.743409126340454
8416	(-1, -1)	b' Ok'	-10.697207073534239
8417	(-1, -1)	b'\xe4\xb8\x93\xe9\x97\xa8'	-10.74401749137823
8418	(-1, -1)	b'\xe0\xa6\xae'	-10.70449254944256
8419	(-1, -1)	b' feature'	-10.386490939979044
8420	(-1, -1)	b' download'	-10.744169640484648
8421	(-1, -1)	b'mi'	-9.851777557714936
8422	(-1, -1)	b'\xe5\x9c\xa8\xe4\xb8\x80\xe8\xb5\xb7'	-10.675663801760276
8423	(-1, -1)	b'\xd0\xbd\xd0\xb8'	-10.424996862901326
8424	(-1, -1)	b' IT'	-10.7524202602443
8425	(-1, -1)	b'\xe4\xbf\x8a'	-10.745844810296928
8426	(-1, -1)	b'\xe4\xb8\x8d\xe7\xae\xa1'	-10.725477507472494
8427	(-1, -1)	b' Apple'	-10.730718217228628
8428	(-1, -1)	b'\xe5\x8e\xa8'	-10.746454659378186
8429	(-1, -1)	b'\xe5\x85\x84\xe5\xbc\x9f'	-10.746454659378186
8430	(-1, -1)	b'SD'	-10.294746862758112
8431	(-1, -1)	b' restr'	-10.666752221459712
8432	(-1, -1)	b' learned'	-10.74706488060231
8433	(-1, -1)	b' sweet'	-10.675095619926807
8434	(-1, -1)	b' posts'	-10.745692406120758
8435	(-1, -1)	b'\xe7\xaa\x81\xe5\x87\xba'	-10.523951850126204
8436	(-1, -1)	b' criminal'	-10.528111386341225
8437	(-1, -1)	b'\xe5\x8a\x9e\xe5\x85\xac\xe5\xae\xa4'	-10.748286441297806
8438	(-1, -1)	b' committee'	-10.657500683647887
8439	(-1, -1)	b' \xec\xa0'	-10.748286441297806
8440	(-1, -1)	b'\xe7\x9a\x84\xe7\x83\xad'	-11.04862788379643
8441	(-1, -1)	b' random'	-10.747522791012509
8442	(-1, -1)	b'\xe8\x83\xb6'	-10.748744911543477
8443	(-1, -1)	b'\xe8\xb4\xba'	-10.748744911543477
8444	(-1, -1)	b' \xd0\x9f'	-10.748897781680594
8445	(-1, -1)	b'\xe5\xbe\xa1'	-10.749050675190562
8446	(-1, -1)	b'\xe5\x88\xab\xe4\xba\xba'	-10.551805355900216
8447	(-1, -1)	b'\xe6\x88\x98\xe4\xba\x89'	-10.749509496029077
8448	(-1, -1)	b'ema'	-11.591315351765433
8449	(-1, -1)	b' Feb'	-10.717593494898399
8450	(-1, -1)	b'\xe9\x87\x8f\xe7\x9a\x84'	-10.916257676743696
8451	(-1, -1)	b'\xe5\xbc\xba\xe7\x83\x88'	-10.748897781680594
8452	(-1, -1)	b' population'	-10.621058294916512
8453	(-1, -1)	b' aware'	-10.38192593390929
8454	(-1, -1)	b'\xe0\xa4\xa8\xe0\xa5\x87'	-10.070691194784995
8455	(-1, -1)	b'\xe7\xa7\xbb\xe5\x8a\xa8'	-10.74264919013852
8456	(-1, -1)	b' tournament'	-10.614888747450138
8457	(-1, -1)	b'\xe5\x9c\xa8\xe4\xba\x8e'	-10.601342723585502
8458	(-1, -1)	b'\xe5\x80\x8d\xe5\x85\x89\xe5\xad\xa6\xe5\x8f\x98\xe7\x84\xa6'	-10.75119364248854
8459	(-1, -1)	b'\xe1\x8b\x9d'	-10.75119364248854
8460	(-1, -1)	b'\xe8\xaf\x91'	-10.751346887450913
8461	(-1, -1)	b'\xe9\xac\xbc'	-10.751346887450913
8462	(-1, -1)	b'\xd0\xbb\xd0\xb0'	-10.609687695517684
8463	(-1, -1)	b'\xcc\x81'	-10.751500155900901
8464	(-1, -1)	b' attacks'	-10.751806763292542
8465	(-1, -1)	b' keeping'	-10.751806763292542
8466	(-1, -1)	b'\xe0\xaf\x87'	-10.751960102248603
8467	(-1, -1)	b'\xe6\xb3\x89'	-10.752113464721107
8468	(-1, -1)	b' Prime'	-10.696336372564996
8469	(-1, -1)	b'\xe4\xbf\x84\xe7\xbd\x97\xe6\x96\xaf'	-10.7524202602443
8470	(-1, -1)	b'\xe8\x8a\xb3'	-10.752573693309426
8471	(-1, -1)	b' connect'	-10.414327455193611
8472	(-1, -1)	b' \xda\xa9\xdb\x81'	-10.753034133805627
8473	(-1, -1)	b' g\xc3\xb6'	-10.75334121195943
8474	(-1, -1)	b' defe'	-10.720709917989023
8475	(-1, -1)	b'Add'	-10.743257092892804
8476	(-1, -1)	b'\xe6\x91\x87'	-10.753802006069419
8477	(-1, -1)	b'-th'	-10.757496022891262
8478	(-1, -1)	b' bomb'	-10.382773660991953
8479	(-1, -1)	b'\xe1\xba\xa5'	-10.722197349469567
8480	(-1, -1)	b' \xe0\xa4\xaa\xe0\xa5\x8d\xe0\xa4\xb0'	-10.754109320146823
8481	(-1, -1)	b' organization'	-10.248738843744635
8482	(-1, -1)	b'\xe7\xa1\xae\xe8\xae\xa4'	-10.73327364890862
8483	(-1, -1)	b' witness'	-10.754878018777955
8484	(-1, -1)	b'\xe5\xb0\x96'	-10.755031829437337
8485	(-1, -1)	b'\xe6\x8f\x90\xe4\xbe\x9b\xe7\x9a\x84'	-10.711978822938047
8486	(-1, -1)	b' NBA'	-10.75119364248854
8487	(-1, -1)	b'\xe4\xbf\x83\xe9\x94\x80'	-10.752113464721107
8488	(-1, -1)	b' designed'	-10.755647308761276
8489	(-1, -1)	b' modern'	-10.747522791012509
8490	(-1, -1)	b'\xe5\x87\xa0\xe5\xb9\xb4'	-10.4103964608326
8491	(-1, -1)	b'72'	-10.095118091594651
8492	(-1, -1)	b'\xe6\xb3\xa8\xe5\x86\x8c'	-10.755339521747457
8493	(-1, -1)	b'ERS'	-10.75965718458454
8494	(-1, -1)	b'\xe8\x90\xa5\xe4\xb8\x9a'	-10.754724231772654
8495	(-1, -1)	b'DS'	-10.596473972603256
8496	(-1, -1)	b' Because'	-10.75718766642875
8497	(-1, -1)	b' Government'	-10.735533877400414
8498	(-1, -1)	b'\xe7\x9c\x8b\xe7\x9c\x8b'	-10.740372840418935
8499	(-1, -1)	b' yards'	-10.753187661095405
8500	(-1, -1)	b'\xe5\xb9\xb3\xe6\x96\xb9\xe5\x85\xac\xe9\x87\x8c'	-10.757496022891262
8501	(-1, -1)	b'\xe5\xba\x94\xe5\xbd\x93'	-10.755955190537106
8502	(-1, -1)	b'IA'	-10.610619227955794
8503	(-1, -1)	b' broke'	-10.441273699397039
8504	(-1, -1)	b' click'	-10.524073942794692
8505	(-1, -1)	b'\xe6\xa3\x92'	-10.758267330295485
8506	(-1, -1)	b' defend'	-10.020011061650894
8507	(-1, -1)	b'\xe5\xb8\x82\xe6\xb0\x91'	-10.741738028344274
8508	(-1, -1)	b' highly'	-10.758730400458889
8509	(-1, -1)	b' \xeb\xb0'	-10.758730400458889
8510	(-1, -1)	b' \xec\x95'	-10.75888480484428
8511	(-1, -1)	b' homes'	-10.762907709851987
8512	(-1, -1)	b'\xe8\xae\xa9\xe6\x88\x91\xe4\xbb\xac'	-10.710800793056562
8513	(-1, -1)	b'\xe5\xb0\x98'	-10.759502660903479
8514	(-1, -1)	b'\xe5\x9f\xb9\xe8\xae\xad'	-10.759348161096296
8515	(-1, -1)	b' upon'	-10.759966303597821
8516	(-1, -1)	b'\xe5\xa6\x82\xe6\x9e\x9c\xe4\xbd\xa0'	-10.683938923885387
8517	(-1, -1)	b' culture'	-10.635148759715955
8518	(-1, -1)	b' opportunities'	-10.760275518195213
8519	(-1, -1)	b' sam'	-11.123354987122545
8520	(-1, -1)	b' \xe0\xb6\xaf'	-10.760430161356428
8521	(-1, -1)	b'\xe7\x9a\x84\xe5\xa5\xbd'	-10.803245325578564
8522	(-1, -1)	b' names'	-10.760894234378911
8523	(-1, -1)	b'aki'	-10.931372231984517
8524	(-1, -1)	b'\xe7\x93\x9c'	-10.76120373608364
8525	(-1, -1)	b'abb'	-10.282397453520593
8526	(-1, -1)	b' Other'	-10.76120373608364
8527	(-1, -1)	b'cul'	-10.359408356864439
8528	(-1, -1)	b'These'	-10.76120373608364
8529	(-1, -1)	b' Mer'	-10.436116737295626
8530	(-1, -1)	b' College'	-10.735081422826676
8531	(-1, -1)	b'\xe4\xb9\x8b\xe4\xb8\xad'	-10.701280398921876
8532	(-1, -1)	b' toward'	-10.762907709851987
8533	(-1, -1)	b'\xe2\x96'	-10.763062760631428
8534	(-1, -1)	b'\xe6\x84\x9f\xe8\xb0\xa2'	-10.764459300543407
8535	(-1, -1)	b'\xe5\xae\xa0\xe7\x89\xa9'	-10.76383837534494
8536	(-1, -1)	b' \xd8\xa7\xd8\xb3'	-10.764148789750662
8537	(-1, -1)	b' \xe0\xa8\x9c'	-10.764304033094916
8538	(-1, -1)	b'\xe5\x91\x98\xe5\xb7\xa5'	-10.766946864015209
8539	(-1, -1)	b' Daily'	-10.764769907783053
8540	(-1, -1)	b' funds'	-10.76523599961158
8541	(-1, -1)	b' subject'	-10.541564227302286
8542	(-1, -1)	b'\xe6\x97\xa5\xe7\x9a\x84'	-10.763993570503164
8543	(-1, -1)	b'\xe8\xb5\x8c'	-10.765546848230805
8544	(-1, -1)	b' Vegas'	-10.765546848230805
8545	(-1, -1)	b'\xe4\xba\x95'	-10.765857793506942
8546	(-1, -1)	b' \xe0\xa8\x87'	-10.76616883550012
8547	(-1, -1)	b'\xe0\xa4\xbe\xe0\xa4\xae'	-10.966476658041568
8548	(-1, -1)	b' Sports'	-10.765080611529532
8549	(-1, -1)	b'\x99\xe1\x80\xbe'	-10.766946864015209
8550	(-1, -1)	b'\xe4\xb9\x9f\xe5\xb0\xb1\xe6\x98\xaf'	-10.767102542384013
8551	(-1, -1)	b' struct'	-10.766635579966001
8552	(-1, -1)	b' District'	-10.757958735940313
8553	(-1, -1)	b' vehicles'	-10.767569722957798
8554	(-1, -1)	b' paying'	-10.767569722957798
8555	(-1, -1)	b'\xe6\x8a\x9b'	-10.767725498330028
8556	(-1, -1)	b'\xe6\x96\x87\xe4\xbb\xb6'	-10.767881297972004
8557	(-1, -1)	b'inary'	-11.26703745487938
8558	(-1, -1)	b'\xe7\x83\xa6'	-10.768037121891291
8559	(-1, -1)	b' Club'	-10.767102542384013
8560	(-1, -1)	b'86'	-10.258802290581674
8561	(-1, -1)	b'ounded'	-10.765080611529532
8562	(-1, -1)	b' profit'	-10.486921677163398
8563	(-1, -1)	b' winner'	-10.396113595219624
8564	(-1, -1)	b' \xe0\xaa\x86'	-10.769284588137578
8565	(-1, -1)	b' happening'	-10.745997237703671
8566	(-1, -1)	b'\xe6\x98\xaf\xe6\x9c\x80'	-11.05110671175441
8567	(-1, -1)	b' sources'	-10.769596698002784
8568	(-1, -1)	b'110'	-10.465275306547039
8569	(-1, -1)	b' dip'	-10.783585138279776
8570	(-1, -1)	b'\xe4\xbc\x81\xe4\xb8\x9a\xe7\x9a\x84'	-10.737496882938279
8571	(-1, -1)	b' \xe0\xae\x9a'	-10.7700650455252
8572	(-1, -1)	b'\xe4\xb8\x8b\xe5\x8d\x8a\xe5\xb9\xb4'	-10.682650356164677
8573	(-1, -1)	b'\xd0\xb8\xd1\x87'	-10.69967818461073
8574	(-1, -1)	b'\xe6\xa0\xbc\xe5\xbc\x8f'	-10.770533612499802
8575	(-1, -1)	b' ded'	-10.678652064389517
8576	(-1, -1)	b'Our'	-10.75672530994367
8577	(-1, -1)	b'\xe8\xbf\x98\xe6\xb2\xa1\xe6\x9c\x89'	-10.77162779002202
8578	(-1, -1)	b' noted'	-10.77162779002202
8579	(-1, -1)	b'\xe1\x88\xb3'	-10.605440277398735
8580	(-1, -1)	b' path'	-10.629570134458424
8581	(-1, -1)	b' Ra'	-10.571710925979131
8582	(-1, -1)	b' \xe0\xaa\xb9'	-10.771784198875078
8583	(-1, -1)	b' err'	-10.75165344784571
8584	(-1, -1)	b'\xe9\x98\xb5\xe5\xae\xb9'	-10.772253572270225
8585	(-1, -1)	b'\xe8\xae\xbe\xe6\x96\xbd'	-10.769284588137578
8586	(-1, -1)	b' dollars'	-10.772253572270225
8587	(-1, -1)	b'http'	-10.57877900141093
8588	(-1, -1)	b'ugu'	-10.566856547514332
8589	(-1, -1)	b' contest'	-10.772410079039462
8590	(-1, -1)	b'\xe6\x94\xbe\xe5\xbc\x83'	-10.77366301577346
8591	(-1, -1)	b' digital'	-10.72801956491617
8592	(-1, -1)	b'\xd9\x8a\xd8\xb1'	-10.699969305427924
8593	(-1, -1)	b'\xe8\x90\xbd\xe5\xae\x9e'	-10.772879746367078
8594	(-1, -1)	b'\xe0\xa9\x80\xe0\xa8'	-10.040201727050498
8595	(-1, -1)	b'\xe6\x99\x8b'	-10.77460374961518
8596	(-1, -1)	b' Ryan'	-10.771002399132342
8597	(-1, -1)	b'\xe6\xb6\xb2\xe6\x99\xb6'	-10.774760624664525
8598	(-1, -1)	b'\xe8\xbf\x99\xe4\xb8\xa4'	-10.807775344650313
8599	(-1, -1)	b'real'	-10.70449254944256
8600	(-1, -1)	b' uses'	-10.775074448611868
8601	(-1, -1)	b'\xe6\xb5\x81\xe8\xa1\x8c'	-10.508325585826551
8602	(-1, -1)	b' coverage'	-10.768504739388705
8603	(-1, -1)	b' Sn'	-10.615156198641891
8604	(-1, -1)	b' Que'	-10.742041656705496
8605	(-1, -1)	b'\xe9\xb8\xa1'	-10.775859439624782
8606	(-1, -1)	b' od'	-10.667315681116824
8607	(-1, -1)	b'\xe5\xae\x98\xe5\x91\x98'	-10.775388371075596
8608	(-1, -1)	b'uun'	-10.727570496725104
8609	(-1, -1)	b' benefit'	-10.620385845156791
8610	(-1, -1)	b'\xe5\xbb\xb6\xe7\xbb\xad'	-10.776802242963003
8611	(-1, -1)	b'\xe4\xba\xa4\xe9\x94\x8b'	-10.777273978171058
8612	(-1, -1)	b'\xe5\xb1\x8f\xe5\xb9\x95'	-10.777431272705398
8613	(-1, -1)	b'TF'	-10.90279369092738
8614	(-1, -1)	b' Mod'	-10.776802242963003
8615	(-1, -1)	b'\xe6\x98\xaf\xe4\xb8\x8d\xe6\x98\xaf'	-10.727720163716329
8616	(-1, -1)	b' 45'	-10.772879746367078
8617	(-1, -1)	b'ointed'	-10.789777108527696
8618	(-1, -1)	b' spoke'	-10.467811330960979
8619	(-1, -1)	b' mad'	-10.724581851344551
8620	(-1, -1)	b' Olymp'	-10.778060698375272
8621	(-1, -1)	b' seemed'	-10.778848037995507
8622	(-1, -1)	b' Party'	-10.778218116714834
8623	(-1, -1)	b' electric'	-10.600947075706948
8624	(-1, -1)	b'\xe7\x81\xad'	-10.779478356327122
8625	(-1, -1)	b' sides'	-10.768816605912363
8626	(-1, -1)	b'\xe7\xa3\xa8'	-10.779793664543513
8627	(-1, -1)	b'\xe8\xa1\xa3\xe6\x9c\x8d'	-10.779793664543513
8628	(-1, -1)	b'rick'	-10.892327963472187
8629	(-1, -1)	b' realize'	-10.263307648305812
8630	(-1, -1)	b"We're"	-10.78042457939094
8631	(-1, -1)	b'\xe5\x8a\x9b\xe5\xba\xa6'	-10.737194631160248
8632	(-1, -1)	b' Sur'	-10.717741675975947
8633	(-1, -1)	b' skills'	-10.770221210123005
8634	(-1, -1)	b' hack'	-10.720264119631093
8635	(-1, -1)	b'arn'	-10.34063376077604
8636	(-1, -1)	b'\xe4\xb8\x9a\xe5\x86\x85\xe4\xba\xba\xe5\xa3\xab'	-10.777903304812344
8637	(-1, -1)	b'IF'	-10.739463749447234
8638	(-1, -1)	b'\xe8\xba\xab\xe6\x9d\x90'	-10.780898026886566
8639	(-1, -1)	b'mad'	-10.477087835331272
8640	(-1, -1)	b' organiz'	-10.946159932138896
8641	(-1, -1)	b'\xd1\x80\xd1\x83'	-10.6615552155917
8642	(-1, -1)	b'\xd0\xb5\xd0\xb9'	-10.885294349105099
8643	(-1, -1)	b" d'"	-10.778533027755069
8644	(-1, -1)	b' vill'	-10.719818519920786
8645	(-1, -1)	b'\xe4\xb9\x9f\xe8\x83\xbd'	-10.78421845052387
8646	(-1, -1)	b' Out'	-10.761977909692021
8647	(-1, -1)	b'\xe5\xa4\x96\xe4\xba\xa4'	-10.697642708479052
8648	(-1, -1)	b'120'	-10.353522646239476
8649	(-1, -1)	b' corner'	-10.61890804546553
8650	(-1, -1)	b' \xda\xa9\xd9\x88'	-10.490457331995707
8651	(-1, -1)	b'vere'	-10.917704593255852
8652	(-1, -1)	b' born'	-10.756417191007325
8653	(-1, -1)	b' border'	-10.589671225280505
8654	(-1, -1)	b'esus'	-10.769284588137578
8655	(-1, -1)	b' provides'	-10.786438207262181
8656	(-1, -1)	b'\xe5\x88\xb6\xe5\xae\x9a'	-10.66787945843972
8657	(-1, -1)	b'\xe6\x98\xaf\xe7\x94\xb1'	-10.764614592103623
8658	(-1, -1)	b' \xe0\xaa\xb5'	-10.787073329544567
8659	(-1, -1)	b' raise'	-10.590192873701305
8660	(-1, -1)	b'wr'	-10.510491391028822
8661	(-1, -1)	b'\xc3\xb4ng'	-10.467811330960979
8662	(-1, -1)	b' Germany'	-10.787867800071776
8663	(-1, -1)	b'\xe5\x9c\xa8\xe6\xad\xa4'	-10.72234621437494
8664	(-1, -1)	b' decades'	-10.788185765098303
8665	(-1, -1)	b'\xe6\x98\xaf\xe4\xb8\x8d'	-11.12379972806828
8666	(-1, -1)	b'\xe8\xbf\x99\xe9\x83\xa8'	-10.724432653283849
8667	(-1, -1)	b'\xe7\x9a\x84\xe8\xae\xbe\xe8\xae\xa1'	-10.57030328610245
8668	(-1, -1)	b' Kn'	-10.745540025168083
8669	(-1, -1)	b' advantage'	-10.662957150491161
8670	(-1, -1)	b' unique'	-10.766324392784403
8671	(-1, -1)	b'iring'	-10.329817380367123
8672	(-1, -1)	b' hits'	-10.789617860179561
8673	(-1, -1)	b'\xe8\x81\x98'	-10.790095681324274
8674	(-1, -1)	b'\xe0\xab\x81\xe0\xaa\x82'	-10.790095681324274
8675	(-1, -1)	b'war'	-10.372857967935026
8676	(-1, -1)	b' fill'	-10.25842775874209
8677	(-1, -1)	b' finding'	-10.450873411719572
8678	(-1, -1)	b' decl'	-10.211877956823779
8679	(-1, -1)	b' boss'	-10.790255005788882
8680	(-1, -1)	b'5000'	-10.639524535876186
8681	(-1, -1)	b"What's"	-10.328009243259736
8682	(-1, -1)	b' favour'	-10.722495101444375
8683	(-1, -1)	b' successful'	-10.507244439706465
8684	(-1, -1)	b' owner'	-10.508926728014778
8685	(-1, -1)	b' Pet'	-11.194525798694771
8686	(-1, -1)	b'\xeb\xa5\xbc'	-10.791370988367838
8687	(-1, -1)	b'\xe9\xa2\x91\xe9\x81\x93'	-10.775231397525317
8688	(-1, -1)	b'\xe5\x86\xaf'	-10.792488217755455
8689	(-1, -1)	b'ancing'	-10.791370988367838
8690	(-1, -1)	b'\xe7\x96\xb2'	-10.792967412717104
8691	(-1, -1)	b'\xe3\x81\x8b'	-10.792967412717104
8692	(-1, -1)	b' mere'	-10.788503831258746
8693	(-1, -1)	b' brief'	-10.793287003643442
8694	(-1, -1)	b'\xd0\xb8\xd1\x81\xd1\x82'	-10.615825139733127
8695	(-1, -1)	b'\xe6\x8f\x90\xe4\xbe\x9b\xe4\xba\x86'	-10.652629075432985
8696	(-1, -1)	b' Wood'	-10.79344683741666
8697	(-1, -1)	b' bond'	-10.79344683741666
8698	(-1, -1)	b' healthy'	-10.79376658162402
8699	(-1, -1)	b' picked'	-10.793926492074508
8700	(-1, -1)	b'rin'	-10.273234461091224
8701	(-1, -1)	b' dd'	-10.779005580335335
8702	(-1, -1)	b'\xe1\x8d\x8d'	-10.621192839148131
8703	(-1, -1)	b'\xe0\xaa\xb9'	-10.838400062597248
8704	(-1, -1)	b'pa'	-10.115114742641854
8705	(-1, -1)	b' knowledge'	-10.794726428122285
8706	(-1, -1)	b'\xe5\x90\x8c\xe6\xaf\x94\xe5\xa2\x9e\xe9\x95\xbf'	-10.79616792753102
8707	(-1, -1)	b' \xc3\xb6'	-10.796328222474058
8708	(-1, -1)	b'\xe5\x88\x86\xe5\xb8\x83'	-10.794886492148237
8709	(-1, -1)	b' tend'	-10.453373128962584
8710	(-1, -1)	b' Association'	-10.78342687286835
8711	(-1, -1)	b'\xe0\xa8\xbe\xe0\xa8\xb0'	-10.797290532091221
8712	(-1, -1)	b'\xe7\x9b\xb4\xe5\x88\xb0'	-10.793926492074508
8713	(-1, -1)	b'\xe7\xbb\x95'	-10.797451007097584
8714	(-1, -1)	b'eb'	-10.061807740590487
8715	(-1, -1)	b'\xe6\x8e\xa5\xe8\xa7\xa6'	-10.797611507860307
8716	(-1, -1)	b'NN'	-10.561011549933404
8717	(-1, -1)	b'fit'	-10.602530607312593
8718	(-1, -1)	b'\xe6\x97\xba'	-10.798253768640253
8719	(-1, -1)	b' learning'	-10.791052009098784
8720	(-1, -1)	b'sen'	-9.928785975612273
8721	(-1, -1)	b'\xe5\xb0\x8f\xe7\x89\x9b'	-10.767881297972004
8722	(-1, -1)	b' prec'	-10.471627467422149
8723	(-1, -1)	b' clot'	-10.685803124611686
8724	(-1, -1)	b' \xdb\x81\xdb\x92'	-10.799378718537916
8725	(-1, -1)	b' society'	-10.799539529023107
8726	(-1, -1)	b' thunderstorms'	-10.799539529023107
8727	(-1, -1)	b'\xe9\x95\xbf\xe7\x9a\x84'	-10.796328222474058
8728	(-1, -1)	b'\xe5\x85\xac\xe5\x9b\xad'	-10.799861227594322
8729	(-1, -1)	b' sitting'	-10.800022115696995
8730	(-1, -1)	b'\xe9\xa9\xac\xe4\xb8\x8a'	-10.811186376951376
8731	(-1, -1)	b'\xe8\xb6\xb3\xe5\xa4\x9f'	-10.796328222474058
8732	(-1, -1)	b'\xe6\x88\x90\xe9\x83\xbd'	-10.796648889464139
8733	(-1, -1)	b' scient'	-10.800665927082504
8734	(-1, -1)	b' device'	-10.80082694471428
8735	(-1, -1)	b'\xe0\xa6\xbe\xe0\xa6\xa8'	-10.80147127463348
8736	(-1, -1)	b'\xe5\x90\x8d\xe5\x8d\x95'	-10.801310153228153
8737	(-1, -1)	b'\xe9\x85\x8d\xe5\xa5\x97'	-10.801632422003099
8738	(-1, -1)	b' v\xc3\xa0'	-10.801793595345377
8739	(-1, -1)	b'PA'	-10.643781906860658
8740	(-1, -1)	b'\xe5\x9b\xbe\xe5\x83\x8f'	-10.802116019981412
8741	(-1, -1)	b' Our'	-10.789777108527696
8742	(-1, -1)	b' \xd2\xb3'	-10.802599851939886
8743	(-1, -1)	b'ere'	-10.54654679864675
8744	(-1, -1)	b'\xe5\xa4\x9a\xe5\x85\x83'	-10.707715051132654
8745	(-1, -1)	b'\xe6\x8a\x91'	-10.803083918105047
8746	(-1, -1)	b'\xe6\x89\xae\xe6\xbc\x94'	-10.803083918105047
8747	(-1, -1)	b'\xe6\x89\x8b\xe6\x9c\xaf'	-10.800987988276914
8748	(-1, -1)	b'\xe6\xbd\x98'	-10.803406759108658
8749	(-1, -1)	b'\xe9\x81\x8e'	-10.803568218703745
8750	(-1, -1)	b'\xd9\x84\xdb\x8c'	-10.371494355199474
8751	(-1, -1)	b'\xe7\xbe\x85'	-10.804214317902444
8752	(-1, -1)	b' sick'	-10.802922536679699
8753	(-1, -1)	b'\xe4\xb8\x87\xe5\xb9\xb3\xe6\x96\xb9\xe7\xb1\xb3'	-10.802277271291928
8754	(-1, -1)	b'89'	-10.2116099201905
8755	(-1, -1)	b'54'	-10.183250467909739
8756	(-1, -1)	b' \xe0\xaa\x9b\xe0\xab\x87'	-10.805345996949745
8757	(-1, -1)	b'\xe5\xb9\x85\xe5\xba\xa6'	-10.473831261157553
8758	(-1, -1)	b' Committee'	-10.790414355641822
8759	(-1, -1)	b'\xaa\xe0\xaf\x8d\xe0\xae\xaa'	-10.759966303597821
8760	(-1, -1)	b'\xe7\xa2\xb0'	-10.806155123945906
8761	(-1, -1)	b' \xe1\xbb\xa5'	-10.806155123945906
8762	(-1, -1)	b'aks'	-10.756879405020637
8763	(-1, -1)	b'lad'	-9.9633075872934
8764	(-1, -1)	b'Ind'	-10.813303814015823
8765	(-1, -1)	b' Louis'	-10.699096197107034
8766	(-1, -1)	b'\xe5\xb0\xb1\xe8\xa6\x81'	-10.807126941320739
8767	(-1, -1)	b'\xe0\xaf\x86'	-10.806964906158754
8768	(-1, -1)	b'\xe5\x8f\xb0\xe5\x8c\x97'	-10.805831394580826
8769	(-1, -1)	b' strateg'	-10.8066409145797
8770	(-1, -1)	b'\xe7\x8e\xa9\xe6\xb3\x95'	-10.80809970404336
8771	(-1, -1)	b'\xe5\xb9\xbf\xe8\xa7\x92'	-10.80793751119571
8772	(-1, -1)	b' sport'	-10.80761320439864
8773	(-1, -1)	b'\xe8\x87\xaa\xe4\xb8\xbb'	-10.806155123945906
8774	(-1, -1)	b'met'	-10.344401394172314
8775	(-1, -1)	b'\xe0\xb6\xb4'	-10.808586440485193
8776	(-1, -1)	b'\xe4\xb8\x80\xe5\xae\x9a\xe7\x9a\x84'	-10.60015624925213
8777	(-1, -1)	b'\xe6\x8d\x90'	-10.808748738627235
8778	(-1, -1)	b'\xe6\x96\x87\xe7\xab\xa0'	-10.808911063114241
8779	(-1, -1)	b'\xe6\x8a\xa5\xe8\xae\xb0\xe8\x80\x85'	-10.810535758841242
8780	(-1, -1)	b'\xe6\xa1\x83'	-10.809235791157361
8781	(-1, -1)	b' odd'	-10.807775344650313
8782	(-1, -1)	b' pod'	-10.796809261527669
8783	(-1, -1)	b'87'	-10.305777283542458
8784	(-1, -1)	b'icient'	-10.807451090432167
8785	(-1, -1)	b' onto'	-10.769596698002784
8786	(-1, -1)	b' Sher'	-10.84174958842188
8787	(-1, -1)	b' drivers'	-10.810210608456327
8788	(-1, -1)	b'\xd1\x83\xd1\x82'	-10.848144763364841
8789	(-1, -1)	b'\xe4\xb8\x80\xe5\xba\xa6'	-10.710506502295168
8790	(-1, -1)	b' Jim'	-10.797130082832956
8791	(-1, -1)	b' \xd0\xb7\xd0\xb0'	-10.134774615689231
8792	(-1, -1)	b'\xe4\xb8\xad\xe6\x96\xb9'	-10.799700365372468
8793	(-1, -1)	b'Ab'	-10.583691745616186
8794	(-1, -1)	b' Ak'	-10.749509496029077
8795	(-1, -1)	b' launched'	-10.81134909764167
8796	(-1, -1)	b' v\xc9\x99'	-10.754878018777955
8797	(-1, -1)	b'liament'	-10.797451007097584
8798	(-1, -1)	b' Na'	-10.36657982656481
8799	(-1, -1)	b' yi'	-10.540570685243408
8800	(-1, -1)	b'\xe7\x90\x83\xe5\xa4\xb1'	-10.813140774967609
8801	(-1, -1)	b' joined'	-10.812488884462125
8802	(-1, -1)	b' \xe0\xb0\xae'	-10.812488884462125
8803	(-1, -1)	b' iz'	-10.816570189613081
8804	(-1, -1)	b' Service'	-10.811511844814298
8805	(-1, -1)	b'\xd9\x88\xda\xba'	-10.760584828435848
8806	(-1, -1)	b' broken'	-10.812000245312406
8807	(-1, -1)	b'uts'	-10.6915610216192
8808	(-1, -1)	b' benefits'	-10.8134668796501
8809	(-1, -1)	b'Then'	-10.81477236286423
8810	(-1, -1)	b' parties'	-10.814282606916152
8811	(-1, -1)	b' Fox'	-10.796809261527669
8812	(-1, -1)	b' offering'	-10.646814300638502
8813	(-1, -1)	b'\xe4\xb8\x8d\xe4\xba\x86'	-10.808748738627235
8814	(-1, -1)	b' listen'	-10.22591580095097
8815	(-1, -1)	b'ISO'	-10.603323314448831
8816	(-1, -1)	b'\xe6\x80\xbb\xe4\xbd\x93'	-10.816079552592853
8817	(-1, -1)	b' bunch'	-10.801793595345377
8818	(-1, -1)	b' achieve'	-10.500901291156788
8819	(-1, -1)	b' fired'	-10.81722474699204
8820	(-1, -1)	b'\xe7\xad\x89\xe5\xbe\x85'	-10.817388453303282
8821	(-1, -1)	b'\xe8\xbf\x98\xe8\x83\xbd'	-10.824123591699509
8822	(-1, -1)	b' \xe0\xa6\xae'	-10.817552186418672
8823	(-1, -1)	b' Love'	-10.73447846833147
8824	(-1, -1)	b'\xe7\x8e\xaf\xe6\xaf\x94'	-10.817552186418672
8825	(-1, -1)	b'\xe8\xa3\x82'	-10.818207387097312
8826	(-1, -1)	b'\xe4\xb8\xa4\xe6\xac\xa1'	-10.805831394580826
8827	(-1, -1)	b'People'	-10.815099000136447
8828	(-1, -1)	b'\xe8\xa2\xad'	-10.818371254365191
8829	(-1, -1)	b'\xe7\x8e\x9b'	-10.818699069480404
8830	(-1, -1)	b' Leg'	-10.703469381919257
8831	(-1, -1)	b'\xe1\x8b\x88'	-10.818699069480404
8832	(-1, -1)	b'\xe6\x97\x8b'	-10.81886301734535
8833	(-1, -1)	b'\xe6\x94\xaf\xe6\x92\x91'	-10.81886301734535
8834	(-1, -1)	b'\xe0\xb0\xbe\xe0\xb0\xb2'	-10.81886301734535
8835	(-1, -1)	b'\xe5\xbf\x8d'	-10.81919099373399
8836	(-1, -1)	b'ocking'	-11.08969060600325
8837	(-1, -1)	b'\xe9\xb9\xb0'	-10.81919099373399
8838	(-1, -1)	b' bench'	-10.749050675190562
8839	(-1, -1)	b'\xe1\x88\x95'	-10.455195037915647
8840	(-1, -1)	b'\xe9\x98\xb3\xe5\x85\x89'	-10.81919099373399
8841	(-1, -1)	b" we'll"	-10.819355022275325
8842	(-1, -1)	b'\xe7\x9a\x84\xe7\x94\x9f\xe6\xb4\xbb'	-10.414546297518589
8843	(-1, -1)	b'\xe9\x98\xb2\xe6\x8a\x96'	-10.819519077726435
8844	(-1, -1)	b'\xe9\x97\xb9'	-10.820011405626754
8845	(-1, -1)	b' scr'	-10.385852709981846
8846	(-1, -1)	b' ayaa'	-10.764614592103623
8847	(-1, -1)	b'\xe6\x9d\xa5\xe6\xba\x90'	-10.819683160096151
8848	(-1, -1)	b' Central'	-10.815752594930958
8849	(-1, -1)	b'\xe7\x9a\x84\xe4\xbb\xb7\xe6\xa0\xbc'	-10.479537244615614
8850	(-1, -1)	b'\xe9\x83\x8e'	-10.820503976033232
8851	(-1, -1)	b'\xe5\xbe\x88\xe5\xa4\x9a\xe4\xba\xba'	-10.784376841274181
8852	(-1, -1)	b'icious'	-10.7423453772849
8853	(-1, -1)	b'\xe7\x9a\x84\xe5\x8e\x9f\xe5\x9b\xa0'	-10.650687057899347
8854	(-1, -1)	b'oys'	-10.787549936114873
8855	(-1, -1)	b' appears'	-10.821161114220178
8856	(-1, -1)	b' pip'	-10.577876648787667
8857	(-1, -1)	b'\xe5\xae\x9e\xe5\x9c\xa8'	-10.82329980056634
8858	(-1, -1)	b' insurance'	-10.819026992093606
8859	(-1, -1)	b' \xd8\xa7\xd8\xb2'	-10.8214898453211
8860	(-1, -1)	b' altern'	-10.822147631893083
8861	(-1, -1)	b' supply'	-10.769284588137578
8862	(-1, -1)	b'\xe9\x83\xbd\xe8\x83\xbd'	-10.822641255926143
8863	(-1, -1)	b'\xe0\xa4\x95\xe0\xa4\xbe'	-9.94809185698781
8864	(-1, -1)	b' Thomas'	-10.8066409145797
8865	(-1, -1)	b' served'	-10.823135123744231
8866	(-1, -1)	b'\x90\xe1\x80\xbd'	-10.907799064266449
8867	(-1, -1)	b'icated'	-10.48210974369566
8868	(-1, -1)	b'\xe6\x97\xa5\xe8\xb5\xb7'	-10.823793993805952
8869	(-1, -1)	b'\xe5\xaf\xb9\xe8\xaf\x9d'	-10.819026992093606
8870	(-1, -1)	b' \xe1\xb9\xa3'	-10.823958779173383
8871	(-1, -1)	b'oving'	-10.799861227594322
8872	(-1, -1)	b' \xea\xb2'	-10.824123591699509
8873	(-1, -1)	b'\xe8\xaf\xa6\xe7\xbb\x86'	-10.824453298263656
8874	(-1, -1)	b'\xe8\x80\x80'	-10.824453298263656
8875	(-1, -1)	b'town'	-10.292613425176215
8876	(-1, -1)	b'\xe6\xb2\x9f\xe9\x80\x9a'	-10.81722474699204
8877	(-1, -1)	b'PK'	-10.818043546677513
8878	(-1, -1)	b'\xe4\xb8\x87\xe7\xbe\x8e\xe5\x85\x83'	-10.824948062024058
8879	(-1, -1)	b'\xe6\x87\x82'	-10.825113037690521
8880	(-1, -1)	b' teen'	-10.62294356345228
8881	(-1, -1)	b'\xe7\xa8\x8b\xe5\xba\x8f'	-10.823135123744231
8882	(-1, -1)	b' map'	-10.55444504067099
8883	(-1, -1)	b' Att'	-10.813793090711549
8884	(-1, -1)	b' \xda\xa9\xd9\x87'	-10.825443070696817
8885	(-1, -1)	b' method'	-10.824783113570076
8886	(-1, -1)	b'\xe7\x94\xb5\xe6\xb1\xa0'	-10.825608128054624
8887	(-1, -1)	b' 2019'	-10.825608128054624
8888	(-1, -1)	b' \xe0\xb0\x9a'	-10.825938324524522
8889	(-1, -1)	b'\xe5\x87\xba\xe6\x89\x8b'	-10.826764293019485
8890	(-1, -1)	b'\xe4\xb8\x88\xe5\xa4\xab'	-10.826268630060142
8891	(-1, -1)	b'\xe5\xb7\xae\xe8\xb7\x9d'	-10.826433823750119
8892	(-1, -1)	b' object'	-10.570175417040195
8893	(-1, -1)	b'51'	-10.057586867895226
8894	(-1, -1)	b'\xe7\x9a\x84\xe5\x9f\xba\xe9\x87\x91'	-10.615958981666004
8895	(-1, -1)	b' location'	-10.365224742185879
8896	(-1, -1)	b'\xe4\xb8\x80\xe6\xac\xbe'	-10.460795372571178
8897	(-1, -1)	b'ooth'	-10.773506312803617
8898	(-1, -1)	b'ller'	-11.378519796447181
8899	(-1, -1)	b'uild'	-10.622000484904781
8900	(-1, -1)	b' unit'	-10.64323154911424
8901	(-1, -1)	b'verse'	-10.695176615983858
8902	(-1, -1)	b' decisions'	-10.827921796249177
8903	(-1, -1)	b' Toronto'	-10.746759723444006
8904	(-1, -1)	b'\xe0\xb8\xb9'	-10.827921796249177
8905	(-1, -1)	b'\xe5\xb7\xa8\xe5\xa4\xa7'	-10.816243071520534
8906	(-1, -1)	b'\xe5\x90\x8d\xe5\xad\x97'	-10.827425559368594
8907	(-1, -1)	b' w\xe1\xbb\x8dn'	-10.821325466262623
8908	(-1, -1)	b' debt'	-10.748286441297806
8909	(-1, -1)	b' Win'	-10.713748473893904
8910	(-1, -1)	b'bert'	-10.262179404485492
8911	(-1, -1)	b'\xe8\x91\x97\xe5\x90\x8d'	-10.440711870066007
8912	(-1, -1)	b'\xe5\xb7\xa5\xe8\xb5\x84'	-10.823793993805952
8913	(-1, -1)	b' non-'	-10.079184642033102
8914	(-1, -1)	b'\xe0\xab\x8d\xe0\xaa\xb0'	-10.83007500619082
8915	(-1, -1)	b' \xe0\xb0\xb8'	-10.83007500619082
8916	(-1, -1)	b'\xe5\x89\x8d\xe5\xbe\x80'	-10.809723081023252
8917	(-1, -1)	b'\xe5\x8f\xaa\xe5\x9f\xba\xe9\x87\x91'	-10.672259543153475
8918	(-1, -1)	b' necessary'	-10.830240829920575
8919	(-1, -1)	b'\xe5\xa7\x8b\xe7\xbb\x88'	-10.830240829920575
8920	(-1, -1)	b' rank'	-10.28489361457091
8921	(-1, -1)	b'\xe8\xaf\x97'	-10.83090439995156
8922	(-1, -1)	b'\xd0\xb5\xd0\xb4'	-10.626995432853159
8923	(-1, -1)	b'\xe1\x88\x85'	-10.580327788504212
8924	(-1, -1)	b' mut'	-10.833895926197835
8925	(-1, -1)	b'agn'	-10.55987194867047
8926	(-1, -1)	b' ee'	-10.534259954654098
8927	(-1, -1)	b'\xe4\xb8\xbb\xe6\xb5\x81'	-10.683795667671404
8928	(-1, -1)	b' egg'	-10.824123591699509
8929	(-1, -1)	b'\xd0\xbe\xd0\xb1'	-10.267172114211352
8930	(-1, -1)	b'oz'	-10.496259254611815
8931	(-1, -1)	b'\xe9\x94\x80\xe9\x87\x8f'	-10.792009252311637
8932	(-1, -1)	b' removed'	-10.833729495307878
8933	(-1, -1)	b'\xe8\xa1\xa8\xe8\xbe\xbe'	-10.833064048602237
8934	(-1, -1)	b'52'	-10.077230218552053
8935	(-1, -1)	b'\xd8\xab'	-10.70098889622341
8936	(-1, -1)	b' complex'	-10.833729495307878
8937	(-1, -1)	b' \xd9\x85\xdb\x8c'	-10.8295776999228
8938	(-1, -1)	b'\xe4\xbb\xa5\xe4\xb8\x8a\xe7\x9a\x84'	-10.82329980056634
8939	(-1, -1)	b'\xe7\x90\x86\xe6\x83\xb3'	-10.83090439995156
8940	(-1, -1)	b' transport'	-10.797451007097584
8941	(-1, -1)	b' spokesman'	-10.834561926888453
8942	(-1, -1)	b' \xe0\xa6\x86'	-10.834895093641494
8943	(-1, -1)	b'\xe7\x9a\x84\xe4\xb8\x8d'	-10.8456154643181
8944	(-1, -1)	b'\xe4\xba\x8b\xe6\x95\x85'	-10.835061718652293
8945	(-1, -1)	b'\xc3\xa9s'	-10.864313952326711
8946	(-1, -1)	b'\xe9\xa2\x81'	-10.835895260419317
8947	(-1, -1)	b'\xe5\x9c\xa8\xe8\xbf\x99\xe4\xb8\xaa'	-10.737496882938279
8948	(-1, -1)	b'\xe5\xa0\xaa'	-10.836062052180191
8949	(-1, -1)	b' photos'	-10.688965864453362
8950	(-1, -1)	b'\xe5\x9c\xa8\xe4\xb8\x80'	-11.163500983709874
8951	(-1, -1)	b' construction'	-10.822970474036111
8952	(-1, -1)	b' determin'	-10.364079564818521
8953	(-1, -1)	b' Jer'	-10.486098486665922
8954	(-1, -1)	b'\xe6\xb5\xaa\xe6\xbc\xab'	-10.83090439995156
8955	(-1, -1)	b'oms'	-10.866203175731044
8956	(-1, -1)	b' uns'	-10.753648384439192
8957	(-1, -1)	b'\xe5\x9c\xb0\xe7\x9a\x84'	-10.905472024820218
8958	(-1, -1)	b' activities'	-10.837564431229161
8959	(-1, -1)	b'\xe8\x8e\x89'	-10.837898599987493
8960	(-1, -1)	b'\xe5\x8e\x9f\xe6\x9d\xa5'	-10.568131732588942
8961	(-1, -1)	b'\xe5\xb8\x83\xe8\x8e\xb1'	-10.837898599987493
8962	(-1, -1)	b' negoti'	-10.837063387377343
8963	(-1, -1)	b'\xe7\xba\xa4'	-10.838065726251774
8964	(-1, -1)	b'\xe7\x9b\xb8\xe5\xba\x94'	-10.836062052180191
8965	(-1, -1)	b' Jose'	-10.836729497557881
8966	(-1, -1)	b' Asia'	-10.818371254365191
8967	(-1, -1)	b'\xe5\x91\xa8\xe8\xbe\xb9'	-10.834728496389962
8968	(-1, -1)	b' language'	-10.634057800927811
8969	(-1, -1)	b'\xe5\x90\x84\xe4\xbd\x8d'	-10.838232880451912
8970	(-1, -1)	b'igned'	-10.837731501649733
8971	(-1, -1)	b' \xda\x86\xdb\x90'	-10.838232880451912
8972	(-1, -1)	b' tight'	-10.728169299138207
8973	(-1, -1)	b'\xe5\x8d\x97\xe6\x96\xb9'	-10.8397385269095
8974	(-1, -1)	b'\xe1\x80\xac\xe1\x80\xb8\xe1\x80'	-10.8387345107609
8975	(-1, -1)	b'\xe8\xbf\x98\xe4\xbc\x9a'	-10.683795667671404
8976	(-1, -1)	b'kins'	-10.489277390855857
8977	(-1, -1)	b' kar'	-10.569664104233452
8978	(-1, -1)	b'\xe5\x96\xb7'	-10.839236392829152
8979	(-1, -1)	b'\xe0\xaf\x81\xe0\xae\xae\xe0\xaf\x8d'	-10.764148789750662
8980	(-1, -1)	b'\xe7\xb4\x84'	-10.839905960982724
8981	(-1, -1)	b'unic'	-10.7423453772849
8982	(-1, -1)	b'\xe4\xbc\xa4\xe5\xae\xb3'	-10.816243071520534
8983	(-1, -1)	b'\xe1\x8b\x8b'	-10.724581851344551
8984	(-1, -1)	b'\xe7\xbc\xba\xe4\xb9\x8f'	-10.840408431473156
8985	(-1, -1)	b' Sand'	-10.791530516165894
8986	(-1, -1)	b' proud'	-10.83007500619082
8987	(-1, -1)	b'house'	-10.460680765958251
8988	(-1, -1)	b' ber'	-10.875876769909423
8989	(-1, -1)	b' African'	-10.764614592103623
8990	(-1, -1)	b'\xe9\x98\x85\xe8\xaf\xbb'	-10.84107878510979
8991	(-1, -1)	b'\xe7\x82\xb8'	-10.84107878510979
8992	(-1, -1)	b'\xe5\x9b\x9e\xe6\x8a\xa5'	-10.840240913255158
8993	(-1, -1)	b'\xe0\xb8\x82'	-10.791052009098784
8994	(-1, -1)	b'\xe7\x88\x86\xe5\x8f\x91'	-10.841246443757177
8995	(-1, -1)	b' crisis'	-10.84174958842188
8996	(-1, -1)	b'\xe4\xbc\x8f'	-10.842252986368578
8997	(-1, -1)	b'\xe6\xa0\x8b'	-10.842252986368578
8998	(-1, -1)	b'\xe8\xa7\x82\xe5\xaf\x9f'	-10.84242084201312
8999	(-1, -1)	b' \xe0\xae\x87'	-10.84242084201312
9000	(-1, -1)	b'\xe8\xaf\xb1'	-10.842756637852405
9001	(-1, -1)	b' science'	-10.762132816361063
9002	(-1, -1)	b'\xe5\x92\x8c\xe5\xb9\xb3'	-10.854411190848388
9003	(-1, -1)	b'\xe7\x99\xbd\xe8\x89\xb2'	-10.650687057899347
9004	(-1, -1)	b'\xe6\x8e\xa8\xe5\xb9\xbf'	-10.834395385127722
9005	(-1, -1)	b'\xe5\x9b\x9e\xe5\xae\xb6'	-10.772410079039462
9006	(-1, -1)	b' tack'	-10.839069070817551
9007	(-1, -1)	b'\xe6\x89\x8b\xe6\xae\xb5'	-10.843092546488416
9008	(-1, -1)	b' emergency'	-10.843596621102131
9009	(-1, -1)	b'\xe5\x86\x9c\xe4\xb8\x9a'	-10.840408431473156
9010	(-1, -1)	b'aye'	-11.114942274234219
9011	(-1, -1)	b' operations'	-10.84393281206176
9012	(-1, -1)	b'\xe0\xb9\x8c'	-10.844100949935212
9013	(-1, -1)	b' rally'	-10.844269116083764
9014	(-1, -1)	b' allegations'	-10.844773784275146
9015	(-1, -1)	b'\xe8\x99\x9f'	-10.844942063619254
9016	(-1, -1)	b' filed'	-10.844942063619254
9017	(-1, -1)	b'\xe5\xb1\x95\xe7\x8e\xb0'	-10.796328222474058
9018	(-1, -1)	b'\xec\x9c'	-10.453600686137305
9019	(-1, -1)	b'\xe5\xb9\xb4\xe9\xbe\x84'	-10.842252986368578
9020	(-1, -1)	b'arden'	-10.535247243392817
9021	(-1, -1)	b'\xe7\x9a\x84\xe4\xba\x8b\xe6\x83\x85'	-10.458734460460915
9022	(-1, -1)	b'\xe8\x82\x96'	-10.845952334794589
9023	(-1, -1)	b'\xe6\xb8\xa9\xe5\xae\xb6\xe5\xae\x9d'	-10.845952334794589
9024	(-1, -1)	b'ountain'	-10.535000329811314
9025	(-1, -1)	b'\xe1\x8a\xa5'	-10.846289318791039
9026	(-1, -1)	b'\xe4\xba\x8c\xe5\x8d\x81'	-10.846120812598038
9027	(-1, -1)	b'\xe5\x9b\x9e\xe7\xad\x94'	-10.847132275934438
9028	(-1, -1)	b' Boston'	-10.8456154643181
9029	(-1, -1)	b'\xe4\xbb\xa5\xe4\xb8\xba'	-10.847807153638474
9030	(-1, -1)	b' Lake'	-10.698950753139066
9031	(-1, -1)	b'\xe1\x8a\xa8'	-10.847300952665883
9032	(-1, -1)	b'\xe4\xbd\x9c\xe8\x80\x85'	-10.845952334794589
9033	(-1, -1)	b' Sil'	-10.810698373688336
9034	(-1, -1)	b' lots'	-10.847469657853967
9035	(-1, -1)	b" They're"	-10.847469657853967
9036	(-1, -1)	b' characters'	-10.848144763364841
9037	(-1, -1)	b'\xe8\xbe\xbe\xe5\x88\xb0\xe4\xba\x86'	-10.84578388537113
9038	(-1, -1)	b' illegal'	-10.590323328335892
9039	(-1, -1)	b' perhaps'	-10.84831361098027
9040	(-1, -1)	b'\xe7\xac\xac\xe4\xb8\x80\xe4\xb8\xaa'	-10.852883306670334
9041	(-1, -1)	b' accur'	-10.847807153638474
9042	(-1, -1)	b'\xe6\x8c\x87\xe6\xa0\x87'	-10.849158276965111
9043	(-1, -1)	b'\xe5\xa4\xb4\xe5\xa5\x96'	-10.846963627650036
9044	(-1, -1)	b' \xe9\xab\x98\xe8\x80\x83'	-10.84898928668165
9045	(-1, -1)	b'\xe4\xba\x8b\xe5\xae\x9e\xe4\xb8\x8a'	-10.838567272697128
9046	(-1, -1)	b' believed'	-10.849496343229319
9047	(-1, -1)	b'\xe7\x90\x86\xe7\x94\xb1'	-10.849665419229384
9048	(-1, -1)	b" you'd"	-10.849834523820975
9049	(-1, -1)	b'\xe8\xaf\xa5\xe6\x9c\xba'	-10.868095975057232
9050	(-1, -1)	b' citizens'	-10.850003657013769
9051	(-1, -1)	b' Mary'	-10.850342009241663
9052	(-1, -1)	b' collect'	-10.342057682904343
9053	(-1, -1)	b'QDII'	-10.835561760332851
9054	(-1, -1)	b'\xe6\xaf\x8f\xe6\xac\xa1'	-10.85084975233457
9055	(-1, -1)	b'j\xe1\xbb\x8d'	-10.73991819162729
9056	(-1, -1)	b'\xe5\x8f\xaf\xe8\x83\xbd\xe6\x98\xaf'	-10.718038104020211
9057	(-1, -1)	b'\xe9\x85\x8d\xe5\xa4\x87'	-10.851696564138921
9058	(-1, -1)	b' \xd8\xb2'	-10.851696564138921
9059	(-1, -1)	b'sequ'	-10.421574659417896
9060	(-1, -1)	b'roid'	-10.633240362190195
9061	(-1, -1)	b'ando'	-10.795527004580062
9062	(-1, -1)	b' hun'	-10.765546848230805
9063	(-1, -1)	b' Us'	-10.828583828712945
9064	(-1, -1)	b' Jon'	-10.834728496389962
9065	(-1, -1)	b'\xe5\x8d\xa7'	-10.853052956344166
9066	(-1, -1)	b' adop'	-10.853052956344166
9067	(-1, -1)	b'63'	-10.210806241083082
9068	(-1, -1)	b' scheduled'	-10.853562078120119
9069	(-1, -1)	b'\xe9\xa6\xac'	-10.853731842996174
9070	(-1, -1)	b'\xe8\xa1\x8c\xe4\xb8\x9a\xe7\x9a\x84'	-10.698805330321969
9071	(-1, -1)	b'\xe7\xbb\x99\xe4\xba\x86'	-10.844437310516923
9072	(-1, -1)	b' movement'	-10.625372714444339
9073	(-1, -1)	b'mission'	-10.16902425048611
9074	(-1, -1)	b'erved'	-10.847300952665883
9075	(-1, -1)	b'Gr'	-10.826103463654613
9076	(-1, -1)	b'ito'	-10.688246181082969
9077	(-1, -1)	b' strike'	-10.293485645030902
9078	(-1, -1)	b' appreciate'	-10.542185692737737
9079	(-1, -1)	b'\xe6\x88\xb0'	-10.855431078749133
9080	(-1, -1)	b'\xe6\x97\xa0\xe8\xae\xba\xe6\x98\xaf'	-10.769596698002784
9081	(-1, -1)	b'\xe1\x8c\xa5'	-10.51993113194686
9082	(-1, -1)	b'\xe9\x80\x92'	-10.856111582348039
9083	(-1, -1)	b'\xe9\xab\x98\xe7\xba\xa7'	-10.755185663758077
9084	(-1, -1)	b' plant'	-10.318420675988076
9085	(-1, -1)	b'ije'	-10.670703122605817
9086	(-1, -1)	b'\xe5\x8d\x8f\xe8\xb0\x83'	-10.855431078749133
9087	(-1, -1)	b' leadership'	-10.856622264119286
9088	(-1, -1)	b'\xe6\x8a\xab'	-10.856792549347455
9089	(-1, -1)	b' Mexico'	-10.856111582348039
9090	(-1, -1)	b' explained'	-10.85696286357762
9091	(-1, -1)	b'\xe8\x88\x92\xe9\x80\x82'	-10.854751037920478
9092	(-1, -1)	b' Steve'	-10.428208916391212
9093	(-1, -1)	b'\xe5\x90\xac\xe6\xad\x8c'	-10.857473980378934
9094	(-1, -1)	b'\xe4\xbd\x9c\xe5\x87\xba'	-10.600024505625038
9095	(-1, -1)	b'iling'	-10.651935064717366
9096	(-1, -1)	b'\xe5\x9b\x9e\xe5\x90\x88'	-10.85781487010441
9097	(-1, -1)	b'53'	-10.133038862887439
9098	(-1, -1)	b' restaurant'	-10.474760629254185
9099	(-1, -1)	b' actions'	-10.858155876075319
9100	(-1, -1)	b' Add'	-10.839069070817551
9101	(-1, -1)	b'Last'	-10.85781487010441
9102	(-1, -1)	b'\xe9\xb8\x9f'	-10.858496998370969
9103	(-1, -1)	b' responsible'	-10.859008900097017
9104	(-1, -1)	b' 33'	-10.747675474423753
9105	(-1, -1)	b' Mont'	-10.53278084677936
9106	(-1, -1)	b' wins'	-10.856622264119286
9107	(-1, -1)	b'\xe4\xb8\x8d\xe4\xb9\x85'	-10.856111582348039
9108	(-1, -1)	b'\xe4\xb8\x8d\xe5\xa6\xa8'	-10.826433823750119
9109	(-1, -1)	b' initi'	-10.85730357908347
9110	(-1, -1)	b" weren't"	-10.860888118212191
9111	(-1, -1)	b'\xe4\xbc\x91\xe9\x97\xb2'	-10.861059131466135
9112	(-1, -1)	b'\xe9\x93\x81\xe8\xb7\xaf'	-10.861059131466135
9113	(-1, -1)	b'\xe6\xaf\x95\xe7\xab\x9f'	-10.861059131466135
9114	(-1, -1)	b'phone'	-10.320410726396085
9115	(-1, -1)	b' \xd8\xa7\xd8\xb3\xd8\xaa'	-10.861230173970615
9116	(-1, -1)	b' entertain'	-10.86174347708737
9117	(-1, -1)	b'\xe4\xbc\xa0\xe6\x84\x9f\xe5\x99\xa8'	-10.86191463669412
9118	(-1, -1)	b' AT'	-10.863970840297268
9119	(-1, -1)	b' serve'	-10.522122246639675
9120	(-1, -1)	b'\xe5\xb8\xa6\xe7\x9d\x80'	-10.862257043819532
9121	(-1, -1)	b' demonstr'	-10.858838237070747
9122	(-1, -1)	b'\xd9\x88\xdb\x8c'	-10.588498510311263
9123	(-1, -1)	b' medic'	-10.801793595345377
9124	(-1, -1)	b'\xe6\x9c\x88\xe5\xba\x95'	-10.85832642267759
9125	(-1, -1)	b' Tim'	-10.906545370182657
9126	(-1, -1)	b'\xd0\xba\xd1\x83'	-10.587067057142116
9127	(-1, -1)	b'wide'	-10.71183149328769
9128	(-1, -1)	b'\xe8\xaf\x8a'	-10.86294220999913
9129	(-1, -1)	b'\xe7\xa8\x80'	-10.863456392888168
9130	(-1, -1)	b' River'	-10.558860058880107
9131	(-1, -1)	b'\xc4\xb1n\xc4\xb1'	-10.33122597301375
9132	(-1, -1)	b'ador'	-10.41170507606842
9133	(-1, -1)	b' occas'	-10.859521064000658
9134	(-1, -1)	b'\xe5\x9c\xa8\xe7\xbe\x8e\xe5\x9b\xbd'	-10.757958735940313
9135	(-1, -1)	b'\xe3\x81\xa3'	-10.864313952326711
9136	(-1, -1)	b'\xe8\xb5\x8e\xe5\x9b\x9e'	-10.86294220999913
9137	(-1, -1)	b'\xe4\xba\x9a\xe7\x9b\x98'	-10.864828841207904
9138	(-1, -1)	b'\xe6\xb0\xa7'	-10.865000529765284
9139	(-1, -1)	b' ship'	-10.551805355900216
9140	(-1, -1)	b'\xe0\xb0\x82'	-10.864828841207904
9141	(-1, -1)	b'-F'	-10.918066649740618
9142	(-1, -1)	b'ption'	-10.496496784304142
9143	(-1, -1)	b' attorney'	-10.622674021671672
9144	(-1, -1)	b'\xe8\x86\x9c'	-10.86603128058666
9145	(-1, -1)	b' status'	-10.85832642267759
9146	(-1, -1)	b'\xe5\xb0\xb1\xe6\x9c\x89'	-10.807775344650313
9147	(-1, -1)	b'\xe6\x9c\x89\xe6\x95\x88\xe5\x83\x8f\xe7\xb4\xa0'	-10.866547054689041
9148	(-1, -1)	b'\xe8\xbf\x98\xe5\x8f\xaf\xe4\xbb\xa5'	-10.866719038522985
9149	(-1, -1)	b'\xe9\x81\x93\xe8\xb7\xaf'	-10.868268225509814
9150	(-1, -1)	b' Haw'	-10.85696286357762
9151	(-1, -1)	b'\xe5\xae\x9a\xe4\xbd\x8d'	-10.862257043819532
9152	(-1, -1)	b'\xe7\x89\x88\xe6\x9c\xac'	-10.865687578916322
9153	(-1, -1)	b'\xe5\xb0\x8d'	-10.867235167566701
9154	(-1, -1)	b'\xe6\x97\xa5\xe6\x99\x9a'	-10.866375100428451
9155	(-1, -1)	b'\xe0\xb1\x8d\xe0\xb0\xa8'	-10.867235167566701
9156	(-1, -1)	b'hew'	-10.822805851433056
9157	(-1, -1)	b' Instagram'	-10.863970840297268
9158	(-1, -1)	b' Valley'	-10.854241310613544
9159	(-1, -1)	b'\xe5\x9b\xbd\xe5\x80\xba'	-10.864828841207904
9160	(-1, -1)	b' guilty'	-10.867923754269755
9161	(-1, -1)	b' \xe0\xa8\x85'	-10.867923754269755
9162	(-1, -1)	b'\xe9\xa6\x96\xe5\x8f\x91'	-10.868268225509814
9163	(-1, -1)	b' slightly'	-10.868268225509814
9164	(-1, -1)	b' identified'	-10.868268225509814
9165	(-1, -1)	b' gi'	-10.530320518314765
9166	(-1, -1)	b' penalty'	-10.868440505637727
9167	(-1, -1)	b' Arab'	-10.866203175731044
9168	(-1, -1)	b'\xe4\xbb\xa5\xe5\xbe\x80'	-10.869302351765365
9169	(-1, -1)	b'62'	-10.156349162669374
9170	(-1, -1)	b' Britain'	-10.869302351765365
9171	(-1, -1)	b' Las'	-10.847638391508296
9172	(-1, -1)	b'\xe6\xb3\xa5'	-10.869819816201232
9173	(-1, -1)	b'\xe7\xbe\x8e\xe5\x9c\x8b'	-10.869819816201232
9174	(-1, -1)	b'\xe7\x9a\x84\xe6\x84\x9f\xe8\xa7\x89'	-10.606367859788175
9175	(-1, -1)	b'\xe5\xad\xa3\xe5\x90\x8e\xe8\xb5\x9b'	-10.866547054689041
9176	(-1, -1)	b' mental'	-10.532288296590853
9177	(-1, -1)	b'\xe5\xbe\xaa'	-10.870337548545182
9178	(-1, -1)	b'\xe8\xbf\x9e\xe8\x83\x9c'	-10.869819816201232
9179	(-1, -1)	b'\xe8\x8a\x9d'	-10.870682852416016
9180	(-1, -1)	b"y's"	-10.452804462470148
9181	(-1, -1)	b'\xe5\x98\xb4'	-10.871373818067967
9182	(-1, -1)	b'\xe4\xb8\x89\xe5\xb9\xb4'	-10.756571238608338
9183	(-1, -1)	b'\xe5\xa6\x88\xe5\xa6\x88'	-10.871719480014029
9184	(-1, -1)	b'\xc4\xb1\xc5\x9f'	-10.871892355803205
9185	(-1, -1)	b'94'	-10.379070149007932
9186	(-1, -1)	b' programs'	-10.871892355803205
9187	(-1, -1)	b'Even'	-10.851019057337938
9188	(-1, -1)	b'\xe4\xb8\x80\xe8\x87\xb4'	-10.70933020455624
9189	(-1, -1)	b'\xe0\xb8\x8a'	-10.850003657013769
9190	(-1, -1)	b'oles'	-11.07496719909552
9191	(-1, -1)	b' Rs'	-10.873622759418925
9192	(-1, -1)	b'\xe5\xb9\xbf\xe6\xb3\x9b'	-10.873276439069144
9193	(-1, -1)	b'\xe5\xa4\x8d\xe6\x9d\x82'	-10.873449584251812
9194	(-1, -1)	b'\xe5\xb0\xba\xe5\xaf\xb8'	-10.873969199748045
9195	(-1, -1)	b'\xe4\xb8\xad\xe5\x8d\x8e\xe4\xba\xba\xe6\xb0\x91\xe5\x85\xb1\xe5\x92\x8c\xe5\x9b\xbd'	-10.856622264119286
9196	(-1, -1)	b'-B'	-10.848820324951081
9197	(-1, -1)	b' coin'	-10.872238197065515
9198	(-1, -1)	b'Image'	-10.821818684521697
9199	(-1, -1)	b'\xe0\xa5\x81\xe0\xa4'	-9.365090841241273
9200	(-1, -1)	b'face'	-10.458848844218545
9201	(-1, -1)	b' os'	-10.70157198661894
9202	(-1, -1)	b'ivity'	-10.875009241443458
9203	(-1, -1)	b' Atl'	-10.75549340341276
9204	(-1, -1)	b'\xe6\x9b\xb4\xe6\x9c\x89'	-10.839403742842094
9205	(-1, -1)	b'\xe6\xb8\x85\xe6\x99\xb0'	-10.815752594930958
9206	(-1, -1)	b'EX'	-10.353625606342527
9207	(-1, -1)	b'\xe4\xb9\x8b\xe4\xb8\x8b'	-10.838901776797922
9208	(-1, -1)	b' Spr'	-10.856792549347455
9209	(-1, -1)	b'\xe7\xb4\xaf\xe8\xae\xa1'	-10.875876769909423
9210	(-1, -1)	b'\xe7\x8c\xaa'	-10.876050365951869
9211	(-1, -1)	b'\xe6\x8a\x8a\xe6\x8f\xa1'	-10.876223992135134
9212	(-1, -1)	b' analysts'	-10.876397648469684
9213	(-1, -1)	b' gw'	-10.772410079039462
9214	(-1, -1)	b'\xe8\xa7\x84\xe5\x88\x99'	-10.863627845953312
9215	(-1, -1)	b'\xe9\x99\xaa'	-10.877266382778512
9216	(-1, -1)	b' \xe0\xa6\xb9'	-10.877440220240924
9217	(-1, -1)	b'\xe7\x9a\x84\xe5\xbf\x83'	-11.07369708884857
9218	(-1, -1)	b'ori'	-11.560554450355795
9219	(-1, -1)	b'\xe7\x9a\x84\xe5\xb8\x82\xe5\x9c\xba'	-10.689830168742256
9220	(-1, -1)	b'DT'	-11.114942274234219
9221	(-1, -1)	b'\xe6\x8b\xa8'	-10.877961914018515
9222	(-1, -1)	b'\xe4\xb8\x80\xe6\x9d\xa1'	-10.453031890262803
9223	(-1, -1)	b'outs'	-10.889332630424814
9224	(-1, -1)	b' \xd8\xa5'	-10.87813587244289
9225	(-1, -1)	b' 3.'	-10.154828763694171
9226	(-1, -1)	b'\xe5\x86\x85\xe7\xba\xbf'	-10.877614087928052
9227	(-1, -1)	b'\xe4\xb8\x8d\xe5\xa4\x9f'	-10.778375559838832
9228	(-1, -1)	b' basketball'	-10.87865792935895
9229	(-1, -1)	b'\xe8\xbe\xbe\xe6\x88\x90'	-10.801149057778751
9230	(-1, -1)	b' Paris'	-10.74737013090993
9231	(-1, -1)	b' veter'	-10.879180258960798
9232	(-1, -1)	b'\xe0\xa7\x80'	-10.879180258960798
9233	(-1, -1)	b'\xe4\xba\xba\xe5\x9c\xa8'	-11.002464290807527
9234	(-1, -1)	b' van'	-10.788981120266294
9235	(-1, -1)	b' Joe'	-10.726822497587827
9236	(-1, -1)	b'\xe6\x8b\x89\xe6\x96\xaf'	-10.884418615622385
9237	(-1, -1)	b' planned'	-10.880400090078336
9238	(-1, -1)	b'\xe6\x98\x9f\xe5\xba\xa7'	-10.880574473198491
9239	(-1, -1)	b'\xe7\xb1\xbb\xe5\x9e\x8b'	-10.592151482409955
9240	(-1, -1)	b'\xe7\xbb\x8f\xe9\x94\x80\xe5\x95\x86'	-10.84393281206176
9241	(-1, -1)	b' centre'	-10.655131509659771
9242	(-1, -1)	b' Open'	-10.772097089991524
9243	(-1, -1)	b'ava'	-10.55671318680465
9244	(-1, -1)	b'\xe5\xae\xa2\xe9\x98\x9f'	-10.839403742842094
9245	(-1, -1)	b'aaf'	-11.517765372879543
9246	(-1, -1)	b'\xe5\x87\xba\xe8\x89\xb2'	-10.909413269620991
9247	(-1, -1)	b' limit'	-10.388621319992275
9248	(-1, -1)	b' sust'	-10.883019035267962
9249	(-1, -1)	b'\xe0\xa8\xbf\xe0\xa9\xb1\xe0\xa8'	-10.88336874675955
9250	(-1, -1)	b'agh'	-10.632151482267718
9251	(-1, -1)	b'ova'	-10.94151524194957
9252	(-1, -1)	b'CE'	-10.245406741439126
9253	(-1, -1)	b' solution'	-10.370865622075964
9254	(-1, -1)	b'ns'	-9.975155319555688
9255	(-1, -1)	b' \xe1\x88\xb5'	-10.884243560917344
9256	(-1, -1)	b'\xe8\xa1\xb0'	-10.884418615622385
9257	(-1, -1)	b'\xe9\x9f\xa6\xe5\xbe\xb7'	-10.88476881699175
9258	(-1, -1)	b'ela'	-11.135432968882286
9259	(-1, -1)	b' Democratic'	-10.884068536851087
9260	(-1, -1)	b' \xd1\x88'	-10.88476881699175
9261	(-1, -1)	b'74'	-10.223924129099405
9262	(-1, -1)	b' advert'	-10.856622264119286
9263	(-1, -1)	b' returned'	-10.884943963677546
9264	(-1, -1)	b' conserv'	-10.838232880451912
9265	(-1, -1)	b' shown'	-10.88546958786836
9266	(-1, -1)	b' Best'	-10.883893543412896
9267	(-1, -1)	b'\xe6\x83\x91'	-10.885995488485268
9268	(-1, -1)	b' \xe0\xa6\xa4'	-10.885995488485268
9269	(-1, -1)	b'93'	-10.357235904760863
9270	(-1, -1)	b' Wal'	-9.945897821140242
9271	(-1, -1)	b'\x9c\xe1\x80'	-10.813140774967609
9272	(-1, -1)	b'ris'	-9.67693308060233
9273	(-1, -1)	b'bour'	-10.600419788586901
9274	(-1, -1)	b' separate'	-10.540694824030732
9275	(-1, -1)	b'\xe6\x88\x96\xe6\x98\xaf'	-10.832731491233027
9276	(-1, -1)	b'\xe8\xbe\x96'	-10.88704812016141
9277	(-1, -1)	b'\xe5\x8e\x86\xe5\x8f\xb2\xe4\xb8\x8a'	-10.820339758937862
9278	(-1, -1)	b'\xe6\x82\xb2'	-10.887399243760523
9279	(-1, -1)	b' otherwise'	-10.887223666549994
9280	(-1, -1)	b'ological'	-10.706395499588645
9281	(-1, -1)	b'\xe5\xb9\xb4\xe5\x88\x9d'	-10.847638391508296
9282	(-1, -1)	b'\xe6\x9b\xb4\xe5\xa5\xbd'	-10.891798722920008
9283	(-1, -1)	b'overy'	-10.770377399111998
9284	(-1, -1)	b'Pre'	-10.770689850294042
9285	(-1, -1)	b' somewhere'	-10.887399243760523
9286	(-1, -1)	b'\xe5\xb0\x8f\xe5\x8c\xba'	-10.744778468509542
9287	(-1, -1)	b' dress'	-10.611018721935407
9288	(-1, -1)	b'\xe6\xb8\xb8\xe6\x88\x8f\xe7\x9a\x84'	-10.877092575530313
9289	(-1, -1)	b' fuel'	-10.722197349469567
9290	(-1, -1)	b'\xe8\xa8\xad'	-10.889508578344685
9291	(-1, -1)	b'VP'	-10.667315681116824
9292	(-1, -1)	b'\xe9\x9d\x92\xe5\xb9\xb4'	-10.85730357908347
9293	(-1, -1)	b'\xd8\xa7\xd8\xb2'	-10.907978291796278
9294	(-1, -1)	b'\xe7\xb8\xbd'	-10.890212679764373
9295	(-1, -1)	b'\xe4\xb8\x80\xe5\x91\xa8'	-10.763528057266424
9296	(-1, -1)	b'\xe5\xbb\xb7'	-10.890741081361872
9297	(-1, -1)	b' resources'	-10.89056491647108
9298	(-1, -1)	b'\xe8\x8b\x97'	-10.891093504273009
9299	(-1, -1)	b'\xe6\x8b\x92\xe7\xbb\x9d'	-10.876918798485823
9300	(-1, -1)	b'\xe0\xae\xb1'	-10.852374530266584
9301	(-1, -1)	b'\xe6\x9c\x8d\xe8\xa3\x85'	-10.891446051429842
9302	(-1, -1)	b'yi'	-10.312177778043054
9303	(-1, -1)	b'azi'	-10.234287858223363
9304	(-1, -1)	b'\xe7\xba\xa0'	-10.891975105317503
9305	(-1, -1)	b'\xd1\x8b\xd0\xbb'	-10.7854862795368
9306	(-1, -1)	b'\xe0\xa8\xae'	-10.892151518831236
9307	(-1, -1)	b'\xe0\xb8\x9e'	-10.815752594930958
9308	(-1, -1)	b'ulf'	-10.866719038522985
9309	(-1, -1)	b'\xe6\x94\xb6\xe8\xb4\xad'	-10.893034053528002
9310	(-1, -1)	b'\xe4\xb9\x90\xe8\xa7\x82'	-10.889156713457169
9311	(-1, -1)	b'\xe9\xab\x98\xe4\xba\x8e'	-10.891798722920008
9312	(-1, -1)	b'net'	-10.677654984326853
9313	(-1, -1)	b'CB'	-10.87241116255933
9314	(-1, -1)	b' accounts'	-10.893563948444578
9315	(-1, -1)	b'\xe4\xb8\x89\xe5\xa4\xa7'	-10.885820157547673
9316	(-1, -1)	b'73'	-10.277232943189233
9317	(-1, -1)	b'\xe5\x88\x9b\xe4\xb8\x9a'	-10.893917367780293
9318	(-1, -1)	b' decent'	-10.853392342059285
9319	(-1, -1)	b'\x8c\x80'	-10.894978375837388
9320	(-1, -1)	b'arks'	-10.981796758519751
9321	(-1, -1)	b'\xe6\xa4\x8d\xe7\x89\xa9'	-10.895509302316544
9322	(-1, -1)	b'\xe6\x97\xa5\xe4\xb8\x8b\xe5\x8d\x88'	-10.878483880102571
9323	(-1, -1)	b'\xe8\x89\xaf\xe5\xa5\xbd'	-10.90565083572816
9324	(-1, -1)	b' spring'	-10.83107036128295
9325	(-1, -1)	b'\xe5\x88\x86\xe6\x9e\x90\xe4\xba\xba\xe5\xa3\xab'	-10.895509302316544
9326	(-1, -1)	b'\xe8\x83\xbd\xe5\x90\xa6'	-10.865343995336238
9327	(-1, -1)	b'\xe5\x8b\x9f\xe9\x9b\x86'	-10.894447731091585
9328	(-1, -1)	b' matches'	-10.89604051082837
9329	(-1, -1)	b' constant'	-10.89038878260889
9330	(-1, -1)	b' honestly'	-10.896394806669102
9331	(-1, -1)	b'\xe8\x83\xa1\xe9\x94\xa6\xe6\xb6\x9b'	-10.896572001672666
9332	(-1, -1)	b' harm'	-10.896572001672666
9333	(-1, -1)	b' Director'	-10.799861227594322
9334	(-1, -1)	b'\xe4\xb8\x80\xe7\x90\x83'	-10.838567272697128
9335	(-1, -1)	b'\xe5\xae\xa2\xe8\xa7\x82'	-10.896572001672666
9336	(-1, -1)	b'\xe4\xb8\x8b\xe9\x9d\xa2'	-10.777431272705398
9337	(-1, -1)	b' traditional'	-10.768816605912363
9338	(-1, -1)	b' sister'	-10.646124312340929
9339	(-1, -1)	b'opp'	-10.371284733565753
9340	(-1, -1)	b' software'	-10.894447731091585
9341	(-1, -1)	b' \xe0\xa6\xa8'	-10.897990693167928
9342	(-1, -1)	b' Lee'	-10.8214898453211
9343	(-1, -1)	b' crash'	-10.354449669017919
9344	(-1, -1)	b' providing'	-10.898345680747092
9345	(-1, -1)	b'\xe5\x81\x9a\xe4\xba\x86'	-10.886346242610225
9346	(-1, -1)	b' UN'	-10.888804972335006
9347	(-1, -1)	b'Its'	-10.898523221803927
9348	(-1, -1)	b'\xe7\xac\xac\xe5\x8d\x81'	-10.899056034177779
9349	(-1, -1)	b'asy'	-10.882145291219366
9350	(-1, -1)	b'achd'	-10.891622371627777
9351	(-1, -1)	b' mode'	-10.800343969578112
9352	(-1, -1)	b'pre'	-10.383409928245655
9353	(-1, -1)	b'\xe6\x98\xaf\xe4\xbb\x80\xe4\xb9\x88'	-10.700697478474007
9354	(-1, -1)	b' arr'	-9.862053337356746
9355	(-1, -1)	b' Grand'	-10.894801462966516
9356	(-1, -1)	b'-sh'	-10.868785154960456
9357	(-1, -1)	b' truth'	-10.896749228079864
9358	(-1, -1)	b'\xe7\xa0\x8d'	-10.900122511349604
9359	(-1, -1)	b'sea'	-10.09472061951183
9360	(-1, -1)	b'\xe0\xa4\xbe\xe0\xa4\xb9'	-10.936892025208113
9361	(-1, -1)	b'\xe9\x9c\x86'	-10.900834128529608
9362	(-1, -1)	b' movies'	-10.901012111977616
9363	(-1, -1)	b' \xe0\xa8\xa4'	-11.008391990440803
9364	(-1, -1)	b'\xe6\xad\xa4\xe6\x97\xb6'	-10.78342687286835
9365	(-1, -1)	b' abuse'	-10.537101041118294
9366	(-1, -1)	b'\xe5\xa4\xa7\xe5\xad\xb8'	-10.875356162522394
9367	(-1, -1)	b' connection'	-10.66872572083155
9368	(-1, -1)	b' powerful'	-10.884418615622385
9369	(-1, -1)	b'\xe5\xbd\x93\xe5\xb9\xb4'	-10.698805330321969
9370	(-1, -1)	b'\xe4\xb8\xa2'	-10.90261539013347
9371	(-1, -1)	b'\xe4\xb8\xa6'	-10.903150387917073
9372	(-1, -1)	b'\xe8\xaf\xb4\xe6\xb3\x95'	-10.903150387917073
9373	(-1, -1)	b'\xe5\x88\x86\xe4\xba\xab'	-10.899766892569184
9374	(-1, -1)	b'\xe6\x9c\x80\xe5\xa4\x9a'	-10.501378618134826
9375	(-1, -1)	b' Gh'	-10.803891216122574
9376	(-1, -1)	b' \xc3\xbc'	-10.911749509339357
9377	(-1, -1)	b' lag'	-10.660155243362487
9378	(-1, -1)	b'\xe0\xb9\x88\xe0\xb8\xb2\xe0\xb8'	-10.92606523810339
9379	(-1, -1)	b'\xc9\x99k'	-10.781371698640903
9380	(-1, -1)	b'\xe4\xb8\x8b\xe8\xbd\xbd'	-10.902972023518133
9381	(-1, -1)	b' insp'	-10.412906146257027
9382	(-1, -1)	b'\xe5\x87\x8c\xe6\x99\xa8'	-10.904221242918565
9383	(-1, -1)	b'\xe6\x89\x93\xe5\x87\xbb'	-10.904935783856434
9384	(-1, -1)	b' offensive'	-10.897635831560232
9385	(-1, -1)	b' install'	-10.505804727400195
9386	(-1, -1)	b'\xe2\x98\x86'	-10.905293245879902
9387	(-1, -1)	b' purchase'	-10.328511175710167
9388	(-1, -1)	b'GA'	-10.808911063114241
9389	(-1, -1)	b'anka'	-11.021557949623107
9390	(-1, -1)	b'\xd8\xaa\xd9\x87'	-10.847469657853967
9391	(-1, -1)	b' doctor'	-10.389474744409338
9392	(-1, -1)	b'\xe7\x96\xab'	-10.906008553492661
9393	(-1, -1)	b'\xe7\xb0'	-10.906008553492661
9394	(-1, -1)	b'\xe5\xae\xb6\xe9\x87\x8c'	-10.753494786404945
9395	(-1, -1)	b'\xe0\xaa\xbe\xe0\xaa\xa8'	-11.190475763379162
9396	(-1, -1)	b'\xe8\xbe\x85'	-10.906187460372108
9397	(-1, -1)	b'bi'	-9.883248797148951
9398	(-1, -1)	b'Man'	-10.174174034418932
9399	(-1, -1)	b'Se'	-10.532657686486083
9400	(-1, -1)	b'anya'	-10.654853151968341
9401	(-1, -1)	b'\xe7\x88\xbd'	-10.906366399264954
9402	(-1, -1)	b'\xe4\xb8\x8d\xe7\x94\xa8'	-10.89586340996897
9403	(-1, -1)	b'\xe4\xb9\x9f\xe5\xbe\x88'	-10.921149433939254
9404	(-1, -1)	b'\xe7\x9a\x84\xe4\xb8\x80\xe4\xba\x9b'	-11.179128123881624
9405	(-1, -1)	b'-L'	-10.929905418373522
9406	(-1, -1)	b'\xe5\x87\xad\xe5\x80\x9f'	-10.907082475199598
9407	(-1, -1)	b' commission'	-10.859862652389975
9408	(-1, -1)	b" they've"	-10.907261574331445
9409	(-1, -1)	b' \xd0\xbb'	-11.02236148522279
9410	(-1, -1)	b'aron'	-10.961358648575827
9411	(-1, -1)	b'\xe5\xb9\xb6\xe6\x9c\xaa'	-10.907261574331445
9412	(-1, -1)	b' Art'	-10.475574535467361
9413	(-1, -1)	b'\xe9\x83\xbd\xe8\xa6\x81'	-10.908157551454371
9414	(-1, -1)	b' nature'	-10.893563948444578
9415	(-1, -1)	b' Images'	-10.908157551454371
9416	(-1, -1)	b'\xe4\xb9\xa6\xe8\xae\xb0'	-10.908516167201446
9417	(-1, -1)	b'\xe5\x82\xa8\xe5\xa4\x87'	-10.908695523313487
9418	(-1, -1)	b' chem'	-10.900834128529608
9419	(-1, -1)	b'\xe5\xad\x90\xe7\x9a\x84'	-10.910850309566513
9420	(-1, -1)	b' grab'	-10.772253572270225
9421	(-1, -1)	b'!!!!'	-11.102454435316012
9422	(-1, -1)	b'\xe7\xbe\x8e\xe4\xb8\xbd'	-10.90923378474211
9423	(-1, -1)	b' \xd1\x8f'	-10.90995191762755
9424	(-1, -1)	b' intelligence'	-10.908695523313487
9425	(-1, -1)	b' pulled'	-10.91031117755597
9426	(-1, -1)	b'\xe9\x87\x87\xe8\xae\xbf\xe6\x97\xb6'	-10.906903408138504
9427	(-1, -1)	b' communities'	-10.91049085593216
9428	(-1, -1)	b'\xd0\xb5\xd0\xbd\xd1\x82'	-10.908336843252252
9429	(-1, -1)	b'\xe8\x84\x8f'	-10.910670566598473
9430	(-1, -1)	b'\xe6\x80\xbb\xe8\xa3\x81'	-10.910670566598473
9431	(-1, -1)	b'ashed'	-10.970284735758455
9432	(-1, -1)	b'\xe6\x89\xbf\xe6\x8b\x85'	-10.911209892454242
9433	(-1, -1)	b' decide'	-10.704053920880808
9434	(-1, -1)	b'ctions'	-10.944113610152387
9435	(-1, -1)	b'700'	-10.322205164122137
9436	(-1, -1)	b'\xe6\x84\x8f\xe6\x80\x9d'	-10.911929446361885
9437	(-1, -1)	b'\xe5\xa4\xa9\xe6\xb4\xa5'	-10.911389732397177
9438	(-1, -1)	b'\xe6\x98\xaf\xe6\x8c\x87'	-10.891446051429842
9439	(-1, -1)	b'\xe4\xb8\x87\xe7\xa7\x91'	-10.912109415767572
9440	(-1, -1)	b' walking'	-10.912289417568076
9441	(-1, -1)	b'\xdb\x8c\xd8\xa7'	-10.654992321128681
9442	(-1, -1)	b'\xe6\x88\x91\xe8\xa6\x81'	-10.913189912901325
9443	(-1, -1)	b'\xe6\x82\xac'	-10.9126495184002
9444	(-1, -1)	b'lig'	-10.349617996806687
9445	(-1, -1)	b'\xe4\xb8\xbb\xe5\x8a\x9b'	-10.717000990066964
9446	(-1, -1)	b' constit'	-10.81591606039924
9447	(-1, -1)	b'\xe8\xbf\x99\xe4\xb9\x9f\xe6\x98\xaf'	-10.88127230993302
9448	(-1, -1)	b'oking'	-10.786755717980835
9449	(-1, -1)	b' naa'	-10.907619868853372
9450	(-1, -1)	b'\xe8\x98\xad'	-10.913189912901325
9451	(-1, -1)	b'den'	-10.044123004980605
9452	(-1, -1)	b' ring'	-10.70026051102113
9453	(-1, -1)	b'\xe5\xbe\x88\xe5\xa4\xa7\xe7\x9a\x84'	-10.913730599586572
9454	(-1, -1)	b' dangerous'	-10.859521064000658
9455	(-1, -1)	b'\xd1\x80\xd0\xb0\xd1'	-10.701717812357442
9456	(-1, -1)	b'abe'	-11.234462929789142
9457	(-1, -1)	b'\xe5\x90\x84\xe5\x9b\xbd'	-10.912289417568076
9458	(-1, -1)	b'ologies'	-11.057122703345392
9459	(-1, -1)	b' managed'	-10.914993339900477
9460	(-1, -1)	b'\xe5\x90\x84\xe4\xb8\xaa'	-10.911569604688337
9461	(-1, -1)	b'\xe4\xb8\x89\xe6\x98\x9f'	-10.915535002818839
9462	(-1, -1)	b'\xe7\x88\xb5'	-10.916257676743696
9463	(-1, -1)	b' opposition'	-10.912109415767572
9464	(-1, -1)	b'inin'	-10.921876178157286
9465	(-1, -1)	b'\xe5\x9c\xa8\xe5\x8c\x97\xe4\xba\xac'	-10.677797363482785
9466	(-1, -1)	b'\xe5\x8f\x98\xe6\x88\x90'	-10.564311045312563
9467	(-1, -1)	b'\xe4\xb8\x8d\xe5\xa4\xa7'	-10.849158276965111
9468	(-1, -1)	b'\xe5\xbd\xbc'	-10.917704593255852
9469	(-1, -1)	b'\xe5\x91\xa8\xe6\x9c\x9f'	-10.828583828712945
9470	(-1, -1)	b'formation'	-10.668443553786789
9471	(-1, -1)	b'\xe7\xba\xa2\xe8\x89\xb2'	-10.731469137140762
9472	(-1, -1)	b' affect'	-10.592151482409955
9473	(-1, -1)	b' Ell'	-10.986438933200516
9474	(-1, -1)	b' Bell'	-11.029420100796056
9475	(-1, -1)	b'rog'	-11.268578683029315
9476	(-1, -1)	b' cu'	-10.655549191531488
9477	(-1, -1)	b'MO'	-10.576975109670645
9478	(-1, -1)	b'\xe8\x88\xb0'	-10.919878901052122
9479	(-1, -1)	b'\xe6\xa3\x80\xe5\xaf\x9f'	-10.919878901052122
9480	(-1, -1)	b'\xe5\x8d\xb1\xe9\x99\xa9'	-10.920423217494847
9481	(-1, -1)	b'\xe6\x8d\xa7'	-10.920423217494847
9482	(-1, -1)	b' devices'	-10.920423217494847
9483	(-1, -1)	b'\xe5\x88\x86\xe4\xb8\xba'	-10.923695352753944
9484	(-1, -1)	b' gain'	-10.110098145018618
9485	(-1, -1)	b'\xe4\xbb\x85\xe4\xbb\x85'	-10.45132744123929
9486	(-1, -1)	b' apart'	-11.106162586582172
9487	(-1, -1)	b'\xe9\xa1\x9e'	-10.921149433939254
9488	(-1, -1)	b'uman'	-10.837397388716454
9489	(-1, -1)	b'\xe5\x87\xa4'	-10.921694442582048
9490	(-1, -1)	b' \xe0\xb6\xb1'	-10.92405958513823
9491	(-1, -1)	b'\xe5\x85\xb6\xe5\xae\x83'	-10.873449584251812
9492	(-1, -1)	b'mes'	-10.517866144878422
9493	(-1, -1)	b'\xe9\x87\x8a\xe6\x94\xbe'	-10.918609980370665
9494	(-1, -1)	b'\xe8\x84\x82\xe8\x82\xaa'	-10.92242158313399
9495	(-1, -1)	b'\xe6\x89\x80\xe6\x9c\x89\xe7\x9a\x84'	-10.800665927082504
9496	(-1, -1)	b'\xe6\x84\x88'	-10.922603450916615
9497	(-1, -1)	b' Ba'	-10.421464460508755
9498	(-1, -1)	b' strategy'	-10.922603450916615
9499	(-1, -1)	b'2004'	-10.52578480719832
9500	(-1, -1)	b' 300'	-10.92734366033942
9501	(-1, -1)	b'\xd1\x96\xd0\xb4'	-10.907978291796278
9502	(-1, -1)	b' ren'	-11.193571372471043
9503	(-1, -1)	b' gb'	-10.908874911599913
9504	(-1, -1)	b'inals'	-10.925335444237758
9505	(-1, -1)	b' sites'	-10.923877452362934
9506	(-1, -1)	b'\xe6\x8e\x8c\xe6\x8f\xa1'	-10.924423950236084
9507	(-1, -1)	b' enforcement'	-10.923513286299185
9508	(-1, -1)	b' forecast'	-10.680792018127194
9509	(-1, -1)	b'\xe5\xad\xa4'	-10.924970746932475
9510	(-1, -1)	b'\xe0\xa4\xbf\xe0\xa4\xb2'	-10.924970746932475
9511	(-1, -1)	b' Jul'	-10.915173861608702
9512	(-1, -1)	b' boys'	-10.924241751091916
9513	(-1, -1)	b' mw'	-10.881970633983746
9514	(-1, -1)	b'\xe6\x98\x86'	-10.92570027459569
9515	(-1, -1)	b'\xe5\x8d\x9a\xe5\xa3\xab'	-10.925882739699745
9516	(-1, -1)	b'\xe7\x8b\x97'	-10.92606523810339
9517	(-1, -1)	b' seat'	-10.314848534860811
9518	(-1, -1)	b'\xe6\xad\xa3\xe7\xa1\xae'	-10.923877452362934
9519	(-1, -1)	b' dick'	-10.772410079039462
9520	(-1, -1)	b'itude'	-10.796328222474058
9521	(-1, -1)	b' apparently'	-10.926612933233466
9522	(-1, -1)	b'\xe5\xa4\x96\xe8\xa7\x82'	-10.669290293888183
9523	(-1, -1)	b'\xe4\xba\xba\xe5\xa4\xa7'	-10.925882739699745
9524	(-1, -1)	b'\xe6\x8b\xbf\xe4\xb8\x8b'	-10.691994203345706
9525	(-1, -1)	b'\xe6\x9b\xb9'	-10.927160928497887
9526	(-1, -1)	b'mark'	-9.788260315915842
9527	(-1, -1)	b' Invest'	-10.927160928497887
9528	(-1, -1)	b'\xe5\xb9\xb2\xe9\x83\xa8'	-10.864313952326711
9529	(-1, -1)	b' trail'	-10.652629075432985
9530	(-1, -1)	b'\xe7\x9a\x84\xe5\xb7\xa5\xe4\xbd\x9c'	-10.627130778322675
9531	(-1, -1)	b'Please'	-10.923331252986587
9532	(-1, -1)	b' Read'	-10.612351522345948
9533	(-1, -1)	b'\xe1\x8b\x8e'	-10.922785351781146
9534	(-1, -1)	b' handle'	-10.528601882978895
9535	(-1, -1)	b'\xe5\xbc\xba\xe5\x8c\x96'	-10.912469451775062
9536	(-1, -1)	b' teach'	-10.795206697082127
9537	(-1, -1)	b' temper'	-10.890036607926609
9538	(-1, -1)	b' hopes'	-10.928623719031167
9539	(-1, -1)	b' switch'	-10.577876648787667
9540	(-1, -1)	b' concerned'	-10.928623719031167
9541	(-1, -1)	b'\xe5\xb0\xb8'	-10.92880671839118
9542	(-1, -1)	b'\xe8\x89\xaf\xe5\xa5\xbd\xe7\x9a\x84'	-10.918972364864574
9543	(-1, -1)	b'\xe7\xae\x80\xe7\xa7\xb0'	-10.876397648469684
9544	(-1, -1)	b'\xe5\xa5\xa5\xe8\xbf\x90'	-10.929172817608155
9545	(-1, -1)	b' customer'	-10.890036607926609
9546	(-1, -1)	b'Here'	-10.922057946766348
9547	(-1, -1)	b" O'"	-10.913730599586572
9548	(-1, -1)	b' categ'	-10.929355917489652
9549	(-1, -1)	b'\xe0\xb9\x87'	-10.929905418373522
9550	(-1, -1)	b' crew'	-10.928257820746806
9551	(-1, -1)	b' liked'	-10.930271920118509
9552	(-1, -1)	b'\xe0\xa8\xa3'	-10.930271920118509
9553	(-1, -1)	b'\xe9\x9a\xbe\xe5\xba\xa6'	-10.876397648469684
9554	(-1, -1)	b' gotten'	-10.930821924715744
9555	(-1, -1)	b'bon'	-10.627266142113069
9556	(-1, -1)	b'\xe5\xb7\xb2\xe6\x9c\x89'	-10.84578388537113
9557	(-1, -1)	b'\xe6\x89\xbf\xe8\xae\xa4'	-10.929355917489652
9558	(-1, -1)	b' Town'	-10.931372231984517
9559	(-1, -1)	b' Ze'	-10.737950431967144
9560	(-1, -1)	b' narr'	-10.92752642557798
9561	(-1, -1)	b'\xe5\xa5\x8f'	-10.931739271812457
9562	(-1, -1)	b'\xe6\x97\xa5\xe8\x87\xb3'	-10.931922842258132
9563	(-1, -1)	b'\xe0\xb0\xbf\xe0\xb0\x82\xe0\xb0'	-10.931922842258132
9564	(-1, -1)	b'\xe5\x9c\xba\xe4\xb8\x8a'	-10.75888480484428
9565	(-1, -1)	b' Mem'	-11.077937078240664
9566	(-1, -1)	b' German'	-10.829909209954014
9567	(-1, -1)	b'Sp'	-10.748744911543477
9568	(-1, -1)	b' Stud'	-10.92570027459569
9569	(-1, -1)	b'k\xe1\xbb\x8d'	-10.398372267865797
9570	(-1, -1)	b'\xe5\xa3\xae'	-10.933208779791817
9571	(-1, -1)	b'\xe8\xb4\xa7\xe5\xb8\x81\xe6\x94\xbf\xe7\xad\x96'	-10.933208779791817
9572	(-1, -1)	b' fellow'	-10.915173861608702
9573	(-1, -1)	b'\xe0\xb6\xab'	-10.931555735058708
9574	(-1, -1)	b'\xe7\xa1\x95'	-10.933760402495885
9575	(-1, -1)	b'adda'	-10.713453314505694
9576	(-1, -1)	b'\xe4\xb8\x8a\xe5\xb8\x82\xe5\x85\xac\xe5\x8f\xb8'	-10.8066409145797
9577	(-1, -1)	b' \xeb\xa7'	-10.934128320086495
9578	(-1, -1)	b'\xe9\x98\xbf\xe5\xb0\x94'	-10.934312329655514
9579	(-1, -1)	b'\xe5\xbe\x88\xe5\xa5\xbd\xe7\x9a\x84'	-10.923149252804084
9580	(-1, -1)	b' purpose'	-10.588238093643124
9581	(-1, -1)	b'PR'	-10.804537524110817
9582	(-1, -1)	b'Ad'	-10.843596621102131
9583	(-1, -1)	b'\xe4\xb9\x9f\xe8\xa6\x81'	-10.934680450403274
9584	(-1, -1)	b' \xe1\x8a\x95'	-10.934680450403274
9585	(-1, -1)	b'\xe0\xaf\x8d\xe0\xae\xb1'	-10.934680450403274
9586	(-1, -1)	b'\xe8\x83\x96'	-10.934864561606961
9587	(-1, -1)	b' negative'	-10.892327963472187
9588	(-1, -1)	b'\xe4\xb8\xad\xe5\xad\xa6'	-10.877961914018515
9589	(-1, -1)	b' Mos'	-10.73674142471696
9590	(-1, -1)	b' strength'	-10.51895884212792
9591	(-1, -1)	b'\xe5\xa4\xa7\xe5\xb0\x8f'	-10.70566316707697
9592	(-1, -1)	b' baseball'	-10.935969941233147
9593	(-1, -1)	b'orial'	-10.527743671683654
9594	(-1, -1)	b'\xd9\x84\xd9\x8a'	-10.832565254012131
9595	(-1, -1)	b' application'	-10.936523089583195
9596	(-1, -1)	b'Phone'	-10.768037121891291
9597	(-1, -1)	b' unf'	-10.592020789081662
9598	(-1, -1)	b'\xe6\xa1\x8c'	-10.937076544075692
9599	(-1, -1)	b'\xe7\x96\xaf\xe7\x8b\x82'	-10.937261096996766
9600	(-1, -1)	b'\xe6\xa2\xa6\xe6\x83\xb3'	-10.934680450403274
9601	(-1, -1)	b' session'	-10.64971746159096
9602	(-1, -1)	b'\xe1\xba\xad'	-10.937076544075692
9603	(-1, -1)	b'\xe5\x86\x9c\xe6\xb0\x91'	-10.937630305049694
9604	(-1, -1)	b' Pakistan'	-10.792647923896496
9605	(-1, -1)	b' remove'	-10.841246443757177
9606	(-1, -1)	b'\xe5\xa7\xbf'	-10.938184372844828
9607	(-1, -1)	b' AL'	-10.935969941233147
9608	(-1, -1)	b' Email'	-10.926247769818783
9609	(-1, -1)	b' surr'	-10.685946668715859
9610	(-1, -1)	b' reduce'	-10.384896128094585
9611	(-1, -1)	b' Christian'	-10.68910986330162
9612	(-1, -1)	b'ht'	-10.779320739493318
9613	(-1, -1)	b'\xe1\xbb\x83'	-10.93873874780128
9614	(-1, -1)	b' ru'	-10.692427572799943
9615	(-1, -1)	b' suit'	-10.40919839937034
9616	(-1, -1)	b'\xe5\xaf\xb9\xe5\xba\x94'	-10.938923607770379
9617	(-1, -1)	b'\xe5\xbe\xb7\xe9\x87\x8c'	-10.906008553492661
9618	(-1, -1)	b'-12'	-10.963061742941498
9619	(-1, -1)	b'\xe5\xa4\xaa\xe5\xa4\x9a'	-10.689253882888533
9620	(-1, -1)	b'\xe8\xae\xa4\xe7\x9c\x9f'	-10.864657182122427
9621	(-1, -1)	b' \xd0\x92'	-10.939663389568498
9622	(-1, -1)	b'\xe9\x80\x82\xe5\xba\x94'	-10.935969941233147
9623	(-1, -1)	b'\xe0\xa7\x8d\xe0\xa6\xaf'	-10.679079688941682
9624	(-1, -1)	b'\xe7\xaf\xae\xe7\x90\x83'	-10.937076544075692
9625	(-1, -1)	b'\xe4\xbc\x9a\xe7\x9a\x84'	-11.08518657694138
9626	(-1, -1)	b' rough'	-10.921149433939254
9627	(-1, -1)	b' ordered'	-10.940774089423519
9628	(-1, -1)	b'\xe5\x8f\xaf\xe4\xbb\xa5\xe5\x9c\xa8'	-11.022763495278456
9629	(-1, -1)	b'\xe6\x9c\x88\xe7\x90\x83'	-10.940218585289244
9630	(-1, -1)	b'IR'	-10.919878901052122
9631	(-1, -1)	b'\xe9\x81\x97\xe6\xbc\x8f'	-10.941144597023163
9632	(-1, -1)	b'\xe6\x98\xaf\xe4\xb8\x80\xe6\xac\xbe'	-10.92697823004118
9633	(-1, -1)	b' equipment'	-10.936338672800746
9634	(-1, -1)	b'antic'	-10.84679500780308
9635	(-1, -1)	b" world's"	-10.942256944190138
9636	(-1, -1)	b' defensive'	-10.937261096996766
9637	(-1, -1)	b' \xd0\xa2'	-10.942628001708309
9638	(-1, -1)	b' critical'	-10.80761320439864
9639	(-1, -1)	b' committed'	-10.942813582111551
9640	(-1, -1)	b' \xd9\x84\xd9\x87'	-10.915535002818839
9641	(-1, -1)	b' Frank'	-10.896572001672666
9642	(-1, -1)	b'Have'	-10.816079552592853
9643	(-1, -1)	b'elly'	-10.87778798585041
9644	(-1, -1)	b'tu'	-10.132213371673318
9645	(-1, -1)	b'Yep'	-10.858667603165376
9646	(-1, -1)	b' stated'	-10.944113610152387
9647	(-1, -1)	b' vir'	-10.78580348810409
9648	(-1, -1)	b' Ro'	-9.55689048515037
9649	(-1, -1)	b' bid'	-10.809885563759819
9650	(-1, -1)	b'\xe6\x9c\x80\xe5\xa5\xbd\xe7\x9a\x84'	-10.760894234378911
9651	(-1, -1)	b'\xe5\xae\xa2\xe8\x83\x9c'	-10.944485357368563
9652	(-1, -1)	b'\xe6\x8a\x95\xe7\xaf\xae'	-10.94504323743882
9653	(-1, -1)	b'\xe5\xa5\xa2'	-10.945601428912985
9654	(-1, -1)	b'\xe7\xa9\x86'	-10.945973729736346
9655	(-1, -1)	b'ining'	-10.68465551295224
9656	(-1, -1)	b' arrived'	-10.946346169219236
9657	(-1, -1)	b'\xe5\x81\x9a\xe5\x88\xb0'	-10.730267935795128
9658	(-1, -1)	b'andon'	-10.915896274499069
9659	(-1, -1)	b'ocol'	-10.931922842258132
9660	(-1, -1)	b'\xe8\x80\x81\xe4\xba\xba'	-10.827425559368594
9661	(-1, -1)	b'\xe6\xb0\xb8\xe8\xbf\x9c'	-10.946718747464978
9662	(-1, -1)	b'\xe8\x82\xa1\xe4\xbb\xb7'	-10.946905088656237
9663	(-1, -1)	b'\xe6\x9c\x80\xe4\xb8\xba'	-10.903685672076522
9664	(-1, -1)	b'\xe9\x81\x93\xe5\x85\xb7'	-10.946346169219236
9665	(-1, -1)	b'.cn'	-10.912829617455166
9666	(-1, -1)	b'\xe5\xba\x9f'	-10.94746432065888
9667	(-1, -1)	b'\xe9\x81\x87\xe5\x88\xb0'	-10.685659601109467
9668	(-1, -1)	b'\xe9\xa2\x84\xe7\xae\x97'	-10.948023865576959
9669	(-1, -1)	b'aints'	-10.87813587244289
9670	(-1, -1)	b'care'	-10.601342723585502
9671	(-1, -1)	b'\xe3\x82\xb9'	-10.948210450146956
9672	(-1, -1)	b' disease'	-10.683079694275028
9673	(-1, -1)	b'\xe4\xb9\xb0\xe5\x85\xa5'	-10.948770412830743
9674	(-1, -1)	b'olic'	-10.806317027937194
9675	(-1, -1)	b' assume'	-10.87120103189043
9676	(-1, -1)	b' YOU'	-10.69807853328438
9677	(-1, -1)	b' mal'	-10.88266944603175
9678	(-1, -1)	b'\xe5\x88\x9b\xe6\x84\x8f'	-10.948957136759956
9679	(-1, -1)	b'\xe5\xbe\x97\xe5\x88\xb0\xe4\xba\x86'	-10.951949471141619
9680	(-1, -1)	b'\xd9\x84\xd9\x89'	-10.87120103189043
9681	(-1, -1)	b' \xd0\xbf\xd1\x80\xd0\xb5'	-10.92242158313399
9682	(-1, -1)	b'Will'	-10.938923607770379
9683	(-1, -1)	b'\xe5\x91\xa8\xe6\x9c\xab'	-10.597393271374415
9684	(-1, -1)	b' champion'	-10.556839345891426
9685	(-1, -1)	b' \xe0\xa4\x9a'	-10.950452184693074
9686	(-1, -1)	b'\xe0\xb0\xa4'	-10.369713970375626
9687	(-1, -1)	b'\xe7\x9b\xb8\xe4\xba\x92'	-10.951200547684035
9688	(-1, -1)	b'\xe5\xa4\x9a\xe5\xb9\xb4'	-10.578263271641893
9689	(-1, -1)	b'\xe8\x81\xaf'	-10.9513877259719
9690	(-1, -1)	b'\xe5\x85\xac\xe5\xaf\x93'	-10.9513877259719
9691	(-1, -1)	b" country's"	-10.9513877259719
9692	(-1, -1)	b'\xe8\xad\xa6\xe5\xaf\x9f'	-10.950639222942941
9693	(-1, -1)	b'\xc3\xa1c'	-10.921512740028627
9694	(-1, -1)	b'r\xe1\xbb\x8d'	-10.840240913255158
9695	(-1, -1)	b' alcohol'	-10.951762187687565
9696	(-1, -1)	b' records'	-10.952136789677336
9697	(-1, -1)	b' noticed'	-10.952511532046346
9698	(-1, -1)	b'\xe5\xaf\x84'	-10.952698955905952
9699	(-1, -1)	b'\xe5\xb9\xb8\xe7\xa6\x8f'	-10.952886414899847
9700	(-1, -1)	b'\xe6\x9c\xba\xe5\x99\xa8'	-10.941886024304578
9701	(-1, -1)	b'\xe7\xbe\x8e\xe5\xa5\xb3'	-10.947091464577007
9702	(-1, -1)	b'\xe8\xae\xa9\xe4\xbb\x96'	-10.854411190848388
9703	(-1, -1)	b'\xd8\xa7\xd9\x87'	-11.012363401538268
9704	(-1, -1)	b'\xe6\xb6\xb5'	-10.953261438343207
9705	(-1, -1)	b'\xe4\xbb\xa5\xe6\x9d\xa5\xe7\x9a\x84'	-11.098759983651112
9706	(-1, -1)	b'ami'	-10.505564976739732
9707	(-1, -1)	b' tip'	-10.42554992967058
9708	(-1, -1)	b'\xe7\x9a\x84\xe7\xbb\x8f\xe6\xb5\x8e'	-10.888101861038683
9709	(-1, -1)	b'urb'	-10.348797904500344
9710	(-1, -1)	b' Techn'	-10.953636602481916
9711	(-1, -1)	b'rid'	-10.659036675013196
9712	(-1, -1)	b'ugs'	-10.951200547684035
9713	(-1, -1)	b'\xe0\xa9\x8d'	-10.954199612724807
9714	(-1, -1)	b'\xe5\xa4\xa9\xe7\x9a\x84'	-10.997943398586651
9715	(-1, -1)	b' primary'	-10.95438735326793
9716	(-1, -1)	b'\xe5\xb8\xb8\xe8\xa7\x84'	-10.952511532046346
9717	(-1, -1)	b'\xe0\xa5\x8d\xe0\xa4\x9f'	-11.061292851173487
9718	(-1, -1)	b'\xe5\x87\xba\xe7\x8e\xb0\xe5\x9c\xa8'	-10.961736863406356
9719	(-1, -1)	b'\xe7\xad\x94\xe6\xa1\x88'	-10.95438735326793
9720	(-1, -1)	b' eating'	-10.955138668104171
9721	(-1, -1)	b'\xe7\xbc\xb4'	-10.955326585045437
9722	(-1, -1)	b' remind'	-10.679792803141481
9723	(-1, -1)	b' dal'	-11.353022664513698
9724	(-1, -1)	b'\xe7\x9b\x98\xe5\x8f\xa3'	-10.953636602481916
9725	(-1, -1)	b'\xc4\xb1nda'	-10.492703063097323
9726	(-1, -1)	b'\xec\x9a'	-10.676232306607877
9727	(-1, -1)	b'\xd1\x96\xd0\xb2'	-10.955514537306117
9728	(-1, -1)	b'AY'	-9.35248811204347
9729	(-1, -1)	b' inbox'	-10.956078606137467
9730	(-1, -1)	b'isation'	-10.699823734425411
9731	(-1, -1)	b'\xe7\xb1\xb3\xe5\x85\xb0'	-10.95626669980867
9732	(-1, -1)	b'\xe6\x9c\x88\xe7\x9a\x84'	-10.87935442947417
9733	(-1, -1)	b' fly'	-10.450986899775076
9734	(-1, -1)	b' Yes'	-10.947277875240237
9735	(-1, -1)	b' smaller'	-10.956078606137467
9736	(-1, -1)	b'\xe0\xaa\xa3'	-11.007401597173754
9737	(-1, -1)	b' Rod'	-10.952136789677336
9738	(-1, -1)	b'WE'	-10.907082475199598
9739	(-1, -1)	b' user'	-10.90261539013347
9740	(-1, -1)	b' Inter'	-10.72175088767184
9741	(-1, -1)	b' Martin'	-10.622135155970906
9742	(-1, -1)	b' collection'	-10.833895926197835
9743	(-1, -1)	b' uu'	-10.891798722920008
9744	(-1, -1)	b'urd'	-10.590062436082912
9745	(-1, -1)	b' closer'	-10.950452184693074
9746	(-1, -1)	b'\xe9\xbc\x93\xe5\x8a\xb1'	-10.958338068593722
9747	(-1, -1)	b'\xe6\xa3\x80\xe6\xb5\x8b'	-10.958526587776108
9748	(-1, -1)	b'\xe5\xae\x9e\xe9\xaa\x8c'	-10.956831193190864
9749	(-1, -1)	b'\xe4\xb8\x8a\xe4\xb8\x80'	-11.045743662596351
9750	(-1, -1)	b'uan'	-10.870337548545182
9751	(-1, -1)	b' \xe1\x88\xb0'	-10.959092358654
9752	(-1, -1)	b'\xe5\x90\x8d\xe7\xa7\xb0'	-10.913189912901325
9753	(-1, -1)	b'\xe6\xb3\xa2\xe5\x8a\xa8'	-10.95965844980979
9754	(-1, -1)	b'-the'	-10.954950786469048
9755	(-1, -1)	b'\xe8\xb4\xad\xe7\x89\xa9'	-10.959092358654
9756	(-1, -1)	b'\xe6\x90\xad\xe8\xbd\xbd'	-10.95965844980979
9757	(-1, -1)	b' believes'	-10.95965844980979
9758	(-1, -1)	b'\xe6\xb2\xb3\xe5\x8d\x97'	-10.958715142504676
9759	(-1, -1)	b'Ag'	-10.968188498687844
9760	(-1, -1)	b' Ill'	-10.972959044897694
9761	(-1, -1)	b'2017'	-10.948957136759956
9762	(-1, -1)	b'\xe6\x9d\x83\xe5\xa8\x81'	-10.96116959478946
9763	(-1, -1)	b'HS'	-10.967046946052461
9764	(-1, -1)	b'\xe6\x89\xab'	-10.960980576737674
9765	(-1, -1)	b' measure'	-10.792488217755455
9766	(-1, -1)	b'\xe6\xbb\xa1\xe6\x84\x8f'	-10.960980576737674
9767	(-1, -1)	b'\xe7\x9a\x84\xe7\x8e\xa9\xe5\xae\xb6'	-10.707861775511173
9768	(-1, -1)	b'\xe5\xae\x9e\xe4\xb9\xa0'	-10.960036022024962
9769	(-1, -1)	b'From'	-10.953261438343207
9770	(-1, -1)	b'\xe6\x98\xaf\xe5\x9b\xa0\xe4\xb8\xba'	-10.83107036128295
9771	(-1, -1)	b' trouble'	-10.683509216795771
9772	(-1, -1)	b'\xe6\x9f\xa5\xe7\x9c\x8b'	-10.955138668104171
9773	(-1, -1)	b' Andrew'	-10.961736863406356
9774	(-1, -1)	b' dollar'	-10.952698955905952
9775	(-1, -1)	b'\xd0\xb5\xd1'	-10.832731491233027
9776	(-1, -1)	b'\xc3\xbcr'	-10.767258244992346
9777	(-1, -1)	b'\xe4\xb8\x8d\xe4\xbd\x86'	-10.92296728573962
9778	(-1, -1)	b'\xe8\xb0\xa8\xe6\x85\x8e'	-10.96268302678473
9779	(-1, -1)	b' fake'	-10.868785154960456
9780	(-1, -1)	b' ideas'	-10.962872366934873
9781	(-1, -1)	b'\xe8\xba\xab\xe8\xbe\xb9'	-10.96249372247749
9782	(-1, -1)	b'\xe8\xbf\x98\xe5\xb0\x86'	-10.895155320011963
9783	(-1, -1)	b'ords'	-10.951762187687565
9784	(-1, -1)	b'luding'	-10.924788448144257
9785	(-1, -1)	b'\xe5\xaf\xba'	-10.963630086236138
9786	(-1, -1)	b'\xe5\x8b\xa4'	-10.964198752728574
9787	(-1, -1)	b'\xe5\x87\xbb\xe8\xb4\xa5'	-10.963630086236138
9788	(-1, -1)	b' heat'	-10.915896274499069
9789	(-1, -1)	b' seasons'	-10.964578043459463
9790	(-1, -1)	b'\xe5\x85\x88\xe5\x90\x8e'	-10.9602248616063
9791	(-1, -1)	b'\xe9\xb9\xbf'	-10.96514724943252
9792	(-1, -1)	b' Int'	-10.837063387377343
9793	(-1, -1)	b'\xe4\xbf\xa1\xe6\x81\xaf\xe4\xbb\x85\xe4\xbe\x9b\xe5\x8f\x82\xe8\x80\x83'	-10.96514724943252
9794	(-1, -1)	b' developed'	-10.96514724943252
9795	(-1, -1)	b'\xe0\xa4\xae\xe0\xa4\xbe'	-10.266039504368708
9796	(-1, -1)	b'ubb'	-10.097267175081877
9797	(-1, -1)	b'\xea\xb2'	-10.965526900158416
9798	(-1, -1)	b' rose'	-10.890212679764373
9799	(-1, -1)	b'athan'	-10.939478392805412
9800	(-1, -1)	b' Wall'	-10.925335444237758
9801	(-1, -1)	b' weak'	-10.647228522252986
9802	(-1, -1)	b' Manchester'	-10.965526900158416
9803	(-1, -1)	b' motor'	-10.850342009241663
9804	(-1, -1)	b'\xe9\x98\x94'	-10.966476658041568
9805	(-1, -1)	b'71'	-10.268968040777523
9806	(-1, -1)	b' expert'	-10.966476658041568
9807	(-1, -1)	b'\xe5\xad\x98\xe5\x82\xa8'	-10.96685681391005
9808	(-1, -1)	b' Premier'	-10.862257043819532
9809	(-1, -1)	b'\xe5\xb9\xbc'	-10.967046946052461
9810	(-1, -1)	b'.00'	-10.454169805724689
9811	(-1, -1)	b'\xd1\x81\xd1\x8f'	-10.703615484629722
9812	(-1, -1)	b'\xe0\xb0\xb8'	-10.917523614158444
9813	(-1, -1)	b'\xe6\x89\xb9\xe5\x87\x86'	-10.967427318822358
9814	(-1, -1)	b'\xe5\xad\x98\xe6\xac\xbe'	-10.96761755947736
9815	(-1, -1)	b'\xe8\xa1\xa8\xe9\x9d\xa2'	-10.867923754269755
9816	(-1, -1)	b' mission'	-10.72383608354207
9817	(-1, -1)	b' lived'	-10.968188498687844
9818	(-1, -1)	b' machine'	-10.555200517916692
9819	(-1, -1)	b'\xe6\x9d\x82\xe5\xbf\x97'	-10.968569306003946
9820	(-1, -1)	b' Jew'	-10.968569306003946
9821	(-1, -1)	b'\xe6\x89\x8d\xe6\x98\xaf'	-10.829909209954014
9822	(-1, -1)	b'\xe5\xb0\x8f\xe5\xa7\x90'	-10.945973729736346
9823	(-1, -1)	b'\xe2\x97'	-10.968950258389507
9824	(-1, -1)	b' proposed'	-10.968950258389507
9825	(-1, -1)	b' Ohio'	-10.968569306003946
9826	(-1, -1)	b'2.5'	-10.357132572288542
9827	(-1, -1)	b' wood'	-10.969140789017882
9828	(-1, -1)	b'Those'	-10.969331355955095
9829	(-1, -1)	b' confidence'	-10.96799814939632
9830	(-1, -1)	b'OC'	-11.07963812053899
9831	(-1, -1)	b'\xda\x86'	-10.969903274758215
9832	(-1, -1)	b'atan'	-10.73523221827294
9833	(-1, -1)	b'\xe5\x9f\xb9\xe5\x85\xbb'	-10.970284735758455
9834	(-1, -1)	b'ropriate'	-10.782794061583193
9835	(-1, -1)	b' passeng'	-10.970284735758455
9836	(-1, -1)	b'\xe1\x89\xb6'	-10.9513877259719
9837	(-1, -1)	b'\xe5\xb0\x9d\xe8\xaf\x95'	-10.97047552083964
9838	(-1, -1)	b'\xe6\xbe\xb3\xe6\xb4\xb2'	-10.97047552083964
9839	(-1, -1)	b' church'	-10.820503976033232
9840	(-1, -1)	b'App'	-10.960980576737674
9841	(-1, -1)	b' \xd0\xbf\xd1\x80'	-10.69807853328438
9842	(-1, -1)	b'\xe5\xb9\xbf\xe5\x9c\xba'	-10.891975105317503
9843	(-1, -1)	b'abin'	-10.740827696010129
9844	(-1, -1)	b' seeking'	-10.971620996337169
9845	(-1, -1)	b'\xe0\xb1\x8d\xe0\xb0\xaf'	-10.971620996337169
9846	(-1, -1)	b'ansas'	-10.96723711435198
9847	(-1, -1)	b'\xe6\xb1\x9f\xe6\xb9\x96'	-10.96590669507373
9848	(-1, -1)	b' beer'	-10.97372444868554
9849	(-1, -1)	b'\xe7\x96\xbe\xe7\x97\x85'	-10.972194226504772
9850	(-1, -1)	b'\xe4\xbb\x8e\xe4\xba\x8b'	-10.971620996337169
9851	(-1, -1)	b' der'	-10.914091219857339
9852	(-1, -1)	b'\x80\xe1\x80'	-10.591759453656158
9853	(-1, -1)	b'\xe8\xa6\x96'	-10.972385376271195
9854	(-1, -1)	b' meng'	-10.854241310613544
9855	(-1, -1)	b'\xe9\x82\xa3\xe6\xa0\xb7'	-10.794086428100439
9856	(-1, -1)	b'kt'	-10.515563253126782
9857	(-1, -1)	b'r\xe1\xbb\xa5'	-10.871892355803205
9858	(-1, -1)	b'\xe7\xac\xac\xe4\xba\x94'	-10.97372444868554
9859	(-1, -1)	b'\xe5\x90\x84\xe5\xa4\xa7'	-10.955326585045437
9860	(-1, -1)	b'-20'	-10.68465551295224
9861	(-1, -1)	b'\xe6\xbf\x80\xe7\x83\x88'	-10.974107370382733
9862	(-1, -1)	b' balance'	-10.66703391160242
9863	(-1, -1)	b'Nice'	-10.549924123765797
9864	(-1, -1)	b' candidate'	-10.393967211051532
9865	(-1, -1)	b' \xd8\xa7\xd9\x88\xd8\xb1'	-10.974107370382733
9866	(-1, -1)	b'EOS'	-10.892151518831236
9867	(-1, -1)	b'\xe9\xa3\x9e\xe6\x9c\xba'	-10.971812036551714
9868	(-1, -1)	b'\xe5\xbc\xba\xe5\x8a\xbf'	-10.974682027998393
9869	(-1, -1)	b'iro'	-10.83107036128295
9870	(-1, -1)	b'ocal'	-10.563421648138123
9871	(-1, -1)	b'bro'	-10.96060264778382
9872	(-1, -1)	b'\xe6\x8e\xa5\xe5\x88\xb0'	-10.859521064000658
9873	(-1, -1)	b'oil'	-10.866375100428451
9874	(-1, -1)	b'\xe5\xb2\xa9'	-10.975257016035316
9875	(-1, -1)	b' Mu'	-10.253757908096292
9876	(-1, -1)	b'\xe5\x8d\xb0\xe8\xb1\xa1'	-10.9758323348737
9877	(-1, -1)	b'\xe7\xa2\x8e'	-10.9758323348737
9878	(-1, -1)	b' guest'	-10.97602418139707
9879	(-1, -1)	b'\xe0\xa4\xbf\xe0\xa4\xa4'	-10.97602418139707
9880	(-1, -1)	b' euro'	-10.972959044897694
9881	(-1, -1)	b'\xe4\xb8\x8a\xe8\xaf\x81'	-10.977176034087295
9882	(-1, -1)	b' \xd1\x81\xd1\x82'	-10.981217998978178
9883	(-1, -1)	b' responsibility'	-10.976407984894394
9884	(-1, -1)	b'nel'	-10.53685366944109
9885	(-1, -1)	b'\xe6\x98\xaf\xe4\xb8\xad\xe5\x9b\xbd'	-10.906724373136685
9886	(-1, -1)	b'\xd8\xb8'	-10.879180258960798
9887	(-1, -1)	b' bringing'	-10.976983966478906
9888	(-1, -1)	b' justice'	-10.887750490690724
9889	(-1, -1)	b'\xe8\xb5\x94\xe5\x81\xbf'	-10.977176034087295
9890	(-1, -1)	b' reporters'	-10.977176034087295
9891	(-1, -1)	b'010'	-11.068422258599325
9892	(-1, -1)	b'\xe5\x87\xb6'	-10.977368138592738
9893	(-1, -1)	b' Have'	-10.683652431976824
9894	(-1, -1)	b'\xe0\xa7\x87\xe0\xa6\xa8'	-10.97756028000941
9895	(-1, -1)	b'\xe8\xbb\x8a'	-10.977752458351503
9896	(-1, -1)	b'\xe6\x83\xb3\xe6\xb3\x95'	-10.9767919357534
9897	(-1, -1)	b' reflect'	-10.747675474423753
9898	(-1, -1)	b'obby'	-10.959092358654
9899	(-1, -1)	b'\xe8\x8a\x82\xe7\x9b\xae'	-10.915173861608702
9900	(-1, -1)	b'-19'	-10.909413269620991
9901	(-1, -1)	b'izz'	-10.813303814015823
9902	(-1, -1)	b'arp'	-10.803891216122574
9903	(-1, -1)	b'ads'	-10.942071467049663
9904	(-1, -1)	b'\xe4\xb8\x80\xe5\xad\xa3\xe5\xba\xa6'	-10.867923754269755
9905	(-1, -1)	b'\xe9\x80\x99'	-10.979291216108479
9906	(-1, -1)	b'\xe5\xa8\x98'	-10.979291216108479
9907	(-1, -1)	b' thinks'	-10.979483727419112
9908	(-1, -1)	b'\xe8\xad\xb0'	-10.979676275797488
9909	(-1, -1)	b'\xe7\xa7\xa6'	-10.980254143481872
9910	(-1, -1)	b' \xe0\xa4\x95\xe0\xa5\x8b'	-10.980254143481872
9911	(-1, -1)	b'\xe5\xb7\xa5\xe5\x85\xb7'	-10.97756028000941
9912	(-1, -1)	b' championship'	-10.98063957420547
9913	(-1, -1)	b'\xe6\x96\xa4'	-10.980832345290406
9914	(-1, -1)	b' Board'	-10.95796113681391
9915	(-1, -1)	b' \xd8\xb3\xdb\x92'	-10.981217998978178
9916	(-1, -1)	b'\xe7\xb7\x9a'	-10.981410881609696
9917	(-1, -1)	b'\xd8\xb1\xd9\x8a'	-11.009383365559176
9918	(-1, -1)	b' \xe1\x8b\x88'	-10.981410881609696
9919	(-1, -1)	b' Es'	-10.675663801760276
9920	(-1, -1)	b' Who'	-10.689686066140956
9921	(-1, -1)	b' integr'	-10.872065261483588
9922	(-1, -1)	b'ogan'	-10.853731842996174
9923	(-1, -1)	b' Carolina'	-10.964388380111336
9924	(-1, -1)	b'\xe5\x8d\x97\xe9\x83\xa8'	-10.885995488485268
9925	(-1, -1)	b' dun'	-10.969140789017882
9926	(-1, -1)	b'iance'	-10.613686101484378
9927	(-1, -1)	b' \xe0\xa4\x87'	-10.983148501508236
9928	(-1, -1)	b' \xd8\xa7\xd9\x85'	-10.983148501508236
9929	(-1, -1)	b'\xe4\xb8\xa4\xe4\xbd\x8d'	-10.899944686151306
9930	(-1, -1)	b'lands'	-11.11847584681553
9931	(-1, -1)	b' domestic'	-10.941886024304578
9932	(-1, -1)	b' thats'	-10.981410881609696
9933	(-1, -1)	b'\xe7\x9f\xb3\xe6\xb2\xb9'	-10.983728379750058
9934	(-1, -1)	b' tag'	-10.966476658041568
9935	(-1, -1)	b'\xe5\xb2\x97'	-10.983921747245585
9936	(-1, -1)	b'\xe7\x89\xa9\xe7\x90\x86'	-10.98295528346107
9937	(-1, -1)	b'\xe5\xaf\xb9\xe6\xaf\x94'	-10.984115152139331
9938	(-1, -1)	b'\xe5\x8f\x96\xe6\xb6\x88'	-10.984308594445766
9939	(-1, -1)	b'\xe8\xbe\x9e'	-10.98469559135462
9940	(-1, -1)	b' winter'	-10.92606523810339
9941	(-1, -1)	b'\xe5\xad\x9f'	-10.98488914598602
9942	(-1, -1)	b'ties'	-9.887051450695138
9943	(-1, -1)	b' stars'	-10.985276367675272
9944	(-1, -1)	b' legit'	-10.985276367675272
9945	(-1, -1)	b'\xe5\x93\x81\xe7\xa7\x8d'	-10.98295528346107
9946	(-1, -1)	b' lucky'	-10.985082738088067
9947	(-1, -1)	b'\xd0\xb8\xd1\x86'	-10.98585748149308
9948	(-1, -1)	b' hundreds'	-10.986245078397156
9949	(-1, -1)	b'\xe7\x81\xab\xe7\x88\x86'	-10.983728379750058
9950	(-1, -1)	b'\xe1\x80\xad\xe1\x80\xaf\xe1\x80\xb7'	-10.986632825590847
9951	(-1, -1)	b'\xe5\xa4\xb1\xe4\xb8\x9a'	-10.987020723190746
9952	(-1, -1)	b'\xe4\xb8\x8d\xe5\xbe\x97\xe4\xb8\x8d'	-10.919878901052122
9953	(-1, -1)	b' anywhere'	-10.986826755582728
9954	(-1, -1)	b'\xe1\x88\x8e'	-10.957584347058134
9955	(-1, -1)	b'\xe8\x82\xa1\xe6\x9d\x83'	-10.987408771313582
9956	(-1, -1)	b' \xe0\xa8\xa6\xe0\xa9\x87'	-10.987408771313582
9957	(-1, -1)	b' activity'	-10.987602851857616
9958	(-1, -1)	b' located'	-10.987602851857616
9959	(-1, -1)	b' Sar'	-10.87431576013966
9960	(-1, -1)	b'\xe5\x89\x8d\xe7\x9a\x84'	-10.941144597023163
9961	(-1, -1)	b' Sol'	-10.953261438343207
9962	(-1, -1)	b' truly'	-10.988185319595665
9963	(-1, -1)	b' guarant'	-10.988185319595665
9964	(-1, -1)	b' 2009'	-10.987602851857616
9965	(-1, -1)	b' apply'	-10.766635579966001
9966	(-1, -1)	b'awn'	-10.486568798256014
9967	(-1, -1)	b' allows'	-10.988573819989051
9968	(-1, -1)	b' youth'	-10.988573819989051
9969	(-1, -1)	b'\xe0\xae\xae'	-10.459077650992224
9970	(-1, -1)	b'\xe5\x8d\x87\xe5\x80\xbc'	-10.986826755582728
9971	(-1, -1)	b' clin'	-10.921876178157286
9972	(-1, -1)	b' forgot'	-10.732070279328987
9973	(-1, -1)	b'.THURSDAY'	-10.98935127386689
9974	(-1, -1)	b'ENT'	-10.788981120266294
9975	(-1, -1)	b'bar'	-10.463549879075781
9976	(-1, -1)	b' Reuters'	-10.989740227586301
9977	(-1, -1)	b'\xe6\xb8\xb8\xe6\x88\x8f\xe4\xb8\xad'	-10.75780447446681
9978	(-1, -1)	b' Put'	-10.979098741851315
9979	(-1, -1)	b'ideo'	-10.811186376951376
9980	(-1, -1)	b' operating'	-10.990713274272009
9981	(-1, -1)	b'\xe6\xb4\xbe\xe5\x87\xba\xe6\x89\x80'	-10.983728379750058
9982	(-1, -1)	b'\xe7\x99\xbb\xe9\x99\x86'	-10.99110275821072
9983	(-1, -1)	b'\xe6\x96\x87\xe7\x89\xa9'	-10.99110275821072
9984	(-1, -1)	b' ride'	-10.804052753963164
9985	(-1, -1)	b'\xd0\xb4\xd0\xb0\xd0\xbd'	-10.624292363225148
9986	(-1, -1)	b' flat'	-10.86379932841965
9987	(-1, -1)	b'\xe5\xa2\x9e\xe5\x8a\xa0\xe4\xba\x86'	-10.930088652455574
9988	(-1, -1)	b'\xe6\x88\x92'	-10.99188218147699
9989	(-1, -1)	b' elections'	-10.99188218147699
9990	(-1, -1)	b'\xe7\xac\x94\xe8\x80\x85'	-10.972959044897694
9991	(-1, -1)	b' infl'	-10.49507245171913
9992	(-1, -1)	b'\xe7\xa7\xaf\xe5\x88\x86'	-10.986632825590847
9993	(-1, -1)	b'\xe4\xb8\x80\xe5\xaf\xb9'	-10.857644410715945
9994	(-1, -1)	b'\xe8\x9c\x82'	-10.992467147858106
9995	(-1, -1)	b' independent'	-10.844437310516923
9996	(-1, -1)	b'\xe4\xba\x8c\xe6\x89\x8b'	-10.992467147858106
9997	(-1, -1)	b' Chance'	-10.958526587776108
9998	(-1, -1)	b'\xe7\x9a\x84\xe9\xa6\x96'	-10.84107878510979
9999	(-1, -1)	b'-T'	-11.023568000551132
10000	(-1, -1)	b' prosecut'	-10.676232306607877
10001	(-1, -1)	b' info'	-10.941144597023163
10002	(-1, -1)	b'l\xc9\x99r'	-10.066587274820137
10003	(-1, -1)	b'\xe6\x80\x9d\xe6\x83\xb3'	-10.989545731815971
10004	(-1, -1)	b'\xe6\x83\x85\xe5\x86\xb5\xe4\xb8\x8b'	-11.102672181642404
10005	(-1, -1)	b' \xd1\x80\xd0\xb0'	-10.87813587244289
10006	(-1, -1)	b' Richard'	-10.840073423094813
10007	(-1, -1)	b' hotel'	-10.75981173214686
10008	(-1, -1)	b'\xe5\xaf\x8c\xe5\xa3\xab'	-10.993638108179256
10009	(-1, -1)	b' approved'	-10.993638108179256
10010	(-1, -1)	b'\xe9\x80\x89\xe6\x89\x8b'	-10.994224102922072
10011	(-1, -1)	b'SA'	-10.837731501649733
10012	(-1, -1)	b'\xe5\xae\x8f\xe8\xa7\x82'	-10.993638108179256
10013	(-1, -1)	b'\xe6\x80\x92'	-10.994419510836714
10014	(-1, -1)	b' argument'	-10.675805897675257
10015	(-1, -1)	b' ju'	-10.48703933114318
10016	(-1, -1)	b'\xe5\x90\x88\xe9\x80\x82'	-10.995201524561807
10017	(-1, -1)	b' ub'	-11.04739077023659
10018	(-1, -1)	b' facing'	-10.995005963790675
10019	(-1, -1)	b' stocks'	-10.995788436444055
10020	(-1, -1)	b' Sa'	-10.29678758063265
10021	(-1, -1)	b' stores'	-10.996179902489375
10022	(-1, -1)	b'\xe6\x89\x93\xe5\xbc\x80'	-11.001479748048075
10023	(-1, -1)	b'\xe5\x9b\xba\xe5\xae\x9a'	-10.85832642267759
10024	(-1, -1)	b' Jud'	-10.937814960206715
10025	(-1, -1)	b' Please'	-10.99266221271779
10026	(-1, -1)	b'\xe5\xa4\xa7\xe4\xbc\x9a'	-10.9126495184002
10027	(-1, -1)	b' akka'	-10.850680475990536
10028	(-1, -1)	b'\xe7\xba\xa6\xe7\xbf\xb0'	-10.997159238577835
10029	(-1, -1)	b'\xe9\xad\x85\xe5\x8a\x9b'	-10.92405958513823
10030	(-1, -1)	b'\xe5\xa0\xb4'	-10.99755124171888
10031	(-1, -1)	b' \xe0\xa8\xb2'	-10.99755124171888
10032	(-1, -1)	b'\xe7\x8b\xae'	-10.997747300929388
10033	(-1, -1)	b'allery'	-10.997747300929388
10034	(-1, -1)	b' trend'	-10.54717136927476
10035	(-1, -1)	b' changing'	-10.998139534705745
10036	(-1, -1)	b' Democrats'	-10.998335709301765
10037	(-1, -1)	b'\xd8\xaf\xd9\x87'	-10.560125081186694
10038	(-1, -1)	b' section'	-10.768816605912363
10039	(-1, -1)	b'standing'	-10.968759764056136
10040	(-1, -1)	b' \xd0\xa3'	-10.998531922389807
10041	(-1, -1)	b'\xe4\xbf\xa1\xe7\x94\xa8\xe5\x8d\xa1'	-10.998728173984981
10042	(-1, -1)	b' marg'	-10.996179902489375
10043	(-1, -1)	b'\xe5\xa4\x96\xe6\xb1\x87'	-10.913189912901325
10044	(-1, -1)	b' breat'	-11.026792509592502
10045	(-1, -1)	b' politics'	-10.999317159964509
10046	(-1, -1)	b'\xe6\x83\xa8'	-10.99951356573947
10047	(-1, -1)	b'\xe4\xb8\x89\xe5\x9b\xbd'	-10.998531922389807
10048	(-1, -1)	b'\xe8\xae\xa4\xe5\x8f\xaf'	-10.994224102922072
10049	(-1, -1)	b'\xe0\xa4\xbf\xe0\xa4\xa8'	-11.123132690800634
10050	(-1, -1)	b'place'	-10.509889307802734
10051	(-1, -1)	b'\xe8\x8b\xb1\xe6\x96\x87'	-10.999906493052974
10052	(-1, -1)	b'Let'	-10.918428837357762
10053	(-1, -1)	b' subscribe'	-10.62294356345228
10054	(-1, -1)	b'\xe6\xb0\x94\xe8\xb4\xa8'	-10.998531922389807
10055	(-1, -1)	b' edit'	-9.906416359003787
10056	(-1, -1)	b' Az'	-11.01176668346984
10057	(-1, -1)	b' weapon'	-11.000889487332461
10058	(-1, -1)	b' Sorry'	-11.001282955761697
10059	(-1, -1)	b'hab'	-10.499947320180555
10060	(-1, -1)	b'\xe6\xb9\x96\xe5\x8d\x97'	-11.001873448840561
10061	(-1, -1)	b'\xe6\x89\xbf\xe8\xaf\xba'	-11.001873448840561
10062	(-1, -1)	b' larger'	-11.001676579069278
10063	(-1, -1)	b' possibly'	-11.002267304694412
10064	(-1, -1)	b' \xe0\xae\xa8'	-11.002267304694412
10065	(-1, -1)	b' fifth'	-11.002464290807527
10066	(-1, -1)	b' \xd0\xb4\xd0\xb5'	-10.486451199620022
10067	(-1, -1)	b'\xe9\x81\x8b'	-11.002858379482578
10068	(-1, -1)	b'\xe3\x82\xa4'	-11.002858379482578
10069	(-1, -1)	b'HO'	-10.735081422826676
10070	(-1, -1)	b'\xe7\x9a\x84\xe4\xb8\xad\xe5\x9b\xbd'	-10.969712598811409
10071	(-1, -1)	b'\xe5\xb8\x83\xe6\x9c\x97'	-11.002858379482578
10072	(-1, -1)	b'useum'	-11.00029957481904
10073	(-1, -1)	b'\xe6\x9c\x89\xe5\xbe\x88\xe5\xa4\x9a'	-10.784535257116096
10074	(-1, -1)	b'\xe8\xb4\xa6\xe6\x88\xb7'	-11.004041578200777
10075	(-1, -1)	b'\xe5\x87\x80\xe5\x88\xa9\xe6\xb6\xa6'	-11.004041578200777
10076	(-1, -1)	b' placed'	-11.004041578200777
10077	(-1, -1)	b'\xe8\x87\xba'	-11.004633702959023
10078	(-1, -1)	b'ez'	-9.047700063175828
10079	(-1, -1)	b' hal'	-11.08006383361481
10080	(-1, -1)	b' views'	-11.004831155817794
10081	(-1, -1)	b'\xe8\x91\xa3\xe4\xba\x8b\xe9\x95\xbf'	-10.99110275821072
10082	(-1, -1)	b'umm'	-10.191358973907858
10083	(-1, -1)	b' pitch'	-10.403121332377028
10084	(-1, -1)	b' faster'	-11.005028647671898
10085	(-1, -1)	b'\xe9\xa1\xb5'	-11.005621357360294
10086	(-1, -1)	b'\xe7\xb2\xae'	-11.00581900534987
10087	(-1, -1)	b'\xe7\x9a\x84\xe4\xb8\x80\xe7\xa7\x8d'	-11.053384381234785
10088	(-1, -1)	b' USA'	-10.973533042808794
10089	(-1, -1)	b' Secretary'	-11.006609988187234
10090	(-1, -1)	b' tun'	-10.90995191762755
10091	(-1, -1)	b' hin'	-10.859350313552024
10092	(-1, -1)	b' Last'	-11.002858379482578
10093	(-1, -1)	b' mir'	-10.971239025362319
10094	(-1, -1)	b'\xd0\xbd\xd1\x8b'	-10.907619868853372
10095	(-1, -1)	b'\xe7\xbd\x97\xe9\xa9\xac'	-11.003055482075116
10096	(-1, -1)	b'VER'	-10.836896428532311
10097	(-1, -1)	b'\x85\xe1\x80\xba\xe1\x80'	-11.007203636171424
10098	(-1, -1)	b'\xe5\xaa\x92\xe4\xbd\x93\xe6\x8a\xa5\xe9\x81\x93'	-11.007401597173754
10099	(-1, -1)	b' standing'	-10.853731842996174
10100	(-1, -1)	b' Republicans'	-11.007401597173754
10101	(-1, -1)	b'\xe9\x83\xbd\xe6\xb2\xa1\xe6\x9c\x89'	-11.00779763678289
10102	(-1, -1)	b' Elect'	-11.00779763678289
10103	(-1, -1)	b' Global'	-10.99755124171888
10104	(-1, -1)	b' Up'	-10.801793595345377
10105	(-1, -1)	b'\xe9\x98\x9f\xe4\xbc\x8d'	-11.00581900534987
10106	(-1, -1)	b' exchange'	-10.718334619960114
10107	(-1, -1)	b'uri'	-11.011965549931668
10108	(-1, -1)	b'\xe6\x96\xaf\xe7\xa7\x91'	-10.999120792757202
10109	(-1, -1)	b'\xe6\x94\xb6\xe8\xb4\xb9'	-11.007995715420757
10110	(-1, -1)	b' individuals'	-11.008391990440803
10111	(-1, -1)	b'\xe8\xbd\xaf\xe4\xbb\xb6'	-11.008590186854097
10112	(-1, -1)	b'\xe9\xab\x98\xe7\xad\x89'	-10.930271920118509
10113	(-1, -1)	b' surprise'	-10.88564485734563
10114	(-1, -1)	b' songs'	-11.008986697565081
10115	(-1, -1)	b'\xe7\xb2\x97'	-11.009383365559176
10116	(-1, -1)	b'ounding'	-10.893917367780293
10117	(-1, -1)	b" y'"	-11.006609988187234
10118	(-1, -1)	b'\xe5\x8a\xa8\xe6\x80\x81'	-11.003647023056578
10119	(-1, -1)	b' warr'	-10.709183264580956
10120	(-1, -1)	b'shit'	-10.884243560917344
10121	(-1, -1)	b'\xe6\x88\x90\xe4\xba\xba'	-10.988573819989051
10122	(-1, -1)	b'vin'	-10.478486763048338
10123	(-1, -1)	b'\xe4\xb8\x8d\xe5\xa4\x9a'	-10.860546179415904
10124	(-1, -1)	b'EA'	-10.80761320439864
10125	(-1, -1)	b'\xe0\xa4\xb9\xe0\xa5\x87'	-10.73991819162729
10126	(-1, -1)	b"ia's"	-10.954762940126804
10127	(-1, -1)	b'.....'	-10.252640381438733
10128	(-1, -1)	b'\xe6\x88\x98\xe8\x83\x9c'	-11.009581758576392
10129	(-1, -1)	b' frequ'	-11.01117032126153
10130	(-1, -1)	b' survey'	-10.863456392888168
10131	(-1, -1)	b' purs'	-10.89586340996897
10132	(-1, -1)	b' adjust'	-11.011369069150488
10133	(-1, -1)	b'het'	-11.204843826646082
10134	(-1, -1)	b'\xe4\xbc\xb0\xe8\xae\xa1'	-11.011567856548021
10135	(-1, -1)	b' direction'	-10.792967412717104
10136	(-1, -1)	b'\xeb\x82'	-10.40702377635396
10137	(-1, -1)	b' \xe0\xa4\x95\xe0\xa4\xb0'	-10.999317159964509
10138	(-1, -1)	b'\xe5\x9b\xbd\xe6\xb0\x91'	-11.001873448840561
10139	(-1, -1)	b' Real'	-10.479186961466489
10140	(-1, -1)	b'\xe6\x8c\xa1'	-11.01256238671453
10141	(-1, -1)	b'\xda\xab'	-10.70026051102113
10142	(-1, -1)	b'\xe5\xb7\xa5\xe8\x89\xba'	-11.012761411493772
10143	(-1, -1)	b' Church'	-10.988573819989051
10144	(-1, -1)	b'\xe6\x97\xac'	-11.012761411493772
10145	(-1, -1)	b' Ann'	-10.737950431967144
10146	(-1, -1)	b' pool'	-11.012761411493772
10147	(-1, -1)	b'\xe0\xab\x8b\xe0\xaa'	-10.272094968042278
10148	(-1, -1)	b'\xe1\x8c\xa0'	-10.854411190848388
10149	(-1, -1)	b' generally'	-11.013159579924276
10150	(-1, -1)	b'\xe6\x88\x90\xe5\xb0\xb1'	-11.004436289080186
10151	(-1, -1)	b'Of'	-10.927892056295033
10152	(-1, -1)	b'\xe7\x94\xa2'	-11.01355790695603
10153	(-1, -1)	b'\xe9\x83\xbd\xe5\x8f\xaf\xe4\xbb\xa5'	-10.946159932138896
10154	(-1, -1)	b'\xe8\x90\xbd\xe5\x90\x8e'	-10.943556248317241
10155	(-1, -1)	b' www.'	-10.877266382778512
10156	(-1, -1)	b' steps'	-11.001873448840561
10157	(-1, -1)	b'\xe5\x9c\xb0\xe5\x9d\x97'	-10.94541533046637
10158	(-1, -1)	b' Western'	-11.013757129986873
10159	(-1, -1)	b'\xe8\x89\xb0'	-11.013757129986873
10160	(-1, -1)	b'\xe5\x9c\xba\xe5\x9d\x87'	-11.013159579924276
10161	(-1, -1)	b'\xe6\x9d\x86'	-11.01395639271544
10162	(-1, -1)	b'ellow'	-10.914812850774457
10163	(-1, -1)	b' nomin'	-10.6663298349698
10164	(-1, -1)	b' nke'	-11.003449803846786
10165	(-1, -1)	b'\xe1\x8d\x88'	-10.827590944302402
10166	(-1, -1)	b'\xe7\x9c\xa0'	-11.014753840923568
10167	(-1, -1)	b' tech'	-11.014953302378302
10168	(-1, -1)	b'anwhile'	-10.765080611529532
10169	(-1, -1)	b'ockey'	-10.99696329461718
10170	(-1, -1)	b'\xe6\xb0\x91\xe4\xb8\xbb'	-11.011369069150488
10171	(-1, -1)	b' dumb'	-10.989934761192595
10172	(-1, -1)	b'\xd0\xb8\xd1\x98'	-10.551554320377372
10173	(-1, -1)	b' ri'	-10.600683397392961
10174	(-1, -1)	b' relevant'	-11.015551925562896
10175	(-1, -1)	b'\xe8\x8e\x8e'	-11.016350647650086
10176	(-1, -1)	b'\xe7\x9a\x84\xe4\xba\x8b'	-10.900834128529608
10177	(-1, -1)	b'\xe9\x92\xbb'	-11.016550427892485
10178	(-1, -1)	b'\xe0\xb0\xae'	-11.002661315731817
10179	(-1, -1)	b' debut'	-10.972003113269599
10180	(-1, -1)	b' Liber'	-11.016350647650086
10181	(-1, -1)	b' speaking'	-11.017150008204242
10182	(-1, -1)	b' earnings'	-11.017150008204242
10183	(-1, -1)	b'\xe5\xae\xa4\xe5\x86\x85'	-10.946718747464978
10184	(-1, -1)	b'\xe0\xb8\x81\xe0\xb8\xb2\xe0\xb8\xa3'	-10.871546634105727
10185	(-1, -1)	b' reference'	-10.729517917009499
10186	(-1, -1)	b'\xe5\xa0\x86'	-11.017549928225568
10187	(-1, -1)	b' \xe0\xa8\xac'	-11.017749948228236
10188	(-1, -1)	b'EM'	-10.989545731815971
10189	(-1, -1)	b'\xe6\x83\x8a\xe5\x96\x9c'	-11.017950008246908
10190	(-1, -1)	b'\xe5\x8e\x9f\xe6\x9c\xac'	-11.01575154628419
10191	(-1, -1)	b'\xe8\xa1\x97\xe9\x81\x93'	-11.016350647650086
10192	(-1, -1)	b'\xe6\x9c\xaa\xe8\x83\xbd'	-11.024574543162533
10193	(-1, -1)	b'\xe8\xaf\x84\xe4\xbc\xb0'	-11.007005714349898
10194	(-1, -1)	b'\xe4\xb8\xad\xe4\xbb\x8b'	-10.96799814939632
10195	(-1, -1)	b'\xe4\xb8\xad\xe5\x85\xb3\xe6\x9d\x91'	-11.01117032126153
10196	(-1, -1)	b'\xe0\xaa\xbf\xe0\xaa'	-9.99380487423701
10197	(-1, -1)	b'\xe6\xaf\x94\xe5\x88\x86'	-11.009383365559176
10198	(-1, -1)	b' \xe0\xa4\xae\xe0\xa5\x87\xe0\xa4\x82'	-11.018950909141196
10199	(-1, -1)	b'\xe7\xbe\xa9'	-11.019151209592543
10200	(-1, -1)	b'\xe5\x93\xad'	-11.019151209592543
10201	(-1, -1)	b' Public'	-11.018950909141196
10202	(-1, -1)	b'\xe6\x97\xb6\xe8\xae\xb8'	-11.017349948222902
10203	(-1, -1)	b'\xe1\x8b\x8a'	-11.007401597173754
10204	(-1, -1)	b' From'	-11.00581900534987
10205	(-1, -1)	b'\xe7\xb5\x84'	-11.019551930896242
10206	(-1, -1)	b'\xe8\xaf\xb4\xe7\x9a\x84'	-10.99481044125608
10207	(-1, -1)	b' bul'	-10.994028733184223
10208	(-1, -1)	b'\xe5\xb7\xb4\xe8\xa5\xbf'	-11.019952812841879
10209	(-1, -1)	b'\xe0\xae\xbf\xe0\xae\xb2\xe0\xaf\x8d'	-10.907799064266449
10210	(-1, -1)	b' suffered'	-11.020955721360401
10211	(-1, -1)	b' \xe0\xae\x8e'	-11.021156423819681
10212	(-1, -1)	b'\xe5\x9c\xb0\xe7\x82\xb9'	-10.942628001708309
10213	(-1, -1)	b' sin'	-10.76492524758919
10214	(-1, -1)	b' sand'	-10.938369130351127
10215	(-1, -1)	b' policies'	-11.021357166568523
10216	(-1, -1)	b' Scot'	-11.010772943946545
10217	(-1, -1)	b'\xe8\x93\x9d\xe7\x90\x83'	-11.020955721360401
10218	(-1, -1)	b' covered'	-11.021959636714268
10219	(-1, -1)	b' wake'	-10.966096646636652
10220	(-1, -1)	b'CP'	-11.031243255357571
10221	(-1, -1)	b'\xe5\xb7\xa1'	-11.02236148522279
10222	(-1, -1)	b' princ'	-10.75888480484428
10223	(-1, -1)	b'\xe3\x81\x99'	-11.02236148522279
10224	(-1, -1)	b'\xd0\xb3\xd0\xb8'	-10.949330689248425
10225	(-1, -1)	b'\xe5\xb7\xa5\xe4\xbd\x9c\xe7\x9a\x84'	-10.893740642499282
10226	(-1, -1)	b' presidential'	-11.022160540783252
10227	(-1, -1)	b'this'	-10.931739271812457
10228	(-1, -1)	b' understanding'	-11.012960475891761
10229	(-1, -1)	b' personally'	-11.023165667011204
10230	(-1, -1)	b' competitive'	-10.962872366934873
10231	(-1, -1)	b'\xe7\xbe\x8e\xe7\x9a\x84'	-10.997943398586651
10232	(-1, -1)	b'91'	-10.323003726751915
10233	(-1, -1)	b' radio'	-10.954011907421581
10234	(-1, -1)	b'-11'	-11.178188274188381
10235	(-1, -1)	b'.FRIDAY'	-11.023970496028491
10236	(-1, -1)	b' destroy'	-10.805993246163279
10237	(-1, -1)	b' Those'	-11.023970496028491
10238	(-1, -1)	b'\xe7\xa2\x8d'	-11.024574543162533
10239	(-1, -1)	b'\xe6\xac\xa0'	-11.024574543162533
10240	(-1, -1)	b'\xe5\xb1\x82\xe6\xac\xa1'	-11.024574543162533
10241	(-1, -1)	b'\xe7\x94\xb5\xe5\xbd\xb1\xe8\x8a\x82'	-11.024574543162533
10242	(-1, -1)	b'alu'	-10.907440705545538
10243	(-1, -1)	b'\xe5\x87\xba\xe4\xb8\x80'	-11.168372817960153
10244	(-1, -1)	b' gay'	-10.937814960206715
10245	(-1, -1)	b'\xe7\xba\xb5'	-11.025783733152672
10246	(-1, -1)	b' Does'	-11.025783733152672
10247	(-1, -1)	b' bare'	-11.050279752848487
10248	(-1, -1)	b' decade'	-11.010971612865447
10249	(-1, -1)	b' \xd9\x87\xd9\x85'	-11.026590672877717
10250	(-1, -1)	b'amin'	-11.120912441220721
10251	(-1, -1)	b' \xe0\xa8\x89'	-11.026792509592502
10252	(-1, -1)	b'ido'	-10.891446051429842
10253	(-1, -1)	b'\xe6\x8f\x92'	-11.027398264280382
10254	(-1, -1)	b' religious'	-10.987602851857616
10255	(-1, -1)	b' tickets'	-11.02760026407907
10256	(-1, -1)	b'isted'	-11.039591059102449
10257	(-1, -1)	b'61'	-10.338704532376482
10258	(-1, -1)	b'Like'	-11.014753840923568
10259	(-1, -1)	b'ictions'	-11.02760026407907
10260	(-1, -1)	b'\xe0\xa5\x8b\xe0\xa4\x82'	-11.049453477238577
10261	(-1, -1)	b'\xe5\xa5\x94'	-11.028206508414097
10262	(-1, -1)	b'icians'	-10.990129332649577
10263	(-1, -1)	b' Still'	-11.015352344682082
10264	(-1, -1)	b' rum'	-10.994419510836714
10265	(-1, -1)	b'\x9a\xe1\x80\xba'	-10.970857200233587
10266	(-1, -1)	b'\xe0\xab\x87\xe0\xaa'	-9.968057858188873
10267	(-1, -1)	b'\xe0\xa4\xa8\xe0\xa5\x8d\xe0\xa4'	-10.726373966519532
10268	(-1, -1)	b'\xe5\xae\x9e\xe8\xa1\x8c'	-10.982182784388277
10269	(-1, -1)	b'ican'	-10.997943398586651
10270	(-1, -1)	b' 2008'	-11.029622509459838
10271	(-1, -1)	b' oppon'	-11.029622509459838
10272	(-1, -1)	b'\xe4\xb8\x8b\xe8\xb0\x83'	-11.023568000551132
10273	(-1, -1)	b'\xe5\xb7\xae\xe5\xbc\x82'	-11.03002744973668
10274	(-1, -1)	b'\xe5\xb8\x96'	-11.030229981382943
10275	(-1, -1)	b' Championship'	-11.030432554056583
10276	(-1, -1)	b'\xe5\xb9\xb3\xe5\xb1\x80'	-11.023970496028491
10277	(-1, -1)	b'\xe1\x8b\xa9'	-10.962872366934873
10278	(-1, -1)	b' Prod'	-11.028004386129428
10279	(-1, -1)	b' focused'	-11.030837822552504
10280	(-1, -1)	b'\xe5\xb9\xb3\xe6\x97\xb6'	-10.947650800845901
10281	(-1, -1)	b' pour'	-10.851357753361498
10282	(-1, -1)	b'cha'	-10.51471615438913
10283	(-1, -1)	b'\xe5\x87\xba\xe5\x8e\xbb'	-10.961547738110283
10284	(-1, -1)	b'\xe5\x8d\x8a\xe5\x9c\xba'	-10.993442852882335
10285	(-1, -1)	b'\xe6\x94\xb6\xe7\x9b\x98'	-11.031851712936428
10286	(-1, -1)	b' truck'	-10.715225579036918
10287	(-1, -1)	b'\xe8\x85\x90'	-11.032866632337463
10288	(-1, -1)	b' creating'	-11.033069739883606
10289	(-1, -1)	b' responded'	-11.033069739883606
10290	(-1, -1)	b'\xe8\xb8\x8f'	-11.033272888690805
10291	(-1, -1)	b' frustr'	-11.03164885260507
10292	(-1, -1)	b'\xd8\xb3\xd8\xaa\xd8\xa7\xd9\x86'	-11.025380507340758
10293	(-1, -1)	b'\xe9\xa0\x98'	-11.033476078775827
10294	(-1, -1)	b'\xe5\xb0\x9a\xe6\x9c\xaa'	-11.019351550172196
10295	(-1, -1)	b' Here'	-11.019952812841879
10296	(-1, -1)	b'dom'	-10.551177885213884
10297	(-1, -1)	b'icide'	-10.785327712978155
10298	(-1, -1)	b' Don'	-10.832232862451816
10299	(-1, -1)	b'\xe8\x80\x83\xe8\x99\x91\xe5\x88\xb0'	-11.00049617365974
10300	(-1, -1)	b'\xe5\x85\x88\xe8\xbf\x9b'	-11.033882582846466
10301	(-1, -1)	b' unlike'	-11.033679310155453
10302	(-1, -1)	b' \xe0\xa6\x95\xe0\xa6\xb0'	-11.034899566560682
10303	(-1, -1)	b'erg'	-10.649855917804404
10304	(-1, -1)	b' Sl'	-10.938184372844828
10305	(-1, -1)	b'\xe4\xbb\x96\xe6\x98\xaf'	-10.937261096996766
10306	(-1, -1)	b'EST'	-10.835728496473296
10307	(-1, -1)	b'\xe7\x9a\x86'	-11.035510253602562
10308	(-1, -1)	b'\xe5\x8f\xaf\xe4\xbb\xa5\xe8\xaf\xb4'	-11.032257557097843
10309	(-1, -1)	b' Australian'	-10.931922842258132
10310	(-1, -1)	b'iyy'	-10.656524461549578
10311	(-1, -1)	b'\xe5\x85\xac\xe8\xb7\xaf'	-11.035917585583753
10312	(-1, -1)	b' initial'	-10.48668641072307
10313	(-1, -1)	b'\xe6\x8b\x85\xe5\xbf\xa7'	-11.035917585583753
10314	(-1, -1)	b' completed'	-11.036325083551903
10315	(-1, -1)	b'\xd8\xb1\xd9\x87'	-11.02982495910118
10316	(-1, -1)	b' measures'	-11.036528894823372
10317	(-1, -1)	b'\x95\xe1\x80\xbc\xe1\x80'	-10.685803124611686
10318	(-1, -1)	b'\xc6\xb0\xe1\xbb\x9d'	-11.036732747642343
10319	(-1, -1)	b' bay'	-10.884943963677546
10320	(-1, -1)	b' freedom'	-11.036528894823372
10321	(-1, -1)	b'\xe5\x90\x8c\xe6\x84\x8f'	-10.888804972335006
10322	(-1, -1)	b'ibr'	-10.416956729276231
10323	(-1, -1)	b' replace'	-10.178918080923642
10324	(-1, -1)	b' c\xe1\xbb\xa7a'	-11.037140577990572
10325	(-1, -1)	b'\xe5\x9e\xab'	-11.03754857473226
10326	(-1, -1)	b'\xe5\x8c\x97\xe9\x83\xa8'	-10.924970746932475
10327	(-1, -1)	b'\xe7\x84\xa6\xe7\x82\xb9'	-10.778375559838832
10328	(-1, -1)	b' Ten'	-10.914451970222002
10329	(-1, -1)	b'nya'	-10.563929778230357
10330	(-1, -1)	b' married'	-11.03836506793949
10331	(-1, -1)	b'\xe7\x81\xb5\xe6\xb4\xbb'	-11.03836506793949
10332	(-1, -1)	b'\xe8\x83\x83'	-11.038569295449644
10333	(-1, -1)	b' waste'	-10.939108501919005
10334	(-1, -1)	b'lle'	-10.745387667431824
10335	(-1, -1)	b'\xe6\x9e\x84\xe6\x88\x90'	-10.916800025125426
10336	(-1, -1)	b' affected'	-11.039182228352683
10337	(-1, -1)	b'\xe5\x89\xa7\xe6\x83\x85'	-11.039386622834742
10338	(-1, -1)	b'\xe6\x80\x8e\xe6\xa0\xb7'	-10.624157401351674
10339	(-1, -1)	b'away'	-10.893740642499282
10340	(-1, -1)	b' impl'	-11.038773564677195
10341	(-1, -1)	b'\xe4\xb8\x8d\xe9\x94\x99\xe7\x9a\x84'	-10.883718580592047
10342	(-1, -1)	b'\xe6\x96\xb0\xe5\x8a\xa0\xe5\x9d\xa1'	-11.018350248396338
10343	(-1, -1)	b'\xe1\x88\xa9'	-10.988379550925789
10344	(-1, -1)	b'inda'	-10.998924464102403
10345	(-1, -1)	b' dry'	-11.04061386782412
10346	(-1, -1)	b' \xe0\xb6\xb6'	-11.04000005706316
10347	(-1, -1)	b'\xe5\x8a\xb3\xe5\x8a\xa8'	-10.848820324951081
10348	(-1, -1)	b'\xe8\xb5\xa2\xe5\xbe\x97'	-11.038569295449644
10349	(-1, -1)	b' degree'	-10.526396540257098
10350	(-1, -1)	b" they'll"	-11.040204618790375
10351	(-1, -1)	b'\xe7\x8e\xaf\xe8\x8a\x82'	-11.039795537172889
10352	(-1, -1)	b' Hol'	-9.976496133418747
10353	(-1, -1)	b' Hospital'	-10.9922721210413
10354	(-1, -1)	b' master'	-10.885294349105099
10355	(-1, -1)	b'\xe1\x81\x8b'	-11.040818555164924
10356	(-1, -1)	b'\xe5\xa5\x91'	-11.041228055580145
10357	(-1, -1)	b' Time'	-11.011567856548021
10358	(-1, -1)	b'oop'	-11.029420100796056
10359	(-1, -1)	b'\xe7\x8a\xaf\xe8\xa7\x84'	-11.041228055580145
10360	(-1, -1)	b'\xe7\xa9\xb6\xe7\xab\x9f'	-11.041637723754658
10361	(-1, -1)	b'\xd0\xbe\xd0\xba'	-10.613552563392439
10362	(-1, -1)	b'83'	-10.318718931197326
10363	(-1, -1)	b'\xe0\xb1\x8d\xe0\xb0\xb2'	-11.041842620794613
10364	(-1, -1)	b'Act'	-11.033882582846466
10365	(-1, -1)	b'Aw'	-10.715817032551127
10366	(-1, -1)	b'\xe9\x93\x9c'	-11.042662629040644
10367	(-1, -1)	b'\xe8\x9c\x9c'	-11.042662629040644
10368	(-1, -1)	b'\xe3\x82\x82'	-11.042867736209859
10369	(-1, -1)	b'\xe6\x9d\xad\xe5\xb7\x9e'	-10.859350313552024
10370	(-1, -1)	b'osure'	-10.933944344370772
10371	(-1, -1)	b'\xe0\xb7\x9c'	-11.0432780767983
10372	(-1, -1)	b'\xe6\xbe\xb3\xe9\x97\xa8'	-11.043483310252073
10373	(-1, -1)	b'\xe7\xbb\x8f\xe6\xb5\x8e\xe5\xa2\x9e\xe9\x95\xbf'	-10.977368138592738
10374	(-1, -1)	b' suck'	-10.939848420561717
10375	(-1, -1)	b'\xe5\x9c\xa8\xe8\xbf\x99\xe9\x87\x8c'	-10.894801462966516
10376	(-1, -1)	b' NC'	-11.034085896865669
10377	(-1, -1)	b'\xe5\xad\xa6\xe8\xb4\xb9'	-11.036732747642343
10378	(-1, -1)	b'\xe4\xb8\x8a\xe5\x8e\xbb'	-11.002661315731817
10379	(-1, -1)	b'\xd0\xb0\xd0\xb1'	-10.690695220699315
10380	(-1, -1)	b'-a'	-10.678224622621949
10381	(-1, -1)	b'\xe5\xbc\xba\xe5\xa4\xa7\xe7\x9a\x84'	-11.042047559825969
10382	(-1, -1)	b' zone'	-10.803568218703745
10383	(-1, -1)	b'\xe6\x88\xbf\xe9\x97\xb4'	-11.0449211250217
10384	(-1, -1)	b'\xe5\x8c\x85\xe5\x90\xab'	-11.045126695995803
10385	(-1, -1)	b'\xe5\x85\xa8\xe6\x96\xb0\xe7\x9a\x84'	-11.036325083551903
10386	(-1, -1)	b' athlet'	-10.844269116083764
10387	(-1, -1)	b'Ne'	-10.853731842996174
10388	(-1, -1)	b' faces'	-11.045743662596351
10389	(-1, -1)	b' Syria'	-10.471048328007107
10390	(-1, -1)	b'\xe4\xbd\x93\xe7\x9a\x84'	-11.124467210571646
10391	(-1, -1)	b' explos'	-11.046361010079687
10392	(-1, -1)	b'Would'	-11.046566877296062
10393	(-1, -1)	b'aze'	-10.70186365936419
10394	(-1, -1)	b'\xe5\x8b\x99'	-11.04697873891638
10395	(-1, -1)	b'\xe5\x89\xb2'	-11.04697873891638
10396	(-1, -1)	b'\xe9\x80\x9a\xe8\xae\xaf'	-11.04697873891638
10397	(-1, -1)	b'\xe5\xb1\x80\xe9\x9d\xa2'	-11.015551925562896
10398	(-1, -1)	b' Wild'	-11.047184733355259
10399	(-1, -1)	b'hu'	-10.293776554123863
10400	(-1, -1)	b'\xe5\xb7\xa5\xe5\x95\x86'	-11.04739077023659
10401	(-1, -1)	b'\xe4\xb8\xaa\xe7\x99\xbe\xe5\x88\x86\xe7\x82\xb9'	-11.011965549931668
10402	(-1, -1)	b' west'	-11.048834218265336
10403	(-1, -1)	b'ipal'	-10.87241116255933
10404	(-1, -1)	b' taxes'	-11.048009135710277
10405	(-1, -1)	b'\xe5\x88\x86\xe9\x85\x8d'	-11.046566877296062
10406	(-1, -1)	b'.org'	-11.041637723754658
10407	(-1, -1)	b'\xe3\x83\x88'	-11.048215342536453
10408	(-1, -1)	b'\xe5\xa4\xa7\xe5\xad\xa6\xe7\x9a\x84'	-10.9758323348737
10409	(-1, -1)	b'\xe7\xab\xb9'	-11.04862788379643
10410	(-1, -1)	b'\xe5\x9f\xba\xe7\xa1\x80\xe4\xb8\x8a'	-11.016950108153601
10411	(-1, -1)	b'\xe5\xb0\x81\xe9\x97\xad'	-11.049040595316939
10412	(-1, -1)	b' worried'	-11.049247014968824
10413	(-1, -1)	b'\xe0\xaa\xae\xe0\xaa\xbe\xe0\xaa\x82'	-10.74264919013852
10414	(-1, -1)	b'\xe7\xb2\xbe\xe9\x80\x89'	-11.049866529702111
10415	(-1, -1)	b'\xe0\xa4\x95\xe0\xa5\x8d\xe0\xa4'	-10.452577086389132
10416	(-1, -1)	b'\xe8\xa2\x96'	-11.05007311993113
10417	(-1, -1)	b' frame'	-10.750427769739149
10418	(-1, -1)	b' Centre'	-11.020554437245867
10419	(-1, -1)	b' audience'	-10.845952334794589
10420	(-1, -1)	b' Camp'	-11.03754857473226
10421	(-1, -1)	b' cha'	-10.751806763292542
10422	(-1, -1)	b' Down'	-11.050279752848487
10423	(-1, -1)	b'Lol'	-11.046361010079687
10424	(-1, -1)	b' Vi'	-9.988359174335963
10425	(-1, -1)	b' admitted'	-11.050899907907123
10426	(-1, -1)	b'\xe6\x9c\xac\xe4\xba\xba'	-10.935232885736355
10427	(-1, -1)	b' grew'	-11.05110671175441
10428	(-1, -1)	b'\xe8\xbf\x9d\xe6\xb3\x95'	-11.051313558378377
10429	(-1, -1)	b'icy'	-10.858667603165376
10430	(-1, -1)	b'alls'	-11.139265686909665
10431	(-1, -1)	b'\xe6\x8b\x8d\xe5\x8d\x96'	-11.051727380027154
10432	(-1, -1)	b'-on'	-11.054836513011585
10433	(-1, -1)	b'\xe4\xb8\x80\xe9\x83\xa8'	-10.424886286243945
10434	(-1, -1)	b'\xe9\x81\xa5'	-11.052141372995187
10435	(-1, -1)	b'\xe5\xa2\x9e\xe9\x80\x9f'	-11.052141372995187
10436	(-1, -1)	b' cup'	-11.048834218265336
10437	(-1, -1)	b'\xe4\xba\xa7\xe8\x83\xbd'	-11.049866529702111
10438	(-1, -1)	b' produce'	-10.862599568227745
10439	(-1, -1)	b'\xe0\xaa\x82\xe0\xaa'	-10.662115753722968
10440	(-1, -1)	b'\xe8\xb4\xa2\xe7\xbb\x8f'	-11.052348433768264
10441	(-1, -1)	b' Supreme'	-11.05007311993113
10442	(-1, -1)	b' \xd1\x81\xd1\x83'	-11.052762683981314
10443	(-1, -1)	b'\xe6\x82\xa6'	-11.05317710586872
10444	(-1, -1)	b' challenges'	-11.053384381234785
10445	(-1, -1)	b'\xe4\xb8\xb0\xe5\xaf\x8c\xe7\x9a\x84'	-10.931372231984517
10446	(-1, -1)	b'\xe1\x8c\x8b'	-10.828749405333905
10447	(-1, -1)	b'3.5'	-10.560758192952063
10448	(-1, -1)	b'\xe0\xa6\xb8'	-11.045949402747267
10449	(-1, -1)	b'\xe0\xae\xa3'	-11.038773564677195
10450	(-1, -1)	b'GDP'	-10.790733131545062
10451	(-1, -1)	b'\xe5\xae\x8c\xe6\x95\xb4'	-11.047802971396589
10452	(-1, -1)	b'iana'	-11.005423748427727
10453	(-1, -1)	b' familiar'	-11.036121313811003
10454	(-1, -1)	b'\xe7\x9c\x8b\xe8\xb5\xb7\xe6\x9d\xa5'	-11.050693146818823
10455	(-1, -1)	b'\xe9\xa1\xbe\xe9\x97\xae'	-11.05504413265315
10456	(-1, -1)	b'\xe9\x83\xbd\xe5\xb8\x82'	-11.054421403001474
10457	(-1, -1)	b' discussion'	-10.645710547767065
10458	(-1, -1)	b' tells'	-11.05525179540958
10459	(-1, -1)	b'\xe0\xb8\xb3'	-11.05525179540958
10460	(-1, -1)	b' fashion'	-11.038569295449644
10461	(-1, -1)	b' mouth'	-11.032866632337463
10462	(-1, -1)	b'\xe6\x8c\x96'	-11.055667250338697
10463	(-1, -1)	b'\xe6\x97\xa5\xe5\xb8\xb8'	-11.055459501298788
10464	(-1, -1)	b' fixed'	-11.055667250338697
10465	(-1, -1)	b' Ins'	-11.012363401538268
10466	(-1, -1)	b'\xe4\xbb\xac\xe7\x9a\x84'	-10.913910893466083
10467	(-1, -1)	b'Des'	-11.05110671175441
10468	(-1, -1)	b'\xe6\x9d\xbe\xe4\xb8\x8b'	-11.02598540704667
10469	(-1, -1)	b'vention'	-10.61195149567217
10470	(-1, -1)	b' Fed'	-10.698514548115792
10471	(-1, -1)	b'\xe3\x82\x89'	-11.056498678364143
10472	(-1, -1)	b' cant'	-11.10093153716462
10473	(-1, -1)	b'\xd2\xaf\xd0\xbd'	-11.056498678364143
10474	(-1, -1)	b' Over'	-10.945973729736346
10475	(-1, -1)	b'\xe6\x88\x91\xe5\xb0\xb1'	-10.998728173984981
10476	(-1, -1)	b' boot'	-11.056706643426763
10477	(-1, -1)	b'\xe5\x8d\x81\xe4\xba\x8c'	-11.057122703345392
10478	(-1, -1)	b'\xe4\xbc\x99\xe4\xbc\xb4'	-11.057122703345392
10479	(-1, -1)	b'\xe8\x84\x89'	-11.057330798237412
10480	(-1, -1)	b'\xe7\x89\x87\xe4\xb8\xad'	-10.916438426857157
10481	(-1, -1)	b' disag'	-11.057747117976982
10482	(-1, -1)	b' suppl'	-11.048215342536453
10483	(-1, -1)	b'\xe5\x8a\x87'	-11.058788676242166
10484	(-1, -1)	b'\xe4\xb8\x8a\xe8\xb5\x9b\xe5\xad\xa3'	-11.051727380027154
10485	(-1, -1)	b'\xe4\xba\xa4\xe6\x88\x98'	-11.05858027778356
10486	(-1, -1)	b' dogs'	-11.058371922745824
10487	(-1, -1)	b'\xe7\x9b\x91\xe4\xbc\x9a'	-10.981796758519751
10488	(-1, -1)	b' posting'	-11.019952812841879
10489	(-1, -1)	b' mo'	-10.148854075159097
10490	(-1, -1)	b' millions'	-11.059622704647476
10491	(-1, -1)	b'\xe0\xb8\xa3\xe0\xb8\xb0'	-10.99951356573947
10492	(-1, -1)	b'\xe8\x98\x87'	-11.059831320482175
10493	(-1, -1)	b'82'	-10.137010734058563
10494	(-1, -1)	b'\xe9\xbc\xa0'	-11.06003997984652
10495	(-1, -1)	b' Jr'	-11.058371922745824
10496	(-1, -1)	b' \xd1\x96'	-11.084544797049848
10497	(-1, -1)	b'pective'	-10.956454828865757
10498	(-1, -1)	b'\xe9\x98\x9f\xe5\x8f\x8b'	-11.058163611110865
10499	(-1, -1)	b'pet'	-10.820011405626754
10500	(-1, -1)	b' Peter'	-10.662676606233465
10501	(-1, -1)	b' wedi'	-11.060875052963942
10502	(-1, -1)	b'\xe5\x8d\xb3\xe4\xbe\xbf'	-11.06150181575475
10503	(-1, -1)	b' enjoyed'	-11.061083930249296
10504	(-1, -1)	b'\xe5\x93\xaa\xe4\xba\x9b'	-11.06150181575475
10505	(-1, -1)	b'\xe8\xbf\x9b\xe5\x8f\xa3'	-11.06150181575475
10506	(-1, -1)	b' reply'	-10.911929446361885
10507	(-1, -1)	b' \xe0\xa4\xb9\xe0\xa5\x8b'	-11.043072885456654
10508	(-1, -1)	b' turns'	-11.061710824011339
10509	(-1, -1)	b' experts'	-11.061710824011339
10510	(-1, -1)	b'\xe8\xb5\xb7\xe4\xba\x86'	-10.97372444868554
10511	(-1, -1)	b' assess'	-11.058997118139741
10512	(-1, -1)	b' troll'	-11.06191987596151
10513	(-1, -1)	b' Mot'	-10.953449002819045
10514	(-1, -1)	b' specifically'	-11.062128971623537
10515	(-1, -1)	b' pregn'	-11.06191987596151
10516	(-1, -1)	b'\x94\xe1\x80'	-10.844437310516923
10517	(-1, -1)	b'\xe4\xb8\x8d\xe7\x9f\xa5'	-11.01395639271544
10518	(-1, -1)	b'rough'	-10.292807186075873
10519	(-1, -1)	b'\xe9\xbe\x8d'	-11.062547294156305
10520	(-1, -1)	b'\xe0\xb0\xaa'	-10.996571521840377
10521	(-1, -1)	b'\xe6\xad\xa6\xe6\xb1\x89'	-11.062756521063648
10522	(-1, -1)	b'\xc3\xa2n'	-11.012960475891761
10523	(-1, -1)	b'\xc3\xa7\xc3\xa3o'	-11.062965791756051
10524	(-1, -1)	b'\xe6\x88\x91\xe6\x98\xaf'	-10.986245078397156
10525	(-1, -1)	b' Lat'	-11.01176668346984
10526	(-1, -1)	b'\xc4\x9f\xc4\xb1'	-10.875182686938647
10527	(-1, -1)	b' statements'	-11.063384464569369
10528	(-1, -1)	b' \xe0\xa6\xa6'	-11.063384464569369
10529	(-1, -1)	b' http'	-11.06380331274303
10530	(-1, -1)	b'\xe5\xa3\xb0\xe9\x9f\xb3'	-11.06401280263591
10531	(-1, -1)	b'\xe4\xbd\x8e\xe6\xb0\xb4'	-11.06380331274303
10532	(-1, -1)	b' Spe'	-11.025783733152672
10533	(-1, -1)	b' MP'	-11.08625712623536
10534	(-1, -1)	b' Rose'	-11.02982495910118
10535	(-1, -1)	b'\xe7\x8e\xbb\xe7\x92\x83'	-11.064851201343581
10536	(-1, -1)	b'\xe6\x9d\x91\xe6\xb0\x91'	-11.064431914125699
10537	(-1, -1)	b'rig'	-10.324202767662957
10538	(-1, -1)	b'enda'	-10.9153544159109
10539	(-1, -1)	b'\xe4\xb8\xad\xe6\x96\xb0\xe7\xbd\x91'	-11.065060910896621
10540	(-1, -1)	b'\xe8\x99\xab'	-11.06527066443698
10541	(-1, -1)	b' likes'	-11.06548046198312
10542	(-1, -1)	b'\xd0\xb5\xd0\xb2'	-10.932473755870449
10543	(-1, -1)	b'HL'	-11.075179041062205
10544	(-1, -1)	b' confident'	-11.066530110447287
10545	(-1, -1)	b' delay'	-10.810048072901315
10546	(-1, -1)	b'\xe9\xa2\x98\xe6\x9d\x90'	-11.06674017241634
10547	(-1, -1)	b'\xd0\xb8\xd0\xb1'	-10.904042687431973
10548	(-1, -1)	b' iyo'	-11.057122703345392
10549	(-1, -1)	b'\xe8\xa2\xab\xe5\x91\x8a'	-11.066950278520695
10550	(-1, -1)	b'\xe7\x9a\x84\xe7\x94\xb5\xe5\xbd\xb1'	-10.837230374102287
10551	(-1, -1)	b'\xe5\x90\x8d\xe4\xb8\xba'	-11.068843222613118
10552	(-1, -1)	b'\xe5\x87\x89'	-11.067370623209525
10553	(-1, -1)	b'icket'	-10.507244439706465
10554	(-1, -1)	b' flood'	-11.067580861831134
10555	(-1, -1)	b'aza'	-10.932657461207606
10556	(-1, -1)	b'\xe8\xbf\x90\xe7\x94\xa8'	-11.011369069150488
10557	(-1, -1)	b'\xe0\xaf\x8d\xe0\xae\x95\xe0\xae\xb3'	-10.978906304633364
10558	(-1, -1)	b'ronic'	-10.40941612199258
10559	(-1, -1)	b'\xe5\x8d\xa1\xe7\x89\x87'	-11.066110118840946
10560	(-1, -1)	b'\xe0\xb8\x97\xe0\xb8\xb5\xe0\xb9\x88'	-10.881097805090068
10561	(-1, -1)	b'\xe8\xb4\xa8\xe7\x96\x91'	-11.068001471721667
10562	(-1, -1)	b' innov'	-11.067370623209525
10563	(-1, -1)	b'\xe5\x89\xaf\xe6\x9c\xac'	-11.067791144662316
10564	(-1, -1)	b' Kh'	-10.97852154125809
10565	(-1, -1)	b' Michigan'	-11.062547294156305
10566	(-1, -1)	b' Middle'	-10.934312329655514
10567	(-1, -1)	b'online'	-11.01615090731186
10568	(-1, -1)	b' refer'	-10.282109835475373
10569	(-1, -1)	b'\xe4\xb8\x8d\xe5\xa4\xaa'	-10.913910893466083
10570	(-1, -1)	b'EF'	-11.075602859674186
10571	(-1, -1)	b' coffee'	-11.044510109808352
10572	(-1, -1)	b' apolog'	-10.713600883309915
10573	(-1, -1)	b'paper'	-10.803245325578564
10574	(-1, -1)	b'\xe8\xa7\x86\xe8\xa7\x89'	-11.068001471721667
10575	(-1, -1)	b'\xe5\x8f\x82\xe8\x80\x83\xe4\xbb\xb7\xe6\xa0\xbc'	-11.070317993764224
10576	(-1, -1)	b' \xe0\xa4\x9b'	-11.070317993764224
10577	(-1, -1)	b'\xe8\x9f'	-11.070528853016455
10578	(-1, -1)	b' Ros'	-10.591890112831885
10579	(-1, -1)	b' Conn'	-10.966476658041568
10580	(-1, -1)	b' none'	-10.954199612724807
10581	(-1, -1)	b' Met'	-10.774290073326535
10582	(-1, -1)	b' basic'	-10.931372231984517
10583	(-1, -1)	b' compar'	-10.39150455120636
10584	(-1, -1)	b' testing'	-11.070107178964244
10585	(-1, -1)	b'\xe8\xbf\x90\xe8\xa1\x8c'	-10.964578043459463
10586	(-1, -1)	b'Pr'	-11.035510253602562
10587	(-1, -1)	b'\xe7\x89\xa9\xe5\x93\x81'	-11.055875042547237
10588	(-1, -1)	b' Water'	-10.915896274499069
10589	(-1, -1)	b' split'	-10.971239025362319
10590	(-1, -1)	b'-off'	-11.077087640941764
10591	(-1, -1)	b' NY'	-11.072639894543528
10592	(-1, -1)	b'aal'	-10.874662440677021
10593	(-1, -1)	b' Exp'	-10.50508564779107
10594	(-1, -1)	b'\xe0\xb6\xb6'	-11.072851244010659
10595	(-1, -1)	b' controvers'	-11.070950704952685
10596	(-1, -1)	b' sche'	-10.99149239390628
10597	(-1, -1)	b'\xe5\xa4\xa7\xe8\xb5\x9b'	-11.050693146818823
10598	(-1, -1)	b'\xe8\xb0\x88\xe5\x88\xa4'	-11.073485560555872
10599	(-1, -1)	b'\xe4\xb8\x8d\xe5\xa6\x82'	-11.022160540783252
10600	(-1, -1)	b'\xe6\x89\x8b\xe7\xbb\xad'	-11.072639894543528
10601	(-1, -1)	b'\xe8\x82\xa1\xe7\xa5\xa8\xe5\x9e\x8b\xe5\x9f\xba\xe9\x87\x91'	-11.074331942324553
10602	(-1, -1)	b' Blue'	-10.614755048673283
10603	(-1, -1)	b'\xe6\x89\xb6'	-11.074755401996347
10604	(-1, -1)	b'yeah'	-11.072428589735559
10605	(-1, -1)	b'\xe6\x96\xb0\xe4\xb8\x80'	-10.986051261166198
10606	(-1, -1)	b' lock'	-10.452349761996246
10607	(-1, -1)	b'\xd8\xa7\xd9\x8a'	-11.014554419245771
10608	(-1, -1)	b'\xe5\x90\x8e\xe6\x9c\x9f'	-11.003844281169457
10609	(-1, -1)	b'\xe6\xaf\x81'	-11.075179041062205
10610	(-1, -1)	b'point'	-10.39966523216617
10611	(-1, -1)	b'\xe8\x90\xa5\xe5\x85\xbb'	-11.075602859674186
10612	(-1, -1)	b"on's"	-10.730267935795128
10613	(-1, -1)	b' existing'	-11.075814836357544
10614	(-1, -1)	b'\xe7\x99\x8c'	-11.076026857984544
10615	(-1, -1)	b'NY'	-10.63897651558572
10616	(-1, -1)	b'oted'	-11.061292851173487
10617	(-1, -1)	b' scoring'	-11.076238924574248
10618	(-1, -1)	b'\xe1\x8b\x9a'	-11.057330798237412
10619	(-1, -1)	b'84'	-10.419263028689583
10620	(-1, -1)	b' tha'	-11.01435503732905
10621	(-1, -1)	b'\xe8\x8a\xb1\xe5\x9b\xad'	-11.076663192718076
10622	(-1, -1)	b'\xe6\x80\xbb\xe7\x9b\x91'	-11.076663192718076
10623	(-1, -1)	b'\xe5\xb0\x86\xe6\x98\xaf'	-10.992467147858106
10624	(-1, -1)	b'\xe5\x8a\xa0\xe7\x9b\x9f'	-11.076026857984544
10625	(-1, -1)	b' \xe0\xa4\xb6'	-11.076663192718076
10626	(-1, -1)	b'\xe6\xb1\x97'	-11.076875394310383
10627	(-1, -1)	b'\xeb\xa7'	-11.057747117976982
10628	(-1, -1)	b' Federal'	-11.069685682646098
10629	(-1, -1)	b'Read'	-11.076238924574248
10630	(-1, -1)	b'\xe8\x83\x9c\xe8\xb4\x9f\xe5\xbd\xa9'	-11.072006114021628
10631	(-1, -1)	b' prove'	-10.902972023518133
10632	(-1, -1)	b' flight'	-10.74356118290579
10633	(-1, -1)	b'\xe7\x90\x83\xe9\x98\x9f\xe7\x9a\x84'	-10.994028733184223
10634	(-1, -1)	b'\xe1\x8b\x95'	-10.868612815451197
10635	(-1, -1)	b'\xe5\xb9\xb8\xe8\xbf\x90'	-11.077937078240664
10636	(-1, -1)	b' tho'	-10.697933237243442
10637	(-1, -1)	b'\xe4\xba\xae\xe7\x9b\xb8'	-11.076663192718076
10638	(-1, -1)	b' PR'	-10.911569604688337
10639	(-1, -1)	b'illing'	-11.02982495910118
10640	(-1, -1)	b'\xe4\xb8\x8b\xe5\x8e\xbb'	-11.001086202194903
10641	(-1, -1)	b' contain'	-10.373172912035052
10642	(-1, -1)	b' Would'	-11.078574630063343
10643	(-1, -1)	b'\xe0\xa4\xbe\xe0\xa4\xb5'	-11.115603868700957
10644	(-1, -1)	b' offense'	-10.964767742786599
10645	(-1, -1)	b'\xe7\x90\xb3'	-11.078999890541791
10646	(-1, -1)	b'\xe6\xa3\xae\xe6\x9e\x97'	-11.078999890541791
10647	(-1, -1)	b'edy'	-11.061083930249296
10648	(-1, -1)	b'\xe5\x96\x8a'	-11.079212588617676
10649	(-1, -1)	b'\xe0\xa8\xbf\xe0\xa8\x86'	-11.079425331943655
10650	(-1, -1)	b'Dr'	-10.87414246493084
10651	(-1, -1)	b'\xe6\x90\xac'	-11.079850954422948
10652	(-1, -1)	b'arma'	-10.92880671839118
10653	(-1, -1)	b'\xe4\xbd\x8d\xe7\x9a\x84'	-11.057122703345392
10654	(-1, -1)	b' infrastructure'	-11.060457429236845
10655	(-1, -1)	b' \xd0\x9e'	-11.080276758133873
10656	(-1, -1)	b' \xe0\xa4\x8f'	-11.080276758133873
10657	(-1, -1)	b'\xe5\xa3\xb0\xe6\x98\x8e'	-11.07963812053899
10658	(-1, -1)	b' volunte'	-11.080702743230837
10659	(-1, -1)	b'\xe6\x96\xb0\xe7\x96\x86'	-11.052348433768264
10660	(-1, -1)	b' Ram'	-10.626318980145228
10661	(-1, -1)	b' Clin'	-10.998335709301765
10662	(-1, -1)	b'\xe5\x89\x8d\xe6\x9c\x9f'	-10.913550338207084
10663	(-1, -1)	b'gent'	-10.431542623223526
10664	(-1, -1)	b'rency'	-11.081342061313348
10665	(-1, -1)	b'\xe9\x83\xbd\xe5\xbe\x88'	-11.018750648802088
10666	(-1, -1)	b' Saud'	-11.081981788384958
10667	(-1, -1)	b' Services'	-11.0821951217191
10668	(-1, -1)	b'UCK'	-11.08006383361481
10669	(-1, -1)	b'\xe8\xa3\x95'	-11.082408500574065
10670	(-1, -1)	b'\xe6\x9c\xba\xe5\x9c\xba'	-11.033882582846466
10671	(-1, -1)	b'\xe9\x98\xb2\xe6\xad\xa2'	-11.083048910458265
10672	(-1, -1)	b'\xe5\xb7\xa8\xe5\xa4\xa7\xe7\x9a\x84'	-11.08518657694138
10673	(-1, -1)	b'SU'	-10.776487876409014
10674	(-1, -1)	b' figures'	-11.08326247159095
10675	(-1, -1)	b'\xe7\x94\x9f\xe6\xb6\xaf'	-11.062547294156305
10676	(-1, -1)	b" i'm"	-11.082621924969283
10677	(-1, -1)	b' \xe1\x8b\x98'	-11.083689730730114
10678	(-1, -1)	b'\xe0\xb0\xb5'	-11.082408500574065
10679	(-1, -1)	b'\xe7\x9a\xae\xe8\x82\xa4'	-11.08390342877559
10680	(-1, -1)	b'\xe5\xa4\x96\xe5\x9b\xbd'	-10.971429992612016
10681	(-1, -1)	b'\xe9\xab\x98\xe6\xb0\xb4'	-11.076026857984544
10682	(-1, -1)	b'ouch'	-10.728319055783937
10683	(-1, -1)	b'\xe9\xa2\x86\xe5\xaf\xbc\xe4\xba\xba'	-10.988379550925789
10684	(-1, -1)	b'\xe8\xbf\x9b\xe7\x90\x83'	-11.083689730730114
10685	(-1, -1)	b' \xc4\xb0'	-11.084544797049848
10686	(-1, -1)	b'\xe4\xbe\x9d\xe6\xb3\x95'	-11.08475867791902
10687	(-1, -1)	b' mistake'	-10.491756877337792
10688	(-1, -1)	b'\xed\x95\xb4'	-11.017349948222902
10689	(-1, -1)	b'\xe6\x84\x9f\xe5\x85\xb4\xe8\xb6\xa3'	-11.084544797049848
10690	(-1, -1)	b' reportedly'	-11.084972604543003
10691	(-1, -1)	b'\xe8\xbf\x99\xe4\xb9\x9f'	-11.08390342877559
10692	(-1, -1)	b' effects'	-11.08518657694138
10693	(-1, -1)	b'icing'	-10.86071713419878
10694	(-1, -1)	b' busy'	-11.080915803847388
10695	(-1, -1)	b'\xe9\xad\x94\xe6\x9c\xaf'	-11.085400595133743
10696	(-1, -1)	b' Mat'	-11.213078312506806
10697	(-1, -1)	b'ORE'	-10.996375692994162
10698	(-1, -1)	b' retire'	-10.520539293493306
10699	(-1, -1)	b'\xe0\xb7\x85'	-11.048834218265336
10700	(-1, -1)	b' gradu'	-10.693005691041222
10701	(-1, -1)	b' gift'	-10.666470610643996
10702	(-1, -1)	b'\xe5\xae\x89\xe8\xa3\x85'	-11.085828768978864
10703	(-1, -1)	b' Cur'	-11.018350248396338
10704	(-1, -1)	b' Care'	-11.133859050625952
10705	(-1, -1)	b' television'	-11.057122703345392
10706	(-1, -1)	b'\xd0\xbd\xd0\xb0'	-10.546421931318124
10707	(-1, -1)	b'\xe5\x87\xba\xe7\x89\x88'	-11.08112890986844
10708	(-1, -1)	b'\xe9\x90\xb5'	-11.086042924670869
10709	(-1, -1)	b'mates'	-10.806964906158754
10710	(-1, -1)	b'\xe5\x85\xb9'	-11.08625712623536
10711	(-1, -1)	b'\xe7\x86\x9f\xe6\x82\x89'	-11.08647137369199
10712	(-1, -1)	b' mel'	-11.003647023056578
10713	(-1, -1)	b'\xe0\xa7\x8d\xe0\xa6\xa4'	-11.08647137369199
10714	(-1, -1)	b' index'	-11.086685667060431
10715	(-1, -1)	b' Was'	-10.869992363867954
10716	(-1, -1)	b' housing'	-11.0821951217191
10717	(-1, -1)	b' quarterback'	-11.086900006360361
10718	(-1, -1)	b' \xd1\x84'	-11.087114391611477
10719	(-1, -1)	b'\xe0\xae\xbe\xe0\xae\xb0'	-11.087328822833484
10720	(-1, -1)	b'\xe8\xa6\x86\xe7\x9b\x96'	-11.087543300046104
10721	(-1, -1)	b' \xe6\x88\xb7\xe5\x9e\x8b'	-11.087757823269065
10722	(-1, -1)	b' nin'	-11.11737026350778
10723	(-1, -1)	b'\xe5\xb8\x8c\xe5\xb0\x94'	-11.087757823269065
10724	(-1, -1)	b' county'	-11.087972392522115
10725	(-1, -1)	b'pper'	-10.869302351765365
10726	(-1, -1)	b' capacity'	-11.08840166919752
10727	(-1, -1)	b'-G'	-11.067370623209525
10728	(-1, -1)	b' moves'	-11.089045929930638
10729	(-1, -1)	b' trig'	-11.089045929930638
10730	(-1, -1)	b' d\xe1\xbb\x8b'	-11.089045929930638
10731	(-1, -1)	b'\xe9\x98\x9f\xe5\x91\x98'	-11.08433096191592
10732	(-1, -1)	b'\xe5\x8d\x81\xe5\xb9\xb4'	-10.736439401156826
10733	(-1, -1)	b'\xe5\x8f\xb8\xe6\x9c\xba'	-11.082621924969283
10734	(-1, -1)	b'lines'	-10.26387224792559
10735	(-1, -1)	b' jer'	-11.077724651261638
10736	(-1, -1)	b'\xd8\xa7\xd8\xb9'	-10.729817857023747
10737	(-1, -1)	b' \xe0\xa8\xb9\xe0\xa9\x88'	-11.08990559041771
10738	(-1, -1)	b'\xe7\x9a\x84\xe8\xa6\x81\xe6\xb1\x82'	-10.782477806046085
10739	(-1, -1)	b'part'	-10.24180944936177
10740	(-1, -1)	b' agent'	-10.52578480719832
10741	(-1, -1)	b' Kevin'	-11.08926077577957
10742	(-1, -1)	b' \xe6\x8e\xa8\xe8\x8d\x90'	-11.090550821110059
10743	(-1, -1)	b' protection'	-10.902258883890834
10744	(-1, -1)	b' reform'	-11.085614659139697
10745	(-1, -1)	b'ados'	-11.082408500574065
10746	(-1, -1)	b'season'	-10.687670807074
10747	(-1, -1)	b' server'	-10.628756354405375
10748	(-1, -1)	b' everybody'	-11.089475667797158
10749	(-1, -1)	b'phy'	-11.064641535759419
10750	(-1, -1)	b'\xe4\xb8\xad\xe6\x9c\x89'	-11.093999100388976
10751	(-1, -1)	b'\xe4\xb8\x80\xe4\xb8\xaa\xe4\xba\xba'	-10.853901636697236
10752	(-1, -1)	b'\xe6\x95\x88\xe7\x8e\x87'	-11.032460540961322
10753	(-1, -1)	b'\xe6\x94\x80'	-11.091627131621884
10754	(-1, -1)	b'\xe5\x8f\x91\xe5\x87\xba'	-10.847469657853967
10755	(-1, -1)	b'\xe3\x81\x93'	-11.09205798040063
10756	(-1, -1)	b'\xc9\x99d'	-11.045126695995803
10757	(-1, -1)	b'\xe6\xb3\xa8\xe9\x87\x8d'	-11.08840166919752
10758	(-1, -1)	b' annoy'	-11.03836506793949
10759	(-1, -1)	b' \xd1\x81\xd0\xb5'	-11.093351641641851
10760	(-1, -1)	b' sharing'	-11.092704601826329
10761	(-1, -1)	b'\xe6\xac\xa7\xe8\xb5\x94'	-11.092920235250345
10762	(-1, -1)	b' allegedly'	-11.093135915182163
10763	(-1, -1)	b'\xe7\x9a\x84\xe6\x96\xb0\xe9\x97\xbb'	-11.079850954422948
10764	(-1, -1)	b' advoc'	-11.093567414649485
10765	(-1, -1)	b' assets'	-11.093783234225157
10766	(-1, -1)	b'\xe4\xb8\xa4\xe5\x90\x8d'	-11.087114391611477
10767	(-1, -1)	b'\xe0\xb0\xbe\xe0\xb0\xa8'	-11.094215013161055
10768	(-1, -1)	b'\xe7\xbb\x91'	-11.094430972561526
10769	(-1, -1)	b' Wind'	-10.921694442582048
10770	(-1, -1)	b'\xe5\x87\xba\xe7\x94\x9f'	-10.971812036551714
10771	(-1, -1)	b'\xe4\xb8\x80\xe5\xbc\xa0'	-10.702593213638908
10772	(-1, -1)	b'aland'	-11.173034831065964
10773	(-1, -1)	b' greater'	-11.094215013161055
10774	(-1, -1)	b' prepared'	-11.09486303132824
10775	(-1, -1)	b'-9'	-11.073062638155827
10776	(-1, -1)	b'\xe5\xb0\x86\xe5\x85\xb6'	-11.074120279713963
10777	(-1, -1)	b'\xe6\xac\xa7\xe6\xb4\xb2\xe5\xa4\xae\xe8\xa1\x8c'	-11.095727709289593
10778	(-1, -1)	b'\xe4\xbc\x91\xe6\x81\xaf'	-11.095943995653581
10779	(-1, -1)	b' era'	-10.868957524175741
10780	(-1, -1)	b'\xd8\xa7\xd9\x82'	-10.892151518831236
10781	(-1, -1)	b'\xe5\x81\x9a\xe6\xb3\x95'	-11.09616032880748
10782	(-1, -1)	b'\xe6\xb5\xa9'	-11.09616032880748
10783	(-1, -1)	b' Beach'	-11.075602859674186
10784	(-1, -1)	b'icken'	-10.877961914018515
10785	(-1, -1)	b'\xe4\xbb\xa3\xe7\x90\x86'	-11.093999100388976
10786	(-1, -1)	b'\xe8\xb0\xa2\xe8\xb0\xa2'	-11.102019084852019
10787	(-1, -1)	b' 36'	-11.046772786902471
10788	(-1, -1)	b'ias'	-10.921876178157286
10789	(-1, -1)	b'tered'	-11.137460224898126
10790	(-1, -1)	b'\xe7\x9a\x84\xe4\xb8\x9c\xe8\xa5\xbf'	-10.689541984302222
10791	(-1, -1)	b'\xe5\xbc\xba\xe5\x8a\xb2'	-11.097026129727366
10792	(-1, -1)	b'\xe5\xbe\xbd'	-11.097026129727366
10793	(-1, -1)	b' Associated'	-11.097242697134817
10794	(-1, -1)	b'\xe4\xb9\x83'	-11.097892680908107
10795	(-1, -1)	b' background'	-10.976407984894394
10796	(-1, -1)	b' circum'	-11.097459311453871
10797	(-1, -1)	b'\xe1\x89\x80'	-10.757496022891262
10798	(-1, -1)	b'\xe5\xa4\xaa\xe7\xa9\xba'	-11.098109436083986
10799	(-1, -1)	b'AG'	-10.998531922389807
10800	(-1, -1)	b' \xe0\xa4\x95\xe0\xa5\x80'	-11.098109436083986
10801	(-1, -1)	b'\x84\xe1\x80\xba\xe1\x80\xb8\xe1\x80'	-11.098109436083986
10802	(-1, -1)	b'\xe5\xa8\x81\xe8\x83\x81'	-11.097892680908107
10803	(-1, -1)	b' false'	-11.090550821110059
10804	(-1, -1)	b' suggested'	-11.098326238252856
10805	(-1, -1)	b'\xe1\x80\xb1\xe1\x80\xb8\xe1\x80'	-11.098326238252856
10806	(-1, -1)	b'\xe8\xb2\x8c'	-11.0985430874351
10807	(-1, -1)	b'\xe4\xbb\x8a\xe5\xb9\xb4\xe4\xbb\xa5\xe6\x9d\xa5'	-10.958526587776108
10808	(-1, -1)	b'\xe5\x95\xa6'	-11.098759983651112
10809	(-1, -1)	b'De'	-10.850003657013769
10810	(-1, -1)	b'\xe5\x8d\x81\xe8\xb6\xb3'	-11.098759983651112
10811	(-1, -1)	b' Week'	-11.051313558378377
10812	(-1, -1)	b' regional'	-11.066530110447287
10813	(-1, -1)	b' subs'	-10.688965864453362
10814	(-1, -1)	b'\xe9\x97\x9c'	-11.098976926921297
10815	(-1, -1)	b'\xe4\xba\xa7\xe6\x9d\x83'	-11.094646978610536
10816	(-1, -1)	b'yy'	-11.126472335449755
10817	(-1, -1)	b'ields'	-11.09919391726608
10818	(-1, -1)	b' Two'	-11.05421391259716
10819	(-1, -1)	b'\xe9\x9b\x86\xe4\xbd\x93'	-11.079425331943655
10820	(-1, -1)	b'\xe5\xa4\xa7\xe5\xad\xa6\xe7\x94\x9f'	-11.038160882129693
10821	(-1, -1)	b' Os'	-10.898878398508069
10822	(-1, -1)	b'\xe5\x87\xa0\xe5\xa4\xa9'	-11.0432780767983
10823	(-1, -1)	b'onest'	-11.10136641431868
10824	(-1, -1)	b' ends'	-11.099628039261175
10825	(-1, -1)	b'l\xe1\xbb\x8d'	-10.47545822258558
10826	(-1, -1)	b' ped'	-10.993442852882335
10827	(-1, -1)	b'\xd8\xa7\xd9\x81'	-11.112960113030226
10828	(-1, -1)	b'\xe7\x94\xa8\xe5\x9c\xb0'	-11.032866632337463
10829	(-1, -1)	b' Brazil'	-11.06003997984652
10830	(-1, -1)	b' \xe6\xa0\xb7\xe6\x9d\xbf\xe9\x97\xb4'	-11.100496849046495
10831	(-1, -1)	b'\xe6\xad\xa6\xe4\xbe\xa0'	-11.100714169486338
10832	(-1, -1)	b'\xe9\x99\xb7\xe5\x85\xa5'	-11.10093153716462
10833	(-1, -1)	b'\xe9\x9c\x87\xe8\x8d\xa1'	-11.101148952101882
10834	(-1, -1)	b' denied'	-11.101148952101882
10835	(-1, -1)	b'\xe7\x9a\x84\xe4\xb8\xaa\xe4\xba\xba'	-10.969712598811409
10836	(-1, -1)	b'\xe4\xbc\xa0\xe5\xa5\x87'	-11.10180148067316
10837	(-1, -1)	b'eck'	-9.465825877981942
10838	(-1, -1)	b' psych'	-10.995788436444055
10839	(-1, -1)	b' squad'	-11.021357166568523
10840	(-1, -1)	b'\xe8\xbf\x90\xe4\xbd\x9c'	-11.098976926921297
10841	(-1, -1)	b' migr'	-11.098759983651112
10842	(-1, -1)	b'unning'	-11.058163611110865
10843	(-1, -1)	b'\xe3\x81\x97\xe3\x81\x9f'	-11.102454435316012
10844	(-1, -1)	b'\xd0\xb4\xd1\x83'	-10.877440220240924
10845	(-1, -1)	b'\xe4\xb8\xad\xe9\x97\xb4'	-11.010772943946545
10846	(-1, -1)	b'zz'	-11.049040595316939
10847	(-1, -1)	b'-of'	-11.095727709289593
10848	(-1, -1)	b'720'	-10.943556248317241
10849	(-1, -1)	b' fantastic'	-11.060875052963942
10850	(-1, -1)	b'ucky'	-11.062128971623537
10851	(-1, -1)	b' coal'	-11.07327407699793
10852	(-1, -1)	b' mechan'	-11.102672181642404
10853	(-1, -1)	b' Home'	-10.753955651302878
10854	(-1, -1)	b'\xe8\x95\xbe'	-11.103543641392545
10855	(-1, -1)	b'\xe9\x9d\xa2\xe5\x89\x8d'	-11.024373153573695
10856	(-1, -1)	b' Security'	-11.103761625044633
10857	(-1, -1)	b'\xe0\xb1\x8d\xe0\xb0\xa4'	-11.103761625044633
10858	(-1, -1)	b'\xe6\x9f\xb1'	-11.103979656223956
10859	(-1, -1)	b'\xe7\xa9\xbf\xe7\x9d\x80'	-11.10419773495124
10860	(-1, -1)	b'Ed'	-11.059831320482175
10861	(-1, -1)	b'\xe5\xa4\x9a\xe5\xae\xb6'	-11.096809609211201
10862	(-1, -1)	b'\xe8\xae\xa9\xe6\x88\x91'	-11.071583816718054
10863	(-1, -1)	b'\xe5\xae\xb4'	-11.104634035132682
10864	(-1, -1)	b'\xe7\x94\x9f\xe5\xad\x98'	-11.08326247159095
10865	(-1, -1)	b' oh'	-11.00918501189394
10866	(-1, -1)	b'ache'	-10.89409412429865
10867	(-1, -1)	b'endo'	-10.99951356573947
10868	(-1, -1)	b' \xe5\x9c\xb0\xe5\x9b\xbe\xe6\x90\x9c\xe7\xb4\xa2'	-11.105507206984711
10869	(-1, -1)	b' tank'	-10.792009252311637
10870	(-1, -1)	b'orting'	-10.93873874780128
10871	(-1, -1)	b' \xec\x97'	-11.152682602217064
10872	(-1, -1)	b'\xe0\xa8\xbe\xe0\xa8\xb2'	-11.105725619129293
10873	(-1, -1)	b' Show'	-10.958338068593722
10874	(-1, -1)	b'\xe8\xa1\xa5\xe5\x85\x85'	-11.106381141932184
10875	(-1, -1)	b' 75'	-11.034085896865669
10876	(-1, -1)	b' curious'	-11.089045929930638
10877	(-1, -1)	b' bon'	-11.062128971623537
10878	(-1, -1)	b'\xe8\xbf\x9e\xe8\xb4\xa5'	-11.10659974505908
10879	(-1, -1)	b' \xd0\xa0'	-11.10659974505908
10880	(-1, -1)	b'LY'	-10.795847414707763
10881	(-1, -1)	b' rising'	-11.105944078988164
10882	(-1, -1)	b' Div'	-11.034899566560682
10883	(-1, -1)	b' c\xc3\xb3'	-11.103543641392545
10884	(-1, -1)	b'\xe3\x81\x86'	-11.107474635753556
10885	(-1, -1)	b' signs'	-11.108131306456807
10886	(-1, -1)	b' coast'	-11.003844281169457
10887	(-1, -1)	b' regarding'	-11.108569326612738
10888	(-1, -1)	b' listed'	-11.108788408659839
10889	(-1, -1)	b' banks'	-11.108131306456807
10890	(-1, -1)	b' Ol'	-10.127685310587935
10891	(-1, -1)	b'erves'	-11.098759983651112
10892	(-1, -1)	b' Subscribe'	-11.065060910896621
10893	(-1, -1)	b'\xe0\xa8\x9c'	-11.110103909836177
10894	(-1, -1)	b" We're"	-11.110103909836177
10895	(-1, -1)	b'ista'	-11.160727697901896
10896	(-1, -1)	b'\xe6\xbc\x82\xe4\xba\xae'	-11.110762309947747
10897	(-1, -1)	b'\xe6\xaf\x8f\xe6\x97\xa5'	-11.078787237696758
10898	(-1, -1)	b'\xe6\x8a\xac'	-11.11098187301812
10899	(-1, -1)	b' types'	-11.11098187301812
10900	(-1, -1)	b'\xe8\xae\xbe\xe7\xab\x8b'	-11.110542795074734
10901	(-1, -1)	b'Dep'	-11.11230026477138
10902	(-1, -1)	b' \xc5\x9f'	-11.111640851625165
10903	(-1, -1)	b' Bir'	-11.006807831693667
10904	(-1, -1)	b'\xe5\x9b\x9e\xe5\x8d\x87'	-11.11186060769681
10905	(-1, -1)	b'\xe1\x88\xae'	-11.077512269398252
10906	(-1, -1)	b'\xe5\x8c\xba\xe9\x97\xb4'	-11.107255841310062
10907	(-1, -1)	b'\xd0\xbe\xd0\xb6'	-11.021959636714268
10908	(-1, -1)	b'\xe6\xb7\xb7\xe5\x90\x88'	-11.11230026477138
10909	(-1, -1)	b'AF'	-11.010772943946545
10910	(-1, -1)	b' surgery'	-11.11230026477138
10911	(-1, -1)	b' pil'	-10.892151518831236
10912	(-1, -1)	b'\xe6\x88\x90\xe4\xba\xa4\xe9\x87\x8f'	-11.029420100796056
10913	(-1, -1)	b' giant'	-10.899411400208527
10914	(-1, -1)	b' carried'	-11.112740115229318
10915	(-1, -1)	b' core'	-11.032460540961322
10916	(-1, -1)	b' Eagles'	-11.112960113030226
10917	(-1, -1)	b'ordin'	-10.442848502872105
10918	(-1, -1)	b' Way'	-11.06380331274303
10919	(-1, -1)	b'\xe0\xae\xa4\xe0\xaf\x81'	-10.914451970222002
10920	(-1, -1)	b' useful'	-11.097026129727366
10921	(-1, -1)	b'Since'	-10.462171677410518
10922	(-1, -1)	b' rent'	-10.807126941320739
10923	(-1, -1)	b' Ont'	-11.112080412071801
10924	(-1, -1)	b' guns'	-10.922785351781146
10925	(-1, -1)	b'\xe9\x8a'	-11.114942274234219
10926	(-1, -1)	b'\xe5\xb4\x87'	-11.114942274234219
10927	(-1, -1)	b'\xe3\x83\xa9'	-11.114942274234219
10928	(-1, -1)	b'\xe8\x8b\xb1\xe6\xa0\xbc\xe5\x85\xb0'	-11.11516275709257
10929	(-1, -1)	b'\xe5\x8f\xaf\xe8\xb0\x93'	-11.096593135566021
10930	(-1, -1)	b'ugar'	-10.877961914018515
10931	(-1, -1)	b' d\xc3\xa9'	-11.069053771092685
10932	(-1, -1)	b' lawyer'	-10.615156198641891
10933	(-1, -1)	b'rit'	-10.100139823083497
10934	(-1, -1)	b' tele'	-10.780582370318289
10935	(-1, -1)	b' hitting'	-11.115824497493909
10936	(-1, -1)	b'\xe1\xbb\xb1'	-11.116045174974667
10937	(-1, -1)	b'\xe8\x82\xa0'	-11.116265901164727
10938	(-1, -1)	b'ocial'	-11.100496849046495
10939	(-1, -1)	b'opefully'	-10.501497985487996
10940	(-1, -1)	b' aka'	-10.857985358554231
10941	(-1, -1)	b' agus'	-11.115383288574332
10942	(-1, -1)	b'\xe4\xba\x8f\xe6\x8d\x9f'	-11.116486676085593
10943	(-1, -1)	b'.SATURDAY'	-11.116486676085593
10944	(-1, -1)	b' breaking'	-11.116486676085593
10945	(-1, -1)	b' Indust'	-11.116707499758787
10946	(-1, -1)	b'\xe5\xb0\xbd\xe9\x87\x8f'	-11.104634035132682
10947	(-1, -1)	b' \xe7\x9b\xb8\xe5\x86\x8c'	-11.116928372205848
10948	(-1, -1)	b'\xe9\xad\x8f'	-11.117149293448323
10949	(-1, -1)	b'\xe5\x9f\xba\xe6\x9c\xac\xe4\xb8\x8a'	-11.111421143835639
10950	(-1, -1)	b'\xe4\xba\x92\xe5\x8a\xa8'	-11.116486676085593
10951	(-1, -1)	b'\xe4\xb8\x80\xe6\x98\xaf'	-11.107474635753556
10952	(-1, -1)	b'SS'	-10.390756248215645
10953	(-1, -1)	b'\xe7\x8a\xb9'	-11.117591282405796
10954	(-1, -1)	b'\xe6\xbf\x80\xe6\x83\x85'	-11.117591282405796
10955	(-1, -1)	b'\xe5\x85\xa9'	-11.117812350163963
10956	(-1, -1)	b'\xe9\x99\xbd'	-11.117812350163963
10957	(-1, -1)	b'CM'	-11.11428111718534
10958	(-1, -1)	b'fs'	-10.97986886125788
10959	(-1, -1)	b' documents'	-11.11847584681553
10960	(-1, -1)	b'\xe8\x9a'	-11.118697110230526
10961	(-1, -1)	b'\xe5\xaf\x86\xe5\x88\x87'	-11.118697110230526
10962	(-1, -1)	b'Two'	-11.04389390356517
10963	(-1, -1)	b' smoke'	-10.8082619232018
10964	(-1, -1)	b'\xd1\x84'	-11.005226178536736
10965	(-1, -1)	b'-R'	-11.138362548442316
10966	(-1, -1)	b'\xe6\xa9\xb1\xe6\x9f\x9c'	-11.118918422613858
10967	(-1, -1)	b'\xe7\xb3\x95'	-11.119139783987201
10968	(-1, -1)	b' koj'	-11.119361194372253
10969	(-1, -1)	b'\xe4\xbf\xb1\xe4\xb9\x90\xe9\x83\xa8'	-11.020153314095683
10970	(-1, -1)	b'\xe4\xbf\xa1\xe6\x89\x98'	-11.119804162264325
10971	(-1, -1)	b' warning'	-10.918066649740618
10972	(-1, -1)	b'\xe5\xaf\xb9\xe5\xa4\x96'	-11.12202194982228
10973	(-1, -1)	b'eni'	-11.050486428471833
10974	(-1, -1)	b' jail'	-10.872930238615625
10975	(-1, -1)	b'\xe5\x9c\xb0\xe4\xb8\x8b'	-11.003647023056578
10976	(-1, -1)	b'\xe7\x89\xb5'	-11.120912441220721
10977	(-1, -1)	b' web'	-11.090335697951222
10978	(-1, -1)	b'\xe8\x87\xa3'	-11.121134244482139
10979	(-1, -1)	b'look'	-10.777903304812344
10980	(-1, -1)	b' fish'	-10.558354497696437
10981	(-1, -1)	b'\xe8\xaf\xa5\xe7\x89\x87'	-11.100062349800032
10982	(-1, -1)	b'\xe6\x9c\x89\xe4\xbb\x80\xe4\xb9\x88'	-11.035103087473157
10983	(-1, -1)	b'\xe6\xb5\x81\xe9\x80\x9a'	-11.11958265379072
10984	(-1, -1)	b'\xe5\x8f\xa6\xe4\xb8\x80\xe6\x96\xb9\xe9\x9d\xa2'	-11.11847584681553
10985	(-1, -1)	b'\xe5\xb8\x82\xe7\x9a\x84'	-11.05317710586872
10986	(-1, -1)	b' Institute'	-11.06548046198312
10987	(-1, -1)	b'\xe5\x87\xba\xe8\x89\xb2\xe7\x9a\x84'	-11.08840166919752
10988	(-1, -1)	b'ao'	-10.71788987901438
10989	(-1, -1)	b' Ireland'	-11.121134244482139
10990	(-1, -1)	b' Liverpool'	-11.122243999340235
10991	(-1, -1)	b'\xe0\xb8\xb2\xe0\xb8\xa2'	-11.122243999340235
10992	(-1, -1)	b' \xd8\xb7'	-11.122688246348874
10993	(-1, -1)	b'\xe7\x90\xb4'	-11.122910443883395
10994	(-1, -1)	b'\xe5\x88\x86\xe6\x95\xb0'	-11.120247326463911
10995	(-1, -1)	b'\xe7\xab\x9f\xe7\x84\xb6'	-11.122688246348874
10996	(-1, -1)	b' advance'	-10.429429985533329
10997	(-1, -1)	b'\xe5\x90\x84\xe7\xb1\xbb'	-11.124022172736085
10998	(-1, -1)	b'\xe5\xbc\x84'	-11.123132690800634
10999	(-1, -1)	b' sucks'	-11.122910443883395
11000	(-1, -1)	b'tion'	-10.477553927159798
11001	(-1, -1)	b' gear'	-10.952886414899847
11002	(-1, -1)	b'\xe5\x8d\x81\xe5\xa4\xa7'	-11.118918422613858
11003	(-1, -1)	b'initely'	-11.123577332871099
11004	(-1, -1)	b'\xe4\xb8\x80\xe8\xbe\xb9'	-11.049453477238577
11005	(-1, -1)	b' resol'	-11.074755401996347
11006	(-1, -1)	b'\xe5\xa4\xa7\xe5\xa4\xa7'	-10.977752458351503
11007	(-1, -1)	b'isha'	-11.05858027778356
11008	(-1, -1)	b'Same'	-10.817552186418672
11009	(-1, -1)	b' taste'	-10.75426301260851
11010	(-1, -1)	b'\xe6\x95\x88\xe5\xba\x94'	-11.120690687145082
11011	(-1, -1)	b'vs'	-10.913550338207084
11012	(-1, -1)	b'\xe5\x87\xba\xe6\x9d\xa5\xe7\x9a\x84'	-11.075179041062205
11013	(-1, -1)	b'\xe0\xb0\xa6'	-10.651796320353633
11014	(-1, -1)	b'\xe5\x8f\x97\xe7\x9b\x8a'	-11.08969060600325
11015	(-1, -1)	b' animals'	-11.125803513665822
11016	(-1, -1)	b'vis'	-10.053917700042364
11017	(-1, -1)	b' marketing'	-11.12624934514891
11018	(-1, -1)	b' segment'	-10.803406759108658
11019	(-1, -1)	b' voted'	-11.12624934514891
11020	(-1, -1)	b' factors'	-11.126026404561653
11021	(-1, -1)	b'\xe9\xa2\x96'	-11.126695375486367
11022	(-1, -1)	b'\xe5\x8f\x8d\xe8\x80\x8c'	-11.021557949623107
11023	(-1, -1)	b'\xe6\x89\x93\xe7\xae\x97'	-11.126695375486367
11024	(-1, -1)	b' sudden'	-11.124912446554069
11025	(-1, -1)	b'\xe1\x88\x8a'	-10.96249372247749
11026	(-1, -1)	b'aniel'	-10.780740186147545
11027	(-1, -1)	b' artist'	-10.442848502872105
11028	(-1, -1)	b' ticket'	-11.124467210571646
11029	(-1, -1)	b' resc'	-11.125357880859873
11030	(-1, -1)	b'ras'	-10.27780546228884
11031	(-1, -1)	b'\xe5\x9b\x9e\xe6\x9d\xa5'	-10.86294220999913
11032	(-1, -1)	b'ums'	-11.029420100796056
11033	(-1, -1)	b'\xe7\x99\xbe\xe4\xb8\x87'	-11.093783234225157
11034	(-1, -1)	b'acc'	-10.542434387093657
11035	(-1, -1)	b' nobody'	-11.12624934514891
11036	(-1, -1)	b'\xe1\x80\xba\xe1\x80\xb8\xe1\x80'	-11.127588033434506
11037	(-1, -1)	b'\xe9\x93\xb6\xe8\xa1\x8c\xe7\x9a\x84'	-11.06674017241634
11038	(-1, -1)	b' rus'	-11.30203710978083
11039	(-1, -1)	b' sentence'	-10.53796732419951
11040	(-1, -1)	b'\x88\x98'	-11.128034661400841
11041	(-1, -1)	b'\xe6\x88\x90\xe6\x9e\x9c'	-11.128034661400841
11042	(-1, -1)	b'\xe5\x90\x84\xe9\xa1\xb9'	-11.121577998649617
11043	(-1, -1)	b'may'	-10.980446840274066
11044	(-1, -1)	b'\xe6\x85\x88'	-11.12848148893285
11045	(-1, -1)	b' Houston'	-11.127588033434506
11046	(-1, -1)	b' facility'	-11.12848148893285
11047	(-1, -1)	b' seek'	-10.819355022275325
11048	(-1, -1)	b' subscribing'	-11.12848148893285
11049	(-1, -1)	b'\xe5\x8f\xaf\xe7\x88\xb1'	-10.760584828435848
11050	(-1, -1)	b' rich'	-10.950452184693074
11051	(-1, -1)	b' stress'	-10.811674618477879
11052	(-1, -1)	b'\xe5\xa4\xab\xe5\xa6\xbb'	-11.129599432034192
11053	(-1, -1)	b' acting'	-11.129599432034192
11054	(-1, -1)	b' \xd8\xba'	-11.129823170708354
11055	(-1, -1)	b'\xe1\x8b\xa8'	-11.129823170708354
11056	(-1, -1)	b'\xe5\xbc\x80\xe5\xbf\x83'	-11.02236148522279
11057	(-1, -1)	b'\xe5\xa2\x93'	-11.130270798289688
11058	(-1, -1)	b'\xe5\xab\x8c\xe7\x96\x91\xe4\xba\xba'	-11.063593866726976
11059	(-1, -1)	b' \xe0\xaa\xb0'	-11.130270798289688
11060	(-1, -1)	b'BO'	-10.489395322337803
11061	(-1, -1)	b'\xe6\x89\x93\xe5\xb7\xa5'	-11.130718626331207
11062	(-1, -1)	b'-n'	-10.924241751091916
11063	(-1, -1)	b' fol'	-10.859008900097017
11064	(-1, -1)	b'\xe5\xae\x98\xe6\x96\xb9\xe7\xbd\x91\xe7\xab\x99'	-11.130718626331207
11065	(-1, -1)	b' joint'	-11.031243255357571
11066	(-1, -1)	b' linked'	-11.130718626331207
11067	(-1, -1)	b'\xe5\x85\x81\xe8\xae\xb8'	-11.129375743407826
11068	(-1, -1)	b'mitted'	-11.078787237696758
11069	(-1, -1)	b' impressive'	-11.130270798289688
11070	(-1, -1)	b'\xe7\x82\xae'	-11.13161488451354
11071	(-1, -1)	b' Card'	-11.010772943946545
11072	(-1, -1)	b' holiday'	-10.81591606039924
11073	(-1, -1)	b'\xe5\x93\xb2'	-11.131839074627695
11074	(-1, -1)	b'hy'	-10.6915610216192
11075	(-1, -1)	b'\xe6\xb5\x85'	-11.131839074627695
11076	(-1, -1)	b' actor'	-10.722197349469567
11077	(-1, -1)	b'ometimes'	-11.13161488451354
11078	(-1, -1)	b' spell'	-10.880923330693744
11079	(-1, -1)	b'\xe4\xb8\xad\xe7\xbe\x8e'	-11.084972604543003
11080	(-1, -1)	b'\xe8\xbf\x91\xe5\xb9\xb4\xe6\x9d\xa5'	-11.083689730730114
11081	(-1, -1)	b'\xe3\x83\xbb'	-11.13206331501433
11082	(-1, -1)	b'\xe5\xaf\xb9\xe9\x98\xb5'	-11.127364794232776
11083	(-1, -1)	b'\xe4\xba\x8b\xe5\x8a\xa1'	-11.111421143835639
11084	(-1, -1)	b'SO'	-10.938553921999072
11085	(-1, -1)	b' alive'	-11.132287605695993
11086	(-1, -1)	b'81'	-10.458963241061317
11087	(-1, -1)	b' university'	-11.132960779736896
11088	(-1, -1)	b' \xd1\x80\xd0\xb5'	-11.132287605695993
11089	(-1, -1)	b'\xe6\x8b\x9b\xe5\x95\x86'	-11.133185271824493
11090	(-1, -1)	b' pra'	-11.160035576522324
11091	(-1, -1)	b'\xe3\x83\xab'	-11.133409814320103
11092	(-1, -1)	b' loan'	-10.616896377114626
11093	(-1, -1)	b'AV'	-10.792488217755455
11094	(-1, -1)	b'\xeb\x9d\xbc'	-11.077087640941764
11095	(-1, -1)	b'\xe8\xa1\xac'	-11.13408374448152
11096	(-1, -1)	b'2018'	-11.097675972704854
11097	(-1, -1)	b' generation'	-10.812814776594713
11098	(-1, -1)	b' 34'	-10.99951356573947
11099	(-1, -1)	b' enem'	-11.127811322483106
11100	(-1, -1)	b'\xe0\xab\x80\xe0\xaa'	-10.456791935711369
11101	(-1, -1)	b'\xd1\x82\xd0\xb0'	-10.313067238001878
11102	(-1, -1)	b'\xe6\x9b\xb4\xe6\x96\xb0'	-11.06401280263591
11103	(-1, -1)	b'\xe6\x95\x99\xe5\xad\xa6'	-11.134308488835764
11104	(-1, -1)	b' Jordan'	-11.114942274234219
11105	(-1, -1)	b' Where'	-11.131839074627695
11106	(-1, -1)	b'\xe6\x97\xa5\xe4\xb8\x8a\xe5\x8d\x88'	-11.099628039261175
11107	(-1, -1)	b'\xe5\xa5\xb3\xe7\x94\x9f'	-11.05296987345683
11108	(-1, -1)	b'\xe7\xb6\xad'	-11.136558714807771
11109	(-1, -1)	b'\xe5\x8d\x93'	-11.136558714807771
11110	(-1, -1)	b'\xe6\x85\xa2\xe6\x85\xa2'	-11.13949159903081
11111	(-1, -1)	b'\xe5\xb0\x94\xe6\x96\xaf'	-11.143339934283869
11112	(-1, -1)	b' Japanese'	-11.136558714807771
11113	(-1, -1)	b' upcoming'	-11.136784016149267
11114	(-1, -1)	b'\xe7\x96\xbc'	-11.137009368262897
11115	(-1, -1)	b'\xe5\x92\x8c\xe8\xb0\x90'	-11.135658016705898
11116	(-1, -1)	b'\xe5\x8f\xb8\xe6\xb3\x95'	-11.126472335449755
11117	(-1, -1)	b'\xe6\x95\x99\xe8\x82\xb2\xe9\x83\xa8'	-11.077512269398252
11118	(-1, -1)	b'\xe5\xa6\xae'	-11.13723477117155
11119	(-1, -1)	b' pal'	-10.937630305049694
11120	(-1, -1)	b'craft'	-10.240981139526552
11121	(-1, -1)	b'\xe5\xae\x9e\xe6\x9c\xa8'	-11.136558714807771
11122	(-1, -1)	b'\xe6\x9b\xb4\xe5\xa5\xbd\xe7\x9a\x84'	-11.13251194669525
11123	(-1, -1)	b'\xe5\x81\x8f\xe8\x82\xa1'	-11.137009368262897
11124	(-1, -1)	b'\xe6\x84\x9f\xe5\x85\x89\xe5\xba\xa6'	-11.11318015924082
11125	(-1, -1)	b'\xe6\x89\xa9\xe5\xbc\xa0'	-11.137911284896752
11126	(-1, -1)	b'\xe5\x9b\x9e\xe5\xbd\x92'	-11.138136891214685
11127	(-1, -1)	b'\xe6\x96\xb0\xe5\x9f\xba\xe9\x87\x91'	-10.85832642267759
11128	(-1, -1)	b' herself'	-11.138588256602624
11129	(-1, -1)	b' \xd8\xaa\xd9\x87'	-11.137911284896752
11130	(-1, -1)	b'\xe5\xa4\xa7\xe6\xa6\x82'	-11.11186060769681
11131	(-1, -1)	b'\xe9\x83\xa1'	-11.139039825813278
11132	(-1, -1)	b'IV'	-11.087328822833484
11133	(-1, -1)	b'\xe8\xa4'	-11.139265686909665
11134	(-1, -1)	b' owned'	-11.139265686909665
11135	(-1, -1)	b'2003'	-10.693294875542948
11136	(-1, -1)	b'\xe8\x8b\xb1\xe9\x95\x91'	-11.13949159903081
11137	(-1, -1)	b' faith'	-11.13949159903081
11138	(-1, -1)	b'\xe5\xa4\xa7\xe5\xa4\x9a'	-11.097242697134817
11139	(-1, -1)	b'\xe8\xbf\x87\xe4\xba\x8e'	-11.13723477117155
11140	(-1, -1)	b'\xe4\xb8\xad\xe8\x8f\xaf\xe4\xba\xba\xe6\xb0\x91\xe5\x85\xb1\xe5\x92\x8c\xe5\x9c\x8b'	-11.13161488451354
11141	(-1, -1)	b' \xe0\xaa\xac'	-11.139943576439634
11142	(-1, -1)	b'\xe8\x88\xaa\xe7\xa9\xba'	-11.140169641773479
11143	(-1, -1)	b'ilm'	-10.703907754104256
11144	(-1, -1)	b'\xea\xb8\xb0'	-10.814119408221378
11145	(-1, -1)	b"it's"	-11.180774989328535
11146	(-1, -1)	b'\xe8\x8e\xb7\xe6\x82\x89'	-11.140848144570063
11147	(-1, -1)	b'apped'	-10.423670749324293
11148	(-1, -1)	b'\xe8\x87\x82'	-11.141074414511065
11149	(-1, -1)	b' younger'	-11.140169641773479
11150	(-1, -1)	b'\xe6\x95\xb4\xe5\x90\x88'	-11.139717562199776
11151	(-1, -1)	b'\xe7\x94\x9f\xe6\x80\x81'	-11.13949159903081
11152	(-1, -1)	b' battery'	-11.139039825813278
11153	(-1, -1)	b'ollow'	-10.58252601787586
11154	(-1, -1)	b' stuck'	-11.140848144570063
11155	(-1, -1)	b'\xe5\xaf\xbf'	-11.141980006603745
11156	(-1, -1)	b'\xe5\x9c\xa8\xe4\xbb\x8a\xe5\xb9\xb4'	-10.925882739699745
11157	(-1, -1)	b' pray'	-11.128034661400841
11158	(-1, -1)	b'\xe0\xb6\xad\xe0\xb7\x92'	-10.794246389709993
11159	(-1, -1)	b' 2020'	-11.142659739268414
11160	(-1, -1)	b'\xe4\xbc\x98\xe8\xb4\xa8'	-11.142659739268414
11161	(-1, -1)	b' arms'	-11.14243311037226
11162	(-1, -1)	b' struck'	-11.142659739268414
11163	(-1, -1)	b'John'	-11.142659739268414
11164	(-1, -1)	b' Coast'	-11.131166655012537
11165	(-1, -1)	b'\xe9\x87\x87\xe8\xb4\xad'	-11.141300735661744
11166	(-1, -1)	b'\xe9\xbe\x99\xe5\xa4\xb4'	-11.143113151200915
11167	(-1, -1)	b'valid'	-11.19691585719389
11168	(-1, -1)	b'igg'	-10.344503419372627
11169	(-1, -1)	b' Est'	-11.010177173896155
11170	(-1, -1)	b' standards'	-11.143339934283869
11171	(-1, -1)	b' repeated'	-11.143339934283869
11172	(-1, -1)	b' Only'	-11.143339934283869
11173	(-1, -1)	b' Cleveland'	-11.142206532825124
11174	(-1, -1)	b'\xe1\x80\x80\xe1\x80\xba\xe1\x80'	-10.998139534705745
11175	(-1, -1)	b' Business'	-11.144020592279517
11176	(-1, -1)	b'\xe9\xa1\xb6\xe7\xba\xa7'	-11.144020592279517
11177	(-1, -1)	b' heads'	-11.006609988187234
11178	(-1, -1)	b'\xe4\xb8\xad\xe5\x85\xb1'	-11.110323328377923
11179	(-1, -1)	b'\xe7\x9a\x84\xe5\x8f\xaf\xe8\x83\xbd\xe6\x80\xa7'	-11.024373153573695
11180	(-1, -1)	b' Vol'	-11.111201484307024
11181	(-1, -1)	b' climate'	-11.121134244482139
11182	(-1, -1)	b' co-'	-10.439028273506926
11183	(-1, -1)	b' ik'	-11.182896380813562
11184	(-1, -1)	b'\xe6\x84\x9f\xe6\x9f\x93'	-11.131839074627695
11185	(-1, -1)	b' pas'	-11.139265686909665
11186	(-1, -1)	b'\xe0\xae\x95'	-11.065900189166616
11187	(-1, -1)	b'\xd0\xb0\xd1\x86'	-11.21917663607753
11188	(-1, -1)	b'\xe8\xbf\x87\xe6\x9d\xa5'	-10.953636602481916
11189	(-1, -1)	b'\xe5\x90\xa6\xe5\x88\x99'	-11.141074414511065
11190	(-1, -1)	b' hi'	-10.755955190537106
11191	(-1, -1)	b'\xe6\x9c\x80\xe5\x90\x8e\xe4\xb8\x80'	-10.796488543115684
11192	(-1, -1)	b' Dun'	-11.146065350460995
11193	(-1, -1)	b' stands'	-11.146065350460995
11194	(-1, -1)	b'Was'	-11.102236736392763
11195	(-1, -1)	b' appearance'	-10.73086835610737
11196	(-1, -1)	b'\xe8\xbf\x87\xe7\x9a\x84'	-11.116928372205848
11197	(-1, -1)	b'idi'	-10.399341834330118
11198	(-1, -1)	b' 37'	-11.112080412071801
11199	(-1, -1)	b' wondering'	-11.146292804118294
11200	(-1, -1)	b'imal'	-10.976599941896614
11201	(-1, -1)	b'istics'	-11.146065350460995
11202	(-1, -1)	b' receiving'	-11.14674786669725
11203	(-1, -1)	b'\xe6\xaf\x95\xe4\xb8\x9a\xe7\x94\x9f'	-11.08390342877559
11204	(-1, -1)	b'\xe6\x83\xb3\xe8\xb1\xa1'	-11.129599432034192
11205	(-1, -1)	b'\xe8\xb5\x9b\xe4\xba\x8b'	-11.144701713886052
11206	(-1, -1)	b' express'	-10.81673378879545
11207	(-1, -1)	b' comfortable'	-11.147430849080088
11208	(-1, -1)	b'\xe4\xb8\x8d\xe5\x9c\xa8'	-11.135883115187433
11209	(-1, -1)	b'\xe6\xb8\xa1'	-11.148570190663973
11210	(-1, -1)	b' liber'	-10.954011907421581
11211	(-1, -1)	b'\xe8\x83\x8e'	-11.148798214835523
11212	(-1, -1)	b'\xe6\x98\xbe\xe7\xa4\xba\xe5\xb1\x8f'	-11.148798214835523
11213	(-1, -1)	b'Damn'	-10.837063387377343
11214	(-1, -1)	b'\xe5\xbc\x80\xe6\x8b\x93'	-11.147658613572588
11215	(-1, -1)	b'\xe6\x9d\x89'	-11.149026291013955
11216	(-1, -1)	b'\xe4\xbb\xa5\xe5\xa4\x96'	-11.148798214835523
11217	(-1, -1)	b'anz'	-11.041842620794613
11218	(-1, -1)	b'\xe5\xbc\x8f\xe7\x9a\x84'	-11.083476078341736
11219	(-1, -1)	b'\xe4\xb8\x87\xe5\x90\xa8'	-11.132736338034686
11220	(-1, -1)	b'\xe6\x9a\x82\xe6\x97\xb6'	-11.079212588617676
11221	(-1, -1)	b' ongoing'	-11.149710831827907
11222	(-1, -1)	b' prin'	-10.74264919013852
11223	(-1, -1)	b'esh'	-10.701426182142484
11224	(-1, -1)	b'QQ'	-11.078999890541791
11225	(-1, -1)	b'\xe4\xb8\xba\xe6\xad\xa4'	-11.149939116271314
11226	(-1, -1)	b'Qu'	-10.764304033094916
11227	(-1, -1)	b'\xd0\xbd\xd1\x8f'	-11.110323328377923
11228	(-1, -1)	b'PG'	-11.11318015924082
11229	(-1, -1)	b'\xe6\x88\xbf\xe5\x9c\xb0\xe4\xba\xa7\xe5\xb8\x82\xe5\x9c\xba'	-10.93357649444939
11230	(-1, -1)	b'atically'	-11.11803346680389
11231	(-1, -1)	b'\xe7\x9f\x9b\xe7\x9b\xbe'	-11.15199602477849
11232	(-1, -1)	b'\xe5\xa5\xa5\xe5\xb7\xb4\xe9\xa9\xac'	-11.13949159903081
11233	(-1, -1)	b'\xe0\xa8\xa4\xe0\xa9\x87'	-11.018550428559152
11234	(-1, -1)	b'tw'	-10.915173861608702
11235	(-1, -1)	b'\xe5\x8f\x8a\xe5\x85\xb6'	-11.13949159903081
11236	(-1, -1)	b' researchers'	-11.15245369069037
11237	(-1, -1)	b' till'	-11.13949159903081
11238	(-1, -1)	b' storm'	-10.911030084847896
11239	(-1, -1)	b'\xe0\xaa\xa8\xe0\xaa\xbe'	-10.677939762913429
11240	(-1, -1)	b' turning'	-11.15222483155217
11241	(-1, -1)	b'game'	-10.319415206154584
11242	(-1, -1)	b' clients'	-11.152911566156245
11243	(-1, -1)	b'atar'	-11.06527066443698
11244	(-1, -1)	b' prime'	-11.002858379482578
11245	(-1, -1)	b' consult'	-10.937814960206715
11246	(-1, -1)	b' shitty'	-11.153369651368104
11247	(-1, -1)	b'\xe5\xa4\xb9'	-11.153598772688845
11248	(-1, -1)	b'\xe4\xb8\x8d\xe5\x8f\xaf\xe8\x83\xbd'	-10.88022573736235
11249	(-1, -1)	b'\xe9\xa2\x88'	-11.153827946518197
11250	(-1, -1)	b'gressive'	-11.036528894823372
11251	(-1, -1)	b' east'	-11.108131306456807
11252	(-1, -1)	b' \xd8\xa7\xd9\x81'	-11.154057172880231
11253	(-1, -1)	b'Sure'	-11.151538568228885
11254	(-1, -1)	b'\xe6\xad\xa4\xe5\x90\x8e'	-11.078787237696758
11255	(-1, -1)	b'\xe5\x87\xba\xe5\x9c\xba'	-10.997747300929388
11256	(-1, -1)	b'\xe6\xb1\xa1\xe6\x9f\x93'	-11.154745167403414
11257	(-1, -1)	b'\xe9\xb8\xbf'	-11.15497460413724
11258	(-1, -1)	b'\xe0\xae\xa4\xe0\xaf\x8d\xe0\xae\xa4'	-10.50508564779107
11259	(-1, -1)	b'\xe8\xbd\xac\xe5\x8f\x98'	-11.153598772688845
11260	(-1, -1)	b'\xe8\x81\x94\xe9\x82\xa6'	-11.155204093524365
11261	(-1, -1)	b'\xe5\x89\x8a'	-11.155204093524365
11262	(-1, -1)	b'iko'	-10.609820718464338
11263	(-1, -1)	b'\xe2\x86\x92'	-11.155204093524365
11264	(-1, -1)	b' button'	-10.909592786720477
11265	(-1, -1)	b'mo'	-9.556055334542743
11266	(-1, -1)	b'resp'	-10.661695320670738
11267	(-1, -1)	b'\xeb\x8f\x84'	-10.949891279751753
11268	(-1, -1)	b'\xe5\xa5\xb3\xe5\x8f\x8b'	-11.155663230355202
11269	(-1, -1)	b' \xd8\xb1\xd8\xa7'	-10.697933237243442
11270	(-1, -1)	b'rena'	-10.952511532046346
11271	(-1, -1)	b'PE'	-10.987796970076221
11272	(-1, -1)	b'\xe9\xa5\xb0\xe6\xbc\x94'	-11.156122578089509
11273	(-1, -1)	b' copy'	-10.715817032551127
11274	(-1, -1)	b' announcement'	-11.038773564677195
11275	(-1, -1)	b'\xe9\x97\xae\xe9\xa2\x98\xe7\x9a\x84'	-11.116928372205848
11276	(-1, -1)	b' Chel'	-11.134308488835764
11277	(-1, -1)	b'anner'	-11.08840166919752
11278	(-1, -1)	b'\xe4\xba\xba\xe4\xbd\x93'	-11.01176668346984
11279	(-1, -1)	b'instein'	-11.154057172880231
11280	(-1, -1)	b'ader'	-10.972003113269599
11281	(-1, -1)	b' earned'	-11.157041907044167
11282	(-1, -1)	b' parking'	-11.157041907044167
11283	(-1, -1)	b' AC'	-11.107693478078534
11284	(-1, -1)	b' becomes'	-11.157271871400706
11285	(-1, -1)	b'\xe6\x98\xa5\xe8\x8a\x82'	-11.157041907044167
11286	(-1, -1)	b'\xe8\xaf\x81\xe5\xae\x9e'	-11.15245369069037
11287	(-1, -1)	b'ghan'	-10.995397123584436
11288	(-1, -1)	b' tu'	-10.860204357501791
11289	(-1, -1)	b'wy'	-10.686233818753726
11290	(-1, -1)	b' Francisco'	-11.158652769203568
11291	(-1, -1)	b'\xd0\xb5\xd1\x81'	-10.844269116083764
11292	(-1, -1)	b'\xe4\xba\x86\xe5\xbe\x88\xe5\xa4\x9a'	-10.895155320011963
11293	(-1, -1)	b'\xe8\xbe\x83\xe9\xab\x98'	-10.639250488190173
11294	(-1, -1)	b'\xe4\xb8\x8d\xe6\x83\xb3'	-11.095295276850422
11295	(-1, -1)	b' ham'	-10.916076959294935
11296	(-1, -1)	b' harder'	-11.158652769203568
11297	(-1, -1)	b'\xe0\xae\xbf\xe0\xae\xb0'	-11.159113492547355
11298	(-1, -1)	b'\xe9\x83\x81'	-11.159343933843456
11299	(-1, -1)	b' Prince'	-10.826103463654613
11300	(-1, -1)	b'\xe7\x9a\x84\xe4\xbd\x9c\xe7\x94\xa8'	-10.825113037690521
11301	(-1, -1)	b' According'	-11.159574428254986
11302	(-1, -1)	b' falling'	-11.158883104342213
11303	(-1, -1)	b'\xe5\xbe\x88\xe5\xb0\x91'	-11.090550821110059
11304	(-1, -1)	b'\xe8\xbf\xb9\xe8\xb1\xa1'	-11.15980497580644
11305	(-1, -1)	b' patient'	-11.15980497580644
11306	(-1, -1)	b'\xe6\xb7\x91'	-11.160035576522324
11307	(-1, -1)	b' Under'	-11.070739756739687
11308	(-1, -1)	b'\xd0\xb8\xd0\xbd\xd0\xb8'	-11.140621925815562
11309	(-1, -1)	b'\xe6\x96\xb0\xe5\x8d\x8e\xe7\xbd\x91'	-11.159113492547355
11310	(-1, -1)	b'Pl'	-11.079212588617676
11311	(-1, -1)	b' estimated'	-11.160727697901896
11312	(-1, -1)	b'\xe8\x82\xbf'	-11.160958511520924
11313	(-1, -1)	b' Nov'	-10.89038878260889
11314	(-1, -1)	b' una'	-10.830240829920575
11315	(-1, -1)	b' Foundation'	-11.151081320850091
11316	(-1, -1)	b'\xe8\xbe\xbd'	-11.161651272199826
11317	(-1, -1)	b'\xe6\x9d\x90\xe8\xb4\xa8'	-11.155433635588954
11318	(-1, -1)	b' Ltd'	-11.160496937545501
11319	(-1, -1)	b'\xe4\xbe\xbf\xe5\xae\x9c'	-11.16118937842718
11320	(-1, -1)	b'\xe9\x80\xb2'	-11.161882299115488
11321	(-1, -1)	b'\xe7\x9a\x84\xe4\xbc\x81\xe4\xb8\x9a'	-10.96041373685476
11322	(-1, -1)	b'\xe5\x85\xac\xe7\x89\x9b'	-11.161651272199826
11323	(-1, -1)	b'\xe0\xaf\x8b'	-11.161882299115488
11324	(-1, -1)	b'\xe4\xb8\xbb\xe7\xae\xa1'	-11.106818395983751
11325	(-1, -1)	b'bury'	-11.00049617365974
11326	(-1, -1)	b'\xe4\xbd\x9b\xe5\xb1\xb1'	-11.160727697901896
11327	(-1, -1)	b' lie'	-11.141300735661744
11328	(-1, -1)	b'ception'	-10.72996786077412
11329	(-1, -1)	b' Corporation'	-11.135658016705898
11330	(-1, -1)	b'-re'	-11.052141372995187
11331	(-1, -1)	b' mort'	-11.138814015718609
11332	(-1, -1)	b'\xe6\x88\x91\xe8\xae\xa4\xe4\xb8\xba'	-11.161651272199826
11333	(-1, -1)	b'\xe6\x95\x99\xe5\xb8\x88'	-11.163269582574975
11334	(-1, -1)	b'\xe5\x8a\xa3'	-11.163500983709874
11335	(-1, -1)	b'\xe6\x88\xbf\xe7\x9a\x84'	-11.11318015924082
11336	(-1, -1)	b' allowing'	-11.163500983709874
11337	(-1, -1)	b' talked'	-11.16373243840365
11338	(-1, -1)	b'\xd0\xbe\xd1\x98'	-10.897813246623235
11339	(-1, -1)	b'\xdb\x8c\xd8\xb1'	-11.133859050625952
11340	(-1, -1)	b'\xe5\xb1\xac\xe6\x96\xbc'	-11.164658793263781
11341	(-1, -1)	b'\xe5\x89\x8d\xe9\x94\x8b'	-11.116707499758787
11342	(-1, -1)	b'\xe5\x85\xa8\xe5\x9c\xba'	-11.125580672439273
11343	(-1, -1)	b' recorded'	-11.164890516124277
11344	(-1, -1)	b'\xe1\x89\xb8\xe1\x8b\x8d'	-11.164890516124277
11345	(-1, -1)	b'Only'	-11.165122292692704
11346	(-1, -1)	b' Miami'	-11.160958511520924
11347	(-1, -1)	b'\xe4\xbe\x9d\xe6\x97\xa7'	-11.165354122993962
11348	(-1, -1)	b' Gal'	-10.973533042808794
11349	(-1, -1)	b'\xe5\x9c\xb0\xe9\x93\x81'	-11.10180148067316
11350	(-1, -1)	b'\xe5\xbd\xad'	-11.165586007052973
11351	(-1, -1)	b' voters'	-11.165586007052973
11352	(-1, -1)	b'\xe5\x8f\xaf\xe8\xa7\x81'	-11.15980497580644
11353	(-1, -1)	b'\xe9\xa9\xb1'	-11.165817944894671
11354	(-1, -1)	b'weight'	-11.114942274234219
11355	(-1, -1)	b'\xe7\xa9\x8d'	-11.166049936544013
11356	(-1, -1)	b'\xe4\xbc\xa6\xe6\x95\xa6'	-11.166281982025968
11357	(-1, -1)	b'\xe5\xa5\x89'	-11.166281982025968
11358	(-1, -1)	b' \xe1\x8c\x8d'	-11.166281982025968
11359	(-1, -1)	b' row'	-10.99266221271779
11360	(-1, -1)	b'\xe8\x91\xa1\xe8\x90\x84\xe7\x89\x99'	-11.166746234587695
11361	(-1, -1)	b'sembly'	-11.166746234587695
11362	(-1, -1)	b'ele'	-10.411159611591906
11363	(-1, -1)	b' agencies'	-11.167210702779975
11364	(-1, -1)	b' reli'	-10.901902504699606
11365	(-1, -1)	b' knowing'	-11.166746234587695
11366	(-1, -1)	b'\xe8\xb5\xb6\xe5\x88\xb0'	-11.070528853016455
11367	(-1, -1)	b' discl'	-11.166514081365527
11368	(-1, -1)	b'\xe7\x91\x9e\xe5\xa3\xab'	-11.16790780981413
11369	(-1, -1)	b' produced'	-11.16790780981413
11370	(-1, -1)	b' treated'	-11.16790780981413
11371	(-1, -1)	b' division'	-10.995397123584436
11372	(-1, -1)	b'known'	-11.131166655012537
11373	(-1, -1)	b' fairly'	-11.168140286858069
11374	(-1, -1)	b'\xeb\xa6\xac'	-11.041842620794613
11375	(-1, -1)	b'\xe7\xa5\xa5'	-11.168372817960153
11376	(-1, -1)	b'\xe5\xa7\xbb'	-11.168372817960153
11377	(-1, -1)	b'person'	-10.992467147858106
11378	(-1, -1)	b' manage'	-10.977368138592738
11379	(-1, -1)	b'\xe6\xa1\x86'	-11.168605403145525
11380	(-1, -1)	b' marriage'	-11.087114391611477
11381	(-1, -1)	b' facilities'	-11.168605403145525
11382	(-1, -1)	b'Nope'	-11.034696087060539
11383	(-1, -1)	b'\xe4\xbf\xae\xe6\x94\xb9'	-11.171867288609926
11384	(-1, -1)	b'\xe5\x98\x89\xe5\xae\xbe'	-11.16907073586681
11385	(-1, -1)	b' skill'	-10.928989751246089
11386	(-1, -1)	b'\xe6\x92\xa4'	-11.169303483453106
11387	(-1, -1)	b'\xe5\x8d\x96\xe5\x9c\xba'	-11.041842620794613
11388	(-1, -1)	b' ending'	-11.124467210571646
11389	(-1, -1)	b' jir'	-10.631063786715208
11390	(-1, -1)	b'\xe9\x99\xb5'	-11.169536285223451
11391	(-1, -1)	b'\xe6\x96\xbd\xe5\xb7\xa5'	-11.166514081365527
11392	(-1, -1)	b' governor'	-10.997943398586651
11393	(-1, -1)	b'\xe6\x9b\xbf\xe8\xa1\xa5'	-11.16976914120308
11394	(-1, -1)	b' \xd1\x85'	-11.170002051417246
11395	(-1, -1)	b'Fr'	-11.111201484307024
11396	(-1, -1)	b'fall'	-11.02598540704667
11397	(-1, -1)	b' 400'	-11.175842507220162
11398	(-1, -1)	b' notes'	-11.17046803465028
11399	(-1, -1)	b'\xe5\xba\x94\xe8\xaf\xa5\xe6\x98\xaf'	-10.99735522094005
11400	(-1, -1)	b'\xe9\x94\xa1'	-11.171167416891167
11401	(-1, -1)	b' Harr'	-10.457248660999053
11402	(-1, -1)	b' experienced'	-11.171167416891167
11403	(-1, -1)	b'vo'	-9.992727713528215
11404	(-1, -1)	b'\xe6\x8c\x87\xe6\x95\xb0\xe5\x9f\xba\xe9\x87\x91'	-11.048421591892655
11405	(-1, -1)	b' mari'	-11.01575154628419
11406	(-1, -1)	b'\xe9\xb3'	-11.172100688074167
11407	(-1, -1)	b'\xe4\xb8\xa4\xe9\x98\x9f\xe5\x9c\xa8'	-11.171867288609926
11408	(-1, -1)	b'atre'	-11.05525179540958
11409	(-1, -1)	b'\xe5\xbf\x83\xe6\x83\x85'	-10.948583723760846
11410	(-1, -1)	b'\xe8\x87\xaa\xe6\x88\x91'	-11.082835394924198
11411	(-1, -1)	b' Management'	-11.171633943608283
11412	(-1, -1)	b' Long'	-11.134758129131109
11413	(-1, -1)	b'SC'	-11.001086202194903
11414	(-1, -1)	b'weet'	-11.082835394924198
11415	(-1, -1)	b'\xe9\x80\x82\xe5\xbd\x93'	-11.117591282405796
11416	(-1, -1)	b'\xe5\x8f\x8d\xe5\xaf\xb9'	-11.168140286858069
11417	(-1, -1)	b'ormer'	-11.137460224898126
11418	(-1, -1)	b'\xe4\xb8\x93\xe6\x88\xb7'	-11.173034831065964
11419	(-1, -1)	b'\xe5\x8c\x96\xe5\xad\xa6'	-11.170701107719744
11420	(-1, -1)	b'\xe7\xa0\x94\xe7\xa9\xb6\xe6\x8a\xa5\xe5\x91\x8a'	-11.173268503224989
11421	(-1, -1)	b' drag'	-10.801793595345377
11422	(-1, -1)	b'\xed\x96\x88\xeb\x8b\xa4'	-11.05525179540958
11423	(-1, -1)	b' applications'	-11.173502229999455
11424	(-1, -1)	b'\xe9\xa3\x9e\xe8\xa1\x8c'	-11.12046898223341
11425	(-1, -1)	b'\xe7\x83\xad\xe6\x83\x85'	-10.892504439251343
11426	(-1, -1)	b' jack'	-11.11847584681553
11427	(-1, -1)	b'\xe7\xb4\x80'	-11.17396984749687
11428	(-1, -1)	b'onc'	-10.959469717149044
11429	(-1, -1)	b'keep'	-11.175608232883844
11430	(-1, -1)	b'.p'	-11.182188750167215
11431	(-1, -1)	b'\xe5\x9b\x9e\xe5\xba\x94'	-11.17396984749687
11432	(-1, -1)	b' \xd8\xb5'	-11.174905739001776
11433	(-1, -1)	b'\xe0\xa4\xb6'	-11.095295276850422
11434	(-1, -1)	b' ruling'	-11.112740115229318
11435	(-1, -1)	b'\xd0\xb0\xd0\xb7'	-10.931739271812457
11436	(-1, -1)	b' remaining'	-11.175374013419136
11437	(-1, -1)	b'\xe5\xb9\xbd'	-11.176076836453806
11438	(-1, -1)	b'stances'	-10.864142381596256
11439	(-1, -1)	b' Fam'	-11.171167416891167
11440	(-1, -1)	b'\xe6\x8e\xa8\xe5\x87\xba\xe7\x9a\x84'	-11.069896408597778
11441	(-1, -1)	b'\xe5\x9b\x9e\xe6\x9a\x96'	-11.17631122061051
11442	(-1, -1)	b'actly'	-11.175842507220162
11443	(-1, -1)	b' banned'	-11.176545659716027
11444	(-1, -1)	b' \xda\xa9\xd8\xa7'	-10.748592064772067
11445	(-1, -1)	b' Spec'	-11.116045174974667
11446	(-1, -1)	b'\xe7\x99\xbb\xe8\xae\xb0'	-11.177014702876596
11447	(-1, -1)	b'\xe6\xad\xa7'	-11.177249306983244
11448	(-1, -1)	b'\xe4\xbd\x86\xe4\xbb\x96'	-10.995201524561807
11449	(-1, -1)	b'ildren'	-11.177014702876596
11450	(-1, -1)	b'\xe0\xb0\x9f'	-10.951200547684035
11451	(-1, -1)	b'\xe5\xbb\xa3'	-11.177483966141894
11452	(-1, -1)	b'\xe6\xb5\x81\xe5\x8a\xa8\xe6\x80\xa7'	-11.03571389885324
11453	(-1, -1)	b'uba'	-10.672826115406592
11454	(-1, -1)	b'\xe7\x83\xad\xe9\x97\xa8'	-11.055667250338697
11455	(-1, -1)	b'\xe8\xa5\xbf\xe4\xba\x9a'	-11.17771868037839
11456	(-1, -1)	b'\xe6\x80\xbb\xe9\xa2\x9d'	-11.17771868037839
11457	(-1, -1)	b'irty'	-11.177014702876596
11458	(-1, -1)	b' YouTube'	-11.144474621799235
11459	(-1, -1)	b' \xd0\x9d'	-11.17771868037839
11460	(-1, -1)	b' keeps'	-11.177953449718592
11461	(-1, -1)	b' edge'	-10.898700794387187
11462	(-1, -1)	b'utional'	-11.1352079716938
11463	(-1, -1)	b'\xe4\xb8\x89\xe8\xa7\x92'	-11.178188274188381
11464	(-1, -1)	b'\xe4\xbc\x98\xe9\x9b\x85'	-11.178188274188381
11465	(-1, -1)	b' expansion'	-11.089475667797158
11466	(-1, -1)	b'En'	-11.124022172736085
11467	(-1, -1)	b' birthday'	-11.178423153813654
11468	(-1, -1)	b'Great'	-11.17513984880034
11469	(-1, -1)	b'\xe1\xbb\xa9'	-11.11958265379072
11470	(-1, -1)	b'\xe5\x90\x95'	-11.179128123881624
11471	(-1, -1)	b'\xe5\xa1\x9e\xe5\xb0\x94'	-11.175842507220162
11472	(-1, -1)	b'\xd0\xba\xd0\xb8'	-10.953261438343207
11473	(-1, -1)	b'\xe5\x9c\xb0\xe8\xaf\xb4'	-11.178893078634331
11474	(-1, -1)	b' democr'	-11.179128123881624
11475	(-1, -1)	b' units'	-11.179598380179968
11476	(-1, -1)	b' acknow'	-11.179598380179968
11477	(-1, -1)	b'\xe7\x9c\x9f\xe6\xad\xa3\xe7\x9a\x84'	-11.039591059102449
11478	(-1, -1)	b'\xe7\x9c\xbc\xe7\x9d\x9b'	-11.180068857723343
11479	(-1, -1)	b' confl'	-10.893740642499282
11480	(-1, -1)	b' franch'	-11.17631122061051
11481	(-1, -1)	b'\xe0\xb0\xbf\xe0\xb0\x95'	-11.180539556720031
11482	(-1, -1)	b' expressed'	-11.180774989328535
11483	(-1, -1)	b'\xe4\xb8\xa4\xe7\xa7\x8d'	-11.039182228352683
11484	(-1, -1)	b'\x85\xe1\x80'	-11.135658016705898
11485	(-1, -1)	b'\xe6\x88\x90\xe5\x83\x8f'	-11.180539556720031
11486	(-1, -1)	b'Ser'	-11.25049132201989
11487	(-1, -1)	b"They're"	-11.181481619907933
11488	(-1, -1)	b'\xe5\x80\xbe\xe5\x90\x91'	-11.181717274439482
11489	(-1, -1)	b' ug'	-11.103979656223956
11490	(-1, -1)	b' Rad'	-11.079212588617676
11491	(-1, -1)	b'\xe5\x9b\x9b\xe5\xa4\xa7'	-11.172100688074167
11492	(-1, -1)	b'fol'	-11.131166655012537
11493	(-1, -1)	b'\xe4\xb8\x8b\xe4\xb8\x80'	-11.189525192965379
11494	(-1, -1)	b'ror'	-10.623348012396114
11495	(-1, -1)	b'vl'	-11.077087640941764
11496	(-1, -1)	b' entirely'	-11.183604512555652
11497	(-1, -1)	b'\xe8\xbf\x9b\xe6\xad\xa5'	-11.183840667946995
11498	(-1, -1)	b'\xe6\x88\x90\xe4\xb8\xba\xe4\xba\x86'	-11.13949159903081
11499	(-1, -1)	b' Hun'	-11.166281982025968
11500	(-1, -1)	b' warned'	-11.183840667946995
11501	(-1, -1)	b' une'	-11.202916115205749
11502	(-1, -1)	b'250'	-10.626995432853159
11503	(-1, -1)	b'bridge'	-10.468388598194005
11504	(-1, -1)	b'GN'	-10.917885605112623
11505	(-1, -1)	b' drinking'	-11.184076879120882
11506	(-1, -1)	b'she'	-10.83057255989542
11507	(-1, -1)	b'related'	-11.183604512555652
11508	(-1, -1)	b' Arizona'	-11.122243999340235
11509	(-1, -1)	b'kr'	-10.92734366033942
11510	(-1, -1)	b'astern'	-10.791530516165894
11511	(-1, -1)	b'-day'	-11.182188750167215
11512	(-1, -1)	b'\xe6\x9d\xa5\xe8\xae\xb2'	-11.173034831065964
11513	(-1, -1)	b'erring'	-11.145837948527099
11514	(-1, -1)	b'\xe0\xae\xbf\xe0\xae\xa9'	-11.185258772651677
11515	(-1, -1)	b'har'	-10.35105477866305
11516	(-1, -1)	b' scale'	-10.997943398586651
11517	(-1, -1)	b'\xe4\xb8\x80\xe6\x96\xb9\xe9\x9d\xa2'	-11.130046959452715
11518	(-1, -1)	b'\xe5\x8f\x96\xe5\xbe\x97\xe4\xba\x86'	-11.134983025117664
11519	(-1, -1)	b'\xe7\x9b\x90'	-11.185968579850531
11520	(-1, -1)	b'\xe5\xa6\x96'	-11.185968579850531
11521	(-1, -1)	b' manufacture'	-10.978329215072288
11522	(-1, -1)	b'\xe6\xbd\xae\xe6\xb5\x81'	-11.184785847601482
11523	(-1, -1)	b'\xe6\x9c\xac\xe6\x9d\xa5'	-11.167675386803207
11524	(-1, -1)	b'aci'	-10.644745762356965
11525	(-1, -1)	b' See'	-11.059622704647476
11526	(-1, -1)	b'\xe6\xac\xa1\xe5\x8a\xa9\xe6\x94\xbb'	-11.159113492547355
11527	(-1, -1)	b'\xe5\x97'	-11.18667889123354
11528	(-1, -1)	b' memo'	-11.04225254086594
11529	(-1, -1)	b'\xe6\x89\x8b\xe6\x9c\xba\xe7\xbd\x91\xe6\xb8\xb8'	-11.185968579850531
11530	(-1, -1)	b'\xe4\xba\xba\xe6\xb0\x94'	-11.01615090731186
11531	(-1, -1)	b' operation'	-10.912289417568076
11532	(-1, -1)	b'\xe7\xb4\x9a'	-11.187389707517466
11533	(-1, -1)	b' Max'	-11.181246020896358
11534	(-1, -1)	b' kuma'	-11.157501888653014
11535	(-1, -1)	b'ography'	-11.182424571415803
11536	(-1, -1)	b'RM'	-11.08926077577957
11537	(-1, -1)	b' animal'	-11.176545659716027
11538	(-1, -1)	b'\xe7\x9e\xac'	-11.187863865895245
11539	(-1, -1)	b'\xe5\x90\x8e\xe5\x8d\xab'	-11.188101029420608
11540	(-1, -1)	b' Taylor'	-11.177249306983244
11541	(-1, -1)	b'\xe6\x94\xb9\xe9\x80\xa0'	-11.176545659716027
11542	(-1, -1)	b'\xe8\xb4\xab'	-11.18905024638794
11543	(-1, -1)	b'\xe8\xbd\xac\xe7\xa7\xbb'	-11.189525192965379
11544	(-1, -1)	b' images'	-11.189525192965379
11545	(-1, -1)	b'\xe4\xbe\xa3'	-11.189525192965379
11546	(-1, -1)	b'\xe7\xa6\x8f\xe5\xbb\xba'	-11.188575525277672
11547	(-1, -1)	b' 1.'	-10.298442645996092
11548	(-1, -1)	b'burg'	-10.304600120369443
11549	(-1, -1)	b' Plus'	-11.181246020896358
11550	(-1, -1)	b'\xe6\x8f\xbd'	-11.190000365224261
11551	(-1, -1)	b' pieces'	-11.190000365224261
11552	(-1, -1)	b'\xe0\xa4\xa8\xe0\xa4\xbe'	-10.668161466337809
11553	(-1, -1)	b'\xe9\xa5\xb1'	-11.190238036051285
11554	(-1, -1)	b' motiv'	-10.904935783856434
11555	(-1, -1)	b'\xeb\xa0'	-11.032866632337463
11556	(-1, -1)	b'\xe7\x9b\xb8\xe5\xbd\x93\xe4\xba\x8e'	-11.184313146103671
11557	(-1, -1)	b'\xe6\xba\xaa'	-11.190475763379162
11558	(-1, -1)	b'\xe7\xba\xbf\xe7\x9a\x84'	-11.1449288575554
11559	(-1, -1)	b' memory'	-11.190475763379162
11560	(-1, -1)	b'\xe5\x90\x8a'	-11.190713547234758
11561	(-1, -1)	b'\xe5\xa4\xa7\xe6\x88\x98'	-11.153369651368104
11562	(-1, -1)	b'\xe7\x88\xb7'	-11.190951387644965
11563	(-1, -1)	b' Turkey'	-11.18881285766279
11564	(-1, -1)	b'\xe4\xb8\xbb\xe5\xb8\x85'	-11.13094261558066
11565	(-1, -1)	b'\xe5\xb9\xb6\xe5\x9c\xa8'	-11.18667889123354
11566	(-1, -1)	b'\xe0\xa9\x82\xe0\xa9\xb0'	-11.191189284636689
11567	(-1, -1)	b'\xe0\xb0\xbe\xe0\xb0\xb0\xe0\xb1\x81'	-11.117812350163963
11568	(-1, -1)	b'itors'	-11.19142723823686
11569	(-1, -1)	b' developing'	-11.191665248472423
11570	(-1, -1)	b' debate'	-10.979483727419112
11571	(-1, -1)	b'\xe6\x88\x91\xe4\xbb\xac\xe5\x9c\xa8'	-11.190000365224261
11572	(-1, -1)	b'\xe5\x90\x88\xe7\xba\xa6'	-11.192141438957613
11573	(-1, -1)	b'\xe5\xae\x9e\xe7\x94\xa8'	-10.955138668104171
11574	(-1, -1)	b' Pen'	-10.976216064732592
11575	(-1, -1)	b'\xe8\xbf\x87\xe4\xba\x86'	-11.16118937842718
11576	(-1, -1)	b'\xe4\xba\xba\xe7\x94\x9f'	-10.8066409145797
11577	(-1, -1)	b' \xe0\xa4\xa5'	-11.192379619261228
11578	(-1, -1)	b' Report'	-10.84679500780308
11579	(-1, -1)	b'\xe4\xba\xae\xe7\x82\xb9'	-11.192617856308216
11580	(-1, -1)	b'\xe1\xba\xa7'	-11.191189284636689
11581	(-1, -1)	b'\xd1\x8b\xd0\xba'	-11.136784016149267
11582	(-1, -1)	b'\xe7\x95\xb6'	-11.19333290817994
11583	(-1, -1)	b'\xe5\x85\xb6\xe6\xac\xa1'	-11.192379619261228
11584	(-1, -1)	b' Invalid'	-11.191665248472423
11585	(-1, -1)	b'\xe1\x89\xb1'	-11.162806940882707
11586	(-1, -1)	b'1.3'	-10.386490939979044
11587	(-1, -1)	b'\xe4\xbf\x9d\xe7\xbd\x97'	-11.194048471716734
11588	(-1, -1)	b'\xe9\x9d\xa9\xe5\x91\xbd'	-11.183368412920508
11589	(-1, -1)	b' plane'	-10.883543648377835
11590	(-1, -1)	b'ede'	-11.092920235250345
11591	(-1, -1)	b' metal'	-10.998139534705745
11592	(-1, -1)	b'\xe7\x9a\x84\xe7\xa1\xae'	-10.963630086236138
11593	(-1, -1)	b' Alabama'	-11.190951387644965
11594	(-1, -1)	b' resist'	-11.105944078988164
11595	(-1, -1)	b'Another'	-10.715964950604796
11596	(-1, -1)	b'\xe6\x88\x90\xe7\x9a\x84'	-11.160496937545501
11597	(-1, -1)	b'\xe4\xb8\xba\xe6\xad\xa2'	-11.1930945007405
11598	(-1, -1)	b'Right'	-10.56876993543146
11599	(-1, -1)	b' collabor'	-11.193571372471043
11600	(-1, -1)	b'\xe7\x89\xb9\xe5\xbe\x81'	-11.195242216635862
11601	(-1, -1)	b'\xe5\x87\xaf\xe5\xb0\x94\xe7\x89\xb9'	-11.195242216635862
11602	(-1, -1)	b'\xe4\xb9\x9f\xe5\xb0\xb1'	-11.15428645179904
11603	(-1, -1)	b' chain'	-10.916980873303872
11604	(-1, -1)	b'otic'	-10.659875483953753
11605	(-1, -1)	b'\xe8\xa8\x88'	-11.195720113897048
11606	(-1, -1)	b'\xe5\xae\xb9\xe9\x87\x8f'	-11.108350292552066
11607	(-1, -1)	b' Sum'	-11.181010477378605
11608	(-1, -1)	b'\xe5\x8f\x96\xe8\x83\x9c'	-11.177014702876596
11609	(-1, -1)	b'\xe5\xa5\xbd\xe8\x8e\xb1\xe5\x9d\x9e'	-11.098976926921297
11610	(-1, -1)	b'\xe5\xba\x9e'	-11.195959148199607
11611	(-1, -1)	b'\xe7\x90\xbc'	-11.195959148199607
11612	(-1, -1)	b'bal'	-10.523951850126204
11613	(-1, -1)	b'lynn'	-11.153369651368104
11614	(-1, -1)	b' gym'	-11.139943576439634
11615	(-1, -1)	b'\xe4\xbc\x90'	-11.196437388285242
11616	(-1, -1)	b'\xe8\x91\x9b'	-11.196437388285242
11617	(-1, -1)	b'\xe6\x80\xa7\xe6\xa0\xbc'	-11.193571372471043
11618	(-1, -1)	b' schedule'	-11.064641535759419
11619	(-1, -1)	b' \xd9\x86\xdb\x92'	-11.196437388285242
11620	(-1, -1)	b'\xe0\xa6\x9f'	-11.017150008204242
11621	(-1, -1)	b' supporters'	-11.19691585719389
11622	(-1, -1)	b'\xe6\x9c\xac\xe6\x96\x87'	-11.197155177525294
11623	(-1, -1)	b' Hot'	-11.11847584681553
11624	(-1, -1)	b' Brad'	-10.61008681745473
11625	(-1, -1)	b'\xe0\xa4\x8f'	-10.992857315635197
11626	(-1, -1)	b'ello'	-10.791530516165894
11627	(-1, -1)	b' consumer'	-10.541688489495673
11628	(-1, -1)	b' arch'	-10.893740642499282
11629	(-1, -1)	b' secure'	-10.844100949935212
11630	(-1, -1)	b' \xe1\xbb\x8c'	-11.19811303200466
11631	(-1, -1)	b' whom'	-11.158422487106984
11632	(-1, -1)	b'\xe6\x96\xb0\xe9\xab\x98'	-11.094215013161055
11633	(-1, -1)	b' minimum'	-11.19811303200466
11634	(-1, -1)	b'Reuters'	-11.198592303521142
11635	(-1, -1)	b'\xe6\x83\x85\xe4\xba\xba'	-11.125357880859873
11636	(-1, -1)	b' positions'	-11.19883202544486
11637	(-1, -1)	b'\xe6\x96\xb0\xe5\x85\xb4'	-11.111421143835639
11638	(-1, -1)	b' Class'	-11.198592303521142
11639	(-1, -1)	b'\xe7\x8b\xac\xe5\xae\xb6'	-11.184785847601482
11640	(-1, -1)	b'\xe5\x8a\xa0\xe9\x80\x9f'	-11.192856150125618
11641	(-1, -1)	b'\xe5\xa4\xa9\xe4\xb8\x8b'	-11.074543649745689
11642	(-1, -1)	b' blow'	-10.563548656457339
11643	(-1, -1)	b' bin'	-10.851696564138921
11644	(-1, -1)	b'\xe1\x89\xb3\xe1\x89\xb5'	-11.199071804848959
11645	(-1, -1)	b' behavior'	-11.090765990556827
11646	(-1, -1)	b'-to-'	-10.535000329811314
11647	(-1, -1)	b' Both'	-11.187863865895245
11648	(-1, -1)	b' \xd0\xb4\xd0\xbe'	-10.468735118555543
11649	(-1, -1)	b' Nick'	-11.117812350163963
11650	(-1, -1)	b'unior'	-11.126026404561653
11651	(-1, -1)	b' blame'	-10.791052009098784
11652	(-1, -1)	b'\xe5\xbe\x97\xe7\x9f\xa5'	-11.199311641761009
11653	(-1, -1)	b' \xd8\xaa\xd8\xb1'	-11.145156052830714
11654	(-1, -1)	b'bol'	-10.881446845233228
11655	(-1, -1)	b'PM'	-11.179128123881624
11656	(-1, -1)	b' Guard'	-11.158192258028034
11657	(-1, -1)	b'utch'	-11.070528853016455
11658	(-1, -1)	b' campus'	-11.087114391611477
11659	(-1, -1)	b'lar\xc4\xb1'	-10.4604515921289
11660	(-1, -1)	b' racist'	-11.125580672439273
11661	(-1, -1)	b' Nor'	-10.761823027015339
11662	(-1, -1)	b' Corp'	-10.861059131466135
11663	(-1, -1)	b'\xeb\x93\xa4'	-11.024171804534456
11664	(-1, -1)	b'\xe5\x88\x86\xe7\x9a\x84'	-11.149026291013955
11665	(-1, -1)	b'\xe4\xb8\x8a\xe4\xb8\x8b'	-11.160727697901896
11666	(-1, -1)	b'di'	-9.595984953023759
11667	(-1, -1)	b'TON'	-10.605043005328358
11668	(-1, -1)	b' kuwa'	-11.04739077023659
11669	(-1, -1)	b' religion'	-11.035510253602562
11670	(-1, -1)	b' influence'	-10.87120103189043
11671	(-1, -1)	b'\xd0\xbd\xd1\x96'	-11.02236148522279
11672	(-1, -1)	b'\xe4\xb8\x80\xe7\x9b\xb4\xe5\x9c\xa8'	-11.181246020896358
11673	(-1, -1)	b' bike'	-10.890917277292203
11674	(-1, -1)	b'\xe7\x9a\x84\xe7\xac\xac\xe4\xb8\x80'	-10.807775344650313
11675	(-1, -1)	b'\xd0\xbe\xd0\xb9'	-10.800183029688814
11676	(-1, -1)	b'Fuck'	-10.322504550382543
11677	(-1, -1)	b' \xec\x9d\xb4'	-10.788981120266294
11678	(-1, -1)	b' Bat'	-11.19691585719389
11679	(-1, -1)	b'mond'	-10.609820718464338
11680	(-1, -1)	b'obe'	-11.091411776824025
11681	(-1, -1)	b' bath'	-11.114501454302019
11682	(-1, -1)	b' ei'	-11.178188274188381
11683	(-1, -1)	b'\xe5\xb0\x91\xe5\xb9\xb4'	-11.162575700275827
11684	(-1, -1)	b'onym'	-11.092704601826329
11685	(-1, -1)	b' exclusive'	-11.160958511520924
11686	(-1, -1)	b' nor'	-11.03754857473226
11687	(-1, -1)	b'\xb6\xe1\x80'	-11.101583923835578
11688	(-1, -1)	b' vice'	-11.197633990079332
11689	(-1, -1)	b' Prof'	-11.140169641773479
11690	(-1, -1)	b' professor'	-11.080489727999442
11691	(-1, -1)	b'\xe5\xbe\x88\xe9\xab\x98'	-10.872065261483588
11692	(-1, -1)	b'.co'	-11.158192258028034
11693	(-1, -1)	b'\xe5\x87\xba\xe7\xa7\x9f'	-11.195003353622663
11694	(-1, -1)	b'ako'	-11.311652568480273
11695	(-1, -1)	b' panel'	-10.990518589174538
11696	(-1, -1)	b'\xe5\x9b\xbd\xe5\xae\xb6\xe7\x9a\x84'	-11.046155185235904
11697	(-1, -1)	b' wanna'	-10.907619868853372
11698	(-1, -1)	b'mr'	-11.077937078240664
11699	(-1, -1)	b'ml'	-11.050486428471833
11700	(-1, -1)	b' function'	-10.658198569083428
11701	(-1, -1)	b'orrect'	-10.994614956943073
11702	(-1, -1)	b'lah'	-10.421023786270048
11703	(-1, -1)	b' hole'	-10.77774593601825
11704	(-1, -1)	b'TE'	-10.7854862795368
11705	(-1, -1)	b' corrupt'	-11.134308488835764
11706	(-1, -1)	b'\xe8\x81\x94\xe7\xbd\x91'	-11.153827946518197
11707	(-1, -1)	b'ogue'	-10.924606182582831
11708	(-1, -1)	b'\xe6\x80\xa7\xe4\xbb\xb7\xe6\xaf\x94'	-11.184313146103671
11709	(-1, -1)	b'Looks'	-10.788344785532763
11710	(-1, -1)	b' concept'	-11.019351550172196
11711	(-1, -1)	b'2002'	-10.766946864015209
11712	(-1, -1)	b"i's"	-11.075390927915418
11713	(-1, -1)	b' earth'	-11.19691585719389
11714	(-1, -1)	b'\xe7\xae\x80\xe5\x8d\x95\xe7\x9a\x84'	-11.093351641641851
11715	(-1, -1)	b' stake'	-11.041228055580145
11716	(-1, -1)	b' \xe0\xa4\xaa\xe0\xa4\xb0'	-11.19811303200466
11717	(-1, -1)	b'\xe0\xb0\xaf'	-11.051934355087399
11718	(-1, -1)	b' spect'	-11.19691585719389
11719	(-1, -1)	b'\xe4\xb8\x80\xe4\xb8\xaa\xe6\x9c\x88'	-11.043688585835262
11720	(-1, -1)	b'lete'	-10.783110417169507
11721	(-1, -1)	b'\xe1\x8b\xb2'	-11.134533283711388
11722	(-1, -1)	b'\xe5\x90\xac\xe5\x88\xb0'	-11.102236736392763
11723	(-1, -1)	b'\xe5\x8d\x81\xe4\xb8\x80'	-11.167443017800185
11724	(-1, -1)	b' bright'	-11.119804162264325
11725	(-1, -1)	b'\xe5\xae\xb6\xe6\x97\x8f'	-11.195720113897048
11726	(-1, -1)	b' Free'	-10.57453216406482
11727	(-1, -1)	b'bu'	-9.826844750900538
11728	(-1, -1)	b'\xe9\xa1\xb9\xe7\x9b\xae\xe7\x9a\x84'	-11.145610598293086
11729	(-1, -1)	b' ON'	-10.968569306003946
11730	(-1, -1)	b'\xe6\x97\xa5\xe5\xad\x90'	-11.199551536208602
11731	(-1, -1)	b'bel'	-10.70011489762444
11732	(-1, -1)	b'CCD'	-11.089045929930638
11733	(-1, -1)	b'lt'	-10.174087987006756
11734	(-1, -1)	b'\xe6\x9c\x89\xe6\x9c\xba\xe4\xbc\x9a'	-10.947837315814269
11735	(-1, -1)	b'etroit'	-11.146065350460995
11736	(-1, -1)	b' sav'	-10.212414245717577
11737	(-1, -1)	b'lom'	-10.974107370382733
11738	(-1, -1)	b'\xe7\x9a\x84\xe4\xb8\x8d\xe6\x96\xad'	-11.125803513665822
11739	(-1, -1)	b'arry'	-11.08990559041771
11740	(-1, -1)	b' context'	-11.189525192965379
11741	(-1, -1)	b' failure'	-11.047184733355259
11742	(-1, -1)	b' Ut'	-11.037956738003231
11743	(-1, -1)	b'\xe5\x85\xb3\xe5\xbf\x83'	-10.976983966478906
11744	(-1, -1)	b'Wait'	-10.805993246163279
11745	(-1, -1)	b' dinner'	-11.148570190663973
11746	(-1, -1)	b'\xe0\xa4\xa8\xe0\xa5\x80'	-11.141300735661744
11747	(-1, -1)	b' Adam'	-10.779635998007908
11748	(-1, -1)	b'\xe6\x9c\xba\xe5\x9e\x8b'	-11.122688246348874
11749	(-1, -1)	b'\xe6\x9c\x89\xe5\x88\xa9\xe4\xba\x8e'	-11.106381141932184
11750	(-1, -1)	b'jir'	-11.076875394310383
11751	(-1, -1)	b'\xe1\x80\xad\xe1\x80'	-10.29183875679236
11752	(-1, -1)	b' 38'	-11.17046803465028
11753	(-1, -1)	b' bh'	-11.105070525755064
11754	(-1, -1)	b'\xd1\x83\xd0\xb2'	-11.026590672877717
11755	(-1, -1)	b'\xe1\x8b\xae'	-11.199311641761009
11756	(-1, -1)	b'\xe4\xbb\x8a\xe5\x90\x8e'	-11.015951206861871
11757	(-1, -1)	b'\xe4\xb8\xad\xe6\x96\x87'	-11.145383299735453
11758	(-1, -1)	b'gar'	-10.295718113805714
11759	(-1, -1)	b'\xe8\xba\xab\xe7\x9a\x84'	-11.186442064707862
11760	(-1, -1)	b'\xe5\x9c\xa8\xe5\x9b\xbd\xe5\x86\x85'	-11.107693478078534
11761	(-1, -1)	b' upset'	-11.165354122993962
11762	(-1, -1)	b'\xe1\xbb\x9bi'	-11.17771868037839
11763	(-1, -1)	b'\xe4\xb8\x96\xe7\x95\x8c\xe4\xb8\x8a'	-11.188575525277672
11764	(-1, -1)	b'acr'	-10.75780447446681
11765	(-1, -1)	b'\xe8\x80\x8c\xe4\xb8\x8d\xe6\x98\xaf'	-11.185731921465804
11766	(-1, -1)	b'anne'	-11.033679310155453
11767	(-1, -1)	b' Davis'	-11.186442064707862
11768	(-1, -1)	b' Josh'	-11.195003353622663
11769	(-1, -1)	b' Color'	-11.183840667946995
11770	(-1, -1)	b'\xe8\xa7\x81\xe7\x9a\x84'	-11.11186060769681
11771	(-1, -1)	b'appy'	-10.74401749137823
11772	(-1, -1)	b' appeal'	-10.62146198193
11773	(-1, -1)	b' ED'	-10.949517517833742
11774	(-1, -1)	b' Patri'	-10.571710925979131
11775	(-1, -1)	b' jour'	-11.155204093524365
11776	(-1, -1)	b'azz'	-11.090550821110059
11777	(-1, -1)	b'aji'	-11.145610598293086
11778	(-1, -1)	b'w\xe1\xbb\x8d'	-10.904578449566408
11779	(-1, -1)	b'\xe4\xb8\x80\xe4\xbb\xbd'	-10.572992320311307
11780	(-1, -1)	b'\xe7\xbb\x93\xe6\x9d\x9f\xe5\x90\x8e'	-11.199791488219352
11781	(-1, -1)	b'ucation'	-11.168140286858069
11782	(-1, -1)	b'ington'	-10.597130528335594
11783	(-1, -1)	b' zero'	-11.178423153813654
11784	(-1, -1)	b'\xe6\x9b\xb4\xe5\xa4\xa7'	-10.660295152421828
11785	(-1, -1)	b'\xd0\xb3\xd1\x8b'	-11.192141438957613
11786	(-1, -1)	b' kas'	-11.000103014621848
11787	(-1, -1)	b'\xbd\xe1\x80'	-10.957772724189708
11788	(-1, -1)	b'aq'	-9.738562420094187
11789	(-1, -1)	b' Share'	-11.057747117976982
11790	(-1, -1)	b'\xe5\xb1\x9e\xe6\x80\xa7'	-11.119361194372253
11791	(-1, -1)	b'\xe8\x8e\xb7\xe5\xbe\x97\xe4\xba\x86'	-11.198352639050253
11792	(-1, -1)	b' Penn'	-11.034085896865669
11793	(-1, -1)	b'\xd8\xa7\xd8\xb4'	-11.0985430874351
11794	(-1, -1)	b' Philadelphia'	-11.189762750871235
11795	(-1, -1)	b' lawsuit'	-11.030432554056583
11796	(-1, -1)	b' profile'	-10.99110275821072
11797	(-1, -1)	b'\xe0\xb0\xa1'	-10.843428567996954
11798	(-1, -1)	b'\xd1\x81\xd1\x82\xd0\xb2'	-11.130718626331207
11799	(-1, -1)	b'\xe8\xaf\xa5\xe5\x9f\xba\xe9\x87\x91'	-11.055667250338697
11800	(-1, -1)	b' famous'	-11.097892680908107
11801	(-1, -1)	b'\xe4\xb8\xaa\xe8\x82\xa1'	-11.14652030952253
11802	(-1, -1)	b' horr'	-10.503051059093282
11803	(-1, -1)	b'mail'	-10.487392376160086
11804	(-1, -1)	b'\xe0\xb6\xb0'	-11.194287106725623
11805	(-1, -1)	b'\xe7\xad\x89\xe4\xba\xba'	-11.106381141932184
11806	(-1, -1)	b'exp'	-10.771784198875078
11807	(-1, -1)	b'LO'	-10.704931370483756
11808	(-1, -1)	b'ynam'	-11.155663230355202
11809	(-1, -1)	b'\xe7\xbb\x8f\xe6\xb5\x8e\xe5\xa4\x8d\xe8\x8b\x8f'	-11.194048471716734
11810	(-1, -1)	b' channel'	-10.8414141305187
11811	(-1, -1)	b'tained'	-10.632015455606282
11812	(-1, -1)	b'NT'	-10.888101861038683
11813	(-1, -1)	b'antly'	-11.231981538937756
11814	(-1, -1)	b'\xd8\xa8\xd8\xb1'	-10.891093504273009
11815	(-1, -1)	b'\xd0\xb0\xd0\xb4'	-11.017549928225568
11816	(-1, -1)	b' highlight'	-10.803406759108658
11817	(-1, -1)	b'\xd9\x84\xd9\x87'	-11.179363224388172
11818	(-1, -1)	b'RC'	-11.129375743407826
11819	(-1, -1)	b' Eric'	-11.18833824920585
11820	(-1, -1)	b'\xe6\x98\x9f\xe6\x9c\x9f'	-11.190238036051285
11821	(-1, -1)	b'\xe7\x9a\x84\xe9\x9c\x80\xe6\xb1\x82'	-10.910670566598473
11822	(-1, -1)	b' Mas'	-11.125803513665822
11823	(-1, -1)	b'\xe6\x94\xb6\xe5\x88\xb0'	-10.995592760873526
11824	(-1, -1)	b' clar'	-11.178893078634331
11825	(-1, -1)	b'\xe6\x98\xaf\xe6\x9c\x89'	-11.163269582574975
11826	(-1, -1)	b' \xd0\xbe\xd0\xb4'	-11.13949159903081
11827	(-1, -1)	b' equal'	-10.592151482409955
11828	(-1, -1)	b' flu'	-11.19883202544486
11829	(-1, -1)	b'Her'	-11.177249306983244
11830	(-1, -1)	b' cheese'	-11.11318015924082
11831	(-1, -1)	b'izza'	-11.124912446554069
11832	(-1, -1)	b'\xe4\xb8\x93\xe4\xb8\x9a\xe7\x9a\x84'	-11.149254419222997
11833	(-1, -1)	b' tree'	-10.680078191271273
11834	(-1, -1)	b' stretch'	-10.939478392805412
11835	(-1, -1)	b'atu'	-11.04389390356517
11836	(-1, -1)	b'\xe7\xbe\x8e\xe5\x9b\xbd\xe7\x9a\x84'	-11.174437683762713
11837	(-1, -1)	b' Cath'	-11.153140582531917
11838	(-1, -1)	b'\xe6\xbd\x9c\xe5\x8a\x9b'	-11.138588256602624
11839	(-1, -1)	b'\xe8\xae\xa4\xe5\xae\x9a'	-11.167443017800185
11840	(-1, -1)	b'ulate'	-11.049247014968824
11841	(-1, -1)	b' batt'	-10.903685672076522
11842	(-1, -1)	b' micro'	-11.02881312050428
11843	(-1, -1)	b' cream'	-11.195242216635862
11844	(-1, -1)	b' route'	-10.948397069537252
11845	(-1, -1)	b'\xe7\x9a\x84\xe6\xb0\xb4'	-11.128034661400841
11846	(-1, -1)	b'iin'	-10.998335709301765
11847	(-1, -1)	b' pace'	-11.10136641431868
11848	(-1, -1)	b'\xe5\x90\x84\xe6\x96\xb9\xe9\x9d\xa2'	-11.138814015718609
11849	(-1, -1)	b' Stan'	-11.035306649814828
11850	(-1, -1)	b'\xe4\xb8\x80\xe4\xbb\xb6'	-10.703469381919257
11851	(-1, -1)	b'\xe5\x88\x9b\xe4\xbd\x9c'	-11.192617856308216
11852	(-1, -1)	b' alt'	-11.075390927915418
11853	(-1, -1)	b'1200'	-11.124244666896532
11854	(-1, -1)	b'\xe5\xbf\x83\xe9\x87\x8c'	-11.154515783298725
11855	(-1, -1)	b'\xd9\x86\xdb\x8c'	-10.775074448611868
11856	(-1, -1)	b'\xe5\xa4\xb1\xe5\x8e\xbb'	-10.878309861134065
11857	(-1, -1)	b'\xe7\xbb\x99\xe4\xbd\xa0'	-11.141980006603745
11858	(-1, -1)	b'\xe5\x9c\xa8\xe6\x8e\xa5\xe5\x8f\x97'	-11.162806940882707
11859	(-1, -1)	b' identify'	-11.027398264280382
11860	(-1, -1)	b' kil'	-11.139943576439634
11861	(-1, -1)	b'\xe4\xbb\x85\xe6\x9c\x89'	-11.045949402747267
11862	(-1, -1)	b'Yea'	-11.028408671560445
11863	(-1, -1)	b'inning'	-11.071583816718054
11864	(-1, -1)	b' chat'	-11.151081320850091
11865	(-1, -1)	b' smell'	-11.162344513128803
11866	(-1, -1)	b' crack'	-10.949143895561509
11867	(-1, -1)	b' golf'	-11.186442064707862
11868	(-1, -1)	b'reek'	-11.15222483155217
11869	(-1, -1)	b' shape'	-10.923695352753944
11870	(-1, -1)	b'\xe0\xae\xa8\xe0\xaf\x8d\xe0\xae\xa4'	-10.767102542384013
11871	(-1, -1)	b' shel'	-11.004831155817794
11872	(-1, -1)	b' nam'	-11.14652030952253
11873	(-1, -1)	b'\xd9\x88\xd9\x8a'	-10.924970746932475
11874	(-1, -1)	b'180'	-10.853222634803894
11875	(-1, -1)	b'Ke'	-10.923513286299185
11876	(-1, -1)	b' Bo'	-9.760339720517216
11877	(-1, -1)	b'\xd1\x8c\xd0\xba'	-11.026590672877717
11878	(-1, -1)	b' reaction'	-11.033272888690805
11879	(-1, -1)	b' island'	-11.059622704647476
11880	(-1, -1)	b'ifer'	-11.09919391726608
11881	(-1, -1)	b'During'	-10.726672964877269
11882	(-1, -1)	b'ulated'	-10.966286634288027
11883	(-1, -1)	b' tap'	-11.159343933843456
11884	(-1, -1)	b'\xeb\xb6'	-10.62280878348038
11885	(-1, -1)	b'bh'	-10.804860834815218
11886	(-1, -1)	b'\xe5\xbc\x8f\xe5\x9f\xba\xe9\x87\x91'	-11.108350292552066
11887	(-1, -1)	b' antic'	-11.173502229999455
11888	(-1, -1)	b' Life'	-11.099628039261175
11889	(-1, -1)	b'\xe6\x82\xa3\xe8\x80\x85'	-11.167675386803207
11890	(-1, -1)	b'sa'	-9.648706960719434
11891	(-1, -1)	b'\xe0\xa4\xa4\xe0\xa4\xbe'	-10.847807153638474
11892	(-1, -1)	b' Victor'	-11.159113492547355
11893	(-1, -1)	b' Ver'	-10.501975597437374
11894	(-1, -1)	b' Die'	-11.12624934514891
11895	(-1, -1)	b' bil'	-11.008788422556997
11896	(-1, -1)	b' legend'	-11.11098187301812
11897	(-1, -1)	b'hole'	-10.765857793506942
11898	(-1, -1)	b'\xe8\xbf\x99\xe5\x9c\xba'	-11.144701713886052
11899	(-1, -1)	b'\xe5\xa4\xa9\xe7\x84\xb6'	-11.142886419536866
11900	(-1, -1)	b'Mar'	-10.986245078397156
11901	(-1, -1)	b'\xe0\xa8\x97'	-10.634603131548007
11902	(-1, -1)	b'\xe8\xbf\x8e\xe6\x9d\xa5'	-10.986051261166198
11903	(-1, -1)	b'row'	-10.465045077468089
11904	(-1, -1)	b' tar'	-10.920423217494847
11905	(-1, -1)	b'\xe7\x9a\x84\xe7\x90\x83\xe9\x98\x9f'	-10.931555735058708
11906	(-1, -1)	b' Lab'	-11.172567650492178
11907	(-1, -1)	b'\xe0\xaa\xa8\xe0\xab\x80'	-11.191903315370347
11908	(-1, -1)	b' gan'	-11.111421143835639
11909	(-1, -1)	b'\xe0\xa8\x9f'	-11.04697873891638
11910	(-1, -1)	b'\xe4\xb8\x8d\xe4\xb8\x80\xe6\xa0\xb7'	-11.070317993764224
11911	(-1, -1)	b' gather'	-10.797290532091221
11912	(-1, -1)	b'itan'	-10.60173852806326
11913	(-1, -1)	b'\xe6\x8e\xa5\xe4\xb8\x8b\xe6\x9d\xa5'	-10.922239748421244
11914	(-1, -1)	b'\xe9\xab\x98\xe5\xb1\x82'	-11.186205294255709
11915	(-1, -1)	b'\xd0\xb8\xd0\xb4\xd0\xb0'	-11.130718626331207
11916	(-1, -1)	b' Av'	-11.173502229999455
11917	(-1, -1)	b' dur'	-11.02236148522279
11918	(-1, -1)	b'\xe5\x88\x86\xe8\xbe\xa8\xe7\x8e\x87'	-10.975257016035316
11919	(-1, -1)	b' Gen'	-10.859179592254128
11920	(-1, -1)	b' heav'	-11.014554419245771
11921	(-1, -1)	b'1.2'	-10.719076294695588
11922	(-1, -1)	b' Power'	-11.160035576522324
11923	(-1, -1)	b'\xe6\x96\xaf\xe5\x9d\xa6'	-11.103979656223956
11924	(-1, -1)	b'550'	-11.050899907907123
11925	(-1, -1)	b'andal'	-11.06380331274303
11926	(-1, -1)	b'holders'	-11.029217733093251
11927	(-1, -1)	b'\xe1\x89\x85'	-11.031243255357571
11928	(-1, -1)	b' Luc'	-11.23471140786223
11929	(-1, -1)	b' Jay'	-11.07327407699793
11930	(-1, -1)	b'Probably'	-10.827756356592912
11931	(-1, -1)	b' bitch'	-11.135432968882286
11932	(-1, -1)	b'kar'	-10.562659936789881
11933	(-1, -1)	b'\xec\x96'	-10.867063094951632
11934	(-1, -1)	b'\xe6\x96\xb0\xe5\x93\x81'	-11.19811303200466
11935	(-1, -1)	b' Ah'	-11.18881285766279
11936	(-1, -1)	b'\xe5\xae\xb6\xe4\xb8\xad'	-11.12825805020999
11937	(-1, -1)	b' SO'	-11.1930945007405
11938	(-1, -1)	b'\xe5\x9b\x9b\xe4\xb8\xaa'	-11.127141604855662
11939	(-1, -1)	b' Ash'	-11.201953651223848
11940	(-1, -1)	b' Team'	-11.167210702779975
11941	(-1, -1)	b' festival'	-11.120025719814805
11942	(-1, -1)	b'hem'	-11.37393919868714
11943	(-1, -1)	b'gen'	-10.078402414208487
11944	(-1, -1)	b' spirit'	-11.023769228039486
11945	(-1, -1)	b'regon'	-11.186205294255709
11946	(-1, -1)	b' syn'	-10.7700650455252
11947	(-1, -1)	b' gal'	-10.976599941896614
11948	(-1, -1)	b'\xe4\xba\xba\xe7\xbe\xa4'	-11.045743662596351
11949	(-1, -1)	b'Okay'	-11.094430972561526
11950	(-1, -1)	b'azine'	-11.109445942930105
11951	(-1, -1)	b'\xe5\x8f\x91\xe5\xb8\x83\xe4\xbc\x9a'	-10.833230368768941
11952	(-1, -1)	b'po'	-9.812777443729068
11953	(-1, -1)	b'\xc3\xada'	-11.156122578089509
11954	(-1, -1)	b'2.3'	-10.6668930566124
11955	(-1, -1)	b' \xd0\xb0\xd0\xbb'	-11.036121313811003
11956	(-1, -1)	b'with'	-11.180539556720031
11957	(-1, -1)	b' singer'	-11.114942274234219
11958	(-1, -1)	b'\xe7\x9a\x84\xe6\xb6\x88\xe6\x81\xaf'	-11.049247014968824
11959	(-1, -1)	b'iyo'	-10.60597021911755
11960	(-1, -1)	b' celebrate'	-10.675805897675257
11961	(-1, -1)	b'lla'	-10.597656083465283
11962	(-1, -1)	b'\xe7\x8e\xa9\xe5\xae\xb6\xe7\x9a\x84'	-11.156582136921125
11963	(-1, -1)	b'ais'	-10.870510185576254
11964	(-1, -1)	b'inent'	-11.137685729465549
11965	(-1, -1)	b' classic'	-11.049040595316939
11966	(-1, -1)	b' factor'	-10.709036346193855
11967	(-1, -1)	b'iad'	-11.13161488451354
11968	(-1, -1)	b' \xd8\xae\xd9\x88'	-10.88336874675955
11969	(-1, -1)	b'\xe5\x85\xa8\xe5\xb9\xb4'	-11.178658088620326
11970	(-1, -1)	b'PU'	-11.151309918405094
11971	(-1, -1)	b'\xe1\x8c\xbd'	-11.157041907044167
11972	(-1, -1)	b'\xe7\x9a\x84\xe8\x80\x81'	-11.059205603494402
11973	(-1, -1)	b'akh'	-11.083048910458265
11974	(-1, -1)	b' \xd8\xb1\xd9\x88'	-11.120247326463911
11975	(-1, -1)	b' Mah'	-11.127364794232776
11976	(-1, -1)	b'jo'	-10.143749247972366
11977	(-1, -1)	b'\xec\x8a\xa4'	-11.141980006603745
11978	(-1, -1)	b' dance'	-10.958715142504676
11979	(-1, -1)	b' shift'	-10.608889929220885
11980	(-1, -1)	b' commitment'	-11.117149293448323
11981	(-1, -1)	b' exercise'	-11.011369069150488
11982	(-1, -1)	b' wedding'	-11.188101029420608
11983	(-1, -1)	b'\xe7\x9a\x84\xe6\x95\x85\xe4\xba\x8b'	-10.966476658041568
11984	(-1, -1)	b'\xe4\xb8\x80\xe7\xb3\xbb\xe5\x88\x97'	-10.679364873600681
11985	(-1, -1)	b' prob'	-11.209437089889224
11986	(-1, -1)	b' apartment'	-11.08176850055222
11987	(-1, -1)	b'\xe1\x89\xa2'	-11.046566877296062
11988	(-1, -1)	b'van'	-10.17262631269983
11989	(-1, -1)	b' ridiculous'	-11.124912446554069
11990	(-1, -1)	b' Light'	-11.134308488835764
11991	(-1, -1)	b'Sunny'	-11.172801213496859
11992	(-1, -1)	b'-pro'	-10.925335444237758
11993	(-1, -1)	b' Santa'	-11.153140582531917
11994	(-1, -1)	b'ius'	-11.014155695157553
11995	(-1, -1)	b'\xea\xb5\xad'	-11.038773564677195
11996	(-1, -1)	b'<_EOS_>'	special
11997	(-1, -1)	b'<_SOS_>'	special
11998	(-1, -1)	b'<_SEP_>'	special
11999	(-1, -1)	b'<_PAD_>'	special
