0	(-1, -1)	b'\x00'	-1
1	(-1, -1)	b'\x01'	-1
2	(-1, -1)	b'\x02'	-1
3	(-1, -1)	b'\x03'	-1
4	(-1, -1)	b'\x04'	-1
5	(-1, -1)	b'\x05'	-1
6	(-1, -1)	b'\x06'	-1
7	(-1, -1)	b'\x07'	-1
8	(-1, -1)	b'\x08'	-1
9	(-1, -1)	b'\t'	-1
10	(-1, -1)	b'\n'	-1
11	(-1, -1)	b'\x0b'	-1
12	(-1, -1)	b'\x0c'	-1
13	(-1, -1)	b'\r'	-1
14	(-1, -1)	b'\x0e'	-1
15	(-1, -1)	b'\x0f'	-1
16	(-1, -1)	b'\x10'	-1
17	(-1, -1)	b'\x11'	-1
18	(-1, -1)	b'\x12'	-1
19	(-1, -1)	b'\x13'	-1
20	(-1, -1)	b'\x14'	-1
21	(-1, -1)	b'\x15'	-1
22	(-1, -1)	b'\x16'	-1
23	(-1, -1)	b'\x17'	-1
24	(-1, -1)	b'\x18'	-1
25	(-1, -1)	b'\x19'	-1
26	(-1, -1)	b'\x1a'	-1
27	(-1, -1)	b'\x1b'	-1
28	(-1, -1)	b'\x1c'	-1
29	(-1, -1)	b'\x1d'	-1
30	(-1, -1)	b'\x1e'	-1
31	(-1, -1)	b'\x1f'	-1
32	(-1, -1)	' '	-1
33	(-1, -1)	'!'	-1
34	(-1, -1)	'"'	-1
35	(-1, -1)	'#'	-1
36	(-1, -1)	'$'	-1
37	(-1, -1)	'%'	-1
38	(-1, -1)	'&'	-1
39	(-1, -1)	"'"	-1
40	(-1, -1)	'('	-1
41	(-1, -1)	')'	-1
42	(-1, -1)	'*'	-1
43	(-1, -1)	'+'	-1
44	(-1, -1)	','	-1
45	(-1, -1)	'-'	-1
46	(-1, -1)	'.'	-1
47	(-1, -1)	'/'	-1
48	(-1, -1)	'0'	-1
49	(-1, -1)	'1'	-1
50	(-1, -1)	'2'	-1
51	(-1, -1)	'3'	-1
52	(-1, -1)	'4'	-1
53	(-1, -1)	'5'	-1
54	(-1, -1)	'6'	-1
55	(-1, -1)	'7'	-1
56	(-1, -1)	'8'	-1
57	(-1, -1)	'9'	-1
58	(-1, -1)	':'	-1
59	(-1, -1)	';'	-1
60	(-1, -1)	'<'	-1
61	(-1, -1)	'='	-1
62	(-1, -1)	'>'	-1
63	(-1, -1)	'?'	-1
64	(-1, -1)	'@'	-1
65	(-1, -1)	'A'	-1
66	(-1, -1)	'B'	-1
67	(-1, -1)	'C'	-1
68	(-1, -1)	'D'	-1
69	(-1, -1)	'E'	-1
70	(-1, -1)	'F'	-1
71	(-1, -1)	'G'	-1
72	(-1, -1)	'H'	-1
73	(-1, -1)	'I'	-1
74	(-1, -1)	'J'	-1
75	(-1, -1)	'K'	-1
76	(-1, -1)	'L'	-1
77	(-1, -1)	'M'	-1
78	(-1, -1)	'N'	-1
79	(-1, -1)	'O'	-1
80	(-1, -1)	'P'	-1
81	(-1, -1)	'Q'	-1
82	(-1, -1)	'R'	-1
83	(-1, -1)	'S'	-1
84	(-1, -1)	'T'	-1
85	(-1, -1)	'U'	-1
86	(-1, -1)	'V'	-1
87	(-1, -1)	'W'	-1
88	(-1, -1)	'X'	-1
89	(-1, -1)	'Y'	-1
90	(-1, -1)	'Z'	-1
91	(-1, -1)	'['	-1
92	(-1, -1)	'\\'	-1
93	(-1, -1)	']'	-1
94	(-1, -1)	'^'	-1
95	(-1, -1)	'_'	-1
96	(-1, -1)	'`'	-1
97	(-1, -1)	'a'	-1
98	(-1, -1)	'b'	-1
99	(-1, -1)	'c'	-1
100	(-1, -1)	'd'	-1
101	(-1, -1)	'e'	-1
102	(-1, -1)	'f'	-1
103	(-1, -1)	'g'	-1
104	(-1, -1)	'h'	-1
105	(-1, -1)	'i'	-1
106	(-1, -1)	'j'	-1
107	(-1, -1)	'k'	-1
108	(-1, -1)	'l'	-1
109	(-1, -1)	'm'	-1
110	(-1, -1)	'n'	-1
111	(-1, -1)	'o'	-1
112	(-1, -1)	'p'	-1
113	(-1, -1)	'q'	-1
114	(-1, -1)	'r'	-1
115	(-1, -1)	's'	-1
116	(-1, -1)	't'	-1
117	(-1, -1)	'u'	-1
118	(-1, -1)	'v'	-1
119	(-1, -1)	'w'	-1
120	(-1, -1)	'x'	-1
121	(-1, -1)	'y'	-1
122	(-1, -1)	'z'	-1
123	(-1, -1)	'{'	-1
124	(-1, -1)	'|'	-1
125	(-1, -1)	'}'	-1
126	(-1, -1)	'~'	-1
127	(-1, -1)	'\x7f'	-1
128	(-1, -1)	b'\x80'	-1
129	(-1, -1)	b'\x81'	-1
130	(-1, -1)	b'\x82'	-1
131	(-1, -1)	b'\x83'	-1
132	(-1, -1)	b'\x84'	-1
133	(-1, -1)	b'\x85'	-1
134	(-1, -1)	b'\x86'	-1
135	(-1, -1)	b'\x87'	-1
136	(-1, -1)	b'\x88'	-1
137	(-1, -1)	b'\x89'	-1
138	(-1, -1)	b'\x8a'	-1
139	(-1, -1)	b'\x8b'	-1
140	(-1, -1)	b'\x8c'	-1
141	(-1, -1)	b'\x8d'	-1
142	(-1, -1)	b'\x8e'	-1
143	(-1, -1)	b'\x8f'	-1
144	(-1, -1)	b'\x90'	-1
145	(-1, -1)	b'\x91'	-1
146	(-1, -1)	b'\x92'	-1
147	(-1, -1)	b'\x93'	-1
148	(-1, -1)	b'\x94'	-1
149	(-1, -1)	b'\x95'	-1
150	(-1, -1)	b'\x96'	-1
151	(-1, -1)	b'\x97'	-1
152	(-1, -1)	b'\x98'	-1
153	(-1, -1)	b'\x99'	-1
154	(-1, -1)	b'\x9a'	-1
155	(-1, -1)	b'\x9b'	-1
156	(-1, -1)	b'\x9c'	-1
157	(-1, -1)	b'\x9d'	-1
158	(-1, -1)	b'\x9e'	-1
159	(-1, -1)	b'\x9f'	-1
160	(-1, -1)	b'\xa0'	-1
161	(-1, -1)	b'\xa1'	-1
162	(-1, -1)	b'\xa2'	-1
163	(-1, -1)	b'\xa3'	-1
164	(-1, -1)	b'\xa4'	-1
165	(-1, -1)	b'\xa5'	-1
166	(-1, -1)	b'\xa6'	-1
167	(-1, -1)	b'\xa7'	-1
168	(-1, -1)	b'\xa8'	-1
169	(-1, -1)	b'\xa9'	-1
170	(-1, -1)	b'\xaa'	-1
171	(-1, -1)	b'\xab'	-1
172	(-1, -1)	b'\xac'	-1
173	(-1, -1)	b'\xad'	-1
174	(-1, -1)	b'\xae'	-1
175	(-1, -1)	b'\xaf'	-1
176	(-1, -1)	b'\xb0'	-1
177	(-1, -1)	b'\xb1'	-1
178	(-1, -1)	b'\xb2'	-1
179	(-1, -1)	b'\xb3'	-1
180	(-1, -1)	b'\xb4'	-1
181	(-1, -1)	b'\xb5'	-1
182	(-1, -1)	b'\xb6'	-1
183	(-1, -1)	b'\xb7'	-1
184	(-1, -1)	b'\xb8'	-1
185	(-1, -1)	b'\xb9'	-1
186	(-1, -1)	b'\xba'	-1
187	(-1, -1)	b'\xbb'	-1
188	(-1, -1)	b'\xbc'	-1
189	(-1, -1)	b'\xbd'	-1
190	(-1, -1)	b'\xbe'	-1
191	(-1, -1)	b'\xbf'	-1
192	(-1, -1)	b'\xc0'	-1
193	(-1, -1)	b'\xc1'	-1
194	(-1, -1)	b'\xc2'	-1
195	(-1, -1)	b'\xc3'	-1
196	(-1, -1)	b'\xc4'	-1
197	(-1, -1)	b'\xc5'	-1
198	(-1, -1)	b'\xc6'	-1
199	(-1, -1)	b'\xc7'	-1
200	(-1, -1)	b'\xc8'	-1
201	(-1, -1)	b'\xc9'	-1
202	(-1, -1)	b'\xca'	-1
203	(-1, -1)	b'\xcb'	-1
204	(-1, -1)	b'\xcc'	-1
205	(-1, -1)	b'\xcd'	-1
206	(-1, -1)	b'\xce'	-1
207	(-1, -1)	b'\xcf'	-1
208	(-1, -1)	b'\xd0'	-1
209	(-1, -1)	b'\xd1'	-1
210	(-1, -1)	b'\xd2'	-1
211	(-1, -1)	b'\xd3'	-1
212	(-1, -1)	b'\xd4'	-1
213	(-1, -1)	b'\xd5'	-1
214	(-1, -1)	b'\xd6'	-1
215	(-1, -1)	b'\xd7'	-1
216	(-1, -1)	b'\xd8'	-1
217	(-1, -1)	b'\xd9'	-1
218	(-1, -1)	b'\xda'	-1
219	(-1, -1)	b'\xdb'	-1
220	(-1, -1)	b'\xdc'	-1
221	(-1, -1)	b'\xdd'	-1
222	(-1, -1)	b'\xde'	-1
223	(-1, -1)	b'\xdf'	-1
224	(-1, -1)	b'\xe0'	-1
225	(-1, -1)	b'\xe1'	-1
226	(-1, -1)	b'\xe2'	-1
227	(-1, -1)	b'\xe3'	-1
228	(-1, -1)	b'\xe4'	-1
229	(-1, -1)	b'\xe5'	-1
230	(-1, -1)	b'\xe6'	-1
231	(-1, -1)	b'\xe7'	-1
232	(-1, -1)	b'\xe8'	-1
233	(-1, -1)	b'\xe9'	-1
234	(-1, -1)	b'\xea'	-1
235	(-1, -1)	b'\xeb'	-1
236	(-1, -1)	b'\xec'	-1
237	(-1, -1)	b'\xed'	-1
238	(-1, -1)	b'\xee'	-1
239	(-1, -1)	b'\xef'	-1
240	(-1, -1)	b'\xf0'	-1
241	(-1, -1)	b'\xf1'	-1
242	(-1, -1)	b'\xf2'	-1
243	(-1, -1)	b'\xf3'	-1
244	(-1, -1)	b'\xf4'	-1
245	(-1, -1)	b'\xf5'	-1
246	(-1, -1)	b'\xf6'	-1
247	(-1, -1)	b'\xf7'	-1
248	(-1, -1)	b'\xf8'	-1
249	(-1, -1)	b'\xf9'	-1
250	(-1, -1)	b'\xfa'	-1
251	(-1, -1)	b'\xfb'	-1
252	(-1, -1)	b'\xfc'	-1
253	(-1, -1)	b'\xfd'	-1
254	(-1, -1)	b'\xfe'	-1
255	(-1, -1)	b'\xff'	-1
256	(32, 116)	' t'	256
257	(32, 97)	' a'	257
258	(105, 110)	'in'	258
259	(104, 101)	'he'	259
260	(228, 184)	b'\xe4\xb8'	260
261	(239, 188)	b'\xef\xbc'	261
262	(261, 140)	'，'	262
263	(114, 101)	're'	263
264	(32, 115)	' s'	264
265	(111, 110)	'on'	265
266	(256, 259)	' the'	266
267	(101, 114)	'er'	267
268	(32, 119)	' w'	268
269	(231, 154)	b'\xe7\x9a'	270
270	(97, 116)	'at'	271
271	(269, 132)	'的'	272
272	(111, 117)	'ou'	273
273	(97, 110)	'an'	274
274	(105, 116)	'it'	275
275	(111, 114)	'or'	276
276	(32, 98)	' b'	277
277	(32, 99)	' c'	278
278	(101, 110)	'en'	279
279	(228, 186)	b'\xe4\xba'	280
280	(105, 115)	'is'	281
281	(32, 102)	' f'	282
282	(258, 103)	'ing'	283
283	(32, 112)	' p'	284
284	(101, 115)	'es'	285
285	(32, 109)	' m'	286
286	(101, 100)	'ed'	287
287	(97, 114)	'ar'	288
288	(32, 111)	' o'	289
289	(230, 156)	b'\xe6\x9c'	290
290	(32, 100)	' d'	291
291	(256, 111)	' to'	292
292	(97, 108)	'al'	293
293	(257, 110)	' an'	294
294	(12000, 130)	'。'	295
295	(229, 143)	b'\xe5\x8f'	296
296	(32, 104)	' h'	297
297	(228, 187)	b'\xe4\xbb'	298
298	(229, 133)	b'\xe5\x85'	299
299	(32, 258)	' in'	300
300	(97, 115)	'as'	301
301	(229, 164)	b'\xe5\xa4'	302
302	(256, 104)	' th'	303
303	(288, 102)	' of'	304
304	(32, 108)	' l'	305
305	(229, 156)	b'\xe5\x9c'	306
306	(293, 100)	' and'	307
307	(105, 99)	'ic'	308
308	(229, 136)	b'\xe5\x88'	309
309	(111, 109)	'om'	310
310	(232, 191)	b'\xe8\xbf'	311
311	(108, 108)	'll'	312
312	(229, 174)	b'\xe5\xae'	313
313	(32, 110)	' n'	314
314	(230, 152)	b'\xe6\x98'	315
315	(32, 103)	' g'	316
316	(229, 144)	b'\xe5\x90'	317
317	(32, 73)	' I'	318
318	(228, 189)	b'\xe4\xbd'	319
319	(108, 101)	'le'	320
320	(115, 116)	'st'	321
321	(105, 265)	'ion'	322
322	(224, 164)	b'\xe0\xa4'	323
323	(118, 101)	've'	324
324	(230, 136)	b'\xe6\x88'	325
325	(105, 100)	'id'	326
326	(32, 121)	' y'	327
327	(97, 121)	'ay'	328
328	(229, 176)	b'\xe5\xb0'	329
329	(111, 116)	'ot'	330
330	(108, 121)	'ly'	331
331	(101, 116)	'et'	332
332	(32, 263)	' re'	333
333	(278, 116)	'ent'	334
334	(229, 155)	b'\xe5\x9b'	335
335	(260, 128)	'一'	336
336	(231, 187)	b'\xe7\xbb'	337
337	(226, 128)	b'\xe2\x80'	338
338	(229, 185)	b'\xe5\xb9'	339
339	(231, 148)	b'\xe7\x94'	340
340	(230, 151)	b'\xe6\x97'	341
341	(230, 150)	b'\xe6\x96'	342
342	(32, 101)	' e'	343
343	(229, 138)	b'\xe5\x8a'	344
344	(111, 119)	'ow'	345
345	(276, 101)	' be'	346
346	(32, 265)	' on'	347
347	(97, 100)	'ad'	348
348	(229, 141)	b'\xe5\x8d'	349
349	(314, 175)	'是'	350
350	(228, 185)	b'\xe4\xb9'	351
351	(97, 109)	'am'	352
352	(97, 99)	'ac'	353
353	(32, 83)	' S'	354
354	(32, 280)	' is'	355
355	(32, 84)	' T'	356
356	(305, 168)	'在'	357
357	(232, 175)	b'\xe8\xaf'	358
358	(32, 274)	' it'	359
359	(232, 174)	b'\xe8\xae'	360
360	(281, 275)	' for'	361
361	(233, 135)	b'\xe9\x87'	362
362	(228, 188)	b'\xe4\xbc'	363
363	(12000, 129)	'、'	364
364	(114, 111)	'ro'	365
365	(302, 270)	' that'	366
366	(39, 115)	"'s"	367
367	(229, 184)	b'\xe5\xb8'	368
368	(105, 103)	'ig'	369
369	(117, 116)	'ut'	370
370	(326, 272)	' you'	371
371	(230, 157)	b'\xe6\x9d'	372
372	(105, 109)	'im'	373
373	(108, 100)	'ld'	374
374	(117, 110)	'un'	375
375	(32, 65)	' A'	376
376	(32, 67)	' C'	377
377	(289, 137)	'有'	378
378	(115, 101)	'se'	379
379	(229, 173)	b'\xe5\xad'	380
380	(32, 259)	' he'	381
381	(118, 267)	'ver'	382
382	(105, 114)	'ir'	383
383	(229, 135)	b'\xe5\x87'	384
384	(264, 116)	' st'	385
385	(260, 141)	'不'	386
386	(230, 137)	b'\xe6\x89'	387
387	(229, 190)	b'\xe5\xbe'	388
388	(229, 188)	b'\xe5\xbc'	389
389	(260, 173)	'中'	390
390	(32, 77)	' M'	391
391	(232, 128)	b'\xe8\x80'	392
392	(232, 161)	b'\xe8\xa1'	393
393	(231, 155)	b'\xe7\x9b'	394
394	(232, 181)	b'\xe8\xb5'	395
395	(279, 134)	'了'	396
396	(279, 186)	'人'	397
397	(117, 114)	'ur'	398
398	(107, 101)	'ke'	399
399	(301, 167)	'大'	400
400	(229, 165)	b'\xe5\xa5'	401
401	(101, 99)	'ec'	402
402	(229, 183)	b'\xe5\xb7'	403
403	(274, 104)	'ith'	404
404	(229, 175)	b'\xe5\xaf'	405
405	(105, 311)	'ill'	406
406	(231, 142)	b'\xe7\x8e'	407
407	(111, 111)	'oo'	408
408	(268, 104)	' wh'	409
409	(229, 134)	b'\xe5\x86'	410
410	(116, 267)	'ter'	412
411	(229, 186)	b'\xe5\xba'	413
412	(233, 128)	b'\xe9\x80'	414
413	(32, 224)	b' \xe0'	415
414	(230, 138)	b'\xe6\x8a'	416
415	(268, 403)	' with'	417
416	(32, 66)	' B'	418
417	(105, 108)	'il'	419
418	(334, 189)	'国'	420
419	(260, 186)	'为'	421
420	(268, 101)	' we'	422
421	(232, 180)	b'\xe8\xb4'	423
422	(117, 115)	'us'	424
423	(48, 48)	'00'	425
424	(272, 116)	'out'	426
425	(296, 97)	' ha'	427
426	(338, 180)	'年'	428
427	(260, 138)	'上'	429
428	(229, 189)	b'\xe5\xbd'	430
429	(225, 128)	b'\xe1\x80'	431
430	(99, 104)	'ch'	432
431	(229, 140)	b'\xe5\x8c'	433
432	(99, 101)	'ce'	434
433	(32, 114)	' r'	435
434	(268, 300)	' was'	436
435	(32, 80)	' P'	437
436	(257, 115)	' as'	438
437	(230, 149)	b'\xe6\x95'	439
438	(231, 137)	b'\xe7\x89'	440
439	(232, 167)	b'\xe8\xa7'	441
440	(270, 321)	'ation'	442
441	(32, 107)	' k'	443
442	(229, 146)	b'\xe5\x92'	444
443	(257, 116)	' at'	445
444	(105, 102)	'if'	447
445	(231, 167)	b'\xe7\xa7'	448
446	(230, 160)	b'\xe6\xa0'	449
447	(233, 153)	b'\xe9\x99'	450
448	(111, 108)	'ol'	451
449	(229, 177)	b'\xe5\xb1'	452
450	(46, 46)	'..'	453
451	(442, 140)	'和'	454
452	(230, 173)	b'\xe6\xad'	455
453	(337, 156)	'“'	456
454	(337, 157)	'”'	457
455	(231, 186)	b'\xe7\xba'	458
456	(97, 103)	'ag'	459
457	(267, 115)	'ers'	460
458	(260, 170)	'个'	461
459	(233, 151)	b'\xe9\x97'	462
460	(310, 153)	'这'	463
461	(32, 72)	' H'	464
462	(32, 68)	' D'	465
463	(230, 128)	b'\xe6\x80'	466
464	(32, 50)	' 2'	467
465	(340, 182)	'时'	468
466	(297, 165)	'以'	469
467	(32, 208)	b' \xd0'	470
468	(32, 87)	' W'	471
469	(224, 184)	b'\xe0\xb8'	472
470	(32, 49)	' 1'	473
471	(117, 112)	'up'	474
472	(231, 144)	b'\xe7\x90'	475
473	(368, 104)	'igh'	476
474	(230, 139)	b'\xe6\x8b'	477
475	(111, 263)	'ore'	478
476	(101, 109)	'em'	479
477	(39, 116)	"'t"	480
478	(114, 105)	'ri'	481
479	(261, 154)	'：'	482
480	(229, 145)	b'\xe5\x91'	483
481	(232, 135)	b'\xe8\x87'	484
482	(259, 114)	'her'	485
483	(284, 116)	'est'	486
484	(383, 186)	'出'	487
485	(230, 181)	b'\xe6\xb5'	488
486	(257, 263)	' are'	489
487	(111, 112)	'op'	490
488	(32, 78)	' N'	491
489	(32, 106)	' j'	492
490	(312, 182)	'家'	493
491	(233, 157)	b'\xe9\x9d'	494
492	(117, 320)	'ust'	495
493	(308, 176)	'到'	496
494	(32, 82)	' R'	497
495	(272, 373)	'ould'	498
496	(229, 159)	b'\xe5\x9f'	499
497	(117, 109)	'um'	500
498	(425, 323)	' have'	502
499	(230, 175)	b'\xe6\xaf'	503
500	(208, 176)	'а'	504
501	(264, 104)	' sh'	505
502	(273, 100)	'and'	506
503	(362, 154)	'会'	507
504	(230, 172)	b'\xe6\xac'	508
505	(32, 216)	b' \xd8'	509
506	(229, 137)	b'\xe5\x89'	510
507	(32, 70)	' F'	511
508	(264, 101)	' se'	512
509	(277, 309)	' com'	513
510	(230, 179)	b'\xe6\xb3'	514
511	(277, 265)	' con'	515
512	(116, 104)	'th'	516
513	(229, 191)	b'\xe5\xbf'	517
514	(313, 101)	' ne'	518
515	(232, 12001)	'能'	519
516	(270, 101)	'ate'	520
517	(371, 165)	'来'	521
518	(404, 185)	'对'	522
519	(97, 98)	'ab'	523
520	(230, 176)	b'\xe6\xb0'	524
521	(229, 142)	b'\xe5\x8e'	525
522	(233, 152)	b'\xe9\x98'	526
523	(101, 108)	'el'	527
524	(116, 115)	'ts'	528
525	(117, 108)	'ul'	529
526	(392, 140)	'行'	530
527	(313, 329)	' not'	531
528	(32, 76)	' L'	532
529	(97, 258)	'ain'	533
530	(264, 97)	' sa'	534
531	(339, 159)	'生'	535
532	(232, 166)	b'\xe8\xa6'	536
533	(111, 115)	'os'	537
534	(224, 165)	b'\xe0\xa5'	538
535	(324, 145)	'我'	539
536	(305, 176)	'地'	540
537	(340, 165)	'日'	541
538	(230, 142)	b'\xe6\x8e'	542
539	(32, 71)	' G'	543
540	(99, 116)	'ct'	544
541	(281, 114)	' fr'	545
542	(295, 145)	'发'	546
543	(32, 118)	' v'	547
544	(233, 162)	b'\xe9\xa2'	548
545	(272, 114)	'our'	549
546	(228, 191)	b'\xe4\xbf'	550
547	(305, 186)	'场'	551
548	(230, 140)	b'\xe6\x8c'	552
549	(290, 111)	' do'	553
550	(260, 154)	'业'	554
551	(290, 101)	' de'	555
552	(532, 129)	'要'	556
553	(295, 175)	'可'	557
554	(308, 134)	'分'	558
555	(230, 158)	b'\xe6\x9e'	559
556	(283, 364)	' pro'	560
557	(97, 107)	'ak'	561
558	(232, 190)	b'\xe8\xbe'	562
559	(361, 145)	'金'	563
560	(231, 156)	b'\xe7\x9c'	564
561	(297, 150)	'他'	565
562	(84, 259)	'The'	566
563	(224, 166)	b'\xe0\xa6'	567
564	(302, 280)	' this'	568
565	(279, 142)	'于'	569
566	(230, 178)	b'\xe6\xb2'	570
567	(224, 176)	b'\xe0\xb0'	571
568	(324, 144)	'成'	572
569	(230, 131)	b'\xe6\x83'	573
570	(260, 139)	'下'	574
571	(284, 115)	'ess'	575
572	(229, 147)	b'\xe5\x93'	576
573	(301, 154)	'多'	577
574	(231, 173)	b'\xe7\xad'	578
575	(263, 115)	'res'	579
576	(379, 166)	'学'	580
577	(224, 174)	b'\xe0\xae'	581
578	(292, 330)	'ally'	582
579	(257, 108)	' al'	583
580	(113, 117)	'qu'	584
581	(233, 171)	b'\xe9\xab'	585
582	(304, 105)	' li'	586
583	(225, 136)	b'\xe1\x88'	587
584	(316, 142)	'后'	588
585	(32, 69)	' E'	589
586	(32, 322)	b' \xe0\xa4'	590
587	(350, 159)	'也'	591
588	(112, 112)	'pp'	592
589	(342, 120)	' ex'	593
590	(32, 275)	' or'	594
591	(276, 369)	' but'	595
592	(298, 172)	'公'	596
593	(277, 104)	' ch'	597
594	(367, 130)	'市'	598
595	(297, 172)	'们'	599
596	(289, 136)	'月'	600
597	(309, 101)	'ome'	601
598	(581, 152)	'高'	602
599	(208, 184)	'и'	603
600	(287, 116)	'art'	604
601	(273, 116)	'ant'	605
602	(541, 309)	' from'	606
603	(224, 170)	b'\xe0\xaa'	607
604	(341, 176)	'新'	608
605	(278, 100)	'end'	609
606	(101, 287)	'ear'	610
607	(103, 104)	'gh'	611
608	(283, 108)	' pl'	612
609	(473, 116)	'ight'	613
610	(355, 259)	' The'	614
611	(336, 143)	'经'	615
612	(32, 74)	' J'	616
613	(230, 132)	b'\xe6\x84'	617
614	(280, 116)	'ist'	618
615	(225, 187)	b'\xe1\xbb'	619
616	(406, 176)	'现'	620
617	(341, 185)	'方'	621
618	(292, 108)	'all'	622
619	(257, 98)	' ab'	623
620	(506, 141)	'前'	624
621	(231, 190)	b'\xe7\xbe'	625
622	(230, 184)	b'\xe6\xb8'	626
623	(300, 116)	'ast'	627
624	(216, 167)	'ا'	628
625	(530, 325)	' said'	629
626	(224, 168)	b'\xe0\xa8'	630
627	(287, 100)	'ard'	631
628	(229, 128)	b'\xe5\x80'	632
629	(256, 114)	' tr'	633
630	(352, 107)	'ack'	634
631	(276, 121)	' by'	635
632	(275, 116)	'ort'	636
633	(274, 121)	'ity'	637
634	(105, 323)	'ive'	638
635	(111, 99)	'oc'	639
636	(285, 101)	' me'	640
637	(328, 177)	'就'	641
638	(32, 79)	' O'	642
639	(111, 320)	'ost'	643
640	(109, 333)	'ment'	644
641	(230, 180)	b'\xe6\xb4'	646
642	(105, 101)	'ie'	647
643	(231, 189)	b'\xe7\xbd'	648
644	(232, 130)	b'\xe8\x82'	649
645	(208, 190)	'о'	650
646	(266, 121)	' they'	651
647	(97, 112)	'ap'	652
648	(296, 300)	' has'	653
649	(310, 135)	'过'	654
650	(48, 49)	'01'	655
651	(260, 187)	'主'	656
652	(233, 129)	b'\xe9\x81'	657
653	(388, 128)	'开'	658
654	(233, 149)	b'\xe9\x95'	659
655	(233, 131)	b'\xe9\x83'	660
656	(318, 156)	'作'	661
657	(277, 273)	' can'	662
658	(298, 131)	'元'	663
659	(289, 128)	'最'	664
660	(315, 111)	' go'	665
661	(339, 168)	'用'	666
662	(289, 172)	'本'	667
663	(387, 151)	'得'	668
664	(32, 374)	' un'	669
665	(231, 130)	b'\xe7\x82'	670
666	(232, 189)	b'\xe8\xbd'	671
667	(105, 284)	'ies'	672
668	(496, 186)	'基'	673
669	(117, 100)	'ud'	674
670	(268, 405)	' will'	675
671	(272, 607)	'ough'	676
672	(351, 101)	'ame'	677
673	(304, 101)	' le'	678
674	(117, 263)	'ure'	679
675	(231, 171)	b'\xe7\xab'	680
676	(391, 133)	'者'	681
677	(328, 134)	'将'	682
678	(107, 115)	'ks'	683
679	(229, 166)	b'\xe5\xa6'	684
680	(481, 170)	'自'	685
681	(268, 275)	' wor'	686
682	(32, 471)	' up'	687
683	(296, 280)	' his'	688
684	(257, 311)	' all'	689
685	(391, 140)	'而'	690
686	(265, 101)	'one'	691
687	(307, 101)	'ice'	692
688	(228, 190)	b'\xe4\xbe'	693
689	(264, 111)	' so'	694
690	(279, 167)	'产'	695
691	(491, 162)	'面'	696
692	(268, 259)	' whe'	697
693	(401, 116)	'ect'	698
694	(224, 183)	b'\xe0\xb7'	699
695	(289, 186)	'机'	700
696	(499, 148)	'比'	701
697	(32, 424)	' out'	702
698	(32, 217)	b' \xd9'	703
699	(582, 398)	' like'	704
700	(208, 189)	'н'	705
701	(263, 110)	'ren'	706
702	(621, 142)	'美'	707
703	(230, 177)	b'\xe6\xb1'	708
704	(655, 168)	'部'	709
705	(316, 140)	'同'	710
706	(208, 181)	'е'	711
707	(232, 182)	b'\xe8\xb6'	712
708	(32, 75)	' K'	713
709	(264, 112)	' sp'	714
710	(289, 159)	'期'	715
711	(350, 139)	'之'	716
712	(310, 155)	'进'	717
713	(232, 183)	b'\xe8\xb7'	719
714	(111, 100)	'od'	720
715	(232, 176)	b'\xe8\xb0'	721
716	(343, 168)	'动'	722
717	(489, 492)	' just'	723
718	(230, 182)	b'\xe6\xb6'	724
719	(117, 98)	'ub'	725
720	(233, 12001)	'都'	727
721	(472, 131)	'球'	728
722	(263, 100)	'red'	729
723	(103, 101)	'ge'	730
724	(298, 182)	'其'	731
725	(285, 121)	' my'	732
726	(230, 141)	b'\xe6\x8d'	733
727	(298, 168)	'全'	734
728	(325, 101)	'ide'	735
729	(231, 172)	b'\xe7\xac'	737
730	(110, 477)	"n't"	738
731	(105, 97)	'ia'	739
732	(230, 153)	b'\xe6\x99'	740
733	(394, 132)	'资'	741
734	(310, 152)	'还'	742
735	(117, 99)	'uc'	743
736	(32, 85)	' U'	744
737	(472, 134)	'理'	745
738	(343, 155)	'力'	746
739	(12003, 100)	'ound'	747
740	(209, 128)	'р'	748
741	(265, 103)	'ong'	749
742	(328, 143)	'小'	750
743	(229, 157)	b'\xe5\x9d'	751
744	(357, 180)	'说'	752
745	(258, 100)	'ind'	753
746	(97, 398)	'ake'	754
747	(224, 182)	b'\xe0\xb6'	755
748	(12000, 139)	'》'	756
749	(12000, 138)	'《'	757
750	(102, 102)	'ff'	758
751	(268, 495)	' would'	759
752	(258, 101)	'ine'	760
753	(315, 331)	' get'	761
754	(343, 160)	'加'	762
755	(407, 100)	'ood'	763
756	(232, 137)	b'\xe8\x89'	764
757	(260, 142)	'与'	765
758	(346, 101)	' one'	766
759	(101, 112)	'ep'	767
760	(301, 169)	'天'	768
761	(408, 111)	' who'	769
762	(209, 130)	'т'	770
763	(619, 424)	' about'	771
764	(312, 154)	'定'	772
765	(117, 378)	'use'	773
766	(572, 129)	'品'	774
767	(105, 118)	'iv'	775
768	(312, 158)	'实'	776
769	(400, 189)	'好'	777
770	(316, 136)	'合'	778
771	(230, 143)	b'\xe6\x8f'	779
772	(338, 179)	'平'	780
773	(654, 191)	'长'	782
774	(231, 132)	b'\xe7\x84'	783
775	(114, 97)	'ra'	784
776	(318, 134)	'但'	785
777	(379, 144)	'子'	786
778	(370, 114)	' your'	787
779	(301, 150)	'外'	788
780	(372, 101)	'ime'	789
781	(574, 137)	'等'	790
782	(318, 147)	'体'	791
783	(510, 149)	'法'	792
784	(257, 103)	' ag'	793
785	(231, 149)	b'\xe7\x95'	794
786	(229, 167)	b'\xe5\xa7'	795
787	(232, 131)	b'\xe8\x83'	796
788	(285, 475)	' more'	797
789	(233, 161)	b'\xe9\xa1'	798
790	(257, 100)	' ad'	799
791	(459, 180)	'间'	800
792	(233, 155)	b'\xe9\x9b'	801
793	(386, 128)	'所'	802
794	(105, 112)	'ip'	804
795	(227, 129)	b'\xe3\x81'	805
796	(392, 168)	'表'	806
797	(411, 166)	'度'	807
798	(450, 46)	'...'	809
799	(232, 139)	b'\xe8\x8b'	810
800	(504, 161)	'次'	811
801	(100, 327)	'day'	812
802	(316, 141)	'名'	813
803	(307, 104)	'ich'	814
804	(409, 133)	'内'	815
805	(303, 102)	' off'	816
806	(381, 121)	'very'	817
807	(104, 270)	'hat'	818
808	(665, 185)	'点'	819
809	(117, 101)	'ue'	820
810	(273, 115)	'ans'	821
811	(107, 282)	'king'	822
812	(298, 179)	'关'	823
813	(231, 168)	b'\xe7\xa8'	824
814	(299, 116)	' int'	825
815	(229, 187)	b'\xe5\xbb'	826
816	(318, 141)	'位'	827
817	(361, 141)	'重'	828
818	(463, 167)	'性'	829
819	(266, 382)	' their'	830
820	(387, 136)	'很'	831
821	(257, 114)	' ar'	832
822	(393, 184)	'相'	833
823	(308, 169)	'利'	834
824	(216, 177)	'ر'	835
825	(232, 129)	b'\xe8\x81'	836
826	(277, 108)	' cl'	837
827	(393, 174)	'目'	838
828	(114, 121)	'ry'	839
829	(217, 136)	'و'	840
830	(437, 176)	'数'	841
831	(105, 292)	'ial'	842
832	(219, 140)	'ی'	843
833	(326, 606)	' year'	844
834	(402, 165)	'工'	845
835	(233, 154)	b'\xe9\x9a'	846
836	(297, 183)	'价'	847
837	(560, 139)	'看'	848
838	(233, 148)	b'\xe9\x94'	849
839	(283, 101)	' pe'	850
840	(679, 130)	'如'	851
841	(32, 51)	' 3'	852
842	(272, 115)	'ous'	853
843	(322, 190)	'ा'	854
844	(513, 131)	'心'	855
845	(116, 482)	'ther'	856
846	(428, 147)	'当'	857
847	(296, 347)	' had'	858
848	(97, 104)	'ah'	859
849	(509, 112)	' comp'	860
850	(110, 100)	'nd'	861
851	(233, 163)	b'\xe9\xa3'	862
852	(118, 278)	'ven'	863
853	(327, 115)	'ays'	864
854	(115, 111)	'so'	865
855	(230, 129)	b'\xe6\x81'	866
856	(225, 137)	b'\xe1\x89'	867
857	(452, 164)	'此'	868
858	(101, 311)	'ell'	869
859	(230, 159)	b'\xe6\x9f'	870
860	(32, 444)	' if'	871
861	(295, 184)	'司'	872
862	(231, 159)	b'\xe7\x9f'	873
863	(231, 180)	b'\xe7\xb4'	874
864	(12004, 180)	'更'	875
865	(260, 137)	'三'	876
866	(32, 580)	' qu'	877
867	(441, 110)	' kn'	878
868	(456, 101)	'age'	879
869	(264, 597)	' some'	880
870	(569, 133)	'情'	881
871	(224, 175)	b'\xe0\xaf'	882
872	(208, 187)	'л'	883
873	(233, 156)	b'\xe9\x9c'	884
874	(260, 164)	'两'	885
875	(231, 157)	b'\xe7\x9d'	886
876	(668, 559)	'基金'	887
877	(233, 166)	b'\xe9\xa6'	888
878	(345, 278)	' been'	889
879	(339, 181)	'电'	890
880	(729, 172)	'第'	891
881	(335, 458)	'一个'	892
882	(274, 101)	'ite'	894
883	(353, 116)	' St'	895
884	(344, 110)	'own'	896
885	(231, 160)	b'\xe7\xa0'	897
886	(293, 121)	' any'	898
887	(314, 142)	'明'	899
888	(98, 267)	'ber'	900
889	(232, 162)	b'\xe8\xa2'	901
890	(231, 169)	b'\xe7\xa9'	902
891	(260, 135)	'万'	903
892	(522, 159)	'队'	904
893	(32, 278)	' en'	906
894	(217, 134)	'ن'	907
895	(386, 139)	'手'	908
896	(257, 99)	' ac'	909
897	(414, 165)	'报'	911
898	(361, 140)	'里'	912
899	(334, 160)	'因'	913
900	(341, 175)	'斯'	914
901	(431, 186)	'区'	915
902	(324, 191)	'房'	916
903	(298, 165)	'入'	917
904	(774, 182)	'然'	918
905	(232, 138)	b'\xe8\x8a'	919
906	(352, 116)	'act'	920
907	(283, 114)	' pr'	921
908	(438, 185)	'特'	922
909	(285, 273)	' man'	923
910	(279, 139)	'事'	924
911	(321, 115)	'ions'	925
912	(258, 107)	'ink'	926
913	(32, 422)	' us'	927
914	(101, 119)	'ew'	928
915	(408, 270)	' what'	929
916	(49, 48)	'10'	930
917	(100, 267)	'der'	931
918	(283, 267)	' per'	932
919	(394, 155)	'赛'	933
920	(217, 132)	'ل'	935
921	(231, 165)	b'\xe7\xa5'	936
922	(520, 145)	'民'	937
923	(32, 372)	' im'	938
924	(412, 154)	'通'	939
925	(97, 263)	'are'	940
926	(233, 130)	b'\xe9\x82'	941
927	(105, 122)	'iz'	942
928	(402, 178)	'已'	943
929	(592, 861)	'公司'	944
930	(32, 89)	' Y'	945
931	(302, 273)	' than'	946
932	(414, 149)	'投'	947
933	(266, 263)	' there'	948
934	(589, 112)	' exp'	949
935	(209, 129)	'с'	950
936	(771, 144)	'提'	951
937	(105, 263)	'ire'	952
938	(420, 263)	' were'	953
939	(229, 149)	b'\xe5\x95'	955
940	(692, 110)	' when'	956
941	(428, 177)	'影'	957
942	(535, 595)	'我们'	958
943	(359, 161)	'计'	959
944	(231, 136)	b'\xe7\x88'	960
945	(352, 101)	'ace'	961
946	(380, 114)	' her'	962
947	(194, 160)	'\xa0'	963
948	(839, 12012)	' people'	964
949	(297, 142)	'从'	965
950	(270, 286)	'ated'	966
951	(338, 182)	'并'	967
952	(105, 319)	'ile'	968
953	(608, 327)	' play'	969
954	(548, 129)	'持'	970
955	(287, 107)	'ark'	971
956	(266, 109)	' them'	972
957	(566, 161)	'没'	973
958	(111, 103)	'og'	974
959	(652, 147)	'道'	975
960	(225, 139)	b'\xe1\x8b'	976
961	(295, 138)	'及'	977
962	(111, 378)	'ose'	978
963	(105, 98)	'ib'	979
964	(288, 381)	' over'	980
965	(431, 150)	'化'	981
966	(307, 107)	'ick'	982
967	(295, 170)	'只'	983
968	(315, 114)	' gr'	984
969	(613, 143)	'意'	985
970	(12006, 186)	'示'	986
971	(376, 104)	' Ch'	987
972	(117, 430)	'uch'	988
973	(112, 632)	'port'	989
974	(231, 179)	b'\xe7\xb3'	990
975	(231, 129)	b'\xe7\x81'	991
976	(389, 418)	'中国'	992
977	(318, 160)	'你'	993
978	(480, 152)	'员'	994
979	(232, 186)	b'\xe8\xba'	995
980	(889, 171)	'被'	996
981	(233, 147)	b'\xe9\x93'	997
982	(50, 423)	'200'	998
983	(273, 432)	'ance'	999
984	(12002, 191)	'政'	1000
985	(229, 163)	b'\xe5\xa3'	1001
986	(116, 121)	'ty'	1002
987	(232, 163)	b'\xe8\xa3'	1003
988	(256, 780)	' time'	1004
989	(97, 118)	'av'	1005
990	(815, 186)	'建'	1006
991	(546, 157)	'保'	1007
992	(726, 174)	'据'	1008
993	(224, 177)	b'\xe0\xb1'	1009
994	(511, 116)	' cont'	1010
995	(279, 155)	'些'	1011
996	(352, 104)	'ach'	1012
997	(313, 111)	' no'	1013
998	(263, 101)	'ree'	1014
999	(32, 86)	' V'	1015
1000	(299, 99)	' inc'	1016
1001	(446, 188)	'格'	1017
1002	(413, 168)	b' \xe0\xa8'	1018
1003	(257, 12014)	' after'	1019
1004	(209, 131)	'у'	1020
1005	(875, 128)	'着'	1021
1006	(273, 103)	'ang'	1022
1007	(279, 164)	'交'	1023
1008	(300, 115)	'ass'	1024
1009	(283, 263)	' pre'	1025
1010	(394, 183)	'起'	1026
1011	(225, 138)	b'\xe1\x8a'	1027
1012	(449, 149)	'展'	1028
1013	(979, 171)	'身'	1029
1014	(275, 109)	'orm'	1030
1015	(388, 143)	'式'	1032
1016	(579, 854)	' also'	1033
1017	(332, 115)	' res'	1034
1018	(264, 259)	' she'	1035
1019	(97, 417)	'ail'	1036
1020	(32, 105)	' i'	1037
1021	(232, 144)	b'\xe8\x90'	1038
1022	(756, 178)	'色'	1039
1023	(514, 119)	' new'	1040
1024	(355, 104)	' Th'	1041
1025	(361, 143)	'量'	1042
1026	(230, 161)	b'\xe6\xa1'	1043
1027	(317, 116)	' It'	1044
1028	(288, 845)	' other'	1045
1029	(431, 151)	'北'	1046
1030	(341, 135)	'文'	1047
1031	(939, 134)	'商'	1048
1032	(117, 103)	'ug'	1049
1033	(290, 325)	' did'	1050
1034	(445, 141)	'种'	1052
1035	(232, 142)	b'\xe8\x8e'	1053
1036	(257, 109)	' am'	1054
1037	(275, 100)	'ord'	1055
1038	(224, 171)	b'\xe0\xab'	1056
1039	(594, 547)	'市场'	1057
1040	(867, 344)	' know'	1058
1041	(300, 101)	'ase'	1059
1042	(256, 119)	' tw'	1060
1043	(359, 169)	'让'	1061
1044	(546, 161)	'信'	1063
1045	(111, 258)	'oin'	1064
1046	(408, 803)	' which'	1065
1047	(264, 99)	' sc'	1066
1048	(521, 187)	'去'	1068
1049	(359, 176)	'记'	1069
1050	(256, 101)	' te'	1070
1051	(452, 163)	'正'	1071
1052	(520, 180)	'水'	1072
1053	(290, 12013)	" don't"	1073
1054	(485, 183)	'海'	1074
1055	(391, 131)	'考'	1075
1056	(287, 121)	'ary'	1076
1057	(231, 131)	b'\xe7\x83'	1077
1058	(643, 145)	'网'	1078
1059	(111, 311)	'oll'	1079
1060	(553, 466)	'可以'	1080
1061	(12019, 191)	'西'	1081
1062	(555, 156)	'果'	1082
1063	(111, 98)	'ob'	1083
1064	(481, 179)	'至'	1084
1065	(367, 184)	'常'	1085
1066	(111, 323)	'ove'	1086
1067	(104, 282)	'hing'	1087
1068	(438, 169)	'物'	1088
1069	(407, 107)	'ook'	1089
1070	(230, 188)	b'\xe6\xbc'	1090
1071	(974, 187)	'系'	1091
1072	(116, 282)	'ting'	1092
1073	(446, 183)	'样'	1093
1074	(519, 319)	'able'	1094
1075	(109, 267)	'mer'	1095
1076	(400, 179)	'女'	1096
1077	(265, 100)	'ond'	1097
1078	(339, 177)	'由'	1098
1079	(644, 161)	'股'	1099
1080	(224, 169)	b'\xe0\xa9'	1100
1081	(201, 153)	'ə'	1101
1082	(12010, 158)	'增'	1102
1083	(233, 133)	b'\xe9\x85'	1103
1084	(97, 765)	'ause'	1104
1085	(411, 148)	'应'	1105
1086	(368, 110)	'ign'	1106
1087	(613, 159)	'感'	1107
1088	(347, 101)	'ade'	1108
1089	(340, 160)	'无'	1110
1090	(358, 366)	" it's"	1111
1091	(843, 322)	b'\xe0\xa4\xbe\xe0\xa4'	1112
1092	(308, 182)	'制'	1113
1093	(97, 119)	'aw'	1114
1094	(297, 138)	'今'	1115
1095	(328, 148)	'尔'	1116
1096	(310, 145)	'近'	1117
1097	(575, 115)	'ress'	1118
1098	(358, 115)	' its'	1119
1099	(232, 136)	b'\xe8\x88'	1120
1100	(324, 152)	'战'	1121
1101	(302, 912)	' think'	1122
1102	(317, 110)	' In'	1123
1103	(296, 372)	' him'	1124
1104	(196, 177)	'ı'	1125
1105	(261, 155)	'；'	1126
1106	(112, 116)	'pt'	1127
1107	(343, 161)	'务'	1128
1108	(505, 167)	' ا'	1129
1109	(641, 187)	'活'	1130
1110	(263, 270)	'reat'	1131
1111	(290, 280)	' dis'	1132
1112	(230, 183)	b'\xe6\xb7'	1133
1113	(799, 177)	'英'	1134
1114	(615, 141)	'ọ'	1135
1115	(295, 151)	'受'	1136
1116	(257, 588)	' app'	1137
1117	(233, 146)	b'\xe9\x92'	1138
1118	(388, 186)	'强'	1139
1119	(622, 184)	'游'	1140
1120	(359, 190)	'设'	1141
1121	(12002, 182)	'收'	1142
1122	(229, 158)	b'\xe5\x9e'	1143
1123	(32, 52)	' 4'	1144
1124	(208, 180)	'д'	1145
1125	(480, 168)	'周'	1146
1126	(32, 53)	' 5'	1147
1127	(332, 99)	' rec'	1148
1128	(111, 118)	'ov'	1149
1129	(459, 174)	'问'	1150
1130	(386, 147)	'打'	1151
1131	(298, 183)	'具'	1152
1132	(12018, 320)	' first'	1153
1133	(413, 170)	b' \xe0\xaa'	1154
1134	(105, 273)	'ian'	1155
1135	(208, 186)	'к'	1156
1136	(357, 165)	'该'	1157
1137	(279, 140)	'二'	1158
1138	(325, 333)	'ident'	1159
1139	(412, 137)	'选'	1160
1140	(233, 169)	b'\xe9\xa9'	1161
1141	(296, 344)	' how'	1162
1142	(110, 282)	'ning'	1163
1143	(224, 167)	b'\xe0\xa7'	1164
1144	(283, 600)	' part'	1165
1145	(278, 115)	'ens'	1166
1146	(218, 169)	'ک'	1167
1147	(277, 495)	' could'	1168
1148	(334, 158)	'回'	1169
1149	(257, 540)	' act'	1170
1150	(278, 432)	'ence'	1171
1151	(558, 190)	'达'	1172
1152	(440, 115)	'ations'	1173
1153	(217, 135)	'ه'	1174
1154	(50, 48)	'20'	1175
1155	(534, 141)	'्'	1176
1156	(231, 188)	b'\xe7\xbc'	1177
1157	(261, 137)	'）'	1178
1158	(350, 136)	'么'	1179
1159	(463, 187)	'总'	1180
1160	(261, 136)	'（'	1181
1161	(291, 111)	' too'	1182
1162	(84, 104)	'Th'	1183
1163	(312, 137)	'安'	1184
1164	(315, 117)	' gu'	1185
1165	(111, 121)	'oy'	1186
1166	(455, 167)	'级'	1187
1167	(275, 115)	'ors'	1188
1168	(1155, 322)	b'\xe0\xa5\x8d\xe0\xa4'	1189
1169	(814, 111)	' into'	1190
1170	(387, 183)	'德'	1191
1171	(508, 101)	' see'	1192
1172	(261, 159)	'？'	1193
1173	(715, 131)	'调'	1194
1174	(313, 344)	' now'	1195
1175	(102, 101)	'fe'	1196
1176	(459, 168)	'门'	1197
1177	(406, 135)	'率'	1198
1178	(276, 630)	' back'	1199
1179	(112, 108)	'pl'	1200
1180	(229, 148)	b'\xe5\x94'	1201
1181	(73, 116)	'It'	1202
1182	(445, 145)	'科'	1203
1183	(367, 131)	'布'	1204
1184	(12009, 109)	" I'm"	1205
1185	(825, 148)	'联'	1206
1186	(276, 331)	' bet'	1207
1187	(119, 101)	'we'	1208
1188	(32, 364)	' ro'	1209
1189	(264, 327)	' say'	1210
1190	(346, 330)	' only'	1211
1191	(957, 377)	'没有'	1212
1192	(315, 755)	' good'	1213
1193	(217, 138)	'ي'	1214
1194	(538, 165)	'接'	1215
1195	(110, 101)	'ne'	1217
1196	(510, 168)	'注'	1218
1197	(12008, 161)	'管'	1219
1198	(233, 187)	b'\xe9\xbb'	1220
1199	(12005, 154)	'做'	1221
1200	(297, 163)	'代'	1222
1201	(229, 150)	b'\xe5\x96'	1223
1202	(12003, 116)	'ount'	1224
1203	(544, 152)	'题'	1225
1204	(49, 57)	'19'	1226
1205	(260, 156)	'东'	1227
1206	(438, 135)	'片'	1228
1207	(413, 166)	b' \xe0\xa6'	1229
1208	(280, 104)	'ish'	1230
1209	(680, 12021)	'自己'	1231
1210	(359, 164)	'认'	1232
1211	(1122, 139)	'型'	1233
1212	(1042, 111)	' two'	1234
1213	(400, 150)	'奖'	1235
1214	(216, 170)	'ت'	1236
1215	(281, 101)	' fe'	1237
1216	(548, 135)	'指'	1238
1217	(324, 150)	'或'	1239
1218	(348, 142)	'华'	1240
1219	(318, 191)	'使'	1241
1220	(569, 179)	'想'	1242
1221	(896, 99)	' acc'	1243
1222	(264, 267)	' ser'	1244
1223	(926, 163)	'那'	1245
1224	(111, 373)	'old'	1246
1225	(298, 139)	'克'	1247
1226	(282, 115)	'ings'	1248
1227	(407, 108)	'ool'	1250
1228	(110, 103)	'ng'	1251
1229	(231, 178)	b'\xe7\xb2'	1252
1230	(316, 145)	'向'	1253
1231	(307, 116)	'ict'	1254
1232	(514, 286)	' need'	1255
1233	(323, 108)	'vel'	1256
1234	(348, 149)	'单'	1257
1235	(297, 187)	'任'	1258
1236	(268, 601)	' want'	1259
1237	(105, 842)	'ious'	1260
1238	(117, 311)	'ull'	1261
1239	(421, 185)	'费'	1262
1240	(276, 114)	' br'	1263
1241	(681, 107)	' work'	1264
1242	(232, 153)	b'\xe8\x99'	1265
1243	(116, 101)	'te'	1266
1244	(230, 145)	b'\xe6\x91'	1267
1245	(105, 373)	'ild'	1268
1246	(260, 147)	'专'	1269
1247	(496, 142)	'城'	1270
1248	(295, 183)	'号'	1271
1249	(295, 150)	'取'	1272
1250	(276, 108)	' bl'	1273
1251	(231, 161)	b'\xe7\xa1'	1274
1252	(423, 48)	'000'	1275
1253	(447, 162)	'院'	1276
1254	(491, 158)	'非'	1277
1255	(301, 180)	'头'	1278
1256	(217, 133)	'م'	1279
1257	(461, 101)	' He'	1280
1258	(232, 141)	b'\xe8\x8d'	1281
1259	(877, 150)	'首'	1282
1260	(316, 132)	'各'	1283
1261	(295, 176)	'台'	1284
1262	(112, 267)	'per'	1285
1263	(312, 162)	'客'	1286
1264	(300, 265)	'ason'	1287
1265	(231, 166)	b'\xe7\xa6'	1288
1266	(439, 163)	'解'	1289
1267	(332, 578)	' really'	1290
1268	(295, 152)	'变'	1291
1269	(279, 172)	'京'	1292
1270	(871, 141)	'்'	1293
1271	(208, 188)	'м'	1294
1272	(851, 142)	'风'	1295
1273	(259, 100)	'hed'	1296
1274	(308, 171)	'别'	1297
1275	(328, 145)	'少'	1298
1276	(525, 116)	'ult'	1299
1277	(521, 159)	'原'	1300
1278	(261, 129)	'！'	1301
1279	(342, 806)	' every'	1302
1280	(357, 129)	'证'	1303
1281	(302, 671)	' though'	1304
1282	(336, 153)	'给'	1305
1283	(784, 529)	' again'	1306
1284	(348, 151)	'南'	1307
1285	(336, 147)	'结'	1308
1286	(439, 132)	'规'	1309
1287	(49, 50)	'12'	1310
1288	(307, 292)	'ical'	1311
1289	(455, 191)	'线'	1312
1290	(260, 150)	'世'	1313
1291	(558, 131)	'较'	1314
1292	(324, 143)	'戏'	1315
1293	(280, 115)	'iss'	1316
1294	(298, 137)	'光'	1317
1295	(32, 545)	' our'	1318
1296	(381, 115)	'vers'	1319
1297	(343, 191)	'势'	1320
1298	(285, 746)	' make'	1321
1299	(675, 139)	'立'	1322
1300	(229, 131)	b'\xe5\x83'	1323
1301	(12017, 1084)	' because'	1324
1302	(301, 132)	'处'	1325
1303	(298, 136)	'先'	1326
1304	(932, 733)	'投资'	1327
1305	(628, 188)	'值'	1328
1306	(274, 321)	'ition'	1329
1307	(351, 112)	'amp'	1330
1308	(216, 175)	'د'	1331
1309	(314, 159)	'星'	1332
1310	(264, 471)	' sup'	1333
1311	(499, 143)	'每'	1334
1312	(549, 284)	' does'	1335
1313	(336, 132)	'组'	1336
1314	(304, 623)	' last'	1337
1315	(314, 190)	'显'	1338
1316	(538, 168)	'推'	1339
1317	(1049, 676)	'记者'	1340
1318	(273, 107)	'ank'	1341
1319	(318, 142)	'低'	1342
1320	(275, 121)	'ory'	1343
1321	(285, 972)	' much'	1344
1322	(334, 190)	'图'	1345
1323	(277, 114)	' cr'	1346
1324	(273, 99)	'anc'	1347
1325	(32, 398)	' ke'	1348
1326	(336, 173)	'续'	1349
1327	(873, 128)	'需'	1350
1328	(701, 116)	'rent'	1351
1329	(561, 595)	'他们'	1352
1330	(713, 175)	'路'	1353
1331	(208, 178)	'в'	1354
1332	(342, 852)	' even'	1355
1333	(404, 188)	'导'	1356
1334	(787, 156)	'胜'	1357
1335	(101, 107)	'ek'	1358
1336	(266, 110)	' then'	1359
1337	(49, 49)	'11'	1360
1338	(718, 136)	'消'	1361
1339	(12007, 138)	b' \xe1\x8a'	1362
1340	(428, 169)	'彩'	1363
1341	(229, 139)	b'\xe5\x8b'	1364
1342	(790, 100)	' add'	1365
1343	(437, 180)	'整'	1366
1344	(985, 171)	'士'	1367
1345	(225, 186)	b'\xe1\xba'	1368
1346	(348, 129)	'十'	1369
1347	(102, 475)	'fore'	1370
1348	(233, 170)	b'\xe9\xaa'	1371
1349	(1070, 148)	'演'	1372
1350	(813, 139)	'程'	1373
1351	(337, 148)	'—'	1374
1352	(855, 175)	'息'	1375
1353	(101, 103)	'eg'	1376
1354	(409, 141)	'再'	1377
1355	(333, 115)	'ents'	1378
1356	(264, 401)	' sec'	1379
1357	(465, 791)	'时间'	1380
1358	(315, 672)	' game'	1381
1359	(485, 142)	'济'	1382
1360	(400, 185)	'她'	1383
1361	(227, 130)	b'\xe3\x82'	1384
1362	(393, 152)	'盘'	1385
1363	(981, 182)	'银'	1386
1364	(102, 1014)	'form'	1387
1365	(534, 135)	'े'	1388
1366	(501, 495)	' should'	1389
1367	(12002, 190)	'放'	1390
1368	(105, 107)	'ik'	1391
1369	(735, 107)	'uck'	1392
1370	(393, 180)	'直'	1393
1371	(231, 150)	b'\xe7\x96'	1394
1372	(703, 130)	'求'	1395
1373	(1300, 143)	'像'	1396
1374	(302, 114)	' thr'	1397
1375	(504, 167)	'欧'	1398
1376	(51, 48)	'30'	1399
1377	(497, 112)	'ump'	1400
1378	(229, 178)	b'\xe5\xb2'	1401
1379	(379, 163)	'季'	1402
1380	(276, 117)	' bu'	1403
1381	(299, 118)	' inv'	1404
1382	(391, 129)	'老'	1405
1383	(443, 116)	' att'	1406
1384	(270, 267)	'ater'	1407
1385	(412, 160)	'造'	1408
1386	(270, 284)	'ates'	1409
1387	(232, 132)	b'\xe8\x84'	1410
1388	(283, 448)	' pol'	1411
1389	(230, 187)	b'\xe6\xbb'	1412
1390	(987, 133)	'装'	1413
1391	(485, 129)	'流'	1414
1392	(273, 121)	'any'	1415
1393	(437, 153)	'教'	1416
1394	(108, 307)	'lic'	1417
1395	(336, 159)	'统'	1418
1396	(635, 107)	'ock'	1419
1397	(295, 163)	'口'	1420
1398	(707, 133)	'超'	1421
1399	(501, 344)	' show'	1422
1400	(329, 482)	'other'	1423
1401	(455, 166)	'约'	1424
1402	(290, 401)	' dec'	1425
1403	(421, 168)	'质'	1426
1404	(504, 190)	'款'	1427
1405	(445, 176)	'称'	1428
1406	(257, 119)	' aw'	1429
1407	(796, 970)	'表示'	1430
1408	(102, 116)	'ft'	1431
1409	(97, 122)	'az'	1432
1410	(230, 168)	b'\xe6\xa8'	1433
1411	(413, 176)	b' \xe0\xb0'	1434
1412	(439, 130)	'观'	1435
1413	(314, 147)	'易'	1436
1414	(32, 54)	' 6'	1437
1415	(279, 154)	'亚'	1438
1416	(928, 611)	'已经'	1439
1417	(553, 515)	'可能'	1440
1418	(833, 115)	' years'	1441
1419	(789, 185)	'项'	1442
1420	(98, 101)	'be'	1443
1421	(279, 191)	'亿'	1444
1422	(1140, 172)	'马'	1445
1423	(334, 155)	'四'	1446
1424	(268, 327)	' way'	1447
1425	(474, 137)	'拉'	1448
1426	(208, 179)	'г'	1449
1427	(406, 139)	'王'	1450
1428	(53, 48)	'50'	1451
1429	(290, 884)	' down'	1452
1430	(660, 282)	' going'	1453
1431	(388, 160)	'张'	1454
1432	(611, 1359)	'经济'	1455
1433	(265, 116)	'ont'	1456
1434	(827, 620)	'目前'	1457
1435	(315, 329)	' got'	1458
1436	(50, 650)	'201'	1459
1437	(384, 405)	' still'	1460
1438	(785, 140)	'界'	1461
1439	(355, 114)	' Tr'	1463
1440	(297, 182)	'件'	1464
1441	(664, 917)	' under'	1465
1442	(348, 135)	'升'	1466
1443	(413, 182)	b' \xe0\xb6'	1467
1444	(338, 191)	'广'	1468
1445	(312, 140)	'完'	1469
1446	(666, 166)	'车'	1470
1447	(12015, 179)	'米'	1471
1448	(690, 766)	'产品'	1472
1449	(905, 130)	'节'	1473
1450	(12002, 175)	'支'	1474
1451	(230, 130)	b'\xe6\x82'	1475
1452	(509, 109)	' comm'	1476
1453	(362, 129)	'企'	1477
1454	(433, 609)	' right'	1478
1455	(105, 330)	'ily'	1479
1456	(420, 311)	' well'	1480
1457	(298, 177)	'共'	1481
1458	(345, 282)	' being'	1482
1459	(544, 132)	'预'	1483
1460	(274, 116)	'itt'	1484
1461	(862, 165)	'知'	1485
1462	(397, 110)	'urn'	1486
1463	(295, 139)	'友'	1487
1464	(345, 1347)	' before'	1488
1465	(32, 236)	b' \xec'	1489
1466	(285, 639)	' most'	1490
1467	(702, 418)	'美国'	1491
1468	(367, 166)	'带'	1492
1469	(289, 170)	'未'	1493
1470	(270, 430)	'atch'	1494
1471	(119, 110)	'wn'	1495
1472	(231, 139)	b'\xe7\x8b'	1496
1473	(117, 578)	'ually'	1497
1474	(362, 160)	'传'	1498
1475	(280, 101)	'ise'	1499
1476	(1050, 351)	' team'	1500
1477	(265, 115)	'ons'	1501
1478	(1057, 173)	'热'	1502
1479	(108, 105)	'li'	1503
1480	(230, 165)	b'\xe6\xa5'	1504
1481	(232, 177)	b'\xe8\xb1'	1505
1482	(109, 273)	'man'	1506
1483	(446, 161)	'校'	1507
1484	(117, 540)	'uct'	1508
1485	(111, 329)	'oot'	1509
1486	(230, 174)	b'\xe6\xae'	1510
1487	(542, 1012)	'发展'	1511
1488	(281, 108)	' fl'	1512
1489	(32, 1146)	' ک'	1513
1490	(406, 169)	'玩'	1514
1491	(557, 282)	'aking'	1515
1492	(32, 55)	' 7'	1516
1493	(98, 319)	'ble'	1517
1494	(301, 135)	'备'	1518
1495	(324, 183)	'户'	1519
1496	(414, 128)	'技'	1520
1497	(712, 526)	'进行'	1521
1498	(921, 168)	'票'	1522
1499	(460, 458)	'这个'	1523
1500	(108, 669)	'lud'	1524
1501	(378, 108)	'sel'	1525
1502	(348, 161)	'卡'	1526
1503	(1035, 183)	'获'	1527
1504	(233, 159)	b'\xe9\x9f'	1528
1505	(332, 109)	' rem'	1529
1506	(1083, 141)	'配'	1530
1507	(383, 134)	'准'	1531
1508	(108, 112)	'lp'	1532
1509	(313, 97)	' na'	1533
1510	(947, 947)	'\xa0\xa0'	1534
1511	(277, 618)	' call'	1535
1512	(72, 101)	'He'	1536
1513	(480, 138)	'告'	1537
1514	(230, 163)	b'\xe6\xa3'	1538
1515	(120, 116)	'xt'	1539
1516	(447, 133)	'际'	1540
1517	(449, 177)	'山'	1541
1518	(297, 133)	'仅'	1542
1519	(544, 134)	'领'	1543
1520	(513, 171)	'快'	1544
1521	(258, 432)	'ince'	1545
1522	(362, 152)	'优'	1546
1523	(283, 104)	' ph'	1548
1524	(1119, 1292)	'游戏'	1549
1525	(270, 282)	'ating'	1550
1526	(944, 177)	'爱'	1551
1527	(428, 162)	'形'	1552
1528	(295, 141)	'反'	1553
1529	(295, 136)	'又'	1554
1530	(838, 128)	'销'	1555
1531	(397, 282)	'uring'	1556
1532	(289, 141)	'服'	1557
1533	(118, 282)	'ving'	1558
1534	(383, 160)	'几'	1559
1535	(533, 115)	'oss'	1560
1536	(289, 175)	'术'	1561
1537	(297, 189)	'份'	1562
1538	(97, 382)	'air'	1563
1539	(290, 284)	' des'	1564
1540	(520, 148)	'气'	1565
1541	(310, 144)	'运'	1566
1542	(1029, 1269)	'北京'	1567
1543	(277, 111)	' co'	1568
1544	(231, 133)	b'\xe7\x85'	1569
1545	(955, 331)	'arket'	1570
1546	(692, 263)	' where'	1571
1547	(287, 103)	'arg'	1572
1548	(348, 138)	'半'	1573
1549	(436, 115)	' ass'	1574
1550	(285, 265)	' mon'	1575
1551	(292, 115)	'als'	1576
1552	(413, 174)	b' \xe0\xae'	1577
1553	(437, 136)	'效'	1578
1554	(271, 335)	'的一'	1579
1555	(386, 141)	'才'	1580
1556	(115, 115)	'ss'	1582
1557	(342, 109)	' em'	1583
1558	(290, 97)	' da'	1584
1559	(32, 32)	'  '	1585
1560	(834, 656)	'工作'	1586
1561	(470, 48)	' 10'	1587
1562	(230, 185)	b'\xe6\xb9'	1588
1563	(230, 186)	b'\xe6\xba'	1589
1564	(32, 209)	b' \xd1'	1590
1565	(786, 139)	'始'	1591
1566	(227, 131)	b'\xe3\x83'	1592
1567	(230, 144)	b'\xe6\x90'	1593
1568	(792, 134)	'集'	1594
1569	(231, 138)	b'\xe7\x8a'	1595
1570	(394, 176)	'走'	1596
1571	(380, 1508)	' help'	1597
1572	(73, 110)	'In'	1598
1573	(216, 179)	'س'	1599
1574	(431, 133)	'包'	1601
1575	(112, 101)	'pe'	1602
1576	(301, 170)	'太'	1603
1577	(343, 159)	'功'	1604
1578	(229, 168)	b'\xe5\xa8'	1605
1579	(890, 186)	'空'	1606
1580	(439, 134)	'视'	1607
1581	(357, 157)	'话'	1608
1582	(295, 140)	'双'	1609
1583	(328, 188)	'尼'	1610
1584	(108, 284)	'les'	1611
1585	(289, 155)	'望'	1612
1586	(1180, 174)	'售'	1613
1587	(474, 141)	'拍'	1614
1588	(384, 600)	' start'	1615
1589	(117, 284)	'ues'	1616
1590	(12015, 187)	'类'	1617
1591	(743, 135)	'均'	1618
1592	(295, 130)	'参'	1619
1593	(105, 111)	'io'	1620
1594	(299, 100)	' ind'	1621
1595	(449, 133)	'居'	1622
1596	(318, 143)	'住'	1623
1597	(281, 258)	' fin'	1624
1598	(32, 806)	' very'	1625
1599	(1453, 550)	'企业'	1626
1600	(310, 158)	'连'	1627
1601	(384, 114)	' str'	1628
1602	(121, 115)	'ys'	1629
1603	(511, 115)	' cons'	1630
1604	(359, 186)	'论'	1631
1605	(449, 128)	'局'	1632
1606	(446, 135)	'标'	1633
1607	(637, 349)	'就是'	1634
1608	(1229, 190)	'精'	1635
1609	(560, 159)	'真'	1636
1610	(232, 168)	b'\xe8\xa8'	1637
1611	(285, 327)	' may'	1638
1612	(232, 133)	b'\xe8\x85'	1639
1613	(1026, 136)	'案'	1640
1614	(270, 104)	'ath'	1641
1615	(302, 962)	' those'	1642
1616	(414, 138)	'把'	1643
1617	(421, 173)	'购'	1644
1618	(1129, 1203)	'问题'	1645
1619	(278, 99)	'enc'	1646
1620	(231, 151)	b'\xe7\x97'	1648
1621	(688, 155)	'供'	1649
1622	(457, 265)	'erson'	1650
1623	(350, 144)	'乐'	1651
1624	(551, 102)	' def'	1652
1625	(359, 174)	'议'	1653
1626	(49, 53)	'15'	1654
1627	(1112, 177)	'深'	1655
1628	(308, 153)	'则'	1656
1629	(410, 110)	'tern'	1657
1630	(859, 165)	'查'	1658
1631	(97, 97)	'aa'	1659
1632	(1374, 671)	' through'	1660
1633	(444, 101)	'ife'	1661
1634	(231, 143)	b'\xe7\x8f'	1662
1635	(421, 159)	'负'	1663
1636	(12002, 185)	'改'	1664
1637	(357, 183)	'请'	1665
1638	(975, 171)	'火'	1666
1639	(256, 746)	' take'	1667
1640	(736, 110)	' Un'	1668
1641	(230, 162)	b'\xe6\xa2'	1669
1642	(105, 120)	'ix'	1670
1643	(367, 136)	'师'	1671
1644	(885, 148)	'研'	1672
1645	(285, 258)	' min'	1673
1646	(322, 191)	'ि'	1674
1647	(99, 309)	'com'	1675
1648	(452, 165)	'步'	1676
1649	(89, 272)	'You'	1677
1650	(32, 765)	' use'	1678
1651	(49, 46)	'1.'	1679
1652	(104, 110)	'hn'	1680
1653	(371, 191)	'板'	1681
1654	(440, 292)	'ational'	1682
1655	(285, 1088)	' made'	1683
1656	(332, 103)	' reg'	1684
1657	(32, 605)	' end'	1685
1658	(622, 133)	'清'	1686
1659	(380, 263)	' here'	1687
1660	(348, 179)	'即'	1688
1661	(425, 588)	' happ'	1689
1662	(274, 667)	'ities'	1690
1663	(629, 121)	' try'	1691
1664	(274, 286)	'ited'	1692
1665	(268, 114)	' wr'	1694
1666	(429, 186)	'်'	1695
1667	(264, 109)	' sm'	1696
1668	(281, 374)	' fun'	1697
1669	(1270, 577)	b'\xe0\xaf\x8d\xe0\xae'	1698
1670	(304, 407)	' loo'	1699
1671	(232, 140)	b'\xe8\x8c'	1700
1672	(300, 104)	'ash'	1701
1673	(840, 1062)	'如果'	1702
1674	(361, 135)	'采'	1703
1675	(230, 154)	b'\xe6\x9a'	1704
1676	(1410, 161)	'模'	1705
1677	(409, 179)	'决'	1706
1678	(707, 179)	'足'	1707
1679	(375, 850)	' And'	1708
1680	(283, 639)	' post'	1709
1681	(97, 120)	'ax'	1710
1682	(416, 114)	' Br'	1711
1683	(32, 56)	' 8'	1712
1684	(103, 114)	'gr'	1713
1685	(32, 583)	b' \xe1\x88'	1714
1686	(195, 169)	'é'	1715
1687	(304, 741)	' long'	1716
1688	(698, 133)	' م'	1717
1689	(263, 320)	'rest'	1718
1690	(259, 110)	'hen'	1719
1691	(923, 112)	' imp'	1720
1692	(409, 181)	'况'	1721
1693	(357, 173)	'语'	1722
1694	(402, 158)	'州'	1723
1695	(117, 292)	'ual'	1724
1696	(344, 267)	'ower'	1725
1697	(263, 347)	'read'	1726
1698	(560, 129)	'省'	1727
1699	(522, 178)	'防'	1729
1700	(322, 176)	'र'	1730
1701	(835, 190)	'难'	1731
1702	(290, 327)	' day'	1732
1703	(412, 159)	'速'	1733
1704	(350, 176)	'买'	1734
1705	(488, 914)	' New'	1735
1706	(405, 321)	'illion'	1736
1707	(97, 106)	'aj'	1737
1708	(616, 356)	'现在'	1738
1709	(308, 155)	'创'	1739
1710	(312, 185)	'容'	1740
1711	(288, 112)	' op'	1741
1712	(534, 128)	'ी'	1742
1713	(821, 739)	' around'	1743
1714	(260, 148)	'且'	1744
1715	(110, 121)	'ny'	1745
1716	(406, 175)	'环'	1746
1717	(304, 1069)	' look'	1747
1718	(468, 101)	' We'	1748
1719	(351, 284)	'ames'	1749
1720	(277, 287)	' car'	1750
1721	(408, 952)	' while'	1751
1722	(348, 154)	'博'	1752
1723	(1251, 174)	'确'	1753
1724	(357, 149)	'试'	1754
1725	(300, 286)	'ased'	1755
1726	(225, 140)	b'\xe1\x8c'	1756
1727	(342, 118)	' ev'	1757
1728	(785, 153)	'留'	1758
1729	(232, 173)	b'\xe8\xad'	1759
1730	(87, 101)	'We'	1760
1731	(312, 131)	'它'	1761
1732	(470, 57)	' 19'	1762
1733	(290, 105)	' di'	1763
1734	(318, 149)	'何'	1764
1735	(301, 141)	'复'	1765
1736	(439, 129)	'见'	1766
1737	(576, 531)	'学生'	1767
1738	(209, 139)	'ы'	1768
1739	(229, 153)	b'\xe5\x99'	1769
1740	(118, 286)	'ved'	1770
1741	(416, 369)	' But'	1771
1742	(108, 502)	'land'	1772
1743	(12007, 139)	b' \xe1\x8b'	1773
1744	(603, 190)	'ા'	1774
1745	(345, 108)	' bel'	1775
1746	(231, 170)	b'\xe7\xaa'	1776
1747	(267, 116)	'ert'	1777
1748	(420, 1335)	' week'	1778
1749	(111, 107)	'ok'	1779
1750	(899, 419)	'因为'	1780
1751	(863, 160)	'素'	1781
1752	(97, 323)	'ave'	1782
1753	(329, 104)	'oth'	1783
1754	(319, 540)	'lect'	1784
1755	(304, 329)	' lot'	1785
1756	(304, 97)	' la'	1786
1757	(666, 172)	'转'	1787
1758	(233, 190)	b'\xe9\xbe'	1788
1759	(1363, 526)	'银行'	1789
1760	(12006, 190)	'社'	1790
1761	(277, 259)	' che'	1791
1762	(835, 143)	'随'	1792
1763	(433, 374)	' run'	1793
1764	(476, 333)	'ement'	1794
1765	(264, 672)	' same'	1795
1766	(112, 114)	'pr'	1796
1767	(268, 258)	' win'	1797
1768	(297, 128)	'什'	1798
1769	(455, 162)	'红'	1799
1770	(116, 265)	'ton'	1800
1771	(49, 56)	'18'	1801
1772	(921, 158)	'神'	1802
1773	(930, 272)	' You'	1803
1774	(292, 101)	'ale'	1804
1775	(367, 140)	'希'	1805
1776	(909, 121)	' many'	1806
1777	(290, 114)	' dr'	1807
1778	(273, 723)	'ange'	1808
1779	(343, 158)	'办'	1810
1780	(84, 807)	'That'	1811
1781	(279, 148)	'五'	1812
1782	(115, 104)	'sh'	1813
1783	(505, 175)	' د'	1814
1784	(339, 183)	'男'	1815
1785	(301, 177)	'失'	1816
1786	(342, 287)	' ear'	1817
1787	(343, 169)	'助'	1818
1788	(512, 282)	'thing'	1819
1789	(617, 691)	'方面'	1820
1790	(555, 151)	'林'	1821
1791	(705, 465)	'同时'	1822
1792	(32, 57)	' 9'	1823
1793	(439, 146)	'角'	1824
1794	(379, 152)	'存'	1825
1795	(233, 165)	b'\xe9\xa5'	1826
1796	(575, 1138)	'resident'	1827
1797	(563, 190)	'া'	1828
1798	(112, 275)	'por'	1829
1799	(719, 1394)	'ublic'	1830
1800	(375, 108)	' Al'	1831
1801	(500, 700)	'ан'	1832
1802	(439, 137)	'觉'	1833
1803	(264, 719)	' sub'	1834
1804	(288, 1471)	' own'	1835
1805	(264, 331)	' set'	1836
1806	(112, 104)	'ph'	1837
1807	(99, 333)	'cent'	1838
1808	(341, 153)	'料'	1839
1809	(718, 168)	'涨'	1840
1810	(1283, 320)	' against'	1841
1811	(229, 161)	b'\xe5\xa1'	1842
1812	(264, 853)	' says'	1843
1813	(336, 180)	'维'	1844
1814	(119, 627)	'ward'	1845
1815	(859, 144)	'某'	1846
1816	(315, 1110)	' great'	1847
1817	(438, 140)	'牌'	1848
1818	(574, 150)	'策'	1849
1819	(48, 46)	'0.'	1850
1820	(411, 156)	'府'	1851
1821	(12027, 1067)	' something'	1852
1822	(332, 108)	' rel'	1853
1823	(707, 138)	'越'	1854
1824	(538, 146)	'排'	1855
1825	(353, 104)	' Sh'	1856
1826	(273, 110)	'ann'	1857
1827	(1094, 426)	'今年'	1858
1828	(1215, 523)	' feel'	1859
1829	(266, 378)	' these'	1860
1830	(445, 175)	'积'	1861
1831	(615, 165)	'ụ'	1862
1832	(357, 132)	'评'	1863
1833	(905, 177)	'花'	1865
1834	(653, 1565)	'开始'	1866
1835	(105, 121)	'iy'	1867
1836	(1544, 167)	'照'	1868
1837	(673, 347)	' lead'	1870
1838	(410, 115)	'ters'	1871
1839	(230, 146)	b'\xe6\x92'	1873
1840	(393, 138)	'益'	1874
1841	(296, 473)	' high'	1875
1842	(418, 490)	'国家'	1876
1843	(101, 102)	'ef'	1877
1844	(522, 191)	'阿'	1878
1845	(514, 381)	' never'	1879
1846	(890, 182)	'究'	1880
1847	(371, 161)	'条'	1881
1848	(274, 115)	'its'	1882
1849	(277, 1202)	' count'	1883
1850	(399, 576)	'大学'	1884
1851	(287, 430)	'arch'	1885
1852	(119, 97)	'wa'	1886
1853	(557, 284)	'akes'	1887
1854	(1550, 512)	' month'	1888
1855	(388, 149)	'引'	1889
1856	(732, 175)	'景'	1890
1857	(49, 54)	'16'	1891
1858	(993, 141)	'్'	1892
1859	(1186, 410)	' better'	1893
1860	(1210, 419)	'认为'	1894
1861	(1739, 168)	'器'	1895
1862	(1033, 730)	" didn't"	1896
1863	(675, 153)	'站'	1897
1864	(332, 973)	' report'	1898
1865	(302, 998)	' three'	1899
1866	(446, 185)	'根'	1900
1867	(264, 674)	' sure'	1901
1868	(1480, 188)	'楼'	1902
1869	(1563, 144)	'源'	1903
1870	(118, 284)	'ves'	1904
1871	(644, 178)	'育'	1905
1872	(1290, 1438)	'世界'	1906
1873	(229, 132)	b'\xe5\x84'	1907
1874	(1011, 149)	'ን'	1908
1875	(264, 397)	' sur'	1909
1876	(447, 144)	'限'	1910
1877	(264, 1521)	' since'	1911
1878	(643, 151)	'罗'	1912
1879	(338, 133)	'幅'	1913
1880	(555, 132)	'构'	1914
1881	(49, 52)	'14'	1915
1882	(115, 265)	'son'	1916
1883	(101, 101)	'ee'	1917
1884	(1021, 165)	'营'	1918
1885	(463, 129)	'态'	1919
1886	(332, 116)	' ret'	1920
1887	(45, 45)	'--'	1921
1888	(1143, 135)	'ে'	1922
1889	(447, 141)	'降'	1923
1890	(276, 368)	' big'	1924
1891	(273, 678)	'anks'	1925
1892	(1162, 280)	'This'	1926
1893	(1356, 1077)	' second'	1927
1894	(628, 153)	'候'	1928
1895	(307, 115)	'ics'	1929
1896	(696, 919)	'比赛'	1930
1897	(272, 378)	'ouse'	1931
1898	(195, 160)	'à'	1932
1899	(643, 174)	'置'	1933
1900	(107, 97)	'ka'	1934
1901	(1646, 322)	b'\xe0\xa4\xbf\xe0\xa4'	1935
1902	(101, 848)	'eah'	1936
1903	(507, 114)	' Fr'	1937
1904	(308, 146)	'划'	1938
1905	(290, 1531)	' during'	1939
1906	(231, 175)	b'\xe7\xaf'	1940
1907	(256, 267)	' ter'	1941
1908	(409, 155)	'军'	1942
1909	(505, 168)	' ب'	1943
1910	(32, 333)	' ent'	1944
1911	(1666, 429)	b'\xe1\x80\xba\xe1\x80'	1945
1912	(287, 97)	'ara'	1946
1913	(402, 180)	'巴'	1948
1914	(32, 429)	b' \xe1\x80'	1949
1915	(119, 853)	'ways'	1950
1916	(270, 116)	'att'	1951
1917	(1254, 1065)	'非常'	1952
1918	(963, 319)	'ible'	1953
1919	(383, 187)	'击'	1954
1920	(688, 191)	'便'	1955
1921	(349, 335)	'是一'	1956
1922	(102, 525)	'ful'	1957
1923	(12016, 189)	'白'	1958
1924	(110, 267)	'ner'	1959
1925	(259, 115)	'hes'	1960
1926	(98, 114)	'br'	1961
1927	(444, 307)	'ific'	1962
1928	(555, 129)	'极'	1963
1929	(46, 83)	'.S'	1964
1930	(694, 138)	'්'	1965
1931	(231, 140)	b'\xe7\x8c'	1966
1932	(281, 745)	' find'	1968
1933	(447, 164)	'除'	1969
1934	(481, 180)	'致'	1971
1935	(334, 162)	'团'	1972
1936	(568, 419)	'成为'	1973
1937	(1244, 132)	'摄'	1974
1938	(1120, 943)	'设计'	1975
1939	(399, 271)	'大的'	1977
1940	(371, 131)	'权'	1978
1941	(1768, 1158)	'什么'	1979
1942	(1439, 1377)	' Trump'	1980
1943	(702, 658)	'美元'	1981
1944	(264, 108)	' sl'	1982
1945	(485, 139)	'测'	1983
1946	(1027, 366)	" It's"	1984
1947	(362, 151)	'众'	1985
1948	(283, 369)	' put'	1986
1949	(422, 115)	'uss'	1987
1950	(1610, 128)	'言'	1988
1951	(331, 115)	'ets'	1989
1952	(870, 1692)	'情况'	1990
1953	(836, 1001)	'价格'	1991
1954	(232, 158)	b'\xe8\x9e'	1992
1955	(336, 136)	'终'	1993
1956	(116, 986)	'tty'	1994
1957	(734, 349)	'还是'	1995
1958	(508, 1264)	' season'	1997
1959	(50, 46)	'2.'	1998
1960	(276, 483)	' best'	1999
1961	(880, 335)	'第一'	2000
1962	(49, 51)	'13'	2001
1963	(449, 158)	'属'	2002
1964	(521, 134)	'历'	2004
1965	(308, 151)	'列'	2005
1966	(1381, 483)	' invest'	2006
1967	(208, 183)	'з'	2007
1968	(281, 351)	' fam'	2008
1969	(299, 115)	' ins'	2009
1970	(296, 597)	' home'	2010
1971	(283, 1622)	' person'	2011
1972	(285, 1545)	' market'	2012
1973	(464, 48)	' 20'	2013
1974	(371, 142)	'李'	2014
1975	(1873, 191)	'儿'	2015
1976	(466, 961)	'以及'	2016
1977	(885, 129)	'码'	2017
1978	(879, 941)	'电影'	2018
1979	(332, 347)	' read'	2019
1980	(599, 209)	b'\xd0\xb8\xd1'	2020
1981	(32, 122)	' z'	2021
1982	(924, 649)	'通过'	2022
1983	(641, 178)	'洲'	2023
1984	(370, 12020)	" you're"	2024
1985	(285, 286)	' med'	2025
1986	(1486, 181)	'段'	2026
1987	(225, 141)	b'\xe1\x8d'	2027
1988	(460, 1073)	'这样'	2028
1989	(1490, 490)	'玩家'	2029
1990	(626, 190)	'ਾ'	2030
1991	(278, 267)	'ener'	2031
1992	(307, 284)	'ices'	2032
1993	(365, 366)	" that's"	2033
1994	(1729, 166)	'警'	2034
1995	(105, 267)	'ier'	2035
1996	(776, 349)	'但是'	2036
1997	(519, 330)	'ably'	2037
1998	(332, 292)	' real'	2038
1999	(230, 133)	b'\xe6\x85'	2039
2000	(1109, 716)	'活动'	2040
2001	(572, 141)	'响'	2041
2002	(298, 176)	'兰'	2042
2003	(513, 133)	'必'	2043
2004	(703, 159)	'江'	2044
2005	(195, 188)	'ü'	2045
2006	(355, 807)	' That'	2046
2007	(268, 97)	' wa'	2047
2008	(447, 169)	'险'	2049
2009	(786, 148)	'委'	2050
2010	(342, 108)	' el'	2051
2011	(121, 320)	'yst'	2052
2012	(387, 128)	'往'	2053
2013	(640, 115)	'ments'	2054
2014	(1181, 366)	"It's"	2055
2015	(518, 565)	'对于'	2056
2016	(232, 143)	b'\xe8\x8f'	2057
2017	(305, 139)	'國'	2058
2018	(698, 136)	' و'	2059
2019	(984, 1820)	'政府'	2060
2020	(1075, 307)	'meric'	2061
2021	(359, 184)	'许'	2062
2022	(628, 186)	'债'	2063
2023	(276, 422)	' bus'	2065
2024	(194, 183)	'·'	2066
2025	(32, 235)	b' \xeb'	2067
2026	(103, 273)	'gan'	2068
2027	(1481, 161)	'象'	2069
2028	(99, 571)	'cess'	2070
2029	(371, 144)	'材'	2071
2030	(431, 187)	'医'	2072
2031	(335, 995)	'一些'	2073
2032	(341, 173)	'断'	2074
2033	(105, 286)	'ied'	2075
2034	(304, 1066)	' love'	2076
2035	(108, 286)	'led'	2077
2036	(270, 482)	'ather'	2078
2037	(1954, 141)	'融'	2079
2038	(447, 136)	'陈'	2080
2039	(1327, 552)	'需要'	2081
2040	(556, 118)	' prov'	2082
2041	(1197, 737)	'管理'	2083
2042	(256, 478)	' tri'	2085
2043	(270, 634)	'ative'	2086
2044	(383, 143)	'减'	2087
2045	(302, 282)	' thing'	2088
2046	(1744, 603)	b'\xe0\xaa\xbe\xe0\xaa'	2089
2047	(12004, 190)	'曾'	2090
2048	(404, 140)	'富'	2091
2049	(563, 176)	'র'	2092
2050	(385, 349)	'不是'	2093
2051	(536, 690)	'地产'	2094
2052	(493, 395)	'到了'	2095
2053	(525, 287)	'ular'	2096
2054	(820, 573)	'很多'	2097
2055	(229, 160)	b'\xe5\xa0'	2099
2056	(724, 389)	'其中'	2100
2057	(258, 97)	'ina'	2101
2058	(216, 168)	'ب'	2102
2059	(375, 114)	' Ar'	2103
2060	(344, 115)	'ows'	2104
2061	(233, 173)	b'\xe9\xad'	2105
2062	(287, 109)	'arm'	2106
2063	(277, 397)	' cur'	2107
2064	(918, 1807)	' percent'	2108
2065	(293, 110)	' ann'	2109
2066	(50, 53)	'25'	2110
2067	(104, 97)	'ha'	2111
2068	(467, 191)	' п'	2112
2069	(417, 633)	'ility'	2113
2070	(418, 1516)	'国际'	2114
2071	(615, 139)	'ị'	2115
2072	(309, 109)	'omm'	2116
2073	(421, 162)	'财'	2117
2074	(566, 187)	'治'	2118
2075	(384, 669)	' stud'	2119
2076	(408, 121)	' why'	2120
2077	(279, 137)	'争'	2121
2078	(400, 151)	'套'	2122
2079	(1644, 1846)	'研究'	2123
2080	(209, 150)	'і'	2124
2081	(704, 554)	'部分'	2125
2082	(1082, 773)	'增长'	2126
2083	(534, 139)	'ो'	2127
2084	(660, 12030)	' govern'	2128
2085	(296, 502)	' hand'	2129
2086	(295, 166)	'另'	2130
2087	(851, 159)	'食'	2131
2088	(295, 178)	'史'	2132
2089	(693, 286)	'ected'	2133
2090	(474, 191)	'拿'	2134
2091	(12008, 151)	'算'	2136
2092	(610, 121)	' They'	2137
2093	(236, 157)	b'\xec\x9d'	2138
2094	(485, 170)	'浪'	2139
2095	(622, 175)	'港'	2140
2096	(1348, 140)	'验'	2141
2097	(657, 477)	" can't"	2142
2098	(651, 552)	'主要'	2143
2099	(111, 120)	'ox'	2144
2100	(341, 189)	'施'	2145
2101	(514, 1515)	' next'	2146
2102	(400, 135)	'奇'	2147
2103	(624, 894)	'ان'	2148
2104	(49, 55)	'17'	2149
2105	(348, 180)	'却'	2150
2106	(484, 616)	'出现'	2151
2107	(101, 381)	'ever'	2152
2108	(428, 149)	'录'	2153
2109	(258, 571)	'iness'	2154
2110	(369, 101)	'ute'	2155
2111	(117, 750)	'uff'	2156
2112	(99, 107)	'ck'	2157
2113	(1419, 827)	'项目'	2158
2114	(32, 935)	' с'	2159
2115	(322, 168)	'न'	2160
2116	(301, 159)	'够'	2161
2117	(380, 347)	' head'	2162
2118	(271, 349)	'的是'	2163
2119	(1389, 161)	'满'	2164
2120	(469, 178)	'า'	2165
2121	(108, 752)	'line'	2166
2122	(336, 169)	'绩'	2167
2123	(1201, 156)	'喜'	2168
2124	(468, 104)	' Wh'	2169
2125	(480, 189)	'命'	2170
2126	(114, 307)	'ric'	2171
2127	(292, 512)	'alth'	2172
2128	(97, 105)	'ai'	2173
2129	(1009, 1956)	' pretty'	2174
2130	(467, 186)	' к'	2175
2131	(526, 550)	'行业'	2176
2132	(275, 107)	'ork'	2177
2133	(511, 102)	' conf'	2178
2134	(681, 373)	' world'	2179
2135	(1139, 12043)	'选择'	2180
2136	(460, 995)	'这些'	2181
2137	(56, 48)	'80'	2182
2138	(299, 320)	' inst'	2183
2139	(103, 331)	'get'	2184
2140	(500, 740)	'ар'	2185
2141	(396, 922)	'人民'	2186
2142	(558, 185)	'边'	2187
2143	(276, 1753)	' both'	2188
2144	(273, 524)	'ants'	2189
2145	(277, 319)	' cle'	2190
2146	(412, 130)	'适'	2192
2147	(275, 512)	'orth'	2193
2148	(208, 177)	'б'	2194
2149	(1021, 189)	'落'	2195
2150	(448, 958)	'olog'	2196
2151	(494, 101)	' Re'	2197
2152	(278, 378)	'ense'	2198
2153	(229, 130)	b'\xe5\x82'	2199
2154	(544, 157)	'额'	2200
2155	(509, 101)	' come'	2201
2156	(110, 97)	'na'	2202
2157	(411, 149)	'底'	2203
2158	(642, 373)	'ield'	2204
2159	(12024, 109)	"I'm"	2205
2160	(531, 1109)	'生活'	2206
2161	(1758, 153)	'龙'	2207
2162	(219, 146)	'ے'	2208
2163	(12007, 137)	b' \xe1\x89'	2209
2164	(281, 914)	' few'	2210
2165	(344, 282)	'owing'	2211
2166	(379, 151)	'字'	2212
2167	(297, 141)	'仍'	2213
2168	(1858, 567)	b'\xe0\xb1\x8d\xe0\xb0'	2214
2169	(291, 373)	' told'	2215
2170	(1108, 920)	' ال'	2216
2171	(390, 265)	' Mon'	2217
2172	(1117, 177)	'钱'	2219
2173	(315, 108)	' gl'	2221
2174	(117, 575)	'ures'	2222
2175	(579, 1915)	' always'	2224
2176	(317, 102)	' If'	2225
2177	(264, 972)	' such'	2226
2178	(1312, 730)	" doesn't"	2227
2179	(322, 149)	'क'	2228
2180	(232, 145)	b'\xe8\x91'	2229
2181	(465, 1894)	'时候'	2230
2182	(1460, 319)	'ittle'	2231
2183	(732, 174)	'普'	2232
2184	(329, 116)	'ott'	2233
2185	(913, 286)	' used'	2234
2186	(577, 191)	'ி'	2235
2187	(208, 185)	'й'	2236
2188	(714, 121)	'ody'	2237
2189	(347, 97)	'ada'	2238
2190	(587, 349)	'也是'	2239
2191	(264, 1086)	' sign'	2240
2192	(12016, 190)	'百'	2241
2193	(567, 191)	'ి'	2242
2194	(109, 115)	'ms'	2244
2195	(1325, 759)	' keep'	2245
2196	(1149, 1473)	' actually'	2246
2197	(329, 101)	'ote'	2248
2198	(350, 166)	'书'	2249
2199	(273, 97)	'ana'	2250
2200	(12010, 131)	'境'	2251
2201	(258, 115)	'ins'	2252
2202	(274, 292)	'ital'	2253
2203	(694, 146)	'ි'	2254
2204	(87, 807)	'What'	2256
2205	(117, 107)	'uk'	2257
2206	(33, 33)	'!!'	2258
2207	(1024, 280)	' This'	2259
2208	(97, 722)	'ared'	2260
2209	(101, 120)	'ex'	2261
2210	(586, 149)	' क'	2263
2211	(382, 100)	'ird'	2264
2212	(219, 129)	'ہ'	2265
2213	(12026, 116)	' point'	2266
2214	(375, 110)	' An'	2267
2215	(421, 167)	'货'	2268
2216	(260, 190)	'举'	2269
2217	(367, 129)	'币'	2270
2218	(941, 2001)	'影响'	2271
2219	(12011, 55)	' 2017'	2272
2220	(68, 65)	'DA'	2273
2221	(281, 739)	' found'	2274
2222	(263, 109)	'rem'	2275
2223	(232, 170)	b'\xe8\xaa'	2276
2224	(312, 152)	'官'	2277
2225	(104, 794)	'hip'	2278
2226	(304, 1093)	' law'	2279
2227	(219, 144)	'ې'	2280
2228	(277, 925)	' care'	2281
2229	(666, 187)	'轻'	2282
2230	(476, 115)	'ems'	2283
2231	(109, 286)	'med'	2284
2232	(267, 110)	'ern'	2285
2233	(342, 750)	' eff'	2286
2234	(336, 167)	'继'	2287
2235	(229, 169)	b'\xe5\xa9'	2288
2236	(1111, 99)	' disc'	2289
2237	(326, 97)	' ya'	2290
2238	(291, 112)	' top'	2291
2239	(275, 110)	'orn'	2292
2240	(288, 98)	' ob'	2293
2241	(287, 105)	'ari'	2294
2242	(1265, 187)	'离'	2295
2243	(308, 184)	'券'	2296
2244	(87, 104)	'Wh'	2297
2245	(528, 101)	' Le'	2298
2246	(308, 135)	'切'	2299
2247	(270, 97)	'ata'	2300
2248	(567, 190)	'ా'	2301
2249	(296, 627)	' hard'	2302
2250	(849, 1392)	' company'	2303
2251	(856, 181)	'ት'	2304
2252	(277, 333)	' cent'	2306
2253	(411, 167)	'座'	2307
2254	(308, 157)	'初'	2308
2255	(197, 159)	'ş'	2309
2256	(293, 1400)	' another'	2310
2257	(281, 545)	' four'	2311
2258	(305, 159)	'土'	2312
2259	(877, 153)	'香'	2313
2260	(1569, 182)	'状'	2314
2261	(1186, 12049)	' between'	2315
2262	(871, 129)	'ு'	2316
2263	(276, 347)	' bad'	2317
2264	(302, 1226)	' things'	2318
2265	(340, 169)	'早'	2319
2266	(384, 270)	' stat'	2321
2267	(73, 102)	'If'	2322
2268	(39, 311)	"'ll"	2324
2269	(317, 850)	' Ind'	2325
2270	(271, 396)	'的人'	2326
2271	(793, 466)	'所以'	2327
2272	(51, 46)	'3.'	2328
2273	(709, 401)	' spec'	2329
2274	(1198, 132)	'黄'	2330
2275	(264, 12033)	' school'	2331
2276	(474, 155)	'招'	2332
2277	(1038, 135)	'ે'	2333
2278	(348, 171)	'卫'	2334
2279	(287, 115)	'ars'	2335
2280	(290, 478)	' dri'	2336
2281	(510, 162)	'波'	2337
2282	(1078, 565)	'由于'	2338
2283	(285, 476)	' mem'	2339
2284	(500, 209)	b'\xd0\xb0\xd1'	2340
2285	(496, 159)	'域'	2341
2286	(385, 649)	'不过'	2342
2287	(1242, 189)	'虽'	2343
2288	(1711, 278)	' open'	2344
2289	(12009, 323)	" I've"	2345
2290	(312, 157)	'宝'	2346
2291	(317, 115)	' Is'	2347
2292	(863, 162)	'索'	2349
2293	(208, 191)	'п'	2350
2294	(277, 1059)	' coll'	2351
2295	(653, 542)	'开发'	2352
2296	(522, 179)	'阳'	2353
2297	(656, 419)	'作为'	2354
2298	(301, 174)	'央'	2355
2299	(825, 140)	'职'	2356
2300	(304, 1633)	' life'	2357
2301	(97, 117)	'au'	2358
2302	(230, 189)	b'\xe6\xbd'	2359
2303	(277, 647)	' cap'	2360
2304	(673, 103)	' leg'	2361
2305	(1219, 661)	'使用'	2362
2306	(490, 1131)	'家具'	2363
2307	(230, 147)	b'\xe6\x93'	2364
2308	(688, 139)	'例'	2365
2309	(589, 116)	' ext'	2366
2310	(1745, 642)	' belie'	2367
2311	(384, 516)	' state'	2368
2312	(830, 992)	'数据'	2369
2313	(230, 191)	b'\xe6\xbf'	2370
2314	(313, 497)	' num'	2372
2315	(116, 116)	'tt'	2373
2316	(400, 165)	'奥'	2374
2317	(538, 167)	'控'	2375
2318	(46, 1647)	'.com'	2376
2319	(2186, 577)	b'\xe0\xae\xbf\xe0\xae'	2377
2320	(449, 130)	'层'	2378
2321	(281, 12035)	' friend'	2379
2322	(297, 139)	'介'	2380
2323	(2120, 469)	b'\xe0\xb8\xb2\xe0\xb8'	2381
2324	(308, 154)	'刚'	2382
2325	(688, 157)	'依'	2383
2326	(301, 171)	'夫'	2384
2327	(817, 552)	'重要'	2385
2328	(636, 273)	' mean'	2386
2329	(982, 57)	'2009'	2387
2330	(54, 48)	'60'	2388
2331	(280, 321)	'ision'	2389
2332	(108, 571)	'less'	2390
2333	(351, 97)	'ama'	2392
2334	(280, 524)	'ists'	2393
2335	(1345, 185)	'ẹ'	2394
2336	(339, 179)	'申'	2395
2337	(389, 271)	'中的'	2396
2338	(98, 1997)	'bably'	2397
2339	(421, 163)	'责'	2398
2340	(276, 274)	' bit'	2399
2341	(267, 105)	'eri'	2400
2342	(310, 156)	'远'	2401
2343	(350, 160)	'习'	2402
2344	(50, 52)	'24'	2403
2345	(32, 90)	' Z'	2404
2346	(467, 177)	' б'	2405
2347	(285, 609)	' might'	2406
2348	(862, 173)	'短'	2407
2349	(318, 179)	'佳'	2408
2350	(1044, 1352)	'信息'	2409
2351	(304, 2182)	' little'	2410
2352	(328, 189)	'尽'	2411
2353	(1265, 143)	'福'	2412
2354	(100, 100)	'dd'	2413
2355	(542, 616)	'发现'	2414
2356	(12002, 187)	'攻'	2415
2357	(229, 170)	b'\xe5\xaa'	2416
2358	(348, 143)	'协'	2417
2359	(362, 164)	'伤'	2419
2360	(504, 162)	'欢'	2421
2361	(713, 140)	'跌'	2422
2362	(101, 722)	'ered'	2423
2363	(1209, 271)	'自己的'	2424
2364	(968, 12025)	' group'	2425
2365	(862, 179)	'石'	2426
2366	(285, 714)	' mod'	2427
2367	(1338, 1239)	'消费'	2429
2368	(316, 166)	'否'	2430
2369	(396, 271)	'人的'	2431
2370	(285, 1706)	' million'	2432
2371	(1503, 663)	'获得'	2433
2372	(109, 258)	'min'	2434
2373	(1671, 131)	'范'	2435
2374	(813, 179)	'稳'	2436
2375	(32, 286)	' ed'	2437
2376	(411, 183)	'康'	2438
2377	(386, 190)	'找'	2439
2378	(304, 331)	' let'	2440
2379	(984, 1818)	'政策'	2441
2380	(257, 369)	' aut'	2442
2381	(290, 12042)	' direct'	2443
2382	(455, 179)	'纳'	2445
2383	(283, 327)	' pay'	2446
2384	(936, 1621)	'提供'	2447
2385	(441, 405)	' kill'	2449
2386	(1746, 129)	'突'	2450
2387	(1906, 174)	'篮'	2451
2388	(32, 117)	' u'	2452
2389	(299, 410)	' inter'	2453
2390	(393, 145)	'监'	2454
2391	(548, 137)	'按'	2455
2392	(283, 1008)	' pass'	2456
2393	(665, 186)	'為'	2457
2394	(121, 606)	'year'	2458
2395	(359, 175)	'讯'	2459
2396	(1661, 278)	' happen'	2460
2397	(379, 169)	'孩'	2461
2398	(257, 118)	' av'	2462
2399	(608, 945)	' place'	2463
2400	(593, 1245)	' child'	2464
2401	(666, 174)	'轮'	2466
2402	(1421, 658)	'亿元'	2467
2403	(629, 810)	' trans'	2468
2404	(348, 160)	'占'	2469
2405	(259, 263)	'here'	2470
2406	(45, 116)	'-t'	2471
2407	(441, 745)	' kind'	2472
2408	(374, 100)	'und'	2473
2409	(298, 180)	'兴'	2474
2410	(1315, 970)	'显示'	2475
2411	(110, 284)	'nes'	2476
2412	(39, 323)	"'ve"	2477
2413	(315, 634)	' give'	2478
2414	(79, 78)	'ON'	2479
2415	(264, 107)	' sk'	2480
2416	(273, 101)	'ane'	2481
2417	(994, 258)	' contin'	2482
2418	(49, 423)	'100'	2483
2419	(385, 705)	'不同'	2484
2420	(412, 129)	'送'	2485
2421	(624, 216)	b'\xd8\xa7\xd8'	2486
2422	(711, 584)	'之后'	2487
2423	(258, 284)	'ines'	2488
2424	(264, 372)	' sim'	2489
2425	(288, 373)	' old'	2490
2426	(285, 1293)	' miss'	2491
2427	(341, 188)	'於'	2492
2428	(720, 349)	'都是'	2493
2429	(736, 1929)	' U.S'	2494
2430	(334, 180)	'围'	2495
2431	(290, 331)	' det'	2496
2432	(279, 178)	'亲'	2497
2433	(796, 616)	'表现'	2498
2434	(115, 99)	'sc'	2499
2435	(295, 164)	'古'	2500
2436	(107, 286)	'ked'	2501
2437	(1450, 954)	'支持'	2502
2438	(231, 191)	b'\xe7\xbf'	2504
2439	(2084, 640)	' government'	2505
2440	(121, 110)	'yn'	2507
2441	(1281, 116)	' thought'	2509
2442	(66, 369)	'But'	2510
2443	(270, 115)	'ats'	2511
2444	(1032, 103)	'ugg'	2513
2445	(724, 561)	'其他'	2514
2446	(411, 151)	'店'	2515
2447	(12011, 56)	' 2018'	2516
2448	(277, 275)	' cor'	2517
2449	(546, 174)	'修'	2518
2450	(32, 323)	' ve'	2520
2451	(231, 162)	b'\xe7\xa2'	2521
2452	(560, 188)	'眼'	2522
2453	(1310, 973)	' support'	2523
2454	(551, 112)	' dep'	2524
2455	(12041, 1328)	' different'	2525
2456	(109, 109)	'mm'	2526
2457	(233, 178)	b'\xe9\xb2'	2527
2458	(736, 83)	' US'	2528
2459	(285, 325)	' mid'	2529
2460	(452, 166)	'武'	2530
2461	(1990, 626)	b'\xe0\xa8\xbe\xe0\xa8'	2531
2462	(195, 161)	'á'	2532
2463	(298, 133)	'充'	2533
2464	(274, 282)	'iting'	2534
2465	(105, 1296)	'ivers'	2535
2466	(321, 292)	'ional'	2536
2467	(402, 174)	'差'	2537
2468	(460, 335)	'这一'	2538
2469	(359, 191)	'访'	2539
2470	(1504, 179)	'音'	2540
2471	(290, 476)	' dem'	2541
2472	(517, 271)	'来的'	2542
2473	(231, 134)	b'\xe7\x86'	2543
2474	(332, 112)	' rep'	2544
2475	(673, 1408)	' left'	2545
2476	(99, 265)	'con'	2546
2477	(579, 12062)	' already'	2547
2478	(312, 164)	'室'	2548
2479	(993, 129)	'ు'	2549
2480	(713, 159)	'跟'	2550
2481	(52, 48)	'40'	2551
2482	(336, 134)	'细'	2552
2483	(1620, 133)	'病'	2553
2484	(506, 167)	'剧'	2554
2485	(272, 100)	'oud'	2556
2486	(696, 1291)	'比较'	2557
2487	(374, 633)	'unity'	2558
2488	(395, 335)	'了一'	2559
2489	(814, 101)	' inte'	2560
2490	(769, 271)	'好的'	2561
2491	(435, 104)	' Ph'	2562
2492	(721, 892)	'球队'	2563
2493	(376, 108)	' Cl'	2564
2494	(32, 196)	b' \xc4'	2565
2495	(432, 1106)	'cept'	2566
2496	(322, 130)	'ं'	2567
2497	(307, 578)	'ically'	2568
2498	(2287, 904)	'虽然'	2569
2499	(753, 1072)	' getting'	2570
2500	(280, 109)	'ism'	2571
2501	(521, 139)	'压'	2572
2502	(2023, 2109)	' business'	2573
2503	(515, 738)	'能力'	2574
2504	(947, 32)	'\xa0 '	2576
2505	(50, 51)	'23'	2577
2506	(116, 286)	'ted'	2578
2507	(108, 282)	'ling'	2579
2508	(537, 662)	'日本'	2580
2509	(880, 1137)	'第二'	2581
2510	(69, 82)	'ER'	2582
2511	(332, 320)	' rest'	2583
2512	(552, 1372)	'要求'	2584
2513	(732, 154)	'晚'	2586
2514	(399, 490)	'大家'	2587
2515	(332, 102)	' ref'	2588
2516	(869, 686)	' someone'	2589
2517	(885, 180)	'破'	2590
2518	(390, 327)	' May'	2591
2519	(539, 114)	' Gr'	2592
2520	(315, 1719)	' games'	2593
2521	(281, 417)	' fil'	2594
2522	(1797, 563)	b'\xe0\xa6\xbe\xe0\xa6'	2596
2523	(1775, 1585)	'希望'	2597
2524	(328, 154)	'尚'	2598
2525	(283, 1799)	' public'	2599
2526	(195, 167)	'ç'	2600
2527	(106, 693)	'ject'	2601
2528	(73, 78)	'IN'	2602
2529	(464, 423)	' 200'	2603
2530	(612, 111)	' Jo'	2604
2531	(812, 1196)	'关注'	2606
2532	(927, 101)	'ize'	2607
2533	(389, 844)	'中心'	2608
2534	(2313, 128)	'激'	2609
2535	(257, 382)	' air'	2610
2536	(371, 145)	'村'	2611
2537	(1393, 1871)	'教育'	2612
2538	(414, 164)	'护'	2613
2539	(664, 116)	' unt'	2614
2540	(385, 503)	'不会'	2615
2541	(1351, 1351)	'——'	2616
2542	(747, 177)	'න'	2617
2543	(514, 287)	' near'	2618
2544	(1388, 687)	' police'	2619
2545	(32, 81)	' Q'	2620
2546	(292, 102)	'alf'	2621
2547	(290, 523)	' del'	2622
2548	(1574, 12070)	'包括'	2623
2549	(404, 134)	'密'	2624
2550	(299, 1364)	' inform'	2626
2551	(614, 114)	'istr'	2627
2552	(283, 287)	' par'	2628
2553	(734, 377)	'还有'	2629
2554	(230, 190)	b'\xe6\xbe'	2630
2555	(1198, 145)	'黑'	2631
2556	(863, 167)	'紧'	2632
2557	(121, 101)	'ye'	2633
2558	(415, 424)	' without'	2634
2559	(766, 1817)	'品牌'	2636
2560	(375, 115)	' As'	2638
2561	(1007, 1413)	'交易'	2639
2562	(231, 145)	b'\xe7\x91'	2640
2563	(1530, 1586)	'销售'	2641
2564	(1496, 1536)	'技术'	2643
2565	(470, 53)	' 15'	2644
2566	(114, 292)	'ral'	2645
2567	(299, 102)	' inf'	2646
2568	(281, 1238)	' full'	2647
2569	(774, 166)	'焦'	2648
2570	(342, 381)	' ever'	2649
2571	(12028, 282)	' including'	2650
2572	(1472, 172)	'独'	2651
2573	(2248, 567)	b'\xe0\xb0\xbe\xe0\xb0'	2652
2574	(1378, 129)	'岁'	2653
2575	(280, 286)	'ised'	2654
2576	(314, 168)	'昨'	2655
2577	(283, 1535)	' poss'	2656
2578	(1849, 828)	' country'	2657
2579	(2489, 1689)	' interest'	2658
2580	(1562, 150)	'湖'	2659
2581	(99, 99)	'cc'	2660
2582	(544, 145)	'频'	2661
2583	(622, 169)	'温'	2662
2584	(599, 700)	'ин'	2663
2585	(460, 1034)	'这种'	2664
2586	(117, 364)	'uro'	2665
2587	(2171, 801)	' Monday'	2666
2588	(322, 164)	'त'	2667
2589	(230, 166)	b'\xe6\xa6'	2668
2590	(281, 287)	' far'	2669
2591	(313, 609)	' night'	2670
2592	(277, 263)	' cre'	2671
2593	(706, 700)	'ен'	2672
2594	(427, 271)	'上的'	2673
2595	(276, 263)	' bre'	2674
2596	(505, 170)	' ت'	2675
2597	(785, 165)	'略'	2677
2598	(563, 191)	'ি'	2678
2599	(57, 48)	'90'	2679
2600	(985, 176)	'声'	2680
2601	(335, 1370)	'一直'	2681
2602	(604, 2094)	'新浪'	2682
2603	(864, 573)	'更多'	2683
2604	(467, 189)	' н'	2684
2605	(101, 347)	'ead'	2685
2606	(350, 137)	'义'	2686
2607	(283, 478)	' pri'	2687
2608	(2357, 146)	'媒'	2688
2609	(371, 190)	'松'	2689
2610	(452, 187)	'死'	2690
2611	(105, 398)	'ike'	2691
2612	(348, 150)	'卖'	2692
2613	(474, 165)	'拥'	2693
2614	(78, 111)	'No'	2694
2615	(849, 319)	' comple'	2695
2616	(65, 84)	'AT'	2696
2617	(342, 1754)	' elect'	2697
2618	(621, 164)	'群'	2698
2619	(533, 286)	'osed'	2699
2620	(325, 267)	'ider'	2700
2621	(1577, 515)	'功能'	2701
2622	(673, 623)	' least'	2702
2623	(319, 121)	'ley'	2703
2624	(12008, 128)	'简'	2704
2625	(516, 330)	'ately'	2705
2626	(467, 180)	' д'	2706
2627	(285, 12057)	' money'	2707
2628	(841, 48)	' 30'	2708
2629	(329, 111)	'oto'	2709
2630	(455, 170)	'纪'	2710
2631	(396, 978)	'人员'	2711
2632	(335, 764)	'一定'	2712
2633	(256, 858)	' tell'	2713
2634	(264, 274)	' sit'	2714
2635	(353, 259)	' She'	2715
2636	(416, 108)	' Bl'	2716
2637	(281, 998)	' free'	2717
2638	(333, 321)	'ention'	2718
2639	(429, 172)	'ာ'	2719
2640	(549, 282)	' doing'	2720
2641	(489, 1063)	' job'	2721
2642	(556, 2338)	' probably'	2722
2643	(105, 105)	'ii'	2723
2644	(50, 50)	'22'	2724
2645	(508, 278)	' seen'	2725
2646	(513, 151)	'志'	2726
2647	(1532, 1107)	'服务'	2727
2648	(89, 1902)	'Yeah'	2728
2649	(32, 218)	b' \xda'	2730
2650	(511, 99)	' conc'	2731
2651	(119, 327)	'way'	2732
2652	(467, 178)	' в'	2733
2653	(426, 271)	'年的'	2734
2654	(387, 174)	'微'	2735
2655	(474, 133)	'担'	2736
2656	(1406, 327)	' away'	2737
2657	(387, 133)	'待'	2738
2658	(290, 853)	' days'	2739
2659	(367, 173)	'席'	2740
2660	(336, 157)	'绝'	2741
2661	(566, 185)	'油'	2742
2662	(1246, 550)	'专业'	2743
2663	(891, 658)	'万元'	2744
2664	(756, 186)	'艺'	2745
2665	(1760, 503)	'社会'	2746
2666	(382, 108)	'irl'	2747
2667	(98, 618)	'ball'	2748
2668	(501, 274)	' shit'	2749
2669	(427, 1054)	'上海'	2750
2670	(566, 179)	'河'	2751
2671	(285, 270)	' mat'	2752
2672	(260, 165)	'严'	2753
2673	(46, 53)	'.5'	2754
2674	(726, 162)	'换'	2755
2675	(232, 146)	b'\xe8\x92'	2756
2676	(893, 671)	' enough'	2757
2677	(617, 1015)	'方式'	2758
2678	(1578, 129)	'威'	2759
2679	(470, 50)	' 12'	2760
2680	(256, 1462)	' turn'	2761
2681	(354, 730)	" isn't"	2762
2682	(473, 524)	'ights'	2763
2683	(304, 614)	' list'	2764
2684	(69, 83)	'ES'	2765
2685	(83, 116)	'St'	2766
2686	(322, 178)	'ल'	2767
2687	(353, 111)	' So'	2768
2688	(703, 135)	'汇'	2769
2689	(348, 136)	'午'	2770
2690	(32, 284)	' es'	2771
2691	(739, 115)	'ounds'	2772
2692	(770, 656)	'合作'	2773
2693	(287, 114)	'arr'	2774
2694	(298, 173)	'六'	2775
2695	(450, 450)	'....'	2776
2696	(392, 165)	'补'	2777
2697	(65, 850)	'And'	2778
2698	(348, 177)	'危'	2779
2699	(654, 156)	'镜'	2780
2700	(934, 108)	' expl'	2781
2701	(97, 588)	'app'	2783
2702	(675, 158)	'竞'	2784
2703	(364, 112)	'rop'	2785
2704	(1968, 1455)	' family'	2786
2705	(712, 903)	'进入'	2787
2706	(392, 163)	'衣'	2788
2707	(1127, 333)	' recent'	2789
2708	(111, 347)	'oad'	2790
2709	(698, 190)	' پ'	2791
2710	(229, 152)	b'\xe5\x98'	2792
2711	(1567, 173)	'搭'	2793
2712	(456, 284)	'ages'	2794
2713	(118, 12031)	'view'	2795
2714	(1380, 1245)	' build'	2796
2715	(384, 502)	' stand'	2797
2716	(334, 173)	'园'	2798
2717	(380, 366)	" he's"	2799
2718	(315, 1991)	' gener'	2800
2719	(105, 722)	'ired'	2801
2720	(386, 185)	'批'	2802
2721	(627, 115)	'ards'	2803
2722	(438, 136)	'版'	2804
2723	(281, 906)	' fact'	2805
2724	(99, 111)	'co'	2806
2725	(543, 280)	' vis'	2807
2726	(886, 1788)	' anything'	2808
2727	(491, 146)	'青'	2809
2728	(554, 12075)	'分析'	2810
2729	(593, 287)	' char'	2811
2730	(1587, 1937)	'拍摄'	2812
2731	(353, 112)	' Sp'	2813
2732	(232, 147)	b'\xe8\x93'	2814
2733	(105, 333)	'ient'	2815
2734	(1670, 811)	' looking'	2816
2735	(899, 857)	'因此'	2817
2736	(342, 300)	' eas'	2818
2737	(1634, 173)	'班'	2819
2738	(551, 12063)	' develop'	2820
2739	(402, 166)	'左'	2821
2740	(308, 152)	'刘'	2822
2741	(342, 996)	' each'	2823
2742	(268, 265)	' won'	2824
2743	(390, 287)	' Mar'	2825
2744	(821, 116)	' art'	2826
2745	(385, 515)	'不能'	2827
2746	(376, 273)	' Can'	2828
2747	(32, 483)	' est'	2830
2748	(12005, 165)	'健'	2831
2749	(304, 571)	' less'	2832
2750	(1247, 594)	'城市'	2833
2751	(1023, 115)	' news'	2834
2752	(1080, 128)	'ੀ'	2835
2753	(438, 155)	'牛'	2836
2754	(418, 804)	'国内'	2837
2755	(395, 1266)	'了解'	2838
2756	(353, 374)	' Sun'	2839
2757	(445, 187)	'移'	2840
2758	(316, 172)	'听'	2841
2759	(45, 98)	'-b'	2842
2760	(1380, 121)	' buy'	2843
2761	(935, 762)	'ст'	2844
2762	(394, 148)	'赔'	2845
2763	(296, 545)	' hour'	2846
2764	(97, 750)	'aff'	2847
2765	(397, 115)	'urs'	2848
2766	(435, 114)	' Pr'	2849
2767	(217, 130)	'ق'	2850
2768	(332, 1264)	' reason'	2851
2769	(793, 377)	'所有'	2852
2770	(583, 157)	'ም'	2853
2771	(469, 153)	'น'	2854
2772	(50, 54)	'26'	2855
2773	(506, 175)	'副'	2856
2774	(463, 157)	'思'	2857
2775	(283, 533)	' pos'	2858
2776	(12000, 128)	'\u3000'	2859
2777	(283, 97)	' pa'	2860
2778	(1436, 48)	'2010'	2861
2779	(276, 300)	' bas'	2862
2780	(838, 153)	'错'	2863
2781	(1684, 351)	'gram'	2864
2782	(2234, 1326)	'继续'	2865
2783	(919, 1379)	'赛季'	2866
2784	(367, 174)	'帮'	2868
2785	(1071, 1395)	'系统'	2869
2786	(289, 168)	'木'	2870
2787	(264, 635)	' soc'	2871
2788	(562, 121)	'They'	2872
2789	(873, 178)	'露'	2873
2790	(339, 187)	'画'	2874
2791	(118, 1237)	'vious'	2875
2792	(280, 410)	'ister'	2876
2793	(98, 115)	'bs'	2877
2794	(357, 137)	'诉'	2880
2795	(285, 278)	' men'	2881
2796	(295, 179)	'右'	2882
2797	(897, 959)	'报道'	2883
2798	(628, 141)	'倍'	2884
2799	(685, 1714)	'而且'	2885
2800	(446, 184)	'核'	2886
2801	(316, 131)	'吃'	2887
2802	(50, 56)	'28'	2888
2803	(515, 2116)	'能够'	2890
2804	(369, 321)	'ution'	2891
2805	(907, 329)	' prot'	2892
2806	(559, 2037)	'金融'	2893
2807	(1514, 128)	'检'	2894
2808	(110, 571)	'ness'	2895
2809	(217, 129)	'ف'	2896
2810	(263, 116)	'ret'	2897
2811	(727, 418)	'全国'	2898
2812	(402, 168)	'巨'	2899
2813	(511, 100)	' cond'	2900
2814	(32, 762)	' т'	2902
2815	(799, 143)	'苏'	2903
2816	(822, 812)	'相关'	2904
2817	(297, 164)	'令'	2905
2818	(743, 151)	'块'	2906
2819	(715, 136)	'谈'	2907
2820	(296, 274)	' hit'	2908
2821	(673, 1233)	' level'	2909
2822	(357, 134)	'识'	2910
2823	(285, 331)	' met'	2911
2824	(264, 117)	' su'	2912
2825	(575, 333)	'resent'	2913
2826	(733, 559)	'资金'	2914
2827	(285, 417)	' mil'	2916
2828	(103, 267)	'ger'	2917
2829	(1511, 286)	' called'	2918
2830	(268, 1470)	' watch'	2919
2831	(384, 487)	' stop'	2920
2832	(111, 398)	'oke'	2921
2833	(787, 140)	'背'	2922
2834	(386, 191)	'承'	2923
2835	(1371, 145)	'疑'	2924
2836	(505, 179)	' س'	2925
2837	(229, 179)	b'\xe5\xb3'	2926
2838	(55, 48)	'70'	2927
2839	(927, 286)	'ized'	2928
2840	(57, 57)	'99'	2929
2841	(353, 99)	' Sc'	2930
2842	(790, 118)	' adv'	2931
2843	(195, 173)	'í'	2932
2844	(422, 286)	'used'	2933
2845	(2613, 377)	'拥有'	2934
2846	(866, 101)	' que'	2935
2847	(332, 100)	' red'	2936
2848	(292, 100)	'ald'	2937
2849	(338, 178)	'干'	2938
2850	(1082, 754)	'增加'	2939
2851	(412, 143)	'透'	2940
2852	(287, 410)	'arter'	2941
2853	(383, 128)	'净'	2942
2854	(32, 48)	' 0'	2943
2855	(285, 1853)	' makes'	2944
2856	(1562, 190)	'湾'	2945
2857	(277, 1041)	' case'	2946
2858	(2539, 417)	' until'	2947
2859	(285, 1491)	' making'	2948
2860	(452, 162)	'止'	2949
2861	(562, 263)	'There'	2950
2862	(216, 185)	'ع'	2952
2863	(624, 824)	'ار'	2953
2864	(608, 273)	' plan'	2954
2865	(256, 12032)	' times'	2955
2866	(943, 1904)	'计划'	2956
2867	(695, 1880)	'机构'	2957
2868	(421, 183)	'贷'	2958
2869	(72, 344)	'How'	2959
2870	(392, 128)	'血'	2960
2871	(462, 101)	' De'	2961
2872	(263, 278)	'reen'	2962
2873	(264, 119)	' sw'	2963
2874	(902, 2051)	'房地产'	2964
2875	(619, 319)	' able'	2965
2876	(409, 156)	'农'	2966
2877	(340, 143)	'族'	2967
2878	(500, 872)	'ал'	2968
2879	(276, 364)	' bro'	2969
2880	(1161, 107)	' took'	2970
2881	(99, 284)	'ces'	2971
2882	(513, 181)	'念'	2972
2883	(1189, 282)	' saying'	2973
2884	(12009, 311)	" I'll"	2974
2885	(694, 143)	'ා'	2975
2886	(675, 175)	'端'	2976
2887	(121, 109)	'ym'	2978
2888	(12005, 156)	'停'	2979
2889	(1559, 1559)	'    '	2980
2890	(310, 189)	'追'	2981
2891	(551, 292)	' deal'	2982
2892	(561, 271)	'他的'	2983
2893	(576, 1483)	'学校'	2985
2894	(2608, 782)	'媒体'	2986
2895	(851, 158)	'飞'	2987
2896	(636, 331)	' meet'	2988
2897	(304, 1384)	' later'	2989
2898	(277, 1307)	' camp'	2990
2899	(348, 131)	'千'	2991
2900	(318, 153)	'余'	2992
2901	(671, 116)	'ought'	2993
2902	(345, 104)	' beh'	2994
2903	(1866, 992)	'根据'	2995
2904	(674, 100)	'ured'	2996
2905	(42, 42)	'**'	2997
2906	(12022, 136)	'่'	2998
2907	(1747, 529)	'ertain'	2999
2908	(401, 104)	'ech'	3000
2909	(488, 2147)	' North'	3001
2910	(747, 186)	'ය'	3002
2911	(1085, 1136)	'应该'	3003
2912	(380, 2127)	' health'	3004
2913	(273, 105)	'ani'	3005
2914	(268, 333)	' went'	3006
2915	(542, 531)	'发生'	3007
2916	(422, 104)	'ush'	3008
2917	(195, 179)	'ó'	3009
2918	(586, 184)	' स'	3010
2919	(283, 623)	' past'	3011
2920	(12034, 831)	' official'	3012
2921	(12071, 111)	' video'	3013
2922	(277, 672)	' came'	3014
2923	(638, 114)	' Or'	3015
2924	(583, 173)	'ር'	3016
2925	(2145, 287)	' clear'	3018
2926	(435, 364)	' Pro'	3020
2927	(425, 1533)	' having'	3021
2928	(12088, 1463)	'朋友'	3022
2929	(69, 68)	'ED'	3023
2930	(279, 174)	'亮'	3024
2931	(641, 190)	'派'	3025
2932	(1663, 282)	' trying'	3026
2933	(232, 151)	b'\xe8\x97'	3027
2934	(2259, 2095)	'香港'	3028
2935	(397, 121)	'ury'	3029
2936	(116, 278)	'ten'	3030
2937	(2063, 1328)	' current'	3031
2938	(281, 352)	' fac'	3032
2939	(1038, 12092)	b'\xe0\xab\x8d\xe0\xaa'	3033
2940	(111, 265)	'oon'	3034
2941	(285, 1066)	' move'	3035
2942	(339, 154)	'甚'	3036
2943	(298, 141)	'免'	3037
2944	(97, 372)	'aim'	3038
2945	(908, 1274)	'特别'	3039
2946	(116, 259)	'the'	3040
2947	(500, 762)	'ат'	3041
2948	(103, 121)	'gy'	3042
2949	(437, 133)	'故'	3043
2950	(320, 114)	'str'	3044
2951	(695, 503)	'机会'	3045
2952	(283, 1696)	' power'	3046
2953	(264, 448)	' sol'	3047
2954	(786, 134)	'姆'	3048
2955	(39, 100)	"'d"	3049
2956	(812, 1071)	'关系'	3050
2957	(706, 740)	'ер'	3051
2958	(260, 180)	'临'	3052
2959	(494, 759)	' Rep'	3053
2960	(233, 186)	b'\xe9\xba'	3054
2961	(313, 672)	' name'	3055
2962	(99, 1273)	'ched'	3056
2963	(260, 189)	'丽'	3057
2964	(274, 482)	'ither'	3058
2965	(375, 109)	' Am'	3059
2966	(2550, 440)	' information'	3060
2967	(1156, 150)	'编'	3061
2968	(50, 49)	'21'	3062
2969	(290, 686)	' done'	3063
2970	(12077, 563)	b'\xe0\xa7\x8d\xe0\xa6'	3064
2971	(99, 108)	'cl'	3065
2972	(467, 190)	' о'	3066
2973	(2314, 888)	' number'	3067
2974	(1619, 121)	'ency'	3068
2975	(574, 190)	'签'	3069
2976	(65, 115)	'As'	3070
2977	(456, 809)	'ague'	3071
2978	(110, 116)	'nt'	3072
2979	(435, 1796)	' President'	3073
2980	(1216, 830)	'指数'	3074
2981	(374, 101)	'une'	3075
2982	(50, 55)	'27'	3076
2983	(357, 187)	'读'	3077
2984	(651, 547)	'主场'	3078
2985	(209, 140)	'ь'	3079
2986	(890, 191)	'穿'	3080
2987	(2262, 577)	b'\xe0\xaf\x81\xe0\xae'	3081
2988	(332, 432)	' rece'	3082
2989	(393, 159)	'盟'	3083
2990	(613, 191)	'愿'	3084
2991	(362, 188)	'似'	3085
2992	(1038, 128)	'ી'	3086
2993	(277, 639)	' cost'	3087
2994	(2554, 179)	'澳'	3088
2995	(792, 183)	'雷'	3089
2996	(488, 111)	' No'	3090
2997	(97, 102)	'af'	3091
2998	(1707, 275)	'ajor'	3092
2999	(65, 78)	'AN'	3093
3000	(283, 487)	' pop'	3094
3001	(467, 188)	' м'	3095
3002	(990, 1120)	'建设'	3096
3003	(529, 286)	'ained'	3097
3004	(281, 634)	' five'	3098
3005	(329, 115)	'ots'	3099
3006	(913, 282)	' using'	3100
3007	(271, 2181)	'的时候'	3101
3008	(421, 165)	'败'	3102
3009	(693, 321)	'ection'	3104
3010	(659, 584)	'最后'	3105
3011	(626, 191)	'ਿ'	3106
3012	(312, 163)	'宣'	3108
3013	(312, 161)	'审'	3109
3014	(458, 396)	'个人'	3110
3015	(12011, 54)	' 2016'	3111
3016	(1168, 175)	'्य'	3112
3017	(971, 114)	' Chr'	3113
3018	(698, 134)	' ن'	3114
3019	(1201, 132)	'善'	3115
3020	(83, 111)	'So'	3116
3021	(32, 331)	' et'	3117
3022	(112, 115)	'ps'	3118
3023	(583, 141)	'ል'	3119
3024	(298, 184)	'典'	3120
3025	(308, 164)	'判'	3121
3026	(461, 344)	' How'	3122
3027	(277, 101)	' ce'	3123
3028	(265, 284)	'ones'	3124
3029	(374, 103)	'ung'	3125
3030	(715, 162)	'谢'	3126
3031	(923, 973)	' import'	3127
3032	(268, 292)	' wal'	3128
3033	(115, 728)	'side'	3129
3034	(312, 136)	'守'	3130
3035	(258, 292)	'inal'	3131
3036	(416, 101)	' Be'	3132
3037	(1164, 121)	' guy'	3133
3038	(258, 116)	'int'	3134
3039	(316, 167)	'吧'	3135
3040	(314, 165)	'春'	3136
3041	(967, 377)	'只有'	3137
3042	(108, 267)	'ler'	3139
3043	(285, 529)	' main'	3140
3044	(1080, 135)	'ੇ'	3141
3045	(386, 152)	'托'	3142
3046	(1151, 493)	'达到'	3143
3047	(45, 1224)	'-old'	3144
3048	(982, 56)	'2008'	3145
3049	(727, 721)	'全球'	3146
3050	(468, 807)	' What'	3147
3051	(1383, 630)	' attack'	3148
3052	(104, 275)	'hor'	3149
3053	(264, 728)	' side'	3150
3054	(466, 517)	'以来'	3151
3055	(934, 2341)	' experi'	3152
3056	(287, 282)	'aring'	3153
3057	(1854, 115)	' months'	3154
3058	(291, 801)	' today'	3155
3059	(105, 381)	'iver'	3156
3060	(2193, 567)	b'\xe0\xb0\xbf\xe0\xb0'	3157
3061	(612, 492)	' Just'	3158
3062	(331, 121)	'ety'	3159
3063	(396, 1344)	'人士'	3160
3064	(953, 457)	' players'	3161
3065	(268, 287)	' war'	3162
3066	(605, 282)	'ending'	3163
3067	(1099, 172)	'般'	3164
3068	(390, 99)	' Mc'	3165
3069	(784, 111)	' ago'	3167
3070	(543, 292)	' val'	3168
3071	(460, 349)	'这是'	3169
3072	(256, 121)	' ty'	3170
3073	(390, 258)	' Min'	3171
3074	(1461, 959)	'知道'	3172
3075	(350, 142)	'乎'	3173
3076	(1484, 321)	'uction'	3174
3077	(704, 1176)	'部门'	3175
3078	(326, 331)	' yet'	3176
3079	(419, 395)	'为了'	3177
3080	(45, 102)	'-f'	3178
3081	(296, 2546)	' half'	3180
3082	(277, 633)	' city'	3181
3083	(507, 275)	' For'	3182
3084	(325, 284)	'ides'	3184
3085	(104, 351)	'ham'	3185
3086	(556, 2781)	' program'	3186
3087	(355, 12094)	' Tuesday'	3187
3088	(1398, 649)	'超过'	3188
3089	(1341, 146)	'勒'	3189
3090	(711, 335)	'之一'	3190
3091	(1338, 1352)	'消息'	3192
3092	(348, 176)	'印'	3194
3093	(269, 174)	'皮'	3195
3094	(480, 179)	'味'	3196
3095	(668, 662)	'基本'	3197
3096	(359, 178)	'讲'	3199
3097	(280, 1273)	'ished'	3200
3098	(529, 115)	'ains'	3201
3099	(593, 1778)	' change'	3202
3100	(73, 83)	'IS'	3203
3101	(309, 112)	'omp'	3204
3102	(12085, 429)	b'\xe1\x80\xaf\xe1\x80'	3205
3103	(1388, 274)	' polit'	3206
3104	(12046, 278)	' women'	3207
3105	(256, 483)	' test'	3208
3106	(529, 282)	'aining'	3209
3107	(604, 271)	'新的'	3210
3108	(1780, 366)	"That's"	3211
3109	(336, 131)	'练'	3212
3110	(447, 134)	'陆'	3213
3111	(1342, 286)	' added'	3214
3112	(375, 100)	' Ad'	3215
3113	(1674, 661)	'采用'	3216
3114	(298, 154)	'党'	3217
3115	(1117, 159)	'钟'	3218
3116	(377, 812)	'有关'	3219
3117	(264, 282)	' sing'	3221
3118	(263, 351)	'ream'	3222
3119	(130, 567)	b'\x82\xe0\xb0'	3223
3120	(98, 121)	'by'	3224
3121	(283, 1796)	' president'	3225
3122	(470, 52)	' 14'	3226
3123	(747, 187)	'ර'	3227
3124	(499, 141)	'母'	3228
3125	(100, 115)	'ds'	3230
3126	(478, 284)	'ries'	3231
3127	(2336, 1637)	'申请'	3232
3128	(304, 752)	' line'	3233
3129	(299, 1629)	' intern'	3234
3130	(353, 101)	' Se'	3235
3131	(517, 744)	'来说'	3236
3132	(433, 97)	' ra'	3237
3133	(411, 173)	'庭'	3238
3134	(12068, 109)	' problem'	3239
3135	(209, 143)	'я'	3240
3136	(360, 1075)	' former'	3241
3137	(1964, 2088)	'历史'	3242
3138	(461, 473)	' High'	3243
3139	(610, 263)	' There'	3244
3140	(1173, 1343)	'调整'	3245
3141	(285, 422)	' mus'	3246
3142	(435, 108)	' Pl'	3247
3143	(1670, 678)	' looks'	3248
3144	(387, 139)	'律'	3249
3145	(593, 983)	' chance'	3250
3146	(624, 920)	'ال'	3251
3147	(1221, 12054)	' according'	3252
3148	(981, 129)	'铁'	3253
3149	(1195, 121)	'ney'	3254
3150	(325, 286)	'ided'	3255
3151	(1094, 760)	'今天'	3256
3152	(2235, 154)	'婚'	3257
3153	(12026, 524)	' points'	3258
3154	(290, 351)	' dam'	3260
3155	(1179, 1165)	'ploy'	3261
3156	(427, 1809)	'上涨'	3262
3157	(109, 639)	'most'	3263
3158	(2476, 309)	'conom'	3264
3159	(669, 101)	'ude'	3265
3160	(698, 132)	' ل'	3266
3161	(585, 100)	' Ed'	3267
3162	(536, 901)	'地区'	3268
3163	(1802, 663)	'觉得'	3269
3164	(740, 645)	'ро'	3270
3165	(281, 937)	' fire'	3271
3166	(111, 275)	'oor'	3272
3167	(268, 745)	' wind'	3273
3168	(582, 323)	' live'	3274
3169	(216, 169)	'ة'	3275
3170	(320, 267)	'ster'	3276
3171	(12016, 187)	'登'	3278
3172	(497, 98)	'umb'	3279
3173	(2494, 145)	' đ'	3280
3174	(216, 180)	'ش'	3281
3175	(543, 105)	' vi'	3282
3176	(1966, 368)	' investig'	3283
3177	(521, 191)	'县'	3284
3178	(1667, 618)	' small'	3285
3179	(237, 149)	b'\xed\x95'	3286
3180	(681, 811)	' working'	3287
3181	(285, 492)	' must'	3288
3182	(117, 286)	'ued'	3289
3183	(1522, 1297)	'优势'	3290
3184	(441, 325)	' kid'	3291
3185	(459, 187)	'闻'	3292
3186	(1030, 965)	'文化'	3293
3187	(12006, 188)	'礼'	3294
3188	(257, 750)	' aff'	3295
3189	(822, 695)	'相机'	3296
3190	(322, 184)	'स'	3297
3191	(2394, 3047)	'year-old'	3298
3192	(285, 275)	' mor'	3299
3193	(413, 183)	b' \xe0\xb7'	3300
3194	(301, 143)	'夏'	3301
3195	(1727, 333)	' event'	3302
3196	(1113, 418)	'英国'	3303
3197	(264, 735)	' suc'	3305
3198	(296, 1224)	' hold'	3307
3199	(409, 178)	'冲'	3308
3200	(66, 65)	'BA'	3309
3201	(470, 56)	' 18'	3310
3202	(2639, 429)	b'\xe1\x80\xac\xe1\x80'	3311
3203	(2310, 323)	' believe'	3312
3204	(281, 475)	' fore'	3313
3205	(209, 135)	'ч'	3314
3206	(298, 187)	'养'	3315
3207	(375, 311)	' All'	3316
3208	(271, 399)	'的大'	3317
3209	(470, 49)	' 11'	3318
3210	(1048, 426)	'去年'	3319
3211	(2153, 168)	'储'	3320
3212	(209, 136)	'ш'	3321
3213	(278, 101)	'ene'	3322
3214	(310, 183)	'迷'	3323
3215	(2397, 777)	'孩子'	3324
3216	(652, 135)	'遇'	3325
3217	(441, 117)	' ku'	3326
3218	(1272, 2008)	'风险'	3327
3219	(409, 160)	'冠'	3328
3220	(260, 176)	'丰'	3329
3221	(1156, 186)	'缺'	3330
3222	(65, 80)	'AP'	3331
3223	(611, 737)	'经理'	3332
3224	(1217, 676)	'或者'	3333
3225	(316, 184)	'吸'	3334
3226	(469, 163)	'ร'	3335
3227	(2942, 1064)	'甚至'	3337
3228	(263, 119)	'rew'	3339
3229	(371, 128)	'杀'	3340
3230	(184, 429)	b'\xb8\xe1\x80'	3341
3231	(1131, 377)	'具有'	3342
3232	(592, 1183)	'公布'	3343
3233	(1469, 517)	'未来'	3344
3234	(1514, 174)	'森'	3345
3235	(32, 1114)	' ọ'	3346
3236	(32, 120)	' x'	3347
3237	(936, 598)	'提高'	3348
3238	(45, 100)	'-d'	3349
3239	(907, 309)	' prom'	3350
3240	(694, 128)	'ව'	3351
3241	(335, 1010)	'一起'	3352
3242	(469, 173)	'อ'	3353
3243	(437, 145)	'救'	3354
3244	(116, 105)	'ti'	3356
3245	(1258, 175)	'药'	3357
3246	(1242, 145)	'虑'	3358
3247	(467, 184)	' и'	3359
3248	(409, 153)	'写'	3360
3249	(404, 159)	'察'	3361
3250	(312, 179)	'害'	3362
3251	(789, 187)	'须'	3363
3252	(353, 12052)	' South'	3364
3253	(1121, 1840)	'收益'	3365
3254	(1795, 176)	'饰'	3366
3255	(588, 286)	'pped'	3367
3256	(1126, 48)	' 50'	3368
3257	(285, 309)	' mom'	3370
3258	(216, 178)	'ز'	3371
3259	(336, 135)	'织'	3372
3260	(1286, 1676)	'规模'	3373
3261	(79, 83)	'OS'	3374
3262	(2322, 12103)	'介绍'	3375
3263	(756, 175)	'良'	3376
3264	(288, 1106)	' opt'	3377
3265	(1079, 1498)	'股票'	3378
3266	(385, 2032)	'不断'	3379
3267	(32, 195)	b' \xc3'	3380
3268	(232, 150)	b'\xe8\x96'	3381
3269	(73, 84)	'IT'	3382
3270	(299, 106)	' inj'	3383
3271	(918, 1364)	' perform'	3384
3272	(1104, 110)	'ın'	3385
3273	(258, 99)	'inc'	3386
3274	(346, 432)	' once'	3388
3275	(109, 97)	'ma'	3389
3276	(2061, 148)	'魔'	3390
3277	(53, 423)	'500'	3391
3278	(103, 258)	'gin'	3392
3279	(270, 275)	'ator'	3393
3280	(445, 128)	'秀'	3394
3281	(12005, 135)	'假'	3395
3282	(105, 275)	'ior'	3396
3283	(1304, 676)	'投资者'	3397
3284	(297, 147)	'仓'	3398
3285	(314, 160)	'映'	3399
3286	(767, 284)	'ives'	3400
3287	(1303, 531)	'先生'	3401
3288	(1052, 772)	'水平'	3402
3289	(116, 97)	'ta'	3403
3290	(264, 292)	' sal'	3404
3291	(283, 270)	' pat'	3405
3292	(663, 493)	'得到'	3406
3293	(32, 234)	b' \xea'	3407
3294	(386, 167)	'执'	3408
3295	(387, 129)	'征'	3409
3296	(322, 174)	'म'	3410
3297	(285, 2998)	' major'	3411
3298	(1200, 796)	'代表'	3412
3299	(856, 165)	'ብ'	3413
3300	(743, 154)	'坚'	3414
3301	(1223, 1158)	'那么'	3415
3302	(414, 152)	'折'	3416
3303	(285, 287)	' mar'	3417
3304	(12079, 97)	' idea'	3418
3305	(848, 97)	'aha'	3419
3306	(721, 978)	'球员'	3420
3307	(277, 97)	' ca'	3421
3308	(275, 524)	'orts'	3422
3309	(523, 115)	'els'	3423
3310	(713, 157)	'距'	3424
3311	(554, 1274)	'分别'	3425
3312	(837, 493)	'看到'	3427
3313	(392, 151)	'街'	3428
3314	(105, 106)	'ij'	3429
3315	(1640, 1664)	' United'	3430
3316	(350, 157)	'九'	3433
3317	(603, 168)	'ન'	3434
3318	(944, 134)	'爆'	3435
3319	(953, 282)	' playing'	3436
3320	(12105, 12111)	' Wednesday'	3437
3321	(1441, 12083)	' understand'	3438
3322	(108, 97)	'la'	3439
3323	(66, 67)	'BC'	3440
3324	(379, 184)	'學'	3441
3325	(768, 616)	'实现'	3442
3326	(65, 82)	'AR'	3443
3327	(646, 12020)	" they're"	3444
3328	(1071, 1965)	'系列'	3445
3329	(409, 183)	'冷'	3446
3330	(256, 12084)	' techn'	3447
3331	(508, 120)	' sex'	3448
3332	(1127, 1037)	' record'	3449
3333	(280, 282)	'ising'	3450
3334	(1579, 791)	'空间'	3451
3335	(111, 319)	'ole'	3452
3336	(12067, 321)	' question'	3453
3337	(288, 1262)	' oper'	3456
3338	(2598, 563)	b'\xe0\xa6\xbf\xe0\xa6'	3457
3339	(87, 858)	'Well'	3458
3340	(111, 750)	'off'	3459
3341	(79, 82)	'OR'	3460
3342	(268, 1384)	' water'	3461
3343	(654, 135)	'镇'	3463
3344	(12047, 101)	' hope'	3464
3345	(1379, 797)	'季度'	3466
3346	(384, 1320)	' story'	3467
3347	(289, 157)	'朝'	3468
3348	(2010, 378)	' else'	3469
3349	(467, 176)	' а'	3472
3350	(968, 344)	' grow'	3473
3351	(531, 690)	'生产'	3474
3352	(264, 333)	' sent'	3475
3353	(475, 100)	'ored'	3476
3354	(1083, 146)	'酒'	3477
3355	(12089, 476)	' system'	3478
3356	(1624, 258)	' defin'	3479
3357	(196, 159)	'ğ'	3480
3358	(826, 962)	' close'	3483
3359	(98, 97)	'ba'	3484
3360	(417, 105)	'ili'	3485
3361	(264, 1642)	' six'	3486
3362	(1886, 1462)	' return'	3487
3363	(596, 1537)	'月份'	3488
3364	(73, 71)	'IG'	3489
3365	(376, 2072)	' Comm'	3490
3366	(267, 282)	'ering'	3491
3367	(2530, 1652)	' John'	3492
3368	(332, 319)	' rele'	3493
3369	(51, 53)	'35'	3494
3370	(381, 868)	'verage'	3495
3371	(121, 97)	'ya'	3496
3372	(298, 171)	'八'	3497
3373	(1375, 658)	'欧元'	3498
3374	(991, 954)	'保持'	3499
3375	(574, 148)	'答'	3500
3376	(1035, 177)	'莱'	3501
3377	(332, 378)	' rese'	3502
3378	(480, 162)	'呢'	3503
3379	(1116, 364)	' appro'	3504
3380	(887, 1315)	'明显'	3505
3381	(883, 516)	' State'	3506
3382	(50, 57)	'29'	3507
3383	(388, 130)	'异'	3508
3384	(2562, 158)	'瑞'	3509
3385	(1728, 576)	'留学'	3510
3386	(1676, 1015)	'模式'	3511
3387	(235, 139)	b'\xeb\x8b'	3512
3388	(279, 145)	'云'	3513
3389	(371, 159)	'束'	3514
3390	(376, 265)	' Con'	3515
3391	(724, 768)	'其实'	3516
3392	(826, 1008)	' class'	3517
3393	(411, 134)	'庆'	3519
3394	(110, 286)	'ned'	3520
3395	(296, 497)	' hum'	3521
3396	(1375, 1983)	'欧洲'	3522
3397	(32, 88)	' X'	3523
3398	(874, 458)	'两个'	3524
3399	(599, 872)	'ил'	3525
3400	(641, 155)	'洛'	3526
3401	(642, 102)	'ief'	3527
3402	(111, 102)	'of'	3528
3403	(434, 730)	" wasn't"	3529
3404	(83, 259)	'She'	3530
3405	(509, 640)	' comment'	3531
3406	(274, 267)	'iter'	3532
3407	(586, 170)	' प'	3533
3408	(1786, 330)	' early'	3534
3409	(277, 492)	' cust'	3535
3410	(1279, 686)	' everyone'	3536
3411	(79, 110)	'On'	3538
3412	(232, 169)	b'\xe8\xa9'	3539
3413	(315, 2666)	' girl'	3540
3414	(1246, 490)	'专家'	3541
3415	(1839, 173)	'播'	3542
3416	(12055, 292)	' local'	3543
3417	(339, 178)	'甲'	3544
3418	(826, 2944)	' claim'	3545
3419	(351, 333)	'ament'	3546
3420	(2150, 121)	'ology'	3547
3421	(45, 99)	'-c'	3548
3422	(1261, 2856)	'台湾'	3549
3423	(2223, 158)	'語'	3550
3424	(281, 1369)	' fuck'	3551
3425	(357, 186)	'诺'	3553
3426	(486, 97)	' area'	3555
3427	(580, 101)	'que'	3556
3428	(507, 101)	' Fe'	3557
3429	(1716, 2200)	'环境'	3558
3430	(267, 121)	'ery'	3559
3431	(281, 945)	' face'	3560
3432	(1194, 1115)	'接受'	3561
3433	(2756, 801)	' Sunday'	3562
3434	(470, 51)	' 13'	3563
3435	(79, 104)	'Oh'	3564
3436	(1124, 500)	'да'	3565
3437	(280, 265)	'ison'	3567
3438	(310, 176)	'述'	3568
3439	(522, 181)	'阵'	3569
3440	(873, 135)	'震'	3570
3441	(349, 2368)	'是否'	3571
3442	(412, 128)	'退'	3572
3443	(279, 146)	'互'	3573
3444	(546, 131)	'促'	3574
3445	(907, 687)	' price'	3576
3446	(32, 113)	' q'	3577
3447	(975, 181)	'灵'	3578
3448	(328, 129)	'封'	3579
3449	(2400, 701)	' children'	3580
3450	(114, 906)	'ract'	3581
3451	(558, 147)	'输'	3582
3452	(322, 185)	'ह'	3583
3453	(484, 395)	'出了'	3584
3454	(1327, 1372)	'需求'	3585
3455	(466, 427)	'以上'	3586
3456	(714, 101)	'ode'	3587
3457	(374, 430)	'unch'	3588
3458	(659, 598)	'最高'	3589
3459	(79, 76)	'OL'	3590
3460	(444, 2033)	'ified'	3591
3461	(12009, 100)	" I'd"	3592
3462	(501, 1485)	' shoot'	3593
3463	(2732, 157)	'蓝'	3594
3464	(386, 169)	'扩'	3595
3465	(1588, 286)	' started'	3597
3466	(233, 134)	b'\xe9\x86'	3599
3467	(370, 1228)	' young'	3600
3468	(484, 271)	'出的'	3601
3469	(2465, 633)	'iversity'	3602
3470	(659, 1955)	'最终'	3603
3471	(711, 620)	'之前'	3604
3472	(384, 101)	' ste'	3605
3473	(590, 2026)	' organ'	3606
3474	(953, 286)	' played'	3607
3475	(1794, 356)	'存在'	3608
3476	(377, 1553)	'有效'	3609
3477	(1099, 170)	'航'	3610
3478	(297, 152)	'付'	3611
3479	(98, 1069)	'book'	3612
3480	(1316, 12115)	'推荐'	3613
3481	(355, 119)	' Tw'	3614
3482	(626, 176)	'ਰ'	3615
3483	(279, 171)	'享'	3616
3484	(67, 104)	'Ch'	3617
3485	(2123, 2360)	'喜欢'	3618
3486	(114, 647)	'rap'	3619
3487	(45, 48)	'-0'	3620
3488	(2739, 2796)	'左右'	3621
3489	(308, 186)	'刺'	3622
3490	(350, 133)	'久'	3623
3491	(960, 141)	'ው'	3624
3492	(316, 175)	'启'	3625
3493	(772, 1591)	'平均'	3626
3494	(470, 423)	' 100'	3628
3495	(1903, 12093)	' Friday'	3629
3496	(233, 185)	b'\xe9\xb9'	3630
3497	(114, 265)	'ron'	3631
3498	(287, 723)	'arge'	3632
3499	(1162, 1891)	'Thanks'	3633
3500	(256, 1681)	' tax'	3634
3501	(65, 108)	'Al'	3635
3502	(12123, 577)	b'\xe0\xae\xbe\xe0\xae'	3636
3503	(316, 171)	'含'	3638
3504	(52, 46)	'4.'	3640
3505	(45, 115)	'-s'	3641
3506	(1051, 1015)	'正式'	3642
3507	(747, 173)	'ත'	3643
3508	(3031, 601)	' important'	3644
3509	(360, 109)	' form'	3645
3510	(362, 166)	'伦'	3646
3511	(645, 1331)	'ов'	3647
3512	(335, 800)	'一次'	3648
3513	(52, 53)	'45'	3649
3514	(579, 741)	' along'	3650
3515	(816, 565)	'位于'	3651
3516	(1173, 1630)	'调查'	3652
3517	(1163, 727)	'安全'	3653
3518	(106, 1165)	'joy'	3654
3519	(414, 162)	'抢'	3655
3520	(393, 155)	'盛'	3656
3521	(108, 258)	'lin'	3657
3522	(105, 497)	'ium'	3658
3523	(1888, 563)	b'\xe0\xa7\x87\xe0\xa6'	3659
3524	(260, 131)	'七'	3660
3525	(649, 1350)	'过程'	3661
3526	(1665, 741)	' wrong'	3663
3527	(51, 49)	'31'	3664
3528	(566, 153)	'沙'	3665
3529	(638, 110)	' On'	3666
3530	(281, 1485)	' foot'	3667
3531	(65, 83)	'AS'	3668
3532	(302, 2211)	' third'	3669
3533	(2763, 115)	' hours'	3670
3534	(1277, 899)	'原因'	3671
3535	(1164, 571)	' guess'	3672
3536	(990, 12122)	'建筑'	3675
3537	(1601, 741)	' strong'	3676
3538	(470, 54)	' 16'	3677
3539	(117, 117)	'uu'	3678
3540	(304, 344)	' low'	3679
3541	(568, 1577)	'成功'	3680
3542	(335, 1073)	'一样'	3681
3543	(216, 140)	'،'	3682
3544	(703, 137)	'汉'	3683
3545	(586, 174)	' म'	3684
3546	(103, 111)	'go'	3685
3547	(2698, 695)	'危机'	3686
3548	(233, 184)	b'\xe9\xb8'	3687
3549	(45, 112)	'-p'	3688
3550	(795, 174)	'の'	3689
3551	(569, 138)	'惊'	3690
3552	(390, 273)	' Man'	3691
3553	(412, 144)	'逐'	3692
3554	(699, 330)	' likely'	3693
3555	(277, 369)	' cut'	3694
3556	(313, 105)	' ni'	3695
3557	(376, 287)	' Car'	3696
3558	(1985, 731)	' media'	3697
3559	(896, 12056)	' across'	3698
3560	(208, 182)	'ж'	3699
3561	(469, 129)	'ก'	3701
3562	(499, 149)	'毕'	3702
3563	(2367, 676)	'消费者'	3703
3564	(78, 329)	'Not'	3704
3565	(829, 824)	'ور'	3705
3566	(101, 121)	'ey'	3706
3567	(1864, 286)	' reported'	3707
3568	(960, 173)	'ይ'	3708
3569	(445, 129)	'私'	3709
3570	(390, 121)	' My'	3710
3571	(789, 186)	'顺'	3711
3572	(1569, 175)	'犯'	3712
3573	(840, 1734)	'如何'	3715
3574	(1606, 1507)	'标准'	3716
3575	(376, 633)	' City'	3717
3576	(944, 182)	'父'	3718
3577	(276, 618)	' ball'	3719
3578	(435, 448)	' Pol'	3720
3579	(388, 185)	'弹'	3721
3580	(880, 865)	'第三'	3722
3581	(338, 149)	'幕'	3724
3582	(933, 366)	" there's"	3725
3583	(283, 329)	' pot'	3726
3584	(444, 121)	'ify'	3727
3585	(951, 385)	'并不'	3728
3586	(733, 690)	'资产'	3731
3587	(556, 2028)	' process'	3732
3588	(461, 1897)	' House'	3733
3589	(2086, 779)	'另外'	3734
3590	(605, 286)	'ended'	3735
3591	(12044, 116)	' court'	3736
3592	(530, 119)	' saw'	3737
3593	(866, 2852)	' quarter'	3738
3594	(1055, 3246)	'考虑'	3739
3595	(308, 187)	'刻'	3740
3596	(536, 617)	'地方'	3741
3597	(292, 633)	'ality'	3742
3598	(310, 142)	'迎'	3744
3599	(317, 109)	' Im'	3745
3600	(1445, 568)	'完成'	3746
3601	(264, 110)	' sn'	3747
3602	(70, 275)	'For'	3748
3603	(267, 97)	'era'	3749
3604	(1145, 634)	'ensive'	3750
3605	(1933, 395)	'除了'	3751
3606	(276, 287)	' bar'	3752
3607	(1762, 1005)	'随着'	3753
3608	(12022, 137)	'้'	3754
3609	(690, 550)	'产业'	3755
3610	(501, 632)	' short'	3756
3611	(438, 153)	'牙'	3757
3612	(1285, 1062)	'结果'	3758
3613	(1051, 356)	'正在'	3759
3614	(290, 2247)	' data'	3760
3615	(340, 133)	'旅'	3761
3616	(340, 151)	'旗'	3762
3617	(112, 693)	'pect'	3763
3618	(2307, 141)	'操'	3764
3619	(585, 120)	' Ex'	3765
3620	(572, 136)	'哈'	3766
3621	(586, 185)	' ह'	3767
3622	(509, 282)	' coming'	3768
3623	(274, 430)	'itch'	3769
3624	(290, 775)	' dra'	3770
3625	(729, 145)	'笑'	3772
3626	(527, 1067)	' nothing'	3773
3627	(105, 351)	'iam'	3774
3628	(628, 159)	'借'	3775
3629	(385, 1275)	'不少'	3776
3630	(257, 112)	' ap'	3777
3631	(32, 1004)	' у'	3778
3632	(1617, 1704)	'购买'	3779
3633	(488, 329)	' Not'	3781
3634	(315, 374)	' gun'	3782
3635	(276, 278)	' ben'	3783
3636	(405, 101)	'ille'	3784
3637	(328, 132)	'射'	3785
3638	(389, 2298)	'中央'	3786
3639	(445, 152)	'秘'	3787
3640	(489, 1045)	' join'	3788
3641	(353, 267)	' Ser'	3789
3642	(384, 287)	' star'	3790
3643	(1811, 148)	'塔'	3791
3644	(1988, 271)	'这样的'	3792
3645	(886, 686)	' anyone'	3793
3646	(270, 674)	'ature'	3794
3647	(265, 121)	'ony'	3795
3648	(385, 1518)	'不仅'	3796
3649	(864, 754)	'更加'	3798
3650	(342, 580)	' equ'	3799
3651	(449, 138)	'届'	3800
3652	(645, 872)	'ол'	3801
3653	(300, 410)	'aster'	3803
3654	(895, 695)	'手机'	3804
3655	(1594, 492)	' indust'	3805
3656	(849, 331)	' compet'	3806
3657	(210, 175)	'ү'	3807
3658	(283, 966)	' pick'	3808
3659	(352, 121)	'acy'	3809
3660	(1121, 903)	'收入'	3810
3661	(289, 171)	'末'	3811
3662	(1293, 321)	'ission'	3812
3663	(233, 188)	b'\xe9\xbc'	3813
3664	(377, 1876)	'有限'	3814
3665	(355, 72)	' TH'	3815
3666	(1451, 168)	'您'	3816
3667	(616, 547)	'现场'	3818
3668	(509, 284)	' comes'	3819
3669	(259, 347)	'head'	3820
3670	(694, 148)	'ු'	3821
3671	(711, 791)	'之间'	3822
3672	(12004, 188)	'曼'	3823
3673	(1452, 2487)	' community'	3824
3674	(1507, 1494)	'准备'	3825
3675	(73, 115)	'Is'	3827
3676	(12152, 482)	' together'	3829
3677	(278, 110)	'enn'	3830
3678	(2283, 12076)	' members'	3831
3679	(712, 12109)	'进一步'	3832
3680	(357, 190)	'课'	3833
3681	(12050, 273)	' American'	3834
3682	(846, 465)	'当时'	3835
3683	(277, 448)	' col'	3836
3684	(543, 12031)	' view'	3837
3685	(1028, 115)	' others'	3838
3686	(2374, 764)	'稳定'	3839
3687	(144, 429)	b'\x90\xe1\x80'	3840
3688	(2266, 1764)	' statement'	3841
3689	(967, 349)	'只是'	3842
3690	(313, 687)	' nice'	3843
3691	(111, 284)	'oes'	3844
3692	(931, 678)	' thanks'	3845
3693	(452, 140)	'歌'	3846
3694	(283, 1097)	' press'	3847
3695	(375, 116)	' At'	3848
3696	(1279, 1788)	' everything'	3849
3697	(316, 180)	'吴'	3850
3698	(551, 1614)	' death'	3851
3699	(534, 164)	'।'	3852
3700	(645, 740)	'ор'	3853
3701	(447, 132)	'附'	3854
3702	(335, 3067)	'一般'	3855
3703	(348, 128)	'區'	3856
3704	(652, 191)	'避'	3858
3705	(508, 476)	' seem'	3859
3706	(1592, 754)	'参加'	3860
3707	(542, 1183)	'发布'	3861
3708	(789, 191)	'顿'	3863
3709	(550, 1107)	'业务'	3864
3710	(465, 2524)	'时尚'	3866
3711	(789, 190)	'顾'	3867
3712	(256, 1491)	' taking'	3868
3713	(1568, 1935)	'集团'	3869
3714	(1055, 531)	'考生'	3870
3715	(508, 2230)	' seems'	3871
3716	(1635, 2339)	'负责'	3873
3717	(347, 100)	'add'	3874
3718	(464, 53)	' 25'	3875
3719	(118, 333)	'vent'	3876
3720	(1268, 965)	'变化'	3877
3721	(12000, 144)	'【'	3878
3722	(12000, 145)	'】'	3879
3723	(342, 2964)	' either'	3880
3724	(815, 182)	'延'	3882
3725	(508, 311)	' sell'	3883
3726	(293, 292)	' anal'	3884
3727	(838, 139)	'锋'	3885
3728	(319, 116)	'let'	3886
3729	(1236, 286)	' wanted'	3887
3730	(645, 700)	'он'	3888
3731	(877, 134)	'馆'	3889
3732	(2595, 557)	' break'	3890
3733	(1677, 764)	'决定'	3891
3734	(732, 186)	'智'	3892
3735	(572, 165)	'哥'	3893
3736	(954, 1326)	'持续'	3894
3737	(2003, 3251)	'必须'	3895
3738	(579, 3157)	' almost'	3896
3739	(285, 745)	' mind'	3897
3740	(879, 1581)	'电话'	3898
3741	(233, 164)	b'\xe9\xa4'	3899
3742	(458, 596)	'个月'	3900
3743	(468, 275)	' Wor'	3901
3744	(1324, 284)	'ances'	3902
3745	(1081, 114)	'ər'	3903
3746	(1286, 764)	'规定'	3904
3747	(371, 175)	'杯'	3905
3748	(1761, 2112)	' check'	3906
3749	(1504, 169)	'韩'	3907
3750	(585, 1228)	' Eng'	3909
3751	(375, 102)	' Af'	3910
3752	(1373, 1751)	'像素'	3911
3753	(612, 273)	' Jan'	3912
3754	(1553, 1062)	'效果'	3913
3755	(1302, 737)	'处理'	3914
3756	(635, 114)	'ocr'	3915
3757	(2699, 1255)	'镜头'	3916
3758	(826, 2485)	' cloud'	3917
3759	(501, 329)	' shot'	3919
3760	(12127, 674)	' future'	3920
3761	(112, 319)	'ple'	3921
3762	(590, 917)	' order'	3922
3763	(1010, 517)	'起来'	3923
3764	(1641, 166)	'梦'	3924
3765	(491, 169)	'革'	3926
3766	(12005, 143)	'偏'	3927
3767	(470, 55)	' 17'	3928
3768	(271, 604)	'的新'	3929
3769	(274, 634)	'itive'	3930
3770	(362, 176)	'估'	3931
3771	(502, 115)	'ands'	3932
3772	(508, 381)	' sever'	3933
3773	(838, 174)	'键'	3934
3774	(469, 177)	'ั'	3935
3775	(362, 138)	'伊'	3936
3776	(1381, 448)	' invol'	3937
3777	(267, 118)	'erv'	3938
3778	(97, 369)	'aut'	3939
3779	(2615, 1243)	' complete'	3940
3780	(893, 103)	' eng'	3941
3781	(1378, 155)	'岛'	3942
3782	(341, 151)	'斗'	3943
3783	(296, 1897)	' house'	3944
3784	(652, 173)	'遭'	3945
3785	(1175, 12080)	'ference'	3946
3786	(1087, 1802)	'感觉'	3948
3787	(12141, 1074)	' available'	3949
3788	(281, 755)	' food'	3950
3789	(1445, 727)	'完全'	3952
3790	(117, 607)	'ugh'	3953
3791	(275, 114)	'orr'	3954
3792	(1164, 1602)	' guys'	3955
3793	(371, 168)	'杨'	3956
3794	(232, 155)	b'\xe8\x9b'	3957
3795	(449, 143)	'屏'	3958
3796	(353, 12148)	' Saturday'	3960
3797	(930, 2132)	' York'	3961
3798	(2577, 1918)	' possible'	3962
3799	(77, 121)	'My'	3963
3800	(281, 609)	' fight'	3964
3801	(103, 286)	'ged'	3965
3802	(647, 115)	'aps'	3966
3803	(2006, 366)	" That's"	3967
3804	(547, 1896)	'场比赛'	3968
3805	(501, 925)	' share'	3969
3806	(102, 267)	'fer'	3970
3807	(384, 2111)	' stuff'	3971
3808	(268, 12013)	" won't"	3972
3809	(99, 1925)	'ches'	3973
3810	(3409, 309)	' custom'	3974
3811	(517, 837)	'来看'	3975
3812	(1055, 1724)	'考试'	3976
3813	(290, 614)	' dist'	3977
3814	(1096, 710)	'近期'	3978
3815	(897, 1513)	'报告'	3979
3816	(1240, 282)	' bring'	3980
3817	(98, 630)	'back'	3981
3818	(274, 410)	'itter'	3982
3819	(256, 12113)	' taken'	3983
3820	(1313, 3259)	'组织'	3984
3821	(216, 173)	'ح'	3985
3822	(583, 181)	'ስ'	3986
3823	(587, 377)	'也有'	3987
3824	(1057, 136)	'烈'	3988
3825	(1168, 176)	'्र'	3989
3826	(603, 176)	'ર'	3990
3827	(3175, 448)	' viol'	3991
3828	(85, 82)	'UR'	3992
3829	(2710, 137)	'嘉'	3993
3830	(1436, 49)	'2011'	3994
3831	(270, 307)	'atic'	3996
3832	(353, 471)	' Sup'	3997
3833	(1645, 12114)	' minutes'	3998
3834	(264, 497)	' sum'	3999
3835	(304, 1696)	' lower'	4000
3836	(2933, 143)	'藏'	4001
3837	(45, 49)	'-1'	4003
3838	(718, 166)	'润'	4004
3839	(1280, 2243)	'证券'	4006
3840	(1196, 969)	'注意'	4007
3841	(576, 2343)	'学习'	4008
3842	(636, 810)	' means'	4009
3843	(666, 189)	'载'	4010
3844	(761, 319)	' whole'	4011
3845	(707, 163)	'趣'	4012
3846	(747, 184)	'ම'	4014
3847	(267, 109)	'erm'	4015
3848	(1038, 139)	'ો'	4016
3849	(230, 169)	b'\xe6\xa9'	4017
3850	(1459, 943)	'预计'	4018
3851	(542, 526)	'发行'	4019
3852	(520, 184)	'永'	4020
3853	(110, 329)	'not'	4021
3854	(436, 2436)	' asked'	4022
3855	(505, 177)	' ر'	4023
3856	(117, 122)	'uz'	4024
3857	(647, 101)	'ape'	4025
3858	(265, 2848)	'onald'	4026
3859	(792, 132)	'雄'	4027
3860	(1222, 667)	' series'	4028
3861	(232, 184)	b'\xe8\xb8'	4029
3862	(1459, 710)	'预期'	4030
3863	(1573, 1214)	'ست'	4031
3864	(491, 160)	'靠'	4032
3865	(12102, 1447)	'平方米'	4033
3866	(975, 175)	'灯'	4034
3867	(3772, 292)	' several'	4035
3868	(277, 2907)	' certain'	4036
3869	(1691, 364)	' impro'	4037
3870	(304, 270)	' lat'	4038
3871	(691, 1830)	'面积'	4039
3872	(1113, 1693)	'英语'	4040
3873	(469, 135)	'ง'	4041
3874	(258, 105)	'ini'	4042
3875	(2258, 536)	'土地'	4043
3876	(1539, 1086)	' design'	4044
3877	(628, 139)	'個'	4045
3878	(104, 105)	'hi'	4046
3879	(362, 145)	'休'	4047
3880	(285, 571)	' mess'	4048
3881	(489, 101)	' je'	4049
3882	(934, 2089)	' expected'	4050
3883	(47, 47)	'//'	4051
3884	(643, 170)	'罪'	4052
3885	(375, 12149)	' April'	4053
3886	(2273, 831)	' special'	4054
3887	(101, 118)	'ev'	4055
3888	(977, 271)	'你的'	4056
3889	(46, 54)	'.6'	4057
3890	(12144, 1575)	' Europe'	4058
3891	(328, 164)	'尤'	4059
3892	(51, 423)	'300'	4060
3893	(46, 56)	'.8'	4061
3894	(1263, 547)	'客场'	4062
3895	(360, 1814)	' forward'	4063
3896	(2260, 1885)	'状态'	4064
3897	(2479, 567)	b'\xe0\xb1\x81\xe0\xb0'	4065
3898	(507, 108)	' Fl'	4066
3899	(1339, 165)	' እ'	4067
3900	(304, 516)	' late'	4068
3901	(231, 181)	b'\xe7\xb5'	4069
3902	(51, 54)	'36'	4070
3903	(271, 598)	'的高'	4071
3904	(284, 597)	'esome'	4072
3905	(380, 627)	' heard'	4073
3906	(1235, 1734)	'任何'	4074
3907	(109, 101)	'me'	4075
3908	(12044, 378)	' course'	4077
3909	(3387, 164)	'다'	4078
3910	(1557, 3155)	' employ'	4079
3911	(934, 693)	' expect'	4080
3912	(1963, 565)	'属于'	4081
3913	(455, 183)	'纷'	4082
3914	(855, 169)	'恩'	4083
3915	(726, 159)	'损'	4084
3916	(325, 1150)	'idence'	4085
3917	(462, 114)	' Dr'	4086
3918	(408, 882)	' white'	4087
3919	(660, 292)	' goal'	4088
3920	(383, 175)	'凯'	4089
3921	(467, 183)	' з'	4090
3922	(1031, 550)	'商业'	4091
3923	(326, 110)	' yn'	4092
3924	(3192, 1142)	' morning'	4093
3925	(1024, 1891)	' Thanks'	4095
3926	(768, 1516)	'实际'	4096
3927	(556, 1262)	' proper'	4097
3928	(2902, 745)	' behind'	4098
3929	(1182, 576)	'科学'	4099
3930	(310, 170)	'迪'	4100
3931	(813, 142)	'税'	4101
3932	(427, 594)	'上市'	4102
3933	(296, 265)	' hon'	4103
3934	(290, 809)	' due'	4104
3935	(12017, 597)	' become'	4105
3936	(115, 119)	'sw'	4106
3937	(421, 181)	'贵'	4107
3938	(1370, 1194)	'直接'	4108
3939	(747, 154)	'ක'	4109
3940	(210, 155)	'қ'	4110
3941	(376, 292)	' Cal'	4111
3942	(1385, 568)	'造成'	4112
3943	(281, 618)	' fall'	4113
3944	(256, 97)	' ta'	4114
3945	(416, 287)	' Bar'	4115
3946	(1144, 121)	' party'	4116
3947	(316, 151)	'吗'	4117
3948	(681, 512)	' worth'	4118
3949	(1333, 1349)	'导演'	4120
3950	(405, 115)	'ills'	4121
3951	(729, 148)	'笔'	4122
3952	(69, 78)	'EN'	4123
3953	(1675, 180)	'暴'	4124
3954	(751, 730)	" wouldn't"	4125
3955	(463, 165)	'急'	4126
3956	(1091, 176)	'ार'	4127
3957	(522, 182)	'阶'	4128
3958	(264, 374)	' sun'	4129
3959	(275, 667)	'ories'	4130
3960	(375, 98)	' Ab'	4131
3961	(316, 137)	'吉'	4132
3962	(346, 2121)	' online'	4133
3963	(336, 191)	'绿'	4134
3964	(3055, 1150)	' experience'	4135
3965	(12011, 53)	' 2015'	4136
3966	(893, 3518)	' enjoy'	4137
3967	(231, 182)	b'\xe7\xb6'	4138
3968	(2787, 831)	' social'	4139
3969	(1395, 943)	'统计'	4140
3970	(85, 83)	'US'	4141
3971	(320, 274)	'stit'	4142
3972	(521, 130)	'厂'	4144
3973	(468, 483)	' West'	4145
3974	(12051, 809)	' issue'	4146
3975	(462, 759)	' Dep'	4147
3976	(324, 170)	'截'	4148
3977	(2215, 2217)	'货币'	4149
3978	(836, 1305)	'价值'	4150
3979	(46, 55)	'.7'	4151
3980	(397, 845)	'urther'	4152
3981	(441, 97)	' ka'	4153
3982	(390, 1851)	' March'	4154
3983	(583, 136)	'ለ'	4155
3984	(1222, 12059)	' service'	4157
3985	(102, 275)	'for'	4158
3986	(277, 1227)	' cool'	4159
3987	(276, 382)	' bir'	4160
3988	(1603, 2620)	' consider'	4161
3989	(1285, 3389)	'结束'	4162
3990	(312, 129)	'宁'	4163
3991	(351, 98)	'amb'	4164
3992	(545, 432)	'ource'	4165
3993	(2321, 115)	' friends'	4166
3994	(116, 111)	'to'	4167
3995	(3017, 614)	' Christ'	4169
3996	(119, 104)	'wh'	4170
3997	(12104, 1158)	'怎么'	4171
3998	(589, 906)	' exact'	4172
3999	(1058, 12153)	'网络'	4173
4000	(376, 12116)	' County'	4174
4001	(256, 105)	' ti'	4175
4002	(285, 117)	' mu'	4176
4003	(390, 114)	' Mr'	4177
4004	(211, 169)	'ө'	4178
4005	(1249, 663)	'取得'	4179
4006	(371, 176)	'杰'	4180
4007	(267, 114)	'err'	4181
4008	(1705, 115)	' News'	4182
4009	(570, 1889)	'下降'	4183
4010	(1232, 115)	' needs'	4184
4011	(936, 1442)	'提升'	4185
4012	(359, 173)	'训'	4186
4013	(257, 121)	' ay'	4187
4014	(276, 97)	' ba'	4188
4015	(117, 723)	'uge'	4189
4016	(326, 284)	' yes'	4190
4017	(587, 385)	'也不'	4192
4018	(1513, 2794)	'告诉'	4193
4019	(304, 639)	' lost'	4194
4020	(510, 176)	'泰'	4195
4021	(1116, 606)	' appear'	4196
4022	(229, 171)	b'\xe5\xab'	4197
4023	(69, 84)	'ET'	4198
4024	(111, 687)	'oice'	4199
4025	(572, 170)	'哪'	4200
4026	(335, 570)	'一下'	4201
4027	(1343, 782)	'整体'	4202
4028	(45, 109)	'-m'	4203
4029	(86, 83)	'VS'	4207
4030	(1114, 110)	'ọn'	4209
4031	(554, 3115)	'分钟'	4210
4032	(644, 175)	'肯'	4211
4033	(376, 111)	' Co'	4212
4034	(305, 136)	'圈'	4213
4035	(1597, 292)	' final'	4215
4036	(1340, 1498)	'彩票'	4216
4037	(1263, 1495)	'客户'	4217
4038	(87, 1690)	'When'	4218
4039	(283, 12091)	' p.m'	4219
4040	(409, 176)	'冰'	4220
4041	(2302, 174)	'潮'	4221
4042	(89, 284)	'Yes'	4222
4043	(689, 265)	' soon'	4223
4044	(102, 632)	'fort'	4224
4045	(953, 267)	' player'	4225
4046	(990, 1625)	'建议'	4226
4047	(548, 145)	'挑'	4227
4048	(551, 98)	' deb'	4228
4049	(304, 3498)	' large'	4229
4050	(505, 180)	' ش'	4230
4051	(1222, 1237)	' serious'	4231
4052	(216, 172)	'ج'	4232
4053	(1248, 1977)	'号码'	4233
4054	(2576, 537)	'昨日'	4234
4055	(662, 897)	'本报'	4235
4056	(233, 189)	b'\xe9\xbd'	4236
4057	(119, 2405)	'where'	4237
4058	(1387, 145)	'脑'	4238
4059	(111, 106)	'oj'	4239
4060	(628, 146)	'倒'	4240
4061	(1510, 1510)	'\xa0\xa0\xa0\xa0'	4241
4062	(469, 181)	'ี'	4242
4063	(98, 2188)	'body'	4243
4064	(304, 502)	' land'	4244
4065	(659, 399)	'最大'	4245
4066	(1089, 783)	'无法'	4246
4067	(384, 327)	' stay'	4247
4068	(1592, 757)	'参与'	4248
4069	(680, 904)	'自然'	4249
4070	(857, 779)	'此外'	4251
4071	(73, 73)	'II'	4252
4072	(264, 12177)	' suggest'	4253
4073	(681, 678)	' works'	4254
4074	(12095, 12069)	'pecially'	4255
4075	(444, 102)	'iff'	4256
4076	(1310, 112)	' supp'	4257
4077	(1250, 630)	' black'	4258
4078	(375, 492)	' Aust'	4259
4079	(829, 894)	'ون'	4260
4080	(12060, 2165)	' following'	4261
4081	(393, 150)	'盖'	4262
4082	(313, 265)	' non'	4263
4083	(285, 97)	' ma'	4264
4084	(12066, 278)	' given'	4265
4085	(1123, 48)	' 40'	4266
4086	(444, 116)	'ift'	4268
4087	(263, 286)	'reed'	4269
4088	(656, 661)	'作用'	4270
4089	(641, 139)	'洋'	4271
4090	(108, 287)	'lar'	4272
4091	(2711, 1506)	'搭配'	4273
4092	(1156, 169)	'缩'	4274
4093	(420, 12167)	' weeks'	4275
4094	(675, 159)	'竟'	4276
4095	(231, 135)	b'\xe7\x87'	4278
4096	(612, 2981)	' June'	4279
4097	(77, 639)	'Most'	4280
4098	(464, 52)	' 24'	4281
4099	(362, 159)	'伟'	4282
4100	(12165, 319)	' couple'	4283
4101	(753, 115)	' gets'	4284
4102	(333, 831)	'ential'	4285
4103	(866, 966)	' quick'	4286
4104	(817, 808)	'重点'	4287
4105	(101, 723)	'ege'	4288
4106	(264, 265)	' son'	4289
4107	(111, 381)	'over'	4290
4108	(99, 105)	'ci'	4291
4109	(710, 791)	'期间'	4292
4110	(12065, 12065)	'……'	4293
4111	(376, 114)	' Cr'	4294
4112	(462, 401)	' Dec'	4295
4113	(99, 286)	'ced'	4296
4114	(1811, 158)	'塞'	4299
4115	(1115, 493)	'受到'	4300
4116	(32, 405)	' ill'	4301
4117	(1468, 517)	'带来'	4302
4118	(487, 101)	'ope'	4303
4119	(1668, 100)	' fund'	4304
4120	(313, 1654)	' national'	4305
4121	(270, 1167)	'ators'	4306
4122	(51, 51)	'33'	4307
4123	(494, 284)	' Res'	4308
4124	(568, 2122)	'成绩'	4309
4125	(312, 133)	'宅'	4310
4126	(941, 1206)	'影片'	4311
4127	(12097, 108)	' control'	4312
4128	(331, 104)	'eth'	4313
4129	(276, 1706)	' billion'	4315
4130	(743, 144)	'坐'	4316
4131	(491, 153)	'静'	4317
4132	(589, 99)	' exc'	4318
4133	(550, 2122)	'业绩'	4319
4134	(63, 63)	'??'	4321
4135	(1333, 1934)	'导致'	4322
4136	(274, 911)	'itions'	4323
4137	(834, 1350)	'工程'	4324
4138	(97, 366)	"a's"	4325
4139	(569, 160)	'惠'	4326
4140	(349, 356)	'是在'	4327
4141	(117, 432)	'uce'	4328
4142	(624, 1214)	'ات'	4329
4143	(198, 176)	'ư'	4330
4144	(3141, 307)	' music'	4331
4145	(792, 133)	'雅'	4332
4146	(629, 1088)	' trade'	4333
4147	(1600, 1326)	'连续'	4334
4148	(12046, 273)	' woman'	4336
4149	(271, 1952)	'的情况'	4337
4150	(1216, 484)	'指出'	4339
4151	(375, 1556)	' Ass'	4340
4152	(281, 810)	' fans'	4341
4153	(3197, 2028)	' success'	4342
4154	(1611, 1420)	' maybe'	4343
4155	(645, 1271)	'ом'	4344
4156	(103, 1097)	'gress'	4345
4157	(740, 500)	'ра'	4346
4158	(2898, 12171)	' campaign'	4347
4159	(285, 1470)	' match'	4348
4160	(105, 810)	'ians'	4349
4161	(1641, 133)	'梅'	4351
4162	(503, 1625)	'会议'	4352
4163	(804, 1710)	'内容'	4353
4164	(468, 405)	' Will'	4354
4165	(556, 112)	' prop'	4355
4166	(1987, 162)	'።'	4356
4167	(382, 116)	'irt'	4357
4168	(2607, 118)	' priv'	4358
4169	(856, 176)	'ተ'	4359
4170	(122, 101)	'ze'	4360
4171	(3356, 12139)	' definitely'	4361
4172	(2501, 738)	'压力'	4362
4173	(1814, 115)	'wards'	4363
4174	(659, 1096)	'最近'	4364
4175	(876, 929)	'基金公司'	4365
4176	(260, 185)	'丹'	4367
4177	(32, 1296)	' vers'	4368
4178	(1021, 168)	'萨'	4369
4179	(231, 163)	b'\xe7\xa3'	4370
4180	(276, 1725)	' based'	4371
4181	(332, 1179)	' repl'	4372
4182	(692, 845)	' whether'	4373
4183	(629, 809)	' true'	4374
4184	(1325, 121)	' key'	4375
4185	(303, 2936)	' often'	4376
4186	(232, 156)	b'\xe8\x9c'	4377
4187	(343, 179)	'劳'	4378
4188	(12007, 140)	b' \xe1\x8c'	4379
4189	(541, 1433)	' front'	4380
4190	(304, 609)	' light'	4381
4191	(232, 134)	b'\xe8\x86'	4382
4192	(789, 182)	'顶'	4383
4193	(598, 1055)	'高考'	4384
4194	(445, 159)	'租'	4385
4195	(97, 575)	'ares'	4386
4196	(740, 706)	'ре'	4387
4197	(538, 162)	'探'	4388
4198	(119, 2132)	'work'	4389
4199	(100, 101)	'de'	4391
4200	(313, 39)	" n'"	4392
4201	(799, 165)	'若'	4393
4202	(65, 76)	'AL'	4395
4203	(675, 160)	'章'	4396
4204	(83, 104)	'Sh'	4397
4205	(1548, 426)	'半年'	4398
4206	(551, 347)	' dead'	4399
4207	(318, 155)	'佛'	4401
4208	(271, 881)	'的一个'	4403
4209	(767, 286)	'ived'	4404
4210	(821, 103)	' arg'	4405
4211	(281, 1019)	' fail'	4406
4212	(1188, 309)	' room'	4407
4213	(313, 331)	' net'	4408
4214	(99, 623)	'cast'	4409
4215	(1235, 1107)	'任务'	4410
4216	(2380, 3052)	' author'	4411
4217	(611, 649)	'经过'	4413
4218	(65, 67)	'AC'	4414
4219	(585, 109)	' Em'	4415
4220	(312, 189)	'宽'	4416
4221	(105, 104)	'ih'	4417
4222	(1026, 163)	'档'	4418
4223	(1341, 159)	'募'	4419
4224	(525, 524)	'ults'	4420
4225	(12082, 429)	b'\xe1\x80\xb1\xe1\x80'	4421
4226	(334, 176)	'困'	4422
4227	(428, 146)	'归'	4423
4228	(230, 164)	b'\xe6\xa4'	4424
4229	(3743, 373)	' World'	4425
4230	(1185, 1071)	'联系'	4426
4231	(469, 161)	'ม'	4427
4232	(1272, 1001)	'风格'	4428
4233	(538, 170)	'措'	4430
4234	(309, 98)	'omb'	4431
4235	(1640, 3469)	' University'	4432
4236	(2748, 2376)	'健康'	4433
4237	(2457, 129)	'鲁'	4434
4238	(3364, 12172)	'IGHT'	4435
4239	(117, 440)	'uation'	4436
4240	(325, 100)	'idd'	4437
4241	(2473, 159)	'熟'	4438
4242	(276, 407)	' boo'	4439
4243	(377, 271)	'有的'	4441
4244	(1523, 686)	' phone'	4442
4245	(281, 12155)	' fucking'	4443
4246	(2589, 130)	'概'	4444
4247	(2784, 1787)	'帮助'	4445
4248	(652, 151)	'遗'	4446
4249	(73, 67)	'IC'	4447
4250	(236, 151)	b'\xec\x97'	4448
4251	(376, 448)	' Col'	4449
4252	(827, 1606)	'目标'	4450
4253	(117, 523)	'uel'	4451
4254	(279, 136)	'予'	4452
4255	(1743, 168)	' የ'	4454
4256	(1117, 136)	'针'	4455
4257	(668, 12198)	'基础'	4456
4258	(3011, 626)	b'\xe0\xa8\xbf\xe0\xa8'	4457
4259	(1266, 1677)	'解决'	4458
4260	(46, 52)	'.4'	4459
4261	(439, 166)	'触'	4460
4262	(45, 114)	'-r'	4461
4263	(108, 117)	'lu'	4462
4264	(2396, 286)	' happened'	4463
4265	(103, 319)	'gle'	4465
4266	(2180, 151)	'著'	4466
4267	(12101, 3102)	b'\xe1\x80\xad\xe1\x80\xaf\xe1\x80'	4467
4268	(787, 161)	'胡'	4469
4269	(79, 84)	'OT'	4470
4270	(1009, 2791)	' previous'	4471
4271	(539, 111)	' Go'	4472
4272	(105, 1150)	'ience'	4473
4273	(840, 857)	'如此'	4474
4274	(445, 146)	'秒'	4475
4275	(754, 1118)	'加强'	4476
4276	(1162, 1318)	'Thank'	4477
4277	(1221, 571)	' access'	4478
4278	(1481, 170)	'豪'	4479
4279	(277, 12003)	' coun'	4480
4280	(362, 175)	'伯'	4481
4281	(1539, 99)	' desc'	4482
4282	(1907, 114)	' terr'	4483
4283	(394, 162)	'赢'	4484
4284	(2244, 121)	'Why'	4485
4285	(818, 271)	'性的'	4486
4286	(462, 989)	' Dav'	4487
4287	(1582, 617)	'双方'	4488
4288	(285, 1276)	' mult'	4489
4289	(2075, 1355)	' students'	4490
4290	(577, 176)	'ர'	4491
4291	(835, 156)	'障'	4492
4292	(121, 108)	'yl'	4494
4293	(2671, 410)	' matter'	4495
4294	(1527, 568)	'形成'	4496
4295	(195, 182)	'ö'	4497
4296	(1669, 149)	'்க'	4498
4297	(707, 139)	'趋'	4499
4298	(3377, 1851)	' research'	4500
4299	(1604, 12166)	'论坛'	4501
4300	(1222, 12098)	' services'	4503
4301	(805, 687)	' office'	4504
4302	(733, 1869)	'资源'	4505
4303	(1188, 347)	' road'	4506
4304	(1387, 154)	'脚'	4507
4305	(421, 180)	'贴'	4508
4306	(1343, 458)	'整个'	4509
4307	(462, 476)	' Dem'	4510
4308	(538, 137)	'掉'	4511
4309	(942, 271)	'我们的'	4513
4310	(2725, 274)	' visit'	4514
4311	(1710, 1413)	'容易'	4515
4312	(784, 998)	' agree'	4516
4313	(1036, 741)	' among'	4517
4314	(1457, 705)	'共同'	4518
4315	(1830, 1928)	'积极'	4519
4316	(122, 97)	'za'	4520
4317	(2042, 286)	' tried'	4521
4318	(611, 2096)	'经验'	4522
4319	(3350, 512)	' growth'	4523
4320	(121, 319)	'yle'	4524
4321	(2236, 1949)	' discuss'	4526
4322	(376, 259)	' Che'	4527
4323	(380, 287)	' hear'	4529
4324	(693, 634)	'ective'	4530
4325	(2650, 2232)	' concern'	4531
4326	(849, 12184)	' companies'	4532
4327	(1182, 1496)	'科技'	4533
4328	(2920, 115)	' officials'	4534
4329	(99, 482)	'cher'	4535
4330	(918, 12183)	' period'	4536
4331	(866, 882)	' quite'	4537
4332	(2837, 176)	'峰'	4538
4333	(1847, 1440)	'条件'	4539
4334	(413, 184)	b' \xe0\xb8'	4540
4335	(535, 271)	'我的'	4541
4336	(65, 110)	'An'	4542
4337	(599, 1271)	'им'	4543
4338	(488, 1654)	' National'	4544
4339	(377, 995)	'有些'	4546
4340	(257, 107)	' ak'	4547
4341	(2317, 1092)	'控制'	4548
4342	(347, 284)	'ades'	4549
4343	(276, 2188)	' body'	4550
4344	(415, 258)	' within'	4552
4345	(361, 138)	'释'	4554
4346	(907, 906)	' pract'	4555
4347	(2528, 71)	'ING'	4556
4348	(263, 103)	'reg'	4557
4349	(296, 329)	' hot'	4558
4350	(109, 121)	'my'	4559
4351	(45, 104)	'-h'	4560
4352	(901, 2285)	'区域'	4562
4353	(2029, 1808)	'材料'	4563
4354	(394, 182)	'赶'	4564
4355	(349, 881)	'是一个'	4565
4356	(46, 57)	'.9'	4566
4357	(32, 382)	' ir'	4567
4358	(378, 99)	'sec'	4568
4359	(1505, 12036)	' remember'	4569
4360	(467, 182)	' ж'	4570
4361	(1541, 716)	'运动'	4573
4362	(420, 12020)	" we're"	4574
4363	(697, 3033)	' outside'	4575
4364	(698, 129)	' ف'	4576
4365	(669, 100)	'udd'	4577
4366	(436, 107)	' ask'	4578
4367	(507, 12179)	' Facebook'	4579
4368	(3117, 319)	' single'	4580
4369	(118, 3636)	'ville'	4581
4370	(382, 99)	'irc'	4582
4371	(1260, 1034)	'各种'	4583
4372	(539, 117)	' Gu'	4584
4373	(384, 475)	' store'	4585
4374	(469, 167)	'ว'	4586
4375	(1403, 1025)	'质量'	4587
4376	(690, 531)	'产生'	4588
4377	(2827, 274)	' milit'	4589
4378	(649, 1048)	'过去'	4590
4379	(32, 1138)	' ident'	4591
4380	(718, 137)	'涉'	4592
4381	(121, 100)	'yd'	4593
4382	(1221, 1202)	' account'	4594
4383	(295, 171)	'叫'	4595
4384	(55, 53)	'75'	4596
4385	(283, 529)	' pain'	4597
4386	(1306, 292)	'itional'	4598
4387	(698, 135)	' ه'	4599
4388	(3741, 144)	'餐'	4600
4389	(2664, 1536)	'艺术'	4601
4390	(624, 1256)	'ام'	4602
4391	(622, 144)	'渐'	4603
4392	(867, 884)	' known'	4604
4393	(539, 108)	' Gl'	4605
4394	(460, 800)	'这次'	4606
4395	(1402, 2331)	' decision'	4607
4396	(12039, 811)	' talking'	4608
4397	(99, 259)	'che'	4609
4398	(45, 53)	'-5'	4610
4399	(2295, 1031)	'开发商'	4611
4400	(290, 278)	' den'	4612
4401	(1543, 996)	' coach'	4613
4402	(287, 108)	'arl'	4614
4403	(338, 184)	'幸'	4615
4404	(376, 275)	' Cor'	4616
4405	(1824, 802)	'排名'	4618
4406	(1777, 1032)	' drug'	4619
4407	(283, 278)	' pen'	4620
4408	(556, 2527)	' project'	4621
4409	(12051, 1589)	' issues'	4622
4410	(822, 846)	'相当'	4623
4411	(3758, 121)	' cloudy'	4624
4412	(12045, 183)	'瓷'	4625
4413	(48, 57)	'09'	4626
4414	(2417, 809)	' continue'	4627
4415	(80, 83)	'PS'	4628
4416	(384, 1396)	' stock'	4629
4417	(12125, 275)	' favor'	4630
4418	(783, 418)	'法国'	4631
4419	(2138, 2605)	' instead'	4632
4420	(1356, 12136)	' security'	4633
4421	(195, 163)	'ã'	4634
4422	(1039, 271)	'市场的'	4635
4423	(46, 51)	'.3'	4639
4424	(45, 51)	'-3'	4640
4425	(2009, 978)	'委员'	4641
4426	(830, 1977)	'数码'	4642
4427	(2030, 1253)	'医院'	4643
4428	(117, 319)	'ule'	4644
4429	(629, 97)	' tra'	4645
4430	(505, 172)	' ج'	4646
4431	(110, 111)	'no'	4647
4432	(74, 492)	'Just'	4648
4433	(285, 397)	' mur'	4649
4434	(80, 104)	'Ph'	4650
4435	(971, 2057)	' China'	4651
4436	(517, 680)	'来自'	4652
4437	(102, 693)	'fect'	4653
4438	(548, 165)	'挥'	4654
4439	(421, 184)	'贸'	4657
4440	(1234, 816)	'单位'	4658
4441	(301, 156)	'夜'	4661
4442	(567, 168)	'న'	4662
4443	(826, 719)	' club'	4663
4444	(232, 148)	b'\xe8\x94'	4664
4445	(12130, 1320)	' history'	4665
4446	(1519, 1333)	'领导'	4666
4447	(275, 282)	'oring'	4667
4448	(2299, 550)	'职业'	4668
4449	(304, 448)	' lol'	4670
4450	(951, 1714)	'并且'	4671
4451	(79, 79)	'OO'	4672
4452	(2868, 1404)	'贷款'	4673
4453	(1022, 271)	'色的'	4675
4454	(1354, 800)	'再次'	4676
4455	(276, 1165)	' boy'	4677
4456	(2022, 2243)	'债券'	4678
4457	(518, 895)	'对手'	4679
4458	(12039, 107)	' talk'	4680
4459	(73, 76)	'IL'	4681
4460	(447, 182)	'陶'	4682
4461	(715, 129)	'谁'	4683
4462	(1185, 919)	'联赛'	4684
4463	(325, 97)	'ida'	4685
4464	(435, 101)	' Pe'	4686
4465	(110, 457)	'ners'	4687
4466	(384, 478)	' stri'	4688
4467	(464, 49)	' 21'	4689
4468	(910, 1440)	'事件'	4691
4469	(1058, 1863)	'网站'	4692
4470	(414, 151)	'抗'	4693
4471	(644, 165)	'肥'	4694
4472	(12000, 141)	'」'	4695
4473	(12000, 140)	'「'	4696
4474	(121, 114)	'yr'	4697
4475	(767, 292)	'ival'	4698
4476	(1244, 169)	'摩'	4699
4477	(82, 69)	'RE'	4700
4478	(32, 2212)	' ہ'	4701
4479	(108, 372)	'lim'	4702
4480	(713, 145)	'跑'	4703
4481	(276, 105)	' bi'	4704
4482	(1149, 767)	' activ'	4705
4483	(276, 1069)	' book'	4706
4484	(543, 329)	' vot'	4707
4485	(347, 111)	'ado'	4708
4486	(112, 287)	'par'	4709
4487	(742, 465)	'小时'	4710
4488	(433, 2036)	' rather'	4711
4489	(577, 164)	'த'	4712
4490	(499, 155)	'毛'	4713
4491	(612, 12135)	' July'	4714
4492	(288, 2581)	' occ'	4715
4493	(490, 1595)	'家居'	4716
4494	(117, 102)	'uf'	4717
4495	(2542, 1930)	'න්'	4718
4496	(1339, 163)	' ኣ'	4720
4497	(108, 102)	'lf'	4721
4498	(107, 105)	'ki'	4722
4499	(500, 1271)	'ам'	4723
4500	(1580, 2582)	'视频'	4724
4501	(463, 170)	'怪'	4725
4502	(264, 2152)	' sense'	4726
4503	(402, 157)	'川'	4727
4504	(84, 114)	'Tr'	4729
4505	(505, 174)	' خ'	4730
4506	(557, 267)	'aker'	4731
4507	(823, 661)	'利用'	4732
4508	(927, 440)	'ization'	4733
4509	(12213, 188)	'鱼'	4734
4510	(281, 2158)	' field'	4735
4511	(2298, 526)	'央行'	4736
4512	(296, 639)	' host'	4738
4513	(404, 187)	'寻'	4739
4514	(795, 159)	'た'	4740
4515	(794, 115)	'ips'	4741
4516	(1910, 937)	' entire'	4742
4517	(425, 12199)	" haven't"	4743
4518	(3664, 929)	'有限公司'	4744
4519	(619, 115)	' abs'	4745
4520	(568, 662)	'成本'	4746
4521	(1763, 1142)	' running'	4747
4522	(773, 710)	'长期'	4748
4523	(286, 100)	'edd'	4749
4524	(300, 282)	'asing'	4750
4525	(696, 2308)	'比例'	4751
4526	(353, 278)	' Sen'	4752
4527	(385, 552)	'不要'	4753
4528	(296, 309)	' hom'	4754
4529	(256, 476)	' tem'	4755
4530	(1346, 554)	'十分'	4756
4531	(380, 373)	' held'	4758
4532	(283, 575)	' pres'	4759
4533	(576, 1253)	'学院'	4760
4534	(1324, 831)	'ancial'	4761
4535	(857, 800)	'此次'	4762
4536	(879, 1580)	'电视'	4763
4537	(396, 595)	'人们'	4764
4538	(2385, 286)	' killed'	4765
4539	(592, 898)	'公里'	4766
4540	(281, 752)	' fine'	4767
4541	(499, 146)	'毒'	4768
4542	(305, 163)	'圣'	4770
4543	(705, 1073)	'同样'	4771
4544	(599, 1135)	'ик'	4772
4545	(3103, 1288)	' political'	4773
4546	(3655, 828)	' industry'	4774
4547	(357, 141)	'词'	4775
4548	(216, 174)	'خ'	4776
4549	(505, 185)	' ع'	4777
4550	(883, 101)	' Ste'	4778
4551	(821, 1689)	' arrest'	4779
4552	(45, 108)	'-l'	4781
4553	(585, 110)	' En'	4782
4554	(568, 1299)	'成立'	4783
4555	(2222, 101)	'reme'	4784
4556	(2707, 330)	' recently'	4785
4557	(388, 177)	'弱'	4786
4558	(566, 131)	'沃'	4787
4559	(117, 274)	'uit'	4789
4560	(118, 292)	'val'	4790
4561	(12178, 770)	'综合'	4792
4562	(586, 133)	' अ'	4793
4563	(97, 397)	'aur'	4794
4564	(1592, 1055)	'参考'	4795
4565	(1492, 48)	' 70'	4796
4566	(910, 870)	'事情'	4797
4567	(411, 147)	'库'	4798
4568	(374, 917)	'under'	4799
4569	(281, 3980)	' further'	4801
4570	(1058, 1463)	'网友'	4802
4571	(399, 1879)	'大幅'	4803
4572	(795, 171)	'に'	4804
4573	(691, 518)	'面对'	4806
4574	(599, 762)	'ит'	4809
4575	(340, 167)	'旧'	4810
4576	(490, 3133)	'家庭'	4811
4577	(2521, 109)	' film'	4812
4578	(461, 287)	' Har'	4813
4579	(364, 311)	'roll'	4814
4580	(486, 730)	" aren't"	4815
4581	(887, 1309)	'明星'	4816
4582	(638, 1195)	' One'	4817
4583	(3257, 333)	' moment'	4818
4584	(696, 840)	'比如'	4819
4585	(500, 1135)	'ак'	4820
4586	(605, 267)	'ender'	4821
4587	(1999, 162)	'慢'	4822
4588	(967, 552)	'只要'	4823
4589	(539, 101)	' Ge'	4824
4590	(605, 115)	'ends'	4827
4591	(359, 168)	'讨'	4828
4592	(285, 456)	' mag'	4829
4593	(310, 157)	'违'	4830
4594	(1310, 267)	' super'	4831
4595	(1638, 12193)	'火箭'	4832
4596	(526, 419)	'行为'	4833
4597	(97, 1276)	'ault'	4834
4598	(1519, 2285)	'领域'	4835
4599	(2702, 2077)	'竞争'	4836
4600	(455, 189)	'纽'	4837
4601	(281, 1538)	' fair'	4838
4602	(335, 1034)	'一种'	4839
4603	(768, 738)	'实力'	4840
4604	(720, 377)	'都有'	4841
4605	(1024, 12222)	' Thursday'	4842
4606	(497, 101)	'ume'	4843
4607	(673, 1752)	' leave'	4844
4608	(298, 181)	'兵'	4845
4609	(846, 904)	'当然'	4846
4610	(256, 1110)	' treat'	4847
4611	(2016, 178)	'菲'	4849
4612	(1703, 797)	'速度'	4850
4613	(398, 121)	'key'	4851
4614	(2424, 12157)	' similar'	4852
4615	(1661, 121)	' happy'	4853
4616	(489, 669)	' jud'	4854
4617	(645, 1426)	'ог'	4855
4618	(484, 517)	'出来'	4856
4619	(384, 759)	' step'	4857
4620	(357, 162)	'询'	4859
4621	(108, 351)	'lam'	4860
4622	(534, 136)	'ै'	4861
4623	(56, 56)	'88'	4862
4624	(390, 803)	' Mich'	4863
4625	(231, 152)	b'\xe7\x98'	4864
4626	(105, 401)	'iec'	4865
4627	(374, 116)	'unt'	4866
4628	(117, 104)	'uh'	4867
4629	(32, 397)	' ur'	4868
4630	(1542, 1357)	'北京时间'	4869
4631	(759, 116)	'ept'	4870
4632	(823, 1177)	'利率'	4871
4633	(543, 448)	' vol'	4872
4634	(2742, 917)	' wonder'	4873
4635	(82, 101)	'Re'	4874
4636	(805, 267)	' offer'	4875
4637	(99, 597)	'come'	4876
4638	(1414, 48)	' 60'	4877
4639	(285, 280)	' mis'	4878
4640	(12024, 323)	"I've"	4879
4641	(283, 630)	' pack'	4880
4642	(2896, 282)	' meeting'	4881
4643	(991, 2538)	'保护'	4882
4644	(353, 109)	' Sm'	4883
4645	(1875, 1766)	' surpr'	4884
4646	(12004, 178)	'曲'	4885
4647	(350, 161)	'乡'	4886
4648	(2065, 12187)	' announced'	4887
4649	(39, 39)	"''"	4888
4650	(718, 178)	'液'	4889
4651	(46, 48)	'.0'	4890
4652	(812, 565)	'关于'	4891
4653	(401, 369)	'ecut'	4892
4654	(570, 2361)	'下跌'	4893
4655	(3368, 1725)	' released'	4895
4656	(79, 85)	'OU'	4896
4657	(624, 832)	'ای'	4897
4658	(285, 329)	' mot'	4898
4659	(195, 151)	'×'	4899
4660	(557, 97)	'aka'	4900
4661	(304, 912)	' link'	4901
4662	(304, 111)	' lo'	4902
4663	(545, 116)	'ourt'	4904
4664	(509, 98)	' comb'	4906
4665	(290, 104)	' dh'	4907
4666	(232, 178)	b'\xe8\xb2'	4908
4667	(2007, 274)	' wait'	4910
4668	(468, 287)	' War'	4911
4669	(991, 1280)	'保证'	4912
4670	(456, 286)	'aged'	4913
4671	(1035, 171)	'莫'	4914
4672	(514, 103)	' neg'	4915
4673	(353, 401)	' Sec'	4916
4674	(194, 163)	'£'	4917
4675	(497, 97)	'uma'	4918
4676	(2141, 2217)	'人民币'	4919
4677	(283, 2825)	' present'	4920
4678	(12045, 166)	'瓦'	4921
4679	(729, 166)	'符'	4922
4680	(2124, 882)	' White'	4923
4681	(1002, 149)	' ਕ'	4924
4682	(549, 103)	' dog'	4925
4683	(45, 50)	'-2'	4926
4684	(586, 168)	' न'	4927
4685	(292, 97)	'ala'	4928
4686	(2373, 2430)	'范围'	4929
4687	(795, 175)	'は'	4932
4688	(1399, 115)	' shows'	4933
4689	(463, 128)	'怀'	4934
4690	(3957, 1986)	'阶段'	4935
4691	(706, 762)	'ет'	4936
4692	(2776, 2776)	'\u3000\u3000'	4937
4693	(2040, 728)	' provide'	4938
4694	(12158, 469)	b'\xe0\xb9\x80\xe0\xb8'	4939
4695	(629, 630)	' track'	4940
4696	(289, 151)	'朗'	4941
4697	(304, 1369)	' luck'	4942
4698	(449, 139)	'屋'	4943
4699	(302, 1110)	' threat'	4944
4700	(296, 516)	' hate'	4945
4701	(435, 287)	' Par'	4947
4702	(1170, 418)	'德国'	4948
4703	(4056, 144)	'齐'	4950
4704	(643, 154)	'罚'	4951
4705	(982, 55)	'2007'	4952
4706	(2021, 573)	'许多'	4953
4707	(307, 97)	'ica'	4954
4708	(283, 1238)	' pull'	4955
4709	(334, 186)	'固'	4956
4710	(570, 2689)	'下午'	4957
4711	(871, 136)	'ை'	4958
4712	(345, 3278)	' begin'	4959
4713	(2851, 2789)	'透露'	4960
4714	(339, 176)	'田'	4961
4715	(883, 1386)	' States'	4962
4716	(2391, 1836)	'按照'	4963
4717	(65, 65)	'AA'	4964
4718	(3618, 656)	'操作'	4965
4719	(1013, 782)	'身体'	4966
4720	(335, 816)	'一位'	4967
4721	(332, 12058)	' release'	4968
4722	(832, 12145)	'یں'	4969
4723	(1211, 876)	'型基金'	4970
4724	(588, 282)	'pping'	4971
4725	(12053, 642)	' movie'	4972
4726	(732, 130)	'時'	4973
4727	(435, 955)	' Park'	4974
4728	(2757, 922)	'移民'	4975
4729	(79, 77)	'OM'	4976
4730	(325, 282)	'iding'	4977
4731	(2093, 180)	'이'	4978
4732	(1916, 319)	'attle'	4979
4733	(480, 188)	'呼'	4980
4734	(411, 143)	'序'	4981
4735	(1674, 2469)	'采访'	4982
4736	(12151, 482)	' higher'	4984
4737	(743, 166)	'坦'	4985
4738	(302, 12140)	' thinking'	4986
4739	(1368, 97)	'ika'	4987
4740	(258, 111)	'ino'	4988
4741	(355, 101)	' Te'	4989
4742	(292, 105)	'ali'	4990
4743	(353, 119)	' Sw'	4991
4744	(1784, 777)	'男子'	4992
4745	(375, 1032)	' Aug'	4993
4746	(1474, 1395)	'传统'	4994
4747	(304, 1535)	' loss'	4995
4748	(264, 741)	' song'	4996
4749	(1002, 166)	' ਦ'	4997
4750	(2690, 4074)	' especially'	4998
4751	(727, 691)	'全面'	4999
4752	(2108, 1249)	'录取'	5000
4753	(644, 137)	'肉'	5001
4754	(342, 112)	' ep'	5003
4755	(315, 1752)	' gave'	5004
4756	(229, 180)	b'\xe5\xb4'	5005
4757	(987, 129)	'裁'	5006
4758	(462, 111)	' Do'	5007
4759	(290, 265)	' don'	5008
4760	(1476, 115)	' teams'	5009
4761	(1837, 457)	' leaders'	5010
4762	(863, 175)	'累'	5011
4763	(570, 271)	'下的'	5014
4764	(1365, 322)	b'\xe0\xa5\x87\xe0\xa4'	5016
4765	(2216, 526)	'举行'	5017
4766	(1406, 3904)	' awesome'	5018
4767	(586, 134)	' आ'	5019
4768	(195, 172)	'ì'	5020
4769	(1286, 1904)	'规划'	5021
4770	(312, 156)	'宜'	5022
4771	(2457, 156)	'鲜'	5023
4772	(3395, 273)	' human'	5024
4773	(496, 185)	'培'	5025
4774	(732, 182)	'晶'	5026
4775	(660, 284)	' goes'	5027
4776	(2352, 1197)	'尽管'	5028
4777	(97, 525)	'aul'	5029
4778	(45, 119)	'-w'	5030
4779	(283, 12058)	' please'	5031
4780	(2714, 282)	' building'	5032
4781	(12107, 2053)	' particular'	5033
4782	(304, 533)	' los'	5034
4783	(362, 180)	'伴'	5035
4784	(666, 175)	'软'	5036
4785	(464, 50)	' 22'	5037
4786	(1258, 163)	'荣'	5038
4787	(102, 2158)	'field'	5040
4788	(97, 523)	'ael'	5041
4789	(12028, 101)	' include'	5042
4790	(1204, 57)	'199'	5043
4791	(2055, 130)	'堂'	5044
4792	(390, 1545)	' Market'	5045
4793	(1786, 12188)	' earlier'	5046
4794	(385, 493)	'不到'	5047
4795	(512, 671)	'though'	5048
4796	(659, 604)	'最新'	5049
4797	(813, 177)	'稱'	5050
4798	(2736, 121)	' easy'	5051
4799	(558, 145)	'辑'	5052
4800	(109, 274)	'mit'	5053
4801	(584, 271)	'后的'	5054
4802	(285, 1806)	' mph'	5055
4803	(1793, 1022)	'角色'	5056
4804	(427, 1442)	'上升'	5057
4805	(519, 2069)	'ability'	5058
4806	(2349, 515)	'佳能'	5059
4807	(421, 157)	'贝'	5060
4808	(2775, 1306)	' position'	5061
4809	(338, 187)	'幻'	5062
4810	(3481, 3818)	' Twitter'	5063
4811	(1205, 1061)	'东西'	5064
4812	(257, 3370)	' average'	5065
4813	(460, 898)	'这里'	5066
4814	(65, 77)	'AM'	5067
4815	(117, 121)	'uy'	5068
4816	(271, 1618)	'的问题'	5069
4817	(260, 157)	'丝'	5070
4818	(3027, 12218)	' celebr'	5071
4819	(503, 377)	'会有'	5072
4820	(364, 100)	'rod'	5074
4821	(2960, 166)	'麦'	5075
4822	(414, 147)	'抓'	5076
4823	(812, 3773)	'关键'	5077
4824	(264, 278)	' sen'	5079
4825	(332, 12099)	' reports'	5080
4826	(285, 1400)	' mother'	5081
4827	(264, 739)	' sound'	5082
4828	(2624, 1234)	'简单'	5083
4829	(45, 52)	'-4'	5085
4830	(638, 750)	' Off'	5086
4831	(277, 121)	' cy'	5087
4832	(375, 588)	' App'	5088
4833	(689, 373)	' sold'	5089
4834	(1800, 854)	' Also'	5090
4835	(1426, 1801)	'ган'	5093
4836	(276, 1041)	' base'	5094
4837	(825, 154)	'聚'	5095
4838	(65, 116)	'At'	5096
4839	(288, 107)	' ok'	5098
4840	(384, 2764)	' staff'	5099
4841	(521, 133)	'厅'	5100
4842	(328, 190)	'尾'	5101
4843	(727, 704)	'全部'	5102
4844	(265, 97)	'ona'	5103
4845	(384, 775)	' stra'	5104
4846	(525, 440)	'ulation'	5107
4847	(893, 99)	' enc'	5108
4848	(460, 1158)	'这么'	5109
4849	(12191, 331)	' target'	5110
4850	(346, 284)	' ones'	5111
4851	(12259, 626)	b'\xe0\xa9\xb1\xe0\xa8'	5112
4852	(197, 161)	'š'	5113
4853	(822, 518)	'相对'	5114
4854	(276, 519)	' bab'	5115
4855	(371, 177)	'東'	5116
4856	(313, 401)	' nec'	5117
4857	(269, 135)	'皇'	5118
4858	(234, 179)	b'\xea\xb3'	5119
4859	(32, 237)	b' \xed'	5120
4860	(99, 267)	'cer'	5121
4861	(1389, 145)	'滑'	5122
4862	(1045, 116)	'oint'	5123
4863	(284, 101)	'ese'	5124
4864	(12245, 148)	'는'	5125
4865	(12124, 292)	' total'	5126
4866	(573, 271)	'多的'	5127
4867	(433, 516)	' rate'	5128
4868	(993, 139)	'ో'	5129
4869	(521, 154)	'厚'	5130
4870	(567, 3119)	b'\xe0\xb0\x82\xe0\xb0'	5131
4871	(3998, 330)	' exactly'	5132
4872	(1259, 800)	'首次'	5133
4873	(555, 182)	'架'	5134
4874	(371, 130)	'杂'	5135
4875	(795, 132)	'い'	5136
4876	(12220, 738)	'努力'	5137
4877	(1931, 174)	'献'	5138
4878	(768, 2100)	'实施'	5139
4879	(304, 286)	' led'	5140
4880	(675, 165)	'童'	5142
4881	(468, 12239)	' Washington'	5143
4882	(1097, 286)	'ressed'	5144
4883	(325, 723)	'idge'	5145
4884	(2325, 904)	'依然'	5146
4885	(725, 12037)	' myself'	5147
4886	(989, 282)	'aving'	5148
4887	(659, 1939)	'最大的'	5149
4888	(385, 2780)	'不错'	5150
4889	(281, 273)	' fan'	5151
4890	(2718, 292)	' general'	5152
4891	(2016, 156)	'菜'	5153
4892	(1316, 484)	'推出'	5155
4893	(1011, 147)	'ና'	5156
4894	(822, 696)	'相比'	5158
4895	(357, 175)	'误'	5159
4896	(111, 104)	'oh'	5160
4897	(217, 131)	'ك'	5161
4898	(3184, 115)	' kids'	5163
4899	(1723, 764)	'确定'	5164
4900	(846, 536)	'当地'	5165
4901	(647, 116)	'apt'	5167
4902	(617, 783)	'方法'	5168
4903	(271, 1581)	'的话'	5169
4904	(301, 186)	'夺'	5170
4905	(3138, 115)	' Highs'	5171
4906	(276, 111)	' bo'	5172
4907	(231, 185)	b'\xe7\xb9'	5174
4908	(2075, 121)	' study'	5175
4909	(1361, 139)	'る'	5176
4910	(1179, 327)	'play'	5177
4911	(393, 136)	'盈'	5178
4912	(709, 945)	' space'	5179
4913	(399, 1025)	'大量'	5180
4914	(285, 1008)	' mass'	5181
4915	(1099, 158)	'舞'	5182
4916	(281, 858)	' fell'	5183
4917	(2231, 105)	'medi'	5184
4918	(56, 53)	'85'	5185
4919	(902, 836)	'房价'	5186
4920	(651, 892)	'主队'	5187
4921	(879, 777)	'电子'	5188
4922	(319, 640)	'lement'	5189
4923	(538, 136)	'授'	5190
4924	(1302, 565)	'处于'	5191
4925	(677, 356)	'将在'	5192
4926	(603, 164)	'ત'	5193
4927	(782, 2096)	'体验'	5194
4928	(103, 282)	'ging'	5195
4929	(1620, 155)	'痛'	5196
4930	(984, 2074)	'政治'	5197
4931	(1378, 184)	'岸'	5198
4932	(153, 429)	b'\x99\xe1\x80'	5199
4933	(795, 168)	'と'	5200
4934	(1823, 12266)	'越来越'	5201
4935	(1305, 663)	'值得'	5202
4936	(583, 168)	'ረ'	5203
4937	(264, 882)	' site'	5204
4938	(271, 742)	'的小'	5205
4939	(534, 130)	'ू'	5206
4940	(2269, 731)	' India'	5207
4941	(829, 920)	'ول'	5208
4942	(12050, 97)	' America'	5209
4943	(2604, 500)	' на'	5212
4944	(638, 98)	' Ob'	5213
4945	(337, 153)	'’'	5214
4946	(4097, 330)	'Mostly'	5215
4947	(307, 111)	'ico'	5216
4948	(661, 1495)	'用户'	5218
4949	(283, 632)	' port'	5219
4950	(281, 274)	' fit'	5220
4951	(397, 116)	'urt'	5221
4952	(394, 181)	'赵'	5222
4953	(1232, 286)	' needed'	5223
4954	(835, 134)	'隆'	5224
4955	(568, 1007)	'成交'	5225
4956	(713, 179)	'跳'	5226
4957	(859, 156)	'柜'	5227
4958	(1285, 1880)	'结构'	5228
4959	(114, 273)	'ran'	5229
4960	(390, 286)	' Med'	5231
4961	(963, 2069)	'ibility'	5232
4962	(68, 111)	'Do'	5233
4963	(110, 105)	'ni'	5234
4964	(2276, 531)	'招生'	5235
4965	(392, 161)	'衡'	5236
4966	(1241, 286)	' worked'	5237
4967	(429, 183)	'့'	5238
4968	(694, 154)	'ේ'	5239
4969	(1969, 728)	' inside'	5240
4970	(3578, 687)	' Police'	5241
4971	(1555, 515)	'才能'	5242
4972	(1457, 451)	'共和'	5243
4973	(993, 135)	'ే'	5244
4974	(732, 168)	'晨'	5245
4975	(277, 487)	' cop'	5247
4976	(388, 159)	'弟'	5249
4977	(899, 1751)	'因素'	5250
4978	(535, 418)	'我国'	5252
4979	(296, 4015)	' huge'	5253
4980	(786, 144)	'姐'	5254
4981	(3975, 12117)	' Department'	5255
4982	(463, 149)	'怕'	5257
4983	(488, 101)	' Ne'	5258
4984	(975, 190)	'灾'	5259
4985	(822, 1044)	'相信'	5261
4986	(260, 129)	'丁'	5262
4987	(2576, 760)	'昨天'	5263
4988	(4233, 2100)	'措施'	5264
4989	(112, 286)	'ped'	5265
4990	(51, 55)	'37'	5266
4991	(290, 364)	' dro'	5267
4992	(2044, 1275)	'减少'	5268
4993	(298, 145)	'兑'	5269
4994	(406, 137)	'玉'	5270
4995	(257, 104)	' ah'	5271
4996	(112, 882)	'pite'	5272
4997	(855, 144)	'恐'	5273
4998	(1472, 130)	'狂'	5274
4999	(1675, 150)	'暖'	5276
5000	(1609, 1051)	'真正'	5277
5001	(799, 166)	'苦'	5278
5002	(2675, 130)	'蒂'	5279
5003	(611, 1884)	'经营'	5280
5004	(276, 12096)	' board'	5281
5005	(268, 2144)	' wants'	5282
5006	(468, 1690)	' When'	5283
5007	(2228, 267)	' career'	5284
5008	(1017, 1276)	' result'	5285
5009	(586, 172)	' ब'	5286
5010	(478, 1106)	'ript'	5287
5011	(433, 739)	' round'	5288
5012	(645, 209)	b'\xd0\xbe\xd1'	5289
5013	(1619, 284)	'ences'	5290
5014	(538, 140)	'掌'	5291
5015	(372, 516)	'imate'	5292
5016	(857, 620)	'此前'	5293
5017	(268, 270)	' wat'	5294
5018	(289, 131)	'會'	5295
5019	(118, 382)	'vir'	5296
5020	(279, 161)	'亡'	5297
5021	(528, 2060)	' Lows'	5299
5022	(2800, 844)	'核心'	5300
5023	(407, 4265)	'oogle'	5301
5024	(54, 53)	'65'	5302
5025	(1031, 766)	'商品'	5303
5026	(3870, 483)	' latest'	5304
5027	(396, 1397)	'人口'	5305
5028	(351, 115)	'ams'	5307
5029	(1341, 135)	'勇'	5308
5030	(67, 273)	'Can'	5309
5031	(496, 131)	'埃'	5310
5032	(2163, 160)	' በ'	5313
5033	(108, 1208)	'lish'	5314
5034	(1382, 1643)	'老师'	5315
5035	(2949, 910)	'故事'	5317
5036	(445, 139)	'秋'	5318
5037	(2073, 984)	'财政'	5319
5038	(583, 171)	'ራ'	5320
5039	(2654, 1722)	'微博'	5321
5040	(2167, 904)	'仍然'	5322
5041	(277, 627)	' card'	5323
5042	(101, 284)	'ees'	5324
5043	(604, 3185)	'新闻'	5325
5044	(132, 1911)	b'\x84\xe1\x80\xba\xe1\x80'	5326
5045	(376, 3101)	' Comp'	5327
5046	(826, 533)	' clos'	5328
5047	(2387, 1653)	'篮板'	5330
5048	(585, 108)	' El'	5331
5049	(1709, 604)	'创新'	5332
5050	(382, 97)	'ira'	5333
5051	(1076, 818)	'女性'	5334
5052	(382, 320)	'irst'	5335
5053	(2937, 330)	' currently'	5336
5054	(586, 164)	' त'	5337
5055	(874, 892)	'两队'	5338
5056	(12038, 1077)	' respond'	5339
5057	(455, 175)	'纯'	5340
5058	(1017, 1138)	' resident'	5341
5059	(308, 145)	'刑'	5342
5060	(345, 270)	' beat'	5343
5061	(918, 4437)	' perfect'	5345
5062	(277, 1084)	' cause'	5346
5063	(3891, 724)	'尤其'	5347
5064	(1258, 137)	'草'	5348
5065	(506, 145)	'剑'	5350
5066	(233, 160)	b'\xe9\xa0'	5351
5067	(1149, 321)	' action'	5352
5068	(218, 190)	'ھ'	5353
5069	(310, 133)	'迅'	5354
5070	(388, 151)	'弗'	5357
5071	(312, 151)	'宗'	5358
5072	(856, 179)	'ታ'	5359
5073	(12233, 282)	' amazing'	5360
5074	(469, 162)	'ย'	5361
5075	(285, 2638)	' mention'	5362
5076	(2245, 2977)	' League'	5363
5077	(864, 349)	'更是'	5364
5078	(1180, 175)	'唯'	5365
5079	(1444, 1694)	'广州'	5366
5080	(12132, 372)	' victim'	5367
5081	(108, 2708)	'load'	5368
5082	(390, 101)	' Me'	5369
5083	(488, 4238)	' NIGHT'	5370
5084	(12164, 107)	' risk'	5371
5085	(1636, 3765)	'改革'	5372
5086	(437, 163)	'散'	5373
5087	(276, 397)	' bur'	5374
5088	(355, 86)	' TV'	5375
5089	(12011, 52)	' 2014'	5376
5090	(469, 165)	'ล'	5377
5091	(1612, 191)	'腿'	5378
5092	(563, 168)	'ন'	5380
5093	(1665, 2197)	' wrote'	5381
5094	(462, 3858)	' Donald'	5382
5095	(312, 190)	'宾'	5383
5096	(12086, 1041)	' increase'	5384
5097	(274, 275)	'itor'	5385
5098	(32, 381)	' ver'	5386
5099	(599, 740)	'ир'	5388
5100	(1103, 12037)	' himself'	5389
5101	(1156, 147)	'缓'	5390
5102	(380, 600)	' heart'	5391
5103	(111, 325)	'oid'	5392
5104	(385, 553)	'不可'	5393
5105	(2339, 1235)	'责任'	5394
5106	(815, 137)	'廉'	5395
5107	(353, 273)	' San'	5396
5108	(2224, 617)	'官方'	5397
5109	(277, 1110)	' creat'	5399
5110	(2738, 640)	' development'	5400
5111	(1412, 1947)	'观众'	5401
5112	(2183, 924)	'普通'	5402
5113	(904, 584)	'然后'	5403
5114	(353, 12033)	' School'	5404
5115	(304, 519)	' lab'	5405
5116	(340, 162)	'既'	5406
5117	(121, 284)	'yes'	5407
5118	(12004, 191)	'替'	5408
5119	(478, 1420)	'ribe'	5409
5120	(1733, 286)	' died'	5410
5121	(69, 67)	'EC'	5413
5122	(651, 2659)	'主席'	5414
5123	(1316, 716)	'推动'	5415
5124	(32, 1898)	' à'	5416
5125	(2672, 817)	'严重'	5417
5126	(80, 67)	'PC'	5418
5127	(1685, 152)	' መ'	5419
5128	(603, 174)	'મ'	5420
5129	(653, 1367)	'开放'	5421
5130	(264, 12108)	' sorry'	5423
5131	(256, 1853)	' takes'	5424
5132	(258, 110)	'inn'	5425
5133	(12243, 188)	b'\xaf\xe0\xa6\xbc'	5427
5134	(361, 142)	'野'	5428
5135	(991, 4291)	'保障'	5429
5136	(1102, 99)	' Inc'	5430
5137	(1945, 1724)	'测试'	5431
5138	(583, 152)	'መ'	5432
5139	(638, 540)	' Oct'	5434
5140	(230, 135)	b'\xe6\x87'	5435
5141	(792, 182)	'零'	5436
5142	(744, 887)	'说明'	5437
5143	(264, 580)	' squ'	5438
5144	(2675, 153)	'蒙'	5439
5145	(368, 267)	'iger'	5440
5146	(1215, 270)	' feat'	5441
5147	(427, 1125)	'上周'	5442
5148	(257, 723)	' age'	5445
5149	(1188, 319)	' role'	5446
5150	(390, 422)	' Mus'	5447
5151	(1251, 172)	'硬'	5448
5152	(852, 809)	'venue'	5449
5153	(792, 170)	'雪'	5450
5154	(12186, 422)	' focus'	5451
5155	(855, 139)	'恋'	5452
5156	(967, 515)	'只能'	5453
5157	(2173, 12163)	' global'	5454
5158	(54, 54)	'66'	5455
5159	(3176, 440)	' investigation'	5456
5160	(706, 872)	'ел'	5457
5161	(718, 130)	'涂'	5458
5162	(1024, 1318)	' Thank'	5459
5163	(960, 171)	'ያ'	5460
5164	(264, 105)	' si'	5461
5165	(97, 325)	'aid'	5462
5166	(2086, 335)	'另一'	5463
5167	(2146, 770)	'适合'	5464
5168	(292, 107)	'alk'	5465
5169	(312, 135)	'宇'	5466
5170	(109, 282)	'ming'	5467
5171	(276, 2099)	' box'	5468
5172	(195, 168)	'è'	5469
5173	(291, 1471)	' town'	5470
5174	(1313, 1322)	'组图'	5472
5175	(1147, 730)	" couldn't"	5473
5176	(1036, 1202)	' amount'	5474
5177	(783, 1253)	'法院'	5475
5178	(464, 51)	' 23'	5476
5179	(1748, 605)	' weekend'	5477
5180	(1627, 12297)	'深圳'	5478
5181	(288, 417)	' oil'	5479
5182	(1002, 184)	' ਸ'	5480
5183	(77, 80)	'MP'	5481
5184	(1070, 171)	'漫'	5482
5185	(816, 1899)	'位置'	5483
5186	(795, 151)	'し'	5484
5187	(379, 153)	'孙'	5485
5188	(1089, 1604)	'无论'	5486
5189	(279, 166)	'亦'	5487
5190	(355, 111)	' To'	5488
5191	(84, 72)	'TH'	5489
5192	(608, 810)	' plans'	5490
5193	(374, 107)	'unk'	5491
5194	(69, 120)	'Ex'	5492
5195	(2273, 1927)	' specific'	5493
5196	(317, 83)	' IS'	5494
5197	(586, 181)	' व'	5495
5198	(1080, 139)	'ੋ'	5496
5199	(462, 327)	' Day'	5497
5200	(1680, 286)	' posted'	5498
5201	(543, 287)	' var'	5499
5202	(913, 1473)	' usually'	5500
5203	(1000, 1138)	' incident'	5502
5204	(502, 97)	'anda'	5503
5205	(332, 2713)	' review'	5504
5206	(1265, 129)	'禁'	5505
5207	(598, 271)	'高的'	5506
5208	(1350, 797)	'程度'	5507
5209	(787, 184)	'胸'	5508
5210	(705, 696)	'同比'	5509
5211	(1570, 1297)	'走势'	5510
5212	(1675, 130)	'暂'	5511
5213	(402, 167)	'巧'	5512
5214	(3562, 550)	'毕业'	5513
5215	(1387, 184)	'脸'	5514
5216	(990, 1299)	'建立'	5515
5217	(1675, 151)	'暗'	5516
5218	(624, 1308)	'اد'	5517
5219	(84, 111)	'To'	5518
5220	(2438, 187)	'翻'	5519
5221	(3753, 12106)	' January'	5520
5222	(2125, 389)	'命中'	5521
5223	(304, 958)	' log'	5522
5224	(102, 1037)	'ford'	5523
5225	(1994, 617)	'警方'	5524
5226	(772, 1447)	'平米'	5525
5227	(2777, 12248)	' parents'	5526
5228	(70, 76)	'FL'	5528
5229	(619, 1066)	' above'	5529
5230	(1564, 135)	' ч'	5530
5231	(567, 176)	'ర'	5531
5232	(688, 160)	'侠'	5532
5233	(104, 104)	'hh'	5533
5234	(417, 116)	'ilt'	5534
5235	(844, 737)	'心理'	5535
5236	(99, 121)	'cy'	5536
5237	(1596, 902)	'住房'	5537
5238	(3225, 1855)	'吸引'	5538
5239	(1700, 1168)	b'\xe0\xa4\xb0\xe0\xa5\x8d\xe0\xa4'	5539
5240	(641, 151)	'洗'	5540
5241	(364, 309)	'room'	5541
5242	(367, 157)	'帝'	5542
5243	(1043, 396)	'让人'	5543
5244	(12258, 882)	' website'	5544
5245	(823, 3838)	'利润'	5545
5246	(1113, 12159)	'英寸'	5546
5247	(771, 180)	'援'	5547
5248	(257, 3669)	' ahead'	5548
5249	(3070, 809)	' value'	5549
5250	(1185, 770)	'联合'	5550
5251	(264, 2691)	' sounds'	5551
5252	(1112, 183)	'混'	5552
5253	(387, 144)	'徐'	5553
5254	(1534, 3075)	'几乎'	5554
5255	(51, 56)	'38'	5555
5256	(626, 168)	'ਨ'	5556
5257	(508, 4497)	' self'	5557
5258	(837, 769)	'看好'	5558
5259	(1329, 271)	'他们的'	5559
5260	(680, 716)	'自动'	5560
5261	(1002, 185)	' ਹ'	5561
5262	(2589, 156)	'榜'	5562
5263	(2474, 2825)	' represent'	5563
5264	(195, 170)	'ê'	5564
5265	(2389, 2713)	' interview'	5565
5266	(2543, 330)	' nearly'	5566
5267	(1835, 97)	'iya'	5567
5268	(656, 766)	'作品'	5568
5269	(2448, 12176)	' correct'	5569
5270	(637, 503)	'就会'	5570
5271	(2634, 4239)	' situation'	5571
5272	(281, 623)	' fast'	5572
5273	(277, 292)	' cal'	5573
5274	(1576, 2296)	'太阳'	5574
5275	(322, 170)	'प'	5575
5276	(469, 180)	'ิ'	5576
5277	(435, 270)	' Pat'	5577
5278	(1608, 1772)	'精神'	5578
5279	(1229, 137)	'粉'	5579
5280	(1520, 1703)	'快速'	5580
5281	(1683, 48)	' 80'	5581
5282	(1311, 760)	'每天'	5582
5283	(695, 1013)	'机身'	5583
5284	(218, 175)	'گ'	5584
5285	(3220, 2048)	'丰富'	5585
5286	(281, 1642)	' fix'	5587
5287	(313, 100)	' nd'	5588
5288	(121, 111)	'yo'	5589
5289	(1971, 292)	' personal'	5590
5290	(466, 570)	'以下'	5591
5291	(1717, 286)	' looked'	5592
5292	(626, 164)	'ਤ'	5593
5293	(52, 56)	'48'	5594
5294	(1244, 134)	'摆'	5595
5295	(329, 97)	'ota'	5596
5296	(468, 403)	' With'	5597
5297	(960, 176)	'ደ'	5598
5298	(1006, 267)	'anger'	5599
5299	(2302, 156)	'潜'	5600
5300	(376, 4663)	' Court'	5601
5301	(832, 894)	'ین'	5602
5302	(426, 2229)	'年轻'	5603
5303	(307, 678)	'icks'	5604
5304	(441, 111)	' ko'	5605
5305	(98, 275)	'bor'	5607
5306	(546, 132)	'俄'	5609
5307	(268, 1208)	' wish'	5610
5308	(2386, 2517)	'突破'	5611
5309	(195, 178)	'ò'	5612
5310	(1479, 398)	'like'	5613
5311	(652, 141)	'遍'	5615
5312	(1813, 954)	'维持'	5616
5313	(1792, 48)	' 90'	5617
5314	(1699, 3034)	'防守'	5619
5315	(929, 271)	'公司的'	5620
5316	(4377, 1056)	' military'	5621
5317	(1133, 149)	' ક'	5622
5318	(732, 147)	'晓'	5623
5319	(331, 267)	'eter'	5624
5320	(426, 517)	'年来'	5625
5321	(944, 190)	'爾'	5626
5322	(290, 2703)	' drop'	5627
5323	(867, 914)	' knew'	5628
5324	(52, 54)	'46'	5629
5325	(1007, 924)	'交通'	5630
5326	(290, 767)	' div'	5631
5327	(103, 97)	'ga'	5632
5328	(641, 129)	'洁'	5633
5329	(268, 1633)	' wife'	5634
5330	(12126, 731)	' Russia'	5635
5331	(786, 154)	'姚'	5636
5332	(396, 1068)	'人物'	5637
5333	(1775, 12295)	'希腊'	5638
5334	(485, 180)	'浴'	5639
5335	(469, 148)	'ด'	5640
5336	(465, 1200)	'时代'	5641
5337	(1636, 1268)	'改变'	5642
5338	(3462, 282)	' shooting'	5643
5339	(508, 852)	' seven'	5644
5340	(931, 107)	' thank'	5645
5341	(117, 120)	'ux'	5646
5342	(264, 2111)	' suff'	5647
5343	(32, 325)	' id'	5649
5344	(3530, 2667)	' football'	5651
5345	(923, 109)	' imm'	5652
5346	(1523, 329)	' phot'	5653
5347	(480, 136)	'呈'	5654
5348	(1117, 162)	'钢'	5655
5349	(2746, 2189)	' Canada'	5656
5350	(1849, 3126)	' countries'	5657
5351	(1387, 177)	'脱'	5658
5352	(53, 53)	'55'	5659
5353	(1058, 1119)	'网游'	5661
5354	(290, 368)	' dig'	5662
5355	(109, 300)	'mas'	5663
5356	(1674, 1249)	'采取'	5664
5357	(382, 105)	'iri'	5665
5358	(856, 160)	'በ'	5666
5359	(347, 121)	'ady'	5667
5360	(1597, 4534)	' financial'	5668
5361	(989, 121)	'avy'	5669
5362	(859, 147)	'染'	5671
5363	(87, 403)	'With'	5673
5364	(45, 56)	'-8'	5674
5365	(617, 1613)	'方案'	5675
5366	(1099, 135)	'與'	5676
5367	(1038, 129)	'ુ'	5677
5368	(792, 168)	'雨'	5678
5369	(67, 67)	'CC'	5679
5370	(603, 149)	'ક'	5680
5371	(111, 330)	'oly'	5681
5372	(283, 719)	' pub'	5682
5373	(2303, 116)	' capt'	5683
5374	(106, 97)	'ja'	5684
5375	(2617, 321)	' election'	5685
5376	(1113, 3423)	'英語'	5686
5377	(585, 623)	' East'	5687
5378	(501, 487)	' shop'	5688
5379	(968, 739)	' ground'	5689
5380	(100, 97)	'da'	5690
5381	(638, 80)	' OP'	5691
5382	(71, 331)	'Get'	5692
5383	(377, 396)	'有人'	5693
5384	(1495, 1211)	'户型'	5694
5385	(315, 278)	' gen'	5695
5386	(589, 614)	' exist'	5696
5387	(4297, 1297)	'趋势'	5697
5388	(310, 185)	'迹'	5698
5389	(570, 517)	'下来'	5699
5390	(1185, 2989)	'联盟'	5700
5391	(12040, 1484)	' product'	5701
5392	(258, 286)	'ined'	5702
5393	(274, 284)	'ites'	5703
5394	(612, 630)	' Jack'	5704
5395	(1687, 267)	' longer'	5705
5396	(659, 2349)	'最佳'	5706
5397	(3072, 1575)	' type'	5707
5398	(1047, 475)	' score'	5708
5399	(573, 830)	'多数'	5709
5400	(1092, 1385)	'制造'	5710
5401	(12048, 369)	'ribut'	5711
5402	(936, 484)	'提出'	5712
5403	(4250, 144)	'에'	5714
5404	(681, 100)	' word'	5715
5405	(2180, 163)	'董'	5716
5406	(598, 1658)	'高清'	5717
5407	(114, 309)	'rom'	5718
5408	(441, 119)	' kw'	5719
5409	(1578, 12208)	'娱乐'	5720
5410	(421, 166)	'账'	5721
5411	(308, 128)	'刀'	5722
5412	(2471, 502)	' demand'	5723
5413	(694, 131)	'ස'	5726
5414	(501, 4195)	' shares'	5727
5415	(437, 172)	'敬'	5728
5416	(1102, 1629)	' Intern'	5729
5417	(3271, 983)	' performance'	5730
5418	(1634, 160)	'珠'	5731
5419	(4032, 764)	'肯定'	5732
5420	(2292, 1583)	'索尼'	5733
5421	(2304, 292)	' legal'	5735
5422	(2381, 275)	' director'	5736
5423	(736, 75)	' UK'	5737
5424	(855, 182)	'恶'	5738
5425	(12185, 319)	' title'	5739
5426	(1131, 782)	'具体'	5741
5427	(55, 54)	'76'	5742
5428	(377, 335)	'有一'	5743
5429	(694, 153)	'ෙ'	5744
5430	(32, 1819)	' 0.'	5745
5431	(1130, 1385)	'打造'	5746
5432	(83, 84)	'ST'	5747
5433	(1099, 146)	'舒'	5748
5434	(568, 773)	'成长'	5750
5435	(3583, 4102)	' potential'	5751
5436	(375, 103)	' Ag'	5754
5437	(12173, 121)	' policy'	5755
5438	(322, 163)	'ण'	5756
5439	(3219, 1908)	'冠军'	5757
5440	(446, 145)	'树'	5758
5441	(385, 663)	'不得'	5759
5442	(1656, 2053)	' regular'	5760
5443	(315, 12256)	' gonna'	5761
5444	(1342, 1097)	' address'	5762
5445	(65, 311)	'All'	5763
5446	(280, 99)	'isc'	5764
5447	(109, 265)	'mon'	5765
5448	(276, 270)	' bat'	5766
5449	(3466, 146)	'醒'	5767
5450	(526, 984)	'行政'	5769
5451	(2954, 900)	'姆斯'	5770
5452	(484, 1397)	'出口'	5771
5453	(720, 503)	'都会'	5772
5454	(79, 1195)	'One'	5774
5455	(276, 1318)	' bank'	5775
5456	(530, 1175)	' safe'	5776
5457	(362, 153)	'伙'	5777
5458	(999, 292)	' Val'	5778
5459	(1836, 1206)	'照片'	5779
5460	(2988, 4209)	' received'	5780
5461	(218, 147)	'ړ'	5781
5462	(703, 160)	'池'	5782
5463	(688, 167)	'侧'	5783
5464	(1080, 176)	'ੰ'	5784
5465	(4429, 1233)	' travel'	5785
5466	(411, 138)	'床'	5786
5467	(121, 273)	'yan'	5787
5468	(195, 180)	'ô'	5788
5469	(3073, 2792)	' Minister'	5789
5470	(1141, 2107)	' however'	5790
5471	(409, 172)	'冬'	5791
5472	(344, 108)	'owl'	5792
5473	(1588, 282)	' starting'	5793
5474	(375, 540)	' Act'	5794
5475	(3072, 112)	' typ'	5795
5476	(3834, 1075)	' summer'	5796
5477	(264, 319)	' sle'	5797
5478	(290, 483)	' dest'	5798
5479	(256, 265)	' ton'	5799
5480	(1180, 144)	'唐'	5801
5481	(119, 755)	'wood'	5802
5482	(679, 135)	'妇'	5803
5483	(281, 12201)	' federal'	5804
5484	(12246, 2225)	' relationship'	5806
5485	(1294, 576)	'光学'	5807
5486	(2280, 323)	' drive'	5808
5487	(433, 352)	' rac'	5809
5488	(1523, 2629)	' photo'	5810
5489	(417, 1662)	'ilities'	5811
5490	(1795, 173)	'饭'	5812
5491	(277, 4370)	' circ'	5813
5492	(276, 2184)	' bott'	5814
5493	(612, 101)	' Je'	5815
5494	(4143, 615)	b'\xc6\xb0\xe1\xbb'	5816
5495	(161, 429)	b'\xa1\xe1\x80'	5817
5496	(747, 167)	'ට'	5818
5497	(872, 2140)	'лар'	5819
5498	(1099, 185)	'船'	5820
5499	(1007, 1391)	'交流'	5821
5500	(295, 165)	'句'	5824
5501	(866, 3597)	' quality'	5825
5502	(883, 12146)	' Street'	5828
5503	(231, 158)	b'\xe7\x9e'	5829
5504	(12142, 112)	' susp'	5830
5505	(3300, 954)	'坚持'	5831
5506	(1011, 144)	'ነ'	5832
5507	(4845, 609)	' straight'	5833
5508	(994, 906)	' contact'	5834
5509	(586, 176)	' र'	5836
5510	(1054, 779)	'海外'	5837
5511	(342, 1075)	' emer'	5838
5512	(435, 267)	' Per'	5839
5513	(2649, 134)	' چ'	5840
5514	(437, 143)	'敏'	5841
5515	(337, 140)	'\u200c'	5842
5516	(775, 1408)	'raft'	5843
5517	(12169, 674)	' picture'	5844
5518	(258, 440)	'ination'	5845
5519	(1506, 1899)	'配置'	5846
5520	(119, 111)	'wo'	5848
5521	(1523, 1602)	' phys'	5849
5522	(876, 271)	'基金的'	5850
5523	(296, 287)	' har'	5851
5524	(1349, 978)	'演员'	5852
5525	(1526, 870)	'爱情'	5853
5526	(1726, 136)	'ገ'	5854
5527	(322, 181)	'व'	5855
5528	(626, 185)	'ਹ'	5856
5529	(292, 116)	'alt'	5857
5530	(1451, 163)	'患'	5858
5531	(337, 152)	'‘'	5860
5532	(1797, 2049)	'ার'	5862
5533	(1081, 110)	'ən'	5863
5534	(505, 173)	' ح'	5864
5535	(1745, 344)	' below'	5865
5536	(2068, 645)	' по'	5866
5537	(297, 153)	'仙'	5868
5538	(280, 284)	'ises'	5869
5539	(386, 163)	'扣'	5870
5540	(51, 57)	'39'	5871
5541	(276, 273)	' ban'	5872
5542	(636, 601)	' meant'	5874
5543	(51, 50)	'32'	5875
5544	(1348, 168)	'骨'	5876
5545	(257, 669)	' aud'	5877
5546	(589, 4653)	' execut'	5878
5547	(838, 166)	'锦'	5879
5548	(98, 2099)	'box'	5880
5549	(342, 609)	' eight'	5881
5550	(386, 174)	'扮'	5882
5551	(12241, 396)	'主持人'	5883
5552	(821, 478)	' arri'	5884
5553	(313, 440)	' nation'	5885
5554	(419, 651)	'为主'	5886
5555	(216, 186)	'غ'	5887
5556	(277, 1276)	' cult'	5889
5557	(1564, 141)	' э'	5890
5558	(4177, 321)	' version'	5891
5559	(1259, 1303)	'首先'	5893
5560	(1092, 797)	'制度'	5894
5561	(283, 868)	' page'	5895
5562	(1596, 4125)	'住宅'	5896
5563	(3776, 1740)	' involved'	5897
5564	(653, 484)	'开出'	5898
5565	(359, 162)	'订'	5899
5566	(3869, 323)	' improve'	5900
5567	(335, 802)	'一名'	5901
5568	(1066, 722)	'overed'	5902
5569	(582, 1533)	' living'	5903
5570	(397, 292)	'ural'	5904
5571	(367, 133)	'帅'	5905
5572	(509, 2013)	' comments'	5906
5573	(278, 282)	'ening'	5907
5574	(3290, 284)	' sales'	5908
5575	(464, 56)	' 28'	5909
5576	(4421, 111)	'ão'	5910
5577	(335, 426)	'一年'	5911
5578	(12253, 12276)	' difficult'	5912
5579	(4112, 12036)	' December'	5913
5580	(108, 3097)	'lished'	5914
5581	(982, 48)	'2000'	5915
5582	(376, 471)	' Cup'	5916
5583	(312, 171)	'宫'	5917
5584	(333, 330)	'ently'	5918
5585	(1031, 490)	'商家'	5919
5586	(121, 282)	'ying'	5920
5587	(818, 515)	'性能'	5921
5588	(865, 554)	'三分'	5922
5589	(1809, 1879)	'涨幅'	5923
5590	(45, 320)	'-st'	5924
5591	(2473, 138)	'熊'	5925
5592	(880, 1423)	'第四'	5927
5593	(3701, 1096)	'附近'	5928
5594	(3749, 418)	'韩国'	5929
5595	(3330, 3420)	' technology'	5930
5596	(216, 181)	'ص'	5931
5597	(574, 185)	'筹'	5932
5598	(551, 759)	' deep'	5933
5599	(388, 131)	'弃'	5934
5600	(296, 12215)	' hospital'	5935
5601	(2762, 1177)	'赔率'	5936
5602	(69, 76)	'EL'	5937
5603	(4022, 140)	'嫌'	5938
5604	(469, 151)	'ท'	5939
5605	(1444, 1205)	'广东'	5940
5606	(772, 1261)	'平台'	5941
5607	(1096, 537)	'近日'	5942
5608	(12238, 267)	' answer'	5943
5609	(1091, 168)	'ान'	5944
5610	(1691, 906)	' impact'	5946
5611	(1339, 160)	' አ'	5947
5612	(2309, 775)	' extra'	5948
5613	(418, 779)	'国外'	5949
5614	(876, 3223)	'基金经理'	5950
5615	(281, 105)	' fi'	5951
5616	(488, 344)	' Now'	5952
5617	(441, 273)	' kan'	5953
5618	(2085, 115)	' hands'	5954
5619	(1979, 121)	' ready'	5955
5620	(285, 12036)	' member'	5956
5621	(2545, 117)	' Qu'	5957
5622	(109, 475)	'more'	5958
5623	(1412, 808)	'观点'	5959
5624	(456, 282)	'aging'	5961
5625	(12131, 524)	' products'	5962
5626	(12005, 191)	'偿'	5963
5627	(98, 397)	'bur'	5964
5628	(500, 1331)	'ав'	5965
5629	(98, 111)	'bo'	5966
5630	(2853, 1305)	'净值'	5967
5631	(295, 172)	'召'	5968
5632	(12067, 911)	' questions'	5969
5633	(1442, 1166)	'升级'	5970
5634	(267, 366)	"er's"	5971
5635	(1026, 165)	'桥'	5972
5636	(539, 755)	' Good'	5973
5637	(216, 183)	'ط'	5974
5638	(778, 12037)	' yourself'	5976
5639	(511, 118)	' conv'	5977
5640	(433, 347)	' rad'	5978
5641	(1396, 286)	'ocked'	5979
5642	(1361, 146)	'を'	5980
5643	(3129, 1654)	' international'	5981
5644	(332, 323)	' reve'	5982
5645	(956, 12255)	' themselves'	5983
5646	(589, 12223)	' example'	5984
5647	(577, 159)	'ட'	5985
5648	(98, 108)	'bl'	5986
5649	(412, 148)	'途'	5987
5650	(435, 600)	' Part'	5988
5651	(264, 1187)	' swe'	5989
5652	(747, 189)	'ල'	5990
5653	(849, 108)	' compl'	5991
5654	(1390, 2449)	'装修'	5992
5655	(539, 714)	' God'	5993
5656	(1223, 995)	'那些'	5994
5657	(12271, 46)	'www.'	5995
5658	(350, 179)	'乳'	5996
5659	(3779, 330)	' completely'	5997
5660	(46, 50)	'.2'	5998
5661	(456, 97)	'aga'	5999
5662	(3525, 389)	'过程中'	6000
5663	(52, 57)	'49'	6001
5664	(416, 364)	' Bro'	6002
5665	(1557, 1019)	' email'	6003
5666	(2660, 518)	'绝对'	6005
5667	(568, 395)	'成了'	6006
5668	(587, 503)	'也会'	6007
5669	(694, 147)	'ී'	6008
5670	(347, 104)	'adh'	6009
5671	(897, 836)	'报价'	6011
5672	(322, 166)	'द'	6012
5673	(969, 1736)	'意见'	6013
5674	(1478, 1638)	'热火'	6014
5675	(1017, 4224)	' results'	6016
5676	(1131, 1494)	'具备'	6017
5677	(2303, 2202)	' capital'	6018
5678	(1092, 656)	'制作'	6019
5679	(677, 503)	'将会'	6020
5680	(12242, 605)	' recommend'	6022
5681	(105, 3427)	'ique'	6023
5682	(583, 139)	'ላ'	6024
5683	(1889, 1319)	'降低'	6026
5684	(289, 177)	'朱'	6027
5685	(12068, 2194)	' problems'	6029
5686	(12338, 3611)	'西班牙'	6030
5687	(46, 49)	'.1'	6031
5688	(1660, 677)	'即将'	6032
5689	(12207, 410)	' character'	6033
5690	(782, 1871)	'体育'	6034
5691	(1290, 2630)	'世纪'	6035
5692	(894, 1308)	'ند'	6036
5693	(283, 397)	' pur'	6037
5694	(288, 108)	' ol'	6038
5695	(499, 171)	'毫'	6039
5696	(1603, 497)	' consum'	6040
5697	(1426, 500)	'га'	6041
5698	(386, 172)	'扬'	6043
5699	(1762, 584)	'随后'	6044
5700	(258, 121)	'iny'	6045
5701	(754, 427)	'加上'	6046
5702	(12224, 430)	' touch'	6047
5703	(3665, 69)	' THE'	6048
5704	(119, 925)	'ware'	6049
5705	(551, 121)	' dey'	6050
5706	(107, 121)	'ky'	6051
5707	(114, 609)	'right'	6052
5708	(12066, 282)	' giving'	6053
5709	(12194, 3035)	' original'	6054
5710	(375, 80)	' AP'	6055
5711	(1443, 180)	' ප'	6056
5712	(12120, 267)	' Center'	6057
5713	(217, 190)	'پ'	6058
5714	(566, 170)	'沪'	6059
5715	(371, 156)	'杜'	6060
5716	(1207, 149)	' ক'	6061
5717	(635, 678)	'ocks'	6062
5718	(1100, 2597)	'战略'	6063
5719	(12038, 12306)	' response'	6064
5720	(4256, 518)	'针对'	6065
5721	(3000, 2053)	' popular'	6066
5722	(544, 156)	'颜'	6067
5723	(567, 178)	'ల'	6069
5724	(45, 54)	'-6'	6070
5725	(12308, 601)	' significant'	6071
5726	(754, 903)	'加入'	6072
5727	(312, 143)	'宏'	6073
5728	(4168, 516)	' private'	6074
5729	(464, 55)	' 27'	6075
5730	(571, 321)	'ession'	6076
5731	(12005, 182)	'偶'	6078
5732	(104, 1224)	'hold'	6079
5733	(293, 372)	' anim'	6080
5734	(522, 180)	'阴'	6081
5735	(274, 97)	'ita'	6082
5736	(906, 321)	'action'	6083
5737	(433, 1778)	' range'	6084
5738	(65, 12014)	'After'	6085
5739	(271, 651)	'的主'	6086
5740	(3428, 12322)	' February'	6087
5741	(283, 319)	' ple'	6088
5742	(543, 2197)	' vote'	6089
5743	(586, 166)	' द'	6090
5744	(987, 153)	'裙'	6091
5745	(592, 1163)	'公安'	6092
5746	(322, 154)	'च'	6093
5747	(256, 545)	' tour'	6094
5748	(433, 945)	' race'	6095
5749	(12212, 133)	'★'	6096
5750	(710, 271)	'期的'	6097
5751	(2967, 4799)	'编辑'	6098
5752	(611, 1964)	'经历'	6099
5753	(375, 78)	' AN'	6100
5754	(3193, 131)	' ස'	6101
5755	(466, 584)	'以后'	6102
5756	(1452, 265)	' common'	6103
5757	(1124, 599)	'ди'	6104
5758	(295, 182)	'叶'	6105
5759	(231, 146)	b'\xe7\x92'	6107
5760	(232, 179)	b'\xe8\xb3'	6108
5761	(1051, 1065)	'正常'	6109
5762	(528, 97)	' La'	6110
5763	(45, 471)	'-up'	6111
5764	(4286, 325)	' David'	6112
5765	(263, 108)	'rel'	6114
5766	(582, 1870)	' lives'	6115
5767	(816, 2427)	'位於'	6116
5768	(1498, 902)	'票房'	6117
5769	(626, 184)	'ਸ'	6118
5770	(2889, 2889)	'        '	6119
5771	(389, 1218)	'中华'	6120
5772	(376, 1059)	' Coll'	6121
5773	(2022, 1107)	'债务'	6122
5774	(1738, 700)	'ын'	6123
5775	(71, 66)	'GB'	6124
5776	(910, 768)	'事实'	6125
5777	(32, 417)	' il'	6126
5778	(313, 104)	' nh'	6127
5779	(386, 129)	'扁'	6128
5780	(12110, 284)	' changes'	6129
5781	(691, 2958)	'面临'	6130
5782	(276, 405)	' bill'	6131
5783	(518, 617)	'对方'	6132
5784	(78, 3200)	'NBA'	6133
5785	(586, 156)	' ज'	6135
5786	(743, 128)	'址'	6136
5787	(12150, 292)	'ournal'	6138
5788	(3624, 119)	' draw'	6139
5789	(759, 605)	'epend'	6140
5790	(794, 319)	'iple'	6141
5791	(4047, 1100)	'挑战'	6142
5792	(332, 996)	' reach'	6143
5793	(795, 166)	'て'	6144
5794	(281, 12210)	' felt'	6145
5795	(518, 857)	'对此'	6146
5796	(603, 181)	'વ'	6147
5797	(1285, 770)	'结合'	6148
5798	(264, 632)	' sort'	6150
5799	(411, 132)	'庄'	6152
5800	(987, 164)	'裤'	6153
5801	(12060, 344)	' follow'	6154
5802	(337, 162)	'•'	6155
5803	(612, 12281)	' Japan'	6156
5804	(65, 68)	'AD'	6157
5805	(73, 109)	'Im'	6158
5806	(1489, 2162)	' کے'	6160
5807	(464, 57)	' 29'	6161
5808	(3976, 1064)	'截至'	6163
5809	(875, 163)	'督'	6164
5810	(1079, 594)	'股市'	6165
5811	(1239, 661)	'费用'	6166
5812	(555, 170)	'枪'	6167
5813	(322, 151)	'ग'	6168
5814	(733, 1808)	'资料'	6169
5815	(577, 169)	'ன'	6170
5816	(82, 73)	'RI'	6171
5817	(52, 55)	'47'	6172
5818	(12292, 330)	'Partly'	6173
5819	(617, 1230)	'方向'	6174
5820	(623, 307)	'astic'	6175
5821	(1171, 282)	' seeing'	6176
5822	(684, 12119)	' allowed'	6177
5823	(276, 669)	' bud'	6178
5824	(1009, 112)	' prep'	6179
5825	(893, 115)	' ens'	6180
5826	(114, 351)	'ram'	6181
5827	(98, 286)	'bed'	6183
5828	(433, 273)	' ran'	6184
5829	(256, 397)	' tur'	6185
5830	(874, 396)	'两人'	6186
5831	(383, 173)	'凭'	6187
5832	(2592, 516)	' create'	6188
5833	(1609, 768)	'真实'	6189
5834	(2145, 273)	' clean'	6190
5835	(528, 12319)	' London'	6191
5836	(381, 116)	'vert'	6192
5837	(673, 2977)	' league'	6193
5838	(464, 54)	' 26'	6194
5839	(305, 134)	'圆'	6195
5840	(437, 140)	'敌'	6196
5841	(278, 286)	'ened'	6197
5842	(350, 177)	'乱'	6198
5843	(681, 3125)	' words'	6199
5844	(272, 108)	'oul'	6200
5845	(626, 130)	'ਂ'	6201
5846	(907, 1992)	' prices'	6202
5847	(275, 917)	'order'	6203
5848	(12296, 12329)	' California'	6204
5849	(377, 793)	'有所'	6205
5850	(486, 300)	' areas'	6206
5851	(270, 105)	'ati'	6207
5852	(542, 4438)	'发挥'	6208
5853	(616, 1200)	'现代'	6209
5854	(3444, 712)	'促进'	6210
5855	(469, 176)	'ะ'	6211
5856	(926, 166)	'邦'	6212
5857	(3933, 483)	' honest'	6213
5858	(1313, 770)	'组合'	6214
5859	(629, 3106)	' training'	6215
5860	(116, 307)	'tic'	6216
5861	(114, 115)	'rs'	6217
5862	(1504, 166)	'韦'	6218
5863	(2777, 325)	' paid'	6219
5864	(1188, 311)	' roll'	6220
5865	(474, 156)	'拜'	6221
5866	(4417, 882)	' favorite'	6222
5867	(1837, 267)	' leader'	6223
5868	(1480, 154)	'楚'	6224
5869	(2055, 161)	'堡'	6225
5870	(290, 516)	' date'	6226
5871	(4745, 492)	' August'	6227
5872	(960, 181)	'ድ'	6228
5873	(1076, 1344)	'女士'	6229
5874	(787, 128)	'胀'	6230
5875	(461, 267)	' Her'	6231
5876	(420, 108)	' wel'	6232
5877	(12162, 97)	' Korea'	6234
5878	(300, 107)	'ask'	6235
5879	(1519, 1303)	'领先'	6236
5880	(111, 101)	'oe'	6237
5881	(275, 723)	'orge'	6238
5882	(12081, 483)	' request'	6240
5883	(39, 110)	"'n"	6241
5884	(290, 117)	' du'	6242
5885	(2491, 2629)	' Photo'	6243
5886	(2680, 286)	' turned'	6244
5887	(1656, 321)	' region'	6245
5888	(1582, 12347)	'双色球'	6246
5889	(332, 98)	' reb'	6247
5890	(1567, 156)	'搜'	6248
5891	(951, 1191)	'并没有'	6249
5892	(1890, 12305)	' biggest'	6250
5893	(612, 1719)	' James'	6251
5894	(2419, 271)	'不同的'	6252
5895	(427, 2689)	'上午'	6253
5896	(1002, 168)	' ਨ'	6254
5897	(85, 110)	'Un'	6255
5898	(1047, 3213)	' scene'	6256
5899	(104, 273)	'han'	6257
5900	(45, 258)	'-in'	6258
5901	(118, 483)	'vest'	6259
5902	(45, 103)	'-g'	6260
5903	(684, 344)	' allow'	6261
5904	(3294, 526)	'执行'	6262
5905	(12211, 429)	b'\xe1\x80\xbc\xe1\x80'	6264
5906	(1709, 1385)	'创造'	6266
5907	(110, 104)	'nh'	6267
5908	(83, 597)	'Some'	6268
5909	(1198, 152)	'默'	6269
5910	(367, 149)	'帕'	6270
5911	(994, 3450)	' contract'	6271
5912	(712, 2356)	'进攻'	6272
5913	(292, 284)	'ales'	6273
5914	(709, 12244)	' spokes'	6274
5915	(1044, 844)	'信心'	6275
5916	(106, 101)	'je'	6276
5917	(1443, 154)	' ක'	6277
5918	(3167, 115)	' winds'	6278
5919	(66, 73)	'BI'	6279
5920	(433, 2682)	' rights'	6280
5921	(2119, 1678)	'满足'	6281
5922	(3716, 396)	'负责人'	6282
5923	(709, 329)	' spot'	6283
5924	(3464, 399)	'扩大'	6284
5925	(660, 100)	' god'	6285
5926	(1567, 186)	'携'	6286
5927	(1543, 381)	' cover'	6287
5928	(97, 273)	'aan'	6288
5929	(700, 645)	'но'	6289
5930	(1079, 1537)	'股份'	6290
5931	(455, 184)	'纸'	6291
5932	(2364, 115)	' groups'	6292
5933	(12128, 110)	' learn'	6293
5934	(469, 149)	'ต'	6294
5935	(1608, 1340)	'精彩'	6295
5936	(112, 282)	'ping'	6296
5937	(1727, 1355)	' events'	6297
5938	(2240, 2791)	' obvious'	6298
5939	(526, 870)	'行情'	6299
5940	(232, 157)	b'\xe8\x9d'	6300
5941	(657, 3853)	' cannot'	6301
5942	(1339, 168)	' ከ'	6302
5943	(719, 101)	'ube'	6303
5944	(1783, 824)	' در'	6304
5945	(2580, 396)	'湖人'	6305
5946	(3026, 2107)	' However'	6307
5947	(256, 263)	' tre'	6308
5948	(276, 1238)	' bull'	6309
5949	(48, 56)	'08'	6310
5950	(637, 550)	'就业'	6311
5951	(3012, 1183)	'宣布'	6312
5952	(331, 116)	'ett'	6313
5953	(155, 429)	b'\x9b\xe1\x80'	6314
5954	(963, 330)	'ibly'	6316
5955	(12249, 523)	' Angel'	6317
5956	(196, 141)	'č'	6318
5957	(2833, 1856)	'背景'	6319
5958	(315, 686)	' gone'	6320
5959	(2377, 493)	'找到'	6321
5960	(616, 2027)	'现象'	6322
5961	(743, 143)	'坏'	6323
5962	(384, 1386)	' states'	6324
5963	(97, 274)	'ait'	6325
5964	(904, 685)	'然而'	6326
5965	(706, 1135)	'ек'	6327
5966	(614, 307)	'istic'	6328
5967	(353, 597)	' Some'	6329
5968	(109, 278)	'men'	6330
5969	(391, 179)	'耳'	6332
5970	(54, 423)	'600'	6333
5971	(875, 161)	'睡'	6334
5972	(660, 373)	' gold'	6335
5973	(500, 935)	'ас'	6336
5974	(2278, 531)	'卫生'	6338
5975	(2817, 396)	'令人'	6339
5976	(770, 705)	'合同'	6340
5977	(708, 101)	' Ke'	6341
5978	(4460, 4412)	'陶瓷'	6343
5979	(273, 111)	'ano'	6344
5980	(2463, 554)	'充分'	6345
5981	(804, 271)	'内的'	6346
5982	(1731, 595)	'它们'	6347
5983	(1726, 141)	'ግ'	6348
5984	(121, 272)	'you'	6349
5985	(426, 620)	'年前'	6350
5986	(275, 103)	'org'	6351
5987	(691, 271)	'面的'	6352
5988	(49, 1252)	'1000'	6353
5989	(267, 323)	'erve'	6354
5990	(114, 282)	'ring'	6355
5991	(414, 181)	'抵'	6356
5992	(387, 140)	'後'	6357
5993	(508, 1851)	' search'	6358
5994	(335, 490)	'一家'	6359
5995	(12205, 2487)	' opportunity'	6360
5996	(12016, 188)	'發'	6361
5997	(395, 881)	'了一个'	6362
5998	(345, 2026)	' began'	6363
5999	(12107, 794)	' particip'	6364
6000	(12003, 432)	'ounce'	6365
6001	(12282, 440)	' administration'	6368
6002	(114, 1484)	'ruct'	6369
6003	(2830, 282)	' watching'	6370
6004	(52, 423)	'400'	6371
6005	(1058, 427)	'网上'	6372
6006	(611, 1065)	'经常'	6373
6007	(119, 858)	'well'	6374
6008	(324, 180)	'戴'	6375
6009	(1743, 157)	' ዝ'	6376
6010	(283, 722)	' pred'	6377
6011	(277, 12056)	' cross'	6378
6012	(1390, 1494)	'装备'	6379
6013	(1855, 1010)	'引起'	6380
6014	(783, 3144)	'法律'	6381
6015	(488, 331)	' Net'	6382
6016	(2244, 952)	'While'	6383
6017	(68, 80)	'DP'	6384
6018	(537, 620)	'日前'	6385
6019	(459, 173)	'闭'	6386
6020	(747, 175)	'ද'	6387
6021	(326, 1902)	' yeah'	6388
6022	(2226, 115)	' laws'	6389
6023	(1907, 2194)	' terms'	6390
6024	(1649, 12020)	"You're"	6391
6025	(1415, 1983)	'亚洲'	6392
6026	(2574, 271)	'岁的'	6393
6027	(4907, 129)	'繁'	6394
6028	(862, 191)	'矿'	6395
6029	(12010, 153)	'墙'	6396
6030	(108, 609)	'light'	6397
6031	(80, 364)	'Pro'	6398
6032	(2269, 1134)	' Indian'	6399
6033	(593, 3401)	' chief'	6400
6034	(335, 808)	'一点'	6401
6035	(3489, 2534)	'刺激'	6402
6036	(3832, 267)	' Super'	6403
6037	(1779, 783)	'办法'	6404
6038	(716, 656)	'动作'	6405
6039	(1620, 135)	'症'	6406
6040	(1002, 181)	' ਵ'	6407
6041	(537, 879)	'日电'	6408
6042	(643, 178)	'署'	6409
6043	(820, 399)	'很大'	6410
6044	(114, 100)	'rd'	6411
6045	(856, 163)	'ባ'	6412
6046	(73, 77)	'IM'	6413
6047	(285, 1063)	' mob'	6414
6048	(1980, 136)	'иш'	6415
6049	(1549, 614)	' assist'	6416
6050	(1942, 366)	" Trump's"	6417
6051	(543, 731)	' via'	6418
6052	(638, 104)	' Oh'	6419
6053	(469, 154)	'บ'	6420
6054	(830, 1025)	'数量'	6422
6055	(694, 144)	'ැ'	6424
6056	(389, 2017)	'中國'	6425
6057	(4679, 770)	'符合'	6426
6058	(709, 333)	' spent'	6427
6059	(380, 311)	' hell'	6428
6060	(12268, 104)	'ograph'	6429
6061	(1133, 170)	' પ'	6430
6062	(328, 186)	'尺'	6431
6063	(1641, 129)	'梁'	6432
6064	(12182, 286)	' alleged'	6434
6065	(577, 179)	'ள'	6435
6066	(12230, 116)	'aught'	6436
6067	(1795, 174)	'饮'	6437
6068	(1047, 2872)	' screen'	6438
6069	(1219, 663)	'使得'	6439
6070	(611, 3024)	'经典'	6440
6071	(77, 101)	'Me'	6441
6072	(896, 2495)	' accept'	6442
6073	(519, 97)	'aba'	6443
6074	(57, 53)	'95'	6444
6075	(467, 179)	' г'	6445
6076	(505, 162)	' آ'	6446
6077	(271, 2928)	'的朋友'	6447
6078	(106, 117)	'ju'	6448
6079	(3750, 1742)	' England'	6449
6080	(846, 620)	'当前'	6450
6081	(312, 160)	'宠'	6451
6082	(3483, 1115)	'享受'	6452
6083	(4164, 3627)	' William'	6453
6084	(1818, 2597)	'策略'	6454
6085	(4425, 503)	'委员会'	6455
6086	(873, 141)	'霍'	6456
6087	(3616, 570)	'旗下'	6457
6088	(281, 263)	' fre'	6458
6089	(902, 777)	'房子'	6459
6090	(105, 331)	'iet'	6460
6091	(614, 273)	'istan'	6462
6092	(281, 2036)	' father'	6463
6093	(416, 3323)	' BBC'	6465
6094	(504, 178)	'欲'	6466
6095	(12072, 533)	' oppos'	6467
6096	(290, 1433)	' dont'	6468
6097	(478, 273)	'rian'	6469
6098	(891, 3752)	'万像素'	6470
6099	(385, 1678)	'不足'	6471
6100	(943, 2091)	'计算'	6472
6101	(461, 280)	' His'	6473
6102	(548, 130)	'挂'	6474
6103	(3193, 128)	' ව'	6475
6104	(817, 604)	'重新'	6476
6105	(1868, 1362)	'楼盘'	6477
6106	(662, 1125)	'本周'	6478
6107	(536, 721)	'地球'	6479
6108	(1975, 777)	'儿子'	6480
6109	(2274, 559)	'黄金'	6481
6110	(1402, 3150)	' decided'	6483
6111	(226, 134)	b'\xe2\x86'	6485
6112	(1050, 1515)	' text'	6486
6113	(264, 605)	' send'	6487
6114	(685, 1950)	'而言'	6488
6115	(66, 101)	'Be'	6489
6116	(357, 154)	'诚'	6490
6117	(112, 109)	'pm'	6491
6118	(197, 190)	'ž'	6492
6119	(1073, 271)	'样的'	6493
6120	(733, 662)	'资本'	6494
6121	(1558, 1455)	' daily'	6495
6122	(285, 955)	' mark'	6497
6123	(835, 144)	'隐'	6498
6124	(540, 321)	'ction'	6499
6125	(2327, 271)	'重要的'	6500
6126	(12040, 3076)	' production'	6501
6127	(259, 108)	'hel'	6502
6128	(2093, 132)	'을'	6503
6129	(994, 333)	' content'	6504
6130	(1609, 271)	'真的'	6505
6131	(1832, 1166)	'评级'	6506
6132	(558, 134)	'辆'	6507
6133	(856, 178)	'ቲ'	6508
6134	(1421, 1943)	'亿美元'	6509
6135	(677, 565)	'将于'	6510
6136	(105, 601)	'iant'	6512
6137	(887, 1723)	'明确'	6514
6138	(1207, 172)	' ব'	6515
6139	(827, 271)	'目的'	6516
6140	(3880, 868)	' message'	6517
6141	(1727, 3916)	' evidence'	6519
6142	(12082, 3202)	b'\xe1\x80\xb1\xe1\x80\xac\xe1\x80'	6520
6143	(448, 97)	'ola'	6521
6144	(2636, 630)	' Black'	6522
6145	(1720, 828)	' carry'	6523
6146	(968, 502)	' grand'	6524
6147	(231, 183)	b'\xe7\xb7'	6525
6148	(2991, 3075)	'似乎'	6526
6149	(1878, 900)	'罗斯'	6527
6150	(12074, 557)	' speak'	6528
6151	(304, 630)	' lack'	6530
6152	(510, 161)	'泡'	6531
6153	(436, 811)	' asking'	6532
6154	(2759, 1725)	'-based'	6533
6155	(12206, 163)	'縣'	6534
6156	(3154, 868)	' damage'	6535
6157	(32, 497)	' um'	6536
6158	(1527, 1297)	'形势'	6537
6159	(1981, 97)	' za'	6538
6160	(2358, 503)	'协会'	6539
6161	(1201, 157)	'喝'	6540
6162	(1779, 592)	'办公'	6541
6163	(178, 4967)	b'\xb2\xe1\x80\xb7'	6542
6164	(508, 1754)	' select'	6543
6165	(1716, 991)	'环保'	6544
6166	(1465, 157)	b' \xec\x9d'	6545
6167	(1528, 3579)	'反弹'	6546
6168	(1240, 1400)	' brother'	6547
6169	(257, 102)	' af'	6549
6170	(615, 153)	'ộ'	6550
6171	(555, 154)	'枚'	6551
6172	(270, 3286)	'atives'	6552
6173	(302, 1697)	' thread'	6553
6174	(12041, 12080)	' difference'	6554
6175	(276, 456)	' bag'	6555
6176	(2179, 2083)	'को'	6556
6177	(1445, 702)	'完美'	6557
6178	(297, 148)	'仔'	6558
6179	(2381, 330)	' directly'	6559
6180	(264, 3992)	' source'	6560
6181	(680, 1078)	'自由'	6563
6182	(1980, 143)	'ия'	6565
6183	(195, 186)	'ú'	6566
6184	(3810, 457)	' customers'	6568
6185	(922, 1994)	'民警'	6569
6186	(782, 1071)	'体系'	6571
6187	(412, 131)	'逃'	6572
6188	(12348, 2948)	' energy'	6573
6189	(419, 1941)	'为什么'	6574
6190	(4228, 141)	'植'	6575
6191	(1763, 115)	' runs'	6576
6192	(586, 173)	' भ'	6577
6193	(107, 278)	'ken'	6578
6194	(2360, 3598)	'欢迎'	6579
6195	(51, 52)	'34'	6580
6196	(1837, 282)	' leading'	6581
6197	(332, 118)	' rev'	6582
6198	(1143, 129)	'ু'	6583
6199	(1634, 141)	'珍'	6584
6200	(2603, 271)	'更多的'	6585
6201	(103, 103)	'gg'	6586
6202	(417, 284)	'iles'	6587
6203	(296, 275)	' hor'	6588
6204	(107, 273)	'kan'	6589
6205	(626, 188)	'਼'	6590
6206	(1118, 1173)	'强调'	6591
6207	(1489, 832)	' کی'	6592
6208	(1026, 145)	'桑'	6593
6209	(230, 167)	b'\xe6\xa7'	6594
6210	(318, 169)	'佩'	6595
6211	(1497, 395)	'进行了'	6596
6212	(397, 117)	'uru'	6598
6213	(39, 114)	"'r"	6599
6214	(320, 265)	'ston'	6600
6215	(507, 258)	' Fin'	6601
6216	(1360, 271)	'她的'	6602
6217	(566, 137)	'沉'	6603
6218	(1399, 286)	' showed'	6604
6219	(3310, 2242)	'距离'	6605
6220	(1240, 2901)	' brought'	6606
6221	(267, 99)	'erc'	6607
6222	(795, 140)	'が'	6608
6223	(510, 189)	'泽'	6609
6224	(100, 319)	'dle'	6610
6225	(2744, 12138)	' article'	6612
6226	(641, 165)	'津'	6613
6227	(4856, 571)	' necess'	6614
6228	(770, 737)	'合理'	6615
6229	(2044, 4471)	'减肥'	6616
6230	(2579, 282)	' interesting'	6617
6231	(3016, 1091)	b'\xe0\xa5\x8d\xe0\xa4\xaf\xe0\xa4\xbe\xe0\xa4'	6618
6232	(12300, 139)	'鞋'	6619
6233	(433, 529)	' rain'	6620
6234	(489, 1377)	' jump'	6621
6235	(1594, 307)	' indic'	6623
6236	(343, 178)	'劲'	6624
6237	(76, 2929)	'LED'	6625
6238	(101, 286)	'eed'	6626
6239	(1127, 12320)	' recogn'	6627
6240	(97, 669)	'aud'	6628
6241	(662, 2783)	'本赛季'	6629
6242	(1064, 1275)	'至少'	6630
6243	(1040, 115)	' knows'	6632
6244	(1076, 1975)	'女儿'	6633
6245	(12126, 1134)	' Russian'	6634
6246	(526, 716)	'行动'	6635
6247	(370, 2268)	" you'll"	6636
6248	(276, 2901)	' bought'	6637
6249	(264, 347)	' sad'	6639
6250	(4600, 1401)	'纽约'	6640
6251	(353, 121)	' Sy'	6641
6252	(975, 176)	'灰'	6642
6253	(1496, 515)	'技能'	6643
6254	(561, 744)	'他说'	6644
6255	(1345, 191)	'ế'	6645
6256	(1661, 1145)	' happens'	6646
6257	(1036, 98)	' amb'	6647
6258	(513, 153)	'忙'	6648
6259	(592, 653)	'公开'	6649
6260	(1047, 3353)	' scored'	6650
6261	(210, 179)	'ҳ'	6652
6262	(1868, 594)	'楼市'	6653
6263	(2579, 286)	' interested'	6654
6264	(390, 352)	' Mac'	6655
6265	(117, 398)	'uke'	6656
6266	(107, 111)	'ko'	6657
6267	(841, 49)	' 31'	6658
6268	(2047, 611)	'曾经'	6660
6269	(1571, 286)	' helped'	6661
6270	(55, 55)	'77'	6662
6271	(297, 129)	'仁'	6663
6272	(277, 270)	' cat'	6664
6273	(268, 853)	' ways'	6665
6274	(1656, 627)	' regard'	6666
6275	(1163, 1824)	'安排'	6667
6276	(515, 1869)	'能源'	6669
6277	(432, 311)	'cell'	6670
6278	(932, 1196)	'投注'	6671
6279	(12034, 457)	' officers'	6672
6280	(711, 779)	'之外'	6673
6281	(1660, 1219)	'即使'	6674
6282	(494, 1353)	' Reg'	6675
6283	(2294, 4105)	' college'	6676
6284	(293, 3244)	' anti'	6677
6285	(5069, 1703)	'迅速'	6678
6286	(79, 80)	'OP'	6679
6287	(3012, 1474)	'宣传'	6680
6288	(280, 108)	'isl'	6681
6289	(383, 161)	'凡'	6682
6290	(12081, 937)	' require'	6683
6291	(234, 176)	b'\xea\xb0'	6684
6292	(601, 97)	'anta'	6685
6293	(114, 327)	'ray'	6686
6294	(281, 270)	' fat'	6687
6295	(315, 300)	' gas'	6689
6296	(4282, 275)	' terror'	6691
6297	(558, 155)	'辛'	6692
6298	(62, 62)	'>>'	6694
6299	(2046, 130)	'ાં'	6695
6300	(2312, 2410)	'数据显示'	6696
6301	(264, 2532)	' size'	6697
6302	(586, 151)	' ग'	6698
6303	(1004, 700)	'ун'	6699
6304	(2879, 347)	' broad'	6700
6305	(32, 832)	' ی'	6701
6306	(271, 1487)	'的发展'	6702
6307	(4103, 330)	' quickly'	6703
6308	(1213, 12196)	'奖励'	6704
6309	(285, 752)	' mine'	6705
6310	(655, 145)	'郑'	6706
6311	(298, 188)	'兼'	6707
6312	(592, 1513)	'公告'	6708
6313	(48, 53)	'05'	6709
6314	(73, 68)	'ID'	6710
6315	(469, 170)	'ส'	6711
6316	(32, 369)	' ut'	6712
6317	(12017, 672)	' became'	6713
6318	(12328, 3062)	' safety'	6714
6319	(276, 292)	' bal'	6715
6320	(264, 417)	' sil'	6716
6321	(935, 1135)	'ск'	6718
6322	(530, 323)	' save'	6719
6323	(872, 599)	'ли'	6720
6324	(529, 116)	'aint'	6721
6325	(2649, 175)	' گ'	6722
6326	(720, 356)	'都在'	6723
6327	(1624, 2152)	' defense'	6724
6328	(1601, 2444)	' strugg'	6725
6329	(466, 620)	'以前'	6726
6330	(12027, 12032)	' sometimes'	6727
6331	(12074, 286)	' speed'	6728
6332	(505, 163)	' أ'	6729
6333	(1257, 366)	" He's"	6730
6334	(653, 1362)	'开盘'	6731
6335	(12053, 282)	' moving'	6732
6336	(67, 72)	'CH'	6733
6337	(333, 121)	'enty'	6735
6338	(353, 430)	' Sch'	6736
6339	(654, 183)	'長'	6737
6340	(1669, 170)	'்ப'	6738
6341	(309, 97)	'oma'	6739
6342	(357, 166)	'详'	6740
6343	(907, 372)	' prim'	6741
6344	(520, 143)	'氏'	6742
6345	(364, 115)	'ros'	6743
6346	(689, 1408)	' soft'	6744
6347	(926, 174)	'邮'	6745
6348	(1657, 286)	' ended'	6746
6349	(487, 104)	'oph'	6747
6350	(360, 432)	' force'	6748
6351	(114, 117)	'ru'	6750
6352	(304, 962)	' lose'	6751
6353	(355, 397)	' Tur'	6752
6354	(682, 1262)	' upper'	6754
6355	(279, 158)	'亞'	6756
6356	(1595, 922)	'居民'	6757
6357	(2426, 282)	' missing'	6758
6358	(2229, 2609)	'轻松'	6759
6359	(1612, 176)	'腰'	6760
6360	(104, 755)	'hood'	6761
6361	(1568, 389)	'集中'	6762
6362	(79, 114)	'Or'	6763
6363	(787, 134)	'胆'	6764
6364	(271, 1357)	'的时间'	6765
6365	(1985, 1288)	' medical'	6766
6366	(660, 1551)	' goals'	6767
6367	(873, 184)	'霸'	6768
6368	(1076, 396)	'女人'	6769
6369	(710, 2657)	'期待'	6771
6370	(12100, 267)	' manager'	6772
6371	(1018, 366)	" she's"	6773
6372	(598, 1703)	'高速'	6774
6373	(106, 492)	'just'	6776
6374	(2607, 275)	' prior'	6777
6375	(12372, 1735)	'恢复'	6779
6376	(85, 78)	'UN'	6780
6377	(1280, 887)	'证明'	6781
6378	(1947, 573)	'众多'	6782
6379	(323, 121)	'vey'	6783
6380	(310, 148)	'返'	6784
6381	(4824, 3282)	' senior'	6785
6382	(100, 884)	'down'	6786
6383	(52, 52)	'44'	6788
6384	(12263, 292)	' normal'	6789
6385	(1013, 1537)	'身份'	6790
6386	(459, 178)	'闲'	6792
6387	(335, 2246)	'一切'	6793
6388	(99, 319)	'cle'	6794
6389	(405, 286)	'illed'	6795
6390	(315, 97)	' ga'	6796
6391	(738, 271)	'力的'	6797
6392	(12354, 831)	' material'	6798
6393	(4858, 160)	'고'	6799
6394	(1510, 2504)	'\xa0\xa0\xa0 '	6800
6395	(478, 97)	'ria'	6801
6396	(820, 1701)	'很难'	6802
6397	(576, 490)	'学家'	6803
6398	(4624, 4788)	' Michael'	6804
6399	(4012, 3109)	'训练'	6805
6400	(898, 271)	'里的'	6806
6401	(517, 493)	'来到'	6807
6402	(737, 2073)	'理财'	6808
6403	(550, 804)	'业内'	6809
6404	(399, 1213)	'大奖'	6810
6405	(1022, 1340)	'色彩'	6811
6406	(3927, 986)	' property'	6812
6407	(98, 273)	'ban'	6813
6408	(824, 832)	'ری'	6814
6409	(109, 98)	'mb'	6815
6410	(558, 137)	'辉'	6816
6411	(264, 476)	' sem'	6817
6412	(908, 808)	'特点'	6818
6413	(4281, 12048)	' describ'	6819
6414	(328, 138)	'尊'	6820
6415	(3985, 432)	'force'	6821
6416	(320, 601)	'stant'	6822
6417	(813, 174)	'種'	6823
6418	(3331, 1695)	' sexual'	6824
6419	(1112, 161)	'淡'	6825
6420	(2655, 844)	'担心'	6826
6421	(12137, 307)	' economic'	6827
6422	(281, 2062)	' farm'	6828
6423	(57, 56)	'98'	6829
6424	(435, 4777)	' Paul'	6830
6425	(1522, 4139)	'优惠'	6832
6426	(802, 271)	'名的'	6833
6427	(375, 263)	' Are'	6834
6428	(1188, 98)	' rob'	6835
6429	(3827, 1150)	' violence'	6836
6430	(1583, 2376)	'尼康'	6837
6431	(1348, 145)	'骑'	6838
6432	(117, 97)	'ua'	6839
6433	(320, 101)	'ste'	6840
6434	(506, 169)	'剩'	6841
6435	(583, 155)	'ማ'	6842
6436	(651, 1235)	'主任'	6843
6437	(1340, 922)	'彩民'	6844
6438	(111, 45)	'o-'	6845
6439	(1728, 1737)	'留学生'	6846
6440	(840, 1094)	'如今'	6847
6441	(79, 87)	'OW'	6848
6442	(1111, 2701)	' disapp'	6849
6443	(655, 173)	'郭'	6850
6444	(407, 678)	'ooks'	6851
6445	(3264, 321)	' option'	6852
6446	(926, 128)	'邀'	6853
6447	(1839, 158)	'撞'	6854
6448	(236, 132)	b'\xec\x84'	6855
6449	(573, 1275)	'多少'	6856
6450	(3663, 147)	'鼓'	6857
6451	(1100, 3782)	'战斗'	6858
6452	(12203, 284)	' rules'	6861
6453	(735, 678)	'ucks'	6862
6454	(3129, 331)	' internet'	6863
6455	(369, 104)	'uth'	6864
6456	(2805, 693)	' protect'	6865
6457	(756, 190)	'艾'	6866
6458	(116, 780)	'time'	6868
6459	(856, 189)	'ች'	6870
6460	(2461, 130)	'ਾਂ'	6871
6461	(2124, 121)	' Why'	6872
6462	(718, 155)	'涛'	6873
6463	(277, 1672)	' cash'	6874
6464	(893, 12336)	' environment'	6875
6465	(351, 110)	'amn'	6876
6466	(2573, 176)	'ార'	6877
6467	(342, 270)	' eat'	6879
6468	(119, 807)	'what'	6880
6469	(12018, 109)	' firm'	6881
6470	(1767, 1142)	' winning'	6882
6471	(1534, 458)	'几个'	6883
6472	(68, 325)	'Did'	6884
6473	(1140, 187)	'驻'	6885
6474	(1566, 179)	'ン'	6886
6475	(76, 69)	'LE'	6887
6476	(12011, 51)	' 2013'	6888
6477	(390, 955)	' Mark'	6889
6478	(68, 12013)	"Don't"	6890
6479	(460, 1404)	'这款'	6891
6480	(73, 80)	'IP'	6892
6481	(969, 12181)	'意大利'	6893
6482	(2709, 1153)	' په'	6894
6483	(66, 121)	'By'	6896
6484	(261, 141)	'－'	6897
6485	(2280, 1533)	' driving'	6898
6486	(892, 271)	'队的'	6900
6487	(348, 183)	'卷'	6901
6488	(2386, 904)	'突然'	6902
6489	(790, 109)	' adm'	6903
6490	(2960, 187)	'麻'	6904
6491	(390, 347)	' Mad'	6905
6492	(429, 128)	'က'	6907
6493	(375, 12014)	' After'	6908
6494	(1888, 2049)	'ের'	6909
6495	(1207, 184)	' স'	6910
6496	(12110, 286)	' changed'	6911
6497	(358, 12037)	' itself'	6912
6498	(66, 83)	'BS'	6913
6499	(416, 278)	' Ben'	6914
6500	(462, 97)	' Da'	6915
6501	(283, 3166)	' poor'	6916
6502	(1921, 1034)	'是一种'	6917
6503	(399, 3110)	'大陆'	6918
6504	(1944, 344)	' slow'	6920
6505	(209, 142)	'ю'	6921
6506	(932, 903)	'投入'	6922
6507	(448, 102)	'olf'	6923
6508	(275, 3149)	'orney'	6924
6509	(267, 111)	'ero'	6925
6510	(2688, 1177)	'汇率'	6926
6511	(12236, 12138)	' vehicle'	6927
6512	(1225, 900)	'克斯'	6928
6513	(65, 12286)	'According'	6929
6514	(1448, 271)	'产品的'	6930
6515	(1399, 457)	' showers'	6931
6516	(685, 349)	'而是'	6932
6517	(561, 356)	'他在'	6933
6518	(2424, 12321)	' simply'	6934
6519	(110, 609)	'night'	6935
6520	(1156, 152)	'缘'	6936
6521	(104, 111)	'ho'	6937
6522	(102, 12161)	'fully'	6938
6523	(661, 565)	'用于'	6941
6524	(1003, 12375)	' afternoon'	6942
6525	(298, 189)	'兽'	6943
6526	(327, 97)	'aya'	6944
6527	(425, 382)	' hair'	6946
6528	(2519, 12025)	' Group'	6947
6529	(342, 2557)	' eye'	6948
6530	(1383, 2638)	' attention'	6949
6531	(12134, 1493)	' double'	6950
6532	(504, 163)	'欣'	6951
6533	(598, 1483)	'高校'	6952
6534	(263, 121)	'rey'	6953
6535	(1538, 115)	'airs'	6954
6536	(951, 1254)	'并非'	6955
6537	(97, 701)	'aren'	6956
6538	(494, 2708)	' Road'	6957
6539	(105, 888)	'iber'	6958
6540	(1009, 109)	' prem'	6959
6541	(568, 978)	'成员'	6960
6542	(535, 3163)	'我觉得'	6962
6543	(3704, 2943)	'避免'	6963
6544	(834, 550)	'工业'	6964
6545	(257, 12091)	' a.m'	6965
6546	(377, 1585)	'有望'	6967
6547	(350, 152)	'乘'	6969
6548	(2459, 6224)	' middle'	6970
6549	(2604, 706)	' не'	6971
6550	(2233, 693)	' effect'	6972
6551	(3890, 273)	' European'	6973
6552	(3780, 752)	' engine'	6974
6553	(110, 914)	'new'	6975
6554	(3021, 99)	' etc'	6976
6555	(209, 133)	'х'	6977
6556	(435, 292)	' Pal'	6979
6557	(1193, 894)	'ين'	6980
6558	(598, 1151)	'高达'	6981
6559	(209, 134)	'ц'	6982
6560	(536, 1322)	'地图'	6983
6561	(910, 550)	'事业'	6984
6562	(65, 263)	'Are'	6985
6563	(2366, 523)	' model'	6986
6564	(1083, 184)	'酸'	6987
6565	(2260, 1692)	'状况'	6988
6566	(12028, 286)	' included'	6989
6567	(1240, 502)	' brand'	6990
6568	(462, 523)	' Del'	6991
6569	(1091, 178)	'ाल'	6992
6570	(1250, 755)	' blood'	6993
6571	(1382, 1653)	'老板'	6994
6572	(586, 178)	' ल'	6995
6573	(4288, 5790)	' multiple'	6996
6574	(543, 115)	' vs'	6997
6575	(985, 129)	'壁'	6998
6576	(2807, 1630)	'检查'	6999
6577	(511, 2950)	' constr'	7000
6578	(12327, 1446)	'汽车'	7001
6579	(1560, 2631)	'工作人员'	7002
6580	(3032, 107)	' walk'	7003
6581	(12309, 2625)	' immediately'	7004
6582	(435, 77)	' PM'	7005
6583	(494, 286)	' Red'	7006
6584	(12034, 267)	' officer'	7007
6585	(264, 270)	' sat'	7008
6586	(4551, 286)	' arrested'	7009
6587	(1634, 190)	'現'	7010
6588	(292, 121)	'aly'	7011
6589	(268, 728)	' wide'	7012
6590	(513, 167)	'忧'	7013
6591	(5139, 12156)	' October'	7014
6592	(394, 158)	'赞'	7015
6593	(771, 173)	'揭'	7016
6594	(1832, 1604)	'评论'	7018
6595	(487, 115)	'ops'	7019
6596	(375, 12214)	' Alex'	7020
6597	(390, 97)	' Ma'	7021
6598	(4854, 121)	' baby'	7022
6599	(2409, 3845)	'兴趣'	7023
6600	(1253, 1483)	'院校'	7024
6601	(1234, 1528)	'单反'	7025
6602	(720, 385)	'都不'	7026
6603	(1907, 109)	' term'	7027
6604	(924, 1065)	'通常'	7028
6605	(121, 2354)	'ydd'	7029
6606	(835, 148)	'隔'	7030
6607	(685, 356)	'而在'	7031
6608	(1828, 282)	' feeling'	7032
6609	(5078, 335)	'唯一'	7033
6610	(84, 86)	'TV'	7034
6611	(1731, 271)	'它的'	7035
6612	(78, 914)	'New'	7036
6613	(437, 162)	'敢'	7037
6614	(3791, 344)	'orrow'	7038
6615	(304, 444)	' lif'	7039
6616	(104, 344)	'how'	7040
6617	(55, 56)	'78'	7042
6618	(589, 2495)	' except'	7043
6619	(698, 130)	' ق'	7044
6620	(474, 147)	'拓'	7045
6621	(608, 270)	' plat'	7047
6622	(3268, 132)	'薄'	7048
6623	(2257, 512)	' fourth'	7049
6624	(713, 168)	'跨'	7050
6625	(448, 2804)	'olution'	7051
6626	(531, 1068)	'生物'	7052
6627	(104, 448)	'hol'	7053
6628	(1311, 458)	'每个'	7054
6629	(1231, 321)	'iction'	7055
6630	(3987, 512)	' birth'	7056
6631	(447, 183)	'陷'	7059
6632	(924, 1461)	'通知'	7060
6633	(283, 273)	' pan'	7061
6634	(991, 2008)	'保险'	7062
6635	(355, 275)	' Tor'	7063
6636	(1735, 2815)	'复苏'	7064
6637	(2470, 1623)	'音乐'	7065
6638	(767, 282)	'iving'	7066
6639	(4625, 166)	'瘦'	7067
6640	(1332, 282)	' evening'	7068
6641	(905, 172)	'芬'	7070
6642	(350, 140)	'乌'	7071
6643	(285, 300)	' mas'	7072
6644	(3572, 3884)	'犯罪'	7074
6645	(122, 105)	'zi'	7075
6646	(2729, 723)	' charge'	7076
6647	(968, 2165)	' growing'	7077
6648	(375, 382)	' Air'	7078
6649	(1522, 3280)	'优秀'	7079
6650	(1043, 977)	'让你'	7080
6651	(1527, 1015)	'形式'	7081
6652	(449, 172)	'屬'	7082
6653	(863, 171)	'紫'	7083
6654	(511, 3785)	' conference'	7087
6655	(1979, 282)	' reading'	7088
6656	(369, 121)	'uty'	7089
6657	(4346, 687)	' practice'	7091
6658	(118, 97)	'va'	7092
6659	(12279, 1106)	' attempt'	7093
6660	(416, 327)	' Bay'	7094
6661	(3553, 4391)	'逐渐'	7096
6662	(1390, 3254)	'装饰'	7097
6663	(624, 2058)	'اب'	7098
6664	(572, 161)	'員'	7099
6665	(1931, 155)	'猛'	7100
6666	(2233, 632)	' effort'	7101
6667	(915, 366)	" what's"	7102
6668	(350, 143)	'乏'	7103
6669	(5477, 759)	' sleep'	7104
6670	(12331, 1097)	' Congress'	7105
6671	(1026, 182)	'桶'	7106
6672	(469, 132)	'ค'	7107
6673	(2252, 267)	' center'	7108
6674	(965, 271)	'化的'	7109
6675	(426, 1200)	'年代'	7110
6676	(855, 146)	'恒'	7111
6677	(897, 802)	'报名'	7112
6678	(1250, 1396)	' block'	7113
6679	(536, 1653)	'地板'	7114
6680	(5287, 2071)	' ndị'	7115
6681	(584, 517)	'后来'	7116
6682	(375, 1715)	' Any'	7117
6683	(713, 131)	'跃'	7118
6684	(233, 12416)	'鉴'	7119
6685	(1760, 901)	'社区'	7120
6686	(1987, 161)	'፡'	7121
6687	(468, 858)	' Well'	7122
6688	(662, 800)	'本次'	7123
6689	(469, 171)	'ห'	7124
6690	(1909, 1153)	' به'	7125
6691	(539, 1224)	' Gold'	7126
6692	(376, 647)	' Cap'	7127
6693	(939, 138)	'啊'	7128
6694	(1723, 768)	'确实'	7129
6695	(3794, 139)	'蛋'	7130
6696	(335, 547)	'一场'	7131
6697	(813, 191)	'稿'	7132
6698	(296, 448)	' hol'	7133
6699	(2775, 3769)	' positive'	7134
6700	(1044, 661)	'信用'	7135
6701	(317, 78)	' IN'	7136
6702	(441, 966)	' kick'	7137
6703	(3354, 2446)	'酒店'	7138
6704	(761, 378)	' whose'	7139
6705	(322, 172)	'ब'	7140
6706	(1667, 600)	' smart'	7142
6707	(2641, 115)	' jobs'	7143
6708	(3576, 3124)	'父母'	7145
6709	(474, 159)	'拟'	7147
6710	(579, 686)	' alone'	7150
6711	(1104, 114)	'ır'	7151
6712	(2993, 115)	' costs'	7152
6713	(400, 182)	'奶'	7153
6714	(45, 83)	'-S'	7154
6715	(283, 457)	' pers'	7155
6716	(2356, 1919)	'攻击'	7156
6717	(849, 2208)	' compared'	7157
6718	(1094, 537)	'今日'	7158
6719	(795, 170)	'な'	7160
6720	(112, 364)	'pro'	7162
6721	(2040, 3150)	' provided'	7163
6722	(971, 4402)	' Charl'	7164
6723	(1113, 3859)	'英雄'	7165
6724	(1955, 565)	'终于'	7166
6725	(399, 2081)	'大部分'	7167
6726	(384, 868)	' stage'	7168
6727	(1539, 4996)	' despite'	7169
6728	(1341, 149)	'動'	7170
6729	(2358, 1625)	'协议'	7171
6730	(1836, 887)	'照明'	7173
6731	(1544, 164)	'煤'	7174
6732	(277, 12160)	' cases'	7175
6733	(12315, 321)	' opinion'	7176
6734	(350, 148)	'乔'	7177
6735	(12190, 674)	' figure'	7178
6736	(107, 284)	'kes'	7179
6737	(236, 160)	b'\xec\xa0'	7180
6738	(628, 190)	'倾'	7181
6739	(276, 502)	' band'	7184
6740	(425, 2067)	' haha'	7185
6741	(102, 108)	'fl'	7186
6742	(54, 56)	'68'	7187
6743	(1668, 1715)	' funny'	7188
6744	(136, 3909)	b'\x88\xeb\x8b\xa4'	7189
6745	(865, 458)	'三个'	7190
6746	(377, 1417)	'有可能'	7191
6747	(278, 723)	'enge'	7192
6748	(1688, 894)	' من'	7193
6749	(104, 3802)	'haps'	7194
6750	(12170, 284)	' charges'	7195
6751	(12265, 274)	' credit'	7196
6752	(53, 57)	'59'	7197
6753	(316, 168)	'吨'	7198
6754	(1693, 1950)	'语言'	7199
6755	(823, 1840)	'利益'	7200
6756	(282, 267)	'inger'	7202
6757	(283, 111)	' po'	7203
6758	(1567, 158)	'搞'	7204
6759	(1258, 183)	'荷'	7205
6760	(1168, 164)	'्त'	7206
6761	(1552, 170)	' ப'	7207
6762	(3284, 816)	'仓位'	7208
6763	(322, 188)	'़'	7209
6764	(1505, 529)	' remain'	7210
6765	(45, 77)	'-M'	7211
6766	(433, 325)	' rid'	7212
6767	(270, 1320)	'atory'	7213
6768	(422, 282)	'using'	7214
6769	(1511, 115)	' calls'	7215
6770	(2390, 1197)	'监管'	7216
6771	(1758, 132)	'龄'	7217
6772	(599, 2187)	'ий'	7218
6773	(2469, 1129)	'访问'	7219
6774	(71, 755)	'Good'	7220
6775	(528, 533)	' Los'	7221
6776	(389, 742)	'中小'	7222
6777	(2223, 137)	'誉'	7224
6778	(586, 175)	' य'	7225
6779	(2075, 333)	' student'	7226
6780	(12342, 5451)	'詹姆斯'	7227
6781	(1506, 770)	'配合'	7228
6782	(12147, 147)	'間'	7229
6783	(416, 1318)	' Bank'	7230
6784	(296, 121)	' hy'	7231
6785	(663, 554)	'得分'	7232
6786	(1108, 829)	' او'	7233
6787	(115, 331)	'set'	7234
6788	(1345, 161)	'ạ'	7235
6789	(322, 175)	'य'	7236
6790	(291, 4173)	' towards'	7237
6791	(2093, 152)	'의'	7239
6792	(268, 618)	' wall'	7241
6793	(1311, 426)	'每年'	7242
6794	(419, 1507)	'为准'	7243
6795	(290, 273)	' dan'	7244
6796	(645, 1124)	'од'	7245
6797	(1459, 1945)	'预测'	7246
6798	(976, 271)	'中国的'	7247
6799	(1348, 151)	'骗'	7248
6800	(2975, 1280)	'签证'	7249
6801	(1944, 609)	' slight'	7250
6802	(3373, 901)	'欧元区'	7252
6803	(1242, 154)	'虚'	7253
6804	(1385, 1211)	'造型'	7254
6805	(219, 148)	'۔'	7255
6806	(435, 1097)	' Press'	7256
6807	(310, 136)	'迈'	7258
6808	(1342, 282)	' adding'	7259
6809	(510, 155)	'泛'	7260
6810	(307, 259)	'iche'	7261
6811	(549, 275)	' door'	7262
6812	(369, 911)	'utions'	7263
6813	(1411, 170)	' ప'	7264
6814	(474, 188)	'拼'	7265
6815	(542, 796)	'发表'	7266
6816	(2518, 1420)	' Maybe'	7267
6817	(786, 147)	'姓'	7268
6818	(370, 2412)	" you've"	7270
6819	(3179, 156)	'한'	7271
6820	(112, 382)	'pir'	7272
6821	(399, 1211)	'大型'	7273
6822	(378, 121)	'sey'	7274
6823	(384, 12394)	' stupid'	7275
6824	(1241, 457)	' workers'	7276
6825	(694, 132)	'හ'	7277
6826	(12229, 1208)	' British'	7278
6827	(416, 405)	' Bill'	7279
6828	(379, 149)	'孕'	7280
6829	(377, 395)	'有了'	7281
6830	(12137, 121)	' economy'	7282
6831	(277, 1470)	' catch'	7283
6832	(2426, 286)	' missed'	7284
6833	(422, 284)	'uses'	7285
6834	(556, 4156)	' progress'	7286
6835	(109, 888)	'mber'	7287
6836	(626, 166)	'ਦ'	7288
6837	(288, 111)	' oo'	7289
6838	(981, 190)	'链'	7290
6839	(12017, 12247)	' becoming'	7291
6840	(119, 275)	'wor'	7292
6841	(414, 189)	'抽'	7293
6842	(467, 145)	' Б'	7294
6843	(297, 170)	'仪'	7295
6844	(264, 273)	' san'	7296
6845	(271, 2218)	'的影响'	7297
6846	(2406, 780)	'-time'	7298
6847	(384, 3118)	' stream'	7299
6848	(459, 170)	'闪'	7302
6849	(829, 1308)	'ود'	7303
6850	(12015, 141)	'籍'	7304
6851	(705, 576)	'同学'	7305
6852	(823, 1415)	'利亚'	7306
6853	(795, 167)	'で'	7307
6854	(107, 258)	'kin'	7308
6855	(982, 54)	'2006'	7309
6856	(617, 1920)	'方便'	7310
6857	(1510, 32)	'\xa0\xa0 '	7311
6858	(12066, 284)	' gives'	7312
6859	(2431, 12168)	' details'	7313
6860	(1070, 143)	'漏'	7314
6861	(708, 372)	' Kim'	7315
6862	(149, 429)	b'\x95\xe1\x80'	7316
6863	(941, 1373)	'影像'	7317
6864	(2610, 5020)	'死亡'	7318
6865	(1194, 1096)	'接近'	7319
6866	(271, 2327)	'的重要'	7320
6867	(32, 1086)	' ign'	7321
6868	(618, 286)	'alled'	7322
6869	(12053, 286)	' moved'	7323
6870	(65, 114)	'Ar'	7324
6871	(280, 97)	'isa'	7325
6872	(1866, 662)	'根本'	7326
6873	(195, 162)	'â'	7327
6874	(84, 83)	'TS'	7328
6875	(1927, 440)	'ification'	7329
6876	(621, 138)	'羊'	7330
6877	(420, 2211)	' weird'	7332
6878	(1080, 136)	'ੈ'	7333
6879	(1966, 640)	' investment'	7334
6880	(708, 282)	' King'	7335
6881	(1316, 712)	'推进'	7336
6882	(456, 265)	'agon'	7337
6883	(257, 372)	' aim'	7338
6884	(1188, 2112)	' rock'	7340
6885	(563, 149)	'ক'	7341
6886	(109, 112)	'mp'	7342
6887	(637, 1060)	'就可以'	7343
6888	(977, 595)	'你们'	7344
6889	(1356, 2810)	' secret'	7345
6890	(1999, 167)	'慧'	7346
6891	(66, 114)	'Br'	7347
6892	(1603, 12441)	' considered'	7348
6893	(563, 178)	'ল'	7349
6894	(3694, 674)	' pressure'	7350
6895	(2348, 710)	'短期'	7351
6896	(551, 118)	' dev'	7352
6897	(1597, 578)	' finally'	7353
6898	(1511, 282)	' calling'	7354
6899	(53, 56)	'58'	7355
6900	(500, 2187)	'ай'	7356
6901	(1102, 320)	' Inst'	7357
6902	(1566, 188)	'ー'	7358
6903	(4246, 2882)	'概念'	7359
6904	(390, 1916)	' Matt'	7360
6905	(734, 552)	'还要'	7361
6906	(105, 575)	'ires'	7363
6907	(12100, 1764)	' management'	7364
6908	(927, 282)	'izing'	7365
6909	(2805, 483)	' protest'	7366
6910	(585, 806)	' Every'	7367
6911	(1465, 158)	b' \xec\x9e'	7368
6912	(117, 282)	'uing'	7369
6913	(285, 1642)	' mix'	7371
6914	(526, 271)	'行的'	7372
6915	(629, 492)	' trust'	7373
6916	(1257, 2127)	' Health'	7374
6917	(1621, 1085)	'供应'	7375
6918	(619, 2069)	' ability'	7376
6919	(993, 128)	'ీ'	7377
6920	(830, 2166)	'数字'	7378
6921	(12317, 331)	' tweet'	7380
6922	(313, 12250)	' named'	7381
6923	(4149, 570)	'的情况下'	7383
6924	(273, 430)	'anch'	7384
6925	(4226, 1701)	'困难'	7385
6926	(390, 275)	' Mor'	7386
6927	(2206, 33)	'!!!'	7387
6928	(12028, 284)	' includes'	7388
6929	(921, 157)	'祝'	7389
6930	(2806, 3547)	'金融危机'	7390
6931	(936, 620)	'提前'	7391
6932	(874, 418)	'两国'	7392
6933	(347, 117)	'adu'	7393
6934	(1527, 2027)	'形象'	7394
6935	(1885, 797)	'态度'	7395
6936	(4018, 1317)	'告诉记者'	7396
6937	(3615, 1119)	'旅游'	7397
6938	(485, 166)	'浦'	7398
6939	(353, 351)	' Sam'	7399
6940	(344, 457)	'owers'	7400
6941	(12351, 12036)	' September'	7401
6942	(383, 140)	'凌'	7402
6943	(2210, 1365)	' के'	7403
6944	(775, 119)	'raw'	7405
6945	(102, 12035)	'friend'	7406
6946	(1145, 321)	'ension'	7408
6947	(1884, 1530)	'营销'	7409
6948	(433, 424)	' rout'	7410
6949	(490, 773)	'家长'	7411
6950	(65, 1715)	'Any'	7412
6951	(232, 149)	b'\xe8\x95'	7413
6952	(2275, 115)	' schools'	7414
6953	(3868, 330)	' certainly'	7415
6954	(567, 149)	'క'	7416
6955	(3680, 1350)	'课程'	7417
6956	(2163, 165)	' ብ'	7418
6957	(149, 4296)	b'\x95\xe0\xaf\x8d\xe0\xae\x95'	7419
6958	(264, 1774)	' sale'	7420
6959	(441, 105)	' ki'	7421
6960	(593, 4024)	' choice'	7422
6961	(12405, 2004)	'浙江'	7423
6962	(1112, 187)	'添'	7424
6963	(376, 309)	' Com'	7425
6964	(1512, 366)	"He's"	7427
6965	(1746, 151)	'窗'	7428
6966	(5201, 1237)	' various'	7429
6967	(209, 158)	'ў'	7430
6968	(312, 139)	'宋'	7431
6969	(326, 1006)	' yang'	7432
6970	(2690, 99)	' esc'	7433
6971	(716, 1068)	'动物'	7434
6972	(376, 1433)	' Cont'	7435
6973	(518, 2569)	'对焦'	7436
6974	(2552, 524)	' parts'	7437
6975	(315, 101)	' ge'	7438
6976	(32, 267)	' er'	7439
6977	(659, 1319)	'最低'	7440
6978	(489, 2832)	' joke'	7443
6979	(130, 172)	b'\x82\xac'	7444
6980	(695, 812)	'机关'	7445
6981	(12274, 731)	' Australia'	7446
6982	(3204, 1086)	' foreign'	7447
6983	(353, 719)	' Sub'	7448
6984	(2463, 2119)	'充满'	7449
6985	(531, 2125)	'生命'	7450
6986	(342, 5117)	' eyes'	7451
6987	(702, 12371)	'美联储'	7452
6988	(422, 321)	'usion'	7453
6989	(287, 1455)	'arily'	7454
6990	(1549, 12118)	' associ'	7455
6991	(762, 645)	'то'	7456
6992	(394, 171)	'赫'	7457
6993	(1445, 3019)	'完善'	7458
6994	(1193, 3169)	'ية'	7460
6995	(394, 180)	'赴'	7461
6996	(12219, 2231)	' confirmed'	7462
6997	(337, 141)	'\u200d'	7463
6998	(1215, 331)	' feet'	7464
6999	(522, 187)	'阻'	7465
7000	(2861, 366)	"There's"	7466
7001	(343, 171)	'劫'	7467
7002	(12124, 578)	' totally'	7468
7003	(12401, 1253)	'国务院'	7469
7004	(3270, 2935)	' injury'	7470
7005	(283, 1059)	' poll'	7471
7006	(610, 110)	' Then'	7472
7007	(653, 1012)	'开展'	7474
7008	(2314, 12076)	' numbers'	7475
7009	(300, 105)	'asi'	7476
7010	(637, 356)	'就在'	7477
7011	(1636, 3019)	'改善'	7478
7012	(103, 284)	'ges'	7480
7013	(969, 2606)	'意义'	7481
7014	(1931, 171)	'猫'	7482
7015	(4076, 2619)	' supposed'	7483
7016	(900, 908)	'斯特'	7484
7017	(2324, 2324)	'刚刚'	7485
7018	(12332, 116)	'rupt'	7486
7019	(548, 175)	'振'	7487
7020	(1231, 286)	'icted'	7489
7021	(1087, 493)	'感到'	7490
7022	(225, 129)	b'\xe1\x81'	7491
7023	(879, 4058)	'电脑'	7493
7024	(804, 536)	'内地'	7495
7025	(276, 286)	' bed'	7496
7026	(1180, 177)	'唱'	7497
7027	(587, 356)	'也在'	7498
7028	(4439, 1413)	'贸易'	7499
7029	(2280, 381)	' driver'	7500
7030	(427, 3285)	'上映'	7501
7031	(2065, 1695)	' annual'	7502
7032	(838, 129)	'锁'	7503
7033	(708, 278)	' Ken'	7505
7034	(427, 3438)	'上述'	7506
7035	(529, 101)	'aine'	7507
7036	(1380, 5234)	' built'	7508
7037	(1961, 800)	'第一次'	7509
7038	(885, 150)	'砖'	7510
7039	(615, 135)	'ệ'	7511
7040	(921, 150)	'祖'	7512
7041	(394, 164)	'赤'	7513
7042	(2813, 1484)	' conduct'	7514
7043	(5331, 887)	'姚明'	7515
7044	(98, 369)	'but'	7517
7045	(12415, 4877)	'贡献'	7518
7046	(507, 12366)	' French'	7519
7047	(1805, 1072)	' setting'	7520
7048	(2288, 282)	' opening'	7521
7049	(1466, 330)	' mostly'	7522
7050	(715, 183)	'谷'	7523
7051	(709, 605)	' spend'	7524
7052	(1552, 149)	' க'	7525
7053	(372, 97)	'ima'	7526
7054	(817, 399)	'重大'	7527
7055	(612, 3028)	' Jones'	7528
7056	(48, 55)	'07'	7529
7057	(1345, 163)	'ả'	7530
7058	(1597, 3097)	' finished'	7531
7059	(1720, 115)	' cars'	7532
7060	(12005, 183)	'偷'	7533
7061	(355, 309)	' Tom'	7534
7062	(1701, 466)	'难以'	7535
7063	(12008, 177)	'箱'	7536
7064	(12132, 1320)	' victory'	7537
7065	(2592, 950)	' created'	7539
7066	(389, 1213)	'中奖'	7540
7067	(766, 1403)	'品质'	7541
7068	(742, 1313)	'小组'	7542
7069	(1656, 525)	' regul'	7543
7070	(539, 5023)	' Google'	7547
7071	(271, 1791)	'的同时'	7548
7072	(290, 642)	' die'	7549
7073	(581, 148)	'體'	7550
7074	(2284, 136)	'аш'	7551
7075	(2163, 176)	' ተ'	7552
7076	(626, 149)	'ਕ'	7554
7077	(539, 331)	' Get'	7555
7078	(277, 858)	' cell'	7557
7079	(2990, 969)	'愿意'	7558
7080	(116, 114)	'tr'	7559
7081	(467, 144)	' А'	7561
7082	(583, 176)	'ሰ'	7562
7083	(12302, 440)	' education'	7563
7084	(281, 97)	' fa'	7564
7085	(1632, 424)	' throughout'	7565
7086	(76, 67)	'LC'	7566
7087	(12386, 959)	'渠道'	7567
7088	(1325, 1106)	' kept'	7568
7089	(275, 97)	'ora'	7569
7090	(408, 12367)	' whatever'	7570
7091	(12312, 116)	' doubt'	7571
7092	(614, 828)	'istry'	7572
7093	(599, 1967)	'из'	7573
7094	(2424, 3761)	' simple'	7575
7095	(12464, 1415)	'澳大利亚'	7576
7096	(12410, 300)	' Texas'	7577
7097	(12024, 100)	"I'd"	7578
7098	(2046, 176)	'ાર'	7579
7099	(2380, 309)	' autom'	7580
7100	(98, 274)	'bit'	7583
7101	(738, 1025)	'力量'	7584
7102	(129, 429)	b'\x81\xe1\x80'	7585
7103	(676, 271)	'者的'	7586
7104	(78, 344)	'Now'	7587
7105	(376, 351)	' Cam'	7588
7106	(813, 141)	'稍'	7589
7107	(679, 185)	'妹'	7590
7108	(681, 378)	' worse'	7591
7109	(313, 103)	' ng'	7592
7110	(1080, 129)	'ੁ'	7593
7111	(550, 651)	'业主'	7594
7112	(45, 67)	'-C'	7595
7113	(12403, 410)	' daughter'	7596
7114	(1133, 184)	' સ'	7597
7115	(1149, 1695)	' actual'	7598
7116	(2007, 2464)	' waiting'	7599
7117	(376, 12234)	' Council'	7600
7118	(104, 963)	'hib'	7601
7119	(821, 109)	' arm'	7602
7120	(82, 759)	'Rep'	7603
7121	(426, 2157)	'年底'	7605
7122	(290, 3159)	' dude'	7606
7123	(467, 154)	' К'	7607
7124	(12202, 307)	' critic'	7608
7125	(5955, 284)	' Angeles'	7609
7126	(283, 275)	' por'	7610
7127	(1564, 12287)	' је'	7611
7128	(1120, 1494)	'设备'	7612
7129	(5058, 115)	' residents'	7613
7130	(397, 97)	'ura'	7614
7131	(256, 278)	' ten'	7615
7132	(913, 457)	' users'	7616
7133	(651, 2606)	'主义'	7617
7134	(428, 187)	'彻'	7619
7135	(236, 158)	b'\xec\x9e'	7620
7136	(12438, 12365)	' husband'	7621
7137	(638, 112)	' Op'	7624
7138	(290, 955)	' dark'	7625
7139	(45, 916)	'-10'	7627
7140	(409, 146)	'冒'	7628
7141	(12038, 693)	' respect'	7629
7142	(77, 65)	'MA'	7630
7143	(1876, 1092)	'限制'	7631
7144	(393, 151)	'盗'	7632
7145	(1512, 121)	'Hey'	7633
7146	(98, 12096)	'board'	7634
7147	(5063, 349)	'尤其是'	7635
7148	(3232, 271)	'公布的'	7636
7149	(5405, 910)	'董事'	7638
7150	(539, 2872)	' Green'	7640
7151	(1108, 894)	' ان'	7641
7152	(503, 427)	'会上'	7642
7153	(416, 263)	' Bre'	7643
7154	(460, 816)	'这位'	7644
7155	(1935, 892)	'团队'	7645
7156	(726, 149)	'捕'	7646
7157	(681, 320)	' worst'	7647
7158	(287, 1593)	'ario'	7648
7159	(1242, 142)	'虎'	7649
7160	(4279, 410)	' counter'	7650
7161	(2242, 653)	'离开'	7651
7162	(1682, 884)	' Brown'	7652
7163	(325, 115)	'ids'	7653
7164	(4644, 403)	' Smith'	7654
7165	(12311, 101)	' piece'	7655
7166	(964, 618)	' overall'	7656
7167	(587, 1060)	'也可以'	7657
7168	(12326, 1774)	' female'	7658
7169	(77, 475)	'More'	7659
7170	(413, 185)	b' \xe0\xb9'	7660
7171	(1143, 139)	'ো'	7661
7172	(283, 374)	' pun'	7662
7173	(414, 177)	'抱'	7663
7174	(709, 3308)	' sports'	7664
7175	(279, 143)	'亏'	7666
7176	(1111, 112)	' disp'	7667
7177	(32, 1276)	' ult'	7670
7178	(4216, 1662)	' authorities'	7671
7179	(1207, 170)	' প'	7672
7180	(216, 182)	'ض'	7673
7181	(2093, 128)	'은'	7674
7182	(390, 292)	' Mal'	7675
7183	(12443, 399)	'加拿大'	7676
7184	(5823, 2139)	' budget'	7677
7185	(992, 12174)	'据悉'	7678
7186	(4364, 1193)	' في'	7679
7187	(782, 616)	'体现'	7680
7188	(2939, 175)	'્ય'	7681
7189	(195, 185)	'ù'	7682
7190	(5416, 1654)	' International'	7683
7191	(32, 1686)	' é'	7684
7192	(695, 1092)	'机制'	7685
7193	(285, 1774)	' male'	7686
7194	(351, 109)	'amm'	7687
7195	(3576, 2432)	'父亲'	7688
7196	(174, 429)	b'\xae\xe1\x80'	7689
7197	(949, 685)	'从而'	7691
7198	(1315, 663)	'显得'	7693
7199	(1051, 349)	'正是'	7694
7200	(310, 171)	'迫'	7695
7201	(1009, 3719)	' prevent'	7696
7202	(290, 347)	' dad'	7698
7203	(1198, 142)	'黎'	7699
7204	(484, 2659)	'出席'	7700
7205	(430, 1778)	'change'	7701
7206	(488, 12472)	' November'	7702
7207	(641, 158)	'洞'	7703
7208	(1875, 118)	' surv'	7704
7209	(1342, 4386)	' additional'	7705
7210	(1489, 2227)	' کې'	7706
7211	(501, 2208)	' shared'	7708
7212	(3413, 115)	' girls'	7709
7213	(1223, 458)	'那个'	7710
7214	(735, 286)	'uced'	7711
7215	(386, 142)	'扎'	7712
7216	(1677, 919)	'决赛'	7713
7217	(1901, 149)	'िक'	7714
7218	(2030, 12197)	'医疗'	7715
7219	(1057, 159)	'烟'	7716
7220	(276, 1831)	' bụ'	7717
7221	(585, 852)	' Even'	7718
7222	(579, 12446)	' album'	7719
7223	(256, 1074)	' table'	7720
7224	(394, 150)	'赖'	7721
7225	(313, 752)	' nine'	7722
7226	(2183, 5311)	'普遍'	7723
7227	(3268, 170)	'薪'	7724
7228	(513, 134)	'忆'	7725
7229	(12293, 483)	' largest'	7726
7230	(1258, 161)	'荡'	7727
7231	(53, 54)	'56'	7729
7232	(528, 2611)	' Like'	7730
7233	(525, 97)	'ula'	7731
7234	(603, 178)	'લ'	7732
7235	(400, 139)	'奋'	7733
7236	(808, 1832)	'点评'	7734
7237	(1319, 565)	'低于'	7735
7238	(4911, 823)	'盈利'	7736
7239	(48, 51)	'03'	7737
7240	(1822, 950)	' related'	7738
7241	(1669, 159)	'்ட'	7739
7242	(12011, 50)	' 2012'	7740
7243	(664, 99)	' unc'	7741
7244	(3507, 1930)	'ත්'	7742
7245	(2087, 766)	'食品'	7743
7246	(349, 458)	'是个'	7744
7247	(1444, 1513)	'广告'	7745
7248	(107, 331)	'ket'	7746
7249	(1013, 427)	'身上'	7747
7250	(79, 107)	'Ok'	7748
7251	(3264, 911)	' options'	7749
7252	(3601, 344)	' snow'	7750
7253	(407, 811)	'ooking'	7751
7254	(1722, 1263)	'博客'	7752
7255	(971, 12425)	' Chinese'	7753
7256	(1342, 1306)	' addition'	7754
7257	(332, 1575)	' repe'	7755
7258	(1789, 271)	'方面的'	7756
7259	(83, 80)	'SP'	7757
7260	(866, 292)	' qual'	7758
7261	(1417, 503)	'可能会'	7759
7262	(435, 632)	' Port'	7760
7263	(604, 1218)	'新华'	7761
7264	(1393, 3109)	'教练'	7762
7265	(55, 57)	'79'	7763
7266	(824, 829)	'رو'	7764
7267	(100, 111)	'do'	7765
7268	(2415, 258)	' skin'	7766
7269	(353, 372)	' Sim'	7767
7270	(662, 710)	'本期'	7769
7271	(608, 422)	' plus'	7770
7272	(5546, 634)	' executive'	7771
7273	(271, 1896)	'的比赛'	7772
7274	(3142, 327)	' Play'	7773
7275	(1049, 2108)	'记录'	7774
7276	(12170, 286)	' charged'	7775
7277	(290, 258)	' din'	7776
7278	(126, 126)	'~~'	7777
7279	(1487, 271)	'发展的'	7778
7280	(989, 284)	'aves'	7780
7281	(1937, 941)	'摄影'	7781
7282	(48, 54)	'06'	7782
7283	(2030, 531)	'医生'	7783
7284	(265, 110)	'onn'	7784
7285	(585, 85)	' EU'	7786
7286	(2170, 1256)	' الم'	7787
7287	(357, 184)	'诸'	7788
7288	(1159, 3223)	'总经理'	7789
7289	(2291, 12421)	' Israel'	7790
7290	(4847, 545)	' encour'	7791
7291	(714, 100)	'odd'	7792
7292	(1826, 97)	'anna'	7793
7293	(792, 187)	'電'	7794
7294	(502, 267)	'ander'	7795
7295	(814, 4820)	' introd'	7796
7296	(12237, 273)	' Republican'	7798
7297	(1505, 3098)	' remains'	7799
7298	(797, 271)	'度的'	7800
7299	(264, 1145)	' sens'	7801
7300	(1916, 105)	'atti'	7802
7301	(108, 327)	'lay'	7803
7302	(12334, 12395)	' beautiful'	7804
7303	(299, 110)	' inn'	7805
7304	(659, 769)	'最好'	7806
7305	(566, 191)	'沿'	7808
7306	(841, 53)	' 35'	7809
7307	(52, 50)	'42'	7810
7308	(2173, 347)	' glad'	7811
7309	(105, 457)	'iers'	7812
7310	(608, 12225)	' places'	7813
7311	(688, 166)	'侦'	7814
7312	(286, 105)	'edi'	7815
7313	(3154, 110)	' damn'	7816
7314	(3179, 152)	'하'	7817
7315	(1980, 133)	'их'	7818
7316	(1688, 4722)	' میں'	7819
7317	(907, 3437)	' prison'	7820
7318	(52, 51)	'43'	7821
7319	(2042, 112)	' trip'	7822
7320	(372, 98)	'imb'	7823
7321	(285, 405)	' mill'	7824
7322	(45, 65)	'-A'	7825
7323	(1199, 769)	'做好'	7826
7324	(2417, 3182)	' continued'	7827
7325	(420, 609)	' weight'	7828
7326	(1221, 2844)	' accused'	7829
7327	(536, 3440)	'地震'	7830
7328	(307, 364)	'icro'	7831
7329	(375, 369)	' Aut'	7832
7330	(1268, 663)	'变得'	7833
7331	(66, 12228)	'Because'	7834
7332	(1756, 3790)	' laugh'	7835
7333	(103, 98)	'gb'	7836
7334	(608, 853)	' plays'	7837
7335	(733, 1001)	'资格'	7838
7336	(56, 423)	'800'	7839
7337	(276, 714)	' bod'	7840
7338	(784, 2974)	' agency'	7841
7339	(433, 1386)	' rates'	7842
7340	(1968, 12460)	' families'	7843
7341	(2626, 500)	' да'	7844
7342	(12045, 182)	'瓶'	7845
7343	(384, 4320)	' style'	7846
7344	(462, 280)	' Dis'	7847
7345	(754, 399)	'加大'	7849
7346	(267, 828)	'erry'	7850
7347	(1410, 170)	'横'	7852
7348	(992, 2755)	'据了解'	7853
7349	(926, 187)	'邻'	7854
7350	(315, 287)	' gar'	7855
7351	(2012, 2012)	'往往'	7856
7352	(565, 349)	'于是'	7857
7353	(1218, 3194)	'华夏'	7858
7354	(706, 1271)	'ем'	7859
7355	(3124, 2432)	'母亲'	7860
7356	(292, 282)	'aling'	7861
7357	(1644, 542)	'研发'	7862
7358	(99, 97)	'ca'	7864
7359	(391, 151)	'耗'	7865
7360	(2821, 115)	' levels'	7866
7361	(846, 760)	'当天'	7867
7362	(85, 84)	'UT'	7869
7363	(474, 134)	'拆'	7870
7364	(283, 1912)	' para'	7871
7365	(994, 114)	' contr'	7872
7366	(3068, 67)	' McC'	7873
7367	(808, 1919)	'点击'	7874
7368	(6621, 1364)	' platform'	7875
7369	(387, 132)	'径'	7876
7370	(12086, 4524)	' increasing'	7877
7371	(437, 166)	'敦'	7878
7372	(961, 465)	'及时'	7879
7373	(4464, 12012)	' People'	7880
7374	(494, 1063)	' Rob'	7881
7375	(372, 2625)	'imately'	7882
7376	(106, 105)	'ji'	7883
7377	(953, 3340)	' playoff'	7884
7378	(358, 2230)	' items'	7885
7379	(896, 580)	' acqu'	7886
7380	(32, 2526)	' ç'	7887
7381	(615, 145)	'ố'	7888
7382	(1085, 518)	'应对'	7889
7383	(396, 830)	'人数'	7893
7384	(4616, 723)	' judge'	7894
7385	(307, 105)	'ici'	7895
7386	(3784, 3216)	'遭遇'	7896
7387	(347, 282)	'ading'	7898
7388	(374, 97)	'una'	7899
7389	(455, 185)	'纹'	7900
7390	(513, 152)	'忘'	7901
7391	(721, 3214)	'球迷'	7902
7392	(385, 1354)	'不再'	7903
7393	(563, 164)	'ত'	7904
7394	(1828, 115)	' feels'	7906
7395	(277, 828)	' cry'	7908
7396	(587, 2021)	'也许'	7909
7397	(420, 2412)	" we've"	7910
7398	(387, 146)	'徒'	7911
7399	(888, 103)	'berg'	7912
7400	(664, 2332)	' unless'	7913
7401	(1266, 4345)	'解释'	7914
7402	(4211, 286)	' failed'	7916
7403	(1282, 4254)	'给予'	7917
7404	(1756, 3457)	' launch'	7918
7405	(351, 282)	'aming'	7919
7406	(283, 1538)	' pair'	7921
7407	(1213, 559)	'奖金'	7922
7408	(2491, 417)	' Phil'	7923
7409	(1444, 399)	'广大'	7925
7410	(2035, 723)	'ledge'	7926
7411	(1093, 97)	'awa'	7927
7412	(290, 3118)	' dream'	7928
7413	(734, 356)	'还在'	7929
7414	(2233, 4324)	' effective'	7930
7415	(103, 457)	'gers'	7931
7416	(12060, 12119)	' followed'	7932
7417	(785, 133)	'畅'	7934
7418	(111, 309)	'oom'	7935
7419	(1004, 740)	'ур'	7937
7420	(105, 329)	'iot'	7938
7421	(3132, 2575)	' raised'	7939
7422	(2943, 1239)	'免费'	7940
7423	(1383, 3450)	' attract'	7941
7424	(277, 12452)	' crazy'	7942
7425	(1509, 45)	' na-'	7943
7426	(304, 300)	' las'	7944
7427	(1076, 2397)	'女孩'	7945
7428	(3958, 1715)	' sunny'	7946
7429	(271, 779)	'的外'	7947
7430	(2747, 519)	' estab'	7948
7431	(1082, 1118)	'增强'	7949
7432	(380, 3056)	' hearing'	7950
7433	(2728, 1643)	'分析师'	7951
7434	(300, 97)	'asa'	7952
7435	(598, 389)	'高中'	7953
7436	(4433, 917)	' murder'	7954
7437	(45, 2394)	'-year'	7955
7438	(4055, 2395)	'本报讯'	7956
7439	(433, 925)	' rare'	7957
7440	(1250, 809)	' blue'	7958
7441	(1461, 802)	'知名'	7959
7442	(1009, 3806)	' prefer'	7960
7443	(506, 130)	'剂'	7961
7444	(322, 161)	'ड'	7962
7445	(4944, 2333)	' Obama'	7963
7446	(12086, 1725)	' increased'	7964
7447	(46, 67)	'.C'	7965
7448	(494, 69)	' RE'	7966
7449	(5161, 1808)	'涂料'	7967
7450	(332, 5152)	' revenue'	7968
7451	(598, 2886)	'高端'	7969
7452	(335, 12355)	'一旦'	7971
7453	(380, 5361)	' heavy'	7972
7454	(427, 4205)	'上半年'	7973
7455	(1126, 423)	' 500'	7974
7456	(12081, 2719)	' required'	7975
7457	(1395, 335)	'统一'	7976
7458	(45, 378)	'-se'	7977
7459	(1277, 2661)	'原油'	7978
7460	(119, 483)	'west'	7979
7461	(3861, 170)	'踪'	7980
7462	(715, 139)	'谋'	7981
7463	(32, 3940)	' қ'	7982
7464	(1787, 2356)	'助攻'	7984
7465	(726, 183)	'捷'	7985
7466	(902, 690)	'房产'	7986
7467	(870, 12466)	'情绪'	7987
7468	(1284, 1269)	'南京'	7988
7469	(1685, 157)	' ም'	7989
7470	(2233, 3308)	' efforts'	7990
7471	(532, 134)	'覆'	7991
7472	(285, 267)	' mer'	7992
7473	(512, 270)	'that'	7993
7474	(1204, 56)	'198'	7994
7475	(390, 475)	' More'	7995
7476	(547, 1856)	'场景'	7996
7477	(887, 426)	'明年'	7997
7478	(353, 292)	' Sal'	7998
7479	(1220, 493)	'想到'	7999
7480	(70, 67)	'FC'	8000
7481	(53, 55)	'57'	8001
7482	(790, 12059)	' advice'	8002
7483	(108, 275)	'lor'	8003
7484	(4711, 577)	b'\xe0\xaf\x88\xe0\xae'	8005
7485	(1948, 1072)	' putting'	8006
7486	(1782, 794)	'ship'	8007
7487	(1291, 399)	'较大'	8009
7488	(2398, 5103)	' avoid'	8011
7489	(48, 52)	'04'	8012
7490	(539, 1110)	' Great'	8013
7491	(2191, 286)	' signed'	8014
7492	(883, 287)	' Star'	8015
7493	(465, 710)	'时期'	8016
7494	(662, 1013)	'本身'	8017
7495	(4610, 640)	' treatment'	8018
7496	(69, 806)	'Every'	8019
7497	(391, 144)	'耐'	8020
7498	(2288, 286)	' opened'	8021
7499	(908, 12424)	'特殊'	8022
7500	(1393, 4923)	'教授'	8023
7501	(278, 97)	'ena'	8024
7502	(680, 1013)	'自身'	8025
7503	(4051, 330)	' seriously'	8026
7504	(839, 945)	' peace'	8027
7505	(377, 1005)	'有着'	8028
7506	(2421, 166)	'ائ'	8029
7507	(898, 691)	'里面'	8030
7508	(2813, 4136)	' conditions'	8031
7509	(2555, 1022)	'黑色'	8032
7510	(356, 460)	'在这'	8033
7511	(971, 3401)	' Chief'	8034
7512	(794, 101)	'ipe'	8035
7513	(657, 4860)	' cancer'	8036
7514	(5347, 616)	'呈现'	8037
7515	(1678, 721)	'足球'	8038
7516	(390, 417)	' Mil'	8039
7517	(850, 267)	'nder'	8040
7518	(48, 50)	'02'	8041
7519	(1260, 536)	'各地'	8042
7520	(298, 167)	'內'	8043
7521	(954, 377)	'持有'	8044
7522	(416, 523)	' Bel'	8045
7523	(432, 108)	'cel'	8046
7524	(1653, 2818)	'板块'	8047
7525	(781, 1213)	'等奖'	8048
7526	(347, 476)	'adem'	8050
7527	(641, 170)	'洪'	8052
7528	(2632, 552)	'一定要'	8053
7529	(488, 5228)	' NFL'	8054
7530	(1064, 565)	'至于'	8055
7531	(340, 129)	'旁'	8056
7532	(57, 54)	'96'	8057
7533	(12024, 311)	"I'll"	8058
7534	(648, 730)	" hasn't"	8059
7535	(1557, 98)	' emb'	8060
7536	(216, 163)	'أ'	8062
7537	(1339, 144)	' ነ'	8063
7538	(1091, 164)	'ात'	8064
7539	(886, 2651)	' anyway'	8065
7540	(3379, 996)	' approach'	8066
7541	(527, 687)	' notice'	8067
7542	(637, 515)	'就能'	8068
7543	(1938, 1643)	'设计师'	8069
7544	(1557, 112)	' emp'	8070
7545	(355, 79)	' TO'	8071
7546	(3967, 147)	'經'	8072
7547	(399, 1362)	'大盘'	8073
7548	(2841, 2184)	' Scott'	8074
7549	(429, 3687)	b'\xe1\x80\x90\xe1\x80'	8075
7550	(1537, 2154)	'份额'	8077
7551	(4519, 12392)	' absolutely'	8080
7552	(3939, 1930)	'ක්'	8081
7553	(2304, 6288)	' legisl'	8082
7554	(111, 366)	"o's"	8083
7555	(271, 1737)	'的学生'	8084
7556	(3418, 115)	' claims'	8085
7557	(1091, 130)	'ां'	8086
7558	(119, 273)	'wan'	8087
7559	(462, 12013)	" Don't"	8088
7560	(1324, 121)	'ancy'	8089
7561	(930, 545)	' Your'	8090
7562	(1411, 149)	' క'	8091
7563	(57, 55)	'97'	8092
7564	(1405, 419)	'称为'	8093
7565	(84, 65)	'TA'	8094
7566	(3270, 2904)	' injured'	8095
7567	(1617, 902)	'购房'	8096
7568	(2572, 1299)	'独立'	8097
7569	(822, 705)	'相同'	8098
7570	(570, 4861)	'下滑'	8099
7571	(1583, 1415)	'尼亚'	8100
7572	(1050, 12370)	' teacher'	8102
7573	(1002, 170)	' ਪ'	8103
7574	(5714, 1627)	'沪深'	8104
7575	(825, 138)	'聊'	8106
7576	(2005, 110)	'ün'	8107
7577	(12356, 752)	' imagine'	8108
7578	(507, 475)	' Fore'	8109
7579	(384, 966)	' stick'	8110
7580	(1975, 4880)	'儿童'	8111
7581	(339, 156)	'甜'	8112
7582	(390, 456)	' Mag'	8113
7583	(115, 112)	'sp'	8114
7584	(196, 135)	'ć'	8115
7585	(5876, 4637)	' welcome'	8116
7586	(577, 178)	'ல'	8118
7587	(586, 137)	' उ'	8119
7588	(2736, 1455)	' easily'	8120
7589	(673, 4886)	' leaving'	8121
7590	(12260, 777)	'妻子'	8122
7591	(375, 99)	' Ac'	8123
7592	(583, 137)	'ሉ'	8124
7593	(2203, 2910)	'ිය'	8125
7594	(372, 333)	'iment'	8126
7595	(2672, 1001)	'严格'	8127
7596	(1375, 2989)	'欧盟'	8128
7597	(651, 716)	'主动'	8129
7598	(1517, 1205)	'山东'	8130
7599	(543, 2241)	' vari'	8131
7600	(1140, 190)	'驾'	8132
7601	(2988, 634)	' receive'	8133
7602	(461, 405)	' Hill'	8134
7603	(304, 284)	' les'	8135
7604	(73, 2414)	'ION'	8137
7605	(2291, 4621)	' Islam'	8138
7606	(658, 271)	'元的'	8139
7607	(1784, 396)	'男人'	8140
7608	(12189, 1386)	' updates'	8141
7609	(2945, 349)	'特别是'	8142
7610	(874, 426)	'两年'	8143
7611	(280, 105)	'isi'	8145
7612	(629, 529)	' train'	8146
7613	(12022, 132)	'ไ'	8147
7614	(679, 153)	'妙'	8149
7615	(826, 2619)	' closed'	8151
7616	(348, 162)	'卢'	8152
7617	(1586, 836)	'售价'	8153
7618	(3683, 275)	' color'	8154
7619	(116, 529)	'tain'	8155
7620	(1595, 1596)	'居住'	8156
7621	(1590, 2991)	'类似'	8157
7622	(12398, 578)	' literally'	8158
7623	(3913, 3913)	'纷纷'	8160
7624	(72, 68)	'HD'	8162
7625	(1518, 419)	'仅为'	8163
7626	(3365, 3662)	' Commission'	8164
7627	(3671, 271)	'之间的'	8165
7628	(559, 2154)	'金额'	8166
7629	(3910, 5042)	' employees'	8167
7630	(817, 3393)	'重庆'	8169
7631	(1855, 542)	'引发'	8170
7632	(1099, 141)	'舍'	8171
7633	(993, 134)	'ె'	8172
7634	(864, 419)	'更为'	8173
7635	(2736, 1995)	' easier'	8175
7636	(277, 1224)	' cold'	8176
7637	(704, 271)	'部的'	8177
7638	(3492, 716)	'启动'	8178
7639	(3367, 1882)	' Johnson'	8179
7640	(1872, 3747)	'世界杯'	8180
7641	(216, 166)	'ئ'	8181
7642	(1237, 330)	'iously'	8183
7643	(817, 1580)	'重视'	8184
7644	(65, 104)	'Ah'	8185
7645	(1080, 130)	'ੂ'	8186
7646	(4973, 567)	b'\xe0\xb1\x87\xe0\xb0'	8187
7647	(433, 647)	' rap'	8188
7648	(308, 138)	'刊'	8189
7649	(2630, 2108)	'纪录'	8190
7650	(421, 175)	'贯'	8191
7651	(1220, 552)	'想要'	8192
7652	(32, 571)	' ess'	8193
7653	(543, 352)	' vac'	8194
7654	(82, 65)	'RA'	8195
7655	(287, 667)	'aries'	8196
7656	(2216, 1779)	'举办'	8197
7657	(304, 12227)	' loved'	8198
7658	(379, 148)	'孔'	8200
7659	(433, 4428)	' rule'	8201
7660	(384, 3959)	' stories'	8202
7661	(1133, 174)	' મ'	8203
7662	(5825, 674)	' ensure'	8204
7663	(428, 185)	'役'	8205
7664	(1210, 2822)	'认识'	8206
7665	(426, 797)	'年度'	8207
7666	(376, 12361)	' CEO'	8208
7667	(12047, 282)	' hoping'	8210
7668	(908, 1022)	'特色'	8211
7669	(742, 271)	'小的'	8212
7670	(107, 267)	'ker'	8213
7671	(599, 935)	'ис'	8214
7672	(1489, 824)	' کر'	8215
7673	(283, 955)	' park'	8216
7674	(469, 155)	'ป'	8217
7675	(1406, 627)	' award'	8218
7676	(394, 154)	'赚'	8219
7677	(1793, 797)	'角度'	8220
7678	(271, 1448)	'的产品'	8221
7679	(1903, 983)	' France'	8222
7680	(599, 1331)	'ив'	8223
7681	(2404, 992)	'占据'	8224
7682	(435, 263)	' Pre'	8225
7683	(785, 170)	'番'	8227
7684	(1085, 661)	'应用'	8228
7685	(1068, 550)	'物业'	8229
7686	(703, 161)	'污'	8230
7687	(1323, 12364)	' crowd'	8231
7688	(360, 2139)	' forget'	8232
7689	(390, 2611)	' Mike'	8233
7690	(330, 110)	'lyn'	8234
7691	(293, 103)	' ang'	8235
7692	(291, 448)	' tool'	8236
7693	(737, 1266)	'理解'	8237
7694	(764, 271)	'定的'	8238
7695	(12533, 4620)	'咨询'	8239
7696	(304, 327)	' lay'	8240
7697	(2482, 1449)	'细节'	8241
7698	(3926, 427)	'实际上'	8242
7699	(2925, 330)	' clearly'	8243
7700	(230, 134)	b'\xe6\x86'	8244
7701	(485, 174)	'浮'	8245
7702	(1684, 739)	'ground'	8246
7703	(1449, 515)	'节能'	8248
7704	(1000, 722)	' incred'	8249
7705	(1118, 271)	'强的'	8250
7706	(416, 368)	' Big'	8251
7707	(32, 615)	b' \xe1\xbb'	8252
7708	(1149, 634)	' active'	8253
7709	(264, 2887)	' sym'	8254
7710	(2068, 3164)	' про'	8255
7711	(1811, 145)	'塑'	8256
7712	(501, 369)	' shut'	8257
7713	(626, 178)	'ਲ'	8258
7714	(1313, 568)	'组成'	8260
7715	(593, 1538)	' chair'	8261
7716	(610, 378)	' These'	8262
7717	(681, 828)	' worry'	8263
7718	(2385, 282)	' killing'	8264
7719	(45, 55)	'-7'	8265
7720	(837, 517)	'看来'	8266
7721	(2168, 176)	'్ర'	8267
7722	(1216, 1333)	'指导'	8268
7723	(54, 55)	'67'	8269
7724	(98, 263)	'bre'	8270
7725	(1213, 1248)	'奖号'	8271
7726	(12011, 49)	' 2011'	8272
7727	(2513, 427)	'晚上'	8273
7728	(315, 2872)	' green'	8275
7729	(727, 604)	'全新'	8276
7730	(2686, 1365)	'ले'	8277
7731	(3621, 4622)	' है'	8278
7732	(390, 111)	' Mo'	8279
7733	(462, 273)	' Dan'	8280
7734	(12488, 1005)	'意味着'	8281
7735	(5722, 1022)	'颜色'	8283
7736	(285, 1681)	' max'	8284
7737	(1215, 286)	' feed'	8285
7738	(1039, 427)	'市场上'	8286
7739	(1221, 1138)	' accident'	8287
7740	(296, 270)	' hat'	8288
7741	(313, 12459)	' nuclear'	8289
7742	(737, 2882)	'理念'	8290
7743	(268, 1681)	' wax'	8291
7744	(308, 183)	'刷'	8292
7745	(1411, 181)	' వ'	8294
7746	(818, 1087)	'性感'	8296
7747	(527, 101)	' note'	8297
7748	(32, 687)	' ice'	8298
7749	(1012, 653)	'展开'	8299
7750	(283, 12209)	' paper'	8300
7751	(368, 97)	'iga'	8301
7752	(12254, 2208)	' appeared'	8302
7753	(1081, 116)	'ət'	8304
7754	(2890, 1372)	'追求'	8306
7755	(756, 179)	'艳'	8307
7756	(1411, 133)	' అ'	8308
7757	(5146, 2174)	' features'	8309
7758	(3624, 1408)	' draft'	8310
7759	(2502, 284)	' businesses'	8311
7760	(309, 278)	'omen'	8312
7761	(1986, 1357)	'段时间'	8313
7762	(462, 284)	' Des'	8314
7763	(296, 4951)	' hurt'	8315
7764	(546, 151)	'俗'	8316
7765	(372, 497)	'imum'	8317
7766	(829, 1256)	'وم'	8318
7767	(274, 122)	'itz'	8319
7768	(432, 286)	'ceed'	8320
7769	(703, 164)	'汤'	8321
7770	(2090, 493)	'拿到'	8322
7771	(461, 618)	' Hall'	8323
7772	(1089, 2835)	'无疑'	8324
7773	(507, 5052)	' First'	8325
7774	(537, 356)	'日在'	8326
7775	(698, 138)	' ي'	8327
7776	(537, 3091)	'日消息'	8328
7777	(357, 158)	'诞'	8329
7778	(592, 1457)	'公共'	8330
7779	(1144, 4465)	' partners'	8331
7780	(271, 389)	'的中'	8332
7781	(772, 4965)	'平衡'	8333
7782	(559, 1963)	'金属'	8334
7783	(3113, 395)	'采用了'	8335
7784	(256, 671)	' tough'	8336
7785	(2869, 2107)	'However'	8337
7786	(1148, 493)	'回到'	8338
7787	(859, 143)	'柏'	8339
7788	(271, 620)	'的前'	8340
7789	(1087, 870)	'感情'	8341
7790	(439, 136)	'览'	8343
7791	(1097, 321)	'ression'	8345
7792	(859, 148)	'柔'	8346
7793	(1931, 156)	'猜'	8347
7794	(2779, 2497)	' basically'	8348
7795	(2813, 1306)	' condition'	8349
7796	(2451, 179)	'碳'	8350
7797	(114, 614)	'rist'	8351
7798	(416, 397)	' Bur'	8352
7799	(46, 84)	'.T'	8354
7800	(658, 1751)	'元素'	8355
7801	(5264, 110)	'ên'	8356
7802	(583, 170)	'ሪ'	8357
7803	(112, 369)	'put'	8358
7804	(926, 147)	'邓'	8359
7805	(329, 105)	'oti'	8360
7806	(2618, 1947)	'群众'	8361
7807	(573, 458)	'多个'	8362
7808	(331, 1243)	'ette'	8363
7809	(467, 156)	' М'	8364
7810	(271, 2677)	'的方式'	8365
7811	(467, 161)	' С'	8366
7812	(12051, 3182)	' issued'	8367
7813	(1081, 108)	'əl'	8368
7814	(1914, 5495)	b' \xe1\x80\xa1\xe1\x80'	8369
7815	(1081, 115)	'əs'	8370
7816	(377, 881)	'有一个'	8371
7817	(554, 1769)	'分红'	8372
7818	(80, 101)	'Pe'	8373
7819	(519, 1584)	'ables'	8374
7820	(842, 330)	'ously'	8375
7821	(543, 4024)	' voice'	8376
7822	(2278, 5334)	'卫浴'	8377
7823	(69, 69)	'EE'	8378
7824	(579, 4795)	' although'	8379
7825	(934, 502)	' expand'	8381
7826	(585, 118)	' Ev'	8382
7827	(12457, 156)	'로'	8383
7828	(66, 108)	'Bl'	8384
7829	(4132, 1664)	' excited'	8385
7830	(820, 1520)	'很快'	8386
7831	(2790, 691)	'画面'	8387
7832	(1182, 696)	'科比'	8388
7833	(539, 12445)	' General'	8389
7834	(1549, 497)	' assum'	8390
7835	(465, 271)	'时的'	8391
7836	(456, 267)	'ager'	8392
7837	(456, 1764)	'agement'	8394
7838	(277, 623)	' cast'	8395
7839	(536, 816)	'地位'	8396
7840	(1100, 2122)	'战绩'	8397
7841	(651, 1349)	'主演'	8399
7842	(489, 5787)	' journal'	8400
7843	(1805, 116)	' sett'	8402
7844	(314, 140)	'昌'	8403
7845	(3553, 1648)	'逐步'	8405
7846	(670, 282)	' willing'	8406
7847	(3139, 366)	" There's"	8407
7848	(314, 130)	'昂'	8409
7849	(95, 116)	'_t'	8410
7850	(3996, 952)	'while'	8411
7851	(544, 135)	'颇'	8412
7852	(3496, 143)	'鹏'	8413
7853	(427, 395)	'上了'	8414
7854	(568, 4241)	'成熟'	8415
7855	(384, 12146)	' street'	8417
7856	(883, 759)	' Step'	8418
7857	(494, 1396)	' Rock'	8419
7858	(553, 349)	'可是'	8422
7859	(469, 183)	'ื'	8423
7860	(1528, 3285)	'反映'	8424
7861	(2343, 12420)	'习惯'	8425
7862	(1012, 970)	'展示'	8426
7863	(277, 3456)	' code'	8427
7864	(78, 69)	'NE'	8428
7865	(3963, 1022)	'绿色'	8429
7866	(2042, 292)	' trial'	8430
7867	(922, 2877)	'民族'	8431
7868	(380, 364)	' hero'	8432
7869	(3016, 843)	'्या'	8433
7870	(1076, 777)	'女子'	8434
7871	(277, 6066)	' caught'	8435
7872	(3915, 1785)	'损失'	8436
7873	(277, 300)	' cas'	8437
7874	(12358, 440)	' conversation'	8438
7875	(548, 186)	'挺'	8439
7876	(1628, 349)	'则是'	8440
7877	(1966, 1167)	' investors'	8442
7878	(3311, 419)	'分别为'	8443
7879	(805, 457)	' offers'	8444
7880	(1554, 3877)	'的一個'	8445
7881	(1436, 50)	'2012'	8446
7882	(2760, 282)	' buying'	8447
7883	(662, 1182)	'本科'	8448
7884	(1488, 456)	' flag'	8450
7885	(651, 1793)	'主角'	8451
7886	(441, 104)	' kh'	8453
7887	(51, 1252)	'3000'	8454
7888	(1660, 553)	'即可'	8455
7889	(2037, 733)	'融资'	8456
7890	(274, 105)	'iti'	8457
7891	(2102, 1555)	'奇才'	8458
7892	(4213, 4198)	' network'	8459
7893	(3750, 5033)	' English'	8460
7894	(1886, 1019)	' retail'	8461
7895	(345, 12502)	' beyond'	8462
7896	(3092, 797)	'印度'	8463
7897	(1597, 1208)	' finish'	8464
7898	(1937, 1373)	'摄像'	8465
7899	(4591, 1604)	'讨论'	8466
7900	(281, 12400)	' fresh'	8467
7901	(4016, 12510)	' yesterday'	8468
7902	(1087, 1115)	'感受'	8469
7903	(12221, 6747)	' challenge'	8470
7904	(849, 12380)	' computer'	8471
7905	(570, 395)	'下了'	8472
7906	(3642, 524)	' starts'	8473
7907	(1452, 274)	' commit'	8474
7908	(304, 39)	" l'"	8475
7909	(416, 121)	' By'	8476
7910	(1064, 1094)	'至今'	8478
7911	(335, 760)	'一天'	8479
7912	(333, 12069)	'entially'	8480
7913	(704, 773)	'部长'	8481
7914	(394, 143)	'赏'	8482
7915	(645, 762)	'от'	8484
7916	(923, 868)	' image'	8485
7917	(391, 182)	'耶'	8486
7918	(793, 356)	'所在'	8487
7919	(484, 1261)	'出台'	8488
7920	(422, 634)	'usive'	8489
7921	(406, 178)	'玲'	8490
7922	(12449, 1134)	' Canadian'	8491
7923	(3656, 1306)	' competition'	8492
7924	(12269, 307)	' communic'	8495
7925	(12330, 1477)	' weapons'	8496
7926	(474, 150)	'拖'	8497
7927	(924, 5874)	'通胀'	8498
7928	(2953, 325)	' solid'	8499
7929	(981, 186)	'铺'	8500
7930	(271, 2098)	'的主要'	8501
7931	(458, 5047)	'个篮板'	8502
7932	(1205, 617)	'东方'	8503
7933	(2087, 1068)	'食物'	8504
7934	(886, 5622)	' anymore'	8505
7935	(1811, 171)	'填'	8506
7936	(475, 115)	'ores'	8507
7937	(1057, 167)	'烧'	8508
7938	(2240, 115)	' obs'	8509
7939	(1651, 53)	'1.5'	8510
7940	(2747, 372)	' estim'	8511
7941	(4513, 2377)	'寻找'	8512
7942	(437, 184)	'數'	8513
7943	(317, 114)	' Ir'	8514
7944	(936, 5449)	'提醒'	8515
7945	(1211, 271)	'型的'	8516
7946	(339, 152)	'甘'	8517
7947	(1366, 730)	" shouldn't"	8518
7948	(651, 1203)	'主题'	8519
7949	(271, 3596)	'的地方'	8520
7950	(271, 2433)	'的表现'	8521
7951	(1571, 115)	' helps'	8522
7952	(3317, 2277)	'ને'	8523
7953	(1578, 156)	'娜'	8524
7954	(3253, 1177)	'收益率'	8525
7955	(4712, 1142)	' beginning'	8526
7956	(5080, 115)	' victims'	8528
7957	(103, 117)	'gu'	8529
7958	(2291, 1742)	' Island'	8530
7959	(781, 781)	'等等'	8531
7960	(384, 440)	' station'	8532
7961	(12369, 1420)	'Maybe'	8533
7962	(396, 1590)	'人类'	8534
7963	(12390, 3456)	' episode'	8535
7964	(1374, 344)	' throw'	8536
7965	(1893, 115)	' seconds'	8537
7966	(1488, 3166)	' floor'	8538
7967	(280, 267)	'iser'	8539
7968	(2965, 12468)	' Amazon'	8540
7969	(317, 524)	' Its'	8541
7970	(573, 800)	'多次'	8542
7971	(347, 105)	'adi'	8543
7972	(2074, 12197)	'治疗'	8544
7973	(796, 887)	'表明'	8545
7974	(493, 2157)	'到底'	8546
7975	(5010, 321)	'ription'	8547
7976	(2407, 97)	' kinda'	8548
7977	(12280, 141)	'軍'	8549
7978	(433, 1475)	' rise'	8550
7979	(573, 1034)	'多种'	8551
7980	(1658, 5868)	'清楚'	8552
7981	(645, 935)	'ос'	8553
7982	(3025, 2032)	'判断'	8554
7983	(1542, 594)	'北京市'	8555
7984	(277, 12234)	' council'	8556
7985	(501, 105)	' shi'	8557
7986	(435, 83)	' PS'	8558
7987	(4270, 330)	' previously'	8559
7988	(72, 3305)	'Haha'	8560
7989	(3599, 868)	' Image'	8561
7990	(304, 2708)	' load'	8562
7991	(4496, 3299)	' ኣብ'	8563
7992	(385, 3074)	'不知道'	8564
7993	(841, 50)	' 32'	8565
7994	(484, 418)	'出国'	8566
7995	(1549, 4597)	' assault'	8567
7996	(528, 331)	' Let'	8568
7997	(771, 143)	'描'	8569
7998	(1779, 737)	'办理'	8570
7999	(1450, 3478)	'支付'	8571
8000	(313, 2147)	' north'	8573
8001	(108, 1104)	'lı'	8574
8002	(1835, 101)	'iye'	8575
8003	(665, 146)	'炒'	8576
8004	(4023, 70)	'ETF'	8577
8005	(4444, 161)	'蔡'	8578
8006	(264, 12052)	' south'	8579
8007	(982, 53)	'2005'	8580
8008	(6413, 286)	' described'	8581
8009	(12039, 678)	' talks'	8582
8010	(71, 111)	'Go'	8583
8011	(3415, 1367)	'播放'	8584
8012	(67, 108)	'Cl'	8585
8013	(545, 115)	'ours'	8586
8014	(665, 188)	'炼'	8587
8015	(297, 191)	'仿'	8588
8016	(1612, 185)	'腹'	8589
8017	(587, 677)	'也将'	8592
8018	(5415, 1637)	'敬请'	8593
8019	(1557, 329)	' emot'	8594
8020	(386, 176)	'扰'	8595
8021	(2065, 6000)	' announce'	8596
8022	(644, 169)	'肩'	8598
8023	(276, 4732)	' battle'	8599
8024	(599, 1124)	'ид'	8600
8025	(1461, 2822)	'知识'	8601
8026	(271, 1524)	'的游戏'	8602
8027	(3291, 12277)	' patients'	8603
8028	(787, 158)	'胞'	8604
8029	(2755, 493)	'了解到'	8605
8030	(1354, 797)	'再度'	8606
8031	(2003, 552)	'必要'	8607
8032	(4325, 115)	' concerns'	8608
8033	(583, 154)	'ሚ'	8609
8034	(313, 12429)	' natural'	8610
8035	(598, 797)	'高度'	8611
8036	(3297, 633)	' majority'	8612
8037	(593, 111)	' cho'	8613
8038	(2700, 529)	' explain'	8614
8039	(76, 101)	'Le'	8615
8040	(57, 50)	'92'	8616
8041	(12450, 3771)	' thousands'	8617
8042	(420, 287)	' wear'	8618
8043	(1323, 780)	' crime'	8619
8044	(469, 184)	'ุ'	8620
8045	(644, 140)	'肌'	8621
8046	(1079, 271)	'股的'	8622
8047	(1552, 164)	' த'	8623
8048	(2864, 1142)	' planning'	8624
8049	(1520, 1623)	'快乐'	8625
8050	(376, 1477)	' Cons'	8626
8051	(2902, 989)	' behav'	8627
8052	(4526, 516)	' Senate'	8629
8053	(563, 172)	'ব'	8630
8054	(4095, 149)	'燕'	8631
8055	(1552, 174)	' ம'	8633
8056	(1285, 3152)	'结婚'	8634
8057	(1972, 115)	' markets'	8635
8058	(616, 559)	'现金'	8636
8059	(837, 783)	'看法'	8637
8060	(874, 4931)	'两岸'	8638
8061	(4830, 687)	' Office'	8639
8062	(417, 97)	'ila'	8640
8063	(3198, 282)	' holding'	8642
8064	(217, 185)	'ٹ'	8643
8065	(492, 114)	'ustr'	8644
8066	(1552, 133)	' அ'	8646
8067	(256, 364)	' tro'	8647
8068	(1645, 2792)	' minister'	8649
8069	(1743, 173)	' ይ'	8650
8070	(710, 2215)	'期货'	8651
8071	(647, 104)	'aph'	8652
8072	(355, 12032)	' Times'	8653
8073	(902, 4698)	'房屋'	8654
8074	(376, 495)	' Could'	8655
8075	(1443, 133)	' අ'	8656
8076	(936, 970)	'提示'	8657
8077	(407, 407)	'oooo'	8658
8078	(531, 271)	'生的'	8659
8079	(4781, 330)	' particularly'	8660
8080	(6047, 952)	' mobile'	8661
8081	(3770, 1305)	'估值'	8663
8082	(1906, 135)	'篇'	8664
8083	(32, 963)	' ib'	8665
8084	(1486, 139)	'残'	8666
8085	(68, 67)	'DC'	8667
8086	(78, 65)	'NA'	8668
8087	(781, 1166)	'等级'	8669
8088	(951, 2050)	'并不是'	8671
8089	(12523, 4463)	' Florida'	8672
8090	(1111, 4910)	' display'	8673
8091	(268, 1245)	' wild'	8674
8092	(469, 136)	'จ'	8675
8093	(638, 102)	' Of'	8676
8094	(2768, 115)	' reasons'	8677
8095	(1360, 595)	'她们'	8678
8096	(709, 3066)	' spending'	8679
8097	(3849, 159)	'機'	8680
8098	(283, 2916)	' push'	8681
8099	(1159, 1395)	'总统'	8682
8100	(556, 115)	' pros'	8683
8101	(399, 5399)	'大多数'	8684
8102	(396, 1555)	'人才'	8685
8103	(2038, 12579)	'陈水扁'	8686
8104	(2250, 366)	" company's"	8687
8105	(316, 155)	'君'	8688
8106	(1528, 1085)	'反应'	8689
8107	(1042, 687)	' twice'	8692
8108	(2378, 410)	' letter'	8693
8109	(1645, 2110)	' minute'	8694
8110	(332, 12307)	' reached'	8695
8111	(653, 3492)	'开启'	8697
8112	(1399, 282)	' showing'	8698
8113	(5372, 5580)	' published'	8699
8114	(429, 148)	'န'	8700
8115	(818, 451)	'性和'	8701
8116	(3167, 344)	' window'	8702
8117	(3501, 854)	'Also'	8703
8118	(1133, 164)	' ત'	8704
8119	(1315, 904)	'显然'	8705
8120	(5345, 12257)	' immigr'	8706
8121	(12010, 168)	'墨'	8707
8122	(1541, 1884)	'运营'	8708
8123	(1612, 190)	'腾'	8709
8124	(322, 159)	'ट'	8711
8125	(624, 1146)	'اک'	8712
8126	(994, 5401)	' contribut'	8713
8127	(4782, 282)	' losing'	8715
8128	(5644, 12344)	' revealed'	8716
8129	(1207, 143)	' এ'	8717
8130	(2568, 121)	' fully'	8718
8131	(353, 107)	' Sk'	8719
8132	(589, 351)	' exam'	8721
8133	(225, 12303)	'ṣ'	8722
8134	(705, 710)	'同期'	8723
8135	(1678, 1340)	'足彩'	8724
8136	(1019, 286)	'ailed'	8725
8137	(2061, 130)	'魂'	8726
8138	(101, 97)	'ea'	8727
8139	(12310, 1695)	' individual'	8728
8140	(1640, 321)	' Union'	8729
8141	(462, 105)	' Di'	8730
8142	(969, 2822)	'意识'	8731
8143	(662, 547)	'本场'	8732
8144	(86, 69)	'VE'	8733
8145	(233, 132)	b'\xe9\x84'	8735
8146	(483, 4475)	'estival'	8736
8147	(180, 235)	b'\xb4\xeb'	8737
8148	(2876, 2536)	'农村'	8738
8149	(1000, 597)	' income'	8740
8150	(2009, 503)	'委会'	8741
8151	(889, 139)	'袋'	8742
8152	(2709, 824)	' پر'	8743
8153	(105, 278)	'ien'	8744
8154	(2454, 12117)	' department'	8745
8155	(256, 372)	' tim'	8746
8156	(412, 188)	'逼'	8747
8157	(304, 307)	' lic'	8748
8158	(3239, 329)	' promot'	8749
8159	(2124, 952)	' While'	8750
8160	(435, 639)	' Post'	8751
8161	(2098, 349)	'主要是'	8752
8162	(653, 1213)	'开奖'	8753
8163	(108, 111)	'lo'	8754
8164	(1613, 1440)	'案件'	8755
8165	(290, 12204)	' domin'	8757
8166	(5749, 5749)	'★★'	8758
8167	(461, 351)	' Ham'	8759
8168	(390, 405)	' Mill'	8760
8169	(12437, 1764)	' agreement'	8761
8170	(312, 191)	'宿'	8763
8171	(4095, 131)	'燃'	8764
8172	(1334, 823)	'胜利'	8765
8173	(3270, 12474)	' injuries'	8766
8174	(12251, 2466)	' professional'	8767
8175	(4380, 961)	'涉及'	8768
8176	(2831, 4989)	' stopped'	8769
8177	(99, 273)	'can'	8771
8178	(883, 114)	' Str'	8772
8179	(1552, 181)	' வ'	8773
8180	(12022, 131)	'ใ'	8774
8181	(507, 937)	' Fire'	8777
8182	(2392, 286)	' passed'	8778
8183	(52, 49)	'41'	8779
8184	(975, 163)	'灣'	8781
8185	(12050, 810)	' Americans'	8784
8186	(535, 1220)	'我想'	8785
8187	(317, 4959)	' Iran'	8786
8188	(1291, 419)	'较为'	8787
8189	(846, 389)	'当中'	8788
8190	(974, 150)	'糖'	8789
8191	(353, 282)	' Sing'	8790
8192	(615, 129)	'ề'	8793
8193	(616, 768)	'现实'	8794
8194	(404, 146)	'寒'	8795
8195	(1368, 105)	'iki'	8796
8196	(117, 1852)	'uwa'	8797
8197	(277, 1662)	' cities'	8798
8198	(216, 176)	'ذ'	8799
8199	(661, 271)	'用的'	8800
8200	(335, 967)	'一只'	8801
8201	(420, 3056)	' wearing'	8802
8202	(283, 331)	' pet'	8803
8203	(1135, 500)	'ка'	8804
8204	(3307, 2844)	' caused'	8805
8205	(271, 1304)	'的投资'	8806
8206	(2235, 134)	'婆'	8807
8207	(83, 69)	'SE'	8808
8208	(960, 179)	'ዳ'	8809
8209	(754, 1520)	'加快'	8811
8210	(1004, 872)	'ул'	8812
8211	(2361, 1879)	'跌幅'	8813
8212	(105, 588)	'ipp'	8814
8213	(1472, 188)	'狼'	8815
8214	(1274, 12538)	'别墅'	8816
8215	(556, 12396)	' projects'	8817
8216	(2417, 1589)	' continues'	8818
8217	(1217, 2021)	'或许'	8819
8218	(109, 287)	'mar'	8820
8219	(3734, 515)	'智能'	8821
8220	(420, 2036)	' weather'	8822
8221	(1032, 97)	'uga'	8824
8222	(118, 105)	'vi'	8826
8223	(3195, 1473)	' eventually'	8827
8224	(666, 168)	'轨'	8828
8225	(1159, 349)	'总是'	8829
8226	(12129, 282)	' trading'	8831
8227	(12408, 128)	'지'	8832
8228	(1457, 377)	'共有'	8833
8229	(709, 1697)	' spread'	8835
8230	(12077, 2049)	'্র'	8836
8231	(360, 4113)	' forced'	8837
8232	(2779, 280)	' basis'	8838
8233	(49, 1428)	'150'	8839
8234	(384, 263)	' stre'	8840
8235	(420, 121)	' wey'	8841
8236	(474, 148)	'拔'	8842
8237	(325, 104)	'idh'	8843
8238	(317, 73)	' II'	8844
8239	(572, 166)	'哦'	8845
8240	(4589, 5881)	' George'	8846
8241	(517, 395)	'来了'	8847
8242	(342, 319)	' ele'	8848
8243	(2684, 12087)	'ESDAY'	8849
8244	(1286, 2373)	'规范'	8850
8245	(1367, 356)	'放在'	8851
8246	(462, 1843)	' Def'	8852
8247	(77, 77)	'MM'	8853
8248	(1591, 836)	'均价'	8854
8249	(231, 141)	b'\xe7\x8d'	8855
8250	(3161, 274)	' Edit'	8856
8251	(322, 156)	'ज'	8857
8252	(12483, 307)	' traffic'	8859
8253	(2561, 793)	'交易所'	8860
8254	(786, 156)	'姜'	8861
8255	(435, 67)	' PC'	8862
8256	(716, 738)	'动力'	8863
8257	(1723, 991)	'确保'	8864
8258	(119, 117)	'wu'	8865
8259	(4914, 634)	' massive'	8866
8260	(3571, 823)	'顺利'	8867
8261	(12130, 275)	' histor'	8868
8262	(12151, 12486)	' highest'	8869
8263	(2106, 395)	'出现了'	8870
8264	(2633, 282)	' telling'	8871
8265	(89, 545)	'Your'	8872
8266	(3899, 1874)	' እን'	8873
8267	(12458, 6614)	' tomorrow'	8874
8268	(12192, 1664)	' limited'	8875
8269	(1044, 2868)	'信贷'	8876
8270	(4055, 1317)	'本报记者'	8877
8271	(87, 344)	'Wow'	8878
8272	(1804, 457)	' owners'	8879
8273	(651, 1334)	'主胜'	8880
8274	(12352, 3022)	' https'	8881
8275	(494, 401)	' Rec'	8882
8276	(12484, 2625)	'fortunately'	8883
8277	(1822, 2043)	' relative'	8885
8278	(1443, 184)	' ම'	8886
8279	(2837, 182)	'島'	8887
8280	(3584, 282)	'ifying'	8888
8281	(324, 136)	'戈'	8890
8282	(377, 808)	'有点'	8891
8283	(5045, 1392)	' Company'	8892
8284	(638, 70)	' OF'	8893
8285	(566, 136)	'沈'	8894
8286	(528, 1093)	' Law'	8895
8287	(2646, 2990)	'志愿'	8896
8288	(281, 952)	' file'	8897
8289	(1322, 1206)	'图片'	8898
8290	(1832, 836)	'评价'	8899
8291	(804, 704)	'内部'	8900
8292	(12039, 333)	' talent'	8901
8293	(1406, 4030)	' awọn'	8902
8294	(1199, 271)	'做的'	8903
8295	(898, 900)	'里斯'	8904
8296	(232, 185)	b'\xe8\xb9'	8905
8297	(417, 286)	'iled'	8906
8298	(465, 3595)	'时刻'	8907
8299	(385, 769)	'不好'	8908
8300	(390, 1293)	' Miss'	8909
8301	(12314, 3603)	' camera'	8910
8302	(2328, 282)	' meaning'	8911
8303	(1144, 1924)	' partner'	8912
8304	(971, 12531)	' Chicago'	8913
8305	(2547, 3059)	' deliver'	8915
8306	(5492, 309)	' bottom'	8916
8307	(103, 108)	'gl'	8917
8308	(478, 101)	'rie'	8918
8309	(820, 769)	'很好'	8919
8310	(65, 109)	'Am'	8920
8311	(1133, 133)	' અ'	8921
8312	(577, 181)	'வ'	8922
8313	(468, 417)	' Wil'	8923
8314	(12288, 97)	' Africa'	8924
8315	(5075, 286)	' mentioned'	8925
8316	(287, 512)	'arth'	8926
8317	(1120, 1899)	'设置'	8927
8318	(412, 138)	'逊'	8928
8319	(6291, 128)	'가'	8930
8320	(1468, 2472)	'带来的'	8931
8321	(507, 5919)	' FBI'	8932
8322	(304, 1898)	' là'	8933
8323	(12497, 687)	'Police'	8934
8324	(5479, 609)	' tonight'	8935
8325	(83, 12108)	'Sorry'	8936
8326	(274, 440)	'itation'	8937
8327	(1299, 1660)	'立即'	8938
8328	(433, 270)	' rat'	8939
8329	(12142, 3617)	' suspect'	8940
8330	(259, 623)	'heast'	8942
8331	(390, 639)	' Most'	8943
8332	(268, 2062)	' warm'	8944
8333	(12325, 12217)	' document'	8945
8334	(793, 12333)	'所谓'	8946
8335	(1250, 958)	' blog'	8947
8336	(1339, 173)	' ክ'	8948
8337	(1083, 183)	'酷'	8949
8338	(3418, 286)	' claimed'	8950
8339	(688, 134)	'來'	8951
8340	(5394, 1882)	' Jackson'	8952
8341	(12071, 533)	' videos'	8953
8342	(12189, 516)	' update'	8954
8343	(385, 3008)	'不败'	8955
8344	(4991, 3255)	' dropped'	8956
8345	(322, 167)	'ध'	8957
8346	(364, 108)	'rol'	8958
8347	(1671, 182)	'茶'	8959
8348	(461, 97)	' Ha'	8960
8349	(277, 1069)	' cook'	8961
8350	(1481, 134)	'豆'	8963
8351	(12219, 109)	' confirm'	8964
8352	(277, 2721)	' cards'	8965
8353	(2173, 1008)	' glass'	8966
8354	(1671, 168)	'茨'	8967
8355	(114, 372)	'rim'	8968
8356	(3199, 1919)	'冲击'	8970
8357	(1603, 614)	' consist'	8971
8358	(105, 533)	'ios'	8973
8359	(1398, 1166)	'超级'	8974
8360	(310, 159)	'迟'	8975
8361	(232, 171)	b'\xe8\xab'	8976
8362	(307, 831)	'icial'	8977
8363	(1159, 737)	'总理'	8979
8364	(747, 156)	'ග'	8980
8365	(232, 188)	b'\xe8\xbc'	8981
8366	(665, 142)	'炎'	8982
8367	(3242, 3873)	'อง'	8983
8368	(569, 156)	'惜'	8984
8369	(544, 151)	'颗'	8985
8370	(934, 3604)	' expensive'	8986
8371	(12391, 275)	' sector'	8987
8372	(76, 65)	'LA'	8988
8373	(844, 271)	'心的'	8989
8374	(538, 152)	'掘'	8990
8375	(1434, 271)	'目前的'	8991
8376	(421, 190)	'贾'	8992
8377	(539, 672)	' Game'	8993
8378	(489, 286)	' jed'	8994
8379	(399, 1401)	'大约'	8995
8380	(72, 280)	'His'	8999
8381	(462, 325)	' Did'	9000
8382	(1011, 171)	'ካ'	9001
8383	(891, 396)	'万人'	9002
8384	(776, 356)	'但在'	9003
8385	(54, 57)	'69'	9004
8386	(83, 99)	'Sc'	9005
8387	(5521, 1288)	' physical'	9006
8388	(1011, 173)	'ክ'	9007
8389	(2702, 1496)	'竞技'	9008
8390	(1002, 174)	' ਮ'	9009
8391	(1761, 647)	' cheap'	9010
8392	(1627, 903)	'深入'	9011
8393	(3412, 178)	'該'	9012
8394	(347, 286)	'aded'	9013
8395	(12419, 116)	' Robert'	9014
8396	(12428, 417)	' civil'	9015
8397	(4645, 2575)	' surprised'	9016
8398	(2827, 284)	' miles'	9017
8399	(4558, 1095)	'沃尔'	9018
8400	(624, 1573)	'اس'	9020
8401	(45, 101)	'-e'	9021
8402	(4123, 12482)	' Research'	9022
8403	(1079, 1205)	'股东'	9023
8404	(1244, 184)	'摸'	9024
8405	(833, 366)	" year's"	9025
8406	(2319, 175)	'ிய'	9026
8407	(355, 121)	' Ty'	9027
8408	(122, 278)	'zen'	9028
8409	(485, 147)	'浓'	9029
8410	(394, 160)	'赠'	9030
8411	(604, 1082)	'新增'	9031
8412	(2390, 5809)	'监督'	9032
8413	(1383, 605)	' attend'	9033
8414	(292, 111)	'alo'	9034
8415	(509, 12543)	' commercial'	9036
8416	(784, 4087)	' agreed'	9037
8417	(1901, 175)	'िय'	9038
8418	(503, 356)	'会在'	9039
8419	(405, 97)	'illa'	9040
8420	(414, 188)	'押'	9041
8421	(4242, 320)	' boost'	9042
8422	(1645, 275)	' minor'	9043
8423	(520, 155)	'氛'	9044
8424	(400, 136)	'奈'	9045
8425	(378, 101)	'see'	9047
8426	(2460, 1861)	'武器'	9048
8427	(2425, 267)	' older'	9049
8428	(4492, 397)	' occur'	9050
8429	(462, 278)	' Den'	9051
8430	(3901, 177)	'統'	9052
8431	(1548, 721)	'半球'	9053
8432	(1665, 882)	' write'	9054
8433	(608, 6337)	' plenty'	9055
8434	(12089, 2230)	' systems'	9056
8435	(1480, 173)	'業'	9057
8436	(5150, 4479)	' Muslim'	9058
8437	(12509, 185)	' ẹ'	9059
8438	(407, 1262)	'ooper'	9061
8439	(12074, 2908)	' speech'	9062
8440	(805, 2362)	' offered'	9063
8441	(2899, 891)	'千万'	9065
8442	(3017, 280)	' Chris'	9066
8443	(270, 111)	'ato'	9067
8444	(1890, 2828)	' bigger'	9068
8445	(1772, 3639)	'神秘'	9069
8446	(1910, 267)	' enter'	9071
8447	(119, 258)	'win'	9072
8448	(1423, 4503)	'四川'	9073
8449	(12011, 48)	' 2010'	9074
8450	(1665, 12435)	' written'	9075
8451	(2572, 908)	'独特'	9076
8452	(4426, 3189)	'数码相机'	9077
8453	(12169, 2174)	' pictures'	9078
8454	(45, 80)	'-P'	9079
8455	(796, 1349)	'表演'	9080
8456	(2138, 274)	' instit'	9081
8457	(12147, 139)	'開'	9082
8458	(513, 189)	'忽'	9083
8459	(390, 397)	' Mur'	9084
8460	(54, 52)	'64'	9085
8461	(1998, 633)	' reality'	9086
8462	(367, 189)	'帽'	9087
8463	(3800, 282)	' fighting'	9088
8464	(490, 271)	'家的'	9089
8465	(68, 3691)	'Does'	9091
8466	(356, 1289)	'在线'	9092
8467	(1526, 271)	'爱的'	9093
8468	(12162, 273)	' Korean'	9094
8469	(287, 99)	'arc'	9095
8470	(310, 129)	'迁'	9096
8471	(490, 396)	'家人'	9097
8472	(12465, 1294)	'曝光'	9098
8473	(296, 1006)	' hang'	9099
8474	(458, 818)	'个性'	9100
8475	(375, 77)	' AM'	9101
8476	(87, 2405)	'Where'	9102
8477	(3188, 1037)	' afford'	9103
8478	(274, 287)	'itar'	9104
8479	(4504, 1377)	'Trump'	9105
8480	(2403, 3806)	' transfer'	9106
8481	(537, 658)	'日元'	9107
8482	(4617, 645)	'ого'	9108
8483	(5938, 330)	' obviously'	9109
8484	(353, 84)	' ST'	9110
8485	(4839, 327)	' okay'	9111
8486	(290, 12299)	' district'	9112
8487	(72, 65)	'HA'	9113
8488	(392, 171)	'衫'	9114
8489	(281, 606)	' fear'	9115
8490	(441, 1852)	' kwa'	9116
8491	(2678, 5106)	'威廉'	9117
8492	(855, 176)	'恰'	9118
8493	(2556, 1431)	'紧张'	9119
8494	(1133, 156)	' જ'	9120
8495	(236, 149)	b'\xec\x95'	9121
8496	(2252, 2566)	' central'	9122
8497	(620, 1856)	'前景'	9123
8498	(103, 110)	'gn'	9124
8499	(1068, 1403)	'物质'	9125
8500	(820, 377)	'很有'	9126
8501	(374, 1715)	'unny'	9127
8502	(158, 429)	b'\x9e\xe1\x80'	9128
8503	(4406, 115)	' drugs'	9129
8504	(2715, 627)	' standard'	9130
8505	(1164, 627)	' guard'	9131
8506	(1769, 721)	'红球'	9133
8507	(1333, 1693)	'导语'	9134
8508	(2655, 1235)	'担任'	9136
8509	(103, 374)	'gun'	9137
8510	(630, 115)	'acks'	9138
8511	(3995, 5355)	' Christmas'	9139
8512	(236, 139)	b'\xec\x8b'	9140
8513	(493, 271)	'到的'	9143
8514	(2336, 1617)	'申购'	9144
8515	(412, 134)	'逆'	9145
8516	(1061, 704)	'西部'	9146
8517	(2584, 1426)	'инг'	9147
8518	(513, 160)	'忠'	9148
8519	(4165, 533)	' propos'	9149
8520	(4434, 2629)	'Photo'	9150
8521	(4220, 2609)	'宽松'	9151
8522	(108, 273)	'lan'	9152
8523	(1439, 810)	' Trans'	9153
8524	(416, 5472)	' Bowl'	9154
8525	(285, 105)	' mi'	9155
8526	(1907, 12381)	' terrible'	9156
8527	(12563, 731)	' Virginia'	9157
8528	(930, 606)	' Year'	9158
8529	(1571, 282)	' helping'	9159
8530	(990, 2029)	'建材'	9161
8531	(416, 267)	' Ber'	9162
8532	(352, 282)	'acing'	9163
8533	(2004, 2815)	'江苏'	9164
8534	(271, 2951)	'的机会'	9165
8535	(3726, 12427)	' analysis'	9166
8536	(1777, 912)	' drink'	9167
8537	(1277, 1628)	'原则'	9168
8538	(1909, 824)	' بر'	9169
8539	(3569, 4223)	'私募'	9170
8540	(1694, 594)	'州市'	9171
8541	(1199, 484)	'做出'	9172
8542	(304, 2423)	' lines'	9173
8543	(1773, 12020)	" You're"	9175
8544	(563, 5133)	'য়'	9176
8545	(12022, 129)	'แ'	9177
8546	(2016, 140)	'菌'	9178
8547	(1641, 175)	'梯'	9179
8548	(3061, 687)	' Justice'	9180
8549	(12434, 731)	' Nigeria'	9182
8550	(1108, 832)	' ای'	9183
8551	(4119, 282)	' funding'	9184
8552	(45, 502)	'-and'	9185
8553	(5017, 2962)	' watched'	9186
8554	(5631, 653)	'召开'	9187
8555	(536, 5786)	'地址'	9188
8556	(593, 12433)	' choose'	9190
8557	(12095, 524)	'pects'	9191
8558	(2244, 111)	'Who'	9192
8559	(1070, 134)	'漆'	9193
8560	(601, 286)	'anted'	9194
8561	(3725, 282)	' selling'	9195
8562	(6083, 115)	' Williams'	9196
8563	(1708, 271)	'现在的'	9197
8564	(356, 976)	'在中国'	9198
8565	(77, 114)	'Mr'	9199
8566	(1031, 1107)	'商务'	9200
8567	(5753, 68)	' AND'	9202
8568	(858, 282)	'elling'	9203
8569	(587, 1191)	'也没有'	9204
8570	(680, 2074)	'自治'	9205
8571	(688, 181)	'侵'	9206
8572	(433, 1525)	' rating'	9207
8573	(417, 115)	'ils'	9208
8574	(3144, 1643)	'律师'	9209
8575	(276, 1462)	' burn'	9210
8576	(944, 184)	'爸'	9212
8577	(637, 1373)	'就像'	9213
8578	(682, 1684)	' upgr'	9214
8579	(4242, 678)	' books'	9215
8580	(12603, 174)	'鎮'	9217
8581	(204, 128)	'̀'	9218
8582	(478, 292)	'rial'	9219
8583	(360, 2881)	' forces'	9220
8584	(662, 3804)	'本场比赛'	9221
8585	(1115, 2359)	'受伤'	9222
8586	(521, 166)	'厦'	9223
8587	(362, 184)	'伸'	9225
8588	(1240, 529)	' brain'	9227
8589	(12453, 330)	' extremely'	9228
8590	(296, 397)	' hur'	9229
8591	(2308, 840)	'例如'	9230
8592	(737, 1604)	'理论'	9231
8593	(1361, 140)	'れ'	9233
8594	(6446, 1637)	'邀请'	9234
8595	(901, 271)	'区的'	9235
8596	(664, 100)	' und'	9238
8597	(518, 2027)	'对象'	9239
8598	(603, 184)	'સ'	9240
8599	(3929, 490)	'科学家'	9241
8600	(668, 536)	'基地'	9242
8601	(390, 523)	' Mel'	9243
8602	(1619, 667)	'encies'	9244
8603	(1691, 4922)	' implement'	9245
8604	(1665, 2464)	' writing'	9246
8605	(2917, 110)	'ón'	9247
8606	(547, 271)	'场的'	9248
8607	(969, 779)	'意外'	9249
8608	(1153, 624)	'ها'	9250
8609	(494, 1165)	' Roy'	9251
8610	(1813, 2538)	'维护'	9252
8611	(501, 3005)	' shots'	9253
8612	(102, 114)	'fr'	9254
8613	(5493, 750)	' Jeff'	9255
8614	(3988, 282)	' considering'	9256
8615	(638, 107)	' Ok'	9257
8616	(1246, 1176)	'专门'	9259
8617	(563, 174)	'ম'	9260
8618	(1215, 3646)	' feature'	9262
8619	(1429, 5081)	' download'	9263
8620	(109, 105)	'mi'	9264
8621	(356, 3241)	'在一起'	9265
8622	(700, 599)	'ни'	9266
8623	(317, 84)	' IT'	9267
8624	(546, 138)	'俊'	9268
8625	(385, 1197)	'不管'	9269
8626	(4832, 319)	' Apple'	9270
8627	(521, 168)	'厨'	9271
8628	(12512, 4976)	'兄弟'	9272
8629	(83, 68)	'SD'	9273
8630	(273, 731)	'ania'	9274
8631	(2511, 114)	' restr'	9276
8632	(12128, 3394)	' learned'	9277
8633	(5651, 331)	' sweet'	9278
8634	(1680, 115)	' posts'	9279
8635	(2386, 484)	'突出'	9280
8636	(12494, 3035)	' criminal'	9281
8637	(6162, 2478)	'办公室'	9282
8638	(1452, 12318)	' committee'	9283
8639	(1465, 160)	b' \xec\xa0'	9284
8640	(271, 1478)	'的热'	9285
8641	(433, 12564)	' random'	9286
8642	(787, 182)	'胶'	9287
8643	(421, 186)	'贺'	9288
8644	(551, 319)	' dele'	9289
8645	(467, 159)	' П'	9290
8646	(387, 161)	'御'	9291
8647	(1274, 396)	'别人'	9292
8648	(1100, 2077)	'战争'	9293
8649	(3428, 98)	' Feb'	9295
8650	(1025, 271)	'量的'	9296
8651	(1118, 3824)	'强烈'	9297
8652	(3000, 4846)	' population'	9298
8653	(1406, 925)	' aware'	9299
8654	(2115, 1365)	'ने'	9300
8655	(2757, 716)	'移动'	9301
8656	(256, 12522)	' tournament'	9302
8657	(356, 565)	'在于'	9303
8658	(2798, 12548)	'倍光学变焦'	9304
8659	(960, 157)	'ዝ'	9305
8660	(357, 145)	'译'	9306
8661	(12549, 188)	'鬼'	9307
8662	(872, 500)	'ла'	9308
8663	(204, 129)	'́'	9309
8664	(3051, 115)	' attacks'	9310
8665	(2195, 282)	' keeping'	9311
8666	(871, 135)	'ே'	9312
8667	(510, 137)	'泉'	9313
8668	(2766, 780)	' Prime'	9314
8669	(5306, 6149)	'俄罗斯'	9315
8670	(905, 179)	'芳'	9316
8671	(12235, 693)	' connect'	9317
8672	(1489, 2212)	' کہ'	9318
8673	(315, 4295)	' gö'	9320
8674	(551, 1175)	' defe'	9321
8675	(65, 2354)	'Add'	9322
8676	(1244, 135)	'摇'	9323
8677	(45, 512)	'-th'	9324
8678	(276, 4234)	' bomb'	9325
8679	(1345, 165)	'ấ'	9326
8680	(3407, 3825)	' प्र'	9327
8681	(3473, 4508)	' organization'	9328
8682	(1723, 1210)	'确认'	9329
8683	(12501, 2808)	' witness'	9330
8684	(328, 150)	'尖'	9331
8685	(2384, 271)	'提供的'	9332
8686	(488, 3200)	' NBA'	9333
8687	(3444, 1530)	'促销'	9334
8688	(3876, 286)	' designed'	9335
8689	(2366, 2232)	' modern'	9337
8690	(1534, 426)	'几年'	9338
8691	(55, 50)	'72'	9339
8692	(1196, 12298)	'注册'	9340
8693	(2510, 83)	'ERS'	9341
8694	(1884, 550)	'营业'	9342
8695	(68, 83)	'DS'	9343
8696	(416, 12228)	' Because'	9344
8697	(12430, 640)	' Government'	9345
8698	(837, 837)	'看看'	9346
8699	(326, 2721)	' yards'	9347
8700	(12102, 4539)	'平方公里'	9348
8701	(1085, 846)	'应当'	9349
8702	(73, 65)	'IA'	9350
8703	(2879, 398)	' broke'	9351
8704	(826, 966)	' click'	9352
8705	(1514, 146)	'棒'	9353
8706	(1624, 605)	' defend'	9354
8707	(594, 922)	'市民'	9355
8708	(1841, 330)	' highly'	9356
8709	(2025, 176)	b' \xeb\xb0'	9357
8710	(1465, 149)	b' \xec\x95'	9358
8711	(4528, 284)	' homes'	9359
8712	(1043, 942)	'让我们'	9360
8713	(328, 152)	'尘'	9361
8714	(4773, 4012)	'培训'	9362
8715	(682, 265)	' upon'	9363
8716	(1673, 977)	'如果你'	9364
8717	(5556, 674)	' culture'	9365
8718	(12205, 12585)	' opportunities'	9366
8719	(264, 351)	' sam'	9367
8720	(1443, 175)	' ද'	9368
8721	(271, 769)	'的好'	9369
8722	(313, 1719)	' names'	9370
8723	(557, 105)	'aki'	9371
8724	(12045, 156)	'瓜'	9372
8725	(519, 98)	'abb'	9373
8726	(638, 845)	' Other'	9374
8727	(99, 525)	'cul'	9375
8728	(562, 378)	'These'	9377
8729	(390, 267)	' Mer'	9378
8730	(5772, 4105)	' College'	9379
8731	(711, 389)	'之中'	9381
8732	(291, 1814)	' toward'	9382
8733	(226, 150)	b'\xe2\x96'	9383
8734	(1087, 3030)	'感谢'	9384
8735	(283, 274)	' pit'	9385
8736	(6081, 1068)	'宠物'	9386
8737	(1108, 1573)	' اس'	9387
8738	(1002, 156)	' ਜ'	9388
8739	(978, 834)	'员工'	9389
8740	(6500, 1455)	' Daily'	9390
8741	(168, 12232)	b'\xa8\xe0\xaf\x8d\xe0\xae\xa4'	9391
8742	(1668, 3125)	' funds'	9392
8743	(1803, 2527)	' subject'	9393
8744	(537, 271)	'日的'	9394
8745	(394, 140)	'赌'	9395
8746	(12589, 300)	' Vegas'	9396
8747	(279, 149)	'井'	9397
8748	(1002, 135)	' ਇ'	9398
8749	(1091, 174)	'ाम'	9401
8750	(353, 12099)	' Sports'	9402
8751	(4932, 190)	b'\x99\xe1\x80\xbe'	9403
8752	(587, 1607)	'也就是'	9404
8753	(1601, 1484)	' struct'	9405
8754	(462, 12299)	' District'	9406
8755	(12236, 12431)	' vehicles'	9407
8756	(2383, 282)	' paying'	9408
8757	(414, 155)	'抛'	9410
8758	(1030, 1440)	'文件'	9411
8759	(258, 1056)	'inary'	9412
8760	(1057, 166)	'烦'	9413
8761	(2493, 719)	' Club'	9414
8762	(56, 54)	'86'	9415
8763	(739, 286)	'ounded'	9416
8764	(12090, 274)	' profit'	9417
8765	(1767, 1924)	' winner'	9418
8766	(1133, 134)	' આ'	9419
8767	(2396, 282)	' happening'	9420
8768	(349, 659)	'是最'	9421
8769	(264, 12275)	' sources'	9422
8770	(49, 916)	'110'	9423
8771	(290, 794)	' dip'	9424
8772	(1599, 271)	'企业的'	9425
8773	(1552, 154)	' ச'	9426
8774	(570, 4205)	'下半年'	9427
8775	(1980, 135)	'ич'	9428
8776	(1001, 1015)	'格式'	9429
8777	(290, 286)	' ded'	9430
8778	(79, 397)	'Our'	9431
8779	(734, 1191)	'还没有'	9432
8780	(527, 286)	' noted'	9433
8781	(583, 179)	'ሳ'	9434
8782	(283, 1614)	' path'	9435
8783	(494, 97)	' Ra'	9436
8784	(1133, 185)	' હ'	9437
8785	(32, 4007)	' err'	9438
8786	(3439, 1710)	'阵容'	9439
8787	(1120, 2100)	'设施'	9440
8788	(12323, 2279)	' dollars'	9441
8789	(12545, 112)	'http'	9442
8790	(1032, 117)	'ugu'	9444
8791	(994, 483)	' contest'	9445
8792	(1367, 5599)	'放弃'	9446
8793	(5354, 2202)	' digital'	9447
8794	(1193, 824)	'ير'	9448
8795	(2149, 768)	'落实'	9449
8796	(2752, 626)	b'\xe0\xa9\x80\xe0\xa8'	9450
8797	(732, 139)	'晋'	9452
8798	(494, 5467)	' Ryan'	9453
8799	(4650, 4774)	'液晶'	9454
8800	(460, 874)	'这两'	9455
8801	(263, 292)	'real'	9456
8802	(913, 284)	' uses'	9457
8803	(1391, 526)	'流行'	9458
8804	(1543, 3370)	' coverage'	9459
8805	(353, 110)	' Sn'	9460
8806	(2545, 809)	' Que'	9461
8807	(3548, 161)	'鸡'	9462
8808	(288, 100)	' od'	9463
8809	(2224, 978)	'官员'	9464
8810	(117, 374)	'uun'	9465
8811	(12252, 274)	' benefit'	9466
8812	(3724, 1326)	'延续'	9467
8813	(1007, 3727)	'交锋'	9468
8814	(3795, 3581)	'屏幕'	9469
8815	(84, 70)	'TF'	9470
8816	(390, 714)	' Mod'	9471
8817	(349, 2050)	'是不是'	9472
8818	(1123, 53)	' 45'	9473
8819	(1045, 2506)	'ointed'	9474
8820	(709, 2832)	' spoke'	9475
8821	(285, 347)	' mad'	9476
8822	(638, 12616)	' Olymp'	9477
8823	(3705, 286)	' seemed'	9480
8824	(5650, 121)	' Party'	9481
8825	(2617, 2126)	' electric'	9482
8826	(975, 173)	'灭'	9483
8827	(264, 3084)	' sides'	9484
8828	(4179, 168)	'磨'	9485
8829	(2706, 1532)	'衣服'	9486
8830	(114, 966)	'rick'	9487
8831	(1998, 2532)	' realize'	9488
8832	(1730, 12020)	"We're"	9489
8833	(738, 797)	'力度'	9490
8834	(353, 397)	' Sur'	9491
8835	(2415, 3950)	' skills'	9492
8836	(296, 630)	' hack'	9493
8837	(287, 110)	'arn'	9494
8838	(6403, 3063)	'业内人士'	9495
8839	(73, 70)	'IF'	9496
8840	(1013, 2029)	'身材'	9497
8841	(109, 347)	'mad'	9498
8842	(3473, 927)	' organiz'	9499
8843	(740, 1004)	'ру'	9500
8844	(706, 2187)	'ей'	9501
8845	(290, 39)	" d'"	9502
8846	(543, 405)	' vill'	9503
8847	(587, 515)	'也能'	9504
8848	(638, 369)	' Out'	9505
8849	(779, 1007)	'外交'	9506
8850	(49, 1154)	'120'	9507
8851	(2448, 1924)	' corner'	9508
8852	(1489, 829)	' کو'	9509
8853	(276, 2239)	' born'	9511
8854	(276, 5847)	' border'	9512
8855	(284, 422)	'esus'	9513
8856	(2040, 3084)	' provides'	9515
8857	(1092, 764)	'制定'	9516
8858	(349, 1078)	'是由'	9517
8859	(1133, 181)	' વ'	9518
8860	(3132, 1475)	' raise'	9519
8861	(119, 114)	'wr'	9521
8862	(5468, 1228)	'ông'	9522
8863	(539, 12596)	' Germany'	9523
8864	(356, 857)	'在此'	9524
8865	(1402, 4342)	' decades'	9526
8866	(349, 385)	'是不'	9527
8867	(460, 704)	'这部'	9528
8868	(271, 1938)	'的设计'	9529
8869	(234, 181)	b'\xea\xb5'	9530
8870	(708, 110)	' Kn'	9531
8871	(12598, 868)	' advantage'	9532
8872	(664, 5681)	' unique'	9533
8873	(382, 282)	'iring'	9534
8874	(296, 1848)	' hits'	9535
8875	(825, 152)	'聘'	9536
8876	(5367, 12290)	'ું'	9537
8877	(119, 287)	'war'	9538
8878	(281, 405)	' fill'	9539
8879	(1932, 282)	' finding'	9540
8880	(1402, 108)	' decl'	9541
8881	(276, 1535)	' boss'	9542
8882	(53, 1252)	'5000'	9543
8883	(2204, 366)	"What's"	9544
8884	(12125, 545)	' favour'	9545
8885	(4153, 1922)	' successful'	9546
8886	(1804, 267)	' owner'	9547
8887	(435, 331)	' Pet'	9548
8888	(12473, 188)	'를'	9549
8889	(2582, 959)	'频道'	9550
8890	(409, 175)	'冯'	9551
8891	(1324, 282)	'ancing'	9552
8892	(1371, 178)	'疲'	9553
8893	(795, 139)	'か'	9554
8894	(636, 263)	' mere'	9555
8895	(276, 12532)	' brief'	9556
8896	(599, 2761)	'ист'	9557
8897	(2384, 395)	'提供了'	9558
8898	(468, 755)	' Wood'	9559
8899	(276, 1077)	' bond'	9560
8900	(2912, 121)	' healthy'	9561
8901	(3658, 286)	' picked'	9562
8902	(114, 258)	'rin'	9563
8903	(290, 100)	' dd'	9564
8904	(1987, 141)	'ፍ'	9565
8905	(603, 185)	'હ'	9566
8906	(112, 97)	'pa'	9567
8907	(1040, 7410)	' knowledge'	9569
8908	(5210, 2082)	'同比增长'	9572
8909	(3267, 182)	' ö'	9573
8910	(554, 1183)	'分布'	9574
8911	(256, 605)	' tend'	9575
8912	(12350, 440)	' Association'	9576
8913	(2461, 176)	'ਾਰ'	9577
8914	(1370, 493)	'直到'	9578
8915	(336, 149)	'绕'	9579
8916	(101, 98)	'eb'	9580
8917	(1194, 4261)	'接触'	9581
8918	(78, 78)	'NN'	9582
8919	(102, 274)	'fit'	9583
8920	(340, 186)	'旺'	9584
8921	(12128, 1142)	' learning'	9585
8922	(115, 278)	'sen'	9586
8923	(742, 2753)	'小牛'	9587
8924	(1009, 99)	' prec'	9588
8925	(826, 329)	' clot'	9589
8926	(4478, 2162)	' ہے'	9590
8927	(2787, 12496)	' society'	9591
8928	(302, 12436)	' thunderstorms'	9592
8929	(773, 271)	'长的'	9593
8930	(592, 2716)	'公园'	9594
8931	(2634, 1072)	' sitting'	9595
8932	(1422, 427)	'马上'	9596
8933	(1678, 2116)	'足够'	9597
8934	(568, 720)	'成都'	9598
8935	(1047, 2733)	' scient'	9599
8936	(551, 12059)	' device'	9600
8937	(2522, 168)	'ান'	9602
8938	(802, 1234)	'名单'	9603
8939	(1506, 2078)	'配套'	9604
8940	(543, 1898)	' và'	9605
8941	(80, 65)	'PA'	9606
8942	(1322, 1373)	'图像'	9608
8943	(638, 397)	' Our'	9609
8944	(32, 6261)	' ҳ'	9610
8945	(101, 263)	'ere'	9611
8946	(573, 658)	'多元'	9612
8947	(414, 145)	'抑'	9613
8948	(1048, 395)	'去了'	9614
8949	(1047, 278)	' scen'	9615
8950	(5550, 1349)	'扮演'	9616
8951	(895, 1536)	'手术'	9617
8952	(2302, 152)	'潘'	9618
8953	(652, 142)	'過'	9619
8954	(920, 832)	'لی'	9620
8955	(621, 133)	'羅'	9621
8956	(264, 966)	' sick'	9622
8957	(891, 3865)	'万平方米'	9624
8958	(56, 57)	'89'	9625
8959	(53, 52)	'54'	9626
8960	(12608, 2277)	' છે'	9627
8961	(1879, 797)	'幅度'	9628
8962	(3365, 12318)	' Committee'	9629
8963	(170, 6340)	b'\xaa\xe0\xaf\x8d\xe0\xae\xaa'	9630
8964	(2451, 176)	'碰'	9631
8965	(32, 1831)	' ụ'	9632
8966	(557, 115)	'aks'	9634
8967	(108, 347)	'lad'	9635
8968	(73, 850)	'Ind'	9636
8969	(12527, 280)	' Louis'	9637
8970	(637, 552)	'就要'	9638
8971	(871, 134)	'ெ'	9639
8972	(1261, 1029)	'台北'	9640
8973	(1601, 12283)	' strateg'	9642
8974	(1490, 783)	'玩法'	9644
8975	(1444, 1793)	'广角'	9645
8976	(709, 632)	' sport'	9646
8977	(680, 651)	'自主'	9647
8978	(109, 331)	'met'	9648
8979	(747, 180)	'ප'	9650
8980	(2632, 271)	'一定的'	9651
8981	(726, 144)	'捐'	9652
8982	(1030, 4203)	'文章'	9653
8983	(897, 1317)	'报记者'	9654
8984	(1026, 131)	'桃'	9655
8985	(288, 2354)	' odd'	9656
8986	(283, 714)	' pod'	9657
8987	(56, 55)	'87'	9658
8988	(307, 2733)	'icient'	9659
8989	(346, 3994)	' onto'	9660
8990	(353, 482)	' Sher'	9661
8991	(2280, 1296)	' drivers'	9662
8992	(1004, 762)	'ут'	9664
8993	(335, 797)	'一度'	9665
8994	(612, 372)	' Jim'	9666
8995	(3921, 500)	' за'	9667
8996	(389, 617)	'中方'	9668
8997	(65, 98)	'Ab'	9669
8998	(375, 107)	' Ak'	9670
8999	(12534, 2962)	' launched'	9671
9000	(543, 1081)	' və'	9672
9001	(1479, 3419)	'liament'	9673
9002	(488, 97)	' Na'	9674
9003	(326, 105)	' yi'	9675
9004	(721, 1785)	'球失'	9676
9005	(3640, 286)	' joined'	9677
9006	(1411, 174)	' మ'	9678
9007	(32, 927)	' iz'	9679
9008	(3641, 12059)	' Service'	9680
9009	(829, 12145)	'وں'	9681
9010	(1690, 115)	'hens'	9682
9011	(2879, 6193)	' broken'	9683
9012	(369, 115)	'uts'	9684
9013	(12252, 1848)	' benefits'	9685
9014	(562, 110)	'Then'	9686
9015	(1144, 667)	' parties'	9687
9016	(507, 2099)	' Fox'	9688
9017	(805, 3366)	' offering'	9689
9018	(385, 395)	'不了'	9690
9019	(2683, 278)	' listen'	9691
9020	(32, 307)	' ic'	9692
9021	(3100, 79)	'ISO'	9693
9022	(1159, 782)	'总体'	9695
9023	(276, 3457)	' bunch'	9697
9024	(12442, 323)	' achieve'	9698
9025	(281, 2719)	' fired'	9699
9026	(781, 2657)	'等待'	9700
9027	(734, 515)	'还能'	9701
9028	(1207, 174)	' ম'	9702
9029	(528, 1066)	' Love'	9703
9030	(1716, 696)	'环比'	9704
9031	(987, 130)	'裂'	9705
9032	(874, 800)	'两次'	9706
9033	(7818, 12012)	'People'	9707
9034	(889, 173)	'袭'	9708
9035	(406, 155)	'玛'	9710
9036	(528, 1353)	' Leg'	9711
9037	(960, 136)	'ወ'	9712
9038	(340, 139)	'旋'	9713
9039	(1450, 12542)	'支撑'	9714
9040	(2573, 178)	'ాల'	9715
9041	(513, 141)	'忍'	9716
9042	(635, 811)	'ocking'	9717
9043	(3496, 176)	'鹰'	9718
9044	(3635, 430)	' bench'	9719
9045	(583, 149)	'ሕ'	9720
9046	(2296, 1294)	'阳光'	9721
9047	(420, 2268)	" we'll"	9722
9048	(271, 2160)	'的生活'	9723
9049	(1699, 12535)	'防抖'	9724
9050	(459, 185)	'闹'	9725
9051	(1047, 114)	' scr'	9726
9052	(4013, 1631)	' ayaa'	9727
9053	(517, 1869)	'来源'	9728
9054	(12120, 2566)	' Central'	9729
9055	(271, 1953)	'的价格'	9730
9056	(655, 142)	'郎'	9731
9057	(2054, 396)	'很多人'	9732
9058	(307, 1237)	'icious'	9733
9059	(271, 3534)	'的原因'	9734
9060	(4021, 115)	' appears'	9736
9061	(283, 794)	' pip'	9737
9062	(768, 356)	'实在'	9738
9063	(1969, 12475)	' insurance'	9740
9064	(1108, 3258)	' از'	9741
9065	(579, 1629)	' altern'	9742
9066	(4076, 330)	' supply'	9743
9067	(720, 515)	'都能'	9744
9068	(2179, 843)	'का'	9745
9069	(1024, 12541)	' Thomas'	9746
9070	(1222, 1740)	' served'	9747
9071	(3687, 189)	b'\x90\xe1\x80\xbd'	9748
9072	(307, 950)	'icated'	9749
9073	(537, 1010)	'日起'	9750
9074	(518, 1581)	'对话'	9751
9075	(12007, 12303)	' ṣ'	9752
9076	(3293, 178)	b' \xea\xb2'	9754
9077	(6342, 2482)	'详细'	9755
9078	(391, 128)	'耀'	9756
9079	(116, 884)	'town'	9757
9080	(12507, 924)	'沟通'	9758
9081	(80, 75)	'PK'	9759
9082	(891, 1943)	'万美元'	9760
9083	(5140, 130)	'懂'	9761
9084	(1050, 278)	' teen'	9762
9085	(1350, 4734)	'程序'	9763
9086	(285, 647)	' map'	9764
9087	(375, 2315)	' Att'	9765
9088	(1489, 1153)	' که'	9766
9089	(12546, 714)	' method'	9767
9090	(879, 5462)	'电池'	9768
9091	(12011, 57)	' 2019'	9769
9092	(1411, 154)	' చ'	9770
9093	(484, 895)	'出手'	9771
9094	(12618, 2326)	'丈夫'	9772
9095	(2467, 3310)	'差距'	9773
9096	(2240, 2527)	' object'	9774
9097	(53, 49)	'51'	9775
9098	(271, 876)	'的基金'	9776
9099	(12055, 440)	' location'	9777
9100	(335, 1404)	'一款'	9778
9101	(1485, 104)	'ooth'	9779
9102	(311, 267)	'ller'	9780
9103	(117, 1245)	'uild'	9781
9104	(664, 274)	' unit'	9782
9105	(381, 378)	'verse'	9783
9106	(1402, 12456)	' decisions'	9784
9107	(6635, 12569)	' Toronto'	9785
9108	(469, 185)	'ู'	9786
9109	(2812, 399)	'巨大'	9788
9110	(802, 2166)	'名字'	9789
9111	(268, 4030)	' wọn'	9790
9112	(4048, 116)	' debt'	9791
9113	(468, 258)	' Win'	9792
9114	(888, 116)	'bert'	9793
9115	(4266, 802)	'著名'	9795
9116	(834, 733)	'工资'	9796
9117	(1140, 182)	'驶'	9797
9118	(4082, 45)	' non-'	9798
9119	(2939, 176)	'્ર'	9799
9120	(1411, 184)	' స'	9800
9121	(620, 2012)	'前往'	9801
9122	(967, 876)	'只基金'	9802
9123	(6227, 1056)	' necessary'	9803
9124	(1565, 1955)	'始终'	9804
9125	(433, 1318)	' rank'	9805
9126	(357, 151)	'诗'	9806
9127	(2448, 1798)	' corpor'	9807
9128	(706, 1124)	'ед'	9808
9129	(583, 133)	'ህ'	9809
9130	(285, 369)	' mut'	9811
9131	(456, 110)	'agn'	9812
9132	(342, 101)	' ee'	9813
9133	(651, 1391)	'主流'	9814
9134	(342, 6201)	' egg'	9815
9135	(645, 2148)	'об'	9816
9136	(111, 122)	'oz'	9817
9137	(1530, 1025)	'销量'	9818
9138	(1505, 12227)	' removed'	9819
9139	(796, 1151)	'表达'	9820
9140	(53, 50)	'52'	9821
9141	(216, 171)	'ث'	9822
9142	(2615, 120)	' complex'	9824
9143	(1688, 832)	' می'	9825
9144	(466, 2594)	'以上的'	9826
9145	(737, 1220)	'理想'	9827
9146	(2403, 973)	' transport'	9828
9147	(5914, 1482)	' spokesman'	9829
9148	(1207, 134)	' আ'	9830
9149	(271, 385)	'的不'	9831
9150	(910, 2949)	'事故'	9832
9151	(1686, 115)	'és'	9833
9152	(544, 129)	'颁'	9834
9153	(356, 1499)	'在这个'	9835
9154	(2055, 170)	'堪'	9836
9155	(767, 278)	'iven'	9837
9156	(5346, 533)	' photos'	9838
9157	(356, 335)	'在一'	9839
9158	(6577, 3076)	' construction'	9840
9159	(12583, 2372)	' determin'	9841
9160	(612, 267)	' Jer'	9842
9161	(2094, 5184)	'浪漫'	9843
9162	(309, 115)	'oms'	9844
9163	(664, 115)	' uns'	9845
9164	(536, 271)	'地的'	9846
9165	(4482, 1662)	' activities'	9847
9166	(1035, 137)	'莉'	9848
9167	(1277, 517)	'原来'	9849
9168	(1183, 3376)	'布莱'	9850
9169	(4672, 7805)	' negoti'	9852
9170	(455, 164)	'纤'	9853
9171	(822, 1085)	'相应'	9854
9172	(612, 962)	' Jose'	9855
9173	(2560, 731)	' Asia'	9856
9174	(1125, 2142)	'周边'	9857
9175	(12558, 868)	' language'	9858
9176	(1260, 816)	'各位'	9859
9177	(1086, 286)	'igned'	9860
9178	(5513, 2227)	' چې'	9861
9179	(256, 609)	' tight'	9863
9180	(1284, 617)	'南方'	9864
9181	(3202, 3230)	b'\xe1\x80\xac\xe1\x80\xb8\xe1\x80'	9865
9182	(734, 503)	'还会'	9866
9183	(107, 2201)	'kins'	9867
9184	(441, 287)	' kar'	9868
9185	(1201, 183)	'喷'	9869
9186	(2987, 12411)	'ும்'	9870
9187	(863, 132)	'約'	9871
9188	(374, 307)	'unic'	9872
9189	(2359, 3250)	'伤害'	9873
9190	(960, 139)	'ዋ'	9874
9191	(3221, 6668)	'缺乏'	9875
9192	(353, 502)	' Sand'	9878
9193	(907, 2485)	' proud'	9879
9194	(104, 1897)	'house'	9880
9195	(276, 267)	' ber'	9881
9196	(12288, 273)	' African'	9882
9197	(435, 352)	' Pac'	9883
9198	(12467, 2983)	'阅读'	9884
9199	(665, 184)	'炸'	9885
9200	(1148, 897)	'回报'	9886
9201	(469, 130)	'ข'	9888
9202	(3318, 542)	'爆发'	9889
9203	(12615, 280)	' crisis'	9891
9204	(362, 143)	'伏'	9892
9205	(446, 139)	'栋'	9893
9206	(1412, 3249)	'观察'	9894
9207	(1552, 135)	' இ'	9895
9208	(357, 177)	'诱'	9896
9209	(1047, 4272)	' science'	9897
9210	(451, 772)	'和平'	9898
9211	(1923, 1022)	'白色'	9899
9212	(1316, 1444)	'推广'	9900
9213	(1148, 490)	'回家'	9901
9214	(256, 630)	' tack'	9903
9215	(895, 1986)	'手段'	9904
9216	(5511, 12498)	' emergency'	9905
9217	(2876, 550)	'农业'	9906
9218	(327, 101)	'aye'	9907
9219	(3337, 1152)	' operations'	9908
9220	(12022, 140)	'์'	9909
9221	(433, 578)	' rally'	9910
9222	(12182, 1152)	' allegations'	9912
9223	(1242, 159)	'號'	9913
9224	(2521, 286)	' filed'	9914
9225	(1012, 616)	'展现'	9915
9226	(236, 156)	b'\xec\x9c'	9916
9227	(12007, 141)	b' \xe1\x8d'	9918
9228	(426, 6771)	'年龄'	9919
9229	(271, 4566)	'的事情'	9921
9230	(644, 150)	'肖'	9922
9231	(2583, 12678)	'温家宝'	9923
9232	(1202, 529)	'ountain'	9925
9233	(1011, 165)	'እ'	9926
9234	(1137, 1346)	'二十'	9927
9235	(1148, 3375)	'回答'	9928
9236	(416, 12634)	' Boston'	9930
9237	(466, 419)	'以为'	9931
9238	(528, 746)	' Lake'	9933
9239	(1011, 168)	'ከ'	9934
9240	(656, 676)	'作者'	9935
9241	(353, 417)	' Sil'	9936
9242	(1755, 115)	' lots'	9937
9243	(2092, 12020)	" They're"	9938
9244	(12207, 1838)	' characters'	9939
9245	(1151, 2052)	'达到了'	9940
9246	(4116, 12506)	' illegal'	9941
9247	(918, 6749)	' perhaps'	9942
9248	(880, 881)	'第一个'	9944
9249	(1221, 397)	' accur'	9945
9250	(1216, 1606)	'指标'	9946
9251	(1255, 1213)	'头奖'	9947
9252	(32, 4193)	' 高考'	9948
9253	(5776, 427)	'事实上'	9949
9254	(2310, 1740)	' believed'	9950
9255	(737, 1078)	'理由'	9951
9256	(370, 2955)	" you'd"	9952
9257	(1136, 695)	'该机'	9953
9258	(12508, 1145)	' citizens'	9954
9259	(390, 1056)	' Mary'	9955
9260	(2294, 693)	' collect'	9956
9261	(81, 12673)	'QDII'	9957
9262	(1311, 800)	'每次'	9958
9263	(106, 1114)	'jọ'	9959
9264	(1417, 349)	'可能是'	9960
9265	(1506, 1494)	'配备'	9961
9266	(505, 178)	' ز'	9962
9267	(378, 580)	'sequ'	9963
9268	(364, 325)	'roid'	9964
9269	(502, 111)	'ando'	9965
9270	(296, 374)	' hun'	9966
9271	(736, 115)	' Us'	9967
9272	(612, 265)	' Jon'	9968
9273	(348, 167)	'卧'	9969
9274	(790, 487)	' adop'	9970
9275	(54, 51)	'63'	9971
9276	(12368, 12610)	' scheduled'	9972
9277	(877, 172)	'馬'	9973
9278	(2131, 271)	'行业的'	9974
9279	(1282, 395)	'给了'	9975
9280	(2941, 640)	' movement'	9976
9281	(109, 3662)	'mission'	9978
9282	(267, 1740)	'erved'	9979
9283	(71, 114)	'Gr'	9980
9284	(1112, 152)	'淘'	9981
9285	(274, 111)	'ito'	9982
9286	(4466, 398)	' strike'	9983
9287	(12448, 516)	' appreciate'	9984
9288	(324, 176)	'戰'	9985
9289	(5188, 349)	'无论是'	9986
9290	(1726, 165)	'ጥ'	9987
9291	(412, 146)	'递'	9988
9292	(598, 1166)	'高级'	9989
9293	(608, 601)	' plant'	9990
9294	(2358, 1173)	'协调'	9992
9295	(4761, 2225)	' leadership'	9993
9296	(414, 171)	'披'	9994
9297	(12511, 4947)	' Mexico'	9995
9298	(2700, 3003)	' explained'	9996
9299	(73, 88)	'IX'	9998
9300	(5433, 2146)	'舒适'	9999
9301	(4550, 323)	' Steve'	10000
9302	(2758, 3693)	'听歌'	10001
9303	(656, 484)	'作出'	10002
9304	(417, 282)	'iling'	10003
9305	(1148, 770)	'回合'	10004
9306	(53, 51)	'53'	10005
9307	(12480, 601)	' restaurant'	10007
9308	(1149, 911)	' actions'	10008
9309	(375, 2354)	' Add'	10009
9310	(76, 623)	'Last'	10010
9311	(3548, 159)	'鸟'	10011
9312	(542, 1950)	'发言'	10012
9313	(12267, 1918)	' responsible'	10013
9314	(841, 51)	' 33'	10014
9315	(390, 1433)	' Mont'	10015
9316	(1767, 115)	' wins'	10016
9317	(385, 3490)	'不久'	10018
9318	(385, 12622)	'不妨'	10019
9319	(12278, 105)	' initi'	10020
9320	(420, 12620)	" weren't"	10021
9321	(3879, 6386)	'休闲'	10022
9322	(3148, 1330)	'铁路'	10023
9323	(3562, 4094)	'毕竟'	10024
9324	(1806, 686)	'phone'	10025
9325	(1108, 3863)	' است'	10026
9326	(1910, 2907)	' entertain'	10027
9327	(12695, 1861)	'传感器'	10028
9328	(375, 84)	' AT'	10030
9329	(1222, 323)	' serve'	10031
9330	(1468, 1005)	'带着'	10032
9331	(2471, 12559)	' demonstr'	10033
9332	(829, 832)	'وی'	10034
9333	(1985, 307)	' medic'	10035
9334	(596, 2157)	'月底'	10036
9335	(6840, 678)	'works'	10037
9336	(355, 372)	' Tim'	10038
9337	(1135, 1004)	'ку'	10039
9338	(119, 728)	'wide'	10040
9339	(357, 138)	'诊'	10041
9340	(813, 128)	'稀'	10042
9341	(494, 3059)	' River'	10043
9342	(3272, 1104)	'ını'	10044
9343	(347, 275)	'ador'	10045
9344	(4492, 300)	' occas'	10046
9345	(356, 1467)	'在美国'	10048
9346	(795, 163)	'っ'	10049
9347	(12593, 1148)	'赎回'	10050
9348	(1415, 1362)	'亚盘'	10051
9349	(520, 167)	'氧'	10052
9350	(501, 794)	' ship'	10053
9351	(567, 130)	'ం'	10054
9352	(45, 70)	'-F'	10055
9353	(1106, 321)	'ption'	10056
9354	(1383, 6508)	' attorney'	10057
9355	(4191, 156)	'膜'	10058
9356	(2266, 422)	' status'	10059
9357	(637, 377)	'就有'	10060
9358	(3476, 3752)	'有效像素'	10061
9359	(734, 1060)	'还可以'	10062
9360	(959, 1330)	'道路'	10063
9361	(461, 1093)	' Haw'	10064
9362	(764, 816)	'定位'	10065
9363	(2722, 662)	'版本'	10066
9364	(328, 141)	'對'	10067
9365	(537, 2513)	'日晚'	10068
9366	(2168, 168)	'్న'	10069
9367	(259, 119)	'hew'	10070
9368	(6901, 12595)	' Instagram'	10071
9369	(5458, 2623)	' Valley'	10072
9370	(418, 2022)	'国债'	10073
9371	(1164, 12668)	' guilty'	10074
9372	(1002, 133)	' ਅ'	10075
9373	(1259, 542)	'首发'	10076
9374	(6801, 330)	' slightly'	10077
9375	(4379, 3460)	' identified'	10078
9376	(315, 105)	' gi'	10079
9377	(4407, 12516)	' penalty'	10080
9378	(2059, 519)	' Arab'	10081
9379	(466, 2012)	'以往'	10083
9380	(54, 50)	'62'	10084
9381	(12229, 529)	' Britain'	10085
9382	(528, 300)	' Las'	10086
9383	(510, 165)	'泥'	10087
9384	(702, 2017)	'美國'	10088
9385	(271, 3786)	'的感觉'	10089
9386	(12698, 919)	'季后赛'	10090
9387	(12382, 292)	' mental'	10091
9388	(387, 170)	'循'	10092
9389	(1600, 1334)	'连胜'	10093
9390	(905, 157)	'芝'	10094
9391	(121, 366)	"y's"	10095
9392	(2710, 180)	'嘴'	10096
9393	(865, 426)	'三年'	10097
9394	(12272, 12272)	'妈妈'	10098
9395	(1104, 2255)	'ış'	10099
9396	(57, 52)	'94'	10100
9397	(3086, 115)	' programs'	10101
9398	(69, 852)	'Even'	10102
9399	(335, 1934)	'一致'	10103
9400	(469, 138)	'ช'	10104
9401	(494, 115)	' Rs'	10106
9402	(1444, 6809)	'广泛'	10107
9403	(1735, 4874)	'复杂'	10108
9404	(6062, 12159)	'尺寸'	10109
9405	(5771, 12680)	'中华人民共和国'	10110
9406	(45, 66)	'-B'	10111
9407	(277, 1045)	' coin'	10112
9408	(5805, 868)	'Image'	10113
9409	(12112, 322)	b'\xe0\xa5\x81\xe0\xa4'	10115
9410	(102, 945)	'face'	10116
9411	(288, 115)	' os'	10117
9412	(767, 633)	'ivity'	10118
9413	(3695, 108)	' Atl'	10119
9414	(864, 377)	'更有'	10120
9415	(1658, 12650)	'清晰'	10121
9416	(69, 88)	'EX'	10122
9417	(711, 570)	'之下'	10123
9418	(353, 1766)	' Spr'	10124
9419	(4762, 943)	'累计'	10125
9420	(1931, 170)	'猪'	10126
9421	(1616, 12284)	'把握'	10127
9422	(12455, 115)	' analysts'	10128
9423	(315, 119)	' gw'	10129
9424	(1286, 1628)	'规则'	10130
9425	(447, 170)	'陪'	10131
9426	(1207, 185)	' হ'	10132
9427	(271, 844)	'的心'	10133
9428	(275, 105)	'ori'	10134
9429	(271, 1039)	'的市场'	10135
9430	(68, 84)	'DT'	10136
9431	(474, 168)	'拨'	10137
9432	(335, 1847)	'一条'	10138
9433	(424, 115)	'outs'	10139
9434	(505, 165)	' إ'	10140
9435	(841, 46)	' 3.'	10141
9436	(804, 1289)	'内线'	10142
9437	(385, 2116)	'不够'	10143
9438	(12604, 2667)	' basketball'	10144
9439	(1151, 568)	'达成'	10145
9440	(4701, 280)	' Paris'	10146
9441	(2450, 410)	' veter'	10147
9442	(1143, 128)	'ী'	10148
9443	(396, 356)	'人在'	10149
9444	(293, 116)	' ant'	10150
9445	(543, 273)	' van'	10151
9446	(2530, 101)	' Joe'	10152
9447	(1425, 900)	'拉斯'	10153
9448	(608, 12345)	' planned'	10154
9449	(1309, 2253)	'星座'	10155
9450	(1590, 1211)	'类型'	10156
9451	(12656, 1031)	'经销商'	10157
9452	(2252, 263)	' centre'	10158
9453	(7137, 278)	' Open'	10159
9454	(989, 97)	'ava'	10160
9455	(1263, 892)	'客队'	10161
9456	(484, 1022)	'出色'	10163
9457	(12192, 274)	' limit'	10164
9458	(264, 492)	' sust'	10165
9459	(3011, 4851)	b'\xe0\xa8\xbf\xe0\xa9\xb1\xe0\xa8'	10166
9460	(456, 104)	'agh'	10168
9461	(1128, 97)	'ova'	10169
9462	(67, 69)	'CE'	10170
9463	(2953, 2804)	' solution'	10171
9464	(46, 77)	'.M'	10172
9465	(351, 273)	'aman'	10173
9466	(110, 115)	'ns'	10174
9467	(1685, 181)	' ስ'	10175
9468	(392, 176)	'衰'	10176
9469	(5862, 1170)	'韦德'	10177
9470	(523, 97)	'ela'	10178
9471	(12289, 3831)	' Democratic'	10179
9472	(1564, 136)	' ш'	10180
9473	(55, 52)	'74'	10181
9474	(790, 5836)	' advert'	10182
9475	(3362, 286)	' returned'	10183
9476	(1603, 3777)	' conserv'	10184
9477	(501, 884)	' shown'	10185
9478	(416, 483)	' Best'	10186
9479	(569, 145)	'惑'	10187
9480	(1207, 164)	' ত'	10188
9481	(57, 51)	'93'	10189
9482	(468, 292)	' Wal'	10190
9483	(156, 429)	b'\x9c\xe1\x80'	10191
9484	(114, 280)	'ris'	10192
9485	(98, 545)	'bour'	10193
9486	(12412, 516)	' separate'	10194
9487	(1217, 349)	'或是'	10195
9488	(558, 150)	'辖'	10196
9489	(3137, 427)	'历史上'	10197
9490	(1451, 178)	'悲'	10198
9491	(1028, 12477)	' otherwise'	10199
9492	(2150, 1288)	'ological'	10200
9493	(426, 2254)	'年初'	10201
9494	(864, 769)	'更好'	10202
9495	(111, 806)	'overy'	10203
9496	(80, 263)	'Pre'	10204
9497	(869, 4057)	' somewhere'	10205
9498	(742, 901)	'小区'	10206
9499	(290, 1097)	' dress'	10207
9500	(1524, 271)	'游戏的'	10208
9501	(281, 4253)	' fuel'	10209
9502	(1610, 173)	'設'	10210
9503	(86, 80)	'VP'	10211
9504	(2727, 426)	'青年'	10212
9505	(2421, 178)	'از'	10213
9506	(12206, 189)	'總'	10214
9507	(335, 1125)	'一周'	10215
9508	(815, 183)	'廷'	10216
9509	(1017, 12275)	' resources'	10217
9510	(6448, 156)	'서'	10218
9511	(799, 151)	'苗'	10219
9512	(12481, 2660)	'拒绝'	10220
9513	(577, 177)	'ற'	10221
9514	(1532, 1390)	'服装'	10222
9515	(709, 382)	' spir'	10223
9516	(121, 105)	'yi'	10224
9517	(1409, 105)	'azi'	10225
9518	(455, 160)	'纠'	10226
9519	(1738, 872)	'ыл'	10227
9520	(626, 174)	'ਮ'	10228
9521	(469, 158)	'พ'	10229
9522	(525, 102)	'ulf'	10230
9523	(1121, 1617)	'收购'	10231
9524	(1623, 1412)	'乐观'	10232
9525	(598, 565)	'高于'	10233
9526	(110, 331)	'net'	10234
9527	(67, 66)	'CB'	10235
9528	(1221, 12444)	' accounts'	10236
9529	(865, 399)	'三大'	10237
9530	(55, 51)	'73'	10238
9531	(1709, 550)	'创业'	10239
9532	(1402, 333)	' decent'	10240
9533	(140, 128)	b'\x8c\x80'	10241
9534	(287, 678)	'arks'	10243
9535	(6190, 1068)	'植物'	10244
9536	(537, 4710)	'日下午'	10246
9537	(3263, 769)	'良好'	10247
9538	(709, 5990)	' spring'	10248
9539	(2728, 3063)	'分析人士'	10249
9540	(515, 2368)	'能否'	10250
9541	(4223, 1568)	'募集'	10251
9542	(2671, 3809)	' matches'	10252
9543	(511, 6416)	' constant'	10253
9544	(5857, 330)	' honestly'	10254
9545	(12709, 6462)	'胡锦涛'	10255
9546	(296, 2062)	' harm'	10256
9547	(12568, 275)	' Director'	10257
9548	(335, 721)	'一球'	10258
9549	(1263, 1412)	'客观'	10259
9550	(554, 12570)	'分辨'	10260
9551	(570, 691)	'下面'	10261
9552	(12129, 4386)	' traditional'	10262
9553	(264, 2792)	' sister'	10263
9554	(487, 112)	'opp'	10264
9555	(6346, 5704)	' software'	10265
9556	(1207, 168)	' ন'	10266
9557	(528, 1883)	' Lee'	10267
9558	(1323, 1672)	' crash'	10268
9559	(2040, 4730)	' providing'	10269
9560	(1199, 395)	'做了'	10270
9561	(736, 78)	' UN'	10271
9562	(73, 524)	'Its'	10272
9563	(880, 1346)	'第十'	10273
9564	(300, 121)	'asy'	10274
9565	(996, 100)	'achd'	10275
9566	(2366, 101)	' mode'	10276
9567	(112, 263)	'pre'	10277
9568	(349, 1941)	'是什么'	10278
9569	(821, 114)	' arr'	10279
9570	(2519, 502)	' Grand'	10280
9571	(45, 1782)	'-sh'	10281
9572	(629, 6455)	' truth'	10282
9573	(885, 141)	'砍'	10283
9574	(378, 97)	'sea'	10284
9575	(1091, 185)	'ाह'	10285
9576	(873, 134)	'霆'	10286
9577	(12053, 667)	' movies'	10288
9578	(1002, 164)	' ਤ'	10290
9579	(857, 465)	'此时'	10291
9580	(619, 765)	' abuse'	10292
9581	(399, 3324)	'大學'	10293
9582	(12235, 3009)	' connection'	10294
9583	(2952, 1922)	' powerful'	10296
9584	(846, 426)	'当年'	10297
9585	(74, 111)	'Jo'	10298
9586	(260, 162)	'丢'	10299
9587	(260, 166)	'並'	10300
9588	(744, 783)	'说法'	10301
9589	(554, 3483)	'分享'	10302
9590	(659, 573)	'最多'	10303
9591	(539, 104)	' Gh'	10304
9592	(32, 2005)	' ü'	10305
9593	(304, 456)	' lag'	10306
9594	(2906, 2323)	b'\xe0\xb9\x88\xe0\xb8\xb2\xe0\xb8'	10307
9595	(1081, 107)	'ək'	10308
9596	(570, 3843)	'下载'	10309
9597	(1969, 112)	' insp'	10310
9598	(6942, 4974)	'凌晨'	10311
9599	(1130, 1919)	'打击'	10312
9600	(805, 3604)	' offensive'	10313
9601	(2138, 618)	' install'	10314
9602	(12212, 134)	'☆'	10315
9603	(12362, 1041)	' purchase'	10316
9604	(71, 65)	'GA'	10317
9605	(1318, 97)	'anka'	10318
9606	(1214, 1153)	'ته'	10319
9607	(12423, 275)	' doctor'	10320
9608	(1371, 171)	'疫'	10321
9609	(231, 176)	b'\xe7\xb0'	10322
9610	(490, 898)	'家里'	10323
9611	(2046, 168)	'ાન'	10324
9612	(558, 133)	'辅'	10325
9613	(98, 105)	'bi'	10326
9614	(77, 273)	'Man'	10327
9615	(83, 101)	'Se'	10328
9616	(1392, 97)	'anya'	10329
9617	(944, 189)	'爽'	10330
9618	(385, 661)	'不用'	10331
9619	(587, 820)	'也很'	10332
9620	(1554, 995)	'的一些'	10334
9621	(45, 76)	'-L'	10335
9622	(5831, 3628)	'凭借'	10336
9623	(1452, 3662)	' commission'	10337
9624	(646, 2412)	" they've"	10338
9625	(467, 187)	' л'	10339
9626	(287, 265)	'aron'	10340
9627	(951, 1469)	'并未'	10341
9628	(2059, 116)	' Art'	10342
9629	(720, 552)	'都要'	10343
9630	(313, 3646)	' nature'	10344
9631	(3599, 2712)	' Images'	10345
9632	(2198, 1049)	'书记'	10346
9633	(3211, 1494)	'储备'	10347
9634	(1761, 109)	' chem'	10348
9635	(777, 271)	'子的'	10349
9636	(968, 519)	' grab'	10350
9637	(2206, 2206)	'!!!!'	10351
9638	(702, 2963)	'美丽'	10352
9639	(1564, 143)	' я'	10353
9640	(814, 12530)	' intelligence'	10354
9641	(4708, 286)	' pulled'	10355
9642	(4735, 465)	'采访时'	10356
9643	(12269, 1662)	' communities'	10357
9644	(2593, 762)	'ент'	10358
9645	(1387, 143)	'脏'	10359
9646	(1159, 4757)	'总裁'	10360
9647	(300, 1273)	'ashed'	10362
9648	(2834, 2655)	'承担'	10363
9649	(1402, 728)	' decide'	10364
9650	(271, 536)	'的地'	10365
9651	(540, 911)	'ctions'	10366
9652	(55, 423)	'700'	10367
9653	(969, 2774)	'意思'	10368
9654	(760, 6226)	'天津'	10369
9655	(349, 1216)	'是指'	10371
9656	(891, 1182)	'万科'	10372
9657	(3032, 811)	' walking'	10373
9658	(832, 624)	'یا'	10374
9659	(535, 552)	'我要'	10375
9660	(1451, 172)	'悬'	10376
9661	(108, 368)	'lig'	10377
9662	(651, 738)	'主力'	10378
9663	(511, 3971)	' constit'	10379
9664	(460, 2190)	'这也是'	10380
9665	(589, 6221)	' exerc'	10381
9666	(111, 811)	'oking'	10382
9667	(1509, 97)	' naa'	10383
9668	(12363, 173)	'蘭'	10384
9669	(100, 278)	'den'	10385
9670	(433, 282)	' ring'	10386
9671	(820, 1939)	'很大的'	10387
9672	(374, 1243)	'unte'	10388
9673	(12500, 842)	' dangerous'	10389
9674	(740, 2284)	b'\xd1\x80\xd0\xb0\xd1'	10390
9675	(519, 101)	'abe'	10391
9676	(1260, 418)	'各国'	10392
9677	(2150, 667)	'ologies'	10393
9678	(12100, 286)	' managed'	10394
9679	(1260, 458)	'各个'	10395
9680	(865, 1309)	'三星'	10397
9681	(944, 181)	'爵'	10400
9682	(6095, 1306)	' opposition'	10401
9683	(258, 258)	'inin'	10402
9684	(356, 1542)	'在北京'	10403
9685	(1268, 568)	'变成'	10404
9686	(385, 399)	'不大'	10405
9687	(428, 188)	'彼'	10406
9688	(1125, 710)	'周期'	10407
9689	(1364, 440)	'formation'	10408
9690	(1769, 1022)	'红色'	10410
9691	(3188, 693)	' affect'	10411
9692	(585, 311)	' Ell'	10412
9693	(416, 858)	' Bell'	10413
9694	(277, 117)	' cu'	10415
9695	(77, 79)	'MO'	10416
9696	(1099, 176)	'舰'	10418
9697	(2807, 3249)	'检察'	10419
9698	(2698, 2008)	'危险'	10420
9699	(726, 167)	'捧'	10421
9700	(551, 12098)	' devices'	10422
9701	(554, 419)	'分为'	10423
9702	(315, 529)	' gain'	10424
9703	(1518, 1518)	'仅仅'	10425
9704	(3630, 600)	' apart'	10426
9705	(789, 158)	'類'	10427
9706	(497, 273)	'uman'	10430
9707	(383, 164)	'凤'	10431
9708	(1443, 177)	' න'	10432
9709	(724, 1731)	'其它'	10433
9710	(109, 284)	'mes'	10434
9711	(4345, 1367)	'释放'	10435
9712	(12469, 12723)	'脂肪'	10436
9713	(2769, 271)	'所有的'	10437
9714	(613, 136)	'愈'	10438
9715	(416, 97)	' Ba'	10439
9716	(1601, 12664)	' strategy'	10440
9717	(982, 52)	'2004'	10441
9718	(841, 423)	' 300'	10442
9719	(2080, 1124)	'ід'	10443
9720	(332, 110)	' ren'	10444
9721	(315, 98)	' gb'	10445
9722	(258, 1551)	'inals'	10446
9723	(2634, 284)	' sites'	10447
9724	(5014, 12284)	'掌握'	10448
9725	(893, 12636)	' enforcement'	10449
9726	(3204, 4214)	' forecast'	10450
9727	(379, 164)	'孤'	10452
9728	(1901, 178)	'िल'	10453
9729	(612, 525)	' Jul'	10455
9730	(4455, 115)	' boys'	10456
9731	(285, 119)	' mw'	10457
9732	(314, 134)	'昆'	10458
9733	(1722, 1344)	'博士'	10459
9734	(1472, 151)	'狗'	10460
9735	(508, 270)	' seat'	10461
9736	(1051, 1723)	'正确'	10462
9737	(290, 966)	' dick'	10463
9738	(274, 3159)	'itude'	10464
9739	(1116, 12528)	' apparently'	10465
9740	(779, 1412)	'外观'	10466
9741	(396, 399)	'人大'	10467
9742	(2090, 570)	'拿下'	10468
9743	(12004, 185)	'曹'	10469
9744	(109, 955)	'mark'	10471
9745	(1102, 5901)	' Invest'	10473
9746	(2849, 704)	'干部'	10474
9747	(629, 1019)	' trail'	10475
9748	(271, 1560)	'的工作'	10476
9749	(80, 12058)	'Please'	10477
9750	(2151, 347)	' Read'	10478
9751	(960, 142)	'ዎ'	10479
9752	(2085, 319)	' handle'	10480
9753	(1118, 965)	'强化'	10481
9754	(1050, 996)	' teach'	10482
9755	(4529, 1262)	' temper'	10483
9756	(12047, 284)	' hopes'	10484
9757	(2873, 3623)	' switch'	10485
9758	(4325, 286)	' concerned'	10486
9759	(328, 184)	'尸'	10487
9760	(3263, 2490)	'良好的'	10488
9761	(2624, 1405)	'简称'	10489
9762	(2316, 1541)	'奥运'	10490
9763	(3810, 267)	' customer'	10491
9764	(1512, 263)	'Here'	10492
9765	(638, 39)	" O'"	10493
9766	(277, 12283)	' categ'	10494
9767	(12022, 135)	'็'	10495
9768	(2592, 119)	' crew'	10497
9769	(582, 2436)	' liked'	10498
9770	(626, 163)	'ਣ'	10499
9771	(1701, 797)	'难度'	10500
9772	(1435, 2936)	' gotten'	10501
9773	(98, 265)	'bon'	10502
9774	(928, 377)	'已有'	10503
9775	(2834, 1210)	'承认'	10504
9776	(355, 884)	' Town'	10505
9777	(2345, 101)	' Ze'	10506
9778	(313, 2693)	' narr'	10507
9779	(400, 143)	'奏'	10508
9780	(537, 1064)	'日至'	10509
9781	(3060, 3119)	b'\xe0\xb0\xbf\xe0\xb0\x82\xe0\xb0'	10510
9782	(547, 427)	'场上'	10511
9783	(390, 476)	' Mem'	10512
9784	(539, 12529)	' German'	10513
9785	(83, 112)	'Sp'	10514
9786	(883, 669)	' Stud'	10515
9787	(107, 1114)	'kọ'	10516
9788	(985, 174)	'壮'	10517
9789	(3977, 2379)	'货币政策'	10518
9790	(4916, 344)	' fellow'	10519
9791	(747, 171)	'ණ'	10520
9792	(1251, 149)	'硕'	10521
9793	(3717, 97)	'adda'	10523
9794	(3932, 929)	'上市公司'	10524
9795	(2025, 167)	b' \xeb\xa7'	10525
9796	(1844, 1095)	'阿尔'	10526
9797	(820, 2490)	'很好的'	10527
9798	(12547, 962)	' purpose'	10528
9799	(80, 82)	'PR'	10529
9800	(65, 100)	'Ad'	10530
9801	(587, 552)	'也要'	10531
9802	(1339, 149)	' ን'	10532
9803	(1669, 177)	'்ற'	10533
9804	(787, 150)	'胖'	10534
9805	(4672, 2043)	' negative'	10535
9806	(389, 576)	'中学'	10536
9807	(390, 533)	' Mos'	10537
9808	(12513, 512)	' strength'	10539
9809	(399, 742)	'大小'	10540
9810	(4836, 2667)	' baseball'	10541
9811	(275, 831)	'orial'	10542
9812	(920, 1193)	'لي'	10543
9813	(12343, 440)	' application'	10544
9814	(4434, 686)	'Phone'	10545
9815	(664, 102)	' unf'	10546
9816	(1026, 140)	'桌'	10547
9817	(12582, 4998)	'疯狂'	10548
9818	(3764, 1220)	'梦想'	10549
9819	(1177, 419)	'率为'	10550
9820	(264, 5730)	' session'	10551
9821	(1345, 173)	'ậ'	10552
9822	(2876, 922)	'农民'	10553
9823	(12621, 6091)	' Pakistan'	10554
9824	(1505, 1066)	' remove'	10555
9825	(786, 191)	'姿'	10556
9826	(375, 76)	' AL'	10557
9827	(4219, 1019)	' Email'	10558
9828	(1875, 114)	' surr'	10559
9829	(2847, 4141)	' reduce'	10560
9830	(3995, 1134)	' Christian'	10561
9831	(104, 116)	'ht'	10562
9832	(615, 131)	'ể'	10563
9833	(433, 117)	' ru'	10564
9834	(2824, 274)	' suit'	10565
9835	(384, 2810)	' stret'	10566
9836	(3293, 176)	b' \xea\xb0'	10567
9837	(518, 1085)	'对应'	10568
9838	(1170, 898)	'德里'	10569
9839	(45, 1287)	'-12'	10570
9840	(1576, 573)	'太多'	10571
9841	(1210, 1609)	'认真'	10572
9842	(467, 146)	' В'	10573
9843	(2146, 1085)	'适应'	10574
9844	(2970, 175)	'্য'	10576
9845	(2387, 721)	'篮球'	10577
9846	(503, 271)	'会的'	10578
9847	(433, 671)	' rough'	10579
9848	(12359, 2362)	' ordered'	10580
9849	(1060, 356)	'可以在'	10581
9850	(596, 721)	'月球'	10582
9851	(73, 82)	'IR'	10583
9852	(4248, 6860)	'遗漏'	10584
9853	(1921, 1404)	'是一款'	10585
9854	(3650, 12661)	' equipment'	10586
9855	(601, 307)	'antic'	10587
9856	(2134, 366)	" world's"	10588
9857	(1624, 3604)	' defensive'	10589
9858	(467, 162)	' Т'	10590
9859	(12202, 1288)	' critical'	10592
9860	(1452, 12231)	' committed'	10593
9861	(441, 270)	' kat'	10594
9862	(3160, 1153)	' له'	10595
9863	(1903, 1318)	' Frank'	10596
9864	(72, 1752)	'Have'	10597
9865	(858, 121)	'elly'	10598
9866	(116, 117)	'tu'	10599
9867	(89, 759)	'Yep'	10600
9868	(384, 950)	' stated'	10602
9869	(543, 382)	' vir'	10603
9870	(494, 111)	' Ro'	10604
9871	(276, 325)	' bid'	10605
9872	(659, 2490)	'最好的'	10606
9873	(1263, 1334)	'客胜'	10607
9874	(932, 2387)	'投篮'	10608
9875	(400, 162)	'奢'	10609
9876	(890, 134)	'穆'	10610
9877	(258, 282)	'ining'	10611
9878	(5552, 1740)	' arrived'	10612
9879	(1199, 493)	'做到'	10613
9880	(502, 265)	'andon'	10614
9881	(635, 448)	'ocol'	10615
9882	(1382, 396)	'老人'	10616
9883	(3852, 2342)	'永远'	10617
9884	(1079, 836)	'股价'	10618
9885	(659, 419)	'最为'	10619
9886	(959, 1131)	'道具'	10620
9887	(12646, 110)	'.cn'	10621
9888	(411, 159)	'废'	10622
9889	(3216, 493)	'遇到'	10624
9890	(1459, 2091)	'预算'	10625
9891	(529, 524)	'aints'	10626
9892	(99, 925)	'care'	10627
9893	(1361, 185)	'ス'	10628
9894	(12581, 1041)	' disease'	10629
9895	(1704, 903)	'买入'	10630
9896	(448, 307)	'olic'	10631
9897	(1549, 4606)	' assume'	10632
9898	(930, 4656)	' YOU'	10633
9899	(285, 292)	' mal'	10634
9900	(1709, 969)	'创意'	10635
9901	(663, 2052)	'得到了'	10636
9902	(920, 12487)	'لى'	10637
9903	(2068, 4196)	' пре'	10638
9904	(87, 405)	'Will'	10639
9905	(12378, 5305)	' neighbor'	10640
9906	(1125, 3661)	'周末'	10641
9907	(12553, 321)	' champion'	10642
9908	(586, 154)	' च'	10643
9909	(567, 164)	'త'	10644
9910	(822, 3443)	'相互'	10645
9911	(573, 426)	'多年'	10646
9912	(825, 175)	'聯'	10647
9913	(592, 12652)	'公寓'	10649
9914	(2578, 366)	" country's"	10650
9915	(1994, 3249)	'警察'	10651
9916	(2462, 99)	'ác'	10652
9917	(114, 1114)	'rọ'	10653
9918	(579, 12659)	' alcohol'	10654
9919	(3332, 115)	' records'	10655
9920	(527, 12422)	' noticed'	10656
9921	(404, 132)	'寄'	10657
9922	(4403, 2353)	'幸福'	10660
9923	(695, 1861)	'机器'	10661
9924	(702, 1076)	'美女'	10662
9925	(1043, 561)	'让他'	10663
9926	(624, 1153)	'اه'	10664
9927	(718, 181)	'涵'	10665
9928	(466, 2472)	'以来的'	10666
9929	(435, 478)	' Pri'	10667
9930	(351, 105)	'ami'	10669
9931	(256, 794)	' tip'	10670
9932	(271, 1432)	'的经济'	10671
9933	(397, 98)	'urb'	10672
9934	(355, 12084)	' Techn'	10673
9935	(114, 325)	'rid'	10674
9936	(1032, 115)	'ugs'	10675
9937	(1080, 141)	'੍'	10677
9938	(760, 271)	'天的'	10678
9939	(6343, 1056)	' primary'	10679
9940	(1065, 1286)	'常规'	10680
9941	(1168, 159)	'्ट'	10681
9942	(484, 1708)	'出现在'	10682
9943	(3375, 1613)	'答案'	10683
9944	(342, 1525)	' eating'	10684
9945	(1156, 180)	'缴'	10685
9946	(1505, 745)	' remind'	10686
9947	(290, 292)	' dal'	10687
9948	(1362, 1397)	'盘口'	10688
9949	(12485, 97)	'ında'	10689
9950	(236, 154)	b'\xec\x9a'	10690
9951	(2080, 1331)	'ів'	10691
9952	(65, 89)	'AY'	10692
9953	(299, 5548)	' inbox'	10693
9954	(280, 440)	'isation'	10694
9955	(1447, 2002)	'米兰'	10695
9956	(596, 271)	'月的'	10696
9957	(281, 330)	' fly'	10697
9958	(930, 284)	' Yes'	10698
9959	(3178, 267)	' smaller'	10699
9960	(603, 163)	'ણ'	10700
9961	(494, 714)	' Rod'	10701
9962	(87, 69)	'WE'	10702
9963	(913, 267)	' user'	10703
9964	(1145, 284)	'enses'	10704
9965	(1102, 410)	' Inter'	10705
9966	(12440, 258)	' Martin'	10706
9967	(2294, 3009)	' collection'	10708
9968	(2388, 117)	' uu'	10709
9969	(397, 100)	'urd'	10710
9970	(5046, 267)	' closer'	10711
9971	(6450, 12196)	'鼓励'	10712
9972	(2807, 1945)	'检测'	10714
9973	(768, 2096)	'实验'	10715
9974	(427, 335)	'上一'	10716
9975	(117, 273)	'uan'	10717
9976	(1685, 176)	' ሰ'	10718
9977	(802, 1405)	'名称'	10719
9978	(2281, 716)	'波动'	10720
9979	(2406, 259)	'-the'	10721
9980	(1617, 1068)	'购物'	10722
9981	(2711, 3843)	'搭载'	10723
9982	(2310, 1870)	' believes'	10724
9983	(2670, 1284)	'河南'	10725
9984	(65, 103)	'Ag'	10726
9985	(317, 311)	' Ill'	10727
9986	(1436, 55)	'2017'	10728
9987	(1940, 2678)	'权威'	10729
9988	(72, 83)	'HS'	10730
9989	(386, 171)	'扫'	10731
9990	(12324, 674)	' measure'	10732
9991	(2119, 969)	'满意'	10733
9992	(271, 1989)	'的玩家'	10734
9993	(768, 2343)	'实习'	10735
9994	(70, 5407)	'From'	10736
9995	(349, 1750)	'是因为'	10737
9996	(12536, 1493)	' trouble'	10738
9997	(1630, 837)	'查看'	10740
9998	(1679, 3228)	' Andrew'	10741
9999	(12323, 287)	' dollar'	10742
10000	(706, 209)	b'\xd0\xb5\xd1'	10743
10001	(2005, 114)	'ür'	10744
10002	(385, 776)	'不但'	10745
10003	(12573, 12499)	'谨慎'	10746
10004	(281, 746)	' fake'	10747
10005	(12079, 300)	' ideas'	10748
10006	(32, 282)	' ing'	10749
10007	(1013, 2142)	'身边'	10750
10008	(734, 677)	'还将'	10751
10009	(1500, 282)	'luding'	10753
10010	(404, 186)	'寺'	10754
10011	(1341, 164)	'勤'	10755
10012	(1919, 3008)	'击败'	10757
10013	(380, 270)	' heat'	10758
10014	(1958, 115)	' seasons'	10759
10015	(1303, 584)	'先后'	10760
10016	(3496, 191)	'鹿'	10761
10017	(1102, 116)	' Int'	10762
10018	(2350, 12722)	'信息仅供参考'	10763
10019	(2738, 286)	' developed'	10764
10020	(3296, 843)	'मा'	10765
10021	(719, 98)	'ubb'	10766
10022	(234, 178)	b'\xea\xb2'	10767
10023	(1188, 378)	' rose'	10768
10024	(1614, 273)	'athan'	10769
10025	(468, 618)	' Wall'	10770
10026	(420, 557)	' weak'	10771
10027	(390, 12682)	' Manchester'	10772
10028	(4658, 275)	' motor'	10773
10029	(522, 148)	'阔'	10774
10030	(55, 49)	'71'	10775
10031	(934, 1747)	' expert'	10777
10032	(1794, 3211)	'存储'	10778
10033	(12602, 1995)	' Premier'	10779
10034	(338, 188)	'幼'	10780
10035	(46, 423)	'.00'	10781
10036	(935, 3135)	'ся'	10782
10037	(567, 184)	'స'	10783
10038	(2720, 1507)	'批准'	10784
10039	(1794, 1404)	'存款'	10785
10040	(796, 691)	'表面'	10786
10041	(2426, 321)	' mission'	10787
10042	(582, 1740)	' lived'	10788
10043	(12495, 752)	' machine'	10789
10044	(4874, 2646)	'杂志'	10790
10045	(612, 914)	' Jew'	10791
10046	(1555, 349)	'才是'	10792
10047	(742, 4980)	'小姐'	10793
10048	(226, 151)	b'\xe2\x97'	10794
10049	(4165, 2619)	' proposed'	10795
10050	(6052, 1593)	' Ohio'	10796
10051	(1959, 53)	'2.5'	10797
10052	(268, 755)	' wood'	10798
10053	(1162, 962)	'Those'	10799
10054	(2133, 3916)	' confidence'	10800
10055	(79, 67)	'OC'	10801
10056	(218, 134)	'چ'	10802
10057	(270, 273)	'atan'	10803
10058	(4773, 3206)	'培养'	10804
10059	(12591, 516)	'ropriate'	10805
10060	(2392, 12064)	' passeng'	10806
10061	(856, 182)	'ቶ'	10807
10062	(12578, 1724)	'尝试'	10808
10063	(2994, 1983)	'澳洲'	10809
10064	(593, 12143)	' church'	10810
10065	(65, 588)	'App'	10811
10066	(2068, 740)	' пр'	10812
10067	(1444, 547)	'广场'	10813
10068	(519, 258)	'abin'	10814
10069	(1171, 811)	' seeking'	10815
10070	(2168, 175)	'్య'	10816
10071	(810, 300)	'ansas'	10817
10072	(2004, 2580)	'江湖'	10818
10073	(345, 267)	' beer'	10819
10074	(12505, 2483)	'疾病'	10820
10075	(949, 910)	'从事'	10821
10076	(290, 267)	' der'	10822
10077	(128, 429)	b'\x80\xe1\x80'	10823
10078	(532, 150)	'視'	10824
10079	(285, 12064)	' meng'	10826
10080	(1223, 1073)	'那样'	10827
10081	(107, 116)	'kt'	10828
10082	(114, 1831)	'rụ'	10829
10083	(880, 1781)	'第五'	10830
10084	(1260, 399)	'各大'	10831
10085	(45, 1154)	'-20'	10832
10086	(2534, 3824)	'激烈'	10835
10087	(6319, 983)	' balance'	10836
10088	(78, 687)	'Nice'	10837
10089	(12387, 516)	' candidate'	10838
10090	(1108, 3565)	' اور'	10839
10091	(69, 3261)	'EOS'	10840
10092	(2895, 695)	'飞机'	10841
10093	(1118, 1297)	'强势'	10842
10094	(105, 364)	'iro'	10843
10095	(635, 292)	'ocal'	10844
10096	(98, 364)	'bro'	10845
10097	(1194, 493)	'接到'	10846
10098	(111, 417)	'oil'	10848
10099	(1378, 169)	'岩'	10849
10100	(390, 117)	' Mu'	10850
10101	(3092, 2027)	'印象'	10851
10102	(2451, 142)	'碎'	10852
10103	(1164, 483)	' guest'	10853
10104	(1901, 164)	'ित'	10854
10105	(342, 2586)	' euro'	10855
10106	(427, 1280)	'上证'	10856
10107	(2114, 762)	' ст'	10857
10108	(12267, 4961)	' responsibility'	10858
10109	(110, 523)	'nel'	10859
10110	(349, 976)	'是中国'	10860
10111	(216, 184)	'ظ'	10861
10112	(3816, 282)	' bringing'	10862
10113	(717, 687)	' justice'	10864
10114	(2762, 5626)	'赔偿'	10865
10115	(332, 12417)	' reporters'	10866
10116	(383, 182)	'凶'	10868
10117	(461, 1752)	' Have'	10869
10118	(3523, 168)	'েন'	10871
10119	(12280, 138)	'車'	10872
10120	(1220, 783)	'想法'	10873
10121	(2515, 1754)	' reflect'	10874
10122	(1063, 3120)	'obby'	10875
10123	(1449, 827)	'节目'	10876
10124	(45, 1204)	'-19'	10877
10125	(927, 122)	'izz'	10878
10126	(287, 112)	'arp'	10879
10127	(347, 115)	'ads'	10880
10128	(335, 3345)	'一季度'	10881
10129	(412, 153)	'這'	10883
10130	(1578, 152)	'娘'	10884
10131	(302, 12340)	' thinks'	10885
10132	(1729, 176)	'議'	10886
10133	(445, 166)	'秦'	10887
10134	(12048, 2804)	'ribution'	10888
10135	(2210, 2083)	' को'	10889
10136	(1243, 1689)	'terest'	10890
10137	(834, 1131)	'工具'	10891
10138	(593, 12402)	' championship'	10892
10139	(341, 164)	'斤'	10893
10140	(416, 12096)	' Board'	10896
10141	(2836, 2162)	' سے'	10897
10142	(6147, 154)	'線'	10898
10143	(824, 1193)	'ري'	10899
10144	(1743, 136)	' ወ'	10900
10145	(585, 115)	' Es'	10901
10146	(2124, 111)	' Who'	10902
10147	(12696, 114)	' integr'	10903
10148	(958, 273)	'ogan'	10904
10149	(462, 272)	' Dou'	10905
10150	(12635, 2057)	' Carolina'	10906
10151	(1284, 704)	'南部'	10908
10152	(290, 374)	' dun'	10909
10153	(12539, 5481)	'ollywood'	10910
10154	(105, 983)	'iance'	10911
10155	(586, 135)	' इ'	10912
10156	(1108, 1256)	' ام'	10913
10157	(874, 816)	'两位'	10914
10158	(1742, 115)	'lands'	10915
10159	(12565, 12619)	' domestic'	10916
10160	(365, 115)	' thats'	10917
10161	(2365, 2661)	'石油'	10918
10162	(256, 456)	' tag'	10919
10163	(1378, 151)	'岗'	10920
10164	(1068, 737)	'物理'	10921
10165	(518, 696)	'对比'	10922
10166	(1249, 1338)	'取消'	10923
10167	(558, 158)	'辞'	10924
10168	(1767, 410)	' winter'	10925
10169	(379, 159)	'孟'	10926
10170	(116, 667)	'ties'	10927
10171	(384, 2279)	' stars'	10928
10172	(2304, 274)	' legit'	10929
10173	(766, 1034)	'品种'	10931
10174	(4697, 121)	' lucky'	10932
10175	(12571, 115)	' hundreds'	10934
10176	(1638, 3318)	'火爆'	10935
10177	(4267, 183)	'ို့'	10937
10178	(1785, 550)	'失业'	10938
10179	(5441, 385)	'不得不'	10939
10180	(886, 4057)	' anywhere'	10940
10181	(583, 142)	'ሎ'	10941
10182	(1079, 1940)	'股权'	10942
10183	(4749, 3044)	' ਦੇ'	10943
10184	(4482, 633)	' activity'	10944
10185	(12055, 950)	' located'	10945
10186	(353, 287)	' Sar'	10946
10187	(620, 271)	'前的'	10947
10188	(353, 448)	' Sol'	10948
10189	(629, 12135)	' truly'	10949
10190	(1164, 12625)	' guarant'	10950
10191	(2529, 57)	' 2009'	10951
10192	(1116, 330)	' apply'	10952
10193	(1093, 110)	'awn'	10953
10194	(684, 2060)	' allows'	10954
10195	(370, 512)	' youth'	10955
10196	(577, 174)	'ம'	10956
10197	(1442, 1305)	'升值'	10957
10198	(826, 258)	' clin'	10958
10199	(12479, 329)	' forgot'	10959
10200	(12747, 12742)	'.THURSDAY'	10960
10201	(3952, 84)	'ENT'	10961
10202	(98, 287)	'bar'	10963
10203	(2151, 12346)	' Reuters'	10964
10204	(1524, 389)	'游戏中'	10965
10205	(435, 369)	' Put'	10966
10206	(728, 111)	'ideo'	10967
10207	(3337, 1525)	' operating'	10968
10208	(6277, 333)	'cellent'	10969
10209	(12649, 793)	'派出所'	10970
10210	(3171, 3110)	'登陆'	10971
10211	(1030, 1068)	'文物'	10972
10212	(433, 728)	' ride'	10973
10213	(1124, 1801)	'дан'	10974
10214	(1488, 270)	' flat'	10975
10215	(2850, 395)	'增加了'	10976
10216	(324, 146)	'戒'	10977
10217	(2617, 911)	' elections'	10978
10218	(3951, 676)	'笔者'	10979
10219	(2567, 108)	' infl'	10980
10220	(1830, 554)	'积分'	10981
10221	(335, 518)	'一对'	10982
10222	(4186, 130)	'蜂'	10983
10223	(12524, 333)	' independent'	10984
10224	(1137, 895)	'二手'	10985
10225	(971, 983)	' Chance'	10986
10226	(271, 1259)	'的首'	10987
10227	(265, 309)	'onom'	10988
10228	(45, 84)	'-T'	10989
10229	(556, 12404)	' prosecut'	10990
10230	(2567, 111)	' info'	10991
10231	(108, 3745)	'lər'	10992
10232	(2774, 1220)	'思想'	10993
10233	(1952, 570)	'情况下'	10994
10234	(32, 4157)	' ра'	10996
10235	(12471, 627)	' Richard'	10997
10236	(4349, 523)	' hotel'	10998
10237	(2048, 1344)	'富士'	10999
10238	(3379, 1740)	' approved'	11000
10239	(1139, 895)	'选手'	11001
10240	(83, 65)	'SA'	11002
10241	(5727, 1412)	'宏观'	11003
10242	(463, 146)	'怒'	11004
10243	(4210, 12217)	' argument'	11005
10244	(489, 117)	' ju'	11006
10245	(770, 2146)	'合适'	11007
10246	(32, 719)	' ub'	11008
10247	(2938, 282)	' facing'	11009
10248	(384, 5717)	' stocks'	11010
10249	(353, 97)	' Sa'	11011
10250	(263, 112)	'rep'	11012
10251	(4373, 115)	' stores'	11013
10252	(1130, 653)	'打开'	11014
10253	(4709, 764)	'固定'	11015
10254	(612, 669)	' Jud'	11016
10255	(435, 12058)	' Please'	11017
10256	(399, 503)	'大会'	11018
10257	(4340, 1900)	' akka'	11020
10258	(1401, 12574)	'约翰'	11021
10259	(12638, 738)	'魅力'	11022
10260	(2055, 180)	'場'	11023
10261	(1002, 178)	' ਲ'	11024
10262	(1472, 174)	'狮'	11025
10263	(618, 3430)	'allery'	11026
10264	(256, 12335)	' trend'	11027
10265	(12110, 282)	' changing'	11028
10266	(12289, 2443)	' Democrats'	11029
10267	(1308, 1153)	'ده'	11030
10268	(264, 3009)	' section'	11032
10269	(12083, 282)	'standing'	11033
10270	(467, 163)	' У'	11034
10271	(6700, 1502)	'信用卡'	11035
10272	(285, 1547)	' marg'	11036
10273	(779, 2688)	'外汇'	11038
10274	(276, 1110)	' breat'	11039
10275	(3103, 1895)	' politics'	11040
10276	(569, 168)	'惨'	11041
10277	(865, 418)	'三国'	11042
10278	(1210, 553)	'认可'	11043
10279	(1901, 168)	'िन'	11044
10280	(1179, 945)	'place'	11045
10281	(1113, 1030)	'英文'	11046
10282	(76, 331)	'Let'	11047
10283	(12291, 5119)	' subscribe'	11048
10284	(1540, 1403)	'气质'	11049
10285	(2375, 274)	' edit'	11050
10286	(375, 122)	' Az'	11051
10287	(12330, 265)	' weapon'	11052
10288	(353, 12108)	' Sorry'	11053
10289	(104, 519)	'hab'	11056
10290	(2580, 1284)	'湖南'	11057
10291	(2834, 3425)	'承诺'	11058
10292	(12293, 267)	' larger'	11059
10293	(2577, 5954)	' possibly'	11060
10294	(1552, 168)	' ந'	11061
10295	(12654, 512)	' fifth'	11062
10296	(2626, 706)	' де'	11063
10297	(652, 139)	'運'	11064
10298	(1361, 164)	'イ'	11065
10299	(72, 79)	'HO'	11066
10300	(271, 976)	'的中国'	11067
10301	(1183, 4696)	'布朗'	11068
10302	(765, 497)	'useum'	11069
10303	(377, 2054)	'有很多'	11071
10304	(5410, 1495)	'账户'	11072
10305	(2853, 5245)	'净利润'	11073
10306	(608, 12262)	' placed'	11074
10307	(109, 12285)	'makers'	11075
10308	(481, 186)	'臺'	11076
10309	(101, 122)	'ez'	11077
10310	(296, 292)	' hal'	11078
10311	(3684, 115)	' views'	11079
10312	(7149, 773)	'董事长'	11080
10313	(497, 109)	'umm'	11081
10314	(283, 3623)	' pitch'	11082
10315	(281, 3653)	' faster'	11083
10316	(789, 181)	'页'	11084
10317	(1229, 174)	'粮'	11085
10318	(1554, 1034)	'的一种'	11086
10319	(2458, 65)	' USA'	11087
10320	(12660, 1056)	' Secretary'	11089
10321	(256, 374)	' tun'	11090
10322	(296, 258)	' hin'	11091
10323	(528, 623)	' Last'	11092
10324	(285, 382)	' mir'	11093
10325	(700, 1738)	'ны'	11094
10326	(1878, 1422)	'罗马'	11095
10327	(86, 2510)	'VER'	11097
10328	(133, 1911)	b'\x85\xe1\x80\xba\xe1\x80'	11098
10329	(2894, 2797)	'媒体报道'	11099
10330	(2715, 282)	' standing'	11100
10331	(12237, 810)	' Republicans'	11101
10332	(720, 1191)	'都没有'	11102
10333	(585, 1754)	' Elect'	11103
10334	(4393, 12163)	' Global'	11104
10335	(736, 112)	' Up'	11105
10336	(892, 12514)	'队伍'	11106
10337	(589, 7205)	' exchange'	11107
10338	(397, 105)	'uri'	11108
10339	(900, 1182)	'斯科'	11109
10340	(1121, 1239)	'收费'	11111
10341	(12310, 12642)	' individuals'	11112
10342	(4784, 1440)	'软件'	11113
10343	(598, 781)	'高等'	11114
10344	(4645, 1475)	' surprise'	11115
10345	(4748, 115)	' songs'	11116
10346	(1229, 151)	'粗'	11117
10347	(739, 282)	'ounding'	11118
10348	(326, 39)	" y'"	11119
10349	(716, 1885)	'动态'	11120
10350	(268, 2693)	' warr'	11121
10351	(1782, 274)	'shit'	11122
10352	(568, 396)	'成人'	11123
10353	(118, 258)	'vin'	11124
10354	(385, 573)	'不多'	11125
10355	(69, 65)	'EA'	11126
10356	(355, 775)	' Tra'	11127
10357	(3452, 1365)	'हे'	11128
10358	(731, 366)	"ia's"	11129
10359	(450, 798)	'.....'	11130
10360	(1100, 1334)	'战胜'	11131
10361	(6088, 580)	' frequ'	11132
10362	(1875, 6379)	' survey'	11133
10363	(283, 2765)	' purs'	11134
10364	(790, 6373)	' adjust'	11135
10365	(259, 116)	'het'	11136
10366	(3770, 943)	'估计'	11137
10367	(2381, 321)	' direction'	11138
10368	(235, 130)	b'\xeb\x82'	11139
10369	(2210, 1700)	' कर'	11140
10370	(418, 922)	'国民'	11141
10371	(2151, 292)	' Real'	11142
10372	(548, 161)	'挡'	11143
10373	(218, 171)	'ګ'	11144
10374	(834, 2664)	'工艺'	11145
10375	(971, 12143)	' Church'	11146
10376	(340, 172)	'旬'	11147
10377	(2214, 110)	' Ann'	11148
10378	(283, 1227)	' pool'	11149
10379	(3848, 603)	b'\xe0\xab\x8b\xe0\xaa'	11150
10380	(355, 263)	' Tre'	11151
10381	(1726, 160)	'ጠ'	11152
10382	(2718, 578)	' generally'	11154
10383	(568, 637)	'成就'	11155
10384	(79, 102)	'Of'	11156
10385	(339, 162)	'產'	11157
10386	(720, 1060)	'都可以'	11158
10387	(2149, 584)	'落后'	11159
10388	(12703, 46)	' www.'	11160
10389	(4619, 115)	' steps'	11161
10390	(536, 2818)	'地块'	11162
10391	(468, 12406)	' Western'	11163
10392	(756, 176)	'艰'	11164
10393	(547, 1591)	'场均'	11166
10394	(371, 134)	'杆'	11167
10395	(264, 121)	' sy'	11168
10396	(858, 344)	'ellow'	11169
10397	(313, 12204)	' nomin'	11170
10398	(313, 398)	' nke'	11171
10399	(1987, 136)	'ፈ'	11172
10400	(560, 160)	'眠'	11173
10401	(256, 2908)	' tech'	11174
10402	(273, 7850)	'anwhile'	11175
10403	(635, 4613)	'ockey'	11176
10404	(922, 651)	'民主'	11178
10405	(290, 3172)	' dumb'	11180
10406	(1980, 152)	'иј'	11181
10407	(433, 105)	' ri'	11183
10408	(3368, 12584)	' relevant'	11184
10409	(1035, 142)	'莎'	11185
10410	(271, 910)	'的事'	11186
10411	(1117, 187)	'钻'	11187
10412	(567, 174)	'మ'	11188
10413	(4048, 369)	' debut'	11189
10414	(528, 6539)	' Liber'	11191
10415	(12074, 1491)	' speaking'	11193
10416	(1786, 12349)	' earnings'	11194
10417	(2478, 804)	'室内'	11195
10418	(3561, 12519)	'การ'	11196
10419	(332, 3785)	' reference'	11197
10420	(2055, 134)	'堆'	11198
10421	(1002, 172)	' ਬ'	11199
10422	(69, 77)	'EM'	11200
10423	(3551, 2123)	'惊喜'	11201
10424	(571, 911)	'essions'	11202
10425	(1277, 662)	'原本'	11203
10426	(3313, 959)	'街道'	11204
10427	(1469, 515)	'未能'	11205
10428	(1832, 3770)	'评估'	11206
10429	(389, 2322)	'中介'	11207
10430	(12768, 2536)	'中关村'	11208
10431	(12273, 603)	b'\xe0\xaa\xbf\xe0\xaa'	11209
10432	(696, 554)	'比分'	11210
10433	(3545, 12552)	' में'	11211
10434	(621, 169)	'義'	11212
10435	(572, 173)	'哭'	11213
10436	(435, 1799)	' Public'	11214
10437	(465, 2021)	'时许'	11215
10438	(960, 138)	'ዊ'	11216
10439	(1903, 309)	' From'	11217
10440	(3901, 132)	'組'	11218
10441	(744, 271)	'说的'	11219
10442	(276, 525)	' bul'	11220
10443	(1913, 1061)	'巴西'	11222
10444	(12561, 1270)	'ில்'	11223
10445	(5342, 2362)	' suffered'	11224
10446	(32, 368)	' ig'	11225
10447	(1552, 142)	' எ'	11226
10448	(536, 808)	'地点'	11227
10449	(264, 258)	' sin'	11228
10450	(264, 502)	' sand'	11229
10451	(12173, 667)	' policies'	11230
10452	(2841, 329)	' Scot'	11231
10453	(3463, 721)	'蓝球'	11232
10454	(277, 5568)	' covered'	11233
10455	(268, 746)	' wake'	11234
10456	(67, 80)	'CP'	11235
10457	(402, 161)	'巡'	11236
10458	(907, 3273)	' princ'	11237
10459	(795, 153)	'す'	11238
10460	(1426, 599)	'ги'	11239
10461	(1560, 271)	'工作的'	11240
10462	(3121, 831)	' presidential'	11241
10463	(512, 280)	'this'	11242
10464	(3321, 282)	' understanding'	11243
10465	(1971, 578)	' personally'	11244
10466	(3656, 3769)	' competitive'	11245
10467	(702, 271)	'美的'	11246
10468	(57, 49)	'91'	11247
10469	(5640, 1593)	' radio'	11248
10470	(45, 1337)	'-11'	11250
10471	(12681, 12731)	'.FRIDAY'	11251
10472	(5478, 12504)	' destroy'	11252
10473	(1024, 962)	' Those'	11253
10474	(2451, 141)	'碍'	11254
10475	(504, 160)	'欠'	11255
10476	(2320, 800)	'层次'	11256
10477	(1978, 1449)	'电影节'	11257
10478	(292, 117)	'alu'	11258
10479	(484, 335)	'出一'	11259
10480	(315, 327)	' gay'	11260
10481	(455, 181)	'纵'	11261
10482	(462, 3691)	' Does'	11262
10483	(276, 925)	' bare'	11263
10484	(1402, 1088)	' decade'	11264
10485	(4387, 1256)	' هم'	11265
10486	(351, 258)	'amin'	11266
10487	(1002, 137)	' ਉ'	11267
10488	(325, 111)	'ido'	11268
10489	(771, 146)	'插'	11269
10490	(12393, 1237)	' religious'	11270
10491	(12384, 1951)	' tickets'	11271
10492	(614, 286)	'isted'	11272
10493	(54, 49)	'61'	11273
10494	(76, 2611)	'Like'	11274
10495	(1231, 911)	'ictions'	11275
10496	(2083, 2496)	'ों'	11277
10497	(400, 148)	'奔'	11279
10498	(307, 4160)	'icians'	11280
10499	(883, 405)	' Still'	11281
10500	(433, 497)	' rum'	11282
10501	(154, 1666)	b'\x9a\xe1\x80\xba'	11283
10502	(2277, 603)	b'\xe0\xab\x87\xe0\xaa'	11284
10503	(2115, 1168)	b'\xe0\xa4\xa8\xe0\xa5\x8d\xe0\xa4'	11285
10504	(768, 526)	'实行'	11287
10505	(307, 273)	'ican'	11288
10506	(2529, 56)	' 2008'	11289
10507	(12072, 265)	' oppon'	11290
10508	(570, 1173)	'下调'	11291
10509	(2467, 3383)	'差异'	11292
10510	(367, 150)	'帖'	11293
10511	(971, 12402)	' Championship'	11295
10512	(772, 1605)	'平局'	11296
10513	(960, 169)	'ዩ'	11297
10514	(2926, 100)	' Prod'	11299
10515	(12186, 2844)	' focused'	11300
10516	(772, 465)	'平时'	11301
10517	(283, 545)	' pour'	11302
10518	(430, 97)	'cha'	11303
10519	(484, 1048)	'出去'	11304
10520	(1548, 547)	'半场'	11305
10521	(1121, 1362)	'收盘'	11306
10522	(291, 119)	' tow'	11307
10523	(629, 1369)	' truck'	11309
10524	(1612, 144)	'腐'	11310
10525	(5109, 282)	' creating'	11311
10526	(5056, 286)	' responded'	11312
10527	(3861, 143)	'踏'	11313
10528	(541, 8065)	' frustr'	11314
10529	(3863, 2103)	'ستان'	11315
10530	(5066, 152)	'領'	11316
10531	(2524, 1469)	'尚未'	11317
10532	(1257, 263)	' Here'	11318
10533	(2406, 111)	'-to'	11319
10534	(100, 309)	'dom'	11320
10535	(307, 728)	'icide'	11321
10536	(462, 265)	' Don'	11322
10537	(3594, 493)	'考虑到'	11323
10538	(1303, 712)	'先进'	11324
10539	(664, 5310)	' unlike'	11325
10540	(5716, 2049)	' কর'	11326
10541	(267, 103)	'erg'	11327
10542	(971, 287)	' Char'	11328
10543	(353, 108)	' Sl'	11329
10544	(561, 349)	'他是'	11330
10545	(269, 134)	'皆'	11332
10546	(1060, 744)	'可以说'	11333
10547	(12274, 1134)	' Australian'	11334
10548	(592, 1330)	'公路'	11336
10549	(12278, 831)	' initial'	11337
10550	(2655, 6590)	'担忧'	11338
10551	(2615, 2506)	' completed'	11339
10552	(824, 1153)	'ره'	11340
10553	(12324, 2174)	' measures'	11341
10554	(149, 5905)	b'\x95\xe1\x80\xbc\xe1\x80'	11342
10555	(5494, 157)	'ườ'	11343
10556	(276, 327)	' bay'	11344
10557	(281, 12630)	' freedom'	11345
10558	(705, 969)	'同意'	11346
10559	(963, 114)	'ibr'	11347
10560	(4181, 945)	' replace'	11349
10561	(12784, 97)	' của'	11350
10562	(1122, 171)	'垫'	11351
10563	(1029, 704)	'北部'	11352
10564	(2569, 808)	'焦点'	11353
10565	(355, 278)	' Ten'	11354
10566	(1715, 97)	'nya'	11355
10567	(3303, 12180)	' married'	11356
10568	(3447, 1109)	'灵活'	11357
10569	(787, 131)	'胃'	11358
10570	(434, 1243)	' waste'	11359
10571	(311, 101)	'lle'	11360
10572	(1880, 568)	'构成'	11361
10573	(3188, 2089)	' affected'	11362
10574	(2484, 870)	'剧情'	11363
10575	(12104, 1073)	'怎样'	11365
10576	(1093, 327)	'away'	11366
10577	(923, 1179)	' impl'	11367
10578	(4888, 271)	'不错的'	11368
10579	(604, 12776)	'新加坡'	11369
10580	(583, 169)	'ሩ'	11370
10581	(745, 97)	'inda'	11371
10582	(290, 828)	' dry'	11372
10583	(1443, 182)	' බ'	11373
10584	(4187, 716)	'劳动'	11374
10585	(4283, 663)	'赢得'	11375
10586	(12462, 998)	' degree'	11376
10587	(646, 2268)	" they'll"	11377
10588	(1716, 1449)	'环节'	11378
10589	(461, 448)	' Hol'	11379
10590	(461, 12215)	' Hospital'	11380
10591	(285, 3653)	' master'	11381
10592	(7022, 139)	'။'	11382
10593	(400, 145)	'契'	11383
10594	(355, 780)	' Time'	11384
10595	(407, 112)	'oop'	11385
10596	(3572, 1286)	'犯规'	11386
10597	(1846, 4094)	'究竟'	11387
10598	(645, 1135)	'ок'	11388
10599	(56, 51)	'83'	11389
10600	(2168, 178)	'్ల'	11390
10601	(65, 540)	'Act'	11391
10602	(65, 119)	'Aw'	11392
10603	(981, 156)	'铜'	11393
10604	(4186, 156)	'蜜'	11394
10605	(1231, 275)	'ictor'	11395
10606	(1361, 130)	'も'	11397
10607	(12613, 1694)	'杭州'	11398
10608	(533, 674)	'osure'	11399
10609	(694, 156)	'ො'	11400
10610	(2994, 1176)	'澳门'	11401
10611	(1432, 2082)	'经济增长'	11402
10612	(264, 1369)	' suck'	11403
10613	(356, 4813)	'在这里'	11404
10614	(488, 67)	' NC'	11405
10615	(576, 1239)	'学费'	11406
10616	(427, 1048)	'上去'	11407
10617	(500, 2148)	'аб'	11408
10618	(45, 97)	'-a'	11409
10619	(1118, 1939)	'强大的'	11410
10620	(1981, 686)	' zone'	11411
10621	(902, 791)	'房间'	11412
10622	(1574, 3503)	'包含'	11414
10623	(727, 3107)	'全新的'	11415
10624	(12628, 3728)	' athlet'	11416
10625	(78, 101)	'Ne'	11417
10626	(281, 319)	' fle'	11418
10627	(2938, 284)	' faces'	11419
10628	(6251, 6395)	' Syria'	11420
10629	(236, 138)	b'\xec\x8a'	11421
10630	(1443, 173)	' ත'	11423
10631	(782, 271)	'体的'	11424
10632	(2700, 533)	' explos'	11425
10633	(87, 495)	'Would'	11426
10634	(1409, 101)	'aze'	11427
10635	(1341, 153)	'務'	11428
10636	(506, 178)	'割'	11429
10637	(924, 2395)	'通讯'	11430
10638	(1605, 691)	'局面'	11431
10639	(468, 1245)	' Wild'	11432
10640	(104, 117)	'hu'	11433
10641	(834, 1031)	'工商'	11434
10642	(458, 12767)	'个百分点'	11435
10643	(268, 483)	' west'	11436
10644	(794, 292)	'ipal'	11437
10645	(3500, 284)	' taxes'	11438
10646	(554, 1506)	'分配'	11439
10647	(46, 5986)	'.org'	11440
10648	(1566, 136)	'ト'	11441
10649	(1850, 271)	'大学的'	11442
10650	(675, 185)	'竹'	11443
10651	(4257, 427)	'基础上'	11444
10652	(3448, 6019)	'封闭'	11445
10653	(681, 12180)	' worried'	11446
10654	(5128, 6299)	'માં'	11447
10655	(1608, 1139)	'精选'	11448
10656	(2179, 1168)	b'\xe0\xa4\x95\xe0\xa5\x8d\xe0\xa4'	11449
10657	(889, 150)	'袖'	11450
10658	(541, 672)	' frame'	11451
10659	(12120, 263)	' Centre'	11452
10660	(5545, 4272)	' audience'	11453
10661	(376, 1307)	' Camp'	11454
10662	(593, 97)	' cha'	11455
10663	(462, 884)	' Down'	11456
10664	(76, 448)	'Lol'	11457
10665	(999, 105)	' Vi'	11458
10666	(6489, 12231)	' admitted'	11459
10667	(662, 396)	'本人'	11460
10668	(315, 3228)	' grew'	11461
10669	(4593, 783)	'违法'	11462
10670	(630, 286)	'acked'	11463
10671	(307, 121)	'icy'	11465
10672	(618, 115)	'alls'	11466
10673	(1587, 2612)	'拍卖'	11467
10674	(45, 265)	'-on'	11468
10675	(335, 704)	'一部'	11469
10676	(652, 165)	'遥'	11470
10677	(1082, 1703)	'增速'	11471
10678	(277, 471)	' cup'	11472
10679	(690, 515)	'产能'	11473
10680	(12040, 4141)	' produce'	11474
10681	(12290, 603)	b'\xe0\xaa\x82\xe0\xaa'	11475
10682	(265, 307)	'onic'	11476
10683	(2073, 611)	'财经'	11477
10684	(3832, 4555)	' Supreme'	11478
10685	(2114, 1004)	' су'	11479
10686	(1451, 166)	'悦'	11480
10687	(345, 103)	' beg'	11481
10688	(12426, 284)	' challenges'	11482
10689	(67, 259)	'Che'	11483
10690	(5285, 271)	'丰富的'	11484
10691	(1726, 139)	'ጋ'	11485
10692	(2272, 53)	'3.5'	11486
10693	(563, 184)	'স'	11487
10694	(577, 163)	'ண'	11488
10695	(71, 6017)	'GDP'	11489
10696	(1445, 1343)	'完整'	11490
10697	(1134, 97)	'iana'	11491
10698	(1968, 12724)	' familiar'	11492
10699	(837, 3763)	'看起来'	11493
10700	(3711, 1129)	'顾问'	11494
10701	(720, 594)	'都市'	11495
10702	(4321, 321)	' discussion'	11496
10703	(2633, 115)	' tells'	11497
10704	(469, 179)	'ำ'	11498
10705	(281, 12658)	' fashion'	11499
10706	(285, 12052)	' mouth'	11500
10707	(548, 150)	'挖'	11501
10708	(537, 1065)	'日常'	11502
10709	(5286, 286)	' fixed'	11503
10710	(102, 12726)	'flix'	11504
10711	(1102, 115)	' Ins'	11505
10712	(595, 271)	'们的'	11506
10713	(68, 284)	'Des'	11507
10714	(2609, 570)	'松下'	11508
10715	(118, 2638)	'vention'	11509
10716	(507, 286)	' Fed'	11510
10717	(1361, 137)	'ら'	11511
10718	(277, 601)	' cant'	11512
10719	(3657, 700)	'үн'	11513
10720	(638, 381)	' Over'	11514
10721	(535, 637)	'我就'	11515
10722	(276, 1485)	' boot'	11516
10723	(1346, 1137)	'十二'	11518
10724	(5457, 4783)	'伙伴'	11519
10725	(1387, 137)	'脉'	11520
10726	(1206, 389)	'片中'	11521
10727	(1111, 456)	' disag'	11522
10728	(1310, 1179)	' suppl'	11524
10729	(343, 135)	'劇'	11525
10730	(427, 2783)	'上赛季'	11526
10731	(1007, 1100)	'交战'	11527
10732	(4682, 115)	' dogs'	11528
10733	(2390, 503)	'监会'	11529
10734	(1680, 282)	' posting'	11530
10735	(285, 111)	' mo'	11531
10736	(7321, 911)	' millions'	11532
10737	(3226, 5855)	'ระ'	11533
10738	(12363, 135)	'蘇'	11534
10739	(56, 50)	'82'	11535
10740	(3663, 160)	'鼠'	11536
10741	(612, 114)	' Jr'	11537
10742	(1564, 150)	' і'	11538
10743	(3617, 634)	'pective'	11539
10744	(892, 1463)	'队友'	11540
10745	(112, 331)	'pet'	11541
10746	(435, 5319)	' Peter'	11542
10747	(268, 7312)	' wedi'	11543
10748	(1660, 1920)	'即便'	11544
10749	(3966, 286)	' enjoyed'	11545
10750	(4025, 995)	'哪些'	11546
10751	(712, 1397)	'进口'	11547
10752	(2474, 330)	' reply'	11548
10753	(3621, 2083)	' हो'	11549
10754	(2680, 115)	' turns'	11550
10755	(12503, 524)	' experts'	11551
10756	(1010, 395)	'起了'	11552
10757	(1549, 571)	' assess'	11553
10758	(256, 4579)	' troll'	11554
10759	(390, 329)	' Mot'	11555
10760	(5195, 578)	' specifically'	11556
10761	(1009, 8498)	' pregn'	11557
10762	(148, 429)	b'\x94\xe1\x80'	11558
10763	(385, 1461)	'不知'	11559
10764	(114, 671)	'rough'	11560
10765	(1758, 141)	'龍'	11562
10766	(567, 170)	'ప'	11565
10767	(2460, 3544)	'武汉'	11566
10768	(6873, 110)	'ân'	11567
10769	(2526, 5576)	'ção'	11568
10770	(535, 349)	'我是'	11569
10771	(528, 270)	' Lat'	11570
10772	(3357, 1104)	'ğı'	11571
10773	(2266, 12413)	' statements'	11573
10774	(1207, 166)	' দ'	11574
10775	(12352, 112)	' http'	11575
10776	(2600, 2470)	'声音'	11576
10777	(1319, 1052)	'低水'	11577
10778	(353, 1575)	' Spe'	11578
10779	(390, 80)	' MP'	11579
10780	(494, 962)	' Rose'	11580
10781	(12708, 12770)	'玻璃'	11581
10782	(2536, 922)	'村民'	11582
10783	(114, 368)	'rig'	11583
10784	(605, 97)	'enda'	11584
10785	(12644, 1058)	'中新网'	11585
10786	(1242, 171)	'虫'	11586
10787	(582, 6736)	' likes'	11587
10788	(706, 1331)	'ев'	11588
10789	(72, 76)	'HL'	11590
10790	(494, 422)	' Rus'	11591
10791	(2133, 1138)	' confident'	11592
10792	(2547, 327)	' delay'	11593
10793	(1203, 2029)	'题材'	11595
10794	(599, 2148)	'иб'	11596
10795	(1020, 5288)	' iyo'	11597
10796	(980, 1513)	'被告'	11598
10797	(271, 1978)	'的电影'	11599
10798	(802, 419)	'名为'	11600
10799	(383, 137)	'凉'	11601
10800	(966, 331)	'icket'	11602
10801	(1488, 755)	' flood'	11603
10802	(1409, 97)	'aza'	11604
10803	(1541, 661)	'运用'	11605
10804	(4296, 6065)	'்கள'	11606
10805	(3497, 307)	'ronic'	11607
10806	(1502, 1206)	'卡片'	11608
10807	(5604, 12623)	'ที่'	11609
10808	(1403, 2835)	'质疑'	11610
10809	(7303, 1128)	' innov'	11611
10810	(2773, 662)	'副本'	11612
10811	(708, 104)	' Kh'	11613
10812	(4624, 12551)	' Michigan'	11614
10813	(390, 12670)	' Middle'	11615
10814	(265, 2121)	'online'	11616
10815	(2515, 267)	' refer'	11617
10816	(385, 1576)	'不太'	11618
10817	(69, 70)	'EF'	11619
10818	(12727, 1883)	' coffee'	11620
10819	(3630, 2150)	' apolog'	11621
10820	(112, 12209)	'paper'	11622
10821	(1580, 1802)	'视觉'	11623
10822	(4564, 1953)	'参考价格'	11624
10823	(586, 155)	' छ'	11625
10824	(232, 159)	b'\xe8\x9f'	11626
10825	(494, 533)	' Ros'	11627
10826	(3390, 110)	' Conn'	11628
10827	(313, 686)	' none'	11629
10828	(390, 331)	' Met'	11630
10829	(2779, 307)	' basic'	11631
10830	(849, 287)	' compar'	11632
10831	(3105, 282)	' testing'	11633
10832	(1541, 526)	'运行'	11634
10833	(80, 114)	'Pr'	11635
10834	(1068, 766)	'物品'	11636
10835	(468, 1384)	' Water'	11637
10836	(12600, 274)	' split'	11638
10837	(45, 3340)	'-off'	11639
10838	(488, 89)	' NY'	11640
10839	(97, 292)	'aal'	11642
10840	(3619, 112)	' Exp'	11643
10841	(747, 182)	'බ'	11644
10842	(12097, 1296)	' controvers'	11645
10843	(1047, 259)	' sche'	11646
10844	(399, 919)	'大赛'	11647
10845	(2819, 3025)	'谈判'	11648
10846	(385, 840)	'不如'	11649
10847	(895, 1326)	'手续'	11650
10848	(3265, 4723)	'股票型基金'	11651
10849	(2636, 809)	' Blue'	11652
10850	(386, 182)	'扶'	11653
10851	(121, 1902)	'yeah'	11654
10852	(604, 335)	'新一'	11655
10853	(304, 1396)	' lock'	11656
10854	(624, 1193)	'اي'	11657
10855	(584, 710)	'后期'	11658
10856	(499, 129)	'毁'	11659
10857	(112, 4862)	'point'	11660
10858	(1884, 3206)	'营养'	11661
10859	(265, 366)	"on's"	11662
10860	(5386, 282)	' existing'	11663
10861	(12016, 140)	'癌'	11664
10862	(78, 89)	'NY'	11665
10863	(329, 286)	'oted'	11666
10864	(1047, 4447)	' scoring'	11667
10865	(960, 154)	'ዚ'	11668
10866	(56, 52)	'84'	11669
10867	(302, 97)	' tha'	11670
10868	(1833, 2716)	'花园'	11671
10869	(1159, 2390)	'总监'	11672
10870	(677, 349)	'将是'	11673
10871	(754, 2989)	'加盟'	11674
10872	(586, 182)	' श'	11675
10873	(703, 151)	'汗'	11676
10874	(235, 167)	b'\xeb\xa7'	11677
10875	(507, 12201)	' Federal'	11678
10876	(82, 2605)	'Read'	11680
10877	(12521, 1340)	'胜负彩'	11681
10878	(556, 323)	' prove'	11682
10879	(1488, 609)	' flight'	11683
10880	(2492, 271)	'球队的'	11684
10881	(960, 149)	'ዕ'	11685
10882	(4403, 1541)	'幸运'	11686
10883	(302, 111)	' tho'	11687
10884	(2930, 822)	'亮相'	11688
10885	(435, 82)	' PR'	11689
10886	(405, 282)	'illing'	11690
10887	(570, 1048)	'下去'	11691
10888	(994, 529)	' contain'	11692
10889	(468, 495)	' Would'	11693
10890	(1091, 181)	'ाव'	11694
10891	(805, 2152)	' offense'	11695
10892	(472, 179)	'琳'	11696
10893	(3234, 1790)	'森林'	11697
10894	(286, 121)	'edy'	11698
10895	(1201, 138)	'喊'	11699
10896	(4258, 134)	'ਿਆ'	11700
10897	(68, 114)	'Dr'	11701
10898	(1567, 172)	'搬'	11703
10899	(2062, 97)	'arma'	11704
10900	(816, 271)	'位的'	11705
10901	(12779, 12710)	' infrastructure'	11706
10902	(467, 158)	' О'	11707
10903	(586, 143)	' ए'	11708
10904	(2600, 887)	'声明'	11709
10905	(4633, 9672)	' volunte'	11710
10906	(478, 267)	'rier'	11711
10907	(604, 12663)	'新疆'	11712
10908	(494, 351)	' Ram'	11713
10909	(277, 364)	' cro'	11715
10910	(2493, 258)	' Clin'	11716
10911	(620, 710)	'前期'	11717
10912	(103, 333)	'gent'	11718
10913	(701, 5236)	'rency'	11719
10914	(775, 325)	'raid'	11720
10915	(720, 820)	'都很'	11721
10916	(353, 6240)	' Saud'	11722
10917	(3641, 12098)	' Services'	11723
10918	(12614, 75)	'UCK'	11724
10919	(6766, 12560)	' ridicul'	11725
10920	(987, 149)	'裕'	11726
10921	(695, 547)	'机场'	11727
10922	(1699, 2860)	'防止'	11729
10923	(2812, 1939)	'巨大的'	11730
10924	(83, 85)	'SU'	11731
10925	(12190, 2174)	' figures'	11732
10926	(531, 12735)	'生涯'	11733
10927	(1020, 12707)	" i'm"	11734
10928	(1743, 152)	' ዘ'	11735
10929	(567, 181)	'వ'	11736
10930	(3093, 12554)	'皮肤'	11737
10931	(779, 418)	'外国'	11738
10932	(598, 1052)	'高水'	11739
10933	(4446, 396)	'领导人'	11741
10934	(712, 721)	'进球'	11742
10935	(2494, 176)	' İ'	11743
10936	(2325, 783)	'依法'	11745
10937	(12432, 746)	' mistake'	11746
10938	(3179, 180)	'해'	11747
10939	(1087, 6599)	'感兴趣'	11748
10940	(3567, 330)	' reportedly'	11749
10941	(460, 587)	'这也'	11750
10942	(2233, 12154)	' effects'	11751
10943	(2023, 121)	' busy'	11753
10944	(3276, 1536)	'魔术'	11754
10945	(390, 270)	' Mat'	11756
10946	(3341, 69)	'ORE'	11757
10947	(1886, 937)	' retire'	11758
10948	(694, 133)	'ළ'	11759
10949	(968, 6933)	' gradu'	11760
10950	(315, 4086)	' gift'	11761
10951	(1163, 1390)	'安装'	11762
10952	(376, 397)	' Cur'	11763
10953	(376, 925)	' Care'	11764
10954	(12693, 2331)	' television'	11765
10955	(700, 500)	'на'	11766
10956	(484, 2722)	'出版'	11767
10957	(12748, 181)	'鐵'	11768
10958	(109, 1386)	'mates'	11769
10959	(298, 185)	'兹'	11770
10960	(4241, 12174)	'熟悉'	11771
10961	(285, 523)	' mel'	11772
10962	(2970, 164)	'্ত'	11773
10963	(468, 270)	' Wat'	11774
10964	(1594, 2209)	' index'	11775
10965	(468, 300)	' Was'	11776
10966	(12518, 282)	' housing'	11777
10967	(3593, 3817)	' quarterback'	11778
10968	(1564, 132)	' ф'	11779
10969	(3502, 176)	'ார'	11780
10970	(7471, 4081)	'覆盖'	11781
10971	(32, 5384)	' 户型'	11782
10972	(313, 258)	' nin'	11783
10973	(1775, 1095)	'希尔'	11784
10974	(277, 12116)	' county'	11785
10975	(588, 267)	'pper'	11786
10976	(2303, 12716)	' capacity'	11787
10977	(45, 71)	'-G'	11788
10978	(280, 102)	'isf'	11789
10979	(12053, 284)	' moves'	11791
10980	(629, 368)	' trig'	11792
10981	(290, 2071)	' dị'	11793
10982	(892, 978)	'队员'	11794
10983	(1346, 426)	'十年'	11795
10984	(861, 695)	'司机'	11796
10985	(108, 2423)	'lines'	11797
10986	(489, 267)	' jer'	11798
10987	(2421, 185)	'اع'	11799
10988	(5261, 6878)	' ਹੈ'	11800
10989	(271, 2512)	'的要求'	11801
10990	(112, 600)	'part'	11802
10991	(784, 333)	' agent'	11803
10992	(708, 12690)	' Kevin'	11804
10993	(32, 3480)	' 推荐'	11805
10994	(2805, 3009)	' protection'	11806
10995	(332, 1364)	' reform'	11807
10996	(347, 533)	'ados'	11808
10997	(378, 1264)	'season'	11809
10998	(1222, 381)	' server'	11810
10999	(1279, 4063)	' everybody'	11811
11000	(1806, 121)	'phy'	11812
11001	(389, 377)	'中有'	11813
11002	(881, 396)	'一个人'	11814
11003	(1553, 1177)	'效率'	11815
11004	(12002, 128)	'攀'	11816
11005	(542, 484)	'发出'	11817
11006	(795, 147)	'こ'	11818
11007	(1081, 100)	'əd'	11819
11008	(1196, 817)	'注重'	11820
11009	(2065, 1165)	' annoy'	11821
11010	(2114, 706)	' се'	11822
11011	(501, 3056)	' sharing'	11823
11012	(1375, 2762)	'欧赔'	11824
11013	(6064, 330)	' allegedly'	11825
11014	(3768, 3185)	'的新闻'	11826
11015	(2842, 635)	' advoc'	11827
11016	(1549, 1951)	' assets'	11828
11017	(874, 802)	'两名'	11829
11018	(2573, 168)	'ాన'	11830
11019	(336, 145)	'绑'	11831
11020	(468, 745)	' Wind'	11832
11021	(484, 531)	'出生'	11833
11022	(335, 1431)	'一张'	11834
11023	(292, 502)	'aland'	11835
11024	(1816, 267)	' greater'	11836
11025	(5824, 2208)	' prepared'	11837
11026	(45, 57)	'-9'	11838
11027	(99, 282)	'cing'	11839
11028	(677, 724)	'将其'	11840
11029	(3396, 4511)	'欧洲央行'	11841
11030	(3879, 1352)	'休息'	11842
11031	(32, 3603)	' era'	11843
11032	(624, 2767)	'اق'	11844
11033	(1199, 783)	'做法'	11845
11034	(485, 169)	'浩'	11846
11035	(3036, 996)	' Beach'	11847
11036	(966, 278)	'icken'	11848
11037	(1200, 737)	'代理'	11849
11038	(3030, 3030)	'谢谢'	11850
11039	(841, 54)	' 36'	11851
11040	(105, 300)	'ias'	11852
11041	(287, 263)	'arre'	11853
11042	(271, 4811)	'的东西'	11855
11043	(1118, 6236)	'强劲'	11856
11044	(387, 189)	'徽'	11857
11045	(12350, 950)	' Associated'	11859
11046	(350, 131)	'乃'	11861
11047	(1178, 7702)	' background'	11863
11048	(5491, 497)	' circum'	11864
11049	(856, 128)	'ቀ'	11865
11050	(1576, 1579)	'太空'	11866
11051	(65, 71)	'AG'	11867
11052	(2210, 1712)	' की'	11868
11053	(5044, 3230)	b'\x84\xe1\x80\xba\xe1\x80\xb8\xe1\x80'	11869
11054	(2678, 12791)	'威胁'	11870
11055	(12653, 378)	' false'	11871
11056	(4072, 286)	' suggested'	11872
11057	(4225, 3230)	b'\xe1\x80\xb1\xe1\x80\xb8\xe1\x80'	11873
11058	(4666, 140)	'貌'	11874
11059	(1827, 3054)	'今年以来'	11875
11060	(939, 166)	'啦'	11876
11061	(68, 101)	'De'	11877
11062	(1346, 1678)	'十足'	11878
11063	(1718, 1335)	' Week'	11879
11064	(1656, 2466)	' regional'	11880
11065	(1803, 115)	' subs'	11881
11066	(459, 156)	'關'	11882
11067	(690, 1940)	'产权'	11883
11068	(121, 121)	'yy'	11884
11069	(2158, 115)	'ields'	11885
11070	(3481, 111)	' Two'	11886
11071	(1568, 782)	'集体'	11887
11072	(399, 1737)	'大学生'	11888
11073	(638, 115)	' Os'	11889
11074	(1534, 760)	'几天'	11890
11075	(265, 483)	'onest'	11891
11076	(1657, 115)	' ends'	11892
11077	(108, 1114)	'lọ'	11893
11078	(283, 286)	' ped'	11894
11079	(624, 2809)	'اف'	11895
11080	(661, 536)	'用地'	11896
11081	(416, 12755)	' Brazil'	11897
11082	(32, 12734)	' 样板间'	11898
11083	(2460, 5232)	'武侠'	11899
11084	(618, 300)	'allas'	11900
11085	(6631, 903)	'陷入'	11901
11086	(317, 100)	' Id'	11902
11087	(3440, 7230)	'震荡'	11903
11088	(4400, 2033)	' denied'	11904
11089	(271, 3014)	'的个人'	11905
11090	(1474, 2102)	'传奇'	11906
11091	(12544, 12637)	' psych'	11908
11092	(5143, 347)	' squad'	11909
11093	(1541, 656)	'运作'	11910
11094	(285, 12257)	' migr'	11911
11095	(374, 1142)	'unning'	11912
11096	(5186, 4514)	'した'	11913
11097	(1124, 1004)	'ду'	11914
11098	(389, 791)	'中间'	11915
11099	(122, 122)	'zz'	11916
11100	(45, 3402)	'-of'	11917
11101	(55, 1154)	'720'	11918
11102	(12590, 5820)	' fantastic'	11919
11103	(1369, 121)	'ucky'	11920
11104	(1543, 292)	' coal'	11921
11105	(12713, 273)	' mechan'	11922
11106	(461, 597)	' Home'	11923
11107	(6951, 190)	'蕾'	11924
11108	(276, 319)	' ble'	11925
11109	(691, 620)	'面前'	11926
11110	(4673, 12136)	' Security'	11927
11111	(2168, 164)	'్త'	11928
11112	(859, 177)	'柱'	11929
11113	(2986, 1005)	'穿着'	11930
11114	(69, 100)	'Ed'	11931
11115	(573, 490)	'多家'	11932
11116	(1043, 535)	'让我'	11933
11117	(312, 180)	'宴'	11934
11118	(531, 1794)	'生存'	11935
11119	(288, 104)	' oh'	11936
11120	(605, 111)	'endo'	11938
11121	(32, 12811)	' 地图搜索'	11939
11122	(1924, 2948)	'nergy'	11940
11123	(256, 1318)	' tank'	11941
11124	(632, 282)	'orting'	11942
11125	(1465, 151)	b' \xec\x97'	11943
11126	(2461, 178)	'ਾਲ'	11944
11127	(1825, 344)	' Show'	11945
11128	(2696, 2463)	'补充'	11946
11129	(1492, 53)	' 75'	11947
11130	(2063, 1237)	' curious'	11948
11131	(276, 265)	' bon'	11949
11132	(372, 258)	'imin'	11950
11133	(1600, 3008)	'连败'	11951
11134	(467, 160)	' Р'	11952
11135	(76, 89)	'LY'	11953
11136	(433, 3333)	' rising'	11954
11137	(462, 767)	' Div'	11955
11138	(277, 2917)	' có'	11956
11139	(795, 134)	'う'	11957
11140	(2191, 115)	' signs'	11958
11141	(1543, 623)	' coast'	11959
11142	(12063, 640)	'velopment'	11960
11143	(6274, 282)	' regarding'	11961
11144	(2683, 286)	' listed'	11962
11145	(276, 1891)	' banks'	11963
11146	(638, 108)	' Ol'	11964
11147	(267, 1870)	'erves'	11965
11148	(12761, 5119)	' Subscribe'	11966
11149	(626, 156)	'ਜ'	11967
11150	(1718, 12020)	" We're"	11968
11151	(614, 97)	'ista'	11970
11152	(12651, 2930)	'漂亮'	11971
11153	(1311, 537)	'每日'	11972
11154	(414, 172)	'抬'	11973
11155	(5475, 284)	' types'	11974
11156	(1120, 1299)	'设立'	11975
11157	(1006, 457)	'angers'	11976
11158	(68, 759)	'Dep'	11977
11159	(416, 331)	' Bet'	11978
11160	(32, 2255)	' ş'	11979
11161	(416, 382)	' Bir'	11980
11162	(1148, 1442)	'回升'	11981
11163	(583, 174)	'ሮ'	11982
11164	(901, 791)	'区间'	11983
11165	(645, 3560)	'ож'	11984
11166	(5252, 770)	'混合'	11985
11167	(65, 70)	'AF'	11986
11168	(12752, 121)	' surgery'	11987
11169	(283, 417)	' pil'	11988
11170	(4955, 1025)	'成交量'	11989
11171	(315, 6136)	' giant'	11990
11172	(1720, 12180)	' carried'	11991
11173	(277, 475)	' core'	11992
11174	(12700, 1584)	' Eagles'	11993
11175	(1037, 258)	'ordin'	11994
11176	(468, 327)	' Way'	11995
11177	(4489, 2262)	'து'	11996
11178	(1650, 1922)	' useful'	11997
11179	(83, 1521)	'Since'	11998
11180	(332, 2978)	' rent'	11999
11181	(638, 2978)	' Ont'	12000
11182	(3634, 115)	' guns'	12001
11183	(233, 138)	b'\xe9\x8a'	12002
11184	(4756, 135)	'崇'	12003
11185	(1566, 169)	'ラ'	12004
11186	(1113, 12643)	'英格兰'	12005
11187	(553, 12333)	'可谓'	12006
11188	(290, 1686)	' dé'	12008
11189	(12567, 267)	' lawyer'	12009
11190	(114, 274)	'rit'	12010
11191	(1050, 319)	' tele'	12011
11192	(2820, 1072)	' hitting'	12012
11193	(615, 177)	'ự'	12013
11194	(644, 160)	'肠'	12014
11195	(635, 831)	'ocial'	12015
11196	(487, 12492)	'opefully'	12016
11197	(257, 1900)	' aka'	12017
11198	(784, 422)	' agus'	12018
11199	(7175, 3915)	'亏损'	12019
11200	(1929, 12780)	'.SATURDAY'	12021
11201	(2595, 1491)	' breaking'	12022
11202	(2269, 492)	' Indust'	12023
11203	(2352, 1025)	'尽量'	12024
11204	(32, 12781)	' 相册'	12025
11205	(2061, 143)	'魏'	12026
11206	(3095, 427)	'基本上'	12027
11207	(3443, 716)	'互动'	12028
11208	(335, 349)	'一是'	12029
11209	(83, 83)	'SS'	12030
11210	(1569, 185)	'犹'	12031
11211	(2534, 870)	'激情'	12032
11212	(298, 169)	'兩'	12033
11213	(447, 189)	'陽'	12034
11214	(67, 77)	'CM'	12035
11215	(102, 115)	'fs'	12036
11216	(12325, 12491)	' documents'	12037
11217	(232, 154)	b'\xe8\x9a'	12038
11218	(2549, 2246)	'密切'	12039
11219	(84, 5520)	'Two'	12040
11220	(1667, 2832)	' smoke'	12041
11221	(209, 132)	'ф'	12042
11222	(45, 82)	'-R'	12043
11223	(12715, 4957)	'橱柜'	12044
11224	(974, 149)	'糕'	12045
11225	(441, 4059)	' koj'	12046
11226	(12778, 704)	'俱乐部'	12047
11227	(105, 483)	'iest'	12048
11228	(1044, 3045)	'信托'	12049
11229	(3065, 1142)	' warning'	12050
11230	(518, 779)	'对外'	12051
11231	(278, 105)	'eni'	12052
11232	(489, 1019)	' jail'	12053
11233	(536, 570)	'地下'	12054
11234	(438, 181)	'牵'	12055
11235	(420, 98)	' web'	12056
11236	(481, 163)	'臣'	12057
11237	(108, 1069)	'look'	12058
11238	(281, 1208)	' fish'	12059
11239	(1136, 1206)	'该片'	12060
11240	(377, 1941)	'有什么'	12061
11241	(1391, 924)	'流通'	12062
11242	(5166, 1789)	'另一方面'	12063
11243	(594, 271)	'市的'	12064
11244	(1102, 12617)	' Institute'	12065
11245	(484, 4453)	'出色的'	12066
11246	(97, 111)	'ao'	12067
11247	(317, 12772)	' Ireland'	12068
11248	(528, 12754)	' Liverpool'	12069
11249	(2323, 162)	'าย'	12070
11250	(505, 183)	' ط'	12071
11251	(472, 180)	'琴'	12072
11252	(554, 830)	'分数'	12073
11253	(4094, 904)	'竟然'	12074
11254	(2842, 983)	' advance'	12076
11255	(1260, 1590)	'各类'	12077
11256	(388, 132)	'弄'	12078
11257	(3197, 678)	' sucks'	12080
11258	(116, 321)	'tion'	12081
11259	(315, 606)	' gear'	12082
11260	(1346, 399)	'十大'	12083
11261	(258, 12139)	'initely'	12084
11262	(335, 2142)	'一边'	12085
11263	(1017, 448)	' resol'	12086
11264	(399, 399)	'大大'	12087
11265	(1208, 97)	'isha'	12088
11266	(83, 672)	'Same'	12089
11267	(12525, 101)	' taste'	12090
11268	(1553, 1085)	'效应'	12091
11269	(118, 115)	'vs'	12092
11270	(484, 2472)	'出来的'	12093
11271	(567, 166)	'ద'	12094
11272	(1115, 1840)	'受益'	12095
11273	(5733, 1551)	' animals'	12096
11274	(118, 280)	'vis'	12097
11275	(1972, 282)	' marketing'	12098
11276	(12478, 640)	' segment'	12099
11277	(4484, 286)	' voted'	12100
11278	(1469, 2472)	'未来的'	12101
11279	(2723, 1167)	' factors'	12102
11280	(544, 150)	'颖'	12103
11281	(1528, 685)	'反而'	12104
11282	(1130, 2091)	'打算'	12105
11283	(264, 12775)	' sudden'	12106
11284	(583, 138)	'ሊ'	12107
11285	(2913, 523)	'aniel'	12108
11286	(2744, 614)	' artist'	12109
11287	(12384, 331)	' ticket'	12110
11288	(1017, 99)	' resc'	12111
11289	(114, 300)	'ras'	12112
11290	(1148, 517)	'回来'	12113
11291	(497, 115)	'ums'	12114
11292	(2192, 891)	'百万'	12115
11293	(352, 99)	'acc'	12116
11294	(997, 4063)	' nobody'	12117
11295	(1911, 3230)	b'\xe1\x80\xba\xe1\x80\xb8\xe1\x80'	12118
11296	(1759, 271)	'银行的'	12119
11297	(433, 422)	' rus'	12120
11298	(3352, 1150)	' sentence'	12121
11299	(136, 152)	b'\x88\x98'	12122
11300	(568, 1062)	'成果'	12123
11301	(1260, 1419)	'各项'	12124
11302	(109, 327)	'may'	12125
11303	(1999, 136)	'慈'	12126
11304	(461, 12771)	' Houston'	12128
11305	(2938, 2069)	' facility'	12129
11306	(1171, 107)	' seek'	12130
11307	(12671, 282)	' subscribing'	12131
11308	(553, 1526)	'可爱'	12132
11309	(433, 803)	' rich'	12133
11310	(384, 1097)	' stress'	12134
11311	(2326, 12260)	'夫妻'	12135
11312	(1149, 282)	' acting'	12136
11313	(505, 186)	' غ'	12137
11314	(960, 168)	'የ'	12138
11315	(653, 844)	'开心'	12139
11316	(12010, 147)	'墓'	12140
11317	(12685, 396)	'嫌疑人'	12141
11318	(1133, 176)	' ર'	12142
11319	(66, 79)	'BO'	12143
11320	(1130, 834)	'打工'	12144
11321	(45, 110)	'-n'	12145
11322	(281, 448)	' fol'	12146
11323	(5108, 4469)	'官方网站'	12147
11324	(3640, 116)	' joint'	12148
11325	(4661, 286)	' linked'	12149
11326	(12719, 2021)	'允许'	12150
11327	(109, 12231)	'mitted'	12151
11328	(1691, 12718)	' impressive'	12152
11329	(665, 174)	'炮'	12153
11330	(376, 627)	' Card'	12154
11331	(6698, 12093)	' holiday'	12155
11332	(572, 178)	'哲'	12156
11333	(104, 121)	'hy'	12157
11334	(485, 133)	'浅'	12158
11335	(1149, 275)	' actor'	12159
11336	(12023, 12032)	'ometimes'	12160
11337	(709, 858)	' spell'	12161
11338	(389, 702)	'中美'	12162
11339	(1096, 5320)	'近年来'	12163
11340	(1566, 187)	'・'	12164
11341	(518, 3439)	'对阵'	12165
11342	(910, 1107)	'事务'	12166
11343	(83, 79)	'SO'	12167
11344	(579, 634)	' alive'	12168
11345	(56, 49)	'81'	12169
11346	(664, 3469)	' university'	12170
11347	(32, 4196)	' ре'	12171
11348	(2276, 1031)	'招商'	12172
11349	(283, 775)	' pra'	12173
11350	(1566, 171)	'ル'	12174
11351	(4662, 273)	' loan'	12175
11352	(65, 86)	'AV'	12176
11353	(235, 12803)	'라'	12177
11354	(392, 172)	'衬'	12179
11355	(1436, 56)	'2018'	12180
11356	(2718, 440)	' generation'	12181
11357	(841, 52)	' 34'	12182
11358	(893, 476)	' enem'	12183
11359	(2992, 603)	b'\xe0\xab\x80\xe0\xaa'	12184
11360	(762, 500)	'та'	12185
11361	(864, 604)	'更新'	12186
11362	(1393, 576)	'教学'	12189
11363	(612, 12744)	' Jordan'	12190
11364	(468, 2405)	' Where'	12191
11365	(537, 5895)	'日上午'	12192
11366	(1076, 531)	'女生'	12193
11367	(3967, 173)	'維'	12194
11368	(348, 147)	'卓'	12195
11369	(4587, 4587)	'慢慢'	12196
11370	(1095, 900)	'尔斯'	12197
11371	(5803, 4863)	' Japanese'	12199
11372	(682, 12587)	' upcoming'	12200
11373	(1371, 188)	'疼'	12201
11374	(451, 12783)	'和谐'	12202
11375	(861, 783)	'司法'	12203
11376	(2537, 704)	'教育部'	12204
11377	(679, 174)	'妮'	12205
11378	(283, 292)	' pal'	12206
11379	(271, 760)	'的天'	12207
11380	(99, 5516)	'craft'	12208
11381	(768, 2786)	'实木'	12209
11382	(864, 2490)	'更好的'	12210
11383	(3766, 1079)	'偏股'	12211
11384	(12594, 797)	'感光度'	12212
11385	(3464, 1431)	'扩张'	12213
11386	(1148, 4227)	'回归'	12214
11387	(604, 876)	'新基金'	12215
11388	(946, 12037)	' herself'	12216
11389	(2596, 1153)	' ته'	12217
11390	(399, 4246)	'大概'	12218
11391	(655, 161)	'郡'	12219
11392	(73, 86)	'IV'	12220
11393	(232, 164)	b'\xe8\xa4'	12221
11394	(1804, 286)	' owned'	12222
11395	(982, 51)	'2003'	12223
11396	(1113, 12797)	'英镑'	12224
11397	(7084, 403)	' faith'	12225
11398	(399, 573)	'大多'	12226
11399	(649, 565)	'过于'	12227
11400	(12632, 12806)	'中華人民共和國'	12228
11401	(1133, 172)	' બ'	12229
11402	(3477, 1579)	'航空'	12230
11403	(417, 109)	'ilm'	12231
11404	(234, 12669)	'기'	12233
11405	(274, 366)	"it's"	12234
11406	(1503, 12174)	'获悉'	12236
11407	(2701, 286)	'apped'	12237
11408	(481, 130)	'臂'	12238
11409	(3467, 267)	' younger'	12239
11410	(1343, 770)	'整合'	12240
11411	(531, 1885)	'生态'	12241
11412	(5448, 12597)	' battery'	12242
11413	(1059, 344)	'ollow'	12243
11414	(384, 1369)	' stuck'	12244
11415	(404, 191)	'寿'	12245
11416	(356, 1827)	'在今年'	12246
11417	(907, 327)	' pray'	12247
11418	(3507, 2203)	'ති'	12249
11419	(1973, 1154)	' 2020'	12250
11420	(1522, 1403)	'优质'	12251
11421	(821, 2194)	' arms'	12252
11422	(1601, 1369)	' struck'	12253
11423	(9585, 1652)	'John'	12254
11424	(4033, 623)	' Coast'	12255
11425	(1674, 1617)	'采购'	12256
11426	(2161, 1255)	'龙头'	12257
11427	(368, 103)	'igg'	12259
11428	(585, 320)	' Est'	12260
11429	(2715, 2721)	' standards'	12261
11430	(7257, 950)	' repeated'	12262
11431	(3529, 330)	' Only'	12263
11432	(376, 12792)	' Cleveland'	12264
11433	(416, 12665)	' Business'	12266
11434	(4192, 1166)	'顶级'	12267
11435	(2117, 115)	' heads'	12268
11436	(389, 1457)	'中共'	12269
11437	(12592, 818)	'的可能性'	12270
11438	(999, 448)	' Vol'	12271
11439	(826, 5015)	' climate'	12272
11440	(1543, 45)	' co-'	12273
11441	(1020, 107)	' ik'	12274
11442	(1087, 5362)	'感染'	12275
11443	(283, 300)	' pas'	12276
11444	(577, 149)	'க'	12277
11445	(2284, 134)	'ац'	12278
11446	(649, 517)	'过来'	12279
11447	(2368, 1628)	'否则'	12280
11448	(296, 105)	' hi'	12281
11449	(3010, 335)	'最后一'	12282
11450	(462, 374)	' Dun'	12283
11451	(2715, 115)	' stands'	12284
11452	(87, 300)	'Was'	12285
11453	(4021, 983)	' appearance'	12287
11454	(649, 271)	'过的'	12288
11455	(325, 105)	'idi'	12289
11456	(841, 55)	' 37'	12290
11457	(4634, 282)	' wondering'	12291
11458	(372, 292)	'imal'	12292
11459	(614, 1895)	'istics'	12293
11460	(2988, 6638)	' receiving'	12294
11461	(5214, 531)	'毕业生'	12295
11462	(1220, 2027)	'想象'	12296
11463	(919, 910)	'赛事'	12297
11464	(934, 1097)	' express'	12298
11465	(12577, 1074)	' comfortable'	12299
11466	(385, 356)	'不在'	12300
11467	(622, 161)	'渡'	12301
11468	(582, 888)	' liber'	12302
11469	(787, 142)	'胎'	12303
11470	(2410, 3795)	'显示屏'	12304
11471	(68, 6465)	'Damn'	12305
11472	(653, 6620)	'开拓'	12306
11473	(371, 137)	'杉'	12307
11474	(466, 779)	'以外'	12308
11475	(273, 122)	'anz'	12309
11476	(1015, 271)	'式的'	12310
11477	(891, 6753)	'万吨'	12311
11478	(5212, 465)	'暂时'	12312
11479	(346, 12647)	' ongoing'	12313
11480	(907, 258)	' prin'	12314
11481	(1133, 168)	' ન'	12316
11482	(284, 104)	'esh'	12317
11483	(81, 81)	'QQ'	12318
11484	(419, 857)	'为此'	12319
11485	(81, 117)	'Qu'	12320
11486	(700, 3135)	'ня'	12321
11487	(80, 71)	'PG'	12322
11488	(2874, 1039)	'房地产市场'	12324
11489	(270, 2497)	'atically'	12325
11490	(12789, 12702)	'矛盾'	12326
11491	(12814, 1422)	'奥巴马'	12328
11492	(5292, 3044)	'ਤੇ'	12329
11493	(116, 119)	'tw'	12330
11494	(961, 724)	'及其'	12331
11495	(12701, 12540)	' researchers'	12332
11496	(256, 405)	' till'	12333
11497	(384, 1014)	' storm'	12334
11498	(3317, 1744)	'ના'	12335
11499	(5829, 1142)	' turning'	12336
11500	(103, 672)	'game'	12337
11501	(826, 12277)	' clients'	12338
11502	(270, 287)	'atar'	12339
11503	(907, 780)	' prime'	12340
11504	(1603, 1276)	' consult'	12341
11505	(2668, 986)	' shitty'	12342
11506	(301, 185)	'夹'	12343
11507	(385, 1417)	'不可能'	12344
11508	(544, 136)	'颈'	12345
11509	(4156, 634)	'gressive'	12346
11510	(342, 623)	' east'	12347
11511	(1108, 2809)	' اف'	12348
11512	(83, 674)	'Sure'	12349
11513	(857, 584)	'此后'	12350
11514	(484, 547)	'出场'	12351
11515	(7686, 5362)	'污染'	12352
11516	(3548, 191)	'鸿'	12353
11517	(4489, 12232)	'த்த'	12354
11518	(1757, 1268)	'转变'	12355
11519	(1185, 5856)	'联邦'	12356
11520	(506, 138)	'削'	12357
11521	(1368, 111)	'iko'	12358
11522	(6111, 146)	'→'	12359
11523	(591, 1770)	' button'	12360
11524	(109, 111)	'mo'	12361
11525	(575, 112)	'resp'	12362
11526	(12692, 132)	'도'	12363
11527	(4523, 282)	'edding'	12364
11528	(1076, 1463)	'女友'	12365
11529	(3855, 624)	' را'	12366
11530	(80, 69)	'PE'	12368
11531	(3254, 1349)	'饰演'	12369
11532	(4975, 121)	' copy'	12370
11533	(8021, 640)	' announcement'	12371
11534	(1618, 271)	'问题的'	12372
11535	(4322, 108)	' Chel'	12373
11536	(396, 782)	'人体'	12375
11537	(258, 12555)	'instein'	12376
11538	(347, 267)	'ader'	12377
11539	(1786, 3394)	' earned'	12378
11540	(2552, 811)	' parking'	12379
11541	(398, 108)	'kel'	12380
11542	(375, 67)	' AC'	12381
11543	(12017, 12648)	' becomes'	12382
11544	(3040, 1449)	'春节'	12383
11545	(1280, 768)	'证实'	12384
11546	(607, 273)	'ghan'	12385
11547	(256, 117)	' tu'	12386
11548	(119, 121)	'wy'	12387
11549	(12676, 2724)	' Francisco'	12388
11550	(927, 284)	'izes'	12389
11551	(706, 935)	'ес'	12390
11552	(395, 2054)	'了很多'	12391
11553	(1291, 598)	'较高'	12392
11554	(385, 1220)	'不想'	12393
11555	(296, 351)	' ham'	12394
11556	(2249, 267)	' harder'	12395
11557	(2319, 176)	'ிர'	12396
11558	(655, 129)	'郁'	12397
11559	(2766, 1521)	' Prince'	12398
11560	(271, 4088)	'的作用'	12399
11561	(375, 12286)	' According'	12400
11562	(3943, 282)	' falling'	12401
11563	(820, 1275)	'很少'	12402
11564	(5388, 2027)	'迹象'	12403
11565	(3291, 2733)	' patient'	12404
11566	(1112, 145)	'淑'	12405
11567	(736, 7517)	' Under'	12406
11568	(2584, 599)	'ини'	12407
11569	(7263, 1058)	'新华网'	12409
11570	(80, 108)	'Pl'	12410
11571	(7940, 950)	' estimated'	12411
11572	(644, 191)	'肿'	12412
11573	(488, 1128)	' Nov'	12413
11574	(664, 97)	' una'	12414
11575	(1465, 167)	b' \xec\xa7'	12415
11576	(12733, 440)	' Foundation'	12416
11577	(558, 189)	'辽'	12417
11578	(2029, 1403)	'材质'	12418
11579	(12739, 100)	' Ltd'	12419
11580	(1920, 4770)	'便宜'	12420
11581	(412, 178)	'進'	12421
11582	(271, 1599)	'的企业'	12422
11583	(592, 2753)	'公牛'	12423
11584	(871, 139)	'ோ'	12424
11585	(651, 1197)	'主管'	12425
11586	(98, 2935)	'bury'	12426
11587	(4207, 1517)	'佛山'	12427
11588	(582, 101)	' lie'	12428
11589	(2495, 321)	'ception'	12429
11590	(12760, 440)	' Corporation'	12430
11591	(45, 263)	'-re'	12431
11592	(277, 600)	' cart'	12432
11593	(285, 632)	' mort'	12433
11594	(535, 1860)	'我认为'	12434
11595	(1393, 1643)	'教师'	12435
11596	(343, 163)	'劣'	12436
11597	(902, 271)	'房的'	12437
11598	(684, 2165)	' allowing'	12438
11599	(12039, 2436)	' talked'	12439
11600	(5012, 152)	'ој'	12440
11601	(832, 824)	'یر'	12441
11602	(6652, 2427)	'屬於'	12442
11603	(620, 3727)	'前锋'	12443
11604	(727, 547)	'全场'	12444
11605	(3332, 286)	' recorded'	12445
11606	(12801, 3491)	'ቸው'	12446
11607	(3411, 330)	'Only'	12448
11608	(390, 12793)	' Miami'	12449
11609	(2325, 4575)	'依旧'	12450
11610	(539, 292)	' Gal'	12451
11611	(536, 3148)	'地铁'	12452
11612	(428, 173)	'彭'	12453
11613	(276, 284)	' bes'	12454
11614	(4484, 457)	' voters'	12455
11615	(553, 1736)	'可见'	12456
11616	(1140, 177)	'驱'	12457
11617	(1187, 609)	'weight'	12458
11618	(890, 141)	'積'	12459
11619	(3510, 7371)	'伦敦'	12460
11620	(400, 137)	'奉'	12461
11621	(4188, 141)	' ግ'	12462
11622	(433, 344)	' row'	12463
11623	(12687, 3611)	'葡萄牙'	12464
11624	(12725, 330)	'sembly'	12465
11625	(101, 319)	'ele'	12466
11626	(784, 8602)	' agencies'	12467
11627	(332, 1479)	' reli'	12468
11628	(1040, 282)	' knowing'	12469
11629	(4354, 493)	'赶到'	12470
11630	(2236, 108)	' discl'	12471
11631	(3384, 1344)	'瑞士'	12472
11632	(12131, 286)	' produced'	12473
11633	(5947, 950)	' treated'	12474
11634	(61, 61)	'=='	12475
11635	(332, 906)	' react'	12476
11636	(5326, 2331)	' division'	12477
11637	(12360, 884)	'known'	12478
11638	(4601, 330)	' fairly'	12479
11639	(12737, 172)	'리'	12480
11640	(921, 165)	'祥'	12481
11641	(786, 187)	'姻'	12482
11642	(112, 1622)	'person'	12483
11643	(909, 868)	' manage'	12484
11644	(1026, 134)	'框'	12485
11645	(3303, 12738)	' marriage'	12486
11646	(2938, 5489)	' facilities'	12487
11647	(78, 4118)	'Nope'	12488
11648	(2449, 1636)	'修改'	12489
11649	(3829, 5095)	'嘉宾'	12490
11650	(2415, 405)	' skill'	12491
11651	(1839, 164)	'撤'	12492
11652	(2612, 547)	'卖场'	12493
11653	(1657, 282)	' ending'	12494
11654	(489, 382)	' jir'	12495
11655	(447, 181)	'陵'	12496
11656	(2100, 834)	'施工'	12497
11657	(2084, 275)	' governor'	12498
11658	(6376, 12087)	'UNDAY'	12499
11659	(5118, 2696)	'替补'	12500
11660	(1564, 133)	' х'	12501
11661	(70, 114)	'Fr'	12502
11662	(102, 618)	'fall'	12503
11663	(287, 111)	'aro'	12504
11664	(1123, 423)	' 400'	12505
11665	(527, 284)	' notes'	12507
11666	(2911, 349)	'应该是'	12508
11667	(838, 161)	'锡'	12509
11668	(461, 2693)	' Harr'	12510
11669	(3055, 12447)	' experienced'	12511
11670	(118, 111)	'vo'	12512
11671	(128, 1911)	b'\x80\xe1\x80\xba\xe1\x80'	12513
11672	(2980, 876)	'指数基金'	12514
11673	(285, 2241)	' mari'	12515
11674	(233, 179)	b'\xe9\xb3'	12516
11675	(5055, 356)	'两队在'	12517
11676	(270, 263)	'atre'	12518
11677	(844, 870)	'心情'	12519
11678	(680, 535)	'自我'	12520
11679	(3552, 7837)	' Management'	12521
11680	(528, 741)	' Long'	12522
11681	(83, 67)	'SC'	12523
11682	(1187, 331)	'weet'	12524
11683	(353, 72)	' SH'	12525
11684	(2146, 846)	'适当'	12526
11685	(1528, 518)	'反对'	12527
11686	(1246, 1495)	'专户'	12529
11687	(965, 576)	'化学'	12530
11688	(2079, 3815)	'研究报告'	12531
11689	(1777, 456)	' drag'	12532
11690	(12662, 6744)	'했다'	12533
11691	(12343, 1152)	' applications'	12534
11692	(2895, 526)	'飞行'	12535
11693	(1478, 870)	'热情'	12536
11694	(489, 630)	' jack'	12537
11695	(863, 128)	'紀'	12538
11696	(265, 99)	'onc'	12539
11697	(398, 759)	'keep'	12540
11698	(46, 112)	'.p'	12541
11699	(896, 432)	' acce'	12542
11700	(1148, 1085)	'回应'	12543
11701	(505, 181)	' ص'	12544
11702	(322, 182)	'श'	12545
11703	(12203, 282)	' ruling'	12546
11704	(500, 1967)	'аз'	12547
11705	(1505, 3106)	' remaining'	12548
11706	(338, 189)	'幽'	12549
11707	(320, 3744)	'stances'	12550
11708	(507, 351)	' Fam'	12551
11709	(1316, 3468)	'推出的'	12552
11710	(1148, 4999)	'回暖'	12553
11711	(906, 330)	'actly'	12554
11712	(276, 12345)	' banned'	12556
11713	(1489, 624)	' کا'	12557
11714	(45, 68)	'-D'	12558
11715	(2731, 401)	' Spec'	12559
11716	(3171, 1049)	'登记'	12561
11717	(452, 167)	'歧'	12562
11718	(776, 561)	'但他'	12563
11719	(1245, 701)	'ildren'	12564
11720	(567, 159)	'ట'	12565
11721	(815, 163)	'廣'	12566
11722	(12572, 818)	'流动性'	12567
11723	(719, 97)	'uba'	12568
11724	(1478, 1176)	'热门'	12569
11725	(1061, 1415)	'西亚'	12570
11726	(1159, 2154)	'总额'	12571
11727	(382, 986)	'irty'	12572
11728	(1773, 12777)	' YouTube'	12573
11729	(1227, 97)	'oola'	12574
11730	(467, 157)	' Н'	12575
11731	(2195, 115)	' keeps'	12576
11732	(2375, 723)	' edge'	12577
11733	(369, 2466)	'utional'	12578
11734	(865, 1793)	'三角'	12579
11735	(1522, 4145)	'优雅'	12580
11736	(934, 12730)	' expansion'	12581
11737	(69, 110)	'En'	12582
11738	(6630, 801)	' birthday'	12583
11739	(71, 1110)	'Great'	12584
11740	(615, 169)	'ứ'	12585
11741	(316, 149)	'吕'	12586
11742	(4114, 1095)	'塞尔'	12587
11743	(1135, 599)	'ки'	12588
11744	(536, 744)	'地说'	12589
11745	(2471, 3756)	' democr'	12590
11746	(664, 1848)	' units'	12591
11747	(896, 12766)	' acknow'	12592
11748	(5000, 271)	'真正的'	12593
11749	(2452, 12763)	'眼睛'	12594
11750	(2133, 108)	' confl'	12595
11751	(541, 6924)	' franch'	12596
11752	(3060, 149)	'ిక'	12597
11753	(934, 4882)	' expressed'	12598
11754	(874, 1034)	'两种'	12599
11755	(133, 429)	b'\x85\xe1\x80'	12600
11756	(568, 1373)	'成像'	12601
11757	(83, 267)	'Ser'	12602
11758	(2788, 12020)	"They're"	12603
11759	(6738, 1230)	'倾向'	12604
11760	(32, 1032)	' ug'	12605
11761	(494, 347)	' Rad'	12606
11762	(1423, 399)	'四大'	12607
11763	(102, 448)	'fol'	12608
11764	(570, 335)	'下一'	12609
11765	(114, 275)	'ror'	12610
11766	(118, 108)	'vl'	12611
11767	(4516, 330)	' entirely'	12612
11768	(712, 1648)	'进步'	12613
11769	(1936, 395)	'成为了'	12614
11770	(461, 374)	' Hun'	12615
11771	(3065, 3394)	' warned'	12616
11772	(664, 101)	' une'	12617
11773	(50, 1428)	'250'	12618
11774	(1926, 4883)	'bridge'	12619
11775	(71, 78)	'GN'	12620
11776	(1777, 12140)	' drinking'	12621
11777	(115, 259)	'she'	12622
11778	(5765, 950)	'related'	12623
11779	(12774, 4844)	' Arizona'	12624
11780	(107, 114)	'kr'	12625
11781	(45, 801)	'-day'	12627
11782	(517, 3096)	'来讲'	12628
11783	(2319, 169)	'ின'	12630
11784	(104, 287)	'har'	12631
11785	(1047, 1774)	' scale'	12632
11786	(335, 1789)	'一方面'	12633
11787	(4005, 395)	'取得了'	12634
11788	(393, 144)	'盐'	12635
11789	(679, 150)	'妖'	12636
11790	(12490, 674)	' manufacture'	12637
11791	(4041, 1391)	'潮流'	12638
11792	(662, 517)	'本来'	12639
11793	(352, 105)	'aci'	12640
11794	(353, 1883)	' See'	12641
11795	(800, 7464)	'次助攻'	12642
11796	(229, 151)	b'\xe5\x97'	12643
11797	(2283, 111)	' memo'	12644
11798	(3654, 5353)	'手机网游'	12645
11799	(396, 1540)	'人气'	12646
11800	(3337, 440)	' operation'	12647
11801	(863, 154)	'級'	12648
11802	(390, 1681)	' Max'	12649
11803	(441, 4675)	' kuma'	12650
11804	(6060, 121)	'ography'	12651
11805	(82, 77)	'RM'	12652
11806	(5733, 292)	' animal'	12653
11807	(5503, 172)	'瞬'	12654
11808	(584, 2278)	'后卫'	12655
11809	(12750, 7483)	' Taylor'	12656
11810	(1636, 1385)	'改造'	12657
11811	(421, 171)	'贫'	12658
11812	(1757, 2757)	'转移'	12659
11813	(923, 2712)	' images'	12660
11814	(688, 163)	'侣'	12661
11815	(2353, 990)	'福建'	12662
11816	(470, 46)	' 1.'	12663
11817	(5627, 103)	'burg'	12664
11818	(3142, 422)	' Plus'	12665
11819	(771, 189)	'揽'	12666
11820	(12311, 284)	' pieces'	12667
11821	(2115, 843)	'ना'	12668
11822	(1795, 177)	'饱'	12669
11823	(4658, 767)	' motiv'	12670
11824	(235, 160)	b'\xeb\xa0'	12671
11825	(4410, 565)	'相当于'	12672
11826	(1563, 170)	'溪'	12673
11827	(1289, 271)	'线的'	12674
11828	(2283, 1320)	' memory'	12675
11829	(316, 138)	'吊'	12676
11830	(399, 1100)	'大战'	12677
11831	(944, 183)	'爷'	12678
11832	(6353, 4613)	' Turkey'	12679
11833	(651, 5571)	'主帅'	12680
11834	(951, 356)	'并在'	12681
11835	(7645, 5464)	'ੂੰ'	12682
11836	(6466, 2479)	'ారు'	12683
11837	(274, 1167)	'itors'	12684
11838	(2738, 282)	' developing'	12685
11839	(4048, 516)	' debate'	12686
11840	(942, 356)	'我们在'	12687
11841	(770, 1401)	'合约'	12688
11842	(768, 661)	'实用'	12689
11843	(435, 278)	' Pen'	12690
11844	(649, 395)	'过了'	12691
11845	(396, 531)	'人生'	12692
11846	(586, 165)	' थ'	12693
11847	(2959, 632)	' Report'	12694
11848	(2930, 808)	'亮点'	12695
11849	(1345, 167)	'ầ'	12696
11850	(1738, 1135)	'ык'	12697
11851	(785, 182)	'當'	12698
11852	(724, 800)	'其次'	12699
11853	(1102, 12831)	' Invalid'	12700
11854	(856, 177)	'ቱ'	12701
11855	(1651, 51)	'1.3'	12702
11856	(991, 1878)	'保罗'	12703
11857	(3765, 2125)	'革命'	12704
11858	(608, 2416)	' plane'	12705
11859	(317, 775)	' Ira'	12706
11860	(286, 101)	'ede'	12707
11861	(2823, 292)	' metal'	12708
11862	(271, 1723)	'的确'	12709
11863	(1800, 12813)	' Alabama'	12710
11864	(1017, 614)	' resist'	12711
11865	(4336, 1400)	'Another'	12712
11866	(568, 271)	'成的'	12713
11867	(419, 2860)	'为止'	12714
11868	(82, 609)	'Right'	12715
11869	(2294, 12439)	' collabor'	12716
11870	(908, 3295)	'特征'	12717
11871	(3920, 12749)	'凯尔特'	12718
11872	(587, 637)	'也就'	12719
11873	(593, 529)	' chain'	12720
11874	(329, 307)	'otic'	12721
11875	(1610, 136)	'計'	12723
11876	(1710, 1025)	'容量'	12724
11877	(353, 497)	' Sum'	12725
11878	(1249, 1334)	'取胜'	12726
11879	(769, 12810)	'好莱坞'	12727
11880	(411, 158)	'庞'	12728
11881	(472, 188)	'琼'	12729
11882	(98, 292)	'bal'	12730
11883	(7690, 110)	'lynn'	12731
11884	(507, 632)	' Fort'	12732
11885	(315, 2887)	' gym'	12733
11886	(362, 144)	'伐'	12734
11887	(2180, 155)	'葛'	12735
11888	(818, 1001)	'性格'	12736
11889	(12368, 4428)	' schedule'	12737
11890	(3018, 2162)	' نے'	12738
11891	(563, 159)	'ট'	12739
11892	(1310, 12417)	' supporters'	12740
11893	(662, 1030)	'本文'	12741
11894	(461, 329)	' Hot'	12742
11895	(1682, 347)	' Brad'	12744
11896	(322, 143)	'ए'	12745
11897	(858, 111)	'ello'	12746
11898	(5696, 267)	' consumer'	12747
11899	(821, 430)	' arch'	12748
11900	(1356, 674)	' secure'	12749
11901	(7707, 140)	' Ọ'	12750
11902	(408, 309)	' whom'	12751
11903	(604, 598)	'新高'	12752
11904	(1645, 7765)	' minimum'	12753
11905	(4635, 12346)	'Reuters'	12754
11906	(870, 396)	'情人'	12755
11907	(2775, 4136)	' positions'	12756
11908	(604, 2409)	'新兴'	12757
11909	(2292, 1095)	'索尔'	12758
11910	(2493, 1008)	' Class'	12759
11911	(2572, 490)	'独家'	12760
11912	(754, 1703)	'加速'	12761
11913	(760, 570)	'天下'	12762
11914	(1250, 344)	' blow'	12763
11915	(276, 258)	' bin'	12764
11916	(5072, 2251)	'ታት'	12765
11917	(12101, 12085)	'ို'	12766
11918	(1229, 146)	'粒'	12767
11919	(8051, 3282)	' behavior'	12768
11920	(795, 160)	'だ'	12769
11921	(2406, 6438)	'-to-'	12770
11922	(416, 1753)	' Both'	12771
11923	(2626, 645)	' до'	12772
11924	(542, 1151)	'发达'	12773
11925	(4689, 2835)	'怀疑'	12774
11926	(1113, 1398)	'英超'	12775
11927	(3976, 2860)	'截止'	12776
11928	(6722, 12826)	' Charlottesville'	12777
11929	(589, 7118)	' exhib'	12778
11930	(488, 966)	' Nick'	12779
11931	(374, 3282)	'unior'	12780
11932	(368, 101)	'ige'	12781
11933	(12829, 1583)	'安东尼'	12782
11934	(1250, 672)	' blame'	12783
11935	(663, 1461)	'得知'	12784
11936	(1205, 12839)	'东莞'	12785
11937	(3027, 2222)	' cerem'	12786
11938	(2596, 824)	' تر'	12787
11939	(1864, 282)	' reporting'	12788
11940	(3347, 2296)	'朝阳'	12789
11941	(98, 448)	'bol'	12790
11942	(2133, 2844)	' confused'	12791
11943	(932, 1498)	'投票'	12792
11944	(12800, 1791)	'与此同时'	12793
11945	(80, 77)	'PM'	12794
11946	(4372, 627)	' Guard'	12795
11947	(542, 1367)	'发放'	12796
11948	(991, 1166)	'保级'	12797
11949	(369, 430)	'utch'	12798
11950	(2898, 422)	' campus'	12799
11951	(1121, 3836)	'收藏'	12800
11952	(3383, 1065)	'异常'	12801
11953	(4090, 1104)	'ları'	12802
11954	(1540, 1894)	'气候'	12803
11955	(5487, 614)	' racist'	12804
11956	(1125, 2430)	'周围'	12805
11957	(488, 275)	' Nor'	12806
11958	(4404, 112)	' Corp'	12807
11959	(12666, 164)	'들'	12808
11960	(554, 271)	'分的'	12809
11961	(427, 570)	'上下'	12810
11962	(100, 105)	'di'	12811
11963	(84, 2414)	'TON'	12812
11964	(3217, 1852)	' kuwa'	12814
11965	(1468, 716)	'带动'	12815
11966	(12393, 321)	' religion'	12816
11967	(587, 2540)	'也不会'	12817
11968	(12537, 1150)	' influence'	12818
11969	(715, 138)	'谊'	12819
11970	(700, 2080)	'ні'	12820
11971	(593, 3744)	' chances'	12821
11972	(3247, 1967)	' из'	12822
11973	(2601, 356)	'一直在'	12823
11974	(276, 2611)	' bike'	12824
11975	(271, 1961)	'的第一'	12825
11976	(576, 559)	'学金'	12826
11977	(2414, 12087)	'ONDAY'	12827
11978	(645, 2187)	'ой'	12828
11979	(70, 1369)	'Fuck'	12829
11980	(32, 219)	b' \xdb'	12830
11981	(6166, 180)	' 이'	12831
11982	(2732, 132)	'蓄'	12832
11983	(838, 144)	'锐'	12833
11984	(416, 270)	' Bat'	12834
11985	(291, 107)	' tok'	12835
11986	(109, 1077)	'mond'	12836
11987	(1063, 101)	'obe'	12837
11988	(276, 1614)	' bath'	12838
11989	(342, 105)	' ei'	12840
11990	(1275, 426)	'少年'	12841
11991	(265, 2887)	'onym'	12842
11992	(12746, 7920)	' exclusive'	12843
11993	(2153, 179)	'傳'	12844
11994	(313, 275)	' nor'	12845
11995	(98, 401)	'bec'	12846
11996	(-1, -1)	'<_EOS_>'	-1
11997	(-1, -1)	'<_SOS_>'	-1
11998	(-1, -1)	'<_SEP_>'	-1
11999	(-1, -1)	'<_PAD_>'	-1
