0	(-1, -1)	b'\x00'	-1
1	(-1, -1)	b'\x01'	-1
2	(-1, -1)	b'\x02'	-1
3	(-1, -1)	b'\x03'	-1
4	(-1, -1)	b'\x04'	-1
5	(-1, -1)	b'\x05'	-1
6	(-1, -1)	b'\x06'	-1
7	(-1, -1)	b'\x07'	-1
8	(-1, -1)	b'\x08'	-1
9	(-1, -1)	b'\t'	-1
10	(-1, -1)	b'\n'	-1
11	(-1, -1)	b'\x0b'	-1
12	(-1, -1)	b'\x0c'	-1
13	(-1, -1)	b'\r'	-1
14	(-1, -1)	b'\x0e'	-1
15	(-1, -1)	b'\x0f'	-1
16	(-1, -1)	b'\x10'	-1
17	(-1, -1)	b'\x11'	-1
18	(-1, -1)	b'\x12'	-1
19	(-1, -1)	b'\x13'	-1
20	(-1, -1)	b'\x14'	-1
21	(-1, -1)	b'\x15'	-1
22	(-1, -1)	b'\x16'	-1
23	(-1, -1)	b'\x17'	-1
24	(-1, -1)	b'\x18'	-1
25	(-1, -1)	b'\x19'	-1
26	(-1, -1)	b'\x1a'	-1
27	(-1, -1)	b'\x1b'	-1
28	(-1, -1)	b'\x1c'	-1
29	(-1, -1)	b'\x1d'	-1
30	(-1, -1)	b'\x1e'	-1
31	(-1, -1)	b'\x1f'	-1
32	(-1, -1)	' '	-1
33	(-1, -1)	'!'	-1
34	(-1, -1)	'"'	-1
35	(-1, -1)	'#'	-1
36	(-1, -1)	'$'	-1
37	(-1, -1)	'%'	-1
38	(-1, -1)	'&'	-1
39	(-1, -1)	"'"	-1
40	(-1, -1)	'('	-1
41	(-1, -1)	')'	-1
42	(-1, -1)	'*'	-1
43	(-1, -1)	'+'	-1
44	(-1, -1)	','	-1
45	(-1, -1)	'-'	-1
46	(-1, -1)	'.'	-1
47	(-1, -1)	'/'	-1
48	(-1, -1)	'0'	-1
49	(-1, -1)	'1'	-1
50	(-1, -1)	'2'	-1
51	(-1, -1)	'3'	-1
52	(-1, -1)	'4'	-1
53	(-1, -1)	'5'	-1
54	(-1, -1)	'6'	-1
55	(-1, -1)	'7'	-1
56	(-1, -1)	'8'	-1
57	(-1, -1)	'9'	-1
58	(-1, -1)	':'	-1
59	(-1, -1)	';'	-1
60	(-1, -1)	'<'	-1
61	(-1, -1)	'='	-1
62	(-1, -1)	'>'	-1
63	(-1, -1)	'?'	-1
64	(-1, -1)	'@'	-1
65	(-1, -1)	'A'	-1
66	(-1, -1)	'B'	-1
67	(-1, -1)	'C'	-1
68	(-1, -1)	'D'	-1
69	(-1, -1)	'E'	-1
70	(-1, -1)	'F'	-1
71	(-1, -1)	'G'	-1
72	(-1, -1)	'H'	-1
73	(-1, -1)	'I'	-1
74	(-1, -1)	'J'	-1
75	(-1, -1)	'K'	-1
76	(-1, -1)	'L'	-1
77	(-1, -1)	'M'	-1
78	(-1, -1)	'N'	-1
79	(-1, -1)	'O'	-1
80	(-1, -1)	'P'	-1
81	(-1, -1)	'Q'	-1
82	(-1, -1)	'R'	-1
83	(-1, -1)	'S'	-1
84	(-1, -1)	'T'	-1
85	(-1, -1)	'U'	-1
86	(-1, -1)	'V'	-1
87	(-1, -1)	'W'	-1
88	(-1, -1)	'X'	-1
89	(-1, -1)	'Y'	-1
90	(-1, -1)	'Z'	-1
91	(-1, -1)	'['	-1
92	(-1, -1)	'\\'	-1
93	(-1, -1)	']'	-1
94	(-1, -1)	'^'	-1
95	(-1, -1)	'_'	-1
96	(-1, -1)	'`'	-1
97	(-1, -1)	'a'	-1
98	(-1, -1)	'b'	-1
99	(-1, -1)	'c'	-1
100	(-1, -1)	'd'	-1
101	(-1, -1)	'e'	-1
102	(-1, -1)	'f'	-1
103	(-1, -1)	'g'	-1
104	(-1, -1)	'h'	-1
105	(-1, -1)	'i'	-1
106	(-1, -1)	'j'	-1
107	(-1, -1)	'k'	-1
108	(-1, -1)	'l'	-1
109	(-1, -1)	'm'	-1
110	(-1, -1)	'n'	-1
111	(-1, -1)	'o'	-1
112	(-1, -1)	'p'	-1
113	(-1, -1)	'q'	-1
114	(-1, -1)	'r'	-1
115	(-1, -1)	's'	-1
116	(-1, -1)	't'	-1
117	(-1, -1)	'u'	-1
118	(-1, -1)	'v'	-1
119	(-1, -1)	'w'	-1
120	(-1, -1)	'x'	-1
121	(-1, -1)	'y'	-1
122	(-1, -1)	'z'	-1
123	(-1, -1)	'{'	-1
124	(-1, -1)	'|'	-1
125	(-1, -1)	'}'	-1
126	(-1, -1)	'~'	-1
127	(-1, -1)	'\x7f'	-1
128	(-1, -1)	b'\x80'	-1
129	(-1, -1)	b'\x81'	-1
130	(-1, -1)	b'\x82'	-1
131	(-1, -1)	b'\x83'	-1
132	(-1, -1)	b'\x84'	-1
133	(-1, -1)	b'\x85'	-1
134	(-1, -1)	b'\x86'	-1
135	(-1, -1)	b'\x87'	-1
136	(-1, -1)	b'\x88'	-1
137	(-1, -1)	b'\x89'	-1
138	(-1, -1)	b'\x8a'	-1
139	(-1, -1)	b'\x8b'	-1
140	(-1, -1)	b'\x8c'	-1
141	(-1, -1)	b'\x8d'	-1
142	(-1, -1)	b'\x8e'	-1
143	(-1, -1)	b'\x8f'	-1
144	(-1, -1)	b'\x90'	-1
145	(-1, -1)	b'\x91'	-1
146	(-1, -1)	b'\x92'	-1
147	(-1, -1)	b'\x93'	-1
148	(-1, -1)	b'\x94'	-1
149	(-1, -1)	b'\x95'	-1
150	(-1, -1)	b'\x96'	-1
151	(-1, -1)	b'\x97'	-1
152	(-1, -1)	b'\x98'	-1
153	(-1, -1)	b'\x99'	-1
154	(-1, -1)	b'\x9a'	-1
155	(-1, -1)	b'\x9b'	-1
156	(-1, -1)	b'\x9c'	-1
157	(-1, -1)	b'\x9d'	-1
158	(-1, -1)	b'\x9e'	-1
159	(-1, -1)	b'\x9f'	-1
160	(-1, -1)	b'\xa0'	-1
161	(-1, -1)	b'\xa1'	-1
162	(-1, -1)	b'\xa2'	-1
163	(-1, -1)	b'\xa3'	-1
164	(-1, -1)	b'\xa4'	-1
165	(-1, -1)	b'\xa5'	-1
166	(-1, -1)	b'\xa6'	-1
167	(-1, -1)	b'\xa7'	-1
168	(-1, -1)	b'\xa8'	-1
169	(-1, -1)	b'\xa9'	-1
170	(-1, -1)	b'\xaa'	-1
171	(-1, -1)	b'\xab'	-1
172	(-1, -1)	b'\xac'	-1
173	(-1, -1)	b'\xad'	-1
174	(-1, -1)	b'\xae'	-1
175	(-1, -1)	b'\xaf'	-1
176	(-1, -1)	b'\xb0'	-1
177	(-1, -1)	b'\xb1'	-1
178	(-1, -1)	b'\xb2'	-1
179	(-1, -1)	b'\xb3'	-1
180	(-1, -1)	b'\xb4'	-1
181	(-1, -1)	b'\xb5'	-1
182	(-1, -1)	b'\xb6'	-1
183	(-1, -1)	b'\xb7'	-1
184	(-1, -1)	b'\xb8'	-1
185	(-1, -1)	b'\xb9'	-1
186	(-1, -1)	b'\xba'	-1
187	(-1, -1)	b'\xbb'	-1
188	(-1, -1)	b'\xbc'	-1
189	(-1, -1)	b'\xbd'	-1
190	(-1, -1)	b'\xbe'	-1
191	(-1, -1)	b'\xbf'	-1
192	(-1, -1)	b'\xc0'	-1
193	(-1, -1)	b'\xc1'	-1
194	(-1, -1)	b'\xc2'	-1
195	(-1, -1)	b'\xc3'	-1
196	(-1, -1)	b'\xc4'	-1
197	(-1, -1)	b'\xc5'	-1
198	(-1, -1)	b'\xc6'	-1
199	(-1, -1)	b'\xc7'	-1
200	(-1, -1)	b'\xc8'	-1
201	(-1, -1)	b'\xc9'	-1
202	(-1, -1)	b'\xca'	-1
203	(-1, -1)	b'\xcb'	-1
204	(-1, -1)	b'\xcc'	-1
205	(-1, -1)	b'\xcd'	-1
206	(-1, -1)	b'\xce'	-1
207	(-1, -1)	b'\xcf'	-1
208	(-1, -1)	b'\xd0'	-1
209	(-1, -1)	b'\xd1'	-1
210	(-1, -1)	b'\xd2'	-1
211	(-1, -1)	b'\xd3'	-1
212	(-1, -1)	b'\xd4'	-1
213	(-1, -1)	b'\xd5'	-1
214	(-1, -1)	b'\xd6'	-1
215	(-1, -1)	b'\xd7'	-1
216	(-1, -1)	b'\xd8'	-1
217	(-1, -1)	b'\xd9'	-1
218	(-1, -1)	b'\xda'	-1
219	(-1, -1)	b'\xdb'	-1
220	(-1, -1)	b'\xdc'	-1
221	(-1, -1)	b'\xdd'	-1
222	(-1, -1)	b'\xde'	-1
223	(-1, -1)	b'\xdf'	-1
224	(-1, -1)	b'\xe0'	-1
225	(-1, -1)	b'\xe1'	-1
226	(-1, -1)	b'\xe2'	-1
227	(-1, -1)	b'\xe3'	-1
228	(-1, -1)	b'\xe4'	-1
229	(-1, -1)	b'\xe5'	-1
230	(-1, -1)	b'\xe6'	-1
231	(-1, -1)	b'\xe7'	-1
232	(-1, -1)	b'\xe8'	-1
233	(-1, -1)	b'\xe9'	-1
234	(-1, -1)	b'\xea'	-1
235	(-1, -1)	b'\xeb'	-1
236	(-1, -1)	b'\xec'	-1
237	(-1, -1)	b'\xed'	-1
238	(-1, -1)	b'\xee'	-1
239	(-1, -1)	b'\xef'	-1
240	(-1, -1)	b'\xf0'	-1
241	(-1, -1)	b'\xf1'	-1
242	(-1, -1)	b'\xf2'	-1
243	(-1, -1)	b'\xf3'	-1
244	(-1, -1)	b'\xf4'	-1
245	(-1, -1)	b'\xf5'	-1
246	(-1, -1)	b'\xf6'	-1
247	(-1, -1)	b'\xf7'	-1
248	(-1, -1)	b'\xf8'	-1
249	(-1, -1)	b'\xf9'	-1
250	(-1, -1)	b'\xfa'	-1
251	(-1, -1)	b'\xfb'	-1
252	(-1, -1)	b'\xfc'	-1
253	(-1, -1)	b'\xfd'	-1
254	(-1, -1)	b'\xfe'	-1
255	(-1, -1)	b'\xff'	-1
256	(32, 116)	' t'	256
257	(32, 97)	' a'	257
258	(104, 101)	'he'	258
259	(105, 110)	'in'	259
260	(239, 188)	b'\xef\xbc'	260
261	(228, 184)	b'\xe4\xb8'	261
262	(114, 101)	're'	262
263	(32, 115)	' s'	263
264	(111, 110)	'on'	264
265	(256, 258)	' the'	265
266	(260, 140)	'，'	266
267	(101, 114)	'er'	267
268	(32, 119)	' w'	268
269	(97, 116)	'at'	269
270	(111, 117)	'ou'	270
271	(105, 116)	'it'	271
272	(97, 110)	'an'	272
273	(111, 114)	'or'	273
274	(227, 128)	b'\xe3\x80'	274
275	(32, 99)	' c'	275
276	(32, 98)	' b'	276
277	(101, 110)	'en'	277
278	(105, 115)	'is'	278
279	(231, 154)	b'\xe7\x9a'	279
280	(279, 132)	'的'	280
281	(32, 102)	' f'	281
282	(259, 103)	'ing'	282
283	(101, 115)	'es'	283
284	(32, 112)	' p'	284
285	(228, 186)	b'\xe4\xba'	285
286	(32, 109)	' m'	286
287	(32, 111)	' o'	287
288	(101, 100)	'ed'	288
289	(257, 110)	' an'	289
290	(97, 108)	'al'	290
291	(97, 114)	'ar'	291
292	(32, 100)	' d'	292
293	(256, 111)	' to'	293
294	(32, 104)	' h'	294
295	(274, 130)	'。'	295
296	(230, 156)	b'\xe6\x9c'	296
297	(32, 259)	' in'	297
298	(256, 104)	' th'	298
299	(287, 102)	' of'	299
300	(97, 115)	'as'	300
301	(32, 108)	' l'	301
302	(229, 143)	b'\xe5\x8f'	302
303	(289, 100)	' and'	303
304	(228, 187)	b'\xe4\xbb'	304
305	(105, 99)	'ic'	305
306	(229, 164)	b'\xe5\xa4'	306
307	(229, 133)	b'\xe5\x85'	307
308	(111, 109)	'om'	308
309	(108, 108)	'll'	309
310	(32, 110)	' n'	310
311	(32, 103)	' g'	311
312	(230, 152)	b'\xe6\x98'	312
313	(32, 73)	' I'	313
314	(229, 156)	b'\xe5\x9c'	314
315	(108, 101)	'le'	315
316	(105, 264)	'ion'	316
317	(232, 191)	b'\xe8\xbf'	317
318	(115, 116)	'st'	318
319	(118, 101)	've'	319
320	(229, 136)	b'\xe5\x88'	320
321	(32, 121)	' y'	321
322	(108, 121)	'ly'	322
323	(228, 189)	b'\xe4\xbd'	323
324	(229, 174)	b'\xe5\xae'	324
325	(111, 116)	'ot'	325
326	(229, 144)	b'\xe5\x90'	326
327	(101, 116)	'et'	327
328	(32, 262)	' re'	328
329	(277, 116)	'ent'	329
330	(32, 101)	' e'	330
331	(105, 100)	'id'	331
332	(230, 136)	b'\xe6\x88'	332
333	(312, 175)	'是'	333
334	(111, 119)	'ow'	334
335	(97, 121)	'ay'	335
336	(276, 101)	' be'	336
337	(229, 176)	b'\xe5\xb0'	337
338	(32, 278)	' is'	338
339	(261, 128)	'一'	339
340	(226, 128)	b'\xe2\x80'	340
341	(228, 185)	b'\xe4\xb9'	341
342	(32, 264)	' on'	342
343	(97, 99)	'ac'	343
344	(321, 270)	' you'	344
345	(97, 100)	'ad'	345
346	(32, 271)	' it'	346
347	(231, 148)	b'\xe7\x94'	347
348	(97, 109)	'am'	348
349	(229, 185)	b'\xe5\xb9'	349
350	(229, 155)	b'\xe5\x9b'	350
351	(114, 111)	'ro'	351
352	(32, 84)	' T'	352
353	(298, 269)	' that'	353
354	(230, 151)	b'\xe6\x97'	354
355	(230, 150)	b'\xe6\x96'	355
356	(281, 273)	' for'	356
357	(117, 116)	'ut'	357
358	(115, 101)	'se'	358
359	(105, 109)	'im'	359
360	(229, 141)	b'\xe5\x8d'	360
361	(232, 175)	b'\xe8\xaf'	361
362	(32, 83)	' S'	362
363	(108, 100)	'ld'	363
364	(105, 103)	'ig'	364
365	(231, 187)	b'\xe7\xbb'	365
366	(32, 117)	' u'	366
367	(229, 138)	b'\xe5\x8a'	367
368	(118, 267)	'ver'	368
369	(32, 65)	' A'	369
370	(261, 141)	'不'	370
371	(263, 116)	' st'	371
372	(32, 258)	' he'	372
373	(314, 168)	'在'	373
374	(39, 115)	"'s"	374
375	(105, 114)	'ir'	375
376	(229, 173)	b'\xe5\xad'	376
377	(224, 164)	b'\xe0\xa4'	377
378	(296, 137)	'有'	378
379	(32, 67)	' C'	379
380	(101, 99)	'ec'	380
381	(285, 186)	'人'	381
382	(228, 188)	b'\xe4\xbc'	382
383	(229, 184)	b'\xe5\xb8'	383
384	(230, 157)	b'\xe6\x9d'	384
385	(229, 190)	b'\xe5\xbe'	385
386	(285, 134)	'了'	386
387	(233, 135)	b'\xe9\x87'	387
388	(232, 174)	b'\xe8\xae'	388
389	(107, 101)	'ke'	389
390	(274, 129)	'、'	390
391	(117, 114)	'ur'	391
392	(271, 104)	'ith'	392
393	(229, 165)	b'\xe5\xa5'	393
394	(111, 111)	'oo'	394
395	(32, 77)	' M'	395
396	(230, 137)	b'\xe6\x89'	396
397	(268, 104)	' wh'	397
398	(261, 173)	'中'	398
399	(268, 392)	' with'	399
400	(105, 309)	'ill'	400
401	(116, 267)	'ter'	401
402	(229, 135)	b'\xe5\x87'	402
403	(294, 97)	' ha'	403
404	(268, 101)	' we'	404
405	(229, 183)	b'\xe5\xb7'	405
406	(99, 104)	'ch'	406
407	(105, 108)	'il'	407
408	(269, 316)	'ation'	408
409	(232, 128)	b'\xe8\x80'	409
410	(99, 101)	'ce'	410
411	(229, 188)	b'\xe5\xbc'	411
412	(270, 116)	'out'	412
413	(306, 167)	'大'	413
414	(110, 100)	'nd'	414
415	(257, 115)	' as'	415
416	(105, 102)	'if'	416
417	(232, 161)	b'\xe8\xa1'	418
418	(32, 114)	' r'	419
419	(231, 155)	b'\xe7\x9b'	420
420	(32, 66)	' B'	421
421	(349, 180)	'年'	422
422	(232, 181)	b'\xe8\xb5'	423
423	(268, 300)	' was'	424
424	(111, 108)	'ol'	425
425	(229, 175)	b'\xe5\xaf'	426
426	(229, 186)	b'\xe5\xba'	427
427	(46, 46)	'..'	428
428	(261, 186)	'为'	429
429	(32, 80)	' P'	430
430	(257, 262)	' are'	431
431	(229, 134)	b'\xe5\x86'	432
432	(231, 142)	b'\xe7\x8e'	433
433	(350, 189)	'国'	434
434	(233, 128)	b'\xe9\x80'	435
435	(50, 48)	'20'	436
436	(258, 114)	'her'	437
437	(97, 103)	'ag'	438
438	(257, 116)	' at'	439
439	(111, 112)	'op'	440
440	(229, 140)	b'\xe5\x8c'	441
441	(111, 262)	'ore'	442
442	(32, 107)	' k'	443
443	(117, 110)	'un'	444
444	(267, 115)	'ers'	445
445	(101, 109)	'em'	446
446	(232, 167)	b'\xe8\xa7'	447
447	(39, 116)	"'t"	448
448	(231, 137)	b'\xe7\x89'	449
449	(261, 170)	'个'	450
450	(364, 104)	'igh'	451
451	(230, 138)	b'\xe6\x8a'	452
452	(332, 145)	'我'	453
453	(261, 138)	'上'	454
454	(231, 167)	b'\xe7\xa7'	455
455	(270, 363)	'ould'	456
456	(32, 72)	' H'	457
457	(229, 146)	b'\xe5\x92'	458
458	(229, 189)	b'\xe5\xbd'	459
459	(32, 49)	' 1'	460
460	(403, 319)	' have'	461
461	(230, 128)	b'\xe6\x80'	462
462	(32, 87)	' W'	463
463	(117, 318)	'ust'	464
464	(114, 105)	'ri'	465
465	(275, 264)	' con'	466
466	(283, 116)	'est'	467
467	(230, 149)	b'\xe6\x95'	468
468	(117, 108)	'ul'	469
469	(317, 153)	'这'	470
470	(117, 115)	'us'	471
471	(99, 116)	'ct'	472
472	(32, 68)	' D'	473
473	(230, 160)	b'\xe6\xa0'	474
474	(230, 173)	b'\xe6\xad'	475
475	(232, 180)	b'\xe8\xb4'	476
476	(231, 156)	b'\xe7\x9c'	477
477	(116, 104)	'th'	478
478	(263, 104)	' sh'	479
479	(272, 100)	'and'	480
480	(229, 177)	b'\xe5\xb1'	481
481	(97, 98)	'ab'	482
482	(310, 325)	' not'	483
483	(457, 140)	'和'	484
484	(117, 109)	'um'	485
485	(32, 106)	' j'	486
486	(269, 101)	'ate'	487
487	(275, 308)	' com'	488
488	(230, 148)	b'\xe6\x94'	489
489	(112, 112)	'pp'	490
490	(263, 101)	' se'	491
491	(97, 259)	'ain'	492
492	(232, 135)	b'\xe8\x87'	493
493	(310, 101)	' ne'	494
494	(116, 115)	'ts'	495
495	(32, 273)	' or'	496
496	(233, 153)	b'\xe9\x99'	497
497	(292, 111)	' do'	498
498	(233, 151)	b'\xe9\x97'	499
499	(284, 351)	' pro'	500
500	(32, 78)	' N'	501
501	(304, 165)	'以'	502
502	(229, 145)	b'\xe5\x91'	503
503	(32, 82)	' R'	504
504	(283, 115)	'ess'	505
505	(101, 108)	'el'	506
506	(340, 156)	'“'	507
507	(114, 308)	'rom'	508
508	(340, 157)	'”'	509
509	(32, 70)	' F'	510
510	(230, 139)	b'\xe6\x8b'	511
511	(229, 142)	b'\xe5\x8e'	512
512	(111, 115)	'os'	513
513	(230, 178)	b'\xe6\xb2'	514
514	(290, 322)	'ally'	515
515	(231, 186)	b'\xe7\xba'	516
516	(298, 278)	' this'	517
517	(229, 191)	b'\xe5\xbf'	518
518	(32, 118)	' v'	519
519	(229, 147)	b'\xe5\x93'	520
520	(260, 154)	'：'	521
521	(263, 117)	' su'	522
522	(352, 258)	' The'	523
523	(32, 224)	b' \xe0'	524
524	(354, 182)	'时'	525
525	(233, 157)	b'\xe9\x9d'	526
526	(230, 176)	b'\xe6\xb0'	527
527	(230, 179)	b'\xe6\xb3'	528
528	(231, 144)	b'\xe7\x90'	529
529	(330, 120)	' ex'	530
530	(301, 105)	' li'	531
531	(270, 114)	'our'	532
532	(324, 182)	'家'	533
533	(230, 181)	b'\xe6\xb5'	534
534	(32, 76)	' L'	535
535	(230, 175)	b'\xe6\xaf'	536
536	(32, 71)	' G'	537
537	(292, 101)	' de'	538
538	(382, 154)	'会'	539
539	(320, 176)	'到'	540
540	(232, 166)	b'\xe8\xa6'	541
541	(113, 117)	'qu'	542
542	(257, 108)	' al'	543
543	(276, 357)	' but'	544
544	(384, 165)	'来'	545
545	(402, 186)	'出'	546
546	(272, 116)	'ant'	547
547	(229, 137)	b'\xe5\x89'	548
548	(262, 115)	'res'	549
549	(308, 101)	'ome'	550
550	(103, 104)	'gh'	551
551	(230, 172)	b'\xe6\xac'	552
552	(278, 116)	'ist'	553
553	(225, 128)	b'\xe1\x80'	554
554	(275, 272)	' can'	555
555	(347, 159)	'生'	556
556	(275, 104)	' ch'	557
557	(32, 69)	' E'	558
558	(48, 48)	'00'	559
559	(229, 159)	b'\xe5\x9f'	560
560	(230, 131)	b'\xe6\x83'	561
561	(354, 165)	'日'	562
562	(281, 507)	' from'	563
563	(232, 12000)	'能'	564
564	(110, 116)	'nt'	565
565	(540, 129)	'要'	566
566	(450, 116)	'ight'	567
567	(97, 107)	'ak'	568
568	(84, 258)	'The'	569
569	(257, 98)	' ab'	570
570	(277, 100)	'end'	571
571	(286, 101)	' me'	572
572	(105, 319)	'ive'	573
573	(284, 108)	' pl'	574
574	(271, 121)	'ity'	575
575	(101, 291)	'ear'	576
576	(263, 111)	' so'	577
577	(290, 108)	'all'	578
578	(291, 116)	'art'	579
579	(97, 112)	'ap'	580
580	(260, 159)	'？'	581
581	(314, 176)	'地'	582
582	(337, 177)	'就'	583
583	(233, 152)	b'\xe9\x98'	584
584	(304, 150)	'他'	585
585	(230, 158)	b'\xe6\x9e'	586
586	(425, 185)	'对'	587
587	(276, 121)	' by'	588
588	(302, 175)	'可'	589
589	(265, 121)	' they'	590
590	(291, 100)	'ard'	591
591	(109, 329)	'ment'	592
592	(107, 115)	'ks'	593
593	(256, 114)	' tr'	594
594	(417, 140)	'行'	595
595	(306, 154)	'多'	596
596	(233, 129)	b'\xe9\x81'	597
597	(228, 191)	b'\xe4\xbf'	598
598	(111, 318)	'ost'	599
599	(230, 142)	b'\xe6\x8e'	600
600	(263, 97)	' sa'	601
601	(105, 283)	'ies'	602
602	(341, 159)	'也'	603
603	(232, 190)	b'\xe8\xbe'	604
604	(270, 550)	'ough'	605
605	(300, 116)	'ast'	606
606	(273, 116)	'ort'	607
607	(230, 132)	b'\xe6\x84'	608
608	(285, 142)	'于'	609
609	(376, 166)	'学'	610
610	(380, 116)	'ect'	611
611	(111, 100)	'od'	612
612	(233, 162)	b'\xe9\xa2'	613
613	(261, 139)	'下'	614
614	(230, 140)	b'\xe6\x8c'	615
615	(296, 136)	'月'	616
616	(268, 273)	' wor'	617
617	(32, 208)	b' \xd0'	618
618	(117, 100)	'ud'	619
619	(332, 144)	'成'	620
620	(32, 74)	' J'	621
621	(320, 134)	'分'	622
622	(302, 145)	'发'	623
623	(224, 184)	b'\xe0\xb8'	624
624	(32, 79)	' O'	625
625	(323, 160)	'你'	626
626	(231, 190)	b'\xe7\xbe'	627
627	(326, 142)	'后'	628
628	(229, 166)	b'\xe5\xa6'	629
629	(348, 101)	'ame'	630
630	(105, 101)	'ie'	631
631	(257, 309)	' all'	632
632	(307, 172)	'公'	633
633	(231, 130)	b'\xe7\x82'	634
634	(229, 128)	b'\xe5\x80'	635
635	(304, 172)	'们'	636
636	(231, 173)	b'\xe7\xad'	637
637	(111, 99)	'oc'	638
638	(530, 389)	' like'	639
639	(233, 171)	b'\xe9\xab'	640
640	(262, 100)	'red'	641
641	(264, 101)	'one'	642
642	(268, 258)	' whe'	643
643	(383, 130)	'市'	644
644	(230, 184)	b'\xe6\xb8'	645
645	(263, 112)	' sp'	646
646	(208, 176)	'а'	647
647	(301, 101)	' le'	648
648	(230, 180)	b'\xe6\xb4'	649
649	(343, 107)	'ack'	650
650	(268, 400)	' will'	651
651	(385, 151)	'得'	652
652	(286, 121)	' my'	653
653	(492, 170)	'自'	654
654	(294, 300)	' has'	655
655	(344, 114)	' your'	656
656	(311, 111)	' go'	657
657	(32, 216)	b' \xd8'	658
658	(355, 185)	'方'	659
659	(233, 12000)	'都'	660
660	(639, 152)	'高'	661
661	(261, 154)	'业'	662
662	(366, 112)	' up'	663
663	(485, 463)	' just'	664
664	(394, 100)	'ood'	665
665	(32, 412)	' out'	666
666	(233, 131)	b'\xe9\x83'	667
667	(317, 135)	'过'	668
668	(230, 155)	b'\xe6\x9b'	669
669	(103, 101)	'ge'	670
670	(393, 189)	'好'	671
671	(432, 176)	'现'	672
672	(314, 186)	'场'	673
673	(331, 101)	'ide'	674
674	(547, 141)	'前'	675
675	(387, 145)	'金'	676
676	(233, 149)	b'\xe9\x95'	677
677	(261, 187)	'主'	678
678	(270, 414)	'ound'	679
679	(305, 101)	'ice'	680
680	(323, 156)	'作'	681
681	(347, 168)	'用'	682
682	(355, 176)	'新'	683
683	(259, 101)	'ine'	684
684	(296, 128)	'最'	685
685	(365, 143)	'经'	686
686	(105, 118)	'iv'	687
687	(110, 447)	"n't"	688
688	(342, 101)	' one'	689
689	(341, 136)	'么'	690
690	(231, 171)	b'\xe7\xab'	691
691	(259, 100)	'ind'	692
692	(296, 172)	'本'	693
693	(361, 180)	'说'	694
694	(294, 278)	' his'	695
695	(264, 103)	'ong'	696
696	(232, 189)	b'\xe8\xbd'	697
697	(224, 165)	b'\xe0\xa5'	698
698	(97, 389)	'ake'	699
699	(260, 137)	'）'	700
700	(268, 455)	' would'	701
701	(260, 136)	'（'	702
702	(476, 139)	'看'	703
703	(311, 327)	' get'	704
704	(102, 102)	'ff'	705
705	(231, 189)	b'\xe7\xbd'	706
706	(317, 152)	'还'	707
707	(376, 144)	'子'	708
708	(232, 130)	b'\xe8\x82'	709
709	(230, 153)	b'\xe6\x99'	710
710	(569, 412)	' about'	711
711	(232, 183)	b'\xe8\xb7'	712
712	(104, 269)	'hat'	713
713	(97, 117)	'au'	714
714	(286, 441)	' more'	716
715	(101, 112)	'ep'	717
716	(341, 139)	'之'	718
717	(32, 435)	' 20'	719
718	(230, 177)	b'\xe6\xb1'	720
719	(229, 129)	b'\xe5\x81'	721
720	(232, 139)	b'\xe8\x8b'	722
721	(305, 104)	'ich'	723
722	(600, 331)	' said'	724
723	(368, 121)	'very'	725
724	(411, 128)	'开'	726
725	(32, 85)	' U'	727
726	(117, 262)	'ure'	728
727	(231, 172)	b'\xe7\xac'	729
728	(306, 169)	'天'	730
729	(224, 166)	b'\xe0\xa6'	731
730	(232, 176)	b'\xe8\xb0'	732
731	(297, 116)	' int'	733
732	(270, 115)	'ous'	734
733	(224, 176)	b'\xe0\xb0'	735
734	(117, 99)	'uc'	736
735	(105, 97)	'ia'	737
736	(666, 168)	'部'	738
737	(105, 112)	'ip'	739
738	(228, 190)	b'\xe4\xbe'	740
739	(409, 140)	'而'	741
740	(359, 101)	'ime'	742
741	(525, 162)	'面'	743
742	(32, 32)	'  '	744
743	(259, 107)	'ink'	745
744	(32, 50)	' 2'	746
745	(116, 436)	'ther'	747
746	(626, 142)	'美'	748
747	(233, 155)	b'\xe9\x9b'	749
748	(32, 75)	' K'	750
749	(272, 115)	'ans'	751
750	(224, 174)	b'\xe0\xae'	752
751	(366, 115)	' us'	753
752	(265, 375)	' their'	754
753	(337, 143)	'小'	755
754	(114, 97)	'ra'	756
755	(225, 136)	b'\xe1\x88'	757
756	(97, 262)	'are'	758
757	(257, 100)	' ad'	759
758	(427, 46)	'...'	760
759	(32, 377)	b' \xe0\xa4'	761
760	(101, 309)	'ell'	762
761	(397, 111)	' who'	763
762	(32, 416)	' if'	764
763	(442, 110)	' kn'	765
764	(343, 116)	'act'	766
765	(105, 290)	'ial'	767
766	(232, 182)	b'\xe8\xb6'	768
767	(257, 114)	' ar'	769
768	(307, 182)	'其'	770
769	(208, 184)	'и'	771
770	(263, 549)	' some'	772
771	(326, 140)	'同'	773
772	(224, 170)	b'\xe0\xaa'	774
773	(114, 121)	'ry'	775
774	(409, 133)	'者'	776
775	(535, 148)	'比'	777
776	(527, 149)	'法'	778
777	(628, 130)	'如'	779
778	(32, 277)	' en'	780
779	(284, 101)	' pe'	781
780	(115, 111)	'so'	782
781	(233, 130)	b'\xe9\x82'	783
782	(231, 136)	b'\xe7\x88'	784
783	(275, 108)	' cl'	785
784	(513, 161)	'没'	786
785	(437, 101)	'age'	787
786	(387, 140)	'里'	788
787	(274, 139)	'》'	789
788	(487, 112)	' comp'	790
789	(274, 138)	'《'	791
790	(257, 103)	' ag'	792
791	(117, 101)	'ue'	793
792	(225, 187)	b'\xe1\xbb'	794
793	(32, 359)	' im'	795
794	(559, 186)	'基'	796
795	(118, 277)	'ven'	797
796	(111, 103)	'og'	798
797	(528, 134)	'理'	799
798	(316, 115)	'ions'	800
799	(229, 149)	b'\xe5\x95'	801
800	(289, 121)	' any'	802
801	(307, 131)	'元'	803
802	(326, 141)	'名'	804
803	(367, 168)	'动'	805
804	(231, 149)	b'\xe7\x95'	806
805	(296, 186)	'机'	807
806	(286, 272)	' man'	808
807	(216, 167)	'ا'	809
808	(112, 267)	'per'	810
809	(335, 115)	'ays'	811
810	(229, 167)	b'\xe5\xa7'	812
811	(271, 101)	'ite'	813
812	(224, 168)	b'\xe0\xa8'	814
813	(229, 157)	b'\xe5\x9d'	815
814	(231, 132)	b'\xe7\x84'	816
815	(231, 159)	b'\xe7\x9f'	817
816	(231, 168)	b'\xe7\xa8'	818
817	(385, 136)	'很'	819
818	(397, 269)	' what'	820
819	(105, 122)	'iz'	821
820	(517, 131)	'心'	823
821	(307, 168)	'全'	824
822	(231, 174)	b'\xe7\xae'	825
823	(265, 109)	' them'	826
824	(101, 262)	'ere'	827
825	(107, 282)	'king'	828
826	(264, 447)	"on't"	829
827	(265, 262)	' there'	830
828	(231, 164)	b'\xe7\xa4'	831
829	(269, 288)	'ated'	832
830	(232, 137)	b'\xe8\x89'	833
831	(339, 449)	'一个'	834
832	(298, 272)	' than'	835
833	(323, 141)	'位'	836
834	(294, 345)	' had'	837
835	(296, 159)	'期'	838
836	(97, 104)	'ah'	839
837	(337, 134)	'将'	840
838	(232, 129)	b'\xe8\x81'	841
839	(32, 541)	' qu'	842
840	(233, 154)	b'\xe9\x9a'	843
841	(528, 131)	'球'	844
842	(285, 139)	'事'	845
843	(321, 575)	' year'	846
844	(367, 155)	'力'	847
845	(299, 102)	' off'	848
846	(208, 190)	'о'	849
847	(98, 267)	'ber'	850
848	(404, 262)	' were'	851
849	(763, 334)	' know'	852
850	(396, 128)	'所'	853
851	(349, 179)	'平'	854
852	(642, 110)	' when'	855
853	(324, 154)	'定'	856
854	(232, 162)	b'\xe8\xa2'	857
855	(367, 160)	'加'	858
856	(32, 51)	' 3'	859
857	(285, 167)	'产'	860
858	(233, 166)	b'\xe9\xa6'	861
859	(112, 116)	'pt'	862
860	(230, 141)	b'\xe6\x8d'	863
861	(257, 99)	' ac'	864
862	(49, 48)	'10'	865
863	(676, 191)	'长'	866
864	(230, 182)	b'\xe6\xb6'	867
865	(231, 180)	b'\xe7\xb4'	868
866	(324, 158)	'实'	869
867	(229, 187)	b'\xe5\xbb'	870
868	(336, 277)	' been'	871
869	(317, 155)	'进'	872
870	(264, 100)	'ond'	873
871	(323, 134)	'但'	874
872	(260, 129)	'！'	875
873	(111, 358)	'ose'	876
874	(779, 12002)	' people'	877
875	(32, 89)	' Y'	878
876	(326, 136)	'合'	879
877	(261, 142)	'与'	880
878	(636, 137)	'等'	881
879	(231, 157)	b'\xe7\x9d'	882
880	(233, 161)	b'\xe9\xa1'	883
881	(117, 98)	'ub'	884
882	(230, 129)	b'\xe6\x81'	885
883	(343, 101)	'ace'	886
884	(355, 175)	'斯'	887
885	(633, 185)	'点'	888
886	(105, 98)	'ib'	889
887	(596, 147)	'道'	890
888	(231, 169)	b'\xe7\xa9'	891
889	(311, 114)	' gr'	892
890	(112, 108)	'pl'	893
891	(366, 110)	' un'	894
892	(101, 119)	'ew'	895
893	(426, 166)	'度'	896
894	(230, 143)	b'\xe6\x8f'	897
895	(551, 161)	'次'	898
896	(284, 267)	' per'	899
897	(306, 150)	'外'	900
898	(362, 116)	' St'	901
899	(233, 163)	b'\xe9\xa3'	902
900	(49, 57)	'19'	903
901	(287, 745)	' other'	904
902	(323, 147)	'体'	905
903	(465, 116)	' cont'	906
904	(105, 262)	'ire'	907
905	(727, 172)	'第'	908
906	(461, 167)	'性'	909
907	(313, 116)	' It'	910
908	(256, 740)	' time'	911
909	(352, 104)	' Th'	912
910	(232, 138)	b'\xe8\x8a'	913
911	(284, 262)	' pre'	914
912	(320, 169)	'利'	915
913	(397, 721)	' which'	916
914	(310, 111)	' no'	917
915	(232, 131)	b'\xe8\x83'	918
916	(300, 115)	'ass'	919
917	(284, 114)	' pr'	920
918	(419, 184)	'相'	921
919	(481, 315)	'able'	922
920	(498, 180)	'间'	923
921	(261, 137)	'三'	924
922	(560, 133)	'情'	925
923	(417, 168)	'表'	926
924	(312, 142)	'明'	927
925	(224, 183)	b'\xe0\xb7'	928
926	(232, 165)	b'\xe8\xa5'	929
927	(105, 315)	'ile'	930
928	(519, 129)	'品'	931
929	(104, 282)	'hing'	932
930	(814, 182)	'然'	933
931	(272, 410)	'ance'	934
932	(298, 743)	' think'	935
933	(511, 187)	'去'	936
934	(387, 141)	'重'	937
935	(297, 99)	' inc'	938
936	(32, 217)	b' \xd9'	939
937	(334, 110)	'own'	940
938	(208, 189)	'н'	941
939	(97, 118)	'av'	942
940	(273, 109)	'orm'	943
941	(305, 107)	'ick'	944
942	(422, 132)	'资'	945
943	(526, 145)	'民'	946
944	(231, 153)	b'\xe7\x99'	947
945	(262, 269)	'reat'	948
946	(328, 115)	' res'	949
947	(926, 191)	'西'	951
948	(405, 165)	'工'	952
949	(307, 179)	'关'	953
950	(208, 181)	'е'	954
951	(854, 171)	'被'	955
952	(300, 101)	'ase'	956
953	(458, 147)	'当'	957
954	(448, 185)	'特'	958
955	(231, 165)	b'\xe7\xa5'	959
956	(287, 368)	' over'	960
957	(233, 148)	b'\xe9\x94'	961
958	(713, 358)	'ause'	962
959	(542, 780)	' also'	963
960	(273, 100)	'ord'	964
961	(292, 278)	' dis'	965
962	(350, 160)	'因'	966
963	(431, 133)	'内'	967
964	(262, 101)	'ree'	968
965	(396, 139)	'手'	969
966	(419, 174)	'目'	970
967	(102, 401)	'fter'	971
968	(230, 159)	b'\xe6\x9f'	972
969	(573, 335)	' play'	973
970	(111, 319)	'ove'	974
971	(291, 121)	'ary'	975
972	(232, 136)	b'\xe8\x88'	976
973	(347, 181)	'电'	977
974	(272, 103)	'ang'	978
975	(372, 114)	' her'	979
976	(263, 99)	' sc'	980
977	(229, 162)	b'\xe5\xa2'	981
978	(393, 179)	'女'	982
979	(720, 177)	'英'	983
980	(292, 331)	' did'	984
981	(231, 177)	b'\xe7\xb1'	985
982	(233, 156)	b'\xe9\x9c'	986
983	(285, 155)	'些'	987
984	(292, 826)	" don't"	988
985	(440, 186)	'区'	989
986	(607, 143)	'意'	990
987	(32, 225)	b' \xe1'	991
988	(257, 109)	' am'	992
989	(473, 183)	'样'	993
990	(302, 170)	'只'	994
991	(305, 290)	'ical'	995
992	(343, 104)	'ach'	996
993	(781, 163)	'那'	997
994	(379, 104)	' Ch'	998
995	(294, 334)	' how'	999
996	(111, 309)	'oll'	1000
997	(209, 128)	'р'	1001
998	(394, 107)	'ook'	1002
999	(474, 164)	'此'	1003
1000	(270, 564)	'ount'	1004
1001	(261, 164)	'两'	1005
1002	(231, 160)	b'\xe7\xa0'	1006
1003	(364, 110)	'ign'	1007
1004	(229, 163)	b'\xe5\xa3'	1008
1005	(668, 180)	'更'	1009
1006	(313, 110)	' In'	1010
1007	(32, 86)	' V'	1011
1008	(467, 176)	'数'	1012
1009	(230, 188)	b'\xe6\xbc'	1013
1010	(548, 115)	'ress'	1014
1011	(302, 184)	'司'	1015
1012	(257, 471)	' act'	1016
1013	(224, 182)	b'\xe0\xb6'	1017
1014	(355, 135)	'文'	1018
1015	(256, 101)	' te'	1019
1016	(302, 138)	'及'	1020
1017	(398, 433)	'中国'	1021
1018	(422, 183)	'起'	1022
1019	(304, 183)	'价'	1023
1020	(277, 410)	'ence'	1024
1021	(111, 259)	'oin'	1025
1022	(454, 141)	'种'	1026
1023	(97, 407)	'ail'	1027
1024	(458, 177)	'影'	1028
1025	(375, 318)	'irst'	1029
1026	(440, 151)	'北'	1030
1027	(560, 179)	'想'	1031
1028	(408, 115)	'ations'	1032
1029	(257, 489)	' app'	1033
1030	(434, 154)	'通'	1034
1031	(209, 130)	'т'	1035
1032	(304, 128)	'什'	1036
1033	(345, 101)	'ade'	1037
1034	(277, 115)	'ens'	1038
1035	(291, 107)	'ark'	1039
1036	(116, 282)	'ting'	1040
1037	(493, 119)	' new'	1041
1038	(114, 117)	'ru'	1042
1039	(231, 179)	b'\xe7\xb3'	1043
1040	(231, 129)	b'\xe7\x81'	1044
1041	(346, 374)	" it's"	1045
1042	(488, 191)	'政'	1046
1043	(32, 105)	' i'	1047
1044	(39, 262)	"'re"	1048
1045	(111, 98)	'ob'	1049
1046	(256, 119)	' tw'	1050
1047	(307, 165)	'入'	1051
1048	(879, 128)	'着'	1052
1049	(116, 121)	'ty'	1053
1050	(405, 178)	'已'	1054
1051	(319, 108)	'vel'	1055
1052	(232, 186)	b'\xe8\xba'	1056
1053	(229, 150)	b'\xe5\x96'	1057
1054	(84, 104)	'Th'	1058
1055	(232, 144)	b'\xe8\x90'	1059
1056	(448, 169)	'物'	1060
1057	(533, 183)	'海'	1061
1058	(105, 363)	'ild'	1062
1059	(109, 267)	'mer'	1063
1060	(276, 327)	' bet'	1064
1061	(294, 359)	' him'	1065
1062	(342, 322)	' only'	1066
1063	(263, 258)	' she'	1067
1064	(440, 150)	'化'	1068
1065	(340, 153)	'’'	1069
1066	(286, 117)	' mu'	1070
1067	(347, 177)	'由'	1071
1068	(275, 455)	' could'	1072
1069	(452, 635)	'我们'	1073
1070	(227, 129)	b'\xe3\x81'	1074
1071	(346, 115)	' its'	1075
1072	(278, 104)	'ish'	1076
1073	(284, 578)	' part'	1077
1074	(293, 111)	' too'	1078
1075	(257, 967)	' after'	1079
1076	(261, 135)	'万'	1080
1077	(1032, 689)	'什么'	1081
1078	(282, 115)	'ings'	1082
1079	(526, 180)	'水'	1083
1080	(232, 163)	b'\xe8\xa3'	1084
1081	(105, 272)	'ian'	1085
1082	(12001, 109)	" I'm"	1086
1083	(311, 664)	' good'	1087
1084	(585, 156)	'果'	1088
1085	(328, 99)	' rec'	1089
1086	(354, 160)	'无'	1090
1087	(304, 142)	'从'	1091
1088	(490, 101)	' see'	1092
1089	(731, 111)	' into'	1093
1090	(867, 186)	'建'	1095
1091	(1052, 171)	'身'	1096
1092	(405, 177)	'己'	1097
1093	(231, 131)	b'\xe7\x83'	1098
1094	(329, 115)	'ents'	1099
1095	(493, 288)	' need'	1100
1096	(607, 159)	'感'	1101
1097	(894, 144)	'提'	1102
1098	(111, 118)	'ov'	1103
1099	(588, 501)	'可以'	1104
1100	(311, 117)	' gu'	1105
1101	(502, 152)	'员'	1106
1102	(583, 159)	'队'	1107
1103	(281, 1025)	' first'	1108
1104	(422, 155)	'赛'	1109
1105	(414, 267)	'nder'	1110
1106	(276, 108)	' bl'	1111
1107	(474, 163)	'正'	1112
1108	(216, 177)	'ر'	1113
1109	(349, 182)	'并'	1114
1110	(653, 1092)	'自己'	1115
1111	(388, 169)	'让'	1116
1112	(105, 732)	'ious'	1117
1113	(632, 1011)	'公司'	1118
1114	(97, 119)	'aw'	1119
1115	(273, 115)	'ors'	1120
1116	(233, 187)	b'\xe9\xbb'	1121
1117	(451, 165)	'报'	1122
1118	(217, 136)	'و'	1123
1119	(310, 334)	' now'	1124
1120	(332, 191)	'房'	1125
1121	(219, 140)	'ی'	1126
1122	(281, 101)	' fe'	1127
1123	(230, 161)	b'\xe6\xa1'	1128
1124	(388, 161)	'计'	1129
1125	(298, 604)	' though'	1130
1126	(360, 151)	'南'	1131
1127	(233, 147)	b'\xe9\x93'	1132
1128	(32, 52)	' 4'	1133
1129	(232, 142)	b'\xe8\x8e'	1134
1130	(377, 190)	'ा'	1135
1131	(1039, 187)	'系'	1136
1132	(473, 188)	'格'	1137
1133	(793, 112)	' imp'	1138
1134	(383, 184)	'常'	1139
1135	(269, 267)	'ater'	1140
1136	(614, 129)	'持'	1141
1137	(230, 183)	b'\xe6\xb7'	1142
1138	(32, 351)	' ro'	1143
1139	(468, 116)	'ult'	1144
1140	(616, 107)	' work'	1145
1141	(328, 112)	' rep'	1146
1142	(73, 116)	'It'	1147
1143	(304, 163)	'代'	1148
1144	(32, 53)	' 5'	1149
1145	(273, 121)	'ory'	1150
1146	(361, 165)	'该'	1151
1147	(492, 179)	'至'	1152
1148	(225, 137)	b'\xe1\x89'	1153
1149	(784, 378)	'没有'	1154
1150	(498, 174)	'问'	1155
1151	(276, 114)	' br'	1156
1152	(276, 117)	' bu'	1157
1153	(597, 157)	'保'	1158
1154	(314, 139)	'國'	1159
1155	(111, 121)	'oy'	1160
1156	(454, 145)	'科'	1161
1157	(119, 101)	'we'	1162
1158	(435, 48)	'200'	1163
1159	(233, 133)	b'\xe9\x85'	1164
1160	(233, 169)	b'\xe9\xa9'	1165
1161	(597, 161)	'信'	1166
1162	(110, 282)	'ning'	1167
1163	(340, 148)	'—'	1168
1164	(233, 146)	b'\xe9\x92'	1169
1165	(328, 514)	' really'	1170
1166	(330, 723)	' every'	1171
1167	(224, 175)	b'\xe0\xaf'	1172
1168	(497, 283)	' does'	1173
1169	(208, 187)	'л'	1174
1170	(394, 108)	'ool'	1175
1171	(271, 316)	'ition'	1176
1172	(426, 148)	'应'	1177
1173	(411, 143)	'式'	1178
1174	(794, 675)	'基金'	1179
1175	(350, 158)	'回'	1180
1176	(337, 148)	'尔'	1181
1177	(110, 101)	'ne'	1182
1178	(830, 178)	'色'	1183
1179	(100, 335)	'day'	1184
1180	(451, 149)	'投'	1185
1181	(268, 546)	' want'	1186
1182	(110, 103)	'ng'	1187
1183	(320, 171)	'别'	1188
1184	(263, 335)	' say'	1189
1185	(285, 164)	'交'	1190
1186	(1066, 406)	' much'	1191
1187	(385, 183)	'德'	1192
1188	(286, 698)	' make'	1193
1189	(276, 649)	' back'	1194
1190	(478, 455)	' should'	1195
1191	(396, 147)	'打'	1196
1192	(261, 156)	'东'	1197
1193	(285, 140)	'二'	1198
1194	(320, 182)	'制'	1199
1195	(719, 154)	'做'	1200
1196	(12003, 958)	' because'	1201
1197	(304, 138)	'今'	1202
1198	(648, 187)	'活'	1203
1199	(264, 115)	'ons'	1204
1200	(217, 134)	'ن'	1205
1201	(324, 137)	'安'	1206
1202	(416, 102)	'iff'	1207
1203	(861, 99)	' acc'	1208
1204	(368, 115)	'vers'	1209
1205	(387, 143)	'量'	1210
1206	(265, 110)	' then'	1211
1207	(332, 150)	'或'	1212
1208	(263, 267)	' ser'	1213
1209	(258, 100)	'hed'	1214
1210	(476, 159)	'真'	1215
1211	(305, 116)	'ict'	1216
1212	(231, 166)	b'\xe7\xa6'	1217
1213	(261, 150)	'世'	1218
1214	(116, 101)	'te'	1219
1215	(330, 795)	' even'	1220
1216	(217, 132)	'ل'	1221
1217	(828, 186)	'示'	1222
1218	(1046, 111)	' two'	1223
1219	(307, 139)	'克'	1224
1220	(278, 115)	'iss'	1225
1221	(815, 165)	'知'	1226
1222	(194, 160)	'\xa0'	1227
1223	(32, 531)	' our'	1228
1224	(111, 363)	'old'	1229
1225	(705, 145)	'网'	1230
1226	(860, 174)	'据'	1231
1227	(209, 129)	'с'	1232
1228	(388, 176)	'记'	1233
1229	(799, 134)	'商'	1234
1230	(102, 441)	'fore'	1235
1231	(229, 139)	b'\xe5\x8b'	1236
1232	(480, 149)	'展'	1237
1233	(232, 153)	b'\xe8\x99'	1238
1234	(117, 514)	'ually'	1239
1235	(102, 940)	'form'	1240
1236	(302, 151)	'受'	1241
1237	(365, 153)	'给'	1242
1238	(229, 148)	b'\xe5\x94'	1243
1239	(409, 131)	'考'	1244
1240	(332, 152)	'战'	1245
1241	(302, 176)	'台'	1246
1242	(361, 173)	'语'	1247
1243	(49, 49)	'11'	1248
1244	(461, 187)	'总'	1249
1245	(308, 327)	'omet'	1250
1246	(231, 178)	b'\xe7\xb2'	1251
1247	(286, 598)	' most'	1252
1248	(298, 114)	' thr'	1253
1249	(323, 149)	'何'	1254
1250	(302, 163)	'口'	1255
1251	(269, 283)	'ates'	1256
1252	(304, 187)	'任'	1257
1253	(409, 129)	'老'	1258
1254	(456, 101)	' He'	1259
1255	(229, 158)	b'\xe5\x9e'	1260
1256	(286, 335)	' may'	1261
1257	(268, 335)	' way'	1262
1258	(348, 112)	'amp'	1263
1259	(117, 309)	'ull'	1264
1260	(366, 1105)	' under'	1265
1261	(225, 139)	b'\xe1\x8b'	1266
1262	(499, 98)	' prob'	1267
1263	(281, 108)	' fl'	1268
1264	(511, 159)	'原'	1269
1265	(317, 145)	'近'	1270
1266	(612, 152)	'题'	1271
1267	(358, 108)	'sel'	1272
1268	(711, 175)	'路'	1273
1269	(487, 109)	' comm'	1274
1270	(232, 141)	b'\xe8\x8d'	1275
1271	(231, 188)	b'\xe7\xbc'	1276
1272	(404, 309)	' well'	1277
1273	(467, 153)	'教'	1278
1274	(104, 121)	'hy'	1279
1275	(559, 142)	'城'	1280
1276	(32, 389)	' ke'	1281
1277	(325, 436)	'other'	1282
1278	(272, 99)	'anc'	1283
1279	(393, 185)	'她'	1284
1280	(644, 184)	'游'	1285
1281	(790, 491)	' again'	1286
1282	(734, 107)	'uck'	1287
1283	(757, 100)	' add'	1288
1284	(49, 50)	'12'	1289
1285	(1009, 148)	'演'	1290
1286	(117, 112)	'up'	1291
1287	(272, 107)	'ank'	1292
1288	(366, 358)	' use'	1293
1289	(411, 186)	'强'	1294
1290	(260, 155)	'；'	1295
1291	(690, 139)	'立'	1296
1292	(502, 168)	'周'	1297
1293	(372, 108)	' hel'	1298
1294	(496, 162)	'院'	1299
1295	(434, 137)	'选'	1300
1296	(232, 132)	b'\xe8\x84'	1301
1297	(371, 400)	' still'	1302
1298	(337, 145)	'少'	1303
1299	(599, 165)	'接'	1304
1300	(383, 131)	'布'	1305
1301	(229, 178)	b'\xe5\xb2'	1306
1302	(480, 177)	'山'	1307
1303	(233, 170)	b'\xe9\xaa'	1308
1304	(224, 177)	b'\xe0\xb1'	1309
1305	(271, 116)	'itt'	1310
1306	(498, 168)	'门'	1311
1307	(488, 182)	'收'	1312
1308	(418, 566)	' right'	1313
1309	(529, 112)	' exp'	1314
1310	(331, 329)	'ident'	1315
1311	(388, 190)	'设'	1316
1312	(233, 159)	b'\xe9\x9f'	1317
1313	(523, 168)	b' \xe0\xa8'	1318
1314	(264, 116)	'ont'	1319
1315	(510, 137)	'拉'	1320
1316	(108, 283)	'les'	1321
1317	(360, 142)	'华'	1322
1318	(306, 180)	'头'	1323
1319	(209, 131)	'у'	1324
1320	(292, 380)	' dec'	1325
1321	(438, 116)	' att'	1326
1322	(446, 163)	'解'	1327
1323	(446, 137)	'觉'	1328
1324	(614, 135)	'指'	1329
1325	(448, 135)	'片'	1330
1326	(367, 161)	'务'	1331
1327	(275, 114)	' cr'	1332
1328	(742, 742)	'    '	1333
1329	(100, 117)	'du'	1334
1330	(360, 129)	'十'	1335
1331	(311, 325)	' got'	1336
1332	(225, 138)	b'\xe1\x8a'	1337
1333	(257, 119)	' aw'	1338
1334	(229, 131)	b'\xe5\x83'	1339
1335	(278, 101)	'ise'	1340
1336	(292, 283)	' des'	1341
1337	(323, 191)	'使'	1342
1338	(102, 116)	'ft'	1343
1339	(311, 629)	' game'	1344
1340	(98, 101)	'be'	1345
1341	(822, 161)	'管'	1346
1342	(232, 168)	b'\xe8\xa8'	1347
1343	(525, 158)	'非'	1348
1344	(843, 115)	' years'	1349
1345	(306, 170)	'太'	1350
1346	(280, 339)	'的一'	1351
1347	(292, 1202)	' diff'	1352
1348	(838, 148)	'联'	1353
1349	(336, 282)	' being'	1354
1350	(603, 190)	'达'	1355
1351	(117, 290)	'ual'	1357
1352	(858, 150)	'首'	1358
1353	(231, 139)	b'\xe7\x8b'	1359
1354	(899, 142)	'风'	1360
1355	(643, 672)	'市场'	1361
1356	(459, 57)	' 19'	1362
1357	(708, 161)	'股'	1363
1358	(232, 170)	b'\xe8\xaa'	1364
1359	(419, 180)	'直'	1365
1360	(388, 164)	'认'	1366
1361	(105, 322)	'ily'	1367
1362	(108, 105)	'li'	1368
1363	(103, 114)	'gr'	1369
1364	(782, 177)	'爱'	1370
1365	(512, 115)	'oss'	1371
1366	(328, 109)	' rem'	1372
1367	(1293, 112)	' help'	1373
1368	(465, 115)	' cons'	1374
1369	(269, 282)	'ating'	1375
1370	(263, 380)	' sec'	1376
1371	(977, 158)	'增'	1377
1372	(307, 183)	'具'	1378
1373	(415, 115)	' ass'	1379
1374	(515, 167)	'级'	1380
1375	(120, 116)	'xt'	1381
1376	(302, 136)	'又'	1382
1377	(224, 171)	b'\xe0\xab'	1383
1378	(361, 157)	'话'	1384
1379	(108, 305)	'lic'	1385
1380	(119, 110)	'wn'	1386
1381	(307, 177)	'共'	1387
1382	(32, 723)	' very'	1388
1383	(312, 159)	'星'	1389
1384	(432, 139)	'王'	1390
1385	(391, 110)	'urn'	1391
1386	(582, 333)	'就是'	1392
1387	(231, 161)	b'\xe7\xa1'	1393
1388	(365, 147)	'结'	1394
1389	(302, 139)	'友'	1395
1390	(326, 145)	'向'	1396
1391	(656, 282)	' going'	1397
1392	(642, 262)	' where'	1398
1393	(355, 188)	'於'	1399
1394	(360, 149)	'单'	1400
1395	(336, 1230)	' before'	1401
1396	(637, 107)	'ock'	1402
1397	(285, 172)	'京'	1403
1398	(558, 48)	'000'	1404
1399	(108, 618)	'lud'	1405
1400	(633, 186)	'為'	1406
1401	(292, 937)	' down'	1407
1402	(401, 110)	'tern'	1408
1403	(300, 264)	'ason'	1409
1404	(118, 282)	'ving'	1410
1405	(476, 129)	'省'	1411
1406	(297, 118)	' inv'	1412
1407	(804, 140)	'界'	1413
1408	(533, 129)	'流'	1414
1409	(567, 282)	'aking'	1415
1410	(230, 165)	b'\xe6\xa5'	1416
1411	(297, 100)	' ind'	1417
1412	(230, 168)	b'\xe6\xa8'	1418
1413	(471, 316)	'ction'	1419
1414	(109, 272)	'man'	1420
1415	(347, 183)	'男'	1421
1416	(478, 334)	' show'	1422
1417	(469, 449)	'这个'	1423
1418	(431, 141)	'再'	1424
1419	(265, 358)	' these'	1425
1420	(302, 152)	'变'	1426
1421	(230, 145)	b'\xe6\x91'	1427
1422	(89, 270)	'You'	1428
1423	(326, 132)	'各'	1429
1424	(301, 605)	' last'	1430
1425	(535, 143)	'每'	1431
1426	(230, 187)	b'\xe6\xbb'	1432
1427	(1255, 139)	'型'	1433
1428	(201, 153)	'ə'	1434
1429	(224, 169)	b'\xe0\xa9'	1435
1430	(275, 577)	' call'	1436
1431	(263, 1245)	' somet'	1437
1432	(1004, 171)	'士'	1438
1433	(263, 109)	' sm'	1439
1434	(269, 406)	'atch'	1440
1435	(231, 150)	b'\xe7\x96'	1441
1436	(306, 132)	'处'	1442
1437	(307, 137)	'光'	1443
1438	(1130, 377)	b'\xe0\xa4\xbe\xe0\xa4'	1444
1439	(1160, 172)	'马'	1445
1440	(454, 176)	'称'	1446
1441	(527, 168)	'注'	1447
1442	(416, 101)	'ife'	1448
1443	(302, 183)	'号'	1449
1444	(32, 54)	' 6'	1450
1445	(488, 190)	'放'	1451
1446	(816, 139)	'程'	1452
1447	(325, 104)	'oth'	1453
1448	(537, 102)	' def'	1454
1449	(97, 122)	'az'	1455
1450	(330, 109)	' em'	1456
1451	(730, 131)	'调'	1457
1452	(298, 873)	' those'	1458
1453	(405, 158)	'州'	1459
1454	(324, 162)	'客'	1460
1455	(230, 174)	b'\xe6\xae'	1461
1456	(1248, 604)	' through'	1462
1457	(277, 99)	'enc'	1463
1458	(262, 110)	'ren'	1464
1459	(1334, 143)	'像'	1465
1460	(230, 185)	b'\xe6\xb9'	1466
1461	(269, 104)	'ath'	1467
1462	(268, 114)	' wr'	1468
1463	(307, 136)	'先'	1469
1464	(196, 177)	'ı'	1470
1465	(584, 635)	'他们'	1471
1466	(696, 166)	'车'	1472
1467	(657, 167)	' ا'	1473
1468	(230, 130)	b'\xe6\x82'	1474
1469	(261, 147)	'专'	1475
1470	(370, 333)	'不是'	1476
1471	(115, 115)	'ss'	1477
1472	(792, 141)	'ọ'	1478
1473	(302, 150)	'取'	1479
1474	(262, 345)	'read'	1480
1475	(194, 183)	'·'	1481
1476	(350, 155)	'四'	1482
1477	(350, 190)	'图'	1483
1478	(521, 489)	' supp'	1484
1479	(285, 154)	'亚'	1485
1480	(231, 143)	b'\xe7\x8f'	1486
1481	(806, 121)	' many'	1487
1482	(263, 121)	' sy'	1488
1483	(270, 110)	'oun'	1489
1484	(229, 168)	b'\xe5\xa8'	1490
1485	(208, 180)	'д'	1491
1486	(284, 1021)	' poin'	1492
1487	(104, 110)	'hn'	1493
1488	(391, 282)	'uring'	1494
1489	(259, 410)	'ince'	1495
1490	(396, 141)	'才'	1496
1491	(432, 135)	'率'	1497
1492	(101, 107)	'ek'	1498
1493	(875, 270)	' You'	1499
1494	(515, 191)	'线'	1500
1495	(258, 110)	'hen'	1501
1496	(351, 112)	'rop'	1502
1497	(444, 264)	'erson'	1503
1498	(101, 103)	'eg'	1504
1499	(301, 695)	' long'	1505
1500	(275, 111)	' co'	1506
1501	(271, 601)	'ities'	1507
1502	(208, 186)	'к'	1508
1503	(334, 267)	'ower'	1509
1504	(284, 424)	' pol'	1510
1505	(523, 170)	b' \xe0\xaa'	1511
1506	(408, 290)	'ational'	1512
1507	(230, 163)	b'\xe6\xa3'	1513
1508	(263, 629)	' same'	1514
1509	(369, 414)	' And'	1515
1510	(270, 112)	'oup'	1516
1511	(981, 179)	'米'	1517
1512	(286, 264)	' mon'	1518
1513	(328, 103)	' reg'	1519
1514	(372, 262)	' here'	1520
1515	(519, 136)	'哈'	1521
1516	(475, 185)	'费'	1522
1517	(416, 305)	'ific'	1523
1518	(97, 375)	'air'	1524
1519	(224, 167)	b'\xe0\xa7'	1525
1520	(218, 169)	'ک'	1526
1521	(275, 258)	' che'	1527
1522	(232, 177)	b'\xe8\xb1'	1528
1523	(393, 150)	'奖'	1529
1524	(371, 618)	' stud'	1530
1525	(290, 115)	'als'	1531
1526	(451, 138)	'把'	1532
1527	(332, 143)	'戏'	1533
1528	(118, 288)	'ved'	1534
1529	(103, 327)	'get'	1535
1530	(324, 140)	'完'	1536
1531	(49, 53)	'15'	1537
1532	(73, 110)	'In'	1538
1533	(402, 160)	'几'	1539
1534	(256, 698)	' take'	1540
1535	(603, 131)	'较'	1541
1536	(301, 394)	' loo'	1542
1537	(51, 48)	'30'	1543
1538	(411, 160)	'张'	1544
1539	(697, 141)	'्'	1545
1540	(217, 135)	'ه'	1546
1541	(725, 110)	' Un'	1547
1542	(302, 141)	'反'	1548
1543	(425, 188)	'导'	1549
1544	(403, 489)	' happ'	1550
1545	(230, 162)	b'\xe6\xa2'	1551
1546	(304, 182)	'件'	1552
1547	(446, 134)	'视'	1553
1548	(286, 1033)	' made'	1554
1549	(361, 129)	'证'	1555
1550	(599, 168)	'推'	1556
1551	(117, 414)	'und'	1557
1552	(1065, 115)	'’s'	1558
1553	(32, 570)	' end'	1560
1554	(328, 108)	' rel'	1561
1555	(311, 945)	' great'	1562
1556	(593, 121)	' try'	1563
1557	(272, 669)	'ange'	1564
1558	(365, 132)	'组'	1565
1559	(371, 578)	' start'	1566
1560	(49, 56)	'18'	1567
1561	(424, 796)	'olog'	1568
1562	(330, 118)	' ev'	1569
1563	(301, 998)	' look'	1570
1564	(526, 148)	'气'	1571
1565	(275, 291)	' car'	1572
1566	(982, 128)	'需'	1573
1567	(718, 130)	'求'	1574
1568	(230, 186)	b'\xe6\xba'	1575
1569	(634, 188)	'值'	1576
1570	(1539, 377)	b'\xe0\xa5\x8d\xe0\xa4'	1577
1571	(383, 166)	'带'	1578
1572	(271, 288)	'ited'	1579
1573	(286, 259)	' min'	1580
1574	(300, 288)	'ased'	1581
1575	(292, 335)	' day'	1582
1576	(99, 99)	'cc'	1583
1577	(1015, 348)	' team'	1584
1578	(284, 598)	' post'	1585
1579	(84, 712)	'That'	1586
1580	(72, 101)	'He'	1587
1581	(365, 159)	'统'	1588
1582	(746, 433)	'美国'	1589
1583	(97, 319)	'ave'	1590
1584	(459, 48)	' 10'	1591
1585	(336, 108)	' bel'	1592
1586	(305, 115)	'ics'	1593
1587	(231, 151)	b'\xe7\x97'	1594
1588	(32, 55)	' 7'	1595
1589	(420, 357)	' But'	1596
1590	(588, 563)	'可能'	1597
1591	(323, 142)	'低'	1598
1592	(473, 161)	'校'	1599
1593	(882, 175)	'息'	1600
1594	(337, 188)	'尼'	1601
1595	(766, 133)	'超'	1602
1596	(909, 278)	' This'	1603
1597	(434, 160)	'造'	1604
1598	(446, 132)	'规'	1605
1599	(292, 105)	' di'	1606
1600	(886, 315)	'ible'	1607
1601	(521, 98)	' sub'	1608
1602	(910, 130)	'节'	1609
1603	(484, 112)	'ump'	1610
1604	(634, 153)	'候'	1611
1605	(1347, 824)	' differe'	1612
1606	(217, 138)	'ي'	1613
1607	(524, 920)	'时间'	1614
1608	(467, 180)	'整'	1615
1609	(349, 191)	'广'	1616
1610	(671, 373)	'现在'	1617
1611	(515, 166)	'约'	1618
1612	(102, 468)	'ful'	1619
1613	(105, 120)	'ix'	1620
1614	(312, 147)	'易'	1621
1615	(271, 115)	'its'	1622
1616	(888, 186)	'空'	1623
1617	(488, 175)	'支'	1624
1618	(446, 130)	'观'	1625
1619	(446, 129)	'见'	1626
1620	(644, 133)	'清'	1627
1621	(1050, 685)	'已经'	1628
1622	(475, 168)	'质'	1629
1623	(767, 678)	' around'	1630
1624	(272, 121)	'any'	1631
1625	(317, 144)	'运'	1632
1626	(477, 282)	'thing'	1633
1627	(382, 160)	'传'	1634
1628	(864, 136)	'消'	1635
1629	(464, 98)	'rib'	1636
1630	(105, 111)	'io'	1637
1631	(523, 166)	b' \xe0\xa6'	1638
1632	(284, 104)	' ph'	1639
1633	(291, 322)	'arly'	1640
1634	(267, 116)	'ert'	1641
1635	(1080, 133)	'装'	1642
1636	(521, 262)	' sure'	1643
1637	(117, 283)	'ues'	1644
1638	(567, 283)	'akes'	1645
1639	(216, 170)	'ت'	1646
1640	(1431, 929)	' something'	1647
1641	(105, 107)	'ik'	1648
1642	(376, 163)	'季'	1649
1643	(777, 1084)	'如果'	1650
1644	(258, 115)	'hes'	1651
1645	(101, 102)	'ef'	1652
1646	(751, 288)	' used'	1653
1647	(388, 186)	'论'	1654
1648	(810, 139)	'始'	1655
1649	(301, 325)	' lot'	1656
1650	(1060, 401)	' better'	1657
1651	(369, 108)	' Al'	1658
1652	(365, 173)	'续'	1659
1653	(296, 170)	'未'	1660
1654	(458, 162)	'形'	1661
1655	(272, 592)	'anks'	1662
1656	(231, 133)	b'\xe7\x85'	1663
1657	(367, 191)	'势'	1664
1658	(517, 171)	'快'	1665
1659	(111, 325)	'oot'	1666
1660	(360, 161)	'卡'	1667
1661	(224, 185)	b'\xe0\xb9'	1668
1662	(312, 190)	'显'	1669
1663	(294, 450)	' high'	1670
1664	(1122, 505)	' feel'	1671
1665	(108, 479)	'land'	1672
1666	(263, 391)	' sur'	1673
1667	(101, 836)	'eah'	1674
1668	(53, 48)	'50'	1675
1669	(296, 141)	'服'	1676
1670	(341, 144)	'乐'	1677
1671	(397, 927)	' while'	1678
1672	(462, 101)	' We'	1679
1673	(383, 136)	'师'	1680
1674	(230, 146)	b'\xe6\x92'	1681
1675	(493, 368)	' never'	1682
1676	(97, 120)	'ax'	1683
1677	(287, 112)	' op'	1684
1678	(440, 133)	'包'	1685
1679	(359, 283)	'imes'	1686
1680	(461, 142)	'怎'	1687
1681	(121, 115)	'ys'	1688
1682	(311, 277)	' gen'	1689
1683	(1267, 102)	'self'	1690
1684	(287, 1380)	' own'	1691
1685	(281, 259)	' fin'	1692
1686	(955, 158)	'神'	1693
1687	(229, 132)	b'\xe5\x84'	1694
1688	(263, 327)	' set'	1695
1689	(328, 345)	' read'	1696
1690	(281, 691)	' find'	1697
1691	(290, 101)	'ale'	1698
1692	(275, 1000)	' count'	1699
1693	(217, 133)	'م'	1700
1694	(232, 133)	b'\xe8\x85'	1701
1695	(521, 406)	' such'	1702
1696	(451, 128)	'技'	1703
1697	(269, 572)	'ative'	1704
1698	(118, 283)	'ves'	1705
1699	(333, 339)	'是一'	1706
1700	(109, 115)	'ms'	1707
1701	(296, 155)	'望'	1708
1702	(115, 104)	'sh'	1709
1703	(280, 381)	'的人'	1710
1704	(422, 176)	'走'	1711
1705	(230, 144)	b'\xe6\x90'	1712
1706	(232, 173)	b'\xe8\xad'	1713
1707	(533, 142)	'济'	1714
1708	(585, 151)	'林'	1715
1709	(348, 283)	'ames'	1716
1710	(291, 406)	'arch'	1717
1711	(432, 169)	'玩'	1718
1712	(208, 188)	'м'	1719
1713	(1167, 141)	'்'	1720
1714	(230, 154)	b'\xe6\x9a'	1721
1715	(840, 190)	'难'	1722
1716	(99, 308)	'com'	1723
1717	(1054, 278)	'This'	1724
1718	(231, 138)	b'\xe7\x8a'	1725
1719	(915, 156)	'胜'	1726
1720	(352, 114)	' Tr'	1727
1721	(551, 167)	'欧'	1728
1722	(747, 134)	'集'	1729
1723	(502, 138)	'告'	1730
1724	(119, 809)	'ways'	1731
1725	(944, 189)	'白'	1732
1726	(1127, 182)	'银'	1733
1727	(1053, 156)	'喜'	1734
1728	(910, 177)	'花'	1735
1729	(371, 114)	' str'	1736
1730	(981, 187)	'类'	1737
1731	(481, 322)	'ably'	1738
1732	(962, 428)	'因为'	1739
1733	(112, 104)	'ph'	1740
1734	(229, 161)	b'\xe5\xa1'	1741
1735	(1150, 1266)	'问题'	1742
1736	(117, 103)	'ug'	1743
1737	(360, 138)	'半'	1744
1738	(290, 477)	'alth'	1745
1739	(116, 1049)	'tty'	1746
1740	(799, 138)	'啊'	1747
1741	(458, 169)	'彩'	1748
1742	(32, 56)	' 8'	1749
1743	(406, 1170)	'chool'	1750
1744	(1180, 942)	'投资'	1751
1745	(488, 185)	'改'	1752
1746	(119, 590)	'ward'	1753
1747	(1093, 173)	'热'	1754
1748	(591, 115)	'ments'	1755
1749	(121, 112)	'yp'	1756
1750	(828, 190)	'社'	1757
1751	(1358, 158)	'語'	1758
1752	(419, 152)	'盘'	1759
1753	(229, 160)	b'\xe5\xa0'	1760
1754	(110, 121)	'ny'	1761
1755	(296, 175)	'术'	1762
1756	(1228, 774)	'记者'	1763
1757	(324, 131)	'它'	1764
1758	(1137, 177)	'深'	1765
1759	(313, 102)	' If'	1766
1760	(232, 140)	b'\xe8\x8c'	1767
1761	(583, 191)	'阿'	1768
1762	(706, 333)	'还是'	1769
1763	(418, 443)	' run'	1770
1764	(99, 107)	'ck'	1771
1765	(341, 176)	'买'	1772
1766	(612, 134)	'领'	1773
1767	(216, 175)	'د'	1774
1768	(49, 54)	'16'	1775
1769	(407, 574)	'ility'	1776
1770	(300, 104)	'ash'	1777
1771	(326, 151)	'吗'	1778
1772	(263, 108)	' sl'	1779
1773	(718, 159)	'江'	1780
1774	(330, 704)	' eff'	1781
1775	(114, 305)	'ric'	1782
1776	(524, 1604)	'时候'	1783
1777	(97, 106)	'aj'	1784
1778	(551, 190)	'款'	1785
1779	(284, 1497)	' person'	1786
1780	(431, 155)	'军'	1787
1781	(402, 134)	'准'	1788
1782	(630, 119)	'iew'	1789
1783	(323, 143)	'住'	1790
1784	(297, 318)	' inst'	1791
1785	(232, 143)	b'\xe8\x8f'	1792
1786	(101, 368)	'ever'	1793
1787	(284, 548)	' pres'	1794
1788	(522, 121)	' They'	1795
1789	(966, 674)	'目前'	1796
1790	(287, 98)	' ob'	1797
1791	(361, 132)	'评'	1798
1792	(445, 329)	'ement'	1799
1793	(32, 329)	' ent'	1800
1794	(269, 436)	'ather'	1801
1795	(645, 380)	' spec'	1802
1796	(259, 115)	'ins'	1803
1797	(980, 687)	" didn't"	1804
1798	(880, 185)	'项'	1805
1799	(948, 680)	'工作'	1806
1800	(401, 115)	'ters'	1807
1801	(361, 183)	'请'	1808
1802	(208, 178)	'в'	1809
1803	(233, 190)	b'\xe9\xbe'	1810
1804	(405, 180)	'巴'	1811
1805	(256, 267)	' ter'	1812
1806	(923, 1217)	'表示'	1813
1807	(367, 159)	'功'	1814
1808	(496, 133)	'际'	1815
1809	(500, 892)	' New'	1816
1810	(1026, 1397)	'北京'	1817
1811	(1040, 171)	'火'	1818
1812	(112, 114)	'pr'	1819
1813	(306, 135)	'备'	1820
1814	(227, 130)	b'\xe3\x82'	1821
1815	(685, 1707)	'经济'	1822
1816	(328, 290)	' real'	1823
1817	(987, 138)	b' \xe1\x8a'	1824
1818	(298, 282)	' thing'	1825
1819	(360, 135)	'升'	1826
1820	(1002, 148)	'研'	1827
1821	(1159, 141)	'配'	1828
1822	(1213, 1407)	'世界'	1829
1823	(499, 118)	' prov'	1830
1824	(317, 158)	'连'	1831
1825	(225, 186)	b'\xe1\xba'	1832
1826	(32, 57)	' 9'	1833
1827	(360, 154)	'博'	1834
1828	(480, 128)	'局'	1835
1829	(464, 570)	'riend'	1836
1830	(276, 466)	' best'	1837
1831	(285, 148)	'五'	1838
1832	(397, 121)	' why'	1839
1833	(946, 112)	' resp'	1840
1834	(233, 165)	b'\xe9\xa5'	1841
1835	(420, 114)	' Br'	1842
1836	(766, 138)	'越'	1843
1837	(344, 1044)	" you're"	1844
1838	(382, 129)	'企'	1845
1839	(556, 1058)	' child'	1846
1840	(324, 185)	'容'	1847
1841	(1687, 191)	'儿'	1848
1842	(881, 1379)	'ublic'	1849
1843	(955, 168)	'票'	1850
1844	(261, 148)	'且'	1851
1845	(110, 267)	'ner'	1852
1846	(1035, 327)	'arket'	1853
1847	(697, 135)	'े'	1854
1848	(352, 712)	' That'	1855
1849	(513, 187)	'治'	1856
1850	(87, 712)	'What'	1857
1851	(368, 110)	'vern'	1858
1852	(285, 191)	'亿'	1859
1853	(301, 970)	' love'	1860
1854	(465, 102)	' conf'	1861
1855	(551, 162)	'欢'	1862
1856	(510, 141)	'拍'	1863
1857	(556, 291)	' char'	1864
1858	(318, 445)	'stem'	1865
1859	(101, 101)	'ee'	1866
1860	(1129, 183)	'获'	1867
1861	(326, 167)	'吧'	1868
1862	(480, 133)	'居'	1869
1863	(426, 156)	'府'	1870
1864	(297, 115)	' ins'	1871
1865	(315, 471)	'lect'	1872
1866	(117, 548)	'ures'	1873
1867	(328, 102)	' ref'	1874
1868	(907, 374)	" It's"	1875
1869	(332, 183)	'户'	1876
1870	(1157, 277)	'ween'	1877
1871	(1246, 190)	'精'	1878
1872	(766, 179)	'足'	1879
1873	(286, 288)	' med'	1880
1874	(413, 609)	'大学'	1881
1875	(383, 140)	'希'	1882
1876	(49, 52)	'14'	1883
1877	(284, 357)	' put'	1884
1878	(87, 101)	'We'	1885
1879	(1051, 439)	'velop'	1886
1880	(1059, 305)	'meric'	1887
1881	(272, 494)	'ants'	1888
1882	(304, 189)	'份'	1889
1883	(270, 358)	'ouse'	1890
1884	(1123, 136)	'案'	1891
1885	(612, 132)	'预'	1892
1886	(105, 288)	'ied'	1893
1887	(263, 1489)	' since'	1894
1888	(294, 479)	' hand'	1895
1889	(1280, 1527)	'游戏'	1896
1890	(382, 152)	'优'	1897
1891	(690, 153)	'站'	1898
1892	(467, 136)	'效'	1899
1893	(103, 272)	'gan'	1900
1894	(302, 130)	'参'	1901
1895	(611, 121)	'ody'	1902
1896	(231, 170)	b'\xe7\xaa'	1903
1897	(111, 107)	'ok'	1904
1898	(275, 391)	' cur'	1905
1899	(281, 443)	' fun'	1906
1900	(622, 1232)	'发展'	1907
1901	(911, 1739)	' pretty'	1908
1902	(445, 847)	'ember'	1909
1903	(857, 928)	'产品'	1910
1904	(968, 165)	'查'	1911
1905	(108, 288)	'led'	1912
1906	(616, 363)	' world'	1913
1907	(469, 989)	'这样'	1914
1908	(388, 174)	'议'	1915
1909	(99, 329)	'cent'	1916
1910	(302, 140)	'双'	1917
1911	(286, 611)	' mod'	1918
1912	(33, 33)	'!!'	1919
1913	(367, 158)	'办'	1920
1914	(473, 135)	'标'	1921
1915	(231, 140)	b'\xe7\x8c'	1922
1916	(357, 101)	'ute'	1923
1917	(110, 97)	'na'	1924
1918	(647, 345)	' lead'	1925
1919	(49, 51)	'13'	1926
1920	(49, 55)	'17'	1927
1921	(45, 45)	'--'	1928
1922	(362, 104)	' Sh'	1929
1923	(229, 153)	b'\xe5\x99'	1930
1924	(281, 348)	' fam'	1931
1925	(1342, 128)	'言'	1932
1926	(519, 170)	'哪'	1933
1927	(330, 108)	' el'	1934
1928	(376, 184)	'學'	1935
1929	(105, 329)	'ient'	1936
1930	(523, 176)	b' \xe0\xb0'	1937
1931	(353, 374)	" that's"	1938
1932	(1012, 1234)	' actually'	1939
1933	(276, 1447)	' both'	1940
1934	(376, 151)	'字'	1941
1935	(705, 151)	'罗'	1942
1936	(106, 610)	'ject'	1943
1937	(311, 108)	' gl'	1944
1938	(292, 1488)	' during'	1945
1939	(116, 258)	'the'	1946
1940	(1281, 318)	' against'	1947
1941	(431, 179)	'决'	1948
1942	(334, 115)	'ows'	1949
1943	(869, 594)	'进行'	1950
1944	(305, 283)	'ices'	1951
1945	(328, 116)	' ret'	1952
1946	(1370, 870)	' second'	1953
1947	(400, 316)	'illion'	1954
1948	(208, 179)	'г'	1955
1949	(1060, 1870)	' between'	1956
1950	(281, 678)	' found'	1957
1951	(116, 264)	'ton'	1958
1952	(230, 133)	b'\xe6\x85'	1959
1953	(304, 133)	'仅'	1960
1954	(468, 291)	'ular'	1961
1955	(360, 179)	'即'	1962
1956	(474, 165)	'步'	1963
1957	(644, 175)	'港'	1964
1958	(515, 162)	'红'	1965
1959	(276, 364)	' big'	1966
1960	(281, 892)	' few'	1967
1961	(306, 141)	'复'	1968
1962	(480, 158)	'属'	1969
1963	(320, 151)	'列'	1970
1964	(12005, 109)	"I'm"	1971
1965	(696, 172)	'转'	1972
1966	(97, 97)	'aa'	1973
1967	(446, 146)	'角'	1974
1968	(103, 103)	'gg'	1975
1969	(1305, 315)	'ittle'	1976
1970	(404, 1492)	' week'	1977
1971	(256, 290)	' tal'	1978
1972	(105, 267)	'ier'	1979
1973	(320, 153)	'则'	1980
1974	(554, 447)	" can't"	1981
1975	(369, 114)	' Ar'	1982
1976	(439, 101)	'ope'	1983
1977	(308, 109)	'omm'	1984
1978	(326, 131)	'吃'	1985
1979	(470, 115)	'uss'	1986
1980	(523, 182)	b' \xe0\xb6'	1987
1981	(777, 1249)	'如何'	1988
1982	(957, 128)	'销'	1989
1983	(858, 153)	'香'	1990
1984	(1605, 564)	' different'	1991
1985	(1512, 477)	' month'	1992
1986	(542, 1724)	' always'	1993
1987	(804, 153)	'留'	1994
1988	(291, 109)	'arm'	1995
1989	(668, 190)	'曾'	1996
1990	(361, 149)	'试'	1997
1991	(298, 964)	' three'	1998
1992	(1387, 174)	'确'	1999
1993	(232, 145)	b'\xe8\x91'	2000
1994	(281, 114)	' fr'	2001
1995	(434, 159)	'速'	2002
1996	(1142, 374)	"It's"	2003
1997	(263, 359)	' sim'	2004
1998	(301, 1442)	' life'	2005
1999	(1412, 161)	'模'	2006
2000	(961, 99)	' disc'	2007
2001	(277, 358)	'ense'	2008
2002	(571, 272)	' mean'	2009
2003	(292, 114)	' dr'	2010
2004	(1656, 167)	'照'	2011
2005	(195, 169)	'é'	2012
2006	(111, 120)	'ox'	2013
2007	(1486, 116)	' point'	2014
2008	(32, 236)	b' \xec'	2015
2009	(433, 532)	'国家'	2016
2010	(278, 109)	'ism'	2017
2011	(310, 484)	' num'	2018
2012	(475, 159)	'负'	2019
2013	(320, 155)	'创'	2020
2014	(865, 160)	'素'	2021
2015	(529, 116)	' ext'	2022
2016	(325, 101)	'ote'	2023
2017	(905, 339)	'第一'	2024
2018	(101, 120)	'ex'	2025
2019	(269, 97)	'ata'	2026
2020	(231, 175)	b'\xe7\xaf'	2027
2021	(473, 185)	'根'	2028
2022	(110, 504)	'ness'	2029
2023	(263, 107)	' sk'	2030
2024	(306, 177)	'失'	2031
2025	(263, 809)	' says'	2032
2026	(302, 178)	'史'	2033
2027	(297, 102)	' inf'	2035
2028	(334, 282)	'owing'	2036
2029	(286, 566)	' might'	2037
2030	(738, 155)	'供'	2038
2031	(278, 494)	'ists'	2039
2032	(376, 152)	'存'	2040
2033	(263, 1003)	' sign'	2041
2034	(1276, 715)	' keep'	2042
2035	(490, 445)	' seem'	2043
2036	(273, 107)	'ork'	2044
2037	(813, 135)	'均'	2045
2038	(341, 166)	'书'	2046
2039	(305, 514)	'ically'	2047
2040	(275, 315)	' cle'	2048
2041	(291, 115)	'ars'	2049
2042	(233, 173)	b'\xe9\xad'	2051
2043	(410, 859)	'cept'	2052
2044	(822, 151)	'算'	2053
2045	(32, 288)	' ed'	2054
2046	(593, 749)	' trans'	2055
2047	(871, 333)	'但是'	2056
2048	(384, 161)	'条'	2057
2049	(49, 46)	'1.'	2058
2050	(648, 178)	'洲'	2059
2051	(105, 1020)	'ience'	2060
2052	(511, 134)	'历'	2061
2053	(73, 102)	'If'	2062
2054	(1680, 689)	'怎么'	2063
2055	(709, 174)	'普'	2064
2056	(229, 130)	b'\xe5\x82'	2065
2057	(474, 187)	'死'	2066
2058	(888, 182)	'究'	2067
2059	(365, 180)	'维'	2068
2060	(1238, 174)	'售'	2069
2061	(32, 1520)	' ک'	2070
2062	(101, 345)	'ead'	2071
2063	(259, 283)	'ines'	2072
2064	(708, 178)	'育'	2073
2065	(529, 808)	' exper'	2074
2066	(327, 115)	'ets'	2075
2067	(267, 290)	'eral'	2076
2068	(269, 116)	'att'	2077
2069	(431, 181)	'况'	2078
2070	(273, 110)	'orn'	2079
2071	(1164, 177)	'钱'	2080
2072	(602, 333)	'也是'	2081
2073	(298, 1078)	' things'	2082
2074	(583, 178)	'防'	2083
2075	(1168, 687)	" doesn't"	2084
2076	(307, 176)	'兰'	2085
2077	(384, 191)	'板'	2086
2078	(297, 401)	' inter'	2087
2079	(294, 590)	' hard'	2088
2080	(276, 345)	' bad'	2089
2081	(384, 142)	'李'	2090
2082	(1222, 1222)	'\xa0\xa0'	2091
2083	(840, 143)	'随'	2092
2084	(275, 531)	' cour'	2093
2085	(454, 175)	'积'	2094
2086	(294, 549)	' home'	2095
2087	(229, 169)	b'\xe5\xa9'	2096
2088	(268, 259)	' win'	2097
2089	(487, 101)	' come'	2098
2090	(258, 262)	'here'	2099
2091	(12001, 319)	" I've"	2100
2092	(724, 1648)	'开始'	2101
2093	(432, 175)	'环'	2102
2094	(1312, 179)	'音'	2103
2095	(1323, 651)	'觉得'	2104
2096	(513, 179)	'河'	2105
2097	(375, 100)	'ird'	2106
2098	(108, 683)	'line'	2107
2099	(313, 115)	' Is'	2108
2100	(599, 146)	'排'	2109
2101	(1838, 661)	'企业'	2110
2102	(824, 318)	'erest'	2111
2103	(108, 504)	'less'	2112
2104	(381, 943)	'人民'	2113
2105	(537, 1879)	' develop'	2114
2106	(659, 333)	'都是'	2115
2107	(1482, 1858)	' system'	2116
2108	(227, 131)	b'\xe3\x83'	2117
2109	(819, 101)	'ize'	2118
2110	(357, 316)	'ution'	2119
2111	(275, 329)	' cent'	2120
2112	(284, 291)	' par'	2121
2113	(103, 267)	'ger'	2122
2114	(301, 1969)	' little'	2123
2115	(537, 112)	' dep'	2124
2116	(1568, 144)	'源'	2125
2117	(275, 996)	' coll'	2126
2118	(372, 345)	' head'	2127
2119	(273, 494)	'orts'	2128
2120	(630, 363)	'ield'	2129
2121	(267, 110)	'ern'	2130
2122	(603, 185)	'边'	2132
2123	(561, 692)	'日本'	2133
2124	(256, 464)	' tri'	2134
2125	(475, 173)	'购'	2135
2126	(1221, 887)	'知道'	2136
2127	(1141, 606)	' report'	2137
2128	(523, 174)	b' \xe0\xae'	2138
2129	(1923, 168)	'器'	2139
2130	(301, 637)	' loc'	2141
2131	(292, 327)	' det'	2142
2132	(286, 327)	' met'	2143
2133	(1455, 181)	'段'	2144
2134	(738, 191)	'便'	2145
2135	(493, 1375)	' next'	2146
2136	(269, 115)	'ats'	2147
2137	(100, 267)	'der'	2148
2138	(289, 1277)	' another'	2149
2139	(32, 209)	b' \xd1'	2150
2140	(709, 175)	'景'	2151
2141	(263, 1743)	' school'	2152
2142	(502, 189)	'命'	2153
2143	(302, 164)	'古'	2154
2144	(229, 152)	b'\xe5\x98'	2155
2145	(287, 363)	' old'	2156
2146	(292, 97)	' da'	2157
2147	(973, 1024)	'电影'	2158
2148	(376, 169)	'孩'	2159
2149	(440, 187)	'医'	2160
2150	(216, 179)	'س'	2161
2151	(442, 691)	' kind'	2162
2152	(231, 147)	b'\xe7\x93'	2163
2153	(1585, 630)	' belie'	2164
2154	(280, 333)	'的是'	2165
2155	(944, 190)	'百'	2166
2156	(362, 112)	' Sp'	2167
2157	(291, 105)	'ari'	2168
2158	(329, 316)	'ention'	2169
2159	(387, 135)	'采'	2170
2160	(1125, 116)	' thought'	2171
2161	(275, 756)	' care'	2172
2162	(268, 97)	' wa'	2173
2163	(110, 410)	'nce'	2174
2164	(384, 131)	'权'	2175
2165	(116, 277)	'ten'	2176
2166	(968, 144)	'某'	2177
2167	(360, 180)	'却'	2178
2168	(367, 169)	'助'	2179
2169	(1522, 161)	'象'	2180
2170	(98, 114)	'br'	2181
2171	(366, 564)	' unt'	2182
2172	(411, 149)	'引'	2183
2173	(301, 327)	' let'	2184
2174	(97, 640)	'ared'	2185
2175	(1410, 188)	'楼'	2186
2176	(32, 673)	' ide'	2187
2177	(105, 514)	'ially'	2188
2178	(281, 996)	' foll'	2189
2179	(385, 133)	'待'	2190
2180	(717, 48)	' 200'	2191
2181	(817, 595)	'很多'	2192
2182	(310, 97)	' na'	2193
2183	(461, 129)	'态'	2194
2184	(338, 115)	' iss'	2195
2185	(231, 191)	b'\xe7\xbf'	2196
2186	(510, 191)	'拿'	2197
2187	(448, 140)	'牌'	2198
2188	(610, 288)	'ected'	2199
2189	(350, 162)	'团'	2200
2190	(281, 1829)	' friend'	2201
2191	(496, 164)	'除'	2202
2192	(360, 128)	'區'	2203
2193	(257, 118)	' av'	2204
2194	(354, 169)	'早'	2205
2195	(311, 572)	' give'	2206
2196	(230, 147)	b'\xe6\x93'	2207
2197	(1212, 143)	'福'	2208
2198	(634, 139)	'個'	2209
2199	(32, 122)	' z'	2210
2200	(555, 1198)	'生活'	2211
2201	(276, 271)	' bit'	2212
2202	(257, 357)	' aut'	2213
2203	(355, 153)	'料'	2214
2204	(904, 471)	'irect'	2215
2205	(517, 133)	'必'	2217
2206	(293, 112)	' top'	2218
2207	(839, 466)	' quest'	2219
2208	(105, 1204)	'ivers'	2220
2209	(413, 280)	'大的'	2221
2210	(109, 288)	'med'	2222
2211	(275, 579)	' cap'	2223
2212	(656, 1851)	' govern'	2224
2213	(275, 262)	' cre'	2225
2214	(711, 159)	'跟'	2226
2215	(275, 273)	' cor'	2227
2216	(259, 504)	'iness'	2228
2217	(461, 157)	'思'	2229
2218	(496, 144)	'限'	2230
2219	(276, 470)	' bus'	2231
2220	(116, 288)	'ted'	2232
2221	(677, 565)	'主要'	2233
2222	(99, 504)	'cess'	2234
2223	(315, 952)	'lease'	2236
2224	(1360, 428)	'认为'	2237
2225	(104, 737)	'hip'	2238
2226	(426, 149)	'底'	2239
2227	(412, 104)	'outh'	2240
2228	(39, 309)	"'ll"	2241
2229	(259, 97)	'ina'	2242
2230	(365, 136)	'终'	2243
2231	(501, 1016)	'以及'	2244
2232	(1042, 1863)	'政府'	2245
2233	(101, 640)	'ered'	2246
2234	(351, 1471)	'ross'	2247
2235	(810, 148)	'委'	2248
2236	(385, 128)	'往'	2249
2237	(48, 46)	'0.'	2250
2238	(573, 272)	' plan'	2251
2239	(393, 135)	'奇'	2252
2240	(396, 190)	'找'	2253
2241	(297, 1235)	' inform'	2254
2242	(382, 151)	'众'	2255
2243	(641, 121)	'oney'	2256
2244	(50, 53)	'25'	2257
2245	(529, 890)	' expl'	2258
2246	(284, 1365)	' poss'	2259
2247	(377, 191)	'ि'	2260
2248	(99, 264)	'con'	2261
2249	(271, 290)	'ital'	2262
2250	(318, 479)	'stand'	2263
2251	(547, 167)	'剧'	2264
2252	(585, 129)	'极'	2265
2253	(573, 883)	' place'	2266
2254	(788, 315)	' comple'	2267
2255	(330, 992)	' each'	2268
2256	(889, 1510)	' group'	2269
2257	(46, 83)	'.S'	2270
2258	(647, 103)	' leg'	2271
2259	(274, 141)	'」'	2272
2260	(274, 140)	'「'	2273
2261	(273, 477)	'orth'	2274
2262	(99, 283)	'ces'	2275
2263	(767, 116)	' art'	2276
2264	(399, 412)	' without'	2277
2265	(281, 764)	' fact'	2278
2266	(369, 115)	' As'	2279
2267	(609, 555)	'学生'	2280
2268	(1474, 121)	'ready'	2281
2269	(509, 114)	' Fr'	2282
2270	(736, 621)	'部分'	2283
2271	(380, 1487)	'echn'	2284
2272	(1677, 277)	' open'	2285
2273	(1116, 145)	'黑'	2286
2274	(770, 641)	' someone'	2287
2275	(478, 271)	' shit'	2288
2276	(324, 152)	'官'	2289
2277	(658, 741)	'方面'	2290
2278	(492, 180)	'致'	2291
2279	(301, 291)	' lar'	2292
2280	(553, 186)	'်'	2293
2281	(381, 280)	'人的'	2294
2282	(647, 1051)	' level'	2295
2283	(705, 174)	'置'	2296
2284	(1212, 187)	'离'	2297
2285	(1713, 750)	b'\xe0\xaf\x8d\xe0\xae'	2298
2286	(771, 524)	'同时'	2299
2287	(301, 504)	' less'	2300
2288	(388, 184)	'许'	2301
2289	(89, 1667)	'Yeah'	2302
2290	(1055, 165)	'营'	2303
2291	(118, 679)	'vice'	2304
2292	(104, 97)	'ha'	2305
2293	(330, 300)	' eas'	2306
2294	(1820, 2058)	'研究'	2307
2295	(636, 150)	'策'	2308
2296	(262, 564)	'rent'	2309
2297	(1726, 594)	'银行'	2310
2298	(372, 1738)	' health'	2311
2299	(284, 916)	' pass'	2312
2300	(1055, 189)	'落'	2313
2301	(1262, 1731)	' probably'	2314
2302	(936, 133)	' م'	2315
2303	(32, 755)	b' \xe1\x88'	2316
2304	(306, 171)	'夫'	2317
2305	(231, 162)	b'\xe7\xa2'	2318
2306	(109, 259)	'min'	2319
2307	(437, 283)	'ages'	2320
2308	(268, 1135)	' water'	2321
2309	(1544, 277)	' happen'	2322
2310	(1566, 565)	'需要'	2323
2311	(1727, 1855)	'喜欢'	2324
2312	(377, 176)	'र'	2325
2313	(301, 1114)	' law'	2326
2314	(402, 187)	'击'	2327
2315	(313, 414)	' Ind'	2328
2316	(78, 111)	'No'	2329
2317	(1303, 140)	'验'	2330
2318	(56, 48)	'80'	2331
2319	(1426, 161)	'满'	2332
2320	(271, 282)	'iting'	2333
2321	(476, 188)	'眼'	2334
2322	(301, 97)	' la'	2335
2323	(1406, 466)	' invest'	2336
2324	(585, 132)	'构'	2337
2325	(328, 541)	' requ'	2338
2326	(899, 159)	'食'	2339
2327	(103, 121)	'gy'	2340
2328	(731, 2102)	' interest'	2341
2329	(109, 101)	'me'	2342
2330	(233, 150)	b'\xe9\x96'	2343
2331	(267, 282)	'ering'	2344
2332	(99, 108)	'cl'	2345
2333	(619, 428)	'成为'	2346
2334	(697, 128)	'ी'	2347
2335	(286, 1846)	' market'	2348
2336	(292, 464)	' dri'	2349
2337	(1706, 166)	'警'	2350
2338	(419, 138)	'益'	2351
2339	(330, 368)	' ever'	2352
2340	(850, 501)	'所以'	2353
2341	(341, 137)	'义'	2354
2342	(751, 282)	' using'	2355
2343	(539, 386)	'到了'	2356
2344	(320, 146)	'划'	2357
2345	(100, 100)	'dd'	2358
2346	(519, 141)	'响'	2359
2347	(225, 140)	b'\xe1\x8c'	2360
2348	(1269, 443)	' commun'	2361
2349	(278, 316)	'ision'	2363
2350	(281, 291)	' far'	2364
2351	(286, 445)	' mem'	2365
2352	(542, 2268)	' already'	2366
2353	(320, 157)	'初'	2367
2354	(845, 305)	' offic'	2368
2355	(231, 182)	b'\xe7\xb6'	2369
2356	(610, 316)	'ection'	2370
2357	(819, 288)	'ized'	2371
2358	(527, 162)	'波'	2372
2359	(296, 139)	'朋'	2373
2360	(231, 181)	b'\xe7\xb5'	2374
2361	(233, 178)	b'\xe9\xb2'	2375
2362	(1133, 606)	' import'	2376
2363	(289, 110)	' ann'	2377
2364	(559, 159)	'域'	2378
2365	(502, 162)	'呢'	2379
2366	(496, 141)	'降'	2380
2367	(276, 262)	' bre'	2381
2368	(209, 139)	'ы'	2382
2369	(1343, 1134)	'非常'	2383
2370	(768, 398)	'其中'	2384
2371	(317, 156)	'远'	2385
2372	(703, 1036)	' getting'	2386
2373	(285, 178)	'亲'	2387
2374	(285, 137)	'争'	2388
2375	(442, 400)	' kill'	2389
2376	(370, 538)	'不会'	2390
2377	(380, 494)	'ects'	2391
2378	(778, 604)	' enough'	2392
2379	(1478, 606)	' support'	2393
2380	(355, 173)	'断'	2394
2381	(426, 167)	'座'	2395
2382	(256, 1749)	' typ'	2396
2383	(987, 139)	b' \xe1\x8b'	2398
2384	(772, 190)	'ા'	2399
2385	(896, 1909)	' percent'	2400
2386	(1803, 153)	'龙'	2401
2387	(328, 318)	' rest'	2402
2388	(97, 105)	'ai'	2403
2389	(486, 322)	'ately'	2404
2390	(425, 140)	'富'	2405
2391	(32, 90)	' Z'	2406
2392	(371, 486)	' state'	2407
2393	(496, 136)	'陈'	2408
2394	(369, 110)	' An'	2409
2395	(232, 158)	b'\xe8\x9e'	2410
2396	(115, 99)	'sc'	2411
2397	(647, 605)	' least'	2412
2398	(456, 334)	' How'	2413
2399	(286, 269)	' mat'	2414
2400	(427, 427)	'....'	2415
2401	(116, 116)	'tt'	2416
2402	(922, 2069)	'情况'	2417
2403	(1197, 421)	'今年'	2418
2404	(977, 131)	'境'	2419
2405	(1311, 1124)	'设计'	2420
2406	(678, 115)	'ounds'	2421
2407	(709, 154)	'晚'	2422
2408	(775, 1104)	'比赛'	2423
2409	(107, 97)	'ka'	2424
2410	(1363, 348)	'gram'	2425
2411	(324, 157)	'宝'	2426
2412	(104, 111)	'ho'	2427
2413	(960, 282)	'ording'	2428
2414	(583, 179)	'阳'	2429
2415	(286, 1220)	' miss'	2430
2416	(815, 179)	'石'	2431
2417	(490, 1403)	' season'	2432
2418	(903, 259)	' contin'	2433
2419	(301, 575)	' lear'	2434
2420	(339, 983)	'一些'	2435
2421	(326, 172)	'听'	2436
2422	(2359, 1389)	'朋友'	2437
2423	(512, 288)	'osed'	2438
2424	(50, 46)	'2.'	2439
2425	(256, 760)	' tell'	2440
2426	(864, 168)	'涨'	2441
2427	(306, 159)	'够'	2442
2428	(385, 174)	'微'	2443
2429	(100, 734)	'duc'	2444
2430	(325, 116)	'ott'	2445
2431	(314, 159)	'土'	2446
2432	(1460, 150)	'湖'	2447
2433	(1116, 132)	'黄'	2448
2434	(99, 288)	'ced'	2449
2435	(97, 489)	'app'	2450
2436	(284, 335)	' pay'	2451
2437	(428, 1077)	'为什么'	2452
2438	(114, 290)	'ral'	2453
2439	(469, 983)	'这些'	2454
2440	(302, 166)	'另'	2455
2441	(1152, 1058)	' build'	2456
2442	(281, 1259)	' full'	2457
2443	(370, 667)	'不过'	2458
2444	(657, 175)	' د'	2459
2445	(327, 121)	'ety'	2460
2446	(263, 271)	' sit'	2461
2447	(576, 99)	' soc'	2462
2448	(979, 1242)	'英语'	2463
2449	(800, 1626)	' anything'	2464
2450	(1337, 681)	'使用'	2465
2451	(1002, 129)	'码'	2466
2452	(362, 111)	' So'	2467
2453	(371, 479)	' stand'	2468
2454	(232, 169)	b'\xe8\xa9'	2469
2455	(294, 484)	' hum'	2470
2456	(230, 191)	b'\xe6\xbf'	2471
2457	(330, 291)	' ear'	2472
2458	(117, 704)	'uff'	2473
2459	(280, 1776)	'的时候'	2474
2460	(271, 436)	'ither'	2475
2461	(231, 184)	b'\xe7\xb8'	2476
2462	(533, 139)	'测'	2477
2463	(518, 290)	' val'	2478
2464	(54, 48)	'60'	2479
2465	(371, 269)	' stat'	2480
2466	(503, 101)	' Re'	2481
2467	(354, 143)	'族'	2482
2468	(525, 146)	'青'	2483
2469	(32, 327)	' et'	2484
2470	(371, 262)	' stre'	2485
2471	(281, 964)	' free'	2486
2472	(301, 552)	' list'	2487
2473	(497, 282)	' doing'	2488
2474	(263, 424)	' sol'	2489
2475	(646, 938)	'ан'	2490
2476	(292, 552)	' dist'	2491
2477	(729, 190)	'া'	2492
2478	(229, 179)	b'\xe5\xb3'	2493
2479	(1430, 288)	' called'	2494
2480	(72, 334)	'How'	2495
2481	(105, 121)	'iy'	2496
2482	(263, 119)	' sw'	2497
2483	(230, 189)	b'\xe6\xbd'	2498
2484	(272, 110)	'ann'	2499
2485	(292, 445)	' dem'	2500
2486	(393, 165)	'奥'	2501
2487	(510, 169)	'择'	2502
2488	(469, 1022)	'这种'	2503
2489	(290, 102)	'alf'	2504
2490	(320, 154)	'刚'	2505
2491	(276, 300)	' bas'	2506
2492	(69, 82)	'ER'	2507
2493	(490, 277)	' seen'	2508
2494	(261, 190)	'举'	2509
2495	(696, 187)	'轻'	2510
2496	(1421, 132)	'摄'	2511
2497	(107, 288)	'ked'	2512
2498	(232, 146)	b'\xe8\x92'	2513
2499	(338, 687)	" isn't"	2514
2500	(284, 439)	' pop'	2515
2501	(725, 83)	' US'	2516
2502	(231, 134)	b'\xe7\x86'	2517
2503	(590, 115)	'ards'	2518
2504	(262, 277)	'reen'	2519
2505	(1341, 797)	'管理'	2520
2506	(286, 1638)	' makes'	2521
2507	(32, 319)	' ve'	2522
2508	(1561, 121)	'ology'	2523
2509	(98, 115)	'bs'	2524
2510	(39, 319)	"'ve"	2525
2511	(231, 145)	b'\xe7\x91'	2526
2512	(474, 166)	'武'	2527
2513	(370, 563)	'不能'	2528
2514	(1333, 335)	' away'	2529
2515	(269, 391)	'atur'	2530
2516	(838, 140)	'职'	2531
2517	(1587, 133)	'病'	2532
2518	(281, 531)	' four'	2533
2519	(1030, 667)	'通过'	2534
2520	(349, 133)	'幅'	2535
2521	(272, 101)	'ane'	2536
2522	(1110, 280)	'自己的'	2537
2523	(65, 414)	'And'	2538
2524	(384, 144)	'材'	2539
2525	(286, 277)	' men'	2540
2526	(1433, 577)	' small'	2541
2527	(792, 165)	'ụ'	2542
2528	(647, 1338)	' left'	2543
2529	(256, 1385)	' turn'	2544
2530	(12001, 309)	" I'll"	2545
2531	(109, 109)	'mm'	2546
2532	(706, 378)	'还有'	2547
2533	(434, 130)	'适'	2548
2534	(66, 357)	'But'	2549
2535	(278, 288)	'ised'	2550
2536	(1515, 1515)	'哈哈'	2551
2537	(284, 1503)	' power'	2552
2538	(310, 629)	' name'	2553
2539	(50, 51)	'23'	2554
2540	(398, 280)	'中的'	2555
2541	(405, 174)	'差'	2556
2542	(533, 170)	'浪'	2557
2543	(284, 1842)	' public'	2558
2544	(433, 1808)	'国际'	2559
2545	(287, 489)	' opp'	2560
2546	(98, 444)	'bers'	2561
2547	(586, 608)	'对于'	2562
2548	(496, 169)	'险'	2563
2549	(425, 134)	'密'	2564
2550	(32, 283)	' es'	2565
2551	(509, 273)	' For'	2566
2552	(326, 166)	'否'	2567
2553	(286, 463)	' must'	2568
2554	(50, 52)	'24'	2569
2555	(232, 151)	b'\xe8\x97'	2570
2556	(114, 579)	'rap'	2571
2557	(917, 325)	' prot'	2572
2558	(1983, 1957)	'香港'	2573
2559	(286, 491)	' main'	2574
2560	(328, 358)	' rese'	2575
2561	(393, 151)	'套'	2576
2562	(257, 375)	' air'	2577
2563	(450, 494)	'ights'	2578
2564	(268, 291)	' war'	2579
2565	(99, 111)	'co'	2580
2566	(320, 135)	'切'	2581
2567	(1004, 176)	'声'	2582
2568	(474, 140)	'歌'	2583
2569	(458, 149)	'录'	2584
2570	(462, 712)	' What'	2586
2571	(292, 809)	' days'	2587
2572	(622, 671)	'发现'	2588
2573	(32, 81)	' Q'	2589
2574	(195, 160)	'à'	2590
2575	(379, 108)	' Cl'	2591
2576	(1304, 141)	'్'	2592
2577	(730, 162)	'谢'	2593
2578	(108, 282)	'ling'	2594
2579	(293, 363)	' told'	2595
2580	(105, 640)	'ired'	2596
2581	(2241, 408)	' information'	2597
2582	(491, 115)	'ains'	2598
2583	(286, 2243)	' money'	2599
2584	(341, 160)	'习'	2600
2585	(626, 164)	'群'	2601
2586	(111, 345)	'oad'	2602
2587	(270, 98)	'oub'	2603
2588	(957, 153)	'错'	2604
2589	(851, 658)	'平方'	2605
2590	(292, 505)	' del'	2606
2591	(522, 262)	' There'	2607
2592	(311, 1709)	' games'	2608
2593	(382, 164)	'伤'	2609
2594	(911, 118)	' prev'	2610
2595	(349, 178)	'干'	2611
2596	(1198, 803)	'活动'	2612
2597	(670, 280)	'好的'	2613
2598	(83, 116)	'St'	2614
2599	(459, 56)	' 18'	2615
2600	(32, 466)	' est'	2616
2601	(294, 531)	' hour'	2617
2602	(356, 109)	' form'	2618
2603	(713, 550)	'augh'	2619
2604	(73, 78)	'IN'	2620
2605	(413, 532)	'大家'	2621
2606	(256, 1679)	' times'	2622
2607	(362, 99)	' Sc'	2623
2608	(569, 315)	' able'	2624
2609	(1332, 149)	'ን'	2625
2610	(1073, 305)	' partic'	2626
2611	(284, 111)	' po'	2627
2612	(296, 157)	'朝'	2628
2613	(1536, 825)	' looking'	2629
2614	(1634, 491)	'ertain'	2630
2615	(355, 189)	'施'	2631
2616	(272, 97)	'ana'	2632
2617	(2171, 407)	' until'	2633
2618	(534, 101)	' Le'	2634
2619	(2011, 847)	' number'	2635
2620	(284, 464)	' pri'	2636
2621	(114, 264)	'ron'	2637
2622	(1295, 2487)	'选择'	2638
2623	(45, 98)	'-b'	2639
2624	(429, 351)	' Pro'	2640
2625	(119, 97)	'wa'	2641
2626	(768, 584)	'其他'	2642
2627	(1519, 135)	'ে'	2643
2628	(616, 100)	' word'	2644
2629	(1172, 1146)	'应该'	2645
2630	(934, 565)	'重要'	2646
2631	(360, 131)	'千'	2647
2632	(281, 407)	' fil'	2648
2633	(2212, 591)	' government'	2649
2634	(2395, 141)	'融'	2650
2635	(903, 351)	' contro'	2651
2636	(65, 84)	'AT'	2652
2637	(1019, 1132)	'价格'	2653
2638	(121, 282)	'ying'	2654
2639	(42, 42)	'**'	2655
2640	(284, 269)	' pat'	2656
2641	(402, 143)	'减'	2657
2642	(746, 801)	'美元'	2658
2643	(340, 147)	'–'	2659
2644	(865, 162)	'索'	2660
2645	(256, 466)	' test'	2661
2646	(292, 2204)	' direct'	2662
2647	(680, 428)	'作为'	2663
2648	(1480, 173)	'班'	2664
2649	(2247, 377)	b'\xe0\xa4\xbf\xe0\xa4'	2665
2650	(545, 671)	'出现'	2666
2651	(518, 278)	' vis'	2667
2652	(12006, 282)	' including'	2668
2653	(312, 165)	'春'	2669
2654	(1024, 2346)	'影响'	2670
2655	(1260, 2250)	' understand'	2671
2656	(475, 162)	'财'	2672
2657	(112, 115)	'ps'	2673
2658	(331, 283)	'ides'	2674
2659	(345, 97)	'ada'	2675
2660	(336, 104)	' beh'	2676
2661	(12007, 109)	' problem'	2677
2662	(822, 128)	'简'	2678
2663	(275, 424)	' col'	2679
2664	(657, 168)	' ب'	2680
2665	(115, 112)	'sp'	2681
2666	(286, 331)	' mid'	2682
2667	(2280, 553)	b'\xe1\x80\xba\xe1\x80'	2683
2668	(604, 116)	'ought'	2684
2669	(195, 188)	'ü'	2685
2670	(278, 1209)	'ished'	2686
2671	(379, 272)	' Can'	2687
2672	(32, 553)	b' \xe1\x80'	2688
2673	(1112, 322)	'iously'	2689
2674	(467, 133)	'故'	2690
2675	(306, 174)	'央'	2691
2676	(52, 48)	'40'	2692
2677	(448, 136)	'版'	2693
2678	(83, 111)	'So'	2694
2679	(375, 108)	'irl'	2695
2680	(434, 129)	'送'	2696
2681	(1720, 1603)	' Trump'	2697
2682	(391, 121)	'ury'	2698
2683	(568, 121)	'They'	2699
2684	(105, 389)	'ike'	2700
2685	(1839, 1458)	' children'	2701
2686	(738, 157)	'依'	2702
2687	(268, 1434)	' watch'	2703
2688	(386, 339)	'了一'	2704
2689	(360, 171)	'卫'	2705
2690	(1233, 189)	'虽'	2706
2691	(286, 1409)	' making'	2707
2692	(119, 335)	'way'	2708
2693	(925, 138)	'්'	2709
2694	(1328, 1328)	'        '	2710
2695	(475, 163)	'责'	2711
2696	(50, 50)	'22'	2712
2697	(568, 262)	'There'	2713
2698	(45, 116)	'-t'	2714
2699	(485, 1045)	' job'	2715
2700	(284, 512)	' pos'	2716
2701	(259, 290)	'inal'	2717
2702	(292, 641)	' done'	2718
2703	(291, 97)	'ara'	2719
2704	(275, 952)	' case'	2720
2705	(459, 53)	' 15'	2721
2706	(556, 1557)	' change'	2722
2707	(395, 335)	' May'	2723
2708	(544, 280)	'来的'	2724
2709	(230, 166)	b'\xe6\xa6'	2725
2710	(1896, 129)	'突'	2726
2711	(370, 771)	'不同'	2727
2712	(905, 1193)	'第二'	2728
2713	(1692, 773)	' country'	2729
2714	(738, 139)	'例'	2730
2715	(119, 119)	'ww'	2731
2716	(365, 167)	'继'	2732
2717	(788, 1624)	' company'	2733
2718	(1711, 532)	'玩家'	2734
2719	(256, 2271)	' techn'	2735
2720	(337, 189)	'尽'	2736
2721	(339, 1359)	'一直'	2737
2722	(783, 916)	' class'	2738
2723	(475, 167)	'货'	2739
2724	(515, 179)	'纳'	2740
2725	(286, 1947)	' million'	2741
2726	(269, 726)	'ature'	2742
2727	(1353, 172)	'独'	2743
2728	(79, 78)	'ON'	2744
2729	(1924, 1361)	' family'	2745
2730	(232, 187)	b'\xe8\xbb'	2746
2731	(510, 172)	'括'	2747
2732	(230, 190)	b'\xe6\xbe'	2748
2733	(597, 174)	'修'	2749
2734	(757, 118)	' adv'	2750
2735	(347, 187)	'画'	2751
2736	(620, 111)	' Jo'	2752
2737	(403, 1404)	' having'	2753
2738	(233, 186)	b'\xe9\xba'	2754
2739	(420, 108)	' Bl'	2755
2740	(599, 167)	'控'	2756
2741	(286, 470)	' mus'	2757
2742	(208, 183)	'з'	2758
2743	(229, 170)	b'\xe5\xaa'	2759
2744	(46, 1716)	'.com'	2760
2745	(480, 130)	'层'	2761
2746	(46, 53)	'.5'	2762
2747	(371, 439)	' stop'	2763
2748	(1718, 182)	'状'	2764
2749	(380, 104)	'ech'	2765
2750	(2362, 546)	' important'	2766
2751	(1275, 643)	'城市'	2767
2752	(304, 141)	'仍'	2768
2753	(859, 316)	'ption'	2769
2754	(815, 173)	'短'	2770
2755	(324, 164)	'室'	2771
2756	(307, 180)	'兴'	2772
2757	(769, 209)	b'\xd0\xb8\xd1'	2773
2758	(365, 157)	'绝'	2774
2759	(296, 131)	'會'	2775
2760	(470, 288)	'used'	2776
2761	(624, 114)	' Or'	2777
2762	(716, 627)	'之后'	2778
2763	(381, 1250)	'人口'	2779
2764	(426, 183)	'康'	2780
2765	(1875, 1701)	'希望'	2781
2766	(395, 291)	' Mar'	2782
2767	(536, 114)	' Gr'	2783
2768	(535, 141)	'母'	2784
2769	(292, 348)	' dam'	2785
2770	(286, 970)	' move'	2786
2771	(225, 141)	b'\xe1\x8d'	2787
2772	(812, 190)	'ਾ'	2788
2773	(634, 186)	'债'	2789
2774	(499, 2410)	' program'	2790
2775	(499, 102)	' prof'	2791
2776	(121, 101)	'ye'	2792
2777	(310, 566)	' night'	2793
2778	(114, 552)	'rist'	2794
2779	(286, 291)	' mar'	2795
2780	(505, 115)	'els'	2796
2781	(372, 374)	" he's"	2797
2782	(286, 407)	' mil'	2798
2783	(275, 97)	' ca'	2799
2784	(1457, 121)	'ency'	2800
2785	(270, 100)	'oud'	2801
2786	(451, 164)	'护'	2802
2787	(1100, 121)	' guy'	2803
2788	(782, 190)	'爾'	2804
2789	(499, 2222)	' process'	2805
2790	(273, 773)	'orry'	2806
2791	(57, 48)	'90'	2807
2792	(384, 145)	'村'	2808
2793	(632, 786)	'公里'	2809
2794	(114, 764)	'ract'	2810
2795	(1484, 129)	'威'	2811
2796	(856, 48)	' 30'	2812
2797	(307, 173)	'六'	2813
2798	(328, 1403)	' reason'	2814
2799	(259, 116)	'int'	2815
2800	(276, 351)	' bro'	2816
2801	(365, 134)	'细'	2817
2802	(292, 2019)	' data'	2818
2803	(1678, 2731)	'包括'	2819
2804	(281, 664)	' food'	2820
2805	(362, 258)	' She'	2821
2806	(993, 689)	'那么'	2822
2807	(284, 391)	' pur'	2823
2808	(491, 288)	'ained'	2824
2809	(331, 267)	'ider'	2825
2810	(936, 136)	' و'	2826
2811	(491, 282)	'aining'	2827
2812	(348, 97)	'ama'	2828
2813	(775, 1535)	'比较'	2829
2814	(618, 101)	'ude'	2830
2815	(1798, 966)	'项目'	2831
2816	(979, 1751)	'英語'	2832
2817	(1674, 173)	'播'	2833
2818	(2219, 2216)	' business'	2834
2819	(39, 100)	"'d"	2835
2820	(581, 857)	'地产'	2836
2821	(1579, 374)	"That's"	2837
2822	(716, 339)	'之一'	2838
2823	(257, 704)	' aff'	2839
2824	(361, 134)	'识'	2840
2825	(331, 115)	'ids'	2841
2826	(426, 151)	'店'	2842
2827	(118, 1782)	'view'	2843
2828	(1448, 259)	' defin'	2844
2829	(109, 598)	'most'	2845
2830	(2148, 707)	'孩子'	2846
2831	(594, 661)	'行业'	2847
2832	(510, 155)	'招'	2848
2833	(32, 235)	b' \xeb'	2849
2834	(453, 280)	'上的'	2850
2835	(291, 282)	'aring'	2851
2836	(233, 184)	b'\xe9\xb8'	2852
2837	(612, 157)	'额'	2853
2838	(462, 104)	' Wh'	2854
2839	(329, 322)	'ently'	2855
2840	(365, 169)	'绩'	2856
2841	(1301, 129)	'岁'	2858
2842	(339, 853)	'一定'	2859
2843	(1038, 471)	'ruct'	2860
2844	(321, 327)	' yet'	2861
2845	(300, 283)	'ases'	2862
2846	(511, 191)	'县'	2863
2847	(1002, 180)	'破'	2864
2848	(725, 2257)	' U.S'	2865
2849	(294, 552)	' hist'	2866
2850	(1556, 282)	' trying'	2867
2851	(1460, 190)	'湾'	2868
2852	(1898, 2296)	' current'	2869
2853	(315, 121)	'ley'	2870
2854	(325, 115)	'ots'	2871
2855	(277, 103)	'eng'	2872
2856	(68, 65)	'DA'	2873
2857	(69, 83)	'ES'	2874
2858	(271, 267)	'iter'	2875
2859	(1184, 282)	' saying'	2876
2860	(830, 186)	'艺'	2877
2861	(2384, 772)	b'\xe0\xaa\xbe\xe0\xaa'	2878
2862	(431, 153)	'写'	2879
2863	(2176, 97)	' idea'	2880
2864	(464, 283)	'ries'	2881
2865	(729, 176)	'র'	2882
2866	(105, 273)	'ior'	2883
2867	(65, 115)	'As'	2884
2868	(350, 180)	'围'	2885
2869	(216, 168)	'ب'	2886
2870	(323, 179)	'佳'	2887
2871	(49, 558)	'100'	2888
2872	(105, 368)	'iver'	2889
2873	(340, 166)	'…'	2890
2874	(275, 629)	' came'	2891
2875	(1536, 592)	' looks'	2892
2876	(1371, 863)	'增长'	2893
2877	(459, 50)	' 12'	2894
2878	(517, 151)	'志'	2895
2879	(465, 99)	' conc'	2896
2880	(1750, 538)	'社会'	2897
2881	(1760, 131)	'范'	2898
2882	(1777, 273)	'ajor'	2899
2883	(117, 640)	'ured'	2900
2884	(676, 135)	'镇'	2901
2885	(617, 191)	' п'	2902
2886	(103, 259)	'gin'	2903
2887	(488, 187)	'攻'	2904
2888	(899, 158)	'飞'	2905
2889	(111, 389)	'oke'	2906
2890	(1273, 2064)	'教育'	2907
2891	(720, 143)	'苏'	2908
2892	(232, 179)	b'\xe8\xb3'	2909
2893	(429, 104)	' Ph'	2910
2894	(290, 574)	'ality'	2911
2895	(792, 139)	'ị'	2912
2896	(515, 170)	'纪'	2913
2897	(263, 673)	' side'	2914
2898	(45, 102)	'-f'	2915
2899	(417, 163)	'衣'	2916
2900	(513, 185)	'油'	2917
2901	(209, 150)	'і'	2918
2902	(697, 139)	'ो'	2919
2903	(301, 1135)	' later'	2920
2904	(296, 168)	'木'	2921
2905	(530, 319)	' live'	2922
2906	(105, 484)	'ium'	2923
2907	(383, 129)	'币'	2924
2908	(281, 343)	' fac'	2925
2909	(87, 760)	'Well'	2926
2910	(112, 315)	'ple'	2927
2911	(236, 157)	b'\xec\x9d'	2928
2912	(1158, 57)	'2009'	2929
2913	(268, 329)	' went'	2930
2914	(418, 278)	' ris'	2931
2915	(500, 111)	' No'	2932
2916	(398, 820)	'中心'	2933
2917	(12009, 277)	' women'	2934
2918	(360, 143)	'协'	2935
2919	(232, 147)	b'\xe8\x93'	2936
2920	(1617, 1136)	'支持'	2937
2921	(360, 160)	'占'	2938
2922	(360, 176)	'印'	2939
2923	(275, 598)	' cost'	2940
2924	(304, 139)	'介'	2941
2925	(50, 49)	'21'	2942
2926	(807, 1200)	'ان'	2943
2927	(262, 116)	'ret'	2944
2928	(816, 177)	'稱'	2945
2929	(833, 608)	'位于'	2946
2930	(343, 592)	'acks'	2947
2931	(614, 137)	'按'	2948
2932	(284, 605)	' past'	2949
2933	(320, 152)	'刘'	2950
2934	(517, 181)	'念'	2951
2935	(101, 98)	'eb'	2952
2936	(637, 105)	'oci'	2953
2937	(285, 145)	'云'	2954
2938	(377, 168)	'न'	2955
2939	(32, 1227)	' с'	2956
2940	(321, 97)	' ya'	2957
2941	(702, 539)	'看到'	2958
2942	(232, 178)	b'\xe8\xb2'	2959
2943	(293, 1179)	' today'	2960
2944	(99, 1209)	'ched'	2961
2945	(264, 283)	'ones'	2962
2946	(108, 267)	'ler'	2963
2947	(12004, 55)	' 2017'	2964
2948	(331, 288)	'ided'	2965
2949	(453, 1057)	'上海'	2966
2950	(623, 178)	'า'	2967
2951	(448, 155)	'牛'	2968
2952	(1860, 651)	'获得'	2969
2953	(429, 108)	' Pl'	2970
2954	(850, 378)	'所有'	2971
2955	(860, 162)	'换'	2972
2956	(519, 165)	'哥'	2973
2957	(617, 186)	' к'	2974
2958	(281, 1282)	' fuck'	2975
2959	(233, 160)	b'\xe9\xa0'	2976
2960	(484, 98)	'umb'	2977
2961	(612, 145)	'频'	2978
2962	(730, 129)	'谁'	2979
2963	(316, 290)	'ional'	2980
2964	(1074, 107)	' took'	2981
2965	(104, 273)	'hor'	2982
2966	(443, 103)	'ung'	2983
2967	(110, 283)	'nes'	2984
2968	(2690, 930)	'虽然'	2985
2969	(620, 463)	' Just'	2986
2970	(111, 102)	'of'	2987
2971	(383, 174)	'帮'	2988
2972	(646, 997)	'ар'	2989
2973	(360, 150)	'卖'	2990
2974	(2153, 319)	' believe'	2991
2975	(342, 410)	' once'	2992
2976	(384, 190)	'松'	2993
2977	(117, 107)	'uk'	2994
2978	(1096, 1323)	'感觉'	2995
2979	(32, 48)	' 0'	2996
2980	(55, 48)	'70'	2997
2981	(208, 177)	'б'	2998
2982	(570, 282)	'ending'	2999
2983	(511, 139)	'压'	3000
2984	(79, 104)	'Oh'	3001
2985	(644, 169)	'温'	3002
2986	(263, 282)	' sing'	3003
2987	(382, 188)	'似'	3004
2988	(420, 101)	' Be'	3005
2989	(361, 137)	'诉'	3006
2990	(727, 145)	'笑'	3007
2991	(610, 572)	'ective'	3008
2992	(1067, 608)	'由于'	3009
2993	(469, 689)	'这么'	3010
2994	(1054, 1655)	'Thanks'	3011
2995	(1467, 1216)	' ال'	3012
2996	(1097, 2030)	'提供'	3013
2997	(50, 54)	'26'	3014
2998	(1927, 358)	' else'	3015
2999	(294, 1976)	' hope'	3016
3000	(97, 704)	'aff'	3017
3001	(421, 280)	'年的'	3018
3002	(97, 102)	'af'	3019
3003	(219, 146)	'ے'	3020
3004	(301, 479)	' land'	3021
3005	(987, 137)	b' \xe1\x89'	3022
3006	(724, 622)	'开发'	3023
3007	(2576, 733)	b'\xe0\xb1\x8d\xe0\xb0'	3024
3008	(606, 443)	'ortun'	3025
3009	(2208, 574)	'iversity'	3026
3010	(111, 590)	'oard'	3027
3011	(377, 149)	'क'	3028
3012	(375, 264)	'iron'	3029
3013	(233, 134)	b'\xe9\x86'	3030
3014	(267, 118)	'erv'	3031
3015	(361, 187)	'读'	3032
3016	(269, 273)	'ator'	3033
3017	(2248, 308)	'conom'	3034
3018	(469, 339)	'这一'	3035
3019	(465, 100)	' cond'	3036
3020	(208, 185)	'й'	3037
3021	(110, 288)	'ned'	3038
3022	(1161, 1593)	'信息'	3039
3023	(291, 114)	'arr'	3040
3024	(50, 56)	'28'	3041
3025	(12015, 111)	' video'	3042
3026	(790, 111)	' ago'	3043
3027	(750, 191)	'ி'	3044
3028	(297, 1402)	' intern'	3045
3029	(429, 114)	' Pr'	3046
3030	(328, 410)	' rece'	3047
3031	(686, 283)	'ives'	3048
3032	(350, 173)	'园'	3049
3033	(294, 2489)	' half'	3050
3034	(299, 2165)	' often'	3051
3035	(307, 133)	'充'	3052
3036	(121, 110)	'yn'	3053
3037	(1008, 1226)	'数据'	3054
3038	(304, 164)	'令'	3055
3039	(733, 191)	'ి'	3056
3040	(449, 381)	'个人'	3057
3041	(709, 130)	'時'	3058
3042	(281, 441)	' fore'	3059
3043	(469, 333)	'这是'	3060
3044	(495, 1893)	' organ'	3061
3045	(97, 359)	'aim'	3062
3046	(696, 174)	'轮'	3063
3047	(537, 290)	' deal'	3064
3048	(600, 102)	' saf'	3065
3049	(347, 179)	'申'	3066
3050	(2207, 316)	' question'	3067
3051	(109, 97)	'ma'	3068
3052	(915, 140)	'背'	3069
3053	(2456, 128)	'激'	3070
3054	(419, 145)	'监'	3071
3055	(563, 844)	'能力'	3072
3056	(925, 146)	'ි'	3073
3057	(294, 271)	' hit'	3074
3058	(232, 150)	b'\xe8\x96'	3075
3059	(121, 575)	'year'	3076
3060	(648, 190)	'派'	3077
3061	(510, 133)	'担'	3078
3062	(759, 149)	' क'	3079
3063	(320, 184)	'券'	3080
3064	(330, 1865)	' elect'	3081
3065	(747, 183)	'雷'	3082
3066	(369, 309)	' All'	3083
3067	(2087, 154)	'婚'	3084
3068	(267, 121)	'ery'	3085
3069	(1258, 315)	'ample'	3086
3070	(625, 280)	'你的'	3087
3071	(98, 577)	'ball'	3088
3072	(384, 128)	'杀'	3089
3073	(370, 565)	'不要'	3090
3074	(219, 129)	'ہ'	3091
3075	(1127, 129)	'铁'	3092
3076	(301, 334)	' low'	3093
3077	(103, 288)	'ged'	3094
3078	(1100, 504)	' guess'	3095
3079	(337, 154)	'尚'	3096
3080	(301, 683)	' line'	3097
3081	(330, 541)	' equ'	3098
3082	(607, 191)	'愿'	3099
3083	(888, 191)	'穿'	3100
3084	(45, 100)	'-d'	3101
3085	(739, 1844)	'而且'	3102
3086	(324, 179)	'害'	3103
3087	(972, 172)	'般'	3104
3088	(284, 507)	' prom'	3105
3089	(45, 99)	'-c'	3106
3090	(57, 57)	'99'	3107
3091	(105, 489)	'ipp'	3108
3092	(396, 191)	'承'	3109
3093	(219, 144)	'ې'	3110
3094	(1029, 351)	' appro'	3111
3095	(816, 179)	'稳'	3112
3096	(865, 167)	'紧'	3113
3097	(616, 825)	' working'	3114
3098	(115, 673)	'side'	3115
3099	(2020, 174)	'篮'	3116
3100	(541, 101)	'que'	3117
3101	(65, 78)	'AN'	3118
3102	(470, 104)	'ush'	3119
3103	(307, 184)	'典'	3120
3104	(79, 82)	'OR'	3121
3105	(259, 99)	'inc'	3122
3106	(1336, 1003)	' design'	3123
3107	(636, 148)	'答'	3124
3108	(430, 97)	' area'	3125
3109	(388, 175)	'讯'	3126
3110	(12001, 100)	" I'd"	3127
3111	(280, 831)	'的一个'	3128
3112	(565, 1567)	'要求'	3129
3113	(1696, 1755)	'技术'	3130
3114	(2743, 146)	'媒'	3131
3115	(12010, 471)	' product'	3132
3116	(383, 173)	'席'	3133
3117	(268, 290)	' wal'	3134
3118	(286, 2882)	' major'	3135
3119	(1042, 2295)	'政策'	3136
3120	(339, 1018)	'一起'	3137
3121	(278, 401)	'ister'	3138
3122	(111, 283)	'oes'	3139
3123	(584, 280)	'他的'	3140
3124	(990, 378)	'只有'	3141
3125	(472, 101)	' De'	3142
3126	(443, 101)	'une'	3143
3127	(448, 153)	'牙'	3144
3128	(197, 159)	'ş'	3145
3129	(611, 101)	'ode'	3146
3130	(718, 137)	'汉'	3147
3131	(357, 283)	'utes'	3148
3132	(339, 989)	'一样'	3149
3133	(417, 128)	'血'	3150
3134	(1152, 121)	' buy'	3151
3135	(923, 671)	'表现'	3152
3136	(78, 325)	'Not'	3153
3137	(261, 165)	'严'	3154
3138	(474, 162)	'止'	3155
3139	(733, 190)	'ా'	3156
3140	(105, 105)	'ii'	3157
3141	(567, 277)	'aken'	3158
3142	(111, 264)	'oon'	3159
3143	(804, 165)	'略'	3160
3144	(496, 134)	'陆'	3161
3145	(465, 318)	' const'	3162
3146	(571, 749)	' means'	3163
3147	(1148, 181)	'ት'	3164
3148	(806, 437)	' manag'	3165
3149	(765, 115)	'ials'	3166
3150	(230, 169)	b'\xe6\xa9'	3167
3151	(1985, 115)	' months'	3168
3152	(454, 187)	'移'	3169
3153	(949, 1441)	'关注'	3170
3154	(65, 108)	'Al'	3171
3155	(317, 189)	'追'	3172
3156	(286, 691)	' mind'	3173
3157	(385, 139)	'律'	3174
3158	(271, 572)	'itive'	3175
3159	(105, 749)	'ians'	3176
3160	(1167, 129)	'ு'	3177
3161	(330, 1633)	' early'	3178
3162	(276, 277)	' ben'	3179
3163	(97, 331)	'aid'	3180
3164	(307, 171)	'八'	3181
3165	(1682, 267)	' gener'	3182
3166	(949, 1131)	'关系'	3183
3167	(233, 185)	b'\xe9\xb9'	3184
3168	(1231, 146)	'勒'	3185
3169	(396, 185)	'批'	3186
3170	(405, 166)	'左'	3187
3171	(330, 2460)	' either'	3188
3172	(684, 627)	'最后'	3189
3173	(719, 135)	'假'	3190
3174	(428, 386)	'为了'	3191
3175	(369, 100)	' Ad'	3192
3176	(98, 121)	'by'	3193
3177	(284, 325)	' pot'	3194
3178	(890, 1155)	'ploy'	3195
3179	(416, 1886)	'ified'	3196
3180	(384, 177)	'東'	3197
3181	(294, 1224)	' hold'	3198
3182	(73, 115)	'Is'	3199
3183	(395, 121)	' My'	3200
3184	(50, 55)	'27'	3201
3185	(382, 138)	'伊'	3202
3186	(1377, 135)	'ે'	3203
3187	(1163, 1163)	'——'	3204
3188	(1469, 661)	'专业'	3205
3189	(114, 408)	'ration'	3206
3190	(646, 209)	b'\xd0\xb0\xd1'	3207
3191	(658, 1173)	'方式'	3208
3192	(547, 175)	'副'	3209
3193	(391, 115)	'urs'	3210
3194	(768, 866)	'其实'	3211
3195	(195, 161)	'á'	3212
3196	(1197, 728)	'今天'	3213
3197	(571, 327)	' meet'	3214
3198	(279, 174)	'皮'	3215
3199	(369, 109)	' Am'	3216
3200	(307, 187)	'养'	3217
3201	(1628, 1516)	'消费'	3218
3202	(208, 191)	'п'	3219
3203	(972, 135)	'與'	3220
3204	(312, 168)	'昨'	3221
3205	(276, 1895)	' body'	3222
3206	(1166, 641)	' everyone'	3223
3207	(1462, 695)	' wrong'	3224
3208	(719, 165)	'健'	3225
3209	(711, 140)	'跌'	3226
3210	(532, 1372)	'家具'	3227
3211	(115, 264)	'son'	3228
3212	(557, 1182)	' Eng'	3229
3213	(730, 136)	'谈'	3230
3214	(73, 83)	'IS'	3231
3215	(379, 264)	' Con'	3232
3216	(110, 325)	'not'	3233
3217	(1271, 150)	'编'	3234
3218	(275, 574)	' city'	3235
3219	(285, 174)	'亮'	3236
3220	(371, 1145)	' story'	3237
3221	(896, 1235)	' perform'	3238
3222	(510, 165)	'拥'	3239
3223	(954, 1183)	'特别'	3240
3224	(1524, 1094)	' students'	3241
3225	(388, 178)	'讲'	3242
3226	(325, 111)	'oto'	3243
3227	(498, 187)	'闻'	3244
3228	(32, 88)	' X'	3245
3229	(388, 191)	'访'	3246
3230	(419, 159)	'盟'	3247
3231	(1504, 679)	' police'	3249
3232	(305, 315)	'icle'	3250
3233	(293, 116)	' tot'	3251
3234	(982, 178)	'露'	3252
3235	(307, 154)	'党'	3253
3236	(2246, 1600)	' possible'	3254
3237	(734, 825)	'ucking'	3255
3238	(3027, 750)	b'\xe0\xae\xbf\xe0\xae'	3256
3239	(1210, 280)	'真的'	3257
3240	(330, 315)	' ele'	3258
3241	(2950, 623)	b'\xe0\xb8\xb2\xe0\xb8'	3259
3242	(2279, 669)	' large'	3260
3243	(281, 939)	' fav'	3261
3244	(1207, 774)	'或者'	3262
3245	(596, 135)	'遇'	3263
3246	(2193, 1023)	' avail'	3264
3247	(1435, 145)	'疑'	3265
3248	(500, 325)	' Not'	3266
3249	(334, 288)	'owed'	3267
3250	(782, 182)	'父'	3268
3251	(783, 873)	' close'	3269
3252	(585, 144)	'析'	3270
3253	(778, 103)	' eng'	3271
3254	(262, 119)	'rew'	3272
3255	(300, 401)	'aster'	3273
3256	(889, 334)	' grow'	3274
3257	(306, 143)	'夏'	3275
3258	(417, 165)	'补'	3276
3259	(1825, 185)	'ẹ'	3277
3260	(1504, 271)	' polit'	3278
3261	(1662, 1217)	'显示'	3279
3262	(1159, 146)	'酒'	3280
3263	(609, 1592)	'学校'	3281
3264	(268, 691)	' wind'	3282
3265	(2035, 115)	' seems'	3283
3266	(230, 135)	b'\xe6\x87'	3284
3267	(810, 134)	'姆'	3285
3268	(617, 177)	' б'	3286
3269	(832, 592)	' thanks'	3287
3270	(286, 308)	' mom'	3288
3271	(473, 184)	'核'	3289
3272	(1143, 923)	'代表'	3290
3273	(676, 156)	'镜'	3291
3274	(969, 282)	' playing'	3292
3275	(281, 904)	' fire'	3293
3276	(12004, 56)	' 2018'	3294
3277	(106, 1155)	'joy'	3295
3278	(495, 2137)	' order'	3296
3279	(836, 97)	'aha'	3297
3280	(901, 115)	' others'	3298
3281	(482, 929)	' nothing'	3299
3282	(1131, 1581)	'系统'	3300
3283	(341, 157)	'九'	3301
3284	(45, 112)	'-p'	3302
3285	(841, 1102)	'球队'	3303
3286	(12008, 272)	' American'	3304
3287	(761, 315)	' whole'	3305
3288	(360, 136)	'午'	3306
3289	(589, 1044)	" they're"	3307
3290	(396, 152)	'托'	3308
3291	(310, 679)	' nice'	3309
3292	(263, 290)	' sal'	3310
3293	(1014, 1064)	'文化'	3311
3294	(263, 329)	' sent'	3312
3295	(232, 155)	b'\xe8\x9b'	3313
3296	(115, 119)	'sw'	3314
3297	(275, 1258)	' camp'	3315
3298	(2254, 1214)	' complete'	3316
3299	(435, 862)	'2010'	3317
3300	(369, 116)	' At'	3318
3301	(407, 291)	'ilar'	3319
3302	(360, 177)	'危'	3320
3303	(579, 115)	'aps'	3321
3304	(1669, 1326)	'服务'	3322
3305	(512, 112)	'osp'	3323
3306	(990, 333)	'只是'	3324
3307	(311, 2679)	' girl'	3325
3308	(2052, 2026)	'历史'	3326
3309	(117, 1496)	'urop'	3327
3310	(638, 322)	' likely'	3328
3311	(441, 100)	'ored'	3329
3312	(581, 985)	'地区'	3330
3313	(275, 2614)	' certain'	3331
3314	(286, 273)	' mor'	3332
3315	(487, 591)	' comment'	3333
3316	(344, 1182)	' young'	3334
3317	(622, 555)	'发生'	3335
3318	(308, 112)	'omp'	3336
3319	(69, 68)	'ED'	3337
3320	(357, 726)	'uture'	3338
3321	(813, 151)	'块'	3339
3322	(73, 84)	'IT'	3340
3323	(348, 115)	'ams'	3341
3324	(51, 46)	'3.'	3342
3325	(490, 120)	' sex'	3344
3326	(287, 808)	' oper'	3345
3327	(287, 1576)	' occ'	3346
3328	(1852, 801)	'亿元'	3347
3329	(324, 163)	'宣'	3348
3330	(502, 179)	'味'	3349
3331	(570, 288)	'ended'	3350
3332	(503, 715)	' Rep'	3351
3333	(261, 189)	'丽'	3352
3334	(719, 156)	'停'	3353
3335	(500, 2261)	' North'	3354
3336	(341, 133)	'久'	3355
3337	(557, 120)	' Ex'	3356
3338	(628, 136)	'妈'	3357
3339	(417, 151)	'街'	3358
3340	(690, 175)	'端'	3359
3341	(281, 883)	' face'	3360
3342	(318, 267)	'ster'	3361
3343	(302, 179)	'右'	3362
3344	(839, 101)	' que'	3363
3345	(285, 158)	'亞'	3364
3346	(513, 153)	'沙'	3365
3347	(454, 128)	'秀'	3366
3348	(281, 572)	' five'	3367
3349	(593, 345)	' trad'	3368
3350	(1541, 1572)	' United'	3369
3351	(101, 315)	'ele'	3370
3352	(302, 171)	'叫'	3371
3353	(1053, 132)	'善'	3372
3354	(962, 999)	'因此'	3373
3355	(1241, 2851)	'台湾'	3374
3356	(429, 548)	' Pres'	3375
3357	(433, 963)	'国内'	3376
3358	(2601, 115)	' hours'	3377
3359	(301, 566)	' light'	3378
3360	(263, 110)	' sn'	3379
3361	(1562, 329)	' event'	3380
3362	(67, 104)	'Ch'	3381
3363	(1926, 983)	'哪些'	3382
3364	(352, 72)	' TH'	3383
3365	(1521, 1764)	' check'	3384
3366	(531, 410)	'ource'	3385
3367	(754, 119)	'raw'	3386
3368	(1085, 960)	' record'	3387
3369	(478, 606)	' short'	3388
3370	(2560, 1710)	' research'	3389
3371	(2130, 290)	' local'	3390
3372	(431, 156)	'农'	3391
3373	(1274, 115)	'hys'	3392
3374	(1807, 563)	'功能'	3393
3375	(909, 1655)	' Thanks'	3394
3376	(807, 216)	b'\xd8\xa7\xd8'	3395
3377	(928, 2187)	'品牌'	3396
3378	(294, 1883)	' house'	3397
3379	(32, 120)	' x'	3398
3380	(648, 155)	'洛'	3399
3381	(330, 3017)	' econom'	3400
3382	(542, 2829)	' almost'	3401
3383	(256, 945)	' treat'	3402
3384	(112, 606)	'port'	3403
3385	(452, 280)	'我的'	3404
3386	(1005, 595)	'更多'	3405
3387	(97, 357)	'aut'	3406
3388	(2455, 272)	' human'	3407
3389	(379, 1977)	' Comm'	3408
3390	(77, 121)	'My'	3409
3391	(521, 808)	' super'	3410
3392	(459, 52)	' 14'	3411
3393	(278, 264)	'ison'	3412
3394	(232, 152)	b'\xe8\x98'	3413
3395	(398, 1154)	'中國'	3414
3396	(264, 121)	'ony'	3415
3397	(972, 170)	'航'	3416
3398	(579, 101)	'ape'	3417
3399	(362, 101)	' Se'	3418
3400	(1133, 351)	' impro'	3419
3401	(431, 160)	'冠'	3420
3402	(1177, 121)	'ney'	3421
3403	(1729, 695)	' strong'	3422
3404	(271, 798)	'itions'	3423
3405	(277, 101)	'ene'	3424
3406	(105, 611)	'iod'	3425
3407	(283, 549)	'esome'	3426
3408	(2084, 358)	' course'	3427
3409	(459, 558)	' 100'	3428
3410	(1301, 155)	'岛'	3429
3411	(423, 687)	" wasn't"	3430
3412	(195, 167)	'ç'	3431
3413	(2716, 1652)	'继续'	3432
3414	(65, 82)	'AR'	3433
3415	(518, 105)	' vi'	3434
3416	(870, 335)	'onday'	3435
3417	(499, 808)	' proper'	3436
3418	(800, 641)	' anyone'	3437
3419	(969, 444)	' players'	3438
3420	(625, 635)	'你们'	3439
3421	(343, 121)	'acy'	3440
3422	(12003, 549)	' become'	3441
3423	(291, 401)	'arter'	3442
3424	(616, 592)	' works'	3443
3425	(104, 348)	'ham'	3444
3426	(405, 168)	'巨'	3445
3427	(70, 273)	'For'	3446
3428	(468, 408)	'ulation'	3448
3429	(1144, 48)	' 50'	3449
3430	(12019, 436)	' together'	3450
3431	(275, 357)	' cut'	3451
3432	(814, 166)	'焦'	3452
3433	(343, 401)	'acter'	3453
3434	(275, 1170)	' cool'	3454
3435	(436, 115)	'hers'	3455
3436	(518, 1782)	' view'	3456
3437	(117, 288)	'ued'	3457
3438	(381, 1101)	'人员'	3458
3439	(103, 111)	'go'	3459
3440	(876, 680)	'合作'	3460
3441	(437, 791)	'ague'	3461
3442	(917, 764)	' pract'	3462
3443	(3246, 919)	' available'	3463
3444	(2772, 812)	b'\xe0\xa8\xbe\xe0\xa8'	3464
3445	(490, 368)	' sever'	3465
3446	(269, 305)	'atic'	3466
3447	(600, 119)	' saw'	3467
3448	(542, 695)	' along'	3468
3449	(371, 2458)	' stuff'	3469
3450	(1270, 175)	'药'	3470
3451	(327, 104)	'eth'	3471
3452	(1185, 1614)	'交易'	3472
3453	(284, 491)	' pain'	3473
3454	(557, 100)	' Ed'	3474
3455	(686, 331)	'ivid'	3475
3456	(495, 364)	' orig'	3476
3457	(493, 291)	' near'	3477
3458	(386, 1322)	'了解'	3478
3459	(324, 136)	'守'	3479
3460	(434, 143)	'透'	3480
3461	(821, 433)	'全国'	3481
3462	(261, 180)	'临'	3482
3463	(1283, 288)	' added'	3483
3464	(65, 83)	'AS'	3484
3465	(2635, 108)	' control'	3485
3466	(379, 329)	' Cent'	3486
3467	(621, 3252)	'分析'	3487
3468	(32, 196)	b' \xc4'	3488
3469	(256, 262)	' tre'	3489
3470	(1304, 129)	'ు'	3490
3471	(289, 116)	' ant'	3491
3472	(323, 153)	'余'	3492
3473	(443, 406)	'unch'	3493
3474	(2447, 765)	' social'	3494
3475	(341, 142)	'乎'	3495
3476	(1166, 1626)	' everything'	3496
3477	(377, 130)	'ं'	3497
3478	(307, 141)	'免'	3498
3479	(849, 110)	' known'	3499
3480	(1012, 686)	' activ'	3500
3481	(117, 358)	'use'	3501
3482	(1705, 173)	'搭'	3502
3483	(320, 164)	'判'	3503
3484	(3309, 101)	'urope'	3504
3485	(400, 115)	'ills'	3505
3486	(328, 315)	' rele'	3506
3487	(302, 165)	'句'	3507
3488	(556, 931)	' chance'	3508
3489	(1982, 2060)	'销售'	3509
3490	(289, 290)	' anal'	3510
3491	(537, 1461)	' death'	3511
3492	(690, 158)	'竞'	3512
3493	(310, 264)	' non'	3513
3494	(1507, 128)	'检'	3514
3495	(1945, 1385)	' return'	3515
3496	(380, 2177)	'ecially'	3516
3497	(261, 131)	'七'	3517
3498	(1222, 32)	'\xa0 '	3518
3499	(1034, 572)	'ensive'	3519
3500	(368, 785)	'verage'	3520
3501	(2732, 179)	'澳'	3521
3502	(994, 2778)	' Christ'	3522
3503	(718, 135)	'汇'	3523
3504	(468, 494)	'ults'	3524
3505	(1559, 288)	' started'	3525
3506	(869, 1047)	'进入'	3526
3507	(331, 1020)	'idence'	3527
3508	(1037, 115)	' news'	3528
3509	(529, 764)	' exact'	3529
3510	(1734, 148)	'塔'	3530
3511	(1203, 2413)	' according'	3531
3512	(273, 601)	'ories'	3532
3513	(682, 2542)	'新浪'	3533
3514	(1486, 494)	' points'	3534
3515	(475, 165)	'败'	3535
3516	(426, 173)	'庭'	3536
3517	(339, 613)	'一下'	3537
3518	(668, 178)	'曲'	3538
3519	(109, 98)	'mb'	3539
3520	(284, 1010)	' press'	3540
3521	(395, 3416)	' Monday'	3541
3522	(535, 149)	'毕'	3542
3523	(1336, 99)	' desc'	3543
3524	(256, 445)	' tem'	3544
3525	(276, 291)	' bar'	3545
3526	(83, 258)	'She'	3546
3527	(1095, 115)	' needs'	3547
3528	(431, 183)	'冷'	3548
3529	(2477, 729)	b'\xe0\xa6\xbe\xe0\xa6'	3549
3530	(944, 188)	'發'	3550
3531	(1278, 283)	'ances'	3551
3532	(284, 1211)	' pict'	3552
3533	(1406, 424)	' invol'	3553
3534	(375, 99)	'irc'	3554
3535	(1576, 504)	'ccess'	3555
3536	(108, 259)	'lin'	3556
3537	(315, 116)	'let'	3557
3538	(290, 100)	'ald'	3558
3539	(371, 101)	' ste'	3559
3540	(89, 283)	'Yes'	3560
3541	(828, 188)	'礼'	3561
3542	(581, 658)	'地方'	3562
3543	(944, 187)	'登'	3563
3544	(459, 54)	' 16'	3564
3545	(347, 154)	'甚'	3566
3546	(3222, 378)	'拥有'	3567
3547	(2736, 1487)	' John'	3568
3548	(111, 704)	'off'	3569
3549	(12020, 466)	' suggest'	3571
3550	(395, 259)	' Min'	3572
3551	(399, 259)	' within'	3573
3552	(1013, 177)	'න'	3574
3553	(425, 159)	'察'	3575
3554	(50, 57)	'29'	3576
3555	(365, 131)	'练'	3577
3556	(563, 2427)	'能够'	3578
3557	(116, 97)	'ta'	3579
3558	(292, 2587)	' doub'	3580
3559	(794, 692)	'基本'	3581
3560	(32, 400)	' ill'	3582
3561	(487, 283)	' comes'	3583
3562	(116, 111)	'to'	3584
3563	(624, 110)	' On'	3585
3564	(467, 145)	'救'	3586
3565	(3445, 290)	' several'	3587
3566	(1381, 483)	'共和'	3588
3567	(830, 175)	'良'	3589
3568	(383, 157)	'帝'	3590
3569	(362, 117)	' Su'	3591
3570	(45, 115)	'-s'	3593
3571	(385, 140)	'後'	3594
3572	(262, 471)	'rect'	3595
3573	(372, 590)	' heard'	3596
3574	(119, 2090)	'where'	3597
3575	(348, 329)	'ament'	3598
3576	(1296, 145)	'脑'	3599
3577	(1100, 1681)	' guys'	3600
3578	(918, 949)	'相关'	3601
3579	(99, 1644)	'ches'	3602
3580	(418, 97)	' ra'	3603
3581	(281, 3320)	' future'	3604
3582	(2065, 2051)	' experience'	3605
3583	(119, 2036)	'work'	3606
3584	(3139, 733)	b'\xe0\xb0\xbe\xe0\xb0'	3607
3585	(819, 408)	'ization'	3608
3586	(281, 1551)	' fund'	3609
3587	(329, 765)	'ential'	3610
3588	(1545, 166)	'梦'	3611
3589	(1164, 159)	'钟'	3612
3590	(271, 406)	'itch'	3613
3591	(593, 791)	' true'	3614
3592	(377, 164)	'त'	3615
3593	(402, 128)	'净'	3616
3594	(51, 53)	'35'	3617
3595	(111, 315)	'ole'	3618
3596	(118, 3012)	'viron'	3619
3597	(769, 938)	'ин'	3620
3598	(276, 1574)	' based'	3621
3599	(306, 156)	'夜'	3622
3600	(969, 288)	' played'	3623
3601	(900, 57)	'199'	3624
3602	(1507, 174)	'森'	3625
3603	(882, 169)	'恩'	3626
3604	(109, 121)	'my'	3627
3605	(950, 938)	'ен'	3628
3606	(267, 114)	'err'	3629
3607	(1856, 2496)	'拍摄'	3630
3608	(462, 273)	' Wor'	3631
3609	(1018, 544)	'起来'	3632
3610	(2367, 567)	' break'	3633
3611	(657, 170)	' ت'	3634
3612	(339, 3087)	'一般'	3635
3613	(1312, 169)	'韩'	3636
3614	(861, 2234)	' across'	3637
3615	(783, 3045)	' claim'	3638
3616	(1124, 2344)	'计划'	3639
3617	(617, 189)	' н'	3640
3618	(729, 191)	'ি'	3641
3619	(2021, 1226)	'根据'	3642
3620	(634, 141)	'倍'	3643
3621	(395, 272)	' Man'	3644
3622	(716, 674)	'之前'	3645
3623	(3114, 902)	'媒体'	3646
3624	(545, 544)	'出来'	3647
3625	(395, 99)	' Mc'	3648
3626	(813, 154)	'坚'	3649
3627	(422, 148)	'赔'	3650
3628	(833, 1393)	'位於'	3651
3629	(1038, 103)	'rug'	3652
3630	(317, 183)	'迷'	3653
3631	(301, 359)	' lim'	3654
3632	(1259, 121)	'ully'	3655
3633	(111, 368)	'over'	3656
3634	(233, 164)	b'\xe9\xa4'	3657
3635	(333, 2552)	'是否'	3658
3636	(827, 374)	" there's"	3659
3637	(362, 2227)	' South'	3660
3638	(102, 273)	'for'	3661
3639	(257, 112)	' ap'	3662
3640	(233, 177)	b'\xe9\xb1'	3663
3641	(1541, 3009)	' University'	3664
3642	(747, 187)	'電'	3665
3643	(709, 186)	'智'	3666
3644	(1269, 264)	' common'	3667
3645	(195, 173)	'í'	3668
3646	(280, 413)	'的大'	3669
3647	(602, 370)	'也不'	3670
3648	(675, 2634)	'金融'	3671
3649	(111, 679)	'oice'	3672
3650	(459, 49)	' 11'	3673
3651	(824, 2163)	'erence'	3674
3652	(579, 267)	'aper'	3675
3653	(284, 941)	' pick'	3676
3654	(292, 791)	' due'	3677
3655	(782, 134)	'爆'	3678
3656	(2348, 574)	' community'	3679
3657	(1468, 168)	'您'	3680
3658	(1524, 121)	' study'	3681
3659	(1001, 449)	'两个'	3682
3660	(233, 188)	b'\xe9\xbc'	3683
3661	(880, 187)	'须'	3684
3662	(617, 180)	' д'	3685
3663	(917, 679)	' price'	3686
3664	(1076, 801)	'万元'	3687
3665	(281, 3237)	' fucking'	3688
3666	(756, 110)	'aren'	3689
3667	(1220, 316)	'ission'	3690
3668	(256, 1409)	' taking'	3691
3669	(397, 811)	' white'	3692
3670	(1117, 887)	'报道'	3693
3671	(331, 335)	'iday'	3694
3672	(485, 1021)	' join'	3695
3673	(648, 139)	'洋'	3696
3674	(700, 687)	" wouldn't"	3697
3675	(526, 184)	'永'	3698
3676	(1231, 149)	'動'	3699
3677	(87, 1274)	'Why'	3700
3678	(979, 433)	'英国'	3701
3679	(553, 172)	'ာ'	3702
3680	(12012, 277)	' given'	3703
3681	(464, 288)	'ried'	3704
3682	(281, 262)	' fre'	3705
3683	(1848, 374)	" That's"	3706
3684	(636, 190)	'签'	3707
3685	(617, 178)	' в'	3708
3686	(108, 102)	'lf'	3709
3687	(2511, 158)	'瑞'	3710
3688	(32, 218)	b' \xda'	3711
3689	(805, 538)	'机会'	3712
3690	(1411, 463)	' indust'	3713
3691	(616, 477)	' worth'	3714
3692	(1246, 137)	'粉'	3715
3693	(262, 318)	'rest'	3716
3694	(79, 83)	'OS'	3717
3695	(459, 55)	' 17'	3718
3696	(394, 592)	'ooks'	3719
3697	(805, 2324)	'机构'	3720
3698	(280, 842)	'的事'	3721
3699	(32, 1204)	' vers'	3722
3700	(272, 105)	'ani'	3723
3701	(1054, 1287)	'Thank'	3724
3702	(1962, 608)	'属于'	3725
3703	(275, 1483)	' coun'	3726
3704	(326, 137)	'吉'	3727
3705	(778, 3277)	' enjoy'	3728
3706	(32, 1310)	' ident'	3729
3707	(382, 166)	'伦'	3730
3708	(431, 178)	'冲'	3731
3709	(1104, 1642)	'赛季'	3732
3710	(278, 282)	'ising'	3733
3711	(52, 53)	'45'	3734
3712	(503, 283)	' Res'	3735
3713	(411, 130)	'异'	3736
3714	(297, 106)	' inj'	3737
3715	(286, 504)	' mess'	3738
3716	(263, 484)	' sum'	3739
3717	(463, 308)	'ustom'	3740
3718	(108, 1072)	'lish'	3741
3719	(101, 288)	'eed'	3742
3720	(286, 1139)	' mult'	3743
3721	(348, 98)	'amb'	3744
3722	(377, 178)	'ल'	3745
3723	(531, 110)	'ourn'	3746
3724	(557, 3484)	' Europe'	3747
3725	(480, 172)	'屬'	3748
3726	(391, 574)	'urity'	3749
3727	(459, 51)	' 13'	3750
3728	(313, 109)	' Im'	3751
3729	(576, 264)	' soon'	3752
3730	(1371, 855)	'增加'	3753
3731	(1106, 649)	' black'	3754
3732	(509, 108)	' Fl'	3755
3733	(273, 114)	'orr'	3756
3734	(578, 591)	'artment'	3757
3735	(1734, 158)	'塞'	3758
3736	(484, 329)	'ument'	3759
3737	(112, 273)	'por'	3760
3738	(1181, 288)	' wanted'	3761
3739	(434, 128)	'退'	3762
3740	(326, 184)	'吸'	3763
3741	(396, 167)	'执'	3764
3742	(285, 146)	'互'	3765
3743	(101, 121)	'ey'	3766
3744	(276, 998)	' book'	3767
3745	(936, 190)	' پ'	3768
3746	(347, 178)	'甲'	3769
3747	(741, 2085)	'面积'	3770
3748	(529, 3069)	' example'	3771
3749	(1131, 1963)	'系列'	3772
3750	(1256, 1340)	' maybe'	3773
3751	(3356, 1310)	' President'	3774
3752	(2849, 1145)	' history'	3775
3753	(418, 1794)	' rather'	3776
3754	(816, 174)	'種'	3777
3755	(263, 1613)	' six'	3778
3756	(711, 157)	'距'	3779
3757	(281, 577)	' fall'	3780
3758	(391, 745)	'urther'	3781
3759	(276, 577)	' ball'	3782
3760	(481, 1769)	'ability'	3783
3761	(87, 1495)	'When'	3784
3762	(321, 283)	' yes'	3785
3763	(369, 102)	' Af'	3786
3764	(281, 1659)	' foot'	3787
3765	(1795, 765)	' special'	3788
3766	(487, 282)	' coming'	3789
3767	(229, 171)	b'\xe5\xab'	3790
3768	(267, 97)	'era'	3791
3769	(268, 826)	" won't"	3792
3770	(312, 160)	'映'	3793
3771	(544, 693)	'来说'	3794
3772	(821, 841)	'全球'	3795
3773	(342, 2098)	' online'	3796
3774	(361, 186)	'诺'	3797
3775	(1271, 186)	'缺'	3798
3776	(339, 895)	'一次'	3799
3777	(195, 179)	'ó'	3800
3778	(490, 309)	' sell'	3801
3779	(2032, 373)	'存在'	3802
3780	(375, 109)	'irm'	3803
3781	(79, 85)	'OU'	3804
3782	(2550, 112)	' esp'	3805
3783	(328, 100)	' red'	3806
3784	(1158, 56)	'2008'	3807
3785	(324, 161)	'审'	3808
3786	(328, 890)	' repl'	3809
3787	(553, 177)	'ေ'	3810
3788	(294, 264)	' hon'	3811
3789	(354, 133)	'旅'	3812
3790	(268, 870)	' wond'	3813
3791	(256, 3141)	' taken'	3814
3792	(1429, 128)	'ੀ'	3815
3793	(703, 115)	' gets'	3816
3794	(1029, 575)	' appear'	3817
3795	(1227, 1031)	'ст'	3818
3796	(337, 129)	'封'	3819
3797	(839, 941)	' quick'	3820
3798	(521, 3535)	' success'	3821
3799	(1151, 282)	' bring'	3822
3800	(839, 811)	' quite'	3823
3801	(536, 611)	' God'	3824
3802	(317, 176)	'述'	3825
3803	(1746, 115)	'wards'	3826
3804	(519, 161)	'員'	3827
3805	(1040, 181)	'灵'	3828
3806	(326, 171)	'含'	3829
3807	(101, 118)	'ev'	3830
3808	(2828, 12017)	' definitely'	3831
3809	(102, 267)	'fer'	3832
3810	(274, 128)	'\u3000'	3833
3811	(365, 135)	'织'	3834
3812	(2040, 291)	' clear'	3835
3813	(217, 130)	'ق'	3836
3814	(380, 958)	'ecause'	3837
3815	(258, 345)	'head'	3838
3816	(371, 291)	' star'	3839
3817	(263, 2001)	' sense'	3840
3818	(281, 364)	' fig'	3841
3819	(79, 110)	'On'	3842
3820	(623, 153)	'น'	3843
3821	(755, 157)	'ም'	3844
3822	(898, 486)	' State'	3845
3823	(112, 291)	'par'	3846
3824	(405, 157)	'川'	3847
3825	(896, 3406)	' period'	3848
3826	(275, 958)	' cause'	3849
3827	(231, 135)	b'\xe7\x87'	3850
3828	(461, 149)	'怕'	3851
3829	(343, 283)	'aces'	3852
3830	(454, 129)	'私'	3853
3831	(1321, 649)	' attack'	3854
3832	(2190, 115)	' friends'	3855
3833	(942, 675)	'资金'	3856
3834	(95, 95)	'__'	3857
3835	(1366, 1902)	' remember'	3858
3836	(108, 117)	'lu'	3859
3837	(1573, 3131)	' minutes'	3860
3838	(2856, 89)	'DAY'	3861
3839	(301, 1503)	' lower'	3862
3840	(320, 187)	'刻'	3863
3841	(790, 964)	' agree'	3864
3842	(385, 129)	'征'	3865
3843	(256, 1676)	' tax'	3866
3844	(1787, 329)	' present'	3867
3845	(630, 102)	'ief'	3868
3846	(1276, 121)	' key'	3869
3847	(12004, 54)	' 2016'	3870
3848	(676, 183)	'長'	3871
3849	(79, 79)	'OO'	3872
3850	(965, 805)	'手机'	3873
3851	(456, 450)	' High'	3874
3852	(525, 160)	'靠'	3875
3853	(65, 80)	'AP'	3876
3854	(281, 566)	' fight'	3877
3855	(668, 188)	'曼'	3878
3856	(813, 144)	'坐'	3879
3857	(2178, 2028)	' following'	3880
3858	(1203, 504)	' access'	3881
3859	(3596, 591)	'vironment'	3882
3860	(291, 99)	'arc'	3883
3861	(1171, 290)	'itional'	3884
3862	(337, 132)	'射'	3885
3863	(686, 288)	'ived'	3886
3864	(475, 183)	'贷'	3887
3865	(2323, 364)	' investig'	3888
3866	(553, 175)	'ု'	3889
3867	(708, 175)	'肯'	3890
3868	(45, 109)	'-m'	3891
3869	(277, 110)	'enn'	3892
3870	(51, 49)	'31'	3893
3871	(359, 486)	'imate'	3894
3872	(356, 1059)	' former'	3895
3873	(46, 109)	'.m'	3896
3874	(117, 322)	'uly'	3897
3875	(281, 637)	' foc'	3898
3876	(3640, 188)	'鱼'	3899
3877	(1192, 947)	'东西'	3900
3878	(111, 331)	'oid'	3901
3879	(103, 466)	'gest'	3902
3880	(301, 743)	' link'	3903
3881	(2184, 791)	' issue'	3904
3882	(2042, 148)	'魔'	3905
3883	(256, 291)	' tar'	3906
3884	(87, 104)	'Wh'	3907
3885	(479, 115)	'ands'	3908
3886	(261, 176)	'丰'	3909
3887	(117, 669)	'uge'	3910
3888	(294, 439)	' hop'	3911
3889	(217, 129)	'ف'	3912
3890	(231, 183)	b'\xe7\xb7'	3913
3891	(1907, 280)	'这样的'	3914
3892	(301, 424)	' lol'	3915
3893	(751, 1234)	' usually'	3916
3894	(310, 380)	' nec'	3917
3895	(477, 604)	'though'	3918
3896	(973, 1547)	'电视'	3919
3897	(416, 121)	'ify'	3920
3898	(379, 291)	' Car'	3921
3899	(32, 1031)	' т'	3922
3900	(465, 110)	' conn'	3923
3901	(569, 115)	' abs'	3924
3902	(1388, 1084)	'结果'	3925
3903	(796, 2556)	'ograp'	3926
3904	(317, 170)	'迪'	3927
3905	(462, 1495)	' When'	3928
3906	(503, 1979)	' Russ'	3929
3907	(744, 53)	' 25'	3930
3908	(529, 99)	' exc'	3931
3909	(276, 105)	' bi'	3932
3910	(767, 103)	' arg'	3933
3911	(1270, 144)	'荐'	3934
3912	(354, 151)	'旗'	3935
3913	(2045, 734)	' educ'	3936
3914	(63, 63)	'??'	3937
3915	(988, 695)	' among'	3938
3916	(259, 408)	'ination'	3939
3917	(560, 138)	'惊'	3940
3918	(1129, 177)	'莱'	3941
3919	(2589, 2793)	'平方公里'	3942
3920	(2986, 315)	' single'	3943
3921	(499, 1936)	' project'	3944
3922	(535, 155)	'毛'	3945
3923	(298, 2097)	' third'	3946
3924	(531, 2262)	'ources'	3947
3925	(1129, 171)	'莫'	3948
3926	(311, 443)	' gun'	3949
3927	(1784, 2062)	' instead'	3950
3928	(1718, 175)	'犯'	3951
3929	(1873, 735)	' media'	3952
3930	(2555, 143)	'藏'	3953
3931	(275, 1510)	' coup'	3954
3932	(1045, 290)	'obal'	3955
3933	(102, 610)	'fect'	3956
3934	(416, 116)	'ift'	3957
3935	(657, 179)	' س'	3958
3936	(372, 291)	' hear'	3959
3937	(1203, 1000)	' account'	3960
3938	(1993, 151)	'著'	3961
3939	(880, 186)	'顺'	3962
3940	(1120, 2820)	'房地产'	3963
3941	(634, 146)	'倒'	3964
3942	(1233, 145)	'虑'	3965
3943	(1795, 1517)	' specific'	3966
3944	(426, 134)	'庆'	3967
3945	(331, 100)	'idd'	3968
3946	(1372, 378)	'具有'	3969
3947	(2351, 2546)	' members'	3970
3948	(103, 1010)	'gress'	3971
3949	(499, 112)	' prop'	3972
3950	(1023, 115)	'ails'	3973
3951	(384, 168)	'杨'	3974
3952	(66, 65)	'BA'	3975
3953	(398, 2675)	'中央'	3976
3954	(754, 1338)	'raft'	3977
3955	(737, 115)	'ips'	3978
3956	(1628, 1593)	'消息'	3979
3957	(304, 152)	'付'	3980
3958	(1090, 1311)	'建设'	3981
3959	(381, 1432)	'人士'	3982
3960	(788, 327)	' compet'	3983
3961	(451, 152)	'折'	3984
3962	(101, 592)	'eks'	3985
3963	(12006, 101)	' include'	3986
3964	(384, 159)	'束'	3987
3965	(431, 176)	'冰'	3988
3966	(1450, 3178)	' employ'	3989
3967	(267, 2327)	'ergy'	3990
3968	(216, 185)	'ع'	3991
3969	(2399, 401)	' matter'	3992
3970	(3545, 1147)	'甚至'	3993
3971	(478, 1659)	' shoot'	3994
3972	(1595, 667)	'超过'	3995
3973	(1793, 904)	' entire'	3996
3974	(472, 114)	' Dr'	3997
3975	(807, 1108)	'ار'	3998
3976	(301, 486)	' late'	3999
3977	(289, 3296)	' answ'	4000
3978	(458, 146)	'归'	4001
3979	(117, 315)	'ule'	4002
3980	(527, 176)	'泰'	4003
3981	(284, 3373)	' phys'	4004
3982	(795, 447)	"ven't"	4005
3983	(651, 539)	'得到'	4006
3984	(930, 627)	'然后'	4007
3985	(310, 940)	' norm'	4008
3986	(1309, 610)	' expect'	4009
3987	(2152, 166)	'瓦'	4010
3988	(905, 921)	'第三'	4011
3989	(45, 48)	'-0'	4012
3990	(682, 280)	'新的'	4013
3991	(1042, 1849)	'政治'	4014
3992	(98, 1895)	'body'	4015
3993	(1079, 851)	'水平'	4016
3994	(296, 171)	'末'	4017
3995	(310, 327)	' net'	4018
3996	(361, 141)	'词'	4019
3997	(281, 2120)	' field'	4020
3998	(646, 1169)	'ал'	4021
3999	(103, 315)	'gle'	4022
4000	(1350, 539)	'达到'	4023
4001	(117, 408)	'uation'	4024
4002	(340, 152)	'‘'	4025
4003	(415, 107)	' ask'	4026
4004	(391, 290)	'ural'	4027
4005	(684, 660)	'最高'	4028
4006	(487, 98)	' comb'	4029
4007	(365, 141)	'绍'	4030
4008	(1359, 1299)	'直接'	4031
4009	(2741, 305)	' music'	4032
4010	(45, 1224)	'-old'	4033
4011	(98, 998)	'book'	4034
4012	(501, 544)	'以来'	4035
4013	(263, 443)	' sun'	4036
4014	(925, 143)	'ා'	4037
4015	(352, 119)	' Tw'	4038
4016	(69, 78)	'EN'	4039
4017	(269, 1115)	'ators'	4040
4018	(279, 135)	'皇'	4041
4019	(690, 160)	'章'	4042
4020	(301, 598)	' lost'	4043
4021	(736, 1306)	'部门'	4044
4022	(1997, 3301)	' similar'	4045
4023	(619, 1807)	'成功'	4046
4024	(111, 847)	'ober'	4047
4025	(982, 135)	'震'	4048
4026	(636, 145)	'筑'	4049
4027	(1208, 601)	' series'	4050
4028	(382, 175)	'伯'	4051
4029	(858, 134)	'馆'	4052
4030	(79, 76)	'OL'	4053
4031	(65, 110)	'An'	4054
4032	(2000, 1979)	' discuss'	4055
4033	(1823, 673)	' provide'	4056
4034	(1346, 2198)	'的一個'	4057
4035	(230, 164)	b'\xe6\xa4'	4058
4036	(472, 111)	' Do'	4059
4037	(2461, 163)	'縣'	4060
4038	(323, 155)	'佛'	4061
4039	(369, 98)	' Ab'	4062
4040	(1264, 962)	'原因'	4063
4041	(273, 282)	'oring'	4064
4042	(275, 290)	' cal'	4065
4043	(3455, 1351)	'ividual'	4066
4044	(263, 470)	' sus'	4067
4045	(484, 101)	'ume'	4068
4046	(475, 181)	'贵'	4069
4047	(603, 147)	'输'	4070
4048	(1661, 136)	'่'	4071
4049	(747, 132)	'雄'	4072
4050	(759, 184)	' स'	4073
4051	(400, 101)	'ille'	4074
4052	(2382, 101)	' type'	4075
4053	(525, 169)	'革'	4076
4054	(371, 335)	' stay'	4077
4055	(320, 186)	'刺'	4078
4056	(932, 282)	' thinking'	4079
4057	(1013, 186)	'ය'	4080
4058	(754, 122)	'raz'	4081
4059	(2914, 107)	' risk'	4082
4060	(570, 115)	'ends'	4083
4061	(1787, 1310)	' president'	4084
4062	(281, 683)	' fine'	4085
4063	(233, 142)	b'\xe9\x8e'	4086
4064	(379, 290)	' Cal'	4087
4065	(3162, 1645)	' benef'	4088
4066	(378, 949)	'有关'	4089
4067	(478, 325)	' shot'	4090
4068	(1651, 780)	' Also'	4091
4069	(500, 1506)	' National'	4092
4070	(362, 121)	' Sy'	4093
4071	(642, 745)	' whether'	4094
4072	(637, 114)	'ocr'	4095
4073	(379, 1000)	' Count'	4096
4074	(755, 173)	'ር'	4097
4075	(545, 280)	'出的'	4098
4076	(233, 189)	b'\xe9\xbd'	4100
4077	(314, 136)	'圈'	4101
4078	(1637, 1179)	'uesday'	4102
4079	(375, 116)	'irt'	4103
4080	(66, 67)	'BC'	4104
4081	(1653, 544)	'未来'	4105
4082	(355, 151)	'斗'	4106
4083	(74, 463)	'Just'	4107
4084	(308, 115)	'oms'	4108
4085	(2191, 386)	'除了'	4109
4086	(285, 171)	'享'	4110
4087	(369, 463)	' Aust'	4111
4088	(429, 424)	' Pol'	4112
4089	(677, 672)	'主场'	4113
4090	(2660, 691)	' behind'	4114
4091	(117, 102)	'uf'	4115
4092	(1201, 821)	'安全'	4116
4093	(262, 103)	'reg'	4117
4094	(1107, 1173)	'正式'	4118
4095	(1971, 825)	' talking'	4119
4096	(974, 117)	'angu'	4120
4097	(1299, 1236)	'接受'	4121
4098	(275, 760)	' cell'	4122
4099	(105, 380)	'iec'	4123
4100	(1834, 176)	'饰'	4124
4101	(1324, 1008)	'指数'	4125
4102	(454, 139)	'秋'	4126
4103	(646, 1031)	'ат'	4127
4104	(1377, 12023)	b'\xe0\xab\x8d\xe0\xaa'	4128
4105	(1065, 116)	'’t'	4129
4106	(314, 163)	'圣'	4130
4107	(263, 678)	' sound'	4131
4108	(1723, 2989)	'告诉'	4132
4109	(1267, 1698)	'selves'	4133
4110	(324, 129)	'宁'	4134
4111	(99, 105)	'ci'	4135
4112	(83, 104)	'Sh'	4136
4113	(1625, 803)	'运动'	4137
4114	(267, 1414)	'erman'	4138
4115	(950, 997)	'ер'	4139
4116	(1550, 3911)	'推荐'	4140
4117	(361, 190)	'课'	4141
4118	(101, 669)	'ege'	4142
4119	(690, 159)	'竟'	4143
4120	(47, 47)	'//'	4144
4121	(2144, 137)	'嘉'	4145
4122	(275, 3717)	' custom'	4146
4123	(286, 1135)	' mater'	4147
4124	(73, 71)	'IG'	4148
4125	(2202, 2965)	' author'	4149
4126	(3415, 424)	' viol'	4150
4127	(518, 1211)	' vict'	4151
4128	(716, 920)	'之间'	4152
4129	(478, 756)	' share'	4153
4130	(413, 912)	'大利'	4154
4131	(2105, 591)	' development'	4155
4132	(2363, 1483)	' announ'	4156
4133	(122, 101)	'ze'	4157
4134	(289, 359)	' anim'	4158
4135	(2127, 288)	' reported'	4159
4136	(3782, 3496)	' especially'	4160
4137	(1504, 305)	' polic'	4161
4138	(99, 258)	'che'	4162
4139	(349, 184)	'幸'	4163
4140	(617, 190)	' о'	4164
4141	(480, 138)	'届'	4165
4142	(1714, 180)	'暴'	4166
4143	(593, 1033)	' trade'	4167
4144	(349, 149)	'幕'	4168
4145	(12022, 729)	b'\xe0\xa7\x8d\xe0\xa6'	4169
4146	(286, 437)	' mag'	4170
4147	(53, 558)	'500'	4171
4148	(209, 140)	'ь'	4172
4149	(256, 271)	' tit'	4173
4150	(1457, 283)	'ences'	4174
4151	(953, 524)	'当时'	4175
4152	(880, 190)	'顾'	4176
4153	(776, 433)	'法国'	4177
4154	(875, 2036)	' York'	4178
4155	(989, 280)	'样的'	4179
4156	(261, 185)	'丹'	4180
4157	(536, 111)	' Go'	4181
4158	(2124, 288)	' tried'	4182
4159	(419, 155)	'盛'	4183
4160	(518, 424)	' vol'	4184
4161	(624, 1177)	' One'	4185
4162	(108, 359)	'lim'	4186
4163	(275, 1139)	' cult'	4187
4164	(345, 100)	'add'	4188
4165	(880, 191)	'顿'	4189
4166	(232, 156)	b'\xe8\x9c'	4190
4167	(548, 329)	'resent'	4191
4168	(261, 157)	'丝'	4192
4169	(602, 378)	'也有'	4193
4170	(411, 185)	'弹'	4194
4171	(275, 121)	' cy'	4195
4172	(108, 97)	'la'	4196
4173	(634, 159)	'借'	4197
4174	(599, 137)	'掉'	4198
4175	(3160, 750)	b'\xe0\xaf\x81\xe0\xae'	4199
4176	(121, 315)	'yle'	4200
4177	(326, 180)	'吴'	4201
4178	(810, 144)	'姐'	4202
4179	(1721, 2050)	'欧洲'	4203
4180	(2184, 1637)	' issues'	4204
4181	(73, 73)	'II'	4205
4182	(1377, 128)	'ી'	4206
4183	(557, 110)	' En'	4207
4184	(617, 188)	' м'	4208
4185	(2159, 681)	'采用'	4209
4186	(536, 117)	' Gu'	4210
4187	(708, 137)	'肉'	4211
4188	(3243, 273)	' favor'	4212
4189	(1463, 555)	'先生'	4213
4190	(1208, 2291)	' service'	4214
4191	(719, 143)	'偏'	4215
4192	(12018, 436)	' higher'	4216
4193	(294, 325)	' hot'	4217
4194	(1530, 821)	'完全'	4218
4195	(812, 191)	'ਿ'	4219
4196	(1570, 175)	'्य'	4220
4197	(280, 1378)	'的话'	4221
4198	(1085, 1977)	' recomm'	4222
4199	(336, 2886)	' begin'	4223
4200	(300, 282)	'asing'	4224
4201	(415, 2497)	' asked'	4225
4202	(593, 97)	' tra'	4226
4203	(537, 345)	' dead'	4227
4204	(51, 51)	'33'	4228
4205	(3931, 315)	' couple'	4229
4206	(103, 283)	'ges'	4230
4207	(756, 564)	'arent'	4231
4208	(1097, 660)	'提高'	4232
4209	(936, 134)	' ن'	4233
4210	(379, 574)	' City'	4234
4211	(496, 132)	'附'	4235
4212	(1994, 1314)	' front'	4236
4213	(307, 181)	'兵'	4237
4214	(382, 176)	'估'	4238
4215	(2919, 157)	'蓝'	4239
4216	(384, 175)	'杯'	4240
4217	(1015, 343)	' teac'	4241
4218	(1156, 609)	'科学'	4242
4219	(705, 170)	'罪'	4243
4220	(988, 1449)	' amaz'	4244
4221	(755, 141)	'ል'	4245
4222	(339, 1956)	'一步'	4246
4223	(103, 282)	'ging'	4247
4224	(65, 76)	'AL'	4248
4225	(345, 283)	'ades'	4249
4226	(324, 151)	'宗'	4250
4227	(101, 290)	'eal'	4251
4228	(352, 4078)	' Tuesday'	4252
4229	(310, 1506)	' national'	4253
4230	(114, 566)	'right'	4254
4231	(105, 106)	'ij'	4255
4232	(1327, 271)	' crit'	4256
4233	(2463, 791)	' value'	4257
4234	(1785, 175)	'華'	4258
4235	(257, 669)	' age'	4259
4236	(497, 103)	' dog'	4260
4237	(545, 386)	'出了'	4261
4238	(281, 1023)	' fail'	4262
4239	(2620, 118)	' priv'	4263
4240	(285, 166)	'亦'	4264
4241	(1545, 133)	'梅'	4265
4242	(372, 578)	' heart'	4266
4243	(1333, 3407)	' awesome'	4267
4244	(404, 3962)	' weeks'	4268
4245	(3608, 363)	' World'	4269
4246	(1411, 4043)	' individual'	4270
4247	(720, 165)	'若'	4271
4248	(1781, 1813)	'准备'	4272
4249	(472, 715)	' Dep'	4273
4250	(286, 325)	' mot'	4274
4251	(2293, 121)	' easy'	4275
4252	(3049, 1801)	'申请'	4276
4253	(2309, 288)	' happened'	4277
4254	(1429, 135)	'ੇ'	4278
4255	(407, 105)	'ili'	4279
4256	(365, 156)	'络'	4280
4257	(620, 272)	' Jan'	4281
4258	(292, 264)	' don'	4282
4259	(263, 264)	' son'	4283
4260	(4063, 174)	'鎮'	4284
4261	(342, 283)	' ones'	4285
4262	(275, 945)	' creat'	4286
4263	(933, 421)	'去年'	4287
4264	(1451, 1608)	'调整'	4288
4265	(898, 1251)	' States'	4289
4266	(287, 859)	' opt'	4290
4267	(231, 141)	b'\xe7\x8d'	4291
4268	(462, 288)	' Wed'	4292
4269	(46, 54)	'.6'	4293
4270	(108, 348)	'lam'	4294
4271	(505, 116)	'elt'	4295
4272	(232, 184)	b'\xe8\xb8'	4296
4273	(969, 267)	' player'	4297
4274	(434, 144)	'逐'	4298
4275	(3039, 733)	b'\xe0\xb0\xbf\xe0\xb0'	4299
4276	(281, 1518)	' fair'	4300
4277	(1252, 1249)	'任何'	4301
4278	(518, 291)	' var'	4302
4279	(747, 168)	'雨'	4303
4280	(946, 1139)	' result'	4304
4281	(2093, 2404)	'环境'	4305
4282	(301, 1282)	' luck'	4306
4283	(1098, 288)	'oved'	4307
4284	(3059, 4010)	'year-old'	4308
4285	(275, 439)	' cop'	4309
4286	(403, 3982)	" haven't"	4310
4287	(571, 300)	' meas'	4311
4288	(2419, 110)	' learn'	4312
4289	(924, 1662)	'明显'	4313
4290	(711, 145)	'跑'	4314
4291	(1999, 1173)	'模式'	4315
4292	(352, 111)	' To'	4316
4293	(262, 2329)	'reme'	4317
4294	(462, 400)	' Will'	4318
4295	(301, 481)	' lab'	4319
4296	(1128, 48)	' 40'	4320
4297	(462, 291)	' War'	4321
4298	(371, 715)	' step'	4322
4299	(382, 145)	'休'	4323
4300	(317, 142)	'迎'	4324
4301	(231, 163)	b'\xe7\xa3'	4325
4302	(97, 101)	'ae'	4326
4303	(231, 185)	b'\xe7\xb9'	4327
4304	(1890, 1657)	'优势'	4328
4305	(900, 56)	'198'	4329
4306	(305, 1139)	'icult'	4330
4307	(365, 191)	'绿'	4331
4308	(110, 111)	'no'	4332
4309	(347, 176)	'田'	4333
4310	(2730, 141)	'軍'	4334
4311	(2084, 116)	' court'	4335
4312	(1329, 471)	'duct'	4336
4313	(418, 468)	' rul'	4337
4314	(632, 1300)	'公布'	4338
4315	(656, 290)	' goal'	4339
4316	(2196, 141)	'操'	4340
4317	(1894, 855)	'参加'	4341
4318	(369, 1471)	' Ass'	4342
4319	(1296, 184)	'脸'	4343
4320	(2056, 168)	'储'	4344
4321	(121, 283)	'yes'	4345
4322	(1682, 2067)	' general'	4346
4323	(621, 1183)	'分别'	4347
4324	(32, 195)	b' \xc3'	4348
4325	(99, 549)	'come'	4349
4326	(451, 162)	'抢'	4350
4327	(276, 375)	' bir'	4351
4328	(778, 99)	' enc'	4352
4329	(639, 148)	'體'	4353
4330	(371, 441)	' store'	4354
4331	(553, 173)	'ိ'	4355
4332	(1090, 4026)	'建筑'	4356
4333	(454, 152)	'秘'	4357
4334	(229, 180)	b'\xe5\xb4'	4358
4335	(109, 264)	'mon'	4359
4336	(379, 424)	' Col'	4360
4337	(778, 3967)	' energy'	4361
4338	(46, 56)	'.8'	4362
4339	(284, 2223)	' please'	4363
4340	(12005, 319)	"I've"	4365
4341	(1598, 1999)	'规模'	4366
4342	(395, 114)	' Mr'	4367
4343	(378, 2218)	'有限'	4368
4344	(301, 269)	' lat'	4369
4345	(1971, 107)	' talk'	4370
4346	(294, 486)	' hate'	4371
4347	(645, 883)	' space'	4372
4348	(525, 153)	'静'	4373
4349	(667, 1446)	'过程'	4374
4350	(114, 1211)	'rict'	4375
4351	(430, 687)	" aren't"	4376
4352	(1153, 1136)	'保持'	4377
4353	(3866, 553)	b'\xe1\x80\xaf\xe1\x80'	4378
4354	(537, 98)	' deb'	4379
4355	(583, 181)	'阵'	4380
4356	(555, 857)	'生产'	4381
4357	(330, 112)	' ep'	4382
4358	(796, 110)	'ogn'	4383
4359	(867, 182)	'延'	4384
4360	(1616, 920)	'空间'	4385
4361	(2162, 271)	' wait'	4386
4362	(866, 671)	'实现'	4387
4363	(918, 805)	'相机'	4388
4364	(370, 2380)	'不断'	4389
4365	(569, 970)	' above'	4390
4366	(1835, 271)	' Brit'	4391
4367	(2924, 4007)	'介绍'	4392
4368	(1805, 114)	' terr'	4393
4369	(46, 48)	'.0'	4394
4370	(1106, 664)	' blood'	4395
4371	(529, 552)	' exist'	4396
4372	(1812, 407)	'pril'	4397
4373	(702, 2179)	'看待'	4398
4374	(51, 54)	'36'	4399
4375	(685, 797)	'经理'	4400
4376	(378, 983)	'有些'	4401
4377	(2709, 130)	'概'	4402
4378	(1354, 2548)	'风险'	4403
4379	(105, 1094)	'ients'	4404
4380	(490, 3686)	' self'	4405
4381	(597, 132)	'俄'	4406
4382	(308, 98)	'omb'	4407
4383	(662, 100)	' upd'	4408
4384	(45, 119)	'-w'	4409
4385	(665, 3098)	' outside'	4410
4386	(271, 283)	'ites'	4411
4387	(3509, 322)	' exactly'	4412
4388	(130, 733)	b'\x82\xe0\xb0'	4413
4389	(432, 137)	'玉'	4414
4390	(46, 55)	'.7'	4415
4391	(209, 143)	'я'	4416
4392	(1480, 190)	'現'	4417
4393	(296, 151)	'朗'	4418
4394	(445, 115)	'ems'	4419
4395	(79, 84)	'OT'	4420
4396	(292, 3629)	' drug'	4421
4397	(115, 121)	'sy'	4422
4398	(2478, 176)	'峰'	4423
4399	(2440, 897)	'另外'	4424
4400	(1013, 187)	'ර'	4425
4401	(766, 163)	'趣'	4426
4402	(453, 2426)	'上涨'	4427
4403	(747, 133)	'雅'	4429
4404	(318, 271)	'stit'	4430
4405	(264, 1917)	'onna'	4431
4406	(609, 2584)	'学习'	4432
4407	(2012, 2695)	'负责'	4433
4408	(1632, 641)	' phone'	4434
4409	(101, 12002)	'eople'	4435
4410	(579, 116)	'apt'	4436
4411	(684, 2230)	'最终'	4437
4412	(882, 139)	'恋'	4438
4413	(111, 273)	'oor'	4439
4414	(807, 1216)	'ال'	4440
4415	(1753, 130)	'堂'	4441
4416	(4044, 112)	' susp'	4442
4417	(596, 191)	'避'	4443
4418	(461, 165)	'急'	4444
4419	(351, 309)	'roll'	4445
4420	(1857, 3433)	' character'	4446
4421	(462, 300)	' Was'	4447
4422	(99, 267)	'cer'	4448
4423	(988, 1000)	' amount'	4449
4424	(326, 175)	'启'	4450
4425	(2068, 315)	'attle'	4451
4426	(1791, 1019)	'评价'	4452
4427	(407, 116)	'ilt'	4453
4428	(720, 166)	'苦'	4454
4429	(73, 67)	'IC'	4455
4430	(2628, 115)	' words'	4456
4431	(456, 1883)	' House'	4457
4432	(379, 258)	' Che'	4458
4433	(997, 846)	'ро'	4459
4434	(1941, 853)	'决定'	4460
4435	(275, 3534)	' circ'	4461
4436	(653, 930)	'自然'	4462
4437	(841, 1101)	'球员'	4463
4438	(472, 380)	' Dec'	4464
4439	(333, 373)	'是在'	4465
4440	(68, 111)	'Do'	4466
4441	(2398, 1786)	' However'	4467
4442	(936, 132)	' ل'	4468
4443	(108, 2670)	'lished'	4469
4444	(304, 147)	'仓'	4470
4445	(99, 315)	'cle'	4471
4446	(2205, 3661)	'必须'	4472
4447	(957, 174)	'键'	4473
4448	(69, 84)	'ET'	4474
4449	(1362, 389)	'like'	4475
4450	(12008, 97)	' America'	4476
4451	(696, 189)	'载'	4477
4452	(1253, 1673)	'老师'	4478
4453	(1055, 168)	'萨'	4479
4454	(2604, 71)	'ING'	4480
4455	(362, 267)	' Ser'	4481
4456	(1554, 1028)	' relations'	4482
4457	(216, 169)	'ة'	4483
4458	(461, 170)	'怪'	4484
4459	(1914, 1781)	'标准'	4486
4460	(493, 103)	' neg'	4487
4461	(744, 52)	' 24'	4488
4462	(501, 453)	'以上'	4489
4463	(65, 67)	'AC'	4490
4464	(362, 1551)	' Sund'	4491
4465	(315, 715)	'leep'	4492
4466	(12009, 272)	' woman'	4493
4467	(2454, 178)	'該'	4494
4468	(1093, 136)	'烈'	4495
4469	(216, 180)	'ش'	4496
4470	(1073, 121)	' party'	4497
4471	(1362, 267)	'lier'	4498
4472	(619, 1291)	'成立'	4499
4473	(109, 271)	'mit'	4500
4474	(379, 111)	' Co'	4501
4475	(237, 149)	b'\xed\x95'	4502
4476	(3468, 145)	' đ'	4503
4477	(1270, 137)	'草'	4504
4478	(278, 99)	'isc'	4505
4479	(435, 1243)	'2011'	4506
4480	(2775, 504)	' profess'	4507
4481	(356, 1746)	' forward'	4508
4482	(2879, 2121)	' concern'	4509
4483	(46, 52)	'.4'	4510
4484	(1239, 3942)	'考虑'	4511
4485	(656, 283)	' goes'	4512
4486	(281, 3758)	' further'	4513
4487	(262, 348)	'ream'	4514
4488	(747, 170)	'雪'	4515
4489	(104, 104)	'hh'	4516
4490	(377, 184)	'स'	4517
4491	(232, 134)	b'\xe8\x86'	4518
4492	(948, 1446)	'工程'	4519
4493	(727, 148)	'笔'	4520
4494	(1368, 2809)	' consider'	4521
4495	(3883, 1529)	' target'	4522
4496	(1544, 121)	' happy'	4523
4497	(462, 466)	' West'	4524
4498	(12007, 1700)	' problems'	4525
4499	(1357, 1843)	'股票'	4526
4500	(283, 101)	'ese'	4527
4501	(1558, 3811)	'组织'	4528
4502	(659, 370)	'都不'	4529
4503	(686, 290)	'ival'	4530
4504	(523, 183)	b' \xe0\xb7'	4531
4505	(1085, 329)	' recent'	4532
4506	(535, 146)	'毒'	4533
4507	(209, 135)	'ч'	4534
4508	(411, 159)	'弟'	4535
4509	(2465, 1792)	' statement'	4536
4510	(461, 128)	'怀'	4537
4511	(3679, 553)	b'\xe1\x80\xac\xe1\x80'	4539
4512	(366, 114)	' ur'	4540
4513	(232, 188)	b'\xe8\xbc'	4541
4514	(3170, 3343)	'左右'	4542
4515	(121, 97)	'ya'	4543
4516	(367, 170)	'努'	4544
4517	(209, 136)	'ш'	4545
4518	(1307, 2338)	'收益'	4546
4519	(973, 1378)	'电话'	4547
4520	(12004, 53)	' 2015'	4548
4521	(311, 611)	' god'	4549
4522	(2033, 1517)	' signific'	4550
4523	(301, 1365)	' loss'	4551
4524	(778, 3859)	' environment'	4552
4525	(3666, 494)	'arents'	4553
4526	(67, 272)	'Can'	4554
4527	(437, 288)	'aged'	4555
4528	(98, 649)	'back'	4556
4529	(262, 109)	'rem'	4557
4530	(263, 811)	' site'	4558
4531	(315, 120)	'lex'	4559
4532	(82, 69)	'RE'	4560
4533	(1309, 2188)	' expected'	4561
4534	(384, 176)	'杰'	4562
4535	(1436, 797)	'处理'	4563
4536	(623, 163)	'ร'	4564
4537	(1109, 370)	'并不'	4565
4538	(682, 3227)	'新闻'	4566
4539	(1763, 1162)	' running'	4567
4540	(788, 272)	' compan'	4569
4541	(442, 117)	' ku'	4570
4542	(267, 99)	'erc'	4571
4543	(1353, 151)	'狗'	4572
4544	(2361, 129)	'鲁'	4573
4545	(597, 131)	'促'	4574
4546	(45, 108)	'-l'	4575
4547	(501, 627)	'以后'	4576
4548	(1441, 986)	'注意'	4577
4549	(184, 553)	b'\xb8\xe1\x80'	4578
4550	(420, 291)	' Bar'	4579
4551	(652, 1683)	' myself'	4580
4552	(3256, 477)	' growth'	4581
4553	(2498, 153)	'蒙'	4582
4554	(915, 161)	'胡'	4583
4555	(1416, 115)	' shows'	4584
4556	(2674, 842)	'故事'	4585
4557	(32, 1472)	' ọ'	4586
4558	(1107, 373)	'正在'	4587
4559	(1530, 619)	'完成'	4588
4560	(443, 116)	'unt'	4589
4561	(286, 916)	' mass'	4590
4562	(623, 173)	'อ'	4591
4563	(418, 345)	' rad'	4592
4564	(925, 128)	'ව'	4593
4565	(570, 267)	'ender'	4594
4566	(617, 184)	' и'	4595
4567	(315, 591)	'lement'	4596
4568	(287, 107)	' ok'	4597
4569	(647, 1583)	' leave'	4598
4570	(271, 401)	'itter'	4599
4571	(1833, 1199)	' respons'	4600
4572	(286, 1434)	' match'	4601
4573	(395, 288)	' Med'	4602
4574	(879, 161)	'睡'	4603
4575	(263, 2406)	' sounds'	4604
4576	(117, 505)	'uel'	4605
4577	(84, 111)	'To'	4606
4578	(3314, 1162)	' morning'	4607
4579	(1666, 1812)	' surpr'	4609
4580	(697, 129)	'ु'	4610
4581	(378, 1892)	'有效'	4611
4582	(343, 288)	'aced'	4612
4583	(337, 164)	'尤'	4613
4584	(124, 124)	'||'	4614
4585	(1840, 1614)	'容易'	4615
4586	(489, 288)	'pped'	4616
4587	(1040, 175)	'灯'	4617
4588	(216, 178)	'ز'	4618
4589	(659, 378)	'都有'	4619
4590	(596, 173)	'遭'	4620
4591	(1225, 4256)	'网络'	4621
4592	(4268, 12026)	' Wednesday'	4622
4593	(1469, 532)	'专家'	4623
4594	(32, 113)	' q'	4624
4595	(276, 111)	' bo'	4625
4596	(626, 133)	'羅'	4626
4597	(2429, 288)	'duced'	4627
4598	(276, 391)	' bur'	4628
4599	(341, 161)	'乡'	4629
4600	(1744, 774)	'投资者'	4630
4601	(339, 1022)	'一种'	4631
4602	(1138, 345)	' road'	4632
4603	(371, 464)	' stri'	4633
4604	(270, 406)	'ouch'	4634
4605	(1183, 381)	'别人'	4635
4606	(1834, 173)	'饭'	4636
4607	(85, 83)	'US'	4637
4608	(1464, 110)	'ın'	4638
4609	(105, 45)	'i-'	4639
4610	(275, 590)	' card'	4640
4611	(1722, 2189)	'集团'	4641
4612	(294, 308)	' hom'	4642
4613	(851, 2037)	'平均'	4643
4614	(1987, 609)	'留学'	4644
4615	(286, 2158)	' mention'	4645
4616	(2441, 282)	' building'	4646
4617	(2515, 290)	'atural'	4647
4618	(1138, 308)	' room'	4648
4619	(284, 277)	' pen'	4649
4620	(680, 928)	'作品'	4650
4621	(442, 2825)	' kids'	4651
4622	(267, 109)	'erm'	4652
4623	(370, 539)	'不到'	4653
4624	(1095, 288)	' needed'	4654
4625	(536, 101)	' Ge'	4655
4626	(263, 2790)	' sorry'	4656
4627	(12014, 952)	' increase'	4657
4628	(449, 615)	'个月'	4658
4629	(418, 486)	' rate'	4659
4630	(377, 174)	'म'	4660
4631	(32, 234)	b' \xea'	4661
4632	(583, 182)	'阶'	4662
4633	(615, 1882)	'月份'	4663
4634	(1410, 173)	'業'	4664
4635	(1451, 1904)	'调查'	4665
4636	(396, 169)	'扩'	4666
4637	(480, 143)	'屏'	4667
4638	(896, 3933)	' perfect'	4668
4639	(684, 1265)	'最近'	4669
4640	(354, 167)	'旧'	4670
4641	(1566, 1567)	'需求'	4671
4642	(1148, 165)	'ብ'	4672
4643	(1685, 290)	' final'	4673
4644	(4464, 335)	' Sunday'	4674
4645	(451, 151)	'抗'	4675
4646	(886, 1769)	'ibility'	4676
4647	(839, 3423)	' quarter'	4677
4648	(2651, 271)	' visit'	4678
4649	(122, 97)	'za'	4679
4650	(793, 109)	' imm'	4680
4651	(286, 1277)	' mother'	4681
4652	(387, 138)	'释'	4682
4653	(276, 1155)	' boy'	4683
4654	(2132, 104)	' meth'	4684
4655	(995, 1786)	' however'	4685
4656	(522, 358)	' These'	4686
4657	(2269, 3671)	' Friday'	4687
4658	(1086, 776)	'无法'	4688
4659	(1208, 12021)	' services'	4689
4660	(2355, 147)	'經'	4690
4661	(536, 108)	' Gl'	4691
4662	(65, 65)	'AA'	4692
4663	(772, 168)	'ન'	4693
4664	(748, 441)	' Kore'	4694
4665	(470, 283)	'uses'	4695
4666	(284, 606)	' port'	4696
4667	(280, 978)	'的女'	4697
4668	(388, 168)	'讨'	4698
4669	(882, 182)	'恶'	4699
4670	(596, 139)	'運'	4700
4671	(395, 1710)	' March'	4701
4672	(462, 392)	' With'	4702
4673	(2215, 3572)	' correct'	4703
4674	(119, 104)	'wh'	4704
4675	(2461, 189)	'總'	4705
4676	(880, 182)	'顶'	4706
4677	(845, 267)	' offer'	4707
4678	(1642, 893)	'季度'	4708
4679	(1305, 288)	'itted'	4709
4680	(813, 166)	'坦'	4710
4681	(579, 272)	'apan'	4711
4682	(783, 2785)	' cloud'	4712
4683	(788, 357)	' comput'	4713
4684	(1090, 1908)	'建议'	4714
4685	(105, 548)	'ires'	4715
4686	(370, 1298)	'不少'	4716
4687	(32, 368)	' ver'	4717
4688	(46, 51)	'.3'	4718
4689	(369, 4372)	' April'	4719
4690	(307, 167)	'內'	4720
4691	(3618, 729)	b'\xe0\xa6\xbf\xe0\xa6'	4721
4692	(3270, 329)	' moment'	4722
4693	(268, 264)	' won'	4723
4694	(333, 831)	'是一个'	4724
4695	(105, 3100)	'ique'	4725
4696	(69, 120)	'Ex'	4726
4697	(12011, 630)	' movie'	4727
4698	(430, 300)	' areas'	4728
4699	(301, 796)	' log'	4729
4700	(261, 129)	'丁'	4730
4701	(419, 150)	'盖'	4731
4702	(596, 151)	'遗'	4732
4703	(594, 1042)	'行政'	4733
4704	(121, 109)	'ym'	4734
4705	(391, 116)	'urt'	4735
4706	(617, 176)	' а'	4736
4707	(902, 2317)	'体验'	4737
4708	(281, 272)	' fan'	4738
4709	(3260, 991)	' political'	4739
4710	(842, 1546)	'事件'	4740
4711	(263, 695)	' song'	4741
4712	(196, 159)	'ğ'	4742
4713	(118, 290)	'val'	4743
4714	(276, 481)	' bab'	4744
4715	(839, 2894)	' quality'	4745
4716	(1892, 1084)	'效果'	4746
4717	(1721, 801)	'欧元'	4747
4718	(2782, 271)	' milit'	4749
4719	(292, 308)	' dom'	4750
4720	(402, 175)	'凯'	4751
4721	(388, 173)	'训'	4752
4722	(750, 190)	'ா'	4753
4723	(281, 749)	' fans'	4754
4724	(1952, 162)	'慢'	4755
4725	(2330, 147)	'間'	4756
4726	(348, 288)	'amed'	4757
4727	(378, 381)	'有人'	4758
4728	(1597, 619)	'造成'	4759
4729	(4073, 121)	' County'	4760
4730	(1423, 1022)	'各种'	4761
4731	(605, 305)	'astic'	4762
4732	(292, 466)	' dest'	4763
4733	(715, 116)	'ept'	4764
4734	(284, 1259)	' pull'	4765
4735	(1010, 288)	'ressed'	4766
4736	(422, 182)	'赶'	4767
4737	(1009, 171)	'漫'	4768
4738	(4220, 282)	' amazing'	4769
4739	(1307, 1047)	'收入'	4770
4740	(2502, 159)	'熟'	4771
4741	(609, 1294)	'学院'	4772
4742	(858, 172)	'馬'	4773
4743	(97, 1139)	'ault'	4774
4744	(2483, 174)	'潮'	4775
4745	(367, 179)	'劳'	4776
4746	(671, 672)	'现场'	4777
4747	(333, 1077)	'是什么'	4778
4748	(1238, 144)	'唐'	4779
4749	(1692, 2864)	' countries'	4780
4750	(280, 660)	'的高'	4781
4751	(235, 139)	b'\xeb\x8b'	4782
4752	(552, 305)	'istic'	4783
4753	(311, 1583)	' gave'	4784
4754	(387, 142)	'野'	4785
4755	(105, 327)	'iet'	4786
4756	(331, 282)	'iding'	4787
4757	(521, 704)	' suff'	4788
4758	(98, 97)	'ba'	4789
4759	(939, 282)	'aving'	4790
4760	(362, 109)	' Sm'	4791
4761	(624, 80)	' OP'	4792
4762	(55, 53)	'75'	4793
4763	(559, 131)	'埃'	4794
4764	(45, 51)	'-3'	4795
4765	(769, 1169)	'ил'	4796
4766	(614, 145)	'挑'	4797
4767	(398, 1317)	'中华'	4798
4768	(280, 753)	'的小'	4799
4769	(1420, 1064)	'变化'	4800
4770	(759, 170)	' प'	4801
4771	(622, 1300)	'发布'	4802
4772	(576, 363)	' sold'	4803
4773	(362, 549)	' Some'	4804
4774	(957, 139)	'锋'	4805
4775	(486, 103)	'ateg'	4806
4776	(890, 335)	'play'	4807
4777	(793, 437)	' imag'	4808
4778	(993, 449)	'那个'	4809
4779	(119, 756)	'ware'	4810
4780	(511, 130)	'厂'	4811
4781	(472, 939)	' Dav'	4812
4782	(292, 364)	' dig'	4813
4783	(332, 170)	'截'	4814
4784	(3763, 1775)	' Afric'	4815
4785	(1005, 855)	'更加'	4816
4786	(2418, 791)	' continue'	4817
4787	(1296, 154)	'脚'	4818
4788	(2700, 1171)	' position'	4819
4789	(97, 1003)	'aign'	4820
4790	(1238, 177)	'唱'	4821
4791	(45, 114)	'-r'	4822
4792	(2306, 552)	'minist'	4823
4793	(287, 407)	' oil'	4824
4794	(108, 2586)	'load'	4825
4795	(370, 1953)	'不仅'	4826
4796	(599, 162)	'探'	4827
4797	(12013, 567)	' speak'	4828
4798	(1543, 1285)	'导演'	4829
4799	(620, 3126)	' June'	4830
4800	(3302, 805)	'危机'	4831
4801	(256, 1638)	' takes'	4832
4802	(329, 290)	'ental'	4833
4803	(65, 116)	'At'	4834
4804	(1421, 169)	'摩'	4835
4805	(257, 3500)	' average'	4836
4806	(2210, 105)	'medi'	4837
4807	(45, 104)	'-h'	4838
4808	(73, 76)	'IL'	4839
4809	(777, 999)	'如此'	4840
4810	(45, 49)	'-1'	4841
4811	(46, 57)	'.9'	4842
4812	(746, 1154)	'美國'	4843
4813	(4540, 601)	' companies'	4844
4814	(426, 143)	'序'	4845
4815	(292, 277)	' den'	4846
4816	(268, 1072)	' wish'	4847
4817	(1085, 2839)	' recently'	4848
4818	(857, 661)	'产业'	4849
4819	(622, 594)	'发行'	4850
4820	(993, 983)	'那些'	4851
4821	(1485, 646)	'да'	4853
4822	(2083, 1048)	'随着'	4854
4823	(485, 618)	' jud'	4855
4824	(84, 114)	'Tr'	4856
4825	(77, 598)	'Most'	4857
4826	(667, 933)	'过去'	4858
4827	(231, 158)	b'\xe7\x9e'	4859
4828	(530, 1404)	' living'	4860
4829	(648, 151)	'洗'	4861
4830	(1785, 178)	'菲'	4862
4831	(404, 1044)	" we're"	4863
4832	(518, 2157)	' vari'	4864
4833	(259, 111)	'ino'	4865
4834	(1019, 1569)	'价值'	4866
4835	(378, 3363)	'有哪些'	4867
4836	(294, 598)	' host'	4868
4837	(276, 618)	' bud'	4869
4838	(1410, 154)	'楚'	4870
4839	(382, 159)	'伟'	4871
4840	(281, 1613)	' fix'	4872
4841	(594, 428)	'行为'	4873
4842	(262, 108)	'rel'	4874
4843	(281, 271)	' fit'	4875
4844	(230, 167)	b'\xe6\xa7'	4876
4845	(823, 4109)	' themselves'	4877
4846	(377, 185)	'ह'	4878
4847	(318, 114)	'str'	4879
4848	(263, 541)	' squ'	4880
4849	(65, 77)	'AM'	4881
4850	(1499, 267)	' longer'	4882
4851	(110, 444)	'ners'	4883
4852	(97, 391)	'aur'	4884
4853	(108, 291)	'lar'	4885
4854	(866, 1808)	'实际'	4886
4855	(2748, 2183)	'状态'	4887
4856	(452, 2095)	'我觉得'	4888
4857	(109, 112)	'mp'	4889
4858	(684, 413)	'最大'	4890
4859	(4522, 546)	' significant'	4891
4860	(942, 857)	'资产'	4892
4861	(407, 1501)	'ilities'	4893
4862	(3233, 290)	' total'	4894
4863	(994, 2229)	' China'	4895
4864	(456, 291)	' Har'	4896
4865	(281, 445)	' fem'	4897
4866	(3977, 267)	' answer'	4898
4867	(1301, 184)	'岸'	4899
4868	(370, 2126)	'不知道'	4900
4869	(108, 116)	'lt'	4901
4870	(3690, 773)	' industry'	4902
4871	(284, 881)	' pub'	4903
4872	(404, 2509)	' webs'	4904
4873	(2428, 1827)	'微博'	4905
4874	(12016, 283)	' changes'	4906
4875	(3095, 853)	'稳定'	4907
4876	(3201, 774)	'消费者'	4908
4877	(946, 3504)	' results'	4909
4878	(389, 121)	'key'	4910
4879	(2185, 187)	'翻'	4911
4880	(655, 1683)	' yourself'	4912
4881	(358, 99)	'sec'	4913
4882	(2125, 1765)	'购买'	4914
4883	(232, 148)	b'\xe8\x94'	4915
4884	(1388, 3964)	'结束'	4916
4885	(696, 175)	'软'	4917
4886	(292, 686)	' div'	4918
4887	(1138, 315)	' role'	4919
4888	(339, 885)	'一点'	4920
4889	(2213, 486)	' create'	4921
4890	(621, 3589)	'分钟'	4922
4891	(889, 678)	' ground'	4923
4892	(259, 288)	'ined'	4924
4893	(105, 104)	'ih'	4925
4894	(544, 702)	'来看'	4926
4895	(882, 144)	'恐'	4927
4896	(816, 142)	'税'	4928
4897	(424, 2110)	'olution'	4929
4898	(812, 176)	'ਰ'	4930
4899	(475, 180)	'贴'	4931
4900	(1322, 1941)	'解决'	4932
4901	(1141, 4167)	' represent'	4933
4902	(443, 107)	'unk'	4934
4903	(690, 165)	'童'	4935
4904	(585, 182)	'架'	4936
4905	(111, 322)	'oly'	4937
4906	(1370, 3726)	' security'	4938
4907	(3894, 504)	' necess'	4939
4908	(906, 280)	'性的'	4940
4909	(97, 468)	'aul'	4941
4910	(680, 681)	'作用'	4942
4911	(1261, 141)	'ው'	4943
4912	(1238, 175)	'唯'	4944
4913	(284, 649)	' pack'	4945
4914	(846, 1802)	'ов'	4946
4915	(72, 84)	'HT'	4947
4916	(2515, 1179)	'aturday'	4948
4917	(3400, 319)	' improve'	4949
4918	(1239, 1990)	'考试'	4950
4919	(103, 277)	'gen'	4951
4920	(276, 1947)	' billion'	4952
4921	(294, 3887)	' huge'	4953
4922	(284, 4525)	' parents'	4954
4923	(4722, 750)	b'\xe0\xae\xbe\xe0\xae'	4955
4924	(1587, 155)	'痛'	4956
4925	(311, 4405)	' gonna'	4957
4926	(1013, 173)	'ත'	4958
4927	(381, 1056)	'人物'	4959
4928	(1320, 2349)	' decision'	4960
4929	(271, 273)	'itor'	4961
4930	(394, 3999)	'oogle'	4962
4931	(298, 945)	' threat'	4963
4932	(1785, 156)	'菜'	4964
4933	(378, 280)	'有的'	4965
4934	(301, 4096)	' langu'	4966
4935	(379, 114)	' Cr'	4967
4936	(1006, 1402)	' Intern'	4968
4937	(232, 171)	b'\xe8\xab'	4969
4938	(276, 2430)	' bott'	4970
4939	(424, 1916)	'olute'	4971
4940	(268, 269)	' wat'	4972
4941	(1070, 174)	'の'	4973
4942	(331, 669)	'idge'	4974
4943	(1236, 539)	'受到'	4975
4944	(1347, 4306)	' difficult'	4976
4945	(106, 2377)	'jects'	4977
4946	(1677, 259)	' opin'	4978
4947	(297, 271)	' init'	4979
4948	(379, 273)	' Cor'	4980
4949	(2627, 729)	b'\xe0\xa7\x87\xe0\xa6'	4981
4950	(231, 152)	b'\xe7\x98'	4982
4951	(1554, 364)	' relig'	4983
4952	(79, 77)	'OM'	4984
4953	(330, 269)	' eat'	4985
4954	(813, 155)	'坛'	4986
4955	(1598, 853)	'规定'	4987
4956	(281, 605)	' fast'	4988
4957	(661, 1326)	'业务'	4989
4958	(972, 158)	'舞'	4990
4959	(974, 267)	'anger'	4991
4960	(117, 117)	'uu'	4992
4961	(1285, 1101)	'演员'	4993
4962	(738, 134)	'來'	4994
4963	(259, 121)	'iny'	4995
4964	(475, 157)	'贝'	4996
4965	(429, 291)	' Par'	4997
4966	(860, 159)	'损'	4998
4967	(759, 174)	' म'	4999
4968	(835, 920)	'期间'	5000
4969	(264, 3538)	'onald'	5001
4970	(990, 563)	'只能'	5002
4971	(216, 140)	'،'	5003
4972	(2740, 1194)	'控制'	5004
4973	(1021, 116)	'oint'	5005
4974	(1356, 57)	' 199'	5006
4975	(990, 565)	'只要'	5007
4976	(121, 100)	'yd'	5008
4977	(2375, 288)	' killed'	5009
4978	(262, 288)	'reed'	5010
4979	(362, 380)	' Sec'	5011
4980	(208, 182)	'ж'	5012
4981	(2361, 156)	'鲜'	5014
4982	(326, 155)	'君'	5015
4983	(98, 271)	'bit'	5016
4984	(80, 83)	'PS'	5017
4985	(623, 129)	'ก'	5018
4986	(425, 184)	'寸'	5019
4987	(2469, 99)	' etc'	5020
4988	(418, 1557)	' range'	5021
4989	(3394, 173)	'蘭'	5022
4990	(1118, 1108)	'ور'	5023
4991	(3456, 2701)	' original'	5024
4992	(362, 119)	' Sw'	5025
4993	(1261, 173)	'ይ'	5026
4994	(3298, 322)	' completely'	5027
4995	(365, 188)	'综'	5028
4996	(3273, 1318)	'镜头'	5029
4997	(1271, 169)	'缩'	5030
4998	(275, 640)	' cred'	5031
4999	(970, 640)	'overed'	5032
5000	(411, 177)	'弱'	5033
5001	(1864, 673)	' inside'	5034
5002	(97, 548)	'ares'	5035
5003	(99, 605)	'cast'	5036
5004	(369, 489)	' App'	5037
5005	(1547, 2961)	'视频'	5038
5006	(2516, 661)	'职业'	5039
5007	(1015, 1375)	' text'	5040
5008	(737, 315)	'iple'	5041
5009	(2207, 798)	' questions'	5042
5010	(1029, 1379)	' applic'	5043
5011	(502, 188)	'呼'	5044
5012	(109, 441)	'more'	5045
5013	(1779, 290)	' personal'	5046
5014	(1136, 1652)	'持续'	5047
5015	(259, 592)	'inks'	5048
5016	(3634, 144)	'餐'	5049
5017	(1585, 334)	' below'	5050
5018	(1981, 4373)	'如何看待'	5051
5019	(3532, 726)	' picture'	5052
5020	(372, 363)	' held'	5053
5021	(2719, 2508)	' technology'	5054
5022	(832, 107)	' thank'	5055
5023	(512, 282)	'osing'	5056
5024	(264, 358)	'onse'	5057
5025	(301, 2858)	' liter'	5058
5026	(276, 2006)	' box'	5059
5027	(864, 166)	'润'	5060
5028	(845, 679)	' office'	5061
5029	(753, 524)	'小时'	5062
5030	(327, 267)	'eter'	5063
5031	(518, 325)	' vot'	5064
5032	(2330, 139)	'開'	5065
5033	(536, 4114)	' German'	5066
5034	(1444, 48)	' 60'	5067
5035	(281, 269)	' fat'	5068
5036	(292, 1496)	' drop'	5069
5037	(1061, 1683)	' himself'	5070
5038	(603, 145)	'辑'	5071
5039	(869, 4222)	'进一步'	5072
5040	(1140, 288)	' worked'	5073
5041	(537, 715)	' deep'	5074
5042	(350, 176)	'困'	5075
5043	(4087, 2438)	' Austral'	5076
5044	(509, 2935)	' Feb'	5077
5045	(883, 4011)	'acebook'	5078
5046	(324, 156)	'宜'	5079
5047	(1543, 2278)	'导致'	5080
5048	(865, 175)	'累'	5081
5049	(515, 183)	'纷'	5082
5050	(218, 186)	'ں'	5083
5051	(3699, 316)	' version'	5084
5052	(2149, 1294)	'医院'	5085
5053	(259, 105)	'ini'	5086
5054	(554, 3216)	' cannot'	5087
5055	(1632, 325)	' phot'	5088
5056	(1661, 137)	'้'	5089
5057	(963, 1840)	'内容'	5090
5058	(759, 185)	' ह'	5091
5059	(1654, 619)	'形成'	5092
5060	(276, 952)	' base'	5093
5061	(1156, 1696)	'科技'	5094
5062	(1435, 151)	'疗'	5095
5063	(101, 1375)	'ext'	5096
5064	(994, 291)	' Char'	5097
5065	(121, 270)	'you'	5098
5066	(2860, 1755)	'艺术'	5099
5067	(115, 117)	'su'	5100
5068	(422, 181)	'赵'	5101
5069	(560, 160)	'惠'	5102
5070	(2431, 581)	'土地'	5103
5071	(3150, 159)	'機'	5104
5072	(2040, 272)	' clean'	5106
5073	(3297, 4789)	' campaign'	5107
5074	(1164, 136)	'针'	5108
5075	(118, 4051)	'ville'	5109
5076	(112, 322)	'ply'	5110
5077	(263, 2109)	' size'	5111
5078	(1229, 661)	'商业'	5112
5079	(599, 136)	'授'	5113
5080	(524, 3079)	'时尚'	5114
5081	(1278, 765)	'ancial'	5115
5082	(2263, 3232)	' article'	5116
5083	(99, 407)	'cil'	5117
5084	(395, 470)	' Mus'	5118
5085	(744, 49)	' 21'	5119
5086	(1012, 316)	' action'	5120
5087	(861, 2043)	' accept'	5121
5088	(391, 406)	'urch'	5122
5089	(32, 1319)	' у'	5123
5090	(105, 348)	'iam'	5124
5091	(324, 189)	'宽'	5125
5092	(898, 101)	' Ste'	5126
5093	(286, 278)	' mis'	5127
5094	(361, 175)	'误'	5128
5095	(3351, 2170)	'elebr'	5129
5096	(538, 378)	'会有'	5130
5097	(454, 159)	'租'	5131
5098	(1153, 2786)	'保护'	5132
5099	(284, 785)	' page'	5133
5100	(1321, 445)	' attem'	5134
5101	(10, 2694)	b'\n        '	5135
5102	(117, 971)	'uary'	5136
5103	(846, 1169)	'ол'	5137
5104	(446, 166)	'触'	5138
5105	(2235, 1101)	'委员'	5139
5106	(310, 105)	' ni'	5140
5107	(571, 546)	' meant'	5141
5108	(4654, 611)	' method'	5142
5109	(313, 83)	' IS'	5143
5110	(1894, 877)	'参与'	5144
5111	(1774, 610)	' effect'	5145
5112	(3177, 3587)	' potential'	5146
5113	(1629, 357)	'ribut'	5147
5114	(468, 1633)	'ularly'	5148
5115	(351, 115)	'ros'	5149
5116	(467, 163)	'散'	5150
5117	(465, 118)	' conv'	5151
5118	(4516, 844)	'努力'	5152
5119	(2632, 109)	' film'	5153
5120	(376, 153)	'孙'	5154
5121	(467, 162)	'敢'	5155
5122	(305, 97)	'ica'	5156
5123	(210, 175)	'ү'	5157
5124	(111, 104)	'oh'	5158
5125	(268, 809)	' ways'	5159
5126	(473, 145)	'树'	5160
5127	(4456, 2225)	' relationship'	5161
5128	(1809, 115)	' News'	5162
5129	(953, 930)	'当然'	5163
5130	(1239, 555)	'考生'	5164
5131	(1522, 170)	'豪'	5165
5132	(53, 53)	'55'	5166
5133	(305, 592)	'icks'	5167
5134	(302, 182)	'叶'	5168
5135	(838, 175)	'聯'	5169
5136	(422, 162)	'赢'	5170
5137	(1381, 771)	'共同'	5171
5138	(1348, 1131)	'联系'	5172
5139	(51, 558)	'300'	5173
5140	(1563, 288)	' looked'	5174
5141	(925, 148)	'ු'	5175
5142	(1490, 563)	'才能'	5176
5143	(425, 187)	'寻'	5177
5144	(1117, 1723)	'报告'	5178
5145	(300, 1199)	'asons'	5179
5146	(489, 267)	'pper'	5180
5147	(764, 316)	'action'	5181
5148	(1473, 651)	'取得'	5182
5149	(1605, 2163)	' difference'	5183
5150	(301, 288)	' led'	5184
5151	(536, 277)	' Gen'	5185
5152	(293, 1380)	' town'	5186
5153	(1905, 669)	'ledge'	5187
5154	(336, 3387)	' beaut'	5188
5155	(263, 3366)	' source'	5189
5156	(822, 173)	'箭'	5190
5157	(3048, 101)	' safe'	5191
5158	(426, 147)	'库'	5192
5159	(1888, 115)	' hands'	5193
5160	(144, 553)	b'\x90\xe1\x80'	5194
5161	(362, 4916)	' Saturday'	5195
5162	(2325, 904)	' require'	5196
5163	(1766, 1543)	'领导'	5197
5164	(285, 161)	'亡'	5198
5165	(301, 111)	' lo'	5199
5166	(846, 997)	'ор'	5200
5167	(269, 1145)	'atory'	5201
5168	(52, 56)	'48'	5202
5169	(497, 99)	' doc'	5203
5170	(697, 164)	'।'	5204
5171	(1967, 1178)	'角色'	5205
5172	(1368, 484)	' consum'	5206
5173	(65, 309)	'All'	5207
5174	(918, 1161)	'相信'	5208
5175	(1133, 764)	' impact'	5209
5176	(371, 1396)	' stock'	5210
5177	(278, 283)	'ises'	5211
5178	(1394, 833)	'单位'	5212
5179	(3305, 2249)	'ospital'	5213
5180	(277, 282)	'ening'	5214
5181	(727, 166)	'符'	5215
5182	(613, 280)	'下的'	5216
5183	(708, 165)	'肥'	5217
5184	(939, 121)	'avy'	5218
5185	(1431, 1679)	' sometimes'	5219
5186	(434, 188)	'逼'	5220
5187	(328, 2223)	' release'	5221
5188	(857, 555)	'产生'	5222
5189	(2003, 743)	' drink'	5223
5190	(3208, 2764)	'健康'	5224
5191	(934, 885)	'重点'	5225
5192	(263, 1157)	' swe'	5226
5193	(257, 406)	' ach'	5227
5194	(304, 153)	'仙'	5228
5195	(324, 133)	'宅'	5229
5196	(274, 144)	'【'	5230
5197	(274, 145)	'】'	5231
5198	(332, 176)	'戰'	5232
5199	(341, 177)	'乱'	5233
5200	(3115, 115)	' products'	5234
5201	(80, 104)	'Ph'	5235
5202	(500, 334)	' Now'	5236
5203	(384, 130)	'杂'	5237
5204	(431, 172)	'冬'	5238
5205	(2446, 4001)	' situation'	5239
5206	(628, 185)	'妹'	5240
5207	(292, 3367)	' draw'	5241
5208	(112, 288)	'ped'	5242
5209	(1152, 309)	' bull'	5243
5210	(1459, 2014)	'像素'	5244
5211	(840, 134)	'隆'	5245
5212	(328, 2827)	' review'	5246
5213	(454, 146)	'秒'	5247
5214	(1577, 115)	' teams'	5248
5215	(12013, 288)	' speed'	5249
5216	(2769, 785)	' damage'	5250
5217	(1689, 282)	' reading'	5251
5218	(112, 351)	'pro'	5252
5219	(846, 938)	'он'	5253
5220	(418, 678)	' round'	5254
5221	(1581, 1124)	'统计'	5255
5222	(285, 136)	'予'	5256
5223	(119, 760)	'well'	5257
5224	(909, 1287)	' Thank'	5259
5225	(2589, 1511)	'平方米'	5260
5226	(557, 108)	' El'	5261
5227	(269, 1866)	'atures'	5262
5228	(672, 2408)	'场比赛'	5263
5229	(596, 141)	'遍'	5264
5230	(2852, 322)	' currently'	5265
5231	(1561, 991)	'ological'	5266
5232	(80, 351)	'Pro'	5267
5233	(658, 776)	'方法'	5268
5234	(280, 2402)	'的情况'	5269
5235	(345, 111)	'ado'	5270
5236	(267, 319)	'erve'	5271
5237	(472, 445)	' Dem'	5272
5238	(1562, 3507)	' evidence'	5273
5239	(2055, 1030)	'普通'	5274
5240	(3790, 267)	' wonder'	5275
5241	(620, 3874)	' July'	5276
5242	(3985, 290)	' normal'	5277
5243	(275, 269)	' cat'	5278
5244	(1468, 137)	'悉'	5279
5245	(763, 892)	' knew'	5281
5246	(1661, 128)	'เ'	5282
5247	(284, 640)	' pred'	5283
5248	(1428, 114)	'ər'	5284
5249	(32, 375)	' ir'	5285
5250	(32, 331)	' id'	5286
5251	(337, 190)	'尾'	5287
5252	(513, 131)	'沃'	5288
5253	(794, 12035)	'基础'	5289
5254	(294, 291)	' har'	5290
5255	(104, 105)	'hi'	5291
5256	(117, 1105)	'under'	5292
5257	(864, 137)	'涉'	5293
5258	(660, 1239)	'高考'	5294
5259	(112, 101)	'pe'	5295
5260	(1109, 1844)	'并且'	5296
5261	(1937, 3932)	' global'	5297
5262	(3875, 470)	' focus'	5298
5263	(286, 391)	' mur'	5299
5264	(536, 664)	' Good'	5300
5265	(268, 1881)	' wants'	5301
5266	(69, 67)	'EC'	5302
5267	(453, 643)	'上市'	5303
5268	(1415, 707)	'男子'	5304
5269	(1097, 1819)	'提升'	5305
5270	(1699, 1022)	'是一种'	5306
5271	(3522, 661)	'毕业'	5307
5272	(12003, 629)	' became'	5308
5273	(1187, 433)	'德国'	5309
5274	(620, 4681)	' Japan'	5310
5275	(231, 146)	b'\xe7\x92'	5311
5276	(379, 3318)	' Comp'	5312
5277	(324, 135)	'宇'	5313
5278	(2971, 2168)	'帮助'	5314
5279	(2457, 4471)	' earlier'	5315
5280	(1038, 1413)	'ruction'	5316
5281	(32, 95)	' _'	5317
5282	(2662, 1394)	'简单'	5318
5283	(917, 359)	' prim'	5319
5284	(281, 760)	' fell'	5320
5285	(1265, 835)	'近期'	5321
5286	(118, 329)	'vent'	5322
5287	(263, 606)	' sort'	5323
5288	(544, 653)	'来自'	5324
5289	(623, 177)	'ั'	5325
5290	(559, 185)	'培'	5326
5291	(2282, 115)	' levels'	5327
5292	(1571, 544)	'带来'	5328
5293	(3486, 1574)	' released'	5329
5294	(346, 1683)	' itself'	5330
5295	(2178, 334)	' follow'	5331
5296	(369, 1736)	' Aug'	5332
5297	(331, 97)	'ida'	5333
5298	(263, 4465)	' sleep'	5334
5299	(711, 179)	'跳'	5335
5300	(12024, 952)	' disease'	5336
5301	(2500, 1954)	' popular'	5337
5302	(276, 269)	' bat'	5338
5303	(1608, 449)	'整个'	5339
5304	(1283, 1010)	' address'	5340
5305	(370, 2588)	'不错'	5341
5306	(644, 144)	'渐'	5342
5307	(3266, 130)	'懂'	5343
5308	(371, 754)	' stra'	5344
5309	(79, 1177)	'One'	5345
5310	(1549, 3063)	'证券'	5346
5311	(1069, 280)	'我们的'	5347
5312	(538, 1908)	'会议'	5348
5313	(924, 1383)	'明星'	5350
5314	(1714, 151)	'暗'	5351
5315	(2100, 802)	'排名'	5352
5316	(305, 408)	'ication'	5353
5317	(2419, 1162)	' learning'	5354
5318	(2983, 844)	'压力'	5355
5319	(370, 670)	'不好'	5356
5320	(429, 267)	' Per'	5357
5321	(298, 1474)	' thread'	5358
5322	(114, 272)	'ran'	5359
5323	(256, 97)	' ta'	5360
5324	(429, 1035)	' Park'	5361
5325	(540, 150)	'視'	5362
5326	(321, 1667)	' yeah'	5363
5327	(107, 110)	'kn'	5364
5328	(1270, 163)	'荣'	5365
5329	(1111, 381)	'让人'	5366
5330	(324, 171)	'宫'	5367
5331	(469, 786)	'这里'	5368
5332	(2256, 115)	' groups'	5369
5333	(480, 139)	'屋'	5370
5334	(1918, 444)	' leaders'	5371
5335	(1373, 2936)	' associ'	5372
5336	(290, 283)	'ales'	5373
5337	(3383, 591)	' treatment'	5374
5338	(73, 68)	'ID'	5375
5339	(949, 608)	'关于'	5376
5340	(2015, 754)	' extra'	5377
5341	(333, 1470)	'是不是'	5378
5342	(336, 269)	' beat'	5379
5343	(929, 1951)	'hington'	5380
5344	(300, 107)	'ask'	5381
5345	(100, 101)	'de'	5382
5346	(686, 407)	'ivil'	5383
5347	(840, 156)	'障'	5384
5348	(939, 283)	'aves'	5385
5349	(292, 1314)	' dont'	5386
5350	(3364, 69)	' THE'	5387
5351	(532, 3516)	'家庭'	5388
5352	(1123, 163)	'档'	5389
5353	(783, 881)	' club'	5390
5354	(1885, 1124)	'预计'	5391
5355	(999, 897)	'此外'	5392
5356	(382, 180)	'伴'	5393
5357	(619, 2840)	'成绩'	5394
5358	(4343, 1113)	'有限公司'	5395
5359	(656, 363)	' gold'	5396
5360	(567, 267)	'aker'	5397
5361	(1454, 1869)	'客户'	5398
5362	(1570, 176)	'्र'	5399
5363	(685, 2317)	'经验'	5400
5364	(371, 1251)	' states'	5401
5365	(2498, 130)	'蒂'	5402
5366	(51, 55)	'37'	5403
5367	(216, 173)	'ح'	5404
5368	(1053, 157)	'喝'	5405
5369	(1422, 1044)	"You're"	5406
5370	(1599, 288)	' died'	5407
5371	(85, 110)	'Un'	5408
5372	(99, 121)	'cy'	5409
5373	(51, 56)	'38'	5410
5374	(1010, 316)	'ression'	5411
5375	(645, 114)	' spr'	5412
5376	(2328, 282)	' interesting'	5413
5377	(256, 264)	' ton'	5414
5378	(1705, 158)	'搞'	5415
5379	(290, 116)	'alt'	5416
5380	(2315, 735)	' India'	5417
5381	(104, 1224)	'hold'	5418
5382	(1885, 835)	'预期'	5419
5383	(685, 667)	'经过'	5420
5384	(755, 181)	'ስ'	5421
5385	(772, 176)	'ર'	5422
5386	(1354, 1132)	'风格'	5423
5387	(195, 182)	'ö'	5424
5388	(233, 158)	b'\xe9\x9e'	5425
5389	(2723, 2907)	'货币'	5426
5390	(2360, 177)	'統'	5427
5391	(3013, 146)	'醒'	5428
5392	(576, 1338)	' soft'	5429
5393	(52, 54)	'46'	5430
5394	(4198, 570)	' recommend'	5431
5395	(4076, 144)	'齐'	5432
5396	(2336, 319)	' drive'	5433
5397	(98, 108)	'bl'	5434
5398	(485, 101)	' je'	5435
5399	(684, 2209)	'最大的'	5436
5400	(273, 103)	'org'	5437
5401	(105, 2445)	'iety'	5438
5402	(1833, 5024)	' response'	5439
5403	(367, 177)	'励'	5440
5404	(343, 1209)	'ached'	5441
5405	(2573, 117)	' Qu'	5442
5406	(1091, 902)	'身体'	5443
5407	(395, 721)	' Mich'	5444
5408	(631, 1498)	' alleg'	5445
5409	(3867, 853)	'肯定'	5446
5410	(903, 764)	' contact'	5447
5411	(1833, 870)	' respond'	5448
5412	(1068, 687)	" couldn't"	5449
5413	(2611, 273)	' poor'	5450
5414	(1210, 1107)	'真正'	5451
5415	(1013, 184)	'ම'	5452
5416	(290, 107)	'alk'	5453
5417	(1588, 48)	' 70'	5454
5418	(1377, 139)	'ો'	5455
5419	(2048, 1546)	'条件'	5456
5420	(32, 504)	' ess'	5457
5421	(613, 2366)	'下降'	5458
5422	(1824, 1652)	'连续'	5459
5423	(515, 175)	'纯'	5460
5424	(1714, 150)	'暖'	5461
5425	(305, 351)	'icro'	5463
5426	(886, 322)	'ibly'	5464
5427	(657, 177)	' ر'	5465
5428	(1303, 168)	'骨'	5466
5429	(469, 895)	'这次'	5467
5430	(3723, 290)	'ournal'	5468
5431	(1622, 1205)	'质量'	5469
5432	(112, 811)	'pite'	5470
5433	(628, 187)	'妻'	5471
5434	(1208, 1112)	' serious'	5472
5435	(1425, 728)	'每天'	5473
5436	(102, 2120)	'field'	5474
5437	(276, 97)	' ba'	5475
5438	(3913, 408)	' education'	5476
5439	(2150, 1639)	'ست'	5477
5440	(362, 1743)	' School'	5478
5441	(3788, 466)	' honest'	5479
5442	(612, 156)	'颜'	5480
5443	(1608, 902)	'整体'	5481
5444	(1085, 4358)	' recogn'	5482
5445	(378, 339)	'有一'	5483
5446	(623, 135)	'ง'	5484
5447	(275, 348)	' cam'	5486
5448	(793, 4806)	' immedi'	5487
5449	(116, 491)	'tain'	5488
5450	(121, 114)	'yr'	5489
5451	(775, 777)	'比如'	5490
5452	(1454, 672)	'客场'	5491
5453	(277, 288)	'ened'	5492
5454	(112, 357)	'put'	5493
5455	(2892, 189)	'賽'	5494
5456	(593, 649)	' track'	5495
5457	(101, 283)	'ees'	5496
5458	(337, 141)	'對'	5497
5459	(2738, 166)	'麦'	5498
5460	(107, 105)	'ki'	5499
5461	(305, 111)	'ico'	5500
5462	(1137, 183)	'混'	5501
5463	(275, 5095)	' celebr'	5502
5464	(4188, 811)	' favorite'	5503
5465	(1911, 505)	' model'	5504
5466	(284, 444)	' pers'	5505
5467	(942, 2116)	'资源'	5506
5468	(4202, 1051)	' travel'	5507
5469	(276, 3010)	' board'	5508
5470	(2023, 259)	' skin'	5509
5471	(903, 329)	' content'	5510
5472	(972, 185)	'船'	5511
5473	(4872, 811)	' website'	5512
5474	(631, 334)	' allow'	5513
5475	(3470, 733)	b'\xe0\xb1\x81\xe0\xb0'	5514
5476	(79, 114)	'Or'	5515
5477	(838, 154)	'聚'	5516
5478	(395, 101)	' Me'	5517
5479	(261, 166)	'並'	5518
5480	(1817, 165)	' እ'	5519
5481	(715, 570)	'epend'	5520
5482	(645, 325)	' spot'	5521
5483	(820, 797)	'心理'	5522
5484	(1024, 1325)	'影片'	5523
5485	(583, 180)	'阴'	5524
5486	(966, 1914)	'目标'	5525
5487	(1137, 161)	'淡'	5526
5488	(4751, 164)	'다'	5527
5489	(268, 1442)	' wife'	5528
5490	(65, 262)	'Are'	5529
5491	(349, 187)	'幻'	5530
5492	(442, 331)	' kid'	5531
5493	(350, 186)	'固'	5532
5494	(1305, 277)	'itten'	5533
5495	(617, 183)	' з'	5534
5496	(2610, 737)	' particip'	5535
5497	(1116, 152)	'默'	5536
5498	(1513, 590)	' regard'	5537
5499	(372, 309)	' hell'	5538
5500	(411, 151)	'弗'	5539
5501	(614, 165)	'挥'	5540
5502	(778, 115)	' ens'	5541
5503	(573, 546)	' plant'	5542
5504	(497, 471)	' doct'	5543
5505	(1252, 1326)	'任务'	5544
5506	(624, 704)	' Off'	5545
5507	(109, 282)	'ming'	5546
5508	(233, 132)	b'\xe9\x84'	5547
5509	(3253, 683)	' engine'	5548
5510	(451, 147)	'抓'	5549
5511	(2715, 119)	'www'	5550
5512	(108, 566)	'light'	5551
5513	(284, 3873)	' p.m'	5552
5514	(595, 1298)	'多少'	5553
5515	(709, 147)	'晓'	5554
5516	(270, 108)	'oul'	5555
5517	(976, 1929)	' scient'	5556
5518	(286, 683)	' mine'	5557
5519	(1517, 408)	'ification'	5558
5520	(1111, 625)	'让你'	5559
5521	(1387, 172)	'硬'	5560
5522	(275, 2845)	' cases'	5561
5523	(310, 4617)	' natural'	5562
5524	(418, 2563)	' rights'	5563
5525	(210, 155)	'қ'	5564
5526	(595, 280)	'多的'	5565
5527	(1013, 154)	'ක'	5566
5528	(86, 83)	'VS'	5567
5529	(1500, 368)	' cover'	5568
5530	(1458, 406)	'rench'	5569
5531	(1569, 651)	'值得'	5570
5532	(87, 392)	'With'	5571
5533	(321, 110)	' yn'	5572
5534	(478, 577)	' shall'	5573
5535	(881, 101)	'ube'	5574
5536	(486, 368)	'atever'	5575
5537	(3482, 1821)	'搭配'	5576
5538	(456, 278)	' His'	5577
5539	(2594, 329)	' prevent'	5578
5540	(325, 97)	'ota'	5579
5541	(369, 1182)	' Ang'	5580
5542	(530, 1698)	' lives'	5581
5543	(813, 143)	'坏'	5582
5544	(912, 681)	'利用'	5583
5545	(1443, 2451)	'号码'	5584
5546	(54, 53)	'65'	5585
5547	(493, 1633)	' nearly'	5586
5548	(100, 315)	'dle'	5587
5549	(1438, 176)	'ार'	5588
5550	(1353, 130)	'狂'	5589
5551	(322, 282)	'lying'	5590
5552	(501, 674)	'以前'	5591
5553	(960, 267)	'order'	5592
5554	(330, 1059)	' emer'	5593
5555	(3533, 1528)	' involved'	5594
5556	(509, 5045)	' Facebook'	5595
5557	(464, 1340)	'ribe'	5596
5558	(45, 53)	'-5'	5597
5559	(2478, 182)	'島'	5598
5560	(554, 4422)	' cancer'	5599
5561	(1368, 12037)	' considered'	5600
5562	(83, 549)	'Some'	5601
5563	(467, 184)	'數'	5602
5564	(394, 358)	'oose'	5603
5565	(294, 273)	' hor'	5604
5566	(2354, 3149)	' officials'	5605
5567	(1737, 421)	'半年'	5606
5568	(380, 357)	'ecut'	5607
5569	(439, 115)	'ops'	5608
5570	(426, 138)	'床'	5609
5571	(354, 162)	'既'	5610
5572	(45, 50)	'-2'	5611
5573	(496, 182)	'陶'	5612
5574	(2671, 2659)	' Canada'	5613
5575	(1578, 288)	' posted'	5614
5576	(782, 184)	'爸'	5615
5577	(119, 712)	'what'	5616
5578	(328, 1329)	' redu'	5617
5579	(865, 132)	'約'	5618
5580	(369, 471)	' Act'	5619
5581	(257, 618)	' aud'	5620
5582	(781, 166)	'邦'	5621
5583	(104, 424)	'hol'	5622
5584	(662, 264)	' upon'	5623
5585	(288, 100)	'edd'	5624
5586	(195, 163)	'ã'	5625
5587	(4149, 315)	' title'	5626
5588	(4064, 416)	' Calif'	5627
5589	(1158, 55)	'2007'	5628
5590	(3221, 931)	' performance'	5629
5591	(82, 101)	'Re'	5630
5592	(911, 112)	' prep'	5631
5593	(614, 186)	'挺'	5632
5594	(12010, 1413)	' production'	5633
5595	(278, 929)	'ishing'	5634
5596	(1774, 2991)	' effective'	5635
5597	(1790, 115)	' obs'	5636
5598	(85, 82)	'UR'	5637
5599	(12012, 282)	' giving'	5638
5600	(755, 136)	'ለ'	5639
5601	(1805, 109)	' term'	5640
5602	(719, 182)	'偶'	5641
5603	(4718, 971)	' military'	5642
5604	(275, 2234)	' cross'	5643
5605	(2524, 2203)	'材料'	5644
5606	(276, 272)	' ban'	5645
5607	(97, 505)	'ael'	5646
5608	(111, 106)	'oj'	5647
5609	(529, 348)	' exam'	5648
5610	(3212, 3718)	' English'	5649
5611	(1348, 1104)	'联赛'	5650
5612	(819, 282)	'izing'	5651
5613	(551, 178)	'欲'	5653
5614	(292, 351)	' dro'	5654
5615	(677, 1136)	'主持'	5655
5616	(3332, 1842)	' Republic'	5656
5617	(2873, 2873)	'……'	5657
5618	(531, 116)	'ourt'	5658
5619	(1462, 2016)	' wrote'	5659
5620	(985, 2364)	'区域'	5660
5621	(744, 50)	' 22'	5661
5622	(258, 108)	'hel'	5662
5623	(263, 1034)	' sens'	5663
5624	(4124, 4915)	'IGHT'	5664
5625	(2843, 726)	'ructure'	5665
5626	(211, 169)	'ө'	5666
5627	(918, 953)	'相当'	5667
5628	(280, 1735)	'的问题'	5668
5629	(599, 170)	'措'	5669
5630	(1741, 1843)	'彩票'	5670
5631	(3204, 561)	'昨日'	5671
5632	(1106, 1396)	' block'	5672
5633	(1123, 145)	'桑'	5673
5634	(593, 2811)	' training'	5674
5635	(1080, 129)	'裁'	5675
5636	(1694, 191)	'腿'	5676
5637	(5308, 566)	' straight'	5677
5638	(2004, 1325)	'照片'	5678
5639	(117, 120)	'ux'	5679
5640	(1212, 129)	'禁'	5680
5641	(439, 104)	'oph'	5681
5642	(1772, 334)	' slow'	5682
5643	(411, 131)	'弃'	5683
5644	(1286, 331)	'upid'	5684
5645	(3197, 282)	' meeting'	5685
5646	(1681, 278)	'ysis'	5686
5647	(1559, 282)	' starting'	5687
5648	(2112, 494)	' parts'	5688
5649	(317, 157)	'违'	5689
5650	(1324, 545)	'指出'	5690
5651	(117, 122)	'uz'	5691
5652	(362, 277)	' Sen'	5692
5653	(1836, 12039)	'越来越'	5693
5654	(437, 282)	'aging'	5694
5655	(526, 143)	'氏'	5695
5656	(2838, 811)	' White'	5696
5657	(462, 1274)	' Why'	5697
5658	(51, 52)	'34'	5698
5659	(442, 97)	' ka'	5699
5660	(416, 468)	'iful'	5700
5661	(32, 357)	' ut'	5701
5662	(1088, 282)	' seeing'	5702
5663	(864, 178)	'液'	5703
5664	(1997, 2910)	' simple'	5704
5665	(1269, 271)	' commit'	5705
5666	(4278, 1112)	' various'	5706
5667	(383, 133)	'帅'	5707
5668	(2603, 116)	'aught'	5708
5669	(599, 140)	'掌'	5709
5670	(799, 166)	'啦'	5710
5671	(4249, 3734)	' Department'	5711
5672	(1915, 174)	'献'	5712
5673	(330, 2776)	' eye'	5713
5674	(1225, 1891)	'网站'	5714
5675	(1472, 110)	'ọn'	5715
5676	(257, 121)	' ay'	5716
5677	(976, 2504)	' screen'	5717
5678	(1805, 1700)	' terms'	5718
5679	(2258, 290)	' legal'	5719
5680	(2600, 481)	' estab'	5720
5681	(293, 424)	' tool'	5721
5682	(1415, 381)	'男人'	5722
5683	(524, 1143)	'时代'	5723
5684	(371, 3000)	' staff'	5724
5685	(102, 606)	'fort'	5725
5686	(262, 327)	'reet'	5726
5687	(510, 156)	'拜'	5727
5688	(77, 335)	'May'	5728
5689	(1544, 1034)	' happens'	5729
5690	(1330, 621)	'十分'	5730
5691	(54, 54)	'66'	5731
5692	(103, 97)	'ga'	5732
5693	(677, 2341)	'主义'	5733
5694	(320, 128)	'刀'	5734
5695	(481, 1316)	'ables'	5735
5696	(409, 179)	'耳'	5736
5697	(495, 100)	' ord'	5737
5698	(45, 52)	'-4'	5738
5699	(1910, 658)	'双方'	5739
5700	(216, 172)	'ج'	5740
5701	(2328, 288)	' interested'	5741
5702	(258, 116)	'het'	5742
5703	(1513, 316)	' region'	5743
5704	(281, 1794)	' father'	5744
5705	(4421, 5343)	' Washington'	5745
5706	(98, 273)	'bor'	5746
5707	(657, 180)	' ش'	5747
5708	(741, 586)	'面对'	5748
5709	(1897, 283)	'okes'	5749
5710	(351, 308)	'room'	5750
5711	(292, 117)	' du'	5751
5712	(102, 108)	'fl'	5752
5713	(1629, 315)	'rible'	5753
5714	(232, 157)	b'\xe8\x9d'	5754
5715	(331, 1094)	'idents'	5755
5716	(659, 538)	'都会'	5756
5717	(105, 847)	'iber'	5758
5718	(369, 262)	' Are'	5759
5719	(692, 1117)	'本报'	5760
5720	(2730, 138)	'車'	5761
5721	(327, 116)	'ett'	5762
5722	(263, 407)	' sil'	5763
5723	(370, 588)	'不可'	5764
5724	(404, 566)	' weight'	5765
5725	(56, 56)	'88'	5766
5726	(1231, 135)	'勇'	5767
5727	(1873, 991)	' medical'	5768
5728	(623, 181)	'ี'	5769
5729	(2082, 2082)	'\xa0\xa0\xa0\xa0'	5770
5730	(1791, 1647)	'评论'	5771
5731	(1826, 48)	' 90'	5772
5732	(2288, 595)	'许多'	5773
5733	(256, 391)	' tur'	5774
5734	(259, 110)	'inn'	5775
5735	(799, 165)	'啥'	5776
5736	(757, 4792)	' administ'	5777
5737	(582, 538)	'就会'	5778
5738	(379, 996)	' Coll'	5780
5739	(490, 3823)	' separ'	5781
5740	(280, 682)	'的新'	5782
5741	(311, 300)	' gas'	5783
5742	(1997, 5076)	' simply'	5784
5743	(320, 145)	'刑'	5785
5744	(1627, 1581)	'传统'	5786
5745	(490, 1710)	' search'	5787
5746	(613, 544)	'下来'	5788
5747	(357, 104)	'uth'	5789
5748	(378, 1077)	'有什么'	5790
5749	(315, 291)	'lear'	5791
5750	(268, 673)	' wide'	5792
5751	(68, 331)	'Did'	5793
5752	(3613, 433)	'韩国'	5794
5753	(410, 309)	'cell'	5795
5754	(3442, 679)	' practice'	5796
5755	(4035, 141)	'植'	5797
5756	(362, 272)	' San'	5798
5757	(330, 4321)	' eyes'	5799
5758	(547, 145)	'剑'	5800
5759	(1151, 491)	' brain'	5801
5760	(418, 343)	' rac'	5802
5761	(264, 97)	'ona'	5803
5762	(336, 1893)	' began'	5804
5763	(1118, 1200)	'ون'	5805
5764	(624, 471)	' Oct'	5806
5765	(370, 651)	'不得'	5807
5766	(522, 110)	' Then'	5808
5767	(12040, 158)	'～'	5809
5768	(624, 98)	' Ob'	5810
5769	(766, 139)	'趋'	5811
5770	(986, 2217)	'意思'	5812
5771	(385, 144)	'徐'	5813
5772	(472, 335)	' Day'	5814
5773	(3716, 1059)	' summer'	5815
5774	(1689, 121)	' ready'	5816
5775	(731, 351)	' intro'	5817
5776	(2738, 187)	'麻'	5818
5777	(1418, 895)	'再次'	5819
5778	(111, 45)	'o-'	5820
5779	(515, 189)	'纽'	5821
5780	(2687, 282)	' watching'	5822
5781	(290, 97)	'ala'	5823
5782	(84, 72)	'TH'	5824
5783	(12004, 52)	' 2014'	5825
5784	(668, 191)	'替'	5826
5785	(109, 300)	'mas'	5827
5786	(529, 2043)	' except'	5828
5787	(1178, 280)	'色的'	5829
5788	(693, 924)	'说明'	5830
5789	(487, 1748)	' comments'	5831
5790	(1766, 2364)	'领域'	5832
5791	(661, 2840)	'业绩'	5833
5792	(981, 141)	'籍'	5834
5793	(637, 592)	'ocks'	5835
5794	(5193, 630)	' achie'	5836
5795	(352, 86)	' TV'	5837
5796	(51, 57)	'39'	5838
5797	(1742, 48)	' 80'	5839
5798	(3523, 1629)	' describ'	5841
5799	(284, 315)	' ple'	5842
5800	(767, 3693)	' arrest'	5843
5801	(477, 269)	'that'	5844
5802	(1141, 2119)	' reports'	5845
5803	(288, 115)	'eds'	5846
5804	(4137, 121)	' policy'	5847
5805	(301, 649)	' lack'	5848
5806	(3030, 3863)	' received'	5849
5807	(4934, 785)	' language'	5850
5808	(1211, 316)	'iction'	5851
5809	(268, 577)	' wall'	5852
5810	(1225, 1389)	'网友'	5853
5811	(596, 142)	'過'	5854
5812	(556, 1258)	' champ'	5855
5813	(3019, 3404)	' conditions'	5856
5814	(1296, 177)	'脱'	5857
5815	(1090, 1291)	'建立'	5858
5816	(677, 3116)	'主席'	5859
5817	(2085, 2252)	'积极'	5860
5818	(55, 54)	'76'	5861
5819	(594, 280)	'行的'	5862
5820	(2070, 735)	'ornia'	5863
5821	(102, 3632)	'fully'	5864
5822	(97, 271)	'ait'	5865
5823	(262, 4111)	'reci'	5866
5824	(2533, 876)	'适合'	5867
5825	(114, 115)	'rs'	5869
5826	(821, 736)	'全部'	5870
5827	(955, 150)	'祖'	5871
5828	(328, 118)	' rev'	5872
5829	(569, 1769)	' ability'	5873
5830	(107, 277)	'ken'	5874
5831	(997, 646)	'ра'	5875
5832	(807, 1639)	'ات'	5876
5833	(497, 309)	' doll'	5877
5834	(104, 3303)	'haps'	5878
5835	(263, 570)	' send'	5879
5836	(46, 50)	'.2'	5880
5837	(653, 1067)	'自由'	5881
5838	(198, 176)	'ư'	5882
5839	(1753, 161)	'堡'	5883
5840	(725, 75)	' UK'	5884
5841	(413, 3144)	'大陆'	5885
5842	(292, 486)	' date'	5886
5843	(475, 184)	'贸'	5887
5844	(1231, 159)	'募'	5888
5845	(846, 1712)	'ом'	5889
5846	(51, 50)	'32'	5890
5847	(403, 375)	' hair'	5891
5848	(491, 116)	'aint'	5892
5849	(297, 110)	' inn'	5893
5850	(301, 335)	' lay'	5894
5851	(12043, 3127)	'西班牙'	5895
5852	(102, 960)	'ford'	5896
5853	(1233, 159)	'號'	5897
5854	(106, 463)	'just'	5898
5855	(437, 110)	'agn'	5899
5856	(348, 110)	'amn'	5900
5857	(863, 835)	'长期'	5901
5858	(631, 3249)	' allowed'	5902
5859	(102, 883)	'face'	5903
5860	(66, 101)	'Be'	5904
5861	(369, 103)	' Ag'	5905
5862	(888, 141)	'積'	5906
5863	(267, 111)	'ero'	5907
5864	(381, 635)	'人们'	5908
5865	(103, 325)	'got'	5909
5866	(310, 39)	" n'"	5910
5867	(1185, 1030)	'交通'	5911
5868	(345, 121)	'ady'	5912
5869	(2360, 132)	'組'	5913
5870	(107, 121)	'ky'	5914
5871	(337, 138)	'尊'	5915
5872	(2771, 162)	'።'	5916
5873	(1995, 893)	'速度'	5917
5874	(1174, 1113)	'基金公司'	5918
5875	(511, 154)	'厚'	5919
5876	(421, 2495)	'年轻'	5920
5877	(119, 1335)	'wise'	5921
5878	(1148, 176)	'ተ'	5922
5879	(1159, 184)	'酸'	5923
5880	(1565, 773)	' carry'	5924
5881	(400, 288)	'illed'	5926
5882	(557, 109)	' Em'	5927
5883	(69, 76)	'EL'	5928
5884	(104, 664)	'hood'	5929
5885	(4257, 5102)	' January'	5930
5886	(1871, 1686)	'精神'	5931
5887	(879, 163)	'督'	5932
5888	(855, 1289)	'加强'	5933
5889	(1647, 4954)	'论坛'	5934
5890	(1899, 1413)	' function'	5935
5891	(117, 406)	'uch'	5936
5892	(67, 67)	'CC'	5937
5893	(407, 283)	'iles'	5938
5894	(1562, 1094)	' events'	5939
5895	(98, 272)	'ban'	5940
5896	(3901, 4939)	' absolute'	5941
5897	(1138, 309)	' roll'	5942
5898	(997, 950)	'ре'	5943
5899	(3028, 1506)	' international'	5944
5900	(384, 156)	'杜'	5945
5901	(98, 111)	'bo'	5946
5902	(429, 578)	' Part'	5947
5903	(987, 140)	b' \xe1\x8c'	5948
5904	(2485, 479)	' demand'	5949
5905	(978, 906)	'女性'	5950
5906	(470, 316)	'usion'	5951
5907	(334, 108)	'owl'	5952
5908	(2015, 4293)	' extreme'	5953
5909	(276, 394)	' boo'	5954
5910	(1107, 1134)	'正常'	5955
5911	(619, 692)	'成本'	5956
5912	(364, 267)	'iger'	5957
5913	(287, 2753)	' option'	5958
5914	(2500, 3428)	' population'	5959
5915	(1321, 2158)	' attention'	5960
5916	(1123, 165)	'桥'	5961
5917	(1426, 145)	'滑'	5962
5918	(369, 967)	' After'	5963
5919	(2557, 610)	' protect'	5964
5920	(117, 104)	'uh'	5965
5921	(281, 4271)	' felt'	5966
5922	(718, 160)	'池'	5967
5923	(4995, 876)	'综合'	5968
5924	(356, 410)	' force'	5969
5925	(709, 168)	'晨'	5970
5926	(730, 147)	'谓'	5971
5927	(2610, 1954)	' particular'	5972
5928	(747, 182)	'零'	5973
5929	(949, 4447)	'关键'	5974
5930	(1006, 99)	' Inc'	5975
5931	(263, 345)	' sad'	5976
5932	(305, 1316)	'icles'	5977
5933	(3204, 728)	'昨天'	5978
5934	(1151, 1277)	' brother'	5979
5935	(98, 2006)	'box'	5980
5936	(83, 84)	'ST'	5981
5937	(46, 49)	'.1'	5982
5938	(467, 172)	'敬'	5983
5939	(290, 121)	'aly'	5984
5940	(4239, 486)	' private'	5985
5941	(2094, 1670)	'音乐'	5986
5942	(369, 78)	' AN'	5987
5943	(976, 441)	' score'	5988
5944	(754, 505)	'rael'	5989
5945	(2152, 183)	'瓷'	5991
5946	(283, 1402)	'estern'	5992
5947	(118, 546)	'vant'	5993
5948	(1480, 160)	'珠'	5994
5949	(870, 264)	'ondon'	5995
5950	(429, 269)	' Pat'	5996
5951	(2161, 267)	' career'	5997
5952	(2529, 288)	' turned'	5998
5953	(109, 277)	'men'	5999
5954	(705, 154)	'罚'	6000
5955	(567, 97)	'aka'	6001
5956	(311, 641)	' gone'	6002
5957	(1352, 895)	'首次'	6003
5958	(98, 357)	'but'	6004
5959	(2881, 2868)	'范围'	6005
5960	(511, 133)	'厅'	6006
5961	(3787, 553)	b'\xe1\x80\xb1\xe1\x80'	6007
5962	(709, 182)	'晶'	6008
5963	(296, 177)	'朱'	6009
5964	(866, 844)	'实力'	6010
5965	(741, 280)	'面的'	6011
5966	(291, 477)	'arth'	6012
5967	(586, 965)	'对手'	6013
5968	(1007, 290)	' Val'	6014
5969	(3797, 322)	' quickly'	6015
5970	(379, 695)	' Cong'	6016
5971	(623, 161)	'ม'	6017
5972	(2107, 115)	' systems'	6018
5973	(2065, 105)	' experi'	6019
5974	(286, 1045)	' mob'	6020
5975	(1151, 2668)	' brought'	6021
5976	(300, 99)	'asc'	6022
5977	(68, 826)	"Don't"	6023
5978	(263, 277)	' sen'	6024
5979	(972, 146)	'舒'	6025
5980	(256, 4604)	' touch'	6026
5981	(98, 315)	'ble'	6027
5982	(104, 886)	'hib'	6028
5983	(986, 4130)	'意大利'	6029
5984	(2213, 829)	' created'	6030
5985	(48, 57)	'09'	6031
5986	(533, 153)	'浙'	6032
5987	(435, 558)	'2000'	6033
5988	(116, 114)	'tr'	6034
5989	(1213, 2896)	'世纪'	6035
5990	(281, 1988)	' farm'	6036
5991	(284, 3652)	' paper'	6037
5992	(422, 158)	'赞'	6038
5993	(434, 148)	'途'	6039
5994	(393, 182)	'奶'	6040
5995	(1411, 305)	' indic'	6041
5996	(368, 116)	'vert'	6042
5997	(121, 108)	'yl'	6043
5998	(236, 151)	b'\xec\x97'	6044
5999	(833, 2283)	'位置'	6045
6000	(3152, 943)	'移民'	6046
6001	(112, 262)	'pre'	6047
6002	(786, 280)	'里的'	6048
6003	(403, 2292)	' haha'	6049
6004	(3466, 267)	' Center'	6050
6005	(105, 546)	'iant'	6051
6006	(276, 2668)	' bought'	6052
6007	(1811, 5156)	'火箭'	6053
6008	(311, 2504)	' green'	6054
6009	(767, 464)	' arri'	6055
6010	(1554, 829)	' related'	6056
6011	(256, 105)	' ti'	6057
6012	(1524, 329)	' student'	6058
6013	(56, 53)	'85'	6059
6014	(306, 186)	'夺'	6060
6015	(4683, 267)	' computer'	6061
6016	(2383, 168)	' የ'	6062
6017	(405, 167)	'巧'	6063
6018	(4132, 2434)	' announced'	6064
6019	(276, 290)	' bal'	6065
6020	(104, 334)	'how'	6066
6021	(4195, 812)	b'\xe0\xa8\xbf\xe0\xa8'	6067
6022	(328, 319)	' reve'	6068
6023	(257, 107)	' ak'	6069
6024	(3381, 305)	' economic'	6070
6025	(339, 833)	'一位'	6071
6026	(775, 2714)	'比例'	6072
6027	(361, 151)	'诗'	6073
6028	(1894, 1239)	'参考'	6074
6029	(329, 121)	'enty'	6075
6030	(1093, 159)	'烟'	6076
6031	(361, 162)	'询'	6077
6032	(39, 39)	"''"	6078
6033	(105, 325)	'iot'	6079
6034	(1915, 171)	'猫'	6080
6035	(1745, 1420)	'改变'	6081
6036	(4331, 4353)	b'\xe1\x80\xad\xe1\x80\xaf\xe1\x80'	6082
6037	(2663, 273)	' color'	6083
6038	(32, 2237)	' 0.'	6084
6039	(348, 282)	'aming'	6085
6040	(404, 108)	' wel'	6086
6041	(681, 1869)	'用户'	6087
6042	(968, 147)	'染'	6088
6043	(292, 1035)	' dark'	6089
6044	(542, 641)	' alone'	6090
6045	(628, 135)	'妇'	6091
6046	(119, 664)	'wood'	6092
6047	(2931, 2004)	'按照'	6093
6048	(515, 184)	'纸'	6094
6049	(233, 172)	b'\xe9\xac'	6095
6050	(2193, 3878)	' avoid'	6096
6051	(1364, 922)	'爱情'	6097
6052	(2276, 658)	'官方'	6098
6053	(301, 873)	' lose'	6099
6054	(65, 68)	'AD'	6100
6055	(600, 319)	' save'	6101
6056	(557, 605)	' East'	6102
6057	(417, 161)	'衡'	6103
6058	(273, 669)	'orge'	6104
6059	(1152, 4427)	' built'	6105
6060	(118, 466)	'vest'	6106
6061	(2211, 2249)	' capital'	6107
6062	(624, 104)	' Oh'	6108
6063	(2146, 1361)	' daily'	6109
6064	(1122, 288)	' feed'	6110
6065	(98, 391)	'bur'	6111
6066	(2354, 765)	' official'	6112
6067	(3520, 726)	' pressure'	6113
6068	(481, 273)	'abor'	6114
6069	(504, 316)	'ession'	6115
6070	(4127, 359)	' victim'	6116
6071	(2807, 406)	' purch'	6117
6072	(573, 749)	' plans'	6118
6073	(1040, 163)	'灣'	6119
6074	(5100, 859)	' attempt'	6120
6075	(324, 190)	'宾'	6121
6076	(269, 3031)	'atives'	6122
6077	(750, 176)	'ர'	6123
6078	(3137, 934)	'严重'	6124
6079	(3295, 139)	'蛋'	6125
6080	(2027, 3836)	' influ'	6126
6081	(413, 595)	'大多'	6127
6082	(2807, 112)	' purp'	6128
6083	(3626, 1136)	'坚持'	6129
6084	(1685, 5081)	' financial'	6130
6085	(613, 3288)	'下午'	6131
6086	(1348, 876)	'联合'	6132
6087	(2285, 149)	'்க'	6133
6088	(776, 3157)	'法律'	6134
6089	(519, 166)	'哦'	6135
6090	(45, 318)	'-st'	6136
6091	(413, 1205)	'大量'	6137
6092	(4946, 316)	' opinion'	6139
6093	(2666, 5548)	' middle'	6140
6094	(352, 101)	' Te'	6141
6095	(3490, 121)	' analy'	6142
6096	(788, 108)	' compl'	6143
6097	(849, 115)	' knows'	6144
6098	(109, 291)	'mar'	6145
6099	(292, 630)	' die'	6146
6100	(973, 707)	'电子'	6147
6101	(71, 664)	'Good'	6148
6102	(310, 408)	' nation'	6149
6103	(52, 57)	'49'	6150
6104	(470, 282)	'using'	6151
6105	(4632, 2133)	'阶段'	6152
6106	(1214, 101)	'tee'	6153
6107	(286, 992)	' mach'	6154
6108	(1283, 1171)	' addition'	6155
6109	(1753, 180)	'場'	6156
6110	(3327, 391)	' occur'	6157
6111	(517, 152)	'忘'	6158
6112	(467, 143)	'敏'	6159
6113	(748, 282)	' King'	6160
6114	(413, 1928)	'大學'	6161
6115	(627, 280)	'后的'	6162
6116	(849, 5153)	' knowledge'	6163
6117	(1484, 152)	'娘'	6164
6118	(434, 153)	'這'	6165
6119	(4327, 477)	' birth'	6166
6120	(286, 1035)	' mark'	6167
6121	(523, 184)	b' \xe0\xb8'	6168
6122	(2700, 3158)	' positive'	6169
6123	(702, 702)	'看看'	6170
6124	(685, 2052)	'经历'	6171
6125	(769, 1712)	'им'	6172
6126	(2646, 322)	' directly'	6173
6127	(291, 1361)	'arily'	6174
6128	(275, 479)	' cand'	6175
6129	(3250, 2768)	'父母'	6176
6130	(648, 165)	'津'	6177
6131	(284, 3163)	' paid'	6178
6132	(357, 798)	'utions'	6179
6133	(4583, 768)	'尤其'	6180
6134	(2922, 893)	'印度'	6181
6135	(32, 1003)	' ign'	6182
6136	(501, 428)	'以为'	6183
6137	(112, 282)	'ping'	6184
6138	(2623, 1574)	'-based'	6185
6139	(867, 163)	'廣'	6186
6140	(3981, 991)	' physical'	6187
6141	(1153, 1549)	'保证'	6188
6142	(103, 117)	'gu'	6189
6143	(880, 158)	'類'	6190
6144	(627, 544)	'后来'	6191
6145	(3720, 5008)	' multiple'	6192
6146	(339, 421)	'一年'	6193
6147	(915, 184)	'胸'	6194
6148	(4316, 680)	'操作'	6195
6149	(1333, 756)	' aware'	6196
6150	(918, 586)	'相对'	6197
6151	(452, 602)	'我也'	6198
6152	(936, 129)	' ف'	6199
6153	(465, 1204)	' convers'	6200
6154	(3864, 1778)	'贷款'	6201
6155	(617, 182)	' ж'	6202
6156	(371, 5644)	' stupid'	6203
6157	(5588, 5820)	' California'	6204
6158	(369, 1754)	' Any'	6205
6159	(1348, 3230)	'联盟'	6206
6160	(12012, 283)	' gives'	6207
6161	(1254, 1738)	' Health'	6208
6162	(1609, 1453)	'广州'	6209
6163	(548, 104)	'resh'	6210
6164	(783, 512)	' clos'	6211
6165	(344, 2228)	" you'll"	6212
6166	(4366, 1072)	' British'	6213
6167	(3006, 1229)	'开发商'	6214
6168	(575, 115)	'ears'	6215
6169	(286, 552)	' mist'	6216
6170	(553, 188)	'ြ'	6217
6171	(452, 333)	'我是'	6218
6172	(738, 160)	'侠'	6219
6173	(1008, 2451)	'数码'	6220
6174	(999, 895)	'此次'	6221
6175	(490, 795)	' seven'	6222
6176	(603, 155)	'辛'	6223
6177	(1992, 853)	'确定'	6224
6178	(4682, 121)	' cloudy'	6225
6179	(452, 582)	'我就'	6226
6180	(575, 406)	'earch'	6227
6181	(3715, 785)	' message'	6228
6182	(502, 181)	'呵'	6229
6183	(498, 178)	'闲'	6230
6184	(281, 12030)	' federal'	6231
6185	(340, 162)	'•'	6232
6186	(788, 2174)	' compared'	6233
6187	(398, 4234)	'中華'	6234
6188	(415, 825)	' asking'	6235
6189	(1899, 1754)	' funny'	6236
6190	(334, 444)	'owers'	6237
6191	(276, 1287)	' bank'	6238
6192	(3492, 2374)	'竞争'	6239
6193	(623, 167)	'ว'	6240
6194	(1446, 893)	'程度'	6241
6195	(290, 105)	'ali'	6242
6196	(263, 269)	' sat'	6243
6197	(2293, 1361)	' easily'	6244
6198	(226, 152)	b'\xe2\x98'	6245
6199	(1373, 552)	' assist'	6246
6200	(367, 135)	'劇'	6247
6201	(257, 3815)	' ahead'	6248
6202	(1872, 841)	'足球'	6249
6203	(421, 1143)	'年代'	6250
6204	(404, 2097)	' weird'	6251
6205	(1688, 1036)	' setting'	6252
6206	(1122, 327)	' feet'	6253
6207	(12016, 288)	' changed'	6254
6208	(1864, 112)	' insp'	6255
6209	(3028, 327)	' internet'	6256
6210	(3048, 2445)	' safety'	6257
6211	(52, 52)	'44'	6258
6212	(420, 121)	' By'	6259
6213	(383, 149)	'帕'	6260
6214	(1342, 173)	'設'	6261
6215	(319, 121)	'vey'	6262
6216	(3401, 1780)	'冠军'	6263
6217	(2078, 2827)	' interview'	6264
6218	(2686, 930)	'依然'	6265
6219	(936, 135)	' ه'	6266
6220	(4091, 764)	'ufact'	6267
6221	(867, 137)	'廉'	6268
6222	(308, 272)	'oman'	6269
6223	(1278, 288)	'anced'	6270
6224	(807, 1693)	'ام'	6271
6225	(1355, 280)	'市场的'	6272
6226	(2707, 1340)	' Maybe'	6273
6227	(114, 348)	'ram'	6274
6228	(1664, 282)	' feeling'	6275
6229	(466, 115)	'ests'	6276
6230	(111, 101)	'oe'	6277
6231	(115, 327)	'set'	6278
6232	(301, 416)	' lif'	6279
6233	(324, 139)	'宋'	6280
6234	(585, 170)	'枪'	6281
6235	(286, 97)	' ma'	6282
6236	(499, 3948)	' progress'	6283
6237	(2325, 2580)	' required'	6284
6238	(1030, 1134)	'通常'	6285
6239	(1545, 129)	'梁'	6286
6240	(395, 264)	' Mon'	6287
6241	(586, 658)	'对方'	6288
6242	(891, 102)	' unf'	6289
6243	(1666, 118)	' surv'	6290
6244	(693, 280)	'说的'	6291
6245	(4313, 283)	' rules'	6292
6246	(451, 177)	'抱'	6293
6247	(1533, 449)	'几个'	6294
6248	(1935, 884)	'罗斯'	6295
6249	(1012, 1351)	' actual'	6296
6250	(875, 531)	' Your'	6297
6251	(1705, 156)	'搜'	6298
6252	(286, 1902)	' member'	6299
6253	(3818, 726)	' figure'	6300
6254	(293, 3803)	' towards'	6301
6255	(953, 581)	'当地'	6302
6256	(2710, 930)	'突然'	6303
6257	(1388, 2324)	'结构'	6304
6258	(2603, 401)	'aughter'	6305
6259	(55, 56)	'78'	6306
6260	(1500, 992)	' coach'	6307
6261	(2011, 2546)	' numbers'	6308
6262	(1483, 494)	'ounts'	6309
6263	(195, 151)	'×'	6310
6264	(194, 163)	'£'	6311
6265	(4344, 466)	' latest'	6312
6266	(744, 51)	' 23'	6313
6267	(1345, 2414)	'太阳'	6314
6268	(626, 169)	'義'	6315
6269	(1040, 190)	'灾'	6316
6270	(479, 97)	'anda'	6317
6271	(317, 185)	'迹'	6318
6272	(537, 118)	' dev'	6319
6273	(99, 592)	'cks'	6320
6274	(323, 169)	'佩'	6321
6275	(657, 172)	' ج'	6322
6276	(3148, 1792)	' management'	6323
6277	(2695, 1252)	'责任'	6324
6278	(5511, 46)	'www.'	6325
6279	(343, 494)	'acts'	6326
6280	(275, 1224)	' cold'	6327
6281	(468, 1028)	'ulations'	6328
6282	(45, 56)	'-8'	6329
6283	(424, 283)	'oles'	6330
6284	(1912, 33)	'!!!'	6331
6285	(2315, 1081)	' Indian'	6332
6286	(596, 148)	'達'	6333
6287	(2773, 3063)	'债券'	6334
6288	(65, 114)	'Ar'	6335
6289	(70, 76)	'FL'	6336
6290	(418, 883)	' race'	6337
6291	(684, 2870)	'最佳'	6338
6292	(1598, 2344)	'规划'	6339
6293	(957, 166)	'锦'	6340
6294	(79, 80)	'OP'	6341
6295	(1550, 545)	'推出'	6342
6296	(351, 108)	'rol'	6343
6297	(45, 1286)	'-up'	6344
6298	(1450, 1023)	' email'	6345
6299	(733, 168)	'న'	6346
6300	(532, 1862)	'家居'	6347
6301	(894, 161)	'握'	6348
6302	(2117, 4118)	' college'	6349
6303	(425, 146)	'寒'	6350
6304	(286, 1613)	' mix'	6351
6305	(229, 151)	b'\xe5\x97'	6352
6306	(317, 133)	'迅'	6353
6307	(283, 470)	'esus'	6354
6308	(1038, 1968)	'rugg'	6355
6309	(4357, 278)	' epis'	6356
6310	(4438, 1902)	' December'	6357
6311	(744, 56)	' 28'	6358
6312	(3524, 808)	' temper'	6359
6313	(298, 732)	' thous'	6360
6314	(918, 775)	'相比'	6361
6315	(119, 273)	'wor'	6363
6316	(810, 147)	'姓'	6364
6317	(513, 137)	'沉'	6365
6318	(2440, 339)	'另一'	6366
6319	(379, 1314)	' Cont'	6367
6320	(1507, 146)	'棒'	6369
6321	(1513, 1954)	' regular'	6370
6322	(4714, 121)	' baby'	6371
6323	(114, 278)	'ris'	6372
6324	(98, 3010)	'board'	6373
6325	(2709, 156)	'榜'	6374
6326	(330, 566)	' eight'	6375
6327	(685, 1134)	'经常'	6376
6328	(271, 819)	'itiz'	6377
6329	(437, 264)	'agon'	6378
6330	(1993, 163)	'董'	6379
6331	(67, 72)	'CH'	6380
6332	(71, 327)	'Get'	6381
6333	(4015, 4570)	' Twitter'	6382
6334	(1455, 139)	'残'	6383
6335	(343, 99)	'acc'	6384
6336	(379, 308)	' Com'	6385
6337	(718, 189)	'汽'	6386
6338	(1465, 280)	'他们的'	6387
6339	(3569, 808)	' Super'	6388
6340	(686, 282)	'iving'	6389
6341	(65, 967)	'After'	6390
6342	(114, 271)	'rit'	6391
6343	(103, 291)	'gar'	6392
6344	(909, 12046)	' Thursday'	6393
6345	(1303, 130)	'骂'	6394
6346	(894, 180)	'援'	6395
6347	(45, 259)	'-in'	6396
6348	(32, 3074)	' ہ'	6397
6349	(413, 2520)	'大幅'	6398
6350	(366, 414)	' und'	6399
6351	(370, 386)	'不了'	6400
6352	(2159, 3229)	'采访'	6401
6353	(2594, 1112)	' previous'	6402
6354	(362, 4733)	' Sept'	6403
6355	(643, 2884)	'市镇'	6404
6356	(890, 283)	'ples'	6405
6357	(419, 136)	'盈'	6406
6358	(418, 331)	' rid'	6407
6359	(619, 386)	'成了'	6408
6360	(1823, 2948)	' provided'	6409
6361	(3764, 3071)	' football'	6410
6362	(1029, 5823)	' appreci'	6411
6363	(1981, 4426)	'如何评价'	6412
6364	(750, 164)	'த'	6413
6365	(646, 1712)	'ам'	6414
6366	(903, 2794)	' contract'	6415
6367	(485, 1603)	' jump'	6416
6368	(1456, 412)	' throughout'	6417
6369	(3552, 2693)	'න්'	6418
6370	(555, 1056)	'生物'	6419
6371	(334, 100)	'owd'	6420
6372	(1086, 1647)	'无论'	6421
6373	(97, 374)	"a's"	6422
6374	(1817, 163)	' ኣ'	6423
6375	(2502, 138)	'熊'	6424
6376	(195, 168)	'è'	6425
6377	(517, 153)	'忙'	6426
6378	(1070, 159)	'た'	6427
6379	(1440, 428)	'称为'	6428
6380	(3903, 104)	'ograph'	6429
6381	(341, 148)	'乔'	6430
6382	(730, 183)	'谷'	6431
6383	(260, 141)	'－'	6432
6384	(657, 174)	' خ'	6433
6385	(233, 144)	b'\xe9\x90'	6434
6386	(485, 2889)	' joke'	6435
6387	(643, 4260)	'市鎮'	6436
6388	(1632, 3226)	' photo'	6437
6389	(1714, 130)	'暂'	6438
6390	(418, 272)	' ran'	6439
6391	(645, 329)	' spent'	6440
6392	(12011, 282)	' moving'	6441
6393	(12014, 1574)	' increased'	6443
6394	(518, 735)	' via'	6444
6395	(382, 153)	'伙'	6445
6396	(5296, 463)	' August'	6446
6397	(1694, 138)	'腊'	6447
6398	(2620, 273)	' prior'	6448
6399	(292, 2814)	' dude'	6449
6400	(332, 180)	'戴'	6450
6401	(256, 531)	' tour'	6451
6402	(503, 1498)	' Reg'	6452
6403	(3906, 735)	' Russia'	6453
6404	(402, 173)	'凭'	6454
6405	(310, 357)	' nut'	6455
6406	(1279, 280)	'她的'	6456
6407	(12005, 100)	"I'd"	6457
6408	(500, 327)	' Net'	6458
6409	(314, 134)	'圆'	6459
6410	(838, 138)	'聊'	6460
6411	(2800, 345)	' broad'	6461
6412	(573, 3829)	' places'	6462
6413	(2063, 101)	'inese'	6463
6414	(556, 3649)	' choice'	6464
6415	(362, 406)	' Sch'	6465
6416	(889, 2028)	' growing'	6466
6417	(830, 190)	'艾'	6467
6418	(3212, 1665)	' England'	6468
6419	(305, 288)	'iced'	6469
6420	(462, 760)	' Well'	6470
6421	(534, 5949)	' London'	6471
6422	(1758, 12049)	'深圳'	6472
6423	(557, 723)	' Every'	6473
6424	(771, 989)	'同样'	6474
6425	(12006, 288)	' included'	6475
6426	(341, 140)	'乌'	6476
6427	(4318, 2936)	' Associ'	6477
6428	(2355, 173)	'維'	6478
6429	(3767, 140)	'嫌'	6479
6430	(982, 141)	'霍'	6480
6431	(769, 1502)	'ик'	6481
6432	(2758, 586)	'绝对'	6482
6433	(1457, 288)	'enced'	6483
6434	(1138, 1764)	' rock'	6484
6435	(616, 358)	' worse'	6485
6436	(781, 128)	'邀'	6486
6437	(657, 185)	' ع'	6487
6438	(305, 468)	'icul'	6488
6439	(2893, 407)	' Phil'	6489
6440	(395, 1846)	' Market'	6490
6441	(452, 433)	'我国'	6491
6442	(2483, 156)	'潜'	6492
6443	(381, 532)	'人家'	6493
6444	(1989, 685)	'曾经'	6494
6445	(369, 80)	' AP'	6495
6446	(216, 174)	'خ'	6496
6447	(1194, 680)	'制作'	6497
6448	(1790, 1936)	' object'	6498
6449	(797, 1322)	'理解'	6499
6450	(4123, 765)	' material'	6500
6451	(660, 280)	'高的'	6501
6452	(3271, 820)	'核心'	6502
6453	(305, 1929)	'icient'	6503
6454	(1367, 115)	' helps'	6504
6455	(1533, 3475)	'几乎'	6505
6456	(52, 55)	'47'	6506
6457	(282, 267)	'inger'	6507
6458	(1641, 97)	'ika'	6508
6459	(1320, 2948)	' decided'	6509
6460	(1478, 2423)	' supposed'	6510
6461	(2104, 2907)	'人民币'	6511
6462	(748, 101)	' Ke'	6512
6463	(518, 2016)	' vote'	6513
6464	(4058, 121)	'razy'	6514
6465	(581, 841)	'地球'	6515
6466	(1521, 109)	' chem'	6516
6467	(840, 148)	'隔'	6517
6468	(759, 133)	' अ'	6518
6469	(1421, 134)	'摆'	6519
6470	(2087, 134)	'婆'	6520
6471	(684, 682)	'最新'	6521
6472	(1070, 171)	'に'	6522
6473	(976, 2051)	' science'	6523
6474	(12028, 574)	' opportunity'	6524
6475	(2141, 115)	' schools'	6525
6476	(588, 333)	'可是'	6526
6477	(813, 128)	'址'	6527
6478	(831, 381)	'一个人'	6528
6479	(1587, 135)	'症'	6529
6480	(453, 1819)	'上升'	6530
6481	(2640, 4379)	' patients'	6531
6482	(327, 305)	'etic'	6532
6483	(73, 77)	'IM'	6533
6484	(1745, 4053)	'改革'	6534
6485	(1618, 2242)	'观众'	6535
6486	(1551, 640)	'undred'	6536
6487	(3733, 334)	'orrow'	6537
6488	(905, 1476)	'第四'	6538
6489	(1580, 121)	'Hey'	6539
6490	(328, 98)	' reb'	6540
6491	(3233, 514)	' totally'	6541
6492	(465, 4312)	' conduct'	6542
6493	(2720, 1341)	'尽管'	6543
6494	(734, 592)	'ucks'	6544
6495	(769, 1031)	'ит'	6545
6496	(305, 825)	'icking'	6546
6497	(231, 176)	b'\xe7\xb0'	6547
6498	(2285, 164)	'்த'	6548
6499	(609, 532)	'学家'	6549
6500	(78, 65)	'NA'	6550
6501	(535, 171)	'毫'	6551
6502	(378, 885)	'有点'	6552
6503	(793, 785)	' image'	6553
6504	(1164, 162)	'钢'	6554
6505	(512, 1171)	'osition'	6555
6506	(100, 97)	'da'	6556
6507	(2739, 649)	' Black'	6557
6508	(864, 130)	'涂'	6558
6509	(311, 101)	' ge'	6559
6510	(1937, 345)	' glad'	6560
6511	(1992, 866)	'确实'	6561
6512	(308, 277)	'omen'	6562
6513	(646, 1502)	'ак'	6563
6514	(5986, 1773)	'浙江'	6564
6515	(557, 795)	' Even'	6565
6516	(1609, 1192)	'广东'	6566
6517	(738, 167)	'侧'	6567
6518	(1921, 1921)	'----'	6568
6519	(104, 272)	'han'	6569
6520	(66, 3814)	'Because'	6570
6521	(77, 101)	'Me'	6571
6522	(284, 272)	' pan'	6572
6523	(73, 109)	'Im'	6573
6524	(3884, 927)	'While'	6574
6525	(2752, 930)	'仍然'	6575
6526	(418, 756)	' rare'	6576
6527	(955, 157)	'祝'	6577
6528	(290, 288)	'aled'	6578
6529	(2211, 116)	' capt'	6579
6530	(741, 5862)	'面積'	6580
6531	(2618, 3441)	' League'	6581
6532	(744, 55)	' 27'	6582
6533	(795, 791)	'venue'	6583
6534	(2099, 5944)	' Israel'	6584
6535	(276, 437)	' bag'	6585
6536	(744, 54)	' 26'	6586
6537	(3725, 1393)	'屬於'	6587
6538	(101, 704)	'eff'	6588
6539	(258, 109)	'hem'	6589
6540	(771, 609)	'同学'	6590
6541	(1601, 2396)	' subsc'	6591
6542	(402, 161)	'凡'	6592
6543	(379, 5618)	' Court'	6593
6544	(396, 172)	'扬'	6594
6545	(1484, 12033)	'娱乐'	6595
6546	(4781, 331)	' David'	6596
6547	(1436, 608)	'处于'	6597
6548	(1772, 566)	' slight'	6598
6549	(840, 144)	'隐'	6599
6550	(1918, 282)	' leading'	6600
6551	(276, 288)	' bed'	6601
6552	(610, 273)	'ector'	6602
6553	(4211, 1265)	'附近'	6603
6554	(968, 156)	'柜'	6604
6555	(1784, 577)	' install'	6605
6556	(889, 479)	' grand'	6606
6557	(3460, 3234)	'透露'	6607
6558	(351, 121)	'roy'	6608
6559	(100, 111)	'do'	6609
6560	(502, 128)	'呀'	6610
6561	(719, 183)	'偷'	6611
6562	(567, 444)	'akers'	6612
6563	(912, 1491)	'利率'	6613
6564	(79, 87)	'OW'	6614
6565	(961, 2435)	' disapp'	6615
6566	(293, 109)	' tom'	6616
6567	(1271, 147)	'缓'	6617
6568	(697, 136)	'ै'	6618
6569	(418, 412)	' rout'	6619
6570	(739, 333)	'而是'	6620
6571	(1795, 601)	' species'	6621
6572	(767, 109)	' arm'	6622
6573	(98, 479)	'band'	6623
6574	(613, 3209)	'下跌'	6624
6575	(1468, 163)	'患'	6625
6576	(4397, 406)	'sych'	6626
6577	(648, 129)	'洁'	6627
6578	(126, 126)	'~~'	6628
6579	(1012, 572)	' active'	6629
6580	(79, 107)	'Ok'	6630
6581	(418, 491)	' rain'	6631
6582	(397, 5536)	' whatever'	6632
6583	(846, 1948)	'ог'	6633
6584	(518, 115)	' vs'	6634
6585	(3117, 107)	' walk'	6635
6586	(3558, 116)	' doubt'	6636
6587	(1810, 1607)	'北京时间'	6637
6588	(375, 282)	'iring'	6638
6589	(976, 3405)	' scene'	6639
6590	(45, 54)	'-6'	6640
6591	(917, 1944)	' prices'	6641
6592	(12006, 283)	' includes'	6642
6593	(802, 280)	'名的'	6643
6594	(2017, 895)	'第一次'	6644
6595	(304, 129)	'仁'	6645
6596	(98, 288)	'bed'	6646
6597	(5237, 4072)	' Democr'	6647
6598	(32, 267)	' er'	6648
6599	(1034, 316)	'ension'	6649
6600	(842, 922)	'事情'	6650
6601	(478, 439)	' shop'	6651
6602	(1841, 707)	'儿子'	6652
6603	(2240, 539)	'找到'	6653
6604	(284, 996)	' poll'	6654
6605	(1097, 545)	'提出'	6655
6606	(421, 674)	'年前'	6656
6607	(1194, 893)	'制度'	6657
6608	(962, 2014)	'因素'	6658
6609	(2569, 1473)	'录取'	6659
6610	(3724, 272)	' European'	6660
6611	(484, 1094)	'uments'	6661
6612	(3019, 1171)	' condition'	6662
6613	(256, 919)	' table'	6663
6614	(275, 773)	' cry'	6664
6615	(256, 277)	' ten'	6665
6616	(1303, 151)	'骗'	6666
6617	(1970, 570)	' weekend'	6667
6618	(2675, 594)	'央行'	6668
6619	(1106, 791)	' blue'	6669
6620	(2023, 3485)	' skills'	6670
6621	(978, 381)	'女人'	6671
6622	(1120, 1019)	'房价'	6672
6623	(12031, 101)	' piece'	6673
6624	(479, 308)	'andom'	6674
6625	(1416, 288)	' showed'	6675
6626	(278, 798)	'isions'	6676
6627	(1270, 183)	'荷'	6677
6628	(4912, 339)	'唯一'	6678
6629	(2769, 110)	' damn'	6679
6630	(536, 945)	' Great'	6680
6631	(503, 288)	' Red'	6681
6632	(1242, 1925)	'语言'	6682
6633	(527, 189)	'泽'	6683
6634	(263, 445)	' sem'	6684
6635	(614, 130)	'挂'	6685
6636	(903, 114)	' contr'	6686
6637	(807, 1121)	'ای'	6687
6638	(1913, 776)	'办法'	6688
6639	(195, 172)	'ì'	6689
6640	(119, 111)	'wo'	6690
6641	(685, 2290)	'经营'	6691
6642	(534, 2684)	' Like'	6692
6643	(2470, 1182)	' streng'	6693
6644	(1518, 115)	'airs'	6694
6645	(347, 162)	'產'	6695
6646	(1070, 175)	'は'	6696
6647	(866, 2615)	'实施'	6697
6648	(375, 97)	'ira'	6698
6649	(77, 80)	'MP'	6699
6650	(4865, 1691)	' female'	6700
6651	(1138, 98)	' rob'	6701
6652	(280, 677)	'的主'	6702
6653	(1210, 866)	'真实'	6703
6654	(759, 168)	' न'	6704
6655	(761, 358)	' whose'	6705
6656	(972, 141)	'舍'	6706
6657	(105, 512)	'ios'	6707
6658	(3810, 3810)	'\u3000\u3000'	6708
6659	(950, 1031)	'ет'	6709
6660	(360, 183)	'卷'	6710
6661	(431, 140)	'册'	6711
6662	(73, 80)	'IP'	6712
6663	(1278, 121)	'ancy'	6713
6664	(502, 136)	'呈'	6714
6665	(1313, 149)	' ਕ'	6715
6666	(2021, 692)	'根本'	6716
6667	(1229, 928)	'商品'	6717
6668	(1601, 1936)	' subject'	6718
6669	(744, 57)	' 29'	6719
6670	(5044, 12047)	' February'	6720
6671	(175, 729)	b'\xaf\xe0\xa6'	6721
6672	(509, 5530)	' French'	6722
6673	(343, 1644)	'aches'	6723
6674	(294, 5179)	' hospital'	6724
6675	(271, 97)	'ita'	6725
6676	(1126, 736)	'南部'	6726
6677	(429, 262)	' Pre'	6727
6678	(66, 121)	'By'	6728
6679	(911, 3809)	' prefer'	6729
6680	(2002, 282)	' meaning'	6730
6681	(851, 1241)	'平台'	6731
6682	(724, 1445)	'开放'	6732
6683	(286, 1733)	' mph'	6733
6684	(5246, 623)	b'\xe0\xb9\x80\xe0\xb8'	6734
6685	(65, 1754)	'Any'	6735
6686	(307, 188)	'兼'	6736
6687	(110, 105)	'ni'	6737
6688	(257, 359)	' aim'	6738
6689	(1658, 1995)	'快速'	6739
6690	(452, 1027)	'我想'	6741
6691	(257, 102)	' af'	6742
6692	(671, 1143)	'现代'	6743
6693	(620, 1709)	' James'	6744
6694	(555, 280)	'生的'	6745
6695	(943, 2467)	'民族'	6746
6696	(524, 835)	'时期'	6747
6697	(3417, 1049)	' property'	6748
6698	(99, 272)	'can'	6749
6699	(1911, 2121)	' modern'	6750
6700	(1363, 678)	'ground'	6751
6701	(666, 145)	'郑'	6752
6702	(900, 54)	'196'	6753
6703	(579, 104)	'aph'	6754
6704	(117, 121)	'uy'	6755
6705	(256, 605)	' tast'	6756
6706	(5154, 5660)	' beautiful'	6757
6707	(1167, 136)	'ை'	6758
6708	(3971, 282)	' shooting'	6759
6709	(803, 1056)	'动物'	6760
6710	(1015, 315)	' tele'	6761
6711	(1427, 1174)	'型基金'	6762
6712	(1121, 5050)	'یں'	6763
6713	(467, 140)	'敌'	6764
6714	(12014, 4200)	' increasing'	6765
6715	(891, 2103)	' unless'	6766
6716	(754, 118)	'rav'	6767
6717	(2111, 267)	' center'	6768
6718	(865, 154)	'級'	6769
6719	(1774, 606)	' effort'	6770
6720	(1254, 374)	" He's"	6771
6721	(2911, 180)	'이'	6772
6722	(1233, 154)	'虚'	6773
6723	(1247, 322)	' mostly'	6774
6724	(106, 97)	'ja'	6775
6725	(107, 283)	'kes'	6776
6726	(1462, 2320)	' writing'	6777
6727	(659, 373)	'都在'	6778
6728	(359, 2389)	'imately'	6779
6729	(2849, 273)	' histor'	6780
6730	(268, 1058)	' wild'	6781
6731	(464, 859)	'ript'	6782
6732	(371, 4176)	' style'	6783
6733	(900, 53)	'195'	6784
6734	(855, 1047)	'加入'	6785
6735	(2453, 590)	' standard'	6786
6736	(889, 345)	' grad'	6787
6737	(660, 1995)	'高速'	6788
6738	(55, 55)	'77'	6789
6739	(602, 538)	'也会'	6790
6740	(3740, 2172)	'吸引'	6791
6741	(110, 892)	'new'	6792
6742	(2641, 1298)	'减少'	6793
6743	(776, 1294)	'法院'	6794
6744	(337, 186)	'尺'	6795
6745	(2293, 1972)	' easier'	6796
6746	(69, 69)	'EE'	6797
6747	(345, 445)	'adem'	6798
6748	(1046, 101)	' twe'	6799
6749	(407, 601)	'ilies'	6800
6750	(2923, 115)	' costs'	6801
6751	(429, 77)	' PM'	6802
6752	(1680, 989)	'怎样'	6803
6753	(2415, 282)	' missing'	6804
6754	(434, 131)	'逃'	6805
6755	(80, 578)	'Part'	6806
6756	(276, 400)	' bill'	6807
6757	(426, 132)	'庄'	6808
6758	(291, 601)	'aries'	6809
6759	(98, 264)	'bon'	6810
6760	(529, 5568)	' execut'	6811
6761	(1618, 885)	'观点'	6812
6762	(437, 111)	'ago'	6813
6763	(359, 484)	'imum'	6814
6764	(1372, 902)	'具体'	6815
6765	(1480, 141)	'珍'	6816
6766	(305, 105)	'ici'	6817
6767	(1313, 166)	' ਦ'	6818
6768	(5388, 139)	'鞋'	6819
6769	(3558, 315)	' double'	6820
6770	(1373, 484)	' assum'	6821
6771	(1847, 377)	b'\xe0\xa5\x87\xe0\xa4'	6822
6772	(759, 134)	' आ'	6823
6773	(821, 741)	'全面'	6824
6774	(4328, 531)	' encour'	6825
6775	(666, 173)	'郭'	6826
6776	(464, 272)	'rian'	6827
6777	(1774, 2377)	' effects'	6828
6778	(902, 2064)	'体育'	6829
6779	(328, 992)	' reach'	6830
6780	(396, 174)	'扮'	6831
6781	(12005, 309)	"I'll"	6832
6782	(395, 598)	' Most'	6833
6783	(1959, 3879)	' biggest'	6834
6784	(197, 161)	'š'	6835
6785	(307, 132)	'兄'	6836
6786	(318, 101)	'ste'	6837
6787	(706, 565)	'还要'	6838
6788	(645, 1474)	' spread'	6839
6789	(280, 581)	'的地'	6840
6790	(884, 954)	'斯特'	6841
6791	(1918, 267)	' leader'	6842
6792	(2646, 273)	' director'	6843
6793	(1063, 374)	" she's"	6844
6794	(341, 179)	'乳'	6845
6795	(395, 441)	' More'	6846
6796	(1367, 288)	' helped'	6847
6797	(3313, 322)	' certainly'	6848
6798	(371, 6308)	' strugg'	6849
6799	(275, 5346)	' civil'	6850
6800	(4303, 129)	'繁'	6851
6801	(388, 162)	'订'	6852
6802	(301, 2586)	' load'	6853
6803	(2020, 135)	'篇'	6854
6804	(1194, 1597)	'制造'	6855
6805	(2870, 563)	'佳能'	6856
6806	(4098, 115)	' cells'	6857
6807	(561, 373)	'日在'	6858
6808	(3082, 986)	'愿意'	6859
6809	(420, 351)	' Bro'	6860
6810	(277, 669)	'enge'	6861
6811	(313, 494)	' Its'	6862
6812	(121, 870)	'yond'	6863
6813	(1462, 5494)	' written'	6864
6814	(451, 181)	'抵'	6865
6815	(5448, 2389)	' immediately'	6866
6816	(498, 173)	'闭'	6867
6817	(12004, 51)	' 2013'	6868
6818	(500, 101)	' Ne'	6869
6819	(4088, 679)	' Police'	6870
6820	(2382, 283)	' types'	6871
6821	(361, 154)	'诚'	6872
6822	(116, 740)	'time'	6873
6823	(647, 3441)	' league'	6874
6824	(1154, 532)	'國家'	6875
6825	(653, 803)	'自动'	6876
6826	(2131, 267)	' deter'	6877
6827	(356, 1529)	' forget'	6878
6828	(366, 4869)	' ult'	6879
6829	(1271, 152)	'缘'	6880
6830	(429, 4409)	' People'	6881
6831	(433, 897)	'国外'	6882
6832	(256, 941)	' tick'	6883
6833	(4871, 4443)	' published'	6884
6834	(286, 1691)	' male'	6885
6835	(512, 283)	'oses'	6886
6836	(286, 1676)	' max'	6887
6837	(80, 108)	'Pl'	6888
6838	(386, 831)	'了一个'	6889
6839	(318, 264)	'ston'	6890
6840	(593, 463)	' trust'	6891
6841	(581, 280)	'地的'	6892
6842	(930, 739)	'然而'	6893
6843	(344, 2510)	" you've"	6894
6844	(12025, 2855)	' challeng'	6895
6845	(1833, 610)	' respect'	6896
6846	(1875, 6397)	'希腊'	6897
6847	(230, 134)	b'\xe6\x86'	6898
6848	(396, 163)	'扣'	6899
6849	(76, 69)	'LE'	6900
6850	(108, 408)	'lation'	6901
6851	(510, 148)	'拔'	6902
6852	(5629, 2615)	'措施'	6903
6853	(3008, 2389)	'ortunately'	6904
6854	(78, 334)	'Now'	6905
6855	(5025, 514)	' literally'	6906
6856	(539, 2226)	'到底'	6907
6857	(456, 267)	' Her'	6908
6858	(364, 114)	'igr'	6909
6859	(475, 166)	'账'	6910
6860	(898, 5686)	' Street'	6911
6861	(281, 97)	' fa'	6912
6862	(310, 4726)	' named'	6913
6863	(2836, 161)	'鸡'	6914
6864	(2298, 121)	' healthy'	6915
6865	(658, 1390)	'方向'	6916
6866	(67, 108)	'Cl'	6917
6867	(3865, 408)	' investigation'	6918
6868	(510, 188)	'拼'	6920
6869	(760, 364)	'ellig'	6921
6870	(292, 4959)	' danger'	6922
6871	(977, 153)	'墙'	6923
6872	(284, 443)	' pun'	6924
6873	(1948, 2475)	'ган'	6925
6874	(1702, 737)	'ship'	6926
6875	(751, 283)	' uses'	6927
6876	(1005, 333)	'更是'	6928
6877	(276, 3696)	' books'	6929
6878	(2245, 491)	' explain'	6930
6879	(55, 57)	'79'	6931
6880	(361, 145)	'译'	6932
6881	(409, 182)	'耶'	6933
6882	(2013, 682)	'创新'	6934
6883	(1070, 132)	'い'	6935
6884	(1026, 736)	'北部'	6936
6885	(445, 1094)	'ements'	6937
6886	(2202, 308)	' autom'	6938
6887	(800, 2692)	' anyway'	6939
6888	(2711, 280)	'不同的'	6941
6889	(498, 156)	'關'	6942
6890	(259, 829)	'inated'	6943
6891	(12052, 812)	b'\xe0\xa9\xb1\xe0\xa8'	6944
6892	(65, 104)	'Ah'	6945
6893	(435, 1284)	'2012'	6946
6894	(234, 179)	b'\xea\xb3'	6947
6895	(32, 237)	b' \xed'	6948
6896	(71, 66)	'GB'	6949
6897	(3094, 992)	' approach'	6950
6898	(1496, 464)	'ropri'	6951
6899	(371, 941)	' stick'	6952
6900	(3292, 283)	' sales'	6953
6901	(276, 479)	' band'	6954
6902	(3698, 922)	'的事情'	6955
6903	(1080, 164)	'裤'	6956
6904	(1462, 811)	' write'	6957
6905	(2494, 594)	'举行'	6958
6906	(597, 151)	'俗'	6959
6907	(3240, 1413)	' election'	6960
6908	(560, 175)	'惯'	6961
6909	(12050, 148)	'는'	6962
6910	(422, 164)	'赤'	6963
6911	(946, 3924)	' resources'	6964
6912	(4777, 683)	' imagine'	6965
6913	(275, 1434)	' catch'	6966
6914	(2783, 2760)	' caused'	6967
6915	(501, 613)	'以下'	6968
6916	(32, 2574)	' à'	6969
6917	(310, 2726)	' nature'	6970
6918	(407, 115)	'ils'	6971
6919	(2462, 1990)	'测试'	6972
6920	(542, 3895)	' although'	6973
6921	(4907, 971)	' necessary'	6974
6922	(837, 373)	'将在'	6975
6923	(313, 564)	' Int'	6976
6924	(1304, 139)	'ో'	6977
6925	(1685, 514)	' finally'	6978
6926	(341, 152)	'乘'	6979
6927	(733, 4388)	b'\xe0\xb0\x82\xe0\xb0'	6980
6928	(1645, 3632)	'efully'	6981
6929	(2144, 155)	'嘛'	6982
6930	(1124, 2044)	'计算'	6983
6931	(379, 1483)	' Coun'	6984
6932	(2111, 2682)	' century'	6985
6933	(339, 2566)	'一切'	6986
6934	(731, 101)	' inte'	6987
6935	(1303, 145)	'骑'	6988
6936	(424, 102)	'olf'	6989
6937	(1185, 1408)	'交流'	6990
6938	(434, 178)	'進'	6991
6939	(865, 171)	'紫'	6992
6940	(509, 259)	' Fin'	6993
6941	(275, 3129)	' code'	6994
6942	(497, 273)	' door'	6995
6943	(982, 184)	'霸'	6996
6944	(6385, 181)	'鐵'	6997
6945	(1553, 288)	' ended'	6998
6946	(1448, 2001)	' defense'	6999
6947	(2656, 1042)	'财政'	7000
6948	(1814, 139)	'る'	7001
6949	(619, 863)	'成长'	7002
6950	(645, 570)	' spend'	7003
6951	(732, 322)	'ously'	7004
6952	(83, 112)	'Sp'	7005
6953	(217, 131)	'ك'	7006
6954	(428, 677)	'为主'	7007
6955	(4825, 322)	'Mostly'	7008
6956	(114, 359)	'rim'	7009
6957	(302, 172)	'召'	7010
6958	(12011, 288)	' moved'	7011
6959	(3480, 1501)	' activities'	7012
6960	(2560, 3860)	' researc'	7013
6961	(307, 145)	'兑'	7014
6962	(78, 892)	'New'	7015
6963	(258, 318)	'hest'	7016
6964	(284, 327)	' pet'	7017
6965	(413, 2270)	'大部分'	7018
6966	(4998, 271)	' credit'	7019
6967	(686, 574)	'ivity'	7020
6968	(354, 166)	'旦'	7021
6969	(1332, 147)	'ና'	7022
6970	(391, 601)	'uries'	7023
6971	(339, 802)	'一名'	7024
6972	(424, 97)	'ola'	7025
6973	(527, 155)	'泛'	7026
6974	(267, 374)	"er's"	7027
6975	(656, 1525)	' goals'	7028
6976	(418, 579)	' rap'	7029
6977	(1113, 280)	'公司的'	7030
6978	(3682, 541)	' frequ'	7031
6979	(757, 2291)	' advice'	7032
6980	(3851, 115)	' Highs'	7033
6981	(72, 3279)	'Haha'	7034
6982	(1857, 669)	' charge'	7035
6983	(1366, 491)	' remain'	7036
6984	(806, 6220)	' manufact'	7037
6985	(110, 4105)	'n’t'	7038
6986	(527, 161)	'泡'	7039
6987	(1352, 1463)	'首先'	7040
6988	(3487, 1378)	'句话'	7041
6989	(333, 449)	'是个'	7042
6990	(1225, 453)	'网上'	7043
6991	(333, 1324)	'是指'	7044
6992	(1763, 115)	' runs'	7045
6993	(1554, 1697)	' relative'	7046
6994	(1153, 5347)	'保障'	7047
6995	(343, 929)	'aching'	7048
6996	(464, 2753)	'ription'	7049
6997	(393, 167)	'奧'	7050
6998	(371, 785)	' stage'	7051
6999	(776, 1154)	'法國'	7052
7000	(490, 1865)	' select'	7053
7001	(976, 1209)	' sched'	7054
7002	(3660, 147)	'鼓'	7055
7003	(1450, 325)	' emot'	7056
7004	(275, 6464)	' crazy'	7057
7005	(1070, 168)	'と'	7058
7006	(422, 171)	'赫'	7059
7007	(818, 374)	" what's"	7060
7008	(518, 375)	' vir'	7061
7009	(418, 3979)	' rule'	7062
7010	(1665, 115)	'lands'	7063
7011	(12004, 50)	' 2012'	7064
7012	(395, 343)	' Mac'	7065
7013	(1412, 130)	'樂'	7066
7014	(677, 1285)	'主演'	7067
7015	(472, 278)	' Dis'	7068
7016	(512, 104)	'osh'	7069
7017	(66, 83)	'BS'	7070
7018	(5586, 111)	'ão'	7071
7019	(284, 1461)	' path'	7072
7020	(105, 541)	'iqu'	7073
7021	(101, 97)	'ea'	7075
7022	(1059, 99)	'merc'	7076
7023	(268, 1988)	' warm'	7077
7024	(3325, 1351)	' sexual'	7078
7025	(375, 2210)	'irmed'	7079
7026	(32, 679)	' ice'	7080
7027	(1312, 166)	'韦'	7081
7028	(999, 674)	'此前'	7082
7029	(313, 78)	' IN'	7083
7030	(772, 164)	'ત'	7084
7031	(116, 100)	'td'	7085
7032	(933, 386)	'去了'	7086
7033	(369, 564)	' Ant'	7087
7034	(294, 6486)	' hundred'	7088
7035	(2254, 120)	' complex'	7089
7036	(153, 553)	b'\x99\xe1\x80'	7090
7037	(517, 134)	'忆'	7091
7038	(121, 272)	'yan'	7092
7039	(3886, 2390)	'丰富'	7093
7040	(1450, 98)	' emb'	7094
7041	(534, 327)	' Let'	7095
7042	(1233, 142)	'虎'	7096
7043	(3617, 646)	' на'	7097
7044	(339, 532)	'一家'	7098
7045	(697, 130)	'ू'	7099
7046	(114, 100)	'rd'	7100
7047	(112, 494)	'pts'	7101
7048	(755, 168)	'ረ'	7102
7049	(3638, 410)	'force'	7103
7050	(1396, 288)	'ocked'	7104
7051	(394, 825)	'ooking'	7105
7052	(1368, 552)	' consist'	7106
7053	(346, 4394)	' items'	7107
7054	(671, 2169)	'现象'	7108
7055	(618, 100)	'udd'	7109
7056	(308, 97)	'oma'	7110
7057	(286, 400)	' mill'	7111
7058	(619, 1185)	'成交'	7112
7059	(1118, 1216)	'ول'	7113
7060	(1550, 803)	'推动'	7114
7061	(458, 185)	'役'	7115
7062	(372, 269)	' heat'	7116
7063	(410, 288)	'ceed'	7117
7064	(546, 97)	'anta'	7118
7065	(307, 169)	'兩'	7119
7066	(89, 531)	'Your'	7120
7067	(1017, 280)	'中国的'	7121
7068	(2149, 555)	'医生'	7122
7069	(810, 154)	'姚'	7123
7070	(304, 148)	'仔'	7124
7071	(108, 273)	'lor'	7125
7072	(940, 115)	'orms'	7126
7073	(1040, 176)	'灰'	7127
7074	(658, 1884)	'方案'	7128
7075	(1120, 707)	'房子'	7129
7076	(616, 318)	' worst'	7130
7077	(961, 112)	' disp'	7131
7078	(1433, 578)	' smart'	7132
7079	(319, 262)	'vere'	7133
7080	(358, 541)	'sequ'	7134
7081	(786, 741)	'里面'	7135
7082	(4157, 1851)	' Govern'	7136
7083	(263, 105)	' si'	7137
7084	(472, 4969)	' Donald'	7138
7085	(232, 185)	b'\xe8\xb9'	7139
7086	(4199, 1162)	' beginning'	7140
7087	(5281, 110)	' _n'	7141
7088	(482, 679)	' notice'	7142
7089	(4163, 726)	' culture'	7143
7090	(4936, 1506)	' International'	7144
7091	(705, 178)	'署'	7145
7092	(429, 4909)	' Paul'	7146
7093	(553, 183)	'့'	7147
7094	(1580, 374)	"He's"	7148
7095	(2749, 272)	'echan'	7149
7096	(925, 154)	'ේ'	7150
7097	(804, 182)	'當'	7151
7098	(1757, 635)	'它们'	7152
7099	(1057, 897)	'海外'	7153
7100	(546, 322)	'antly'	7154
7101	(2447, 5401)	' society'	7155
7102	(109, 4679)	'mitted'	7156
7103	(100, 937)	'down'	7157
7104	(1093, 166)	'烦'	7158
7105	(103, 110)	'gn'	7159
7106	(489, 282)	'pping'	7160
7107	(1304, 135)	'ే'	7161
7108	(3307, 115)	' girls'	7162
7109	(1140, 444)	' workers'	7163
7110	(484, 97)	'uma'	7164
7111	(555, 2142)	'生命'	7165
7112	(772, 191)	'િ'	7166
7113	(2610, 5114)	' particularly'	7167
7114	(1342, 136)	'計'	7169
7115	(467, 166)	'敦'	7170
7116	(5043, 735)	' Australia'	7171
7117	(2337, 658)	'警方'	7172
7118	(3480, 574)	' activity'	7173
7119	(910, 172)	'芬'	7174
7120	(596, 184)	'選'	7175
7121	(1116, 142)	'黎'	7176
7122	(391, 931)	'urance'	7177
7123	(1834, 174)	'饮'	7178
7124	(472, 826)	" Don't"	7179
7125	(4368, 273)	' terror'	7180
7126	(2832, 555)	'招生'	7181
7127	(267, 103)	'erg'	7182
7128	(573, 269)	' plat'	7183
7129	(994, 6413)	' Chinese'	7184
7130	(2336, 1404)	' driving'	7185
7131	(1411, 5481)	' independ'	7186
7132	(1276, 859)	' kept'	7187
7133	(429, 290)	' Pal'	7188
7134	(87, 2412)	'Who'	7189
7135	(1283, 3861)	' additional'	7190
7136	(352, 2018)	' Tex'	7191
7137	(934, 682)	'重新'	7192
7138	(552, 773)	'istry'	7193
7139	(759, 172)	' ब'	7194
7140	(2838, 927)	' While'	7195
7141	(271, 408)	'itation'	7196
7142	(5105, 538)	'委员会'	7197
7143	(385, 146)	'徒'	7198
7144	(330, 1968)	' egg'	7199
7145	(2959, 152)	'領'	7200
7146	(1549, 924)	'证明'	7201
7147	(45, 77)	'-M'	7202
7148	(5764, 4024)	' October'	7203
7149	(2151, 97)	' kinda'	7204
7150	(3052, 2140)	'背景'	7205
7151	(1158, 54)	'2006'	7206
7152	(499, 2429)	' produc'	7207
7153	(2131, 3950)	' details'	7208
7154	(1147, 1298)	'至少'	7209
7155	(2230, 608)	'终于'	7210
7156	(846, 209)	b'\xd0\xbe\xd1'	7211
7157	(5896, 322)	' absolutely'	7212
7158	(1006, 318)	' Inst'	7213
7159	(3360, 334)	' snow'	7214
7160	(5615, 381)	'主持人'	7215
7161	(711, 168)	'跨'	7217
7162	(3381, 121)	' economy'	7218
7163	(534, 1942)	' Lows'	7219
7164	(2040, 1633)	' clearly'	7220
7165	(677, 1102)	'主队'	7221
7166	(84, 83)	'TS'	7222
7167	(702, 670)	'看好'	7223
7168	(324, 143)	'宏'	7224
7169	(2105, 288)	' developed'	7225
7170	(840, 138)	'隊'	7226
7171	(232, 149)	b'\xe8\x95'	7227
7172	(1688, 116)	' sett'	7228
7173	(99, 468)	'cul'	7229
7174	(2162, 2320)	' waiting'	7230
7175	(233, 138)	b'\xe9\x8a'	7231
7176	(2710, 2847)	'突破'	7232
7177	(1001, 1102)	'两队'	7233
7178	(3490, 5646)	' analysis'	7234
7179	(375, 105)	'iri'	7235
7180	(911, 99)	' prec'	7236
7181	(73, 86)	'IV'	7237
7182	(362, 359)	' Sim'	7238
7183	(401, 121)	'tery'	7239
7184	(2415, 288)	' missed'	7240
7185	(359, 329)	'iment'	7241
7186	(3099, 2077)	'篮板'	7242
7187	(4207, 322)	'arently'	7243
7188	(585, 154)	'枚'	7244
7189	(734, 5749)	'uclear'	7245
7190	(287, 108)	' ol'	7246
7191	(533, 180)	'浴'	7247
7192	(4266, 798)	' options'	7248
7193	(2059, 1136)	'维持'	7249
7194	(373, 3120)	'在一起'	7250
7195	(352, 391)	' Tur'	7251
7196	(1479, 2050)	'亚洲'	7252
7197	(442, 941)	' kick'	7253
7198	(3005, 160)	' በ'	7254
7199	(1823, 2658)	' provides'	7255
7200	(2407, 453)	'晚上'	7256
7201	(518, 3649)	' voice'	7257
7202	(451, 189)	'抽'	7258
7203	(5578, 410)	' reduce'	7259
7204	(1321, 2794)	' attract'	7260
7205	(755, 171)	'ራ'	7261
7206	(121, 111)	'yo'	7262
7207	(956, 577)	' overall'	7263
7208	(3550, 3121)	' Minister'	7265
7209	(3995, 3583)	' network'	7266
7210	(420, 3814)	' Because'	7267
7211	(581, 2192)	'地區'	7268
7212	(855, 453)	'加上'	7269
7213	(685, 3103)	'经典'	7270
7214	(3394, 135)	'蘇'	7271
7215	(2491, 2039)	' basically'	7272
7216	(132, 2667)	b'\x84\xe1\x80\xba\xe1\x80'	7273
7217	(759, 164)	' त'	7274
7218	(986, 2341)	'意义'	7275
7219	(4126, 1020)	' violence'	7276
7220	(610, 798)	'ections'	7277
7221	(12051, 12056)	'葡萄'	7278
7222	(2655, 282)	' understanding'	7279
7223	(1924, 6749)	' families'	7280
7224	(1208, 2673)	' seriously'	7281
7225	(233, 179)	b'\xe9\xb3'	7282
7226	(751, 444)	' users'	7283
7227	(472, 283)	' Des'	7284
7228	(2056, 179)	'傳'	7285
7229	(2550, 99)	' esc'	7286
7230	(517, 141)	'忍'	7287
7231	(500, 5624)	' NIGHT'	7288
7232	(110, 566)	'night'	7289
7233	(648, 158)	'洞'	7290
7234	(3038, 381)	'令人'	7291
7235	(420, 277)	' Ben'	7292
7236	(3906, 1081)	' Russian'	7293
7237	(978, 555)	'女生'	7294
7238	(1027, 539)	'想到'	7295
7239	(421, 544)	'年来'	7296
7240	(218, 190)	'ھ'	7297
7241	(272, 111)	'ano'	7298
7242	(3267, 884)	'姆斯'	7299
7243	(114, 335)	'ray'	7300
7244	(257, 104)	' ah'	7301
7245	(1654, 1173)	'形式'	7302
7246	(2630, 280)	'重要的'	7303
7247	(1001, 381)	'两人'	7304
7248	(3106, 288)	' designed'	7305
7249	(529, 4542)	' exerc'	7306
7250	(1148, 179)	'ታ'	7307
7251	(262, 121)	'rey'	7308
7252	(623, 162)	'ย'	7309
7253	(681, 280)	'用的'	7310
7254	(556, 3845)	' chief'	7311
7255	(102, 1829)	'friend'	7312
7256	(372, 5184)	' heavy'	7313
7257	(1388, 3067)	'结婚'	7314
7258	(479, 267)	'ander'	7315
7259	(272, 406)	'anch'	7316
7260	(1091, 1882)	'身份'	7317
7261	(311, 291)	' gar'	7318
7262	(195, 170)	'ê'	7319
7263	(329, 2177)	'entially'	7320
7264	(402, 140)	'凌'	7321
7265	(429, 1010)	' Press'	7322
7266	(103, 108)	'gl'	7323
7267	(719, 191)	'偿'	7324
7268	(1027, 565)	'想要'	7325
7269	(3454, 271)	' Edit'	7326
7270	(99, 436)	'cher'	7327
7271	(986, 1619)	'意见'	7328
7272	(2454, 185)	'詹'	7329
7273	(313, 73)	' II'	7330
7274	(464, 97)	'ria'	7331
7275	(478, 5002)	' shares'	7332
7276	(2457, 477)	' earth'	7333
7277	(1109, 1149)	'并没有'	7334
7278	(623, 165)	'ล'	7335
7279	(619, 1101)	'成员'	7336
7280	(729, 168)	'ন'	7337
7281	(152, 950)	b'\x98\xd0\xb5'	7338
7282	(292, 104)	' dh'	7339
7283	(1370, 2927)	' secret'	7340
7284	(328, 5145)	' reasons'	7341
7285	(3834, 3834)	'____'	7342
7286	(366, 5146)	' upper'	7343
7287	(331, 2331)	'idering'	7344
7288	(453, 1292)	'上周'	7345
7289	(381, 1730)	'人类'	7346
7290	(337, 135)	'將'	7347
7291	(966, 280)	'目的'	7348
7292	(87, 334)	'Wow'	7349
7293	(369, 375)	' Air'	7350
7294	(1231, 153)	'務'	7351
7295	(769, 997)	'ир'	7352
7296	(286, 1000)	' mount'	7354
7297	(979, 4049)	'英雄'	7355
7298	(1524, 601)	' studies'	7356
7299	(294, 732)	' hous'	7357
7300	(737, 101)	'ipe'	7358
7301	(2699, 115)	' jobs'	7359
7302	(418, 6624)	' random'	7360
7303	(5502, 726)	' ensure'	7361
7304	(536, 4930)	' Google'	7362
7305	(396, 142)	'扎'	7363
7306	(545, 1250)	'出口'	7364
7307	(503, 380)	' Rec'	7365
7308	(275, 6328)	' citiz'	7366
7309	(98, 484)	'bum'	7368
7310	(856, 49)	' 31'	7369
7311	(4664, 97)	' Korea'	7370
7312	(60, 47)	'</'	7371
7313	(441, 115)	'ores'	7372
7314	(378, 1149)	'有没有'	7373
7315	(817, 670)	'很好'	7374
7316	(5688, 1340)	'Maybe'	7375
7317	(5074, 586)	'针对'	7376
7318	(772, 130)	'ં'	7377
7319	(267, 1528)	'erved'	7378
7320	(69, 723)	'Every'	7379
7321	(103, 444)	'gers'	7380
7322	(2074, 3459)	'防守'	7381
7323	(3890, 154)	'線'	7382
7324	(415, 112)	' asp'	7383
7325	(817, 413)	'很大'	7384
7326	(2303, 152)	' መ'	7385
7327	(772, 174)	'મ'	7386
7328	(2587, 315)	'ouble'	7387
7329	(4767, 12054)	'中华人民共和国'	7388
7330	(779, 883)	' peace'	7389
7331	(2178, 3249)	' followed'	7390
7332	(898, 618)	' Stud'	7391
7333	(624, 745)	' Other'	7392
7334	(324, 160)	'宠'	7393
7335	(909, 308)	' Thom'	7394
7336	(420, 335)	' Bay'	7395
7337	(6671, 188)	b'\xaf\xe0\xa6\xbc'	7396
7338	(3091, 288)	'ipped'	7397
7339	(418, 1251)	' rates'	7398
7340	(4134, 1525)	' animals'	7399
7341	(301, 2603)	' laugh'	7400
7342	(616, 773)	' worry'	7401
7343	(1263, 117)	' flu'	7402
7344	(817, 1715)	'很难'	7403
7345	(48, 56)	'08'	7404
7346	(912, 5027)	'利润'	7405
7347	(755, 152)	'መ'	7406
7348	(2284, 724)	'离开'	7407
7349	(301, 2063)	' lines'	7408
7350	(429, 67)	' PC'	7409
7351	(268, 664)	' wood'	7410
7352	(394, 394)	'oooo'	7411
7353	(98, 1731)	'bably'	7412
7354	(510, 146)	'拒'	7413
7355	(2159, 1473)	'采取'	7414
7356	(1151, 479)	' brand'	7415
7357	(803, 680)	'动作'	7416
7358	(760, 282)	'elling'	7417
7359	(552, 272)	'istan'	7418
7360	(3703, 401)	' counter'	7419
7361	(950, 1169)	'ел'	7420
7362	(1175, 3107)	'回答'	7421
7363	(4349, 398)	'过程中'	7422
7364	(1430, 282)	' calling'	7423
7365	(400, 121)	'illy'	7424
7366	(509, 1025)	' First'	7425
7367	(310, 2261)	' north'	7426
7368	(536, 327)	' Get'	7427
7369	(1484, 156)	'娜'	7428
7370	(636, 185)	'筹'	7429
7371	(1558, 1477)	'组图'	7430
7372	(560, 156)	'惜'	7431
7373	(83, 2790)	'Sorry'	7432
7374	(2485, 264)	' demon'	7433
7375	(3058, 132)	'薄'	7434
7376	(1896, 151)	'窗'	7435
7377	(468, 97)	'ula'	7436
7378	(472, 505)	' Del'	7437
7379	(85, 78)	'UN'	7438
7380	(336, 6812)	' beyond'	7439
7381	(1594, 1479)	'尼亚'	7440
7382	(2325, 466)	' request'	7441
7383	(513, 191)	'沿'	7442
7384	(979, 4986)	'英寸'	7443
7385	(275, 1770)	' cash'	7444
7386	(1004, 129)	'壁'	7445
7387	(851, 1511)	'平米'	7446
7388	(256, 570)	' tend'	7447
7389	(1783, 1120)	'住房'	7448
7390	(2145, 267)	' older'	7449
7391	(1070, 151)	'し'	7450
7392	(1261, 171)	'ያ'	7451
7393	(2481, 97)	'iya'	7452
7394	(800, 5012)	' anymore'	7453
7395	(2279, 3879)	' largest'	7454
7396	(294, 470)	' hus'	7455
7397	(368, 358)	'verse'	7456
7398	(556, 5564)	' choose'	7457
7399	(367, 178)	'劲'	7458
7400	(109, 3667)	'mission'	7459
7401	(3061, 820)	'担心'	7460
7402	(275, 605)	' cast'	7461
7403	(464, 101)	'rie'	7462
7404	(3756, 2284)	'距离'	7463
7405	(844, 280)	'力的'	7464
7406	(442, 111)	' ko'	7465
7407	(776, 1242)	'法语'	7466
7408	(551, 163)	'欣'	7467
7409	(842, 866)	'事实'	7468
7410	(573, 809)	' plays'	7469
7411	(379, 1199)	' Cons'	7470
7412	(875, 3781)	' YOU'	7471
7413	(839, 290)	' qual'	7472
7414	(2697, 374)	"There's"	7473
7415	(112, 109)	'pm'	7474
7416	(3329, 1300)	'宣布'	7475
7417	(582, 1099)	'就可以'	7476
7418	(105, 277)	'ien'	7477
7419	(536, 2504)	' Green'	7478
7420	(1191, 1597)	'打造'	7479
7421	(12032, 282)	' becoming'	7480
7422	(318, 115)	'sts'	7481
7423	(57, 53)	'95'	7482
7424	(259, 971)	'inary'	7483
7425	(2144, 180)	'嘴'	7484
7426	(1704, 1657)	'走势'	7485
7427	(759, 181)	' व'	7486
7428	(263, 2227)	' south'	7487
7429	(2474, 331)	' solid'	7488
7430	(6040, 4325)	' welcome'	7489
7431	(547, 169)	'剩'	7490
7432	(573, 1881)	' plants'	7491
7433	(2142, 398)	'命中'	7492
7434	(6354, 1902)	' September'	7493
7435	(110, 2262)	'nces'	7494
7436	(5769, 1657)	'趋势'	7495
7437	(429, 83)	' PS'	7496
7438	(68, 3122)	'Does'	7497
7439	(1313, 184)	' ਸ'	7498
7440	(1706, 176)	'議'	7499
7441	(78, 3952)	'NBA'	7500
7442	(3631, 1572)	' limited'	7501
7443	(1664, 115)	' feels'	7502
7444	(888, 134)	'穆'	7503
7445	(1160, 187)	'驻'	7504
7446	(5541, 505)	' Angel'	7505
7447	(271, 2814)	'itude'	7506
7448	(620, 892)	' Jew'	7507
7449	(771, 775)	'同比'	7508
7450	(1366, 2582)	' remains'	7509
7451	(1705, 186)	'携'	7510
7452	(117, 97)	'ua'	7511
7453	(942, 2203)	'资料'	7512
7454	(482, 101)	' note'	7513
7455	(2644, 1594)	'索尼'	7514
7456	(3712, 6180)	' Research'	7515
7457	(4950, 166)	'瘦'	7516
7458	(2172, 1018)	'引起'	7517
7459	(437, 97)	'aga'	7518
7460	(1429, 139)	'ੋ'	7519
7461	(1955, 1337)	'即使'	7520
7462	(1133, 4567)	' implement'	7521
7463	(54, 558)	'600'	7522
7464	(660, 1620)	'高清'	7523
7465	(1053, 174)	'單'	7524
7466	(1757, 280)	'它的'	7525
7467	(68, 80)	'DP'	7526
7468	(1283, 282)	' adding'	7527
7469	(195, 178)	'ò'	7528
7470	(3165, 514)	' generally'	7529
7471	(4065, 1615)	' benefits'	7530
7472	(2671, 345)	' Canad'	7531
7473	(358, 101)	'see'	7532
7474	(807, 1767)	'اد'	7533
7475	(378, 850)	'有所'	7534
7476	(273, 97)	'ora'	7535
7477	(404, 291)	' wear'	7536
7478	(1122, 5227)	' features'	7537
7479	(2139, 135)	' ч'	7538
7480	(632, 724)	'公开'	7539
7481	(1430, 115)	' calls'	7540
7482	(406, 1557)	'change'	7541
7483	(921, 621)	'三分'	7542
7484	(1694, 176)	'腰'	7543
7485	(281, 927)	' file'	7544
7486	(1663, 322)	' highly'	7545
7487	(491, 101)	'aine'	7546
7488	(362, 107)	' Sk'	7547
7489	(2312, 1570)	b'\xe0\xa4\xb0\xe0\xa5\x8d\xe0\xa4'	7548
7490	(1240, 2374)	'战争'	7549
7491	(1565, 115)	' cars'	7550
7492	(12004, 49)	' 2011'	7551
7493	(632, 1201)	'公安'	7552
7494	(269, 105)	'ati'	7553
7495	(185, 163)	b'\xb9\xa3'	7554
7496	(3493, 45)	' non-'	7555
7497	(733, 176)	'ర'	7556
7498	(52, 558)	'400'	7557
7499	(790, 262)	' agre'	7558
7500	(280, 3542)	'的地方'	7559
7501	(85, 67)	'UC'	7560
7502	(603, 150)	'辖'	7561
7503	(1080, 153)	'裙'	7562
7504	(2565, 5583)	'cohol'	7563
7505	(4783, 1147)	'截至'	7564
7506	(1658, 1670)	'快乐'	7565
7507	(100, 308)	'dom'	7566
7508	(978, 1841)	'女儿'	7567
7509	(1357, 1882)	'股份'	7568
7510	(52, 50)	'42'	7569
7511	(263, 3924)	' sources'	7571
7512	(105, 444)	'iers'	7572
7513	(4287, 726)	' measure'	7573
7514	(375, 271)	'irit'	7574
7515	(1522, 134)	'豆'	7575
7516	(963, 280)	'内的'	7576
7517	(4139, 2197)	'幸福'	7577
7518	(358, 121)	'sey'	7578
7519	(3042, 1003)	' foreign'	7579
7520	(377, 170)	'प'	7580
7521	(4404, 1916)	'stitute'	7581
7522	(2600, 359)	' estim'	7582
7523	(280, 2422)	'的朋友'	7583
7524	(593, 491)	' train'	7584
7525	(812, 168)	'ਨ'	7585
7526	(1273, 5079)	'教授'	7586
7527	(3030, 572)	' receive'	7587
7528	(281, 3780)	' firm'	7588
7529	(2836, 159)	'鸟'	7589
7530	(1313, 185)	' ਹ'	7590
7531	(835, 2179)	'期待'	7591
7532	(87, 2090)	'Where'	7592
7533	(371, 3512)	' stories'	7593
7534	(3064, 1775)	' electric'	7594
7535	(1219, 884)	'克斯'	7595
7536	(805, 1091)	'机身'	7596
7537	(379, 1286)	' Cup'	7597
7538	(4615, 288)	' mentioned'	7598
7539	(3118, 574)	' majority'	7599
7540	(348, 109)	'amm'	7600
7541	(584, 373)	'他在'	7601
7542	(3329, 1627)	'宣传'	7602
7543	(1388, 876)	'结合'	7603
7544	(49, 1398)	'1000'	7604
7545	(395, 345)	' Mad'	7605
7546	(911, 109)	' prem'	7606
7547	(1855, 4300)	'欢迎'	7607
7548	(324, 191)	'宿'	7608
7549	(195, 180)	'ô'	7609
7550	(395, 578)	' Mart'	7610
7551	(65, 12036)	'According'	7611
7552	(1360, 2824)	'认识'	7612
7553	(117, 351)	'uro'	7613
7554	(412, 12027)	'outhern'	7614
7555	(1225, 1280)	'网游'	7615
7556	(464, 290)	'rial'	7616
7557	(623, 180)	'ิ'	7617
7558	(5736, 3189)	' administration'	7618
7559	(2319, 1872)	'满足'	7619
7560	(337, 142)	'導'	7620
7561	(1468, 178)	'悲'	7621
7562	(1558, 876)	'组合'	7622
7563	(52, 51)	'43'	7623
7564	(1203, 391)	' accur'	7624
7565	(2366, 1591)	'降低'	7625
7566	(101, 2174)	'eared'	7626
7567	(218, 175)	'گ'	7627
7568	(429, 606)	' Port'	7628
7569	(4766, 1240)	'挑战'	7629
7570	(5970, 1010)	' Congress'	7630
7571	(1783, 5195)	'住宅'	7631
7572	(707, 280)	'子的'	7632
7573	(681, 608)	'用于'	7633
7574	(1609, 1723)	'广告'	7634
7575	(1210, 333)	'真是'	7635
7576	(835, 280)	'期的'	7636
7577	(1955, 837)	'即将'	7637
7578	(783, 3871)	' climate'	7638
7579	(519, 173)	'哭'	7639
7580	(5169, 3736)	' document'	7640
7581	(812, 164)	'ਤ'	7641
7582	(1322, 4652)	'解释'	7642
7583	(416, 2638)	'ifying'	7643
7584	(1455, 138)	'殊'	7644
7585	(5181, 876)	'符合'	7645
7586	(2013, 1597)	'创造'	7646
7587	(1121, 1200)	'ین'	7647
7588	(1803, 132)	'龄'	7648
7589	(1261, 176)	'ደ'	7649
7590	(815, 191)	'矿'	7650
7591	(289, 103)	' ang'	7651
7592	(478, 937)	' shown'	7652
7593	(1674, 158)	'撞'	7653
7594	(118, 97)	'va'	7654
7595	(706, 373)	'还在'	7655
7596	(45, 83)	'-S'	7656
7597	(312, 140)	'昌'	7657
7598	(594, 803)	'行动'	7658
7599	(503, 4024)	' Rober'	7659
7600	(339, 728)	'一天'	7660
7601	(626, 138)	'羊'	7661
7602	(1336, 5432)	' despite'	7662
7603	(2770, 591)	' movement'	7663
7604	(106, 117)	'ju'	7664
7605	(333, 1067)	'是由'	7665
7606	(362, 84)	' ST'	7666
7607	(1490, 333)	'才是'	7667
7608	(396, 129)	'扁'	7668
7609	(2734, 546)	' advant'	7669
7610	(1635, 2733)	'装修'	7670
7611	(921, 449)	'三个'	7671
7612	(472, 331)	' Did'	7672
7613	(611, 283)	'odes'	7673
7614	(4122, 444)	' customers'	7674
7615	(2083, 627)	'随后'	7675
7616	(1819, 1374)	'升级'	7676
7617	(1240, 3143)	'战略'	7677
7618	(305, 1028)	'ications'	7678
7619	(1505, 149)	' ક'	7679
7620	(3245, 539)	'遇到'	7680
7621	(3741, 594)	'执行'	7681
7622	(861, 541)	' acqu'	7682
7623	(882, 146)	'恒'	7683
7624	(2176, 300)	' ideas'	7684
7625	(2418, 3437)	' continued'	7685
7626	(6128, 331)	' candid'	7686
7627	(2536, 2536)	'哈哈哈哈'	7687
7628	(286, 579)	' map'	7688
7629	(478, 737)	' ship'	7689
7630	(623, 148)	'ด'	7690
7631	(767, 406)	' arch'	7691
7632	(1425, 449)	'每个'	7692
7633	(2099, 4270)	' Islam'	7693
7634	(1869, 1427)	'户型'	7694
7635	(500, 12058)	' November'	7695
7636	(310, 100)	' nd'	7696
7637	(1821, 2283)	'配置'	7697
7638	(534, 97)	' La'	7698
7639	(1530, 746)	'完美'	7699
7640	(1093, 167)	'烧'	7700
7641	(653, 1849)	'自治'	7701
7642	(272, 1917)	'anna'	7702
7643	(77, 441)	'More'	7703
7644	(12034, 3232)	' vehicle'	7704
7645	(684, 670)	'最好'	7705
7646	(301, 4283)	' loved'	7706
7647	(347, 152)	'甘'	7707
7648	(376, 149)	'孕'	7708
7649	(442, 119)	' kw'	7709
7650	(544, 386)	'来了'	7710
7651	(352, 273)	' Tor'	7711
7652	(1482, 12055)	' sympt'	7712
7653	(2767, 1510)	' Group'	7713
7654	(362, 348)	' Sam'	7714
7655	(259, 282)	'ining'	7715
7656	(677, 1252)	'主任'	7716
7657	(606, 12027)	'orthern'	7717
7658	(781, 187)	'邻'	7718
7659	(4938, 308)	' bottom'	7719
7660	(2442, 121)	' fully'	7720
7661	(1008, 1205)	'数量'	7721
7662	(624, 102)	' Of'	7722
7663	(1602, 966)	'节目'	7723
7664	(290, 282)	'aling'	7724
7665	(1877, 1036)	' putting'	7725
7666	(280, 670)	'的好'	7726
7667	(906, 563)	'性能'	7727
7668	(2782, 283)	' miles'	7728
7669	(356, 5865)	' forgot'	7729
7670	(1148, 160)	'በ'	7730
7671	(542, 1402)	' altern'	7731
7672	(112, 277)	'pen'	7732
7673	(98, 262)	'bre'	7733
7674	(354, 129)	'旁'	7734
7675	(395, 2018)	' Mex'	7735
7676	(2918, 538)	'协会'	7736
7677	(256, 359)	' tim'	7737
7678	(276, 4425)	' battle'	7738
7679	(1843, 1120)	'票房'	7739
7680	(320, 183)	'刷'	7740
7681	(3912, 613)	'旗下'	7741
7682	(582, 370)	'就不'	7742
7683	(281, 6163)	' fresh'	7743
7684	(3217, 5038)	'编辑'	7744
7685	(48, 53)	'05'	7745
7686	(1377, 129)	'ુ'	7746
7687	(557, 5966)	' Earth'	7747
7688	(781, 174)	'邮'	7748
7689	(1498, 290)	'egal'	7749
7690	(361, 184)	'诸'	7750
7691	(527, 137)	'泉'	7751
7692	(865, 128)	'紀'	7752
7693	(772, 149)	'ક'	7753
7694	(1937, 916)	' glass'	7754
7695	(66, 73)	'BI'	7755
7696	(276, 2070)	' born'	7756
7697	(894, 143)	'描'	7757
7698	(738, 181)	'侵'	7758
7699	(1890, 3347)	'优秀'	7759
7700	(2183, 893)	'态度'	7760
7701	(1521, 579)	' cheap'	7761
7702	(431, 146)	'冒'	7762
7703	(77, 65)	'MA'	7763
7704	(6049, 188)	'鬼'	7764
7705	(973, 3576)	'电脑'	7765
7706	(1253, 2077)	'老板'	7766
7707	(1309, 3499)	' expensive'	7767
7708	(1412, 170)	'横'	7768
7709	(333, 1732)	'是因为'	7769
7710	(2823, 610)	' affect'	7770
7711	(536, 1224)	' Gold'	7771
7712	(2727, 1291)	'独立'	7772
7713	(2774, 115)	' programs'	7773
7714	(802, 1934)	'名字'	7774
7715	(442, 272)	' kan'	7775
7716	(1685, 2670)	' finished'	7776
7717	(573, 470)	' plus'	7777
7718	(5192, 327)	' sweet'	7778
7719	(1871, 1741)	'精彩'	7779
7720	(666, 161)	'郡'	7780
7721	(276, 611)	' bod'	7781
7722	(1023, 288)	'ailed'	7782
7723	(5998, 144)	'에'	7783
7724	(648, 170)	'洪'	7784
7725	(935, 1310)	' incident'	7785
7726	(686, 277)	'iven'	7786
7727	(1749, 101)	'ype'	7787
7728	(1437, 609)	'光学'	7788
7729	(4086, 1236)	'享受'	7789
7730	(97, 795)	'aven'	7790
7731	(891, 4695)	' unique'	7791
7732	(226, 134)	b'\xe2\x86'	7792
7733	(376, 164)	'孤'	7793
7734	(584, 693)	'他说'	7794
7735	(5798, 288)	' described'	7795
7736	(925, 131)	'ස'	7796
7737	(3154, 780)	'Also'	7797
7738	(54, 56)	'68'	7798
7739	(1229, 532)	'商家'	7799
7740	(404, 1794)	' weather'	7800
7741	(66, 108)	'Bl'	7801
7742	(948, 661)	'工业'	7802
7743	(603, 134)	'辆'	7803
7744	(650, 282)	' willing'	7804
7745	(348, 259)	'amin'	7805
7746	(2549, 893)	'密度'	7806
7747	(4837, 1529)	' budget'	7807
7748	(12008, 749)	' Americans'	7808
7749	(595, 386)	'多了'	7809
7750	(4568, 335)	' okay'	7811
7751	(925, 153)	'ෙ'	7812
7752	(1372, 1813)	'具备'	7813
7753	(85, 84)	'UT'	7814
7754	(517, 167)	'忧'	7815
7755	(377, 163)	'ण'	7816
7756	(634, 190)	'倾'	7817
7757	(281, 575)	' fear'	7818
7758	(362, 443)	' Sun'	7819
7759	(360, 162)	'卢'	7820
7760	(837, 538)	'将会'	7821
7761	(739, 1925)	'而言'	7822
7762	(275, 2503)	' cards'	7823
7763	(568, 358)	'These'	7824
7764	(317, 148)	'返'	7825
7765	(5908, 322)	' extremely'	7826
7766	(716, 897)	'之外'	7827
7767	(107, 111)	'ko'	7828
7768	(281, 1072)	' fish'	7829
7769	(314, 152)	'團'	7830
7770	(1774, 2119)	' efforts'	7831
7771	(294, 1988)	' harm'	7832
7772	(83, 99)	'Sc'	7833
7773	(370, 1872)	'不足'	7834
7774	(369, 4531)	' Alex'	7835
7775	(3361, 1234)	' eventually'	7836
7776	(291, 1630)	'ario'	7837
7777	(372, 2835)	' hearing'	7838
7778	(860, 183)	'捷'	7839
7779	(1141, 101)	' repe'	7840
7780	(3456, 259)	' origin'	7841
7781	(776, 1751)	'法語'	7842
7782	(5407, 5607)	' Michael'	7843
7783	(935, 640)	' incred'	7844
7784	(513, 170)	'沪'	7845
7785	(452, 370)	'我不'	7846
7786	(977, 168)	'墨'	7847
7787	(218, 147)	'ړ'	7848
7788	(670, 386)	'好了'	7849
7789	(817, 378)	'很有'	7850
7790	(856, 53)	' 35'	7851
7791	(717, 862)	' 2010'	7852
7792	(111, 308)	'oom'	7853
7793	(369, 357)	' Aut'	7854
7794	(310, 1709)	' names'	7855
7795	(496, 183)	'陷'	7856
7796	(533, 166)	'浦'	7857
7797	(335, 97)	'aya'	7858
7798	(3714, 2682)	' injury'	7859
7799	(942, 692)	'资本'	7860
7800	(1429, 176)	'ੰ'	7861
7801	(263, 1691)	' sale'	7862
7802	(5504, 273)	' doctor'	7863
7803	(32, 3606)	' err'	7864
7804	(2689, 555)	'卫生'	7865
7805	(279, 134)	'皆'	7866
7806	(1854, 3780)	' confirm'	7867
7807	(12010, 410)	' produce'	7868
7808	(487, 5685)	' comfort'	7869
7809	(292, 345)	' dad'	7870
7810	(865, 141)	'納'	7871
7811	(424, 305)	'olic'	7872
7812	(470, 572)	'usive'	7873
7813	(1804, 947)	'巴西'	7874
7814	(300, 494)	'asts'	7875
7815	(330, 1369)	' eating'	7876
7816	(105, 470)	'ius'	7877
7817	(362, 881)	' Sub'	7878
7818	(12057, 413)	'加拿大'	7879
7819	(103, 2784)	'gency'	7880
7820	(3532, 1866)	' pictures'	7881
7821	(487, 7022)	' commerc'	7882
7822	(84, 86)	'TV'	7883
7823	(1433, 111)	' smo'	7884
7824	(912, 1479)	'利亚'	7885
7825	(1248, 334)	' throw'	7886
7826	(2842, 565)	'一定要'	7887
7827	(876, 797)	'合理'	7888
7828	(4377, 2934)	'概念'	7889
7829	(32, 407)	' il'	7890
7830	(1760, 182)	'茶'	7891
7831	(233, 140)	b'\xe9\x8c'	7892
7832	(1244, 333)	'总是'	7893
7833	(7136, 300)	' Texas'	7894
7834	(6960, 3435)	' researchers'	7895
7835	(395, 1035)	' Mark'	7896
7836	(376, 148)	'孔'	7897
7837	(1009, 130)	'漂'	7898
7838	(5084, 4162)	' Muslim'	7899
7839	(960, 115)	'ords'	7900
7840	(294, 269)	' hat'	7901
7841	(395, 273)	' Mor'	7902
7842	(917, 3105)	' princ'	7903
7843	(6931, 5083)	' Council'	7904
7844	(3264, 115)	' winds'	7905
7845	(5838, 792)	b'\xc6\xb0\xe1\xbb'	7906
7846	(464, 1645)	'rief'	7907
7847	(2330, 128)	'門'	7908
7848	(417, 147)	'術'	7909
7849	(161, 553)	b'\xa1\xe1\x80'	7910
7850	(1169, 2972)	'лар'	7911
7851	(583, 187)	'阻'	7912
7852	(1013, 167)	'ට'	7913
7853	(777, 1197)	'如今'	7914
7854	(435, 1768)	'2016'	7915
7855	(621, 1300)	'分布'	7916
7856	(82, 73)	'RI'	7917
7857	(1007, 375)	' Vir'	7918
7858	(2088, 1162)	' winning'	7919
7859	(435, 1920)	'2017'	7920
7860	(291, 1081)	'arian'	7921
7861	(372, 351)	' hero'	7922
7862	(80, 67)	'PC'	7923
7863	(2269, 931)	' France'	7924
7864	(1694, 190)	'腾'	7925
7865	(759, 176)	' र'	7926
7866	(286, 7095)	' mechan'	7927
7867	(1913, 632)	'办公'	7928
7868	(531, 115)	'ours'	7929
7869	(1332, 144)	'ነ'	7930
7870	(4055, 3053)	'刺激'	7931
7871	(3888, 282)	' hoping'	7932
7872	(317, 171)	'迫'	7933
7873	(4760, 392)	' Smith'	7934
7874	(593, 3000)	' traff'	7935
7875	(1190, 687)	" shouldn't"	7936
7876	(724, 545)	'开出'	7937
7877	(418, 269)	' rat'	7938
7878	(377, 181)	'व'	7939
7879	(437, 1792)	'agement'	7940
7880	(395, 290)	' Mal'	7941
7881	(3688, 134)	' چ'	7942
7882	(340, 140)	'\u200c'	7943
7883	(2885, 846)	' по'	7944
7884	(1425, 895)	'每次'	7945
7885	(725, 115)	' Us'	7946
7886	(4460, 1697)	' negative'	7947
7887	(813, 161)	'坡'	7948
7888	(622, 5501)	'发挥'	7949
7889	(478, 357)	' shut'	7950
7890	(307, 189)	'兽'	7951
7891	(1201, 2100)	'安排'	7952
7892	(6082, 873)	' purpose'	7953
7893	(1428, 110)	'ən'	7954
7894	(645, 2119)	' sports'	7955
7895	(292, 6258)	' daughter'	7956
7896	(2347, 136)	'ገ'	7957
7897	(3789, 1280)	'旅游'	7958
7898	(812, 185)	'ਹ'	7959
7899	(369, 99)	' Ac'	7960
7900	(1126, 1397)	'南京'	7961
7901	(1046, 679)	' twice'	7962
7902	(401, 109)	'term'	7963
7903	(1174, 280)	'基金的'	7964
7904	(286, 4802)	' mental'	7965
7905	(657, 173)	' ح'	7966
7906	(453, 3770)	'上映'	7967
7907	(294, 4705)	' hurt'	7968
7908	(475, 161)	'贡'	7969
7909	(1784, 271)	' instit'	7970
7910	(2057, 5164)	'死亡'	7971
7911	(2477, 2865)	'ার'	7972
7912	(542, 7309)	' album'	7973
7913	(2491, 305)	' basic'	7974
7914	(2419, 3021)	' learned'	7975
7915	(5794, 319)	' achieve'	7976
7916	(537, 2291)	' device'	7977
7917	(55, 50)	'72'	7978
7918	(420, 262)	' Bre'	7979
7919	(590, 277)	'arden'	7980
7920	(2855, 477)	'ength'	7981
7921	(620, 267)	' Jer'	7982
7922	(4285, 121)	' copy'	7983
7923	(45, 103)	'-g'	7984
7924	(1862, 943)	'居民'	7985
7925	(2354, 444)	' officers'	7986
7926	(1453, 643)	'州市'	7987
7927	(393, 136)	'奈'	7988
7928	(304, 170)	'仪'	7989
7929	(3827, 149)	'燕'	7990
7930	(586, 999)	'对此'	7991
7931	(357, 121)	'uty'	7992
7932	(2577, 2577)	'谢谢'	7993
7933	(496, 184)	'陸'	7994
7934	(327, 351)	'etro'	7995
7935	(378, 386)	'有了'	7996
7936	(503, 721)	' Rich'	7997
7937	(216, 186)	'غ'	7999
7938	(2139, 141)	' э'	8000
7939	(2238, 1162)	' planning'	8001
7940	(422, 154)	'赚'	8002
7941	(3111, 6355)	'的一个市镇'	8003
7942	(4721, 3555)	'训练'	8004
7943	(783, 941)	' click'	8005
7944	(2433, 675)	'黄金'	8006
7945	(4034, 6387)	'的一個市鎮'	8007
7946	(292, 773)	' dry'	8008
7947	(1747, 1811)	'热火'	8009
7948	(1449, 264)	'azon'	8010
7949	(582, 563)	'就能'	8011
7950	(915, 134)	'胆'	8012
7951	(6337, 1466)	'汽车'	8013
7952	(533, 174)	'浮'	8014
7953	(69, 79)	'EO'	8015
7954	(271, 122)	'itz'	8016
7955	(3148, 267)	' manager'	8017
7956	(55, 52)	'74'	8018
7957	(1620, 4838)	'清楚'	8019
7958	(379, 348)	' Cam'	8020
7959	(4784, 97)	' Africa'	8021
7960	(3167, 191)	'鹿'	8022
7961	(518, 400)	' vill'	8023
7962	(263, 272)	' san'	8024
7963	(1816, 2109)	' realize'	8025
7964	(1854, 7025)	' confirmed'	8026
7965	(1357, 643)	'股市'	8027
7966	(2426, 2520)	'涨幅'	8028
7967	(602, 1099)	'也可以'	8029
7968	(660, 398)	'高中'	8030
7969	(71, 111)	'Go'	8031
7970	(1152, 2638)	' buying'	8032
7971	(741, 3462)	'面临'	8033
7972	(385, 132)	'径'	8034
7973	(1096, 1236)	'感受'	8035
7974	(116, 105)	'ti'	8036
7975	(1476, 3824)	'四川'	8037
7976	(1425, 421)	'每年'	8038
7977	(3091, 282)	'ipping'	8039
7978	(1805, 5713)	' terrible'	8040
7979	(988, 98)	' amb'	8041
7980	(4480, 2963)	' professional'	8042
7981	(292, 904)	' dire'	8043
7982	(4545, 869)	'促进'	8044
7983	(5755, 1056)	'植物'	8045
7984	(3642, 5325)	'電視'	8046
7985	(961, 4776)	' display'	8047
7986	(2299, 288)	' passed'	8048
7987	(280, 1607)	'的时间'	8049
7988	(4381, 6248)	'俄罗斯'	8050
7989	(453, 386)	'上了'	8051
7990	(453, 3288)	'上午'	8052
7991	(45, 65)	'-A'	8053
7992	(847, 103)	'berg'	8054
7993	(2491, 278)	' basis'	8055
7994	(216, 181)	'ص'	8056
7995	(72, 65)	'HA'	8057
7996	(2111, 2438)	' central'	8058
7997	(275, 1501)	' cities'	8059
7998	(1038, 271)	'ruit'	8060
7999	(1337, 651)	'使得'	8061
8000	(3627, 1491)	'赔率'	8062
8001	(503, 2062)	' Read'	8063
8002	(3338, 3338)	'妈妈'	8064
8003	(1438, 168)	'ान'	8065
8004	(1197, 561)	'今日'	8066
8005	(365, 170)	'绪'	8067
8006	(623, 151)	'ท'	8068
8007	(1696, 563)	'技能'	8069
8008	(1366, 691)	' remind'	8070
8009	(1457, 601)	'encies'	8071
8010	(647, 4759)	' leaving'	8072
8011	(869, 2887)	'进攻'	8073
8012	(2641, 5183)	'减肥'	8074
8013	(2756, 4401)	'兴趣'	8075
8014	(352, 79)	' TO'	8076
8015	(2272, 282)	' opening'	8077
8016	(603, 137)	'辉'	8078
8017	(1263, 437)	' flag'	8079
8018	(1174, 4375)	'基金经理'	8080
8019	(3075, 1268)	'铁路'	8081
8020	(361, 166)	'详'	8082
8021	(347, 156)	'甜'	8083
8022	(1358, 137)	'誉'	8084
8023	(2635, 309)	' controll'	8085
8024	(4579, 2535)	' surprised'	8087
8025	(1240, 4082)	'战斗'	8088
8026	(1817, 160)	' አ'	8089
8027	(12059, 1961)	'恢复'	8090
8028	(582, 661)	'就业'	8091
8029	(1040, 173)	'灭'	8092
8030	(3250, 2373)	'父亲'	8093
8031	(898, 291)	' Star'	8094
8032	(1814, 146)	'を'	8095
8033	(371, 1010)	' stress'	8096
8034	(671, 866)	'现实'	8097
8035	(332, 136)	'戈'	8098
8036	(294, 424)	' hol'	8099
8037	(917, 3393)	' prison'	8100
8038	(1478, 322)	' supply'	8101
8039	(1096, 922)	'感情'	8102
8040	(510, 159)	'拟'	8103
8041	(420, 505)	' Bel'	8104
8042	(286, 267)	' mer'	8105
8043	(646, 1802)	'ав'	8106
8044	(3593, 1569)	'净值'	8107
8045	(1161, 820)	'信心'	8108
8046	(466, 305)	'estic'	8109
8047	(947, 736)	'西部'	8110
8048	(2987, 3475)	'似乎'	8111
8049	(216, 183)	'ط'	8112
8050	(5335, 829)	' associated'	8113
8051	(3816, 494)	' starts'	8114
8052	(379, 579)	' Cap'	8115
8053	(1237, 625)	'给你'	8116
8054	(6934, 1363)	' integr'	8117
8055	(1038, 859)	'rupt'	8118
8056	(840, 155)	'際'	8119
8057	(4396, 115)	' drugs'	8120
8058	(1666, 5859)	' surface'	8121
8059	(1117, 1019)	'报价'	8122
8060	(1946, 115)	' seconds'	8123
8061	(915, 128)	'胀'	8124
8062	(1373, 504)	' assess'	8125
8063	(117, 282)	'uing'	8126
8064	(2323, 591)	' investment'	8127
8065	(1043, 39)	" i'"	8128
8066	(12025, 6810)	' challenge'	8129
8067	(750, 159)	'ட'	8130
8068	(377, 166)	'द'	8131
8069	(106, 101)	'je'	8132
8070	(1064, 280)	'化的'	8133
8071	(645, 108)	' spl'	8134
8072	(2363, 1351)	' annual'	8135
8073	(912, 2338)	'利益'	8136
8074	(4417, 3478)	'避免'	8137
8075	(2124, 112)	' trip'	8138
8076	(1013, 189)	'ල'	8139
8077	(1542, 1172)	'反应'	8140
8078	(281, 546)	' fant'	8141
8079	(1327, 6371)	' crowd'	8142
8080	(903, 491)	' contain'	8143
8081	(1635, 1813)	'装备'	8144
8082	(2621, 305)	'ronic'	8145
8083	(284, 470)	' pus'	8146
8084	(67, 264)	'Con'	8147
8085	(2313, 115)	' laws'	8148
8086	(537, 121)	' dey'	8149
8087	(2152, 182)	'瓶'	8150
8088	(4232, 305)	' critic'	8151
8089	(7396, 6573)	' husband'	8152
8090	(111, 122)	'oz'	8153
8091	(4246, 115)	' individuals'	8154
8092	(53, 57)	'59'	8155
8093	(5779, 1611)	'纽约'	8156
8094	(1766, 1463)	'领先'	8157
8095	(418, 1335)	' rise'	8158
8096	(1309, 479)	' expand'	8159
8097	(925, 147)	'ී'	8160
8098	(284, 6576)	' psych'	8161
8099	(1416, 282)	' showing'	8162
8100	(850, 5926)	'所谓'	8163
8101	(1952, 167)	'慧'	8164
8102	(3035, 621)	'充分'	8165
8103	(534, 1114)	' Law'	8166
8104	(1493, 1044)	" You're"	8167
8105	(1975, 116)	' Art'	8168
8106	(1288, 1612)	' useful'	8169
8107	(358, 3519)	'semb'	8170
8108	(1495, 115)	'hens'	8171
8109	(512, 278)	'osis'	8172
8110	(110, 104)	'nh'	8173
8111	(1362, 288)	'lied'	8174
8112	(957, 129)	'锁'	8175
8113	(658, 2134)	'方便'	8176
8114	(702, 544)	'看来'	8177
8115	(437, 267)	'ager'	8178
8116	(359, 98)	'imb'	8180
8117	(485, 5430)	' journal'	8181
8118	(276, 1385)	' burn'	8182
8119	(1091, 453)	'身上'	8183
8120	(755, 139)	'ላ'	8184
8121	(276, 2097)	' bird'	8185
8122	(46, 67)	'.C'	8186
8123	(259, 401)	'inter'	8187
8124	(2773, 1326)	'债务'	8188
8125	(1215, 282)	' evening'	8189
8126	(1722, 398)	'集中'	8191
8127	(1200, 1767)	'ند'	8192
8128	(280, 370)	'的不'	8193
8129	(2054, 1913)	'怎么办'	8194
8130	(1264, 544)	'原来'	8195
8131	(275, 998)	' cook'	8196
8132	(3262, 2826)	'酒店'	8197
8133	(1053, 183)	'喷'	8198
8134	(499, 4945)	' projects'	8199
8135	(1948, 646)	'га'	8200
8136	(371, 408)	' station'	8201
8137	(5392, 4779)	' software'	8202
8138	(876, 771)	'合同'	8203
8139	(484, 272)	'uman'	8204
8140	(845, 444)	' offers'	8205
8141	(422, 143)	'赏'	8206
8142	(503, 2586)	' Road'	8207
8143	(471, 798)	'ctions'	8208
8144	(395, 1220)	' Miss'	8209
8145	(798, 2225)	'ionship'	8210
8146	(782, 183)	'爷'	8211
8147	(902, 1131)	'体系'	8212
8148	(2893, 3226)	' Photo'	8213
8149	(6566, 6487)	' tomorrow'	8214
8150	(1294, 1592)	'院校'	8215
8151	(3502, 1081)	' Christian'	8216
8152	(1265, 561)	'近日'	8217
8153	(2265, 1115)	' factors'	8218
8154	(1631, 149)	' ক'	8219
8155	(6198, 133)	'★'	8220
8156	(217, 190)	'پ'	8221
8157	(62, 62)	'>>'	8222
8158	(1980, 180)	' ප'	8223
8159	(7128, 1235)	' platform'	8224
8160	(268, 271)	' wit'	8225
8161	(492, 186)	'臺'	8226
8162	(275, 101)	' ce'	8227
8163	(645, 5709)	' spokes'	8228
8164	(310, 104)	' nh'	8229
8165	(733, 178)	'ల'	8230
8166	(1221, 2824)	'知识'	8231
8167	(1835, 937)	' Brown'	8232
8168	(2591, 374)	" There's"	8233
8169	(1568, 170)	'溪'	8234
8170	(269, 111)	'ato'	8235
8171	(1793, 267)	' enter'	8236
8172	(4065, 271)	' benefit'	8237
8173	(2640, 1402)	' pattern'	8238
8174	(284, 1518)	' pair'	8239
8175	(1803, 141)	'龍'	8240
8176	(263, 463)	' sust'	8241
8177	(4123, 3149)	' materials'	8242
8178	(1867, 1865)	' reflect'	8243
8179	(1750, 985)	'社区'	8244
8180	(2518, 477)	' fourth'	8245
8181	(3928, 4219)	'犯罪'	8247
8182	(1654, 2169)	'形象'	8248
8183	(377, 154)	'च'	8249
8184	(759, 166)	' द'	8250
8185	(774, 280)	'者的'	8251
8186	(702, 386)	'看了'	8252
8187	(4636, 413)	'扩大'	8253
8188	(1302, 1192)	'山东'	8254
8189	(748, 277)	' Ken'	8255
8190	(45, 862)	'-10'	8256
8191	(2474, 2110)	' solution'	8257
8192	(378, 831)	'有一个'	8258
8193	(5408, 288)	' alleged'	8259
8194	(1601, 318)	' subst'	8260
8195	(633, 184)	'炸'	8261
8196	(53, 56)	'58'	8262
8197	(2173, 401)	' letter'	8263
8198	(458, 187)	'彻'	8264
8199	(517, 189)	'忽'	8265
8200	(1401, 4794)	' download'	8266
8201	(1327, 359)	' crim'	8267
8202	(440, 185)	'匹'	8268
8203	(273, 1800)	'orters'	8269
8204	(644, 160)	'渠'	8270
8205	(3675, 2371)	'永远'	8271
8206	(1516, 681)	'费用'	8272
8207	(420, 4080)	' BBC'	8273
8208	(660, 1592)	'高校'	8274
8209	(2662, 1440)	'简称'	8275
8210	(3397, 1616)	'航空'	8276
8211	(472, 1645)	' Def'	8277
8212	(2887, 2314)	'攻击'	8278
8213	(294, 443)	' hun'	8279
8214	(1599, 327)	' diet'	8280
8215	(2768, 2373)	'母亲'	8281
8216	(481, 97)	'aba'	8282
8217	(978, 1432)	'女士'	8283
8218	(73, 2728)	'ION'	8284
8219	(620, 6307)	' Jesus'	8285
8220	(5978, 2866)	' senior'	8286
8221	(3088, 325)	' promot'	8287
8222	(896, 5834)	' perhaps'	8288
8223	(391, 117)	'uru'	8289
8224	(305, 737)	'icip'	8290
8225	(114, 678)	'round'	8291
8226	(552, 1586)	'istics'	8292
8227	(6313, 3885)	' thousands'	8293
8228	(1485, 769)	'ди'	8294
8229	(4504, 131)	' ස'	8295
8230	(2130, 408)	' location'	8296
8231	(498, 185)	'闹'	8297
8232	(903, 5113)	' contribut'	8298
8233	(407, 288)	'iled'	8299
8234	(924, 1992)	'明确'	8300
8235	(312, 130)	'昂'	8301
8236	(337, 152)	'尘'	8302
8237	(395, 269)	' Mat'	8303
8238	(2899, 1669)	'衣服'	8304
8239	(6187, 12061)	'中華人民共和國'	8305
8240	(52, 49)	'41'	8306
8241	(935, 549)	' income'	8307
8242	(292, 267)	' der'	8308
8243	(6309, 3129)	' episode'	8309
8244	(263, 941)	' sick'	8310
8245	(822, 177)	'箱'	8311
8246	(76, 67)	'LC'	8312
8247	(1070, 166)	'て'	8313
8248	(718, 164)	'汤'	8314
8249	(1144, 558)	' 500'	8315
8250	(759, 156)	' ज'	8316
8251	(812, 184)	'ਸ'	8317
8252	(110, 334)	'now'	8318
8253	(2368, 938)	'ын'	8319
8254	(3580, 2535)	' raised'	8320
8255	(6826, 2306)	' determin'	8321
8256	(286, 2227)	' mouth'	8322
8257	(384, 173)	'杭'	8323
8258	(195, 186)	'ú'	8324
8259	(310, 7189)	' nuclear'	8325
8260	(2698, 740)	'-time'	8326
8261	(1643, 625)	'如果你'	8327
8262	(410, 108)	'cel'	8328
8263	(1854, 3651)	' conference'	8329
8264	(3908, 1572)	' excited'	8330
8265	(2295, 3143)	'策略'	8331
8266	(284, 1035)	' park'	8332
8267	(946, 552)	' resist'	8333
8268	(1356, 56)	' 198'	8334
8269	(968, 143)	'柏'	8335
8270	(548, 112)	'resp'	8336
8271	(284, 273)	' por'	8337
8272	(391, 97)	'ura'	8338
8273	(478, 2174)	' shared'	8339
8274	(915, 158)	'胞'	8340
8275	(654, 687)	" hasn't"	8341
8276	(772, 181)	'વ'	8342
8277	(1123, 131)	'桃'	8343
8278	(2432, 381)	'湖人'	8344
8279	(864, 155)	'涛'	8345
8280	(793, 890)	' impl'	8346
8281	(582, 373)	'就在'	8347
8282	(76, 101)	'Le'	8348
8283	(420, 364)	' Big'	8349
8284	(462, 2412)	' Who'	8350
8285	(377, 151)	'ग'	8351
8286	(2354, 267)	' officer'	8352
8287	(1175, 532)	'回家'	8353
8288	(2061, 3003)	' کے'	8354
8289	(943, 677)	'民主'	8355
8290	(500, 5912)	' Niger'	8356
8291	(976, 3311)	' scored'	8357
8292	(1578, 115)	' posts'	8358
8293	(110, 115)	'ns'	8359
8294	(265, 2556)	' therap'	8360
8295	(1629, 2110)	'ribution'	8361
8296	(2953, 335)	' Play'	8362
8297	(419, 151)	'盗'	8363
8298	(343, 282)	'acing'	8364
8299	(5256, 318)	'underst'	8365
8300	(118, 2349)	'vision'	8366
8301	(567, 288)	'aked'	8367
8302	(1857, 12064)	' characters'	8368
8303	(783, 325)	' clot'	8369
8304	(583, 133)	'阅'	8370
8305	(2841, 280)	'岁的'	8371
8306	(1435, 190)	'疾'	8372
8307	(281, 400)	' fill'	8373
8308	(6755, 322)	'Partly'	8374
8309	(1573, 1916)	' minute'	8375
8310	(4407, 381)	'负责人'	8376
8311	(1435, 188)	'疼'	8377
8312	(844, 1205)	'力量'	8378
8313	(1158, 53)	'2005'	8379
8314	(750, 169)	'ன'	8380
8315	(1555, 267)	' greater'	8381
8316	(1915, 155)	'猛'	8382
8317	(2272, 288)	' opened'	8383
8318	(301, 305)	' lic'	8384
8319	(423, 1214)	' waste'	8385
8320	(2801, 1602)	'细节'	8386
8321	(395, 407)	' Mil'	8387
8322	(370, 681)	'不用'	8388
8323	(730, 139)	'谋'	8389
8324	(637, 424)	'ocol'	8390
8325	(370, 1341)	'不管'	8391
8326	(6898, 486)	'ropriate'	8392
8327	(4238, 288)	' failed'	8393
8328	(12015, 512)	' videos'	8394
8329	(7652, 4084)	' symptoms'	8395
8330	(294, 974)	' hang'	8396
8331	(544, 539)	'来到'	8397
8332	(280, 954)	'的特'	8398
8333	(5151, 2067)	' General'	8400
8334	(1289, 1451)	'强调'	8401
8335	(5974, 927)	' mobile'	8402
8336	(12060, 180)	'鉴'	8403
8337	(472, 97)	' Da'	8404
8338	(463, 114)	'ustr'	8405
8339	(692, 1091)	'本身'	8406
8340	(2258, 278)	' legis'	8407
8341	(45, 67)	'-C'	8408
8342	(356, 2262)	' forces'	8409
8343	(1127, 190)	'链'	8410
8344	(2279, 2113)	' larger'	8411
8345	(557, 118)	' Ev'	8412
8346	(628, 153)	'妙'	8413
8347	(666, 142)	'郎'	8414
8348	(7221, 3127)	'葡萄牙'	8415
8349	(65, 109)	'Am'	8416
8350	(263, 2356)	' section'	8417
8351	(812, 130)	'ਂ'	8418
8352	(12042, 2866)	' behavior'	8419
8353	(413, 1427)	'大型'	8420
8354	(2042, 130)	'魂'	8421
8355	(976, 277)	' scen'	8422
8356	(724, 820)	'开心'	8423
8357	(667, 280)	'过的'	8424
8358	(668, 184)	'書'	8425
8359	(105, 408)	'iation'	8426
8360	(362, 290)	' Sal'	8427
8361	(3469, 414)	' trend'	8428
8362	(623, 176)	'ะ'	8429
8363	(1558, 619)	'组成'	8430
8364	(1573, 273)	' minor'	8431
8365	(503, 1045)	' Rob'	8432
8366	(12018, 6963)	' highest'	8433
8367	(783, 2423)	' closed'	8434
8368	(1730, 2987)	'类似'	8435
8369	(670, 1459)	'好像'	8436
8370	(534, 270)	' Lou'	8437
8371	(594, 922)	'行情'	8438
8372	(2472, 277)	' listen'	8439
8373	(1720, 749)	' Trans'	8440
8374	(2336, 368)	' driver'	8441
8375	(4782, 2249)	' digital'	8442
8376	(6306, 1995)	'迅速'	8443
8377	(286, 300)	' mas'	8444
8378	(339, 672)	'一场'	8445
8379	(345, 104)	'adh'	8446
8380	(256, 964)	' tree'	8447
8381	(2425, 282)	' telling'	8448
8382	(2490, 2490)	'刚刚'	8449
8383	(66, 114)	'Br'	8450
8384	(953, 674)	'当前'	8451
8385	(1690, 282)	' finding'	8452
8386	(1816, 574)	' reality'	8453
8387	(1261, 181)	'ድ'	8454
8388	(1595, 1374)	'超级'	8455
8389	(5283, 971)	' primary'	8456
8390	(5447, 3768)	' camera'	8457
8391	(57, 56)	'98'	8458
8392	(503, 69)	' RE'	8459
8393	(557, 85)	' EU'	8460
8394	(395, 117)	' Mu'	8461
8395	(620, 2945)	' Jones'	8462
8396	(1850, 374)	"What's"	8463
8397	(1096, 539)	'感到'	8464
8398	(393, 139)	'奋'	8465
8399	(83, 80)	'SP'	8466
8400	(532, 863)	'家长'	8467
8401	(55, 51)	'73'	8468
8402	(1244, 1581)	'总统'	8469
8403	(1910, 12065)	'双色球'	8470
8404	(341, 143)	'乏'	8471
8405	(3349, 3861)	' traditional'	8472
8406	(3615, 115)	' claims'	8473
8407	(5573, 5945)	'陶瓷'	8474
8408	(547, 181)	'創'	8475
8409	(2375, 282)	' killing'	8476
8410	(696, 168)	'轨'	8477
8411	(1009, 162)	'漢'	8478
8412	(3014, 408)	'ervation'	8479
8413	(294, 121)	' hy'	8480
8414	(603, 136)	'辈'	8481
8415	(622, 923)	'发表'	8482
8416	(537, 315)	' dele'	8483
8417	(614, 175)	'振'	8484
8418	(2189, 1102)	'团队'	8485
8419	(1193, 1330)	'二十'	8486
8420	(442, 282)	' king'	8487
8421	(1852, 2642)	'亿美元'	8488
8422	(313, 84)	' IT'	8489
8423	(757, 439)	' adop'	8490
8424	(2526, 267)	' smaller'	8491
8425	(2495, 2976)	'轻松'	8492
8426	(2484, 505)	'annel'	8493
8427	(1233, 149)	'處'	8494
8428	(1912, 1912)	'!!!!'	8495
8429	(369, 2345)	' Add'	8496
8430	(894, 173)	'揭'	8497
8431	(545, 555)	'出生'	8498
8432	(692, 1156)	'本科'	8499
8433	(6497, 161)	'簡'	8500
8434	(3798, 1612)	' successful'	8501
8435	(196, 141)	'č'	8502
8436	(1313, 168)	' ਨ'	8503
8437	(12013, 2749)	' speech'	8504
8438	(708, 164)	'肤'	8505
8439	(561, 674)	'日前'	8506
8440	(320, 138)	'刊'	8507
8441	(286, 5425)	' micro'	8508
8442	(313, 114)	' Ir'	8509
8443	(65, 2345)	'Add'	8510
8444	(4881, 357)	'secut'	8511
8445	(1435, 175)	'疯'	8512
8446	(2088, 401)	' winter'	8513
8447	(1137, 187)	'添'	8514
8448	(509, 441)	' Fore'	8515
8449	(5064, 108)	' Charl'	8516
8450	(1685, 1072)	' finish'	8517
8451	(938, 846)	'но'	8518
8452	(6170, 553)	b'\xe1\x80\xbc\xe1\x80'	8519
8453	(860, 149)	'捕'	8520
8454	(2046, 3384)	' transport'	8521
8455	(677, 1967)	'主角'	8522
8456	(465, 2043)	' concept'	8523
8457	(1915, 156)	'猜'	8524
8458	(5033, 121)	' Germany'	8525
8459	(70, 67)	'FC'	8526
8460	(12038, 2673)	' obviously'	8527
8461	(310, 3023)	' narr'	8528
8462	(275, 300)	' cas'	8529
8463	(3181, 282)	' holding'	8530
8464	(422, 150)	'赖'	8531
8465	(115, 1286)	'sup'	8532
8466	(2185, 176)	'翰'	8533
8467	(111, 723)	'overy'	8534
8468	(420, 1287)	' Bank'	8535
8469	(711, 131)	'跃'	8536
8470	(1980, 154)	' ක'	8537
8471	(631, 1942)	' allows'	8538
8472	(498, 170)	'闪'	8539
8473	(378, 595)	'有多'	8540
8474	(1541, 316)	' Union'	8541
8475	(602, 2288)	'也许'	8542
8476	(3692, 4168)	'粉丝'	8543
8477	(3494, 1904)	'检查'	8544
8478	(337, 150)	'尖'	8545
8479	(2093, 1153)	'环保'	8546
8480	(275, 5668)	' caught'	8547
8481	(1364, 280)	'爱的'	8548
8482	(760, 334)	'ellow'	8549
8483	(263, 348)	' sam'	8550
8484	(3264, 334)	' window'	8551
8485	(1366, 4283)	' removed'	8552
8486	(1211, 288)	'icted'	8553
8487	(593, 5747)	' truth'	8554
8488	(80, 262)	'Pre'	8555
8489	(816, 191)	'稿'	8556
8490	(623, 149)	'ต'	8557
8491	(1477, 1325)	'图片'	8558
8492	(395, 611)	' Mod'	8559
8493	(84, 65)	'TA'	8560
8494	(1009, 143)	'漏'	8561
8495	(366, 109)	' um'	8562
8496	(751, 267)	' user'	8563
8497	(611, 335)	'oday'	8564
8498	(359, 97)	'ima'	8565
8499	(290, 1049)	'alty'	8566
8500	(12041, 1199)	' weapons'	8567
8501	(107, 272)	'kan'	8568
8502	(277, 97)	'ena'	8569
8503	(4214, 1124)	'估计'	8570
8504	(379, 315)	' Cle'	8571
8505	(2205, 565)	'必要'	8572
8506	(2444, 1108)	' در'	8573
8507	(910, 179)	'芳'	8574
8508	(1817, 168)	' ከ'	8575
8509	(293, 1746)	' toward'	8576
8510	(468, 102)	'ulf'	8577
8511	(1561, 601)	'ologies'	8578
8512	(563, 2116)	'能源'	8579
8513	(425, 186)	'寺'	8580
8514	(1959, 2113)	' bigger'	8581
8515	(1926, 786)	'哪里'	8582
8516	(155, 553)	b'\x9b\xe1\x80'	8583
8517	(292, 288)	' ded'	8584
8518	(624, 70)	' OF'	8585
8519	(1610, 280)	'现在的'	8586
8520	(4940, 2944)	' watched'	8587
8521	(950, 1502)	'ек'	8588
8522	(108, 364)	'lig'	8589
8523	(1180, 1047)	'投入'	8590
8524	(1381, 378)	'共有'	8591
8525	(4383, 486)	' update'	8592
8526	(2055, 5229)	'普遍'	8593
8527	(2322, 3473)	' launch'	8594
8528	(632, 1381)	'公共'	8595
8529	(568, 110)	'Then'	8596
8530	(454, 166)	'秦'	8597
8531	(842, 661)	'事业'	8598
8532	(646, 1227)	'ас'	8599
8533	(2800, 5830)	' broken'	8600
8534	(4784, 272)	' African'	8601
8535	(503, 2872)	' River'	8602
8536	(969, 3548)	' playoff'	8603
8537	(994, 1258)	' Champ'	8604
8538	(373, 1017)	'在中国'	8605
8539	(195, 164)	'ä'	8606
8540	(107, 259)	'kin'	8607
8541	(968, 148)	'柔'	8608
8542	(356, 2434)	' forced'	8609
8543	(4561, 572)	' massive'	8610
8544	(116, 601)	'ties'	8611
8545	(2747, 5208)	' stopped'	8612
8546	(432, 155)	'玛'	8613
8547	(292, 259)	' din'	8614
8548	(276, 945)	' breat'	8615
8549	(2347, 141)	'ግ'	8616
8550	(2269, 1278)	' Franc'	8617
8551	(2046, 3809)	' transfer'	8618
8552	(6785, 4508)	'兄弟'	8620
8553	(39, 110)	"'n"	8621
8554	(195, 162)	'â'	8622
8555	(53, 54)	'56'	8623
8556	(107, 327)	'ket'	8624
8557	(1296, 130)	'脂'	8625
8558	(117, 389)	'uke'	8626
8559	(317, 136)	'迈'	8627
8560	(1056, 797)	'物理'	8628
8561	(119, 466)	'west'	8629
8562	(624, 391)	' Our'	8630
8563	(280, 2630)	'的重要'	8631
8564	(2387, 4852)	' restaur'	8632
8565	(1729, 4775)	' strateg'	8633
8566	(6869, 1020)	'elligence'	8634
8567	(901, 5877)	' otherwise'	8635
8568	(1299, 1265)	'接近'	8636
8569	(336, 103)	' beg'	8637
8570	(305, 258)	'iche'	8638
8571	(804, 170)	'番'	8639
8572	(404, 2835)	' wearing'	8640
8573	(72, 68)	'HD'	8641
8574	(1263, 4413)	' floor'	8642
8575	(1435, 134)	'疆'	8643
8576	(542, 7504)	' alcohol'	8644
8577	(2928, 1400)	'稱為'	8645
8578	(662, 1363)	' upgr'	8646
8579	(4670, 3676)	'運動'	8647
8580	(3389, 443)	' Commun'	8648
8581	(382, 141)	'伍'	8649
8582	(82, 65)	'RA'	8650
8583	(979, 1014)	'英文'	8651
8584	(100, 121)	'dy'	8652
8585	(1123, 182)	'桶'	8653
8586	(490, 97)	' sea'	8654
8587	(2823, 960)	' afford'	8655
8588	(2470, 327)	' street'	8656
8589	(4571, 1600)	' responsible'	8657
8590	(433, 1326)	'国务'	8658
8591	(474, 183)	'歷'	8659
8592	(4951, 1112)	' religious'	8660
8593	(2383, 157)	' ዝ'	8661
8594	(838, 150)	'聖'	8662
8595	(753, 693)	'小说'	8663
8596	(285, 143)	'亏'	8664
8597	(660, 893)	'高度'	8665
8598	(1867, 3651)	' reference'	8666
8599	(117, 1058)	'uild'	8667
8600	(326, 185)	'吹'	8668
8601	(3044, 3585)	' organization'	8669
8602	(5377, 566)	' tonight'	8670
8603	(946, 5715)	' residents'	8671
8604	(271, 99)	'itc'	8672
8605	(1098, 282)	'oving'	8673
8606	(1368, 7287)	' considering'	8674
8607	(6107, 683)	' machine'	8675
8608	(109, 327)	'met'	8676
8609	(107, 267)	'ker'	8677
8610	(320, 165)	'別'	8678
8611	(1147, 608)	'至于'	8679
8612	(1073, 4851)	' partners'	8680
8613	(1013, 175)	'ද'	8681
8614	(1235, 408)	'formation'	8682
8615	(104, 1883)	'house'	8683
8616	(1373, 4045)	' assume'	8684
8617	(1080, 189)	'製'	8685
8618	(102, 3651)	'ference'	8686
8619	(2152, 156)	'瓜'	8687
8620	(2446, 283)	' sites'	8688
8621	(2035, 288)	' seemed'	8689
8622	(718, 161)	'污'	8690
8623	(5800, 288)	' arrested'	8691
8624	(633, 146)	'炒'	8692
8625	(510, 147)	'拓'	8693
8626	(739, 373)	'而在'	8694
8627	(3631, 271)	' limit'	8695
8628	(370, 1018)	'不起'	8696
8629	(280, 398)	'的中'	8697
8630	(1649, 115)	' lots'	8698
8631	(1867, 267)	' refer'	8699
8632	(4732, 6558)	' destroy'	8700
8633	(943, 2337)	'民警'	8701
8634	(1654, 1657)	'形势'	8702
8635	(352, 308)	' Tom'	8703
8636	(513, 159)	'沟'	8704
8637	(2124, 290)	' trial'	8705
8638	(1075, 12062)	' afternoon'	8706
8639	(1178, 1741)	'色彩'	8707
8640	(276, 3473)	' bunch'	8708
8641	(917, 2016)	' prote'	8709
8642	(108, 111)	'lo'	8710
8643	(978, 707)	'女子'	8711
8644	(573, 6029)	' plenty'	8712
8645	(891, 271)	' unit'	8713
8646	(305, 829)	'icated'	8714
8647	(2748, 2069)	'状况'	8715
8648	(1147, 1197)	'至今'	8716
8649	(317, 159)	'迟'	8717
8650	(1943, 386)	'进行了'	8718
8651	(278, 97)	'isa'	8719
8652	(561, 973)	'日电'	8720
8653	(2034, 282)	' keeping'	8721
8654	(409, 144)	'耐'	8722
8655	(1313, 181)	' ਵ'	8723
8656	(333, 370)	'是不'	8724
8657	(371, 5625)	' structure'	8725
8658	(3386, 280)	'更多的'	8726
8659	(420, 391)	' Bur'	8727
8660	(767, 114)	' arr'	8728
8661	(407, 282)	'iling'	8729
8662	(2681, 374)	" Trump's"	8730
8663	(2757, 136)	'иш'	8731
8664	(1148, 163)	'ባ'	8732
8665	(942, 1132)	'资格'	8733
8666	(706, 563)	'还能'	8734
8667	(1014, 4019)	'文章'	8735
8668	(435, 1919)	'2013'	8736
8669	(2117, 2356)	' collection'	8737
8670	(623, 154)	'บ'	8738
8671	(3145, 271)	' constit'	8739
8672	(4832, 2445)	' variety'	8741
8673	(510, 134)	'拆'	8742
8674	(456, 1583)	' Have'	8743
8675	(617, 179)	' г'	8744
8676	(281, 4576)	' fuel'	8745
8677	(5942, 68)	' AND'	8746
8678	(2242, 595)	'众多'	8747
8679	(481, 98)	'abb'	8748
8680	(512, 726)	'osure'	8749
8681	(3682, 288)	' freed'	8750
8682	(2631, 1076)	'千万'	8751
8683	(1055, 172)	'萬'	8752
8684	(925, 144)	'ැ'	8753
8685	(286, 357)	' mut'	8754
8686	(6153, 408)	' conversation'	8755
8687	(2348, 1501)	' communities'	8756
8688	(608, 333)	'于是'	8757
8689	(4134, 290)	' animal'	8758
8690	(357, 444)	'uters'	8759
8691	(6466, 991)	' chemical'	8760
8692	(273, 3402)	'orney'	8761
8693	(816, 141)	'稍'	8762
8694	(1505, 170)	' પ'	8763
8695	(105, 300)	'ias'	8764
8696	(837, 608)	'将于'	8765
8697	(6643, 477)	' strength'	8766
8698	(3794, 115)	' appears'	8767
8699	(692, 1292)	'本周'	8768
8700	(1915, 170)	'猪'	8769
8701	(1348, 4320)	'联储'	8770
8702	(294, 391)	' hur'	8771
8703	(4823, 669)	' judge'	8772
8704	(76, 3319)	'LED'	8773
8705	(3762, 12063)	' yesterday'	8774
8706	(750, 179)	'ள'	8775
8707	(289, 99)	' anc'	8776
8708	(1857, 4206)	' charges'	8777
8709	(1153, 2548)	'保险'	8778
8710	(2584, 6908)	'习惯'	8779
8711	(48, 49)	'01'	8780
8712	(4274, 5306)	'逐渐'	8781
8713	(537, 12021)	' devices'	8782
8714	(4232, 991)	' critical'	8783
8715	(5263, 2137)	' murder'	8784
8716	(55, 49)	'71'	8785
8717	(657, 162)	' آ'	8786
8718	(333, 1017)	'是中国'	8787
8719	(612, 151)	'颗'	8788
8720	(429, 101)	' Pe'	8789
8721	(99, 282)	'cing'	8790
8722	(6548, 322)	' slightly'	8791
8723	(2175, 1752)	'楼盘'	8792
8724	(443, 97)	'una'	8793
8725	(425, 166)	'實'	8794
8726	(301, 300)	' las'	8796
8727	(6362, 486)	' appreciate'	8797
8728	(411, 132)	'弄'	8798
8729	(7472, 1081)	' Canadian'	8799
8730	(197, 190)	'ž'	8800
8731	(677, 803)	'主动'	8801
8732	(281, 290)	' fal'	8802
8733	(3903, 1274)	'ography'	8803
8734	(402, 164)	'凤'	8804
8735	(362, 391)	' Sur'	8805
8736	(496, 170)	'陪'	8806
8737	(1030, 1221)	'通知'	8807
8738	(1279, 635)	'她们'	8808
8739	(1967, 893)	'角度'	8809
8740	(2537, 1612)	' powerful'	8810
8741	(782, 189)	'爽'	8811
8742	(1684, 444)	' owners'	8812
8743	(327, 1214)	'ette'	8813
8744	(275, 1021)	' coin'	8814
8745	(48, 54)	'06'	8815
8746	(1542, 4170)	'反弹'	8816
8747	(1203, 1310)	' accident'	8817
8748	(513, 136)	'沈'	8818
8749	(3966, 5457)	' employees'	8819
8750	(490, 103)	' seg'	8820
8751	(556, 111)	' cho'	8821
8752	(801, 2014)	'元素'	8822
8753	(4504, 128)	' ව'	8823
8754	(12066, 5297)	' Florida'	8824
8755	(367, 171)	'劫'	8825
8756	(1590, 538)	'可能会'	8826
8757	(853, 280)	'定的'	8827
8758	(305, 683)	'icine'	8828
8759	(1116, 168)	'黨'	8829
8760	(1367, 282)	' helping'	8830
8761	(1097, 674)	'提前'	8831
8762	(45, 7902)	'-term'	8832
8763	(292, 941)	' dick'	8833
8764	(3058, 170)	'薪'	8834
8765	(1791, 1374)	'评级'	8835
8766	(517, 160)	'忠'	8836
8767	(373, 469)	'在这'	8837
8768	(1320, 329)	' decent'	8838
8769	(3522, 4119)	'毕竟'	8839
8770	(2096, 1126)	'河南'	8840
8771	(814, 161)	'無'	8841
8772	(72, 1583)	'Have'	8842
8773	(5010, 408)	' application'	8843
8774	(472, 272)	' Dan'	8844
8775	(73, 494)	'Its'	8845
8776	(1366, 970)	' remove'	8846
8777	(2594, 2673)	' previously'	8847
8778	(301, 283)	' les'	8848
8779	(2911, 132)	'을'	8849
8780	(632, 1723)	'公告'	8850
8781	(1109, 1343)	'并非'	8851
8782	(118, 278)	'vis'	8852
8783	(115, 283)	'ses'	8853
8784	(891, 99)	' unc'	8854
8785	(82, 715)	'Rep'	8855
8786	(5739, 486)	' separate'	8856
8787	(301, 5023)	' losing'	8857
8788	(1039, 150)	'糖'	8858
8789	(1694, 185)	'腹'	8859
8790	(290, 111)	'alo'	8860
8791	(2457, 110)	' earn'	8861
8792	(385, 158)	'從'	8862
8793	(404, 567)	' weak'	8863
8794	(2033, 288)	' signed'	8864
8795	(280, 1900)	'的发展'	8865
8796	(310, 683)	' nine'	8866
8797	(6133, 333)	'尤其是'	8867
8798	(1821, 876)	'配合'	8868
8799	(4625, 6058)	' George'	8869
8800	(284, 3102)	' push'	8870
8801	(1148, 178)	'ቲ'	8871
8802	(1941, 1104)	'决赛'	8872
8803	(472, 552)	' Dist'	8873
8804	(107, 1796)	'kins'	8874
8805	(267, 408)	'eration'	8875
8806	(1631, 172)	' ব'	8876
8807	(637, 765)	'ocial'	8877
8808	(1008, 1934)	'数字'	8878
8809	(1111, 452)	'让我'	8879
8810	(395, 437)	' Mag'	8880
8811	(1195, 280)	'做的'	8881
8812	(3787, 4511)	b'\xe1\x80\xb1\xe1\x80\xac\xe1\x80'	8882
8813	(351, 331)	'roid'	8883
8814	(2199, 97)	' za'	8884
8815	(2236, 2236)	'往往'	8885
8816	(1760, 168)	'茨'	8886
8817	(413, 1523)	'大奖'	8887
8818	(394, 808)	'ooper'	8888
8819	(2181, 381)	'很多人'	8889
8820	(256, 604)	' tough'	8890
8821	(54, 52)	'64'	8891
8822	(770, 3574)	' somewhere'	8892
8823	(1160, 190)	'驾'	8893
8824	(1221, 802)	'知名'	8894
8825	(3145, 5280)	' construction'	8895
8826	(690, 185)	'竹'	8896
8827	(3502, 5785)	' Christmas'	8897
8828	(2322, 443)	' laun'	8898
8829	(102, 114)	'fr'	8899
8830	(1237, 452)	'给我'	8900
8831	(1420, 651)	'变得'	8901
8832	(527, 170)	'泪'	8902
8833	(2211, 343)	' capac'	8903
8834	(342, 3562)	' onto'	8904
8835	(898, 114)	' Str'	8905
8836	(287, 2345)	' odd'	8906
8837	(300, 316)	'asion'	8907
8838	(2480, 1786)	'However'	8908
8839	(827, 1230)	' therefore'	8909
8840	(838, 183)	'職'	8910
8841	(2360, 144)	'結'	8911
8842	(534, 512)	' Los'	8912
8843	(6081, 1008)	'大多数'	8913
8844	(7609, 785)	' advantage'	8914
8845	(12045, 964)	' degree'	8915
8846	(2337, 3553)	'警察'	8916
8847	(2465, 470)	' status'	8917
8848	(509, 507)	' From'	8918
8849	(3044, 819)	' organiz'	8919
8850	(2008, 157)	b' \xec\x9d'	8920
8851	(280, 897)	'的外'	8921
8852	(178, 7093)	b'\xb2\xe1\x80\xb7'	8922
8853	(2607, 2430)	' Scott'	8923
8854	(2757, 143)	'ия'	8924
8855	(792, 153)	'ộ'	8925
8856	(496, 189)	'陽'	8926
8857	(45, 358)	'-se'	8927
8858	(5234, 613)	'的情况下'	8928
8859	(1116, 158)	'點'	8929
8860	(505, 683)	'eline'	8930
8861	(292, 4487)	' dream'	8931
8862	(3011, 2902)	'को'	8932
8863	(1523, 5403)	'奖励'	8933
8864	(1278, 258)	'anche'	8934
8865	(291, 546)	'arant'	8935
8866	(1301, 169)	'岩'	8936
8867	(54, 57)	'69'	8937
8868	(4125, 1501)	' authorities'	8938
8869	(2482, 3590)	' switch'	8939
8870	(3061, 1252)	'担任'	8940
8871	(696, 132)	'轄'	8941
8872	(915, 150)	'胖'	8942
8873	(285, 149)	'井'	8943
8874	(1656, 164)	'煤'	8944
8875	(76, 65)	'LA'	8945
8876	(1718, 185)	'犹'	8946
8877	(2484, 288)	'anned'	8947
8878	(1029, 7566)	' appeared'	8948
8879	(1315, 884)	'拉斯'	8949
8880	(759, 173)	' भ'	8950
8881	(706, 370)	'还不'	8951
8882	(2942, 140)	'貌'	8952
8883	(345, 282)	'ading'	8953
8884	(468, 486)	'ulate'	8954
8885	(2218, 1194)	'限制'	8955
8886	(530, 1528)	' lived'	8956
8887	(381, 555)	'人生'	8957
8888	(1228, 2569)	'记录'	8958
8889	(418, 334)	' row'	8959
8890	(328, 5404)	' reached'	8960
8891	(1012, 798)	' actions'	8961
8892	(364, 272)	'igan'	8962
8893	(1519, 129)	'ু'	8963
8894	(2175, 643)	'楼市'	8964
8895	(986, 2824)	'意识'	8965
8896	(540, 134)	'覆'	8966
8897	(577, 288)	'alled'	8967
8898	(978, 2148)	'女孩'	8968
8899	(581, 1477)	'地图'	8969
8900	(581, 4025)	'地震'	8970
8901	(2290, 1982)	'营销'	8971
8902	(89, 715)	'Yep'	8972
8903	(345, 288)	'aded'	8973
8904	(3389, 3667)	' Commission'	8974
8905	(1137, 152)	'淘'	8975
8906	(68, 67)	'DC'	8976
8907	(812, 188)	'਼'	8977
8908	(280, 2221)	'的主要'	8978
8909	(953, 421)	'当年'	8979
8910	(1070, 140)	'が'	8980
8911	(2061, 1121)	' کی'	8981
8912	(1799, 3438)	'工作人员'	8982
8913	(7272, 7242)	'詹姆斯'	8983
8914	(692, 3709)	'本赛季'	8984
8915	(456, 824)	' Here'	8985
8916	(292, 3954)	' draft'	8986
8917	(4128, 280)	'之间的'	8987
8918	(499, 4597)	' produced'	8988
8919	(1122, 2726)	' feature'	8989
8920	(2309, 282)	' happening'	8990
8921	(524, 280)	'时的'	8991
8922	(976, 114)	' scr'	8992
8923	(1599, 5855)	' diagn'	8993
8924	(2714, 777)	'例如'	8994
8925	(400, 97)	'illa'	8995
8926	(4196, 1438)	b'\xe0\xa5\x8d\xe0\xa4\xaf\xe0\xa4\xbe\xe0\xa4'	8996
8927	(73, 414)	'Ind'	8997
8928	(265, 1145)	' theory'	8998
8929	(2918, 1908)	'协议'	8999
8930	(567, 115)	'aks'	9000
8931	(424, 291)	'olar'	9001
8932	(5441, 322)	' honestly'	9002
8933	(280, 3877)	'的东西'	9003
8934	(1987, 2267)	'留学生'	9005
8935	(582, 1459)	'就像'	9006
8936	(790, 2784)	' agency'	9007
8937	(2496, 1024)	'摄影'	9008
8938	(280, 674)	'的前'	9009
8939	(6330, 842)	'董事'	9010
8940	(122, 277)	'zen'	9011
8941	(922, 8005)	'情绪'	9012
8942	(1106, 796)	' blog'	9013
8943	(1581, 339)	'统一'	9014
8944	(286, 345)	' mad'	9015
8945	(515, 185)	'纹'	9016
8946	(68, 83)	'DS'	9017
8947	(5042, 1715)	'困难'	9018
8948	(934, 3944)	'重庆'	9019
8949	(48, 55)	'07'	9020
8950	(3035, 2319)	'充满'	9021
8951	(1427, 280)	'型的'	9022
8952	(262, 283)	'rees'	9023
8953	(918, 771)	'相同'	9024
8954	(1420, 3432)	'变焦'	9025
8955	(602, 373)	'也在'	9026
8956	(435, 1560)	'2018'	9027
8957	(302, 131)	'參'	9028
8958	(886, 114)	'ibr'	9029
8959	(854, 173)	'袭'	9030
8960	(72, 278)	'His'	9031
8961	(280, 2654)	'的影响'	9032
8962	(2640, 1929)	' patient'	9033
8963	(46, 5400)	'.org'	9034
8964	(3854, 282)	' fighting'	9035
8965	(670, 670)	'好好'	9036
8966	(1825, 191)	'ế'	9037
8967	(783, 259)	' clin'	9038
8968	(797, 1647)	'理论'	9039
8969	(1327, 740)	' crime'	9040
8970	(546, 288)	'anted'	9041
8971	(2326, 928)	'食品'	9042
8972	(845, 2233)	' offered'	9043
8973	(1098, 283)	'oves'	9044
8974	(2180, 57)	' 2009'	9045
8975	(344, 2819)	" you'd"	9046
8976	(435, 1531)	'2015'	9047
8977	(404, 2510)	" we've"	9048
8978	(48, 51)	'03'	9049
8979	(788, 291)	' compar'	9050
8980	(545, 933)	'出去'	9051
8981	(46, 103)	'.g'	9052
8982	(2130, 829)	' located'	9054
8983	(65, 98)	'Ab'	9055
8984	(805, 949)	'机关'	9056
8985	(337, 136)	'專'	9057
8986	(396, 176)	'扰'	9058
8987	(210, 179)	'ҳ'	9059
8988	(2432, 1126)	'湖南'	9060
8989	(7908, 5672)	'贡献'	9061
8990	(2105, 282)	' developing'	9062
8991	(878, 878)	'等等'	9063
8992	(1180, 1441)	'投注'	9064
8993	(5738, 4118)	' College'	9065
8994	(115, 258)	'she'	9066
8995	(1228, 651)	'记得'	9067
8996	(2446, 1036)	' sitting'	9068
8997	(359, 290)	'imal'	9069
8998	(1857, 3077)	' charged'	9070
8999	(7857, 2886)	' Virgin'	9071
9000	(1270, 161)	'荡'	9072
9001	(311, 97)	' ga'	9073
9002	(830, 179)	'艳'	9074
9003	(2045, 271)	' edit'	9075
9004	(234, 176)	b'\xea\xb0'	9076
9005	(1415, 555)	'男生'	9077
9006	(339, 2133)	'一段'	9078
9007	(3037, 3261)	'数据显示'	9079
9008	(456, 577)	' Hall'	9080
9009	(1890, 5069)	'优惠'	9081
9010	(797, 2656)	'理财'	9082
9011	(452, 373)	'我在'	9083
9012	(1329, 1413)	'duction'	9084
9013	(311, 491)	' gain'	9085
9014	(281, 105)	' fi'	9086
9015	(1227, 1502)	'ск'	9087
9016	(477, 278)	'this'	9088
9017	(333, 2123)	'是日本'	9089
9018	(1091, 2122)	'身边'	9090
9019	(856, 50)	' 32'	9091
9020	(5753, 329)	'cellent'	9092
9021	(420, 400)	' Bill'	9093
9022	(759, 151)	' ग'	9094
9023	(385, 189)	'徽'	9095
9024	(659, 563)	'都能'	9096
9025	(393, 143)	'奏'	9097
9026	(263, 479)	' sand'	9098
9027	(632, 1268)	'公路'	9099
9028	(4127, 1145)	' victory'	9100
9029	(1159, 183)	'酷'	9101
9030	(1629, 1916)	'ribute'	9102
9031	(3910, 3736)	' argument'	9103
9032	(80, 4409)	'People'	9104
9033	(1021, 2220)	'ointed'	9105
9034	(668, 157)	'曝'	9106
9035	(1911, 101)	' mode'	9107
9036	(1446, 4814)	'程序'	9108
9037	(315, 1413)	'lection'	9109
9038	(2861, 130)	'ાં'	9110
9039	(305, 1112)	'icious'	9111
9040	(503, 1396)	' Rock'	9112
9041	(273, 401)	'orter'	9113
9042	(1319, 938)	'ун'	9114
9043	(2351, 1145)	' memory'	9115
9044	(264, 1094)	'onents'	9116
9045	(12032, 283)	' becomes'	9117
9046	(116, 109)	'tm'	9118
9047	(32, 1121)	' ی'	9119
9048	(1161, 681)	'信用'	9120
9049	(362, 97)	' Sa'	9121
9050	(898, 715)	' Step'	9122
9051	(1365, 1600)	'ossible'	9123
9052	(1278, 282)	'ancing'	9124
9053	(257, 3873)	' a.m'	9125
9054	(623, 170)	'ส'	9126
9055	(56, 558)	'800'	9127
9056	(820, 786)	'心里'	9128
9057	(1994, 629)	' frame'	9129
9058	(923, 1285)	'表演'	9130
9059	(7374, 4847)	' demonstr'	9131
9060	(3155, 1567)	'追求'	9132
9061	(462, 691)	' Wind'	9133
9062	(114, 604)	'rough'	9134
9063	(1169, 769)	'ли'	9135
9064	(1029, 322)	' apply'	9136
9065	(2590, 2872)	' deliver'	9137
9066	(346, 1552)	' it’s'	9138
9067	(354, 139)	'旋'	9139
9068	(2418, 1637)	' continues'	9140
9069	(692, 544)	'本来'	9141
9070	(6315, 592)	'works'	9142
9071	(657, 163)	' أ'	9143
9072	(2217, 1027)	'思想'	9144
9073	(78, 679)	'Nice'	9145
9074	(724, 1752)	'开盘'	9146
9075	(611, 100)	'odd'	9147
9076	(290, 109)	'alm'	9148
9077	(3900, 2356)	' connection'	9149
9078	(510, 150)	'拖'	9150
9079	(481, 327)	'abet'	9151
9080	(1651, 3895)	' Although'	9152
9081	(1273, 3555)	'教练'	9153
9082	(6786, 259)	'stein'	9154
9083	(778, 445)	' enem'	9155
9084	(1416, 444)	' showers'	9156
9085	(1753, 170)	'堪'	9157
9086	(3688, 175)	' گ'	9158
9087	(370, 1027)	'不想'	9159
9088	(708, 140)	'肌'	9160
9089	(1076, 5210)	'万像素'	9161
9090	(7821, 765)	' commercial'	9162
9091	(452, 565)	'我要'	9163
9092	(48, 52)	'04'	9164
9093	(2436, 282)	' paying'	9165
9094	(1003, 288)	'igned'	9166
9095	(3199, 7948)	' Amazon'	9167
9096	(464, 122)	'riz'	9168
9097	(748, 359)	' Kim'	9169
9098	(353, 115)	' thats'	9170
9099	(7874, 305)	' traffic'	9171
9100	(1715, 501)	'难以'	9172
9101	(2573, 791)	' Que'	9173
9102	(4674, 927)	'while'	9174
9103	(1321, 2930)	' attacks'	9175
9104	(456, 400)	' Hill'	9176
9105	(12028, 1501)	' opportunities'	9177
9106	(2285, 170)	'்ப'	9178
9107	(661, 963)	'业内'	9179
9108	(547, 130)	'剂'	9180
9109	(65, 100)	'Ad'	9181
9110	(597, 138)	'俊'	9182
9111	(4482, 115)	' concerns'	9183
9112	(1785, 140)	'菌'	9184
9113	(472, 3122)	' Does'	9185
9114	(993, 1022)	'那种'	9186
9115	(84, 70)	'TF'	9187
9116	(456, 552)	' Hist'	9188
9117	(1745, 3353)	'改善'	9189
9118	(866, 373)	'实在'	9190
9119	(3945, 315)	'iddle'	9191
9120	(1666, 8225)	' surround'	9192
9121	(2305, 176)	'碰'	9193
9122	(1445, 5643)	'放弃'	9194
9123	(472, 2204)	' Direct'	9195
9124	(1006, 7521)	' Institute'	9196
9125	(298, 470)	' thus'	9197
9126	(528, 180)	'琴'	9198
9127	(1594, 2764)	'尼康'	9199
9128	(80, 65)	'PA'	9200
9129	(469, 1778)	'这款'	9201
9130	(532, 786)	'家里'	9202
9131	(232, 159)	b'\xe8\x9f'	9203
9132	(492, 163)	'臣'	9204
9133	(1358, 170)	'說'	9205
9134	(472, 105)	' Di'	9206
9135	(645, 2982)	' spending'	9207
9136	(281, 3255)	' faster'	9208
9137	(1590, 333)	'可能是'	9209
9138	(1175, 539)	'回到'	9210
9139	(12068, 1479)	'澳大利亚'	9211
9140	(2557, 2356)	' protection'	9212
9141	(530, 2497)	' liked'	9213
9142	(7308, 1034)	' citizens'	9214
9143	(1175, 544)	'回来'	9215
9144	(1734, 145)	'塑'	9216
9145	(1333, 590)	' award'	9217
9146	(1311, 1813)	'设备'	9218
9147	(660, 1350)	'高达'	9219
9148	(4255, 291)	'iliar'	9220
9149	(429, 598)	' Post'	9221
9150	(1096, 2577)	'感谢'	9222
9151	(1823, 4756)	' providing'	9224
9152	(119, 392)	'with'	9225
9153	(1928, 1294)	'學院'	9226
9154	(6748, 327)	' tweet'	9227
9155	(87, 300)	'Was'	9228
9156	(418, 117)	' ru'	9229
9157	(421, 893)	'年度'	9230
9158	(2470, 348)	' stream'	9231
9159	(2568, 965)	'歌手'	9232
9160	(633, 174)	'炮'	9233
9161	(79, 391)	'Our'	9234
9162	(659, 1149)	'都没有'	9235
9163	(12067, 591)	' equipment'	9236
9164	(3478, 1516)	'免费'	9237
9165	(352, 2271)	' Techn'	9238
9166	(819, 283)	'izes'	9239
9167	(275, 4775)	' categ'	9240
9168	(847, 116)	'bert'	9241
9169	(3778, 282)	' selling'	9242
9170	(32, 282)	' ing'	9243
9171	(2818, 283)	' businesses'	9244
9172	(301, 7920)	' length'	9245
9173	(6427, 408)	' Association'	9246
9174	(469, 833)	'这位'	9247
9175	(83, 65)	'SA'	9248
9176	(362, 2790)	' Sorry'	9249
9177	(4612, 283)	' homes'	9250
9178	(329, 288)	'ented'	9251
9179	(418, 1287)	' rank'	9252
9180	(6894, 160)	'고'	9253
9181	(902, 671)	'体现'	9254
9182	(370, 1418)	'不再'	9255
9183	(4668, 1647)	'讨论'	9256
9184	(2783, 4665)	' causes'	9257
9185	(1353, 188)	'狼'	9258
9186	(1862, 1783)	'居住'	9259
9187	(637, 825)	'ocking'	9260
9188	(2082, 3498)	'\xa0\xa0\xa0 '	9261
9189	(2892, 135)	'資'	9262
9190	(1662, 651)	'显得'	9263
9191	(5833, 2041)	' dollars'	9264
9192	(4951, 316)	' religion'	9265
9193	(867, 183)	'廷'	9266
9194	(117, 486)	'uate'	9267
9195	(70, 507)	'From'	9268
9196	(418, 721)	' rich'	9269
9197	(934, 413)	'重大'	9270
9198	(261, 162)	'丢'	9271
9199	(304, 191)	'仿'	9272
9200	(2108, 179)	'ン'	9273
9201	(521, 271)	' suit'	9274
9202	(77, 272)	'Man'	9275
9203	(369, 77)	' AM'	9276
9204	(379, 455)	' Could'	9277
9205	(1320, 4225)	' decades'	9278
9206	(1320, 6626)	' decisions'	9279
9207	(850, 373)	'所在'	9280
9208	(582, 565)	'就要'	9281
9209	(2763, 7746)	'人口密度'	9282
9210	(3107, 1884)	'答案'	9283
9211	(1002, 150)	'砖'	9284
9212	(633, 142)	'炎'	9285
9213	(263, 2658)	' sides'	9286
9214	(97, 272)	'aan'	9287
9215	(996, 121)	'olly'	9288
9216	(2415, 316)	' mission'	9289
9217	(1108, 1121)	'ری'	9290
9218	(1208, 368)	' server'	9291
9219	(532, 381)	'家人'	9292
9220	(5681, 115)	' tools'	9293
9221	(422, 180)	'赴'	9294
9222	(4524, 290)	' environmental'	9295
9223	(1109, 1470)	'并不是'	9296
9224	(1155, 115)	'oys'	9297
9225	(782, 181)	'爵'	9298
9226	(468, 829)	'ulated'	9299
9227	(83, 69)	'SE'	9300
9228	(3960, 1171)	' competition'	9301
9229	(613, 933)	'下去'	9302
9230	(337, 157)	'尝'	9303
9231	(456, 348)	' Ham'	9304
9232	(509, 904)	' Fire'	9305
9233	(1635, 4100)	'装饰'	9306
9234	(7981, 1413)	' direction'	9307
9235	(911, 7105)	' pregn'	9308
9236	(1420, 619)	'变成'	9309
9237	(1674, 145)	'撑'	9310
9238	(118, 2158)	'vention'	9311
9239	(5614, 4586)	' dropped'	9312
9240	(1680, 4155)	'怎样的'	9313
9241	(854, 139)	'袋'	9314
9242	(500, 6289)	' NFL'	9315
9243	(5843, 1614)	'贸易'	9316
9244	(482, 6419)	' noticed'	9317
9245	(326, 168)	'吨'	9318
9246	(1885, 2462)	'预测'	9319
9247	(725, 78)	' UN'	9320
9248	(1394, 1542)	'单反'	9321
9249	(5375, 282)	' spring'	9322
9250	(99, 97)	'ca'	9323
9251	(3229, 1150)	'访问'	9324
9252	(395, 1624)	' Many'	9325
9253	(1841, 4903)	'儿童'	9326
9254	(1952, 142)	'慎'	9327
9255	(753, 280)	'小的'	9328
9256	(1926, 449)	'哪个'	9329
9257	(402, 137)	'凉'	9330
9258	(755, 155)	'ማ'	9332
9259	(7082, 591)	' Government'	9333
9260	(1128, 53)	' 45'	9334
9261	(1208, 319)	' serve'	9335
9262	(1741, 943)	'彩民'	9336
9263	(236, 132)	b'\xec\x84'	9337
9264	(2645, 282)	' testing'	9338
9265	(4262, 282)	' creating'	9339
9266	(624, 357)	' Out'	9340
9267	(820, 280)	'心的'	9341
9268	(404, 98)	' web'	9342
9269	(1421, 135)	'摇'	9343
9270	(2153, 1528)	' believed'	9344
9271	(122, 105)	'zi'	9345
9272	(532, 280)	'家的'	9346
9273	(475, 175)	'贯'	9347
9274	(1702, 271)	'shit'	9348
9275	(109, 1220)	'miss'	9349
9276	(286, 3255)	' master'	9350
9277	(323, 136)	'佈'	9351
9278	(236, 167)	b'\xec\xa7'	9352
9279	(2171, 111)	' unto'	9353
9280	(1788, 1044)	" They're"	9354
9281	(903, 5063)	' context'	9355
9282	(659, 565)	'都要'	9356
9283	(1327, 278)	' cris'	9357
9284	(5768, 2812)	' Obama'	9358
9285	(2099, 1665)	' Island'	9359
9286	(556, 5088)	' church'	9360
9287	(4117, 1446)	'课程'	9361
9288	(118, 272)	'van'	9362
9289	(3471, 4609)	' anti-'	9363
9290	(3503, 1491)	'汇率'	9364
9291	(1192, 658)	'东方'	9365
9292	(684, 2597)	'最好的'	9366
9293	(280, 2408)	'的比赛'	9367
9294	(972, 176)	'舰'	9368
9295	(1148, 189)	'ች'	9369
9296	(409, 151)	'耗'	9370
9297	(6870, 732)	' dangerous'	9371
9298	(48, 50)	'02'	9372
9299	(3444, 130)	'ਾਂ'	9373
9300	(888, 183)	'穷'	9374
9301	(76, 327)	'Let'	9375
9302	(420, 267)	' Ber'	9376
9303	(7446, 283)	' Angeles'	9377
9304	(80, 2223)	'Please'	9378
9305	(1888, 315)	' handle'	9379
9306	(602, 784)	'也没'	9380
9307	(1421, 184)	'摸'	9381
9308	(633, 188)	'炼'	9382
9309	(288, 105)	'edi'	9383
9310	(4217, 3435)	' teachers'	9384
9311	(1500, 605)	' coast'	9385
9312	(174, 1713)	b'\xae\xe0\xaf\x8d'	9386
9313	(3584, 176)	'ార'	9387
9314	(3339, 887)	'街道'	9388
9315	(546, 305)	'antic'	9389
9316	(3938, 802)	'著名'	9390
9317	(1405, 7941)	'省的一个市镇'	9391
9318	(684, 1591)	'最低'	9392
9319	(1405, 7945)	'省的一個市鎮'	9393
9320	(1320, 108)	' decl'	9394
9321	(378, 1701)	'有望'	9395
9322	(383, 171)	'師'	9396
9323	(2494, 1913)	'举办'	9397
9324	(78, 69)	'NE'	9398
9325	(291, 112)	'arp'	9399
9326	(1117, 802)	'报名'	9400
9327	(209, 142)	'ю'	9401
9328	(3745, 1540)	' په'	9402
9329	(1450, 112)	' emp'	9403
9330	(2180, 56)	' 2008'	9404
9331	(108, 601)	'lies'	9405
9332	(286, 105)	' mi'	9406
9333	(2149, 5062)	'医疗'	9407
9334	(328, 764)	' react'	9409
9335	(1975, 481)	' Arab'	9410
9336	(1001, 421)	'两年'	9411
9337	(72, 824)	'Here'	9412
9338	(680, 774)	'作者'	9413
9339	(106, 105)	'ji'	9414
9340	(6019, 931)	' balance'	9415
9341	(1773, 2891)	'江苏'	9416
9342	(130, 172)	b'\x82\xac'	9417
9343	(119, 272)	'wan'	9418
9344	(1849, 5062)	'治疗'	9419
9345	(553, 128)	'က'	9420
9346	(4301, 168)	'磨'	9421
9347	(637, 290)	'ocal'	9422
9348	(2627, 2865)	'ের'	9423
9349	(292, 2960)	' dumb'	9424
9350	(1631, 184)	' স'	9425
9351	(310, 273)	' nor'	9426
9352	(472, 277)	' Den'	9427
9353	(119, 259)	'win'	9428
9354	(692, 895)	'本次'	9429
9355	(625, 333)	'你是'	9430
9356	(45, 66)	'-B'	9431
9357	(496, 181)	'陵'	9432
9358	(5506, 679)	' Office'	9433
9359	(545, 2677)	'出版'	9434
9360	(573, 4582)	' placed'	9435
9361	(310, 308)	' nom'	9436
9362	(300, 121)	'asy'	9437
9363	(613, 386)	'下了'	9438
9364	(2113, 121)	'gery'	9439
9365	(2027, 111)	' info'	9440
9366	(1126, 658)	'南方'	9441
9367	(4883, 161)	'蔡'	9442
9368	(4844, 139)	'構'	9443
9369	(1100, 590)	' guard'	9444
9370	(333, 4153)	'是法国'	9445
9371	(209, 133)	'х'	9446
9372	(286, 290)	' mal'	9447
9373	(1345, 851)	'太平'	9448
9374	(259, 486)	'inate'	9449
9375	(69, 795)	'Even'	9450
9376	(104, 481)	'hab'	9451
9377	(65, 103)	'Ag'	9452
9378	(3617, 950)	' не'	9453
9379	(291, 108)	'arl'	9454
9380	(4840, 288)	' fixed'	9455
9381	(1065, 262)	'’re'	9456
9382	(651, 621)	'得分'	9457
9383	(875, 575)	' Year'	9458
9384	(482, 288)	' noted'	9459
9385	(653, 1091)	'自身'	9460
9386	(291, 110)	'arn'	9461
9387	(1864, 7122)	' insurance'	9462
9388	(3243, 531)	' favour'	9463
9389	(6760, 572)	' executive'	9464
9390	(3013, 137)	'醉'	9465
9391	(71, 114)	'Gr'	9466
9392	(209, 134)	'ц'	9467
9393	(45, 477)	'-th'	9468
9394	(464, 785)	'riage'	9469
9395	(3684, 1549)	'签证'	9470
9396	(281, 416)	' fif'	9471
9397	(12016, 282)	' changing'	9472
9398	(1606, 1200)	'ين'	9473
9399	(602, 1149)	'也没有'	9474
9400	(54, 55)	'67'	9475
9401	(972, 137)	'舉'	9476
9402	(4298, 115)	' steps'	9477
9403	(395, 400)	' Mill'	9478
9404	(484, 115)	'ums'	9479
9405	(395, 971)	' Mary'	9480
9406	(793, 2307)	' images'	9481
9407	(519, 178)	'哲'	9482
9408	(280, 3191)	'的方式'	9483
9409	(759, 178)	' ल'	9484
9410	(556, 1518)	' chair'	9485
9411	(3486, 5947)	' relevant'	9486
9412	(3054, 1341)	'监管'	9487
9413	(924, 1725)	'明白'	9488
9414	(547, 135)	'則'	9489
9415	(418, 604)	' rough'	9490
9416	(5442, 1178)	'颜色'	9491
9417	(349, 188)	'幼'	9492
9418	(4217, 436)	' teacher'	9493
9419	(1438, 178)	'ाल'	9494
9420	(781, 147)	'邓'	9495
9421	(1006, 401)	' Inter'	9496
9422	(79, 86)	'OV'	9497
9423	(1010, 572)	'ressive'	9498
9424	(584, 333)	'他是'	9499
9425	(462, 407)	' Wil'	9500
9426	(928, 1622)	'品质'	9501
9427	(534, 1498)	' Leg'	9502
9428	(620, 873)	' Jose'	9503
9429	(5276, 1624)	' Company'	9504
9430	(1903, 280)	'产品的'	9505
9431	(278, 102)	'isf'	9506
9432	(312, 134)	'昆'	9507
9433	(1597, 1427)	'造型'	9508
9434	(994, 5088)	' Church'	9509
9435	(7499, 1792)	' agreement'	9510
9436	(800, 3574)	' anywhere'	9511
9437	(103, 98)	'gb'	9512
9438	(3653, 288)	' picked'	9513
9439	(2325, 4685)	' requires'	9514
9440	(1961, 2891)	'复苏'	9515
9441	(976, 1691)	' scale'	9516
9442	(2246, 5426)	' possibly'	9517
9443	(256, 437)	' tag'	9518
9444	(76, 424)	'Lol'	9519
9445	(410, 272)	'cean'	9520
9446	(286, 111)	' mo'	9521
9447	(3536, 288)	'lined'	9522
9448	(4032, 316)	' discussion'	9523
9449	(339, 990)	'一只'	9524
9450	(7087, 12074)	' _nl_'	9525
9451	(737, 108)	'ipl'	9526
9452	(3714, 6970)	' injuries'	9527
9453	(292, 272)	' dan'	9528
9454	(936, 130)	' ق'	9529
9455	(1617, 3957)	'支付'	9530
9456	(1114, 97)	'awa'	9531
9457	(427, 758)	'.....'	9532
9458	(434, 163)	'連'	9533
9459	(534, 970)	' Love'	9534
9460	(61, 61)	'=='	9535
9461	(280, 2978)	'的感觉'	9536
9462	(5680, 4443)	' established'	9537
9463	(1024, 1459)	'影像'	9538
9464	(619, 4740)	'成熟'	9539
9465	(3547, 3211)	' Johnson'	9540
9466	(2800, 389)	' broke'	9541
9467	(3706, 3179)	' identified'	9542
9468	(7837, 3219)	'漂亮'	9543
9469	(8590, 1294)	'国务院'	9544
9470	(521, 1764)	' suck'	9545
9471	(4383, 1251)	' updates'	9546
9472	(1195, 670)	'做好'	9547
9473	(882, 168)	'恨'	9548
9474	(1531, 48)	'150'	9549
9475	(429, 2223)	' Please'	9550
9476	(1734, 171)	'填'	9551
9477	(79, 102)	'Of'	9552
9478	(512, 811)	'osite'	9553
9479	(73, 70)	'IF'	9554
9480	(6312, 2726)	' temperature'	9555
9481	(571, 262)	' mere'	9556
9482	(1533, 421)	'几年'	9557
9483	(87, 455)	'Would'	9558
9484	(8299, 7072)	'understorms'	9559
9485	(3714, 2883)	' injured'	9560
9486	(2184, 3437)	' issued'	9561
9487	(3439, 282)	'going'	9562
9488	(4236, 115)	' dogs'	9563
9489	(2823, 2188)	' affected'	9564
9490	(985, 280)	'区的'	9565
9491	(65, 119)	'Aw'	9567
9492	(1001, 433)	'两国'	9568
9493	(647, 5348)	' leaves'	9570
9494	(728, 6130)	'天津'	9571
9495	(709, 139)	'晋'	9572
9496	(109, 345)	'mad'	9573
9497	(475, 190)	'贾'	9574
9498	(385, 161)	'御'	9575
9499	(281, 322)	' fly'	9576
9500	(841, 3630)	'球迷'	9577
9501	(545, 2708)	'出来的'	9578
9502	(1320, 673)	' decide'	9579
9503	(45, 80)	'-P'	9580
9504	(1127, 186)	'铺'	9581
9505	(328, 6533)	' revenue'	9582
9506	(5055, 512)	' photos'	9583
9507	(4947, 105)	' initi'	9584
9508	(994, 12069)	' Chicago'	9585
9509	(2030, 1172)	'供应'	9586
9510	(102, 101)	'fe'	9587
9511	(1208, 1528)	' served'	9588
9512	(645, 7514)	' spirit'	9589
9513	(1070, 170)	'な'	9590
9514	(1245, 1679)	'ometimes'	9591
9515	(426, 159)	'废'	9592
9516	(1331, 2165)	' gotten'	9593
9517	(485, 117)	' ju'	9594
9518	(807, 2869)	'اب'	9595
9519	(434, 134)	'逆'	9596
9520	(1214, 640)	'tered'	9597
9521	(804, 133)	'畅'	9598
9522	(1408, 594)	'流行'	9599
9523	(12044, 112)	' http'	9600
9524	(2677, 692)	'版本'	9601
9525	(593, 7328)	' trouble'	9602
9526	(1172, 681)	'应用'	9603
9527	(538, 453)	'会上'	9604
9528	(2056, 187)	'傻'	9605
9529	(7249, 1335)	' exercise'	9606
9530	(2112, 97)	' para'	9607
9531	(3580, 1335)	' raise'	9608
9532	(1087, 739)	'从而'	9609
9533	(623, 132)	'ค'	9610
9534	(5433, 707)	'妻子'	9611
9535	(2273, 1178)	'黑色'	9612
9536	(361, 158)	'诞'	9613
9537	(378, 1048)	'有着'	9614
9538	(4272, 170)	'踪'	9615
9539	(2277, 280)	'方面的'	9616
9540	(1080, 130)	'裂'	9617
9541	(2004, 924)	'照明'	9618
9542	(119, 673)	'wide'	9619
9543	(421, 2226)	'年底'	9620
9544	(623, 171)	'ห'	9621
9545	(1073, 601)	' parties'	9622
9546	(2896, 2569)	'纪录'	9623
9547	(659, 784)	'都没'	9624
9548	(7599, 116)	' Robert'	9625
9549	(1314, 111)	'onto'	9626
9550	(7636, 2895)	' ndị'	9627
9551	(377, 172)	'ब'	9628
9552	(1530, 3353)	'完善'	9629
9553	(1550, 869)	'推进'	9630
9554	(300, 105)	'asi'	9631
9555	(939, 97)	'ava'	9632
9556	(263, 6552)	' sector'	9633
9557	(1464, 114)	'ır'	9634
9558	(2305, 179)	'碳'	9635
9559	(53, 52)	'54'	9636
9560	(5909, 318)	' boost'	9637
9561	(2664, 1540)	' به'	9638
9562	(2771, 161)	'፡'	9639
9563	(595, 895)	'多次'	9640
9564	(2754, 835)	'短期'	9641
9565	(738, 166)	'侦'	9642
9566	(6022, 6528)	' revealed'	9643
9567	(1097, 5391)	'提醒'	9644
9568	(101, 541)	'equ'	9645
9569	(12044, 2657)	' https'	9646
9570	(478, 3398)	' shape'	9647
9571	(87, 400)	'Will'	9648
9572	(369, 76)	' AL'	9649
9573	(1158, 52)	'2004'	9650
9574	(32, 305)	' ic'	9651
9575	(1029, 7187)	' apparently'	9652
9576	(310, 641)	' none'	9653
9577	(53, 55)	'57'	9654
9578	(278, 408)	'isation'	9655
9579	(333, 6999)	'是法國'	9656
9580	(276, 4382)	' bomb'	9657
9581	(1321, 570)	' attend'	9658
9582	(6080, 1020)	' influence'	9659
9583	(3639, 578)	' apart'	9660
9584	(1132, 2076)	'格兰'	9661
9585	(2775, 271)	' profit'	9662
9586	(32, 3012)	' iron'	9663
9587	(672, 2140)	'场景'	9664
9588	(2215, 1845)	' corner'	9665
9589	(119, 291)	'war'	9666
9590	(12011, 601)	' movies'	9667
9591	(275, 4999)	' covered'	9668
9592	(108, 345)	'lad'	9669
9593	(593, 364)	' trig'	9670
9594	(45, 1702)	'-sh'	9671
9595	(6070, 115)	' victims'	9672
9596	(4854, 453)	'实际上'	9673
9597	(557, 2429)	' Educ'	9674
9598	(2585, 2242)	'群众'	9675
9599	(317, 129)	'迁'	9676
9600	(286, 375)	' mir'	9677
9601	(428, 1781)	'为准'	9678
9602	(45, 3059)	'-year'	9679
9603	(435, 435)	'2020'	9680
9604	(117, 489)	'upp'	9681
9605	(45, 900)	'-19'	9682
9606	(111, 406)	'och'	9683
9607	(2470, 116)	' stret'	9684
9608	(236, 160)	b'\xec\xa0'	9685
9609	(451, 150)	'抖'	9686
9610	(1867, 824)	' refere'	9687
9611	(3117, 825)	' walking'	9688
9612	(391, 98)	'urb'	9689
9613	(619, 659)	'成都'	9690
9614	(381, 373)	'人在'	9691
9615	(2258, 271)	' legit'	9692
9616	(418, 282)	' ring'	9693
9617	(276, 7846)	' brief'	9694
9618	(276, 870)	' bond'	9695
9619	(994, 3845)	' Chief'	9696
9620	(3827, 131)	'燃'	9697
9621	(539, 280)	'到的'	9698
9622	(118, 105)	'vi'	9699
9623	(1263, 269)	' flat'	9700
9624	(2463, 1637)	' values'	9701
9625	(462, 2090)	' Where'	9702
9626	(12070, 683)	' determine'	9703
9627	(6705, 101)	' taste'	9704
9628	(3890, 168)	'編'	9705
9629	(836, 836)	'ahah'	9706
9630	(753, 1558)	'小组'	9707
9631	(1073, 1845)	' partner'	9708
9632	(116, 119)	'tw'	9709
9633	(875, 283)	' Yes'	9710
9634	(706, 784)	'还没'	9711
9635	(905, 1330)	'第十'	9712
9636	(121, 1667)	'yeah'	9713
9637	(1423, 833)	'各位'	9714
9638	(503, 1155)	' Roy'	9715
9639	(2132, 290)	' metal'	9716
9640	(3300, 108)	' Atl'	9717
9641	(425, 132)	'寄'	9718
9642	(526, 167)	'氧'	9719
9643	(98, 291)	'bar'	9720
9644	(45, 57)	'-9'	9721
9645	(1898, 1112)	' curious'	9722
9646	(395, 1314)	' Mont'	9723
9647	(365, 149)	'绕'	9724
9648	(1641, 105)	'iki'	9725
9649	(263, 259)	' sin'	9726
9650	(2313, 121)	' lawy'	9727
9651	(478, 2854)	' shots'	9728
9652	(275, 546)	' cant'	9729
9653	(5274, 4500)	' Japanese'	9730
9654	(3900, 610)	' connect'	9731
9655	(2302, 1200)	' من'	9732
9656	(136, 5488)	b'\x88\xeb\x8b\xa4'	9733
9657	(786, 884)	'里斯'	9734
9658	(4444, 833)	'仓位'	9735
9659	(3223, 333)	'特别是'	9736
9660	(261, 136)	'丈'	9737
9661	(1570, 164)	'्त'	9738
9662	(754, 331)	'raid'	9739
9663	(362, 282)	' Sing'	9740
9664	(668, 185)	'曹'	9741
9665	(2326, 1056)	'食物'	9742
9666	(1346, 1022)	'的一种'	9743
9667	(104, 2401)	'htt'	9744
9668	(3483, 2380)	'判断'	9745
9669	(864, 175)	'涯'	9746
9670	(370, 1221)	'不知'	9747
9671	(262, 1034)	'reens'	9748
9672	(3898, 424)	' Carol'	9749
9673	(533, 147)	'浓'	9750
9674	(964, 107)	'reek'	9751
9675	(377, 188)	'़'	9752
9676	(110, 327)	'net'	9753
9677	(4295, 273)	' labor'	9754
9678	(769, 3020)	'ий'	9755
9679	(12038, 1112)	' obvious'	9756
9680	(3943, 514)	' specifically'	9757
9681	(1716, 282)	'coming'	9758
9682	(437, 6227)	'agram'	9759
9683	(2128, 170)	' ப'	9761
9684	(382, 184)	'伸'	9762
9685	(505, 504)	'eless'	9763
9686	(5616, 272)	' Republican'	9764
9687	(438, 104)	' ath'	9765
9688	(4053, 2142)	'革命'	9766
9689	(2593, 3086)	'伤害'	9767
9690	(1770, 316)	'ashion'	9768
9691	(356, 1700)	' forms'	9769
9692	(1448, 570)	' defend'	9770
9693	(377, 175)	'य'	9771
9694	(702, 776)	'看法'	9772
9695	(2817, 1445)	'播放'	9773
9696	(561, 1147)	'日至'	9774
9697	(2453, 2503)	' standards'	9775
9698	(759, 175)	' य'	9776
9699	(294, 1749)	' hyp'	9777
9700	(476, 160)	'眠'	9778
9701	(7354, 2758)	'拒绝'	9779
9702	(924, 421)	'明年'	9780
9703	(3368, 115)	' records'	9781
9704	(490, 7079)	' severe'	9782
9705	(923, 1350)	'表达'	9783
9706	(963, 736)	'内部'	9784
9707	(110, 264)	'non'	9785
9708	(5517, 2031)	' scientists'	9786
9709	(278, 267)	'iser'	9787
9710	(294, 4976)	' hyd'	9788
9711	(398, 753)	'中小'	9789
9712	(73, 82)	'IR'	9790
9713	(111, 407)	'oil'	9791
9714	(462, 455)	' Would'	9792
9715	(2108, 188)	'ー'	9793
9716	(8204, 887)	'渠道'	9794
9717	(32, 2005)	' é'	9795
9718	(581, 2077)	'地板'	9796
9719	(2911, 152)	'의'	9797
9720	(622, 280)	'发的'	9798
9721	(4563, 1630)	' radio'	9799
9722	(3469, 283)	' trees'	9800
9723	(846, 1485)	'од'	9801
9724	(820, 922)	'心情'	9802
9725	(3349, 282)	' trading'	9803
9726	(3586, 282)	' funding'	9804
9727	(1825, 161)	'ạ'	9805
9728	(527, 165)	'泥'	9806
9729	(4937, 150)	'論'	9807
9730	(1412, 153)	'標'	9808
9731	(305, 765)	'icial'	9809
9732	(963, 581)	'内地'	9810
9733	(1467, 1118)	' او'	9811
9734	(3723, 3575)	'ournament'	9812
9735	(293, 119)	' tow'	9813
9736	(702, 1048)	'看着'	9814
9737	(790, 4978)	' agreed'	9815
9738	(262, 290)	'real'	9816
9739	(339, 6968)	'一旦'	9817
9740	(1545, 157)	'條'	9818
9741	(660, 878)	'高等'	9819
9742	(322, 110)	'lyn'	9820
9743	(1507, 139)	'棋'	9821
9744	(863, 280)	'长的'	9822
9745	(2455, 749)	' humans'	9823
9746	(352, 1679)	' Times'	9824
9747	(4475, 156)	'한'	9825
9748	(3326, 1028)	' operations'	9826
9749	(219, 148)	'۔'	9827
9750	(1141, 322)	' reply'	9828
9751	(909, 873)	' Those'	9829
9752	(80, 424)	'Pol'	9830
9753	(603, 158)	'辞'	9831
9754	(1172, 586)	'应对'	9832
9755	(194, 176)	'°'	9833
9756	(2266, 735)	' Asia'	9834
9757	(394, 112)	'oop'	9835
9758	(518, 272)	' van'	9836
9759	(3560, 7689)	' illegal'	9837
9760	(434, 138)	'逊'	9838
9761	(256, 566)	' tight'	9839
9762	(810, 145)	'姑'	9840
9763	(275, 1286)	' cup'	9841
9764	(1203, 2760)	' accused'	9842
9765	(724, 1232)	'开展'	9843
9766	(345, 115)	'ads'	9844
9767	(1930, 170)	' ప'	9845
9768	(624, 107)	' Ok'	9846
9769	(378, 449)	'有个'	9847
9770	(1129, 137)	'莉'	9848
9771	(1945, 1023)	' retail'	9849
9772	(586, 2169)	'对象'	9850
9773	(79, 67)	'OC'	9851
9774	(1445, 373)	'放在'	9852
9775	(395, 97)	' Ma'	9853
9776	(925, 132)	'හ'	9854
9777	(718, 151)	'汗'	9855
9778	(816, 128)	'稀'	9856
9779	(2512, 2129)	'武器'	9857
9780	(446, 136)	'览'	9858
9781	(438, 109)	' atm'	9859
9782	(429, 343)	' Pac'	9860
9783	(2115, 3734)	' department'	9861
9784	(805, 1194)	'机制'	9862
9785	(994, 1058)	' Child'	9863
9786	(404, 2228)	" we'll"	9864
9787	(69, 77)	'EM'	9865
9788	(812, 166)	'ਦ'	9866
9789	(917, 259)	' prin'	9867
9790	(7335, 300)	' Thomas'	9868
9791	(100, 277)	'den'	9869
9792	(269, 2039)	'atically'	9870
9793	(617, 145)	' Б'	9871
9794	(581, 833)	'地位'	9872
9795	(276, 1365)	' boss'	9873
9796	(103, 115)	'gs'	9874
9797	(287, 111)	' oo'	9875
9798	(83, 68)	'SD'	9876
9799	(1070, 167)	'で'	9877
9800	(4674, 721)	'which'	9878
9801	(1729, 12071)	' strategy'	9879
9802	(65, 471)	'Act'	9880
9803	(3706, 3897)	' identify'	9881
9804	(3167, 143)	'鹏'	9882
9805	(8065, 109)	" i'm"	9883
9806	(536, 629)	' Game'	9884
9807	(412, 115)	'outs'	9885
9808	(119, 114)	'wr'	9886
9809	(649, 288)	'acked'	9887
9810	(593, 3874)	' truly'	9888
9811	(364, 3189)	'igration'	9889
9812	(263, 3121)	' sister'	9890
9813	(276, 756)	' bare'	9891
9814	(428, 1249)	'为何'	9892
9815	(1118, 1767)	'ود'	9893
9816	(560, 168)	'惨'	9894
9817	(2645, 115)	' tests'	9895
9818	(256, 737)	' tip'	9896
9819	(4258, 4105)	' don’t'	9897
9820	(2474, 291)	' solar'	9898
9821	(117, 271)	'uit'	9899
9822	(889, 6703)	' graph'	9900
9823	(1533, 728)	'几天'	9901
9824	(1263, 334)	' flow'	9902
9825	(313, 5322)	' Iran'	9903
9826	(115, 277)	'sen'	9904
9827	(2888, 805)	'飞机'	9905
9828	(625, 538)	'你会'	9906
9829	(1203, 6262)	' accounts'	9907
9830	(7501, 75)	'UCK'	9908
9831	(280, 2286)	'的同时'	9909
9832	(2468, 421)	'青年'	9910
9833	(453, 3802)	'上述'	9911
9834	(2042, 154)	'魚'	9912
9835	(2082, 32)	'\xa0\xa0 '	9913
9836	(2335, 115)	' markets'	9914
9837	(149, 553)	b'\x95\xe1\x80'	9915
9838	(856, 558)	' 300'	9916
9839	(4267, 178)	'獲'	9917
9840	(73, 65)	'IA'	9918
9841	(259, 471)	'inct'	9919
9842	(114, 282)	'ring'	9920
9843	(2507, 1529)	' veget'	9921
9844	(268, 1676)	' wax'	9922
9845	(6861, 392)	' faith'	9923
9846	(8681, 308)	' freedom'	9924
9847	(2405, 1673)	'设计师'	9925
9848	(882, 176)	'恰'	9926
9849	(626, 189)	'羽'	9927
9850	(1289, 280)	'强的'	9928
9851	(77, 77)	'MM'	9929
9852	(708, 169)	'肩'	9930
9853	(1429, 136)	'ੈ'	9931
9854	(1911, 2780)	' models'	9932
9855	(2387, 4350)	' restrict'	9933
9856	(603, 168)	'辨'	9934
9857	(729, 149)	'ক'	9935
9858	(2023, 400)	' skill'	9936
9859	(898, 400)	' Still'	9937
9860	(1269, 479)	' command'	9938
9861	(1359, 539)	'直到'	9939
9862	(579, 401)	'apter'	9940
9863	(2476, 4350)	' district'	9941
9864	(7842, 737)	' princip'	9942
9865	(3648, 4800)	'金融危机'	9943
9866	(4287, 1866)	' measures'	9944
9867	(646, 3020)	'ай'	9945
9868	(729, 178)	'ল'	9946
9869	(105, 466)	'iest'	9947
9870	(595, 421)	'多年'	9948
9871	(1015, 277)	' teen'	9949
9872	(65, 86)	'AV'	9950
9873	(511, 137)	'厉'	9951
9874	(381, 1008)	'人数'	9952
9875	(435, 1876)	'2014'	9953
9876	(1189, 6700)	' background'	9954
9877	(529, 2332)	' excl'	9955
9878	(321, 974)	' yang'	9956
9879	(257, 318)	' ast'	9957
9880	(1822, 453)	'世界上'	9958
9881	(307, 129)	'允'	9959
9882	(757, 5854)	' adjust'	9960
9883	(1753, 134)	'堆'	9961
9884	(1684, 267)	' owner'	9963
9885	(3157, 1673)	'律师'	9964
9886	(891, 115)	' uns'	9965
9887	(3308, 453)	'历史上'	9966
9888	(3466, 2438)	' Central'	9967
9889	(395, 2684)	' Mike'	9968
9890	(354, 186)	'旺'	9969
9891	(235, 161)	b'\xeb\xa1'	9970
9892	(1154, 8056)	'國際'	9971
9893	(2008, 158)	b' \xec\x9e'	9972
9894	(99, 756)	'care'	9973
9895	(458, 188)	'彼'	9974
9896	(3062, 1847)	' के'	9975
9897	(271, 105)	'iti'	9976
9898	(571, 269)	' meat'	9977
9899	(5189, 282)	' drinking'	9978
9900	(7069, 924)	'姚明'	9979
9901	(797, 1067)	'理由'	9980
9902	(1304, 128)	'ీ'	9981
9903	(6071, 952)	' purchase'	9982
9904	(326, 144)	'吐'	9983
9905	(2363, 1155)	' annoy'	9984
9906	(5554, 7819)	' emergency'	9985
9907	(3615, 288)	' claimed'	9986
9908	(362, 1859)	' See'	9987
9909	(268, 466)	' west'	9988
9910	(4590, 3245)	'遭遇'	9989
9911	(3495, 288)	' returned'	9990
9912	(511, 140)	'厌'	9991
9913	(1625, 2290)	'运营'	9992
9914	(442, 105)	' ki'	9993
9915	(8160, 2022)	' witness'	9994
9916	(757, 3504)	' adults'	9995
9917	(4108, 1756)	'告诉记者'	9996
9918	(4455, 2291)	' Service'	9997
9919	(119, 121)	'wy'	9998
9920	(395, 505)	' Mel'	9999
9921	(3896, 2251)	'电视剧'	10000
9922	(817, 1658)	'很快'	10001
9923	(3563, 322)	' Only'	10003
9924	(509, 101)	' Fe'	10004
9925	(276, 5553)	' border'	10005
9926	(6164, 267)	' closer'	10006
9927	(302, 148)	'叔'	10007
9928	(1102, 280)	'队的'	10008
9929	(2629, 333)	'应该是'	10009
9930	(1545, 175)	'梯'	10010
9931	(360, 167)	'卧'	10012
9932	(961, 437)	' disag'	10013
9933	(693, 1378)	'说话'	10015
9934	(195, 185)	'ù'	10016
9935	(3125, 1879)	' Develop'	10017
9936	(301, 512)	' los'	10018
9937	(8999, 735)	' Virginia'	10019
9938	(263, 406)	' sch'	10020
9939	(2491, 8556)	' basket'	10021
9940	(586, 3432)	'对焦'	10022
9941	(83, 629)	'Same'	10023
9942	(5327, 937)	'known'	10024
9943	(462, 72)	' WH'	10025
9944	(733, 149)	'క'	10026
9945	(379, 391)	' Cur'	10027
9946	(682, 1317)	'新华'	10028
9947	(551, 138)	'權'	10029
9948	(462, 664)	' Wood'	10030
9949	(258, 605)	'heast'	10031
9950	(331, 444)	'iders'	10032
9951	(3005, 165)	' ብ'	10033
9952	(1016, 524)	'及时'	10034
9953	(6357, 912)	'盈利'	10035
9954	(1448, 101)	' defe'	10036
9955	(1779, 514)	' personally'	10037
9956	(149, 6087)	b'\x95\xe0\xaf\x8d\xe0\xae\x95'	10038
9957	(746, 8701)	'美联储'	10039
9958	(45, 315)	'-le'	10040
9959	(661, 677)	'业主'	10041
9960	(805, 672)	'机场'	10042
9961	(2078, 764)	' interact'	10043
9962	(3148, 288)	' managed'	10044
9963	(1342, 152)	'記'	10045
9964	(339, 2048)	'一条'	10046
9965	(3642, 1024)	'電影'	10047
9966	(1031, 846)	'то'	10048
9967	(810, 156)	'姜'	10049
9968	(419, 190)	'盾'	10050
9969	(2117, 610)	' collect'	10051
9970	(5010, 1028)	' applications'	10052
9971	(3372, 2792)	'农村'	10053
9972	(280, 2267)	'的学生'	10054
9973	(451, 145)	'抑'	10055
9974	(462, 5946)	' Western'	10056
9975	(12072, 1859)	' coffee'	10057
9976	(1107, 333)	'正是'	10058
9977	(209, 158)	'ў'	10059
9978	(305, 486)	'icate'	10060
9979	(4482, 288)	' concerned'	10061
9980	(409, 128)	'耀'	10062
9981	(706, 538)	'还会'	10063
9982	(530, 847)	' liber'	10064
9983	(1571, 1048)	'带着'	10065
9984	(292, 269)	' dat'	10066
9985	(2245, 2808)	' explained'	10067
9986	(481, 115)	'abs'	10068
9987	(8370, 278)	' Louis'	10069
9988	(1523, 675)	'奖金'	10070
9989	(535, 129)	'毁'	10071
9990	(948, 942)	'工资'	10072
9991	(2355, 178)	'網'	10073
9992	(845, 2331)	' offering'	10074
9993	(2197, 1090)	'福建'	10075
9994	(545, 3116)	'出席'	10076
9995	(456, 1114)	' Haw'	10077
9996	(848, 687)	" weren't"	10078
9997	(739, 1050)	'而已'	10079
9998	(509, 678)	' Found'	10080
9999	(1606, 4457)	'ية'	10081
10000	(7675, 5461)	' Mexico'	10082
10001	(521, 6273)	' sucks'	10083
10002	(2215, 3737)	' corpor'	10084
10003	(5108, 115)	' methods'	10085
10004	(2033, 115)	' signs'	10086
10005	(462, 1135)	' Water'	10087
10006	(432, 178)	'玲'	10088
10007	(2529, 115)	' turns'	10089
10008	(968, 179)	'柳'	10090
10009	(450, 401)	'ighter'	10091
10010	(2483, 152)	'潘'	10092
10011	(1439, 453)	'马上'	10093
10012	(675, 1962)	'金属'	10094
10013	(102, 271)	'fit'	10095
10014	(3081, 290)	' equal'	10096
10015	(1591, 608)	'低于'	10097
10016	(383, 189)	'帽'	10098
10017	(340, 141)	'\u200d'	10099
10018	(3266, 137)	'應'	10100
10019	(2607, 2051)	' Science'	10101
10020	(397, 308)	' whom'	10102
10021	(107, 116)	'kt'	10103
10022	(1827, 1432)	'博士'	10104
10023	(371, 829)	' stated'	10105
10024	(1296, 143)	'脏'	10106
10025	(443, 1754)	'unny'	10107
10026	(325, 105)	'oti'	10108
10027	(680, 532)	'作家'	10109
10028	(407, 97)	'ila'	10110
10029	(885, 1791)	'点评'	10111
10030	(301, 39)	" l'"	10112
10031	(339, 1538)	'一张'	10113
10032	(954, 7584)	'特殊'	10114
10033	(461, 146)	'怒'	10115
10034	(618, 105)	'udi'	10116
10035	(362, 108)	' Sl'	10117
10036	(2065, 116)	' expert'	10118
10037	(1971, 592)	' talks'	10119
10038	(371, 2843)	' struct'	10120
10039	(2735, 741)	'画面'	10121
10040	(660, 3340)	'高端'	10122
10041	(499, 2434)	' proced'	10123
10042	(280, 2200)	'的生活'	10124
10043	(276, 1659)	' boot'	10125
10044	(595, 449)	'多个'	10126
10045	(362, 1489)	' Since'	10127
10046	(395, 111)	' Mo'	10128
10047	(4217, 929)	' teaching'	10129
10048	(325, 305)	'otic'	10130
10049	(12034, 5932)	' vehicles'	10131
10050	(5257, 1016)	'涉及'	10132
10051	(74, 111)	'Jo'	10133
10052	(4371, 282)	' existing'	10134
10053	(1542, 3770)	'反映'	10135
10054	(1034, 283)	'enses'	10136
10055	(283, 99)	'esc'	10137
10056	(267, 732)	'erous'	10138
10057	(45, 479)	'-and'	10139
10058	(83, 83)	'SS'	10140
10059	(3104, 68)	'ORD'	10141
10060	(897, 1185)	'外交'	10142
10061	(1666, 6215)	' survey'	10143
10062	(1952, 136)	'慈'	10144
10063	(881, 98)	'ubb'	10145
10064	(256, 400)	' till'	10146
10065	(4250, 273)	' motor'	10147
10066	(2196, 154)	'據'	10148
10067	(225, 129)	b'\xe1\x81'	10149
10068	(83, 101)	'Se'	10150
10069	(1433, 2889)	' smoke'	10151
10070	(2555, 157)	'藝'	10152
10071	(4416, 610)	' suspect'	10153
10072	(429, 327)	' Pet'	10154
10073	(561, 1018)	'日起'	10155
10074	(736, 863)	'部长'	10156
10075	(314, 150)	'圖'	10158
10076	(632, 3032)	'公园'	10159
10077	(4885, 1546)	'软件'	10160
10078	(256, 1287)	' tank'	10161
10079	(5327, 334)	'know'	10162
10080	(4132, 410)	' announce'	10163
10081	(281, 424)	' fol'	10164
10082	(1810, 643)	'北京市'	10165
10083	(1237, 5222)	'给予'	10166
10084	(792, 135)	'ệ'	10167
10085	(1900, 280)	'发展的'	10168
10086	(4282, 121)	' lucky'	10169
10087	(851, 6057)	'平衡'	10170
10088	(1715, 887)	'难道'	10171
10089	(406, 291)	'char'	10172
10090	(117, 471)	'uct'	10173
10091	(232, 154)	b'\xe8\x9a'	10174
10092	(68, 5856)	'Damn'	10175
10093	(121, 121)	'yy'	10176
10094	(1029, 8326)	' appropriate'	10177
10095	(420, 466)	' Best'	10178
10096	(624, 368)	' Over'	10179
10097	(2382, 2039)	' typically'	10180
10098	(1136, 378)	'持有'	10181
10099	(305, 272)	'ican'	10182
10100	(645, 606)	' sport'	10183
10101	(286, 505)	' mel'	10184
10102	(256, 4419)	' troll'	10185
10103	(569, 3481)	' abuse'	10186
10104	(4366, 491)	' Britain'	10187
10105	(466, 4503)	'estival'	10188
10106	(1827, 1454)	'博客'	10189
10107	(693, 776)	'说法'	10190
10108	(1027, 776)	'想法'	10191
10109	(275, 441)	' core'	10192
10110	(2128, 149)	' க'	10193
10111	(1101, 948)	'员工'	10194
10112	(39, 114)	"'r"	10195
10113	(953, 728)	'当天'	10196
10114	(8201, 2701)	' criminal'	10197
10115	(1825, 163)	'ả'	10198
10116	(434, 146)	'递'	10199
10117	(1609, 413)	'广大'	10200
10118	(4314, 280)	'公布的'	10201
10119	(3586, 115)	' funds'	10202
10120	(398, 1014)	'中文'	10203
10121	(607, 155)	'愛'	10204
10122	(336, 267)	' beer'	10205
10123	(464, 267)	'rier'	10207
10124	(369, 2401)	' Att'	10208
10125	(915, 142)	'胎'	10209
10126	(369, 84)	' AT'	10210
10127	(276, 468)	' bul'	10211
10128	(109, 1035)	'mark'	10212
10129	(1195, 386)	'做了'	10214
10130	(2275, 1049)	' shitty'	10215
10131	(395, 391)	' Mur'	10216
10132	(235, 165)	b'\xeb\xa5'	10217
10133	(1952, 149)	'慕'	10218
10134	(557, 68)	' ED'	10219
10135	(819, 122)	'izz'	10220
10136	(371, 2041)	' stars'	10221
10137	(1324, 1543)	'指导'	10222
10138	(934, 1547)	'重视'	10223
10139	(298, 5015)	' thinks'	10224
10140	(3190, 136)	'аш'	10225
10141	(1822, 4216)	'世界杯'	10226
10142	(76, 2684)	'Like'	10227
10143	(890, 883)	'place'	10228
10144	(429, 464)	' Pri'	10229
10145	(617, 144)	' А'	10230
10146	(556, 941)	' chick'	10231
10147	(5143, 2240)	'寻找'	10232
10148	(4435, 484)	' circum'	10233
10149	(417, 176)	'衰'	10234
10150	(860, 144)	'捐'	10235
10151	(12073, 1048)	'意味着'	10236
10152	(3005, 176)	' ተ'	10237
10153	(465, 1909)	' concent'	10238
10154	(12079, 6031)	'咨询'	10239
10155	(1241, 1026)	'台北'	10240
10156	(812, 149)	'ਕ'	10241
10157	(259, 12017)	'initely'	10242
10158	(1373, 4743)	' assault'	10243
10159	(4070, 1858)	' System'	10244
10160	(5049, 5049)	'纷纷'	10245
10161	(1345, 595)	'太多'	10246
10162	(511, 166)	'厦'	10247
10163	(369, 118)	' Av'	10248
10164	(755, 176)	'ሰ'	10249
10165	(905, 831)	'第一个'	10250
10166	(8550, 278)	' Francis'	10251
10167	(435, 900)	'2019'	10252
10168	(1924, 9148)	' familiar'	10253
10169	(313, 309)	' Ill'	10254
10170	(921, 421)	'三年'	10255
10171	(725, 112)	' Up'	10256
10172	(769, 2742)	'из'	10257
10173	(2077, 3321)	'板块'	10258
10174	(67, 258)	'Che'	10259
10175	(382, 143)	'伏'	10260
10176	(360, 148)	'協'	10261
10177	(534, 698)	' Lake'	10262
10178	(3672, 288)	' joined'	10263
10179	(473, 143)	'栏'	10264
10180	(1309, 1010)	' express'	10265
10181	(7131, 329)	' independent'	10266
10182	(78, 1976)	'Nope'	10267
10183	(72, 72)	'HH'	10268
10184	(545, 433)	'出国'	10269
10185	(2221, 333)	'主要是'	10270
10186	(754, 102)	'raf'	10271
10187	(3880, 288)	' linked'	10272
10188	(2861, 176)	'ાર'	10273
10189	(3165, 408)	' generation'	10274
10190	(4842, 829)	'related'	10275
10191	(8833, 574)	' capacity'	10276
10192	(65, 489)	'App'	10277
10193	(2486, 1625)	'奥运'	10278
10194	(343, 258)	'ache'	10279
10195	(2795, 6221)	'威廉'	10280
10196	(5902, 121)	' Party'	10281
10197	(129, 553)	b'\x81\xe1\x80'	10282
10198	(300, 97)	'asa'	10283
10199	(1114, 110)	'awn'	10284
10200	(381, 1490)	'人才'	10285
10201	(1793, 2614)	' entertain'	10286
10202	(4013, 1754)	' sunny'	10287
10203	(935, 273)	' incor'	10288
10204	(2042, 143)	'魏'	10289
10205	(45, 55)	'-7'	10290
10206	(1029, 4227)	' appeal'	10291
10207	(1429, 129)	'ੁ'	10292
10208	(3703, 5083)	' council'	10293
10209	(278, 436)	'isher'	10294
10210	(443, 1214)	'unte'	10295
10211	(3606, 282)	'erring'	10296
10212	(515, 160)	'纠'	10297
10213	(885, 2314)	'点击'	10298
10214	(439, 112)	'opp'	10299
10215	(292, 1010)	' dress'	10300
10216	(617, 154)	' К'	10301
10217	(1464, 414)	'ınd'	10302
10218	(67, 69)	'CE'	10303
10219	(1565, 6759)	' carbon'	10304
10220	(521, 12080)	' sudden'	10305
10221	(602, 565)	'也要'	10306
10222	(3058, 169)	'薩'	10307
10223	(1505, 184)	' સ'	10308
10224	(1244, 4375)	'总经理'	10309
10225	(376, 159)	'孟'	10310
10226	(345, 105)	'adi'	10311
10227	(217, 137)	'ى'	10312
10228	(2000, 4999)	' discovered'	10313
10229	(264, 466)	'onest'	10314
10230	(3092, 1360)	'承认'	10315
10231	(418, 325)	' rot'	10316
10232	(2115, 570)	' depend'	10317
10233	(12048, 98)	' neighb'	10318
10234	(264, 329)	'onent'	10319
10235	(3137, 1132)	'严格'	10320
10236	(1054, 873)	'Those'	10321
10237	(1317, 3257)	'华夏'	10322
10238	(717, 558)	' 2000'	10323
10239	(2139, 7281)	' је'	10324
10240	(469, 1001)	'这两'	10325
10241	(236, 158)	b'\xec\x9e'	10326
10242	(1719, 912)	'胜利'	10327
10243	(1232, 1217)	'展示'	10328
10244	(2321, 12076)	'眼睛'	10329
10245	(475, 186)	'贺'	10330
10246	(738, 175)	'侯'	10331
10247	(12013, 1409)	' speaking'	10332
10248	(468, 1036)	'ulting'	10333
10249	(1565, 3681)	' carried'	10334
10250	(534, 269)	' Lat'	10335
10251	(1207, 2288)	'或许'	10336
10252	(344, 477)	' youth'	10337
10253	(2453, 282)	' standing'	10338
10254	(1469, 1306)	'专门'	10339
10255	(315, 101)	'lee'	10340
10256	(2250, 282)	'standing'	10341
10257	(803, 844)	'动力'	10342
10258	(1120, 857)	'房产'	10343
10259	(6664, 671)	'呈现'	10344
10260	(276, 315)	' ble'	10345
10261	(413, 4377)	'大概'	10346
10262	(73, 564)	'Int'	10347
10263	(4717, 985)	'欧元区'	10348
10264	(603, 166)	'辦'	10349
10265	(1123, 140)	'桌'	10350
10266	(5466, 112)	' persp'	10351
10267	(2779, 3681)	' married'	10352
10268	(2042, 133)	'魅'	10353
10269	(46, 84)	'.T'	10354
10270	(362, 407)	' Sil'	10355
10271	(1330, 421)	'十年'	10356
10272	(917, 2785)	' proud'	10357
10273	(54, 51)	'63'	10358
10274	(6251, 2644)	'搜索'	10359
10275	(677, 1266)	'主题'	10360
10276	(351, 99)	'roc'	10361
10277	(582, 378)	'就有'	10362
10278	(1056, 1622)	'物质'	10363
10279	(325, 288)	'oted'	10364
10280	(2068, 105)	'atti'	10365
10281	(1125, 494)	' thoughts'	10366
10282	(1320, 262)	' decre'	10367
10283	(3786, 883)	' replace'	10368
10284	(2446, 117)	' situ'	10369
10285	(1467, 1200)	' ان'	10370
10286	(2238, 327)	' planet'	10371
10287	(12031, 283)	' pieces'	10372
10288	(894, 146)	'插'	10373
10289	(474, 144)	'歐'	10374
10290	(1192, 1026)	'东北'	10375
10291	(764, 322)	'actly'	10376
10292	(597, 169)	'俩'	10377
10293	(311, 416)	' gif'	10378
10294	(2435, 121)	'appy'	10379
10295	(405, 161)	'巡'	10380
10296	(523, 185)	b' \xe0\xb9'	10381
10297	(602, 563)	'也能'	10382
10298	(3973, 322)	' entirely'	10383
10299	(345, 2906)	'adium'	10384
10300	(335, 267)	'ayer'	10385
10301	(483, 851)	'和平'	10386
10302	(897, 433)	'外国'	10387
10303	(1519, 139)	'ো'	10388
10304	(1107, 1992)	'正确'	10389
10305	(8433, 2928)	'簡稱'	10390
10306	(216, 182)	'ض'	10391
10307	(49, 862)	'110'	10392
10308	(667, 544)	'过来'	10393
10309	(620, 6538)	' Jeff'	10394
10310	(2911, 128)	'은'	10395
10311	(757, 5996)	' advert'	10396
10312	(855, 413)	'加大'	10397
10313	(280, 1352)	'的首'	10398
10314	(1226, 5244)	'据悉'	10399
10315	(1007, 1498)	' Veg'	10400
10316	(114, 941)	'rick'	10401
10317	(954, 1178)	'特色'	10402
10318	(267, 1698)	'erves'	10403
10319	(305, 271)	'icit'	10404
10320	(375, 1049)	'irty'	10405
10321	(2153, 102)	' belief'	10406
10322	(503, 327)	' Ret'	10407
10323	(275, 578)	' cart'	10408
10324	(6152, 1606)	' في'	10409
10325	(1631, 170)	' প'	10410
10326	(693, 333)	'说是'	10411
10327	(1014, 1056)	'文物'	10412
10328	(1076, 381)	'万人'	10413
10329	(379, 7953)	' CEO'	10414
10330	(2782, 107)	' milk'	10415
10331	(373, 608)	'在于'	10416
10332	(4104, 175)	'્ય'	10417
10333	(6358, 6438)	' ridicul'	10418
10334	(1362, 3575)	'liament'	10419
10335	(620, 12075)	' Jackson'	10420
10336	(2305, 142)	'碎'	10421
10337	(1232, 724)	'展开'	10422
10338	(1433, 760)	' smell'	10423
10339	(256, 351)	' tro'	10424
10340	(1678, 3806)	'包含'	10425
10341	(2649, 149)	'िक'	10426
10342	(81, 117)	'Qu'	10427
10343	(284, 737)	' pip'	10428
10344	(1231, 164)	'勤'	10429
10345	(174, 553)	b'\xae\xe1\x80'	10430
10346	(1535, 413)	'较大'	10431
10347	(522, 375)	' Their'	10432
10348	(6844, 283)	' challenges'	10433
10349	(370, 595)	'不多'	10434
10350	(4653, 115)	' boys'	10435
10351	(2961, 887)	'频道'	10436
10352	(395, 327)	' Met'	10437
10353	(264, 374)	"on's"	10438
10354	(294, 1615)	' hits'	10439
10355	(891, 4449)	' unlike'	10440
10356	(2061, 3093)	' کې'	10441
10357	(287, 120)	' ox'	10442
10358	(954, 885)	'特点'	10443
10359	(1545, 176)	'械'	10444
10360	(887, 1268)	'道路'	10445
10361	(369, 12036)	' According'	10446
10362	(5697, 2233)	' ordered'	10447
10363	(979, 1154)	'英國'	10448
10364	(99, 825)	'cking'	10449
10365	(9283, 278)	' crisis'	10450
10366	(910, 157)	'芝'	10451
10367	(619, 280)	'成的'	10452
10368	(2265, 273)	' factor'	10453
10369	(306, 149)	'夕'	10454
10370	(2567, 2094)	'声音'	10455
10371	(330, 605)	' east'	10456
10372	(1244, 797)	'总理'	10457
10373	(71, 945)	'Great'	10458
10374	(612, 135)	'颇'	10459
10375	(7049, 591)	'forcement'	10460
10376	(276, 2527)	' bụ'	10461
10377	(854, 150)	'袖'	10462
10378	(2049, 53)	'1.5'	10463
10379	(725, 1105)	' Under'	10464
10380	(451, 155)	'抛'	10465
10381	(429, 1842)	' Public'	10466
10382	(331, 505)	'idel'	10467
10383	(5652, 486)	' Senate'	10468
10384	(3643, 563)	'智能'	10469
10385	(509, 288)	' Fed'	10470
10386	(6182, 6182)	'呵呵'	10471
10387	(706, 1149)	'还没有'	10472
10388	(420, 327)	' Bet'	10473
10389	(280, 3135)	'的表现'	10474
10390	(1133, 9051)	' impossible'	10475
10391	(2180, 55)	' 2007'	10476
10392	(772, 178)	'લ'	10477
10393	(2186, 539)	'拿到'	10478
10394	(267, 486)	'erate'	10479
10395	(518, 343)	' vac'	10480
10396	(65, 89)	'AY'	10481
10397	(12048, 5706)	' neighbor'	10482
10398	(1787, 1020)	' presence'	10483
10399	(478, 2835)	' sharing'	10484
10400	(521, 6343)	' sugar'	10485
10401	(692, 835)	'本期'	10486
10402	(507, 101)	'rome'	10487
10403	(305, 3159)	'icians'	10488
10404	(1233, 171)	'虫'	10489
10405	(383, 182)	'帶'	10490
10406	(767, 1700)	' arms'	10491
10407	(2285, 159)	'்ட'	10492
10408	(1007, 424)	' Vol'	10493
10409	(102, 577)	'fall'	10494
10410	(83, 726)	'Sure'	10495
10411	(56, 57)	'89'	10496
10412	(114, 364)	'rig'	10497
10413	(119, 300)	'was'	10498
10414	(4926, 2693)	'ත්'	10499
10415	(621, 4086)	'分享'	10500
10416	(272, 1072)	'anish'	10501
10417	(275, 824)	' cere'	10502
10418	(5302, 7183)	' battery'	10503
10419	(278, 105)	'isi'	10504
10420	(284, 271)	' pit'	10505
10421	(114, 334)	'row'	10506
10422	(915, 182)	'胶'	10507
10423	(110, 505)	'nel'	10508
10424	(429, 567)	' Pak'	10509
10425	(4664, 272)	' Korean'	10510
10426	(45, 76)	'-L'	10511
10427	(1411, 3719)	' indeed'	10512
10428	(2922, 2169)	'印象'	10513
10429	(395, 267)	' Mer'	10514
10430	(1100, 8865)	' guarant'	10515
10431	(2336, 1204)	' drivers'	10516
10432	(7001, 468)	' schedul'	10517
10433	(284, 611)	' pod'	10518
10434	(1108, 1118)	'رو'	10519
10435	(112, 1170)	'pool'	10520
10436	(620, 618)	' Jud'	10521
10437	(906, 1096)	'性感'	10522
10438	(292, 443)	' dun'	10523
10439	(1093, 130)	'烂'	10524
10440	(1311, 2283)	'设置'	10525
10441	(4966, 2024)	'损失'	10526
10442	(413, 1611)	'大约'	10527
10443	(68, 715)	'Dep'	10528
10444	(349, 189)	'幽'	10529
10445	(54, 50)	'62'	10530
10446	(300, 726)	'asure'	10531
10447	(4491, 156)	'膜'	10532
10448	(749, 316)	'ansion'	10533
10449	(2476, 931)	' distance'	10534
10450	(2995, 1693)	' الم'	10535
10451	(4354, 116)	' debt'	10536
10452	(456, 97)	' Ha'	10537
10453	(7034, 115)	' hundreds'	10538
10454	(1371, 1289)	'增强'	10539
10455	(4276, 322)	' fairly'	10540
10456	(482, 283)	' notes'	10541
10457	(5284, 334)	' fellow'	10542
10458	(352, 740)	' Time'	10543
10459	(1862, 930)	'居然'	10544
10460	(1263, 664)	' flood'	10545
10461	(693, 386)	'说了'	10546
10462	(328, 5147)	' reaction'	10547
10463	(99, 512)	'cos'	10548
10464	(1721, 3230)	'欧盟'	10549
10465	(5517, 1517)	' scientific'	10550
10466	(3849, 3849)	'OOOO'	10551
10467	(311, 335)	' gay'	10552
10468	(524, 3840)	'时刻'	10553
10469	(804, 171)	'畫'	10554
10470	(3469, 829)	' treated'	10555
10471	(530, 541)	' liqu'	10556
10472	(362, 1812)	' Spr'	10557
10473	(352, 262)	' Tre'	10558
10474	(1111, 584)	'让他'	10559
10475	(12084, 6106)	' Committee'	10560
10476	(518, 4079)	' virt'	10561
10477	(491, 494)	'aints'	10563
10478	(543, 1951)	' button'	10564
10479	(232, 172)	b'\xe8\xac'	10565
10480	(5849, 1098)	' innov'	10566
10481	(730, 168)	'谨'	10567
10482	(1423, 581)	'各地'	10568
10483	(115, 282)	'sing'	10569
10484	(3436, 115)	' views'	10570
10485	(80, 114)	'Pr'	10571
10486	(6436, 1801)	'邀请'	10572
10487	(305, 673)	'icide'	10573
10488	(4137, 601)	' policies'	10574
10489	(1017, 381)	'中国人'	10575
10490	(717, 900)	' 2019'	10576
10491	(1500, 3500)	' coverage'	10577
10492	(264, 308)	'onom'	10578
10493	(2757, 133)	'их'	10579
10494	(5004, 315)	' Apple'	10580
10495	(4307, 1178)	'绿色'	10581
10496	(286, 329)	' ment'	10582
10497	(6993, 322)	' relatively'	10583
10498	(1854, 2760)	' confused'	10584
10499	(1706, 175)	'譯'	10585
10500	(2575, 881)	' Club'	10586
10501	(3417, 322)	' properly'	10587
10502	(298, 111)	' tho'	10589
10503	(370, 777)	'不如'	10590
10504	(4475, 152)	'하'	10591
10505	(278, 1644)	'ishes'	10592
10506	(343, 1792)	'acement'	10593
10507	(797, 2934)	'理念'	10594
10508	(806, 785)	' manage'	10595
10509	(2235, 3804)	'委員'	10596
10510	(3094, 120)	' approx'	10597
10511	(284, 4207)	' parent'	10598
10512	(649, 282)	'acking'	10599
10513	(1578, 282)	' posting'	10600
10514	(1226, 3458)	'据了解'	10601
10515	(1573, 3121)	' minister'	10602
10516	(739, 1470)	'而不是'	10603
10517	(2323, 1115)	' investors'	10604
10518	(395, 1000)	' Mount'	10605
10519	(12041, 264)	' weapon'	10606
10520	(1482, 3519)	' symb'	10607
10521	(2302, 6712)	' میں'	10608
10522	(76, 89)	'LY'	10609
10523	(472, 264)	' Don'	10610
10524	(70, 1282)	'Fuck'	10611
10525	(1056, 661)	'物业'	10612
10526	(1553, 115)	' ends'	10613
10527	(280, 4556)	'的故事'	10614
10528	(4979, 2927)	' Secret'	10615
10529	(3625, 67)	' McC'	10616
10530	(280, 4040)	'的原因'	10617
10531	(596, 165)	'遥'	10618
10532	(1358, 141)	'認'	10619
10533	(2412, 315)	'hole'	10620
10534	(6976, 331)	' rapid'	10621
10535	(1289, 4468)	'强烈'	10622
10536	(1973, 333)	'则是'	10623
10537	(264, 305)	'onic'	10624
10538	(352, 359)	' Tim'	10625
10539	(77, 79)	'MO'	10626
10540	(431, 175)	'冯'	10627
10541	(2501, 65)	' USA'	10628
10542	(470, 2216)	'usiness'	10629
10543	(4947, 765)	' initial'	10630
10544	(4424, 803)	'启动'	10631
10545	(5592, 2174)	' prepared'	10632
10546	(77, 114)	'Mr'	10633
10547	(663, 679)	' justice'	10634
10548	(268, 1796)	' wins'	10635
10549	(871, 373)	'但在'	10636
10550	(579, 288)	'aped'	10637
10551	(950, 1712)	'ем'	10638
10552	(411, 181)	'張'	10639
10553	(83, 85)	'SU'	10640
10554	(313, 100)	' Id'	10641
10555	(3949, 2423)	' proposed'	10642
10556	(469, 736)	'这部'	10643
10557	(445, 97)	'ema'	10644
10558	(3662, 646)	' да'	10645
10559	(2559, 5449)	' maintain'	10646
10560	(3294, 1020)	' sentence'	10647
10561	(8176, 491)	' sustain'	10648
10562	(380, 107)	'eck'	10649
10563	(573, 4731)	' plastic'	10650
10564	(98, 351)	'bro'	10651
10565	(602, 1386)	'也就是'	10652
10566	(98, 105)	'bi'	10653
10567	(965, 1755)	'手术'	10654
10568	(801, 280)	'元的'	10655
10569	(659, 1099)	'都可以'	10656
10570	(803, 2735)	'动画'	10657
10571	(49, 435)	'120'	10658
10572	(5420, 3587)	' essential'	10659
10573	(2168, 2887)	'助攻'	10660
10574	(1719, 2012)	'胜负'	10661
10575	(2722, 283)	' classes'	10662
10576	(1924, 732)	' famous'	10663
10577	(1087, 544)	'从来'	10664
10578	(3162, 406)	' bench'	10665
10579	(1955, 588)	'即可'	10666
10580	(1005, 428)	'更为'	10667
10581	(1585, 695)	' belong'	10669
10582	(119, 1135)	'water'	10670
10583	(4404, 2110)	'stitution'	10671
10584	(51, 1398)	'3000'	10672
10585	(4936, 327)	' Internet'	10673
10586	(986, 897)	'意外'	10674
10587	(403, 4983)	' habit'	10675
10588	(393, 148)	'奔'	10676
10589	(1237, 386)	'给了'	10677
10590	(32, 3412)	' ç'	10678
10591	(620, 649)	' Jack'	10679
10592	(1884, 1546)	'案件'	10680
10593	(923, 924)	'表明'	10681
10594	(2399, 3579)	' matches'	10682
10595	(3991, 4927)	'政治人物'	10683
10596	(993, 989)	'那样'	10684
10597	(479, 264)	'andon'	10685
10598	(4603, 389)	' strike'	10686
10599	(271, 111)	'ito'	10687
10600	(645, 610)	' spect'	10688
10601	(1562, 290)	' eval'	10689
10602	(884, 1156)	'斯科'	10690
10603	(310, 103)	' ng'	10691
10604	(4119, 930)	'竟然'	10692
10605	(1426, 180)	'滴'	10693
10606	(2269, 1287)	' Frank'	10694
10607	(634, 171)	'倫'	10695
10608	(3099, 841)	'篮球'	10696
10609	(515, 178)	'纲'	10697
10610	(893, 280)	'度的'	10698
10611	(792, 145)	'ố'	10699
10612	(8732, 358)	' false'	10700
10613	(307, 185)	'兹'	10702
10614	(4965, 278)	' Paris'	10703
10615	(1014, 1546)	'文件'	10704
10616	(453, 5567)	'上半年'	10705
10617	(53, 49)	'51'	10706
10618	(987, 186)	b' \xe1\xba'	10707
10619	(3467, 1673)	'分析师'	10708
10620	(337, 184)	'尸'	10709
10621	(311, 3934)	' gift'	10710
10622	(2155, 621)	'百分'	10711
10623	(621, 965)	'分手'	10712
10624	(490, 269)	' seat'	10713
10625	(1264, 2900)	'原油'	10714
10626	(588, 1364)	'可爱'	10715
10627	(80, 85)	'PU'	10716
10628	(620, 359)	' Jim'	10717
10629	(530, 101)	' lie'	10718
10630	(3884, 721)	'Which'	10719
10631	(3790, 2331)	' wondering'	10720
10632	(422, 160)	'赠'	10721
10633	(311, 575)	' gear'	10722
10634	(2456, 159)	'濟'	10723
10635	(105, 931)	'iance'	10724
10636	(395, 445)	' Mem'	10725
10637	(729, 164)	'ত'	10726
10638	(413, 1752)	'大盘'	10727
10639	(960, 444)	'orders'	10728
10640	(529, 7482)	' exchange'	10729
10641	(2492, 83)	'ERS'	10730
10642	(2541, 3756)	'差距'	10731
10643	(281, 698)	' fake'	10732
10644	(5334, 2225)	' leadership'	10733
10645	(1122, 269)	' feat'	10734
10646	(263, 5516)	' soul'	10735
10647	(7020, 283)	'iques'	10736
10648	(5498, 282)	' regarding'	10737
10649	(3337, 112)	' Exp'	10738
10650	(1928, 532)	'學家'	10739
10651	(3705, 288)	' enjoyed'	10740
10652	(1156, 775)	'科比'	10741
10653	(1151, 566)	' bright'	10742
10654	(3152, 803)	'移动'	10743
10655	(2213, 119)	' crew'	10744
10656	(328, 564)	' rent'	10745
10657	(370, 1783)	'不住'	10746
10658	(582, 2044)	'就算'	10747
10659	(305, 121)	'icy'	10748
10660	(102, 6853)	'fortunately'	10749
10661	(1319, 997)	'ур'	10750
10662	(122, 122)	'zz'	10751
10663	(542, 116)	' alt'	10752
10664	(5702, 305)	'hetic'	10753
10665	(613, 741)	'下面'	10754
10666	(109, 111)	'mo'	10755
10667	(1005, 670)	'更好'	10756
10668	(1004, 174)	'壮'	10757
10669	(624, 12081)	' Olymp'	10758
10670	(1666, 9364)	' surgery'	10759
10671	(439, 6928)	'opefully'	10760
10672	(4571, 4646)	' responsibility'	10761
10673	(2425, 115)	' tells'	10762
10674	(4553, 2143)	'蒙古'	10763
10675	(953, 398)	'当中'	10764
10676	(593, 1023)	' trail'	10765
10677	(891, 1615)	' units'	10766
10678	(283, 104)	'esh'	10767
10679	(398, 1523)	'中奖'	10768
10680	(2182, 45)	' na-'	10769
10681	(6508, 2203)	'涂料'	10770
10682	(754, 319)	'rave'	10771
10683	(1330, 1193)	'十二'	10772
10684	(2254, 2220)	' completed'	10773
10685	(465, 7080)	' consequ'	10774
10686	(321, 2503)	' yards'	10775
10687	(503, 445)	' Rem'	10776
10688	(576, 407)	' soil'	10777
10689	(864, 181)	'涵'	10778
10690	(511, 168)	'厨'	10779
10691	(613, 5917)	'下滑'	10780
10692	(400, 282)	'illing'	10781
10693	(284, 1603)	' pump'	10782
10694	(292, 39)	" d'"	10783
10695	(1761, 1176)	'阿尔'	10784
10696	(2199, 641)	' zone'	10785
10697	(667, 386)	'过了'	10786
10698	(1158, 50)	'2002'	10787
10699	(716, 398)	'之中'	10788
10700	(748, 110)	' Kn'	10789
10701	(377, 161)	'ड'	10790
10702	(114, 300)	'ras'	10791
10703	(5968, 2853)	' Valley'	10792
10704	(332, 146)	'戒'	10793
10705	(5719, 3109)	'本报讯'	10794
10706	(108, 552)	'list'	10795
10707	(2804, 115)	' foods'	10796
10708	(232, 164)	b'\xe8\xa4'	10797
10709	(2921, 1226)	'占据'	10798
10710	(370, 2427)	'不够'	10799
10711	(56, 54)	'86'	10800
10712	(273, 765)	'orial'	10802
10713	(2020, 128)	'節'	10803
10714	(385, 170)	'循'	10804
10715	(4294, 5090)	' William'	10805
10716	(797, 1027)	'理想'	10806
10717	(1299, 5104)	'接触'	10807
10718	(78, 78)	'NN'	10808
10719	(645, 2889)	' spoke'	10810
10720	(4166, 156)	'蜜'	10811
10721	(3241, 163)	'าร'	10812
10722	(1086, 3247)	'无疑'	10813
10723	(196, 135)	'ć'	10814
10724	(32, 5525)	' қ'	10815
10725	(261, 145)	'丑'	10816
10726	(8803, 4350)	' District'	10817
10727	(370, 373)	'不在'	10818
10728	(1399, 282)	'luding'	10819
10729	(1882, 2837)	'份额'	10820
10730	(108, 424)	'lol'	10821
10731	(284, 290)	' pal'	10822
10732	(878, 1523)	'等奖'	10824
10733	(1939, 121)	'they'	10825
10734	(2156, 380)	' Spec'	10826
10735	(45, 262)	'-re'	10827
10736	(1207, 333)	'或是'	10828
10737	(2969, 679)	' Justice'	10829
10738	(2303, 157)	' ም'	10830
10739	(499, 319)	' prove'	10831
10740	(645, 760)	' spell'	10832
10741	(421, 7588)	'年龄'	10833
10742	(529, 9020)	' excellent'	10834
10743	(76, 3696)	'Looks'	10835
10744	(283, 2658)	'esides'	10836
10745	(1296, 137)	'脉'	10837
10746	(4937, 190)	'諾'	10838
10747	(6169, 698)	' mistake'	10839
10748	(1935, 1439)	'罗马'	10840
10749	(5973, 6433)	' experienced'	10841
10750	(1733, 641)	'phone'	10842
10751	(68, 114)	'Dr'	10843
10752	(1195, 545)	'做出'	10844
10753	(1053, 138)	'喊'	10845
10754	(1091, 2524)	'身材'	10846
10755	(2669, 110)	'ün'	10847
10756	(906, 483)	'性和'	10848
10757	(6707, 750)	b'\xe0\xaf\x88\xe0\xae'	10849
10758	(2014, 1622)	'素质'	10850
10759	(433, 943)	'国民'	10851
10760	(263, 343)	' sac'	10852
10761	(1205, 280)	'量的'	10853
10762	(291, 592)	'arks'	10854
10763	(281, 2580)	' fired'	10855
10764	(2954, 280)	'所有的'	10856
10765	(538, 373)	'会在'	10857
10766	(103, 329)	'gent'	10858
10767	(1298, 421)	'少年'	10859
10768	(1158, 49)	'2001'	10860
10769	(4294, 12077)	' Williams'	10861
10770	(320, 160)	'删'	10862
10771	(284, 1170)	' pool'	10863
10772	(422, 140)	'赌'	10864
10773	(117, 272)	'uan'	10865
10774	(3284, 351)	'-pro'	10866
10775	(1276, 1681)	' keys'	10867
10776	(3376, 166)	'ائ'	10868
10777	(71, 78)	'GN'	10869
10778	(216, 163)	'أ'	10870
10779	(4412, 1364)	'恋爱'	10871
10780	(490, 541)	' sequ'	10872
10781	(1438, 164)	'ात'	10873
10782	(884, 4680)	'斯坦'	10874
10783	(4267, 142)	'獎'	10875
10784	(3096, 1538)	'紧张'	10876
10785	(284, 726)	' pure'	10877
10786	(71, 65)	'GA'	10878
10787	(2892, 170)	'質'	10879
10788	(362, 479)	' Sand'	10880
10789	(4330, 115)	' stores'	10881
10790	(1001, 4867)	'两岸'	10882
10791	(905, 1831)	'第五'	10883
10792	(2125, 1120)	'购房'	10884
10793	(53, 50)	'52'	10885
10794	(731, 8566)	' intelligence'	10886
10795	(57, 55)	'97'	10887
10796	(116, 2808)	'tained'	10888
10797	(57, 54)	'96'	10889
10798	(1264, 1973)	'原则'	10890
10799	(80, 82)	'PR'	10891
10800	(420, 12078)	' Boston'	10892
10801	(276, 264)	' bon'	10893
10802	(2429, 282)	'ducing'	10894
10803	(6766, 2784)	'iciency'	10895
10804	(87, 5822)	'Wait'	10896
10805	(321, 101)	' ye'	10897
10806	(420, 5907)	' Bowl'	10898
10807	(388, 138)	'變'	10899
10808	(500, 89)	' NY'	10900
10809	(518, 2349)	' vision'	10901
10810	(341, 131)	'乃'	10902
10811	(1820, 622)	'研发'	10903
10812	(1817, 144)	' ነ'	10905
10813	(778, 104)	' enh'	10906
10814	(1512, 271)	' monit'	10907
10815	(6196, 9431)	' satisf'	10908
10816	(480, 134)	'屆'	10909
10817	(1878, 1044)	"We're"	10910
10818	(1343, 2050)	'非洲'	10911
10819	(2624, 102)	' Prof'	10912
10820	(256, 443)	' tun'	10913
10821	(1468, 172)	'悬'	10914
10822	(57, 50)	'92'	10915
10823	(280, 1889)	'的游戏'	10916
10824	(346, 445)	' item'	10917
10825	(267, 773)	'erry'	10918
10826	(418, 673)	' ride'	10919
10827	(924, 728)	'明天'	10920
10828	(4274, 1956)	'逐步'	10921
10829	(362, 424)	' Sol'	10922
10830	(32, 886)	' ib'	10923
10831	(1542, 586)	'反对'	10924
10832	(794, 581)	'基地'	10925
10833	(1064, 609)	'化学'	10926
10834	(849, 282)	' knowing'	10927
10835	(2060, 1019)	'售价'	10928
10836	(553, 5160)	b'\xe1\x80\x90\xe1\x80'	10929
10837	(292, 359)	' dim'	10930
10838	(4734, 288)	' pulled'	10931
10839	(821, 682)	'全新'	10932
10840	(53, 51)	'53'	10933
10841	(1263, 939)	' flav'	10934
10842	(876, 2533)	'合适'	10935
10843	(3728, 785)	' Image'	10936
10844	(2115, 4060)	' depends'	10937
10845	(4711, 115)	' songs'	10938
10846	(8828, 2944)	' launched'	10939
10847	(5527, 2693)	'ක්'	10940
10848	(1120, 5333)	'房屋'	10941
10849	(1573, 6763)	' minimum'	10942
10850	(373, 999)	'在此'	10943
10851	(1438, 130)	'ां'	10944
10852	(612, 168)	'風'	10945
10853	(9597, 408)	' Education'	10946
10854	(628, 134)	'妆'	10947
10855	(2496, 1459)	'摄像'	10948
10856	(624, 7672)	' Open'	10949
10857	(2059, 2786)	'维护'	10950
10858	(421, 1147)	'年至'	10951
10859	(1930, 149)	' క'	10952
10860	(1415, 2422)	'男朋友'	10953
10861	(2206, 305)	' topic'	10954
10862	(2872, 358)	'iverse'	10955
10863	(914, 3992)	' nobody'	10956
10864	(759, 137)	' उ'	10957
10865	(2111, 262)	' centre'	10958
10866	(565, 333)	'要是'	10959
10867	(3939, 912)	'顺利'	10960
10868	(268, 7642)	' wanna'	10961
10869	(1953, 428)	'仅为'	10962
10870	(7784, 1758)	'沪深'	10963
10871	(3588, 1027)	'梦想'	10964
10872	(706, 1099)	'还可以'	10965
10873	(418, 1369)	' rating'	10966
10874	(4719, 8046)	' domestic'	10967
10875	(451, 188)	'押'	10968
10876	(76, 605)	'Last'	10969
10877	(369, 67)	' AC'	10970
10878	(2276, 1101)	'官员'	10971
10879	(720, 151)	'苗'	10972
10880	(2238, 3021)	' planned'	10973
10881	(4250, 686)	' motiv'	10974
10882	(1313, 170)	' ਪ'	10975
10883	(396, 171)	'扫'	10976
10884	(1129, 178)	'莲'	10977
10885	(472, 686)	' Div'	10978
10886	(280, 1590)	'的可能'	10979
10887	(432, 187)	'玻'	10980
10888	(728, 613)	'天下'	10981
10889	(1360, 1210)	'认真'	10982
10890	(760, 121)	'elly'	10983
10891	(788, 1379)	' complic'	10984
10892	(9034, 1437)	'曝光'	10985
10893	(8078, 4731)	' fantastic'	10986
10894	(443, 115)	'uns'	10987
10895	(407, 271)	'ilit'	10988
10896	(393, 137)	'奉'	10989
10897	(453, 933)	'上去'	10990
10898	(3875, 2760)	' focused'	10991
10899	(284, 288)	' ped'	10992
10900	(750, 178)	'ல'	10993
10901	(838, 152)	'聘'	10994
10902	(2734, 931)	' advance'	10995
10903	(362, 291)	' Sar'	10996
10904	(755, 137)	'ሉ'	10997
10905	(526, 155)	'氛'	10998
10906	(3056, 4057)	'ිය'	10999
10907	(6944, 1268)	'鐵路'	11000
10908	(378, 1590)	'有可能'	11001
10909	(3819, 322)	'Only'	11002
10910	(258, 640)	'hered'	11003
10911	(4015, 111)	' Two'	11004
10912	(994, 6323)	' Chris'	11005
10913	(2472, 288)	' listed'	11006
10914	(311, 3254)	' grew'	11007
10915	(1415, 906)	'男性'	11008
10916	(1686, 4333)	'神秘'	11009
10917	(2079, 267)	' harder'	11010
10918	(1263, 566)	' flight'	11011
10919	(256, 649)	' tack'	11012
10920	(1661, 132)	'ไ'	11013
10921	(112, 578)	'part'	11014
10922	(1158, 51)	'2003'	11015
10923	(338, 1665)	' island'	11016
10924	(1097, 1217)	'提示'	11017
10925	(596, 138)	'遊'	11018
10926	(2057, 386)	'死了'	11019
10927	(716, 613)	'之下'	11020
10928	(544, 2116)	'来源'	11021
10929	(2767, 479)	' Grand'	11022
10930	(518, 6335)	' vacc'	11023
10931	(280, 1903)	'的产品'	11024
10932	(1988, 97)	'arma'	11025
10933	(4334, 135)	'崇'	11026
10934	(1662, 930)	'显然'	11027
10935	(371, 1282)	' stuck'	11028
10936	(644, 161)	'渡'	11029
10937	(671, 675)	'现金'	11030
10938	(1699, 3754)	'是一種'	11031
10939	(452, 693)	'我说'	11032
10940	(3660, 160)	'鼠'	11033
10941	(2557, 466)	' protest'	11034
10942	(602, 817)	'也很'	11035
10943	(1602, 563)	'节能'	11036
10944	(364, 97)	'iga'	11037
10945	(845, 3499)	' offensive'	11038
10946	(978, 2422)	'女朋友'	11039
10947	(1694, 144)	'腐'	11040
10948	(1418, 893)	'再度'	11041
10949	(82, 566)	'Right'	11042
10950	(509, 2006)	' Fox'	11043
10951	(335, 282)	'aying'	11044
10952	(1304, 134)	'ె'	11045
10953	(7057, 798)	' millions'	11046
10954	(1571, 2708)	'带来的'	11047
10955	(311, 4565)	' gender'	11048
10956	(216, 166)	'ئ'	11049
10957	(702, 1619)	'看见'	11050
10958	(288, 735)	'edia'	11051
10959	(2235, 538)	'委会'	11052
10960	(628, 168)	'妨'	11053
10961	(79, 68)	'OD'	11054
10962	(2511, 159)	'瑟'	11055
10963	(1355, 453)	'市场上'	11056
10964	(339, 2198)	'一個'	11057
10965	(114, 259)	'rin'	11058
10966	(599, 152)	'掘'	11059
10967	(2414, 1437)	'阳光'	11060
10968	(503, 505)	' Rel'	11061
10969	(82, 2062)	'Read'	11062
10970	(3240, 1748)	' elements'	11063
10971	(420, 1447)	' Both'	11064
10972	(462, 1058)	' Wild'	11065
10973	(1429, 130)	'ੂ'	11066
10974	(5665, 6106)	' committee'	11067
10975	(7107, 733)	b'\xe0\xb1\x87\xe0\xb0'	11068
10976	(4323, 428)	'分别为'	11069
10977	(2435, 288)	'apped'	11070
10978	(432, 132)	'玄'	11071
10979	(45, 1284)	'-12'	11072
10980	(861, 6747)	' academ'	11073
10981	(1513, 552)	' regist'	11074
10982	(1100, 673)	' guide'	11075
10983	(620, 264)	' Jon'	11076
10984	(2650, 386)	'出现了'	11077
10985	(3549, 288)	' suggested'	11078
10986	(769, 1227)	'ис'	11079
10987	(278, 1800)	'isters'	11080
10988	(746, 978)	'美女'	11081
10989	(2043, 316)	'ception'	11082
10990	(509, 291)	' Far'	11083
10991	(589, 2510)	" they've"	11084
10992	(2018, 112)	'exp'	11085
10993	(1001, 895)	'两次'	11086
10994	(757, 1139)	' adult'	11087
10995	(2507, 401)	' veter'	11088
10996	(1088, 107)	' seek'	11089
10997	(1505, 174)	' મ'	11090
10998	(3326, 1369)	' operating'	11091
10999	(6780, 1285)	'扮演'	11092
11000	(4218, 532)	'科学家'	11093
11001	(1598, 2881)	'规范'	11094
11002	(7867, 2755)	'办公室'	11095
11003	(3029, 740)	' Prime'	11096
11004	(304, 176)	'仰'	11097
11005	(417, 171)	'衫'	11098
11006	(810, 191)	'姿'	11099
11007	(1246, 151)	'粗'	11100
11008	(769, 1802)	'ив'	11101
11009	(287, 104)	' oh'	11102
11010	(965, 2133)	'手段'	11103
11011	(2118, 115)	' heads'	11104
11012	(3799, 282)	' bringing'	11105
11013	(612, 129)	'颁'	11106
11014	(1195, 539)	'做到'	11107
11015	(595, 1022)	'多种'	11108
11016	(533, 169)	'浩'	11110
11017	(1913, 797)	'办理'	11111
11018	(8071, 271)	' split'	11112
11019	(2061, 1108)	' کر'	11113
11020	(4058, 407)	'razil'	11114
11021	(7671, 1697)	' alternative'	11115
11022	(1872, 2427)	'足够'	11116
11023	(1408, 803)	'流动'	11117
11024	(623, 155)	'ป'	11118
11025	(802, 428)	'名为'	11119
11026	(1320, 1033)	' decade'	11120
11027	(2878, 3082)	'志愿'	11121
11028	(284, 407)	' pil'	11122
11029	(542, 572)	' alive'	11123
11030	(1601, 115)	' subs'	11124
11031	(572, 322)	'ively'	11125
11032	(530, 6725)	' likes'	11126
11033	(557, 12083)	' Egypt'	11127
11034	(1111, 1069)	'让我们'	11128
11035	(281, 351)	' fro'	11129
11036	(1854, 3507)	' confidence'	11130
11037	(4122, 267)	' customer'	11131
11038	(256, 4963)	' tiny'	11132
11039	(314, 146)	'園'	11133
11040	(534, 1859)	' Lee'	11134
11041	(5058, 6568)	' है'	11135
11042	(1758, 1047)	'深入'	11136
11043	(8257, 1453)	'杭州'	11137
11044	(442, 104)	' kh'	11138
11045	(2838, 721)	' Which'	11139
11046	(6009, 1528)	' arrived'	11140
11047	(7522, 829)	' estimated'	11141
11048	(1845, 2327)	'nergy'	11142
11049	(2362, 931)	' importance'	11143
11050	(2634, 942)	'融资'	11144
11051	(4185, 386)	'采用了'	11145
11052	(2885, 4433)	' про'	11146
11053	(1376, 802)	'又名'	11147
11054	(310, 1697)	' native'	11148
11055	(603, 133)	'辅'	11149
11056	(3036, 348)	'ynam'	11150
11057	(839, 546)	' quant'	11151
11058	(277, 2113)	'enger'	11152
11059	(880, 181)	'页'	11153
11060	(534, 960)	' Lord'	11154
11061	(3777, 110)	'ón'	11155
11062	(108, 272)	'lan'	11156
11063	(1240, 2840)	'战绩'	11157
11064	(2394, 110)	' Ann'	11158
11065	(286, 606)	' mort'	11159
11066	(1114, 335)	'away'	11160
11067	(589, 2228)	" they'll"	11161
11068	(1236, 2593)	'受伤'	11162
11069	(276, 678)	' bound'	11163
11070	(32, 792)	b' \xe1\xbb'	11164
11071	(276, 3433)	' bacter'	11165
11072	(675, 2837)	'金额'	11166
11073	(109, 105)	'mi'	11167
11074	(345, 273)	'ador'	11168
11075	(83, 267)	'Ser'	11169
11076	(7334, 1056)	'宠物'	11170
11077	(348, 105)	'ami'	11171
11078	(271, 1145)	'itory'	11172
11079	(812, 178)	'ਲ'	11173
11080	(771, 986)	'同意'	11174
11081	(2806, 595)	'那么多'	11175
11082	(1961, 5203)	'复杂'	11176
11083	(529, 5982)	' exhib'	11177
11084	(271, 374)	"it's"	11178
11085	(1523, 1443)	'奖号'	11179
11086	(3007, 176)	'్ర'	11180
11087	(2348, 5316)	' communication'	11181
11088	(545, 1241)	'出台'	11182
11089	(579, 444)	'apers'	11183
11090	(6305, 175)	'嗯'	11184
11091	(561, 280)	'日的'	11185
11092	(99, 3954)	'craft'	11186
11093	(3926, 115)	' guns'	11187
11094	(2065, 494)	' experts'	11188
11095	(114, 331)	'rid'	11189
11096	(3722, 1847)	'ले'	11190
11097	(567, 105)	'aki'	11191
11098	(660, 1374)	'高级'	11192
11099	(1725, 1178)	'白色'	11193
11100	(2117, 6068)	' collabor'	11194
11101	(2088, 1845)	' winner'	11195
11102	(534, 1442)	' Life'	11196
11103	(557, 309)	' Ell'	11197
11104	(328, 1362)	' reli'	11198
11105	(395, 9119)	' Middle'	11199
11106	(7262, 110)	'ên'	11200
11107	(114, 546)	'rant'	11201
11108	(1269, 4679)	' committed'	11202
11109	(89, 7021)	'Yea'	11203
11110	(3327, 1286)	' occup'	11204
11111	(684, 595)	'最多'	11205
11112	(856, 51)	' 33'	11206
11113	(3900, 2188)	' connected'	11207
11114	(2045, 669)	' edge'	11208
11115	(616, 3681)	' worried'	11209
11116	(1930, 181)	' వ'	11210
11117	(7728, 8954)	'光学变焦'	11211
11118	(724, 4424)	'开启'	11212
11119	(284, 1220)	' piss'	11213
11120	(256, 577)	' tall'	11214
11121	(12011, 283)	' moves'	11215
11122	(118, 259)	'vin'	11216
11123	(547, 178)	'割'	11217
11124	(659, 817)	'都很'	11218
11125	(878, 2179)	'等待'	11219
11126	(500, 1786)	' Never'	11220
11127	(2034, 115)	' keeps'	11221
11128	(3167, 176)	'鹰'	11222
11129	(1183, 280)	'别的'	11223
11130	(46, 99)	'.c'	11224
11131	(843, 374)	" year's"	11225
11132	(1129, 142)	'莎'	11226
11133	(1045, 101)	'obe'	11227
11134	(1930, 133)	' అ'	11228
11135	(2612, 4981)	'朝鲜'	11229
11136	(485, 267)	' jer'	11230
11137	(464, 112)	'rip'	11231
11138	(860, 167)	'捧'	11232
11139	(936, 138)	' ي'	11233
11140	(230, 170)	b'\xe6\xaa'	11235
11141	(2166, 983)	'某些'	11236
11142	(621, 1958)	'分红'	11237
11143	(311, 6005)	' giant'	11238
11144	(429, 4529)	' Prem'	11239
11145	(356, 116)	' fort'	11240
11146	(1118, 1693)	'وم'	11241
11147	(1847, 3477)	'ें'	11242
11148	(878, 1374)	'等级'	11243
11149	(69, 110)	'En'	11244
11150	(3029, 325)	' Prot'	11245
11151	(301, 437)	' lag'	11246
11152	(362, 436)	' Sher'	11247
11153	(1449, 105)	'azi'	11248
11154	(957, 133)	'锅'	11249
11155	(581, 6477)	'地址'	11250
11156	(32, 3768)	' era'	11251
11157	(561, 3956)	'日消息'	11252
11158	(475, 171)	'贫'	11253
11159	(100, 115)	'ds'	11254
11160	(1211, 273)	'ictor'	11255
11161	(429, 82)	' PR'	11256
11162	(294, 3595)	' hole'	11257
11163	(1441, 6661)	'注册'	11258
11164	(4579, 1335)	' surprise'	11259
11165	(2453, 115)	' stands'	11260
11166	(1535, 428)	'较为'	11261
11167	(8641, 259)	' protein'	11262
11168	(3442, 1944)	' practices'	11263
11169	(621, 428)	'分为'	11264
11170	(3316, 267)	' younger'	11265
11171	(977, 147)	'墓'	11266
11172	(617, 156)	' М'	11267
11173	(4163, 4004)	' cultural'	11268
11174	(607, 129)	'愁'	11269
11175	(313, 12086)	' Ireland'	11270
11176	(746, 3333)	'美丽'	11271
11177	(433, 280)	'国的'	11272
11178	(7564, 486)	' accurate'	11273
11179	(2545, 9478)	' opposite'	11274
11180	(1376, 1440)	'又称'	11275
11181	(4016, 84)	'ENT'	11276
11182	(298, 121)	' thy'	11277
11183	(617, 161)	' С'	11278
11184	(425, 147)	'寓'	11279
11185	(1428, 116)	'ət'	11280
11186	(7651, 9549)	' Toronto'	11281
11187	(357, 115)	'uts'	11282
11188	(1466, 1891)	'车站'	11283
11189	(256, 9734)	' tournament'	11284
11190	(422, 142)	'赎'	11285
11191	(634, 145)	'們'	11286
11192	(121, 374)	"y's"	11287
11193	(534, 605)	' Last'	11288
11194	(280, 3689)	'的机会'	11289
11195	(369, 107)	' Ak'	11290
11196	(5290, 4721)	'培训'	11291
11197	(287, 100)	' od'	11292
11198	(481, 259)	'abin'	11293
11199	(1428, 115)	'əs'	11294
11200	(755, 170)	'ሪ'	11295
11201	(420, 760)	' Bell'	11296
11202	(560, 145)	'惑'	11297
11203	(8591, 2026)	'歷史'	11298
11204	(289, 120)	' anx'	11299
11205	(362, 72)	' SH'	11300
11206	(9373, 3673)	'太平洋'	11301
11207	(1455, 150)	'殖'	11302
11208	(866, 2317)	'实验'	11303
11209	(1784, 2843)	' instruct'	11304
11210	(2689, 7191)	'卫浴'	11305
11211	(5733, 1162)	' turning'	11306
11212	(357, 406)	'utch'	11307
11213	(1784, 114)	' instr'	11308
11214	(474, 167)	'歧'	11309
11215	(300, 1402)	'astern'	11310
11216	(2672, 7849)	b' \xe1\x80\xa1\xe1\x80'	11311
11217	(603, 163)	'辣'	11312
11218	(2727, 954)	'独特'	11313
11219	(736, 280)	'部的'	11314
11220	(386, 1861)	'了吧'	11315
11221	(2251, 922)	'剧情'	11316
11222	(1598, 1973)	'规则'	11317
11223	(301, 1396)	' lock'	11318
11224	(9891, 156)	'로'	11319
11225	(355, 164)	'斤'	11320
11226	(5043, 1081)	' Australian'	11321
11227	(425, 171)	'寫'	11322
11228	(9660, 2304)	'丈夫'	11323
11229	(1015, 992)	' teach'	11324
11230	(83, 1489)	'Since'	11325
11231	(741, 674)	'面前'	11326
11232	(1098, 97)	'ova'	11327
11233	(2485, 4072)	' democr'	11328
11234	(3054, 5887)	'监督'	11329
11235	(1131, 5390)	'系統'	11330
11236	(462, 577)	' Wall'	11331
11237	(684, 2194)	'最早'	11332
11238	(2698, 111)	'-to'	11333
11239	(1688, 115)	' sets'	11334
11240	(6691, 9662)	' afraid'	11335
11241	(500, 273)	' Nor'	11336
11242	(465, 410)	' conce'	11337
11243	(4619, 8499)	' penalty'	11338
11244	(1733, 300)	'phas'	11339
11245	(1435, 171)	'疫'	11340
11246	(1291, 1955)	'立即'	11341
11247	(6984, 726)	' manufacture'	11343
11248	(512, 290)	'osal'	11344
11249	(378, 912)	'有利'	11345
11250	(602, 837)	'也将'	11346
11251	(2013, 661)	'创业'	11347
11252	(3240, 591)	' element'	11348
11253	(469, 1386)	'这就是'	11349
11254	(1978, 4606)	'吃饭'	11350
11255	(6062, 1630)	' Ohio'	11351
11256	(425, 191)	'寿'	11352
11257	(271, 272)	'itan'	11353
11258	(2239, 1490)	'奇才'	11354
11259	(3238, 178)	'ில'	11355
11260	(479, 111)	'ando'	11356
11261	(948, 1372)	'工具'	11357
11262	(2172, 622)	'引发'	11358
11263	(946, 1310)	' resident'	11359
11264	(975, 1683)	' herself'	11360
11265	(499, 2970)	' proof'	11361
11266	(3844, 288)	' presented'	11362
11267	(623, 183)	'ื'	11363
11268	(4196, 1130)	'्या'	11365
11269	(3672, 116)	' joint'	11366
11270	(3737, 971)	'porary'	11367
11271	(1927, 359)	' elim'	11368
11272	(297, 5454)	' input'	11369
11273	(505, 97)	'ela'	11370
11274	(512, 99)	'osc'	11371
11275	(659, 643)	'都市'	11372
11276	(1030, 8061)	'通胀'	11373
11277	(9667, 112)	'http'	11374
11278	(70, 114)	'Fr'	11375
11279	(2717, 374)	" company's"	11376
11280	(835, 2723)	'期货'	11377
11281	(521, 112)	' sup'	11378
11282	(5232, 7353)	'Probably'	11379
11283	(402, 182)	'凶'	11380
11284	(8304, 3015)	'阅读'	11381
11285	(45, 1939)	'-the'	11382
11286	(256, 270)	' tou'	11383
11287	(328, 4597)	' reduced'	11384
11288	(2042, 175)	'魯'	11385
11289	(8337, 1361)	' Daily'	11386
11290	(1737, 841)	'半球'	11387
11291	(68, 1645)	'Def'	11388
11292	(373, 1494)	'在线'	11389
11293	(117, 732)	'uous'	11390
11294	(889, 481)	' grab'	11391
11295	(526, 163)	'氣'	11392
11296	(536, 104)	' Gh'	11393
11297	(4638, 322)	' perfectly'	11394
11298	(68, 101)	'De'	11395
11299	(8849, 1028)	' organizations'	11396
11300	(846, 1031)	'от'	11397
11301	(5833, 291)	' dollar'	11398
11302	(362, 484)	' Sum'	11399
11303	(3818, 1866)	' figures'	11400
11304	(456, 424)	' Hol'	11401
11305	(280, 1747)	'的热'	11402
11306	(122, 121)	'zy'	11403
11307	(256, 273)	' tor'	11404
11308	(624, 363)	' Old'	11405
11309	(670, 702)	'好看'	11406
11310	(515, 181)	'纵'	11407
11311	(108, 1464)	'lı'	11408
11312	(631, 2028)	' allowing'	11409
11313	(5775, 4597)	' introduced'	11410
11314	(4518, 1491)	'收益率'	11411
11315	(4637, 4144)	'屏幕'	11412
11316	(728, 728)	'天天'	11413
11317	(7550, 259)	' Martin'	11414
11318	(2542, 4737)	'浪漫'	11415
11319	(708, 160)	'肠'	11416
11320	(674, 2236)	'前往'	11417
11321	(45, 2665)	'-sp'	11418
11322	(112, 327)	'pet'	11419
11323	(3894, 107)	' neck'	11420
11324	(702, 3609)	'看起来'	11421
11325	(286, 486)	' mate'	11422
11326	(2575, 916)	' Class'	11423
11327	(903, 466)	' contest'	11424
11328	(1241, 6073)	'台灣'	11425
11329	(305, 282)	'icing'	11426
11330	(398, 609)	'中学'	11427
11331	(978, 1389)	'女友'	11428
11332	(5252, 1176)	'沃尔'	11429
11333	(5938, 1801)	'敬请'	11430
11334	(4724, 4724)	'慢慢'	11431
11335	(2305, 167)	'碧'	11432
11336	(306, 184)	'夸'	11433
11337	(768, 1757)	'其它'	11435
11338	(708, 150)	'肖'	11436
11339	(1555, 466)	' greatest'	11437
11340	(382, 144)	'伐'	11438
11341	(3634, 168)	'館'	11439
11342	(1100, 12089)	' guilty'	11440
11343	(3452, 850)	'交易所'	11441
11344	(449, 7186)	'个篮板'	11442
11345	(5581, 2051)	' audience'	11443
11346	(370, 453)	'不上'	11444
11347	(4238, 726)	' failure'	11445
11348	(3260, 1586)	' politics'	11446
11349	(753, 4178)	'小姐'	11447
11350	(108, 1442)	'life'	11448
11351	(2779, 9394)	' marriage'	11449
11352	(783, 291)	' clar'	11450
11353	(947, 1479)	'西亚'	11451
11354	(82, 283)	'Res'	11452
11355	(666, 129)	'郁'	11453
11356	(1387, 149)	'硕'	11454
11357	(3492, 1696)	'竞技'	11455
11358	(264, 110)	'onn'	11457
11359	(83, 2406)	'Sounds'	11458
11360	(533, 133)	'浅'	11459
11361	(361, 138)	'诊'	11460
11362	(1500, 290)	' coal'	11461
11363	(547, 170)	'剪'	11462
11364	(4448, 70)	'ETF'	11463
11365	(3372, 661)	'农业'	11464
11366	(339, 736)	'一部'	11465
11367	(45, 264)	'-on'	11466
11368	(281, 7998)	' fruit'	11467
11369	(3042, 368)	' forever'	11468
11370	(118, 108)	'vl'	11469
11371	(802, 1440)	'名称'	11470
11372	(225, 7495)	'ṣ'	11471
11373	(509, 7695)	' FBI'	11472
11374	(3368, 288)	' recorded'	11473
11375	(1415, 1389)	'男友'	11474
11376	(3302, 2548)	'危险'	11475
11377	(4031, 1277)	'Another'	11476
11378	(4895, 12096)	'恐怖'	11477
11379	(290, 1081)	'alian'	11478
11380	(46, 558)	'.00'	11479
11381	(308, 259)	'omin'	11480
11382	(1918, 115)	' leads'	11481
11383	(451, 171)	'披'	11482
11384	(2054, 989)	'怎么样'	11483
11385	(70, 1025)	'First'	11484
11386	(512, 277)	'osen'	11485
11387	(379, 1258)	' Camp'	11486
11388	(7808, 919)	' comfortable'	11487
11389	(2959, 173)	'頭'	11488
11390	(4663, 3186)	'ને'	11489
11391	(581, 3075)	'地铁'	11490
11392	(914, 1051)	' novel'	11491
11393	(846, 1227)	'ос'	11492
11394	(1484, 131)	'娃'	11493
11395	(1816, 2357)	' realized'	11494
11396	(12087, 920)	'瞬间'	11495
11397	(1183, 12085)	'别墅'	11496
11398	(1213, 7692)	'世紀'	11497
11399	(263, 6069)	' session'	11498
11400	(5680, 3718)	' establish'	11499
11401	(9079, 283)	'abetes'	11500
11402	(2156, 2119)	' Sports'	11501
11403	(2219, 121)	' busy'	11502
11404	(6462, 715)	' Keep'	11503
11405	(1975, 406)	' Arch'	11504
11406	(45, 71)	'-G'	11505
11407	(328, 110)	' ren'	11506
11408	(4460, 10026)	' negoti'	11507
11409	(1774, 6453)	' efficient'	11508
11410	(1327, 1770)	' crash'	11509
11411	(3843, 283)	' taxes'	11510
11412	(518, 271)	' vit'	11511
11413	(682, 8575)	'新疆'	11512
11414	(1015, 3451)	' teeth'	11513
11415	(2958, 288)	' fucked'	11514
11416	(1618, 3553)	'观察'	11515
11417	(82, 67)	'RC'	11516
11418	(379, 269)	' Cat'	11517
11419	(1138, 358)	' rose'	11518
11420	(112, 4973)	'point'	11519
11421	(731, 3331)	' intended'	11520
11422	(1357, 280)	'股的'	11521
11423	(672, 280)	'场的'	11522
11424	(1992, 1360)	'确认'	11523
11425	(509, 664)	' Food'	11524
11426	(481, 4861)	'abilities'	11525
11427	(2201, 406)	' bitch'	11526
11428	(4214, 1569)	'估值'	11527
11429	(339, 2122)	'一边'	11528
11430	(1609, 6973)	'广泛'	11529
11431	(4006, 4892)	' combined'	11530
11432	(556, 491)	' chain'	11531
11433	(2046, 108)	' transl'	11532
11434	(503, 7038)	' Ryan'	11533
11435	(119, 691)	'wind'	11534
11436	(1989, 1252)	'曾任'	11535
11437	(2199, 5863)	' zero'	11536
11438	(12042, 105)	' behavi'	11537
11439	(3708, 2314)	'冲击'	11538
11440	(2783, 6104)	' causing'	11539
11441	(490, 5145)	' seasons'	11540
11442	(1331, 3557)	' gotta'	11541
11443	(771, 835)	'同期'	11542
11444	(500, 3952)	' NBA'	11543
11445	(69, 65)	'EA'	11544
11446	(4146, 110)	' magn'	11545
11447	(2003, 437)	' drag'	11546
11448	(538, 280)	'会的'	11547
11449	(3767, 129)	'嫁'	11548
11450	(1367, 1612)	' helpful'	11549
11451	(620, 5430)	' Journal'	11550
11452	(1992, 1153)	'确保'	11551
11453	(6374, 4642)	' ኣብ'	11552
11454	(7008, 470)	' virus'	11553
11455	(946, 424)	' resol'	11554
11456	(2734, 637)	' advoc'	11555
11457	(275, 1916)	' cute'	11556
11458	(1311, 2615)	'设施'	11557
11459	(78, 836)	'Nah'	11558
11460	(493, 2460)	' neither'	11559
11461	(275, 1634)	' cert'	11560
11462	(7697, 3802)	'描述'	11561
11463	(2441, 1078)	' buildings'	11563
11464	(3960, 3158)	' competitive'	11564
11465	(8564, 546)	' restaurant'	11565
11466	(9935, 591)	' Development'	11566
11467	(512, 1572)	'osited'	11567
11468	(56, 55)	'87'	11568
11469	(1460, 191)	'湿'	11569
11470	(114, 273)	'ror'	11570
11471	(1160, 182)	'驶'	11571
11472	(769, 1485)	'ид'	11572
11473	(1352, 659)	'首都'	11573
11474	(262, 8108)	'rehens'	11574
11475	(815, 155)	'矛'	11575
11476	(3458, 539)	'了解到'	11576
11477	(54, 49)	'61'	11577
11478	(443, 1413)	'unction'	11578
11479	(456, 505)	' Hel'	11579
11480	(4272, 143)	'踏'	11580
11481	(974, 282)	'anging'	11581
11482	(1784, 931)	' instance'	11582
11483	(855, 1658)	'加快'	11583
11484	(1009, 134)	'漆'	11584
11485	(69, 88)	'EX'	11585
11486	(796, 791)	'ogue'	11586
11487	(379, 1461)	' Cath'	11587
11488	(4160, 4045)	' volume'	11588
11489	(851, 524)	'平时'	11589
11490	(536, 290)	' Gal'	11590
11491	(3945, 277)	'idden'	11591
11492	(358, 309)	'sell'	11592
11493	(301, 5015)	' links'	11593
11494	(256, 3955)	' tips'	11594
11495	(746, 280)	'美的'	11595
11496	(755, 154)	'ሚ'	11596
11497	(1789, 280)	'目前的'	11597
11498	(101, 277)	'een'	11598
11499	(623, 184)	'ุ'	11599
11500	(1269, 3667)	' commission'	11600
11501	(730, 177)	'谱'	11601
11502	(1166, 3574)	' everywhere'	11602
11503	(2115, 2982)	' depending'	11603
11504	(66, 68)	'BD'	11604
11505	(12090, 2445)	' Society'	11605
11506	(67, 455)	'Could'	11606
11507	(5973, 4150)	' experiences'	11607
11508	(45, 84)	'-T'	11608
11509	(373, 1582)	'在美国'	11609
11510	(3775, 8404)	'缺乏'	11610
11511	(790, 12097)	' agricult'	11611
11512	(2038, 1228)	'书记'	11612
11513	(655, 115)	' yours'	11613
11514	(2128, 164)	' த'	11614
11515	(339, 893)	'一度'	11615
11516	(1632, 407)	' phil'	11616
11517	(362, 1286)	' Sup'	11617
11518	(1106, 334)	' blow'	11618
11519	(3660, 187)	'鼻'	11619
11520	(12045, 8952)	' degrees'	11620
11521	(348, 272)	'aman'	11621
11522	(620, 468)	' Jul'	11622
11523	(999, 524)	'此时'	11623
11524	(585, 157)	'枝'	11624
11525	(4719, 259)	' domin'	11625
11526	(792, 167)	'ủ'	11626
11527	(2393, 12099)	'陈水扁'	11627
11528	(2736, 101)	' Joe'	11628
11529	(729, 172)	'ব'	11629
11530	(503, 6222)	' Roman'	11630
11531	(8636, 1030)	'沟通'	11631
11532	(256, 2749)	' tech'	11632
11533	(281, 9690)	' fashion'	11633
11534	(2128, 174)	' ம'	11634
11535	(12094, 1219)	'林匹克'	11635
11536	(308, 282)	'oming'	11636
11537	(974, 288)	'anged'	11637
11538	(643, 943)	'市民'	11638
11539	(5201, 3226)	'Photo'	11639
11540	(918, 3742)	'相互'	11640
11541	(4226, 1273)	'宗教'	11641
11542	(78, 101)	'Ne'	11642
11543	(9672, 2229)	' Carolina'	11643
11544	(217, 185)	'ٹ'	11644
11545	(117, 2625)	'uwa'	11645
11546	(1428, 108)	'əl'	11646
11547	(2128, 133)	' அ'	11647
11548	(429, 5030)	' Peter'	11648
11549	(3888, 283)	' hopes'	11649
11550	(906, 1132)	'性格'	11650
11551	(595, 1008)	'多数'	11651
11552	(624, 2163)	' Once'	11652
11553	(2383, 173)	' ይ'	11653
11554	(1980, 133)	' අ'	11654
11555	(1357, 1192)	'股东'	11655
11556	(99, 1316)	'cles'	11656
11557	(268, 327)	' wet'	11657
11558	(2003, 4902)	' drunk'	11658
11559	(1194, 853)	'制定'	11659
11560	(692, 381)	'本人'	11660
11561	(80, 267)	'Per'	11661
11562	(1096, 1437)	'感光'	11662
11563	(84, 5535)	'Tube'	11663
11564	(86, 2492)	'VER'	11664
11565	(1029, 8111)	' applied'	11665
11566	(3326, 408)	' operation'	11666
11567	(623, 136)	'จ'	11667
11568	(530, 2170)	' libr'	11668
11569	(2710, 545)	'突出'	11669
11570	(108, 1396)	'lock'	11670
11571	(89, 1286)	'Yup'	11671
11572	(709, 176)	'晰'	11672
11573	(77, 291)	'Mar'	11673
11574	(105, 351)	'iro'	11674
11575	(377, 159)	'ट'	11675
11576	(45, 435)	'-20'	11676
11577	(2683, 1044)	"They're"	11677
11578	(603, 189)	'辽'	11678
11579	(2590, 335)	' delay'	11679
11580	(300, 1209)	'ashed'	11680
11581	(1874, 555)	'大学生'	11681
11582	(9123, 273)	' Director'	11682
11583	(8255, 288)	' determined'	11683
11584	(276, 8877)	' banned'	11684
11585	(985, 1183)	'区别'	11685
11586	(328, 1235)	' reform'	11686
11587	(8155, 8155)	'★★'	11687
11588	(361, 177)	'诱'	11688
11589	(1172, 953)	'应当'	11689
11590	(2575, 259)	' Clin'	11690
11591	(1312, 147)	'韓'	11691
11592	(509, 1282)	' Fuck'	11692
11593	(553, 148)	'န'	11693
11594	(782, 173)	'爭'	11694
11595	(1505, 164)	' ત'	11695
11596	(8290, 735)	' Nigeria'	11696
11597	(1138, 325)	' root'	11697
11598	(923, 741)	'表面'	11698
11599	(46, 77)	'.M'	11699
11600	(45, 110)	'-n'	11700
11601	(807, 1520)	'اک'	11701
11602	(420, 3010)	' Board'	11702
11603	(3060, 545)	'派出'	11703
11604	(362, 8807)	' Social'	11704
11605	(796, 277)	'ogen'	11705
11606	(563, 2552)	'能否'	11706
11607	(2953, 272)	' Plan'	11707
11608	(3539, 348)	' steam'	11708
11609	(749, 300)	'ansas'	11709
11610	(311, 577)	' gall'	11710
11611	(9491, 3407)	'Awesome'	11711
11612	(1037, 2665)	' newsp'	11712
11613	(500, 4395)	' NOT'	11713
11614	(1253, 381)	'老人'	11714
11615	(1872, 1741)	'足彩'	11715
11616	(619, 1400)	'成為'	11716
11617	(1002, 141)	'砍'	11717
11618	(1008, 609)	'数学'	11718
11619	(1631, 143)	' এ'	11719
11620	(352, 754)	' Tra'	11720
11621	(461, 168)	'怨'	11721
11622	(556, 8426)	' channel'	11722
11623	(180, 235)	b'\xb4\xeb'	11723
11624	(370, 5121)	'不敢'	11724
11625	(921, 413)	'三大'	11725
11626	(1245, 929)	'omething'	11726
11627	(119, 117)	'wu'	11727
11628	(420, 300)	' Bas'	11728
11629	(362, 110)	' Sn'	11729
11630	(284, 754)	' pra'	11730
11631	(802, 1394)	'名单'	11731
11632	(7779, 829)	' repeated'	11732
11633	(276, 1461)	' bath'	11733
11634	(2536, 1515)	'哈哈哈'	11734
11635	(434, 162)	'逢'	11735
11636	(1625, 594)	'运行'	11736
11637	(674, 2140)	'前景'	11737
11638	(724, 1523)	'开奖'	11738
11639	(2908, 282)	' facing'	11739
11640	(1201, 9023)	'安徽'	11740
11641	(55, 558)	'700'	11741
11642	(651, 386)	'得了'	11742
11643	(2607, 325)	' Scot'	11743
11644	(4160, 10210)	' volunte'	11744
11645	(1191, 2044)	'打算'	11745
11646	(3094, 1528)	' approved'	11746
11647	(370, 1345)	'不太'	11747
11648	(395, 916)	' Mass'	11748
11649	(1157, 327)	'weet'	11749
11650	(677, 1408)	'主流'	11750
11651	(1674, 146)	'撒'	11751
11652	(1473, 1628)	'取消'	11752
11653	(842, 2674)	'事故'	11753
11654	(358, 97)	'sea'	11754
11655	(1553, 282)	' ending'	11755
11656	(281, 5881)	' filled'	11756
11657	(1229, 1326)	'商务'	11757
11658	(10266, 2991)	' perspective'	11758
11659	(98, 290)	'bal'	11759
11660	(5201, 641)	'Phone'	11760
11661	(7721, 601)	' bodies'	11761
11662	(3745, 1108)	' پر'	11762
11663	(551, 160)	'欠'	11763
11664	(528, 179)	'琳'	11764
11665	(896, 1414)	' perman'	11765
11666	(370, 5307)	'不懂'	11766
11667	(1648, 2230)	'始终'	11767
11668	(2096, 1026)	'河北'	11768
11669	(10315, 300)	' Vegas'	11769
11670	(2399, 1800)	' matters'	11770
11671	(4661, 3932)	' Global'	11771
11672	(3794, 931)	' appearance'	11772
11673	(5414, 280)	'真正的'	11773
11674	(5275, 131)	'璃'	11774
11675	(567, 272)	'akan'	11775
11676	(5609, 6356)	' examples'	11776
11677	(383, 150)	'帖'	11777
11678	(1012, 282)	' acting'	11778
11679	(1435, 178)	'疲'	11779
11680	(308, 890)	'ompl'	11780
11681	(109, 335)	'may'	11781
11682	(534, 695)	' Long'	11782
11683	(429, 357)	' Put'	11783
11684	(1502, 646)	'ка'	11784
11685	(101, 122)	'ez'	11785
11686	(1993, 155)	'葛'	11786
11687	(109, 283)	'mes'	11787
11688	(968, 175)	'柯'	11788
11689	(3365, 288)	' checked'	11789
11690	(7780, 514)	' originally'	11790
11691	(448, 181)	'牵'	11791
11692	(10148, 318)	' circumst'	11792
11693	(418, 2872)	' river'	11793
11694	(861, 331)	' acid'	11794
11695	(1827, 1056)	'博物'	11795
11696	(2143, 1143)	'古代'	11796
11697	(1661, 131)	'ใ'	11797
11698	(974, 444)	'angers'	11798
11699	(396, 182)	'扶'	11799
11700	(3687, 3103)	'瑞典'	11800
11701	(352, 277)	' Ten'	11801
11702	(216, 176)	'ذ'	11802
11703	(790, 3948)	' aggress'	11803
11704	(2258, 115)	' legs'	11804
11705	(12098, 1084)	'苹果'	11805
11706	(875, 1667)	' Yeah'	11806
11707	(1376, 2928)	'又稱'	11807
11708	(2128, 181)	' வ'	11808
11709	(321, 2120)	' yield'	11809
11710	(280, 1799)	'的工作'	11810
11711	(97, 111)	'ao'	11811
11712	(5576, 5576)	'爸爸'	11812
11713	(271, 610)	'itect'	11813
11714	(3400, 1528)	' improved'	11814
11715	(1588, 53)	' 75'	11815
11716	(12014, 2845)	' increases'	11816
11717	(3014, 1944)	'ervices'	11817
11718	(891, 2208)	' univers'	11818
11719	(2651, 1351)	' visual'	11819
11720	(5169, 6611)	' documents'	11820
11721	(378, 2181)	'有很多'	11821
11722	(2463, 331)	' valid'	11822
11723	(352, 937)	' Town'	11823
11724	(518, 468)	' vul'	11824
11725	(12095, 5625)	' infrastructure'	11825
11726	(792, 129)	'ề'	11826
11727	(3827, 159)	'營'	11827
11728	(3539, 505)	' steel'	11828
11729	(373, 1417)	'在这个'	11829
11730	(105, 723)	'ivery'	11830
11731	(2246, 4646)	' possibility'	11831
11732	(1132, 1173)	'格式'	11832
11733	(1319, 1169)	'ул'	11833
11734	(805, 2129)	'机器'	11834
11735	(273, 408)	'oration'	11835
11736	(4480, 273)	' professor'	11836
11737	(3209, 2520)	'跌幅'	11837
11738	(2180, 54)	' 2006'	11838
11739	(449, 906)	'个性'	11839
11740	(5203, 2878)	'杂志'	11840
11741	(1458, 410)	'rence'	11841
11742	(504, 798)	'essions'	11842
11743	(1705, 172)	'搬'	11843
11744	(1116, 131)	'黃'	11844
11745	(445, 272)	'eman'	11845
11746	(370, 2311)	'不喜欢'	11846
11747	(3426, 413)	'巨大'	11847
11748	(404, 121)	' wey'	11848
11749	(1261, 179)	'ዳ'	11849
11750	(233, 145)	b'\xe9\x91'	11850
11751	(628, 150)	'妖'	11851
11752	(1161, 3864)	'信贷'	11852
11753	(2857, 3838)	'ESDAY'	11853
11754	(653, 677)	'自主'	11854
11755	(947, 658)	'西方'	11855
11756	(3807, 259)	'evin'	11856
11757	(8445, 5550)	'疯狂'	11857
11758	(1055, 140)	'萌'	11858
11759	(268, 698)	' wake'	11859
11760	(1330, 339)	'十一'	11860
11761	(86, 80)	'VP'	11861
11762	(456, 549)	' Home'	11862
11763	(6580, 335)	'Okay'	11863
11764	(607, 136)	'愈'	11864
11765	(643, 280)	'市的'	11865
11766	(2953, 470)	' Plus'	11866
11767	(9278, 128)	'지'	11867
11768	(2712, 895)	'第二次'	11868
11769	(1292, 3994)	'周末'	11869
11770	(413, 1240)	'大战'	11870
11771	(9752, 679)	'Police'	11871
11772	(1426, 168)	'滨'	11872
11773	(2512, 3130)	'武汉'	11873
11774	(6957, 724)	'召开'	11874
11775	(3501, 2050)	'澳洲'	11875
11776	(367, 131)	'劃'	11876
11777	(256, 5344)	' task'	11877
11778	(1088, 825)	' seeking'	11878
11779	(2013, 986)	'创意'	11879
11780	(989, 707)	'样子'	11880
11781	(291, 264)	'aron'	11881
11782	(557, 1865)	' Elect'	11882
11783	(593, 1282)	' truck'	11883
11784	(577, 115)	'alls'	11884
11785	(5067, 271)	'suit'	11885
11786	(370, 3336)	'不久'	11886
11787	(903, 2582)	' contains'	11887
11788	(2037, 1019)	'均价'	11888
11789	(682, 1371)	'新增'	11889
11790	(45, 2970)	'-of'	11890
11791	(372, 939)	' heav'	11891
11792	(1729, 1557)	' strange'	11892
11793	(2719, 991)	' technical'	11893
11794	(12022, 2865)	'্র'	11894
11795	(1127, 156)	'铜'	11895
11796	(5209, 9274)	' bullshit'	11896
11797	(4859, 322)	' significantly'	11897
11798	(3707, 7115)	'伦敦'	11898
11799	(1454, 1618)	'客观'	11899
11800	(1730, 1427)	'类型'	11900
11801	(1478, 873)	' suppose'	11901
11802	(87, 69)	'WE'	11902
11803	(677, 6268)	'主義'	11903
11804	(464, 319)	'rive'	11904
11805	(10051, 1487)	'John'	11905
11806	(3985, 514)	' normally'	11906
11807	(379, 756)	' Care'	11907
11808	(3332, 606)	' Report'	11908
11809	(2238, 101)	' plane'	11909
11810	(1564, 1622)	'气质'	11910
11811	(301, 271)	' lit'	11911
11812	(360, 147)	'卓'	11912
11813	(371, 940)	' storm'	11913
11814	(12088, 46)	' www.'	11914
11815	(1706, 183)	'護'	11915
11816	(377, 156)	'ज'	11916
11817	(2263, 552)	' artist'	11917
11818	(116, 1495)	'then'	11918
11819	(362, 79)	' SO'	11919
11820	(556, 269)	' chat'	11920
11821	(813, 145)	'坑'	11921
11822	(45, 82)	'-R'	11922
11823	(515, 164)	'纤'	11923
11824	(456, 277)	' Hen'	11924
11825	(2908, 283)	' faces'	11925
11826	(1005, 378)	'更有'	11926
11827	(1282, 121)	'ucky'	11927
11828	(1512, 4929)	' monitor'	11928
11829	(1499, 8762)	' long-term'	11929
11830	(2545, 6505)	' opposition'	11930
11831	(1368, 1139)	' consult'	11931
11832	(1468, 160)	'悠'	11932
11833	(108, 998)	'look'	11933
11834	(1513, 2963)	' regional'	11934
11835	(1191, 724)	'打开'	11935
11836	(600, 118)	' sav'	11936
11837	(3690, 7556)	' industrial'	11937
11838	(2134, 5046)	'便宜'	11938
11839	(336, 291)	' bear'	11939
11840	(370, 3132)	'不一样'	11940
11841	(280, 820)	'的心'	11941
11842	(1187, 786)	'德里'	11942
11843	(1014, 1934)	'文字'	11943
11844	(386, 1771)	'了吗'	11944
11845	(2185, 188)	'翼'	11945
11846	(1674, 164)	'撤'	11946
11847	(555, 9669)	'生涯'	11947
11848	(1550, 1609)	'推广'	11948
11849	(8707, 1929)	' ancient'	11949
11850	(2379, 288)	' supported'	11950
11851	(855, 7887)	'加坡'	11951
11852	(8161, 6073)	'臺灣'	11952
11853	(282, 322)	'ingly'	11953
11854	(2739, 791)	' Blue'	11954
11855	(301, 2574)	' là'	11955
11856	(1448, 3499)	' defensive'	11956
11857	(53, 1398)	'5000'	11957
11858	(6065, 103)	'burg'	11958
11859	(5480, 2609)	' እን'	11959
11860	(2598, 400)	'Still'	11960
11861	(2663, 264)	' colon'	11961
11862	(2559, 322)	' mainly'	11962
11863	(2367, 1409)	' breaking'	11963
11864	(5719, 1756)	'本报记者'	11964
11865	(619, 582)	'成就'	11965
11866	(339, 2278)	'一致'	11966
11867	(509, 348)	' Fam'	11967
11868	(5092, 319)	' Steve'	11968
11869	(586, 1378)	'对话'	11969
11870	(5565, 358)	' horse'	11970
11871	(2564, 1162)	' warning'	11971
11872	(1561, 552)	'ologist'	11972
11873	(417, 155)	'衛'	11973
11874	(5162, 1748)	' requirements'	11974
11875	(921, 433)	'三国'	11975
11876	(109, 290)	'mal'	11976
11877	(1980, 184)	' ම'	11977
11878	(280, 1744)	'的投资'	11978
11879	(6205, 115)	' settings'	11979
11880	(2734, 6223)	' advanced'	11980
11881	(1106, 629)	' blame'	11981
11882	(1333, 1612)	' awful'	11982
11883	(510, 179)	'拳'	11983
11884	(1854, 1310)	' confident'	11984
11885	(1505, 155)	' છ'	11985
11886	(5290, 3200)	'培养'	11986
11887	(69, 100)	'Ed'	11987
11888	(280, 2405)	'的设计'	11988
11889	(780, 1338)	'soft'	11989
11890	(77, 83)	'MS'	11990
11891	(8020, 2801)	'详细'	11991
11892	(443, 1162)	'unning'	11992
11893	(692, 672)	'本场'	11993
11894	(345, 505)	'adel'	11994
11895	(4848, 756)	' square'	11995
11896	(99, 114)	'cr'	11996
11897	(484, 847)	'umber'	11997
11898	(1333, 5675)	' awọn'	11998
11899	(1014, 924)	'文明'	11999
11900	(2055, 1904)	'普查'	12000
11901	(1594, 3345)	'尼亞'	12001
11902	(3177, 7263)	' potentially'	12002
11903	(1292, 2122)	'周边'	12003
11904	(280, 2147)	'的电影'	12004
11905	(509, 12030)	' Federal'	12005
11906	(359, 112)	'imp'	12006
11907	(485, 531)	' jour'	12007
11908	(501, 2834)	'以上的'	12008
11909	(333, 2929)	'是位于'	12009
11910	(7299, 282)	' housing'	12010
11911	(532, 2467)	'家族'	12011
11912	(370, 3515)	'不败'	12012
11913	(485, 288)	' jed'	12013
11914	(583, 148)	'阔'	12014
11915	(335, 7071)	'aylor'	12015
11916	(854, 129)	'袁'	12016
11917	(973, 5922)	'电池'	12017
11918	(2290, 661)	'营业'	12018
11919	(2013, 680)	'创作'	12019
11920	(12093, 1211)	' conflict'	12020
11921	(276, 325)	' bot'	12021
11922	(373, 1810)	'在北京'	12022
11923	(5275, 176)	'環'	12023
11924	(561, 707)	'日子'	12024
11925	(12024, 2845)	' diseases'	12025
11926	(381, 413)	'人大'	12026
11927	(1370, 726)	' secure'	12027
11928	(9004, 128)	'가'	12028
11929	(538, 2376)	'会不会'	12029
11930	(1039, 149)	'糕'	12030
11931	(691, 97)	'inda'	12031
11932	(1609, 672)	'广场'	12032
11933	(4166, 130)	'蜂'	12033
11934	(321, 8482)	' yellow'	12034
11935	(1505, 133)	' અ'	12035
11936	(750, 181)	'வ'	12036
11937	(2185, 160)	'翠'	12037
11938	(503, 611)	' Rod'	12038
11939	(465, 2332)	' concl'	12039
11940	(673, 111)	'ideo'	12040
11941	(2131, 1023)	' detail'	12041
11942	(2421, 539)	'听到'	12042
11943	(653, 452)	'自我'	12043
11944	(328, 1936)	' reject'	12044
11945	(2245, 512)	' explos'	12045
11946	(284, 305)	' pic'	12046
11947	(6541, 1629)	' subscrib'	12047
11948	(1898, 1458)	' curren'	12048
11949	(2153, 1698)	' believes'	12049
11950	(490, 288)	' seed'	12050
11951	(1521, 4500)	' cheese'	12051
11952	(597, 12033)	'俱乐'	12052
11953	(10510, 6728)	' approximately'	12053
11954	(5871, 934)	'尊重'	12054
11955	(891, 3009)	' university'	12055
11956	(334, 564)	'ownt'	12056
11957	(845, 2001)	' offense'	12057
11958	(609, 802)	'学名'	12058
11959	(9939, 3071)	' basketball'	12059
11960	(102, 12092)	'flix'	12060
11961	(462, 335)	' Way'	12061
11962	(968, 177)	'柱'	12062
11963	(7003, 2963)	' emotional'	12063
11964	(1264, 692)	'原本'	12064
11965	(2305, 141)	'碍'	12065
11966	(286, 1461)	' math'	12066
11967	(3533, 319)	' involve'	12067
11968	(112, 111)	'po'	12068
11969	(100, 105)	'di'	12069
11970	(1166, 3992)	' everybody'	12070
11971	(377, 167)	'ध'	12071
11972	(1253, 6470)	'老婆'	12072
11973	(1157, 566)	'weight'	12073
11974	(5508, 137)	'鄉'	12074
11975	(1045, 3176)	'obby'	12075
11976	(2474, 6132)	' solutions'	12076
11977	(371, 12091)	' storage'	12077
11978	(468, 115)	'uls'	12078
11979	(3568, 433)	'帝国'	12079
11980	(395, 2068)	' Matt'	12080
11981	(2914, 592)	' risks'	12081
11982	(1291, 776)	'立法'	12082
11983	(534, 10059)	' LORD'	12083
11984	(1817, 173)	' ክ'	12084
11985	(678, 288)	'ounded'	12085
11986	(677, 1719)	'主胜'	12086
11987	(1906, 374)	" world's"	12087
11988	(3215, 110)	' Conn'	12088
11989	(481, 1905)	'abled'	12089
11990	(1081, 97)	'iana'	12090
11991	(369, 122)	' Az'	12091
11992	(293, 120)	' tox'	12092
11993	(586, 775)	'对比'	12093
11994	(4380, 45)	' self-'	12094
11995	(298, 941)	' thick'	12095
11996	(-1, -1)	'<_EOS_>'	-1
11997	(-1, -1)	'<_SOS_>'	-1
11998	(-1, -1)	'<_SEP_>'	-1
11999	(-1, -1)	'<_PAD_>'	-1
