0	(-1, -1)	b'\x00'	-1
1	(-1, -1)	b'\x01'	-1
2	(-1, -1)	b'\x02'	-1
3	(-1, -1)	b'\x03'	-1
4	(-1, -1)	b'\x04'	-1
5	(-1, -1)	b'\x05'	-1
6	(-1, -1)	b'\x06'	-1
7	(-1, -1)	b'\x07'	-1
8	(-1, -1)	b'\x08'	-1
9	(-1, -1)	b'\t'	-1
10	(-1, -1)	b'\n'	-1
11	(-1, -1)	b'\x0b'	-1
12	(-1, -1)	b'\x0c'	-1
13	(-1, -1)	b'\r'	-1
14	(-1, -1)	b'\x0e'	-1
15	(-1, -1)	b'\x0f'	-1
16	(-1, -1)	b'\x10'	-1
17	(-1, -1)	b'\x11'	-1
18	(-1, -1)	b'\x12'	-1
19	(-1, -1)	b'\x13'	-1
20	(-1, -1)	b'\x14'	-1
21	(-1, -1)	b'\x15'	-1
22	(-1, -1)	b'\x16'	-1
23	(-1, -1)	b'\x17'	-1
24	(-1, -1)	b'\x18'	-1
25	(-1, -1)	b'\x19'	-1
26	(-1, -1)	b'\x1a'	-1
27	(-1, -1)	b'\x1b'	-1
28	(-1, -1)	b'\x1c'	-1
29	(-1, -1)	b'\x1d'	-1
30	(-1, -1)	b'\x1e'	-1
31	(-1, -1)	b'\x1f'	-1
32	(-1, -1)	' '	-1
33	(-1, -1)	'!'	-1
34	(-1, -1)	'"'	-1
35	(-1, -1)	'#'	-1
36	(-1, -1)	'$'	-1
37	(-1, -1)	'%'	-1
38	(-1, -1)	'&'	-1
39	(-1, -1)	"'"	-1
40	(-1, -1)	'('	-1
41	(-1, -1)	')'	-1
42	(-1, -1)	'*'	-1
43	(-1, -1)	'+'	-1
44	(-1, -1)	','	-1
45	(-1, -1)	'-'	-1
46	(-1, -1)	'.'	-1
47	(-1, -1)	'/'	-1
48	(-1, -1)	'0'	-1
49	(-1, -1)	'1'	-1
50	(-1, -1)	'2'	-1
51	(-1, -1)	'3'	-1
52	(-1, -1)	'4'	-1
53	(-1, -1)	'5'	-1
54	(-1, -1)	'6'	-1
55	(-1, -1)	'7'	-1
56	(-1, -1)	'8'	-1
57	(-1, -1)	'9'	-1
58	(-1, -1)	':'	-1
59	(-1, -1)	';'	-1
60	(-1, -1)	'<'	-1
61	(-1, -1)	'='	-1
62	(-1, -1)	'>'	-1
63	(-1, -1)	'?'	-1
64	(-1, -1)	'@'	-1
65	(-1, -1)	'A'	-1
66	(-1, -1)	'B'	-1
67	(-1, -1)	'C'	-1
68	(-1, -1)	'D'	-1
69	(-1, -1)	'E'	-1
70	(-1, -1)	'F'	-1
71	(-1, -1)	'G'	-1
72	(-1, -1)	'H'	-1
73	(-1, -1)	'I'	-1
74	(-1, -1)	'J'	-1
75	(-1, -1)	'K'	-1
76	(-1, -1)	'L'	-1
77	(-1, -1)	'M'	-1
78	(-1, -1)	'N'	-1
79	(-1, -1)	'O'	-1
80	(-1, -1)	'P'	-1
81	(-1, -1)	'Q'	-1
82	(-1, -1)	'R'	-1
83	(-1, -1)	'S'	-1
84	(-1, -1)	'T'	-1
85	(-1, -1)	'U'	-1
86	(-1, -1)	'V'	-1
87	(-1, -1)	'W'	-1
88	(-1, -1)	'X'	-1
89	(-1, -1)	'Y'	-1
90	(-1, -1)	'Z'	-1
91	(-1, -1)	'['	-1
92	(-1, -1)	'\\'	-1
93	(-1, -1)	']'	-1
94	(-1, -1)	'^'	-1
95	(-1, -1)	'_'	-1
96	(-1, -1)	'`'	-1
97	(-1, -1)	'a'	-1
98	(-1, -1)	'b'	-1
99	(-1, -1)	'c'	-1
100	(-1, -1)	'd'	-1
101	(-1, -1)	'e'	-1
102	(-1, -1)	'f'	-1
103	(-1, -1)	'g'	-1
104	(-1, -1)	'h'	-1
105	(-1, -1)	'i'	-1
106	(-1, -1)	'j'	-1
107	(-1, -1)	'k'	-1
108	(-1, -1)	'l'	-1
109	(-1, -1)	'm'	-1
110	(-1, -1)	'n'	-1
111	(-1, -1)	'o'	-1
112	(-1, -1)	'p'	-1
113	(-1, -1)	'q'	-1
114	(-1, -1)	'r'	-1
115	(-1, -1)	's'	-1
116	(-1, -1)	't'	-1
117	(-1, -1)	'u'	-1
118	(-1, -1)	'v'	-1
119	(-1, -1)	'w'	-1
120	(-1, -1)	'x'	-1
121	(-1, -1)	'y'	-1
122	(-1, -1)	'z'	-1
123	(-1, -1)	'{'	-1
124	(-1, -1)	'|'	-1
125	(-1, -1)	'}'	-1
126	(-1, -1)	'~'	-1
127	(-1, -1)	'\x7f'	-1
128	(-1, -1)	b'\x80'	-1
129	(-1, -1)	b'\x81'	-1
130	(-1, -1)	b'\x82'	-1
131	(-1, -1)	b'\x83'	-1
132	(-1, -1)	b'\x84'	-1
133	(-1, -1)	b'\x85'	-1
134	(-1, -1)	b'\x86'	-1
135	(-1, -1)	b'\x87'	-1
136	(-1, -1)	b'\x88'	-1
137	(-1, -1)	b'\x89'	-1
138	(-1, -1)	b'\x8a'	-1
139	(-1, -1)	b'\x8b'	-1
140	(-1, -1)	b'\x8c'	-1
141	(-1, -1)	b'\x8d'	-1
142	(-1, -1)	b'\x8e'	-1
143	(-1, -1)	b'\x8f'	-1
144	(-1, -1)	b'\x90'	-1
145	(-1, -1)	b'\x91'	-1
146	(-1, -1)	b'\x92'	-1
147	(-1, -1)	b'\x93'	-1
148	(-1, -1)	b'\x94'	-1
149	(-1, -1)	b'\x95'	-1
150	(-1, -1)	b'\x96'	-1
151	(-1, -1)	b'\x97'	-1
152	(-1, -1)	b'\x98'	-1
153	(-1, -1)	b'\x99'	-1
154	(-1, -1)	b'\x9a'	-1
155	(-1, -1)	b'\x9b'	-1
156	(-1, -1)	b'\x9c'	-1
157	(-1, -1)	b'\x9d'	-1
158	(-1, -1)	b'\x9e'	-1
159	(-1, -1)	b'\x9f'	-1
160	(-1, -1)	b'\xa0'	-1
161	(-1, -1)	b'\xa1'	-1
162	(-1, -1)	b'\xa2'	-1
163	(-1, -1)	b'\xa3'	-1
164	(-1, -1)	b'\xa4'	-1
165	(-1, -1)	b'\xa5'	-1
166	(-1, -1)	b'\xa6'	-1
167	(-1, -1)	b'\xa7'	-1
168	(-1, -1)	b'\xa8'	-1
169	(-1, -1)	b'\xa9'	-1
170	(-1, -1)	b'\xaa'	-1
171	(-1, -1)	b'\xab'	-1
172	(-1, -1)	b'\xac'	-1
173	(-1, -1)	b'\xad'	-1
174	(-1, -1)	b'\xae'	-1
175	(-1, -1)	b'\xaf'	-1
176	(-1, -1)	b'\xb0'	-1
177	(-1, -1)	b'\xb1'	-1
178	(-1, -1)	b'\xb2'	-1
179	(-1, -1)	b'\xb3'	-1
180	(-1, -1)	b'\xb4'	-1
181	(-1, -1)	b'\xb5'	-1
182	(-1, -1)	b'\xb6'	-1
183	(-1, -1)	b'\xb7'	-1
184	(-1, -1)	b'\xb8'	-1
185	(-1, -1)	b'\xb9'	-1
186	(-1, -1)	b'\xba'	-1
187	(-1, -1)	b'\xbb'	-1
188	(-1, -1)	b'\xbc'	-1
189	(-1, -1)	b'\xbd'	-1
190	(-1, -1)	b'\xbe'	-1
191	(-1, -1)	b'\xbf'	-1
192	(-1, -1)	b'\xc0'	-1
193	(-1, -1)	b'\xc1'	-1
194	(-1, -1)	b'\xc2'	-1
195	(-1, -1)	b'\xc3'	-1
196	(-1, -1)	b'\xc4'	-1
197	(-1, -1)	b'\xc5'	-1
198	(-1, -1)	b'\xc6'	-1
199	(-1, -1)	b'\xc7'	-1
200	(-1, -1)	b'\xc8'	-1
201	(-1, -1)	b'\xc9'	-1
202	(-1, -1)	b'\xca'	-1
203	(-1, -1)	b'\xcb'	-1
204	(-1, -1)	b'\xcc'	-1
205	(-1, -1)	b'\xcd'	-1
206	(-1, -1)	b'\xce'	-1
207	(-1, -1)	b'\xcf'	-1
208	(-1, -1)	b'\xd0'	-1
209	(-1, -1)	b'\xd1'	-1
210	(-1, -1)	b'\xd2'	-1
211	(-1, -1)	b'\xd3'	-1
212	(-1, -1)	b'\xd4'	-1
213	(-1, -1)	b'\xd5'	-1
214	(-1, -1)	b'\xd6'	-1
215	(-1, -1)	b'\xd7'	-1
216	(-1, -1)	b'\xd8'	-1
217	(-1, -1)	b'\xd9'	-1
218	(-1, -1)	b'\xda'	-1
219	(-1, -1)	b'\xdb'	-1
220	(-1, -1)	b'\xdc'	-1
221	(-1, -1)	b'\xdd'	-1
222	(-1, -1)	b'\xde'	-1
223	(-1, -1)	b'\xdf'	-1
224	(-1, -1)	b'\xe0'	-1
225	(-1, -1)	b'\xe1'	-1
226	(-1, -1)	b'\xe2'	-1
227	(-1, -1)	b'\xe3'	-1
228	(-1, -1)	b'\xe4'	-1
229	(-1, -1)	b'\xe5'	-1
230	(-1, -1)	b'\xe6'	-1
231	(-1, -1)	b'\xe7'	-1
232	(-1, -1)	b'\xe8'	-1
233	(-1, -1)	b'\xe9'	-1
234	(-1, -1)	b'\xea'	-1
235	(-1, -1)	b'\xeb'	-1
236	(-1, -1)	b'\xec'	-1
237	(-1, -1)	b'\xed'	-1
238	(-1, -1)	b'\xee'	-1
239	(-1, -1)	b'\xef'	-1
240	(-1, -1)	b'\xf0'	-1
241	(-1, -1)	b'\xf1'	-1
242	(-1, -1)	b'\xf2'	-1
243	(-1, -1)	b'\xf3'	-1
244	(-1, -1)	b'\xf4'	-1
245	(-1, -1)	b'\xf5'	-1
246	(-1, -1)	b'\xf6'	-1
247	(-1, -1)	b'\xf7'	-1
248	(-1, -1)	b'\xf8'	-1
249	(-1, -1)	b'\xf9'	-1
250	(-1, -1)	b'\xfa'	-1
251	(-1, -1)	b'\xfb'	-1
252	(-1, -1)	b'\xfc'	-1
253	(-1, -1)	b'\xfd'	-1
254	(-1, -1)	b'\xfe'	-1
255	(-1, -1)	b'\xff'	-1
256	(32, 116)	' t'	256
257	(32, 97)	' a'	257
258	(105, 110)	'in'	258
259	(104, 101)	'he'	259
260	(228, 184)	b'\xe4\xb8'	260
261	(239, 188)	b'\xef\xbc'	261
262	(261, 140)	'，'	262
263	(114, 101)	're'	263
264	(32, 115)	' s'	264
265	(111, 110)	'on'	265
266	(256, 259)	' the'	266
267	(101, 114)	'er'	267
268	(32, 119)	' w'	268
269	(227, 128)	b'\xe3\x80'	269
270	(231, 154)	b'\xe7\x9a'	270
271	(97, 116)	'at'	271
272	(270, 132)	'的'	272
273	(111, 117)	'ou'	273
274	(97, 110)	'an'	274
275	(105, 116)	'it'	275
276	(111, 114)	'or'	276
277	(32, 98)	' b'	277
278	(32, 99)	' c'	278
279	(101, 110)	'en'	279
280	(228, 186)	b'\xe4\xba'	280
281	(105, 115)	'is'	281
282	(32, 102)	' f'	282
283	(258, 103)	'ing'	283
284	(32, 112)	' p'	284
285	(101, 115)	'es'	285
286	(32, 109)	' m'	286
287	(101, 100)	'ed'	287
288	(97, 114)	'ar'	288
289	(32, 111)	' o'	289
290	(230, 156)	b'\xe6\x9c'	290
291	(32, 100)	' d'	291
292	(256, 111)	' to'	292
293	(97, 108)	'al'	293
294	(257, 110)	' an'	294
295	(269, 130)	'。'	295
296	(229, 143)	b'\xe5\x8f'	296
297	(32, 104)	' h'	297
298	(228, 187)	b'\xe4\xbb'	298
299	(229, 133)	b'\xe5\x85'	299
300	(32, 258)	' in'	300
301	(97, 115)	'as'	301
302	(229, 164)	b'\xe5\xa4'	302
303	(256, 104)	' th'	303
304	(289, 102)	' of'	304
305	(32, 108)	' l'	305
306	(229, 156)	b'\xe5\x9c'	306
307	(294, 100)	' and'	307
308	(105, 99)	'ic'	308
309	(229, 136)	b'\xe5\x88'	309
310	(111, 109)	'om'	310
311	(232, 191)	b'\xe8\xbf'	311
312	(108, 108)	'll'	312
313	(229, 174)	b'\xe5\xae'	313
314	(32, 110)	' n'	314
315	(230, 152)	b'\xe6\x98'	315
316	(32, 103)	' g'	316
317	(229, 144)	b'\xe5\x90'	317
318	(32, 73)	' I'	318
319	(228, 189)	b'\xe4\xbd'	319
320	(108, 101)	'le'	320
321	(115, 116)	'st'	321
322	(105, 265)	'ion'	322
323	(224, 164)	b'\xe0\xa4'	323
324	(118, 101)	've'	324
325	(230, 136)	b'\xe6\x88'	325
326	(105, 100)	'id'	326
327	(32, 121)	' y'	327
328	(97, 121)	'ay'	328
329	(229, 176)	b'\xe5\xb0'	329
330	(111, 116)	'ot'	330
331	(108, 121)	'ly'	331
332	(101, 116)	'et'	332
333	(32, 263)	' re'	333
334	(279, 116)	'ent'	334
335	(229, 155)	b'\xe5\x9b'	335
336	(260, 128)	'一'	336
337	(231, 187)	b'\xe7\xbb'	337
338	(226, 128)	b'\xe2\x80'	338
339	(229, 185)	b'\xe5\xb9'	339
340	(231, 148)	b'\xe7\x94'	340
341	(230, 151)	b'\xe6\x97'	341
342	(230, 150)	b'\xe6\x96'	342
343	(32, 101)	' e'	343
344	(229, 138)	b'\xe5\x8a'	344
345	(111, 119)	'ow'	345
346	(277, 101)	' be'	346
347	(32, 265)	' on'	347
348	(97, 100)	'ad'	348
349	(229, 141)	b'\xe5\x8d'	349
350	(315, 175)	'是'	350
351	(228, 185)	b'\xe4\xb9'	351
352	(97, 109)	'am'	352
353	(97, 99)	'ac'	353
354	(32, 83)	' S'	354
355	(32, 281)	' is'	355
356	(32, 84)	' T'	356
357	(306, 168)	'在'	357
358	(232, 175)	b'\xe8\xaf'	358
359	(32, 275)	' it'	359
360	(232, 174)	b'\xe8\xae'	360
361	(282, 276)	' for'	361
362	(233, 135)	b'\xe9\x87'	362
363	(228, 188)	b'\xe4\xbc'	363
364	(269, 129)	'、'	364
365	(114, 111)	'ro'	365
366	(303, 271)	' that'	366
367	(39, 115)	"'s"	367
368	(229, 184)	b'\xe5\xb8'	368
369	(105, 103)	'ig'	369
370	(117, 116)	'ut'	370
371	(327, 273)	' you'	371
372	(230, 157)	b'\xe6\x9d'	372
373	(105, 109)	'im'	373
374	(108, 100)	'ld'	374
375	(117, 110)	'un'	375
376	(32, 65)	' A'	376
377	(32, 67)	' C'	377
378	(290, 137)	'有'	378
379	(115, 101)	'se'	379
380	(229, 173)	b'\xe5\xad'	380
381	(32, 259)	' he'	381
382	(118, 267)	'ver'	382
383	(105, 114)	'ir'	383
384	(229, 135)	b'\xe5\x87'	384
385	(264, 116)	' st'	385
386	(260, 141)	'不'	386
387	(230, 137)	b'\xe6\x89'	387
388	(229, 190)	b'\xe5\xbe'	388
389	(229, 188)	b'\xe5\xbc'	389
390	(260, 173)	'中'	390
391	(32, 77)	' M'	391
392	(232, 128)	b'\xe8\x80'	392
393	(232, 161)	b'\xe8\xa1'	393
394	(231, 155)	b'\xe7\x9b'	394
395	(232, 181)	b'\xe8\xb5'	395
396	(280, 134)	'了'	396
397	(280, 186)	'人'	397
398	(117, 114)	'ur'	398
399	(107, 101)	'ke'	399
400	(302, 167)	'大'	400
401	(229, 165)	b'\xe5\xa5'	401
402	(101, 99)	'ec'	402
403	(229, 183)	b'\xe5\xb7'	403
404	(275, 104)	'ith'	404
405	(229, 175)	b'\xe5\xaf'	405
406	(105, 312)	'ill'	406
407	(231, 142)	b'\xe7\x8e'	407
408	(111, 111)	'oo'	408
409	(268, 104)	' wh'	409
410	(229, 134)	b'\xe5\x86'	410
411	(116, 267)	'ter'	412
412	(229, 186)	b'\xe5\xba'	413
413	(233, 128)	b'\xe9\x80'	414
414	(32, 224)	b' \xe0'	415
415	(230, 138)	b'\xe6\x8a'	416
416	(268, 404)	' with'	417
417	(32, 66)	' B'	418
418	(105, 108)	'il'	419
419	(335, 189)	'国'	420
420	(260, 186)	'为'	421
421	(268, 101)	' we'	422
422	(232, 180)	b'\xe8\xb4'	423
423	(117, 115)	'us'	424
424	(48, 48)	'00'	425
425	(273, 116)	'out'	426
426	(297, 97)	' ha'	427
427	(339, 180)	'年'	428
428	(260, 138)	'上'	429
429	(229, 189)	b'\xe5\xbd'	430
430	(225, 128)	b'\xe1\x80'	431
431	(99, 104)	'ch'	432
432	(229, 140)	b'\xe5\x8c'	433
433	(99, 101)	'ce'	434
434	(32, 114)	' r'	435
435	(268, 301)	' was'	436
436	(32, 80)	' P'	437
437	(257, 115)	' as'	438
438	(230, 149)	b'\xe6\x95'	439
439	(231, 137)	b'\xe7\x89'	440
440	(232, 167)	b'\xe8\xa7'	441
441	(271, 322)	'ation'	442
442	(32, 107)	' k'	443
443	(229, 146)	b'\xe5\x92'	444
444	(257, 116)	' at'	445
445	(230, 148)	b'\xe6\x94'	446
446	(105, 102)	'if'	447
447	(231, 167)	b'\xe7\xa7'	448
448	(230, 160)	b'\xe6\xa0'	449
449	(233, 153)	b'\xe9\x99'	450
450	(111, 108)	'ol'	451
451	(229, 177)	b'\xe5\xb1'	452
452	(46, 46)	'..'	453
453	(443, 140)	'和'	454
454	(230, 173)	b'\xe6\xad'	455
455	(338, 156)	'“'	456
456	(338, 157)	'”'	457
457	(231, 186)	b'\xe7\xba'	458
458	(97, 103)	'ag'	459
459	(267, 115)	'ers'	460
460	(260, 170)	'个'	461
461	(233, 151)	b'\xe9\x97'	462
462	(311, 153)	'这'	463
463	(32, 72)	' H'	464
464	(32, 68)	' D'	465
465	(230, 128)	b'\xe6\x80'	466
466	(32, 50)	' 2'	467
467	(341, 182)	'时'	468
468	(298, 165)	'以'	469
469	(32, 208)	b' \xd0'	470
470	(32, 87)	' W'	471
471	(224, 184)	b'\xe0\xb8'	472
472	(32, 49)	' 1'	473
473	(117, 112)	'up'	474
474	(231, 144)	b'\xe7\x90'	475
475	(369, 104)	'igh'	476
476	(230, 139)	b'\xe6\x8b'	477
477	(111, 263)	'ore'	478
478	(101, 109)	'em'	479
479	(39, 116)	"'t"	480
480	(114, 105)	'ri'	481
481	(261, 154)	'：'	482
482	(229, 145)	b'\xe5\x91'	483
483	(232, 135)	b'\xe8\x87'	484
484	(259, 114)	'her'	485
485	(285, 116)	'est'	486
486	(384, 186)	'出'	487
487	(230, 181)	b'\xe6\xb5'	488
488	(257, 263)	' are'	489
489	(111, 112)	'op'	490
490	(32, 78)	' N'	491
491	(32, 106)	' j'	492
492	(313, 182)	'家'	493
493	(233, 157)	b'\xe9\x9d'	494
494	(117, 321)	'ust'	495
495	(309, 176)	'到'	496
496	(32, 82)	' R'	497
497	(273, 374)	'ould'	498
498	(229, 159)	b'\xe5\x9f'	499
499	(117, 109)	'um'	500
500	(273, 110)	'oun'	501
501	(426, 324)	' have'	502
502	(230, 175)	b'\xe6\xaf'	503
503	(208, 176)	'а'	504
504	(264, 104)	' sh'	505
505	(274, 100)	'and'	506
506	(363, 154)	'会'	507
507	(230, 172)	b'\xe6\xac'	508
508	(32, 216)	b' \xd8'	509
509	(229, 137)	b'\xe5\x89'	510
510	(32, 70)	' F'	511
511	(264, 101)	' se'	512
512	(278, 310)	' com'	513
513	(230, 179)	b'\xe6\xb3'	514
514	(278, 265)	' con'	515
515	(116, 104)	'th'	516
516	(229, 191)	b'\xe5\xbf'	517
517	(314, 101)	' ne'	518
518	(232, 16000)	'能'	519
519	(271, 101)	'ate'	520
520	(372, 165)	'来'	521
521	(405, 185)	'对'	522
522	(97, 98)	'ab'	523
523	(230, 176)	b'\xe6\xb0'	524
524	(229, 142)	b'\xe5\x8e'	525
525	(233, 152)	b'\xe9\x98'	526
526	(101, 108)	'el'	527
527	(116, 115)	'ts'	528
528	(117, 108)	'ul'	529
529	(393, 140)	'行'	530
530	(314, 330)	' not'	531
531	(32, 76)	' L'	532
532	(97, 258)	'ain'	533
533	(264, 97)	' sa'	534
534	(340, 159)	'生'	535
535	(232, 166)	b'\xe8\xa6'	536
536	(111, 115)	'os'	537
537	(224, 165)	b'\xe0\xa5'	538
538	(325, 145)	'我'	539
539	(306, 176)	'地'	540
540	(341, 165)	'日'	541
541	(230, 142)	b'\xe6\x8e'	542
542	(32, 71)	' G'	543
543	(99, 116)	'ct'	544
544	(282, 114)	' fr'	545
545	(296, 145)	'发'	546
546	(32, 118)	' v'	547
547	(233, 162)	b'\xe9\xa2'	548
548	(273, 114)	'our'	549
549	(228, 191)	b'\xe4\xbf'	550
550	(306, 186)	'场'	551
551	(230, 140)	b'\xe6\x8c'	552
552	(291, 111)	' do'	553
553	(260, 154)	'业'	554
554	(291, 101)	' de'	555
555	(535, 129)	'要'	556
556	(296, 175)	'可'	557
557	(309, 134)	'分'	558
558	(230, 158)	b'\xe6\x9e'	559
559	(284, 365)	' pro'	560
560	(97, 107)	'ak'	561
561	(232, 190)	b'\xe8\xbe'	562
562	(362, 145)	'金'	563
563	(231, 156)	b'\xe7\x9c'	564
564	(298, 150)	'他'	565
565	(84, 259)	'The'	566
566	(224, 166)	b'\xe0\xa6'	567
567	(303, 281)	' this'	568
568	(280, 142)	'于'	569
569	(230, 178)	b'\xe6\xb2'	570
570	(224, 176)	b'\xe0\xb0'	571
571	(325, 144)	'成'	572
572	(230, 131)	b'\xe6\x83'	573
573	(260, 139)	'下'	574
574	(285, 115)	'ess'	575
575	(229, 147)	b'\xe5\x93'	576
576	(302, 154)	'多'	577
577	(231, 173)	b'\xe7\xad'	578
578	(263, 115)	'res'	579
579	(380, 166)	'学'	580
580	(224, 174)	b'\xe0\xae'	581
581	(293, 331)	'ally'	582
582	(257, 108)	' al'	583
583	(113, 117)	'qu'	584
584	(233, 171)	b'\xe9\xab'	585
585	(305, 105)	' li'	586
586	(225, 136)	b'\xe1\x88'	587
587	(317, 142)	'后'	588
588	(32, 69)	' E'	589
589	(32, 323)	b' \xe0\xa4'	590
590	(351, 159)	'也'	591
591	(112, 112)	'pp'	592
592	(343, 120)	' ex'	593
593	(32, 276)	' or'	594
594	(277, 370)	' but'	595
595	(299, 172)	'公'	596
596	(278, 104)	' ch'	597
597	(368, 130)	'市'	598
598	(298, 172)	'们'	599
599	(290, 136)	'月'	600
600	(310, 101)	'ome'	601
601	(584, 152)	'高'	602
602	(208, 184)	'и'	603
603	(288, 116)	'art'	604
604	(274, 116)	'ant'	605
605	(544, 310)	' from'	606
606	(224, 170)	b'\xe0\xaa'	607
607	(342, 176)	'新'	608
608	(279, 100)	'end'	609
609	(101, 288)	'ear'	610
610	(103, 104)	'gh'	611
611	(284, 108)	' pl'	612
612	(475, 116)	'ight'	613
613	(356, 259)	' The'	614
614	(337, 143)	'经'	615
615	(32, 74)	' J'	616
616	(230, 132)	b'\xe6\x84'	617
617	(281, 116)	'ist'	618
618	(225, 187)	b'\xe1\xbb'	619
619	(407, 176)	'现'	620
620	(342, 185)	'方'	621
621	(293, 108)	'all'	622
622	(257, 98)	' ab'	623
623	(509, 141)	'前'	624
624	(231, 190)	b'\xe7\xbe'	625
625	(230, 184)	b'\xe6\xb8'	626
626	(301, 116)	'ast'	627
627	(216, 167)	'ا'	628
628	(533, 326)	' said'	629
629	(224, 168)	b'\xe0\xa8'	630
630	(288, 100)	'ard'	631
631	(229, 128)	b'\xe5\x80'	632
632	(256, 114)	' tr'	633
633	(353, 107)	'ack'	634
634	(277, 121)	' by'	635
635	(276, 116)	'ort'	636
636	(275, 121)	'ity'	637
637	(105, 324)	'ive'	638
638	(111, 99)	'oc'	639
639	(286, 101)	' me'	640
640	(329, 177)	'就'	641
641	(32, 79)	' O'	642
642	(111, 321)	'ost'	643
643	(109, 334)	'ment'	644
644	(230, 155)	b'\xe6\x9b'	645
645	(230, 180)	b'\xe6\xb4'	646
646	(105, 101)	'ie'	647
647	(231, 189)	b'\xe7\xbd'	648
648	(232, 130)	b'\xe8\x82'	649
649	(208, 190)	'о'	650
650	(266, 121)	' they'	651
651	(97, 112)	'ap'	652
652	(297, 301)	' has'	653
653	(311, 135)	'过'	654
654	(48, 49)	'01'	655
655	(260, 187)	'主'	656
656	(233, 129)	b'\xe9\x81'	657
657	(389, 128)	'开'	658
658	(233, 149)	b'\xe9\x95'	659
659	(233, 131)	b'\xe9\x83'	660
660	(319, 156)	'作'	661
661	(278, 274)	' can'	662
662	(299, 131)	'元'	663
663	(290, 128)	'最'	664
664	(316, 111)	' go'	665
665	(340, 168)	'用'	666
666	(290, 172)	'本'	667
667	(388, 151)	'得'	668
668	(32, 375)	' un'	669
669	(231, 130)	b'\xe7\x82'	670
670	(232, 189)	b'\xe8\xbd'	671
671	(105, 285)	'ies'	672
672	(498, 186)	'基'	673
673	(117, 100)	'ud'	674
674	(268, 406)	' will'	675
675	(273, 610)	'ough'	676
676	(352, 101)	'ame'	677
677	(305, 101)	' le'	678
678	(117, 263)	'ure'	679
679	(231, 171)	b'\xe7\xab'	680
680	(392, 133)	'者'	681
681	(329, 134)	'将'	682
682	(107, 115)	'ks'	683
683	(229, 166)	b'\xe5\xa6'	684
684	(483, 170)	'自'	685
685	(268, 276)	' wor'	686
686	(32, 473)	' up'	687
687	(297, 281)	' his'	688
688	(257, 312)	' all'	689
689	(392, 140)	'而'	690
690	(265, 101)	'one'	691
691	(308, 101)	'ice'	692
692	(228, 190)	b'\xe4\xbe'	693
693	(264, 111)	' so'	694
694	(280, 167)	'产'	695
695	(493, 162)	'面'	696
696	(268, 259)	' whe'	697
697	(402, 116)	'ect'	698
698	(224, 183)	b'\xe0\xb7'	699
699	(290, 186)	'机'	700
700	(502, 148)	'比'	701
701	(32, 425)	' out'	702
702	(32, 217)	b' \xd9'	703
703	(585, 399)	' like'	704
704	(208, 189)	'н'	705
705	(263, 110)	'ren'	706
706	(624, 142)	'美'	707
707	(230, 177)	b'\xe6\xb1'	708
708	(659, 168)	'部'	709
709	(317, 140)	'同'	710
710	(208, 181)	'е'	711
711	(232, 182)	b'\xe8\xb6'	712
712	(32, 75)	' K'	713
713	(264, 112)	' sp'	714
714	(290, 159)	'期'	715
715	(351, 139)	'之'	716
716	(311, 155)	'进'	717
717	(229, 129)	b'\xe5\x81'	718
718	(232, 183)	b'\xe8\xb7'	719
719	(111, 100)	'od'	720
720	(232, 176)	b'\xe8\xb0'	721
721	(344, 168)	'动'	722
722	(491, 494)	' just'	723
723	(230, 182)	b'\xe6\xb6'	724
724	(117, 98)	'ub'	725
725	(231, 164)	b'\xe7\xa4'	726
726	(233, 16000)	'都'	727
727	(474, 131)	'球'	728
728	(263, 100)	'red'	729
729	(103, 101)	'ge'	730
730	(299, 182)	'其'	731
731	(286, 121)	' my'	732
732	(230, 141)	b'\xe6\x8d'	733
733	(299, 168)	'全'	734
734	(326, 101)	'ide'	735
735	(32, 225)	b' \xe1'	736
736	(231, 172)	b'\xe7\xac'	737
737	(110, 479)	"n't"	738
738	(105, 97)	'ia'	739
739	(230, 153)	b'\xe6\x99'	740
740	(395, 132)	'资'	741
741	(311, 152)	'还'	742
742	(117, 99)	'uc'	743
743	(32, 85)	' U'	744
744	(474, 134)	'理'	745
745	(344, 155)	'力'	746
746	(500, 100)	'ound'	747
747	(209, 128)	'р'	748
748	(265, 103)	'ong'	749
749	(329, 143)	'小'	750
750	(229, 157)	b'\xe5\x9d'	751
751	(358, 180)	'说'	752
752	(258, 100)	'ind'	753
753	(97, 399)	'ake'	754
754	(224, 182)	b'\xe0\xb6'	755
755	(269, 139)	'》'	756
756	(269, 138)	'《'	757
757	(102, 102)	'ff'	758
758	(268, 497)	' would'	759
759	(258, 101)	'ine'	760
760	(316, 332)	' get'	761
761	(344, 160)	'加'	762
762	(408, 100)	'ood'	763
763	(232, 137)	b'\xe8\x89'	764
764	(260, 142)	'与'	765
765	(347, 101)	' one'	766
766	(101, 112)	'ep'	767
767	(302, 169)	'天'	768
768	(409, 111)	' who'	769
769	(209, 130)	'т'	770
770	(622, 425)	' about'	771
771	(313, 154)	'定'	772
772	(117, 379)	'use'	773
773	(575, 129)	'品'	774
774	(105, 118)	'iv'	775
775	(313, 158)	'实'	776
776	(401, 189)	'好'	777
777	(317, 136)	'合'	778
778	(230, 143)	b'\xe6\x8f'	779
779	(339, 179)	'平'	780
780	(658, 191)	'长'	782
781	(231, 132)	b'\xe7\x84'	783
782	(114, 97)	'ra'	784
783	(319, 134)	'但'	785
784	(380, 144)	'子'	786
785	(371, 114)	' your'	787
786	(302, 150)	'外'	788
787	(373, 101)	'ime'	789
788	(577, 137)	'等'	790
789	(319, 147)	'体'	791
790	(513, 149)	'法'	792
791	(257, 103)	' ag'	793
792	(231, 149)	b'\xe7\x95'	794
793	(229, 167)	b'\xe5\xa7'	795
794	(232, 131)	b'\xe8\x83'	796
795	(286, 477)	' more'	797
796	(233, 161)	b'\xe9\xa1'	798
797	(257, 100)	' ad'	799
798	(461, 180)	'间'	800
799	(233, 155)	b'\xe9\x9b'	801
800	(387, 128)	'所'	802
801	(105, 112)	'ip'	804
802	(227, 129)	b'\xe3\x81'	805
803	(393, 168)	'表'	806
804	(412, 166)	'度'	807
805	(452, 46)	'...'	809
806	(232, 139)	b'\xe8\x8b'	810
807	(507, 161)	'次'	811
808	(100, 328)	'day'	812
809	(317, 141)	'名'	813
810	(308, 104)	'ich'	814
811	(410, 133)	'内'	815
812	(304, 102)	' off'	816
813	(382, 121)	'very'	817
814	(104, 271)	'hat'	818
815	(669, 185)	'点'	819
816	(117, 101)	'ue'	820
817	(274, 115)	'ans'	821
818	(107, 283)	'king'	822
819	(299, 179)	'关'	823
820	(231, 168)	b'\xe7\xa8'	824
821	(300, 116)	' int'	825
822	(229, 187)	b'\xe5\xbb'	826
823	(319, 141)	'位'	827
824	(362, 141)	'重'	828
825	(465, 167)	'性'	829
826	(266, 383)	' their'	830
827	(388, 136)	'很'	831
828	(257, 114)	' ar'	832
829	(394, 184)	'相'	833
830	(309, 169)	'利'	834
831	(216, 177)	'ر'	835
832	(232, 129)	b'\xe8\x81'	836
833	(278, 108)	' cl'	837
834	(394, 174)	'目'	838
835	(114, 121)	'ry'	839
836	(217, 136)	'و'	840
837	(438, 176)	'数'	841
838	(105, 293)	'ial'	842
839	(219, 140)	'ی'	843
840	(327, 609)	' year'	844
841	(403, 165)	'工'	845
842	(233, 154)	b'\xe9\x9a'	846
843	(298, 183)	'价'	847
844	(563, 139)	'看'	848
845	(233, 148)	b'\xe9\x94'	849
846	(284, 101)	' pe'	850
847	(683, 130)	'如'	851
848	(32, 51)	' 3'	852
849	(273, 115)	'ous'	853
850	(323, 190)	'ा'	854
851	(516, 131)	'心'	855
852	(116, 484)	'ther'	856
853	(429, 147)	'当'	857
854	(297, 348)	' had'	858
855	(97, 104)	'ah'	859
856	(512, 112)	' comp'	860
857	(110, 100)	'nd'	861
858	(233, 163)	b'\xe9\xa3'	862
859	(118, 279)	'ven'	863
860	(328, 115)	'ays'	864
861	(115, 111)	'so'	865
862	(230, 129)	b'\xe6\x81'	866
863	(225, 137)	b'\xe1\x89'	867
864	(454, 164)	'此'	868
865	(101, 312)	'ell'	869
866	(230, 159)	b'\xe6\x9f'	870
867	(32, 446)	' if'	871
868	(296, 184)	'司'	872
869	(231, 159)	b'\xe7\x9f'	873
870	(231, 180)	b'\xe7\xb4'	874
871	(644, 180)	'更'	875
872	(260, 137)	'三'	876
873	(32, 583)	' qu'	877
874	(442, 110)	' kn'	878
875	(458, 101)	'age'	879
876	(264, 600)	' some'	880
877	(572, 133)	'情'	881
878	(224, 175)	b'\xe0\xaf'	882
879	(208, 187)	'л'	883
880	(233, 156)	b'\xe9\x9c'	884
881	(260, 164)	'两'	885
882	(231, 157)	b'\xe7\x9d'	886
883	(672, 562)	'基金'	887
884	(233, 166)	b'\xe9\xa6'	888
885	(346, 279)	' been'	889
886	(340, 181)	'电'	890
887	(736, 172)	'第'	891
888	(336, 460)	'一个'	892
889	(275, 101)	'ite'	894
890	(354, 116)	' St'	895
891	(345, 110)	'own'	896
892	(231, 160)	b'\xe7\xa0'	897
893	(294, 121)	' any'	898
894	(315, 142)	'明'	899
895	(98, 267)	'ber'	900
896	(232, 162)	b'\xe8\xa2'	901
897	(231, 169)	b'\xe7\xa9'	902
898	(260, 135)	'万'	903
899	(525, 159)	'队'	904
900	(32, 279)	' en'	906
901	(217, 134)	'ن'	907
902	(387, 139)	'手'	908
903	(257, 99)	' ac'	909
904	(265, 479)	"on't"	910
905	(415, 165)	'报'	911
906	(362, 140)	'里'	912
907	(335, 160)	'因'	913
908	(342, 175)	'斯'	914
909	(432, 186)	'区'	915
910	(325, 191)	'房'	916
911	(299, 165)	'入'	917
912	(781, 182)	'然'	918
913	(232, 138)	b'\xe8\x8a'	919
914	(353, 116)	'act'	920
915	(284, 114)	' pr'	921
916	(439, 185)	'特'	922
917	(286, 274)	' man'	923
918	(280, 139)	'事'	924
919	(322, 115)	'ions'	925
920	(258, 107)	'ink'	926
921	(32, 423)	' us'	927
922	(101, 119)	'ew'	928
923	(409, 271)	' what'	929
924	(49, 48)	'10'	930
925	(100, 267)	'der'	931
926	(284, 267)	' per'	932
927	(395, 155)	'赛'	933
928	(102, 411)	'fter'	934
929	(217, 132)	'ل'	935
930	(231, 165)	b'\xe7\xa5'	936
931	(523, 145)	'民'	937
932	(32, 373)	' im'	938
933	(413, 154)	'通'	939
934	(97, 263)	'are'	940
935	(233, 130)	b'\xe9\x82'	941
936	(105, 122)	'iz'	942
937	(403, 178)	'已'	943
938	(595, 868)	'公司'	944
939	(32, 89)	' Y'	945
940	(303, 274)	' than'	946
941	(415, 149)	'投'	947
942	(266, 263)	' there'	948
943	(592, 112)	' exp'	949
944	(209, 129)	'с'	950
945	(778, 144)	'提'	951
946	(105, 263)	'ire'	952
947	(421, 263)	' were'	953
948	(229, 149)	b'\xe5\x95'	955
949	(696, 110)	' when'	956
950	(429, 177)	'影'	957
951	(538, 598)	'我们'	958
952	(360, 161)	'计'	959
953	(231, 136)	b'\xe7\x88'	960
954	(353, 101)	'ace'	961
955	(381, 114)	' her'	962
956	(194, 160)	'\xa0'	963
957	(846, 16005)	' people'	964
958	(298, 142)	'从'	965
959	(271, 287)	'ated'	966
960	(339, 182)	'并'	967
961	(105, 320)	'ile'	968
962	(611, 328)	' play'	969
963	(551, 129)	'持'	970
964	(288, 107)	'ark'	971
965	(266, 109)	' them'	972
966	(569, 161)	'没'	973
967	(111, 103)	'og'	974
968	(656, 147)	'道'	975
969	(225, 139)	b'\xe1\x8b'	976
970	(296, 138)	'及'	977
971	(111, 379)	'ose'	978
972	(105, 98)	'ib'	979
973	(289, 382)	' over'	980
974	(432, 150)	'化'	981
975	(308, 107)	'ick'	982
976	(296, 170)	'只'	983
977	(316, 114)	' gr'	984
978	(616, 143)	'意'	985
979	(725, 186)	'示'	986
980	(377, 104)	' Ch'	987
981	(117, 431)	'uch'	988
982	(112, 635)	'port'	989
983	(231, 179)	b'\xe7\xb3'	990
984	(231, 129)	b'\xe7\x81'	991
985	(390, 419)	'中国'	992
986	(319, 160)	'你'	993
987	(482, 152)	'员'	994
988	(232, 186)	b'\xe8\xba'	995
989	(896, 171)	'被'	996
990	(233, 147)	b'\xe9\x93'	997
991	(50, 424)	'200'	998
992	(274, 433)	'ance'	999
993	(445, 191)	'政'	1000
994	(229, 163)	b'\xe5\xa3'	1001
995	(116, 121)	'ty'	1002
996	(232, 163)	b'\xe8\xa3'	1003
997	(256, 787)	' time'	1004
998	(97, 118)	'av'	1005
999	(822, 186)	'建'	1006
1000	(549, 157)	'保'	1007
1001	(732, 174)	'据'	1008
1002	(224, 177)	b'\xe0\xb1'	1009
1003	(514, 116)	' cont'	1010
1004	(280, 155)	'些'	1011
1005	(353, 104)	'ach'	1012
1006	(314, 111)	' no'	1013
1007	(263, 101)	'ree'	1014
1008	(32, 86)	' V'	1015
1009	(300, 99)	' inc'	1016
1010	(448, 188)	'格'	1017
1011	(414, 168)	b' \xe0\xa8'	1018
1012	(257, 928)	' after'	1019
1013	(209, 131)	'у'	1020
1014	(882, 128)	'着'	1021
1015	(274, 103)	'ang'	1022
1016	(280, 164)	'交'	1023
1017	(301, 115)	'ass'	1024
1018	(284, 263)	' pre'	1025
1019	(395, 183)	'起'	1026
1020	(225, 138)	b'\xe1\x8a'	1027
1021	(451, 149)	'展'	1028
1022	(988, 171)	'身'	1029
1023	(276, 109)	'orm'	1030
1024	(231, 153)	b'\xe7\x99'	1031
1025	(389, 143)	'式'	1032
1026	(582, 861)	' also'	1033
1027	(333, 115)	' res'	1034
1028	(264, 259)	' she'	1035
1029	(97, 418)	'ail'	1036
1030	(32, 105)	' i'	1037
1031	(232, 144)	b'\xe8\x90'	1038
1032	(763, 178)	'色'	1039
1033	(517, 119)	' new'	1040
1034	(356, 104)	' Th'	1041
1035	(362, 143)	'量'	1042
1036	(230, 161)	b'\xe6\xa1'	1043
1037	(318, 116)	' It'	1044
1038	(289, 852)	' other'	1045
1039	(432, 151)	'北'	1046
1040	(342, 135)	'文'	1047
1041	(948, 134)	'商'	1048
1042	(117, 103)	'ug'	1049
1043	(291, 326)	' did'	1050
1044	(447, 141)	'种'	1052
1045	(232, 142)	b'\xe8\x8e'	1053
1046	(257, 109)	' am'	1054
1047	(276, 100)	'ord'	1055
1048	(224, 171)	b'\xe0\xab'	1056
1049	(597, 550)	'市场'	1057
1050	(874, 345)	' know'	1058
1051	(301, 101)	'ase'	1059
1052	(256, 119)	' tw'	1060
1053	(360, 169)	'让'	1061
1054	(282, 383)	' fir'	1062
1055	(549, 161)	'信'	1063
1056	(111, 258)	'oin'	1064
1057	(409, 810)	' which'	1065
1058	(264, 99)	' sc'	1066
1059	(232, 165)	b'\xe8\xa5'	1067
1060	(524, 187)	'去'	1068
1061	(360, 176)	'记'	1069
1062	(256, 101)	' te'	1070
1063	(454, 163)	'正'	1071
1064	(523, 180)	'水'	1072
1065	(291, 904)	" don't"	1073
1066	(487, 183)	'海'	1074
1067	(392, 131)	'考'	1075
1068	(288, 121)	'ary'	1076
1069	(231, 131)	b'\xe7\x83'	1077
1070	(647, 145)	'网'	1078
1071	(111, 312)	'oll'	1079
1072	(556, 468)	'可以'	1080
1073	(1059, 191)	'西'	1081
1074	(558, 156)	'果'	1082
1075	(111, 98)	'ob'	1083
1076	(483, 179)	'至'	1084
1077	(368, 184)	'常'	1085
1078	(111, 324)	'ove'	1086
1079	(104, 283)	'hing'	1087
1080	(439, 169)	'物'	1088
1081	(408, 107)	'ook'	1089
1082	(230, 188)	b'\xe6\xbc'	1090
1083	(983, 187)	'系'	1091
1084	(116, 283)	'ting'	1092
1085	(448, 183)	'样'	1093
1086	(522, 320)	'able'	1094
1087	(109, 267)	'mer'	1095
1088	(401, 179)	'女'	1096
1089	(265, 100)	'ond'	1097
1090	(340, 177)	'由'	1098
1091	(648, 161)	'股'	1099
1092	(224, 169)	b'\xe0\xa9'	1100
1093	(201, 153)	'ə'	1101
1094	(16003, 158)	'增'	1102
1095	(233, 133)	b'\xe9\x85'	1103
1096	(97, 772)	'ause'	1104
1097	(412, 148)	'应'	1105
1098	(369, 110)	'ign'	1106
1099	(616, 159)	'感'	1107
1100	(348, 101)	'ade'	1108
1101	(39, 263)	"'re"	1109
1102	(341, 160)	'无'	1110
1103	(359, 367)	" it's"	1111
1104	(850, 323)	b'\xe0\xa4\xbe\xe0\xa4'	1112
1105	(309, 182)	'制'	1113
1106	(97, 119)	'aw'	1114
1107	(298, 138)	'今'	1115
1108	(329, 148)	'尔'	1116
1109	(311, 145)	'近'	1117
1110	(578, 115)	'ress'	1118
1111	(359, 115)	' its'	1119
1112	(232, 136)	b'\xe8\x88'	1120
1113	(325, 152)	'战'	1121
1114	(303, 920)	' think'	1122
1115	(318, 110)	' In'	1123
1116	(297, 373)	' him'	1124
1117	(196, 177)	'ı'	1125
1118	(261, 155)	'；'	1126
1119	(112, 116)	'pt'	1127
1120	(344, 161)	'务'	1128
1121	(508, 167)	' ا'	1129
1122	(645, 187)	'活'	1130
1123	(263, 271)	'reat'	1131
1124	(291, 281)	' dis'	1132
1125	(230, 183)	b'\xe6\xb7'	1133
1126	(806, 177)	'英'	1134
1127	(618, 141)	'ọ'	1135
1128	(296, 151)	'受'	1136
1129	(257, 591)	' app'	1137
1130	(233, 146)	b'\xe9\x92'	1138
1131	(389, 186)	'强'	1139
1132	(625, 184)	'游'	1140
1133	(360, 190)	'设'	1141
1134	(445, 182)	'收'	1142
1135	(229, 158)	b'\xe5\x9e'	1143
1136	(32, 52)	' 4'	1144
1137	(208, 180)	'д'	1145
1138	(482, 168)	'周'	1146
1139	(32, 53)	' 5'	1147
1140	(333, 99)	' rec'	1148
1141	(111, 118)	'ov'	1149
1142	(461, 174)	'问'	1150
1143	(387, 147)	'打'	1151
1144	(299, 183)	'具'	1152
1145	(1054, 321)	' first'	1153
1146	(414, 170)	b' \xe0\xaa'	1154
1147	(105, 274)	'ian'	1155
1148	(208, 186)	'к'	1156
1149	(358, 165)	'该'	1157
1150	(280, 140)	'二'	1158
1151	(326, 334)	'ident'	1159
1152	(413, 137)	'选'	1160
1153	(233, 169)	b'\xe9\xa9'	1161
1154	(297, 345)	' how'	1162
1155	(110, 283)	'ning'	1163
1156	(224, 167)	b'\xe0\xa7'	1164
1157	(284, 603)	' part'	1165
1158	(279, 115)	'ens'	1166
1159	(218, 169)	'ک'	1167
1160	(278, 497)	' could'	1168
1161	(335, 158)	'回'	1169
1162	(257, 543)	' act'	1170
1163	(279, 433)	'ence'	1171
1164	(561, 190)	'达'	1172
1165	(441, 115)	'ations'	1173
1166	(217, 135)	'ه'	1174
1167	(50, 48)	'20'	1175
1168	(537, 141)	'्'	1176
1169	(231, 188)	b'\xe7\xbc'	1177
1170	(261, 137)	'）'	1178
1171	(351, 136)	'么'	1179
1172	(465, 187)	'总'	1180
1173	(261, 136)	'（'	1181
1174	(292, 111)	' too'	1182
1175	(84, 104)	'Th'	1183
1176	(313, 137)	'安'	1184
1177	(316, 117)	' gu'	1185
1178	(111, 121)	'oy'	1186
1179	(457, 167)	'级'	1187
1180	(276, 115)	'ors'	1188
1181	(1168, 323)	b'\xe0\xa5\x8d\xe0\xa4'	1189
1182	(821, 111)	' into'	1190
1183	(388, 183)	'德'	1191
1184	(511, 101)	' see'	1192
1185	(261, 159)	'？'	1193
1186	(720, 131)	'调'	1194
1187	(314, 345)	' now'	1195
1188	(102, 101)	'fe'	1196
1189	(461, 168)	'门'	1197
1190	(407, 135)	'率'	1198
1191	(277, 633)	' back'	1199
1192	(112, 108)	'pl'	1200
1193	(229, 148)	b'\xe5\x94'	1201
1194	(73, 116)	'It'	1202
1195	(447, 145)	'科'	1203
1196	(368, 131)	'布'	1204
1197	(16002, 109)	" I'm"	1205
1198	(832, 148)	'联'	1206
1199	(277, 332)	' bet'	1207
1200	(119, 101)	'we'	1208
1201	(32, 365)	' ro'	1209
1202	(264, 328)	' say'	1210
1203	(347, 331)	' only'	1211
1204	(966, 378)	'没有'	1212
1205	(316, 762)	' good'	1213
1206	(217, 138)	'ي'	1214
1207	(541, 165)	'接'	1215
1208	(403, 177)	'己'	1216
1209	(110, 101)	'ne'	1217
1210	(513, 168)	'注'	1218
1211	(16001, 161)	'管'	1219
1212	(233, 187)	b'\xe9\xbb'	1220
1213	(717, 154)	'做'	1221
1214	(298, 163)	'代'	1222
1215	(229, 150)	b'\xe5\x96'	1223
1216	(500, 116)	'ount'	1224
1217	(547, 152)	'题'	1225
1218	(49, 57)	'19'	1226
1219	(260, 156)	'东'	1227
1220	(439, 135)	'片'	1228
1221	(414, 166)	b' \xe0\xa6'	1229
1222	(281, 104)	'ish'	1230
1223	(684, 1208)	'自己'	1231
1224	(360, 164)	'认'	1232
1225	(1135, 139)	'型'	1233
1226	(1052, 111)	' two'	1234
1227	(401, 150)	'奖'	1235
1228	(216, 170)	'ت'	1236
1229	(282, 101)	' fe'	1237
1230	(551, 135)	'指'	1238
1231	(325, 150)	'或'	1239
1232	(349, 142)	'华'	1240
1233	(319, 191)	'使'	1241
1234	(572, 179)	'想'	1242
1235	(903, 99)	' acc'	1243
1236	(264, 267)	' ser'	1244
1237	(935, 163)	'那'	1245
1238	(111, 374)	'old'	1246
1239	(299, 139)	'克'	1247
1240	(283, 115)	'ings'	1248
1241	(408, 108)	'ool'	1250
1242	(110, 103)	'ng'	1251
1243	(231, 178)	b'\xe7\xb2'	1252
1244	(317, 145)	'向'	1253
1245	(308, 116)	'ict'	1254
1246	(517, 287)	' need'	1255
1247	(324, 108)	'vel'	1256
1248	(349, 149)	'单'	1257
1249	(298, 187)	'任'	1258
1250	(268, 604)	' want'	1259
1251	(105, 849)	'ious'	1260
1252	(117, 312)	'ull'	1261
1253	(422, 185)	'费'	1262
1254	(277, 114)	' br'	1263
1255	(685, 107)	' work'	1264
1256	(232, 153)	b'\xe8\x99'	1265
1257	(116, 101)	'te'	1266
1258	(230, 145)	b'\xe6\x91'	1267
1259	(105, 374)	'ild'	1268
1260	(260, 147)	'专'	1269
1261	(498, 142)	'城'	1270
1262	(296, 183)	'号'	1271
1263	(296, 150)	'取'	1272
1264	(277, 108)	' bl'	1273
1265	(231, 161)	b'\xe7\xa1'	1274
1266	(424, 48)	'000'	1275
1267	(449, 162)	'院'	1276
1268	(493, 158)	'非'	1277
1269	(302, 180)	'头'	1278
1270	(217, 133)	'م'	1279
1271	(463, 101)	' He'	1280
1272	(232, 141)	b'\xe8\x8d'	1281
1273	(884, 150)	'首'	1282
1274	(317, 132)	'各'	1283
1275	(296, 176)	'台'	1284
1276	(112, 267)	'per'	1285
1277	(313, 162)	'客'	1286
1278	(301, 265)	'ason'	1287
1279	(231, 166)	b'\xe7\xa6'	1288
1280	(440, 163)	'解'	1289
1281	(333, 581)	' really'	1290
1282	(296, 152)	'变'	1291
1283	(280, 172)	'京'	1292
1284	(878, 141)	'்'	1293
1285	(208, 188)	'м'	1294
1286	(858, 142)	'风'	1295
1287	(259, 100)	'hed'	1296
1288	(309, 171)	'别'	1297
1289	(329, 145)	'少'	1298
1290	(528, 116)	'ult'	1299
1291	(524, 159)	'原'	1300
1292	(261, 129)	'！'	1301
1293	(343, 813)	' every'	1302
1294	(358, 129)	'证'	1303
1295	(303, 675)	' though'	1304
1296	(337, 153)	'给'	1305
1297	(791, 532)	' again'	1306
1298	(349, 151)	'南'	1307
1299	(337, 147)	'结'	1308
1300	(440, 132)	'规'	1309
1301	(49, 50)	'12'	1310
1302	(308, 293)	'ical'	1311
1303	(457, 191)	'线'	1312
1304	(260, 150)	'世'	1313
1305	(561, 131)	'较'	1314
1306	(325, 143)	'戏'	1315
1307	(281, 115)	'iss'	1316
1308	(299, 137)	'光'	1317
1309	(32, 548)	' our'	1318
1310	(382, 115)	'vers'	1319
1311	(344, 191)	'势'	1320
1312	(286, 753)	' make'	1321
1313	(679, 139)	'立'	1322
1314	(229, 131)	b'\xe5\x83'	1323
1315	(16007, 1096)	' because'	1324
1316	(302, 132)	'处'	1325
1317	(299, 136)	'先'	1326
1318	(941, 740)	'投资'	1327
1319	(631, 188)	'值'	1328
1320	(275, 322)	'ition'	1329
1321	(352, 112)	'amp'	1330
1322	(216, 175)	'د'	1331
1323	(315, 159)	'星'	1332
1324	(264, 473)	' sup'	1333
1325	(502, 143)	'每'	1334
1326	(552, 285)	' does'	1335
1327	(337, 132)	'组'	1336
1328	(305, 626)	' last'	1337
1329	(315, 190)	'显'	1338
1330	(541, 168)	'推'	1339
1331	(1061, 680)	'记者'	1340
1332	(274, 107)	'ank'	1341
1333	(319, 142)	'低'	1342
1334	(276, 121)	'ory'	1343
1335	(286, 981)	' much'	1344
1336	(335, 190)	'图'	1345
1337	(278, 114)	' cr'	1346
1338	(274, 99)	'anc'	1347
1339	(32, 399)	' ke'	1348
1340	(337, 173)	'续'	1349
1341	(880, 128)	'需'	1350
1342	(705, 116)	'rent'	1351
1343	(564, 598)	'他们'	1352
1344	(718, 175)	'路'	1353
1345	(208, 178)	'в'	1354
1346	(343, 859)	' even'	1355
1347	(405, 188)	'导'	1356
1348	(794, 156)	'胜'	1357
1349	(101, 107)	'ek'	1358
1350	(266, 110)	' then'	1359
1351	(49, 49)	'11'	1360
1352	(723, 136)	'消'	1361
1353	(735, 138)	b' \xe1\x8a'	1362
1354	(429, 169)	'彩'	1363
1355	(229, 139)	b'\xe5\x8b'	1364
1356	(797, 100)	' add'	1365
1357	(438, 180)	'整'	1366
1358	(994, 171)	'士'	1367
1359	(225, 186)	b'\xe1\xba'	1368
1360	(349, 129)	'十'	1369
1361	(102, 477)	'fore'	1370
1362	(233, 170)	b'\xe9\xaa'	1371
1363	(1082, 148)	'演'	1372
1364	(820, 139)	'程'	1373
1365	(338, 148)	'—'	1374
1366	(862, 175)	'息'	1375
1367	(101, 103)	'eg'	1376
1368	(410, 141)	'再'	1377
1369	(334, 115)	'ents'	1378
1370	(264, 402)	' sec'	1379
1371	(467, 798)	'时间'	1380
1372	(316, 676)	' game'	1381
1373	(487, 142)	'济'	1382
1374	(401, 185)	'她'	1383
1375	(227, 130)	b'\xe3\x82'	1384
1376	(394, 152)	'盘'	1385
1377	(990, 182)	'银'	1386
1378	(102, 1023)	'form'	1387
1379	(537, 135)	'े'	1388
1380	(504, 497)	' should'	1389
1381	(445, 190)	'放'	1390
1382	(105, 107)	'ik'	1391
1383	(742, 107)	'uck'	1392
1384	(394, 180)	'直'	1393
1385	(231, 150)	b'\xe7\x96'	1394
1386	(707, 130)	'求'	1395
1387	(1314, 143)	'像'	1396
1388	(303, 114)	' thr'	1397
1389	(507, 167)	'欧'	1398
1390	(51, 48)	'30'	1399
1391	(499, 112)	'ump'	1400
1392	(229, 178)	b'\xe5\xb2'	1401
1393	(380, 163)	'季'	1402
1394	(277, 117)	' bu'	1403
1395	(300, 118)	' inv'	1404
1396	(392, 129)	'老'	1405
1397	(444, 116)	' att'	1406
1398	(271, 267)	'ater'	1407
1399	(413, 160)	'造'	1408
1400	(271, 285)	'ates'	1409
1401	(232, 132)	b'\xe8\x84'	1410
1402	(284, 450)	' pol'	1411
1403	(230, 187)	b'\xe6\xbb'	1412
1404	(996, 133)	'装'	1413
1405	(487, 129)	'流'	1414
1406	(274, 121)	'any'	1415
1407	(438, 153)	'教'	1416
1408	(108, 308)	'lic'	1417
1409	(337, 159)	'统'	1418
1410	(638, 107)	'ock'	1419
1411	(296, 163)	'口'	1420
1412	(711, 133)	'超'	1421
1413	(504, 345)	' show'	1422
1414	(330, 484)	'other'	1423
1415	(457, 166)	'约'	1424
1416	(291, 402)	' dec'	1425
1417	(422, 168)	'质'	1426
1418	(507, 190)	'款'	1427
1419	(447, 176)	'称'	1428
1420	(257, 119)	' aw'	1429
1421	(803, 979)	'表示'	1430
1422	(102, 116)	'ft'	1431
1423	(97, 122)	'az'	1432
1424	(230, 168)	b'\xe6\xa8'	1433
1425	(414, 176)	b' \xe0\xb0'	1434
1426	(440, 130)	'观'	1435
1427	(315, 147)	'易'	1436
1428	(32, 54)	' 6'	1437
1429	(280, 154)	'亚'	1438
1430	(937, 614)	'已经'	1439
1431	(556, 518)	'可能'	1440
1432	(840, 115)	' years'	1441
1433	(796, 185)	'项'	1442
1434	(98, 101)	'be'	1443
1435	(280, 191)	'亿'	1444
1436	(1153, 172)	'马'	1445
1437	(335, 155)	'四'	1446
1438	(268, 328)	' way'	1447
1439	(476, 137)	'拉'	1448
1440	(208, 179)	'г'	1449
1441	(407, 139)	'王'	1450
1442	(53, 48)	'50'	1451
1443	(291, 891)	' down'	1452
1444	(664, 283)	' going'	1453
1445	(389, 160)	'张'	1454
1446	(614, 1373)	'经济'	1455
1447	(265, 116)	'ont'	1456
1448	(834, 623)	'目前'	1457
1449	(316, 330)	' got'	1458
1450	(50, 654)	'201'	1459
1451	(385, 406)	' still'	1460
1452	(792, 140)	'界'	1461
1453	(310, 332)	'omet'	1462
1454	(356, 114)	' Tr'	1463
1455	(298, 182)	'件'	1464
1456	(668, 925)	' under'	1465
1457	(349, 135)	'升'	1466
1458	(414, 182)	b' \xe0\xb6'	1467
1459	(339, 191)	'广'	1468
1460	(313, 140)	'完'	1469
1461	(670, 166)	'车'	1470
1462	(16006, 179)	'米'	1471
1463	(694, 773)	'产品'	1472
1464	(913, 130)	'节'	1473
1465	(445, 175)	'支'	1474
1466	(230, 130)	b'\xe6\x82'	1475
1467	(512, 109)	' comm'	1476
1468	(363, 129)	'企'	1477
1469	(434, 612)	' right'	1478
1470	(105, 331)	'ily'	1479
1471	(421, 312)	' well'	1480
1472	(299, 177)	'共'	1481
1473	(346, 283)	' being'	1482
1474	(547, 132)	'预'	1483
1475	(275, 116)	'itt'	1484
1476	(869, 165)	'知'	1485
1477	(398, 110)	'urn'	1486
1478	(296, 139)	'友'	1487
1479	(346, 1361)	' before'	1488
1480	(32, 236)	b' \xec'	1489
1481	(286, 642)	' most'	1490
1482	(706, 419)	'美国'	1491
1483	(368, 166)	'带'	1492
1484	(290, 170)	'未'	1493
1485	(271, 431)	'atch'	1494
1486	(119, 110)	'wn'	1495
1487	(231, 139)	b'\xe7\x8b'	1496
1488	(117, 581)	'ually'	1497
1489	(363, 160)	'传'	1498
1490	(281, 101)	'ise'	1499
1491	(1062, 352)	' team'	1500
1492	(265, 115)	'ons'	1501
1493	(1069, 173)	'热'	1502
1494	(108, 105)	'li'	1503
1495	(230, 165)	b'\xe6\xa5'	1504
1496	(232, 177)	b'\xe8\xb1'	1505
1497	(109, 274)	'man'	1506
1498	(448, 161)	'校'	1507
1499	(117, 543)	'uct'	1508
1500	(111, 330)	'oot'	1509
1501	(230, 174)	b'\xe6\xae'	1510
1502	(545, 1021)	'发展'	1511
1503	(282, 108)	' fl'	1512
1504	(32, 1159)	' ک'	1513
1505	(407, 169)	'玩'	1514
1506	(560, 283)	'aking'	1515
1507	(32, 55)	' 7'	1516
1508	(98, 320)	'ble'	1517
1509	(302, 135)	'备'	1518
1510	(325, 183)	'户'	1519
1511	(415, 128)	'技'	1520
1512	(716, 529)	'进行'	1521
1513	(930, 168)	'票'	1522
1514	(462, 460)	'这个'	1523
1515	(108, 673)	'lud'	1524
1516	(379, 108)	'sel'	1525
1517	(349, 161)	'卡'	1526
1518	(1045, 183)	'获'	1527
1519	(233, 159)	b'\xe9\x9f'	1528
1520	(333, 109)	' rem'	1529
1521	(1095, 141)	'配'	1530
1522	(384, 134)	'准'	1531
1523	(108, 112)	'lp'	1532
1524	(314, 97)	' na'	1533
1525	(956, 956)	'\xa0\xa0'	1534
1526	(278, 621)	' call'	1535
1527	(72, 101)	'He'	1536
1528	(482, 138)	'告'	1537
1529	(230, 163)	b'\xe6\xa3'	1538
1530	(120, 116)	'xt'	1539
1531	(449, 133)	'际'	1540
1532	(451, 177)	'山'	1541
1533	(298, 133)	'仅'	1542
1534	(547, 134)	'领'	1543
1535	(516, 171)	'快'	1544
1536	(258, 433)	'ince'	1545
1537	(363, 152)	'优'	1546
1538	(284, 104)	' ph'	1548
1539	(1132, 1306)	'游戏'	1549
1540	(271, 283)	'ating'	1550
1541	(953, 177)	'爱'	1551
1542	(429, 162)	'形'	1552
1543	(296, 141)	'反'	1553
1544	(296, 136)	'又'	1554
1545	(845, 128)	'销'	1555
1546	(398, 283)	'uring'	1556
1547	(290, 141)	'服'	1557
1548	(118, 283)	'ving'	1558
1549	(384, 160)	'几'	1559
1550	(536, 115)	'oss'	1560
1551	(290, 175)	'术'	1561
1552	(298, 189)	'份'	1562
1553	(97, 383)	'air'	1563
1554	(291, 285)	' des'	1564
1555	(523, 148)	'气'	1565
1556	(311, 144)	'运'	1566
1557	(1039, 1283)	'北京'	1567
1558	(278, 111)	' co'	1568
1559	(231, 133)	b'\xe7\x85'	1569
1560	(964, 332)	'arket'	1570
1561	(696, 263)	' where'	1571
1562	(288, 103)	'arg'	1572
1563	(349, 138)	'半'	1573
1564	(437, 115)	' ass'	1574
1565	(286, 265)	' mon'	1575
1566	(293, 115)	'als'	1576
1567	(414, 174)	b' \xe0\xae'	1577
1568	(438, 136)	'效'	1578
1569	(272, 336)	'的一'	1579
1570	(387, 141)	'才'	1580
1571	(273, 112)	'oup'	1581
1572	(115, 115)	'ss'	1582
1573	(343, 109)	' em'	1583
1574	(291, 97)	' da'	1584
1575	(32, 32)	'  '	1585
1576	(841, 660)	'工作'	1586
1577	(472, 48)	' 10'	1587
1578	(230, 185)	b'\xe6\xb9'	1588
1579	(230, 186)	b'\xe6\xba'	1589
1580	(32, 209)	b' \xd1'	1590
1581	(793, 139)	'始'	1591
1582	(227, 131)	b'\xe3\x83'	1592
1583	(230, 144)	b'\xe6\x90'	1593
1584	(799, 134)	'集'	1594
1585	(231, 138)	b'\xe7\x8a'	1595
1586	(395, 176)	'走'	1596
1587	(381, 1523)	' help'	1597
1588	(73, 110)	'In'	1598
1589	(216, 179)	'س'	1599
1590	(284, 1056)	' poin'	1600
1591	(432, 133)	'包'	1601
1592	(112, 101)	'pe'	1602
1593	(302, 170)	'太'	1603
1594	(344, 159)	'功'	1604
1595	(229, 168)	b'\xe5\xa8'	1605
1596	(897, 186)	'空'	1606
1597	(440, 134)	'视'	1607
1598	(358, 157)	'话'	1608
1599	(296, 140)	'双'	1609
1600	(329, 188)	'尼'	1610
1601	(108, 285)	'les'	1611
1602	(290, 155)	'望'	1612
1603	(1193, 174)	'售'	1613
1604	(476, 141)	'拍'	1614
1605	(385, 603)	' start'	1615
1606	(117, 285)	'ues'	1616
1607	(16006, 187)	'类'	1617
1608	(750, 135)	'均'	1618
1609	(296, 130)	'参'	1619
1610	(105, 111)	'io'	1620
1611	(300, 100)	' ind'	1621
1612	(451, 133)	'居'	1622
1613	(319, 143)	'住'	1623
1614	(282, 258)	' fin'	1624
1615	(32, 813)	' very'	1625
1616	(1468, 553)	'企业'	1626
1617	(311, 158)	'连'	1627
1618	(385, 114)	' str'	1628
1619	(121, 115)	'ys'	1629
1620	(514, 115)	' cons'	1630
1621	(360, 186)	'论'	1631
1622	(451, 128)	'局'	1632
1623	(448, 135)	'标'	1633
1624	(640, 350)	'就是'	1634
1625	(1243, 190)	'精'	1635
1626	(563, 159)	'真'	1636
1627	(232, 168)	b'\xe8\xa8'	1637
1628	(286, 328)	' may'	1638
1629	(232, 133)	b'\xe8\x85'	1639
1630	(1036, 136)	'案'	1640
1631	(271, 104)	'ath'	1641
1632	(303, 971)	' those'	1642
1633	(415, 138)	'把'	1643
1634	(422, 173)	'购'	1644
1635	(1142, 1217)	'问题'	1645
1636	(279, 99)	'enc'	1646
1637	(264, 1453)	' somet'	1647
1638	(231, 151)	b'\xe7\x97'	1648
1639	(692, 155)	'供'	1649
1640	(459, 265)	'erson'	1650
1641	(351, 144)	'乐'	1651
1642	(554, 102)	' def'	1652
1643	(360, 174)	'议'	1653
1644	(49, 53)	'15'	1654
1645	(1125, 177)	'深'	1655
1646	(309, 153)	'则'	1656
1647	(411, 110)	'tern'	1657
1648	(866, 165)	'查'	1658
1649	(97, 97)	'aa'	1659
1650	(1388, 675)	' through'	1660
1651	(446, 101)	'ife'	1661
1652	(231, 143)	b'\xe7\x8f'	1662
1653	(422, 159)	'负'	1663
1654	(445, 185)	'改'	1664
1655	(358, 183)	'请'	1665
1656	(984, 171)	'火'	1666
1657	(256, 753)	' take'	1667
1658	(743, 110)	' Un'	1668
1659	(230, 162)	b'\xe6\xa2'	1669
1660	(105, 120)	'ix'	1670
1661	(368, 136)	'师'	1671
1662	(892, 148)	'研'	1672
1663	(286, 258)	' min'	1673
1664	(323, 191)	'ि'	1674
1665	(99, 310)	'com'	1675
1666	(454, 165)	'步'	1676
1667	(89, 273)	'You'	1677
1668	(32, 772)	' use'	1678
1669	(49, 46)	'1.'	1679
1670	(104, 110)	'hn'	1680
1671	(372, 191)	'板'	1681
1672	(441, 293)	'ational'	1682
1673	(286, 1100)	' made'	1683
1674	(333, 103)	' reg'	1684
1675	(32, 608)	' end'	1685
1676	(625, 133)	'清'	1686
1677	(381, 263)	' here'	1687
1678	(349, 179)	'即'	1688
1679	(426, 591)	' happ'	1689
1680	(275, 671)	'ities'	1690
1681	(632, 121)	' try'	1691
1682	(275, 287)	'ited'	1692
1683	(268, 114)	' wr'	1694
1684	(430, 186)	'်'	1695
1685	(264, 109)	' sm'	1696
1686	(282, 375)	' fun'	1697
1687	(1284, 580)	b'\xe0\xaf\x8d\xe0\xae'	1698
1688	(305, 408)	' loo'	1699
1689	(232, 140)	b'\xe8\x8c'	1700
1690	(301, 104)	'ash'	1701
1691	(847, 1074)	'如果'	1702
1692	(362, 135)	'采'	1703
1693	(230, 154)	b'\xe6\x9a'	1704
1694	(1424, 161)	'模'	1705
1695	(410, 179)	'决'	1706
1696	(711, 179)	'足'	1707
1697	(376, 857)	' And'	1708
1698	(284, 642)	' post'	1709
1699	(97, 120)	'ax'	1710
1700	(417, 114)	' Br'	1711
1701	(32, 56)	' 8'	1712
1702	(103, 114)	'gr'	1713
1703	(32, 586)	b' \xe1\x88'	1714
1704	(195, 169)	'é'	1715
1705	(305, 748)	' long'	1716
1706	(702, 133)	' م'	1717
1707	(263, 321)	'rest'	1718
1708	(259, 110)	'hen'	1719
1709	(932, 112)	' imp'	1720
1710	(410, 181)	'况'	1721
1711	(358, 173)	'语'	1722
1712	(403, 158)	'州'	1723
1713	(117, 293)	'ual'	1724
1714	(345, 267)	'ower'	1725
1715	(263, 348)	'read'	1726
1716	(563, 129)	'省'	1727
1717	(525, 178)	'防'	1729
1718	(323, 176)	'र'	1730
1719	(842, 190)	'难'	1731
1720	(291, 328)	' day'	1732
1721	(413, 159)	'速'	1733
1722	(351, 176)	'买'	1734
1723	(490, 922)	' New'	1735
1724	(406, 322)	'illion'	1736
1725	(97, 106)	'aj'	1737
1726	(619, 357)	'现在'	1738
1727	(309, 155)	'创'	1739
1728	(313, 185)	'容'	1740
1729	(289, 112)	' op'	1741
1730	(537, 128)	'ी'	1742
1731	(828, 746)	' around'	1743
1732	(260, 148)	'且'	1744
1733	(110, 121)	'ny'	1745
1734	(407, 175)	'环'	1746
1735	(305, 1081)	' look'	1747
1736	(470, 101)	' We'	1748
1737	(352, 285)	'ames'	1749
1738	(278, 288)	' car'	1750
1739	(409, 961)	' while'	1751
1740	(349, 154)	'博'	1752
1741	(1265, 174)	'确'	1753
1742	(358, 149)	'试'	1754
1743	(301, 287)	'ased'	1755
1744	(225, 140)	b'\xe1\x8c'	1756
1745	(343, 118)	' ev'	1757
1746	(792, 153)	'留'	1758
1747	(232, 173)	b'\xe8\xad'	1759
1748	(87, 101)	'We'	1760
1749	(313, 131)	'它'	1761
1750	(472, 57)	' 19'	1762
1751	(291, 105)	' di'	1763
1752	(319, 149)	'何'	1764
1753	(302, 141)	'复'	1765
1754	(440, 129)	'见'	1766
1755	(579, 534)	'学生'	1767
1756	(209, 139)	'ы'	1768
1757	(229, 153)	b'\xe5\x99'	1769
1758	(118, 287)	'ved'	1770
1759	(417, 370)	' But'	1771
1760	(108, 505)	'land'	1772
1761	(735, 139)	b' \xe1\x8b'	1773
1762	(606, 190)	'ા'	1774
1763	(346, 108)	' bel'	1775
1764	(231, 170)	b'\xe7\xaa'	1776
1765	(267, 116)	'ert'	1777
1766	(421, 1349)	' week'	1778
1767	(111, 107)	'ok'	1779
1768	(907, 420)	'因为'	1780
1769	(870, 160)	'素'	1781
1770	(97, 324)	'ave'	1782
1771	(330, 104)	'oth'	1783
1772	(320, 543)	'lect'	1784
1773	(305, 330)	' lot'	1785
1774	(305, 97)	' la'	1786
1775	(670, 172)	'转'	1787
1776	(233, 190)	b'\xe9\xbe'	1788
1777	(1377, 529)	'银行'	1789
1778	(725, 190)	'社'	1790
1779	(278, 259)	' che'	1791
1780	(842, 143)	'随'	1792
1781	(434, 375)	' run'	1793
1782	(478, 334)	'ement'	1794
1783	(264, 676)	' same'	1795
1784	(112, 114)	'pr'	1796
1785	(268, 258)	' win'	1797
1786	(298, 128)	'什'	1798
1787	(457, 162)	'红'	1799
1788	(116, 265)	'ton'	1800
1789	(49, 56)	'18'	1801
1790	(930, 158)	'神'	1802
1791	(939, 273)	' You'	1803
1792	(293, 101)	'ale'	1804
1793	(368, 140)	'希'	1805
1794	(917, 121)	' many'	1806
1795	(291, 114)	' dr'	1807
1796	(274, 729)	'ange'	1808
1797	(382, 110)	'vern'	1809
1798	(344, 158)	'办'	1810
1799	(84, 814)	'That'	1811
1800	(280, 148)	'五'	1812
1801	(115, 104)	'sh'	1813
1802	(508, 175)	' د'	1814
1803	(340, 183)	'男'	1815
1804	(302, 177)	'失'	1816
1805	(343, 288)	' ear'	1817
1806	(344, 169)	'助'	1818
1807	(515, 283)	'thing'	1819
1808	(620, 695)	'方面'	1820
1809	(558, 151)	'林'	1821
1810	(709, 467)	'同时'	1822
1811	(32, 57)	' 9'	1823
1812	(440, 146)	'角'	1824
1813	(380, 152)	'存'	1825
1814	(233, 165)	b'\xe9\xa5'	1826
1815	(566, 190)	'া'	1828
1816	(112, 276)	'por'	1829
1817	(724, 1408)	'ublic'	1830
1818	(376, 108)	' Al'	1831
1819	(503, 704)	'ан'	1832
1820	(440, 137)	'觉'	1833
1821	(264, 724)	' sub'	1834
1822	(289, 1486)	' own'	1835
1823	(264, 332)	' set'	1836
1824	(112, 104)	'ph'	1837
1825	(99, 334)	'cent'	1838
1826	(342, 153)	'料'	1839
1827	(723, 168)	'涨'	1840
1828	(1297, 321)	' against'	1841
1829	(229, 161)	b'\xe5\xa1'	1842
1830	(264, 860)	' says'	1843
1831	(337, 180)	'维'	1844
1832	(119, 630)	'ward'	1845
1833	(866, 144)	'某'	1846
1834	(316, 1123)	' great'	1847
1835	(439, 140)	'牌'	1848
1836	(577, 150)	'策'	1849
1837	(48, 46)	'0.'	1850
1838	(412, 156)	'府'	1851
1839	(1637, 1079)	' something'	1852
1840	(333, 108)	' rel'	1853
1841	(711, 138)	'越'	1854
1842	(541, 146)	'排'	1855
1843	(354, 104)	' Sh'	1856
1844	(274, 110)	'ann'	1857
1845	(1107, 427)	'今年'	1858
1846	(1229, 526)	' feel'	1859
1847	(266, 379)	' these'	1860
1848	(447, 175)	'积'	1861
1849	(618, 165)	'ụ'	1862
1850	(358, 132)	'评'	1863
1851	(646, 119)	'iew'	1864
1852	(913, 177)	'花'	1865
1853	(657, 1581)	'开始'	1866
1854	(105, 121)	'iy'	1867
1855	(1559, 167)	'照'	1868
1856	(373, 285)	'imes'	1869
1857	(677, 348)	' lead'	1870
1858	(411, 115)	'ters'	1871
1859	(431, 1241)	'chool'	1872
1860	(230, 146)	b'\xe6\x92'	1873
1861	(394, 138)	'益'	1874
1862	(297, 475)	' high'	1875
1863	(419, 492)	'国家'	1876
1864	(101, 102)	'ef'	1877
1865	(525, 191)	'阿'	1878
1866	(517, 382)	' never'	1879
1867	(897, 182)	'究'	1880
1868	(372, 161)	'条'	1881
1869	(275, 115)	'its'	1882
1870	(278, 1216)	' count'	1883
1871	(400, 579)	'大学'	1884
1872	(288, 431)	'arch'	1885
1873	(119, 97)	'wa'	1886
1874	(560, 285)	'akes'	1887
1875	(1565, 515)	' month'	1888
1876	(389, 149)	'引'	1889
1877	(739, 175)	'景'	1890
1878	(49, 54)	'16'	1891
1879	(1002, 141)	'్'	1892
1880	(1199, 411)	' better'	1893
1881	(1224, 420)	'认为'	1894
1882	(1757, 168)	'器'	1895
1883	(1043, 737)	" didn't"	1896
1884	(679, 153)	'站'	1897
1885	(333, 982)	' report'	1898
1886	(303, 1007)	' three'	1899
1887	(448, 185)	'根'	1900
1888	(264, 678)	' sure'	1901
1889	(1495, 188)	'楼'	1902
1890	(1579, 144)	'源'	1903
1891	(118, 285)	'ves'	1904
1892	(648, 178)	'育'	1905
1893	(1304, 1452)	'世界'	1906
1894	(229, 132)	b'\xe5\x84'	1907
1895	(1020, 149)	'ን'	1908
1896	(264, 398)	' sur'	1909
1897	(449, 144)	'限'	1910
1898	(264, 1536)	' since'	1911
1899	(647, 151)	'罗'	1912
1900	(339, 133)	'幅'	1913
1901	(558, 132)	'构'	1914
1902	(49, 52)	'14'	1915
1903	(115, 265)	'son'	1916
1904	(101, 101)	'ee'	1917
1905	(1031, 165)	'营'	1918
1906	(465, 129)	'态'	1919
1907	(333, 116)	' ret'	1920
1908	(45, 45)	'--'	1921
1909	(1156, 135)	'ে'	1922
1910	(449, 141)	'降'	1923
1911	(277, 369)	' big'	1924
1912	(274, 682)	'anks'	1925
1913	(1175, 281)	'This'	1926
1914	(1370, 1089)	' second'	1927
1915	(631, 153)	'候'	1928
1916	(308, 115)	'ics'	1929
1917	(700, 927)	'比赛'	1930
1918	(273, 379)	'ouse'	1931
1919	(195, 160)	'à'	1932
1920	(647, 174)	'置'	1933
1921	(107, 97)	'ka'	1934
1922	(1664, 323)	b'\xe0\xa4\xbf\xe0\xa4'	1935
1923	(101, 855)	'eah'	1936
1924	(510, 114)	' Fr'	1937
1925	(309, 146)	'划'	1938
1926	(291, 1546)	' during'	1939
1927	(231, 175)	b'\xe7\xaf'	1940
1928	(256, 267)	' ter'	1941
1929	(410, 155)	'军'	1942
1930	(508, 168)	' ب'	1943
1931	(32, 334)	' ent'	1944
1932	(1684, 430)	b'\xe1\x80\xba\xe1\x80'	1945
1933	(288, 97)	'ara'	1946
1934	(812, 308)	' offic'	1947
1935	(403, 180)	'巴'	1948
1936	(32, 430)	b' \xe1\x80'	1949
1937	(119, 860)	'ways'	1950
1938	(271, 116)	'att'	1951
1939	(1268, 1077)	'非常'	1952
1940	(972, 320)	'ible'	1953
1941	(384, 187)	'击'	1954
1942	(692, 191)	'便'	1955
1943	(350, 336)	'是一'	1956
1944	(102, 528)	'ful'	1957
1945	(1024, 189)	'白'	1958
1946	(110, 267)	'ner'	1959
1947	(259, 115)	'hes'	1960
1948	(98, 114)	'br'	1961
1949	(446, 308)	'ific'	1962
1950	(558, 129)	'极'	1963
1951	(46, 83)	'.S'	1964
1952	(698, 138)	'්'	1965
1953	(231, 140)	b'\xe7\x8c'	1966
1954	(480, 608)	'riend'	1967
1955	(282, 752)	' find'	1968
1956	(449, 164)	'除'	1969
1957	(478, 895)	'ember'	1970
1958	(483, 180)	'致'	1971
1959	(335, 162)	'团'	1972
1960	(571, 420)	'成为'	1973
1961	(1258, 132)	'摄'	1974
1962	(1133, 952)	'设计'	1975
1963	(400, 272)	'大的'	1977
1964	(372, 131)	'权'	1978
1965	(1786, 1171)	'什么'	1979
1966	(1454, 1391)	' Trump'	1980
1967	(706, 662)	'美元'	1981
1968	(264, 108)	' sl'	1982
1969	(487, 139)	'测'	1983
1970	(1037, 367)	" It's"	1984
1971	(363, 151)	'众'	1985
1972	(284, 370)	' put'	1986
1973	(423, 115)	'uss'	1987
1974	(1627, 128)	'言'	1988
1975	(332, 115)	'ets'	1989
1976	(877, 1710)	'情况'	1990
1977	(843, 1010)	'价格'	1991
1978	(232, 158)	b'\xe8\x9e'	1992
1979	(337, 136)	'终'	1993
1980	(116, 995)	'tty'	1994
1981	(741, 350)	'还是'	1995
1982	(1027, 112)	' resp'	1996
1983	(511, 1278)	' season'	1997
1984	(50, 46)	'2.'	1998
1985	(277, 485)	' best'	1999
1986	(887, 336)	'第一'	2000
1987	(49, 51)	'13'	2001
1988	(451, 158)	'属'	2002
1989	(256, 293)	' tal'	2003
1990	(524, 134)	'历'	2004
1991	(309, 151)	'列'	2005
1992	(1395, 485)	' invest'	2006
1993	(208, 183)	'з'	2007
1994	(282, 352)	' fam'	2008
1995	(300, 115)	' ins'	2009
1996	(297, 600)	' home'	2010
1997	(284, 1640)	' person'	2011
1998	(286, 1560)	' market'	2012
1999	(466, 48)	' 20'	2013
2000	(372, 142)	'李'	2014
2001	(1894, 191)	'儿'	2015
2002	(468, 970)	'以及'	2016
2003	(892, 129)	'码'	2017
2004	(886, 950)	'电影'	2018
2005	(333, 348)	' read'	2019
2006	(602, 209)	b'\xd0\xb8\xd1'	2020
2007	(32, 122)	' z'	2021
2008	(933, 653)	'通过'	2022
2009	(645, 178)	'洲'	2023
2010	(371, 1101)	" you're"	2024
2011	(286, 287)	' med'	2025
2012	(1501, 181)	'段'	2026
2013	(225, 141)	b'\xe1\x8d'	2027
2014	(462, 1085)	'这样'	2028
2015	(1505, 492)	'玩家'	2029
2016	(629, 190)	'ਾ'	2030
2017	(279, 267)	'ener'	2031
2018	(308, 285)	'ices'	2032
2019	(366, 367)	" that's"	2033
2020	(1747, 166)	'警'	2034
2021	(105, 267)	'ier'	2035
2022	(783, 350)	'但是'	2036
2023	(522, 331)	'ably'	2037
2024	(333, 293)	' real'	2038
2025	(230, 133)	b'\xe6\x85'	2039
2026	(1122, 721)	'活动'	2040
2027	(575, 141)	'响'	2041
2028	(299, 176)	'兰'	2042
2029	(516, 133)	'必'	2043
2030	(707, 159)	'江'	2044
2031	(195, 188)	'ü'	2045
2032	(356, 814)	' That'	2046
2033	(268, 97)	' wa'	2047
2034	(449, 169)	'险'	2049
2035	(793, 148)	'委'	2050
2036	(343, 108)	' el'	2051
2037	(121, 321)	'yst'	2052
2038	(388, 128)	'往'	2053
2039	(643, 115)	'ments'	2054
2040	(1194, 367)	"It's"	2055
2041	(521, 568)	'对于'	2056
2042	(232, 143)	b'\xe8\x8f'	2057
2043	(306, 139)	'國'	2058
2044	(702, 136)	' و'	2059
2045	(993, 1838)	'政府'	2060
2046	(1087, 308)	'meric'	2061
2047	(360, 184)	'许'	2062
2048	(631, 186)	'债'	2063
2049	(16011, 1188)	' diffe'	2064
2050	(277, 423)	' bus'	2065
2051	(194, 183)	'·'	2066
2052	(32, 235)	b' \xeb'	2067
2053	(103, 274)	'gan'	2068
2054	(1496, 161)	'象'	2069
2055	(99, 574)	'cess'	2070
2056	(372, 144)	'材'	2071
2057	(432, 187)	'医'	2072
2058	(336, 1004)	'一些'	2073
2059	(342, 173)	'断'	2074
2060	(105, 287)	'ied'	2075
2061	(305, 1078)	' love'	2076
2062	(108, 287)	'led'	2077
2063	(271, 484)	'ather'	2078
2064	(1978, 141)	'融'	2079
2065	(449, 136)	'陈'	2080
2066	(1341, 555)	'需要'	2081
2067	(559, 118)	' prov'	2082
2068	(1211, 744)	'管理'	2083
2069	(946, 543)	'irect'	2084
2070	(256, 480)	' tri'	2085
2071	(271, 637)	'ative'	2086
2072	(384, 143)	'减'	2087
2073	(303, 283)	' thing'	2088
2074	(1762, 606)	b'\xe0\xaa\xbe\xe0\xaa'	2089
2075	(644, 190)	'曾'	2090
2076	(405, 140)	'富'	2091
2077	(566, 176)	'র'	2092
2078	(386, 350)	'不是'	2093
2079	(539, 694)	'地产'	2094
2080	(495, 396)	'到了'	2095
2081	(528, 288)	'ular'	2096
2082	(827, 576)	'很多'	2097
2083	(476, 169)	'择'	2098
2084	(229, 160)	b'\xe5\xa0'	2099
2085	(730, 390)	'其中'	2100
2086	(258, 97)	'ina'	2101
2087	(216, 168)	'ب'	2102
2088	(376, 114)	' Ar'	2103
2089	(345, 115)	'ows'	2104
2090	(233, 173)	b'\xe9\xad'	2105
2091	(288, 109)	'arm'	2106
2092	(278, 398)	' cur'	2107
2093	(926, 1825)	' percent'	2108
2094	(294, 110)	' ann'	2109
2095	(50, 53)	'25'	2110
2096	(104, 97)	'ha'	2111
2097	(469, 191)	' п'	2112
2098	(418, 636)	'ility'	2113
2099	(419, 1531)	'国际'	2114
2100	(618, 139)	'ị'	2115
2101	(310, 109)	'omm'	2116
2102	(422, 162)	'财'	2117
2103	(569, 187)	'治'	2118
2104	(385, 673)	' stud'	2119
2105	(409, 121)	' why'	2120
2106	(280, 137)	'争'	2121
2107	(401, 151)	'套'	2122
2108	(1662, 1867)	'研究'	2123
2109	(209, 150)	'і'	2124
2110	(708, 557)	'部分'	2125
2111	(1094, 780)	'增长'	2126
2112	(537, 139)	'ो'	2127
2113	(664, 1797)	' govern'	2128
2114	(297, 505)	' hand'	2129
2115	(296, 166)	'另'	2130
2116	(858, 159)	'食'	2131
2117	(296, 178)	'史'	2132
2118	(697, 287)	'ected'	2133
2119	(476, 191)	'拿'	2134
2120	(278, 548)	' cour'	2135
2121	(16001, 151)	'算'	2136
2122	(613, 121)	' They'	2137
2123	(236, 157)	b'\xec\x9d'	2138
2124	(487, 170)	'浪'	2139
2125	(625, 175)	'港'	2140
2126	(1362, 140)	'验'	2141
2127	(661, 479)	" can't"	2142
2128	(655, 555)	'主要'	2143
2129	(111, 120)	'ox'	2144
2130	(342, 189)	'施'	2145
2131	(517, 1530)	' next'	2146
2132	(401, 135)	'奇'	2147
2133	(627, 901)	'ان'	2148
2134	(49, 55)	'17'	2149
2135	(349, 180)	'却'	2150
2136	(486, 619)	'出现'	2151
2137	(101, 382)	'ever'	2152
2138	(429, 149)	'录'	2153
2139	(258, 574)	'iness'	2154
2140	(370, 101)	'ute'	2155
2141	(117, 757)	'uff'	2156
2142	(99, 107)	'ck'	2157
2143	(1433, 834)	'项目'	2158
2144	(32, 944)	' с'	2159
2145	(323, 168)	'न'	2160
2146	(302, 159)	'够'	2161
2147	(381, 348)	' head'	2162
2148	(272, 350)	'的是'	2163
2149	(1403, 161)	'满'	2164
2150	(471, 178)	'า'	2165
2151	(108, 759)	'line'	2166
2152	(337, 169)	'绩'	2167
2153	(1215, 156)	'喜'	2168
2154	(470, 104)	' Wh'	2169
2155	(482, 189)	'命'	2170
2156	(114, 308)	'ric'	2171
2157	(293, 515)	'alth'	2172
2158	(97, 105)	'ai'	2173
2159	(1018, 1980)	' pretty'	2174
2160	(469, 186)	' к'	2175
2161	(529, 553)	'行业'	2176
2162	(276, 107)	'ork'	2177
2163	(514, 102)	' conf'	2178
2164	(685, 374)	' world'	2179
2165	(1152, 2083)	'选择'	2180
2166	(462, 1004)	'这些'	2181
2167	(56, 48)	'80'	2182
2168	(300, 321)	' inst'	2183
2169	(103, 332)	'get'	2184
2170	(503, 747)	'ар'	2185
2171	(397, 931)	'人民'	2186
2172	(561, 185)	'边'	2187
2173	(277, 1771)	' both'	2188
2174	(274, 527)	'ants'	2189
2175	(278, 320)	' cle'	2190
2176	(413, 130)	'适'	2192
2177	(276, 515)	'orth'	2193
2178	(208, 177)	'б'	2194
2179	(1031, 189)	'落'	2195
2180	(450, 967)	'olog'	2196
2181	(496, 101)	' Re'	2197
2182	(279, 379)	'ense'	2198
2183	(229, 130)	b'\xe5\x82'	2199
2184	(547, 157)	'额'	2200
2185	(512, 101)	' come'	2201
2186	(110, 97)	'na'	2202
2187	(412, 149)	'底'	2203
2188	(646, 374)	'ield'	2204
2189	(16009, 109)	"I'm"	2205
2190	(534, 1122)	'生活'	2206
2191	(1776, 153)	'龙'	2207
2192	(219, 146)	'ے'	2208
2193	(735, 137)	b' \xe1\x89'	2209
2194	(282, 922)	' few'	2210
2195	(345, 283)	'owing'	2211
2196	(380, 151)	'字'	2212
2197	(298, 141)	'仍'	2213
2198	(1879, 570)	b'\xe0\xb1\x8d\xe0\xb0'	2214
2199	(292, 374)	' told'	2215
2200	(1121, 929)	' ال'	2216
2201	(391, 265)	' Mon'	2217
2202	(1130, 177)	'钱'	2219
2203	(297, 489)	' hop'	2220
2204	(316, 108)	' gl'	2221
2205	(117, 578)	'ures'	2222
2206	(480, 98)	'rib'	2223
2207	(582, 1937)	' always'	2224
2208	(318, 102)	' If'	2225
2209	(264, 981)	' such'	2226
2210	(1326, 737)	" doesn't"	2227
2211	(323, 149)	'क'	2228
2212	(232, 145)	b'\xe8\x91'	2229
2213	(467, 1915)	'时候'	2230
2214	(1475, 320)	'ittle'	2231
2215	(739, 174)	'普'	2232
2216	(330, 116)	'ott'	2233
2217	(921, 287)	' used'	2234
2218	(580, 191)	'ி'	2235
2219	(208, 185)	'й'	2236
2220	(719, 121)	'ody'	2237
2221	(348, 97)	'ada'	2238
2222	(590, 350)	'也是'	2239
2223	(264, 1098)	' sign'	2240
2224	(1024, 190)	'百'	2241
2225	(570, 191)	'ి'	2242
2226	(1200, 279)	'ween'	2243
2227	(109, 115)	'ms'	2244
2228	(1339, 766)	' keep'	2245
2229	(1162, 1488)	' actually'	2246
2230	(376, 2046)	' Americ'	2247
2231	(330, 101)	'ote'	2248
2232	(351, 166)	'书'	2249
2233	(274, 97)	'ana'	2250
2234	(16003, 131)	'境'	2251
2235	(258, 115)	'ins'	2252
2236	(275, 293)	'ital'	2253
2237	(698, 146)	'ි'	2254
2238	(355, 115)	' iss'	2255
2239	(87, 814)	'What'	2256
2240	(117, 107)	'uk'	2257
2241	(33, 33)	'!!'	2258
2242	(1034, 281)	' This'	2259
2243	(97, 728)	'ared'	2260
2244	(101, 120)	'ex'	2261
2245	(425, 104)	'outh'	2262
2246	(589, 149)	' क'	2263
2247	(383, 100)	'ird'	2264
2248	(219, 129)	'ہ'	2265
2249	(1590, 116)	' point'	2266
2250	(376, 110)	' An'	2267
2251	(422, 167)	'货'	2268
2252	(260, 190)	'举'	2269
2253	(368, 129)	'币'	2270
2254	(950, 2027)	'影响'	2271
2255	(16004, 55)	' 2017'	2272
2256	(68, 65)	'DA'	2273
2257	(282, 746)	' found'	2274
2258	(263, 109)	'rem'	2275
2259	(232, 170)	b'\xe8\xaa'	2276
2260	(313, 152)	'官'	2277
2261	(104, 801)	'hip'	2278
2262	(305, 1106)	' law'	2279
2263	(219, 144)	'ې'	2280
2264	(278, 934)	' care'	2281
2265	(670, 187)	'轻'	2282
2266	(478, 115)	'ems'	2283
2267	(109, 287)	'med'	2284
2268	(267, 110)	'ern'	2285
2269	(343, 757)	' eff'	2286
2270	(337, 167)	'继'	2287
2271	(229, 169)	b'\xe5\xa9'	2288
2272	(1124, 99)	' disc'	2289
2273	(327, 97)	' ya'	2290
2274	(292, 112)	' top'	2291
2275	(276, 110)	'orn'	2292
2276	(289, 98)	' ob'	2293
2277	(288, 105)	'ari'	2294
2278	(1279, 187)	'离'	2295
2279	(309, 184)	'券'	2296
2280	(87, 104)	'Wh'	2297
2281	(531, 101)	' Le'	2298
2282	(309, 135)	'切'	2299
2283	(271, 97)	'ata'	2300
2284	(570, 190)	'ా'	2301
2285	(297, 630)	' hard'	2302
2286	(856, 1406)	' company'	2303
2287	(863, 181)	'ት'	2304
2288	(278, 334)	' cent'	2306
2289	(412, 167)	'座'	2307
2290	(309, 157)	'初'	2308
2291	(197, 159)	'ş'	2309
2292	(294, 1414)	' another'	2310
2293	(282, 548)	' four'	2311
2294	(306, 159)	'土'	2312
2295	(884, 153)	'香'	2313
2296	(1585, 182)	'状'	2314
2297	(1199, 2226)	' between'	2315
2298	(878, 129)	'ு'	2316
2299	(277, 348)	' bad'	2317
2300	(303, 1240)	' things'	2318
2301	(341, 169)	'早'	2319
2302	(1047, 283)	'ording'	2320
2303	(385, 271)	' stat'	2321
2304	(73, 102)	'If'	2322
2305	(305, 638)	' loc'	2323
2306	(39, 312)	"'ll"	2324
2307	(318, 857)	' Ind'	2325
2308	(272, 397)	'的人'	2326
2309	(800, 468)	'所以'	2327
2310	(51, 46)	'3.'	2328
2311	(713, 402)	' spec'	2329
2312	(1212, 132)	'黄'	2330
2313	(264, 1859)	' school'	2331
2314	(476, 155)	'招'	2332
2315	(1048, 135)	'ે'	2333
2316	(349, 171)	'卫'	2334
2317	(288, 115)	'ars'	2335
2318	(291, 480)	' dri'	2336
2319	(513, 162)	'波'	2337
2320	(1090, 568)	'由于'	2338
2321	(286, 478)	' mem'	2339
2322	(503, 209)	b'\xd0\xb0\xd1'	2340
2323	(498, 159)	'域'	2341
2324	(386, 653)	'不过'	2342
2325	(1256, 189)	'虽'	2343
2326	(1729, 279)	' open'	2344
2327	(16002, 324)	" I've"	2345
2328	(313, 157)	'宝'	2346
2329	(318, 115)	' Is'	2347
2330	(365, 1572)	'ross'	2348
2331	(870, 162)	'索'	2349
2332	(208, 191)	'п'	2350
2333	(278, 1071)	' coll'	2351
2334	(657, 545)	'开发'	2352
2335	(525, 179)	'阳'	2353
2336	(660, 420)	'作为'	2354
2337	(302, 174)	'央'	2355
2338	(832, 140)	'职'	2356
2339	(305, 1651)	' life'	2357
2340	(97, 117)	'au'	2358
2341	(230, 189)	b'\xe6\xbd'	2359
2342	(278, 651)	' cap'	2360
2343	(677, 103)	' leg'	2361
2344	(1233, 665)	'使用'	2362
2345	(492, 1144)	'家具'	2363
2346	(230, 147)	b'\xe6\x93'	2364
2347	(692, 139)	'例'	2365
2348	(592, 116)	' ext'	2366
2349	(1763, 646)	' belie'	2367
2350	(385, 519)	' state'	2368
2351	(837, 1001)	'数据'	2369
2352	(230, 191)	b'\xe6\xbf'	2370
2353	(690, 121)	'oney'	2371
2354	(116, 116)	'tt'	2373
2355	(401, 165)	'奥'	2374
2356	(541, 167)	'控'	2375
2357	(46, 1665)	'.com'	2376
2358	(2218, 580)	b'\xe0\xae\xbf\xe0\xae'	2377
2359	(451, 130)	'层'	2378
2360	(282, 1954)	' friend'	2379
2361	(298, 139)	'介'	2380
2362	(2150, 471)	b'\xe0\xb8\xb2\xe0\xb8'	2381
2363	(309, 154)	'刚'	2382
2364	(692, 157)	'依'	2383
2365	(302, 171)	'夫'	2384
2366	(824, 555)	'重要'	2385
2367	(639, 274)	' mean'	2386
2368	(991, 57)	'2009'	2387
2369	(54, 48)	'60'	2388
2370	(281, 322)	'ision'	2389
2371	(108, 574)	'less'	2390
2372	(320, 1051)	'lease'	2391
2373	(352, 97)	'ama'	2392
2374	(281, 527)	'ists'	2393
2375	(1359, 185)	'ẹ'	2394
2376	(340, 179)	'申'	2395
2377	(390, 272)	'中的'	2396
2378	(98, 2023)	'bably'	2397
2379	(422, 163)	'责'	2398
2380	(277, 275)	' bit'	2399
2381	(267, 105)	'eri'	2400
2382	(311, 156)	'远'	2401
2383	(351, 160)	'习'	2402
2384	(50, 52)	'24'	2403
2385	(32, 90)	' Z'	2404
2386	(469, 177)	' б'	2405
2387	(286, 612)	' might'	2406
2388	(869, 173)	'短'	2407
2389	(319, 179)	'佳'	2408
2390	(1055, 1366)	'信息'	2409
2391	(305, 2214)	' little'	2410
2392	(329, 189)	'尽'	2411
2393	(1279, 143)	'福'	2412
2394	(100, 100)	'dd'	2413
2395	(545, 619)	'发现'	2414
2396	(445, 187)	'攻'	2415
2397	(229, 170)	b'\xe5\xaa'	2416
2398	(349, 143)	'协'	2417
2399	(118, 691)	'vice'	2418
2400	(363, 164)	'伤'	2419
2401	(507, 162)	'欢'	2421
2402	(718, 140)	'跌'	2422
2403	(101, 728)	'ered'	2423
2404	(1223, 272)	'自己的'	2424
2405	(977, 1571)	' group'	2425
2406	(869, 179)	'石'	2426
2407	(286, 719)	' mod'	2427
2408	(500, 99)	'ounc'	2428
2409	(1352, 1253)	'消费'	2429
2410	(317, 166)	'否'	2430
2411	(397, 272)	'人的'	2431
2412	(286, 1724)	' million'	2432
2413	(1518, 667)	'获得'	2433
2414	(109, 258)	'min'	2434
2415	(1689, 131)	'范'	2435
2416	(820, 179)	'稳'	2436
2417	(32, 287)	' ed'	2437
2418	(412, 183)	'康'	2438
2419	(387, 190)	'找'	2439
2420	(305, 332)	' let'	2440
2421	(993, 1836)	'政策'	2441
2422	(257, 370)	' aut'	2442
2423	(291, 2069)	' direct'	2443
2424	(1715, 121)	'ready'	2444
2425	(457, 179)	'纳'	2445
2426	(284, 328)	' pay'	2446
2427	(945, 1639)	'提供'	2447
2428	(1247, 489)	'velop'	2448
2429	(442, 406)	' kill'	2449
2430	(1764, 129)	'突'	2450
2431	(1927, 174)	'篮'	2451
2432	(32, 117)	' u'	2452
2433	(300, 411)	' inter'	2453
2434	(394, 145)	'监'	2454
2435	(551, 137)	'按'	2455
2436	(284, 1017)	' pass'	2456
2437	(669, 186)	'為'	2457
2438	(121, 609)	'year'	2458
2439	(360, 175)	'讯'	2459
2440	(1679, 279)	' happen'	2460
2441	(380, 169)	'孩'	2461
2442	(257, 118)	' av'	2462
2443	(611, 954)	' place'	2463
2444	(596, 1259)	' child'	2464
2445	(279, 103)	'eng'	2465
2446	(670, 174)	'轮'	2466
2447	(1435, 662)	'亿元'	2467
2448	(632, 817)	' trans'	2468
2449	(349, 160)	'占'	2469
2450	(259, 263)	'here'	2470
2451	(45, 116)	'-t'	2471
2452	(442, 752)	' kind'	2472
2453	(375, 100)	'und'	2473
2454	(299, 180)	'兴'	2474
2455	(1329, 979)	'显示'	2475
2456	(110, 285)	'nes'	2476
2457	(39, 324)	"'ve"	2477
2458	(316, 637)	' give'	2478
2459	(79, 78)	'ON'	2479
2460	(264, 107)	' sk'	2480
2461	(274, 101)	'ane'	2481
2462	(1003, 258)	' contin'	2482
2463	(49, 424)	'100'	2483
2464	(386, 709)	'不同'	2484
2465	(413, 129)	'送'	2485
2466	(627, 216)	b'\xd8\xa7\xd8'	2486
2467	(715, 587)	'之后'	2487
2468	(258, 285)	'ines'	2488
2469	(264, 373)	' sim'	2489
2470	(289, 374)	' old'	2490
2471	(286, 1307)	' miss'	2491
2472	(342, 188)	'於'	2492
2473	(726, 350)	'都是'	2493
2474	(743, 1951)	' U.S'	2494
2475	(335, 180)	'围'	2495
2476	(291, 332)	' det'	2496
2477	(280, 178)	'亲'	2497
2478	(803, 619)	'表现'	2498
2479	(115, 99)	'sc'	2499
2480	(296, 164)	'古'	2500
2481	(107, 287)	'ked'	2501
2482	(1465, 963)	'支持'	2502
2483	(338, 166)	'…'	2503
2484	(231, 191)	b'\xe7\xbf'	2504
2485	(2113, 643)	' government'	2505
2486	(121, 110)	'yn'	2507
2487	(873, 485)	' quest'	2508
2488	(1295, 116)	' thought'	2509
2489	(66, 370)	'But'	2510
2490	(271, 115)	'ats'	2511
2491	(1042, 103)	'ugg'	2513
2492	(730, 564)	'其他'	2514
2493	(412, 151)	'店'	2515
2494	(16004, 56)	' 2018'	2516
2495	(278, 276)	' cor'	2517
2496	(549, 174)	'修'	2518
2497	(105, 581)	'ially'	2519
2498	(32, 324)	' ve'	2520
2499	(231, 162)	b'\xe7\xa2'	2521
2500	(563, 188)	'眼'	2522
2501	(1324, 982)	' support'	2523
2502	(554, 112)	' dep'	2524
2503	(2049, 1342)	' different'	2525
2504	(109, 109)	'mm'	2526
2505	(233, 178)	b'\xe9\xb2'	2527
2506	(743, 83)	' US'	2528
2507	(286, 326)	' mid'	2529
2508	(454, 166)	'武'	2530
2509	(2016, 629)	b'\xe0\xa8\xbe\xe0\xa8'	2531
2510	(195, 161)	'á'	2532
2511	(299, 133)	'充'	2533
2512	(275, 283)	'iting'	2534
2513	(105, 1310)	'ivers'	2535
2514	(322, 293)	'ional'	2536
2515	(403, 174)	'差'	2537
2516	(462, 336)	'这一'	2538
2517	(360, 191)	'访'	2539
2518	(1519, 179)	'音'	2540
2519	(291, 478)	' dem'	2541
2520	(520, 272)	'来的'	2542
2521	(231, 134)	b'\xe7\x86'	2543
2522	(333, 112)	' rep'	2544
2523	(677, 1422)	' left'	2545
2524	(99, 265)	'con'	2546
2525	(582, 2424)	' already'	2547
2526	(313, 164)	'室'	2548
2527	(1002, 129)	'ు'	2549
2528	(718, 159)	'跟'	2550
2529	(52, 48)	'40'	2551
2530	(337, 134)	'细'	2552
2531	(1638, 133)	'病'	2553
2532	(509, 167)	'剧'	2554
2533	(273, 100)	'oud'	2556
2534	(700, 1305)	'比较'	2557
2535	(375, 636)	'unity'	2558
2536	(396, 336)	'了一'	2559
2537	(821, 101)	' inte'	2560
2538	(776, 272)	'好的'	2561
2539	(436, 104)	' Ph'	2562
2540	(727, 899)	'球队'	2563
2541	(377, 108)	' Cl'	2564
2542	(32, 196)	b' \xc4'	2565
2543	(433, 1119)	'cept'	2566
2544	(323, 130)	'ं'	2567
2545	(308, 581)	'ically'	2568
2546	(2325, 912)	'虽然'	2569
2547	(760, 1084)	' getting'	2570
2548	(281, 109)	'ism'	2571
2549	(524, 139)	'压'	2572
2550	(2050, 2139)	' business'	2573
2551	(518, 745)	'能力'	2574
2552	(956, 32)	'\xa0 '	2576
2553	(50, 51)	'23'	2577
2554	(116, 287)	'ted'	2578
2555	(108, 283)	'ling'	2579
2556	(540, 666)	'日本'	2580
2557	(887, 1150)	'第二'	2581
2558	(69, 82)	'ER'	2582
2559	(333, 321)	' rest'	2583
2560	(555, 1386)	'要求'	2584
2561	(289, 591)	' opp'	2585
2562	(739, 154)	'晚'	2586
2563	(400, 492)	'大家'	2587
2564	(333, 102)	' ref'	2588
2565	(876, 690)	' someone'	2589
2566	(892, 180)	'破'	2590
2567	(391, 328)	' May'	2591
2568	(542, 114)	' Gr'	2592
2569	(316, 1737)	' games'	2593
2570	(282, 418)	' fil'	2594
2571	(119, 119)	'ww'	2595
2572	(1815, 566)	b'\xe0\xa6\xbe\xe0\xa6'	2596
2573	(1793, 1602)	'希望'	2597
2574	(329, 154)	'尚'	2598
2575	(284, 1817)	' public'	2599
2576	(195, 167)	'ç'	2600
2577	(106, 697)	'ject'	2601
2578	(73, 78)	'IN'	2602
2579	(466, 424)	' 200'	2603
2580	(615, 111)	' Jo'	2604
2581	(713, 101)	' spe'	2605
2582	(819, 1210)	'关注'	2606
2583	(936, 101)	'ize'	2607
2584	(390, 851)	'中心'	2608
2585	(2352, 128)	'激'	2609
2586	(257, 383)	' air'	2610
2587	(372, 145)	'村'	2611
2588	(1407, 1892)	'教育'	2612
2589	(415, 164)	'护'	2613
2590	(668, 116)	' unt'	2614
2591	(386, 506)	'不会'	2615
2592	(1365, 1365)	'——'	2616
2593	(754, 177)	'න'	2617
2594	(517, 288)	' near'	2618
2595	(1402, 691)	' police'	2619
2596	(32, 81)	' Q'	2620
2597	(293, 102)	'alf'	2621
2598	(291, 526)	' del'	2622
2599	(1591, 16022)	'包括'	2623
2600	(405, 134)	'密'	2624
2601	(558, 144)	'析'	2625
2602	(300, 1378)	' inform'	2626
2603	(617, 114)	'istr'	2627
2604	(284, 288)	' par'	2628
2605	(741, 378)	'还有'	2629
2606	(230, 190)	b'\xe6\xbe'	2630
2607	(1212, 145)	'黑'	2631
2608	(870, 167)	'紧'	2632
2609	(121, 101)	'ye'	2633
2610	(416, 425)	' without'	2634
2611	(98, 459)	'bers'	2635
2612	(773, 1835)	'品牌'	2636
2613	(376, 115)	' As'	2638
2614	(1016, 1427)	'交易'	2639
2615	(231, 145)	b'\xe7\x91'	2640
2616	(1545, 1603)	'销售'	2641
2617	(271, 398)	'atur'	2642
2618	(1511, 1551)	'技术'	2643
2619	(472, 53)	' 15'	2644
2620	(114, 293)	'ral'	2645
2621	(300, 102)	' inf'	2646
2622	(282, 1252)	' full'	2647
2623	(781, 166)	'焦'	2648
2624	(343, 382)	' ever'	2649
2625	(16010, 283)	' including'	2650
2626	(1487, 172)	'独'	2651
2627	(2284, 570)	b'\xe0\xb0\xbe\xe0\xb0'	2652
2628	(1392, 129)	'岁'	2653
2629	(281, 287)	'ised'	2654
2630	(315, 168)	'昨'	2655
2631	(284, 1550)	' poss'	2656
2632	(1870, 835)	' country'	2657
2633	(2537, 1707)	' interest'	2658
2634	(1578, 150)	'湖'	2659
2635	(99, 99)	'cc'	2660
2636	(547, 145)	'频'	2661
2637	(625, 169)	'温'	2662
2638	(602, 704)	'ин'	2663
2639	(462, 1044)	'这种'	2664
2640	(117, 365)	'uro'	2665
2641	(2201, 808)	' Monday'	2666
2642	(323, 164)	'त'	2667
2643	(230, 166)	b'\xe6\xa6'	2668
2644	(282, 288)	' far'	2669
2645	(314, 612)	' night'	2670
2646	(278, 263)	' cre'	2671
2647	(710, 704)	'ен'	2672
2648	(428, 272)	'上的'	2673
2649	(277, 263)	' bre'	2674
2650	(508, 170)	' ت'	2675
2651	(32, 734)	' ide'	2676
2652	(792, 165)	'略'	2677
2653	(566, 191)	'ি'	2678
2654	(57, 48)	'90'	2679
2655	(994, 176)	'声'	2680
2656	(336, 1384)	'一直'	2681
2657	(607, 2124)	'新浪'	2682
2658	(871, 576)	'更多'	2683
2659	(469, 189)	' н'	2684
2660	(101, 348)	'ead'	2685
2661	(351, 137)	'义'	2686
2662	(284, 480)	' pri'	2687
2663	(2397, 146)	'媒'	2688
2664	(372, 190)	'松'	2689
2665	(454, 187)	'死'	2690
2666	(105, 399)	'ike'	2691
2667	(349, 150)	'卖'	2692
2668	(476, 165)	'拥'	2693
2669	(78, 111)	'No'	2694
2670	(856, 320)	' comple'	2695
2671	(65, 84)	'AT'	2696
2672	(343, 1772)	' elect'	2697
2673	(624, 164)	'群'	2698
2674	(536, 287)	'osed'	2699
2675	(326, 267)	'ider'	2700
2676	(1594, 518)	'功能'	2701
2677	(677, 626)	' least'	2702
2678	(320, 121)	'ley'	2703
2679	(16001, 128)	'简'	2704
2680	(519, 331)	'ately'	2705
2681	(469, 180)	' д'	2706
2682	(286, 2353)	' money'	2707
2683	(848, 48)	' 30'	2708
2684	(330, 111)	'oto'	2709
2685	(457, 170)	'纪'	2710
2686	(397, 987)	'人员'	2711
2687	(336, 771)	'一定'	2712
2688	(256, 865)	' tell'	2713
2689	(264, 275)	' sit'	2714
2690	(354, 259)	' She'	2715
2691	(417, 108)	' Bl'	2716
2692	(282, 1007)	' free'	2717
2693	(334, 322)	'ention'	2718
2694	(430, 172)	'ာ'	2719
2695	(552, 283)	' doing'	2720
2696	(491, 1075)	' job'	2721
2697	(559, 2378)	' probably'	2722
2698	(105, 105)	'ii'	2723
2699	(50, 50)	'22'	2724
2700	(511, 279)	' seen'	2725
2701	(516, 151)	'志'	2726
2702	(1547, 1120)	'服务'	2727
2703	(89, 1923)	'Yeah'	2728
2704	(705, 433)	'rence'	2729
2705	(32, 218)	b' \xda'	2730
2706	(514, 99)	' conc'	2731
2707	(119, 328)	'way'	2732
2708	(469, 178)	' в'	2733
2709	(427, 272)	'年的'	2734
2710	(388, 174)	'微'	2735
2711	(476, 133)	'担'	2736
2712	(1420, 328)	' away'	2737
2713	(388, 133)	'待'	2738
2714	(291, 860)	' days'	2739
2715	(368, 173)	'席'	2740
2716	(337, 157)	'绝'	2741
2717	(569, 185)	'油'	2742
2718	(1260, 553)	'专业'	2743
2719	(898, 662)	'万元'	2744
2720	(763, 186)	'艺'	2745
2721	(1778, 506)	'社会'	2746
2722	(383, 108)	'irl'	2747
2723	(98, 621)	'ball'	2748
2724	(504, 275)	' shit'	2749
2725	(428, 1066)	'上海'	2750
2726	(569, 179)	'河'	2751
2727	(286, 271)	' mat'	2752
2728	(260, 165)	'严'	2753
2729	(46, 53)	'.5'	2754
2730	(732, 162)	'换'	2755
2731	(232, 146)	b'\xe8\x92'	2756
2732	(900, 675)	' enough'	2757
2733	(620, 1025)	'方式'	2758
2734	(1595, 129)	'威'	2759
2735	(472, 50)	' 12'	2760
2736	(256, 1477)	' turn'	2761
2737	(355, 737)	" isn't"	2762
2738	(475, 527)	'ights'	2763
2739	(305, 617)	' list'	2764
2740	(69, 83)	'ES'	2765
2741	(83, 116)	'St'	2766
2742	(323, 178)	'ल'	2767
2743	(354, 111)	' So'	2768
2744	(707, 135)	'汇'	2769
2745	(349, 136)	'午'	2770
2746	(32, 285)	' es'	2771
2747	(746, 115)	'ounds'	2772
2748	(777, 660)	'合作'	2773
2749	(288, 114)	'arr'	2774
2750	(299, 173)	'六'	2775
2751	(452, 452)	'....'	2776
2752	(393, 165)	'补'	2777
2753	(65, 857)	'And'	2778
2754	(349, 177)	'危'	2779
2755	(658, 156)	'镜'	2780
2756	(943, 108)	' expl'	2781
2757	(97, 591)	'app'	2783
2758	(679, 158)	'竞'	2784
2759	(365, 112)	'rop'	2785
2760	(1994, 1470)	' family'	2786
2761	(716, 911)	'进入'	2787
2762	(393, 163)	'衣'	2788
2763	(1140, 334)	' recent'	2789
2764	(111, 348)	'oad'	2790
2765	(702, 190)	' پ'	2791
2766	(229, 152)	b'\xe5\x98'	2792
2767	(1583, 173)	'搭'	2793
2768	(458, 285)	'ages'	2794
2769	(118, 1851)	'view'	2795
2770	(1394, 1259)	' build'	2796
2771	(385, 505)	' stand'	2797
2772	(335, 173)	'园'	2798
2773	(381, 367)	" he's"	2799
2774	(316, 2017)	' gener'	2800
2775	(105, 728)	'ired'	2801
2776	(387, 185)	'批'	2802
2777	(630, 115)	'ards'	2803
2778	(439, 136)	'版'	2804
2779	(282, 914)	' fact'	2805
2780	(99, 111)	'co'	2806
2781	(546, 281)	' vis'	2807
2782	(893, 1807)	' anything'	2808
2783	(493, 146)	'青'	2809
2784	(557, 2601)	'分析'	2810
2785	(596, 288)	' char'	2811
2786	(1604, 1961)	'拍摄'	2812
2787	(354, 112)	' Sp'	2813
2788	(232, 147)	b'\xe8\x93'	2814
2789	(105, 334)	'ient'	2815
2790	(1688, 818)	' looking'	2816
2791	(907, 864)	'因此'	2817
2792	(343, 301)	' eas'	2818
2793	(1652, 173)	'班'	2819
2794	(554, 2428)	' develop'	2820
2795	(403, 166)	'左'	2821
2796	(309, 152)	'刘'	2822
2797	(343, 1005)	' each'	2823
2798	(268, 265)	' won'	2824
2799	(391, 288)	' Mar'	2825
2800	(828, 116)	' art'	2826
2801	(386, 518)	'不能'	2827
2802	(377, 274)	' Can'	2828
2803	(430, 177)	'ေ'	2829
2804	(32, 485)	' est'	2830
2805	(717, 165)	'健'	2831
2806	(305, 574)	' less'	2832
2807	(1261, 597)	'城市'	2833
2808	(1033, 115)	' news'	2834
2809	(1092, 128)	'ੀ'	2835
2810	(439, 155)	'牛'	2836
2811	(419, 811)	'国内'	2837
2812	(396, 1280)	'了解'	2838
2813	(354, 375)	' Sun'	2839
2814	(447, 187)	'移'	2840
2815	(317, 172)	'听'	2841
2816	(45, 98)	'-b'	2842
2817	(1394, 121)	' buy'	2843
2818	(944, 769)	'ст'	2844
2819	(395, 148)	'赔'	2845
2820	(297, 548)	' hour'	2846
2821	(97, 757)	'aff'	2847
2822	(398, 115)	'urs'	2848
2823	(436, 114)	' Pr'	2849
2824	(217, 130)	'ق'	2850
2825	(333, 1278)	' reason'	2851
2826	(800, 378)	'所有'	2852
2827	(586, 157)	'ም'	2853
2828	(471, 153)	'น'	2854
2829	(50, 54)	'26'	2855
2830	(509, 175)	'副'	2856
2831	(465, 157)	'思'	2857
2832	(284, 536)	' pos'	2858
2833	(269, 128)	'\u3000'	2859
2834	(284, 97)	' pa'	2860
2835	(1450, 48)	'2010'	2861
2836	(277, 301)	' bas'	2862
2837	(845, 153)	'错'	2863
2838	(1702, 352)	'gram'	2864
2839	(2270, 1340)	'继续'	2865
2840	(927, 1393)	'赛季'	2866
2841	(321, 505)	'stand'	2867
2842	(368, 174)	'帮'	2868
2843	(1083, 1409)	'系统'	2869
2844	(290, 168)	'木'	2870
2845	(264, 638)	' soc'	2871
2846	(565, 121)	'They'	2872
2847	(880, 178)	'露'	2873
2848	(340, 187)	'画'	2874
2849	(281, 411)	'ister'	2876
2850	(98, 115)	'bs'	2877
2851	(402, 1670)	'echn'	2878
2852	(358, 137)	'诉'	2880
2853	(286, 279)	' men'	2881
2854	(296, 179)	'右'	2882
2855	(905, 968)	'报道'	2883
2856	(631, 141)	'倍'	2884
2857	(689, 1732)	'而且'	2885
2858	(448, 184)	'核'	2886
2859	(317, 131)	'吃'	2887
2860	(50, 56)	'28'	2888
2861	(518, 2146)	'能够'	2890
2862	(370, 322)	'ution'	2891
2863	(915, 330)	' prot'	2892
2864	(562, 2064)	'金融'	2893
2865	(1529, 128)	'检'	2894
2866	(110, 574)	'ness'	2895
2867	(217, 129)	'ف'	2896
2868	(263, 116)	'ret'	2897
2869	(733, 419)	'全国'	2898
2870	(403, 168)	'巨'	2899
2871	(514, 100)	' cond'	2900
2872	(2256, 89)	'DAY'	2901
2873	(32, 769)	' т'	2902
2874	(806, 143)	'苏'	2903
2875	(829, 819)	'相关'	2904
2876	(298, 164)	'令'	2905
2877	(750, 151)	'块'	2906
2878	(720, 136)	'谈'	2907
2879	(297, 275)	' hit'	2908
2880	(677, 1247)	' level'	2909
2881	(358, 134)	'识'	2910
2882	(286, 332)	' met'	2911
2883	(264, 117)	' su'	2912
2884	(578, 334)	'resent'	2913
2885	(740, 562)	'资金'	2914
2886	(290, 139)	'朋'	2915
2887	(286, 418)	' mil'	2916
2888	(103, 267)	'ger'	2917
2889	(1526, 287)	' called'	2918
2890	(268, 1485)	' watch'	2919
2891	(385, 489)	' stop'	2920
2892	(111, 399)	'oke'	2921
2893	(794, 140)	'背'	2922
2894	(387, 191)	'承'	2923
2895	(1385, 145)	'疑'	2924
2896	(508, 179)	' س'	2925
2897	(229, 179)	b'\xe5\xb3'	2926
2898	(55, 48)	'70'	2927
2899	(936, 287)	'ized'	2928
2900	(57, 57)	'99'	2929
2901	(354, 99)	' Sc'	2930
2902	(797, 118)	' adv'	2931
2903	(195, 173)	'í'	2932
2904	(423, 287)	'used'	2933
2905	(2668, 378)	'拥有'	2934
2906	(873, 101)	' que'	2935
2907	(333, 100)	' red'	2936
2908	(293, 100)	'ald'	2937
2909	(339, 178)	'干'	2938
2910	(1094, 761)	'增加'	2939
2911	(413, 143)	'透'	2940
2912	(288, 411)	'arter'	2941
2913	(384, 128)	'净'	2942
2914	(32, 48)	' 0'	2943
2915	(286, 1874)	' makes'	2944
2916	(1578, 190)	'湾'	2945
2917	(278, 1051)	' case'	2946
2918	(2590, 418)	' until'	2947
2919	(286, 1506)	' making'	2948
2920	(454, 162)	'止'	2949
2921	(565, 263)	'There'	2950
2922	(216, 185)	'ع'	2952
2923	(627, 831)	'ار'	2953
2924	(611, 274)	' plan'	2954
2925	(256, 1856)	' times'	2955
2926	(952, 1925)	'计划'	2956
2927	(699, 1901)	'机构'	2957
2928	(422, 183)	'贷'	2958
2929	(72, 345)	'How'	2959
2930	(393, 128)	'血'	2960
2931	(464, 101)	' De'	2961
2932	(263, 279)	'reen'	2962
2933	(264, 119)	' sw'	2963
2934	(910, 2079)	'房地产'	2964
2935	(622, 320)	' able'	2965
2936	(410, 156)	'农'	2966
2937	(341, 143)	'族'	2967
2938	(503, 879)	'ал'	2968
2939	(277, 365)	' bro'	2969
2940	(1174, 107)	' took'	2970
2941	(99, 285)	'ces'	2971
2942	(516, 181)	'念'	2972
2943	(1202, 283)	' saying'	2973
2944	(16002, 312)	" I'll"	2974
2945	(698, 143)	'ා'	2975
2946	(679, 175)	'端'	2976
2947	(559, 102)	' prof'	2977
2948	(121, 109)	'ym'	2978
2949	(717, 156)	'停'	2979
2950	(1575, 1575)	'    '	2980
2951	(311, 189)	'追'	2981
2952	(554, 293)	' deal'	2982
2953	(564, 272)	'他的'	2983
2954	(46, 109)	'.m'	2984
2955	(579, 1498)	'学校'	2985
2956	(2663, 789)	'媒体'	2986
2957	(858, 158)	'飞'	2987
2958	(639, 332)	' meet'	2988
2959	(305, 1398)	' later'	2989
2960	(278, 1321)	' camp'	2990
2961	(349, 131)	'千'	2991
2962	(319, 153)	'余'	2992
2963	(675, 116)	'ought'	2993
2964	(346, 104)	' beh'	2994
2965	(1887, 1001)	'根据'	2995
2966	(678, 100)	'ured'	2996
2967	(42, 42)	'**'	2997
2968	(16008, 136)	'่'	2998
2969	(1765, 532)	'ertain'	2999
2970	(402, 104)	'ech'	3000
2971	(490, 2177)	' North'	3001
2972	(754, 186)	'ය'	3002
2973	(1097, 1149)	'应该'	3003
2974	(381, 2157)	' health'	3004
2975	(274, 105)	'ani'	3005
2976	(268, 334)	' went'	3006
2977	(545, 534)	'发生'	3007
2978	(423, 104)	'ush'	3008
2979	(195, 179)	'ó'	3009
2980	(589, 184)	' स'	3010
2981	(284, 626)	' past'	3011
2982	(1934, 838)	' official'	3012
2983	(16023, 111)	' video'	3013
2984	(278, 676)	' came'	3014
2985	(641, 114)	' Or'	3015
2986	(586, 173)	'ር'	3016
2987	(2175, 288)	' clear'	3018
2988	(326, 328)	'iday'	3019
2989	(436, 365)	' Pro'	3020
2990	(426, 1548)	' having'	3021
2991	(2886, 1478)	'朋友'	3022
2992	(69, 68)	'ED'	3023
2993	(280, 174)	'亮'	3024
2994	(645, 190)	'派'	3025
2995	(1681, 283)	' trying'	3026
2996	(232, 151)	b'\xe8\x97'	3027
2997	(2295, 2125)	'香港'	3028
2998	(398, 121)	'ury'	3029
2999	(116, 279)	'ten'	3030
3000	(2092, 1342)	' current'	3031
3001	(282, 353)	' fac'	3032
3002	(1048, 16030)	b'\xe0\xab\x8d\xe0\xaa'	3033
3003	(111, 265)	'oon'	3034
3004	(286, 1078)	' move'	3035
3005	(340, 154)	'甚'	3036
3006	(299, 141)	'免'	3037
3007	(97, 373)	'aim'	3038
3008	(916, 1288)	'特别'	3039
3009	(116, 259)	'the'	3040
3010	(503, 769)	'ат'	3041
3011	(103, 121)	'gy'	3042
3012	(438, 133)	'故'	3043
3013	(321, 114)	'str'	3044
3014	(699, 506)	'机会'	3045
3015	(284, 1714)	' power'	3046
3016	(264, 450)	' sol'	3047
3017	(793, 134)	'姆'	3048
3018	(39, 100)	"'d"	3049
3019	(819, 1083)	'关系'	3050
3020	(710, 747)	'ер'	3051
3021	(260, 180)	'临'	3052
3022	(496, 766)	' Rep'	3053
3023	(233, 186)	b'\xe9\xba'	3054
3024	(314, 676)	' name'	3055
3025	(99, 1287)	'ched'	3056
3026	(260, 189)	'丽'	3057
3027	(275, 484)	'ither'	3058
3028	(376, 109)	' Am'	3059
3029	(2602, 441)	' information'	3060
3030	(1169, 150)	'编'	3061
3031	(50, 49)	'21'	3062
3032	(291, 690)	' done'	3063
3033	(16024, 566)	b'\xe0\xa7\x8d\xe0\xa6'	3064
3034	(99, 108)	'cl'	3065
3035	(469, 190)	' о'	3066
3036	(16018, 895)	' number'	3067
3037	(1636, 121)	'ency'	3068
3038	(577, 190)	'签'	3069
3039	(65, 115)	'As'	3070
3040	(458, 816)	'ague'	3071
3041	(110, 116)	'nt'	3072
3042	(436, 16012)	' President'	3073
3043	(1230, 837)	'指数'	3074
3044	(375, 101)	'une'	3075
3045	(50, 55)	'27'	3076
3046	(358, 187)	'读'	3077
3047	(655, 550)	'主场'	3078
3048	(209, 140)	'ь'	3079
3049	(897, 191)	'穿'	3080
3050	(2298, 580)	b'\xe0\xaf\x81\xe0\xae'	3081
3051	(333, 433)	' rece'	3082
3052	(394, 159)	'盟'	3083
3053	(616, 191)	'愿'	3084
3054	(363, 188)	'似'	3085
3055	(1048, 128)	'ી'	3086
3056	(278, 642)	' cost'	3087
3057	(2606, 179)	'澳'	3088
3058	(799, 183)	'雷'	3089
3059	(490, 111)	' No'	3090
3060	(97, 102)	'af'	3091
3061	(1725, 276)	'ajor'	3092
3062	(65, 78)	'AN'	3093
3063	(284, 489)	' pop'	3094
3064	(469, 188)	' м'	3095
3065	(999, 1133)	'建设'	3096
3066	(532, 287)	'ained'	3097
3067	(282, 637)	' five'	3098
3068	(330, 115)	'ots'	3099
3069	(921, 283)	' using'	3100
3070	(272, 2213)	'的时候'	3101
3071	(422, 165)	'败'	3102
3072	(697, 322)	'ection'	3104
3073	(663, 587)	'最后'	3105
3074	(629, 191)	'ਿ'	3106
3075	(112, 402)	'pec'	3107
3076	(313, 163)	'宣'	3108
3077	(313, 161)	'审'	3109
3078	(460, 397)	'个人'	3110
3079	(16004, 54)	' 2016'	3111
3080	(1181, 175)	'्य'	3112
3081	(980, 114)	' Chr'	3113
3082	(702, 134)	' ن'	3114
3083	(1215, 132)	'善'	3115
3084	(83, 111)	'So'	3116
3085	(32, 332)	' et'	3117
3086	(112, 115)	'ps'	3118
3087	(586, 141)	'ል'	3119
3088	(299, 184)	'典'	3120
3089	(309, 164)	'判'	3121
3090	(463, 345)	' How'	3122
3091	(278, 101)	' ce'	3123
3092	(265, 285)	'ones'	3124
3093	(375, 103)	'ung'	3125
3094	(720, 162)	'谢'	3126
3095	(932, 982)	' import'	3127
3096	(268, 293)	' wal'	3128
3097	(115, 734)	'side'	3129
3098	(313, 136)	'守'	3130
3099	(258, 293)	'inal'	3131
3100	(417, 101)	' Be'	3132
3101	(1177, 121)	' guy'	3133
3102	(258, 116)	'int'	3134
3103	(317, 167)	'吧'	3135
3104	(315, 165)	'春'	3136
3105	(976, 378)	'只有'	3137
3106	(111, 630)	'oard'	3138
3107	(108, 267)	'ler'	3139
3108	(286, 532)	' main'	3140
3109	(1092, 135)	'ੇ'	3141
3110	(387, 152)	'托'	3142
3111	(1164, 495)	'达到'	3143
3112	(45, 1238)	'-old'	3144
3113	(991, 56)	'2008'	3145
3114	(733, 727)	'全球'	3146
3115	(470, 814)	' What'	3147
3116	(1397, 633)	' attack'	3148
3117	(104, 276)	'hor'	3149
3118	(264, 734)	' side'	3150
3119	(468, 520)	'以来'	3151
3120	(288, 283)	'aring'	3153
3121	(1875, 115)	' months'	3154
3122	(292, 808)	' today'	3155
3123	(105, 382)	'iver'	3156
3124	(2225, 570)	b'\xe0\xb0\xbf\xe0\xb0'	3157
3125	(615, 494)	' Just'	3158
3126	(332, 121)	'ety'	3159
3127	(397, 1358)	'人士'	3160
3128	(962, 459)	' players'	3161
3129	(268, 288)	' war'	3162
3130	(608, 283)	'ending'	3163
3131	(1112, 172)	'般'	3164
3132	(391, 99)	' Mc'	3165
3133	(1003, 365)	' contro'	3166
3134	(791, 111)	' ago'	3167
3135	(546, 293)	' val'	3168
3136	(462, 350)	'这是'	3169
3137	(256, 121)	' ty'	3170
3138	(391, 258)	' Min'	3171
3139	(1476, 968)	'知道'	3172
3140	(351, 142)	'乎'	3173
3141	(1499, 322)	'uction'	3174
3142	(708, 1189)	'部门'	3175
3143	(327, 332)	' yet'	3176
3144	(420, 396)	'为了'	3177
3145	(45, 102)	'-f'	3178
3146	(297, 2597)	' half'	3180
3147	(278, 636)	' city'	3181
3148	(510, 276)	' For'	3182
3149	(1816, 527)	'ports'	3183
3150	(326, 285)	'ides'	3184
3151	(104, 352)	'ham'	3185
3152	(559, 2838)	' program'	3186
3153	(356, 16031)	' Tuesday'	3187
3154	(1412, 653)	'超过'	3188
3155	(1355, 146)	'勒'	3189
3156	(715, 336)	'之一'	3190
3157	(917, 458)	' manag'	3191
3158	(1352, 1366)	'消息'	3192
3159	(430, 173)	'ိ'	3193
3160	(349, 176)	'印'	3194
3161	(270, 174)	'皮'	3195
3162	(482, 179)	'味'	3196
3163	(672, 666)	'基本'	3197
3164	(360, 178)	'讲'	3199
3165	(281, 1287)	'ished'	3200
3166	(532, 115)	'ains'	3201
3167	(596, 1796)	' change'	3202
3168	(73, 83)	'IS'	3203
3169	(310, 112)	'omp'	3204
3170	(16027, 430)	b'\xe1\x80\xaf\xe1\x80'	3205
3171	(1402, 275)	' polit'	3206
3172	(16016, 279)	' women'	3207
3173	(256, 485)	' test'	3208
3174	(532, 283)	'aining'	3209
3175	(607, 272)	'新的'	3210
3176	(1799, 367)	"That's"	3211
3177	(337, 131)	'练'	3212
3178	(449, 134)	'陆'	3213
3179	(1356, 287)	' added'	3214
3180	(376, 100)	' Ad'	3215
3181	(1692, 665)	'采用'	3216
3182	(299, 154)	'党'	3217
3183	(1130, 159)	'钟'	3218
3184	(378, 819)	'有关'	3219
3185	(264, 283)	' sing'	3221
3186	(263, 352)	'ream'	3222
3187	(130, 570)	b'\x82\xe0\xb0'	3223
3188	(98, 121)	'by'	3224
3189	(284, 16012)	' president'	3225
3190	(472, 52)	' 14'	3226
3191	(754, 187)	'ර'	3227
3192	(502, 141)	'母'	3228
3193	(465, 142)	'怎'	3229
3194	(100, 115)	'ds'	3230
3195	(480, 285)	'ries'	3231
3196	(2376, 1655)	'申请'	3232
3197	(305, 759)	' line'	3233
3198	(300, 1647)	' intern'	3234
3199	(354, 101)	' Se'	3235
3200	(520, 751)	'来说'	3236
3201	(434, 97)	' ra'	3237
3202	(412, 173)	'庭'	3238
3203	(16021, 109)	' problem'	3239
3204	(209, 143)	'я'	3240
3205	(361, 1087)	' former'	3241
3206	(1990, 2117)	'历史'	3242
3207	(463, 475)	' High'	3243
3208	(613, 263)	' There'	3244
3209	(1186, 1357)	'调整'	3245
3210	(286, 423)	' mus'	3246
3211	(436, 108)	' Pl'	3247
3212	(1688, 682)	' looks'	3248
3213	(388, 139)	'律'	3249
3214	(596, 992)	' chance'	3250
3215	(627, 929)	'ال'	3251
3216	(1235, 2302)	' according'	3252
3217	(990, 129)	'铁'	3253
3218	(1209, 121)	'ney'	3254
3219	(326, 287)	'ided'	3255
3220	(1107, 767)	'今天'	3256
3221	(2271, 154)	'婚'	3257
3222	(1590, 527)	' points'	3258
3223	(470, 287)	' Wed'	3259
3224	(291, 352)	' dam'	3260
3225	(1192, 1178)	'ploy'	3261
3226	(428, 1827)	'上涨'	3262
3227	(109, 642)	'most'	3263
3228	(673, 101)	'ude'	3265
3229	(702, 132)	' ل'	3266
3230	(588, 100)	' Ed'	3267
3231	(539, 909)	'地区'	3268
3232	(1820, 667)	'觉得'	3269
3233	(747, 649)	'ро'	3270
3234	(282, 946)	' fire'	3271
3235	(111, 276)	'oor'	3272
3236	(268, 752)	' wind'	3273
3237	(585, 324)	' live'	3274
3238	(216, 169)	'ة'	3275
3239	(321, 267)	'ster'	3276
3240	(117, 1068)	'uary'	3277
3241	(1024, 187)	'登'	3278
3242	(499, 98)	'umb'	3279
3243	(2542, 145)	' đ'	3280
3244	(216, 180)	'ش'	3281
3245	(546, 105)	' vi'	3282
3246	(1992, 369)	' investig'	3283
3247	(524, 191)	'县'	3284
3248	(1685, 621)	' small'	3285
3249	(237, 149)	b'\xed\x95'	3286
3250	(685, 818)	' working'	3287
3251	(286, 494)	' must'	3288
3252	(117, 287)	'ued'	3289
3253	(1537, 1311)	'优势'	3290
3254	(442, 326)	' kid'	3291
3255	(461, 187)	'闻'	3292
3256	(1040, 974)	'文化'	3293
3257	(725, 188)	'礼'	3294
3258	(257, 757)	' aff'	3295
3259	(829, 699)	'相机'	3296
3260	(323, 184)	'स'	3297
3261	(2438, 3112)	'year-old'	3298
3262	(286, 276)	' mor'	3299
3263	(302, 143)	'夏'	3301
3264	(1745, 334)	' event'	3302
3265	(1126, 419)	'英国'	3303
3266	(264, 742)	' suc'	3305
3267	(276, 835)	'orry'	3306
3268	(297, 1238)	' hold'	3307
3269	(410, 178)	'冲'	3308
3270	(66, 65)	'BA'	3309
3271	(472, 56)	' 18'	3310
3272	(2694, 430)	b'\xe1\x80\xac\xe1\x80'	3311
3273	(2349, 324)	' believe'	3312
3274	(282, 477)	' fore'	3313
3275	(209, 135)	'ч'	3314
3276	(299, 187)	'养'	3315
3277	(376, 312)	' All'	3316
3278	(272, 400)	'的大'	3317
3279	(472, 49)	' 11'	3318
3280	(1060, 427)	'去年'	3319
3281	(2183, 168)	'储'	3320
3282	(209, 136)	'ш'	3321
3283	(279, 101)	'ene'	3322
3284	(311, 183)	'迷'	3323
3285	(2441, 784)	'孩子'	3324
3286	(656, 135)	'遇'	3325
3287	(442, 117)	' ku'	3326
3288	(1286, 2034)	'风险'	3327
3289	(410, 160)	'冠'	3328
3290	(260, 176)	'丰'	3329
3291	(1169, 186)	'缺'	3330
3292	(65, 80)	'AP'	3331
3293	(614, 744)	'经理'	3332
3294	(1231, 680)	'或者'	3333
3295	(317, 184)	'吸'	3334
3296	(471, 163)	'ร'	3335
3297	(336, 1666)	'一步'	3336
3298	(3005, 1076)	'甚至'	3337
3299	(263, 119)	'rew'	3339
3300	(372, 128)	'杀'	3340
3301	(184, 430)	b'\xb8\xe1\x80'	3341
3302	(1144, 378)	'具有'	3342
3303	(595, 1196)	'公布'	3343
3304	(1484, 520)	'未来'	3344
3305	(1529, 174)	'森'	3345
3306	(32, 1127)	' ọ'	3346
3307	(32, 120)	' x'	3347
3308	(945, 601)	'提高'	3348
3309	(45, 100)	'-d'	3349
3310	(915, 310)	' prom'	3350
3311	(698, 128)	'ව'	3351
3312	(336, 1019)	'一起'	3352
3313	(471, 173)	'อ'	3353
3314	(438, 145)	'救'	3354
3315	(116, 105)	'ti'	3356
3316	(1272, 175)	'药'	3357
3317	(1256, 145)	'虑'	3358
3318	(469, 184)	' и'	3359
3319	(410, 153)	'写'	3360
3320	(405, 159)	'察'	3361
3321	(313, 179)	'害'	3362
3322	(796, 187)	'须'	3363
3323	(354, 2245)	' South'	3364
3324	(1134, 1861)	'收益'	3365
3325	(1814, 176)	'饰'	3366
3326	(591, 287)	'pped'	3367
3327	(1139, 48)	' 50'	3368
3328	(537, 129)	'ु'	3369
3329	(286, 310)	' mom'	3370
3330	(216, 178)	'ز'	3371
3331	(337, 135)	'织'	3372
3332	(1300, 1694)	'规模'	3373
3333	(79, 83)	'OS'	3374
3334	(2361, 16035)	'介绍'	3375
3335	(763, 175)	'良'	3376
3336	(289, 1119)	' opt'	3377
3337	(1091, 1513)	'股票'	3378
3338	(386, 2059)	'不断'	3379
3339	(32, 195)	b' \xc3'	3380
3340	(232, 150)	b'\xe8\x96'	3381
3341	(73, 84)	'IT'	3382
3342	(300, 106)	' inj'	3383
3343	(926, 1378)	' perform'	3384
3344	(1117, 110)	'ın'	3385
3345	(258, 99)	'inc'	3386
3346	(560, 279)	'aken'	3387
3347	(347, 433)	' once'	3388
3348	(109, 97)	'ma'	3389
3349	(2090, 148)	'魔'	3390
3350	(53, 424)	'500'	3391
3351	(103, 258)	'gin'	3392
3352	(271, 276)	'ator'	3393
3353	(447, 128)	'秀'	3394
3354	(717, 135)	'假'	3395
3355	(105, 276)	'ior'	3396
3356	(1318, 680)	'投资者'	3397
3357	(298, 147)	'仓'	3398
3358	(315, 160)	'映'	3399
3359	(774, 285)	'ives'	3400
3360	(1317, 534)	'先生'	3401
3361	(1064, 779)	'水平'	3402
3362	(116, 97)	'ta'	3403
3363	(264, 293)	' sal'	3404
3364	(284, 271)	' pat'	3405
3365	(667, 495)	'得到'	3406
3366	(32, 234)	b' \xea'	3407
3367	(387, 167)	'执'	3408
3368	(388, 129)	'征'	3409
3369	(323, 174)	'म'	3410
3370	(286, 3061)	' major'	3411
3371	(1214, 803)	'代表'	3412
3372	(863, 165)	'ብ'	3413
3373	(750, 154)	'坚'	3414
3374	(1237, 1171)	'那么'	3415
3375	(415, 152)	'折'	3416
3376	(286, 288)	' mar'	3417
3377	(2651, 97)	' idea'	3418
3378	(855, 97)	'aha'	3419
3379	(727, 987)	'球员'	3420
3380	(278, 97)	' ca'	3421
3381	(276, 527)	'orts'	3422
3382	(526, 115)	'els'	3423
3383	(718, 157)	'距'	3424
3384	(557, 1288)	'分别'	3425
3385	(370, 285)	'utes'	3426
3386	(844, 495)	'看到'	3427
3387	(393, 151)	'街'	3428
3388	(105, 106)	'ij'	3429
3389	(1658, 1682)	' United'	3430
3390	(1272, 144)	'荐'	3431
3391	(351, 157)	'九'	3433
3392	(606, 168)	'ન'	3434
3393	(953, 134)	'爆'	3435
3394	(962, 283)	' playing'	3436
3395	(3223, 16040)	' Wednesday'	3437
3396	(1456, 2841)	' understand'	3438
3397	(108, 97)	'la'	3439
3398	(66, 67)	'BC'	3440
3399	(380, 184)	'學'	3441
3400	(775, 619)	'实现'	3442
3401	(65, 82)	'AR'	3443
3402	(650, 1101)	" they're"	3444
3403	(1083, 1991)	'系列'	3445
3404	(410, 183)	'冷'	3446
3405	(256, 2851)	' techn'	3447
3406	(511, 120)	' sex'	3448
3407	(1140, 1047)	' record'	3449
3408	(281, 283)	'ising'	3450
3409	(1596, 798)	'空间'	3451
3410	(111, 320)	'ole'	3452
3411	(2487, 322)	' question'	3453
3412	(638, 105)	'oci'	3455
3413	(289, 1276)	' oper'	3456
3414	(2653, 566)	b'\xe0\xa6\xbf\xe0\xa6'	3457
3415	(87, 865)	'Well'	3458
3416	(111, 757)	'off'	3459
3417	(79, 82)	'OR'	3460
3418	(268, 1398)	' water'	3461
3419	(345, 287)	'owed'	3462
3420	(658, 135)	'镇'	3463
3421	(2203, 101)	' hope'	3464
3422	(377, 334)	' Cent'	3465
3423	(1393, 804)	'季度'	3466
3424	(385, 1334)	' story'	3467
3425	(290, 157)	'朝'	3468
3426	(2036, 379)	' else'	3469
3427	(536, 112)	'osp'	3470
3428	(577, 145)	'筑'	3471
3429	(469, 176)	' а'	3472
3430	(977, 345)	' grow'	3473
3431	(534, 694)	'生产'	3474
3432	(264, 334)	' sent'	3475
3433	(477, 100)	'ored'	3476
3434	(1095, 146)	'酒'	3477
3435	(16029, 478)	' system'	3478
3436	(1642, 258)	' defin'	3479
3437	(196, 159)	'ğ'	3480
3438	(292, 116)	' tot'	3482
3439	(833, 971)	' close'	3483
3440	(98, 97)	'ba'	3484
3441	(418, 105)	'ili'	3485
3442	(264, 1660)	' six'	3486
3443	(1907, 1477)	' return'	3487
3444	(599, 1552)	'月份'	3488
3445	(73, 71)	'IG'	3489
3446	(377, 2101)	' Comm'	3490
3447	(267, 283)	'ering'	3491
3448	(2580, 1670)	' John'	3492
3449	(333, 320)	' rele'	3493
3450	(51, 53)	'35'	3494
3451	(382, 875)	'verage'	3495
3452	(121, 97)	'ya'	3496
3453	(299, 171)	'八'	3497
3454	(1389, 662)	'欧元'	3498
3455	(1000, 963)	'保持'	3499
3456	(577, 148)	'答'	3500
3457	(1045, 177)	'莱'	3501
3458	(482, 162)	'呢'	3503
3459	(1129, 365)	' appro'	3504
3460	(894, 1329)	'明显'	3505
3461	(890, 519)	' State'	3506
3462	(50, 57)	'29'	3507
3463	(389, 130)	'异'	3508
3464	(2615, 158)	'瑞'	3509
3465	(1746, 579)	'留学'	3510
3466	(1694, 1025)	'模式'	3511
3467	(235, 139)	b'\xeb\x8b'	3512
3468	(280, 145)	'云'	3513
3469	(372, 159)	'束'	3514
3470	(377, 265)	' Con'	3515
3471	(730, 775)	'其实'	3516
3472	(833, 1017)	' class'	3517
3473	(282, 998)	' fav'	3518
3474	(412, 134)	'庆'	3519
3475	(110, 287)	'ned'	3520
3476	(297, 499)	' hum'	3521
3477	(1389, 2009)	'欧洲'	3522
3478	(32, 88)	' X'	3523
3479	(881, 460)	'两个'	3524
3480	(602, 879)	'ил'	3525
3481	(645, 155)	'洛'	3526
3482	(646, 102)	'ief'	3527
3483	(111, 102)	'of'	3528
3484	(435, 737)	" wasn't"	3529
3485	(83, 259)	'She'	3530
3486	(512, 643)	' comment'	3531
3487	(275, 267)	'iter'	3532
3488	(589, 170)	' प'	3533
3489	(1805, 331)	' early'	3534
3490	(1293, 690)	' everyone'	3536
3491	(79, 110)	'On'	3538
3492	(232, 169)	b'\xe8\xa9'	3539
3493	(316, 2722)	' girl'	3540
3494	(1260, 492)	'专家'	3541
3495	(1860, 173)	'播'	3542
3496	(2305, 293)	' local'	3543
3497	(340, 178)	'甲'	3544
3498	(833, 3007)	' claim'	3545
3499	(352, 334)	'ament'	3546
3500	(2180, 121)	'ology'	3547
3501	(45, 99)	'-c'	3548
3502	(1275, 2916)	'台湾'	3549
3503	(2259, 158)	'語'	3550
3504	(282, 1383)	' fuck'	3551
3505	(282, 370)	' fut'	3552
3506	(358, 186)	'诺'	3553
3507	(488, 97)	' area'	3555
3508	(583, 101)	'que'	3556
3509	(510, 101)	' Fe'	3557
3510	(1734, 2234)	'环境'	3558
3511	(267, 121)	'ery'	3559
3512	(282, 954)	' face'	3560
3513	(1207, 1128)	'接受'	3561
3514	(2813, 808)	' Sunday'	3562
3515	(472, 51)	' 13'	3563
3516	(79, 104)	'Oh'	3564
3517	(1137, 503)	'да'	3565
3518	(632, 348)	' trad'	3566
3519	(281, 265)	'ison'	3567
3520	(311, 176)	'述'	3568
3521	(525, 181)	'阵'	3569
3522	(880, 135)	'震'	3570
3523	(350, 2410)	'是否'	3571
3524	(413, 128)	'退'	3572
3525	(280, 146)	'互'	3573
3526	(549, 131)	'促'	3574
3527	(915, 691)	' price'	3576
3528	(32, 113)	' q'	3577
3529	(984, 181)	'灵'	3578
3530	(329, 129)	'封'	3579
3531	(2444, 705)	' children'	3580
3532	(114, 914)	'ract'	3581
3533	(561, 147)	'输'	3582
3534	(323, 185)	'ह'	3583
3535	(486, 396)	'出了'	3584
3536	(1341, 1386)	'需求'	3585
3537	(468, 428)	'以上'	3586
3538	(719, 101)	'ode'	3587
3539	(375, 431)	'unch'	3588
3540	(663, 601)	'最高'	3589
3541	(79, 76)	'OL'	3590
3542	(446, 2060)	'ified'	3591
3543	(16002, 100)	" I'd"	3592
3544	(504, 1500)	' shoot'	3593
3545	(2788, 157)	'蓝'	3594
3546	(387, 169)	'扩'	3595
3547	(16014, 742)	' produc'	3596
3548	(1605, 287)	' started'	3597
3549	(546, 1245)	' vict'	3598
3550	(233, 134)	b'\xe9\x86'	3599
3551	(371, 1242)	' young'	3600
3552	(486, 272)	'出的'	3601
3553	(663, 1979)	'最终'	3603
3554	(715, 623)	'之前'	3604
3555	(385, 101)	' ste'	3605
3556	(593, 2053)	' organ'	3606
3557	(962, 287)	' played'	3607
3558	(1813, 357)	'存在'	3608
3559	(378, 1568)	'有效'	3609
3560	(1112, 170)	'航'	3610
3561	(298, 152)	'付'	3611
3562	(98, 1081)	'book'	3612
3563	(1330, 3390)	'推荐'	3613
3564	(356, 119)	' Tw'	3614
3565	(629, 176)	'ਰ'	3615
3566	(280, 171)	'享'	3616
3567	(67, 104)	'Ch'	3617
3568	(2153, 2401)	'喜欢'	3618
3569	(114, 651)	'rap'	3619
3570	(45, 48)	'-0'	3620
3571	(2795, 2854)	'左右'	3621
3572	(309, 186)	'刺'	3622
3573	(351, 133)	'久'	3623
3574	(969, 141)	'ው'	3624
3575	(317, 175)	'启'	3625
3576	(779, 1608)	'平均'	3626
3577	(287, 267)	'eder'	3627
3578	(472, 424)	' 100'	3628
3579	(1924, 2988)	' Friday'	3629
3580	(233, 185)	b'\xe9\xb9'	3630
3581	(114, 265)	'ron'	3631
3582	(288, 729)	'arge'	3632
3583	(1175, 1912)	'Thanks'	3633
3584	(256, 1699)	' tax'	3634
3585	(65, 108)	'Al'	3635
3586	(16043, 580)	b'\xe0\xae\xbe\xe0\xae'	3636
3587	(317, 171)	'含'	3638
3588	(117, 331)	'uly'	3639
3589	(52, 46)	'4.'	3640
3590	(45, 115)	'-s'	3641
3591	(1063, 1025)	'正式'	3642
3592	(754, 173)	'ත'	3643
3593	(3095, 604)	' important'	3644
3594	(361, 109)	' form'	3645
3595	(363, 166)	'伦'	3646
3596	(649, 1345)	'ов'	3647
3597	(336, 807)	'一次'	3648
3598	(52, 53)	'45'	3649
3599	(582, 748)	' along'	3650
3600	(823, 568)	'位于'	3651
3601	(1186, 1648)	'调查'	3652
3602	(1176, 733)	'安全'	3653
3603	(106, 1178)	'joy'	3654
3604	(415, 162)	'抢'	3655
3605	(394, 155)	'盛'	3656
3606	(108, 258)	'lin'	3657
3607	(105, 499)	'ium'	3658
3608	(1909, 566)	b'\xe0\xa7\x87\xe0\xa6'	3659
3609	(260, 131)	'七'	3660
3610	(653, 1364)	'过程'	3661
3611	(398, 636)	'urity'	3662
3612	(1683, 748)	' wrong'	3663
3613	(51, 49)	'31'	3664
3614	(569, 153)	'沙'	3665
3615	(641, 110)	' On'	3666
3616	(282, 1500)	' foot'	3667
3617	(65, 83)	'AS'	3668
3618	(303, 2247)	' third'	3669
3619	(2820, 115)	' hours'	3670
3620	(1291, 907)	'原因'	3671
3621	(1177, 574)	' guess'	3672
3622	(343, 16036)	' econom'	3673
3623	(308, 320)	'icle'	3674
3624	(999, 3428)	'建筑'	3675
3625	(1618, 748)	' strong'	3676
3626	(472, 54)	' 16'	3677
3627	(117, 117)	'uu'	3678
3628	(305, 345)	' low'	3679
3629	(571, 1594)	'成功'	3680
3630	(336, 1085)	'一样'	3681
3631	(216, 140)	'،'	3682
3632	(707, 137)	'汉'	3683
3633	(589, 174)	' म'	3684
3634	(103, 111)	'go'	3685
3635	(2754, 699)	'危机'	3686
3636	(233, 184)	b'\xe9\xb8'	3687
3637	(45, 112)	'-p'	3688
3638	(802, 174)	'の'	3689
3639	(572, 138)	'惊'	3690
3640	(391, 274)	' Man'	3691
3641	(413, 144)	'逐'	3692
3642	(703, 331)	' likely'	3693
3643	(278, 370)	' cut'	3694
3644	(314, 105)	' ni'	3695
3645	(377, 288)	' Car'	3696
3646	(2011, 738)	' media'	3697
3647	(903, 2330)	' across'	3698
3648	(208, 182)	'ж'	3699
3649	(471, 129)	'ก'	3701
3650	(502, 149)	'毕'	3702
3651	(2409, 680)	'消费者'	3703
3652	(78, 330)	'Not'	3704
3653	(836, 831)	'ور'	3705
3654	(101, 121)	'ey'	3706
3655	(1885, 287)	' reported'	3707
3656	(969, 173)	'ይ'	3708
3657	(447, 129)	'私'	3709
3658	(391, 121)	' My'	3710
3659	(796, 186)	'顺'	3711
3660	(1585, 175)	'犯'	3712
3661	(258, 818)	'inking'	3713
3662	(2442, 1029)	' avail'	3714
3663	(847, 1752)	'如何'	3715
3664	(1623, 1522)	'标准'	3716
3665	(377, 636)	' City'	3717
3666	(953, 182)	'父'	3718
3667	(277, 621)	' ball'	3719
3668	(436, 450)	' Pol'	3720
3669	(389, 185)	'弹'	3721
3670	(887, 872)	'第三'	3722
3671	(264, 423)	' sus'	3723
3672	(339, 149)	'幕'	3724
3673	(942, 367)	" there's"	3725
3674	(284, 330)	' pot'	3726
3675	(446, 121)	'ify'	3727
3676	(960, 386)	'并不'	3728
3677	(398, 431)	'urch'	3729
3678	(588, 2640)	' Euro'	3730
3679	(740, 694)	'资产'	3731
3680	(559, 2055)	' process'	3732
3681	(463, 1918)	' House'	3733
3682	(2115, 786)	'另外'	3734
3683	(608, 287)	'ended'	3735
3684	(2120, 116)	' court'	3736
3685	(533, 119)	' saw'	3737
3686	(873, 2912)	' quarter'	3738
3687	(1067, 3317)	'考虑'	3739
3688	(309, 187)	'刻'	3740
3689	(539, 620)	'地方'	3741
3690	(293, 636)	'ality'	3742
3691	(311, 142)	'迎'	3744
3692	(318, 109)	' Im'	3745
3693	(1460, 571)	'完成'	3746
3694	(264, 110)	' sn'	3747
3695	(70, 276)	'For'	3748
3696	(267, 97)	'era'	3749
3697	(1158, 637)	'ensive'	3750
3698	(1956, 396)	'除了'	3751
3699	(277, 288)	' bar'	3752
3700	(1780, 1014)	'随着'	3753
3701	(16008, 137)	'้'	3754
3702	(694, 553)	'产业'	3755
3703	(504, 635)	' short'	3756
3704	(439, 153)	'牙'	3757
3705	(1299, 1074)	'结果'	3758
3706	(1063, 357)	'正在'	3759
3707	(291, 2283)	' data'	3760
3708	(341, 133)	'旅'	3761
3709	(341, 151)	'旗'	3762
3710	(112, 697)	'pect'	3763
3711	(2346, 141)	'操'	3764
3712	(588, 120)	' Ex'	3765
3713	(575, 136)	'哈'	3766
3714	(589, 185)	' ह'	3767
3715	(512, 283)	' coming'	3768
3716	(275, 431)	'itch'	3769
3717	(291, 782)	' dra'	3770
3718	(263, 332)	'reet'	3771
3719	(736, 145)	'笑'	3772
3720	(530, 1079)	' nothing'	3773
3721	(105, 352)	'iam'	3774
3722	(631, 159)	'借'	3775
3723	(386, 1289)	'不少'	3776
3724	(257, 112)	' ap'	3777
3725	(32, 1013)	' у'	3778
3726	(1634, 1722)	'购买'	3779
3727	(233, 150)	b'\xe9\x96'	3780
3728	(490, 330)	' Not'	3781
3729	(316, 375)	' gun'	3782
3730	(406, 101)	'ille'	3784
3731	(329, 132)	'射'	3785
3732	(390, 2337)	'中央'	3786
3733	(447, 152)	'秘'	3787
3734	(491, 1056)	' join'	3788
3735	(354, 267)	' Ser'	3789
3736	(385, 288)	' star'	3790
3737	(1829, 148)	'塔'	3791
3738	(2014, 272)	'这样的'	3792
3739	(893, 690)	' anyone'	3793
3740	(271, 678)	'ature'	3794
3741	(265, 121)	'ony'	3795
3742	(386, 1533)	'不仅'	3796
3743	(871, 761)	'更加'	3798
3744	(343, 583)	' equ'	3799
3745	(451, 138)	'届'	3800
3746	(649, 879)	'ол'	3801
3747	(1784, 418)	'pril'	3802
3748	(301, 411)	'aster'	3803
3749	(902, 699)	'手机'	3804
3750	(1611, 494)	' indust'	3805
3751	(856, 332)	' compet'	3806
3752	(210, 175)	'ү'	3807
3753	(284, 975)	' pick'	3808
3754	(353, 121)	'acy'	3809
3755	(1134, 911)	'收入'	3810
3756	(290, 171)	'末'	3811
3757	(1307, 322)	'ission'	3812
3758	(378, 1897)	'有限'	3814
3759	(356, 72)	' TH'	3815
3760	(1466, 168)	'您'	3816
3761	(548, 110)	'ourn'	3817
3762	(619, 550)	'现场'	3818
3763	(512, 285)	' comes'	3819
3764	(259, 348)	'head'	3820
3765	(698, 148)	'ු'	3821
3766	(715, 798)	'之间'	3822
3767	(644, 188)	'曼'	3823
3768	(1467, 2535)	' community'	3824
3769	(1522, 1509)	'准备'	3825
3770	(73, 115)	'Is'	3827
3771	(16057, 484)	' together'	3829
3772	(279, 110)	'enn'	3830
3773	(2321, 2611)	' members'	3831
3774	(716, 3297)	'进一步'	3832
3775	(358, 190)	'课'	3833
3776	(2230, 274)	' American'	3834
3777	(853, 467)	'当时'	3835
3778	(278, 450)	' col'	3836
3779	(546, 1851)	' view'	3837
3780	(1038, 115)	' others'	3838
3781	(2416, 771)	'稳定'	3839
3782	(144, 430)	b'\x90\xe1\x80'	3840
3783	(2303, 1782)	' statement'	3841
3784	(976, 350)	'只是'	3842
3785	(314, 691)	' nice'	3843
3786	(111, 285)	'oes'	3844
3787	(940, 682)	' thanks'	3845
3788	(454, 140)	'歌'	3846
3789	(284, 1110)	' press'	3847
3790	(376, 116)	' At'	3848
3791	(1293, 1807)	' everything'	3849
3792	(317, 180)	'吴'	3850
3793	(554, 1631)	' death'	3851
3794	(537, 164)	'।'	3852
3795	(649, 747)	'ор'	3853
3796	(449, 132)	'附'	3854
3797	(336, 3131)	'一般'	3855
3798	(349, 128)	'區'	3856
3799	(337, 156)	'络'	3857
3800	(656, 191)	'避'	3858
3801	(511, 478)	' seem'	3859
3802	(1609, 761)	'参加'	3860
3803	(545, 1196)	'发布'	3861
3804	(402, 527)	'ects'	3862
3805	(796, 191)	'顿'	3863
3806	(553, 1120)	'业务'	3864
3807	(742, 818)	'ucking'	3865
3808	(467, 2574)	'时尚'	3866
3809	(796, 190)	'顾'	3867
3810	(256, 1506)	' taking'	3868
3811	(1584, 1959)	'集团'	3869
3812	(1067, 534)	'考生'	3870
3813	(511, 2266)	' seems'	3871
3814	(111, 895)	'ober'	3872
3815	(1653, 2379)	'负责'	3873
3816	(348, 100)	'add'	3874
3817	(466, 53)	' 25'	3875
3818	(118, 334)	'vent'	3876
3819	(1282, 974)	'变化'	3877
3820	(269, 144)	'【'	3878
3821	(269, 145)	'】'	3879
3822	(343, 3027)	' either'	3880
3823	(418, 288)	'ilar'	3881
3824	(822, 182)	'延'	3882
3825	(511, 312)	' sell'	3883
3826	(294, 293)	' anal'	3884
3827	(845, 139)	'锋'	3885
3828	(320, 116)	'let'	3886
3829	(1250, 287)	' wanted'	3887
3830	(649, 704)	'он'	3888
3831	(884, 134)	'馆'	3889
3832	(2649, 560)	' break'	3890
3833	(1695, 771)	'决定'	3891
3834	(739, 186)	'智'	3892
3835	(575, 165)	'哥'	3893
3836	(963, 1340)	'持续'	3894
3837	(2029, 3322)	'必须'	3895
3838	(582, 3227)	' almost'	3896
3839	(286, 752)	' mind'	3897
3840	(886, 1598)	'电话'	3898
3841	(233, 164)	b'\xe9\xa4'	3899
3842	(460, 599)	'个月'	3900
3843	(470, 276)	' Wor'	3901
3844	(1338, 285)	'ances'	3902
3845	(1093, 114)	'ər'	3903
3846	(1300, 771)	'规定'	3904
3847	(372, 175)	'杯'	3905
3848	(1779, 2142)	' check'	3906
3849	(1519, 169)	'韩'	3907
3850	(16008, 128)	'เ'	3908
3851	(588, 1242)	' Eng'	3909
3852	(376, 102)	' Af'	3910
3853	(1387, 1769)	'像素'	3911
3854	(615, 274)	' Jan'	3912
3855	(1568, 1074)	'效果'	3913
3856	(1316, 744)	'处理'	3914
3857	(638, 114)	'ocr'	3915
3858	(2755, 1269)	'镜头'	3916
3859	(833, 2533)	' cloud'	3917
3860	(405, 184)	'寸'	3918
3861	(504, 330)	' shot'	3919
3862	(3505, 678)	' future'	3920
3863	(112, 320)	'ple'	3921
3864	(593, 925)	' order'	3922
3865	(1019, 520)	'起来'	3923
3866	(1659, 166)	'梦'	3924
3867	(301, 285)	'ases'	3925
3868	(493, 169)	'革'	3926
3869	(717, 143)	'偏'	3927
3870	(472, 55)	' 17'	3928
3871	(272, 607)	'的新'	3929
3872	(275, 637)	'itive'	3930
3873	(363, 176)	'估'	3931
3874	(505, 115)	'ands'	3932
3875	(845, 174)	'键'	3934
3876	(471, 177)	'ั'	3935
3877	(363, 138)	'伊'	3936
3878	(1395, 450)	' invol'	3937
3879	(267, 118)	'erv'	3938
3880	(97, 370)	'aut'	3939
3881	(2670, 1257)	' complete'	3940
3882	(900, 103)	' eng'	3941
3883	(1392, 155)	'岛'	3942
3884	(342, 151)	'斗'	3943
3885	(297, 1918)	' house'	3944
3886	(656, 173)	'遭'	3945
3887	(1188, 2704)	'ference'	3946
3888	(1252, 121)	'ully'	3947
3889	(1099, 1820)	'感觉'	3948
3890	(3662, 1086)	' available'	3949
3891	(282, 762)	' food'	3950
3892	(712, 477)	' Kore'	3951
3893	(1460, 733)	'完全'	3952
3894	(117, 610)	'ugh'	3953
3895	(276, 114)	'orr'	3954
3896	(1177, 1619)	' guys'	3955
3897	(372, 168)	'杨'	3956
3898	(232, 155)	b'\xe8\x9b'	3957
3899	(451, 143)	'屏'	3958
3900	(1075, 293)	'obal'	3959
3901	(354, 16054)	' Saturday'	3960
3902	(939, 2162)	' York'	3961
3903	(2631, 1940)	' possible'	3962
3904	(77, 121)	'My'	3963
3905	(282, 612)	' fight'	3964
3906	(103, 287)	'ged'	3965
3907	(651, 115)	'aps'	3966
3908	(2032, 367)	" That's"	3967
3909	(550, 1917)	'场比赛'	3968
3910	(504, 934)	' share'	3969
3911	(102, 267)	'fer'	3970
3912	(385, 2141)	' stuff'	3971
3913	(268, 904)	" won't"	3972
3914	(99, 1947)	'ches'	3973
3915	(16045, 310)	' custom'	3974
3916	(520, 844)	'来看'	3975
3917	(1067, 1742)	'考试'	3976
3918	(291, 617)	' dist'	3977
3919	(1109, 714)	'近期'	3978
3920	(905, 1528)	'报告'	3979
3921	(1254, 283)	' bring'	3980
3922	(98, 633)	'back'	3981
3923	(275, 411)	'itter'	3982
3924	(256, 3346)	' taken'	3983
3925	(1327, 3331)	'组织'	3984
3926	(216, 173)	'ح'	3985
3927	(586, 181)	'ስ'	3986
3928	(590, 378)	'也有'	3987
3929	(1069, 136)	'烈'	3988
3930	(1181, 176)	'्र'	3989
3931	(606, 176)	'ર'	3990
3932	(3245, 450)	' viol'	3991
3933	(85, 82)	'UR'	3992
3934	(2766, 137)	'嘉'	3993
3935	(1450, 49)	'2011'	3994
3936	(434, 281)	' ris'	3995
3937	(271, 308)	'atic'	3996
3938	(354, 473)	' Sup'	3997
3939	(1663, 3385)	' minutes'	3998
3940	(264, 499)	' sum'	3999
3941	(305, 1714)	' lower'	4000
3942	(2996, 143)	'藏'	4001
3943	(278, 1571)	' coup'	4002
3944	(45, 49)	'-1'	4003
3945	(723, 166)	'润'	4004
3946	(750, 155)	'坛'	4005
3947	(1294, 2279)	'证券'	4006
3948	(1210, 978)	'注意'	4007
3949	(579, 2383)	'学习'	4008
3950	(639, 817)	' means'	4009
3951	(670, 189)	'载'	4010
3952	(768, 320)	' whole'	4011
3953	(711, 163)	'趣'	4012
3954	(754, 184)	'ම'	4014
3955	(267, 109)	'erm'	4015
3956	(1048, 139)	'ો'	4016
3957	(230, 169)	b'\xe6\xa9'	4017
3958	(1474, 952)	'预计'	4018
3959	(545, 529)	'发行'	4019
3960	(523, 184)	'永'	4020
3961	(110, 330)	'not'	4021
3962	(437, 2481)	' asked'	4022
3963	(508, 177)	' ر'	4023
3964	(117, 122)	'uz'	4024
3965	(651, 101)	'ape'	4025
3966	(265, 2908)	'onald'	4026
3967	(799, 132)	'雄'	4027
3968	(1236, 671)	' series'	4028
3969	(232, 184)	b'\xe8\xb8'	4029
3970	(1474, 714)	'预期'	4030
3971	(1589, 1228)	'ست'	4031
3972	(493, 160)	'靠'	4032
3973	(16034, 1462)	'平方米'	4033
3974	(984, 175)	'灯'	4034
3975	(16058, 293)	' several'	4035
3976	(278, 2969)	' certain'	4036
3977	(1709, 365)	' impro'	4037
3978	(305, 271)	' lat'	4038
3979	(695, 1848)	'面积'	4039
3980	(1126, 1711)	'英语'	4040
3981	(471, 135)	'ง'	4041
3982	(258, 105)	'ini'	4042
3983	(2294, 539)	'土地'	4043
3984	(1554, 1098)	' design'	4044
3985	(631, 139)	'個'	4045
3986	(104, 105)	'hi'	4046
3987	(363, 145)	'休'	4047
3988	(286, 574)	' mess'	4048
3989	(491, 101)	' je'	4049
3990	(943, 2118)	' expected'	4050
3991	(47, 47)	'//'	4051
3992	(647, 170)	'罪'	4052
3993	(376, 3747)	' April'	4053
3994	(2311, 838)	' special'	4054
3995	(101, 118)	'ev'	4055
3996	(986, 272)	'你的'	4056
3997	(46, 54)	'.6'	4057
3998	(3678, 1592)	' Europe'	4058
3999	(329, 164)	'尤'	4059
4000	(51, 424)	'300'	4060
4001	(46, 56)	'.8'	4061
4002	(1277, 550)	'客场'	4062
4003	(361, 1832)	' forward'	4063
4004	(2296, 1906)	'状态'	4064
4005	(2527, 570)	b'\xe0\xb1\x81\xe0\xb0'	4065
4006	(510, 108)	' Fl'	4066
4007	(1353, 165)	' እ'	4067
4008	(305, 519)	' late'	4068
4009	(231, 181)	b'\xe7\xb5'	4069
4010	(51, 54)	'36'	4070
4011	(272, 601)	'的高'	4071
4012	(381, 630)	' heard'	4073
4013	(1249, 1752)	'任何'	4074
4014	(109, 101)	'me'	4075
4015	(1029, 115)	'ails'	4076
4016	(2120, 379)	' course'	4077
4017	(3467, 164)	'다'	4078
4018	(1573, 3225)	' employ'	4079
4019	(943, 697)	' expect'	4080
4020	(1988, 568)	'属于'	4081
4021	(457, 183)	'纷'	4082
4022	(862, 169)	'恩'	4083
4023	(732, 159)	'损'	4084
4024	(326, 1163)	'idence'	4085
4025	(464, 114)	' Dr'	4086
4026	(409, 889)	' white'	4087
4027	(664, 293)	' goal'	4088
4028	(384, 175)	'凯'	4089
4029	(469, 183)	' з'	4090
4030	(1041, 553)	'商业'	4091
4031	(327, 110)	' yn'	4092
4032	(3262, 1155)	' morning'	4093
4033	(1034, 1912)	' Thanks'	4095
4034	(775, 1531)	'实际'	4096
4035	(559, 1276)	' proper'	4097
4036	(2964, 752)	' behind'	4098
4037	(1195, 579)	'科学'	4099
4038	(311, 170)	'迪'	4100
4039	(820, 142)	'税'	4101
4040	(428, 597)	'上市'	4102
4041	(297, 265)	' hon'	4103
4042	(291, 816)	' due'	4104
4043	(16007, 600)	' become'	4105
4044	(115, 119)	'sw'	4106
4045	(422, 181)	'贵'	4107
4046	(1384, 1207)	'直接'	4108
4047	(754, 154)	'ක'	4109
4048	(210, 155)	'қ'	4110
4049	(377, 293)	' Cal'	4111
4050	(1399, 571)	'造成'	4112
4051	(282, 621)	' fall'	4113
4052	(256, 97)	' ta'	4114
4053	(417, 288)	' Bar'	4115
4054	(1157, 121)	' party'	4116
4055	(317, 151)	'吗'	4117
4056	(685, 515)	' worth'	4118
4057	(596, 1562)	' charg'	4119
4058	(1347, 1363)	'导演'	4120
4059	(406, 115)	'ills'	4121
4060	(736, 148)	'笔'	4122
4061	(69, 78)	'EN'	4123
4062	(1693, 180)	'暴'	4124
4063	(758, 737)	" wouldn't"	4125
4064	(465, 165)	'急'	4126
4065	(1104, 176)	'ार'	4127
4066	(525, 182)	'阶'	4128
4067	(264, 375)	' sun'	4129
4068	(276, 671)	'ories'	4130
4069	(376, 98)	' Ab'	4131
4070	(317, 137)	'吉'	4132
4071	(347, 2151)	' online'	4133
4072	(337, 191)	'绿'	4134
4073	(16032, 1163)	' experience'	4135
4074	(16004, 53)	' 2015'	4136
4075	(900, 3603)	' enjoy'	4137
4076	(231, 182)	b'\xe7\xb6'	4138
4077	(2845, 838)	' social'	4139
4078	(1409, 952)	'统计'	4140
4079	(85, 83)	'US'	4141
4080	(321, 275)	'stit'	4142
4081	(524, 130)	'厂'	4144
4082	(470, 485)	' West'	4145
4083	(2238, 816)	' issue'	4146
4084	(464, 766)	' Dep'	4147
4085	(325, 170)	'截'	4148
4086	(2251, 2253)	'货币'	4149
4087	(843, 1319)	'价值'	4150
4088	(46, 55)	'.7'	4151
4089	(398, 852)	'urther'	4152
4090	(442, 97)	' ka'	4153
4091	(391, 1872)	' March'	4154
4092	(586, 136)	'ለ'	4155
4093	(72, 84)	'HT'	4156
4094	(1236, 2399)	' service'	4157
4095	(102, 276)	'for'	4158
4096	(278, 1241)	' cool'	4159
4097	(277, 383)	' bir'	4160
4098	(1620, 2675)	' consider'	4161
4099	(1299, 3469)	'结束'	4162
4100	(313, 129)	'宁'	4163
4101	(352, 98)	'amb'	4164
4102	(548, 433)	'ource'	4165
4103	(2360, 115)	' friends'	4166
4104	(116, 111)	'to'	4167
4105	(1402, 308)	' polic'	4168
4106	(3081, 617)	' Christ'	4169
4107	(119, 104)	'wh'	4170
4108	(3193, 1171)	'怎么'	4171
4109	(592, 914)	' exact'	4172
4110	(1070, 3799)	'网络'	4173
4111	(377, 16041)	' County'	4174
4112	(256, 105)	' ti'	4175
4113	(286, 117)	' mu'	4176
4114	(391, 114)	' Mr'	4177
4115	(211, 169)	'ө'	4178
4116	(1263, 667)	'取得'	4179
4117	(372, 176)	'杰'	4180
4118	(267, 114)	'err'	4181
4119	(1723, 115)	' News'	4182
4120	(573, 1910)	'下降'	4183
4121	(1246, 115)	' needs'	4184
4122	(945, 1457)	'提升'	4185
4123	(360, 173)	'训'	4186
4124	(257, 121)	' ay'	4187
4125	(277, 97)	' ba'	4188
4126	(117, 729)	'uge'	4189
4127	(327, 285)	' yes'	4190
4128	(1466, 137)	'悉'	4191
4129	(590, 386)	'也不'	4192
4130	(1528, 2852)	'告诉'	4193
4131	(305, 642)	' lost'	4194
4132	(513, 176)	'泰'	4195
4133	(1129, 609)	' appear'	4196
4134	(229, 171)	b'\xe5\xab'	4197
4135	(69, 84)	'ET'	4198
4136	(111, 691)	'oice'	4199
4137	(575, 170)	'哪'	4200
4138	(336, 573)	'一下'	4201
4139	(1357, 789)	'整体'	4202
4140	(45, 109)	'-m'	4203
4141	(301, 1079)	'ashing'	4204
4142	(263, 543)	'rect'	4205
4143	(86, 83)	'VS'	4207
4144	(337, 188)	'综'	4208
4145	(1127, 110)	'ọn'	4209
4146	(557, 3183)	'分钟'	4210
4147	(648, 175)	'肯'	4211
4148	(377, 111)	' Co'	4212
4149	(306, 136)	'圈'	4213
4150	(954, 3562)	'acebook'	4214
4151	(1614, 293)	' final'	4215
4152	(1354, 1513)	'彩票'	4216
4153	(1277, 1510)	'客户'	4217
4154	(87, 1708)	'When'	4218
4155	(284, 2954)	' p.m'	4219
4156	(410, 176)	'冰'	4220
4157	(2341, 174)	'潮'	4221
4158	(89, 285)	'Yes'	4222
4159	(693, 265)	' soon'	4223
4160	(102, 635)	'fort'	4224
4161	(962, 267)	' player'	4225
4162	(999, 1643)	'建议'	4226
4163	(551, 145)	'挑'	4227
4164	(554, 98)	' deb'	4228
4165	(305, 3582)	' large'	4229
4166	(508, 180)	' ش'	4230
4167	(1236, 1251)	' serious'	4231
4168	(216, 172)	'ج'	4232
4169	(1262, 2003)	'号码'	4233
4170	(2630, 540)	'昨日'	4234
4171	(666, 905)	'本报'	4235
4172	(233, 189)	b'\xe9\xbd'	4236
4173	(119, 2450)	'where'	4237
4174	(1401, 145)	'脑'	4238
4175	(111, 106)	'oj'	4239
4176	(631, 146)	'倒'	4240
4177	(1525, 1525)	'\xa0\xa0\xa0\xa0'	4241
4178	(471, 181)	'ี'	4242
4179	(98, 2220)	'body'	4243
4180	(305, 505)	' land'	4244
4181	(663, 400)	'最大'	4245
4182	(1102, 790)	'无法'	4246
4183	(385, 328)	' stay'	4247
4184	(1609, 764)	'参与'	4248
4185	(684, 912)	'自然'	4249
4186	(480, 287)	'ried'	4250
4187	(864, 786)	'此外'	4251
4188	(73, 73)	'II'	4252
4189	(264, 16063)	' suggest'	4253
4190	(685, 682)	' works'	4254
4191	(3075, 2497)	'pecially'	4255
4192	(446, 102)	'iff'	4256
4193	(1264, 633)	' black'	4258
4194	(836, 901)	'ون'	4260
4195	(16019, 2195)	' following'	4261
4196	(394, 150)	'盖'	4262
4197	(314, 265)	' non'	4263
4198	(286, 97)	' ma'	4264
4199	(16020, 279)	' given'	4265
4200	(1136, 48)	' 40'	4266
4201	(446, 116)	'ift'	4268
4202	(263, 287)	'reed'	4269
4203	(660, 665)	'作用'	4270
4204	(645, 139)	'洋'	4271
4205	(108, 288)	'lar'	4272
4206	(2767, 1521)	'搭配'	4273
4207	(1169, 169)	'缩'	4274
4208	(421, 16059)	' weeks'	4275
4209	(679, 159)	'竟'	4276
4210	(688, 1367)	' alleg'	4277
4211	(231, 135)	b'\xe7\x87'	4278
4212	(615, 3044)	' June'	4279
4213	(77, 642)	'Most'	4280
4214	(466, 52)	' 24'	4281
4215	(363, 159)	'伟'	4282
4216	(3943, 320)	' couple'	4283
4217	(760, 115)	' gets'	4284
4218	(334, 838)	'ential'	4285
4219	(873, 975)	' quick'	4286
4220	(824, 815)	'重点'	4287
4221	(101, 729)	'ege'	4288
4222	(264, 265)	' son'	4289
4223	(111, 382)	'over'	4290
4224	(99, 105)	'ci'	4291
4225	(714, 798)	'期间'	4292
4226	(2483, 2483)	'……'	4293
4227	(377, 114)	' Cr'	4294
4228	(464, 402)	' Dec'	4295
4229	(99, 287)	'ced'	4296
4230	(1829, 158)	'塞'	4299
4231	(1128, 495)	'受到'	4300
4232	(32, 406)	' ill'	4301
4233	(1483, 520)	'带来'	4302
4234	(489, 101)	'ope'	4303
4235	(1686, 100)	' fund'	4304
4236	(314, 1672)	' national'	4305
4237	(271, 1180)	'ators'	4306
4238	(51, 51)	'33'	4307
4239	(496, 285)	' Res'	4308
4240	(571, 2152)	'成绩'	4309
4241	(313, 133)	'宅'	4310
4242	(950, 1220)	'影片'	4311
4243	(3133, 108)	' control'	4312
4244	(332, 104)	'eth'	4313
4245	(256, 275)	' tit'	4314
4246	(277, 1724)	' billion'	4315
4247	(750, 144)	'坐'	4316
4248	(493, 153)	'静'	4317
4249	(592, 99)	' exc'	4318
4250	(553, 2152)	'业绩'	4319
4251	(63, 63)	'??'	4321
4252	(1347, 1958)	'导致'	4322
4253	(275, 919)	'itions'	4323
4254	(841, 1364)	'工程'	4324
4255	(97, 367)	"a's"	4325
4256	(572, 160)	'惠'	4326
4257	(350, 357)	'是在'	4327
4258	(117, 433)	'uce'	4328
4259	(627, 1228)	'ات'	4329
4260	(198, 176)	'ư'	4330
4261	(3210, 308)	' music'	4331
4262	(799, 133)	'雅'	4332
4263	(632, 1100)	' trade'	4333
4264	(1617, 1340)	'连续'	4334
4265	(2408, 287)	'ounced'	4335
4266	(16016, 274)	' woman'	4336
4267	(272, 1976)	'的情况'	4337
4268	(1494, 267)	'lier'	4338
4269	(1230, 486)	'指出'	4339
4270	(376, 1572)	' Ass'	4340
4271	(282, 817)	' fans'	4341
4272	(3266, 2055)	' success'	4342
4273	(1628, 1434)	' maybe'	4343
4274	(649, 1285)	'ом'	4344
4275	(103, 1110)	'gress'	4345
4276	(747, 503)	'ра'	4346
4277	(2960, 16062)	' campaign'	4347
4278	(286, 1485)	' match'	4348
4279	(105, 817)	'ians'	4349
4280	(1659, 133)	'梅'	4351
4281	(506, 1643)	'会议'	4352
4282	(811, 1728)	'内容'	4353
4283	(470, 406)	' Will'	4354
4284	(559, 112)	' prop'	4355
4285	(2013, 162)	'።'	4356
4286	(383, 116)	'irt'	4357
4287	(2662, 118)	' priv'	4358
4288	(863, 176)	'ተ'	4359
4289	(122, 101)	'ze'	4360
4290	(3436, 16051)	' definitely'	4361
4291	(2549, 745)	'压力'	4362
4292	(1832, 115)	'wards'	4363
4293	(663, 1109)	'最近'	4364
4294	(883, 938)	'基金公司'	4365
4295	(260, 185)	'丹'	4367
4296	(32, 1310)	' vers'	4368
4297	(1031, 168)	'萨'	4369
4298	(231, 163)	b'\xe7\xa3'	4370
4299	(277, 1743)	' based'	4371
4300	(333, 1192)	' repl'	4372
4301	(696, 852)	' whether'	4373
4302	(632, 816)	' true'	4374
4303	(1339, 121)	' key'	4375
4304	(304, 2999)	' often'	4376
4305	(232, 156)	b'\xe8\x9c'	4377
4306	(344, 179)	'劳'	4378
4307	(735, 140)	b' \xe1\x8c'	4379
4308	(544, 1447)	' front'	4380
4309	(305, 612)	' light'	4381
4310	(232, 134)	b'\xe8\x86'	4382
4311	(796, 182)	'顶'	4383
4312	(601, 1067)	'高考'	4384
4313	(447, 159)	'租'	4385
4314	(97, 578)	'ares'	4386
4315	(747, 710)	'ре'	4387
4316	(541, 162)	'探'	4388
4317	(119, 2162)	'work'	4389
4318	(100, 101)	'de'	4391
4319	(314, 39)	" n'"	4392
4320	(806, 165)	'若'	4393
4321	(305, 373)	' lim'	4394
4322	(65, 76)	'AL'	4395
4323	(679, 160)	'章'	4396
4324	(83, 104)	'Sh'	4397
4325	(1563, 427)	'半年'	4398
4326	(554, 348)	' dead'	4399
4327	(16001, 173)	'箭'	4400
4328	(319, 155)	'佛'	4401
4329	(593, 369)	' orig'	4402
4330	(272, 888)	'的一个'	4403
4331	(774, 287)	'ived'	4404
4332	(828, 103)	' arg'	4405
4333	(282, 1029)	' fail'	4406
4334	(1201, 310)	' room'	4407
4335	(314, 332)	' net'	4408
4336	(99, 626)	'cast'	4409
4337	(1249, 1120)	'任务'	4410
4338	(2422, 3117)	' author'	4411
4339	(782, 122)	'raz'	4412
4340	(614, 653)	'经过'	4413
4341	(65, 67)	'AC'	4414
4342	(588, 109)	' Em'	4415
4343	(313, 189)	'宽'	4416
4344	(105, 104)	'ih'	4417
4345	(1036, 163)	'档'	4418
4346	(1355, 159)	'募'	4419
4347	(528, 527)	'ults'	4420
4348	(2803, 430)	b'\xe1\x80\xb1\xe1\x80'	4421
4349	(335, 176)	'困'	4422
4350	(429, 146)	'归'	4423
4351	(230, 164)	b'\xe6\xa4'	4424
4352	(3843, 374)	' World'	4425
4353	(1198, 1083)	'联系'	4426
4354	(471, 161)	'ม'	4427
4355	(1286, 1010)	'风格'	4428
4356	(344, 177)	'励'	4429
4357	(541, 170)	'措'	4430
4358	(310, 98)	'omb'	4431
4359	(1658, 16049)	' University'	4432
4360	(2805, 2418)	'健康'	4433
4361	(2505, 129)	'鲁'	4434
4362	(3445, 4093)	'IGHT'	4435
4363	(117, 441)	'uation'	4436
4364	(326, 100)	'idd'	4437
4365	(2521, 159)	'熟'	4438
4366	(277, 408)	' boo'	4439
4367	(1385, 151)	'疗'	4440
4368	(378, 272)	'有的'	4441
4369	(1538, 690)	' phone'	4442
4370	(282, 3807)	' fucking'	4443
4371	(2643, 130)	'概'	4444
4372	(2842, 1806)	'帮助'	4445
4373	(656, 151)	'遗'	4446
4374	(73, 67)	'IC'	4447
4375	(236, 151)	b'\xec\x97'	4448
4376	(377, 450)	' Col'	4449
4377	(834, 1623)	'目标'	4450
4378	(117, 526)	'uel'	4451
4379	(280, 136)	'予'	4452
4380	(1761, 168)	' የ'	4454
4381	(1130, 136)	'针'	4455
4382	(672, 16073)	'基础'	4456
4383	(3074, 629)	b'\xe0\xa8\xbf\xe0\xa8'	4457
4384	(1280, 1695)	'解决'	4458
4385	(46, 52)	'.4'	4459
4386	(440, 166)	'触'	4460
4387	(45, 114)	'-r'	4461
4388	(108, 117)	'lu'	4462
4389	(2440, 287)	' happened'	4463
4390	(103, 320)	'gle'	4465
4391	(2212, 151)	'著'	4466
4392	(3159, 3170)	b'\xe1\x80\xad\xe1\x80\xaf\xe1\x80'	4467
4393	(774, 326)	'ivid'	4468
4394	(794, 161)	'胡'	4469
4395	(79, 84)	'OT'	4470
4396	(1018, 16026)	' previous'	4471
4397	(542, 111)	' Go'	4472
4398	(105, 1163)	'ience'	4473
4399	(847, 864)	'如此'	4474
4400	(447, 146)	'秒'	4475
4401	(761, 1131)	'加强'	4476
4402	(1175, 1332)	'Thank'	4477
4403	(1235, 574)	' access'	4478
4404	(1496, 170)	'豪'	4479
4405	(278, 500)	' coun'	4480
4406	(363, 175)	'伯'	4481
4407	(1554, 99)	' desc'	4482
4408	(1928, 114)	' terr'	4483
4409	(395, 162)	'赢'	4484
4410	(2280, 121)	'Why'	4485
4411	(825, 272)	'性的'	4486
4412	(464, 998)	' Dav'	4487
4413	(1599, 620)	'双方'	4488
4414	(286, 1290)	' mult'	4489
4415	(2104, 1369)	' students'	4490
4416	(580, 176)	'ர'	4491
4417	(842, 156)	'障'	4492
4418	(121, 108)	'yl'	4494
4419	(2727, 411)	' matter'	4495
4420	(1542, 571)	'形成'	4496
4421	(195, 182)	'ö'	4497
4422	(1687, 149)	'்க'	4498
4423	(711, 139)	'趋'	4499
4424	(16044, 1872)	' research'	4500
4425	(1621, 3946)	'论坛'	4501
4426	(1337, 275)	' crit'	4502
4427	(1236, 16033)	' services'	4503
4428	(812, 691)	' office'	4504
4429	(740, 1890)	'资源'	4505
4430	(1201, 348)	' road'	4506
4431	(1401, 154)	'脚'	4507
4432	(422, 180)	'贴'	4508
4433	(1357, 460)	'整个'	4509
4434	(464, 478)	' Dem'	4510
4435	(541, 137)	'掉'	4511
4436	(951, 272)	'我们的'	4513
4437	(2781, 275)	' visit'	4514
4438	(1728, 1427)	'容易'	4515
4439	(791, 1007)	' agree'	4516
4440	(1046, 748)	' among'	4517
4441	(1472, 709)	'共同'	4518
4442	(1848, 1950)	'积极'	4519
4443	(122, 97)	'za'	4520
4444	(2070, 287)	' tried'	4521
4445	(614, 2126)	'经验'	4522
4446	(3430, 515)	' growth'	4523
4447	(121, 320)	'yle'	4524
4448	(310, 258)	'omin'	4525
4449	(2272, 1973)	' discuss'	4526
4450	(377, 259)	' Che'	4527
4451	(381, 288)	' hear'	4529
4452	(697, 637)	'ective'	4530
4453	(2706, 2268)	' concern'	4531
4454	(856, 16068)	' companies'	4532
4455	(1195, 1511)	'科技'	4533
4456	(2982, 115)	' officials'	4534
4457	(99, 484)	'cher'	4535
4458	(926, 16067)	' period'	4536
4459	(873, 889)	' quite'	4537
4460	(2897, 176)	'峰'	4538
4461	(1868, 1455)	'条件'	4539
4462	(414, 184)	b' \xe0\xb8'	4540
4463	(538, 272)	'我的'	4541
4464	(65, 110)	'An'	4542
4465	(602, 1285)	'им'	4543
4466	(490, 1672)	' National'	4544
4467	(378, 1004)	'有些'	4546
4468	(257, 107)	' ak'	4547
4469	(2356, 1105)	'控制'	4548
4470	(348, 285)	'ades'	4549
4471	(277, 2220)	' body'	4550
4472	(416, 258)	' within'	4552
4473	(362, 138)	'释'	4554
4474	(915, 914)	' pract'	4555
4475	(2578, 71)	'ING'	4556
4476	(263, 103)	'reg'	4557
4477	(297, 330)	' hot'	4558
4478	(109, 121)	'my'	4559
4479	(45, 104)	'-h'	4560
4480	(651, 267)	'aper'	4561
4481	(909, 2323)	'区域'	4562
4482	(2056, 1826)	'材料'	4563
4483	(395, 182)	'赶'	4564
4484	(350, 888)	'是一个'	4565
4485	(46, 57)	'.9'	4566
4486	(32, 383)	' ir'	4567
4487	(379, 99)	'sec'	4568
4488	(1520, 1957)	' remember'	4569
4489	(469, 182)	' ж'	4570
4490	(526, 116)	'elt'	4571
4491	(430, 188)	'ြ'	4572
4492	(1556, 721)	'运动'	4573
4493	(421, 1101)	" we're"	4574
4494	(701, 3097)	' outside'	4575
4495	(702, 129)	' ف'	4576
4496	(673, 100)	'udd'	4577
4497	(437, 107)	' ask'	4578
4498	(510, 4150)	' Facebook'	4579
4499	(3185, 320)	' single'	4580
4500	(118, 3730)	'ville'	4581
4501	(383, 99)	'irc'	4582
4502	(1274, 1044)	'各种'	4583
4503	(542, 117)	' Gu'	4584
4504	(385, 477)	' store'	4585
4505	(471, 167)	'ว'	4586
4506	(1417, 1035)	'质量'	4587
4507	(694, 534)	'产生'	4588
4508	(2887, 275)	' milit'	4589
4509	(653, 1060)	'过去'	4590
4510	(32, 1151)	' ident'	4591
4511	(723, 137)	'涉'	4592
4512	(121, 100)	'yd'	4593
4513	(1235, 1216)	' account'	4594
4514	(296, 171)	'叫'	4595
4515	(55, 53)	'75'	4596
4516	(284, 532)	' pain'	4597
4517	(1320, 293)	'itional'	4598
4518	(702, 135)	' ه'	4599
4519	(3841, 144)	'餐'	4600
4520	(2720, 1551)	'艺术'	4601
4521	(627, 1270)	'ام'	4602
4522	(625, 144)	'渐'	4603
4523	(874, 891)	' known'	4604
4524	(542, 108)	' Gl'	4605
4525	(462, 807)	'这次'	4606
4526	(1416, 2370)	' decision'	4607
4527	(1989, 818)	' talking'	4608
4528	(99, 259)	'che'	4609
4529	(45, 53)	'-5'	4610
4530	(2334, 1041)	'开发商'	4611
4531	(291, 279)	' den'	4612
4532	(1558, 1005)	' coach'	4613
4533	(288, 108)	'arl'	4614
4534	(339, 184)	'幸'	4615
4535	(377, 276)	' Cor'	4616
4536	(1842, 809)	'排名'	4618
4537	(1795, 1042)	' drug'	4619
4538	(284, 279)	' pen'	4620
4539	(559, 2577)	' project'	4621
4540	(2238, 1606)	' issues'	4622
4541	(829, 853)	'相当'	4623
4542	(3859, 121)	' cloudy'	4624
4543	(16015, 183)	'瓷'	4625
4544	(48, 57)	'09'	4626
4545	(2462, 816)	' continue'	4627
4546	(80, 83)	'PS'	4628
4547	(385, 1410)	' stock'	4629
4548	(3473, 276)	' favor'	4630
4549	(790, 419)	'法国'	4631
4550	(2168, 2660)	' instead'	4632
4551	(1370, 3611)	' security'	4633
4552	(195, 163)	'ã'	4634
4553	(1049, 272)	'市场的'	4635
4554	(320, 120)	'lex'	4637
4555	(46, 51)	'.3'	4639
4556	(45, 51)	'-3'	4640
4557	(2035, 987)	'委员'	4641
4558	(837, 2003)	'数码'	4642
4559	(2057, 1267)	'医院'	4643
4560	(117, 320)	'ule'	4644
4561	(632, 97)	' tra'	4645
4562	(508, 172)	' ج'	4646
4563	(110, 111)	'no'	4647
4564	(74, 494)	'Just'	4648
4565	(286, 398)	' mur'	4649
4566	(80, 104)	'Ph'	4650
4567	(980, 2086)	' China'	4651
4568	(520, 684)	'来自'	4652
4569	(102, 697)	'fect'	4653
4570	(551, 165)	'挥'	4654
4571	(2414, 2603)	'ministr'	4655
4572	(499, 334)	'ument'	4656
4573	(422, 184)	'贸'	4657
4574	(1248, 823)	'单位'	4658
4575	(320, 1948)	'lebr'	4659
4576	(302, 156)	'夜'	4661
4577	(570, 168)	'న'	4662
4578	(833, 724)	' club'	4663
4579	(232, 148)	b'\xe8\x94'	4664
4580	(16048, 1334)	' history'	4665
4581	(1534, 1347)	'领导'	4666
4582	(276, 283)	'oring'	4667
4583	(2338, 553)	'职业'	4668
4584	(344, 170)	'努'	4669
4585	(305, 450)	' lol'	4670
4586	(960, 1732)	'并且'	4671
4587	(79, 79)	'OO'	4672
4588	(2928, 1418)	'贷款'	4673
4589	(1032, 272)	'色的'	4675
4590	(1368, 807)	'再次'	4676
4591	(277, 1178)	' boy'	4677
4592	(2048, 2279)	'债券'	4678
4593	(521, 902)	'对手'	4679
4594	(1989, 107)	' talk'	4680
4595	(73, 76)	'IL'	4681
4596	(449, 182)	'陶'	4682
4597	(720, 129)	'谁'	4683
4598	(1198, 927)	'联赛'	4684
4599	(326, 97)	'ida'	4685
4600	(436, 101)	' Pe'	4686
4601	(110, 459)	'ners'	4687
4602	(385, 480)	' stri'	4688
4603	(466, 49)	' 21'	4689
4604	(918, 1455)	'事件'	4691
4605	(1070, 1884)	'网站'	4692
4606	(415, 151)	'抗'	4693
4607	(648, 165)	'肥'	4694
4608	(269, 141)	'」'	4695
4609	(269, 140)	'「'	4696
4610	(121, 114)	'yr'	4697
4611	(774, 293)	'ival'	4698
4612	(1258, 169)	'摩'	4699
4613	(82, 69)	'RE'	4700
4614	(32, 2248)	' ہ'	4701
4615	(108, 373)	'lim'	4702
4616	(718, 145)	'跑'	4703
4617	(277, 105)	' bi'	4704
4618	(1162, 774)	' activ'	4705
4619	(277, 1081)	' book'	4706
4620	(348, 111)	'ado'	4708
4621	(112, 288)	'par'	4709
4622	(749, 467)	'小时'	4710
4623	(434, 2063)	' rather'	4711
4624	(580, 164)	'த'	4712
4625	(502, 155)	'毛'	4713
4626	(615, 3588)	' July'	4714
4627	(492, 1612)	'家居'	4716
4628	(117, 102)	'uf'	4717
4629	(2593, 1952)	'න්'	4718
4630	(1321, 320)	'ample'	4719
4631	(1353, 163)	' ኣ'	4720
4632	(108, 102)	'lf'	4721
4633	(107, 105)	'ki'	4722
4634	(503, 1285)	'ам'	4723
4635	(1597, 2636)	'视频'	4724
4636	(465, 170)	'怪'	4725
4637	(264, 2182)	' sense'	4726
4638	(403, 157)	'川'	4727
4639	(256, 273)	' tou'	4728
4640	(84, 114)	'Tr'	4729
4641	(508, 174)	' خ'	4730
4642	(560, 267)	'aker'	4731
4643	(830, 665)	'利用'	4732
4644	(936, 441)	'ization'	4733
4645	(16082, 188)	'鱼'	4734
4646	(282, 2188)	' field'	4735
4647	(2337, 529)	'央行'	4736
4648	(353, 285)	'aces'	4737
4649	(297, 642)	' host'	4738
4650	(405, 187)	'寻'	4739
4651	(802, 159)	'た'	4740
4652	(801, 115)	'ips'	4741
4653	(1931, 946)	' entire'	4742
4654	(426, 16074)	" haven't"	4743
4655	(3758, 938)	'有限公司'	4744
4656	(622, 115)	' abs'	4745
4657	(571, 666)	'成本'	4746
4658	(1781, 1155)	' running'	4747
4659	(780, 714)	'长期'	4748
4660	(287, 100)	'edd'	4749
4661	(301, 283)	'asing'	4750
4662	(700, 2347)	'比例'	4751
4663	(354, 279)	' Sen'	4752
4664	(386, 555)	'不要'	4753
4665	(297, 310)	' hom'	4754
4666	(256, 478)	' tem'	4755
4667	(1360, 557)	'十分'	4756
4668	(320, 288)	'lear'	4757
4669	(381, 374)	' held'	4758
4670	(284, 578)	' pres'	4759
4671	(579, 1267)	'学院'	4760
4672	(864, 807)	'此次'	4762
4673	(886, 1597)	'电视'	4763
4674	(397, 598)	'人们'	4764
4675	(2429, 287)	' killed'	4765
4676	(595, 906)	'公里'	4766
4677	(282, 759)	' fine'	4767
4678	(502, 146)	'毒'	4768
4679	(1141, 287)	'oved'	4769
4680	(306, 163)	'圣'	4770
4681	(709, 1085)	'同样'	4771
4682	(602, 1148)	'ик'	4772
4683	(3171, 1302)	' political'	4773
4684	(3750, 835)	' industry'	4774
4685	(358, 141)	'词'	4775
4686	(216, 174)	'خ'	4776
4687	(508, 185)	' ع'	4777
4688	(890, 101)	' Ste'	4778
4689	(828, 1707)	' arrest'	4779
4690	(402, 1096)	'ecause'	4780
4691	(45, 108)	'-l'	4781
4692	(588, 110)	' En'	4782
4693	(571, 1313)	'成立'	4783
4694	(2258, 101)	'reme'	4784
4695	(2763, 331)	' recently'	4785
4696	(389, 177)	'弱'	4786
4697	(569, 131)	'沃'	4787
4698	(117, 275)	'uit'	4789
4699	(118, 293)	'val'	4790
4700	(2340, 610)	'augh'	4791
4701	(4144, 777)	'综合'	4792
4702	(589, 133)	' अ'	4793
4703	(97, 398)	'aur'	4794
4704	(1609, 1067)	'参考'	4795
4705	(1507, 48)	' 70'	4796
4706	(918, 877)	'事情'	4797
4707	(412, 147)	'库'	4798
4708	(375, 925)	'under'	4799
4709	(1475, 287)	'itted'	4800
4710	(282, 4089)	' further'	4801
4711	(1070, 1478)	'网友'	4802
4712	(400, 1900)	'大幅'	4803
4713	(802, 171)	'に'	4804
4714	(1687, 164)	'்த'	4805
4715	(695, 521)	'面对'	4806
4716	(1046, 1423)	' amaz'	4807
4717	(602, 769)	'ит'	4809
4718	(341, 167)	'旧'	4810
4719	(492, 3202)	'家庭'	4811
4720	(2570, 109)	' film'	4812
4721	(463, 288)	' Har'	4813
4722	(365, 312)	'roll'	4814
4723	(488, 737)	" aren't"	4815
4724	(894, 1323)	'明星'	4816
4725	(641, 1209)	' One'	4817
4726	(3329, 334)	' moment'	4818
4727	(700, 847)	'比如'	4819
4728	(503, 1148)	'ак'	4820
4729	(608, 267)	'ender'	4821
4730	(2025, 162)	'慢'	4822
4731	(976, 555)	'只要'	4823
4732	(542, 101)	' Ge'	4824
4733	(608, 115)	'ends'	4827
4734	(360, 168)	'讨'	4828
4735	(286, 458)	' mag'	4829
4736	(311, 157)	'违'	4830
4737	(1324, 267)	' super'	4831
4738	(1656, 4327)	'火箭'	4832
4739	(529, 420)	'行为'	4833
4740	(97, 1290)	'ault'	4834
4741	(1534, 2323)	'领域'	4835
4742	(2758, 2106)	'竞争'	4836
4743	(457, 189)	'纽'	4837
4744	(282, 1553)	' fair'	4838
4745	(336, 1044)	'一种'	4839
4746	(775, 745)	'实力'	4840
4747	(726, 378)	'都有'	4841
4748	(1034, 16086)	' Thursday'	4842
4749	(499, 101)	'ume'	4843
4750	(677, 1770)	' leave'	4844
4751	(299, 181)	'兵'	4845
4752	(853, 912)	'当然'	4846
4753	(256, 1123)	' treat'	4847
4754	(3022, 1817)	' Republic'	4848
4755	(2042, 178)	'菲'	4849
4756	(1721, 804)	'速度'	4850
4757	(399, 121)	'key'	4851
4758	(2469, 3823)	' similar'	4852
4759	(1679, 121)	' happy'	4853
4760	(491, 673)	' jud'	4854
4761	(649, 1440)	'ог'	4855
4762	(486, 520)	'出来'	4856
4763	(385, 766)	' step'	4857
4764	(108, 352)	'lam'	4860
4765	(537, 136)	'ै'	4861
4766	(56, 56)	'88'	4862
4767	(231, 152)	b'\xe7\x98'	4864
4768	(105, 402)	'iec'	4865
4769	(375, 116)	'unt'	4866
4770	(117, 104)	'uh'	4867
4771	(32, 398)	' ur'	4868
4772	(1557, 1371)	'北京时间'	4869
4773	(766, 116)	'ept'	4870
4774	(830, 1190)	'利率'	4871
4775	(546, 450)	' vol'	4872
4776	(2798, 925)	' wonder'	4873
4777	(82, 101)	'Re'	4874
4778	(812, 267)	' offer'	4875
4779	(99, 600)	'come'	4876
4780	(1428, 48)	' 60'	4877
4781	(286, 281)	' mis'	4878
4782	(16009, 324)	"I've"	4879
4783	(284, 633)	' pack'	4880
4784	(2958, 283)	' meeting'	4881
4785	(1000, 2589)	'保护'	4882
4786	(354, 109)	' Sm'	4883
4787	(644, 178)	'曲'	4885
4788	(351, 161)	'乡'	4886
4789	(2094, 4265)	' announced'	4887
4790	(39, 39)	"''"	4888
4791	(723, 178)	'液'	4889
4792	(46, 48)	'.0'	4890
4793	(819, 568)	'关于'	4891
4794	(573, 2402)	'下跌'	4893
4795	(3449, 1743)	' released'	4895
4796	(79, 85)	'OU'	4896
4797	(627, 839)	'ای'	4897
4798	(286, 330)	' mot'	4898
4799	(195, 151)	'×'	4899
4800	(560, 97)	'aka'	4900
4801	(305, 920)	' link'	4901
4802	(305, 111)	' lo'	4902
4803	(1321, 919)	'ampions'	4903
4804	(548, 116)	'ourt'	4904
4805	(655, 963)	'主持'	4905
4806	(512, 98)	' comb'	4906
4807	(291, 104)	' dh'	4907
4808	(232, 178)	b'\xe8\xb2'	4908
4809	(1140, 2101)	' recomm'	4909
4810	(2033, 275)	' wait'	4910
4811	(470, 288)	' War'	4911
4812	(1000, 1294)	'保证'	4912
4813	(458, 287)	'aged'	4913
4814	(1045, 171)	'莫'	4914
4815	(517, 103)	' neg'	4915
4816	(354, 402)	' Sec'	4916
4817	(194, 163)	'£'	4917
4818	(499, 97)	'uma'	4918
4819	(2171, 2253)	'人民币'	4919
4820	(284, 2884)	' present'	4920
4821	(16015, 166)	'瓦'	4921
4822	(736, 166)	'符'	4922
4823	(2154, 889)	' White'	4923
4824	(1011, 149)	' ਕ'	4924
4825	(552, 103)	' dog'	4925
4826	(45, 50)	'-2'	4926
4827	(589, 168)	' न'	4927
4828	(293, 97)	'ala'	4928
4829	(2415, 2475)	'范围'	4929
4830	(175, 566)	b'\xaf\xe0\xa6'	4930
4831	(1767, 285)	'okes'	4931
4832	(802, 175)	'は'	4932
4833	(1413, 115)	' shows'	4933
4834	(465, 128)	'怀'	4934
4835	(4066, 2012)	'阶段'	4935
4836	(710, 769)	'ет'	4936
4837	(2833, 2833)	'\u3000\u3000'	4937
4838	(2067, 734)	' provide'	4938
4839	(3850, 471)	b'\xe0\xb9\x80\xe0\xb8'	4939
4840	(632, 633)	' track'	4940
4841	(290, 151)	'朗'	4941
4842	(305, 1383)	' luck'	4942
4843	(451, 139)	'屋'	4943
4844	(303, 1123)	' threat'	4944
4845	(297, 519)	' hate'	4945
4846	(436, 288)	' Par'	4947
4847	(1183, 419)	'德国'	4948
4848	(1840, 1165)	' relations'	4949
4849	(4172, 144)	'齐'	4950
4850	(647, 154)	'罚'	4951
4851	(991, 55)	'2007'	4952
4852	(2047, 576)	'许多'	4953
4853	(308, 97)	'ica'	4954
4854	(284, 1252)	' pull'	4955
4855	(335, 186)	'固'	4956
4856	(573, 2745)	'下午'	4957
4857	(878, 136)	'ை'	4958
4858	(346, 3351)	' begin'	4959
4859	(2911, 2847)	'透露'	4960
4860	(340, 176)	'田'	4961
4861	(890, 1400)	' States'	4962
4862	(2435, 1855)	'按照'	4963
4863	(65, 65)	'AA'	4964
4864	(3711, 660)	'操作'	4965
4865	(1022, 789)	'身体'	4966
4866	(336, 823)	'一位'	4967
4867	(333, 2372)	' release'	4968
4868	(839, 16052)	'یں'	4969
4869	(1225, 883)	'型基金'	4970
4870	(591, 283)	'pping'	4971
4871	(16017, 646)	' movie'	4972
4872	(739, 130)	'時'	4973
4873	(436, 964)	' Park'	4974
4874	(2814, 931)	'移民'	4975
4875	(79, 77)	'OM'	4976
4876	(326, 283)	'iding'	4977
4877	(2123, 180)	'이'	4978
4878	(1938, 320)	'attle'	4979
4879	(482, 188)	'呼'	4980
4880	(412, 143)	'序'	4981
4881	(1692, 2517)	'采访'	4982
4882	(310, 283)	'oming'	4983
4883	(16056, 484)	' higher'	4984
4884	(750, 166)	'坦'	4985
4885	(303, 3661)	' thinking'	4986
4886	(1382, 97)	'ika'	4987
4887	(258, 111)	'ino'	4988
4888	(356, 101)	' Te'	4989
4889	(293, 105)	'ali'	4990
4890	(354, 119)	' Sw'	4991
4891	(1803, 784)	'男子'	4992
4892	(376, 1042)	' Aug'	4993
4893	(1489, 1409)	'传统'	4994
4894	(305, 1550)	' loss'	4995
4895	(264, 748)	' song'	4996
4896	(1011, 166)	' ਦ'	4997
4897	(2746, 4191)	' especially'	4998
4898	(733, 695)	'全面'	4999
4899	(2138, 1263)	'录取'	5000
4900	(648, 137)	'肉'	5001
4901	(705, 527)	'rents'	5002
4902	(343, 112)	' ep'	5003
4903	(316, 1770)	' gave'	5004
4904	(229, 180)	b'\xe5\xb4'	5005
4905	(996, 129)	'裁'	5006
4906	(464, 111)	' Do'	5007
4907	(291, 265)	' don'	5008
4908	(1491, 115)	' teams'	5009
4909	(1857, 459)	' leaders'	5010
4910	(870, 175)	'累'	5011
4911	(376, 1242)	' Ang'	5012
4912	(352, 287)	'amed'	5013
4913	(573, 272)	'下的'	5014
4914	(1379, 323)	b'\xe0\xa5\x87\xe0\xa4'	5016
4915	(2252, 529)	'举行'	5017
4916	(1420, 16060)	' awesome'	5018
4917	(589, 134)	' आ'	5019
4918	(195, 172)	'ì'	5020
4919	(1300, 1925)	'规划'	5021
4920	(313, 156)	'宜'	5022
4921	(2505, 156)	'鲜'	5023
4922	(3476, 274)	' human'	5024
4923	(498, 185)	'培'	5025
4924	(739, 182)	'晶'	5026
4925	(664, 285)	' goes'	5027
4926	(2392, 1211)	'尽管'	5028
4927	(97, 528)	'aul'	5029
4928	(45, 119)	'-w'	5030
4929	(284, 2372)	' please'	5031
4930	(2770, 283)	' building'	5032
4931	(16038, 2081)	' particular'	5033
4932	(305, 536)	' los'	5034
4933	(363, 180)	'伴'	5035
4934	(670, 175)	'软'	5036
4935	(466, 50)	' 22'	5037
4936	(1272, 163)	'荣'	5038
4937	(16053, 1864)	' benef'	5039
4938	(102, 2188)	'field'	5040
4939	(97, 526)	'ael'	5041
4940	(16010, 101)	' include'	5042
4941	(1218, 57)	'199'	5043
4942	(2084, 130)	'堂'	5044
4943	(391, 1560)	' Market'	5045
4944	(1805, 4268)	' earlier'	5046
4945	(386, 495)	'不到'	5047
4946	(663, 607)	'最新'	5049
4947	(820, 177)	'稱'	5050
4948	(2792, 121)	' easy'	5051
4949	(561, 145)	'辑'	5052
4950	(109, 275)	'mit'	5053
4951	(587, 272)	'后的'	5054
4952	(286, 1824)	' mph'	5055
4953	(1812, 1032)	'角色'	5056
4954	(428, 1457)	'上升'	5057
4955	(522, 2098)	'ability'	5058
4956	(2389, 518)	'佳能'	5059
4957	(422, 157)	'贝'	5060
4958	(2832, 1320)	' position'	5061
4959	(339, 187)	'幻'	5062
4960	(3564, 3923)	' Twitter'	5063
4961	(1219, 1073)	'东西'	5064
4962	(257, 3451)	' average'	5065
4963	(462, 906)	'这里'	5066
4964	(65, 77)	'AM'	5067
4965	(117, 121)	'uy'	5068
4966	(272, 1635)	'的问题'	5069
4967	(260, 157)	'丝'	5070
4968	(3091, 4575)	' celebr'	5071
4969	(506, 378)	'会有'	5072
4970	(16011, 102)	' diff'	5073
4971	(365, 100)	'rod'	5074
4972	(3023, 166)	'麦'	5075
4973	(415, 147)	'抓'	5076
4974	(819, 3875)	'关键'	5077
4975	(1129, 101)	' appe'	5078
4976	(264, 279)	' sen'	5079
4977	(333, 3149)	' reports'	5080
4978	(286, 1414)	' mother'	5081
4979	(264, 746)	' sound'	5082
4980	(2679, 1248)	'简单'	5083
4981	(1516, 1891)	'selves'	5084
4982	(45, 52)	'-4'	5085
4983	(641, 757)	' Off'	5086
4984	(278, 121)	' cy'	5087
4985	(376, 591)	' App'	5088
4986	(693, 374)	' sold'	5089
4987	(1818, 861)	' Also'	5090
4988	(265, 2186)	'onna'	5091
4989	(369, 114)	'igr'	5092
4990	(1440, 1819)	'ган'	5093
4991	(277, 1051)	' base'	5094
4992	(832, 154)	'聚'	5095
4993	(65, 116)	'At'	5096
4994	(421, 2850)	' webs'	5097
4995	(289, 107)	' ok'	5098
4996	(385, 2821)	' staff'	5099
4997	(524, 133)	'厅'	5100
4998	(329, 190)	'尾'	5101
4999	(733, 708)	'全部'	5102
5000	(265, 97)	'ona'	5103
5001	(385, 782)	' stra'	5104
5002	(683, 187)	'妻'	5106
5003	(528, 441)	'ulation'	5107
5004	(900, 99)	' enc'	5108
5005	(462, 1171)	'这么'	5109
5006	(16072, 332)	' target'	5110
5007	(347, 285)	' ones'	5111
5008	(16103, 629)	b'\xe0\xa9\xb1\xe0\xa8'	5112
5009	(197, 161)	'š'	5113
5010	(829, 521)	'相对'	5114
5011	(277, 522)	' bab'	5115
5012	(372, 177)	'東'	5116
5013	(270, 135)	'皇'	5118
5014	(234, 179)	b'\xea\xb3'	5119
5015	(32, 237)	b' \xed'	5120
5016	(99, 267)	'cer'	5121
5017	(1403, 145)	'滑'	5122
5018	(1056, 116)	'oint'	5123
5019	(285, 101)	'ese'	5124
5020	(16100, 148)	'는'	5125
5021	(3438, 293)	' total'	5126
5022	(576, 272)	'多的'	5127
5023	(434, 519)	' rate'	5128
5024	(1002, 139)	'ో'	5129
5025	(524, 154)	'厚'	5130
5026	(570, 3187)	b'\xe0\xb0\x82\xe0\xb0'	5131
5027	(4109, 331)	' exactly'	5132
5028	(1273, 807)	'首次'	5133
5029	(558, 182)	'架'	5134
5030	(372, 130)	'杂'	5135
5031	(802, 132)	'い'	5136
5032	(4584, 745)	'努力'	5137
5033	(1953, 174)	'献'	5138
5034	(775, 2130)	'实施'	5139
5035	(305, 287)	' led'	5140
5036	(679, 165)	'童'	5142
5037	(470, 16099)	' Washington'	5143
5038	(1110, 287)	'ressed'	5144
5039	(326, 729)	'idge'	5145
5040	(2364, 912)	'依然'	5146
5041	(731, 16013)	' myself'	5147
5042	(998, 283)	'aving'	5148
5043	(663, 1963)	'最大的'	5149
5044	(386, 2837)	'不错'	5150
5045	(282, 274)	' fan'	5151
5046	(2774, 293)	' general'	5152
5047	(2042, 156)	'菜'	5153
5048	(353, 287)	'aced'	5154
5049	(1330, 486)	'推出'	5155
5050	(1020, 147)	'ና'	5156
5051	(829, 700)	'相比'	5158
5052	(358, 175)	'误'	5159
5053	(111, 104)	'oh'	5160
5054	(217, 131)	'ك'	5161
5055	(3254, 115)	' kids'	5163
5056	(1741, 771)	'确定'	5164
5057	(853, 539)	'当地'	5165
5058	(278, 728)	' cred'	5166
5059	(651, 116)	'apt'	5167
5060	(620, 790)	'方法'	5168
5061	(272, 1598)	'的话'	5169
5062	(302, 186)	'夺'	5170
5063	(3207, 115)	' Highs'	5171
5064	(277, 111)	' bo'	5172
5065	(231, 185)	b'\xe7\xb9'	5174
5066	(2104, 121)	' study'	5175
5067	(1375, 139)	'る'	5176
5068	(1192, 328)	'play'	5177
5069	(394, 136)	'盈'	5178
5070	(713, 954)	' space'	5179
5071	(400, 1035)	'大量'	5180
5072	(286, 1017)	' mass'	5181
5073	(1112, 158)	'舞'	5182
5074	(282, 865)	' fell'	5183
5075	(56, 53)	'85'	5185
5076	(910, 843)	'房价'	5186
5077	(655, 899)	'主队'	5187
5078	(886, 784)	'电子'	5188
5079	(320, 643)	'lement'	5189
5080	(541, 136)	'授'	5190
5081	(1316, 568)	'处于'	5191
5082	(681, 357)	'将在'	5192
5083	(606, 164)	'ત'	5193
5084	(789, 2126)	'体验'	5194
5085	(103, 283)	'ging'	5195
5086	(1638, 155)	'痛'	5196
5087	(993, 2103)	'政治'	5197
5088	(1392, 184)	'岸'	5198
5089	(153, 430)	b'\x99\xe1\x80'	5199
5090	(802, 168)	'と'	5200
5091	(1841, 16108)	'越来越'	5201
5092	(1319, 667)	'值得'	5202
5093	(586, 168)	'ረ'	5203
5094	(264, 889)	' site'	5204
5095	(272, 749)	'的小'	5205
5096	(537, 130)	'ू'	5206
5097	(2307, 738)	' India'	5207
5098	(836, 929)	'ول'	5208
5099	(2230, 97)	' America'	5209
5100	(1982, 1492)	' respons'	5210
5101	(967, 3569)	'ograp'	5211
5102	(2659, 503)	' на'	5212
5103	(641, 98)	' Ob'	5213
5104	(338, 153)	'’'	5214
5105	(4213, 331)	'Mostly'	5215
5106	(308, 111)	'ico'	5216
5107	(665, 1510)	'用户'	5218
5108	(284, 635)	' port'	5219
5109	(282, 275)	' fit'	5220
5110	(398, 116)	'urt'	5221
5111	(395, 181)	'赵'	5222
5112	(1246, 287)	' needed'	5223
5113	(842, 134)	'隆'	5224
5114	(571, 1016)	'成交'	5225
5115	(718, 179)	'跳'	5226
5116	(866, 156)	'柜'	5227
5117	(1299, 1901)	'结构'	5228
5118	(114, 274)	'ran'	5229
5119	(275, 1257)	'itte'	5230
5120	(391, 287)	' Med'	5231
5121	(972, 2098)	'ibility'	5232
5122	(68, 111)	'Do'	5233
5123	(110, 105)	'ni'	5234
5124	(2314, 534)	'招生'	5235
5125	(393, 161)	'衡'	5236
5126	(1255, 287)	' worked'	5237
5127	(430, 183)	'့'	5238
5128	(698, 154)	'ේ'	5239
5129	(1995, 734)	' inside'	5240
5130	(3668, 691)	' Police'	5241
5131	(1570, 518)	'才能'	5242
5132	(1472, 453)	'共和'	5243
5133	(1002, 135)	'ే'	5244
5134	(739, 168)	'晨'	5245
5135	(2571, 119)	'www'	5246
5136	(278, 489)	' cop'	5247
5137	(683, 136)	'妈'	5248
5138	(389, 159)	'弟'	5249
5139	(907, 1769)	'因素'	5250
5140	(606, 191)	'િ'	5251
5141	(538, 419)	'我国'	5252
5142	(297, 4126)	' huge'	5253
5143	(793, 144)	'姐'	5254
5144	(4084, 16042)	' Department'	5255
5145	(465, 149)	'怕'	5257
5146	(490, 101)	' Ne'	5258
5147	(984, 190)	'灾'	5259
5148	(548, 2941)	'ources'	5260
5149	(829, 1055)	'相信'	5261
5150	(260, 129)	'丁'	5262
5151	(2630, 767)	'昨天'	5263
5152	(4357, 2130)	'措施'	5264
5153	(112, 287)	'ped'	5265
5154	(51, 55)	'37'	5266
5155	(291, 365)	' dro'	5267
5156	(2072, 1289)	'减少'	5268
5157	(299, 145)	'兑'	5269
5158	(407, 137)	'玉'	5270
5159	(257, 104)	' ah'	5271
5160	(112, 889)	'pite'	5272
5161	(862, 144)	'恐'	5273
5162	(1487, 130)	'狂'	5274
5163	(308, 1290)	'icult'	5275
5164	(1693, 150)	'暖'	5276
5165	(1626, 1063)	'真正'	5277
5166	(806, 166)	'苦'	5278
5167	(2731, 130)	'蒂'	5279
5168	(614, 1905)	'经营'	5280
5169	(277, 3106)	' board'	5281
5170	(268, 2174)	' wants'	5282
5171	(470, 1708)	' When'	5283
5172	(2264, 267)	' career'	5284
5173	(1027, 1290)	' result'	5285
5174	(589, 172)	' ब'	5286
5175	(480, 1119)	'ript'	5287
5176	(434, 746)	' round'	5288
5177	(649, 209)	b'\xd0\xbe\xd1'	5289
5178	(1636, 285)	'ences'	5290
5179	(541, 140)	'掌'	5291
5180	(373, 519)	'imate'	5292
5181	(864, 623)	'此前'	5293
5182	(268, 271)	' wat'	5294
5183	(290, 131)	'會'	5295
5184	(280, 161)	'亡'	5297
5185	(105, 1369)	'ients'	5298
5186	(531, 2089)	' Lows'	5299
5187	(2858, 851)	'核心'	5300
5188	(408, 4390)	'oogle'	5301
5189	(54, 53)	'65'	5302
5190	(1041, 773)	'商品'	5303
5191	(3978, 485)	' latest'	5304
5192	(397, 1411)	'人口'	5305
5193	(352, 115)	'ams'	5307
5194	(1355, 135)	'勇'	5308
5195	(67, 274)	'Can'	5309
5196	(498, 131)	'埃'	5310
5197	(1397, 478)	' attem'	5311
5198	(2193, 160)	' በ'	5313
5199	(108, 1222)	'lish'	5314
5200	(1396, 1661)	'老师'	5315
5201	(651, 274)	'apan'	5316
5202	(3012, 918)	'故事'	5317
5203	(447, 139)	'秋'	5318
5204	(2102, 993)	'财政'	5319
5205	(586, 171)	'ራ'	5320
5206	(2710, 1740)	'微博'	5321
5207	(2197, 912)	'仍然'	5322
5208	(278, 630)	' card'	5323
5209	(101, 285)	'ees'	5324
5210	(607, 3255)	'新闻'	5325
5211	(132, 1932)	b'\x84\xe1\x80\xba\xe1\x80'	5326
5212	(377, 3169)	' Comp'	5327
5213	(833, 536)	' clos'	5328
5214	(797, 4571)	' administr'	5329
5215	(2431, 1671)	'篮板'	5330
5216	(588, 108)	' El'	5331
5217	(1727, 607)	'创新'	5332
5218	(383, 97)	'ira'	5333
5219	(1088, 825)	'女性'	5334
5220	(383, 321)	'irst'	5335
5221	(3000, 331)	' currently'	5336
5222	(589, 164)	' त'	5337
5223	(881, 899)	'两队'	5338
5224	(1982, 1089)	' respond'	5339
5225	(457, 175)	'纯'	5340
5226	(1027, 1151)	' resident'	5341
5227	(309, 145)	'刑'	5342
5228	(346, 271)	' beat'	5343
5229	(519, 103)	'ateg'	5344
5230	(926, 4569)	' perfect'	5345
5231	(278, 1096)	' cause'	5346
5232	(3999, 730)	'尤其'	5347
5233	(1272, 137)	'草'	5348
5234	(778, 161)	'握'	5349
5235	(509, 145)	'剑'	5350
5236	(233, 160)	b'\xe9\xa0'	5351
5237	(1162, 322)	' action'	5352
5238	(218, 190)	'ھ'	5353
5239	(311, 133)	'迅'	5354
5240	(560, 459)	'akers'	5355
5241	(389, 151)	'弗'	5357
5242	(313, 151)	'宗'	5358
5243	(863, 179)	'ታ'	5359
5244	(4716, 283)	' amazing'	5360
5245	(471, 162)	'ย'	5361
5246	(286, 2693)	' mention'	5362
5247	(2281, 3040)	' League'	5363
5248	(871, 350)	'更是'	5364
5249	(1193, 175)	'唯'	5365
5250	(1459, 1712)	'广州'	5366
5251	(3549, 373)	' victim'	5367
5252	(108, 2764)	'load'	5368
5253	(391, 101)	' Me'	5369
5254	(490, 4362)	' NIGHT'	5370
5255	(3936, 107)	' risk'	5371
5256	(1654, 3868)	'改革'	5372
5257	(438, 163)	'散'	5373
5258	(277, 398)	' bur'	5374
5259	(356, 86)	' TV'	5375
5260	(16004, 52)	' 2014'	5376
5261	(471, 165)	'ล'	5377
5262	(1629, 191)	'腿'	5378
5263	(152, 710)	b'\x98\xd0\xb5'	5379
5264	(566, 168)	'ন'	5380
5265	(1683, 2231)	' wrote'	5381
5266	(464, 3966)	' Donald'	5382
5267	(313, 190)	'宾'	5383
5268	(16028, 1051)	' increase'	5384
5269	(275, 276)	'itor'	5385
5270	(32, 382)	' ver'	5386
5271	(602, 747)	'ир'	5388
5272	(1116, 16013)	' himself'	5389
5273	(1169, 147)	'缓'	5390
5274	(381, 603)	' heart'	5391
5275	(111, 326)	'oid'	5392
5276	(386, 556)	'不可'	5393
5277	(2379, 1249)	'责任'	5394
5278	(822, 137)	'廉'	5395
5279	(354, 274)	' San'	5396
5280	(2260, 620)	'官方'	5397
5281	(4434, 3857)	' Democr'	5398
5282	(278, 1123)	' creat'	5399
5283	(2794, 643)	' development'	5400
5284	(1426, 1971)	'观众'	5401
5285	(2215, 933)	'普通'	5402
5286	(912, 587)	'然后'	5403
5287	(354, 1859)	' School'	5404
5288	(305, 522)	' lab'	5405
5289	(341, 162)	'既'	5406
5290	(121, 285)	'yes'	5407
5291	(644, 191)	'替'	5408
5292	(480, 1434)	'ribe'	5409
5293	(1751, 287)	' died'	5410
5294	(606, 130)	'ં'	5411
5295	(1821, 2479)	' subsc'	5412
5296	(69, 67)	'EC'	5413
5297	(655, 2715)	'主席'	5414
5298	(1330, 721)	'推动'	5415
5299	(32, 1919)	' à'	5416
5300	(2728, 824)	'严重'	5417
5301	(80, 67)	'PC'	5418
5302	(1703, 152)	' መ'	5419
5303	(606, 174)	'મ'	5420
5304	(657, 1381)	'开放'	5421
5305	(80, 603)	'Part'	5422
5306	(264, 3267)	' sorry'	5423
5307	(256, 1874)	' takes'	5424
5308	(258, 110)	'inn'	5425
5309	(362, 142)	'野'	5428
5310	(1000, 4417)	'保障'	5429
5311	(1115, 99)	' Inc'	5430
5312	(1969, 1742)	'测试'	5431
5313	(586, 152)	'መ'	5432
5314	(320, 118)	'lev'	5433
5315	(641, 543)	' Oct'	5434
5316	(230, 135)	b'\xe6\x87'	5435
5317	(799, 182)	'零'	5436
5318	(751, 894)	'说明'	5437
5319	(264, 583)	' squ'	5438
5320	(2731, 153)	'蒙'	5439
5321	(369, 267)	'iger'	5440
5322	(1229, 271)	' feat'	5441
5323	(428, 1138)	'上周'	5442
5324	(4049, 446)	' Calif'	5444
5325	(257, 729)	' age'	5445
5326	(1201, 320)	' role'	5446
5327	(391, 423)	' Mus'	5447
5328	(1265, 172)	'硬'	5448
5329	(859, 816)	'venue'	5449
5330	(799, 170)	'雪'	5450
5331	(16069, 423)	' focus'	5451
5332	(862, 139)	'恋'	5452
5333	(976, 518)	'只能'	5453
5334	(2204, 3900)	' global'	5454
5335	(54, 54)	'66'	5455
5336	(3246, 441)	' investigation'	5456
5337	(710, 879)	'ел'	5457
5338	(723, 130)	'涂'	5458
5339	(1034, 1332)	' Thank'	5459
5340	(969, 171)	'ያ'	5460
5341	(264, 105)	' si'	5461
5342	(97, 326)	'aid'	5462
5343	(2115, 336)	'另一'	5463
5344	(2176, 777)	'适合'	5464
5345	(293, 107)	'alk'	5465
5346	(313, 135)	'宇'	5466
5347	(109, 283)	'ming'	5467
5348	(277, 2129)	' box'	5468
5349	(195, 168)	'è'	5469
5350	(292, 1486)	' town'	5470
5351	(1327, 1336)	'组图'	5472
5352	(1160, 737)	" couldn't"	5473
5353	(1046, 1216)	' amount'	5474
5354	(790, 1267)	'法院'	5475
5355	(466, 51)	' 23'	5476
5356	(1766, 608)	' weekend'	5477
5357	(1645, 16120)	'深圳'	5478
5358	(289, 418)	' oil'	5479
5359	(1011, 184)	' ਸ'	5480
5360	(77, 80)	'MP'	5481
5361	(1082, 171)	'漫'	5482
5362	(823, 1920)	'位置'	5483
5363	(802, 151)	'し'	5484
5364	(380, 153)	'孙'	5485
5365	(1102, 1621)	'无论'	5486
5366	(280, 166)	'亦'	5487
5367	(356, 111)	' To'	5488
5368	(84, 72)	'TH'	5489
5369	(611, 817)	' plans'	5490
5370	(375, 107)	'unk'	5491
5371	(69, 120)	'Ex'	5492
5372	(2311, 1949)	' specific'	5493
5373	(318, 83)	' IS'	5494
5374	(589, 181)	' व'	5495
5375	(1092, 139)	'ੋ'	5496
5376	(464, 328)	' Day'	5497
5377	(1698, 287)	' posted'	5498
5378	(546, 288)	' var'	5499
5379	(921, 1488)	' usually'	5500
5380	(410, 140)	'册'	5501
5381	(1009, 1151)	' incident'	5502
5382	(505, 97)	'anda'	5503
5383	(333, 2769)	' review'	5504
5384	(1279, 129)	'禁'	5505
5385	(601, 272)	'高的'	5506
5386	(1364, 804)	'程度'	5507
5387	(794, 184)	'胸'	5508
5388	(709, 700)	'同比'	5509
5389	(1586, 1311)	'走势'	5510
5390	(1693, 130)	'暂'	5511
5391	(403, 167)	'巧'	5512
5392	(3650, 553)	'毕业'	5513
5393	(1401, 184)	'脸'	5514
5394	(999, 1313)	'建立'	5515
5395	(1693, 151)	'暗'	5516
5396	(627, 1322)	'اد'	5517
5397	(84, 111)	'To'	5518
5398	(2484, 187)	'翻'	5519
5399	(3854, 3240)	' January'	5520
5400	(2155, 390)	'命中'	5521
5401	(305, 967)	' log'	5522
5402	(102, 1047)	'ford'	5523
5403	(2020, 620)	'警方'	5524
5404	(779, 1462)	'平米'	5525
5405	(2834, 4901)	' parents'	5526
5406	(70, 76)	'FL'	5528
5407	(622, 1078)	' above'	5529
5408	(1580, 135)	' ч'	5530
5409	(570, 176)	'ర'	5531
5410	(692, 160)	'侠'	5532
5411	(104, 104)	'hh'	5533
5412	(418, 116)	'ilt'	5534
5413	(851, 744)	'心理'	5535
5414	(99, 121)	'cy'	5536
5415	(1613, 910)	'住房'	5537
5416	(3295, 1876)	'吸引'	5538
5417	(1718, 1181)	b'\xe0\xa4\xb0\xe0\xa5\x8d\xe0\xa4'	5539
5418	(645, 151)	'洗'	5540
5419	(365, 310)	'room'	5541
5420	(368, 157)	'帝'	5542
5421	(1053, 397)	'让人'	5543
5422	(4994, 889)	' website'	5544
5423	(830, 3945)	'利润'	5545
5424	(1126, 3860)	'英寸'	5546
5425	(778, 180)	'援'	5547
5426	(257, 3764)	' ahead'	5548
5427	(3135, 816)	' value'	5549
5428	(1198, 777)	'联合'	5550
5429	(264, 2747)	' sounds'	5551
5430	(1125, 183)	'混'	5552
5431	(388, 144)	'徐'	5553
5432	(1549, 3140)	'几乎'	5554
5433	(51, 56)	'38'	5555
5434	(629, 168)	'ਨ'	5556
5435	(511, 4632)	' self'	5557
5436	(844, 776)	'看好'	5558
5437	(1343, 272)	'他们的'	5559
5438	(684, 721)	'自动'	5560
5439	(1011, 185)	' ਹ'	5561
5440	(2643, 156)	'榜'	5562
5441	(2522, 2884)	' represent'	5563
5442	(195, 170)	'ê'	5564
5443	(2433, 2769)	' interview'	5565
5444	(2594, 331)	' nearly'	5566
5445	(1854, 97)	'iya'	5567
5446	(660, 773)	'作品'	5568
5447	(2495, 4142)	' correct'	5569
5448	(640, 506)	'就会'	5570
5449	(2689, 4363)	' situation'	5571
5450	(282, 626)	' fast'	5572
5451	(278, 293)	' cal'	5573
5452	(1593, 2335)	'太阳'	5574
5453	(323, 170)	'प'	5575
5454	(471, 180)	'ิ'	5576
5455	(436, 271)	' Pat'	5577
5456	(1625, 1790)	'精神'	5578
5457	(1243, 137)	'粉'	5579
5458	(1535, 1721)	'快速'	5580
5459	(1701, 48)	' 80'	5581
5460	(1325, 767)	'每天'	5582
5461	(699, 1022)	'机身'	5583
5462	(218, 175)	'گ'	5584
5463	(3290, 2076)	'丰富'	5585
5464	(233, 158)	b'\xe9\x9e'	5586
5465	(282, 1660)	' fix'	5587
5466	(314, 100)	' nd'	5588
5467	(121, 111)	'yo'	5589
5468	(1997, 293)	' personal'	5590
5469	(468, 573)	'以下'	5591
5470	(1735, 287)	' looked'	5592
5471	(629, 164)	'ਤ'	5593
5472	(52, 56)	'48'	5594
5473	(1258, 134)	'摆'	5595
5474	(330, 97)	'ota'	5596
5475	(470, 404)	' With'	5597
5476	(969, 176)	'ደ'	5598
5477	(1015, 267)	'anger'	5599
5478	(2341, 156)	'潜'	5600
5479	(377, 4804)	' Court'	5601
5480	(839, 901)	'ین'	5602
5481	(427, 2265)	'年轻'	5603
5482	(308, 682)	'icks'	5604
5483	(442, 111)	' ko'	5605
5484	(98, 276)	'bor'	5607
5485	(2417, 742)	' educ'	5608
5486	(549, 132)	'俄'	5609
5487	(268, 1222)	' wish'	5610
5488	(2430, 2566)	'突破'	5611
5489	(195, 178)	'ò'	5612
5490	(1494, 399)	'like'	5613
5491	(656, 141)	'遍'	5615
5492	(1831, 963)	'维持'	5616
5493	(1811, 48)	' 90'	5617
5494	(450, 2140)	'olute'	5618
5495	(1717, 3098)	'防守'	5619
5496	(938, 272)	'公司的'	5620
5497	(4508, 1068)	' military'	5621
5498	(1146, 149)	' ક'	5622
5499	(739, 147)	'晓'	5623
5500	(332, 267)	'eter'	5624
5501	(427, 520)	'年来'	5625
5502	(953, 190)	'爾'	5626
5503	(291, 2759)	' drop'	5627
5504	(874, 922)	' knew'	5628
5505	(52, 54)	'46'	5629
5506	(1016, 933)	'交通'	5630
5507	(291, 774)	' div'	5631
5508	(103, 97)	'ga'	5632
5509	(645, 129)	'洁'	5633
5510	(268, 1651)	' wife'	5634
5511	(16046, 738)	' Russia'	5635
5512	(793, 154)	'姚'	5636
5513	(397, 1080)	'人物'	5637
5514	(1793, 16119)	'希腊'	5638
5515	(487, 180)	'浴'	5639
5516	(471, 148)	'ด'	5640
5517	(467, 1214)	'时代'	5641
5518	(1654, 1282)	'改变'	5642
5519	(3544, 283)	' shooting'	5643
5520	(511, 859)	' seven'	5644
5521	(940, 107)	' thank'	5645
5522	(117, 120)	'ux'	5646
5523	(264, 2141)	' suff'	5647
5524	(32, 326)	' id'	5649
5525	(3616, 2723)	' football'	5651
5526	(932, 109)	' imm'	5652
5527	(1538, 330)	' phot'	5653
5528	(482, 136)	'呈'	5654
5529	(1130, 162)	'钢'	5655
5530	(2802, 2221)	' Canada'	5656
5531	(1870, 3195)	' countries'	5657
5532	(1401, 177)	'脱'	5658
5533	(53, 53)	'55'	5659
5534	(353, 1287)	'ached'	5660
5535	(1070, 1132)	'网游'	5661
5536	(291, 369)	' dig'	5662
5537	(109, 301)	'mas'	5663
5538	(1692, 1263)	'采取'	5664
5539	(383, 105)	'iri'	5665
5540	(863, 160)	'በ'	5666
5541	(348, 121)	'ady'	5667
5542	(1614, 16089)	' financial'	5668
5543	(998, 121)	'avy'	5669
5544	(866, 147)	'染'	5671
5545	(87, 404)	'With'	5673
5546	(45, 56)	'-8'	5674
5547	(620, 1630)	'方案'	5675
5548	(1112, 135)	'與'	5676
5549	(1048, 129)	'ુ'	5677
5550	(799, 168)	'雨'	5678
5551	(67, 67)	'CC'	5679
5552	(606, 149)	'ક'	5680
5553	(111, 331)	'oly'	5681
5554	(284, 724)	' pub'	5682
5555	(2342, 116)	' capt'	5683
5556	(106, 97)	'ja'	5684
5557	(2672, 322)	' election'	5685
5558	(1126, 3503)	'英語'	5686
5559	(588, 626)	' East'	5687
5560	(504, 489)	' shop'	5688
5561	(977, 746)	' ground'	5689
5562	(100, 97)	'da'	5690
5563	(641, 80)	' OP'	5691
5564	(71, 332)	'Get'	5692
5565	(378, 397)	'有人'	5693
5566	(1510, 1225)	'户型'	5694
5567	(316, 279)	' gen'	5695
5568	(592, 617)	' exist'	5696
5569	(4423, 1311)	'趋势'	5697
5570	(311, 185)	'迹'	5698
5571	(573, 520)	'下来'	5699
5572	(1198, 3052)	'联盟'	5700
5573	(16014, 1499)	' product'	5701
5574	(258, 287)	'ined'	5702
5575	(275, 285)	'ites'	5703
5576	(615, 633)	' Jack'	5704
5577	(1705, 267)	' longer'	5705
5578	(663, 2389)	'最佳'	5706
5579	(3137, 1592)	' type'	5707
5580	(1058, 477)	' score'	5708
5581	(576, 837)	'多数'	5709
5582	(1105, 1399)	'制造'	5710
5583	(2206, 370)	'ribut'	5711
5584	(945, 486)	'提出'	5712
5585	(4375, 144)	'에'	5714
5586	(685, 100)	' word'	5715
5587	(2212, 163)	'董'	5716
5588	(601, 1676)	'高清'	5717
5589	(114, 310)	'rom'	5718
5590	(442, 119)	' kw'	5719
5591	(1595, 16080)	'娱乐'	5720
5592	(422, 166)	'账'	5721
5593	(309, 128)	'刀'	5722
5594	(2519, 505)	' demand'	5723
5595	(16050, 98)	' doub'	5725
5596	(698, 131)	'ස'	5726
5597	(504, 4314)	' shares'	5727
5598	(438, 172)	'敬'	5728
5599	(3343, 992)	' performance'	5730
5600	(1652, 160)	'珠'	5731
5601	(4147, 771)	'肯定'	5732
5602	(2331, 1600)	'索尼'	5733
5603	(2343, 293)	' legal'	5735
5604	(2423, 276)	' director'	5736
5605	(743, 75)	' UK'	5737
5606	(862, 182)	'恶'	5738
5607	(4245, 320)	' title'	5739
5608	(278, 352)	' cam'	5740
5609	(1144, 789)	'具体'	5741
5610	(55, 54)	'76'	5742
5611	(378, 336)	'有一'	5743
5612	(698, 153)	'ෙ'	5744
5613	(32, 1837)	' 0.'	5745
5614	(1143, 1399)	'打造'	5746
5615	(83, 84)	'ST'	5747
5616	(1112, 146)	'舒'	5748
5617	(571, 780)	'成长'	5750
5618	(3674, 4218)	' potential'	5751
5619	(278, 505)	' cand'	5752
5620	(1052, 101)	' twe'	5753
5621	(376, 103)	' Ag'	5754
5622	(4105, 121)	' policy'	5755
5623	(323, 163)	'ण'	5756
5624	(3289, 1929)	'冠军'	5757
5625	(448, 145)	'树'	5758
5626	(386, 667)	'不得'	5759
5627	(1674, 2081)	' regular'	5760
5628	(316, 4988)	' gonna'	5761
5629	(1356, 1110)	' address'	5762
5630	(65, 312)	'All'	5763
5631	(281, 99)	'isc'	5764
5632	(109, 265)	'mon'	5765
5633	(277, 271)	' bat'	5766
5634	(3550, 146)	'醒'	5767
5635	(529, 993)	'行政'	5769
5636	(3017, 908)	'姆斯'	5770
5637	(486, 1411)	'出口'	5771
5638	(726, 506)	'都会'	5772
5639	(79, 1209)	'One'	5774
5640	(277, 1332)	' bank'	5775
5641	(533, 1188)	' safe'	5776
5642	(363, 153)	'伙'	5777
5643	(1008, 293)	' Val'	5778
5644	(1855, 1220)	'照片'	5779
5645	(3051, 4331)	' received'	5780
5646	(218, 147)	'ړ'	5781
5647	(707, 160)	'池'	5782
5648	(692, 167)	'侧'	5783
5649	(1092, 176)	'ੰ'	5784
5650	(4561, 1247)	' travel'	5785
5651	(412, 138)	'床'	5786
5652	(121, 274)	'yan'	5787
5653	(195, 180)	'ô'	5788
5654	(3138, 2849)	' Minister'	5789
5655	(1154, 2137)	' however'	5790
5656	(410, 172)	'冬'	5791
5657	(345, 108)	'owl'	5792
5658	(1605, 283)	' starting'	5793
5659	(376, 543)	' Act'	5794
5660	(3137, 112)	' typ'	5795
5661	(3940, 1087)	' summer'	5796
5662	(264, 320)	' sle'	5797
5663	(291, 485)	' dest'	5798
5664	(256, 265)	' ton'	5799
5665	(967, 110)	'ogn'	5800
5666	(1193, 144)	'唐'	5801
5667	(119, 762)	'wood'	5802
5668	(683, 135)	'妇'	5803
5669	(282, 16075)	' federal'	5804
5670	(112, 331)	'ply'	5805
5671	(4848, 2261)	' relationship'	5806
5672	(1308, 579)	'光学'	5807
5673	(2318, 324)	' drive'	5808
5674	(434, 353)	' rac'	5809
5675	(1538, 2684)	' photo'	5810
5676	(418, 1680)	'ilities'	5811
5677	(1814, 173)	'饭'	5812
5678	(278, 4501)	' circ'	5813
5679	(277, 2216)	' bott'	5814
5680	(615, 101)	' Je'	5815
5681	(161, 430)	b'\xa1\xe1\x80'	5817
5682	(754, 167)	'ට'	5818
5683	(879, 2170)	'лар'	5819
5684	(1112, 185)	'船'	5820
5685	(1016, 1405)	'交流'	5821
5686	(296, 165)	'句'	5824
5687	(873, 3690)	' quality'	5825
5688	(639, 301)	' meas'	5826
5689	(890, 3718)	' Street'	5828
5690	(231, 158)	b'\xe7\x9e'	5829
5691	(3671, 112)	' susp'	5830
5692	(3373, 963)	'坚持'	5831
5693	(1020, 144)	'ነ'	5832
5694	(5001, 612)	' straight'	5833
5695	(1003, 914)	' contact'	5834
5696	(282, 478)	' fem'	5835
5697	(589, 176)	' र'	5836
5698	(1066, 786)	'海外'	5837
5699	(343, 1087)	' emer'	5838
5700	(436, 267)	' Per'	5839
5701	(2705, 134)	' چ'	5840
5702	(438, 143)	'敏'	5841
5703	(338, 140)	'\u200c'	5842
5704	(782, 1422)	'raft'	5843
5705	(16061, 678)	' picture'	5844
5706	(258, 441)	'ination'	5845
5707	(1521, 1920)	'配置'	5846
5708	(707, 189)	'汽'	5847
5709	(119, 111)	'wo'	5848
5710	(1538, 1619)	' phys'	5849
5711	(883, 272)	'基金的'	5850
5712	(297, 288)	' har'	5851
5713	(1363, 987)	'演员'	5852
5714	(1541, 877)	'爱情'	5853
5715	(1744, 136)	'ገ'	5854
5716	(323, 181)	'व'	5855
5717	(629, 185)	'ਹ'	5856
5718	(293, 116)	'alt'	5857
5719	(1466, 163)	'患'	5858
5720	(533, 102)	' saf'	5859
5721	(338, 152)	'‘'	5860
5722	(1815, 2077)	'ার'	5862
5723	(1093, 110)	'ən'	5863
5724	(508, 173)	' ح'	5864
5725	(1763, 345)	' below'	5865
5726	(2097, 649)	' по'	5866
5727	(298, 153)	'仙'	5868
5728	(281, 285)	'ises'	5869
5729	(387, 163)	'扣'	5870
5730	(51, 57)	'39'	5871
5731	(277, 274)	' ban'	5872
5732	(377, 748)	' Cong'	5873
5733	(639, 604)	' meant'	5874
5734	(51, 50)	'32'	5875
5735	(1362, 168)	'骨'	5876
5736	(257, 673)	' aud'	5877
5737	(592, 16098)	' execut'	5878
5738	(845, 166)	'锦'	5879
5739	(98, 2129)	'box'	5880
5740	(343, 612)	' eight'	5881
5741	(387, 174)	'扮'	5882
5742	(4805, 397)	'主持人'	5883
5743	(828, 480)	' arri'	5884
5744	(314, 441)	' nation'	5885
5745	(420, 655)	'为主'	5886
5746	(216, 186)	'غ'	5887
5747	(114, 473)	'rup'	5888
5748	(278, 1290)	' cult'	5889
5749	(1580, 141)	' э'	5890
5750	(4296, 322)	' version'	5891
5751	(1273, 1317)	'首先'	5893
5752	(1105, 804)	'制度'	5894
5753	(284, 875)	' page'	5895
5754	(1613, 4241)	'住宅'	5896
5755	(3878, 1758)	' involved'	5897
5756	(657, 486)	'开出'	5898
5757	(360, 162)	'订'	5899
5758	(3977, 324)	' improve'	5900
5759	(336, 809)	'一名'	5901
5760	(1078, 728)	'overed'	5902
5761	(585, 1548)	' living'	5903
5762	(398, 293)	'ural'	5904
5763	(368, 133)	'帅'	5905
5764	(512, 2039)	' comments'	5906
5765	(279, 283)	'ening'	5907
5766	(3363, 285)	' sales'	5908
5767	(466, 56)	' 28'	5909
5768	(4552, 111)	'ão'	5910
5769	(336, 427)	'一年'	5911
5770	(4970, 5163)	' difficult'	5912
5771	(4228, 1957)	' December'	5913
5772	(991, 48)	'2000'	5915
5773	(377, 473)	' Cup'	5916
5774	(313, 171)	'宫'	5917
5775	(334, 331)	'ently'	5918
5776	(1041, 492)	'商家'	5919
5777	(121, 283)	'ying'	5920
5778	(825, 518)	'性能'	5921
5779	(872, 557)	'三分'	5922
5780	(1827, 1900)	'涨幅'	5923
5781	(45, 321)	'-st'	5924
5782	(2521, 138)	'熊'	5925
5783	(887, 1437)	'第四'	5927
5784	(3796, 1109)	'附近'	5928
5785	(3849, 419)	'韩国'	5929
5786	(3405, 3500)	' technology'	5930
5787	(216, 181)	'ص'	5931
5788	(577, 185)	'筹'	5932
5789	(554, 766)	' deep'	5933
5790	(389, 131)	'弃'	5934
5791	(297, 16083)	' hospital'	5935
5792	(2819, 1190)	'赔率'	5936
5793	(69, 76)	'EL'	5937
5794	(4134, 140)	'嫌'	5938
5795	(471, 151)	'ท'	5939
5796	(1459, 1219)	'广东'	5940
5797	(779, 1275)	'平台'	5941
5798	(1109, 540)	'近日'	5942
5799	(16094, 267)	' answer'	5943
5800	(1104, 168)	'ान'	5944
5801	(705, 100)	'rend'	5945
5802	(1709, 914)	' impact'	5946
5803	(1353, 160)	' አ'	5947
5804	(2348, 782)	' extra'	5948
5805	(419, 786)	'国外'	5949
5806	(883, 3293)	'基金经理'	5950
5807	(282, 105)	' fi'	5951
5808	(490, 345)	' Now'	5952
5809	(442, 274)	' kan'	5953
5810	(2114, 115)	' hands'	5954
5811	(2005, 121)	' ready'	5955
5812	(286, 1957)	' member'	5956
5813	(2596, 117)	' Qu'	5957
5814	(109, 477)	'more'	5958
5815	(1426, 815)	'观点'	5959
5816	(16122, 643)	'vironment'	5960
5817	(458, 283)	'aging'	5961
5818	(3547, 527)	' products'	5962
5819	(717, 191)	'偿'	5963
5820	(98, 398)	'bur'	5964
5821	(503, 1345)	'ав'	5965
5822	(98, 111)	'bo'	5966
5823	(2913, 1319)	'净值'	5967
5824	(296, 172)	'召'	5968
5825	(2487, 919)	' questions'	5969
5826	(1457, 1179)	'升级'	5970
5827	(267, 367)	"er's"	5971
5828	(1036, 165)	'桥'	5972
5829	(542, 762)	' Good'	5973
5830	(216, 183)	'ط'	5974
5831	(257, 431)	' ach'	5975
5832	(785, 16013)	' yourself'	5976
5833	(514, 118)	' conv'	5977
5834	(434, 348)	' rad'	5978
5835	(1410, 287)	'ocked'	5979
5836	(1375, 146)	'を'	5980
5837	(3198, 1672)	' international'	5981
5838	(333, 324)	' reve'	5982
5839	(965, 4981)	' themselves'	5983
5840	(592, 4630)	' example'	5984
5841	(580, 159)	'ட'	5985
5842	(98, 108)	'bl'	5986
5843	(413, 148)	'途'	5987
5844	(436, 603)	' Part'	5988
5845	(264, 1200)	' swe'	5989
5846	(754, 189)	'ල'	5990
5847	(856, 108)	' compl'	5991
5848	(1404, 2496)	'装修'	5992
5849	(542, 719)	' God'	5993
5850	(1237, 1004)	'那些'	5994
5851	(5135, 46)	'www.'	5995
5852	(351, 179)	'乳'	5996
5853	(3881, 331)	' completely'	5997
5854	(46, 50)	'.2'	5998
5855	(458, 97)	'aga'	5999
5856	(3610, 390)	'过程中'	6000
5857	(52, 57)	'49'	6001
5858	(417, 365)	' Bro'	6002
5859	(1573, 1029)	' email'	6003
5860	(2716, 521)	'绝对'	6005
5861	(571, 396)	'成了'	6006
5862	(590, 506)	'也会'	6007
5863	(698, 147)	'ී'	6008
5864	(348, 104)	'adh'	6009
5865	(1023, 115)	'orms'	6010
5866	(905, 843)	'报价'	6011
5867	(323, 166)	'द'	6012
5868	(978, 1754)	'意见'	6013
5869	(1493, 1656)	'热火'	6014
5870	(258, 682)	'inks'	6015
5871	(1027, 4347)	' results'	6016
5872	(1144, 1509)	'具备'	6017
5873	(2342, 2236)	' capital'	6018
5874	(1105, 660)	'制作'	6019
5875	(681, 506)	'将会'	6020
5876	(287, 115)	'eds'	6021
5877	(4809, 608)	' recommend'	6022
5878	(105, 3508)	'ique'	6023
5879	(586, 139)	'ላ'	6024
5880	(3492, 185)	'詹'	6025
5881	(1910, 1333)	'降低'	6026
5882	(290, 177)	'朱'	6027
5883	(1129, 1408)	' applic'	6028
5884	(16021, 2227)	' problems'	6029
5885	(16144, 3704)	'西班牙'	6030
5886	(46, 49)	'.1'	6031
5887	(1678, 681)	'即将'	6032
5888	(16079, 411)	' character'	6033
5889	(789, 1892)	'体育'	6034
5890	(1304, 2685)	'世纪'	6035
5891	(901, 1322)	'ند'	6036
5892	(284, 398)	' pur'	6037
5893	(289, 108)	' ol'	6038
5894	(502, 171)	'毫'	6039
5895	(1620, 499)	' consum'	6040
5896	(1440, 503)	'га'	6041
5897	(293, 287)	'aled'	6042
5898	(387, 172)	'扬'	6043
5899	(1780, 587)	'随后'	6044
5900	(258, 121)	'iny'	6045
5901	(761, 428)	'加上'	6046
5902	(4639, 431)	' touch'	6047
5903	(3759, 69)	' THE'	6048
5904	(119, 934)	'ware'	6049
5905	(554, 121)	' dey'	6050
5906	(107, 121)	'ky'	6051
5907	(114, 612)	'right'	6052
5908	(16020, 283)	' giving'	6053
5909	(4329, 3099)	' original'	6054
5910	(376, 80)	' AP'	6055
5911	(1458, 180)	' ප'	6056
5912	(3422, 267)	' Center'	6057
5913	(217, 190)	'پ'	6058
5914	(569, 170)	'沪'	6059
5915	(372, 156)	'杜'	6060
5916	(1221, 149)	' ক'	6061
5917	(638, 682)	'ocks'	6062
5918	(1113, 2652)	'战略'	6063
5919	(1982, 16125)	' response'	6064
5920	(4381, 521)	'针对'	6065
5921	(3063, 2081)	' popular'	6066
5922	(547, 156)	'颜'	6067
5923	(1844, 287)	'anned'	6068
5924	(570, 178)	'ల'	6069
5925	(45, 54)	'-6'	6070
5926	(16126, 604)	' significant'	6071
5927	(761, 911)	'加入'	6072
5928	(313, 143)	'宏'	6073
5929	(4287, 519)	' private'	6074
5930	(466, 55)	' 27'	6075
5931	(574, 322)	'ession'	6076
5932	(370, 459)	'uters'	6077
5933	(717, 182)	'偶'	6078
5934	(104, 1238)	'hold'	6079
5935	(294, 373)	' anim'	6080
5936	(525, 180)	'阴'	6081
5937	(275, 97)	'ita'	6082
5938	(914, 322)	'action'	6083
5939	(434, 1796)	' range'	6084
5940	(65, 928)	'After'	6085
5941	(272, 655)	'的主'	6086
5942	(3509, 16136)	' February'	6087
5943	(284, 320)	' ple'	6088
5944	(546, 2231)	' vote'	6089
5945	(589, 166)	' द'	6090
5946	(996, 153)	'裙'	6091
5947	(595, 1176)	'公安'	6092
5948	(323, 154)	'च'	6093
5949	(256, 548)	' tour'	6094
5950	(434, 954)	' race'	6095
5951	(16081, 133)	'★'	6096
5952	(714, 272)	'期的'	6097
5953	(3030, 4949)	'编辑'	6098
5954	(614, 1990)	'经历'	6099
5955	(376, 78)	' AN'	6100
5956	(16037, 131)	' ස'	6101
5957	(468, 587)	'以后'	6102
5958	(1467, 265)	' common'	6103
5959	(1137, 602)	'ди'	6104
5960	(296, 182)	'叶'	6105
5961	(231, 146)	b'\xe7\x92'	6107
5962	(232, 179)	b'\xe8\xb3'	6108
5963	(1063, 1077)	'正常'	6109
5964	(531, 97)	' La'	6110
5965	(45, 473)	'-up'	6111
5966	(4412, 326)	' David'	6112
5967	(263, 108)	'rel'	6114
5968	(585, 1891)	' lives'	6115
5969	(823, 2472)	'位於'	6116
5970	(1513, 910)	'票房'	6117
5971	(629, 184)	'ਸ'	6118
5972	(2950, 2950)	'        '	6119
5973	(390, 1232)	'中华'	6120
5974	(377, 1071)	' Coll'	6121
5975	(2048, 1120)	'债务'	6122
5976	(1756, 704)	'ын'	6123
5977	(71, 66)	'GB'	6124
5978	(918, 775)	'事实'	6125
5979	(32, 418)	' il'	6126
5980	(314, 104)	' nh'	6127
5981	(387, 129)	'扁'	6128
5982	(16039, 285)	' changes'	6129
5983	(695, 3021)	'面临'	6130
5984	(277, 406)	' bill'	6131
5985	(521, 620)	'对方'	6132
5986	(78, 3270)	'NBA'	6133
5987	(1155, 115)	'nings'	6134
5988	(589, 156)	' ज'	6135
5989	(750, 128)	'址'	6136
5990	(3717, 119)	' draw'	6139
5991	(766, 608)	'epend'	6140
5992	(801, 320)	'iple'	6141
5993	(4163, 1113)	'挑战'	6142
5994	(333, 1005)	' reach'	6143
5995	(802, 166)	'て'	6144
5996	(282, 4490)	' felt'	6145
5997	(521, 864)	'对此'	6146
5998	(606, 181)	'વ'	6147
5999	(1299, 777)	'结合'	6148
6000	(354, 4773)	' Sept'	6149
6001	(264, 635)	' sort'	6150
6002	(412, 132)	'庄'	6152
6003	(996, 164)	'裤'	6153
6004	(16019, 345)	' follow'	6154
6005	(338, 162)	'•'	6155
6006	(615, 5201)	' Japan'	6156
6007	(65, 68)	'AD'	6157
6008	(73, 109)	'Im'	6158
6009	(97, 1342)	'arent'	6159
6010	(1504, 2192)	' کے'	6160
6011	(466, 57)	' 29'	6161
6012	(4085, 1076)	'截至'	6163
6013	(882, 163)	'督'	6164
6014	(1091, 597)	'股市'	6165
6015	(1253, 665)	'费用'	6166
6016	(558, 170)	'枪'	6167
6017	(323, 151)	'ग'	6168
6018	(740, 1826)	'资料'	6169
6019	(580, 169)	'ன'	6170
6020	(82, 73)	'RI'	6171
6021	(52, 55)	'47'	6172
6022	(5305, 331)	'Partly'	6173
6023	(620, 1244)	'方向'	6174
6024	(626, 308)	'astic'	6175
6025	(1184, 283)	' seeing'	6176
6026	(688, 3419)	' allowed'	6177
6027	(277, 673)	' bud'	6178
6028	(1018, 112)	' prep'	6179
6029	(900, 115)	' ens'	6180
6030	(114, 352)	'ram'	6181
6031	(341, 166)	'旦'	6182
6032	(98, 287)	'bed'	6183
6033	(434, 274)	' ran'	6184
6034	(256, 398)	' tur'	6185
6035	(881, 397)	'两人'	6186
6036	(384, 173)	'凭'	6187
6037	(2646, 519)	' create'	6188
6038	(1626, 775)	'真实'	6189
6039	(2175, 274)	' clean'	6190
6040	(531, 16134)	' London'	6191
6041	(382, 116)	'vert'	6192
6042	(677, 3040)	' league'	6193
6043	(466, 54)	' 26'	6194
6044	(306, 134)	'圆'	6195
6045	(438, 140)	'敌'	6196
6046	(279, 287)	'ened'	6197
6047	(351, 177)	'乱'	6198
6048	(685, 3194)	' words'	6199
6049	(273, 108)	'oul'	6200
6050	(629, 130)	'ਂ'	6201
6051	(915, 2018)	' prices'	6202
6052	(276, 925)	'order'	6203
6053	(5324, 16139)	' California'	6204
6054	(378, 800)	'有所'	6205
6055	(488, 301)	' areas'	6206
6056	(271, 105)	'ati'	6207
6057	(545, 4570)	'发挥'	6208
6058	(619, 1214)	'现代'	6209
6059	(3526, 716)	'促进'	6210
6060	(471, 176)	'ะ'	6211
6061	(935, 166)	'邦'	6212
6062	(4041, 485)	' honest'	6213
6063	(1327, 777)	'组合'	6214
6064	(632, 3174)	' training'	6215
6065	(116, 308)	'tic'	6216
6066	(114, 115)	'rs'	6217
6067	(1519, 166)	'韦'	6218
6068	(2834, 326)	' paid'	6219
6069	(1201, 312)	' roll'	6220
6070	(476, 156)	'拜'	6221
6071	(4548, 889)	' favorite'	6222
6072	(1857, 267)	' leader'	6223
6073	(1495, 154)	'楚'	6224
6074	(2084, 161)	'堡'	6225
6075	(291, 519)	' date'	6226
6076	(4892, 494)	' August'	6227
6077	(969, 181)	'ድ'	6228
6078	(1088, 1358)	'女士'	6229
6079	(463, 267)	' Her'	6231
6080	(421, 108)	' wel'	6232
6081	(932, 458)	' imag'	6233
6082	(3892, 97)	' Korea'	6234
6083	(301, 107)	'ask'	6235
6084	(1534, 1317)	'领先'	6236
6085	(111, 101)	'oe'	6237
6086	(276, 729)	'orge'	6238
6087	(332, 365)	'etro'	6239
6088	(16025, 485)	' request'	6240
6089	(39, 110)	"'n"	6241
6090	(291, 117)	' du'	6242
6091	(2539, 2684)	' Photo'	6243
6092	(2736, 287)	' turned'	6244
6093	(1674, 322)	' region'	6245
6094	(1599, 16145)	'双色球'	6246
6095	(333, 98)	' reb'	6247
6096	(1583, 156)	'搜'	6248
6097	(960, 1204)	'并没有'	6249
6098	(1911, 16124)	' biggest'	6250
6099	(615, 1737)	' James'	6251
6100	(2464, 272)	'不同的'	6252
6101	(428, 2745)	'上午'	6253
6102	(1011, 168)	' ਨ'	6254
6103	(85, 110)	'Un'	6255
6104	(1058, 3283)	' scene'	6256
6105	(104, 274)	'han'	6257
6106	(45, 258)	'-in'	6258
6107	(118, 485)	'vest'	6259
6108	(45, 103)	'-g'	6260
6109	(688, 345)	' allow'	6261
6110	(3367, 529)	'执行'	6262
6111	(514, 1310)	' convers'	6263
6112	(4491, 430)	b'\xe1\x80\xbc\xe1\x80'	6264
6113	(593, 100)	' ord'	6265
6114	(1727, 1399)	'创造'	6266
6115	(110, 104)	'nh'	6267
6116	(83, 600)	'Some'	6268
6117	(1212, 152)	'默'	6269
6118	(368, 149)	'帕'	6270
6119	(1003, 3532)	' contract'	6271
6120	(716, 2396)	'进攻'	6272
6121	(293, 285)	'ales'	6273
6122	(713, 4831)	' spokes'	6274
6123	(1055, 851)	'信心'	6275
6124	(106, 101)	'je'	6276
6125	(1458, 154)	' ක'	6277
6126	(3236, 115)	' winds'	6278
6127	(66, 73)	'BI'	6279
6128	(434, 2738)	' rights'	6280
6129	(2149, 1696)	'满足'	6281
6130	(3815, 397)	'负责人'	6282
6131	(713, 330)	' spot'	6283
6132	(3546, 400)	'扩大'	6284
6133	(664, 100)	' god'	6285
6134	(1583, 186)	'携'	6286
6135	(1558, 382)	' cover'	6287
6136	(97, 274)	'aan'	6288
6137	(704, 649)	'но'	6289
6138	(1091, 1552)	'股份'	6290
6139	(457, 184)	'纸'	6291
6140	(2405, 115)	' groups'	6292
6141	(16047, 110)	' learn'	6293
6142	(471, 149)	'ต'	6294
6143	(1625, 1354)	'精彩'	6295
6144	(112, 283)	'ping'	6296
6145	(1745, 1369)	' events'	6297
6146	(2276, 16026)	' obvious'	6298
6147	(529, 877)	'行情'	6299
6148	(232, 157)	b'\xe8\x9d'	6300
6149	(661, 3961)	' cannot'	6301
6150	(1353, 168)	' ከ'	6302
6151	(724, 101)	'ube'	6303
6152	(1802, 831)	' در'	6304
6153	(2634, 397)	'湖人'	6305
6154	(107, 110)	'kn'	6306
6155	(3090, 2137)	' However'	6307
6156	(256, 263)	' tre'	6308
6157	(277, 1252)	' bull'	6309
6158	(48, 56)	'08'	6310
6159	(640, 553)	'就业'	6311
6160	(3076, 1196)	'宣布'	6312
6161	(332, 116)	'ett'	6313
6162	(155, 430)	b'\x9b\xe1\x80'	6314
6163	(69, 79)	'EO'	6315
6164	(972, 331)	'ibly'	6316
6165	(4911, 526)	' Angel'	6317
6166	(196, 141)	'č'	6318
6167	(2893, 1877)	'背景'	6319
6168	(316, 690)	' gone'	6320
6169	(2419, 495)	'找到'	6321
6170	(619, 2054)	'现象'	6322
6171	(750, 143)	'坏'	6323
6172	(385, 1400)	' states'	6324
6173	(97, 275)	'ait'	6325
6174	(912, 689)	'然而'	6326
6175	(710, 1148)	'ек'	6327
6176	(617, 308)	'istic'	6328
6177	(354, 600)	' Some'	6329
6178	(109, 279)	'men'	6330
6179	(284, 3677)	' purch'	6331
6180	(392, 179)	'耳'	6332
6181	(54, 424)	'600'	6333
6182	(882, 161)	'睡'	6334
6183	(664, 374)	' gold'	6335
6184	(503, 944)	'ас'	6336
6185	(2316, 534)	'卫生'	6338
6186	(2876, 397)	'令人'	6339
6187	(777, 709)	'合同'	6340
6188	(712, 101)	' Ke'	6341
6189	(345, 100)	'owd'	6342
6190	(4596, 4543)	'陶瓷'	6343
6191	(274, 111)	'ano'	6344
6192	(2511, 557)	'充分'	6345
6193	(811, 272)	'内的'	6346
6194	(1749, 598)	'它们'	6347
6195	(1744, 141)	'ግ'	6348
6196	(121, 273)	'you'	6349
6197	(427, 623)	'年前'	6350
6198	(276, 103)	'org'	6351
6199	(695, 272)	'面的'	6352
6200	(49, 1266)	'1000'	6353
6201	(267, 324)	'erve'	6354
6202	(114, 283)	'ring'	6355
6203	(415, 181)	'抵'	6356
6204	(388, 140)	'後'	6357
6205	(511, 1872)	' search'	6358
6206	(336, 492)	'一家'	6359
6207	(16077, 2535)	' opportunity'	6360
6208	(1024, 188)	'發'	6361
6209	(396, 888)	'了一个'	6362
6210	(346, 2053)	' began'	6363
6211	(16038, 801)	' particip'	6364
6212	(500, 433)	'ounce'	6365
6213	(98, 505)	'band'	6366
6214	(705, 431)	'rench'	6367
6215	(5214, 441)	' administration'	6368
6216	(114, 1499)	'ruct'	6369
6217	(2890, 283)	' watching'	6370
6218	(52, 424)	'400'	6371
6219	(1070, 428)	'网上'	6372
6220	(614, 1077)	'经常'	6373
6221	(119, 865)	'well'	6374
6222	(325, 180)	'戴'	6375
6223	(1761, 157)	' ዝ'	6376
6224	(284, 728)	' pred'	6377
6225	(278, 2330)	' cross'	6378
6226	(1404, 1509)	'装备'	6379
6227	(1876, 1019)	'引起'	6380
6228	(790, 3213)	'法律'	6381
6229	(490, 332)	' Net'	6382
6230	(2280, 961)	'While'	6383
6231	(68, 80)	'DP'	6384
6232	(540, 623)	'日前'	6385
6233	(461, 173)	'闭'	6386
6234	(754, 175)	'ද'	6387
6235	(327, 1923)	' yeah'	6388
6236	(2262, 115)	' laws'	6389
6237	(1928, 2227)	' terms'	6390
6238	(1667, 1101)	"You're"	6391
6239	(1429, 2009)	'亚洲'	6392
6240	(2628, 272)	'岁的'	6393
6241	(5065, 129)	'繁'	6394
6242	(869, 191)	'矿'	6395
6243	(16003, 153)	'墙'	6396
6244	(108, 612)	'light'	6397
6245	(80, 365)	'Pro'	6398
6246	(2307, 1147)	' Indian'	6399
6247	(596, 3482)	' chief'	6400
6248	(336, 815)	'一点'	6401
6249	(3572, 2585)	'刺激'	6402
6250	(3938, 267)	' Super'	6403
6251	(1798, 790)	'办法'	6404
6252	(721, 660)	'动作'	6405
6253	(1638, 135)	'症'	6406
6254	(1011, 181)	' ਵ'	6407
6255	(540, 886)	'日电'	6408
6256	(647, 178)	'署'	6409
6257	(827, 400)	'很大'	6410
6258	(114, 100)	'rd'	6411
6259	(863, 163)	'ባ'	6412
6260	(73, 77)	'IM'	6413
6261	(286, 1075)	' mob'	6414
6262	(2006, 136)	'иш'	6415
6263	(1564, 617)	' assist'	6416
6264	(1966, 367)	" Trump's"	6417
6265	(546, 738)	' via'	6418
6266	(641, 104)	' Oh'	6419
6267	(471, 154)	'บ'	6420
6268	(519, 382)	'atever'	6421
6269	(837, 1035)	'数量'	6422
6270	(698, 144)	'ැ'	6424
6271	(390, 2043)	'中國'	6425
6272	(4822, 777)	'符合'	6426
6273	(713, 334)	' spent'	6427
6274	(381, 312)	' hell'	6428
6275	(5101, 104)	'ograph'	6429
6276	(1146, 170)	' પ'	6430
6277	(329, 186)	'尺'	6431
6278	(1659, 129)	'梁'	6432
6279	(77, 328)	'May'	6433
6280	(4210, 287)	' alleged'	6434
6281	(580, 179)	'ள'	6435
6282	(4700, 116)	'aught'	6436
6283	(1814, 174)	'饮'	6437
6284	(1058, 2932)	' screen'	6438
6285	(1233, 667)	'使得'	6439
6286	(614, 3088)	'经典'	6440
6287	(77, 101)	'Me'	6441
6288	(903, 2543)	' accept'	6442
6289	(522, 97)	'aba'	6443
6290	(57, 53)	'95'	6444
6291	(469, 179)	' г'	6445
6292	(508, 162)	' آ'	6446
6293	(272, 2991)	'的朋友'	6447
6294	(106, 117)	'ju'	6448
6295	(3851, 1760)	' England'	6449
6296	(853, 623)	'当前'	6450
6297	(313, 160)	'宠'	6451
6298	(3566, 1128)	'享受'	6452
6299	(4283, 3721)	' William'	6453
6300	(1836, 2652)	'策略'	6454
6301	(4557, 506)	'委员会'	6455
6302	(880, 141)	'霍'	6456
6303	(3709, 573)	'旗下'	6457
6304	(282, 263)	' fre'	6458
6305	(910, 784)	'房子'	6459
6306	(105, 332)	'iet'	6460
6307	(353, 484)	'acher'	6461
6308	(617, 274)	'istan'	6462
6309	(282, 2063)	' father'	6463
6310	(1198, 3281)	'联储'	6464
6311	(417, 3398)	' BBC'	6465
6312	(507, 178)	'欲'	6466
6313	(291, 1447)	' dont'	6468
6314	(480, 274)	'rian'	6469
6315	(898, 3853)	'万像素'	6470
6316	(386, 1696)	'不足'	6471
6317	(952, 2121)	'计算'	6472
6318	(463, 281)	' His'	6473
6319	(551, 130)	'挂'	6474
6320	(16037, 128)	' ව'	6475
6321	(824, 607)	'重新'	6476
6322	(1889, 1376)	'楼盘'	6477
6323	(666, 1138)	'本周'	6478
6324	(539, 727)	'地球'	6479
6325	(2001, 784)	'儿子'	6480
6326	(2312, 562)	'黄金'	6481
6327	(1416, 3219)	' decided'	6483
6328	(458, 111)	'ago'	6484
6329	(226, 134)	b'\xe2\x86'	6485
6330	(1062, 1530)	' text'	6486
6331	(264, 608)	' send'	6487
6332	(689, 1974)	'而言'	6488
6333	(66, 101)	'Be'	6489
6334	(358, 154)	'诚'	6490
6335	(112, 109)	'pm'	6491
6336	(197, 190)	'ž'	6492
6337	(1085, 272)	'样的'	6493
6338	(740, 666)	'资本'	6494
6339	(1574, 1470)	' daily'	6495
6340	(1015, 117)	'angu'	6496
6341	(286, 964)	' mark'	6497
6342	(842, 144)	'隐'	6498
6343	(543, 322)	'ction'	6499
6344	(2366, 272)	'重要的'	6500
6345	(16014, 3141)	' production'	6501
6346	(259, 108)	'hel'	6502
6347	(2123, 132)	'을'	6503
6348	(1003, 334)	' content'	6504
6349	(1626, 272)	'真的'	6505
6350	(1850, 1179)	'评级'	6506
6351	(561, 134)	'辆'	6507
6352	(863, 178)	'ቲ'	6508
6353	(1435, 1967)	'亿美元'	6509
6354	(681, 568)	'将于'	6510
6355	(105, 604)	'iant'	6512
6356	(536, 104)	'osh'	6513
6357	(894, 1741)	'明确'	6514
6358	(1221, 172)	' ব'	6515
6359	(834, 272)	'目的'	6516
6360	(3988, 875)	' message'	6517
6361	(1745, 4024)	' evidence'	6519
6362	(2803, 3272)	b'\xe1\x80\xb1\xe1\x80\xac\xe1\x80'	6520
6363	(450, 97)	'ola'	6521
6364	(2691, 633)	' Black'	6522
6365	(1738, 835)	' carry'	6523
6366	(977, 505)	' grand'	6524
6367	(231, 183)	b'\xe7\xb7'	6525
6368	(3054, 3140)	'似乎'	6526
6369	(1899, 908)	'罗斯'	6527
6370	(2581, 560)	' speak'	6528
6371	(517, 475)	' neigh'	6529
6372	(305, 633)	' lack'	6530
6373	(513, 161)	'泡'	6531
6374	(437, 818)	' asking'	6532
6375	(2816, 1743)	'-based'	6533
6376	(16078, 163)	'縣'	6534
6377	(3224, 875)	' damage'	6535
6378	(32, 499)	' um'	6536
6379	(1542, 1311)	'形势'	6537
6380	(2007, 97)	' za'	6538
6381	(2398, 506)	'协会'	6539
6382	(1215, 157)	'喝'	6540
6383	(1798, 595)	'办公'	6541
6384	(178, 5127)	b'\xb2\xe1\x80\xb7'	6542
6385	(511, 1772)	' select'	6543
6386	(1734, 1000)	'环保'	6544
6387	(1480, 157)	b' \xec\x9d'	6545
6388	(1543, 3669)	'反弹'	6546
6389	(1254, 1414)	' brother'	6547
6390	(257, 102)	' af'	6549
6391	(618, 153)	'ộ'	6550
6392	(558, 154)	'枚'	6551
6393	(271, 3359)	'atives'	6552
6394	(303, 1715)	' thread'	6553
6395	(2049, 2704)	' difference'	6554
6396	(277, 458)	' bag'	6555
6397	(2211, 2112)	'को'	6556
6398	(1460, 706)	'完美'	6557
6399	(298, 148)	'仔'	6558
6400	(2423, 331)	' directly'	6559
6401	(264, 4102)	' source'	6560
6402	(370, 267)	'uter'	6561
6403	(684, 1090)	'自由'	6563
6404	(286, 334)	' ment'	6564
6405	(2006, 143)	'ия'	6565
6406	(195, 186)	'ú'	6566
6407	(3915, 459)	' customers'	6568
6408	(931, 2020)	'民警'	6569
6409	(789, 1083)	'体系'	6571
6410	(413, 131)	'逃'	6572
6411	(16146, 3011)	' energy'	6573
6412	(420, 1965)	'为什么'	6574
6413	(4351, 141)	'植'	6575
6414	(1781, 115)	' runs'	6576
6415	(589, 173)	' भ'	6577
6416	(107, 279)	'ken'	6578
6417	(2401, 3691)	'欢迎'	6579
6418	(51, 52)	'34'	6580
6419	(1857, 283)	' leading'	6581
6420	(333, 118)	' rev'	6582
6421	(1156, 129)	'ু'	6583
6422	(1652, 141)	'珍'	6584
6423	(2658, 272)	'更多的'	6585
6424	(103, 103)	'gg'	6586
6425	(418, 285)	'iles'	6587
6426	(297, 276)	' hor'	6588
6427	(107, 274)	'kan'	6589
6428	(629, 188)	'਼'	6590
6429	(1131, 1186)	'强调'	6591
6430	(1504, 839)	' کی'	6592
6431	(1036, 145)	'桑'	6593
6432	(230, 167)	b'\xe6\xa7'	6594
6433	(319, 169)	'佩'	6595
6434	(1512, 396)	'进行了'	6596
6435	(281, 1079)	'ishing'	6597
6436	(398, 117)	'uru'	6598
6437	(39, 114)	"'r"	6599
6438	(321, 265)	'ston'	6600
6439	(510, 258)	' Fin'	6601
6440	(1374, 272)	'她的'	6602
6441	(569, 137)	'沉'	6603
6442	(1413, 287)	' showed'	6604
6443	(3383, 2278)	'距离'	6605
6444	(1254, 2963)	' brought'	6606
6445	(267, 99)	'erc'	6607
6446	(802, 140)	'が'	6608
6447	(513, 189)	'泽'	6609
6448	(625, 160)	'渠'	6611
6449	(2800, 3623)	' article'	6612
6450	(645, 165)	'津'	6613
6451	(777, 744)	'合理'	6615
6452	(2072, 4607)	'减肥'	6616
6453	(2633, 283)	' interesting'	6617
6454	(3080, 1104)	b'\xe0\xa5\x8d\xe0\xa4\xaf\xe0\xa4\xbe\xe0\xa4'	6618
6455	(5464, 139)	'鞋'	6619
6456	(434, 532)	' rain'	6620
6457	(491, 1391)	' jump'	6621
6458	(1611, 308)	' indic'	6623
6459	(344, 178)	'劲'	6624
6460	(76, 2992)	'LED'	6625
6461	(101, 287)	'eed'	6626
6462	(1140, 5665)	' recogn'	6627
6463	(97, 673)	'aud'	6628
6464	(666, 2840)	'本赛季'	6629
6465	(1076, 1289)	'至少'	6630
6466	(4628, 914)	'ufact'	6631
6467	(1050, 115)	' knows'	6632
6468	(1088, 2001)	'女儿'	6633
6469	(16046, 1147)	' Russian'	6634
6470	(529, 721)	'行动'	6635
6471	(371, 2306)	" you'll"	6636
6472	(277, 2963)	' bought'	6637
6473	(1282, 2623)	'变焦'	6638
6474	(264, 348)	' sad'	6639
6475	(4743, 1415)	'纽约'	6640
6476	(354, 121)	' Sy'	6641
6477	(984, 176)	'灰'	6642
6478	(1511, 518)	'技能'	6643
6479	(564, 751)	'他说'	6644
6480	(1359, 191)	'ế'	6645
6481	(1679, 1158)	' happens'	6646
6482	(1046, 98)	' amb'	6647
6483	(516, 153)	'忙'	6648
6484	(595, 657)	'公开'	6649
6485	(1058, 3433)	' scored'	6650
6486	(210, 179)	'ҳ'	6652
6487	(1889, 597)	'楼市'	6653
6488	(2633, 287)	' interested'	6654
6489	(391, 353)	' Mac'	6655
6490	(117, 399)	'uke'	6656
6491	(107, 111)	'ko'	6657
6492	(848, 49)	' 31'	6658
6493	(264, 697)	' sect'	6659
6494	(2075, 614)	'曾经'	6660
6495	(1587, 287)	' helped'	6661
6496	(55, 55)	'77'	6662
6497	(298, 129)	'仁'	6663
6498	(278, 271)	' cat'	6664
6499	(268, 860)	' ways'	6665
6500	(1674, 630)	' regard'	6666
6501	(1176, 1842)	'安排'	6667
6502	(5494, 331)	'olutely'	6668
6503	(518, 1890)	'能源'	6669
6504	(433, 312)	'cell'	6670
6505	(941, 1210)	'投注'	6671
6506	(1934, 459)	' officers'	6672
6507	(715, 786)	'之外'	6673
6508	(1678, 1233)	'即使'	6674
6509	(496, 1367)	' Reg'	6675
6510	(2333, 4221)	' college'	6676
6511	(294, 3315)	' anti'	6677
6512	(5239, 1721)	'迅速'	6678
6513	(79, 80)	'OP'	6679
6514	(3076, 1489)	'宣传'	6680
6515	(281, 108)	'isl'	6681
6516	(384, 161)	'凡'	6682
6517	(16025, 946)	' require'	6683
6518	(234, 176)	b'\xea\xb0'	6684
6519	(604, 97)	'anta'	6685
6520	(114, 328)	'ray'	6686
6521	(282, 271)	' fat'	6687
6522	(316, 301)	' gas'	6689
6523	(4408, 276)	' terror'	6691
6524	(561, 155)	'辛'	6692
6525	(446, 528)	'iful'	6693
6526	(62, 62)	'>>'	6694
6527	(2074, 130)	'ાં'	6695
6528	(2351, 2455)	'数据显示'	6696
6529	(264, 2583)	' size'	6697
6530	(589, 151)	' ग'	6698
6531	(1013, 704)	'ун'	6699
6532	(2939, 348)	' broad'	6700
6533	(32, 839)	' ی'	6701
6534	(272, 1502)	'的发展'	6702
6535	(4219, 331)	' quickly'	6703
6536	(1227, 4356)	'奖励'	6704
6537	(286, 759)	' mine'	6705
6538	(659, 145)	'郑'	6706
6539	(299, 188)	'兼'	6707
6540	(595, 1528)	'公告'	6708
6541	(48, 53)	'05'	6709
6542	(73, 68)	'ID'	6710
6543	(471, 170)	'ส'	6711
6544	(32, 370)	' ut'	6712
6545	(16007, 676)	' became'	6713
6546	(5720, 3126)	' safety'	6714
6547	(277, 293)	' bal'	6715
6548	(264, 418)	' sil'	6716
6549	(106, 3804)	'jects'	6717
6550	(944, 1148)	'ск'	6718
6551	(533, 324)	' save'	6719
6552	(879, 602)	'ли'	6720
6553	(532, 116)	'aint'	6721
6554	(2705, 175)	' گ'	6722
6555	(726, 357)	'都在'	6723
6556	(1642, 2182)	' defense'	6724
6557	(1618, 2491)	' strugg'	6725
6558	(468, 623)	'以前'	6726
6559	(1637, 1856)	' sometimes'	6727
6560	(2581, 287)	' speed'	6728
6561	(508, 163)	' أ'	6729
6562	(1271, 367)	" He's"	6730
6563	(657, 1376)	'开盘'	6731
6564	(16017, 283)	' moving'	6732
6565	(67, 72)	'CH'	6733
6566	(609, 115)	'ears'	6734
6567	(334, 121)	'enty'	6735
6568	(354, 431)	' Sch'	6736
6569	(658, 183)	'長'	6737
6570	(1687, 170)	'்ப'	6738
6571	(310, 97)	'oma'	6739
6572	(358, 166)	'详'	6740
6573	(915, 373)	' prim'	6741
6574	(523, 143)	'氏'	6742
6575	(365, 115)	'ros'	6743
6576	(693, 1422)	' soft'	6744
6577	(935, 174)	'邮'	6745
6578	(1675, 287)	' ended'	6746
6579	(489, 104)	'oph'	6747
6580	(361, 433)	' force'	6748
6581	(305, 3487)	' liter'	6749
6582	(114, 117)	'ru'	6750
6583	(305, 971)	' lose'	6751
6584	(356, 398)	' Tur'	6752
6585	(275, 936)	'itiz'	6753
6586	(686, 1276)	' upper'	6754
6587	(578, 104)	'resh'	6755
6588	(280, 158)	'亞'	6756
6589	(1612, 931)	'居民'	6757
6590	(2471, 283)	' missing'	6758
6591	(2265, 2664)	'轻松'	6759
6592	(1629, 176)	'腰'	6760
6593	(104, 762)	'hood'	6761
6594	(1584, 390)	'集中'	6762
6595	(79, 114)	'Or'	6763
6596	(794, 134)	'胆'	6764
6597	(272, 1371)	'的时间'	6765
6598	(2011, 1302)	' medical'	6766
6599	(664, 1566)	' goals'	6767
6600	(880, 184)	'霸'	6768
6601	(1088, 397)	'女人'	6769
6602	(714, 2713)	'期待'	6771
6603	(3157, 267)	' manager'	6772
6604	(1028, 367)	" she's"	6773
6605	(601, 1721)	'高速'	6774
6606	(106, 494)	'just'	6776
6607	(2662, 276)	' prior'	6777
6608	(16155, 1753)	'恢复'	6779
6609	(85, 78)	'UN'	6780
6610	(1294, 894)	'证明'	6781
6611	(1971, 576)	'众多'	6782
6612	(324, 121)	'vey'	6783
6613	(311, 148)	'返'	6784
6614	(4976, 3355)	' senior'	6785
6615	(100, 891)	'down'	6786
6616	(4487, 370)	'secut'	6787
6617	(52, 52)	'44'	6788
6618	(16106, 293)	' normal'	6789
6619	(1022, 1552)	'身份'	6790
6620	(461, 178)	'闲'	6792
6621	(336, 2282)	'一切'	6793
6622	(99, 320)	'cle'	6794
6623	(406, 287)	'illed'	6795
6624	(316, 97)	' ga'	6796
6625	(745, 272)	'力的'	6797
6626	(16150, 838)	' material'	6798
6627	(5014, 160)	'고'	6799
6628	(1525, 2552)	'\xa0\xa0\xa0 '	6800
6629	(480, 97)	'ria'	6801
6630	(827, 1719)	'很难'	6802
6631	(579, 492)	'学家'	6803
6632	(16096, 4939)	' Michael'	6804
6633	(4123, 3177)	'训练'	6805
6634	(906, 272)	'里的'	6806
6635	(520, 495)	'来到'	6807
6636	(744, 2102)	'理财'	6808
6637	(553, 811)	'业内'	6809
6638	(400, 1227)	'大奖'	6810
6639	(1032, 1354)	'色彩'	6811
6640	(4035, 995)	' property'	6812
6641	(98, 274)	'ban'	6813
6642	(831, 839)	'ری'	6814
6643	(109, 98)	'mb'	6815
6644	(561, 137)	'辉'	6816
6645	(264, 478)	' sem'	6817
6646	(916, 815)	'特点'	6818
6647	(4407, 2206)	' describ'	6819
6648	(329, 138)	'尊'	6820
6649	(4095, 433)	'force'	6821
6650	(321, 604)	'stant'	6822
6651	(820, 174)	'種'	6823
6652	(3406, 1713)	' sexual'	6824
6653	(1125, 161)	'淡'	6825
6654	(2711, 851)	'担心'	6826
6655	(3622, 308)	' economic'	6827
6656	(282, 2091)	' farm'	6828
6657	(57, 56)	'98'	6829
6658	(436, 4927)	' Paul'	6830
6659	(285, 1647)	'estern'	6831
6660	(1537, 4256)	'优惠'	6832
6661	(809, 272)	'名的'	6833
6662	(376, 263)	' Are'	6834
6663	(1201, 98)	' rob'	6835
6664	(3932, 1163)	' violence'	6836
6665	(1600, 2418)	'尼康'	6837
6666	(1362, 145)	'骑'	6838
6667	(117, 97)	'ua'	6839
6668	(321, 101)	'ste'	6840
6669	(509, 169)	'剩'	6841
6670	(586, 155)	'ማ'	6842
6671	(655, 1249)	'主任'	6843
6672	(1354, 931)	'彩民'	6844
6673	(111, 45)	'o-'	6845
6674	(1746, 1755)	'留学生'	6846
6675	(847, 1107)	'如今'	6847
6676	(79, 87)	'OW'	6848
6677	(1124, 2757)	' disapp'	6849
6678	(659, 173)	'郭'	6850
6679	(408, 682)	'ooks'	6851
6680	(3336, 322)	' option'	6852
6681	(935, 128)	'邀'	6853
6682	(1860, 158)	'撞'	6854
6683	(236, 132)	b'\xec\x84'	6855
6684	(576, 1289)	'多少'	6856
6685	(16055, 147)	'鼓'	6857
6686	(1113, 3884)	'战斗'	6858
6687	(331, 283)	'lying'	6859
6688	(236, 167)	b'\xec\xa7'	6860
6689	(16076, 285)	' rules'	6861
6690	(742, 682)	'ucks'	6862
6691	(3198, 332)	' internet'	6863
6692	(370, 104)	'uth'	6864
6693	(2863, 697)	' protect'	6865
6694	(763, 190)	'艾'	6866
6695	(2042, 175)	'華'	6867
6696	(116, 787)	'time'	6868
6697	(863, 189)	'ች'	6870
6698	(2509, 130)	'ਾਂ'	6871
6699	(2154, 121)	' Why'	6872
6700	(723, 155)	'涛'	6873
6701	(278, 1690)	' cash'	6874
6702	(900, 5816)	' environment'	6875
6703	(352, 110)	'amn'	6876
6704	(2627, 176)	'ార'	6877
6705	(343, 271)	' eat'	6879
6706	(119, 814)	'what'	6880
6707	(1054, 109)	' firm'	6881
6708	(1785, 1155)	' winning'	6882
6709	(1549, 460)	'几个'	6883
6710	(68, 326)	'Did'	6884
6711	(1153, 187)	'驻'	6885
6712	(1582, 179)	'ン'	6886
6713	(76, 69)	'LE'	6887
6714	(16004, 51)	' 2013'	6888
6715	(391, 964)	' Mark'	6889
6716	(68, 904)	"Don't"	6890
6717	(462, 1418)	'这款'	6891
6718	(73, 80)	'IP'	6892
6719	(978, 16066)	'意大利'	6893
6720	(2765, 1166)	' په'	6894
6721	(511, 4621)	' separ'	6895
6722	(66, 121)	'By'	6896
6723	(261, 141)	'－'	6897
6724	(2318, 1548)	' driving'	6898
6725	(478, 1369)	'ements'	6899
6726	(899, 272)	'队的'	6900
6727	(349, 183)	'卷'	6901
6728	(2430, 912)	'突然'	6902
6729	(797, 109)	' adm'	6903
6730	(3023, 187)	'麻'	6904
6731	(391, 348)	' Mad'	6905
6732	(308, 818)	'icking'	6906
6733	(430, 128)	'က'	6907
6734	(376, 928)	' After'	6908
6735	(1909, 2077)	'ের'	6909
6736	(1221, 184)	' স'	6910
6737	(16039, 287)	' changed'	6911
6738	(359, 16013)	' itself'	6912
6739	(66, 83)	'BS'	6913
6740	(417, 279)	' Ben'	6914
6741	(464, 97)	' Da'	6915
6742	(284, 3235)	' poor'	6916
6743	(1943, 1044)	'是一种'	6917
6744	(400, 3178)	'大陆'	6918
6745	(1968, 345)	' slow'	6920
6746	(209, 142)	'ю'	6921
6747	(941, 911)	'投入'	6922
6748	(450, 102)	'olf'	6923
6749	(267, 111)	'ero'	6925
6750	(2744, 1190)	'汇率'	6926
6751	(16093, 3623)	' vehicle'	6927
6752	(1239, 908)	'克斯'	6928
6753	(65, 16115)	'According'	6929
6754	(1463, 272)	'产品的'	6930
6755	(1413, 459)	' showers'	6931
6756	(689, 350)	'而是'	6932
6757	(564, 357)	'他在'	6933
6758	(2469, 5670)	' simply'	6934
6759	(110, 612)	'night'	6935
6760	(1169, 152)	'缘'	6936
6761	(104, 111)	'ho'	6937
6762	(102, 3888)	'fully'	6938
6763	(665, 568)	'用于'	6941
6764	(1012, 16156)	' afternoon'	6942
6765	(299, 189)	'兽'	6943
6766	(328, 97)	'aya'	6944
6767	(865, 369)	'ellig'	6945
6768	(426, 383)	' hair'	6946
6769	(2568, 1571)	' Group'	6947
6770	(343, 2609)	' eye'	6948
6771	(1397, 2693)	' attention'	6949
6772	(16050, 1508)	' double'	6950
6773	(507, 163)	'欣'	6951
6774	(601, 1498)	'高校'	6952
6775	(263, 121)	'rey'	6953
6776	(1553, 115)	'airs'	6954
6777	(960, 1268)	'并非'	6955
6778	(97, 705)	'aren'	6956
6779	(496, 2764)	' Road'	6957
6780	(105, 895)	'iber'	6958
6781	(1018, 109)	' prem'	6959
6782	(571, 987)	'成员'	6960
6783	(496, 3814)	' Rober'	6961
6784	(538, 3232)	'我觉得'	6962
6785	(3800, 3006)	'避免'	6963
6786	(841, 553)	'工业'	6964
6787	(257, 2954)	' a.m'	6965
6788	(572, 175)	'惯'	6966
6789	(378, 1602)	'有望'	6967
6790	(351, 152)	'乘'	6969
6791	(2507, 16162)	' middle'	6970
6792	(2659, 710)	' не'	6971
6793	(2269, 697)	' effect'	6972
6794	(3998, 274)	' European'	6973
6795	(3882, 759)	' engine'	6974
6796	(110, 922)	'new'	6975
6797	(3085, 99)	' etc'	6976
6798	(209, 133)	'х'	6977
6799	(308, 287)	'iced'	6978
6800	(436, 293)	' Pal'	6979
6801	(1206, 901)	'ين'	6980
6802	(601, 1164)	'高达'	6981
6803	(209, 134)	'ц'	6982
6804	(539, 1336)	'地图'	6983
6805	(918, 553)	'事业'	6984
6806	(65, 263)	'Are'	6985
6807	(2407, 526)	' model'	6986
6808	(1095, 184)	'酸'	6987
6809	(2296, 1710)	'状况'	6988
6810	(16010, 287)	' included'	6989
6811	(1254, 505)	' brand'	6990
6812	(464, 526)	' Del'	6991
6813	(1104, 178)	'ाल'	6992
6814	(1264, 762)	' blood'	6993
6815	(1396, 1671)	'老板'	6994
6816	(589, 178)	' ल'	6995
6817	(4414, 5992)	' multiple'	6996
6818	(546, 115)	' vs'	6997
6819	(994, 129)	'壁'	6998
6820	(2865, 1648)	'检查'	6999
6821	(514, 3013)	' constr'	7000
6822	(5708, 1461)	'汽车'	7001
6823	(1576, 2686)	'工作人员'	7002
6824	(3096, 107)	' walk'	7003
6825	(16127, 2680)	' immediately'	7004
6826	(436, 77)	' PM'	7005
6827	(496, 287)	' Red'	7006
6828	(1934, 267)	' officer'	7007
6829	(264, 271)	' sat'	7008
6830	(4689, 287)	' arrested'	7009
6831	(1652, 190)	'現'	7010
6832	(293, 121)	'aly'	7011
6833	(268, 734)	' wide'	7012
6834	(516, 167)	'忧'	7013
6835	(5315, 3814)	' October'	7014
6836	(395, 158)	'赞'	7015
6837	(778, 173)	'揭'	7016
6838	(1850, 1621)	'评论'	7018
6839	(489, 115)	'ops'	7019
6840	(376, 4554)	' Alex'	7020
6841	(391, 97)	' Ma'	7021
6842	(5011, 121)	' baby'	7022
6843	(2454, 3953)	'兴趣'	7023
6844	(1267, 1498)	'院校'	7024
6845	(1248, 1543)	'单反'	7025
6846	(726, 386)	'都不'	7026
6847	(1928, 109)	' term'	7027
6848	(933, 1077)	'通常'	7028
6849	(121, 2394)	'ydd'	7029
6850	(842, 148)	'隔'	7030
6851	(689, 357)	'而在'	7031
6852	(1846, 283)	' feeling'	7032
6853	(5249, 336)	'唯一'	7033
6854	(84, 86)	'TV'	7034
6855	(1749, 272)	'它的'	7035
6856	(78, 922)	'New'	7036
6857	(438, 162)	'敢'	7037
6858	(3895, 345)	'orrow'	7038
6859	(305, 446)	' lif'	7039
6860	(104, 345)	'how'	7040
6861	(55, 56)	'78'	7042
6862	(592, 2543)	' except'	7043
6863	(702, 130)	' ق'	7044
6864	(476, 147)	'拓'	7045
6865	(3340, 132)	'薄'	7048
6866	(2293, 515)	' fourth'	7049
6867	(718, 168)	'跨'	7050
6868	(450, 2862)	'olution'	7051
6869	(534, 1080)	'生物'	7052
6870	(104, 450)	'hol'	7053
6871	(1325, 460)	'每个'	7054
6872	(1245, 322)	'iction'	7055
6873	(4097, 515)	' birth'	7056
6874	(16085, 2445)	' challeng'	7057
6875	(1619, 281)	'ysis'	7058
6876	(449, 183)	'陷'	7059
6877	(933, 1476)	'通知'	7060
6878	(284, 274)	' pan'	7061
6879	(1000, 2034)	'保险'	7062
6880	(356, 276)	' Tor'	7063
6881	(1753, 2874)	'复苏'	7064
6882	(2518, 1641)	'音乐'	7065
6883	(774, 283)	'iving'	7066
6884	(4767, 166)	'瘦'	7067
6885	(1346, 283)	' evening'	7068
6886	(278, 774)	' civ'	7069
6887	(913, 172)	'芬'	7070
6888	(351, 140)	'乌'	7071
6889	(286, 301)	' mas'	7072
6890	(2617, 293)	'atural'	7073
6891	(3660, 3992)	'犯罪'	7074
6892	(122, 105)	'zi'	7075
6893	(2785, 729)	' charge'	7076
6894	(977, 2195)	' growing'	7077
6895	(376, 383)	' Air'	7078
6896	(1537, 3353)	'优秀'	7079
6897	(1053, 986)	'让你'	7080
6898	(1542, 1025)	'形式'	7081
6899	(451, 172)	'屬'	7082
6900	(870, 171)	'紫'	7083
6901	(4397, 1797)	' Govern'	7084
6902	(308, 1601)	'icles'	7085
6903	(286, 617)	' mist'	7086
6904	(514, 3887)	' conference'	7087
6905	(2005, 283)	' reading'	7088
6906	(370, 121)	'uty'	7089
6907	(408, 379)	'oose'	7090
6908	(4474, 691)	' practice'	7091
6909	(118, 97)	'va'	7092
6910	(5197, 1119)	' attempt'	7093
6911	(417, 328)	' Bay'	7094
6912	(490, 5321)	' Niger'	7095
6913	(3641, 4522)	'逐渐'	7096
6914	(1404, 3325)	'装饰'	7097
6915	(627, 2087)	'اب'	7098
6916	(575, 161)	'員'	7099
6917	(1953, 155)	'猛'	7100
6918	(2269, 635)	' effort'	7101
6919	(923, 367)	" what's"	7102
6920	(351, 143)	'乏'	7103
6921	(5662, 766)	' sleep'	7104
6922	(5732, 1110)	' Congress'	7105
6923	(1036, 182)	'桶'	7106
6924	(471, 132)	'ค'	7107
6925	(2288, 267)	' center'	7108
6926	(974, 272)	'化的'	7109
6927	(427, 1214)	'年代'	7110
6928	(862, 146)	'恒'	7111
6929	(905, 809)	'报名'	7112
6930	(1264, 1410)	' block'	7113
6931	(539, 1671)	'地板'	7114
6932	(5466, 2100)	' ndị'	7115
6933	(587, 520)	'后来'	7116
6934	(376, 1733)	' Any'	7117
6935	(718, 131)	'跃'	7118
6936	(233, 16176)	'鉴'	7119
6937	(1778, 909)	'社区'	7120
6938	(2013, 161)	'፡'	7121
6939	(470, 865)	' Well'	7122
6940	(666, 807)	'本次'	7123
6941	(471, 171)	'ห'	7124
6942	(1930, 1166)	' به'	7125
6943	(542, 1238)	' Gold'	7126
6944	(377, 651)	' Cap'	7127
6945	(948, 138)	'啊'	7128
6946	(1741, 775)	'确实'	7129
6947	(3898, 139)	'蛋'	7130
6948	(336, 550)	'一场'	7131
6949	(820, 191)	'稿'	7132
6950	(297, 450)	' hol'	7133
6951	(2832, 3872)	' positive'	7134
6952	(1055, 665)	'信用'	7135
6953	(318, 78)	' IN'	7136
6954	(442, 975)	' kick'	7137
6955	(3434, 2493)	'酒店'	7138
6956	(768, 379)	' whose'	7139
6957	(323, 172)	'ब'	7140
6958	(1475, 279)	'itten'	7141
6959	(1685, 603)	' smart'	7142
6960	(2696, 115)	' jobs'	7143
6961	(3666, 3192)	'父母'	7145
6962	(791, 263)	' agre'	7146
6963	(476, 159)	'拟'	7147
6964	(522, 276)	'abor'	7149
6965	(582, 690)	' alone'	7150
6966	(1117, 114)	'ır'	7151
6967	(3056, 115)	' costs'	7152
6968	(401, 182)	'奶'	7153
6969	(45, 83)	'-S'	7154
6970	(284, 459)	' pers'	7155
6971	(2396, 1941)	'攻击'	7156
6972	(856, 2243)	' compared'	7157
6973	(1107, 540)	'今日'	7158
6974	(391, 603)	' Mart'	7159
6975	(802, 170)	'な'	7160
6976	(112, 365)	'pro'	7162
6977	(2067, 3219)	' provided'	7163
6978	(980, 4533)	' Charl'	7164
6979	(1126, 3967)	'英雄'	7165
6980	(1979, 568)	'终于'	7166
6981	(400, 2110)	'大部分'	7167
6982	(385, 875)	' stage'	7168
6983	(1554, 5160)	' despite'	7169
6984	(1355, 149)	'動'	7170
6985	(2398, 1643)	'协议'	7171
6986	(5831, 646)	' achie'	7172
6987	(1855, 894)	'照明'	7173
6988	(1559, 164)	'煤'	7174
6989	(278, 3867)	' cases'	7175
6990	(16132, 322)	' opinion'	7176
6991	(351, 148)	'乔'	7177
6992	(16071, 678)	' figure'	7178
6993	(107, 285)	'kes'	7179
6994	(236, 160)	b'\xec\xa0'	7180
6995	(631, 190)	'倾'	7181
6996	(500, 527)	'ounts'	7183
6997	(277, 505)	' band'	7184
6998	(426, 2096)	' haha'	7185
6999	(102, 108)	'fl'	7186
7000	(54, 56)	'68'	7187
7001	(1686, 1733)	' funny'	7188
7002	(136, 4017)	b'\x88\xeb\x8b\xa4'	7189
7003	(872, 460)	'三个'	7190
7004	(378, 1431)	'有可能'	7191
7005	(279, 729)	'enge'	7192
7006	(1706, 901)	' من'	7193
7007	(104, 3907)	'haps'	7194
7008	(4057, 285)	' charges'	7195
7009	(5058, 275)	' credit'	7196
7010	(53, 57)	'59'	7197
7011	(317, 168)	'吨'	7198
7012	(1711, 1974)	'语言'	7199
7013	(830, 1861)	'利益'	7200
7014	(2017, 293)	'eneral'	7201
7015	(283, 267)	'inger'	7202
7016	(284, 111)	' po'	7203
7017	(1583, 158)	'搞'	7204
7018	(1272, 183)	'荷'	7205
7019	(1181, 164)	'्त'	7206
7020	(1567, 170)	' ப'	7207
7021	(3357, 823)	'仓位'	7208
7022	(323, 188)	'़'	7209
7023	(1520, 532)	' remain'	7210
7024	(45, 77)	'-M'	7211
7025	(434, 326)	' rid'	7212
7026	(271, 1334)	'atory'	7213
7027	(423, 283)	'using'	7214
7028	(1526, 115)	' calls'	7215
7029	(2434, 1211)	'监管'	7216
7030	(1776, 132)	'龄'	7217
7031	(602, 2219)	'ий'	7218
7032	(2517, 1142)	'访问'	7219
7033	(71, 762)	'Good'	7220
7034	(531, 536)	' Los'	7221
7035	(390, 749)	'中小'	7222
7036	(2259, 137)	'誉'	7224
7037	(589, 175)	' य'	7225
7038	(2104, 334)	' student'	7226
7039	(5880, 5636)	'詹姆斯'	7227
7040	(1521, 777)	'配合'	7228
7041	(3727, 147)	'間'	7229
7042	(417, 1332)	' Bank'	7230
7043	(297, 121)	' hy'	7231
7044	(667, 557)	'得分'	7232
7045	(1121, 836)	' او'	7233
7046	(115, 332)	'set'	7234
7047	(1359, 161)	'ạ'	7235
7048	(323, 175)	'य'	7236
7049	(292, 4292)	' towards'	7237
7050	(1636, 287)	'enced'	7238
7051	(2123, 152)	'의'	7239
7052	(1129, 16160)	' appreci'	7240
7053	(268, 621)	' wall'	7241
7054	(1325, 427)	'每年'	7242
7055	(420, 1522)	'为准'	7243
7056	(291, 274)	' dan'	7244
7057	(649, 1137)	'од'	7245
7058	(1474, 1969)	'预测'	7246
7059	(985, 272)	'中国的'	7247
7060	(1362, 151)	'骗'	7248
7061	(3038, 1294)	'签证'	7249
7062	(1968, 612)	' slight'	7250
7063	(2802, 348)	' Canad'	7251
7064	(3454, 909)	'欧元区'	7252
7065	(1256, 154)	'虚'	7253
7066	(1399, 1225)	'造型'	7254
7067	(219, 148)	'۔'	7255
7068	(436, 1110)	' Press'	7256
7069	(303, 849)	' thous'	7257
7070	(311, 136)	'迈'	7258
7071	(1356, 283)	' adding'	7259
7072	(513, 155)	'泛'	7260
7073	(308, 259)	'iche'	7261
7074	(552, 276)	' door'	7262
7075	(370, 919)	'utions'	7263
7076	(1425, 170)	' ప'	7264
7077	(476, 188)	'拼'	7265
7078	(545, 803)	'发表'	7266
7079	(2567, 1434)	' Maybe'	7267
7080	(793, 147)	'姓'	7268
7081	(310, 274)	'oman'	7269
7082	(371, 2457)	" you've"	7270
7083	(3249, 156)	'한'	7271
7084	(112, 383)	'pir'	7272
7085	(400, 1225)	'大型'	7273
7086	(379, 121)	'sey'	7274
7087	(385, 16167)	' stupid'	7275
7088	(1255, 459)	' workers'	7276
7089	(698, 132)	'හ'	7277
7090	(16090, 1222)	' British'	7278
7091	(417, 406)	' Bill'	7279
7092	(380, 149)	'孕'	7280
7093	(378, 396)	'有了'	7281
7094	(3622, 121)	' economy'	7282
7095	(278, 1485)	' catch'	7283
7096	(2471, 287)	' missed'	7284
7097	(423, 285)	'uses'	7285
7098	(559, 4275)	' progress'	7286
7099	(629, 166)	'ਦ'	7288
7100	(289, 111)	' oo'	7289
7101	(990, 190)	'链'	7290
7102	(16007, 4882)	' becoming'	7291
7103	(119, 276)	'wor'	7292
7104	(415, 189)	'抽'	7293
7105	(469, 145)	' Б'	7294
7106	(298, 170)	'仪'	7295
7107	(264, 274)	' san'	7296
7108	(272, 2254)	'的影响'	7297
7109	(2451, 787)	'-time'	7298
7110	(385, 3186)	' stream'	7299
7111	(2348, 4694)	' extreme'	7301
7112	(461, 170)	'闪'	7302
7113	(836, 1322)	'ود'	7303
7114	(16006, 141)	'籍'	7304
7115	(709, 579)	'同学'	7305
7116	(830, 1429)	'利亚'	7306
7117	(802, 167)	'で'	7307
7118	(107, 258)	'kin'	7308
7119	(991, 54)	'2006'	7309
7120	(620, 1942)	'方便'	7310
7121	(1525, 32)	'\xa0\xa0 '	7311
7122	(16020, 285)	' gives'	7312
7123	(2476, 4015)	' details'	7313
7124	(1082, 143)	'漏'	7314
7125	(712, 373)	' Kim'	7315
7126	(149, 430)	b'\x95\xe1\x80'	7316
7127	(950, 1387)	'影像'	7317
7128	(2665, 5184)	'死亡'	7318
7129	(1207, 1109)	'接近'	7319
7130	(272, 2366)	'的重要'	7320
7131	(32, 1098)	' ign'	7321
7132	(621, 287)	'alled'	7322
7133	(16017, 287)	' moved'	7323
7134	(65, 114)	'Ar'	7324
7135	(281, 97)	'isa'	7325
7136	(1887, 666)	'根本'	7326
7137	(195, 162)	'â'	7327
7138	(84, 83)	'TS'	7328
7139	(1949, 441)	'ification'	7329
7140	(624, 138)	'羊'	7330
7141	(421, 2247)	' weird'	7332
7142	(1092, 136)	'ੈ'	7333
7143	(1992, 643)	' investment'	7334
7144	(712, 283)	' King'	7335
7145	(1330, 716)	'推进'	7336
7146	(458, 265)	'agon'	7337
7147	(257, 373)	' aim'	7338
7148	(3826, 2037)	' analyst'	7339
7149	(1201, 2142)	' rock'	7340
7150	(566, 149)	'ক'	7341
7151	(109, 112)	'mp'	7342
7152	(640, 1072)	'就可以'	7343
7153	(986, 598)	'你们'	7344
7154	(1370, 2868)	' secret'	7345
7155	(2025, 167)	'慧'	7346
7156	(66, 114)	'Br'	7347
7157	(1620, 16185)	' considered'	7348
7158	(566, 178)	'ল'	7349
7159	(3789, 678)	' pressure'	7350
7160	(2388, 714)	'短期'	7351
7161	(554, 118)	' dev'	7352
7162	(1614, 581)	' finally'	7353
7163	(1526, 283)	' calling'	7354
7164	(53, 56)	'58'	7355
7165	(503, 2219)	'ай'	7356
7166	(1115, 321)	' Inst'	7357
7167	(1582, 188)	'ー'	7358
7168	(4371, 2942)	'概念'	7359
7169	(391, 1938)	' Matt'	7360
7170	(741, 555)	'还要'	7361
7171	(281, 919)	'isions'	7362
7172	(105, 578)	'ires'	7363
7173	(3157, 1782)	' management'	7364
7174	(936, 283)	'izing'	7365
7175	(2863, 485)	' protest'	7366
7176	(588, 813)	' Every'	7367
7177	(1480, 158)	b' \xec\x9e'	7368
7178	(117, 283)	'uing'	7369
7179	(286, 1660)	' mix'	7371
7180	(529, 272)	'行的'	7372
7181	(632, 494)	' trust'	7373
7182	(1271, 2157)	' Health'	7374
7183	(1639, 1097)	'供应'	7375
7184	(622, 2098)	' ability'	7376
7185	(1002, 128)	'ీ'	7377
7186	(837, 2196)	'数字'	7378
7187	(292, 109)	' tom'	7379
7188	(5620, 332)	' tweet'	7380
7189	(314, 4912)	' named'	7381
7190	(4267, 573)	'的情况下'	7383
7191	(274, 431)	'anch'	7384
7192	(4349, 1719)	'困难'	7385
7193	(391, 276)	' Mor'	7386
7194	(2241, 33)	'!!!'	7387
7195	(16010, 285)	' includes'	7388
7196	(930, 157)	'祝'	7389
7197	(2864, 3635)	'金融危机'	7390
7198	(945, 623)	'提前'	7391
7199	(881, 419)	'两国'	7392
7200	(348, 117)	'adu'	7393
7201	(1542, 2054)	'形象'	7394
7202	(1906, 804)	'态度'	7395
7203	(4130, 1331)	'告诉记者'	7396
7204	(3708, 1132)	'旅游'	7397
7205	(487, 166)	'浦'	7398
7206	(354, 352)	' Sam'	7399
7207	(345, 459)	'owers'	7400
7208	(6000, 1957)	' September'	7401
7209	(384, 140)	'凌'	7402
7210	(2246, 1379)	' के'	7403
7211	(782, 119)	'raw'	7405
7212	(102, 1954)	'friend'	7406
7213	(1338, 259)	'anche'	7407
7214	(1158, 322)	'ension'	7408
7215	(1905, 1545)	'营销'	7409
7216	(434, 425)	' rout'	7410
7217	(492, 780)	'家长'	7411
7218	(65, 1733)	'Any'	7412
7219	(232, 149)	b'\xe8\x95'	7413
7220	(2313, 115)	' schools'	7414
7221	(3976, 331)	' certainly'	7415
7222	(570, 149)	'క'	7416
7223	(3775, 1364)	'课程'	7417
7224	(2193, 165)	' ብ'	7418
7225	(149, 4422)	b'\x95\xe0\xaf\x8d\xe0\xae\x95'	7419
7226	(264, 1792)	' sale'	7420
7227	(442, 105)	' ki'	7421
7228	(596, 4136)	' choice'	7422
7229	(16171, 2030)	'浙江'	7423
7230	(1125, 187)	'添'	7424
7231	(377, 310)	' Com'	7425
7232	(1527, 367)	"He's"	7427
7233	(1764, 151)	'窗'	7428
7234	(5378, 1251)	' various'	7429
7235	(209, 158)	'ў'	7430
7236	(313, 139)	'宋'	7431
7237	(327, 1015)	' yang'	7432
7238	(2746, 99)	' esc'	7433
7239	(721, 1080)	'动物'	7434
7240	(377, 1447)	' Cont'	7435
7241	(521, 2623)	'对焦'	7436
7242	(2604, 527)	' parts'	7437
7243	(316, 101)	' ge'	7438
7244	(32, 267)	' er'	7439
7245	(663, 1333)	'最低'	7440
7246	(782, 118)	'rav'	7441
7247	(491, 2892)	' joke'	7443
7248	(130, 172)	b'\x82\xac'	7444
7249	(699, 819)	'机关'	7445
7250	(16111, 738)	' Australia'	7446
7251	(3274, 1098)	' foreign'	7447
7252	(354, 724)	' Sub'	7448
7253	(2511, 2149)	'充满'	7449
7254	(534, 2155)	'生命'	7450
7255	(343, 5290)	' eyes'	7451
7256	(706, 6310)	'美联储'	7452
7257	(423, 322)	'usion'	7453
7258	(288, 1470)	'arily'	7454
7259	(1564, 3412)	' associ'	7455
7260	(769, 649)	'то'	7456
7261	(395, 171)	'赫'	7457
7262	(1460, 3083)	'完善'	7458
7263	(644, 157)	'曝'	7459
7264	(1206, 3238)	'ية'	7460
7265	(395, 180)	'赴'	7461
7266	(16084, 2267)	' confirmed'	7462
7267	(338, 141)	'\u200d'	7463
7268	(1229, 332)	' feet'	7464
7269	(525, 187)	'阻'	7465
7270	(2921, 367)	"There's"	7466
7271	(344, 171)	'劫'	7467
7272	(3438, 581)	' totally'	7468
7273	(16168, 1267)	'国务院'	7469
7274	(3342, 2998)	' injury'	7470
7275	(284, 1071)	' poll'	7471
7276	(613, 110)	' Then'	7472
7277	(657, 1021)	'开展'	7474
7278	(16018, 2611)	' numbers'	7475
7279	(301, 105)	'asi'	7476
7280	(640, 357)	'就在'	7477
7281	(1654, 3083)	'改善'	7478
7282	(525, 133)	'阅'	7479
7283	(103, 285)	'ges'	7480
7284	(978, 2661)	'意义'	7481
7285	(1953, 171)	'猫'	7482
7286	(16064, 2674)	' supposed'	7483
7287	(908, 916)	'斯特'	7484
7288	(2363, 2363)	'刚刚'	7485
7289	(5747, 116)	'rupt'	7486
7290	(551, 175)	'振'	7487
7291	(1245, 287)	'icted'	7489
7292	(1099, 495)	'感到'	7490
7293	(225, 129)	b'\xe1\x81'	7491
7294	(1401, 130)	'脂'	7492
7295	(886, 4174)	'电脑'	7493
7296	(811, 539)	'内地'	7495
7297	(277, 287)	' bed'	7496
7298	(1193, 177)	'唱'	7497
7299	(590, 357)	'也在'	7498
7300	(4573, 1427)	'贸易'	7499
7301	(2318, 382)	' driver'	7500
7302	(428, 3358)	'上映'	7501
7303	(2094, 1713)	' annual'	7502
7304	(845, 129)	'锁'	7503
7305	(496, 810)	' Rich'	7504
7306	(712, 279)	' Ken'	7505
7307	(428, 3520)	'上述'	7506
7308	(532, 101)	'aine'	7507
7309	(1394, 5412)	' built'	7508
7310	(1986, 807)	'第一次'	7509
7311	(892, 150)	'砖'	7510
7312	(618, 135)	'ệ'	7511
7313	(930, 150)	'祖'	7512
7314	(395, 164)	'赤'	7513
7315	(2871, 1499)	' conduct'	7514
7316	(5512, 894)	'姚明'	7515
7317	(98, 370)	'but'	7517
7318	(16174, 5033)	'贡献'	7518
7319	(510, 6214)	' French'	7519
7320	(1823, 1084)	' setting'	7520
7321	(2326, 283)	' opening'	7521
7322	(1481, 331)	' mostly'	7522
7323	(720, 183)	'谷'	7523
7324	(713, 608)	' spend'	7524
7325	(1567, 149)	' க'	7525
7326	(373, 97)	'ima'	7526
7327	(824, 400)	'重大'	7527
7328	(615, 3092)	' Jones'	7528
7329	(48, 55)	'07'	7529
7330	(1359, 163)	'ả'	7530
7331	(1614, 3165)	' finished'	7531
7332	(1738, 115)	' cars'	7532
7333	(717, 183)	'偷'	7533
7334	(356, 310)	' Tom'	7534
7335	(1719, 468)	'难以'	7535
7336	(16001, 177)	'箱'	7536
7337	(3549, 1334)	' victory'	7537
7338	(235, 165)	b'\xeb\xa5'	7538
7339	(2646, 959)	' created'	7539
7340	(390, 1227)	'中奖'	7540
7341	(773, 1417)	'品质'	7541
7342	(749, 1327)	'小组'	7542
7343	(1674, 528)	' regul'	7543
7344	(398, 992)	'urance'	7545
7345	(1338, 287)	'anced'	7546
7346	(542, 5188)	' Google'	7547
7347	(272, 1810)	'的同时'	7548
7348	(291, 646)	' die'	7549
7349	(584, 148)	'體'	7550
7350	(2322, 136)	'аш'	7551
7351	(2193, 176)	' ተ'	7552
7352	(119, 1490)	'wise'	7553
7353	(629, 149)	'ਕ'	7554
7354	(542, 332)	' Get'	7555
7355	(511, 103)	' seg'	7556
7356	(278, 865)	' cell'	7557
7357	(3053, 978)	'愿意'	7558
7358	(116, 114)	'tr'	7559
7359	(361, 103)	' forg'	7560
7360	(469, 144)	' А'	7561
7361	(586, 176)	'ሰ'	7562
7362	(5485, 441)	' education'	7563
7363	(282, 97)	' fa'	7564
7364	(1650, 425)	' throughout'	7565
7365	(76, 67)	'LC'	7566
7366	(6448, 968)	'渠道'	7567
7367	(1339, 1119)	' kept'	7568
7368	(276, 97)	'ora'	7569
7369	(409, 6268)	' whatever'	7570
7370	(5595, 116)	' doubt'	7571
7371	(617, 835)	'istry'	7572
7372	(602, 1993)	'из'	7573
7373	(2559, 4703)	' restaur'	7574
7374	(2469, 3863)	' simple'	7575
7375	(16195, 1429)	'澳大利亚'	7576
7376	(16172, 301)	' Texas'	7577
7377	(16009, 100)	"I'd"	7578
7378	(2074, 176)	'ાર'	7579
7379	(2422, 310)	' autom'	7580
7380	(476, 146)	'拒'	7581
7381	(609, 431)	'earch'	7582
7382	(98, 275)	'bit'	7583
7383	(745, 1035)	'力量'	7584
7384	(129, 430)	b'\x81\xe1\x80'	7585
7385	(680, 272)	'者的'	7586
7386	(78, 345)	'Now'	7587
7387	(377, 352)	' Cam'	7588
7388	(820, 141)	'稍'	7589
7389	(683, 185)	'妹'	7590
7390	(685, 379)	' worse'	7591
7391	(314, 103)	' ng'	7592
7392	(1092, 129)	'ੁ'	7593
7393	(553, 655)	'业主'	7594
7394	(45, 67)	'-C'	7595
7395	(16170, 411)	' daughter'	7596
7396	(1146, 184)	' સ'	7597
7397	(1162, 1713)	' actual'	7598
7398	(2033, 2512)	' waiting'	7599
7399	(377, 16091)	' Council'	7600
7400	(104, 972)	'hib'	7601
7401	(828, 109)	' arm'	7602
7402	(82, 766)	'Rep'	7603
7403	(427, 2187)	'年底'	7605
7404	(291, 3228)	' dude'	7606
7405	(469, 154)	' К'	7607
7406	(4426, 308)	' critic'	7608
7407	(6165, 285)	' Angeles'	7609
7408	(284, 276)	' por'	7610
7409	(1580, 5263)	' је'	7611
7410	(1133, 1509)	'设备'	7612
7411	(5226, 115)	' residents'	7613
7412	(398, 97)	'ura'	7614
7413	(256, 279)	' ten'	7615
7414	(921, 459)	' users'	7616
7415	(655, 2661)	'主义'	7617
7416	(236, 158)	b'\xec\x9e'	7620
7417	(16184, 6213)	' husband'	7621
7418	(1117, 857)	'ınd'	7622
7419	(641, 112)	' Op'	7624
7420	(291, 964)	' dark'	7625
7421	(217, 137)	'ى'	7626
7422	(45, 924)	'-10'	7627
7423	(410, 146)	'冒'	7628
7424	(1982, 697)	' respect'	7629
7425	(77, 65)	'MA'	7630
7426	(1897, 1105)	'限制'	7631
7427	(394, 151)	'盗'	7632
7428	(1527, 121)	'Hey'	7633
7429	(98, 3106)	'board'	7634
7430	(5232, 350)	'尤其是'	7635
7431	(3303, 272)	'公布的'	7636
7432	(5587, 918)	'董事'	7638
7433	(353, 1947)	'aches'	7639
7434	(542, 2932)	' Green'	7640
7435	(1121, 901)	' ان'	7641
7436	(506, 428)	'会上'	7642
7437	(417, 263)	' Bre'	7643
7438	(462, 823)	'这位'	7644
7439	(1959, 899)	'团队'	7645
7440	(732, 149)	'捕'	7646
7441	(685, 321)	' worst'	7647
7442	(288, 1610)	'ario'	7648
7443	(1256, 142)	'虎'	7649
7444	(4405, 411)	' counter'	7650
7445	(2278, 657)	'离开'	7651
7446	(1700, 891)	' Brown'	7652
7447	(326, 115)	'ids'	7653
7448	(4786, 404)	' Smith'	7654
7449	(16129, 101)	' piece'	7655
7450	(973, 621)	' overall'	7656
7451	(590, 1072)	'也可以'	7657
7452	(5696, 1792)	' female'	7658
7453	(77, 477)	'More'	7659
7454	(414, 185)	b' \xe0\xb9'	7660
7455	(1156, 139)	'ো'	7661
7456	(284, 375)	' pun'	7662
7457	(415, 177)	'抱'	7663
7458	(713, 3381)	' sports'	7664
7459	(280, 143)	'亏'	7666
7460	(1124, 112)	' disp'	7667
7461	(499, 1369)	'uments'	7668
7462	(32, 1290)	' ult'	7670
7463	(4338, 1680)	' authorities'	7671
7464	(1221, 170)	' প'	7672
7465	(216, 182)	'ض'	7673
7466	(2123, 128)	'은'	7674
7467	(391, 293)	' Mal'	7675
7468	(16186, 400)	'加拿大'	7676
7469	(6027, 2169)	' budget'	7677
7470	(1001, 4128)	'据悉'	7678
7471	(4495, 1206)	' في'	7679
7472	(789, 619)	'体现'	7680
7473	(3002, 175)	'્ય'	7681
7474	(195, 185)	'ù'	7682
7475	(16130, 1672)	' International'	7683
7476	(32, 1704)	' é'	7684
7477	(699, 1105)	'机制'	7685
7478	(286, 1792)	' male'	7686
7479	(352, 109)	'amm'	7687
7480	(3666, 2477)	'父亲'	7688
7481	(174, 430)	b'\xae\xe1\x80'	7689
7482	(958, 689)	'从而'	7691
7483	(1337, 373)	' crim'	7692
7484	(1329, 667)	'显得'	7693
7485	(1063, 350)	'正是'	7694
7486	(311, 171)	'迫'	7695
7487	(1018, 3818)	' prevent'	7696
7488	(286, 1005)	' mach'	7697
7489	(291, 348)	' dad'	7698
7490	(1212, 142)	'黎'	7699
7491	(486, 2715)	'出席'	7700
7492	(431, 1796)	'change'	7701
7493	(490, 16199)	' November'	7702
7494	(645, 158)	'洞'	7703
7495	(1896, 118)	' surv'	7704
7496	(1356, 4517)	' additional'	7705
7497	(1504, 2263)	' کې'	7706
7498	(105, 3126)	'iety'	7707
7499	(504, 2243)	' shared'	7708
7500	(3493, 115)	' girls'	7709
7501	(1237, 460)	'那个'	7710
7502	(387, 142)	'扎'	7712
7503	(1695, 927)	'决赛'	7713
7504	(1922, 149)	'िक'	7714
7505	(2057, 4367)	'医疗'	7715
7506	(1069, 159)	'烟'	7716
7507	(277, 1849)	' bụ'	7717
7508	(588, 859)	' Even'	7718
7509	(582, 16187)	' album'	7719
7510	(256, 1086)	' table'	7720
7511	(395, 150)	'赖'	7721
7512	(314, 759)	' nine'	7722
7513	(2215, 5491)	'普遍'	7723
7514	(3340, 170)	'薪'	7724
7515	(16117, 485)	' largest'	7726
7516	(1272, 161)	'荡'	7727
7517	(53, 54)	'56'	7729
7518	(531, 2666)	' Like'	7730
7519	(528, 97)	'ula'	7731
7520	(606, 178)	'લ'	7732
7521	(401, 139)	'奋'	7733
7522	(815, 1850)	'点评'	7734
7523	(1333, 568)	'低于'	7735
7524	(5069, 830)	'盈利'	7736
7525	(48, 51)	'03'	7737
7526	(1840, 959)	' related'	7738
7527	(1687, 159)	'்ட'	7739
7528	(16004, 50)	' 2012'	7740
7529	(668, 99)	' unc'	7741
7530	(3592, 1952)	'ත්'	7742
7531	(2116, 773)	'食品'	7743
7532	(350, 460)	'是个'	7744
7533	(1459, 1528)	'广告'	7745
7534	(1022, 428)	'身上'	7747
7535	(79, 107)	'Ok'	7748
7536	(3336, 919)	' options'	7749
7537	(3694, 345)	' snow'	7750
7538	(408, 818)	'ooking'	7751
7539	(1740, 1277)	'博客'	7752
7540	(980, 16181)	' Chinese'	7753
7541	(1356, 1320)	' addition'	7754
7542	(333, 1592)	' repe'	7755
7543	(1808, 272)	'方面的'	7756
7544	(83, 80)	'SP'	7757
7545	(873, 293)	' qual'	7758
7546	(1431, 506)	'可能会'	7759
7547	(436, 635)	' Port'	7760
7548	(607, 1232)	'新华'	7761
7549	(1407, 3177)	'教练'	7762
7550	(55, 57)	'79'	7763
7551	(831, 836)	'رو'	7764
7552	(100, 111)	'do'	7765
7553	(2460, 258)	' skin'	7766
7554	(354, 373)	' Sim'	7767
7555	(103, 3037)	'gency'	7768
7556	(666, 714)	'本期'	7769
7557	(611, 423)	' plus'	7770
7558	(5737, 637)	' executive'	7771
7559	(272, 1917)	'的比赛'	7772
7560	(3211, 328)	' Play'	7773
7561	(1061, 2138)	'记录'	7774
7562	(4057, 287)	' charged'	7775
7563	(291, 258)	' din'	7776
7564	(126, 126)	'~~'	7777
7565	(1502, 272)	'发展的'	7778
7566	(2025, 142)	'慎'	7779
7567	(998, 285)	'aves'	7780
7568	(1961, 950)	'摄影'	7781
7569	(48, 54)	'06'	7782
7570	(2057, 534)	'医生'	7783
7571	(265, 110)	'onn'	7784
7572	(291, 5477)	' danger'	7785
7573	(588, 85)	' EU'	7786
7574	(2200, 1270)	' الم'	7787
7575	(358, 184)	'诸'	7788
7576	(1172, 3293)	'总经理'	7789
7577	(2329, 16178)	' Israel'	7790
7578	(5004, 548)	' encour'	7791
7579	(719, 100)	'odd'	7792
7580	(1844, 97)	'anna'	7793
7581	(799, 187)	'電'	7794
7582	(505, 267)	'ander'	7795
7583	(821, 4971)	' introd'	7796
7584	(268, 275)	' wit'	7797
7585	(4754, 274)	' Republican'	7798
7586	(1520, 3166)	' remains'	7799
7587	(804, 272)	'度的'	7800
7588	(264, 1158)	' sens'	7801
7589	(1938, 105)	'atti'	7802
7590	(108, 328)	'lay'	7803
7591	(16143, 6525)	' beautiful'	7804
7592	(300, 110)	' inn'	7805
7593	(663, 776)	'最好'	7806
7594	(569, 191)	'沿'	7808
7595	(848, 53)	' 35'	7809
7596	(52, 50)	'42'	7810
7597	(2204, 348)	' glad'	7811
7598	(105, 459)	'iers'	7812
7599	(611, 4648)	' places'	7813
7600	(692, 166)	'侦'	7814
7601	(287, 105)	'edi'	7815
7602	(3224, 110)	' damn'	7816
7603	(3249, 152)	'하'	7817
7604	(2006, 133)	'их'	7818
7605	(1706, 4868)	' میں'	7819
7606	(915, 3519)	' prison'	7820
7607	(52, 51)	'43'	7821
7608	(2070, 112)	' trip'	7822
7609	(373, 98)	'imb'	7823
7610	(286, 406)	' mill'	7824
7611	(45, 65)	'-A'	7825
7612	(1213, 776)	'做好'	7826
7613	(2462, 3252)	' continued'	7827
7614	(421, 612)	' weight'	7828
7615	(1235, 2904)	' accused'	7829
7616	(539, 3522)	'地震'	7830
7617	(376, 370)	' Aut'	7832
7618	(1282, 667)	'变得'	7833
7619	(66, 4690)	'Because'	7834
7620	(1774, 3894)	' laugh'	7835
7621	(103, 98)	'gb'	7836
7622	(611, 860)	' plays'	7837
7623	(740, 1010)	'资格'	7838
7624	(56, 424)	'800'	7839
7625	(277, 719)	' bod'	7840
7626	(791, 3037)	' agency'	7841
7627	(434, 1400)	' rates'	7842
7628	(1994, 16193)	' families'	7843
7629	(2681, 503)	' да'	7844
7630	(16015, 182)	'瓶'	7845
7631	(385, 4447)	' style'	7846
7632	(464, 281)	' Dis'	7847
7633	(761, 400)	'加大'	7849
7634	(267, 835)	'erry'	7850
7635	(365, 121)	'roy'	7851
7636	(1424, 170)	'横'	7852
7637	(1001, 2812)	'据了解'	7853
7638	(935, 187)	'邻'	7854
7639	(316, 288)	' gar'	7855
7640	(2038, 2038)	'往往'	7856
7641	(568, 350)	'于是'	7857
7642	(1232, 3263)	'华夏'	7858
7643	(710, 1285)	'ем'	7859
7644	(3192, 2477)	'母亲'	7860
7645	(293, 283)	'aling'	7861
7646	(1662, 545)	'研发'	7862
7647	(1385, 190)	'疾'	7863
7648	(99, 97)	'ca'	7864
7649	(392, 151)	'耗'	7865
7650	(2880, 115)	' levels'	7866
7651	(853, 767)	'当天'	7867
7652	(1367, 293)	'egal'	7868
7653	(85, 84)	'UT'	7869
7654	(476, 134)	'拆'	7870
7655	(284, 1933)	' para'	7871
7656	(1003, 114)	' contr'	7872
7657	(3132, 67)	' McC'	7873
7658	(815, 1941)	'点击'	7874
7659	(16182, 1378)	' platform'	7875
7660	(388, 132)	'径'	7876
7661	(16028, 4661)	' increasing'	7877
7662	(438, 166)	'敦'	7878
7663	(970, 467)	'及时'	7879
7664	(4600, 16005)	' People'	7880
7665	(496, 1075)	' Rob'	7881
7666	(106, 105)	'ji'	7883
7667	(962, 3416)	' playoff'	7884
7668	(359, 2266)	' items'	7885
7669	(903, 583)	' acqu'	7886
7670	(32, 2576)	' ç'	7887
7671	(618, 145)	'ố'	7888
7672	(1097, 521)	'应对'	7889
7673	(569, 159)	'沟'	7890
7674	(278, 6585)	' citiz'	7891
7675	(397, 837)	'人数'	7893
7676	(4760, 729)	' judge'	7894
7677	(308, 105)	'ici'	7895
7678	(3886, 3286)	'遭遇'	7896
7679	(348, 283)	'ading'	7898
7680	(375, 97)	'una'	7899
7681	(457, 185)	'纹'	7900
7682	(516, 152)	'忘'	7901
7683	(727, 3284)	'球迷'	7902
7684	(386, 1368)	'不再'	7903
7685	(566, 164)	'ত'	7904
7686	(391, 2244)	' Mex'	7905
7687	(1846, 115)	' feels'	7906
7688	(278, 835)	' cry'	7908
7689	(590, 2047)	'也许'	7909
7690	(421, 2457)	" we've"	7910
7691	(388, 146)	'徒'	7911
7692	(895, 103)	'berg'	7912
7693	(668, 2371)	' unless'	7913
7694	(1280, 4473)	'解释'	7914
7695	(385, 16190)	' streng'	7915
7696	(4333, 287)	' failed'	7916
7697	(1296, 4379)	'给予'	7917
7698	(1774, 3539)	' launch'	7918
7699	(352, 283)	'aming'	7919
7700	(363, 141)	'伍'	7920
7701	(284, 1553)	' pair'	7921
7702	(1227, 562)	'奖金'	7922
7703	(2539, 418)	' Phil'	7923
7704	(1459, 400)	'广大'	7925
7705	(2062, 729)	'ledge'	7926
7706	(1106, 97)	'awa'	7927
7707	(291, 3186)	' dream'	7928
7708	(741, 357)	'还在'	7929
7709	(2269, 4452)	' effective'	7930
7710	(103, 459)	'gers'	7931
7711	(16019, 3419)	' followed'	7932
7712	(293, 995)	'alty'	7933
7713	(792, 133)	'畅'	7934
7714	(111, 310)	'oom'	7935
7715	(1013, 747)	'ур'	7937
7716	(105, 330)	'iot'	7938
7717	(3201, 2629)	' raised'	7939
7718	(3006, 1253)	'免费'	7940
7719	(1397, 3532)	' attract'	7941
7720	(278, 16189)	' crazy'	7942
7721	(1524, 45)	' na-'	7943
7722	(305, 301)	' las'	7944
7723	(1088, 2441)	'女孩'	7945
7724	(4067, 1733)	' sunny'	7946
7725	(272, 786)	'的外'	7947
7726	(1094, 1131)	'增强'	7949
7727	(381, 3120)	' hearing'	7950
7728	(2784, 1661)	'分析师'	7951
7729	(301, 97)	'asa'	7952
7730	(601, 390)	'高中'	7953
7731	(4565, 925)	' murder'	7954
7732	(45, 2438)	'-year'	7955
7733	(4171, 2439)	'本报讯'	7956
7734	(434, 934)	' rare'	7957
7735	(1264, 816)	' blue'	7958
7736	(1476, 809)	'知名'	7959
7737	(1018, 3911)	' prefer'	7960
7738	(509, 130)	'剂'	7961
7739	(323, 161)	'ड'	7962
7740	(5103, 2373)	' Obama'	7963
7741	(16028, 1743)	' increased'	7964
7742	(46, 67)	'.C'	7965
7743	(496, 69)	' RE'	7966
7744	(5338, 1826)	'涂料'	7967
7745	(333, 5329)	' revenue'	7968
7746	(601, 2946)	'高端'	7969
7747	(336, 6031)	'一旦'	7971
7748	(381, 5543)	' heavy'	7972
7749	(428, 4325)	'上半年'	7973
7750	(1139, 424)	' 500'	7974
7751	(16025, 2775)	' required'	7975
7752	(1409, 336)	'统一'	7976
7753	(45, 379)	'-se'	7977
7754	(1291, 2717)	'原油'	7978
7755	(119, 485)	'west'	7979
7756	(3969, 170)	'踪'	7980
7757	(720, 139)	'谋'	7981
7758	(32, 4048)	' қ'	7982
7759	(2362, 163)	'าร'	7983
7760	(1806, 2396)	'助攻'	7984
7761	(732, 183)	'捷'	7985
7762	(910, 694)	'房产'	7986
7763	(877, 16196)	'情绪'	7987
7764	(1298, 1283)	'南京'	7988
7765	(1703, 157)	' ም'	7989
7766	(2269, 3381)	' efforts'	7990
7767	(535, 134)	'覆'	7991
7768	(286, 267)	' mer'	7992
7769	(515, 271)	'that'	7993
7770	(1218, 56)	'198'	7994
7771	(391, 477)	' More'	7995
7772	(550, 1877)	'场景'	7996
7773	(894, 427)	'明年'	7997
7774	(354, 293)	' Sal'	7998
7775	(1234, 495)	'想到'	7999
7776	(70, 67)	'FC'	8000
7777	(53, 55)	'57'	8001
7778	(797, 2399)	' advice'	8002
7779	(108, 276)	'lor'	8003
7780	(353, 527)	'acts'	8004
7781	(4857, 580)	b'\xe0\xaf\x88\xe0\xae'	8005
7782	(1972, 1084)	' putting'	8006
7783	(1801, 801)	'ship'	8007
7784	(1348, 1653)	'胜负'	8008
7785	(1305, 400)	'较大'	8009
7786	(2442, 5275)	' avoid'	8011
7787	(48, 52)	'04'	8012
7788	(542, 1123)	' Great'	8013
7789	(2223, 287)	' signed'	8014
7790	(890, 288)	' Star'	8015
7791	(467, 714)	'时期'	8016
7792	(666, 1022)	'本身'	8017
7793	(4753, 643)	' treatment'	8018
7794	(69, 813)	'Every'	8019
7795	(392, 144)	'耐'	8020
7796	(2326, 287)	' opened'	8021
7797	(916, 16180)	'特殊'	8022
7798	(1407, 5080)	'教授'	8023
7799	(279, 97)	'ena'	8024
7800	(684, 1022)	'自身'	8025
7801	(4167, 331)	' seriously'	8026
7802	(846, 954)	' peace'	8027
7803	(378, 1014)	'有着'	8028
7804	(2466, 166)	'ائ'	8029
7805	(906, 695)	'里面'	8030
7806	(2871, 4253)	' conditions'	8031
7807	(2607, 1032)	'黑色'	8032
7808	(357, 462)	'在这'	8033
7809	(980, 3482)	' Chief'	8034
7810	(801, 101)	'ipe'	8035
7811	(661, 5016)	' cancer'	8036
7812	(5528, 619)	'呈现'	8037
7813	(1696, 727)	'足球'	8038
7814	(391, 418)	' Mil'	8039
7815	(857, 267)	'nder'	8040
7816	(48, 50)	'02'	8041
7817	(1274, 539)	'各地'	8042
7818	(299, 167)	'內'	8043
7819	(963, 378)	'持有'	8044
7820	(417, 526)	' Bel'	8045
7821	(433, 108)	'cel'	8046
7822	(1671, 2877)	'板块'	8047
7823	(1611, 5991)	' independ'	8051
7824	(645, 170)	'洪'	8052
7825	(2687, 555)	'一定要'	8053
7826	(490, 5406)	' NFL'	8054
7827	(1076, 568)	'至于'	8055
7828	(341, 129)	'旁'	8056
7829	(57, 54)	'96'	8057
7830	(16009, 312)	"I'll"	8058
7831	(652, 737)	" hasn't"	8059
7832	(1573, 98)	' emb'	8060
7833	(256, 626)	' tast'	8061
7834	(216, 163)	'أ'	8062
7835	(1353, 144)	' ነ'	8063
7836	(1104, 164)	'ात'	8064
7837	(893, 2707)	' anyway'	8065
7838	(3459, 1005)	' approach'	8066
7839	(530, 691)	' notice'	8067
7840	(640, 518)	'就能'	8068
7841	(1962, 1661)	'设计师'	8069
7842	(1573, 112)	' emp'	8070
7843	(356, 79)	' TO'	8071
7844	(4076, 147)	'經'	8072
7845	(400, 1376)	'大盘'	8073
7846	(2901, 2216)	' Scott'	8074
7847	(430, 3782)	b'\xe1\x80\x90\xe1\x80'	8075
7848	(750, 161)	'坡'	8076
7849	(1552, 2184)	'份额'	8077
7850	(531, 273)	' Lou'	8078
7851	(6009, 331)	'arently'	8079
7852	(4656, 6502)	' absolutely'	8080
7853	(4047, 1952)	'ක්'	8081
7854	(2343, 6515)	' legisl'	8082
7855	(111, 367)	"o's"	8083
7856	(272, 1755)	'的学生'	8084
7857	(3498, 115)	' claims'	8085
7858	(1104, 130)	'ां'	8086
7859	(119, 274)	'wan'	8087
7860	(464, 904)	" Don't"	8088
7861	(1338, 121)	'ancy'	8089
7862	(939, 548)	' Your'	8090
7863	(1425, 149)	' క'	8091
7864	(57, 55)	'97'	8092
7865	(1419, 420)	'称为'	8093
7866	(84, 65)	'TA'	8094
7867	(3342, 2966)	' injured'	8095
7868	(1634, 910)	'购房'	8096
7869	(2626, 1313)	'独立'	8097
7870	(829, 709)	'相同'	8098
7871	(573, 5017)	'下滑'	8099
7872	(1600, 1429)	'尼亚'	8100
7873	(267, 1497)	'erman'	8101
7874	(1062, 6307)	' teacher'	8102
7875	(1011, 170)	' ਪ'	8103
7876	(5914, 1645)	'沪深'	8104
7877	(6767, 1163)	'elligence'	8105
7878	(832, 138)	'聊'	8106
7879	(2031, 110)	'ün'	8107
7880	(6081, 759)	' imagine'	8108
7881	(510, 477)	' Fore'	8109
7882	(385, 975)	' stick'	8110
7883	(2001, 5036)	'儿童'	8111
7884	(340, 156)	'甜'	8112
7885	(391, 458)	' Mag'	8113
7886	(115, 112)	'sp'	8114
7887	(196, 135)	'ć'	8115
7888	(6080, 4779)	' welcome'	8116
7889	(580, 178)	'ல'	8118
7890	(589, 137)	' उ'	8119
7891	(2792, 1470)	' easily'	8120
7892	(677, 5042)	' leaving'	8121
7893	(5002, 784)	'妻子'	8122
7894	(376, 99)	' Ac'	8123
7895	(586, 137)	'ሉ'	8124
7896	(2237, 2972)	'ිය'	8125
7897	(373, 334)	'iment'	8126
7898	(2728, 1010)	'严格'	8127
7899	(1389, 3052)	'欧盟'	8128
7900	(655, 721)	'主动'	8129
7901	(1532, 1219)	'山东'	8130
7902	(546, 2277)	' vari'	8131
7903	(1153, 190)	'驾'	8132
7904	(3051, 637)	' receive'	8133
7905	(463, 406)	' Hill'	8134
7906	(305, 285)	' les'	8135
7907	(73, 2459)	'ION'	8137
7908	(2329, 4764)	' Islam'	8138
7909	(662, 272)	'元的'	8139
7910	(1803, 397)	'男人'	8140
7911	(16070, 1400)	' updates'	8141
7912	(3008, 350)	'特别是'	8142
7913	(881, 427)	'两年'	8143
7914	(281, 105)	'isi'	8145
7915	(632, 532)	' train'	8146
7916	(16008, 132)	'ไ'	8147
7917	(683, 153)	'妙'	8149
7918	(415, 150)	'抖'	8150
7919	(833, 2674)	' closed'	8151
7920	(349, 162)	'卢'	8152
7921	(1603, 843)	'售价'	8153
7922	(3778, 276)	' color'	8154
7923	(116, 532)	'tain'	8155
7924	(1612, 1613)	'居住'	8156
7925	(1607, 3054)	'类似'	8157
7926	(6581, 581)	' literally'	8158
7927	(632, 273)	' trou'	8159
7928	(4021, 4021)	'纷纷'	8160
7929	(2621, 4388)	' influ'	8161
7930	(72, 68)	'HD'	8162
7931	(1533, 420)	'仅为'	8163
7932	(3446, 3757)	' Commission'	8164
7933	(3766, 272)	'之间的'	8165
7934	(562, 2184)	'金额'	8166
7935	(4018, 5209)	' employees'	8167
7936	(824, 3474)	'重庆'	8169
7937	(1876, 545)	'引发'	8170
7938	(1112, 141)	'舍'	8171
7939	(1002, 134)	'ె'	8172
7940	(871, 420)	'更为'	8173
7941	(1071, 121)	'olly'	8174
7942	(2792, 2021)	' easier'	8175
7943	(278, 1238)	' cold'	8176
7944	(708, 272)	'部的'	8177
7945	(3575, 721)	'启动'	8178
7946	(3448, 1903)	' Johnson'	8179
7947	(1893, 3847)	'世界杯'	8180
7948	(216, 166)	'ئ'	8181
7949	(4457, 115)	'chers'	8182
7950	(1251, 331)	'iously'	8183
7951	(824, 1597)	'重视'	8184
7952	(65, 104)	'Ah'	8185
7953	(1092, 130)	'ੂ'	8186
7954	(5133, 570)	b'\xe0\xb1\x87\xe0\xb0'	8187
7955	(434, 651)	' rap'	8188
7956	(309, 138)	'刊'	8189
7957	(2685, 2138)	'纪录'	8190
7958	(422, 175)	'贯'	8191
7959	(1234, 555)	'想要'	8192
7960	(32, 574)	' ess'	8193
7961	(546, 353)	' vac'	8194
7962	(82, 65)	'RA'	8195
7963	(288, 671)	'aries'	8196
7964	(2252, 1798)	'举办'	8197
7965	(305, 4679)	' loved'	8198
7966	(380, 148)	'孔'	8200
7967	(434, 4560)	' rule'	8201
7968	(385, 4068)	' stories'	8202
7969	(1146, 174)	' મ'	8203
7970	(6029, 678)	' ensure'	8204
7971	(429, 185)	'役'	8205
7972	(1224, 2881)	'认识'	8206
7973	(427, 804)	'年度'	8207
7974	(377, 6163)	' CEO'	8208
7975	(2203, 283)	' hoping'	8210
7976	(916, 1032)	'特色'	8211
7977	(749, 272)	'小的'	8212
7978	(107, 267)	'ker'	8213
7979	(602, 944)	'ис'	8214
7980	(1504, 831)	' کر'	8215
7981	(284, 964)	' park'	8216
7982	(471, 155)	'ป'	8217
7983	(1420, 630)	' award'	8218
7984	(395, 154)	'赚'	8219
7985	(1812, 804)	'角度'	8220
7986	(272, 1463)	'的产品'	8221
7987	(1924, 992)	' France'	8222
7988	(602, 1345)	'ив'	8223
7989	(2449, 1001)	'占据'	8224
7990	(436, 263)	' Pre'	8225
7991	(792, 170)	'番'	8227
7992	(1097, 665)	'应用'	8228
7993	(1080, 553)	'物业'	8229
7994	(707, 161)	'污'	8230
7995	(1337, 6189)	' crowd'	8231
7996	(361, 2169)	' forget'	8232
7997	(391, 2666)	' Mike'	8233
7998	(331, 110)	'lyn'	8234
7999	(294, 103)	' ang'	8235
8000	(292, 450)	' tool'	8236
8001	(744, 1280)	'理解'	8237
8002	(771, 272)	'定的'	8238
8003	(16230, 16095)	'咨询'	8239
8004	(305, 328)	' lay'	8240
8005	(2530, 1464)	'细节'	8241
8006	(4034, 428)	'实际上'	8242
8007	(2987, 331)	' clearly'	8243
8008	(230, 134)	b'\xe6\x86'	8244
8009	(487, 174)	'浮'	8245
8010	(1702, 746)	'ground'	8246
8011	(284, 115)	' ps'	8247
8012	(1464, 518)	'节能'	8248
8013	(1131, 272)	'强的'	8250
8014	(417, 369)	' Big'	8251
8015	(32, 618)	b' \xe1\xbb'	8252
8016	(1162, 637)	' active'	8253
8017	(264, 2948)	' sym'	8254
8018	(2097, 3233)	' про'	8255
8019	(1829, 145)	'塑'	8256
8020	(504, 370)	' shut'	8257
8021	(629, 178)	'ਲ'	8258
8022	(1327, 571)	'组成'	8260
8023	(596, 1553)	' chair'	8261
8024	(613, 379)	' These'	8262
8025	(685, 835)	' worry'	8263
8026	(2429, 283)	' killing'	8264
8027	(45, 55)	'-7'	8265
8028	(844, 520)	'看来'	8266
8029	(2198, 176)	'్ర'	8267
8030	(1230, 1347)	'指导'	8268
8031	(54, 55)	'67'	8269
8032	(98, 263)	'bre'	8270
8033	(1227, 1262)	'奖号'	8271
8034	(16004, 49)	' 2011'	8272
8035	(2562, 428)	'晚上'	8273
8036	(316, 2932)	' green'	8275
8037	(733, 607)	'全新'	8276
8038	(2742, 1379)	'ले'	8277
8039	(3714, 4765)	' है'	8278
8040	(391, 111)	' Mo'	8279
8041	(464, 274)	' Dan'	8280
8042	(16205, 1014)	'意味着'	8281
8043	(5892, 112)	' purp'	8282
8044	(5922, 1032)	'颜色'	8283
8045	(286, 1699)	' max'	8284
8046	(1229, 287)	' feed'	8285
8047	(1049, 428)	'市场上'	8286
8048	(1235, 1151)	' accident'	8287
8049	(297, 271)	' hat'	8288
8050	(314, 16192)	' nuclear'	8289
8051	(744, 2942)	'理念'	8290
8052	(268, 1699)	' wax'	8291
8053	(309, 183)	'刷'	8292
8054	(1425, 181)	' వ'	8294
8055	(825, 1099)	'性感'	8296
8056	(530, 101)	' note'	8297
8057	(32, 691)	' ice'	8298
8058	(1021, 657)	'展开'	8299
8059	(284, 4480)	' paper'	8300
8060	(369, 97)	'iga'	8301
8061	(4975, 2243)	' appeared'	8302
8062	(1093, 116)	'ət'	8304
8063	(369, 274)	'igan'	8305
8064	(2951, 1386)	'追求'	8306
8065	(763, 179)	'艳'	8307
8066	(1425, 133)	' అ'	8308
8067	(5322, 2205)	' features'	8309
8068	(3717, 1422)	' draft'	8310
8069	(2550, 285)	' businesses'	8311
8070	(310, 279)	'omen'	8312
8071	(2012, 1371)	'段时间'	8313
8072	(464, 285)	' Des'	8314
8073	(297, 5110)	' hurt'	8315
8074	(549, 151)	'俗'	8316
8075	(373, 499)	'imum'	8317
8076	(836, 1270)	'وم'	8318
8077	(275, 122)	'itz'	8319
8078	(433, 287)	'ceed'	8320
8079	(707, 164)	'汤'	8321
8080	(2119, 495)	'拿到'	8322
8081	(463, 621)	' Hall'	8323
8082	(1102, 2895)	'无疑'	8324
8083	(510, 5220)	' First'	8325
8084	(540, 357)	'日在'	8326
8085	(702, 138)	' ي'	8327
8086	(540, 3158)	'日消息'	8328
8087	(595, 1472)	'公共'	8330
8088	(1157, 4601)	' partners'	8331
8089	(272, 390)	'的中'	8332
8090	(779, 5125)	'平衡'	8333
8091	(562, 1988)	'金属'	8334
8092	(3181, 396)	'采用了'	8335
8093	(256, 675)	' tough'	8336
8094	(2929, 2137)	'However'	8337
8095	(1161, 495)	'回到'	8338
8096	(866, 143)	'柏'	8339
8097	(272, 623)	'的前'	8340
8098	(1099, 877)	'感情'	8341
8099	(1379, 2544)	'ें'	8342
8100	(440, 136)	'览'	8343
8101	(596, 1321)	' champ'	8344
8102	(1110, 322)	'ression'	8345
8103	(866, 148)	'柔'	8346
8104	(1953, 156)	'猜'	8347
8105	(2836, 2545)	' basically'	8348
8106	(2871, 1320)	' condition'	8349
8107	(2499, 179)	'碳'	8350
8108	(114, 617)	'rist'	8351
8109	(417, 398)	' Bur'	8352
8110	(648, 164)	'肤'	8353
8111	(46, 84)	'.T'	8354
8112	(662, 1769)	'元素'	8355
8113	(5442, 110)	'ên'	8356
8114	(586, 170)	'ሪ'	8357
8115	(112, 370)	'put'	8358
8116	(935, 147)	'邓'	8359
8117	(2673, 1971)	'群众'	8361
8118	(576, 460)	'多个'	8362
8119	(332, 1257)	'ette'	8363
8120	(469, 156)	' М'	8364
8121	(272, 2733)	'的方式'	8365
8122	(469, 161)	' С'	8366
8123	(2238, 3252)	' issued'	8367
8124	(1093, 108)	'əl'	8368
8125	(1936, 5681)	b' \xe1\x80\xa1\xe1\x80'	8369
8126	(1093, 115)	'əs'	8370
8127	(378, 888)	'有一个'	8371
8128	(557, 1787)	'分红'	8372
8129	(522, 1601)	'ables'	8374
8130	(849, 331)	'ously'	8375
8131	(546, 4136)	' voice'	8376
8132	(2316, 5515)	'卫浴'	8377
8133	(69, 69)	'EE'	8378
8134	(582, 16102)	' although'	8379
8135	(6668, 258)	'stein'	8380
8136	(943, 505)	' expand'	8381
8137	(588, 118)	' Ev'	8382
8138	(16191, 156)	'로'	8383
8139	(66, 108)	'Bl'	8384
8140	(4249, 1682)	' excited'	8385
8141	(827, 1535)	'很快'	8386
8142	(2848, 695)	'画面'	8387
8143	(1195, 700)	'科比'	8388
8144	(542, 7014)	' General'	8389
8145	(1564, 499)	' assum'	8390
8146	(467, 272)	'时的'	8391
8147	(458, 267)	'ager'	8392
8148	(320, 1247)	'level'	8393
8149	(458, 1782)	'agement'	8394
8150	(278, 626)	' cast'	8395
8151	(539, 823)	'地位'	8396
8152	(1113, 2152)	'战绩'	8397
8153	(101, 1530)	'ext'	8398
8154	(655, 1363)	'主演'	8399
8155	(491, 16148)	' journal'	8400
8156	(1823, 116)	' sett'	8402
8157	(315, 140)	'昌'	8403
8158	(3641, 1666)	'逐步'	8405
8159	(674, 283)	' willing'	8406
8160	(3208, 367)	" There's"	8407
8161	(308, 528)	'icul'	8408
8162	(315, 130)	'昂'	8409
8163	(4107, 961)	'while'	8411
8164	(547, 135)	'颇'	8412
8165	(3580, 143)	'鹏'	8413
8166	(428, 396)	'上了'	8414
8167	(571, 4365)	'成熟'	8415
8168	(2358, 178)	'ில'	8416
8169	(385, 3718)	' street'	8417
8170	(890, 766)	' Step'	8418
8171	(496, 1410)	' Rock'	8419
8172	(480, 122)	'riz'	8420
8173	(556, 350)	'可是'	8422
8174	(471, 183)	'ื'	8423
8175	(1543, 3358)	'反映'	8424
8176	(2383, 6788)	'习惯'	8425
8177	(1021, 979)	'展示'	8426
8178	(278, 3538)	' code'	8427
8179	(78, 69)	'NE'	8428
8180	(4072, 1032)	'绿色'	8429
8181	(2070, 293)	' trial'	8430
8182	(931, 2937)	'民族'	8431
8183	(381, 365)	' hero'	8432
8184	(3080, 850)	'्या'	8433
8185	(1088, 784)	'女子'	8434
8186	(278, 6282)	' caught'	8435
8187	(4023, 1804)	'损失'	8436
8188	(278, 301)	' cas'	8437
8189	(6111, 441)	' conversation'	8438
8190	(551, 186)	'挺'	8439
8191	(1646, 350)	'则是'	8440
8192	(1992, 1180)	' investors'	8442
8193	(3384, 420)	'分别为'	8443
8194	(812, 459)	' offers'	8444
8195	(1569, 3985)	'的一個'	8445
8196	(1450, 50)	'2012'	8446
8197	(2817, 283)	' buying'	8447
8198	(666, 1195)	'本科'	8448
8199	(291, 310)	' dom'	8449
8200	(1503, 458)	' flag'	8450
8201	(655, 1812)	'主角'	8451
8202	(442, 104)	' kh'	8453
8203	(51, 1266)	'3000'	8454
8204	(1678, 556)	'即可'	8455
8205	(2064, 740)	'融资'	8456
8206	(275, 105)	'iti'	8457
8207	(2132, 1570)	'奇才'	8458
8208	(4335, 4317)	' network'	8459
8209	(3851, 5199)	' English'	8460
8210	(1907, 1029)	' retail'	8461
8211	(346, 16213)	' beyond'	8462
8212	(3160, 804)	'印度'	8463
8213	(1614, 1222)	' finish'	8464
8214	(1961, 1387)	'摄像'	8465
8215	(4734, 1621)	'讨论'	8466
8216	(282, 6587)	' fresh'	8467
8217	(4127, 16218)	' yesterday'	8468
8218	(1099, 1128)	'感受'	8469
8219	(16085, 7005)	' challenge'	8470
8220	(856, 6402)	' computer'	8471
8221	(573, 396)	'下了'	8472
8222	(3736, 527)	' starts'	8473
8223	(1467, 275)	' commit'	8474
8224	(305, 39)	" l'"	8475
8225	(417, 121)	' By'	8476
8226	(1076, 1107)	'至今'	8478
8227	(336, 767)	'一天'	8479
8228	(334, 2497)	'entially'	8480
8229	(708, 780)	'部长'	8481
8230	(395, 143)	'赏'	8482
8231	(464, 2069)	' Direct'	8483
8232	(649, 769)	'от'	8484
8233	(932, 875)	' image'	8485
8234	(392, 182)	'耶'	8486
8235	(800, 357)	'所在'	8487
8236	(486, 1275)	'出台'	8488
8237	(423, 637)	'usive'	8489
8238	(407, 178)	'玲'	8490
8239	(7063, 1147)	' Canadian'	8491
8240	(3751, 1320)	' competition'	8492
8241	(561, 168)	'辨'	8494
8242	(16110, 308)	' communic'	8495
8243	(16140, 1492)	' weapons'	8496
8244	(476, 150)	'拖'	8497
8245	(933, 16151)	'通胀'	8498
8246	(3016, 326)	' solid'	8499
8247	(990, 186)	'铺'	8500
8248	(272, 2128)	'的主要'	8501
8249	(460, 5215)	'个篮板'	8502
8250	(1219, 620)	'东方'	8503
8251	(2116, 1080)	'食物'	8504
8252	(893, 5814)	' anymore'	8505
8253	(1829, 171)	'填'	8506
8254	(477, 115)	'ores'	8507
8255	(1069, 167)	'烧'	8508
8256	(2276, 115)	' obs'	8509
8257	(1669, 53)	'1.5'	8510
8258	(2804, 373)	' estim'	8511
8259	(4650, 2419)	'寻找'	8512
8260	(438, 184)	'數'	8513
8261	(318, 114)	' Ir'	8514
8262	(945, 5634)	'提醒'	8515
8263	(1225, 272)	'型的'	8516
8264	(340, 152)	'甘'	8517
8265	(1380, 737)	" shouldn't"	8518
8266	(655, 1217)	'主题'	8519
8267	(272, 3689)	'的地方'	8520
8268	(272, 2478)	'的表现'	8521
8269	(1587, 115)	' helps'	8522
8270	(3392, 2315)	'ને'	8523
8271	(1595, 156)	'娜'	8524
8272	(3324, 1190)	'收益率'	8525
8273	(4858, 1155)	' beginning'	8526
8274	(297, 16208)	' hundred'	8527
8275	(5251, 115)	' victims'	8528
8276	(103, 117)	'gu'	8529
8277	(2329, 1760)	' Island'	8530
8278	(788, 788)	'等等'	8531
8279	(385, 441)	' station'	8532
8280	(6279, 1434)	'Maybe'	8533
8281	(397, 1607)	'人类'	8534
8282	(16165, 3538)	' episode'	8535
8283	(1388, 345)	' throw'	8536
8284	(1914, 115)	' seconds'	8537
8285	(1503, 3235)	' floor'	8538
8286	(281, 267)	'iser'	8539
8287	(3028, 16197)	' Amazon'	8540
8288	(318, 527)	' Its'	8541
8289	(576, 807)	'多次'	8542
8290	(348, 105)	'adi'	8543
8291	(2103, 4367)	'治疗'	8544
8292	(803, 894)	'表明'	8545
8293	(495, 2187)	'到底'	8546
8294	(5175, 322)	'ription'	8547
8295	(2452, 97)	' kinda'	8548
8296	(16114, 141)	'軍'	8549
8297	(434, 1490)	' rise'	8550
8298	(576, 1044)	'多种'	8551
8299	(1676, 6073)	'清楚'	8552
8300	(649, 944)	'ос'	8553
8301	(3089, 2059)	'判断'	8554
8302	(1557, 597)	'北京市'	8555
8303	(278, 16091)	' council'	8556
8304	(504, 105)	' shi'	8557
8305	(436, 83)	' PS'	8558
8306	(4396, 331)	' previously'	8559
8307	(72, 3378)	'Haha'	8560
8308	(3692, 875)	' Image'	8561
8309	(305, 2764)	' load'	8562
8310	(4631, 3372)	' ኣብ'	8563
8311	(386, 3139)	'不知道'	8564
8312	(848, 50)	' 32'	8565
8313	(486, 419)	'出国'	8566
8314	(1564, 4740)	' assault'	8567
8315	(531, 332)	' Let'	8568
8316	(778, 143)	'描'	8569
8317	(1798, 744)	'办理'	8570
8318	(1465, 3561)	'支付'	8571
8319	(1405, 721)	'流动'	8572
8320	(314, 2177)	' north'	8573
8321	(108, 1117)	'lı'	8574
8322	(1854, 101)	'iye'	8575
8323	(669, 146)	'炒'	8576
8324	(4135, 70)	'ETF'	8577
8325	(4579, 161)	'蔡'	8578
8326	(264, 2245)	' south'	8579
8327	(991, 53)	'2005'	8580
8328	(6647, 287)	' described'	8581
8329	(1989, 682)	' talks'	8582
8330	(71, 111)	'Go'	8583
8331	(3495, 1381)	'播放'	8584
8332	(67, 108)	'Cl'	8585
8333	(548, 115)	'ours'	8586
8334	(669, 188)	'炼'	8587
8335	(298, 191)	'仿'	8588
8336	(1629, 185)	'腹'	8589
8337	(720, 168)	'谨'	8590
8338	(2484, 176)	'翰'	8591
8339	(590, 681)	'也将'	8592
8340	(5598, 1655)	'敬请'	8593
8341	(1573, 330)	' emot'	8594
8342	(387, 176)	'扰'	8595
8343	(2094, 6212)	' announce'	8596
8344	(448, 143)	'栏'	8597
8345	(648, 169)	'肩'	8598
8346	(277, 4878)	' battle'	8599
8347	(602, 1137)	'ид'	8600
8348	(1476, 2881)	'知识'	8601
8349	(272, 1539)	'的游戏'	8602
8350	(3364, 5185)	' patients'	8603
8351	(794, 158)	'胞'	8604
8352	(2812, 495)	'了解到'	8605
8353	(1368, 804)	'再度'	8606
8354	(2029, 555)	'必要'	8607
8355	(4453, 115)	' concerns'	8608
8356	(586, 154)	'ሚ'	8609
8357	(314, 6890)	' natural'	8610
8358	(601, 804)	'高度'	8611
8359	(3370, 636)	' majority'	8612
8360	(596, 111)	' cho'	8613
8361	(2756, 532)	' explain'	8614
8362	(76, 101)	'Le'	8615
8363	(57, 50)	'92'	8616
8364	(7069, 3874)	' thousands'	8617
8365	(421, 288)	' wear'	8618
8366	(1337, 787)	' crime'	8619
8367	(471, 184)	'ุ'	8620
8368	(648, 140)	'肌'	8621
8369	(1091, 272)	'股的'	8622
8370	(1567, 164)	' த'	8623
8371	(2924, 1155)	' planning'	8624
8372	(1535, 1641)	'快乐'	8625
8373	(377, 1492)	' Cons'	8626
8374	(618, 167)	'ủ'	8628
8375	(4663, 519)	' Senate'	8629
8376	(566, 172)	'ব'	8630
8377	(4211, 149)	'燕'	8631
8378	(512, 4160)	' comfort'	8632
8379	(1567, 174)	' ம'	8633
8380	(1299, 3221)	'结婚'	8634
8381	(1998, 115)	' markets'	8635
8382	(619, 562)	'现金'	8636
8383	(844, 790)	'看法'	8637
8384	(881, 5088)	'两岸'	8638
8385	(4983, 691)	' Office'	8639
8386	(418, 97)	'ila'	8640
8387	(329, 157)	'尝'	8641
8388	(3268, 283)	' holding'	8642
8389	(217, 185)	'ٹ'	8643
8390	(494, 114)	'ustr'	8644
8391	(1567, 133)	' அ'	8646
8392	(256, 365)	' tro'	8647
8393	(752, 115)	'inds'	8648
8394	(1663, 2849)	' minister'	8649
8395	(1761, 173)	' ይ'	8650
8396	(714, 2251)	'期货'	8651
8397	(651, 104)	'aph'	8652
8398	(356, 1856)	' Times'	8653
8399	(910, 4843)	'房屋'	8654
8400	(377, 497)	' Could'	8655
8401	(1458, 133)	' අ'	8656
8402	(945, 979)	'提示'	8657
8403	(408, 408)	'oooo'	8658
8404	(534, 272)	'生的'	8659
8405	(4931, 331)	' particularly'	8660
8406	(6261, 961)	' mobile'	8661
8407	(1124, 101)	' dise'	8662
8408	(3873, 1319)	'估值'	8663
8409	(1927, 135)	'篇'	8664
8410	(32, 972)	' ib'	8665
8411	(1501, 139)	'残'	8666
8412	(68, 67)	'DC'	8667
8413	(78, 65)	'NA'	8668
8414	(788, 1179)	'等级'	8669
8415	(1385, 175)	'疯'	8670
8416	(960, 2078)	'并不是'	8671
8417	(16226, 4599)	' Florida'	8672
8418	(1124, 5068)	' display'	8673
8419	(268, 1259)	' wild'	8674
8420	(471, 136)	'จ'	8675
8421	(641, 102)	' Of'	8676
8422	(2825, 115)	' reasons'	8677
8423	(1374, 598)	'她们'	8678
8424	(713, 3130)	' spending'	8679
8425	(3957, 159)	'機'	8680
8426	(284, 2978)	' push'	8681
8427	(1172, 1409)	'总统'	8682
8428	(559, 115)	' pros'	8683
8429	(400, 5581)	'大多数'	8684
8430	(397, 1570)	'人才'	8685
8431	(2065, 16254)	'陈水扁'	8686
8432	(2286, 367)	" company's"	8687
8433	(317, 155)	'君'	8688
8434	(1543, 1097)	'反应'	8689
8435	(118, 604)	'vant'	8691
8436	(1052, 691)	' twice'	8692
8437	(2420, 411)	' letter'	8693
8438	(1663, 2140)	' minute'	8694
8439	(333, 5534)	' reached'	8695
8440	(657, 3575)	'开启'	8697
8441	(1413, 283)	' showing'	8698
8442	(5554, 16142)	' published'	8699
8443	(430, 148)	'န'	8700
8444	(825, 453)	'性和'	8701
8445	(3236, 345)	' window'	8702
8446	(3585, 861)	'Also'	8703
8447	(1146, 164)	' ત'	8704
8448	(1329, 912)	'显然'	8705
8449	(5526, 4989)	' immigr'	8706
8450	(16003, 168)	'墨'	8707
8451	(1556, 1905)	'运营'	8708
8452	(1629, 190)	'腾'	8709
8453	(323, 159)	'ट'	8711
8454	(627, 1159)	'اک'	8712
8455	(1003, 5583)	' contribut'	8713
8456	(1665, 283)	'coming'	8714
8457	(4932, 283)	' losing'	8715
8458	(5838, 5897)	' revealed'	8716
8459	(1221, 143)	' এ'	8717
8460	(2622, 121)	' fully'	8718
8461	(354, 107)	' Sk'	8719
8462	(2224, 557)	'百分'	8720
8463	(592, 352)	' exam'	8721
8464	(225, 16123)	'ṣ'	8722
8465	(709, 714)	'同期'	8723
8466	(1696, 1354)	'足彩'	8724
8467	(1029, 287)	'ailed'	8725
8468	(2090, 130)	'魂'	8726
8469	(101, 97)	'ea'	8727
8470	(16128, 1713)	' individual'	8728
8471	(1658, 322)	' Union'	8729
8472	(464, 105)	' Di'	8730
8473	(978, 2881)	'意识'	8731
8474	(666, 550)	'本场'	8732
8475	(86, 69)	'VE'	8733
8476	(233, 132)	b'\xe9\x84'	8735
8477	(180, 235)	b'\xb4\xeb'	8737
8478	(2936, 2587)	'农村'	8738
8479	(282, 604)	' fant'	8739
8480	(1009, 600)	' income'	8740
8481	(2035, 506)	'委会'	8741
8482	(896, 139)	'袋'	8742
8483	(2765, 831)	' پر'	8743
8484	(105, 279)	'ien'	8744
8485	(2502, 16042)	' department'	8745
8486	(256, 373)	' tim'	8746
8487	(413, 188)	'逼'	8747
8488	(305, 308)	' lic'	8748
8489	(3310, 330)	' promot'	8749
8490	(2154, 961)	' While'	8750
8491	(436, 642)	' Post'	8751
8492	(2128, 350)	'主要是'	8752
8493	(657, 1227)	'开奖'	8753
8494	(108, 111)	'lo'	8754
8495	(1630, 1455)	'案件'	8755
8496	(2759, 480)	'ropri'	8756
8497	(291, 4448)	' domin'	8757
8498	(5951, 5951)	'★★'	8758
8499	(463, 352)	' Ham'	8759
8500	(391, 406)	' Mill'	8760
8501	(6962, 1782)	' agreement'	8761
8502	(272, 1431)	'的可能'	8762
8503	(313, 191)	'宿'	8763
8504	(4211, 131)	'燃'	8764
8505	(1348, 830)	'胜利'	8765
8506	(3342, 16200)	' injuries'	8766
8507	(16101, 2514)	' professional'	8767
8508	(4511, 970)	'涉及'	8768
8509	(2891, 5153)	' stopped'	8769
8510	(99, 274)	'can'	8771
8511	(890, 114)	' Str'	8772
8512	(1567, 181)	' வ'	8773
8513	(16008, 131)	'ใ'	8774
8514	(1099, 1308)	'感光'	8775
8515	(510, 946)	' Fire'	8777
8516	(2436, 287)	' passed'	8778
8517	(52, 49)	'41'	8779
8518	(984, 163)	'灣'	8781
8519	(411, 121)	'tery'	8782
8520	(2230, 817)	' Americans'	8784
8521	(538, 1234)	'我想'	8785
8522	(318, 5118)	' Iran'	8786
8523	(1305, 420)	'较为'	8787
8524	(853, 390)	'当中'	8788
8525	(983, 150)	'糖'	8789
8526	(354, 283)	' Sing'	8790
8527	(6096, 2331)	'搜索'	8791
8528	(713, 108)	' spl'	8792
8529	(618, 129)	'ề'	8793
8530	(619, 775)	'现实'	8794
8531	(405, 146)	'寒'	8795
8532	(1382, 105)	'iki'	8796
8533	(117, 1873)	'uwa'	8797
8534	(278, 1680)	' cities'	8798
8535	(216, 176)	'ذ'	8799
8536	(665, 272)	'用的'	8800
8537	(336, 976)	'一只'	8801
8538	(421, 3120)	' wearing'	8802
8539	(284, 332)	' pet'	8803
8540	(1148, 503)	'ка'	8804
8541	(3380, 2904)	' caused'	8805
8542	(272, 1318)	'的投资'	8806
8543	(2271, 134)	'婆'	8807
8544	(83, 69)	'SE'	8808
8545	(969, 179)	'ዳ'	8809
8546	(761, 1535)	'加快'	8811
8547	(1013, 879)	'ул'	8812
8548	(2402, 1900)	'跌幅'	8813
8549	(105, 591)	'ipp'	8814
8550	(1487, 188)	'狼'	8815
8551	(1288, 16232)	'别墅'	8816
8552	(559, 6549)	' projects'	8817
8553	(2462, 1606)	' continues'	8818
8554	(1231, 2047)	'或许'	8819
8555	(109, 288)	'mar'	8820
8556	(3834, 518)	'智能'	8821
8557	(421, 2063)	' weather'	8822
8558	(436, 2258)	' Prem'	8823
8559	(1042, 97)	'uga'	8824
8560	(118, 105)	'vi'	8826
8561	(3264, 1488)	' eventually'	8827
8562	(670, 168)	'轨'	8828
8563	(1172, 350)	'总是'	8829
8564	(3518, 283)	' trading'	8831
8565	(6688, 128)	'지'	8832
8566	(1472, 378)	'共有'	8833
8567	(713, 1715)	' spread'	8835
8568	(16024, 2077)	'্র'	8836
8569	(361, 4229)	' forced'	8837
8570	(2836, 281)	' basis'	8838
8571	(49, 1442)	'150'	8839
8572	(385, 263)	' stre'	8840
8573	(421, 121)	' wey'	8841
8574	(476, 148)	'拔'	8842
8575	(326, 104)	'idh'	8843
8576	(318, 73)	' II'	8844
8577	(575, 166)	'哦'	8845
8578	(4732, 6086)	' George'	8846
8579	(520, 396)	'来了'	8847
8580	(343, 320)	' ele'	8848
8581	(1300, 2415)	'规范'	8850
8582	(1381, 357)	'放在'	8851
8583	(464, 1864)	' Def'	8852
8584	(77, 77)	'MM'	8853
8585	(1608, 843)	'均价'	8854
8586	(231, 141)	b'\xe7\x8d'	8855
8587	(3230, 275)	' Edit'	8856
8588	(323, 156)	'ज'	8857
8589	(406, 121)	'illy'	8858
8590	(16201, 308)	' traffic'	8859
8591	(2614, 800)	'交易所'	8860
8592	(793, 156)	'姜'	8861
8593	(436, 67)	' PC'	8862
8594	(721, 745)	'动力'	8863
8595	(1741, 1000)	'确保'	8864
8596	(119, 117)	'wu'	8865
8597	(5072, 637)	' massive'	8866
8598	(3659, 830)	'顺利'	8867
8599	(16048, 276)	' histor'	8868
8600	(16056, 16204)	' highest'	8869
8601	(2136, 396)	'出现了'	8870
8602	(2688, 283)	' telling'	8871
8603	(89, 548)	'Your'	8872
8604	(4007, 1895)	' እን'	8873
8605	(7187, 6858)	' tomorrow'	8874
8606	(4321, 1682)	' limited'	8875
8607	(1055, 2928)	'信贷'	8876
8608	(4171, 1331)	'本报记者'	8877
8609	(87, 345)	'Wow'	8878
8610	(1822, 459)	' owners'	8879
8611	(655, 1348)	'主胜'	8880
8612	(16149, 3086)	' https'	8881
8613	(496, 402)	' Rec'	8882
8614	(16202, 2680)	'fortunately'	8883
8615	(1844, 526)	'annel'	8884
8616	(1840, 2071)	' relative'	8885
8617	(1458, 184)	' ම'	8886
8618	(2897, 182)	'島'	8887
8619	(3675, 283)	'ifying'	8888
8620	(325, 136)	'戈'	8890
8621	(378, 815)	'有点'	8891
8622	(5212, 1406)	' Company'	8892
8623	(641, 70)	' OF'	8893
8624	(569, 136)	'沈'	8894
8625	(531, 1106)	' Law'	8895
8626	(2701, 3053)	'志愿'	8896
8627	(282, 961)	' file'	8897
8628	(1336, 1220)	'图片'	8898
8629	(1850, 843)	'评价'	8899
8630	(811, 708)	'内部'	8900
8631	(1989, 334)	' talent'	8901
8632	(1420, 4145)	' awọn'	8902
8633	(1213, 272)	'做的'	8903
8634	(906, 908)	'里斯'	8904
8635	(232, 185)	b'\xe8\xb9'	8905
8636	(418, 287)	'iled'	8906
8637	(467, 3688)	'时刻'	8907
8638	(386, 776)	'不好'	8908
8639	(391, 1307)	' Miss'	8909
8640	(5608, 3696)	' camera'	8910
8641	(2367, 283)	' meaning'	8911
8642	(1157, 1946)	' partner'	8912
8643	(980, 16228)	' Chicago'	8913
8644	(560, 274)	'akan'	8914
8645	(2598, 3123)	' deliver'	8915
8646	(5679, 310)	' bottom'	8916
8647	(103, 108)	'gl'	8917
8648	(480, 101)	'rie'	8918
8649	(827, 776)	'很好'	8919
8650	(65, 109)	'Am'	8920
8651	(1146, 133)	' અ'	8921
8652	(580, 181)	'வ'	8922
8653	(470, 418)	' Wil'	8923
8654	(16116, 97)	' Africa'	8924
8655	(5246, 287)	' mentioned'	8925
8656	(288, 515)	'arth'	8926
8657	(1133, 1920)	'设置'	8927
8658	(413, 138)	'逊'	8928
8659	(6518, 128)	'가'	8930
8660	(1483, 2520)	'带来的'	8931
8661	(510, 6127)	' FBI'	8932
8662	(305, 1919)	' là'	8933
8663	(16211, 691)	'Police'	8934
8664	(5664, 612)	' tonight'	8935
8665	(83, 3267)	'Sorry'	8936
8666	(275, 441)	'itation'	8937
8667	(1313, 1678)	'立即'	8938
8668	(434, 271)	' rat'	8939
8669	(3671, 3710)	' suspect'	8940
8670	(378, 830)	'有利'	8941
8671	(259, 626)	'heast'	8942
8672	(391, 642)	' Most'	8943
8673	(268, 2091)	' warm'	8944
8674	(16138, 4572)	' document'	8945
8675	(800, 16141)	'所谓'	8946
8676	(1264, 967)	' blog'	8947
8677	(1353, 173)	' ክ'	8948
8678	(1095, 183)	'酷'	8949
8679	(3498, 287)	' claimed'	8950
8680	(692, 134)	'來'	8951
8681	(5576, 1903)	' Jackson'	8952
8682	(16023, 536)	' videos'	8953
8683	(16070, 519)	' update'	8954
8684	(386, 3071)	'不败'	8955
8685	(5155, 3326)	' dropped'	8956
8686	(323, 167)	'ध'	8957
8687	(365, 108)	'rol'	8958
8688	(1689, 182)	'茶'	8959
8689	(463, 97)	' Ha'	8960
8690	(278, 1081)	' cook'	8961
8691	(301, 99)	'asc'	8962
8692	(1496, 134)	'豆'	8963
8693	(16084, 109)	' confirm'	8964
8694	(278, 2777)	' cards'	8965
8695	(2204, 1017)	' glass'	8966
8696	(1689, 168)	'茨'	8967
8697	(114, 373)	'rim'	8968
8698	(372, 173)	'杭'	8969
8699	(3269, 1941)	'冲击'	8970
8700	(1620, 617)	' consist'	8971
8701	(85, 67)	'UC'	8972
8702	(105, 536)	'ios'	8973
8703	(1412, 1179)	'超级'	8974
8704	(311, 159)	'迟'	8975
8705	(232, 171)	b'\xe8\xab'	8976
8706	(308, 838)	'icial'	8977
8707	(1172, 744)	'总理'	8979
8708	(754, 156)	'ග'	8980
8709	(232, 188)	b'\xe8\xbc'	8981
8710	(669, 142)	'炎'	8982
8711	(3313, 3981)	'อง'	8983
8712	(572, 156)	'惜'	8984
8713	(547, 151)	'颗'	8985
8714	(943, 3697)	' expensive'	8986
8715	(6493, 276)	' sector'	8987
8716	(76, 65)	'LA'	8988
8717	(851, 272)	'心的'	8989
8718	(541, 152)	'掘'	8990
8719	(1448, 272)	'目前的'	8991
8720	(422, 190)	'贾'	8992
8721	(542, 676)	' Game'	8993
8722	(491, 287)	' jed'	8994
8723	(400, 1415)	'大约'	8995
8724	(4080, 2140)	'stitute'	8997
8725	(72, 281)	'His'	8999
8726	(464, 326)	' Did'	9000
8727	(1020, 171)	'ካ'	9001
8728	(898, 397)	'万人'	9002
8729	(783, 357)	'但在'	9003
8730	(54, 57)	'69'	9004
8731	(83, 99)	'Sc'	9005
8732	(5710, 1302)	' physical'	9006
8733	(1020, 173)	'ክ'	9007
8734	(2758, 1511)	'竞技'	9008
8735	(1011, 174)	' ਮ'	9009
8736	(1779, 651)	' cheap'	9010
8737	(1645, 911)	'深入'	9011
8738	(3492, 178)	'該'	9012
8739	(348, 287)	'aded'	9013
8740	(6783, 116)	' Robert'	9014
8741	(6886, 418)	' civil'	9015
8742	(16097, 2629)	' surprised'	9016
8743	(2887, 285)	' miles'	9017
8744	(4697, 1108)	'沃尔'	9018
8745	(627, 1589)	'اس'	9020
8746	(45, 101)	'-e'	9021
8747	(4239, 7381)	' Research'	9022
8748	(1091, 1219)	'股东'	9023
8749	(1258, 184)	'摸'	9024
8750	(840, 367)	" year's"	9025
8751	(2358, 175)	'ிய'	9026
8752	(356, 121)	' Ty'	9027
8753	(122, 279)	'zen'	9028
8754	(487, 147)	'浓'	9029
8755	(395, 160)	'赠'	9030
8756	(607, 1094)	'新增'	9031
8757	(2434, 6013)	'监督'	9032
8758	(1397, 608)	' attend'	9033
8759	(293, 111)	'alo'	9034
8760	(512, 16235)	' commercial'	9036
8761	(791, 4202)	' agreed'	9037
8762	(1922, 175)	'िय'	9038
8763	(506, 357)	'会在'	9039
8764	(406, 97)	'illa'	9040
8765	(415, 188)	'押'	9041
8766	(4366, 321)	' boost'	9042
8767	(1663, 276)	' minor'	9043
8768	(401, 136)	'奈'	9045
8769	(379, 101)	'see'	9047
8770	(2508, 1882)	'武器'	9048
8771	(2470, 267)	' older'	9049
8772	(16088, 398)	' occur'	9050
8773	(464, 279)	' Den'	9051
8774	(4009, 177)	'統'	9052
8775	(1563, 727)	'半球'	9053
8776	(1683, 889)	' write'	9054
8777	(611, 6567)	' plenty'	9055
8778	(16029, 2266)	' systems'	9056
8779	(1495, 173)	'業'	9057
8780	(5327, 4615)	' Muslim'	9058
8781	(16217, 185)	' ẹ'	9059
8782	(408, 1276)	'ooper'	9061
8783	(2581, 2970)	' speech'	9062
8784	(812, 2403)	' offered'	9063
8785	(4178, 2968)	'ี่'	9064
8786	(2961, 898)	'千万'	9065
8787	(3081, 281)	' Chris'	9066
8788	(271, 111)	'ato'	9067
8789	(1911, 2888)	' bigger'	9068
8790	(1790, 3733)	'神秘'	9069
8791	(3606, 287)	'lined'	9070
8792	(1931, 267)	' enter'	9071
8793	(119, 258)	'win'	9072
8794	(1437, 4638)	'四川'	9073
8795	(16004, 48)	' 2010'	9074
8796	(1683, 6958)	' written'	9075
8797	(2626, 916)	'独特'	9076
8798	(4558, 3259)	'数码相机'	9077
8799	(16061, 2205)	' pictures'	9078
8800	(45, 80)	'-P'	9079
8801	(803, 1363)	'表演'	9080
8802	(2168, 275)	' instit'	9081
8803	(3727, 139)	'開'	9082
8804	(516, 189)	'忽'	9083
8805	(391, 398)	' Mur'	9084
8806	(54, 52)	'64'	9085
8807	(2024, 636)	' reality'	9086
8808	(368, 189)	'帽'	9087
8809	(3905, 283)	' fighting'	9088
8810	(492, 272)	'家的'	9089
8811	(68, 3786)	'Does'	9091
8812	(357, 1303)	'在线'	9092
8813	(1541, 272)	'爱的'	9093
8814	(3892, 274)	' Korean'	9094
8815	(288, 99)	'arc'	9095
8816	(311, 129)	'迁'	9096
8817	(492, 397)	'家人'	9097
8818	(7263, 1308)	'曝光'	9098
8819	(297, 1015)	' hang'	9099
8820	(460, 825)	'个性'	9100
8821	(376, 77)	' AM'	9101
8822	(87, 2450)	'Where'	9102
8823	(3258, 1047)	' afford'	9103
8824	(275, 288)	'itar'	9104
8825	(4640, 1391)	'Trump'	9105
8826	(2448, 3911)	' transfer'	9106
8827	(540, 662)	'日元'	9107
8828	(4761, 649)	'ого'	9108
8829	(6146, 331)	' obviously'	9109
8830	(354, 84)	' ST'	9110
8831	(4995, 328)	' okay'	9111
8832	(291, 16121)	' district'	9112
8833	(72, 65)	'HA'	9113
8834	(393, 171)	'衫'	9114
8835	(282, 609)	' fear'	9115
8836	(442, 1873)	' kwa'	9116
8837	(2734, 5278)	'威廉'	9117
8838	(862, 176)	'恰'	9118
8839	(2608, 1445)	'紧张'	9119
8840	(1146, 156)	' જ'	9120
8841	(236, 149)	b'\xec\x95'	9121
8842	(2288, 2620)	' central'	9122
8843	(623, 1877)	'前景'	9123
8844	(103, 110)	'gn'	9124
8845	(1080, 1417)	'物质'	9125
8846	(827, 378)	'很有'	9126
8847	(375, 1733)	'unny'	9127
8848	(158, 430)	b'\x9e\xe1\x80'	9128
8849	(4537, 115)	' drugs'	9129
8850	(2771, 630)	' standard'	9130
8851	(1177, 630)	' guard'	9131
8852	(1787, 727)	'红球'	9133
8853	(1347, 1711)	'导语'	9134
8854	(526, 759)	'eline'	9135
8855	(2711, 1249)	'担任'	9136
8856	(103, 375)	'gun'	9137
8857	(633, 115)	'acks'	9138
8858	(4106, 5537)	' Christmas'	9139
8859	(236, 139)	b'\xec\x8b'	9140
8860	(444, 104)	' ath'	9141
8861	(275, 99)	'itc'	9142
8862	(495, 272)	'到的'	9143
8863	(2376, 1634)	'申购'	9144
8864	(413, 134)	'逆'	9145
8865	(1073, 708)	'西部'	9146
8866	(2638, 1440)	'инг'	9147
8867	(516, 160)	'忠'	9148
8868	(4284, 536)	' propos'	9149
8869	(4566, 2684)	'Photo'	9150
8870	(4343, 2664)	'宽松'	9151
8871	(108, 274)	'lan'	9152
8872	(1454, 817)	' Trans'	9153
8873	(417, 5657)	' Bowl'	9154
8874	(286, 105)	' mi'	9155
8875	(1928, 16159)	' terrible'	9156
8876	(16248, 738)	' Virginia'	9157
8877	(939, 609)	' Year'	9158
8878	(1587, 283)	' helping'	9159
8879	(999, 2056)	'建材'	9161
8880	(417, 267)	' Ber'	9162
8881	(353, 283)	'acing'	9163
8882	(2030, 2874)	'江苏'	9164
8883	(272, 3014)	'的机会'	9165
8884	(3826, 6875)	' analysis'	9166
8885	(1795, 920)	' drink'	9167
8886	(1291, 1646)	'原则'	9168
8887	(1930, 831)	' بر'	9169
8888	(3657, 4346)	'私募'	9170
8889	(1712, 597)	'州市'	9171
8890	(1213, 486)	'做出'	9172
8891	(305, 2468)	' lines'	9173
8892	(1791, 1101)	" You're"	9175
8893	(566, 16118)	'য়'	9176
8894	(16008, 129)	'แ'	9177
8895	(2042, 140)	'菌'	9178
8896	(1659, 175)	'梯'	9179
8897	(3125, 691)	' Justice'	9180
8898	(390, 6695)	'中華'	9181
8899	(6912, 738)	' Nigeria'	9182
8900	(1121, 839)	' ای'	9183
8901	(4235, 283)	' funding'	9184
8902	(45, 505)	'-and'	9185
8903	(5182, 3025)	' watched'	9186
8904	(5824, 657)	'召开'	9187
8905	(539, 5989)	'地址'	9188
8906	(560, 287)	'aked'	9189
8907	(596, 6907)	' choose'	9190
8908	(3075, 527)	'pects'	9191
8909	(2280, 111)	'Who'	9192
8910	(1082, 134)	'漆'	9193
8911	(604, 287)	'anted'	9194
8912	(3825, 283)	' selling'	9195
8913	(6299, 115)	' Williams'	9196
8914	(1726, 272)	'现在的'	9197
8915	(357, 985)	'在中国'	9198
8916	(77, 114)	'Mr'	9199
8917	(1041, 1120)	'商务'	9200
8918	(5955, 68)	' AND'	9202
8919	(865, 283)	'elling'	9203
8920	(590, 1204)	'也没有'	9204
8921	(684, 2103)	'自治'	9205
8922	(692, 181)	'侵'	9206
8923	(434, 1540)	' rating'	9207
8924	(418, 115)	'ils'	9208
8925	(3213, 1661)	'律师'	9209
8926	(277, 1477)	' burn'	9210
8927	(953, 184)	'爸'	9212
8928	(640, 1387)	'就像'	9213
8929	(686, 1702)	' upgr'	9214
8930	(4366, 682)	' books'	9215
8931	(16265, 174)	'鎮'	9217
8932	(204, 128)	'̀'	9218
8933	(480, 293)	'rial'	9219
8934	(361, 2941)	' forces'	9220
8935	(666, 3909)	'本场比赛'	9221
8936	(1128, 2400)	'受伤'	9222
8937	(524, 166)	'厦'	9223
8938	(121, 431)	'ych'	9224
8939	(363, 184)	'伸'	9225
8940	(1254, 532)	' brain'	9227
8941	(7111, 331)	' extremely'	9228
8942	(297, 398)	' hur'	9229
8943	(2347, 847)	'例如'	9230
8944	(744, 1621)	'理论'	9231
8945	(1375, 140)	'れ'	9233
8946	(6681, 1655)	'邀请'	9234
8947	(909, 272)	'区的'	9235
8948	(45, 16250)	'-term'	9236
8949	(719, 328)	'oday'	9237
8950	(668, 100)	' und'	9238
8951	(521, 2054)	'对象'	9239
8952	(606, 184)	'સ'	9240
8953	(4037, 492)	'科学家'	9241
8954	(672, 539)	'基地'	9242
8955	(391, 526)	' Mel'	9243
8956	(1636, 671)	'encies'	9244
8957	(1709, 5079)	' implement'	9245
8958	(1683, 2512)	' writing'	9246
8959	(2979, 110)	'ón'	9247
8960	(550, 272)	'场的'	9248
8961	(978, 786)	'意外'	9249
8962	(1166, 627)	'ها'	9250
8963	(496, 1178)	' Roy'	9251
8964	(1831, 2589)	'维护'	9252
8965	(504, 3068)	' shots'	9253
8966	(102, 114)	'fr'	9254
8967	(5680, 757)	' Jeff'	9255
8968	(4098, 283)	' considering'	9256
8969	(641, 107)	' Ok'	9257
8970	(1260, 1189)	'专门'	9259
8971	(566, 174)	'ম'	9260
8972	(1010, 2028)	'格兰'	9261
8973	(1229, 3740)	' feature'	9262
8974	(1443, 5252)	' download'	9263
8975	(109, 105)	'mi'	9264
8976	(357, 3312)	'在一起'	9265
8977	(704, 602)	'ни'	9266
8978	(318, 84)	' IT'	9267
8979	(549, 138)	'俊'	9268
8980	(386, 1211)	'不管'	9269
8981	(4985, 320)	' Apple'	9270
8982	(524, 168)	'厨'	9271
8983	(16219, 5138)	'兄弟'	9272
8984	(83, 68)	'SD'	9273
8985	(274, 738)	'ania'	9274
8986	(2559, 114)	' restr'	9276
8987	(16047, 3475)	' learned'	9277
8988	(5845, 332)	' sweet'	9278
8989	(1698, 115)	' posts'	9279
8990	(2430, 486)	'突出'	9280
8991	(7483, 3099)	' criminal'	9281
8992	(6383, 2526)	'办公室'	9282
8993	(1467, 16133)	' committee'	9283
8994	(1480, 160)	b' \xec\xa0'	9284
8995	(272, 1493)	'的热'	9285
8996	(434, 16249)	' random'	9286
8997	(794, 182)	'胶'	9287
8998	(422, 186)	'贺'	9288
8999	(554, 320)	' dele'	9289
9000	(469, 159)	' П'	9290
9001	(388, 161)	'御'	9291
9002	(1288, 397)	'别人'	9292
9003	(1113, 2106)	'战争'	9293
9004	(478, 97)	'ema'	9294
9005	(3509, 98)	' Feb'	9295
9006	(1035, 272)	'量的'	9296
9007	(1131, 3929)	'强烈'	9297
9008	(3063, 5003)	' population'	9298
9009	(1420, 934)	' aware'	9299
9010	(2145, 1379)	'ने'	9300
9011	(2814, 721)	'移动'	9301
9012	(256, 16224)	' tournament'	9302
9013	(357, 568)	'在于'	9303
9014	(2856, 16239)	'倍光学变焦'	9304
9015	(969, 157)	'ዝ'	9305
9016	(358, 145)	'译'	9306
9017	(16240, 188)	'鬼'	9307
9018	(879, 503)	'ла'	9308
9019	(204, 129)	'́'	9309
9020	(3116, 115)	' attacks'	9310
9021	(2228, 283)	' keeping'	9311
9022	(878, 135)	'ே'	9312
9023	(513, 137)	'泉'	9313
9024	(2823, 787)	' Prime'	9314
9025	(5486, 6369)	'俄罗斯'	9315
9026	(913, 179)	'芳'	9316
9027	(16092, 697)	' connect'	9317
9028	(1504, 2248)	' کہ'	9318
9029	(316, 4421)	' gö'	9320
9030	(554, 1188)	' defe'	9321
9031	(65, 2394)	'Add'	9322
9032	(1258, 135)	'摇'	9323
9033	(45, 515)	'-th'	9324
9034	(277, 4358)	' bomb'	9325
9035	(1359, 165)	'ấ'	9326
9036	(3488, 3930)	' प्र'	9327
9037	(3556, 4644)	' organization'	9328
9038	(1741, 1224)	'确认'	9329
9039	(7584, 2866)	' witness'	9330
9040	(329, 150)	'尖'	9331
9041	(2427, 272)	'提供的'	9332
9042	(490, 3270)	' NBA'	9333
9043	(3526, 1545)	'促销'	9334
9044	(3984, 287)	' designed'	9335
9045	(3634, 283)	'going'	9336
9046	(2407, 2268)	' modern'	9337
9047	(1549, 427)	'几年'	9338
9048	(55, 50)	'72'	9339
9049	(1210, 5380)	'注册'	9340
9050	(2558, 83)	'ERS'	9341
9051	(1905, 553)	'营业'	9342
9052	(68, 83)	'DS'	9343
9053	(417, 4690)	' Because'	9344
9054	(6901, 643)	' Government'	9345
9055	(844, 844)	'看看'	9346
9056	(327, 2777)	' yards'	9347
9057	(16034, 4676)	'平方公里'	9348
9058	(1097, 853)	'应当'	9349
9059	(73, 65)	'IA'	9350
9060	(2939, 399)	' broke'	9351
9061	(833, 975)	' click'	9352
9062	(1529, 146)	'棒'	9353
9063	(1642, 608)	' defend'	9354
9064	(597, 931)	'市民'	9355
9065	(1862, 331)	' highly'	9356
9066	(2052, 176)	b' \xeb\xb0'	9357
9067	(1480, 149)	b' \xec\x95'	9358
9068	(4665, 285)	' homes'	9359
9069	(1053, 951)	'让我们'	9360
9070	(329, 152)	'尘'	9361
9071	(4923, 4123)	'培训'	9362
9072	(686, 265)	' upon'	9363
9073	(1691, 986)	'如果你'	9364
9074	(5748, 678)	' culture'	9365
9075	(16077, 16256)	' opportunities'	9366
9076	(264, 352)	' sam'	9367
9077	(1458, 175)	' ද'	9368
9078	(272, 776)	'的好'	9369
9079	(314, 1737)	' names'	9370
9080	(560, 105)	'aki'	9371
9081	(16015, 156)	'瓜'	9372
9082	(522, 98)	'abb'	9373
9083	(641, 852)	' Other'	9374
9084	(99, 528)	'cul'	9375
9085	(310, 285)	'omes'	9376
9086	(565, 379)	'These'	9377
9087	(391, 267)	' Mer'	9378
9088	(5974, 4221)	' College'	9379
9089	(715, 390)	'之中'	9381
9090	(292, 1832)	' toward'	9382
9091	(226, 150)	b'\xe2\x96'	9383
9092	(1099, 3094)	'感谢'	9384
9093	(284, 275)	' pit'	9385
9094	(6297, 1080)	'宠物'	9386
9095	(1121, 1589)	' اس'	9387
9096	(1011, 156)	' ਜ'	9388
9097	(987, 841)	'员工'	9389
9098	(6741, 1470)	' Daily'	9390
9099	(168, 4714)	b'\xa8\xe0\xaf\x8d\xe0\xae\xa4'	9391
9100	(1686, 3194)	' funds'	9392
9101	(1821, 2577)	' subject'	9393
9102	(540, 272)	'日的'	9394
9103	(395, 140)	'赌'	9395
9104	(16258, 301)	' Vegas'	9396
9105	(280, 149)	'井'	9397
9106	(1011, 135)	' ਇ'	9398
9107	(1082, 130)	'漂'	9400
9108	(1104, 174)	'ाम'	9401
9109	(354, 3149)	' Sports'	9402
9110	(5089, 190)	b'\x99\xe1\x80\xbe'	9403
9111	(590, 1624)	'也就是'	9404
9112	(1618, 1499)	' struct'	9405
9113	(464, 16121)	' District'	9406
9114	(16093, 6902)	' vehicles'	9407
9115	(2426, 283)	' paying'	9408
9116	(415, 155)	'抛'	9410
9117	(1040, 1455)	'文件'	9411
9118	(258, 1068)	'inary'	9412
9119	(1069, 166)	'烦'	9413
9120	(2541, 724)	' Club'	9414
9121	(56, 54)	'86'	9415
9122	(746, 287)	'ounded'	9416
9123	(2947, 275)	' profit'	9417
9124	(1785, 1946)	' winner'	9418
9125	(1146, 134)	' આ'	9419
9126	(2440, 283)	' happening'	9420
9127	(350, 663)	'是最'	9421
9128	(264, 5148)	' sources'	9422
9129	(49, 924)	'110'	9423
9130	(291, 801)	' dip'	9424
9131	(1616, 272)	'企业的'	9425
9132	(1567, 154)	' ச'	9426
9133	(573, 4325)	'下半年'	9427
9134	(2006, 135)	'ич'	9428
9135	(1010, 1025)	'格式'	9429
9136	(291, 287)	' ded'	9430
9137	(79, 398)	'Our'	9431
9138	(741, 1204)	'还没有'	9432
9139	(530, 287)	' noted'	9433
9140	(586, 179)	'ሳ'	9434
9141	(284, 1631)	' path'	9435
9142	(496, 97)	' Ra'	9436
9143	(1146, 185)	' હ'	9437
9144	(32, 4118)	' err'	9438
9145	(3521, 1728)	'阵容'	9439
9146	(1133, 2130)	'设施'	9440
9147	(16137, 2317)	' dollars'	9441
9148	(16237, 112)	'http'	9442
9149	(1042, 117)	'ugu'	9444
9150	(1003, 485)	' contest'	9445
9151	(1381, 5790)	'放弃'	9446
9152	(5536, 2236)	' digital'	9447
9153	(1206, 831)	'ير'	9448
9154	(2179, 775)	'落实'	9449
9155	(2809, 629)	b'\xe0\xa9\x80\xe0\xa8'	9450
9156	(739, 139)	'晋'	9452
9157	(496, 5652)	' Ryan'	9453
9158	(4791, 4924)	'液晶'	9454
9159	(462, 881)	'这两'	9455
9160	(263, 293)	'real'	9456
9161	(921, 285)	' uses'	9457
9162	(1405, 529)	'流行'	9458
9163	(1558, 3451)	' coverage'	9459
9164	(354, 110)	' Sn'	9460
9165	(2596, 816)	' Que'	9461
9166	(3636, 161)	'鸡'	9462
9167	(289, 100)	' od'	9463
9168	(2260, 987)	'官员'	9464
9169	(117, 375)	'uun'	9465
9170	(4937, 275)	' benefit'	9466
9171	(3824, 1340)	'延续'	9467
9172	(1016, 3827)	'交锋'	9468
9173	(3899, 3672)	'屏幕'	9469
9174	(84, 70)	'TF'	9470
9175	(391, 719)	' Mod'	9471
9176	(350, 2078)	'是不是'	9472
9177	(1136, 53)	' 45'	9473
9178	(1056, 2554)	'ointed'	9474
9179	(713, 2892)	' spoke'	9475
9180	(286, 348)	' mad'	9476
9181	(641, 16272)	' Olymp'	9477
9182	(258, 581)	'inally'	9478
9183	(3801, 287)	' seemed'	9480
9184	(5844, 121)	' Party'	9481
9185	(2672, 2156)	' electric'	9482
9186	(984, 173)	'灭'	9483
9187	(264, 3150)	' sides'	9484
9188	(4298, 168)	'磨'	9485
9189	(2762, 1547)	'衣服'	9486
9190	(114, 975)	'rick'	9487
9191	(2024, 2583)	' realize'	9488
9192	(1748, 1101)	"We're"	9489
9193	(745, 804)	'力度'	9490
9194	(354, 398)	' Sur'	9491
9195	(2460, 4059)	' skills'	9492
9196	(297, 633)	' hack'	9493
9197	(288, 110)	'arn'	9494
9198	(6637, 3127)	'业内人士'	9495
9199	(73, 70)	'IF'	9496
9200	(1022, 2056)	'身材'	9497
9201	(109, 348)	'mad'	9498
9202	(3556, 936)	' organiz'	9499
9203	(747, 1013)	'ру'	9500
9204	(710, 2219)	'ей'	9501
9205	(291, 39)	" d'"	9502
9206	(546, 406)	' vill'	9503
9207	(590, 518)	'也能'	9504
9208	(641, 370)	' Out'	9505
9209	(786, 1016)	'外交'	9506
9210	(49, 1167)	'120'	9507
9211	(2495, 1946)	' corner'	9508
9212	(1504, 836)	' کو'	9509
9213	(324, 263)	'vere'	9510
9214	(277, 2275)	' born'	9511
9215	(277, 6052)	' border'	9512
9216	(285, 423)	'esus'	9513
9217	(2067, 3150)	' provides'	9515
9218	(1105, 771)	'制定'	9516
9219	(350, 1090)	'是由'	9517
9220	(1146, 181)	' વ'	9518
9221	(3201, 1490)	' raise'	9519
9222	(119, 114)	'wr'	9521
9223	(5653, 1242)	'ông'	9522
9224	(542, 16262)	' Germany'	9523
9225	(357, 864)	'在此'	9524
9226	(1416, 4470)	' decades'	9526
9227	(350, 386)	'是不'	9527
9228	(462, 708)	'这部'	9528
9229	(272, 1962)	'的设计'	9529
9230	(234, 181)	b'\xea\xb5'	9530
9231	(712, 110)	' Kn'	9531
9232	(16263, 875)	' advantage'	9532
9233	(668, 5878)	' unique'	9533
9234	(383, 283)	'iring'	9534
9235	(297, 1869)	' hits'	9535
9236	(832, 152)	'聘'	9536
9237	(5549, 5294)	'ું'	9537
9238	(119, 288)	'war'	9538
9239	(282, 406)	' fill'	9539
9240	(1955, 283)	' finding'	9540
9241	(1416, 108)	' decl'	9541
9242	(277, 1550)	' boss'	9542
9243	(53, 1266)	'5000'	9543
9244	(2239, 367)	"What's"	9544
9245	(3473, 548)	' favour'	9545
9246	(4272, 1944)	' successful'	9546
9247	(1822, 267)	' owner'	9547
9248	(436, 332)	' Pet'	9548
9249	(7338, 188)	'를'	9549
9250	(2636, 968)	'频道'	9550
9251	(410, 175)	'冯'	9551
9252	(1338, 283)	'ancing'	9552
9253	(1385, 178)	'疲'	9553
9254	(802, 139)	'か'	9554
9255	(639, 263)	' mere'	9555
9256	(277, 16229)	' brief'	9556
9257	(602, 2818)	'ист'	9557
9258	(2427, 396)	'提供了'	9558
9259	(470, 762)	' Wood'	9559
9260	(277, 1089)	' bond'	9560
9261	(2974, 121)	' healthy'	9561
9262	(3753, 287)	' picked'	9562
9263	(114, 258)	'rin'	9563
9264	(291, 100)	' dd'	9564
9265	(2013, 141)	'ፍ'	9565
9266	(606, 185)	'હ'	9566
9267	(112, 97)	'pa'	9567
9268	(1050, 7705)	' knowledge'	9569
9269	(237, 150)	b'\xed\x96'	9570
9270	(5388, 2111)	'同比增长'	9572
9271	(3339, 182)	' ö'	9573
9272	(557, 1196)	'分布'	9574
9273	(256, 608)	' tend'	9575
9274	(16147, 441)	' Association'	9576
9275	(2509, 176)	'ਾਰ'	9577
9276	(1384, 495)	'直到'	9578
9277	(337, 149)	'绕'	9579
9278	(101, 98)	'eb'	9580
9279	(1207, 4386)	'接触'	9581
9280	(78, 78)	'NN'	9582
9281	(102, 275)	'fit'	9583
9282	(341, 186)	'旺'	9584
9283	(16047, 1155)	' learning'	9585
9284	(115, 279)	'sen'	9586
9285	(749, 2810)	'小牛'	9587
9286	(1018, 99)	' prec'	9588
9287	(833, 330)	' clot'	9589
9288	(4614, 2192)	' ہے'	9590
9289	(2845, 7498)	' society'	9591
9290	(303, 16183)	' thunderstorms'	9592
9291	(780, 272)	'长的'	9593
9292	(595, 2772)	'公园'	9594
9293	(2689, 1084)	' sitting'	9595
9294	(1436, 428)	'马上'	9596
9295	(1696, 2146)	'足够'	9597
9296	(571, 726)	'成都'	9598
9297	(1058, 2789)	' scient'	9599
9298	(554, 2399)	' device'	9600
9299	(2572, 168)	'ান'	9602
9300	(809, 1248)	'名单'	9603
9301	(1521, 2107)	'配套'	9604
9302	(546, 1919)	' và'	9605
9303	(80, 65)	'PA'	9606
9304	(1336, 1387)	'图像'	9608
9305	(641, 398)	' Our'	9609
9306	(32, 6486)	' ҳ'	9610
9307	(101, 263)	'ere'	9611
9308	(576, 662)	'多元'	9612
9309	(415, 145)	'抑'	9613
9310	(1060, 396)	'去了'	9614
9311	(1058, 279)	' scen'	9615
9312	(5741, 1363)	'扮演'	9616
9313	(902, 1551)	'手术'	9617
9314	(2341, 152)	'潘'	9618
9315	(656, 142)	'過'	9619
9316	(929, 839)	'لی'	9620
9317	(624, 133)	'羅'	9621
9318	(264, 975)	' sick'	9622
9319	(235, 147)	b'\xeb\x93'	9623
9320	(898, 3973)	'万平方米'	9624
9321	(56, 57)	'89'	9625
9322	(53, 52)	'54'	9626
9323	(16269, 2315)	' છે'	9627
9324	(1900, 804)	'幅度'	9628
9325	(3446, 16133)	' Committee'	9629
9326	(170, 6570)	b'\xaa\xe0\xaf\x8d\xe0\xae\xaa'	9630
9327	(2499, 176)	'碰'	9631
9328	(32, 1849)	' ụ'	9632
9329	(719, 285)	'odes'	9633
9330	(560, 115)	'aks'	9634
9331	(108, 348)	'lad'	9635
9332	(73, 857)	'Ind'	9636
9333	(7850, 281)	' Louis'	9637
9334	(640, 555)	'就要'	9638
9335	(878, 134)	'ெ'	9639
9336	(1275, 1039)	'台北'	9640
9337	(1618, 5229)	' strateg'	9642
9338	(1505, 790)	'玩法'	9644
9339	(1459, 1812)	'广角'	9645
9340	(713, 635)	' sport'	9646
9341	(684, 655)	'自主'	9647
9342	(109, 332)	'met'	9648
9343	(754, 180)	'ප'	9650
9344	(2687, 272)	'一定的'	9651
9345	(732, 144)	'捐'	9652
9346	(1040, 4323)	'文章'	9653
9347	(905, 1331)	'报记者'	9654
9348	(1036, 131)	'桃'	9655
9349	(289, 2394)	' odd'	9656
9350	(284, 719)	' pod'	9657
9351	(56, 55)	'87'	9658
9352	(308, 2789)	'icient'	9659
9353	(347, 4104)	' onto'	9660
9354	(354, 484)	' Sher'	9661
9355	(2318, 1310)	' drivers'	9662
9356	(1013, 769)	'ут'	9664
9357	(336, 804)	'一度'	9665
9358	(615, 373)	' Jim'	9666
9359	(4029, 503)	' за'	9667
9360	(390, 620)	'中方'	9668
9361	(65, 98)	'Ab'	9669
9362	(376, 107)	' Ak'	9670
9363	(16231, 3025)	' launched'	9671
9364	(546, 1093)	' və'	9672
9365	(1494, 3499)	'liament'	9673
9366	(490, 97)	' Na'	9674
9367	(327, 105)	' yi'	9675
9368	(727, 1804)	'球失'	9676
9369	(3734, 287)	' joined'	9677
9370	(1425, 174)	' మ'	9678
9371	(32, 936)	' iz'	9679
9372	(3735, 2399)	' Service'	9680
9373	(836, 16052)	'وں'	9681
9374	(1708, 115)	'hens'	9682
9375	(2939, 6416)	' broken'	9683
9376	(370, 115)	'uts'	9684
9377	(4937, 1869)	' benefits'	9685
9378	(565, 110)	'Then'	9686
9379	(1157, 671)	' parties'	9687
9380	(510, 2129)	' Fox'	9688
9381	(812, 3447)	' offering'	9689
9382	(386, 396)	'不了'	9690
9383	(2739, 279)	' listen'	9691
9384	(32, 308)	' ic'	9692
9385	(3168, 79)	'ISO'	9693
9386	(333, 1188)	' refe'	9694
9387	(1172, 789)	'总体'	9695
9388	(277, 3539)	' bunch'	9697
9389	(6986, 324)	' achieve'	9698
9390	(282, 2775)	' fired'	9699
9391	(788, 2713)	'等待'	9700
9392	(741, 518)	'还能'	9701
9393	(1221, 174)	' ম'	9702
9394	(531, 1078)	' Love'	9703
9395	(1734, 700)	'环比'	9704
9396	(996, 130)	'裂'	9705
9397	(881, 807)	'两次'	9706
9398	(16244, 16005)	'People'	9707
9399	(896, 173)	'袭'	9708
9400	(16107, 16107)	'____'	9709
9401	(407, 155)	'玛'	9710
9402	(531, 1367)	' Leg'	9711
9403	(969, 136)	'ወ'	9712
9404	(341, 139)	'旋'	9713
9405	(1465, 16234)	'支撑'	9714
9406	(2627, 178)	'ాల'	9715
9407	(516, 141)	'忍'	9716
9408	(638, 818)	'ocking'	9717
9409	(3580, 176)	'鹰'	9718
9410	(16053, 431)	' bench'	9719
9411	(586, 149)	'ሕ'	9720
9412	(2335, 1308)	'阳光'	9721
9413	(421, 2306)	" we'll"	9722
9414	(272, 2190)	'的生活'	9723
9415	(1717, 7918)	'防抖'	9724
9416	(461, 185)	'闹'	9725
9417	(1058, 114)	' scr'	9726
9418	(4124, 1649)	' ayaa'	9727
9419	(520, 1890)	'来源'	9728
9420	(3422, 2620)	' Central'	9729
9421	(272, 1977)	'的价格'	9730
9422	(659, 142)	'郎'	9731
9423	(2082, 397)	'很多人'	9732
9424	(308, 1251)	'icious'	9733
9425	(272, 3620)	'的原因'	9734
9426	(1178, 115)	'oys'	9735
9427	(4133, 115)	' appears'	9736
9428	(284, 801)	' pip'	9737
9429	(775, 357)	'实在'	9738
9430	(1995, 7344)	' insurance'	9740
9431	(1121, 3330)	' از'	9741
9432	(582, 1647)	' altern'	9742
9433	(16064, 331)	' supply'	9743
9434	(726, 518)	'都能'	9744
9435	(2211, 850)	'का'	9745
9436	(1034, 16233)	' Thomas'	9746
9437	(1236, 1758)	' served'	9747
9438	(3782, 189)	b'\x90\xe1\x80\xbd'	9748
9439	(308, 959)	'icated'	9749
9440	(540, 1019)	'日起'	9750
9441	(521, 1598)	'对话'	9751
9442	(735, 16123)	' ṣ'	9752
9443	(1141, 283)	'oving'	9753
9444	(3366, 178)	b' \xea\xb2'	9754
9445	(6572, 2530)	'详细'	9755
9446	(392, 128)	'耀'	9756
9447	(116, 891)	'town'	9757
9448	(7673, 933)	'沟通'	9758
9449	(80, 75)	'PK'	9759
9450	(898, 1967)	'万美元'	9760
9451	(5316, 130)	'懂'	9761
9452	(1062, 279)	' teen'	9762
9453	(1364, 4880)	'程序'	9763
9454	(286, 651)	' map'	9764
9455	(376, 2354)	' Att'	9765
9456	(1504, 1166)	' که'	9766
9457	(16238, 719)	' method'	9767
9458	(886, 5647)	'电池'	9768
9459	(16004, 57)	' 2019'	9769
9460	(1425, 154)	' చ'	9770
9461	(486, 902)	'出手'	9771
9462	(16273, 2365)	'丈夫'	9772
9463	(2515, 3383)	'差距'	9773
9464	(2276, 2577)	' object'	9774
9465	(53, 49)	'51'	9775
9466	(272, 883)	'的基金'	9776
9467	(2305, 441)	' location'	9777
9468	(336, 1418)	'一款'	9778
9469	(1500, 104)	'ooth'	9779
9470	(312, 267)	'ller'	9780
9471	(117, 1259)	'uild'	9781
9472	(668, 275)	' unit'	9782
9473	(382, 379)	'verse'	9783
9474	(1416, 7171)	' decisions'	9784
9475	(6880, 16252)	' Toronto'	9785
9476	(471, 185)	'ู'	9786
9477	(2870, 400)	'巨大'	9788
9478	(809, 2196)	'名字'	9789
9479	(268, 4145)	' wọn'	9790
9480	(4164, 116)	' debt'	9791
9481	(470, 258)	' Win'	9792
9482	(895, 116)	'bert'	9793
9483	(109, 1307)	'miss'	9794
9484	(4391, 809)	'著名'	9795
9485	(841, 740)	'工资'	9796
9486	(1153, 182)	'驶'	9797
9487	(4197, 45)	' non-'	9798
9488	(3002, 176)	'્ર'	9799
9489	(1425, 184)	' స'	9800
9490	(623, 2038)	'前往'	9801
9491	(976, 883)	'只基金'	9802
9492	(16163, 1068)	' necessary'	9803
9493	(1581, 1979)	'始终'	9804
9494	(434, 1332)	' rank'	9805
9495	(358, 151)	'诗'	9806
9496	(2495, 1816)	' corpor'	9807
9497	(710, 1137)	'ед'	9808
9498	(586, 133)	'ህ'	9809
9499	(286, 370)	' mut'	9811
9500	(458, 110)	'agn'	9812
9501	(343, 101)	' ee'	9813
9502	(655, 1405)	'主流'	9814
9503	(343, 6424)	' egg'	9815
9504	(649, 2178)	'об'	9816
9505	(111, 122)	'oz'	9817
9506	(1545, 1035)	'销量'	9818
9507	(1520, 4679)	' removed'	9819
9508	(803, 1164)	'表达'	9820
9509	(53, 50)	'52'	9821
9510	(216, 171)	'ث'	9822
9511	(2670, 120)	' complex'	9824
9512	(1706, 839)	' می'	9825
9513	(468, 2648)	'以上的'	9826
9514	(744, 1234)	'理想'	9827
9515	(2448, 982)	' transport'	9828
9516	(6122, 1497)	' spokesman'	9829
9517	(1221, 134)	' আ'	9830
9518	(272, 386)	'的不'	9831
9519	(918, 3012)	'事故'	9832
9520	(1704, 115)	'és'	9833
9521	(547, 129)	'颁'	9834
9522	(357, 1514)	'在这个'	9835
9523	(2084, 170)	'堪'	9836
9524	(774, 279)	'iven'	9837
9525	(5527, 536)	' photos'	9838
9526	(357, 336)	'在一'	9839
9527	(6821, 3141)	' construction'	9840
9528	(16255, 2414)	' determin'	9841
9529	(615, 267)	' Jer'	9842
9530	(2124, 5361)	'浪漫'	9843
9531	(310, 115)	'oms'	9844
9532	(668, 115)	' uns'	9845
9533	(539, 272)	'地的'	9846
9534	(4618, 1680)	' activities'	9847
9535	(1045, 137)	'莉'	9848
9536	(1291, 520)	'原来'	9849
9537	(1196, 3457)	'布莱'	9850
9538	(4815, 16243)	' negoti'	9852
9539	(457, 164)	'纤'	9853
9540	(829, 1097)	'相应'	9854
9541	(615, 971)	' Jose'	9855
9542	(2613, 738)	' Asia'	9856
9543	(1138, 2172)	'周边'	9857
9544	(16245, 875)	' language'	9858
9545	(1274, 823)	'各位'	9859
9546	(1098, 287)	'igned'	9860
9547	(5701, 2263)	' چې'	9861
9548	(256, 612)	' tight'	9863
9549	(1298, 620)	'南方'	9864
9550	(3272, 3301)	b'\xe1\x80\xac\xe1\x80\xb8\xe1\x80'	9865
9551	(741, 506)	'还会'	9866
9552	(107, 2235)	'kins'	9867
9553	(442, 288)	' kar'	9868
9554	(1215, 183)	'喷'	9869
9555	(3050, 16173)	'ும்'	9870
9556	(870, 132)	'約'	9871
9557	(375, 308)	'unic'	9872
9558	(2400, 3321)	'伤害'	9873
9559	(969, 139)	'ዋ'	9874
9560	(3291, 6920)	'缺乏'	9875
9561	(354, 505)	' Sand'	9878
9562	(915, 2533)	' proud'	9879
9563	(104, 1918)	'house'	9880
9564	(277, 267)	' ber'	9881
9565	(16116, 274)	' African'	9882
9566	(436, 353)	' Pac'	9883
9567	(7282, 3046)	'阅读'	9884
9568	(669, 184)	'炸'	9885
9569	(1161, 905)	'回报'	9886
9570	(1659, 176)	'械'	9887
9571	(471, 130)	'ข'	9888
9572	(3393, 545)	'爆发'	9889
9573	(16271, 281)	' crisis'	9891
9574	(363, 143)	'伏'	9892
9575	(448, 139)	'栋'	9893
9576	(1426, 3320)	'观察'	9894
9577	(1567, 135)	' இ'	9895
9578	(358, 177)	'诱'	9896
9579	(1058, 4398)	' science'	9897
9580	(453, 779)	'和平'	9898
9581	(1945, 1032)	'白色'	9899
9582	(1330, 1459)	'推广'	9900
9583	(1161, 492)	'回家'	9901
9584	(5995, 5031)	'てい'	9902
9585	(256, 633)	' tack'	9903
9586	(902, 2012)	'手段'	9904
9587	(5699, 7555)	' emergency'	9905
9588	(2936, 553)	'农业'	9906
9589	(328, 101)	'aye'	9907
9590	(3413, 1165)	' operations'	9908
9591	(16008, 140)	'์'	9909
9592	(434, 581)	' rally'	9910
9593	(106, 2118)	'jected'	9911
9594	(4210, 1165)	' allegations'	9912
9595	(1256, 159)	'號'	9913
9596	(2570, 287)	' filed'	9914
9597	(1021, 619)	'展现'	9915
9598	(236, 156)	b'\xec\x9c'	9916
9599	(735, 141)	b' \xe1\x8d'	9918
9600	(427, 7030)	'年龄'	9919
9601	(630, 279)	'arden'	9920
9602	(272, 4706)	'的事情'	9921
9603	(648, 150)	'肖'	9922
9604	(2637, 16310)	'温家宝'	9923
9605	(1216, 532)	'ountain'	9925
9606	(1020, 165)	'እ'	9926
9607	(1150, 1360)	'二十'	9927
9608	(1161, 3456)	'回答'	9928
9609	(417, 16283)	' Boston'	9930
9610	(468, 420)	'以为'	9931
9611	(112, 527)	'pts'	9932
9612	(531, 753)	' Lake'	9933
9613	(1020, 168)	'ከ'	9934
9614	(660, 680)	'作者'	9935
9615	(354, 418)	' Sil'	9936
9616	(1773, 115)	' lots'	9937
9617	(2122, 1101)	" They're"	9938
9618	(16079, 1858)	' characters'	9939
9619	(1164, 2080)	'达到了'	9940
9620	(4232, 7652)	' illegal'	9941
9621	(926, 7007)	' perhaps'	9942
9622	(887, 888)	'第一个'	9944
9623	(1235, 398)	' accur'	9945
9624	(1230, 1623)	'指标'	9946
9625	(1269, 1227)	'头奖'	9947
9626	(32, 4312)	' 高考'	9948
9627	(5978, 428)	'事实上'	9949
9628	(2349, 1758)	' believed'	9950
9629	(744, 1090)	'理由'	9951
9630	(371, 3018)	" you'd"	9952
9631	(1149, 699)	'该机'	9953
9632	(7674, 1158)	' citizens'	9954
9633	(391, 1068)	' Mary'	9955
9634	(2333, 697)	' collect'	9956
9635	(81, 16308)	'QDII'	9957
9636	(1325, 807)	'每次'	9958
9637	(106, 1127)	'jọ'	9959
9638	(1431, 350)	'可能是'	9960
9639	(1521, 1509)	'配备'	9961
9640	(508, 178)	' ز'	9962
9641	(379, 583)	'sequ'	9963
9642	(365, 326)	'roid'	9964
9643	(505, 111)	'ando'	9965
9644	(297, 375)	' hun'	9966
9645	(743, 115)	' Us'	9967
9646	(615, 265)	' Jon'	9968
9647	(349, 167)	'卧'	9969
9648	(797, 489)	' adop'	9970
9649	(54, 51)	'63'	9971
9650	(16153, 16270)	' scheduled'	9972
9651	(884, 172)	'馬'	9973
9652	(2161, 272)	'行业的'	9974
9653	(1296, 396)	'给了'	9975
9654	(3004, 643)	' movement'	9976
9655	(109, 3757)	'mission'	9978
9656	(267, 1758)	'erved'	9979
9657	(71, 114)	'Gr'	9980
9658	(1125, 152)	'淘'	9981
9659	(275, 111)	'ito'	9982
9660	(4602, 399)	' strike'	9983
9661	(7052, 519)	' appreciate'	9984
9662	(325, 176)	'戰'	9985
9663	(5365, 350)	'无论是'	9986
9664	(1744, 165)	'ጥ'	9987
9665	(413, 146)	'递'	9988
9666	(601, 1179)	'高级'	9989
9667	(611, 604)	' plant'	9990
9668	(3388, 101)	'ije'	9991
9669	(2398, 1186)	'协调'	9992
9670	(4909, 2261)	' leadership'	9993
9671	(415, 171)	'披'	9994
9672	(7686, 5106)	' Mexico'	9995
9673	(2756, 3066)	' explained'	9996
9674	(73, 88)	'IX'	9998
9675	(5616, 2176)	'舒适'	9999
9676	(4688, 324)	' Steve'	10000
9677	(2815, 3788)	'听歌'	10001
9678	(660, 486)	'作出'	10002
9679	(418, 283)	'iling'	10003
9680	(1161, 777)	'回合'	10004
9681	(53, 51)	'53'	10005
9682	(301, 527)	'asts'	10006
9683	(7373, 604)	' restaurant'	10007
9684	(1162, 919)	' actions'	10008
9685	(376, 2394)	' Add'	10009
9686	(76, 626)	'Last'	10010
9687	(3636, 159)	'鸟'	10011
9688	(545, 1974)	'发言'	10012
9689	(5100, 1940)	' responsible'	10013
9690	(848, 51)	' 33'	10014
9691	(391, 1447)	' Mont'	10015
9692	(1785, 115)	' wins'	10016
9693	(386, 3573)	'不久'	10018
9694	(386, 16278)	'不妨'	10019
9695	(16113, 105)	' initi'	10020
9696	(421, 16275)	" weren't"	10021
9697	(3987, 6620)	'休闲'	10022
9698	(3217, 1344)	'铁路'	10023
9699	(3650, 4209)	'毕竟'	10024
9700	(1824, 690)	'phone'	10025
9701	(1121, 3971)	' است'	10026
9702	(1931, 2969)	' entertain'	10027
9703	(16321, 1882)	'传感器'	10028
9704	(376, 84)	' AT'	10030
9705	(1236, 324)	' serve'	10031
9706	(1483, 1014)	'带着'	10032
9707	(2519, 16246)	' demonstr'	10033
9708	(836, 839)	'وی'	10034
9709	(2011, 308)	' medic'	10035
9710	(599, 2187)	'月底'	10036
9711	(7103, 682)	'works'	10037
9712	(356, 373)	' Tim'	10038
9713	(1148, 1013)	'ку'	10039
9714	(119, 734)	'wide'	10040
9715	(358, 138)	'诊'	10041
9716	(820, 128)	'稀'	10042
9717	(496, 3123)	' River'	10043
9718	(3344, 1117)	'ını'	10044
9719	(348, 276)	'ador'	10045
9720	(16088, 301)	' occas'	10046
9721	(357, 1482)	'在美国'	10048
9722	(802, 163)	'っ'	10049
9723	(16260, 1161)	'赎回'	10050
9724	(1429, 1376)	'亚盘'	10051
9725	(523, 167)	'氧'	10052
9726	(504, 801)	' ship'	10053
9727	(570, 130)	'ం'	10054
9728	(45, 70)	'-F'	10055
9729	(1119, 322)	'ption'	10056
9730	(1397, 16175)	' attorney'	10057
9731	(4310, 156)	'膜'	10058
9732	(2303, 423)	' status'	10059
9733	(640, 378)	'就有'	10060
9734	(3559, 3853)	'有效像素'	10061
9735	(741, 1072)	'还可以'	10062
9736	(968, 1344)	'道路'	10063
9737	(463, 1106)	' Haw'	10064
9738	(771, 823)	'定位'	10065
9739	(2778, 666)	'版本'	10066
9740	(329, 141)	'對'	10067
9741	(540, 2562)	'日晚'	10068
9742	(2198, 168)	'్న'	10069
9743	(259, 119)	'hew'	10070
9744	(7166, 16261)	' Instagram'	10071
9745	(5643, 2678)	' Valley'	10072
9746	(419, 2048)	'国债'	10073
9747	(1177, 16304)	' guilty'	10074
9748	(1011, 133)	' ਅ'	10075
9749	(1273, 545)	'首发'	10076
9750	(7062, 331)	' slightly'	10077
9751	(4510, 3542)	' identified'	10078
9752	(316, 105)	' gi'	10079
9753	(4538, 7712)	' penalty'	10080
9754	(2088, 522)	' Arab'	10081
9755	(468, 2038)	'以往'	10083
9756	(54, 50)	'62'	10084
9757	(16090, 532)	' Britain'	10085
9758	(531, 301)	' Las'	10086
9759	(513, 165)	'泥'	10087
9760	(706, 2043)	'美國'	10088
9761	(272, 3889)	'的感觉'	10089
9762	(16323, 927)	'季后赛'	10090
9763	(6404, 293)	' mental'	10091
9764	(388, 170)	'循'	10092
9765	(1617, 1348)	'连胜'	10093
9766	(913, 157)	'芝'	10094
9767	(121, 367)	"y's"	10095
9768	(2766, 180)	'嘴'	10096
9769	(872, 427)	'三年'	10097
9770	(5137, 5137)	'妈妈'	10098
9771	(1117, 2291)	'ış'	10099
9772	(57, 52)	'94'	10100
9773	(3152, 115)	' programs'	10101
9774	(69, 859)	'Even'	10102
9775	(336, 1958)	'一致'	10103
9776	(471, 138)	'ช'	10104
9777	(450, 285)	'oles'	10105
9778	(496, 115)	' Rs'	10106
9779	(1459, 7072)	'广泛'	10107
9780	(1753, 5030)	'复杂'	10108
9781	(6277, 3860)	'尺寸'	10109
9782	(5973, 16311)	'中华人民共和国'	10110
9783	(45, 66)	'-B'	10111
9784	(278, 1056)	' coin'	10112
9785	(6008, 875)	'Image'	10113
9786	(1141, 285)	'oves'	10114
9787	(3328, 323)	b'\xe0\xa5\x81\xe0\xa4'	10115
9788	(102, 954)	'face'	10116
9789	(289, 115)	' os'	10117
9790	(774, 636)	'ivity'	10118
9791	(3790, 108)	' Atl'	10119
9792	(871, 378)	'更有'	10120
9793	(1676, 16292)	'清晰'	10121
9794	(69, 88)	'EX'	10122
9795	(715, 573)	'之下'	10123
9796	(354, 1784)	' Spr'	10124
9797	(4910, 952)	'累计'	10125
9798	(1953, 170)	'猪'	10126
9799	(1633, 5234)	'把握'	10127
9800	(7148, 115)	' analysts'	10128
9801	(316, 119)	' gw'	10129
9802	(1300, 1646)	'规则'	10130
9803	(449, 170)	'陪'	10131
9804	(1221, 185)	' হ'	10132
9805	(272, 851)	'的心'	10133
9806	(276, 105)	'ori'	10134
9807	(272, 1049)	'的市场'	10135
9808	(68, 84)	'DT'	10136
9809	(476, 168)	'拨'	10137
9810	(336, 1868)	'一条'	10138
9811	(425, 115)	'outs'	10139
9812	(508, 165)	' إ'	10140
9813	(848, 46)	' 3.'	10141
9814	(811, 1303)	'内线'	10142
9815	(386, 2146)	'不够'	10143
9816	(16266, 2723)	' basketball'	10144
9817	(1164, 571)	'达成'	10145
9818	(4846, 281)	' Paris'	10146
9819	(2498, 411)	' veter'	10147
9820	(1156, 128)	'ী'	10148
9821	(397, 357)	'人在'	10149
9822	(294, 116)	' ant'	10150
9823	(546, 274)	' van'	10151
9824	(2580, 101)	' Joe'	10152
9825	(1439, 908)	'拉斯'	10153
9826	(611, 5923)	' planned'	10154
9827	(1323, 2289)	'星座'	10155
9828	(1607, 1225)	'类型'	10156
9829	(16296, 1041)	'经销商'	10157
9830	(2288, 263)	' centre'	10158
9831	(7419, 279)	' Open'	10159
9832	(998, 97)	'ava'	10160
9833	(1277, 899)	'客队'	10161
9834	(1649, 102)	'aaf'	10162
9835	(486, 1032)	'出色'	10163
9836	(4321, 275)	' limit'	10164
9837	(264, 494)	' sust'	10165
9838	(3074, 5008)	b'\xe0\xa8\xbf\xe0\xa9\xb1\xe0\xa8'	10166
9839	(458, 104)	'agh'	10168
9840	(1141, 97)	'ova'	10169
9841	(67, 69)	'CE'	10170
9842	(3016, 2862)	' solution'	10171
9843	(46, 77)	'.M'	10172
9844	(352, 274)	'aman'	10173
9845	(110, 115)	'ns'	10174
9846	(1703, 181)	' ስ'	10175
9847	(393, 176)	'衰'	10176
9848	(6067, 1183)	'韦德'	10177
9849	(526, 97)	'ela'	10178
9850	(5281, 3937)	' Democratic'	10179
9851	(1580, 136)	' ш'	10180
9852	(55, 52)	'74'	10181
9853	(797, 6041)	' advert'	10182
9854	(3443, 287)	' returned'	10183
9855	(1620, 3879)	' conserv'	10184
9856	(504, 891)	' shown'	10185
9857	(417, 485)	' Best'	10186
9858	(572, 145)	'惑'	10187
9859	(1221, 164)	' ত'	10188
9860	(57, 51)	'93'	10189
9861	(470, 293)	' Wal'	10190
9862	(156, 430)	b'\x9c\xe1\x80'	10191
9863	(114, 281)	'ris'	10192
9864	(98, 548)	'bour'	10193
9865	(6721, 519)	' separate'	10194
9866	(1231, 350)	'或是'	10195
9867	(561, 150)	'辖'	10196
9868	(3206, 428)	'历史上'	10197
9869	(1466, 178)	'悲'	10198
9870	(1038, 7352)	' otherwise'	10199
9871	(2180, 1302)	'ological'	10200
9872	(427, 2290)	'年初'	10201
9873	(871, 776)	'更好'	10202
9874	(111, 813)	'overy'	10203
9875	(80, 263)	'Pre'	10204
9876	(876, 4173)	' somewhere'	10205
9877	(749, 909)	'小区'	10206
9878	(291, 1110)	' dress'	10207
9879	(1539, 272)	'游戏的'	10208
9880	(282, 4378)	' fuel'	10209
9881	(1627, 173)	'設'	10210
9882	(86, 80)	'VP'	10211
9883	(2783, 427)	'青年'	10212
9884	(2466, 178)	'از'	10213
9885	(16078, 189)	'總'	10214
9886	(336, 1138)	'一周'	10215
9887	(822, 183)	'廷'	10216
9888	(1027, 5148)	' resources'	10217
9889	(6683, 156)	'서'	10218
9890	(806, 151)	'苗'	10219
9891	(7380, 2716)	'拒绝'	10220
9892	(580, 177)	'ற'	10221
9893	(1547, 1404)	'服装'	10222
9894	(713, 383)	' spir'	10223
9895	(121, 105)	'yi'	10224
9896	(1423, 105)	'azi'	10225
9897	(457, 160)	'纠'	10226
9898	(1756, 879)	'ыл'	10227
9899	(629, 174)	'ਮ'	10228
9900	(471, 158)	'พ'	10229
9901	(528, 102)	'ulf'	10230
9902	(1134, 1634)	'收购'	10231
9903	(1641, 1426)	'乐观'	10232
9904	(601, 568)	'高于'	10233
9905	(110, 332)	'net'	10234
9906	(67, 66)	'CB'	10235
9907	(1235, 6996)	' accounts'	10236
9908	(872, 400)	'三大'	10237
9909	(55, 51)	'73'	10238
9910	(1727, 553)	'创业'	10239
9911	(1416, 334)	' decent'	10240
9912	(140, 128)	b'\x8c\x80'	10241
9913	(288, 682)	'arks'	10243
9914	(6413, 1080)	'植物'	10244
9915	(540, 4856)	'日下午'	10246
9916	(3335, 776)	'良好'	10247
9917	(713, 6202)	' spring'	10248
9918	(2784, 3127)	'分析人士'	10249
9919	(518, 2410)	'能否'	10250
9920	(4346, 1584)	'募集'	10251
9921	(2727, 3914)	' matches'	10252
9922	(514, 6650)	' constant'	10253
9923	(6062, 331)	' honestly'	10254
9924	(16330, 6700)	'胡锦涛'	10255
9925	(297, 2091)	' harm'	10256
9926	(8231, 276)	' Director'	10257
9927	(336, 727)	'一球'	10258
9928	(1277, 1426)	'客观'	10259
9929	(573, 695)	'下面'	10261
9930	(3518, 4517)	' traditional'	10262
9931	(264, 2849)	' sister'	10263
9932	(489, 112)	'opp'	10264
9933	(6576, 5904)	' software'	10265
9934	(1221, 168)	' ন'	10266
9935	(531, 1904)	' Lee'	10267
9936	(1337, 1690)	' crash'	10268
9937	(2067, 4876)	' providing'	10269
9938	(1213, 396)	'做了'	10270
9939	(743, 78)	' UN'	10271
9940	(73, 527)	'Its'	10272
9941	(887, 1360)	'第十'	10273
9942	(301, 121)	'asy'	10274
9943	(1005, 100)	'achd'	10275
9944	(2407, 101)	' mode'	10276
9945	(112, 263)	'pre'	10277
9946	(350, 1965)	'是什么'	10278
9947	(828, 114)	' arr'	10279
9948	(2568, 505)	' Grand'	10280
9949	(45, 1801)	'-sh'	10281
9950	(632, 6692)	' truth'	10282
9951	(892, 141)	'砍'	10283
9952	(379, 97)	'sea'	10284
9953	(1104, 185)	'ाह'	10285
9954	(880, 134)	'霆'	10286
9955	(16017, 671)	' movies'	10288
9956	(526, 574)	'eless'	10289
9957	(1011, 164)	' ਤ'	10290
9958	(864, 467)	'此时'	10291
9959	(622, 772)	' abuse'	10292
9960	(400, 3399)	'大學'	10293
9961	(16092, 3072)	' connection'	10294
9962	(326, 459)	'iders'	10295
9963	(3015, 1944)	' powerful'	10296
9964	(853, 427)	'当年'	10297
9965	(260, 162)	'丢'	10299
9966	(260, 166)	'並'	10300
9967	(751, 790)	'说法'	10301
9968	(557, 3566)	'分享'	10302
9969	(663, 576)	'最多'	10303
9970	(542, 104)	' Gh'	10304
9971	(32, 2031)	' ü'	10305
9972	(305, 458)	' lag'	10306
9973	(2968, 2362)	b'\xe0\xb9\x88\xe0\xb8\xb2\xe0\xb8'	10307
9974	(1093, 107)	'ək'	10308
9975	(573, 3951)	'下载'	10309
9976	(1995, 112)	' insp'	10310
9977	(7209, 5134)	'凌晨'	10311
9978	(1143, 1941)	'打击'	10312
9979	(812, 3697)	' offensive'	10313
9980	(2168, 621)	' install'	10314
9981	(6179, 1051)	' purchase'	10316
9982	(71, 65)	'GA'	10317
9983	(1332, 97)	'anka'	10318
9984	(1228, 1166)	'ته'	10319
9985	(16179, 276)	' doctor'	10320
9986	(1385, 171)	'疫'	10321
9987	(231, 176)	b'\xe7\xb0'	10322
9988	(492, 906)	'家里'	10323
9989	(2074, 168)	'ાન'	10324
9990	(561, 133)	'辅'	10325
9991	(98, 105)	'bi'	10326
9992	(77, 274)	'Man'	10327
9993	(83, 101)	'Se'	10328
9994	(1406, 97)	'anya'	10329
9995	(953, 189)	'爽'	10330
9996	(386, 665)	'不用'	10331
9997	(590, 827)	'也很'	10332
9998	(1569, 1004)	'的一些'	10334
9999	(45, 76)	'-L'	10335
10000	(6036, 3722)	'凭借'	10336
10001	(1467, 3757)	' commission'	10337
10002	(650, 2457)	" they've"	10338
10003	(469, 187)	' л'	10339
10004	(288, 265)	'aron'	10340
10005	(960, 1484)	'并未'	10341
10006	(2088, 116)	' Art'	10342
10007	(726, 555)	'都要'	10343
10008	(314, 3740)	' nature'	10344
10009	(3692, 2768)	' Images'	10345
10010	(2232, 1061)	'书记'	10346
10011	(3281, 1509)	'储备'	10347
10012	(1779, 109)	' chem'	10348
10013	(784, 272)	'子的'	10349
10014	(977, 522)	' grab'	10350
10015	(2241, 2241)	'!!!!'	10351
10016	(706, 3026)	'美丽'	10352
10017	(1580, 143)	' я'	10353
10018	(821, 7877)	' intelligence'	10354
10019	(4854, 287)	' pulled'	10355
10020	(4881, 467)	'采访时'	10356
10021	(16110, 1680)	' communities'	10357
10022	(2647, 769)	'ент'	10358
10023	(1401, 143)	'脏'	10359
10024	(1172, 4905)	'总裁'	10360
10025	(301, 1287)	'ashed'	10362
10026	(2894, 2711)	'承担'	10363
10027	(1416, 734)	' decide'	10364
10028	(272, 539)	'的地'	10365
10029	(543, 919)	'ctions'	10366
10030	(55, 424)	'700'	10367
10031	(978, 2831)	'意思'	10368
10032	(767, 6450)	'天津'	10369
10033	(350, 1230)	'是指'	10371
10034	(898, 1195)	'万科'	10372
10035	(3096, 818)	' walking'	10373
10036	(839, 627)	'یا'	10374
10037	(538, 555)	'我要'	10375
10038	(1466, 172)	'悬'	10376
10039	(108, 369)	'lig'	10377
10040	(655, 745)	'主力'	10378
10041	(514, 4080)	' constit'	10379
10042	(462, 2222)	'这也是'	10380
10043	(111, 818)	'oking'	10382
10044	(1524, 97)	' naa'	10383
10045	(16152, 173)	'蘭'	10384
10046	(100, 279)	'den'	10385
10047	(434, 283)	' ring'	10386
10048	(827, 1963)	'很大的'	10387
10049	(7572, 849)	' dangerous'	10389
10050	(747, 2322)	b'\xd1\x80\xd0\xb0\xd1'	10390
10051	(522, 101)	'abe'	10391
10052	(1274, 419)	'各国'	10392
10053	(2180, 671)	'ologies'	10393
10054	(3157, 287)	' managed'	10394
10055	(1274, 460)	'各个'	10395
10056	(872, 1323)	'三星'	10397
10057	(1192, 285)	'ples'	10398
10058	(953, 181)	'爵'	10400
10059	(16154, 1320)	' opposition'	10401
10060	(258, 258)	'inin'	10402
10061	(357, 1557)	'在北京'	10403
10062	(1282, 571)	'变成'	10404
10063	(386, 400)	'不大'	10405
10064	(429, 188)	'彼'	10406
10065	(1138, 714)	'周期'	10407
10066	(1378, 441)	'formation'	10408
10067	(1787, 1032)	'红色'	10410
10068	(3258, 697)	' affect'	10411
10069	(588, 312)	' Ell'	10412
10070	(417, 865)	' Bell'	10413
10071	(365, 103)	'rog'	10414
10072	(278, 117)	' cu'	10415
10073	(77, 79)	'MO'	10416
10074	(1112, 176)	'舰'	10418
10075	(2865, 3320)	'检察'	10419
10076	(2754, 2034)	'危险'	10420
10077	(732, 167)	'捧'	10421
10078	(554, 16033)	' devices'	10422
10079	(557, 420)	'分为'	10423
10080	(316, 532)	' gain'	10424
10081	(1533, 1533)	'仅仅'	10425
10082	(3724, 603)	' apart'	10426
10083	(796, 158)	'類'	10427
10084	(499, 274)	'uman'	10430
10085	(384, 164)	'凤'	10431
10086	(1458, 177)	' න'	10432
10087	(730, 1749)	'其它'	10433
10088	(109, 285)	'mes'	10434
10089	(4473, 1381)	'释放'	10435
10090	(7294, 16345)	'脂肪'	10436
10091	(2826, 272)	'所有的'	10437
10092	(616, 136)	'愈'	10438
10093	(417, 97)	' Ba'	10439
10094	(1618, 16302)	' strategy'	10440
10095	(991, 52)	'2004'	10441
10096	(848, 424)	' 300'	10442
10097	(2109, 1137)	'ід'	10443
10098	(333, 110)	' ren'	10444
10099	(316, 98)	' gb'	10445
10100	(258, 1566)	'inals'	10446
10101	(2689, 285)	' sites'	10447
10102	(5179, 5234)	'掌握'	10448
10103	(900, 16285)	' enforcement'	10449
10104	(3274, 4336)	' forecast'	10450
10105	(380, 164)	'孤'	10452
10106	(1922, 178)	'िल'	10453
10107	(615, 528)	' Jul'	10455
10108	(4591, 115)	' boys'	10456
10109	(286, 119)	' mw'	10457
10110	(315, 134)	'昆'	10458
10111	(1740, 1358)	'博士'	10459
10112	(1487, 151)	'狗'	10460
10113	(511, 271)	' seat'	10461
10114	(1063, 1741)	'正确'	10462
10115	(291, 975)	' dick'	10463
10116	(275, 3228)	'itude'	10464
10117	(1129, 7851)	' apparently'	10465
10118	(786, 1426)	'外观'	10466
10119	(397, 400)	'人大'	10467
10120	(2119, 573)	'拿下'	10468
10121	(644, 185)	'曹'	10469
10122	(109, 964)	'mark'	10471
10123	(1115, 6107)	' Invest'	10473
10124	(2909, 708)	'干部'	10474
10125	(632, 1029)	' trail'	10475
10126	(272, 1576)	'的工作'	10476
10127	(80, 2372)	'Please'	10477
10128	(2181, 348)	' Read'	10478
10129	(969, 142)	'ዎ'	10479
10130	(2114, 320)	' handle'	10480
10131	(1131, 974)	'强化'	10481
10132	(1062, 1005)	' teach'	10482
10133	(4666, 1276)	' temper'	10483
10134	(2203, 285)	' hopes'	10484
10135	(2933, 3716)	' switch'	10485
10136	(4453, 287)	' concerned'	10486
10137	(329, 184)	'尸'	10487
10138	(3335, 2538)	'良好的'	10488
10139	(2679, 1419)	'简称'	10489
10140	(2355, 1556)	'奥运'	10490
10141	(3915, 267)	' customer'	10491
10142	(1527, 263)	'Here'	10492
10143	(641, 39)	" O'"	10493
10144	(278, 5229)	' categ'	10494
10145	(16008, 135)	'็'	10495
10146	(2646, 119)	' crew'	10497
10147	(585, 2481)	' liked'	10498
10148	(629, 163)	'ਣ'	10499
10149	(1719, 804)	'难度'	10500
10150	(1449, 2999)	' gotten'	10501
10151	(98, 265)	'bon'	10502
10152	(937, 378)	'已有'	10503
10153	(2894, 1224)	'承认'	10504
10154	(356, 891)	' Town'	10505
10155	(2385, 101)	' Ze'	10506
10156	(314, 2749)	' narr'	10507
10157	(401, 143)	'奏'	10508
10158	(540, 1076)	'日至'	10509
10159	(3124, 3187)	b'\xe0\xb0\xbf\xe0\xb0\x82\xe0\xb0'	10510
10160	(550, 428)	'场上'	10511
10161	(391, 478)	' Mem'	10512
10162	(542, 7873)	' German'	10513
10163	(83, 112)	'Sp'	10514
10164	(890, 673)	' Stud'	10515
10165	(107, 1127)	'kọ'	10516
10166	(994, 174)	'壮'	10517
10167	(4086, 2421)	'货币政策'	10518
10168	(5074, 345)	' fellow'	10519
10169	(754, 171)	'ණ'	10520
10170	(1265, 149)	'硕'	10521
10171	(3816, 97)	'adda'	10523
10172	(4040, 938)	'上市公司'	10524
10173	(2052, 167)	b' \xeb\xa7'	10525
10174	(1865, 1108)	'阿尔'	10526
10175	(827, 2538)	'很好的'	10527
10176	(8043, 971)	' purpose'	10528
10177	(80, 82)	'PR'	10529
10178	(65, 100)	'Ad'	10530
10179	(590, 555)	'也要'	10531
10180	(1353, 149)	' ን'	10532
10181	(1687, 177)	'்ற'	10533
10182	(794, 150)	'胖'	10534
10183	(4815, 2071)	' negative'	10535
10184	(390, 579)	'中学'	10536
10185	(391, 536)	' Mos'	10537
10186	(7695, 515)	' strength'	10539
10187	(400, 749)	'大小'	10540
10188	(4991, 2723)	' baseball'	10541
10189	(276, 838)	'orial'	10542
10190	(929, 1206)	'لي'	10543
10191	(5883, 441)	' application'	10544
10192	(4566, 690)	'Phone'	10545
10193	(668, 102)	' unf'	10546
10194	(1036, 140)	'桌'	10547
10195	(8415, 5162)	'疯狂'	10548
10196	(3866, 1234)	'梦想'	10549
10197	(1190, 420)	'率为'	10550
10198	(264, 5931)	' session'	10551
10199	(1359, 173)	'ậ'	10552
10200	(2936, 931)	'农民'	10553
10201	(16277, 6308)	' Pakistan'	10554
10202	(1520, 1078)	' remove'	10555
10203	(793, 191)	'姿'	10556
10204	(376, 76)	' AL'	10557
10205	(4342, 1029)	' Email'	10558
10206	(1896, 114)	' surr'	10559
10207	(2907, 4258)	' reduce'	10560
10208	(4106, 1147)	' Christian'	10561
10209	(104, 116)	'ht'	10562
10210	(618, 131)	'ể'	10563
10211	(434, 117)	' ru'	10564
10212	(2883, 275)	' suit'	10565
10213	(3366, 176)	b' \xea\xb0'	10567
10214	(521, 1097)	'对应'	10568
10215	(1183, 906)	'德里'	10569
10216	(45, 1301)	'-12'	10570
10217	(1593, 576)	'太多'	10571
10218	(1224, 1626)	'认真'	10572
10219	(469, 146)	' В'	10573
10220	(2176, 1097)	'适应'	10574
10221	(3033, 175)	'্য'	10576
10222	(2431, 727)	'篮球'	10577
10223	(506, 272)	'会的'	10578
10224	(434, 675)	' rough'	10579
10225	(6113, 2403)	' ordered'	10580
10226	(1072, 357)	'可以在'	10581
10227	(599, 727)	'月球'	10582
10228	(73, 82)	'IR'	10583
10229	(4373, 7124)	'遗漏'	10584
10230	(1943, 1418)	'是一款'	10585
10231	(3744, 16300)	' equipment'	10586
10232	(604, 308)	'antic'	10587
10233	(2164, 367)	" world's"	10588
10234	(1642, 3697)	' defensive'	10589
10235	(469, 162)	' Т'	10590
10236	(478, 274)	'eman'	10591
10237	(4426, 1302)	' critical'	10592
10238	(1467, 4709)	' committed'	10593
10239	(3229, 1166)	' له'	10595
10240	(1924, 1332)	' Frank'	10596
10241	(72, 1770)	'Have'	10597
10242	(865, 121)	'elly'	10598
10243	(116, 117)	'tu'	10599
10244	(89, 766)	'Yep'	10600
10245	(385, 959)	' stated'	10602
10246	(546, 383)	' vir'	10603
10247	(496, 111)	' Ro'	10604
10248	(277, 326)	' bid'	10605
10249	(663, 2538)	'最好的'	10606
10250	(1277, 1348)	'客胜'	10607
10251	(941, 2431)	'投篮'	10608
10252	(401, 162)	'奢'	10609
10253	(897, 134)	'穆'	10610
10254	(258, 283)	'ining'	10611
10255	(5743, 1758)	' arrived'	10612
10256	(1213, 495)	'做到'	10613
10257	(505, 265)	'andon'	10614
10258	(638, 450)	'ocol'	10615
10259	(1396, 397)	'老人'	10616
10260	(3960, 2382)	'永远'	10617
10261	(1091, 843)	'股价'	10618
10262	(663, 420)	'最为'	10619
10263	(968, 1144)	'道具'	10620
10264	(16290, 110)	'.cn'	10621
10265	(412, 159)	'废'	10622
10266	(3286, 495)	'遇到'	10624
10267	(1474, 2121)	'预算'	10625
10268	(532, 527)	'aints'	10626
10269	(99, 934)	'care'	10627
10270	(1375, 185)	'ス'	10628
10271	(8407, 1051)	' disease'	10629
10272	(1722, 911)	'买入'	10630
10273	(450, 308)	'olic'	10631
10274	(1564, 4749)	' assume'	10632
10275	(939, 4796)	' YOU'	10633
10276	(286, 293)	' mal'	10634
10277	(1727, 978)	'创意'	10635
10278	(667, 2080)	'得到了'	10636
10279	(929, 7421)	'لى'	10637
10280	(2097, 4315)	' пре'	10638
10281	(87, 406)	'Will'	10639
10282	(1138, 3756)	'周末'	10641
10283	(8101, 322)	' champion'	10642
10284	(589, 154)	' च'	10643
10285	(570, 164)	'త'	10644
10286	(829, 3525)	'相互'	10645
10287	(576, 427)	'多年'	10646
10288	(832, 175)	'聯'	10647
10289	(595, 16293)	'公寓'	10649
10290	(2632, 367)	" country's"	10650
10291	(2020, 3320)	'警察'	10651
10292	(2510, 99)	'ác'	10652
10293	(114, 1127)	'rọ'	10653
10294	(582, 16298)	' alcohol'	10654
10295	(3407, 115)	' records'	10655
10296	(530, 6799)	' noticed'	10656
10297	(405, 132)	'寄'	10657
10298	(16131, 16131)	'--------'	10658
10299	(4534, 2393)	'幸福'	10660
10300	(699, 1882)	'机器'	10661
10301	(706, 1088)	'美女'	10662
10302	(1053, 564)	'让他'	10663
10303	(627, 1166)	'اه'	10664
10304	(723, 181)	'涵'	10665
10305	(468, 2520)	'以来的'	10666
10306	(436, 480)	' Pri'	10667
10307	(352, 105)	'ami'	10669
10308	(256, 801)	' tip'	10670
10309	(272, 1446)	'的经济'	10671
10310	(398, 98)	'urb'	10672
10311	(356, 2851)	' Techn'	10673
10312	(114, 326)	'rid'	10674
10313	(1042, 115)	'ugs'	10675
10314	(1092, 141)	'੍'	10677
10315	(767, 272)	'天的'	10678
10316	(6573, 1068)	' primary'	10679
10317	(1077, 1300)	'常规'	10680
10318	(1181, 159)	'्ट'	10681
10319	(486, 1726)	'出现在'	10682
10320	(3456, 1630)	'答案'	10683
10321	(343, 1540)	' eating'	10684
10322	(1169, 180)	'缴'	10685
10323	(1520, 752)	' remind'	10686
10324	(291, 293)	' dal'	10687
10325	(1376, 1411)	'盘口'	10688
10326	(7418, 97)	'ında'	10689
10327	(236, 154)	b'\xec\x9a'	10690
10328	(2109, 1345)	'ів'	10691
10329	(65, 89)	'AY'	10692
10330	(300, 5739)	' inbox'	10693
10331	(281, 441)	'isation'	10694
10332	(1462, 2028)	'米兰'	10695
10333	(599, 272)	'月的'	10696
10334	(282, 331)	' fly'	10697
10335	(939, 285)	' Yes'	10698
10336	(3248, 267)	' smaller'	10699
10337	(606, 163)	'ણ'	10700
10338	(496, 719)	' Rod'	10701
10339	(87, 69)	'WE'	10702
10340	(921, 267)	' user'	10703
10341	(1158, 285)	'enses'	10704
10342	(1115, 411)	' Inter'	10705
10343	(6974, 258)	' Martin'	10706
10344	(263, 285)	'rees'	10707
10345	(2333, 3072)	' collection'	10708
10346	(2432, 117)	' uu'	10709
10347	(398, 100)	'urd'	10710
10348	(5213, 267)	' closer'	10711
10349	(6685, 4356)	'鼓励'	10712
10350	(263, 1158)	'reens'	10713
10351	(2865, 1969)	'检测'	10714
10352	(775, 2126)	'实验'	10715
10353	(428, 336)	'上一'	10716
10354	(117, 274)	'uan'	10717
10355	(1703, 176)	' ሰ'	10718
10356	(809, 1419)	'名称'	10719
10357	(2319, 721)	'波动'	10720
10358	(2451, 259)	'-the'	10721
10359	(1634, 1080)	'购物'	10722
10360	(2767, 3951)	'搭载'	10723
10361	(2349, 1891)	' believes'	10724
10362	(2726, 1298)	'河南'	10725
10363	(65, 103)	'Ag'	10726
10364	(318, 312)	' Ill'	10727
10365	(1450, 55)	'2017'	10728
10366	(1964, 2734)	'权威'	10729
10367	(72, 83)	'HS'	10730
10368	(387, 171)	'扫'	10731
10369	(5688, 678)	' measure'	10732
10370	(2149, 978)	'满意'	10733
10371	(272, 2015)	'的玩家'	10734
10372	(775, 2383)	'实习'	10735
10373	(70, 5589)	'From'	10736
10374	(350, 1768)	'是因为'	10737
10375	(7927, 1508)	' trouble'	10738
10376	(1648, 844)	'查看'	10740
10377	(1697, 3299)	' Andrew'	10741
10378	(16137, 288)	' dollar'	10742
10379	(710, 209)	b'\xd0\xb5\xd1'	10743
10380	(2031, 114)	'ür'	10744
10381	(386, 783)	'不但'	10745
10382	(8337, 7566)	'谨慎'	10746
10383	(282, 753)	' fake'	10747
10384	(2651, 301)	' ideas'	10748
10385	(32, 283)	' ing'	10749
10386	(1022, 2172)	'身边'	10750
10387	(741, 681)	'还将'	10751
10388	(1047, 115)	'ords'	10752
10389	(1515, 283)	'luding'	10753
10390	(405, 186)	'寺'	10754
10391	(1355, 164)	'勤'	10755
10392	(1941, 3071)	'击败'	10757
10393	(381, 271)	' heat'	10758
10394	(1983, 115)	' seasons'	10759
10395	(1317, 587)	'先后'	10760
10396	(3580, 191)	'鹿'	10761
10397	(1115, 116)	' Int'	10762
10398	(2390, 16344)	'信息仅供参考'	10763
10399	(2794, 287)	' developed'	10764
10400	(3369, 850)	'मा'	10765
10401	(724, 98)	'ubb'	10766
10402	(234, 178)	b'\xea\xb2'	10767
10403	(1201, 379)	' rose'	10768
10404	(1631, 274)	'athan'	10769
10405	(470, 621)	' Wall'	10770
10406	(421, 560)	' weak'	10771
10407	(391, 16313)	' Manchester'	10772
10408	(4798, 276)	' motor'	10773
10409	(525, 148)	'阔'	10774
10410	(55, 49)	'71'	10775
10411	(943, 1765)	' expert'	10777
10412	(1813, 3281)	'存储'	10778
10413	(8558, 2021)	' Premier'	10779
10414	(339, 188)	'幼'	10780
10415	(46, 424)	'.00'	10781
10416	(944, 3204)	'ся'	10782
10417	(570, 184)	'స'	10783
10418	(2776, 1522)	'批准'	10784
10419	(1813, 1418)	'存款'	10785
10420	(803, 695)	'表面'	10786
10421	(2471, 322)	' mission'	10787
10422	(585, 1758)	' lived'	10788
10423	(7488, 759)	' machine'	10789
10424	(5030, 2701)	'杂志'	10790
10425	(615, 922)	' Jew'	10791
10426	(1570, 350)	'才是'	10792
10427	(749, 5143)	'小姐'	10793
10428	(226, 151)	b'\xe2\x97'	10794
10429	(4284, 2674)	' proposed'	10795
10430	(6266, 1610)	' Ohio'	10796
10431	(1984, 53)	'2.5'	10797
10432	(268, 762)	' wood'	10798
10433	(1175, 971)	'Those'	10799
10434	(2163, 4024)	' confidence'	10800
10435	(79, 67)	'OC'	10801
10436	(218, 134)	'چ'	10802
10437	(271, 274)	'atan'	10803
10438	(4923, 3276)	'培养'	10804
10439	(2436, 2445)	' passeng'	10806
10440	(863, 182)	'ቶ'	10807
10441	(8387, 1742)	'尝试'	10808
10442	(3057, 2009)	'澳洲'	10809
10443	(596, 3677)	' church'	10810
10444	(65, 591)	'App'	10811
10445	(2097, 747)	' пр'	10812
10446	(1459, 550)	'广场'	10813
10447	(522, 258)	'abin'	10814
10448	(1184, 818)	' seeking'	10815
10449	(2198, 175)	'్య'	10816
10450	(817, 301)	'ansas'	10817
10451	(2030, 2634)	'江湖'	10818
10452	(346, 267)	' beer'	10819
10453	(7647, 2531)	'疾病'	10820
10454	(958, 918)	'从事'	10821
10455	(291, 267)	' der'	10822
10456	(128, 430)	b'\x80\xe1\x80'	10823
10457	(535, 150)	'視'	10824
10458	(286, 2445)	' meng'	10826
10459	(1237, 1085)	'那样'	10827
10460	(107, 116)	'kt'	10828
10461	(114, 1849)	'rụ'	10829
10462	(887, 1800)	'第五'	10830
10463	(1274, 400)	'各大'	10831
10464	(45, 1167)	'-20'	10832
10465	(2585, 3929)	'激烈'	10835
10466	(6547, 992)	' balance'	10836
10467	(78, 691)	'Nice'	10837
10468	(16164, 519)	' candidate'	10838
10469	(1121, 3653)	' اور'	10839
10470	(69, 3333)	'EOS'	10840
10471	(2957, 699)	'飞机'	10841
10472	(1131, 1311)	'强势'	10842
10473	(105, 365)	'iro'	10843
10474	(638, 293)	'ocal'	10844
10475	(98, 365)	'bro'	10845
10476	(1207, 495)	'接到'	10846
10477	(111, 418)	'oil'	10848
10478	(1392, 169)	'岩'	10849
10479	(391, 117)	' Mu'	10850
10480	(3160, 2054)	'印象'	10851
10481	(2499, 142)	'碎'	10852
10482	(1177, 485)	' guest'	10853
10483	(1922, 164)	'ित'	10854
10484	(343, 2640)	' euro'	10855
10485	(428, 1294)	'上证'	10856
10486	(2144, 769)	' ст'	10857
10487	(5100, 5121)	' responsibility'	10858
10488	(110, 526)	'nel'	10859
10489	(350, 985)	'是中国'	10860
10490	(216, 184)	'ظ'	10861
10491	(3921, 283)	' bringing'	10862
10492	(722, 691)	' justice'	10864
10493	(2819, 5819)	'赔偿'	10865
10494	(333, 16177)	' reporters'	10866
10495	(654, 48)	'010'	10867
10496	(384, 182)	'凶'	10868
10497	(463, 1770)	' Have'	10869
10498	(3608, 168)	'েন'	10871
10499	(16114, 138)	'車'	10872
10500	(1234, 790)	'想法'	10873
10501	(2564, 1772)	' reflect'	10874
10502	(1075, 3188)	'obby'	10875
10503	(1464, 834)	'节目'	10876
10504	(45, 1218)	'-19'	10877
10505	(936, 122)	'izz'	10878
10506	(288, 112)	'arp'	10879
10507	(348, 115)	'ads'	10880
10508	(336, 3423)	'一季度'	10881
10509	(855, 855)	'ahah'	10882
10510	(413, 153)	'這'	10883
10511	(1595, 152)	'娘'	10884
10512	(303, 5870)	' thinks'	10885
10513	(1747, 176)	'議'	10886
10514	(447, 166)	'秦'	10887
10515	(2206, 2862)	'ribution'	10888
10516	(2246, 2112)	' को'	10889
10517	(1257, 1707)	'terest'	10890
10518	(841, 1144)	'工具'	10891
10519	(596, 16169)	' championship'	10892
10520	(342, 164)	'斤'	10893
10521	(417, 3106)	' Board'	10896
10522	(2896, 2192)	' سے'	10897
10523	(6367, 154)	'線'	10898
10524	(831, 1206)	'ري'	10899
10525	(1761, 136)	' ወ'	10900
10526	(588, 115)	' Es'	10901
10527	(2154, 111)	' Who'	10902
10528	(16322, 114)	' integr'	10903
10529	(967, 274)	'ogan'	10904
10530	(464, 273)	' Dou'	10905
10531	(16284, 2086)	' Carolina'	10906
10532	(475, 411)	'ighter'	10907
10533	(1298, 708)	'南部'	10908
10534	(291, 375)	' dun'	10909
10535	(105, 992)	'iance'	10911
10536	(589, 135)	' इ'	10912
10537	(1121, 1270)	' ام'	10913
10538	(881, 823)	'两位'	10914
10539	(1760, 115)	'lands'	10915
10540	(8199, 16274)	' domestic'	10916
10541	(366, 115)	' thats'	10917
10542	(2406, 2717)	'石油'	10918
10543	(256, 458)	' tag'	10919
10544	(1392, 151)	'岗'	10920
10545	(1080, 744)	'物理'	10921
10546	(521, 700)	'对比'	10922
10547	(1263, 1352)	'取消'	10923
10548	(561, 158)	'辞'	10924
10549	(1785, 411)	' winter'	10925
10550	(380, 159)	'孟'	10926
10551	(116, 671)	'ties'	10927
10552	(385, 2317)	' stars'	10928
10553	(2343, 275)	' legit'	10929
10554	(105, 583)	'iqu'	10930
10555	(773, 1044)	'品种'	10931
10556	(4842, 121)	' lucky'	10932
10557	(2006, 134)	'иц'	10933
10558	(8274, 115)	' hundreds'	10934
10559	(1656, 3393)	'火爆'	10935
10560	(705, 2941)	'rences'	10936
10561	(4392, 183)	'ို့'	10937
10562	(1804, 553)	'失业'	10938
10563	(5626, 386)	'不得不'	10939
10564	(893, 4173)	' anywhere'	10940
10565	(586, 142)	'ሎ'	10941
10566	(1091, 1964)	'股权'	10942
10567	(4896, 3109)	' ਦੇ'	10943
10568	(4618, 636)	' activity'	10944
10569	(2305, 959)	' located'	10945
10570	(354, 288)	' Sar'	10946
10571	(623, 272)	'前的'	10947
10572	(354, 450)	' Sol'	10948
10573	(632, 3588)	' truly'	10949
10574	(1177, 16279)	' guarant'	10950
10575	(2579, 57)	' 2009'	10951
10576	(1129, 331)	' apply'	10952
10577	(1106, 110)	'awn'	10953
10578	(688, 2089)	' allows'	10954
10579	(371, 515)	' youth'	10955
10580	(580, 174)	'ம'	10956
10581	(1457, 1319)	'升值'	10957
10582	(833, 258)	' clin'	10958
10583	(7359, 330)	' forgot'	10959
10584	(16368, 16363)	'.THURSDAY'	10960
10585	(4061, 84)	'ENT'	10961
10586	(98, 288)	'bar'	10963
10587	(2181, 5932)	' Reuters'	10964
10588	(1539, 390)	'游戏中'	10965
10589	(734, 111)	'ideo'	10967
10590	(3413, 1540)	' operating'	10968
10591	(16291, 800)	'派出所'	10970
10592	(3241, 3178)	'登陆'	10971
10593	(1040, 1080)	'文物'	10972
10594	(434, 734)	' ride'	10973
10595	(1137, 1819)	'дан'	10974
10596	(1503, 271)	' flat'	10975
10597	(2910, 396)	'增加了'	10976
10598	(325, 146)	'戒'	10977
10599	(2672, 919)	' elections'	10978
10600	(4060, 680)	'笔者'	10979
10601	(1848, 557)	'积分'	10981
10602	(336, 521)	'一对'	10982
10603	(4305, 130)	'蜂'	10983
10604	(7823, 334)	' independent'	10984
10605	(980, 992)	' Chance'	10986
10606	(272, 1273)	'的首'	10987
10607	(265, 310)	'onom'	10988
10608	(45, 84)	'-T'	10989
10609	(559, 6616)	' prosecut'	10990
10610	(2621, 111)	' info'	10991
10611	(108, 3845)	'lər'	10992
10612	(2831, 1234)	'思想'	10993
10613	(1976, 573)	'情况下'	10994
10614	(32, 4276)	' ра'	10996
10615	(7305, 630)	' Richard'	10997
10616	(4477, 526)	' hotel'	10998
10617	(2076, 1358)	'富士'	10999
10618	(3459, 1758)	' approved'	11000
10619	(1152, 902)	'选手'	11001
10620	(83, 65)	'SA'	11002
10621	(5928, 1426)	'宏观'	11003
10622	(465, 146)	'怒'	11004
10623	(4332, 4572)	' argument'	11005
10624	(491, 117)	' ju'	11006
10625	(777, 2176)	'合适'	11007
10626	(32, 724)	' ub'	11008
10627	(3001, 283)	' facing'	11009
10628	(385, 5917)	' stocks'	11010
10629	(354, 97)	' Sa'	11011
10630	(263, 112)	'rep'	11012
10631	(4504, 115)	' stores'	11013
10632	(1143, 657)	'打开'	11014
10633	(4855, 771)	'固定'	11015
10634	(615, 673)	' Jud'	11016
10635	(436, 2372)	' Please'	11017
10636	(400, 506)	'大会'	11018
10637	(281, 484)	'isher'	11019
10638	(4468, 1921)	' akka'	11020
10639	(1415, 8338)	'约翰'	11021
10640	(16286, 745)	'魅力'	11022
10641	(2084, 180)	'場'	11023
10642	(1011, 178)	' ਲ'	11024
10643	(1487, 174)	'狮'	11025
10644	(621, 3511)	'allery'	11026
10645	(256, 5801)	' trend'	11027
10646	(16039, 283)	' changing'	11028
10647	(5281, 2490)	' Democrats'	11029
10648	(1322, 1166)	'ده'	11030
10649	(264, 3072)	' section'	11032
10650	(2841, 283)	'standing'	11033
10651	(469, 163)	' У'	11034
10652	(6952, 1517)	'信用卡'	11035
10653	(286, 1562)	' marg'	11036
10654	(786, 2744)	'外汇'	11038
10655	(277, 1123)	' breat'	11039
10656	(3171, 1916)	' politics'	11040
10657	(572, 168)	'惨'	11041
10658	(872, 419)	'三国'	11042
10659	(1224, 556)	'认可'	11043
10660	(1922, 168)	'िन'	11044
10661	(1192, 954)	'place'	11045
10662	(1126, 1040)	'英文'	11046
10663	(76, 332)	'Let'	11047
10664	(5295, 5292)	' subscribe'	11048
10665	(1555, 1417)	'气质'	11049
10666	(2417, 275)	' edit'	11050
10667	(376, 122)	' Az'	11051
10668	(16140, 265)	' weapon'	11052
10669	(354, 3267)	' Sorry'	11053
10670	(408, 115)	'oos'	11054
10671	(104, 522)	'hab'	11056
10672	(2634, 1298)	'湖南'	11057
10673	(2894, 3506)	'承诺'	11058
10674	(16117, 267)	' larger'	11059
10675	(2631, 6164)	' possibly'	11060
10676	(1567, 168)	' ந'	11061
10677	(16295, 515)	' fifth'	11062
10678	(2681, 710)	' де'	11063
10679	(656, 139)	'運'	11064
10680	(1375, 164)	'イ'	11065
10681	(72, 79)	'HO'	11066
10682	(272, 985)	'的中国'	11067
10683	(1196, 4841)	'布朗'	11068
10684	(772, 499)	'useum'	11069
10685	(378, 2082)	'有很多'	11071
10686	(5592, 1510)	'账户'	11072
10687	(2913, 5423)	'净利润'	11073
10688	(611, 5048)	' placed'	11074
10689	(483, 186)	'臺'	11076
10690	(101, 122)	'ez'	11077
10691	(297, 293)	' hal'	11078
10692	(3779, 115)	' views'	11079
10693	(7432, 780)	'董事长'	11080
10694	(499, 109)	'umm'	11081
10695	(284, 3716)	' pitch'	11082
10696	(282, 3748)	' faster'	11083
10697	(796, 181)	'页'	11084
10698	(1243, 174)	'粮'	11085
10699	(1569, 1044)	'的一种'	11086
10700	(2506, 65)	' USA'	11087
10701	(16299, 1068)	' Secretary'	11089
10702	(256, 375)	' tun'	11090
10703	(297, 258)	' hin'	11091
10704	(531, 626)	' Last'	11092
10705	(286, 383)	' mir'	11093
10706	(704, 1756)	'ны'	11094
10707	(1899, 1436)	'罗马'	11095
10708	(281, 1858)	'isters'	11096
10709	(86, 2558)	'VER'	11097
10710	(133, 1932)	b'\x85\xe1\x80\xba\xe1\x80'	11098
10711	(2956, 2855)	'媒体报道'	11099
10712	(2771, 283)	' standing'	11100
10713	(4754, 817)	' Republicans'	11101
10714	(726, 1204)	'都没有'	11102
10715	(588, 1772)	' Elect'	11103
10716	(4524, 3900)	' Global'	11104
10717	(743, 112)	' Up'	11105
10718	(899, 7700)	'队伍'	11106
10719	(592, 7492)	' exchange'	11107
10720	(398, 105)	'uri'	11108
10721	(908, 1195)	'斯科'	11109
10722	(1134, 1253)	'收费'	11111
10723	(16128, 16288)	' individuals'	11112
10724	(4934, 1455)	'软件'	11113
10725	(601, 788)	'高等'	11114
10726	(16097, 1490)	' surprise'	11115
10727	(4895, 115)	' songs'	11116
10728	(1243, 151)	'粗'	11117
10729	(746, 283)	'ounding'	11118
10730	(327, 39)	" y'"	11119
10731	(721, 1906)	'动态'	11120
10732	(571, 397)	'成人'	11123
10733	(118, 258)	'vin'	11124
10734	(386, 576)	'不多'	11125
10735	(69, 65)	'EA'	11126
10736	(356, 782)	' Tra'	11127
10737	(738, 367)	"ia's"	11129
10738	(452, 805)	'.....'	11130
10739	(1113, 1348)	'战胜'	11131
10740	(6304, 583)	' frequ'	11132
10741	(1896, 6612)	' survey'	11133
10742	(284, 2822)	' purs'	11134
10743	(797, 6606)	' adjust'	11135
10744	(259, 116)	'het'	11136
10745	(3873, 952)	'估计'	11137
10746	(2423, 322)	' direction'	11138
10747	(235, 130)	b'\xeb\x82'	11139
10748	(2246, 1718)	' कर'	11140
10749	(419, 931)	'国民'	11141
10750	(2181, 293)	' Real'	11142
10751	(551, 161)	'挡'	11143
10752	(218, 171)	'ګ'	11144
10753	(841, 2720)	'工艺'	11145
10754	(980, 3677)	' Church'	11146
10755	(341, 172)	'旬'	11147
10756	(2250, 110)	' Ann'	11148
10757	(284, 1241)	' pool'	11149
10758	(3956, 606)	b'\xe0\xab\x8b\xe0\xaa'	11150
10759	(356, 263)	' Tre'	11151
10760	(1744, 160)	'ጠ'	11152
10761	(2774, 581)	' generally'	11154
10762	(571, 640)	'成就'	11155
10763	(79, 102)	'Of'	11156
10764	(340, 162)	'產'	11157
10765	(726, 1072)	'都可以'	11158
10766	(2179, 587)	'落后'	11159
10767	(16327, 46)	' www.'	11160
10768	(4763, 115)	' steps'	11161
10769	(539, 2877)	'地块'	11162
10770	(470, 6659)	' Western'	11163
10771	(763, 176)	'艰'	11164
10772	(550, 1608)	'场均'	11166
10773	(372, 134)	'杆'	11167
10774	(264, 121)	' sy'	11168
10775	(865, 345)	'ellow'	11169
10776	(314, 4448)	' nomin'	11170
10777	(314, 399)	' nke'	11171
10778	(2013, 136)	'ፈ'	11172
10779	(563, 160)	'眠'	11173
10780	(256, 2970)	' tech'	11174
10781	(1779, 99)	' chec'	11177
10782	(931, 655)	'民主'	11178
10783	(291, 3242)	' dumb'	11180
10784	(2006, 152)	'иј'	11181
10785	(434, 105)	' ri'	11183
10786	(3449, 8435)	' relevant'	11184
10787	(1045, 142)	'莎'	11185
10788	(272, 918)	'的事'	11186
10789	(1130, 187)	'钻'	11187
10790	(570, 174)	'మ'	11188
10791	(4164, 370)	' debut'	11189
10792	(531, 6780)	' Liber'	11191
10793	(2581, 1506)	' speaking'	11193
10794	(1805, 5987)	' earnings'	11194
10795	(2526, 811)	'室内'	11195
10796	(3649, 7759)	'การ'	11196
10797	(333, 3887)	' reference'	11197
10798	(2084, 134)	'堆'	11198
10799	(1011, 172)	' ਬ'	11199
10800	(69, 77)	'EM'	11200
10801	(3639, 2153)	'惊喜'	11201
10802	(574, 919)	'essions'	11202
10803	(1291, 666)	'原本'	11203
10804	(3387, 968)	'街道'	11204
10805	(1484, 518)	'未能'	11205
10806	(1850, 3873)	'评估'	11206
10807	(390, 2361)	'中介'	11207
10808	(16387, 2587)	'中关村'	11208
10809	(5140, 606)	b'\xe0\xaa\xbf\xe0\xaa'	11209
10810	(700, 557)	'比分'	11210
10811	(3633, 8099)	' में'	11211
10812	(624, 169)	'義'	11212
10813	(575, 173)	'哭'	11213
10814	(436, 1817)	' Public'	11214
10815	(467, 2047)	'时许'	11215
10816	(969, 138)	'ዊ'	11216
10817	(1924, 310)	' From'	11217
10818	(4009, 132)	'組'	11218
10819	(751, 272)	'说的'	11219
10820	(277, 528)	' bul'	11220
10821	(1935, 1073)	'巴西'	11222
10822	(8168, 1284)	'ில்'	11223
10823	(5523, 2403)	' suffered'	11224
10824	(32, 369)	' ig'	11225
10825	(1567, 142)	' எ'	11226
10826	(539, 815)	'地点'	11227
10827	(264, 258)	' sin'	11228
10828	(264, 505)	' sand'	11229
10829	(4105, 671)	' policies'	11230
10830	(3545, 727)	'蓝球'	11232
10831	(278, 5760)	' covered'	11233
10832	(268, 753)	' wake'	11234
10833	(67, 80)	'CP'	11235
10834	(403, 161)	'巡'	11236
10835	(915, 3345)	' princ'	11237
10836	(1440, 602)	'ги'	11239
10837	(1576, 272)	'工作的'	11240
10838	(3189, 838)	' presidential'	11241
10839	(515, 281)	'this'	11242
10840	(3396, 283)	' understanding'	11243
10841	(1997, 581)	' personally'	11244
10842	(3751, 3872)	' competitive'	11245
10843	(706, 272)	'美的'	11246
10844	(57, 49)	'91'	11247
10845	(5834, 1610)	' radio'	11248
10846	(45, 1351)	'-11'	11250
10847	(16312, 16354)	'.FRIDAY'	11251
10848	(5663, 7635)	' destroy'	11252
10849	(1034, 971)	' Those'	11253
10850	(2499, 141)	'碍'	11254
10851	(507, 160)	'欠'	11255
10852	(2359, 807)	'层次'	11256
10853	(2004, 1464)	'电影节'	11257
10854	(293, 117)	'alu'	11258
10855	(486, 336)	'出一'	11259
10856	(316, 328)	' gay'	11260
10857	(457, 181)	'纵'	11261
10858	(464, 3786)	' Does'	11262
10859	(1416, 1100)	' decade'	11264
10860	(4518, 1270)	' هم'	11265
10861	(352, 258)	'amin'	11266
10862	(1011, 137)	' ਉ'	11267
10863	(326, 111)	'ido'	11268
10864	(778, 146)	'插'	11269
10865	(16166, 1251)	' religious'	11270
10866	(16161, 1975)	' tickets'	11271
10867	(617, 287)	'isted'	11272
10868	(54, 49)	'61'	11273
10869	(76, 2666)	'Like'	11274
10870	(1245, 919)	'ictions'	11275
10871	(2112, 2544)	'ों'	11277
10872	(401, 148)	'奔'	11279
10873	(308, 4279)	'icians'	11280
10874	(890, 406)	' Still'	11281
10875	(434, 499)	' rum'	11282
10876	(2315, 606)	b'\xe0\xab\x87\xe0\xaa'	11284
10877	(2145, 1181)	b'\xe0\xa4\xa8\xe0\xa5\x8d\xe0\xa4'	11285
10878	(308, 267)	'icer'	11286
10879	(775, 529)	'实行'	11287
10880	(308, 274)	'ican'	11288
10881	(2579, 56)	' 2008'	11289
10882	(2561, 265)	' oppon'	11290
10883	(573, 1186)	'下调'	11291
10884	(2515, 3463)	'差异'	11292
10885	(368, 150)	'帖'	11293
10886	(980, 16169)	' Championship'	11295
10887	(779, 1622)	'平局'	11296
10888	(969, 169)	'ዩ'	11297
10889	(2989, 100)	' Prod'	11299
10890	(16069, 2904)	' focused'	11300
10891	(779, 467)	'平时'	11301
10892	(284, 548)	' pour'	11302
10893	(431, 97)	'cha'	11303
10894	(486, 1060)	'出去'	11304
10895	(1563, 550)	'半场'	11305
10896	(1134, 1376)	'收盘'	11306
10897	(292, 119)	' tow'	11307
10898	(632, 1383)	' truck'	11309
10899	(1629, 144)	'腐'	11310
10900	(5282, 283)	' creating'	11311
10901	(5224, 287)	' responded'	11312
10902	(3969, 143)	'踏'	11313
10903	(544, 8390)	' frustr'	11314
10904	(3971, 2133)	'ستان'	11315
10905	(5236, 152)	'領'	11316
10906	(2574, 1484)	'尚未'	11317
10907	(1271, 263)	' Here'	11318
10908	(2451, 111)	'-to'	11319
10909	(100, 310)	'dom'	11320
10910	(464, 265)	' Don'	11322
10911	(3687, 495)	'考虑到'	11323
10912	(1317, 716)	'先进'	11324
10913	(5916, 2077)	' কর'	11326
10914	(267, 103)	'erg'	11327
10915	(980, 288)	' Char'	11328
10916	(354, 108)	' Sl'	11329
10917	(564, 350)	'他是'	11330
10918	(2740, 84)	'EST'	11331
10919	(270, 134)	'皆'	11332
10920	(1072, 751)	'可以说'	11333
10921	(16111, 1147)	' Australian'	11334
10922	(1854, 121)	'iyy'	11335
10923	(595, 1344)	'公路'	11336
10924	(16113, 838)	' initial'	11337
10925	(2711, 6834)	'担忧'	11338
10926	(2670, 2554)	' completed'	11339
10927	(831, 1166)	'ره'	11340
10928	(5688, 2205)	' measures'	11341
10929	(149, 6112)	b'\x95\xe1\x80\xbc\xe1\x80'	11342
10930	(277, 328)	' bay'	11344
10931	(282, 16281)	' freedom'	11345
10932	(709, 978)	'同意'	11346
10933	(972, 114)	'ibr'	11347
10934	(4300, 954)	' replace'	11349
10935	(16409, 97)	' của'	11350
10936	(1135, 171)	'垫'	11351
10937	(1039, 708)	'北部'	11352
10938	(2623, 815)	'焦点'	11353
10939	(356, 279)	' Ten'	11354
10940	(1733, 97)	'nya'	11355
10941	(3376, 4186)	' married'	11356
10942	(3529, 1122)	'灵活'	11357
10943	(794, 131)	'胃'	11358
10944	(435, 1257)	' waste'	11359
10945	(312, 101)	'lle'	11360
10946	(1901, 571)	'构成'	11361
10947	(3258, 2118)	' affected'	11362
10948	(2532, 877)	'剧情'	11363
10949	(3193, 1085)	'怎样'	11365
10950	(1106, 328)	'away'	11366
10951	(932, 1192)	' impl'	11367
10952	(5044, 272)	'不错的'	11368
10953	(607, 16398)	'新加坡'	11369
10954	(586, 169)	'ሩ'	11370
10955	(752, 97)	'inda'	11371
10956	(291, 835)	' dry'	11372
10957	(1458, 182)	' බ'	11373
10958	(4306, 721)	'劳动'	11374
10959	(4409, 667)	'赢得'	11375
10960	(16194, 1007)	' degree'	11376
10961	(650, 2306)	" they'll"	11377
10962	(1734, 1464)	'环节'	11378
10963	(463, 450)	' Hol'	11379
10964	(463, 16083)	' Hospital'	11380
10965	(286, 3748)	' master'	11381
10966	(7293, 139)	'။'	11382
10967	(401, 145)	'契'	11383
10968	(356, 787)	' Time'	11384
10969	(408, 112)	'oop'	11385
10970	(3660, 1300)	'犯规'	11386
10971	(1867, 4209)	'究竟'	11387
10972	(649, 1148)	'ок'	11388
10973	(56, 51)	'83'	11389
10974	(2198, 178)	'్ల'	11390
10975	(990, 156)	'铜'	11393
10976	(4305, 156)	'蜜'	11394
10977	(4177, 4177)	'\xa0\xa0\xa0\xa0\xa0\xa0\xa0\xa0'	11396
10978	(1375, 130)	'も'	11397
10979	(8698, 1712)	'杭州'	11398
10980	(536, 678)	'osure'	11399
10981	(698, 156)	'ො'	11400
10982	(3057, 1189)	'澳门'	11401
10983	(1446, 2111)	'经济增长'	11402
10984	(264, 1383)	' suck'	11403
10985	(357, 4963)	'在这里'	11404
10986	(490, 67)	' NC'	11405
10987	(579, 1253)	'学费'	11406
10988	(428, 1060)	'上去'	11407
10989	(503, 2178)	'аб'	11408
10990	(45, 97)	'-a'	11409
10991	(1131, 1963)	'强大的'	11410
10992	(2007, 690)	' zone'	11411
10993	(910, 798)	'房间'	11412
10994	(1591, 3587)	'包含'	11414
10995	(733, 3175)	'全新的'	11415
10996	(8860, 3828)	' athlet'	11416
10997	(78, 101)	'Ne'	11417
10998	(282, 320)	' fle'	11418
10999	(3001, 285)	' faces'	11419
11000	(6476, 6629)	' Syria'	11420
11001	(1458, 173)	' ත'	11423
11002	(789, 272)	'体的'	11424
11003	(2756, 536)	' explos'	11425
11004	(87, 497)	'Would'	11426
11005	(1423, 101)	'aze'	11427
11006	(1355, 153)	'務'	11428
11007	(509, 178)	'割'	11429
11008	(933, 2439)	'通讯'	11430
11009	(1622, 695)	'局面'	11431
11010	(470, 1259)	' Wild'	11432
11011	(104, 117)	'hu'	11433
11012	(841, 1041)	'工商'	11434
11013	(460, 16385)	'个百分点'	11435
11014	(268, 485)	' west'	11436
11015	(801, 293)	'ipal'	11437
11016	(3584, 285)	' taxes'	11438
11017	(557, 1521)	'分配'	11439
11018	(46, 6198)	'.org'	11440
11019	(1582, 136)	'ト'	11441
11020	(1871, 272)	'大学的'	11442
11021	(679, 185)	'竹'	11443
11022	(4382, 428)	'基础上'	11444
11023	(3530, 6233)	'封闭'	11445
11024	(685, 4186)	' worried'	11446
11025	(5303, 6527)	'માં'	11447
11026	(1625, 1152)	'精选'	11448
11027	(896, 150)	'袖'	11450
11028	(544, 676)	' frame'	11451
11029	(3422, 263)	' Centre'	11452
11030	(5736, 4398)	' audience'	11453
11031	(377, 1321)	' Camp'	11454
11032	(596, 97)	' cha'	11455
11033	(464, 891)	' Down'	11456
11034	(76, 450)	'Lol'	11457
11035	(1008, 105)	' Vi'	11458
11036	(6729, 4709)	' admitted'	11459
11037	(666, 397)	'本人'	11460
11038	(316, 3299)	' grew'	11461
11039	(4736, 790)	'违法'	11462
11040	(633, 287)	'acked'	11463
11041	(308, 121)	'icy'	11465
11042	(621, 115)	'alls'	11466
11043	(1604, 2667)	'拍卖'	11467
11044	(45, 265)	'-on'	11468
11045	(336, 708)	'一部'	11469
11046	(656, 165)	'遥'	11470
11047	(1094, 1721)	'增速'	11471
11048	(278, 473)	' cup'	11472
11049	(694, 518)	'产能'	11473
11050	(16014, 4258)	' produce'	11474
11051	(5294, 606)	b'\xe0\xaa\x82\xe0\xaa'	11475
11052	(265, 308)	'onic'	11476
11053	(2102, 614)	'财经'	11477
11054	(3938, 4694)	' Supreme'	11478
11055	(2144, 1013)	' су'	11479
11056	(1466, 166)	'悦'	11480
11057	(6874, 285)	' challenges'	11482
11058	(67, 259)	'Che'	11483
11059	(5463, 272)	'丰富的'	11484
11060	(1744, 139)	'ጋ'	11485
11061	(2310, 53)	'3.5'	11486
11062	(566, 184)	'স'	11487
11063	(580, 163)	'ண'	11488
11064	(71, 6231)	'GDP'	11489
11065	(1460, 1357)	'完整'	11490
11066	(1147, 97)	'iana'	11491
11067	(1994, 16346)	' familiar'	11492
11068	(844, 3865)	'看起来'	11493
11069	(3809, 1142)	'顾问'	11494
11070	(726, 597)	'都市'	11495
11071	(4449, 322)	' discussion'	11496
11072	(2688, 115)	' tells'	11497
11073	(471, 179)	'ำ'	11498
11074	(282, 16297)	' fashion'	11499
11075	(286, 2245)	' mouth'	11500
11076	(551, 150)	'挖'	11501
11077	(540, 1077)	'日常'	11502
11078	(5465, 287)	' fixed'	11503
11079	(1115, 115)	' Ins'	11505
11080	(598, 272)	'们的'	11506
11081	(2664, 573)	'松下'	11508
11082	(118, 2693)	'vention'	11509
11083	(510, 287)	' Fed'	11510
11084	(1375, 137)	'ら'	11511
11085	(278, 604)	' cant'	11512
11086	(3752, 704)	'үн'	11513
11087	(641, 382)	' Over'	11514
11088	(538, 640)	'我就'	11515
11089	(277, 1500)	' boot'	11516
11090	(1360, 1150)	'十二'	11518
11091	(5642, 4933)	'伙伴'	11519
11092	(1401, 137)	'脉'	11520
11093	(1220, 390)	'片中'	11521
11094	(1324, 1192)	' suppl'	11524
11095	(344, 135)	'劇'	11525
11096	(428, 2840)	'上赛季'	11526
11097	(1016, 1113)	'交战'	11527
11098	(4825, 115)	' dogs'	11528
11099	(1698, 283)	' posting'	11530
11100	(286, 111)	' mo'	11531
11101	(7610, 919)	' millions'	11532
11102	(3296, 6060)	'ระ'	11533
11103	(16152, 135)	'蘇'	11534
11104	(56, 50)	'82'	11535
11105	(16055, 160)	'鼠'	11536
11106	(615, 114)	' Jr'	11537
11107	(1580, 150)	' і'	11538
11108	(899, 1478)	'队友'	11540
11109	(112, 332)	'pet'	11541
11110	(436, 5500)	' Peter'	11542
11111	(268, 7601)	' wedi'	11543
11112	(1678, 1942)	'即便'	11544
11113	(4075, 287)	' enjoyed'	11545
11114	(4137, 1004)	'哪些'	11546
11115	(716, 1411)	'进口'	11547
11116	(2522, 331)	' reply'	11548
11117	(3714, 2112)	' हो'	11549
11118	(2736, 115)	' turns'	11550
11119	(16215, 527)	' experts'	11551
11120	(1019, 396)	'起了'	11552
11121	(1564, 574)	' assess'	11553
11122	(256, 4722)	' troll'	11554
11123	(391, 330)	' Mot'	11555
11124	(5372, 581)	' specifically'	11556
11125	(1018, 8844)	' pregn'	11557
11126	(148, 430)	b'\x94\xe1\x80'	11558
11127	(386, 1476)	'不知'	11559
11128	(114, 675)	'rough'	11560
11129	(1776, 141)	'龍'	11562
11130	(570, 170)	'ప'	11565
11131	(2508, 3632)	'武汉'	11566
11132	(7137, 110)	'ân'	11567
11133	(2576, 5768)	'ção'	11568
11134	(538, 350)	'我是'	11569
11135	(531, 271)	' Lat'	11570
11136	(3437, 1117)	'ğı'	11571
11137	(2303, 6725)	' statements'	11573
11138	(1221, 166)	' দ'	11574
11139	(16149, 112)	' http'	11575
11140	(2655, 2518)	'声音'	11576
11141	(1333, 1064)	'低水'	11577
11142	(354, 1592)	' Spe'	11578
11143	(391, 80)	' MP'	11579
11144	(496, 971)	' Rose'	11580
11145	(16329, 16388)	'玻璃'	11581
11146	(2587, 931)	'村民'	11582
11147	(114, 369)	'rig'	11583
11148	(608, 97)	'enda'	11584
11149	(16289, 1070)	'中新网'	11585
11150	(1256, 171)	'虫'	11586
11151	(585, 6993)	' likes'	11587
11152	(710, 1345)	'ев'	11588
11153	(496, 423)	' Rus'	11591
11154	(2163, 1151)	' confident'	11592
11155	(2598, 328)	' delay'	11593
11156	(1217, 2056)	'题材'	11595
11157	(602, 2178)	'иб'	11596
11158	(1030, 5467)	' iyo'	11597
11159	(989, 1528)	'被告'	11598
11160	(272, 2004)	'的电影'	11599
11161	(809, 420)	'名为'	11600
11162	(384, 137)	'凉'	11601
11163	(975, 332)	'icket'	11602
11164	(1503, 762)	' flood'	11603
11165	(1423, 97)	'aza'	11604
11166	(1556, 665)	'运用'	11605
11167	(4422, 6281)	'்கள'	11606
11168	(3581, 308)	'ronic'	11607
11169	(1517, 1220)	'卡片'	11608
11170	(5795, 8785)	'ที่'	11609
11171	(1417, 2895)	'质疑'	11610
11172	(7592, 1141)	' innov'	11611
11173	(2830, 666)	'副本'	11612
11174	(712, 104)	' Kh'	11613
11175	(16096, 8063)	' Michigan'	11614
11176	(391, 16306)	' Middle'	11615
11177	(265, 2151)	'online'	11616
11178	(2564, 267)	' refer'	11617
11179	(386, 1593)	'不太'	11618
11180	(69, 70)	'EF'	11619
11181	(16349, 1904)	' coffee'	11620
11182	(3724, 2180)	' apolog'	11621
11183	(1597, 1820)	'视觉'	11623
11184	(4704, 1977)	'参考价格'	11624
11185	(589, 155)	' छ'	11625
11186	(496, 536)	' Ros'	11627
11187	(3470, 110)	' Conn'	11628
11188	(314, 690)	' none'	11629
11189	(391, 332)	' Met'	11630
11190	(2836, 308)	' basic'	11631
11191	(856, 288)	' compar'	11632
11192	(3173, 283)	' testing'	11633
11193	(1556, 529)	'运行'	11634
11194	(80, 114)	'Pr'	11635
11195	(1080, 773)	'物品'	11636
11196	(470, 1398)	' Water'	11637
11197	(8528, 275)	' split'	11638
11198	(45, 3416)	'-off'	11639
11199	(490, 89)	' NY'	11640
11200	(97, 293)	'aal'	11642
11201	(3712, 112)	' Exp'	11643
11202	(754, 182)	'බ'	11644
11203	(3133, 1310)	' controvers'	11645
11204	(400, 927)	'大赛'	11647
11205	(2878, 3089)	'谈判'	11648
11206	(386, 847)	'不如'	11649
11207	(902, 1340)	'手续'	11650
11208	(3337, 4869)	'股票型基金'	11651
11209	(2691, 816)	' Blue'	11652
11210	(387, 182)	'扶'	11653
11211	(121, 1923)	'yeah'	11654
11212	(607, 336)	'新一'	11655
11213	(305, 1410)	' lock'	11656
11214	(627, 1206)	'اي'	11657
11215	(587, 714)	'后期'	11658
11216	(502, 129)	'毁'	11659
11217	(112, 5018)	'point'	11660
11218	(1905, 3276)	'营养'	11661
11219	(265, 367)	"on's"	11662
11220	(5568, 283)	' existing'	11663
11221	(1024, 140)	'癌'	11664
11222	(78, 89)	'NY'	11665
11223	(330, 287)	'oted'	11666
11224	(1058, 4582)	' scoring'	11667
11225	(969, 154)	'ዚ'	11668
11226	(56, 52)	'84'	11669
11227	(303, 97)	' tha'	11670
11228	(1852, 2772)	'花园'	11671
11229	(1172, 2434)	'总监'	11672
11230	(681, 350)	'将是'	11673
11231	(761, 3052)	'加盟'	11674
11232	(589, 182)	' श'	11675
11233	(707, 151)	'汗'	11676
11234	(235, 167)	b'\xeb\xa7'	11677
11235	(510, 16075)	' Federal'	11678
11236	(82, 2660)	'Read'	11680
11237	(7784, 1354)	'胜负彩'	11681
11238	(559, 324)	' prove'	11682
11239	(1503, 612)	' flight'	11683
11240	(2540, 272)	'球队的'	11684
11241	(969, 149)	'ዕ'	11685
11242	(4534, 1556)	'幸运'	11686
11243	(303, 111)	' tho'	11687
11244	(2993, 829)	'亮相'	11688
11245	(436, 82)	' PR'	11689
11246	(406, 283)	'illing'	11690
11247	(573, 1060)	'下去'	11691
11248	(1003, 532)	' contain'	11692
11249	(470, 497)	' Would'	11693
11250	(1104, 181)	'ाव'	11694
11251	(812, 2182)	' offense'	11695
11252	(474, 179)	'琳'	11696
11253	(3305, 1809)	'森林'	11697
11254	(287, 121)	'edy'	11698
11255	(1215, 138)	'喊'	11699
11256	(4383, 134)	'ਿਆ'	11700
11257	(68, 114)	'Dr'	11701
11258	(353, 1782)	'acement'	11702
11259	(1583, 172)	'搬'	11703
11260	(2091, 97)	'arma'	11704
11261	(823, 272)	'位的'	11705
11262	(16403, 16332)	' infrastructure'	11706
11263	(469, 158)	' О'	11707
11264	(589, 143)	' ए'	11708
11265	(2655, 894)	'声明'	11709
11266	(4775, 16339)	' volunte'	11710
11267	(480, 267)	'rier'	11711
11268	(607, 16301)	'新疆'	11712
11269	(496, 352)	' Ram'	11713
11270	(480, 112)	'rip'	11714
11271	(278, 365)	' cro'	11715
11272	(623, 714)	'前期'	11717
11273	(103, 334)	'gent'	11718
11274	(726, 827)	'都很'	11721
11275	(3735, 16033)	' Services'	11723
11276	(996, 149)	'裕'	11726
11277	(699, 550)	'机场'	11727
11278	(1717, 2920)	'防止'	11729
11279	(2870, 1963)	'巨大的'	11730
11280	(83, 85)	'SU'	11731
11281	(16071, 2205)	' figures'	11732
11282	(534, 16359)	'生涯'	11733
11283	(1030, 16328)	" i'm"	11734
11284	(1761, 152)	' ዘ'	11735
11285	(570, 181)	'వ'	11736
11286	(3161, 8110)	'皮肤'	11737
11287	(786, 419)	'外国'	11738
11288	(601, 1064)	'高水'	11739
11289	(273, 431)	'ouch'	11740
11290	(4581, 397)	'领导人'	11741
11291	(716, 727)	'进球'	11742
11292	(2542, 176)	' İ'	11743
11293	(379, 312)	'sell'	11744
11294	(2364, 790)	'依法'	11745
11295	(6903, 753)	' mistake'	11746
11296	(3249, 180)	'해'	11747
11297	(1099, 6843)	'感兴趣'	11748
11298	(3655, 331)	' reportedly'	11749
11299	(462, 590)	'这也'	11750
11300	(2269, 3804)	' effects'	11751
11301	(308, 283)	'icing'	11752
11302	(2050, 121)	' busy'	11753
11303	(3349, 1551)	'魔术'	11754
11304	(391, 271)	' Mat'	11756
11305	(3417, 69)	'ORE'	11757
11306	(1907, 946)	' retire'	11758
11307	(698, 133)	'ළ'	11759
11308	(977, 7200)	' gradu'	11760
11309	(316, 4201)	' gift'	11761
11310	(1176, 1404)	'安装'	11762
11311	(377, 398)	' Cur'	11763
11312	(377, 934)	' Care'	11764
11313	(16320, 2370)	' television'	11765
11314	(704, 503)	'на'	11766
11315	(486, 2778)	'出版'	11767
11316	(16369, 181)	'鐵'	11768
11317	(109, 1400)	'mates'	11769
11318	(299, 185)	'兹'	11770
11319	(4365, 4128)	'熟悉'	11771
11320	(286, 526)	' mel'	11772
11321	(3033, 164)	'্ত'	11773
11322	(470, 271)	' Wat'	11774
11323	(1611, 2244)	' index'	11775
11324	(470, 301)	' Was'	11776
11325	(16223, 283)	' housing'	11777
11326	(3686, 3922)	' quarterback'	11778
11327	(1580, 132)	' ф'	11779
11328	(3586, 176)	'ார'	11780
11329	(7767, 4196)	'覆盖'	11781
11330	(32, 5566)	' 户型'	11782
11331	(314, 258)	' nin'	11783
11332	(1793, 1108)	'希尔'	11784
11333	(278, 16041)	' county'	11785
11334	(591, 267)	'pper'	11786
11335	(2342, 16340)	' capacity'	11787
11336	(45, 71)	'-G'	11788
11337	(16017, 285)	' moves'	11791
11338	(632, 369)	' trig'	11792
11339	(291, 2100)	' dị'	11793
11340	(899, 987)	'队员'	11794
11341	(1360, 427)	'十年'	11795
11342	(868, 699)	'司机'	11796
11343	(108, 2468)	'lines'	11797
11344	(491, 267)	' jer'	11798
11345	(2466, 185)	'اع'	11799
11346	(5439, 7142)	' ਹੈ'	11800
11347	(272, 2560)	'的要求'	11801
11348	(112, 603)	'part'	11802
11349	(791, 334)	' agent'	11803
11350	(712, 16318)	' Kevin'	11804
11351	(32, 3563)	' 推荐'	11805
11352	(2863, 3072)	' protection'	11806
11353	(333, 1378)	' reform'	11807
11354	(348, 536)	'ados'	11808
11355	(379, 1278)	'season'	11809
11356	(1236, 382)	' server'	11810
11357	(1293, 4179)	' everybody'	11811
11358	(1824, 121)	'phy'	11812
11359	(390, 378)	'中有'	11813
11360	(888, 397)	'一个人'	11814
11361	(1568, 1190)	'效率'	11815
11362	(545, 486)	'发出'	11817
11363	(802, 147)	'こ'	11818
11364	(1093, 100)	'əd'	11819
11365	(1210, 824)	'注重'	11820
11366	(2144, 710)	' се'	11822
11367	(504, 3120)	' sharing'	11823
11368	(1389, 2819)	'欧赔'	11824
11369	(6280, 331)	' allegedly'	11825
11370	(2902, 638)	' advoc'	11827
11371	(1564, 1975)	' assets'	11828
11372	(881, 809)	'两名'	11829
11373	(2627, 168)	'ాన'	11830
11374	(337, 145)	'绑'	11831
11375	(470, 752)	' Wind'	11832
11376	(486, 534)	'出生'	11833
11377	(336, 1445)	'一张'	11834
11378	(1834, 267)	' greater'	11836
11379	(6028, 2243)	' prepared'	11837
11380	(45, 57)	'-9'	11838
11381	(99, 283)	'cing'	11839
11382	(681, 730)	'将其'	11840
11383	(3477, 4647)	'欧洲央行'	11841
11384	(3987, 1366)	'休息'	11842
11385	(32, 3696)	' era'	11843
11386	(627, 2824)	'اق'	11844
11387	(1213, 790)	'做法'	11845
11388	(487, 169)	'浩'	11846
11389	(3100, 1005)	' Beach'	11847
11390	(1214, 744)	'代理'	11849
11391	(3094, 3094)	'谢谢'	11850
11392	(848, 54)	' 36'	11851
11393	(105, 301)	'ias'	11852
11394	(288, 263)	'arre'	11853
11395	(1257, 728)	'tered'	11854
11396	(272, 4961)	'的东西'	11855
11397	(1131, 6459)	'强劲'	11856
11398	(16147, 959)	' Associated'	11859
11399	(351, 131)	'乃'	11861
11400	(1191, 8010)	' background'	11863
11401	(863, 128)	'ቀ'	11865
11402	(1593, 1596)	'太空'	11866
11403	(65, 71)	'AG'	11867
11404	(2246, 1730)	' की'	11868
11405	(5211, 3301)	b'\x84\xe1\x80\xba\xe1\x80\xb8\xe1\x80'	11869
11406	(2734, 16419)	'威胁'	11870
11407	(16294, 379)	' false'	11871
11408	(4189, 287)	' suggested'	11872
11409	(4348, 3301)	b'\xe1\x80\xb1\xe1\x80\xb8\xe1\x80'	11873
11410	(4808, 140)	'貌'	11874
11411	(1845, 3119)	'今年以来'	11875
11412	(948, 166)	'啦'	11876
11413	(68, 101)	'De'	11877
11414	(1360, 1696)	'十足'	11878
11415	(1736, 1349)	' Week'	11879
11416	(1674, 2514)	' regional'	11880
11417	(1821, 115)	' subs'	11881
11418	(461, 156)	'關'	11882
11419	(694, 1964)	'产权'	11883
11420	(121, 121)	'yy'	11884
11421	(2188, 115)	'ields'	11885
11422	(3564, 111)	' Two'	11886
11423	(1584, 789)	'集体'	11887
11424	(400, 1755)	'大学生'	11888
11425	(641, 115)	' Os'	11889
11426	(1549, 767)	'几天'	11890
11427	(1675, 115)	' ends'	11892
11428	(108, 1127)	'lọ'	11893
11429	(284, 287)	' ped'	11894
11430	(627, 2867)	'اف'	11895
11431	(665, 539)	'用地'	11896
11432	(417, 16374)	' Brazil'	11897
11433	(32, 16357)	' 样板间'	11898
11434	(2508, 5410)	'武侠'	11899
11435	(6876, 911)	'陷入'	11901
11436	(318, 100)	' Id'	11902
11437	(3522, 7516)	'震荡'	11903
11438	(4531, 2060)	' denied'	11904
11439	(1489, 2132)	'传奇'	11906
11440	(402, 107)	'eck'	11907
11441	(8011, 8938)	' psych'	11908
11442	(5319, 348)	' squad'	11909
11443	(1556, 660)	'运作'	11910
11444	(286, 4989)	' migr'	11911
11445	(375, 1155)	'unning'	11912
11446	(5363, 4651)	'した'	11913
11447	(1137, 1013)	'ду'	11914
11448	(390, 798)	'中间'	11915
11449	(122, 122)	'zz'	11916
11450	(45, 3483)	'-of'	11917
11451	(55, 1167)	'720'	11918
11452	(8479, 6024)	' fantastic'	11919
11453	(1383, 121)	'ucky'	11920
11454	(1558, 293)	' coal'	11921
11455	(16335, 274)	' mechan'	11922
11456	(463, 600)	' Home'	11923
11457	(7219, 190)	'蕾'	11924
11458	(277, 320)	' ble'	11925
11459	(695, 623)	'面前'	11926
11460	(4816, 3611)	' Security'	11927
11461	(2198, 164)	'్త'	11928
11462	(866, 177)	'柱'	11929
11463	(3049, 1014)	'穿着'	11930
11464	(69, 100)	'Ed'	11931
11465	(576, 492)	'多家'	11932
11466	(1053, 538)	'让我'	11933
11467	(313, 180)	'宴'	11934
11468	(534, 1813)	'生存'	11935
11469	(289, 104)	' oh'	11936
11470	(353, 259)	'ache'	11937
11471	(608, 111)	'endo'	11938
11472	(32, 16453)	' 地图搜索'	11939
11473	(256, 1332)	' tank'	11941
11474	(1480, 151)	b' \xec\x97'	11943
11475	(2509, 178)	'ਾਲ'	11944
11476	(1843, 345)	' Show'	11945
11477	(2752, 2511)	'补充'	11946
11478	(1507, 53)	' 75'	11947
11479	(2092, 1251)	' curious'	11948
11480	(277, 265)	' bon'	11949
11481	(1617, 3071)	'连败'	11951
11482	(469, 160)	' Р'	11952
11483	(76, 89)	'LY'	11953
11484	(434, 3408)	' rising'	11954
11485	(278, 2979)	' có'	11956
11486	(802, 134)	'う'	11957
11487	(2223, 115)	' signs'	11958
11488	(1558, 626)	' coast'	11959
11489	(6500, 283)	' regarding'	11961
11490	(2739, 287)	' listed'	11962
11491	(277, 1912)	' banks'	11963
11492	(641, 108)	' Ol'	11964
11493	(267, 1891)	'erves'	11965
11494	(16381, 5292)	' Subscribe'	11966
11495	(629, 156)	'ਜ'	11967
11496	(1736, 1101)	" We're"	11968
11497	(522, 115)	'abs'	11969
11498	(617, 97)	'ista'	11970
11499	(9107, 2993)	'漂亮'	11971
11500	(1325, 540)	'每日'	11972
11501	(415, 172)	'抬'	11973
11502	(5660, 285)	' types'	11974
11503	(1133, 1313)	'设立'	11975
11504	(1015, 459)	'angers'	11976
11505	(68, 766)	'Dep'	11977
11506	(417, 332)	' Bet'	11978
11507	(32, 2291)	' ş'	11979
11508	(417, 383)	' Bir'	11980
11509	(1161, 1457)	'回升'	11981
11510	(586, 174)	'ሮ'	11982
11511	(909, 798)	'区间'	11983
11512	(649, 3648)	'ож'	11984
11513	(5430, 777)	'混合'	11985
11514	(65, 70)	'AF'	11986
11515	(16372, 121)	' surgery'	11987
11516	(5114, 1035)	'成交量'	11989
11517	(316, 6355)	' giant'	11990
11518	(1738, 4186)	' carried'	11991
11519	(278, 477)	' core'	11992
11520	(16324, 1601)	' Eagles'	11993
11521	(470, 328)	' Way'	11995
11522	(4624, 2298)	'து'	11996
11523	(1668, 1944)	' useful'	11997
11524	(83, 1536)	'Since'	11998
11525	(333, 3041)	' rent'	11999
11526	(3729, 115)	' guns'	12001
11527	(233, 138)	b'\xe9\x8a'	12002
11528	(4904, 135)	'崇'	12003
11529	(1582, 169)	'ラ'	12004
11530	(1126, 8972)	'英格兰'	12005
11531	(556, 16141)	'可谓'	12006
11532	(1042, 288)	'ugar'	12007
11533	(291, 1704)	' dé'	12008
11534	(16251, 267)	' lawyer'	12009
11535	(114, 275)	'rit'	12010
11536	(1062, 320)	' tele'	12011
11537	(2879, 1084)	' hitting'	12012
11538	(618, 177)	'ự'	12013
11539	(648, 160)	'肠'	12014
11540	(489, 16207)	'opefully'	12016
11541	(257, 1921)	' aka'	12017
11542	(791, 423)	' agus'	12018
11543	(7459, 4023)	'亏损'	12019
11544	(1382, 285)	'ikes'	12020
11545	(1951, 16405)	'.SATURDAY'	12021
11546	(2649, 1506)	' breaking'	12022
11547	(2307, 494)	' Indust'	12023
11548	(2392, 1035)	'尽量'	12024
11549	(32, 16406)	' 相册'	12025
11550	(2090, 143)	'魏'	12026
11551	(3163, 428)	'基本上'	12027
11552	(3525, 721)	'互动'	12028
11553	(336, 350)	'一是'	12029
11554	(83, 83)	'SS'	12030
11555	(1585, 185)	'犹'	12031
11556	(2585, 877)	'激情'	12032
11557	(299, 169)	'兩'	12033
11558	(449, 189)	'陽'	12034
11559	(67, 77)	'CM'	12035
11560	(102, 115)	'fs'	12036
11561	(16138, 7461)	' documents'	12037
11562	(232, 154)	b'\xe8\x9a'	12038
11563	(2600, 2282)	'密切'	12039
11564	(84, 5709)	'Two'	12040
11565	(1685, 2892)	' smoke'	12041
11566	(209, 132)	'ф'	12042
11567	(45, 82)	'-R'	12043
11568	(16337, 5116)	'橱柜'	12044
11569	(983, 149)	'糕'	12045
11570	(442, 4175)	' koj'	12046
11571	(16400, 708)	'俱乐部'	12047
11572	(105, 485)	'iest'	12048
11573	(1055, 3110)	'信托'	12049
11574	(3129, 1155)	' warning'	12050
11575	(521, 786)	'对外'	12051
11576	(279, 105)	'eni'	12052
11577	(491, 1029)	' jail'	12053
11578	(539, 573)	'地下'	12054
11579	(439, 181)	'牵'	12055
11580	(421, 98)	' web'	12056
11581	(483, 163)	'臣'	12057
11582	(108, 1081)	'look'	12058
11583	(282, 1222)	' fish'	12059
11584	(1149, 1220)	'该片'	12060
11585	(378, 1965)	'有什么'	12061
11586	(1405, 933)	'流通'	12062
11587	(5343, 1808)	'另一方面'	12063
11588	(597, 272)	'市的'	12064
11589	(1115, 8724)	' Institute'	12065
11590	(486, 4589)	'出色的'	12066
11591	(97, 111)	'ao'	12067
11592	(318, 16393)	' Ireland'	12068
11593	(531, 16373)	' Liverpool'	12069
11594	(2362, 162)	'าย'	12070
11595	(508, 183)	' ط'	12071
11596	(474, 180)	'琴'	12072
11597	(557, 837)	'分数'	12073
11598	(4209, 912)	'竟然'	12074
11599	(316, 446)	' gif'	12075
11600	(2902, 992)	' advance'	12076
11601	(1274, 1607)	'各类'	12077
11602	(389, 132)	'弄'	12078
11603	(480, 324)	'rive'	12079
11604	(3266, 682)	' sucks'	12080
11605	(116, 322)	'tion'	12081
11606	(316, 609)	' gear'	12082
11607	(1360, 400)	'十大'	12083
11608	(258, 16051)	'initely'	12084
11609	(336, 2172)	'一边'	12085
11610	(1027, 450)	' resol'	12086
11611	(400, 400)	'大大'	12087
11612	(1222, 97)	'isha'	12088
11613	(83, 676)	'Same'	12089
11614	(7833, 101)	' taste'	12090
11615	(1568, 1097)	'效应'	12091
11616	(118, 115)	'vs'	12092
11617	(486, 2520)	'出来的'	12093
11618	(570, 166)	'ద'	12094
11619	(1128, 1861)	'受益'	12095
11620	(5935, 1566)	' animals'	12096
11621	(118, 281)	'vis'	12097
11622	(1998, 283)	' marketing'	12098
11623	(7355, 643)	' segment'	12099
11624	(16087, 287)	' voted'	12100
11625	(1484, 2520)	'未来的'	12101
11626	(2779, 1180)	' factors'	12102
11627	(547, 150)	'颖'	12103
11628	(1543, 689)	'反而'	12104
11629	(1143, 2121)	'打算'	12105
11630	(264, 16397)	' sudden'	12106
11631	(586, 138)	'ሊ'	12107
11632	(2800, 617)	' artist'	12109
11633	(16161, 332)	' ticket'	12110
11634	(1027, 99)	' resc'	12111
11635	(114, 301)	'ras'	12112
11636	(1161, 520)	'回来'	12113
11637	(499, 115)	'ums'	12114
11638	(2224, 898)	'百万'	12115
11639	(353, 99)	'acc'	12116
11640	(1006, 4179)	' nobody'	12117
11641	(1932, 3301)	b'\xe1\x80\xba\xe1\x80\xb8\xe1\x80'	12118
11642	(1777, 272)	'银行的'	12119
11643	(434, 423)	' rus'	12120
11644	(3432, 1163)	' sentence'	12121
11645	(571, 1074)	'成果'	12123
11646	(1274, 1433)	'各项'	12124
11647	(109, 328)	'may'	12125
11648	(2025, 136)	'慈'	12126
11649	(431, 1015)	'chang'	12127
11650	(463, 16392)	' Houston'	12128
11651	(3001, 2098)	' facility'	12129
11652	(1184, 107)	' seek'	12130
11653	(16307, 283)	' subscribing'	12131
11654	(556, 1541)	'可爱'	12132
11655	(434, 810)	' rich'	12133
11656	(385, 1110)	' stress'	12134
11657	(2365, 5002)	'夫妻'	12135
11658	(1162, 283)	' acting'	12136
11659	(508, 186)	' غ'	12137
11660	(969, 168)	'የ'	12138
11661	(657, 851)	'开心'	12139
11662	(16003, 147)	'墓'	12140
11663	(16316, 397)	'嫌疑人'	12141
11664	(1146, 176)	' ર'	12142
11665	(66, 79)	'BO'	12143
11666	(1143, 841)	'打工'	12144
11667	(45, 110)	'-n'	12145
11668	(5280, 4605)	'官方网站'	12147
11669	(3734, 116)	' joint'	12148
11670	(4801, 287)	' linked'	12149
11671	(16342, 2047)	'允许'	12150
11672	(109, 4709)	'mitted'	12151
11673	(1709, 16341)	' impressive'	12152
11674	(669, 174)	'炮'	12153
11675	(377, 630)	' Card'	12154
11676	(6950, 2988)	' holiday'	12155
11677	(575, 178)	'哲'	12156
11678	(104, 121)	'hy'	12157
11679	(487, 133)	'浅'	12158
11680	(1162, 276)	' actor'	12159
11681	(1453, 1856)	'ometimes'	12160
11682	(713, 865)	' spell'	12161
11683	(390, 706)	'中美'	12162
11684	(1109, 5501)	'近年来'	12163
11685	(1582, 187)	'・'	12164
11686	(521, 3521)	'对阵'	12165
11687	(918, 1120)	'事务'	12166
11688	(83, 79)	'SO'	12167
11689	(582, 637)	' alive'	12168
11690	(56, 49)	'81'	12169
11691	(668, 16049)	' university'	12170
11692	(32, 4315)	' ре'	12171
11693	(2314, 1041)	'招商'	12172
11694	(284, 782)	' pra'	12173
11695	(1582, 171)	'ル'	12174
11696	(4802, 274)	' loan'	12175
11697	(65, 86)	'AV'	12176
11698	(235, 16443)	'라'	12177
11699	(475, 1858)	'ighters'	12178
11700	(393, 172)	'衬'	12179
11701	(1450, 56)	'2018'	12180
11702	(2774, 441)	' generation'	12181
11703	(848, 52)	' 34'	12182
11704	(900, 478)	' enem'	12183
11705	(3055, 606)	b'\xe0\xab\x80\xe0\xaa'	12184
11706	(769, 503)	'та'	12185
11707	(871, 607)	'更新'	12186
11708	(326, 526)	'idel'	12187
11709	(1407, 579)	'教学'	12189
11710	(615, 16364)	' Jordan'	12190
11711	(470, 2450)	' Where'	12191
11712	(540, 6101)	'日上午'	12192
11713	(1088, 534)	'女生'	12193
11714	(4076, 173)	'維'	12194
11715	(349, 147)	'卓'	12195
11716	(4730, 4730)	'慢慢'	12196
11717	(1108, 908)	'尔斯'	12197
11718	(536, 285)	'oses'	12198
11719	(6006, 5019)	' Japanese'	12199
11720	(686, 8456)	' upcoming'	12200
11721	(1385, 188)	'疼'	12201
11722	(453, 16408)	'和谐'	12202
11723	(868, 790)	'司法'	12203
11724	(2588, 708)	'教育部'	12204
11725	(683, 174)	'妮'	12205
11726	(284, 293)	' pal'	12206
11727	(272, 767)	'的天'	12207
11728	(775, 2844)	'实木'	12209
11729	(871, 2538)	'更好的'	12210
11730	(3869, 1091)	'偏股'	12211
11731	(8514, 804)	'感光度'	12212
11732	(3546, 1445)	'扩张'	12213
11733	(1161, 4350)	'回归'	12214
11734	(607, 883)	'新基金'	12215
11735	(955, 16013)	' herself'	12216
11736	(2650, 1166)	' ته'	12217
11737	(400, 4371)	'大概'	12218
11738	(659, 161)	'郡'	12219
11739	(73, 86)	'IV'	12220
11740	(232, 164)	b'\xe8\xa4'	12221
11741	(1822, 287)	' owned'	12222
11742	(991, 51)	'2003'	12223
11743	(1126, 16433)	'英镑'	12224
11744	(7363, 404)	' faith'	12225
11745	(400, 576)	'大多'	12226
11746	(653, 568)	'过于'	12227
11747	(8898, 16450)	'中華人民共和國'	12228
11748	(1146, 172)	' બ'	12229
11749	(3560, 1596)	'航空'	12230
11750	(418, 109)	'ilm'	12231
11751	(234, 16305)	'기'	12233
11752	(275, 367)	"it's"	12234
11753	(1518, 4128)	'获悉'	12236
11754	(2757, 287)	'apped'	12237
11755	(483, 130)	'臂'	12238
11756	(3551, 267)	' younger'	12239
11757	(1357, 777)	'整合'	12240
11758	(534, 1906)	'生态'	12241
11759	(5633, 8519)	' battery'	12242
11760	(1071, 345)	'ollow'	12243
11761	(385, 1383)	' stuck'	12244
11762	(405, 191)	'寿'	12245
11763	(357, 1845)	'在今年'	12246
11764	(915, 328)	' pray'	12247
11765	(259, 728)	'hered'	12248
11766	(3592, 2237)	'ති'	12249
11767	(1999, 1167)	' 2020'	12250
11768	(1537, 1417)	'优质'	12251
11769	(828, 2227)	' arms'	12252
11770	(1618, 1383)	' struck'	12253
11771	(16333, 1670)	'John'	12254
11772	(4148, 626)	' Coast'	12255
11773	(1692, 1634)	'采购'	12256
11774	(2191, 1269)	'龙头'	12257
11775	(369, 103)	'igg'	12259
11776	(588, 321)	' Est'	12260
11777	(2771, 2777)	' standards'	12261
11778	(7542, 959)	' repeated'	12262
11779	(3615, 331)	' Only'	12263
11780	(377, 16421)	' Cleveland'	12264
11781	(6733, 1932)	b'\xe1\x80\x80\xe1\x80\xba\xe1\x80'	12265
11782	(417, 16303)	' Business'	12266
11783	(4311, 1179)	'顶级'	12267
11784	(2147, 115)	' heads'	12268
11785	(390, 1472)	'中共'	12269
11786	(8502, 825)	'的可能性'	12270
11787	(1008, 450)	' Vol'	12271
11788	(833, 5180)	' climate'	12272
11789	(1558, 45)	' co-'	12273
11790	(1030, 107)	' ik'	12274
11791	(1099, 5544)	'感染'	12275
11792	(284, 301)	' pas'	12276
11793	(580, 149)	'க'	12277
11794	(2322, 134)	'ац'	12278
11795	(653, 520)	'过来'	12279
11796	(2410, 1646)	'否则'	12280
11797	(297, 105)	' hi'	12281
11798	(3073, 336)	'最后一'	12282
11799	(464, 375)	' Dun'	12283
11800	(2771, 115)	' stands'	12284
11801	(87, 301)	'Was'	12285
11802	(1147, 527)	'iants'	12286
11803	(4133, 992)	' appearance'	12287
11804	(653, 272)	'过的'	12288
11805	(326, 105)	'idi'	12289
11806	(848, 55)	' 37'	12290
11807	(4776, 283)	' wondering'	12291
11808	(373, 293)	'imal'	12292
11809	(617, 1916)	'istics'	12293
11810	(3051, 6883)	' receiving'	12294
11811	(5392, 534)	'毕业生'	12295
11812	(1234, 2054)	'想象'	12296
11813	(927, 918)	'赛事'	12297
11814	(943, 1110)	' express'	12298
11815	(8378, 1086)	' comfortable'	12299
11816	(386, 357)	'不在'	12300
11817	(625, 161)	'渡'	12301
11818	(585, 895)	' liber'	12302
11819	(794, 142)	'胎'	12303
11820	(2455, 3899)	'显示屏'	12304
11821	(68, 6703)	'Damn'	12305
11822	(657, 6864)	'开拓'	12306
11823	(468, 786)	'以外'	12308
11824	(274, 122)	'anz'	12309
11825	(1025, 272)	'式的'	12310
11826	(898, 7011)	'万吨'	12311
11827	(5390, 467)	'暂时'	12312
11828	(347, 9045)	' ongoing'	12313
11829	(915, 258)	' prin'	12314
11830	(1146, 168)	' ન'	12316
11831	(285, 104)	'esh'	12317
11832	(81, 81)	'QQ'	12318
11833	(420, 864)	'为此'	12319
11834	(81, 117)	'Qu'	12320
11835	(704, 3204)	'ня'	12321
11836	(80, 71)	'PG'	12322
11837	(2934, 1049)	'房地产市场'	12324
11838	(271, 2545)	'atically'	12325
11839	(16415, 16326)	'矛盾'	12326
11840	(782, 324)	'rave'	12327
11841	(16461, 1436)	'奥巴马'	12328
11842	(5471, 3109)	'ਤੇ'	12329
11843	(116, 119)	'tw'	12330
11844	(970, 730)	'及其'	12331
11845	(16325, 7949)	' researchers'	12332
11846	(256, 406)	' till'	12333
11847	(385, 1023)	' storm'	12334
11848	(3392, 1762)	'ના'	12335
11849	(6034, 1155)	' turning'	12336
11850	(103, 676)	'game'	12337
11851	(833, 5185)	' clients'	12338
11852	(271, 288)	'atar'	12339
11853	(915, 787)	' prime'	12340
11854	(1620, 1290)	' consult'	12341
11855	(2724, 995)	' shitty'	12342
11856	(302, 185)	'夹'	12343
11857	(386, 1431)	'不可能'	12344
11858	(547, 136)	'颈'	12345
11859	(343, 626)	' east'	12347
11860	(1121, 2867)	' اف'	12348
11861	(83, 678)	'Sure'	12349
11862	(864, 587)	'此后'	12350
11863	(486, 550)	'出场'	12351
11864	(7994, 5544)	'污染'	12352
11865	(3636, 191)	'鸿'	12353
11866	(4624, 4714)	'த்த'	12354
11867	(1775, 1282)	'转变'	12355
11868	(1198, 6061)	'联邦'	12356
11869	(509, 138)	'削'	12357
11870	(1382, 111)	'iko'	12358
11871	(6329, 146)	'→'	12359
11872	(594, 1788)	' button'	12360
11873	(109, 111)	'mo'	12361
11874	(578, 112)	'resp'	12362
11875	(16319, 132)	'도'	12363
11876	(1088, 1478)	'女友'	12365
11877	(3963, 627)	' را'	12366
11878	(705, 97)	'rena'	12367
11879	(80, 69)	'PE'	12368
11880	(3325, 1363)	'饰演'	12369
11881	(5136, 121)	' copy'	12370
11882	(8343, 643)	' announcement'	12371
11883	(1635, 272)	'问题的'	12372
11884	(1844, 267)	'anner'	12374
11885	(397, 789)	'人体'	12375
11886	(348, 267)	'ader'	12377
11887	(1805, 3475)	' earned'	12378
11888	(2604, 818)	' parking'	12379
11889	(399, 108)	'kel'	12380
11890	(376, 67)	' AC'	12381
11891	(16007, 9085)	' becomes'	12382
11892	(3104, 1464)	'春节'	12383
11893	(1294, 775)	'证实'	12384
11894	(256, 117)	' tu'	12386
11895	(119, 121)	'wy'	12387
11896	(16309, 2780)	' Francisco'	12388
11897	(936, 285)	'izes'	12389
11898	(710, 944)	'ес'	12390
11899	(396, 2082)	'了很多'	12391
11900	(1305, 601)	'较高'	12392
11901	(386, 1234)	'不想'	12393
11902	(297, 352)	' ham'	12394
11903	(2285, 267)	' harder'	12395
11904	(2358, 176)	'ிர'	12396
11905	(659, 129)	'郁'	12397
11906	(2823, 1536)	' Prince'	12398
11907	(272, 4203)	'的作用'	12399
11908	(376, 16115)	' According'	12400
11909	(4051, 283)	' falling'	12401
11910	(827, 1289)	'很少'	12402
11911	(5570, 2054)	'迹象'	12403
11912	(3364, 2789)	' patient'	12404
11913	(1125, 145)	'淑'	12405
11914	(743, 7815)	' Under'	12406
11915	(2638, 602)	'ини'	12407
11916	(7548, 1070)	'新华网'	12409
11917	(80, 108)	'Pl'	12410
11918	(8258, 959)	' estimated'	12411
11919	(648, 191)	'肿'	12412
11920	(490, 1141)	' Nov'	12413
11921	(668, 97)	' una'	12414
11922	(1480, 167)	b' \xec\xa7'	12415
11923	(16356, 441)	' Foundation'	12416
11924	(2056, 1417)	'材质'	12418
11925	(16362, 100)	' Ltd'	12419
11926	(1942, 4920)	'便宜'	12420
11927	(413, 178)	'進'	12421
11928	(272, 1616)	'的企业'	12422
11929	(595, 2810)	'公牛'	12423
11930	(878, 139)	'ோ'	12424
11931	(655, 1211)	'主管'	12425
11932	(98, 2998)	'bury'	12426
11933	(4328, 1532)	'佛山'	12427
11934	(585, 101)	' lie'	12428
11935	(2543, 322)	'ception'	12429
11936	(16376, 441)	' Corporation'	12430
11937	(45, 263)	'-re'	12431
11938	(278, 603)	' cart'	12432
11939	(286, 635)	' mort'	12433
11940	(538, 1881)	'我认为'	12434
11941	(1407, 1661)	'教师'	12435
11942	(344, 163)	'劣'	12436
11943	(910, 272)	'房的'	12437
11944	(688, 2195)	' allowing'	12438
11945	(1989, 2481)	' talked'	12439
11946	(5177, 152)	'ој'	12440
11947	(839, 831)	'یر'	12441
11948	(6899, 2472)	'屬於'	12442
11949	(623, 3827)	'前锋'	12443
11950	(733, 550)	'全场'	12444
11951	(3407, 287)	' recorded'	12445
11952	(16438, 3574)	'ቸው'	12446
11953	(3491, 331)	'Only'	12448
11954	(391, 16423)	' Miami'	12449
11955	(2364, 4718)	'依旧'	12450
11956	(542, 293)	' Gal'	12451
11957	(539, 3217)	'地铁'	12452
11958	(429, 173)	'彭'	12453
11959	(277, 285)	' bes'	12454
11960	(16087, 459)	' voters'	12455
11961	(556, 1754)	'可见'	12456
11962	(1153, 177)	'驱'	12457
11963	(1200, 612)	'weight'	12458
11964	(3595, 7662)	'伦敦'	12460
11965	(401, 137)	'奉'	12461
11966	(4307, 141)	' ግ'	12462
11967	(434, 345)	' row'	12463
11968	(16317, 3704)	'葡萄牙'	12464
11969	(16347, 331)	'sembly'	12465
11970	(101, 320)	'ele'	12466
11971	(791, 8956)	' agencies'	12467
11972	(333, 1494)	' reli'	12468
11973	(1050, 283)	' knowing'	12469
11974	(4483, 495)	'赶到'	12470
11975	(2272, 108)	' discl'	12471
11976	(3464, 1358)	'瑞士'	12472
11977	(3547, 287)	' produced'	12473
11978	(6156, 959)	' treated'	12474
11979	(61, 61)	'=='	12475
11980	(333, 914)	' react'	12476
11981	(5507, 2370)	' division'	12477
11982	(6154, 891)	'known'	12478
11983	(4744, 331)	' fairly'	12479
11984	(16360, 172)	'리'	12480
11985	(930, 165)	'祥'	12481
11986	(112, 1640)	'person'	12483
11987	(917, 875)	' manage'	12484
11988	(1036, 134)	'框'	12485
11989	(3376, 16361)	' marriage'	12486
11990	(3001, 5676)	' facilities'	12487
11991	(78, 4234)	'Nope'	12488
11992	(2496, 1654)	'修改'	12489
11993	(3934, 5267)	'嘉宾'	12490
11994	(2460, 406)	' skill'	12491
11995	(1860, 164)	'撤'	12492
11996	(2667, 550)	'卖场'	12493
11997	(1675, 283)	' ending'	12494
11998	(491, 383)	' jir'	12495
11999	(449, 181)	'陵'	12496
12000	(2130, 841)	'施工'	12497
12001	(2113, 276)	' governor'	12498
12002	(5291, 2752)	'替补'	12500
12003	(1580, 133)	' х'	12501
12004	(70, 114)	'Fr'	12502
12005	(102, 621)	'fall'	12503
12006	(288, 111)	'aro'	12504
12007	(1136, 424)	' 400'	12505
12008	(528, 1084)	'ulting'	12506
12009	(530, 285)	' notes'	12507
12010	(2973, 350)	'应该是'	12508
12011	(845, 161)	'锡'	12509
12012	(463, 2749)	' Harr'	12510
12013	(16032, 7050)	' experienced'	12511
12014	(118, 111)	'vo'	12512
12015	(128, 1932)	b'\x80\xe1\x80\xba\xe1\x80'	12513
12016	(3043, 883)	'指数基金'	12514
12017	(233, 179)	b'\xe9\xb3'	12516
12018	(5223, 357)	'两队在'	12517
12019	(271, 263)	'atre'	12518
12020	(851, 877)	'心情'	12519
12021	(684, 538)	'自我'	12520
12022	(3640, 8149)	' Management'	12521
12023	(531, 748)	' Long'	12522
12024	(83, 67)	'SC'	12523
12025	(1200, 332)	'weet'	12524
12026	(354, 72)	' SH'	12525
12027	(2176, 853)	'适当'	12526
12028	(1543, 521)	'反对'	12527
12029	(1023, 267)	'ormer'	12528
12030	(1260, 1510)	'专户'	12529
12031	(974, 579)	'化学'	12530
12032	(1795, 458)	' drag'	12532
12033	(9269, 7002)	'했다'	12533
12034	(5883, 1165)	' applications'	12534
12035	(2957, 529)	'飞行'	12535
12036	(1493, 877)	'热情'	12536
12037	(491, 633)	' jack'	12537
12038	(870, 128)	'紀'	12538
12039	(265, 99)	'onc'	12539
12040	(399, 766)	'keep'	12540
12041	(46, 112)	'.p'	12541
12042	(903, 433)	' acce'	12542
12043	(1161, 1097)	'回应'	12543
12044	(508, 181)	' ص'	12544
12045	(323, 182)	'श'	12545
12046	(16076, 283)	' ruling'	12546
12047	(503, 1993)	'аз'	12547
12048	(1520, 3174)	' remaining'	12548
12049	(339, 189)	'幽'	12549
12050	(510, 352)	' Fam'	12551
12051	(1330, 3552)	'推出的'	12552
12052	(1161, 5164)	'回暖'	12553
12053	(4587, 4587)	'OOOO'	12555
12054	(277, 5923)	' banned'	12556
12055	(1504, 627)	' کا'	12557
12056	(45, 68)	'-D'	12558
12057	(2502, 603)	' depart'	12560
12058	(3241, 1061)	'登记'	12561
12059	(783, 564)	'但他'	12563
12060	(1259, 705)	'ildren'	12564
12061	(570, 159)	'ట'	12565
12062	(822, 163)	'廣'	12566
12063	(8319, 825)	'流动性'	12567
12064	(724, 97)	'uba'	12568
12065	(1493, 1189)	'热门'	12569
12066	(1073, 1429)	'西亚'	12570
12067	(1172, 2184)	'总额'	12571
12068	(383, 995)	'irty'	12572
12069	(1791, 16399)	' YouTube'	12573
12070	(469, 157)	' Н'	12575
12071	(2228, 115)	' keeps'	12576
12072	(2417, 729)	' edge'	12577
12073	(370, 2514)	'utional'	12578
12074	(872, 1812)	'三角'	12579
12075	(1537, 4262)	'优雅'	12580
12076	(943, 16352)	' expansion'	12581
12077	(69, 110)	'En'	12582
12078	(6873, 808)	' birthday'	12583
12079	(71, 1123)	'Great'	12584
12080	(618, 169)	'ứ'	12585
12081	(317, 149)	'吕'	12586
12082	(4230, 1108)	'塞尔'	12587
12083	(1148, 602)	'ки'	12588
12084	(539, 751)	'地说'	12589
12085	(2519, 3857)	' democr'	12590
12086	(668, 1869)	' units'	12591
12087	(5165, 272)	'真正的'	12593
12088	(2500, 16382)	'眼睛'	12594
12089	(3124, 149)	'ిక'	12597
12090	(943, 5038)	' expressed'	12598
12091	(881, 1044)	'两种'	12599
12092	(133, 430)	b'\x85\xe1\x80'	12600
12093	(571, 1387)	'成像'	12601
12094	(83, 267)	'Ser'	12602
12095	(2846, 1101)	"They're"	12603
12096	(6995, 1244)	'倾向'	12604
12097	(32, 1042)	' ug'	12605
12098	(496, 348)	' Rad'	12606
12099	(1437, 400)	'四大'	12607
12100	(573, 336)	'下一'	12609
12101	(114, 276)	'ror'	12610
12102	(118, 108)	'vl'	12611
12103	(4653, 331)	' entirely'	12612
12104	(716, 1666)	'进步'	12613
12105	(1960, 396)	'成为了'	12614
12106	(463, 375)	' Hun'	12615
12107	(3129, 3475)	' warned'	12616
12108	(668, 101)	' une'	12617
12109	(50, 1442)	'250'	12618
12110	(1948, 5039)	'bridge'	12619
12111	(1795, 3661)	' drinking'	12621
12112	(115, 259)	'she'	12622
12113	(16396, 5000)	' Arizona'	12624
12114	(301, 1647)	'astern'	12626
12115	(45, 808)	'-day'	12627
12116	(520, 3164)	'来讲'	12628
12117	(2358, 169)	'ின'	12630
12118	(104, 288)	'har'	12631
12119	(1058, 1792)	' scale'	12632
12120	(336, 1808)	'一方面'	12633
12121	(4116, 396)	'取得了'	12634
12122	(394, 144)	'盐'	12635
12123	(683, 150)	'妖'	12636
12124	(16206, 678)	' manufacture'	12637
12125	(4157, 1405)	'潮流'	12638
12126	(666, 520)	'本来'	12639
12127	(353, 105)	'aci'	12640
12128	(354, 1904)	' See'	12641
12129	(807, 7760)	'次助攻'	12642
12130	(229, 151)	b'\xe5\x97'	12643
12131	(2321, 111)	' memo'	12644
12132	(3749, 5535)	'手机网游'	12645
12133	(397, 1555)	'人气'	12646
12134	(3413, 441)	' operation'	12647
12135	(870, 154)	'級'	12648
12136	(391, 1699)	' Max'	12649
12137	(442, 4818)	' kuma'	12650
12138	(6275, 121)	'ography'	12651
12139	(82, 77)	'RM'	12652
12140	(5935, 293)	' animal'	12653
12141	(587, 2316)	'后卫'	12655
12142	(16371, 7779)	' Taylor'	12656
12143	(1654, 1399)	'改造'	12657
12144	(422, 171)	'贫'	12658
12145	(1775, 2814)	'转移'	12659
12146	(932, 2768)	' images'	12660
12147	(692, 163)	'侣'	12661
12148	(2393, 999)	'福建'	12662
12149	(472, 46)	' 1.'	12663
12150	(5820, 103)	'burg'	12664
12151	(3211, 423)	' Plus'	12665
12152	(778, 189)	'揽'	12666
12153	(16129, 285)	' pieces'	12667
12154	(2145, 850)	'ना'	12668
12155	(1814, 177)	'饱'	12669
12156	(4798, 774)	' motiv'	12670
12157	(235, 160)	b'\xeb\xa0'	12671
12158	(4541, 568)	'相当于'	12672
12159	(1579, 170)	'溪'	12673
12160	(1303, 272)	'线的'	12674
12161	(2321, 1334)	' memory'	12675
12162	(317, 138)	'吊'	12676
12163	(400, 1113)	'大战'	12677
12164	(953, 183)	'爷'	12678
12165	(6584, 4757)	' Turkey'	12679
12166	(655, 5763)	'主帅'	12680
12167	(960, 357)	'并在'	12681
12168	(6704, 2527)	'ారు'	12683
12169	(275, 1180)	'itors'	12684
12170	(2794, 283)	' developing'	12685
12171	(4164, 519)	' debate'	12686
12172	(951, 357)	'我们在'	12687
12173	(777, 1415)	'合约'	12688
12174	(775, 665)	'实用'	12689
12175	(436, 279)	' Pen'	12690
12176	(653, 396)	'过了'	12691
12177	(397, 534)	'人生'	12692
12178	(589, 165)	' थ'	12693
12179	(3022, 635)	' Report'	12694
12180	(2993, 815)	'亮点'	12695
12181	(1359, 167)	'ầ'	12696
12182	(1756, 1148)	'ык'	12697
12183	(792, 182)	'當'	12698
12184	(730, 807)	'其次'	12699
12185	(1115, 16483)	' Invalid'	12700
12186	(863, 177)	'ቱ'	12701
12187	(1669, 51)	'1.3'	12702
12188	(1000, 1899)	'保罗'	12703
12189	(3868, 2155)	'革命'	12704
12190	(611, 2461)	' plane'	12705
12191	(287, 101)	'ede'	12707
12192	(2882, 293)	' metal'	12708
12193	(272, 1741)	'的确'	12709
12194	(1818, 16460)	' Alabama'	12710
12195	(1027, 617)	' resist'	12711
12196	(4464, 1414)	'Another'	12712
12197	(571, 272)	'成的'	12713
12198	(420, 2920)	'为止'	12714
12199	(82, 612)	'Right'	12715
12200	(2333, 6964)	' collabor'	12716
12201	(916, 3368)	'特征'	12717
12202	(590, 640)	'也就'	12719
12203	(596, 532)	' chain'	12720
12204	(330, 308)	'otic'	12721
12205	(2322, 135)	'ач'	12722
12206	(1627, 136)	'計'	12723
12207	(1728, 1035)	'容量'	12724
12208	(354, 499)	' Sum'	12725
12209	(1263, 1348)	'取胜'	12726
12210	(776, 16451)	'好莱坞'	12727
12211	(412, 158)	'庞'	12728
12212	(474, 188)	'琼'	12729
12213	(98, 293)	'bal'	12730
12214	(510, 635)	' Fort'	12732
12215	(316, 2948)	' gym'	12733
12216	(363, 144)	'伐'	12734
12217	(2212, 155)	'葛'	12735
12218	(825, 1010)	'性格'	12736
12219	(16153, 4560)	' schedule'	12737
12220	(3082, 2192)	' نے'	12738
12221	(566, 159)	'ট'	12739
12222	(1324, 16177)	' supporters'	12740
12223	(463, 330)	' Hot'	12742
12224	(2381, 276)	'erior'	12743
12225	(1700, 348)	' Brad'	12744
12226	(323, 143)	'ए'	12745
12227	(865, 111)	'ello'	12746
12228	(5895, 267)	' consumer'	12747
12229	(828, 431)	' arch'	12748
12230	(1370, 678)	' secure'	12749
12231	(8015, 140)	' Ọ'	12750
12232	(409, 310)	' whom'	12751
12233	(607, 601)	'新高'	12752
12234	(1663, 8075)	' minimum'	12753
12235	(4777, 5932)	'Reuters'	12754
12236	(877, 397)	'情人'	12755
12237	(2832, 4253)	' positions'	12756
12238	(607, 2454)	'新兴'	12757
12239	(2541, 1017)	' Class'	12759
12240	(2626, 492)	'独家'	12760
12241	(761, 1721)	'加速'	12761
12242	(767, 573)	'天下'	12762
12243	(1264, 345)	' blow'	12763
12244	(277, 258)	' bin'	12764
12245	(5243, 2287)	'ታት'	12765
12246	(3159, 16027)	'ို'	12766
12247	(1243, 146)	'粒'	12767
12248	(16253, 3355)	' behavior'	12768
12249	(802, 160)	'だ'	12769
12250	(2451, 6673)	'-to-'	12770
12251	(417, 1771)	' Both'	12771
12252	(2681, 649)	' до'	12772
12253	(545, 1164)	'发达'	12773
12254	(4834, 2895)	'怀疑'	12774
12255	(1126, 1412)	'英超'	12775
12256	(4085, 2920)	'截止'	12776
12257	(6978, 16479)	' Charlottesville'	12777
12258	(592, 7400)	' exhib'	12778
12259	(490, 975)	' Nick'	12779
12260	(375, 3355)	'unior'	12780
12261	(369, 101)	'ige'	12781
12262	(16482, 1600)	'安东尼'	12782
12263	(1264, 676)	' blame'	12783
12264	(667, 1476)	'得知'	12784
12265	(1219, 16492)	'东莞'	12785
12266	(2650, 831)	' تر'	12787
12267	(1885, 283)	' reporting'	12788
12268	(3425, 2335)	'朝阳'	12789
12269	(98, 450)	'bol'	12790
12270	(2163, 2904)	' confused'	12791
12271	(941, 1513)	'投票'	12792
12272	(16436, 1810)	'与此同时'	12793
12273	(80, 77)	'PM'	12794
12274	(4503, 630)	' Guard'	12795
12275	(545, 1381)	'发放'	12796
12276	(1000, 1179)	'保级'	12797
12277	(370, 431)	'utch'	12798
12278	(2960, 423)	' campus'	12799
12279	(1134, 3942)	'收藏'	12800
12280	(3463, 1077)	'异常'	12801
12281	(4205, 1117)	'ları'	12802
12282	(1555, 1915)	'气候'	12803
12283	(5674, 617)	' racist'	12804
12284	(1138, 2475)	'周围'	12805
12285	(490, 276)	' Nor'	12806
12286	(4535, 112)	' Corp'	12807
12287	(9319, 164)	'들'	12808
12288	(557, 272)	'分的'	12809
12289	(428, 573)	'上下'	12810
12290	(100, 105)	'di'	12811
12291	(84, 2459)	'TON'	12812
12292	(458, 1606)	'agues'	12813
12293	(3287, 1873)	' kuwa'	12814
12294	(1483, 721)	'带动'	12815
12295	(16166, 322)	' religion'	12816
12296	(590, 2591)	'也不会'	12817
12297	(7929, 1163)	' influence'	12818
12298	(720, 138)	'谊'	12819
12299	(704, 2109)	'ні'	12820
12300	(596, 3844)	' chances'	12821
12301	(3318, 1993)	' из'	12822
12302	(2656, 357)	'一直在'	12823
12303	(277, 2666)	' bike'	12824
12304	(272, 1986)	'的第一'	12825
12305	(649, 2219)	'ой'	12828
12306	(70, 1383)	'Fuck'	12829
12307	(32, 219)	b' \xdb'	12830
12308	(6387, 180)	' 이'	12831
12309	(2788, 132)	'蓄'	12832
12310	(845, 144)	'锐'	12833
12311	(417, 271)	' Bat'	12834
12312	(292, 107)	' tok'	12835
12313	(109, 1089)	'mond'	12836
12314	(1075, 101)	'obe'	12837
12315	(277, 1631)	' bath'	12838
12316	(1767, 287)	'oked'	12839
12317	(343, 105)	' ei'	12840
12318	(1289, 427)	'少年'	12841
12319	(16367, 8237)	' exclusive'	12843
12320	(2183, 179)	'傳'	12844
12321	(314, 276)	' nor'	12845
12322	(98, 402)	'bec'	12846
12323	(182, 430)	b'\xb6\xe1\x80'	12847
12324	(1709, 16383)	' impossible'	12848
12325	(546, 691)	' vice'	12849
12326	(549, 169)	'俩'	12850
12327	(2848, 1417)	'画质'	12851
12328	(2989, 102)	' Prof'	12852
12329	(16101, 276)	' professor'	12853
12330	(827, 601)	'很高'	12854
12331	(46, 2780)	'.co'	12855
12332	(1122, 6935)	'活跃'	12856
12333	(1161, 2179)	'回落'	12858
12334	(824, 1327)	'重组'	12859
12335	(486, 4313)	'出租'	12860
12336	(2386, 3746)	' бол'	12861
12337	(1425, 164)	' త'	12862
12338	(560, 111)	'ako'	12863
12339	(6878, 526)	' panel'	12864
12340	(1863, 272)	'国家的'	12865
12341	(112, 1084)	'pting'	12866
12342	(268, 7580)	' wanna'	12868
12343	(1416, 8791)	' declined'	12870
12344	(2029, 912)	'必然'	12871
12345	(354, 583)	' Squ'	12872
12346	(109, 108)	'ml'	12873
12347	(780, 1371)	'长时间'	12874
12348	(1686, 6343)	' function'	12875
12349	(276, 4142)	'orrect'	12876
12350	(16164, 1400)	' candidates'	12877
12351	(1353, 147)	' ና'	12878
12352	(79, 757)	'Off'	12880
12353	(297, 3410)	' hole'	12881
12354	(872, 3423)	'三季度'	12882
12355	(2741, 406)	'Still'	12883
12356	(84, 69)	'TE'	12884
12357	(723, 140)	'涌'	12886
12358	(354, 1536)	' Since'	12887
12359	(403, 190)	'巾'	12888
12360	(967, 816)	'ogue'	12890
12361	(1953, 142)	'猎'	12891
12362	(16494, 700)	'性价比'	12892
12363	(2392, 1535)	'尽快'	12893
12364	(76, 6679)	'Looks'	12895
12365	(1020, 163)	'ኣ'	12896
12366	(514, 2543)	' concept'	12897
12367	(3443, 115)	' returns'	12898
12368	(1011, 176)	' ਰ'	12899
12369	(991, 50)	'2002'	12900
12370	(105, 367)	"i's"	12901
12371	(1703, 136)	' ለ'	12902
12372	(1805, 515)	' earth'	12903
12373	(4980, 272)	'简单的'	12904
12374	(385, 753)	' stake'	12905
12375	(3488, 1718)	' पर'	12906
12376	(3765, 3311)	'ුව'	12907
12377	(570, 175)	'య'	12908
12378	(713, 697)	' spect'	12909
12379	(888, 599)	'一个月'	12910
12380	(432, 185)	'匹'	12911
12381	(320, 1257)	'lete'	12912
12382	(317, 185)	'吹'	12913
12383	(3164, 3520)	'讲述'	12915
12384	(1196, 4361)	'布鲁'	12916
12385	(1594, 2365)	'功夫'	12917
12386	(4670, 1163)	' presence'	12918
12387	(413, 190)	'逾'	12919
12388	(809, 1498)	'名校'	12920
12389	(969, 178)	'ዲ'	12921
12390	(2815, 495)	'听到'	12922
12391	(1360, 336)	'十一'	12923
12392	(6943, 279)	' Golden'	12924
12393	(3274, 382)	' forever'	12925
12394	(1254, 612)	' bright'	12926
12395	(1580, 158)	' ў'	12927
12396	(492, 2937)	'家族'	12928
12397	(2750, 1179)	'六级'	12929
12398	(1069, 130)	'烂'	12930
12399	(510, 1007)	' Free'	12931
12400	(98, 117)	'bu'	12932
12401	(1922, 143)	'िए'	12933
12402	(2143, 272)	'项目的'	12934
12403	(599, 2290)	'月初'	12935
12404	(641, 78)	' ON'	12936
12405	(2871, 478)	' condem'	12937
12406	(540, 784)	'日子'	12938
12407	(7617, 3117)	' Author'	12939
12408	(721, 2848)	'动画'	12941
12409	(98, 526)	'bel'	12942
12410	(5551, 68)	'CCD'	12943
12411	(108, 116)	'lt'	12944
12412	(16203, 2187)	'彻底'	12945
12413	(2102, 2076)	'财富'	12946
12414	(378, 3014)	'有机会'	12947
12415	(768, 367)	" who's"	12948
12416	(3199, 4878)	' Seattle'	12950
12417	(533, 118)	' sav'	12951
12418	(7188, 287)	' tweeted'	12953
12419	(9584, 5067)	'ている'	12954
12420	(272, 3338)	'的不断'	12955
12421	(1415, 420)	'约为'	12956
12422	(4820, 287)	' presented'	12957
12423	(378, 1204)	'有没有'	12958
12424	(419, 2294)	'国土'	12959
12425	(288, 835)	'arry'	12960
12426	(3898, 135)	'蛇'	12961
12427	(2280, 810)	'Which'	12962
12428	(1003, 8153)	' context'	12963
12429	(462, 1624)	'这就是'	12964
12430	(1537, 1317)	'优先'	12965
12431	(4333, 678)	' failure'	12966
12432	(782, 102)	'raf'	12967
12433	(743, 116)	' Ut'	12968
12434	(534, 978)	'生意'	12969
12435	(819, 851)	'关心'	12970
12436	(4806, 5574)	' combined'	12971
12437	(87, 6173)	'Wait'	12972
12438	(7563, 1946)	' dinner'	12973
12439	(439, 162)	'牢'	12974
12440	(2145, 1730)	'नी'	12975
12441	(286, 2031)	' mü'	12976
12442	(1339, 574)	' keess'	12977
12443	(994, 179)	'壳'	12978
12444	(3180, 352)	' Adam'	12979
12445	(699, 1225)	'机型'	12980
12446	(466, 1266)	' 2000'	12981
12447	(8670, 568)	'有利于'	12982
12448	(106, 383)	'jir'	12983
12449	(5820, 610)	'burgh'	12984
12450	(3159, 430)	b'\xe1\x80\xad\xe1\x80'	12985
12451	(3866, 4959)	'梦幻'	12986
12452	(848, 56)	' 38'	12987
12453	(1181, 181)	'्व'	12988
12454	(1740, 1354)	'博彩'	12989
12455	(799, 149)	'雕'	12990
12456	(277, 104)	' bh'	12991
12457	(1138, 336)	'周一'	12992
12458	(1013, 1345)	'ув'	12993
12459	(365, 99)	'roc'	12994
12460	(969, 174)	'ዮ'	12995
12461	(713, 1492)	' spons'	12996
12462	(1480, 139)	b' \xec\x8b'	12997
12463	(1107, 587)	'今后'	12998
12464	(420, 1752)	'为何'	12999
12465	(476, 179)	'拳'	13000
12466	(390, 1040)	'中文'	13001
12467	(103, 288)	'gar'	13002
12468	(1022, 272)	'身的'	13003
12469	(16236, 1940)	' incredible'	13004
12470	(357, 2811)	'在国内'	13005
12471	(686, 7046)	' upset'	13006
12472	(16427, 105)	'ới'	13007
12473	(256, 621)	' tall'	13009
12474	(469, 181)	' е'	13010
12475	(1893, 428)	'世界上'	13011
12476	(277, 2247)	' bird'	13012
12477	(4019, 1165)	' expectations'	13013
12478	(116, 1708)	'then'	13014
12479	(353, 114)	'acr'	13015
12480	(271, 2205)	'atures'	13016
12481	(1763, 748)	' belong'	13017
12482	(629, 181)	'ਵ'	13018
12483	(3727, 128)	'門'	13019
12484	(689, 2078)	'而不是'	13020
12485	(274, 1209)	'anne'	13021
12486	(4412, 281)	' Davis'	13022
12487	(615, 6356)	' Josh'	13023
12488	(7047, 105)	'ại'	13024
12489	(395, 139)	'赋'	13025
12490	(1067, 3320)	'考察'	13026
12491	(1754, 272)	'见的'	13029
12492	(2407, 3382)	' models'	13030
12493	(1503, 998)	' flav'	13031
12494	(3493, 7212)	' girlfriend'	13032
12495	(2949, 2920)	'停止'	13033
12496	(2757, 121)	'appy'	13034
12497	(1705, 8948)	' long-term'	13035
12498	(4975, 293)	' appeal'	13036
12499	(684, 529)	'自行'	13037
12500	(1090, 864)	'由此'	13038
12501	(72, 72)	'HH'	13039
12502	(588, 68)	' ED'	13040
12503	(1104, 184)	'ास'	13043
12504	(2346, 166)	'擦'	13044
12505	(9202, 1165)	' organizations'	13045
12506	(699, 9570)	'机械'	13046
12507	(16410, 4204)	'太平洋'	13047
12508	(2837, 5052)	'错误'	13048
12509	(1541, 776)	'爱好'	13049
12510	(1423, 122)	'azz'	13050
12511	(1725, 105)	'aji'	13051
12512	(119, 1127)	'wọ'	13052
12513	(336, 1552)	'一份'	13053
12514	(841, 4081)	'工厂'	13054
12515	(1780, 467)	'随时'	13055
12516	(1124, 9483)	' dismiss'	13056
12517	(5686, 1598)	'句话'	13057
12518	(4099, 587)	'结束后'	13058
12519	(958, 520)	'从来'	13060
12520	(283, 1788)	'ington'	13061
12521	(2007, 6749)	' zero'	13062
12522	(391, 326)	' Mid'	13063
12523	(453, 1319)	'和值'	13064
12524	(463, 68)	' HD'	13065
12525	(2598, 16481)	' delivery'	13066
12526	(522, 2062)	'abled'	13067
12527	(871, 400)	'更大'	13068
12528	(905, 2020)	'报警'	13069
12529	(198, 161)	'ơ'	13070
12530	(4707, 1813)	'库存'	13071
12531	(3172, 367)	" women's"	13072
12532	(1440, 1756)	'гы'	13073
12533	(4376, 3242)	' Columb'	13074
12534	(442, 301)	' kas'	13075
12535	(264, 408)	' soo'	13076
12536	(189, 430)	b'\xbd\xe1\x80'	13077
12537	(1623, 2701)	'标志'	13078
12538	(97, 113)	'aq'	13079
12539	(1843, 934)	' Share'	13080
12540	(1988, 825)	'属性'	13081
12541	(1860, 176)	'撰'	13082
12542	(2413, 396)	'获得了'	13083
12543	(79, 852)	'Other'	13084
12544	(2685, 2942)	'纪念'	13085
12545	(354, 2037)	' Syst'	13086
12546	(436, 3772)	' Penn'	13087
12547	(16025, 7172)	' requires'	13088
12548	(2466, 180)	'اش'	13089
12549	(7703, 16486)	' Philadelphia'	13090
12550	(376, 1494)	' Ali'	13091
12551	(277, 353)	' bac'	13092
12552	(3472, 285)	' classes'	13093
12553	(6236, 4698)	' lawsuit'	13094
12554	(2947, 961)	' profile'	13095
12555	(644, 184)	'書'	13097
12556	(1425, 168)	' న'	13098
12557	(286, 505)	' mand'	13099
12558	(570, 161)	'డ'	13100
12559	(378, 576)	'有多'	13101
12560	(2818, 1345)	'ств'	13102
12561	(1556, 3533)	'运输'	13103
12562	(1037, 6832)	' Italy'	13104
12563	(1149, 883)	'该基金'	13105
12564	(1994, 849)	' famous'	13106
12565	(1629, 186)	'腺'	13107
12566	(407, 132)	'玄'	13108
12567	(780, 2623)	'长焦'	13109
12568	(460, 1091)	'个股'	13110
12569	(297, 3895)	' horr'	13111
12570	(911, 1189)	'入门'	13112
12571	(109, 1029)	'mail'	13113
12572	(542, 77)	' GM'	13114
12573	(8023, 1497)	' chairman'	13115
12574	(2631, 5121)	' possibility'	13116
12575	(754, 176)	'ධ'	13117
12576	(716, 1021)	'进展'	13118
12577	(788, 397)	'等人'	13119
12578	(513, 170)	'泪'	13120
12579	(2244, 112)	'exp'	13121
12580	(669, 171)	'炫'	13122
12581	(4316, 2331)	'探索'	13123
12582	(1403, 154)	'滚'	13124
12583	(76, 79)	'LO'	13125
12584	(3793, 115)	' deaths'	13126
12585	(2486, 352)	'ynam'	13127
12586	(1446, 6881)	'经济复苏'	13128
12587	(305, 16435)	' length'	13129
12588	(16358, 6593)	' neighborhood'	13130
12589	(2057, 3316)	'医药'	13132
12590	(486, 1262)	'出号'	13133
12591	(596, 8615)	' channel'	13134
12592	(281, 1947)	'ishes'	13135
12593	(116, 3066)	'tained'	13136
12594	(78, 84)	'NT'	13137
12595	(288, 1858)	'arters'	13138
12596	(2727, 1858)	' matters'	13139
12597	(1330, 2361)	'推介'	13140
12598	(7902, 3126)	' variety'	13141
12599	(604, 331)	'antly'	13142
12600	(2087, 831)	'بر'	13143
12601	(1036, 130)	'桂'	13144
12602	(391, 1017)	' Mass'	13145
12603	(503, 1137)	'ад'	13146
12604	(890, 16267)	' Stadium'	13147
12605	(2290, 1666)	'初步'	13148
12606	(7854, 441)	' legislation'	13149
12607	(492, 1404)	'家装'	13150
12608	(119, 287)	'wed'	13151
12609	(1648, 16095)	'查询'	13152
12610	(1862, 6244)	' highlight'	13153
12611	(329, 135)	'將'	13154
12612	(376, 757)	' Aff'	13155
12613	(2420, 367)	" let's"	13156
12614	(929, 1166)	'له'	13157
12615	(82, 67)	'RC'	13158
12616	(588, 2156)	' Eric'	13159
12617	(358, 136)	'诈'	13160
12618	(1323, 714)	'星期'	13161
12619	(1693, 145)	'暑'	13162
12620	(291, 271)	' dat'	13164
12621	(811, 1920)	'内置'	13165
12622	(1389, 3289)	'欧冠'	13166
12623	(1586, 1244)	'走向'	13167
12624	(272, 3536)	'的需求'	13168
12625	(391, 301)	' Mas'	13169
12626	(1339, 1619)	' keys'	13170
12627	(4005, 178)	'ుల'	13171
12628	(1305, 1333)	'较低'	13172
12629	(1134, 495)	'收到'	13173
12630	(267, 293)	'eral'	13174
12631	(2104, 671)	' studies'	13175
12632	(833, 288)	' clar'	13176
12633	(5425, 1806)	'援助'	13177
12634	(350, 378)	'是有'	13180
12635	(2388, 1055)	'短信'	13181
12636	(1104, 156)	'ाज'	13182
12637	(3035, 1137)	' од'	13184
12638	(724, 115)	'ubs'	13185
12639	(2717, 843)	'油价'	13186
12640	(3744, 293)	' equal'	13187
12641	(476, 152)	'拘'	13188
12642	(1501, 150)	'殖'	13189
12643	(1503, 117)	' flu'	13190
12644	(72, 267)	'Her'	13191
12645	(1779, 5019)	' cheese'	13192
12646	(275, 1566)	'itals'	13193
12647	(256, 2060)	' tied'	13194
12648	(469, 148)	' Д'	13195
12649	(1237, 1044)	'那种'	13196
12650	(1439, 657)	'拉开'	13197
12651	(2272, 5760)	' discovered'	13198
12652	(312, 287)	'lled'	13199
12653	(1268, 790)	'非法'	13200
12654	(624, 189)	'羽'	13201
12655	(1010, 1622)	'格局'	13202
12656	(936, 4443)	'izza'	13203
12657	(363, 170)	'伪'	13204
12658	(656, 148)	'達'	13205
12659	(391, 16414)	' Moore'	13206
12660	(2718, 272)	'专业的'	13207
12661	(256, 1007)	' tree'	13208
12662	(119, 7081)	'woman'	13209
12663	(16353, 431)	' stretch'	13210
12664	(271, 117)	'atu'	13211
12665	(4543, 7311)	'瓷砖'	13212
12666	(428, 2446)	'上轮'	13213
12667	(1482, 272)	'美国的'	13214
12668	(4329, 9182)	' originally'	13215
12669	(777, 1010)	'合格'	13216
12670	(1136, 57)	' 49'	13217
12671	(5400, 1190)	'命中率'	13218
12672	(7667, 115)	' playoffs'	13219
12673	(1295, 527)	' thoughts'	13220
12674	(5478, 745)	'潜力'	13222
12675	(16355, 4886)	' katika'	13223
12676	(2484, 188)	'翼'	13224
12677	(6390, 16446)	' afraid'	13225
12678	(1412, 1841)	'超越'	13226
12679	(2393, 1354)	'福彩'	13227
12680	(1274, 684)	'各自'	13228
12681	(1224, 771)	'认定'	13229
12682	(528, 519)	'ulate'	13230
12683	(277, 1938)	' batt'	13231
12684	(585, 583)	' liqu'	13232
12685	(3178, 1340)	'陆续'	13233
12686	(286, 16214)	' micro'	13234
12687	(2646, 352)	' cream'	13235
12688	(7216, 101)	' route'	13236
12689	(6229, 16425)	' Netflix'	13237
12690	(462, 1433)	'这项'	13238
12691	(272, 1064)	'的水'	13239
12692	(280, 168)	'亨'	13240
12693	(3733, 2600)	'秘密'	13242
12694	(1595, 135)	'娇'	13243
12695	(859, 115)	'vens'	13244
12696	(356, 489)	' Top'	13245
12697	(524, 137)	'厉'	13246
12698	(105, 258)	'iin'	13247
12699	(284, 954)	' pace'	13249
12700	(1274, 1808)	'各方面'	13250
12701	(866, 175)	'柯'	13251
12702	(2804, 519)	' estate'	13252
12703	(742, 283)	'ucing'	13253
12704	(890, 274)	' Stan'	13255
12705	(1186, 2356)	'调控'	13256
12706	(1833, 1004)	'某些'	13257
12707	(336, 1455)	'一件'	13258
12708	(876, 4179)	' somebody'	13259
12709	(1193, 164)	'唤'	13260
12710	(806, 145)	'苑'	13261
12711	(496, 478)	' Rem'	13262
12712	(1727, 660)	'创作'	13263
12713	(588, 8656)	' Earth'	13264
12714	(582, 116)	' alt'	13265
12715	(16524, 158)	'～'	13266
12716	(9566, 1949)	' Pacific'	13267
12717	(49, 991)	'1200'	13268
12718	(2566, 6171)	'破坏'	13269
12719	(1600, 6752)	'尼克斯'	13270
12720	(851, 906)	'心里'	13271
12721	(8572, 1975)	' streets'	13272
12722	(733, 745)	'全力'	13273
12723	(16055, 142)	'鼎'	13274
12724	(564, 1421)	'他表示'	13275
12725	(901, 839)	'نی'	13276
12726	(1102, 1897)	'无限'	13277
12727	(1964, 1861)	'权益'	13278
12728	(1804, 1060)	'失去'	13279
12729	(1161, 16210)	'回忆'	13280
12730	(284, 2747)	' pounds'	13281
12731	(1333, 3284)	'低迷'	13282
12732	(1823, 115)	' sets'	13283
12733	(8000, 115)	' tools'	13284
12734	(381, 3018)	" he'd"	13285
12735	(149, 1932)	b'\x95\xe1\x80\xba\xe1\x80'	13286
12736	(1296, 986)	'给你'	13287
12737	(641, 374)	' Old'	13288
12738	(357, 3513)	'在接受'	13289
12739	(4510, 3675)	' identify'	13290
12740	(2557, 807)	'第二次'	13291
12741	(3173, 115)	' tests'	13292
12742	(442, 418)	' kil'	13293
12743	(648, 131)	'肃'	13294
12744	(592, 16378)	' excellent'	13295
12745	(6315, 272)	'万像素的'	13296
12746	(2024, 2899)	' realized'	13297
12747	(1449, 3362)	' gotta'	13298
12748	(1533, 378)	'仅有'	13299
12749	(89, 8469)	'Yea'	13300
12750	(2689, 117)	' situ'	13301
12751	(258, 1155)	'inning'	13302
12752	(596, 271)	' chat'	13304
12753	(900, 104)	' enh'	13305
12754	(386, 1348)	'不胜'	13306
12755	(1685, 865)	' smell'	13307
12756	(1254, 1240)	' brings'	13308
12757	(1337, 633)	' crack'	13309
12758	(1228, 831)	'تر'	13310
12759	(559, 3483)	' proof'	13311
12760	(1263, 1877)	'取景'	13312
12761	(417, 835)	' Bry'	13313
12762	(316, 6748)	' golf'	13314
12763	(264, 522)	' sab'	13316
12764	(1007, 107)	'reek'	13317
12765	(359, 478)	' item'	13318
12766	(504, 3965)	' shape'	13319
12767	(580, 9099)	'ந்த'	13320
12768	(284, 1391)	' pump'	13321
12769	(1028, 108)	' shel'	13322
12770	(314, 352)	' nam'	13323
12771	(836, 1206)	'وي'	13324
12772	(1789, 48)	'180'	13325
12773	(75, 101)	'Ke'	13326
12774	(417, 111)	' Bo'	13327
12775	(3555, 526)	' steel'	13328
12776	(3132, 68)	' McD'	13329
12777	(510, 67)	' FC'	13330
12778	(3048, 1148)	'ьк'	13331
12779	(333, 5938)	' reaction'	13332
12780	(355, 1760)	' island'	13333
12781	(446, 267)	'ifer'	13334
12782	(8088, 2261)	' partnership'	13335
12783	(68, 1546)	'During'	13336
12784	(588, 16467)	' Energy'	13337
12785	(274, 285)	'anes'	13338
12786	(1061, 16210)	'记忆'	13339
12787	(1876, 1347)	'引导'	13340
12788	(1261, 3420)	'城镇'	13341
12789	(528, 959)	'ulated'	13342
12790	(256, 651)	' tap'	13343
12791	(1232, 3026)	'华丽'	13344
12792	(235, 182)	b'\xeb\xb6'	13345
12793	(9496, 519)	' corporate'	13346
12794	(98, 104)	'bh'	13348
12795	(2106, 5062)	'争夺'	13349
12796	(330, 285)	'otes'	13350
12797	(1025, 883)	'式基金'	13351
12798	(1755, 272)	'学生的'	13353
12799	(531, 1651)	' Life'	13354
12800	(4430, 115)	' roads'	13355
12801	(5719, 680)	'患者'	13356
12802	(115, 97)	'sa'	13357
12803	(2642, 850)	'ता'	13358
12804	(1008, 16418)	' Victor'	13359
12805	(108, 450)	'lol'	13360
12806	(3001, 287)	' faced'	13361
12807	(1450, 51)	'2013'	13362
12808	(1008, 267)	' Ver'	13363
12809	(378, 467)	'有时'	13365
12810	(302, 184)	'夸'	13366
12811	(824, 1035)	'重量'	13367
12812	(386, 1282)	'不变'	13368
12813	(277, 418)	' bil'	13369
12814	(428, 1186)	'上调'	13370
12815	(905, 1067)	'报考'	13371
12816	(2216, 279)	'otten'	13372
12817	(2343, 608)	' legend'	13373
12818	(16037, 132)	' හ'	13375
12819	(1002, 3187)	b'\xe0\xb1\x82\xe0\xb0'	13376
12820	(462, 550)	'这场'	13377
12821	(2153, 2532)	'喜剧'	13378
12822	(767, 912)	'天然'	13379
12823	(77, 288)	'Mar'	13380
12824	(6829, 16452)	' satisf'	13381
12825	(3977, 1758)	' improved'	13382
12826	(381, 108)	' hel'	13383
12827	(629, 151)	'ਗ'	13384
12828	(419, 378)	'国有'	13385
12829	(3691, 520)	'迎来'	13386
12830	(496, 526)	' Rel'	13387
12831	(114, 345)	'row'	13388
12832	(613, 383)	' Their'	13389
12833	(256, 288)	' tar'	13390
12834	(284, 1307)	' piss'	13391
12835	(272, 2540)	'的球队'	13392
12836	(2100, 97)	'ịa'	13393
12837	(465, 161)	'怡'	13394
12838	(32, 4772)	' 北京时间'	13395
12839	(1518, 1263)	'获取'	13396
12840	(531, 522)	' Lab'	13397
12841	(195, 177)	'ñ'	13398
12842	(3878, 1548)	' involving'	13399
12843	(3392, 3055)	'ની'	13400
12844	(16055, 187)	'鼻'	13401
12845	(463, 1238)	' Hold'	13402
12846	(316, 274)	' gan'	13403
12847	(618, 175)	'ữ'	13404
12848	(1645, 3688)	'深刻'	13405
12849	(3674, 8228)	' potentially'	13406
12850	(629, 159)	'ਟ'	13407
12851	(417, 633)	' Back'	13408
12852	(2751, 2751)	'........'	13409
12853	(3035, 2178)	' об'	13410
12854	(1219, 708)	'东部'	13411
12855	(82, 285)	'Res'	13412
12856	(386, 3630)	'不一样'	13413
12857	(9688, 397)	'发言人'	13414
12858	(1020, 160)	'አ'	13415
12859	(351, 153)	'乙'	13416
12860	(1162, 1110)	' actress'	13417
12861	(939, 1923)	' Yeah'	13418
12862	(2968, 3313)	'่อ'	13419
12863	(7259, 959)	' associated'	13420
12864	(316, 2063)	' gather'	13421
12865	(463, 526)	' Hel'	13422
12866	(275, 274)	'itan'	13423
12867	(1375, 162)	'ア'	13424
12868	(802, 149)	'さ'	13425
12869	(6329, 145)	'↑'	13426
12870	(467, 1404)	'时装'	13428
12871	(278, 1765)	' cert'	13429
12872	(2436, 283)	' passing'	13430
12873	(3344, 3344)	'ının'	13431
12874	(1207, 5571)	'接下来'	13432
12875	(416, 100)	' withd'	13433
12876	(83, 73)	'SI'	13434
12877	(2579, 55)	' 2007'	13435
12878	(1138, 427)	'周年'	13436
12879	(660, 492)	'作家'	13437
12880	(601, 2359)	'高层'	13438
12881	(278, 2140)	' cute'	13440
12882	(602, 3517)	'ида'	13441
12883	(1842, 529)	'排行'	13442
12884	(376, 118)	' Av'	13443
12885	(1013, 1013)	'уу'	13444
12886	(1212, 158)	'點'	13445
12887	(1094, 963)	'增持'	13446
12888	(291, 398)	' dur'	13447
12889	(2183, 133)	'傅'	13448
12890	(2931, 16471)	' Development'	13449
12891	(16331, 1190)	'分辨率'	13450
12892	(1215, 174)	'單'	13452
12893	(46, 65)	'.A'	13453
12894	(444, 109)	' atm'	13454
12895	(8772, 728)	' occurred'	13455
12896	(2074, 174)	'ામ'	13456
12897	(4511, 5794)	'涉嫌'	13457
12898	(376, 66)	' AB'	13458
12899	(1534, 1263)	'领取'	13459
12900	(542, 279)	' Gen'	13460
12901	(1884, 357)	'站在'	13461
12902	(1669, 50)	'1.2'	13463
12903	(2501, 287)	' supported'	13464
12904	(490, 352)	' Nam'	13465
12905	(436, 1714)	' Power'	13466
12906	(490, 69)	' NE'	13467
12907	(2271, 180)	'婴'	13468
12908	(312, 283)	'lling'	13469
12909	(2598, 16545)	' delivered'	13471
12910	(3599, 3097)	' alongside'	13472
12911	(4405, 527)	' counts'	13473
12912	(595, 1971)	'公众'	13474
12913	(908, 4884)	'斯坦'	13475
12914	(1066, 4204)	'海洋'	13476
12915	(2203, 16207)	' hopefully'	13477
12916	(536, 1682)	'osited'	13478
12917	(1578, 191)	'湿'	13479
12918	(1868, 2347)	'条例'	13480
12919	(53, 1442)	'550'	13481
12920	(3367, 790)	'执法'	13482
12921	(554, 1566)	' deals'	13483
12922	(505, 293)	'andal'	13485
12923	(45, 1644)	'-15'	13486
12924	(5934, 459)	'holders'	13487
12925	(359, 2306)	" it'll"	13488
12926	(863, 133)	'ቅ'	13489
12927	(1289, 837)	'少数'	13490
12928	(531, 742)	' Luc'	13491
12929	(336, 1344)	'一路'	13492
12930	(3135, 1606)	' values'	13493
12931	(510, 1047)	' Ford'	13494
12932	(615, 328)	' Jay'	13495
12933	(2262, 16386)	' lawmakers'	13497
12934	(1922, 184)	'िस'	13498
12935	(2364, 1001)	'依据'	13499
12936	(5895, 459)	' consumers'	13500
12937	(6245, 2378)	'Probably'	13501
12938	(32, 3233)	' ро'	13502
12939	(2380, 431)	' bitch'	13503
12940	(2530, 8351)	'细胞'	13504
12941	(107, 288)	'kar'	13506
12942	(546, 279)	' ven'	13507
12943	(236, 150)	b'\xec\x96'	13508
12944	(663, 2301)	'最早'	13509
12945	(1150, 350)	'二是'	13510
12946	(607, 773)	'新品'	13511
12947	(1951, 16497)	'.SUNDAY'	13512
12948	(7575, 576)	'诸多'	13513
12949	(400, 1220)	'大片'	13514
12950	(376, 104)	' Ah'	13515
12951	(3016, 7075)	' solutions'	13516
12952	(492, 390)	'家中'	13517
12953	(1150, 1179)	'二级'	13518
12954	(7583, 16209)	' introduced'	13519
12955	(354, 79)	' SO'	13520
12956	(7908, 308)	' Islamic'	13521
12957	(4565, 105)	' muri'	13522
12958	(1596, 390)	'空中'	13523
12959	(3329, 1369)	' moments'	13524
12960	(4692, 411)	' Enter'	13525
12961	(1804, 3071)	'失败'	13526
12962	(3772, 281)	'ennis'	13527
12963	(1356, 115)	' adds'	13528
12964	(590, 966)	'也没'	13529
12965	(8449, 441)	' immigration'	13530
12966	(702, 131)	' ك'	13531
12967	(1437, 460)	'四个'	13532
12968	(376, 1801)	' Ash'	13533
12969	(4888, 352)	' Team'	13534
12970	(282, 16259)	' festival'	13535
12971	(797, 4347)	' adults'	13536
12972	(2249, 287)	' pointed'	13537
12973	(259, 109)	'hem'	13538
12974	(103, 279)	'gen'	13539
12975	(417, 1252)	' Bull'	13540
12976	(873, 6306)	' quiet'	13541
12977	(9894, 275)	' spirit'	13542
12978	(464, 16465)	' Dallas'	13543
12979	(589, 171)	' फ'	13544
12980	(7903, 9486)	'驾驶'	13545
12981	(761, 16519)	'加索尔'	13546
12982	(427, 811)	'年内'	13547
12983	(510, 762)	' Food'	13548
12984	(2499, 145)	'碑'	13549
12985	(1656, 1323)	'火星'	13550
12986	(977, 8397)	' graph'	13551
12987	(264, 2486)	' syn'	13553
12988	(316, 293)	' gal'	13554
12989	(663, 2290)	'最初'	13555
12990	(397, 2673)	'人群'	13556
12991	(7535, 328)	'Okay'	13557
12992	(1423, 759)	'azine'	13558
12993	(381, 2306)	" he'll"	13559
12994	(848, 57)	' 39'	13560
12995	(551, 164)	'挤'	13561
12996	(2752, 5819)	'补偿'	13562
12997	(2102, 1120)	'财务'	13563
12998	(3803, 506)	'发布会'	13564
12999	(611, 6024)	' plastic'	13565
13000	(387, 173)	'扭'	13567
13001	(112, 111)	'po'	13568
13002	(3184, 3142)	'有关部门'	13569
13003	(1706, 836)	' مو'	13570
13004	(2115, 888)	'另一个'	13571
13005	(2903, 97)	'ía'	13572
13006	(2154, 810)	' Which'	13573
13007	(1137, 710)	'де'	13574
13008	(1125, 128)	'淀'	13575
13009	(1984, 51)	'2.3'	13576
13010	(463, 16375)	' Hollywood'	13577
13011	(3268, 115)	' holds'	13578
13012	(3429, 879)	' ал'	13579
13013	(1446, 272)	'经济的'	13580
13014	(119, 404)	'with'	13581
13015	(5438, 7241)	'自动对焦'	13582
13016	(1857, 115)	' leads'	13583
13017	(282, 6623)	' filled'	13584
13018	(789, 1105)	'体制'	13585
13019	(595, 1016)	'公交'	13586
13020	(391, 115)	' Ms'	13587
13021	(3185, 267)	' singer'	13588
13022	(300, 5987)	' innings'	13589
13023	(272, 3158)	'的消息'	13590
13024	(465, 168)	'怨'	13591
13025	(2933, 373)	' swim'	13592
13026	(1854, 111)	'iyo'	13593
13027	(1906, 1311)	'态势'	13594
13028	(256, 276)	' tor'	13595
13029	(3848, 287)	' checked'	13596
13030	(1136, 56)	' 48'	13597
13031	(677, 7567)	' leaves'	13598
13032	(2260, 1070)	'官网'	13599
13033	(1008, 274)	' Van'	13600
13034	(894, 272)	'明的'	13601
13035	(1579, 162)	'溢'	13602
13036	(2532, 666)	'剧本'	13603
13037	(484, 115)	'hers'	13604
13038	(4968, 519)	' celebrate'	13605
13039	(258, 1903)	'inson'	13606
13040	(312, 97)	'lla'	13607
13041	(386, 1613)	'不住'	13608
13042	(2594, 3188)	' nearby'	13609
13043	(1522, 1741)	'准确'	13610
13044	(546, 4286)	' virt'	13611
13045	(1487, 177)	'狱'	13612
13046	(1816, 411)	'porter'	13613
13047	(2015, 272)	'玩家的'	13614
13048	(3643, 115)	' cuts'	13615
13049	(1754, 695)	'见面'	13616
13050	(1311, 1269)	'势头'	13617
13051	(1239, 1108)	'克尔'	13618
13052	(2416, 2805)	'稳健'	13619
13053	(3504, 287)	' fucked'	13620
13054	(2333, 101)	' colle'	13621
13055	(286, 519)	' mate'	13622
13056	(97, 281)	'ais'	13623
13057	(1143, 396)	'打了'	13624
13058	(1795, 5370)	' drunk'	13625
13059	(1381, 2664)	'放松'	13626
13060	(6283, 2116)	'饮食'	13627
13061	(996, 184)	'裸'	13628
13062	(4018, 1904)	' employee'	13629
13063	(258, 334)	'inent'	13630
13064	(3472, 308)	' classic'	13632
13065	(486, 1603)	'出售'	13633
13066	(276, 293)	'oral'	13634
13067	(2779, 276)	' factor'	13635
13068	(667, 655)	'得主'	13636
13069	(1818, 16102)	' Although'	13637
13070	(5498, 3931)	' કર'	13638
13071	(105, 348)	'iad'	13639
13072	(4641, 836)	' خو'	13640
13073	(70, 5220)	'First'	13641
13074	(1236, 1548)	' serving'	13643
13075	(5317, 1603)	'零售'	13644
13076	(733, 427)	'全年'	13645
13077	(80, 85)	'PU'	13646
13078	(1588, 99)	'Inc'	13647
13079	(1744, 189)	'ጽ'	13648
13080	(68, 1864)	'Def'	13649
13081	(1293, 4173)	' everywhere'	13650
13082	(3096, 2481)	' walked'	13651
13083	(1002, 136)	'ై'	13652
13084	(272, 1396)	'的老'	13653
13085	(1227, 16521)	'奖学金'	13654
13086	(356, 293)	' Tal'	13655
13087	(2501, 283)	' supporting'	13656
13088	(1629, 187)	'腻'	13657
13089	(1931, 2403)	' entered'	13658
13090	(347, 2609)	' onye'	13659
13091	(2516, 815)	'这一点'	13661
13092	(328, 111)	'ayo'	13662
13093	(266, 3569)	' therap'	13663
13094	(9528, 287)	' determined'	13664
13095	(560, 104)	'akh'	13665
13096	(504, 446)	' shif'	13666
13097	(2044, 3215)	' وال'	13667
13098	(1520, 3066)	' remained'	13668
13099	(9843, 16522)	'.MONDAY'	13669
13100	(5585, 9889)	'에서'	13670
13101	(3963, 836)	' رو'	13671
13102	(1196, 1622)	'布局'	13672
13103	(502, 133)	'毅'	13673
13104	(417, 2268)	' Bern'	13674
13105	(2088, 4478)	' Army'	13675
13106	(391, 855)	' Mah'	13676
13107	(376, 3398)	' ABC'	13677
13108	(7781, 175)	'ைய'	13678
13109	(106, 111)	'jo'	13679
13110	(604, 101)	'ante'	13680
13111	(1816, 1068)	'porary'	13681
13112	(16420, 164)	'스'	13682
13113	(1403, 168)	'滨'	13683
13114	(291, 992)	' dance'	13684
13115	(782, 104)	'rah'	13685
13116	(16515, 113)	' Iraq'	13686
13117	(3576, 5792)	'平均赔率'	13687
13118	(1769, 1417)	'素质'	13688
13119	(897, 183)	'穷'	13689
13120	(720, 173)	'谭'	13690
13121	(504, 4201)	' shift'	13691
13122	(8223, 643)	' commitment'	13692
13123	(1294, 2232)	'证书'	13693
13124	(402, 101)	'ece'	13694
13125	(1134, 1518)	'收获'	13695
13126	(16338, 1490)	' exercise'	13696
13127	(3263, 767)	'夏天'	13697
13128	(1104, 175)	'ाय'	13698
13129	(509, 170)	'剪'	13699
13130	(1764, 131)	'窃'	13700
13131	(9674, 4079)	'IXUS'	13701
13132	(268, 16488)	' wedding'	13702
13133	(3429, 2219)	' ай'	13703
13134	(272, 5202)	'的故事'	13704
13135	(336, 3403)	'一系列'	13705
13136	(559, 98)	' prob'	13706
13137	(3724, 16042)	' apartment'	13707
13138	(863, 162)	'ቢ'	13708
13139	(9658, 16550)	'淘汰'	13709
13140	(118, 274)	'van'	13710
13141	(284, 2275)	' porn'	13711
13142	(887, 2750)	'第六'	13712
13143	(391, 816)	' Mue'	13713
13144	(16449, 849)	' ridiculous'	13714
13145	(1806, 568)	'助于'	13715
13146	(457, 178)	'纲'	13716
13147	(5230, 331)	' perfectly'	13717
13148	(1273, 2715)	'首席'	13718
13149	(1138, 1437)	'周四'	13719
13150	(333, 6796)	' renew'	13720
13151	(16154, 889)	' opposite'	13721
13152	(531, 612)	' Light'	13722
13153	(83, 8847)	'Sunny'	13723
13154	(656, 184)	'選'	13724
13155	(1740, 1080)	'博物'	13725
13156	(4404, 4241)	'豪宅'	13726
13157	(5288, 276)	' labor'	13727
13158	(1000, 1746)	'保留'	13728
13159	(1532, 1073)	'山西'	13729
13160	(1420, 1944)	' awful'	13730
13161	(4387, 746)	'-round'	13731
13162	(589, 150)	' ख'	13732
13163	(692, 175)	'侯'	13733
13164	(1642, 1163)	' defence'	13734
13165	(1790, 614)	'神经'	13735
13166	(5386, 428)	'程度上'	13736
13167	(336, 397)	'一人'	13737
13168	(2731, 139)	'蒋'	13738
13169	(3446, 2535)	' Community'	13739
13170	(3637, 365)	'-pro'	13740
13171	(377, 5059)	' Capt'	13741
13172	(1139, 53)	' 55'	13742
13173	(580, 175)	'ய'	13743
13174	(639, 271)	' meat'	13745
13175	(354, 6519)	' Santa'	13747
13176	(620, 272)	'方的'	13750
13177	(1453, 1079)	'omething'	13751
13178	(590, 989)	'也被'	13752
13179	(2448, 108)	' transl'	13753
13180	(105, 423)	'ius'	13754
13181	(9230, 173)	'국'	13755
13182	(595, 1861)	'公益'	13756
13183	(6134, 1483)	'携带'	13757
13184	(80, 76)	'PL'	13758
13185	(115, 473)	'sup'	13759
13186	(1436, 3572)	'马刺'	13760
13187	(376, 5329)	' Avenue'	13761
13188	(4107, 810)	'which'	13762
13189	(926, 1497)	' perman'	13763
13190	(383, 107)	'irk'	13764
13191	(2363, 1570)	'刚才'	13765
13192	(2570, 2227)	' films'	13766
13193	(66, 1771)	'Both'	13767
13194	(7874, 115)	' teachers'	13768
13195	(16557, 2028)	'爱尔兰'	13769
13196	(279, 367)	"en's"	13770
13197	(1611, 6461)	' indeed'	13772
13198	(16222, 16142)	' established'	13773
13199	(1683, 3487)	' writer'	13775
13200	(8868, 293)	' proposal'	13776
13201	(8316, 3520)	'描述'	13777
13202	(1055, 1262)	'信号'	13778
13203	(417, 117)	' Bu'	13779
13204	(108, 2375)	'lẹ'	13780
13205	(1095, 172)	'酬'	13781
13206	(1219, 1039)	'东北'	13782
13207	(6666, 1358)	'骑士'	13783
13208	(16257, 16105)	' Southern'	13784
13209	(546, 2370)	' vision'	13785
13210	(2117, 428)	'史上'	13786
13211	(467, 905)	'时报'	13787
13212	(3645, 108)	' Carl'	13788
13213	(538, 357)	'我在'	13789
13214	(1030, 259)	' ihe'	13790
13215	(3339, 180)	' ô'	13791
13216	(6944, 2236)	' Capital'	13792
13217	(1636, 283)	'encing'	13793
13218	(2052, 9912)	' 대'	13794
13219	(528, 1165)	'ulations'	13795
13220	(876, 6860)	' somehow'	13796
13221	(1140, 9874)	' recovery'	13797
13222	(615, 9216)	' Jesus'	13798
13223	(3221, 16496)	'婚姻'	13799
13224	(2365, 5668)	'夫妇'	13800
13225	(1221, 133)	' অ'	13802
13226	(545, 272)	'发的'	13803
13227	(377, 621)	' Call'	13804
13228	(3364, 1647)	' pattern'	13805
13229	(1842, 1956)	'排除'	13806
13230	(1767, 279)	'oken'	13807
13231	(3405, 1302)	' technical'	13808
13232	(833, 2789)	' client'	13809
13233	(16489, 9952)	' Chelsea'	13810
13234	(442, 370)	' kut'	13811
13235	(3257, 1591)	'礼包'	13812
13236	(108, 1093)	'lə'	13813
13237	(696, 526)	' wheel'	13814
13238	(3540, 272)	'最高的'	13815
13239	(39, 83)	"'S"	13816
13240	(1582, 170)	'リ'	13817
13241	(316, 4729)	' gender'	13818
13242	(122, 111)	'zo'	13819
13243	(16447, 105)	' Saudi'	13820
13244	(6845, 3259)	'单反相机'	13821
13245	(1046, 326)	' amid'	13822
13246	(433, 274)	'cean'	13824
13247	(4680, 16242)	'圣诞'	13825
13248	(504, 621)	' shall'	13826
13249	(1237, 906)	'那里'	13827
13250	(376, 70)	' AF'	13828
13251	(417, 1075)	' Bob'	13829
13252	(2123, 184)	'인'	13830
13253	(301, 678)	'asure'	13831
13254	(472, 1442)	' 150'	13832
13255	(1179, 1288)	'级别'	13833
13256	(391, 1406)	' Many'	13834
13257	(1256, 149)	'處'	13835
13258	(991, 49)	'2001'	13836
13259	(6626, 115)	' materials'	13837
13260	(1316, 4850)	'处罚'	13838
13261	(2176, 665)	'适用'	13839
13262	(561, 136)	'辈'	13840
13263	(1073, 1298)	'西南'	13841
13264	(256, 646)	' tie'	13842
13265	(336, 2877)	'一块'	13843
13266	(1984, 55)	'2.7'	13844
13267	(119, 752)	'wind'	13845
13268	(4875, 69)	'OME'	13846
13269	(284, 308)	' pic'	13847
13270	(828, 2267)	' armed'	13848
13271	(5238, 839)	'ھی'	13849
13272	(3560, 767)	'航天'	13850
13273	(504, 4286)	' shirt'	13851
13274	(6150, 2827)	' ከም'	13852
13275	(3231, 272)	'地区的'	13853
13276	(342, 140)	'斌'	13854
13277	(464, 16533)	' Detroit'	13855
13278	(1625, 1958)	'精致'	13856
13279	(2393, 830)	'福利'	13857
13280	(1333, 8107)	'低碳'	13858
13281	(4041, 276)	' honor'	13859
13282	(4249, 2512)	' exciting'	13860
13283	(632, 975)	' trick'	13861
13284	(16506, 1245)	' conflict'	13862
13285	(89, 473)	'Yup'	13863
13286	(856, 1408)	' complic'	13864
13287	(3460, 272)	'明显的'	13865
13288	(336, 8071)	'一段时间'	13866
13289	(1149, 938)	'该公司'	13867
13290	(2291, 1117)	'şı'	13868
13291	(3115, 367)	" What's"	13869
13292	(1229, 285)	' fees'	13870
13293	(1403, 139)	'滋'	13871
13294	(108, 1410)	'lock'	13872
13295	(3826, 121)	' analy'	13873
13296	(4776, 1944)	' wonderful'	13874
13297	(3016, 111)	' solo'	13875
13298	(144, 1932)	b'\x90\xe1\x80\xba\xe1\x80'	13876
13299	(83, 473)	'Sup'	13877
13300	(743, 114)	' Ur'	13878
13301	(5863, 3954)	'ීම'	13879
13302	(260, 178)	'串'	13880
13303	(1535, 1189)	'快门'	13881
13304	(4783, 875)	' package'	13882
13305	(672, 568)	'基于'	13883
13306	(104, 946)	'hire'	13884
13307	(6108, 676)	'-game'	13885
13308	(576, 397)	'多人'	13886
13309	(82, 526)	'Rel'	13887
13310	(16554, 801)	' anticip'	13888
13311	(83, 2747)	'Sounds'	13889
13312	(390, 1055)	'中信'	13890
13313	(588, 857)	' End'	13891
13314	(2564, 16512)	' referring'	13892
13315	(296, 185)	'叹'	13893
13316	(164, 4714)	b'\xa4\xe0\xaf\x8d\xe0\xae\xa4'	13894
13317	(5451, 9084)	' calcul'	13895
13318	(1500, 97)	'oota'	13896
13319	(518, 1035)	'能量'	13897
13320	(1000, 1176)	'保安'	13898
13321	(2808, 16439)	' newspaper'	13899
13322	(176, 430)	b'\xb0\xe1\x80'	13900
13323	(9455, 16175)	' Attorney'	13901
13324	(102, 258)	'fin'	13902
13325	(4035, 331)	' properly'	13903
13326	(1503, 345)	' flow'	13904
13327	(8170, 1708)	' Stephen'	13905
13328	(67, 497)	'Could'	13906
13329	(16179, 1180)	' doctors'	13907
13330	(428, 695)	'上面'	13908
13331	(1403, 158)	'滞'	13909
13332	(16444, 1788)	' Clinton'	13910
13333	(3314, 1806)	'救助'	13911
13334	(9671, 2847)	'披露'	13912
13335	(354, 4102)	' Source'	13913
13336	(2672, 287)	' elected'	13914
13337	(881, 400)	'两大'	13915
13338	(2107, 1404)	'套装'	13916
13339	(641, 75)	' OK'	13917
13340	(1834, 485)	' greatest'	13918
13341	(730, 2962)	'其余'	13919
13342	(1703, 155)	' ማ'	13920
13343	(119, 1849)	'wụ'	13921
13344	(1294, 1001)	'证据'	13922
13345	(531, 637)	' Live'	13923
13346	(533, 1758)	' saved'	13924
13347	(3936, 682)	' risks'	13925
13348	(1336, 1630)	'图案'	13926
13349	(824, 272)	'重的'	13927
13350	(1803, 825)	'男性'	13928
13351	(361, 116)	' fort'	13929
13352	(712, 271)	' Kat'	13930
13353	(78, 855)	'Nah'	13931
13354	(8616, 331)	' relatively'	13932
13355	(669, 137)	'炉'	13933
13356	(79, 382)	'Over'	13934
13357	(2931, 118)	' Dev'	13935
13358	(754, 169)	'ඩ'	13936
13359	(2106, 1643)	'争议'	13937
13360	(386, 830)	'不利'	13938
13361	(1803, 1478)	'男友'	13939
13362	(4721, 835)	' Harry'	13940
13363	(939, 16434)	' Young'	13941
13364	(16541, 16407)	b'\x95\xe1\x80\xab\xe1\x80\x90\xe1\x80\x9a\xe1\x80\xba'	13942
13365	(832, 170)	'聪'	13943
13366	(539, 3798)	'地區'	13944
13367	(4081, 1041)	'厂商'	13945
13368	(1147, 111)	'iano'	13946
13369	(2634, 1039)	'湖北'	13947
13370	(71, 79)	'GO'	13948
13371	(65, 75)	'AK'	13949
13372	(462, 521)	'这对'	13950
13373	(264, 431)	' sch'	13951
13374	(196, 145)	'đ'	13952
13375	(32, 1001)	' 据'	13953
13376	(1138, 872)	'周三'	13954
13377	(2015, 598)	'玩家们'	13955
13378	(815, 272)	'点的'	13956
13379	(1172, 1299)	'总结'	13957
13380	(531, 505)	' Land'	13958
13381	(490, 612)	' Night'	13959
13382	(16474, 7442)	' Ontario'	13960
13383	(2144, 1345)	' св'	13961
13384	(57, 424)	'900'	13962
13385	(417, 522)	' Bab'	13964
13386	(84, 67)	'TC'	13965
13387	(531, 117)	' Lu'	13966
13388	(511, 9213)	' severe'	13967
13389	(878, 138)	'ொ'	13968
13390	(32, 95)	' _'	13969
13391	(4019, 283)	' expecting'	13970
13392	(750, 164)	'坤'	13971
13393	(457, 186)	'纺'	13972
13394	(561, 163)	'辣'	13973
13395	(284, 109)	' pm'	13974
13396	(1641, 3953)	'乐趣'	13975
13397	(7018, 2028)	'荷兰'	13976
13398	(463, 279)	' Hen'	13977
13399	(334, 678)	'enture'	13978
13400	(16463, 16500)	' circumstances'	13979
13401	(493, 180)	'靴'	13980
13402	(46, 565)	'.The'	13981
13403	(3932, 334)	' violent'	13982
13404	(1172, 7503)	'总决赛'	13983
13405	(16104, 107)	' neck'	13984
13406	(428, 1363)	'上演'	13986
13407	(2106, 6600)	'争霸'	13987
13408	(1787, 2844)	'红木'	13988
13409	(45, 1789)	'-18'	13989
13410	(7402, 16468)	'Reporting'	13990
13411	(785, 115)	' yours'	13991
13412	(5157, 1227)	'兑奖'	13992
13413	(512, 111)	' como'	13993
13414	(1395, 334)	' invent'	13994
13415	(436, 328)	' Pay'	13995
13416	(891, 287)	'owned'	13996
13417	(3667, 115)	' balls'	13998
13418	(1125, 139)	'淋'	13999
13419	(775, 16535)	'实践'	14000
13420	(386, 1019)	'不起'	14001
13421	(873, 275)	' quit'	14002
13422	(1158, 919)	'ensions'	14003
13423	(879, 3204)	'ля'	14004
13424	(323, 173)	'भ'	14005
13425	(503, 3648)	'аж'	14006
13426	(740, 2439)	'资讯'	14007
13427	(1917, 390)	'比赛中'	14008
13428	(511, 97)	' sea'	14009
13429	(2887, 107)	' milk'	14010
13430	(16071, 2966)	' figured'	14011
13431	(821, 334)	' intent'	14012
13432	(3534, 1730)	'ही'	14013
13433	(1529, 137)	'棉'	14014
13434	(305, 1127)	' lọ'	14016
13435	(510, 1383)	' Fuck'	14017
13436	(1273, 726)	'首都'	14018
13437	(712, 334)	' Kent'	14019
13438	(2762, 5116)	'衣柜'	14020
13439	(68, 86)	'DV'	14021
13440	(595, 779)	'公平'	14022
13441	(1480, 7248)	' 사'	14023
13442	(16401, 1760)	' Scotland'	14024
13443	(4137, 906)	'哪里'	14026
13444	(608, 459)	'enders'	14027
13445	(1048, 130)	'ૂ'	14028
13446	(466, 46)	' 2.'	14029
13447	(1374, 751)	'她说'	14030
13448	(3735, 671)	' Series'	14031
13449	(1189, 1411)	'门口'	14032
13450	(983, 159)	'糟'	14033
13451	(2834, 1342)	' parent'	14034
13452	(9030, 271)	' defeat'	14035
13453	(1822, 115)	' owns'	14036
13454	(16220, 1287)	' pushed'	14037
13455	(586, 147)	'ሓ'	14038
13456	(2945, 3311)	'ාව'	14039
13457	(829, 3054)	'相似'	14040
13458	(631, 161)	'倡'	14041
13459	(470, 1485)	' Watch'	14042
13460	(490, 4395)	' NOT'	14043
13461	(2476, 1029)	' detail'	14044
13462	(709, 918)	'同事'	14045
13463	(1928, 2414)	' termin'	14046
13464	(1258, 152)	'摘'	14047
13465	(4595, 76)	'ILL'	14048
13466	(2938, 602)	'али'	14049
13467	(391, 383)	' Mir'	14050
13468	(373, 112)	'imp'	14051
13469	(284, 473)	' pup'	14052
13470	(5213, 283)	' closing'	14053
13471	(16498, 16546)	' marijuana'	14054
13472	(1458, 145)	' එ'	14055
13473	(1224, 1634)	'认购'	14056
13474	(54, 1266)	'6000'	14057
13475	(2223, 283)	' signing'	14058
13476	(2364, 3972)	'依靠'	14060
13477	(861, 1422)	'soft'	14061
13478	(1595, 131)	'娃'	14062
13479	(6365, 283)	' carrying'	14063
13480	(1458, 189)	' ල'	14064
13481	(683, 134)	'妆'	14065
13482	(2362, 129)	'าก'	14066
13483	(1296, 564)	'给他'	14067
13484	(3339, 172)	' ì'	14068
13485	(2454, 7521)	'兴奋'	14069
13486	(418, 1788)	'ilton'	14070
13487	(2106, 1263)	'争取'	14071
13488	(853, 540)	'当日'	14072
13489	(3108, 7923)	' maintain'	14073
13490	(1580, 137)	' щ'	14074
13491	(1935, 908)	'巴斯'	14075
13492	(390, 2745)	'中午'	14076
13493	(539, 1441)	'地王'	14077
13494	(16130, 332)	' Internet'	14078
13495	(900, 1086)	' enable'	14079
13496	(16097, 3408)	' surprising'	14080
13497	(1353, 171)	' ካ'	14081
13498	(5159, 1849)	' ahụ'	14082
13499	(1580, 134)	' ц'	14083
13500	(2046, 274)	'merican'	14084
13501	(1446, 6631)	'经济学家'	14085
13502	(761, 841)	'加工'	14086
13503	(290, 180)	'朴'	14087
13504	(1845, 272)	'今年的'	14088
13505	(9432, 2071)	' alternative'	14089
13506	(68, 73)	'DI'	14091
13507	(660, 1113)	'作战'	14092
13508	(276, 111)	'oro'	14093
13509	(4364, 279)	'idden'	14094
13510	(322, 581)	'ionally'	14095
13511	(1256, 185)	'虹'	14096
13512	(276, 411)	'orter'	14097
13513	(354, 85)	' SU'	14098
13514	(16236, 6164)	' incredibly'	14099
13515	(2093, 875)	' percentage'	14100
13516	(256, 5900)	' tiny'	14101
13517	(2108, 800)	'研究所'	14102
13518	(16568, 1074)	'苹果'	14103
13519	(2200, 1228)	' الت'	14105
13520	(256, 4652)	' tips'	14106
13521	(1443, 9447)	' downtown'	14107
13522	(3876, 2828)	'ัน'	14108
13523	(559, 4229)	' proced'	14109
13524	(588, 16036)	' Econom'	14110
13525	(2388, 1220)	'短片'	14111
13526	(288, 274)	'aran'	14113
13527	(1865, 1198)	'阿联'	14114
13528	(1461, 1884)	'车站'	14115
13529	(16507, 1490)	' franchise'	14116
13530	(1045, 178)	'莲'	14117
13531	(16070, 959)	' updated'	14118
13532	(16087, 285)	' votes'	14119
13533	(470, 5345)	' Walk'	14120
13534	(5194, 1358)	'勇士'	14121
13535	(464, 288)	' Dar'	14122
13536	(776, 1387)	'好像'	14123
13537	(2206, 2140)	'ribute'	14124
13538	(5073, 1275)	'舞台'	14125
13539	(2355, 1809)	'奥林'	14126
13540	(1153, 176)	'驰'	14127
13541	(980, 1553)	' Chair'	14128
13542	(510, 16517)	' Flynn'	14129
13543	(350, 1939)	'是非常'	14130
13544	(2476, 16579)	' determine'	14131
13545	(4298, 129)	'磁'	14132
13546	(715, 2309)	'之所以'	14133
13547	(16113, 2497)	' initially'	14134
13548	(3878, 324)	' involve'	14135
13549	(16072, 1975)	' targets'	14136
13550	(2200, 7834)	' الأ'	14137
13551	(8368, 4900)	'肌肉'	14138
13552	(1878, 48)	'160'	14139
13553	(1030, 10192)	' iPhone'	14140
13554	(16417, 16060)	'Awesome'	14141
13555	(566, 166)	'দ'	14142
13556	(1935, 7490)	'巴黎'	14143
13557	(1258, 138)	'摊'	14144
13558	(85, 1951)	'U.S'	14145
13559	(117, 111)	'uo'	14146
13560	(277, 5657)	' bowl'	14147
13561	(432, 191)	'匿'	14148
13562	(588, 114)	' Er'	14149
13563	(16442, 4014)	' scheme'	14150
13564	(1982, 4452)	' respective'	14151
13565	(969, 152)	'ዘ'	14152
13566	(546, 111)	' vo'	14153
13567	(2067, 1536)	' province'	14154
13568	(105, 3326)	'ipped'	14155
13569	(529, 1323)	'行星'	14156
13570	(5120, 1302)	' Medical'	14157
13571	(4742, 745)	'竞争力'	14158
13572	(966, 7775)	'没想到'	14159
13573	(4777, 581)	'Really'	14160
13574	(380, 157)	'孝'	14161
13575	(427, 3119)	'年以来'	14162
13576	(2107, 910)	'套房'	14163
13577	(3336, 373)	' optim'	14164
13578	(2198, 159)	'్ట'	14165
13579	(883, 2068)	'基金管理'	14166
13580	(518, 357)	'能在'	14167
13581	(2348, 3683)	' extended'	14168
13582	(629, 170)	'ਪ'	14169
13583	(1466, 132)	'悄'	14170
13584	(284, 678)	' pure'	14171
13585	(6157, 16390)	' bullshit'	14172
13586	(1600, 1108)	'尼尔'	14173
13587	(884, 168)	'馨'	14174
13588	(490, 2137)	' Never'	14175
13589	(1751, 9500)	' diagn'	14176
13590	(681, 1960)	'将成为'	14177
13591	(102, 626)	'fast'	14178
13592	(463, 630)	' Hard'	14179
13593	(291, 4393)	' divid'	14180
13594	(874, 1651)	' knife'	14181
13595	(2301, 937)	'早已'	14182
13596	(2057, 579)	'医学'	14183
13597	(3132, 71)	' McG'	14184
13598	(2193, 181)	' ት'	14185
13599	(317, 144)	'吐'	14186
13600	(1775, 2730)	'转换'	14187
13601	(695, 16495)	'面積'	14188
13602	(564, 741)	'他还'	14189
13603	(6287, 16394)	'Meanwhile'	14190
13604	(1491, 367)	" team's"	14191
13605	(2322, 152)	'ај'	14192
13606	(9130, 16534)	' diplom'	14193
13607	(4192, 367)	"iff's"	14194
13608	(1795, 2373)	' drama'	14195
13609	(2582, 272)	'关注的'	14196
13610	(16389, 604)	' warrant'	14197
13611	(8982, 910)	'厨房'	14198
13612	(4156, 4156)	'冰冰'	14199
13613	(16464, 331)	'onestly'	14200
13614	(5841, 7527)	'ட்ட'	14201
13615	(4351, 133)	'椅'	14202
13616	(668, 1086)	' unable'	14203
13617	(5374, 1922)	b' \xe0\xa4\xb5\xe0\xa4\xbf\xe0\xa4'	14204
13618	(2575, 331)	' publicly'	14206
13619	(272, 872)	'的三'	14207
13620	(1622, 780)	'局长'	14208
13621	(16470, 2370)	' Division'	14209
13622	(80, 267)	'Per'	14210
13623	(2657, 1070)	'新浪网'	14211
13624	(4775, 4749)	' volume'	14212
13625	(115, 285)	'ses'	14214
13626	(752, 267)	'inder'	14215
13627	(2043, 492)	'國家'	14216
13628	(436, 275)	' Pit'	14217
13629	(284, 258)	' pin'	14218
13630	(779, 902)	'平手'	14219
13631	(470, 72)	' WH'	14220
13632	(2147, 283)	' heading'	14221
13633	(541, 169)	'掩'	14222
13634	(9136, 9439)	' dedicated'	14223
13635	(4052, 39)	" ta'"	14224
13636	(16513, 798)	'瞬间'	14225
13637	(670, 180)	'轴'	14227
13638	(720, 177)	'谱'	14228
13639	(2121, 350)	'算是'	14229
13640	(2108, 2584)	'研究中心'	14230
13641	(2025, 149)	'慕'	14231
13642	(500, 411)	'ounter'	14232
13643	(2673, 789)	'群体'	14233
13644	(1363, 486)	'演出'	14234
13645	(16220, 1079)	' pushing'	14235
13646	(7107, 10029)	' sanctions'	14236
13647	(2662, 4289)	' prize'	14237
13648	(1143, 3840)	'打电话'	14238
13649	(761, 1366)	'加息'	14239
13650	(3009, 121)	'they'	14240
13651	(3062, 68)	'AND'	14241
13652	(1425, 134)	' ఆ'	14242
13653	(1031, 172)	'萬'	14243
13654	(1131, 400)	'强大'	14244
13655	(797, 4950)	' admit'	14245
13656	(7315, 287)	' conducted'	14246
13657	(732, 137)	'捉'	14247
13658	(354, 117)	' Su'	14248
13659	(114, 271)	'rat'	14249
13660	(1143, 486)	'打出'	14250
13661	(2305, 1165)	' locations'	14251
13662	(1135, 130)	'垂'	14253
13663	(3918, 992)	' distance'	14254
13664	(695, 1742)	'面试'	14255
13665	(3586, 149)	'ாக'	14256
13666	(579, 823)	'学位'	14257
13667	(542, 263)	' Gre'	14258
13668	(2197, 378)	'仍有'	14259
13669	(5953, 7522)	'编辑点评'	14260
13670	(683, 165)	'妥'	14261
13671	(1039, 706)	'北美'	14262
13672	(3400, 396)	'实现了'	14263
13673	(400, 745)	'大力'	14264
13674	(651, 450)	'apol'	14265
13675	(1465, 2540)	'支球队'	14266
13676	(1268, 2009)	'非洲'	14267
13677	(2279, 1041)	'券商'	14268
13678	(3750, 8933)	' industrial'	14269
13679	(400, 3332)	'大规模'	14270
13680	(45, 69)	'-E'	14271
13681	(1113, 1551)	'战术'	14272
13682	(52, 1266)	'4000'	14273
13683	(606, 170)	'પ'	14274
13684	(353, 320)	'acle'	14275
13685	(5360, 51)	'MP3'	14276
13686	(442, 275)	' kit'	14277
13687	(3988, 2768)	' messages'	14278
13688	(4233, 396)	'带来了'	14279
13689	(2216, 287)	'otted'	14281
13690	(8341, 2514)	' emotional'	14282
13691	(2783, 16582)	'青睐'	14283
13692	(821, 3683)	' intended'	14285
13693	(4896, 2809)	' ਦੀ'	14286
13694	(3124, 168)	'ిన'	14287
13695	(1746, 573)	'留下'	14288
13696	(9287, 1947)	' clothes'	14290
13697	(1329, 4391)	'显著'	14291
13698	(3125, 258)	' Justin'	14292
13699	(733, 1877)	'全景'	14293
13700	(1343, 357)	'他们在'	14294
13701	(911, 579)	'入学'	14295
13702	(1324, 2258)	' suprem'	14296
13703	(2362, 161)	'าม'	14297
13704	(32, 273)	' ou'	14298
13705	(495, 520)	'到来'	14300
13706	(1027, 6868)	' resolution'	14301
13707	(272, 706)	'的美'	14302
13708	(824, 3357)	'重仓'	14303
13709	(451, 161)	'屡'	14304
13710	(1465, 486)	'支出'	14305
13711	(196, 131)	'ă'	14306
13712	(978, 3497)	'意甲'	14307
13713	(521, 730)	'对其'	14308
13714	(9987, 161)	'簡'	14309
13715	(791, 1369)	' agents'	14310
13716	(7955, 326)	' rapid'	14311
13717	(4741, 272)	'领域的'	14312
13718	(434, 310)	' rom'	14313
13719	(2799, 99)	' Marc'	14314
13720	(8653, 1903)	' Wilson'	14315
13721	(8500, 267)	' Miller'	14316
13722	(486, 1363)	'出演'	14317
13723	(3528, 522)	' qab'	14318
13724	(1761, 147)	' ዓ'	14319
13725	(670, 132)	'轄'	14320
13726	(9112, 678)	' structure'	14321
13727	(16516, 397)	'凯尔特人'	14322
13728	(1138, 1150)	'周二'	14323
13729	(264, 383)	' sir'	14324
13730	(154, 1932)	b'\x9a\xe1\x80\xba\xe1\x80'	14325
13731	(1718, 5096)	'रू'	14326
13732	(32, 4115)	' ө'	14327
13733	(3708, 529)	'旅行'	14328
13734	(418, 275)	'ilit'	14330
13735	(1061, 667)	'记得'	14331
13736	(2725, 597)	'上海市'	14332
13737	(428, 1376)	'上盘'	14333
13738	(2025, 176)	'慰'	14334
13739	(10170, 1358)	'硕士'	14335
13740	(314, 2071)	' native'	14336
13741	(5190, 910)	'商品房'	14337
13742	(3625, 267)	' stronger'	14338
13743	(268, 332)	' wet'	14339
13744	(8929, 1100)	' upgrade'	14340
13745	(6102, 16514)	' ਨੂੰ'	14341
13746	(4510, 636)	' identity'	14342
13747	(299, 134)	'兆'	14343
13748	(67, 265)	'Con'	14344
13749	(7878, 767)	'聊天'	14345
13750	(2454, 553)	'兴业'	14346
13751	(1751, 1310)	' divers'	14347
13752	(2460, 121)	' sky'	14348
13753	(218, 129)	'ځ'	14349
13754	(933, 968)	'通道'	14350
13755	(470, 8070)	' Women'	14351
13756	(522, 5676)	'abilities'	14352
13757	(16380, 910)	'二手房'	14353
13758	(594, 116)	' butt'	14354
13759	(104, 423)	'hus'	14355
13760	(377, 72)	' CH'	14356
13761	(1018, 116)	' pret'	14357
13762	(16377, 258)	' Putin'	14358
13763	(79, 75)	'OK'	14359
13764	(514, 4275)	' congress'	14360
13765	(3333, 83)	'OSS'	14361
13766	(3459, 4699)	' approval'	14362
13767	(580, 16173)	'ம்'	14363
13768	(405, 166)	'實'	14364
13769	(2741, 288)	'Star'	14365
13770	(898, 9734)	'万有效像素'	14366
13771	(554, 3225)	' deploy'	14367
13772	(2893, 587)	'背后'	14368
13773	(346, 288)	' bear'	14369
13774	(2436, 322)	' passion'	14370
13775	(651, 459)	'apers'	14371
13776	(536, 1320)	'osition'	14372
13777	(3038, 1415)	'签约'	14373
13778	(2541, 975)	' Click'	14374
13779	(649, 1993)	'оз'	14375
13780	(3545, 1032)	'蓝色'	14376
13781	(3468, 1298)	'云南'	14377
13782	(1478, 776)	'友好'	14378
13783	(540, 2116)	'日食'	14379
13784	(3964, 122)	'uzz'	14380
13785	(1428, 53)	' 65'	14381
13786	(32, 4818)	' uma'	14382
13787	(314, 370)	' nut'	14383
13788	(4165, 331)	' largely'	14384
13789	(1368, 5901)	'再加上'	14385
13790	(6254, 16590)	' ਵਿੱਚ'	14387
13791	(1627, 152)	'記'	14388
13792	(5026, 166)	'ంద'	14389
13793	(1277, 1547)	'客服'	14390
13794	(10155, 16457)	' Zealand'	14391
13795	(278, 8782)	' cooper'	14392
13796	(461, 183)	'闷'	14393
13797	(524, 152)	'厘'	14394
13798	(2770, 1240)	' buildings'	14396
13799	(377, 1216)	' Count'	14397
13800	(728, 275)	'redit'	14398
13801	(274, 367)	"an's"	14399
13802	(101, 279)	'een'	14400
13803	(2612, 272)	'品牌的'	14401
13804	(2552, 2552)	'\xa0 \xa0 '	14402
13805	(504, 3786)	' shoes'	14403
13806	(9245, 889)	' favourite'	14404
13807	(329, 191)	'尿'	14405
13808	(864, 918)	'此事'	14406
13809	(1129, 16366)	' appropriate'	14407
13810	(235, 169)	b'\xeb\xa9'	14408
13811	(4416, 1284)	'ர்'	14409
13812	(281, 274)	'isan'	14410
13813	(615, 352)	' Jam'	14411
13814	(3414, 168)	'িন'	14412
13815	(10012, 1302)	' chemical'	14413
13816	(282, 6687)	' flying'	14414
13817	(4373, 16549)	'遗憾'	14415
13818	(2902, 7345)	' advanced'	14416
13819	(463, 121)	' Hy'	14417
13820	(4009, 144)	'結'	14418
13821	(5420, 419)	'帝国'	14419
13822	(265, 105)	'oni'	14420
13823	(4973, 1613)	'抓住'	14421
13824	(1458, 156)	' ග'	14422
13825	(9764, 1734)	'循环'	14423
13826	(98, 98)	'bb'	14424
13827	(3077, 952)	'审计'	14425
13828	(3138, 7371)	' Ministry'	14426
13829	(3809, 1277)	'顾客'	14427
13830	(97, 946)	'aire'	14428
13831	(1013, 1285)	'ум'	14429
13832	(1235, 16573)	' accompl'	14430
13833	(6624, 45)	' ga-'	14431
13834	(648, 157)	'肝'	14432
13835	(419, 1441)	'国王'	14433
13836	(2338, 841)	'职工'	14434
13837	(119, 105)	'wi'	14436
13838	(1412, 597)	'超市'	14437
13839	(573, 714)	'下期'	14438
13840	(7999, 835)	' angry'	14439
13841	(5660, 2545)	' typically'	14440
13842	(264, 2963)	' sought'	14441
13843	(3425, 4921)	'朝鲜'	14442
13844	(1325, 888)	'每一个'	14443
13845	(6188, 766)	' Keep'	14444
13846	(6970, 16431)	' perspective'	14445
13847	(1483, 1534)	'带领'	14446
13848	(776, 1478)	'好友'	14447
13849	(510, 548)	' Four'	14448
13850	(356, 478)	' Tem'	14449
13851	(305, 2533)	' loud'	14450
13852	(333, 258)	' rein'	14451
13853	(438, 178)	'敲'	14452
13854	(275, 1334)	'itory'	14453
13855	(1136, 50)	' 42'	14454
13856	(4844, 115)	' threats'	14455
13857	(327, 114)	' yr'	14456
13858	(3550, 137)	'醉'	14457
13859	(831, 2133)	'ران'	14458
13860	(4614, 836)	' ہو'	14459
13861	(1801, 946)	'shire'	14460
13862	(1537, 974)	'优化'	14461
13863	(3587, 378)	'含有'	14462
13864	(499, 895)	'umber'	14463
13865	(2810, 6399)	'牛仔'	14464
13866	(356, 548)	' Tour'	14465
13867	(1075, 961)	'obile'	14466
13868	(282, 526)	' fel'	14467
13869	(417, 301)	' Bas'	14468
13870	(779, 2416)	'平稳'	14469
13871	(291, 838)	' dial'	14470
13872	(576, 396)	'多了'	14471
13873	(264, 3130)	' sending'	14473
13874	(7416, 144)	'자'	14474
13875	(1802, 839)	' دی'	14475
13876	(16537, 4620)	' Colorado'	14476
13877	(118, 121)	'vy'	14477
13878	(5560, 6144)	' shopping'	14478
13879	(1489, 3495)	'传播'	14479
13880	(102, 946)	'fire'	14480
13881	(16092, 2118)	' connected'	14481
13882	(1073, 1176)	'西安'	14482
13883	(352, 117)	'amu'	14483
13884	(540, 714)	'日期'	14484
13885	(1286, 4062)	'风暴'	14485
13886	(9143, 5083)	' હત'	14486
13887	(911, 1613)	'入住'	14487
13888	(16428, 1007)	' disagree'	14488
13889	(2322, 133)	'ах'	14489
13890	(1362, 130)	'骂'	14490
13891	(2945, 3191)	'ාර'	14491
13892	(665, 520)	'用来'	14492
13893	(83, 1592)	'Spe'	14493
13894	(83, 1257)	'Ste'	14494
13895	(2633, 115)	' interests'	14495
13896	(4947, 2437)	'稱為'	14496
13897	(945, 495)	'提到'	14497
13898	(449, 184)	'陸'	14498
13899	(844, 1014)	'看着'	14499
13900	(3380, 7027)	' causing'	14500
13901	(16379, 441)	' inflation'	14501
13902	(1104, 136)	'ाई'	14502
13903	(557, 784)	'分子'	14503
13904	(513, 132)	'泄'	14504
13905	(2608, 4064)	'紧急'	14505
13906	(5064, 271)	' boat'	14506
13907	(1703, 147)	' ሓ'	14507
13908	(453, 2492)	'和其他'	14508
13909	(45, 1902)	'-14'	14509
13910	(3230, 16540)	' Education'	14510
13911	(741, 966)	'还没'	14511
13912	(1454, 494)	' Trust'	14512
13913	(305, 2738)	' lights'	14513
13914	(1397, 3683)	' attended'	14514
13915	(916, 906)	'特里'	14515
13916	(716, 396)	'进了'	14516
13917	(434, 446)	' rif'	14517
13918	(4437, 1180)	' visitors'	14518
13919	(434, 4611)	' rival'	14519
13920	(2742, 850)	'ला'	14520
13921	(2316, 1323)	'卫星'	14521
13922	(2168, 6216)	' instruct'	14523
13923	(370, 671)	'uties'	14524
13924	(1129, 115)	' apps'	14525
13925	(1518, 1227)	'获奖'	14526
13926	(1855, 3809)	'照顾'	14527
13927	(464, 724)	' Dub'	14528
13928	(1150, 3423)	'二季度'	14529
13929	(4392, 5211)	b'\xe1\x80\xad\xe1\x80\xaf\xe1\x80\x84\xe1\x80\xba\xe1\x80'	14530
13930	(3316, 1080)	'药物'	14531
13931	(689, 386)	'而不'	14532
13932	(786, 1452)	'外界'	14533
13933	(1363, 16577)	'演绎'	14534
13934	(110, 352)	'nam'	14535
13935	(51, 1442)	'350'	14536
13936	(797, 1290)	' adult'	14537
13937	(417, 1015)	' Bang'	14538
13938	(2878, 495)	'谈到'	14539
13939	(496, 612)	' Right'	14540
13940	(1779, 321)	' chest'	14541
13941	(1149, 1091)	'该股'	14542
13942	(421, 2157)	' wealth'	14543
13943	(1464, 10157)	'节奏'	14544
13944	(316, 7699)	' gaming'	14545
13945	(1117, 108)	'ıl'	14546
13946	(389, 165)	'弥'	14547
13947	(1260, 909)	'专区'	14548
13948	(3608, 155)	'েছ'	14549
13949	(7106, 1025)	'仪式'	14550
13950	(77, 1406)	'Many'	14551
13951	(511, 2490)	' seats'	14552
13952	(277, 330)	' bot'	14553
13953	(1011, 151)	' ਗ'	14554
13954	(5273, 1280)	'缓解'	14555
13955	(6731, 10312)	' Madrid'	14556
13956	(321, 288)	'star'	14557
13957	(1205, 115)	' goods'	14558
13958	(2800, 2374)	' artists'	14559
13959	(499, 258)	'umin'	14560
13960	(4405, 1516)	' counsel'	14561
13961	(434, 3965)	' rape'	14562
13962	(16539, 3218)	' journey'	14563
13963	(462, 1607)	'这类'	14564
13964	(336, 1303)	'一线'	14565
13965	(3211, 274)	' Plan'	14566
13966	(513, 179)	'泳'	14567
13967	(2052, 130)	b' \xeb\x82'	14568
13968	(405, 168)	'寨'	14569
13969	(2190, 272)	'生活的'	14570
13970	(1795, 352)	' dram'	14571
13971	(1102, 8768)	'无奈'	14572
13972	(3617, 72)	'ASH'	14573
13973	(297, 621)	' hall'	14574
13974	(377, 271)	' Cat'	14575
13975	(9241, 2243)	' declared'	14576
13976	(436, 633)	' Pack'	14577
13977	(2343, 115)	' legs'	14578
13978	(341, 168)	'旨'	14579
13979	(393, 148)	'衔'	14580
13980	(2977, 396)	'发生了'	14581
13981	(2531, 4678)	'病毒'	14582
13982	(1436, 5150)	'马丁'	14583
13983	(913, 175)	'芯'	14584
13984	(2433, 914)	' interact'	14585
13985	(6648, 824)	'尊重'	14586
13986	(924, 2167)	'1080'	14587
13987	(434, 330)	' rot'	14588
13988	(651, 411)	'apter'	14589
13989	(531, 2214)	' Little'	14590
13990	(377, 9280)	' CNN'	14591
13991	(343, 117)	' eu'	14592
13992	(655, 1964)	'主权'	14593
13993	(3636, 163)	'鸣'	14594
13994	(1612, 912)	'居然'	14595
13995	(320, 527)	'lets'	14596
13996	(1353, 162)	' ኢ'	14597
13997	(871, 601)	'更高'	14598
13998	(6373, 16571)	'泡沫'	14599
13999	(1308, 4149)	'光圈'	14600
14000	(2092, 16445)	' currency'	14601
14001	(282, 111)	' fo'	14602
14002	(586, 134)	'ሆ'	14603
14003	(506, 987)	'会员'	14604
14004	(2726, 1039)	'河北'	14605
14005	(2344, 272)	'使用的'	14606
14006	(715, 1344)	'之路'	14607
14007	(450, 288)	'olar'	14608
14008	(668, 322)	' union'	14609
14009	(827, 4438)	'很容易'	14610
14010	(744, 841)	'理工'	14611
14011	(531, 285)	' Les'	14612
14012	(9494, 287)	' ranked'	14613
14013	(1618, 1796)	' strange'	14614
14014	(286, 16543)	' một'	14616
14015	(410, 136)	'冈'	14617
14016	(8562, 968)	'轨道'	14618
14017	(8963, 293)	' Royal'	14619
14018	(301, 1947)	'ashes'	14620
14019	(65, 66)	'AB'	14621
14020	(49, 654)	'101'	14622
14021	(2892, 5632)	'okemon'	14623
14022	(3050, 7225)	'ுக்க'	14624
14023	(542, 1737)	' Games'	14625
14024	(442, 375)	' kun'	14626
14025	(257, 326)	' aid'	14627
14026	(377, 998)	' Cav'	14628
14027	(2948, 6582)	'ymru'	14629
14028	(9361, 425)	'About'	14630
14029	(2288, 2998)	' century'	14631
14030	(1355, 131)	'勃'	14632
14031	(45, 1987)	'-13'	14633
14032	(121, 630)	'yard'	14635
14033	(1055, 1249)	'信任'	14636
14034	(70, 70)	'FF'	14638
14035	(356, 8949)	' Today'	14639
14036	(16064, 971)	' suppose'	14640
14037	(1589, 839)	'سی'	14641
14038	(458, 103)	'agg'	14642
14039	(32, 2100)	' ị'	14643
14040	(67, 1447)	'Cont'	14644
14041	(2382, 2382)	'远远'	14645
14042	(16597, 16598)	'洛杉矶'	14646
14043	(1779, 4480)	' cheaper'	14647
14044	(77, 83)	'MS'	14648
14045	(490, 308)	' Nic'	14649
14046	(413, 163)	'連'	14650
14047	(837, 579)	'数学'	14651
14048	(542, 288)	' Gar'	14652
14049	(1015, 97)	'anga'	14653
14050	(1695, 1836)	'决策'	14654
14051	(858, 152)	'飘'	14655
14052	(467, 699)	'时机'	14656
14053	(32, 961)	' ile'	14657
14054	(3657, 397)	'私人'	14658
14055	(1669, 52)	'1.4'	14659
14056	(2507, 6759)	' midnight'	14660
14057	(277, 1414)	' bother'	14661
14058	(749, 751)	'小说'	14662
14059	(16520, 3741)	' ceremony'	14664
14060	(336, 16225)	'一等奖'	14665
14061	(434, 1029)	' rail'	14666
14062	(16163, 7258)	' necessarily'	14667
14063	(1744, 163)	'ጣ'	14668
14064	(855, 274)	'ahan'	14669
14065	(2741, 603)	'Start'	14670
14066	(1325, 1091)	'每股'	14671
14067	(5071, 272)	'大量的'	14672
14068	(531, 111)	' Lo'	14673
14069	(1337, 1856)	' crimes'	14674
14070	(16402, 5067)	'する'	14675
14071	(769, 602)	'ти'	14676
14072	(1143, 2566)	'打破'	14677
14073	(749, 3030)	'小编'	14678
14074	(356, 1477)	' Turn'	14679
14075	(469, 152)	' И'	14680
14076	(431, 105)	'chi'	14681
14077	(2471, 961)	' missile'	14682
14078	(9623, 519)	' accurate'	14683
14079	(3058, 9954)	'雷霆'	14684
14080	(236, 155)	b'\xec\x9b'	14685
14081	(1984, 56)	'2.8'	14686
14082	(727, 1563)	'球半'	14687
14083	(1224, 1294)	'认证'	14688
14084	(365, 348)	'road'	14689
14085	(9158, 3899)	'液晶屏'	14690
14086	(8214, 699)	'摄像机'	14691
14087	(894, 1945)	'明白'	14692
14088	(781, 161)	'無'	14693
14089	(657, 3672)	'开幕'	14694
14090	(640, 386)	'就不'	14695
14091	(2586, 982)	' airport'	14696
14092	(651, 287)	'aped'	14697
14093	(16561, 16216)	' approximately'	14698
14094	(377, 626)	' Cast'	14699
14095	(2085, 3047)	'其中主场'	14700
14096	(230, 170)	b'\xe6\xaa'	14701
14097	(1555, 16276)	'气氛'	14702
14098	(4936, 7036)	'荣誉'	14703
14099	(384, 184)	'凸'	14704
14100	(417, 621)	' Ball'	14705
14101	(681, 2839)	'将继续'	14706
14102	(1406, 101)	'anye'	14707
14103	(473, 115)	'ups'	14708
14104	(896, 129)	'袁'	14709
14105	(377, 6739)	' CBS'	14710
14106	(67, 68)	'CD'	14711
14107	(264, 6049)	' soul'	14712
14108	(495, 1164)	'到达'	14713
14109	(2480, 3088)	'古典'	14714
14110	(498, 139)	'埋'	14715
14111	(1119, 287)	'pted'	14716
14112	(3767, 1198)	'曼联'	14717
14113	(444, 105)	' ati'	14718
14114	(1596, 1555)	'空气'	14719
14115	(2183, 178)	'傲'	14720
14116	(1565, 5269)	' monitor'	14721
14117	(329, 142)	'導'	14722
14118	(87, 276)	'Wor'	14723
14119	(9837, 532)	' sustain'	14724
14120	(3555, 352)	' steam'	14725
14121	(749, 579)	'小学'	14726
14122	(16206, 1546)	' manufacturing'	14727
14123	(66, 332)	'Bet'	14728
14124	(5120, 738)	' Media'	14729
14125	(504, 676)	' shame'	14730
14126	(8455, 287)	' contributed'	14731
14127	(5902, 6615)	' touchdown'	14732
14128	(2831, 1067)	'思考'	14733
14129	(510, 288)	' Far'	14734
14130	(5555, 532)	' captain'	14735
14131	(7437, 16553)	' Brexit'	14736
14132	(2564, 4126)	' refuge'	14737
14133	(233, 140)	b'\xe9\x8c'	14738
14134	(394, 134)	'盆'	14739
14135	(1418, 1025)	'款式'	14740
14136	(1337, 651)	' crap'	14741
14137	(747, 1819)	'ран'	14742
14138	(1146, 143)	' એ'	14743
14139	(1569, 2110)	'的一部分'	14744
14140	(799, 135)	'雇'	14745
14141	(376, 83)	' AS'	14746
14142	(2421, 272)	'政策的'	14747
14143	(784, 1088)	'子女'	14748
14144	(105, 45)	'i-'	14749
14145	(587, 680)	'后者'	14750
14146	(16095, 1142)	'询问'	14751
14147	(305, 5541)	' lady'	14752
14148	(3246, 1540)	' investigating'	14753
14149	(4577, 2225)	'ని'	14754
14150	(615, 279)	' Jen'	14755
14151	(32, 2240)	' uk'	14756
14152	(901, 627)	'نا'	14757
14153	(777, 790)	'合法'	14758
14154	(5319, 934)	' square'	14759
14155	(2752, 4432)	'补贴'	14760
14156	(97, 101)	'ae'	14761
14157	(1410, 332)	'ocket'	14762
14158	(291, 288)	' dar'	14763
14159	(4198, 101)	' mae'	14764
14160	(16026, 331)	'viously'	14765
14161	(1020, 145)	'ኑ'	14766
14162	(308, 275)	'icit'	14767
14163	(282, 4740)	' fault'	14768
14164	(2224, 7080)	'百姓'	14769
14165	(1119, 265)	'pton'	14770
14166	(641, 560)	' Oak'	14771
14167	(4247, 357)	'坐在'	14772
14168	(998, 326)	'avid'	14773
14169	(16404, 331)	' barely'	14774
14170	(7154, 1068)	' secretary'	14775
14171	(3886, 495)	'遭到'	14776
14172	(2075, 357)	'曾在'	14777
14173	(542, 2722)	' Girl'	14778
14174	(3470, 3887)	' Conference'	14779
14175	(2631, 5931)	' possession'	14780
14176	(3148, 433)	' Force'	14781
14177	(290, 181)	'朵'	14782
14178	(471, 182)	'ึ'	14783
14179	(5371, 16501)	'Exactly'	14784
14180	(2386, 3480)	' бил'	14785
14181	(2870, 1227)	'巨奖'	14786
14182	(953, 172)	'爬'	14787
14183	(413, 162)	'逢'	14789
14184	(3367, 1347)	'执导'	14790
14185	(16455, 283)	' annoying'	14791
14186	(10314, 5717)	'੍ਹ'	14792
14187	(539, 843)	'地价'	14793
14188	(3856, 1882)	'处理器'	14794
14189	(1608, 420)	'均为'	14795
14190	(8261, 1222)	' Irish'	14796
14191	(3010, 602)	'ати'	14797
14192	(553, 272)	'业的'	14798
14193	(6947, 1945)	'蛋白'	14799
14194	(1962, 272)	'设计的'	14800
14195	(1152, 2252)	'选举'	14802
14196	(16538, 3068)	' Patriots'	14803
14197	(661, 110)	' cann'	14804
14198	(297, 16395)	' hockey'	14805
14199	(579, 506)	'学会'	14806
14200	(9875, 1980)	'Pretty'	14807
14201	(4516, 116)	' paint'	14808
14202	(1972, 115)	' puts'	14809
14203	(78, 71)	'NG'	14810
14204	(2035, 3110)	'委托'	14811
14205	(1503, 111)	' flo'	14812
14206	(1140, 4223)	' recover'	14813
14207	(1352, 7649)	'消耗'	14814
14208	(375, 115)	'uns'	14815
14209	(1262, 1303)	'号线'	14816
14210	(6511, 45)	' anti-'	14817
14211	(614, 2685)	'经纪'	14818
14212	(672, 1522)	'基准'	14819
14213	(1296, 538)	'给我'	14820
14214	(2930, 4791)	'血液'	14821
14215	(5282, 637)	' creative'	14822
14216	(996, 189)	'製'	14823
14217	(9309, 1105)	'抑制'	14824
14218	(277, 345)	' bow'	14825
14219	(2052, 182)	b' \xeb\xb6'	14826
14220	(1108, 3805)	'尔顿'	14827
14221	(287, 283)	'eding'	14828
14222	(1304, 1740)	'世博'	14829
14223	(7406, 2548)	' criticism'	14830
14224	(5375, 6050)	'ੋਂ'	14831
14225	(4300, 5048)	' replaced'	14832
14226	(1907, 16485)	' returning'	14833
14227	(551, 171)	'挫'	14834
14228	(385, 762)	' stood'	14835
14229	(318, 16509)	' IGN'	14836
14230	(6936, 771)	'鉴定'	14837
14231	(321, 690)	'stone'	14838
14232	(1262, 1889)	'号楼'	14839
14233	(749, 851)	'小心'	14840
14234	(386, 721)	'不动'	14841
14235	(16493, 4100)	'辽宁'	14842
14236	(583, 383)	'quir'	14843
14237	(4890, 287)	' Swed'	14844
14238	(1313, 790)	'立法'	14845
14239	(791, 16487)	' aggressive'	14846
14240	(3295, 1134)	'吸收'	14847
14241	(1554, 6201)	' deserve'	14848
14242	(400, 8937)	'大厦'	14849
14243	(496, 328)	' Ray'	14850
14244	(6426, 379)	' horse'	14851
14245	(4702, 3260)	' अस'	14852
14246	(72, 475)	'High'	14853
14247	(1073, 620)	'西方'	14854
14248	(499, 110)	'umn'	14855
14249	(6636, 1463)	'理财产品'	14856
14250	(1803, 1088)	'男女'	14857
14251	(1494, 287)	'lied'	14859
14252	(789, 1354)	'体彩'	14860
14253	(929, 1270)	'لم'	14861
14254	(1186, 1464)	'调节'	14862
14255	(539, 428)	'地上'	14863
14256	(83, 109)	'Sm'	14864
14257	(490, 16264)	' Northern'	14865
14258	(276, 1086)	'orable'	14866
14259	(3745, 467)	'届时'	14867
14260	(4736, 1415)	'违约'	14868
14261	(2502, 4733)	' depends'	14869
14262	(561, 169)	'辩'	14870
14263	(4310, 157)	'膝'	14871
14264	(2783, 3104)	'青春'	14872
14265	(769, 3048)	'ть'	14873
14266	(790, 1711)	'法语'	14874
14267	(268, 759)	' wine'	14875
14268	(2502, 608)	' depend'	14876
14269	(16222, 5199)	' establish'	14877
14270	(1757, 170)	'噪'	14878
14271	(16584, 3805)	'华盛顿'	14879
14272	(647, 169)	'罩'	14880
14273	(514, 9641)	' consequ'	14881
14274	(4332, 816)	' argue'	14882
14275	(77, 99)	'Mc'	14883
14276	(1931, 114)	' entr'	14885
14277	(921, 1713)	' usual'	14886
14278	(16580, 1251)	' hilarious'	14887
14279	(1810, 590)	'同时也'	14888
14280	(303, 3299)	' threw'	14889
14281	(1104, 151)	'ाग'	14890
14282	(824, 999)	'重建'	14891
14283	(451, 165)	'履'	14892
14284	(16065, 258)	' Austin'	14893
14285	(716, 1364)	'进程'	14894
14286	(6800, 485)	' Palest'	14895
14287	(108, 617)	'list'	14896
14288	(464, 79)	' DO'	14897
14289	(2282, 775)	'切实'	14898
14290	(1027, 1098)	' resign'	14899
14291	(3703, 331)	' shortly'	14900
14292	(258, 267)	'iner'	14901
14293	(3585, 16102)	'Although'	14902
14294	(6288, 287)	' accepted'	14903
14295	(995, 1592)	'type'	14904
14296	(1040, 894)	'文明'	14905
14297	(3221, 3257)	'婚礼'	14906
14298	(1087, 433)	'merce'	14907
14299	(6113, 459)	' orders'	14908
14300	(1905, 1399)	'营造'	14909
14301	(2870, 1269)	'巨头'	14910
14302	(1058, 10350)	' screens'	14911
14303	(8111, 16566)	'.TUESDAY'	14912
14304	(3954, 1952)	'ම්'	14913
14305	(880, 158)	'霞'	14914
14306	(3147, 367)	" city's"	14915
14307	(16276, 2475)	'氛围'	14916
14308	(1019, 495)	'起到'	14917
14309	(931, 534)	'民生'	14918
14310	(6517, 2039)	' requirements'	14919
14311	(2958, 1240)	' meetings'	14920
14312	(6500, 2371)	' regardless'	14922
14313	(693, 320)	' sole'	14923
14314	(5596, 1952)	'ස්'	14924
14315	(337, 152)	'绘'	14925
14316	(4879, 3295)	'呼吸'	14926
14317	(3533, 486)	'输出'	14927
14318	(326, 279)	'iden'	14928
14319	(348, 345)	'adow'	14929
14320	(2165, 396)	'选择了'	14930
14321	(314, 16264)	' northern'	14931
14322	(16032, 5178)	' experiences'	14932
14323	(2980, 3369)	' सम'	14933
14324	(1005, 5864)	'achadh'	14934
14325	(5161, 16606)	'恐怖'	14935
14326	(3123, 379)	'iverse'	14936
14327	(2924, 332)	' planet'	14937
14328	(611, 2174)	' plants'	14938
14329	(1067, 2126)	'考验'	14939
14330	(2922, 1322)	'عد'	14940
14331	(844, 486)	'看出'	14941
14332	(583, 485)	'quest'	14942
14333	(342, 145)	'斑'	14943
14334	(1179, 272)	'级的'	14944
14335	(386, 6857)	'不敢'	14945
14336	(422, 164)	'贤'	14946
14337	(2422, 111)	' auto'	14947
14338	(1121, 5480)	' این'	14948
14339	(1562, 111)	'argo'	14949
14340	(1254, 5039)	' bridge'	14950
14341	(9442, 101)	' ṣe'	14951
14342	(2197, 357)	'仍在'	14952
14343	(356, 267)	' Ter'	14953
14344	(2532, 1327)	'剧组'	14954
14345	(3614, 545)	'沙发'	14955
14346	(789, 824)	'体重'	14956
14347	(1931, 835)	' entry'	14957
14348	(961, 121)	'iley'	14958
14349	(2484, 129)	'翁'	14959
14350	(78, 2137)	'Never'	14960
14351	(1134, 1584)	'收集'	14961
14352	(108, 2738)	'lights'	14962
14353	(6910, 287)	' attempted'	14963
14354	(1586, 396)	'走了'	14964
14355	(965, 101)	' theme'	14965
14356	(131, 129)	b'\x83\x81'	14966
14357	(2135, 350)	'却是'	14967
14358	(1272, 146)	'荒'	14968
14359	(398, 1680)	'urities'	14969
14360	(3038, 6256)	'签署'	14971
14361	(2108, 534)	'研究生'	14972
14362	(2859, 5677)	'吃饭'	14973
14363	(667, 902)	'得手'	14974
14364	(798, 272)	'间的'	14975
14365	(2035, 6916)	'委員'	14976
14366	(647, 149)	'罕'	14977
14367	(9722, 4651)	'った'	14978
14368	(7076, 8029)	' ప్ర'	14979
14369	(45, 2134)	'-17'	14980
14370	(111, 279)	'oen'	14981
14371	(417, 6314)	' Brian'	14982
14372	(454, 183)	'歷'	14983
14373	(827, 1431)	'很可能'	14984
14374	(2579, 54)	' 2006'	14985
14375	(531, 373)	' Lim'	14986
14376	(85, 112)	'Up'	14987
14377	(2168, 114)	' instr'	14988
14378	(2386, 1013)	' бу'	14989
14379	(349, 148)	'協'	14990
14380	(256, 671)	' ties'	14991
14381	(1337, 742)	' cruc'	14992
14382	(5025, 272)	'厚的'	14993
14383	(635, 322)	'ortion'	14994
14384	(6532, 4336)	' broadcast'	14995
14385	(7632, 3218)	' Disney'	14996
14386	(3135, 326)	' valid'	14997
14387	(16132, 919)	' opinions'	14998
14388	(4636, 1080)	'怪物'	14999
14389	(32, 1445)	' 张'	15000
14390	(335, 138)	'囊'	15001
14391	(72, 97)	'Ha'	15002
14392	(463, 4234)	' Hope'	15003
14393	(2318, 859)	' driven'	15004
14394	(1043, 3041)	' didnt'	15005
14395	(10145, 2828)	'็น'	15006
14396	(386, 2949)	'不停'	15007
14397	(544, 6463)	' fraud'	15008
14398	(3077, 744)	'审理'	15009
14399	(1138, 390)	'周中'	15010
14400	(291, 2096)	' dha'	15011
14401	(1228, 839)	'تی'	15012
14402	(272, 3288)	'的风险'	15013
14403	(1221, 175)	' য'	15014
14404	(3586, 169)	'ான'	15015
14405	(1207, 1014)	'接着'	15016
14406	(983, 138)	'糊'	15017
14407	(2613, 1147)	' Asian'	15018
14408	(16088, 473)	' occup'	15020
14409	(354, 5906)	' Sky'	15021
14410	(5975, 3635)	'债务危机'	15022
14411	(4917, 16391)	' आहे'	15023
14412	(1148, 769)	'кт'	15024
14413	(2650, 836)	' تو'	15025
14414	(298, 176)	'仰'	15026
14415	(400, 1233)	'大使'	15027
14416	(54, 46)	'6.'	15028
14417	(7625, 671)	' bodies'	15029
14418	(98, 458)	'bag'	15030
14419	(668, 2513)	' univers'	15031
14420	(3525, 16529)	'互联网'	15032
14421	(990, 173)	'铭'	15033
14422	(2031, 107)	'ük'	15034
14423	(7179, 287)	' mixed'	15035
14424	(9206, 875)	' village'	15036
14425	(16194, 10344)	' degrees'	15037
14426	(2907, 16209)	' reduced'	15038
14427	(1077, 1077)	'常常'	15039
14428	(557, 16503)	'分歧'	15040
14429	(283, 331)	'ingly'	15041
14430	(8797, 272)	'独特的'	15042
14431	(1489, 751)	'传说'	15043
14432	(2967, 42)	'***'	15044
14433	(305, 9786)	' loves'	15045
14434	(1388, 2195)	' throwing'	15046
14435	(879, 710)	'ле'	15047
14436	(5612, 4629)	'ෙන්'	15048
14437	(5947, 1622)	'公安局'	15049
14438	(272, 881)	'的两'	15050
14439	(3643, 1084)	' cutting'	15051
14440	(6070, 6497)	'拜仁'	15052
14441	(1700, 5541)	' Brady'	15053
14442	(1538, 3092)	' phones'	15054
14443	(854, 737)	" hadn't"	15055
14444	(1746, 357)	'留在'	15056
14445	(550, 695)	'场面'	15057
14446	(542, 1141)	' Gov'	15058
14447	(1802, 836)	' دو'	15059
14448	(2985, 2053)	' Organ'	15060
14449	(2499, 167)	'碧'	15061
14450	(648, 154)	'肚'	15062
14451	(4251, 63)	'???'	15063
14452	(397, 726)	'人都'	15064
14453	(374, 267)	'lder'	15065
14454	(377, 121)	' Cy'	15066
14455	(517, 3027)	' neither'	15067
14456	(863, 131)	'ቃ'	15068
14457	(704, 8866)	'нинг'	15069
14458	(384, 157)	'凝'	15070
14459	(6812, 3986)	' Delhi'	15071
14460	(8304, 4870)	' shipping'	15072
14461	(3876, 6267)	'ับ'	15074
14462	(937, 989)	'已被'	15075
14463	(3834, 7155)	'智慧'	15076
14464	(308, 1147)	'ician'	15077
14465	(16127, 519)	' immediate'	15078
14466	(1930, 627)	' با'	15079
14467	(8624, 2335)	'沈阳'	15080
14468	(510, 1553)	' Fair'	15081
14469	(321, 3186)	'stream'	15082
14470	(2410, 1224)	'否认'	15083
14471	(9529, 7086)	' Jersey'	15084
14472	(2328, 2406)	'宝石'	15086
14473	(316, 352)	' gam'	15087
14474	(853, 2562)	'当晚'	15088
14475	(119, 301)	'was'	15089
14476	(346, 312)	' bell'	15090
14477	(5702, 1099)	'敏感'	15091
14478	(3524, 486)	'退出'	15092
14479	(3414, 16118)	'িয়'	15093
14480	(6162, 190)	b'\x9b\xe1\x80\xbe'	15094
14481	(2564, 2904)	' refused'	15096
14482	(2319, 1786)	'波什'	15097
14483	(1907, 2775)	' retired'	15098
14484	(267, 301)	'eras'	15099
14485	(3016, 288)	' solar'	15100
14486	(332, 105)	'eti'	15101
14487	(641, 16565)	' Oregon'	15102
14488	(1480, 16477)	' 수'	15103
14489	(119, 1398)	'water'	15104
14490	(72, 5553)	'Holy'	15105
14491	(879, 1819)	'лан'	15106
14492	(108, 967)	'log'	15107
14493	(109, 519)	'mate'	15108
14494	(874, 1904)	' knee'	15109
14495	(1862, 45)	' high-'	15110
14496	(5320, 2480)	'蒙古'	15111
14497	(596, 971)	' chose'	15112
14498	(66, 485)	'Best'	15113
14499	(268, 946)	' wire'	15114
14500	(2360, 331)	' friendly'	15115
14501	(272, 2551)	'的能力'	15116
14502	(2426, 643)	' payment'	15117
14503	(16530, 1147)	' Italian'	15118
14504	(1104, 149)	'ाक'	15119
14505	(393, 147)	'術'	15120
14506	(496, 967)	' Rog'	15121
14507	(464, 16476)	' Daniel'	15122
14508	(316, 1015)	' gang'	15123
14509	(354, 80)	' SP'	15124
14510	(1748, 2457)	"We've"	15125
14511	(6702, 293)	' environmental'	15126
14512	(320, 101)	'lee'	15127
14513	(1375, 138)	'り'	15128
14514	(3152, 4014)	' programme'	15129
14515	(1169, 157)	'缝'	15130
14516	(1436, 16611)	'马英九'	15131
14517	(1139, 50)	' 52'	15132
14518	(100, 283)	'ding'	15133
14519	(2510, 115)	'ás'	15134
14520	(377, 600)	' Come'	15135
14521	(8488, 2182)	' license'	15136
14522	(6557, 320)	' struggle'	15137
14523	(357, 400)	'在大'	15138
14524	(2881, 1288)	'识别'	15139
14525	(615, 353)	' Jac'	15140
14526	(1704, 101)	'ée'	15141
14527	(515, 16183)	'thunderstorms'	15142
14528	(272, 877)	'的情'	15143
14529	(16416, 1488)	'Actually'	15144
14530	(53, 46)	'5.'	15145
14531	(419, 694)	'国产'	15146
14532	(3138, 16586)	' Minnesota'	15147
14533	(749, 1900)	'小幅'	15149
14534	(1598, 1217)	'话题'	15150
14535	(429, 176)	'彰'	15151
14536	(3553, 468)	'最终以'	15152
14537	(1229, 101)	' fee'	15153
14538	(1641, 1612)	'乐居'	15154
14539	(16426, 5160)	'Despite'	15155
14540	(1181, 185)	'्ह'	15156
14541	(629, 136)	'ਈ'	15157
14542	(6167, 573)	'背景下'	15158
14543	(74, 80)	'JP'	15159
14544	(5564, 995)	'Getty'	15160
14545	(321, 459)	'sters'	15161
14546	(1697, 9642)	' Android'	15162
14547	(4338, 636)	' authority'	15163
14548	(385, 16591)	' stolen'	15164
14549	(9855, 2071)	' conservative'	15165
14550	(908, 272)	'斯的'	15166
14551	(657, 841)	'开工'	15167
14552	(16247, 16526)	'_tmr'	15168
14553	(1352, 974)	'消化'	15169
14554	(464, 352)	' Dam'	15171
14555	(266, 1334)	' theory'	15172
14556	(111, 97)	'oa'	15173
14557	(437, 734)	' aside'	15174
14558	(4125, 2291)	' baş'	15175
14559	(510, 263)	' Fre'	15176
14560	(977, 891)	' grown'	15177
14561	(1221, 156)	' জ'	15178
14562	(6548, 382)	' silver'	15180
14563	(733, 4724)	'全明星'	15181
14564	(114, 348)	'rad'	15182
14565	(100, 967)	'dog'	15183
14566	(3442, 515)	' sixth'	15184
14567	(1761, 181)	' ድ'	15185
14568	(1143, 727)	'打球'	15186
14569	(1805, 110)	' earn'	15187
14570	(1649, 1649)	'aaaa'	15188
14571	(317, 147)	'吓'	15189
14572	(2250, 293)	' Anal'	15190
14573	(2107, 699)	'套机'	15191
14574	(5926, 331)	' significantly'	15192
14575	(296, 160)	'叠'	15193
14576	(357, 607)	'在新'	15194
14577	(2508, 1809)	'武林'	15195
14578	(32, 801)	' ip'	15196
14579	(2322, 143)	'ая'	15197
14580	(580, 9326)	'ப்ப'	15198
14581	(1303, 428)	'线上'	15199
14582	(666, 599)	'本月'	15200
14583	(666, 3745)	'本届'	15201
14584	(1064, 1074)	'水果'	15202
14585	(1689, 130)	'茂'	15203
14586	(6557, 2555)	' struggling'	15204
14587	(2423, 287)	' directed'	15205
14588	(3616, 875)	' footage'	15206
14589	(5346, 3560)	'宇航'	15207
14590	(1876, 16595)	'引擎'	15208
14591	(436, 97)	' Pa'	15209
14592	(112, 1017)	'pass'	15210
14593	(278, 258)	' cin'	15211
14594	(1403, 180)	'滴'	15212
14595	(1138, 1800)	'周五'	15213
14596	(2825, 1086)	' reasonable'	15214
14597	(4407, 8294)	' description'	15215
14598	(16045, 2220)	' custody'	15216
14599	(969, 147)	'ዓ'	15217
14600	(209, 151)	'ї'	15218
14601	(542, 4476)	' Greg'	15219
14602	(4379, 468)	'予以'	15220
14603	(1099, 1097)	'感应'	15221
14604	(492, 886)	'家电'	15222
14605	(743, 16511)	' Ukr'	15223
14606	(1093, 121)	'əy'	15224
14607	(1082, 162)	'漢'	15225
14608	(3038, 5757)	'签订'	15226
14609	(892, 184)	'砸'	15227
14610	(942, 1361)	' therefore'	15228
14611	(309, 165)	'別'	15229
14612	(4670, 99)	' presc'	15230
14613	(122, 1158)	'zens'	15231
14614	(526, 4779)	'elcome'	15232
14615	(16106, 581)	' normally'	15233
14616	(2183, 172)	'催'	15234
14617	(3742, 1533)	'不仅仅'	15235
14618	(897, 180)	'穴'	15236
14619	(2466, 161)	'اء'	15237
14620	(69, 4546)	'EPS'	15238
14621	(275, 450)	'itol'	15239
14622	(3404, 1189)	'冷门'	15240
14623	(45, 1878)	'-16'	15241
14624	(2604, 9365)	' parliament'	15242
14625	(2475, 9277)	'围绕'	15243
14626	(649, 3233)	'оро'	15244
14627	(1480, 152)	b' \xec\x98'	15245
14628	(2052, 139)	b' \xeb\x8b'	15246
14629	(1483, 378)	'带有'	15247
14630	(712, 748)	' Kong'	15248
14631	(470, 2317)	' Wars'	15249
14632	(5481, 397)	'年轻人'	15250
14633	(3931, 3002)	b'\xe0\xaa\xb0\xe0\xab\x8d\xe0\xaa'	15251
14634	(1177, 734)	' guide'	15252
14635	(5627, 331)	' regularly'	15253
14636	(256, 2775)	' tired'	15254
14637	(6426, 16159)	' horrible'	15255
14638	(4827, 1379)	' ने'	15256
14639	(55, 46)	'7.'	15257
14640	(7304, 771)	'锁定'	15258
14641	(2883, 16411)	' suicide'	15259
14642	(79, 68)	'OD'	15260
14643	(80, 80)	'PP'	15261
14644	(6712, 1582)	b'\xe3\x83\xb3\xe3\x83'	15262
14645	(2787, 532)	' Spain'	15263
14646	(3803, 272)	'发布的'	15264
14647	(540, 1861)	'日益'	15265
14648	(436, 1245)	' Pict'	15266
14649	(288, 1147)	'arian'	15267
14650	(615, 1278)	' Jason'	15268
14651	(579, 1990)	'学历'	15269
14652	(8040, 3151)	' Moham'	15270
14653	(406, 6355)	'illiant'	15271
14654	(2952, 283)	' dealing'	15272
14655	(2147, 287)	' headed'	15273
14656	(4687, 10279)	' على'	15274
14657	(1006, 1247)	' novel'	15276
14658	(776, 396)	'好了'	15277
14659	(6253, 2296)	'症状'	15278
14660	(2398, 1041)	'协商'	15279
14661	(16575, 1073)	'切尔西'	15280
14662	(305, 275)	' lit'	15281
14663	(16422, 183)	'क्ष'	15282
14664	(272, 2165)	'的选择'	15283
14665	(357, 6193)	'在内的'	15284
14666	(336, 2107)	'一套'	15285
14667	(2783, 3883)	'青岛'	15286
14668	(4771, 3906)	' urged'	15287
14669	(291, 817)	' dans'	15288
14670	(2711, 1000)	'担保'	15289
14671	(217, 188)	'ټ'	15290
14672	(3162, 968)	'味道'	15291
14673	(256, 115)	' ts'	15292
14674	(117, 1921)	'uka'	15294
14675	(9035, 116)	'ất'	15295
14676	(858, 153)	'飙'	15296
14677	(112, 271)	'pat'	15297
14678	(9922, 331)	' constantly'	15298
14679	(655, 1798)	'主办'	15299
14680	(109, 293)	'mal'	15300
14681	(1766, 331)	' weekly'	15301
14682	(1298, 1268)	'南非'	15302
14683	(2706, 1515)	' conclud'	15303
14684	(1250, 283)	' wanting'	15304
14685	(5523, 3447)	' suffering'	15305
14686	(509, 135)	'則'	15306
14687	(2435, 4612)	'按摩'	15307
14688	(1467, 505)	' command'	15308
14689	(3518, 287)	' traded'	15309
14690	(16008, 130)	'โ'	15310
14691	(5327, 308)	' Music'	15311
14692	(6385, 322)	' selection'	15312
14693	(1277, 4997)	'客厅'	15313
14694	(681, 520)	'将来'	15314
14695	(6371, 98)	' neighb'	15315
14696	(428, 2793)	'上班'	15316
14697	(112, 642)	'post'	15318
14698	(1910, 1076)	'降至'	15319
14699	(2902, 281)	' advis'	15320
14700	(1384, 3495)	'直播'	15321
14701	(1461, 6351)	'车辆'	15322
14702	(6229, 4317)	' Network'	15323
14703	(873, 105)	' qui'	15324
14704	(3310, 1490)	' promise'	15326
14705	(790, 2043)	'法國'	15327
14706	(428, 550)	'上场'	15328
14707	(2781, 1682)	' visited'	15329
14708	(346, 1540)	' beating'	15330
14709	(3414, 149)	'িক'	15331
14710	(1270, 839)	'می'	15332
14711	(3198, 293)	' internal'	15333
14712	(1127, 10293)	'ọrọ'	15334
14713	(1474, 1717)	'预防'	15335
14714	(277, 746)	' bound'	15336
14715	(1394, 757)	' buff'	15337
14716	(1736, 16490)	' Weinstein'	15338
14717	(7391, 16600)	' người'	15339
14718	(1644, 424)	'1500'	15340
14719	(521, 985)	'对中国'	15341
14720	(483, 128)	'臀'	15342
14721	(490, 1165)	' Nations'	15343
14722	(559, 8078)	' proceed'	15344
14723	(1357, 744)	'整理'	15345
14724	(5387, 708)	'胸部'	15346
14725	(1896, 324)	' surve'	15347
14726	(4117, 1239)	'杰克'	15348
14727	(659, 138)	'郊'	15349
14728	(2623, 3383)	'焦距'	15350
14729	(1877, 1426)	'景观'	15351
14730	(1727, 573)	'创下'	15352
14731	(286, 1216)	' mount'	15353
14732	(260, 167)	'丧'	15354
14733	(5621, 3037)	' Agency'	15355
14734	(391, 16214)	' Micro'	15356
14735	(1689, 133)	'茅'	15357
14736	(39, 97)	"'a"	15358
14737	(611, 330)	' plot'	15359
14738	(2346, 133)	'擅'	15360
14739	(977, 348)	' grad'	15361
14740	(1305, 1963)	'较大的'	15362
14741	(4986, 7598)	' soldiers'	15363
14742	(7320, 115)	' settings'	15364
14743	(893, 4179)	' anybody'	15365
14744	(272, 3379)	'的球员'	15366
14745	(72, 105)	'Hi'	15367
14746	(263, 9374)	'rehens'	15368
14747	(434, 1015)	' rang'	15369
14748	(615, 748)	' Jong'	15370
14749	(2646, 766)	' creep'	15371
14750	(1456, 321)	' underst'	15372
14751	(256, 855)	' tah'	15373
14752	(1313, 3688)	'立刻'	15374
14753	(336, 2012)	'一段'	15375
14754	(1316, 1088)	'处女'	15376
14755	(713, 964)	' spark'	15377
14756	(1212, 168)	'黨'	15378
14757	(1446, 1502)	'经济发展'	15379
14758	(6384, 430)	b'\xb2\xe1\x80\xb7\xe1\x80'	15381
14759	(16569, 184)	' 그'	15382
14760	(1040, 2196)	'文字'	15383
14761	(1674, 16531)	' registered'	15384
14762	(511, 285)	' sees'	15385
14763	(3021, 467)	'临时'	15386
14764	(1570, 506)	'才会'	15387
14765	(8464, 2375)	'ṣẹ'	15388
14766	(3441, 591)	'ilipp'	15389
14767	(712, 10450)	' Kansas'	15390
14768	(828, 4478)	' army'	15391
14769	(6153, 899)	'湖人队'	15392
14770	(4614, 4868)	' ہیں'	15393
14771	(656, 181)	'遵'	15394
14772	(109, 103)	'mg'	15395
14773	(16424, 2235)	' begins'	15396
14774	(333, 1832)	' reward'	15397
14775	(350, 468)	'是以'	15398
14776	(377, 97)	' Ca'	15399
14777	(6864, 1021)	'拓展'	15400
14778	(428, 844)	'上看'	15401
14779	(297, 1081)	' hook'	15402
14780	(980, 4803)	' Champions'	15403
14781	(2980, 1379)	' से'	15404
14782	(428, 1897)	'上限'	15405
14783	(3978, 105)	' lati'	15406
14784	(2465, 495)	'送到'	15407
14785	(470, 259)	' Whe'	15408
14786	(5342, 104)	'aidh'	15409
14787	(272, 902)	'的手'	15410
14788	(2894, 1128)	'承受'	15411
14789	(936, 97)	'iza'	15412
14790	(9585, 320)	' tackle'	15413
14791	(3108, 331)	' mainly'	15414
14792	(596, 16458)	' chicken'	15415
14793	(1503, 1690)	' flash'	15416
14794	(698, 157)	'ෝ'	15417
14795	(10447, 332)	'abinet'	15418
14796	(5332, 1541)	'恋爱'	15419
14797	(5524, 7716)	' idiot'	15420
14798	(2687, 506)	'一定会'	15421
14799	(272, 5362)	'的位置'	15422
14800	(1210, 911)	'注入'	15423
14801	(3077, 1648)	'审查'	15424
14802	(16087, 283)	' voting'	15425
14803	(2064, 777)	'融合'	15426
14804	(1405, 911)	'流入'	15427
14805	(4030, 1777)	'商业银行'	15428
14806	(391, 76)	' ML'	15429
14807	(879, 4682)	'лик'	15430
14808	(278, 10292)	' các'	15431
14809	(3291, 1289)	'缺少'	15432
14810	(5018, 643)	'ointment'	15433
14811	(510, 3417)	' FOR'	15434
14812	(538, 751)	'我说'	15435
14813	(10159, 154)	'ించ'	15436
14814	(265, 925)	'onder'	15438
14815	(330, 293)	'otal'	15439
14816	(256, 6083)	' task'	15440
14817	(1706, 831)	' مر'	15441
14818	(291, 536)	' dos'	15442
14819	(5583, 287)	'ributed'	15443
14820	(957, 367)	" people's"	15444
14821	(83, 70)	'SF'	15446
14822	(417, 1178)	' Boy'	15447
14823	(436, 274)	' Pan'	15448
14824	(1294, 16430)	'证监会'	15449
14825	(4449, 287)	' discussed'	15450
14826	(316, 121)	' gy'	15451
14827	(369, 115)	'igs'	15452
14828	(1426, 844)	'观看'	15453
14829	(782, 3151)	'raham'	15454
14830	(385, 16570)	' storage'	15455
14831	(1264, 626)	' blast'	15456
14832	(909, 1288)	'区别'	15457
14833	(741, 386)	'还不'	15458
14834	(4973, 1518)	'抓获'	15459
14835	(5972, 5972)	'                '	15460
14836	(4353, 2733)	'联系方式'	15461
14837	(4380, 8356)	' የሚ'	15462
14838	(8447, 2315)	' તે'	15463
14839	(422, 170)	'贪'	15464
14840	(6148, 142)	'蝎'	15465
14841	(2036, 16469)	' elimin'	15466
14842	(1824, 301)	'phas'	15467
14843	(5390, 2949)	'暂停'	15468
14844	(1318, 272)	'投资的'	15469
14845	(6677, 9178)	' disappointed'	15470
14846	(3699, 5967)	' barrel'	15471
14847	(16562, 8334)	'锻炼'	15472
14848	(951, 1881)	'我们认为'	15473
14849	(16623, 16624)	'垃圾'	15474
14850	(85, 115)	'Us'	15475
14851	(890, 505)	' Stand'	15476
14852	(68, 82)	'DR'	15477
14853	(1034, 675)	' Though'	15479
14854	(1176, 1183)	'安德'	15480
14855	(7169, 9743)	' Matthew'	15481
14856	(1136, 52)	' 44'	15482
14857	(277, 310)	' bom'	15483
14858	(699, 3286)	'机遇'	15484
14859	(1607, 272)	'类的'	15485
14860	(6263, 604)	' assistant'	15486
14861	(354, 526)	' Sel'	15487
14862	(1428, 52)	' 64'	15488
14863	(1896, 9788)	' surface'	15489
14864	(650, 3018)	" they'd"	15490
14865	(4673, 1275)	'电视台'	15491
14866	(841, 397)	'工人'	15492
14867	(434, 724)	' rub'	15493
14868	(1787, 830)	'红利'	15494
14869	(1088, 1323)	'女星'	15495
14870	(2125, 662)	'港元'	15496
14871	(1102, 837)	'无数'	15497
14872	(776, 776)	'好好'	15498
14873	(929, 836)	'لو'	15499
14874	(469, 185)	' й'	15500
14875	(84, 73)	'TI'	15501
14876	(298, 135)	'仇'	15502
14877	(377, 642)	' Cost'	15503
14878	(3388, 283)	'ijing'	15504
14879	(381, 115)	' hes'	15505
14880	(4905, 3089)	'裁判'	15506
14881	(1617, 1604)	'连拍'	15507
14882	(3001, 527)	' facts'	15510
14883	(316, 271)	' gat'	15511
14884	(1625, 1126)	'精英'	15512
14885	(77, 73)	'MI'	15513
14886	(611, 519)	' plate'	15514
14887	(496, 104)	' Rh'	15515
14888	(4192, 115)	'iffs'	15516
14889	(297, 4512)	' hyd'	15517
14890	(3546, 1021)	'扩展'	15518
14891	(1544, 350)	'又是'	15519
14892	(786, 272)	'外的'	15520
14893	(3388, 97)	'ija'	15521
14894	(345, 2403)	'owered'	15522
14895	(475, 515)	'ighth'	15523
14896	(3627, 102)	'uuf'	15524
14897	(1718, 1730)	'री'	15525
14898	(3574, 1895)	'ውን'	15526
14899	(551, 170)	'挪'	15527
14900	(114, 1447)	'ront'	15528
14901	(333, 45)	' re-'	15529
14902	(300, 1155)	' inning'	15530
14903	(1511, 5391)	'技巧'	15531
14904	(1543, 1753)	'反复'	15532
14905	(492, 1988)	'家属'	15533
14906	(1273, 1152)	'首选'	15534
14907	(1186, 1662)	'调研'	15535
14908	(7462, 16216)	' ultimately'	15536
14909	(4806, 271)	' combat'	15537
14910	(2358, 177)	'ிற'	15538
14911	(6432, 139)	'構'	15539
14912	(1058, 3299)	' screw'	15541
14913	(1117, 107)	'ık'	15542
14914	(4474, 2018)	' practices'	15543
14915	(16247, 16552)	'_taboola'	15544
14916	(714, 1897)	'期限'	15545
14917	(2070, 98)	' trib'	15546
14918	(68, 3228)	'Dude'	15547
14919	(3751, 101)	' compete'	15548
14920	(539, 695)	'地面'	15549
14921	(1450, 53)	'2015'	15550
14922	(1942, 830)	'便利'	15551
14923	(1995, 7084)	' inspir'	15552
14924	(2274, 308)	' topic'	15553
14925	(1837, 53)	'0.5'	15554
14926	(1995, 2461)	' insane'	15556
14927	(400, 1971)	'大众'	15557
14928	(1678, 467)	'即时'	15558
14929	(491, 2998)	' jury'	15559
14930	(1146, 178)	' લ'	15560
14931	(69, 108)	'El'	15561
14932	(276, 1209)	'orne'	15562
14933	(2528, 7756)	'跟踪'	15563
14934	(8202, 9223)	' không'	15564
14935	(1260, 1195)	'专科'	15565
14936	(349, 181)	'卵'	15567
14937	(274, 399)	'anke'	15568
14938	(3285, 272)	'孩子的'	15569
14939	(16412, 331)	' unlikely'	15570
14940	(649, 2332)	'оп'	15571
14941	(233, 145)	b'\xe9\x91'	15572
14942	(1676, 5509)	'清洁'	15573
14943	(10258, 519)	'ocolate'	15574
14944	(4914, 182)	'ेश'	15575
14945	(1261, 909)	'城区'	15576
14946	(78, 2177)	'North'	15577
14947	(2823, 330)	' Prot'	15578
14948	(673, 105)	'udi'	15579
14949	(898, 1091)	'万股'	15580
14950	(2502, 6906)	' deputy'	15581
14951	(723, 133)	'涅'	15582
14952	(510, 82)	' FR'	15583
14953	(3709, 10074)	'旗舰'	15584
14954	(2278, 3221)	'离婚'	15585
14955	(353, 97)	'aca'	15586
14956	(5161, 5145)	'恐怕'	15587
14957	(209, 137)	'щ'	15588
14958	(5843, 7660)	'途径'	15589
14959	(3620, 350)	'原因是'	15590
14960	(301, 112)	'asp'	15591
14961	(1136, 49)	' 41'	15592
14962	(3201, 3408)	' raising'	15593
14963	(1104, 154)	'ाच'	15594
14964	(2579, 53)	' 2005'	15595
14965	(2417, 5269)	' editor'	15596
14966	(1480, 132)	b' \xec\x84'	15597
14967	(3366, 179)	b' \xea\xb3'	15598
14968	(10747, 152)	'나'	15599
14969	(595, 1313)	'公立'	15600
14970	(1239, 8634)	'克里斯'	15601
14971	(107, 117)	'ku'	15602
14972	(2510, 110)	'án'	15603
14973	(779, 1176)	'平安'	15604
14974	(1645, 974)	'深化'	15605
14975	(5847, 6553)	' complaint'	15606
14976	(16551, 16615)	'.WEDNESDAY'	15607
14977	(666, 2294)	'本土'	15608
14978	(71, 719)	'God'	15609
14979	(1264, 752)	' blind'	15610
14980	(2366, 2148)	'重要的是'	15611
14981	(1401, 134)	'脆'	15612
14982	(108, 459)	'lers'	15613
14983	(1094, 1900)	'增幅'	15615
14984	(99, 345)	'cow'	15616
14985	(3064, 2647)	' мен'	15617
14986	(10825, 6019)	' என'	15618
14987	(78, 67)	'NC'	15619
14988	(7842, 995)	' empty'	15620
14989	(2690, 367)	" She's"	15621
14990	(263, 122)	'rez'	15622
14991	(1274, 1179)	'各级'	15623
14992	(390, 1532)	'中山'	15624
14993	(6439, 16089)	' Financial'	15625
14994	(138, 1932)	b'\x8a\xe1\x80\xba\xe1\x80'	15626
14995	(5384, 2920)	'禁止'	15627
14996	(950, 1597)	'影视'	15628
14997	(16502, 838)	' Special'	15629
14998	(607, 4921)	'新鲜'	15630
14999	(2045, 272)	'政府的'	15631
15000	(6730, 9119)	'麻烦'	15632
15001	(1352, 1717)	'消防'	15633
15002	(1827, 843)	'涨价'	15634
15003	(354, 3060)	' Saf'	15635
15004	(1751, 332)	' diet'	15636
15005	(4894, 285)	' losses'	15638
15006	(3969, 162)	'踢'	15639
15007	(427, 1076)	'年至'	15640
15008	(314, 998)	' nav'	15641
15009	(316, 651)	' gap'	15642
15010	(257, 480)	' ari'	15643
15011	(602, 602)	'ии'	15644
15012	(1754, 495)	'见到'	15645
15013	(4460, 506)	'峰会'	15646
15014	(1136, 55)	' 47'	15647
15015	(2362, 153)	'าน'	15648
15016	(7821, 5000)	'celona'	15649
15017	(2250, 16574)	' Anthony'	15650
15018	(2449, 700)	'占比'	15651
15019	(1416, 107)	' deck'	15653
15020	(3282, 769)	'шт'	15654
15021	(709, 336)	'同一'	15655
15022	(5668, 1088)	'妇女'	15656
15023	(4736, 1300)	'违规'	15657
15024	(7454, 128)	' เ'	15660
15025	(419, 272)	'国的'	15661
15026	(510, 16259)	' Festival'	15662
15027	(5227, 918)	'刑事'	15663
15028	(86, 3511)	'Very'	15664
15029	(3615, 433)	' Once'	15665
15030	(1725, 117)	'aju'	15666
15031	(2657, 8402)	'新浪提示'	15667
15032	(16634, 16625)	'并非正式的新闻报道'	15669
15033	(16640, 16626)	'以沪深交易所的公告为准'	15674
15034	(493, 147)	'靓'	15675
15035	(1136, 54)	' 46'	15676
15036	(538, 590)	'我也'	15677
15037	(16639, 16629)	'一切有关该股的有效信息'	15680
15038	(8340, 16633)	'敬请投资者注意风险'	15681
15039	(7343, 1165)	' regulations'	15682
15040	(210, 163)	'ң'	15683
15041	(7984, 2202)	'赚钱'	15684
15042	(2407, 267)	' moder'	15685
15043	(5155, 324)	' drove'	15686
15044	(410, 187)	'冻'	15687
15045	(49, 1390)	'130'	15688
15046	(1271, 348)	' Head'	15689
15047	(327, 111)	' yo'	15690
15048	(4276, 1345)	'рав'	15691
15049	(2787, 954)	' Space'	15692
15050	(514, 859)	' conven'	15693
15051	(580, 153)	'ங'	15694
15052	(1466, 160)	'悠'	15695
15053	(1450, 54)	'2016'	15696
15054	(818, 115)	'kings'	15697
15055	(607, 534)	'新生'	15698
15056	(344, 157)	'劝'	15699
15057	(284, 7207)	' powers'	15700
15058	(16528, 322)	' corruption'	15701
15059	(5679, 320)	' bottle'	15702
15060	(305, 3539)	' lunch'	15703
15061	(272, 4974)	'的关键'	15704
15062	(350, 521)	'是对'	15705
15063	(272, 1624)	'的就是'	15706
15064	(1140, 621)	' recall'	15708
15065	(670, 176)	'轰'	15709
15066	(986, 506)	'你会'	15710
15067	(1254, 3874)	' brands'	15711
15068	(32, 5009)	' š'	15712
15069	(258, 543)	'inct'	15713
15070	(1254, 2089)	' brows'	15714
15071	(6523, 2548)	' terrorism'	15715
15072	(4798, 322)	' motion'	15716
15073	(1331, 357)	'记者在'	15717
15074	(1325, 3078)	'每个人'	15718
15075	(102, 97)	'fa'	15719
15076	(6656, 459)	' farmers'	15720
15077	(579, 1551)	'学术'	15721
15078	(9209, 708)	'外交部'	15722
15079	(3241, 550)	'登场'	15723
15080	(490, 16437)	' NHL'	15724
15081	(824, 1753)	'重复'	15725
15082	(122, 267)	'zer'	15726
15083	(713, 114)	' spr'	15727
15084	(350, 2556)	'是日本'	15728
15085	(4735, 308)	' magic'	15729
15086	(616, 164)	'愤'	15730
15087	(5455, 9190)	' Patrick'	15731
15088	(918, 545)	'事发'	15732
15089	(1117, 109)	'ım'	15733
15090	(305, 5870)	' links'	15734
15091	(506, 780)	'会长'	15735
15092	(505, 121)	'andy'	15736
15093	(938, 357)	'公司在'	15737
15094	(8859, 156)	'시'	15738
15095	(3230, 2512)	' Editing'	15739
15096	(9438, 4348)	b'\x90\xe1\x80\xbd\xe1\x80\xb1\xe1\x80'	15740
15097	(486, 1053)	'出让'	15741
15098	(286, 1029)	' mail'	15742
15099	(2785, 636)	' charity'	15743
15100	(272, 3705)	'的结果'	15744
15101	(1424, 130)	'樂'	15745
15102	(564, 397)	'他人'	15746
15103	(1138, 7956)	'周刊'	15747
15104	(667, 827)	'得很'	15748
15105	(2802, 479)	" Can't"	15749
15106	(3624, 3979)	'建筑面积'	15751
15107	(1344, 1303)	'路线'	15752
15108	(1022, 601)	'身高'	15753
15109	(9819, 274)	' veteran'	15754
15110	(3244, 831)	'شر'	15755
15111	(7423, 2034)	'冒险'	15756
15112	(1942, 6134)	'便携'	15757
15113	(356, 3741)	' Tony'	15758
15114	(3310, 2231)	' promote'	15759
15115	(3236, 2089)	' windows'	15760
15116	(2853, 117)	' menu'	15761
15117	(1089, 1499)	'onduct'	15762
15118	(1614, 992)	' finance'	15764
15119	(5691, 3683)	' suspended'	15765
15120	(681, 378)	'将有'	15766
15121	(733, 1893)	'全世界'	15767
15122	(1427, 16632)	'易建联'	15768
15123	(780, 1261)	'长城'	15769
15124	(442, 283)	' king'	15770
15125	(3734, 283)	' joining'	15771
15126	(863, 161)	'ቡ'	15772
15127	(4893, 272)	'传统的'	15773
15128	(16645, 9887)	'阿根廷'	15774
15129	(10915, 1601)	' Charles'	15775
15130	(856, 1158)	' compens'	15776
15131	(16135, 155)	'ướ'	15777
15132	(1286, 3468)	'风云'	15778
15133	(1143, 3375)	'打折'	15779
15134	(3340, 135)	'薇'	15780
15135	(386, 428)	'不上'	15781
15136	(463, 328)	' Hay'	15782
15137	(8773, 382)	' Denver'	15783
15138	(698, 129)	'ශ'	15784
15139	(302, 149)	'夕'	15785
15140	(651, 477)	'apore'	15786
15141	(4069, 425)	' About'	15787
15142	(16334, 16334)	'☆☆'	15788
15143	(767, 7271)	'天劫'	15789
15144	(316, 2330)	' gross'	15791
15145	(2052, 179)	b' \xeb\xb3'	15792
15146	(2356, 1091)	'控股'	15793
15147	(856, 265)	' compon'	15794
15148	(4189, 115)	' suggests'	15796
15149	(446, 105)	'ifi'	15797
15150	(45, 3034)	'-cl'	15798
15151	(56, 1266)	'8000'	15799
15152	(615, 16148)	' Journal'	15800
15153	(5631, 293)	'iscal'	15801
15154	(7218, 690)	'Anyone'	15802
15155	(871, 1963)	'更大的'	15803
15156	(988, 178)	'躲'	15804
15157	(536, 97)	'osa'	15805
15158	(16440, 185)	'蟹'	15806
15159	(16638, 16646)	'新浪不保证其真实性和客观性'	15807
15160	(4592, 883)	'债券基金'	15808
15161	(6781, 3607)	' premium'	15809
15162	(5746, 2133)	'غان'	15810
15163	(5062, 3289)	'夺冠'	15811
15164	(1172, 1622)	'总局'	15812
15165	(9144, 276)	' error'	15813
15166	(16648, 16536)	'本文属于研究报告栏目'	15815
15167	(16650, 8383)	'仅为分析人士对一只股票的个人观点和看法'	15818
15168	(2168, 992)	' instance'	15819
15169	(272, 3855)	'的效果'	15820
15170	(6431, 1183)	'桑德'	15821
15171	(1509, 1128)	'备受'	15822
15172	(282, 7015)	' finger'	15823
15173	(1352, 1804)	'消失'	15824
15174	(2815, 751)	'听说'	15825
15175	(327, 10775)	' yellow'	15826
15176	(506, 1754)	'会见'	15827
15177	(10428, 143)	'●'	15828
15178	(1587, 1944)	' helpful'	15829
15179	(16610, 1718)	' और'	15830
15180	(2077, 3033)	b'\xe0\xa6\xb0\xe0\xa7\x8d\xe0\xa6'	15831
15181	(2448, 1320)	' transition'	15832
15182	(394, 178)	'盲'	15833
15183	(277, 4059)	' bills'	15834
15184	(1669, 54)	'1.6'	15835
15185	(6745, 331)	' slowly'	15836
15186	(16478, 682)	' folks'	15837
15187	(2301, 357)	'早在'	15838
15188	(2636, 6241)	'频繁'	15839
15189	(294, 115)	' ans'	15840
15190	(300, 8115)	' input'	15841
15191	(16542, 738)	' Georgia'	15842
15192	(791, 285)	' ages'	15843
15193	(235, 159)	b'\xeb\x9f'	15844
15194	(1753, 486)	'复出'	15845
15195	(314, 301)	' nas'	15846
15196	(16101, 322)	' profession'	15847
15197	(2436, 285)	' passes'	15848
15198	(2064, 911)	'融入'	15849
15199	(352, 288)	'amar'	15850
15200	(2250, 1788)	' Anton'	15851
15201	(5631, 16647)	'isconsin'	15852
15202	(754, 130)	'ං'	15853
15203	(16589, 5047)	'蔬菜'	15854
15204	(2563, 726)	'大家都'	15855
15205	(666, 2446)	'本轮'	15856
15206	(286, 1631)	' math'	15857
15207	(710, 1993)	'ез'	15858
15208	(931, 798)	'民间'	15859
15209	(67, 3169)	'Comp'	15860
15210	(2974, 10269)	' healthcare'	15861
15211	(1775, 1225)	'转型'	15862
15212	(122, 121)	'zy'	15863
15213	(5962, 135)	'資'	15864
15214	(540, 905)	'日报'	15865
15215	(1544, 378)	'又有'	15866
15216	(74, 101)	'Je'	15867
15217	(4386, 8749)	'触摸'	15868
15218	(6561, 901)	' أن'	15869
15219	(272, 4004)	'的状态'	15870
15220	(103, 105)	'gi'	15871
15221	(67, 4668)	'Clear'	15872
15222	(3229, 839)	' لی'	15873
15223	(513, 140)	'泌'	15874
15224	(3089, 1695)	'判决'	15875
15225	(595, 4346)	'公募'	15876
15226	(3731, 902)	'射手'	15877
15227	(574, 287)	'essed'	15878
15228	(356, 753)	' Take'	15879
15229	(16143, 121)	' beauty'	15880
15230	(4110, 1539)	'网络游戏'	15881
15231	(5852, 910)	'乳房'	15882
15232	(1626, 350)	'真是'	15883
15233	(1404, 5741)	'装扮'	15884
15234	(1819, 503)	'ана'	15885
15235	(386, 970)	'不及'	15886
15236	(1840, 3482)	' relief'	15887
15237	(945, 3535)	'提出了'	15888
15238	(1219, 1283)	'东京'	15889
15239	(377, 774)	' Civ'	15890
15240	(516, 140)	'忌'	15891
15241	(16588, 1946)	' vulner'	15892
15242	(504, 10506)	' sharp'	15893
15243	(45, 72)	'-H'	15894
15244	(1176, 16459)	'安徽'	15895
15245	(3522, 16602)	'震撼'	15896
15246	(601, 902)	'高手'	15897
15247	(16018, 16587)	' numerous'	15898
15248	(2875, 272)	'相关的'	15899
15249	(83, 1904)	'See'	15900
15250	(305, 1423)	' laz'	15901
15251	(1824, 3092)	'phones'	15902
15252	(2044, 831)	' ور'	15903
15253	(354, 16475)	' Social'	15904
15254	(1158, 423)	'ensus'	15905
15255	(1416, 2151)	' decline'	15906
15256	(975, 1975)	'ickets'	15907
15257	(417, 16618)	' Buhari'	15908
15258	(327, 267)	' yer'	15909
15259	(6773, 8230)	'欣赏'	15910
15260	(10939, 16607)	' Tennessee'	15911
15261	(1099, 721)	'感动'	15912
15262	(2706, 108)	' concl'	15914
15263	(2507, 4938)	' midfield'	15915
15264	(886, 745)	'电力'	15916
15265	(1113, 550)	'战场'	15917
15266	(538, 386)	'我不'	15918
15267	(3095, 992)	' importance'	15919
15268	(546, 608)	' vend'	15920
15269	(1848, 4910)	'积累'	15921
15270	(2484, 148)	'翔'	15922
15271	(4850, 727)	'罚球'	15923
15272	(11008, 987)	'通讯员'	15924
15273	(2706, 1765)	' concert'	15925
15274	(510, 16576)	' Football'	15926
15275	(1338, 267)	'ancer'	15927
15276	(6480, 110)	'ến'	15928
15277	(386, 3335)	'不良'	15929
15278	(931, 1971)	'民众'	15930
15279	(283, 459)	'ingers'	15931
15280	(10634, 729)	' Judge'	15932
15281	(4806, 5706)	' combination'	15933
15282	(32, 197)	b' \xc5'	15934
15283	(9471, 283)	'uilding'	15935
15284	(1273, 2446)	'首轮'	15936
15285	(9091, 160)	'■'	15937
15286	(9647, 2526)	'卧室'	15938
15287	(552, 8753)	' dozen'	15940
15288	(341, 173)	'旭'	15941
15289	(853, 1622)	'当局'	15942
15290	(712, 288)	' Kar'	15943
15291	(67, 71)	'CG'	15944
15292	(6399, 2530)	'仔细'	15945
15293	(428, 2431)	'上篮'	15946
15294	(2586, 16480)	' aircraft'	15947
15295	(1416, 263)	' decre'	15948
15296	(4824, 3565)	' ਕਰ'	15949
15297	(5108, 16508)	' portfol'	15950
15298	(1360, 2196)	'十字'	15951
15299	(1102, 397)	'无人'	15952
15300	(117, 105)	'ui'	15953
15301	(376, 119)	' Aw'	15954
15302	(46, 78)	'.N'	15955
15303	(16223, 285)	' houses'	15956
15304	(1235, 423)	' accus'	15957
15305	(336, 2110)	'一部分'	15958
15306	(3011, 1119)	'gypt'	15959
15307	(281, 107)	'isk'	15960
15308	(1000, 830)	'保利'	15961
15309	(4578, 115)	' clubs'	15962
15310	(16076, 287)	' ruled'	15963
15311	(2420, 1084)	' letting'	15964
15312	(1377, 2726)	'银河'	15965
15313	(2955, 272)	'学校的'	15966
15314	(949, 2137)	' whenever'	15967
15315	(5457, 4967)	'粉丝'	15968
15316	(9541, 1824)	' Joseph'	15969
15317	(2400, 2531)	'伤病'	15970
15318	(314, 274)	' nan'	15971
15319	(1761, 171)	' ያ'	15972
15320	(71, 5188)	'Google'	15973
15321	(80, 78)	'PN'	15974
15322	(599, 390)	'月中'	15975
15323	(6607, 636)	' priority'	15976
15324	(884, 136)	'馈'	15977
15325	(1753, 777)	'复合'	15978
15326	(6988, 16548)	'煤炭'	15979
15327	(1804, 5052)	'失误'	15980
15328	(305, 348)	' lad'	15981
15329	(6544, 418)	' util'	15982
15330	(811, 2762)	'内衣'	15983
15331	(2504, 97)	'mma'	15984
15332	(1172, 708)	'总部'	15985
15333	(463, 10084)	' Human'	15986
15334	(1008, 406)	' Vill'	15987
15335	(1054, 2227)	' firms'	15988
15336	(16505, 2062)	' acknowled'	15989
15337	(434, 2747)	' rounds'	15990
15338	(1471, 45)	' well-'	15991
15339	(2386, 5271)	' бир'	15992
15340	(1919, 121)	'ày'	15993
15341	(117, 267)	'uer'	15994
15342	(276, 675)	'orough'	15995
15343	(668, 8614)	' unfortunately'	15996
15344	(4972, 1239)	'麦克'	15997
15345	(98, 528)	'bul'	15998
15346	(522, 111)	'abo'	15999
15347	(195, 181)	'õ'	16000
15348	(521, 4606)	'对抗'	16001
15349	(417, 293)	' Bal'	16002
15350	(256, 914)	' tact'	16003
15351	(1276, 1378)	'perform'	16004
15352	(1342, 331)	'rently'	16005
15353	(268, 1770)	' wave'	16006
15354	(16555, 3634)	' Diego'	16007
15355	(2342, 1086)	' capable'	16008
15356	(291, 1093)	' də'	16009
15357	(390, 663)	'中最'	16010
15358	(1638, 149)	'痕'	16011
15359	(16547, 10273)	' Catholic'	16012
15360	(1392, 179)	'岳'	16013
15361	(510, 293)	' Fal'	16014
15362	(903, 527)	' acts'	16015
15363	(672, 907)	'基因'	16016
15364	(4409, 727)	'赢球'	16017
15365	(540, 2439)	'日讯'	16018
15366	(1875, 331)	' monthly'	16019
15367	(393, 183)	'衷'	16020
15368	(9444, 131)	' 것'	16021
15369	(4959, 1234)	'幻想'	16022
15370	(4612, 1887)	'摩根'	16023
15371	(301, 1921)	'aska'	16024
15372	(490, 441)	' Nation'	16025
15373	(69, 288)	'Ear'	16026
15374	(2486, 110)	'ynn'	16027
15375	(278, 1410)	' cock'	16028
15376	(258, 6761)	'inho'	16029
15377	(1296, 397)	'给人'	16030
15378	(845, 133)	'锅'	16031
15379	(5833, 3345)	' convinc'	16032
15380	(78, 79)	'NO'	16033
15381	(345, 97)	'owa'	16034
15382	(830, 776)	'利好'	16035
15383	(294, 16523)	' anonym'	16036
15384	(490, 1075)	' Nob'	16037
15385	(1706, 2922)	' مع'	16038
15386	(8705, 150)	'論'	16039
15387	(7314, 2196)	'赤字'	16040
15388	(1058, 3186)	' scream'	16041
15389	(4802, 817)	' loans'	16043
15390	(80, 16012)	'President'	16044
15391	(1669, 56)	'1.8'	16045
15392	(3651, 272)	'消费者的'	16046
15393	(463, 398)	' Hur'	16047
15394	(1290, 678)	'ulture'	16048
15395	(391, 6087)	' Metro'	16049
15396	(1435, 1552)	'亿份'	16050
15397	(709, 1666)	'同步'	16051
15398	(4887, 281)	'inois'	16052
15399	(673, 97)	'uda'	16053
15400	(3102, 97)	'inta'	16054
15401	(356, 480)	' Tri'	16055
15402	(417, 2749)	' Barr'	16056
15403	(3136, 888)	'这是一个'	16057
15404	(1041, 550)	'商场'	16058
15405	(588, 382)	' Ever'	16059
15406	(1190, 1317)	'率先'	16060
15407	(5204, 708)	'财政部'	16061
15408	(4829, 811)	'范围内'	16062
15409	(496, 1550)	' Ross'	16063
15410	(4287, 3754)	' privacy'	16064
15411	(3380, 7097)	' causes'	16065
15412	(552, 1180)	' doors'	16066
15413	(704, 4682)	'ник'	16067
15414	(16594, 1872)	'research'	16068
15415	(1958, 745)	'致力'	16069
15416	(1742, 815)	'试点'	16070
15417	(286, 3003)	' moon'	16071
15418	(1030, 348)	' iad'	16072
15419	(16572, 8138)	'으로'	16073
15420	(2600, 804)	'密度'	16074
15421	(715, 1316)	'之处'	16075
15422	(974, 809)	'化名'	16076
15423	(777, 571)	'合成'	16077
15424	(1831, 1439)	'维拉'	16078
15425	(922, 97)	'ewa'	16079
15426	(9976, 2775)	' inspired'	16080
15427	(72, 2504)	'Hmm'	16081
15428	(2211, 4065)	'कार'	16082
15429	(726, 681)	'都将'	16083
15430	(4470, 104)	'adesh'	16084
15431	(490, 2158)	' Nai'	16085
15432	(297, 801)	' hip'	16086
15433	(3439, 331)	' closely'	16087
15434	(434, 5762)	' rural'	16088
15435	(9155, 134)	'ੀਆ'	16089
15436	(1535, 272)	'快的'	16090
15437	(375, 285)	'unes'	16091
15438	(1389, 706)	'欧美'	16092
15439	(1586, 486)	'走出'	16093
15440	(45, 431)	'-ch'	16094
15441	(16560, 1470)	' heavily'	16095
15442	(2521, 153)	'熙'	16096
15443	(98, 328)	'bay'	16097
15444	(2355, 16525)	'奥斯卡'	16098
15445	(6028, 934)	' prepare'	16099
15446	(1146, 166)	' દ'	16100
15447	(391, 574)	' Mess'	16101
15448	(597, 1319)	'市值'	16102
15449	(3135, 117)	' valu'	16103
15450	(2237, 4629)	'ින්'	16104
15451	(1934, 2497)	' officially'	16105
15452	(2426, 2039)	' payments'	16106
15453	(104, 3378)	'haha'	16107
15454	(1020, 155)	'ኛ'	16108
15455	(388, 158)	'從'	16109
15456	(4915, 272)	'举行的'	16110
15457	(510, 2453)	' Fund'	16111
15458	(114, 114)	'rr'	16112
15459	(2462, 7178)	' continuing'	16113
15460	(710, 1440)	'ег'	16114
15461	(418, 111)	'ilo'	16115
15462	(903, 16227)	' academ'	16116
15463	(668, 1665)	' uncom'	16117
15464	(667, 396)	'得了'	16118
15465	(1767, 111)	'oko'	16119
15466	(1201, 3239)	' roster'	16120
15467	(2380, 16601)	' bitcoin'	16121
15468	(958, 1484)	'从未'	16122
15469	(80, 7590)	'Play'	16123
15470	(1227, 5647)	'奖池'	16124
15471	(5516, 3701)	'ด้'	16125
15472	(4134, 129)	'嫁'	16126
15473	(1617, 1207)	'连接'	16127
15474	(85, 76)	'UL'	16128
15475	(515, 1912)	'thanks'	16129
15476	(642, 267)	'oster'	16130
15477	(402, 574)	'ecess'	16131
15478	(1062, 97)	' tea'	16132
15479	(2036, 369)	' elig'	16133
15480	(443, 150)	'咖'	16134
15481	(320, 103)	'leg'	16135
15482	(4640, 816)	'True'	16136
15483	(1558, 16473)	' coordin'	16137
15484	(862, 168)	'恨'	16138
15485	(377, 76)	' CL'	16139
15486	(1811, 57)	' 99'	16140
15487	(16165, 9329)	' episodes'	16141
15488	(767, 1555)	'天气'	16142
15489	(257, 117)	' au'	16143
15490	(285, 121)	'esy'	16144
15491	(278, 1086)	' cable'	16145
15492	(45, 425)	'-out'	16146
15493	(391, 753)	' Make'	16147
15494	(1066, 1298)	'海南'	16148
15495	(3391, 1712)	'九州'	16149
15496	(378, 2058)	'有一些'	16150
15497	(625, 180)	'渴'	16151
15498	(786, 2107)	'外套'	16152
15499	(462, 467)	'这时'	16153
15500	(4595, 69)	'ILE'	16154
15501	(1554, 1276)	' desper'	16155
15502	(1008, 10589)	' Video'	16156
15503	(84, 2558)	'TER'	16157
15504	(5288, 526)	' label'	16158
15505	(9791, 6519)	' Atlanta'	16159
15506	(546, 626)	' vast'	16160
15507	(116, 102)	'tf'	16161
15508	(287, 287)	'eded'	16162
15509	(1392, 173)	'岭'	16163
15510	(2111, 1190)	'增长率'	16164
15511	(1382, 258)	'ikin'	16165
15512	(457, 177)	'纱'	16166
15513	(386, 486)	'不出'	16167
15514	(5779, 727)	'三分球'	16168
15515	(5157, 1967)	'兑美元'	16169
15516	(2739, 5765)	' listening'	16170
15517	(291, 671)	' dies'	16171
15518	(434, 2375)	' rẹ'	16172
15519	(1273, 3358)	'首映'	16173
15520	(2787, 16585)	' Spanish'	16174
15521	(10643, 784)	'狮子'	16176
15522	(294, 99)	' anc'	16177
15523	(6302, 16578)	'霍华德'	16178
15524	(6476, 6314)	' Syrian'	16179
15525	(6884, 1022)	'瘦身'	16180
15526	(5006, 287)	' targeted'	16181
15527	(2502, 3130)	' depending'	16182
15528	(104, 293)	'hal'	16183
15529	(774, 1566)	'ivals'	16184
15530	(119, 6346)	'whel'	16185
15531	(2006, 5263)	'ије'	16186
15532	(285, 411)	'ester'	16187
15533	(1282, 721)	'变动'	16188
15534	(576, 809)	'多名'	16189
15535	(7958, 16203)	'贯彻'	16190
15536	(5796, 1716)	'广东省'	16191
15537	(76, 1078)	'Love'	16192
15538	(6156, 285)	' trees'	16193
15539	(3171, 10873)	' politicians'	16194
15540	(1167, 1167)	'2020'	16195
15541	(346, 1005)	' beach'	16196
15542	(16441, 16105)	' southern'	16197
15543	(9947, 1015)	' arrang'	16198
15544	(32, 1441)	' 王'	16199
15545	(6796, 115)	'news'	16200
15546	(16617, 3126)	' Society'	16201
15547	(305, 5777)	' lying'	16203
15548	(1674, 919)	' regions'	16204
15549	(263, 107)	'rek'	16205
15550	(1558, 7433)	' coaches'	16206
15551	(431, 111)	'cho'	16207
15552	(87, 1485)	'Watch'	16208
15553	(303, 423)	' thus'	16209
15554	(427, 587)	'年后'	16210
15555	(4957, 1108)	'贝尔'	16211
15556	(1035, 974)	'量化'	16212
15557	(383, 109)	'irm'	16213
15558	(1569, 807)	'的一次'	16214
15559	(7356, 115)	' cells'	16215
15560	(585, 1948)	' libr'	16216
15561	(597, 3420)	'市镇'	16217
15562	(2511, 1696)	'充足'	16218
15563	(16454, 1457)	'攀升'	16219
15564	(1742, 1336)	'试图'	16220
15565	(496, 310)	' Rom'	16221
15566	(9181, 308)	' Olympic'	16222
15567	(478, 101)	'eme'	16223
15568	(591, 121)	'ppy'	16224
15569	(377, 320)	' Cle'	16225
15570	(551, 163)	'挣'	16226
15571	(357, 786)	'在外'	16227
15572	(4418, 118)	'ylv'	16228
15573	(3035, 769)	' от'	16229
15574	(16019, 2089)	' follows'	16230
15575	(1745, 353)	' evac'	16231
15576	(5087, 5513)	'政治人物'	16232
15577	(967, 97)	'oga'	16233
15578	(117, 1869)	'uits'	16234
15579	(1435, 3454)	'亿欧元'	16235
15580	(1745, 418)	' evil'	16236
15581	(1655, 7032)	'请访问'	16237
15582	(5744, 367)	" nation's"	16238
15583	(1230, 4570)	'指挥'	16239
15584	(1427, 16652)	'易方达'	16240
15585	(1133, 771)	'设定'	16241
15586	(462, 809)	'这名'	16242
15587	(1073, 1039)	'西北'	16243
15588	(284, 2174)	' pants'	16244
15589	(2642, 1730)	'ती'	16245
15590	(1860, 146)	'撒'	16246
15591	(2153, 1541)	'喜爱'	16247
15592	(3712, 16613)	' Executive'	16248
15593	(4816, 1089)	' Second'	16249
15594	(1669, 49)	'1.1'	16250
15595	(631, 170)	'倪'	16251
15596	(2934, 2334)	'房地产开发'	16252
15597	(4811, 16583)	' Warriors'	16253
15598	(16654, 101)	'waukee'	16254
15599	(4387, 375)	'-run'	16255
15600	(514, 16653)	' consecutive'	16256
15601	(317, 187)	'吻'	16257
15602	(301, 109)	'asm'	16258
15603	(108, 1651)	'life'	16259
15604	(566, 135)	'ই'	16260
15605	(7894, 16564)	' Academy'	16261
15606	(2310, 48)	'3.0'	16262
15607	(3116, 287)	' attacked'	16263
15608	(272, 1237)	'的那'	16264
15609	(793, 145)	'姑'	16265
15610	(752, 101)	'inde'	16266
15611	(2513, 1068)	'iversary'	16267
15612	(8046, 3922)	' feedback'	16268
15613	(71, 72)	'GH'	16269
15614	(273, 382)	'ouver'	16270
15615	(3852, 16491)	' Afghan'	16271
15616	(4673, 2532)	'电视剧'	16272
15617	(1381, 400)	'放大'	16273
15618	(7669, 281)	' acquis'	16274
15619	(1685, 9469)	' smooth'	16275
15620	(268, 274)	' wan'	16276
15621	(7529, 2969)	' uncertain'	16277
15622	(694, 1035)	'产量'	16278
15623	(2448, 1378)	' transform'	16279
15624	(1183, 3497)	'德甲'	16280
15625	(1244, 1331)	'向记者'	16281
15626	(3197, 473)	' lineup'	16282
15627	(836, 2087)	'وب'	16283
15628	(9110, 2694)	b'\x99\xe1\x80\xbe\xe1\x80\xac'	16284
15629	(319, 144)	'佐'	16285
15630	(1008, 691)	' Vice'	16286
15631	(278, 1369)	' cents'	16287
15632	(45, 16510)	'-related'	16288
15633	(1254, 891)	' brown'	16289
15634	(511, 583)	' sequ'	16290
15635	(1303, 1868)	'线条'	16291
15636	(114, 441)	'ration'	16292
15637	(45, 2479)	'-sc'	16293
15638	(878, 130)	'ூ'	16294
15639	(2361, 911)	'介入'	16295
15640	(98, 865)	'bell'	16296
15641	(276, 367)	"or's"	16297
15642	(4775, 271)	' volat'	16298
15643	(300, 105)	' ini'	16299
15644	(2831, 1344)	'思路'	16300
15645	(5197, 9611)	' attempts'	16301
15646	(16094, 459)	' answers'	16302
15647	(2596, 66)	' QB'	16303
15648	(2590, 2240)	' untuk'	16304
15649	(9906, 68)	'CBD'	16305
15650	(2094, 2408)	' announc'	16306
15651	(10689, 8518)	'臺灣'	16307
15652	(1137, 1756)	'ды'	16308
15653	(3164, 1598)	'讲话'	16309
15654	(10144, 1334)	' category'	16310
15655	(2136, 272)	'出现的'	16311
15656	(352, 895)	'amber'	16312
15657	(902, 390)	'手中'	16313
15658	(1694, 916)	'模特'	16314
15659	(3547, 267)	' producer'	16315
15660	(4035, 10551)	' properties'	16316
15661	(7578, 875)	' encourage'	16317
15662	(579, 680)	'学者'	16318
15663	(286, 2158)	' mai'	16319
15664	(8802, 7075)	' institutions'	16320
15665	(5177, 142)	'ою'	16321
15666	(2109, 879)	'іл'	16322
15667	(121, 1015)	'yang'	16323
15668	(915, 265)	' pron'	16324
15669	(294, 120)	' anx'	16325
15670	(649, 3282)	'ош'	16326
15671	(511, 3818)	' sevent'	16327
15672	(989, 397)	'被人'	16328
15673	(101, 583)	'equ'	16329
15674	(2897, 161)	'峡'	16330
15675	(985, 397)	'中国人'	16331
15676	(301, 274)	'asan'	16332
15677	(277, 16544)	' buddy'	16333
15678	(847, 573)	'如下'	16334
15679	(866, 179)	'柳'	16335
15680	(684, 1055)	'自信'	16336
15681	(318, 68)	' ID'	16337
15682	(2259, 141)	'認'	16338
15683	(16655, 2425)	'阿森纳'	16339
15684	(1593, 400)	'太大'	16340
15685	(165, 3055)	b'\xa5\xe0\xab\x80'	16341
15686	(273, 728)	'oured'	16342
15687	(862, 164)	'恤'	16343
15688	(1017, 9719)	'assador'	16344
15689	(3999, 1040)	'尤文'	16345
15690	(297, 734)	' hide'	16346
15691	(4610, 612)	'yright'	16347
15692	(1919, 110)	'àn'	16348
15693	(802, 190)	'ま'	16349
15694	(7658, 2761)	'点击进入'	16350
15695	(2602, 287)	' informed'	16351
15696	(7147, 287)	' aimed'	16352
15697	(229, 154)	b'\xe5\x9a'	16353
15698	(385, 522)	' stab'	16354
15699	(2088, 16592)	' Arsenal'	16355
15700	(1420, 16651)	' awareness'	16356
15701	(291, 738)	' dia'	16357
15702	(3384, 350)	'分别是'	16358
15703	(486, 1303)	'出线'	16359
15704	(712, 6105)	' Khan'	16360
15705	(306, 152)	'團'	16361
15706	(272, 4953)	'的角色'	16362
15707	(715, 3708)	'之旅'	16363
15708	(556, 8712)	'可惜'	16364
15709	(450, 110)	'oln'	16365
15710	(1136, 51)	' 43'	16366
15711	(1106, 682)	'awks'	16367
15712	(586, 189)	'ሽ'	16368
15713	(509, 181)	'創'	16369
15714	(1380, 267)	' shoulder'	16370
15715	(7581, 10457)	'電視'	16371
15716	(342, 156)	'斜'	16372
15717	(387, 145)	'扑'	16373
15718	(272, 7202)	'的态度'	16374
15719	(458, 274)	'agan'	16375
15720	(4086, 883)	'货币基金'	16376
15721	(496, 332)	' Ret'	16377
15722	(1333, 1186)	'低调'	16378
15723	(267, 527)	'erts'	16379
15724	(1663, 7371)	' ministry'	16380
15725	(384, 189)	'函'	16381
15726	(7354, 995)	' Getty'	16382
15727	(356, 835)	' Try'	16383
15728	(4625, 4774)	'毛利率'	16384
15729	(582, 1765)	' alert'	16385
15730	(16581, 3194)	' trends'	16386
15731	(6263, 992)	' assistance'	16387
15732	(2968, 3981)	'่ง'	16388
15733	(1831, 16603)	'维生素'	16389
15734	(767, 1040)	'天文'	16390
15735	(354, 423)	' Sus'	16391
15736	(7881, 1098)	' Foreign'	16392
15737	(3464, 3088)	'瑞典'	16393
15738	(6260, 70)	'IMF'	16394
15739	(5529, 3217)	'钢铁'	16395
15740	(506, 2878)	'会谈'	16396
15741	(442, 16567)	' kitchen'	16397
15742	(1685, 961)	' smile'	16398
15743	(1785, 4601)	' winners'	16399
15744	(788, 539)	'等地'	16400
15745	(375, 6343)	'unction'	16401
15746	(1261, 4788)	'城乡'	16402
15747	(5678, 320)	' circle'	16403
15748	(3987, 908)	'休斯'	16404
15749	(4839, 155)	'เป'	16405
15750	(510, 16448)	' FUCK'	16406
15751	(490, 3617)	' NAS'	16407
15752	(2561, 2674)	' opposed'	16408
15753	(6385, 287)	' selected'	16409
15754	(8780, 115)	' Muslims'	16410
15755	(1503, 1553)	' flair'	16411
15756	(5346, 16616)	'宇宙'	16412
15757	(5428, 419)	'联合国'	16413
15758	(16215, 7897)	' experiment'	16414
15759	(256, 522)	' tab'	16415
15760	(9702, 643)	' entertainment'	16416
15761	(284, 6732)	' picking'	16417
15762	(494, 267)	'uster'	16418
15763	(564, 1881)	'他认为'	16419
15764	(4235, 3499)	' fundament'	16420
15765	(2637, 5164)	'温暖'	16421
15766	(1047, 459)	'orders'	16422
15767	(378, 460)	'有个'	16423
15768	(16563, 9426)	'owboys'	16424
15769	(2522, 370)	' reput'	16425
15770	(1564, 2374)	' assists'	16426
15771	(67, 83)	'CS'	16427
15772	(678, 2340)	'ureau'	16428
15773	(5936, 968)	'阴道'	16429
15774	(4591, 7212)	' boyfriend'	16430
15775	(2268, 676)	'ername'	16431
15776	(2350, 367)	" state's"	16432
15777	(684, 958)	'自从'	16433
15778	(898, 5404)	'万平米'	16434
15779	(121, 276)	'yor'	16435
15780	(1093, 109)	'əm'	16436
15781	(842, 155)	'際'	16437
15782	(1282, 1542)	'变形'	16438
15783	(16527, 6571)	'lahoma'	16439
15784	(3196, 397)	'申请人'	16440
15785	(6317, 699)	'计算机'	16441
15786	(1323, 1531)	'星际'	16442
15787	(7193, 2053)	' Morgan'	16443
15788	(948, 161)	'啡'	16444
15789	(16593, 281)	' Lewis'	16445
15790	(3476, 817)	' humans'	16446
15791	(16253, 105)	' behavi'	16447
15792	(7384, 187)	b'\x81\xe1\x80\xbb'	16448
15793	(3241, 2138)	'登录'	16449
15794	(526, 111)	'elo'	16450
15795	(5748, 5762)	' cultural'	16451
15796	(3518, 1320)	' tradition'	16452
15797	(2269, 9352)	' efficient'	16453
15798	(16028, 3867)	' increases'	16454
15799	(4183, 287)	' stayed'	16455
15800	(2873, 4728)	' так'	16456
15801	(9847, 3524)	'衰退'	16457
15802	(2250, 116)	' Ant'	16458
15803	(740, 1645)	'资深'	16459
15804	(343, 16608)	' eclipse'	16460
15805	(545, 1603)	'发售'	16461
15806	(1200, 1349)	'week'	16462
15807	(442, 1307)	' kiss'	16463
15808	(5014, 188)	'과'	16464
15809	(298, 178)	'仲'	16465
15810	(5858, 1767)	' Brook'	16466
15811	(6523, 617)	' terrorist'	16467
15812	(2509, 168)	'ਾਨ'	16468
15813	(108, 1106)	'law'	16469
15814	(112, 328)	'pay'	16470
15815	(1150, 16225)	'二等奖'	16471
15816	(1964, 830)	'权利'	16472
15817	(376, 1832)	' Award'	16473
15818	(2138, 2518)	'录音'	16474
15819	(545, 3731)	'发射'	16475
15820	(560, 258)	'akin'	16476
15821	(595, 506)	'公会'	16477
15822	(428, 1303)	'上线'	16478
15823	(844, 2080)	'看到了'	16479
15824	(354, 67)	' SC'	16480
15825	(1214, 1974)	'代言'	16481
15826	(370, 678)	'uture'	16482
15827	(700, 1429)	'比亚'	16483
15828	(707, 170)	'汪'	16484
15829	(16257, 8671)	' Southeast'	16485
15830	(385, 16267)	' stadium'	16486
15831	(6182, 10779)	'睡眠'	16487
15832	(272, 4662)	'的比例'	16488
15833	(10246, 423)	' virus'	16489
15834	(566, 170)	'প'	16490
15835	(5612, 2593)	'ෙන'	16491
15836	(112, 330)	'pot'	16492
15837	(2749, 1017)	'arrass'	16493
15838	(278, 105)	' ci'	16494
15839	(16242, 534)	'诞生'	16495
15840	(373, 109)	'imm'	16496
15841	(2679, 1415)	'简约'	16497
15842	(496, 975)	' Rick'	16498
15843	(268, 1707)	' wrest'	16499
15844	(8651, 8270)	' અને'	16500
15845	(235, 144)	b'\xeb\x90'	16501
15846	(286, 353)	' mac'	16502
15847	(84, 88)	'TX'	16503
15848	(336, 1433)	'一项'	16504
15849	(317, 181)	'吵'	16505
15850	(32, 198)	b' \xc6'	16506
15851	(431, 2100)	'chị'	16507
15852	(7654, 8816)	'拆迁'	16508
15853	(2479, 3965)	'scape'	16510
15854	(1844, 274)	'annan'	16511
15855	(16251, 459)	' lawyers'	16512
15856	(5567, 16614)	' genuine'	16513
15857	(2070, 285)	' tries'	16514
15858	(5408, 7260)	' что'	16515
15859	(1419, 1262)	'称号'	16516
15860	(76, 1081)	'Look'	16517
15861	(1625, 851)	'精心'	16518
15862	(597, 8931)	'市鎮'	16519
15863	(3498, 283)	' claiming'	16520
15864	(571, 557)	'成分'	16521
15865	(663, 3175)	'最新的'	16522
15866	(32, 2000)	' 李'	16523
15867	(1375, 175)	'ク'	16524
15868	(915, 3102)	' print'	16525
15869	(355, 116)	' ist'	16526
15870	(4194, 836)	'ونو'	16527
15871	(898, 272)	'万的'	16528
15872	(2781, 2512)	' visiting'	16529
15873	(5990, 283)	' drawing'	16530
15874	(3243, 16644)	' được'	16531
15875	(78, 3617)	'NAS'	16532
15876	(16599, 1222)	' Turkish'	16533
15877	(3242, 110)	'umbn'	16534
15878	(9029, 114)	' gör'	16535
15879	(3387, 1269)	'街头'	16536
15880	(7229, 1716)	'浙江省'	16537
15881	(1717, 2415)	'防范'	16538
15882	(377, 77)	' CM'	16539
15883	(291, 2277)	' dari'	16540
15884	(2742, 1730)	'ली'	16541
15885	(595, 10520)	'公斤'	16542
15886	(711, 129)	'趁'	16543
15887	(419, 3474)	'国庆'	16544
15888	(423, 293)	'usal'	16545
15889	(46, 103)	'.g'	16546
15890	(278, 536)	' cos'	16547
15891	(1201, 1767)	' rook'	16548
15892	(451, 136)	'屈'	16549
15893	(1761, 141)	' ው'	16550
15894	(4918, 6115)	'ình'	16551
15895	(272, 2351)	'的数据'	16552
15896	(1654, 716)	'改进'	16553
15897	(78, 5301)	'NPC'	16554
15898	(268, 6659)	' western'	16555
15899	(6102, 3109)	' ਨੇ'	16556
15900	(4391, 6661)	'著名的'	16557
15901	(277, 2317)	' bars'	16558
15902	(2614, 540)	'交易日'	16559
15903	(7176, 690)	' Everyone'	16560
15904	(977, 604)	' grant'	16561
15905	(272, 4739)	'的行为'	16562
15906	(291, 1540)	' dating'	16563
15907	(65, 370)	'Aut'	16564
15908	(41, 41)	'))'	16565
15909	(1520, 2231)	' remote'	16566
15910	(5671, 115)	' relationships'	16567
15911	(256, 334)	' tent'	16568
15912	(1286, 1877)	'风景'	16569
15913	(472, 1167)	' 120'	16570
15914	(1564, 16556)	' asshole'	16571
15915	(800, 9041)	'所提供的'	16572
15916	(394, 146)	'盒'	16573
15917	(400, 1661)	'大师'	16574
15918	(16472, 330)	' pilot'	16575
15919	(84, 79)	'TO'	16576
15920	(10129, 6697)	'ዎች'	16577
15921	(2190, 390)	'生活中'	16578
15922	(2756, 274)	' explan'	16579
15923	(1674, 2849)	' register'	16580
15924	(779, 1563)	'平半'	16581
15925	(2938, 503)	'ала'	16582
15926	(6432, 155)	'槛'	16583
15927	(1559, 140)	'煌'	16584
15928	(1124, 115)	' diss'	16585
15929	(1150, 807)	'二次'	16586
15930	(715, 1531)	'之际'	16587
15931	(881, 767)	'两天'	16588
15932	(1777, 553)	'银行业'	16589
15933	(601, 2454)	'高兴'	16591
15934	(336, 6351)	'一辆'	16592
15935	(1600, 908)	'尼斯'	16593
15936	(71, 108)	'Gl'	16594
15937	(16532, 643)	' harassment'	16595
15938	(66, 66)	'BB'	16596
15939	(356, 97)	' Ta'	16597
15940	(2980, 2544)	' सं'	16598
15941	(463, 276)	' Hor'	16599
15942	(1625, 773)	'精品'	16600
15943	(291, 6906)	' duty'	16601
15944	(2572, 16118)	'ায়'	16602
15945	(1480, 156)	b' \xec\x9c'	16603
15946	(470, 6121)	' Wales'	16604
15947	(5833, 7291)	' convicted'	16605
15948	(1316, 272)	'处的'	16606
15949	(4163, 1152)	'挑选'	16607
15950	(1373, 1298)	'济南'	16608
15951	(385, 2660)	' stead'	16609
15952	(2845, 5016)	' soccer'	16610
15953	(2608, 4207)	'紧缩'	16611
15954	(355, 450)	' isol'	16612
15955	(701, 100)	' outd'	16613
15956	(2290, 1376)	'初盘'	16614
15957	(272, 663)	'的最'	16615
15958	(16628, 16151)	'膨胀'	16616
15959	(1850, 1152)	'评选'	16617
15960	(16657, 16656)	'尴尬'	16618
15961	(3343, 287)	' performed'	16619
15962	(1482, 1446)	'美国经济'	16620
15963	(464, 332)	' Det'	16621
15964	(2756, 3166)	' explains'	16622
15965	(11306, 643)	' retirement'	16623
15966	(282, 365)	' fro'	16624
15967	(1498, 2772)	'校园'	16625
15968	(336, 789)	'一体'	16626
15969	(2307, 3092)	' Indones'	16627
15970	(665, 396)	'用了'	16628
15971	(16558, 780)	'秘书长'	16629
15972	(3800, 7092)	'避孕'	16630
15973	(1843, 497)	' Should'	16631
15974	(4371, 1190)	'概率'	16632
15975	(2425, 908)	'纳斯'	16633
15976	(6045, 397)	'敌人'	16634
15977	(291, 1391)	' dump'	16635
15978	(2823, 691)	' Price'	16636
15979	(3375, 843)	'折价'	16637
15980	(3841, 168)	'館'	16638
15981	(853, 2290)	'当初'	16639
15982	(16605, 4378)	'enezuel'	16640
15983	(8179, 87)	'NEW'	16641
15984	(1920, 553)	'置业'	16642
15985	(1313, 1740)	'立博'	16643
15986	(10224, 331)	' roughly'	16644
15987	(2352, 159)	'濟'	16645
15988	(336, 709)	'一同'	16646
15989	(272, 1066)	'的海'	16647
15990	(46, 74)	'.J'	16648
15991	(528, 115)	'uls'	16649
15992	(10781, 818)	' checking'	16650
15993	(45, 1702)	'-gr'	16651
15994	(2276, 10039)	' oblig'	16652
15995	(553, 1452)	'业界'	16653
15996	(-1, -1)	'<_EOS_>'	-1
15997	(-1, -1)	'<_SOS_>'	-1
15998	(-1, -1)	'<_SEP_>'	-1
15999	(-1, -1)	'<_PAD_>'	-1
