0	(-1, -1)	b'\x00'	-1
1	(-1, -1)	b'\x01'	-1
2	(-1, -1)	b'\x02'	-1
3	(-1, -1)	b'\x03'	-1
4	(-1, -1)	b'\x04'	-1
5	(-1, -1)	b'\x05'	-1
6	(-1, -1)	b'\x06'	-1
7	(-1, -1)	b'\x07'	-1
8	(-1, -1)	b'\x08'	-1
9	(-1, -1)	b'\t'	-1
10	(-1, -1)	b'\n'	-1
11	(-1, -1)	b'\x0b'	-1
12	(-1, -1)	b'\x0c'	-1
13	(-1, -1)	b'\r'	-1
14	(-1, -1)	b'\x0e'	-1
15	(-1, -1)	b'\x0f'	-1
16	(-1, -1)	b'\x10'	-1
17	(-1, -1)	b'\x11'	-1
18	(-1, -1)	b'\x12'	-1
19	(-1, -1)	b'\x13'	-1
20	(-1, -1)	b'\x14'	-1
21	(-1, -1)	b'\x15'	-1
22	(-1, -1)	b'\x16'	-1
23	(-1, -1)	b'\x17'	-1
24	(-1, -1)	b'\x18'	-1
25	(-1, -1)	b'\x19'	-1
26	(-1, -1)	b'\x1a'	-1
27	(-1, -1)	b'\x1b'	-1
28	(-1, -1)	b'\x1c'	-1
29	(-1, -1)	b'\x1d'	-1
30	(-1, -1)	b'\x1e'	-1
31	(-1, -1)	b'\x1f'	-1
32	(-1, -1)	' '	-1
33	(-1, -1)	'!'	-1
34	(-1, -1)	'"'	-1
35	(-1, -1)	'#'	-1
36	(-1, -1)	'$'	-1
37	(-1, -1)	'%'	-1
38	(-1, -1)	'&'	-1
39	(-1, -1)	"'"	-1
40	(-1, -1)	'('	-1
41	(-1, -1)	')'	-1
42	(-1, -1)	'*'	-1
43	(-1, -1)	'+'	-1
44	(-1, -1)	','	-1
45	(-1, -1)	'-'	-1
46	(-1, -1)	'.'	-1
47	(-1, -1)	'/'	-1
48	(-1, -1)	'0'	-1
49	(-1, -1)	'1'	-1
50	(-1, -1)	'2'	-1
51	(-1, -1)	'3'	-1
52	(-1, -1)	'4'	-1
53	(-1, -1)	'5'	-1
54	(-1, -1)	'6'	-1
55	(-1, -1)	'7'	-1
56	(-1, -1)	'8'	-1
57	(-1, -1)	'9'	-1
58	(-1, -1)	':'	-1
59	(-1, -1)	';'	-1
60	(-1, -1)	'<'	-1
61	(-1, -1)	'='	-1
62	(-1, -1)	'>'	-1
63	(-1, -1)	'?'	-1
64	(-1, -1)	'@'	-1
65	(-1, -1)	'A'	-1
66	(-1, -1)	'B'	-1
67	(-1, -1)	'C'	-1
68	(-1, -1)	'D'	-1
69	(-1, -1)	'E'	-1
70	(-1, -1)	'F'	-1
71	(-1, -1)	'G'	-1
72	(-1, -1)	'H'	-1
73	(-1, -1)	'I'	-1
74	(-1, -1)	'J'	-1
75	(-1, -1)	'K'	-1
76	(-1, -1)	'L'	-1
77	(-1, -1)	'M'	-1
78	(-1, -1)	'N'	-1
79	(-1, -1)	'O'	-1
80	(-1, -1)	'P'	-1
81	(-1, -1)	'Q'	-1
82	(-1, -1)	'R'	-1
83	(-1, -1)	'S'	-1
84	(-1, -1)	'T'	-1
85	(-1, -1)	'U'	-1
86	(-1, -1)	'V'	-1
87	(-1, -1)	'W'	-1
88	(-1, -1)	'X'	-1
89	(-1, -1)	'Y'	-1
90	(-1, -1)	'Z'	-1
91	(-1, -1)	'['	-1
92	(-1, -1)	'\\'	-1
93	(-1, -1)	']'	-1
94	(-1, -1)	'^'	-1
95	(-1, -1)	'_'	-1
96	(-1, -1)	'`'	-1
97	(-1, -1)	'a'	-1
98	(-1, -1)	'b'	-1
99	(-1, -1)	'c'	-1
100	(-1, -1)	'd'	-1
101	(-1, -1)	'e'	-1
102	(-1, -1)	'f'	-1
103	(-1, -1)	'g'	-1
104	(-1, -1)	'h'	-1
105	(-1, -1)	'i'	-1
106	(-1, -1)	'j'	-1
107	(-1, -1)	'k'	-1
108	(-1, -1)	'l'	-1
109	(-1, -1)	'm'	-1
110	(-1, -1)	'n'	-1
111	(-1, -1)	'o'	-1
112	(-1, -1)	'p'	-1
113	(-1, -1)	'q'	-1
114	(-1, -1)	'r'	-1
115	(-1, -1)	's'	-1
116	(-1, -1)	't'	-1
117	(-1, -1)	'u'	-1
118	(-1, -1)	'v'	-1
119	(-1, -1)	'w'	-1
120	(-1, -1)	'x'	-1
121	(-1, -1)	'y'	-1
122	(-1, -1)	'z'	-1
123	(-1, -1)	'{'	-1
124	(-1, -1)	'|'	-1
125	(-1, -1)	'}'	-1
126	(-1, -1)	'~'	-1
127	(-1, -1)	'\x7f'	-1
128	(-1, -1)	b'\x80'	-1
129	(-1, -1)	b'\x81'	-1
130	(-1, -1)	b'\x82'	-1
131	(-1, -1)	b'\x83'	-1
132	(-1, -1)	b'\x84'	-1
133	(-1, -1)	b'\x85'	-1
134	(-1, -1)	b'\x86'	-1
135	(-1, -1)	b'\x87'	-1
136	(-1, -1)	b'\x88'	-1
137	(-1, -1)	b'\x89'	-1
138	(-1, -1)	b'\x8a'	-1
139	(-1, -1)	b'\x8b'	-1
140	(-1, -1)	b'\x8c'	-1
141	(-1, -1)	b'\x8d'	-1
142	(-1, -1)	b'\x8e'	-1
143	(-1, -1)	b'\x8f'	-1
144	(-1, -1)	b'\x90'	-1
145	(-1, -1)	b'\x91'	-1
146	(-1, -1)	b'\x92'	-1
147	(-1, -1)	b'\x93'	-1
148	(-1, -1)	b'\x94'	-1
149	(-1, -1)	b'\x95'	-1
150	(-1, -1)	b'\x96'	-1
151	(-1, -1)	b'\x97'	-1
152	(-1, -1)	b'\x98'	-1
153	(-1, -1)	b'\x99'	-1
154	(-1, -1)	b'\x9a'	-1
155	(-1, -1)	b'\x9b'	-1
156	(-1, -1)	b'\x9c'	-1
157	(-1, -1)	b'\x9d'	-1
158	(-1, -1)	b'\x9e'	-1
159	(-1, -1)	b'\x9f'	-1
160	(-1, -1)	b'\xa0'	-1
161	(-1, -1)	b'\xa1'	-1
162	(-1, -1)	b'\xa2'	-1
163	(-1, -1)	b'\xa3'	-1
164	(-1, -1)	b'\xa4'	-1
165	(-1, -1)	b'\xa5'	-1
166	(-1, -1)	b'\xa6'	-1
167	(-1, -1)	b'\xa7'	-1
168	(-1, -1)	b'\xa8'	-1
169	(-1, -1)	b'\xa9'	-1
170	(-1, -1)	b'\xaa'	-1
171	(-1, -1)	b'\xab'	-1
172	(-1, -1)	b'\xac'	-1
173	(-1, -1)	b'\xad'	-1
174	(-1, -1)	b'\xae'	-1
175	(-1, -1)	b'\xaf'	-1
176	(-1, -1)	b'\xb0'	-1
177	(-1, -1)	b'\xb1'	-1
178	(-1, -1)	b'\xb2'	-1
179	(-1, -1)	b'\xb3'	-1
180	(-1, -1)	b'\xb4'	-1
181	(-1, -1)	b'\xb5'	-1
182	(-1, -1)	b'\xb6'	-1
183	(-1, -1)	b'\xb7'	-1
184	(-1, -1)	b'\xb8'	-1
185	(-1, -1)	b'\xb9'	-1
186	(-1, -1)	b'\xba'	-1
187	(-1, -1)	b'\xbb'	-1
188	(-1, -1)	b'\xbc'	-1
189	(-1, -1)	b'\xbd'	-1
190	(-1, -1)	b'\xbe'	-1
191	(-1, -1)	b'\xbf'	-1
192	(-1, -1)	b'\xc0'	-1
193	(-1, -1)	b'\xc1'	-1
194	(-1, -1)	b'\xc2'	-1
195	(-1, -1)	b'\xc3'	-1
196	(-1, -1)	b'\xc4'	-1
197	(-1, -1)	b'\xc5'	-1
198	(-1, -1)	b'\xc6'	-1
199	(-1, -1)	b'\xc7'	-1
200	(-1, -1)	b'\xc8'	-1
201	(-1, -1)	b'\xc9'	-1
202	(-1, -1)	b'\xca'	-1
203	(-1, -1)	b'\xcb'	-1
204	(-1, -1)	b'\xcc'	-1
205	(-1, -1)	b'\xcd'	-1
206	(-1, -1)	b'\xce'	-1
207	(-1, -1)	b'\xcf'	-1
208	(-1, -1)	b'\xd0'	-1
209	(-1, -1)	b'\xd1'	-1
210	(-1, -1)	b'\xd2'	-1
211	(-1, -1)	b'\xd3'	-1
212	(-1, -1)	b'\xd4'	-1
213	(-1, -1)	b'\xd5'	-1
214	(-1, -1)	b'\xd6'	-1
215	(-1, -1)	b'\xd7'	-1
216	(-1, -1)	b'\xd8'	-1
217	(-1, -1)	b'\xd9'	-1
218	(-1, -1)	b'\xda'	-1
219	(-1, -1)	b'\xdb'	-1
220	(-1, -1)	b'\xdc'	-1
221	(-1, -1)	b'\xdd'	-1
222	(-1, -1)	b'\xde'	-1
223	(-1, -1)	b'\xdf'	-1
224	(-1, -1)	b'\xe0'	-1
225	(-1, -1)	b'\xe1'	-1
226	(-1, -1)	b'\xe2'	-1
227	(-1, -1)	b'\xe3'	-1
228	(-1, -1)	b'\xe4'	-1
229	(-1, -1)	b'\xe5'	-1
230	(-1, -1)	b'\xe6'	-1
231	(-1, -1)	b'\xe7'	-1
232	(-1, -1)	b'\xe8'	-1
233	(-1, -1)	b'\xe9'	-1
234	(-1, -1)	b'\xea'	-1
235	(-1, -1)	b'\xeb'	-1
236	(-1, -1)	b'\xec'	-1
237	(-1, -1)	b'\xed'	-1
238	(-1, -1)	b'\xee'	-1
239	(-1, -1)	b'\xef'	-1
240	(-1, -1)	b'\xf0'	-1
241	(-1, -1)	b'\xf1'	-1
242	(-1, -1)	b'\xf2'	-1
243	(-1, -1)	b'\xf3'	-1
244	(-1, -1)	b'\xf4'	-1
245	(-1, -1)	b'\xf5'	-1
246	(-1, -1)	b'\xf6'	-1
247	(-1, -1)	b'\xf7'	-1
248	(-1, -1)	b'\xf8'	-1
249	(-1, -1)	b'\xf9'	-1
250	(-1, -1)	b'\xfa'	-1
251	(-1, -1)	b'\xfb'	-1
252	(-1, -1)	b'\xfc'	-1
253	(-1, -1)	b'\xfd'	-1
254	(-1, -1)	b'\xfe'	-1
255	(-1, -1)	b'\xff'	-1
256	(32, 116)	' t'	256
257	(32, 97)	' a'	257
258	(105, 110)	'in'	258
259	(104, 101)	'he'	259
260	(228, 184)	b'\xe4\xb8'	260
261	(239, 188)	b'\xef\xbc'	261
262	(261, 140)	'，'	262
263	(114, 101)	're'	263
264	(32, 115)	' s'	264
265	(111, 110)	'on'	265
266	(256, 259)	' the'	266
267	(101, 114)	'er'	267
268	(32, 119)	' w'	268
269	(227, 128)	b'\xe3\x80'	269
270	(231, 154)	b'\xe7\x9a'	270
271	(97, 116)	'at'	271
272	(270, 132)	'的'	272
273	(111, 117)	'ou'	273
274	(97, 110)	'an'	274
275	(105, 116)	'it'	275
276	(111, 114)	'or'	276
277	(32, 98)	' b'	277
278	(32, 99)	' c'	278
279	(101, 110)	'en'	279
280	(228, 186)	b'\xe4\xba'	280
281	(105, 115)	'is'	281
282	(32, 102)	' f'	282
283	(258, 103)	'ing'	283
284	(32, 112)	' p'	284
285	(101, 115)	'es'	285
286	(32, 109)	' m'	286
287	(101, 100)	'ed'	287
288	(97, 114)	'ar'	288
289	(32, 111)	' o'	289
290	(230, 156)	b'\xe6\x9c'	290
291	(32, 100)	' d'	291
292	(256, 111)	' to'	292
293	(97, 108)	'al'	293
294	(257, 110)	' an'	294
295	(269, 130)	'。'	295
296	(229, 143)	b'\xe5\x8f'	296
297	(32, 104)	' h'	297
298	(228, 187)	b'\xe4\xbb'	298
299	(229, 133)	b'\xe5\x85'	299
300	(32, 258)	' in'	300
301	(97, 115)	'as'	301
302	(229, 164)	b'\xe5\xa4'	302
303	(256, 104)	' th'	303
304	(289, 102)	' of'	304
305	(32, 108)	' l'	305
306	(229, 156)	b'\xe5\x9c'	306
307	(294, 100)	' and'	307
308	(105, 99)	'ic'	308
309	(229, 136)	b'\xe5\x88'	309
310	(111, 109)	'om'	310
311	(232, 191)	b'\xe8\xbf'	311
312	(108, 108)	'll'	312
313	(229, 174)	b'\xe5\xae'	313
314	(32, 110)	' n'	314
315	(230, 152)	b'\xe6\x98'	315
316	(32, 103)	' g'	316
317	(229, 144)	b'\xe5\x90'	317
318	(32, 73)	' I'	318
319	(228, 189)	b'\xe4\xbd'	319
320	(108, 101)	'le'	320
321	(115, 116)	'st'	321
322	(105, 265)	'ion'	322
323	(224, 164)	b'\xe0\xa4'	323
324	(118, 101)	've'	324
325	(230, 136)	b'\xe6\x88'	325
326	(105, 100)	'id'	326
327	(32, 121)	' y'	327
328	(97, 121)	'ay'	328
329	(229, 176)	b'\xe5\xb0'	329
330	(111, 116)	'ot'	330
331	(108, 121)	'ly'	331
332	(101, 116)	'et'	332
333	(32, 263)	' re'	333
334	(279, 116)	'ent'	334
335	(229, 155)	b'\xe5\x9b'	335
336	(260, 128)	'一'	336
337	(231, 187)	b'\xe7\xbb'	337
338	(226, 128)	b'\xe2\x80'	338
339	(229, 185)	b'\xe5\xb9'	339
340	(231, 148)	b'\xe7\x94'	340
341	(230, 151)	b'\xe6\x97'	341
342	(230, 150)	b'\xe6\x96'	342
343	(32, 101)	' e'	343
344	(229, 138)	b'\xe5\x8a'	344
345	(111, 119)	'ow'	345
346	(277, 101)	' be'	346
347	(32, 265)	' on'	347
348	(97, 100)	'ad'	348
349	(229, 141)	b'\xe5\x8d'	349
350	(315, 175)	'是'	350
351	(228, 185)	b'\xe4\xb9'	351
352	(97, 109)	'am'	352
353	(97, 99)	'ac'	353
354	(32, 83)	' S'	354
355	(32, 281)	' is'	355
356	(32, 84)	' T'	356
357	(306, 168)	'在'	357
358	(232, 175)	b'\xe8\xaf'	358
359	(32, 275)	' it'	359
360	(232, 174)	b'\xe8\xae'	360
361	(282, 276)	' for'	361
362	(233, 135)	b'\xe9\x87'	362
363	(228, 188)	b'\xe4\xbc'	363
364	(269, 129)	'、'	364
365	(114, 111)	'ro'	365
366	(303, 271)	' that'	366
367	(39, 115)	"'s"	367
368	(229, 184)	b'\xe5\xb8'	368
369	(105, 103)	'ig'	369
370	(117, 116)	'ut'	370
371	(327, 273)	' you'	371
372	(230, 157)	b'\xe6\x9d'	372
373	(105, 109)	'im'	373
374	(108, 100)	'ld'	374
375	(117, 110)	'un'	375
376	(32, 65)	' A'	376
377	(32, 67)	' C'	377
378	(290, 137)	'有'	378
379	(115, 101)	'se'	379
380	(229, 173)	b'\xe5\xad'	380
381	(32, 259)	' he'	381
382	(118, 267)	'ver'	382
383	(105, 114)	'ir'	383
384	(229, 135)	b'\xe5\x87'	384
385	(264, 116)	' st'	385
386	(260, 141)	'不'	386
387	(230, 137)	b'\xe6\x89'	387
388	(229, 190)	b'\xe5\xbe'	388
389	(229, 188)	b'\xe5\xbc'	389
390	(260, 173)	'中'	390
391	(32, 77)	' M'	391
392	(232, 128)	b'\xe8\x80'	392
393	(232, 161)	b'\xe8\xa1'	393
394	(231, 155)	b'\xe7\x9b'	394
395	(232, 181)	b'\xe8\xb5'	395
396	(280, 134)	'了'	396
397	(280, 186)	'人'	397
398	(117, 114)	'ur'	398
399	(107, 101)	'ke'	399
400	(302, 167)	'大'	400
401	(229, 165)	b'\xe5\xa5'	401
402	(101, 99)	'ec'	402
403	(229, 183)	b'\xe5\xb7'	403
404	(275, 104)	'ith'	404
405	(229, 175)	b'\xe5\xaf'	405
406	(105, 312)	'ill'	406
407	(231, 142)	b'\xe7\x8e'	407
408	(111, 111)	'oo'	408
409	(268, 104)	' wh'	409
410	(229, 134)	b'\xe5\x86'	410
411	(116, 267)	'ter'	412
412	(229, 186)	b'\xe5\xba'	413
413	(233, 128)	b'\xe9\x80'	414
414	(32, 224)	b' \xe0'	415
415	(230, 138)	b'\xe6\x8a'	416
416	(268, 404)	' with'	417
417	(32, 66)	' B'	418
418	(105, 108)	'il'	419
419	(335, 189)	'国'	420
420	(260, 186)	'为'	421
421	(268, 101)	' we'	422
422	(232, 180)	b'\xe8\xb4'	423
423	(117, 115)	'us'	424
424	(48, 48)	'00'	425
425	(273, 116)	'out'	426
426	(297, 97)	' ha'	427
427	(339, 180)	'年'	428
428	(260, 138)	'上'	429
429	(229, 189)	b'\xe5\xbd'	430
430	(225, 128)	b'\xe1\x80'	431
431	(99, 104)	'ch'	432
432	(229, 140)	b'\xe5\x8c'	433
433	(99, 101)	'ce'	434
434	(32, 114)	' r'	435
435	(268, 301)	' was'	436
436	(32, 80)	' P'	437
437	(257, 115)	' as'	438
438	(230, 149)	b'\xe6\x95'	439
439	(231, 137)	b'\xe7\x89'	440
440	(232, 167)	b'\xe8\xa7'	441
441	(271, 322)	'ation'	442
442	(32, 107)	' k'	443
443	(229, 146)	b'\xe5\x92'	444
444	(257, 116)	' at'	445
445	(230, 148)	b'\xe6\x94'	446
446	(105, 102)	'if'	447
447	(231, 167)	b'\xe7\xa7'	448
448	(230, 160)	b'\xe6\xa0'	449
449	(233, 153)	b'\xe9\x99'	450
450	(111, 108)	'ol'	451
451	(229, 177)	b'\xe5\xb1'	452
452	(46, 46)	'..'	453
453	(443, 140)	'和'	454
454	(230, 173)	b'\xe6\xad'	455
455	(338, 156)	'“'	456
456	(338, 157)	'”'	457
457	(231, 186)	b'\xe7\xba'	458
458	(97, 103)	'ag'	459
459	(267, 115)	'ers'	460
460	(260, 170)	'个'	461
461	(233, 151)	b'\xe9\x97'	462
462	(311, 153)	'这'	463
463	(32, 72)	' H'	464
464	(32, 68)	' D'	465
465	(230, 128)	b'\xe6\x80'	466
466	(32, 50)	' 2'	467
467	(341, 182)	'时'	468
468	(298, 165)	'以'	469
469	(32, 208)	b' \xd0'	470
470	(32, 87)	' W'	471
471	(224, 184)	b'\xe0\xb8'	472
472	(32, 49)	' 1'	473
473	(117, 112)	'up'	474
474	(231, 144)	b'\xe7\x90'	475
475	(369, 104)	'igh'	476
476	(230, 139)	b'\xe6\x8b'	477
477	(111, 263)	'ore'	478
478	(101, 109)	'em'	479
479	(39, 116)	"'t"	480
480	(114, 105)	'ri'	481
481	(261, 154)	'：'	482
482	(229, 145)	b'\xe5\x91'	483
483	(232, 135)	b'\xe8\x87'	484
484	(259, 114)	'her'	485
485	(285, 116)	'est'	486
486	(384, 186)	'出'	487
487	(230, 181)	b'\xe6\xb5'	488
488	(257, 263)	' are'	489
489	(111, 112)	'op'	490
490	(32, 78)	' N'	491
491	(32, 106)	' j'	492
492	(313, 182)	'家'	493
493	(233, 157)	b'\xe9\x9d'	494
494	(117, 321)	'ust'	495
495	(309, 176)	'到'	496
496	(32, 82)	' R'	497
497	(273, 374)	'ould'	498
498	(229, 159)	b'\xe5\x9f'	499
499	(117, 109)	'um'	500
500	(273, 110)	'oun'	501
501	(426, 324)	' have'	502
502	(230, 175)	b'\xe6\xaf'	503
503	(208, 176)	'а'	504
504	(264, 104)	' sh'	505
505	(274, 100)	'and'	506
506	(363, 154)	'会'	507
507	(230, 172)	b'\xe6\xac'	508
508	(32, 216)	b' \xd8'	509
509	(229, 137)	b'\xe5\x89'	510
510	(32, 70)	' F'	511
511	(264, 101)	' se'	512
512	(278, 310)	' com'	513
513	(230, 179)	b'\xe6\xb3'	514
514	(278, 265)	' con'	515
515	(116, 104)	'th'	516
516	(229, 191)	b'\xe5\xbf'	517
517	(314, 101)	' ne'	518
518	(232, 16000)	'能'	519
519	(271, 101)	'ate'	520
520	(372, 165)	'来'	521
521	(405, 185)	'对'	522
522	(97, 98)	'ab'	523
523	(230, 176)	b'\xe6\xb0'	524
524	(229, 142)	b'\xe5\x8e'	525
525	(233, 152)	b'\xe9\x98'	526
526	(101, 108)	'el'	527
527	(116, 115)	'ts'	528
528	(117, 108)	'ul'	529
529	(393, 140)	'行'	530
530	(314, 330)	' not'	531
531	(32, 76)	' L'	532
532	(97, 258)	'ain'	533
533	(264, 97)	' sa'	534
534	(340, 159)	'生'	535
535	(232, 166)	b'\xe8\xa6'	536
536	(111, 115)	'os'	537
537	(224, 165)	b'\xe0\xa5'	538
538	(325, 145)	'我'	539
539	(306, 176)	'地'	540
540	(341, 165)	'日'	541
541	(230, 142)	b'\xe6\x8e'	542
542	(32, 71)	' G'	543
543	(99, 116)	'ct'	544
544	(282, 114)	' fr'	545
545	(296, 145)	'发'	546
546	(32, 118)	' v'	547
547	(233, 162)	b'\xe9\xa2'	548
548	(273, 114)	'our'	549
549	(228, 191)	b'\xe4\xbf'	550
550	(306, 186)	'场'	551
551	(230, 140)	b'\xe6\x8c'	552
552	(291, 111)	' do'	553
553	(260, 154)	'业'	554
554	(291, 101)	' de'	555
555	(535, 129)	'要'	556
556	(296, 175)	'可'	557
557	(309, 134)	'分'	558
558	(230, 158)	b'\xe6\x9e'	559
559	(284, 365)	' pro'	560
560	(97, 107)	'ak'	561
561	(232, 190)	b'\xe8\xbe'	562
562	(362, 145)	'金'	563
563	(231, 156)	b'\xe7\x9c'	564
564	(298, 150)	'他'	565
565	(84, 259)	'The'	566
566	(224, 166)	b'\xe0\xa6'	567
567	(303, 281)	' this'	568
568	(280, 142)	'于'	569
569	(230, 178)	b'\xe6\xb2'	570
570	(224, 176)	b'\xe0\xb0'	571
571	(325, 144)	'成'	572
572	(230, 131)	b'\xe6\x83'	573
573	(260, 139)	'下'	574
574	(285, 115)	'ess'	575
575	(229, 147)	b'\xe5\x93'	576
576	(302, 154)	'多'	577
577	(231, 173)	b'\xe7\xad'	578
578	(263, 115)	'res'	579
579	(380, 166)	'学'	580
580	(224, 174)	b'\xe0\xae'	581
581	(293, 331)	'ally'	582
582	(257, 108)	' al'	583
583	(113, 117)	'qu'	584
584	(233, 171)	b'\xe9\xab'	585
585	(305, 105)	' li'	586
586	(225, 136)	b'\xe1\x88'	587
587	(317, 142)	'后'	588
588	(32, 69)	' E'	589
589	(32, 323)	b' \xe0\xa4'	590
590	(351, 159)	'也'	591
591	(112, 112)	'pp'	592
592	(343, 120)	' ex'	593
593	(32, 276)	' or'	594
594	(277, 370)	' but'	595
595	(299, 172)	'公'	596
596	(278, 104)	' ch'	597
597	(368, 130)	'市'	598
598	(298, 172)	'们'	599
599	(290, 136)	'月'	600
600	(310, 101)	'ome'	601
601	(584, 152)	'高'	602
602	(208, 184)	'и'	603
603	(288, 116)	'art'	604
604	(274, 116)	'ant'	605
605	(544, 310)	' from'	606
606	(224, 170)	b'\xe0\xaa'	607
607	(342, 176)	'新'	608
608	(279, 100)	'end'	609
609	(101, 288)	'ear'	610
610	(103, 104)	'gh'	611
611	(284, 108)	' pl'	612
612	(475, 116)	'ight'	613
613	(356, 259)	' The'	614
614	(337, 143)	'经'	615
615	(32, 74)	' J'	616
616	(230, 132)	b'\xe6\x84'	617
617	(281, 116)	'ist'	618
618	(225, 187)	b'\xe1\xbb'	619
619	(407, 176)	'现'	620
620	(342, 185)	'方'	621
621	(293, 108)	'all'	622
622	(257, 98)	' ab'	623
623	(509, 141)	'前'	624
624	(231, 190)	b'\xe7\xbe'	625
625	(230, 184)	b'\xe6\xb8'	626
626	(301, 116)	'ast'	627
627	(216, 167)	'ا'	628
628	(533, 326)	' said'	629
629	(224, 168)	b'\xe0\xa8'	630
630	(288, 100)	'ard'	631
631	(229, 128)	b'\xe5\x80'	632
632	(256, 114)	' tr'	633
633	(353, 107)	'ack'	634
634	(277, 121)	' by'	635
635	(276, 116)	'ort'	636
636	(275, 121)	'ity'	637
637	(105, 324)	'ive'	638
638	(111, 99)	'oc'	639
639	(286, 101)	' me'	640
640	(329, 177)	'就'	641
641	(32, 79)	' O'	642
642	(111, 321)	'ost'	643
643	(109, 334)	'ment'	644
644	(230, 155)	b'\xe6\x9b'	645
645	(230, 180)	b'\xe6\xb4'	646
646	(105, 101)	'ie'	647
647	(231, 189)	b'\xe7\xbd'	648
648	(232, 130)	b'\xe8\x82'	649
649	(208, 190)	'о'	650
650	(266, 121)	' they'	651
651	(97, 112)	'ap'	652
652	(297, 301)	' has'	653
653	(311, 135)	'过'	654
654	(48, 49)	'01'	655
655	(260, 187)	'主'	656
656	(233, 129)	b'\xe9\x81'	657
657	(389, 128)	'开'	658
658	(233, 149)	b'\xe9\x95'	659
659	(233, 131)	b'\xe9\x83'	660
660	(319, 156)	'作'	661
661	(278, 274)	' can'	662
662	(299, 131)	'元'	663
663	(290, 128)	'最'	664
664	(316, 111)	' go'	665
665	(340, 168)	'用'	666
666	(290, 172)	'本'	667
667	(388, 151)	'得'	668
668	(32, 375)	' un'	669
669	(231, 130)	b'\xe7\x82'	670
670	(232, 189)	b'\xe8\xbd'	671
671	(105, 285)	'ies'	672
672	(498, 186)	'基'	673
673	(117, 100)	'ud'	674
674	(268, 406)	' will'	675
675	(273, 610)	'ough'	676
676	(352, 101)	'ame'	677
677	(305, 101)	' le'	678
678	(117, 263)	'ure'	679
679	(231, 171)	b'\xe7\xab'	680
680	(392, 133)	'者'	681
681	(329, 134)	'将'	682
682	(107, 115)	'ks'	683
683	(229, 166)	b'\xe5\xa6'	684
684	(483, 170)	'自'	685
685	(268, 276)	' wor'	686
686	(32, 473)	' up'	687
687	(297, 281)	' his'	688
688	(257, 312)	' all'	689
689	(392, 140)	'而'	690
690	(265, 101)	'one'	691
691	(308, 101)	'ice'	692
692	(228, 190)	b'\xe4\xbe'	693
693	(264, 111)	' so'	694
694	(280, 167)	'产'	695
695	(493, 162)	'面'	696
696	(268, 259)	' whe'	697
697	(402, 116)	'ect'	698
698	(224, 183)	b'\xe0\xb7'	699
699	(290, 186)	'机'	700
700	(502, 148)	'比'	701
701	(32, 425)	' out'	702
702	(32, 217)	b' \xd9'	703
703	(585, 399)	' like'	704
704	(208, 189)	'н'	705
705	(263, 110)	'ren'	706
706	(624, 142)	'美'	707
707	(230, 177)	b'\xe6\xb1'	708
708	(659, 168)	'部'	709
709	(317, 140)	'同'	710
710	(208, 181)	'е'	711
711	(232, 182)	b'\xe8\xb6'	712
712	(32, 75)	' K'	713
713	(264, 112)	' sp'	714
714	(290, 159)	'期'	715
715	(351, 139)	'之'	716
716	(311, 155)	'进'	717
717	(229, 129)	b'\xe5\x81'	718
718	(232, 183)	b'\xe8\xb7'	719
719	(111, 100)	'od'	720
720	(232, 176)	b'\xe8\xb0'	721
721	(344, 168)	'动'	722
722	(491, 494)	' just'	723
723	(230, 182)	b'\xe6\xb6'	724
724	(117, 98)	'ub'	725
725	(231, 164)	b'\xe7\xa4'	726
726	(233, 16000)	'都'	727
727	(474, 131)	'球'	728
728	(263, 100)	'red'	729
729	(103, 101)	'ge'	730
730	(299, 182)	'其'	731
731	(286, 121)	' my'	732
732	(230, 141)	b'\xe6\x8d'	733
733	(299, 168)	'全'	734
734	(326, 101)	'ide'	735
735	(32, 225)	b' \xe1'	736
736	(231, 172)	b'\xe7\xac'	737
737	(110, 479)	"n't"	738
738	(105, 97)	'ia'	739
739	(230, 153)	b'\xe6\x99'	740
740	(395, 132)	'资'	741
741	(311, 152)	'还'	742
742	(117, 99)	'uc'	743
743	(32, 85)	' U'	744
744	(474, 134)	'理'	745
745	(344, 155)	'力'	746
746	(500, 100)	'ound'	747
747	(209, 128)	'р'	748
748	(265, 103)	'ong'	749
749	(329, 143)	'小'	750
750	(229, 157)	b'\xe5\x9d'	751
751	(358, 180)	'说'	752
752	(258, 100)	'ind'	753
753	(97, 399)	'ake'	754
754	(224, 182)	b'\xe0\xb6'	755
755	(269, 139)	'》'	756
756	(269, 138)	'《'	757
757	(102, 102)	'ff'	758
758	(268, 497)	' would'	759
759	(258, 101)	'ine'	760
760	(316, 332)	' get'	761
761	(344, 160)	'加'	762
762	(408, 100)	'ood'	763
763	(232, 137)	b'\xe8\x89'	764
764	(260, 142)	'与'	765
765	(347, 101)	' one'	766
766	(101, 112)	'ep'	767
767	(302, 169)	'天'	768
768	(409, 111)	' who'	769
769	(209, 130)	'т'	770
770	(622, 425)	' about'	771
771	(313, 154)	'定'	772
772	(117, 379)	'use'	773
773	(575, 129)	'品'	774
774	(105, 118)	'iv'	775
775	(313, 158)	'实'	776
776	(401, 189)	'好'	777
777	(317, 136)	'合'	778
778	(230, 143)	b'\xe6\x8f'	779
779	(339, 179)	'平'	780
780	(231, 174)	b'\xe7\xae'	781
781	(658, 191)	'长'	782
782	(231, 132)	b'\xe7\x84'	783
783	(114, 97)	'ra'	784
784	(319, 134)	'但'	785
785	(380, 144)	'子'	786
786	(371, 114)	' your'	787
787	(302, 150)	'外'	788
788	(373, 101)	'ime'	789
789	(577, 137)	'等'	790
790	(319, 147)	'体'	791
791	(513, 149)	'法'	792
792	(257, 103)	' ag'	793
793	(231, 149)	b'\xe7\x95'	794
794	(229, 167)	b'\xe5\xa7'	795
795	(232, 131)	b'\xe8\x83'	796
796	(286, 477)	' more'	797
797	(233, 161)	b'\xe9\xa1'	798
798	(257, 100)	' ad'	799
799	(461, 180)	'间'	800
800	(233, 155)	b'\xe9\x9b'	801
801	(387, 128)	'所'	802
802	(318, 39)	" I'"	803
803	(105, 112)	'ip'	804
804	(227, 129)	b'\xe3\x81'	805
805	(393, 168)	'表'	806
806	(412, 166)	'度'	807
807	(229, 162)	b'\xe5\xa2'	808
808	(452, 46)	'...'	809
809	(232, 139)	b'\xe8\x8b'	810
810	(507, 161)	'次'	811
811	(100, 328)	'day'	812
812	(317, 141)	'名'	813
813	(308, 104)	'ich'	814
814	(410, 133)	'内'	815
815	(304, 102)	' off'	816
816	(382, 121)	'very'	817
817	(104, 271)	'hat'	818
818	(669, 185)	'点'	819
819	(117, 101)	'ue'	820
820	(274, 115)	'ans'	821
821	(107, 283)	'king'	822
822	(299, 179)	'关'	823
823	(231, 168)	b'\xe7\xa8'	824
824	(300, 116)	' int'	825
825	(229, 187)	b'\xe5\xbb'	826
826	(319, 141)	'位'	827
827	(362, 141)	'重'	828
828	(465, 167)	'性'	829
829	(266, 383)	' their'	830
830	(388, 136)	'很'	831
831	(257, 114)	' ar'	832
832	(394, 184)	'相'	833
833	(309, 169)	'利'	834
834	(216, 177)	'ر'	835
835	(232, 129)	b'\xe8\x81'	836
836	(278, 108)	' cl'	837
837	(394, 174)	'目'	838
838	(114, 121)	'ry'	839
839	(217, 136)	'و'	840
840	(438, 176)	'数'	841
841	(105, 293)	'ial'	842
842	(219, 140)	'ی'	843
843	(327, 609)	' year'	844
844	(403, 165)	'工'	845
845	(233, 154)	b'\xe9\x9a'	846
846	(298, 183)	'价'	847
847	(563, 139)	'看'	848
848	(233, 148)	b'\xe9\x94'	849
849	(284, 101)	' pe'	850
850	(683, 130)	'如'	851
851	(32, 51)	' 3'	852
852	(273, 115)	'ous'	853
853	(323, 190)	'ा'	854
854	(516, 131)	'心'	855
855	(116, 484)	'ther'	856
856	(429, 147)	'当'	857
857	(297, 348)	' had'	858
858	(97, 104)	'ah'	859
859	(512, 112)	' comp'	860
860	(110, 100)	'nd'	861
861	(233, 163)	b'\xe9\xa3'	862
862	(118, 279)	'ven'	863
863	(328, 115)	'ays'	864
864	(115, 111)	'so'	865
865	(230, 129)	b'\xe6\x81'	866
866	(225, 137)	b'\xe1\x89'	867
867	(454, 164)	'此'	868
868	(101, 312)	'ell'	869
869	(230, 159)	b'\xe6\x9f'	870
870	(32, 446)	' if'	871
871	(296, 184)	'司'	872
872	(231, 159)	b'\xe7\x9f'	873
873	(231, 180)	b'\xe7\xb4'	874
874	(644, 180)	'更'	875
875	(260, 137)	'三'	876
876	(32, 583)	' qu'	877
877	(442, 110)	' kn'	878
878	(458, 101)	'age'	879
879	(264, 600)	' some'	880
880	(572, 133)	'情'	881
881	(224, 175)	b'\xe0\xaf'	882
882	(208, 187)	'л'	883
883	(233, 156)	b'\xe9\x9c'	884
884	(260, 164)	'两'	885
885	(231, 157)	b'\xe7\x9d'	886
886	(672, 562)	'基金'	887
887	(233, 166)	b'\xe9\xa6'	888
888	(346, 279)	' been'	889
889	(340, 181)	'电'	890
890	(736, 172)	'第'	891
891	(336, 460)	'一个'	892
892	(275, 101)	'ite'	894
893	(354, 116)	' St'	895
894	(345, 110)	'own'	896
895	(231, 160)	b'\xe7\xa0'	897
896	(294, 121)	' any'	898
897	(315, 142)	'明'	899
898	(98, 267)	'ber'	900
899	(232, 162)	b'\xe8\xa2'	901
900	(231, 169)	b'\xe7\xa9'	902
901	(260, 135)	'万'	903
902	(525, 159)	'队'	904
903	(489, 320)	'ople'	905
904	(32, 279)	' en'	906
905	(217, 134)	'ن'	907
906	(387, 139)	'手'	908
907	(257, 99)	' ac'	909
908	(265, 479)	"on't"	910
909	(415, 165)	'报'	911
910	(362, 140)	'里'	912
911	(335, 160)	'因'	913
912	(342, 175)	'斯'	914
913	(432, 186)	'区'	915
914	(325, 191)	'房'	916
915	(299, 165)	'入'	917
916	(782, 182)	'然'	918
917	(232, 138)	b'\xe8\x8a'	919
918	(353, 116)	'act'	920
919	(284, 114)	' pr'	921
920	(439, 185)	'特'	922
921	(286, 274)	' man'	923
922	(280, 139)	'事'	924
923	(322, 115)	'ions'	925
924	(258, 107)	'ink'	926
925	(32, 423)	' us'	927
926	(101, 119)	'ew'	928
927	(409, 271)	' what'	929
928	(49, 48)	'10'	930
929	(100, 267)	'der'	931
930	(284, 267)	' per'	932
931	(395, 155)	'赛'	933
932	(102, 411)	'fter'	934
933	(217, 132)	'ل'	935
934	(231, 165)	b'\xe7\xa5'	936
935	(523, 145)	'民'	937
936	(32, 373)	' im'	938
937	(413, 154)	'通'	939
938	(97, 263)	'are'	940
939	(233, 130)	b'\xe9\x82'	941
940	(105, 122)	'iz'	942
941	(403, 178)	'已'	943
942	(595, 871)	'公司'	944
943	(32, 89)	' Y'	945
944	(303, 274)	' than'	946
945	(415, 149)	'投'	947
946	(266, 263)	' there'	948
947	(592, 112)	' exp'	949
948	(209, 129)	'с'	950
949	(778, 144)	'提'	951
950	(105, 263)	'ire'	952
951	(421, 263)	' were'	953
952	(231, 177)	b'\xe7\xb1'	954
953	(229, 149)	b'\xe5\x95'	955
954	(696, 110)	' when'	956
955	(429, 177)	'影'	957
956	(538, 598)	'我们'	958
957	(360, 161)	'计'	959
958	(231, 136)	b'\xe7\x88'	960
959	(353, 101)	'ace'	961
960	(381, 114)	' her'	962
961	(194, 160)	'\xa0'	963
962	(849, 903)	' people'	964
963	(298, 142)	'从'	965
964	(271, 287)	'ated'	966
965	(339, 182)	'并'	967
966	(105, 320)	'ile'	968
967	(611, 328)	' play'	969
968	(551, 129)	'持'	970
969	(288, 107)	'ark'	971
970	(266, 109)	' them'	972
971	(569, 161)	'没'	973
972	(111, 103)	'og'	974
973	(656, 147)	'道'	975
974	(225, 139)	b'\xe1\x8b'	976
975	(296, 138)	'及'	977
976	(111, 379)	'ose'	978
977	(105, 98)	'ib'	979
978	(289, 382)	' over'	980
979	(432, 150)	'化'	981
980	(308, 107)	'ick'	982
981	(296, 170)	'只'	983
982	(316, 114)	' gr'	984
983	(616, 143)	'意'	985
984	(725, 186)	'示'	986
985	(377, 104)	' Ch'	987
986	(117, 431)	'uch'	988
987	(112, 635)	'port'	989
988	(231, 179)	b'\xe7\xb3'	990
989	(231, 129)	b'\xe7\x81'	991
990	(390, 419)	'中国'	992
991	(319, 160)	'你'	993
992	(482, 152)	'员'	994
993	(232, 186)	b'\xe8\xba'	995
994	(899, 171)	'被'	996
995	(233, 147)	b'\xe9\x93'	997
996	(50, 424)	'200'	998
997	(274, 433)	'ance'	999
998	(445, 191)	'政'	1000
999	(229, 163)	b'\xe5\xa3'	1001
1000	(116, 121)	'ty'	1002
1001	(232, 163)	b'\xe8\xa3'	1003
1002	(256, 788)	' time'	1004
1003	(97, 118)	'av'	1005
1004	(825, 186)	'建'	1006
1005	(549, 157)	'保'	1007
1006	(732, 174)	'据'	1008
1007	(224, 177)	b'\xe0\xb1'	1009
1008	(514, 116)	' cont'	1010
1009	(280, 155)	'些'	1011
1010	(353, 104)	'ach'	1012
1011	(314, 111)	' no'	1013
1012	(263, 101)	'ree'	1014
1013	(32, 86)	' V'	1015
1014	(300, 99)	' inc'	1016
1015	(448, 188)	'格'	1017
1016	(414, 168)	b' \xe0\xa8'	1018
1017	(257, 932)	' after'	1019
1018	(209, 131)	'у'	1020
1019	(885, 128)	'着'	1021
1020	(274, 103)	'ang'	1022
1021	(280, 164)	'交'	1023
1022	(301, 115)	'ass'	1024
1023	(284, 263)	' pre'	1025
1024	(395, 183)	'起'	1026
1025	(225, 138)	b'\xe1\x8a'	1027
1026	(451, 149)	'展'	1028
1027	(993, 171)	'身'	1029
1028	(276, 109)	'orm'	1030
1029	(231, 153)	b'\xe7\x99'	1031
1030	(389, 143)	'式'	1032
1031	(582, 864)	' also'	1033
1032	(333, 115)	' res'	1034
1033	(264, 259)	' she'	1035
1034	(97, 418)	'ail'	1036
1035	(32, 105)	' i'	1037
1036	(232, 144)	b'\xe8\x90'	1038
1037	(763, 178)	'色'	1039
1038	(517, 119)	' new'	1040
1039	(356, 104)	' Th'	1041
1040	(362, 143)	'量'	1042
1041	(230, 161)	b'\xe6\xa1'	1043
1042	(318, 116)	' It'	1044
1043	(289, 855)	' other'	1045
1044	(432, 151)	'北'	1046
1045	(342, 135)	'文'	1047
1046	(953, 134)	'商'	1048
1047	(117, 103)	'ug'	1049
1048	(291, 326)	' did'	1050
1049	(447, 141)	'种'	1052
1050	(232, 142)	b'\xe8\x8e'	1053
1051	(257, 109)	' am'	1054
1052	(276, 100)	'ord'	1055
1053	(224, 171)	b'\xe0\xab'	1056
1054	(597, 550)	'市场'	1057
1055	(877, 345)	' know'	1058
1056	(301, 101)	'ase'	1059
1057	(256, 119)	' tw'	1060
1058	(360, 169)	'让'	1061
1059	(282, 383)	' fir'	1062
1060	(549, 161)	'信'	1063
1061	(111, 258)	'oin'	1064
1062	(409, 813)	' which'	1065
1063	(264, 99)	' sc'	1066
1064	(232, 165)	b'\xe8\xa5'	1067
1065	(524, 187)	'去'	1068
1066	(360, 176)	'记'	1069
1067	(256, 101)	' te'	1070
1068	(454, 163)	'正'	1071
1069	(523, 180)	'水'	1072
1070	(291, 908)	" don't"	1073
1071	(487, 183)	'海'	1074
1072	(392, 131)	'考'	1075
1073	(288, 121)	'ary'	1076
1074	(231, 131)	b'\xe7\x83'	1077
1075	(647, 145)	'网'	1078
1076	(111, 312)	'oll'	1079
1077	(556, 468)	'可以'	1080
1078	(1064, 191)	'西'	1081
1079	(558, 156)	'果'	1082
1080	(111, 98)	'ob'	1083
1081	(483, 179)	'至'	1084
1082	(368, 184)	'常'	1085
1083	(111, 324)	'ove'	1086
1084	(104, 283)	'hing'	1087
1085	(439, 169)	'物'	1088
1086	(408, 107)	'ook'	1089
1087	(230, 188)	b'\xe6\xbc'	1090
1088	(988, 187)	'系'	1091
1089	(116, 283)	'ting'	1092
1090	(448, 183)	'样'	1093
1091	(522, 320)	'able'	1094
1092	(109, 267)	'mer'	1095
1093	(401, 179)	'女'	1096
1094	(265, 100)	'ond'	1097
1095	(340, 177)	'由'	1098
1096	(648, 161)	'股'	1099
1097	(224, 169)	b'\xe0\xa9'	1100
1098	(201, 153)	'ə'	1101
1099	(807, 158)	'增'	1102
1100	(233, 133)	b'\xe9\x85'	1103
1101	(97, 772)	'ause'	1104
1102	(412, 148)	'应'	1105
1103	(369, 110)	'ign'	1106
1104	(616, 159)	'感'	1107
1105	(348, 101)	'ade'	1108
1106	(39, 263)	"'re"	1109
1107	(341, 160)	'无'	1110
1108	(359, 367)	" it's"	1111
1109	(853, 323)	b'\xe0\xa4\xbe\xe0\xa4'	1112
1110	(309, 182)	'制'	1113
1111	(97, 119)	'aw'	1114
1112	(298, 138)	'今'	1115
1113	(329, 148)	'尔'	1116
1114	(311, 145)	'近'	1117
1115	(578, 115)	'ress'	1118
1116	(359, 115)	' its'	1119
1117	(232, 136)	b'\xe8\x88'	1120
1118	(325, 152)	'战'	1121
1119	(303, 924)	' think'	1122
1120	(318, 110)	' In'	1123
1121	(297, 373)	' him'	1124
1122	(196, 177)	'ı'	1125
1123	(261, 155)	'；'	1126
1124	(112, 116)	'pt'	1127
1125	(344, 161)	'务'	1128
1126	(508, 167)	' ا'	1129
1127	(645, 187)	'活'	1130
1128	(263, 271)	'reat'	1131
1129	(291, 281)	' dis'	1132
1130	(230, 183)	b'\xe6\xb7'	1133
1131	(809, 177)	'英'	1134
1132	(618, 141)	'ọ'	1135
1133	(296, 151)	'受'	1136
1134	(257, 591)	' app'	1137
1135	(233, 146)	b'\xe9\x92'	1138
1136	(389, 186)	'强'	1139
1137	(625, 184)	'游'	1140
1138	(360, 190)	'设'	1141
1139	(445, 182)	'收'	1142
1140	(229, 158)	b'\xe5\x9e'	1143
1141	(32, 52)	' 4'	1144
1142	(208, 180)	'д'	1145
1143	(482, 168)	'周'	1146
1144	(32, 53)	' 5'	1147
1145	(333, 99)	' rec'	1148
1146	(111, 118)	'ov'	1149
1147	(461, 174)	'问'	1150
1148	(387, 147)	'打'	1151
1149	(299, 183)	'具'	1152
1150	(1059, 321)	' first'	1153
1151	(414, 170)	b' \xe0\xaa'	1154
1152	(105, 274)	'ian'	1155
1153	(208, 186)	'к'	1156
1154	(358, 165)	'该'	1157
1155	(280, 140)	'二'	1158
1156	(326, 334)	'ident'	1159
1157	(413, 137)	'选'	1160
1158	(233, 169)	b'\xe9\xa9'	1161
1159	(297, 345)	' how'	1162
1160	(110, 283)	'ning'	1163
1161	(224, 167)	b'\xe0\xa7'	1164
1162	(284, 603)	' part'	1165
1163	(279, 115)	'ens'	1166
1164	(218, 169)	'ک'	1167
1165	(278, 497)	' could'	1168
1166	(335, 158)	'回'	1169
1167	(257, 543)	' act'	1170
1168	(279, 433)	'ence'	1171
1169	(561, 190)	'达'	1172
1170	(441, 115)	'ations'	1173
1171	(217, 135)	'ه'	1174
1172	(50, 48)	'20'	1175
1173	(537, 141)	'्'	1176
1174	(231, 188)	b'\xe7\xbc'	1177
1175	(261, 137)	'）'	1178
1176	(351, 136)	'么'	1179
1177	(465, 187)	'总'	1180
1178	(261, 136)	'（'	1181
1179	(292, 111)	' too'	1182
1180	(84, 104)	'Th'	1183
1181	(313, 137)	'安'	1184
1182	(316, 117)	' gu'	1185
1183	(111, 121)	'oy'	1186
1184	(457, 167)	'级'	1187
1185	(276, 115)	'ors'	1188
1186	(1173, 323)	b'\xe0\xa5\x8d\xe0\xa4'	1189
1187	(824, 111)	' into'	1190
1188	(388, 183)	'德'	1191
1189	(511, 101)	' see'	1192
1190	(261, 159)	'？'	1193
1191	(720, 131)	'调'	1194
1192	(314, 345)	' now'	1195
1193	(102, 101)	'fe'	1196
1194	(461, 168)	'门'	1197
1195	(407, 135)	'率'	1198
1196	(277, 633)	' back'	1199
1197	(112, 108)	'pl'	1200
1198	(229, 148)	b'\xe5\x94'	1201
1199	(73, 116)	'It'	1202
1200	(447, 145)	'科'	1203
1201	(368, 131)	'布'	1204
1202	(802, 109)	" I'm"	1205
1203	(835, 148)	'联'	1206
1204	(277, 332)	' bet'	1207
1205	(119, 101)	'we'	1208
1206	(32, 365)	' ro'	1209
1207	(264, 328)	' say'	1210
1208	(347, 331)	' only'	1211
1209	(971, 378)	'没有'	1212
1210	(316, 762)	' good'	1213
1211	(217, 138)	'ي'	1214
1212	(541, 165)	'接'	1215
1213	(403, 177)	'己'	1216
1214	(110, 101)	'ne'	1217
1215	(513, 168)	'注'	1218
1216	(780, 161)	'管'	1219
1217	(233, 187)	b'\xe9\xbb'	1220
1218	(717, 154)	'做'	1221
1219	(298, 163)	'代'	1222
1220	(229, 150)	b'\xe5\x96'	1223
1221	(500, 116)	'ount'	1224
1222	(547, 152)	'题'	1225
1223	(49, 57)	'19'	1226
1224	(260, 156)	'东'	1227
1225	(439, 135)	'片'	1228
1226	(414, 166)	b' \xe0\xa6'	1229
1227	(281, 104)	'ish'	1230
1228	(684, 1213)	'自己'	1231
1229	(360, 164)	'认'	1232
1230	(1140, 139)	'型'	1233
1231	(1057, 111)	' two'	1234
1232	(401, 150)	'奖'	1235
1233	(216, 170)	'ت'	1236
1234	(282, 101)	' fe'	1237
1235	(551, 135)	'指'	1238
1236	(325, 150)	'或'	1239
1237	(349, 142)	'华'	1240
1238	(319, 191)	'使'	1241
1239	(572, 179)	'想'	1242
1240	(907, 99)	' acc'	1243
1241	(264, 267)	' ser'	1244
1242	(939, 163)	'那'	1245
1243	(111, 374)	'old'	1246
1244	(299, 139)	'克'	1247
1245	(283, 115)	'ings'	1248
1246	(408, 108)	'ool'	1250
1247	(110, 103)	'ng'	1251
1248	(231, 178)	b'\xe7\xb2'	1252
1249	(317, 145)	'向'	1253
1250	(308, 116)	'ict'	1254
1251	(517, 287)	' need'	1255
1252	(324, 108)	'vel'	1256
1253	(349, 149)	'单'	1257
1254	(298, 187)	'任'	1258
1255	(268, 604)	' want'	1259
1256	(105, 852)	'ious'	1260
1257	(117, 312)	'ull'	1261
1258	(422, 185)	'费'	1262
1259	(277, 114)	' br'	1263
1260	(685, 107)	' work'	1264
1261	(232, 153)	b'\xe8\x99'	1265
1262	(116, 101)	'te'	1266
1263	(230, 145)	b'\xe6\x91'	1267
1264	(105, 374)	'ild'	1268
1265	(260, 147)	'专'	1269
1266	(498, 142)	'城'	1270
1267	(296, 183)	'号'	1271
1268	(296, 150)	'取'	1272
1269	(277, 108)	' bl'	1273
1270	(231, 161)	b'\xe7\xa1'	1274
1271	(424, 48)	'000'	1275
1272	(449, 162)	'院'	1276
1273	(493, 158)	'非'	1277
1274	(302, 180)	'头'	1278
1275	(217, 133)	'م'	1279
1276	(463, 101)	' He'	1280
1277	(232, 141)	b'\xe8\x8d'	1281
1278	(887, 150)	'首'	1282
1279	(317, 132)	'各'	1283
1280	(296, 176)	'台'	1284
1281	(112, 267)	'per'	1285
1282	(313, 162)	'客'	1286
1283	(301, 265)	'ason'	1287
1284	(231, 166)	b'\xe7\xa6'	1288
1285	(440, 163)	'解'	1289
1286	(333, 581)	' really'	1290
1287	(296, 152)	'变'	1291
1288	(280, 172)	'京'	1292
1289	(881, 141)	'்'	1293
1290	(208, 188)	'м'	1294
1291	(861, 142)	'风'	1295
1292	(259, 100)	'hed'	1296
1293	(309, 171)	'别'	1297
1294	(329, 145)	'少'	1298
1295	(528, 116)	'ult'	1299
1296	(524, 159)	'原'	1300
1297	(261, 129)	'！'	1301
1298	(343, 816)	' every'	1302
1299	(358, 129)	'证'	1303
1300	(303, 675)	' though'	1304
1301	(337, 153)	'给'	1305
1302	(792, 532)	' again'	1306
1303	(349, 151)	'南'	1307
1304	(337, 147)	'结'	1308
1305	(440, 132)	'规'	1309
1306	(49, 50)	'12'	1310
1307	(308, 293)	'ical'	1311
1308	(457, 191)	'线'	1312
1309	(260, 150)	'世'	1313
1310	(561, 131)	'较'	1314
1311	(325, 143)	'戏'	1315
1312	(281, 115)	'iss'	1316
1313	(299, 137)	'光'	1317
1314	(32, 548)	' our'	1318
1315	(382, 115)	'vers'	1319
1316	(344, 191)	'势'	1320
1317	(286, 753)	' make'	1321
1318	(679, 139)	'立'	1322
1319	(229, 131)	b'\xe5\x83'	1323
1320	(16002, 1101)	' because'	1324
1321	(302, 132)	'处'	1325
1322	(299, 136)	'先'	1326
1323	(945, 740)	'投资'	1327
1324	(631, 188)	'值'	1328
1325	(275, 322)	'ition'	1329
1326	(352, 112)	'amp'	1330
1327	(216, 175)	'د'	1331
1328	(315, 159)	'星'	1332
1329	(264, 473)	' sup'	1333
1330	(502, 143)	'每'	1334
1331	(552, 285)	' does'	1335
1332	(337, 132)	'组'	1336
1333	(305, 626)	' last'	1337
1334	(315, 190)	'显'	1338
1335	(541, 168)	'推'	1339
1336	(1066, 680)	'记者'	1340
1337	(274, 107)	'ank'	1341
1338	(319, 142)	'低'	1342
1339	(276, 121)	'ory'	1343
1340	(286, 986)	' much'	1344
1341	(335, 190)	'图'	1345
1342	(278, 114)	' cr'	1346
1343	(274, 99)	'anc'	1347
1344	(32, 399)	' ke'	1348
1345	(337, 173)	'续'	1349
1346	(883, 128)	'需'	1350
1347	(705, 116)	'rent'	1351
1348	(564, 598)	'他们'	1352
1349	(718, 175)	'路'	1353
1350	(208, 178)	'в'	1354
1351	(343, 862)	' even'	1355
1352	(405, 188)	'导'	1356
1353	(795, 156)	'胜'	1357
1354	(101, 107)	'ek'	1358
1355	(266, 110)	' then'	1359
1356	(49, 49)	'11'	1360
1357	(723, 136)	'消'	1361
1358	(735, 138)	b' \xe1\x8a'	1362
1359	(429, 169)	'彩'	1363
1360	(229, 139)	b'\xe5\x8b'	1364
1361	(798, 100)	' add'	1365
1362	(438, 180)	'整'	1366
1363	(999, 171)	'士'	1367
1364	(225, 186)	b'\xe1\xba'	1368
1365	(349, 129)	'十'	1369
1366	(102, 477)	'fore'	1370
1367	(233, 170)	b'\xe9\xaa'	1371
1368	(1087, 148)	'演'	1372
1369	(823, 139)	'程'	1373
1370	(338, 148)	'—'	1374
1371	(865, 175)	'息'	1375
1372	(101, 103)	'eg'	1376
1373	(410, 141)	'再'	1377
1374	(334, 115)	'ents'	1378
1375	(264, 402)	' sec'	1379
1376	(467, 799)	'时间'	1380
1377	(316, 676)	' game'	1381
1378	(487, 142)	'济'	1382
1379	(401, 185)	'她'	1383
1380	(227, 130)	b'\xe3\x82'	1384
1381	(394, 152)	'盘'	1385
1382	(995, 182)	'银'	1386
1383	(102, 1028)	'form'	1387
1384	(537, 135)	'े'	1388
1385	(504, 497)	' should'	1389
1386	(445, 190)	'放'	1390
1387	(105, 107)	'ik'	1391
1388	(742, 107)	'uck'	1392
1389	(394, 180)	'直'	1393
1390	(231, 150)	b'\xe7\x96'	1394
1391	(707, 130)	'求'	1395
1392	(1319, 143)	'像'	1396
1393	(303, 114)	' thr'	1397
1394	(507, 167)	'欧'	1398
1395	(51, 48)	'30'	1399
1396	(499, 112)	'ump'	1400
1397	(229, 178)	b'\xe5\xb2'	1401
1398	(380, 163)	'季'	1402
1399	(277, 117)	' bu'	1403
1400	(300, 118)	' inv'	1404
1401	(392, 129)	'老'	1405
1402	(444, 116)	' att'	1406
1403	(271, 267)	'ater'	1407
1404	(413, 160)	'造'	1408
1405	(271, 285)	'ates'	1409
1406	(232, 132)	b'\xe8\x84'	1410
1407	(284, 450)	' pol'	1411
1408	(230, 187)	b'\xe6\xbb'	1412
1409	(1001, 133)	'装'	1413
1410	(487, 129)	'流'	1414
1411	(274, 121)	'any'	1415
1412	(438, 153)	'教'	1416
1413	(108, 308)	'lic'	1417
1414	(337, 159)	'统'	1418
1415	(638, 107)	'ock'	1419
1416	(296, 163)	'口'	1420
1417	(711, 133)	'超'	1421
1418	(504, 345)	' show'	1422
1419	(330, 484)	'other'	1423
1420	(457, 166)	'约'	1424
1421	(291, 402)	' dec'	1425
1422	(422, 168)	'质'	1426
1423	(507, 190)	'款'	1427
1424	(447, 176)	'称'	1428
1425	(257, 119)	' aw'	1429
1426	(805, 984)	'表示'	1430
1427	(102, 116)	'ft'	1431
1428	(97, 122)	'az'	1432
1429	(230, 168)	b'\xe6\xa8'	1433
1430	(414, 176)	b' \xe0\xb0'	1434
1431	(440, 130)	'观'	1435
1432	(315, 147)	'易'	1436
1433	(32, 54)	' 6'	1437
1434	(280, 154)	'亚'	1438
1435	(941, 614)	'已经'	1439
1436	(556, 518)	'可能'	1440
1437	(843, 115)	' years'	1441
1438	(797, 185)	'项'	1442
1439	(98, 101)	'be'	1443
1440	(280, 191)	'亿'	1444
1441	(1158, 172)	'马'	1445
1442	(335, 155)	'四'	1446
1443	(268, 328)	' way'	1447
1444	(476, 137)	'拉'	1448
1445	(208, 179)	'г'	1449
1446	(407, 139)	'王'	1450
1447	(53, 48)	'50'	1451
1448	(291, 894)	' down'	1452
1449	(664, 283)	' going'	1453
1450	(389, 160)	'张'	1454
1451	(614, 1378)	'经济'	1455
1452	(265, 116)	'ont'	1456
1453	(837, 623)	'目前'	1457
1454	(316, 330)	' got'	1458
1455	(50, 654)	'201'	1459
1456	(385, 406)	' still'	1460
1457	(793, 140)	'界'	1461
1458	(310, 332)	'omet'	1462
1459	(356, 114)	' Tr'	1463
1460	(298, 182)	'件'	1464
1461	(668, 929)	' under'	1465
1462	(349, 135)	'升'	1466
1463	(414, 182)	b' \xe0\xb6'	1467
1464	(339, 191)	'广'	1468
1465	(313, 140)	'完'	1469
1466	(670, 166)	'车'	1470
1467	(952, 179)	'米'	1471
1468	(694, 773)	'产品'	1472
1469	(917, 130)	'节'	1473
1470	(445, 175)	'支'	1474
1471	(230, 130)	b'\xe6\x82'	1475
1472	(512, 109)	' comm'	1476
1473	(363, 129)	'企'	1477
1474	(434, 612)	' right'	1478
1475	(105, 331)	'ily'	1479
1476	(421, 312)	' well'	1480
1477	(299, 177)	'共'	1481
1478	(346, 283)	' being'	1482
1479	(547, 132)	'预'	1483
1480	(275, 116)	'itt'	1484
1481	(872, 165)	'知'	1485
1482	(398, 110)	'urn'	1486
1483	(296, 139)	'友'	1487
1484	(346, 1366)	' before'	1488
1485	(32, 236)	b' \xec'	1489
1486	(286, 642)	' most'	1490
1487	(706, 419)	'美国'	1491
1488	(368, 166)	'带'	1492
1489	(290, 170)	'未'	1493
1490	(271, 431)	'atch'	1494
1491	(119, 110)	'wn'	1495
1492	(231, 139)	b'\xe7\x8b'	1496
1493	(117, 581)	'ually'	1497
1494	(363, 160)	'传'	1498
1495	(281, 101)	'ise'	1499
1496	(1067, 352)	' team'	1500
1497	(265, 115)	'ons'	1501
1498	(1074, 173)	'热'	1502
1499	(108, 105)	'li'	1503
1500	(230, 165)	b'\xe6\xa5'	1504
1501	(232, 177)	b'\xe8\xb1'	1505
1502	(109, 274)	'man'	1506
1503	(448, 161)	'校'	1507
1504	(117, 543)	'uct'	1508
1505	(111, 330)	'oot'	1509
1506	(230, 174)	b'\xe6\xae'	1510
1507	(545, 1026)	'发展'	1511
1508	(282, 108)	' fl'	1512
1509	(32, 1164)	' ک'	1513
1510	(407, 169)	'玩'	1514
1511	(560, 283)	'aking'	1515
1512	(32, 55)	' 7'	1516
1513	(98, 320)	'ble'	1517
1514	(302, 135)	'备'	1518
1515	(325, 183)	'户'	1519
1516	(415, 128)	'技'	1520
1517	(716, 529)	'进行'	1521
1518	(934, 168)	'票'	1522
1519	(462, 460)	'这个'	1523
1520	(108, 673)	'lud'	1524
1521	(379, 108)	'sel'	1525
1522	(349, 161)	'卡'	1526
1523	(1050, 183)	'获'	1527
1524	(233, 159)	b'\xe9\x9f'	1528
1525	(333, 109)	' rem'	1529
1526	(1100, 141)	'配'	1530
1527	(384, 134)	'准'	1531
1528	(108, 112)	'lp'	1532
1529	(314, 97)	' na'	1533
1530	(961, 961)	'\xa0\xa0'	1534
1531	(278, 621)	' call'	1535
1532	(72, 101)	'He'	1536
1533	(482, 138)	'告'	1537
1534	(230, 163)	b'\xe6\xa3'	1538
1535	(120, 116)	'xt'	1539
1536	(449, 133)	'际'	1540
1537	(451, 177)	'山'	1541
1538	(298, 133)	'仅'	1542
1539	(547, 134)	'领'	1543
1540	(516, 171)	'快'	1544
1541	(258, 433)	'ince'	1545
1542	(363, 152)	'优'	1546
1543	(284, 104)	' ph'	1548
1544	(1137, 1311)	'游戏'	1549
1545	(271, 283)	'ating'	1550
1546	(958, 177)	'爱'	1551
1547	(429, 162)	'形'	1552
1548	(296, 141)	'反'	1553
1549	(296, 136)	'又'	1554
1550	(848, 128)	'销'	1555
1551	(398, 283)	'uring'	1556
1552	(290, 141)	'服'	1557
1553	(118, 283)	'ving'	1558
1554	(384, 160)	'几'	1559
1555	(536, 115)	'oss'	1560
1556	(290, 175)	'术'	1561
1557	(298, 189)	'份'	1562
1558	(97, 383)	'air'	1563
1559	(291, 285)	' des'	1564
1560	(523, 148)	'气'	1565
1561	(311, 144)	'运'	1566
1562	(1044, 1288)	'北京'	1567
1563	(278, 111)	' co'	1568
1564	(231, 133)	b'\xe7\x85'	1569
1565	(969, 332)	'arket'	1570
1566	(696, 263)	' where'	1571
1567	(288, 103)	'arg'	1572
1568	(349, 138)	'半'	1573
1569	(437, 115)	' ass'	1574
1570	(286, 265)	' mon'	1575
1571	(293, 115)	'als'	1576
1572	(414, 174)	b' \xe0\xae'	1577
1573	(438, 136)	'效'	1578
1574	(272, 336)	'的一'	1579
1575	(387, 141)	'才'	1580
1576	(273, 112)	'oup'	1581
1577	(115, 115)	'ss'	1582
1578	(343, 109)	' em'	1583
1579	(291, 97)	' da'	1584
1580	(32, 32)	'  '	1585
1581	(844, 660)	'工作'	1586
1582	(472, 48)	' 10'	1587
1583	(230, 185)	b'\xe6\xb9'	1588
1584	(230, 186)	b'\xe6\xba'	1589
1585	(32, 209)	b' \xd1'	1590
1586	(794, 139)	'始'	1591
1587	(227, 131)	b'\xe3\x83'	1592
1588	(230, 144)	b'\xe6\x90'	1593
1589	(800, 134)	'集'	1594
1590	(231, 138)	b'\xe7\x8a'	1595
1591	(395, 176)	'走'	1596
1592	(381, 1528)	' help'	1597
1593	(73, 110)	'In'	1598
1594	(216, 179)	'س'	1599
1595	(284, 1061)	' poin'	1600
1596	(432, 133)	'包'	1601
1597	(112, 101)	'pe'	1602
1598	(302, 170)	'太'	1603
1599	(344, 159)	'功'	1604
1600	(229, 168)	b'\xe5\xa8'	1605
1601	(900, 186)	'空'	1606
1602	(440, 134)	'视'	1607
1603	(358, 157)	'话'	1608
1604	(296, 140)	'双'	1609
1605	(329, 188)	'尼'	1610
1606	(108, 285)	'les'	1611
1607	(290, 155)	'望'	1612
1608	(1198, 174)	'售'	1613
1609	(476, 141)	'拍'	1614
1610	(385, 603)	' start'	1615
1611	(117, 285)	'ues'	1616
1612	(952, 187)	'类'	1617
1613	(750, 135)	'均'	1618
1614	(296, 130)	'参'	1619
1615	(105, 111)	'io'	1620
1616	(300, 100)	' ind'	1621
1617	(451, 133)	'居'	1622
1618	(319, 143)	'住'	1623
1619	(282, 258)	' fin'	1624
1620	(32, 816)	' very'	1625
1621	(1473, 553)	'企业'	1626
1622	(311, 158)	'连'	1627
1623	(385, 114)	' str'	1628
1624	(121, 115)	'ys'	1629
1625	(514, 115)	' cons'	1630
1626	(360, 186)	'论'	1631
1627	(451, 128)	'局'	1632
1628	(448, 135)	'标'	1633
1629	(640, 350)	'就是'	1634
1630	(1248, 190)	'精'	1635
1631	(563, 159)	'真'	1636
1632	(232, 168)	b'\xe8\xa8'	1637
1633	(286, 328)	' may'	1638
1634	(232, 133)	b'\xe8\x85'	1639
1635	(1041, 136)	'案'	1640
1636	(271, 104)	'ath'	1641
1637	(303, 976)	' those'	1642
1638	(415, 138)	'把'	1643
1639	(422, 173)	'购'	1644
1640	(1147, 1222)	'问题'	1645
1641	(279, 99)	'enc'	1646
1642	(264, 1458)	' somet'	1647
1643	(231, 151)	b'\xe7\x97'	1648
1644	(692, 155)	'供'	1649
1645	(459, 265)	'erson'	1650
1646	(351, 144)	'乐'	1651
1647	(554, 102)	' def'	1652
1648	(360, 174)	'议'	1653
1649	(49, 53)	'15'	1654
1650	(1130, 177)	'深'	1655
1651	(309, 153)	'则'	1656
1652	(411, 110)	'tern'	1657
1653	(869, 165)	'查'	1658
1654	(97, 97)	'aa'	1659
1655	(1393, 675)	' through'	1660
1656	(446, 101)	'ife'	1661
1657	(231, 143)	b'\xe7\x8f'	1662
1658	(422, 159)	'负'	1663
1659	(445, 185)	'改'	1664
1660	(358, 183)	'请'	1665
1661	(989, 171)	'火'	1666
1662	(256, 753)	' take'	1667
1663	(743, 110)	' Un'	1668
1664	(230, 162)	b'\xe6\xa2'	1669
1665	(105, 120)	'ix'	1670
1666	(368, 136)	'师'	1671
1667	(895, 148)	'研'	1672
1668	(286, 258)	' min'	1673
1669	(323, 191)	'ि'	1674
1670	(99, 310)	'com'	1675
1671	(454, 165)	'步'	1676
1672	(89, 273)	'You'	1677
1673	(32, 772)	' use'	1678
1674	(49, 46)	'1.'	1679
1675	(104, 110)	'hn'	1680
1676	(372, 191)	'板'	1681
1677	(441, 293)	'ational'	1682
1678	(286, 1105)	' made'	1683
1679	(333, 103)	' reg'	1684
1680	(32, 608)	' end'	1685
1681	(625, 133)	'清'	1686
1682	(381, 263)	' here'	1687
1683	(349, 179)	'即'	1688
1684	(426, 591)	' happ'	1689
1685	(275, 671)	'ities'	1690
1686	(632, 121)	' try'	1691
1687	(275, 287)	'ited'	1692
1688	(268, 114)	' wr'	1694
1689	(430, 186)	'်'	1695
1690	(264, 109)	' sm'	1696
1691	(282, 375)	' fun'	1697
1692	(1289, 580)	b'\xe0\xaf\x8d\xe0\xae'	1698
1693	(305, 408)	' loo'	1699
1694	(232, 140)	b'\xe8\x8c'	1700
1695	(301, 104)	'ash'	1701
1696	(850, 1079)	'如果'	1702
1697	(362, 135)	'采'	1703
1698	(230, 154)	b'\xe6\x9a'	1704
1699	(1429, 161)	'模'	1705
1700	(410, 179)	'决'	1706
1701	(711, 179)	'足'	1707
1702	(376, 860)	' And'	1708
1703	(284, 642)	' post'	1709
1704	(97, 120)	'ax'	1710
1705	(417, 114)	' Br'	1711
1706	(32, 56)	' 8'	1712
1707	(103, 114)	'gr'	1713
1708	(32, 586)	b' \xe1\x88'	1714
1709	(195, 169)	'é'	1715
1710	(305, 748)	' long'	1716
1711	(702, 133)	' م'	1717
1712	(263, 321)	'rest'	1718
1713	(259, 110)	'hen'	1719
1714	(936, 112)	' imp'	1720
1715	(410, 181)	'况'	1721
1716	(358, 173)	'语'	1722
1717	(403, 158)	'州'	1723
1718	(117, 293)	'ual'	1724
1719	(345, 267)	'ower'	1725
1720	(263, 348)	'read'	1726
1721	(563, 129)	'省'	1727
1722	(291, 446)	' dif'	1728
1723	(525, 178)	'防'	1729
1724	(323, 176)	'र'	1730
1725	(845, 190)	'难'	1731
1726	(291, 328)	' day'	1732
1727	(413, 159)	'速'	1733
1728	(351, 176)	'买'	1734
1729	(490, 926)	' New'	1735
1730	(406, 322)	'illion'	1736
1731	(97, 106)	'aj'	1737
1732	(619, 357)	'现在'	1738
1733	(309, 155)	'创'	1739
1734	(313, 185)	'容'	1740
1735	(289, 112)	' op'	1741
1736	(537, 128)	'ी'	1742
1737	(831, 746)	' around'	1743
1738	(260, 148)	'且'	1744
1739	(110, 121)	'ny'	1745
1740	(407, 175)	'环'	1746
1741	(305, 1086)	' look'	1747
1742	(470, 101)	' We'	1748
1743	(352, 285)	'ames'	1749
1744	(278, 288)	' car'	1750
1745	(409, 966)	' while'	1751
1746	(349, 154)	'博'	1752
1747	(1270, 174)	'确'	1753
1748	(358, 149)	'试'	1754
1749	(301, 287)	'ased'	1755
1750	(225, 140)	b'\xe1\x8c'	1756
1751	(343, 118)	' ev'	1757
1752	(793, 153)	'留'	1758
1753	(232, 173)	b'\xe8\xad'	1759
1754	(87, 101)	'We'	1760
1755	(313, 131)	'它'	1761
1756	(472, 57)	' 19'	1762
1757	(291, 105)	' di'	1763
1758	(319, 149)	'何'	1764
1759	(302, 141)	'复'	1765
1760	(440, 129)	'见'	1766
1761	(579, 534)	'学生'	1767
1762	(209, 139)	'ы'	1768
1763	(229, 153)	b'\xe5\x99'	1769
1764	(118, 287)	'ved'	1770
1765	(417, 370)	' But'	1771
1766	(108, 505)	'land'	1772
1767	(735, 139)	b' \xe1\x8b'	1773
1768	(606, 190)	'ા'	1774
1769	(346, 108)	' bel'	1775
1770	(231, 170)	b'\xe7\xaa'	1776
1771	(267, 116)	'ert'	1777
1772	(421, 1354)	' week'	1778
1773	(111, 107)	'ok'	1779
1774	(911, 420)	'因为'	1780
1775	(873, 160)	'素'	1781
1776	(97, 324)	'ave'	1782
1777	(330, 104)	'oth'	1783
1778	(320, 543)	'lect'	1784
1779	(305, 330)	' lot'	1785
1780	(305, 97)	' la'	1786
1781	(670, 172)	'转'	1787
1782	(233, 190)	b'\xe9\xbe'	1788
1783	(1382, 529)	'银行'	1789
1784	(725, 190)	'社'	1790
1785	(278, 259)	' che'	1791
1786	(845, 143)	'随'	1792
1787	(434, 375)	' run'	1793
1788	(478, 334)	'ement'	1794
1789	(264, 676)	' same'	1795
1790	(112, 114)	'pr'	1796
1791	(268, 258)	' win'	1797
1792	(298, 128)	'什'	1798
1793	(457, 162)	'红'	1799
1794	(116, 265)	'ton'	1800
1795	(49, 56)	'18'	1801
1796	(934, 158)	'神'	1802
1797	(943, 273)	' You'	1803
1798	(293, 101)	'ale'	1804
1799	(368, 140)	'希'	1805
1800	(921, 121)	' many'	1806
1801	(291, 114)	' dr'	1807
1802	(274, 729)	'ange'	1808
1803	(382, 110)	'vern'	1809
1804	(344, 158)	'办'	1810
1805	(84, 817)	'That'	1811
1806	(280, 148)	'五'	1812
1807	(115, 104)	'sh'	1813
1808	(508, 175)	' د'	1814
1809	(340, 183)	'男'	1815
1810	(302, 177)	'失'	1816
1811	(343, 288)	' ear'	1817
1812	(344, 169)	'助'	1818
1813	(515, 283)	'thing'	1819
1814	(620, 695)	'方面'	1820
1815	(558, 151)	'林'	1821
1816	(709, 467)	'同时'	1822
1817	(32, 57)	' 9'	1823
1818	(440, 146)	'角'	1824
1819	(380, 152)	'存'	1825
1820	(233, 165)	b'\xe9\xa5'	1826
1821	(578, 1156)	'resident'	1827
1822	(566, 190)	'া'	1828
1823	(112, 276)	'por'	1829
1824	(724, 1413)	'ublic'	1830
1825	(376, 108)	' Al'	1831
1826	(503, 704)	'ан'	1832
1827	(440, 137)	'觉'	1833
1828	(264, 724)	' sub'	1834
1829	(289, 1491)	' own'	1835
1830	(264, 332)	' set'	1836
1831	(112, 104)	'ph'	1837
1832	(99, 334)	'cent'	1838
1833	(342, 153)	'料'	1839
1834	(723, 168)	'涨'	1840
1835	(1302, 321)	' against'	1841
1836	(229, 161)	b'\xe5\xa1'	1842
1837	(264, 863)	' says'	1843
1838	(337, 180)	'维'	1844
1839	(119, 630)	'ward'	1845
1840	(869, 144)	'某'	1846
1841	(316, 1128)	' great'	1847
1842	(439, 140)	'牌'	1848
1843	(577, 150)	'策'	1849
1844	(48, 46)	'0.'	1850
1845	(412, 156)	'府'	1851
1846	(1642, 1084)	' something'	1852
1847	(333, 108)	' rel'	1853
1848	(711, 138)	'越'	1854
1849	(541, 146)	'排'	1855
1850	(354, 104)	' Sh'	1856
1851	(274, 110)	'ann'	1857
1852	(1112, 427)	'今年'	1858
1853	(1234, 526)	' feel'	1859
1854	(266, 379)	' these'	1860
1855	(447, 175)	'积'	1861
1856	(618, 165)	'ụ'	1862
1857	(358, 132)	'评'	1863
1858	(646, 119)	'iew'	1864
1859	(917, 177)	'花'	1865
1860	(657, 1586)	'开始'	1866
1861	(105, 121)	'iy'	1867
1862	(1564, 167)	'照'	1868
1863	(373, 285)	'imes'	1869
1864	(677, 348)	' lead'	1870
1865	(411, 115)	'ters'	1871
1866	(431, 1246)	'chool'	1872
1867	(230, 146)	b'\xe6\x92'	1873
1868	(394, 138)	'益'	1874
1869	(297, 475)	' high'	1875
1870	(419, 492)	'国家'	1876
1871	(101, 102)	'ef'	1877
1872	(525, 191)	'阿'	1878
1873	(517, 382)	' never'	1879
1874	(900, 182)	'究'	1880
1875	(372, 161)	'条'	1881
1876	(275, 115)	'its'	1882
1877	(278, 1221)	' count'	1883
1878	(400, 579)	'大学'	1884
1879	(288, 431)	'arch'	1885
1880	(119, 97)	'wa'	1886
1881	(560, 285)	'akes'	1887
1882	(1570, 515)	' month'	1888
1883	(389, 149)	'引'	1889
1884	(739, 175)	'景'	1890
1885	(49, 54)	'16'	1891
1886	(1007, 141)	'్'	1892
1887	(1204, 411)	' better'	1893
1888	(1229, 420)	'认为'	1894
1889	(1763, 168)	'器'	1895
1890	(1048, 737)	" didn't"	1896
1891	(679, 153)	'站'	1897
1892	(333, 987)	' report'	1898
1893	(303, 1012)	' three'	1899
1894	(448, 185)	'根'	1900
1895	(264, 678)	' sure'	1901
1896	(1500, 188)	'楼'	1902
1897	(1584, 144)	'源'	1903
1898	(118, 285)	'ves'	1904
1899	(648, 178)	'育'	1905
1900	(1309, 1457)	'世界'	1906
1901	(229, 132)	b'\xe5\x84'	1907
1902	(1025, 149)	'ን'	1908
1903	(264, 398)	' sur'	1909
1904	(449, 144)	'限'	1910
1905	(264, 1541)	' since'	1911
1906	(647, 151)	'罗'	1912
1907	(339, 133)	'幅'	1913
1908	(558, 132)	'构'	1914
1909	(49, 52)	'14'	1915
1910	(115, 265)	'son'	1916
1911	(101, 101)	'ee'	1917
1912	(1036, 165)	'营'	1918
1913	(465, 129)	'态'	1919
1914	(333, 116)	' ret'	1920
1915	(45, 45)	'--'	1921
1916	(1161, 135)	'ে'	1922
1917	(449, 141)	'降'	1923
1918	(277, 369)	' big'	1924
1919	(274, 682)	'anks'	1925
1920	(1180, 281)	'This'	1926
1921	(1375, 1094)	' second'	1927
1922	(631, 153)	'候'	1928
1923	(308, 115)	'ics'	1929
1924	(700, 931)	'比赛'	1930
1925	(273, 379)	'ouse'	1931
1926	(195, 160)	'à'	1932
1927	(647, 174)	'置'	1933
1928	(107, 97)	'ka'	1934
1929	(1669, 323)	b'\xe0\xa4\xbf\xe0\xa4'	1935
1930	(101, 858)	'eah'	1936
1931	(510, 114)	' Fr'	1937
1932	(309, 146)	'划'	1938
1933	(291, 1551)	' during'	1939
1934	(231, 175)	b'\xe7\xaf'	1940
1935	(256, 267)	' ter'	1941
1936	(410, 155)	'军'	1942
1937	(508, 168)	' ب'	1943
1938	(32, 334)	' ent'	1944
1939	(1689, 430)	b'\xe1\x80\xba\xe1\x80'	1945
1940	(288, 97)	'ara'	1946
1941	(815, 308)	' offic'	1947
1942	(403, 180)	'巴'	1948
1943	(32, 430)	b' \xe1\x80'	1949
1944	(119, 863)	'ways'	1950
1945	(271, 116)	'att'	1951
1946	(1273, 1082)	'非常'	1952
1947	(977, 320)	'ible'	1953
1948	(384, 187)	'击'	1954
1949	(692, 191)	'便'	1955
1950	(350, 336)	'是一'	1956
1951	(102, 528)	'ful'	1957
1952	(1029, 189)	'白'	1958
1953	(110, 267)	'ner'	1959
1954	(259, 115)	'hes'	1960
1955	(98, 114)	'br'	1961
1956	(446, 308)	'ific'	1962
1957	(558, 129)	'极'	1963
1958	(46, 83)	'.S'	1964
1959	(698, 138)	'්'	1965
1960	(231, 140)	b'\xe7\x8c'	1966
1961	(480, 608)	'riend'	1967
1962	(282, 752)	' find'	1968
1963	(449, 164)	'除'	1969
1964	(478, 898)	'ember'	1970
1965	(483, 180)	'致'	1971
1966	(335, 162)	'团'	1972
1967	(571, 420)	'成为'	1973
1968	(1263, 132)	'摄'	1974
1969	(1138, 957)	'设计'	1975
1970	(1521, 102)	'self'	1976
1971	(400, 272)	'大的'	1977
1972	(372, 131)	'权'	1978
1973	(1792, 1176)	'什么'	1979
1974	(1459, 1396)	' Trump'	1980
1975	(706, 662)	'美元'	1981
1976	(264, 108)	' sl'	1982
1977	(487, 139)	'测'	1983
1978	(1042, 367)	" It's"	1984
1979	(363, 151)	'众'	1985
1980	(284, 370)	' put'	1986
1981	(423, 115)	'uss'	1987
1982	(1632, 128)	'言'	1988
1983	(332, 115)	'ets'	1989
1984	(880, 1715)	'情况'	1990
1985	(846, 1015)	'价格'	1991
1986	(232, 158)	b'\xe8\x9e'	1992
1987	(337, 136)	'终'	1993
1988	(116, 1000)	'tty'	1994
1989	(741, 350)	'还是'	1995
1990	(1032, 112)	' resp'	1996
1991	(511, 1283)	' season'	1997
1992	(50, 46)	'2.'	1998
1993	(277, 485)	' best'	1999
1994	(890, 336)	'第一'	2000
1995	(49, 51)	'13'	2001
1996	(451, 158)	'属'	2002
1997	(256, 293)	' tal'	2003
1998	(524, 134)	'历'	2004
1999	(309, 151)	'列'	2005
2000	(1400, 485)	' invest'	2006
2001	(208, 183)	'з'	2007
2002	(282, 352)	' fam'	2008
2003	(300, 115)	' ins'	2009
2004	(297, 600)	' home'	2010
2005	(284, 1645)	' person'	2011
2006	(286, 1565)	' market'	2012
2007	(466, 48)	' 20'	2013
2008	(372, 142)	'李'	2014
2009	(1901, 191)	'儿'	2015
2010	(468, 975)	'以及'	2016
2011	(895, 129)	'码'	2017
2012	(889, 955)	'电影'	2018
2013	(333, 348)	' read'	2019
2014	(602, 209)	b'\xd0\xb8\xd1'	2020
2015	(32, 122)	' z'	2021
2016	(937, 653)	'通过'	2022
2017	(645, 178)	'洲'	2023
2018	(371, 1106)	" you're"	2024
2019	(286, 287)	' med'	2025
2020	(1506, 181)	'段'	2026
2021	(225, 141)	b'\xe1\x8d'	2027
2022	(462, 1090)	'这样'	2028
2023	(1510, 492)	'玩家'	2029
2024	(629, 190)	'ਾ'	2030
2025	(279, 267)	'ener'	2031
2026	(308, 285)	'ices'	2032
2027	(366, 367)	" that's"	2033
2028	(1753, 166)	'警'	2034
2029	(105, 267)	'ier'	2035
2030	(784, 350)	'但是'	2036
2031	(522, 331)	'ably'	2037
2032	(333, 293)	' real'	2038
2033	(230, 133)	b'\xe6\x85'	2039
2034	(1127, 721)	'活动'	2040
2035	(575, 141)	'响'	2041
2036	(299, 176)	'兰'	2042
2037	(516, 133)	'必'	2043
2038	(707, 159)	'江'	2044
2039	(195, 188)	'ü'	2045
2040	(356, 817)	' That'	2046
2041	(268, 97)	' wa'	2047
2042	(559, 100)	' prod'	2048
2043	(449, 169)	'险'	2049
2044	(794, 148)	'委'	2050
2045	(343, 108)	' el'	2051
2046	(121, 321)	'yst'	2052
2047	(388, 128)	'往'	2053
2048	(643, 115)	'ments'	2054
2049	(1199, 367)	"It's"	2055
2050	(521, 568)	'对于'	2056
2051	(232, 143)	b'\xe8\x8f'	2057
2052	(306, 139)	'國'	2058
2053	(702, 136)	' و'	2059
2054	(998, 1845)	'政府'	2060
2055	(1092, 308)	'meric'	2061
2056	(360, 184)	'许'	2062
2057	(631, 186)	'债'	2063
2058	(1722, 1193)	' diffe'	2064
2059	(277, 423)	' bus'	2065
2060	(194, 183)	'·'	2066
2061	(32, 235)	b' \xeb'	2067
2062	(103, 274)	'gan'	2068
2063	(1501, 161)	'象'	2069
2064	(99, 574)	'cess'	2070
2065	(372, 144)	'材'	2071
2066	(432, 187)	'医'	2072
2067	(336, 1009)	'一些'	2073
2068	(342, 173)	'断'	2074
2069	(105, 287)	'ied'	2075
2070	(305, 1083)	' love'	2076
2071	(108, 287)	'led'	2077
2072	(271, 484)	'ather'	2078
2073	(1986, 141)	'融'	2079
2074	(449, 136)	'陈'	2080
2075	(1346, 555)	'需要'	2081
2076	(559, 118)	' prov'	2082
2077	(1216, 744)	'管理'	2083
2078	(950, 543)	'irect'	2084
2079	(256, 480)	' tri'	2085
2080	(271, 637)	'ative'	2086
2081	(384, 143)	'减'	2087
2082	(303, 283)	' thing'	2088
2083	(1768, 606)	b'\xe0\xaa\xbe\xe0\xaa'	2089
2084	(644, 190)	'曾'	2090
2085	(405, 140)	'富'	2091
2086	(566, 176)	'র'	2092
2087	(386, 350)	'不是'	2093
2088	(539, 694)	'地产'	2094
2089	(495, 396)	'到了'	2095
2090	(528, 288)	'ular'	2096
2091	(830, 576)	'很多'	2097
2092	(476, 169)	'择'	2098
2093	(229, 160)	b'\xe5\xa0'	2099
2094	(730, 390)	'其中'	2100
2095	(258, 97)	'ina'	2101
2096	(216, 168)	'ب'	2102
2097	(376, 114)	' Ar'	2103
2098	(345, 115)	'ows'	2104
2099	(233, 173)	b'\xe9\xad'	2105
2100	(288, 109)	'arm'	2106
2101	(278, 398)	' cur'	2107
2102	(930, 1832)	' percent'	2108
2103	(294, 110)	' ann'	2109
2104	(50, 53)	'25'	2110
2105	(104, 97)	'ha'	2111
2106	(469, 191)	' п'	2112
2107	(418, 636)	'ility'	2113
2108	(419, 1536)	'国际'	2114
2109	(618, 139)	'ị'	2115
2110	(310, 109)	'omm'	2116
2111	(422, 162)	'财'	2117
2112	(569, 187)	'治'	2118
2113	(385, 673)	' stud'	2119
2114	(409, 121)	' why'	2120
2115	(280, 137)	'争'	2121
2116	(401, 151)	'套'	2122
2117	(1667, 1874)	'研究'	2123
2118	(209, 150)	'і'	2124
2119	(708, 557)	'部分'	2125
2120	(1099, 781)	'增长'	2126
2121	(537, 139)	'ो'	2127
2122	(664, 1803)	' govern'	2128
2123	(297, 505)	' hand'	2129
2124	(296, 166)	'另'	2130
2125	(861, 159)	'食'	2131
2126	(296, 178)	'史'	2132
2127	(697, 287)	'ected'	2133
2128	(476, 191)	'拿'	2134
2129	(278, 548)	' cour'	2135
2130	(780, 151)	'算'	2136
2131	(613, 121)	' They'	2137
2132	(236, 157)	b'\xec\x9d'	2138
2133	(487, 170)	'浪'	2139
2134	(625, 175)	'港'	2140
2135	(1367, 140)	'验'	2141
2136	(661, 479)	" can't"	2142
2137	(655, 555)	'主要'	2143
2138	(111, 120)	'ox'	2144
2139	(342, 189)	'施'	2145
2140	(517, 1535)	' next'	2146
2141	(401, 135)	'奇'	2147
2142	(627, 905)	'ان'	2148
2143	(49, 55)	'17'	2149
2144	(349, 180)	'却'	2150
2145	(486, 619)	'出现'	2151
2146	(101, 382)	'ever'	2152
2147	(429, 149)	'录'	2153
2148	(258, 574)	'iness'	2154
2149	(370, 101)	'ute'	2155
2150	(117, 757)	'uff'	2156
2151	(99, 107)	'ck'	2157
2152	(1438, 837)	'项目'	2158
2153	(32, 948)	' с'	2159
2154	(323, 168)	'न'	2160
2155	(302, 159)	'够'	2161
2156	(381, 348)	' head'	2162
2157	(272, 350)	'的是'	2163
2158	(1408, 161)	'满'	2164
2159	(471, 178)	'า'	2165
2160	(108, 759)	'line'	2166
2161	(337, 169)	'绩'	2167
2162	(1220, 156)	'喜'	2168
2163	(470, 104)	' Wh'	2169
2164	(482, 189)	'命'	2170
2165	(114, 308)	'ric'	2171
2166	(293, 515)	'alth'	2172
2167	(97, 105)	'ai'	2173
2168	(1023, 1988)	' pretty'	2174
2169	(469, 186)	' к'	2175
2170	(529, 553)	'行业'	2176
2171	(276, 107)	'ork'	2177
2172	(514, 102)	' conf'	2178
2173	(685, 374)	' world'	2179
2174	(1157, 2092)	'选择'	2180
2175	(462, 1009)	'这些'	2181
2176	(56, 48)	'80'	2182
2177	(300, 321)	' inst'	2183
2178	(103, 332)	'get'	2184
2179	(503, 747)	'ар'	2185
2180	(397, 935)	'人民'	2186
2181	(561, 185)	'边'	2187
2182	(277, 1777)	' both'	2188
2183	(274, 527)	'ants'	2189
2184	(278, 320)	' cle'	2190
2185	(231, 147)	b'\xe7\x93'	2191
2186	(413, 130)	'适'	2192
2187	(276, 515)	'orth'	2193
2188	(208, 177)	'б'	2194
2189	(1036, 189)	'落'	2195
2190	(450, 972)	'olog'	2196
2191	(496, 101)	' Re'	2197
2192	(279, 379)	'ense'	2198
2193	(229, 130)	b'\xe5\x82'	2199
2194	(547, 157)	'额'	2200
2195	(512, 101)	' come'	2201
2196	(110, 97)	'na'	2202
2197	(412, 149)	'底'	2203
2198	(646, 374)	'ield'	2204
2199	(16004, 109)	"I'm"	2205
2200	(534, 1127)	'生活'	2206
2201	(1782, 153)	'龙'	2207
2202	(219, 146)	'ے'	2208
2203	(735, 137)	b' \xe1\x89'	2209
2204	(282, 926)	' few'	2210
2205	(345, 283)	'owing'	2211
2206	(380, 151)	'字'	2212
2207	(298, 141)	'仍'	2213
2208	(1886, 570)	b'\xe0\xb1\x8d\xe0\xb0'	2214
2209	(292, 374)	' told'	2215
2210	(1126, 933)	' ال'	2216
2211	(391, 265)	' Mon'	2217
2212	(1135, 177)	'钱'	2219
2213	(297, 489)	' hop'	2220
2214	(316, 108)	' gl'	2221
2215	(117, 578)	'ures'	2222
2216	(480, 98)	'rib'	2223
2217	(582, 1944)	' always'	2224
2218	(318, 102)	' If'	2225
2219	(264, 986)	' such'	2226
2220	(1331, 737)	" doesn't"	2227
2221	(323, 149)	'क'	2228
2222	(232, 145)	b'\xe8\x91'	2229
2223	(467, 1922)	'时候'	2230
2224	(1480, 320)	'ittle'	2231
2225	(739, 174)	'普'	2232
2226	(330, 116)	'ott'	2233
2227	(925, 287)	' used'	2234
2228	(580, 191)	'ி'	2235
2229	(208, 185)	'й'	2236
2230	(719, 121)	'ody'	2237
2231	(348, 97)	'ada'	2238
2232	(590, 350)	'也是'	2239
2233	(264, 1103)	' sign'	2240
2234	(1029, 190)	'百'	2241
2235	(570, 191)	'ి'	2242
2236	(1205, 279)	'ween'	2243
2237	(109, 115)	'ms'	2244
2238	(1344, 766)	' keep'	2245
2239	(1167, 1493)	' actually'	2246
2240	(376, 2055)	' Americ'	2247
2241	(330, 101)	'ote'	2248
2242	(351, 166)	'书'	2249
2243	(274, 97)	'ana'	2250
2244	(807, 131)	'境'	2251
2245	(258, 115)	'ins'	2252
2246	(275, 293)	'ital'	2253
2247	(698, 146)	'ි'	2254
2248	(355, 115)	' iss'	2255
2249	(87, 817)	'What'	2256
2250	(117, 107)	'uk'	2257
2251	(33, 33)	'!!'	2258
2252	(1039, 281)	' This'	2259
2253	(97, 728)	'ared'	2260
2254	(101, 120)	'ex'	2261
2255	(425, 104)	'outh'	2262
2256	(589, 149)	' क'	2263
2257	(383, 100)	'ird'	2264
2258	(219, 129)	'ہ'	2265
2259	(1595, 116)	' point'	2266
2260	(376, 110)	' An'	2267
2261	(422, 167)	'货'	2268
2262	(260, 190)	'举'	2269
2263	(368, 129)	'币'	2270
2264	(955, 2035)	'影响'	2271
2265	(16001, 55)	' 2017'	2272
2266	(68, 65)	'DA'	2273
2267	(282, 746)	' found'	2274
2268	(263, 109)	'rem'	2275
2269	(232, 170)	b'\xe8\xaa'	2276
2270	(313, 152)	'官'	2277
2271	(104, 803)	'hip'	2278
2272	(305, 1111)	' law'	2279
2273	(219, 144)	'ې'	2280
2274	(278, 938)	' care'	2281
2275	(670, 187)	'轻'	2282
2276	(478, 115)	'ems'	2283
2277	(109, 287)	'med'	2284
2278	(267, 110)	'ern'	2285
2279	(343, 757)	' eff'	2286
2280	(337, 167)	'继'	2287
2281	(229, 169)	b'\xe5\xa9'	2288
2282	(1129, 99)	' disc'	2289
2283	(327, 97)	' ya'	2290
2284	(292, 112)	' top'	2291
2285	(276, 110)	'orn'	2292
2286	(289, 98)	' ob'	2293
2287	(288, 105)	'ari'	2294
2288	(1284, 187)	'离'	2295
2289	(309, 184)	'券'	2296
2290	(87, 104)	'Wh'	2297
2291	(531, 101)	' Le'	2298
2292	(309, 135)	'切'	2299
2293	(271, 97)	'ata'	2300
2294	(570, 190)	'ా'	2301
2295	(297, 630)	' hard'	2302
2296	(859, 1411)	' company'	2303
2297	(866, 181)	'ት'	2304
2298	(278, 334)	' cent'	2306
2299	(412, 167)	'座'	2307
2300	(309, 157)	'初'	2308
2301	(197, 159)	'ş'	2309
2302	(294, 1419)	' another'	2310
2303	(282, 548)	' four'	2311
2304	(306, 159)	'土'	2312
2305	(887, 153)	'香'	2313
2306	(1590, 182)	'状'	2314
2307	(1204, 2236)	' between'	2315
2308	(881, 129)	'ு'	2316
2309	(277, 348)	' bad'	2317
2310	(303, 1245)	' things'	2318
2311	(341, 169)	'早'	2319
2312	(1052, 283)	'ording'	2320
2313	(385, 271)	' stat'	2321
2314	(73, 102)	'If'	2322
2315	(305, 638)	' loc'	2323
2316	(39, 312)	"'ll"	2324
2317	(318, 860)	' Ind'	2325
2318	(272, 397)	'的人'	2326
2319	(801, 468)	'所以'	2327
2320	(51, 46)	'3.'	2328
2321	(713, 402)	' spec'	2329
2322	(1217, 132)	'黄'	2330
2323	(264, 1866)	' school'	2331
2324	(476, 155)	'招'	2332
2325	(1053, 135)	'ે'	2333
2326	(349, 171)	'卫'	2334
2327	(288, 115)	'ars'	2335
2328	(291, 480)	' dri'	2336
2329	(513, 162)	'波'	2337
2330	(1095, 568)	'由于'	2338
2331	(286, 478)	' mem'	2339
2332	(503, 209)	b'\xd0\xb0\xd1'	2340
2333	(498, 159)	'域'	2341
2334	(386, 653)	'不过'	2342
2335	(1261, 189)	'虽'	2343
2336	(1735, 279)	' open'	2344
2337	(802, 324)	" I've"	2345
2338	(313, 157)	'宝'	2346
2339	(318, 115)	' Is'	2347
2340	(365, 1577)	'ross'	2348
2341	(873, 162)	'索'	2349
2342	(208, 191)	'п'	2350
2343	(278, 1076)	' coll'	2351
2344	(657, 545)	'开发'	2352
2345	(525, 179)	'阳'	2353
2346	(660, 420)	'作为'	2354
2347	(302, 174)	'央'	2355
2348	(835, 140)	'职'	2356
2349	(305, 1656)	' life'	2357
2350	(97, 117)	'au'	2358
2351	(230, 189)	b'\xe6\xbd'	2359
2352	(278, 651)	' cap'	2360
2353	(677, 103)	' leg'	2361
2354	(1238, 665)	'使用'	2362
2355	(492, 1149)	'家具'	2363
2356	(230, 147)	b'\xe6\x93'	2364
2357	(692, 139)	'例'	2365
2358	(592, 116)	' ext'	2366
2359	(1769, 646)	' belie'	2367
2360	(385, 519)	' state'	2368
2361	(840, 1006)	'数据'	2369
2362	(230, 191)	b'\xe6\xbf'	2370
2363	(690, 121)	'oney'	2371
2364	(314, 499)	' num'	2372
2365	(116, 116)	'tt'	2373
2366	(401, 165)	'奥'	2374
2367	(541, 167)	'控'	2375
2368	(46, 1670)	'.com'	2376
2369	(2228, 580)	b'\xe0\xae\xbf\xe0\xae'	2377
2370	(451, 130)	'层'	2378
2371	(282, 1961)	' friend'	2379
2372	(298, 139)	'介'	2380
2373	(2159, 471)	b'\xe0\xb8\xb2\xe0\xb8'	2381
2374	(309, 154)	'刚'	2382
2375	(692, 157)	'依'	2383
2376	(302, 171)	'夫'	2384
2377	(827, 555)	'重要'	2385
2378	(639, 274)	' mean'	2386
2379	(996, 57)	'2009'	2387
2380	(54, 48)	'60'	2388
2381	(281, 322)	'ision'	2389
2382	(108, 574)	'less'	2390
2383	(320, 1056)	'lease'	2391
2384	(352, 97)	'ama'	2392
2385	(281, 527)	'ists'	2393
2386	(1364, 185)	'ẹ'	2394
2387	(340, 179)	'申'	2395
2388	(390, 272)	'中的'	2396
2389	(98, 2031)	'bably'	2397
2390	(422, 163)	'责'	2398
2391	(277, 275)	' bit'	2399
2392	(267, 105)	'eri'	2400
2393	(311, 156)	'远'	2401
2394	(351, 160)	'习'	2402
2395	(50, 52)	'24'	2403
2396	(32, 90)	' Z'	2404
2397	(469, 177)	' б'	2405
2398	(286, 612)	' might'	2406
2399	(872, 173)	'短'	2407
2400	(319, 179)	'佳'	2408
2401	(1060, 1371)	'信息'	2409
2402	(305, 2224)	' little'	2410
2403	(329, 189)	'尽'	2411
2404	(1284, 143)	'福'	2412
2405	(100, 100)	'dd'	2413
2406	(545, 619)	'发现'	2414
2407	(445, 187)	'攻'	2415
2408	(229, 170)	b'\xe5\xaa'	2416
2409	(349, 143)	'协'	2417
2410	(118, 691)	'vice'	2418
2411	(363, 164)	'伤'	2419
2412	(507, 162)	'欢'	2421
2413	(718, 140)	'跌'	2422
2414	(101, 728)	'ered'	2423
2415	(1228, 272)	'自己的'	2424
2416	(982, 1576)	' group'	2425
2417	(872, 179)	'石'	2426
2418	(286, 719)	' mod'	2427
2419	(500, 99)	'ounc'	2428
2420	(1357, 1258)	'消费'	2429
2421	(317, 166)	'否'	2430
2422	(397, 272)	'人的'	2431
2423	(286, 1730)	' million'	2432
2424	(1523, 667)	'获得'	2433
2425	(109, 258)	'min'	2434
2426	(1694, 131)	'范'	2435
2427	(823, 179)	'稳'	2436
2428	(32, 287)	' ed'	2437
2429	(412, 183)	'康'	2438
2430	(387, 190)	'找'	2439
2431	(305, 332)	' let'	2440
2432	(998, 1843)	'政策'	2441
2433	(257, 370)	' aut'	2442
2434	(291, 2078)	' direct'	2443
2435	(1720, 121)	'ready'	2444
2436	(457, 179)	'纳'	2445
2437	(284, 328)	' pay'	2446
2438	(949, 1644)	'提供'	2447
2439	(1252, 489)	'velop'	2448
2440	(442, 406)	' kill'	2449
2441	(1770, 129)	'突'	2450
2442	(1934, 174)	'篮'	2451
2443	(32, 117)	' u'	2452
2444	(300, 411)	' inter'	2453
2445	(394, 145)	'监'	2454
2446	(551, 137)	'按'	2455
2447	(284, 1022)	' pass'	2456
2448	(669, 186)	'為'	2457
2449	(121, 609)	'year'	2458
2450	(360, 175)	'讯'	2459
2451	(1684, 279)	' happen'	2460
2452	(380, 169)	'孩'	2461
2453	(257, 118)	' av'	2462
2454	(611, 959)	' place'	2463
2455	(596, 1264)	' child'	2464
2456	(279, 103)	'eng'	2465
2457	(670, 174)	'轮'	2466
2458	(1440, 662)	'亿元'	2467
2459	(632, 820)	' trans'	2468
2460	(349, 160)	'占'	2469
2461	(259, 263)	'here'	2470
2462	(45, 116)	'-t'	2471
2463	(442, 752)	' kind'	2472
2464	(375, 100)	'und'	2473
2465	(299, 180)	'兴'	2474
2466	(1334, 984)	'显示'	2475
2467	(110, 285)	'nes'	2476
2468	(39, 324)	"'ve"	2477
2469	(316, 637)	' give'	2478
2470	(79, 78)	'ON'	2479
2471	(264, 107)	' sk'	2480
2472	(274, 101)	'ane'	2481
2473	(1008, 258)	' contin'	2482
2474	(49, 424)	'100'	2483
2475	(386, 709)	'不同'	2484
2476	(413, 129)	'送'	2485
2477	(627, 216)	b'\xd8\xa7\xd8'	2486
2478	(715, 587)	'之后'	2487
2479	(258, 285)	'ines'	2488
2480	(264, 373)	' sim'	2489
2481	(289, 374)	' old'	2490
2482	(286, 1312)	' miss'	2491
2483	(342, 188)	'於'	2492
2484	(726, 350)	'都是'	2493
2485	(743, 1958)	' U.S'	2494
2486	(335, 180)	'围'	2495
2487	(291, 332)	' det'	2496
2488	(280, 178)	'亲'	2497
2489	(805, 619)	'表现'	2498
2490	(115, 99)	'sc'	2499
2491	(296, 164)	'古'	2500
2492	(107, 287)	'ked'	2501
2493	(1470, 968)	'支持'	2502
2494	(338, 166)	'…'	2503
2495	(231, 191)	b'\xe7\xbf'	2504
2496	(2122, 643)	' government'	2505
2497	(121, 110)	'yn'	2507
2498	(876, 485)	' quest'	2508
2499	(1300, 116)	' thought'	2509
2500	(66, 370)	'But'	2510
2501	(271, 115)	'ats'	2511
2502	(1047, 103)	'ugg'	2513
2503	(730, 564)	'其他'	2514
2504	(412, 151)	'店'	2515
2505	(16001, 56)	' 2018'	2516
2506	(278, 276)	' cor'	2517
2507	(549, 174)	'修'	2518
2508	(105, 581)	'ially'	2519
2509	(32, 324)	' ve'	2520
2510	(231, 162)	b'\xe7\xa2'	2521
2511	(563, 188)	'眼'	2522
2512	(1329, 987)	' support'	2523
2513	(554, 112)	' dep'	2524
2514	(2058, 1347)	' different'	2525
2515	(109, 109)	'mm'	2526
2516	(233, 178)	b'\xe9\xb2'	2527
2517	(743, 83)	' US'	2528
2518	(286, 326)	' mid'	2529
2519	(454, 166)	'武'	2530
2520	(2024, 629)	b'\xe0\xa8\xbe\xe0\xa8'	2531
2521	(195, 161)	'á'	2532
2522	(299, 133)	'充'	2533
2523	(275, 283)	'iting'	2534
2524	(105, 1315)	'ivers'	2535
2525	(322, 293)	'ional'	2536
2526	(403, 174)	'差'	2537
2527	(462, 336)	'这一'	2538
2528	(360, 191)	'访'	2539
2529	(1524, 179)	'音'	2540
2530	(291, 478)	' dem'	2541
2531	(520, 272)	'来的'	2542
2532	(231, 134)	b'\xe7\x86'	2543
2533	(333, 112)	' rep'	2544
2534	(677, 1427)	' left'	2545
2535	(99, 265)	'con'	2546
2536	(582, 2435)	' already'	2547
2537	(313, 164)	'室'	2548
2538	(1007, 129)	'ు'	2549
2539	(718, 159)	'跟'	2550
2540	(52, 48)	'40'	2551
2541	(337, 134)	'细'	2552
2542	(1643, 133)	'病'	2553
2543	(509, 167)	'剧'	2554
2544	(476, 172)	'括'	2555
2545	(273, 100)	'oud'	2556
2546	(700, 1310)	'比较'	2557
2547	(375, 636)	'unity'	2558
2548	(396, 336)	'了一'	2559
2549	(824, 101)	' inte'	2560
2550	(776, 272)	'好的'	2561
2551	(436, 104)	' Ph'	2562
2552	(727, 902)	'球队'	2563
2553	(377, 108)	' Cl'	2564
2554	(32, 196)	b' \xc4'	2565
2555	(433, 1124)	'cept'	2566
2556	(323, 130)	'ं'	2567
2557	(308, 581)	'ically'	2568
2558	(2335, 916)	'虽然'	2569
2559	(760, 1089)	' getting'	2570
2560	(281, 109)	'ism'	2571
2561	(524, 139)	'压'	2572
2562	(2059, 2148)	' business'	2573
2563	(518, 745)	'能力'	2574
2564	(546, 734)	' vide'	2575
2565	(961, 32)	'\xa0 '	2576
2566	(50, 51)	'23'	2577
2567	(116, 287)	'ted'	2578
2568	(108, 283)	'ling'	2579
2569	(540, 666)	'日本'	2580
2570	(890, 1155)	'第二'	2581
2571	(69, 82)	'ER'	2582
2572	(333, 321)	' rest'	2583
2573	(555, 1391)	'要求'	2584
2574	(289, 591)	' opp'	2585
2575	(739, 154)	'晚'	2586
2576	(400, 492)	'大家'	2587
2577	(333, 102)	' ref'	2588
2578	(879, 690)	' someone'	2589
2579	(895, 180)	'破'	2590
2580	(391, 328)	' May'	2591
2581	(542, 114)	' Gr'	2592
2582	(316, 1743)	' games'	2593
2583	(282, 418)	' fil'	2594
2584	(119, 119)	'ww'	2595
2585	(1822, 566)	b'\xe0\xa6\xbe\xe0\xa6'	2596
2586	(1799, 1607)	'希望'	2597
2587	(329, 154)	'尚'	2598
2588	(284, 1824)	' public'	2599
2589	(195, 167)	'ç'	2600
2590	(106, 697)	'ject'	2601
2591	(73, 78)	'IN'	2602
2592	(466, 424)	' 200'	2603
2593	(615, 111)	' Jo'	2604
2594	(713, 101)	' spe'	2605
2595	(822, 1215)	'关注'	2606
2596	(940, 101)	'ize'	2607
2597	(390, 854)	'中心'	2608
2598	(2362, 128)	'激'	2609
2599	(257, 383)	' air'	2610
2600	(372, 145)	'村'	2611
2601	(1412, 1899)	'教育'	2612
2602	(415, 164)	'护'	2613
2603	(668, 116)	' unt'	2614
2604	(386, 506)	'不会'	2615
2605	(1370, 1370)	'——'	2616
2606	(754, 177)	'න'	2617
2607	(517, 288)	' near'	2618
2608	(1407, 691)	' police'	2619
2609	(32, 81)	' Q'	2620
2610	(293, 102)	'alf'	2621
2611	(291, 526)	' del'	2622
2612	(1596, 2544)	'包括'	2623
2613	(405, 134)	'密'	2624
2614	(558, 144)	'析'	2625
2615	(300, 1383)	' inform'	2626
2616	(617, 114)	'istr'	2627
2617	(284, 288)	' par'	2628
2618	(741, 378)	'还有'	2629
2619	(230, 190)	b'\xe6\xbe'	2630
2620	(1217, 145)	'黑'	2631
2621	(873, 167)	'紧'	2632
2622	(121, 101)	'ye'	2633
2623	(416, 425)	' without'	2634
2624	(98, 459)	'bers'	2635
2625	(773, 1842)	'品牌'	2636
2626	(376, 115)	' As'	2638
2627	(1021, 1432)	'交易'	2639
2628	(231, 145)	b'\xe7\x91'	2640
2629	(1550, 1608)	'销售'	2641
2630	(271, 398)	'atur'	2642
2631	(1516, 1556)	'技术'	2643
2632	(472, 53)	' 15'	2644
2633	(114, 293)	'ral'	2645
2634	(300, 102)	' inf'	2646
2635	(282, 1257)	' full'	2647
2636	(782, 166)	'焦'	2648
2637	(343, 382)	' ever'	2649
2638	(16005, 283)	' including'	2650
2639	(1492, 172)	'独'	2651
2640	(2294, 570)	b'\xe0\xb0\xbe\xe0\xb0'	2652
2641	(1397, 129)	'岁'	2653
2642	(281, 287)	'ised'	2654
2643	(315, 168)	'昨'	2655
2644	(284, 1555)	' poss'	2656
2645	(1877, 838)	' country'	2657
2646	(2549, 1712)	' interest'	2658
2647	(1583, 150)	'湖'	2659
2648	(99, 99)	'cc'	2660
2649	(547, 145)	'频'	2661
2650	(625, 169)	'温'	2662
2651	(602, 704)	'ин'	2663
2652	(462, 1049)	'这种'	2664
2653	(117, 365)	'uro'	2665
2654	(2211, 811)	' Monday'	2666
2655	(323, 164)	'त'	2667
2656	(230, 166)	b'\xe6\xa6'	2668
2657	(282, 288)	' far'	2669
2658	(314, 612)	' night'	2670
2659	(278, 263)	' cre'	2671
2660	(710, 704)	'ен'	2672
2661	(428, 272)	'上的'	2673
2662	(277, 263)	' bre'	2674
2663	(508, 170)	' ت'	2675
2664	(32, 734)	' ide'	2676
2665	(793, 165)	'略'	2677
2666	(566, 191)	'ি'	2678
2667	(57, 48)	'90'	2679
2668	(999, 176)	'声'	2680
2669	(336, 1389)	'一直'	2681
2670	(607, 2133)	'新浪'	2682
2671	(874, 576)	'更多'	2683
2672	(469, 189)	' н'	2684
2673	(101, 348)	'ead'	2685
2674	(351, 137)	'义'	2686
2675	(284, 480)	' pri'	2687
2676	(2408, 146)	'媒'	2688
2677	(372, 190)	'松'	2689
2678	(454, 187)	'死'	2690
2679	(105, 399)	'ike'	2691
2680	(349, 150)	'卖'	2692
2681	(476, 165)	'拥'	2693
2682	(78, 111)	'No'	2694
2683	(859, 320)	' comple'	2695
2684	(65, 84)	'AT'	2696
2685	(343, 1778)	' elect'	2697
2686	(624, 164)	'群'	2698
2687	(536, 287)	'osed'	2699
2688	(326, 267)	'ider'	2700
2689	(1599, 518)	'功能'	2701
2690	(677, 626)	' least'	2702
2691	(320, 121)	'ley'	2703
2692	(780, 128)	'简'	2704
2693	(519, 331)	'ately'	2705
2694	(469, 180)	' д'	2706
2695	(286, 2363)	' money'	2707
2696	(851, 48)	' 30'	2708
2697	(330, 111)	'oto'	2709
2698	(457, 170)	'纪'	2710
2699	(397, 992)	'人员'	2711
2700	(336, 771)	'一定'	2712
2701	(256, 868)	' tell'	2713
2702	(264, 275)	' sit'	2714
2703	(354, 259)	' She'	2715
2704	(417, 108)	' Bl'	2716
2705	(282, 1012)	' free'	2717
2706	(334, 322)	'ention'	2718
2707	(430, 172)	'ာ'	2719
2708	(552, 283)	' doing'	2720
2709	(491, 1080)	' job'	2721
2710	(559, 2389)	' probably'	2722
2711	(105, 105)	'ii'	2723
2712	(50, 50)	'22'	2724
2713	(511, 279)	' seen'	2725
2714	(516, 151)	'志'	2726
2715	(1552, 1125)	'服务'	2727
2716	(89, 1930)	'Yeah'	2728
2717	(705, 433)	'rence'	2729
2718	(32, 218)	b' \xda'	2730
2719	(514, 99)	' conc'	2731
2720	(119, 328)	'way'	2732
2721	(469, 178)	' в'	2733
2722	(427, 272)	'年的'	2734
2723	(388, 174)	'微'	2735
2724	(476, 133)	'担'	2736
2725	(1425, 328)	' away'	2737
2726	(388, 133)	'待'	2738
2727	(291, 863)	' days'	2739
2728	(368, 173)	'席'	2740
2729	(337, 157)	'绝'	2741
2730	(569, 185)	'油'	2742
2731	(1265, 553)	'专业'	2743
2732	(901, 662)	'万元'	2744
2733	(763, 186)	'艺'	2745
2734	(1784, 506)	'社会'	2746
2735	(383, 108)	'irl'	2747
2736	(98, 621)	'ball'	2748
2737	(504, 275)	' shit'	2749
2738	(428, 1071)	'上海'	2750
2739	(569, 179)	'河'	2751
2740	(286, 271)	' mat'	2752
2741	(260, 165)	'严'	2753
2742	(46, 53)	'.5'	2754
2743	(732, 162)	'换'	2755
2744	(232, 146)	b'\xe8\x92'	2756
2745	(904, 675)	' enough'	2757
2746	(620, 1030)	'方式'	2758
2747	(1600, 129)	'威'	2759
2748	(472, 50)	' 12'	2760
2749	(256, 1482)	' turn'	2761
2750	(355, 737)	" isn't"	2762
2751	(475, 527)	'ights'	2763
2752	(305, 617)	' list'	2764
2753	(69, 83)	'ES'	2765
2754	(83, 116)	'St'	2766
2755	(323, 178)	'ल'	2767
2756	(354, 111)	' So'	2768
2757	(707, 135)	'汇'	2769
2758	(349, 136)	'午'	2770
2759	(32, 285)	' es'	2771
2760	(746, 115)	'ounds'	2772
2761	(777, 660)	'合作'	2773
2762	(288, 114)	'arr'	2774
2763	(299, 173)	'六'	2775
2764	(452, 452)	'....'	2776
2765	(393, 165)	'补'	2777
2766	(65, 860)	'And'	2778
2767	(349, 177)	'危'	2779
2768	(658, 156)	'镜'	2780
2769	(947, 108)	' expl'	2781
2770	(333, 583)	' requ'	2782
2771	(97, 591)	'app'	2783
2772	(679, 158)	'竞'	2784
2773	(365, 112)	'rop'	2785
2774	(2002, 1475)	' family'	2786
2775	(716, 915)	'进入'	2787
2776	(393, 163)	'衣'	2788
2777	(1145, 334)	' recent'	2789
2778	(111, 348)	'oad'	2790
2779	(702, 190)	' پ'	2791
2780	(229, 152)	b'\xe5\x98'	2792
2781	(1588, 173)	'搭'	2793
2782	(458, 285)	'ages'	2794
2783	(118, 1858)	'view'	2795
2784	(1399, 1264)	' build'	2796
2785	(385, 505)	' stand'	2797
2786	(335, 173)	'园'	2798
2787	(381, 367)	" he's"	2799
2788	(316, 2025)	' gener'	2800
2789	(105, 728)	'ired'	2801
2790	(387, 185)	'批'	2802
2791	(630, 115)	'ards'	2803
2792	(439, 136)	'版'	2804
2793	(282, 918)	' fact'	2805
2794	(99, 111)	'co'	2806
2795	(546, 281)	' vis'	2807
2796	(896, 1813)	' anything'	2808
2797	(493, 146)	'青'	2809
2798	(557, 2614)	'分析'	2810
2799	(596, 288)	' char'	2811
2800	(1609, 1968)	'拍摄'	2812
2801	(354, 112)	' Sp'	2813
2802	(232, 147)	b'\xe8\x93'	2814
2803	(105, 334)	'ient'	2815
2804	(1693, 821)	' looking'	2816
2805	(911, 867)	'因此'	2817
2806	(343, 301)	' eas'	2818
2807	(1657, 173)	'班'	2819
2808	(554, 2439)	' develop'	2820
2809	(403, 166)	'左'	2821
2810	(309, 152)	'刘'	2822
2811	(343, 1010)	' each'	2823
2812	(268, 265)	' won'	2824
2813	(391, 288)	' Mar'	2825
2814	(831, 116)	' art'	2826
2815	(386, 518)	'不能'	2827
2816	(377, 274)	' Can'	2828
2817	(430, 177)	'ေ'	2829
2818	(32, 485)	' est'	2830
2819	(717, 165)	'健'	2831
2820	(305, 574)	' less'	2832
2821	(1266, 597)	'城市'	2833
2822	(1038, 115)	' news'	2834
2823	(1097, 128)	'ੀ'	2835
2824	(439, 155)	'牛'	2836
2825	(419, 814)	'国内'	2837
2826	(396, 1285)	'了解'	2838
2827	(354, 375)	' Sun'	2839
2828	(447, 187)	'移'	2840
2829	(317, 172)	'听'	2841
2830	(45, 98)	'-b'	2842
2831	(1399, 121)	' buy'	2843
2832	(948, 769)	'ст'	2844
2833	(395, 148)	'赔'	2845
2834	(297, 548)	' hour'	2846
2835	(97, 757)	'aff'	2847
2836	(398, 115)	'urs'	2848
2837	(436, 114)	' Pr'	2849
2838	(217, 130)	'ق'	2850
2839	(333, 1283)	' reason'	2851
2840	(801, 378)	'所有'	2852
2841	(586, 157)	'ም'	2853
2842	(471, 153)	'น'	2854
2843	(50, 54)	'26'	2855
2844	(509, 175)	'副'	2856
2845	(465, 157)	'思'	2857
2846	(284, 536)	' pos'	2858
2847	(269, 128)	'\u3000'	2859
2848	(284, 97)	' pa'	2860
2849	(1455, 48)	'2010'	2861
2850	(277, 301)	' bas'	2862
2851	(848, 153)	'错'	2863
2852	(1707, 352)	'gram'	2864
2853	(2280, 1345)	'继续'	2865
2854	(931, 1398)	'赛季'	2866
2855	(321, 505)	'stand'	2867
2856	(368, 174)	'帮'	2868
2857	(1088, 1414)	'系统'	2869
2858	(290, 168)	'木'	2870
2859	(264, 638)	' soc'	2871
2860	(565, 121)	'They'	2872
2861	(883, 178)	'露'	2873
2862	(340, 187)	'画'	2874
2863	(118, 1256)	'vious'	2875
2864	(281, 411)	'ister'	2876
2865	(98, 115)	'bs'	2877
2866	(402, 1675)	'echn'	2878
2867	(430, 175)	'ု'	2879
2868	(358, 137)	'诉'	2880
2869	(286, 279)	' men'	2881
2870	(296, 179)	'右'	2882
2871	(909, 973)	'报道'	2883
2872	(631, 141)	'倍'	2884
2873	(689, 1738)	'而且'	2885
2874	(448, 184)	'核'	2886
2875	(317, 131)	'吃'	2887
2876	(50, 56)	'28'	2888
2877	(1014, 263)	' incre'	2889
2878	(518, 2155)	'能够'	2890
2879	(370, 322)	'ution'	2891
2880	(919, 330)	' prot'	2892
2881	(562, 2073)	'金融'	2893
2882	(1534, 128)	'检'	2894
2883	(110, 574)	'ness'	2895
2884	(217, 129)	'ف'	2896
2885	(263, 116)	'ret'	2897
2886	(733, 419)	'全国'	2898
2887	(403, 168)	'巨'	2899
2888	(514, 100)	' cond'	2900
2889	(2266, 89)	'DAY'	2901
2890	(32, 769)	' т'	2902
2891	(809, 143)	'苏'	2903
2892	(832, 822)	'相关'	2904
2893	(298, 164)	'令'	2905
2894	(750, 151)	'块'	2906
2895	(720, 136)	'谈'	2907
2896	(297, 275)	' hit'	2908
2897	(677, 1252)	' level'	2909
2898	(358, 134)	'识'	2910
2899	(286, 332)	' met'	2911
2900	(264, 117)	' su'	2912
2901	(578, 334)	'resent'	2913
2902	(740, 562)	'资金'	2914
2903	(290, 139)	'朋'	2915
2904	(286, 418)	' mil'	2916
2905	(103, 267)	'ger'	2917
2906	(1531, 287)	' called'	2918
2907	(268, 1490)	' watch'	2919
2908	(385, 489)	' stop'	2920
2909	(111, 399)	'oke'	2921
2910	(795, 140)	'背'	2922
2911	(387, 191)	'承'	2923
2912	(1390, 145)	'疑'	2924
2913	(508, 179)	' س'	2925
2914	(229, 179)	b'\xe5\xb3'	2926
2915	(55, 48)	'70'	2927
2916	(940, 287)	'ized'	2928
2917	(57, 57)	'99'	2929
2918	(354, 99)	' Sc'	2930
2919	(798, 118)	' adv'	2931
2920	(195, 173)	'í'	2932
2921	(423, 287)	'used'	2933
2922	(2681, 378)	'拥有'	2934
2923	(876, 101)	' que'	2935
2924	(333, 100)	' red'	2936
2925	(293, 100)	'ald'	2937
2926	(339, 178)	'干'	2938
2927	(1099, 761)	'增加'	2939
2928	(413, 143)	'透'	2940
2929	(288, 411)	'arter'	2941
2930	(384, 128)	'净'	2942
2931	(32, 48)	' 0'	2943
2932	(286, 1881)	' makes'	2944
2933	(1583, 190)	'湾'	2945
2934	(278, 1056)	' case'	2946
2935	(2603, 418)	' until'	2947
2936	(286, 1511)	' making'	2948
2937	(454, 162)	'止'	2949
2938	(565, 263)	'There'	2950
2939	(216, 185)	'ع'	2952
2940	(627, 834)	'ار'	2953
2941	(611, 274)	' plan'	2954
2942	(256, 1863)	' times'	2955
2943	(957, 1932)	'计划'	2956
2944	(699, 1908)	'机构'	2957
2945	(422, 183)	'贷'	2958
2946	(72, 345)	'How'	2959
2947	(393, 128)	'血'	2960
2948	(464, 101)	' De'	2961
2949	(263, 279)	'reen'	2962
2950	(264, 119)	' sw'	2963
2951	(914, 2088)	'房地产'	2964
2952	(622, 320)	' able'	2965
2953	(410, 156)	'农'	2966
2954	(341, 143)	'族'	2967
2955	(503, 882)	'ал'	2968
2956	(277, 365)	' bro'	2969
2957	(1179, 107)	' took'	2970
2958	(99, 285)	'ces'	2971
2959	(516, 181)	'念'	2972
2960	(1207, 283)	' saying'	2973
2961	(802, 312)	" I'll"	2974
2962	(698, 143)	'ා'	2975
2963	(679, 175)	'端'	2976
2964	(559, 102)	' prof'	2977
2965	(121, 109)	'ym'	2978
2966	(717, 156)	'停'	2979
2967	(1580, 1580)	'    '	2980
2968	(311, 189)	'追'	2981
2969	(554, 293)	' deal'	2982
2970	(564, 272)	'他的'	2983
2971	(46, 109)	'.m'	2984
2972	(579, 1503)	'学校'	2985
2973	(2676, 790)	'媒体'	2986
2974	(861, 158)	'飞'	2987
2975	(639, 332)	' meet'	2988
2976	(305, 1403)	' later'	2989
2977	(278, 1326)	' camp'	2990
2978	(349, 131)	'千'	2991
2979	(319, 153)	'余'	2992
2980	(675, 116)	'ought'	2993
2981	(346, 104)	' beh'	2994
2982	(1894, 1006)	'根据'	2995
2983	(678, 100)	'ured'	2996
2984	(42, 42)	'**'	2997
2985	(16003, 136)	'่'	2998
2986	(1771, 532)	'ertain'	2999
2987	(402, 104)	'ech'	3000
2988	(490, 2187)	' North'	3001
2989	(754, 186)	'ය'	3002
2990	(1102, 1154)	'应该'	3003
2991	(381, 2166)	' health'	3004
2992	(274, 105)	'ani'	3005
2993	(268, 334)	' went'	3006
2994	(545, 534)	'发生'	3007
2995	(423, 104)	'ush'	3008
2996	(195, 179)	'ó'	3009
2997	(589, 184)	' स'	3010
2998	(284, 626)	' past'	3011
2999	(1941, 841)	' official'	3012
3000	(2564, 111)	' video'	3013
3001	(278, 676)	' came'	3014
3002	(641, 114)	' Or'	3015
3003	(586, 173)	'ር'	3016
3004	(2184, 288)	' clear'	3018
3005	(326, 328)	'iday'	3019
3006	(436, 365)	' Pro'	3020
3007	(426, 1553)	' having'	3021
3008	(2903, 1483)	'朋友'	3022
3009	(69, 68)	'ED'	3023
3010	(280, 174)	'亮'	3024
3011	(645, 190)	'派'	3025
3012	(1686, 283)	' trying'	3026
3013	(232, 151)	b'\xe8\x97'	3027
3014	(2305, 2134)	'香港'	3028
3015	(398, 121)	'ury'	3029
3016	(116, 279)	'ten'	3030
3017	(2101, 1347)	' current'	3031
3018	(282, 353)	' fac'	3032
3019	(1053, 16013)	b'\xe0\xab\x8d\xe0\xaa'	3033
3020	(111, 265)	'oon'	3034
3021	(286, 1083)	' move'	3035
3022	(340, 154)	'甚'	3036
3023	(299, 141)	'免'	3037
3024	(97, 373)	'aim'	3038
3025	(920, 1293)	'特别'	3039
3026	(116, 259)	'the'	3040
3027	(503, 769)	'ат'	3041
3028	(103, 121)	'gy'	3042
3029	(438, 133)	'故'	3043
3030	(321, 114)	'str'	3044
3031	(699, 506)	'机会'	3045
3032	(284, 1719)	' power'	3046
3033	(264, 450)	' sol'	3047
3034	(794, 134)	'姆'	3048
3035	(39, 100)	"'d"	3049
3036	(822, 1088)	'关系'	3050
3037	(710, 747)	'ер'	3051
3038	(260, 180)	'临'	3052
3039	(496, 766)	' Rep'	3053
3040	(233, 186)	b'\xe9\xba'	3054
3041	(314, 676)	' name'	3055
3042	(99, 1292)	'ched'	3056
3043	(260, 189)	'丽'	3057
3044	(275, 484)	'ither'	3058
3045	(376, 109)	' Am'	3059
3046	(2615, 441)	' information'	3060
3047	(1174, 150)	'编'	3061
3048	(50, 49)	'21'	3062
3049	(291, 690)	' done'	3063
3050	(16011, 566)	b'\xe0\xa7\x8d\xe0\xa6'	3064
3051	(99, 108)	'cl'	3065
3052	(469, 190)	' о'	3066
3053	(2364, 898)	' number'	3067
3054	(1641, 121)	'ency'	3068
3055	(577, 190)	'签'	3069
3056	(65, 115)	'As'	3070
3057	(458, 819)	'ague'	3071
3058	(110, 116)	'nt'	3072
3059	(436, 1821)	' President'	3073
3060	(1235, 840)	'指数'	3074
3061	(375, 101)	'une'	3075
3062	(50, 55)	'27'	3076
3063	(358, 187)	'读'	3077
3064	(655, 550)	'主场'	3078
3065	(209, 140)	'ь'	3079
3066	(900, 191)	'穿'	3080
3067	(2308, 580)	b'\xe0\xaf\x81\xe0\xae'	3081
3068	(333, 433)	' rece'	3082
3069	(394, 159)	'盟'	3083
3070	(616, 191)	'愿'	3084
3071	(363, 188)	'似'	3085
3072	(1053, 128)	'ી'	3086
3073	(278, 642)	' cost'	3087
3074	(2619, 179)	'澳'	3088
3075	(800, 183)	'雷'	3089
3076	(490, 111)	' No'	3090
3077	(97, 102)	'af'	3091
3078	(1731, 276)	'ajor'	3092
3079	(65, 78)	'AN'	3093
3080	(284, 489)	' pop'	3094
3081	(469, 188)	' м'	3095
3082	(1004, 1138)	'建设'	3096
3083	(532, 287)	'ained'	3097
3084	(282, 637)	' five'	3098
3085	(330, 115)	'ots'	3099
3086	(925, 283)	' using'	3100
3087	(272, 2223)	'的时候'	3101
3088	(422, 165)	'败'	3102
3089	(1611, 811)	'uesday'	3103
3090	(697, 322)	'ection'	3104
3091	(663, 587)	'最后'	3105
3092	(629, 191)	'ਿ'	3106
3093	(112, 402)	'pec'	3107
3094	(313, 163)	'宣'	3108
3095	(313, 161)	'审'	3109
3096	(460, 397)	'个人'	3110
3097	(16001, 54)	' 2016'	3111
3098	(1186, 175)	'्य'	3112
3099	(985, 114)	' Chr'	3113
3100	(702, 134)	' ن'	3114
3101	(1220, 132)	'善'	3115
3102	(83, 111)	'So'	3116
3103	(32, 332)	' et'	3117
3104	(112, 115)	'ps'	3118
3105	(586, 141)	'ል'	3119
3106	(299, 184)	'典'	3120
3107	(309, 164)	'判'	3121
3108	(463, 345)	' How'	3122
3109	(278, 101)	' ce'	3123
3110	(265, 285)	'ones'	3124
3111	(375, 103)	'ung'	3125
3112	(720, 162)	'谢'	3126
3113	(936, 987)	' import'	3127
3114	(268, 293)	' wal'	3128
3115	(115, 734)	'side'	3129
3116	(313, 136)	'守'	3130
3117	(258, 293)	'inal'	3131
3118	(417, 101)	' Be'	3132
3119	(1182, 121)	' guy'	3133
3120	(258, 116)	'int'	3134
3121	(317, 167)	'吧'	3135
3122	(315, 165)	'春'	3136
3123	(981, 378)	'只有'	3137
3124	(111, 630)	'oard'	3138
3125	(108, 267)	'ler'	3139
3126	(286, 532)	' main'	3140
3127	(1097, 135)	'ੇ'	3141
3128	(387, 152)	'托'	3142
3129	(1169, 495)	'达到'	3143
3130	(45, 1243)	'-old'	3144
3131	(996, 56)	'2008'	3145
3132	(733, 727)	'全球'	3146
3133	(470, 817)	' What'	3147
3134	(1402, 633)	' attack'	3148
3135	(104, 276)	'hor'	3149
3136	(264, 734)	' side'	3150
3137	(468, 520)	'以来'	3151
3138	(947, 2392)	' experi'	3152
3139	(288, 283)	'aring'	3153
3140	(1882, 115)	' months'	3154
3141	(292, 811)	' today'	3155
3142	(105, 382)	'iver'	3156
3143	(2235, 570)	b'\xe0\xb0\xbf\xe0\xb0'	3157
3144	(615, 494)	' Just'	3158
3145	(332, 121)	'ety'	3159
3146	(397, 1363)	'人士'	3160
3147	(967, 459)	' players'	3161
3148	(268, 288)	' war'	3162
3149	(608, 283)	'ending'	3163
3150	(1117, 172)	'般'	3164
3151	(391, 99)	' Mc'	3165
3152	(1008, 365)	' contro'	3166
3153	(792, 111)	' ago'	3167
3154	(546, 293)	' val'	3168
3155	(462, 350)	'这是'	3169
3156	(256, 121)	' ty'	3170
3157	(391, 258)	' Min'	3171
3158	(1481, 973)	'知道'	3172
3159	(351, 142)	'乎'	3173
3160	(1504, 322)	'uction'	3174
3161	(708, 1194)	'部门'	3175
3162	(327, 332)	' yet'	3176
3163	(420, 396)	'为了'	3177
3164	(45, 102)	'-f'	3178
3165	(118, 2026)	'vices'	3179
3166	(297, 2610)	' half'	3180
3167	(278, 636)	' city'	3181
3168	(510, 276)	' For'	3182
3169	(1823, 527)	'ports'	3183
3170	(326, 285)	'ides'	3184
3171	(104, 352)	'ham'	3185
3172	(559, 2852)	' program'	3186
3173	(356, 3089)	' Tuesday'	3187
3174	(1417, 653)	'超过'	3188
3175	(1360, 146)	'勒'	3189
3176	(715, 336)	'之一'	3190
3177	(921, 458)	' manag'	3191
3178	(1357, 1371)	'消息'	3192
3179	(430, 173)	'ိ'	3193
3180	(349, 176)	'印'	3194
3181	(270, 174)	'皮'	3195
3182	(482, 179)	'味'	3196
3183	(672, 666)	'基本'	3197
3184	(779, 620)	'平方'	3198
3185	(360, 178)	'讲'	3199
3186	(281, 1292)	'ished'	3200
3187	(532, 115)	'ains'	3201
3188	(596, 1802)	' change'	3202
3189	(73, 83)	'IS'	3203
3190	(310, 112)	'omp'	3204
3191	(2867, 430)	b'\xe1\x80\xaf\xe1\x80'	3205
3192	(1407, 275)	' polit'	3206
3193	(16006, 279)	' women'	3207
3194	(256, 485)	' test'	3208
3195	(532, 283)	'aining'	3209
3196	(607, 272)	'新的'	3210
3197	(1805, 367)	"That's"	3211
3198	(337, 131)	'练'	3212
3199	(449, 134)	'陆'	3213
3200	(1361, 287)	' added'	3214
3201	(376, 100)	' Ad'	3215
3202	(1697, 665)	'采用'	3216
3203	(299, 154)	'党'	3217
3204	(1135, 159)	'钟'	3218
3205	(378, 822)	'有关'	3219
3206	(337, 141)	'绍'	3220
3207	(264, 283)	' sing'	3221
3208	(263, 352)	'ream'	3222
3209	(130, 570)	b'\x82\xe0\xb0'	3223
3210	(98, 121)	'by'	3224
3211	(284, 1821)	' president'	3225
3212	(472, 52)	' 14'	3226
3213	(754, 187)	'ර'	3227
3214	(502, 141)	'母'	3228
3215	(465, 142)	'怎'	3229
3216	(100, 115)	'ds'	3230
3217	(480, 285)	'ries'	3231
3218	(2387, 1660)	'申请'	3232
3219	(305, 759)	' line'	3233
3220	(300, 1652)	' intern'	3234
3221	(354, 101)	' Se'	3235
3222	(520, 751)	'来说'	3236
3223	(434, 97)	' ra'	3237
3224	(412, 173)	'庭'	3238
3225	(16010, 109)	' problem'	3239
3226	(209, 143)	'я'	3240
3227	(361, 1092)	' former'	3241
3228	(1998, 2126)	'历史'	3242
3229	(463, 475)	' High'	3243
3230	(613, 263)	' There'	3244
3231	(1191, 1362)	'调整'	3245
3232	(286, 423)	' mus'	3246
3233	(436, 108)	' Pl'	3247
3234	(1693, 682)	' looks'	3248
3235	(388, 139)	'律'	3249
3236	(596, 997)	' chance'	3250
3237	(627, 933)	'ال'	3251
3238	(1240, 2312)	' according'	3252
3239	(995, 129)	'铁'	3253
3240	(1214, 121)	'ney'	3254
3241	(326, 287)	'ided'	3255
3242	(1112, 767)	'今天'	3256
3243	(2281, 154)	'婚'	3257
3244	(1595, 527)	' points'	3258
3245	(470, 287)	' Wed'	3259
3246	(291, 352)	' dam'	3260
3247	(1197, 1183)	'ploy'	3261
3248	(428, 1834)	'上涨'	3262
3249	(109, 642)	'most'	3263
3250	(2535, 310)	'conom'	3264
3251	(673, 101)	'ude'	3265
3252	(702, 132)	' ل'	3266
3253	(588, 100)	' Ed'	3267
3254	(539, 913)	'地区'	3268
3255	(1827, 667)	'觉得'	3269
3256	(747, 649)	'ро'	3270
3257	(282, 950)	' fire'	3271
3258	(111, 276)	'oor'	3272
3259	(268, 752)	' wind'	3273
3260	(585, 324)	' live'	3274
3261	(216, 169)	'ة'	3275
3262	(321, 267)	'ster'	3276
3263	(117, 1073)	'uary'	3277
3264	(1029, 187)	'登'	3278
3265	(499, 98)	'umb'	3279
3266	(2554, 145)	' đ'	3280
3267	(216, 180)	'ش'	3281
3268	(546, 105)	' vi'	3282
3269	(2000, 369)	' investig'	3283
3270	(524, 191)	'县'	3284
3271	(1690, 621)	' small'	3285
3272	(237, 149)	b'\xed\x95'	3286
3273	(685, 821)	' working'	3287
3274	(286, 494)	' must'	3288
3275	(117, 287)	'ued'	3289
3276	(1542, 1316)	'优势'	3290
3277	(442, 326)	' kid'	3291
3278	(461, 187)	'闻'	3292
3279	(1045, 979)	'文化'	3293
3280	(725, 188)	'礼'	3294
3281	(257, 757)	' aff'	3295
3282	(832, 699)	'相机'	3296
3283	(323, 184)	'स'	3297
3284	(2449, 3130)	'year-old'	3298
3285	(286, 276)	' mor'	3299
3286	(414, 183)	b' \xe0\xb7'	3300
3287	(302, 143)	'夏'	3301
3288	(1751, 334)	' event'	3302
3289	(1131, 419)	'英国'	3303
3290	(1162, 308)	' partic'	3304
3291	(264, 742)	' suc'	3305
3292	(276, 838)	'orry'	3306
3293	(297, 1243)	' hold'	3307
3294	(410, 178)	'冲'	3308
3295	(66, 65)	'BA'	3309
3296	(472, 56)	' 18'	3310
3297	(2707, 430)	b'\xe1\x80\xac\xe1\x80'	3311
3298	(2359, 324)	' believe'	3312
3299	(282, 477)	' fore'	3313
3300	(209, 135)	'ч'	3314
3301	(299, 187)	'养'	3315
3302	(376, 312)	' All'	3316
3303	(272, 400)	'的大'	3317
3304	(472, 49)	' 11'	3318
3305	(1065, 427)	'去年'	3319
3306	(2193, 168)	'储'	3320
3307	(209, 136)	'ш'	3321
3308	(279, 101)	'ene'	3322
3309	(311, 183)	'迷'	3323
3310	(2452, 785)	'孩子'	3324
3311	(656, 135)	'遇'	3325
3312	(442, 117)	' ku'	3326
3313	(1291, 2043)	'风险'	3327
3314	(410, 160)	'冠'	3328
3315	(260, 176)	'丰'	3329
3316	(1174, 186)	'缺'	3330
3317	(65, 80)	'AP'	3331
3318	(614, 744)	'经理'	3332
3319	(1236, 680)	'或者'	3333
3320	(317, 184)	'吸'	3334
3321	(471, 163)	'ร'	3335
3322	(336, 1671)	'一步'	3336
3323	(3022, 1081)	'甚至'	3337
3324	(596, 1020)	' chang'	3338
3325	(263, 119)	'rew'	3339
3326	(372, 128)	'杀'	3340
3327	(184, 430)	b'\xb8\xe1\x80'	3341
3328	(1149, 378)	'具有'	3342
3329	(595, 1201)	'公布'	3343
3330	(1489, 520)	'未来'	3344
3331	(1534, 174)	'森'	3345
3332	(32, 1132)	' ọ'	3346
3333	(32, 120)	' x'	3347
3334	(949, 601)	'提高'	3348
3335	(45, 100)	'-d'	3349
3336	(919, 310)	' prom'	3350
3337	(698, 128)	'ව'	3351
3338	(336, 1024)	'一起'	3352
3339	(471, 173)	'อ'	3353
3340	(438, 145)	'救'	3354
3341	(2467, 811)	'nesday'	3355
3342	(116, 105)	'ti'	3356
3343	(1277, 175)	'药'	3357
3344	(1261, 145)	'虑'	3358
3345	(469, 184)	' и'	3359
3346	(410, 153)	'写'	3360
3347	(405, 159)	'察'	3361
3348	(313, 179)	'害'	3362
3349	(797, 187)	'须'	3363
3350	(354, 2255)	' South'	3364
3351	(1139, 1868)	'收益'	3365
3352	(1820, 176)	'饰'	3366
3353	(591, 287)	'pped'	3367
3354	(1144, 48)	' 50'	3368
3355	(537, 129)	'ु'	3369
3356	(286, 310)	' mom'	3370
3357	(216, 178)	'ز'	3371
3358	(337, 135)	'织'	3372
3359	(1305, 1699)	'规模'	3373
3360	(79, 83)	'OS'	3374
3361	(2372, 3206)	'介绍'	3375
3362	(763, 175)	'良'	3376
3363	(289, 1124)	' opt'	3377
3364	(1096, 1518)	'股票'	3378
3365	(386, 2068)	'不断'	3379
3366	(32, 195)	b' \xc3'	3380
3367	(232, 150)	b'\xe8\x96'	3381
3368	(73, 84)	'IT'	3382
3369	(300, 106)	' inj'	3383
3370	(930, 1383)	' perform'	3384
3371	(1122, 110)	'ın'	3385
3372	(258, 99)	'inc'	3386
3373	(560, 279)	'aken'	3387
3374	(347, 433)	' once'	3388
3375	(109, 97)	'ma'	3389
3376	(2099, 148)	'魔'	3390
3377	(53, 424)	'500'	3391
3378	(103, 258)	'gin'	3392
3379	(271, 276)	'ator'	3393
3380	(447, 128)	'秀'	3394
3381	(717, 135)	'假'	3395
3382	(105, 276)	'ior'	3396
3383	(1323, 680)	'投资者'	3397
3384	(298, 147)	'仓'	3398
3385	(315, 160)	'映'	3399
3386	(774, 285)	'ives'	3400
3387	(1322, 534)	'先生'	3401
3388	(1069, 779)	'水平'	3402
3389	(116, 97)	'ta'	3403
3390	(264, 293)	' sal'	3404
3391	(284, 271)	' pat'	3405
3392	(667, 495)	'得到'	3406
3393	(32, 234)	b' \xea'	3407
3394	(387, 167)	'执'	3408
3395	(388, 129)	'征'	3409
3396	(323, 174)	'म'	3410
3397	(286, 3078)	' major'	3411
3398	(1219, 805)	'代表'	3412
3399	(866, 165)	'ብ'	3413
3400	(750, 154)	'坚'	3414
3401	(1242, 1176)	'那么'	3415
3402	(415, 152)	'折'	3416
3403	(286, 288)	' mar'	3417
3404	(2664, 97)	' idea'	3418
3405	(858, 97)	'aha'	3419
3406	(727, 992)	'球员'	3420
3407	(278, 97)	' ca'	3421
3408	(276, 527)	'orts'	3422
3409	(526, 115)	'els'	3423
3410	(718, 157)	'距'	3424
3411	(557, 1293)	'分别'	3425
3412	(370, 285)	'utes'	3426
3413	(847, 495)	'看到'	3427
3414	(393, 151)	'街'	3428
3415	(105, 106)	'ij'	3429
3416	(1663, 1687)	' United'	3430
3417	(1277, 144)	'荐'	3431
3418	(500, 1000)	'ounty'	3432
3419	(351, 157)	'九'	3433
3420	(606, 168)	'ન'	3434
3421	(958, 134)	'爆'	3435
3422	(967, 283)	' playing'	3436
3423	(3245, 3341)	' Wednesday'	3437
3424	(1461, 2855)	' understand'	3438
3425	(108, 97)	'la'	3439
3426	(66, 67)	'BC'	3440
3427	(380, 184)	'學'	3441
3428	(775, 619)	'实现'	3442
3429	(65, 82)	'AR'	3443
3430	(650, 1106)	" they're"	3444
3431	(1088, 1999)	'系列'	3445
3432	(410, 183)	'冷'	3446
3433	(256, 2866)	' techn'	3447
3434	(511, 120)	' sex'	3448
3435	(1145, 1052)	' record'	3449
3436	(281, 283)	'ising'	3450
3437	(1601, 799)	'空间'	3451
3438	(111, 320)	'ole'	3452
3439	(2498, 322)	' question'	3453
3440	(603, 643)	'artment'	3454
3441	(638, 105)	'oci'	3455
3442	(289, 1281)	' oper'	3456
3443	(2666, 566)	b'\xe0\xa6\xbf\xe0\xa6'	3457
3444	(87, 868)	'Well'	3458
3445	(111, 757)	'off'	3459
3446	(79, 82)	'OR'	3460
3447	(268, 1403)	' water'	3461
3448	(345, 287)	'owed'	3462
3449	(658, 135)	'镇'	3463
3450	(2213, 101)	' hope'	3464
3451	(377, 334)	' Cent'	3465
3452	(1398, 806)	'季度'	3466
3453	(385, 1339)	' story'	3467
3454	(290, 157)	'朝'	3468
3455	(2045, 379)	' else'	3469
3456	(536, 112)	'osp'	3470
3457	(577, 145)	'筑'	3471
3458	(469, 176)	' а'	3472
3459	(982, 345)	' grow'	3473
3460	(534, 694)	'生产'	3474
3461	(264, 334)	' sent'	3475
3462	(477, 100)	'ored'	3476
3463	(1100, 146)	'酒'	3477
3464	(16012, 478)	' system'	3478
3465	(1647, 258)	' defin'	3479
3466	(196, 159)	'ğ'	3480
3467	(580, 190)	'ா'	3481
3468	(292, 116)	' tot'	3482
3469	(836, 976)	' close'	3483
3470	(98, 97)	'ba'	3484
3471	(418, 105)	'ili'	3485
3472	(264, 1665)	' six'	3486
3473	(1914, 1482)	' return'	3487
3474	(599, 1557)	'月份'	3488
3475	(73, 71)	'IG'	3489
3476	(377, 2110)	' Comm'	3490
3477	(267, 283)	'ering'	3491
3478	(2593, 1675)	' John'	3492
3479	(333, 320)	' rele'	3493
3480	(51, 53)	'35'	3494
3481	(382, 878)	'verage'	3495
3482	(121, 97)	'ya'	3496
3483	(299, 171)	'八'	3497
3484	(1394, 662)	'欧元'	3498
3485	(1005, 968)	'保持'	3499
3486	(577, 148)	'答'	3500
3487	(1050, 177)	'莱'	3501
3488	(333, 379)	' rese'	3502
3489	(482, 162)	'呢'	3503
3490	(1134, 365)	' appro'	3504
3491	(897, 1334)	'明显'	3505
3492	(893, 519)	' State'	3506
3493	(50, 57)	'29'	3507
3494	(389, 130)	'异'	3508
3495	(2628, 158)	'瑞'	3509
3496	(1752, 579)	'留学'	3510
3497	(1699, 1030)	'模式'	3511
3498	(235, 139)	b'\xeb\x8b'	3512
3499	(280, 145)	'云'	3513
3500	(372, 159)	'束'	3514
3501	(377, 265)	' Con'	3515
3502	(730, 775)	'其实'	3516
3503	(836, 1022)	' class'	3517
3504	(282, 1003)	' fav'	3518
3505	(412, 134)	'庆'	3519
3506	(110, 287)	'ned'	3520
3507	(297, 499)	' hum'	3521
3508	(1394, 2017)	'欧洲'	3522
3509	(32, 88)	' X'	3523
3510	(884, 460)	'两个'	3524
3511	(602, 882)	'ил'	3525
3512	(645, 155)	'洛'	3526
3513	(646, 102)	'ief'	3527
3514	(111, 102)	'of'	3528
3515	(435, 737)	" wasn't"	3529
3516	(83, 259)	'She'	3530
3517	(512, 643)	' comment'	3531
3518	(275, 267)	'iter'	3532
3519	(589, 170)	' प'	3533
3520	(1811, 331)	' early'	3534
3521	(1298, 690)	' everyone'	3536
3522	(496, 1981)	' Russ'	3537
3523	(79, 110)	'On'	3538
3524	(232, 169)	b'\xe8\xa9'	3539
3525	(316, 2735)	' girl'	3540
3526	(1265, 492)	'专家'	3541
3527	(1867, 173)	'播'	3542
3528	(2315, 293)	' local'	3543
3529	(340, 178)	'甲'	3544
3530	(836, 3024)	' claim'	3545
3531	(352, 334)	'ament'	3546
3532	(2190, 121)	'ology'	3547
3533	(45, 99)	'-c'	3548
3534	(1280, 2933)	'台湾'	3549
3535	(2269, 158)	'語'	3550
3536	(282, 1388)	' fuck'	3551
3537	(282, 370)	' fut'	3552
3538	(358, 186)	'诺'	3553
3539	(305, 609)	' lear'	3554
3540	(488, 97)	' area'	3555
3541	(583, 101)	'que'	3556
3542	(510, 101)	' Fe'	3557
3543	(1740, 2244)	'环境'	3558
3544	(267, 121)	'ery'	3559
3545	(282, 959)	' face'	3560
3546	(1212, 1133)	'接受'	3561
3547	(2827, 811)	' Sunday'	3562
3548	(472, 51)	' 13'	3563
3549	(79, 104)	'Oh'	3564
3550	(1142, 503)	'да'	3565
3551	(632, 348)	' trad'	3566
3552	(281, 265)	'ison'	3567
3553	(311, 176)	'述'	3568
3554	(525, 181)	'阵'	3569
3555	(883, 135)	'震'	3570
3556	(350, 2421)	'是否'	3571
3557	(413, 128)	'退'	3572
3558	(280, 146)	'互'	3573
3559	(549, 131)	'促'	3574
3560	(297, 617)	' hist'	3575
3561	(919, 691)	' price'	3576
3562	(32, 113)	' q'	3577
3563	(989, 181)	'灵'	3578
3564	(329, 129)	'封'	3579
3565	(2455, 705)	' children'	3580
3566	(114, 918)	'ract'	3581
3567	(561, 147)	'输'	3582
3568	(323, 185)	'ह'	3583
3569	(486, 396)	'出了'	3584
3570	(1346, 1391)	'需求'	3585
3571	(468, 428)	'以上'	3586
3572	(719, 101)	'ode'	3587
3573	(375, 431)	'unch'	3588
3574	(663, 601)	'最高'	3589
3575	(79, 76)	'OL'	3590
3576	(446, 2069)	'ified'	3591
3577	(802, 100)	" I'd"	3592
3578	(504, 1505)	' shoot'	3593
3579	(2802, 157)	'蓝'	3594
3580	(387, 169)	'扩'	3595
3581	(2042, 742)	' produc'	3596
3582	(1610, 287)	' started'	3597
3583	(546, 1250)	' vict'	3598
3584	(233, 134)	b'\xe9\x86'	3599
3585	(371, 1247)	' young'	3600
3586	(486, 272)	'出的'	3601
3587	(2524, 636)	'iversity'	3602
3588	(663, 1987)	'最终'	3603
3589	(715, 623)	'之前'	3604
3590	(385, 101)	' ste'	3605
3591	(593, 2062)	' organ'	3606
3592	(967, 287)	' played'	3607
3593	(1819, 357)	'存在'	3608
3594	(378, 1573)	'有效'	3609
3595	(1117, 170)	'航'	3610
3596	(298, 152)	'付'	3611
3597	(98, 1086)	'book'	3612
3598	(1335, 3417)	'推荐'	3613
3599	(356, 119)	' Tw'	3614
3600	(629, 176)	'ਰ'	3615
3601	(280, 171)	'享'	3616
3602	(67, 104)	'Ch'	3617
3603	(2162, 2412)	'喜欢'	3618
3604	(114, 651)	'rap'	3619
3605	(45, 48)	'-0'	3620
3606	(2809, 2870)	'左右'	3621
3607	(309, 186)	'刺'	3622
3608	(351, 133)	'久'	3623
3609	(974, 141)	'ው'	3624
3610	(317, 175)	'启'	3625
3611	(779, 1613)	'平均'	3626
3612	(287, 267)	'eder'	3627
3613	(472, 424)	' 100'	3628
3614	(1931, 3005)	' Friday'	3629
3615	(233, 185)	b'\xe9\xb9'	3630
3616	(114, 265)	'ron'	3631
3617	(288, 729)	'arge'	3632
3618	(1180, 1919)	'Thanks'	3633
3619	(256, 1704)	' tax'	3634
3620	(65, 108)	'Al'	3635
3621	(3467, 580)	b'\xe0\xae\xbe\xe0\xae'	3636
3622	(291, 273)	' dou'	3637
3623	(317, 171)	'含'	3638
3624	(117, 331)	'uly'	3639
3625	(52, 46)	'4.'	3640
3626	(45, 115)	'-s'	3641
3627	(1068, 1030)	'正式'	3642
3628	(754, 173)	'ත'	3643
3629	(3113, 604)	' important'	3644
3630	(361, 109)	' form'	3645
3631	(363, 166)	'伦'	3646
3632	(649, 1350)	'ов'	3647
3633	(336, 810)	'一次'	3648
3634	(52, 53)	'45'	3649
3635	(582, 748)	' along'	3650
3636	(826, 568)	'位于'	3651
3637	(1191, 1653)	'调查'	3652
3638	(1181, 733)	'安全'	3653
3639	(106, 1183)	'joy'	3654
3640	(415, 162)	'抢'	3655
3641	(394, 155)	'盛'	3656
3642	(108, 258)	'lin'	3657
3643	(105, 499)	'ium'	3658
3644	(1916, 566)	b'\xe0\xa7\x87\xe0\xa6'	3659
3645	(260, 131)	'七'	3660
3646	(653, 1369)	'过程'	3661
3647	(398, 636)	'urity'	3662
3648	(1688, 748)	' wrong'	3663
3649	(51, 49)	'31'	3664
3650	(569, 153)	'沙'	3665
3651	(641, 110)	' On'	3666
3652	(282, 1505)	' foot'	3667
3653	(65, 83)	'AS'	3668
3654	(303, 2257)	' third'	3669
3655	(2834, 115)	' hours'	3670
3656	(1296, 911)	'原因'	3671
3657	(1182, 574)	' guess'	3672
3658	(343, 3250)	' econom'	3673
3659	(308, 320)	'icle'	3674
3660	(1004, 3457)	'建筑'	3675
3661	(1623, 748)	' strong'	3676
3662	(472, 54)	' 16'	3677
3663	(117, 117)	'uu'	3678
3664	(305, 345)	' low'	3679
3665	(571, 1599)	'成功'	3680
3666	(336, 1090)	'一样'	3681
3667	(216, 140)	'،'	3682
3668	(707, 137)	'汉'	3683
3669	(589, 174)	' म'	3684
3670	(103, 111)	'go'	3685
3671	(2767, 699)	'危机'	3686
3672	(233, 184)	b'\xe9\xb8'	3687
3673	(45, 112)	'-p'	3688
3674	(804, 174)	'の'	3689
3675	(572, 138)	'惊'	3690
3676	(391, 274)	' Man'	3691
3677	(413, 144)	'逐'	3692
3678	(703, 331)	' likely'	3693
3679	(278, 370)	' cut'	3694
3680	(314, 105)	' ni'	3695
3681	(377, 288)	' Car'	3696
3682	(2019, 738)	' media'	3697
3683	(907, 2340)	' across'	3698
3684	(208, 182)	'ж'	3699
3685	(471, 129)	'ก'	3701
3686	(502, 149)	'毕'	3702
3687	(2420, 680)	'消费者'	3703
3688	(78, 330)	'Not'	3704
3689	(839, 834)	'ور'	3705
3690	(101, 121)	'ey'	3706
3691	(1892, 287)	' reported'	3707
3692	(974, 173)	'ይ'	3708
3693	(447, 129)	'私'	3709
3694	(391, 121)	' My'	3710
3695	(797, 186)	'顺'	3711
3696	(1590, 175)	'犯'	3712
3697	(258, 821)	'inking'	3713
3698	(2453, 1034)	' avail'	3714
3699	(850, 1758)	'如何'	3715
3700	(1628, 1527)	'标准'	3716
3701	(377, 636)	' City'	3717
3702	(958, 182)	'父'	3718
3703	(277, 621)	' ball'	3719
3704	(436, 450)	' Pol'	3720
3705	(389, 185)	'弹'	3721
3706	(890, 875)	'第三'	3722
3707	(264, 423)	' sus'	3723
3708	(339, 149)	'幕'	3724
3709	(946, 367)	" there's"	3725
3710	(284, 330)	' pot'	3726
3711	(446, 121)	'ify'	3727
3712	(965, 386)	'并不'	3728
3713	(398, 431)	'urch'	3729
3714	(588, 2653)	' Euro'	3730
3715	(740, 694)	'资产'	3731
3716	(559, 2064)	' process'	3732
3717	(463, 1925)	' House'	3733
3718	(2124, 787)	'另外'	3734
3719	(608, 287)	'ended'	3735
3720	(2129, 116)	' court'	3736
3721	(533, 119)	' saw'	3737
3722	(876, 2929)	' quarter'	3738
3723	(1072, 3344)	'考虑'	3739
3724	(309, 187)	'刻'	3740
3725	(539, 620)	'地方'	3741
3726	(293, 636)	'ality'	3742
3727	(218, 186)	'ں'	3743
3728	(311, 142)	'迎'	3744
3729	(318, 109)	' Im'	3745
3730	(1465, 571)	'完成'	3746
3731	(264, 110)	' sn'	3747
3732	(70, 276)	'For'	3748
3733	(267, 97)	'era'	3749
3734	(1163, 637)	'ensive'	3750
3735	(1963, 396)	'除了'	3751
3736	(277, 288)	' bar'	3752
3737	(1786, 1019)	'随着'	3753
3738	(16003, 137)	'้'	3754
3739	(694, 553)	'产业'	3755
3740	(504, 635)	' short'	3756
3741	(439, 153)	'牙'	3757
3742	(1304, 1079)	'结果'	3758
3743	(1068, 357)	'正在'	3759
3744	(291, 2293)	' data'	3760
3745	(341, 133)	'旅'	3761
3746	(341, 151)	'旗'	3762
3747	(112, 697)	'pect'	3763
3748	(2356, 141)	'操'	3764
3749	(588, 120)	' Ex'	3765
3750	(575, 136)	'哈'	3766
3751	(589, 185)	' ह'	3767
3752	(512, 283)	' coming'	3768
3753	(275, 431)	'itch'	3769
3754	(291, 783)	' dra'	3770
3755	(263, 332)	'reet'	3771
3756	(736, 145)	'笑'	3772
3757	(530, 1084)	' nothing'	3773
3758	(105, 352)	'iam'	3774
3759	(631, 159)	'借'	3775
3760	(386, 1294)	'不少'	3776
3761	(257, 112)	' ap'	3777
3762	(32, 1018)	' у'	3778
3763	(1639, 1728)	'购买'	3779
3764	(233, 150)	b'\xe9\x96'	3780
3765	(490, 330)	' Not'	3781
3766	(316, 375)	' gun'	3782
3767	(277, 279)	' ben'	3783
3768	(406, 101)	'ille'	3784
3769	(329, 132)	'射'	3785
3770	(390, 2347)	'中央'	3786
3771	(447, 152)	'秘'	3787
3772	(491, 1061)	' join'	3788
3773	(354, 267)	' Ser'	3789
3774	(385, 288)	' star'	3790
3775	(1836, 148)	'塔'	3791
3776	(2022, 272)	'这样的'	3792
3777	(896, 690)	' anyone'	3793
3778	(271, 678)	'ature'	3794
3779	(265, 121)	'ony'	3795
3780	(386, 1538)	'不仅'	3796
3781	(2630, 811)	'aturday'	3797
3782	(874, 761)	'更加'	3798
3783	(343, 583)	' equ'	3799
3784	(451, 138)	'届'	3800
3785	(649, 882)	'ол'	3801
3786	(1790, 418)	'pril'	3802
3787	(301, 411)	'aster'	3803
3788	(906, 699)	'手机'	3804
3789	(1616, 494)	' indust'	3805
3790	(859, 332)	' compet'	3806
3791	(210, 175)	'ү'	3807
3792	(284, 980)	' pick'	3808
3793	(353, 121)	'acy'	3809
3794	(1139, 915)	'收入'	3810
3795	(290, 171)	'末'	3811
3796	(1312, 322)	'ission'	3812
3797	(378, 1904)	'有限'	3814
3798	(356, 72)	' TH'	3815
3799	(1471, 168)	'您'	3816
3800	(548, 110)	'ourn'	3817
3801	(619, 550)	'现场'	3818
3802	(512, 285)	' comes'	3819
3803	(259, 348)	'head'	3820
3804	(698, 148)	'ු'	3821
3805	(715, 799)	'之间'	3822
3806	(644, 188)	'曼'	3823
3807	(1472, 2547)	' community'	3824
3808	(1527, 1514)	'准备'	3825
3809	(73, 115)	'Is'	3827
3810	(16018, 484)	' together'	3829
3811	(279, 110)	'enn'	3830
3812	(2331, 2624)	' members'	3831
3813	(716, 3322)	'进一步'	3832
3814	(358, 190)	'课'	3833
3815	(2240, 274)	' American'	3834
3816	(856, 467)	'当时'	3835
3817	(278, 450)	' col'	3836
3818	(546, 1858)	' view'	3837
3819	(1043, 115)	' others'	3838
3820	(2427, 771)	'稳定'	3839
3821	(144, 430)	b'\x90\xe1\x80'	3840
3822	(2313, 1788)	' statement'	3841
3823	(981, 350)	'只是'	3842
3824	(314, 691)	' nice'	3843
3825	(111, 285)	'oes'	3844
3826	(944, 682)	' thanks'	3845
3827	(454, 140)	'歌'	3846
3828	(284, 1115)	' press'	3847
3829	(376, 116)	' At'	3848
3830	(1298, 1813)	' everything'	3849
3831	(317, 180)	'吴'	3850
3832	(554, 1636)	' death'	3851
3833	(537, 164)	'।'	3852
3834	(649, 747)	'ор'	3853
3835	(449, 132)	'附'	3854
3836	(336, 3150)	'一般'	3855
3837	(349, 128)	'區'	3856
3838	(337, 156)	'络'	3857
3839	(656, 191)	'避'	3858
3840	(511, 478)	' seem'	3859
3841	(1614, 761)	'参加'	3860
3842	(545, 1201)	'发布'	3861
3843	(402, 527)	'ects'	3862
3844	(797, 191)	'顿'	3863
3845	(553, 1125)	'业务'	3864
3846	(742, 821)	'ucking'	3865
3847	(467, 2587)	'时尚'	3866
3848	(797, 190)	'顾'	3867
3849	(256, 1511)	' taking'	3868
3850	(1589, 1966)	'集团'	3869
3851	(1072, 534)	'考生'	3870
3852	(511, 2276)	' seems'	3871
3853	(111, 898)	'ober'	3872
3854	(1658, 2390)	'负责'	3873
3855	(348, 100)	'add'	3874
3856	(466, 53)	' 25'	3875
3857	(118, 334)	'vent'	3876
3858	(1287, 979)	'变化'	3877
3859	(269, 144)	'【'	3878
3860	(269, 145)	'】'	3879
3861	(343, 3044)	' either'	3880
3862	(418, 288)	'ilar'	3881
3863	(825, 182)	'延'	3882
3864	(511, 312)	' sell'	3883
3865	(294, 293)	' anal'	3884
3866	(848, 139)	'锋'	3885
3867	(320, 116)	'let'	3886
3868	(1255, 287)	' wanted'	3887
3869	(649, 704)	'он'	3888
3870	(887, 134)	'馆'	3889
3871	(2662, 560)	' break'	3890
3872	(1700, 771)	'决定'	3891
3873	(739, 186)	'智'	3892
3874	(575, 165)	'哥'	3893
3875	(968, 1345)	'持续'	3894
3876	(2037, 3349)	'必须'	3895
3877	(582, 3249)	' almost'	3896
3878	(286, 752)	' mind'	3897
3879	(889, 1603)	'电话'	3898
3880	(233, 164)	b'\xe9\xa4'	3899
3881	(460, 599)	'个月'	3900
3882	(470, 276)	' Wor'	3901
3883	(1343, 285)	'ances'	3902
3884	(1098, 114)	'ər'	3903
3885	(1305, 771)	'规定'	3904
3886	(372, 175)	'杯'	3905
3887	(1785, 2151)	' check'	3906
3888	(1524, 169)	'韩'	3907
3889	(16003, 128)	'เ'	3908
3890	(588, 1247)	' Eng'	3909
3891	(376, 102)	' Af'	3910
3892	(1392, 1775)	'像素'	3911
3893	(615, 274)	' Jan'	3912
3894	(1573, 1079)	'效果'	3913
3895	(1321, 744)	'处理'	3914
3896	(638, 114)	'ocr'	3915
3897	(2768, 1274)	'镜头'	3916
3898	(836, 2545)	' cloud'	3917
3899	(405, 184)	'寸'	3918
3900	(504, 330)	' shot'	3919
3901	(3537, 678)	' future'	3920
3902	(112, 320)	'ple'	3921
3903	(593, 929)	' order'	3922
3904	(1024, 520)	'起来'	3923
3905	(1664, 166)	'梦'	3924
3906	(301, 285)	'ases'	3925
3907	(493, 169)	'革'	3926
3908	(717, 143)	'偏'	3927
3909	(472, 55)	' 17'	3928
3910	(272, 607)	'的新'	3929
3911	(275, 637)	'itive'	3930
3912	(363, 176)	'估'	3931
3913	(505, 115)	'ands'	3932
3914	(511, 382)	' sever'	3933
3915	(848, 174)	'键'	3934
3916	(471, 177)	'ั'	3935
3917	(363, 138)	'伊'	3936
3918	(1400, 450)	' invol'	3937
3919	(267, 118)	'erv'	3938
3920	(97, 370)	'aut'	3939
3921	(2683, 1262)	' complete'	3940
3922	(904, 103)	' eng'	3941
3923	(1397, 155)	'岛'	3942
3924	(342, 151)	'斗'	3943
3925	(297, 1925)	' house'	3944
3926	(656, 173)	'遭'	3945
3927	(1193, 2717)	'ference'	3946
3928	(1257, 121)	'ully'	3947
3929	(1104, 1827)	'感觉'	3948
3930	(3698, 1091)	' available'	3949
3931	(282, 762)	' food'	3950
3932	(712, 477)	' Kore'	3951
3933	(1465, 733)	'完全'	3952
3934	(117, 610)	'ugh'	3953
3935	(276, 114)	'orr'	3954
3936	(1182, 1624)	' guys'	3955
3937	(372, 168)	'杨'	3956
3938	(232, 155)	b'\xe8\x9b'	3957
3939	(451, 143)	'屏'	3958
3940	(1080, 293)	'obal'	3959
3941	(354, 3781)	' Saturday'	3960
3942	(943, 2171)	' York'	3961
3943	(2644, 1947)	' possible'	3962
3944	(77, 121)	'My'	3963
3945	(282, 612)	' fight'	3964
3946	(103, 287)	'ged'	3965
3947	(651, 115)	'aps'	3966
3948	(2040, 367)	" That's"	3967
3949	(550, 1924)	'场比赛'	3968
3950	(504, 938)	' share'	3969
3951	(102, 267)	'fer'	3970
3952	(385, 2150)	' stuff'	3971
3953	(268, 908)	" won't"	3972
3954	(99, 1954)	'ches'	3973
3955	(16014, 310)	' custom'	3974
3956	(520, 847)	'来看'	3975
3957	(1072, 1748)	'考试'	3976
3958	(291, 617)	' dist'	3977
3959	(1114, 714)	'近期'	3978
3960	(909, 1533)	'报告'	3979
3961	(1259, 283)	' bring'	3980
3962	(98, 633)	'back'	3981
3963	(275, 411)	'itter'	3982
3964	(256, 3373)	' taken'	3983
3965	(1332, 3358)	'组织'	3984
3966	(216, 173)	'ح'	3985
3967	(586, 181)	'ስ'	3986
3968	(590, 378)	'也有'	3987
3969	(1074, 136)	'烈'	3988
3970	(1186, 176)	'्र'	3989
3971	(606, 176)	'ર'	3990
3972	(3268, 450)	' viol'	3991
3973	(85, 82)	'UR'	3992
3974	(2780, 137)	'嘉'	3993
3975	(1455, 49)	'2011'	3994
3976	(434, 281)	' ris'	3995
3977	(271, 308)	'atic'	3996
3978	(354, 473)	' Sup'	3997
3979	(1668, 3412)	' minutes'	3998
3980	(264, 499)	' sum'	3999
3981	(305, 1719)	' lower'	4000
3982	(3013, 143)	'藏'	4001
3983	(278, 1576)	' coup'	4002
3984	(45, 49)	'-1'	4003
3985	(723, 166)	'润'	4004
3986	(750, 155)	'坛'	4005
3987	(1299, 2289)	'证券'	4006
3988	(1215, 983)	'注意'	4007
3989	(579, 2394)	'学习'	4008
3990	(639, 820)	' means'	4009
3991	(670, 189)	'载'	4010
3992	(768, 320)	' whole'	4011
3993	(711, 163)	'趣'	4012
3994	(101, 682)	'eks'	4013
3995	(754, 184)	'ම'	4014
3996	(267, 109)	'erm'	4015
3997	(1053, 139)	'ો'	4016
3998	(230, 169)	b'\xe6\xa9'	4017
3999	(1479, 957)	'预计'	4018
4000	(545, 529)	'发行'	4019
4001	(523, 184)	'永'	4020
4002	(110, 330)	'not'	4021
4003	(437, 2492)	' asked'	4022
4004	(508, 177)	' ر'	4023
4005	(117, 122)	'uz'	4024
4006	(651, 101)	'ape'	4025
4007	(265, 2925)	'onald'	4026
4008	(800, 132)	'雄'	4027
4009	(1241, 671)	' series'	4028
4010	(232, 184)	b'\xe8\xb8'	4029
4011	(1479, 714)	'预期'	4030
4012	(1594, 1233)	'ست'	4031
4013	(493, 160)	'靠'	4032
4014	(3184, 1467)	'平方米'	4033
4015	(989, 175)	'灯'	4034
4016	(3914, 293)	' several'	4035
4017	(278, 2986)	' certain'	4036
4018	(1714, 365)	' impro'	4037
4019	(305, 271)	' lat'	4038
4020	(695, 1855)	'面积'	4039
4021	(1131, 1716)	'英语'	4040
4022	(471, 135)	'ง'	4041
4023	(258, 105)	'ini'	4042
4024	(2304, 539)	'土地'	4043
4025	(1559, 1103)	' design'	4044
4026	(631, 139)	'個'	4045
4027	(104, 105)	'hi'	4046
4028	(363, 145)	'休'	4047
4029	(286, 574)	' mess'	4048
4030	(491, 101)	' je'	4049
4031	(947, 2127)	' expected'	4050
4032	(47, 47)	'//'	4051
4033	(647, 170)	'罪'	4052
4034	(376, 3786)	' April'	4053
4035	(2321, 841)	' special'	4054
4036	(101, 118)	'ev'	4055
4037	(991, 272)	'你的'	4056
4038	(46, 54)	'.6'	4057
4039	(3714, 1597)	' Europe'	4058
4040	(329, 164)	'尤'	4059
4041	(51, 424)	'300'	4060
4042	(46, 56)	'.8'	4061
4043	(1282, 550)	'客场'	4062
4044	(361, 1839)	' forward'	4063
4045	(2306, 1913)	'状态'	4064
4046	(2538, 570)	b'\xe0\xb1\x81\xe0\xb0'	4065
4047	(510, 108)	' Fl'	4066
4048	(1358, 165)	' እ'	4067
4049	(305, 519)	' late'	4068
4050	(231, 181)	b'\xe7\xb5'	4069
4051	(51, 54)	'36'	4070
4052	(272, 601)	'的高'	4071
4053	(285, 600)	'esome'	4072
4054	(381, 630)	' heard'	4073
4055	(1254, 1758)	'任何'	4074
4056	(109, 101)	'me'	4075
4057	(1034, 115)	'ails'	4076
4058	(2129, 379)	' course'	4077
4059	(3498, 164)	'다'	4078
4060	(1578, 3247)	' employ'	4079
4061	(947, 697)	' expect'	4080
4062	(1996, 568)	'属于'	4081
4063	(457, 183)	'纷'	4082
4064	(865, 169)	'恩'	4083
4065	(732, 159)	'损'	4084
4066	(326, 1168)	'idence'	4085
4067	(464, 114)	' Dr'	4086
4068	(409, 892)	' white'	4087
4069	(664, 293)	' goal'	4088
4070	(384, 175)	'凯'	4089
4071	(469, 183)	' з'	4090
4072	(1046, 553)	'商业'	4091
4073	(327, 110)	' yn'	4092
4074	(3285, 1160)	' morning'	4093
4075	(284, 1250)	' pict'	4094
4076	(1039, 1919)	' Thanks'	4095
4077	(775, 1536)	'实际'	4096
4078	(559, 1281)	' proper'	4097
4079	(2981, 752)	' behind'	4098
4080	(1200, 579)	'科学'	4099
4081	(311, 170)	'迪'	4100
4082	(823, 142)	'税'	4101
4083	(428, 597)	'上市'	4102
4084	(297, 265)	' hon'	4103
4085	(291, 819)	' due'	4104
4086	(16002, 600)	' become'	4105
4087	(115, 119)	'sw'	4106
4088	(422, 181)	'贵'	4107
4089	(1389, 1212)	'直接'	4108
4090	(754, 154)	'ක'	4109
4091	(210, 155)	'қ'	4110
4092	(377, 293)	' Cal'	4111
4093	(1404, 571)	'造成'	4112
4094	(282, 621)	' fall'	4113
4095	(256, 97)	' ta'	4114
4096	(417, 288)	' Bar'	4115
4097	(1162, 121)	' party'	4116
4098	(317, 151)	'吗'	4117
4099	(685, 515)	' worth'	4118
4100	(596, 1567)	' charg'	4119
4101	(1352, 1368)	'导演'	4120
4102	(406, 115)	'ills'	4121
4103	(736, 148)	'笔'	4122
4104	(69, 78)	'EN'	4123
4105	(1698, 180)	'暴'	4124
4106	(758, 737)	" wouldn't"	4125
4107	(465, 165)	'急'	4126
4108	(1109, 176)	'ार'	4127
4109	(525, 182)	'阶'	4128
4110	(264, 375)	' sun'	4129
4111	(276, 671)	'ories'	4130
4112	(376, 98)	' Ab'	4131
4113	(317, 137)	'吉'	4132
4114	(347, 2160)	' online'	4133
4115	(337, 191)	'绿'	4134
4116	(3138, 1168)	' experience'	4135
4117	(16001, 53)	' 2015'	4136
4118	(904, 3639)	' enjoy'	4137
4119	(231, 182)	b'\xe7\xb6'	4138
4120	(2859, 841)	' social'	4139
4121	(1414, 957)	'统计'	4140
4122	(85, 83)	'US'	4141
4123	(321, 275)	'stit'	4142
4124	(97, 1103)	'aign'	4143
4125	(524, 130)	'厂'	4144
4126	(470, 485)	' West'	4145
4127	(2248, 819)	' issue'	4146
4128	(464, 766)	' Dep'	4147
4129	(325, 170)	'截'	4148
4130	(2261, 2263)	'货币'	4149
4131	(846, 1324)	'价值'	4150
4132	(46, 55)	'.7'	4151
4133	(398, 855)	'urther'	4152
4134	(442, 97)	' ka'	4153
4135	(391, 1879)	' March'	4154
4136	(586, 136)	'ለ'	4155
4137	(72, 84)	'HT'	4156
4138	(1241, 2410)	' service'	4157
4139	(102, 276)	'for'	4158
4140	(278, 1246)	' cool'	4159
4141	(277, 383)	' bir'	4160
4142	(1625, 2688)	' consider'	4161
4143	(1304, 3500)	'结束'	4162
4144	(313, 129)	'宁'	4163
4145	(352, 98)	'amb'	4164
4146	(548, 433)	'ource'	4165
4147	(2371, 115)	' friends'	4166
4148	(116, 111)	'to'	4167
4149	(1407, 308)	' polic'	4168
4150	(3099, 617)	' Christ'	4169
4151	(119, 104)	'wh'	4170
4152	(3215, 1176)	'怎么'	4171
4153	(592, 918)	' exact'	4172
4154	(1075, 3838)	'网络'	4173
4155	(377, 3418)	' County'	4174
4156	(256, 105)	' ti'	4175
4157	(286, 117)	' mu'	4176
4158	(391, 114)	' Mr'	4177
4159	(211, 169)	'ө'	4178
4160	(1268, 667)	'取得'	4179
4161	(372, 176)	'杰'	4180
4162	(267, 114)	'err'	4181
4163	(1729, 115)	' News'	4182
4164	(573, 1917)	'下降'	4183
4165	(1251, 115)	' needs'	4184
4166	(949, 1462)	'提升'	4185
4167	(360, 173)	'训'	4186
4168	(257, 121)	' ay'	4187
4169	(277, 97)	' ba'	4188
4170	(117, 729)	'uge'	4189
4171	(327, 285)	' yes'	4190
4172	(1471, 137)	'悉'	4191
4173	(590, 386)	'也不'	4192
4174	(1533, 2868)	'告诉'	4193
4175	(305, 642)	' lost'	4194
4176	(513, 176)	'泰'	4195
4177	(1134, 609)	' appear'	4196
4178	(229, 171)	b'\xe5\xab'	4197
4179	(69, 84)	'ET'	4198
4180	(111, 691)	'oice'	4199
4181	(575, 170)	'哪'	4200
4182	(336, 573)	'一下'	4201
4183	(1362, 790)	'整体'	4202
4184	(45, 109)	'-m'	4203
4185	(301, 1084)	'ashing'	4204
4186	(263, 543)	'rect'	4205
4187	(86, 83)	'VS'	4207
4188	(337, 188)	'综'	4208
4189	(1132, 110)	'ọn'	4209
4190	(557, 3204)	'分钟'	4210
4191	(648, 175)	'肯'	4211
4192	(377, 111)	' Co'	4212
4193	(306, 136)	'圈'	4213
4194	(959, 3597)	'acebook'	4214
4195	(1619, 293)	' final'	4215
4196	(1359, 1518)	'彩票'	4216
4197	(1282, 1515)	'客户'	4217
4198	(87, 1713)	'When'	4218
4199	(284, 2971)	' p.m'	4219
4200	(410, 176)	'冰'	4220
4201	(2351, 174)	'潮'	4221
4202	(89, 285)	'Yes'	4222
4203	(693, 265)	' soon'	4223
4204	(102, 635)	'fort'	4224
4205	(967, 267)	' player'	4225
4206	(1004, 1648)	'建议'	4226
4207	(551, 145)	'挑'	4227
4208	(554, 98)	' deb'	4228
4209	(305, 3617)	' large'	4229
4210	(508, 180)	' ش'	4230
4211	(1241, 1256)	' serious'	4231
4212	(216, 172)	'ج'	4232
4213	(1267, 2011)	'号码'	4233
4214	(2643, 540)	'昨日'	4234
4215	(666, 909)	'本报'	4235
4216	(233, 189)	b'\xe9\xbd'	4236
4217	(119, 2461)	'where'	4237
4218	(1406, 145)	'脑'	4238
4219	(111, 106)	'oj'	4239
4220	(631, 146)	'倒'	4240
4221	(1530, 1530)	'\xa0\xa0\xa0\xa0'	4241
4222	(471, 181)	'ี'	4242
4223	(98, 2230)	'body'	4243
4224	(305, 505)	' land'	4244
4225	(663, 400)	'最大'	4245
4226	(1107, 791)	'无法'	4246
4227	(385, 328)	' stay'	4247
4228	(1614, 764)	'参与'	4248
4229	(684, 916)	'自然'	4249
4230	(480, 287)	'ried'	4250
4231	(867, 787)	'此外'	4251
4232	(73, 73)	'II'	4252
4233	(264, 16019)	' suggest'	4253
4234	(685, 682)	' works'	4254
4235	(3093, 2508)	'pecially'	4255
4236	(446, 102)	'iff'	4256
4237	(1329, 112)	' supp'	4257
4238	(1269, 633)	' black'	4258
4239	(376, 494)	' Aust'	4259
4240	(839, 905)	'ون'	4260
4241	(16008, 2205)	' following'	4261
4242	(394, 150)	'盖'	4262
4243	(314, 265)	' non'	4263
4244	(286, 97)	' ma'	4264
4245	(16009, 279)	' given'	4265
4246	(1141, 48)	' 40'	4266
4247	(400, 833)	'大利'	4267
4248	(446, 116)	'ift'	4268
4249	(263, 287)	'reed'	4269
4250	(660, 665)	'作用'	4270
4251	(645, 139)	'洋'	4271
4252	(108, 288)	'lar'	4272
4253	(2781, 1526)	'搭配'	4273
4254	(1174, 169)	'缩'	4274
4255	(421, 3994)	' weeks'	4275
4256	(679, 159)	'竟'	4276
4257	(688, 1372)	' alleg'	4277
4258	(231, 135)	b'\xe7\x87'	4278
4259	(615, 3061)	' June'	4279
4260	(77, 642)	'Most'	4280
4261	(466, 52)	' 24'	4281
4262	(363, 159)	'伟'	4282
4263	(3983, 320)	' couple'	4283
4264	(760, 115)	' gets'	4284
4265	(334, 841)	'ential'	4285
4266	(876, 980)	' quick'	4286
4267	(827, 818)	'重点'	4287
4268	(101, 729)	'ege'	4288
4269	(264, 265)	' son'	4289
4270	(111, 382)	'over'	4290
4271	(99, 105)	'ci'	4291
4272	(714, 799)	'期间'	4292
4273	(2494, 2494)	'……'	4293
4274	(377, 114)	' Cr'	4294
4275	(464, 402)	' Dec'	4295
4276	(99, 287)	'ced'	4296
4277	(105, 719)	'iod'	4297
4278	(274, 671)	'anies'	4298
4279	(1836, 158)	'塞'	4299
4280	(1133, 495)	'受到'	4300
4281	(32, 406)	' ill'	4301
4282	(1488, 520)	'带来'	4302
4283	(489, 101)	'ope'	4303
4284	(1691, 100)	' fund'	4304
4285	(314, 1677)	' national'	4305
4286	(271, 1185)	'ators'	4306
4287	(51, 51)	'33'	4307
4288	(496, 285)	' Res'	4308
4289	(571, 2161)	'成绩'	4309
4290	(313, 133)	'宅'	4310
4291	(955, 1225)	'影片'	4311
4292	(3152, 108)	' control'	4312
4293	(332, 104)	'eth'	4313
4294	(256, 275)	' tit'	4314
4295	(277, 1730)	' billion'	4315
4296	(750, 144)	'坐'	4316
4297	(493, 153)	'静'	4317
4298	(592, 99)	' exc'	4318
4299	(553, 2161)	'业绩'	4319
4300	(282, 638)	' foc'	4320
4301	(63, 63)	'??'	4321
4302	(1352, 1965)	'导致'	4322
4303	(275, 923)	'itions'	4323
4304	(844, 1369)	'工程'	4324
4305	(97, 367)	"a's"	4325
4306	(572, 160)	'惠'	4326
4307	(350, 357)	'是在'	4327
4308	(117, 433)	'uce'	4328
4309	(627, 1233)	'ات'	4329
4310	(198, 176)	'ư'	4330
4311	(3232, 308)	' music'	4331
4312	(800, 133)	'雅'	4332
4313	(632, 1105)	' trade'	4333
4314	(1622, 1345)	'连续'	4334
4315	(2419, 287)	'ounced'	4335
4316	(16006, 274)	' woman'	4336
4317	(272, 1984)	'的情况'	4337
4318	(1499, 267)	'lier'	4338
4319	(1235, 486)	'指出'	4339
4320	(376, 1577)	' Ass'	4340
4321	(282, 820)	' fans'	4341
4322	(3291, 2064)	' success'	4342
4323	(1633, 1439)	' maybe'	4343
4324	(649, 1290)	'ом'	4344
4325	(103, 1115)	'gress'	4345
4326	(747, 503)	'ра'	4346
4327	(2977, 4124)	' campaign'	4347
4328	(286, 1490)	' match'	4348
4329	(105, 820)	'ians'	4349
4330	(686, 100)	' upd'	4350
4331	(1664, 133)	'梅'	4351
4332	(506, 1648)	'会议'	4352
4333	(814, 1734)	'内容'	4353
4334	(470, 406)	' Will'	4354
4335	(559, 112)	' prop'	4355
4336	(2021, 162)	'።'	4356
4337	(383, 116)	'irt'	4357
4338	(2675, 118)	' priv'	4358
4339	(866, 176)	'ተ'	4359
4340	(122, 101)	'ze'	4360
4341	(3465, 16015)	' definitely'	4361
4342	(2561, 745)	'压力'	4362
4343	(1839, 115)	'wards'	4363
4344	(663, 1114)	'最近'	4364
4345	(886, 942)	'基金公司'	4365
4346	(282, 369)	' fig'	4366
4347	(260, 185)	'丹'	4367
4348	(32, 1315)	' vers'	4368
4349	(1036, 168)	'萨'	4369
4350	(231, 163)	b'\xe7\xa3'	4370
4351	(277, 1749)	' based'	4371
4352	(333, 1197)	' repl'	4372
4353	(696, 855)	' whether'	4373
4354	(632, 819)	' true'	4374
4355	(1344, 121)	' key'	4375
4356	(304, 3016)	' often'	4376
4357	(232, 156)	b'\xe8\x9c'	4377
4358	(344, 179)	'劳'	4378
4359	(735, 140)	b' \xe1\x8c'	4379
4360	(544, 1452)	' front'	4380
4361	(305, 612)	' light'	4381
4362	(232, 134)	b'\xe8\x86'	4382
4363	(797, 182)	'顶'	4383
4364	(601, 1072)	'高考'	4384
4365	(447, 159)	'租'	4385
4366	(97, 578)	'ares'	4386
4367	(747, 710)	'ре'	4387
4368	(541, 162)	'探'	4388
4369	(119, 2171)	'work'	4389
4370	(100, 101)	'de'	4391
4371	(314, 39)	" n'"	4392
4372	(809, 165)	'若'	4393
4373	(305, 373)	' lim'	4394
4374	(65, 76)	'AL'	4395
4375	(679, 160)	'章'	4396
4376	(83, 104)	'Sh'	4397
4377	(1568, 427)	'半年'	4398
4378	(554, 348)	' dead'	4399
4379	(780, 173)	'箭'	4400
4380	(319, 155)	'佛'	4401
4381	(593, 369)	' orig'	4402
4382	(272, 891)	'的一个'	4403
4383	(774, 287)	'ived'	4404
4384	(831, 103)	' arg'	4405
4385	(282, 1034)	' fail'	4406
4386	(1206, 310)	' room'	4407
4387	(314, 332)	' net'	4408
4388	(99, 626)	'cast'	4409
4389	(1254, 1125)	'任务'	4410
4390	(2433, 3135)	' author'	4411
4391	(783, 122)	'raz'	4412
4392	(614, 653)	'经过'	4413
4393	(65, 67)	'AC'	4414
4394	(588, 109)	' Em'	4415
4395	(313, 189)	'宽'	4416
4396	(105, 104)	'ih'	4417
4397	(1041, 163)	'档'	4418
4398	(1360, 159)	'募'	4419
4399	(528, 527)	'ults'	4420
4400	(2817, 430)	b'\xe1\x80\xb1\xe1\x80'	4421
4401	(335, 176)	'困'	4422
4402	(429, 146)	'归'	4423
4403	(230, 164)	b'\xe6\xa4'	4424
4404	(3882, 374)	' World'	4425
4405	(1203, 1088)	'联系'	4426
4406	(471, 161)	'ม'	4427
4407	(1291, 1015)	'风格'	4428
4408	(344, 177)	'励'	4429
4409	(541, 170)	'措'	4430
4410	(310, 98)	'omb'	4431
4411	(1663, 3587)	' University'	4432
4412	(2819, 2429)	'健康'	4433
4413	(2516, 129)	'鲁'	4434
4414	(3475, 4137)	'IGHT'	4435
4415	(117, 441)	'uation'	4436
4416	(326, 100)	'idd'	4437
4417	(2532, 159)	'熟'	4438
4418	(277, 408)	' boo'	4439
4419	(1390, 151)	'疗'	4440
4420	(378, 272)	'有的'	4441
4421	(1543, 690)	' phone'	4442
4422	(282, 3846)	' fucking'	4443
4423	(2656, 130)	'概'	4444
4424	(2856, 1812)	'帮助'	4445
4425	(656, 151)	'遗'	4446
4426	(73, 67)	'IC'	4447
4427	(236, 151)	b'\xec\x97'	4448
4428	(377, 450)	' Col'	4449
4429	(837, 1628)	'目标'	4450
4430	(117, 526)	'uel'	4451
4431	(280, 136)	'予'	4452
4432	(1767, 168)	' የ'	4454
4433	(1135, 136)	'针'	4455
4434	(672, 16021)	'基础'	4456
4435	(3092, 629)	b'\xe0\xa8\xbf\xe0\xa8'	4457
4436	(1285, 1700)	'解决'	4458
4437	(46, 52)	'.4'	4459
4438	(440, 166)	'触'	4460
4439	(45, 114)	'-r'	4461
4440	(108, 117)	'lu'	4462
4441	(2451, 287)	' happened'	4463
4442	(862, 479)	"ven't"	4464
4443	(103, 320)	'gle'	4465
4444	(2222, 151)	'著'	4466
4445	(3179, 3191)	b'\xe1\x80\xad\xe1\x80\xaf\xe1\x80'	4467
4446	(774, 326)	'ivid'	4468
4447	(795, 161)	'胡'	4469
4448	(79, 84)	'OT'	4470
4449	(1023, 2863)	' previous'	4471
4450	(542, 111)	' Go'	4472
4451	(105, 1168)	'ience'	4473
4452	(850, 867)	'如此'	4474
4453	(447, 146)	'秒'	4475
4454	(761, 1136)	'加强'	4476
4455	(1180, 1337)	'Thank'	4477
4456	(1240, 574)	' access'	4478
4457	(1501, 170)	'豪'	4479
4458	(278, 500)	' coun'	4480
4459	(363, 175)	'伯'	4481
4460	(1559, 99)	' desc'	4482
4461	(1935, 114)	' terr'	4483
4462	(395, 162)	'赢'	4484
4463	(2290, 121)	'Why'	4485
4464	(828, 272)	'性的'	4486
4465	(464, 1003)	' Dav'	4487
4466	(1604, 620)	'双方'	4488
4467	(286, 1295)	' mult'	4489
4468	(2113, 1374)	' students'	4490
4469	(580, 176)	'ர'	4491
4470	(845, 156)	'障'	4492
4471	(3612, 293)	'ederal'	4493
4472	(121, 108)	'yl'	4494
4473	(2740, 411)	' matter'	4495
4474	(1547, 571)	'形成'	4496
4475	(195, 182)	'ö'	4497
4476	(1692, 149)	'்க'	4498
4477	(711, 139)	'趋'	4499
4478	(3488, 1879)	' research'	4500
4479	(1626, 3986)	'论坛'	4501
4480	(1342, 275)	' crit'	4502
4481	(1241, 3165)	' services'	4503
4482	(815, 691)	' office'	4504
4483	(740, 1897)	'资源'	4505
4484	(1206, 348)	' road'	4506
4485	(1406, 154)	'脚'	4507
4486	(422, 180)	'贴'	4508
4487	(1362, 460)	'整个'	4509
4488	(464, 478)	' Dem'	4510
4489	(541, 137)	'掉'	4511
4490	(434, 528)	' rul'	4512
4491	(956, 272)	'我们的'	4513
4492	(2795, 275)	' visit'	4514
4493	(1734, 1432)	'容易'	4515
4494	(792, 1012)	' agree'	4516
4495	(1051, 748)	' among'	4517
4496	(1477, 709)	'共同'	4518
4497	(1855, 1957)	'积极'	4519
4498	(122, 97)	'za'	4520
4499	(2079, 287)	' tried'	4521
4500	(614, 2135)	'经验'	4522
4501	(3459, 515)	' growth'	4523
4502	(121, 320)	'yle'	4524
4503	(310, 258)	'omin'	4525
4504	(2282, 1981)	' discuss'	4526
4505	(377, 259)	' Che'	4527
4506	(381, 288)	' hear'	4529
4507	(697, 637)	'ective'	4530
4508	(2719, 2278)	' concern'	4531
4509	(859, 4278)	' companies'	4532
4510	(1200, 1516)	'科技'	4533
4511	(2999, 115)	' officials'	4534
4512	(99, 484)	'cher'	4535
4513	(930, 4277)	' period'	4536
4514	(876, 892)	' quite'	4537
4515	(2914, 176)	'峰'	4538
4516	(1875, 1460)	'条件'	4539
4517	(414, 184)	b' \xe0\xb8'	4540
4518	(538, 272)	'我的'	4541
4519	(65, 110)	'An'	4542
4520	(602, 1290)	'им'	4543
4521	(490, 1677)	' National'	4544
4522	(231, 184)	b'\xe7\xb8'	4545
4523	(378, 1009)	'有些'	4546
4524	(257, 107)	' ak'	4547
4525	(2367, 1110)	'控制'	4548
4526	(348, 285)	'ades'	4549
4527	(277, 2230)	' body'	4550
4528	(416, 258)	' within'	4552
4529	(362, 138)	'释'	4554
4530	(919, 918)	' pract'	4555
4531	(2591, 71)	'ING'	4556
4532	(263, 103)	'reg'	4557
4533	(297, 330)	' hot'	4558
4534	(109, 121)	'my'	4559
4535	(45, 104)	'-h'	4560
4536	(651, 267)	'aper'	4561
4537	(913, 2333)	'区域'	4562
4538	(2065, 1833)	'材料'	4563
4539	(395, 182)	'赶'	4564
4540	(350, 891)	'是一个'	4565
4541	(46, 57)	'.9'	4566
4542	(32, 383)	' ir'	4567
4543	(379, 99)	'sec'	4568
4544	(1525, 1964)	' remember'	4569
4545	(469, 182)	' ж'	4570
4546	(526, 116)	'elt'	4571
4547	(430, 188)	'ြ'	4572
4548	(1561, 721)	'运动'	4573
4549	(421, 1106)	" we're"	4574
4550	(701, 3115)	' outside'	4575
4551	(702, 129)	' ف'	4576
4552	(673, 100)	'udd'	4577
4553	(437, 107)	' ask'	4578
4554	(510, 4194)	' Facebook'	4579
4555	(3207, 320)	' single'	4580
4556	(118, 3768)	'ville'	4581
4557	(383, 99)	'irc'	4582
4558	(1279, 1049)	'各种'	4583
4559	(542, 117)	' Gu'	4584
4560	(385, 477)	' store'	4585
4561	(471, 167)	'ว'	4586
4562	(1422, 1040)	'质量'	4587
4563	(694, 534)	'产生'	4588
4564	(2904, 275)	' milit'	4589
4565	(653, 1065)	'过去'	4590
4566	(32, 1156)	' ident'	4591
4567	(723, 137)	'涉'	4592
4568	(121, 100)	'yd'	4593
4569	(1240, 1221)	' account'	4594
4570	(296, 171)	'叫'	4595
4571	(55, 53)	'75'	4596
4572	(284, 532)	' pain'	4597
4573	(1325, 293)	'itional'	4598
4574	(702, 135)	' ه'	4599
4575	(3880, 144)	'餐'	4600
4576	(2733, 1556)	'艺术'	4601
4577	(627, 1275)	'ام'	4602
4578	(625, 144)	'渐'	4603
4579	(877, 894)	' known'	4604
4580	(542, 108)	' Gl'	4605
4581	(462, 810)	'这次'	4606
4582	(1421, 2381)	' decision'	4607
4583	(1997, 821)	' talking'	4608
4584	(99, 259)	'che'	4609
4585	(45, 53)	'-5'	4610
4586	(2344, 1046)	'开发商'	4611
4587	(291, 279)	' den'	4612
4588	(1563, 1010)	' coach'	4613
4589	(288, 108)	'arl'	4614
4590	(339, 184)	'幸'	4615
4591	(377, 276)	' Cor'	4616
4592	(1849, 812)	'排名'	4618
4593	(1801, 1047)	' drug'	4619
4594	(284, 279)	' pen'	4620
4595	(559, 2590)	' project'	4621
4596	(2248, 1611)	' issues'	4622
4597	(832, 856)	'相当'	4623
4598	(3898, 121)	' cloudy'	4624
4599	(2185, 183)	'瓷'	4625
4600	(48, 57)	'09'	4626
4601	(2473, 819)	' continue'	4627
4602	(80, 83)	'PS'	4628
4603	(385, 1415)	' stock'	4629
4604	(3504, 276)	' favor'	4630
4605	(791, 419)	'法国'	4631
4606	(2177, 2673)	' instead'	4632
4607	(1375, 3647)	' security'	4633
4608	(195, 163)	'ã'	4634
4609	(1054, 272)	'市场的'	4635
4610	(320, 120)	'lex'	4637
4611	(46, 51)	'.3'	4639
4612	(45, 51)	'-3'	4640
4613	(2044, 992)	'委员'	4641
4614	(840, 2011)	'数码'	4642
4615	(2066, 1272)	'医院'	4643
4616	(117, 320)	'ule'	4644
4617	(632, 97)	' tra'	4645
4618	(508, 172)	' ج'	4646
4619	(110, 111)	'no'	4647
4620	(74, 494)	'Just'	4648
4621	(286, 398)	' mur'	4649
4622	(80, 104)	'Ph'	4650
4623	(985, 2095)	' China'	4651
4624	(520, 684)	'来自'	4652
4625	(102, 697)	'fect'	4653
4626	(551, 165)	'挥'	4654
4627	(2425, 2616)	'ministr'	4655
4628	(499, 334)	'ument'	4656
4629	(422, 184)	'贸'	4657
4630	(1253, 826)	'单位'	4658
4631	(320, 1955)	'lebr'	4659
4632	(2172, 383)	' confir'	4660
4633	(302, 156)	'夜'	4661
4634	(570, 168)	'న'	4662
4635	(836, 724)	' club'	4663
4636	(232, 148)	b'\xe8\x94'	4664
4637	(3560, 1339)	' history'	4665
4638	(1539, 1352)	'领导'	4666
4639	(276, 283)	'oring'	4667
4640	(2348, 553)	'职业'	4668
4641	(344, 170)	'努'	4669
4642	(305, 450)	' lol'	4670
4643	(965, 1738)	'并且'	4671
4644	(79, 79)	'OO'	4672
4645	(2945, 1423)	'贷款'	4673
4646	(1037, 272)	'色的'	4675
4647	(1373, 810)	'再次'	4676
4648	(277, 1183)	' boy'	4677
4649	(2057, 2289)	'债券'	4678
4650	(521, 906)	'对手'	4679
4651	(1997, 107)	' talk'	4680
4652	(73, 76)	'IL'	4681
4653	(449, 182)	'陶'	4682
4654	(720, 129)	'谁'	4683
4655	(1203, 931)	'联赛'	4684
4656	(326, 97)	'ida'	4685
4657	(436, 101)	' Pe'	4686
4658	(110, 459)	'ners'	4687
4659	(385, 480)	' stri'	4688
4660	(466, 49)	' 21'	4689
4661	(2836, 811)	'ursday'	4690
4662	(922, 1460)	'事件'	4691
4663	(1075, 1891)	'网站'	4692
4664	(415, 151)	'抗'	4693
4665	(648, 165)	'肥'	4694
4666	(269, 141)	'」'	4695
4667	(269, 140)	'「'	4696
4668	(121, 114)	'yr'	4697
4669	(774, 293)	'ival'	4698
4670	(1263, 169)	'摩'	4699
4671	(82, 69)	'RE'	4700
4672	(32, 2258)	' ہ'	4701
4673	(108, 373)	'lim'	4702
4674	(718, 145)	'跑'	4703
4675	(277, 105)	' bi'	4704
4676	(1167, 774)	' activ'	4705
4677	(277, 1086)	' book'	4706
4678	(546, 330)	' vot'	4707
4679	(348, 111)	'ado'	4708
4680	(112, 288)	'par'	4709
4681	(749, 467)	'小时'	4710
4682	(434, 2072)	' rather'	4711
4683	(580, 164)	'த'	4712
4684	(502, 155)	'毛'	4713
4685	(615, 3624)	' July'	4714
4686	(289, 2648)	' occ'	4715
4687	(492, 1617)	'家居'	4716
4688	(117, 102)	'uf'	4717
4689	(2606, 1959)	'න්'	4718
4690	(1326, 320)	'ample'	4719
4691	(1358, 163)	' ኣ'	4720
4692	(108, 102)	'lf'	4721
4693	(107, 105)	'ki'	4722
4694	(503, 1290)	'ам'	4723
4695	(1602, 2649)	'视频'	4724
4696	(465, 170)	'怪'	4725
4697	(264, 2192)	' sense'	4726
4698	(403, 157)	'川'	4727
4699	(256, 273)	' tou'	4728
4700	(84, 114)	'Tr'	4729
4701	(508, 174)	' خ'	4730
4702	(560, 267)	'aker'	4731
4703	(833, 665)	'利用'	4732
4704	(940, 441)	'ization'	4733
4705	(16026, 188)	'鱼'	4734
4706	(282, 2198)	' field'	4735
4707	(2347, 529)	'央行'	4736
4708	(353, 285)	'aces'	4737
4709	(297, 642)	' host'	4738
4710	(405, 187)	'寻'	4739
4711	(804, 159)	'た'	4740
4712	(803, 115)	'ips'	4741
4713	(1938, 950)	' entire'	4742
4714	(426, 4442)	" haven't"	4743
4715	(3797, 942)	'有限公司'	4744
4716	(622, 115)	' abs'	4745
4717	(571, 666)	'成本'	4746
4718	(1787, 1160)	' running'	4747
4719	(781, 714)	'长期'	4748
4720	(287, 100)	'edd'	4749
4721	(301, 283)	'asing'	4750
4722	(700, 2357)	'比例'	4751
4723	(354, 279)	' Sen'	4752
4724	(386, 555)	'不要'	4753
4725	(297, 310)	' hom'	4754
4726	(256, 478)	' tem'	4755
4727	(1365, 557)	'十分'	4756
4728	(320, 288)	'lear'	4757
4729	(381, 374)	' held'	4758
4730	(284, 578)	' pres'	4759
4731	(579, 1272)	'学院'	4760
4732	(1343, 841)	'ancial'	4761
4733	(867, 810)	'此次'	4762
4734	(889, 1602)	'电视'	4763
4735	(397, 598)	'人们'	4764
4736	(2440, 287)	' killed'	4765
4737	(595, 910)	'公里'	4766
4738	(282, 759)	' fine'	4767
4739	(502, 146)	'毒'	4768
4740	(1146, 287)	'oved'	4769
4741	(306, 163)	'圣'	4770
4742	(709, 1090)	'同样'	4771
4743	(602, 1153)	'ик'	4772
4744	(3192, 1307)	' political'	4773
4745	(3789, 838)	' industry'	4774
4746	(358, 141)	'词'	4775
4747	(216, 174)	'خ'	4776
4748	(508, 185)	' ع'	4777
4749	(893, 101)	' Ste'	4778
4750	(831, 1712)	' arrest'	4779
4751	(402, 1101)	'ecause'	4780
4752	(45, 108)	'-l'	4781
4753	(588, 110)	' En'	4782
4754	(571, 1318)	'成立'	4783
4755	(2268, 101)	'reme'	4784
4756	(2777, 331)	' recently'	4785
4757	(389, 177)	'弱'	4786
4758	(569, 131)	'沃'	4787
4759	(1705, 275)	' Brit'	4788
4760	(117, 275)	'uit'	4789
4761	(118, 293)	'val'	4790
4762	(2350, 610)	'augh'	4791
4763	(4188, 777)	'综合'	4792
4764	(589, 133)	' अ'	4793
4765	(97, 398)	'aur'	4794
4766	(1614, 1072)	'参考'	4795
4767	(1512, 48)	' 70'	4796
4768	(922, 880)	'事情'	4797
4769	(412, 147)	'库'	4798
4770	(375, 929)	'under'	4799
4771	(1480, 287)	'itted'	4800
4772	(282, 4133)	' further'	4801
4773	(1075, 1483)	'网友'	4802
4774	(400, 1907)	'大幅'	4803
4775	(804, 171)	'に'	4804
4776	(1692, 164)	'்த'	4805
4777	(695, 521)	'面对'	4806
4778	(1051, 1428)	' amaz'	4807
4779	(602, 769)	'ит'	4809
4780	(341, 167)	'旧'	4810
4781	(492, 3224)	'家庭'	4811
4782	(2583, 109)	' film'	4812
4783	(463, 288)	' Har'	4813
4784	(365, 312)	'roll'	4814
4785	(488, 737)	" aren't"	4815
4786	(897, 1328)	'明星'	4816
4787	(641, 1214)	' One'	4817
4788	(3356, 334)	' moment'	4818
4789	(700, 850)	'比如'	4819
4790	(503, 1153)	'ак'	4820
4791	(608, 267)	'ender'	4821
4792	(2033, 162)	'慢'	4822
4793	(981, 555)	'只要'	4823
4794	(542, 101)	' Ge'	4824
4795	(514, 110)	' conn'	4825
4796	(608, 115)	'ends'	4827
4797	(360, 168)	'讨'	4828
4798	(286, 458)	' mag'	4829
4799	(311, 157)	'违'	4830
4800	(1329, 267)	' super'	4831
4801	(1661, 4379)	'火箭'	4832
4802	(529, 420)	'行为'	4833
4803	(97, 1295)	'ault'	4834
4804	(1539, 2333)	'领域'	4835
4805	(2772, 2115)	'竞争'	4836
4806	(457, 189)	'纽'	4837
4807	(282, 1558)	' fair'	4838
4808	(336, 1049)	'一种'	4839
4809	(775, 745)	'实力'	4840
4810	(726, 378)	'都有'	4841
4811	(1039, 4661)	' Thursday'	4842
4812	(499, 101)	'ume'	4843
4813	(677, 1776)	' leave'	4844
4814	(299, 181)	'兵'	4845
4815	(856, 916)	'当然'	4846
4816	(256, 1128)	' treat'	4847
4817	(3039, 1824)	' Republic'	4848
4818	(2051, 178)	'菲'	4849
4819	(1727, 806)	'速度'	4850
4820	(399, 121)	'key'	4851
4821	(2480, 3862)	' similar'	4852
4822	(1684, 121)	' happy'	4853
4823	(491, 673)	' jud'	4854
4824	(649, 1445)	'ог'	4855
4825	(486, 520)	'出来'	4856
4826	(385, 766)	' step'	4857
4827	(294, 4087)	' answ'	4858
4828	(358, 162)	'询'	4859
4829	(108, 352)	'lam'	4860
4830	(537, 136)	'ै'	4861
4831	(56, 56)	'88'	4862
4832	(391, 813)	' Mich'	4863
4833	(231, 152)	b'\xe7\x98'	4864
4834	(105, 402)	'iec'	4865
4835	(375, 116)	'unt'	4866
4836	(117, 104)	'uh'	4867
4837	(32, 398)	' ur'	4868
4838	(1562, 1376)	'北京时间'	4869
4839	(766, 116)	'ept'	4870
4840	(833, 1195)	'利率'	4871
4841	(546, 450)	' vol'	4872
4842	(2812, 929)	' wonder'	4873
4843	(82, 101)	'Re'	4874
4844	(815, 267)	' offer'	4875
4845	(99, 600)	'come'	4876
4846	(1433, 48)	' 60'	4877
4847	(286, 281)	' mis'	4878
4848	(16004, 324)	"I've"	4879
4849	(284, 633)	' pack'	4880
4850	(2975, 283)	' meeting'	4881
4851	(1005, 2602)	'保护'	4882
4852	(354, 109)	' Sm'	4883
4853	(1903, 1790)	' surpr'	4884
4854	(644, 178)	'曲'	4885
4855	(351, 161)	'乡'	4886
4856	(2103, 4315)	' announced'	4887
4857	(39, 39)	"''"	4888
4858	(723, 178)	'液'	4889
4859	(46, 48)	'.0'	4890
4860	(822, 568)	'关于'	4891
4861	(573, 2413)	'下跌'	4893
4862	(4185, 1794)	'ashington'	4894
4863	(3479, 1749)	' released'	4895
4864	(79, 85)	'OU'	4896
4865	(627, 842)	'ای'	4897
4866	(286, 330)	' mot'	4898
4867	(195, 151)	'×'	4899
4868	(560, 97)	'aka'	4900
4869	(305, 924)	' link'	4901
4870	(305, 111)	' lo'	4902
4871	(1326, 923)	'ampions'	4903
4872	(548, 116)	'ourt'	4904
4873	(655, 968)	'主持'	4905
4874	(512, 98)	' comb'	4906
4875	(291, 104)	' dh'	4907
4876	(232, 178)	b'\xe8\xb2'	4908
4877	(1145, 2110)	' recomm'	4909
4878	(2041, 275)	' wait'	4910
4879	(470, 288)	' War'	4911
4880	(1005, 1299)	'保证'	4912
4881	(458, 287)	'aged'	4913
4882	(1050, 171)	'莫'	4914
4883	(517, 103)	' neg'	4915
4884	(354, 402)	' Sec'	4916
4885	(194, 163)	'£'	4917
4886	(499, 97)	'uma'	4918
4887	(2180, 2263)	'人民币'	4919
4888	(284, 2901)	' present'	4920
4889	(2185, 166)	'瓦'	4921
4890	(736, 166)	'符'	4922
4891	(2163, 892)	' White'	4923
4892	(1016, 149)	' ਕ'	4924
4893	(552, 103)	' dog'	4925
4894	(45, 50)	'-2'	4926
4895	(589, 168)	' न'	4927
4896	(293, 97)	'ala'	4928
4897	(2426, 2486)	'范围'	4929
4898	(175, 566)	b'\xaf\xe0\xa6'	4930
4899	(1773, 285)	'okes'	4931
4900	(804, 175)	'は'	4932
4901	(1418, 115)	' shows'	4933
4902	(465, 128)	'怀'	4934
4903	(4109, 2020)	'阶段'	4935
4904	(710, 769)	'ет'	4936
4905	(2847, 2847)	'\u3000\u3000'	4937
4906	(2076, 734)	' provide'	4938
4907	(3889, 471)	b'\xe0\xb9\x80\xe0\xb8'	4939
4908	(632, 633)	' track'	4940
4909	(290, 151)	'朗'	4941
4910	(305, 1388)	' luck'	4942
4911	(451, 139)	'屋'	4943
4912	(303, 1128)	' threat'	4944
4913	(297, 519)	' hate'	4945
4914	(235, 138)	b'\xeb\x8a'	4946
4915	(436, 288)	' Par'	4947
4916	(1188, 419)	'德国'	4948
4917	(1847, 1170)	' relations'	4949
4918	(4216, 144)	'齐'	4950
4919	(647, 154)	'罚'	4951
4920	(996, 55)	'2007'	4952
4921	(2056, 576)	'许多'	4953
4922	(308, 97)	'ica'	4954
4923	(284, 1257)	' pull'	4955
4924	(335, 186)	'固'	4956
4925	(573, 2758)	'下午'	4957
4926	(881, 136)	'ை'	4958
4927	(346, 3378)	' begin'	4959
4928	(2928, 2861)	'透露'	4960
4929	(340, 176)	'田'	4961
4930	(893, 1405)	' States'	4962
4931	(2446, 1862)	'按照'	4963
4932	(65, 65)	'AA'	4964
4933	(3748, 660)	'操作'	4965
4934	(1027, 790)	'身体'	4966
4935	(336, 826)	'一位'	4967
4936	(333, 2383)	' release'	4968
4937	(842, 3727)	'یں'	4969
4938	(1230, 886)	'型基金'	4970
4939	(591, 283)	'pping'	4971
4940	(16007, 646)	' movie'	4972
4941	(739, 130)	'時'	4973
4942	(436, 969)	' Park'	4974
4943	(2828, 935)	'移民'	4975
4944	(79, 77)	'OM'	4976
4945	(326, 283)	'iding'	4977
4946	(2132, 180)	'이'	4978
4947	(1945, 320)	'attle'	4979
4948	(482, 188)	'呼'	4980
4949	(412, 143)	'序'	4981
4950	(1697, 2528)	'采访'	4982
4951	(310, 283)	'oming'	4983
4952	(16017, 484)	' higher'	4984
4953	(750, 166)	'坦'	4985
4954	(303, 3697)	' thinking'	4986
4955	(1387, 97)	'ika'	4987
4956	(258, 111)	'ino'	4988
4957	(356, 101)	' Te'	4989
4958	(293, 105)	'ali'	4990
4959	(354, 119)	' Sw'	4991
4960	(1809, 785)	'男子'	4992
4961	(376, 1047)	' Aug'	4993
4962	(1494, 1414)	'传统'	4994
4963	(305, 1555)	' loss'	4995
4964	(264, 748)	' song'	4996
4965	(1016, 166)	' ਦ'	4997
4966	(2759, 4235)	' especially'	4998
4967	(733, 695)	'全面'	4999
4968	(2147, 1268)	'录取'	5000
4969	(648, 137)	'肉'	5001
4970	(705, 527)	'rents'	5002
4971	(343, 112)	' ep'	5003
4972	(316, 1776)	' gave'	5004
4973	(229, 180)	b'\xe5\xb4'	5005
4974	(1001, 129)	'裁'	5006
4975	(464, 111)	' Do'	5007
4976	(291, 265)	' don'	5008
4977	(1496, 115)	' teams'	5009
4978	(1864, 459)	' leaders'	5010
4979	(873, 175)	'累'	5011
4980	(376, 1247)	' Ang'	5012
4981	(352, 287)	'amed'	5013
4982	(573, 272)	'下的'	5014
4983	(2964, 574)	' profess'	5015
4984	(1384, 323)	b'\xe0\xa5\x87\xe0\xa4'	5016
4985	(2262, 529)	'举行'	5017
4986	(1425, 4053)	' awesome'	5018
4987	(589, 134)	' आ'	5019
4988	(195, 172)	'ì'	5020
4989	(1305, 1932)	'规划'	5021
4990	(313, 156)	'宜'	5022
4991	(2516, 156)	'鲜'	5023
4992	(3507, 274)	' human'	5024
4993	(498, 185)	'培'	5025
4994	(739, 182)	'晶'	5026
4995	(664, 285)	' goes'	5027
4996	(2403, 1216)	'尽管'	5028
4997	(97, 528)	'aul'	5029
4998	(45, 119)	'-w'	5030
4999	(284, 2383)	' please'	5031
5000	(2784, 283)	' building'	5032
5001	(3290, 2090)	' particular'	5033
5002	(305, 536)	' los'	5034
5003	(363, 180)	'伴'	5035
5004	(670, 175)	'软'	5036
5005	(466, 50)	' 22'	5037
5006	(1277, 163)	'荣'	5038
5007	(3767, 1871)	' benef'	5039
5008	(102, 2198)	'field'	5040
5009	(97, 526)	'ael'	5041
5010	(16005, 101)	' include'	5042
5011	(1223, 57)	'199'	5043
5012	(2093, 130)	'堂'	5044
5013	(391, 1565)	' Market'	5045
5014	(1811, 4318)	' earlier'	5046
5015	(386, 495)	'不到'	5047
5016	(515, 675)	'though'	5048
5017	(663, 607)	'最新'	5049
5018	(823, 177)	'稱'	5050
5019	(2806, 121)	' easy'	5051
5020	(561, 145)	'辑'	5052
5021	(109, 275)	'mit'	5053
5022	(587, 272)	'后的'	5054
5023	(286, 1831)	' mph'	5055
5024	(1818, 1037)	'角色'	5056
5025	(428, 1462)	'上升'	5057
5026	(522, 2107)	'ability'	5058
5027	(2400, 518)	'佳能'	5059
5028	(422, 157)	'贝'	5060
5029	(2846, 1325)	' position'	5061
5030	(339, 187)	'幻'	5062
5031	(3599, 3963)	' Twitter'	5063
5032	(1224, 1078)	'东西'	5064
5033	(257, 3481)	' average'	5065
5034	(462, 910)	'这里'	5066
5035	(65, 77)	'AM'	5067
5036	(117, 121)	'uy'	5068
5037	(272, 1640)	'的问题'	5069
5038	(260, 157)	'丝'	5070
5039	(3109, 4631)	' celebr'	5071
5040	(506, 378)	'会有'	5072
5041	(1722, 102)	' diff'	5073
5042	(365, 100)	'rod'	5074
5043	(3040, 166)	'麦'	5075
5044	(415, 147)	'抓'	5076
5045	(822, 3915)	'关键'	5077
5046	(1134, 101)	' appe'	5078
5047	(264, 279)	' sen'	5079
5048	(333, 3169)	' reports'	5080
5049	(286, 1419)	' mother'	5081
5050	(264, 746)	' sound'	5082
5051	(2692, 1253)	'简单'	5083
5052	(1521, 1898)	'selves'	5084
5053	(45, 52)	'-4'	5085
5054	(641, 757)	' Off'	5086
5055	(278, 121)	' cy'	5087
5056	(376, 591)	' App'	5088
5057	(693, 374)	' sold'	5089
5058	(1825, 864)	' Also'	5090
5059	(265, 2196)	'onna'	5091
5060	(369, 114)	'igr'	5092
5061	(1445, 1826)	'ган'	5093
5062	(277, 1056)	' base'	5094
5063	(835, 154)	'聚'	5095
5064	(65, 116)	'At'	5096
5065	(421, 2865)	' webs'	5097
5066	(289, 107)	' ok'	5098
5067	(385, 2835)	' staff'	5099
5068	(524, 133)	'厅'	5100
5069	(329, 190)	'尾'	5101
5070	(733, 708)	'全部'	5102
5071	(265, 97)	'ona'	5103
5072	(385, 783)	' stra'	5104
5073	(683, 187)	'妻'	5106
5074	(528, 441)	'ulation'	5107
5075	(904, 99)	' enc'	5108
5076	(462, 1176)	'这么'	5109
5077	(16020, 332)	' target'	5110
5078	(347, 285)	' ones'	5111
5079	(16032, 629)	b'\xe0\xa9\xb1\xe0\xa8'	5112
5080	(197, 161)	'š'	5113
5081	(832, 521)	'相对'	5114
5082	(277, 522)	' bab'	5115
5083	(372, 177)	'東'	5116
5084	(314, 402)	' nec'	5117
5085	(270, 135)	'皇'	5118
5086	(234, 179)	b'\xea\xb3'	5119
5087	(32, 237)	b' \xed'	5120
5088	(99, 267)	'cer'	5121
5089	(1408, 145)	'滑'	5122
5090	(1061, 116)	'oint'	5123
5091	(285, 101)	'ese'	5124
5092	(4914, 148)	'는'	5125
5093	(3468, 293)	' total'	5126
5094	(576, 272)	'多的'	5127
5095	(434, 519)	' rate'	5128
5096	(1007, 139)	'ో'	5129
5097	(524, 154)	'厚'	5130
5098	(570, 3209)	b'\xe0\xb0\x82\xe0\xb0'	5131
5099	(4153, 331)	' exactly'	5132
5100	(1278, 810)	'首次'	5133
5101	(558, 182)	'架'	5134
5102	(372, 130)	'杂'	5135
5103	(804, 132)	'い'	5136
5104	(4641, 745)	'努力'	5137
5105	(1960, 174)	'献'	5138
5106	(775, 2139)	'实施'	5139
5107	(305, 287)	' led'	5140
5108	(484, 110)	'hern'	5141
5109	(679, 165)	'童'	5142
5110	(470, 4862)	' Washington'	5143
5111	(1115, 287)	'ressed'	5144
5112	(326, 729)	'idge'	5145
5113	(2375, 916)	'依然'	5146
5114	(731, 1970)	' myself'	5147
5115	(1003, 283)	'aving'	5148
5116	(663, 1971)	'最大的'	5149
5117	(386, 2851)	'不错'	5150
5118	(282, 274)	' fan'	5151
5119	(2788, 293)	' general'	5152
5120	(2051, 156)	'菜'	5153
5121	(353, 287)	'aced'	5154
5122	(1335, 486)	'推出'	5155
5123	(1025, 147)	'ና'	5156
5124	(314, 1028)	' norm'	5157
5125	(832, 700)	'相比'	5158
5126	(358, 175)	'误'	5159
5127	(111, 104)	'oh'	5160
5128	(217, 131)	'ك'	5161
5129	(95, 95)	'__'	5162
5130	(3277, 115)	' kids'	5163
5131	(1747, 771)	'确定'	5164
5132	(856, 539)	'当地'	5165
5133	(278, 728)	' cred'	5166
5134	(651, 116)	'apt'	5167
5135	(620, 791)	'方法'	5168
5136	(272, 1603)	'的话'	5169
5137	(302, 186)	'夺'	5170
5138	(3229, 115)	' Highs'	5171
5139	(277, 111)	' bo'	5172
5140	(231, 185)	b'\xe7\xb9'	5174
5141	(2113, 121)	' study'	5175
5142	(1380, 139)	'る'	5176
5143	(1197, 328)	'play'	5177
5144	(394, 136)	'盈'	5178
5145	(713, 959)	' space'	5179
5146	(400, 1040)	'大量'	5180
5147	(286, 1022)	' mass'	5181
5148	(1117, 158)	'舞'	5182
5149	(282, 868)	' fell'	5183
5150	(2277, 105)	'medi'	5184
5151	(56, 53)	'85'	5185
5152	(914, 846)	'房价'	5186
5153	(655, 902)	'主队'	5187
5154	(889, 785)	'电子'	5188
5155	(320, 643)	'lement'	5189
5156	(541, 136)	'授'	5190
5157	(1321, 568)	'处于'	5191
5158	(681, 357)	'将在'	5192
5159	(606, 164)	'ત'	5193
5160	(790, 2135)	'体验'	5194
5161	(103, 283)	'ging'	5195
5162	(1643, 155)	'痛'	5196
5163	(998, 2112)	'政治'	5197
5164	(1397, 184)	'岸'	5198
5165	(153, 430)	b'\x99\xe1\x80'	5199
5166	(804, 168)	'と'	5200
5167	(1848, 16033)	'越来越'	5201
5168	(1324, 667)	'值得'	5202
5169	(586, 168)	'ረ'	5203
5170	(264, 892)	' site'	5204
5171	(272, 749)	'的小'	5205
5172	(537, 130)	'ू'	5206
5173	(2317, 738)	' India'	5207
5174	(839, 933)	'ول'	5208
5175	(2240, 97)	' America'	5209
5176	(1990, 1497)	' respons'	5210
5177	(972, 3604)	'ograp'	5211
5178	(2672, 503)	' на'	5212
5179	(641, 98)	' Ob'	5213
5180	(338, 153)	'’'	5214
5181	(4260, 331)	'Mostly'	5215
5182	(308, 111)	'ico'	5216
5183	(1472, 375)	' commun'	5217
5184	(665, 1515)	'用户'	5218
5185	(284, 635)	' port'	5219
5186	(282, 275)	' fit'	5220
5187	(398, 116)	'urt'	5221
5188	(395, 181)	'赵'	5222
5189	(1251, 287)	' needed'	5223
5190	(845, 134)	'隆'	5224
5191	(571, 1021)	'成交'	5225
5192	(718, 179)	'跳'	5226
5193	(869, 156)	'柜'	5227
5194	(1304, 1908)	'结构'	5228
5195	(114, 274)	'ran'	5229
5196	(275, 1262)	'itte'	5230
5197	(391, 287)	' Med'	5231
5198	(977, 2107)	'ibility'	5232
5199	(68, 111)	'Do'	5233
5200	(110, 105)	'ni'	5234
5201	(2324, 534)	'招生'	5235
5202	(393, 161)	'衡'	5236
5203	(1260, 287)	' worked'	5237
5204	(430, 183)	'့'	5238
5205	(698, 154)	'ේ'	5239
5206	(2003, 734)	' inside'	5240
5207	(3704, 691)	' Police'	5241
5208	(1575, 518)	'才能'	5242
5209	(1477, 453)	'共和'	5243
5210	(1007, 135)	'ే'	5244
5211	(739, 168)	'晨'	5245
5212	(2584, 119)	'www'	5246
5213	(278, 489)	' cop'	5247
5214	(683, 136)	'妈'	5248
5215	(389, 159)	'弟'	5249
5216	(911, 1775)	'因素'	5250
5217	(606, 191)	'િ'	5251
5218	(538, 419)	'我国'	5252
5219	(297, 4170)	' huge'	5253
5220	(794, 144)	'姐'	5254
5221	(4128, 3440)	' Department'	5255
5222	(4239, 2633)	' Austral'	5256
5223	(465, 149)	'怕'	5257
5224	(490, 101)	' Ne'	5258
5225	(989, 190)	'灾'	5259
5226	(548, 2958)	'ources'	5260
5227	(832, 1060)	'相信'	5261
5228	(260, 129)	'丁'	5262
5229	(2643, 767)	'昨天'	5263
5230	(4409, 2139)	'措施'	5264
5231	(112, 287)	'ped'	5265
5232	(51, 55)	'37'	5266
5233	(291, 365)	' dro'	5267
5234	(2081, 1294)	'减少'	5268
5235	(299, 145)	'兑'	5269
5236	(407, 137)	'玉'	5270
5237	(257, 104)	' ah'	5271
5238	(112, 892)	'pite'	5272
5239	(865, 144)	'恐'	5273
5240	(1492, 130)	'狂'	5274
5241	(308, 1295)	'icult'	5275
5242	(1698, 150)	'暖'	5276
5243	(1631, 1068)	'真正'	5277
5244	(809, 166)	'苦'	5278
5245	(2744, 130)	'蒂'	5279
5246	(614, 1912)	'经营'	5280
5247	(277, 3124)	' board'	5281
5248	(268, 2183)	' wants'	5282
5249	(470, 1713)	' When'	5283
5250	(2274, 267)	' career'	5284
5251	(1032, 1295)	' result'	5285
5252	(589, 172)	' ब'	5286
5253	(480, 1124)	'ript'	5287
5254	(434, 746)	' round'	5288
5255	(649, 209)	b'\xd0\xbe\xd1'	5289
5256	(1641, 285)	'ences'	5290
5257	(541, 140)	'掌'	5291
5258	(373, 519)	'imate'	5292
5259	(867, 623)	'此前'	5293
5260	(268, 271)	' wat'	5294
5261	(290, 131)	'會'	5295
5262	(118, 383)	'vir'	5296
5263	(280, 161)	'亡'	5297
5264	(105, 1374)	'ients'	5298
5265	(531, 2098)	' Lows'	5299
5266	(2874, 854)	'核心'	5300
5267	(408, 4443)	'oogle'	5301
5268	(54, 53)	'65'	5302
5269	(1046, 773)	'商品'	5303
5270	(4019, 485)	' latest'	5304
5271	(397, 1416)	'人口'	5305
5272	(352, 115)	'ams'	5307
5273	(1360, 135)	'勇'	5308
5274	(67, 274)	'Can'	5309
5275	(498, 131)	'埃'	5310
5276	(1402, 478)	' attem'	5311
5277	(232, 187)	b'\xe8\xbb'	5312
5278	(2203, 160)	' በ'	5313
5279	(108, 1227)	'lish'	5314
5280	(1401, 1666)	'老师'	5315
5281	(651, 274)	'apan'	5316
5282	(3029, 922)	'故事'	5317
5283	(447, 139)	'秋'	5318
5284	(2111, 998)	'财政'	5319
5285	(586, 171)	'ራ'	5320
5286	(2723, 1746)	'微博'	5321
5287	(2207, 916)	'仍然'	5322
5288	(278, 630)	' card'	5323
5289	(101, 285)	'ees'	5324
5290	(607, 3278)	'新闻'	5325
5291	(132, 1939)	b'\x84\xe1\x80\xba\xe1\x80'	5326
5292	(377, 3190)	' Comp'	5327
5293	(836, 536)	' clos'	5328
5294	(798, 4627)	' administr'	5329
5295	(2442, 1676)	'篮板'	5330
5296	(588, 108)	' El'	5331
5297	(1733, 607)	'创新'	5332
5298	(383, 97)	'ira'	5333
5299	(1093, 828)	'女性'	5334
5300	(383, 321)	'irst'	5335
5301	(3017, 331)	' currently'	5336
5302	(589, 164)	' त'	5337
5303	(884, 902)	'两队'	5338
5304	(1990, 1094)	' respond'	5339
5305	(457, 175)	'纯'	5340
5306	(1032, 1156)	' resident'	5341
5307	(309, 145)	'刑'	5342
5308	(346, 271)	' beat'	5343
5309	(519, 103)	'ateg'	5344
5310	(930, 4625)	' perfect'	5345
5311	(278, 1101)	' cause'	5346
5312	(4040, 730)	'尤其'	5347
5313	(1277, 137)	'草'	5348
5314	(778, 161)	'握'	5349
5315	(509, 145)	'剑'	5350
5316	(233, 160)	b'\xe9\xa0'	5351
5317	(1167, 322)	' action'	5352
5318	(218, 190)	'ھ'	5353
5319	(311, 133)	'迅'	5354
5320	(560, 459)	'akers'	5355
5321	(389, 151)	'弗'	5357
5322	(313, 151)	'宗'	5358
5323	(866, 179)	'ታ'	5359
5324	(4778, 283)	' amazing'	5360
5325	(471, 162)	'ย'	5361
5326	(286, 2706)	' mention'	5362
5327	(2291, 3057)	' League'	5363
5328	(874, 350)	'更是'	5364
5329	(1198, 175)	'唯'	5365
5330	(1464, 1717)	'广州'	5366
5331	(3583, 373)	' victim'	5367
5332	(108, 2778)	'load'	5368
5333	(391, 101)	' Me'	5369
5334	(490, 4414)	' NIGHT'	5370
5335	(3976, 107)	' risk'	5371
5336	(1659, 3907)	'改革'	5372
5337	(438, 163)	'散'	5373
5338	(277, 398)	' bur'	5374
5339	(356, 86)	' TV'	5375
5340	(16001, 52)	' 2014'	5376
5341	(471, 165)	'ล'	5377
5342	(1634, 191)	'腿'	5378
5343	(152, 710)	b'\x98\xd0\xb5'	5379
5344	(566, 168)	'ন'	5380
5345	(1688, 2241)	' wrote'	5381
5346	(464, 4007)	' Donald'	5382
5347	(313, 190)	'宾'	5383
5348	(2877, 1056)	' increase'	5384
5349	(275, 276)	'itor'	5385
5350	(32, 382)	' ver'	5386
5351	(3891, 2165)	' Afric'	5387
5352	(602, 747)	'ир'	5388
5353	(1121, 1970)	' himself'	5389
5354	(1174, 147)	'缓'	5390
5355	(381, 603)	' heart'	5391
5356	(111, 326)	'oid'	5392
5357	(386, 556)	'不可'	5393
5358	(2390, 1254)	'责任'	5394
5359	(825, 137)	'廉'	5395
5360	(354, 274)	' San'	5396
5361	(2270, 620)	'官方'	5397
5362	(4488, 3896)	' Democr'	5398
5363	(278, 1128)	' creat'	5399
5364	(2808, 643)	' development'	5400
5365	(1431, 1979)	'观众'	5401
5366	(2225, 937)	'普通'	5402
5367	(916, 587)	'然后'	5403
5368	(354, 1866)	' School'	5404
5369	(305, 522)	' lab'	5405
5370	(341, 162)	'既'	5406
5371	(121, 285)	'yes'	5407
5372	(644, 191)	'替'	5408
5373	(480, 1439)	'ribe'	5409
5374	(1757, 287)	' died'	5410
5375	(606, 130)	'ં'	5411
5376	(1828, 2490)	' subsc'	5412
5377	(69, 67)	'EC'	5413
5378	(655, 2728)	'主席'	5414
5379	(1335, 721)	'推动'	5415
5380	(32, 1926)	' à'	5416
5381	(2741, 827)	'严重'	5417
5382	(80, 67)	'PC'	5418
5383	(1708, 152)	' መ'	5419
5384	(606, 174)	'મ'	5420
5385	(657, 1386)	'开放'	5421
5386	(80, 603)	'Part'	5422
5387	(264, 3292)	' sorry'	5423
5388	(256, 1881)	' takes'	5424
5389	(258, 110)	'inn'	5425
5390	(4898, 188)	b'\xaf\xe0\xa6\xbc'	5427
5391	(362, 142)	'野'	5428
5392	(1005, 4470)	'保障'	5429
5393	(1120, 99)	' Inc'	5430
5394	(1977, 1748)	'测试'	5431
5395	(586, 152)	'መ'	5432
5396	(320, 118)	'lev'	5433
5397	(641, 543)	' Oct'	5434
5398	(230, 135)	b'\xe6\x87'	5435
5399	(800, 182)	'零'	5436
5400	(751, 897)	'说明'	5437
5401	(264, 583)	' squ'	5438
5402	(2744, 153)	'蒙'	5439
5403	(369, 267)	'iger'	5440
5404	(1234, 271)	' feat'	5441
5405	(428, 1143)	'上周'	5442
5406	(1634, 138)	'腊'	5443
5407	(4092, 446)	' Calif'	5444
5408	(257, 729)	' age'	5445
5409	(1206, 320)	' role'	5446
5410	(391, 423)	' Mus'	5447
5411	(1270, 172)	'硬'	5448
5412	(862, 819)	'venue'	5449
5413	(800, 170)	'雪'	5450
5414	(4300, 423)	' focus'	5451
5415	(865, 139)	'恋'	5452
5416	(981, 518)	'只能'	5453
5417	(2214, 3940)	' global'	5454
5418	(54, 54)	'66'	5455
5419	(3269, 441)	' investigation'	5456
5420	(710, 882)	'ел'	5457
5421	(723, 130)	'涂'	5458
5422	(1039, 1337)	' Thank'	5459
5423	(974, 171)	'ያ'	5460
5424	(264, 105)	' si'	5461
5425	(97, 326)	'aid'	5462
5426	(2124, 336)	'另一'	5463
5427	(2186, 777)	'适合'	5464
5428	(293, 107)	'alk'	5465
5429	(313, 135)	'宇'	5466
5430	(109, 283)	'ming'	5467
5431	(277, 2138)	' box'	5468
5432	(195, 168)	'è'	5469
5433	(292, 1491)	' town'	5470
5434	(1332, 1341)	'组图'	5472
5435	(1165, 737)	" couldn't"	5473
5436	(1051, 1221)	' amount'	5474
5437	(791, 1272)	'法院'	5475
5438	(466, 51)	' 23'	5476
5439	(1772, 608)	' weekend'	5477
5440	(1650, 16037)	'深圳'	5478
5441	(289, 418)	' oil'	5479
5442	(1016, 184)	' ਸ'	5480
5443	(77, 80)	'MP'	5481
5444	(1087, 171)	'漫'	5482
5445	(826, 1927)	'位置'	5483
5446	(804, 151)	'し'	5484
5447	(380, 153)	'孙'	5485
5448	(1107, 1626)	'无论'	5486
5449	(280, 166)	'亦'	5487
5450	(356, 111)	' To'	5488
5451	(84, 72)	'TH'	5489
5452	(611, 820)	' plans'	5490
5453	(375, 107)	'unk'	5491
5454	(69, 120)	'Ex'	5492
5455	(2321, 1956)	' specific'	5493
5456	(318, 83)	' IS'	5494
5457	(589, 181)	' व'	5495
5458	(1097, 139)	'ੋ'	5496
5459	(464, 328)	' Day'	5497
5460	(1703, 287)	' posted'	5498
5461	(546, 288)	' var'	5499
5462	(925, 1493)	' usually'	5500
5463	(410, 140)	'册'	5501
5464	(1014, 1156)	' incident'	5502
5465	(505, 97)	'anda'	5503
5466	(333, 2783)	' review'	5504
5467	(1284, 129)	'禁'	5505
5468	(601, 272)	'高的'	5506
5469	(1369, 806)	'程度'	5507
5470	(795, 184)	'胸'	5508
5471	(709, 700)	'同比'	5509
5472	(1591, 1316)	'走势'	5510
5473	(1698, 130)	'暂'	5511
5474	(403, 167)	'巧'	5512
5475	(3686, 553)	'毕业'	5513
5476	(1406, 184)	'脸'	5514
5477	(1004, 1318)	'建立'	5515
5478	(1698, 151)	'暗'	5516
5479	(627, 1327)	'اد'	5517
5480	(84, 111)	'To'	5518
5481	(2495, 187)	'翻'	5519
5482	(3893, 3263)	' January'	5520
5483	(2164, 390)	'命中'	5521
5484	(305, 972)	' log'	5522
5485	(102, 1052)	'ford'	5523
5486	(2028, 620)	'警方'	5524
5487	(779, 1467)	'平米'	5525
5488	(2848, 4970)	' parents'	5526
5489	(70, 76)	'FL'	5528
5490	(622, 1083)	' above'	5529
5491	(1585, 135)	' ч'	5530
5492	(570, 176)	'ర'	5531
5493	(692, 160)	'侠'	5532
5494	(104, 104)	'hh'	5533
5495	(418, 116)	'ilt'	5534
5496	(854, 744)	'心理'	5535
5497	(99, 121)	'cy'	5536
5498	(1618, 914)	'住房'	5537
5499	(3320, 1883)	'吸引'	5538
5500	(1724, 1186)	b'\xe0\xa4\xb0\xe0\xa5\x8d\xe0\xa4'	5539
5501	(645, 151)	'洗'	5540
5502	(365, 310)	'room'	5541
5503	(368, 157)	'帝'	5542
5504	(1058, 397)	'让人'	5543
5505	(5065, 892)	' website'	5544
5506	(833, 3985)	'利润'	5545
5507	(1131, 3899)	'英寸'	5546
5508	(778, 180)	'援'	5547
5509	(257, 3803)	' ahead'	5548
5510	(3154, 819)	' value'	5549
5511	(1203, 777)	'联合'	5550
5512	(264, 2760)	' sounds'	5551
5513	(1130, 183)	'混'	5552
5514	(388, 144)	'徐'	5553
5515	(1554, 3159)	'几乎'	5554
5516	(51, 56)	'38'	5555
5517	(629, 168)	'ਨ'	5556
5518	(511, 4692)	' self'	5557
5519	(847, 776)	'看好'	5558
5520	(1348, 272)	'他们的'	5559
5521	(684, 721)	'自动'	5560
5522	(1016, 185)	' ਹ'	5561
5523	(2656, 156)	'榜'	5562
5524	(2533, 2901)	' represent'	5563
5525	(195, 170)	'ê'	5564
5526	(2444, 2783)	' interview'	5565
5527	(2607, 331)	' nearly'	5566
5528	(1861, 97)	'iya'	5567
5529	(660, 773)	'作品'	5568
5530	(2506, 4186)	' correct'	5569
5531	(640, 506)	'就会'	5570
5532	(2702, 4415)	' situation'	5571
5533	(282, 626)	' fast'	5572
5534	(278, 293)	' cal'	5573
5535	(1598, 2345)	'太阳'	5574
5536	(323, 170)	'प'	5575
5537	(471, 180)	'ิ'	5576
5538	(436, 271)	' Pat'	5577
5539	(1630, 1796)	'精神'	5578
5540	(1248, 137)	'粉'	5579
5541	(1540, 1727)	'快速'	5580
5542	(1706, 48)	' 80'	5581
5543	(1330, 767)	'每天'	5582
5544	(699, 1027)	'机身'	5583
5545	(218, 175)	'گ'	5584
5546	(3315, 2085)	'丰富'	5585
5547	(233, 158)	b'\xe9\x9e'	5586
5548	(282, 1665)	' fix'	5587
5549	(314, 100)	' nd'	5588
5550	(121, 111)	'yo'	5589
5551	(2005, 293)	' personal'	5590
5552	(468, 573)	'以下'	5591
5553	(1741, 287)	' looked'	5592
5554	(629, 164)	'ਤ'	5593
5555	(52, 56)	'48'	5594
5556	(1263, 134)	'摆'	5595
5557	(330, 97)	'ota'	5596
5558	(470, 404)	' With'	5597
5559	(974, 176)	'ደ'	5598
5560	(1020, 267)	'anger'	5599
5561	(2351, 156)	'潜'	5600
5562	(377, 4872)	' Court'	5601
5563	(842, 905)	'ین'	5602
5564	(427, 2275)	'年轻'	5603
5565	(308, 682)	'icks'	5604
5566	(442, 111)	' ko'	5605
5567	(5262, 265)	'viron'	5606
5568	(98, 276)	'bor'	5607
5569	(2428, 742)	' educ'	5608
5570	(549, 132)	'俄'	5609
5571	(268, 1227)	' wish'	5610
5572	(2441, 2579)	'突破'	5611
5573	(195, 178)	'ò'	5612
5574	(1499, 399)	'like'	5613
5575	(656, 141)	'遍'	5615
5576	(1838, 968)	'维持'	5616
5577	(1817, 48)	' 90'	5617
5578	(450, 2149)	'olute'	5618
5579	(1723, 3116)	'防守'	5619
5580	(942, 272)	'公司的'	5620
5581	(4564, 1073)	' military'	5621
5582	(1151, 149)	' ક'	5622
5583	(739, 147)	'晓'	5623
5584	(332, 267)	'eter'	5624
5585	(427, 520)	'年来'	5625
5586	(958, 190)	'爾'	5626
5587	(291, 2773)	' drop'	5627
5588	(877, 926)	' knew'	5628
5589	(52, 54)	'46'	5629
5590	(1021, 937)	'交通'	5630
5591	(291, 774)	' div'	5631
5592	(103, 97)	'ga'	5632
5593	(645, 129)	'洁'	5633
5594	(268, 1656)	' wife'	5634
5595	(3522, 738)	' Russia'	5635
5596	(794, 154)	'姚'	5636
5597	(397, 1085)	'人物'	5637
5598	(1799, 5406)	'希腊'	5638
5599	(487, 180)	'浴'	5639
5600	(471, 148)	'ด'	5640
5601	(467, 1219)	'时代'	5641
5602	(1659, 1287)	'改变'	5642
5603	(3578, 283)	' shooting'	5643
5604	(511, 862)	' seven'	5644
5605	(944, 107)	' thank'	5645
5606	(117, 120)	'ux'	5646
5607	(264, 2150)	' suff'	5647
5608	(103, 485)	'gest'	5648
5609	(32, 326)	' id'	5649
5610	(265, 379)	'onse'	5650
5611	(3652, 2736)	' football'	5651
5612	(936, 109)	' imm'	5652
5613	(1543, 330)	' phot'	5653
5614	(482, 136)	'呈'	5654
5615	(1135, 162)	'钢'	5655
5616	(2816, 2231)	' Canada'	5656
5617	(1877, 3217)	' countries'	5657
5618	(1406, 177)	'脱'	5658
5619	(53, 53)	'55'	5659
5620	(353, 1292)	'ached'	5660
5621	(1075, 1137)	'网游'	5661
5622	(291, 369)	' dig'	5662
5623	(109, 301)	'mas'	5663
5624	(1697, 1268)	'采取'	5664
5625	(383, 105)	'iri'	5665
5626	(866, 160)	'በ'	5666
5627	(348, 121)	'ady'	5667
5628	(1619, 4732)	' financial'	5668
5629	(1003, 121)	'avy'	5669
5630	(2233, 1956)	' signific'	5670
5631	(869, 147)	'染'	5671
5632	(87, 404)	'With'	5673
5633	(45, 56)	'-8'	5674
5634	(620, 1635)	'方案'	5675
5635	(1117, 135)	'與'	5676
5636	(1053, 129)	'ુ'	5677
5637	(800, 168)	'雨'	5678
5638	(67, 67)	'CC'	5679
5639	(606, 149)	'ક'	5680
5640	(111, 331)	'oly'	5681
5641	(284, 724)	' pub'	5682
5642	(2352, 116)	' capt'	5683
5643	(106, 97)	'ja'	5684
5644	(2685, 322)	' election'	5685
5645	(1131, 3535)	'英語'	5686
5646	(588, 626)	' East'	5687
5647	(504, 489)	' shop'	5688
5648	(982, 746)	' ground'	5689
5649	(100, 97)	'da'	5690
5650	(641, 80)	' OP'	5691
5651	(71, 332)	'Get'	5692
5652	(378, 397)	'有人'	5693
5653	(1515, 1230)	'户型'	5694
5654	(316, 279)	' gen'	5695
5655	(592, 617)	' exist'	5696
5656	(4477, 1316)	'趋势'	5697
5657	(311, 185)	'迹'	5698
5658	(573, 520)	'下来'	5699
5659	(1203, 3069)	'联盟'	5700
5660	(2042, 1504)	' product'	5701
5661	(258, 287)	'ined'	5702
5662	(275, 285)	'ites'	5703
5663	(615, 633)	' Jack'	5704
5664	(1710, 267)	' longer'	5705
5665	(663, 2400)	'最佳'	5706
5666	(3156, 1597)	' type'	5707
5667	(1063, 477)	' score'	5708
5668	(576, 840)	'多数'	5709
5669	(1110, 1404)	'制造'	5710
5670	(2216, 370)	'ribut'	5711
5671	(949, 486)	'提出'	5712
5672	(1616, 4446)	' individ'	5713
5673	(4427, 144)	'에'	5714
5674	(685, 100)	' word'	5715
5675	(2222, 163)	'董'	5716
5676	(601, 1681)	'高清'	5717
5677	(114, 310)	'rom'	5718
5678	(442, 119)	' kw'	5719
5679	(1600, 16024)	'娱乐'	5720
5680	(422, 166)	'账'	5721
5681	(309, 128)	'刀'	5722
5682	(2530, 505)	' demand'	5723
5683	(3622, 98)	' doub'	5725
5684	(698, 131)	'ස'	5726
5685	(504, 4366)	' shares'	5727
5686	(438, 172)	'敬'	5728
5687	(1120, 1652)	' Intern'	5729
5688	(3370, 997)	' performance'	5730
5689	(1657, 160)	'珠'	5731
5690	(4191, 771)	'肯定'	5732
5691	(2341, 1605)	'索尼'	5733
5692	(1915, 1915)	'----'	5734
5693	(2353, 293)	' legal'	5735
5694	(2434, 276)	' director'	5736
5695	(743, 75)	' UK'	5737
5696	(865, 182)	'恶'	5738
5697	(4294, 320)	' title'	5739
5698	(278, 352)	' cam'	5740
5699	(1149, 790)	'具体'	5741
5700	(55, 54)	'76'	5742
5701	(378, 336)	'有一'	5743
5702	(698, 153)	'ෙ'	5744
5703	(32, 1844)	' 0.'	5745
5704	(1148, 1404)	'打造'	5746
5705	(83, 84)	'ST'	5747
5706	(1117, 146)	'舒'	5748
5707	(571, 781)	'成长'	5750
5708	(3710, 4265)	' potential'	5751
5709	(278, 505)	' cand'	5752
5710	(1057, 101)	' twe'	5753
5711	(376, 103)	' Ag'	5754
5712	(4149, 121)	' policy'	5755
5713	(323, 163)	'ण'	5756
5714	(3314, 1936)	'冠军'	5757
5715	(448, 145)	'树'	5758
5716	(386, 667)	'不得'	5759
5717	(1679, 2090)	' regular'	5760
5718	(316, 5059)	' gonna'	5761
5719	(1361, 1115)	' address'	5762
5720	(65, 312)	'All'	5763
5721	(281, 99)	'isc'	5764
5722	(109, 265)	'mon'	5765
5723	(277, 271)	' bat'	5766
5724	(3584, 146)	'醒'	5767
5725	(529, 998)	'行政'	5769
5726	(3034, 912)	'姆斯'	5770
5727	(486, 1416)	'出口'	5771
5728	(726, 506)	'都会'	5772
5729	(1094, 265)	'ondon'	5773
5730	(79, 1214)	'One'	5774
5731	(277, 1337)	' bank'	5775
5732	(533, 1193)	' safe'	5776
5733	(363, 153)	'伙'	5777
5734	(1013, 293)	' Val'	5778
5735	(1862, 1225)	'照片'	5779
5736	(3068, 4383)	' received'	5780
5737	(218, 147)	'ړ'	5781
5738	(707, 160)	'池'	5782
5739	(692, 167)	'侧'	5783
5740	(1097, 176)	'ੰ'	5784
5741	(4617, 1252)	' travel'	5785
5742	(412, 138)	'床'	5786
5743	(121, 274)	'yan'	5787
5744	(195, 180)	'ô'	5788
5745	(3157, 2864)	' Minister'	5789
5746	(1159, 2146)	' however'	5790
5747	(410, 172)	'冬'	5791
5748	(345, 108)	'owl'	5792
5749	(1610, 283)	' starting'	5793
5750	(376, 543)	' Act'	5794
5751	(3156, 112)	' typ'	5795
5752	(3980, 1092)	' summer'	5796
5753	(264, 320)	' sle'	5797
5754	(291, 485)	' dest'	5798
5755	(256, 265)	' ton'	5799
5756	(972, 110)	'ogn'	5800
5757	(1198, 144)	'唐'	5801
5758	(119, 762)	'wood'	5802
5759	(683, 135)	'妇'	5803
5760	(282, 4471)	' federal'	5804
5761	(112, 331)	'ply'	5805
5762	(4917, 2271)	' relationship'	5806
5763	(1313, 579)	'光学'	5807
5764	(2328, 324)	' drive'	5808
5765	(434, 353)	' rac'	5809
5766	(1543, 2697)	' photo'	5810
5767	(418, 1685)	'ilities'	5811
5768	(1820, 173)	'饭'	5812
5769	(278, 4557)	' circ'	5813
5770	(277, 2226)	' bott'	5814
5771	(615, 101)	' Je'	5815
5772	(4310, 618)	b'\xc6\xb0\xe1\xbb'	5816
5773	(161, 430)	b'\xa1\xe1\x80'	5817
5774	(754, 167)	'ට'	5818
5775	(882, 2179)	'лар'	5819
5776	(1117, 185)	'船'	5820
5777	(1021, 1410)	'交流'	5821
5778	(1955, 3263)	'bruary'	5822
5779	(552, 312)	' doll'	5823
5780	(296, 165)	'句'	5824
5781	(876, 3726)	' quality'	5825
5782	(639, 301)	' meas'	5826
5783	(552, 99)	' doc'	5827
5784	(893, 3755)	' Street'	5828
5785	(231, 158)	b'\xe7\x9e'	5829
5786	(3707, 112)	' susp'	5830
5787	(3400, 968)	'坚持'	5831
5788	(1025, 144)	'ነ'	5832
5789	(5072, 612)	' straight'	5833
5790	(1008, 918)	' contact'	5834
5791	(282, 478)	' fem'	5835
5792	(589, 176)	' र'	5836
5793	(1071, 787)	'海外'	5837
5794	(343, 1092)	' emer'	5838
5795	(436, 267)	' Per'	5839
5796	(2718, 134)	' چ'	5840
5797	(438, 143)	'敏'	5841
5798	(338, 140)	'\u200c'	5842
5799	(783, 1427)	'raft'	5843
5800	(4075, 678)	' picture'	5844
5801	(258, 441)	'ination'	5845
5802	(1526, 1927)	'配置'	5846
5803	(707, 189)	'汽'	5847
5804	(119, 111)	'wo'	5848
5805	(1543, 1624)	' phys'	5849
5806	(886, 272)	'基金的'	5850
5807	(297, 288)	' har'	5851
5808	(1368, 992)	'演员'	5852
5809	(1546, 880)	'爱情'	5853
5810	(1750, 136)	'ገ'	5854
5811	(323, 181)	'व'	5855
5812	(629, 185)	'ਹ'	5856
5813	(293, 116)	'alt'	5857
5814	(1471, 163)	'患'	5858
5815	(533, 102)	' saf'	5859
5816	(338, 152)	'‘'	5860
5817	(2285, 738)	'ornia'	5861
5818	(1822, 2086)	'ার'	5862
5819	(1098, 110)	'ən'	5863
5820	(508, 173)	' ح'	5864
5821	(1769, 345)	' below'	5865
5822	(2106, 649)	' по'	5866
5823	(298, 153)	'仙'	5868
5824	(281, 285)	'ises'	5869
5825	(387, 163)	'扣'	5870
5826	(51, 57)	'39'	5871
5827	(277, 274)	' ban'	5872
5828	(377, 748)	' Cong'	5873
5829	(639, 604)	' meant'	5874
5830	(51, 50)	'32'	5875
5831	(1367, 168)	'骨'	5876
5832	(257, 673)	' aud'	5877
5833	(592, 16031)	' execut'	5878
5834	(848, 166)	'锦'	5879
5835	(98, 2138)	'box'	5880
5836	(343, 612)	' eight'	5881
5837	(387, 174)	'扮'	5882
5838	(4873, 397)	'主持人'	5883
5839	(831, 480)	' arri'	5884
5840	(314, 441)	' nation'	5885
5841	(420, 655)	'为主'	5886
5842	(216, 186)	'غ'	5887
5843	(114, 473)	'rup'	5888
5844	(278, 1295)	' cult'	5889
5845	(1585, 141)	' э'	5890
5846	(4348, 322)	' version'	5891
5847	(720, 147)	'谓'	5892
5848	(1278, 1322)	'首先'	5893
5849	(1110, 806)	'制度'	5894
5850	(284, 878)	' page'	5895
5851	(1618, 4290)	'住宅'	5896
5852	(3918, 1764)	' involved'	5897
5853	(657, 486)	'开出'	5898
5854	(360, 162)	'订'	5899
5855	(4018, 324)	' improve'	5900
5856	(336, 812)	'一名'	5901
5857	(1083, 728)	'overed'	5902
5858	(585, 1553)	' living'	5903
5859	(398, 293)	'ural'	5904
5860	(368, 133)	'帅'	5905
5861	(512, 2048)	' comments'	5906
5862	(279, 283)	'ening'	5907
5863	(3390, 285)	' sales'	5908
5864	(466, 56)	' 28'	5909
5865	(4608, 111)	'ão'	5910
5866	(336, 427)	'一年'	5911
5867	(5041, 5241)	' difficult'	5912
5868	(4275, 1964)	' December'	5913
5869	(108, 3186)	'lished'	5914
5870	(996, 48)	'2000'	5915
5871	(377, 473)	' Cup'	5916
5872	(313, 171)	'宫'	5917
5873	(334, 331)	'ently'	5918
5874	(1046, 492)	'商家'	5919
5875	(121, 283)	'ying'	5920
5876	(828, 518)	'性能'	5921
5877	(875, 557)	'三分'	5922
5878	(1834, 1907)	'涨幅'	5923
5879	(45, 321)	'-st'	5924
5880	(2532, 138)	'熊'	5925
5881	(346, 3920)	' beaut'	5926
5882	(890, 1442)	'第四'	5927
5883	(3835, 1114)	'附近'	5928
5884	(3888, 419)	'韩国'	5929
5885	(3433, 3532)	' technology'	5930
5886	(216, 181)	'ص'	5931
5887	(577, 185)	'筹'	5932
5888	(554, 766)	' deep'	5933
5889	(389, 131)	'弃'	5934
5890	(297, 16027)	' hospital'	5935
5891	(2833, 1195)	'赔率'	5936
5892	(69, 76)	'EL'	5937
5893	(4178, 140)	'嫌'	5938
5894	(471, 151)	'ท'	5939
5895	(1464, 1224)	'广东'	5940
5896	(779, 1280)	'平台'	5941
5897	(1114, 540)	'近日'	5942
5898	(4827, 267)	' answer'	5943
5899	(1109, 168)	'ान'	5944
5900	(705, 100)	'rend'	5945
5901	(1714, 918)	' impact'	5946
5902	(1358, 160)	' አ'	5947
5903	(2358, 783)	' extra'	5948
5904	(419, 787)	'国外'	5949
5905	(886, 3318)	'基金经理'	5950
5906	(282, 105)	' fi'	5951
5907	(490, 345)	' Now'	5952
5908	(442, 274)	' kan'	5953
5909	(2123, 115)	' hands'	5954
5910	(2013, 121)	' ready'	5955
5911	(286, 1964)	' member'	5956
5912	(2609, 117)	' Qu'	5957
5913	(109, 477)	'more'	5958
5914	(1431, 818)	'观点'	5959
5915	(5567, 643)	'vironment'	5960
5916	(458, 283)	'aging'	5961
5917	(3581, 527)	' products'	5962
5918	(717, 191)	'偿'	5963
5919	(98, 398)	'bur'	5964
5920	(503, 1350)	'ав'	5965
5921	(98, 111)	'bo'	5966
5922	(2930, 1324)	'净值'	5967
5923	(296, 172)	'召'	5968
5924	(2498, 923)	' questions'	5969
5925	(1462, 1184)	'升级'	5970
5926	(267, 367)	"er's"	5971
5927	(1041, 165)	'桥'	5972
5928	(542, 762)	' Good'	5973
5929	(216, 183)	'ط'	5974
5930	(257, 431)	' ach'	5975
5931	(786, 1970)	' yourself'	5976
5932	(514, 118)	' conv'	5977
5933	(434, 348)	' rad'	5978
5934	(1415, 287)	'ocked'	5979
5935	(1380, 146)	'を'	5980
5936	(3220, 1677)	' international'	5981
5937	(333, 324)	' reve'	5982
5938	(970, 5052)	' themselves'	5983
5939	(592, 4690)	' example'	5984
5940	(580, 159)	'ட'	5985
5941	(98, 108)	'bl'	5986
5942	(413, 148)	'途'	5987
5943	(436, 603)	' Part'	5988
5944	(264, 1205)	' swe'	5989
5945	(754, 189)	'ල'	5990
5946	(859, 108)	' compl'	5991
5947	(1409, 2507)	'装修'	5992
5948	(542, 719)	' God'	5993
5949	(1242, 1009)	'那些'	5994
5950	(5212, 46)	'www.'	5995
5951	(351, 179)	'乳'	5996
5952	(3921, 331)	' completely'	5997
5953	(46, 50)	'.2'	5998
5954	(458, 97)	'aga'	5999
5955	(3646, 390)	'过程中'	6000
5956	(52, 57)	'49'	6001
5957	(417, 365)	' Bro'	6002
5958	(1578, 1034)	' email'	6003
5959	(2729, 521)	'绝对'	6005
5960	(571, 396)	'成了'	6006
5961	(590, 506)	'也会'	6007
5962	(698, 147)	'ී'	6008
5963	(348, 104)	'adh'	6009
5964	(1028, 115)	'orms'	6010
5965	(909, 846)	'报价'	6011
5966	(323, 166)	'द'	6012
5967	(983, 1760)	'意见'	6013
5968	(1498, 1661)	'热火'	6014
5969	(258, 682)	'inks'	6015
5970	(1032, 4399)	' results'	6016
5971	(1149, 1514)	'具备'	6017
5972	(2352, 2246)	' capital'	6018
5973	(1110, 660)	'制作'	6019
5974	(681, 506)	'将会'	6020
5975	(287, 115)	'eds'	6021
5976	(4877, 608)	' recommend'	6022
5977	(105, 3541)	'ique'	6023
5978	(586, 139)	'ላ'	6024
5979	(3524, 185)	'詹'	6025
5980	(1917, 1338)	'降低'	6026
5981	(290, 177)	'朱'	6027
5982	(1134, 1413)	' applic'	6028
5983	(16010, 2237)	' problems'	6029
5984	(16045, 3741)	'西班牙'	6030
5985	(46, 49)	'.1'	6031
5986	(1683, 681)	'即将'	6032
5987	(16023, 411)	' character'	6033
5988	(790, 1899)	'体育'	6034
5989	(1309, 2698)	'世纪'	6035
5990	(905, 1327)	'ند'	6036
5991	(284, 398)	' pur'	6037
5992	(289, 108)	' ol'	6038
5993	(502, 171)	'毫'	6039
5994	(1625, 499)	' consum'	6040
5995	(1445, 503)	'га'	6041
5996	(293, 287)	'aled'	6042
5997	(387, 172)	'扬'	6043
5998	(1786, 587)	'随后'	6044
5999	(258, 121)	'iny'	6045
6000	(761, 428)	'加上'	6046
6001	(4699, 431)	' touch'	6047
6002	(3798, 69)	' THE'	6048
6003	(119, 938)	'ware'	6049
6004	(554, 121)	' dey'	6050
6005	(107, 121)	'ky'	6051
6006	(114, 612)	'right'	6052
6007	(16009, 283)	' giving'	6053
6008	(4381, 3117)	' original'	6054
6009	(376, 80)	' AP'	6055
6010	(1463, 180)	' ප'	6056
6011	(3451, 267)	' Center'	6057
6012	(217, 190)	'پ'	6058
6013	(569, 170)	'沪'	6059
6014	(372, 156)	'杜'	6060
6015	(1226, 149)	' ক'	6061
6016	(638, 682)	'ocks'	6062
6017	(1118, 2665)	'战略'	6063
6018	(1990, 5610)	' response'	6064
6019	(4433, 521)	'针对'	6065
6020	(3080, 2090)	' popular'	6066
6021	(547, 156)	'颜'	6067
6022	(1851, 287)	'anned'	6068
6023	(570, 178)	'ల'	6069
6024	(45, 54)	'-6'	6070
6025	(5630, 604)	' significant'	6071
6026	(761, 915)	'加入'	6072
6027	(313, 143)	'宏'	6073
6028	(4338, 519)	' private'	6074
6029	(466, 55)	' 27'	6075
6030	(574, 322)	'ession'	6076
6031	(370, 459)	'uters'	6077
6032	(717, 182)	'偶'	6078
6033	(104, 1243)	'hold'	6079
6034	(294, 373)	' anim'	6080
6035	(525, 180)	'阴'	6081
6036	(275, 97)	'ita'	6082
6037	(918, 322)	'action'	6083
6038	(434, 1802)	' range'	6084
6039	(65, 932)	'After'	6085
6040	(272, 655)	'的主'	6086
6041	(3542, 5778)	' February'	6087
6042	(284, 320)	' ple'	6088
6043	(546, 2241)	' vote'	6089
6044	(589, 166)	' द'	6090
6045	(1001, 153)	'裙'	6091
6046	(595, 1181)	'公安'	6092
6047	(323, 154)	'च'	6093
6048	(256, 548)	' tour'	6094
6049	(434, 959)	' race'	6095
6050	(16025, 133)	'★'	6096
6051	(714, 272)	'期的'	6097
6052	(3047, 5020)	'编辑'	6098
6053	(614, 1998)	'经历'	6099
6054	(376, 78)	' AN'	6100
6055	(3286, 131)	' ස'	6101
6056	(468, 587)	'以后'	6102
6057	(1472, 265)	' common'	6103
6058	(1142, 602)	'ди'	6104
6059	(296, 182)	'叶'	6105
6060	(231, 146)	b'\xe7\x92'	6107
6061	(232, 179)	b'\xe8\xb3'	6108
6062	(1068, 1082)	'正常'	6109
6063	(531, 97)	' La'	6110
6064	(45, 473)	'-up'	6111
6065	(4465, 326)	' David'	6112
6066	(904, 267)	' ener'	6113
6067	(263, 108)	'rel'	6114
6068	(585, 1898)	' lives'	6115
6069	(826, 2483)	'位於'	6116
6070	(1518, 914)	'票房'	6117
6071	(629, 184)	'ਸ'	6118
6072	(2967, 2967)	'        '	6119
6073	(390, 1237)	'中华'	6120
6074	(377, 1076)	' Coll'	6121
6075	(2057, 1125)	'债务'	6122
6076	(1762, 704)	'ын'	6123
6077	(71, 66)	'GB'	6124
6078	(922, 775)	'事实'	6125
6079	(32, 418)	' il'	6126
6080	(314, 104)	' nh'	6127
6081	(387, 129)	'扁'	6128
6082	(3324, 285)	' changes'	6129
6083	(695, 3038)	'面临'	6130
6084	(277, 406)	' bill'	6131
6085	(521, 620)	'对方'	6132
6086	(78, 3295)	'NBA'	6133
6087	(1160, 115)	'nings'	6134
6088	(589, 156)	' ज'	6135
6089	(750, 128)	'址'	6136
6090	(4320, 3441)	' Associ'	6137
6091	(3800, 293)	'ournal'	6138
6092	(3754, 119)	' draw'	6139
6093	(766, 608)	'epend'	6140
6094	(803, 320)	'iple'	6141
6095	(4207, 1118)	'挑战'	6142
6096	(333, 1010)	' reach'	6143
6097	(804, 166)	'て'	6144
6098	(282, 4546)	' felt'	6145
6099	(521, 867)	'对此'	6146
6100	(606, 181)	'વ'	6147
6101	(1304, 777)	'结合'	6148
6102	(354, 4839)	' Sept'	6149
6103	(264, 635)	' sort'	6150
6104	(412, 132)	'庄'	6152
6105	(1001, 164)	'裤'	6153
6106	(16008, 345)	' follow'	6154
6107	(338, 162)	'•'	6155
6108	(615, 5281)	' Japan'	6156
6109	(65, 68)	'AD'	6157
6110	(73, 109)	'Im'	6158
6111	(97, 1347)	'arent'	6159
6112	(1509, 2202)	' کے'	6160
6113	(466, 57)	' 29'	6161
6114	(286, 1403)	' mater'	6162
6115	(4129, 1081)	'截至'	6163
6116	(885, 163)	'督'	6164
6117	(1096, 597)	'股市'	6165
6118	(1258, 665)	'费用'	6166
6119	(558, 170)	'枪'	6167
6120	(323, 151)	'ग'	6168
6121	(740, 1833)	'资料'	6169
6122	(580, 169)	'ன'	6170
6123	(82, 73)	'RI'	6171
6124	(52, 55)	'47'	6172
6125	(5386, 331)	'Partly'	6173
6126	(620, 1249)	'方向'	6174
6127	(626, 308)	'astic'	6175
6128	(1189, 283)	' seeing'	6176
6129	(688, 3448)	' allowed'	6177
6130	(277, 673)	' bud'	6178
6131	(1023, 112)	' prep'	6179
6132	(904, 115)	' ens'	6180
6133	(114, 352)	'ram'	6181
6134	(341, 166)	'旦'	6182
6135	(98, 287)	'bed'	6183
6136	(434, 274)	' ran'	6184
6137	(256, 398)	' tur'	6185
6138	(884, 397)	'两人'	6186
6139	(384, 173)	'凭'	6187
6140	(2659, 519)	' create'	6188
6141	(1631, 775)	'真实'	6189
6142	(2184, 274)	' clean'	6190
6143	(531, 5729)	' London'	6191
6144	(382, 116)	'vert'	6192
6145	(677, 3057)	' league'	6193
6146	(466, 54)	' 26'	6194
6147	(306, 134)	'圆'	6195
6148	(438, 140)	'敌'	6196
6149	(279, 287)	'ened'	6197
6150	(351, 177)	'乱'	6198
6151	(685, 3216)	' words'	6199
6152	(273, 108)	'oul'	6200
6153	(629, 130)	'ਂ'	6201
6154	(919, 2026)	' prices'	6202
6155	(276, 929)	'order'	6203
6156	(5407, 5817)	' California'	6204
6157	(378, 801)	'有所'	6205
6158	(488, 301)	' areas'	6206
6159	(271, 105)	'ati'	6207
6160	(545, 4626)	'发挥'	6208
6161	(619, 1219)	'现代'	6209
6162	(3559, 716)	'促进'	6210
6163	(471, 176)	'ะ'	6211
6164	(939, 166)	'邦'	6212
6165	(4084, 485)	' honest'	6213
6166	(1332, 777)	'组合'	6214
6167	(632, 3195)	' training'	6215
6168	(116, 308)	'tic'	6216
6169	(114, 115)	'rs'	6217
6170	(1524, 166)	'韦'	6218
6171	(2848, 326)	' paid'	6219
6172	(1206, 312)	' roll'	6220
6173	(476, 156)	'拜'	6221
6174	(4604, 892)	' favorite'	6222
6175	(1864, 267)	' leader'	6223
6176	(1500, 154)	'楚'	6224
6177	(2093, 161)	'堡'	6225
6178	(291, 519)	' date'	6226
6179	(4961, 494)	' August'	6227
6180	(974, 181)	'ድ'	6228
6181	(1093, 1363)	'女士'	6229
6182	(795, 128)	'胀'	6230
6183	(463, 267)	' Her'	6231
6184	(421, 108)	' wel'	6232
6185	(936, 458)	' imag'	6233
6186	(3932, 97)	' Korea'	6234
6187	(301, 107)	'ask'	6235
6188	(1539, 1322)	'领先'	6236
6189	(111, 101)	'oe'	6237
6190	(276, 729)	'orge'	6238
6191	(332, 365)	'etro'	6239
6192	(2770, 485)	' request'	6240
6193	(39, 110)	"'n"	6241
6194	(291, 117)	' du'	6242
6195	(2551, 2697)	' Photo'	6243
6196	(2749, 287)	' turned'	6244
6197	(1679, 322)	' region'	6245
6198	(1604, 16046)	'双色球'	6246
6199	(333, 98)	' reb'	6247
6200	(1588, 156)	'搜'	6248
6201	(965, 1209)	'并没有'	6249
6202	(1918, 5608)	' biggest'	6250
6203	(615, 1743)	' James'	6251
6204	(2475, 272)	'不同的'	6252
6205	(428, 2758)	'上午'	6253
6206	(1016, 168)	' ਨ'	6254
6207	(85, 110)	'Un'	6255
6208	(1063, 3308)	' scene'	6256
6209	(104, 274)	'han'	6257
6210	(45, 258)	'-in'	6258
6211	(118, 485)	'vest'	6259
6212	(45, 103)	'-g'	6260
6213	(688, 345)	' allow'	6261
6214	(3394, 529)	'执行'	6262
6215	(514, 1315)	' convers'	6263
6216	(4547, 430)	b'\xe1\x80\xbc\xe1\x80'	6264
6217	(593, 100)	' ord'	6265
6218	(1733, 1404)	'创造'	6266
6219	(110, 104)	'nh'	6267
6220	(83, 600)	'Some'	6268
6221	(1217, 152)	'默'	6269
6222	(368, 149)	'帕'	6270
6223	(1008, 3566)	' contract'	6271
6224	(716, 2407)	'进攻'	6272
6225	(293, 285)	'ales'	6273
6226	(713, 4899)	' spokes'	6274
6227	(1060, 854)	'信心'	6275
6228	(106, 101)	'je'	6276
6229	(1463, 154)	' ක'	6277
6230	(3259, 115)	' winds'	6278
6231	(66, 73)	'BI'	6279
6232	(434, 2751)	' rights'	6280
6233	(2158, 1701)	'满足'	6281
6234	(3854, 397)	'负责人'	6282
6235	(713, 330)	' spot'	6283
6236	(3580, 400)	'扩大'	6284
6237	(664, 100)	' god'	6285
6238	(1588, 186)	'携'	6286
6239	(1563, 382)	' cover'	6287
6240	(97, 274)	'aan'	6288
6241	(704, 649)	'но'	6289
6242	(1096, 1557)	'股份'	6290
6243	(457, 184)	'纸'	6291
6244	(2416, 115)	' groups'	6292
6245	(3539, 110)	' learn'	6293
6246	(471, 149)	'ต'	6294
6247	(1630, 1359)	'精彩'	6295
6248	(112, 283)	'ping'	6296
6249	(1751, 1374)	' events'	6297
6250	(2286, 2863)	' obvious'	6298
6251	(529, 880)	'行情'	6299
6252	(232, 157)	b'\xe8\x9d'	6300
6253	(661, 4002)	' cannot'	6301
6254	(1358, 168)	' ከ'	6302
6255	(724, 101)	'ube'	6303
6256	(1808, 834)	' در'	6304
6257	(2647, 397)	'湖人'	6305
6258	(107, 110)	'kn'	6306
6259	(3108, 2146)	' However'	6307
6260	(256, 263)	' tre'	6308
6261	(277, 1257)	' bull'	6309
6262	(48, 56)	'08'	6310
6263	(640, 553)	'就业'	6311
6264	(3094, 1201)	'宣布'	6312
6265	(332, 116)	'ett'	6313
6266	(155, 430)	b'\x9b\xe1\x80'	6314
6267	(69, 79)	'EO'	6315
6268	(977, 331)	'ibly'	6316
6269	(4980, 526)	' Angel'	6317
6270	(196, 141)	'č'	6318
6271	(2910, 1884)	'背景'	6319
6272	(316, 690)	' gone'	6320
6273	(2430, 495)	'找到'	6321
6274	(619, 2063)	'现象'	6322
6275	(750, 143)	'坏'	6323
6276	(385, 1405)	' states'	6324
6277	(97, 275)	'ait'	6325
6278	(916, 689)	'然而'	6326
6279	(710, 1153)	'ек'	6327
6280	(617, 308)	'istic'	6328
6281	(354, 600)	' Some'	6329
6282	(109, 279)	'men'	6330
6283	(284, 3713)	' purch'	6331
6284	(392, 179)	'耳'	6332
6285	(54, 424)	'600'	6333
6286	(885, 161)	'睡'	6334
6287	(664, 374)	' gold'	6335
6288	(503, 948)	'ас'	6336
6289	(232, 152)	b'\xe8\x98'	6337
6290	(2326, 534)	'卫生'	6338
6291	(2893, 397)	'令人'	6339
6292	(777, 709)	'合同'	6340
6293	(712, 101)	' Ke'	6341
6294	(345, 100)	'owd'	6342
6295	(4653, 4599)	'陶瓷'	6343
6296	(274, 111)	'ano'	6344
6297	(2522, 557)	'充分'	6345
6298	(814, 272)	'内的'	6346
6299	(1755, 598)	'它们'	6347
6300	(1750, 141)	'ግ'	6348
6301	(121, 273)	'you'	6349
6302	(427, 623)	'年前'	6350
6303	(276, 103)	'org'	6351
6304	(695, 272)	'面的'	6352
6305	(49, 1271)	'1000'	6353
6306	(267, 324)	'erve'	6354
6307	(114, 283)	'ring'	6355
6308	(415, 181)	'抵'	6356
6309	(388, 140)	'後'	6357
6310	(511, 1879)	' search'	6358
6311	(336, 492)	'一家'	6359
6312	(16022, 2547)	' opportunity'	6360
6313	(1029, 188)	'發'	6361
6314	(396, 891)	'了一个'	6362
6315	(346, 2062)	' began'	6363
6316	(3290, 803)	' particip'	6364
6317	(500, 433)	'ounce'	6365
6318	(98, 505)	'band'	6366
6319	(705, 431)	'rench'	6367
6320	(5294, 441)	' administration'	6368
6321	(114, 1504)	'ruct'	6369
6322	(2907, 283)	' watching'	6370
6323	(52, 424)	'400'	6371
6324	(1075, 428)	'网上'	6372
6325	(614, 1082)	'经常'	6373
6326	(119, 868)	'well'	6374
6327	(325, 180)	'戴'	6375
6328	(1767, 157)	' ዝ'	6376
6329	(284, 728)	' pred'	6377
6330	(278, 2340)	' cross'	6378
6331	(1409, 1514)	'装备'	6379
6332	(1883, 1024)	'引起'	6380
6333	(791, 3235)	'法律'	6381
6334	(490, 332)	' Net'	6382
6335	(2290, 966)	'While'	6383
6336	(68, 80)	'DP'	6384
6337	(540, 623)	'日前'	6385
6338	(461, 173)	'闭'	6386
6339	(754, 175)	'ද'	6387
6340	(327, 1930)	' yeah'	6388
6341	(2272, 115)	' laws'	6389
6342	(1935, 2237)	' terms'	6390
6343	(1672, 1106)	"You're"	6391
6344	(1434, 2017)	'亚洲'	6392
6345	(2641, 272)	'岁的'	6393
6346	(5140, 129)	'繁'	6394
6347	(872, 191)	'矿'	6395
6348	(807, 153)	'墙'	6396
6349	(108, 612)	'light'	6397
6350	(80, 365)	'Pro'	6398
6351	(2317, 1152)	' Indian'	6399
6352	(596, 3513)	' chief'	6400
6353	(336, 818)	'一点'	6401
6354	(3607, 2598)	'刺激'	6402
6355	(3978, 267)	' Super'	6403
6356	(1804, 791)	'办法'	6404
6357	(721, 660)	'动作'	6405
6358	(1643, 135)	'症'	6406
6359	(1016, 181)	' ਵ'	6407
6360	(540, 889)	'日电'	6408
6361	(647, 178)	'署'	6409
6362	(830, 400)	'很大'	6410
6363	(114, 100)	'rd'	6411
6364	(866, 163)	'ባ'	6412
6365	(73, 77)	'IM'	6413
6366	(286, 1080)	' mob'	6414
6367	(2014, 136)	'иш'	6415
6368	(1569, 617)	' assist'	6416
6369	(1974, 367)	" Trump's"	6417
6370	(546, 738)	' via'	6418
6371	(641, 104)	' Oh'	6419
6372	(471, 154)	'บ'	6420
6373	(519, 382)	'atever'	6421
6374	(840, 1040)	'数量'	6422
6375	(1063, 1292)	' sched'	6423
6376	(698, 144)	'ැ'	6424
6377	(390, 2052)	'中國'	6425
6378	(4890, 777)	'符合'	6426
6379	(713, 334)	' spent'	6427
6380	(381, 312)	' hell'	6428
6381	(5177, 104)	'ograph'	6429
6382	(1151, 170)	' પ'	6430
6383	(329, 186)	'尺'	6431
6384	(1664, 129)	'梁'	6432
6385	(77, 328)	'May'	6433
6386	(4257, 287)	' alleged'	6434
6387	(580, 179)	'ள'	6435
6388	(4762, 116)	'aught'	6436
6389	(1820, 174)	'饮'	6437
6390	(1063, 2949)	' screen'	6438
6391	(1238, 667)	'使得'	6439
6392	(614, 3106)	'经典'	6440
6393	(77, 101)	'Me'	6441
6394	(907, 2555)	' accept'	6442
6395	(522, 97)	'aba'	6443
6396	(57, 53)	'95'	6444
6397	(469, 179)	' г'	6445
6398	(508, 162)	' آ'	6446
6399	(272, 3008)	'的朋友'	6447
6400	(106, 117)	'ju'	6448
6401	(3890, 1766)	' England'	6449
6402	(856, 623)	'当前'	6450
6403	(313, 160)	'宠'	6451
6404	(3601, 1133)	'享受'	6452
6405	(4334, 3758)	' William'	6453
6406	(1843, 2665)	'策略'	6454
6407	(4613, 506)	'委员会'	6455
6408	(883, 141)	'霍'	6456
6409	(3746, 573)	'旗下'	6457
6410	(282, 263)	' fre'	6458
6411	(914, 785)	'房子'	6459
6412	(105, 332)	'iet'	6460
6413	(353, 484)	'acher'	6461
6414	(617, 274)	'istan'	6462
6415	(282, 2072)	' father'	6463
6416	(1203, 3306)	'联储'	6464
6417	(417, 3426)	' BBC'	6465
6418	(507, 178)	'欲'	6466
6419	(2574, 536)	' oppos'	6467
6420	(291, 1452)	' dont'	6468
6421	(480, 274)	'rian'	6469
6422	(901, 3892)	'万像素'	6470
6423	(386, 1701)	'不足'	6471
6424	(957, 2130)	'计算'	6472
6425	(463, 281)	' His'	6473
6426	(551, 130)	'挂'	6474
6427	(3286, 128)	' ව'	6475
6428	(827, 607)	'重新'	6476
6429	(1896, 1381)	'楼盘'	6477
6430	(666, 1143)	'本周'	6478
6431	(539, 727)	'地球'	6479
6432	(2009, 785)	'儿子'	6480
6433	(2322, 562)	'黄金'	6481
6434	(865, 162)	'恢'	6482
6435	(1421, 3241)	' decided'	6483
6436	(458, 111)	'ago'	6484
6437	(226, 134)	b'\xe2\x86'	6485
6438	(1067, 1535)	' text'	6486
6439	(264, 608)	' send'	6487
6440	(689, 1982)	'而言'	6488
6441	(66, 101)	'Be'	6489
6442	(358, 154)	'诚'	6490
6443	(112, 109)	'pm'	6491
6444	(197, 190)	'ž'	6492
6445	(1090, 272)	'样的'	6493
6446	(740, 666)	'资本'	6494
6447	(1579, 1475)	' daily'	6495
6448	(1020, 117)	'angu'	6496
6449	(286, 969)	' mark'	6497
6450	(845, 144)	'隐'	6498
6451	(543, 322)	'ction'	6499
6452	(2377, 272)	'重要的'	6500
6453	(2042, 3160)	' production'	6501
6454	(259, 108)	'hel'	6502
6455	(2132, 132)	'을'	6503
6456	(1008, 334)	' content'	6504
6457	(1631, 272)	'真的'	6505
6458	(1857, 1184)	'评级'	6506
6459	(561, 134)	'辆'	6507
6460	(866, 178)	'ቲ'	6508
6461	(1440, 1975)	'亿美元'	6509
6462	(681, 568)	'将于'	6510
6463	(110, 3020)	'noon'	6511
6464	(105, 604)	'iant'	6512
6465	(536, 104)	'osh'	6513
6466	(897, 1747)	'明确'	6514
6467	(1226, 172)	' ব'	6515
6468	(837, 272)	'目的'	6516
6469	(4029, 878)	' message'	6517
6470	(1751, 4066)	' evidence'	6519
6471	(2817, 3297)	b'\xe1\x80\xb1\xe1\x80\xac\xe1\x80'	6520
6472	(450, 97)	'ola'	6521
6473	(2704, 633)	' Black'	6522
6474	(1744, 838)	' carry'	6523
6475	(982, 505)	' grand'	6524
6476	(231, 183)	b'\xe7\xb7'	6525
6477	(3071, 3159)	'似乎'	6526
6478	(1906, 912)	'罗斯'	6527
6479	(2594, 560)	' speak'	6528
6480	(517, 475)	' neigh'	6529
6481	(305, 633)	' lack'	6530
6482	(513, 161)	'泡'	6531
6483	(437, 821)	' asking'	6532
6484	(2830, 1749)	'-based'	6533
6485	(4522, 163)	'縣'	6534
6486	(3246, 878)	' damage'	6535
6487	(32, 499)	' um'	6536
6488	(1547, 1316)	'形势'	6537
6489	(2015, 97)	' za'	6538
6490	(2409, 506)	'协会'	6539
6491	(1220, 157)	'喝'	6540
6492	(1804, 595)	'办公'	6541
6493	(178, 5204)	b'\xb2\xe1\x80\xb7'	6542
6494	(511, 1778)	' select'	6543
6495	(1740, 1005)	'环保'	6544
6496	(1485, 157)	b' \xec\x9d'	6545
6497	(1548, 3705)	'反弹'	6546
6498	(1259, 1419)	' brother'	6547
6499	(4770, 321)	'underst'	6548
6500	(257, 102)	' af'	6549
6501	(618, 153)	'ộ'	6550
6502	(558, 154)	'枚'	6551
6503	(271, 3386)	'atives'	6552
6504	(303, 1720)	' thread'	6553
6505	(2058, 2717)	' difference'	6554
6506	(277, 458)	' bag'	6555
6507	(2221, 2121)	'को'	6556
6508	(1465, 706)	'完美'	6557
6509	(298, 148)	'仔'	6558
6510	(2434, 331)	' directly'	6559
6511	(264, 4146)	' source'	6560
6512	(370, 267)	'uter'	6561
6513	(480, 1513)	'rible'	6562
6514	(684, 1095)	'自由'	6563
6515	(286, 334)	' ment'	6564
6516	(2014, 143)	'ия'	6565
6517	(195, 186)	'ú'	6566
6518	(263, 4271)	'reci'	6567
6519	(3955, 459)	' customers'	6568
6520	(935, 2028)	'民警'	6569
6521	(256, 980)	' tick'	6570
6522	(790, 1088)	'体系'	6571
6523	(413, 131)	'逃'	6572
6524	(6066, 3028)	' energy'	6573
6525	(420, 1973)	'为什么'	6574
6526	(4403, 141)	'植'	6575
6527	(1787, 115)	' runs'	6576
6528	(589, 173)	' भ'	6577
6529	(107, 279)	'ken'	6578
6530	(2412, 3728)	'欢迎'	6579
6531	(51, 52)	'34'	6580
6532	(1864, 283)	' leading'	6581
6533	(333, 118)	' rev'	6582
6534	(1161, 129)	'ু'	6583
6535	(1657, 141)	'珍'	6584
6536	(2671, 272)	'更多的'	6585
6537	(103, 103)	'gg'	6586
6538	(418, 285)	'iles'	6587
6539	(297, 276)	' hor'	6588
6540	(107, 274)	'kan'	6589
6541	(629, 188)	'਼'	6590
6542	(1136, 1191)	'强调'	6591
6543	(1509, 842)	' کی'	6592
6544	(1041, 145)	'桑'	6593
6545	(230, 167)	b'\xe6\xa7'	6594
6546	(319, 169)	'佩'	6595
6547	(1517, 396)	'进行了'	6596
6548	(281, 1084)	'ishing'	6597
6549	(398, 117)	'uru'	6598
6550	(39, 114)	"'r"	6599
6551	(321, 265)	'ston'	6600
6552	(510, 258)	' Fin'	6601
6553	(1379, 272)	'她的'	6602
6554	(569, 137)	'沉'	6603
6555	(1418, 287)	' showed'	6604
6556	(3410, 2288)	'距离'	6605
6557	(1259, 2980)	' brought'	6606
6558	(267, 99)	'erc'	6607
6559	(804, 140)	'が'	6608
6560	(513, 189)	'泽'	6609
6561	(100, 320)	'dle'	6610
6562	(625, 160)	'渠'	6611
6563	(2814, 3659)	' article'	6612
6564	(645, 165)	'津'	6613
6565	(5084, 574)	' necess'	6614
6566	(777, 744)	'合理'	6615
6567	(2081, 4665)	'减肥'	6616
6568	(2646, 283)	' interesting'	6617
6569	(3098, 1109)	b'\xe0\xa5\x8d\xe0\xa4\xaf\xe0\xa4\xbe\xe0\xa4'	6618
6570	(5547, 139)	'鞋'	6619
6571	(434, 532)	' rain'	6620
6572	(491, 1396)	' jump'	6621
6573	(5709, 326)	' candid'	6622
6574	(1616, 308)	' indic'	6623
6575	(344, 178)	'劲'	6624
6576	(76, 3009)	'LED'	6625
6577	(101, 287)	'eed'	6626
6578	(1145, 5756)	' recogn'	6627
6579	(97, 673)	'aud'	6628
6580	(666, 2854)	'本赛季'	6629
6581	(1081, 1294)	'至少'	6630
6582	(4688, 918)	'ufact'	6631
6583	(1055, 115)	' knows'	6632
6584	(1093, 2009)	'女儿'	6633
6585	(3522, 1152)	' Russian'	6634
6586	(529, 721)	'行动'	6635
6587	(371, 2316)	" you'll"	6636
6588	(277, 2980)	' bought'	6637
6589	(1287, 2636)	'变焦'	6638
6590	(264, 348)	' sad'	6639
6591	(4806, 1420)	'纽约'	6640
6592	(354, 121)	' Sy'	6641
6593	(989, 176)	'灰'	6642
6594	(1516, 518)	'技能'	6643
6595	(564, 751)	'他说'	6644
6596	(1364, 191)	'ế'	6645
6597	(1684, 1163)	' happens'	6646
6598	(1051, 98)	' amb'	6647
6599	(516, 153)	'忙'	6648
6600	(595, 657)	'公开'	6649
6601	(1063, 3462)	' scored'	6650
6602	(210, 179)	'ҳ'	6652
6603	(1896, 597)	'楼市'	6653
6604	(2646, 287)	' interested'	6654
6605	(391, 353)	' Mac'	6655
6606	(117, 399)	'uke'	6656
6607	(107, 111)	'ko'	6657
6608	(851, 49)	' 31'	6658
6609	(264, 697)	' sect'	6659
6610	(2084, 614)	'曾经'	6660
6611	(1592, 287)	' helped'	6661
6612	(55, 55)	'77'	6662
6613	(298, 129)	'仁'	6663
6614	(278, 271)	' cat'	6664
6615	(268, 863)	' ways'	6665
6616	(1679, 630)	' regard'	6666
6617	(1181, 1849)	'安排'	6667
6618	(5578, 331)	'olutely'	6668
6619	(518, 1897)	'能源'	6669
6620	(433, 312)	'cell'	6670
6621	(945, 1215)	'投注'	6671
6622	(1941, 459)	' officers'	6672
6623	(715, 787)	'之外'	6673
6624	(1683, 1238)	'即使'	6674
6625	(496, 1372)	' Reg'	6675
6626	(2343, 4268)	' college'	6676
6627	(294, 3342)	' anti'	6677
6628	(5319, 1727)	'迅速'	6678
6629	(79, 80)	'OP'	6679
6630	(3094, 1494)	'宣传'	6680
6631	(281, 108)	'isl'	6681
6632	(384, 161)	'凡'	6682
6633	(2770, 950)	' require'	6683
6634	(234, 176)	b'\xea\xb0'	6684
6635	(604, 97)	'anta'	6685
6636	(114, 328)	'ray'	6686
6637	(282, 271)	' fat'	6687
6638	(1847, 369)	' relig'	6688
6639	(316, 301)	' gas'	6689
6640	(473, 326)	'upid'	6690
6641	(4461, 276)	' terror'	6691
6642	(561, 155)	'辛'	6692
6643	(446, 528)	'iful'	6693
6644	(62, 62)	'>>'	6694
6645	(2083, 130)	'ાં'	6695
6646	(2361, 2466)	'数据显示'	6696
6647	(264, 2596)	' size'	6697
6648	(589, 151)	' ग'	6698
6649	(1018, 704)	'ун'	6699
6650	(2956, 348)	' broad'	6700
6651	(32, 842)	' ی'	6701
6652	(272, 1507)	'的发展'	6702
6653	(4266, 331)	' quickly'	6703
6654	(1232, 4408)	'奖励'	6704
6655	(286, 759)	' mine'	6705
6656	(659, 145)	'郑'	6706
6657	(299, 188)	'兼'	6707
6658	(595, 1533)	'公告'	6708
6659	(48, 53)	'05'	6709
6660	(73, 68)	'ID'	6710
6661	(471, 170)	'ส'	6711
6662	(32, 370)	' ut'	6712
6663	(16002, 676)	' became'	6713
6664	(5815, 3145)	' safety'	6714
6665	(277, 293)	' bal'	6715
6666	(264, 418)	' sil'	6716
6667	(106, 3843)	'jects'	6717
6668	(948, 1153)	'ск'	6718
6669	(533, 324)	' save'	6719
6670	(882, 602)	'ли'	6720
6671	(532, 116)	'aint'	6721
6672	(2718, 175)	' گ'	6722
6673	(726, 357)	'都在'	6723
6674	(1647, 2192)	' defense'	6724
6675	(1623, 2502)	' strugg'	6725
6676	(468, 623)	'以前'	6726
6677	(1642, 1863)	' sometimes'	6727
6678	(2594, 287)	' speed'	6728
6679	(508, 163)	' أ'	6729
6680	(1276, 367)	" He's"	6730
6681	(657, 1381)	'开盘'	6731
6682	(16007, 283)	' moving'	6732
6683	(67, 72)	'CH'	6733
6684	(609, 115)	'ears'	6734
6685	(334, 121)	'enty'	6735
6686	(354, 431)	' Sch'	6736
6687	(658, 183)	'長'	6737
6688	(1692, 170)	'்ப'	6738
6689	(310, 97)	'oma'	6739
6690	(358, 166)	'详'	6740
6691	(919, 373)	' prim'	6741
6692	(523, 143)	'氏'	6742
6693	(365, 115)	'ros'	6743
6694	(693, 1427)	' soft'	6744
6695	(939, 174)	'邮'	6745
6696	(1680, 287)	' ended'	6746
6697	(489, 104)	'oph'	6747
6698	(361, 433)	' force'	6748
6699	(305, 3518)	' liter'	6749
6700	(114, 117)	'ru'	6750
6701	(305, 976)	' lose'	6751
6702	(356, 398)	' Tur'	6752
6703	(275, 940)	'itiz'	6753
6704	(686, 1281)	' upper'	6754
6705	(578, 104)	'resh'	6755
6706	(280, 158)	'亞'	6756
6707	(1617, 935)	'居民'	6757
6708	(2482, 283)	' missing'	6758
6709	(2275, 2677)	'轻松'	6759
6710	(1634, 176)	'腰'	6760
6711	(104, 762)	'hood'	6761
6712	(1589, 390)	'集中'	6762
6713	(79, 114)	'Or'	6763
6714	(795, 134)	'胆'	6764
6715	(272, 1376)	'的时间'	6765
6716	(2019, 1307)	' medical'	6766
6717	(664, 1571)	' goals'	6767
6718	(883, 184)	'霸'	6768
6719	(1093, 397)	'女人'	6769
6720	(419, 1125)	'国务'	6770
6721	(714, 2726)	'期待'	6771
6722	(3177, 267)	' manager'	6772
6723	(1033, 367)	" she's"	6773
6724	(601, 1727)	'高速'	6774
6725	(106, 494)	'just'	6776
6726	(2675, 276)	' prior'	6777
6727	(1579, 3934)	' daugh'	6778
6728	(6434, 1759)	'恢复'	6779
6729	(85, 78)	'UN'	6780
6730	(1299, 897)	'证明'	6781
6731	(1979, 576)	'众多'	6782
6732	(324, 121)	'vey'	6783
6733	(311, 148)	'返'	6784
6734	(5047, 3382)	' senior'	6785
6735	(100, 894)	'down'	6786
6736	(4543, 370)	'secut'	6787
6737	(52, 52)	'44'	6788
6738	(5124, 293)	' normal'	6789
6739	(1027, 1557)	'身份'	6790
6740	(487, 153)	'浙'	6791
6741	(461, 178)	'闲'	6792
6742	(336, 2292)	'一切'	6793
6743	(99, 320)	'cle'	6794
6744	(406, 287)	'illed'	6795
6745	(316, 97)	' ga'	6796
6746	(745, 272)	'力的'	6797
6747	(6114, 841)	' material'	6798
6748	(5086, 160)	'고'	6799
6749	(1530, 2565)	'\xa0\xa0\xa0 '	6800
6750	(480, 97)	'ria'	6801
6751	(830, 1725)	'很难'	6802
6752	(579, 492)	'学家'	6803
6753	(4832, 5009)	' Michael'	6804
6754	(4167, 3198)	'训练'	6805
6755	(910, 272)	'里的'	6806
6756	(520, 495)	'来到'	6807
6757	(744, 2111)	'理财'	6808
6758	(553, 814)	'业内'	6809
6759	(400, 1232)	'大奖'	6810
6760	(1037, 1359)	'色彩'	6811
6761	(4078, 1000)	' property'	6812
6762	(98, 274)	'ban'	6813
6763	(834, 842)	'ری'	6814
6764	(109, 98)	'mb'	6815
6765	(561, 137)	'辉'	6816
6766	(264, 478)	' sem'	6817
6767	(920, 818)	'特点'	6818
6768	(4460, 2216)	' describ'	6819
6769	(329, 138)	'尊'	6820
6770	(4139, 433)	'force'	6821
6771	(321, 604)	'stant'	6822
6772	(823, 174)	'種'	6823
6773	(3434, 1718)	' sexual'	6824
6774	(1130, 161)	'淡'	6825
6775	(2724, 854)	'担心'	6826
6776	(3658, 308)	' economic'	6827
6777	(282, 2100)	' farm'	6828
6778	(57, 56)	'98'	6829
6779	(436, 4997)	' Paul'	6830
6780	(285, 1652)	'estern'	6831
6781	(1542, 4306)	'优惠'	6832
6782	(812, 272)	'名的'	6833
6783	(376, 263)	' Are'	6834
6784	(1206, 98)	' rob'	6835
6785	(3972, 1168)	' violence'	6836
6786	(1605, 2429)	'尼康'	6837
6787	(1367, 145)	'骑'	6838
6788	(117, 97)	'ua'	6839
6789	(321, 101)	'ste'	6840
6790	(509, 169)	'剩'	6841
6791	(586, 155)	'ማ'	6842
6792	(655, 1254)	'主任'	6843
6793	(1359, 935)	'彩民'	6844
6794	(111, 45)	'o-'	6845
6795	(1752, 1761)	'留学生'	6846
6796	(850, 1112)	'如今'	6847
6797	(79, 87)	'OW'	6848
6798	(1129, 2771)	' disapp'	6849
6799	(659, 173)	'郭'	6850
6800	(408, 682)	'ooks'	6851
6801	(3363, 322)	' option'	6852
6802	(939, 128)	'邀'	6853
6803	(1867, 158)	'撞'	6854
6804	(236, 132)	b'\xec\x84'	6855
6805	(576, 1294)	'多少'	6856
6806	(16016, 147)	'鼓'	6857
6807	(1118, 3924)	'战斗'	6858
6808	(331, 283)	'lying'	6859
6809	(236, 167)	b'\xec\xa7'	6860
6810	(4490, 285)	' rules'	6861
6811	(742, 682)	'ucks'	6862
6812	(3220, 332)	' internet'	6863
6813	(370, 104)	'uth'	6864
6814	(2880, 697)	' protect'	6865
6815	(763, 190)	'艾'	6866
6816	(2051, 175)	'華'	6867
6817	(116, 788)	'time'	6868
6818	(356, 2254)	' Tex'	6869
6819	(866, 189)	'ች'	6870
6820	(2520, 130)	'ਾਂ'	6871
6821	(2163, 121)	' Why'	6872
6822	(723, 155)	'涛'	6873
6823	(278, 1695)	' cash'	6874
6824	(904, 5915)	' environment'	6875
6825	(352, 110)	'amn'	6876
6826	(2640, 176)	'ార'	6877
6827	(343, 271)	' eat'	6879
6828	(119, 817)	'what'	6880
6829	(1059, 109)	' firm'	6881
6830	(1791, 1160)	' winning'	6882
6831	(1554, 460)	'几个'	6883
6832	(68, 326)	'Did'	6884
6833	(1158, 187)	'驻'	6885
6834	(1587, 179)	'ン'	6886
6835	(76, 69)	'LE'	6887
6836	(16001, 51)	' 2013'	6888
6837	(391, 969)	' Mark'	6889
6838	(68, 908)	"Don't"	6890
6839	(462, 1423)	'这款'	6891
6840	(73, 80)	'IP'	6892
6841	(983, 4247)	'意大利'	6893
6842	(2779, 1171)	' په'	6894
6843	(511, 4680)	' separ'	6895
6844	(66, 121)	'By'	6896
6845	(261, 141)	'－'	6897
6846	(2328, 1553)	' driving'	6898
6847	(478, 1374)	'ements'	6899
6848	(902, 272)	'队的'	6900
6849	(349, 183)	'卷'	6901
6850	(2441, 916)	'突然'	6902
6851	(798, 109)	' adm'	6903
6852	(3040, 187)	'麻'	6904
6853	(391, 348)	' Mad'	6905
6854	(308, 821)	'icking'	6906
6855	(430, 128)	'က'	6907
6856	(376, 932)	' After'	6908
6857	(1916, 2086)	'ের'	6909
6858	(1226, 184)	' স'	6910
6859	(3324, 287)	' changed'	6911
6860	(359, 1970)	' itself'	6912
6861	(66, 83)	'BS'	6913
6862	(417, 279)	' Ben'	6914
6863	(464, 97)	' Da'	6915
6864	(284, 3258)	' poor'	6916
6865	(1950, 1049)	'是一种'	6917
6866	(400, 3199)	'大陆'	6918
6867	(422, 161)	'贡'	6919
6868	(1976, 345)	' slow'	6920
6869	(209, 142)	'ю'	6921
6870	(945, 915)	'投入'	6922
6871	(450, 102)	'olf'	6923
6872	(267, 111)	'ero'	6925
6873	(2757, 1195)	'汇率'	6926
6874	(16030, 3659)	' vehicle'	6927
6875	(1244, 912)	'克斯'	6928
6876	(65, 16035)	'According'	6929
6877	(1468, 272)	'产品的'	6930
6878	(1418, 459)	' showers'	6931
6879	(689, 350)	'而是'	6932
6880	(564, 357)	'他在'	6933
6881	(2480, 5761)	' simply'	6934
6882	(110, 612)	'night'	6935
6883	(1174, 152)	'缘'	6936
6884	(104, 111)	'ho'	6937
6885	(102, 3928)	'fully'	6938
6886	(665, 568)	'用于'	6941
6887	(1017, 6463)	' afternoon'	6942
6888	(299, 189)	'兽'	6943
6889	(328, 97)	'aya'	6944
6890	(868, 369)	'ellig'	6945
6891	(426, 383)	' hair'	6946
6892	(2581, 1576)	' Group'	6947
6893	(343, 2622)	' eye'	6948
6894	(1402, 2706)	' attention'	6949
6895	(3622, 1513)	' double'	6950
6896	(507, 163)	'欣'	6951
6897	(601, 1503)	'高校'	6952
6898	(263, 121)	'rey'	6953
6899	(1558, 115)	'airs'	6954
6900	(965, 1273)	'并非'	6955
6901	(97, 705)	'aren'	6956
6902	(496, 2778)	' Road'	6957
6903	(105, 898)	'iber'	6958
6904	(1023, 109)	' prem'	6959
6905	(571, 992)	'成员'	6960
6906	(496, 3853)	' Rober'	6961
6907	(538, 3255)	'我觉得'	6962
6908	(3839, 3023)	'避免'	6963
6909	(844, 553)	'工业'	6964
6910	(257, 2971)	' a.m'	6965
6911	(572, 175)	'惯'	6966
6912	(378, 1607)	'有望'	6967
6913	(783, 526)	'rael'	6968
6914	(351, 152)	'乘'	6969
6915	(2518, 6561)	' middle'	6970
6916	(2672, 710)	' не'	6971
6917	(2279, 697)	' effect'	6972
6918	(4039, 274)	' European'	6973
6919	(3922, 759)	' engine'	6974
6920	(110, 926)	'new'	6975
6921	(3103, 99)	' etc'	6976
6922	(209, 133)	'х'	6977
6923	(308, 287)	'iced'	6978
6924	(436, 293)	' Pal'	6979
6925	(1211, 905)	'ين'	6980
6926	(601, 1169)	'高达'	6981
6927	(209, 134)	'ц'	6982
6928	(539, 1341)	'地图'	6983
6929	(922, 553)	'事业'	6984
6930	(65, 263)	'Are'	6985
6931	(2418, 526)	' model'	6986
6932	(1100, 184)	'酸'	6987
6933	(2306, 1715)	'状况'	6988
6934	(16005, 287)	' included'	6989
6935	(1259, 505)	' brand'	6990
6936	(464, 526)	' Del'	6991
6937	(1109, 178)	'ाल'	6992
6938	(1269, 762)	' blood'	6993
6939	(1401, 1676)	'老板'	6994
6940	(589, 178)	' ल'	6995
6941	(4467, 6094)	' multiple'	6996
6942	(546, 115)	' vs'	6997
6943	(999, 129)	'壁'	6998
6944	(2882, 1653)	'检查'	6999
6945	(514, 3030)	' constr'	7000
6946	(5803, 1466)	'汽车'	7001
6947	(1581, 2699)	'工作人员'	7002
6948	(3114, 107)	' walk'	7003
6949	(16040, 2693)	' immediately'	7004
6950	(436, 77)	' PM'	7005
6951	(496, 287)	' Red'	7006
6952	(1941, 267)	' officer'	7007
6953	(264, 271)	' sat'	7008
6954	(4750, 287)	' arrested'	7009
6955	(1657, 190)	'現'	7010
6956	(293, 121)	'aly'	7011
6957	(268, 734)	' wide'	7012
6958	(516, 167)	'忧'	7013
6959	(5397, 3853)	' October'	7014
6960	(395, 158)	'赞'	7015
6961	(778, 173)	'揭'	7016
6962	(1857, 1626)	'评论'	7018
6963	(489, 115)	'ops'	7019
6964	(376, 4610)	' Alex'	7020
6965	(391, 97)	' Ma'	7021
6966	(5082, 121)	' baby'	7022
6967	(2465, 3993)	'兴趣'	7023
6968	(1272, 1503)	'院校'	7024
6969	(1253, 1548)	'单反'	7025
6970	(726, 386)	'都不'	7026
6971	(1935, 109)	' term'	7027
6972	(937, 1082)	'通常'	7028
6973	(121, 2405)	'ydd'	7029
6974	(845, 148)	'隔'	7030
6975	(689, 357)	'而在'	7031
6976	(1853, 283)	' feeling'	7032
6977	(5329, 336)	'唯一'	7033
6978	(84, 86)	'TV'	7034
6979	(1755, 272)	'它的'	7035
6980	(78, 926)	'New'	7036
6981	(438, 162)	'敢'	7037
6982	(3935, 345)	'orrow'	7038
6983	(305, 446)	' lif'	7039
6984	(104, 345)	'how'	7040
6985	(1506, 138)	'殊'	7041
6986	(55, 56)	'78'	7042
6987	(592, 2555)	' except'	7043
6988	(702, 130)	' ق'	7044
6989	(476, 147)	'拓'	7045
6990	(2479, 101)	'inese'	7046
6991	(611, 271)	' plat'	7047
6992	(3367, 132)	'薄'	7048
6993	(2303, 515)	' fourth'	7049
6994	(718, 168)	'跨'	7050
6995	(450, 2879)	'olution'	7051
6996	(534, 1085)	'生物'	7052
6997	(104, 450)	'hol'	7053
6998	(1330, 460)	'每个'	7054
6999	(1250, 322)	'iction'	7055
7000	(4141, 515)	' birth'	7056
7001	(16028, 2456)	' challeng'	7057
7002	(1624, 281)	'ysis'	7058
7003	(449, 183)	'陷'	7059
7004	(937, 1481)	'通知'	7060
7005	(284, 274)	' pan'	7061
7006	(1005, 2043)	'保险'	7062
7007	(356, 276)	' Tor'	7063
7008	(1759, 2891)	'复苏'	7064
7009	(2529, 1646)	'音乐'	7065
7010	(774, 283)	'iving'	7066
7011	(4833, 166)	'瘦'	7067
7012	(1351, 283)	' evening'	7068
7013	(278, 774)	' civ'	7069
7014	(917, 172)	'芬'	7070
7015	(351, 140)	'乌'	7071
7016	(286, 301)	' mas'	7072
7017	(2630, 293)	'atural'	7073
7018	(3696, 4033)	'犯罪'	7074
7019	(122, 105)	'zi'	7075
7020	(2799, 729)	' charge'	7076
7021	(982, 2205)	' growing'	7077
7022	(376, 383)	' Air'	7078
7023	(1542, 3380)	'优秀'	7079
7024	(1058, 991)	'让你'	7080
7025	(1547, 1030)	'形式'	7081
7026	(451, 172)	'屬'	7082
7027	(873, 171)	'紫'	7083
7028	(4450, 1803)	' Govern'	7084
7029	(308, 1606)	'icles'	7085
7030	(286, 617)	' mist'	7086
7031	(514, 3927)	' conference'	7087
7032	(2013, 283)	' reading'	7088
7033	(370, 121)	'uty'	7089
7034	(408, 379)	'oose'	7090
7035	(4530, 691)	' practice'	7091
7036	(118, 97)	'va'	7092
7037	(5276, 1124)	' attempt'	7093
7038	(417, 328)	' Bay'	7094
7039	(490, 5403)	' Niger'	7095
7040	(3677, 4578)	'逐渐'	7096
7041	(1409, 3352)	'装饰'	7097
7042	(627, 2096)	'اب'	7098
7043	(575, 161)	'員'	7099
7044	(1960, 155)	'猛'	7100
7045	(2279, 635)	' effort'	7101
7046	(927, 367)	" what's"	7102
7047	(351, 143)	'乏'	7103
7048	(5753, 766)	' sleep'	7104
7049	(5828, 1115)	' Congress'	7105
7050	(1041, 182)	'桶'	7106
7051	(471, 132)	'ค'	7107
7052	(2298, 267)	' center'	7108
7053	(979, 272)	'化的'	7109
7054	(427, 1219)	'年代'	7110
7055	(865, 146)	'恒'	7111
7056	(909, 812)	'报名'	7112
7057	(1269, 1415)	' block'	7113
7058	(539, 1676)	'地板'	7114
7059	(5549, 2109)	' ndị'	7115
7060	(587, 520)	'后来'	7116
7061	(376, 1739)	' Any'	7117
7062	(718, 131)	'跃'	7118
7063	(233, 16053)	'鉴'	7119
7064	(1784, 913)	'社区'	7120
7065	(2021, 161)	'፡'	7121
7066	(470, 868)	' Well'	7122
7067	(666, 810)	'本次'	7123
7068	(471, 171)	'ห'	7124
7069	(1937, 1171)	' به'	7125
7070	(542, 1243)	' Gold'	7126
7071	(377, 651)	' Cap'	7127
7072	(953, 138)	'啊'	7128
7073	(1747, 775)	'确实'	7129
7074	(3938, 139)	'蛋'	7130
7075	(336, 550)	'一场'	7131
7076	(823, 191)	'稿'	7132
7077	(297, 450)	' hol'	7133
7078	(2846, 3911)	' positive'	7134
7079	(1060, 665)	'信用'	7135
7080	(318, 78)	' IN'	7136
7081	(442, 980)	' kick'	7137
7082	(3463, 2504)	'酒店'	7138
7083	(768, 379)	' whose'	7139
7084	(323, 172)	'ब'	7140
7085	(1480, 279)	'itten'	7141
7086	(1690, 603)	' smart'	7142
7087	(2709, 115)	' jobs'	7143
7088	(3702, 3214)	'父母'	7145
7089	(792, 263)	' agre'	7146
7090	(476, 159)	'拟'	7147
7091	(297, 423)	' hus'	7148
7092	(522, 276)	'abor'	7149
7093	(582, 690)	' alone'	7150
7094	(1122, 114)	'ır'	7151
7095	(3073, 115)	' costs'	7152
7096	(401, 182)	'奶'	7153
7097	(45, 83)	'-S'	7154
7098	(284, 459)	' pers'	7155
7099	(2407, 1948)	'攻击'	7156
7100	(859, 2253)	' compared'	7157
7101	(1112, 540)	'今日'	7158
7102	(391, 603)	' Mart'	7159
7103	(804, 170)	'な'	7160
7104	(112, 365)	'pro'	7162
7105	(2076, 3241)	' provided'	7163
7106	(985, 4589)	' Charl'	7164
7107	(1131, 4008)	'英雄'	7165
7108	(1987, 568)	'终于'	7166
7109	(400, 2119)	'大部分'	7167
7110	(385, 878)	' stage'	7168
7111	(1559, 5238)	' despite'	7169
7112	(1360, 149)	'動'	7170
7113	(2409, 1648)	'协议'	7171
7114	(5930, 646)	' achie'	7172
7115	(1862, 897)	'照明'	7173
7116	(1564, 164)	'煤'	7174
7117	(278, 3906)	' cases'	7175
7118	(16042, 322)	' opinion'	7176
7119	(351, 148)	'乔'	7177
7120	(4346, 678)	' figure'	7178
7121	(107, 285)	'kes'	7179
7122	(236, 160)	b'\xec\xa0'	7180
7123	(631, 190)	'倾'	7181
7124	(761, 2128)	'加拿'	7182
7125	(500, 527)	'ounts'	7183
7126	(277, 505)	' band'	7184
7127	(426, 2105)	' haha'	7185
7128	(102, 108)	'fl'	7186
7129	(54, 56)	'68'	7187
7130	(1691, 1739)	' funny'	7188
7131	(136, 4059)	b'\x88\xeb\x8b\xa4'	7189
7132	(875, 460)	'三个'	7190
7133	(378, 1436)	'有可能'	7191
7134	(279, 729)	'enge'	7192
7135	(1711, 905)	' من'	7193
7136	(104, 3947)	'haps'	7194
7137	(4100, 285)	' charges'	7195
7138	(5133, 275)	' credit'	7196
7139	(53, 57)	'59'	7197
7140	(317, 168)	'吨'	7198
7141	(1716, 1982)	'语言'	7199
7142	(833, 1868)	'利益'	7200
7143	(2025, 293)	'eneral'	7201
7144	(283, 267)	'inger'	7202
7145	(284, 111)	' po'	7203
7146	(1588, 158)	'搞'	7204
7147	(1277, 183)	'荷'	7205
7148	(1186, 164)	'्त'	7206
7149	(1572, 170)	' ப'	7207
7150	(3384, 826)	'仓位'	7208
7151	(323, 188)	'़'	7209
7152	(1525, 532)	' remain'	7210
7153	(45, 77)	'-M'	7211
7154	(434, 326)	' rid'	7212
7155	(271, 1339)	'atory'	7213
7156	(423, 283)	'using'	7214
7157	(1531, 115)	' calls'	7215
7158	(2445, 1216)	'监管'	7216
7159	(1782, 132)	'龄'	7217
7160	(602, 2229)	'ий'	7218
7161	(2528, 1147)	'访问'	7219
7162	(71, 762)	'Good'	7220
7163	(531, 536)	' Los'	7221
7164	(390, 749)	'中小'	7222
7165	(98, 499)	'bum'	7223
7166	(2269, 137)	'誉'	7224
7167	(589, 175)	' य'	7225
7168	(2113, 334)	' student'	7226
7169	(5979, 5726)	'詹姆斯'	7227
7170	(1526, 777)	'配合'	7228
7171	(3764, 147)	'間'	7229
7172	(417, 1337)	' Bank'	7230
7173	(297, 121)	' hy'	7231
7174	(667, 557)	'得分'	7232
7175	(1126, 839)	' او'	7233
7176	(115, 332)	'set'	7234
7177	(1364, 161)	'ạ'	7235
7178	(323, 175)	'य'	7236
7179	(292, 4343)	' towards'	7237
7180	(1641, 287)	'enced'	7238
7181	(2132, 152)	'의'	7239
7182	(1134, 6518)	' appreci'	7240
7183	(268, 621)	' wall'	7241
7184	(1330, 427)	'每年'	7242
7185	(420, 1527)	'为准'	7243
7186	(291, 274)	' dan'	7244
7187	(649, 1142)	'од'	7245
7188	(1479, 1977)	'预测'	7246
7189	(990, 272)	'中国的'	7247
7190	(1367, 151)	'骗'	7248
7191	(3055, 1299)	'签证'	7249
7192	(1976, 612)	' slight'	7250
7193	(2816, 348)	' Canad'	7251
7194	(3484, 913)	'欧元区'	7252
7195	(1261, 154)	'虚'	7253
7196	(1404, 1230)	'造型'	7254
7197	(219, 148)	'۔'	7255
7198	(436, 1115)	' Press'	7256
7199	(303, 852)	' thous'	7257
7200	(311, 136)	'迈'	7258
7201	(1361, 283)	' adding'	7259
7202	(513, 155)	'泛'	7260
7203	(308, 259)	'iche'	7261
7204	(552, 276)	' door'	7262
7205	(370, 923)	'utions'	7263
7206	(1430, 170)	' ప'	7264
7207	(476, 188)	'拼'	7265
7208	(545, 805)	'发表'	7266
7209	(2580, 1439)	' Maybe'	7267
7210	(794, 147)	'姓'	7268
7211	(310, 274)	'oman'	7269
7212	(371, 2468)	" you've"	7270
7213	(3272, 156)	'한'	7271
7214	(112, 383)	'pir'	7272
7215	(400, 1230)	'大型'	7273
7216	(379, 121)	'sey'	7274
7217	(385, 6640)	' stupid'	7275
7218	(1260, 459)	' workers'	7276
7219	(698, 132)	'හ'	7277
7220	(4759, 1227)	' British'	7278
7221	(417, 406)	' Bill'	7279
7222	(380, 149)	'孕'	7280
7223	(378, 396)	'有了'	7281
7224	(3658, 121)	' economy'	7282
7225	(278, 1490)	' catch'	7283
7226	(2482, 287)	' missed'	7284
7227	(423, 285)	'uses'	7285
7228	(559, 4325)	' progress'	7286
7229	(629, 166)	'ਦ'	7288
7230	(289, 111)	' oo'	7289
7231	(995, 190)	'链'	7290
7232	(16002, 4951)	' becoming'	7291
7233	(119, 276)	'wor'	7292
7234	(415, 189)	'抽'	7293
7235	(469, 145)	' Б'	7294
7236	(298, 170)	'仪'	7295
7237	(264, 274)	' san'	7296
7238	(272, 2264)	'的影响'	7297
7239	(2462, 788)	'-time'	7298
7240	(385, 3208)	' stream'	7299
7241	(4391, 121)	'razy'	7300
7242	(2358, 4755)	' extreme'	7301
7243	(461, 170)	'闪'	7302
7244	(839, 1327)	'ود'	7303
7245	(952, 141)	'籍'	7304
7246	(709, 579)	'同学'	7305
7247	(833, 1434)	'利亚'	7306
7248	(804, 167)	'で'	7307
7249	(107, 258)	'kin'	7308
7250	(996, 54)	'2006'	7309
7251	(620, 1949)	'方便'	7310
7252	(1530, 32)	'\xa0\xa0 '	7311
7253	(16009, 285)	' gives'	7312
7254	(2487, 4057)	' details'	7313
7255	(1087, 143)	'漏'	7314
7256	(712, 373)	' Kim'	7315
7257	(149, 430)	b'\x95\xe1\x80'	7316
7258	(955, 1392)	'影像'	7317
7259	(2678, 5263)	'死亡'	7318
7260	(1212, 1114)	'接近'	7319
7261	(272, 2377)	'的重要'	7320
7262	(32, 1103)	' ign'	7321
7263	(621, 287)	'alled'	7322
7264	(16007, 287)	' moved'	7323
7265	(65, 114)	'Ar'	7324
7266	(281, 97)	'isa'	7325
7267	(1894, 666)	'根本'	7326
7268	(195, 162)	'â'	7327
7269	(84, 83)	'TS'	7328
7270	(1956, 441)	'ification'	7329
7271	(624, 138)	'羊'	7330
7272	(705, 103)	'reng'	7331
7273	(421, 2257)	' weird'	7332
7274	(1097, 136)	'ੈ'	7333
7275	(2000, 643)	' investment'	7334
7276	(712, 283)	' King'	7335
7277	(1335, 716)	'推进'	7336
7278	(458, 265)	'agon'	7337
7279	(257, 373)	' aim'	7338
7280	(3865, 2046)	' analyst'	7339
7281	(1206, 2151)	' rock'	7340
7282	(566, 149)	'ক'	7341
7283	(109, 112)	'mp'	7342
7284	(640, 1077)	'就可以'	7343
7285	(991, 598)	'你们'	7344
7286	(1375, 2885)	' secret'	7345
7287	(2033, 167)	'慧'	7346
7288	(66, 114)	'Br'	7347
7289	(1625, 16057)	' considered'	7348
7290	(566, 178)	'ল'	7349
7291	(3828, 678)	' pressure'	7350
7292	(2399, 714)	'短期'	7351
7293	(554, 118)	' dev'	7352
7294	(1619, 581)	' finally'	7353
7295	(1531, 283)	' calling'	7354
7296	(53, 56)	'58'	7355
7297	(503, 2229)	'ай'	7356
7298	(1120, 321)	' Inst'	7357
7299	(1587, 188)	'ー'	7358
7300	(4423, 2959)	'概念'	7359
7301	(391, 1945)	' Matt'	7360
7302	(741, 555)	'还要'	7361
7303	(281, 923)	'isions'	7362
7304	(105, 578)	'ires'	7363
7305	(3177, 1788)	' management'	7364
7306	(940, 283)	'izing'	7365
7307	(2880, 485)	' protest'	7366
7308	(588, 816)	' Every'	7367
7309	(1485, 158)	b' \xec\x9e'	7368
7310	(117, 283)	'uing'	7369
7311	(235, 161)	b'\xeb\xa1'	7370
7312	(286, 1665)	' mix'	7371
7313	(529, 272)	'行的'	7372
7314	(632, 494)	' trust'	7373
7315	(1276, 2166)	' Health'	7374
7316	(1644, 1102)	'供应'	7375
7317	(622, 2107)	' ability'	7376
7318	(1007, 128)	'ీ'	7377
7319	(840, 2206)	'数字'	7378
7320	(292, 109)	' tom'	7379
7321	(5710, 332)	' tweet'	7380
7322	(314, 4981)	' named'	7381
7323	(742, 4728)	'uclear'	7382
7324	(4317, 573)	'的情况下'	7383
7325	(274, 431)	'anch'	7384
7326	(4401, 1725)	'困难'	7385
7327	(391, 276)	' Mor'	7386
7328	(2251, 33)	'!!!'	7387
7329	(16005, 285)	' includes'	7388
7330	(934, 157)	'祝'	7389
7331	(2881, 3671)	'金融危机'	7390
7332	(949, 623)	'提前'	7391
7333	(884, 419)	'两国'	7392
7334	(348, 117)	'adu'	7393
7335	(1547, 2063)	'形象'	7394
7336	(1913, 806)	'态度'	7395
7337	(4174, 1336)	'告诉记者'	7396
7338	(3745, 1137)	'旅游'	7397
7339	(487, 166)	'浦'	7398
7340	(354, 352)	' Sam'	7399
7341	(345, 459)	'owers'	7400
7342	(6102, 1964)	' September'	7401
7343	(384, 140)	'凌'	7402
7344	(2256, 1384)	' के'	7403
7345	(418, 671)	'ilies'	7404
7346	(783, 119)	'raw'	7405
7347	(102, 1961)	'friend'	7406
7348	(1343, 259)	'anche'	7407
7349	(1163, 322)	'ension'	7408
7350	(1912, 1550)	'营销'	7409
7351	(434, 425)	' rout'	7410
7352	(492, 781)	'家长'	7411
7353	(65, 1739)	'Any'	7412
7354	(232, 149)	b'\xe8\x95'	7413
7355	(2323, 115)	' schools'	7414
7356	(4017, 331)	' certainly'	7415
7357	(570, 149)	'క'	7416
7358	(3814, 1369)	'课程'	7417
7359	(2203, 165)	' ብ'	7418
7360	(149, 4476)	b'\x95\xe0\xaf\x8d\xe0\xae\x95'	7419
7361	(264, 1798)	' sale'	7420
7362	(442, 105)	' ki'	7421
7363	(596, 4180)	' choice'	7422
7364	(6740, 2038)	'浙江'	7423
7365	(1130, 187)	'添'	7424
7366	(377, 310)	' Com'	7425
7367	(554, 103)	' deg'	7426
7368	(1532, 367)	"He's"	7427
7369	(1770, 151)	'窗'	7428
7370	(5461, 1256)	' various'	7429
7371	(209, 158)	'ў'	7430
7372	(313, 139)	'宋'	7431
7373	(327, 1020)	' yang'	7432
7374	(2759, 99)	' esc'	7433
7375	(721, 1085)	'动物'	7434
7376	(377, 1452)	' Cont'	7435
7377	(521, 2636)	'对焦'	7436
7378	(2617, 527)	' parts'	7437
7379	(316, 101)	' ge'	7438
7380	(32, 267)	' er'	7439
7381	(663, 1338)	'最低'	7440
7382	(783, 118)	'rav'	7441
7383	(491, 2909)	' joke'	7443
7384	(130, 172)	b'\x82\xac'	7444
7385	(699, 822)	'机关'	7445
7386	(5222, 738)	' Australia'	7446
7387	(3299, 1103)	' foreign'	7447
7388	(354, 724)	' Sub'	7448
7389	(2522, 2158)	'充满'	7449
7390	(534, 2164)	'生命'	7450
7391	(343, 5371)	' eyes'	7451
7392	(706, 6416)	'美联储'	7452
7393	(423, 322)	'usion'	7453
7394	(288, 1475)	'arily'	7454
7395	(1569, 3441)	' associ'	7455
7396	(769, 649)	'то'	7456
7397	(395, 171)	'赫'	7457
7398	(1465, 3101)	'完善'	7458
7399	(644, 157)	'曝'	7459
7400	(1211, 3261)	'ية'	7460
7401	(395, 180)	'赴'	7461
7402	(4632, 2277)	' confirmed'	7462
7403	(338, 141)	'\u200d'	7463
7404	(1234, 332)	' feet'	7464
7405	(525, 187)	'阻'	7465
7406	(2938, 367)	"There's"	7466
7407	(344, 171)	'劫'	7467
7408	(3468, 581)	' totally'	7468
7409	(6720, 1272)	'国务院'	7469
7410	(3369, 3015)	' injury'	7470
7411	(284, 1076)	' poll'	7471
7412	(613, 110)	' Then'	7472
7413	(337, 170)	'绪'	7473
7414	(657, 1026)	'开展'	7474
7415	(2364, 2624)	' numbers'	7475
7416	(301, 105)	'asi'	7476
7417	(640, 357)	'就在'	7477
7418	(1659, 3101)	'改善'	7478
7419	(525, 133)	'阅'	7479
7420	(103, 285)	'ges'	7480
7421	(983, 2674)	'意义'	7481
7422	(1960, 171)	'猫'	7482
7423	(4237, 2687)	' supposed'	7483
7424	(912, 920)	'斯特'	7484
7425	(2374, 2374)	'刚刚'	7485
7426	(5843, 116)	'rupt'	7486
7427	(551, 175)	'振'	7487
7428	(1428, 265)	'azon'	7488
7429	(1250, 287)	'icted'	7489
7430	(1104, 495)	'感到'	7490
7431	(225, 129)	b'\xe1\x81'	7491
7432	(1406, 130)	'脂'	7492
7433	(889, 4218)	'电脑'	7493
7434	(383, 3378)	'irgin'	7494
7435	(814, 539)	'内地'	7495
7436	(277, 287)	' bed'	7496
7437	(1198, 177)	'唱'	7497
7438	(590, 357)	'也在'	7498
7439	(4629, 1432)	'贸易'	7499
7440	(2328, 382)	' driver'	7500
7441	(428, 3385)	'上映'	7501
7442	(2103, 1718)	' annual'	7502
7443	(848, 129)	'锁'	7503
7444	(496, 813)	' Rich'	7504
7445	(712, 279)	' Ken'	7505
7446	(428, 3553)	'上述'	7506
7447	(532, 101)	'aine'	7507
7448	(1399, 5495)	' built'	7508
7449	(1994, 810)	'第一次'	7509
7450	(895, 150)	'砖'	7510
7451	(618, 135)	'ệ'	7511
7452	(934, 150)	'祖'	7512
7453	(395, 164)	'赤'	7513
7454	(2888, 1504)	' conduct'	7514
7455	(5596, 897)	'姚明'	7515
7456	(98, 370)	'but'	7517
7457	(6867, 5105)	'贡献'	7518
7458	(510, 6319)	' French'	7519
7459	(1830, 1089)	' setting'	7520
7460	(2336, 283)	' opening'	7521
7461	(1486, 331)	' mostly'	7522
7462	(720, 183)	'谷'	7523
7463	(713, 608)	' spend'	7524
7464	(1572, 149)	' க'	7525
7465	(373, 97)	'ima'	7526
7466	(827, 400)	'重大'	7527
7467	(615, 3110)	' Jones'	7528
7468	(48, 55)	'07'	7529
7469	(1364, 163)	'ả'	7530
7470	(1619, 3186)	' finished'	7531
7471	(1744, 115)	' cars'	7532
7472	(717, 183)	'偷'	7533
7473	(356, 310)	' Tom'	7534
7474	(1725, 468)	'难以'	7535
7475	(780, 177)	'箱'	7536
7476	(3583, 1339)	' victory'	7537
7477	(235, 165)	b'\xeb\xa5'	7538
7478	(2659, 964)	' created'	7539
7479	(390, 1232)	'中奖'	7540
7480	(773, 1422)	'品质'	7541
7481	(749, 1332)	'小组'	7542
7482	(1679, 528)	' regul'	7543
7483	(398, 671)	'uries'	7544
7484	(398, 997)	'urance'	7545
7485	(1343, 287)	'anced'	7546
7486	(542, 5267)	' Google'	7547
7487	(272, 1816)	'的同时'	7548
7488	(291, 646)	' die'	7549
7489	(584, 148)	'體'	7550
7490	(2332, 136)	'аш'	7551
7491	(2203, 176)	' ተ'	7552
7492	(119, 1495)	'wise'	7553
7493	(629, 149)	'ਕ'	7554
7494	(542, 332)	' Get'	7555
7495	(511, 103)	' seg'	7556
7496	(278, 868)	' cell'	7557
7497	(3070, 983)	'愿意'	7558
7498	(116, 114)	'tr'	7559
7499	(361, 103)	' forg'	7560
7500	(469, 144)	' А'	7561
7501	(586, 176)	'ሰ'	7562
7502	(5569, 441)	' education'	7563
7503	(282, 97)	' fa'	7564
7504	(1655, 425)	' throughout'	7565
7505	(76, 67)	'LC'	7566
7506	(6562, 973)	'渠道'	7567
7507	(1344, 1124)	' kept'	7568
7508	(276, 97)	'ora'	7569
7509	(409, 6373)	' whatever'	7570
7510	(5683, 116)	' doubt'	7571
7511	(617, 838)	'istry'	7572
7512	(602, 2001)	'из'	7573
7513	(2572, 4765)	' restaur'	7574
7514	(2480, 3902)	' simple'	7575
7515	(16059, 1434)	'澳大利亚'	7576
7516	(6818, 301)	' Texas'	7577
7517	(16004, 100)	"I'd"	7578
7518	(2083, 176)	'ાર'	7579
7519	(2433, 310)	' autom'	7580
7520	(476, 146)	'拒'	7581
7521	(609, 431)	'earch'	7582
7522	(98, 275)	'bit'	7583
7523	(745, 1040)	'力量'	7584
7524	(129, 430)	b'\x81\xe1\x80'	7585
7525	(680, 272)	'者的'	7586
7526	(78, 345)	'Now'	7587
7527	(377, 352)	' Cam'	7588
7528	(823, 141)	'稍'	7589
7529	(683, 185)	'妹'	7590
7530	(685, 379)	' worse'	7591
7531	(314, 103)	' ng'	7592
7532	(1097, 129)	'ੁ'	7593
7533	(553, 655)	'业主'	7594
7534	(45, 67)	'-C'	7595
7535	(6727, 411)	' daughter'	7596
7536	(1151, 184)	' સ'	7597
7537	(1167, 1718)	' actual'	7598
7538	(2041, 2523)	' waiting'	7599
7539	(377, 16029)	' Council'	7600
7540	(104, 977)	'hib'	7601
7541	(831, 109)	' arm'	7602
7542	(82, 766)	'Rep'	7603
7543	(632, 2835)	' traff'	7604
7544	(427, 2197)	'年底'	7605
7545	(291, 3251)	' dude'	7606
7546	(469, 154)	' К'	7607
7547	(4480, 308)	' critic'	7608
7548	(6269, 285)	' Angeles'	7609
7549	(284, 276)	' por'	7610
7550	(1585, 5343)	' је'	7611
7551	(1138, 1514)	'设备'	7612
7552	(5306, 115)	' residents'	7613
7553	(398, 97)	'ura'	7614
7554	(256, 279)	' ten'	7615
7555	(925, 459)	' users'	7616
7556	(655, 2674)	'主义'	7617
7557	(4204, 375)	'fortun'	7618
7558	(429, 187)	'彻'	7619
7559	(236, 158)	b'\xec\x9e'	7620
7560	(7091, 6318)	' husband'	7621
7561	(1122, 860)	'ınd'	7622
7562	(259, 321)	'hest'	7623
7563	(641, 112)	' Op'	7624
7564	(291, 969)	' dark'	7625
7565	(217, 137)	'ى'	7626
7566	(45, 928)	'-10'	7627
7567	(410, 146)	'冒'	7628
7568	(1990, 697)	' respect'	7629
7569	(77, 65)	'MA'	7630
7570	(1904, 1110)	'限制'	7631
7571	(394, 151)	'盗'	7632
7572	(1532, 121)	'Hey'	7633
7573	(98, 3124)	'board'	7634
7574	(5312, 350)	'尤其是'	7635
7575	(3329, 272)	'公布的'	7636
7576	(983, 3182)	'意味'	7637
7577	(5675, 922)	'董事'	7638
7578	(353, 1954)	'aches'	7639
7579	(542, 2949)	' Green'	7640
7580	(1126, 905)	' ان'	7641
7581	(506, 428)	'会上'	7642
7582	(417, 263)	' Bre'	7643
7583	(462, 826)	'这位'	7644
7584	(1966, 902)	'团队'	7645
7585	(732, 149)	'捕'	7646
7586	(685, 321)	' worst'	7647
7587	(288, 1615)	'ario'	7648
7588	(1261, 142)	'虎'	7649
7589	(4458, 411)	' counter'	7650
7590	(2288, 657)	'离开'	7651
7591	(1705, 894)	' Brown'	7652
7592	(326, 115)	'ids'	7653
7593	(4852, 404)	' Smith'	7654
7594	(16041, 101)	' piece'	7655
7595	(978, 621)	' overall'	7656
7596	(590, 1077)	'也可以'	7657
7597	(5791, 1798)	' female'	7658
7598	(77, 477)	'More'	7659
7599	(414, 185)	b' \xe0\xb9'	7660
7600	(1161, 139)	'ো'	7661
7601	(284, 375)	' pun'	7662
7602	(415, 177)	'抱'	7663
7603	(713, 3408)	' sports'	7664
7604	(921, 6582)	' manufact'	7665
7605	(280, 143)	'亏'	7666
7606	(1129, 112)	' disp'	7667
7607	(499, 1374)	'uments'	7668
7608	(32, 1295)	' ult'	7670
7609	(4390, 1685)	' authorities'	7671
7610	(1226, 170)	' প'	7672
7611	(216, 182)	'ض'	7673
7612	(2132, 128)	'은'	7674
7613	(391, 293)	' Mal'	7675
7614	(7124, 400)	'加拿大'	7676
7615	(6130, 2178)	' budget'	7677
7616	(1006, 4172)	'据悉'	7678
7617	(4551, 1211)	' في'	7679
7618	(790, 619)	'体现'	7680
7619	(3019, 175)	'્ય'	7681
7620	(195, 185)	'ù'	7682
7621	(5687, 1677)	' International'	7683
7622	(32, 1709)	' é'	7684
7623	(699, 1110)	'机制'	7685
7624	(286, 1798)	' male'	7686
7625	(352, 109)	'amm'	7687
7626	(3702, 2488)	'父亲'	7688
7627	(174, 430)	b'\xae\xe1\x80'	7689
7628	(2464, 728)	'undred'	7690
7629	(963, 689)	'从而'	7691
7630	(1342, 373)	' crim'	7692
7631	(1334, 667)	'显得'	7693
7632	(1068, 350)	'正是'	7694
7633	(311, 171)	'迫'	7695
7634	(1023, 3857)	' prevent'	7696
7635	(286, 1010)	' mach'	7697
7636	(291, 348)	' dad'	7698
7637	(1217, 142)	'黎'	7699
7638	(486, 2728)	'出席'	7700
7639	(431, 1802)	'change'	7701
7640	(490, 16060)	' November'	7702
7641	(645, 158)	'洞'	7703
7642	(1903, 118)	' surv'	7704
7643	(1361, 4573)	' additional'	7705
7644	(1509, 2273)	' کې'	7706
7645	(105, 3145)	'iety'	7707
7646	(504, 2253)	' shared'	7708
7647	(3525, 115)	' girls'	7709
7648	(1242, 460)	'那个'	7710
7649	(742, 287)	'uced'	7711
7650	(387, 142)	'扎'	7712
7651	(1700, 931)	'决赛'	7713
7652	(1929, 149)	'िक'	7714
7653	(2066, 4419)	'医疗'	7715
7654	(1074, 159)	'烟'	7716
7655	(277, 1856)	' bụ'	7717
7656	(588, 862)	' Even'	7718
7657	(582, 7165)	' album'	7719
7658	(256, 1091)	' table'	7720
7659	(395, 150)	'赖'	7721
7660	(314, 759)	' nine'	7722
7661	(2225, 5575)	'普遍'	7723
7662	(3367, 170)	'薪'	7724
7663	(516, 134)	'忆'	7725
7664	(16036, 485)	' largest'	7726
7665	(1277, 161)	'荡'	7727
7666	(80, 450)	'Pol'	7728
7667	(53, 54)	'56'	7729
7668	(531, 2679)	' Like'	7730
7669	(528, 97)	'ula'	7731
7670	(606, 178)	'લ'	7732
7671	(401, 139)	'奋'	7733
7672	(818, 1857)	'点评'	7734
7673	(1338, 568)	'低于'	7735
7674	(5144, 833)	'盈利'	7736
7675	(48, 51)	'03'	7737
7676	(1847, 964)	' related'	7738
7677	(1692, 159)	'்ட'	7739
7678	(16001, 50)	' 2012'	7740
7679	(668, 99)	' unc'	7741
7680	(3628, 1959)	'ත්'	7742
7681	(2125, 773)	'食品'	7743
7682	(350, 460)	'是个'	7744
7683	(1464, 1533)	'广告'	7745
7684	(107, 332)	'ket'	7746
7685	(1027, 428)	'身上'	7747
7686	(79, 107)	'Ok'	7748
7687	(3363, 923)	' options'	7749
7688	(3731, 345)	' snow'	7750
7689	(408, 821)	'ooking'	7751
7690	(1746, 1282)	'博客'	7752
7691	(985, 6990)	' Chinese'	7753
7692	(1361, 1325)	' addition'	7754
7693	(333, 1597)	' repe'	7755
7694	(1814, 272)	'方面的'	7756
7695	(83, 80)	'SP'	7757
7696	(876, 293)	' qual'	7758
7697	(1436, 506)	'可能会'	7759
7698	(436, 635)	' Port'	7760
7699	(607, 1237)	'新华'	7761
7700	(1412, 3198)	'教练'	7762
7701	(55, 57)	'79'	7763
7702	(834, 839)	'رو'	7764
7703	(100, 111)	'do'	7765
7704	(2471, 258)	' skin'	7766
7705	(354, 373)	' Sim'	7767
7706	(103, 3054)	'gency'	7768
7707	(666, 714)	'本期'	7769
7708	(611, 423)	' plus'	7770
7709	(5833, 637)	' executive'	7771
7710	(272, 1924)	'的比赛'	7772
7711	(3233, 328)	' Play'	7773
7712	(1066, 2147)	'记录'	7774
7713	(4100, 287)	' charged'	7775
7714	(291, 258)	' din'	7776
7715	(126, 126)	'~~'	7777
7716	(1507, 272)	'发展的'	7778
7717	(2033, 142)	'慎'	7779
7718	(1003, 285)	'aves'	7780
7719	(1968, 955)	'摄影'	7781
7720	(48, 54)	'06'	7782
7721	(2066, 534)	'医生'	7783
7722	(265, 110)	'onn'	7784
7723	(291, 5560)	' danger'	7785
7724	(588, 85)	' EU'	7786
7725	(2210, 1275)	' الم'	7787
7726	(358, 184)	'诸'	7788
7727	(1177, 3318)	'总经理'	7789
7728	(2339, 6913)	' Israel'	7790
7729	(5075, 548)	' encour'	7791
7730	(719, 100)	'odd'	7792
7731	(1851, 97)	'anna'	7793
7732	(800, 187)	'電'	7794
7733	(505, 267)	'ander'	7795
7734	(824, 5042)	' introd'	7796
7735	(268, 275)	' wit'	7797
7736	(4817, 274)	' Republican'	7798
7737	(1525, 3187)	' remains'	7799
7738	(806, 272)	'度的'	7800
7739	(264, 1163)	' sens'	7801
7740	(1945, 105)	'atti'	7802
7741	(108, 328)	'lay'	7803
7742	(5881, 6643)	' beautiful'	7804
7743	(300, 110)	' inn'	7805
7744	(663, 776)	'最好'	7806
7745	(121, 1094)	'yond'	7807
7746	(569, 191)	'沿'	7808
7747	(851, 53)	' 35'	7809
7748	(52, 50)	'42'	7810
7749	(2214, 348)	' glad'	7811
7750	(105, 459)	'iers'	7812
7751	(611, 4708)	' places'	7813
7752	(692, 166)	'侦'	7814
7753	(287, 105)	'edi'	7815
7754	(3246, 110)	' damn'	7816
7755	(3272, 152)	'하'	7817
7756	(2014, 133)	'их'	7818
7757	(1711, 4937)	' میں'	7819
7758	(919, 3552)	' prison'	7820
7759	(52, 51)	'43'	7821
7760	(2079, 112)	' trip'	7822
7761	(373, 98)	'imb'	7823
7762	(286, 406)	' mill'	7824
7763	(45, 65)	'-A'	7825
7764	(1218, 776)	'做好'	7826
7765	(2473, 3275)	' continued'	7827
7766	(421, 612)	' weight'	7828
7767	(1240, 2921)	' accused'	7829
7768	(539, 3555)	'地震'	7830
7769	(308, 365)	'icro'	7831
7770	(376, 370)	' Aut'	7832
7771	(1287, 667)	'变得'	7833
7772	(66, 4751)	'Because'	7834
7773	(1780, 3934)	' laugh'	7835
7774	(103, 98)	'gb'	7836
7775	(611, 863)	' plays'	7837
7776	(740, 1015)	'资格'	7838
7777	(56, 424)	'800'	7839
7778	(277, 719)	' bod'	7840
7779	(792, 3054)	' agency'	7841
7780	(434, 1405)	' rates'	7842
7781	(2002, 7345)	' families'	7843
7782	(2694, 503)	' да'	7844
7783	(2185, 182)	'瓶'	7845
7784	(385, 4502)	' style'	7846
7785	(464, 281)	' Dis'	7847
7786	(947, 267)	' exper'	7848
7787	(761, 400)	'加大'	7849
7788	(267, 838)	'erry'	7850
7789	(365, 121)	'roy'	7851
7790	(1429, 170)	'横'	7852
7791	(1006, 2826)	'据了解'	7853
7792	(939, 187)	'邻'	7854
7793	(316, 288)	' gar'	7855
7794	(2047, 2047)	'往往'	7856
7795	(568, 350)	'于是'	7857
7796	(1237, 3287)	'华夏'	7858
7797	(710, 1290)	'ем'	7859
7798	(3214, 2488)	'母亲'	7860
7799	(293, 283)	'aling'	7861
7800	(1667, 545)	'研发'	7862
7801	(1390, 190)	'疾'	7863
7802	(99, 97)	'ca'	7864
7803	(392, 151)	'耗'	7865
7804	(2897, 115)	' levels'	7866
7805	(856, 767)	'当天'	7867
7806	(1372, 293)	'egal'	7868
7807	(85, 84)	'UT'	7869
7808	(476, 134)	'拆'	7870
7809	(284, 1940)	' para'	7871
7810	(1008, 114)	' contr'	7872
7811	(3151, 67)	' McC'	7873
7812	(818, 1948)	'点击'	7874
7813	(6991, 1383)	' platform'	7875
7814	(388, 132)	'径'	7876
7815	(2877, 4721)	' increasing'	7877
7816	(438, 166)	'敦'	7878
7817	(975, 467)	'及时'	7879
7818	(4657, 903)	' People'	7880
7819	(496, 1080)	' Rob'	7881
7820	(373, 2693)	'imately'	7882
7821	(106, 105)	'ji'	7883
7822	(967, 3445)	' playoff'	7884
7823	(359, 2276)	' items'	7885
7824	(907, 583)	' acqu'	7886
7825	(32, 2589)	' ç'	7887
7826	(618, 145)	'ố'	7888
7827	(1102, 521)	'应对'	7889
7828	(569, 159)	'沟'	7890
7829	(278, 6703)	' citiz'	7891
7830	(735, 186)	b' \xe1\xba'	7892
7831	(397, 840)	'人数'	7893
7832	(4823, 729)	' judge'	7894
7833	(308, 105)	'ici'	7895
7834	(3926, 3311)	'遭遇'	7896
7835	(411, 811)	'terday'	7897
7836	(348, 283)	'ading'	7898
7837	(375, 97)	'una'	7899
7838	(457, 185)	'纹'	7900
7839	(516, 152)	'忘'	7901
7840	(727, 3309)	'球迷'	7902
7841	(386, 1373)	'不再'	7903
7842	(566, 164)	'ত'	7904
7843	(391, 2254)	' Mex'	7905
7844	(1853, 115)	' feels'	7906
7845	(299, 132)	'兄'	7907
7846	(278, 838)	' cry'	7908
7847	(590, 2056)	'也许'	7909
7848	(421, 2468)	" we've"	7910
7849	(388, 146)	'徒'	7911
7850	(898, 103)	'berg'	7912
7851	(668, 2382)	' unless'	7913
7852	(1285, 4529)	'解释'	7914
7853	(385, 7272)	' streng'	7915
7854	(4385, 287)	' failed'	7916
7855	(1301, 4431)	'给予'	7917
7856	(1780, 3573)	' launch'	7918
7857	(352, 283)	'aming'	7919
7858	(363, 141)	'伍'	7920
7859	(284, 1558)	' pair'	7921
7860	(1232, 562)	'奖金'	7922
7861	(2551, 418)	' Phil'	7923
7862	(284, 423)	' pus'	7924
7863	(1464, 400)	'广大'	7925
7864	(2071, 729)	'ledge'	7926
7865	(1111, 97)	'awa'	7927
7866	(291, 3208)	' dream'	7928
7867	(741, 357)	'还在'	7929
7868	(2279, 4507)	' effective'	7930
7869	(103, 459)	'gers'	7931
7870	(16008, 3448)	' followed'	7932
7871	(293, 1000)	'alty'	7933
7872	(793, 133)	'畅'	7934
7873	(111, 310)	'oom'	7935
7874	(1018, 747)	'ур'	7937
7875	(105, 330)	'iot'	7938
7876	(3223, 2642)	' raised'	7939
7877	(3023, 1258)	'免费'	7940
7878	(1402, 3566)	' attract'	7941
7879	(278, 7241)	' crazy'	7942
7880	(1529, 45)	' na-'	7943
7881	(305, 301)	' las'	7944
7882	(1093, 2452)	'女孩'	7945
7883	(4110, 1739)	' sunny'	7946
7884	(272, 787)	'的外'	7947
7885	(2818, 522)	' estab'	7948
7886	(1099, 1136)	'增强'	7949
7887	(381, 3139)	' hearing'	7950
7888	(2798, 1666)	'分析师'	7951
7889	(301, 97)	'asa'	7952
7890	(601, 390)	'高中'	7953
7891	(4621, 929)	' murder'	7954
7892	(45, 2449)	'-year'	7955
7893	(4215, 2450)	'本报讯'	7956
7894	(434, 938)	' rare'	7957
7895	(1269, 819)	' blue'	7958
7896	(1481, 812)	'知名'	7959
7897	(1023, 3951)	' prefer'	7960
7898	(509, 130)	'剂'	7961
7899	(323, 161)	'ड'	7962
7900	(5179, 2384)	' Obama'	7963
7901	(2877, 1749)	' increased'	7964
7902	(46, 67)	'.C'	7965
7903	(496, 69)	' RE'	7966
7904	(5421, 1833)	'涂料'	7967
7905	(333, 5412)	' revenue'	7968
7906	(601, 2963)	'高端'	7969
7907	(336, 6134)	'一旦'	7971
7908	(381, 5629)	' heavy'	7972
7909	(428, 4377)	'上半年'	7973
7910	(1144, 424)	' 500'	7974
7911	(2770, 2789)	' required'	7975
7912	(1414, 336)	'统一'	7976
7913	(45, 379)	'-se'	7977
7914	(1296, 2730)	'原油'	7978
7915	(119, 485)	'west'	7979
7916	(4010, 170)	'踪'	7980
7917	(720, 139)	'谋'	7981
7918	(32, 4091)	' қ'	7982
7919	(2373, 163)	'าร'	7983
7920	(1812, 2407)	'助攻'	7984
7921	(732, 183)	'捷'	7985
7922	(914, 694)	'房产'	7986
7923	(880, 7413)	'情绪'	7987
7924	(1303, 1288)	'南京'	7988
7925	(1708, 157)	' ም'	7989
7926	(2279, 3408)	' efforts'	7990
7927	(535, 134)	'覆'	7991
7928	(286, 267)	' mer'	7992
7929	(515, 271)	'that'	7993
7930	(1223, 56)	'198'	7994
7931	(391, 477)	' More'	7995
7932	(550, 1884)	'场景'	7996
7933	(897, 427)	'明年'	7997
7934	(354, 293)	' Sal'	7998
7935	(1239, 495)	'想到'	7999
7936	(70, 67)	'FC'	8000
7937	(53, 55)	'57'	8001
7938	(798, 2410)	' advice'	8002
7939	(108, 276)	'lor'	8003
7940	(353, 527)	'acts'	8004
7941	(4926, 580)	b'\xe0\xaf\x88\xe0\xae'	8005
7942	(1980, 1089)	' putting'	8006
7943	(1807, 803)	'ship'	8007
7944	(1353, 1658)	'胜负'	8008
7945	(1310, 400)	'较大'	8009
7946	(3800, 3531)	'ournament'	8010
7947	(2453, 5356)	' avoid'	8011
7948	(48, 52)	'04'	8012
7949	(542, 1128)	' Great'	8013
7950	(2233, 287)	' signed'	8014
7951	(893, 288)	' Star'	8015
7952	(467, 714)	'时期'	8016
7953	(666, 1027)	'本身'	8017
7954	(4816, 643)	' treatment'	8018
7955	(69, 816)	'Every'	8019
7956	(392, 144)	'耐'	8020
7957	(2336, 287)	' opened'	8021
7958	(920, 6985)	'特殊'	8022
7959	(1412, 5156)	'教授'	8023
7960	(279, 97)	'ena'	8024
7961	(684, 1027)	'自身'	8025
7962	(4211, 331)	' seriously'	8026
7963	(849, 959)	' peace'	8027
7964	(378, 1019)	'有着'	8028
7965	(2477, 166)	'ائ'	8029
7966	(910, 695)	'里面'	8030
7967	(2888, 4303)	' conditions'	8031
7968	(2620, 1037)	'黑色'	8032
7969	(357, 462)	'在这'	8033
7970	(985, 3513)	' Chief'	8034
7971	(803, 101)	'ipe'	8035
7972	(661, 5088)	' cancer'	8036
7973	(5614, 619)	'呈现'	8037
7974	(1701, 727)	'足球'	8038
7975	(391, 418)	' Mil'	8039
7976	(860, 267)	'nder'	8040
7977	(48, 50)	'02'	8041
7978	(1279, 539)	'各地'	8042
7979	(299, 167)	'內'	8043
7980	(968, 378)	'持有'	8044
7981	(417, 526)	' Bel'	8045
7982	(433, 108)	'cel'	8046
7983	(1676, 2894)	'板块'	8047
7984	(789, 1232)	'等奖'	8048
7985	(4047, 276)	' Flor'	8049
7986	(348, 478)	'adem'	8050
7987	(1616, 6093)	' independ'	8051
7988	(645, 170)	'洪'	8052
7989	(2700, 555)	'一定要'	8053
7990	(490, 5489)	' NFL'	8054
7991	(1081, 568)	'至于'	8055
7992	(341, 129)	'旁'	8056
7993	(57, 54)	'96'	8057
7994	(16004, 312)	"I'll"	8058
7995	(652, 737)	" hasn't"	8059
7996	(1578, 98)	' emb'	8060
7997	(256, 626)	' tast'	8061
7998	(216, 163)	'أ'	8062
7999	(1358, 144)	' ነ'	8063
8000	(1109, 164)	'ात'	8064
8001	(896, 2720)	' anyway'	8065
8002	(3490, 1010)	' approach'	8066
8003	(530, 691)	' notice'	8067
8004	(640, 518)	'就能'	8068
8005	(1969, 1666)	'设计师'	8069
8006	(1578, 112)	' emp'	8070
8007	(356, 79)	' TO'	8071
8008	(4119, 147)	'經'	8072
8009	(400, 1381)	'大盘'	8073
8010	(2918, 2226)	' Scott'	8074
8011	(430, 3821)	b'\xe1\x80\x90\xe1\x80'	8075
8012	(750, 161)	'坡'	8076
8013	(1557, 2194)	'份额'	8077
8014	(531, 273)	' Lou'	8078
8015	(6111, 331)	'arently'	8079
8016	(4716, 6618)	' absolutely'	8080
8017	(4090, 1959)	'ක්'	8081
8018	(2353, 6631)	' legisl'	8082
8019	(111, 367)	"o's"	8083
8020	(272, 1761)	'的学生'	8084
8021	(3530, 115)	' claims'	8085
8022	(1109, 130)	'ां'	8086
8023	(119, 274)	'wan'	8087
8024	(464, 908)	" Don't"	8088
8025	(1343, 121)	'ancy'	8089
8026	(943, 548)	' Your'	8090
8027	(1430, 149)	' క'	8091
8028	(57, 55)	'97'	8092
8029	(1424, 420)	'称为'	8093
8030	(84, 65)	'TA'	8094
8031	(3369, 2983)	' injured'	8095
8032	(1639, 914)	'购房'	8096
8033	(2639, 1318)	'独立'	8097
8034	(832, 709)	'相同'	8098
8035	(573, 5089)	'下滑'	8099
8036	(1605, 1434)	'尼亚'	8100
8037	(267, 1502)	'erman'	8101
8038	(1067, 6413)	' teacher'	8102
8039	(1016, 170)	' ਪ'	8103
8040	(6013, 1650)	'沪深'	8104
8041	(6890, 1168)	'elligence'	8105
8042	(835, 138)	'聊'	8106
8043	(2039, 110)	'ün'	8107
8044	(6185, 759)	' imagine'	8108
8045	(510, 477)	' Fore'	8109
8046	(385, 980)	' stick'	8110
8047	(2009, 5109)	'儿童'	8111
8048	(340, 156)	'甜'	8112
8049	(391, 458)	' Mag'	8113
8050	(115, 112)	'sp'	8114
8051	(196, 135)	'ć'	8115
8052	(6184, 4845)	' welcome'	8116
8053	(308, 6436)	'icago'	8117
8054	(580, 178)	'ல'	8118
8055	(589, 137)	' उ'	8119
8056	(2806, 1475)	' easily'	8120
8057	(677, 5115)	' leaving'	8121
8058	(5073, 785)	'妻子'	8122
8059	(376, 99)	' Ac'	8123
8060	(586, 137)	'ሉ'	8124
8061	(2247, 2989)	'ිය'	8125
8062	(373, 334)	'iment'	8126
8063	(2741, 1015)	'严格'	8127
8064	(1394, 3069)	'欧盟'	8128
8065	(655, 721)	'主动'	8129
8066	(1537, 1224)	'山东'	8130
8067	(546, 2287)	' vari'	8131
8068	(1158, 190)	'驾'	8132
8069	(3068, 637)	' receive'	8133
8070	(463, 406)	' Hill'	8134
8071	(305, 285)	' les'	8135
8072	(480, 1871)	'rief'	8136
8073	(73, 2470)	'ION'	8137
8074	(2339, 4829)	' Islam'	8138
8075	(662, 272)	'元的'	8139
8076	(1809, 397)	'男人'	8140
8077	(4330, 1405)	' updates'	8141
8078	(3025, 350)	'特别是'	8142
8079	(884, 427)	'两年'	8143
8080	(281, 105)	'isi'	8145
8081	(632, 532)	' train'	8146
8082	(16003, 132)	'ไ'	8147
8083	(1780, 375)	' laun'	8148
8084	(683, 153)	'妙'	8149
8085	(415, 150)	'抖'	8150
8086	(836, 2687)	' closed'	8151
8087	(349, 162)	'卢'	8152
8088	(1608, 846)	'售价'	8153
8089	(3817, 276)	' color'	8154
8090	(116, 532)	'tain'	8155
8091	(1617, 1618)	'居住'	8156
8092	(1612, 3071)	'类似'	8157
8093	(6699, 581)	' literally'	8158
8094	(632, 273)	' trou'	8159
8095	(4063, 4063)	'纷纷'	8160
8096	(2634, 4440)	' influ'	8161
8097	(72, 68)	'HD'	8162
8098	(1538, 420)	'仅为'	8163
8099	(3476, 3796)	' Commission'	8164
8100	(3805, 272)	'之间的'	8165
8101	(562, 2194)	'金额'	8166
8102	(4060, 5289)	' employees'	8167
8103	(807, 133)	'墅'	8168
8104	(827, 3505)	'重庆'	8169
8105	(1883, 545)	'引发'	8170
8106	(1117, 141)	'舍'	8171
8107	(1007, 134)	'ె'	8172
8108	(874, 420)	'更为'	8173
8109	(1076, 121)	'olly'	8174
8110	(2806, 2029)	' easier'	8175
8111	(278, 1243)	' cold'	8176
8112	(708, 272)	'部的'	8177
8113	(3610, 721)	'启动'	8178
8114	(3478, 1910)	' Johnson'	8179
8115	(1900, 3886)	'世界杯'	8180
8116	(216, 166)	'ئ'	8181
8117	(4512, 115)	'chers'	8182
8118	(1256, 331)	'iously'	8183
8119	(827, 1602)	'重视'	8184
8120	(65, 104)	'Ah'	8185
8121	(1097, 130)	'ੂ'	8186
8122	(5210, 570)	b'\xe0\xb1\x87\xe0\xb0'	8187
8123	(434, 651)	' rap'	8188
8124	(309, 138)	'刊'	8189
8125	(2698, 2147)	'纪录'	8190
8126	(422, 175)	'贯'	8191
8127	(1239, 555)	'想要'	8192
8128	(32, 574)	' ess'	8193
8129	(546, 353)	' vac'	8194
8130	(82, 65)	'RA'	8195
8131	(288, 671)	'aries'	8196
8132	(2262, 1804)	'举办'	8197
8133	(305, 4740)	' loved'	8198
8134	(310, 301)	'omas'	8199
8135	(380, 148)	'孔'	8200
8136	(434, 4616)	' rule'	8201
8137	(385, 4111)	' stories'	8202
8138	(1151, 174)	' મ'	8203
8139	(6132, 678)	' ensure'	8204
8140	(429, 185)	'役'	8205
8141	(1229, 2898)	'认识'	8206
8142	(427, 806)	'年度'	8207
8143	(377, 6267)	' CEO'	8208
8144	(1867, 145)	'撑'	8209
8145	(2213, 283)	' hoping'	8210
8146	(920, 1037)	'特色'	8211
8147	(749, 272)	'小的'	8212
8148	(107, 267)	'ker'	8213
8149	(602, 948)	'ис'	8214
8150	(1509, 834)	' کر'	8215
8151	(284, 969)	' park'	8216
8152	(471, 155)	'ป'	8217
8153	(1425, 630)	' award'	8218
8154	(395, 154)	'赚'	8219
8155	(1818, 806)	'角度'	8220
8156	(272, 1468)	'的产品'	8221
8157	(1931, 997)	' France'	8222
8158	(602, 1350)	'ив'	8223
8159	(2460, 1006)	'占据'	8224
8160	(436, 263)	' Pre'	8225
8161	(16062, 841)	'mercial'	8226
8162	(793, 170)	'番'	8227
8163	(1102, 665)	'应用'	8228
8164	(1085, 553)	'物业'	8229
8165	(707, 161)	'污'	8230
8166	(1342, 6294)	' crowd'	8231
8167	(361, 2178)	' forget'	8232
8168	(391, 2679)	' Mike'	8233
8169	(331, 110)	'lyn'	8234
8170	(294, 103)	' ang'	8235
8171	(292, 450)	' tool'	8236
8172	(744, 1285)	'理解'	8237
8173	(771, 272)	'定的'	8238
8174	(16064, 4828)	'咨询'	8239
8175	(305, 328)	' lay'	8240
8176	(2541, 1469)	'细节'	8241
8177	(4077, 428)	'实际上'	8242
8178	(3004, 331)	' clearly'	8243
8179	(230, 134)	b'\xe6\x86'	8244
8180	(487, 174)	'浮'	8245
8181	(1707, 746)	'ground'	8246
8182	(284, 115)	' ps'	8247
8183	(1469, 518)	'节能'	8248
8184	(1136, 272)	'强的'	8250
8185	(417, 369)	' Big'	8251
8186	(32, 618)	b' \xe1\xbb'	8252
8187	(1167, 637)	' active'	8253
8188	(264, 2965)	' sym'	8254
8189	(2106, 3256)	' про'	8255
8190	(1836, 145)	'塑'	8256
8191	(504, 370)	' shut'	8257
8192	(629, 178)	'ਲ'	8258
8193	(104, 2365)	'htt'	8259
8194	(1332, 571)	'组成'	8260
8195	(596, 1558)	' chair'	8261
8196	(613, 379)	' These'	8262
8197	(685, 838)	' worry'	8263
8198	(2440, 283)	' killing'	8264
8199	(45, 55)	'-7'	8265
8200	(847, 520)	'看来'	8266
8201	(2208, 176)	'్ర'	8267
8202	(1235, 1352)	'指导'	8268
8203	(54, 55)	'67'	8269
8204	(98, 263)	'bre'	8270
8205	(1232, 1267)	'奖号'	8271
8206	(16001, 49)	' 2011'	8272
8207	(2575, 428)	'晚上'	8273
8208	(2899, 104)	' meth'	8274
8209	(316, 2949)	' green'	8275
8210	(733, 607)	'全新'	8276
8211	(2755, 1384)	'ले'	8277
8212	(3751, 4830)	' है'	8278
8213	(391, 111)	' Mo'	8279
8214	(464, 274)	' Dan'	8280
8215	(7576, 1019)	'意味着'	8281
8216	(5991, 112)	' purp'	8282
8217	(6021, 1037)	'颜色'	8283
8218	(286, 1704)	' max'	8284
8219	(1234, 287)	' feed'	8285
8220	(1054, 428)	'市场上'	8286
8221	(1240, 1156)	' accident'	8287
8222	(297, 271)	' hat'	8288
8223	(314, 7323)	' nuclear'	8289
8224	(744, 2959)	'理念'	8290
8225	(268, 1704)	' wax'	8291
8226	(309, 183)	'刷'	8292
8227	(5763, 6589)	'光学变焦'	8293
8228	(1430, 181)	' వ'	8294
8229	(233, 172)	b'\xe9\xac'	8295
8230	(828, 1104)	'性感'	8296
8231	(530, 101)	' note'	8297
8232	(32, 691)	' ice'	8298
8233	(1026, 657)	'展开'	8299
8234	(284, 4536)	' paper'	8300
8235	(369, 97)	'iga'	8301
8236	(5046, 2253)	' appeared'	8302
8237	(1931, 1343)	' Franc'	8303
8238	(1098, 116)	'ət'	8304
8239	(369, 274)	'igan'	8305
8240	(2968, 1391)	'追求'	8306
8241	(763, 179)	'艳'	8307
8242	(1430, 133)	' అ'	8308
8243	(5404, 2215)	' features'	8309
8244	(3754, 1427)	' draft'	8310
8245	(2562, 285)	' businesses'	8311
8246	(310, 279)	'omen'	8312
8247	(2020, 1376)	'段时间'	8313
8248	(464, 285)	' Des'	8314
8249	(297, 5187)	' hurt'	8315
8250	(549, 151)	'俗'	8316
8251	(373, 499)	'imum'	8317
8252	(839, 1275)	'وم'	8318
8253	(275, 122)	'itz'	8319
8254	(433, 287)	'ceed'	8320
8255	(707, 164)	'汤'	8321
8256	(2128, 495)	'拿到'	8322
8257	(463, 621)	' Hall'	8323
8258	(1107, 2912)	'无疑'	8324
8259	(510, 5300)	' First'	8325
8260	(540, 357)	'日在'	8326
8261	(702, 138)	' ي'	8327
8262	(540, 3178)	'日消息'	8328
8263	(358, 158)	'诞'	8329
8264	(595, 1477)	'公共'	8330
8265	(1162, 4658)	' partners'	8331
8266	(272, 390)	'的中'	8332
8267	(779, 5202)	'平衡'	8333
8268	(562, 1996)	'金属'	8334
8269	(3202, 396)	'采用了'	8335
8270	(256, 675)	' tough'	8336
8271	(2946, 2146)	'However'	8337
8272	(1166, 495)	'回到'	8338
8273	(869, 143)	'柏'	8339
8274	(272, 623)	'的前'	8340
8275	(1104, 880)	'感情'	8341
8276	(1384, 2556)	'ें'	8342
8277	(440, 136)	'览'	8343
8278	(596, 1326)	' champ'	8344
8279	(1115, 322)	'ression'	8345
8280	(869, 148)	'柔'	8346
8281	(1960, 156)	'猜'	8347
8282	(2850, 2557)	' basically'	8348
8283	(2888, 1325)	' condition'	8349
8284	(2510, 179)	'碳'	8350
8285	(114, 617)	'rist'	8351
8286	(417, 398)	' Bur'	8352
8287	(648, 164)	'肤'	8353
8288	(46, 84)	'.T'	8354
8289	(662, 1775)	'元素'	8355
8290	(5525, 110)	'ên'	8356
8291	(586, 170)	'ሪ'	8357
8292	(112, 370)	'put'	8358
8293	(939, 147)	'邓'	8359
8294	(330, 105)	'oti'	8360
8295	(2686, 1979)	'群众'	8361
8296	(576, 460)	'多个'	8362
8297	(332, 1262)	'ette'	8363
8298	(469, 156)	' М'	8364
8299	(272, 2746)	'的方式'	8365
8300	(469, 161)	' С'	8366
8301	(2248, 3275)	' issued'	8367
8302	(1098, 108)	'əl'	8368
8303	(1943, 5773)	b' \xe1\x80\xa1\xe1\x80'	8369
8304	(1098, 115)	'əs'	8370
8305	(378, 891)	'有一个'	8371
8306	(557, 1793)	'分红'	8372
8307	(80, 101)	'Pe'	8373
8308	(522, 1606)	'ables'	8374
8309	(852, 331)	'ously'	8375
8310	(546, 4180)	' voice'	8376
8311	(2326, 5599)	'卫浴'	8377
8312	(69, 69)	'EE'	8378
8313	(582, 5016)	' although'	8379
8314	(6789, 258)	'stein'	8380
8315	(947, 505)	' expand'	8381
8316	(588, 118)	' Ev'	8382
8317	(7311, 156)	'로'	8383
8318	(66, 108)	'Bl'	8384
8319	(4298, 1687)	' excited'	8385
8320	(830, 1540)	'很快'	8386
8321	(2862, 695)	'画面'	8387
8322	(1200, 700)	'科比'	8388
8323	(542, 7143)	' General'	8389
8324	(1569, 499)	' assum'	8390
8325	(467, 272)	'时的'	8391
8326	(458, 267)	'ager'	8392
8327	(320, 1252)	'level'	8393
8328	(458, 1788)	'agement'	8394
8329	(278, 626)	' cast'	8395
8330	(539, 826)	'地位'	8396
8331	(1118, 2161)	'战绩'	8397
8332	(101, 1535)	'ext'	8398
8333	(655, 1368)	'主演'	8399
8334	(491, 6091)	' journal'	8400
8335	(305, 6448)	' langu'	8401
8336	(1830, 116)	' sett'	8402
8337	(315, 140)	'昌'	8403
8338	(265, 3030)	'onstr'	8404
8339	(3677, 1671)	'逐步'	8405
8340	(674, 283)	' willing'	8406
8341	(3230, 367)	" There's"	8407
8342	(308, 528)	'icul'	8408
8343	(315, 130)	'昂'	8409
8344	(95, 116)	'_t'	8410
8345	(4151, 966)	'while'	8411
8346	(547, 135)	'颇'	8412
8347	(3615, 143)	'鹏'	8413
8348	(428, 396)	'上了'	8414
8349	(571, 4417)	'成熟'	8415
8350	(2369, 178)	'ில'	8416
8351	(385, 3755)	' street'	8417
8352	(893, 766)	' Step'	8418
8353	(496, 1415)	' Rock'	8419
8354	(480, 122)	'riz'	8420
8355	(1013, 7434)	' Virgin'	8421
8356	(556, 350)	'可是'	8422
8357	(471, 183)	'ื'	8423
8358	(1548, 3385)	'反映'	8424
8359	(2394, 6911)	'习惯'	8425
8360	(1026, 984)	'展示'	8426
8361	(278, 3572)	' code'	8427
8362	(78, 69)	'NE'	8428
8363	(4115, 1037)	'绿色'	8429
8364	(2079, 293)	' trial'	8430
8365	(935, 2954)	'民族'	8431
8366	(381, 365)	' hero'	8432
8367	(3098, 853)	'्या'	8433
8368	(1093, 785)	'女子'	8434
8369	(278, 6388)	' caught'	8435
8370	(4065, 1810)	'损失'	8436
8371	(278, 301)	' cas'	8437
8372	(6215, 441)	' conversation'	8438
8373	(551, 186)	'挺'	8439
8374	(1651, 350)	'则是'	8440
8375	(505, 310)	'andom'	8441
8376	(2000, 1185)	' investors'	8442
8377	(3411, 420)	'分别为'	8443
8378	(815, 459)	' offers'	8444
8379	(1574, 4026)	'的一個'	8445
8380	(1455, 50)	'2012'	8446
8381	(2831, 283)	' buying'	8447
8382	(666, 1200)	'本科'	8448
8383	(291, 310)	' dom'	8449
8384	(1508, 458)	' flag'	8450
8385	(655, 1818)	'主角'	8451
8386	(411, 109)	'term'	8452
8387	(442, 104)	' kh'	8453
8388	(51, 1271)	'3000'	8454
8389	(1683, 556)	'即可'	8455
8390	(2073, 740)	'融资'	8456
8391	(275, 105)	'iti'	8457
8392	(2141, 1575)	'奇才'	8458
8393	(4387, 4369)	' network'	8459
8394	(3890, 5279)	' English'	8460
8395	(1914, 1034)	' retail'	8461
8396	(346, 7745)	' beyond'	8462
8397	(3180, 806)	'印度'	8463
8398	(1619, 1227)	' finish'	8464
8399	(1968, 1392)	'摄像'	8465
8400	(4797, 1626)	'讨论'	8466
8401	(282, 6705)	' fresh'	8467
8402	(4171, 7835)	' yesterday'	8468
8403	(1104, 1133)	'感受'	8469
8404	(16028, 7134)	' challenge'	8470
8405	(859, 6512)	' computer'	8471
8406	(573, 396)	'下了'	8472
8407	(3774, 527)	' starts'	8473
8408	(1472, 275)	' commit'	8474
8409	(305, 39)	" l'"	8475
8410	(417, 121)	' By'	8476
8411	(2272, 121)	' lawy'	8477
8412	(1081, 1112)	'至今'	8478
8413	(336, 767)	'一天'	8479
8414	(334, 2508)	'entially'	8480
8415	(708, 781)	'部长'	8481
8416	(395, 143)	'赏'	8482
8417	(464, 2078)	' Direct'	8483
8418	(649, 769)	'от'	8484
8419	(936, 878)	' image'	8485
8420	(392, 182)	'耶'	8486
8421	(801, 357)	'所在'	8487
8422	(486, 1280)	'出台'	8488
8423	(423, 637)	'usive'	8489
8424	(407, 178)	'玲'	8490
8425	(7193, 1152)	' Canadian'	8491
8426	(3790, 1325)	' competition'	8492
8427	(1452, 111)	'onto'	8493
8428	(561, 168)	'辨'	8494
8429	(5183, 308)	' communic'	8495
8430	(16044, 1497)	' weapons'	8496
8431	(476, 150)	'拖'	8497
8432	(937, 6182)	'通胀'	8498
8433	(3033, 326)	' solid'	8499
8434	(995, 186)	'铺'	8500
8435	(272, 2137)	'的主要'	8501
8436	(460, 5295)	'个篮板'	8502
8437	(1224, 620)	'东方'	8503
8438	(2125, 1085)	'食物'	8504
8439	(896, 5913)	' anymore'	8505
8440	(1836, 171)	'填'	8506
8441	(477, 115)	'ores'	8507
8442	(1074, 167)	'烧'	8508
8443	(2286, 115)	' obs'	8509
8444	(1674, 53)	'1.5'	8510
8445	(2818, 373)	' estim'	8511
8446	(4710, 2430)	'寻找'	8512
8447	(438, 184)	'數'	8513
8448	(318, 114)	' Ir'	8514
8449	(949, 5724)	'提醒'	8515
8450	(1230, 272)	'型的'	8516
8451	(340, 152)	'甘'	8517
8452	(1385, 737)	" shouldn't"	8518
8453	(655, 1222)	'主题'	8519
8454	(272, 3725)	'的地方'	8520
8455	(272, 2489)	'的表现'	8521
8456	(1592, 115)	' helps'	8522
8457	(3420, 2325)	'ને'	8523
8458	(1600, 156)	'娜'	8524
8459	(3351, 1195)	'收益率'	8525
8460	(4927, 1160)	' beginning'	8526
8461	(297, 7628)	' hundred'	8527
8462	(5331, 115)	' victims'	8528
8463	(103, 117)	'gu'	8529
8464	(2339, 1766)	' Island'	8530
8465	(789, 789)	'等等'	8531
8466	(385, 441)	' station'	8532
8467	(6385, 1439)	'Maybe'	8533
8468	(397, 1612)	'人类'	8534
8469	(16049, 3572)	' episode'	8535
8470	(1393, 345)	' throw'	8536
8471	(1921, 115)	' seconds'	8537
8472	(1508, 3258)	' floor'	8538
8473	(281, 267)	'iser'	8539
8474	(3045, 7428)	' Amazon'	8540
8475	(318, 527)	' Its'	8541
8476	(576, 810)	'多次'	8542
8477	(348, 105)	'adi'	8543
8478	(2112, 4419)	'治疗'	8544
8479	(805, 897)	'表明'	8545
8480	(495, 2197)	'到底'	8546
8481	(5253, 322)	'ription'	8547
8482	(2463, 97)	' kinda'	8548
8483	(5277, 141)	'軍'	8549
8484	(434, 1495)	' rise'	8550
8485	(576, 1049)	'多种'	8551
8486	(1681, 6176)	'清楚'	8552
8487	(649, 948)	'ос'	8553
8488	(3107, 2068)	'判断'	8554
8489	(1562, 597)	'北京市'	8555
8490	(278, 16029)	' council'	8556
8491	(504, 105)	' shi'	8557
8492	(436, 83)	' PS'	8558
8493	(4449, 331)	' previously'	8559
8494	(72, 3405)	'Haha'	8560
8495	(3729, 878)	' Image'	8561
8496	(305, 2778)	' load'	8562
8497	(4691, 3399)	' ኣብ'	8563
8498	(386, 3158)	'不知道'	8564
8499	(851, 50)	' 32'	8565
8500	(486, 419)	'出国'	8566
8501	(1569, 4803)	' assault'	8567
8502	(531, 332)	' Let'	8568
8503	(778, 143)	'描'	8569
8504	(1804, 744)	'办理'	8570
8505	(1470, 3596)	'支付'	8571
8506	(1410, 721)	'流动'	8572
8507	(314, 2187)	' north'	8573
8508	(108, 1122)	'lı'	8574
8509	(1861, 101)	'iye'	8575
8510	(669, 146)	'炒'	8576
8511	(4179, 70)	'ETF'	8577
8512	(4636, 161)	'蔡'	8578
8513	(264, 2255)	' south'	8579
8514	(996, 53)	'2005'	8580
8515	(6768, 287)	' described'	8581
8516	(1997, 682)	' talks'	8582
8517	(71, 111)	'Go'	8583
8518	(3527, 1386)	'播放'	8584
8519	(67, 108)	'Cl'	8585
8520	(548, 115)	'ours'	8586
8521	(669, 188)	'炼'	8587
8522	(298, 191)	'仿'	8588
8523	(1634, 185)	'腹'	8589
8524	(720, 168)	'谨'	8590
8525	(2495, 176)	'翰'	8591
8526	(590, 681)	'也将'	8592
8527	(5686, 1660)	'敬请'	8593
8528	(1578, 330)	' emot'	8594
8529	(387, 176)	'扰'	8595
8530	(2103, 6317)	' announce'	8596
8531	(448, 143)	'栏'	8597
8532	(648, 169)	'肩'	8598
8533	(277, 4947)	' battle'	8599
8534	(602, 1142)	'ид'	8600
8535	(1481, 2898)	'知识'	8601
8536	(272, 1544)	'的游戏'	8602
8537	(3391, 5264)	' patients'	8603
8538	(795, 158)	'胞'	8604
8539	(2826, 495)	'了解到'	8605
8540	(1373, 806)	'再度'	8606
8541	(2037, 555)	'必要'	8607
8542	(4508, 115)	' concerns'	8608
8543	(586, 154)	'ሚ'	8609
8544	(314, 7017)	' natural'	8610
8545	(601, 806)	'高度'	8611
8546	(3397, 636)	' majority'	8612
8547	(596, 111)	' cho'	8613
8548	(2769, 532)	' explain'	8614
8549	(76, 101)	'Le'	8615
8550	(57, 50)	'92'	8616
8551	(7199, 3913)	' thousands'	8617
8552	(421, 288)	' wear'	8618
8553	(1342, 788)	' crime'	8619
8554	(471, 184)	'ุ'	8620
8555	(648, 140)	'肌'	8621
8556	(1096, 272)	'股的'	8622
8557	(1572, 164)	' த'	8623
8558	(2941, 1160)	' planning'	8624
8559	(1540, 1646)	'快乐'	8625
8560	(377, 1497)	' Cons'	8626
8561	(2981, 1003)	' behav'	8627
8562	(618, 167)	'ủ'	8628
8563	(4723, 519)	' Senate'	8629
8564	(566, 172)	'ব'	8630
8565	(4258, 149)	'燕'	8631
8566	(512, 4204)	' comfort'	8632
8567	(1572, 174)	' ம'	8633
8568	(1304, 3243)	'结婚'	8634
8569	(2006, 115)	' markets'	8635
8570	(619, 562)	'现金'	8636
8571	(847, 791)	'看法'	8637
8572	(884, 5164)	'两岸'	8638
8573	(5054, 691)	' Office'	8639
8574	(418, 97)	'ila'	8640
8575	(329, 157)	'尝'	8641
8576	(3293, 283)	' holding'	8642
8577	(217, 185)	'ٹ'	8643
8578	(494, 114)	'ustr'	8644
8579	(1572, 133)	' அ'	8646
8580	(256, 365)	' tro'	8647
8581	(752, 115)	'inds'	8648
8582	(1668, 2864)	' minister'	8649
8583	(1767, 173)	' ይ'	8650
8584	(714, 2261)	'期货'	8651
8585	(651, 104)	'aph'	8652
8586	(356, 1863)	' Times'	8653
8587	(914, 4911)	'房屋'	8654
8588	(377, 497)	' Could'	8655
8589	(1463, 133)	' අ'	8656
8590	(949, 984)	'提示'	8657
8591	(408, 408)	'oooo'	8658
8592	(534, 272)	'生的'	8659
8593	(5001, 331)	' particularly'	8660
8594	(6366, 966)	' mobile'	8661
8595	(1129, 101)	' dise'	8662
8596	(3912, 1324)	'估值'	8663
8597	(1934, 135)	'篇'	8664
8598	(32, 977)	' ib'	8665
8599	(1506, 139)	'残'	8666
8600	(68, 67)	'DC'	8667
8601	(78, 65)	'NA'	8668
8602	(789, 1184)	'等级'	8669
8603	(1390, 175)	'疯'	8670
8604	(965, 2087)	'并不是'	8671
8605	(7985, 4656)	' Florida'	8672
8606	(1129, 5143)	' display'	8673
8607	(268, 1264)	' wild'	8674
8608	(471, 136)	'จ'	8675
8609	(641, 102)	' Of'	8676
8610	(2839, 115)	' reasons'	8677
8611	(1379, 598)	'她们'	8678
8612	(713, 3149)	' spending'	8679
8613	(3998, 159)	'機'	8680
8614	(284, 2995)	' push'	8681
8615	(1177, 1414)	'总统'	8682
8616	(559, 115)	' pros'	8683
8617	(400, 5668)	'大多数'	8684
8618	(397, 1575)	'人才'	8685
8619	(2074, 16066)	'陈水扁'	8686
8620	(2296, 367)	" company's"	8687
8621	(317, 155)	'君'	8688
8622	(1548, 1102)	'反应'	8689
8623	(2487, 267)	' deter'	8690
8624	(118, 604)	'vant'	8691
8625	(1057, 691)	' twice'	8692
8626	(2431, 411)	' letter'	8693
8627	(1668, 2149)	' minute'	8694
8628	(333, 5620)	' reached'	8695
8629	(375, 1685)	'unities'	8696
8630	(657, 3610)	'开启'	8697
8631	(1418, 283)	' showing'	8698
8632	(5641, 5869)	' published'	8699
8633	(430, 148)	'န'	8700
8634	(828, 453)	'性和'	8701
8635	(3259, 345)	' window'	8702
8636	(3620, 864)	'Also'	8703
8637	(1151, 164)	' ત'	8704
8638	(1334, 916)	'显然'	8705
8639	(5612, 5060)	' immigr'	8706
8640	(807, 168)	'墨'	8707
8641	(1561, 1912)	'运营'	8708
8642	(1634, 190)	'腾'	8709
8643	(354, 425)	' Sout'	8710
8644	(323, 159)	'ट'	8711
8645	(627, 1164)	'اک'	8712
8646	(1008, 5670)	' contribut'	8713
8647	(1670, 283)	'coming'	8714
8648	(5002, 283)	' losing'	8715
8649	(5937, 5996)	' revealed'	8716
8650	(1226, 143)	' এ'	8717
8651	(2635, 121)	' fully'	8718
8652	(354, 107)	' Sk'	8719
8653	(2234, 557)	'百分'	8720
8654	(592, 352)	' exam'	8721
8655	(225, 16039)	'ṣ'	8722
8656	(709, 714)	'同期'	8723
8657	(1701, 1359)	'足彩'	8724
8658	(1034, 287)	'ailed'	8725
8659	(2099, 130)	'魂'	8726
8660	(101, 97)	'ea'	8727
8661	(5672, 1718)	' individual'	8728
8662	(1663, 322)	' Union'	8729
8663	(464, 105)	' Di'	8730
8664	(983, 2898)	'意识'	8731
8665	(666, 550)	'本场'	8732
8666	(86, 69)	'VE'	8733
8667	(1013, 1372)	' Veg'	8734
8668	(233, 132)	b'\xe9\x84'	8735
8669	(180, 235)	b'\xb4\xeb'	8737
8670	(2953, 2600)	'农村'	8738
8671	(282, 604)	' fant'	8739
8672	(1014, 600)	' income'	8740
8673	(2044, 506)	'委会'	8741
8674	(899, 139)	'袋'	8742
8675	(2779, 834)	' پر'	8743
8676	(105, 279)	'ien'	8744
8677	(2513, 3440)	' department'	8745
8678	(256, 373)	' tim'	8746
8679	(413, 188)	'逼'	8747
8680	(305, 308)	' lic'	8748
8681	(3336, 330)	' promot'	8749
8682	(2163, 966)	' While'	8750
8683	(436, 642)	' Post'	8751
8684	(2137, 350)	'主要是'	8752
8685	(657, 1232)	'开奖'	8753
8686	(108, 111)	'lo'	8754
8687	(1635, 1460)	'案件'	8755
8688	(2773, 480)	'ropri'	8756
8689	(291, 4503)	' domin'	8757
8690	(6050, 6050)	'★★'	8758
8691	(463, 352)	' Ham'	8759
8692	(391, 406)	' Mill'	8760
8693	(7089, 1788)	' agreement'	8761
8694	(272, 1436)	'的可能'	8762
8695	(313, 191)	'宿'	8763
8696	(4258, 131)	'燃'	8764
8697	(1353, 833)	'胜利'	8765
8698	(3369, 7483)	' injuries'	8766
8699	(4983, 2525)	' professional'	8767
8700	(4567, 975)	'涉及'	8768
8701	(2908, 5231)	' stopped'	8769
8702	(395, 142)	'赎'	8770
8703	(99, 274)	'can'	8771
8704	(893, 114)	' Str'	8772
8705	(1572, 181)	' வ'	8773
8706	(16003, 131)	'ใ'	8774
8707	(1104, 1313)	'感光'	8775
8708	(458, 6133)	'agram'	8776
8709	(510, 950)	' Fire'	8777
8710	(2447, 287)	' passed'	8778
8711	(52, 49)	'41'	8779
8712	(3996, 1411)	'ermany'	8780
8713	(989, 163)	'灣'	8781
8714	(411, 121)	'tery'	8782
8715	(2919, 604)	' advant'	8783
8716	(2240, 820)	' Americans'	8784
8717	(538, 1239)	'我想'	8785
8718	(318, 5195)	' Iran'	8786
8719	(1310, 420)	'较为'	8787
8720	(856, 390)	'当中'	8788
8721	(988, 150)	'糖'	8789
8722	(354, 283)	' Sing'	8790
8723	(6200, 2341)	'搜索'	8791
8724	(713, 108)	' spl'	8792
8725	(618, 129)	'ề'	8793
8726	(619, 775)	'现实'	8794
8727	(405, 146)	'寒'	8795
8728	(1387, 105)	'iki'	8796
8729	(117, 1880)	'uwa'	8797
8730	(278, 1685)	' cities'	8798
8731	(216, 176)	'ذ'	8799
8732	(665, 272)	'用的'	8800
8733	(336, 981)	'一只'	8801
8734	(421, 3139)	' wearing'	8802
8735	(284, 332)	' pet'	8803
8736	(1153, 503)	'ка'	8804
8737	(3407, 2921)	' caused'	8805
8738	(272, 1323)	'的投资'	8806
8739	(2281, 134)	'婆'	8807
8740	(83, 69)	'SE'	8808
8741	(974, 179)	'ዳ'	8809
8742	(761, 1540)	'加快'	8811
8743	(1018, 882)	'ул'	8812
8744	(2413, 1907)	'跌幅'	8813
8745	(105, 591)	'ipp'	8814
8746	(1492, 188)	'狼'	8815
8747	(1293, 8103)	'别墅'	8816
8748	(559, 6667)	' projects'	8817
8749	(2473, 1611)	' continues'	8818
8750	(1236, 2056)	'或许'	8819
8751	(109, 288)	'mar'	8820
8752	(3873, 518)	'智能'	8821
8753	(421, 2072)	' weather'	8822
8754	(436, 2268)	' Prem'	8823
8755	(1047, 97)	'uga'	8824
8756	(118, 105)	'vi'	8826
8757	(3288, 1493)	' eventually'	8827
8758	(670, 168)	'轨'	8828
8759	(1177, 350)	'总是'	8829
8760	(2850, 7684)	' basket'	8830
8761	(3551, 283)	' trading'	8831
8762	(6809, 128)	'지'	8832
8763	(1477, 378)	'共有'	8833
8764	(348, 3643)	'adium'	8834
8765	(713, 1720)	' spread'	8835
8766	(16011, 2086)	'্র'	8836
8767	(361, 4276)	' forced'	8837
8768	(2850, 281)	' basis'	8838
8769	(49, 1447)	'150'	8839
8770	(385, 263)	' stre'	8840
8771	(421, 121)	' wey'	8841
8772	(476, 148)	'拔'	8842
8773	(326, 104)	'idh'	8843
8774	(318, 73)	' II'	8844
8775	(575, 166)	'哦'	8845
8776	(4794, 6190)	' George'	8846
8777	(520, 396)	'来了'	8847
8778	(343, 320)	' ele'	8848
8779	(1305, 2426)	'规范'	8850
8780	(1386, 357)	'放在'	8851
8781	(464, 1871)	' Def'	8852
8782	(77, 77)	'MM'	8853
8783	(1613, 846)	'均价'	8854
8784	(231, 141)	b'\xe7\x8d'	8855
8785	(3253, 275)	' Edit'	8856
8786	(323, 156)	'ज'	8857
8787	(406, 121)	'illy'	8858
8788	(7543, 308)	' traffic'	8859
8789	(2627, 801)	'交易所'	8860
8790	(794, 156)	'姜'	8861
8791	(436, 67)	' PC'	8862
8792	(721, 745)	'动力'	8863
8793	(1747, 1005)	'确保'	8864
8794	(119, 117)	'wu'	8865
8795	(5147, 637)	' massive'	8866
8796	(3695, 833)	'顺利'	8867
8797	(3560, 276)	' histor'	8868
8798	(16017, 7562)	' highest'	8869
8799	(2145, 396)	'出现了'	8870
8800	(2701, 283)	' telling'	8871
8801	(89, 548)	'Your'	8872
8802	(4048, 1902)	' እን'	8873
8803	(7320, 6982)	' tomorrow'	8874
8804	(4373, 1687)	' limited'	8875
8805	(1060, 2945)	'信贷'	8876
8806	(4215, 1336)	'本报记者'	8877
8807	(87, 345)	'Wow'	8878
8808	(1829, 459)	' owners'	8879
8809	(655, 1353)	'主胜'	8880
8810	(16047, 3104)	' https'	8881
8811	(496, 402)	' Rec'	8882
8812	(7557, 2693)	'fortunately'	8883
8813	(1851, 526)	'annel'	8884
8814	(1847, 2080)	' relative'	8885
8815	(1463, 184)	' ම'	8886
8816	(2914, 182)	'島'	8887
8817	(3711, 283)	'ifying'	8888
8818	(1151, 155)	' છ'	8889
8819	(325, 136)	'戈'	8890
8820	(378, 818)	'有点'	8891
8821	(5292, 1411)	' Company'	8892
8822	(641, 70)	' OF'	8893
8823	(569, 136)	'沈'	8894
8824	(531, 1111)	' Law'	8895
8825	(2714, 3070)	'志愿'	8896
8826	(282, 966)	' file'	8897
8827	(1341, 1225)	'图片'	8898
8828	(1857, 846)	'评价'	8899
8829	(814, 708)	'内部'	8900
8830	(1997, 334)	' talent'	8901
8831	(1425, 4189)	' awọn'	8902
8832	(1218, 272)	'做的'	8903
8833	(910, 912)	'里斯'	8904
8834	(232, 185)	b'\xe8\xb9'	8905
8835	(418, 287)	'iled'	8906
8836	(467, 3724)	'时刻'	8907
8837	(386, 776)	'不好'	8908
8838	(391, 1312)	' Miss'	8909
8839	(5698, 3733)	' camera'	8910
8840	(2378, 283)	' meaning'	8911
8841	(1162, 1953)	' partner'	8912
8842	(985, 8053)	' Chicago'	8913
8843	(560, 274)	'akan'	8914
8844	(2611, 3142)	' deliver'	8915
8845	(5770, 310)	' bottom'	8916
8846	(103, 108)	'gl'	8917
8847	(480, 101)	'rie'	8918
8848	(830, 776)	'很好'	8919
8849	(65, 109)	'Am'	8920
8850	(1151, 133)	' અ'	8921
8851	(580, 181)	'வ'	8922
8852	(470, 418)	' Wil'	8923
8853	(5351, 97)	' Africa'	8924
8854	(5326, 287)	' mentioned'	8925
8855	(288, 515)	'arth'	8926
8856	(1138, 1927)	'设置'	8927
8857	(413, 138)	'逊'	8928
8858	(528, 287)	'uled'	8929
8859	(6634, 128)	'가'	8930
8860	(1488, 2531)	'带来的'	8931
8861	(510, 6231)	' FBI'	8932
8862	(305, 1926)	' là'	8933
8863	(7666, 691)	'Police'	8934
8864	(5755, 612)	' tonight'	8935
8865	(83, 3292)	'Sorry'	8936
8866	(275, 441)	'itation'	8937
8867	(1318, 1683)	'立即'	8938
8868	(434, 271)	' rat'	8939
8869	(3707, 3747)	' suspect'	8940
8870	(378, 833)	'有利'	8941
8871	(259, 626)	'heast'	8942
8872	(391, 642)	' Most'	8943
8873	(268, 2100)	' warm'	8944
8874	(5783, 4628)	' document'	8945
8875	(801, 5847)	'所谓'	8946
8876	(1269, 972)	' blog'	8947
8877	(1358, 173)	' ክ'	8948
8878	(1100, 183)	'酷'	8949
8879	(3530, 287)	' claimed'	8950
8880	(692, 134)	'來'	8951
8881	(5663, 1910)	' Jackson'	8952
8882	(2564, 536)	' videos'	8953
8883	(4330, 519)	' update'	8954
8884	(386, 3088)	'不败'	8955
8885	(5233, 3353)	' dropped'	8956
8886	(323, 167)	'ध'	8957
8887	(365, 108)	'rol'	8958
8888	(1694, 182)	'茶'	8959
8889	(463, 97)	' Ha'	8960
8890	(278, 1086)	' cook'	8961
8891	(301, 99)	'asc'	8962
8892	(1501, 134)	'豆'	8963
8893	(4632, 109)	' confirm'	8964
8894	(278, 2791)	' cards'	8965
8895	(2214, 1022)	' glass'	8966
8896	(1694, 168)	'茨'	8967
8897	(114, 373)	'rim'	8968
8898	(372, 173)	'杭'	8969
8899	(3294, 1948)	'冲击'	8970
8900	(1625, 617)	' consist'	8971
8901	(85, 67)	'UC'	8972
8902	(105, 536)	'ios'	8973
8903	(1417, 1184)	'超级'	8974
8904	(311, 159)	'迟'	8975
8905	(232, 171)	b'\xe8\xab'	8976
8906	(308, 841)	'icial'	8977
8907	(1342, 281)	' cris'	8978
8908	(1177, 744)	'总理'	8979
8909	(754, 156)	'ග'	8980
8910	(232, 188)	b'\xe8\xbc'	8981
8911	(669, 142)	'炎'	8982
8912	(3339, 4022)	'อง'	8983
8913	(572, 156)	'惜'	8984
8914	(547, 151)	'颗'	8985
8915	(947, 3734)	' expensive'	8986
8916	(6609, 276)	' sector'	8987
8917	(76, 65)	'LA'	8988
8918	(854, 272)	'心的'	8989
8919	(541, 152)	'掘'	8990
8920	(1453, 272)	'目前的'	8991
8921	(422, 190)	'贾'	8992
8922	(542, 676)	' Game'	8993
8923	(491, 287)	' jed'	8994
8924	(400, 1420)	'大约'	8995
8925	(4123, 2149)	'stitute'	8997
8926	(260, 136)	'丈'	8998
8927	(72, 281)	'His'	8999
8928	(464, 326)	' Did'	9000
8929	(1025, 171)	'ካ'	9001
8930	(901, 397)	'万人'	9002
8931	(784, 357)	'但在'	9003
8932	(54, 57)	'69'	9004
8933	(83, 99)	'Sc'	9005
8934	(5805, 1307)	' physical'	9006
8935	(1025, 173)	'ክ'	9007
8936	(2772, 1516)	'竞技'	9008
8937	(1016, 174)	' ਮ'	9009
8938	(1785, 651)	' cheap'	9010
8939	(1650, 915)	'深入'	9011
8940	(3524, 178)	'該'	9012
8941	(348, 287)	'aded'	9013
8942	(6906, 116)	' Robert'	9014
8943	(7013, 418)	' civil'	9015
8944	(4853, 2642)	' surprised'	9016
8945	(2904, 285)	' miles'	9017
8946	(4758, 1113)	'沃尔'	9018
8947	(485, 308)	'estic'	9019
8948	(627, 1594)	'اس'	9020
8949	(45, 101)	'-e'	9021
8950	(4288, 7521)	' Research'	9022
8951	(1096, 1224)	'股东'	9023
8952	(1263, 184)	'摸'	9024
8953	(843, 367)	" year's"	9025
8954	(2369, 175)	'ிய'	9026
8955	(356, 121)	' Ty'	9027
8956	(122, 279)	'zen'	9028
8957	(487, 147)	'浓'	9029
8958	(395, 160)	'赠'	9030
8959	(607, 1099)	'新增'	9031
8960	(2445, 6116)	'监督'	9032
8961	(1402, 608)	' attend'	9033
8962	(293, 111)	'alo'	9034
8963	(705, 479)	"ren't"	9035
8964	(512, 8161)	' commercial'	9036
8965	(792, 4249)	' agreed'	9037
8966	(1929, 175)	'िय'	9038
8967	(506, 357)	'会在'	9039
8968	(406, 97)	'illa'	9040
8969	(415, 188)	'押'	9041
8970	(4418, 321)	' boost'	9042
8971	(1668, 276)	' minor'	9043
8972	(401, 136)	'奈'	9045
8973	(436, 560)	' Pak'	9046
8974	(379, 101)	'see'	9047
8975	(2519, 1889)	'武器'	9048
8976	(2481, 267)	' older'	9049
8977	(4686, 398)	' occur'	9050
8978	(464, 279)	' Den'	9051
8979	(4050, 177)	'統'	9052
8980	(1568, 727)	'半球'	9053
8981	(1688, 892)	' write'	9054
8982	(611, 6685)	' plenty'	9055
8983	(16012, 2276)	' systems'	9056
8984	(1500, 173)	'業'	9057
8985	(5410, 4673)	' Muslim'	9058
8986	(7830, 185)	' ẹ'	9059
8987	(683, 168)	'妨'	9060
8988	(408, 1281)	'ooper'	9061
8989	(2594, 2987)	' speech'	9062
8990	(815, 2414)	' offered'	9063
8991	(4222, 2985)	'ี่'	9064
8992	(2978, 901)	'千万'	9065
8993	(3099, 281)	' Chris'	9066
8994	(271, 111)	'ato'	9067
8995	(1918, 2905)	' bigger'	9068
8996	(1796, 3771)	'神秘'	9069
8997	(3642, 287)	'lined'	9070
8998	(1938, 267)	' enter'	9071
8999	(119, 258)	'win'	9072
9000	(1442, 4698)	'四川'	9073
9001	(16001, 48)	' 2010'	9074
9002	(1688, 7085)	' written'	9075
9003	(2639, 920)	'独特'	9076
9004	(4614, 3282)	'数码相机'	9077
9005	(4075, 2215)	' pictures'	9078
9006	(45, 80)	'-P'	9079
9007	(805, 1368)	'表演'	9080
9008	(2177, 275)	' instit'	9081
9009	(3764, 139)	'開'	9082
9010	(516, 189)	'忽'	9083
9011	(391, 398)	' Mur'	9084
9012	(54, 52)	'64'	9085
9013	(2032, 636)	' reality'	9086
9014	(368, 189)	'帽'	9087
9015	(3945, 283)	' fighting'	9088
9016	(492, 272)	'家的'	9089
9017	(288, 604)	'arant'	9090
9018	(68, 3825)	'Does'	9091
9019	(357, 1308)	'在线'	9092
9020	(1546, 272)	'爱的'	9093
9021	(3932, 274)	' Korean'	9094
9022	(288, 99)	'arc'	9095
9023	(311, 129)	'迁'	9096
9024	(492, 397)	'家人'	9097
9025	(7399, 1313)	'曝光'	9098
9026	(297, 1020)	' hang'	9099
9027	(460, 828)	'个性'	9100
9028	(376, 77)	' AM'	9101
9029	(87, 2461)	'Where'	9102
9030	(3281, 1052)	' afford'	9103
9031	(275, 288)	'itar'	9104
9032	(4700, 1396)	'Trump'	9105
9033	(2459, 3951)	' transfer'	9106
9034	(540, 662)	'日元'	9107
9035	(4824, 649)	'ого'	9108
9036	(6250, 331)	' obviously'	9109
9037	(354, 84)	' ST'	9110
9038	(5066, 328)	' okay'	9111
9039	(291, 16038)	' district'	9112
9040	(72, 65)	'HA'	9113
9041	(393, 171)	'衫'	9114
9042	(282, 609)	' fear'	9115
9043	(442, 1880)	' kwa'	9116
9044	(2747, 5359)	'威廉'	9117
9045	(865, 176)	'恰'	9118
9046	(2621, 1450)	'紧张'	9119
9047	(1151, 156)	' જ'	9120
9048	(236, 149)	b'\xec\x95'	9121
9049	(2298, 2633)	' central'	9122
9050	(623, 1884)	'前景'	9123
9051	(103, 110)	'gn'	9124
9052	(1085, 1422)	'物质'	9125
9053	(830, 378)	'很有'	9126
9054	(375, 1739)	'unny'	9127
9055	(158, 430)	b'\x9e\xe1\x80'	9128
9056	(4593, 115)	' drugs'	9129
9057	(2785, 630)	' standard'	9130
9058	(1182, 630)	' guard'	9131
9059	(112, 1246)	'pool'	9132
9060	(1793, 727)	'红球'	9133
9061	(1352, 1716)	'导语'	9134
9062	(526, 759)	'eline'	9135
9063	(2724, 1254)	'担任'	9136
9064	(103, 375)	'gun'	9137
9065	(633, 115)	'acks'	9138
9066	(4150, 5623)	' Christmas'	9139
9067	(236, 139)	b'\xec\x8b'	9140
9068	(444, 104)	' ath'	9141
9069	(275, 99)	'itc'	9142
9070	(495, 272)	'到的'	9143
9071	(2387, 1639)	'申购'	9144
9072	(413, 134)	'逆'	9145
9073	(1078, 708)	'西部'	9146
9074	(2651, 1445)	'инг'	9147
9075	(516, 160)	'忠'	9148
9076	(4335, 536)	' propos'	9149
9077	(4622, 2697)	'Photo'	9150
9078	(4395, 2677)	'宽松'	9151
9079	(108, 274)	'lan'	9152
9080	(1459, 820)	' Trans'	9153
9081	(417, 5748)	' Bowl'	9154
9082	(286, 105)	' mi'	9155
9083	(1935, 6513)	' terrible'	9156
9084	(8355, 738)	' Virginia'	9157
9085	(943, 609)	' Year'	9158
9086	(1592, 283)	' helping'	9159
9087	(4249, 310)	'reedom'	9160
9088	(1004, 2065)	'建材'	9161
9089	(417, 267)	' Ber'	9162
9090	(353, 283)	'acing'	9163
9091	(2038, 2891)	'江苏'	9164
9092	(272, 3031)	'的机会'	9165
9093	(3865, 7002)	' analysis'	9166
9094	(1801, 924)	' drink'	9167
9095	(1296, 1651)	'原则'	9168
9096	(1937, 834)	' بر'	9169
9097	(3693, 4398)	'私募'	9170
9098	(1717, 597)	'州市'	9171
9099	(1218, 486)	'做出'	9172
9100	(305, 2479)	' lines'	9173
9101	(1538, 1644)	'仅供'	9174
9102	(1797, 1106)	" You're"	9175
9103	(566, 5390)	'য়'	9176
9104	(16003, 129)	'แ'	9177
9105	(2051, 140)	'菌'	9178
9106	(1664, 175)	'梯'	9179
9107	(3144, 691)	' Justice'	9180
9108	(390, 6816)	'中華'	9181
9109	(7039, 738)	' Nigeria'	9182
9110	(1126, 842)	' ای'	9183
9111	(4284, 283)	' funding'	9184
9112	(45, 505)	'-and'	9185
9113	(5260, 3042)	' watched'	9186
9114	(5923, 657)	'召开'	9187
9115	(539, 6089)	'地址'	9188
9116	(560, 287)	'aked'	9189
9117	(596, 7034)	' choose'	9190
9118	(3093, 527)	'pects'	9191
9119	(2290, 111)	'Who'	9192
9120	(1087, 134)	'漆'	9193
9121	(604, 287)	'anted'	9194
9122	(3864, 283)	' selling'	9195
9123	(6405, 115)	' Williams'	9196
9124	(1732, 272)	'现在的'	9197
9125	(357, 990)	'在中国'	9198
9126	(77, 114)	'Mr'	9199
9127	(1046, 1125)	'商务'	9200
9128	(642, 265)	'oston'	9201
9129	(6054, 68)	' AND'	9202
9130	(868, 283)	'elling'	9203
9131	(590, 1209)	'也没有'	9204
9132	(684, 2112)	'自治'	9205
9133	(692, 181)	'侵'	9206
9134	(434, 1545)	' rating'	9207
9135	(418, 115)	'ils'	9208
9136	(3235, 1666)	'律师'	9209
9137	(277, 1482)	' burn'	9210
9138	(3681, 450)	' Carol'	9211
9139	(958, 184)	'爸'	9212
9140	(640, 1392)	'就像'	9213
9141	(686, 1707)	' upgr'	9214
9142	(4418, 682)	' books'	9215
9143	(6770, 643)	'forcement'	9216
9144	(16069, 174)	'鎮'	9217
9145	(204, 128)	'̀'	9218
9146	(480, 293)	'rial'	9219
9147	(361, 2958)	' forces'	9220
9148	(666, 3949)	'本场比赛'	9221
9149	(1133, 2411)	'受伤'	9222
9150	(524, 166)	'厦'	9223
9151	(121, 431)	'ych'	9224
9152	(363, 184)	'伸'	9225
9153	(2099, 133)	'魅'	9226
9154	(1259, 532)	' brain'	9227
9155	(7242, 331)	' extremely'	9228
9156	(297, 398)	' hur'	9229
9157	(2357, 850)	'例如'	9230
9158	(744, 1626)	'理论'	9231
9159	(2222, 161)	'葡'	9232
9160	(1380, 140)	'れ'	9233
9161	(6802, 1660)	'邀请'	9234
9162	(913, 272)	'区的'	9235
9163	(45, 8386)	'-term'	9236
9164	(719, 328)	'oday'	9237
9165	(668, 100)	' und'	9238
9166	(521, 2063)	'对象'	9239
9167	(606, 184)	'સ'	9240
9168	(4080, 492)	'科学家'	9241
9169	(672, 539)	'基地'	9242
9170	(391, 526)	' Mel'	9243
9171	(1641, 671)	'encies'	9244
9172	(1714, 5155)	' implement'	9245
9173	(1688, 2523)	' writing'	9246
9174	(2996, 110)	'ón'	9247
9175	(550, 272)	'场的'	9248
9176	(983, 787)	'意外'	9249
9177	(1171, 627)	'ها'	9250
9178	(496, 1183)	' Roy'	9251
9179	(1838, 2602)	'维护'	9252
9180	(504, 3085)	' shots'	9253
9181	(102, 114)	'fr'	9254
9182	(5771, 757)	' Jeff'	9255
9183	(4142, 283)	' considering'	9256
9184	(641, 107)	' Ok'	9257
9185	(117, 1571)	'uals'	9258
9186	(1265, 1194)	'专门'	9259
9187	(566, 174)	'ম'	9260
9188	(1015, 2036)	'格兰'	9261
9189	(1234, 3778)	' feature'	9262
9190	(1448, 5332)	' download'	9263
9191	(109, 105)	'mi'	9264
9192	(357, 3338)	'在一起'	9265
9193	(704, 602)	'ни'	9266
9194	(318, 84)	' IT'	9267
9195	(549, 138)	'俊'	9268
9196	(386, 1216)	'不管'	9269
9197	(5056, 320)	' Apple'	9270
9198	(524, 168)	'厨'	9271
9199	(7845, 5215)	'兄弟'	9272
9200	(83, 68)	'SD'	9273
9201	(274, 738)	'ania'	9274
9202	(390, 607)	'中新'	9275
9203	(2572, 114)	' restr'	9276
9204	(3539, 3506)	' learned'	9277
9205	(5944, 332)	' sweet'	9278
9206	(1703, 115)	' posts'	9279
9207	(2441, 486)	'突出'	9280
9208	(7630, 3117)	' criminal'	9281
9209	(6492, 2537)	'办公室'	9282
9210	(1472, 16043)	' committee'	9283
9211	(1485, 160)	b' \xec\xa0'	9284
9212	(272, 1498)	'的热'	9285
9213	(434, 8375)	' random'	9286
9214	(795, 182)	'胶'	9287
9215	(422, 186)	'贺'	9288
9216	(554, 320)	' dele'	9289
9217	(469, 159)	' П'	9290
9218	(388, 161)	'御'	9291
9219	(1293, 397)	'别人'	9292
9220	(1118, 2115)	'战争'	9293
9221	(478, 97)	'ema'	9294
9222	(3542, 98)	' Feb'	9295
9223	(1040, 272)	'量的'	9296
9224	(1136, 3969)	'强烈'	9297
9225	(3080, 5074)	' population'	9298
9226	(1425, 938)	' aware'	9299
9227	(2154, 1384)	'ने'	9300
9228	(2828, 721)	'移动'	9301
9229	(256, 7946)	' tournament'	9302
9230	(357, 568)	'在于'	9303
9231	(2872, 8227)	'倍光学变焦'	9304
9232	(974, 157)	'ዝ'	9305
9233	(358, 145)	'译'	9306
9234	(8229, 188)	'鬼'	9307
9235	(882, 503)	'ла'	9308
9236	(204, 129)	'́'	9309
9237	(3134, 115)	' attacks'	9310
9238	(2238, 283)	' keeping'	9311
9239	(881, 135)	'ே'	9312
9240	(513, 137)	'泉'	9313
9241	(2837, 788)	' Prime'	9314
9242	(5570, 6478)	'俄罗斯'	9315
9243	(917, 179)	'芳'	9316
9244	(4795, 697)	' connect'	9317
9245	(1509, 2258)	' کہ'	9318
9246	(46, 99)	'.c'	9319
9247	(316, 4475)	' gö'	9320
9248	(554, 1193)	' defe'	9321
9249	(65, 2405)	'Add'	9322
9250	(1263, 135)	'摇'	9323
9251	(45, 515)	'-th'	9324
9252	(277, 4410)	' bomb'	9325
9253	(1364, 165)	'ấ'	9326
9254	(3519, 3970)	' प्र'	9327
9255	(3591, 4704)	' organization'	9328
9256	(1747, 1229)	'确认'	9329
9257	(7735, 2883)	' witness'	9330
9258	(329, 150)	'尖'	9331
9259	(2438, 272)	'提供的'	9332
9260	(490, 3295)	' NBA'	9333
9261	(3559, 1550)	'促销'	9334
9262	(4025, 287)	' designed'	9335
9263	(3670, 283)	'going'	9336
9264	(2418, 2278)	' modern'	9337
9265	(1554, 427)	'几年'	9338
9266	(55, 50)	'72'	9339
9267	(1215, 5463)	'注册'	9340
9268	(2571, 83)	'ERS'	9341
9269	(1912, 553)	'营业'	9342
9270	(68, 83)	'DS'	9343
9271	(417, 4751)	' Because'	9344
9272	(7028, 643)	' Government'	9345
9273	(847, 847)	'看看'	9346
9274	(327, 2791)	' yards'	9347
9275	(3184, 4737)	'平方公里'	9348
9276	(1102, 856)	'应当'	9349
9277	(73, 65)	'IA'	9350
9278	(2956, 399)	' broke'	9351
9279	(836, 980)	' click'	9352
9280	(1534, 146)	'棒'	9353
9281	(1647, 608)	' defend'	9354
9282	(597, 935)	'市民'	9355
9283	(1869, 331)	' highly'	9356
9284	(2061, 176)	b' \xeb\xb0'	9357
9285	(1485, 149)	b' \xec\x95'	9358
9286	(4725, 285)	' homes'	9359
9287	(1058, 956)	'让我们'	9360
9288	(329, 152)	'尘'	9361
9289	(4993, 4167)	'培训'	9362
9290	(686, 265)	' upon'	9363
9291	(1696, 991)	'如果你'	9364
9292	(5844, 678)	' culture'	9365
9293	(16022, 8629)	' opportunities'	9366
9294	(264, 352)	' sam'	9367
9295	(1463, 175)	' ද'	9368
9296	(272, 776)	'的好'	9369
9297	(314, 1743)	' names'	9370
9298	(560, 105)	'aki'	9371
9299	(2185, 156)	'瓜'	9372
9300	(522, 98)	'abb'	9373
9301	(641, 855)	' Other'	9374
9302	(99, 528)	'cul'	9375
9303	(310, 285)	'omes'	9376
9304	(565, 379)	'These'	9377
9305	(391, 267)	' Mer'	9378
9306	(6074, 4268)	' College'	9379
9307	(3011, 486)	'派出'	9380
9308	(715, 390)	'之中'	9381
9309	(292, 1839)	' toward'	9382
9310	(226, 150)	b'\xe2\x96'	9383
9311	(1104, 3112)	'感谢'	9384
9312	(284, 275)	' pit'	9385
9313	(6403, 1085)	'宠物'	9386
9314	(1126, 1594)	' اس'	9387
9315	(1016, 156)	' ਜ'	9388
9316	(992, 844)	'员工'	9389
9317	(6863, 1475)	' Daily'	9390
9318	(168, 4776)	b'\xa8\xe0\xaf\x8d\xe0\xae\xa4'	9391
9319	(1691, 3216)	' funds'	9392
9320	(1828, 2590)	' subject'	9393
9321	(540, 272)	'日的'	9394
9322	(395, 140)	'赌'	9395
9323	(8667, 301)	' Vegas'	9396
9324	(280, 149)	'井'	9397
9325	(1016, 135)	' ਇ'	9398
9326	(739, 176)	'晰'	9399
9327	(1087, 130)	'漂'	9400
9328	(1109, 174)	'ाम'	9401
9329	(354, 3169)	' Sports'	9402
9330	(5165, 190)	b'\x99\xe1\x80\xbe'	9403
9331	(590, 1629)	'也就是'	9404
9332	(1623, 1504)	' struct'	9405
9333	(464, 16038)	' District'	9406
9334	(16030, 7029)	' vehicles'	9407
9335	(2437, 283)	' paying'	9408
9336	(405, 147)	'寓'	9409
9337	(415, 155)	'抛'	9410
9338	(1045, 1460)	'文件'	9411
9339	(258, 1073)	'inary'	9412
9340	(1074, 166)	'烦'	9413
9341	(2553, 724)	' Club'	9414
9342	(56, 54)	'86'	9415
9343	(746, 287)	'ounded'	9416
9344	(2964, 275)	' profit'	9417
9345	(1791, 1953)	' winner'	9418
9346	(1151, 134)	' આ'	9419
9347	(2451, 283)	' happening'	9420
9348	(350, 663)	'是最'	9421
9349	(264, 5226)	' sources'	9422
9350	(49, 928)	'110'	9423
9351	(291, 803)	' dip'	9424
9352	(1621, 272)	'企业的'	9425
9353	(1572, 154)	' ச'	9426
9354	(573, 4377)	'下半年'	9427
9355	(2014, 135)	'ич'	9428
9356	(1015, 1030)	'格式'	9429
9357	(291, 287)	' ded'	9430
9358	(79, 398)	'Our'	9431
9359	(741, 1209)	'还没有'	9432
9360	(530, 287)	' noted'	9433
9361	(586, 179)	'ሳ'	9434
9362	(284, 1636)	' path'	9435
9363	(496, 97)	' Ra'	9436
9364	(1151, 185)	' હ'	9437
9365	(32, 4162)	' err'	9438
9366	(3554, 1734)	'阵容'	9439
9367	(1138, 2139)	'设施'	9440
9368	(5779, 2327)	' dollars'	9441
9369	(8193, 112)	'http'	9442
9370	(282, 293)	' fal'	9443
9371	(1047, 117)	'ugu'	9444
9372	(1008, 485)	' contest'	9445
9373	(1386, 5889)	'放弃'	9446
9374	(5622, 2246)	' digital'	9447
9375	(1211, 834)	'ير'	9448
9376	(2189, 775)	'落实'	9449
9377	(2823, 629)	b'\xe0\xa9\x80\xe0\xa8'	9450
9378	(282, 446)	' fif'	9451
9379	(739, 139)	'晋'	9452
9380	(496, 5743)	' Ryan'	9453
9381	(4858, 4994)	'液晶'	9454
9382	(462, 884)	'这两'	9455
9383	(263, 293)	'real'	9456
9384	(925, 285)	' uses'	9457
9385	(1410, 529)	'流行'	9458
9386	(1563, 3481)	' coverage'	9459
9387	(354, 110)	' Sn'	9460
9388	(2609, 819)	' Que'	9461
9389	(3672, 161)	'鸡'	9462
9390	(289, 100)	' od'	9463
9391	(2270, 992)	'官员'	9464
9392	(117, 375)	'uun'	9465
9393	(5007, 275)	' benefit'	9466
9394	(3863, 1345)	'延续'	9467
9395	(1021, 3866)	'交锋'	9468
9396	(3939, 3708)	'屏幕'	9469
9397	(84, 70)	'TF'	9470
9398	(391, 719)	' Mod'	9471
9399	(350, 2087)	'是不是'	9472
9400	(1141, 53)	' 45'	9473
9401	(1061, 2567)	'ointed'	9474
9402	(713, 2909)	' spoke'	9475
9403	(286, 348)	' mad'	9476
9404	(641, 16071)	' Olymp'	9477
9405	(258, 581)	'inally'	9478
9406	(614, 1550)	'经销'	9479
9407	(3840, 287)	' seemed'	9480
9408	(5943, 121)	' Party'	9481
9409	(2685, 2165)	' electric'	9482
9410	(989, 173)	'灭'	9483
9411	(264, 3170)	' sides'	9484
9412	(4350, 168)	'磨'	9485
9413	(2776, 1552)	'衣服'	9486
9414	(114, 980)	'rick'	9487
9415	(2032, 2596)	' realize'	9488
9416	(1754, 1106)	"We're"	9489
9417	(745, 806)	'力度'	9490
9418	(354, 398)	' Sur'	9491
9419	(2471, 4102)	' skills'	9492
9420	(297, 633)	' hack'	9493
9421	(288, 110)	'arn'	9494
9422	(6758, 3146)	'业内人士'	9495
9423	(73, 70)	'IF'	9496
9424	(1027, 2065)	'身材'	9497
9425	(109, 348)	'mad'	9498
9426	(3591, 940)	' organiz'	9499
9427	(747, 1018)	'ру'	9500
9428	(710, 2229)	'ей'	9501
9429	(291, 39)	" d'"	9502
9430	(546, 406)	' vill'	9503
9431	(590, 518)	'也能'	9504
9432	(641, 370)	' Out'	9505
9433	(787, 1021)	'外交'	9506
9434	(49, 1172)	'120'	9507
9435	(2506, 1953)	' corner'	9508
9436	(1509, 839)	' کو'	9509
9437	(324, 263)	'vere'	9510
9438	(277, 2285)	' born'	9511
9439	(277, 6155)	' border'	9512
9440	(285, 423)	'esus'	9513
9441	(1695, 322)	'ashion'	9514
9442	(2076, 3170)	' provides'	9515
9443	(1110, 771)	'制定'	9516
9444	(350, 1095)	'是由'	9517
9445	(1151, 181)	' વ'	9518
9446	(3223, 1495)	' raise'	9519
9447	(2794, 6997)	'cohol'	9520
9448	(119, 114)	'wr'	9521
9449	(5744, 1247)	'ông'	9522
9450	(542, 8712)	' Germany'	9523
9451	(357, 867)	'在此'	9524
9452	(4884, 2885)	' Secret'	9525
9453	(1421, 4526)	' decades'	9526
9454	(350, 386)	'是不'	9527
9455	(462, 708)	'这部'	9528
9456	(272, 1969)	'的设计'	9529
9457	(234, 181)	b'\xea\xb5'	9530
9458	(712, 110)	' Kn'	9531
9459	(8715, 878)	' advantage'	9532
9460	(668, 5977)	' unique'	9533
9461	(383, 283)	'iring'	9534
9462	(297, 1876)	' hits'	9535
9463	(835, 152)	'聘'	9536
9464	(5636, 5375)	'ું'	9537
9465	(119, 288)	'war'	9538
9466	(282, 406)	' fill'	9539
9467	(1962, 283)	' finding'	9540
9468	(1421, 108)	' decl'	9541
9469	(277, 1555)	' boss'	9542
9470	(53, 1271)	'5000'	9543
9471	(2249, 367)	"What's"	9544
9472	(3504, 548)	' favour'	9545
9473	(4322, 1951)	' successful'	9546
9474	(1829, 267)	' owner'	9547
9475	(436, 332)	' Pet'	9548
9476	(7477, 188)	'를'	9549
9477	(2649, 973)	'频道'	9550
9478	(410, 175)	'冯'	9551
9479	(1343, 283)	'ancing'	9552
9480	(1390, 178)	'疲'	9553
9481	(804, 139)	'か'	9554
9482	(639, 263)	' mere'	9555
9483	(277, 8072)	' brief'	9556
9484	(602, 2832)	'ист'	9557
9485	(2438, 396)	'提供了'	9558
9486	(470, 762)	' Wood'	9559
9487	(277, 1094)	' bond'	9560
9488	(2991, 121)	' healthy'	9561
9489	(3792, 287)	' picked'	9562
9490	(114, 258)	'rin'	9563
9491	(291, 100)	' dd'	9564
9492	(2021, 141)	'ፍ'	9565
9493	(606, 185)	'હ'	9566
9494	(112, 97)	'pa'	9567
9495	(803, 643)	'ipment'	9568
9496	(1055, 7864)	' knowledge'	9569
9497	(237, 150)	b'\xed\x96'	9570
9498	(1390, 134)	'疆'	9571
9499	(5471, 2120)	'同比增长'	9572
9500	(3366, 182)	' ö'	9573
9501	(557, 1201)	'分布'	9574
9502	(256, 608)	' tend'	9575
9503	(6090, 441)	' Association'	9576
9504	(2520, 176)	'ਾਰ'	9577
9505	(1389, 495)	'直到'	9578
9506	(337, 149)	'绕'	9579
9507	(101, 98)	'eb'	9580
9508	(1212, 4438)	'接触'	9581
9509	(78, 78)	'NN'	9582
9510	(102, 275)	'fit'	9583
9511	(341, 186)	'旺'	9584
9512	(3539, 1160)	' learning'	9585
9513	(115, 279)	'sen'	9586
9514	(749, 2824)	'小牛'	9587
9515	(1023, 99)	' prec'	9588
9516	(836, 330)	' clot'	9589
9517	(4672, 2202)	' ہے'	9590
9518	(2859, 7645)	' society'	9591
9519	(303, 16056)	' thunderstorms'	9592
9520	(781, 272)	'长的'	9593
9521	(595, 2786)	'公园'	9594
9522	(2702, 1089)	' sitting'	9595
9523	(1441, 428)	'马上'	9596
9524	(1701, 2155)	'足够'	9597
9525	(571, 726)	'成都'	9598
9526	(1063, 2803)	' scient'	9599
9527	(554, 2410)	' device'	9600
9528	(519, 3028)	'ategy'	9601
9529	(2585, 168)	'ান'	9602
9530	(812, 1253)	'名单'	9603
9531	(1526, 2116)	'配套'	9604
9532	(546, 1926)	' và'	9605
9533	(80, 65)	'PA'	9606
9534	(423, 2148)	'usiness'	9607
9535	(1341, 1392)	'图像'	9608
9536	(641, 398)	' Our'	9609
9537	(32, 6602)	' ҳ'	9610
9538	(101, 263)	'ere'	9611
9539	(576, 662)	'多元'	9612
9540	(415, 145)	'抑'	9613
9541	(1065, 396)	'去了'	9614
9542	(1063, 279)	' scen'	9615
9543	(5837, 1368)	'扮演'	9616
9544	(906, 1556)	'手术'	9617
9545	(2351, 152)	'潘'	9618
9546	(656, 142)	'過'	9619
9547	(933, 842)	'لی'	9620
9548	(624, 133)	'羅'	9621
9549	(264, 980)	' sick'	9622
9550	(235, 147)	b'\xeb\x93'	9623
9551	(901, 4014)	'万平方米'	9624
9552	(56, 57)	'89'	9625
9553	(53, 52)	'54'	9626
9554	(8818, 2325)	' છે'	9627
9555	(1907, 806)	'幅度'	9628
9556	(3476, 16043)	' Committee'	9629
9557	(170, 6688)	b'\xaa\xe0\xaf\x8d\xe0\xae\xaa'	9630
9558	(2510, 176)	'碰'	9631
9559	(32, 1856)	' ụ'	9632
9560	(719, 285)	'odes'	9633
9561	(560, 115)	'aks'	9634
9562	(108, 348)	'lad'	9635
9563	(73, 860)	'Ind'	9636
9564	(8014, 281)	' Louis'	9637
9565	(640, 555)	'就要'	9638
9566	(881, 134)	'ெ'	9639
9567	(1280, 1044)	'台北'	9640
9568	(1623, 5309)	' strateg'	9642
9569	(184, 176)	b'\xb8\xb0'	9643
9570	(1510, 791)	'玩法'	9644
9571	(1464, 1818)	'广角'	9645
9572	(713, 635)	' sport'	9646
9573	(684, 655)	'自主'	9647
9574	(109, 332)	'met'	9648
9575	(4416, 320)	'iddle'	9649
9576	(754, 180)	'ප'	9650
9577	(2700, 272)	'一定的'	9651
9578	(732, 144)	'捐'	9652
9579	(1045, 4375)	'文章'	9653
9580	(909, 1336)	'报记者'	9654
9581	(1041, 131)	'桃'	9655
9582	(289, 2405)	' odd'	9656
9583	(284, 719)	' pod'	9657
9584	(56, 55)	'87'	9658
9585	(308, 2803)	'icient'	9659
9586	(347, 4148)	' onto'	9660
9587	(354, 484)	' Sher'	9661
9588	(2328, 1315)	' drivers'	9662
9589	(5376, 2216)	' subscrib'	9663
9590	(1018, 769)	'ут'	9664
9591	(336, 806)	'一度'	9665
9592	(615, 373)	' Jim'	9666
9593	(4071, 503)	' за'	9667
9594	(390, 620)	'中方'	9668
9595	(65, 98)	'Ab'	9669
9596	(376, 107)	' Ak'	9670
9597	(8083, 3042)	' launched'	9671
9598	(546, 1098)	' və'	9672
9599	(1499, 3531)	'liament'	9673
9600	(490, 97)	' Na'	9674
9601	(327, 105)	' yi'	9675
9602	(727, 1810)	'球失'	9676
9603	(3772, 287)	' joined'	9677
9604	(1430, 174)	' మ'	9678
9605	(32, 940)	' iz'	9679
9606	(3773, 2410)	' Service'	9680
9607	(839, 3727)	'وں'	9681
9608	(1713, 115)	'hens'	9682
9609	(2956, 6529)	' broken'	9683
9610	(370, 115)	'uts'	9684
9611	(5007, 1876)	' benefits'	9685
9612	(565, 110)	'Then'	9686
9613	(1162, 671)	' parties'	9687
9614	(510, 2138)	' Fox'	9688
9615	(815, 3477)	' offering'	9689
9616	(386, 396)	'不了'	9690
9617	(2752, 279)	' listen'	9691
9618	(32, 308)	' ic'	9692
9619	(3189, 79)	'ISO'	9693
9620	(333, 1193)	' refe'	9694
9621	(1177, 790)	'总体'	9695
9622	(277, 3573)	' bunch'	9697
9623	(7114, 324)	' achieve'	9698
9624	(282, 2789)	' fired'	9699
9625	(789, 2726)	'等待'	9700
9626	(741, 518)	'还能'	9701
9627	(1226, 174)	' ম'	9702
9628	(531, 1083)	' Love'	9703
9629	(1740, 700)	'环比'	9704
9630	(1001, 130)	'裂'	9705
9631	(884, 810)	'两次'	9706
9632	(8307, 903)	'People'	9707
9633	(899, 173)	'袭'	9708
9634	(5129, 5129)	'____'	9709
9635	(407, 155)	'玛'	9710
9636	(531, 1372)	' Leg'	9711
9637	(974, 136)	'ወ'	9712
9638	(341, 139)	'旋'	9713
9639	(1470, 8144)	'支撑'	9714
9640	(2640, 178)	'ాల'	9715
9641	(516, 141)	'忍'	9716
9642	(638, 821)	'ocking'	9717
9643	(3615, 176)	'鹰'	9718
9644	(3767, 431)	' bench'	9719
9645	(586, 149)	'ሕ'	9720
9646	(2345, 1313)	'阳光'	9721
9647	(421, 2316)	" we'll"	9722
9648	(272, 2200)	'的生活'	9723
9649	(1723, 8085)	'防抖'	9724
9650	(461, 185)	'闹'	9725
9651	(1063, 114)	' scr'	9726
9652	(4168, 1654)	' ayaa'	9727
9653	(520, 1897)	'来源'	9728
9654	(3451, 2633)	' Central'	9729
9655	(272, 1985)	'的价格'	9730
9656	(659, 142)	'郎'	9731
9657	(2091, 397)	'很多人'	9732
9658	(308, 1256)	'icious'	9733
9659	(272, 3656)	'的原因'	9734
9660	(1183, 115)	'oys'	9735
9661	(4177, 115)	' appears'	9736
9662	(284, 803)	' pip'	9737
9663	(775, 357)	'实在'	9738
9664	(8237, 281)	' Francis'	9739
9665	(2003, 7484)	' insurance'	9740
9666	(1126, 3357)	' از'	9741
9667	(582, 1652)	' altern'	9742
9668	(4237, 331)	' supply'	9743
9669	(726, 518)	'都能'	9744
9670	(2221, 853)	'का'	9745
9671	(1039, 8134)	' Thomas'	9746
9672	(1241, 1764)	' served'	9747
9673	(3821, 189)	b'\x90\xe1\x80\xbd'	9748
9674	(308, 964)	'icated'	9749
9675	(540, 1024)	'日起'	9750
9676	(521, 1603)	'对话'	9751
9677	(735, 16039)	' ṣ'	9752
9678	(1146, 283)	'oving'	9753
9679	(3393, 178)	b' \xea\xb2'	9754
9680	(6690, 2541)	'详细'	9755
9681	(392, 128)	'耀'	9756
9682	(116, 894)	'town'	9757
9683	(7828, 937)	'沟通'	9758
9684	(80, 75)	'PK'	9759
9685	(901, 1975)	'万美元'	9760
9686	(5398, 130)	'懂'	9761
9687	(1067, 279)	' teen'	9762
9688	(1369, 4949)	'程序'	9763
9689	(286, 651)	' map'	9764
9690	(376, 2365)	' Att'	9765
9691	(1509, 1171)	' که'	9766
9692	(8208, 719)	' method'	9767
9693	(889, 5738)	'电池'	9768
9694	(16001, 57)	' 2019'	9769
9695	(1430, 154)	' చ'	9770
9696	(486, 906)	'出手'	9771
9697	(8926, 2376)	'丈夫'	9772
9698	(2526, 3410)	'差距'	9773
9699	(2286, 2590)	' object'	9774
9700	(53, 49)	'51'	9775
9701	(272, 886)	'的基金'	9776
9702	(2315, 441)	' location'	9777
9703	(336, 1423)	'一款'	9778
9704	(1505, 104)	'ooth'	9779
9705	(312, 267)	'ller'	9780
9706	(117, 1264)	'uild'	9781
9707	(668, 275)	' unit'	9782
9708	(382, 379)	'verse'	9783
9709	(1421, 7303)	' decisions'	9784
9710	(7007, 8427)	' Toronto'	9785
9711	(471, 185)	'ู'	9786
9712	(2887, 400)	'巨大'	9788
9713	(812, 2206)	'名字'	9789
9714	(268, 4189)	' wọn'	9790
9715	(4208, 116)	' debt'	9791
9716	(470, 258)	' Win'	9792
9717	(898, 116)	'bert'	9793
9718	(109, 1312)	'miss'	9794
9719	(4444, 812)	'著名'	9795
9720	(844, 740)	'工资'	9796
9721	(1158, 182)	'驶'	9797
9722	(4243, 45)	' non-'	9798
9723	(3019, 176)	'્ર'	9799
9724	(1430, 184)	' స'	9800
9725	(623, 2047)	'前往'	9801
9726	(981, 886)	'只基金'	9802
9727	(6565, 1073)	' necessary'	9803
9728	(1586, 1987)	'始终'	9804
9729	(434, 1337)	' rank'	9805
9730	(358, 151)	'诗'	9806
9731	(2506, 1823)	' corpor'	9807
9732	(710, 1142)	'ед'	9808
9733	(586, 133)	'ህ'	9809
9734	(286, 370)	' mut'	9811
9735	(458, 110)	'agn'	9812
9736	(343, 101)	' ee'	9813
9737	(655, 1410)	'主流'	9814
9738	(343, 6537)	' egg'	9815
9739	(649, 2188)	'об'	9816
9740	(111, 122)	'oz'	9817
9741	(1550, 1040)	'销量'	9818
9742	(1525, 4740)	' removed'	9819
9743	(805, 1169)	'表达'	9820
9744	(53, 50)	'52'	9821
9745	(216, 171)	'ث'	9822
9746	(46, 70)	'.F'	9823
9747	(2683, 120)	' complex'	9824
9748	(1711, 842)	' می'	9825
9749	(468, 2661)	'以上的'	9826
9750	(744, 1239)	'理想'	9827
9751	(2459, 987)	' transport'	9828
9752	(6226, 1502)	' spokesman'	9829
9753	(1226, 134)	' আ'	9830
9754	(272, 386)	'的不'	9831
9755	(922, 3029)	'事故'	9832
9756	(1709, 115)	'és'	9833
9757	(547, 129)	'颁'	9834
9758	(357, 1519)	'在这个'	9835
9759	(2093, 170)	'堪'	9836
9760	(774, 279)	'iven'	9837
9761	(5613, 536)	' photos'	9838
9762	(357, 336)	'在一'	9839
9763	(6945, 3160)	' construction'	9840
9764	(8623, 2425)	' determin'	9841
9765	(615, 267)	' Jer'	9842
9766	(2133, 5444)	'浪漫'	9843
9767	(310, 115)	'oms'	9844
9768	(668, 115)	' uns'	9845
9769	(539, 272)	'地的'	9846
9770	(4676, 1685)	' activities'	9847
9771	(1050, 137)	'莉'	9848
9772	(1296, 520)	'原来'	9849
9773	(1201, 3487)	'布莱'	9850
9774	(7348, 3262)	'anchester'	9851
9775	(4883, 8294)	' negoti'	9852
9776	(457, 164)	'纤'	9853
9777	(832, 1102)	'相应'	9854
9778	(615, 976)	' Jose'	9855
9779	(2626, 738)	' Asia'	9856
9780	(1143, 2181)	'周边'	9857
9781	(8335, 878)	' language'	9858
9782	(1279, 826)	'各位'	9859
9783	(1103, 287)	'igned'	9860
9784	(5796, 2273)	' چې'	9861
9785	(1090, 1676)	'样板'	9862
9786	(256, 612)	' tight'	9863
9787	(1303, 620)	'南方'	9864
9788	(3297, 3327)	b'\xe1\x80\xac\xe1\x80\xb8\xe1\x80'	9865
9789	(741, 506)	'还会'	9866
9790	(107, 2245)	'kins'	9867
9791	(442, 288)	' kar'	9868
9792	(1220, 183)	'喷'	9869
9793	(3067, 16051)	'ும்'	9870
9794	(873, 132)	'約'	9871
9795	(375, 308)	'unic'	9872
9796	(2411, 3348)	'伤害'	9873
9797	(974, 139)	'ዋ'	9874
9798	(3316, 7047)	'缺乏'	9875
9799	(5893, 2912)	'嫌疑'	9877
9800	(354, 505)	' Sand'	9878
9801	(919, 2545)	' proud'	9879
9802	(104, 1925)	'house'	9880
9803	(277, 267)	' ber'	9881
9804	(5351, 274)	' African'	9882
9805	(436, 353)	' Pac'	9883
9806	(7419, 3063)	'阅读'	9884
9807	(669, 184)	'炸'	9885
9808	(1166, 909)	'回报'	9886
9809	(1664, 176)	'械'	9887
9810	(471, 130)	'ข'	9888
9811	(3421, 545)	'爆发'	9889
9812	(9159, 16077)	'葡萄'	9890
9813	(8907, 281)	' crisis'	9891
9814	(363, 143)	'伏'	9892
9815	(448, 139)	'栋'	9893
9816	(1431, 3347)	'观察'	9894
9817	(1572, 135)	' இ'	9895
9818	(358, 177)	'诱'	9896
9819	(1063, 4451)	' science'	9897
9820	(453, 779)	'和平'	9898
9821	(1952, 1037)	'白色'	9899
9822	(1335, 1464)	'推广'	9900
9823	(1166, 492)	'回家'	9901
9824	(6097, 5103)	'てい'	9902
9825	(256, 633)	' tack'	9903
9826	(906, 2020)	'手段'	9904
9827	(5794, 7706)	' emergency'	9905
9828	(2953, 553)	'农业'	9906
9829	(328, 101)	'aye'	9907
9830	(3442, 1170)	' operations'	9908
9831	(16003, 140)	'์'	9909
9832	(434, 581)	' rally'	9910
9833	(106, 2127)	'jected'	9911
9834	(4257, 1170)	' allegations'	9912
9835	(1261, 159)	'號'	9913
9836	(2583, 287)	' filed'	9914
9837	(1026, 619)	'展现'	9915
9838	(236, 156)	b'\xec\x9c'	9916
9839	(4036, 258)	'evin'	9917
9840	(735, 141)	b' \xe1\x8d'	9918
9841	(427, 7159)	'年龄'	9919
9842	(630, 279)	'arden'	9920
9843	(272, 4768)	'的事情'	9921
9844	(648, 150)	'肖'	9922
9845	(2650, 16075)	'温家宝'	9923
9846	(235, 143)	b'\xeb\x8f'	9924
9847	(1221, 532)	'ountain'	9925
9848	(1025, 165)	'እ'	9926
9849	(1155, 1365)	'二十'	9927
9850	(1166, 3486)	'回答'	9928
9851	(1067, 5396)	' telev'	9929
9852	(417, 9128)	' Boston'	9930
9853	(468, 420)	'以为'	9931
9854	(112, 527)	'pts'	9932
9855	(531, 753)	' Lake'	9933
9856	(1025, 168)	'ከ'	9934
9857	(660, 680)	'作者'	9935
9858	(354, 418)	' Sil'	9936
9859	(1779, 115)	' lots'	9937
9860	(2131, 1106)	" They're"	9938
9861	(16023, 1865)	' characters'	9939
9862	(1169, 2089)	'达到了'	9940
9863	(4281, 7806)	' illegal'	9941
9864	(930, 7136)	' perhaps'	9942
9865	(890, 891)	'第一个'	9944
9866	(1240, 398)	' accur'	9945
9867	(1235, 1628)	'指标'	9946
9868	(1274, 1232)	'头奖'	9947
9869	(32, 4364)	' 高考'	9948
9870	(6078, 428)	'事实上'	9949
9871	(2359, 1764)	' believed'	9950
9872	(744, 1095)	'理由'	9951
9873	(371, 3035)	" you'd"	9952
9874	(1154, 699)	'该机'	9953
9875	(7829, 1163)	' citizens'	9954
9876	(391, 1073)	' Mary'	9955
9877	(2343, 697)	' collect'	9956
9878	(81, 16074)	'QDII'	9957
9879	(1330, 810)	'每次'	9958
9880	(106, 1132)	'jọ'	9959
9881	(1436, 350)	'可能是'	9960
9882	(1526, 1514)	'配备'	9961
9883	(508, 178)	' ز'	9962
9884	(379, 583)	'sequ'	9963
9885	(365, 326)	'roid'	9964
9886	(505, 111)	'ando'	9965
9887	(297, 375)	' hun'	9966
9888	(743, 115)	' Us'	9967
9889	(615, 265)	' Jon'	9968
9890	(349, 167)	'卧'	9969
9891	(798, 489)	' adop'	9970
9892	(54, 51)	'63'	9971
9893	(6375, 8858)	' scheduled'	9972
9894	(887, 172)	'馬'	9973
9895	(2170, 272)	'行业的'	9974
9896	(1301, 396)	'给了'	9975
9897	(3021, 643)	' movement'	9976
9898	(824, 1372)	' integ'	9977
9899	(109, 3796)	'mission'	9978
9900	(267, 1764)	'erved'	9979
9901	(71, 114)	'Gr'	9980
9902	(1130, 152)	'淘'	9981
9903	(275, 111)	'ito'	9982
9904	(4659, 399)	' strike'	9983
9905	(7182, 519)	' appreciate'	9984
9906	(325, 176)	'戰'	9985
9907	(5448, 350)	'无论是'	9986
9908	(1750, 165)	'ጥ'	9987
9909	(413, 146)	'递'	9988
9910	(601, 1184)	'高级'	9989
9911	(611, 604)	' plant'	9990
9912	(3415, 101)	'ije'	9991
9913	(2409, 1191)	'协调'	9992
9914	(4978, 2271)	' leadership'	9993
9915	(415, 171)	'披'	9994
9916	(7843, 5182)	' Mexico'	9995
9917	(2769, 3083)	' explained'	9996
9918	(73, 88)	'IX'	9998
9919	(5706, 2186)	'舒适'	9999
9920	(4749, 324)	' Steve'	10000
9921	(2829, 3827)	'听歌'	10001
9922	(660, 486)	'作出'	10002
9923	(418, 283)	'iling'	10003
9924	(1166, 777)	'回合'	10004
9925	(53, 51)	'53'	10005
9926	(301, 527)	'asts'	10006
9927	(7513, 604)	' restaurant'	10007
9928	(1167, 923)	' actions'	10008
9929	(376, 2405)	' Add'	10009
9930	(76, 626)	'Last'	10010
9931	(3672, 159)	'鸟'	10011
9932	(545, 1982)	'发言'	10012
9933	(5176, 1947)	' responsible'	10013
9934	(851, 51)	' 33'	10014
9935	(391, 1452)	' Mont'	10015
9936	(1791, 115)	' wins'	10016
9937	(588, 458)	' Eag'	10017
9938	(386, 3608)	'不久'	10018
9939	(386, 8987)	'不妨'	10019
9940	(16034, 105)	' initi'	10020
9941	(421, 8963)	" weren't"	10021
9942	(4028, 6741)	'休闲'	10022
9943	(3239, 1349)	'铁路'	10023
9944	(3686, 4256)	'毕竟'	10024
9945	(1831, 690)	'phone'	10025
9946	(1126, 4012)	' است'	10026
9947	(1938, 2986)	' entertain'	10027
9948	(16078, 1889)	'传感器'	10028
9949	(3488, 288)	' resear'	10029
9950	(376, 84)	' AT'	10030
9951	(1241, 324)	' serve'	10031
9952	(1488, 1019)	'带着'	10032
9953	(2530, 8338)	' demonstr'	10033
9954	(839, 842)	'وی'	10034
9955	(2019, 308)	' medic'	10035
9956	(599, 2197)	'月底'	10036
9957	(7233, 682)	'works'	10037
9958	(356, 373)	' Tim'	10038
9959	(1153, 1018)	'ку'	10039
9960	(119, 734)	'wide'	10040
9961	(358, 138)	'诊'	10041
9962	(823, 128)	'稀'	10042
9963	(496, 3142)	' River'	10043
9964	(3371, 1122)	'ını'	10044
9965	(348, 276)	'ador'	10045
9966	(4686, 301)	' occas'	10046
9967	(394, 190)	'盾'	10047
9968	(357, 1487)	'在美国'	10048
9969	(804, 163)	'っ'	10049
9970	(8702, 1166)	'赎回'	10050
9971	(1434, 1381)	'亚盘'	10051
9972	(523, 167)	'氧'	10052
9973	(504, 803)	' ship'	10053
9974	(570, 130)	'ం'	10054
9975	(45, 70)	'-F'	10055
9976	(1124, 322)	'ption'	10056
9977	(1402, 16052)	' attorney'	10057
9978	(4362, 156)	'膜'	10058
9979	(2313, 423)	' status'	10059
9980	(640, 378)	'就有'	10060
9981	(3594, 3892)	'有效像素'	10061
9982	(741, 1077)	'还可以'	10062
9983	(973, 1349)	'道路'	10063
9984	(463, 1111)	' Haw'	10064
9985	(771, 826)	'定位'	10065
9986	(2792, 666)	'版本'	10066
9987	(329, 141)	'對'	10067
9988	(540, 2575)	'日晚'	10068
9989	(2208, 168)	'్న'	10069
9990	(259, 119)	'hew'	10070
9991	(7298, 8708)	' Instagram'	10071
9992	(5734, 2691)	' Valley'	10072
9993	(419, 2057)	'国债'	10073
9994	(1182, 16073)	' guilty'	10074
9995	(1016, 133)	' ਅ'	10075
9996	(1278, 545)	'首发'	10076
9997	(7192, 331)	' slightly'	10077
9998	(4566, 3576)	' identified'	10078
9999	(316, 105)	' gi'	10079
10000	(4594, 7871)	' penalty'	10080
10001	(2097, 522)	' Arab'	10081
10002	(268, 2584)	' www'	10082
10003	(468, 2047)	'以往'	10083
10004	(54, 50)	'62'	10084
10005	(4759, 532)	' Britain'	10085
10006	(531, 301)	' Las'	10086
10007	(513, 165)	'泥'	10087
10008	(706, 2052)	'美國'	10088
10009	(272, 3929)	'的感觉'	10089
10010	(16079, 931)	'季后赛'	10090
10011	(6515, 293)	' mental'	10091
10012	(388, 170)	'循'	10092
10013	(1622, 1353)	'连胜'	10093
10014	(917, 157)	'芝'	10094
10015	(121, 367)	"y's"	10095
10016	(2780, 180)	'嘴'	10096
10017	(875, 427)	'三年'	10097
10018	(5214, 5214)	'妈妈'	10098
10019	(1122, 2301)	'ış'	10099
10020	(57, 52)	'94'	10100
10021	(3172, 115)	' programs'	10101
10022	(69, 862)	'Even'	10102
10023	(336, 1965)	'一致'	10103
10024	(471, 138)	'ช'	10104
10025	(450, 285)	'oles'	10105
10026	(496, 115)	' Rs'	10106
10027	(1464, 7202)	'广泛'	10107
10028	(1759, 5102)	'复杂'	10108
10029	(6383, 3899)	'尺寸'	10109
10030	(6073, 16076)	'中华人民共和国'	10110
10031	(45, 66)	'-B'	10111
10032	(278, 1061)	' coin'	10112
10033	(6110, 878)	'Image'	10113
10034	(1146, 285)	'oves'	10114
10035	(3355, 323)	b'\xe0\xa5\x81\xe0\xa4'	10115
10036	(102, 959)	'face'	10116
10037	(289, 115)	' os'	10117
10038	(774, 636)	'ivity'	10118
10039	(3829, 108)	' Atl'	10119
10040	(874, 378)	'更有'	10120
10041	(1681, 9326)	'清晰'	10121
10042	(69, 88)	'EX'	10122
10043	(715, 573)	'之下'	10123
10044	(354, 1790)	' Spr'	10124
10045	(4979, 957)	'累计'	10125
10046	(1960, 170)	'猪'	10126
10047	(1638, 5314)	'把握'	10127
10048	(7280, 115)	' analysts'	10128
10049	(316, 119)	' gw'	10129
10050	(1305, 1651)	'规则'	10130
10051	(449, 170)	'陪'	10131
10052	(1226, 185)	' হ'	10132
10053	(272, 854)	'的心'	10133
10054	(276, 105)	'ori'	10134
10055	(272, 1054)	'的市场'	10135
10056	(68, 84)	'DT'	10136
10057	(476, 168)	'拨'	10137
10058	(336, 1875)	'一条'	10138
10059	(425, 115)	'outs'	10139
10060	(508, 165)	' إ'	10140
10061	(851, 46)	' 3.'	10141
10062	(814, 1308)	'内线'	10142
10063	(386, 2155)	'不够'	10143
10064	(8760, 2736)	' basketball'	10144
10065	(1169, 571)	'达成'	10145
10066	(4915, 281)	' Paris'	10146
10067	(2509, 411)	' veter'	10147
10068	(1161, 128)	'ী'	10148
10069	(397, 357)	'人在'	10149
10070	(294, 116)	' ant'	10150
10071	(546, 274)	' van'	10151
10072	(2593, 101)	' Joe'	10152
10073	(1444, 912)	'拉斯'	10153
10074	(611, 6022)	' planned'	10154
10075	(1328, 2299)	'星座'	10155
10076	(1612, 1230)	'类型'	10156
10077	(9406, 1046)	'经销商'	10157
10078	(2298, 263)	' centre'	10158
10079	(7563, 279)	' Open'	10159
10080	(1003, 97)	'ava'	10160
10081	(1282, 902)	'客队'	10161
10082	(1654, 102)	'aaf'	10162
10083	(486, 1037)	'出色'	10163
10084	(4373, 275)	' limit'	10164
10085	(264, 494)	' sust'	10165
10086	(3092, 5079)	b'\xe0\xa8\xbf\xe0\xa9\xb1\xe0\xa8'	10166
10087	(39, 109)	"'m"	10167
10088	(458, 104)	'agh'	10168
10089	(1146, 97)	'ova'	10169
10090	(67, 69)	'CE'	10170
10091	(3033, 2879)	' solution'	10171
10092	(46, 77)	'.M'	10172
10093	(352, 274)	'aman'	10173
10094	(110, 115)	'ns'	10174
10095	(1708, 181)	' ስ'	10175
10096	(393, 176)	'衰'	10176
10097	(6170, 1188)	'韦德'	10177
10098	(526, 97)	'ela'	10178
10099	(5362, 3977)	' Democratic'	10179
10100	(1585, 136)	' ш'	10180
10101	(55, 52)	'74'	10181
10102	(798, 6144)	' advert'	10182
10103	(3473, 287)	' returned'	10183
10104	(1625, 3919)	' conserv'	10184
10105	(504, 894)	' shown'	10185
10106	(417, 485)	' Best'	10186
10107	(572, 145)	'惑'	10187
10108	(1226, 164)	' ত'	10188
10109	(57, 51)	'93'	10189
10110	(470, 293)	' Wal'	10190
10111	(156, 430)	b'\x9c\xe1\x80'	10191
10112	(114, 281)	'ris'	10192
10113	(98, 548)	'bour'	10193
10114	(6843, 519)	' separate'	10194
10115	(1236, 350)	'或是'	10195
10116	(561, 150)	'辖'	10196
10117	(3228, 428)	'历史上'	10197
10118	(1471, 178)	'悲'	10198
10119	(1043, 7492)	' otherwise'	10199
10120	(2190, 1307)	'ological'	10200
10121	(427, 2300)	'年初'	10201
10122	(874, 776)	'更好'	10202
10123	(111, 816)	'overy'	10203
10124	(80, 263)	'Pre'	10204
10125	(879, 4217)	' somewhere'	10205
10126	(749, 913)	'小区'	10206
10127	(291, 1115)	' dress'	10207
10128	(1544, 272)	'游戏的'	10208
10129	(282, 4430)	' fuel'	10209
10130	(1632, 173)	'設'	10210
10131	(86, 80)	'VP'	10211
10132	(2797, 427)	'青年'	10212
10133	(2477, 178)	'از'	10213
10134	(4522, 189)	'總'	10214
10135	(336, 1143)	'一周'	10215
10136	(825, 183)	'廷'	10216
10137	(1032, 5226)	' resources'	10217
10138	(6804, 156)	'서'	10218
10139	(809, 151)	'苗'	10219
10140	(7520, 2729)	'拒绝'	10220
10141	(580, 177)	'ற'	10221
10142	(1552, 1409)	'服装'	10222
10143	(713, 383)	' spir'	10223
10144	(121, 105)	'yi'	10224
10145	(1428, 105)	'azi'	10225
10146	(457, 160)	'纠'	10226
10147	(1762, 882)	'ыл'	10227
10148	(629, 174)	'ਮ'	10228
10149	(471, 158)	'พ'	10229
10150	(528, 102)	'ulf'	10230
10151	(1139, 1639)	'收购'	10231
10152	(1646, 1431)	'乐观'	10232
10153	(601, 568)	'高于'	10233
10154	(110, 332)	'net'	10234
10155	(67, 66)	'CB'	10235
10156	(1240, 7125)	' accounts'	10236
10157	(875, 400)	'三大'	10237
10158	(55, 51)	'73'	10238
10159	(1733, 553)	'创业'	10239
10160	(1421, 334)	' decent'	10240
10161	(140, 128)	b'\x8c\x80'	10241
10162	(407, 187)	'玻'	10242
10163	(288, 682)	'arks'	10243
10164	(6526, 1085)	'植物'	10244
10165	(540, 4925)	'日下午'	10246
10166	(3362, 776)	'良好'	10247
10167	(713, 6307)	' spring'	10248
10168	(2798, 3146)	'分析人士'	10249
10169	(518, 2421)	'能否'	10250
10170	(4398, 1589)	'募集'	10251
10171	(2740, 3954)	' matches'	10252
10172	(514, 6771)	' constant'	10253
10173	(6165, 331)	' honestly'	10254
10174	(16080, 6822)	'胡锦涛'	10255
10175	(297, 2100)	' harm'	10256
10176	(8417, 276)	' Director'	10257
10177	(336, 727)	'一球'	10258
10178	(1282, 1431)	'客观'	10259
10179	(557, 8428)	'分辨'	10260
10180	(573, 695)	'下面'	10261
10181	(3551, 4573)	' traditional'	10262
10182	(264, 2864)	' sister'	10263
10183	(489, 112)	'opp'	10264
10184	(6694, 6003)	' software'	10265
10185	(1226, 168)	' ন'	10266
10186	(531, 1911)	' Lee'	10267
10187	(1342, 1695)	' crash'	10268
10188	(2076, 4945)	' providing'	10269
10189	(1218, 396)	'做了'	10270
10190	(743, 78)	' UN'	10271
10191	(73, 527)	'Its'	10272
10192	(890, 1365)	'第十'	10273
10193	(301, 121)	'asy'	10274
10194	(1010, 100)	'achd'	10275
10195	(2418, 101)	' mode'	10276
10196	(112, 263)	'pre'	10277
10197	(350, 1973)	'是什么'	10278
10198	(831, 114)	' arr'	10279
10199	(2581, 505)	' Grand'	10280
10200	(45, 1807)	'-sh'	10281
10201	(632, 6813)	' truth'	10282
10202	(895, 141)	'砍'	10283
10203	(379, 97)	'sea'	10284
10204	(1109, 185)	'ाह'	10285
10205	(883, 134)	'霆'	10286
10206	(6321, 678)	'ructure'	10287
10207	(16007, 671)	' movies'	10288
10208	(526, 574)	'eless'	10289
10209	(1016, 164)	' ਤ'	10290
10210	(867, 467)	'此时'	10291
10211	(622, 772)	' abuse'	10292
10212	(400, 3427)	'大學'	10293
10213	(4795, 3090)	' connection'	10294
10214	(326, 459)	'iders'	10295
10215	(3032, 1951)	' powerful'	10296
10216	(856, 427)	'当年'	10297
10217	(74, 111)	'Jo'	10298
10218	(260, 162)	'丢'	10299
10219	(260, 166)	'並'	10300
10220	(751, 791)	'说法'	10301
10221	(557, 3601)	'分享'	10302
10222	(663, 576)	'最多'	10303
10223	(542, 104)	' Gh'	10304
10224	(32, 2039)	' ü'	10305
10225	(305, 458)	' lag'	10306
10226	(2985, 2373)	b'\xe0\xb9\x88\xe0\xb8\xb2\xe0\xb8'	10307
10227	(1098, 107)	'ək'	10308
10228	(573, 3991)	'下载'	10309
10229	(2003, 112)	' insp'	10310
10230	(7343, 5211)	'凌晨'	10311
10231	(1148, 1948)	'打击'	10312
10232	(815, 3734)	' offensive'	10313
10233	(2177, 621)	' install'	10314
10234	(16025, 134)	'☆'	10315
10235	(6283, 1056)	' purchase'	10316
10236	(71, 65)	'GA'	10317
10237	(1337, 97)	'anka'	10318
10238	(1233, 1171)	'ته'	10319
10239	(16055, 276)	' doctor'	10320
10240	(1390, 171)	'疫'	10321
10241	(231, 176)	b'\xe7\xb0'	10322
10242	(492, 910)	'家里'	10323
10243	(2083, 168)	'ાન'	10324
10244	(561, 133)	'辅'	10325
10245	(98, 105)	'bi'	10326
10246	(77, 274)	'Man'	10327
10247	(83, 101)	'Se'	10328
10248	(1411, 97)	'anya'	10329
10249	(958, 189)	'爽'	10330
10250	(386, 665)	'不用'	10331
10251	(590, 830)	'也很'	10332
10252	(286, 2987)	' mech'	10333
10253	(1574, 1009)	'的一些'	10334
10254	(45, 76)	'-L'	10335
10255	(6139, 3759)	'凭借'	10336
10256	(1472, 3796)	' commission'	10337
10257	(650, 2468)	" they've"	10338
10258	(469, 187)	' л'	10339
10259	(288, 265)	'aron'	10340
10260	(965, 1489)	'并未'	10341
10261	(2097, 116)	' Art'	10342
10262	(726, 555)	'都要'	10343
10263	(314, 3778)	' nature'	10344
10264	(3729, 2782)	' Images'	10345
10265	(2242, 1066)	'书记'	10346
10266	(3306, 1514)	'储备'	10347
10267	(1785, 109)	' chem'	10348
10268	(785, 272)	'子的'	10349
10269	(982, 522)	' grab'	10350
10270	(2251, 2251)	'!!!!'	10351
10271	(706, 3043)	'美丽'	10352
10272	(1585, 143)	' я'	10353
10273	(824, 8041)	' intelligence'	10354
10274	(4923, 287)	' pulled'	10355
10275	(4950, 467)	'采访时'	10356
10276	(5183, 1685)	' communities'	10357
10277	(2660, 769)	'ент'	10358
10278	(1406, 143)	'脏'	10359
10279	(1177, 4974)	'总裁'	10360
10280	(301, 1292)	'ashed'	10362
10281	(2911, 2724)	'承担'	10363
10282	(1421, 734)	' decide'	10364
10283	(272, 539)	'的地'	10365
10284	(543, 923)	'ctions'	10366
10285	(55, 424)	'700'	10367
10286	(983, 2845)	'意思'	10368
10287	(767, 6564)	'天津'	10369
10288	(3998, 177)	'橱'	10370
10289	(350, 1235)	'是指'	10371
10290	(901, 1200)	'万科'	10372
10291	(3114, 821)	' walking'	10373
10292	(842, 627)	'یا'	10374
10293	(538, 555)	'我要'	10375
10294	(1471, 172)	'悬'	10376
10295	(108, 369)	'lig'	10377
10296	(655, 745)	'主力'	10378
10297	(514, 4123)	' constit'	10379
10298	(462, 2232)	'这也是'	10380
10299	(592, 6558)	' exerc'	10381
10300	(111, 821)	'oking'	10382
10301	(1529, 97)	' naa'	10383
10302	(6289, 173)	'蘭'	10384
10303	(100, 279)	'den'	10385
10304	(434, 283)	' ring'	10386
10305	(830, 1971)	'很大的'	10387
10306	(375, 1262)	'unte'	10388
10307	(7723, 852)	' dangerous'	10389
10308	(747, 2332)	b'\xd1\x80\xd0\xb0\xd1'	10390
10309	(522, 101)	'abe'	10391
10310	(1279, 419)	'各国'	10392
10311	(2190, 671)	'ologies'	10393
10312	(3177, 287)	' managed'	10394
10313	(1279, 460)	'各个'	10395
10314	(353, 636)	'acity'	10396
10315	(875, 1328)	'三星'	10397
10316	(1197, 285)	'ples'	10398
10317	(1115, 637)	'ressive'	10399
10318	(958, 181)	'爵'	10400
10319	(6419, 1325)	' opposition'	10401
10320	(258, 258)	'inin'	10402
10321	(357, 1562)	'在北京'	10403
10322	(1287, 571)	'变成'	10404
10323	(386, 400)	'不大'	10405
10324	(429, 188)	'彼'	10406
10325	(1143, 714)	'周期'	10407
10326	(1383, 441)	'formation'	10408
10327	(299, 129)	'允'	10409
10328	(1793, 1037)	'红色'	10410
10329	(3281, 697)	' affect'	10411
10330	(588, 312)	' Ell'	10412
10331	(417, 868)	' Bell'	10413
10332	(365, 103)	'rog'	10414
10333	(278, 117)	' cu'	10415
10334	(77, 79)	'MO'	10416
10335	(1117, 176)	'舰'	10418
10336	(2882, 3347)	'检察'	10419
10337	(2767, 2043)	'危险'	10420
10338	(732, 167)	'捧'	10421
10339	(554, 3165)	' devices'	10422
10340	(557, 420)	'分为'	10423
10341	(316, 532)	' gain'	10424
10342	(1538, 1538)	'仅仅'	10425
10343	(3761, 603)	' apart'	10426
10344	(797, 158)	'類'	10427
10345	(499, 274)	'uman'	10430
10346	(384, 164)	'凤'	10431
10347	(1463, 177)	' න'	10432
10348	(730, 1755)	'其它'	10433
10349	(109, 285)	'mes'	10434
10350	(4529, 1386)	'释放'	10435
10351	(7432, 16084)	'脂肪'	10436
10352	(2840, 272)	'所有的'	10437
10353	(616, 136)	'愈'	10438
10354	(417, 97)	' Ba'	10439
10355	(1623, 9528)	' strategy'	10440
10356	(996, 52)	'2004'	10441
10357	(851, 424)	' 300'	10442
10358	(2118, 1142)	'ід'	10443
10359	(333, 110)	' ren'	10444
10360	(316, 98)	' gb'	10445
10361	(258, 1571)	'inals'	10446
10362	(2702, 285)	' sites'	10447
10363	(5257, 5314)	'掌握'	10448
10364	(904, 9143)	' enforcement'	10449
10365	(3299, 4388)	' forecast'	10450
10366	(3471, 288)	'iliar'	10451
10367	(380, 164)	'孤'	10452
10368	(1929, 178)	'िल'	10453
10369	(379, 6764)	'semb'	10454
10370	(615, 528)	' Jul'	10455
10371	(4648, 115)	' boys'	10456
10372	(286, 119)	' mw'	10457
10373	(315, 134)	'昆'	10458
10374	(1746, 1363)	'博士'	10459
10375	(1492, 151)	'狗'	10460
10376	(511, 271)	' seat'	10461
10377	(1068, 1747)	'正确'	10462
10378	(291, 980)	' dick'	10463
10379	(275, 3251)	'itude'	10464
10380	(1134, 8015)	' apparently'	10465
10381	(787, 1431)	'外观'	10466
10382	(397, 400)	'人大'	10467
10383	(2128, 573)	'拿下'	10468
10384	(644, 185)	'曹'	10469
10385	(1499, 120)	'lix'	10470
10386	(109, 969)	'mark'	10471
10387	(1563, 757)	' coff'	10472
10388	(1120, 6211)	' Invest'	10473
10389	(2926, 708)	'干部'	10474
10390	(632, 1034)	' trail'	10475
10391	(272, 1581)	'的工作'	10476
10392	(80, 2383)	'Please'	10477
10393	(2191, 348)	' Read'	10478
10394	(974, 142)	'ዎ'	10479
10395	(2123, 320)	' handle'	10480
10396	(1136, 979)	'强化'	10481
10397	(1067, 1010)	' teach'	10482
10398	(4726, 1281)	' temper'	10483
10399	(2213, 285)	' hopes'	10484
10400	(2950, 3753)	' switch'	10485
10401	(4508, 287)	' concerned'	10486
10402	(329, 184)	'尸'	10487
10403	(3362, 2550)	'良好的'	10488
10404	(2692, 1424)	'简称'	10489
10405	(2366, 1561)	'奥运'	10490
10406	(3955, 267)	' customer'	10491
10407	(1532, 263)	'Here'	10492
10408	(641, 39)	" O'"	10493
10409	(278, 5309)	' categ'	10494
10410	(16003, 135)	'็'	10495
10411	(7257, 171)	b'\x95\xe1\x80\xab'	10496
10412	(2659, 119)	' crew'	10497
10413	(585, 2492)	' liked'	10498
10414	(629, 163)	'ਣ'	10499
10415	(1725, 806)	'难度'	10500
10416	(1454, 3016)	' gotten'	10501
10417	(98, 265)	'bon'	10502
10418	(941, 378)	'已有'	10503
10419	(2911, 1229)	'承认'	10504
10420	(356, 894)	' Town'	10505
10421	(2396, 101)	' Ze'	10506
10422	(314, 2762)	' narr'	10507
10423	(401, 143)	'奏'	10508
10424	(540, 1081)	'日至'	10509
10425	(3143, 3209)	b'\xe0\xb0\xbf\xe0\xb0\x82\xe0\xb0'	10510
10426	(550, 428)	'场上'	10511
10427	(391, 478)	' Mem'	10512
10428	(542, 8037)	' German'	10513
10429	(83, 112)	'Sp'	10514
10430	(893, 673)	' Stud'	10515
10431	(107, 1132)	'kọ'	10516
10432	(999, 174)	'壮'	10517
10433	(4130, 2432)	'货币政策'	10518
10434	(5149, 345)	' fellow'	10519
10435	(754, 171)	'ණ'	10520
10436	(1270, 149)	'硕'	10521
10437	(3855, 97)	'adda'	10523
10438	(4083, 942)	'上市公司'	10524
10439	(2061, 167)	b' \xeb\xa7'	10525
10440	(1872, 1113)	'阿尔'	10526
10441	(830, 2550)	'很好的'	10527
10442	(8216, 976)	' purpose'	10528
10443	(80, 82)	'PR'	10529
10444	(65, 100)	'Ad'	10530
10445	(590, 555)	'也要'	10531
10446	(1358, 149)	' ን'	10532
10447	(1692, 177)	'்ற'	10533
10448	(795, 150)	'胖'	10534
10449	(4883, 2080)	' negative'	10535
10450	(390, 579)	'中学'	10536
10451	(391, 536)	' Mos'	10537
10452	(820, 322)	'ansion'	10538
10453	(7853, 515)	' strength'	10539
10454	(400, 749)	'大小'	10540
10455	(5062, 2736)	' baseball'	10541
10456	(276, 841)	'orial'	10542
10457	(933, 1211)	'لي'	10543
10458	(5982, 441)	' application'	10544
10459	(4622, 690)	'Phone'	10545
10460	(668, 102)	' unf'	10546
10461	(1041, 140)	'桌'	10547
10462	(8603, 5240)	'疯狂'	10548
10463	(3905, 1239)	'梦想'	10549
10464	(1195, 420)	'率为'	10550
10465	(264, 6030)	' session'	10551
10466	(1364, 173)	'ậ'	10552
10467	(2953, 935)	'农民'	10553
10468	(8973, 6414)	' Pakistan'	10554
10469	(1525, 1083)	' remove'	10555
10470	(794, 191)	'姿'	10556
10471	(376, 76)	' AL'	10557
10472	(4394, 1034)	' Email'	10558
10473	(1903, 114)	' surr'	10559
10474	(2924, 4308)	' reduce'	10560
10475	(4150, 1152)	' Christian'	10561
10476	(104, 116)	'ht'	10562
10477	(618, 131)	'ể'	10563
10478	(434, 117)	' ru'	10564
10479	(2900, 275)	' suit'	10565
10480	(385, 2885)	' stret'	10566
10481	(3393, 176)	b' \xea\xb0'	10567
10482	(521, 1102)	'对应'	10568
10483	(1188, 910)	'德里'	10569
10484	(45, 1306)	'-12'	10570
10485	(1598, 576)	'太多'	10571
10486	(1229, 1631)	'认真'	10572
10487	(469, 146)	' В'	10573
10488	(2186, 1102)	'适应'	10574
10489	(3050, 175)	'্য'	10576
10490	(2442, 727)	'篮球'	10577
10491	(506, 272)	'会的'	10578
10492	(434, 675)	' rough'	10579
10493	(6217, 2414)	' ordered'	10580
10494	(1077, 357)	'可以在'	10581
10495	(599, 727)	'月球'	10582
10496	(73, 82)	'IR'	10583
10497	(4425, 7255)	'遗漏'	10584
10498	(1950, 1423)	'是一款'	10585
10499	(3783, 9495)	' equipment'	10586
10500	(604, 308)	'antic'	10587
10501	(2173, 367)	" world's"	10588
10502	(1647, 3734)	' defensive'	10589
10503	(469, 162)	' Т'	10590
10504	(478, 274)	'eman'	10591
10505	(4480, 1307)	' critical'	10592
10506	(1472, 4771)	' committed'	10593
10507	(442, 271)	' kat'	10594
10508	(3252, 1171)	' له'	10595
10509	(1931, 1337)	' Frank'	10596
10510	(72, 1776)	'Have'	10597
10511	(868, 121)	'elly'	10598
10512	(116, 117)	'tu'	10599
10513	(89, 766)	'Yep'	10600
10514	(510, 746)	' Found'	10601
10515	(385, 964)	' stated'	10602
10516	(546, 383)	' vir'	10603
10517	(496, 111)	' Ro'	10604
10518	(277, 326)	' bid'	10605
10519	(663, 2550)	'最好的'	10606
10520	(1282, 1353)	'客胜'	10607
10521	(945, 2442)	'投篮'	10608
10522	(401, 162)	'奢'	10609
10523	(900, 134)	'穆'	10610
10524	(258, 283)	'ining'	10611
10525	(5839, 1764)	' arrived'	10612
10526	(1218, 495)	'做到'	10613
10527	(505, 265)	'andon'	10614
10528	(638, 450)	'ocol'	10615
10529	(1401, 397)	'老人'	10616
10530	(4001, 2393)	'永远'	10617
10531	(1096, 846)	'股价'	10618
10532	(663, 420)	'最为'	10619
10533	(973, 1149)	'道具'	10620
10534	(9246, 110)	'.cn'	10621
10535	(412, 159)	'废'	10622
10536	(9785, 799)	'样板间'	10623
10537	(3311, 495)	'遇到'	10624
10538	(1479, 2130)	'预算'	10625
10539	(532, 527)	'aints'	10626
10540	(99, 938)	'care'	10627
10541	(1380, 185)	'ス'	10628
10542	(8595, 1056)	' disease'	10629
10543	(1728, 915)	'买入'	10630
10544	(450, 308)	'olic'	10631
10545	(1569, 4812)	' assume'	10632
10546	(943, 4864)	' YOU'	10633
10547	(286, 293)	' mal'	10634
10548	(1733, 983)	'创意'	10635
10549	(667, 2089)	'得到了'	10636
10550	(933, 7565)	'لى'	10637
10551	(2106, 4367)	' пре'	10638
10552	(87, 406)	'Will'	10639
10553	(6480, 5568)	' neighbor'	10640
10554	(1143, 3795)	'周末'	10641
10555	(8278, 322)	' champion'	10642
10556	(589, 154)	' च'	10643
10557	(570, 164)	'త'	10644
10558	(832, 3558)	'相互'	10645
10559	(576, 427)	'多年'	10646
10560	(835, 175)	'聯'	10647
10561	(723, 175)	'涯'	10648
10562	(595, 9336)	'公寓'	10649
10563	(2645, 367)	" country's"	10650
10564	(2028, 3347)	'警察'	10651
10565	(2521, 99)	'ác'	10652
10566	(114, 1132)	'rọ'	10653
10567	(582, 9447)	' alcohol'	10654
10568	(3435, 115)	' records'	10655
10569	(530, 6923)	' noticed'	10656
10570	(405, 132)	'寄'	10657
10571	(5692, 5692)	'--------'	10658
10572	(235, 166)	b'\xeb\xa6'	10659
10573	(4590, 2404)	'幸福'	10660
10574	(699, 1889)	'机器'	10661
10575	(706, 1093)	'美女'	10662
10576	(1058, 564)	'让他'	10663
10577	(627, 1171)	'اه'	10664
10578	(723, 181)	'涵'	10665
10579	(468, 2531)	'以来的'	10666
10580	(436, 480)	' Pri'	10667
10581	(480, 878)	'riage'	10668
10582	(352, 105)	'ami'	10669
10583	(256, 803)	' tip'	10670
10584	(272, 1451)	'的经济'	10671
10585	(398, 98)	'urb'	10672
10586	(356, 2866)	' Techn'	10673
10587	(114, 326)	'rid'	10674
10588	(1047, 115)	'ugs'	10675
10589	(531, 116)	' Lt'	10676
10590	(1097, 141)	'੍'	10677
10591	(767, 272)	'天的'	10678
10592	(6691, 1073)	' primary'	10679
10593	(1082, 1305)	'常规'	10680
10594	(1186, 159)	'्ट'	10681
10595	(486, 1732)	'出现在'	10682
10596	(3486, 1635)	'答案'	10683
10597	(343, 1545)	' eating'	10684
10598	(1174, 180)	'缴'	10685
10599	(1525, 752)	' remind'	10686
10600	(291, 293)	' dal'	10687
10601	(1381, 1416)	'盘口'	10688
10602	(7561, 97)	'ında'	10689
10603	(236, 154)	b'\xec\x9a'	10690
10604	(2118, 1350)	'ів'	10691
10605	(65, 89)	'AY'	10692
10606	(300, 5835)	' inbox'	10693
10607	(281, 441)	'isation'	10694
10608	(1467, 2036)	'米兰'	10695
10609	(599, 272)	'月的'	10696
10610	(282, 331)	' fly'	10697
10611	(943, 285)	' Yes'	10698
10612	(3271, 267)	' smaller'	10699
10613	(606, 163)	'ણ'	10700
10614	(496, 719)	' Rod'	10701
10615	(87, 69)	'WE'	10702
10616	(925, 267)	' user'	10703
10617	(1163, 285)	'enses'	10704
10618	(1120, 411)	' Inter'	10705
10619	(7102, 258)	' Martin'	10706
10620	(263, 285)	'rees'	10707
10621	(2343, 3090)	' collection'	10708
10622	(2443, 117)	' uu'	10709
10623	(398, 100)	'urd'	10710
10624	(5293, 267)	' closer'	10711
10625	(6806, 4408)	'鼓励'	10712
10626	(263, 1163)	'reens'	10713
10627	(2882, 1977)	'检测'	10714
10628	(775, 2135)	'实验'	10715
10629	(428, 336)	'上一'	10716
10630	(117, 274)	'uan'	10717
10631	(1708, 176)	' ሰ'	10718
10632	(812, 1424)	'名称'	10719
10633	(2329, 721)	'波动'	10720
10634	(2462, 259)	'-the'	10721
10635	(1639, 1085)	'购物'	10722
10636	(2781, 3991)	'搭载'	10723
10637	(2359, 1898)	' believes'	10724
10638	(2739, 1303)	'河南'	10725
10639	(65, 103)	'Ag'	10726
10640	(318, 312)	' Ill'	10727
10641	(1455, 55)	'2017'	10728
10642	(1972, 2747)	'权威'	10729
10643	(72, 83)	'HS'	10730
10644	(387, 171)	'扫'	10731
10645	(5782, 678)	' measure'	10732
10646	(2158, 983)	'满意'	10733
10647	(272, 2023)	'的玩家'	10734
10648	(775, 2394)	'实习'	10735
10649	(70, 5677)	'From'	10736
10650	(350, 1774)	'是因为'	10737
10651	(8094, 1513)	' trouble'	10738
10652	(1653, 847)	'查看'	10740
10653	(1702, 3325)	' Andrew'	10741
10654	(5779, 288)	' dollar'	10742
10655	(710, 209)	b'\xd0\xb5\xd1'	10743
10656	(2039, 114)	'ür'	10744
10657	(386, 784)	'不但'	10745
10658	(8524, 7717)	'谨慎'	10746
10659	(282, 753)	' fake'	10747
10660	(2664, 301)	' ideas'	10748
10661	(32, 283)	' ing'	10749
10662	(1027, 2181)	'身边'	10750
10663	(741, 681)	'还将'	10751
10664	(1052, 115)	'ords'	10752
10665	(1520, 283)	'luding'	10753
10666	(405, 186)	'寺'	10754
10667	(1360, 164)	'勤'	10755
10668	(1052, 274)	'ordan'	10756
10669	(1948, 3088)	'击败'	10757
10670	(381, 271)	' heat'	10758
10671	(1991, 115)	' seasons'	10759
10672	(1322, 587)	'先后'	10760
10673	(3615, 191)	'鹿'	10761
10674	(1120, 116)	' Int'	10762
10675	(2401, 16083)	'信息仅供参考'	10763
10676	(2808, 287)	' developed'	10764
10677	(3396, 853)	'मा'	10765
10678	(724, 98)	'ubb'	10766
10679	(234, 178)	b'\xea\xb2'	10767
10680	(1206, 379)	' rose'	10768
10681	(1636, 274)	'athan'	10769
10682	(470, 621)	' Wall'	10770
10683	(421, 560)	' weak'	10771
10684	(391, 9774)	' Manchester'	10772
10685	(4866, 276)	' motor'	10773
10686	(525, 148)	'阔'	10774
10687	(55, 49)	'71'	10775
10688	(348, 526)	'adel'	10776
10689	(947, 1771)	' expert'	10777
10690	(1819, 3306)	'存储'	10778
10691	(8754, 2029)	' Premier'	10779
10692	(339, 188)	'幼'	10780
10693	(46, 424)	'.00'	10781
10694	(948, 3226)	'ся'	10782
10695	(570, 184)	'స'	10783
10696	(2790, 1527)	'批准'	10784
10697	(1819, 1423)	'存款'	10785
10698	(805, 695)	'表面'	10786
10699	(2482, 322)	' mission'	10787
10700	(585, 1764)	' lived'	10788
10701	(7635, 759)	' machine'	10789
10702	(5102, 2714)	'杂志'	10790
10703	(615, 926)	' Jew'	10791
10704	(1575, 350)	'才是'	10792
10705	(749, 5220)	'小姐'	10793
10706	(226, 151)	b'\xe2\x97'	10794
10707	(4335, 2687)	' proposed'	10795
10708	(6371, 1615)	' Ohio'	10796
10709	(1992, 53)	'2.5'	10797
10710	(268, 762)	' wood'	10798
10711	(1180, 976)	'Those'	10799
10712	(2172, 4066)	' confidence'	10800
10713	(79, 67)	'OC'	10801
10714	(218, 134)	'چ'	10802
10715	(271, 274)	'atan'	10803
10716	(4993, 3301)	'培养'	10804
10717	(8688, 519)	'ropriate'	10805
10718	(2447, 2456)	' passeng'	10806
10719	(866, 182)	'ቶ'	10807
10720	(8575, 1748)	'尝试'	10808
10721	(3074, 2017)	'澳洲'	10809
10722	(596, 3713)	' church'	10810
10723	(65, 591)	'App'	10811
10724	(2106, 747)	' пр'	10812
10725	(1464, 550)	'广场'	10813
10726	(522, 258)	'abin'	10814
10727	(1189, 821)	' seeking'	10815
10728	(2208, 175)	'్య'	10816
10729	(820, 301)	'ansas'	10817
10730	(2038, 2647)	'江湖'	10818
10731	(346, 267)	' beer'	10819
10732	(7801, 2542)	'疾病'	10820
10733	(963, 922)	'从事'	10821
10734	(291, 267)	' der'	10822
10735	(128, 430)	b'\x80\xe1\x80'	10823
10736	(535, 150)	'視'	10824
10737	(592, 3051)	' excl'	10825
10738	(286, 2456)	' meng'	10826
10739	(1242, 1090)	'那样'	10827
10740	(107, 116)	'kt'	10828
10741	(114, 1856)	'rụ'	10829
10742	(890, 1806)	'第五'	10830
10743	(1279, 400)	'各大'	10831
10744	(45, 1172)	'-20'	10832
10745	(2598, 3969)	'激烈'	10835
10746	(6665, 997)	' balance'	10836
10747	(78, 691)	'Nice'	10837
10748	(6573, 519)	' candidate'	10838
10749	(1126, 3689)	' اور'	10839
10750	(69, 3360)	'EOS'	10840
10751	(2974, 699)	'飞机'	10841
10752	(1136, 1316)	'强势'	10842
10753	(105, 365)	'iro'	10843
10754	(638, 293)	'ocal'	10844
10755	(98, 365)	'bro'	10845
10756	(1212, 495)	'接到'	10846
10757	(1113, 920)	'尔特'	10847
10758	(111, 418)	'oil'	10848
10759	(1397, 169)	'岩'	10849
10760	(391, 117)	' Mu'	10850
10761	(3180, 2063)	'印象'	10851
10762	(2510, 142)	'碎'	10852
10763	(1182, 485)	' guest'	10853
10764	(1929, 164)	'ित'	10854
10765	(343, 2653)	' euro'	10855
10766	(428, 1299)	'上证'	10856
10767	(2153, 769)	' ст'	10857
10768	(5176, 5198)	' responsibility'	10858
10769	(110, 526)	'nel'	10859
10770	(350, 990)	'是中国'	10860
10771	(216, 184)	'ظ'	10861
10772	(3961, 283)	' bringing'	10862
10773	(356, 328)	' Tay'	10863
10774	(722, 691)	' justice'	10864
10775	(2833, 5918)	'赔偿'	10865
10776	(333, 16054)	' reporters'	10866
10777	(654, 48)	'010'	10867
10778	(384, 182)	'凶'	10868
10779	(463, 1776)	' Have'	10869
10780	(1903, 2905)	' surger'	10870
10781	(3644, 168)	'েন'	10871
10782	(5277, 138)	'車'	10872
10783	(1239, 791)	'想法'	10873
10784	(2577, 1778)	' reflect'	10874
10785	(1080, 3210)	'obby'	10875
10786	(1469, 837)	'节目'	10876
10787	(45, 1223)	'-19'	10877
10788	(940, 122)	'izz'	10878
10789	(288, 112)	'arp'	10879
10790	(348, 115)	'ads'	10880
10791	(336, 3452)	'一季度'	10881
10792	(858, 858)	'ahah'	10882
10793	(413, 153)	'這'	10883
10794	(1600, 152)	'娘'	10884
10795	(303, 5969)	' thinks'	10885
10796	(1753, 176)	'議'	10886
10797	(447, 166)	'秦'	10887
10798	(2216, 2879)	'ribution'	10888
10799	(2256, 2121)	' को'	10889
10800	(1262, 1712)	'terest'	10890
10801	(844, 1149)	'工具'	10891
10802	(596, 16050)	' championship'	10892
10803	(342, 164)	'斤'	10893
10804	(3142, 9059)	'iverpool'	10894
10805	(417, 3124)	' Board'	10896
10806	(2913, 2202)	' سے'	10897
10807	(6476, 154)	'線'	10898
10808	(834, 1211)	'ري'	10899
10809	(1767, 136)	' ወ'	10900
10810	(588, 115)	' Es'	10901
10811	(2163, 111)	' Who'	10902
10812	(9898, 114)	' integr'	10903
10813	(972, 274)	'ogan'	10904
10814	(464, 273)	' Dou'	10905
10815	(9138, 2095)	' Carolina'	10906
10816	(475, 411)	'ighter'	10907
10817	(1303, 708)	'南部'	10908
10818	(291, 375)	' dun'	10909
10819	(8109, 5758)	'ollywood'	10910
10820	(105, 997)	'iance'	10911
10821	(589, 135)	' इ'	10912
10822	(1126, 1275)	' ام'	10913
10823	(884, 826)	'两位'	10914
10824	(1766, 115)	'lands'	10915
10825	(8383, 8947)	' domestic'	10916
10826	(366, 115)	' thats'	10917
10827	(2417, 2730)	'石油'	10918
10828	(256, 458)	' tag'	10919
10829	(1397, 151)	'岗'	10920
10830	(1085, 744)	'物理'	10921
10831	(521, 700)	'对比'	10922
10832	(1268, 1357)	'取消'	10923
10833	(561, 158)	'辞'	10924
10834	(1791, 411)	' winter'	10925
10835	(380, 159)	'孟'	10926
10836	(116, 671)	'ties'	10927
10837	(385, 2327)	' stars'	10928
10838	(2353, 275)	' legit'	10929
10839	(105, 583)	'iqu'	10930
10840	(773, 1049)	'品种'	10931
10841	(4910, 121)	' lucky'	10932
10842	(2014, 134)	'иц'	10933
10843	(8461, 115)	' hundreds'	10934
10844	(1661, 3421)	'火爆'	10935
10845	(705, 2958)	'rences'	10936
10846	(4445, 183)	'ို့'	10937
10847	(1810, 553)	'失业'	10938
10848	(5716, 386)	'不得不'	10939
10849	(896, 4217)	' anywhere'	10940
10850	(586, 142)	'ሎ'	10941
10851	(1096, 1972)	'股权'	10942
10852	(4965, 3127)	' ਦੇ'	10943
10853	(4676, 636)	' activity'	10944
10854	(2315, 964)	' located'	10945
10855	(354, 288)	' Sar'	10946
10856	(623, 272)	'前的'	10947
10857	(354, 450)	' Sol'	10948
10858	(632, 3624)	' truly'	10949
10859	(1182, 9017)	' guarant'	10950
10860	(2592, 57)	' 2009'	10951
10861	(1134, 331)	' apply'	10952
10862	(1111, 110)	'awn'	10953
10863	(688, 2098)	' allows'	10954
10864	(371, 515)	' youth'	10955
10865	(580, 174)	'ம'	10956
10866	(1462, 1324)	'升值'	10957
10867	(836, 258)	' clin'	10958
10868	(7499, 330)	' forgot'	10959
10869	(16088, 16087)	'.THURSDAY'	10960
10870	(4104, 84)	'ENT'	10961
10871	(4591, 1823)	' Corpor'	10962
10872	(98, 288)	'bar'	10963
10873	(2191, 6031)	' Reuters'	10964
10874	(1544, 390)	'游戏中'	10965
10875	(436, 370)	' Put'	10966
10876	(734, 111)	'ideo'	10967
10877	(3442, 1545)	' operating'	10968
10878	(6620, 334)	'cellent'	10969
10879	(9307, 801)	'派出所'	10970
10880	(3264, 3199)	'登陆'	10971
10881	(1045, 1085)	'文物'	10972
10882	(434, 734)	' ride'	10973
10883	(1142, 1826)	'дан'	10974
10884	(1508, 271)	' flat'	10975
10885	(2927, 396)	'增加了'	10976
10886	(325, 146)	'戒'	10977
10887	(2685, 923)	' elections'	10978
10888	(4103, 680)	'笔者'	10979
10889	(2634, 108)	' infl'	10980
10890	(1855, 557)	'积分'	10981
10891	(336, 521)	'一对'	10982
10892	(4357, 130)	'蜂'	10983
10893	(7987, 334)	' independent'	10984
10894	(1155, 906)	'二手'	10985
10895	(985, 997)	' Chance'	10986
10896	(272, 1278)	'的首'	10987
10897	(265, 310)	'onom'	10988
10898	(45, 84)	'-T'	10989
10899	(559, 6736)	' prosecut'	10990
10900	(2634, 111)	' info'	10991
10901	(108, 3884)	'lər'	10992
10902	(2845, 1239)	'思想'	10993
10903	(1984, 573)	'情况下'	10994
10904	(32, 4326)	' ра'	10996
10905	(7444, 630)	' Richard'	10997
10906	(4533, 526)	' hotel'	10998
10907	(2085, 1363)	'富士'	10999
10908	(3490, 1764)	' approved'	11000
10909	(1157, 906)	'选手'	11001
10910	(83, 65)	'SA'	11002
10911	(6027, 1431)	'宏观'	11003
10912	(465, 146)	'怒'	11004
10913	(4384, 4628)	' argument'	11005
10914	(491, 117)	' ju'	11006
10915	(777, 2186)	'合适'	11007
10916	(32, 724)	' ub'	11008
10917	(3018, 283)	' facing'	11009
10918	(385, 6016)	' stocks'	11010
10919	(354, 97)	' Sa'	11011
10920	(263, 112)	'rep'	11012
10921	(4560, 115)	' stores'	11013
10922	(1148, 657)	'打开'	11014
10923	(4924, 771)	'固定'	11015
10924	(615, 673)	' Jud'	11016
10925	(436, 2383)	' Please'	11017
10926	(400, 506)	'大会'	11018
10927	(281, 484)	'isher'	11019
10928	(4524, 1928)	' akka'	11020
10929	(1420, 8525)	'约翰'	11021
10930	(9153, 745)	'魅力'	11022
10931	(2093, 180)	'場'	11023
10932	(1016, 178)	' ਲ'	11024
10933	(1492, 174)	'狮'	11025
10934	(621, 3544)	'allery'	11026
10935	(256, 5900)	' trend'	11027
10936	(3324, 283)	' changing'	11028
10937	(5362, 2501)	' Democrats'	11029
10938	(1327, 1171)	'ده'	11030
10939	(885, 155)	'睛'	11031
10940	(264, 3090)	' section'	11032
10941	(2855, 283)	'standing'	11033
10942	(469, 163)	' У'	11034
10943	(7079, 1522)	'信用卡'	11035
10944	(286, 1567)	' marg'	11036
10945	(1555, 1947)	'ossible'	11037
10946	(787, 2757)	'外汇'	11038
10947	(277, 1128)	' breat'	11039
10948	(3192, 1923)	' politics'	11040
10949	(572, 168)	'惨'	11041
10950	(875, 419)	'三国'	11042
10951	(1229, 556)	'认可'	11043
10952	(1929, 168)	'िन'	11044
10953	(1197, 959)	'place'	11045
10954	(1131, 1045)	'英文'	11046
10955	(76, 332)	'Let'	11047
10956	(5376, 5373)	' subscribe'	11048
10957	(1560, 1422)	'气质'	11049
10958	(2428, 275)	' edit'	11050
10959	(376, 122)	' Az'	11051
10960	(16044, 265)	' weapon'	11052
10961	(354, 3292)	' Sorry'	11053
10962	(408, 115)	'oos'	11054
10963	(6258, 345)	'know'	11055
10964	(104, 522)	'hab'	11056
10965	(2647, 1303)	'湖南'	11057
10966	(2911, 3538)	'承诺'	11058
10967	(16036, 267)	' larger'	11059
10968	(2644, 6268)	' possibly'	11060
10969	(1572, 168)	' ந'	11061
10970	(9378, 515)	' fifth'	11062
10971	(2694, 710)	' де'	11063
10972	(656, 139)	'運'	11064
10973	(1380, 164)	'イ'	11065
10974	(72, 79)	'HO'	11066
10975	(272, 990)	'的中国'	11067
10976	(1201, 4909)	'布朗'	11068
10977	(772, 499)	'useum'	11069
10978	(378, 2091)	'有很多'	11071
10979	(5680, 1515)	'账户'	11072
10980	(2930, 5506)	'净利润'	11073
10981	(611, 5121)	' placed'	11074
10982	(109, 5320)	'makers'	11075
10983	(483, 186)	'臺'	11076
10984	(101, 122)	'ez'	11077
10985	(297, 293)	' hal'	11078
10986	(3818, 115)	' views'	11079
10987	(7577, 781)	'董事长'	11080
10988	(499, 109)	'umm'	11081
10989	(284, 3753)	' pitch'	11082
10990	(282, 3787)	' faster'	11083
10991	(797, 181)	'页'	11084
10992	(1248, 174)	'粮'	11085
10993	(1574, 1049)	'的一种'	11086
10994	(2517, 65)	' USA'	11087
10995	(9452, 1073)	' Secretary'	11089
10996	(256, 375)	' tun'	11090
10997	(297, 258)	' hin'	11091
10998	(531, 626)	' Last'	11092
10999	(286, 383)	' mir'	11093
11000	(704, 1762)	'ны'	11094
11001	(1906, 1441)	'罗马'	11095
11002	(281, 1865)	'isters'	11096
11003	(86, 2571)	'VER'	11097
11004	(133, 1939)	b'\x85\xe1\x80\xba\xe1\x80'	11098
11005	(2973, 2871)	'媒体报道'	11099
11006	(2785, 283)	' standing'	11100
11007	(4817, 820)	' Republicans'	11101
11008	(726, 1209)	'都没有'	11102
11009	(588, 1778)	' Elect'	11103
11010	(4580, 3940)	' Global'	11104
11011	(743, 112)	' Up'	11105
11012	(902, 7858)	'队伍'	11106
11013	(592, 7639)	' exchange'	11107
11014	(398, 105)	'uri'	11108
11015	(912, 1200)	'斯科'	11109
11016	(1139, 1258)	'收费'	11111
11017	(5672, 9185)	' individuals'	11112
11018	(5004, 1460)	'软件'	11113
11019	(601, 789)	'高等'	11114
11020	(4853, 1495)	' surprise'	11115
11021	(4964, 115)	' songs'	11116
11022	(1248, 151)	'粗'	11117
11023	(746, 283)	'ounding'	11118
11024	(327, 39)	" y'"	11119
11025	(721, 1913)	'动态'	11120
11026	(268, 2762)	' warr'	11121
11027	(1807, 275)	'shit'	11122
11028	(571, 397)	'成人'	11123
11029	(118, 258)	'vin'	11124
11030	(386, 576)	'不多'	11125
11031	(69, 65)	'EA'	11126
11032	(356, 783)	' Tra'	11127
11033	(3568, 1384)	'हे'	11128
11034	(738, 367)	"ia's"	11129
11035	(452, 808)	'.....'	11130
11036	(1118, 1353)	'战胜'	11131
11037	(6410, 583)	' frequ'	11132
11038	(1903, 6732)	' survey'	11133
11039	(284, 2836)	' purs'	11134
11040	(798, 6725)	' adjust'	11135
11041	(259, 116)	'het'	11136
11042	(3912, 957)	'估计'	11137
11043	(2434, 322)	' direction'	11138
11044	(235, 130)	b'\xeb\x82'	11139
11045	(2256, 1724)	' कर'	11140
11046	(419, 935)	'国民'	11141
11047	(2191, 293)	' Real'	11142
11048	(551, 161)	'挡'	11143
11049	(218, 171)	'ګ'	11144
11050	(844, 2733)	'工艺'	11145
11051	(985, 3713)	' Church'	11146
11052	(341, 172)	'旬'	11147
11053	(2260, 110)	' Ann'	11148
11054	(284, 1246)	' pool'	11149
11055	(3997, 606)	b'\xe0\xab\x8b\xe0\xaa'	11150
11056	(356, 263)	' Tre'	11151
11057	(1750, 160)	'ጠ'	11152
11058	(2788, 581)	' generally'	11154
11059	(571, 640)	'成就'	11155
11060	(79, 102)	'Of'	11156
11061	(340, 162)	'產'	11157
11062	(726, 1077)	'都可以'	11158
11063	(2189, 587)	'落后'	11159
11064	(10002, 46)	' www.'	11160
11065	(4826, 115)	' steps'	11161
11066	(539, 2894)	'地块'	11162
11067	(470, 6780)	' Western'	11163
11068	(763, 176)	'艰'	11164
11069	(550, 1613)	'场均'	11166
11070	(372, 134)	'杆'	11167
11071	(264, 121)	' sy'	11168
11072	(868, 345)	'ellow'	11169
11073	(314, 4503)	' nomin'	11170
11074	(314, 399)	' nke'	11171
11075	(2021, 136)	'ፈ'	11172
11076	(563, 160)	'眠'	11173
11077	(256, 2987)	' tech'	11174
11078	(274, 8345)	'anwhile'	11175
11079	(638, 4820)	'ockey'	11176
11080	(1785, 99)	' chec'	11177
11081	(935, 655)	'民主'	11178
11082	(376, 8354)	' Ariz'	11179
11083	(291, 3265)	' dumb'	11180
11084	(2014, 152)	'иј'	11181
11085	(434, 105)	' ri'	11183
11086	(3479, 8624)	' relevant'	11184
11087	(1050, 142)	'莎'	11185
11088	(272, 922)	'的事'	11186
11089	(1135, 187)	'钻'	11187
11090	(570, 174)	'మ'	11188
11091	(4208, 370)	' debut'	11189
11092	(531, 6903)	' Liber'	11191
11093	(84, 6255)	'Tube'	11192
11094	(2594, 1511)	' speaking'	11193
11095	(1811, 6087)	' earnings'	11194
11096	(2537, 814)	'室内'	11195
11097	(3685, 7919)	'การ'	11196
11098	(333, 3927)	' reference'	11197
11099	(2093, 134)	'堆'	11198
11100	(1016, 172)	' ਬ'	11199
11101	(69, 77)	'EM'	11200
11102	(3675, 2162)	'惊喜'	11201
11103	(574, 923)	'essions'	11202
11104	(1296, 666)	'原本'	11203
11105	(3414, 973)	'街道'	11204
11106	(1489, 518)	'未能'	11205
11107	(1857, 3912)	'评估'	11206
11108	(390, 2372)	'中介'	11207
11109	(16093, 2600)	'中关村'	11208
11110	(5217, 606)	b'\xe0\xaa\xbf\xe0\xaa'	11209
11111	(700, 557)	'比分'	11210
11112	(3669, 8276)	' में'	11211
11113	(624, 169)	'義'	11212
11114	(575, 173)	'哭'	11213
11115	(436, 1824)	' Public'	11214
11116	(467, 2056)	'时许'	11215
11117	(974, 138)	'ዊ'	11216
11118	(1931, 310)	' From'	11217
11119	(4050, 132)	'組'	11218
11120	(751, 272)	'说的'	11219
11121	(277, 528)	' bul'	11220
11122	(1942, 1078)	'巴西'	11222
11123	(8350, 1289)	'ில்'	11223
11124	(5607, 2414)	' suffered'	11224
11125	(32, 369)	' ig'	11225
11126	(1572, 142)	' எ'	11226
11127	(539, 818)	'地点'	11227
11128	(264, 258)	' sin'	11228
11129	(264, 505)	' sand'	11229
11130	(4149, 671)	' policies'	11230
11131	(2918, 330)	' Scot'	11231
11132	(3579, 727)	'蓝球'	11232
11133	(278, 5857)	' covered'	11233
11134	(268, 753)	' wake'	11234
11135	(67, 80)	'CP'	11235
11136	(403, 161)	'巡'	11236
11137	(919, 3372)	' princ'	11237
11138	(804, 153)	'す'	11238
11139	(1445, 602)	'ги'	11239
11140	(1581, 272)	'工作的'	11240
11141	(3211, 841)	' presidential'	11241
11142	(515, 281)	'this'	11242
11143	(3424, 283)	' understanding'	11243
11144	(2005, 581)	' personally'	11244
11145	(3790, 3911)	' competitive'	11245
11146	(706, 272)	'美的'	11246
11147	(57, 49)	'91'	11247
11148	(5933, 1615)	' radio'	11248
11149	(45, 1356)	'-11'	11250
11150	(9746, 16086)	'.FRIDAY'	11251
11151	(5754, 7789)	' destroy'	11252
11152	(1039, 976)	' Those'	11253
11153	(2510, 141)	'碍'	11254
11154	(507, 160)	'欠'	11255
11155	(2370, 810)	'层次'	11256
11156	(2012, 1469)	'电影节'	11257
11157	(293, 117)	'alu'	11258
11158	(486, 336)	'出一'	11259
11159	(316, 328)	' gay'	11260
11160	(457, 181)	'纵'	11261
11161	(464, 3825)	' Does'	11262
11162	(277, 938)	' bare'	11263
11163	(1421, 1105)	' decade'	11264
11164	(4574, 1275)	' هم'	11265
11165	(352, 258)	'amin'	11266
11166	(1016, 137)	' ਉ'	11267
11167	(326, 111)	'ido'	11268
11168	(778, 146)	'插'	11269
11169	(6638, 1256)	' religious'	11270
11170	(6521, 1983)	' tickets'	11271
11171	(617, 287)	'isted'	11272
11172	(54, 49)	'61'	11273
11173	(76, 2679)	'Like'	11274
11174	(1250, 923)	'ictions'	11275
11175	(2121, 2556)	'ों'	11277
11176	(401, 148)	'奔'	11279
11177	(308, 4329)	'icians'	11280
11178	(893, 406)	' Still'	11281
11179	(434, 499)	' rum'	11282
11180	(154, 1689)	b'\x9a\xe1\x80\xba'	11283
11181	(2325, 606)	b'\xe0\xab\x87\xe0\xaa'	11284
11182	(2154, 1186)	b'\xe0\xa4\xa8\xe0\xa5\x8d\xe0\xa4'	11285
11183	(308, 267)	'icer'	11286
11184	(775, 529)	'实行'	11287
11185	(308, 274)	'ican'	11288
11186	(2592, 56)	' 2008'	11289
11187	(2574, 265)	' oppon'	11290
11188	(573, 1191)	'下调'	11291
11189	(2526, 3494)	'差异'	11292
11190	(368, 150)	'帖'	11293
11191	(985, 16050)	' Championship'	11295
11192	(779, 1627)	'平局'	11296
11193	(974, 169)	'ዩ'	11297
11194	(3006, 100)	' Prod'	11299
11195	(4300, 2921)	' focused'	11300
11196	(779, 467)	'平时'	11301
11197	(284, 548)	' pour'	11302
11198	(431, 97)	'cha'	11303
11199	(486, 1065)	'出去'	11304
11200	(1568, 550)	'半场'	11305
11201	(1139, 1381)	'收盘'	11306
11202	(292, 119)	' tow'	11307
11203	(1598, 779)	'太平'	11308
11204	(632, 1388)	' truck'	11309
11205	(1634, 144)	'腐'	11310
11206	(5363, 283)	' creating'	11311
11207	(5304, 287)	' responded'	11312
11208	(4010, 143)	'踏'	11313
11209	(544, 8578)	' frustr'	11314
11210	(4012, 2142)	'ستان'	11315
11211	(5316, 152)	'領'	11316
11212	(2587, 1489)	'尚未'	11317
11213	(1276, 263)	' Here'	11318
11214	(2462, 111)	'-to'	11319
11215	(100, 310)	'dom'	11320
11216	(308, 734)	'icide'	11321
11217	(464, 265)	' Don'	11322
11218	(3723, 495)	'考虑到'	11323
11219	(1322, 716)	'先进'	11324
11220	(668, 5574)	' unlike'	11325
11221	(6015, 2086)	' কর'	11326
11222	(267, 103)	'erg'	11327
11223	(985, 288)	' Char'	11328
11224	(354, 108)	' Sl'	11329
11225	(564, 350)	'他是'	11330
11226	(2753, 84)	'EST'	11331
11227	(270, 134)	'皆'	11332
11228	(1077, 751)	'可以说'	11333
11229	(5222, 1152)	' Australian'	11334
11230	(1861, 121)	'iyy'	11335
11231	(595, 1349)	'公路'	11336
11232	(16034, 841)	' initial'	11337
11233	(2724, 6958)	'担忧'	11338
11234	(2683, 2567)	' completed'	11339
11235	(834, 1171)	'ره'	11340
11236	(5782, 2215)	' measures'	11341
11237	(149, 6216)	b'\x95\xe1\x80\xbc\xe1\x80'	11342
11238	(5772, 157)	'ườ'	11343
11239	(277, 328)	' bay'	11344
11240	(282, 9087)	' freedom'	11345
11241	(709, 983)	'同意'	11346
11242	(977, 114)	'ibr'	11347
11243	(408, 263)	'oore'	11348
11244	(4352, 959)	' replace'	11349
11245	(16104, 97)	' của'	11350
11246	(1140, 171)	'垫'	11351
11247	(1044, 708)	'北部'	11352
11248	(2636, 818)	'焦点'	11353
11249	(356, 279)	' Ten'	11354
11250	(1739, 97)	'nya'	11355
11251	(3403, 4230)	' married'	11356
11252	(3563, 1127)	'灵活'	11357
11253	(795, 131)	'胃'	11358
11254	(435, 1262)	' waste'	11359
11255	(312, 101)	'lle'	11360
11256	(1908, 571)	'构成'	11361
11257	(3281, 2127)	' affected'	11362
11258	(2543, 880)	'剧情'	11363
11259	(3215, 1090)	'怎样'	11365
11260	(1111, 328)	'away'	11366
11261	(936, 1197)	' impl'	11367
11262	(5117, 272)	'不错的'	11368
11263	(607, 16098)	'新加坡'	11369
11264	(586, 169)	'ሩ'	11370
11265	(752, 97)	'inda'	11371
11266	(291, 838)	' dry'	11372
11267	(1463, 182)	' බ'	11373
11268	(4358, 721)	'劳动'	11374
11269	(4462, 667)	'赢得'	11375
11270	(7367, 1012)	' degree'	11376
11271	(650, 2316)	" they'll"	11377
11272	(1740, 1469)	'环节'	11378
11273	(463, 450)	' Hol'	11379
11274	(463, 16027)	' Hospital'	11380
11275	(286, 3787)	' master'	11381
11276	(7431, 139)	'။'	11382
11277	(401, 145)	'契'	11383
11278	(356, 788)	' Time'	11384
11279	(408, 112)	'oop'	11385
11280	(3696, 1305)	'犯规'	11386
11281	(1874, 4256)	'究竟'	11387
11282	(649, 1153)	'ок'	11388
11283	(56, 51)	'83'	11389
11284	(2208, 178)	'్ల'	11390
11285	(65, 543)	'Act'	11391
11286	(65, 119)	'Aw'	11392
11287	(995, 156)	'铜'	11393
11288	(4357, 156)	'蜜'	11394
11289	(1250, 276)	'ictor'	11395
11290	(4221, 4221)	'\xa0\xa0\xa0\xa0\xa0\xa0\xa0\xa0'	11396
11291	(1380, 130)	'も'	11397
11292	(8898, 1717)	'杭州'	11398
11293	(536, 678)	'osure'	11399
11294	(698, 156)	'ො'	11400
11295	(3074, 1194)	'澳门'	11401
11296	(1451, 2120)	'经济增长'	11402
11297	(264, 1388)	' suck'	11403
11298	(357, 5034)	'在这里'	11404
11299	(490, 67)	' NC'	11405
11300	(579, 1258)	'学费'	11406
11301	(428, 1065)	'上去'	11407
11302	(503, 2188)	'аб'	11408
11303	(45, 97)	'-a'	11409
11304	(1136, 1971)	'强大的'	11410
11305	(2015, 690)	' zone'	11411
11306	(914, 799)	'房间'	11412
11307	(1596, 3623)	'包含'	11414
11308	(733, 3196)	'全新的'	11415
11309	(9068, 3867)	' athlet'	11416
11310	(78, 101)	'Ne'	11417
11311	(282, 320)	' fle'	11418
11312	(3018, 285)	' faces'	11419
11313	(6592, 6750)	' Syria'	11420
11314	(236, 138)	b'\xec\x8a'	11421
11315	(1463, 173)	' ත'	11423
11316	(790, 272)	'体的'	11424
11317	(2769, 536)	' explos'	11425
11318	(87, 497)	'Would'	11426
11319	(1428, 101)	'aze'	11427
11320	(1360, 153)	'務'	11428
11321	(509, 178)	'割'	11429
11322	(937, 2450)	'通讯'	11430
11323	(1627, 695)	'局面'	11431
11324	(470, 1264)	' Wild'	11432
11325	(104, 117)	'hu'	11433
11326	(844, 1046)	'工商'	11434
11327	(460, 16092)	'个百分点'	11435
11328	(268, 485)	' west'	11436
11329	(803, 293)	'ipal'	11437
11330	(3619, 285)	' taxes'	11438
11331	(557, 1526)	'分配'	11439
11332	(46, 6303)	'.org'	11440
11333	(1587, 136)	'ト'	11441
11334	(1878, 272)	'大学的'	11442
11335	(679, 185)	'竹'	11443
11336	(4434, 428)	'基础上'	11444
11337	(3564, 6338)	'封闭'	11445
11338	(685, 4230)	' worried'	11446
11339	(5384, 6645)	'માં'	11447
11340	(1630, 1157)	'精选'	11448
11341	(2221, 1186)	b'\xe0\xa4\x95\xe0\xa5\x8d\xe0\xa4'	11449
11342	(899, 150)	'袖'	11450
11343	(544, 676)	' frame'	11451
11344	(3451, 263)	' Centre'	11452
11345	(5832, 4451)	' audience'	11453
11346	(377, 1326)	' Camp'	11454
11347	(596, 97)	' cha'	11455
11348	(464, 894)	' Down'	11456
11349	(76, 450)	'Lol'	11457
11350	(1013, 105)	' Vi'	11458
11351	(6851, 4771)	' admitted'	11459
11352	(666, 397)	'本人'	11460
11353	(316, 3325)	' grew'	11461
11354	(4799, 791)	'违法'	11462
11355	(633, 287)	'acked'	11463
11356	(308, 121)	'icy'	11465
11357	(621, 115)	'alls'	11466
11358	(1609, 2680)	'拍卖'	11467
11359	(45, 265)	'-on'	11468
11360	(336, 708)	'一部'	11469
11361	(656, 165)	'遥'	11470
11362	(1099, 1727)	'增速'	11471
11363	(278, 473)	' cup'	11472
11364	(694, 518)	'产能'	11473
11365	(2042, 4308)	' produce'	11474
11366	(5375, 606)	b'\xe0\xaa\x82\xe0\xaa'	11475
11367	(265, 308)	'onic'	11476
11368	(2111, 614)	'财经'	11477
11369	(3978, 4755)	' Supreme'	11478
11370	(2153, 1018)	' су'	11479
11371	(1471, 166)	'悦'	11480
11372	(346, 103)	' beg'	11481
11373	(7001, 285)	' challenges'	11482
11374	(67, 259)	'Che'	11483
11375	(5546, 272)	'丰富的'	11484
11376	(1750, 139)	'ጋ'	11485
11377	(2320, 53)	'3.5'	11486
11378	(566, 184)	'স'	11487
11379	(580, 163)	'ண'	11488
11380	(71, 6336)	'GDP'	11489
11381	(1465, 1362)	'完整'	11490
11382	(1152, 97)	'iana'	11491
11383	(2002, 10366)	' familiar'	11492
11384	(847, 3904)	'看起来'	11493
11385	(3848, 1147)	'顾问'	11494
11386	(726, 597)	'都市'	11495
11387	(4504, 322)	' discussion'	11496
11388	(2701, 115)	' tells'	11497
11389	(471, 179)	'ำ'	11498
11390	(282, 9441)	' fashion'	11499
11391	(286, 2255)	' mouth'	11500
11392	(551, 150)	'挖'	11501
11393	(540, 1082)	'日常'	11502
11394	(5548, 287)	' fixed'	11503
11395	(102, 10385)	'flix'	11504
11396	(1120, 115)	' Ins'	11505
11397	(598, 272)	'们的'	11506
11398	(68, 285)	'Des'	11507
11399	(2677, 573)	'松下'	11508
11400	(118, 2706)	'vention'	11509
11401	(510, 287)	' Fed'	11510
11402	(1380, 137)	'ら'	11511
11403	(278, 604)	' cant'	11512
11404	(3791, 704)	'үн'	11513
11405	(641, 382)	' Over'	11514
11406	(538, 640)	'我就'	11515
11407	(277, 1505)	' boot'	11516
11408	(618, 155)	'ớ'	11517
11409	(1365, 1155)	'十二'	11518
11410	(5733, 5003)	'伙伴'	11519
11411	(1406, 137)	'脉'	11520
11412	(1225, 390)	'片中'	11521
11413	(1129, 458)	' disag'	11522
11414	(1329, 1197)	' suppl'	11524
11415	(344, 135)	'劇'	11525
11416	(428, 2854)	'上赛季'	11526
11417	(1021, 1118)	'交战'	11527
11418	(4893, 115)	' dogs'	11528
11419	(2445, 506)	'监会'	11529
11420	(1703, 283)	' posting'	11530
11421	(286, 111)	' mo'	11531
11422	(7762, 923)	' millions'	11532
11423	(3321, 6163)	'ระ'	11533
11424	(6289, 135)	'蘇'	11534
11425	(56, 50)	'82'	11535
11426	(16016, 160)	'鼠'	11536
11427	(615, 114)	' Jr'	11537
11428	(1585, 150)	' і'	11538
11429	(3747, 637)	'pective'	11539
11430	(902, 1483)	'队友'	11540
11431	(112, 332)	'pet'	11541
11432	(436, 5584)	' Peter'	11542
11433	(268, 7753)	' wedi'	11543
11434	(1683, 1949)	'即便'	11544
11435	(4118, 287)	' enjoyed'	11545
11436	(4181, 1009)	'哪些'	11546
11437	(716, 1416)	'进口'	11547
11438	(2533, 331)	' reply'	11548
11439	(3751, 2121)	' हो'	11549
11440	(2749, 115)	' turns'	11550
11441	(7786, 527)	' experts'	11551
11442	(1024, 396)	'起了'	11552
11443	(1569, 574)	' assess'	11553
11444	(256, 4784)	' troll'	11554
11445	(391, 330)	' Mot'	11555
11446	(5455, 581)	' specifically'	11556
11447	(1023, 9051)	' pregn'	11557
11448	(148, 430)	b'\x94\xe1\x80'	11558
11449	(386, 1481)	'不知'	11559
11450	(114, 675)	'rough'	11560
11451	(1782, 141)	'龍'	11562
11452	(500, 103)	'oung'	11564
11453	(570, 170)	'ప'	11565
11454	(2519, 3668)	'武汉'	11566
11455	(7268, 110)	'ân'	11567
11456	(2589, 5865)	'ção'	11568
11457	(538, 350)	'我是'	11569
11458	(531, 271)	' Lat'	11570
11459	(3466, 1122)	'ğı'	11571
11460	(2456, 515)	'ength'	11572
11461	(2313, 6847)	' statements'	11573
11462	(1226, 166)	' দ'	11574
11463	(16047, 112)	' http'	11575
11464	(2668, 2529)	'声音'	11576
11465	(1338, 1069)	'低水'	11577
11466	(354, 1597)	' Spe'	11578
11467	(391, 80)	' MP'	11579
11468	(496, 976)	' Rose'	11580
11469	(10162, 16094)	'玻璃'	11581
11470	(2600, 935)	'村民'	11582
11471	(114, 369)	'rig'	11583
11472	(608, 97)	'enda'	11584
11473	(9202, 1075)	'中新网'	11585
11474	(1261, 171)	'虫'	11586
11475	(585, 7121)	' likes'	11587
11476	(710, 1350)	'ев'	11588
11477	(764, 867)	'与此'	11589
11478	(72, 76)	'HL'	11590
11479	(496, 423)	' Rus'	11591
11480	(2172, 1156)	' confident'	11592
11481	(2611, 328)	' delay'	11593
11482	(1222, 2065)	'题材'	11595
11483	(602, 2188)	'иб'	11596
11484	(1035, 5550)	' iyo'	11597
11485	(994, 1533)	'被告'	11598
11486	(272, 2012)	'的电影'	11599
11487	(812, 420)	'名为'	11600
11488	(384, 137)	'凉'	11601
11489	(980, 332)	'icket'	11602
11490	(1508, 762)	' flood'	11603
11491	(1428, 97)	'aza'	11604
11492	(1561, 665)	'运用'	11605
11493	(4476, 6387)	'்கள'	11606
11494	(3616, 308)	'ronic'	11607
11495	(1522, 1225)	'卡片'	11608
11496	(5894, 8991)	'ที่'	11609
11497	(1422, 2912)	'质疑'	11610
11498	(7743, 1146)	' innov'	11611
11499	(2844, 666)	'副本'	11612
11500	(712, 104)	' Kh'	11613
11501	(4832, 8239)	' Michigan'	11614
11502	(391, 9575)	' Middle'	11615
11503	(265, 2160)	'online'	11616
11504	(2577, 267)	' refer'	11617
11505	(386, 1598)	'不太'	11618
11506	(69, 70)	'EF'	11619
11507	(10387, 1911)	' coffee'	11620
11508	(3761, 2190)	' apolog'	11621
11509	(112, 4536)	'paper'	11622
11510	(1602, 1827)	'视觉'	11623
11511	(4766, 1985)	'参考价格'	11624
11512	(589, 155)	' छ'	11625
11513	(232, 159)	b'\xe8\x9f'	11626
11514	(496, 536)	' Ros'	11627
11515	(3501, 110)	' Conn'	11628
11516	(314, 690)	' none'	11629
11517	(391, 332)	' Met'	11630
11518	(2850, 308)	' basic'	11631
11519	(859, 288)	' compar'	11632
11520	(3194, 283)	' testing'	11633
11521	(1561, 529)	'运行'	11634
11522	(80, 114)	'Pr'	11635
11523	(1085, 773)	'物品'	11636
11524	(470, 1403)	' Water'	11637
11525	(8724, 275)	' split'	11638
11526	(45, 3445)	'-off'	11639
11527	(490, 89)	' NY'	11640
11528	(264, 425)	' sout'	11641
11529	(97, 293)	'aal'	11642
11530	(3749, 112)	' Exp'	11643
11531	(754, 182)	'බ'	11644
11532	(3152, 1315)	' controvers'	11645
11533	(1063, 259)	' sche'	11646
11534	(400, 931)	'大赛'	11647
11535	(2895, 3107)	'谈判'	11648
11536	(386, 850)	'不如'	11649
11537	(906, 1345)	'手续'	11650
11538	(3364, 4938)	'股票型基金'	11651
11539	(2704, 819)	' Blue'	11652
11540	(387, 182)	'扶'	11653
11541	(121, 1930)	'yeah'	11654
11542	(607, 336)	'新一'	11655
11543	(305, 1415)	' lock'	11656
11544	(627, 1211)	'اي'	11657
11545	(587, 714)	'后期'	11658
11546	(502, 129)	'毁'	11659
11547	(112, 5090)	'point'	11660
11548	(1912, 3301)	'营养'	11661
11549	(265, 367)	"on's"	11662
11550	(5655, 283)	' existing'	11663
11551	(1029, 140)	'癌'	11664
11552	(78, 89)	'NY'	11665
11553	(330, 287)	'oted'	11666
11554	(1063, 4639)	' scoring'	11667
11555	(974, 154)	'ዚ'	11668
11556	(56, 52)	'84'	11669
11557	(303, 97)	' tha'	11670
11558	(1859, 2786)	'花园'	11671
11559	(1177, 2445)	'总监'	11672
11560	(681, 350)	'将是'	11673
11561	(761, 3069)	'加盟'	11674
11562	(589, 182)	' श'	11675
11563	(707, 151)	'汗'	11676
11564	(235, 167)	b'\xeb\xa7'	11677
11565	(510, 4471)	' Federal'	11678
11566	(82, 2673)	'Read'	11680
11567	(7944, 1359)	'胜负彩'	11681
11568	(559, 324)	' prove'	11682
11569	(1508, 612)	' flight'	11683
11570	(2552, 272)	'球队的'	11684
11571	(974, 149)	'ዕ'	11685
11572	(4590, 1561)	'幸运'	11686
11573	(303, 111)	' tho'	11687
11574	(3010, 832)	'亮相'	11688
11575	(436, 82)	' PR'	11689
11576	(406, 283)	'illing'	11690
11577	(573, 1065)	'下去'	11691
11578	(1008, 532)	' contain'	11692
11579	(470, 497)	' Would'	11693
11580	(1109, 181)	'ाव'	11694
11581	(815, 2192)	' offense'	11695
11582	(474, 179)	'琳'	11696
11583	(3331, 1815)	'森林'	11697
11584	(287, 121)	'edy'	11698
11585	(1220, 138)	'喊'	11699
11586	(4435, 134)	'ਿਆ'	11700
11587	(68, 114)	'Dr'	11701
11588	(353, 1788)	'acement'	11702
11589	(1588, 172)	'搬'	11703
11590	(2100, 97)	'arma'	11704
11591	(826, 272)	'位的'	11705
11592	(16100, 10206)	' infrastructure'	11706
11593	(469, 158)	' О'	11707
11594	(589, 143)	' ए'	11708
11595	(2668, 897)	'声明'	11709
11596	(4841, 10306)	' volunte'	11710
11597	(480, 267)	'rier'	11711
11598	(607, 9498)	'新疆'	11712
11599	(496, 352)	' Ram'	11713
11600	(480, 112)	'rip'	11714
11601	(278, 365)	' cro'	11715
11602	(2553, 258)	' Clin'	11716
11603	(623, 714)	'前期'	11717
11604	(103, 334)	'gent'	11718
11605	(705, 5497)	'rency'	11719
11606	(783, 326)	'raid'	11720
11607	(726, 830)	'都很'	11721
11608	(354, 6579)	' Saud'	11722
11609	(3773, 3165)	' Services'	11723
11610	(8901, 75)	'UCK'	11724
11611	(7154, 8342)	' ridicul'	11725
11612	(1001, 149)	'裕'	11726
11613	(699, 550)	'机场'	11727
11614	(1723, 2937)	'防止'	11729
11615	(2887, 1971)	'巨大的'	11730
11616	(83, 85)	'SU'	11731
11617	(4346, 2215)	' figures'	11732
11618	(534, 10561)	'生涯'	11733
11619	(1035, 10087)	" i'm"	11734
11620	(1767, 152)	' ዘ'	11735
11621	(570, 181)	'వ'	11736
11622	(3181, 8287)	'皮肤'	11737
11623	(787, 419)	'外国'	11738
11624	(601, 1069)	'高水'	11739
11625	(273, 431)	'ouch'	11740
11626	(4638, 397)	'领导人'	11741
11627	(716, 727)	'进球'	11742
11628	(2554, 176)	' İ'	11743
11629	(379, 312)	'sell'	11744
11630	(2375, 791)	'依法'	11745
11631	(7030, 753)	' mistake'	11746
11632	(3272, 180)	'해'	11747
11633	(1104, 6967)	'感兴趣'	11748
11634	(3691, 331)	' reportedly'	11749
11635	(462, 590)	'这也'	11750
11636	(2279, 3843)	' effects'	11751
11637	(308, 283)	'icing'	11752
11638	(2059, 121)	' busy'	11753
11639	(3376, 1556)	'魔术'	11754
11640	(391, 271)	' Mat'	11756
11641	(3446, 69)	'ORE'	11757
11642	(1914, 950)	' retire'	11758
11643	(698, 133)	'ළ'	11759
11644	(982, 7334)	' gradu'	11760
11645	(316, 4248)	' gift'	11761
11646	(1181, 1409)	'安装'	11762
11647	(377, 398)	' Cur'	11763
11648	(377, 938)	' Care'	11764
11649	(9851, 2381)	' television'	11765
11650	(704, 503)	'на'	11766
11651	(486, 2792)	'出版'	11767
11652	(16089, 181)	'鐵'	11768
11653	(109, 1405)	'mates'	11769
11654	(299, 185)	'兹'	11770
11655	(4417, 4172)	'熟悉'	11771
11656	(286, 526)	' mel'	11772
11657	(3050, 164)	'্ত'	11773
11658	(470, 271)	' Wat'	11774
11659	(1616, 2254)	' index'	11775
11660	(470, 301)	' Was'	11776
11661	(16063, 283)	' housing'	11777
11662	(3722, 3962)	' quarterback'	11778
11663	(1585, 132)	' ф'	11779
11664	(3621, 176)	'ார'	11780
11665	(7927, 4242)	'覆盖'	11781
11666	(32, 5653)	' 户型'	11782
11667	(314, 258)	' nin'	11783
11668	(1799, 1113)	'希尔'	11784
11669	(278, 3418)	' county'	11785
11670	(591, 267)	'pper'	11786
11671	(2352, 10314)	' capacity'	11787
11672	(45, 71)	'-G'	11788
11673	(281, 102)	'isf'	11789
11674	(16007, 285)	' moves'	11791
11675	(632, 369)	' trig'	11792
11676	(291, 2109)	' dị'	11793
11677	(902, 992)	'队员'	11794
11678	(1365, 427)	'十年'	11795
11679	(871, 699)	'司机'	11796
11680	(108, 2479)	'lines'	11797
11681	(491, 267)	' jer'	11798
11682	(2477, 185)	'اع'	11799
11683	(5522, 7274)	' ਹੈ'	11800
11684	(272, 2573)	'的要求'	11801
11685	(112, 603)	'part'	11802
11686	(792, 334)	' agent'	11803
11687	(712, 9839)	' Kevin'	11804
11688	(32, 3598)	' 推荐'	11805
11689	(2880, 3090)	' protection'	11806
11690	(333, 1383)	' reform'	11807
11691	(348, 536)	'ados'	11808
11692	(379, 1283)	'season'	11809
11693	(1241, 382)	' server'	11810
11694	(1298, 4223)	' everybody'	11811
11695	(1831, 121)	'phy'	11812
11696	(390, 378)	'中有'	11813
11697	(891, 397)	'一个人'	11814
11698	(1573, 1195)	'效率'	11815
11699	(445, 128)	'攀'	11816
11700	(545, 486)	'发出'	11817
11701	(804, 147)	'こ'	11818
11702	(1098, 100)	'əd'	11819
11703	(1215, 827)	'注重'	11820
11704	(2103, 1183)	' annoy'	11821
11705	(2153, 710)	' се'	11822
11706	(504, 3139)	' sharing'	11823
11707	(1394, 2833)	'欧赔'	11824
11708	(6386, 331)	' allegedly'	11825
11709	(3910, 3278)	'的新闻'	11826
11710	(2919, 638)	' advoc'	11827
11711	(1569, 1983)	' assets'	11828
11712	(884, 812)	'两名'	11829
11713	(2640, 168)	'ాన'	11830
11714	(337, 145)	'绑'	11831
11715	(470, 752)	' Wind'	11832
11716	(486, 534)	'出生'	11833
11717	(336, 1450)	'一张'	11834
11718	(293, 505)	'aland'	11835
11719	(1841, 267)	' greater'	11836
11720	(6131, 2253)	' prepared'	11837
11721	(45, 57)	'-9'	11838
11722	(99, 283)	'cing'	11839
11723	(681, 730)	'将其'	11840
11724	(3508, 4707)	'欧洲央行'	11841
11725	(4028, 1371)	'休息'	11842
11726	(32, 3733)	' era'	11843
11727	(627, 2838)	'اق'	11844
11728	(1218, 791)	'做法'	11845
11729	(487, 169)	'浩'	11846
11730	(3118, 1010)	' Beach'	11847
11731	(980, 279)	'icken'	11848
11732	(1219, 744)	'代理'	11849
11733	(3112, 3112)	'谢谢'	11850
11734	(851, 54)	' 36'	11851
11735	(105, 301)	'ias'	11852
11736	(288, 263)	'arre'	11853
11737	(1262, 728)	'tered'	11854
11738	(272, 5032)	'的东西'	11855
11739	(1136, 6575)	'强劲'	11856
11740	(388, 189)	'徽'	11857
11741	(6090, 964)	' Associated'	11859
11742	(351, 131)	'乃'	11861
11743	(1196, 8181)	' background'	11863
11744	(5769, 499)	' circum'	11864
11745	(866, 128)	'ቀ'	11865
11746	(1598, 1601)	'太空'	11866
11747	(65, 71)	'AG'	11867
11748	(2256, 1736)	' की'	11868
11749	(5291, 3327)	b'\x84\xe1\x80\xba\xe1\x80\xb8\xe1\x80'	11869
11750	(2747, 16106)	'威胁'	11870
11751	(9370, 379)	' false'	11871
11752	(4233, 287)	' suggested'	11872
11753	(4400, 3327)	b'\xe1\x80\xb1\xe1\x80\xb8\xe1\x80'	11873
11754	(4876, 140)	'貌'	11874
11755	(1852, 3137)	'今年以来'	11875
11756	(953, 166)	'啦'	11876
11757	(68, 101)	'De'	11877
11758	(1365, 1701)	'十足'	11878
11759	(1742, 1354)	' Week'	11879
11760	(1679, 2525)	' regional'	11880
11761	(1828, 115)	' subs'	11881
11762	(461, 156)	'關'	11882
11763	(694, 1972)	'产权'	11883
11764	(121, 121)	'yy'	11884
11765	(2198, 115)	'ields'	11885
11766	(3599, 111)	' Two'	11886
11767	(1589, 790)	'集体'	11887
11768	(400, 1761)	'大学生'	11888
11769	(641, 115)	' Os'	11889
11770	(1554, 767)	'几天'	11890
11771	(265, 485)	'onest'	11891
11772	(1680, 115)	' ends'	11892
11773	(108, 1132)	'lọ'	11893
11774	(284, 287)	' ped'	11894
11775	(627, 2884)	'اف'	11895
11776	(665, 539)	'用地'	11896
11777	(417, 16090)	' Brazil'	11897
11778	(32, 10536)	' 样板间'	11898
11779	(2519, 5493)	'武侠'	11899
11780	(621, 301)	'allas'	11900
11781	(7003, 915)	'陷入'	11901
11782	(318, 100)	' Id'	11902
11783	(3555, 7665)	'震荡'	11903
11784	(4587, 2069)	' denied'	11904
11785	(272, 3096)	'的个人'	11905
11786	(1494, 2141)	'传奇'	11906
11787	(402, 107)	'eck'	11907
11788	(8182, 9151)	' psych'	11908
11789	(5401, 348)	' squad'	11909
11790	(1561, 660)	'运作'	11910
11791	(286, 5060)	' migr'	11911
11792	(375, 1160)	'unning'	11912
11793	(5446, 4711)	'した'	11913
11794	(1142, 1018)	'ду'	11914
11795	(390, 799)	'中间'	11915
11796	(122, 122)	'zz'	11916
11797	(45, 3514)	'-of'	11917
11798	(55, 1172)	'720'	11918
11799	(8671, 6127)	' fantastic'	11919
11800	(1388, 121)	'ucky'	11920
11801	(1563, 293)	' coal'	11921
11802	(10252, 274)	' mechan'	11922
11803	(463, 600)	' Home'	11923
11804	(7354, 190)	'蕾'	11924
11805	(277, 320)	' ble'	11925
11806	(695, 623)	'面前'	11926
11807	(4884, 3647)	' Security'	11927
11808	(2208, 164)	'్త'	11928
11809	(869, 177)	'柱'	11929
11810	(3066, 1019)	'穿着'	11930
11811	(69, 100)	'Ed'	11931
11812	(576, 492)	'多家'	11932
11813	(1058, 538)	'让我'	11933
11814	(313, 180)	'宴'	11934
11815	(534, 1819)	'生存'	11935
11816	(289, 104)	' oh'	11936
11817	(353, 259)	'ache'	11937
11818	(608, 111)	'endo'	11938
11819	(32, 16116)	' 地图搜索'	11939
11820	(1953, 3028)	'nergy'	11940
11821	(256, 1337)	' tank'	11941
11822	(635, 283)	'orting'	11942
11823	(1485, 151)	b' \xec\x97'	11943
11824	(2520, 178)	'ਾਲ'	11944
11825	(1850, 345)	' Show'	11945
11826	(2765, 2522)	'补充'	11946
11827	(1512, 53)	' 75'	11947
11828	(2101, 1256)	' curious'	11948
11829	(277, 265)	' bon'	11949
11830	(373, 258)	'imin'	11950
11831	(1622, 3088)	'连败'	11951
11832	(469, 160)	' Р'	11952
11833	(76, 89)	'LY'	11953
11834	(434, 3436)	' rising'	11954
11835	(464, 774)	' Div'	11955
11836	(278, 2996)	' có'	11956
11837	(804, 134)	'う'	11957
11838	(2233, 115)	' signs'	11958
11839	(1563, 626)	' coast'	11959
11840	(2439, 643)	'velopment'	11960
11841	(6616, 283)	' regarding'	11961
11842	(2752, 287)	' listed'	11962
11843	(277, 1919)	' banks'	11963
11844	(641, 108)	' Ol'	11964
11845	(267, 1898)	'erves'	11965
11846	(16091, 5373)	' Subscribe'	11966
11847	(629, 156)	'ਜ'	11967
11848	(1742, 1106)	" We're"	11968
11849	(522, 115)	'abs'	11969
11850	(617, 97)	'ista'	11970
11851	(9327, 3010)	'漂亮'	11971
11852	(1330, 540)	'每日'	11972
11853	(415, 172)	'抬'	11973
11854	(5751, 285)	' types'	11974
11855	(1138, 1318)	'设立'	11975
11856	(1020, 459)	'angers'	11976
11857	(68, 766)	'Dep'	11977
11858	(417, 332)	' Bet'	11978
11859	(32, 2301)	' ş'	11979
11860	(417, 383)	' Bir'	11980
11861	(1166, 1462)	'回升'	11981
11862	(586, 174)	'ሮ'	11982
11863	(913, 799)	'区间'	11983
11864	(649, 3684)	'ож'	11984
11865	(5513, 777)	'混合'	11985
11866	(65, 70)	'AF'	11986
11867	(10780, 121)	' surgery'	11987
11868	(284, 418)	' pil'	11988
11869	(5191, 1040)	'成交量'	11989
11870	(316, 6464)	' giant'	11990
11871	(1744, 4230)	' carried'	11991
11872	(278, 477)	' core'	11992
11873	(9937, 1606)	' Eagles'	11993
11874	(1052, 258)	'ordin'	11994
11875	(470, 328)	' Way'	11995
11876	(4683, 2308)	'து'	11996
11877	(1673, 1951)	' useful'	11997
11878	(83, 1541)	'Since'	11998
11879	(333, 3058)	' rent'	11999
11880	(641, 3058)	' Ont'	12000
11881	(3766, 115)	' guns'	12001
11882	(233, 138)	b'\xe9\x8a'	12002
11883	(4973, 135)	'崇'	12003
11884	(1587, 169)	'ラ'	12004
11885	(1131, 9188)	'英格兰'	12005
11886	(556, 5847)	'可谓'	12006
11887	(1047, 288)	'ugar'	12007
11888	(291, 1709)	' dé'	12008
11889	(8411, 267)	' lawyer'	12009
11890	(114, 275)	'rit'	12010
11891	(1067, 320)	' tele'	12011
11892	(2896, 1089)	' hitting'	12012
11893	(618, 177)	'ự'	12013
11894	(648, 160)	'肠'	12014
11895	(638, 841)	'ocial'	12015
11896	(489, 16061)	'opefully'	12016
11897	(257, 1928)	' aka'	12017
11898	(792, 423)	' agus'	12018
11899	(7605, 4065)	'亏损'	12019
11900	(1387, 285)	'ikes'	12020
11901	(1958, 16101)	'.SATURDAY'	12021
11902	(2662, 1511)	' breaking'	12022
11903	(2317, 494)	' Indust'	12023
11904	(2403, 1040)	'尽量'	12024
11905	(32, 16102)	' 相册'	12025
11906	(2099, 143)	'魏'	12026
11907	(3183, 428)	'基本上'	12027
11908	(3558, 721)	'互动'	12028
11909	(336, 350)	'一是'	12029
11910	(83, 83)	'SS'	12030
11911	(1590, 185)	'犹'	12031
11912	(2598, 880)	'激情'	12032
11913	(299, 169)	'兩'	12033
11914	(449, 189)	'陽'	12034
11915	(67, 77)	'CM'	12035
11916	(102, 115)	'fs'	12036
11917	(5783, 7607)	' documents'	12037
11918	(232, 154)	b'\xe8\x9a'	12038
11919	(2613, 2292)	'密切'	12039
11920	(84, 5804)	'Two'	12040
11921	(1690, 2909)	' smoke'	12041
11922	(209, 132)	'ф'	12042
11923	(45, 82)	'-R'	12043
11924	(10288, 5193)	'橱柜'	12044
11925	(988, 149)	'糕'	12045
11926	(442, 4219)	' koj'	12046
11927	(16099, 708)	'俱乐部'	12047
11928	(105, 485)	'iest'	12048
11929	(1060, 3128)	'信托'	12049
11930	(3148, 1160)	' warning'	12050
11931	(521, 787)	'对外'	12051
11932	(279, 105)	'eni'	12052
11933	(491, 1034)	' jail'	12053
11934	(539, 573)	'地下'	12054
11935	(439, 181)	'牵'	12055
11936	(421, 98)	' web'	12056
11937	(483, 163)	'臣'	12057
11938	(108, 1086)	'look'	12058
11939	(282, 1227)	' fish'	12059
11940	(1154, 1225)	'该片'	12060
11941	(378, 1973)	'有什么'	12061
11942	(1410, 937)	'流通'	12062
11943	(5426, 1814)	'另一方面'	12063
11944	(597, 272)	'市的'	12064
11945	(1120, 8925)	' Institute'	12065
11946	(486, 4646)	'出色的'	12066
11947	(97, 111)	'ao'	12067
11948	(318, 16096)	' Ireland'	12068
11949	(531, 10804)	' Liverpool'	12069
11950	(2373, 162)	'าย'	12070
11951	(508, 183)	' ط'	12071
11952	(474, 180)	'琴'	12072
11953	(557, 840)	'分数'	12073
11954	(4256, 916)	'竟然'	12074
11955	(316, 446)	' gif'	12075
11956	(2919, 997)	' advance'	12076
11957	(1279, 1612)	'各类'	12077
11958	(389, 132)	'弄'	12078
11959	(480, 324)	'rive'	12079
11960	(3291, 682)	' sucks'	12080
11961	(116, 322)	'tion'	12081
11962	(316, 609)	' gear'	12082
11963	(1365, 400)	'十大'	12083
11964	(258, 16015)	'initely'	12084
11965	(336, 2181)	'一边'	12085
11966	(1032, 450)	' resol'	12086
11967	(400, 400)	'大大'	12087
11968	(1227, 97)	'isha'	12088
11969	(83, 676)	'Same'	12089
11970	(7997, 101)	' taste'	12090
11971	(1573, 1102)	'效应'	12091
11972	(118, 115)	'vs'	12092
11973	(486, 2531)	'出来的'	12093
11974	(570, 166)	'ద'	12094
11975	(1133, 1868)	'受益'	12095
11976	(6034, 1571)	' animals'	12096
11977	(118, 281)	'vis'	12097
11978	(2006, 283)	' marketing'	12098
11979	(7495, 643)	' segment'	12099
11980	(4678, 287)	' voted'	12100
11981	(1489, 2531)	'未来的'	12101
11982	(2793, 1185)	' factors'	12102
11983	(547, 150)	'颖'	12103
11984	(1548, 689)	'反而'	12104
11985	(1148, 2130)	'打算'	12105
11986	(264, 16097)	' sudden'	12106
11987	(586, 138)	'ሊ'	12107
11988	(2992, 526)	'aniel'	12108
11989	(2814, 617)	' artist'	12109
11990	(6521, 332)	' ticket'	12110
11991	(1032, 99)	' resc'	12111
11992	(114, 301)	'ras'	12112
11993	(1166, 520)	'回来'	12113
11994	(499, 115)	'ums'	12114
11995	(2234, 901)	'百万'	12115
11996	(353, 99)	'acc'	12116
11997	(1011, 4223)	' nobody'	12117
11998	(1939, 3327)	b'\xe1\x80\xba\xe1\x80\xb8\xe1\x80'	12118
11999	(1783, 272)	'银行的'	12119
12000	(434, 423)	' rus'	12120
12001	(3461, 1168)	' sentence'	12121
12002	(136, 152)	b'\x88\x98'	12122
12003	(571, 1079)	'成果'	12123
12004	(1279, 1438)	'各项'	12124
12005	(109, 328)	'may'	12125
12006	(2033, 136)	'慈'	12126
12007	(431, 1020)	'chang'	12127
12008	(463, 16095)	' Houston'	12128
12009	(3018, 2107)	' facility'	12129
12010	(1189, 107)	' seek'	12130
12011	(9589, 283)	' subscribing'	12131
12012	(556, 1546)	'可爱'	12132
12013	(434, 813)	' rich'	12133
12014	(385, 1115)	' stress'	12134
12015	(2376, 5073)	'夫妻'	12135
12016	(1167, 283)	' acting'	12136
12017	(508, 186)	' غ'	12137
12018	(974, 168)	'የ'	12138
12019	(657, 854)	'开心'	12139
12020	(807, 147)	'墓'	12140
12021	(9799, 397)	'嫌疑人'	12141
12022	(1151, 176)	' ર'	12142
12023	(66, 79)	'BO'	12143
12024	(1148, 844)	'打工'	12144
12025	(45, 110)	'-n'	12145
12026	(282, 450)	' fol'	12146
12027	(5361, 4663)	'官方网站'	12147
12028	(3772, 116)	' joint'	12148
12029	(4869, 287)	' linked'	12149
12030	(10327, 2056)	'允许'	12150
12031	(109, 4771)	'mitted'	12151
12032	(1714, 10317)	' impressive'	12152
12033	(669, 174)	'炮'	12153
12034	(377, 630)	' Card'	12154
12035	(7077, 3005)	' holiday'	12155
12036	(575, 178)	'哲'	12156
12037	(104, 121)	'hy'	12157
12038	(487, 133)	'浅'	12158
12039	(1167, 276)	' actor'	12159
12040	(1458, 1863)	'ometimes'	12160
12041	(713, 868)	' spell'	12161
12042	(390, 706)	'中美'	12162
12043	(1114, 5585)	'近年来'	12163
12044	(1587, 187)	'・'	12164
12045	(521, 3554)	'对阵'	12165
12046	(922, 1125)	'事务'	12166
12047	(83, 79)	'SO'	12167
12048	(582, 637)	' alive'	12168
12049	(56, 49)	'81'	12169
12050	(668, 3587)	' university'	12170
12051	(32, 4367)	' ре'	12171
12052	(2324, 1046)	'招商'	12172
12053	(284, 783)	' pra'	12173
12054	(1587, 171)	'ル'	12174
12055	(4870, 274)	' loan'	12175
12056	(65, 86)	'AV'	12176
12057	(235, 16113)	'라'	12177
12058	(475, 1865)	'ighters'	12178
12059	(393, 172)	'衬'	12179
12060	(1455, 56)	'2018'	12180
12061	(2788, 441)	' generation'	12181
12062	(851, 52)	' 34'	12182
12063	(904, 478)	' enem'	12183
12064	(3072, 606)	b'\xe0\xab\x80\xe0\xaa'	12184
12065	(769, 503)	'та'	12185
12066	(874, 607)	'更新'	12186
12067	(326, 526)	'idel'	12187
12068	(1412, 579)	'教学'	12189
12069	(615, 10668)	' Jordan'	12190
12070	(470, 2461)	' Where'	12191
12071	(540, 6205)	'日上午'	12192
12072	(1093, 534)	'女生'	12193
12073	(4119, 173)	'維'	12194
12074	(349, 147)	'卓'	12195
12075	(4792, 4792)	'慢慢'	12196
12076	(1113, 912)	'尔斯'	12197
12077	(536, 285)	'oses'	12198
12078	(6108, 5091)	' Japanese'	12199
12079	(686, 8647)	' upcoming'	12200
12080	(1390, 188)	'疼'	12201
12081	(453, 16103)	'和谐'	12202
12082	(871, 791)	'司法'	12203
12083	(2601, 708)	'教育部'	12204
12084	(683, 174)	'妮'	12205
12085	(284, 293)	' pal'	12206
12086	(272, 767)	'的天'	12207
12087	(99, 5799)	'craft'	12208
12088	(775, 2858)	'实木'	12209
12089	(874, 2550)	'更好的'	12210
12090	(3908, 1096)	'偏股'	12211
12091	(8707, 806)	'感光度'	12212
12092	(3580, 1450)	'扩张'	12213
12093	(1166, 4402)	'回归'	12214
12094	(607, 886)	'新基金'	12215
12095	(960, 1970)	' herself'	12216
12096	(2663, 1171)	' ته'	12217
12097	(400, 4423)	'大概'	12218
12098	(659, 161)	'郡'	12219
12099	(73, 86)	'IV'	12220
12100	(232, 164)	b'\xe8\xa4'	12221
12101	(1829, 287)	' owned'	12222
12102	(996, 51)	'2003'	12223
12103	(1131, 16111)	'英镑'	12224
12104	(7503, 404)	' faith'	12225
12105	(400, 576)	'大多'	12226
12106	(653, 568)	'过于'	12227
12107	(9108, 16114)	'中華人民共和國'	12228
12108	(1151, 172)	' બ'	12229
12109	(3595, 1601)	'航空'	12230
12110	(418, 109)	'ilm'	12231
12111	(234, 9569)	'기'	12233
12112	(275, 367)	"it's"	12234
12113	(1523, 4172)	'获悉'	12236
12114	(2771, 287)	'apped'	12237
12115	(483, 130)	'臂'	12238
12116	(3585, 267)	' younger'	12239
12117	(1362, 777)	'整合'	12240
12118	(534, 1913)	'生态'	12241
12119	(5723, 8714)	' battery'	12242
12120	(1076, 345)	'ollow'	12243
12121	(385, 1388)	' stuck'	12244
12122	(405, 191)	'寿'	12245
12123	(357, 1852)	'在今年'	12246
12124	(919, 328)	' pray'	12247
12125	(259, 728)	'hered'	12248
12126	(3628, 2247)	'ති'	12249
12127	(2007, 1172)	' 2020'	12250
12128	(1542, 1422)	'优质'	12251
12129	(831, 2237)	' arms'	12252
12130	(1623, 1388)	' struck'	12253
12131	(10217, 1675)	'John'	12254
12132	(4192, 626)	' Coast'	12255
12133	(1697, 1639)	'采购'	12256
12134	(2201, 1274)	'龙头'	12257
12135	(369, 103)	'igg'	12259
12136	(588, 321)	' Est'	12260
12137	(2785, 2791)	' standards'	12261
12138	(7693, 964)	' repeated'	12262
12139	(3651, 331)	' Only'	12263
12140	(377, 16107)	' Cleveland'	12264
12141	(6855, 1939)	b'\xe1\x80\x80\xe1\x80\xba\xe1\x80'	12265
12142	(417, 9534)	' Business'	12266
12143	(4363, 1184)	'顶级'	12267
12144	(2156, 115)	' heads'	12268
12145	(390, 1477)	'中共'	12269
12146	(8694, 828)	'的可能性'	12270
12147	(1013, 450)	' Vol'	12271
12148	(836, 5258)	' climate'	12272
12149	(1563, 45)	' co-'	12273
12150	(1035, 107)	' ik'	12274
12151	(1104, 5631)	'感染'	12275
12152	(284, 301)	' pas'	12276
12153	(580, 149)	'க'	12277
12154	(2332, 134)	'ац'	12278
12155	(653, 520)	'过来'	12279
12156	(2421, 1651)	'否则'	12280
12157	(297, 105)	' hi'	12281
12158	(3091, 336)	'最后一'	12282
12159	(464, 375)	' Dun'	12283
12160	(2785, 115)	' stands'	12284
12161	(87, 301)	'Was'	12285
12162	(1152, 527)	'iants'	12286
12163	(4177, 997)	' appearance'	12287
12164	(653, 272)	'过的'	12288
12165	(326, 105)	'idi'	12289
12166	(851, 55)	' 37'	12290
12167	(4842, 283)	' wondering'	12291
12168	(373, 293)	'imal'	12292
12169	(617, 1923)	'istics'	12293
12170	(3068, 7010)	' receiving'	12294
12171	(5475, 534)	'毕业生'	12295
12172	(1239, 2063)	'想象'	12296
12173	(931, 922)	'赛事'	12297
12174	(947, 1115)	' express'	12298
12175	(8566, 1091)	' comfortable'	12299
12176	(386, 357)	'不在'	12300
12177	(625, 161)	'渡'	12301
12178	(585, 898)	' liber'	12302
12179	(795, 142)	'胎'	12303
12180	(2466, 3939)	'显示屏'	12304
12181	(68, 6825)	'Damn'	12305
12182	(657, 6989)	'开拓'	12306
12183	(372, 137)	'杉'	12307
12184	(468, 787)	'以外'	12308
12185	(274, 122)	'anz'	12309
12186	(1030, 272)	'式的'	12310
12187	(901, 7140)	'万吨'	12311
12188	(5473, 467)	'暂时'	12312
12189	(347, 9263)	' ongoing'	12313
12190	(919, 258)	' prin'	12314
12191	(398, 1160)	'urning'	12315
12192	(1151, 168)	' ન'	12316
12193	(285, 104)	'esh'	12317
12194	(81, 81)	'QQ'	12318
12195	(420, 867)	'为此'	12319
12196	(81, 117)	'Qu'	12320
12197	(704, 3226)	'ня'	12321
12198	(80, 71)	'PG'	12322
12199	(2951, 1054)	'房地产市场'	12324
12200	(271, 2557)	'atically'	12325
12201	(16105, 9967)	'矛盾'	12326
12202	(783, 324)	'rave'	12327
12203	(16118, 1441)	'奥巴马'	12328
12204	(5554, 3127)	'ਤੇ'	12329
12205	(116, 119)	'tw'	12330
12206	(975, 730)	'及其'	12331
12207	(9949, 8117)	' researchers'	12332
12208	(256, 406)	' till'	12333
12209	(385, 1028)	' storm'	12334
12210	(3420, 1768)	'ના'	12335
12211	(6137, 1160)	' turning'	12336
12212	(103, 676)	'game'	12337
12213	(836, 5264)	' clients'	12338
12214	(271, 288)	'atar'	12339
12215	(919, 788)	' prime'	12340
12216	(1625, 1295)	' consult'	12341
12217	(2737, 1000)	' shitty'	12342
12218	(302, 185)	'夹'	12343
12219	(386, 1436)	'不可能'	12344
12220	(547, 136)	'颈'	12345
12221	(4325, 637)	'gressive'	12346
12222	(343, 626)	' east'	12347
12223	(1126, 2884)	' اف'	12348
12224	(83, 678)	'Sure'	12349
12225	(867, 587)	'此后'	12350
12226	(486, 550)	'出场'	12351
12227	(8165, 5631)	'污染'	12352
12228	(3672, 191)	'鸿'	12353
12229	(4683, 4776)	'த்த'	12354
12230	(1781, 1287)	'转变'	12355
12231	(1203, 6164)	'联邦'	12356
12232	(509, 138)	'削'	12357
12233	(1387, 111)	'iko'	12358
12234	(6437, 146)	'→'	12359
12235	(594, 1794)	' button'	12360
12236	(109, 111)	'mo'	12361
12237	(578, 112)	'resp'	12362
12238	(9846, 132)	'도'	12363
12239	(1093, 1483)	'女友'	12365
12240	(4004, 627)	' را'	12366
12241	(705, 97)	'rena'	12367
12242	(80, 69)	'PE'	12368
12243	(3352, 1368)	'饰演'	12369
12244	(5213, 121)	' copy'	12370
12245	(8530, 643)	' announcement'	12371
12246	(1640, 272)	'问题的'	12372
12247	(4505, 108)	' Chel'	12373
12248	(1851, 267)	'anner'	12374
12249	(397, 790)	'人体'	12375
12250	(258, 8314)	'instein'	12376
12251	(348, 267)	'ader'	12377
12252	(1811, 3506)	' earned'	12378
12253	(2617, 821)	' parking'	12379
12254	(399, 108)	'kel'	12380
12255	(376, 67)	' AC'	12381
12256	(16002, 9303)	' becomes'	12382
12257	(3122, 1469)	'春节'	12383
12258	(1299, 775)	'证实'	12384
12259	(610, 274)	'ghan'	12385
12260	(256, 117)	' tu'	12386
12261	(119, 121)	'wy'	12387
12262	(9664, 2794)	' Francisco'	12388
12263	(940, 285)	'izes'	12389
12264	(710, 948)	'ес'	12390
12265	(396, 2091)	'了很多'	12391
12266	(1310, 601)	'较高'	12392
12267	(386, 1239)	'不想'	12393
12268	(297, 352)	' ham'	12394
12269	(2295, 267)	' harder'	12395
12270	(2369, 176)	'ிர'	12396
12271	(659, 129)	'郁'	12397
12272	(2837, 1541)	' Prince'	12398
12273	(272, 4250)	'的作用'	12399
12274	(376, 16035)	' According'	12400
12275	(4094, 283)	' falling'	12401
12276	(830, 1294)	'很少'	12402
12277	(5657, 2063)	'迹象'	12403
12278	(3391, 2803)	' patient'	12404
12279	(1130, 145)	'淑'	12405
12280	(743, 7976)	' Under'	12406
12281	(2651, 602)	'ини'	12407
12282	(7699, 1075)	'新华网'	12409
12283	(80, 108)	'Pl'	12410
12284	(8445, 964)	' estimated'	12411
12285	(648, 191)	'肿'	12412
12286	(490, 1146)	' Nov'	12413
12287	(668, 97)	' una'	12414
12288	(1485, 167)	b' \xec\xa7'	12415
12289	(10514, 441)	' Foundation'	12416
12290	(561, 189)	'辽'	12417
12291	(2065, 1422)	'材质'	12418
12292	(10589, 100)	' Ltd'	12419
12293	(1949, 4990)	'便宜'	12420
12294	(413, 178)	'進'	12421
12295	(272, 1621)	'的企业'	12422
12296	(595, 2824)	'公牛'	12423
12297	(881, 139)	'ோ'	12424
12298	(655, 1216)	'主管'	12425
12299	(98, 3015)	'bury'	12426
12300	(4380, 1537)	'佛山'	12427
12301	(585, 101)	' lie'	12428
12302	(2555, 322)	'ception'	12429
12303	(10871, 441)	' Corporation'	12430
12304	(45, 263)	'-re'	12431
12305	(278, 603)	' cart'	12432
12306	(286, 635)	' mort'	12433
12307	(538, 1888)	'我认为'	12434
12308	(1412, 1666)	'教师'	12435
12309	(344, 163)	'劣'	12436
12310	(914, 272)	'房的'	12437
12311	(688, 2205)	' allowing'	12438
12312	(1997, 2492)	' talked'	12439
12313	(5255, 152)	'ој'	12440
12314	(842, 834)	'یر'	12441
12315	(7026, 2483)	'屬於'	12442
12316	(623, 3866)	'前锋'	12443
12317	(733, 550)	'全场'	12444
12318	(3435, 287)	' recorded'	12445
12319	(16112, 3609)	'ቸው'	12446
12320	(3523, 331)	'Only'	12448
12321	(391, 16108)	' Miami'	12449
12322	(2375, 4780)	'依旧'	12450
12323	(542, 293)	' Gal'	12451
12324	(539, 3239)	'地铁'	12452
12325	(429, 173)	'彭'	12453
12326	(277, 285)	' bes'	12454
12327	(4678, 459)	' voters'	12455
12328	(556, 1760)	'可见'	12456
12329	(1158, 177)	'驱'	12457
12330	(1205, 612)	'weight'	12458
12331	(900, 141)	'積'	12459
12332	(3631, 7816)	'伦敦'	12460
12333	(401, 137)	'奉'	12461
12334	(4359, 141)	' ግ'	12462
12335	(434, 345)	' row'	12463
12336	(9812, 3741)	'葡萄牙'	12464
12337	(10369, 331)	'sembly'	12465
12338	(101, 320)	'ele'	12466
12339	(792, 9171)	' agencies'	12467
12340	(333, 1499)	' reli'	12468
12341	(1055, 283)	' knowing'	12469
12342	(4539, 495)	'赶到'	12470
12343	(2282, 108)	' discl'	12471
12344	(3495, 1363)	'瑞士'	12472
12345	(3581, 287)	' produced'	12473
12346	(6260, 964)	' treated'	12474
12347	(61, 61)	'=='	12475
12348	(333, 918)	' react'	12476
12349	(5591, 2381)	' division'	12477
12350	(6258, 894)	'known'	12478
12351	(4807, 331)	' fairly'	12479
12352	(10572, 172)	'리'	12480
12353	(934, 165)	'祥'	12481
12354	(112, 1645)	'person'	12483
12355	(921, 878)	' manage'	12484
12356	(1041, 134)	'框'	12485
12357	(3403, 10581)	' marriage'	12486
12358	(3018, 5767)	' facilities'	12487
12359	(78, 4283)	'Nope'	12488
12360	(2507, 1659)	'修改'	12489
12361	(3974, 5347)	'嘉宾'	12490
12362	(2471, 406)	' skill'	12491
12363	(1867, 164)	'撤'	12492
12364	(2680, 550)	'卖场'	12493
12365	(1680, 283)	' ending'	12494
12366	(491, 383)	' jir'	12495
12367	(449, 181)	'陵'	12496
12368	(2139, 844)	'施工'	12497
12369	(2122, 276)	' governor'	12498
12370	(5372, 2765)	'替补'	12500
12371	(1585, 133)	' х'	12501
12372	(70, 114)	'Fr'	12502
12373	(102, 621)	'fall'	12503
12374	(288, 111)	'aro'	12504
12375	(1141, 424)	' 400'	12505
12376	(528, 1089)	'ulting'	12506
12377	(530, 285)	' notes'	12507
12378	(2990, 350)	'应该是'	12508
12379	(848, 161)	'锡'	12509
12380	(463, 2762)	' Harr'	12510
12381	(3138, 7180)	' experienced'	12511
12382	(118, 111)	'vo'	12512
12383	(128, 1939)	b'\x80\xe1\x80\xba\xe1\x80'	12513
12384	(3060, 886)	'指数基金'	12514
12385	(286, 2287)	' mari'	12515
12386	(233, 179)	b'\xe9\xb3'	12516
12387	(5303, 357)	'两队在'	12517
12388	(271, 263)	'atre'	12518
12389	(854, 880)	'心情'	12519
12390	(684, 538)	'自我'	12520
12391	(3676, 8328)	' Management'	12521
12392	(531, 748)	' Long'	12522
12393	(83, 67)	'SC'	12523
12394	(1205, 332)	'weet'	12524
12395	(354, 72)	' SH'	12525
12396	(2186, 856)	'适当'	12526
12397	(1548, 521)	'反对'	12527
12398	(1028, 267)	'ormer'	12528
12399	(1265, 1515)	'专户'	12529
12400	(979, 579)	'化学'	12530
12401	(2117, 3960)	'研究报告'	12531
12402	(1801, 458)	' drag'	12532
12403	(9497, 7131)	'했다'	12533
12404	(5982, 1170)	' applications'	12534
12405	(2974, 529)	'飞行'	12535
12406	(1498, 880)	'热情'	12536
12407	(491, 633)	' jack'	12537
12408	(873, 128)	'紀'	12538
12409	(265, 99)	'onc'	12539
12410	(399, 766)	'keep'	12540
12411	(46, 112)	'.p'	12541
12412	(907, 433)	' acce'	12542
12413	(1166, 1102)	'回应'	12543
12414	(508, 181)	' ص'	12544
12415	(323, 182)	'श'	12545
12416	(4490, 283)	' ruling'	12546
12417	(503, 2001)	'аз'	12547
12418	(1525, 3195)	' remaining'	12548
12419	(339, 189)	'幽'	12549
12420	(321, 3883)	'stances'	12550
12421	(510, 352)	' Fam'	12551
12422	(1335, 3586)	'推出的'	12552
12423	(1166, 5242)	'回暖'	12553
12424	(918, 331)	'actly'	12554
12425	(4644, 4644)	'OOOO'	12555
12426	(277, 6022)	' banned'	12556
12427	(1509, 627)	' کا'	12557
12428	(45, 68)	'-D'	12558
12429	(2801, 402)	' Spec'	12559
12430	(2513, 603)	' depart'	12560
12431	(3264, 1066)	'登记'	12561
12432	(454, 167)	'歧'	12562
12433	(784, 564)	'但他'	12563
12434	(1264, 705)	'ildren'	12564
12435	(570, 159)	'ట'	12565
12436	(825, 163)	'廣'	12566
12437	(8506, 828)	'流动性'	12567
12438	(724, 97)	'uba'	12568
12439	(1498, 1194)	'热门'	12569
12440	(1078, 1434)	'西亚'	12570
12441	(1177, 2194)	'总额'	12571
12442	(383, 1000)	'irty'	12572
12443	(1797, 11093)	' YouTube'	12573
12444	(469, 157)	' Н'	12575
12445	(2238, 115)	' keeps'	12576
12446	(2428, 729)	' edge'	12577
12447	(370, 2525)	'utional'	12578
12448	(875, 1818)	'三角'	12579
12449	(1542, 4312)	'优雅'	12580
12450	(947, 10452)	' expansion'	12581
12451	(69, 110)	'En'	12582
12452	(7000, 811)	' birthday'	12583
12453	(71, 1128)	'Great'	12584
12454	(618, 169)	'ứ'	12585
12455	(317, 149)	'吕'	12586
12456	(4279, 1113)	'塞尔'	12587
12457	(1153, 602)	'ки'	12588
12458	(539, 751)	'地说'	12589
12459	(2530, 3896)	' democr'	12590
12460	(668, 1876)	' units'	12591
12461	(907, 10963)	' acknow'	12592
12462	(5243, 272)	'真正的'	12593
12463	(2511, 10939)	'眼睛'	12594
12464	(544, 7325)	' franch'	12596
12465	(3143, 149)	'ిక'	12597
12466	(947, 5111)	' expressed'	12598
12467	(884, 1049)	'两种'	12599
12468	(133, 430)	b'\x85\xe1\x80'	12600
12469	(571, 1392)	'成像'	12601
12470	(83, 267)	'Ser'	12602
12471	(2860, 1106)	"They're"	12603
12472	(7123, 1249)	'倾向'	12604
12473	(32, 1047)	' ug'	12605
12474	(496, 348)	' Rad'	12606
12475	(1442, 400)	'四大'	12607
12476	(102, 450)	'fol'	12608
12477	(573, 336)	'下一'	12609
12478	(114, 276)	'ror'	12610
12479	(118, 108)	'vl'	12611
12480	(4713, 331)	' entirely'	12612
12481	(716, 1671)	'进步'	12613
12482	(1967, 396)	'成为了'	12614
12483	(463, 375)	' Hun'	12615
12484	(3148, 3506)	' warned'	12616
12485	(668, 101)	' une'	12617
12486	(50, 1447)	'250'	12618
12487	(1955, 5112)	'bridge'	12619
12488	(71, 78)	'GN'	12620
12489	(1801, 3697)	' drinking'	12621
12490	(115, 259)	'she'	12622
12491	(6067, 964)	'related'	12623
12492	(11082, 5071)	' Arizona'	12624
12493	(107, 114)	'kr'	12625
12494	(301, 1652)	'astern'	12626
12495	(45, 811)	'-day'	12627
12496	(520, 3185)	'来讲'	12628
12497	(2369, 169)	'ின'	12630
12498	(104, 288)	'har'	12631
12499	(1063, 1798)	' scale'	12632
12500	(336, 1814)	'一方面'	12633
12501	(4160, 396)	'取得了'	12634
12502	(394, 144)	'盐'	12635
12503	(683, 150)	'妖'	12636
12504	(7604, 678)	' manufacture'	12637
12505	(4201, 1410)	'潮流'	12638
12506	(666, 520)	'本来'	12639
12507	(353, 105)	'aci'	12640
12508	(354, 1911)	' See'	12641
12509	(810, 7920)	'次助攻'	12642
12510	(229, 151)	b'\xe5\x97'	12643
12511	(2331, 111)	' memo'	12644
12512	(3788, 5621)	'手机网游'	12645
12513	(397, 1560)	'人气'	12646
12514	(3442, 441)	' operation'	12647
12515	(873, 154)	'級'	12648
12516	(391, 1704)	' Max'	12649
12517	(442, 4886)	' kuma'	12650
12518	(6381, 121)	'ography'	12651
12519	(82, 77)	'RM'	12652
12520	(6034, 293)	' animal'	12653
12521	(5785, 172)	'瞬'	12654
12522	(587, 2326)	'后卫'	12655
12523	(10773, 7939)	' Taylor'	12656
12524	(1659, 1404)	'改造'	12657
12525	(422, 171)	'贫'	12658
12526	(1781, 2828)	'转移'	12659
12527	(936, 2782)	' images'	12660
12528	(692, 163)	'侣'	12661
12529	(2404, 1004)	'福建'	12662
12530	(472, 46)	' 1.'	12663
12531	(5919, 103)	'burg'	12664
12532	(3233, 423)	' Plus'	12665
12533	(778, 189)	'揽'	12666
12534	(16041, 285)	' pieces'	12667
12535	(2154, 853)	'ना'	12668
12536	(1820, 177)	'饱'	12669
12537	(4866, 774)	' motiv'	12670
12538	(235, 160)	b'\xeb\xa0'	12671
12539	(4597, 568)	'相当于'	12672
12540	(1584, 170)	'溪'	12673
12541	(1308, 272)	'线的'	12674
12542	(2331, 1339)	' memory'	12675
12543	(317, 138)	'吊'	12676
12544	(400, 1118)	'大战'	12677
12545	(958, 183)	'爷'	12678
12546	(6702, 4820)	' Turkey'	12679
12547	(655, 5860)	'主帅'	12680
12548	(965, 357)	'并在'	12681
12549	(8121, 5740)	'ੂੰ'	12682
12550	(6826, 2538)	'ారు'	12683
12551	(275, 1185)	'itors'	12684
12552	(2808, 283)	' developing'	12685
12553	(4208, 519)	' debate'	12686
12554	(956, 357)	'我们在'	12687
12555	(777, 1420)	'合约'	12688
12556	(775, 665)	'实用'	12689
12557	(436, 279)	' Pen'	12690
12558	(653, 396)	'过了'	12691
12559	(397, 534)	'人生'	12692
12560	(589, 165)	' थ'	12693
12561	(3039, 635)	' Report'	12694
12562	(3010, 818)	'亮点'	12695
12563	(1364, 167)	'ầ'	12696
12564	(1762, 1153)	'ык'	12697
12565	(793, 182)	'當'	12698
12566	(730, 810)	'其次'	12699
12567	(1120, 16123)	' Invalid'	12700
12568	(866, 177)	'ቱ'	12701
12569	(1674, 51)	'1.3'	12702
12570	(1005, 1906)	'保罗'	12703
12571	(3907, 2164)	'革命'	12704
12572	(611, 2472)	' plane'	12705
12573	(287, 101)	'ede'	12707
12574	(2899, 293)	' metal'	12708
12575	(272, 1747)	'的确'	12709
12576	(1825, 16117)	' Alabama'	12710
12577	(1032, 617)	' resist'	12711
12578	(4519, 1419)	'Another'	12712
12579	(571, 272)	'成的'	12713
12580	(420, 2937)	'为止'	12714
12581	(82, 612)	'Right'	12715
12582	(2343, 7092)	' collabor'	12716
12583	(920, 3395)	'特征'	12717
12584	(4070, 10757)	'凯尔特'	12718
12585	(590, 640)	'也就'	12719
12586	(596, 532)	' chain'	12720
12587	(330, 308)	'otic'	12721
12588	(2332, 135)	'ач'	12722
12589	(1632, 136)	'計'	12723
12590	(1734, 1040)	'容量'	12724
12591	(354, 499)	' Sum'	12725
12592	(1268, 1353)	'取胜'	12726
12593	(776, 16115)	'好莱坞'	12727
12594	(412, 158)	'庞'	12728
12595	(474, 188)	'琼'	12729
12596	(98, 293)	'bal'	12730
12597	(510, 635)	' Fort'	12732
12598	(316, 2965)	' gym'	12733
12599	(363, 144)	'伐'	12734
12600	(2222, 155)	'葛'	12735
12601	(828, 1015)	'性格'	12736
12602	(6375, 4616)	' schedule'	12737
12603	(3100, 2202)	' نے'	12738
12604	(566, 159)	'ট'	12739
12605	(1329, 16054)	' supporters'	12740
12606	(666, 1045)	'本文'	12741
12607	(463, 330)	' Hot'	12742
12608	(2392, 276)	'erior'	12743
12609	(1705, 348)	' Brad'	12744
12610	(323, 143)	'ए'	12745
12611	(868, 111)	'ello'	12746
12612	(5994, 267)	' consumer'	12747
12613	(831, 431)	' arch'	12748
12614	(1375, 678)	' secure'	12749
12615	(8186, 140)	' Ọ'	12750
12616	(409, 310)	' whom'	12751
12617	(607, 601)	'新高'	12752
12618	(1668, 8251)	' minimum'	12753
12619	(4843, 6031)	'Reuters'	12754
12620	(880, 397)	'情人'	12755
12621	(2846, 4303)	' positions'	12756
12622	(607, 2465)	'新兴'	12757
12623	(2553, 1022)	' Class'	12759
12624	(2639, 492)	'独家'	12760
12625	(761, 1727)	'加速'	12761
12626	(767, 573)	'天下'	12762
12627	(1269, 345)	' blow'	12763
12628	(277, 258)	' bin'	12764
12629	(5323, 2297)	'ታት'	12765
12630	(3179, 2867)	'ို'	12766
12631	(1248, 146)	'粒'	12767
12632	(8561, 3382)	' behavior'	12768
12633	(804, 160)	'だ'	12769
12634	(2462, 6794)	'-to-'	12770
12635	(417, 1777)	' Both'	12771
12636	(2694, 649)	' до'	12772
12637	(545, 1169)	'发达'	12773
12638	(4902, 2912)	'怀疑'	12774
12639	(1131, 1417)	'英超'	12775
12640	(4129, 2937)	'截止'	12776
12641	(7106, 16120)	' Charlottesville'	12777
12642	(592, 7540)	' exhib'	12778
12643	(490, 980)	' Nick'	12779
12644	(375, 3382)	'unior'	12780
12645	(369, 101)	'ige'	12781
12646	(16122, 1605)	'安东尼'	12782
12647	(1269, 676)	' blame'	12783
12648	(667, 1481)	'得知'	12784
12649	(1224, 16126)	'东莞'	12785
12650	(3109, 2268)	' cerem'	12786
12651	(2663, 834)	' تر'	12787
12652	(1892, 283)	' reporting'	12788
12653	(3454, 2345)	'朝阳'	12789
12654	(98, 450)	'bol'	12790
12655	(2172, 2921)	' confused'	12791
12656	(945, 1518)	'投票'	12792
12657	(11477, 1816)	'与此同时'	12793
12658	(80, 77)	'PM'	12794
12659	(4559, 630)	' Guard'	12795
12660	(545, 1386)	'发放'	12796
12661	(1005, 1184)	'保级'	12797
12662	(370, 431)	'utch'	12798
12663	(2977, 423)	' campus'	12799
12664	(1139, 3982)	'收藏'	12800
12665	(3494, 1082)	'异常'	12801
12666	(4252, 1122)	'ları'	12802
12667	(1560, 1922)	'气候'	12803
12668	(5765, 617)	' racist'	12804
12669	(1143, 2486)	'周围'	12805
12670	(490, 276)	' Nor'	12806
12671	(4591, 112)	' Corp'	12807
12672	(9550, 164)	'들'	12808
12673	(557, 272)	'分的'	12809
12674	(428, 573)	'上下'	12810
12675	(100, 105)	'di'	12811
12676	(84, 2470)	'TON'	12812
12677	(458, 1611)	'agues'	12813
12678	(3312, 1880)	' kuwa'	12814
12679	(1488, 721)	'带动'	12815
12680	(6638, 322)	' religion'	12816
12681	(590, 2604)	'也不会'	12817
12682	(8096, 1168)	' influence'	12818
12683	(720, 138)	'谊'	12819
12684	(704, 2118)	'ні'	12820
12685	(596, 3883)	' chances'	12821
12686	(3345, 2001)	' из'	12822
12687	(2669, 357)	'一直在'	12823
12688	(277, 2679)	' bike'	12824
12689	(272, 1994)	'的第一'	12825
12690	(649, 2229)	'ой'	12828
12691	(70, 1388)	'Fuck'	12829
12692	(32, 219)	b' \xdb'	12830
12693	(6496, 180)	' 이'	12831
12694	(2802, 132)	'蓄'	12832
12695	(848, 144)	'锐'	12833
12696	(417, 271)	' Bat'	12834
12697	(292, 107)	' tok'	12835
12698	(109, 1094)	'mond'	12836
12699	(1080, 101)	'obe'	12837
12700	(277, 1636)	' bath'	12838
12701	(1773, 287)	'oked'	12839
12702	(343, 105)	' ei'	12840
12703	(1294, 427)	'少年'	12841
12704	(265, 2965)	'onym'	12842
12705	(10737, 8423)	' exclusive'	12843
12706	(2193, 179)	'傳'	12844
12707	(314, 276)	' nor'	12845
12708	(98, 402)	'bec'	12846
12709	(182, 430)	b'\xb6\xe1\x80'	12847
12710	(1714, 10945)	' impossible'	12848
12711	(546, 691)	' vice'	12849
12712	(549, 169)	'俩'	12850
12713	(2862, 1422)	'画质'	12851
12714	(3006, 102)	' Prof'	12852
12715	(4983, 276)	' professor'	12853
12716	(830, 601)	'很高'	12854
12717	(46, 2794)	'.co'	12855
12718	(1127, 7062)	'活跃'	12856
12719	(1166, 2189)	'回落'	12858
12720	(827, 1332)	'重组'	12859
12721	(486, 4365)	'出租'	12860
12722	(2397, 3785)	' бол'	12861
12723	(1430, 164)	' త'	12862
12724	(560, 111)	'ako'	12863
12725	(7005, 526)	' panel'	12864
12726	(1870, 272)	'国家的'	12865
12727	(112, 1089)	'pting'	12866
12728	(912, 1522)	'斯卡'	12867
12729	(268, 7731)	' wanna'	12868
12730	(109, 114)	'mr'	12869
12731	(1421, 8997)	' declined'	12870
12732	(2037, 916)	'必然'	12871
12733	(354, 583)	' Squ'	12872
12734	(109, 108)	'ml'	12873
12735	(781, 1376)	'长时间'	12874
12736	(1691, 6451)	' function'	12875
12737	(276, 4186)	'orrect'	12876
12738	(6573, 1405)	' candidates'	12877
12739	(1358, 147)	' ና'	12878
12740	(108, 858)	'lah'	12879
12741	(79, 757)	'Off'	12880
12742	(297, 3438)	' hole'	12881
12743	(875, 3452)	'三季度'	12882
12744	(2754, 406)	'Still'	12883
12745	(84, 69)	'TE'	12884
12746	(2506, 7426)	' corrupt'	12885
12747	(723, 140)	'涌'	12886
12748	(354, 1541)	' Since'	12887
12749	(403, 190)	'巾'	12888
12750	(1203, 1075)	'联网'	12889
12751	(972, 819)	'ogue'	12890
12752	(1960, 142)	'猎'	12891
12753	(16127, 700)	'性价比'	12892
12754	(2403, 1540)	'尽快'	12893
12755	(1042, 293)	' Ital'	12894
12756	(76, 6800)	'Looks'	12895
12757	(1025, 163)	'ኣ'	12896
12758	(514, 2555)	' concept'	12897
12759	(3473, 115)	' returns'	12898
12760	(1016, 176)	' ਰ'	12899
12761	(996, 50)	'2002'	12900
12762	(105, 367)	"i's"	12901
12763	(1708, 136)	' ለ'	12902
12764	(1811, 515)	' earth'	12903
12765	(5051, 272)	'简单的'	12904
12766	(385, 753)	' stake'	12905
12767	(3519, 1724)	' पर'	12906
12768	(3804, 3337)	'ුව'	12907
12769	(570, 175)	'య'	12908
12770	(713, 697)	' spect'	12909
12771	(891, 599)	'一个月'	12910
12772	(432, 185)	'匹'	12911
12773	(320, 1262)	'lete'	12912
12774	(317, 185)	'吹'	12913
12775	(617, 2414)	'istered'	12914
12776	(3185, 3553)	'讲述'	12915
12777	(1201, 4413)	'布鲁'	12916
12778	(1599, 2376)	'功夫'	12917
12779	(4730, 1168)	' presence'	12918
12780	(413, 190)	'逾'	12919
12781	(812, 1503)	'名校'	12920
12782	(974, 178)	'ዲ'	12921
12783	(2829, 495)	'听到'	12922
12784	(1365, 336)	'十一'	12923
12785	(7070, 279)	' Golden'	12924
12786	(3299, 382)	' forever'	12925
12787	(1259, 612)	' bright'	12926
12788	(1585, 158)	' ў'	12927
12789	(492, 2954)	'家族'	12928
12790	(2763, 1184)	'六级'	12929
12791	(1074, 130)	'烂'	12930
12792	(510, 1012)	' Free'	12931
12793	(98, 117)	'bu'	12932
12794	(1929, 143)	'िए'	12933
12795	(2152, 272)	'项目的'	12934
12796	(599, 2300)	'月初'	12935
12797	(641, 78)	' ON'	12936
12798	(2888, 478)	' condem'	12937
12799	(540, 785)	'日子'	12938
12800	(7770, 3135)	' Author'	12939
12801	(5807, 1022)	' harass'	12940
12802	(721, 2862)	'动画'	12941
12803	(98, 526)	'bel'	12942
12804	(5638, 68)	'CCD'	12943
12805	(108, 116)	'lt'	12944
12806	(7558, 2197)	'彻底'	12945
12807	(2111, 2085)	'财富'	12946
12808	(378, 3031)	'有机会'	12947
12809	(768, 367)	" who's"	12948
12810	(3221, 4947)	' Seattle'	12950
12811	(533, 118)	' sav'	12951
12812	(7321, 287)	' tweeted'	12953
12813	(9824, 5142)	'ている'	12954
12814	(272, 3365)	'的不断'	12955
12815	(1420, 420)	'约为'	12956
12816	(4888, 287)	' presented'	12957
12817	(378, 1209)	'有没有'	12958
12818	(419, 2304)	'国土'	12959
12819	(288, 838)	'arry'	12960
12820	(3938, 135)	'蛇'	12961
12821	(2290, 813)	'Which'	12962
12822	(1008, 8332)	' context'	12963
12823	(462, 1629)	'这就是'	12964
12824	(1542, 1322)	'优先'	12965
12825	(4385, 678)	' failure'	12966
12826	(783, 102)	'raf'	12967
12827	(743, 116)	' Ut'	12968
12828	(534, 983)	'生意'	12969
12829	(822, 854)	'关心'	12970
12830	(4874, 5661)	' combined'	12971
12831	(87, 6277)	'Wait'	12972
12832	(7714, 1953)	' dinner'	12973
12833	(439, 162)	'牢'	12974
12834	(2154, 1736)	'नी'	12975
12835	(286, 2039)	' mü'	12976
12836	(1344, 574)	' keess'	12977
12837	(999, 179)	'壳'	12978
12838	(3201, 352)	' Adam'	12979
12839	(699, 1230)	'机型'	12980
12840	(466, 1271)	' 2000'	12981
12841	(8870, 568)	'有利于'	12982
12842	(106, 383)	'jir'	12983
12843	(5919, 610)	'burgh'	12984
12844	(3179, 430)	b'\xe1\x80\xad\xe1\x80'	12985
12845	(3905, 5030)	'梦幻'	12986
12846	(851, 56)	' 38'	12987
12847	(1186, 181)	'्व'	12988
12848	(1746, 1359)	'博彩'	12989
12849	(800, 149)	'雕'	12990
12850	(277, 104)	' bh'	12991
12851	(1143, 336)	'周一'	12992
12852	(1018, 1350)	'ув'	12993
12853	(365, 99)	'roc'	12994
12854	(974, 174)	'ዮ'	12995
12855	(713, 1497)	' spons'	12996
12856	(1485, 139)	b' \xec\x8b'	12997
12857	(1112, 587)	'今后'	12998
12858	(420, 1758)	'为何'	12999
12859	(476, 179)	'拳'	13000
12860	(390, 1045)	'中文'	13001
12861	(103, 288)	'gar'	13002
12862	(1027, 272)	'身的'	13003
12863	(16065, 1947)	' incredible'	13004
12864	(357, 2825)	'在国内'	13005
12865	(686, 7176)	' upset'	13006
12866	(11408, 105)	'ới'	13007
12867	(256, 621)	' tall'	13009
12868	(469, 181)	' е'	13010
12869	(1900, 428)	'世界上'	13011
12870	(277, 2257)	' bird'	13012
12871	(4061, 1170)	' expectations'	13013
12872	(116, 1713)	'then'	13014
12873	(353, 114)	'acr'	13015
12874	(271, 2215)	'atures'	13016
12875	(1769, 748)	' belong'	13017
12876	(629, 181)	'ਵ'	13018
12877	(3764, 128)	'門'	13019
12878	(689, 2087)	'而不是'	13020
12879	(274, 1214)	'anne'	13021
12880	(4465, 281)	' Davis'	13022
12881	(615, 6465)	' Josh'	13023
12882	(7177, 105)	'ại'	13024
12883	(395, 139)	'赋'	13025
12884	(1072, 3347)	'考察'	13026
12885	(8531, 837)	'栏目'	13027
12886	(1760, 272)	'见的'	13029
12887	(2418, 3409)	' models'	13030
12888	(1508, 1003)	' flav'	13031
12889	(3525, 7347)	' girlfriend'	13032
12890	(2966, 2937)	'停止'	13033
12891	(2771, 121)	'appy'	13034
12892	(1710, 9163)	' long-term'	13035
12893	(5046, 293)	' appeal'	13036
12894	(684, 529)	'自行'	13037
12895	(1095, 867)	'由此'	13038
12896	(72, 72)	'HH'	13039
12897	(588, 68)	' ED'	13040
12898	(5538, 480)	' Patri'	13041
12899	(1109, 184)	'ास'	13043
12900	(2356, 166)	'擦'	13044
12901	(9426, 1170)	' organizations'	13045
12902	(699, 9809)	'机械'	13046
12903	(11203, 4251)	'太平洋'	13047
12904	(2851, 5126)	'错误'	13048
12905	(1546, 776)	'爱好'	13049
12906	(1428, 122)	'azz'	13050
12907	(1731, 105)	'aji'	13051
12908	(119, 1132)	'wọ'	13052
12909	(336, 1557)	'一份'	13053
12910	(844, 4125)	'工厂'	13054
12911	(1786, 467)	'随时'	13055
12912	(1129, 9718)	' dismiss'	13056
12913	(5780, 1603)	'句话'	13057
12914	(4143, 587)	'结束后'	13058
12915	(963, 520)	'从来'	13060
12916	(283, 1794)	'ington'	13061
12917	(2015, 6872)	' zero'	13062
12918	(391, 326)	' Mid'	13063
12919	(453, 1324)	'和值'	13064
12920	(463, 68)	' HD'	13065
12921	(2611, 16121)	' delivery'	13066
12922	(522, 2071)	'abled'	13067
12923	(874, 400)	'更大'	13068
12924	(909, 2028)	'报警'	13069
12925	(198, 161)	'ơ'	13070
12926	(4769, 1819)	'库存'	13071
12927	(3193, 367)	" women's"	13072
12928	(1445, 1762)	'гы'	13073
12929	(4428, 3265)	' Columb'	13074
12930	(442, 301)	' kas'	13075
12931	(264, 408)	' soo'	13076
12932	(189, 430)	b'\xbd\xe1\x80'	13077
12933	(1628, 2714)	'标志'	13078
12934	(97, 113)	'aq'	13079
12935	(1850, 938)	' Share'	13080
12936	(1996, 828)	'属性'	13081
12937	(1867, 176)	'撰'	13082
12938	(2424, 396)	'获得了'	13083
12939	(79, 855)	'Other'	13084
12940	(2698, 2959)	'纪念'	13085
12941	(354, 2046)	' Syst'	13086
12942	(436, 3811)	' Penn'	13087
12943	(2770, 7304)	' requires'	13088
12944	(2477, 180)	'اش'	13089
12945	(7861, 16124)	' Philadelphia'	13090
12946	(376, 1499)	' Ali'	13091
12947	(277, 353)	' bac'	13092
12948	(3503, 285)	' classes'	13093
12949	(6341, 4760)	' lawsuit'	13094
12950	(2964, 966)	' profile'	13095
12951	(644, 184)	'書'	13097
12952	(1430, 168)	' న'	13098
12953	(286, 505)	' mand'	13099
12954	(570, 161)	'డ'	13100
12955	(378, 576)	'有多'	13101
12956	(2832, 1350)	'ств'	13102
12957	(1561, 3567)	'运输'	13103
12958	(1042, 6956)	' Italy'	13104
12959	(1154, 886)	'该基金'	13105
12960	(2002, 852)	' famous'	13106
12961	(1634, 186)	'腺'	13107
12962	(407, 132)	'玄'	13108
12963	(781, 2636)	'长焦'	13109
12964	(460, 1096)	'个股'	13110
12965	(297, 3935)	' horr'	13111
12966	(915, 1194)	'入门'	13112
12967	(109, 1034)	'mail'	13113
12968	(542, 77)	' GM'	13114
12969	(8195, 1502)	' chairman'	13115
12970	(2644, 5198)	' possibility'	13116
12971	(754, 176)	'ධ'	13117
12972	(716, 1026)	'进展'	13118
12973	(789, 397)	'等人'	13119
12974	(513, 170)	'泪'	13120
12975	(2254, 112)	'exp'	13121
12976	(669, 171)	'炫'	13122
12977	(4368, 2341)	'探索'	13123
12978	(1408, 154)	'滚'	13124
12979	(76, 79)	'LO'	13125
12980	(3832, 115)	' deaths'	13126
12981	(2497, 352)	'ynam'	13127
12982	(1451, 7008)	'经济复苏'	13128
12983	(305, 11460)	' length'	13129
12984	(10553, 6711)	' neighborhood'	13130
12985	(4794, 6303)	' Georg'	13131
12986	(2066, 3343)	'医药'	13132
12987	(486, 1267)	'出号'	13133
12988	(596, 8813)	' channel'	13134
12989	(281, 1954)	'ishes'	13135
12990	(116, 3083)	'tained'	13136
12991	(78, 84)	'NT'	13137
12992	(288, 1865)	'arters'	13138
12993	(2740, 1865)	' matters'	13139
12994	(1335, 2372)	'推介'	13140
12995	(8067, 3145)	' variety'	13141
12996	(604, 331)	'antly'	13142
12997	(2096, 834)	'بر'	13143
12998	(1041, 130)	'桂'	13144
12999	(391, 1022)	' Mass'	13145
13000	(503, 1142)	'ад'	13146
13001	(893, 8764)	' Stadium'	13147
13002	(2300, 1671)	'初步'	13148
13003	(8018, 441)	' legislation'	13149
13004	(492, 1409)	'家装'	13150
13005	(119, 287)	'wed'	13151
13006	(1653, 4828)	'查询'	13152
13007	(1869, 6349)	' highlight'	13153
13008	(329, 135)	'將'	13154
13009	(376, 757)	' Aff'	13155
13010	(2431, 367)	" let's"	13156
13011	(933, 1171)	'له'	13157
13012	(82, 67)	'RC'	13158
13013	(588, 2165)	' Eric'	13159
13014	(358, 136)	'诈'	13160
13015	(1328, 714)	'星期'	13161
13016	(1698, 145)	'暑'	13162
13017	(291, 271)	' dat'	13164
13018	(814, 1927)	'内置'	13165
13019	(1394, 3314)	'欧冠'	13166
13020	(1591, 1249)	'走向'	13167
13021	(272, 3570)	'的需求'	13168
13022	(391, 301)	' Mas'	13169
13023	(1344, 1624)	' keys'	13170
13024	(4046, 178)	'ుల'	13171
13025	(1310, 1338)	'较低'	13172
13026	(1139, 495)	'收到'	13173
13027	(267, 293)	'eral'	13174
13028	(2113, 671)	' studies'	13175
13029	(836, 288)	' clar'	13176
13030	(5508, 1812)	'援助'	13177
13031	(4552, 121)	'uddy'	13178
13032	(350, 378)	'是有'	13180
13033	(2399, 1060)	'短信'	13181
13034	(1109, 156)	'ाज'	13182
13035	(3052, 1142)	' од'	13184
13036	(724, 115)	'ubs'	13185
13037	(2730, 846)	'油价'	13186
13038	(3783, 293)	' equal'	13187
13039	(476, 152)	'拘'	13188
13040	(1506, 150)	'殖'	13189
13041	(1508, 117)	' flu'	13190
13042	(72, 267)	'Her'	13191
13043	(1785, 5091)	' cheese'	13192
13044	(275, 1571)	'itals'	13193
13045	(256, 2069)	' tied'	13194
13046	(469, 148)	' Д'	13195
13047	(1242, 1049)	'那种'	13196
13048	(1444, 657)	'拉开'	13197
13049	(2282, 5857)	' discovered'	13198
13050	(312, 287)	'lled'	13199
13051	(1273, 791)	'非法'	13200
13052	(624, 189)	'羽'	13201
13053	(1015, 1627)	'格局'	13202
13054	(940, 4498)	'izza'	13203
13055	(363, 170)	'伪'	13204
13056	(656, 148)	'達'	13205
13057	(391, 11243)	' Moore'	13206
13058	(2731, 272)	'专业的'	13207
13059	(256, 1012)	' tree'	13208
13060	(119, 7211)	'woman'	13209
13061	(10480, 431)	' stretch'	13210
13062	(271, 117)	'atu'	13211
13063	(4599, 7450)	'瓷砖'	13212
13064	(428, 2457)	'上轮'	13213
13065	(1487, 272)	'美国的'	13214
13066	(4381, 9405)	' originally'	13215
13067	(777, 1015)	'合格'	13216
13068	(1141, 57)	' 49'	13217
13069	(5483, 1195)	'命中率'	13218
13070	(7822, 115)	' playoffs'	13219
13071	(1300, 527)	' thoughts'	13220
13072	(377, 1636)	' Cath'	13221
13073	(5561, 745)	'潜力'	13222
13074	(10507, 4955)	' katika'	13223
13075	(2495, 188)	'翼'	13224
13076	(6500, 11606)	' afraid'	13225
13077	(1417, 1848)	'超越'	13226
13078	(2404, 1359)	'福彩'	13227
13079	(1279, 684)	'各自'	13228
13080	(1229, 771)	'认定'	13229
13081	(528, 519)	'ulate'	13230
13082	(277, 1945)	' batt'	13231
13083	(585, 583)	' liqu'	13232
13084	(3199, 1345)	'陆续'	13233
13085	(286, 7769)	' micro'	13234
13086	(2659, 352)	' cream'	13235
13087	(7351, 101)	' route'	13236
13088	(6334, 11395)	' Netflix'	13237
13089	(462, 1438)	'这项'	13238
13090	(272, 1069)	'的水'	13239
13091	(280, 168)	'亨'	13240
13092	(669, 173)	'炭'	13241
13093	(3771, 2613)	'秘密'	13242
13094	(1600, 135)	'娇'	13243
13095	(862, 115)	'vens'	13244
13096	(356, 489)	' Top'	13245
13097	(524, 137)	'厉'	13246
13098	(105, 258)	'iin'	13247
13099	(284, 959)	' pace'	13249
13100	(1279, 1814)	'各方面'	13250
13101	(869, 175)	'柯'	13251
13102	(2818, 519)	' estate'	13252
13103	(742, 283)	'ucing'	13253
13104	(893, 274)	' Stan'	13255
13105	(1191, 2367)	'调控'	13256
13106	(1840, 1009)	'某些'	13257
13107	(336, 1460)	'一件'	13258
13108	(879, 4223)	' somebody'	13259
13109	(1198, 164)	'唤'	13260
13110	(809, 145)	'苑'	13261
13111	(496, 478)	' Rem'	13262
13112	(1733, 660)	'创作'	13263
13113	(588, 8855)	' Earth'	13264
13114	(582, 116)	' alt'	13265
13115	(16138, 158)	'～'	13266
13116	(9805, 1956)	' Pacific'	13267
13117	(49, 996)	'1200'	13268
13118	(2579, 6275)	'破坏'	13269
13119	(1605, 6875)	'尼克斯'	13270
13120	(854, 910)	'心里'	13271
13121	(8770, 1983)	' streets'	13272
13122	(733, 745)	'全力'	13273
13123	(16016, 142)	'鼎'	13274
13124	(564, 1426)	'他表示'	13275
13125	(905, 842)	'نی'	13276
13126	(1107, 1904)	'无限'	13277
13127	(1972, 1868)	'权益'	13278
13128	(1810, 1065)	'失去'	13279
13129	(1166, 7663)	'回忆'	13280
13130	(284, 2760)	' pounds'	13281
13131	(1338, 3309)	'低迷'	13282
13132	(1830, 115)	' sets'	13283
13133	(8171, 115)	' tools'	13284
13134	(381, 3035)	" he'd"	13285
13135	(149, 1939)	b'\x95\xe1\x80\xba\xe1\x80'	13286
13136	(1301, 991)	'给你'	13287
13137	(641, 374)	' Old'	13288
13138	(357, 3546)	'在接受'	13289
13139	(4566, 3711)	' identify'	13290
13140	(2570, 810)	'第二次'	13291
13141	(3194, 115)	' tests'	13292
13142	(442, 418)	' kil'	13293
13143	(648, 131)	'肃'	13294
13144	(592, 10878)	' excellent'	13295
13145	(6422, 272)	'万像素的'	13296
13146	(2032, 2916)	' realized'	13297
13147	(1454, 3389)	' gotta'	13298
13148	(1538, 378)	'仅有'	13299
13149	(89, 8660)	'Yea'	13300
13150	(2702, 117)	' situ'	13301
13151	(258, 1160)	'inning'	13302
13152	(46, 87)	'.W'	13303
13153	(596, 271)	' chat'	13304
13154	(904, 104)	' enh'	13305
13155	(386, 1353)	'不胜'	13306
13156	(1690, 868)	' smell'	13307
13157	(1259, 1245)	' brings'	13308
13158	(1342, 633)	' crack'	13309
13159	(1233, 834)	'تر'	13310
13160	(559, 3514)	' proof'	13311
13161	(1268, 1884)	'取景'	13312
13162	(417, 838)	' Bry'	13313
13163	(316, 6871)	' golf'	13314
13164	(522, 16130)	'aboola'	13315
13165	(264, 522)	' sab'	13316
13166	(1012, 107)	'reek'	13317
13167	(359, 478)	' item'	13318
13168	(504, 4006)	' shape'	13319
13169	(580, 9318)	'ந்த'	13320
13170	(284, 1396)	' pump'	13321
13171	(1033, 108)	' shel'	13322
13172	(314, 352)	' nam'	13323
13173	(839, 1211)	'وي'	13324
13174	(1795, 48)	'180'	13325
13175	(75, 101)	'Ke'	13326
13176	(417, 111)	' Bo'	13327
13177	(3590, 526)	' steel'	13328
13178	(3151, 68)	' McD'	13329
13179	(510, 67)	' FC'	13330
13180	(3065, 1153)	'ьк'	13331
13181	(333, 6037)	' reaction'	13332
13182	(355, 1766)	' island'	13333
13183	(446, 267)	'ifer'	13334
13184	(8265, 2271)	' partnership'	13335
13185	(68, 1551)	'During'	13336
13186	(588, 11820)	' Energy'	13337
13187	(274, 285)	'anes'	13338
13188	(1066, 7663)	'记忆'	13339
13189	(1883, 1352)	'引导'	13340
13190	(1266, 3449)	'城镇'	13341
13191	(528, 964)	'ulated'	13342
13192	(256, 651)	' tap'	13343
13193	(1237, 3043)	'华丽'	13344
13194	(235, 182)	b'\xeb\xb6'	13345
13195	(9731, 519)	' corporate'	13346
13196	(98, 104)	'bh'	13348
13197	(2115, 5137)	'争夺'	13349
13198	(330, 285)	'otes'	13350
13199	(1030, 886)	'式基金'	13351
13200	(1761, 272)	'学生的'	13353
13201	(531, 1656)	' Life'	13354
13202	(4484, 115)	' roads'	13355
13203	(5814, 680)	'患者'	13356
13204	(115, 97)	'sa'	13357
13205	(2655, 853)	'ता'	13358
13206	(1013, 11289)	' Victor'	13359
13207	(108, 450)	'lol'	13360
13208	(3018, 287)	' faced'	13361
13209	(1455, 51)	'2013'	13362
13210	(1013, 267)	' Ver'	13363
13211	(464, 646)	' Die'	13364
13212	(378, 467)	'有时'	13365
13213	(302, 184)	'夸'	13366
13214	(827, 1040)	'重量'	13367
13215	(386, 1287)	'不变'	13368
13216	(277, 418)	' bil'	13369
13217	(428, 1191)	'上调'	13370
13218	(909, 1072)	'报考'	13371
13219	(2226, 279)	'otten'	13372
13220	(2353, 608)	' legend'	13373
13221	(104, 3438)	'hole'	13374
13222	(3286, 132)	' හ'	13375
13223	(1007, 3209)	b'\xe0\xb1\x82\xe0\xb0'	13376
13224	(462, 550)	'这场'	13377
13225	(2162, 2543)	'喜剧'	13378
13226	(767, 916)	'天然'	13379
13227	(77, 288)	'Mar'	13380
13228	(6953, 11673)	' satisf'	13381
13229	(4018, 1764)	' improved'	13382
13230	(381, 108)	' hel'	13383
13231	(629, 151)	'ਗ'	13384
13232	(419, 378)	'国有'	13385
13233	(3728, 520)	'迎来'	13386
13234	(496, 526)	' Rel'	13387
13235	(114, 345)	'row'	13388
13236	(613, 383)	' Their'	13389
13237	(256, 288)	' tar'	13390
13238	(284, 1312)	' piss'	13391
13239	(272, 2552)	'的球队'	13392
13240	(2109, 97)	'ịa'	13393
13241	(465, 161)	'怡'	13394
13242	(32, 4838)	' 北京时间'	13395
13243	(1523, 1268)	'获取'	13396
13244	(531, 522)	' Lab'	13397
13245	(195, 177)	'ñ'	13398
13246	(3918, 1553)	' involving'	13399
13247	(3420, 3072)	'ની'	13400
13248	(16016, 187)	'鼻'	13401
13249	(463, 1243)	' Hold'	13402
13250	(316, 274)	' gan'	13403
13251	(618, 175)	'ữ'	13404
13252	(1650, 3724)	'深刻'	13405
13253	(3710, 8414)	' potentially'	13406
13254	(629, 159)	'ਟ'	13407
13255	(417, 633)	' Back'	13408
13256	(2764, 2764)	'........'	13409
13257	(3052, 2188)	' об'	13410
13258	(1224, 708)	'东部'	13411
13259	(82, 285)	'Res'	13412
13260	(386, 3666)	'不一样'	13413
13261	(9932, 397)	'发言人'	13414
13262	(1025, 160)	'አ'	13415
13263	(351, 153)	'乙'	13416
13264	(1167, 1115)	' actress'	13417
13265	(943, 1930)	' Yeah'	13418
13266	(2985, 3339)	'่อ'	13419
13267	(7395, 964)	' associated'	13420
13268	(316, 2072)	' gather'	13421
13269	(463, 526)	' Hel'	13422
13270	(275, 274)	'itan'	13423
13271	(1380, 162)	'ア'	13424
13272	(804, 149)	'さ'	13425
13273	(6437, 145)	'↑'	13426
13274	(467, 1409)	'时装'	13428
13275	(278, 1771)	' cert'	13429
13276	(2447, 283)	' passing'	13430
13277	(3371, 3371)	'ının'	13431
13278	(1212, 5658)	'接下来'	13432
13279	(416, 100)	' withd'	13433
13280	(83, 73)	'SI'	13434
13281	(2592, 55)	' 2007'	13435
13282	(1143, 427)	'周年'	13436
13283	(660, 492)	'作家'	13437
13284	(601, 2370)	'高层'	13438
13285	(3771, 2242)	'秘书'	13439
13286	(278, 2149)	' cute'	13440
13287	(602, 3550)	'ида'	13441
13288	(1849, 529)	'排行'	13442
13289	(376, 118)	' Av'	13443
13290	(1018, 1018)	'уу'	13444
13291	(1217, 158)	'點'	13445
13292	(1099, 968)	'增持'	13446
13293	(291, 398)	' dur'	13447
13294	(2193, 133)	'傅'	13448
13295	(2948, 11840)	' Development'	13449
13296	(10179, 1195)	'分辨率'	13450
13297	(5772, 163)	'ượ'	13451
13298	(1220, 174)	'單'	13452
13299	(46, 65)	'.A'	13453
13300	(444, 109)	' atm'	13454
13301	(8977, 728)	' occurred'	13455
13302	(2083, 174)	'ામ'	13456
13303	(4567, 5893)	'涉嫌'	13457
13304	(376, 66)	' AB'	13458
13305	(1539, 1268)	'领取'	13459
13306	(542, 279)	' Gen'	13460
13307	(1891, 357)	'站在'	13461
13308	(381, 1003)	' heav'	13462
13309	(1674, 50)	'1.2'	13463
13310	(2512, 287)	' supported'	13464
13311	(490, 352)	' Nam'	13465
13312	(436, 1719)	' Power'	13466
13313	(490, 69)	' NE'	13467
13314	(2281, 180)	'婴'	13468
13315	(312, 283)	'lling'	13469
13316	(2611, 16147)	' delivered'	13471
13317	(3635, 3115)	' alongside'	13472
13318	(4458, 527)	' counts'	13473
13319	(595, 1979)	'公众'	13474
13320	(912, 4953)	'斯坦'	13475
13321	(1071, 4251)	'海洋'	13476
13322	(2213, 16061)	' hopefully'	13477
13323	(536, 1687)	'osited'	13478
13324	(1583, 191)	'湿'	13479
13325	(1875, 2357)	'条例'	13480
13326	(53, 1447)	'550'	13481
13327	(3394, 791)	'执法'	13482
13328	(554, 1571)	' deals'	13483
13329	(848, 187)	'锻'	13484
13330	(505, 293)	'andal'	13485
13331	(45, 1649)	'-15'	13486
13332	(6033, 459)	'holders'	13487
13333	(359, 2316)	" it'll"	13488
13334	(866, 133)	'ቅ'	13489
13335	(1294, 840)	'少数'	13490
13336	(531, 742)	' Luc'	13491
13337	(336, 1349)	'一路'	13492
13338	(3154, 1611)	' values'	13493
13339	(510, 1052)	' Ford'	13494
13340	(615, 328)	' Jay'	13495
13341	(345, 98)	'owb'	13496
13342	(2272, 10982)	' lawmakers'	13497
13343	(1929, 184)	'िस'	13498
13344	(2375, 1006)	'依据'	13499
13345	(5994, 459)	' consumers'	13500
13346	(6350, 2389)	'Probably'	13501
13347	(32, 3256)	' ро'	13502
13348	(2391, 431)	' bitch'	13503
13349	(2541, 8538)	'细胞'	13504
13350	(7986, 121)	'ademy'	13505
13351	(107, 288)	'kar'	13506
13352	(546, 279)	' ven'	13507
13353	(236, 150)	b'\xec\x96'	13508
13354	(663, 2311)	'最早'	13509
13355	(1155, 350)	'二是'	13510
13356	(607, 773)	'新品'	13511
13357	(1958, 16129)	'.SUNDAY'	13512
13358	(7726, 576)	'诸多'	13513
13359	(400, 1225)	'大片'	13514
13360	(376, 104)	' Ah'	13515
13361	(3033, 7205)	' solutions'	13516
13362	(492, 390)	'家中'	13517
13363	(1155, 1184)	'二级'	13518
13364	(7734, 7649)	' introduced'	13519
13365	(354, 79)	' SO'	13520
13366	(8074, 308)	' Islamic'	13521
13367	(4621, 105)	' muri'	13522
13368	(1601, 390)	'空中'	13523
13369	(3356, 1374)	' moments'	13524
13370	(4753, 411)	' Enter'	13525
13371	(1810, 3088)	'失败'	13526
13372	(3811, 281)	'ennis'	13527
13373	(1361, 115)	' adds'	13528
13374	(590, 971)	'也没'	13529
13375	(8639, 441)	' immigration'	13530
13376	(702, 131)	' ك'	13531
13377	(1442, 460)	'四个'	13532
13378	(376, 1807)	' Ash'	13533
13379	(4957, 352)	' Team'	13534
13380	(282, 16067)	' festival'	13535
13381	(798, 4399)	' adults'	13536
13382	(2259, 287)	' pointed'	13537
13383	(259, 109)	'hem'	13538
13384	(103, 279)	'gen'	13539
13385	(417, 1257)	' Bull'	13540
13386	(876, 6412)	' quiet'	13541
13387	(10143, 275)	' spirit'	13542
13388	(464, 11780)	' Dallas'	13543
13389	(589, 171)	' फ'	13544
13390	(8068, 9721)	'驾驶'	13545
13391	(761, 16135)	'加索尔'	13546
13392	(427, 814)	'年内'	13547
13393	(510, 762)	' Food'	13548
13394	(2510, 145)	'碑'	13549
13395	(1661, 1328)	'火星'	13550
13396	(982, 8585)	' graph'	13551
13397	(264, 2497)	' syn'	13553
13398	(316, 293)	' gal'	13554
13399	(663, 2300)	'最初'	13555
13400	(397, 2686)	'人群'	13556
13401	(7686, 328)	'Okay'	13557
13402	(1428, 759)	'azine'	13558
13403	(381, 2316)	" he'll"	13559
13404	(851, 57)	' 39'	13560
13405	(551, 164)	'挤'	13561
13406	(2765, 5918)	'补偿'	13562
13407	(2111, 1125)	'财务'	13563
13408	(3842, 506)	'发布会'	13564
13409	(611, 6127)	' plastic'	13565
13410	(387, 173)	'扭'	13567
13411	(112, 111)	'po'	13568
13412	(3205, 3161)	'有关部门'	13569
13413	(1711, 839)	' مو'	13570
13414	(2124, 891)	'另一个'	13571
13415	(2920, 97)	'ía'	13572
13416	(2163, 813)	' Which'	13573
13417	(1142, 710)	'де'	13574
13418	(1130, 128)	'淀'	13575
13419	(1992, 51)	'2.3'	13576
13420	(463, 10819)	' Hollywood'	13577
13421	(3293, 115)	' holds'	13578
13422	(3458, 882)	' ал'	13579
13423	(1451, 272)	'经济的'	13580
13424	(119, 404)	'with'	13581
13425	(5521, 7377)	'自动对焦'	13582
13426	(1864, 115)	' leads'	13583
13427	(282, 6744)	' filled'	13584
13428	(790, 1110)	'体制'	13585
13429	(595, 1021)	'公交'	13586
13430	(391, 115)	' Ms'	13587
13431	(3207, 267)	' singer'	13588
13432	(300, 6087)	' innings'	13589
13433	(272, 3178)	'的消息'	13590
13434	(465, 168)	'怨'	13591
13435	(2950, 373)	' swim'	13592
13436	(1861, 111)	'iyo'	13593
13437	(1913, 1316)	'态势'	13594
13438	(256, 276)	' tor'	13595
13439	(3887, 287)	' checked'	13596
13440	(1141, 56)	' 48'	13597
13441	(677, 7718)	' leaves'	13598
13442	(2270, 1075)	'官网'	13599
13443	(1013, 274)	' Van'	13600
13444	(897, 272)	'明的'	13601
13445	(1584, 162)	'溢'	13602
13446	(2543, 666)	'剧本'	13603
13447	(484, 115)	'hers'	13604
13448	(5039, 519)	' celebrate'	13605
13449	(258, 1910)	'inson'	13606
13450	(312, 97)	'lla'	13607
13451	(386, 1618)	'不住'	13608
13452	(2607, 3210)	' nearby'	13609
13453	(1527, 1747)	'准确'	13610
13454	(546, 4337)	' virt'	13611
13455	(1492, 177)	'狱'	13612
13456	(1823, 411)	'porter'	13613
13457	(2023, 272)	'玩家的'	13614
13458	(3679, 115)	' cuts'	13615
13459	(1760, 695)	'见面'	13616
13460	(1316, 1274)	'势头'	13617
13461	(1244, 1113)	'克尔'	13618
13462	(2427, 2819)	'稳健'	13619
13463	(3536, 287)	' fucked'	13620
13464	(2343, 101)	' colle'	13621
13465	(286, 519)	' mate'	13622
13466	(97, 281)	'ais'	13623
13467	(1148, 396)	'打了'	13624
13468	(1801, 5453)	' drunk'	13625
13469	(1386, 2677)	'放松'	13626
13470	(6389, 2125)	'饮食'	13627
13471	(1001, 184)	'裸'	13628
13472	(4060, 1911)	' employee'	13629
13473	(258, 334)	'inent'	13630
13474	(9069, 1713)	'itchen'	13631
13475	(3503, 308)	' classic'	13632
13476	(486, 1608)	'出售'	13633
13477	(276, 293)	'oral'	13634
13478	(2793, 276)	' factor'	13635
13479	(667, 655)	'得主'	13636
13480	(1825, 5016)	' Although'	13637
13481	(5582, 3971)	' કર'	13638
13482	(105, 348)	'iad'	13639
13483	(4701, 839)	' خو'	13640
13484	(70, 5300)	'First'	13641
13485	(1241, 1553)	' serving'	13643
13486	(5399, 1608)	'零售'	13644
13487	(733, 427)	'全年'	13645
13488	(80, 85)	'PU'	13646
13489	(1593, 99)	'Inc'	13647
13490	(1750, 189)	'ጽ'	13648
13491	(68, 1871)	'Def'	13649
13492	(1298, 4217)	' everywhere'	13650
13493	(3114, 2492)	' walked'	13651
13494	(1007, 136)	'ై'	13652
13495	(272, 1401)	'的老'	13653
13496	(1232, 16136)	'奖学金'	13654
13497	(356, 293)	' Tal'	13655
13498	(2512, 283)	' supporting'	13656
13499	(1634, 187)	'腻'	13657
13500	(1938, 2414)	' entered'	13658
13501	(347, 2622)	' onye'	13659
13502	(3393, 183)	b' \xea\xb7'	13660
13503	(2527, 818)	'这一点'	13661
13504	(328, 111)	'ayo'	13662
13505	(266, 3604)	' therap'	13663
13506	(9764, 287)	' determined'	13664
13507	(560, 104)	'akh'	13665
13508	(504, 446)	' shif'	13666
13509	(2053, 3237)	' وال'	13667
13510	(1525, 3083)	' remained'	13668
13511	(10092, 16137)	'.MONDAY'	13669
13512	(5673, 10138)	'에서'	13670
13513	(4004, 839)	' رو'	13671
13514	(1201, 1627)	'布局'	13672
13515	(502, 133)	'毅'	13673
13516	(417, 2278)	' Bern'	13674
13517	(2097, 4534)	' Army'	13675
13518	(391, 858)	' Mah'	13676
13519	(376, 3426)	' ABC'	13677
13520	(7941, 175)	'ைய'	13678
13521	(106, 111)	'jo'	13679
13522	(604, 101)	'ante'	13680
13523	(1823, 1073)	'porary'	13681
13524	(11314, 164)	'스'	13682
13525	(1408, 168)	'滨'	13683
13526	(291, 997)	' dance'	13684
13527	(783, 104)	'rah'	13685
13528	(16133, 113)	' Iraq'	13686
13529	(3611, 5891)	'平均赔率'	13687
13530	(1775, 1422)	'素质'	13688
13531	(900, 183)	'穷'	13689
13532	(720, 173)	'谭'	13690
13533	(504, 4248)	' shift'	13691
13534	(8408, 643)	' commitment'	13692
13535	(1299, 2242)	'证书'	13693
13536	(402, 101)	'ece'	13694
13537	(1139, 1523)	'收获'	13695
13538	(10299, 1495)	' exercise'	13696
13539	(3287, 767)	'夏天'	13697
13540	(1109, 175)	'ाय'	13698
13541	(509, 170)	'剪'	13699
13542	(1770, 131)	'窃'	13700
13543	(9918, 4122)	'IXUS'	13701
13544	(268, 16125)	' wedding'	13702
13545	(3458, 2229)	' ай'	13703
13546	(272, 5282)	'的故事'	13704
13547	(336, 3431)	'一系列'	13705
13548	(559, 98)	' prob'	13706
13549	(3761, 3440)	' apartment'	13707
13550	(866, 162)	'ቢ'	13708
13551	(9902, 16150)	'淘汰'	13709
13552	(118, 274)	'van'	13710
13553	(284, 2285)	' porn'	13711
13554	(890, 2763)	'第六'	13712
13555	(391, 819)	' Mue'	13713
13556	(11611, 852)	' ridiculous'	13714
13557	(1812, 568)	'助于'	13715
13558	(457, 178)	'纲'	13716
13559	(5310, 331)	' perfectly'	13717
13560	(1278, 2728)	'首席'	13718
13561	(1143, 1442)	'周四'	13719
13562	(333, 6920)	' renew'	13720
13563	(6419, 892)	' opposite'	13721
13564	(531, 612)	' Light'	13722
13565	(83, 9054)	'Sunny'	13723
13566	(656, 184)	'選'	13724
13567	(1746, 1085)	'博物'	13725
13568	(4457, 4290)	'豪宅'	13726
13569	(5369, 276)	' labor'	13727
13570	(1005, 1752)	'保留'	13728
13571	(1537, 1078)	'山西'	13729
13572	(1425, 1951)	' awful'	13730
13573	(4439, 746)	'-round'	13731
13574	(589, 150)	' ख'	13732
13575	(692, 175)	'侯'	13733
13576	(1647, 1168)	' defence'	13734
13577	(1796, 614)	'神经'	13735
13578	(5469, 428)	'程度上'	13736
13579	(336, 397)	'一人'	13737
13580	(2744, 139)	'蒋'	13738
13581	(3476, 2547)	' Community'	13739
13582	(3673, 365)	'-pro'	13740
13583	(377, 5134)	' Capt'	13741
13584	(1144, 53)	' 55'	13742
13585	(580, 175)	'ய'	13743
13586	(639, 271)	' meat'	13745
13587	(354, 6635)	' Santa'	13747
13588	(9838, 188)	'으'	13748
13589	(620, 272)	'方的'	13750
13590	(1458, 1084)	'omething'	13751
13591	(590, 994)	'也被'	13752
13592	(2459, 108)	' transl'	13753
13593	(105, 423)	'ius'	13754
13594	(9457, 173)	'국'	13755
13595	(595, 1868)	'公益'	13756
13596	(6238, 1488)	'携带'	13757
13597	(80, 76)	'PL'	13758
13598	(115, 473)	'sup'	13759
13599	(1441, 3607)	'马刺'	13760
13600	(376, 5412)	' Avenue'	13761
13601	(4151, 813)	'which'	13762
13602	(930, 1502)	' perman'	13763
13603	(383, 107)	'irk'	13764
13604	(2374, 1575)	'刚才'	13765
13605	(2583, 2237)	' films'	13766
13606	(66, 1777)	'Both'	13767
13607	(8038, 115)	' teachers'	13768
13608	(16153, 2036)	'爱尔兰'	13769
13609	(279, 367)	"en's"	13770
13610	(515, 3779)	'thony'	13771
13611	(1616, 6577)	' indeed'	13772
13612	(7885, 5869)	' established'	13773
13613	(1688, 3518)	' writer'	13775
13614	(9076, 293)	' proposal'	13776
13615	(8503, 3553)	'描述'	13777
13616	(1060, 1267)	'信号'	13778
13617	(417, 117)	' Bu'	13779
13618	(108, 2386)	'lẹ'	13780
13619	(1100, 172)	'酬'	13781
13620	(1224, 1044)	'东北'	13782
13621	(6787, 1363)	'骑士'	13783
13622	(8643, 5108)	' Southern'	13784
13623	(546, 2381)	' vision'	13785
13624	(2126, 428)	'史上'	13786
13625	(467, 909)	'时报'	13787
13626	(3681, 108)	' Carl'	13788
13627	(538, 357)	'我在'	13789
13628	(1035, 259)	' ihe'	13790
13629	(3366, 180)	' ô'	13791
13630	(7071, 2246)	' Capital'	13792
13631	(1641, 283)	'encing'	13793
13632	(2061, 10161)	' 대'	13794
13633	(528, 1170)	'ulations'	13795
13634	(879, 6984)	' somehow'	13796
13635	(1145, 10123)	' recovery'	13797
13636	(615, 9440)	' Jesus'	13798
13637	(3243, 16128)	'婚姻'	13799
13638	(2376, 5759)	'夫妇'	13800
13639	(1505, 2736)	'ootball'	13801
13640	(1226, 133)	' অ'	13802
13641	(545, 272)	'发的'	13803
13642	(377, 621)	' Call'	13804
13643	(3391, 1652)	' pattern'	13805
13644	(1849, 1963)	'排除'	13806
13645	(1773, 279)	'oken'	13807
13646	(3433, 1307)	' technical'	13808
13647	(836, 2803)	' client'	13809
13648	(12247, 10203)	' Chelsea'	13810
13649	(442, 370)	' kut'	13811
13650	(3280, 1596)	'礼包'	13812
13651	(108, 1098)	'lə'	13813
13652	(696, 526)	' wheel'	13814
13653	(3574, 272)	'最高的'	13815
13654	(39, 83)	"'S"	13816
13655	(1587, 170)	'リ'	13817
13656	(316, 4791)	' gender'	13818
13657	(122, 111)	'zo'	13819
13658	(11608, 105)	' Saudi'	13820
13659	(6969, 3282)	'单反相机'	13821
13660	(1051, 326)	' amid'	13822
13661	(433, 274)	'cean'	13824
13662	(4741, 8263)	'圣诞'	13825
13663	(504, 621)	' shall'	13826
13664	(1242, 910)	'那里'	13827
13665	(376, 70)	' AF'	13828
13666	(417, 1080)	' Bob'	13829
13667	(2132, 184)	'인'	13830
13668	(301, 678)	'asure'	13831
13669	(472, 1447)	' 150'	13832
13670	(1184, 1293)	'级别'	13833
13671	(391, 1411)	' Many'	13834
13672	(1261, 149)	'處'	13835
13673	(996, 49)	'2001'	13836
13674	(6747, 115)	' materials'	13837
13675	(1321, 4919)	'处罚'	13838
13676	(2186, 665)	'适用'	13839
13677	(561, 136)	'辈'	13840
13678	(1078, 1303)	'西南'	13841
13679	(256, 646)	' tie'	13842
13680	(336, 2894)	'一块'	13843
13681	(1992, 55)	'2.7'	13844
13682	(119, 752)	'wind'	13845
13683	(4944, 69)	'OME'	13846
13684	(284, 308)	' pic'	13847
13685	(831, 2277)	' armed'	13848
13686	(5318, 842)	'ھی'	13849
13687	(3595, 767)	'航天'	13850
13688	(504, 4337)	' shirt'	13851
13689	(6254, 2841)	' ከም'	13852
13690	(3254, 272)	'地区的'	13853
13691	(342, 140)	'斌'	13854
13692	(464, 16139)	' Detroit'	13855
13693	(1630, 1965)	'精致'	13856
13694	(2404, 833)	'福利'	13857
13695	(1338, 8284)	'低碳'	13858
13696	(4084, 276)	' honor'	13859
13697	(4298, 2523)	' exciting'	13860
13698	(632, 980)	' trick'	13861
13699	(16131, 1250)	' conflict'	13862
13700	(89, 473)	'Yup'	13863
13701	(859, 1413)	' complic'	13864
13702	(3491, 272)	'明显的'	13865
13703	(336, 8247)	'一段时间'	13866
13704	(1154, 942)	'该公司'	13867
13705	(2301, 1122)	'şı'	13868
13706	(3133, 367)	" What's"	13869
13707	(1234, 285)	' fees'	13870
13708	(1408, 139)	'滋'	13871
13709	(108, 1415)	'lock'	13872
13710	(3865, 121)	' analy'	13873
13711	(4842, 1951)	' wonderful'	13874
13712	(3033, 111)	' solo'	13875
13713	(144, 1939)	b'\x90\xe1\x80\xba\xe1\x80'	13876
13714	(83, 473)	'Sup'	13877
13715	(743, 114)	' Ur'	13878
13716	(5962, 3995)	'ීම'	13879
13717	(260, 178)	'串'	13880
13718	(1540, 1194)	'快门'	13881
13719	(4849, 878)	' package'	13882
13720	(672, 568)	'基于'	13883
13721	(104, 950)	'hire'	13884
13722	(6212, 676)	'-game'	13885
13723	(576, 397)	'多人'	13886
13724	(82, 526)	'Rel'	13887
13725	(16152, 803)	' anticip'	13888
13726	(83, 2760)	'Sounds'	13889
13727	(390, 1060)	'中信'	13890
13728	(588, 860)	' End'	13891
13729	(2577, 16132)	' referring'	13892
13730	(296, 185)	'叹'	13893
13731	(164, 4776)	b'\xa4\xe0\xaf\x8d\xe0\xae\xa4'	13894
13732	(5534, 9302)	' calcul'	13895
13733	(1505, 97)	'oota'	13896
13734	(518, 1040)	'能量'	13897
13735	(1005, 1181)	'保安'	13898
13736	(2822, 11509)	' newspaper'	13899
13737	(176, 430)	b'\xb0\xe1\x80'	13900
13738	(9690, 16052)	' Attorney'	13901
13739	(102, 258)	'fin'	13902
13740	(4078, 331)	' properly'	13903
13741	(1508, 345)	' flow'	13904
13742	(8352, 1713)	' Stephen'	13905
13743	(67, 497)	'Could'	13906
13744	(16055, 1185)	' doctors'	13907
13745	(428, 695)	'上面'	13908
13746	(1408, 158)	'滞'	13909
13747	(11602, 1794)	' Clinton'	13910
13748	(3340, 1812)	'救助'	13911
13749	(9915, 2861)	'披露'	13912
13750	(354, 4146)	' Source'	13913
13751	(2685, 287)	' elected'	13914
13752	(884, 400)	'两大'	13915
13753	(2116, 1409)	'套装'	13916
13754	(641, 75)	' OK'	13917
13755	(1841, 485)	' greatest'	13918
13756	(730, 2979)	'其余'	13919
13757	(1708, 155)	' ማ'	13920
13758	(119, 1856)	'wụ'	13921
13759	(1299, 1006)	'证据'	13922
13760	(531, 637)	' Live'	13923
13761	(533, 1764)	' saved'	13924
13762	(3976, 682)	' risks'	13925
13763	(1341, 1635)	'图案'	13926
13764	(827, 272)	'重的'	13927
13765	(1809, 828)	'男性'	13928
13766	(361, 116)	' fort'	13929
13767	(712, 271)	' Kat'	13930
13768	(78, 858)	'Nah'	13931
13769	(8814, 331)	' relatively'	13932
13770	(669, 137)	'炉'	13933
13771	(79, 382)	'Over'	13934
13772	(2948, 118)	' Dev'	13935
13773	(754, 169)	'ඩ'	13936
13774	(2115, 1648)	'争议'	13937
13775	(386, 833)	'不利'	13938
13776	(1809, 1483)	'男友'	13939
13777	(4783, 838)	' Harry'	13940
13778	(943, 11452)	' Young'	13941
13779	(16145, 11180)	b'\x95\xe1\x80\xab\xe1\x80\x90\xe1\x80\x9a\xe1\x80\xba'	13942
13780	(835, 170)	'聪'	13943
13781	(539, 3837)	'地區'	13944
13782	(4125, 1046)	'厂商'	13945
13783	(1152, 111)	'iano'	13946
13784	(2647, 1044)	'湖北'	13947
13785	(71, 79)	'GO'	13948
13786	(65, 75)	'AK'	13949
13787	(462, 521)	'这对'	13950
13788	(264, 431)	' sch'	13951
13789	(196, 145)	'đ'	13952
13790	(32, 1006)	' 据'	13953
13791	(1143, 875)	'周三'	13954
13792	(2023, 598)	'玩家们'	13955
13793	(818, 272)	'点的'	13956
13794	(1177, 1304)	'总结'	13957
13795	(531, 505)	' Land'	13958
13796	(490, 612)	' Night'	13959
13797	(11880, 7587)	' Ontario'	13960
13798	(2153, 1350)	' св'	13961
13799	(57, 424)	'900'	13962
13800	(1237, 1188)	'华德'	13963
13801	(417, 522)	' Bab'	13964
13802	(84, 67)	'TC'	13965
13803	(531, 117)	' Lu'	13966
13804	(511, 9437)	' severe'	13967
13805	(881, 138)	'ொ'	13968
13806	(32, 95)	' _'	13969
13807	(4061, 283)	' expecting'	13970
13808	(750, 164)	'坤'	13971
13809	(457, 186)	'纺'	13972
13810	(561, 163)	'辣'	13973
13811	(284, 109)	' pm'	13974
13812	(1646, 3993)	'乐趣'	13975
13813	(7147, 2036)	'荷兰'	13976
13814	(463, 279)	' Hen'	13977
13815	(334, 678)	'enture'	13978
13816	(11744, 12420)	' circumstances'	13979
13817	(493, 180)	'靴'	13980
13818	(46, 565)	'.The'	13981
13819	(3972, 334)	' violent'	13982
13820	(1177, 7651)	'总决赛'	13983
13821	(5084, 107)	' neck'	13984
13822	(428, 1368)	'上演'	13986
13823	(2115, 6718)	'争霸'	13987
13824	(1793, 2858)	'红木'	13988
13825	(45, 1795)	'-18'	13989
13826	(7542, 11822)	'Reporting'	13990
13827	(786, 115)	' yours'	13991
13828	(5235, 1232)	'兑奖'	13992
13829	(512, 111)	' como'	13993
13830	(1400, 334)	' invent'	13994
13831	(436, 328)	' Pay'	13995
13832	(894, 287)	'owned'	13996
13833	(3703, 115)	' balls'	13998
13834	(1130, 139)	'淋'	13999
13835	(775, 16141)	'实践'	14000
13836	(386, 1024)	'不起'	14001
13837	(876, 275)	' quit'	14002
13838	(1163, 923)	'ensions'	14003
13839	(882, 3226)	'ля'	14004
13840	(323, 173)	'भ'	14005
13841	(503, 3684)	'аж'	14006
13842	(740, 2450)	'资讯'	14007
13843	(1924, 390)	'比赛中'	14008
13844	(511, 97)	' sea'	14009
13845	(2904, 107)	' milk'	14010
13846	(4346, 2983)	' figured'	14011
13847	(824, 334)	' intent'	14012
13848	(3568, 1736)	'ही'	14013
13849	(1534, 137)	'棉'	14014
13850	(256, 705)	' tren'	14015
13851	(305, 1132)	' lọ'	14016
13852	(510, 1388)	' Fuck'	14017
13853	(1278, 726)	'首都'	14018
13854	(712, 334)	' Kent'	14019
13855	(2776, 5193)	'衣柜'	14020
13856	(68, 86)	'DV'	14021
13857	(595, 779)	'公平'	14022
13858	(1485, 7384)	' 사'	14023
13859	(11131, 1766)	' Scotland'	14024
13860	(4181, 910)	'哪里'	14026
13861	(608, 459)	'enders'	14027
13862	(1053, 130)	'ૂ'	14028
13863	(466, 46)	' 2.'	14029
13864	(1379, 751)	'她说'	14030
13865	(3773, 671)	' Series'	14031
13866	(1194, 1416)	'门口'	14032
13867	(988, 159)	'糟'	14033
13868	(2848, 1347)	' parent'	14034
13869	(9248, 271)	' defeat'	14035
13870	(1829, 115)	' owns'	14036
13871	(7862, 1292)	' pushed'	14037
13872	(586, 147)	'ሓ'	14038
13873	(2962, 3337)	'ාව'	14039
13874	(832, 3071)	'相似'	14040
13875	(631, 161)	'倡'	14041
13876	(470, 1490)	' Watch'	14042
13877	(490, 4448)	' NOT'	14043
13878	(2487, 1034)	' detail'	14044
13879	(709, 922)	'同事'	14045
13880	(1935, 2425)	' termin'	14046
13881	(1263, 152)	'摘'	14047
13882	(4652, 76)	'ILL'	14048
13883	(2955, 602)	'али'	14049
13884	(391, 383)	' Mir'	14050
13885	(373, 112)	'imp'	14051
13886	(284, 473)	' pup'	14052
13887	(5293, 283)	' closing'	14053
13888	(12385, 16148)	' marijuana'	14054
13889	(1463, 145)	' එ'	14055
13890	(1229, 1639)	'认购'	14056
13891	(54, 1271)	'6000'	14057
13892	(2233, 283)	' signing'	14058
13893	(480, 1185)	'riors'	14059
13894	(2375, 4013)	'依靠'	14060
13895	(864, 1427)	'soft'	14061
13896	(1600, 131)	'娃'	14062
13897	(6474, 283)	' carrying'	14063
13898	(1463, 189)	' ල'	14064
13899	(683, 134)	'妆'	14065
13900	(2373, 129)	'าก'	14066
13901	(1301, 564)	'给他'	14067
13902	(3366, 172)	' ì'	14068
13903	(2465, 7671)	'兴奋'	14069
13904	(418, 1794)	'ilton'	14070
13905	(2115, 1268)	'争取'	14071
13906	(856, 540)	'当日'	14072
13907	(3126, 8090)	' maintain'	14073
13908	(1585, 137)	' щ'	14074
13909	(1942, 912)	'巴斯'	14075
13910	(390, 2758)	'中午'	14076
13911	(539, 1446)	'地王'	14077
13912	(5687, 332)	' Internet'	14078
13913	(904, 1091)	' enable'	14079
13914	(4853, 3436)	' surprising'	14080
13915	(1358, 171)	' ካ'	14081
13916	(5237, 1856)	' ahụ'	14082
13917	(1585, 134)	' ц'	14083
13918	(2055, 274)	'merican'	14084
13919	(1451, 6752)	'经济学家'	14085
13920	(761, 844)	'加工'	14086
13921	(290, 180)	'朴'	14087
13922	(1852, 272)	'今年的'	14088
13923	(9667, 2080)	' alternative'	14089
13924	(68, 73)	'DI'	14091
13925	(660, 1118)	'作战'	14092
13926	(276, 111)	'oro'	14093
13927	(4416, 279)	'idden'	14094
13928	(322, 581)	'ionally'	14095
13929	(1261, 185)	'虹'	14096
13930	(276, 411)	'orter'	14097
13931	(354, 85)	' SU'	14098
13932	(16065, 6268)	' incredibly'	14099
13933	(2102, 878)	' percentage'	14100
13934	(256, 5999)	' tiny'	14101
13935	(2117, 801)	'研究所'	14102
13936	(16157, 1079)	'苹果'	14103
13937	(274, 1227)	'anish'	14104
13938	(2210, 1233)	' الت'	14105
13939	(256, 4712)	' tips'	14106
13940	(1448, 9682)	' downtown'	14107
13941	(3916, 2842)	'ัน'	14108
13942	(559, 4276)	' proced'	14109
13943	(588, 3250)	' Econom'	14110
13944	(2399, 1225)	'短片'	14111
13945	(288, 274)	'aran'	14113
13946	(1872, 1203)	'阿联'	14114
13947	(1466, 1891)	'车站'	14115
13948	(12464, 1495)	' franchise'	14116
13949	(1050, 178)	'莲'	14117
13950	(4330, 964)	' updated'	14118
13951	(4678, 285)	' votes'	14119
13952	(470, 5428)	' Walk'	14120
13953	(5273, 1363)	'勇士'	14121
13954	(464, 288)	' Dar'	14122
13955	(776, 1392)	'好像'	14123
13956	(2216, 2149)	'ribute'	14124
13957	(5148, 1280)	'舞台'	14125
13958	(2366, 1815)	'奥林'	14126
13959	(1158, 176)	'驰'	14127
13960	(985, 1558)	' Chair'	14128
13961	(510, 16134)	' Flynn'	14129
13962	(350, 1946)	'是非常'	14130
13963	(2487, 16163)	' determine'	14131
13964	(4350, 129)	'磁'	14132
13965	(715, 2319)	'之所以'	14133
13966	(16034, 2508)	' initially'	14134
13967	(3918, 324)	' involve'	14135
13968	(16020, 1983)	' targets'	14136
13969	(2210, 7998)	' الأ'	14137
13970	(8555, 4969)	'肌肉'	14138
13971	(1885, 48)	'160'	14139
13972	(1035, 10459)	' iPhone'	14140
13973	(11286, 4053)	'Awesome'	14141
13974	(566, 166)	'দ'	14142
13975	(1942, 7637)	'巴黎'	14143
13976	(1263, 138)	'摊'	14144
13977	(85, 1958)	'U.S'	14145
13978	(117, 111)	'uo'	14146
13979	(277, 5748)	' bowl'	14147
13980	(432, 191)	'匿'	14148
13981	(588, 114)	' Er'	14149
13982	(11533, 4056)	' scheme'	14150
13983	(1990, 4507)	' respective'	14151
13984	(974, 152)	'ዘ'	14152
13985	(546, 111)	' vo'	14153
13986	(2076, 1541)	' province'	14154
13987	(105, 3353)	'ipped'	14155
13988	(529, 1328)	'行星'	14156
13989	(5197, 1307)	' Medical'	14157
13990	(4805, 745)	'竞争力'	14158
13991	(971, 7935)	'没想到'	14159
13992	(4843, 581)	'Really'	14160
13993	(380, 157)	'孝'	14161
13994	(427, 3137)	'年以来'	14162
13995	(2116, 914)	'套房'	14163
13996	(3363, 373)	' optim'	14164
13997	(2208, 159)	'్ట'	14165
13998	(886, 2077)	'基金管理'	14166
13999	(518, 357)	'能在'	14167
14000	(2358, 3719)	' extended'	14168
14001	(629, 170)	'ਪ'	14169
14002	(1471, 132)	'悄'	14170
14003	(284, 678)	' pure'	14171
14004	(6261, 11027)	' bullshit'	14172
14005	(1605, 1113)	'尼尔'	14173
14006	(887, 168)	'馨'	14174
14007	(490, 2146)	' Never'	14175
14008	(1757, 9735)	' diagn'	14176
14009	(681, 1967)	'将成为'	14177
14010	(102, 626)	'fast'	14178
14011	(463, 630)	' Hard'	14179
14012	(291, 4446)	' divid'	14180
14013	(877, 1656)	' knife'	14181
14014	(2311, 941)	'早已'	14182
14015	(2066, 579)	'医学'	14183
14016	(3151, 71)	' McG'	14184
14017	(2203, 181)	' ት'	14185
14018	(317, 144)	'吐'	14186
14019	(1781, 2743)	'转换'	14187
14020	(695, 12331)	'面積'	14188
14021	(564, 741)	'他还'	14189
14022	(6393, 11078)	'Meanwhile'	14190
14023	(1496, 367)	" team's"	14191
14024	(2332, 152)	'ај'	14192
14025	(9351, 16140)	' diplom'	14193
14026	(4236, 367)	"iff's"	14194
14027	(1801, 2384)	' drama'	14195
14028	(2595, 272)	'关注的'	14196
14029	(11026, 604)	' warrant'	14197
14030	(9198, 914)	'厨房'	14198
14031	(4200, 4200)	'冰冰'	14199
14032	(11771, 331)	'onestly'	14200
14033	(5940, 7677)	'ட்ட'	14201
14034	(4403, 133)	'椅'	14202
14035	(668, 1091)	' unable'	14203
14036	(5457, 1929)	b' \xe0\xa4\xb5\xe0\xa4\xbf\xe0\xa4'	14204
14037	(2588, 331)	' publicly'	14206
14038	(272, 875)	'的三'	14207
14039	(1627, 781)	'局长'	14208
14040	(11835, 2381)	' Division'	14209
14041	(80, 267)	'Per'	14210
14042	(2670, 1075)	'新浪网'	14211
14043	(4841, 4812)	' volume'	14212
14044	(115, 285)	'ses'	14214
14045	(752, 267)	'inder'	14215
14046	(2052, 492)	'國家'	14216
14047	(436, 275)	' Pit'	14217
14048	(284, 258)	' pin'	14218
14049	(779, 906)	'平手'	14219
14050	(470, 72)	' WH'	14220
14051	(2156, 283)	' heading'	14221
14052	(541, 169)	'掩'	14222
14053	(9357, 9674)	' dedicated'	14223
14054	(4095, 39)	" ta'"	14224
14055	(12521, 799)	'瞬间'	14225
14056	(670, 180)	'轴'	14227
14057	(720, 177)	'谱'	14228
14058	(2130, 350)	'算是'	14229
14059	(2117, 2597)	'研究中心'	14230
14060	(2033, 149)	'慕'	14231
14061	(500, 411)	'ounter'	14232
14062	(2686, 790)	'群体'	14233
14063	(1368, 486)	'演出'	14234
14064	(7862, 1084)	' pushing'	14235
14065	(7237, 10284)	' sanctions'	14236
14066	(2675, 4340)	' prize'	14237
14067	(1148, 3879)	'打电话'	14238
14068	(761, 1371)	'加息'	14239
14069	(3026, 121)	'they'	14240
14070	(3079, 68)	'AND'	14241
14071	(1430, 134)	' ఆ'	14242
14072	(1036, 172)	'萬'	14243
14073	(1136, 400)	'强大'	14244
14074	(798, 5021)	' admit'	14245
14075	(7454, 287)	' conducted'	14246
14076	(732, 137)	'捉'	14247
14077	(354, 117)	' Su'	14248
14078	(114, 271)	'rat'	14249
14079	(1148, 486)	'打出'	14250
14080	(2315, 1170)	' locations'	14251
14081	(1140, 130)	'垂'	14253
14082	(3958, 997)	' distance'	14254
14083	(695, 1748)	'面试'	14255
14084	(3621, 149)	'ாக'	14256
14085	(579, 826)	'学位'	14257
14086	(542, 263)	' Gre'	14258
14087	(2207, 378)	'仍有'	14259
14088	(6052, 7672)	'编辑点评'	14260
14089	(683, 165)	'妥'	14261
14090	(1044, 706)	'北美'	14262
14091	(3428, 396)	'实现了'	14263
14092	(400, 745)	'大力'	14264
14093	(651, 450)	'apol'	14265
14094	(1470, 2552)	'支球队'	14266
14095	(1273, 2017)	'非洲'	14267
14096	(2289, 1046)	'券商'	14268
14097	(3789, 9146)	' industrial'	14269
14098	(400, 3359)	'大规模'	14270
14099	(45, 69)	'-E'	14271
14100	(1118, 1556)	'战术'	14272
14101	(52, 1271)	'4000'	14273
14102	(606, 170)	'પ'	14274
14103	(353, 320)	'acle'	14275
14104	(5443, 51)	'MP3'	14276
14105	(442, 275)	' kit'	14277
14106	(4029, 2782)	' messages'	14278
14107	(4282, 396)	'带来了'	14279
14108	(2226, 287)	'otted'	14281
14109	(8528, 2525)	' emotional'	14282
14110	(2797, 16165)	'青睐'	14283
14111	(9513, 293)	'senal'	14284
14112	(824, 3719)	' intended'	14285
14113	(4965, 2823)	' ਦੀ'	14286
14114	(3143, 168)	'ిన'	14287
14115	(1752, 573)	'留下'	14288
14116	(531, 926)	' Lew'	14289
14117	(9516, 1954)	' clothes'	14290
14118	(1334, 4444)	'显著'	14291
14119	(3144, 258)	' Justin'	14292
14120	(733, 1884)	'全景'	14293
14121	(1348, 357)	'他们在'	14294
14122	(915, 579)	'入学'	14295
14123	(1329, 2268)	' suprem'	14296
14124	(2373, 161)	'าม'	14297
14125	(32, 273)	' ou'	14298
14126	(495, 520)	'到来'	14300
14127	(1032, 6995)	' resolution'	14301
14128	(272, 706)	'的美'	14302
14129	(827, 3384)	'重仓'	14303
14130	(451, 161)	'屡'	14304
14131	(1470, 486)	'支出'	14305
14132	(196, 131)	'ă'	14306
14133	(983, 3529)	'意甲'	14307
14134	(521, 730)	'对其'	14308
14135	(10241, 161)	'簡'	14309
14136	(792, 1374)	' agents'	14310
14137	(8123, 326)	' rapid'	14311
14138	(4804, 272)	'领域的'	14312
14139	(434, 310)	' rom'	14313
14140	(2813, 99)	' Marc'	14314
14141	(8852, 1910)	' Wilson'	14315
14142	(8692, 267)	' Miller'	14316
14143	(486, 1368)	'出演'	14317
14144	(3562, 522)	' qab'	14318
14145	(1767, 147)	' ዓ'	14319
14146	(670, 132)	'轄'	14320
14147	(9332, 678)	' structure'	14321
14148	(12584, 397)	'凯尔特人'	14322
14149	(1143, 1155)	'周二'	14323
14150	(264, 383)	' sir'	14324
14151	(154, 1939)	b'\x9a\xe1\x80\xba\xe1\x80'	14325
14152	(1724, 5172)	'रू'	14326
14153	(32, 4159)	' ө'	14327
14154	(3745, 529)	'旅行'	14328
14155	(418, 275)	'ilit'	14330
14156	(1066, 667)	'记得'	14331
14157	(2738, 597)	'上海市'	14332
14158	(428, 1381)	'上盘'	14333
14159	(2033, 176)	'慰'	14334
14160	(10436, 1363)	'硕士'	14335
14161	(314, 2080)	' native'	14336
14162	(5269, 914)	'商品房'	14337
14163	(3661, 267)	' stronger'	14338
14164	(268, 332)	' wet'	14339
14165	(9141, 1105)	' upgrade'	14340
14166	(6206, 12549)	' ਨੂੰ'	14341
14167	(4566, 636)	' identity'	14342
14168	(299, 134)	'兆'	14343
14169	(67, 265)	'Con'	14344
14170	(8042, 767)	'聊天'	14345
14171	(2465, 553)	'兴业'	14346
14172	(1757, 1315)	' divers'	14347
14173	(2471, 121)	' sky'	14348
14174	(218, 129)	'ځ'	14349
14175	(937, 973)	'通道'	14350
14176	(470, 8246)	' Women'	14351
14177	(522, 5767)	'abilities'	14352
14178	(10894, 914)	'二手房'	14353
14179	(594, 116)	' butt'	14354
14180	(104, 423)	'hus'	14355
14181	(377, 72)	' CH'	14356
14182	(1023, 116)	' pret'	14357
14183	(10875, 258)	' Putin'	14358
14184	(79, 75)	'OK'	14359
14185	(514, 4325)	' congress'	14360
14186	(3360, 83)	'OSS'	14361
14187	(3490, 4761)	' approval'	14362
14188	(580, 16051)	'ம்'	14363
14189	(405, 166)	'實'	14364
14190	(2754, 288)	'Star'	14365
14191	(901, 9981)	'万有效像素'	14366
14192	(554, 3247)	' deploy'	14367
14193	(2910, 587)	'背后'	14368
14194	(346, 288)	' bear'	14369
14195	(2447, 322)	' passion'	14370
14196	(651, 459)	'apers'	14371
14197	(536, 1325)	'osition'	14372
14198	(3055, 1420)	'签约'	14373
14199	(2553, 980)	' Click'	14374
14200	(649, 2001)	'оз'	14375
14201	(3579, 1037)	'蓝色'	14376
14202	(3499, 1303)	'云南'	14377
14203	(1483, 776)	'友好'	14378
14204	(540, 2125)	'日食'	14379
14205	(4005, 122)	'uzz'	14380
14206	(1433, 53)	' 65'	14381
14207	(32, 4886)	' uma'	14382
14208	(314, 370)	' nut'	14383
14209	(4209, 331)	' largely'	14384
14210	(1373, 6000)	'再加上'	14385
14211	(6359, 16171)	' ਵਿੱਚ'	14387
14212	(1632, 152)	'記'	14388
14213	(5098, 166)	'ంద'	14389
14214	(1282, 1552)	'客服'	14390
14215	(10421, 11718)	' Zealand'	14391
14216	(278, 8988)	' cooper'	14392
14217	(461, 183)	'闷'	14393
14218	(524, 152)	'厘'	14394
14219	(2784, 1245)	' buildings'	14396
14220	(377, 1221)	' Count'	14397
14221	(728, 275)	'redit'	14398
14222	(274, 367)	"an's"	14399
14223	(101, 279)	'een'	14400
14224	(2625, 272)	'品牌的'	14401
14225	(2565, 2565)	'\xa0 \xa0 '	14402
14226	(504, 3825)	' shoes'	14403
14227	(9472, 892)	' favourite'	14404
14228	(329, 191)	'尿'	14405
14229	(867, 922)	'此事'	14406
14230	(1134, 10717)	' appropriate'	14407
14231	(235, 169)	b'\xeb\xa9'	14408
14232	(4469, 1289)	'ர்'	14409
14233	(281, 274)	'isan'	14410
14234	(615, 352)	' Jam'	14411
14235	(3443, 168)	'িন'	14412
14236	(10267, 1307)	' chemical'	14413
14237	(282, 6808)	' flying'	14414
14238	(4425, 16149)	'遗憾'	14415
14239	(2919, 7485)	' advanced'	14416
14240	(463, 121)	' Hy'	14417
14241	(4050, 144)	'結'	14418
14242	(5503, 419)	'帝国'	14419
14243	(265, 105)	'oni'	14420
14244	(5044, 1618)	'抓住'	14421
14245	(1463, 156)	' ග'	14422
14246	(10012, 1740)	'循环'	14423
14247	(98, 98)	'bb'	14424
14248	(3095, 957)	'审计'	14425
14249	(3157, 7511)	' Ministry'	14426
14250	(3848, 1282)	'顾客'	14427
14251	(97, 950)	'aire'	14428
14252	(1018, 1290)	'ум'	14429
14253	(1240, 16160)	' accompl'	14430
14254	(6745, 45)	' ga-'	14431
14255	(648, 157)	'肝'	14432
14256	(419, 1446)	'国王'	14433
14257	(2348, 844)	'职工'	14434
14258	(119, 105)	'wi'	14436
14259	(1417, 597)	'超市'	14437
14260	(573, 714)	'下期'	14438
14261	(8170, 838)	' angry'	14439
14262	(5751, 2557)	' typically'	14440
14263	(264, 2980)	' sought'	14441
14264	(3454, 4991)	'朝鲜'	14442
14265	(1330, 891)	'每一个'	14443
14266	(6293, 766)	' Keep'	14444
14267	(7098, 11429)	' perspective'	14445
14268	(1488, 1539)	'带领'	14446
14269	(776, 1483)	'好友'	14447
14270	(510, 548)	' Four'	14448
14271	(356, 478)	' Tem'	14449
14272	(305, 2545)	' loud'	14450
14273	(333, 258)	' rein'	14451
14274	(438, 178)	'敲'	14452
14275	(275, 1339)	'itory'	14453
14276	(1141, 50)	' 42'	14454
14277	(4912, 115)	' threats'	14455
14278	(327, 114)	' yr'	14456
14279	(3584, 137)	'醉'	14457
14280	(834, 2142)	'ران'	14458
14281	(4672, 839)	' ہو'	14459
14282	(1807, 950)	'shire'	14460
14283	(1542, 979)	'优化'	14461
14284	(3623, 378)	'含有'	14462
14285	(499, 898)	'umber'	14463
14286	(2824, 6509)	'牛仔'	14464
14287	(356, 548)	' Tour'	14465
14288	(1080, 966)	'obile'	14466
14289	(282, 526)	' fel'	14467
14290	(417, 301)	' Bas'	14468
14291	(779, 2427)	'平稳'	14469
14292	(291, 841)	' dial'	14470
14293	(576, 396)	'多了'	14471
14294	(6702, 107)	' Turk'	14472
14295	(264, 3149)	' sending'	14473
14296	(7559, 144)	'자'	14474
14297	(1808, 842)	' دی'	14475
14298	(16142, 4679)	' Colorado'	14476
14299	(118, 121)	'vy'	14477
14300	(5647, 6248)	' shopping'	14478
14301	(1494, 3527)	'传播'	14479
14302	(102, 950)	'fire'	14480
14303	(4795, 2127)	' connected'	14481
14304	(1078, 1181)	'西安'	14482
14305	(352, 117)	'amu'	14483
14306	(540, 714)	'日期'	14484
14307	(1291, 4105)	'风暴'	14485
14308	(9364, 5159)	' હત'	14486
14309	(915, 1618)	'入住'	14487
14310	(11413, 1012)	' disagree'	14488
14311	(2332, 133)	'ах'	14489
14312	(1367, 130)	'骂'	14490
14313	(2962, 3213)	'ාර'	14491
14314	(665, 520)	'用来'	14492
14315	(83, 1597)	'Spe'	14493
14316	(83, 1262)	'Ste'	14494
14317	(2646, 115)	' interests'	14495
14318	(5018, 2448)	'稱為'	14496
14319	(949, 495)	'提到'	14497
14320	(449, 184)	'陸'	14498
14321	(847, 1019)	'看着'	14499
14322	(3407, 7156)	' causing'	14500
14323	(10889, 441)	' inflation'	14501
14324	(1109, 136)	'ाई'	14502
14325	(557, 785)	'分子'	14503
14326	(513, 132)	'泄'	14504
14327	(2621, 4107)	'紧急'	14505
14328	(5139, 271)	' boat'	14506
14329	(1708, 147)	' ሓ'	14507
14330	(453, 2503)	'和其他'	14508
14331	(45, 1909)	'-14'	14509
14332	(3253, 16144)	' Education'	14510
14333	(741, 971)	'还没'	14511
14334	(1459, 494)	' Trust'	14512
14335	(305, 2751)	' lights'	14513
14336	(1402, 3719)	' attended'	14514
14337	(920, 910)	'特里'	14515
14338	(716, 396)	'进了'	14516
14339	(434, 446)	' rif'	14517
14340	(4492, 1185)	' visitors'	14518
14341	(434, 4669)	' rival'	14519
14342	(2755, 853)	'ला'	14520
14343	(2326, 1328)	'卫星'	14521
14344	(2177, 6321)	' instruct'	14523
14345	(370, 671)	'uties'	14524
14346	(1134, 115)	' apps'	14525
14347	(1523, 1232)	'获奖'	14526
14348	(1862, 3848)	'照顾'	14527
14349	(464, 724)	' Dub'	14528
14350	(1155, 3452)	'二季度'	14529
14351	(4445, 5291)	b'\xe1\x80\xad\xe1\x80\xaf\xe1\x80\x84\xe1\x80\xba\xe1\x80'	14530
14352	(3343, 1085)	'药物'	14531
14353	(689, 386)	'而不'	14532
14354	(787, 1457)	'外界'	14533
14355	(1368, 16162)	'演绎'	14534
14356	(110, 352)	'nam'	14535
14357	(51, 1447)	'350'	14536
14358	(798, 1295)	' adult'	14537
14359	(417, 1020)	' Bang'	14538
14360	(2895, 495)	'谈到'	14539
14361	(496, 612)	' Right'	14540
14362	(1785, 321)	' chest'	14541
14363	(1154, 1096)	'该股'	14542
14364	(421, 2166)	' wealth'	14543
14365	(1469, 10423)	'节奏'	14544
14366	(316, 7857)	' gaming'	14545
14367	(1122, 108)	'ıl'	14546
14368	(389, 165)	'弥'	14547
14369	(1265, 913)	'专区'	14548
14370	(3644, 155)	'েছ'	14549
14371	(7236, 1030)	'仪式'	14550
14372	(77, 1411)	'Many'	14551
14373	(511, 2501)	' seats'	14552
14374	(277, 330)	' bot'	14553
14375	(1016, 151)	' ਗ'	14554
14376	(5354, 1285)	'缓解'	14555
14377	(6853, 10587)	' Madrid'	14556
14378	(321, 288)	'star'	14557
14379	(1210, 115)	' goods'	14558
14380	(2814, 2385)	' artists'	14559
14381	(499, 258)	'umin'	14560
14382	(4458, 1521)	' counsel'	14561
14383	(434, 4006)	' rape'	14562
14384	(16143, 3240)	' journey'	14563
14385	(462, 1612)	'这类'	14564
14386	(336, 1308)	'一线'	14565
14387	(3233, 274)	' Plan'	14566
14388	(513, 179)	'泳'	14567
14389	(2061, 130)	b' \xeb\x82'	14568
14390	(405, 168)	'寨'	14569
14391	(2200, 272)	'生活的'	14570
14392	(1801, 352)	' dram'	14571
14393	(1107, 8972)	'无奈'	14572
14394	(3653, 72)	'ASH'	14573
14395	(297, 621)	' hall'	14574
14396	(377, 271)	' Cat'	14575
14397	(9468, 2253)	' declared'	14576
14398	(436, 633)	' Pack'	14577
14399	(2353, 115)	' legs'	14578
14400	(341, 168)	'旨'	14579
14401	(393, 148)	'衔'	14580
14402	(2994, 396)	'发生了'	14581
14403	(2542, 4739)	'病毒'	14582
14404	(1441, 5228)	'马丁'	14583
14405	(917, 175)	'芯'	14584
14406	(2444, 918)	' interact'	14585
14407	(6769, 827)	'尊重'	14586
14408	(928, 2176)	'1080'	14587
14409	(434, 330)	' rot'	14588
14410	(651, 411)	'apter'	14589
14411	(531, 2224)	' Little'	14590
14412	(377, 9509)	' CNN'	14591
14413	(343, 117)	' eu'	14592
14414	(655, 1972)	'主权'	14593
14415	(3672, 163)	'鸣'	14594
14416	(1617, 916)	'居然'	14595
14417	(320, 527)	'lets'	14596
14418	(1358, 162)	' ኢ'	14597
14419	(874, 601)	'更高'	14598
14420	(6482, 16159)	'泡沫'	14599
14421	(1313, 4193)	'光圈'	14600
14422	(2101, 11605)	' currency'	14601
14423	(282, 111)	' fo'	14602
14424	(586, 134)	'ሆ'	14603
14425	(506, 992)	'会员'	14604
14426	(2739, 1044)	'河北'	14605
14427	(2354, 272)	'使用的'	14606
14428	(715, 1349)	'之路'	14607
14429	(450, 288)	'olar'	14608
14430	(668, 322)	' union'	14609
14431	(830, 4493)	'很容易'	14610
14432	(744, 844)	'理工'	14611
14433	(531, 285)	' Les'	14612
14434	(9729, 287)	' ranked'	14613
14435	(1623, 1802)	' strange'	14614
14436	(286, 16146)	' một'	14616
14437	(410, 136)	'冈'	14617
14438	(8758, 973)	'轨道'	14618
14439	(9178, 293)	' Royal'	14619
14440	(301, 1954)	'ashes'	14620
14441	(65, 66)	'AB'	14621
14442	(49, 654)	'101'	14622
14443	(2909, 5722)	'okemon'	14623
14444	(3067, 7360)	'ுக்க'	14624
14445	(542, 1743)	' Games'	14625
14446	(442, 375)	' kun'	14626
14447	(257, 326)	' aid'	14627
14448	(377, 1003)	' Cav'	14628
14449	(2965, 6700)	'ymru'	14629
14450	(9595, 425)	'About'	14630
14451	(2298, 3015)	' century'	14631
14452	(1360, 131)	'勃'	14632
14453	(45, 1995)	'-13'	14633
14454	(121, 630)	'yard'	14635
14455	(1060, 1254)	'信任'	14636
14456	(534, 1775)	'生素'	14637
14457	(70, 70)	'FF'	14638
14458	(356, 9164)	' Today'	14639
14459	(4237, 976)	' suppose'	14640
14460	(1594, 842)	'سی'	14641
14461	(458, 103)	'agg'	14642
14462	(32, 2109)	' ị'	14643
14463	(67, 1452)	'Cont'	14644
14464	(2393, 2393)	'远远'	14645
14465	(16176, 16177)	'洛杉矶'	14646
14466	(1785, 4536)	' cheaper'	14647
14467	(77, 83)	'MS'	14648
14468	(490, 308)	' Nic'	14649
14469	(413, 163)	'連'	14650
14470	(840, 579)	'数学'	14651
14471	(542, 288)	' Gar'	14652
14472	(1020, 97)	'anga'	14653
14473	(1700, 1843)	'决策'	14654
14474	(861, 152)	'飘'	14655
14475	(467, 699)	'时机'	14656
14476	(32, 966)	' ile'	14657
14477	(3693, 397)	'私人'	14658
14478	(1674, 52)	'1.4'	14659
14479	(2518, 6882)	' midnight'	14660
14480	(277, 1419)	' bother'	14661
14481	(749, 751)	'小说'	14662
14482	(12650, 3779)	' ceremony'	14664
14483	(336, 7984)	'一等奖'	14665
14484	(434, 1034)	' rail'	14666
14485	(6565, 7394)	' necessarily'	14667
14486	(1750, 163)	'ጣ'	14668
14487	(858, 274)	'ahan'	14669
14488	(2754, 603)	'Start'	14670
14489	(1330, 1096)	'每股'	14671
14490	(5146, 272)	'大量的'	14672
14491	(531, 111)	' Lo'	14673
14492	(1342, 1863)	' crimes'	14674
14493	(11138, 5142)	'する'	14675
14494	(769, 602)	'ти'	14676
14495	(1148, 2579)	'打破'	14677
14496	(749, 3047)	'小编'	14678
14497	(356, 1482)	' Turn'	14679
14498	(469, 152)	' И'	14680
14499	(431, 105)	'chi'	14681
14500	(2482, 966)	' missile'	14682
14501	(9866, 519)	' accurate'	14683
14502	(3075, 10205)	'雷霆'	14684
14503	(236, 155)	b'\xec\x9b'	14685
14504	(1992, 56)	'2.8'	14686
14505	(727, 1568)	'球半'	14687
14506	(1229, 1299)	'认证'	14688
14507	(365, 348)	'road'	14689
14508	(9381, 3939)	'液晶屏'	14690
14509	(8399, 699)	'摄像机'	14691
14510	(897, 1952)	'明白'	14692
14511	(782, 161)	'無'	14693
14512	(657, 3708)	'开幕'	14694
14513	(640, 386)	'就不'	14695
14514	(2599, 987)	' airport'	14696
14515	(651, 287)	'aped'	14697
14516	(16154, 7820)	' approximately'	14698
14517	(377, 626)	' Cast'	14699
14518	(2094, 3064)	'其中主场'	14700
14519	(230, 170)	b'\xe6\xaa'	14701
14520	(1560, 16072)	'气氛'	14702
14521	(5006, 7166)	'荣誉'	14703
14522	(384, 184)	'凸'	14704
14523	(417, 621)	' Ball'	14705
14524	(681, 2853)	'将继续'	14706
14525	(1411, 101)	'anye'	14707
14526	(473, 115)	'ups'	14708
14527	(899, 129)	'袁'	14709
14528	(377, 6861)	' CBS'	14710
14529	(67, 68)	'CD'	14711
14530	(264, 6152)	' soul'	14712
14531	(495, 1169)	'到达'	14713
14532	(2491, 3106)	'古典'	14714
14533	(498, 139)	'埋'	14715
14534	(1124, 287)	'pted'	14716
14535	(3806, 1203)	'曼联'	14717
14536	(444, 105)	' ati'	14718
14537	(1601, 1560)	'空气'	14719
14538	(2193, 178)	'傲'	14720
14539	(1570, 5349)	' monitor'	14721
14540	(329, 142)	'導'	14722
14541	(87, 276)	'Wor'	14723
14542	(10085, 532)	' sustain'	14724
14543	(3590, 352)	' steam'	14725
14544	(749, 579)	'小学'	14726
14545	(7604, 1551)	' manufacturing'	14727
14546	(66, 332)	'Bet'	14728
14547	(5197, 738)	' Media'	14729
14548	(504, 676)	' shame'	14730
14549	(8646, 287)	' contributed'	14731
14550	(6001, 6735)	' touchdown'	14732
14551	(2845, 1072)	'思考'	14733
14552	(510, 288)	' Far'	14734
14553	(5642, 532)	' captain'	14735
14554	(7582, 16151)	' Brexit'	14736
14555	(2577, 4170)	' refuge'	14737
14556	(233, 140)	b'\xe9\x8c'	14738
14557	(394, 134)	'盆'	14739
14558	(1423, 1030)	'款式'	14740
14559	(1342, 651)	' crap'	14741
14560	(747, 1826)	'ран'	14742
14561	(1151, 143)	' એ'	14743
14562	(1574, 2119)	'的一部分'	14744
14563	(800, 135)	'雇'	14745
14564	(376, 83)	' AS'	14746
14565	(2432, 272)	'政策的'	14747
14566	(785, 1093)	'子女'	14748
14567	(105, 45)	'i-'	14749
14568	(587, 680)	'后者'	14750
14569	(4828, 1147)	'询问'	14751
14570	(305, 5627)	' lady'	14752
14571	(3269, 1545)	' investigating'	14753
14572	(4634, 2235)	'ని'	14754
14573	(615, 279)	' Jen'	14755
14574	(32, 2250)	' uk'	14756
14575	(905, 627)	'نا'	14757
14576	(777, 791)	'合法'	14758
14577	(5401, 938)	' square'	14759
14578	(2765, 4486)	'补贴'	14760
14579	(97, 101)	'ae'	14761
14580	(1415, 332)	'ocket'	14762
14581	(291, 288)	' dar'	14763
14582	(4244, 101)	' mae'	14764
14583	(2863, 331)	'viously'	14765
14584	(1025, 145)	'ኑ'	14766
14585	(308, 275)	'icit'	14767
14586	(282, 4803)	' fault'	14768
14587	(2234, 7210)	'百姓'	14769
14588	(1124, 265)	'pton'	14770
14589	(641, 560)	' Oak'	14771
14590	(4296, 357)	'坐在'	14772
14591	(1003, 326)	'avid'	14773
14592	(11162, 331)	' barely'	14774
14593	(7286, 1073)	' secretary'	14775
14594	(3926, 495)	'遭到'	14776
14595	(2084, 357)	'曾在'	14777
14596	(542, 2735)	' Girl'	14778
14597	(3501, 3927)	' Conference'	14779
14598	(2644, 6030)	' possession'	14780
14599	(3168, 433)	' Force'	14781
14600	(290, 181)	'朵'	14782
14601	(471, 182)	'ึ'	14783
14602	(5454, 12424)	'Exactly'	14784
14603	(2397, 3511)	' бил'	14785
14604	(2887, 1232)	'巨奖'	14786
14605	(958, 172)	'爬'	14787
14606	(3308, 122)	'enez'	14788
14607	(413, 162)	'逢'	14789
14608	(3394, 1352)	'执导'	14790
14609	(11704, 283)	' annoying'	14791
14610	(10590, 5812)	'੍ਹ'	14792
14611	(539, 846)	'地价'	14793
14612	(3895, 1889)	'处理器'	14794
14613	(1613, 420)	'均为'	14795
14614	(8448, 1227)	' Irish'	14796
14615	(3027, 602)	'ати'	14797
14616	(553, 272)	'业的'	14798
14617	(7074, 1952)	'蛋白'	14799
14618	(1969, 272)	'设计的'	14800
14619	(1157, 2262)	'选举'	14802
14620	(12898, 3085)	' Patriots'	14803
14621	(661, 110)	' cann'	14804
14622	(297, 11079)	' hockey'	14805
14623	(579, 506)	'学会'	14806
14624	(10124, 1988)	'Pretty'	14807
14625	(4572, 116)	' paint'	14808
14626	(1980, 115)	' puts'	14809
14627	(78, 71)	'NG'	14810
14628	(2044, 3128)	'委托'	14811
14629	(1508, 111)	' flo'	14812
14630	(1145, 4270)	' recover'	14813
14631	(1357, 7803)	'消耗'	14814
14632	(375, 115)	'uns'	14815
14633	(1267, 1308)	'号线'	14816
14634	(6627, 45)	' anti-'	14817
14635	(614, 2698)	'经纪'	14818
14636	(672, 1527)	'基准'	14819
14637	(1301, 538)	'给我'	14820
14638	(2947, 4858)	'血液'	14821
14639	(5363, 637)	' creative'	14822
14640	(1001, 189)	'製'	14823
14641	(9540, 1110)	'抑制'	14824
14642	(277, 345)	' bow'	14825
14643	(2061, 182)	b' \xeb\xb6'	14826
14644	(1113, 3844)	'尔顿'	14827
14645	(287, 283)	'eding'	14828
14646	(1309, 1746)	'世博'	14829
14647	(7547, 2560)	' criticism'	14830
14648	(5458, 6153)	'ੋਂ'	14831
14649	(4352, 5121)	' replaced'	14832
14650	(1914, 12191)	' returning'	14833
14651	(551, 171)	'挫'	14834
14652	(385, 762)	' stood'	14835
14653	(318, 12488)	' IGN'	14836
14654	(7063, 771)	'鉴定'	14837
14655	(321, 690)	'stone'	14838
14656	(1267, 1896)	'号楼'	14839
14657	(749, 854)	'小心'	14840
14658	(386, 721)	'不动'	14841
14659	(12290, 4144)	'辽宁'	14842
14660	(583, 383)	'quir'	14843
14661	(4959, 287)	' Swed'	14844
14662	(1318, 791)	'立法'	14845
14663	(792, 12221)	' aggressive'	14846
14664	(3320, 1139)	'吸收'	14847
14665	(1559, 6306)	' deserve'	14848
14666	(400, 9150)	'大厦'	14849
14667	(496, 328)	' Ray'	14850
14668	(6539, 379)	' horse'	14851
14669	(4764, 3283)	' अस'	14852
14670	(72, 475)	'High'	14853
14671	(1078, 620)	'西方'	14854
14672	(499, 110)	'umn'	14855
14673	(6757, 1468)	'理财产品'	14856
14674	(1809, 1093)	'男女'	14857
14675	(1499, 287)	'lied'	14859
14676	(790, 1359)	'体彩'	14860
14677	(933, 1275)	'لم'	14861
14678	(1191, 1469)	'调节'	14862
14679	(539, 428)	'地上'	14863
14680	(83, 109)	'Sm'	14864
14681	(490, 16068)	' Northern'	14865
14682	(276, 1091)	'orable'	14866
14683	(3784, 467)	'届时'	14867
14684	(4799, 1420)	'违约'	14868
14685	(2513, 4796)	' depends'	14869
14686	(561, 169)	'辩'	14870
14687	(4362, 157)	'膝'	14871
14688	(2797, 3122)	'青春'	14872
14689	(769, 3065)	'ть'	14873
14690	(791, 1716)	'法语'	14874
14691	(268, 759)	' wine'	14875
14692	(2513, 608)	' depend'	14876
14693	(7885, 5279)	' establish'	14877
14694	(1763, 170)	'噪'	14878
14695	(16166, 3844)	'华盛顿'	14879
14696	(647, 169)	'罩'	14880
14697	(514, 9884)	' consequ'	14881
14698	(4384, 819)	' argue'	14882
14699	(77, 99)	'Mc'	14883
14700	(3051, 16181)	'clipse'	14884
14701	(1938, 114)	' entr'	14885
14702	(925, 1718)	' usual'	14886
14703	(16164, 1256)	' hilarious'	14887
14704	(1816, 590)	'同时也'	14888
14705	(303, 3325)	' threw'	14889
14706	(1109, 151)	'ाग'	14890
14707	(827, 1004)	'重建'	14891
14708	(451, 165)	'履'	14892
14709	(4239, 258)	' Austin'	14893
14710	(716, 1369)	'进程'	14894
14711	(6924, 485)	' Palest'	14895
14712	(108, 617)	'list'	14896
14713	(464, 79)	' DO'	14897
14714	(2292, 775)	'切实'	14898
14715	(1032, 1103)	' resign'	14899
14716	(3740, 331)	' shortly'	14900
14717	(258, 267)	'iner'	14901
14718	(3620, 5016)	'Although'	14902
14719	(6394, 287)	' accepted'	14903
14720	(1000, 1597)	'type'	14904
14721	(1045, 897)	'文明'	14905
14722	(3243, 3280)	'婚礼'	14906
14723	(1092, 433)	'merce'	14907
14724	(6217, 459)	' orders'	14908
14725	(1912, 1404)	'营造'	14909
14726	(2887, 1274)	'巨头'	14910
14727	(1063, 10626)	' screens'	14911
14728	(8288, 16156)	'.TUESDAY'	14912
14729	(3995, 1959)	'ම්'	14913
14730	(883, 158)	'霞'	14914
14731	(3167, 367)	" city's"	14915
14732	(16072, 2486)	'氛围'	14916
14733	(1024, 495)	'起到'	14917
14734	(935, 534)	'民生'	14918
14735	(6633, 2048)	' requirements'	14919
14736	(2975, 1245)	' meetings'	14920
14737	(6616, 2382)	' regardless'	14922
14738	(693, 320)	' sole'	14923
14739	(5684, 1959)	'ස්'	14924
14740	(337, 152)	'绘'	14925
14741	(4948, 3320)	'呼吸'	14926
14742	(3567, 486)	'输出'	14927
14743	(326, 279)	'iden'	14928
14744	(348, 345)	'adow'	14929
14745	(2174, 396)	'选择了'	14930
14746	(314, 16068)	' northern'	14931
14747	(3138, 5256)	' experiences'	14932
14748	(2997, 3396)	' सम'	14933
14749	(1010, 5963)	'achadh'	14934
14750	(5239, 16182)	'恐怖'	14935
14751	(3142, 379)	'iverse'	14936
14752	(2941, 332)	' planet'	14937
14753	(611, 2183)	' plants'	14938
14754	(1072, 2135)	'考验'	14939
14755	(2939, 1327)	'عد'	14940
14756	(847, 486)	'看出'	14941
14757	(583, 485)	'quest'	14942
14758	(342, 145)	'斑'	14943
14759	(1184, 272)	'级的'	14944
14760	(386, 6981)	'不敢'	14945
14761	(422, 164)	'贤'	14946
14762	(2433, 111)	' auto'	14947
14763	(1126, 5563)	' این'	14948
14764	(1567, 111)	'argo'	14949
14765	(1259, 5112)	' bridge'	14950
14766	(9677, 101)	' ṣe'	14951
14767	(2207, 357)	'仍在'	14952
14768	(356, 267)	' Ter'	14953
14769	(2543, 1332)	'剧组'	14954
14770	(3650, 545)	'沙发'	14955
14771	(790, 827)	'体重'	14956
14772	(1938, 838)	' entry'	14957
14773	(966, 121)	'iley'	14958
14774	(2495, 129)	'翁'	14959
14775	(78, 2146)	'Never'	14960
14776	(1139, 1589)	'收集'	14961
14777	(108, 2751)	'lights'	14962
14778	(7037, 287)	' attempted'	14963
14779	(1591, 396)	'走了'	14964
14780	(970, 101)	' theme'	14965
14781	(131, 129)	b'\x83\x81'	14966
14782	(2144, 350)	'却是'	14967
14783	(1277, 146)	'荒'	14968
14784	(398, 1685)	'urities'	14969
14785	(3055, 6361)	'签署'	14971
14786	(2117, 534)	'研究生'	14972
14787	(2875, 5768)	'吃饭'	14973
14788	(667, 906)	'得手'	14974
14789	(799, 272)	'间的'	14975
14790	(2044, 7043)	'委員'	14976
14791	(647, 149)	'罕'	14977
14792	(9969, 4711)	'った'	14978
14793	(7206, 8201)	' ప్ర'	14979
14794	(45, 2143)	'-17'	14980
14795	(111, 279)	'oen'	14981
14796	(417, 6421)	' Brian'	14982
14797	(454, 183)	'歷'	14983
14798	(830, 1436)	'很可能'	14984
14799	(2592, 54)	' 2006'	14985
14800	(531, 373)	' Lim'	14986
14801	(85, 112)	'Up'	14987
14802	(2177, 114)	' instr'	14988
14803	(2397, 1018)	' бу'	14989
14804	(349, 148)	'協'	14990
14805	(256, 671)	' ties'	14991
14806	(1342, 742)	' cruc'	14992
14807	(5097, 272)	'厚的'	14993
14808	(635, 322)	'ortion'	14994
14809	(6650, 4388)	' broadcast'	14995
14810	(7785, 3240)	' Disney'	14996
14811	(3154, 326)	' valid'	14997
14812	(16042, 923)	' opinions'	14998
14813	(4696, 1085)	'怪物'	14999
14814	(32, 1450)	' 张'	15000
14815	(335, 138)	'囊'	15001
14816	(72, 97)	'Ha'	15002
14817	(463, 4283)	' Hope'	15003
14818	(2328, 862)	' driven'	15004
14819	(1048, 3058)	' didnt'	15005
14820	(10410, 2842)	'็น'	15006
14821	(386, 2966)	'不停'	15007
14822	(544, 6579)	' fraud'	15008
14823	(3095, 744)	'审理'	15009
14824	(1143, 390)	'周中'	15010
14825	(291, 2105)	' dha'	15011
14826	(1233, 842)	'تی'	15012
14827	(272, 3313)	'的风险'	15013
14828	(1226, 175)	' য'	15014
14829	(3621, 169)	'ான'	15015
14830	(1212, 1019)	'接着'	15016
14831	(988, 138)	'糊'	15017
14832	(2626, 1152)	' Asian'	15018
14833	(4686, 473)	' occup'	15020
14834	(354, 6005)	' Sky'	15021
14835	(6075, 3671)	'债务危机'	15022
14836	(4987, 11033)	' आहे'	15023
14837	(1153, 769)	'кт'	15024
14838	(2663, 839)	' تو'	15025
14839	(298, 176)	'仰'	15026
14840	(400, 1238)	'大使'	15027
14841	(54, 46)	'6.'	15028
14842	(7778, 671)	' bodies'	15029
14843	(98, 458)	'bag'	15030
14844	(668, 2524)	' univers'	15031
14845	(3558, 12750)	'互联网'	15032
14846	(995, 173)	'铭'	15033
14847	(2039, 107)	'ük'	15034
14848	(7312, 287)	' mixed'	15035
14849	(9430, 878)	' village'	15036
14850	(7367, 10620)	' degrees'	15037
14851	(2924, 7649)	' reduced'	15038
14852	(1082, 1082)	'常常'	15039
14853	(557, 12432)	'分歧'	15040
14854	(283, 331)	'ingly'	15041
14855	(9003, 272)	'独特的'	15042
14856	(1494, 751)	'传说'	15043
14857	(2984, 42)	'***'	15044
14858	(305, 10034)	' loves'	15045
14859	(1393, 2205)	' throwing'	15046
14860	(882, 710)	'ле'	15047
14861	(5702, 4689)	'ෙන්'	15048
14862	(6046, 1627)	'公安局'	15049
14863	(272, 884)	'的两'	15050
14864	(3679, 1089)	' cutting'	15051
14865	(6173, 6613)	'拜仁'	15052
14866	(1705, 5627)	' Brady'	15053
14867	(1543, 3110)	' phones'	15054
14868	(857, 737)	" hadn't"	15055
14869	(1752, 357)	'留在'	15056
14870	(550, 695)	'场面'	15057
14871	(542, 1146)	' Gov'	15058
14872	(1808, 839)	' دو'	15059
14873	(3002, 2062)	' Organ'	15060
14874	(2510, 167)	'碧'	15061
14875	(648, 154)	'肚'	15062
14876	(4301, 63)	'???'	15063
14877	(397, 726)	'人都'	15064
14878	(374, 267)	'lder'	15065
14879	(377, 121)	' Cy'	15066
14880	(517, 3044)	' neither'	15067
14881	(866, 131)	'ቃ'	15068
14882	(704, 9074)	'нинг'	15069
14883	(384, 157)	'凝'	15070
14884	(6936, 4027)	' Delhi'	15071
14885	(8491, 4939)	' shipping'	15072
14886	(3916, 6372)	'ับ'	15074
14887	(941, 994)	'已被'	15075
14888	(3873, 7287)	'智慧'	15076
14889	(308, 1152)	'ician'	15077
14890	(16040, 519)	' immediate'	15078
14891	(1937, 627)	' با'	15079
14892	(8823, 2345)	'沈阳'	15080
14893	(510, 1558)	' Fair'	15081
14894	(321, 3208)	'stream'	15082
14895	(2421, 1229)	'否认'	15083
14896	(9765, 7216)	' Jersey'	15084
14897	(16031, 637)	'ecutive'	15085
14898	(2338, 2417)	'宝石'	15086
14899	(316, 352)	' gam'	15087
14900	(856, 2575)	'当晚'	15088
14901	(119, 301)	'was'	15089
14902	(346, 312)	' bell'	15090
14903	(5797, 1104)	'敏感'	15091
14904	(3557, 486)	'退出'	15092
14905	(3443, 5390)	'িয়'	15093
14906	(6266, 190)	b'\x9b\xe1\x80\xbe'	15094
14907	(117, 759)	'uine'	15095
14908	(2577, 2921)	' refused'	15096
14909	(2329, 1792)	'波什'	15097
14910	(1914, 2789)	' retired'	15098
14911	(267, 301)	'eras'	15099
14912	(3033, 288)	' solar'	15100
14913	(332, 105)	'eti'	15101
14914	(641, 16155)	' Oregon'	15102
14915	(1485, 12002)	' 수'	15103
14916	(119, 1403)	'water'	15104
14917	(72, 5640)	'Holy'	15105
14918	(882, 1826)	'лан'	15106
14919	(108, 972)	'log'	15107
14920	(109, 519)	'mate'	15108
14921	(877, 1911)	' knee'	15109
14922	(1869, 45)	' high-'	15110
14923	(5402, 2491)	'蒙古'	15111
14924	(596, 976)	' chose'	15112
14925	(66, 485)	'Best'	15113
14926	(268, 950)	' wire'	15114
14927	(2371, 331)	' friendly'	15115
14928	(272, 2563)	'的能力'	15116
14929	(2437, 643)	' payment'	15117
14930	(12755, 1152)	' Italian'	15118
14931	(1109, 149)	'ाक'	15119
14932	(393, 147)	'術'	15120
14933	(496, 972)	' Rog'	15121
14934	(464, 11988)	' Daniel'	15122
14935	(316, 1020)	' gang'	15123
14936	(354, 80)	' SP'	15124
14937	(1754, 2468)	"We've"	15125
14938	(6824, 293)	' environmental'	15126
14939	(320, 101)	'lee'	15127
14940	(1380, 138)	'り'	15128
14941	(3172, 4056)	' programme'	15129
14942	(1174, 157)	'缝'	15130
14943	(1441, 16186)	'马英九'	15131
14944	(1144, 50)	' 52'	15132
14945	(100, 283)	'ding'	15133
14946	(2521, 115)	'ás'	15134
14947	(377, 600)	' Come'	15135
14948	(8680, 2192)	' license'	15136
14949	(6675, 320)	' struggle'	15137
14950	(357, 400)	'在大'	15138
14951	(2898, 1293)	'识别'	15139
14952	(615, 353)	' Jac'	15140
14953	(1709, 101)	'ée'	15141
14954	(515, 16056)	'thunderstorms'	15142
14955	(272, 880)	'的情'	15143
14956	(11285, 1493)	'Actually'	15144
14957	(53, 46)	'5.'	15145
14958	(419, 694)	'国产'	15146
14959	(3157, 16167)	' Minnesota'	15147
14960	(749, 1907)	'小幅'	15149
14961	(1603, 1222)	'话题'	15150
14962	(429, 176)	'彰'	15151
14963	(3588, 468)	'最终以'	15152
14964	(1234, 101)	' fee'	15153
14965	(1646, 1617)	'乐居'	15154
14966	(11398, 5238)	'Despite'	15155
14967	(1186, 185)	'्ह'	15156
14968	(629, 136)	'ਈ'	15157
14969	(6271, 573)	'背景下'	15158
14970	(74, 80)	'JP'	15159
14971	(5651, 1000)	'Getty'	15160
14972	(321, 459)	'sters'	15161
14973	(1702, 9885)	' Android'	15162
14974	(4390, 636)	' authority'	15163
14975	(385, 16172)	' stolen'	15164
14976	(10104, 2080)	' conservative'	15165
14977	(912, 272)	'斯的'	15166
14978	(657, 844)	'开工'	15167
14979	(8344, 12730)	'_tmr'	15168
14980	(1357, 979)	'消化'	15169
14981	(313, 153)	'宙'	15170
14982	(464, 352)	' Dam'	15171
14983	(266, 1339)	' theory'	15172
14984	(111, 97)	'oa'	15173
14985	(437, 734)	' aside'	15174
14986	(4169, 2301)	' baş'	15175
14987	(510, 263)	' Fre'	15176
14988	(982, 894)	' grown'	15177
14989	(1226, 156)	' জ'	15178
14990	(6666, 382)	' silver'	15180
14991	(733, 4786)	'全明星'	15181
14992	(114, 348)	'rad'	15182
14993	(100, 972)	'dog'	15183
14994	(3472, 515)	' sixth'	15184
14995	(1767, 181)	' ድ'	15185
14996	(1148, 727)	'打球'	15186
14997	(1811, 110)	' earn'	15187
14998	(1654, 1654)	'aaaa'	15188
14999	(317, 147)	'吓'	15189
15000	(2260, 293)	' Anal'	15190
15001	(2116, 699)	'套机'	15191
15002	(6025, 331)	' significantly'	15192
15003	(296, 160)	'叠'	15193
15004	(357, 607)	'在新'	15194
15005	(2519, 1815)	'武林'	15195
15006	(32, 803)	' ip'	15196
15007	(2332, 143)	'ая'	15197
15008	(580, 9557)	'ப்ப'	15198
15009	(1308, 428)	'线上'	15199
15010	(666, 599)	'本月'	15200
15011	(666, 3784)	'本届'	15201
15012	(1069, 1079)	'水果'	15202
15013	(1694, 130)	'茂'	15203
15014	(6675, 2568)	' struggling'	15204
15015	(2434, 287)	' directed'	15205
15016	(3652, 878)	' footage'	15206
15017	(5429, 3595)	'宇航'	15207
15018	(1883, 16174)	'引擎'	15208
15019	(436, 97)	' Pa'	15209
15020	(112, 1022)	'pass'	15210
15021	(278, 258)	' cin'	15211
15022	(1408, 180)	'滴'	15212
15023	(1143, 1806)	'周五'	15213
15024	(2839, 1091)	' reasonable'	15214
15025	(4460, 8481)	' description'	15215
15026	(16014, 2230)	' custody'	15216
15027	(974, 147)	'ዓ'	15217
15028	(209, 151)	'ї'	15218
15029	(542, 4532)	' Greg'	15219
15030	(4431, 468)	'予以'	15220
15031	(1104, 1102)	'感应'	15221
15032	(492, 889)	'家电'	15222
15033	(743, 12493)	' Ukr'	15223
15034	(1098, 121)	'əy'	15224
15035	(1087, 162)	'漢'	15225
15036	(3055, 5854)	'签订'	15226
15037	(895, 184)	'砸'	15227
15038	(946, 1366)	' therefore'	15228
15039	(309, 165)	'別'	15229
15040	(4730, 99)	' presc'	15230
15041	(122, 1163)	'zens'	15231
15042	(526, 4845)	'elcome'	15232
15043	(5124, 581)	' normally'	15233
15044	(2193, 172)	'催'	15234
15045	(3780, 1538)	'不仅仅'	15235
15046	(900, 180)	'穴'	15236
15047	(2477, 161)	'اء'	15237
15048	(69, 4602)	'EPS'	15238
15049	(275, 450)	'itol'	15239
15050	(3432, 1194)	'冷门'	15240
15051	(45, 1885)	'-16'	15241
15052	(2617, 9599)	' parliament'	15242
15053	(2486, 9506)	'围绕'	15243
15054	(649, 3256)	'оро'	15244
15055	(1485, 152)	b' \xec\x98'	15245
15056	(2061, 139)	b' \xeb\x8b'	15246
15057	(1488, 378)	'带有'	15247
15058	(712, 748)	' Kong'	15248
15059	(470, 2327)	' Wars'	15249
15060	(5564, 397)	'年轻人'	15250
15061	(3971, 3019)	b'\xe0\xaa\xb0\xe0\xab\x8d\xe0\xaa'	15251
15062	(1182, 734)	' guide'	15252
15063	(5717, 331)	' regularly'	15253
15064	(256, 2789)	' tired'	15254
15065	(6539, 6513)	' horrible'	15255
15066	(4895, 1384)	' ने'	15256
15067	(55, 46)	'7.'	15257
15068	(7443, 771)	'锁定'	15258
15069	(2900, 11216)	' suicide'	15259
15070	(79, 68)	'OD'	15260
15071	(80, 80)	'PP'	15261
15072	(6834, 1587)	b'\xe3\x83\xb3\xe3\x83'	15262
15073	(2801, 532)	' Spain'	15263
15074	(3842, 272)	'发布的'	15264
15075	(540, 1868)	'日益'	15265
15076	(436, 1250)	' Pict'	15266
15077	(288, 1152)	'arian'	15267
15078	(615, 1283)	' Jason'	15268
15079	(579, 1998)	'学历'	15269
15080	(8213, 3171)	' Moham'	15270
15081	(406, 6464)	'illiant'	15271
15082	(2969, 283)	' dealing'	15272
15083	(2156, 287)	' headed'	15273
15084	(4748, 10550)	' على'	15274
15085	(1011, 1252)	' novel'	15276
15086	(776, 396)	'好了'	15277
15087	(6358, 2306)	'症状'	15278
15088	(2409, 1046)	'协商'	15279
15089	(16161, 1078)	'切尔西'	15280
15090	(305, 275)	' lit'	15281
15091	(11341, 183)	'क्ष'	15282
15092	(272, 2174)	'的选择'	15283
15093	(357, 6298)	'在内的'	15284
15094	(336, 2116)	'一套'	15285
15095	(2797, 3923)	'青岛'	15286
15096	(4837, 3946)	' urged'	15287
15097	(291, 820)	' dans'	15288
15098	(2724, 1005)	'担保'	15289
15099	(217, 188)	'ټ'	15290
15100	(3182, 973)	'味道'	15291
15101	(256, 115)	' ts'	15292
15102	(117, 1928)	'uka'	15294
15103	(9253, 116)	'ất'	15295
15104	(861, 153)	'飙'	15296
15105	(112, 271)	'pat'	15297
15106	(10172, 331)	' constantly'	15298
15107	(655, 1804)	'主办'	15299
15108	(109, 293)	'mal'	15300
15109	(1772, 331)	' weekly'	15301
15110	(1303, 1273)	'南非'	15302
15111	(2719, 1520)	' conclud'	15303
15112	(1255, 283)	' wanting'	15304
15113	(5607, 3477)	' suffering'	15305
15114	(509, 135)	'則'	15306
15115	(2446, 4670)	'按摩'	15307
15116	(1472, 505)	' command'	15308
15117	(3551, 287)	' traded'	15309
15118	(16003, 130)	'โ'	15310
15119	(5410, 308)	' Music'	15311
15120	(6494, 322)	' selection'	15312
15121	(1282, 5068)	'客厅'	15313
15122	(681, 520)	'将来'	15314
15123	(6480, 98)	' neighb'	15315
15124	(428, 2807)	'上班'	15316
15125	(112, 642)	'post'	15318
15126	(1917, 1081)	'降至'	15319
15127	(2919, 281)	' advis'	15320
15128	(1389, 3527)	'直播'	15321
15129	(1466, 6459)	'车辆'	15322
15130	(6334, 4369)	' Network'	15323
15131	(876, 105)	' qui'	15324
15132	(3336, 1495)	' promise'	15326
15133	(791, 2052)	'法國'	15327
15134	(428, 550)	'上场'	15328
15135	(2795, 1687)	' visited'	15329
15136	(346, 1545)	' beating'	15330
15137	(3443, 149)	'িক'	15331
15138	(1275, 842)	'می'	15332
15139	(3220, 293)	' internal'	15333
15140	(1132, 10566)	'ọrọ'	15334
15141	(1479, 1723)	'预防'	15335
15142	(277, 746)	' bound'	15336
15143	(1399, 757)	' buff'	15337
15144	(1742, 12250)	' Weinstein'	15338
15145	(7531, 16178)	' người'	15339
15146	(1649, 424)	'1500'	15340
15147	(521, 990)	'对中国'	15341
15148	(483, 128)	'臀'	15342
15149	(490, 1170)	' Nations'	15343
15150	(559, 8254)	' proceed'	15344
15151	(1362, 744)	'整理'	15345
15152	(5470, 708)	'胸部'	15346
15153	(1903, 324)	' surve'	15347
15154	(4161, 1244)	'杰克'	15348
15155	(659, 138)	'郊'	15349
15156	(2636, 3410)	'焦距'	15350
15157	(1884, 1431)	'景观'	15351
15158	(1733, 573)	'创下'	15352
15159	(286, 1221)	' mount'	15353
15160	(260, 167)	'丧'	15354
15161	(5711, 3054)	' Agency'	15355
15162	(391, 7769)	' Micro'	15356
15163	(1694, 133)	'茅'	15357
15164	(39, 97)	"'a"	15358
15165	(611, 330)	' plot'	15359
15166	(2356, 133)	'擅'	15360
15167	(982, 348)	' grad'	15361
15168	(1310, 1971)	'较大的'	15362
15169	(5057, 7750)	' soldiers'	15363
15170	(7459, 115)	' settings'	15364
15171	(896, 4223)	' anybody'	15365
15172	(272, 3406)	'的球员'	15366
15173	(72, 105)	'Hi'	15367
15174	(263, 9608)	'rehens'	15368
15175	(434, 1020)	' rang'	15369
15176	(615, 748)	' Jong'	15370
15177	(2659, 766)	' creep'	15371
15178	(1461, 321)	' underst'	15372
15179	(256, 858)	' tah'	15373
15180	(1318, 3724)	'立刻'	15374
15181	(336, 2020)	'一段'	15375
15182	(1321, 1093)	'处女'	15376
15183	(713, 969)	' spark'	15377
15184	(1217, 168)	'黨'	15378
15185	(1451, 1507)	'经济发展'	15379
15186	(6493, 430)	b'\xb2\xe1\x80\xb7\xe1\x80'	15381
15187	(13502, 184)	' 그'	15382
15188	(1045, 2206)	'文字'	15383
15189	(1679, 12775)	' registered'	15384
15190	(511, 285)	' sees'	15385
15191	(3038, 467)	'临时'	15386
15192	(1575, 506)	'才会'	15387
15193	(8655, 2386)	'ṣẹ'	15388
15194	(3471, 591)	'ilipp'	15389
15195	(712, 10729)	' Kansas'	15390
15196	(831, 4534)	' army'	15391
15197	(6257, 902)	'湖人队'	15392
15198	(4672, 4937)	' ہیں'	15393
15199	(656, 181)	'遵'	15394
15200	(109, 103)	'mg'	15395
15201	(11372, 2245)	' begins'	15396
15202	(333, 1839)	' reward'	15397
15203	(350, 468)	'是以'	15398
15204	(377, 97)	' Ca'	15399
15205	(6989, 1026)	'拓展'	15400
15206	(428, 847)	'上看'	15401
15207	(297, 1086)	' hook'	15402
15208	(985, 4871)	' Champions'	15403
15209	(2997, 1384)	' से'	15404
15210	(428, 1904)	'上限'	15405
15211	(4019, 105)	' lati'	15406
15212	(2476, 495)	'送到'	15407
15213	(470, 259)	' Whe'	15408
15214	(5425, 104)	'aidh'	15409
15215	(272, 906)	'的手'	15410
15216	(2911, 1133)	'承受'	15411
15217	(940, 97)	'iza'	15412
15218	(9825, 320)	' tackle'	15413
15219	(3126, 331)	' mainly'	15414
15220	(596, 11731)	' chicken'	15415
15221	(1508, 1695)	' flash'	15416
15222	(698, 157)	'ෝ'	15417
15223	(10726, 332)	'abinet'	15418
15224	(5415, 1546)	'恋爱'	15419
15225	(5609, 7875)	' idiot'	15420
15226	(2700, 506)	'一定会'	15421
15227	(272, 5445)	'的位置'	15422
15228	(1215, 915)	'注入'	15423
15229	(3095, 1653)	'审查'	15424
15230	(4678, 283)	' voting'	15425
15231	(2073, 777)	'融合'	15426
15232	(1410, 915)	'流入'	15427
15233	(4072, 1783)	'商业银行'	15428
15234	(391, 76)	' ML'	15429
15235	(882, 4743)	'лик'	15430
15236	(278, 10565)	' các'	15431
15237	(3316, 1294)	'缺少'	15432
15238	(5090, 643)	'ointment'	15433
15239	(510, 3446)	' FOR'	15434
15240	(538, 751)	'我说'	15435
15241	(10425, 154)	'ించ'	15436
15242	(265, 929)	'onder'	15438
15243	(330, 293)	'otal'	15439
15244	(256, 6187)	' task'	15440
15245	(1711, 834)	' مر'	15441
15246	(291, 536)	' dos'	15442
15247	(5670, 287)	'ributed'	15443
15248	(962, 367)	" people's"	15444
15249	(83, 70)	'SF'	15446
15250	(417, 1183)	' Boy'	15447
15251	(436, 274)	' Pan'	15448
15252	(1299, 11419)	'证监会'	15449
15253	(4504, 287)	' discussed'	15450
15254	(316, 121)	' gy'	15451
15255	(369, 115)	'igs'	15452
15256	(1431, 847)	'观看'	15453
15257	(783, 3171)	'raham'	15454
15258	(385, 16158)	' storage'	15455
15259	(1269, 626)	' blast'	15456
15260	(913, 1293)	'区别'	15457
15261	(741, 386)	'还不'	15458
15262	(5044, 1523)	'抓获'	15459
15263	(6072, 6072)	'                '	15460
15264	(4405, 2746)	'联系方式'	15461
15265	(4432, 8543)	' የሚ'	15462
15266	(8637, 2325)	' તે'	15463
15267	(422, 170)	'贪'	15464
15268	(6252, 142)	'蝎'	15465
15269	(2045, 11830)	' elimin'	15466
15270	(1831, 301)	'phas'	15467
15271	(5473, 2966)	'暂停'	15468
15272	(1323, 272)	'投资的'	15469
15273	(6798, 9401)	' disappointed'	15470
15274	(3736, 6067)	' barrel'	15471
15275	(13329, 8521)	'锻炼'	15472
15276	(956, 1888)	'我们认为'	15473
15277	(16195, 16196)	'垃圾'	15474
15278	(85, 115)	'Us'	15475
15279	(893, 505)	' Stand'	15476
15280	(68, 82)	'DR'	15477
15281	(1039, 675)	' Though'	15479
15282	(1181, 1188)	'安德'	15480
15283	(7301, 9990)	' Matthew'	15481
15284	(1141, 52)	' 44'	15482
15285	(277, 310)	' bom'	15483
15286	(699, 3311)	'机遇'	15484
15287	(1612, 272)	'类的'	15485
15288	(6368, 604)	' assistant'	15486
15289	(354, 526)	' Sel'	15487
15290	(1433, 52)	' 64'	15488
15291	(1903, 10036)	' surface'	15489
15292	(650, 3035)	" they'd"	15490
15293	(4734, 1280)	'电视台'	15491
15294	(844, 397)	'工人'	15492
15295	(434, 724)	' rub'	15493
15296	(1793, 833)	'红利'	15494
15297	(1093, 1328)	'女星'	15495
15298	(2134, 662)	'港元'	15496
15299	(1107, 840)	'无数'	15497
15300	(776, 776)	'好好'	15498
15301	(933, 839)	'لو'	15499
15302	(469, 185)	' й'	15500
15303	(84, 73)	'TI'	15501
15304	(298, 135)	'仇'	15502
15305	(377, 642)	' Cost'	15503
15306	(3415, 283)	'ijing'	15504
15307	(381, 115)	' hes'	15505
15308	(4974, 3107)	'裁判'	15506
15309	(1622, 1609)	'连拍'	15507
15310	(3018, 527)	' facts'	15510
15311	(316, 271)	' gat'	15511
15312	(1630, 1131)	'精英'	15512
15313	(77, 73)	'MI'	15513
15314	(611, 519)	' plate'	15514
15315	(496, 104)	' Rh'	15515
15316	(4236, 115)	'iffs'	15516
15317	(297, 4568)	' hyd'	15517
15318	(3580, 1026)	'扩展'	15518
15319	(1549, 350)	'又是'	15519
15320	(787, 272)	'外的'	15520
15321	(3415, 97)	'ija'	15521
15322	(345, 2414)	'owered'	15522
15323	(475, 515)	'ighth'	15523
15324	(3663, 102)	'uuf'	15524
15325	(1724, 1736)	'री'	15525
15326	(3609, 1902)	'ውን'	15526
15327	(551, 170)	'挪'	15527
15328	(114, 1452)	'ront'	15528
15329	(333, 45)	' re-'	15529
15330	(300, 1160)	' inning'	15530
15331	(1516, 5474)	'技巧'	15531
15332	(1548, 1759)	'反复'	15532
15333	(492, 1996)	'家属'	15533
15334	(1278, 1157)	'首选'	15534
15335	(1191, 1667)	'调研'	15535
15336	(7608, 7820)	' ultimately'	15536
15337	(4874, 271)	' combat'	15537
15338	(2369, 177)	'ிற'	15538
15339	(6545, 139)	'構'	15539
15340	(4362, 168)	'膨'	15540
15341	(1063, 3325)	' screw'	15541
15342	(1122, 107)	'ık'	15542
15343	(4530, 2026)	' practices'	15543
15344	(8344, 13164)	'_taboola'	15544
15345	(714, 1904)	'期限'	15545
15346	(2079, 98)	' trib'	15546
15347	(68, 3251)	'Dude'	15547
15348	(3790, 101)	' compete'	15548
15349	(539, 695)	'地面'	15549
15350	(1455, 53)	'2015'	15550
15351	(1949, 833)	'便利'	15551
15352	(2003, 7214)	' inspir'	15552
15353	(2284, 308)	' topic'	15553
15354	(1844, 53)	'0.5'	15554
15355	(2003, 2472)	' insane'	15556
15356	(400, 1979)	'大众'	15557
15357	(1683, 467)	'即时'	15558
15358	(491, 3015)	' jury'	15559
15359	(1151, 178)	' લ'	15560
15360	(69, 108)	'El'	15561
15361	(276, 1214)	'orne'	15562
15362	(2539, 7916)	'跟踪'	15563
15363	(8387, 9449)	' không'	15564
15364	(1265, 1200)	'专科'	15565
15365	(349, 181)	'卵'	15567
15366	(274, 399)	'anke'	15568
15367	(3310, 272)	'孩子的'	15569
15368	(11220, 331)	' unlikely'	15570
15369	(649, 2342)	'оп'	15571
15370	(233, 145)	b'\xe9\x91'	15572
15371	(1681, 5593)	'清洁'	15573
15372	(10528, 519)	'ocolate'	15574
15373	(4984, 182)	'ेश'	15575
15374	(1266, 913)	'城区'	15576
15375	(78, 2187)	'North'	15577
15376	(2837, 330)	' Prot'	15578
15377	(673, 105)	'udi'	15579
15378	(901, 1096)	'万股'	15580
15379	(2513, 7033)	' deputy'	15581
15380	(723, 133)	'涅'	15582
15381	(510, 82)	' FR'	15583
15382	(3746, 10335)	'旗舰'	15584
15383	(2288, 3243)	'离婚'	15585
15384	(353, 97)	'aca'	15586
15385	(5239, 5223)	'恐怕'	15587
15386	(209, 137)	'щ'	15588
15387	(5942, 7814)	'途径'	15589
15388	(3656, 350)	'原因是'	15590
15389	(301, 112)	'asp'	15591
15390	(1141, 49)	' 41'	15592
15391	(3223, 3436)	' raising'	15593
15392	(1109, 154)	'ाच'	15594
15393	(2592, 53)	' 2005'	15595
15394	(2428, 5349)	' editor'	15596
15395	(1485, 132)	b' \xec\x84'	15597
15396	(3393, 179)	b' \xea\xb3'	15598
15397	(11044, 152)	'나'	15599
15398	(595, 1318)	'公立'	15600
15399	(1244, 8833)	'克里斯'	15601
15400	(107, 117)	'ku'	15602
15401	(2521, 110)	'án'	15603
15402	(779, 1181)	'平安'	15604
15403	(1650, 979)	'深化'	15605
15404	(5946, 6671)	' complaint'	15606
15405	(13152, 16188)	'.WEDNESDAY'	15607
15406	(666, 2304)	'本土'	15608
15407	(71, 719)	'God'	15609
15408	(1269, 752)	' blind'	15610
15409	(2377, 2157)	'重要的是'	15611
15410	(1406, 134)	'脆'	15612
15411	(108, 459)	'lers'	15613
15412	(1099, 1907)	'增幅'	15615
15413	(99, 345)	'cow'	15616
15414	(3081, 2660)	' мен'	15617
15415	(11126, 6122)	' என'	15618
15416	(78, 67)	'NC'	15619
15417	(8006, 1000)	' empty'	15620
15418	(2703, 367)	" She's"	15621
15419	(263, 122)	'rez'	15622
15420	(1279, 1184)	'各级'	15623
15421	(390, 1537)	'中山'	15624
15422	(6552, 4732)	' Financial'	15625
15423	(138, 1939)	b'\x8a\xe1\x80\xba\xe1\x80'	15626
15424	(5467, 2937)	'禁止'	15627
15425	(955, 1602)	'影视'	15628
15426	(12429, 841)	' Special'	15629
15427	(607, 4991)	'新鲜'	15630
15428	(2054, 272)	'政府的'	15631
15429	(6852, 9340)	'麻烦'	15632
15430	(1357, 1723)	'消防'	15633
15431	(1834, 846)	'涨价'	15634
15432	(354, 3077)	' Saf'	15635
15433	(1757, 332)	' diet'	15636
15434	(4963, 285)	' losses'	15638
15435	(4010, 162)	'踢'	15639
15436	(427, 1081)	'年至'	15640
15437	(314, 1003)	' nav'	15641
15438	(316, 651)	' gap'	15642
15439	(257, 480)	' ari'	15643
15440	(602, 602)	'ии'	15644
15441	(1760, 495)	'见到'	15645
15442	(4515, 506)	'峰会'	15646
15443	(1141, 55)	' 47'	15647
15444	(2373, 153)	'าน'	15648
15445	(7982, 5071)	'celona'	15649
15446	(2260, 13610)	' Anthony'	15650
15447	(2460, 700)	'占比'	15651
15448	(1421, 107)	' deck'	15653
15449	(3307, 769)	'шт'	15654
15450	(709, 336)	'同一'	15655
15451	(5759, 1093)	'妇女'	15656
15452	(4799, 1305)	'违规'	15657
15453	(7599, 128)	' เ'	15660
15454	(419, 272)	'国的'	15661
15455	(510, 16067)	' Festival'	15662
15456	(5307, 922)	'刑事'	15663
15457	(86, 3544)	'Very'	15664
15458	(3651, 433)	' Once'	15665
15459	(1731, 117)	'aju'	15666
15460	(2670, 8590)	'新浪提示'	15667
15461	(16205, 16197)	'并非正式的新闻报道'	15669
15462	(16211, 16198)	'以沪深交易所的公告为准'	15674
15463	(493, 147)	'靓'	15675
15464	(1141, 54)	' 46'	15676
15465	(538, 590)	'我也'	15677
15466	(16210, 16200)	'一切有关该股的有效信息'	15680
15467	(8527, 16204)	'敬请投资者注意风险'	15681
15468	(7482, 1170)	' regulations'	15682
15469	(210, 163)	'ң'	15683
15470	(8154, 2212)	'赚钱'	15684
15471	(2418, 267)	' moder'	15685
15472	(5233, 324)	' drove'	15686
15473	(410, 187)	'冻'	15687
15474	(49, 1395)	'130'	15688
15475	(1276, 348)	' Head'	15689
15476	(327, 111)	' yo'	15690
15477	(4326, 1350)	'рав'	15691
15478	(2801, 959)	' Space'	15692
15479	(514, 862)	' conven'	15693
15480	(580, 153)	'ங'	15694
15481	(1471, 160)	'悠'	15695
15482	(1455, 54)	'2016'	15696
15483	(821, 115)	'kings'	15697
15484	(607, 534)	'新生'	15698
15485	(344, 157)	'劝'	15699
15486	(284, 7341)	' powers'	15700
15487	(12746, 322)	' corruption'	15701
15488	(5770, 320)	' bottle'	15702
15489	(305, 3573)	' lunch'	15703
15490	(272, 5045)	'的关键'	15704
15491	(350, 521)	'是对'	15705
15492	(272, 1629)	'的就是'	15706
15493	(1145, 621)	' recall'	15708
15494	(670, 176)	'轰'	15709
15495	(991, 506)	'你会'	15710
15496	(1259, 3913)	' brands'	15711
15497	(32, 5080)	' š'	15712
15498	(258, 543)	'inct'	15713
15499	(1259, 2098)	' brows'	15714
15500	(6641, 2560)	' terrorism'	15715
15501	(4866, 322)	' motion'	15716
15502	(1336, 357)	'记者在'	15717
15503	(1330, 3096)	'每个人'	15718
15504	(102, 97)	'fa'	15719
15505	(6777, 459)	' farmers'	15720
15506	(579, 1556)	'学术'	15721
15507	(9433, 708)	'外交部'	15722
15508	(3264, 550)	'登场'	15723
15509	(490, 11478)	' NHL'	15724
15510	(827, 1759)	'重复'	15725
15511	(122, 267)	'zer'	15726
15512	(713, 114)	' spr'	15727
15513	(350, 2569)	'是日本'	15728
15514	(4798, 308)	' magic'	15729
15515	(616, 164)	'愤'	15730
15516	(5538, 9414)	' Patrick'	15731
15517	(922, 545)	'事发'	15732
15518	(1122, 109)	'ım'	15733
15519	(305, 5969)	' links'	15734
15520	(506, 781)	'会长'	15735
15521	(505, 121)	'andy'	15736
15522	(942, 357)	'公司在'	15737
15523	(9067, 156)	'시'	15738
15524	(3253, 2523)	' Editing'	15739
15525	(9673, 4400)	b'\x90\xe1\x80\xbd\xe1\x80\xb1\xe1\x80'	15740
15526	(486, 1058)	'出让'	15741
15527	(286, 1034)	' mail'	15742
15528	(2799, 636)	' charity'	15743
15529	(272, 3742)	'的结果'	15744
15530	(1429, 130)	'樂'	15745
15531	(564, 397)	'他人'	15746
15532	(1143, 8124)	'周刊'	15747
15533	(667, 830)	'得很'	15748
15534	(2816, 479)	" Can't"	15749
15535	(13297, 99)	'ược'	15750
15536	(3660, 4020)	'建筑面积'	15751
15537	(1349, 1308)	'路线'	15752
15538	(1027, 601)	'身高'	15753
15539	(10067, 274)	' veteran'	15754
15540	(3267, 834)	'شر'	15755
15541	(7567, 2043)	'冒险'	15756
15542	(1949, 6238)	'便携'	15757
15543	(356, 3779)	' Tony'	15758
15544	(3336, 2241)	' promote'	15759
15545	(3259, 2098)	' windows'	15760
15546	(2869, 117)	' menu'	15761
15547	(1094, 1504)	'onduct'	15762
15548	(1619, 997)	' finance'	15764
15549	(5786, 3719)	' suspended'	15765
15550	(681, 378)	'将有'	15766
15551	(733, 1900)	'全世界'	15767
15552	(1432, 16203)	'易建联'	15768
15553	(781, 1266)	'长城'	15769
15554	(442, 283)	' king'	15770
15555	(3772, 283)	' joining'	15771
15556	(866, 161)	'ቡ'	15772
15557	(4962, 272)	'传统的'	15773
15558	(16215, 10136)	'阿根廷'	15774
15559	(11223, 1606)	' Charles'	15775
15560	(859, 1163)	' compens'	15776
15561	(5772, 155)	'ướ'	15777
15562	(1291, 3499)	'风云'	15778
15563	(1148, 3402)	'打折'	15779
15564	(3367, 135)	'薇'	15780
15565	(386, 428)	'不上'	15781
15566	(463, 328)	' Hay'	15782
15567	(8978, 382)	' Denver'	15783
15568	(698, 129)	'ශ'	15784
15569	(302, 149)	'夕'	15785
15570	(651, 477)	'apore'	15786
15571	(4112, 425)	' About'	15787
15572	(10234, 10234)	'☆☆'	15788
15573	(767, 7407)	'天劫'	15789
15574	(316, 2340)	' gross'	15791
15575	(2061, 179)	b' \xeb\xb3'	15792
15576	(2367, 1096)	'控股'	15793
15577	(859, 265)	' compon'	15794
15578	(4233, 115)	' suggests'	15796
15579	(446, 105)	'ifi'	15797
15580	(45, 3051)	'-cl'	15798
15581	(56, 1271)	'8000'	15799
15582	(615, 6091)	' Journal'	15800
15583	(5721, 293)	'iscal'	15801
15584	(7353, 690)	'Anyone'	15802
15585	(874, 1971)	'更大的'	15803
15586	(993, 178)	'躲'	15804
15587	(536, 97)	'osa'	15805
15588	(11513, 185)	'蟹'	15806
15589	(16209, 16216)	'新浪不保证其真实性和客观性'	15807
15590	(4649, 886)	'债券基金'	15808
15591	(6904, 3643)	' premium'	15809
15592	(5842, 2142)	'غان'	15810
15593	(5137, 3314)	'夺冠'	15811
15594	(1177, 1627)	'总局'	15812
15595	(9365, 276)	' error'	15813
15596	(16218, 12885)	'本文属于研究报告栏目'	15815
15597	(16220, 8571)	'仅为分析人士对一只股票的个人观点和看法'	15818
15598	(2177, 997)	' instance'	15819
15599	(272, 3894)	'的效果'	15820
15600	(6544, 1188)	'桑德'	15821
15601	(1514, 1133)	'备受'	15822
15602	(282, 7144)	' finger'	15823
15603	(1357, 1810)	'消失'	15824
15604	(2829, 751)	'听说'	15825
15605	(327, 11072)	' yellow'	15826
15606	(506, 1760)	'会见'	15827
15607	(10706, 143)	'●'	15828
15608	(1592, 1951)	' helpful'	15829
15609	(16185, 1724)	' और'	15830
15610	(2086, 3050)	b'\xe0\xa6\xb0\xe0\xa7\x8d\xe0\xa6'	15831
15611	(2459, 1325)	' transition'	15832
15612	(394, 178)	'盲'	15833
15613	(277, 4102)	' bills'	15834
15614	(1674, 54)	'1.6'	15835
15615	(6868, 331)	' slowly'	15836
15616	(12026, 682)	' folks'	15837
15617	(2311, 357)	'早在'	15838
15618	(2649, 6346)	'频繁'	15839
15619	(294, 115)	' ans'	15840
15620	(300, 8292)	' input'	15841
15621	(12985, 738)	' Georgia'	15842
15622	(792, 285)	' ages'	15843
15623	(235, 159)	b'\xeb\x9f'	15844
15624	(1759, 486)	'复出'	15845
15625	(314, 301)	' nas'	15846
15626	(4983, 322)	' profession'	15847
15627	(2447, 285)	' passes'	15848
15628	(2073, 915)	'融入'	15849
15629	(352, 288)	'amar'	15850
15630	(2260, 1794)	' Anton'	15851
15631	(5721, 16217)	'isconsin'	15852
15632	(754, 130)	'ං'	15853
15633	(16170, 5120)	'蔬菜'	15854
15634	(2576, 726)	'大家都'	15855
15635	(666, 2457)	'本轮'	15856
15636	(286, 1636)	' math'	15857
15637	(710, 2001)	'ез'	15858
15638	(935, 799)	'民间'	15859
15639	(67, 3190)	'Comp'	15860
15640	(2991, 10540)	' healthcare'	15861
15641	(1781, 1230)	'转型'	15862
15642	(122, 121)	'zy'	15863
15643	(6061, 135)	'資'	15864
15644	(540, 909)	'日报'	15865
15645	(1549, 378)	'又有'	15866
15646	(74, 101)	'Je'	15867
15647	(4438, 8952)	'触摸'	15868
15648	(6679, 905)	' أن'	15869
15649	(272, 4045)	'的状态'	15870
15650	(103, 105)	'gi'	15871
15651	(67, 4728)	'Clear'	15872
15652	(3252, 842)	' لی'	15873
15653	(513, 140)	'泌'	15874
15654	(3107, 1700)	'判决'	15875
15655	(595, 4398)	'公募'	15876
15656	(3769, 906)	'射手'	15877
15657	(574, 287)	'essed'	15878
15658	(356, 753)	' Take'	15879
15659	(5881, 121)	' beauty'	15880
15660	(4154, 1544)	'网络游戏'	15881
15661	(5951, 914)	'乳房'	15882
15662	(1631, 350)	'真是'	15883
15663	(1409, 5837)	'装扮'	15884
15664	(1826, 503)	'ана'	15885
15665	(386, 975)	'不及'	15886
15666	(1847, 3513)	' relief'	15887
15667	(949, 3569)	'提出了'	15888
15668	(1224, 1288)	'东京'	15889
15669	(377, 774)	' Civ'	15890
15670	(516, 140)	'忌'	15891
15671	(16169, 1953)	' vulner'	15892
15672	(504, 10789)	' sharp'	15893
15673	(45, 72)	'-H'	15894
15674	(1181, 11740)	'安徽'	15895
15675	(3555, 16180)	'震撼'	15896
15676	(601, 906)	'高手'	15897
15677	(2364, 16168)	' numerous'	15898
15678	(2892, 272)	'相关的'	15899
15679	(83, 1911)	'See'	15900
15680	(305, 1428)	' laz'	15901
15681	(1831, 3110)	'phones'	15902
15682	(2053, 834)	' ور'	15903
15683	(354, 11895)	' Social'	15904
15684	(1163, 423)	'ensus'	15905
15685	(1421, 2160)	' decline'	15906
15686	(980, 1983)	'ickets'	15907
15687	(417, 16190)	' Buhari'	15908
15688	(327, 267)	' yer'	15909
15689	(6896, 8416)	'欣赏'	15910
15690	(11249, 16183)	' Tennessee'	15911
15691	(1104, 721)	'感动'	15912
15692	(6901, 574)	'areness'	15913
15693	(2719, 108)	' concl'	15914
15694	(2518, 5008)	' midfield'	15915
15695	(889, 745)	'电力'	15916
15696	(1118, 550)	'战场'	15917
15697	(538, 386)	'我不'	15918
15698	(3113, 997)	' importance'	15919
15699	(546, 608)	' vend'	15920
15700	(1855, 4979)	'积累'	15921
15701	(2495, 148)	'翔'	15922
15702	(4919, 727)	'罚球'	15923
15703	(11322, 992)	'通讯员'	15924
15704	(2719, 1771)	' concert'	15925
15705	(510, 13639)	' Football'	15926
15706	(1343, 267)	'ancer'	15927
15707	(6596, 110)	'ến'	15928
15708	(386, 3362)	'不良'	15929
15709	(935, 1979)	'民众'	15930
15710	(283, 459)	'ingers'	15931
15711	(10924, 729)	' Judge'	15932
15712	(4874, 5801)	' combination'	15933
15713	(32, 197)	b' \xc5'	15934
15714	(9706, 283)	'uilding'	15935
15715	(1278, 2457)	'首轮'	15936
15716	(9310, 160)	'■'	15937
15717	(9890, 2537)	'卧室'	15938
15718	(620, 1169)	'方达'	15939
15719	(552, 8956)	' dozen'	15940
15720	(341, 173)	'旭'	15941
15721	(856, 1627)	'当局'	15942
15722	(712, 288)	' Kar'	15943
15723	(67, 71)	'CG'	15944
15724	(6509, 2541)	'仔细'	15945
15725	(428, 2442)	'上篮'	15946
15726	(2599, 12087)	' aircraft'	15947
15727	(1421, 263)	' decre'	15948
15728	(4892, 3600)	' ਕਰ'	15949
15729	(5185, 12476)	' portfol'	15950
15730	(1365, 2206)	'十字'	15951
15731	(1107, 397)	'无人'	15952
15732	(117, 105)	'ui'	15953
15733	(376, 119)	' Aw'	15954
15734	(46, 78)	'.N'	15955
15735	(16063, 285)	' houses'	15956
15736	(1240, 423)	' accus'	15957
15737	(336, 2119)	'一部分'	15958
15738	(3028, 1124)	'gypt'	15959
15739	(281, 107)	'isk'	15960
15740	(1005, 833)	'保利'	15961
15741	(4635, 115)	' clubs'	15962
15742	(4490, 287)	' ruled'	15963
15743	(2431, 1089)	' letting'	15964
15744	(1382, 2739)	'银河'	15965
15745	(2972, 272)	'学校的'	15966
15746	(954, 2146)	' whenever'	15967
15747	(5540, 5038)	'粉丝'	15968
15748	(9778, 1831)	' Joseph'	15969
15749	(2411, 2542)	'伤病'	15970
15750	(314, 274)	' nan'	15971
15751	(1767, 171)	' ያ'	15972
15752	(71, 5267)	'Google'	15973
15753	(80, 78)	'PN'	15974
15754	(599, 390)	'月中'	15975
15755	(6726, 636)	' priority'	15976
15756	(887, 136)	'馈'	15977
15757	(1759, 777)	'复合'	15978
15758	(7116, 13092)	'煤炭'	15979
15759	(1810, 5126)	'失误'	15980
15760	(305, 348)	' lad'	15981
15761	(6662, 418)	' util'	15982
15762	(814, 2776)	'内衣'	15983
15763	(2515, 97)	'mma'	15984
15764	(1177, 708)	'总部'	15985
15765	(463, 10345)	' Human'	15986
15766	(1013, 406)	' Vill'	15987
15767	(1059, 2237)	' firms'	15988
15768	(12461, 2071)	' acknowled'	15989
15769	(434, 2760)	' rounds'	15990
15770	(1476, 45)	' well-'	15991
15771	(2397, 5352)	' бир'	15992
15772	(1926, 121)	'ày'	15993
15773	(117, 267)	'uer'	15994
15774	(276, 675)	'orough'	15995
15775	(668, 8812)	' unfortunately'	15996
15776	(5043, 1244)	'麦克'	15997
15777	(98, 528)	'bul'	15998
15778	(522, 111)	'abo'	15999
15779	(195, 181)	'õ'	16000
15780	(521, 4664)	'对抗'	16001
15781	(417, 293)	' Bal'	16002
15782	(256, 918)	' tact'	16003
15783	(1281, 1383)	'perform'	16004
15784	(1347, 331)	'rently'	16005
15785	(268, 1776)	' wave'	16006
15786	(13211, 3670)	' Diego'	16007
15787	(2352, 1091)	' capable'	16008
15788	(291, 1098)	' də'	16009
15789	(390, 663)	'中最'	16010
15790	(1643, 149)	'痕'	16011
15791	(13072, 10544)	' Catholic'	16012
15792	(1397, 179)	'岳'	16013
15793	(510, 293)	' Fal'	16014
15794	(907, 527)	' acts'	16015
15795	(672, 911)	'基因'	16016
15796	(4462, 727)	'赢球'	16017
15797	(540, 2450)	'日讯'	16018
15798	(1882, 331)	' monthly'	16019
15799	(393, 183)	'衷'	16020
15800	(9679, 131)	' 것'	16021
15801	(5030, 1239)	'幻想'	16022
15802	(4670, 1894)	'摩根'	16023
15803	(301, 1928)	'aska'	16024
15804	(490, 441)	' Nation'	16025
15805	(69, 288)	'Ear'	16026
15806	(2497, 110)	'ynn'	16027
15807	(278, 1415)	' cock'	16028
15808	(258, 6884)	'inho'	16029
15809	(1301, 397)	'给人'	16030
15810	(848, 133)	'锅'	16031
15811	(5932, 3372)	' convinc'	16032
15812	(78, 79)	'NO'	16033
15813	(345, 97)	'owa'	16034
15814	(833, 776)	'利好'	16035
15815	(294, 12704)	' anonym'	16036
15816	(490, 1080)	' Nob'	16037
15817	(1711, 2939)	' مع'	16038
15818	(8905, 150)	'論'	16039
15819	(7453, 2206)	'赤字'	16040
15820	(1063, 3208)	' scream'	16041
15821	(6736, 637)	'secutive'	16042
15822	(4870, 820)	' loans'	16043
15823	(80, 1821)	'President'	16044
15824	(1674, 56)	'1.8'	16045
15825	(3687, 272)	'消费者的'	16046
15826	(463, 398)	' Hur'	16047
15827	(1295, 678)	'ulture'	16048
15828	(391, 6191)	' Metro'	16049
15829	(1440, 1557)	'亿份'	16050
15830	(709, 1671)	'同步'	16051
15831	(4956, 281)	'inois'	16052
15832	(673, 97)	'uda'	16053
15833	(3120, 97)	'inta'	16054
15834	(356, 480)	' Tri'	16055
15835	(417, 2762)	' Barr'	16056
15836	(3155, 891)	'这是一个'	16057
15837	(1046, 550)	'商场'	16058
15838	(588, 382)	' Ever'	16059
15839	(1195, 1322)	'率先'	16060
15840	(5284, 708)	'财政部'	16061
15841	(4897, 814)	'范围内'	16062
15842	(496, 1555)	' Ross'	16063
15843	(4338, 3793)	' privacy'	16064
15844	(3407, 7227)	' causes'	16065
15845	(552, 1185)	' doors'	16066
15846	(704, 4743)	'ник'	16067
15847	(16173, 1879)	'research'	16068
15848	(1965, 745)	'致力'	16069
15849	(1748, 818)	'试点'	16070
15850	(286, 3020)	' moon'	16071
15851	(1035, 348)	' iad'	16072
15852	(13588, 8317)	'으로'	16073
15853	(2613, 806)	'密度'	16074
15854	(715, 1321)	'之处'	16075
15855	(979, 812)	'化名'	16076
15856	(777, 571)	'合成'	16077
15857	(1838, 1444)	'维拉'	16078
15858	(926, 97)	'ewa'	16079
15859	(10229, 2789)	' inspired'	16080
15860	(72, 2515)	'Hmm'	16081
15861	(2221, 4108)	'कार'	16082
15862	(726, 681)	'都将'	16083
15863	(4526, 104)	'adesh'	16084
15864	(490, 2167)	' Nai'	16085
15865	(297, 803)	' hip'	16086
15866	(3469, 331)	' closely'	16087
15867	(434, 5859)	' rural'	16088
15868	(9377, 134)	'ੀਆ'	16089
15869	(1540, 272)	'快的'	16090
15870	(375, 285)	'unes'	16091
15871	(1394, 706)	'欧美'	16092
15872	(1591, 486)	'走出'	16093
15873	(45, 431)	'-ch'	16094
15874	(13308, 1475)	' heavily'	16095
15875	(2532, 153)	'熙'	16096
15876	(98, 328)	'bay'	16097
15877	(2366, 12728)	'奥斯卡'	16098
15878	(6131, 938)	' prepare'	16099
15879	(1151, 166)	' દ'	16100
15880	(391, 574)	' Mess'	16101
15881	(597, 1324)	'市值'	16102
15882	(3154, 117)	' valu'	16103
15883	(2247, 4689)	'ින්'	16104
15884	(1941, 2508)	' officially'	16105
15885	(2437, 2048)	' payments'	16106
15886	(104, 3405)	'haha'	16107
15887	(1025, 155)	'ኛ'	16108
15888	(388, 158)	'從'	16109
15889	(4985, 272)	'举行的'	16110
15890	(510, 2464)	' Fund'	16111
15891	(114, 114)	'rr'	16112
15892	(2473, 7310)	' continuing'	16113
15893	(710, 1445)	'ег'	16114
15894	(418, 111)	'ilo'	16115
15895	(907, 7986)	' academ'	16116
15896	(668, 1670)	' uncom'	16117
15897	(667, 396)	'得了'	16118
15898	(1773, 111)	'oko'	16119
15899	(1206, 3262)	' roster'	16120
15900	(2391, 16179)	' bitcoin'	16121
15901	(963, 1489)	'从未'	16122
15902	(80, 7741)	'Play'	16123
15903	(1232, 5738)	'奖池'	16124
15904	(5600, 3738)	'ด้'	16125
15905	(4178, 129)	'嫁'	16126
15906	(1622, 1212)	'连接'	16127
15907	(85, 76)	'UL'	16128
15908	(515, 1919)	'thanks'	16129
15909	(642, 267)	'oster'	16130
15910	(402, 574)	'ecess'	16131
15911	(1067, 97)	' tea'	16132
15912	(2045, 369)	' elig'	16133
15913	(443, 150)	'咖'	16134
15914	(320, 103)	'leg'	16135
15915	(4700, 819)	'True'	16136
15916	(1563, 11874)	' coordin'	16137
15917	(865, 168)	'恨'	16138
15918	(377, 76)	' CL'	16139
15919	(1817, 57)	' 99'	16140
15920	(16049, 9560)	' episodes'	16141
15921	(767, 1560)	'天气'	16142
15922	(257, 117)	' au'	16143
15923	(285, 121)	'esy'	16144
15924	(278, 1091)	' cable'	16145
15925	(45, 425)	'-out'	16146
15926	(391, 753)	' Make'	16147
15927	(1071, 1303)	'海南'	16148
15928	(3419, 1717)	'九州'	16149
15929	(378, 2067)	'有一些'	16150
15930	(625, 180)	'渴'	16151
15931	(787, 2116)	'外套'	16152
15932	(462, 467)	'这时'	16153
15933	(4652, 69)	'ILE'	16154
15934	(1559, 1281)	' desper'	16155
15935	(1013, 10876)	' Video'	16156
15936	(84, 2571)	'TER'	16157
15937	(5369, 526)	' label'	16158
15938	(10039, 6635)	' Atlanta'	16159
15939	(546, 626)	' vast'	16160
15940	(116, 102)	'tf'	16161
15941	(287, 287)	'eded'	16162
15942	(1397, 173)	'岭'	16163
15943	(2120, 1195)	'增长率'	16164
15944	(1387, 258)	'ikin'	16165
15945	(457, 177)	'纱'	16166
15946	(386, 486)	'不出'	16167
15947	(5877, 727)	'三分球'	16168
15948	(5235, 1975)	'兑美元'	16169
15949	(2752, 5862)	' listening'	16170
15950	(291, 671)	' dies'	16171
15951	(434, 2386)	' rẹ'	16172
15952	(1278, 3385)	'首映'	16173
15953	(2801, 13937)	' Spanish'	16174
15954	(1880, 6606)	'wauke'	16175
15955	(10933, 785)	'狮子'	16176
15956	(294, 99)	' anc'	16177
15957	(6408, 13800)	'霍华德'	16178
15958	(6592, 6421)	' Syrian'	16179
15959	(7011, 1027)	'瘦身'	16180
15960	(5077, 287)	' targeted'	16181
15961	(2513, 3149)	' depending'	16182
15962	(104, 293)	'hal'	16183
15963	(774, 1571)	'ivals'	16184
15964	(119, 6454)	'whel'	16185
15965	(2014, 5343)	'ије'	16186
15966	(285, 411)	'ester'	16187
15967	(1287, 721)	'变动'	16188
15968	(576, 812)	'多名'	16189
15969	(8126, 7558)	'贯彻'	16190
15970	(5895, 1721)	'广东省'	16191
15971	(76, 1083)	'Love'	16192
15972	(6260, 285)	' trees'	16193
15973	(3192, 11177)	' politicians'	16194
15974	(1172, 1172)	'2020'	16195
15975	(346, 1010)	' beach'	16196
15976	(11528, 5108)	' southern'	16197
15977	(10198, 1020)	' arrang'	16198
15978	(32, 1446)	' 王'	16199
15979	(6920, 115)	'news'	16200
15980	(16189, 3145)	' Society'	16201
15981	(1872, 3331)	'阿森'	16202
15982	(305, 5875)	' lying'	16203
15983	(1679, 923)	' regions'	16204
15984	(263, 107)	'rek'	16205
15985	(1563, 7578)	' coaches'	16206
15986	(431, 111)	'cho'	16207
15987	(87, 1490)	'Watch'	16208
15988	(303, 423)	' thus'	16209
15989	(427, 587)	'年后'	16210
15990	(5028, 1113)	'贝尔'	16211
15991	(1040, 979)	'量化'	16212
15992	(383, 109)	'irm'	16213
15993	(1574, 810)	'的一次'	16214
15994	(7496, 115)	' cells'	16215
15995	(585, 1955)	' libr'	16216
15996	(-1, -1)	'<_EOS_>'	-1
15997	(-1, -1)	'<_SOS_>'	-1
15998	(-1, -1)	'<_SEP_>'	-1
15999	(-1, -1)	'<_PAD_>'	-1
