0	(-1, -1)	b'\x00'	-1
1	(-1, -1)	b'\x01'	-1
2	(-1, -1)	b'\x02'	-1
3	(-1, -1)	b'\x03'	-1
4	(-1, -1)	b'\x04'	-1
5	(-1, -1)	b'\x05'	-1
6	(-1, -1)	b'\x06'	-1
7	(-1, -1)	b'\x07'	-1
8	(-1, -1)	b'\x08'	-1
9	(-1, -1)	b'\t'	-1
10	(-1, -1)	b'\n'	-1
11	(-1, -1)	b'\x0b'	-1
12	(-1, -1)	b'\x0c'	-1
13	(-1, -1)	b'\r'	-1
14	(-1, -1)	b'\x0e'	-1
15	(-1, -1)	b'\x0f'	-1
16	(-1, -1)	b'\x10'	-1
17	(-1, -1)	b'\x11'	-1
18	(-1, -1)	b'\x12'	-1
19	(-1, -1)	b'\x13'	-1
20	(-1, -1)	b'\x14'	-1
21	(-1, -1)	b'\x15'	-1
22	(-1, -1)	b'\x16'	-1
23	(-1, -1)	b'\x17'	-1
24	(-1, -1)	b'\x18'	-1
25	(-1, -1)	b'\x19'	-1
26	(-1, -1)	b'\x1a'	-1
27	(-1, -1)	b'\x1b'	-1
28	(-1, -1)	b'\x1c'	-1
29	(-1, -1)	b'\x1d'	-1
30	(-1, -1)	b'\x1e'	-1
31	(-1, -1)	b'\x1f'	-1
32	(-1, -1)	' '	-1
33	(-1, -1)	'!'	-1
34	(-1, -1)	'"'	-1
35	(-1, -1)	'#'	-1
36	(-1, -1)	'$'	-1
37	(-1, -1)	'%'	-1
38	(-1, -1)	'&'	-1
39	(-1, -1)	"'"	-1
40	(-1, -1)	'('	-1
41	(-1, -1)	')'	-1
42	(-1, -1)	'*'	-1
43	(-1, -1)	'+'	-1
44	(-1, -1)	','	-1
45	(-1, -1)	'-'	-1
46	(-1, -1)	'.'	-1
47	(-1, -1)	'/'	-1
48	(-1, -1)	'0'	-1
49	(-1, -1)	'1'	-1
50	(-1, -1)	'2'	-1
51	(-1, -1)	'3'	-1
52	(-1, -1)	'4'	-1
53	(-1, -1)	'5'	-1
54	(-1, -1)	'6'	-1
55	(-1, -1)	'7'	-1
56	(-1, -1)	'8'	-1
57	(-1, -1)	'9'	-1
58	(-1, -1)	':'	-1
59	(-1, -1)	';'	-1
60	(-1, -1)	'<'	-1
61	(-1, -1)	'='	-1
62	(-1, -1)	'>'	-1
63	(-1, -1)	'?'	-1
64	(-1, -1)	'@'	-1
65	(-1, -1)	'A'	-1
66	(-1, -1)	'B'	-1
67	(-1, -1)	'C'	-1
68	(-1, -1)	'D'	-1
69	(-1, -1)	'E'	-1
70	(-1, -1)	'F'	-1
71	(-1, -1)	'G'	-1
72	(-1, -1)	'H'	-1
73	(-1, -1)	'I'	-1
74	(-1, -1)	'J'	-1
75	(-1, -1)	'K'	-1
76	(-1, -1)	'L'	-1
77	(-1, -1)	'M'	-1
78	(-1, -1)	'N'	-1
79	(-1, -1)	'O'	-1
80	(-1, -1)	'P'	-1
81	(-1, -1)	'Q'	-1
82	(-1, -1)	'R'	-1
83	(-1, -1)	'S'	-1
84	(-1, -1)	'T'	-1
85	(-1, -1)	'U'	-1
86	(-1, -1)	'V'	-1
87	(-1, -1)	'W'	-1
88	(-1, -1)	'X'	-1
89	(-1, -1)	'Y'	-1
90	(-1, -1)	'Z'	-1
91	(-1, -1)	'['	-1
92	(-1, -1)	'\\'	-1
93	(-1, -1)	']'	-1
94	(-1, -1)	'^'	-1
95	(-1, -1)	'_'	-1
96	(-1, -1)	'`'	-1
97	(-1, -1)	'a'	-1
98	(-1, -1)	'b'	-1
99	(-1, -1)	'c'	-1
100	(-1, -1)	'd'	-1
101	(-1, -1)	'e'	-1
102	(-1, -1)	'f'	-1
103	(-1, -1)	'g'	-1
104	(-1, -1)	'h'	-1
105	(-1, -1)	'i'	-1
106	(-1, -1)	'j'	-1
107	(-1, -1)	'k'	-1
108	(-1, -1)	'l'	-1
109	(-1, -1)	'm'	-1
110	(-1, -1)	'n'	-1
111	(-1, -1)	'o'	-1
112	(-1, -1)	'p'	-1
113	(-1, -1)	'q'	-1
114	(-1, -1)	'r'	-1
115	(-1, -1)	's'	-1
116	(-1, -1)	't'	-1
117	(-1, -1)	'u'	-1
118	(-1, -1)	'v'	-1
119	(-1, -1)	'w'	-1
120	(-1, -1)	'x'	-1
121	(-1, -1)	'y'	-1
122	(-1, -1)	'z'	-1
123	(-1, -1)	'{'	-1
124	(-1, -1)	'|'	-1
125	(-1, -1)	'}'	-1
126	(-1, -1)	'~'	-1
127	(-1, -1)	'\x7f'	-1
128	(-1, -1)	b'\x80'	-1
129	(-1, -1)	b'\x81'	-1
130	(-1, -1)	b'\x82'	-1
131	(-1, -1)	b'\x83'	-1
132	(-1, -1)	b'\x84'	-1
133	(-1, -1)	b'\x85'	-1
134	(-1, -1)	b'\x86'	-1
135	(-1, -1)	b'\x87'	-1
136	(-1, -1)	b'\x88'	-1
137	(-1, -1)	b'\x89'	-1
138	(-1, -1)	b'\x8a'	-1
139	(-1, -1)	b'\x8b'	-1
140	(-1, -1)	b'\x8c'	-1
141	(-1, -1)	b'\x8d'	-1
142	(-1, -1)	b'\x8e'	-1
143	(-1, -1)	b'\x8f'	-1
144	(-1, -1)	b'\x90'	-1
145	(-1, -1)	b'\x91'	-1
146	(-1, -1)	b'\x92'	-1
147	(-1, -1)	b'\x93'	-1
148	(-1, -1)	b'\x94'	-1
149	(-1, -1)	b'\x95'	-1
150	(-1, -1)	b'\x96'	-1
151	(-1, -1)	b'\x97'	-1
152	(-1, -1)	b'\x98'	-1
153	(-1, -1)	b'\x99'	-1
154	(-1, -1)	b'\x9a'	-1
155	(-1, -1)	b'\x9b'	-1
156	(-1, -1)	b'\x9c'	-1
157	(-1, -1)	b'\x9d'	-1
158	(-1, -1)	b'\x9e'	-1
159	(-1, -1)	b'\x9f'	-1
160	(-1, -1)	b'\xa0'	-1
161	(-1, -1)	b'\xa1'	-1
162	(-1, -1)	b'\xa2'	-1
163	(-1, -1)	b'\xa3'	-1
164	(-1, -1)	b'\xa4'	-1
165	(-1, -1)	b'\xa5'	-1
166	(-1, -1)	b'\xa6'	-1
167	(-1, -1)	b'\xa7'	-1
168	(-1, -1)	b'\xa8'	-1
169	(-1, -1)	b'\xa9'	-1
170	(-1, -1)	b'\xaa'	-1
171	(-1, -1)	b'\xab'	-1
172	(-1, -1)	b'\xac'	-1
173	(-1, -1)	b'\xad'	-1
174	(-1, -1)	b'\xae'	-1
175	(-1, -1)	b'\xaf'	-1
176	(-1, -1)	b'\xb0'	-1
177	(-1, -1)	b'\xb1'	-1
178	(-1, -1)	b'\xb2'	-1
179	(-1, -1)	b'\xb3'	-1
180	(-1, -1)	b'\xb4'	-1
181	(-1, -1)	b'\xb5'	-1
182	(-1, -1)	b'\xb6'	-1
183	(-1, -1)	b'\xb7'	-1
184	(-1, -1)	b'\xb8'	-1
185	(-1, -1)	b'\xb9'	-1
186	(-1, -1)	b'\xba'	-1
187	(-1, -1)	b'\xbb'	-1
188	(-1, -1)	b'\xbc'	-1
189	(-1, -1)	b'\xbd'	-1
190	(-1, -1)	b'\xbe'	-1
191	(-1, -1)	b'\xbf'	-1
192	(-1, -1)	b'\xc0'	-1
193	(-1, -1)	b'\xc1'	-1
194	(-1, -1)	b'\xc2'	-1
195	(-1, -1)	b'\xc3'	-1
196	(-1, -1)	b'\xc4'	-1
197	(-1, -1)	b'\xc5'	-1
198	(-1, -1)	b'\xc6'	-1
199	(-1, -1)	b'\xc7'	-1
200	(-1, -1)	b'\xc8'	-1
201	(-1, -1)	b'\xc9'	-1
202	(-1, -1)	b'\xca'	-1
203	(-1, -1)	b'\xcb'	-1
204	(-1, -1)	b'\xcc'	-1
205	(-1, -1)	b'\xcd'	-1
206	(-1, -1)	b'\xce'	-1
207	(-1, -1)	b'\xcf'	-1
208	(-1, -1)	b'\xd0'	-1
209	(-1, -1)	b'\xd1'	-1
210	(-1, -1)	b'\xd2'	-1
211	(-1, -1)	b'\xd3'	-1
212	(-1, -1)	b'\xd4'	-1
213	(-1, -1)	b'\xd5'	-1
214	(-1, -1)	b'\xd6'	-1
215	(-1, -1)	b'\xd7'	-1
216	(-1, -1)	b'\xd8'	-1
217	(-1, -1)	b'\xd9'	-1
218	(-1, -1)	b'\xda'	-1
219	(-1, -1)	b'\xdb'	-1
220	(-1, -1)	b'\xdc'	-1
221	(-1, -1)	b'\xdd'	-1
222	(-1, -1)	b'\xde'	-1
223	(-1, -1)	b'\xdf'	-1
224	(-1, -1)	b'\xe0'	-1
225	(-1, -1)	b'\xe1'	-1
226	(-1, -1)	b'\xe2'	-1
227	(-1, -1)	b'\xe3'	-1
228	(-1, -1)	b'\xe4'	-1
229	(-1, -1)	b'\xe5'	-1
230	(-1, -1)	b'\xe6'	-1
231	(-1, -1)	b'\xe7'	-1
232	(-1, -1)	b'\xe8'	-1
233	(-1, -1)	b'\xe9'	-1
234	(-1, -1)	b'\xea'	-1
235	(-1, -1)	b'\xeb'	-1
236	(-1, -1)	b'\xec'	-1
237	(-1, -1)	b'\xed'	-1
238	(-1, -1)	b'\xee'	-1
239	(-1, -1)	b'\xef'	-1
240	(-1, -1)	b'\xf0'	-1
241	(-1, -1)	b'\xf1'	-1
242	(-1, -1)	b'\xf2'	-1
243	(-1, -1)	b'\xf3'	-1
244	(-1, -1)	b'\xf4'	-1
245	(-1, -1)	b'\xf5'	-1
246	(-1, -1)	b'\xf6'	-1
247	(-1, -1)	b'\xf7'	-1
248	(-1, -1)	b'\xf8'	-1
249	(-1, -1)	b'\xf9'	-1
250	(-1, -1)	b'\xfa'	-1
251	(-1, -1)	b'\xfb'	-1
252	(-1, -1)	b'\xfc'	-1
253	(-1, -1)	b'\xfd'	-1
254	(-1, -1)	b'\xfe'	-1
255	(-1, -1)	b'\xff'	-1
256	(32, 116)	' t'	256
257	(32, 97)	' a'	257
258	(104, 101)	'he'	258
259	(105, 110)	'in'	259
260	(114, 101)	're'	260
261	(239, 188)	b'\xef\xbc'	261
262	(256, 258)	' the'	262
263	(111, 110)	'on'	263
264	(32, 115)	' s'	264
265	(101, 114)	'er'	265
266	(228, 184)	b'\xe4\xb8'	266
267	(97, 116)	'at'	267
268	(32, 119)	' w'	268
269	(111, 117)	'ou'	269
270	(105, 116)	'it'	270
271	(261, 140)	'，'	271
272	(32, 111)	' o'	272
273	(32, 99)	' c'	273
274	(105, 115)	'is'	274
275	(101, 110)	'en'	275
276	(32, 98)	' b'	276
277	(97, 110)	'an'	277
278	(101, 115)	'es'	278
279	(32, 102)	' f'	279
280	(111, 114)	'or'	280
281	(259, 103)	'ing'	281
282	(32, 109)	' m'	282
283	(32, 112)	' p'	283
284	(227, 128)	b'\xe3\x80'	284
285	(257, 110)	' an'	285
286	(97, 108)	'al'	286
287	(101, 100)	'ed'	287
288	(32, 100)	' d'	288
289	(256, 111)	' to'	289
290	(228, 186)	b'\xe4\xba'	290
291	(97, 114)	'ar'	291
292	(231, 154)	b'\xe7\x9a'	292
293	(272, 102)	' of'	293
294	(292, 132)	'的'	294
295	(256, 104)	' th'	295
296	(32, 259)	' in'	296
297	(32, 104)	' h'	297
298	(285, 100)	' and'	298
299	(284, 130)	'。'	299
300	(32, 108)	' l'	300
301	(105, 99)	'ic'	301
302	(97, 115)	'as'	302
303	(111, 109)	'om'	303
304	(32, 73)	' I'	304
305	(230, 156)	b'\xe6\x9c'	305
306	(108, 101)	'le'	306
307	(105, 263)	'ion'	307
308	(32, 103)	' g'	308
309	(32, 110)	' n'	309
310	(230, 152)	b'\xe6\x98'	310
311	(108, 108)	'll'	311
312	(118, 101)	've'	312
313	(108, 121)	'ly'	313
314	(115, 116)	'st'	314
315	(32, 121)	' y'	315
316	(229, 143)	b'\xe5\x8f'	316
317	(228, 187)	b'\xe4\xbb'	317
318	(32, 101)	' e'	318
319	(111, 116)	'ot'	319
320	(229, 164)	b'\xe5\xa4'	320
321	(276, 101)	' be'	321
322	(32, 260)	' re'	322
323	(275, 116)	'ent'	323
324	(310, 175)	'是'	324
325	(32, 274)	' is'	325
326	(315, 269)	' you'	326
327	(111, 119)	'ow'	327
328	(228, 189)	b'\xe4\xbd'	328
329	(99, 116)	'ct'	329
330	(101, 116)	'et'	330
331	(32, 270)	' it'	331
332	(228, 185)	b'\xe4\xb9'	332
333	(229, 133)	b'\xe5\x85'	333
334	(114, 111)	'ro'	334
335	(115, 101)	'se'	335
336	(105, 100)	'id'	336
337	(232, 191)	b'\xe8\xbf'	337
338	(229, 156)	b'\xe5\x9c'	338
339	(295, 267)	' that'	339
340	(32, 263)	' on'	340
341	(229, 144)	b'\xe5\x90'	341
342	(230, 136)	b'\xe6\x88'	342
343	(97, 121)	'ay'	343
344	(32, 84)	' T'	344
345	(105, 109)	'im'	345
346	(117, 116)	'ut'	346
347	(279, 280)	' for'	347
348	(226, 128)	b'\xe2\x80'	348
349	(266, 128)	'一'	349
350	(32, 117)	' u'	350
351	(97, 100)	'ad'	351
352	(108, 100)	'ld'	352
353	(97, 109)	'am'	353
354	(229, 174)	b'\xe5\xae'	354
355	(229, 136)	b'\xe5\x88'	355
356	(105, 103)	'ig'	356
357	(229, 176)	b'\xe5\xb0'	357
358	(118, 265)	'ver'	358
359	(266, 141)	'不'	359
360	(99, 104)	'ch'	360
361	(99, 101)	'ce'	361
362	(232, 175)	b'\xe8\xaf'	362
363	(264, 116)	' st'	363
364	(231, 148)	b'\xe7\x94'	364
365	(290, 186)	'人'	365
366	(32, 65)	' A'	366
367	(229, 185)	b'\xe5\xb9'	367
368	(32, 83)	' S'	368
369	(32, 258)	' he'	369
370	(105, 114)	'ir'	370
371	(230, 151)	b'\xe6\x97'	371
372	(111, 108)	'ol'	372
373	(107, 101)	'ke'	373
374	(230, 150)	b'\xe6\x96'	374
375	(229, 173)	b'\xe5\xad'	375
376	(270, 104)	'ith'	376
377	(290, 134)	'了'	377
378	(267, 307)	'ation'	378
379	(229, 155)	b'\xe5\x9b'	379
380	(268, 104)	' wh'	380
381	(229, 141)	b'\xe5\x8d'	381
382	(117, 114)	'ur'	382
383	(229, 190)	b'\xe5\xbe'	383
384	(105, 102)	'if'	384
385	(305, 137)	'有'	385
386	(229, 165)	b'\xe5\xa5'	386
387	(32, 67)	' C'	387
388	(257, 115)	' as'	388
389	(297, 97)	' ha'	389
390	(268, 376)	' with'	390
391	(111, 111)	'oo'	391
392	(257, 260)	' are'	392
393	(268, 101)	' we'	393
394	(269, 116)	'out'	394
395	(114, 97)	'ra'	395
396	(105, 108)	'il'	396
397	(39, 115)	"'s"	397
398	(110, 100)	'nd'	398
399	(342, 145)	'我'	399
400	(261, 159)	'？'	400
401	(116, 265)	'ter'	401
402	(105, 311)	'ill'	402
403	(258, 114)	'her'	403
404	(99, 107)	'ck'	404
405	(111, 112)	'op'	405
406	(231, 156)	b'\xe7\x9c'	406
407	(230, 157)	b'\xe6\x9d'	407
408	(46, 46)	'..'	408
409	(32, 77)	' M'	409
410	(268, 302)	' was'	410
411	(117, 108)	'ul'	411
412	(338, 168)	'在'	412
413	(367, 180)	'年'	413
414	(229, 184)	b'\xe5\xb8'	414
415	(272, 114)	' or'	415
416	(228, 188)	b'\xe4\xbc'	416
417	(269, 352)	'ould'	417
418	(282, 111)	' mo'	418
419	(273, 263)	' con'	419
420	(230, 137)	b'\xe6\x89'	420
421	(264, 101)	' se'	421
422	(231, 187)	b'\xe7\xbb'	422
423	(229, 183)	b'\xe5\xb7'	423
424	(104, 116)	'ht'	425
425	(32, 66)	' B'	426
426	(103, 101)	'ge'	427
427	(288, 101)	' de'	428
428	(309, 319)	' not'	429
429	(32, 114)	' r'	430
430	(389, 312)	' have'	431
431	(39, 116)	"'t"	432
432	(116, 104)	'th'	433
433	(117, 314)	'ust'	434
434	(32, 80)	' P'	435
435	(264, 117)	' su'	436
436	(229, 138)	b'\xe5\x8a'	437
437	(267, 101)	'ate'	438
438	(328, 160)	'你'	439
439	(97, 98)	'ab'	440
440	(278, 115)	'ess'	441
441	(266, 173)	'中'	442
442	(265, 115)	'ers'	443
443	(283, 334)	' pro'	444
444	(320, 167)	'大'	445
445	(264, 104)	' sh'	446
446	(344, 258)	' The'	447
447	(286, 313)	'ally'	448
448	(277, 100)	'and'	449
449	(278, 116)	'est'	450
450	(114, 105)	'ri'	451
451	(117, 115)	'us'	452
452	(277, 116)	'ant'	453
453	(288, 111)	' do'	454
454	(32, 49)	' 1'	455
455	(266, 170)	'个'	456
456	(233, 135)	b'\xe9\x87'	457
457	(273, 303)	' com'	458
458	(257, 116)	' at'	459
459	(309, 101)	' ne'	460
460	(274, 116)	'ist'	461
461	(230, 178)	b'\xe6\xb2'	462
462	(117, 110)	'un'	463
463	(32, 87)	' W'	464
464	(32, 72)	' H'	465
465	(112, 112)	'pp'	466
466	(273, 277)	' can'	467
467	(117, 109)	'um'	468
468	(230, 128)	b'\xe6\x80'	469
469	(295, 274)	' this'	470
470	(229, 147)	b'\xe5\x93'	471
471	(318, 120)	' ex'	472
472	(284, 129)	'、'	473
473	(114, 303)	'rom'	474
474	(282, 101)	' me'	475
475	(300, 105)	' li'	476
476	(32, 106)	' j'	477
477	(232, 174)	b'\xe8\xae'	478
478	(32, 107)	' k'	479
479	(332, 136)	'么'	480
480	(266, 186)	'为'	481
481	(32, 68)	' D'	482
482	(337, 153)	'这'	483
483	(231, 167)	b'\xe7\xa7'	484
484	(110, 116)	'nt'	485
485	(111, 115)	'os'	486
486	(232, 128)	b'\xe8\x80'	487
487	(50, 48)	'20'	488
488	(232, 167)	b'\xe8\xa7'	489
489	(113, 117)	'qu'	490
490	(32, 118)	' v'	491
491	(32, 32)	'  '	492
492	(261, 137)	'）'	493
493	(261, 136)	'（'	494
494	(276, 346)	' but'	495
495	(356, 424)	'ight'	496
496	(257, 108)	' al'	497
497	(303, 101)	'ome'	498
498	(97, 259)	'ain'	499
499	(229, 135)	b'\xe5\x87'	500
500	(229, 140)	b'\xe5\x8c'	501
501	(229, 186)	b'\xe5\xba'	502
502	(109, 323)	'ment'	503
503	(231, 137)	b'\xe7\x89'	504
504	(379, 189)	'国'	505
505	(229, 188)	b'\xe5\xbc'	506
506	(229, 142)	b'\xe5\x8e'	507
507	(264, 111)	' so'	508
508	(260, 115)	'res'	509
509	(112, 101)	'pe'	510
510	(229, 146)	b'\xe5\x92'	511
511	(232, 135)	b'\xe8\x87'	512
512	(101, 109)	'em'	513
513	(105, 312)	'ive'	514
514	(230, 173)	b'\xe6\xad'	515
515	(229, 134)	b'\xe5\x86'	516
516	(273, 104)	' ch'	517
517	(232, 161)	b'\xe8\xa1'	518
518	(279, 473)	' from'	519
519	(270, 121)	'ity'	520
520	(257, 98)	' ab'	521
521	(269, 114)	'our'	522
522	(32, 69)	' E'	523
523	(32, 70)	' F'	524
524	(32, 71)	' G'	525
525	(229, 175)	b'\xe5\xaf'	526
526	(233, 128)	b'\xe9\x80'	527
527	(269, 103)	'oug'	528
528	(230, 160)	b'\xe6\xa0'	529
529	(262, 121)	' they'	530
530	(357, 177)	'就'	531
531	(32, 78)	' N'	532
532	(105, 278)	'ies'	533
533	(101, 108)	'el'	534
534	(229, 191)	b'\xe5\xbf'	535
535	(32, 82)	' R'	536
536	(231, 155)	b'\xe7\x9b'	537
537	(229, 177)	b'\xe5\xb1'	538
538	(233, 129)	b'\xe9\x81'	539
539	(232, 166)	b'\xe8\xa6'	540
540	(510, 140)	'和'	541
541	(291, 116)	'art'	542
542	(32, 76)	' L'	543
543	(230, 176)	b'\xe6\xb0'	544
544	(276, 121)	' by'	545
545	(326, 114)	' your'	546
546	(275, 100)	'end'	547
547	(230, 131)	b'\xe6\x83'	548
548	(283, 108)	' pl'	549
549	(286, 108)	'all'	550
550	(268, 280)	' wor'	551
551	(231, 142)	b'\xe7\x8e'	552
552	(280, 116)	'ort'	553
553	(291, 100)	'ard'	554
554	(230, 149)	b'\xe6\x95'	555
555	(117, 100)	'ud'	556
556	(266, 138)	'上'	557
557	(229, 145)	b'\xe5\x91'	558
558	(230, 179)	b'\xe6\xb3'	559
559	(229, 166)	b'\xe5\xa6'	560
560	(232, 181)	b'\xe8\xb5'	561
561	(300, 101)	' le'	562
562	(260, 100)	'red'	563
563	(475, 373)	' like'	564
564	(257, 311)	' all'	565
565	(386, 189)	'好'	566
566	(282, 121)	' my'	567
567	(302, 116)	'ast'	568
568	(317, 165)	'以'	569
569	(391, 100)	'ood'	570
570	(353, 101)	'ame'	571
571	(539, 129)	'要'	572
572	(99, 105)	'ci'	573
573	(268, 258)	' whe'	574
574	(84, 258)	'The'	575
575	(229, 189)	b'\xe5\xbd'	576
576	(97, 107)	'ak'	577
577	(263, 101)	'one'	578
578	(406, 139)	'看'	579
579	(233, 151)	b'\xe9\x97'	580
580	(233, 14000)	'都'	581
581	(111, 100)	'od'	582
582	(102, 101)	'fe'	583
583	(230, 139)	b'\xe6\x8b'	584
584	(233, 157)	b'\xe9\x9d'	585
585	(364, 159)	'生'	586
586	(371, 165)	'日'	587
587	(230, 148)	b'\xe6\x94'	588
588	(407, 165)	'来'	589
589	(107, 115)	'ks'	590
590	(105, 101)	'ie'	591
591	(416, 154)	'会'	592
592	(231, 130)	b'\xe7\x82'	593
593	(348, 153)	'’'	594
594	(259, 101)	'ine'	595
595	(105, 118)	'iv'	596
596	(230, 175)	b'\xe6\xaf'	597
597	(114, 121)	'ry'	598
598	(97, 103)	'ag'	599
599	(32, 79)	' O'	600
600	(476, 433)	' just'	601
601	(230, 132)	b'\xe6\x84'	602
602	(336, 101)	'ide'	603
603	(354, 182)	'家'	604
604	(233, 153)	b'\xe9\x99'	605
605	(340, 101)	' one'	606
606	(261, 154)	'：'	607
607	(117, 260)	'ure'	608
608	(350, 115)	' us'	609
609	(112, 116)	'pt'	610
610	(269, 398)	'ound'	611
611	(355, 176)	'到'	612
612	(261, 129)	'！'	613
613	(259, 100)	'ind'	614
614	(230, 181)	b'\xe6\xb5'	615
615	(527, 104)	'ough'	616
616	(230, 138)	b'\xe6\x8a'	617
617	(375, 144)	'子'	618
618	(350, 112)	' up'	619
619	(104, 267)	'hat'	620
620	(511, 170)	'自'	621
621	(101, 291)	'ear'	622
622	(269, 115)	'ous'	623
623	(362, 180)	'说'	624
624	(229, 137)	b'\xe5\x89'	625
625	(32, 394)	' out'	626
626	(332, 159)	'也'	627
627	(317, 150)	'他'	628
628	(304, 39)	" I'"	629
629	(320, 154)	'多'	630
630	(268, 417)	' would'	631
631	(348, 156)	'“'	632
632	(268, 402)	' will'	633
633	(231, 190)	b'\xe7\xbe'	634
634	(348, 157)	'”'	635
635	(358, 121)	'very'	636
636	(97, 99)	'ac'	637
637	(418, 260)	' more'	638
638	(232, 139)	b'\xe8\x8b'	639
639	(97, 373)	'ake'	640
640	(263, 103)	'ong'	641
641	(461, 161)	'没'	642
642	(112, 265)	'per'	643
643	(308, 330)	' get'	644
644	(301, 104)	'ich'	645
645	(231, 136)	b'\xe7\x88'	646
646	(116, 403)	'ther'	647
647	(308, 111)	' go'	648
648	(32, 74)	' J'	649
649	(230, 158)	b'\xe6\x9e'	650
650	(111, 260)	'ore'	651
651	(110, 431)	"n't"	652
652	(296, 116)	' int'	653
653	(97, 404)	'ack'	654
654	(233, 130)	b'\xe9\x82'	655
655	(229, 128)	b'\xe5\x80'	656
656	(115, 111)	'so'	657
657	(111, 103)	'og'	658
658	(520, 394)	' about'	659
659	(259, 107)	'ink'	660
660	(383, 151)	'得'	661
661	(230, 172)	b'\xe6\xac'	662
662	(371, 182)	'时'	663
663	(110, 327)	'now'	664
664	(231, 144)	b'\xe7\x90'	665
665	(232, 14000)	'能'	666
666	(97, 117)	'au'	667
667	(112, 108)	'pl'	668
668	(32, 384)	' if'	669
669	(97, 329)	'act'	670
670	(316, 175)	'可'	671
671	(305, 136)	'月'	672
672	(231, 186)	b'\xe7\xba'	673
673	(32, 345)	' im'	674
674	(32, 275)	' en'	675
675	(229, 149)	b'\xe5\x95'	676
676	(317, 128)	'什'	677
677	(337, 152)	'还'	678
678	(264, 497)	' some'	679
679	(262, 370)	' their'	680
680	(48, 48)	'00'	681
681	(277, 115)	'ans'	682
682	(49, 57)	'19'	683
683	(456, 140)	'里'	684
684	(499, 186)	'出'	685
685	(230, 180)	b'\xe6\xb4'	686
686	(375, 166)	'学'	687
687	(297, 302)	' has'	688
688	(676, 479)	'什么'	689
689	(338, 176)	'地'	690
690	(233, 155)	b'\xe9\x9b'	691
691	(97, 426)	'age'	692
692	(230, 153)	b'\xe6\x99'	693
693	(320, 169)	'天'	694
694	(307, 115)	'ions'	695
695	(111, 314)	'ost'	696
696	(262, 109)	' them'	697
697	(345, 101)	'ime'	698
698	(301, 101)	'ice'	699
699	(290, 142)	'于'	700
700	(232, 190)	b'\xe8\xbe'	701
701	(256, 101)	' te'	702
702	(559, 130)	'如'	703
703	(267, 287)	'ated'	704
704	(257, 114)	' ar'	705
705	(283, 101)	' pe'	706
706	(408, 46)	'...'	707
707	(232, 180)	b'\xe8\xb4'	708
708	(105, 122)	'iz'	709
709	(282, 277)	' man'	710
710	(285, 121)	' any'	711
711	(270, 101)	'ite'	712
712	(478, 663)	' know'	713
713	(262, 260)	' there'	714
714	(257, 100)	' ad'	715
715	(229, 159)	b'\xe5\x9f'	716
716	(266, 139)	'下'	717
717	(230, 184)	b'\xe6\xb8'	718
718	(233, 131)	b'\xe9\x83'	719
719	(101, 112)	'ep'	720
720	(341, 142)	'后'	721
721	(228, 191)	b'\xe4\xbf'	722
722	(380, 267)	' what'	723
723	(295, 277)	' than'	724
724	(97, 112)	'ap'	725
725	(333, 172)	'公'	726
726	(337, 135)	'过'	727
727	(32, 85)	' U'	728
728	(118, 275)	'ven'	729
729	(231, 171)	b'\xe7\xab'	730
730	(297, 274)	' his'	731
731	(97, 260)	'are'	732
732	(304, 116)	' It'	733
733	(301, 286)	'ical'	734
734	(273, 108)	' cl'	735
735	(405, 306)	'ople'	736
736	(317, 172)	'们'	737
737	(231, 172)	b'\xe7\xac'	738
738	(98, 306)	'ble'	739
739	(232, 183)	b'\xe8\xb7'	740
740	(114, 117)	'ru'	741
741	(342, 144)	'成'	742
742	(263, 431)	"on't"	743
743	(338, 139)	'國'	744
744	(111, 335)	'ose'	745
745	(230, 155)	b'\xe6\x9b'	746
746	(272, 646)	' other'	747
747	(573, 110)	' when'	748
748	(230, 142)	b'\xe6\x8e'	749
749	(279, 101)	' fe'	750
750	(233, 152)	b'\xe9\x98'	751
751	(260, 267)	'reat'	752
752	(229, 129)	b'\xe5\x81'	753
753	(233, 149)	b'\xe9\x95'	754
754	(439, 306)	'able'	755
755	(380, 644)	' which'	756
756	(105, 97)	'ia'	757
757	(332, 139)	'之'	758
758	(393, 260)	' were'	759
759	(558, 149)	'法'	760
760	(231, 159)	b'\xe7\x9f'	761
761	(344, 104)	' Th'	762
762	(349, 455)	'一个'	763
763	(99, 99)	'cc'	764
764	(457, 112)	' comp'	765
765	(654, 163)	'那'	766
766	(290, 139)	'事'	767
767	(266, 187)	'主'	768
768	(391, 107)	'ook'	769
769	(105, 112)	'ip'	770
770	(230, 177)	b'\xe6\xb1'	771
771	(343, 115)	'ays'	772
772	(364, 168)	'用'	773
773	(517, 140)	'行'	774
774	(232, 165)	b'\xe8\xa5'	775
775	(357, 143)	'小'	776
776	(380, 111)	' who'	777
777	(288, 274)	' dis'	778
778	(32, 50)	' 2'	779
779	(328, 156)	'作'	780
780	(506, 187)	'去'	781
781	(305, 128)	'最'	782
782	(705, 735)	' people'	783
783	(419, 116)	' cont'	784
784	(232, 176)	b'\xe8\xb0'	785
785	(305, 172)	'本'	786
786	(411, 116)	'ult'	787
787	(283, 260)	' pre'	788
788	(233, 171)	b'\xe9\xab'	789
789	(374, 185)	'方'	790
790	(534, 131)	'心'	791
791	(774, 191)	'西'	792
792	(302, 115)	'ass'	793
793	(538, 147)	'道'	794
794	(89, 269)	'You'	795
795	(232, 189)	b'\xe8\xbd'	796
796	(525, 185)	'对'	797
797	(232, 162)	b'\xe8\xa2'	798
798	(98, 265)	'ber'	799
799	(309, 111)	' no'	800
800	(256, 697)	' time'	801
801	(666, 335)	'ause'	802
802	(257, 103)	' ag'	803
803	(264, 97)	' sa'	804
804	(295, 659)	' think'	805
805	(232, 136)	b'\xe8\x88'	806
806	(233, 162)	b'\xe9\xa2'	807
807	(414, 130)	'市'	808
808	(638, 177)	'英'	809
809	(302, 101)	'ase'	810
810	(230, 140)	b'\xe6\x8c'	812
811	(32, 489)	' qu'	813
812	(297, 351)	' had'	814
813	(350, 110)	' un'	815
814	(329, 307)	'ction'	816
815	(547, 179)	'想'	817
816	(231, 173)	b'\xe7\xad'	818
817	(355, 134)	'分'	819
818	(280, 109)	'orm'	820
819	(97, 104)	'ah'	821
820	(383, 136)	'很'	822
821	(341, 141)	'名'	823
822	(322, 115)	' res'	824
823	(593, 115)	'’s'	825
824	(231, 153)	b'\xe7\x99'	826
825	(264, 112)	' sp'	827
826	(491, 491)	'    '	828
827	(297, 327)	' how'	829
828	(231, 168)	b'\xe7\xa8'	830
829	(97, 361)	'ace'	831
830	(233, 166)	b'\xe9\xa6'	832
831	(296, 99)	' inc'	833
832	(312, 108)	'vel'	834
833	(718, 168)	'部'	835
834	(100, 117)	'du'	836
835	(101, 311)	'ell'	837
836	(32, 487)	' 20'	838
837	(291, 121)	'ary'	839
838	(111, 99)	'oc'	840
839	(386, 179)	'女'	841
840	(110, 101)	'ne'	842
841	(117, 101)	'ue'	843
842	(260, 101)	'ree'	844
843	(231, 149)	b'\xe7\x95'	845
844	(304, 110)	' In'	846
845	(301, 107)	'ick'	847
846	(274, 104)	'ish'	848
847	(277, 361)	'ance'	849
848	(308, 114)	' gr'	850
849	(105, 352)	'ild'	851
850	(102, 102)	'ff'	852
851	(233, 154)	b'\xe9\x9a'	853
852	(496, 656)	' also'	854
853	(321, 275)	' been'	855
854	(97, 118)	'av'	856
855	(275, 361)	'ence'	857
856	(229, 167)	b'\xe5\xa7'	858
857	(315, 621)	' year'	859
858	(97, 360)	'ach'	860
859	(32, 75)	' K'	861
860	(374, 175)	'斯'	862
861	(288, 742)	" don't"	863
862	(229, 150)	b'\xe5\x96'	864
863	(328, 141)	'位'	865
864	(551, 176)	'现'	866
865	(231, 180)	b'\xe7\xb4'	867
866	(105, 260)	'ire'	868
867	(633, 142)	'美'	869
868	(378, 115)	'ations'	870
869	(232, 129)	b'\xe8\x81'	871
870	(283, 265)	' per'	872
871	(316, 145)	'发'	873
872	(333, 182)	'其'	874
873	(288, 336)	' did'	875
874	(528, 183)	'样'	876
875	(269, 484)	'ount'	877
876	(797, 171)	'被'	878
877	(231, 169)	b'\xe7\xa9'	879
878	(284, 139)	'》'	880
879	(284, 138)	'《'	881
880	(32, 51)	' 3'	882
881	(260, 110)	'ren'	883
882	(624, 141)	'前'	884
883	(256, 114)	' tr'	885
884	(788, 152)	'高'	886
885	(340, 313)	' only'	887
886	(406, 159)	'真'	888
887	(275, 115)	'ens'	889
888	(321, 116)	' bet'	890
889	(231, 157)	b'\xe7\x9d'	891
890	(259, 116)	'int'	892
891	(280, 100)	'ord'	893
892	(105, 306)	'ile'	894
893	(117, 98)	'ub'	895
894	(257, 109)	' am'	896
895	(267, 265)	'ater'	897
896	(508, 115)	'ress'	898
897	(550, 107)	' work'	899
898	(84, 104)	'Th'	900
899	(584, 162)	'面'	901
900	(231, 132)	b'\xe7\x84'	902
901	(283, 541)	' part'	903
902	(228, 190)	b'\xe4\xbe'	904
903	(356, 110)	'ign'	905
904	(283, 114)	' pr'	906
905	(281, 115)	'ings'	907
906	(263, 100)	'ond'	908
907	(257, 329)	' act'	909
908	(272, 358)	' over'	910
909	(117, 360)	'uch'	911
910	(257, 465)	' app'	912
911	(470, 136)	'哈'	913
912	(232, 170)	b'\xe8\xaa'	914
913	(327, 110)	'own'	915
914	(277, 103)	'ang'	916
915	(374, 188)	'於'	917
916	(486, 140)	'而'	918
917	(104, 281)	'hing'	919
918	(368, 116)	' St'	920
919	(362, 173)	'语'	921
920	(273, 111)	' co'	922
921	(231, 189)	b'\xe7\xbd'	923
922	(328, 149)	'何'	924
923	(592, 186)	'為'	925
924	(459, 287)	' need'	926
925	(308, 569)	' good'	927
926	(232, 138)	b'\xe8\x8a'	928
927	(230, 129)	b'\xe6\x81'	929
928	(673, 112)	' imp'	930
929	(230, 188)	b'\xe6\xbc'	931
930	(290, 155)	'些'	932
931	(628, 109)	" I'm"	933
932	(105, 286)	'ial'	934
933	(276, 108)	' bl'	935
934	(231, 174)	b'\xe7\xae'	936
935	(283, 111)	' po'	937
936	(293, 102)	' off'	938
937	(737, 172)	'第'	939
938	(232, 182)	b'\xe8\xb6'	940
939	(289, 111)	' too'	941
940	(280, 121)	'ory'	942
941	(348, 148)	'—'	943
942	(323, 115)	'ents'	944
943	(420, 128)	'所'	945
944	(381, 151)	'南'	946
945	(423, 177)	'己'	947
946	(351, 101)	'ade'	948
947	(664, 134)	'理'	949
948	(116, 121)	'ty'	950
949	(421, 101)	' see'	951
950	(232, 130)	b'\xe8\x82'	952
951	(652, 111)	' into'	953
952	(675, 138)	'啊'	954
953	(273, 417)	' could'	955
954	(264, 509)	' spe'	956
955	(117, 404)	'uck'	957
956	(543, 145)	'民'	958
957	(331, 397)	" it's"	959
958	(620, 945)	'自己'	960
959	(398, 265)	'nder'	961
960	(370, 314)	'irst'	962
961	(104, 121)	'hy'	963
962	(39, 260)	"'re"	964
963	(374, 135)	'文'	965
964	(229, 187)	b'\xe5\xbb'	966
965	(350, 335)	' use'	967
966	(282, 343)	' may'	968
967	(548, 343)	' play'	969
968	(900, 182)	'然'	970
969	(341, 140)	'同'	971
970	(453, 278)	' does'	972
971	(445, 417)	' should'	973
972	(297, 345)	' him'	974
973	(483, 141)	'种'	975
974	(233, 187)	b'\xe9\xbb'	976
975	(488, 137)	'觉'	977
976	(233, 163)	b'\xe9\xa3'	978
977	(270, 307)	'ition'	979
978	(760, 165)	'知'	980
979	(310, 142)	'明'	981
980	(282, 909)	' much'	982
981	(601, 143)	'意'	983
982	(105, 622)	'ious'	984
983	(231, 165)	b'\xe7\xa5'	985
984	(229, 157)	b'\xe5\x9d'	986
985	(111, 312)	'ove'	987
986	(308, 117)	' gu'	988
987	(500, 151)	'北'	989
988	(369, 114)	' her'	990
989	(117, 447)	'ually'	991
990	(505, 128)	'开'	992
991	(316, 170)	'只'	993
992	(264, 99)	' sc'	994
993	(270, 116)	'itt'	995
994	(232, 137)	b'\xe8\x89'	996
995	(257, 102)	' af'	997
996	(318, 635)	' every'	998
997	(105, 277)	'ian'	999
998	(268, 452)	' want'	1000
999	(32, 86)	' V'	1001
1000	(560, 183)	'起'	1002
1001	(280, 115)	'ors'	1003
1002	(263, 115)	'ons'	1004
1003	(331, 115)	' its'	1005
1004	(503, 185)	'特'	1006
1005	(119, 101)	'we'	1007
1006	(322, 447)	' really'	1008
1007	(387, 104)	' Ch'	1009
1008	(262, 110)	' then'	1010
1009	(282, 639)	' make'	1011
1010	(309, 327)	' now'	1012
1011	(596, 148)	'比'	1013
1012	(459, 119)	' new'	1014
1013	(109, 265)	'mer'	1015
1014	(229, 163)	b'\xe5\xa3'	1016
1015	(503, 169)	'物'	1017
1016	(73, 116)	'It'	1018
1017	(547, 133)	'情'	1019
1018	(367, 179)	'平'	1020
1019	(418, 314)	' most'	1021
1020	(266, 137)	'三'	1022
1021	(14001, 801)	' because'	1023
1022	(355, 171)	'别'	1024
1023	(99, 278)	'ces'	1025
1024	(32, 105)	' i'	1026
1025	(231, 177)	b'\xe7\xb1'	1027
1026	(101, 329)	'ect'	1028
1027	(422, 143)	'经'	1029
1028	(614, 183)	'海'	1030
1029	(322, 99)	' rec'	1031
1030	(454, 57)	' 19'	1032
1031	(303, 330)	'omet'	1033
1032	(317, 163)	'代'	1034
1033	(288, 384)	' dif'	1035
1034	(256, 119)	' tw'	1036
1035	(97, 396)	'ail'	1037
1036	(260, 484)	'rent'	1038
1037	(468, 142)	'怎'	1039
1038	(364, 177)	'由'	1040
1039	(592, 185)	'点'	1041
1040	(279, 108)	' fl'	1042
1041	(32, 334)	' ro'	1043
1042	(318, 728)	' even'	1044
1043	(358, 115)	'vers'	1045
1044	(279, 960)	' first'	1046
1045	(582, 329)	'fect'	1047
1046	(341, 151)	'吗'	1048
1047	(379, 160)	'因'	1049
1048	(276, 117)	' bu'	1050
1049	(374, 176)	'新'	1051
1050	(110, 281)	'ning'	1052
1051	(641, 385)	'没有'	1053
1052	(111, 98)	'ob'	1054
1053	(354, 154)	'定'	1055
1054	(753, 191)	'长'	1056
1055	(264, 121)	' sy'	1057
1056	(262, 335)	' these'	1058
1057	(441, 504)	'中国'	1059
1058	(371, 160)	'无'	1060
1059	(350, 959)	' under'	1061
1060	(359, 324)	'不是'	1062
1061	(335, 108)	'sel'	1063
1062	(194, 183)	'·'	1064
1063	(436, 168)	'动'	1065
1064	(912, 158)	'語'	1066
1065	(457, 109)	' comm'	1067
1066	(393, 311)	' well'	1068
1067	(266, 150)	'世'	1069
1068	(429, 495)	' right'	1070
1069	(356, 104)	'igh'	1071
1070	(232, 144)	b'\xe8\x90'	1072
1071	(468, 167)	'性'	1073
1072	(300, 768)	' look'	1074
1073	(420, 139)	'手'	1075
1074	(102, 818)	'form'	1076
1075	(233, 161)	b'\xe9\xa1'	1077
1076	(301, 116)	'ict'	1078
1077	(268, 343)	' way'	1079
1078	(483, 145)	'科'	1080
1079	(364, 183)	'男'	1081
1080	(102, 650)	'fore'	1082
1081	(229, 139)	b'\xe5\x8b'	1083
1082	(118, 287)	'ved'	1084
1083	(889, 128)	'着'	1085
1084	(232, 168)	b'\xe8\xa8'	1086
1085	(316, 163)	'口'	1087
1086	(328, 134)	'但'	1088
1087	(537, 177)	'山'	1089
1088	(333, 168)	'全'	1090
1089	(116, 101)	'te'	1091
1090	(295, 114)	' thr'	1092
1091	(49, 48)	'10'	1093
1092	(264, 258)	' she'	1094
1093	(816, 137)	'等'	1095
1094	(649, 156)	'果'	1096
1095	(543, 180)	'水'	1097
1096	(267, 278)	'ates'	1098
1097	(117, 286)	'ual'	1099
1098	(501, 166)	'度'	1100
1099	(661, 161)	'次'	1101
1100	(369, 108)	' hel'	1102
1101	(601, 159)	'感'	1103
1102	(355, 169)	'利'	1104
1103	(274, 115)	'iss'	1105
1104	(486, 129)	'老'	1106
1105	(231, 166)	b'\xe7\xa6'	1107
1106	(108, 278)	'les'	1108
1107	(363, 555)	' stud'	1109
1108	(354, 158)	'实'	1110
1109	(316, 138)	'及'	1111
1110	(112, 104)	'ph'	1112
1111	(118, 281)	'ving'	1113
1112	(320, 170)	'太'	1114
1113	(111, 121)	'oy'	1115
1114	(436, 160)	'加'	1116
1115	(372, 657)	'olog'	1117
1116	(464, 101)	' He'	1118
1117	(258, 100)	'hed'	1119
1118	(233, 159)	b'\xe9\x9f'	1120
1119	(264, 343)	' say'	1121
1120	(112, 306)	'ple'	1122
1121	(406, 129)	'省'	1123
1122	(32, 521)	' our'	1124
1123	(116, 281)	'ting'	1125
1124	(587, 191)	'政'	1126
1125	(276, 653)	' back'	1127
1126	(294, 349)	'的一'	1128
1127	(266, 156)	'东'	1129
1128	(554, 153)	'教'	1130
1129	(419, 115)	' cons'	1131
1130	(288, 278)	' des'	1132
1131	(401, 110)	'tern'	1133
1132	(257, 763)	' acc'	1134
1133	(500, 186)	'区'	1135
1134	(536, 184)	'相'	1136
1135	(98, 101)	'be'	1137
1136	(231, 129)	b'\xe7\x81'	1138
1137	(470, 170)	'哪'	1139
1138	(231, 179)	b'\xe7\xb3'	1140
1139	(752, 154)	'做'	1141
1140	(264, 265)	' ser'	1142
1141	(364, 181)	'电'	1143
1142	(342, 150)	'或'	1144
1143	(761, 274)	' This'	1145
1144	(32, 52)	' 4'	1146
1145	(231, 131)	b'\xe7\x83'	1147
1146	(103, 114)	'gr'	1148
1147	(436, 155)	'力'	1149
1148	(276, 114)	' br'	1150
1149	(1100, 112)	' help'	1151
1150	(486, 133)	'者'	1152
1151	(363, 402)	' still'	1153
1152	(575, 147)	'当'	1154
1153	(530, 324)	'就是'	1155
1154	(32, 635)	' very'	1156
1155	(383, 183)	'德'	1157
1156	(670, 568)	'可以'	1158
1157	(231, 164)	b'\xe7\xa4'	1159
1158	(319, 403)	'other'	1160
1159	(291, 107)	'ark'	1161
1160	(384, 301)	'ific'	1163
1161	(362, 157)	'话'	1164
1162	(105, 98)	'ib'	1165
1163	(362, 165)	'该'	1166
1164	(232, 186)	b'\xe8\xba'	1167
1165	(485, 115)	'oss'	1168
1166	(341, 136)	'合'	1169
1167	(117, 311)	'ull'	1170
1168	(527, 424)	'ought'	1171
1169	(120, 116)	'xt'	1172
1170	(274, 101)	'ise'	1173
1171	(264, 109)	' sm'	1174
1172	(645, 177)	'爱'	1175
1173	(32, 53)	' 5'	1176
1174	(233, 169)	b'\xe9\xa9'	1177
1175	(230, 183)	b'\xe6\xb7'	1178
1176	(97, 119)	'aw'	1179
1177	(386, 185)	'她'	1180
1178	(579, 174)	'问'	1181
1179	(422, 153)	'给'	1182
1180	(379, 158)	'回'	1183
1181	(739, 175)	'路'	1184
1182	(267, 281)	'ating'	1185
1183	(423, 165)	'工'	1186
1184	(709, 121)	' many'	1187
1185	(316, 136)	'又'	1188
1186	(333, 139)	'克'	1189
1187	(320, 150)	'外'	1190
1188	(32, 395)	' ra'	1191
1189	(263, 116)	'ont'	1192
1190	(423, 158)	'州'	1193
1191	(322, 108)	' rel'	1194
1192	(322, 109)	' rem'	1195
1193	(264, 1031)	' somet'	1196
1194	(328, 147)	'体'	1197
1195	(232, 132)	b'\xe8\x84'	1198
1196	(296, 100)	' ind'	1199
1197	(456, 141)	'重'	1200
1198	(341, 167)	'吧'	1201
1199	(608, 287)	' used'	1202
1200	(514, 163)	'正'	1203
1201	(231, 139)	b'\xe7\x8b'	1204
1202	(1034, 111)	' two'	1205
1203	(32, 373)	' ke'	1206
1204	(117, 112)	'up'	1207
1205	(319, 104)	'oth'	1208
1206	(375, 184)	'學'	1209
1207	(583, 137)	'拉'	1210
1208	(803, 336)	' said'	1211
1209	(384, 101)	'ife'	1212
1210	(230, 159)	b'\xe6\x9f'	1213
1211	(573, 260)	' where'	1214
1212	(714, 100)	' add'	1215
1213	(575, 177)	'影'	1216
1214	(929, 148)	'演'	1217
1215	(702, 922)	'如何'	1218
1216	(233, 156)	b'\xe9\x9c'	1220
1217	(32, 89)	' Y'	1221
1218	(995, 401)	' after'	1222
1219	(233, 148)	b'\xe9\x94'	1223
1220	(321, 281)	' being'	1224
1221	(232, 153)	b'\xe8\x99'	1225
1222	(277, 107)	'ank'	1226
1223	(229, 178)	b'\xe5\xb2'	1227
1224	(354, 137)	'安'	1228
1225	(308, 319)	' got'	1229
1226	(316, 176)	'台'	1230
1227	(477, 169)	'让'	1231
1228	(1037, 479)	'怎么'	1232
1229	(664, 131)	'球'	1233
1230	(294, 365)	'的人'	1234
1231	(233, 146)	b'\xe9\x92'	1235
1232	(258, 110)	'hen'	1236
1233	(114, 270)	'rit'	1237
1234	(102, 116)	'ft'	1238
1235	(265, 109)	'erm'	1239
1236	(264, 570)	' same'	1240
1237	(267, 104)	'ath'	1241
1238	(572, 286)	'cial'	1242
1239	(1164, 171)	'身'	1243
1240	(266, 142)	'与'	1244
1241	(260, 351)	'read'	1245
1242	(105, 313)	'ily'	1246
1243	(230, 143)	b'\xe6\x8f'	1247
1244	(1090, 615)	' through'	1248
1245	(308, 275)	' gen'	1249
1246	(305, 186)	'机'	1250
1247	(306, 329)	'lect'	1251
1248	(277, 426)	'ange'	1252
1249	(295, 744)	' those'	1253
1250	(301, 115)	'ics'	1254
1251	(232, 131)	b'\xe8\x83'	1255
1252	(435, 360)	' such'	1256
1253	(327, 265)	'ower'	1257
1254	(32, 794)	' You'	1258
1255	(257, 119)	' aw'	1259
1256	(273, 372)	' col'	1260
1257	(500, 150)	'化'	1261
1258	(119, 110)	'wn'	1262
1259	(108, 555)	'lud'	1263
1260	(857, 115)	' years'	1264
1261	(458, 116)	' att'	1265
1262	(308, 751)	' great'	1266
1263	(233, 170)	b'\xe9\xaa'	1267
1264	(411, 291)	'ular'	1268
1265	(322, 112)	' rep'	1269
1266	(108, 105)	'li'	1270
1267	(232, 163)	b'\xe8\xa3'	1271
1268	(273, 258)	' che'	1272
1269	(382, 110)	'urn'	1273
1270	(506, 159)	'原'	1274
1271	(579, 180)	'间'	1275
1272	(911, 911)	'哈哈'	1276
1273	(300, 640)	' long'	1277
1274	(105, 738)	'ible'	1278
1275	(333, 177)	'共'	1279
1276	(1138, 187)	'系'	1280
1277	(290, 140)	'二'	1281
1278	(517, 168)	'表'	1282
1279	(256, 395)	' tra'	1283
1280	(526, 154)	'通'	1284
1281	(231, 178)	b'\xe7\xb2'	1285
1282	(655, 153)	'候'	1286
1283	(266, 154)	'业'	1287
1284	(576, 281)	'aking'	1288
1285	(482, 455)	'这个'	1289
1286	(111, 372)	'ool'	1290
1287	(111, 404)	'ock'	1291
1288	(366, 398)	' And'	1292
1289	(49, 50)	'12'	1293
1290	(231, 143)	b'\xe7\x8f'	1294
1291	(414, 184)	'常'	1295
1292	(420, 147)	'打'	1296
1293	(435, 465)	' supp'	1297
1294	(318, 109)	' em'	1298
1295	(316, 139)	'友'	1299
1296	(106, 1026)	'ject'	1300
1297	(102, 411)	'ful'	1301
1298	(273, 549)	' call'	1302
1299	(288, 913)	' down'	1303
1300	(283, 442)	' pers'	1304
1301	(321, 1080)	' before'	1305
1302	(317, 187)	'任'	1306
1303	(802, 498)	' again'	1307
1304	(270, 532)	'ities'	1308
1305	(314, 512)	'stem'	1309
1306	(101, 99)	'ec'	1310
1307	(333, 179)	'关'	1311
1308	(118, 278)	'ves'	1312
1309	(729, 139)	'立'	1313
1310	(230, 165)	b'\xe6\xa5'	1314
1311	(348, 147)	'–'	1315
1312	(99, 287)	'ced'	1316
1313	(267, 513)	'ative'	1317
1314	(230, 161)	b'\xe6\xa1'	1318
1315	(862, 156)	'喜'	1319
1316	(427, 99)	' dec'	1320
1317	(230, 185)	b'\xe6\xb9'	1321
1318	(295, 615)	' though'	1322
1319	(231, 160)	b'\xe7\xa0'	1323
1320	(232, 141)	b'\xe8\x8d'	1324
1321	(305, 159)	'期'	1325
1322	(286, 432)	'alth'	1326
1323	(258, 115)	'hes'	1327
1324	(233, 133)	b'\xe9\x85'	1328
1325	(502, 115)	'ments'	1329
1326	(964, 186)	'建'	1330
1327	(308, 570)	' game'	1331
1328	(357, 148)	'尔'	1332
1329	(369, 260)	' here'	1333
1330	(536, 174)	'目'	1334
1331	(322, 103)	' reg'	1335
1332	(99, 440)	'cess'	1336
1333	(551, 139)	'王'	1337
1334	(118, 323)	'vent'	1338
1335	(381, 129)	'十'	1339
1336	(49, 56)	'18'	1340
1337	(265, 116)	'ert'	1341
1338	(230, 141)	b'\xe6\x8d'	1342
1339	(388, 115)	' ass'	1343
1340	(286, 115)	'als'	1344
1341	(511, 179)	'至'	1345
1342	(322, 351)	' read'	1346
1343	(516, 849)	' child'	1347
1344	(101, 260)	'ere'	1348
1345	(435, 98)	' sub'	1349
1346	(284, 141)	'」'	1350
1347	(284, 140)	'「'	1351
1348	(232, 142)	b'\xe8\x8e'	1352
1349	(84, 619)	'That'	1353
1350	(536, 180)	'直'	1354
1351	(378, 286)	'ational'	1355
1352	(715, 142)	'城'	1356
1353	(647, 281)	' going'	1357
1354	(270, 115)	'its'	1358
1355	(501, 148)	'应'	1359
1356	(341, 131)	'吃'	1360
1357	(435, 260)	' sure'	1361
1358	(272, 98)	' ob'	1362
1359	(655, 139)	'個'	1363
1360	(108, 301)	'lic'	1364
1361	(423, 178)	'已'	1365
1362	(304, 102)	' If'	1366
1363	(277, 589)	'anks'	1367
1364	(480, 688)	'为什么'	1368
1365	(324, 349)	'是一'	1369
1366	(843, 140)	'界'	1370
1367	(1061, 102)	'self'	1371
1368	(101, 119)	'ew'	1372
1369	(111, 311)	'oll'	1373
1370	(229, 148)	b'\xe5\x94'	1374
1371	(267, 360)	'atch'	1375
1372	(101, 819)	'eah'	1376
1373	(662, 1282)	'时候'	1377
1374	(229, 168)	b'\xe5\xa8'	1378
1375	(661, 162)	'欢'	1379
1376	(381, 128)	'區'	1380
1377	(279, 613)	' find'	1381
1378	(103, 330)	'get'	1382
1379	(112, 115)	'ps'	1383
1380	(274, 109)	'ism'	1384
1381	(888, 401)	' better'	1385
1382	(509, 329)	'pect'	1386
1383	(576, 278)	'akes'	1387
1384	(685, 187)	'活'	1388
1385	(975, 660)	'觉得'	1389
1386	(264, 382)	' sur'	1390
1387	(389, 465)	' happ'	1391
1388	(832, 405)	'velop'	1392
1389	(935, 890)	' point'	1393
1390	(727, 110)	' Un'	1394
1391	(111, 352)	'old'	1395
1392	(266, 164)	'两'	1396
1393	(321, 108)	' bel'	1397
1394	(49, 49)	'11'	1398
1395	(357, 145)	'少'	1399
1396	(282, 946)	' made'	1400
1397	(1193, 917)	' something'	1401
1398	(302, 287)	'ased'	1402
1399	(229, 160)	b'\xe5\xa0'	1403
1400	(427, 102)	' def'	1404
1401	(73, 110)	'In'	1405
1402	(439, 313)	'ably'	1407
1403	(230, 174)	b'\xe6\xae'	1408
1404	(256, 639)	' take'	1409
1405	(296, 314)	' inst'	1410
1406	(257, 99)	' ac'	1411
1407	(432, 281)	'thing'	1412
1408	(425, 346)	' But'	1413
1409	(420, 141)	'才'	1414
1410	(259, 115)	'ins'	1415
1411	(273, 291)	' car'	1416
1412	(110, 103)	'ng'	1417
1413	(256, 597)	' try'	1418
1414	(616, 138)	'把'	1419
1415	(32, 546)	' end'	1420
1416	(230, 162)	b'\xe6\xa2'	1421
1417	(97, 312)	'ave'	1422
1418	(297, 1069)	' high'	1423
1419	(806, 152)	'题'	1424
1420	(557, 152)	'员'	1425
1421	(363, 541)	' start'	1426
1422	(288, 343)	' day'	1427
1423	(421, 99)	' sec'	1428
1424	(101, 102)	'ef'	1429
1425	(749, 533)	' feel'	1430
1426	(229, 132)	b'\xe5\x84'	1431
1427	(105, 287)	'ied'	1432
1428	(230, 168)	b'\xe6\xa8'	1433
1429	(459, 358)	' never'	1434
1430	(121, 115)	'ys'	1435
1431	(443, 834)	' produ'	1436
1432	(396, 519)	'ility'	1437
1433	(382, 281)	'uring'	1438
1434	(230, 146)	b'\xe6\x92'	1439
1435	(229, 131)	b'\xe5\x83'	1440
1436	(101, 358)	'ever'	1441
1437	(456, 145)	'金'	1442
1438	(604, 162)	'院'	1443
1439	(446, 121)	' They'	1444
1440	(721, 161)	'信'	1445
1441	(399, 736)	'我们'	1446
1442	(327, 115)	'ows'	1447
1443	(978, 793)	'知道'	1448
1444	(345, 278)	'imes'	1449
1445	(355, 182)	'制'	1450
1446	(116, 948)	'tty'	1451
1447	(824, 189)	'白'	1452
1448	(514, 164)	'此'	1453
1449	(103, 103)	'gg'	1454
1450	(283, 695)	' post'	1455
1451	(259, 361)	'ince'	1456
1452	(119, 771)	'ways'	1457
1453	(116, 258)	'the'	1458
1454	(286, 107)	'alk'	1459
1455	(87, 619)	'What'	1460
1456	(395, 329)	'ract'	1461
1457	(614, 129)	'流'	1462
1458	(270, 287)	'ited'	1463
1459	(898, 274)	'This'	1464
1460	(715, 186)	'基'	1465
1461	(318, 291)	' ear'	1466
1462	(418, 100)	' mod'	1467
1463	(282, 263)	' mon'	1468
1464	(317, 138)	'今'	1469
1465	(114, 301)	'ric'	1470
1466	(366, 108)	' Al'	1471
1467	(230, 182)	b'\xe6\xb6'	1472
1468	(361, 609)	'cept'	1473
1469	(487, 48)	'200'	1474
1470	(515, 133)	'内'	1475
1471	(488, 129)	'见'	1476
1472	(745, 180)	'更'	1477
1473	(738, 109)	'blem'	1478
1474	(110, 440)	'ness'	1479
1475	(468, 187)	'总'	1480
1476	(1055, 1305)	' system'	1481
1477	(14003, 1036)	' different'	1482
1478	(864, 412)	'现在'	1483
1479	(272, 1258)	' own'	1484
1480	(279, 462)	' fun'	1485
1481	(317, 142)	'从'	1486
1482	(1174, 172)	'马'	1487
1483	(231, 182)	b'\xe7\xb6'	1488
1484	(302, 263)	'ason'	1489
1485	(319, 101)	'ote'	1490
1486	(99, 121)	'cy'	1491
1487	(770, 159)	'江'	1492
1488	(291, 360)	'arch'	1493
1489	(1005, 275)	'ween'	1494
1490	(232, 143)	b'\xe8\x8f'	1495
1491	(264, 330)	' set'	1496
1492	(267, 403)	'ather'	1497
1493	(300, 319)	' lot'	1498
1494	(230, 163)	b'\xe6\xa3'	1499
1495	(333, 165)	'入'	1500
1496	(49, 53)	'15'	1501
1497	(115, 115)	'ss'	1502
1498	(231, 181)	b'\xe7\xb5'	1503
1499	(117, 508)	'ures'	1504
1500	(514, 187)	'死'	1505
1501	(704, 610)	' around'	1506
1502	(488, 134)	'视'	1507
1503	(230, 187)	b'\xe6\xbb'	1508
1504	(677, 324)	'还是'	1509
1505	(97, 370)	'air'	1510
1506	(291, 109)	'arm'	1511
1507	(1300, 263)	' person'	1512
1508	(264, 345)	' sim'	1513
1509	(483, 176)	'称'	1514
1510	(488, 163)	'解'	1515
1511	(32, 54)	' 6'	1516
1512	(233, 150)	b'\xe9\x96'	1517
1513	(795, 166)	'车'	1518
1514	(581, 121)	'ody'	1519
1515	(268, 114)	' wr'	1520
1516	(108, 448)	'land'	1521
1517	(282, 259)	' min'	1522
1518	(283, 104)	' ph'	1523
1519	(295, 281)	' thing'	1524
1520	(230, 130)	b'\xe6\x82'	1525
1521	(427, 1388)	' develop'	1526
1522	(316, 184)	'司'	1527
1523	(528, 188)	'格'	1528
1524	(231, 184)	b'\xe7\xb8'	1529
1525	(282, 330)	' met'	1530
1526	(380, 121)	' why'	1531
1527	(347, 109)	' form'	1532
1528	(320, 180)	'头'	1533
1529	(301, 447)	'ically'	1534
1530	(264, 108)	' sl'	1535
1531	(1315, 1375)	'喜欢'	1536
1532	(33, 33)	'!!'	1537
1533	(286, 101)	'ale'	1538
1534	(443, 118)	' prov'	1539
1535	(461, 179)	'河'	1540
1536	(443, 1473)	' problem'	1541
1537	(888, 1489)	' between'	1542
1538	(231, 151)	b'\xe7\x97'	1543
1539	(461, 187)	'治'	1544
1540	(983, 158)	'神'	1545
1541	(926, 177)	'花'	1546
1542	(826, 826)	'        '	1547
1543	(273, 875)	' count'	1548
1544	(463, 101)	' We'	1549
1545	(649, 151)	'林'	1550
1546	(115, 104)	'sh'	1551
1547	(264, 107)	' sk'	1552
1548	(499, 160)	'几'	1553
1549	(515, 141)	'再'	1554
1550	(97, 122)	'az'	1555
1551	(360, 1286)	'chool'	1556
1552	(231, 150)	b'\xe7\x96'	1557
1553	(310, 159)	'星'	1558
1554	(322, 286)	' real'	1559
1555	(717, 133)	'清'	1560
1556	(907, 989)	' actually'	1561
1557	(787, 1446)	' pretty'	1562
1558	(72, 101)	'He'	1563
1559	(268, 895)	' water'	1564
1560	(105, 120)	'ix'	1565
1561	(550, 352)	' world'	1566
1562	(279, 610)	' found'	1567
1563	(256, 121)	' ty'	1568
1564	(450, 98)	'rib'	1569
1565	(515, 155)	'军'	1570
1566	(380, 892)	' while'	1571
1567	(300, 985)	' love'	1572
1568	(279, 955)	' fuck'	1573
1569	(316, 141)	'反'	1574
1570	(229, 161)	b'\xe5\xa1'	1575
1571	(474, 277)	' mean'	1576
1572	(976, 142)	'风'	1577
1573	(230, 186)	b'\xe6\xba'	1578
1574	(296, 118)	' inv'	1579
1575	(808, 919)	'英语'	1580
1576	(830, 153)	'香'	1581
1577	(702, 1094)	'如果'	1582
1578	(470, 129)	'品'	1583
1579	(297, 448)	' hand'	1584
1580	(391, 589)	'ooks'	1585
1581	(300, 1209)	' life'	1586
1582	(229, 152)	b'\xe5\x98'	1587
1583	(108, 440)	'less'	1588
1584	(994, 178)	'色'	1589
1585	(375, 151)	'字'	1590
1586	(309, 467)	' num'	1591
1587	(883, 681)	' trans'	1592
1588	(308, 108)	' gl'	1593
1589	(346, 307)	'ution'	1594
1590	(505, 143)	'式'	1595
1591	(288, 105)	' di'	1596
1592	(471, 112)	' exp'	1597
1593	(32, 323)	' ent'	1598
1594	(336, 323)	'ident'	1599
1595	(116, 275)	'ten'	1600
1596	(346, 101)	'ute'	1601
1597	(282, 495)	' might'	1602
1598	(363, 114)	' str'	1603
1599	(584, 158)	'非'	1604
1600	(748, 165)	'接'	1605
1601	(708, 101)	'ize'	1606
1602	(471, 116)	' ext'	1607
1603	(276, 1205)	' both'	1608
1604	(344, 619)	' That'	1609
1605	(117, 99)	'uc'	1610
1606	(405, 101)	'ope'	1611
1607	(303, 109)	'omm'	1612
1608	(259, 278)	'ines'	1613
1609	(326, 962)	" you're"	1614
1610	(119, 553)	'ward'	1615
1611	(1014, 171)	'士'	1616
1612	(557, 162)	'呢'	1617
1613	(272, 112)	' op'	1618
1614	(231, 188)	b'\xe7\xbc'	1619
1615	(32, 287)	' ed'	1620
1616	(273, 382)	' cur'	1621
1617	(460, 115)	'ists'	1622
1618	(381, 142)	'华'	1623
1619	(232, 177)	b'\xe8\xb1'	1624
1620	(543, 148)	'气'	1625
1621	(295, 1168)	' thought'	1626
1622	(233, 147)	b'\xe9\x93'	1627
1623	(830, 150)	'首'	1628
1624	(49, 54)	'16'	1629
1625	(1426, 191)	'儿'	1630
1626	(423, 180)	'巴'	1631
1627	(232, 187)	b'\xe8\xbb'	1632
1628	(750, 191)	'阿'	1633
1629	(587, 190)	'放'	1634
1630	(1013, 301)	'meric'	1635
1631	(338, 186)	'场'	1636
1632	(316, 151)	'受'	1637
1633	(1118, 179)	'音'	1638
1634	(379, 155)	'四'	1639
1635	(357, 188)	'尼'	1640
1636	(993, 306)	'ittle'	1641
1637	(749, 119)	' few'	1642
1638	(276, 449)	' best'	1643
1639	(280, 110)	'orn'	1644
1640	(229, 162)	b'\xe5\xa2'	1645
1641	(296, 401)	' inter'	1646
1642	(100, 343)	'day'	1647
1643	(116, 115)	'ts'	1648
1644	(103, 277)	'gan'	1649
1645	(368, 111)	' So'	1650
1646	(14002, 109)	"I'm"	1651
1647	(810, 135)	'指'	1652
1648	(318, 118)	' ev'	1653
1649	(645, 190)	'爾'	1654
1650	(586, 785)	'日本'	1655
1651	(232, 173)	b'\xe8\xad'	1656
1652	(98, 1402)	'bably'	1657
1653	(383, 133)	'待'	1658
1654	(279, 669)	' fact'	1659
1655	(300, 567)	' last'	1660
1656	(327, 281)	'owing'	1661
1657	(290, 154)	'亚'	1662
1658	(97, 120)	'ax'	1663
1659	(305, 131)	'會'	1664
1660	(421, 512)	' seem'	1665
1661	(450, 546)	'riend'	1666
1662	(267, 97)	'ata'	1667
1663	(561, 291)	' lear'	1668
1664	(108, 287)	'led'	1669
1665	(471, 642)	' exper'	1670
1666	(365, 1085)	'人口'	1671
1667	(296, 115)	' ins'	1672
1668	(808, 1064)	'英語'	1673
1669	(105, 111)	'io'	1674
1670	(282, 287)	' med'	1675
1671	(468, 157)	'思'	1676
1672	(414, 131)	'布'	1677
1673	(283, 508)	' pres'	1678
1674	(1025, 179)	'米'	1679
1675	(580, 324)	'都是'	1680
1676	(1435, 143)	'像'	1681
1677	(367, 182)	'并'	1682
1678	(496, 1452)	' always'	1683
1679	(353, 278)	'ames'	1684
1680	(232, 179)	b'\xe8\xb3'	1685
1681	(422, 147)	'结'	1686
1682	(452, 115)	'ants'	1687
1683	(32, 602)	' ide'	1688
1684	(954, 99)	' spec'	1689
1685	(590, 119)	'iew'	1690
1686	(232, 145)	b'\xe8\x91'	1691
1687	(102, 1045)	'ffect'	1692
1688	(828, 139)	'程'	1693
1689	(873, 651)	" didn't"	1694
1690	(1047, 480)	'因为'	1695
1691	(337, 155)	'进'	1696
1692	(717, 175)	'港'	1697
1693	(328, 191)	'使'	1698
1694	(366, 110)	' An'	1699
1695	(258, 260)	'here'	1700
1696	(362, 132)	'评'	1701
1697	(503, 135)	'片'	1702
1698	(596, 143)	'每'	1703
1699	(232, 169)	b'\xe8\xa9'	1704
1700	(414, 136)	'师'	1705
1701	(777, 99)	' disc'	1706
1702	(1245, 265)	' gener'	1707
1703	(366, 115)	' As'	1708
1704	(73, 102)	'If'	1709
1705	(877, 186)	'空'	1710
1706	(535, 101)	' Re'	1711
1707	(732, 397)	" It's"	1712
1708	(297, 467)	' hum'	1713
1709	(454, 48)	' 10'	1714
1710	(49, 55)	'17'	1715
1711	(360, 110)	'chn'	1716
1712	(369, 1322)	' health'	1717
1713	(49, 51)	'13'	1718
1714	(350, 484)	' unt'	1719
1715	(288, 330)	' det'	1720
1716	(314, 448)	'stand'	1721
1717	(466, 431)	" can't"	1722
1718	(721, 157)	'保'	1723
1719	(608, 281)	' using'	1724
1720	(851, 190)	'难'	1725
1721	(928, 552)	' import'	1726
1722	(1243, 144)	'提'	1727
1723	(482, 874)	'这样'	1728
1724	(1067, 1366)	'世界'	1729
1725	(283, 346)	' put'	1730
1726	(280, 107)	'ork'	1731
1727	(836, 48)	' 200'	1732
1728	(275, 335)	'ense'	1733
1729	(332, 144)	'乐'	1734
1730	(318, 108)	' el'	1735
1731	(103, 121)	'gy'	1736
1732	(1157, 190)	'社'	1737
1733	(514, 140)	'歌'	1738
1734	(477, 186)	'论'	1739
1735	(342, 152)	'战'	1740
1736	(117, 278)	'ues'	1741
1737	(561, 832)	' level'	1742
1738	(295, 905)	' things'	1743
1739	(49, 52)	'14'	1744
1740	(316, 164)	'古'	1745
1741	(318, 858)	' each'	1746
1742	(332, 166)	'书'	1747
1743	(230, 154)	b'\xe6\x9a'	1748
1744	(264, 903)	' sign'	1749
1745	(427, 112)	' dep'	1750
1746	(1344, 314)	'erest'	1751
1747	(229, 158)	b'\xe5\x9e'	1752
1748	(1115, 121)	'ology'	1753
1749	(102, 108)	'fl'	1754
1750	(272, 352)	' old'	1755
1751	(300, 1636)	' little'	1756
1752	(276, 351)	' bad'	1757
1753	(334, 112)	'rop'	1758
1754	(366, 1630)	' Americ'	1759
1755	(704, 116)	' art'	1760
1756	(725, 683)	'公里'	1761
1757	(117, 398)	'und'	1762
1758	(300, 330)	' let'	1763
1759	(354, 140)	'完'	1764
1760	(339, 397)	" that's"	1765
1761	(886, 294)	'真的'	1766
1762	(300, 291)	' lar'	1767
1763	(297, 553)	' hard'	1768
1764	(579, 168)	'门'	1769
1765	(1203, 719)	' keep'	1770
1766	(429, 462)	' run'	1771
1767	(628, 312)	" I've"	1772
1768	(290, 164)	'交'	1773
1769	(471, 353)	' exam'	1774
1770	(277, 121)	'any'	1775
1771	(273, 260)	' cre'	1776
1772	(478, 613)	' kind'	1777
1773	(554, 176)	'数'	1778
1774	(516, 291)	' char'	1779
1775	(317, 183)	'价'	1780
1776	(375, 169)	'孩'	1781
1777	(99, 265)	'cer'	1782
1778	(304, 115)	' Is'	1783
1779	(382, 286)	'ural'	1784
1780	(320, 132)	'处'	1785
1781	(934, 161)	'管'	1786
1782	(456, 143)	'量'	1787
1783	(300, 440)	' less'	1788
1784	(680, 48)	'000'	1789
1785	(279, 353)	' fam'	1790
1786	(1137, 930)	'哪些'	1791
1787	(464, 327)	' How'	1792
1788	(318, 1687)	' effect'	1793
1789	(273, 97)	' ca'	1794
1790	(230, 133)	b'\xe6\x85'	1795
1791	(764, 306)	' comple'	1796
1792	(269, 335)	'ouse'	1797
1793	(337, 144)	'运'	1798
1794	(692, 174)	'普'	1799
1795	(111, 104)	'oh'	1800
1796	(290, 172)	'京'	1801
1797	(229, 169)	b'\xe5\xa9'	1802
1798	(273, 306)	' cle'	1803
1799	(231, 191)	b'\xe7\xbf'	1804
1800	(745, 190)	'曾'	1805
1801	(103, 265)	'ger'	1806
1802	(317, 182)	'件'	1807
1803	(32, 55)	' 7'	1808
1804	(477, 164)	'认'	1809
1805	(283, 372)	' pol'	1810
1806	(318, 302)	' eas'	1811
1807	(111, 120)	'ox'	1812
1808	(32, 56)	' 8'	1813
1809	(322, 102)	' ref'	1814
1810	(231, 140)	b'\xe7\x8c'	1815
1811	(233, 160)	b'\xe9\xa0'	1816
1812	(856, 139)	'始'	1817
1813	(283, 1165)	' poss'	1818
1814	(1084, 128)	'言'	1819
1815	(445, 270)	' shit'	1820
1816	(471, 667)	' expl'	1821
1817	(322, 335)	' rese'	1822
1818	(231, 161)	b'\xe7\xa1'	1823
1819	(626, 324)	'也是'	1824
1820	(627, 736)	'他们'	1825
1821	(354, 131)	'它'	1826
1822	(100, 265)	'der'	1827
1823	(739, 159)	'跟'	1828
1824	(101, 120)	'ex'	1829
1825	(105, 265)	'ier'	1830
1826	(229, 130)	b'\xe5\x82'	1831
1827	(273, 323)	' cent'	1832
1828	(112, 114)	'pr'	1833
1829	(828, 177)	'稱'	1834
1830	(296, 1074)	' inform'	1835
1831	(505, 160)	'张'	1836
1832	(938, 138)	'越'	1837
1833	(708, 287)	'ized'	1838
1834	(316, 178)	'史'	1839
1835	(701, 353)	' team'	1840
1836	(264, 1451)	' since'	1841
1837	(308, 513)	' give'	1842
1838	(330, 121)	'ety'	1843
1839	(283, 893)	' pub'	1844
1840	(970, 651)	" doesn't"	1845
1841	(267, 607)	'ature'	1846
1842	(105, 1043)	'ivers'	1847
1843	(1231, 177)	'钱'	1848
1844	(305, 139)	'朋'	1849
1845	(811, 449)	' quest'	1850
1846	(266, 135)	'万'	1851
1847	(414, 166)	'带'	1852
1848	(333, 137)	'光'	1853
1849	(301, 278)	'ices'	1854
1850	(89, 1372)	'Yeah'	1855
1851	(259, 286)	'inal'	1856
1852	(232, 133)	b'\xe8\x85'	1857
1853	(277, 110)	'ann'	1858
1854	(111, 319)	'oot'	1859
1855	(257, 118)	' av'	1860
1856	(550, 100)	' word'	1861
1857	(528, 161)	'校'	1862
1858	(291, 115)	'ars'	1863
1859	(390, 394)	' without'	1864
1860	(490, 286)	' val'	1865
1861	(322, 489)	' requ'	1866
1862	(454, 56)	' 18'	1867
1863	(99, 263)	'con'	1868
1864	(355, 151)	'列'	1869
1865	(232, 178)	b'\xe8\xb2'	1870
1866	(109, 101)	'me'	1871
1867	(537, 158)	'属'	1872
1868	(443, 1652)	' probably'	1873
1869	(279, 1369)	' foll'	1874
1870	(1844, 1295)	'朋友'	1875
1871	(370, 100)	'ird'	1876
1872	(267, 115)	'ats'	1877
1873	(1393, 590)	' belie'	1878
1874	(1171, 549)	' small'	1879
1875	(32, 57)	' 9'	1880
1876	(974, 145)	'黑'	1881
1877	(78, 111)	'No'	1882
1878	(729, 153)	'站'	1883
1879	(99, 108)	'cl'	1884
1880	(598, 278)	'ages'	1885
1881	(101, 101)	'ee'	1886
1882	(1016, 397)	"It's"	1888
1883	(500, 133)	'包'	1889
1884	(934, 151)	'算'	1890
1885	(264, 1551)	' school'	1891
1886	(501, 156)	'府'	1893
1887	(921, 145)	'网'	1894
1888	(482, 479)	'这么'	1895
1889	(357, 134)	'将'	1896
1890	(257, 346)	' aut'	1897
1891	(305, 157)	'朝'	1898
1892	(233, 165)	b'\xe9\xa5'	1900
1893	(285, 1158)	' another'	1901
1894	(231, 133)	b'\xe7\x85'	1902
1895	(725, 1522)	'公司'	1903
1896	(233, 190)	b'\xe9\xbe'	1904
1897	(867, 504)	'美国'	1905
1898	(273, 114)	' cr'	1906
1899	(300, 838)	' loc'	1907
1900	(624, 167)	'剧'	1908
1901	(332, 176)	'买'	1909
1902	(869, 148)	'联'	1910
1903	(45, 45)	'--'	1911
1904	(282, 433)	' must'	1912
1905	(490, 291)	' var'	1913
1906	(1105, 143)	'福'	1914
1907	(288, 1433)	' during'	1915
1908	(678, 577)	' someone'	1916
1909	(381, 149)	'单'	1917
1910	(457, 101)	' come'	1918
1911	(366, 114)	' Ar'	1919
1912	(316, 152)	'变'	1920
1913	(233, 173)	b'\xe9\xad'	1921
1914	(270, 403)	'ither'	1922
1915	(477, 161)	'计'	1923
1916	(283, 405)	' pop'	1924
1917	(305, 155)	'望'	1925
1918	(276, 270)	' bit'	1926
1919	(1343, 881)	' children'	1927
1920	(290, 148)	'五'	1928
1921	(288, 460)	' dist'	1929
1922	(279, 1661)	' friend'	1930
1923	(784, 129)	'谁'	1931
1924	(341, 145)	'向'	1932
1925	(717, 184)	'游'	1933
1926	(548, 829)	' place'	1934
1927	(365, 956)	'人民'	1935
1928	(283, 267)	' pat'	1936
1929	(264, 372)	' sol'	1937
1930	(451, 115)	'uss'	1938
1931	(810, 129)	'持'	1939
1932	(332, 137)	'义'	1940
1933	(379, 190)	'图'	1941
1934	(111, 107)	'ok'	1942
1935	(575, 162)	'形'	1943
1936	(587, 185)	'改'	1944
1937	(1059, 1716)	' understand'	1945
1938	(294, 1373)	'的时候'	1946
1939	(401, 115)	'ters'	1947
1940	(232, 140)	b'\xe8\x8c'	1948
1941	(652, 1746)	' interest'	1949
1942	(333, 136)	'先'	1950
1943	(523, 280)	' For'	1951
1944	(288, 114)	' dr'	1952
1945	(279, 569)	' food'	1953
1946	(302, 278)	'ases'	1954
1947	(692, 130)	'時'	1955
1948	(1423, 906)	' second'	1956
1949	(921, 151)	'罗'	1957
1950	(1178, 1419)	'问题'	1958
1951	(230, 147)	b'\xe6\x93'	1959
1952	(901, 301)	' partic'	1960
1953	(305, 141)	'服'	1961
1954	(322, 116)	' ret'	1962
1955	(341, 132)	'各'	1963
1956	(526, 137)	'选'	1964
1957	(358, 110)	'vern'	1965
1958	(446, 260)	' There'	1966
1959	(302, 104)	'ash'	1967
1960	(674, 615)	' enough'	1968
1961	(330, 115)	'ets'	1969
1962	(534, 171)	'快'	1970
1963	(290, 158)	'亞'	1971
1964	(268, 303)	' wom'	1972
1965	(318, 358)	' ever'	1973
1966	(805, 135)	'與'	1974
1967	(98, 115)	'bs'	1975
1968	(114, 263)	'ron'	1976
1969	(1146, 353)	'gram'	1977
1970	(371, 143)	'族'	1978
1971	(256, 450)	' tri'	1979
1972	(273, 731)	' care'	1980
1973	(279, 114)	' fr'	1981
1974	(333, 131)	'元'	1982
1975	(590, 352)	'ield'	1983
1976	(276, 356)	' big'	1984
1977	(269, 110)	'oun'	1985
1978	(273, 280)	' cor'	1986
1979	(560, 176)	'走'	1987
1980	(420, 190)	'找'	1988
1981	(1065, 462)	' commun'	1989
1982	(117, 103)	'ug'	1990
1983	(1018, 789)	'平方'	1991
1984	(1721, 452)	' important'	1992
1985	(108, 594)	'line'	1993
1986	(282, 498)	' main'	1994
1987	(290, 167)	'产'	1995
1988	(101, 351)	'ead'	1996
1989	(740, 329)	'ruct'	1997
1990	(265, 281)	'ering'	1998
1991	(438, 736)	'你们'	1999
1992	(371, 169)	'早'	2000
1993	(463, 619)	' What'	2001
1994	(341, 172)	'听'	2002
1995	(477, 176)	'记'	2003
1996	(445, 327)	' show'	2004
1997	(561, 351)	' lead'	2005
1998	(593, 116)	'’t'	2006
1999	(822, 112)	' resp'	2007
2000	(230, 144)	b'\xe6\x90'	2008
2001	(734, 792)	' class'	2009
2002	(822, 786)	' result'	2010
2003	(337, 145)	'近'	2011
2004	(700, 185)	'边'	2012
2005	(72, 327)	'How'	2013
2006	(109, 277)	'man'	2014
2007	(309, 570)	' name'	2015
2008	(283, 1253)	' power'	2016
2009	(443, 1332)	' process'	2017
2010	(937, 349)	'第一'	2018
2011	(230, 145)	b'\xe6\x91'	2019
2012	(408, 408)	'....'	2020
2013	(259, 287)	'ined'	2021
2014	(388, 107)	' ask'	2022
2015	(288, 1662)	' data'	2023
2016	(437, 313)	'ately'	2024
2017	(784, 162)	'谢'	2025
2018	(276, 260)	' bre'	2026
2019	(610, 115)	'ounds'	2027
2020	(368, 104)	' Sh'	2028
2021	(99, 323)	'cent'	2029
2022	(416, 160)	'传'	2030
2023	(370, 263)	'iron'	2031
2024	(99, 303)	'com'	2032
2025	(824, 190)	'百'	2033
2026	(105, 323)	'ient'	2034
2027	(701, 1711)	' techn'	2035
2028	(381, 161)	'卡'	2036
2029	(881, 361)	'rence'	2037
2030	(1025, 187)	'类'	2038
2031	(273, 521)	' cour'	2040
2032	(1241, 121)	'ready'	2041
2033	(369, 351)	' head'	2042
2034	(229, 179)	b'\xe5\xb3'	2043
2035	(109, 98)	'mb'	2044
2036	(926, 130)	'节'	2045
2037	(231, 162)	b'\xe7\xa2'	2046
2038	(306, 809)	'lease'	2047
2039	(334, 108)	'rol'	2048
2040	(97, 270)	'ait'	2049
2041	(561, 567)	' least'	2050
2042	(1298, 287)	' called'	2051
2043	(560, 155)	'赛'	2052
2044	(1086, 324)	'但是'	2053
2045	(363, 437)	' state'	2054
2046	(557, 168)	'周'	2055
2047	(407, 177)	'東'	2056
2048	(260, 275)	'reen'	2057
2049	(1293, 552)	' support'	2058
2050	(441, 743)	'中國'	2059
2051	(231, 138)	b'\xe7\x8a'	2060
2052	(232, 151)	b'\xe8\x97'	2061
2053	(256, 449)	' test'	2062
2054	(353, 112)	'amp'	2063
2055	(486, 131)	'考'	2064
2056	(628, 311)	" I'll"	2065
2057	(1576, 1692)	'香港'	2066
2058	(53, 48)	'50'	2067
2059	(282, 1383)	' makes'	2068
2060	(406, 188)	'眼'	2069
2061	(414, 140)	'希'	2070
2062	(232, 152)	b'\xe8\x98'	2071
2063	(685, 178)	'洲'	2072
2064	(1175, 177)	'深'	2073
2065	(1830, 378)	' information'	2074
2066	(1048, 849)	' build'	2075
2067	(110, 265)	'ner'	2076
2068	(97, 465)	'app'	2077
2069	(710, 1407)	' anything'	2078
2070	(230, 135)	b'\xe6\x87'	2079
2071	(359, 571)	'不要'	2080
2072	(97, 106)	'aj'	2081
2073	(334, 1497)	'ross'	2082
2074	(359, 591)	'不会'	2083
2075	(690, 134)	'集'	2084
2076	(531, 1368)	' New'	2085
2077	(260, 116)	'ret'	2086
2078	(505, 186)	'强'	2087
2079	(383, 174)	'微'	2088
2080	(97, 562)	'ared'	2089
2081	(577, 121)	'oney'	2090
2082	(381, 154)	'博'	2091
2083	(363, 448)	' stand'	2092
2084	(267, 116)	'att'	2094
2085	(395, 112)	'rap'	2095
2086	(233, 184)	b'\xe9\xb8'	2096
2087	(39, 311)	"'ll"	2097
2088	(231, 147)	b'\xe7\x93'	2098
2089	(701, 311)	' tell'	2099
2090	(419, 102)	' conf'	2100
2091	(293, 1595)	' often'	2101
2092	(336, 278)	'ides'	2102
2093	(444, 686)	'大学'	2103
2094	(264, 119)	' sw'	2104
2095	(557, 189)	'命'	2105
2096	(485, 287)	'osed'	2106
2097	(367, 191)	'广'	2107
2098	(283, 792)	' pass'	2108
2099	(297, 497)	' home'	2109
2100	(274, 1117)	'ished'	2110
2101	(561, 103)	' leg'	2111
2102	(333, 176)	'兰'	2112
2103	(319, 116)	'ott'	2113
2104	(496, 2032)	' already'	2114
2105	(365, 294)	'人的'	2115
2106	(459, 1169)	' next'	2116
2107	(1387, 275)	' happen'	2117
2108	(584, 146)	'青'	2118
2109	(289, 112)	' top'	2119
2110	(114, 286)	'ral'	2120
2111	(1586, 798)	' number'	2121
2112	(690, 187)	'電'	2122
2113	(643, 1123)	' getting'	2123
2114	(506, 134)	'历'	2124
2115	(310, 165)	'春'	2125
2116	(587, 175)	'支'	2126
2117	(117, 850)	'uff'	2127
2118	(83, 111)	'So'	2128
2119	(282, 267)	' mat'	2129
2120	(1434, 173)	'播'	2130
2121	(277, 101)	'ane'	2131
2122	(231, 175)	b'\xe7\xaf'	2132
2123	(322, 314)	' rest'	2133
2124	(295, 842)	' three'	2134
2125	(118, 698)	'vice'	2135
2126	(1303, 314)	' against'	2136
2127	(1337, 498)	'ertain'	2137
2128	(866, 329)	'irect'	2139
2129	(233, 178)	b'\xe9\xb2'	2140
2130	(297, 460)	' hist'	2141
2131	(256, 1454)	' talk'	2142
2132	(675, 134)	'商'	2143
2133	(336, 115)	'ids'	2144
2134	(670, 665)	'可能'	2145
2135	(294, 762)	'的一个'	2146
2136	(434, 334)	' Pro'	2147
2137	(436, 158)	'办'	2148
2138	(516, 1248)	' change'	2149
2139	(266, 148)	'且'	2150
2140	(1463, 432)	' month'	2151
2141	(1317, 150)	'湖'	2152
2142	(300, 460)	' list'	2153
2143	(305, 170)	'未'	2154
2144	(51, 48)	'30'	2155
2145	(279, 291)	' far'	2156
2146	(354, 185)	'容'	2157
2147	(286, 519)	'ality'	2158
2148	(470, 165)	'哥'	2159
2149	(279, 842)	' free'	2160
2150	(490, 274)	' vis'	2161
2151	(1101, 975)	'感觉'	2162
2152	(407, 142)	'李'	2163
2153	(104, 769)	'hip'	2164
2154	(359, 665)	'不能'	2165
2155	(87, 101)	'We'	2166
2156	(824, 188)	'發'	2167
2157	(1355, 1163)	'应该'	2168
2158	(316, 183)	'号'	2169
2159	(559, 136)	'妈'	2170
2160	(261, 155)	'；'	2171
2161	(520, 306)	' able'	2172
2162	(109, 109)	'mm'	2173
2163	(765, 479)	'那么'	2174
2164	(354, 162)	'客'	2175
2165	(105, 562)	'ired'	2176
2166	(381, 131)	'千'	2177
2167	(323, 307)	'ention'	2178
2168	(692, 154)	'晚'	2179
2169	(453, 281)	' doing'	2180
2170	(300, 448)	' land'	2181
2171	(256, 1444)	' times'	2182
2172	(609, 307)	'ption'	2183
2173	(367, 178)	'干'	2184
2174	(279, 1167)	' full'	2185
2175	(42, 42)	'**'	2186
2176	(290, 178)	'亲'	2187
2177	(394, 104)	'outh'	2188
2178	(325, 651)	" isn't"	2189
2179	(1081, 149)	'動'	2190
2180	(231, 170)	b'\xe7\xaa'	2191
2181	(1983, 1756)	'平方公里'	2192
2182	(279, 259)	' fin'	2193
2183	(232, 146)	b'\xe8\x92'	2194
2184	(381, 180)	'却'	2195
2185	(731, 484)	'arent'	2196
2186	(104, 111)	'ho'	2197
2187	(316, 165)	'句'	2198
2188	(700, 190)	'达'	2199
2189	(422, 159)	'统'	2200
2190	(264, 572)	' sci'	2201
2191	(383, 140)	'後'	2202
2192	(553, 115)	'ards'	2203
2193	(578, 1653)	'看待'	2204
2194	(616, 128)	'技'	2205
2195	(320, 171)	'夫'	2206
2196	(322, 1484)	' reason'	2207
2197	(276, 1514)	' body'	2208
2198	(1714, 396)	' until'	2209
2199	(65, 398)	'And'	2210
2200	(961, 115)	'hys'	2211
2201	(585, 1384)	'生活'	2212
2202	(362, 183)	'请'	2213
2203	(98, 114)	'br'	2214
2204	(672, 167)	'级'	2215
2205	(381, 138)	'半'	2216
2206	(421, 275)	' seen'	2217
2207	(554, 133)	'故'	2218
2208	(121, 281)	'ying'	2219
2209	(1665, 105)	' experi'	2220
2210	(770, 130)	'求'	2221
2211	(666, 103)	'aug'	2222
2212	(256, 740)	' tru'	2223
2213	(280, 597)	'orry'	2224
2214	(321, 104)	' beh'	2225
2215	(276, 302)	' bas'	2226
2216	(528, 185)	'根'	2227
2217	(256, 1269)	' turn'	2228
2218	(863, 699)	'位于'	2229
2219	(1255, 343)	' away'	2230
2220	(382, 121)	'ury'	2231
2221	(596, 141)	'母'	2232
2222	(578, 611)	'看到'	2233
2223	(282, 451)	' mus'	2234
2224	(438, 294)	'你的'	2235
2225	(395, 259)	'rain'	2236
2226	(537, 172)	'屬'	2237
2227	(1747, 139)	'型'	2238
2228	(938, 133)	'超'	2239
2229	(1219, 153)	'错'	2240
2230	(1683, 97)	' idea'	2241
2231	(512, 798)	'ember'	2242
2232	(672, 191)	'线'	2243
2233	(1107, 942)	' students'	2244
2234	(288, 353)	' dam'	2245
2235	(753, 135)	'镇'	2246
2236	(318, 116)	' et'	2247
2237	(288, 577)	' done'	2248
2238	(750, 159)	'队'	2249
2239	(488, 146)	'角'	2250
2240	(387, 277)	' Can'	2251
2241	(525, 188)	'导'	2252
2242	(737, 145)	'笑'	2253
2243	(478, 402)	' kill'	2254
2244	(1613, 275)	' open'	2255
2245	(1776, 617)	'孩子'	2256
2246	(587, 182)	'收'	2257
2247	(1894, 167)	'照'	2258
2248	(114, 460)	'rist'	2259
2249	(504, 603)	'国家'	2260
2250	(1105, 187)	'离'	2261
2251	(32, 278)	' es'	2262
2252	(300, 495)	' light'	2263
2253	(1136, 171)	'火'	2264
2254	(669, 265)	'acter'	2265
2255	(482, 973)	'这种'	2266
2256	(105, 107)	'ik'	2267
2257	(684, 588)	'出来'	2269
2258	(583, 191)	'拿'	2270
2259	(310, 147)	'易'	2271
2260	(500, 187)	'医'	2272
2261	(555, 101)	'ude'	2273
2262	(515, 153)	'写'	2274
2263	(1708, 277)	' human'	2275
2264	(283, 382)	' pur'	2276
2265	(297, 521)	' hour'	2277
2266	(1319, 148)	'研'	2278
2267	(501, 149)	'底'	2279
2268	(354, 152)	'官'	2280
2269	(828, 174)	'種'	2281
2270	(557, 138)	'告'	2282
2271	(270, 286)	'ital'	2283
2272	(863, 915)	'位於'	2284
2273	(1130, 903)	' design'	2285
2274	(116, 111)	'to'	2286
2275	(304, 398)	' Ind'	2287
2276	(45, 115)	'-s'	2288
2277	(328, 143)	'住'	2289
2278	(498, 115)	'ains'	2290
2279	(470, 161)	'員'	2291
2280	(411, 378)	'ulation'	2292
2281	(443, 1969)	' program'	2293
2282	(32, 449)	' est'	2294
2283	(87, 835)	'Well'	2295
2284	(110, 97)	'na'	2296
2285	(116, 263)	'ton'	2297
2286	(1065, 263)	' common'	2298
2287	(429, 274)	' ris'	2299
2288	(548, 277)	' plan'	2300
2289	(124, 124)	'||'	2301
2290	(477, 190)	'设'	2302
2291	(272, 763)	' occ'	2303
2292	(111, 351)	'oad'	2304
2293	(290, 145)	'云'	2305
2294	(233, 186)	b'\xe9\xba'	2306
2295	(282, 1103)	' miss'	2307
2296	(506, 191)	'县'	2308
2297	(551, 169)	'玩'	2309
2298	(105, 467)	'ium'	2310
2299	(488, 130)	'观'	2311
2300	(450, 278)	'ries'	2312
2301	(288, 771)	' days'	2313
2302	(268, 291)	' war'	2314
2303	(109, 695)	'most'	2315
2304	(1361, 1027)	'已经'	2316
2305	(256, 751)	' treat'	2317
2306	(229, 153)	b'\xe5\x99'	2318
2307	(672, 166)	'约'	2319
2308	(337, 156)	'远'	2320
2309	(595, 336)	'ivid'	2321
2310	(110, 121)	'ny'	2322
2311	(385, 1786)	'有哪些'	2323
2312	(414, 157)	'帝'	2324
2313	(1349, 397)	"That's"	2325
2314	(938, 179)	'足'	2326
2315	(783, 259)	' contin'	2327
2316	(1403, 181)	'段'	2328
2317	(233, 142)	b'\xe9\x8e'	2329
2318	(820, 629)	'很多'	2330
2319	(231, 145)	b'\xe7\x91'	2331
2320	(259, 440)	'iness'	2332
2321	(1072, 281)	' looking'	2333
2322	(898, 1363)	'Thanks'	2334
2323	(672, 162)	'红'	2335
2324	(45, 98)	'-b'	2336
2325	(1126, 1359)	'的一個'	2337
2326	(389, 1111)	' having'	2338
2327	(282, 1284)	' making'	2339
2328	(288, 450)	' dri'	2340
2329	(474, 681)	' means'	2341
2330	(111, 102)	'of'	2342
2331	(526, 160)	'造'	2343
2332	(111, 118)	'ov'	2344
2333	(230, 169)	b'\xe6\xa9'	2345
2334	(943, 568)	'所以'	2347
2335	(79, 104)	'Oh'	2348
2336	(986, 121)	' guy'	2349
2337	(574, 260)	'There'	2350
2338	(286, 102)	'alf'	2351
2339	(1619, 161)	'象'	2352
2340	(757, 349)	'之一'	2353
2341	(274, 287)	'ised'	2354
2342	(336, 265)	'ider'	2355
2343	(599, 114)	' Or'	2356
2344	(264, 270)	' sit'	2357
2345	(419, 100)	' cond'	2358
2346	(110, 319)	'not'	2359
2347	(1762, 426)	' large'	2360
2348	(83, 116)	'St'	2361
2349	(707, 168)	'质'	2362
2350	(273, 809)	' case'	2363
2351	(1842, 519)	'iversity'	2364
2352	(481, 101)	' De'	2365
2353	(268, 1371)	' watch'	2366
2354	(316, 171)	'叫'	2367
2355	(32, 90)	' Z'	2368
2356	(318, 489)	' equ'	2369
2357	(753, 183)	'長'	2370
2358	(282, 2081)	' money'	2371
2359	(1663, 110)	' learn'	2372
2360	(396, 291)	'ilar'	2373
2361	(767, 571)	'主要'	2374
2362	(265, 118)	'erv'	2375
2363	(950, 178)	'育'	2376
2364	(647, 1957)	' govern'	2377
2365	(69, 82)	'ER'	2378
2366	(1014, 176)	'声'	2379
2367	(233, 134)	b'\xe9\x86'	2380
2368	(100, 100)	'dd'	2381
2369	(108, 846)	'lish'	2382
2370	(300, 1580)	' looks'	2383
2371	(1290, 173)	'班'	2384
2372	(982, 313)	'iously'	2385
2373	(103, 275)	'gen'	2386
2374	(533, 115)	'els'	2387
2375	(323, 313)	'ently'	2388
2376	(633, 164)	'群'	2389
2377	(300, 1176)	' law'	2390
2378	(558, 162)	'波'	2391
2379	(370, 99)	'irc'	2392
2380	(265, 110)	'ern'	2393
2381	(1400, 259)	' defin'	2394
2382	(315, 330)	' yet'	2395
2383	(1107, 121)	' study'	2396
2384	(1275, 540)	'共和'	2397
2385	(795, 172)	'转'	2398
2386	(418, 312)	' move'	2399
2387	(1265, 552)	' report'	2400
2388	(715, 159)	'域'	2401
2389	(419, 314)	' const'	2402
2390	(677, 385)	'还有'	2403
2391	(108, 281)	'ling'	2404
2392	(270, 513)	'itive'	2405
2393	(1141, 1213)	'电影'	2406
2394	(305, 175)	'术'	2407
2395	(101, 562)	'ered'	2408
2396	(294, 324)	'的是'	2409
2397	(318, 1247)	' elect'	2410
2398	(109, 287)	'med'	2411
2399	(1769, 1120)	' example'	2412
2400	(407, 161)	'条'	2413
2401	(280, 432)	'orth'	2414
2402	(2317, 174)	'鎮'	2415
2403	(282, 613)	' mind'	2416
2404	(111, 278)	'oes'	2417
2405	(574, 121)	'They'	2418
2406	(264, 771)	' says'	2419
2407	(403, 115)	'hers'	2420
2408	(415, 1644)	' organ'	2421
2409	(475, 312)	' live'	2422
2410	(525, 134)	'密'	2423
2411	(283, 343)	' pay'	2424
2412	(270, 265)	'iter'	2425
2413	(266, 147)	'专'	2426
2414	(1839, 1360)	' public'	2427
2415	(1817, 1488)	' research'	2428
2416	(760, 179)	'石'	2429
2417	(300, 327)	' low'	2430
2418	(416, 138)	'伊'	2431
2419	(386, 135)	'奇'	2432
2420	(748, 168)	'推'	2433
2421	(231, 183)	b'\xe7\xb7'	2434
2422	(105, 681)	'ians'	2435
2423	(282, 291)	' mar'	2436
2424	(986, 440)	' guess'	2437
2425	(1215, 2193)	'如何看待'	2438
2426	(1281, 137)	'粉'	2439
2427	(307, 286)	'ional'	2440
2428	(355, 157)	'初'	2441
2429	(318, 1914)	' either'	2442
2430	(288, 395)	' dra'	2443
2431	(745, 178)	'曲'	2444
2432	(231, 134)	b'\xe7\x86'	2445
2433	(399, 294)	'我的'	2446
2434	(1268, 404)	' check'	2447
2435	(1730, 335)	' else'	2448
2436	(427, 109)	' dem'	2449
2437	(273, 724)	' cap'	2450
2438	(319, 115)	'ots'	2451
2439	(282, 275)	' men'	2452
2440	(231, 141)	b'\xe7\x8d'	2453
2441	(877, 182)	'究'	2454
2442	(272, 465)	' opp'	2455
2443	(50, 50)	'22'	2456
2444	(368, 101)	' Se'	2457
2445	(117, 334)	'uro'	2458
2446	(273, 835)	' cell'	2459
2447	(572, 447)	'cially'	2460
2448	(524, 581)	' God'	2461
2449	(14007, 107)	' week'	2462
2450	(368, 112)	' Sp'	2463
2451	(340, 361)	' once'	2464
2452	(65, 115)	'As'	2465
2453	(459, 291)	' near'	2466
2454	(907, 595)	' activ'	2467
2455	(256, 1235)	' term'	2468
2456	(727, 83)	' US'	2469
2457	(32, 81)	' Q'	2470
2458	(1538, 133)	'病'	2471
2459	(283, 485)	' pos'	2472
2460	(103, 259)	'gin'	2473
2461	(443, 102)	' prof'	2474
2462	(1216, 128)	'需'	2475
2463	(503, 153)	'牙'	2476
2464	(537, 149)	'展'	2477
2465	(268, 259)	' win'	2478
2466	(283, 498)	' pain'	2479
2467	(320, 141)	'复'	2480
2468	(39, 100)	"'d"	2481
2469	(503, 136)	'版'	2482
2470	(616, 165)	'报'	2483
2471	(316, 150)	'取'	2484
2472	(1813, 1274)	' possible'	2485
2473	(1563, 112)	' typ'	2486
2474	(99, 111)	'co'	2487
2475	(318, 121)	' ey'	2488
2476	(283, 1456)	' pract'	2489
2477	(363, 405)	' stop'	2490
2478	(275, 103)	'eng'	2491
2479	(73, 115)	'Is'	2492
2480	(283, 450)	' pri'	2493
2481	(104, 97)	'ha'	2494
2482	(32, 312)	' ve'	2495
2483	(514, 166)	'武'	2496
2484	(366, 116)	' At'	2497
2485	(370, 108)	'irl'	2498
2486	(561, 1234)	' left'	2499
2487	(282, 1159)	' mark'	2500
2488	(260, 353)	'ream'	2501
2489	(116, 287)	'ted'	2503
2490	(560, 132)	'资'	2504
2491	(451, 287)	'used'	2505
2492	(537, 128)	'局'	2506
2493	(712, 110)	' known'	2507
2494	(349, 874)	'一样'	2508
2495	(337, 158)	'连'	2509
2496	(522, 1412)	' Eng'	2510
2497	(105, 489)	'iqu'	2511
2498	(1616, 1036)	' current'	2512
2499	(501, 167)	'座'	2513
2500	(366, 102)	' Af'	2514
2501	(1627, 141)	'軍'	2515
2502	(682, 56)	'198'	2516
2503	(422, 132)	'组'	2517
2504	(264, 602)	' side'	2518
2505	(342, 143)	'戏'	2519
2506	(1201, 151)	'狗'	2520
2507	(476, 111)	' jo'	2521
2508	(322, 834)	' redu'	2522
2509	(1964, 275)	' women'	2523
2510	(256, 512)	' tem'	2524
2511	(14012, 502)	'vironment'	2525
2512	(674, 103)	' eng'	2526
2513	(364, 187)	'画'	2527
2514	(78, 319)	'Not'	2528
2515	(291, 281)	'aring'	2529
2516	(770, 137)	'汉'	2530
2517	(259, 97)	'ina'	2531
2518	(375, 152)	'存'	2532
2519	(902, 191)	'便'	2533
2520	(283, 291)	' par'	2534
2521	(1873, 312)	' believe'	2535
2522	(927, 175)	'息'	2536
2523	(904, 319)	' prot'	2537
2524	(423, 174)	'差'	2538
2525	(558, 168)	'注'	2539
2526	(303, 115)	'oms'	2541
2527	(276, 334)	' bro'	2542
2528	(320, 177)	'失'	2543
2529	(105, 280)	'ior'	2544
2530	(267, 280)	'ator'	2545
2531	(381, 176)	'印'	2546
2532	(934, 128)	'简'	2547
2533	(119, 343)	'way'	2548
2534	(45, 99)	'-c'	2549
2535	(425, 101)	' Be'	2550
2536	(628, 100)	" I'd"	2551
2537	(276, 451)	' bus'	2552
2538	(2072, 280)	'ajor'	2553
2539	(336, 100)	'idd'	2554
2540	(1070, 189)	'落'	2555
2541	(297, 1606)	' hope'	2556
2542	(342, 191)	'房'	2557
2543	(288, 2128)	' direct'	2558
2544	(434, 108)	' Pl'	2559
2545	(1845, 307)	' question'	2560
2546	(276, 275)	' ben'	2561
2547	(776, 306)	' whole'	2562
2548	(1696, 1775)	'评价'	2563
2549	(270, 694)	'itions'	2564
2550	(265, 114)	'err'	2565
2551	(1413, 281)	' trying'	2566
2552	(599, 110)	' On'	2567
2553	(308, 1679)	' games'	2568
2554	(273, 2127)	' certain'	2569
2555	(750, 179)	'阳'	2570
2556	(66, 346)	'But'	2571
2557	(354, 157)	'宝'	2572
2558	(114, 327)	'row'	2573
2559	(387, 108)	' Cl'	2574
2560	(39, 312)	"'ve"	2575
2561	(1267, 133)	'装'	2576
2562	(73, 78)	'IN'	2577
2563	(542, 101)	' Le'	2578
2564	(392, 97)	' area'	2579
2565	(1699, 178)	'該'	2580
2566	(282, 396)	' mil'	2581
2567	(595, 278)	'ives'	2582
2568	(402, 307)	'illion'	2583
2569	(1524, 163)	'縣'	2584
2570	(283, 319)	' pot'	2585
2571	(259, 378)	'ination'	2586
2572	(115, 119)	'sw'	2587
2573	(581, 101)	'ode'	2588
2574	(415, 356)	' orig'	2589
2575	(263, 278)	'ones'	2590
2576	(538, 139)	'運'	2591
2577	(436, 159)	'功'	2592
2578	(1183, 779)	'工作'	2593
2579	(32, 122)	' z'	2594
2580	(422, 180)	'维'	2595
2581	(415, 1822)	' order'	2596
2582	(115, 99)	'sc'	2597
2583	(910, 334)	' appro'	2598
2584	(521, 361)	'ource'	2599
2585	(111, 336)	'oid'	2600
2586	(534, 133)	'必'	2601
2587	(99, 281)	'cing'	2602
2588	(1431, 329)	' product'	2603
2589	(833, 817)	'部分'	2604
2590	(265, 1731)	'ergy'	2605
2591	(359, 1443)	'不知道'	2606
2592	(232, 155)	b'\xe8\x9b'	2607
2593	(50, 53)	'25'	2608
2594	(50, 49)	'21'	2609
2595	(1660, 115)	' seems'	2610
2596	(233, 185)	b'\xe9\xb9'	2611
2597	(232, 188)	b'\xe8\xbc'	2612
2598	(714, 118)	' adv'	2613
2599	(806, 134)	'领'	2614
2600	(14004, 281)	' including'	2615
2601	(330, 104)	'eth'	2616
2602	(436, 161)	'务'	2617
2603	(65, 108)	'Al'	2618
2604	(550, 589)	' works'	2619
2605	(407, 131)	'权'	2620
2606	(1785, 1242)	' family'	2621
2607	(633, 133)	'羅'	2622
2608	(565, 294)	'好的'	2623
2609	(662, 1271)	'时间'	2624
2610	(708, 378)	'ization'	2625
2611	(65, 84)	'AT'	2626
2612	(324, 688)	'是什么'	2627
2613	(531, 111)	' No'	2628
2614	(349, 716)	'一下'	2629
2615	(1791, 1089)	' complete'	2630
2616	(289, 1642)	' today'	2631
2617	(531, 319)	' Not'	2632
2618	(1352, 807)	'城市'	2633
2619	(891, 281)	'ording'	2634
2620	(1124, 1886)	'政府'	2635
2621	(816, 148)	'答'	2636
2622	(444, 603)	'大家'	2637
2623	(273, 570)	' came'	2638
2624	(476, 1052)	' job'	2639
2625	(723, 589)	' thanks'	2640
2626	(914, 117)	'angu'	2641
2627	(302, 401)	'aster'	2642
2628	(409, 121)	' My'	2643
2629	(297, 121)	' hy'	2644
2630	(105, 373)	'ike'	2645
2631	(1130, 99)	' desc'	2646
2632	(1524, 189)	'總'	2647
2633	(102, 265)	'fer'	2648
2634	(783, 2039)	' control'	2649
2635	(119, 1726)	'work'	2650
2636	(761, 1363)	' Thanks'	2651
2637	(390, 259)	' within'	2652
2638	(105, 465)	'ipp'	2653
2639	(700, 131)	'较'	2654
2640	(232, 150)	b'\xe8\x96'	2655
2641	(1573, 144)	'源'	2656
2642	(117, 335)	'use'	2657
2643	(1515, 640)	' wrong'	2658
2644	(264, 281)	' sing'	2659
2645	(1022, 365)	'别人'	2660
2646	(788, 148)	'體'	2661
2647	(105, 581)	'iod'	2662
2648	(279, 396)	' fil'	2663
2649	(515, 179)	'决'	2664
2650	(384, 1427)	'ified'	2665
2651	(1119, 281)	' saying'	2666
2652	(1693, 772)	'使用'	2667
2653	(974, 132)	'黄'	2668
2654	(483, 175)	'积'	2669
2655	(230, 191)	b'\xe6\xbf'	2670
2656	(746, 115)	' others'	2671
2657	(273, 801)	' cause'	2672
2658	(1615, 1605)	' educ'	2673
2659	(79, 82)	'OR'	2674
2660	(711, 313)	'itely'	2675
2661	(608, 989)	' usually'	2676
2662	(320, 156)	'夜'	2677
2663	(895, 932)	'aterial'	2678
2664	(117, 562)	'ured'	2679
2665	(274, 307)	'ision'	2680
2666	(1503, 161)	'满'	2681
2667	(273, 695)	' cost'	2682
2668	(359, 726)	'不过'	2683
2669	(283, 2200)	' phys'	2684
2670	(1490, 175)	'華'	2685
2671	(843, 153)	'留'	2686
2672	(323, 932)	'ential'	2687
2673	(1461, 313)	' early'	2688
2674	(301, 306)	'icle'	2689
2675	(1754, 277)	' American'	2690
2676	(1855, 1035)	' avail'	2691
2677	(309, 698)	' nice'	2692
2678	(257, 370)	' air'	2693
2679	(463, 104)	' Wh'	2695
2680	(920, 372)	' cool'	2696
2681	(976, 158)	'飞'	2697
2682	(362, 134)	'识'	2698
2683	(1317, 190)	'湾'	2699
2684	(10, 1542)	b'\n        '	2700
2685	(990, 1812)	'开始'	2701
2686	(278, 497)	'esome'	2702
2687	(865, 160)	'素'	2703
2688	(338, 159)	'土'	2704
2689	(50, 51)	'23'	2705
2690	(645, 182)	'父'	2706
2691	(468, 149)	'怕'	2707
2692	(1145, 173)	'热'	2708
2693	(856, 148)	'委'	2709
2694	(443, 642)	' proper'	2710
2695	(260, 329)	'rect'	2711
2696	(291, 99)	'arc'	2712
2697	(2031, 335)	' course'	2713
2698	(1310, 173)	'業'	2714
2699	(14008, 112)	' group'	2715
2700	(439, 1432)	'ability'	2716
2701	(348, 152)	'‘'	2717
2702	(383, 128)	'往'	2718
2703	(118, 1685)	'view'	2719
2704	(648, 433)	' Just'	2720
2705	(14001, 497)	' become'	2721
2706	(308, 395)	' gra'	2722
2707	(428, 917)	' nothing'	2723
2708	(407, 128)	'杀'	2724
2709	(354, 179)	'害'	2725
2710	(309, 263)	' non'	2726
2711	(830, 172)	'馬'	2727
2712	(267, 301)	'atic'	2728
2713	(300, 594)	' line'	2729
2714	(991, 324)	'只是'	2730
2715	(279, 260)	' fre'	2731
2716	(318, 850)	' eff'	2732
2717	(546, 281)	'ending'	2733
2718	(45, 100)	'-d'	2734
2719	(1281, 190)	'精'	2735
2720	(333, 171)	'八'	2736
2721	(928, 334)	' impro'	2737
2722	(306, 116)	'let'	2738
2723	(362, 149)	'试'	2739
2724	(375, 163)	'季'	2740
2725	(1210, 165)	'查'	2741
2726	(802, 842)	' agree'	2742
2727	(294, 766)	'的事'	2743
2728	(233, 177)	b'\xe9\xb1'	2744
2729	(259, 281)	'ining'	2745
2730	(509, 2447)	'pecially'	2746
2731	(425, 108)	' Bl'	2747
2732	(296, 1131)	' intern'	2748
2733	(554, 180)	'整'	2749
2734	(285, 116)	' ant'	2750
2735	(583, 141)	'拍'	2751
2736	(724, 115)	'aps'	2752
2737	(537, 133)	'居'	2753
2738	(279, 650)	' fore'	2754
2739	(379, 162)	'团'	2755
2740	(1449, 449)	'ggest'	2756
2741	(282, 2538)	' major'	2757
2742	(552, 462)	'ortun'	2758
2743	(346, 278)	'utes'	2759
2744	(345, 437)	'imate'	2760
2745	(95, 95)	'__'	2761
2746	(763, 440)	'ccess'	2762
2747	(230, 166)	b'\xe6\xa6'	2763
2748	(300, 895)	' later'	2764
2749	(1263, 140)	'验'	2765
2750	(1818, 174)	'确'	2766
2751	(283, 97)	' pa'	2767
2752	(604, 164)	'除'	2769
2753	(297, 1792)	' house'	2770
2754	(387, 263)	' Con'	2771
2755	(268, 323)	' went'	2772
2756	(2266, 2441)	'研究'	2773
2757	(1314, 136)	'案'	2774
2758	(996, 577)	' everyone'	2775
2759	(104, 280)	'hor'	2776
2760	(507, 1238)	' social'	2777
2761	(872, 1108)	'其实'	2778
2762	(306, 502)	'lement'	2779
2763	(97, 346)	'aut'	2780
2764	(369, 397)	" he's"	2781
2765	(349, 1350)	'一直'	2782
2766	(111, 358)	'over'	2783
2767	(366, 311)	' All'	2784
2768	(276, 111)	' bo'	2785
2769	(867, 743)	'美國'	2786
2770	(748, 146)	'排'	2787
2771	(105, 358)	'iver'	2788
2772	(463, 1232)	' When'	2789
2773	(2309, 1097)	'ividual'	2790
2774	(1543, 597)	' country'	2791
2775	(54, 48)	'60'	2792
2776	(323, 286)	'ental'	2793
2777	(77, 121)	'My'	2794
2778	(285, 345)	' anim'	2795
2779	(1563, 509)	' type'	2796
2780	(265, 121)	'ery'	2797
2781	(45, 102)	'-f'	2798
2782	(467, 112)	'ump'	2799
2783	(933, 569)	' blood'	2800
2784	(355, 154)	'刚'	2801
2785	(98, 111)	'bo'	2802
2786	(958, 294)	'自己的'	2803
2787	(454, 53)	' 15'	2804
2788	(477, 174)	'议'	2805
2789	(499, 134)	'准'	2806
2790	(655, 188)	'值'	2807
2791	(2306, 168)	'器'	2808
2792	(656, 572)	'soci'	2809
2793	(1684, 1160)	' specific'	2810
2794	(402, 115)	'ills'	2811
2795	(422, 157)	'绝'	2812
2796	(386, 165)	'奥'	2813
2797	(1007, 2248)	' Christ'	2814
2798	(108, 102)	'lf'	2815
2799	(471, 669)	' exact'	2816
2800	(230, 189)	b'\xe6\xbd'	2817
2801	(1290, 190)	'現'	2818
2802	(112, 552)	'port'	2819
2803	(1797, 154)	'婚'	2820
2804	(283, 567)	' past'	2821
2805	(496, 2303)	' almost'	2822
2806	(568, 1109)	'以及'	2823
2807	(598, 110)	'agn'	2824
2808	(1223, 155)	'岛'	2825
2809	(521, 1023)	'ources'	2826
2810	(349, 1000)	'一起'	2827
2811	(435, 2740)	' suggest'	2828
2812	(32, 88)	' X'	2829
2813	(268, 2040)	' wait'	2830
2814	(987, 1796)	'北京'	2831
2815	(106, 1113)	'joy'	2832
2816	(444, 294)	'大的'	2833
2817	(872, 627)	'其他'	2834
2818	(1640, 131)	'境'	2835
2819	(1673, 323)	' present'	2836
2820	(328, 142)	'低'	2837
2821	(976, 159)	'食'	2838
2822	(334, 311)	'roll'	2839
2823	(1525, 104)	' meth'	2840
2824	(89, 278)	'Yes'	2841
2825	(341, 166)	'否'	2842
2826	(522, 120)	' Ex'	2843
2827	(471, 1382)	' expect'	2844
2828	(276, 768)	' book'	2845
2829	(462, 103)	'ung'	2846
2830	(1622, 129)	'铁'	2847
2831	(968, 720)	'然后'	2848
2832	(1798, 291)	' clear'	2849
2833	(802, 111)	' ago'	2850
2834	(576, 275)	'aken'	2851
2835	(446, 335)	' These'	2852
2836	(2212, 101)	' true'	2853
2837	(1048, 121)	' buy'	2854
2838	(1127, 791)	'东西'	2855
2839	(280, 532)	'ories'	2856
2840	(443, 1296)	' project'	2857
2841	(1201, 172)	'独'	2858
2842	(498, 287)	'ained'	2859
2843	(297, 2338)	' half'	2860
2844	(256, 260)	' tre'	2861
2845	(1896, 153)	'龙'	2862
2846	(924, 115)	' needs'	2863
2847	(381, 179)	'即'	2864
2848	(276, 1398)	' based'	2865
2849	(1680, 189)	'賽'	2866
2850	(445, 552)	' short'	2867
2851	(99, 1117)	'ched'	2868
2852	(309, 495)	' night'	2869
2853	(674, 2590)	' energy'	2870
2854	(546, 287)	'ended'	2871
2855	(112, 291)	'par'	2872
2856	(363, 2117)	' stuff'	2873
2857	(441, 294)	'中的'	2874
2858	(296, 102)	' inf'	2875
2859	(435, 642)	' super'	2876
2860	(1338, 174)	'据'	2877
2861	(279, 854)	' fav'	2878
2862	(416, 188)	'似'	2879
2863	(752, 135)	'假'	2880
2864	(97, 509)	'ape'	2881
2865	(273, 786)	' cult'	2882
2866	(2676, 754)	' available'	2883
2867	(108, 265)	'ler'	2884
2868	(282, 2663)	' material'	2885
2869	(283, 473)	' prom'	2886
2870	(32, 1594)	' ident'	2887
2871	(897, 281)	' working'	2888
2872	(333, 173)	'六'	2889
2873	(336, 855)	'idence'	2890
2874	(1390, 2351)	' University'	2891
2875	(344, 72)	' TH'	2892
2876	(429, 1492)	' rather'	2893
2877	(1483, 147)	'經'	2894
2878	(2062, 173)	'蘭'	2895
2879	(363, 940)	' story'	2896
2880	(563, 313)	' likely'	2897
2881	(467, 98)	'umb'	2898
2882	(1037, 874)	'怎样'	2899
2883	(2364, 502)	' government'	2900
2884	(523, 114)	' Fr'	2901
2885	(1374, 129)	'威'	2902
2886	(534, 181)	'念'	2903
2887	(638, 143)	'苏'	2904
2888	(421, 358)	' sever'	2905
2889	(1030, 57)	' 199'	2906
2890	(333, 183)	'具'	2907
2891	(87, 961)	'Why'	2908
2892	(300, 345)	' lim'	2909
2893	(289, 116)	' tot'	2910
2894	(334, 834)	'rodu'	2911
2895	(432, 615)	'though'	2912
2896	(119, 1695)	'where'	2913
2897	(103, 287)	'ged'	2914
2898	(52, 48)	'40'	2915
2899	(2130, 940)	' history'	2916
2900	(1195, 145)	'脑'	2917
2901	(765, 455)	'那个'	2918
2902	(1568, 281)	' fucking'	2919
2903	(333, 167)	'內'	2920
2904	(526, 159)	'速'	2921
2905	(230, 190)	b'\xe6\xbe'	2922
2906	(273, 395)	' cra'	2923
2907	(894, 875)	' amount'	2924
2908	(273, 286)	' cal'	2925
2909	(300, 97)	' la'	2926
2910	(869, 140)	'职'	2927
2911	(283, 1076)	' pict'	2928
2912	(692, 175)	'景'	2929
2913	(871, 864)	'发现'	2930
2914	(409, 343)	' May'	2931
2915	(119, 119)	'ww'	2932
2916	(2287, 107)	' risk'	2933
2917	(898, 1222)	'Thank'	2934
2918	(477, 184)	'许'	2935
2919	(1132, 875)	' account'	2936
2920	(422, 136)	'终'	2937
2921	(99, 1323)	'ches'	2938
2922	(1196, 2773)	' individual'	2939
2923	(32, 48)	' 0'	2940
2924	(933, 653)	' black'	2941
2925	(1952, 1264)	' particular'	2942
2926	(734, 744)	' close'	2943
2927	(301, 786)	'icult'	2944
2928	(514, 165)	'步'	2945
2929	(461, 153)	'沙'	2946
2930	(1905, 105)	' vari'	2947
2931	(1124, 1539)	'政治'	2948
2932	(937, 1277)	'第二'	2949
2933	(353, 109)	'amm'	2950
2934	(326, 1412)	' young'	2951
2935	(265, 286)	'eral'	2952
2936	(309, 818)	' norm'	2953
2937	(264, 1728)	' sense'	2954
2938	(674, 2511)	' environment'	2955
2939	(362, 129)	'证'	2956
2940	(282, 786)	' mult'	2957
2941	(848, 327)	' grow'	2958
2942	(362, 187)	'读'	2959
2943	(336, 287)	'ided'	2960
2944	(423, 157)	'川'	2961
2945	(98, 121)	'by'	2962
2946	(46, 53)	'.5'	2964
2947	(490, 1685)	' view'	2965
2948	(869, 175)	'聯'	2966
2949	(368, 258)	' She'	2967
2950	(1508, 2360)	' similar'	2968
2951	(332, 133)	'久'	2969
2952	(675, 165)	'啥'	2970
2953	(14017, 403)	' together'	2971
2954	(316, 130)	'参'	2972
2955	(710, 577)	' anyone'	2973
2956	(2462, 571)	'需要'	2974
2957	(309, 267)	' nat'	2975
2958	(880, 48)	' 30'	2976
2959	(1324, 146)	'酒'	2977
2960	(482, 324)	'这是'	2978
2961	(870, 1074)	' perform'	2979
2962	(355, 155)	'创'	2980
2963	(303, 112)	'omp'	2981
2964	(115, 121)	'sy'	2982
2965	(939, 107)	' took'	2983
2966	(275, 1486)	'ency'	2984
2967	(279, 829)	' face'	2985
2968	(14004, 101)	' include'	2986
2969	(1348, 171)	'莫'	2987
2970	(346, 607)	'uture'	2988
2971	(2265, 115)	' hours'	2989
2972	(232, 171)	b'\xe8\xab'	2990
2973	(97, 101)	'ae'	2991
2974	(467, 323)	'ument'	2992
2975	(322, 361)	' rece'	2993
2976	(468, 129)	'态'	2994
2977	(805, 172)	'般'	2995
2978	(369, 541)	' heart'	2996
2979	(416, 164)	'伤'	2997
2980	(332, 160)	'习'	2998
2981	(297, 1391)	' hold'	2999
2982	(2209, 855)	' experience'	3000
2983	(636, 278)	'aces'	3001
2984	(902, 134)	'來'	3002
2985	(288, 269)	' dou'	3003
2986	(32, 1043)	' vers'	3004
2987	(300, 659)	' link'	3005
2988	(111, 698)	'oice'	3006
2989	(308, 2485)	' girl'	3007
2990	(285, 286)	' anal'	3008
2991	(2728, 188)	'鱼'	3009
2992	(1521, 502)	' development'	3010
2993	(369, 553)	' heard'	3012
2994	(1310, 188)	'楼'	3013
2995	(305, 168)	'木'	3014
2996	(1167, 121)	'ully'	3015
2997	(454, 50)	' 12'	3016
2998	(483, 139)	'秋'	3017
2999	(996, 1407)	' everything'	3018
3000	(318, 14015)	' econom'	3019
3001	(1467, 136)	'消'	3020
3002	(1157, 186)	'示'	3021
3003	(384, 121)	'ify'	3022
3004	(2823, 581)	' method'	3023
3005	(333, 187)	'养'	3024
3006	(45, 112)	'-p'	3025
3007	(528, 135)	'标'	3026
3008	(616, 149)	'投'	3027
3009	(2888, 286)	' several'	3028
3010	(1787, 1436)	' However'	3029
3011	(292, 135)	'皇'	3030
3012	(474, 302)	' meas'	3031
3013	(604, 133)	'际'	3032
3014	(67, 104)	'Ch'	3033
3015	(667, 1113)	'ploy'	3034
3016	(1033, 102)	' diff'	3035
3017	(457, 502)	' comment'	3036
3018	(70, 280)	'For'	3037
3019	(383, 139)	'律'	3038
3020	(685, 139)	'洋'	3039
3021	(604, 134)	'陆'	3040
3022	(564, 327)	' allow'	3041
3023	(409, 291)	' Mar'	3042
3024	(1141, 1502)	'电视'	3043
3025	(1598, 640)	' strong'	3044
3026	(103, 115)	'gs'	3045
3027	(69, 83)	'ES'	3046
3028	(445, 549)	' shall'	3047
3029	(195, 169)	'é'	3048
3030	(520, 115)	' abs'	3049
3031	(883, 351)	' trad'	3050
3032	(967, 281)	' playing'	3051
3033	(1428, 161)	'模'	3052
3034	(1512, 139)	'開'	3053
3035	(14005, 275)	' given'	3054
3036	(811, 711)	' quite'	3055
3037	(667, 278)	'ples'	3056
3038	(109, 121)	'my'	3058
3039	(1856, 115)	' words'	3059
3040	(427, 1237)	' death'	3060
3041	(264, 323)	' sent'	3061
3042	(341, 155)	'君'	3062
3043	(690, 183)	'雷'	3063
3044	(279, 521)	' four'	3064
3045	(416, 151)	'众'	3066
3046	(1860, 841)	' value'	3067
3047	(450, 287)	'ried'	3068
3048	(50, 52)	'24'	3069
3049	(927, 169)	'恩'	3070
3050	(102, 280)	'for'	3071
3051	(819, 97)	'aha'	3072
3052	(349, 1053)	'一定'	3073
3053	(99, 258)	'che'	3074
3054	(1115, 733)	'ological'	3075
3055	(803, 119)	' saw'	3076
3056	(306, 121)	'ley'	3077
3057	(115, 602)	'side'	3078
3058	(690, 168)	'雨'	3079
3059	(1032, 1278)	'代表'	3080
3060	(535, 278)	' Res'	3081
3061	(1215, 2548)	'如何评价'	3082
3062	(1192, 2231)	' remember'	3083
3063	(2088, 166)	'瓦'	3084
3064	(994, 186)	'艺'	3085
3065	(300, 372)	' lol'	3086
3066	(387, 372)	' Col'	3087
3067	(97, 345)	'aim'	3088
3068	(14014, 111)	' video'	3089
3069	(434, 114)	' Pr'	3090
3070	(342, 176)	'戰'	3091
3071	(109, 798)	'mber'	3092
3072	(1512, 147)	'間'	3093
3073	(332, 157)	'九'	3094
3074	(529, 962)	" they're"	3095
3075	(870, 2647)	' period'	3096
3076	(2445, 509)	'urope'	3097
3077	(277, 1023)	'ances'	3098
3078	(977, 286)	'itional'	3099
3079	(268, 906)	' wond'	3100
3080	(539, 150)	'視'	3101
3081	(322, 100)	' red'	3102
3082	(290, 166)	'亦'	3103
3083	(1000, 588)	'起来'	3104
3084	(583, 172)	'括'	3105
3085	(480, 377)	'为了'	3106
3086	(14013, 809)	' disease'	3107
3087	(1774, 2254)	' character'	3108
3088	(505, 149)	'引'	3109
3089	(285, 2572)	' answ'	3110
3090	(1226, 2683)	'台湾'	3111
3091	(275, 1023)	'ences'	3112
3092	(114, 378)	'ration'	3113
3093	(526, 129)	'送'	3114
3094	(1142, 1150)	'或者'	3115
3095	(596, 155)	'毛'	3116
3096	(707, 185)	'费'	3117
3097	(344, 101)	' Te'	3118
3098	(1464, 693)	'今天'	3119
3099	(366, 100)	' Ad'	3120
3100	(1466, 656)	' Also'	3122
3101	(601, 191)	'愿'	3123
3102	(1370, 177)	'唱'	3124
3103	(260, 119)	'rew'	3125
3104	(273, 346)	' cut'	3126
3105	(451, 104)	'ush'	3127
3106	(455, 365)	'个人'	3128
3107	(795, 187)	'轻'	3129
3108	(257, 426)	' age'	3130
3109	(538, 135)	'遇'	3131
3110	(290, 137)	'争'	3132
3111	(657, 110)	'ogn'	3133
3112	(877, 191)	'穿'	3134
3113	(294, 1161)	'的话'	3135
3114	(579, 187)	'闻'	3136
3115	(454, 680)	' 100'	3137
3116	(2061, 1917)	'希望'	3138
3117	(966, 1135)	' maybe'	3139
3118	(333, 184)	'典'	3140
3119	(805, 170)	'航'	3141
3120	(784, 131)	'调'	3142
3121	(283, 896)	' press'	3143
3122	(1570, 158)	'塞'	3144
3123	(425, 114)	' Br'	3145
3124	(2546, 1424)	' benef'	3146
3125	(109, 115)	'ms'	3147
3126	(275, 101)	'ene'	3148
3127	(65, 78)	'AN'	3149
3128	(377, 349)	'了一'	3150
3129	(764, 346)	' comput'	3151
3130	(1899, 286)	' local'	3152
3131	(385, 688)	'有什么'	3153
3132	(851, 143)	'随'	3154
3133	(986, 1430)	' guys'	3155
3134	(1534, 602)	' provide'	3156
3135	(1732, 591)	'社会'	3157
3136	(856, 144)	'姐'	3158
3137	(273, 269)	' cou'	3159
3138	(288, 841)	' due'	3160
3139	(682, 55)	'197'	3161
3140	(79, 79)	'OO'	3162
3141	(2333, 159)	'機'	3163
3142	(1570, 148)	'塔'	3164
3143	(97, 102)	'af'	3165
3144	(804, 281)	' thinking'	3166
3145	(517, 163)	'衣'	3167
3146	(272, 642)	' oper'	3168
3147	(268, 1233)	' writ'	3169
3148	(434, 104)	' Ph'	3170
3149	(462, 101)	'une'	3171
3150	(354, 151)	'宗'	3172
3151	(1081, 146)	'勒'	3173
3152	(1795, 110)	'ohn'	3174
3153	(1061, 1308)	'selves'	3175
3154	(264, 610)	' sound'	3176
3155	(421, 120)	' sex'	3177
3156	(285, 110)	' ann'	3178
3157	(524, 114)	' Gr'	3179
3158	(769, 115)	'ips'	3180
3159	(109, 259)	'min'	3181
3160	(99, 306)	'cle'	3182
3161	(630, 651)	" wouldn't"	3183
3162	(108, 2100)	'lished'	3184
3163	(359, 565)	'不好'	3185
3164	(1405, 1988)	' instead'	3186
3165	(889, 161)	'睡'	3187
3166	(274, 263)	'ison'	3188
3167	(616, 164)	'护'	3189
3168	(522, 100)	' Ed'	3191
3169	(896, 307)	'ression'	3192
3170	(322, 667)	' repl'	3193
3171	(296, 1749)	' infl'	3194
3172	(649, 129)	'极'	3195
3173	(991, 385)	'只有'	3196
3174	(481, 111)	' Do'	3197
3175	(273, 2379)	' circ'	3198
3176	(467, 101)	'ume'	3199
3177	(685, 190)	'派'	3200
3178	(534, 151)	'志'	3201
3179	(2140, 115)	' months'	3202
3180	(1256, 306)	' colle'	3203
3181	(1132, 440)	' access'	3204
3182	(1593, 866)	' entire'	3205
3183	(1536, 115)	' problems'	3206
3184	(471, 460)	' exist'	3207
3185	(273, 751)	' creat'	3208
3186	(232, 147)	b'\xe8\x93'	3209
3187	(887, 513)	'ensive'	3210
3188	(266, 190)	'举'	3211
3189	(496, 640)	' along'	3212
3190	(507, 263)	' soon'	3213
3191	(380, 711)	' white'	3214
3192	(359, 969)	'不同'	3215
3193	(111, 890)	'oint'	3216
3194	(1195, 184)	'脸'	3217
3195	(1869, 327)	' follow'	3218
3196	(362, 141)	'词'	3219
3197	(300, 111)	' lo'	3220
3198	(279, 2970)	' future'	3221
3199	(2070, 130)	'懂'	3222
3200	(407, 145)	'村'	3223
3201	(685, 155)	'洛'	3224
3202	(344, 111)	' To'	3225
3203	(550, 432)	' worth'	3226
3204	(65, 83)	'AS'	3227
3205	(320, 143)	'夏'	3228
3206	(282, 303)	' mom'	3229
3207	(451, 278)	'uses'	3230
3208	(1324, 141)	'配'	3231
3209	(556, 294)	'上的'	3232
3210	(363, 101)	' ste'	3233
3211	(1416, 166)	'梦'	3234
3212	(2644, 306)	' single'	3235
3213	(283, 845)	' pick'	3236
3214	(1883, 3084)	'包括'	3238
3215	(112, 280)	'por'	3239
3216	(870, 2021)	' percent'	3240
3217	(721, 174)	'修'	3241
3218	(2381, 2660)	' definitely'	3242
3219	(14023, 158)	'～'	3243
3220	(435, 2746)	' success'	3244
3221	(399, 626)	'我也'	3245
3222	(517, 151)	'街'	3246
3223	(674, 2815)	' enjoy'	3247
3224	(341, 137)	'吉'	3248
3225	(427, 286)	' deal'	3249
3226	(354, 164)	'室'	3250
3227	(279, 1975)	' field'	3251
3228	(1663, 1050)	' learning'	3252
3229	(721, 132)	'俄'	3253
3230	(355, 152)	'刘'	3254
3231	(279, 356)	' fig'	3255
3232	(292, 174)	'皮'	3256
3233	(300, 439)	' lab'	3257
3234	(482, 930)	'这些'	3258
3235	(355, 153)	'则'	3259
3236	(1203, 121)	' key'	3260
3237	(320, 135)	'备'	3261
3238	(520, 985)	' above'	3262
3239	(461, 185)	'油'	3263
3240	(264, 286)	' sal'	3264
3241	(894, 640)	' among'	3265
3242	(56, 48)	'80'	3266
3243	(46, 83)	'.S'	3267
3244	(116, 116)	'tt'	3268
3245	(943, 385)	'所有'	3269
3246	(87, 1232)	'When'	3270
3247	(2251, 2730)	' especially'	3271
3248	(2291, 382)	' occur'	3272
3249	(1390, 1458)	' United'	3273
3250	(266, 157)	'丝'	3274
3251	(73, 83)	'IS'	3275
3252	(324, 759)	'是法'	3276
3253	(1197, 571)	'重要'	3277
3254	(306, 719)	'leep'	3278
3255	(320, 159)	'够'	3279
3256	(675, 166)	'啦'	3280
3257	(526, 188)	'逼'	3281
3258	(98, 270)	'bit'	3282
3259	(109, 97)	'ma'	3283
3260	(410, 651)	" wasn't"	3284
3261	(546, 115)	'ends'	3285
3262	(643, 115)	' gets'	3286
3263	(1223, 129)	'岁'	3287
3264	(276, 105)	' bi'	3288
3265	(811, 845)	' quick'	3289
3266	(73, 84)	'IT'	3290
3267	(421, 2798)	' self'	3291
3268	(595, 287)	'ived'	3292
3269	(316, 140)	'双'	3293
3270	(333, 154)	'党'	3294
3271	(1867, 699)	'属于'	3295
3272	(995, 1045)	' affect'	3296
3273	(457, 278)	' comes'	3297
3274	(266, 166)	'並'	3298
3275	(672, 170)	'纪'	3299
3276	(825, 829)	' space'	3300
3277	(357, 141)	'對'	3301
3278	(503, 155)	'牛'	3302
3279	(840, 119)	'new'	3303
3280	(543, 184)	'永'	3304
3281	(414, 174)	'帮'	3305
3282	(324, 1060)	'是不是'	3306
3283	(355, 135)	'切'	3307
3284	(229, 171)	b'\xe5\xab'	3308
3285	(315, 278)	' yes'	3309
3286	(283, 2185)	' parent'	3310
3287	(1118, 169)	'韩'	3311
3288	(604, 144)	'限'	3312
3289	(477, 178)	'讲'	3313
3290	(872, 441)	'其中'	3314
3291	(45, 116)	'-t'	3315
3292	(429, 351)	' rad'	3316
3293	(483, 128)	'秀'	3317
3294	(689, 789)	'地方'	3318
3295	(387, 1607)	' Comm'	3319
3296	(266, 131)	'七'	3320
3297	(306, 118)	'lev'	3321
3298	(2018, 576)	' break'	3322
3299	(32, 95)	' _'	3323
3300	(280, 352)	'orld'	3324
3301	(1266, 373)	'like'	3325
3302	(268, 613)	' wind'	3326
3303	(329, 280)	'ctor'	3327
3304	(557, 181)	'呵'	3328
3305	(454, 55)	' 17'	3329
3306	(65, 110)	'An'	3330
3307	(273, 405)	' cop'	3331
3308	(273, 519)	' city'	3332
3309	(362, 137)	'诉'	3333
3310	(1610, 115)	'wards'	3334
3311	(279, 594)	' fine'	3335
3312	(462, 360)	'unch'	3336
3313	(382, 646)	'urther'	3337
3314	(1358, 1296)	' object'	3338
3315	(231, 135)	b'\xe7\x87'	3339
3316	(1029, 891)	' record'	3340
3317	(282, 280)	' mor'	3341
3318	(421, 1484)	' season'	3342
3319	(950, 137)	'肉'	3343
3320	(399, 1385)	'我觉得'	3344
3321	(596, 149)	'毕'	3345
3322	(282, 440)	' mess'	3346
3323	(984, 144)	'坐'	3347
3324	(279, 866)	' fire'	3348
3325	(490, 372)	' vol'	3349
3326	(704, 103)	' arg'	3350
3327	(554, 136)	'效'	3351
3328	(233, 164)	b'\xe9\xa4'	3352
3329	(701, 1169)	' text'	3353
3330	(781, 720)	'最后'	3354
3331	(2180, 129)	'突'	3355
3332	(927, 139)	'恋'	3356
3333	(522, 3076)	' Europe'	3357
3334	(79, 78)	'ON'	3358
3335	(404, 115)	'cks'	3359
3336	(372, 1589)	'olution'	3360
3337	(32, 402)	' ill'	3361
3338	(1261, 653)	' attack'	3362
3339	(300, 2412)	' liter'	3363
3340	(877, 141)	'積'	3364
3341	(1686, 151)	'著'	3365
3342	(457, 98)	' comb'	3366
3343	(511, 180)	'致'	3367
3344	(1210, 144)	'某'	3368
3345	(580, 359)	'都不'	3369
3346	(279, 549)	' fall'	3370
3347	(1604, 397)	" That's"	3371
3348	(1664, 426)	'ledge'	3372
3349	(963, 1257)	'文化'	3373
3350	(14016, 403)	' higher'	3374
3351	(910, 621)	' appear'	3375
3352	(97, 105)	'ai'	3376
3353	(396, 116)	'ilt'	3377
3354	(692, 186)	'智'	3378
3355	(110, 1998)	'n’t'	3379
3356	(954, 1238)	' special'	3380
3357	(525, 140)	'富'	3381
3358	(279, 838)	' foc'	3382
3359	(269, 100)	'oud'	3383
3360	(1651, 166)	'警'	3384
3361	(582, 2029)	'ference'	3385
3362	(552, 115)	'orts'	3386
3363	(1498, 177)	'統'	3387
3364	(340, 278)	' ones'	3388
3365	(340, 1985)	' online'	3389
3366	(2119, 401)	' matter'	3390
3367	(115, 112)	'sp'	3391
3368	(338, 163)	'圣'	3392
3369	(50, 55)	'27'	3393
3370	(344, 114)	' Tr'	3394
3371	(374, 173)	'断'	3395
3372	(314, 265)	'ster'	3396
3373	(1869, 1656)	' following'	3397
3374	(1518, 319)	' phot'	3398
3375	(1744, 1160)	' signific'	3399
3376	(568, 720)	'以后'	3400
3377	(454, 54)	' 16'	3401
3378	(1806, 121)	' easy'	3402
3379	(1627, 138)	'車'	3403
3380	(522, 110)	' En'	3404
3381	(321, 2460)	' begin'	3405
3382	(1421, 287)	' started'	3406
3383	(349, 2977)	'一般'	3407
3384	(231, 185)	b'\xe7\xb9'	3408
3385	(531, 101)	' Ne'	3409
3386	(1255, 2686)	' awesome'	3410
3387	(2190, 323)	' scient'	3411
3388	(865, 132)	'約'	3412
3389	(508, 323)	'resent'	3413
3390	(392, 302)	' areas'	3414
3391	(291, 114)	'arr'	3415
3392	(274, 281)	'ising'	3416
3393	(1805, 270)	' polit'	3418
3394	(470, 141)	'响'	3419
3395	(3016, 2927)	' difficult'	3420
3396	(395, 1110)	'raph'	3421
3397	(105, 942)	'ients'	3422
3398	(314, 270)	'stit'	3423
3399	(899, 2654)	'面积'	3424
3400	(1029, 1607)	' recomm'	3425
3401	(557, 128)	'呀'	3426
3402	(599, 840)	' One'	3427
3403	(104, 104)	'hh'	3428
3404	(317, 164)	'令'	3429
3405	(109, 112)	'mp'	3430
3406	(79, 110)	'On'	3431
3407	(2537, 2320)	' business'	3432
3408	(50, 56)	'28'	3433
3409	(288, 263)	' don'	3434
3410	(1892, 173)	'饭'	3435
3411	(636, 121)	'acy'	3436
3412	(672, 179)	'纳'	3437
3413	(728, 431)	"ven't"	3438
3414	(270, 360)	'itch'	3439
3415	(422, 134)	'细'	3440
3416	(1574, 449)	' invest'	3441
3417	(368, 99)	' Sc'	3442
3418	(690, 170)	'雪'	3443
3419	(865, 162)	'索'	3444
3420	(297, 263)	' hon'	3445
3421	(318, 267)	' eat'	3446
3422	(460, 301)	'istic'	3447
3423	(230, 167)	b'\xe6\xa7'	3448
3424	(317, 189)	'份'	3449
3425	(50, 54)	'26'	3450
3426	(779, 480)	'作为'	3451
3427	(1702, 286)	' general'	3452
3428	(280, 281)	'oring'	3453
3429	(276, 291)	' bar'	3454
3430	(551, 137)	'玉'	3455
3431	(63, 63)	'??'	3456
3432	(301, 334)	'icro'	3457
3433	(45, 109)	'-m'	3458
3434	(611, 377)	'到了'	3459
3435	(1129, 2342)	' consider'	3460
3436	(74, 433)	'Just'	3461
3437	(1251, 140)	'背'	3462
3438	(65, 82)	'AR'	3463
3439	(1922, 115)	' friends'	3464
3440	(548, 452)	' plant'	3465
3441	(256, 1284)	' taking'	3466
3442	(448, 115)	'ands'	3468
3443	(2236, 99)	' etc'	3469
3444	(787, 1334)	' prevent'	3470
3445	(282, 319)	' mot'	3471
3446	(99, 497)	'come'	3472
3447	(1307, 1276)	'关系'	3473
3448	(102, 829)	'face'	3474
3449	(105, 447)	'ially'	3475
3450	(1498, 132)	'組'	3476
3451	(273, 1233)	' crit'	3477
3452	(950, 175)	'肯'	3478
3453	(604, 136)	'陈'	3479
3454	(369, 291)	' hear'	3480
3455	(485, 112)	'osp'	3481
3456	(265, 99)	'erc'	3482
3457	(368, 497)	' Some'	3483
3458	(575, 146)	'归'	3484
3459	(807, 2235)	'市镇'	3485
3460	(1011, 2639)	'比较'	3486
3461	(689, 1133)	'地区'	3487
3462	(807, 2402)	'市鎮'	3488
3463	(503, 140)	'牌'	3489
3464	(1701, 1930)	' discuss'	3490
3465	(556, 1028)	'上海'	3491
3466	(839, 585)	'女生'	3492
3467	(981, 1671)	'意思'	3493
3468	(638, 166)	'苦'	3494
3469	(103, 111)	'go'	3495
3470	(79, 85)	'OU'	3496
3471	(918, 1096)	' States'	3497
3472	(333, 181)	'兵'	3498
3473	(498, 281)	'aining'	3499
3474	(2523, 1026)	' protect'	3500
3475	(1338, 162)	'换'	3501
3476	(422, 173)	'续'	3502
3477	(1319, 180)	'破'	3503
3478	(627, 294)	'他的'	3504
3479	(618, 263)	' upon'	3505
3480	(114, 495)	'right'	3506
3481	(471, 99)	' exc'	3507
3482	(757, 720)	'之后'	3508
3483	(1104, 1700)	'老师'	3509
3484	(2131, 281)	' talking'	3510
3485	(459, 1332)	' necess'	3511
3486	(111, 313)	'oly'	3512
3487	(117, 378)	'uation'	3513
3488	(333, 180)	'兴'	3514
3489	(117, 426)	'uge'	3515
3490	(1981, 519)	' community'	3516
3491	(2114, 1834)	'历史'	3517
3492	(1320, 137)	'草'	3518
3493	(1684, 532)	' species'	3520
3494	(279, 495)	' fight'	3521
3495	(32, 120)	' x'	3522
3496	(103, 306)	'gle'	3523
3497	(983, 168)	'票'	3524
3498	(387, 323)	' Cent'	3525
3499	(645, 184)	'爸'	3526
3500	(264, 2019)	' sounds'	3527
3501	(260, 103)	'reg'	3528
3502	(1978, 2695)	' correct'	3529
3503	(316, 166)	'另'	3530
3504	(278, 101)	'ese'	3531
3505	(1804, 480)	'认为'	3532
3506	(282, 2568)	' million'	3533
3507	(263, 121)	'ony'	3534
3508	(416, 175)	'伯'	3535
3509	(409, 277)	' Man'	3536
3510	(1191, 356)	' relig'	3537
3511	(300, 955)	' luck'	3538
3512	(1520, 168)	'您'	3539
3513	(707, 163)	'责'	3540
3514	(105, 508)	'ires'	3541
3515	(365, 603)	'人家'	3542
3516	(894, 1550)	' amaz'	3543
3517	(233, 188)	b'\xe9\xbc'	3544
3518	(309, 330)	' net'	3545
3519	(512, 115)	'ems'	3546
3520	(68, 111)	'Do'	3547
3521	(827, 1436)	' however'	3548
3522	(385, 349)	'有一'	3549
3523	(384, 116)	'ift'	3550
3524	(559, 185)	'妹'	3551
3525	(84, 111)	'To'	3552
3526	(283, 2038)	' please'	3553
3527	(902, 157)	'依'	3554
3528	(1103, 307)	'ission'	3555
3529	(2799, 313)	' exactly'	3556
3530	(441, 1618)	'中华'	3557
3531	(67, 277)	'Can'	3558
3532	(2305, 502)	' treatment'	3559
3533	(964, 163)	'廣'	3560
3534	(1737, 115)	' levels'	3561
3535	(268, 742)	" won't"	3562
3536	(229, 180)	b'\xe5\xb4'	3563
3537	(674, 99)	' enc'	3564
3538	(787, 118)	' prev'	3565
3539	(2183, 153)	'蒙'	3566
3540	(233, 132)	b'\xe9\x84'	3567
3541	(1263, 130)	'骂'	3568
3542	(318, 1334)	' event'	3569
3543	(302, 281)	'asing'	3570
3544	(87, 104)	'Wh'	3571
3545	(364, 176)	'田'	3572
3546	(536, 159)	'盟'	3573
3547	(2034, 182)	'島'	3574
3548	(367, 184)	'幸'	3575
3549	(308, 581)	' god'	3576
3550	(14009, 841)	' issue'	3577
3551	(1793, 1063)	'运动'	3578
3552	(275, 110)	'enn'	3579
3553	(363, 1989)	' struct'	3580
3554	(1128, 2363)	'教育'	3581
3555	(1614, 150)	'编'	3582
3556	(779, 1578)	'作品'	3583
3557	(32, 440)	' ess'	3584
3558	(1954, 1269)	' return'	3585
3559	(515, 181)	'况'	3586
3560	(626, 359)	'也不'	3587
3561	(337, 189)	'追'	3588
3562	(83, 258)	'She'	3589
3563	(357, 189)	'尽'	3590
3564	(420, 191)	'承'	3591
3565	(927, 182)	'恶'	3592
3566	(230, 164)	b'\xe6\xa4'	3593
3567	(119, 104)	'wh'	3594
3568	(490, 370)	' vir'	3595
3569	(673, 109)	' imm'	3596
3570	(513, 313)	'ively'	3597
3571	(655, 146)	'倒'	3598
3572	(523, 108)	' Fl'	3599
3573	(707, 159)	'负'	3600
3574	(413, 294)	'年的'	3601
3575	(122, 101)	'ze'	3602
3576	(14020, 691)	' language'	3603
3577	(682, 54)	'196'	3604
3578	(1406, 2073)	' across'	3605
3579	(358, 691)	'verage'	3606
3580	(279, 1505)	' fair'	3607
3581	(673, 598)	' imag'	3608
3582	(811, 2147)	' quality'	3609
3583	(488, 132)	'规'	3610
3584	(318, 112)	' ep'	3611
3585	(538, 148)	'達'	3612
3586	(2957, 1779)	' natural'	3613
3587	(256, 2834)	' taken'	3614
3588	(998, 287)	' wanted'	3615
3589	(729, 160)	'章'	3616
3590	(554, 162)	'敢'	3617
3591	(1310, 154)	'楚'	3618
3592	(1196, 433)	' indust'	3619
3593	(50, 57)	'29'	3620
3594	(270, 278)	'ites'	3621
3595	(399, 324)	'我是'	3622
3596	(320, 174)	'央'	3623
3597	(713, 397)	" there's"	3624
3598	(263, 2284)	'onna'	3625
3599	(391, 335)	'oose'	3626
3600	(301, 378)	'ication'	3627
3601	(490, 105)	' vi'	3628
3602	(515, 160)	'冠'	3629
3603	(773, 1124)	'行政'	3630
3604	(267, 940)	'atory'	3631
3605	(443, 112)	' prop'	3632
3606	(1148, 281)	' bring'	3633
3607	(279, 267)	' fat'	3634
3608	(1348, 183)	'获'	3635
3609	(517, 128)	'血'	3636
3610	(505, 159)	'弟'	3637
3611	(1221, 159)	'號'	3638
3612	(2861, 280)	' favor'	3639
3613	(297, 437)	' hate'	3640
3614	(46, 48)	'.0'	3641
3615	(385, 365)	'有人'	3642
3616	(111, 373)	'oke'	3643
3617	(363, 719)	' step'	3644
3618	(260, 108)	'rel'	3645
3619	(524, 1235)	' Germ'	3646
3620	(103, 278)	'ges'	3647
3621	(750, 178)	'防'	3648
3622	(103, 281)	'ging'	3649
3623	(1480, 814)	' function'	3650
3624	(854, 278)	'aves'	3651
3625	(14009, 1736)	' issues'	3652
3626	(328, 155)	'佛'	3653
3627	(119, 731)	'ware'	3654
3628	(122, 121)	'zy'	3655
3629	(434, 101)	' Pe'	3656
3630	(1173, 48)	' 50'	3657
3631	(538, 142)	'過'	3658
3632	(567, 301)	'astic'	3659
3633	(2497, 101)	'ique'	3660
3634	(111, 306)	'ole'	3661
3635	(366, 109)	' Am'	3662
3636	(111, 562)	'ored'	3663
3637	(272, 609)	' opt'	3664
3638	(554, 184)	'數'	3665
3639	(1399, 130)	'堂'	3666
3640	(584, 160)	'靠'	3667
3641	(288, 449)	' dest'	3668
3642	(396, 306)	'ille'	3669
3643	(2223, 301)	' music'	3670
3644	(436, 169)	'助'	3671
3645	(368, 121)	' Sy'	3672
3646	(463, 291)	' War'	3673
3647	(921, 174)	'置'	3674
3648	(14002, 312)	"I've"	3675
3649	(916, 2139)	'而且'	3676
3650	(514, 162)	'止'	3677
3651	(1004, 1022)	'特别'	3678
3652	(463, 376)	' With'	3679
3653	(521, 110)	'ourn'	3680
3654	(1272, 1272)	'哈哈哈哈'	3681
3655	(229, 151)	b'\xe5\x97'	3682
3656	(100, 101)	'de'	3683
3657	(936, 301)	' offic'	3684
3658	(276, 2225)	' brain'	3685
3659	(256, 265)	' ter'	3686
3660	(337, 170)	'迪'	3687
3661	(411, 278)	'ules'	3688
3662	(108, 116)	'lt'	3689
3663	(260, 1866)	'reme'	3690
3664	(515, 176)	'冰'	3691
3665	(363, 267)	' stat'	3692
3666	(302, 107)	'ask'	3693
3667	(1517, 2743)	' minutes'	3694
3668	(967, 287)	' played'	3695
3669	(1399, 180)	'場'	3696
3670	(300, 1253)	' lower'	3697
3671	(501, 151)	'店'	3698
3672	(1358, 115)	' obs'	3699
3673	(283, 590)	' pie'	3700
3674	(229, 170)	b'\xe5\xaa'	3701
3675	(273, 121)	' cy'	3702
3676	(264, 2213)	' sorry'	3703
3677	(258, 109)	'hem'	3704
3678	(1370, 144)	'唐'	3705
3679	(1771, 437)	' create'	3706
3680	(557, 179)	'味'	3707
3681	(1320, 175)	'药'	3708
3682	(290, 174)	'亮'	3709
3683	(928, 669)	' impact'	3710
3684	(436, 135)	'劇'	3711
3685	(1925, 2505)	'游戏'	3712
3686	(264, 1601)	' size'	3713
3687	(765, 930)	'那些'	3714
3688	(14011, 278)	' changes'	3715
3689	(810, 186)	'挺'	3716
3690	(117, 287)	'ued'	3717
3691	(264, 711)	' site'	3719
3692	(899, 3340)	'面積'	3720
3693	(267, 1001)	'ators'	3721
3694	(1971, 287)	' tried'	3723
3695	(1374, 152)	'娘'	3724
3696	(526, 153)	'這'	3725
3697	(305, 151)	'朗'	3726
3698	(421, 311)	' sell'	3727
3699	(2496, 2369)	' English'	3728
3700	(474, 330)	' meet'	3729
3701	(3375, 452)	' significant'	3730
3702	(389, 3413)	" haven't"	3731
3703	(98, 1514)	'body'	3732
3704	(388, 2792)	' associ'	3733
3705	(420, 152)	'托'	3734
3706	(526, 130)	'适'	3735
3707	(1715, 1235)	' determ'	3736
3708	(1342, 281)	' reading'	3737
3709	(303, 278)	'omes'	3738
3710	(282, 2167)	' mention'	3739
3711	(2084, 306)	'attle'	3740
3712	(14006, 809)	' increase'	3741
3713	(115, 263)	'son'	3742
3714	(2211, 104)	'augh'	3743
3715	(648, 3152)	' John'	3744
3716	(2207, 766)	'故事'	3745
3717	(457, 667)	' compl'	3746
3718	(330, 301)	'etic'	3747
3719	(1755, 2674)	' article'	3748
3720	(379, 173)	'园'	3749
3721	(701, 636)	' teac'	3750
3722	(386, 167)	'奧'	3751
3723	(531, 1351)	' National'	3752
3724	(691, 502)	'agement'	3753
3725	(279, 277)	' fan'	3754
3726	(444, 1206)	'大學'	3755
3727	(573, 646)	' whether'	3756
3728	(870, 1045)	' perfect'	3757
3729	(399, 530)	'我就'	3758
3730	(121, 306)	'yle'	3759
3731	(696, 3153)	' themselves'	3760
3732	(499, 187)	'击'	3761
3733	(416, 152)	'优'	3762
3734	(551, 175)	'环'	3763
3735	(1582, 155)	'嘛'	3764
3736	(109, 609)	'mpt'	3765
3737	(748, 137)	'掉'	3766
3738	(1221, 189)	'虽'	3767
3739	(757, 882)	'之前'	3768
3740	(300, 657)	' log'	3769
3741	(381, 150)	'卖'	3770
3742	(374, 153)	'料'	3771
3743	(273, 553)	' card'	3772
3744	(350, 114)	' ur'	3773
3745	(661, 167)	'欧'	3774
3746	(636, 287)	'aced'	3775
3747	(558, 176)	'泰'	3776
3748	(501, 183)	'康'	3777
3749	(297, 405)	' hop'	3778
3750	(392, 651)	" aren't"	3779
3751	(1547, 259)	' skin'	3780
3752	(349, 1039)	'一点'	3781
3753	(267, 401)	'atter'	3782
3754	(475, 1111)	' living'	3783
3755	(69, 120)	'Ex'	3784
3756	(2002, 115)	' results'	3785
3757	(2446, 115)	' cells'	3786
3758	(1999, 1002)	' respons'	3787
3759	(515, 183)	'冷'	3788
3760	(268, 771)	' ways'	3789
3761	(82, 101)	'Re'	3790
3762	(1543, 2300)	' countries'	3791
3763	(108, 495)	'light'	3792
3764	(739, 145)	'跑'	3793
3765	(409, 287)	' Med'	3794
3766	(466, 1777)	' cancer'	3795
3767	(425, 1233)	' Brit'	3796
3768	(279, 1035)	' fail'	3797
3769	(351, 97)	'ada'	3798
3770	(282, 792)	' mass'	3799
3771	(2461, 440)	' profess'	3800
3772	(993, 281)	'itting'	3801
3773	(407, 190)	'松'	3803
3774	(647, 278)	' goes'	3804
3775	(55, 48)	'70'	3805
3776	(441, 790)	'中心'	3806
3777	(257, 112)	' ap'	3807
3778	(1890, 2759)	' author'	3808
3779	(902, 139)	'例'	3809
3780	(545, 1367)	' yourself'	3810
3781	(3089, 265)	' answer'	3811
3782	(314, 114)	'str'	3812
3783	(524, 111)	' Go'	3813
3784	(633, 169)	'義'	3814
3785	(840, 121)	'ney'	3815
3786	(2539, 306)	'iddle'	3816
3787	(2658, 378)	' education'	3817
3788	(381, 171)	'卫'	3818
3789	(264, 110)	' sn'	3819
3790	(362, 151)	'诗'	3820
3791	(1191, 868)	' relations'	3821
3792	(1075, 158)	'類'	3822
3793	(566, 1367)	' myself'	3823
3794	(231, 158)	b'\xe7\x9e'	3824
3795	(1916, 2280)	' population'	3825
3796	(459, 103)	' neg'	3826
3797	(760, 173)	'短'	3827
3798	(276, 382)	' bur'	3828
3799	(623, 294)	'说的'	3829
3800	(614, 142)	'济'	3830
3801	(1483, 173)	'維'	3831
3802	(1365, 973)	'是一种'	3832
3803	(806, 145)	'频'	3833
3804	(439, 1106)	'ables'	3834
3805	(1861, 866)	' require'	3835
3806	(454, 52)	' 14'	3836
3807	(268, 846)	' wish'	3838
3808	(108, 345)	'lim'	3839
3809	(1193, 1444)	' sometimes'	3840
3810	(116, 97)	'ta'	3841
3811	(393, 495)	' weight'	3842
3812	(268, 1454)	' walk'	3843
3813	(109, 263)	'mon'	3844
3814	(288, 356)	' dig'	3845
3815	(112, 346)	'put'	3846
3816	(351, 278)	'ades'	3847
3817	(287, 115)	'eds'	3848
3818	(289, 372)	' tool'	3849
3819	(2487, 330)	' market'	3850
3820	(929, 171)	'漫'	3851
3821	(386, 150)	'奖'	3852
3822	(98, 442)	'bers'	3853
3823	(856, 134)	'姆'	3854
3824	(2000, 158)	'搞'	3855
3825	(522, 291)	' Ear'	3856
3826	(924, 287)	' needed'	3857
3827	(279, 512)	' fem'	3858
3828	(32, 358)	' ver'	3859
3829	(14003, 2029)	' difference'	3860
3830	(117, 306)	'ule'	3861
3831	(734, 3067)	' claim'	3862
3832	(599, 80)	' OP'	3863
3833	(429, 1248)	' range'	3864
3834	(466, 2346)	' cannot'	3865
3835	(396, 1304)	'ilities'	3866
3836	(363, 343)	' stay'	3867
3837	(110, 111)	'no'	3868
3838	(264, 2584)	' source'	3869
3839	(2226, 915)	'屬於'	3870
3840	(387, 291)	' Car'	3871
3841	(297, 319)	' hot'	3872
3842	(727, 3243)	' U.S'	3873
3843	(300, 695)	' lost'	3874
3844	(264, 3254)	' sleep'	3875
3845	(97, 609)	'apt'	3876
3846	(272, 107)	' ok'	3877
3847	(108, 2292)	'load'	3878
3848	(2721, 312)	' improve'	3879
3849	(69, 69)	'EE'	3880
3850	(297, 270)	' hit'	3881
3851	(1294, 3015)	' employ'	3882
3852	(858, 281)	'aching'	3883
3853	(2936, 286)	' normal'	3884
3854	(300, 1165)	' loss'	3885
3855	(105, 330)	'iet'	3886
3856	(331, 1367)	' itself'	3887
3857	(457, 281)	' coming'	3888
3858	(578, 578)	'看看'	3889
3859	(103, 896)	'gress'	3890
3860	(111, 850)	'off'	3891
3861	(324, 2825)	'是否'	3892
3862	(2574, 1851)	' original'	3893
3863	(435, 110)	' sun'	3894
3864	(1084, 173)	'設'	3895
3865	(2052, 143)	'藏'	3896
3866	(279, 1757)	' fund'	3897
3867	(76, 76)	'LL'	3898
3868	(297, 280)	' hor'	3899
3869	(724, 277)	'apan'	3900
3870	(342, 183)	'户'	3901
3871	(274, 401)	'ister'	3902
3872	(14018, 329)	' connect'	3903
3873	(474, 2035)	' memb'	3904
3874	(366, 433)	' Aust'	3905
3875	(259, 589)	'inks'	3906
3876	(419, 1777)	' concer'	3907
3877	(478, 2133)	' kids'	3908
3878	(468, 128)	'怀'	3909
3879	(748, 167)	'控'	3910
3880	(266, 185)	'丹'	3911
3881	(537, 130)	'层'	3912
3882	(121, 269)	'you'	3913
3883	(60, 47)	'</'	3914
3884	(289, 352)	' told'	3915
3885	(1476, 115)	' systems'	3916
3886	(264, 887)	' sens'	3917
3887	(300, 437)	' late'	3918
3888	(762, 365)	'一个人'	3919
3889	(233, 189)	b'\xe9\xbd'	3920
3890	(83, 104)	'Sh'	3921
3891	(1273, 265)	' longer'	3922
3892	(568, 480)	'以为'	3923
3893	(933, 1287)	' block'	3924
3894	(1079, 365)	'男人'	3925
3895	(682, 52)	'194'	3926
3896	(904, 698)	' price'	3927
3897	(232, 156)	b'\xe8\x9c'	3928
3898	(883, 946)	' trade'	3929
3899	(1070, 165)	'营'	3930
3900	(97, 97)	'aa'	3931
3901	(46, 2024)	'.com'	3932
3902	(740, 814)	'ruction'	3933
3903	(712, 3348)	' knowledge'	3935
3904	(258, 351)	'head'	3936
3905	(1162, 1432)	'ibility'	3938
3906	(416, 166)	'伦'	3939
3907	(359, 377)	'不了'	3940
3908	(2615, 313)	' completely'	3941
3909	(1428, 130)	'樂'	3942
3910	(851, 138)	'隊'	3943
3911	(2510, 642)	' temper'	3944
3912	(741, 480)	'成为'	3945
3913	(910, 1360)	' applic'	3946
3914	(717, 169)	'温'	3947
3915	(456, 142)	'野'	3948
3916	(276, 2103)	' bott'	3949
3917	(1387, 121)	' happy'	3950
3918	(354, 163)	'宣'	3951
3919	(233, 144)	b'\xe9\x90'	3952
3920	(98, 549)	'ball'	3953
3921	(729, 159)	'竟'	3954
3922	(904, 345)	' prim'	3955
3923	(270, 281)	'iting'	3956
3924	(1798, 277)	' clean'	3957
3925	(283, 552)	' port'	3958
3926	(429, 437)	' rate'	3959
3927	(338, 136)	'圈'	3960
3928	(743, 603)	'國家'	3961
3929	(258, 116)	'het'	3962
3930	(14001, 570)	' became'	3963
3931	(105, 45)	'i-'	3964
3932	(524, 117)	' Gu'	3965
3933	(1827, 2220)	' century'	3966
3934	(2234, 691)	' damage'	3967
3935	(1214, 1420)	'演员'	3968
3936	(272, 396)	' oil'	3969
3937	(279, 97)	' fa'	3970
3938	(256, 270)	' tit'	3971
3939	(2107, 287)	' happened'	3972
3940	(3516, 281)	' amazing'	3973
3941	(1973, 1189)	' front'	3974
3942	(310, 190)	'显'	3975
3943	(1944, 659)	' drink'	3976
3944	(279, 1560)	' fix'	3977
3945	(1845, 694)	' questions'	3978
3946	(379, 180)	'围'	3979
3947	(266, 129)	'丁'	3980
3948	(682, 53)	'195'	3981
3949	(348, 166)	'…'	3982
3950	(865, 154)	'級'	3983
3951	(276, 549)	' ball'	3984
3952	(98, 116)	'bt'	3985
3953	(273, 267)	' cat'	3986
3954	(308, 3598)	' gonna'	3987
3955	(848, 610)	' ground'	3988
3956	(689, 1376)	'地區'	3989
3957	(1160, 378)	'ification'	3990
3958	(371, 133)	'旅'	3991
3959	(427, 351)	' dead'	3992
3960	(121, 110)	'yn'	3993
3961	(279, 1854)	' foot'	3994
3962	(109, 280)	'mor'	3995
3963	(1052, 286)	'obal'	3997
3964	(309, 346)	' nut'	3998
3965	(1715, 1035)	' detail'	3999
3966	(1213, 3394)	'影响'	4000
3967	(444, 1102)	'大利'	4001
3968	(685, 151)	'洗'	4002
3969	(283, 653)	' pack'	4003
3970	(112, 313)	'ply'	4004
3971	(454, 51)	' 13'	4005
3972	(359, 611)	'不到'	4006
3973	(437, 103)	'ateg'	4007
3974	(935, 280)	' poor'	4008
3975	(1330, 882)	'目前'	4009
3976	(279, 3313)	' further'	4010
3977	(445, 1442)	' shows'	4011
3978	(109, 650)	'more'	4012
3979	(463, 3300)	' World'	4013
3980	(363, 395)	' stra'	4014
3981	(360, 590)	'chie'	4015
3982	(1345, 1296)	' subject'	4016
3983	(264, 489)	' squ'	4017
3984	(1350, 1600)	'直接'	4018
3985	(1129, 14031)	' considered'	4019
3986	(1648, 2873)	' evidence'	4020
3987	(862, 132)	'善'	4022
3988	(741, 1309)	'成立'	4023
3989	(300, 343)	' lay'	4024
3990	(279, 513)	' five'	4025
3991	(462, 107)	'unk'	4026
3992	(382, 519)	'urity'	4027
3993	(844, 1131)	' Intern'	4028
3994	(2027, 1748)	' technology'	4029
3995	(265, 97)	'era'	4030
3996	(667, 343)	'play'	4031
3997	(902, 155)	'供'	4032
3998	(745, 188)	'曼'	4033
3999	(2066, 281)	' building'	4034
4000	(686, 1857)	'学校'	4035
4001	(993, 275)	'itten'	4036
4002	(277, 97)	'ana'	4037
4003	(407, 168)	'杨'	4038
4004	(1227, 438)	'让你'	4039
4005	(336, 281)	'iding'	4040
4006	(1073, 1246)	'手机'	4041
4007	(803, 582)	' safe'	4042
4008	(256, 1383)	' takes'	4044
4009	(468, 170)	'怪'	4045
4010	(1392, 455)	'两个'	4047
4011	(432, 267)	'that'	4048
4012	(2345, 2549)	' conditions'	4049
4013	(65, 65)	'AA'	4050
4014	(1508, 1120)	' simple'	4051
4015	(1406, 1468)	' accept'	4052
4016	(409, 101)	' Me'	4053
4017	(387, 286)	' Cal'	4054
4018	(110, 287)	'ned'	4055
4019	(273, 1946)	' cases'	4056
4020	(583, 133)	'担'	4057
4021	(1723, 294)	'这样的'	4058
4022	(1393, 327)	' below'	4059
4023	(598, 287)	'aged'	4060
4024	(525, 159)	'察'	4061
4025	(707, 181)	'贵'	4062
4026	(767, 1932)	'主义'	4063
4027	(2270, 3309)	'告诉'	4064
4028	(572, 323)	'cient'	4065
4029	(288, 97)	' da'	4066
4030	(588, 294)	'来的'	4067
4031	(507, 1234)	' soft'	4068
4032	(46, 51)	'.3'	4069
4033	(119, 835)	'well'	4070
4034	(638, 165)	'若'	4071
4035	(1462, 533)	' model'	4072
4036	(370, 109)	'irm'	4073
4037	(405, 104)	'oph'	4074
4038	(368, 117)	' Su'	4075
4039	(1754, 97)	' America'	4076
4040	(365, 1015)	'人物'	4077
4041	(2911, 607)	' picture'	4078
4042	(286, 278)	'ales'	4079
4043	(994, 175)	'良'	4080
4044	(715, 131)	'埃'	4081
4045	(282, 1158)	' mother'	4082
4046	(366, 98)	' Ab'	4083
4047	(1799, 187)	'翻'	4084
4048	(596, 146)	'毒'	4085
4049	(551, 135)	'率'	4086
4050	(1076, 307)	'iction'	4087
4051	(1265, 3389)	' represent'	4088
4052	(1212, 287)	' added'	4089
4053	(372, 278)	'oles'	4091
4054	(901, 115)	' parts'	4092
4055	(316, 182)	'叶'	4093
4056	(1136, 163)	'灣'	4094
4057	(295, 1241)	' thread'	4095
4058	(2986, 307)	' version'	4097
4059	(1268, 109)	' chem'	4098
4060	(385, 930)	'有些'	4099
4061	(470, 166)	'哦'	4100
4062	(1905, 982)	' various'	4101
4063	(105, 319)	'iot'	4102
4064	(112, 334)	'pro'	4103
4065	(118, 286)	'val'	4104
4066	(265, 312)	'erve'	4105
4067	(266, 189)	'丽'	4106
4068	(111, 263)	'oon'	4107
4069	(353, 287)	'amed'	4108
4070	(354, 129)	'宁'	4109
4071	(2669, 733)	' physical'	4110
4072	(259, 121)	'iny'	4111
4073	(301, 121)	'icy'	4112
4074	(2480, 118)	' priv'	4113
4075	(462, 116)	'unt'	4114
4076	(73, 73)	'II'	4115
4077	(357, 132)	'射'	4116
4078	(353, 97)	'ama'	4117
4079	(283, 562)	' pred'	4118
4080	(364, 162)	'產'	4119
4081	(516, 847)	' chance'	4120
4082	(1941, 281)	' interesting'	4121
4083	(708, 281)	'izing'	4122
4084	(778, 53)	' 25'	4123
4085	(441, 2670)	'中華'	4124
4086	(318, 306)	' ele'	4125
4087	(231, 176)	b'\xe7\xb0'	4126
4088	(278, 451)	'esus'	4127
4089	(3129, 265)	' computer'	4128
4090	(439, 121)	'aby'	4129
4091	(625, 3057)	' outside'	4130
4092	(561, 1417)	' leave'	4131
4093	(2512, 594)	' engine'	4132
4094	(1416, 133)	'梅'	4133
4095	(279, 1506)	' farm'	4134
4096	(69, 78)	'EN'	4135
4097	(764, 1770)	' company'	4136
4098	(353, 115)	'ams'	4137
4099	(111, 280)	'oor'	4138
4100	(382, 116)	'urt'	4139
4101	(1140, 532)	' series'	4140
4102	(288, 303)	' dom'	4141
4103	(1788, 115)	' effects'	4142
4104	(98, 108)	'bl'	4143
4105	(2473, 278)	' types'	4144
4106	(79, 84)	'OT'	4145
4107	(2751, 642)	' paper'	4146
4108	(3286, 115)	' parents'	4147
4109	(914, 265)	'anger'	4148
4110	(784, 136)	'谈'	4149
4111	(967, 442)	' players'	4150
4112	(332, 161)	'乡'	4151
4113	(554, 145)	'救'	4152
4114	(524, 101)	' Ge'	4153
4115	(73, 68)	'ID'	4154
4116	(112, 287)	'ped'	4155
4117	(614, 170)	'浪'	4156
4118	(483, 187)	'移'	4157
4119	(546, 265)	'ender'	4158
4120	(2187, 1161)	'句话'	4159
4121	(3137, 1120)	' couple'	4160
4122	(512, 609)	'empt'	4161
4123	(279, 567)	' fast'	4162
4124	(195, 164)	'ä'	4163
4125	(3736, 2526)	'mptoms'	4164
4126	(98, 653)	'back'	4165
4127	(382, 360)	'urch'	4166
4128	(355, 187)	'刻'	4167
4129	(382, 115)	'urs'	4168
4130	(862, 157)	'喝'	4169
4131	(45, 108)	'-l'	4170
4132	(723, 107)	' thank'	4171
4133	(1194, 2749)	'体验'	4172
4134	(114, 115)	'rs'	4173
4135	(349, 930)	'一些'	4174
4136	(1041, 306)	' role'	4175
4137	(332, 177)	'乱'	4176
4138	(595, 286)	'ival'	4177
4139	(2214, 613)	' behind'	4178
4140	(1175, 161)	'淡'	4179
4141	(2319, 158)	'瑞'	4180
4142	(538, 184)	'選'	4181
4143	(264, 1005)	' swe'	4182
4144	(1389, 115)	' points'	4183
4145	(896, 287)	'ressed'	4184
4146	(288, 1189)	' dont'	4185
4147	(283, 691)	' page'	4186
4148	(274, 99)	'isc'	4187
4149	(526, 178)	'進'	4188
4150	(355, 146)	'划'	4189
4151	(279, 636)	' fac'	4190
4152	(2475, 278)	' eyes'	4191
4153	(2034, 176)	'峰'	4192
4154	(526, 128)	'退'	4193
4155	(1331, 1264)	' regular'	4194
4156	(690, 132)	'雄'	4195
4157	(45, 119)	'-w'	4196
4158	(583, 169)	'择'	4197
4159	(1494, 146)	'棒'	4198
4160	(629, 1395)	'多少'	4199
4161	(1157, 188)	'礼'	4200
4162	(1132, 2619)	' according'	4201
4163	(446, 110)	' Then'	4202
4164	(282, 594)	' mine'	4203
4165	(2190, 855)	' science'	4204
4166	(370, 432)	'irth'	4205
4167	(306, 120)	'lex'	4206
4168	(360, 277)	'chan'	4207
4169	(290, 146)	'互'	4208
4170	(1766, 1050)	' running'	4209
4171	(954, 576)	' speak'	4210
4172	(555, 100)	'udd'	4211
4173	(1622, 182)	'银'	4212
4174	(103, 449)	'gest'	4213
4175	(263, 335)	'onse'	4214
4176	(1491, 116)	' sett'	4215
4177	(474, 452)	' meant'	4216
4178	(2430, 119)	' draw'	4217
4179	(649, 132)	'构'	4218
4180	(1256, 1247)	' collect'	4219
4181	(117, 533)	'uel'	4220
4182	(315, 1372)	' yeah'	4221
4183	(233, 172)	b'\xe9\xac'	4222
4184	(1552, 145)	'疑'	4223
4185	(871, 585)	'发生'	4224
4186	(1855, 2585)	' avoid'	4225
4187	(1129, 467)	' consum'	4226
4188	(579, 156)	'關'	4227
4189	(483, 129)	'私'	4228
4190	(1029, 3111)	' recogn'	4229
4191	(308, 2048)	' green'	4230
4192	(256, 291)	' tar'	4231
4193	(49, 680)	'100'	4232
4194	(481, 114)	' Dr'	4233
4195	(2964, 360)	'sych'	4234
4196	(14007, 589)	' weeks'	4235
4197	(824, 187)	'登'	4236
4198	(301, 2026)	'icient'	4237
4199	(114, 281)	'ring'	4238
4200	(119, 619)	'what'	4239
4201	(984, 154)	'坚'	4240
4202	(2518, 412)	'存在'	4241
4203	(264, 263)	' son'	4242
4204	(407, 191)	'板'	4243
4205	(1579, 115)	' hands'	4244
4206	(686, 1438)	'学院'	4245
4207	(232, 158)	b'\xe8\x9e'	4246
4208	(65, 260)	'Are'	4247
4209	(886, 324)	'真是'	4248
4210	(575, 149)	'录'	4249
4211	(1256, 280)	' color'	4250
4212	(1743, 180)	'暴'	4251
4213	(501, 173)	'庭'	4252
4214	(1507, 286)	' personal'	4253
4215	(313, 281)	'lying'	4254
4216	(984, 166)	'坦'	4255
4217	(893, 1360)	'ublic'	4256
4218	(267, 1499)	'atures'	4257
4219	(2570, 2672)	' potential'	4258
4220	(321, 2763)	' beaut'	4259
4221	(436, 170)	'努'	4260
4222	(101, 287)	'eed'	4261
4223	(1602, 395)	' extra'	4263
4224	(533, 116)	'elt'	4264
4225	(3079, 265)	' wonder'	4265
4226	(794, 962)	"You're"	4266
4227	(983, 150)	'祖'	4268
4228	(231, 163)	b'\xe7\xa3'	4269
4229	(322, 669)	' react'	4271
4230	(645, 134)	'爆'	4272
4231	(101, 1169)	'ext'	4273
4232	(843, 182)	'當'	4274
4233	(346, 694)	'utions'	4276
4234	(1041, 303)	' room'	4277
4235	(341, 171)	'含'	4278
4236	(822, 1382)	' respect'	4279
4237	(3919, 181)	'鐵'	4280
4238	(505, 130)	'异'	4281
4239	(1331, 553)	' regard'	4282
4240	(2079, 2082)	'微博'	4283
4241	(749, 287)	' feed'	4284
4242	(294, 839)	'的女'	4285
4243	(1084, 136)	'計'	4286
4244	(264, 640)	' song'	4287
4245	(2562, 71)	'ING'	4288
4246	(422, 167)	'继'	4289
4247	(624, 175)	'副'	4290
4248	(435, 850)	' suff'	4291
4249	(991, 665)	'只能'	4292
4250	(259, 99)	'inc'	4293
4251	(111, 508)	'ores'	4294
4252	(14008, 1379)	' groups'	4295
4253	(79, 114)	'Or'	4296
4254	(2747, 130)	'概'	4297
4255	(1370, 175)	'唯'	4298
4256	(3873, 442)	' members'	4299
4257	(647, 352)	' gold'	4300
4258	(14024, 590)	' movie'	4301
4259	(1681, 1094)	'结果'	4302
4260	(364, 178)	'甲'	4303
4261	(3171, 117)	' influ'	4304
4262	(3791, 2153)	' relationship'	4305
4263	(114, 1076)	'rict'	4306
4264	(1228, 2137)	'怎么办'	4307
4265	(548, 1682)	' plants'	4308
4266	(568, 882)	'以前'	4309
4267	(854, 281)	'aving'	4310
4268	(425, 121)	' By'	4311
4269	(759, 919)	'法语'	4312
4270	(273, 433)	' cust'	4313
4271	(331, 823)	' it’s'	4314
4272	(531, 2401)	' North'	4315
4273	(363, 1096)	' states'	4317
4274	(423, 166)	'左'	4318
4275	(686, 585)	'学生'	4319
4276	(1599, 1291)	'非常'	4320
4277	(648, 3869)	' Japan'	4321
4278	(332, 142)	'乎'	4322
4279	(1025, 141)	'籍'	4323
4280	(944, 833)	'南部'	4324
4281	(451, 281)	'using'	4325
4282	(47, 47)	'//'	4326
4283	(1530, 327)	' slow'	4327
4284	(2475, 101)	' eye'	4328
4285	(2588, 115)	' products'	4329
4286	(463, 402)	' Will'	4330
4287	(1916, 1264)	' popular'	4331
4288	(280, 103)	'org'	4332
4289	(950, 161)	'股'	4333
4290	(308, 462)	' gun'	4334
4291	(520, 1432)	' ability'	4335
4292	(1817, 2696)	' researc'	4336
4293	(98, 263)	'bon'	4337
4294	(1140, 2125)	' service'	4338
4295	(264, 552)	' sort'	4339
4296	(2116, 1931)	'支持'	4340
4297	(3738, 968)	'虽然'	4341
4298	(333, 169)	'兩'	4342
4299	(528, 145)	'树'	4343
4300	(371, 151)	'旗'	4344
4301	(1494, 174)	'森'	4345
4302	(294, 775)	'的小'	4346
4303	(657, 3396)	'ograph'	4347
4304	(296, 106)	' inj'	4348
4305	(119, 1170)	'wise'	4349
4306	(525, 146)	'寒'	4350
4307	(231, 146)	b'\xe7\x92'	4351
4308	(2051, 182)	'状'	4352
4309	(783, 323)	' content'	4353
4310	(371, 167)	'旧'	4354
4311	(396, 105)	'ili'	4355
4312	(531, 327)	' Now'	4356
4313	(385, 1039)	'有点'	4357
4314	(112, 260)	'pre'	4359
4315	(283, 275)	' pen'	4360
4316	(759, 1064)	'法語'	4361
4317	(936, 265)	' offer'	4362
4318	(274, 278)	'ises'	4363
4319	(104, 1391)	'hold'	4364
4320	(279, 846)	' fish'	4365
4321	(1826, 179)	'傳'	4366
4322	(2476, 698)	' practice'	4367
4323	(507, 352)	' sold'	4368
4324	(99, 411)	'cul'	4369
4325	(2531, 1098)	'印度'	4370
4326	(1518, 577)	' phone'	4371
4327	(1196, 301)	' indic'	4372
4328	(927, 144)	'恐'	4373
4329	(275, 281)	'ening'	4374
4330	(51, 51)	'33'	4375
4331	(101, 98)	'eb'	4376
4332	(362, 186)	'诺'	4377
4333	(353, 259)	'amin'	4378
4334	(1696, 1734)	'评论'	4379
4335	(450, 609)	'ript'	4380
4336	(268, 549)	' wall'	4381
4337	(80, 334)	'Pro'	4382
4338	(463, 961)	' Why'	4383
4339	(65, 77)	'AM'	4384
4340	(1191, 703)	' related'	4385
4341	(504, 3013)	'国际'	4386
4342	(349, 1099)	'一次'	4387
4343	(357, 135)	'將'	4388
4344	(66, 101)	'Be'	4389
4345	(2314, 1229)	'足球'	4390
4346	(270, 837)	'itary'	4391
4347	(273, 101)	' ce'	4392
4348	(420, 185)	'批'	4393
4349	(98, 346)	'but'	4394
4350	(1107, 532)	' studies'	4395
4351	(414, 173)	'席'	4396
4352	(419, 1468)	' concept'	4397
4353	(357, 129)	'封'	4398
4354	(451, 307)	'usion'	4399
4355	(485, 274)	'osis'	4400
4356	(780, 377)	'去了'	4401
4357	(506, 139)	'压'	4402
4358	(270, 280)	'itor'	4403
4359	(300, 653)	' lack'	4404
4360	(309, 1351)	' national'	4405
4361	(276, 1807)	' box'	4406
4362	(317, 153)	'仙'	4407
4363	(257, 3981)	' achie'	4408
4364	(1461, 432)	' earth'	4409
4365	(661, 190)	'款'	4410
4366	(268, 602)	' wide'	4411
4367	(233, 179)	b'\xe9\xb3'	4412
4368	(1223, 184)	'岸'	4413
4369	(256, 1658)	' tax'	4414
4370	(97, 850)	'aff'	4415
4371	(871, 2464)	'发展'	4416
4372	(391, 3496)	'oogle'	4417
4373	(73, 67)	'IC'	4418
4374	(752, 156)	'停'	4419
4375	(308, 1417)	' gave'	4420
4376	(1781, 947)	'管理'	4421
4377	(783, 1564)	' contrib'	4422
4378	(441, 3596)	'中央'	4423
4379	(1136, 181)	'灵'	4424
4380	(357, 142)	'導'	4425
4381	(834, 329)	'duct'	4426
4382	(478, 336)	' kid'	4427
4383	(1145, 159)	'烟'	4428
4384	(258, 108)	'hel'	4429
4385	(354, 136)	'守'	4430
4386	(2715, 489)	' frequ'	4431
4387	(477, 168)	'讨'	4432
4388	(764, 330)	' compet'	4433
4389	(766, 1802)	'事件'	4434
4390	(338, 152)	'團'	4435
4391	(57, 48)	'90'	4436
4392	(1216, 178)	'露'	4437
4393	(865, 141)	'納'	4438
4394	(2459, 977)	' position'	4439
4395	(268, 267)	' wat'	4440
4396	(296, 270)	' init'	4441
4397	(1508, 3970)	' simply'	4442
4398	(967, 265)	' player'	4443
4399	(368, 2177)	' South'	4444
4400	(584, 169)	'革'	4445
4401	(524, 569)	' Good'	4446
4402	(65, 116)	'At'	4447
4403	(1403, 139)	'残'	4448
4404	(104, 2736)	'haps'	4449
4405	(363, 450)	' stri'	4450
4406	(337, 176)	'述'	4451
4407	(297, 3489)	' huge'	4452
4408	(904, 259)	' prin'	4453
4409	(385, 1051)	'有没有'	4454
4410	(233, 138)	b'\xe9\x8a'	4455
4411	(1956, 4158)	'选择'	4456
4412	(534, 152)	'忘'	4457
4413	(2398, 105)	'medi'	4458
4414	(830, 134)	'馆'	4459
4415	(102, 669)	'fact'	4460
4416	(729, 175)	'端'	4461
4417	(1714, 111)	' unto'	4462
4418	(369, 311)	' hell'	4463
4419	(1771, 703)	' created'	4464
4420	(85, 110)	'Un'	4465
4421	(1547, 2794)	' skills'	4466
4422	(421, 2855)	' separ'	4467
4423	(260, 287)	'reed'	4468
4424	(266, 165)	'严'	4469
4425	(51, 49)	'31'	4470
4426	(471, 1468)	' except'	4471
4427	(78, 65)	'NA'	4472
4428	(51, 53)	'35'	4473
4429	(584, 153)	'静'	4474
4430	(111, 798)	'ober'	4475
4431	(1806, 1242)	' easily'	4476
4432	(543, 143)	'氏'	4477
4433	(987, 833)	'北部'	4478
4434	(535, 719)	' Rep'	4479
4435	(374, 151)	'斗'	4480
4436	(1582, 137)	'嘉'	4481
4437	(752, 165)	'健'	4482
4438	(269, 395)	'oura'	4483
4439	(68, 336)	'Did'	4484
4440	(257, 3579)	' average'	4485
4441	(674, 115)	' ens'	4486
4442	(593, 260)	'’re'	4487
4443	(283, 1167)	' pull'	4488
4444	(464, 274)	' His'	4489
4445	(1602, 3663)	' extreme'	4490
4446	(453, 103)	' dog'	4491
4447	(1017, 3559)	'情况'	4492
4448	(368, 265)	' Ser'	4493
4449	(269, 108)	'oul'	4494
4450	(454, 49)	' 11'	4495
4451	(288, 1159)	' dark'	4496
4452	(874, 294)	'样的'	4497
4453	(1952, 769)	' particip'	4498
4454	(3601, 372)	' viol'	4499
4455	(46, 52)	'.4'	4500
4456	(2410, 1098)	'密度'	4501
4457	(515, 172)	'冬'	4502
4458	(636, 99)	'acc'	4503
4459	(862, 174)	'單'	4504
4460	(993, 287)	'itted'	4505
4461	(436, 191)	'势'	4506
4462	(1162, 313)	'ibly'	4507
4463	(524, 275)	' Gen'	4508
4464	(65, 311)	'All'	4509
4465	(273, 353)	' cam'	4510
4466	(3206, 323)	' moment'	4511
4467	(117, 107)	'uk'	4512
4468	(2294, 187)	'麻'	4513
4469	(1940, 131)	'范'	4514
4470	(301, 589)	'icks'	4515
4471	(442, 263)	'erson'	4516
4472	(2875, 69)	' THE'	4517
4473	(303, 98)	'omb'	4518
4474	(384, 411)	'iful'	4519
4475	(386, 151)	'套'	4520
4476	(618, 100)	' upd'	4521
4477	(445, 319)	' shot'	4522
4478	(381, 135)	'升'	4523
4479	(1072, 287)	' looked'	4524
4480	(437, 358)	'atever'	4525
4481	(1204, 336)	'upid'	4526
4482	(1212, 977)	' addition'	4527
4483	(2893, 286)	' total'	4528
4484	(453, 99)	' doc'	4529
4485	(1538, 155)	'痛'	4530
4486	(69, 68)	'ED'	4531
4487	(1055, 4125)	' symptoms'	4532
4488	(972, 1367)	' himself'	4533
4489	(1144, 48)	' 40'	4534
4490	(282, 274)	' mis'	4535
4491	(294, 444)	'的大'	4536
4492	(541, 502)	'artment'	4538
4493	(302, 1002)	'asons'	4539
4494	(1314, 145)	'桑'	4540
4495	(1670, 733)	' medical'	4541
4496	(783, 669)	' contact'	4542
4497	(3420, 449)	' honest'	4543
4498	(1431, 814)	' production'	4544
4499	(1797, 134)	'婆'	4545
4500	(2051, 175)	'犯'	4546
4501	(309, 1841)	' nature'	4547
4502	(1811, 152)	'領'	4548
4503	(714, 786)	' adult'	4549
4504	(361, 311)	'cell'	4550
4505	(260, 314)	'rest'	4551
4506	(282, 858)	' mach'	4552
4507	(368, 109)	' Sm'	4553
4508	(1040, 117)	' flu'	4554
4509	(264, 1560)	' six'	4555
4510	(304, 83)	' IS'	4556
4511	(305, 171)	'末'	4557
4512	(1810, 171)	'猫'	4558
4513	(445, 731)	' share'	4559
4514	(1075, 187)	'须'	4560
4515	(405, 115)	'ops'	4561
4516	(257, 850)	' aff'	4562
4517	(1217, 521)	' Your'	4563
4518	(920, 352)	' cold'	4564
4519	(487, 1624)	'2016'	4565
4520	(616, 151)	'抗'	4566
4521	(346, 104)	'uth'	4567
4522	(330, 265)	'eter'	4568
4523	(2062, 135)	'蘇'	4569
4524	(409, 451)	' Mus'	4570
4525	(337, 183)	'迷'	4571
4526	(3653, 286)	'ournal'	4572
4527	(891, 265)	'order'	4573
4528	(102, 2996)	'fully'	4574
4529	(547, 138)	'惊'	4575
4530	(822, 2809)	' resources'	4576
4531	(103, 319)	'got'	4578
4532	(1790, 162)	'慢'	4579
4533	(264, 396)	' sil'	4580
4534	(1319, 129)	'码'	4581
4535	(396, 115)	'ils'	4582
4536	(920, 311)	' coll'	4583
4537	(729, 165)	'童'	4584
4538	(366, 260)	' Are'	4585
4539	(422, 131)	'练'	4586
4540	(881, 360)	'rench'	4587
4541	(288, 334)	' dro'	4588
4542	(65, 67)	'AC'	4589
4543	(277, 99)	'anc'	4590
4544	(375, 153)	'孙'	4591
4545	(1670, 756)	' media'	4592
4546	(393, 1967)	' webs'	4593
4547	(1861, 2165)	' required'	4594
4548	(369, 267)	' heat'	4595
4549	(103, 291)	'gar'	4596
4550	(690, 133)	'雅'	4597
4551	(2112, 3080)	'電視'	4598
4552	(1999, 4175)	' response'	4599
4553	(32, 346)	' ut'	4600
4554	(1048, 3353)	' built'	4601
4555	(485, 278)	'oses'	4602
4556	(475, 107)	' lik'	4603
4557	(1387, 887)	' happens'	4604
4558	(893, 101)	'ube'	4605
4559	(3612, 711)	' favorite'	4606
4560	(481, 719)	' Dep'	4607
4561	(974, 152)	'默'	4608
4562	(1941, 287)	' interested'	4609
4563	(2454, 519)	' activity'	4610
4564	(649, 182)	'架'	4611
4565	(1462, 2380)	' modern'	4612
4566	(3400, 546)	' recommend'	4613
4567	(389, 370)	' hair'	4614
4568	(354, 171)	'宫'	4615
4569	(854, 121)	'avy'	4616
4570	(1140, 982)	' serious'	4617
4571	(345, 323)	'iment'	4618
4572	(444, 3021)	'大陆'	4619
4573	(478, 110)	' kn'	4620
4574	(517, 147)	'術'	4621
4575	(434, 265)	' Per'	4622
4576	(2941, 432)	' growth'	4623
4577	(661, 178)	'欲'	4624
4578	(2778, 1340)	' animals'	4625
4579	(336, 426)	'idge'	4626
4580	(273, 2054)	' camp'	4627
4581	(288, 590)	' die'	4628
4582	(3393, 733)	' political'	4629
4583	(295, 1871)	' third'	4630
4584	(116, 100)	'td'	4631
4585	(805, 158)	'舞'	4632
4586	(373, 121)	'key'	4633
4587	(2576, 2179)	'運動'	4634
4588	(1490, 156)	'菜'	4635
4589	(1075, 186)	'顺'	4636
4590	(528, 184)	'核'	4637
4591	(501, 143)	'序'	4638
4592	(308, 302)	' gas'	4639
4593	(1324, 184)	'酸'	4640
4594	(918, 437)	' State'	4641
4595	(954, 287)	' speed'	4642
4596	(427, 719)	' deep'	4643
4597	(2631, 1564)	' describ'	4644
4598	(1928, 3397)	' patients'	4645
4599	(105, 105)	'ii'	4646
4600	(355, 164)	'判'	4647
4601	(1149, 115)	' helps'	4648
4602	(381, 160)	'占'	4649
4603	(984, 143)	'坏'	4650
4604	(1276, 1864)	'系列'	4651
4605	(233, 140)	b'\xe9\x8c'	4652
4606	(851, 155)	'際'	4653
4607	(1937, 281)	' understanding'	4654
4608	(2290, 1915)	'设计'	4655
4609	(107, 121)	'ky'	4656
4610	(578, 377)	'看了'	4657
4611	(921, 170)	'罪'	4658
4612	(707, 167)	'货'	4659
4613	(111, 101)	'oe'	4660
4614	(276, 1113)	' boy'	4661
4615	(1667, 602)	' inside'	4662
4616	(366, 329)	' Act'	4663
4617	(1070, 168)	'萨'	4664
4618	(1068, 115)	' rights'	4665
4619	(297, 291)	' har'	4666
4620	(2940, 769)	' multip'	4667
4621	(328, 179)	'佳'	4668
4622	(1217, 1726)	' York'	4669
4623	(269, 360)	'ouch'	4670
4624	(353, 323)	'ament'	4671
4625	(652, 2894)	' introdu'	4672
4626	(304, 109)	' Im'	4673
4627	(595, 519)	'ivity'	4674
4628	(114, 343)	'ray'	4675
4629	(3147, 281)	' writing'	4676
4630	(3674, 146)	'媒'	4677
4631	(598, 841)	'ague'	4678
4632	(806, 156)	'颜'	4679
4633	(4192, 1378)	' target'	4680
4634	(416, 129)	'企'	4681
4635	(1107, 323)	' student'	4682
4636	(286, 116)	'alt'	4683
4637	(104, 569)	'hood'	4684
4638	(279, 270)	' fit'	4685
4639	(450, 738)	'rible'	4686
4640	(273, 2073)	' cross'	4687
4641	(282, 336)	' mid'	4688
4642	(291, 105)	'ari'	4689
4643	(324, 1647)	'是指'	4690
4644	(1081, 153)	'務'	4691
4645	(289, 1258)	' town'	4692
4646	(670, 324)	'可是'	4693
4647	(859, 101)	' Ke'	4694
4648	(389, 2481)	' haha'	4695
4649	(572, 855)	'cience'	4696
4650	(719, 546)	'epend'	4697
4651	(46, 57)	'.9'	4698
4652	(1633, 1729)	'音乐'	4699
4653	(2014, 287)	' asked'	4700
4654	(1521, 287)	' developed'	4701
4655	(3121, 607)	' pressure'	4702
4656	(308, 101)	' ge'	4703
4657	(524, 108)	' Gl'	4704
4658	(291, 1242)	'arily'	4705
4659	(673, 691)	' image'	4706
4660	(276, 809)	' base'	4707
4661	(795, 175)	'软'	4708
4662	(83, 497)	'Some'	4709
4663	(79, 83)	'OS'	4710
4664	(3825, 432)	' Earth'	4711
4665	(3409, 1998)	' don’t'	4712
4666	(100, 303)	'dom'	4713
4667	(386, 182)	'奶'	4714
4668	(232, 134)	b'\xe8\x86'	4715
4669	(3485, 837)	' necessary'	4716
4670	(259, 111)	'ino'	4717
4671	(1712, 121)	' healthy'	4718
4672	(1012, 115)	' news'	4719
4673	(79, 840)	'One'	4720
4674	(115, 1204)	'sup'	4721
4675	(260, 572)	'reci'	4722
4676	(1460, 785)	'基本'	4723
4677	(407, 144)	'材'	4724
4678	(1261, 2167)	' attention'	4725
4679	(811, 101)	' que'	4726
4680	(1212, 896)	' address'	4727
4681	(275, 287)	'ened'	4728
4682	(2344, 3487)	' situation'	4729
4683	(920, 358)	' cover'	4730
4684	(2146, 2259)	'容易'	4731
4685	(349, 973)	'一种'	4732
4686	(2083, 553)	' standard'	4733
4687	(992, 2048)	' screen'	4734
4688	(538, 141)	'遍'	4735
4689	(621, 360)	'earch'	4736
4690	(3566, 141)	'植'	4737
4691	(438, 324)	'你是'	4738
4692	(257, 814)	' action'	4739
4693	(1386, 3448)	' surface'	4740
4694	(1251, 161)	'胡'	4741
4695	(683, 294)	'里的'	4742
4696	(587, 187)	'攻'	4743
4697	(869, 150)	'聖'	4744
4698	(2454, 1304)	' activities'	4745
4699	(3874, 2110)	' Austral'	4746
4700	(565, 377)	'好了'	4747
4701	(357, 138)	'尊'	4748
4702	(789, 1590)	'方式'	4749
4703	(2655, 128)	'激'	4750
4704	(106, 433)	'just'	4751
4705	(1386, 118)	' surv'	4752
4706	(273, 1977)	' coun'	4753
4707	(478, 3279)	' knew'	4754
4708	(604, 184)	'陸'	4755
4709	(427, 108)	' del'	4756
4710	(1666, 4456)	'人口密度'	4757
4711	(264, 267)	' sat'	4758
4712	(1509, 480)	'称为'	4759
4713	(395, 533)	'rael'	4760
4714	(273, 562)	' cred'	4761
4715	(554, 163)	'散'	4762
4716	(580, 385)	'都有'	4763
4717	(750, 180)	'阴'	4764
4718	(897, 287)	' worked'	4765
4719	(1964, 277)	' woman'	4766
4720	(2086, 161)	'鸡'	4767
4721	(1571, 281)	' meaning'	4768
4722	(1027, 3800)	'经济'	4769
4723	(101, 286)	'eal'	4770
4724	(420, 167)	'执'	4771
4725	(114, 345)	'rim'	4772
4726	(109, 270)	'mit'	4773
4727	(739, 157)	'距'	4774
4728	(279, 1492)	' father'	4775
4729	(1251, 156)	'胜'	4776
4730	(2211, 424)	'aught'	4777
4731	(77, 343)	'May'	4778
4732	(2500, 401)	' After'	4779
4733	(264, 351)	' sad'	4780
4734	(32, 336)	' id'	4781
4735	(1029, 323)	' recent'	4782
4736	(608, 278)	' uses'	4783
4737	(1231, 159)	'钟'	4784
4738	(616, 177)	'抱'	4785
4739	(422, 191)	'绿'	4786
4740	(947, 1510)	'理解'	4787
4741	(859, 281)	' King'	4788
4742	(2508, 361)	' reduce'	4789
4743	(869, 138)	'聊'	4790
4744	(2129, 129)	'鲁'	4791
4745	(1075, 185)	'项'	4792
4746	(1041, 351)	' road'	4793
4747	(734, 2744)	' climate'	4794
4748	(1040, 327)	' flow'	4795
4749	(1788, 513)	' effective'	4796
4750	(465, 287)	'pped'	4797
4751	(604, 141)	'降'	4798
4752	(1079, 585)	'男生'	4799
4753	(560, 158)	'赞'	4800
4754	(301, 1106)	'icles'	4801
4755	(322, 2703)	' review'	4802
4756	(264, 353)	' sam'	4803
4757	(46, 54)	'.6'	4804
4758	(657, 2085)	'ograp'	4805
4759	(2455, 115)	' terms'	4806
4760	(266, 180)	'临'	4807
4761	(654, 166)	'邦'	4808
4762	(102, 552)	'fort'	4809
4763	(496, 577)	' alone'	4810
4764	(1302, 922)	'任何'	4811
4765	(277, 1312)	'anced'	4812
4766	(419, 99)	' conc'	4813
4767	(2413, 1283)	'专业'	4814
4768	(515, 156)	'农'	4815
4769	(374, 189)	'施'	4816
4770	(256, 263)	' ton'	4817
4771	(937, 1020)	'第三'	4818
4772	(474, 109)	' mem'	4819
4773	(2328, 312)	' drive'	4820
4774	(907, 1097)	' actual'	4821
4775	(1263, 168)	'骨'	4822
4776	(1591, 330)	' diet'	4823
4777	(475, 1308)	' lives'	4825
4778	(1261, 4122)	' attempt'	4826
4779	(810, 137)	'按'	4827
4780	(14006, 1398)	' increased'	4828
4781	(1791, 120)	' complex'	4829
4782	(110, 115)	'ns'	4830
4783	(448, 303)	'andom'	4831
4784	(109, 281)	'ming'	4832
4785	(2130, 280)	' histor'	4833
4786	(865, 128)	'紀'	4834
4787	(1116, 1322)	' Health'	4835
4788	(362, 145)	'译'	4836
4789	(71, 569)	'Good'	4837
4790	(869, 183)	'職'	4838
4791	(476, 555)	' jud'	4839
4792	(749, 330)	' feet'	4840
4793	(1986, 116)	' maint'	4841
4794	(115, 330)	'set'	4842
4795	(787, 112)	' prep'	4843
4796	(1759, 1088)	'完全'	4844
4797	(387, 2963)	' Comp'	4845
4798	(303, 277)	'oman'	4846
4799	(2421, 154)	'線'	4847
4800	(439, 280)	'abor'	4848
4801	(1515, 4001)	' written'	4849
4802	(359, 815)	'不想'	4850
4803	(1183, 1688)	'工程'	4851
4804	(707, 157)	'贝'	4852
4805	(115, 117)	'su'	4853
4806	(353, 98)	'amb'	4854
4807	(279, 402)	' fill'	4856
4808	(881, 103)	'reng'	4857
4809	(4270, 303)	' custom'	4858
4810	(335, 489)	'sequ'	4859
4811	(3030, 14037)	' absolute'	4860
4812	(302, 99)	'asc'	4861
4813	(1276, 2189)	'系统'	4862
4814	(14036, 307)	' opinion'	4863
4815	(288, 595)	' div'	4864
4816	(334, 303)	'room'	4865
4817	(620, 968)	'自然'	4866
4818	(329, 694)	'ctions'	4867
4819	(498, 116)	'aint'	4868
4820	(560, 181)	'赵'	4869
4821	(278, 1131)	'estern'	4870
4822	(2367, 146)	'醒'	4871
4823	(276, 286)	' bal'	4872
4824	(68, 742)	"Don't"	4873
4825	(32, 903)	' ign'	4874
4826	(409, 695)	' Most'	4875
4827	(981, 3967)	'意大利'	4876
4828	(984, 151)	'块'	4877
4829	(2592, 139)	'蛋'	4878
4830	(1490, 178)	'菲'	4879
4831	(2457, 117)	' Qu'	4880
4832	(2905, 179)	'澳'	4882
4833	(14005, 278)	' gives'	4883
4834	(276, 1580)	' books'	4884
4835	(395, 103)	'rag'	4885
4836	(104, 327)	'how'	4886
4837	(317, 133)	'仅'	4887
4838	(808, 504)	'英国'	4888
4839	(522, 108)	' El'	4889
4840	(322, 118)	' rev'	4890
4841	(707, 165)	'败'	4891
4842	(387, 111)	' Co'	4892
4843	(363, 650)	' store'	4893
4844	(354, 139)	'宋'	4894
4845	(471, 3456)	' exerc'	4895
4846	(486, 179)	'耳'	4896
4847	(1049, 3114)	'新闻'	4897
4848	(624, 181)	'創'	4898
4849	(347, 361)	' force'	4899
4850	(353, 110)	'amn'	4900
4851	(232, 184)	b'\xe8\xb8'	4901
4852	(282, 3432)	' micro'	4902
4853	(620, 1038)	'自由'	4903
4854	(46, 56)	'.8'	4904
4855	(275, 440)	'eness'	4905
4856	(46, 55)	'.7'	4906
4857	(411, 868)	'ulations'	4907
4858	(104, 1162)	'hib'	4908
4859	(301, 868)	'ications'	4909
4860	(761, 1222)	' Thank'	4910
4861	(1512, 128)	'門'	4911
4862	(984, 135)	'均'	4912
4863	(456, 138)	'释'	4913
4864	(346, 287)	'uted'	4914
4865	(268, 569)	' wood'	4915
4866	(32, 370)	' ir'	4916
4867	(1279, 2729)	' training'	4917
4868	(752, 143)	'偏'	4918
4869	(2345, 977)	' condition'	4919
4870	(363, 4481)	' stupid'	4920
4871	(1516, 115)	'lands'	4921
4872	(865, 167)	'紧'	4922
4873	(629, 377)	'多了'	4923
4874	(324, 412)	'是在'	4924
4875	(2785, 553)	'board'	4925
4876	(764, 277)	' compan'	4926
4877	(3767, 846)	' British'	4927
4878	(52, 53)	'45'	4929
4879	(803, 102)	' saf'	4930
4880	(718, 161)	'郡'	4931
4881	(1586, 3822)	' numbers'	4932
4882	(350, 398)	' und'	4933
4883	(268, 849)	' wild'	4934
4884	(429, 394)	' rout'	4935
4885	(366, 465)	' App'	4936
4886	(825, 1241)	' spread'	4937
4887	(46, 49)	'.1'	4938
4888	(396, 278)	'iles'	4939
4889	(1702, 447)	' generally'	4940
4890	(3321, 1283)	'毕业'	4941
4891	(463, 302)	' Was'	4942
4892	(843, 165)	'略'	4943
4893	(1075, 190)	'顾'	4944
4894	(421, 1488)	' search'	4945
4895	(748, 136)	'授'	4946
4896	(773, 480)	'行为'	4947
4897	(362, 190)	'课'	4948
4898	(2459, 2392)	' positive'	4949
4899	(108, 353)	'lam'	4950
4900	(104, 353)	'ham'	4951
4901	(232, 157)	b'\xe8\x9d'	4952
4902	(2690, 2221)	'父母'	4953
4903	(265, 111)	'ero'	4954
4904	(310, 160)	'映'	4955
4905	(2550, 280)	'error'	4956
4906	(548, 2983)	' places'	4957
4907	(3452, 1053)	'肯定'	4958
4908	(1294, 98)	' emb'	4959
4909	(69, 67)	'EC'	4960
4910	(1255, 731)	' aware'	4961
4911	(283, 1237)	' path'	4962
4912	(647, 286)	' goal'	4963
4913	(399, 815)	'我想'	4964
4914	(918, 555)	' Stud'	4965
4915	(614, 153)	'浙'	4966
4916	(478, 281)	' king'	4967
4917	(295, 751)	' threat'	4968
4918	(318, 1449)	' egg'	4969
4919	(321, 1644)	' began'	4970
4920	(1029, 2375)	' recently'	4971
4921	(752, 182)	'偶'	4972
4922	(79, 77)	'OM'	4973
4923	(435, 109)	' sum'	4974
4924	(2129, 156)	'鲜'	4975
4925	(1651, 176)	'議'	4976
4926	(317, 152)	'付'	4977
4927	(416, 145)	'休'	4978
4928	(65, 76)	'AL'	4979
4929	(264, 546)	' send'	4980
4930	(357, 154)	'尚'	4981
4931	(2426, 3250)	'粉丝'	4982
4932	(98, 768)	'book'	4983
4933	(427, 118)	' dev'	4984
4934	(14028, 14050)	' _nl_'	4985
4935	(14005, 281)	' giving'	4986
4936	(704, 360)	' arch'	4987
4937	(1515, 711)	' write'	4988
4938	(652, 101)	' inte'	4989
4939	(507, 14027)	' society'	4990
4940	(1409, 665)	'才能'	4991
4941	(956, 1970)	'民族'	4992
4942	(590, 102)	'ief'	4993
4943	(333, 141)	'免'	4994
4944	(489, 101)	'que'	4995
4945	(2914, 1135)	' Maybe'	4996
4946	(328, 136)	'佈'	4997
4947	(1331, 307)	' region'	4998
4948	(291, 97)	'ara'	4999
4949	(276, 4166)	' birth'	5000
4950	(3000, 301)	' economic'	5001
4951	(535, 1930)	' Russ'	5002
4952	(416, 176)	'估'	5003
4953	(583, 155)	'招'	5004
4954	(1548, 455)	'几个'	5005
4955	(1588, 3963)	' global'	5006
4956	(2710, 45)	' non-'	5007
4957	(949, 281)	' seeing'	5008
4958	(583, 156)	'拜'	5009
4959	(648, 1368)	' Jew'	5011
4960	(583, 148)	'拔'	5012
4961	(3704, 703)	' associated'	5013
4962	(282, 3786)	' middle'	5014
4963	(805, 185)	'船'	5015
4964	(2353, 281)	' watching'	5016
4965	(485, 281)	'osing'	5017
4966	(1480, 2310)	' funny'	5018
4967	(1743, 151)	'暗'	5019
4968	(316, 131)	'參'	5020
4969	(622, 313)	'ously'	5021
4970	(14048, 14051)	'葡萄'	5022
4971	(99, 532)	'cies'	5023
4972	(1411, 597)	' carry'	5024
4973	(2194, 2394)	'技术'	5025
4974	(4292, 2407)	' researchers'	5026
4975	(757, 1271)	'之间'	5027
4976	(1075, 191)	'顿'	5028
4977	(778, 52)	' 24'	5029
4978	(636, 1117)	'ached'	5030
4979	(354, 135)	'宇'	5031
4980	(434, 260)	' Pre'	5032
4981	(290, 161)	'亡'	5033
4982	(268, 1506)	' warm'	5034
4983	(929, 162)	'漢'	5035
4984	(470, 173)	'哭'	5036
4985	(709, 3724)	' management'	5037
4986	(1694, 121)	' Any'	5038
4987	(720, 588)	'后来'	5039
4988	(393, 1871)	' weird'	5040
4989	(1532, 33)	'!!!'	5041
4990	(2122, 135)	'篇'	5042
4991	(515, 178)	'冲'	5043
4992	(1140, 14025)	' services'	5044
4993	(764, 2080)	' compared'	5045
4994	(3265, 313)	' quickly'	5046
4995	(1794, 1280)	'普通'	5047
4996	(272, 2172)	' option'	5048
4997	(816, 150)	'策'	5049
4998	(105, 451)	'ius'	5050
4999	(1179, 438)	'给你'	5051
5000	(107, 275)	'ken'	5052
5001	(450, 101)	'rie'	5053
5002	(1244, 394)	' throughout'	5054
5003	(395, 1234)	'raft'	5055
5004	(306, 291)	'lear'	5056
5005	(2868, 115)	' materials'	5057
5006	(877, 134)	'穆'	5058
5007	(286, 121)	'aly'	5059
5008	(1928, 1131)	' pattern'	5060
5009	(3530, 14049)	'中华人民共和国'	5061
5010	(1279, 832)	' travel'	5062
5011	(288, 2261)	' dude'	5063
5012	(276, 395)	' bra'	5064
5013	(1839, 3162)	' published'	5065
5014	(387, 1189)	' Cont'	5066
5015	(565, 1676)	'好像'	5067
5016	(2583, 858)	' approach'	5068
5017	(99, 277)	'can'	5069
5018	(665, 1147)	'能力'	5070
5019	(51, 54)	'36'	5071
5020	(362, 175)	'误'	5072
5021	(2036, 1330)	'节目'	5073
5022	(233, 158)	b'\xe9\x9e'	5074
5023	(103, 110)	'gn'	5075
5024	(1145, 166)	'烦'	5076
5025	(300, 2292)	' load'	5077
5026	(282, 1560)	' mix'	5078
5027	(14019, 1082)	' involved'	5079
5028	(1152, 662)	'当时'	5080
5029	(1588, 351)	' glad'	5081
5030	(1188, 260)	' rare'	5082
5031	(66, 14022)	'Because'	5083
5032	(289, 3310)	' towards'	5084
5033	(2865, 607)	' culture'	5085
5034	(3358, 451)	' focus'	5086
5035	(700, 145)	'辑'	5087
5036	(683, 899)	'里面'	5088
5037	(291, 532)	'aries'	5089
5038	(648, 4088)	' Jesus'	5090
5039	(409, 259)	' Min'	5091
5040	(3012, 607)	' measure'	5092
5041	(312, 260)	'vere'	5093
5042	(102, 2742)	'fortun'	5094
5043	(368, 119)	' Sw'	5095
5044	(784, 183)	'谷'	5096
5045	(534, 141)	'忍'	5097
5046	(413, 1032)	'年代'	5098
5047	(14002, 100)	"I'd"	5099
5048	(341, 184)	'吸'	5100
5049	(97, 382)	'aur'	5101
5050	(4620, 306)	' multiple'	5102
5051	(407, 175)	'杯'	5103
5052	(805, 141)	'舍'	5104
5053	(1146, 610)	'ground'	5105
5054	(1955, 973)	'各种'	5106
5055	(270, 2261)	'itude'	5107
5056	(1134, 1440)	'相信'	5108
5057	(363, 845)	' stick'	5109
5058	(732, 115)	' Its'	5110
5059	(741, 2577)	'成功'	5111
5060	(282, 875)	' mount'	5112
5061	(1148, 1158)	' brother'	5113
5062	(282, 1371)	' match'	5114
5063	(3548, 1906)	'幸福'	5115
5064	(363, 2488)	' stream'	5116
5065	(102, 582)	'ffe'	5117
5066	(322, 306)	' rele'	5118
5067	(1339, 467)	' assum'	5119
5068	(2011, 169)	'摩'	5120
5069	(1121, 14039)	'省的一个市镇'	5121
5070	(445, 1854)	' shoot'	5122
5071	(2752, 377)	'除了'	5123
5072	(341, 180)	'吴'	5124
5073	(1121, 14040)	'省的一個市鎮'	5125
5074	(684, 864)	'出现'	5126
5075	(282, 598)	' mag'	5127
5076	(1757, 562)	'undred'	5128
5077	(1148, 1168)	' brought'	5129
5078	(282, 460)	' mist'	5130
5079	(1405, 549)	' install'	5131
5080	(301, 97)	'ica'	5133
5081	(265, 1082)	'erved'	5134
5082	(1913, 154)	'魚'	5135
5083	(3231, 607)	' figure'	5136
5084	(323, 121)	'enty'	5137
5085	(1461, 1266)	' earli'	5138
5086	(300, 744)	' lose'	5139
5087	(297, 695)	' host'	5140
5088	(1789, 2491)	' caused'	5141
5089	(557, 188)	'呼'	5142
5090	(231, 152)	b'\xe7\x98'	5143
5091	(434, 291)	' Par'	5144
5092	(276, 1168)	' bought'	5145
5093	(300, 384)	' lif'	5146
5094	(550, 335)	' worse'	5147
5095	(1534, 2092)	' provides'	5148
5096	(468, 165)	'急'	5149
5097	(46, 50)	'.2'	5150
5098	(1753, 450)	'ropri'	5151
5099	(567, 101)	'aste'	5152
5100	(1778, 4713)	' Israel'	5153
5101	(524, 751)	' Great'	5154
5102	(636, 1323)	'aches'	5155
5103	(933, 841)	' blue'	5156
5104	(522, 728)	' Even'	5157
5105	(303, 275)	'omen'	5158
5106	(2498, 313)	' currently'	5159
5107	(101, 97)	'ea'	5160
5108	(368, 1306)	' Sec'	5161
5109	(474, 4168)	' mechan'	5162
5110	(318, 1013)	' emer'	5163
5111	(1030, 56)	' 198'	5164
5112	(345, 467)	'imum'	5165
5113	(3592, 597)	' industry'	5166
5114	(537, 138)	'届'	5167
5115	(1558, 121)	'Hey'	5168
5116	(257, 555)	' aud'	5169
5117	(276, 1871)	' bird'	5170
5118	(105, 452)	'iant'	5171
5119	(316, 179)	'右'	5172
5120	(85, 83)	'US'	5173
5121	(421, 97)	' sea'	5174
5122	(611, 2267)	'到底'	5175
5123	(2150, 270)	' visit'	5176
5124	(109, 275)	'men'	5177
5125	(1206, 1438)	'學院'	5178
5126	(1733, 1073)	'歌手'	5179
5127	(1816, 498)	' explain'	5180
5128	(2507, 373)	' joke'	5181
5129	(1313, 313)	'atively'	5182
5130	(803, 312)	' save'	5183
5131	(4221, 1147)	'努力'	5184
5132	(464, 291)	' Har'	5185
5133	(256, 382)	' tur'	5186
5134	(560, 182)	'赶'	5187
5135	(1041, 404)	' rock'	5188
5136	(1640, 158)	'增'	5189
5137	(381, 143)	'协'	5190
5138	(273, 597)	' cry'	5191
5139	(4087, 161)	'簡'	5192
5140	(787, 2633)	' prefer'	5193
5141	(98, 277)	'ban'	5194
5142	(260, 330)	'reet'	5195
5143	(370, 270)	'irit'	5196
5144	(117, 120)	'ux'	5197
5145	(2745, 2745)	'____'	5198
5146	(259, 837)	'inary'	5199
5147	(354, 156)	'宜'	5200
5148	(112, 281)	'ping'	5201
5149	(856, 147)	'姓'	5203
5150	(1641, 669)	' interact'	5204
5151	(384, 102)	'iff'	5206
5152	(265, 103)	'erg'	5207
5153	(105, 353)	'iam'	5208
5154	(1683, 302)	' ideas'	5209
5155	(1431, 361)	' produce'	5210
5156	(98, 280)	'bor'	5211
5157	(865, 175)	'累'	5212
5158	(355, 165)	'別'	5213
5159	(839, 365)	'女人'	5214
5160	(2362, 378)	'ervation'	5215
5161	(1425, 281)	' feeling'	5216
5162	(387, 875)	' Count'	5217
5163	(357, 136)	'專'	5218
5164	(97, 642)	'aper'	5219
5165	(1698, 693)	'每天'	5220
5166	(517, 165)	'补'	5221
5167	(2574, 259)	' origin'	5222
5168	(536, 152)	'盘'	5223
5169	(1806, 1825)	' easier'	5224
5170	(839, 1071)	'女性'	5225
5171	(582, 814)	'fection'	5226
5172	(372, 301)	'olic'	5227
5173	(429, 610)	' round'	5228
5174	(1270, 1047)	'原因'	5229
5175	(363, 4808)	' streng'	5230
5176	(2315, 841)	' continue'	5231
5177	(126, 126)	'~~'	5232
5178	(351, 100)	'add'	5233
5179	(514, 183)	'歷'	5234
5180	(530, 359)	'就不'	5235
5181	(328, 153)	'余'	5236
5182	(347, 1610)	' forward'	5237
5183	(487, 1091)	'2010'	5238
5184	(1180, 2621)	'回答'	5239
5185	(1129, 460)	' consist'	5240
5186	(1582, 180)	'嘴'	5241
5187	(333, 133)	'充'	5242
5188	(1280, 1291)	'通常'	5243
5189	(2659, 68)	'ORD'	5244
5190	(565, 578)	'好看'	5245
5191	(2017, 2017)	'谢谢'	5246
5192	(292, 134)	'皆'	5247
5193	(1078, 686)	'科学'	5248
5194	(805, 137)	'舉'	5249
5195	(516, 2988)	' choice'	5250
5196	(105, 378)	'iation'	5251
5197	(598, 281)	'aging'	5252
5198	(69, 84)	'ET'	5253
5199	(486, 182)	'耶'	5254
5200	(383, 158)	'從'	5255
5201	(901, 121)	' party'	5256
5202	(415, 100)	' ord'	5257
5203	(1691, 773)	'进行'	5258
5204	(425, 14022)	' Because'	5259
5205	(79, 107)	'Ok'	5260
5206	(700, 136)	'辈'	5261
5207	(97, 411)	'aul'	5262
5208	(505, 131)	'弃'	5263
5209	(500, 185)	'匹'	5264
5210	(621, 115)	'ears'	5265
5211	(1293, 2096)	' supposed'	5266
5212	(1348, 177)	'莱'	5267
5213	(334, 121)	'roy'	5268
5214	(645, 183)	'爷'	5269
5215	(1221, 149)	'處'	5270
5216	(294, 781)	'的最'	5271
5217	(270, 378)	'itation'	5272
5218	(363, 896)	' stress'	5273
5219	(14011, 287)	' changed'	5274
5220	(501, 138)	'床'	5275
5221	(796, 699)	'对于'	5276
5222	(1267, 189)	'製'	5278
5223	(276, 287)	' bed'	5279
5224	(700, 150)	'辖'	5280
5225	(2215, 301)	' basic'	5281
5226	(775, 623)	'小说'	5282
5227	(301, 287)	'iced'	5283
5228	(1279, 404)	' track'	5284
5229	(1573, 170)	'溪'	5286
5230	(1626, 791)	'巴西'	5287
5231	(1192, 111)	' remo'	5288
5232	(604, 132)	'附'	5289
5233	(571, 324)	'要是'	5290
5234	(851, 134)	'隆'	5291
5235	(2234, 110)	' damn'	5292
5236	(282, 1658)	' max'	5293
5237	(383, 129)	'征'	5294
5238	(110, 263)	'non'	5295
5239	(1829, 923)	'稱為'	5296
5240	(508, 104)	'resh'	5297
5241	(114, 277)	'ran'	5298
5242	(1789, 609)	' capt'	5299
5243	(953, 651)	" couldn't"	5300
5244	(910, 4675)	' appreci'	5301
5245	(2478, 432)	'ength'	5302
5246	(1219, 128)	'销'	5303
5247	(1137, 683)	'哪里'	5304
5248	(648, 277)	' Jan'	5305
5249	(344, 119)	' Tw'	5306
5250	(501, 134)	'庆'	5307
5251	(974, 168)	'黨'	5308
5252	(51, 55)	'37'	5309
5253	(268, 1209)	' wife'	5310
5254	(2990, 14041)	' analysis'	5311
5255	(427, 1266)	' deli'	5312
5256	(351, 512)	'adem'	5313
5257	(522, 635)	' Every'	5314
5258	(460, 847)	'istance'	5315
5259	(1399, 161)	'堡'	5316
5260	(256, 754)	' table'	5317
5261	(2273, 287)	' designed'	5318
5262	(288, 437)	' date'	5319
5263	(358, 335)	'verse'	5320
5264	(487, 1289)	'2012'	5321
5265	(536, 138)	'益'	5322
5266	(301, 105)	'ici'	5323
5267	(2893, 447)	' totally'	5324
5268	(79, 76)	'OL'	5325
5269	(2732, 330)	' internet'	5326
5270	(4408, 572)	' princi'	5327
5271	(232, 185)	b'\xe8\xb9'	5329
5272	(429, 336)	' rid'	5330
5273	(230, 134)	b'\xe6\x86'	5331
5274	(51, 52)	'34'	5332
5275	(789, 899)	'方面'	5333
5276	(753, 156)	'镜'	5334
5277	(256, 842)	' tree'	5335
5278	(422, 135)	'织'	5336
5279	(1520, 178)	'悲'	5337
5280	(273, 2573)	' code'	5338
5281	(288, 1427)	' died'	5339
5282	(1648, 942)	' events'	5340
5283	(2085, 121)	'rapy'	5341
5284	(1614, 186)	'缺'	5342
5285	(300, 287)	' led'	5343
5286	(414, 133)	'帅'	5344
5287	(998, 115)	' wants'	5345
5288	(387, 258)	' Che'	5346
5289	(467, 942)	'uments'	5347
5290	(1885, 115)	' schools'	5348
5291	(3304, 3304)	'呵呵'	5349
5292	(464, 460)	' Hist'	5350
5293	(745, 184)	'書'	5351
5294	(3980, 495)	' straight'	5352
5295	(813, 1583)	' unless'	5353
5296	(288, 1753)	' drop'	5354
5297	(72, 3051)	'Haha'	5355
5298	(1334, 307)	'vention'	5356
5299	(1175, 183)	'混'	5357
5300	(579, 178)	'闲'	5358
5301	(3673, 361)	' piece'	5359
5302	(2727, 1017)	'的事情'	5360
5303	(89, 521)	'Your'	5361
5304	(1826, 187)	'傻'	5362
5305	(575, 169)	'彩'	5363
5306	(14002, 311)	"I'll"	5364
5307	(117, 837)	'uary'	5365
5308	(2112, 1213)	'電影'	5366
5309	(712, 115)	' knows'	5367
5310	(409, 99)	' Mc'	5368
5311	(87, 376)	'With'	5369
5312	(538, 151)	'遗'	5370
5313	(65, 114)	'Ar'	5371
5314	(3518, 2635)	' network'	5372
5315	(1294, 319)	' emot'	5373
5316	(117, 104)	'uh'	5374
5317	(297, 1506)	' harm'	5375
5318	(399, 359)	'我不'	5376
5319	(1534, 2943)	' provided'	5377
5320	(312, 121)	'vey'	5378
5321	(580, 591)	'都会'	5379
5322	(445, 913)	' shown'	5380
5323	(542, 2630)	' Like'	5381
5324	(363, 291)	' star'	5382
5325	(965, 1297)	' useful'	5383
5326	(14006, 3543)	' increasing'	5384
5327	(380, 4480)	' whatever'	5385
5328	(100, 111)	'do'	5386
5329	(655, 159)	'借'	5387
5330	(752, 183)	'偷'	5388
5331	(542, 330)	' Let'	5389
5332	(429, 4783)	' random'	5390
5333	(904, 890)	' print'	5391
5334	(288, 597)	' dry'	5392
5335	(3331, 968)	'突然'	5393
5336	(256, 546)	' tend'	5394
5337	(2086, 159)	'鸟'	5395
5338	(496, 2895)	' although'	5396
5339	(332, 148)	'乔'	5397
5340	(450, 2172)	'ription'	5398
5341	(2985, 3952)	' doubt'	5399
5342	(4915, 1487)	'浙江'	5400
5343	(463, 449)	' West'	5401
5344	(288, 275)	' den'	5402
5345	(347, 1378)	' forget'	5403
5346	(345, 2016)	'imately'	5404
5347	(3938, 306)	' title'	5405
5348	(692, 147)	'晓'	5406
5349	(465, 265)	'pper'	5407
5350	(626, 385)	'也有'	5408
5351	(766, 1017)	'事情'	5409
5352	(283, 4195)	' psych'	5410
5353	(3553, 607)	' structure'	5411
5354	(429, 3661)	' rules'	5412
5355	(4546, 711)	' website'	5413
5356	(713, 1080)	' therefore'	5414
5357	(382, 103)	'urg'	5415
5358	(295, 121)	' thy'	5416
5359	(280, 589)	'orks'	5417
5360	(1469, 57)	'2009'	5418
5361	(1654, 1001)	' factors'	5419
5362	(721, 151)	'俗'	5420
5363	(51, 56)	'38'	5421
5364	(4059, 733)	' chemical'	5422
5365	(2961, 847)	' performance'	5423
5366	(3022, 287)	' allowed'	5424
5367	(283, 306)	' ple'	5425
5368	(3339, 447)	' literally'	5426
5369	(80, 108)	'Pl'	5427
5370	(46, 103)	'.g'	5428
5371	(2882, 294)	'怎样的'	5429
5372	(370, 116)	'irt'	5430
5373	(422, 156)	'络'	5431
5374	(439, 330)	'abet'	5432
5375	(3608, 660)	'获得'	5433
5376	(14030, 2529)	' behavior'	5434
5377	(121, 906)	'yond'	5435
5378	(303, 281)	'oming'	5436
5379	(460, 1250)	'istics'	5437
5380	(276, 4090)	' baby'	5438
5381	(4220, 4474)	' beautiful'	5439
5382	(3119, 1705)	'航空'	5440
5383	(321, 267)	' beat'	5441
5384	(363, 3730)	' style'	5442
5385	(1137, 455)	'哪个'	5443
5386	(1070, 172)	'萬'	5444
5387	(375, 164)	'孤'	5445
5388	(3252, 504)	'是法国'	5446
5389	(409, 650)	' More'	5447
5390	(783, 498)	' contain'	5448
5391	(275, 1312)	'enced'	5449
5392	(82, 69)	'RE'	5450
5393	(595, 281)	'iving'	5451
5394	(686, 2980)	'学习'	5452
5395	(110, 442)	'ners'	5453
5396	(900, 161)	'無'	5454
5397	(737, 148)	'笔'	5455
5398	(525, 166)	'實'	5456
5399	(495, 115)	'ights'	5457
5400	(617, 294)	'子的'	5458
5401	(599, 646)	' Other'	5459
5402	(412, 2810)	'在一起'	5460
5403	(685, 165)	'津'	5461
5404	(1041, 311)	' roll'	5462
5405	(1132, 382)	' accur'	5463
5406	(97, 728)	'aven'	5464
5407	(67, 108)	'Cl'	5465
5408	(3827, 1533)	' female'	5466
5409	(4029, 1242)	' daily'	5467
5410	(583, 165)	'拥'	5468
5411	(3124, 1354)	' benefits'	5469
5412	(318, 1182)	' eating'	5470
5413	(407, 159)	'束'	5471
5414	(2240, 3769)	' Canada'	5472
5415	(1007, 291)	' Char'	5473
5416	(1179, 399)	'给我'	5474
5417	(912, 170)	'說'	5475
5418	(1339, 440)	' assess'	5476
5419	(983, 157)	'祝'	5477
5420	(2010, 1099)	'第一次'	5478
5421	(3252, 743)	'是法國'	5479
5422	(2440, 178)	'獲'	5480
5423	(1494, 139)	'棋'	5481
5424	(297, 5076)	' hundred'	5482
5425	(1511, 48)	' 60'	5483
5426	(662, 1032)	'时代'	5484
5427	(700, 155)	'辛'	5485
5428	(891, 115)	'ords'	5486
5429	(1007, 2517)	' China'	5487
5430	(2247, 1697)	'照片'	5488
5431	(1011, 2043)	'比赛'	5489
5432	(308, 577)	' gone'	5490
5433	(781, 2003)	'最近'	5491
5434	(333, 132)	'兄'	5492
5435	(434, 372)	' Pol'	5493
5436	(3287, 504)	'韩国'	5494
5437	(4085, 14055)	'中華人民共和國'	5495
5438	(1421, 281)	' starting'	5496
5439	(684, 585)	'出生'	5497
5440	(2386, 502)	' movement'	5498
5441	(604, 169)	'险'	5499
5442	(487, 1496)	'2015'	5500
5443	(114, 353)	'ram'	5501
5444	(355, 186)	'刺'	5502
5445	(407, 176)	'杰'	5503
5446	(1075, 182)	'顶'	5504
5447	(365, 585)	'人生'	5505
5448	(789, 759)	'方法'	5506
5449	(410, 1089)	' waste'	5507
5450	(938, 163)	'趣'	5508
5451	(232, 148)	b'\xe8\x94'	5509
5452	(482, 349)	'这一'	5510
5453	(2679, 892)	' While'	5512
5454	(889, 163)	'督'	5513
5455	(767, 1214)	'主演'	5514
5456	(121, 108)	'yl'	5515
5457	(4970, 2463)	'葡萄牙'	5516
5458	(407, 130)	'杂'	5517
5459	(790, 947)	'心理'	5518
5460	(262, 940)	' theory'	5519
5461	(1968, 301)	'ronic'	5520
5462	(1278, 3002)	'表示'	5521
5463	(806, 132)	'预'	5522
5464	(2925, 313)	' particularly'	5523
5465	(1342, 121)	' ready'	5524
5466	(4879, 1838)	' safety'	5525
5467	(1280, 726)	'通过'	5526
5468	(2543, 313)	' directly'	5527
5469	(2243, 287)	' killed'	5528
5470	(99, 567)	'cast'	5529
5471	(367, 149)	'幕'	5530
5472	(85, 67)	'UC'	5531
5473	(107, 281)	'king'	5532
5474	(273, 768)	' cook'	5533
5475	(848, 351)	' grad'	5534
5476	(326, 2087)	" you'll"	5535
5477	(571, 2210)	'要求'	5536
5478	(935, 311)	' poll'	5537
5479	(295, 451)	' thus'	5538
5480	(689, 294)	'地的'	5539
5481	(614, 139)	'测'	5540
5482	(324, 762)	'是一个'	5541
5483	(115, 281)	'sing'	5542
5484	(116, 114)	'tr'	5543
5485	(1048, 311)	' bull'	5544
5486	(65, 104)	'Ah'	5545
5487	(45, 104)	'-h'	5546
5488	(364, 154)	'甚'	5547
5489	(99, 1795)	'coh'	5548
5490	(3655, 175)	'嗯'	5549
5491	(487, 1710)	'2017'	5550
5492	(3911, 1841)	' temperature'	5551
5493	(359, 1000)	'不起'	5552
5494	(51, 50)	'32'	5553
5495	(51, 57)	'39'	5554
5496	(1552, 188)	'疼'	5555
5497	(114, 567)	'rast'	5556
5498	(324, 1650)	'是日本'	5557
5499	(969, 686)	'同学'	5558
5500	(304, 484)	' Int'	5559
5501	(122, 122)	'zz'	5561
5502	(505, 177)	'弱'	5562
5503	(268, 263)	' won'	5563
5504	(3381, 1050)	' beginning'	5564
5505	(1498, 144)	'結'	5566
5506	(710, 2533)	' anyway'	5567
5507	(463, 835)	' Well'	5568
5508	(585, 1015)	'生物'	5569
5509	(414, 171)	'師'	5570
5510	(2453, 313)	' nearly'	5571
5511	(452, 313)	'antly'	5572
5512	(2789, 3237)	'准备'	5573
5513	(588, 377)	'来了'	5574
5514	(2217, 287)	' turned'	5575
5515	(743, 4606)	'國際'	5576
5516	(103, 286)	'gal'	5577
5517	(421, 1247)	' select'	5578
5518	(3537, 4438)	' encoura'	5579
5519	(1227, 365)	'让人'	5580
5520	(368, 1551)	' School'	5581
5521	(599, 104)	' Oh'	5582
5522	(2281, 115)	' programs'	5583
5523	(739, 179)	'跳'	5584
5524	(32, 698)	' ice'	5585
5525	(3581, 594)	' imagine'	5586
5526	(1224, 1088)	'安全'	5587
5527	(836, 1496)	' 2015'	5588
5528	(887, 307)	'ension'	5589
5529	(334, 115)	'ros'	5590
5530	(2387, 287)	' reported'	5591
5531	(1195, 154)	'脚'	5592
5532	(1409, 324)	'才是'	5593
5533	(14004, 278)	' includes'	5594
5534	(3629, 735)	' People'	5595
5535	(2324, 1398)	'-based'	5596
5536	(848, 1656)	' growing'	5597
5537	(1216, 135)	'震'	5598
5538	(443, 3859)	' progress'	5599
5539	(2432, 159)	'熟'	5601
5540	(101, 360)	'ech'	5602
5541	(565, 565)	'好好'	5603
5542	(1896, 141)	'龍'	5605
5543	(2260, 585)	'医生'	5606
5544	(453, 3303)	' doctor'	5607
5545	(300, 1608)	' lines'	5608
5546	(14062, 2463)	'西班牙'	5609
5547	(273, 270)	' cit'	5610
5548	(1079, 1870)	'男朋友'	5611
5549	(273, 14043)	' civil'	5612
5550	(1789, 3207)	' causes'	5613
5551	(1608, 101)	'inese'	5614
5552	(2566, 4346)	' military'	5615
5553	(795, 132)	'轄'	5616
5554	(393, 962)	" we're"	5617
5555	(2183, 130)	'蒂'	5618
5556	(332, 140)	'乌'	5619
5557	(485, 977)	'osition'	5620
5558	(1200, 1590)	'正式'	5621
5559	(80, 83)	'PS'	5622
5560	(991, 571)	'只要'	5623
5561	(2596, 191)	'鹿'	5624
5562	(1913, 148)	'魔'	5625
5563	(700, 147)	'输'	5626
5564	(749, 311)	' fell'	5627
5565	(918, 101)	' Ste'	5628
5566	(358, 116)	'vert'	5629
5567	(14042, 744)	' purpose'	5630
5568	(523, 4540)	' French'	5631
5569	(3398, 1596)	'stitute'	5632
5570	(279, 4224)	' felt'	5633
5571	(487, 1713)	'2013'	5634
5572	(684, 294)	'出的'	5635
5573	(117, 4415)	'ufact'	5636
5574	(335, 99)	'sec'	5637
5575	(3109, 611)	'遇到'	5638
5576	(457, 1325)	' comments'	5639
5577	(1680, 135)	'資'	5640
5578	(1530, 495)	' slight'	5641
5579	(2922, 115)	' individuals'	5642
5580	(449, 115)	'ests'	5643
5581	(1772, 97)	' kinda'	5644
5582	(2101, 286)	' legal'	5645
5583	(425, 291)	' Bar'	5646
5584	(267, 2567)	'atives'	5647
5585	(282, 724)	' map'	5648
5586	(359, 2229)	'不错'	5649
5587	(672, 175)	'纯'	5650
5588	(4876, 532)	' companies'	5651
5589	(3168, 270)	' Edit'	5652
5590	(419, 4381)	' conduct'	5653
5591	(1200, 1291)	'正常'	5654
5592	(256, 275)	' ten'	5655
5593	(301, 703)	'icated'	5656
5594	(1272, 911)	'哈哈哈'	5657
5595	(304, 73)	' II'	5658
5596	(341, 185)	'吹'	5660
5597	(381, 136)	'午'	5661
5598	(1423, 3992)	' security'	5662
5599	(1262, 265)	' greater'	5663
5600	(969, 662)	'同时'	5664
5601	(716, 294)	'下的'	5665
5602	(361, 287)	'ceed'	5666
5603	(434, 508)	' Pres'	5667
5604	(2421, 168)	'編'	5668
5605	(429, 3830)	' rule'	5669
5606	(2397, 1465)	' electric'	5670
5607	(481, 854)	' Dav'	5671
5608	(264, 2809)	' sources'	5672
5609	(516, 3599)	' choose'	5673
5610	(274, 694)	'isions'	5674
5611	(445, 769)	' ship'	5675
5612	(1718, 3167)	'保护'	5676
5613	(261, 141)	'－'	5677
5614	(734, 845)	' click'	5678
5615	(1418, 313)	' highly'	5679
5616	(434, 541)	' Part'	5680
5617	(87, 327)	'Wow'	5681
5618	(2930, 1838)	' variety'	5682
5619	(87, 2186)	'Who'	5683
5620	(526, 143)	'透'	5684
5621	(1307, 2525)	'关注'	5685
5622	(1345, 314)	' subst'	5686
5623	(14004, 287)	' included'	5687
5624	(496, 1131)	' altern'	5688
5625	(282, 2177)	' mouth'	5689
5626	(290, 171)	'享'	5690
5627	(3657, 932)	' official'	5691
5628	(2014, 281)	' asking'	5692
5629	(407, 156)	'杜'	5693
5630	(1591, 2807)	' diagn'	5694
5631	(985, 562)	'overed'	5695
5632	(1999, 906)	' respond'	5696
5633	(3322, 691)	' message'	5697
5634	(73, 86)	'IV'	5698
5635	(928, 2762)	' implement'	5699
5636	(1720, 793)	'难道'	5700
5637	(32, 265)	' er'	5701
5638	(1019, 313)	' mostly'	5702
5639	(355, 128)	'刀'	5703
5640	(381, 177)	'危'	5704
5641	(2750, 1108)	'确实'	5705
5642	(291, 997)	'arian'	5706
5643	(310, 168)	'昨'	5707
5644	(505, 185)	'弹'	5708
5645	(586, 412)	'日在'	5709
5646	(1502, 3803)	'视频'	5710
5647	(1735, 3110)	'战争'	5711
5648	(851, 148)	'隔'	5712
5649	(105, 798)	'iber'	5713
5650	(821, 1585)	'名字'	5714
5651	(1921, 1564)	' distrib'	5715
5652	(2264, 360)	' purch'	5716
5653	(1995, 660)	'记得'	5717
5654	(273, 1639)	' corn'	5718
5655	(65, 68)	'AD'	5719
5656	(795, 189)	'载'	5720
5657	(886, 1200)	'真正'	5721
5658	(1450, 287)	' posted'	5722
5659	(350, 3662)	' ult'	5723
5660	(369, 352)	' held'	5724
5661	(1818, 172)	'硬'	5725
5662	(581, 278)	'odes'	5726
5663	(783, 2822)	' controll'	5727
5664	(296, 110)	' inn'	5728
5665	(409, 263)	' Mon'	5729
5666	(324, 1038)	'是由'	5730
5667	(672, 184)	'纸'	5731
5668	(1835, 115)	' teams'	5732
5669	(907, 513)	' active'	5733
5670	(511, 186)	'臺'	5734
5671	(759, 3019)	'法律'	5735
5672	(1750, 265)	' older'	5736
5673	(575, 185)	'役'	5737
5674	(65, 2310)	'Any'	5738
5675	(1428, 153)	'標'	5739
5676	(507, 396)	' soil'	5740
5677	(282, 1533)	' male'	5741
5678	(1805, 4073)	' policy'	5742
5679	(112, 370)	'pir'	5743
5680	(357, 190)	'尾'	5744
5681	(372, 291)	'olar'	5745
5682	(2436, 263)	' demon'	5746
5683	(3317, 1050)	' morning'	5747
5684	(547, 156)	'惜'	5748
5685	(288, 4109)	' danger'	5749
5686	(1681, 2803)	'结婚'	5750
5687	(1370, 174)	'售'	5751
5688	(648, 117)	' Ju'	5752
5689	(1722, 3997)	'提供'	5753
5690	(3004, 115)	' methods'	5754
5691	(377, 1198)	'了吧'	5755
5692	(286, 100)	'ald'	5756
5693	(1263, 151)	'骗'	5757
5694	(4923, 1013)	' summer'	5758
5695	(68, 2404)	'Does'	5759
5696	(434, 67)	' PC'	5760
5697	(714, 2125)	' advice'	5761
5698	(673, 667)	' impl'	5762
5699	(2938, 286)	' environmental'	5763
5700	(456, 135)	'采'	5764
5701	(1743, 150)	'暖'	5765
5702	(317, 139)	'介'	5766
5703	(4074, 437)	' private'	5767
5704	(1853, 287)	'anned'	5768
5705	(277, 1238)	'ancial'	5769
5706	(974, 158)	'點'	5770
5707	(3180, 426)	' college'	5771
5708	(257, 314)	' ast'	5772
5709	(366, 78)	' AN'	5773
5710	(580, 641)	'都没'	5774
5711	(418, 98)	' mob'	5775
5712	(994, 190)	'艾'	5776
5713	(283, 277)	' pan'	5777
5714	(2275, 756)	' India'	5778
5715	(118, 259)	'vin'	5779
5716	(393, 108)	' wel'	5780
5717	(485, 607)	'osure'	5781
5718	(83, 2213)	'Sorry'	5782
5719	(322, 4493)	' reasons'	5783
5720	(839, 1870)	'女朋友'	5784
5721	(1887, 5373)	'网络'	5785
5722	(2954, 1114)	'参加'	5786
5723	(2216, 785)	'根本'	5787
5724	(103, 97)	'ga'	5788
5725	(1316, 2665)	' decision'	5789
5726	(328, 169)	'佩'	5790
5727	(542, 5189)	' LORD'	5791
5728	(359, 660)	'不得'	5792
5729	(1546, 769)	'ship'	5793
5730	(1217, 3470)	' YOU'	5794
5731	(280, 426)	'orge'	5795
5732	(702, 1448)	'如此'	5798
5733	(2778, 286)	' animal'	5799
5734	(259, 401)	'inter'	5800
5735	(391, 391)	'oooo'	5801
5736	(14063, 756)	'ifornia'	5802
5737	(257, 345)	' aim'	5803
5738	(122, 97)	'za'	5804
5739	(296, 1045)	' infect'	5805
5740	(3619, 277)	' German'	5807
5741	(506, 140)	'厌'	5808
5742	(112, 711)	'pite'	5809
5743	(77, 101)	'Me'	5810
5744	(3060, 4689)	' Research'	5811
5745	(741, 294)	'成的'	5812
5746	(114, 274)	'ris'	5813
5747	(3101, 981)	'愿意'	5814
5748	(317, 141)	'仍'	5815
5749	(558, 170)	'泪'	5816
5750	(490, 2988)	' voice'	5817
5751	(1320, 183)	'荷'	5818
5752	(108, 259)	'lin'	5819
5753	(118, 449)	'vest'	5820
5754	(276, 1639)	' born'	5821
5755	(2420, 14061)	'推荐'	5822
5756	(450, 286)	'rial'	5823
5757	(351, 121)	'ady'	5824
5758	(661, 138)	'權'	5825
5759	(654, 128)	'邀'	5826
5760	(1065, 448)	' command'	5827
5761	(481, 274)	' Dis'	5828
5762	(1949, 860)	'罗斯'	5829
5763	(97, 786)	'ault'	5830
5764	(956, 767)	'民主'	5831
5765	(278, 99)	'esc'	5832
5766	(286, 281)	'aling'	5833
5767	(282, 2776)	' mental'	5834
5768	(2906, 3628)	' crazy'	5835
5769	(276, 391)	' boo'	5836
5770	(279, 681)	' fans'	5837
5771	(588, 623)	'来说'	5838
5772	(4758, 961)	'ography'	5839
5773	(2480, 280)	' prior'	5840
5774	(3423, 139)	'構'	5841
5775	(423, 168)	'巨'	5842
5776	(436, 179)	'劳'	5843
5777	(4690, 1015)	'植物'	5844
5778	(843, 171)	'畫'	5845
5779	(927, 168)	'恨'	5846
5780	(1314, 165)	'桥'	5847
5781	(279, 1851)	' final'	5848
5782	(919, 1814)	'语言'	5849
5783	(834, 99)	'duc'	5850
5784	(396, 532)	'ilies'	5851
5785	(283, 462)	' pun'	5852
5786	(1600, 1632)	'接受'	5853
5787	(322, 2038)	' release'	5854
5788	(514, 144)	'歐'	5855
5789	(964, 182)	'延'	5856
5790	(1152, 968)	'当然'	5857
5791	(1058, 759)	'无法'	5858
5792	(1063, 1015)	'动物'	5859
5793	(707, 162)	'财'	5860
5794	(323, 3449)	'entially'	5861
5795	(813, 3633)	' unique'	5862
5796	(2215, 1529)	' basically'	5863
5797	(1698, 1099)	'每次'	5864
5798	(2832, 313)	' clearly'	5865
5799	(591, 385)	'会有'	5866
5800	(504, 1470)	'国内'	5867
5801	(288, 265)	' der'	5868
5802	(2732, 1351)	' international'	5869
5803	(1145, 136)	'烈'	5870
5804	(450, 1135)	'ribe'	5871
5805	(990, 790)	'开心'	5872
5806	(78, 327)	'Now'	5873
5807	(365, 2030)	'人类'	5874
5808	(505, 151)	'弗'	5875
5809	(1483, 178)	'網'	5876
5810	(453, 311)	' doll'	5877
5811	(87, 1695)	'Where'	5878
5812	(335, 101)	'see'	5879
5813	(99, 396)	'cil'	5880
5814	(2163, 629)	'那么多'	5881
5815	(1527, 115)	' forms'	5882
5816	(2532, 1909)	'简单'	5883
5817	(1416, 157)	'條'	5884
5818	(108, 115)	'ls'	5885
5819	(418, 1111)	' moving'	5886
5820	(121, 109)	'ym'	5887
5821	(487, 1739)	'2014'	5888
5822	(428, 698)	' notice'	5889
5823	(2070, 137)	'應'	5890
5824	(461, 137)	'沉'	5891
5825	(194, 176)	'°'	5892
5826	(305, 177)	'朱'	5893
5827	(52, 56)	'48'	5894
5828	(598, 265)	'ager'	5895
5829	(490, 319)	' vot'	5896
5830	(1105, 129)	'禁'	5897
5831	(368, 509)	' Spe'	5898
5832	(2168, 556)	'晚上'	5899
5833	(783, 4231)	' context'	5900
5834	(737, 166)	'符'	5901
5835	(2975, 3268)	' received'	5902
5836	(105, 485)	'ios'	5903
5837	(576, 265)	'aker'	5904
5838	(256, 4623)	' touch'	5905
5839	(2892, 1458)	' limited'	5906
5840	(359, 772)	'不用'	5907
5841	(2797, 997)	' Christian'	5908
5842	(103, 117)	'gu'	5909
5843	(363, 740)	' stru'	5910
5844	(1047, 1448)	'因此'	5911
5845	(2440, 142)	'獎'	5912
5846	(624, 135)	'則'	5913
5847	(536, 155)	'盛'	5914
5848	(781, 2816)	'最大的'	5915
5849	(2731, 653)	' Black'	5916
5850	(371, 162)	'既'	5917
5851	(2910, 1283)	'职业'	5918
5852	(1762, 1801)	' larger'	5919
5853	(467, 277)	'uman'	5920
5854	(481, 742)	" Don't"	5921
5855	(294, 2838)	'的东西'	5922
5856	(1067, 3275)	'世纪'	5923
5857	(1030, 55)	' 197'	5924
5858	(411, 437)	'ulate'	5925
5859	(283, 330)	' pet'	5926
5860	(4731, 1135)	'Maybe'	5927
5861	(1416, 129)	'梁'	5928
5862	(2554, 313)	' certainly'	5929
5863	(2827, 287)	' expected'	5930
5864	(2640, 169)	'薩'	5931
5865	(2159, 2159)	'妈妈'	5932
5866	(1466, 2895)	' Although'	5933
5867	(1619, 134)	'豆'	5934
5868	(535, 287)	' Red'	5935
5869	(3280, 2308)	'永远'	5936
5870	(558, 137)	'泉'	5937
5871	(825, 319)	' spot'	5939
5872	(572, 622)	'cious'	5940
5873	(1890, 303)	' autom'	5941
5874	(2768, 553)	' board'	5942
5875	(294, 3294)	'的地方'	5943
5876	(2052, 157)	'藝'	5944
5877	(5085, 265)	' earlier'	5945
5878	(387, 519)	' City'	5946
5879	(279, 892)	' file'	5947
5880	(620, 1539)	'自治'	5948
5881	(1221, 154)	'虚'	5949
5882	(306, 814)	'lection'	5950
5883	(490, 1076)	' vict'	5951
5884	(490, 115)	' vs'	5952
5885	(3387, 1617)	' scientists'	5953
5886	(282, 2807)	' magn'	5954
5887	(76, 101)	'Le'	5955
5888	(536, 150)	'盖'	5956
5889	(487, 1394)	'2011'	5957
5890	(72, 65)	'HA'	5958
5891	(295, 269)	' thou'	5959
5892	(98, 1807)	'box'	5960
5893	(1500, 377)	'死了'	5961
5894	(281, 265)	'inger'	5962
5895	(4183, 188)	'鬼'	5963
5896	(941, 941)	'——'	5964
5897	(331, 3519)	' items'	5965
5898	(534, 153)	'忙'	5966
5899	(655, 171)	'倫'	5967
5900	(309, 378)	' nation'	5968
5901	(1196, 4650)	' independ'	5969
5902	(5489, 372)	'cohol'	5970
5903	(3307, 121)	' copy'	5971
5904	(677, 571)	'还要'	5972
5905	(487, 682)	'2019'	5973
5906	(1875, 48)	' 90'	5974
5907	(322, 509)	' repe'	5975
5908	(2527, 351)	' broad'	5976
5909	(380, 744)	' whose'	5977
5910	(322, 858)	' reach'	5978
5911	(4938, 1146)	' integr'	5979
5912	(808, 743)	'英國'	5980
5913	(505, 132)	'弄'	5981
5914	(45, 48)	'-0'	5982
5915	(784, 147)	'谓'	5983
5916	(979, 1447)	'明白'	5984
5917	(4811, 313)	' absolutely'	5985
5918	(2830, 1181)	'铁路'	5986
5919	(347, 4531)	' forgot'	5987
5920	(4143, 330)	' sweet'	5988
5921	(1587, 108)	' transl'	5989
5922	(5098, 437)	'ropriate'	5990
5923	(45, 259)	'-in'	5991
5924	(429, 327)	' row'	5992
5925	(114, 610)	'round'	5993
5926	(2532, 1509)	'简称'	5994
5927	(309, 2401)	' north'	5995
5928	(3710, 287)	' mentioned'	5996
5929	(4255, 349)	'唯一'	5997
5930	(368, 360)	' Sch'	5998
5931	(421, 814)	' section'	5999
5932	(194, 160)	'\xa0'	6000
5933	(1219, 174)	'键'	6001
5934	(707, 180)	'贴'	6002
5935	(3796, 1313)	' negative'	6003
5936	(662, 1321)	'时期'	6005
5937	(277, 1486)	'ancy'	6006
5938	(526, 148)	'途'	6007
5939	(266, 176)	'丰'	6008
5940	(2503, 5278)	'组织'	6009
5941	(3297, 452)	'levant'	6010
5942	(884, 2904)	'高速'	6012
5943	(4363, 312)	' achieve'	6013
5944	(1708, 681)	' humans'	6014
5945	(399, 412)	'我在'	6015
5946	(3333, 277)	' European'	6016
5947	(109, 3528)	'mission'	6017
5948	(414, 182)	'帶'	6018
5949	(817, 1672)	'分布'	6019
5950	(902, 181)	'侵'	6020
5951	(553, 275)	'arden'	6021
5952	(836, 1289)	' 2012'	6022
5953	(98, 287)	'bed'	6023
5954	(4031, 3627)	' software'	6024
5955	(419, 1043)	' convers'	6025
5956	(574, 335)	'These'	6026
5957	(700, 166)	'辦'	6027
5958	(315, 101)	' ye'	6028
5959	(276, 327)	' bow'	6029
5960	(105, 855)	'ience'	6030
5961	(2751, 336)	' paid'	6031
5962	(363, 1287)	' stock'	6032
5963	(3498, 265)	' Center'	6033
5964	(387, 1002)	' Cons'	6034
5965	(778, 49)	' 21'	6035
5966	(481, 336)	' Did'	6036
5967	(385, 294)	'有的'	6037
5968	(1951, 154)	'據'	6038
5969	(109, 302)	'mas'	6039
5970	(916, 324)	'而是'	6040
5971	(686, 603)	'学家'	6041
5972	(366, 484)	' Ant'	6042
5973	(538, 138)	'遊'	6043
5974	(2844, 278)	' trees'	6044
5975	(2185, 313)	'arently'	6045
5976	(773, 294)	'行的'	6046
5977	(1374, 156)	'娜'	6047
5978	(1809, 265)	' refer'	6048
5979	(57, 57)	'99'	6049
5980	(727, 75)	' UK'	6050
5981	(4246, 3476)	'继续'	6051
5982	(105, 275)	'ien'	6052
5983	(111, 45)	'o-'	6053
5984	(282, 402)	' mill'	6054
5985	(4484, 2974)	' document'	6055
5986	(709, 5573)	' manufact'	6056
5987	(387, 280)	' Cor'	6057
5988	(616, 152)	'折'	6058
5989	(353, 281)	'aming'	6059
5990	(316, 148)	'叔'	6060
5991	(715, 185)	'培'	6061
5992	(444, 629)	'大多'	6062
5993	(4952, 1915)	'估计'	6063
5994	(409, 1770)	' Many'	6064
5995	(2482, 1378)	' veget'	6065
5996	(883, 433)	' trust'	6066
5997	(14034, 2478)	' challeng'	6067
5998	(2738, 314)	' forest'	6068
5999	(264, 663)	' snow'	6069
6000	(107, 663)	'know'	6070
6001	(838, 372)	'ocol'	6071
6002	(1326, 2788)	'建议'	6072
6003	(434, 83)	' PS'	6073
6004	(856, 145)	'姑'	6074
6005	(3341, 821)	'著名'	6075
6006	(1177, 294)	'她的'	6076
6007	(3387, 1160)	' scientific'	6077
6008	(2367, 137)	'醉'	6078
6009	(260, 278)	'rees'	6079
6010	(748, 162)	'探'	6080
6011	(777, 112)	' disp'	6081
6012	(1411, 4293)	' carbon'	6082
6013	(2972, 150)	'論'	6083
6014	(1945, 115)	' foods'	6084
6015	(368, 84)	' ST'	6085
6016	(2465, 401)	' winter'	6086
6017	(560, 164)	'赤'	6087
6018	(777, 2068)	' disapp'	6088
6019	(117, 959)	'under'	6089
6020	(1190, 807)	'州市'	6090
6021	(1800, 1027)	'曾经'	6091
6022	(1079, 617)	'男子'	6092
6023	(309, 1679)	' names'	6093
6024	(626, 641)	'也没'	6094
6025	(53, 53)	'55'	6095
6026	(765, 973)	'那种'	6096
6027	(487, 487)	'2020'	6097
6028	(409, 114)	' Mr'	6098
6029	(114, 437)	'rate'	6099
6030	(427, 2125)	' device'	6100
6031	(264, 2177)	' south'	6101
6032	(100, 334)	'dro'	6102
6033	(554, 166)	'敦'	6103
6034	(366, 99)	' Ac'	6104
6035	(1431, 1312)	' produced'	6105
6036	(564, 1442)	' allows'	6106
6037	(384, 2208)	'ifying'	6107
6038	(783, 1456)	' contract'	6108
6039	(1521, 281)	' developing'	6109
6040	(383, 146)	'徒'	6110
6041	(526, 163)	'連'	6111
6042	(79, 87)	'OW'	6112
6043	(534, 134)	'忆'	6114
6044	(368, 4649)	' Science'	6115
6045	(710, 3978)	' anymore'	6116
6046	(535, 1306)	' Rec'	6117
6047	(433, 498)	'ustain'	6118
6048	(108, 280)	'lor'	6119
6049	(3916, 303)	' bottom'	6120
6050	(272, 120)	' ox'	6121
6051	(428, 101)	' note'	6122
6052	(1320, 163)	'荣'	6123
6053	(119, 376)	'with'	6124
6054	(3573, 3513)	'负责'	6125
6055	(385, 629)	'有多'	6126
6056	(309, 4069)	' named'	6127
6057	(929, 130)	'漂'	6128
6058	(623, 1161)	'说话'	6129
6059	(608, 265)	' user'	6130
6060	(2566, 278)	' miles'	6131
6061	(121, 112)	'yp'	6132
6062	(269, 738)	'ouble'	6133
6063	(112, 336)	'pid'	6134
6064	(2275, 997)	' Indian'	6135
6065	(464, 265)	' Her'	6136
6066	(321, 5377)	' beyond'	6137
6067	(1195, 177)	'脱'	6138
6068	(2972, 190)	'諾'	6139
6069	(76, 69)	'LE'	6140
6070	(3922, 837)	' primary'	6141
6071	(1316, 108)	' decl'	6142
6072	(2716, 552)	' effort'	6143
6073	(115, 278)	'ses'	6144
6074	(2667, 115)	' costs'	6145
6075	(4445, 313)	' extremely'	6146
6076	(825, 546)	' spend'	6147
6077	(772, 294)	'用的'	6148
6078	(1505, 115)	'airs'	6149
6079	(393, 291)	' wear'	6150
6080	(385, 3288)	'有限'	6152
6081	(3721, 2407)	' teachers'	6153
6082	(354, 191)	'宿'	6154
6083	(3510, 982)	' religious'	6155
6084	(916, 1361)	'而已'	6156
6085	(382, 532)	'uries'	6157
6086	(1929, 1589)	' solution'	6158
6087	(1515, 1485)	' wrote'	6159
6088	(357, 164)	'尤'	6160
6089	(877, 183)	'穷'	6161
6090	(4017, 5736)	' California'	6162
6091	(457, 1013)	' commer'	6163
6092	(1140, 2372)	' seriously'	6164
6093	(781, 884)	'最高'	6165
6094	(414, 149)	'帕'	6166
6095	(301, 111)	'ico'	6167
6096	(790, 683)	'心里'	6168
6097	(815, 571)	'想要'	6169
6098	(1266, 287)	'lied'	6170
6099	(815, 611)	'想到'	6171
6100	(1929, 336)	' solid'	6172
6101	(750, 182)	'阶'	6173
6102	(395, 98)	'rab'	6174
6103	(1088, 504)	'全国'	6175
6104	(388, 1382)	' aspect'	6176
6105	(1874, 265)	' smaller'	6177
6106	(1227, 399)	'让我'	6178
6107	(530, 591)	'就会'	6179
6108	(499, 143)	'减'	6180
6109	(366, 1982)	' Aug'	6181
6110	(275, 426)	'enge'	6182
6111	(2373, 1486)	'gency'	6183
6112	(2437, 2271)	' capital'	6184
6113	(322, 312)	' reve'	6185
6114	(726, 780)	'过去'	6186
6115	(53, 680)	'500'	6187
6116	(1928, 2026)	' patient'	6188
6117	(4772, 940)	' memory'	6189
6118	(2684, 1542)	b'\n                '	6190
6119	(3818, 115)	' tools'	6191
6120	(383, 144)	'徐'	6192
6121	(604, 189)	'陽'	6193
6122	(726, 294)	'过的'	6194
6123	(2915, 119)	'www'	6195
6124	(1268, 724)	' cheap'	6196
6125	(440, 307)	'ession'	6197
6126	(501, 147)	'库'	6198
6127	(288, 117)	' du'	6199
6128	(283, 327)	' pow'	6200
6129	(1293, 313)	' supply'	6201
6130	(3328, 144)	'餐'	6202
6131	(2649, 1053)	'决定'	6203
6132	(303, 121)	'omy'	6204
6133	(105, 509)	'ipe'	6205
6134	(273, 567)	' cast'	6206
6135	(4441, 607)	' ensure'	6207
6136	(300, 5245)	' length'	6208
6137	(276, 751)	' breat'	6209
6138	(785, 588)	'本来'	6210
6139	(114, 703)	'rated'	6211
6140	(322, 3361)	' reference'	6212
6141	(387, 640)	' Cong'	6213
6142	(1651, 175)	'譯'	6214
6143	(1221, 142)	'虎'	6215
6144	(66, 121)	'By'	6216
6145	(1911, 116)	' Art'	6217
6146	(338, 150)	'圖'	6218
6147	(3641, 5213)	' destroy'	6219
6148	(232, 172)	b'\xe8\xac'	6220
6149	(1588, 792)	' glass'	6221
6150	(487, 680)	'2000'	6222
6151	(3846, 343)	' okay'	6223
6152	(326, 2560)	" you've"	6224
6153	(2648, 109)	' film'	6225
6154	(288, 2488)	' dream'	6226
6155	(2051, 185)	'犹'	6227
6156	(1953, 2602)	'服务'	6228
6157	(3879, 1445)	'控制'	6229
6158	(1201, 130)	'狂'	6230
6159	(1827, 265)	' center'	6231
6160	(775, 662)	'小时'	6233
6161	(416, 180)	'伴'	6234
6162	(490, 270)	' vit'	6235
6163	(1155, 504)	'德国'	6236
6164	(1592, 3187)	' expensive'	6237
6165	(550, 597)	' worry'	6238
6166	(601, 155)	'愛'	6239
6167	(4207, 141)	'融'	6240
6168	(279, 621)	' fear'	6241
6169	(1997, 442)	' leaders'	6242
6170	(523, 960)	' First'	6243
6171	(741, 377)	'成了'	6244
6172	(483, 152)	'秘'	6245
6173	(2598, 452)	' advant'	6246
6174	(483, 166)	'秦'	6247
6175	(1809, 1247)	' reflect'	6248
6176	(770, 160)	'池'	6249
6177	(1852, 191)	'腿'	6250
6178	(276, 1269)	' burn'	6251
6179	(65, 102)	'Af'	6252
6180	(704, 450)	' arri'	6253
6181	(276, 2254)	' bacter'	6254
6182	(2260, 1438)	'医院'	6255
6183	(1027, 2114)	'经历'	6256
6184	(808, 963)	'英文'	6257
6185	(795, 174)	'轮'	6258
6186	(2586, 4514)	'必须'	6259
6187	(3024, 1900)	'电视剧'	6260
6188	(816, 145)	'筑'	6261
6189	(79, 80)	'OP'	6262
6190	(1270, 588)	'原来'	6263
6191	(389, 3258)	' habit'	6264
6192	(319, 97)	'ota'	6265
6193	(716, 588)	'下来'	6266
6194	(2525, 981)	'注意'	6267
6195	(345, 286)	'imal'	6268
6196	(2741, 519)	' majority'	6269
6197	(734, 485)	' clos'	6270
6198	(5139, 1829)	'簡稱'	6271
6199	(525, 186)	'寺'	6272
6200	(385, 455)	'有个'	6273
6201	(1808, 48)	' 80'	6275
6202	(862, 183)	'喷'	6276
6203	(324, 455)	'是个'	6277
6204	(381, 183)	'卷'	6278
6205	(601, 129)	'愁'	6279
6206	(438, 591)	'你会'	6280
6207	(1554, 1601)	' realize'	6281
6208	(2989, 115)	' girls'	6282
6209	(759, 504)	'法国'	6283
6210	(396, 485)	'ilos'	6284
6211	(1007, 5551)	' Chinese'	6285
6212	(1015, 947)	'物理'	6286
6213	(330, 116)	'ett'	6287
6214	(860, 1004)	'斯特'	6288
6215	(538, 191)	'避'	6289
6216	(276, 411)	' bul'	6290
6217	(427, 98)	' deb'	6291
6218	(324, 1057)	'是中国'	6292
6219	(314, 101)	'ste'	6293
6220	(999, 286)	' Val'	6294
6221	(3993, 1351)	' International'	6295
6222	(3416, 356)	' investig'	6297
6223	(835, 327)	'ellow'	6298
6224	(550, 314)	' worst'	6299
6225	(906, 263)	'ondon'	6300
6226	(14001, 3709)	' becomes'	6301
6227	(1865, 140)	'貌'	6302
6228	(419, 2021)	' concent'	6303
6229	(583, 188)	'拼'	6304
6230	(1934, 281)	'oking'	6305
6231	(481, 343)	' Day'	6306
6232	(369, 4569)	' heavy'	6307
6233	(434, 1159)	' Park'	6308
6234	(1210, 179)	'柳'	6309
6235	(115, 258)	'she'	6310
6236	(1951, 141)	'操'	6311
6237	(1962, 1729)	'快乐'	6312
6238	(708, 278)	'izes'	6313
6239	(2239, 1584)	'角色'	6314
6240	(3538, 982)	' previous'	6315
6241	(974, 142)	'黎'	6316
6242	(276, 3753)	' batter'	6317
6243	(116, 119)	'tw'	6319
6244	(348, 162)	'•'	6320
6245	(525, 187)	'寻'	6321
6246	(3510, 307)	' religion'	6322
6247	(660, 611)	'得到'	6323
6248	(2182, 447)	' finally'	6324
6249	(629, 294)	'多的'	6325
6250	(2000, 156)	'搜'	6326
6251	(297, 462)	' hun'	6327
6252	(1239, 1194)	'身体'	6328
6253	(372, 336)	'olid'	6329
6254	(836, 1091)	' 2010'	6330
6255	(1212, 3078)	' additional'	6331
6256	(1232, 115)	'hens'	6332
6257	(434, 77)	' PM'	6333
6258	(336, 1990)	'idering'	6334
6259	(559, 187)	'妻'	6335
6260	(2122, 128)	'節'	6336
6261	(1136, 175)	'灯'	6337
6262	(273, 740)	' cru'	6338
6263	(266, 145)	'丑'	6339
6264	(269, 112)	'oup'	6340
6265	(499, 161)	'凡'	6342
6266	(2436, 448)	' demand'	6344
6267	(2359, 287)	' learned'	6345
6268	(870, 4404)	' perhaps'	6346
6269	(1027, 1291)	'经常'	6347
6270	(14033, 3162)	' established'	6348
6271	(1221, 145)	'虑'	6349
6272	(359, 670)	'不可'	6350
6273	(592, 184)	'炸'	6351
6274	(560, 171)	'赫'	6352
6275	(2911, 1499)	' pictures'	6353
6276	(337, 142)	'迎'	6354
6277	(306, 2203)	'lebr'	6355
6278	(273, 2192)	' cards'	6356
6279	(409, 1488)	' March'	6357
6280	(1785, 5784)	' families'	6358
6281	(2282, 345)	' estim'	6359
6282	(820, 565)	'很好'	6360
6283	(813, 99)	' unc'	6361
6284	(387, 303)	' Com'	6362
6285	(1929, 291)	' solar'	6363
6286	(1532, 1532)	'!!!!'	6364
6287	(1136, 173)	'灭'	6365
6288	(116, 532)	'ties'	6366
6289	(2031, 116)	' court'	6367
6290	(682, 48)	'190'	6368
6291	(825, 323)	' spent'	6369
6292	(336, 97)	'ida'	6370
6293	(1768, 1280)	'交通'	6371
6294	(2377, 115)	' laws'	6372
6295	(318, 432)	' eth'	6373
6296	(729, 185)	'竹'	6374
6297	(101, 107)	'ek'	6375
6298	(105, 442)	'iers'	6376
6299	(258, 314)	'hest'	6377
6300	(2174, 121)	' fully'	6378
6301	(277, 846)	'anish'	6379
6302	(1041, 98)	' rob'	6380
6303	(3031, 3078)	' traditional'	6381
6304	(368, 345)	' Sim'	6382
6305	(565, 629)	'好多'	6383
6306	(4506, 594)	' machine'	6384
6307	(309, 1605)	' nuc'	6385
6308	(677, 641)	'还没'	6386
6309	(490, 756)	' via'	6387
6310	(767, 1128)	'主教'	6388
6311	(273, 1371)	' catch'	6389
6312	(1294, 1035)	' email'	6390
6313	(1731, 609)	'gypt'	6391
6314	(3170, 829)	' replace'	6392
6315	(4524, 3808)	' Muslim'	6393
6316	(2790, 660)	'值得'	6394
6317	(84, 72)	'TH'	6395
6318	(806, 168)	'風'	6396
6319	(260, 109)	'rem'	6397
6320	(1510, 2649)	'解决'	6398
6321	(649, 170)	'枪'	6399
6322	(487, 1336)	'2018'	6400
6323	(368, 277)	' San'	6401
6324	(3637, 694)	' options'	6402
6325	(705, 829)	' peace'	6403
6326	(3714, 401)	'aughter'	6404
6327	(554, 172)	'敬'	6405
6328	(2011, 132)	'摄'	6406
6329	(54, 53)	'65'	6408
6330	(69, 635)	'Every'	6410
6331	(2985, 738)	' double'	6411
6332	(115, 1382)	'spect'	6412
6333	(276, 555)	' bud'	6413
6334	(413, 3107)	'年轻'	6414
6335	(477, 138)	'變'	6415
6336	(80, 101)	'Pe'	6416
6337	(749, 4218)	' features'	6417
6338	(2496, 1516)	' England'	6418
6339	(14044, 842)	' degree'	6419
6340	(1290, 160)	'珠'	6420
6341	(1828, 396)	'pril'	6421
6342	(623, 377)	'说了'	6422
6343	(418, 1082)	' moved'	6423
6344	(3707, 594)	' determine'	6425
6345	(578, 1083)	'看着'	6426
6346	(1326, 1309)	'建立'	6427
6347	(3229, 5762)	'俄罗斯'	6428
6348	(561, 3624)	' leaves'	6429
6349	(537, 139)	'屋'	6430
6350	(3557, 2672)	' essential'	6431
6351	(107, 97)	'ka'	6432
6352	(1216, 141)	'霍'	6433
6353	(2684, 826)	b'\n            '	6434
6354	(118, 3642)	'ville'	6435
6355	(286, 109)	'alm'	6436
6356	(393, 1492)	' weather'	6437
6357	(5066, 1398)	' released'	6438
6358	(599, 102)	' Of'	6439
6359	(1316, 2943)	' decided'	6440
6360	(1547, 402)	' skill'	6441
6361	(689, 1229)	'地球'	6442
6362	(1115, 532)	'ologies'	6443
6363	(535, 330)	' Ret'	6444
6364	(301, 411)	'icul'	6445
6365	(2638, 281)	'ipping'	6446
6366	(1899, 378)	' location'	6447
6367	(464, 1417)	' Have'	6448
6368	(359, 1531)	'不喜欢'	6449
6369	(1805, 698)	' police'	6450
6370	(505, 181)	'張'	6451
6371	(411, 102)	'ulf'	6452
6372	(14032, 103)	' drug'	6453
6373	(4845, 1170)	' exercise'	6454
6374	(383, 189)	'徽'	6455
6375	(259, 329)	'inct'	6456
6376	(276, 448)	' band'	6457
6377	(599, 329)	' Oct'	6458
6378	(1774, 14075)	' characters'	6459
6379	(1180, 588)	'回来'	6460
6380	(537, 134)	'屆'	6461
6381	(453, 280)	' door'	6462
6382	(3064, 2394)	'艺术'	6463
6383	(1095, 1018)	'水平'	6464
6384	(883, 4521)	' truth'	6465
6385	(309, 280)	' nor'	6466
6386	(324, 1690)	'是因为'	6467
6387	(1940, 182)	'茶'	6468
6388	(1339, 3176)	' assume'	6469
6389	(359, 702)	'不如'	6470
6390	(460, 597)	'istry'	6471
6391	(4237, 1181)	'鐵路'	6472
6392	(377, 1046)	'了吗'	6473
6393	(2638, 287)	'ipped'	6474
6394	(836, 1394)	' 2011'	6475
6395	(1172, 1017)	'爱情'	6476
6396	(52, 55)	'47'	6477
6397	(3567, 644)	'which'	6478
6398	(2800, 174)	'潮'	6479
6399	(2694, 948)	' property'	6480
6400	(317, 129)	'仁'	6481
6401	(1635, 1657)	'尼亚'	6482
6402	(276, 1222)	' bank'	6483
6403	(1203, 609)	' kept'	6484
6404	(579, 185)	'闹'	6485
6405	(825, 5143)	' spirit'	6486
6406	(485, 104)	'osh'	6487
6407	(382, 847)	'urance'	6488
6408	(14052, 2016)	' immediately'	6489
6409	(1754, 681)	' Americans'	6490
6410	(764, 291)	' compar'	6491
6411	(259, 437)	'inate'	6492
6412	(1185, 821)	'又名'	6493
6413	(351, 281)	'ading'	6494
6414	(276, 3711)	' battle'	6495
6415	(270, 401)	'itter'	6496
6416	(805, 146)	'舒'	6497
6417	(318, 99)	' ec'	6498
6418	(391, 112)	'oop'	6499
6419	(1997, 281)	' leading'	6500
6420	(476, 2782)	' jump'	6501
6421	(1419, 767)	'题主'	6502
6422	(664, 180)	'琴'	6503
6423	(844, 5569)	' Institute'	6504
6424	(1405, 270)	' instit'	6505
6425	(477, 173)	'训'	6507
6426	(5374, 278)	'abetes'	6508
6427	(592, 174)	'炮'	6509
6428	(526, 144)	'逐'	6510
6429	(3542, 989)	' eventually'	6511
6430	(83, 101)	'Se'	6512
6431	(511, 163)	'臣'	6513
6432	(2693, 1420)	'委员'	6514
6433	(598, 115)	'ags'	6515
6434	(2719, 1540)	'精神'	6516
6435	(342, 180)	'戴'	6517
6436	(5547, 708)	' citiz'	6518
6437	(364, 152)	'甘'	6519
6438	(1145, 167)	'烧'	6520
6439	(1861, 3514)	' requires'	6521
6440	(1261, 1456)	' attract'	6522
6441	(3180, 814)	' collection'	6523
6442	(112, 2077)	'pret'	6524
6443	(2603, 656)	'Also'	6525
6444	(359, 3199)	'不懂'	6526
6445	(920, 567)	' coast'	6527
6446	(531, 330)	' Net'	6528
6447	(464, 1069)	' High'	6529
6448	(256, 345)	' tim'	6530
6449	(1715, 1026)	' detect'	6531
6450	(908, 549)	' overall'	6532
6451	(2294, 166)	'麦'	6533
6452	(310, 140)	'昌'	6534
6453	(349, 1359)	'一個'	6535
6454	(1206, 603)	'學家'	6536
6455	(366, 2368)	' Add'	6537
6456	(5716, 3446)	' welcome'	6538
6457	(349, 693)	'一天'	6539
6458	(1307, 699)	'关于'	6540
6459	(46, 4288)	'.org'	6541
6460	(724, 401)	'apter'	6542
6461	(45, 314)	'-st'	6543
6462	(1101, 1632)	'感受'	6544
6463	(704, 109)	' arm'	6545
6464	(2813, 281)	' waiting'	6546
6465	(1243, 143)	'描'	6547
6466	(3195, 287)	' followed'	6548
6467	(279, 5240)	' fresh'	6549
6468	(421, 5041)	' severe'	6550
6469	(838, 114)	'ocr'	6551
6470	(685, 158)	'洞'	6552
6471	(386, 136)	'奈'	6553
6472	(558, 155)	'泛'	6554
6473	(116, 697)	'time'	6555
6474	(3659, 4639)	' terrible'	6556
6475	(796, 789)	'对方'	6557
6476	(482, 683)	'这里'	6558
6477	(294, 565)	'的好'	6559
6478	(490, 402)	' vill'	6560
6479	(523, 473)	' From'	6561
6480	(536, 145)	'监'	6562
6481	(869, 154)	'聚'	6563
6482	(290, 191)	'亿'	6564
6483	(435, 4549)	' sugar'	6565
6484	(655, 145)	'們'	6566
6485	(648, 3149)	' June'	6567
6486	(445, 2864)	' shape'	6568
6487	(1475, 324)	'总是'	6569
6488	(264, 845)	' sick'	6570
6489	(559, 135)	'妇'	6571
6490	(80, 104)	'Ph'	6572
6491	(102, 891)	'ford'	6573
6492	(1706, 103)	' Reg'	6574
6493	(14026, 259)	' protein'	6575
6494	(108, 356)	'lig'	6576
6495	(2344, 278)	' sites'	6577
6496	(1558, 397)	"He's"	6578
6497	(429, 644)	' rich'	6579
6498	(83, 65)	'SA'	6580
6499	(119, 569)	'wood'	6581
6500	(102, 1975)	'field'	6582
6501	(3233, 280)	' labor'	6583
6502	(3706, 1166)	'适合'	6584
6503	(1853, 97)	'anna'	6585
6504	(623, 979)	'说明'	6586
6505	(5162, 121)	' County'	6587
6506	(114, 351)	'rad'	6588
6507	(714, 405)	' adop'	6589
6508	(1277, 1335)	'二十'	6590
6509	(1074, 378)	'formation'	6591
6510	(1827, 2110)	' central'	6592
6511	(411, 97)	'ula'	6593
6512	(1116, 260)	' Here'	6594
6513	(1587, 2802)	' transport'	6595
6514	(382, 100)	'urd'	6596
6515	(1314, 131)	'桃'	6597
6516	(1384, 1063)	'活动'	6598
6517	(1860, 1736)	' values'	6599
6518	(1614, 152)	'缘'	6600
6519	(684, 780)	'出去'	6601
6520	(1634, 2944)	'四川'	6602
6521	(522, 5783)	' Educ'	6603
6522	(98, 260)	'bre'	6604
6523	(4699, 756)	' Australia'	6605
6524	(718, 173)	'郭'	6606
6525	(4597, 287)	' described'	6607
6526	(817, 1073)	'分手'	6608
6527	(810, 145)	'挑'	6609
6528	(121, 101)	'ye'	6610
6529	(3451, 733)	' critical'	6611
6530	(748, 140)	'掌'	6612
6531	(4201, 1931)	'坚持'	6613
6532	(4714, 270)	' credit'	6614
6533	(604, 181)	'陵'	6615
6534	(286, 287)	'aled'	6616
6535	(478, 845)	' kick'	6617
6536	(3889, 144)	'齐'	6618
6537	(14026, 814)	' protection'	6619
6538	(288, 866)	' dire'	6620
6539	(608, 442)	' users'	6621
6540	(740, 609)	'rupt'	6622
6541	(673, 1880)	' images'	6623
6542	(2715, 287)	' freed'	6624
6543	(104, 1792)	'house'	6625
6544	(836, 1713)	' 2013'	6626
6545	(2068, 121)	'appy'	6627
6546	(5248, 5307)	' January'	6628
6547	(363, 2839)	' stories'	6629
6548	(5175, 432)	' strength'	6630
6549	(3186, 157)	'蓝'	6631
6550	(114, 615)	'rough'	6632
6551	(1640, 168)	'墨'	6633
6552	(1538, 135)	'症'	6634
6553	(1276, 3363)	'系統'	6635
6554	(119, 895)	'water'	6636
6555	(107, 259)	'kin'	6637
6556	(80, 260)	'Pre'	6638
6557	(1996, 287)	' showed'	6639
6558	(585, 294)	'生的'	6640
6559	(718, 142)	'郎'	6641
6560	(3124, 270)	' benefit'	6642
6561	(333, 188)	'兼'	6643
6562	(1192, 498)	' remain'	6644
6563	(657, 275)	'ogen'	6645
6564	(1316, 260)	' decre'	6646
6565	(851, 144)	'隐'	6647
6566	(745, 191)	'替'	6648
6567	(108, 97)	'la'	6649
6568	(1535, 944)	'河南'	6650
6569	(39, 109)	"'m"	6651
6570	(1406, 336)	' acid'	6652
6571	(481, 278)	' Des'	6653
6572	(850, 301)	'ffic'	6654
6573	(429, 1096)	' rates'	6655
6574	(393, 576)	' weak'	6656
6575	(1494, 128)	'检'	6657
6576	(1804, 2682)	'认识'	6658
6577	(558, 189)	'泽'	6659
6578	(4079, 1076)	' predict'	6660
6579	(45, 1204)	'-up'	6661
6580	(746, 4305)	' otherwise'	6662
6581	(73, 109)	'Im'	6663
6582	(270, 274)	'itis'	6664
6583	(83, 84)	'ST'	6665
6584	(936, 698)	' office'	6666
6585	(787, 99)	' prec'	6667
6586	(521, 115)	'ours'	6668
6587	(3721, 403)	' teacher'	6669
6588	(393, 98)	' web'	6670
6589	(435, 2162)	' summ'	6671
6590	(1973, 570)	' frame'	6672
6591	(1116, 397)	" He's"	6673
6592	(461, 131)	'沃'	6674
6593	(816, 190)	'签'	6675
6594	(396, 281)	'iling'	6676
6595	(14035, 97)	' Africa'	6677
6596	(992, 1533)	' scale'	6678
6597	(725, 1181)	'公路'	6679
6598	(842, 107)	'reek'	6680
6599	(3145, 1953)	'衣服'	6681
6600	(355, 145)	'刑'	6682
6601	(718, 145)	'郑'	6683
6602	(1141, 1161)	'电话'	6684
6603	(465, 281)	'pping'	6685
6604	(232, 159)	b'\xe8\x9f'	6686
6605	(1188, 361)	' race'	6687
6606	(347, 1013)	' former'	6688
6607	(270, 754)	'itable'	6689
6608	(341, 144)	'吐'	6690
6609	(5266, 2966)	'iciency'	6691
6610	(1071, 294)	'性的'	6692
6611	(554, 143)	'敏'	6693
6612	(2890, 385)	'具有'	6694
6613	(259, 110)	'inn'	6695
6614	(2975, 513)	' receive'	6696
6615	(363, 691)	' stage'	6697
6616	(411, 703)	'ulated'	6698
6617	(1084, 152)	'記'	6699
6618	(1223, 169)	'岩'	6700
6619	(54, 52)	'64'	6701
6620	(402, 121)	'illy'	6702
6621	(444, 2589)	'大部分'	6703
6622	(420, 142)	'扎'	6704
6623	(14032, 3026)	' drugs'	6705
6624	(1680, 170)	'質'	6706
6625	(66, 108)	'Bl'	6707
6626	(427, 14025)	' devices'	6708
6627	(835, 356)	'ellig'	6709
6628	(259, 703)	'inated'	6710
6629	(624, 145)	'剑'	6711
6630	(701, 858)	' teach'	6712
6631	(367, 187)	'幻'	6713
6632	(817, 4946)	'分佈'	6714
6633	(457, 4762)	' comfort'	6715
6634	(72, 1417)	'Have'	6716
6635	(950, 165)	'肥'	6717
6636	(1140, 358)	' server'	6718
6637	(67, 67)	'CC'	6719
6638	(45, 51)	'-3'	6720
6639	(264, 448)	' sand'	6721
6640	(99, 403)	'cher'	6722
6641	(865, 171)	'紫'	6723
6642	(535, 2771)	' River'	6724
6643	(734, 319)	' clot'	6725
6644	(701, 3852)	' teaching'	6726
6645	(361, 3071)	'cember'	6727
6646	(288, 845)	' dick'	6728
6647	(2295, 281)	' missing'	6729
6648	(105, 106)	'ij'	6730
6649	(4560, 4492)	' Department'	6731
6650	(463, 2186)	' Who'	6732
6651	(77, 695)	'Most'	6733
6652	(580, 412)	'都在'	6734
6653	(1358, 116)	' obt'	6735
6654	(4086, 1325)	' elements'	6736
6655	(1081, 135)	'勇'	6737
6656	(381, 148)	'協'	6738
6657	(1981, 1304)	' communities'	6739
6658	(2599, 2241)	'领导'	6740
6659	(1162, 114)	'ibr'	6741
6660	(14038, 2341)	' surprised'	6742
6661	(282, 265)	' mer'	6743
6662	(320, 149)	'夕'	6744
6663	(499, 164)	'凤'	6745
6664	(525, 171)	'寫'	6746
6665	(1254, 962)	" You're"	6747
6666	(836, 1739)	' 2014'	6748
6667	(1811, 173)	'頭'	6749
6668	(1192, 985)	' remove'	6750
6669	(435, 404)	' suck'	6751
6670	(342, 178)	'戲'	6752
6671	(45, 2274)	'-to'	6753
6672	(3913, 378)	' application'	6754
6673	(355, 160)	'删'	6755
6674	(912, 141)	'認'	6756
6675	(1780, 947)	'处理'	6757
6676	(3360, 4024)	'警察'	6758
6677	(2202, 1178)	'请问'	6760
6678	(581, 532)	'odies'	6761
6679	(291, 401)	'arter'	6762
6680	(109, 330)	'met'	6763
6681	(14046, 519)	' opportunity'	6764
6682	(285, 4028)	' ancient'	6765
6683	(277, 360)	'anch'	6766
6684	(226, 130)	b'\xe2\x82'	6767
6685	(2141, 944)	'湖南'	6768
6686	(1078, 2194)	'科技'	6769
6687	(616, 147)	'抓'	6770
6688	(5231, 1082)	' removed'	6771
6689	(1852, 190)	'腾'	6772
6690	(1365, 2269)	'是一種'	6773
6691	(716, 780)	'下去'	6774
6692	(61, 61)	'=='	6775
6693	(767, 4351)	'主席'	6776
6694	(649, 144)	'析'	6778
6695	(475, 1082)	' lived'	6779
6696	(416, 159)	'伟'	6780
6697	(32, 2023)	' iron'	6781
6698	(5682, 3782)	' demonstr'	6782
6699	(1078, 294)	'科的'	6783
6700	(458, 109)	' atm'	6784
6701	(1425, 115)	' feels'	6785
6702	(232, 149)	b'\xe8\x95'	6786
6703	(981, 1932)	'意义'	6787
6704	(2655, 159)	'濟'	6788
6705	(693, 693)	'天天'	6789
6706	(277, 105)	'ani'	6790
6707	(2706, 1110)	' graph'	6791
6708	(357, 152)	'尘'	6792
6709	(490, 4458)	' vacc'	6793
6710	(542, 891)	' Lord'	6794
6711	(2892, 270)	' limit'	6795
6712	(1380, 115)	'isms'	6796
6713	(264, 667)	' spl'	6797
6714	(355, 183)	'刷'	6798
6715	(14013, 1946)	' diseases'	6799
6716	(302, 307)	'asion'	6800
6717	(1180, 603)	'回家'	6801
6718	(5488, 1341)	'甚至'	6802
6719	(294, 359)	'的不'	6803
6720	(2216, 2860)	'根据'	6805
6721	(1727, 57)	' 2009'	6806
6722	(2182, 5705)	' financial'	6807
6723	(4347, 6277)	' celebr'	6808
6724	(4261, 855)	' influence'	6809
6725	(52, 52)	'44'	6811
6726	(344, 86)	' TV'	6812
6727	(1648, 286)	' eval'	6813
6728	(741, 923)	'成為'	6814
6729	(395, 119)	'raw'	6815
6730	(1913, 175)	'魯'	6816
6731	(1090, 327)	' throw'	6817
6732	(1092, 397)	" she's"	6818
6733	(434, 267)	' Pat'	6819
6734	(300, 1287)	' lock'	6820
6735	(438, 530)	'你就'	6821
6736	(848, 448)	' grand'	6822
6737	(734, 259)	' clin'	6823
6738	(632, 281)	' willing'	6824
6739	(102, 1661)	'friend'	6825
6740	(105, 449)	'iest'	6826
6741	(1299, 3847)	' download'	6827
6742	(322, 98)	' reb'	6828
6743	(283, 1159)	' park'	6829
6744	(287, 756)	'edia'	6830
6745	(6109, 433)	' August'	6831
6746	(2497, 278)	'iques'	6832
6747	(547, 175)	'惯'	6833
6748	(1899, 703)	' located'	6834
6749	(1424, 259)	'efin'	6835
6750	(321, 103)	' beg'	6836
6751	(496, 5902)	' alcohol'	6837
6752	(2437, 636)	' capac'	6838
6753	(2473, 1529)	' typically'	6839
6754	(645, 189)	'爽'	6840
6755	(461, 191)	'沿'	6841
6756	(3544, 892)	'While'	6842
6757	(910, 5922)	' appropriate'	6843
6758	(2629, 112)	' hyp'	6844
6759	(1128, 4895)	'教授'	6845
6760	(1745, 546)	' depend'	6846
6761	(548, 771)	' plays'	6847
6762	(1569, 1200)	'反正'	6848
6763	(14035, 277)	' African'	6849
6764	(474, 267)	' meat'	6850
6765	(684, 377)	'出了'	6851
6766	(279, 4181)	' fuel'	6852
6767	(1055, 2035)	' symb'	6853
6768	(470, 178)	'哲'	6854
6769	(14085, 1832)	'越来越'	6855
6770	(425, 111)	' Bo'	6856
6771	(2931, 4040)	'政治人物'	6857
6772	(3758, 1274)	' responsible'	6858
6773	(897, 442)	' workers'	6859
6774	(256, 1103)	' tiss'	6860
6775	(73, 71)	'IG'	6861
6776	(891, 442)	'orders'	6862
6777	(2990, 121)	' analy'	6863
6778	(2008, 1297)	' powerful'	6864
6779	(1457, 2388)	'流域'	6865
6780	(1188, 259)	' rain'	6866
6781	(979, 1553)	'明星'	6867
6782	(481, 2404)	' Does'	6868
6783	(1057, 365)	'中国人'	6869
6784	(1635, 1963)	'尼亞'	6870
6785	(66, 65)	'BA'	6871
6786	(1615, 270)	' edit'	6872
6787	(1279, 259)	' train'	6874
6788	(54, 56)	'68'	6875
6789	(3197, 1082)	' loved'	6876
6790	(722, 397)	" what's"	6877
6791	(332, 152)	'乘'	6878
6792	(811, 452)	' quant'	6879
6793	(1774, 426)	' charge'	6880
6794	(1192, 613)	' remind'	6881
6795	(686, 821)	'学名'	6882
6796	(522, 567)	' East'	6883
6797	(2288, 330)	' planet'	6884
6798	(2444, 609)	' Sept'	6885
6799	(1210, 147)	'染'	6886
6800	(1377, 281)	' finding'	6887
6801	(473, 101)	'rome'	6888
6802	(2053, 281)	' testing'	6889
6803	(3326, 2974)	' argument'	6890
6804	(1034, 698)	' twice'	6891
6805	(78, 1368)	'New'	6892
6806	(2870, 3003)	' identify'	6893
6807	(401, 109)	'term'	6894
6808	(304, 84)	' IT'	6895
6809	(1088, 1229)	'全球'	6896
6810	(1888, 629)	'这么多'	6898
6811	(1070, 138)	'萊'	6899
6812	(4504, 323)	'cellent'	6900
6813	(429, 267)	' rat'	6901
6814	(499, 137)	'凉'	6902
6815	(1909, 863)	'单位'	6903
6816	(296, 5171)	' infection'	6904
6817	(2215, 274)	' basis'	6905
6818	(438, 623)	'你说'	6906
6819	(1455, 397)	"What's"	6907
6820	(952, 952)	'啊啊'	6908
6821	(432, 274)	'this'	6909
6822	(5179, 1834)	'歷史'	6910
6823	(2053, 115)	' tests'	6911
6824	(304, 78)	' IN'	6912
6825	(1165, 1274)	'ossible'	6913
6826	(1879, 451)	'clus'	6914
6827	(645, 173)	'爭'	6915
6828	(1778, 4899)	' Islam'	6916
6829	(3965, 115)	' details'	6917
6830	(109, 4460)	'mitted'	6918
6831	(45, 77)	'-M'	6919
6832	(1469, 54)	'2006'	6920
6833	(1103, 694)	'issions'	6921
6834	(1041, 319)	' root'	6922
6835	(342, 136)	'戈'	6923
6836	(538, 173)	'遭'	6924
6837	(264, 360)	' sch'	6925
6838	(740, 101)	'rue'	6926
6839	(1936, 1912)	'改变'	6927
6840	(104, 439)	'hab'	6928
6841	(471, 1306)	' exec'	6929
6842	(4400, 2095)	'革命'	6930
6843	(336, 942)	'idents'	6931
6844	(66, 67)	'BC'	6932
6845	(543, 163)	'氣'	6933
6846	(2142, 275)	' listen'	6934
6847	(5843, 1449)	' strugg'	6935
6848	(114, 356)	'rig'	6936
6849	(1251, 150)	'胖'	6937
6850	(3745, 2063)	'欧洲'	6938
6851	(2251, 99)	' esc'	6939
6852	(70, 955)	'Fuck'	6940
6853	(359, 1781)	'不管'	6941
6854	(1525, 286)	' metal'	6942
6855	(89, 719)	'Yep'	6943
6856	(943, 5915)	'所谓'	6944
6857	(5607, 336)	' David'	6945
6858	(267, 111)	'ato'	6946
6859	(474, 3071)	' member'	6947
6860	(445, 405)	' shop'	6948
6861	(98, 448)	'band'	6949
6862	(1810, 170)	'猪'	6950
6863	(273, 1304)	' cities'	6952
6864	(3220, 1297)	' successful'	6953
6865	(4503, 115)	' adults'	6954
6866	(399, 580)	'我都'	6955
6867	(2094, 3414)	' switch'	6956
6868	(499, 173)	'凭'	6957
6869	(1790, 149)	'慕'	6958
6870	(3771, 2427)	' professional'	6959
6871	(2098, 287)	' passed'	6960
6872	(585, 2095)	'生命'	6961
6873	(324, 2218)	'是位于'	6962
6874	(1440, 2522)	'信息'	6963
6875	(1316, 323)	' decent'	6964
6876	(779, 603)	'作家'	6965
6877	(429, 1222)	' rank'	6966
6878	(101, 489)	'equ'	6967
6879	(260, 121)	'rey'	6968
6880	(783, 2278)	' contains'	6969
6881	(338, 134)	'圆'	6970
6882	(3814, 2271)	' digital'	6971
6883	(1671, 815)	'思想'	6972
6884	(308, 291)	' gar'	6973
6885	(574, 110)	'Then'	6974
6886	(1016, 115)	'Its'	6975
6887	(256, 286)	' tal'	6976
6888	(524, 4372)	' Google'	6977
6889	(542, 6225)	' London'	6978
6890	(6123, 46)	'www.'	6979
6891	(3315, 149)	'燕'	6980
6892	(811, 286)	' qual'	6981
6893	(1762, 4174)	' largest'	6982
6894	(1192, 2278)	' remains'	6983
6895	(1067, 4786)	'世紀'	6984
6896	(910, 313)	' apply'	6985
6897	(1493, 115)	' lots'	6986
6898	(810, 130)	'挂'	6987
6899	(711, 329)	'itect'	6988
6900	(2250, 990)	'离开'	6989
6901	(5688, 313)	' July'	6990
6902	(324, 2272)	'是位於'	6991
6903	(1593, 265)	' enter'	6992
6904	(604, 170)	'陪'	6993
6905	(97, 508)	'ares'	6994
6906	(306, 99)	'lec'	6995
6907	(1171, 541)	' smart'	6996
6908	(633, 189)	'羽'	6997
6909	(684, 2469)	'出版'	6998
6910	(324, 399)	'是我'	6999
6911	(971, 651)	" shouldn't"	7000
6912	(265, 378)	'eration'	7001
6913	(1206, 821)	'學名'	7002
6914	(1450, 115)	' posts'	7003
6915	(279, 2627)	' faster'	7005
6916	(318, 495)	' eight'	7006
6917	(66, 83)	'BS'	7007
6918	(1007, 849)	' Child'	7008
6919	(3619, 1770)	' Germany'	7009
6920	(506, 137)	'厉'	7010
6921	(3000, 121)	' economy'	7011
6922	(1769, 3037)	' examples'	7012
6923	(115, 893)	'sub'	7013
6924	(551, 155)	'玛'	7014
6925	(2288, 1050)	' planning'	7015
6926	(4706, 401)	' counter'	7016
6927	(2527, 5000)	' broken'	7017
6928	(4630, 1194)	'媒体'	7018
6929	(121, 621)	'year'	7019
6930	(5578, 313)	' slightly'	7020
6931	(73, 76)	'IL'	7021
6932	(522, 6313)	' Egypt'	7022
6933	(366, 6341)	' April'	7023
6934	(285, 103)	' ang'	7024
6935	(1326, 6188)	'建筑'	7025
6936	(1239, 2004)	'身边'	7026
6937	(791, 833)	'西部'	7027
6938	(449, 301)	'estic'	7028
6939	(864, 1108)	'现实'	7029
6940	(534, 189)	'忽'	7030
6941	(480, 922)	'为何'	7031
6942	(282, 2627)	' master'	7032
6943	(1469, 56)	'2008'	7033
6944	(487, 2594)	'2021'	7034
6945	(1732, 1659)	'社會'	7035
6946	(273, 448)	' cand'	7036
6947	(1031, 1444)	'ometimes'	7037
6948	(413, 882)	'年前'	7038
6949	(441, 963)	'中文'	7039
6950	(1471, 726)	'见过'	7041
6951	(14033, 2369)	' establish'	7042
6952	(300, 267)	' lat'	7043
6953	(105, 267)	'iat'	7044
6954	(121, 509)	'ype'	7045
6955	(117, 437)	'uate'	7046
6956	(954, 311)	' spell'	7047
6957	(339, 115)	' thats'	7048
6958	(3332, 1172)	'恋爱'	7049
6959	(4422, 437)	' separate'	7050
6960	(6057, 3682)	'漂亮'	7051
6961	(499, 175)	'凯'	7052
6962	(275, 4971)	'encies'	7053
6963	(778, 56)	' 28'	7054
6964	(117, 849)	'uild'	7055
6965	(1510, 4863)	'解释'	7056
6966	(2090, 4036)	' confirm'	7057
6967	(2295, 287)	' missed'	7058
6968	(109, 1159)	'mark'	7059
6969	(6091, 1238)	' commercial'	7060
6970	(3185, 281)	' creating'	7061
6971	(68, 101)	'De'	7062
6972	(107, 107)	'kk'	7063
6973	(5022, 139)	'鞋'	7064
6974	(78, 698)	'Nice'	7065
6975	(542, 1176)	' Law'	7066
6976	(3503, 1187)	'另外'	7067
6977	(701, 2601)	' teeth'	7068
6978	(777, 3996)	' display'	7069
6979	(708, 868)	'izations'	7070
6980	(369, 334)	' hero'	7071
6981	(444, 4708)	'大陸'	7072
6982	(65, 80)	'AP'	7073
6983	(2045, 502)	' statement'	7074
6984	(1462, 2374)	' models'	7075
6985	(6179, 401)	'After'	7076
6986	(707, 173)	'购'	7077
6987	(368, 1881)	' See'	7078
6988	(276, 277)	' ban'	7079
6989	(470, 142)	'哎'	7080
6990	(616, 189)	'抽'	7081
6991	(1149, 287)	' helped'	7082
6992	(499, 140)	'凌'	7083
6993	(45, 52)	'-4'	7084
6994	(1028, 4960)	'海拔'	7085
6995	(992, 275)	' scen'	7086
6996	(276, 2568)	' billion'	7087
6997	(368, 2213)	' Sorry'	7088
6998	(583, 146)	'拒'	7089
6999	(5244, 437)	' appreciate'	7090
7000	(678, 2896)	' somewhere'	7091
7001	(279, 14056)	' federal'	7092
7002	(265, 622)	'erous'	7093
7003	(360, 1248)	'change'	7094
7004	(67, 263)	'Con'	7095
7005	(2319, 159)	'瑟'	7096
7006	(262, 101)	' thee'	7097
7007	(5292, 940)	' History'	7098
7008	(677, 412)	'还在'	7099
7009	(517, 155)	'衛'	7100
7010	(351, 111)	'ado'	7101
7011	(110, 278)	'nes'	7102
7012	(2693, 2279)	'委員'	7103
7013	(55, 53)	'75'	7104
7014	(366, 1497)	' Ass'	7105
7015	(526, 131)	'逃'	7106
7016	(603, 4213)	'家庭'	7107
7017	(71, 111)	'Go'	7108
7018	(1246, 591)	'机会'	7109
7019	(1598, 3973)	' strateg'	7110
7020	(580, 1051)	'都没有'	7111
7021	(1423, 2077)	' secret'	7112
7022	(2920, 699)	'终于'	7113
7023	(421, 489)	' sequ'	7114
7024	(1491, 1123)	' setting'	7115
7025	(371, 129)	'旁'	7116
7026	(452, 301)	'antic'	7117
7027	(714, 14060)	' administ'	7118
7028	(1386, 5925)	' surround'	7119
7029	(1724, 556)	'世界上'	7120
7030	(413, 1341)	'年至'	7121
7031	(530, 1884)	'就算'	7122
7032	(1290, 141)	'珍'	7123
7033	(233, 174)	b'\xe9\xae'	7124
7034	(409, 280)	' Mor'	7126
7035	(347, 1023)	' forces'	7127
7036	(1555, 3591)	'清楚'	7128
7037	(409, 581)	' Mod'	7129
7038	(2315, 117)	' continu'	7130
7039	(2841, 1309)	'独立'	7131
7040	(3783, 1957)	' Govern'	7132
7041	(599, 382)	' Our'	7133
7042	(45, 103)	'-g'	7134
7043	(1503, 180)	'滴'	7135
7044	(690, 182)	'零'	7136
7045	(778, 50)	' 22'	7137
7046	(1987, 1578)	'产品'	7138
7047	(45, 53)	'-5'	7139
7048	(1263, 145)	'骑'	7141
7049	(338, 146)	'園'	7142
7050	(98, 281)	'bing'	7143
7051	(3314, 115)	' objects'	7144
7052	(3321, 3921)	'毕竟'	7145
7053	(101, 278)	'ees'	7146
7054	(3944, 287)	' fixed'	7147
7055	(110, 570)	'name'	7148
7056	(69, 77)	'EM'	7149
7057	(1278, 864)	'表现'	7150
7058	(1625, 617)	'儿子'	7151
7059	(1725, 1123)	' putting'	7152
7060	(524, 2048)	' Green'	7153
7061	(294, 1950)	'的问题'	7154
7062	(379, 186)	'固'	7155
7063	(524, 330)	' Get'	7156
7064	(1703, 2792)	' Associ'	7157
7065	(2908, 4324)	' calcul'	7158
7066	(349, 2187)	'一句'	7159
7067	(767, 3784)	'主義'	7160
7068	(463, 1695)	' Where'	7161
7069	(291, 112)	'arp'	7162
7070	(279, 452)	' fant'	7163
7071	(1152, 413)	'当年'	7164
7072	(844, 99)	' Inc'	7165
7073	(5603, 1594)	' President'	7166
7074	(2737, 968)	'居然'	7167
7075	(599, 98)	' Ob'	7168
7076	(14092, 2558)	' tomorrow'	7169
7077	(979, 693)	'明天'	7170
7078	(1727, 56)	' 2008'	7171
7079	(399, 623)	'我说'	7172
7080	(2137, 759)	'办法'	7173
7081	(576, 287)	'aked'	7174
7082	(1185, 1509)	'又称'	7175
7083	(108, 1287)	'lock'	7176
7084	(813, 270)	' unit'	7177
7085	(288, 267)	' dat'	7178
7086	(276, 3312)	' bunch'	7179
7087	(334, 336)	'roid'	7180
7088	(65, 2368)	'Add'	7181
7089	(427, 306)	' dele'	7182
7090	(57, 56)	'98'	7183
7091	(114, 100)	'rd'	7184
7092	(1587, 2633)	' transfer'	7185
7093	(423, 167)	'巧'	7186
7094	(436, 131)	'劃'	7187
7095	(4277, 3504)	' Japanese'	7188
7096	(616, 162)	'抢'	7189
7097	(386, 143)	'奏'	7190
7098	(54, 54)	'66'	7191
7099	(1552, 134)	'疆'	7192
7100	(381, 162)	'卢'	7193
7101	(108, 111)	'lo'	7194
7102	(2566, 107)	' milk'	7195
7103	(2356, 286)	' equal'	7196
7104	(334, 351)	'road'	7197
7105	(14053, 270)	' fruit'	7198
7106	(523, 4331)	' Feb'	7199
7107	(537, 143)	'屏'	7200
7108	(1127, 987)	'东北'	7201
7109	(714, 3845)	' adapt'	7202
7110	(349, 413)	'一年'	7203
7111	(677, 665)	'还能'	7204
7112	(297, 267)	' hat'	7205
7113	(2840, 115)	' projects'	7206
7114	(3222, 793)	'街道'	7207
7115	(1406, 489)	' acqu'	7208
7116	(2083, 2192)	' standards'	7209
7117	(1981, 3600)	' communication'	7210
7118	(6538, 814)	' direction'	7211
7119	(578, 1471)	'看见'	7212
7120	(409, 1103)	' Miss'	7213
7121	(308, 498)	' gain'	7214
7122	(1070, 140)	'萌'	7215
7123	(1114, 1102)	'加利'	7216
7124	(685, 170)	'洪'	7217
7125	(342, 170)	'截'	7218
7126	(476, 117)	' ju'	7219
7127	(357, 150)	'尖'	7220
7128	(429, 117)	' ru'	7221
7129	(297, 3455)	' hosp'	7222
7130	(4497, 313)	' honestly'	7223
7131	(467, 115)	'ums'	7224
7132	(1207, 860)	'拉斯'	7225
7133	(863, 3647)	'位置'	7226
7134	(3539, 1740)	'蒙古'	7227
7135	(297, 914)	' hang'	7228
7136	(578, 726)	'看过'	7229
7137	(1810, 174)	'献'	7230
7138	(3665, 451)	' status'	7231
7139	(902, 175)	'侯'	7232
7140	(264, 6047)	' sustain'	7233
7141	(289, 1610)	' toward'	7234
7142	(287, 281)	'eding'	7235
7143	(407, 173)	'杭'	7236
7144	(593, 312)	'’ve'	7237
7145	(1980, 611)	'找到'	7238
7146	(2389, 270)	' constit'	7239
7147	(3351, 115)	' appears'	7240
7148	(76, 372)	'Lol'	7241
7149	(1112, 1018)	'太平'	7242
7150	(3464, 307)	' discussion'	7243
7151	(506, 130)	'厂'	7244
7152	(370, 281)	'iring'	7245
7153	(926, 172)	'芬'	7246
7154	(448, 265)	'ander'	7247
7155	(438, 412)	'你在'	7248
7156	(556, 377)	'上了'	7249
7157	(256, 845)	' tick'	7250
7158	(349, 3283)	'一切'	7251
7159	(445, 1656)	' showing'	7252
7160	(32, 281)	' ing'	7253
7161	(3517, 147)	'鼓'	7254
7162	(55, 56)	'78'	7255
7163	(73, 80)	'IP'	7256
7164	(379, 176)	'困'	7257
7165	(1185, 1829)	'又稱'	7258
7166	(76, 330)	'Let'	7259
7167	(3370, 681)	' Trans'	7260
7168	(3315, 159)	'營'	7261
7169	(2182, 846)	' finish'	7262
7170	(1569, 1355)	'反应'	7263
7171	(45, 49)	'-1'	7264
7172	(1114, 3239)	'加油'	7265
7173	(726, 1688)	'过程'	7266
7174	(97, 336)	'aid'	7267
7175	(3540, 137)	'鄉'	7268
7176	(1475, 3399)	'总面积'	7269
7177	(396, 287)	'iled'	7270
7178	(1048, 2208)	' buying'	7271
7179	(2352, 6645)	' December'	7273
7180	(413, 1666)	'年人口'	7274
7181	(1546, 270)	'shit'	7275
7182	(1921, 847)	' distance'	7276
7183	(105, 302)	'ias'	7277
7184	(963, 3589)	'文章'	7278
7185	(434, 552)	' Port'	7279
7186	(3929, 301)	'hetic'	7280
7187	(288, 2881)	' dumb'	7281
7188	(425, 395)	' Bra'	7282
7189	(84, 83)	'TS'	7283
7190	(267, 1529)	'atically'	7284
7191	(303, 97)	'oma'	7285
7192	(429, 319)	' rot'	7286
7193	(108, 532)	'lies'	7287
7194	(359, 978)	'不知'	7288
7195	(2295, 307)	' mission'	7289
7196	(1902, 3546)	'联盟'	7290
7197	(464, 1792)	' House'	7291
7198	(256, 5099)	' taste'	7292
7199	(1231, 136)	'针'	7293
7200	(375, 148)	'孔'	7294
7201	(926, 179)	'芳'	7295
7202	(3097, 1711)	' Techn'	7296
7203	(860, 4216)	'斯坦'	7297
7204	(409, 1824)	' Mex'	7298
7205	(453, 3026)	' dogs'	7299
7206	(1552, 151)	'疗'	7300
7207	(297, 4100)	' hurt'	7301
7208	(1216, 184)	'霸'	7302
7209	(4634, 1283)	'企业'	7303
7210	(1800, 1302)	'曾任'	7304
7211	(73, 77)	'IM'	7305
7212	(5206, 617)	'辈子'	7306
7213	(1275, 969)	'共同'	7307
7214	(593, 311)	'’ll'	7308
7215	(329, 1001)	'ctors'	7309
7216	(366, 103)	' Ag'	7310
7217	(97, 903)	'aign'	7311
7218	(109, 278)	'mes'	7312
7219	(1616, 982)	' curious'	7313
7220	(324, 5230)	'是巴西'	7314
7221	(1405, 114)	' instr'	7315
7222	(3943, 281)	' drinking'	7316
7223	(883, 356)	' trig'	7317
7224	(2315, 3690)	' continued'	7318
7225	(399, 603)	'我家'	7319
7226	(1677, 2139)	'并且'	7320
7227	(360, 291)	'char'	7321
7228	(1873, 102)	' belief'	7322
7229	(2109, 301)	' topic'	7323
7230	(1219, 166)	'锦'	7324
7231	(984, 128)	'址'	7325
7232	(648, 265)	' Jer'	7326
7233	(434, 896)	' Press'	7327
7234	(2507, 259)	' join'	7328
7235	(3156, 1977)	' announ'	7329
7236	(3267, 45)	' self-'	7330
7237	(2884, 847)	' France'	7331
7238	(419, 4810)	' consequ'	7332
7239	(224, 164)	b'\xe0\xa4'	7333
7240	(419, 14083)	' conflict'	7334
7241	(3148, 396)	' Phil'	7335
7242	(445, 346)	' shut'	7336
7243	(1517, 280)	' minor'	7337
7244	(45, 83)	'-S'	7338
7245	(2097, 2270)	'广告'	7339
7246	(4891, 14084)	' Washington'	7340
7247	(121, 114)	'yr'	7341
7248	(475, 798)	' liber'	7342
7249	(1256, 263)	' colon'	7343
7250	(3602, 1565)	'冠军'	7344
7251	(99, 1106)	'cles'	7345
7252	(974, 131)	'黃'	7346
7253	(65, 109)	'Am'	7347
7254	(1415, 287)	' ended'	7348
7255	(14058, 112)	' http'	7349
7256	(654, 187)	'邻'	7350
7257	(70, 473)	'From'	7351
7258	(2356, 14088)	' equipment'	7352
7259	(1554, 519)	' reality'	7353
7260	(2621, 2757)	'答案'	7354
7261	(264, 4449)	' soul'	7355
7262	(581, 343)	'oday'	7356
7263	(87, 417)	'Would'	7357
7264	(1948, 115)	' seconds'	7358
7265	(1188, 6063)	' rapid'	7359
7266	(548, 3746)	' placed'	7360
7267	(368, 1451)	' Since'	7361
7268	(335, 329)	'sect'	7362
7269	(282, 346)	' mut'	7363
7270	(118, 97)	'va'	7364
7271	(264, 636)	' sac'	7366
7272	(1214, 2279)	'演員'	7367
7273	(65, 119)	'Aw'	7368
7274	(1660, 287)	' seemed'	7369
7275	(1462, 101)	' mode'	7370
7276	(3150, 1128)	'宗教'	7371
7277	(522, 109)	' Em'	7372
7278	(4387, 5741)	'讨厌'	7373
7279	(992, 3126)	' scene'	7374
7280	(3749, 281)	' hoping'	7375
7281	(2432, 177)	'熱'	7376
7282	(87, 302)	'Was'	7377
7283	(3617, 115)	' steps'	7378
7284	(1633, 3909)	'音樂'	7379
7285	(4556, 287)	' liked'	7380
7286	(831, 280)	' incor'	7381
7287	(1902, 1166)	'联合'	7382
7288	(104, 277)	'han'	7383
7289	(3645, 1305)	' System'	7384
7290	(907, 694)	' actions'	7385
7291	(490, 1485)	' vote'	7386
7292	(4311, 291)	'iliar'	7387
7293	(309, 577)	' none'	7388
7294	(2389, 3902)	' construction'	7389
7295	(485, 711)	'osite'	7390
7296	(516, 4127)	' church'	7391
7297	(1699, 158)	'詞'	7392
7298	(322, 5941)	' relevant'	7393
7299	(1811, 133)	'項'	7394
7300	(2180, 151)	'窗'	7395
7301	(667, 829)	'place'	7396
7302	(6080, 1895)	'有限公司'	7397
7303	(274, 108)	'isl'	7398
7304	(1400, 1728)	' defense'	7399
7305	(65, 89)	'AY'	7400
7306	(365, 580)	'人都'	7401
7307	(429, 1170)	' rise'	7402
7308	(14014, 485)	' videos'	7403
7309	(3272, 287)	' affected'	7404
7310	(539, 143)	'規'	7405
7311	(380, 303)	' whom'	7406
7312	(1478, 294)	'现在的'	7407
7313	(839, 617)	'女子'	7408
7314	(739, 168)	'跨'	7409
7315	(357, 186)	'尺'	7410
7316	(572, 112)	'cip'	7411
7317	(1421, 115)	' starts'	7412
7318	(627, 324)	'他是'	7413
7319	(598, 111)	'ago'	7414
7320	(1139, 294)	'做的'	7415
7321	(117, 465)	'upp'	7416
7322	(874, 617)	'样子'	7417
7323	(1906, 1326)	'福建'	7418
7324	(318, 2762)	' element'	7419
7325	(262, 5283)	' therapy'	7420
7326	(5422, 660)	'獲得'	7421
7327	(428, 5227)	' noticed'	7422
7328	(647, 1340)	' goals'	7423
7329	(6377, 4430)	' October'	7424
7330	(301, 437)	'icate'	7425
7331	(2865, 1779)	' cultural'	7426
7332	(1175, 152)	'淘'	7427
7333	(387, 79)	' CO'	7428
7334	(6542, 303)	' freedom'	7429
7335	(3937, 376)	' faith'	7430
7336	(385, 762)	'有一个'	7431
7337	(319, 301)	'otic'	7432
7338	(641, 365)	'没人'	7433
7339	(2337, 397)	"There's"	7434
7340	(65, 103)	'Ag'	7435
7341	(2344, 117)	' situ'	7436
7342	(286, 335)	'alse'	7437
7343	(2257, 294)	'出来的'	7438
7344	(273, 3973)	' categ'	7439
7345	(2858, 111)	' info'	7440
7346	(1007, 4127)	' Church'	7441
7347	(45, 56)	'-8'	7442
7348	(1721, 847)	' importance'	7443
7349	(111, 360)	'och'	7444
7350	(1118, 147)	'韓'	7445
7351	(98, 291)	'bar'	7446
7352	(2869, 319)	' promot'	7447
7353	(450, 1424)	'rief'	7448
7354	(2716, 3362)	' efforts'	7449
7355	(1196, 4222)	' indeed'	7450
7356	(1701, 5631)	' discovered'	7451
7357	(14045, 982)	' obvious'	7452
7358	(1865, 157)	'貝'	7453
7359	(3155, 1097)	' sexual'	7454
7360	(1654, 280)	' factor'	7455
7361	(14018, 814)	' connection'	7456
7362	(14045, 2372)	' obviously'	7457
7363	(817, 6694)	'分析'	7458
7364	(302, 607)	'asure'	7459
7365	(1171, 835)	' smell'	7460
7366	(372, 102)	'olf'	7461
7367	(267, 259)	'atin'	7462
7368	(954, 5540)	' speech'	7463
7369	(14011, 281)	' changing'	7464
7370	(121, 1372)	'yeah'	7465
7371	(3913, 868)	' applications'	7466
7372	(523, 955)	' Fuck'	7467
7373	(294, 689)	'的地'	7468
7374	(14034, 6110)	' challenge'	7469
7375	(1191, 5129)	' relatively'	7470
7376	(5434, 3610)	'兄弟'	7471
7377	(778, 55)	' 27'	7472
7378	(4793, 498)	' maintain'	7473
7379	(2694, 313)	' properly'	7474
7380	(1428, 170)	'横'	7475
7381	(488, 166)	'触'	7476
7382	(117, 270)	'uit'	7477
7383	(1338, 183)	'捷'	7478
7384	(282, 286)	' mal'	7479
7385	(1758, 401)	' letter'	7480
7386	(779, 772)	'作用'	7482
7387	(120, 105)	'xi'	7483
7388	(2150, 1097)	' visual'	7484
7389	(4823, 847)	' balance'	7485
7390	(4395, 2851)	' watched'	7486
7391	(3034, 1812)	'開始'	7487
7392	(516, 1853)	' chann'	7488
7393	(363, 4370)	' staff'	7489
7394	(2228, 2204)	'超级'	7490
7395	(117, 117)	'uu'	7491
7396	(408, 706)	'.....'	7492
7397	(1411, 115)	' cars'	7493
7398	(2088, 156)	'瓜'	7494
7399	(354, 161)	'审'	7495
7400	(3156, 1113)	' annoy'	7496
7401	(351, 997)	'adian'	7497
7402	(1619, 170)	'豪'	7498
7403	(614, 174)	'浮'	7499
7404	(560, 162)	'赢'	7500
7405	(3993, 330)	' Internet'	7501
7406	(499, 128)	'净'	7502
7407	(648, 101)	' Je'	7503
7408	(1228, 874)	'怎么样'	7504
7409	(535, 4798)	' Roman'	7505
7410	(1621, 115)	' thoughts'	7506
7411	(1298, 281)	' calling'	7507
7412	(831, 497)	' income'	7508
7413	(2408, 2610)	' organization'	7509
7414	(303, 302)	'omas'	7510
7415	(1813, 4462)	' possibly'	7511
7416	(2432, 138)	'熊'	7512
7417	(3050, 361)	'force'	7514
7418	(978, 2682)	'知识'	7515
7419	(548, 681)	' plans'	7516
7420	(387, 1977)	' Coun'	7517
7421	(2157, 324)	'应该是'	7518
7422	(670, 1172)	'可爱'	7519
7423	(560, 154)	'赚'	7520
7424	(446, 370)	' Their'	7521
7425	(2795, 796)	'绝对'	7522
7426	(79, 102)	'Of'	7523
7427	(114, 733)	'rical'	7524
7428	(1745, 3261)	' depends'	7525
7429	(2122, 174)	'篮'	7526
7430	(3734, 2818)	'环境'	7527
7431	(1321, 1271)	'期间'	7528
7432	(369, 2515)	' hearing'	7529
7433	(1803, 48)	' 70'	7530
7434	(306, 426)	'lege'	7531
7435	(195, 161)	'á'	7532
7436	(105, 847)	'iance'	7533
7437	(1131, 286)	'ternal'	7534
7438	(1219, 133)	'锅'	7535
7439	(3052, 571)	'一定要'	7536
7440	(2632, 3692)	'總面積'	7537
7441	(363, 378)	' station'	7538
7442	(2552, 313)	' Only'	7539
7443	(2241, 1214)	'导演'	7540
7444	(1445, 779)	'制作'	7541
7445	(421, 728)	' seven'	7542
7446	(359, 968)	'不然'	7543
7447	(984, 145)	'坑'	7544
7448	(1915, 4150)	'计划'	7545
7449	(463, 417)	' Would'	7546
7450	(362, 154)	'诚'	7547
7451	(356, 114)	'igr'	7548
7452	(531, 14090)	' November'	7549
7453	(362, 184)	'诸'	7550
7454	(1727, 55)	' 2007'	7551
7455	(273, 452)	' cant'	7552
7456	(1011, 702)	'比如'	7553
7457	(1020, 455)	'三个'	7554
7458	(97, 533)	'ael'	7555
7459	(2018, 567)	' breast'	7556
7460	(57, 53)	'95'	7557
7461	(1226, 4056)	'台灣'	7558
7462	(904, 1849)	' prices'	7559
7463	(986, 602)	' guide'	7561
7464	(910, 6098)	' applied'	7562
7465	(1801, 121)	'gery'	7563
7466	(2793, 447)	' specifically'	7565
7467	(1101, 1017)	'感情'	7566
7468	(1592, 896)	' express'	7567
7469	(899, 294)	'面的'	7568
7470	(326, 2468)	" you'd"	7569
7471	(72, 72)	'HH'	7570
7472	(836, 680)	' 2000'	7571
7473	(2771, 335)	'iverse'	7572
7474	(340, 2274)	' onto'	7573
7475	(2328, 1111)	' driving'	7574
7476	(2027, 6746)	' techniques'	7575
7477	(817, 4737)	'分钟'	7576
7478	(3568, 116)	' virt'	7577
7479	(272, 2368)	' odd'	7578
7480	(1935, 1330)	'形目'	7579
7481	(3328, 168)	'館'	7580
7482	(477, 175)	'讯'	7581
7483	(1794, 2725)	'普查'	7582
7484	(14016, 6299)	' highest'	7584
7485	(710, 2896)	' anywhere'	7585
7486	(4465, 3995)	' camera'	7586
7487	(289, 120)	' tox'	7587
7488	(468, 156)	'怜'	7588
7489	(6004, 3695)	'姑娘'	7589
7490	(412, 1057)	'在中国'	7590
7491	(336, 533)	'idel'	7591
7492	(256, 521)	' tour'	7593
7493	(1534, 4005)	' providing'	7595
7494	(1129, 6258)	' considering'	7596
7495	(859, 650)	' Kore'	7597
7496	(6798, 2231)	' September'	7598
7497	(645, 181)	'爵'	7599
7498	(1976, 1801)	' bigger'	7600
7499	(434, 2038)	' Please'	7601
7500	(523, 259)	' Fin'	7602
7501	(85, 84)	'UT'	7603
7502	(429, 2771)	' river'	7604
7503	(6181, 756)	' bacteria'	7605
7504	(6000, 110)	'known'	7606
7505	(618, 1146)	' upgr'	7607
7506	(1641, 6442)	' interpret'	7608
7507	(14054, 3442)	' thousands'	7609
7508	(1740, 1032)	'古代'	7610
7509	(2089, 281)	' telling'	7611
7510	(560, 143)	'赏'	7612
7511	(588, 620)	'来自'	7613
7512	(452, 287)	'anted'	7614
7513	(732, 823)	' It’s'	7615
7514	(1935, 1590)	'形式'	7616
7515	(301, 263)	'icon'	7617
7516	(264, 259)	' sin'	7618
7517	(326, 4442)	' you’re'	7619
7518	(984, 161)	'坡'	7620
7519	(103, 442)	'gers'	7621
7520	(2607, 860)	'羅斯'	7622
7521	(770, 189)	'汽'	7623
7522	(808, 4156)	'英雄'	7624
7523	(603, 683)	'家里'	7625
7524	(1912, 741)	'变成'	7626
7525	(778, 51)	' 23'	7627
7526	(1592, 448)	' expand'	7628
7527	(770, 151)	'汗'	7629
7528	(1469, 55)	'2007'	7630
7529	(649, 157)	'枝'	7631
7530	(52, 54)	'46'	7632
7531	(778, 54)	' 26'	7633
7532	(1911, 360)	' Arch'	7634
7533	(69, 76)	'EL'	7635
7534	(1267, 129)	'裁'	7636
7535	(2577, 665)	'功能'	7637
7536	(1765, 281)	' keeping'	7638
7537	(548, 451)	' plus'	7639
7538	(1024, 6569)	" i'm"	7640
7539	(434, 5207)	' Paul'	7641
7540	(294, 3716)	'的故事'	7642
7541	(935, 313)	' poly'	7643
7542	(270, 122)	'itz'	7644
7543	(77, 650)	'More'	7645
7544	(300, 301)	' lic'	7646
7545	(5117, 115)	' birds'	7647
7546	(2055, 6271)	'考虑'	7648
7547	(266, 162)	'丢'	7649
7548	(1775, 2790)	'价值'	7650
7549	(510, 139)	'咋'	7651
7550	(450, 97)	'ria'	7652
7551	(690, 162)	'離'	7653
7552	(596, 171)	'毫'	7654
7553	(83, 570)	'Same'	7655
7554	(955, 115)	'ucks'	7656
7555	(476, 4526)	' journal'	7657
7556	(280, 97)	'ora'	7658
7557	(317, 176)	'仰'	7659
7558	(1651, 183)	'護'	7660
7559	(256, 402)	' till'	7661
7560	(121, 121)	'yy'	7662
7561	(920, 14093)	' covered'	7663
7562	(6521, 378)	' Education'	7664
7563	(724, 287)	'aped'	7665
7564	(119, 5359)	'works'	7666
7565	(844, 314)	' Inst'	7667
7566	(2583, 120)	' approx'	7668
7567	(367, 188)	'幼'	7669
7568	(273, 1204)	' cup'	7670
7569	(4229, 307)	' reaction'	7671
7570	(409, 636)	' Mac'	7672
7571	(936, 442)	' offers'	7673
7572	(80, 2038)	'Please'	7674
7573	(1579, 306)	' handle'	7675
7574	(118, 274)	'vis'	7676
7575	(1265, 313)	' reply'	7677
7576	(4516, 891)	' afford'	7678
7577	(672, 178)	'纲'	7679
7578	(4307, 176)	'環'	7680
7579	(273, 334)	' cro'	7681
7580	(2476, 1849)	' practices'	7682
7581	(1577, 438)	'如果你'	7683
7582	(5472, 75)	'UCK'	7684
7583	(548, 3632)	' plastic'	7685
7584	(1125, 5053)	' background'	7686
7585	(3618, 703)	'related'	7687
7586	(366, 370)	' Air'	7688
7587	(45, 50)	'-2'	7689
7588	(721, 169)	'俩'	7690
7589	(793, 947)	'道理'	7691
7590	(344, 79)	' TO'	7692
7591	(2716, 4198)	' efficient'	7693
7592	(110, 495)	'night'	7694
7593	(2352, 1388)	' Develop'	7695
7594	(3295, 462)	' Commun'	7696
7595	(2624, 115)	' jobs'	7697
7596	(354, 189)	'宽'	7698
7597	(450, 691)	'riage'	7699
7598	(1591, 6426)	' diabetes'	7700
7599	(65, 100)	'Ad'	7701
7600	(276, 610)	' bound'	7702
7601	(1517, 1596)	' minute'	7703
7602	(359, 556)	'不上'	7704
7603	(3284, 140)	'嫌'	7705
7604	(805, 176)	'舰'	7706
7605	(542, 621)	' Lear'	7707
7606	(14030, 105)	' behavi'	7708
7607	(1300, 1382)	' perspect'	7709
7608	(108, 1209)	'life'	7710
7609	(1599, 2063)	'非洲'	7711
7610	(964, 183)	'廷'	7712
7611	(2738, 903)	' foreign'	7713
7612	(296, 1334)	' invent'	7714
7613	(2440, 168)	'獨'	7715
7614	(425, 533)	' Bel'	7716
7615	(3568, 451)	' virus'	7717
7616	(1251, 158)	'胞'	7718
7617	(2075, 2739)	'集团'	7719
7618	(2025, 1098)	'百度'	7720
7619	(283, 607)	' pure'	7721
7620	(273, 541)	' cart'	7722
7621	(296, 3815)	' input'	7723
7622	(6173, 691)	' advantage'	7724
7623	(1166, 779)	'合作'	7725
7624	(1145, 143)	'烏'	7726
7625	(434, 286)	' Pal'	7727
7626	(825, 4199)	' spring'	7728
7627	(68, 4850)	'Damn'	7729
7628	(83, 83)	'SS'	7730
7629	(795, 168)	'轨'	7731
7630	(14003, 14047)	' differences'	7732
7631	(475, 489)	' liqu'	7733
7632	(1913, 130)	'魂'	7734
7633	(2009, 278)	' processes'	7735
7634	(337, 185)	'迹'	7736
7635	(1467, 137)	'涉'	7737
7636	(14066, 2573)	' episode'	7738
7637	(844, 401)	' Inter'	7739
7638	(435, 3335)	' sucks'	7740
7639	(1861, 449)	' request'	7741
7640	(72, 1344)	'Here'	7742
7641	(80, 65)	'PA'	7743
7642	(78, 1606)	'Nope'	7744
7643	(368, 353)	' Sam'	7745
7644	(5685, 622)	' dangerous'	7746
7645	(14028, 14098)	' _np_'	7747
7646	(1267, 157)	'裝'	7748
7647	(101, 118)	'ev'	7749
7648	(537, 129)	'屁'	7751
7649	(797, 173)	'袭'	7752
7650	(45, 67)	'-C'	7753
7651	(508, 112)	'resp'	7754
7652	(1933, 1697)	'图片'	7755
7653	(300, 3714)	' laugh'	7756
7654	(3384, 129)	'繁'	7757
7655	(496, 98)	' alb'	7758
7656	(1518, 6210)	' philos'	7759
7657	(1815, 948)	' shitty'	7760
7658	(775, 1373)	'小时候'	7761
7659	(2507, 890)	' joint'	7762
7660	(366, 346)	' Aut'	7763
7661	(530, 1156)	'就可以'	7764
7662	(1958, 397)	" There's"	7765
7663	(1133, 1022)	'区别'	7766
7664	(944, 1796)	'南京'	7767
7665	(481, 4427)	' DNA'	7768
7666	(359, 2277)	'不住'	7769
7667	(1251, 142)	'胎'	7770
7668	(5410, 385)	'拥有'	7772
7669	(14097, 155)	'眼睛'	7773
7670	(114, 280)	'ror'	7774
7671	(112, 275)	'pen'	7775
7672	(366, 77)	' AM'	7776
7673	(14001, 5378)	' becoming'	7777
7674	(3673, 1023)	' pieces'	7778
7675	(3007, 2789)	'标准'	7779
7676	(578, 588)	'看来'	7780
7677	(5711, 892)	' mobile'	7781
7678	(727, 78)	' UN'	7782
7679	(4476, 437)	' update'	7783
7680	(2291, 1204)	' occup'	7784
7681	(1110, 302)	'phas'	7785
7682	(256, 1222)	' tank'	7786
7683	(73, 398)	'Ind'	7787
7684	(1790, 136)	'慈'	7788
7685	(288, 345)	' dim'	7789
7686	(648, 1679)	' James'	7790
7687	(111, 1849)	'oices'	7791
7688	(288, 287)	' ded'	7792
7689	(704, 114)	' arr'	7793
7690	(1339, 460)	' assist'	7794
7691	(279, 372)	' fol'	7795
7692	(6920, 2709)	'厉害'	7796
7693	(282, 370)	' mir'	7797
7694	(1673, 855)	' presence'	7798
7695	(52, 57)	'49'	7799
7696	(101, 814)	'ection'	7800
7697	(992, 258)	' sche'	7801
7698	(1339, 903)	' assign'	7802
7699	(4410, 128)	'銀'	7803
7700	(289, 119)	' tow'	7804
7701	(276, 402)	' bill'	7805
7702	(488, 128)	'觀'	7806
7703	(1744, 115)	' signs'	7807
7704	(429, 615)	' rough'	7808
7705	(1453, 121)	'they'	7809
7706	(734, 893)	' club'	7810
7707	(548, 267)	' plat'	7811
7708	(65, 98)	'Ab'	7812
7709	(280, 378)	'oration'	7813
7710	(452, 97)	'anta'	7814
7711	(530, 665)	'就能'	7815
7712	(1469, 49)	'2001'	7816
7713	(3499, 3499)	'爸爸'	7817
7714	(561, 4267)	' leaving'	7818
7715	(1469, 53)	'2005'	7819
7716	(315, 97)	' ya'	7820
7717	(5709, 68)	' AND'	7821
7718	(884, 441)	'高中'	7822
7719	(599, 70)	' OF'	7823
7720	(3284, 129)	'嫁'	7824
7721	(368, 382)	' Sur'	7825
7722	(928, 6825)	' impossible'	7826
7723	(2120, 684)	'播出'	7827
7724	(3182, 313)	' entirely'	7828
7725	(515, 146)	'冒'	7829
7726	(280, 691)	'orage'	7830
7727	(3292, 1669)	' radio'	7831
7728	(420, 172)	'扬'	7832
7729	(112, 541)	'part'	7833
7730	(559, 134)	'妆'	7834
7731	(579, 173)	'闭'	7835
7732	(576, 115)	'aks'	7836
7733	(504, 294)	'国的'	7837
7734	(886, 1108)	'真实'	7838
7735	(1145, 130)	'烂'	7839
7736	(1171, 3616)	' smoke'	7840
7737	(302, 121)	'asy'	7841
7738	(45, 6807)	'-term'	7842
7739	(1688, 4591)	'程序'	7843
7740	(387, 521)	' Cour'	7844
7741	(54, 55)	'67'	7845
7742	(669, 313)	'actly'	7846
7743	(884, 1093)	'高等'	7847
7744	(274, 1323)	'ishes'	7848
7745	(364, 156)	'甜'	7849
7746	(1348, 178)	'莲'	7850
7747	(65, 329)	'Act'	7851
7748	(98, 97)	'ba'	7853
7749	(1126, 973)	'的一种'	7854
7750	(84, 77)	'TM'	7855
7751	(1251, 184)	'胸'	7856
7752	(1614, 169)	'缩'	7857
7753	(1592, 5717)	' exposure'	7858
7754	(406, 160)	'眠'	7859
7755	(387, 382)	' Cur'	7860
7756	(1115, 460)	'ologist'	7861
7757	(537, 164)	'層'	7862
7758	(902, 160)	'侠'	7863
7759	(1645, 14027)	' Society'	7864
7760	(109, 291)	'mar'	7865
7761	(443, 98)	' prob'	7866
7762	(1245, 3718)	' genetic'	7867
7763	(1745, 2717)	' depending'	7868
7764	(2687, 2349)	'素质'	7869
7765	(1399, 170)	'堪'	7870
7766	(725, 817)	'公分'	7871
7767	(387, 114)	' Cr'	7872
7768	(324, 359)	'是不'	7873
7769	(2268, 789)	'官方'	7874
7770	(1057, 294)	'中国的'	7875
7771	(761, 744)	' Those'	7876
7772	(232, 154)	b'\xe8\x9a'	7877
7773	(2770, 821)	'排名'	7878
7774	(887, 519)	'ensity'	7879
7775	(3011, 2312)	'皇帝'	7880
7776	(6436, 887)	' citizens'	7882
7777	(839, 1625)	'女儿'	7883
7778	(372, 97)	'ola'	7884
7779	(759, 743)	'法國'	7885
7780	(6336, 735)	'People'	7886
7781	(1040, 267)	' flat'	7887
7782	(727, 335)	' Use'	7888
7783	(1089, 562)	'tered'	7889
7784	(399, 1819)	'我也是'	7890
7785	(370, 948)	'irty'	7891
7786	(103, 108)	'gl'	7892
7787	(310, 130)	'昂'	7893
7788	(4424, 1197)	'严重'	7894
7789	(304, 114)	' Ir'	7895
7790	(1470, 2146)	'内容'	7896
7791	(6767, 372)	' symbol'	7897
7792	(5643, 693)	'昨天'	7898
7793	(425, 275)	' Ben'	7899
7794	(281, 117)	'ingu'	7900
7795	(279, 313)	' fly'	7901
7796	(409, 330)	' Met'	7902
7797	(1548, 693)	'几天'	7903
7798	(1681, 5413)	'结束'	7904
7799	(1079, 1071)	'男性'	7905
7800	(1475, 2189)	'总统'	7906
7801	(2150, 307)	' vision'	7907
7802	(1947, 1321)	'時期'	7908
7803	(1972, 265)	' career'	7909
7804	(2101, 270)	' legit'	7910
7805	(548, 5084)	' plenty'	7911
7806	(1468, 307)	'ception'	7912
7807	(1149, 1297)	' helpful'	7913
7808	(692, 168)	'晨'	7914
7809	(1463, 270)	' monit'	7915
7810	(1902, 1276)	'联系'	7916
7811	(1214, 2194)	'演技'	7917
7812	(405, 961)	'ophy'	7918
7813	(2389, 1989)	' construct'	7919
7814	(990, 871)	'开发'	7920
7815	(54, 57)	'69'	7921
7816	(1785, 622)	' famous'	7922
7817	(1892, 176)	'饰'	7923
7818	(1766, 115)	' runs'	7924
7819	(553, 287)	'arded'	7925
7820	(864, 1032)	'现代'	7926
7821	(2001, 278)	' classes'	7927
7822	(368, 462)	' Sun'	7928
7823	(648, 4526)	' Journal'	7929
7824	(3337, 1474)	' illness'	7930
7825	(1702, 378)	' generation'	7931
7826	(1275, 385)	'共有'	7932
7827	(257, 3904)	' ahead'	7933
7828	(475, 2203)	' libr'	7934
7829	(1481, 588)	'从来'	7935
7830	(98, 5357)	'burg'	7936
7831	(335, 2035)	'semb'	7937
7832	(616, 181)	'抵'	7938
7833	(883, 6062)	' trouble'	7939
7834	(937, 1634)	'第四'	7940
7835	(4038, 642)	' Super'	7941
7836	(425, 105)	' Bi'	7942
7837	(3302, 327)	' window'	7943
7838	(2939, 979)	'证明'	7944
7839	(717, 144)	'渐'	7945
7840	(14099, 444)	'加拿大'	7946
7841	(273, 650)	' core'	7947
7842	(310, 134)	'昆'	7948
7843	(338, 141)	'圍'	7949
7844	(516, 845)	' chick'	7950
7845	(121, 278)	'yes'	7951
7846	(2987, 287)	' linked'	7952
7847	(1951, 148)	'擔'	7953
7848	(377, 1510)	'了解'	7954
7849	(1070, 167)	'萧'	7955
7850	(1641, 2703)	' interview'	7956
7851	(1212, 281)	' adding'	7957
7852	(230, 170)	b'\xe6\xaa'	7958
7853	(83, 112)	'Sp'	7959
7854	(767, 2239)	'主角'	7960
7855	(450, 277)	'rian'	7961
7856	(100, 913)	'down'	7962
7857	(665, 3255)	'能够'	7963
7858	(1623, 580)	'首都'	7964
7859	(741, 1420)	'成员'	7965
7860	(233, 176)	b'\xe9\xb0'	7966
7861	(425, 343)	' Bay'	7967
7862	(45, 66)	'-B'	7968
7863	(283, 287)	' ped'	7969
7864	(1527, 287)	' formed'	7970
7865	(820, 385)	'很有'	7971
7866	(80, 85)	'PU'	7972
7867	(290, 149)	'井'	7973
7868	(1390, 307)	' Union'	7974
7869	(1405, 847)	' instance'	7975
7870	(371, 139)	'旋'	7976
7871	(4918, 115)	' eggs'	7977
7872	(596, 129)	'毁'	7978
7873	(715, 183)	'執'	7979
7874	(279, 334)	' fro'	7980
7875	(726, 588)	'过来'	7981
7876	(295, 845)	' thick'	7982
7877	(1393, 640)	' belong'	7983
7878	(1104, 4499)	'老婆'	7984
7879	(297, 303)	' hom'	7985
7880	(501, 159)	'废'	7986
7881	(101, 2080)	'eared'	7987
7882	(399, 571)	'我要'	7988
7883	(483, 159)	'租'	7989
7884	(1134, 1307)	'相关'	7990
7885	(6700, 3455)	' atmosp'	7991
7886	(2241, 3343)	'导致'	7992
7887	(73, 484)	'Int'	7993
7888	(71, 751)	'Great'	7994
7889	(281, 313)	'ingly'	7995
7890	(324, 2050)	'是中國'	7996
7891	(496, 116)	' alt'	7997
7892	(779, 1150)	'作者'	7999
7893	(121, 97)	'ya'	8000
7894	(52, 50)	'42'	8001
7895	(1356, 3410)	'吃饭'	8002
7896	(535, 512)	' Rem'	8003
7897	(591, 2074)	'会不会'	8004
7898	(73, 82)	'IR'	8005
7899	(767, 1931)	'主持'	8006
7900	(14105, 101)	' coffee'	8007
7901	(264, 3772)	' sitting'	8008
7902	(1552, 175)	'疯'	8009
7903	(542, 97)	' La'	8010
7904	(867, 2063)	'美洲'	8011
7905	(1434, 146)	'撒'	8012
7906	(370, 2398)	'irmed'	8013
7907	(444, 4254)	'大概'	8014
7908	(233, 175)	b'\xe9\xaf'	8015
7909	(14006, 1946)	' increases'	8016
7910	(3481, 1458)	' excited'	8017
7911	(1063, 2513)	'动画'	8018
7912	(954, 329)	' spect'	8019
7913	(2097, 1127)	'广东'	8020
7914	(4149, 773)	'進行'	8021
7915	(2381, 977)	' definition'	8022
7916	(2143, 588)	'未来'	8023
7917	(1460, 5454)	'基督'	8024
7918	(402, 97)	'illa'	8025
7919	(300, 3875)	' links'	8026
7920	(268, 449)	' west'	8027
7921	(231, 128)	b'\xe7\x80'	8028
7922	(463, 72)	' WH'	8029
7923	(2090, 2491)	' confused'	8030
7924	(4141, 3118)	'瑞典'	8031
7925	(291, 1669)	'ario'	8032
7926	(347, 1312)	' forced'	8033
7927	(4770, 495)	' tonight'	8034
7928	(3012, 1499)	' measures'	8035
7929	(108, 372)	'lol'	8037
7930	(2508, 1312)	' reduced'	8038
7931	(463, 895)	' Water'	8039
7932	(435, 14104)	' sudden'	8040
7933	(3872, 287)	' connected'	8041
7934	(2223, 3160)	' muscle'	8042
7935	(4785, 733)	' historical'	8043
7936	(1915, 1884)	'计算'	8044
7937	(5405, 437)	' accurate'	8045
7938	(2286, 313)	' commonly'	8046
7939	(4454, 855)	' violence'	8047
7940	(1140, 312)	' serve'	8048
7941	(956, 504)	'民国'	8049
7942	(3450, 14101)	'組織'	8050
7943	(319, 258)	'othe'	8051
7944	(119, 302)	'was'	8052
7945	(1799, 160)	'翠'	8053
7946	(1405, 1989)	' instruct'	8054
7947	(1149, 281)	' helping'	8055
7948	(470, 135)	'哇'	8056
7949	(2107, 281)	' happening'	8057
7950	(1640, 153)	'墙'	8058
7951	(1688, 1098)	'程度'	8059
7952	(1913, 143)	'魏'	8060
7953	(297, 451)	' hus'	8061
7954	(819, 819)	'ahah'	8062
7955	(1686, 163)	'董'	8063
7956	(77, 277)	'Man'	8064
7957	(1132, 1594)	' accident'	8065
7958	(799, 832)	' novel'	8066
7959	(418, 6906)	' molec'	8067
7960	(918, 402)	' Still'	8068
7961	(558, 161)	'泡'	8069
7962	(283, 286)	' pal'	8070
7963	(2981, 281)	' holding'	8071
7964	(2918, 629)	'许多'	8072
7965	(525, 167)	'寧'	8073
7966	(3184, 281)	' existing'	8074
7967	(2466, 116)	' paint'	8075
7968	(2182, 2100)	' finished'	8076
7969	(471, 6812)	' excellent'	8077
7970	(554, 140)	'敌'	8078
7971	(366, 14057)	' According'	8079
7972	(724, 442)	'apers'	8080
7973	(549, 287)	'alled'	8081
7974	(3937, 786)	' fault'	8082
7975	(314, 569)	'stood'	8083
7976	(1891, 4924)	'朝鲜'	8084
7977	(414, 129)	'币'	8085
7978	(337, 159)	'迟'	8086
7979	(359, 3590)	'不敢'	8087
7980	(1356, 294)	'吃的'	8088
7981	(2318, 365)	'很多人'	8089
7982	(108, 460)	'list'	8090
7983	(770, 164)	'汤'	8091
7984	(828, 179)	'稳'	8092
7985	(354, 190)	'宾'	8093
7986	(3140, 3140)	'OOOO'	8094
7987	(280, 932)	'orial'	8095
7988	(806, 157)	'额'	8096
7989	(1108, 412)	'实在'	8097
7990	(534, 160)	'忠'	8098
7991	(1645, 1238)	' Social'	8099
7992	(114, 977)	'rition'	8100
7993	(1035, 115)	'ails'	8101
7994	(2037, 167)	'碧'	8102
7995	(3551, 1420)	'运动员'	8103
7996	(880, 53)	' 35'	8104
7997	(3248, 115)	' occurs'	8105
7998	(367, 189)	'幽'	8106
7999	(274, 378)	'isation'	8107
8000	(1365, 833)	'是一部'	8108
8001	(282, 351)	' mad'	8109
8002	(734, 3359)	' cloud'	8110
8003	(1188, 99)	' rac'	8111
8004	(2217, 115)	' turns'	8112
8005	(790, 294)	'心的'	8113
8006	(111, 1205)	'ooth'	8114
8007	(117, 373)	'uke'	8115
8008	(3175, 467)	' circum'	8116
8009	(1136, 176)	'灰'	8117
8010	(309, 1313)	' native'	8118
8011	(2552, 361)	' Once'	8119
8012	(798, 103)	'berg'	8120
8013	(4580, 7217)	' campaign'	8121
8014	(3544, 644)	'Which'	8122
8015	(1210, 143)	'柏'	8123
8016	(3398, 1589)	'stitution'	8124
8017	(999, 372)	' Vol'	8125
8018	(288, 259)	' din'	8126
8019	(595, 4855)	'iveness'	8128
8020	(1225, 1595)	' gotten'	8129
8021	(364, 179)	'申'	8130
8022	(81, 117)	'Qu'	8131
8023	(1298, 115)	' calls'	8132
8024	(318, 567)	' east'	8133
8025	(2430, 103)	' drag'	8134
8026	(87, 2040)	'Wait'	8135
8027	(105, 754)	'iable'	8136
8028	(52, 51)	'43'	8137
8029	(308, 5951)	' garden'	8138
8030	(1267, 148)	'裔'	8139
8031	(306, 101)	'lee'	8140
8032	(477, 191)	'访'	8141
8033	(71, 330)	'Get'	8142
8034	(260, 6256)	'rehens'	8143
8035	(308, 4119)	' gender'	8144
8036	(916, 1060)	'而不是'	8145
8037	(1022, 294)	'别的'	8146
8038	(528, 150)	'栖'	8147
8039	(1224, 6374)	'安徽'	8148
8040	(117, 1449)	'ugg'	8149
8041	(324, 438)	'是你'	8150
8042	(1141, 2900)	'电脑'	8151
8043	(68, 65)	'DA'	8152
8044	(478, 270)	' kit'	8153
8045	(2477, 4116)	' stopped'	8154
8046	(416, 153)	'伙'	8155
8047	(428, 278)	' notes'	8156
8048	(450, 265)	'rier'	8157
8049	(382, 447)	'urally'	8158
8050	(580, 571)	'都要'	8159
8051	(4711, 274)	' satis'	8160
8052	(992, 650)	' score'	8161
8053	(1148, 495)	' bright'	8162
8054	(1335, 413)	'十年'	8163
8055	(1246, 1631)	'机场'	8164
8056	(256, 4905)	' terror'	8165
8057	(599, 850)	' Off'	8166
8058	(276, 731)	' bare'	8167
8059	(87, 402)	'Will'	8168
8060	(1873, 1082)	' believed'	8169
8061	(636, 281)	'acing'	8170
8062	(1406, 5256)	' academ'	8171
8063	(968, 916)	'然而'	8172
8064	(700, 158)	'辞'	8173
8065	(3580, 313)	' fairly'	8174
8066	(481, 512)	' Dem'	8175
8067	(10, 826)	b'\n    '	8176
8068	(2186, 306)	'hole'	8177
8069	(1411, 3047)	' carried'	8178
8070	(547, 168)	'惨'	8179
8071	(1217, 278)	' Yes'	8180
8072	(409, 286)	' Mal'	8181
8073	(83, 607)	'Sure'	8182
8074	(5883, 345)	' victim'	8183
8075	(288, 351)	' dad'	8184
8076	(383, 132)	'径'	8185
8077	(122, 275)	'zen'	8186
8078	(98, 286)	'bal'	8187
8079	(359, 773)	'不行'	8188
8080	(1799, 176)	'翰'	8189
8081	(308, 384)	' gif'	8190
8082	(652, 6627)	' intellig'	8191
8083	(3374, 111)	' photo'	8192
8084	(2136, 102)	' Prof'	8193
8085	(256, 3666)	' task'	8194
8086	(6307, 5004)	' nuclear'	8195
8087	(2000, 173)	'搭'	8196
8088	(109, 286)	'mal'	8197
8089	(393, 2515)	' wearing'	8198
8090	(335, 121)	'sey'	8199
8091	(1976, 4174)	' biggest'	8200
8092	(2844, 703)	' treated'	8201
8093	(1439, 962)	" They're"	8202
8094	(1399, 134)	'堆'	8203
8095	(2367, 171)	'醫'	8204
8096	(314, 263)	'ston'	8205
8097	(1294, 112)	' emp'	8206
8098	(399, 677)	'我还'	8207
8099	(633, 138)	'羊'	8208
8100	(324, 1228)	'是怎么'	8209
8101	(260, 887)	'reens'	8210
8102	(505, 183)	'強'	8211
8103	(2679, 711)	' White'	8212
8104	(1802, 766)	'件事'	8213
8105	(525, 132)	'寄'	8214
8106	(531, 1436)	' Never'	8215
8107	(276, 1854)	' boot'	8216
8108	(331, 512)	' item'	8217
8109	(14107, 1545)	'穆斯林'	8218
8110	(806, 151)	'颗'	8219
8111	(301, 277)	'ican'	8220
8112	(3327, 1094)	'效果'	8221
8113	(547, 160)	'惠'	8222
8114	(1316, 5610)	' decisions'	8223
8115	(78, 101)	'Ne'	8224
8116	(45, 65)	'-A'	8225
8117	(2037, 176)	'碰'	8226
8118	(1064, 1814)	'語言'	8227
8119	(5670, 4056)	'臺灣'	8228
8120	(768, 281)	'ooking'	8229
8121	(4328, 14108)	'恐怖'	8231
8122	(52, 49)	'41'	8232
8123	(301, 769)	'icip'	8233
8124	(1112, 2555)	'太阳'	8234
8125	(1112, 629)	'太多'	8235
8126	(86, 69)	'VE'	8236
8127	(483, 146)	'秒'	8237
8128	(3677, 267)	'hemat'	8238
8129	(693, 5403)	'天津'	8239
8130	(429, 893)	' rub'	8240
8131	(107, 105)	'ki'	8241
8132	(409, 1159)	' Mark'	8242
8133	(918, 291)	' Star'	8243
8134	(4303, 301)	'ographic'	8244
8135	(1203, 1430)	' keys'	8245
8136	(805, 159)	'舟'	8246
8137	(270, 97)	'ita'	8247
8138	(714, 4704)	' adjust'	8248
8139	(294, 2151)	'的感觉'	8249
8140	(1469, 50)	'2002'	8251
8141	(4463, 2935)	' General'	8252
8142	(6752, 519)	' capacity'	8253
8143	(709, 691)	' manage'	8254
8144	(98, 105)	'bi'	8255
8145	(297, 382)	' hur'	8256
8146	(2212, 313)	' truly'	8257
8147	(459, 1914)	' neither'	8258
8148	(2136, 1969)	' Program'	8259
8149	(263, 449)	'onest'	8260
8150	(2586, 571)	'必要'	8261
8151	(704, 3125)	' arms'	8262
8152	(2640, 132)	'薄'	8263
8153	(363, 2077)	' stret'	8264
8154	(1632, 611)	'受到'	8265
8155	(45, 101)	'-e'	8266
8156	(3193, 287)	'ointed'	8267
8157	(750, 181)	'阵'	8268
8158	(1865, 172)	'責'	8269
8159	(1316, 602)	' decide'	8270
8160	(2022, 2189)	'传统'	8271
8161	(69, 728)	'Even'	8272
8162	(1040, 4099)	' floor'	8273
8163	(1467, 175)	'涯'	8274
8164	(366, 118)	' Av'	8275
8165	(2166, 1674)	'千米'	8276
8166	(807, 1631)	'市场'	8277
8167	(5232, 2003)	'附近'	8278
8168	(2387, 115)	' reports'	8279
8169	(337, 171)	'迫'	8280
8170	(1088, 833)	'全部'	8281
8171	(578, 294)	'看的'	8282
8172	(276, 306)	' ble'	8283
8173	(6242, 121)	' battery'	8284
8174	(413, 412)	'年在'	8285
8175	(474, 108)	' mel'	8286
8176	(341, 175)	'启'	8287
8177	(2797, 5969)	' Christmas'	8288
8178	(359, 629)	'不多'	8289
8179	(45, 1546)	'-sh'	8290
8180	(727, 115)	' Us'	8291
8181	(1148, 448)	' brand'	8292
8182	(278, 2092)	'esides'	8293
8183	(1038, 699)	'由于'	8294
8184	(1005, 330)	'weet'	8295
8185	(5973, 6670)	'遊戲'	8296
8186	(522, 118)	' Ev'	8297
8187	(910, 5975)	' apparently'	8298
8188	(1108, 3013)	'实际'	8299
8189	(487, 2443)	'2022'	8300
8190	(7106, 14100)	' February'	8301
8191	(805, 136)	'興'	8302
8192	(344, 382)	' Tur'	8303
8193	(494, 2285)	' button'	8304
8194	(1513, 1878)	'车站'	8305
8195	(3066, 7434)	' College'	8306
8196	(749, 1841)	' feature'	8307
8197	(1507, 447)	' personally'	8308
8198	(2457, 841)	' Que'	8309
8199	(580, 665)	'都能'	8310
8200	(301, 932)	'icial'	8311
8201	(648, 653)	' Jack'	8312
8202	(778, 57)	' 29'	8313
8203	(5624, 1313)	' alternative'	8314
8204	(781, 4621)	'最佳'	8315
8205	(582, 14047)	'ferences'	8316
8206	(2629, 6032)	' hydro'	8318
8207	(1469, 52)	'2004'	8319
8208	(344, 395)	' Tra'	8320
8209	(599, 358)	' Over'	8321
8210	(4936, 6899)	' architect'	8322
8211	(274, 403)	'isher'	8323
8212	(3316, 115)	' records'	8324
8213	(291, 452)	'arant'	8325
8214	(3337, 433)	' illust'	8326
8215	(265, 1308)	'erves'	8327
8216	(654, 132)	'還'	8328
8217	(46, 67)	'.C'	8329
8218	(391, 642)	'ooper'	8330
8219	(256, 4072)	' tiny'	8331
8220	(578, 359)	'看不'	8332
8221	(438, 359)	'你不'	8333
8222	(317, 148)	'仔'	8334
8223	(688, 4452)	'什么样的'	8335
8224	(287, 100)	'edd'	8336
8225	(425, 356)	' Big'	8337
8226	(76, 1580)	'Looks'	8338
8227	(100, 274)	'dis'	8339
8228	(3777, 541)	' apart'	8340
8229	(14044, 6009)	' degrees'	8341
8230	(506, 154)	'厚'	8342
8231	(1087, 1127)	'山东'	8343
8232	(1330, 294)	'目的'	8344
8233	(347, 116)	' fort'	8345
8234	(1865, 160)	'負'	8346
8235	(836, 1624)	' 2016'	8347
8236	(3675, 3160)	' cycle'	8348
8237	(53, 56)	'58'	8349
8238	(302, 109)	'asm'	8350
8239	(481, 533)	' Del'	8351
8240	(325, 1516)	' island'	8352
8241	(98, 1113)	'boy'	8353
8242	(1648, 3336)	' evolution'	8354
8243	(781, 565)	'最好'	8355
8244	(603, 294)	'家的'	8356
8245	(904, 343)	' pray'	8357
8246	(785, 1078)	'本科'	8358
8247	(3033, 1590)	'模式'	8359
8248	(1948, 837)	' secondary'	8360
8249	(3779, 702)	'例如'	8361
8250	(73, 3334)	'ION'	8362
8251	(4605, 132)	'錄'	8363
8252	(4507, 376)	' Smith'	8364
8253	(2976, 1098)	'态度'	8365
8254	(1987, 585)	'产生'	8366
8255	(514, 137)	'歉'	8367
8256	(1816, 277)	' explan'	8368
8257	(4020, 1302)	'担任'	8369
8258	(265, 437)	'erate'	8370
8259	(944, 789)	'南方'	8371
8260	(790, 1017)	'心情'	8372
8261	(32, 3642)	' ille'	8373
8262	(84, 70)	'TF'	8374
8263	(2209, 3091)	' experiences'	8375
8264	(530, 571)	'就要'	8376
8265	(3229, 7520)	'俄羅斯'	8377
8266	(3700, 281)	' meeting'	8378
8267	(4386, 2375)	' frequently'	8379
8268	(1014, 129)	'壁'	8380
8269	(1053, 294)	'定的'	8381
8270	(233, 145)	b'\xe9\x91'	8382
8271	(372, 1082)	'olved'	8383
8272	(578, 1759)	'看完'	8384
8273	(475, 101)	' lie'	8385
8274	(485, 121)	'osy'	8386
8275	(1239, 3424)	'身份'	8387
8276	(1040, 854)	' flav'	8388
8277	(463, 4821)	' Western'	8389
8278	(1785, 7292)	' familiar'	8390
8279	(67, 72)	'CH'	8391
8280	(501, 171)	'庫'	8392
8281	(2679, 644)	' Which'	8393
8282	(979, 3942)	'明显'	8394
8283	(1256, 1001)	' colors'	8395
8284	(2734, 3931)	' anti-'	8396
8285	(256, 2822)	' troll'	8397
8286	(781, 444)	'最大'	8398
8287	(14103, 302)	' Texas'	8399
8288	(654, 138)	'邊'	8400
8289	(6363, 14102)	' Retrieved'	8401
8290	(115, 109)	'sm'	8402
8291	(425, 330)	' Bet'	8403
8292	(462, 814)	'unction'	8404
8293	(1745, 3169)	' depression'	8405
8294	(793, 1155)	'道德'	8406
8295	(114, 267)	'rat'	8407
8296	(441, 833)	'中部'	8408
8297	(501, 132)	'庄'	8409
8298	(4434, 4217)	' Republic'	8410
8299	(111, 396)	'oil'	8411
8300	(2156, 2464)	'發展'	8412
8301	(481, 1433)	' During'	8413
8302	(7064, 378)	' Association'	8414
8303	(2694, 6288)	' properties'	8415
8304	(934, 173)	'箭'	8416
8305	(14059, 1002)	' weapons'	8417
8306	(1520, 160)	'悠'	8418
8307	(745, 185)	'曹'	8420
8308	(700, 163)	'辣'	8421
8309	(1187, 504)	'外国'	8422
8310	(1326, 1445)	'建制'	8423
8311	(67, 258)	'Che'	8424
8312	(530, 1676)	'就像'	8425
8313	(1467, 178)	'液'	8426
8314	(3415, 2036)	'细节'	8427
8315	(834, 306)	'dule'	8428
8316	(4959, 846)	' Jewish'	8429
8317	(1285, 1950)	'这个问题'	8430
8318	(84, 101)	'Te'	8431
8319	(323, 104)	'enth'	8432
8320	(813, 1354)	' units'	8433
8321	(5090, 166)	'瘦'	8434
8322	(117, 122)	'uz'	8435
8323	(5008, 115)	' patterns'	8436
8324	(576, 442)	'akers'	8437
8325	(586, 1341)	'日至'	8438
8326	(2631, 5804)	' describe'	8439
8327	(661, 186)	'欺'	8440
8328	(1113, 286)	'oyal'	8441
8329	(1400, 2013)	' defined'	8442
8330	(1673, 1594)	' president'	8443
8331	(1395, 413)	'少年'	8444
8332	(471, 1332)	' excess'	8445
8333	(1335, 1277)	'十二'	8446
8334	(947, 1734)	'理论'	8447
8335	(1040, 598)	' flag'	8448
8336	(4437, 3748)	'健康'	8449
8337	(1155, 743)	'德國'	8450
8338	(2681, 1246)	'飞机'	8451
8339	(461, 136)	'沈'	8452
8340	(825, 3362)	' sports'	8453
8341	(422, 188)	'综'	8454
8342	(116, 405)	'top'	8455
8343	(1479, 442)	' owners'	8456
8344	(268, 97)	' wa'	8457
8345	(865, 133)	'紅'	8458
8346	(3812, 281)	' walking'	8459
8347	(1896, 132)	'龄'	8460
8348	(315, 6223)	' yellow'	8461
8349	(429, 281)	' ring'	8462
8350	(535, 533)	' Rel'	8463
8351	(599, 78)	' ON'	8464
8352	(822, 5258)	' resistance'	8465
8353	(273, 4730)	' caught'	8466
8354	(4173, 773)	'银行'	8467
8355	(114, 467)	'rum'	8468
8356	(3961, 3920)	' football'	8469
8357	(263, 97)	'ona'	8470
8358	(3770, 513)	' massive'	8471
8359	(757, 3072)	'之間'	8472
8360	(2411, 281)	' paying'	8473
8361	(3210, 353)	' steam'	8474
8362	(1341, 1395)	'至少'	8475
8363	(4396, 105)	' initi'	8476
8364	(1789, 4281)	' causing'	8477
8365	(2870, 2650)	' identified'	8478
8366	(726, 377)	'过了'	8479
8367	(56, 56)	'88'	8480
8368	(361, 108)	'cel'	8481
8369	(409, 837)	' Mary'	8482
8370	(409, 541)	' Mart'	8483
8371	(904, 3166)	' prison'	8484
8372	(68, 83)	'DS'	8485
8373	(71, 581)	'God'	8486
8374	(522, 115)	' Es'	8487
8375	(1270, 821)	'原名'	8488
8376	(84, 114)	'Tr'	8489
8377	(2123, 4263)	' restrict'	8490
8378	(626, 591)	'也会'	8491
8379	(4756, 1120)	' sample'	8492
8380	(1629, 5208)	'放弃'	8493
8381	(1940, 168)	'茨'	8494
8382	(14024, 532)	' movies'	8495
8383	(256, 769)	' tip'	8496
8384	(690, 153)	'雙'	8497
8385	(286, 306)	'alle'	8498
8386	(1733, 2431)	'歌曲'	8499
8387	(267, 1779)	'atural'	8500
8388	(275, 97)	'ena'	8501
8389	(1124, 4997)	'政策'	8502
8390	(276, 6678)	' bodies'	8503
8391	(282, 1237)	' math'	8504
8392	(288, 3960)	' dyn'	8506
8393	(950, 164)	'肤'	8507
8394	(349, 1831)	'一张'	8508
8395	(7420, 5813)	' Council'	8509
8396	(411, 115)	'uls'	8510
8397	(1480, 4818)	' functions'	8511
8398	(2442, 7295)	' opposite'	8512
8399	(1365, 1359)	'是一個'	8513
8400	(107, 278)	'kes'	8514
8401	(286, 111)	'alo'	8515
8402	(761, 451)	' Thus'	8516
8403	(375, 149)	'孕'	8517
8404	(395, 814)	'raction'	8518
8405	(729, 158)	'竞'	8519
8406	(1698, 455)	'每个'	8521
8407	(672, 140)	'續'	8522
8408	(77, 79)	'MO'	8523
8409	(1399, 177)	'報'	8524
8410	(906, 115)	'onds'	8525
8411	(359, 412)	'不在'	8526
8412	(1180, 780)	'回去'	8527
8413	(1821, 294)	'它的'	8528
8414	(3342, 2571)	' combination'	8529
8415	(5272, 6364)	' ridicul'	8530
8416	(999, 370)	' Vir'	8531
8417	(68, 719)	'Dep'	8532
8418	(3569, 3149)	' immune'	8533
8419	(626, 1156)	'也可以'	8534
8420	(839, 1776)	'女孩'	8535
8421	(6749, 2660)	'efinitely'	8536
8422	(114, 302)	'ras'	8537
8423	(283, 1232)	' phen'	8538
8424	(263, 301)	'onic'	8539
8425	(1386, 5320)	' survey'	8540
8426	(1316, 3816)	' decades'	8541
8427	(636, 258)	'ache'	8542
8428	(445, 2515)	' sharing'	8543
8429	(268, 6503)	' wanna'	8544
8430	(439, 3835)	'abilities'	8545
8431	(828, 142)	'税'	8546
8432	(1778, 1516)	' Island'	8547
8433	(276, 598)	' bag'	8548
8434	(351, 287)	'aded'	8549
8435	(1200, 412)	'正在'	8550
8436	(727, 959)	' Under'	8551
8437	(459, 404)	' neck'	8552
8438	(429, 277)	' ran'	8553
8439	(1075, 140)	'題'	8554
8440	(2050, 6981)	'中國大陸'	8555
8441	(661, 163)	'欣'	8556
8442	(1810, 156)	'猜'	8557
8443	(118, 105)	'vi'	8558
8444	(295, 259)	' thin'	8559
8445	(684, 1239)	'出身'	8560
8446	(2418, 860)	'伊斯'	8561
8447	(2544, 277)	' Plan'	8562
8448	(4304, 2220)	' injury'	8563
8449	(1986, 313)	' mainly'	8564
8450	(3041, 855)	' sentence'	8565
8451	(2948, 3546)	'聯盟'	8566
8452	(83, 85)	'SU'	8567
8453	(288, 6326)	' daughter'	8568
8454	(2597, 131)	'較'	8569
8455	(279, 1337)	' fert'	8570
8456	(652, 2854)	' intended'	8571
8457	(3079, 1990)	' wondering'	8572
8458	(561, 4631)	' league'	8573
8459	(963, 1585)	'文字'	8574
8460	(677, 359)	'还不'	8575
8461	(350, 5349)	' upper'	8576
8462	(813, 1842)	' univers'	8577
8463	(3400, 2854)	' recommended'	8578
8464	(4308, 2976)	'状态'	8579
8465	(551, 132)	'玄'	8580
8466	(256, 334)	' tro'	8581
8467	(2066, 905)	' buildings'	8582
8468	(2088, 182)	'瓶'	8583
8469	(283, 451)	' pus'	8584
8470	(365, 1420)	'人员'	8585
8471	(14046, 1304)	' opportunities'	8586
8472	(14110, 1271)	'瞬间'	8587
8473	(2936, 447)	' normally'	8588
8474	(290, 136)	'予'	8589
8475	(880, 49)	' 31'	8590
8476	(351, 115)	'ads'	8591
8477	(83, 1881)	'See'	8592
8478	(83, 99)	'Sc'	8593
8479	(2024, 112)	'comp'	8594
8480	(3701, 313)	' significantly'	8595
8481	(717, 163)	'渣'	8596
8482	(4661, 1802)	'软件'	8597
8483	(1114, 1495)	'加入'	8598
8484	(795, 137)	'轉'	8599
8485	(4647, 719)	' Keep'	8600
8486	(1517, 5112)	' minimum'	8601
8487	(1860, 336)	' valid'	8602
8488	(1148, 913)	' brown'	8603
8489	(526, 162)	'逢'	8604
8490	(1816, 650)	' explore'	8605
8491	(76, 2630)	'Like'	8606
8492	(4176, 905)	' settings'	8607
8493	(3030, 280)	' absor'	8608
8494	(854, 97)	'ava'	8609
8495	(3192, 294)	'不同的'	8610
8496	(79, 382)	'Our'	8611
8497	(2550, 281)	'erring'	8612
8498	(2243, 281)	' killing'	8613
8499	(104, 1001)	'hors'	8615
8500	(1971, 112)	' trip'	8616
8501	(1648, 396)	' evil'	8617
8502	(896, 513)	'ressive'	8618
8503	(2209, 5391)	' experienced'	8619
8504	(99, 731)	'care'	8620
8505	(283, 1103)	' piss'	8621
8506	(884, 1098)	'高度'	8622
8507	(1727, 54)	' 2006'	8623
8508	(2450, 6301)	' Spanish'	8624
8509	(468, 146)	'怒'	8625
8510	(542, 1209)	' Life'	8626
8511	(1130, 5742)	' despite'	8627
8512	(4396, 932)	' initial'	8628
8513	(1547, 121)	' sky'	8629
8514	(377, 762)	'了一个'	8630
8515	(349, 2269)	'一種'	8631
8516	(45, 306)	'-le'	8632
8517	(2811, 115)	' suggests'	8633
8518	(1665, 4571)	' experiment'	8634
8519	(1773, 686)	'数学'	8635
8520	(1520, 163)	'患'	8636
8521	(421, 109)	' sem'	8637
8522	(1921, 4263)	' district'	8638
8523	(592, 146)	'炒'	8639
8524	(1101, 2017)	'感谢'	8640
8525	(1309, 759)	'立法'	8641
8526	(53, 57)	'59'	8642
8527	(117, 121)	'uy'	8643
8528	(84, 65)	'TA'	8644
8529	(567, 121)	'asty'	8645
8530	(278, 104)	'esh'	8646
8531	(409, 267)	' Mat'	8647
8532	(264, 2092)	' sides'	8648
8533	(1066, 45)	' well-'	8649
8534	(648, 744)	' Jose'	8650
8535	(429, 411)	' rul'	8651
8536	(2469, 785)	'版本'	8652
8537	(80, 265)	'Per'	8653
8538	(777, 4527)	' disorder'	8654
8539	(507, 572)	' soci'	8655
8540	(89, 5107)	'Yea'	8656
8541	(3338, 115)	' attacks'	8657
8542	(2331, 741)	'造成'	8658
8543	(1069, 401)	'ighter'	8659
8544	(1374, 131)	'娃'	8660
8545	(781, 2920)	'最终'	8661
8546	(523, 101)	' Fe'	8662
8547	(71, 78)	'GN'	8663
8548	(387, 353)	' Cam'	8664
8549	(53, 55)	'57'	8665
8550	(848, 792)	' grass'	8666
8551	(1262, 449)	' greatest'	8667
8552	(75, 101)	'Ke'	8669
8553	(303, 259)	'omin'	8670
8554	(356, 275)	'igen'	8671
8555	(3494, 281)	' fighting'	8672
8556	(14106, 842)	' disagree'	8673
8557	(5810, 1858)	' dollars'	8674
8558	(363, 7726)	' storage'	8675
8559	(3031, 977)	' tradition'	8676
8560	(3921, 968)	'竟然'	8677
8561	(70, 76)	'FL'	8678
8562	(688, 1373)	'什么时候'	8679
8563	(2747, 156)	'榜'	8680
8564	(1811, 147)	'頓'	8681
8565	(481, 105)	' Di'	8682
8566	(1761, 324)	'真的是'	8683
8567	(2079, 1440)	'微信'	8684
8568	(481, 1306)	' Dec'	8685
8569	(345, 942)	'iments'	8686
8570	(838, 286)	'ocal'	8687
8571	(1441, 294)	'我们的'	8689
8572	(4114, 5731)	' George'	8690
8573	(368, 893)	' Sub'	8691
8574	(835, 281)	'elling'	8692
8575	(559, 153)	'妙'	8693
8576	(1147, 294)	'力的'	8694
8577	(902, 167)	'侧'	8695
8578	(368, 108)	' Sl'	8696
8579	(2733, 455)	'整个'	8697
8580	(99, 1189)	'cont'	8698
8581	(264, 1533)	' sale'	8699
8582	(4286, 5153)	' William'	8700
8583	(1415, 115)	' ends'	8701
8584	(273, 1959)	' cash'	8702
8585	(1820, 294)	'他们的'	8703
8586	(80, 114)	'Pr'	8704
8587	(3215, 837)	'porary'	8705
8588	(709, 2067)	' manner'	8706
8589	(405, 121)	'opy'	8707
8590	(419, 118)	' conv'	8708
8591	(2423, 3047)	' married'	8709
8592	(1997, 265)	' leader'	8710
8593	(102, 549)	'fall'	8711
8594	(283, 1505)	' pair'	8712
8595	(3445, 595)	' motiv'	8713
8596	(6088, 872)	'尤其'	8714
8597	(1935, 741)	'形成'	8715
8598	(6197, 265)	' closer'	8717
8599	(490, 837)	' vary'	8718
8600	(687, 651)	" hasn't"	8719
8601	(690, 178)	'雲'	8720
8602	(1667, 6407)	' insurance'	8721
8603	(1268, 314)	' chest'	8722
8604	(6333, 1378)	' budget'	8723
8605	(3728, 313)	' perfectly'	8724
8606	(1425, 905)	' feelings'	8725
8607	(6141, 896)	' Congress'	8726
8608	(522, 68)	' ED'	8727
8609	(1445, 1098)	'制度'	8728
8610	(1052, 101)	'obe'	8729
8611	(1084, 177)	'許'	8730
8612	(1730, 345)	' elim'	8731
8613	(3325, 3176)	' volume'	8732
8614	(83, 2019)	'Sounds'	8733
8615	(1079, 1295)	'男友'	8734
8616	(2366, 1633)	'声音'	8735
8617	(3635, 1550)	' Amaz'	8736
8618	(14070, 942)	' components'	8737
8619	(293, 14111)	' offered'	8738
8620	(3253, 294)	'重要的'	8739
8621	(291, 756)	'aria'	8740
8622	(1598, 14117)	' strategy'	8741
8623	(1503, 145)	'滑'	8742
8624	(784, 177)	'谱'	8743
8625	(119, 602)	'wide'	8744
8626	(308, 621)	' gear'	8745
8627	(510, 172)	'咬'	8746
8628	(1773, 2860)	'数据'	8747
8629	(117, 97)	'ua'	8748
8630	(1691, 1495)	'进入'	8749
8631	(779, 923)	'作為'	8750
8632	(2648, 278)	' files'	8751
8633	(45, 114)	'-r'	8752
8634	(2030, 2862)	'类似'	8753
8635	(721, 138)	'俊'	8754
8636	(112, 286)	'pal'	8755
8637	(268, 330)	' wet'	8756
8638	(1887, 556)	'网上'	8757
8639	(614, 166)	'浦'	8758
8640	(3344, 930)	'某些'	8759
8641	(269, 274)	'ouis'	8760
8642	(2690, 2176)	'父亲'	8761
8643	(7707, 1074)	' platform'	8762
8644	(734, 2096)	' closed'	8763
8645	(1535, 987)	'河北'	8764
8646	(1665, 116)	' expert'	8765
8647	(1104, 725)	'老公'	8766
8648	(4951, 756)	' Russia'	8767
8649	(232, 164)	b'\xe8\xa4'	8768
8650	(1221, 171)	'虫'	8769
8651	(993, 1881)	'ittee'	8770
8652	(303, 301)	'omic'	8771
8653	(195, 173)	'í'	8772
8654	(623, 324)	'说是'	8773
8655	(5997, 278)	' challenges'	8774
8656	(1138, 150)	'糖'	8775
8657	(1569, 796)	'反对'	8776
8658	(2532, 1350)	'简直'	8777
8659	(3001, 2522)	'消息'	8778
8660	(402, 287)	'illed'	8779
8661	(750, 187)	'阻'	8780
8662	(368, 267)	' Sat'	8781
8663	(276, 577)	' bone'	8782
8664	(3227, 115)	' fields'	8783
8665	(482, 1099)	'这次'	8784
8666	(2539, 275)	'idden'	8785
8667	(1054, 294)	'长的'	8786
8668	(820, 1720)	'很难'	8787
8669	(839, 294)	'女的'	8788
8670	(4795, 2080)	' prepared'	8790
8671	(821, 294)	'名的'	8791
8672	(3445, 307)	' motion'	8792
8673	(297, 3709)	' homes'	8793
8674	(1832, 944)	'越南'	8794
8675	(522, 858)	' Each'	8795
8676	(1331, 694)	' regions'	8796
8677	(1173, 680)	' 500'	8797
8678	(306, 103)	'leg'	8798
8679	(283, 112)	' pp'	8799
8680	(1257, 686)	'化学'	8800
8681	(1464, 413)	'今年'	8801
8682	(71, 108)	'Gl'	8802
8683	(385, 1373)	'有时候'	8803
8684	(277, 111)	'ano'	8804
8685	(363, 345)	' stim'	8805
8686	(1177, 736)	'她们'	8806
8687	(772, 3870)	'用户'	8807
8688	(100, 115)	'ds'	8808
8689	(282, 437)	' mate'	8809
8690	(3511, 121)	' lucky'	8810
8691	(1089, 1169)	'text'	8811
8692	(625, 3815)	' output'	8812
8693	(880, 680)	' 300'	8813
8694	(725, 1275)	'公共'	8814
8695	(54, 49)	'61'	8815
8696	(1088, 743)	'全國'	8816
8697	(2484, 108)	' Atl'	8817
8698	(3964, 450)	' nutri'	8818
8699	(5949, 699)	'分布于'	8819
8700	(359, 979)	'不明'	8820
8701	(1883, 4235)	'包含'	8821
8702	(51, 680)	'300'	8822
8703	(4951, 997)	' Russian'	8823
8704	(366, 68)	' AD'	8824
8705	(3744, 5141)	' urban'	8825
8706	(3565, 790)	'恶心'	8826
8707	(2101, 115)	' legs'	8827
8708	(14119, 128)	'基础'	8828
8709	(727, 112)	' Up'	8829
8710	(7607, 513)	' perspective'	8830
8711	(6998, 2795)	'拒绝'	8831
8712	(1345, 115)	' subs'	8832
8713	(425, 1205)	' Both'	8833
8714	(283, 3105)	' push'	8834
8715	(3805, 1325)	' requirements'	8835
8716	(693, 716)	'天下'	8836
8717	(1243, 146)	'插'	8837
8718	(3659, 1233)	' territ'	8838
8719	(1239, 556)	'身上'	8839
8720	(2122, 132)	'範'	8840
8721	(1934, 278)	'okes'	8841
8722	(78, 819)	'Nah'	8842
8723	(1584, 294)	'色的'	8843
8724	(72, 274)	'His'	8844
8725	(229, 154)	b'\xe5\x9a'	8845
8726	(1670, 14064)	' medicine'	8846
8727	(704, 3038)	' army'	8847
8728	(3868, 335)	' horse'	8848
8729	(954, 1284)	' speaking'	8849
8730	(1040, 569)	' flood'	8850
8731	(272, 14076)	' ocean'	8851
8732	(4337, 1652)	'Probably'	8852
8733	(295, 111)	' tho'	8853
8734	(365, 412)	'人在'	8854
8735	(517, 161)	'衡'	8855
8736	(797, 150)	'袖'	8856
8737	(82, 278)	'Res'	8857
8738	(720, 294)	'后的'	8858
8739	(649, 154)	'枚'	8859
8740	(409, 396)	' Mil'	8860
8741	(79, 67)	'OC'	8861
8742	(1174, 187)	'驻'	8862
8743	(7123, 1906)	'加利福'	8863
8744	(405, 14067)	'opefully'	8864
8745	(1210, 148)	'柔'	8865
8746	(463, 1726)	' Work'	8866
8747	(2658, 1351)	' educational'	8867
8748	(337, 157)	'违'	8868
8749	(556, 4904)	'上映'	8869
8750	(624, 170)	'剪'	8870
8751	(848, 946)	' grade'	8871
8752	(363, 5142)	' street'	8872
8753	(341, 147)	'吓'	8873
8754	(122, 281)	'zing'	8874
8755	(1294, 7681)	' emphas'	8875
8756	(425, 302)	' Bas'	8876
8757	(1654, 115)	' facts'	8877
8758	(1335, 349)	'十一'	8878
8759	(970, 3355)	' doesn’t'	8879
8760	(2753, 4319)	' household'	8880
8761	(2143, 978)	'未知'	8881
8762	(82, 67)	'RC'	8882
8763	(1176, 110)	'awn'	8883
8764	(545, 115)	' yours'	8884
8765	(100, 275)	'den'	8885
8766	(279, 7342)	' false'	8886
8767	(118, 277)	'van'	8887
8768	(4553, 396)	' util'	8888
8769	(4239, 281)	' regarding'	8889
8770	(1243, 180)	'援'	8890
8771	(256, 3158)	' tips'	8891
8772	(1018, 1226)	'平台'	8892
8773	(355, 138)	'刊'	8893
8774	(3423, 189)	'槽'	8894
8775	(927, 146)	'恒'	8895
8776	(1386, 7465)	' surgery'	8896
8777	(5606, 519)	' electricity'	8897
8778	(482, 4120)	'这句话'	8898
8779	(69, 110)	'En'	8899
8780	(448, 97)	'anda'	8901
8781	(69, 65)	'EA'	8902
8782	(1055, 110)	' syn'	8903
8783	(494, 401)	' butter'	8904
8784	(964, 137)	'廉'	8905
8785	(423, 161)	'巡'	8906
8786	(1463, 4358)	' monitor'	8907
8787	(273, 302)	' cas'	8908
8788	(2877, 6704)	'經濟'	8909
8789	(296, 7268)	' insect'	8910
8790	(2844, 398)	' trend'	8911
8791	(3989, 265)	' layer'	8912
8792	(933, 657)	' blog'	8913
8793	(5664, 2332)	' innov'	8914
8794	(304, 100)	' Id'	8916
8795	(1491, 115)	' sets'	8917
8796	(4625, 1312)	' introduced'	8918
8797	(627, 412)	'他在'	8919
8798	(55, 55)	'77'	8920
8799	(1598, 1248)	' strange'	8921
8800	(798, 116)	'bert'	8922
8801	(256, 549)	' tall'	8923
8802	(1197, 1049)	'重新'	8924
8803	(791, 1121)	'西省'	8925
8804	(300, 4965)	' losing'	8926
8805	(1510, 1629)	'解放'	8927
8806	(818, 286)	'ormal'	8928
8807	(1293, 744)	' suppose'	8929
8808	(1188, 2341)	' raised'	8930
8809	(2244, 287)	' opened'	8931
8810	(386, 137)	'奉'	8932
8811	(1341, 1464)	'至今'	8933
8812	(363, 1858)	' stars'	8934
8813	(421, 287)	' seed'	8935
8814	(1377, 905)	' findings'	8936
8815	(1057, 4572)	'中国大陆'	8937
8816	(4187, 2172)	' consumption'	8938
8817	(1102, 772)	'利用'	8939
8818	(1403, 150)	'殖'	8940
8819	(32, 195)	b' \xc3'	8942
8820	(3445, 280)	' motor'	8943
8821	(3524, 617)	'妹子'	8944
8822	(6632, 915)	'分佈於'	8945
8823	(1011, 2849)	'比賽'	8946
8824	(409, 875)	' Mount'	8947
8825	(5901, 323)	' independent'	8948
8826	(3136, 3136)	'姐姐'	8949
8827	(2450, 829)	' Space'	8950
8828	(336, 442)	'iders'	8951
8829	(3240, 116)	' salt'	8952
8830	(2101, 7303)	' legisl'	8953
8831	(67, 417)	'Could'	8955
8832	(5651, 1589)	' distribution'	8956
8833	(366, 6102)	' Arab'	8957
8834	(436, 157)	'劝'	8958
8835	(1078, 1206)	'科學'	8959
8836	(14080, 121)	' enemy'	8960
8837	(813, 3301)	' unlike'	8961
8838	(4283, 313)	' slowly'	8962
8839	(256, 4730)	' taught'	8963
8840	(6465, 4406)	'描述'	8964
8841	(260, 1089)	'rete'	8965
8842	(1490, 140)	'菌'	8966
8843	(6774, 841)	' tissue'	8967
8844	(2083, 281)	' standing'	8968
8845	(543, 167)	'氧'	8969
8846	(7273, 2686)	'Awesome'	8970
8847	(320, 186)	'夺'	8971
8848	(1623, 1099)	'首次'	8972
8849	(333, 146)	'兒'	8973
8850	(781, 2608)	'最好的'	8974
8851	(384, 818)	'iform'	8975
8852	(886, 790)	'真心'	8976
8853	(1903, 1903)	'----'	8977
8854	(4459, 863)	'單位'	8978
8855	(3406, 313)	'Only'	8979
8856	(599, 346)	' Out'	8980
8857	(995, 14112)	' afraid'	8981
8858	(443, 2330)	' proof'	8982
8859	(734, 345)	' clim'	8983
8860	(3876, 110)	' concern'	8984
8861	(1997, 115)	' leads'	8985
8862	(987, 789)	'北方'	8986
8863	(3794, 142)	'瞎'	8987
8864	(1278, 1214)	'表演'	8988
8865	(3983, 731)	' square'	8989
8866	(979, 979)	'明明'	8990
8867	(4254, 2886)	'概念'	8991
8868	(321, 265)	' beer'	8993
8869	(2312, 504)	'帝国'	8994
8870	(111, 303)	'oom'	8995
8871	(282, 382)	' mur'	8996
8872	(887, 278)	'enses'	8997
8873	(295, 3875)	' thinks'	8998
8874	(2221, 2176)	'母亲'	8999
8875	(116, 733)	'tical'	9000
8876	(344, 280)	' Tor'	9001
8877	(333, 129)	'允'	9002
8878	(333, 185)	'兹'	9003
8879	(301, 270)	'icit'	9004
8880	(785, 1239)	'本身'	9005
8881	(773, 1283)	'行业'	9006
8882	(1971, 286)	' trial'	9007
8883	(1568, 287)	' fucked'	9008
8884	(1628, 1207)	'阿拉'	9009
8885	(624, 169)	'剩'	9010
8886	(1246, 4179)	'机构'	9011
8887	(1403, 138)	'殊'	9012
8888	(2017, 5759)	'谢邀'	9013
8889	(409, 639)	' Make'	9014
8890	(264, 3871)	' sister'	9015
8891	(265, 107)	'erk'	9016
8892	(387, 1237)	' Cath'	9017
8893	(82, 495)	'Right'	9018
8894	(268, 270)	' wit'	9019
8895	(1194, 2363)	'体育'	9020
8896	(535, 644)	' Rich'	9021
8897	(712, 281)	' knowing'	9022
8898	(921, 178)	'署'	9023
8899	(83, 265)	'Ser'	9024
8900	(308, 3523)	' gift'	9025
8901	(1216, 156)	'霜'	9026
8902	(1755, 4754)	' articles'	9028
8903	(531, 4106)	' NOT'	9029
8904	(1898, 327)	' crow'	9030
8905	(1745, 432)	' depth'	9031
8906	(422, 141)	'绍'	9032
8907	(822, 2584)	' resource'	9033
8908	(4228, 168)	'磨'	9034
8909	(89, 1204)	'Yup'	9035
8910	(285, 14109)	' anxiety'	9036
8911	(1450, 281)	' posting'	9037
8912	(575, 188)	'彼'	9038
8913	(7040, 502)	' Government'	9039
8914	(3175, 306)	' circle'	9040
8915	(369, 495)	' height'	9041
8916	(54, 51)	'63'	9042
8917	(481, 263)	' Don'	9043
8918	(1049, 294)	'新的'	9044
8919	(797, 129)	'袁'	9045
8920	(784, 139)	'谋'	9046
8921	(787, 109)	' prem'	9047
8922	(7149, 3020)	'太平洋'	9048
8923	(45, 432)	'-th'	9049
8924	(464, 5853)	' Human'	9050
8925	(2734, 1162)	' antib'	9051
8926	(1763, 265)	' harder'	9052
8927	(6432, 591)	'委员会'	9053
8928	(344, 697)	' Time'	9054
8929	(815, 759)	'想法'	9055
8930	(363, 818)	' storm'	9056
8931	(99, 442)	'cers'	9057
8932	(1172, 294)	'爱的'	9058
8933	(2166, 1846)	'千万'	9059
8934	(674, 104)	' enh'	9060
8935	(783, 5497)	' contrast'	9061
8936	(363, 577)	' stone'	9062
8937	(813, 102)	' unf'	9063
8938	(3820, 2513)	'漫画'	9064
8939	(1892, 174)	'饮'	9065
8940	(523, 569)	' Food'	9066
8941	(471, 4858)	' exhib'	9067
8942	(356, 607)	'igure'	9068
8943	(599, 352)	' Old'	9069
8944	(2940, 105)	' multi'	9070
8945	(3831, 115)	' claims'	9071
8946	(320, 184)	'夸'	9072
8947	(438, 571)	'你要'	9073
8948	(523, 650)	' Fore'	9075
8949	(1727, 53)	' 2005'	9076
8950	(232, 160)	b'\xe8\xa0'	9077
8951	(462, 110)	'unn'	9078
8952	(1716, 281)	'standing'	9079
8953	(3285, 14113)	' yesterday'	9080
8954	(363, 703)	' stated'	9081
8955	(2134, 324)	'可能是'	9082
8956	(467, 110)	'umn'	9083
8957	(1745, 485)	' depos'	9084
8958	(1180, 2467)	'回复'	9085
8959	(14124, 14126)	'垃圾'	9086
8960	(4430, 116)	'obert'	9087
8961	(283, 2782)	' pump'	9088
8962	(3672, 5081)	' observed'	9089
8963	(1989, 607)	'ructure'	9090
8964	(32, 4905)	' error'	9091
8965	(57, 55)	'97'	9092
8966	(1027, 2749)	'经验'	9094
8967	(196, 129)	'ā'	9095
8968	(283, 1880)	' pages'	9096
8969	(1901, 377)	'买了'	9097
8970	(1140, 1082)	' served'	9098
8971	(2542, 617)	'房子'	9099
8972	(297, 3634)	' hole'	9100
8973	(558, 165)	'泥'	9101
8974	(409, 598)	' Mag'	9102
8975	(85, 78)	'UN'	9103
8976	(112, 3193)	'point'	9104
8977	(2919, 115)	' accounts'	9105
8978	(3698, 281)	' selling'	9106
8979	(2011, 135)	'摇'	9107
8980	(2349, 1782)	'质量'	9108
8981	(2037, 188)	'碼'	9109
8982	(7566, 5346)	' approximately'	9110
8983	(260, 286)	'real'	9111
8984	(233, 167)	b'\xe9\xa7'	9112
8985	(302, 589)	'asks'	9113
8986	(3204, 65)	'ASA'	9114
8987	(301, 2422)	'icians'	9115
8988	(1144, 53)	' 45'	9116
8989	(1918, 360)	' bitch'	9117
8990	(375, 159)	'孟'	9118
8991	(603, 365)	'家人'	9119
8992	(961, 100)	'hyd'	9120
8993	(402, 281)	'illing'	9121
8994	(418, 263)	' moon'	9122
8995	(366, 67)	' AC'	9123
8996	(4791, 426)	' judge'	9124
8997	(839, 1295)	'女友'	9125
8998	(542, 985)	' Love'	9126
8999	(510, 177)	'咱'	9127
9000	(3380, 2511)	' Environment'	9128
9001	(1582, 191)	'嘿'	9129
9002	(2075, 4390)	'集團'	9130
9003	(6104, 115)	' aspects'	9131
9004	(288, 2309)	' divid'	9132
9005	(516, 2054)	' champ'	9133
9006	(294, 1004)	'的特'	9134
9007	(353, 2776)	'amental'	9135
9008	(538, 165)	'遥'	9136
9009	(14120, 1094)	'苹果'	9137
9010	(54, 50)	'62'	9138
9011	(70, 960)	'First'	9139
9012	(445, 1287)	' shock'	9140
9013	(326, 432)	' youth'	9141
9014	(3876, 4018)	' concerned'	9142
9015	(3491, 556)	'历史上'	9143
9016	(996, 2896)	' everywhere'	9144
9017	(321, 291)	' bear'	9145
9018	(1333, 1891)	'王朝'	9146
9019	(4536, 4800)	' collabor'	9147
9020	(688, 294)	'什么的'	9148
9021	(2240, 7401)	' Canadian'	9149
9022	(256, 1564)	' trib'	9150
9023	(4367, 141)	'鳍'	9151
9024	(770, 186)	'決'	9152
9025	(434, 4217)	' Public'	9153
9026	(86, 2365)	'VER'	9154
9027	(901, 5395)	' partners'	9155
9028	(336, 2973)	'idae'	9156
9029	(1772, 115)	' kinds'	9157
9030	(3354, 2132)	'智商'	9158
9031	(509, 311)	'pell'	9159
9032	(2216, 5968)	'根據'	9160
9033	(5518, 426)	' encourage'	9161
9034	(4020, 790)	'担心'	9162
9035	(1307, 5933)	'关键'	9163
9036	(1469, 51)	'2003'	9164
9037	(1294, 6833)	' emissions'	9165
9038	(616, 132)	'抄'	9166
9039	(41, 41)	'))'	9167
9040	(3213, 287)	' picked'	9168
9041	(291, 110)	'arn'	9169
9042	(467, 798)	'umber'	9170
9043	(104, 695)	'host'	9171
9044	(791, 789)	'西方'	9172
9045	(1520, 148)	'悔'	9173
9046	(1699, 177)	'話'	9174
9047	(462, 115)	'uns'	9175
9048	(1324, 183)	'酷'	9176
9049	(770, 135)	'汇'	9177
9050	(259, 105)	'ini'	9178
9051	(531, 280)	' Nor'	9179
9052	(256, 598)	' tag'	9180
9053	(5955, 378)	' conversation'	9181
9054	(1531, 294)	'喜欢的'	9182
9055	(717, 161)	'渡'	9183
9056	(382, 378)	'uration'	9184
9057	(2598, 4765)	' advanced'	9185
9058	(308, 343)	' gay'	9186
9059	(536, 167)	'盧'	9187
9060	(1592, 3169)	' expression'	9188
9061	(701, 97)	' tea'	9189
9062	(5992, 1773)	'大多数'	9190
9063	(1852, 185)	'腹'	9191
9064	(799, 3703)	' nobody'	9192
9065	(65, 14057)	'According'	9193
9066	(273, 1596)	' cute'	9194
9067	(810, 165)	'挥'	9195
9068	(265, 397)	"er's"	9196
9069	(5652, 809)	' purchase'	9197
9070	(3538, 2372)	' previously'	9198
9071	(3958, 1925)	'旅游'	9199
9072	(7847, 1302)	'擔任'	9200
9073	(4790, 2698)	'職業'	9201
9074	(3592, 5756)	' industrial'	9202
9075	(2027, 3633)	' technique'	9203
9076	(294, 937)	'的第'	9204
9077	(464, 533)	' Hel'	9205
9078	(7019, 532)	' strategies'	9206
9079	(1317, 191)	'湿'	9207
9080	(2800, 156)	'潜'	9208
9081	(73, 70)	'IF'	9209
9082	(100, 595)	'div'	9210
9083	(1475, 1666)	'总人口'	9211
9084	(777, 115)	' diss'	9212
9085	(1958, 1080)	' Therefore'	9213
9086	(65, 465)	'App'	9214
9087	(2108, 413)	'青年'	9215
9088	(102, 473)	'from'	9216
9089	(259, 1182)	'inating'	9217
9090	(7953, 6861)	' husband'	9218
9091	(808, 1523)	'英格'	9219
9092	(1135, 99)	'bec'	9220
9093	(3553, 1499)	' structures'	9221
9094	(1586, 7002)	' numerous'	9222
9095	(851, 156)	'障'	9223
9096	(4395, 442)	' waters'	9224
9097	(394, 115)	'outs'	9225
9098	(4366, 313)	' widely'	9226
9099	(1554, 1833)	' realized'	9227
9100	(3451, 301)	' critic'	9228
9101	(7593, 502)	' Development'	9229
9102	(2244, 281)	' opening'	9230
9103	(741, 2279)	'成員'	9231
9104	(482, 1153)	'这就是'	9232
9105	(301, 997)	'ician'	9233
9106	(363, 955)	' stuck'	9234
9107	(1267, 130)	'裂'	9235
9108	(346, 115)	'uts'	9236
9109	(2980, 6747)	'习惯'	9237
9110	(1095, 2388)	'水域'	9238
9111	(524, 1391)	' Gold'	9239
9112	(387, 267)	' Cat'	9240
9113	(309, 301)	' nic'	9241
9114	(3768, 287)	' failed'	9242
9115	(3755, 7742)	'Exactly'	9243
9116	(709, 4023)	' managed'	9244
9117	(1944, 3991)	' drunk'	9245
9118	(2408, 6979)	' organizations'	9246
9119	(2090, 7906)	' confirmed'	9247
9120	(3205, 2724)	'夏季'	9248
9121	(539, 139)	'見'	9249
9122	(3281, 3644)	'帮助'	9250
9123	(846, 281)	'ishing'	9251
9124	(772, 699)	'用于'	9252
9125	(1955, 863)	'各位'	9253
9126	(102, 955)	'fuck'	9254
9127	(1374, 14082)	'娱乐'	9255
9128	(2027, 6362)	' technologies'	9256
9129	(2082, 1611)	'博士'	9257
9130	(274, 112)	'isp'	9258
9131	(490, 567)	' vast'	9259
9132	(5371, 4133)	'怎样的体验'	9260
9133	(2819, 287)	' presented'	9261
9134	(981, 2682)	'意识'	9262
9135	(5769, 314)	' boost'	9263
9136	(279, 384)	' fif'	9264
9137	(1320, 146)	'荒'	9265
9138	(690, 190)	'雾'	9266
9139	(724, 278)	'apes'	9267
9140	(102, 114)	'fr'	9268
9141	(256, 467)	' tum'	9269
9142	(3707, 2013)	' determined'	9270
9143	(2299, 1039)	'观点'	9271
9144	(1231, 162)	'钢'	9272
9145	(2942, 1742)	'读书'	9273
9146	(700, 177)	'辱'	9274
9147	(598, 263)	'agon'	9275
9148	(1225, 3810)	' gotta'	9276
9149	(1615, 426)	' edge'	9277
9150	(1520, 159)	'悟'	9278
9151	(79, 68)	'OD'	9279
9152	(100, 97)	'da'	9280
9153	(4959, 115)	' Jews'	9281
9154	(377, 399)	'了我'	9282
9155	(655, 190)	'倾'	9283
9156	(506, 133)	'厅'	9284
9157	(77, 1770)	'Many'	9285
9158	(428, 287)	' noted'	9286
9159	(921, 162)	'罢'	9287
9160	(2579, 4903)	' zero'	9288
9161	(813, 7473)	' universe'	9289
9162	(1126, 2589)	'的一部分'	9290
9163	(901, 532)	' parties'	9291
9164	(6281, 703)	' estimated'	9292
9165	(828, 128)	'稀'	9293
9166	(963, 1015)	'文物'	9294
9167	(288, 932)	' dial'	9295
9168	(309, 3391)	' narr'	9296
9169	(898, 744)	'Those'	9297
9170	(707, 171)	'贫'	9298
9171	(843, 170)	'番'	9299
9172	(294, 765)	'的那'	9300
9173	(270, 277)	'itan'	9301
9174	(523, 610)	' Found'	9302
9175	(1758, 1939)	' letters'	9303
9176	(276, 4172)	' budd'	9304
9177	(301, 602)	'icide'	9305
9178	(300, 302)	' las'	9306
9179	(393, 1322)	' wealth'	9307
9180	(6162, 4333)	' vitamin'	9308
9181	(840, 329)	'nect'	9309
9182	(4262, 115)	' relationships'	9310
9183	(440, 280)	'essor'	9311
9184	(264, 495)	' sight'	9312
9185	(1054, 660)	'长得'	9313
9186	(665, 2154)	'能不能'	9314
9187	(7860, 173)	'鰭'	9315
9188	(346, 360)	'utch'	9316
9189	(1552, 190)	'疾'	9317
9190	(347, 432)	' forth'	9318
9191	(2598, 847)	' advance'	9319
9192	(3165, 975)	'睡觉'	9320
9193	(282, 552)	' mort'	9321
9194	(870, 2006)	' perman'	9322
9195	(949, 107)	' seek'	9323
9196	(5078, 639)	' mistake'	9324
9197	(3223, 287)	' enjoyed'	9325
9198	(641, 688)	'没什么'	9326
9199	(1743, 130)	'暂'	9327
9200	(864, 2339)	'现象'	9328
9201	(5485, 7181)	' bullshit'	9329
9202	(1267, 164)	'裤'	9330
9203	(2033, 115)	' heads'	9331
9204	(351, 327)	'adow'	9332
9205	(1765, 115)	' keeps'	9333
9206	(1994, 623)	'听说'	9334
9207	(568, 556)	'以上'	9335
9208	(2732, 286)	' internal'	9336
9209	(101, 5370)	'e.g'	9337
9210	(1565, 766)	'军事'	9338
9211	(332, 179)	'乳'	9339
9212	(659, 281)	'inking'	9340
9213	(1942, 585)	'先生'	9341
9214	(282, 323)	' ment'	9342
9215	(322, 4978)	' reached'	9343
9216	(817, 617)	'分子'	9344
9217	(2001, 4816)	' classroom'	9345
9218	(332, 131)	'乃'	9346
9219	(1951, 138)	'擊'	9347
9220	(555, 278)	'udes'	9348
9221	(1058, 1734)	'无论'	9349
9222	(3733, 3293)	'优秀'	9350
9223	(1101, 1063)	'感动'	9351
9224	(324, 1923)	'是谁'	9352
9225	(2632, 1666)	'總人口'	9353
9226	(14114, 532)	' policies'	9354
9227	(3517, 187)	'鼻'	9355
9228	(283, 356)	' pig'	9356
9229	(604, 179)	'陳'	9357
9230	(105, 104)	'ih'	9358
9231	(1031, 917)	'omething'	9359
9232	(324, 2057)	'是香港'	9360
9233	(613, 281)	'inding'	9361
9234	(534, 140)	'忌'	9362
9235	(297, 6253)	' holid'	9363
9236	(657, 121)	'ogy'	9364
9237	(5850, 968)	'既然'	9365
9238	(7129, 2271)	' hospital'	9366
9239	(5315, 2427)	' emotional'	9367
9240	(914, 281)	'anging'	9368
9241	(443, 312)	' prove'	9369
9242	(422, 170)	'绪'	9370
9243	(3513, 1302)	'责任'	9371
9244	(480, 2952)	'为啥'	9372
9245	(468, 168)	'怨'	9373
9246	(1418, 3763)	' highlight'	9374
9247	(2907, 115)	' amounts'	9375
9248	(862, 138)	'喊'	9376
9249	(626, 571)	'也要'	9377
9250	(280, 401)	'orter'	9378
9251	(648, 555)	' Jud'	9379
9252	(419, 358)	' conver'	9380
9253	(1022, 2105)	'别人的'	9381
9254	(112, 111)	'po'	9382
9255	(1030, 48)	' 190'	9383
9256	(1598, 281)	' string'	9384
9257	(264, 14074)	' southern'	9385
9258	(2011, 134)	'摆'	9386
9259	(8234, 8158)	'負責'	9387
9260	(195, 179)	'ó'	9388
9261	(99, 372)	'col'	9389
9262	(1518, 114)	' phr'	9390
9263	(474, 260)	' mere'	9391
9264	(7487, 301)	' toxic'	9392
9265	(2082, 1015)	'博物'	9393
9266	(435, 3367)	' susp'	9394
9267	(656, 1234)	'soft'	9395
9268	(1268, 3504)	' cheese'	9396
9269	(2631, 5340)	' description'	9397
9270	(4701, 1197)	'尊重'	9398
9271	(325, 372)	' isol'	9399
9272	(1326, 14123)	'建築'	9400
9273	(6737, 733)	' clinical'	9401
9274	(277, 2587)	'ancing'	9402
9275	(334, 373)	'roke'	9403
9276	(7341, 868)	' situations'	9404
9277	(822, 460)	' resist'	9405
9278	(279, 4036)	' firm'	9406
9279	(459, 346)	' neut'	9407
9280	(2089, 115)	' tells'	9408
9281	(884, 2055)	'高考'	9409
9282	(263, 287)	'oned'	9410
9283	(2068, 281)	'apping'	9411
9284	(45, 3301)	'-like'	9412
9285	(5255, 358)	' deliver'	9413
9286	(14121, 5035)	'逻辑'	9414
9287	(1310, 181)	'極'	9415
9288	(1916, 4857)	' populations'	9417
9289	(365, 736)	'人们'	9418
9290	(85, 82)	'UR'	9419
9291	(1706, 118)	' Rev'	9420
9292	(464, 275)	' Hen'	9421
9293	(444, 377)	'大了'	9422
9294	(2108, 2115)	'青春'	9423
9295	(8261, 5516)	' illegal'	9424
9296	(1195, 143)	'脏'	9425
9297	(304, 311)	' Ill'	9426
9298	(463, 14069)	' Windows'	9427
9299	(3768, 607)	' failure'	9428
9300	(496, 103)	' alg'	9429
9301	(101, 642)	'eper'	9430
9302	(3558, 287)	' returned'	9431
9303	(4807, 287)	' filled'	9432
9304	(1898, 345)	' crim'	9433
9305	(1118, 191)	'響'	9434
9306	(287, 121)	'edy'	9435
9307	(256, 1035)	' tail'	9436
9308	(14054, 448)	' thousand'	9437
9309	(2954, 1240)	'参与'	9439
9310	(1591, 1043)	' divers'	9440
9311	(46, 68)	'.D'	9442
9312	(286, 97)	'ala'	9443
9313	(302, 1131)	'astern'	9444
9314	(524, 6598)	' Greek'	9445
9315	(344, 597)	' Try'	9446
9316	(14122, 6292)	' Florida'	9447
9317	(3070, 6827)	'戰爭'	9448
9318	(273, 1337)	' cert'	9449
9319	(3485, 4658)	' necessarily'	9450
9320	(1718, 1931)	'保持'	9451
9321	(1683, 286)	' ideal'	9452
9322	(781, 1992)	'最早'	9453
9323	(3146, 868)	' operations'	9454
9324	(770, 161)	'污'	9455
9325	(1278, 2188)	'表达'	9456
9326	(1821, 736)	'它们'	9457
9327	(409, 14073)	' Museum'	9458
9328	(969, 1071)	'同性'	9459
9329	(490, 14116)	' vessel'	9460
9330	(565, 1046)	'好吗'	9461
9331	(1879, 4354)	'clusion'	9462
9332	(2142, 287)	' listed'	9463
9333	(3536, 135)	'崇'	9464
9334	(387, 68)	' CD'	9465
9335	(438, 1156)	'你可以'	9466
9336	(72, 68)	'HD'	9467
9337	(404, 281)	'cking'	9468
9338	(992, 3103)	' screw'	9469
9339	(98, 1354)	'bits'	9470
9340	(1356, 377)	'吃了'	9471
9341	(2027, 733)	' technical'	9472
9342	(1544, 98)	' Web'	9473
9343	(434, 450)	' Pri'	9474
9344	(425, 265)	' Ber'	9475
9345	(1500, 4981)	'死亡'	9476
9346	(7070, 3632)	' fantastic'	9477
9347	(2434, 287)	' checked'	9478
9348	(1245, 101)	' gene'	9479
9349	(2037, 142)	'碎'	9480
9350	(1724, 444)	'世界大'	9481
9351	(530, 565)	'就好'	9482
9352	(279, 4167)	' flex'	9483
9353	(813, 115)	' uns'	9484
9354	(386, 148)	'奔'	9485
9355	(496, 513)	' alive'	9486
9356	(14019, 312)	' involve'	9487
9357	(4921, 1676)	'偶像'	9488
9358	(2544, 343)	' Play'	9489
9359	(2312, 743)	'帝國'	9490
9360	(2400, 1802)	'条件'	9491
9361	(481, 595)	' Div'	9492
9362	(572, 667)	'cipl'	9493
9363	(604, 182)	'陶'	9494
9364	(843, 148)	'畔'	9495
9365	(464, 353)	' Ham'	9496
9366	(396, 270)	'ilit'	9497
9367	(514, 167)	'歧'	9498
9368	(195, 182)	'ö'	9500
9369	(5978, 562)	' referred'	9501
9370	(2947, 115)	' views'	9502
9371	(1921, 6375)	' distinct'	9503
9372	(1498, 130)	'終'	9504
9373	(267, 961)	'athy'	9505
9374	(2738, 358)	' forever'	9506
9375	(4093, 1990)	' engineering'	9507
9376	(5986, 607)	' manufacture'	9508
9377	(371, 166)	'旦'	9509
9378	(309, 14077)	' northern'	9510
9379	(270, 397)	"it's"	9511
9380	(535, 1052)	' Rob'	9512
9381	(382, 98)	'urb'	9513
9382	(276, 439)	' bab'	9514
9383	(324, 1897)	'是美国'	9515
9384	(3864, 4243)	'設計'	9516
9385	(349, 4120)	'一句话'	9517
9386	(381, 145)	'卑'	9518
9387	(317, 135)	'仇'	9519
9388	(2070, 146)	'懒'	9520
9389	(195, 168)	'è'	9521
9390	(1140, 118)	' serv'	9522
9391	(110, 330)	'net'	9523
9392	(3339, 1841)	' literature'	9524
9393	(1027, 3118)	'经典'	9525
9394	(498, 101)	'aine'	9526
9395	(1788, 3570)	' effectively'	9527
9396	(779, 294)	'作的'	9528
9397	(70, 67)	'FC'	9529
9398	(14059, 263)	' weapon'	9530
9399	(1703, 756)	' Asia'	9531
9400	(986, 8213)	' guarant'	9532
9401	(494, 116)	' butt'	9533
9402	(276, 1241)	' bread'	9534
9403	(1503, 168)	'滨'	9535
9404	(256, 495)	' tight'	9536
9405	(1435, 167)	'僧'	9537
9406	(2861, 521)	' favour'	9538
9407	(368, 79)	' SO'	9539
9408	(110, 301)	'nic'	9540
9409	(1115, 1617)	'ologists'	9541
9410	(3342, 2013)	' combined'	9543
9411	(963, 979)	'文明'	9544
9412	(1548, 4278)	'几乎'	9545
9413	(99, 5003)	'craft'	9546
9414	(257, 336)	' aid'	9547
9415	(399, 1478)	'我现在'	9548
9416	(539, 170)	'親'	9549
9417	(264, 275)	' sen'	9550
9418	(2228, 726)	'超过'	9551
9419	(1065, 270)	' commit'	9552
9420	(1195, 137)	'脉'	9553
9421	(345, 112)	'imp'	9554
9422	(638, 141)	'苍'	9555
9423	(119, 259)	'win'	9556
9424	(766, 1108)	'事实'	9557
9425	(1348, 137)	'莉'	9558
9426	(531, 89)	' NY'	9559
9427	(5249, 111)	' Two'	9560
9428	(4336, 115)	' walls'	9561
9429	(2579, 577)	' zone'	9562
9430	(3911, 4218)	' temperatures'	9563
9431	(791, 987)	'西北'	9564
9432	(2389, 452)	' constant'	9565
9433	(1771, 378)	' creation'	9566
9434	(3761, 447)	'Really'	9567
9435	(741, 580)	'成都'	9568
9436	(406, 137)	'眉'	9569
9437	(266, 152)	'丘'	9570
9438	(626, 1051)	'也没有'	9571
9439	(399, 991)	'我只'	9572
9440	(1974, 2687)	'元素'	9573
9441	(490, 277)	' van'	9574
9442	(933, 613)	' blind'	9575
9443	(2559, 792)	' Class'	9576
9444	(288, 433)	' dust'	9577
9445	(764, 8034)	' comprehens'	9578
9446	(1188, 1170)	' raise'	9579
9447	(1338, 159)	'损'	9580
9448	(3123, 913)	' Brown'	9581
9449	(734, 291)	' clar'	9582
9450	(655, 141)	'倍'	9583
9451	(3156, 1097)	' annual'	9584
9452	(1677, 359)	'并不'	9585
9453	(2456, 65)	' USA'	9586
9454	(4968, 1114)	'參加'	9587
9455	(319, 287)	'oted'	9588
9456	(1055, 484)	' synt'	9589
9457	(306, 1643)	'lets'	9590
9458	(1552, 143)	'疏'	9591
9459	(7655, 467)	' album'	9592
9460	(14079, 2674)	' vehicle'	9593
9461	(300, 2211)	' laug'	9594
9462	(435, 6332)	' suspect'	9595
9463	(777, 6776)	' disorders'	9596
9464	(899, 796)	'面对'	9597
9465	(540, 438)	'和你'	9598
9466	(444, 1782)	'大量'	9599
9467	(45, 682)	'-19'	9600
9468	(956, 743)	'民國'	9601
9469	(1783, 263)	' lesson'	9602
9470	(2796, 1793)	'奥运'	9603
9471	(1081, 164)	'勤'	9604
9472	(692, 139)	'晋'	9605
9473	(5424, 115)	' hundreds'	9606
9474	(290, 173)	'亭'	9607
9475	(195, 188)	'ü'	9608
9476	(1279, 6572)	' traffic'	9609
9477	(5205, 343)	'Okay'	9611
9478	(1457, 773)	'流行'	9612
9479	(282, 105)	' mi'	9613
9480	(286, 997)	'alian'	9614
9481	(2979, 2709)	'伤害'	9615
9482	(273, 327)	' cow'	9616
9483	(425, 4172)	' Budd'	9617
9484	(309, 868)	' nations'	9618
9485	(1791, 2489)	' completed'	9619
9486	(1790, 176)	'慰'	9620
9487	(119, 891)	'word'	9621
9488	(359, 2494)	'不一样'	9622
9489	(2961, 287)	' performed'	9623
9490	(416, 144)	'伐'	9624
9491	(5561, 14131)	'鹿晗'	9625
9492	(876, 365)	'被人'	9626
9493	(503, 167)	'牧'	9627
9494	(1852, 176)	'腰'	9628
9495	(317, 170)	'仪'	9629
9496	(1187, 1768)	'外交'	9630
9497	(108, 442)	'lers'	9631
9498	(1141, 617)	'电子'	9632
9499	(404, 330)	'cket'	9633
9500	(2315, 1736)	' continues'	9634
9501	(3602, 2501)	'冠軍'	9635
9502	(4140, 1095)	'淡水'	9636
9503	(14020, 1880)	' languages'	9637
9504	(374, 156)	'斜'	9639
9505	(1217, 1372)	' Yeah'	9640
9506	(1816, 2278)	' explains'	9641
9507	(1434, 158)	'撞'	9642
9508	(708, 265)	'izer'	9643
9509	(464, 121)	' Hy'	9644
9510	(1261, 1564)	' attrib'	9645
9511	(2287, 589)	' risks'	9646
9512	(273, 1872)	' cats'	9647
9513	(4274, 5119)	'左右'	9648
9514	(3897, 156)	'蜜'	9649
9515	(626, 2918)	'也许'	9650
9516	(1104, 4204)	'老板'	9651
9517	(575, 187)	'彻'	9652
9518	(5788, 2063)	'歐洲'	9653
9519	(4241, 4126)	' feedback'	9654
9520	(802, 278)	' ages'	9655
9521	(848, 913)	' grown'	9656
9522	(14068, 98)	' neighb'	9657
9523	(2531, 2339)	'印象'	9658
9524	(3132, 2519)	'随便'	9659
9525	(592, 142)	'炎'	9660
9526	(445, 2080)	' shared'	9661
9527	(2083, 115)	' stands'	9662
9528	(438, 1385)	'你觉得'	9663
9529	(1255, 1297)	' awful'	9664
9530	(1219, 129)	'锁'	9665
9531	(2870, 519)	' identity'	9666
9532	(1744, 286)	' signal'	9667
9533	(8149, 313)	'onestly'	9668
9534	(963, 686)	'文学'	9669
9535	(2887, 1902)	'苏联'	9670
9536	(3564, 1804)	'承认'	9671
9537	(7631, 336)	' liquid'	9672
9538	(314, 577)	'stone'	9673
9539	(2173, 3735)	'干嘛'	9674
9540	(775, 5417)	'小說'	9675
9541	(789, 1924)	'方向'	9676
9542	(1570, 152)	'塘'	9677
9543	(273, 1344)	' cere'	9678
9544	(283, 301)	' pic'	9679
9545	(1314, 140)	'桌'	9680
9546	(53, 50)	'52'	9681
9547	(969, 1947)	'同時'	9682
9548	(2721, 1082)	' improved'	9683
9549	(324, 385)	'是有'	9684
9550	(283, 396)	' pil'	9685
9551	(623, 759)	'说法'	9686
9552	(365, 1611)	'人士'	9687
9553	(3111, 2392)	'ognitive'	9688
9554	(1059, 7975)	' understood'	9689
9555	(1487, 2887)	'江苏'	9690
9556	(1527, 267)	' format'	9691
9557	(45, 260)	'-re'	9692
9558	(700, 178)	'農'	9693
9559	(7012, 1659)	'委員會'	9694
9560	(1898, 697)	' crime'	9695
9561	(3292, 5196)	' radiation'	9696
9562	(5133, 1050)	' turning'	9697
9563	(80, 67)	'PC'	9698
9564	(276, 267)	' bat'	9699
9565	(1191, 1313)	' relative'	9700
9566	(2408, 301)	' organic'	9701
9567	(53, 54)	'56'	9702
9568	(7400, 281)	' annoying'	9703
9569	(53, 52)	'54'	9704
9570	(279, 1391)	' fold'	9705
9571	(2527, 373)	' broke'	9706
9572	(72, 3486)	'Holy'	9707
9573	(520, 2642)	' abuse'	9708
9574	(272, 104)	' oh'	9709
9575	(3771, 307)	' profession'	9710
9576	(4178, 281)	' drawing'	9711
9577	(1548, 413)	'几年'	9712
9578	(2811, 287)	' suggested'	9713
9579	(2934, 265)	' younger'	9714
9580	(3306, 1158)	'Another'	9715
9581	(268, 286)	' wal'	9716
9582	(449, 287)	'ested'	9717
9583	(2218, 1163)	'位于该'	9718
9584	(904, 263)	' pron'	9719
9585	(335, 109)	'sem'	9720
9586	(283, 280)	' por'	9721
9587	(516, 5461)	' chronic'	9722
9588	(1118, 166)	'韦'	9723
9589	(1323, 274)	'hesis'	9724
9590	(1890, 8499)	' authors'	9725
9591	(641, 766)	'没事'	9726
9592	(309, 270)	' nit'	9728
9593	(353, 301)	'amic'	9729
9594	(2900, 617)	'脑子'	9730
9595	(1657, 2063)	'亚洲'	9731
9596	(233, 139)	b'\xe9\x8b'	9732
9597	(330, 532)	'eties'	9733
9598	(1336, 56)	'188'	9734
9599	(451, 286)	'usal'	9735
9600	(256, 1002)	' tons'	9736
9601	(369, 854)	' heav'	9737
9602	(657, 841)	'ogue'	9738
9603	(346, 281)	'uting'	9739
9604	(324, 5009)	'是中华人民共和国'	9740
9605	(2136, 1296)	' Project'	9741
9606	(1518, 809)	' phase'	9742
9607	(481, 330)	' Det'	9743
9608	(2430, 1234)	' draft'	9744
9609	(2640, 155)	'薛'	9745
9610	(708, 122)	'izz'	9746
9611	(6918, 881)	' Children'	9747
9612	(478, 840)	' kne'	9748
9613	(5134, 4872)	'赶紧'	9749
9614	(2272, 2565)	'位於該'	9750
9615	(108, 291)	'lar'	9751
9616	(276, 7353)	' brief'	9752
9617	(693, 6310)	'天主教'	9753
9618	(368, 286)	' Sal'	9754
9619	(1623, 1886)	'首府'	9755
9620	(322, 259)	' rein'	9756
9621	(2097, 1190)	'广州'	9757
9622	(1150, 294)	'者的'	9758
9623	(422, 149)	'绕'	9759
9624	(462, 1089)	'unte'	9760
9625	(3210, 533)	' steel'	9761
9626	(992, 4335)	' script'	9762
9627	(7392, 533)	' channel'	9763
9628	(300, 2829)	' lung'	9764
9629	(103, 502)	'gment'	9765
9630	(1210, 175)	'柯'	9766
9631	(1206, 1857)	'學校'	9767
9632	(1040, 495)	' flight'	9768
9633	(117, 281)	'uing'	9769
9634	(3231, 2664)	' figured'	9770
9635	(1126, 2269)	'的一種'	9771
9636	(485, 275)	'osen'	9772
9637	(437, 311)	'atell'	9773
9638	(109, 267)	'mat'	9774
9639	(368, 275)	' Sen'	9775
9640	(71, 275)	'Gen'	9776
9641	(1321, 1653)	'期待'	9777
9642	(2948, 1166)	'聯合'	9778
9643	(912, 191)	'調'	9779
9644	(2076, 115)	' News'	9780
9645	(1207, 3947)	'拉丁'	9781
9646	(2141, 987)	'湖北'	9782
9647	(409, 792)	' Mass'	9783
9648	(264, 277)	' san'	9784
9649	(467, 1379)	'umps'	9785
9650	(289, 1205)	' tooth'	9786
9651	(359, 1395)	'不少'	9787
9652	(328, 144)	'佐'	9788
9653	(282, 636)	' mac'	9789
9654	(268, 866)	' wire'	9790
9655	(45, 55)	'-7'	9791
9656	(2067, 1731)	'nergy'	9792
9657	(1592, 2096)	' exposed'	9793
9658	(82, 65)	'RA'	9794
9659	(516, 498)	' chain'	9795
9660	(5167, 447)	' originally'	9796
9661	(4533, 358)	' silver'	9797
9662	(873, 484)	' didnt'	9798
9663	(884, 294)	'高的'	9799
9664	(761, 7414)	' Thomas'	9800
9665	(490, 323)	' vent'	9801
9666	(3184, 855)	' existence'	9802
9667	(614, 169)	'浩'	9803
9668	(14010, 48)	'1990'	9804
9669	(947, 1038)	'理由'	9805
9670	(2629, 642)	' hyper'	9806
9671	(1587, 1074)	' transform'	9807
9672	(471, 7003)	' exchange'	9808
9673	(3326, 841)	' argue'	9809
9674	(4541, 4750)	' dropped'	9810
9675	(71, 114)	'Gr'	9811
9676	(420, 176)	'扰'	9812
9677	(1578, 3463)	'品牌'	9813
9678	(420, 174)	'扮'	9814
9679	(2064, 14133)	'深圳'	9815
9680	(481, 79)	' DO'	9816
9681	(825, 114)	' spr'	9817
9682	(4155, 313)	' regularly'	9818
9683	(1275, 1987)	'共产'	9819
9684	(791, 1657)	'西亚'	9820
9685	(341, 181)	'吵'	9821
9686	(1640, 147)	'墓'	9823
9687	(409, 1189)	' Mont'	9824
9688	(302, 112)	'asp'	9825
9689	(914, 278)	'anges'	9826
9690	(536, 190)	'盾'	9828
9691	(2592, 174)	'蛮'	9829
9692	(112, 695)	'post'	9830
9693	(3551, 591)	'运动会'	9831
9694	(2049, 287)	' supported'	9832
9695	(300, 118)	' lv'	9833
9696	(3626, 1128)	'佛教'	9834
9697	(393, 2087)	" we'll"	9835
9698	(2343, 1644)	' Organ'	9836
9699	(3469, 281)	'going'	9837
9700	(1265, 2894)	' reprodu'	9838
9701	(678, 4836)	' somehow'	9839
9702	(1706, 351)	' Read'	9840
9703	(6556, 1446)	'Pretty'	9841
9704	(276, 263)	' bon'	9842
9705	(1048, 850)	' buff'	9843
9706	(7885, 1695)	' atmosphere'	9844
9707	(672, 189)	'纽'	9845
9708	(2119, 1939)	' matters'	9847
9709	(306, 1325)	'lements'	9848
9710	(933, 327)	' blow'	9850
9711	(5418, 502)	' assessment'	9851
9712	(436, 137)	'劉'	9852
9713	(3379, 1878)	'車站'	9853
9714	(2869, 1485)	' promote'	9854
9715	(867, 294)	'美的'	9855
9716	(525, 130)	'寂'	9856
9717	(346, 513)	'utive'	9857
9718	(6410, 3166)	' comparison'	9858
9719	(920, 891)	' coord'	9859
9720	(14042, 4555)	' purposes'	9860
9721	(1722, 684)	'提出'	9861
9722	(558, 138)	'泊'	9862
9723	(45, 68)	'-D'	9863
9724	(381, 167)	'卧'	9864
9725	(5654, 265)	' corner'	9865
9726	(2002, 281)	' resulting'	9866
9727	(2932, 1099)	'第二次'	9867
9728	(53, 49)	'51'	9868
9729	(464, 1176)	' Haw'	9869
9730	(288, 462)	' dun'	9870
9731	(4748, 442)	' flowers'	9871
9732	(611, 294)	'到的'	9872
9733	(490, 636)	' vac'	9873
9734	(3374, 485)	' photos'	9874
9735	(436, 178)	'劲'	9875
9736	(880, 50)	' 32'	9876
9737	(7429, 1229)	'篮球'	9877
9738	(414, 134)	'帆'	9878
9739	(1555, 1891)	'清朝'	9879
9740	(445, 3158)	' ships'	9880
9741	(564, 1656)	' allowing'	9881
9742	(2011, 184)	'摸'	9882
9743	(477, 162)	'订'	9883
9744	(1171, 6230)	' smoking'	9884
9745	(534, 167)	'忧'	9885
9746	(425, 449)	' Best'	9886
9747	(2053, 287)	' tested'	9887
9748	(836, 1710)	' 2017'	9888
9749	(14068, 5156)	' neighbor'	9889
9750	(2476, 733)	' practical'	9890
9751	(1132, 14129)	' accompl'	9891
9752	(399, 591)	'我会'	9892
9753	(1483, 177)	'綱'	9893
9754	(1453, 260)	'there'	9894
9755	(3502, 313)	' correctly'	9895
9756	(2086, 163)	'鸣'	9896
9757	(504, 956)	'国民'	9897
9758	(319, 111)	'oto'	9898
9759	(1573, 171)	'溫'	9899
9760	(398, 6801)	'ndrome'	9900
9761	(103, 3501)	'greg'	9901
9762	(8423, 5105)	' phenomen'	9902
9763	(2437, 754)	' capable'	9903
9764	(385, 377)	'有了'	9904
9765	(1172, 438)	'爱你'	9905
9766	(86, 2780)	'Very'	9906
9767	(1847, 1083)	'带着'	9908
9768	(2194, 4574)	'技術'	9909
9769	(7740, 116)	' Court'	9910
9770	(256, 615)	' tough'	9911
9771	(4727, 2250)	'距离'	9912
9772	(359, 3255)	'不够'	9913
9773	(1902, 2043)	'联赛'	9914
9774	(71, 117)	'Gu'	9915
9775	(716, 5224)	'下辖'	9916
9776	(1217, 621)	' Year'	9917
9777	(119, 449)	'west'	9918
9778	(2423, 7597)	' marriage'	9919
9779	(6050, 14125)	' oxygen'	9920
9780	(522, 85)	' EU'	9921
9781	(4290, 115)	' guns'	9922
9782	(341, 190)	'吾'	9923
9783	(14010, 56)	'1998'	9924
9784	(2597, 137)	'載'	9925
9785	(82, 1988)	'Read'	9926
9786	(4015, 287)	' accepted'	9927
9787	(1811, 187)	'頻'	9928
9788	(5110, 6111)	' emergency'	9929
9789	(99, 97)	'ca'	9930
9790	(426, 108)	'gel'	9931
9791	(84, 86)	'TV'	9932
9792	(1701, 2766)	' discover'	9933
9793	(5590, 287)	' conducted'	9934
9794	(775, 1776)	'小孩'	9935
9795	(107, 1410)	'kins'	9936
9796	(1040, 111)	' flo'	9937
9797	(522, 3405)	' Emp'	9938
9798	(105, 437)	'iate'	9939
9799	(422, 169)	'绩'	9940
9800	(685, 129)	'洁'	9941
9801	(3503, 349)	'另一'	9942
9802	(542, 448)	' Land'	9943
9803	(3089, 442)	' answers'	9944
9804	(281, 442)	'ingers'	9945
9805	(3302, 1442)	' windows'	9946
9806	(600, 698)	' justice'	9947
9807	(5202, 2395)	' ordered'	9948
9808	(1673, 99)	' presc'	9949
9809	(304, 14130)	' Ireland'	9950
9810	(301, 281)	'icing'	9951
9811	(6750, 1410)	' begins'	9952
9812	(268, 4821)	' western'	9953
9813	(525, 191)	'寿'	9954
9814	(1139, 377)	'做了'	9955
9815	(71, 66)	'GB'	9956
9816	(856, 168)	'姨'	9957
9817	(3437, 2912)	'背景'	9958
9818	(1852, 138)	'腊'	9959
9819	(109, 111)	'mo'	9960
9820	(860, 1078)	'斯科'	9961
9821	(8415, 622)	' ridiculous'	9962
9822	(2389, 5511)	' constantly'	9963
9823	(2847, 1693)	'即使'	9964
9824	(758, 651)	" weren't"	9965
9825	(2005, 1436)	'However'	9966
9826	(294, 767)	'的主'	9967
9827	(119, 291)	'war'	9968
9828	(3778, 519)	' authority'	9969
9829	(1200, 2750)	'正确'	9970
9830	(45, 335)	'-se'	9971
9831	(262, 114)	' ther'	9972
9832	(308, 5118)	' giant'	9973
9833	(438, 578)	'你看'	9974
9834	(566, 432)	' myth'	9975
9835	(2909, 3312)	' launch'	9976
9836	(117, 622)	'uous'	9977
9837	(445, 6365)	' shipping'	9978
9838	(427, 404)	' deck'	9979
9839	(1759, 741)	'完成'	9980
9840	(689, 2830)	'地铁'	9981
9841	(481, 275)	' Den'	9982
9842	(1599, 8310)	'非建制'	9983
9843	(1826, 172)	'催'	9985
9844	(7332, 2557)	'淘宝'	9986
9845	(689, 863)	'地位'	9987
9846	(882, 1239)	'前身'	9988
9847	(273, 2085)	' crap'	9989
9848	(354, 133)	'宅'	9990
9849	(692, 182)	'晶'	9991
9850	(7085, 439)	' datab'	9992
9851	(883, 845)	' trick'	9993
9852	(1816, 2842)	' explained'	9994
9853	(548, 437)	' plate'	9995
9854	(1192, 1485)	' remote'	9996
9855	(4248, 4198)	' sufficient'	9997
9856	(14019, 1308)	' involves'	9998
9857	(368, 909)	' Such'	9999
9858	(1813, 3905)	' possibility'	10000
9859	(289, 2867)	' toler'	10001
9860	(432, 1363)	'thanks'	10002
9861	(1129, 786)	' consult'	10003
9862	(383, 161)	'御'	10004
9863	(276, 1158)	' bother'	10005
9864	(2796, 14072)	'奥林匹克'	10006
9865	(541, 115)	'arts'	10007
9866	(1506, 97)	'arma'	10008
9867	(822, 3336)	' resolution'	10009
9868	(2570, 5794)	' potentially'	10010
9869	(780, 294)	'去的'	10011
9870	(604, 183)	'陷'	10012
9871	(2860, 623)	'据说'	10013
9872	(756, 104)	'iah'	10014
9873	(988, 1367)	' herself'	10015
9874	(366, 4167)	' Alex'	10016
9875	(4239, 1583)	' regardless'	10017
9876	(2170, 2582)	' landsc'	10018
9877	(2603, 2895)	'Although'	10019
9878	(1929, 4233)	' solutions'	10020
9879	(535, 1287)	' Rock'	10021
9880	(384, 532)	'ifies'	10022
9881	(3316, 287)	' recorded'	10023
9882	(282, 270)	' mit'	10024
9883	(1227, 627)	'让他'	10025
9884	(112, 330)	'pet'	10026
9885	(275, 2587)	'encing'	10027
9886	(1183, 1283)	'工业'	10028
9887	(72, 835)	'Hell'	10029
9888	(117, 5501)	'uzz'	10030
9889	(1335, 817)	'十分'	10031
9890	(1093, 1093)	'等等'	10032
9891	(718, 129)	'郁'	10033
9892	(3517, 160)	'鼠'	10034
9893	(349, 603)	'一家'	10035
9894	(2599, 2388)	'领域'	10036
9895	(1602, 323)	' extent'	10037
9896	(556, 2371)	'上班'	10038
9897	(115, 108)	'sl'	10039
9898	(7204, 6095)	' Mexico'	10040
9899	(536, 151)	'盗'	10041
9900	(1727, 51)	' 2003'	10042
9901	(1727, 52)	' 2004'	10043
9902	(264, 370)	' sir'	10044
9903	(3557, 343)	' essay'	10045
9904	(678, 4200)	' somewhat'	10046
9905	(337, 133)	'迅'	10047
9906	(1911, 3038)	' Army'	10048
9907	(2009, 281)	' processing'	10049
9908	(308, 3103)	' grew'	10050
9909	(1591, 353)	' diam'	10051
9910	(7747, 989)	'Actually'	10052
9911	(476, 653)	' jack'	10053
9912	(3233, 533)	' label'	10054
9913	(3605, 2096)	' proposed'	10055
9914	(767, 1302)	'主任'	10056
9915	(1219, 139)	'锋'	10057
9916	(1959, 307)	'ashion'	10059
9917	(366, 83)	' AS'	10060
9918	(1912, 1257)	'变化'	10061
9919	(6952, 449)	' latest'	10063
9920	(2294, 165)	'麥'	10064
9921	(467, 259)	'umin'	10065
9922	(2229, 377)	'错了'	10066
9923	(1243, 161)	'握'	10067
9924	(334, 103)	'rog'	10068
9925	(1079, 294)	'男的'	10069
9926	(670, 5684)	'可惜'	10070
9927	(1201, 188)	'狼'	10071
9928	(344, 449)	' Test'	10072
9929	(359, 796)	'不对'	10073
9930	(5984, 694)	' millions'	10074
9931	(701, 275)	' teen'	10075
9932	(1799, 188)	'翼'	10076
9933	(1110, 577)	'phone'	10077
9934	(82, 73)	'RI'	10078
9935	(517, 176)	'衰'	10079
9936	(1934, 275)	'oken'	10080
9937	(1440, 7557)	'信仰'	10081
9938	(53, 51)	'53'	10082
9939	(645, 185)	'爹'	10083
9940	(791, 944)	'西南'	10084
9941	(382, 97)	'ura'	10085
9942	(1192, 2842)	' remained'	10086
9943	(1181, 556)	'路上'	10087
9944	(434, 695)	' Post'	10088
9945	(516, 4942)	' chief'	10089
9946	(471, 1617)	' exists'	10090
9947	(1761, 820)	'真的很'	10091
9948	(720, 899)	'后面'	10092
9949	(349, 2400)	'一条'	10093
9950	(2473, 733)	' typical'	10094
9951	(233, 137)	b'\xe9\x89'	10095
9952	(1743, 174)	'暮'	10096
9953	(229, 182)	b'\xe5\xb6'	10097
9954	(4587, 2279)	'運動員'	10098
9955	(411, 1182)	'ulating'	10099
9956	(4614, 115)	' boys'	10100
9957	(386, 139)	'奋'	10101
9958	(1071, 1523)	'性格'	10102
9959	(372, 116)	'olt'	10103
9960	(3925, 307)	' portion'	10104
9961	(767, 1063)	'主动'	10105
9962	(331, 2087)	" it'll"	10106
9963	(5342, 1121)	'浙江省'	10107
9964	(104, 105)	'hi'	10108
9965	(2597, 175)	'輯'	10109
9966	(4190, 1601)	' recognize'	10110
9967	(14144, 8761)	'和人口皆未知'	10112
9968	(294, 2361)	'的主要'	10113
9969	(1126, 2499)	'的一座'	10114
9970	(99, 2407)	'chers'	10115
9971	(1281, 185)	'粹'	10116
9972	(669, 513)	'active'	10117
9973	(5026, 287)	' mixed'	10118
9974	(1949, 1482)	'罗马'	10119
9975	(935, 372)	' pool'	10120
9976	(369, 5406)	' heaven'	10121
9977	(540, 399)	'和我'	10122
9978	(871, 773)	'发行'	10123
9979	(14078, 278)	' houses'	10124
9980	(107, 330)	'ket'	10125
9981	(273, 485)	' cos'	10126
9982	(256, 280)	' tor'	10127
9983	(1201, 128)	'狀'	10128
9984	(259, 519)	'inity'	10129
9985	(291, 2558)	'arrow'	10130
9986	(427, 1360)	' delic'	10131
9987	(1341, 699)	'至于'	10132
9988	(2706, 98)	' grab'	10133
9989	(672, 160)	'纠'	10134
9990	(76, 67)	'LC'	10135
9991	(372, 312)	'olve'	10136
9992	(934, 177)	'箱'	10137
9993	(3069, 319)	' Prot'	10138
9994	(3767, 498)	' Britain'	10139
9995	(3416, 502)	' investment'	10140
9996	(77, 83)	'MS'	10141
9997	(114, 336)	'rid'	10142
9998	(1188, 396)	' rail'	10143
9999	(3851, 7053)	' employees'	10144
10000	(4745, 1330)	'项目'	10145
10001	(97, 555)	'aud'	10146
10002	(6147, 287)	' destroyed'	10147
10003	(481, 2128)	' Direct'	10148
10004	(83, 1451)	'Since'	10149
10005	(815, 1000)	'想起'	10150
10006	(967, 3860)	' playoff'	10151
10007	(418, 1308)	' moves'	10152
10008	(8256, 378)	' explanation'	10153
10009	(5270, 3037)	' principles'	10154
10010	(4468, 5024)	'麻烦'	10155
10011	(2262, 294)	'写的'	10156
10012	(784, 163)	'谣'	10157
10013	(1268, 5164)	' cheaper'	10158
10014	(504, 1187)	'国外'	10159
10015	(438, 677)	'你还'	10160
10016	(1864, 1513)	'列车'	10161
10017	(6674, 923)	'認為'	10162
10018	(32, 3995)	' era'	10163
10019	(2768, 267)	' boat'	10164
10020	(2528, 4841)	'失败'	10165
10021	(3008, 2490)	'投资'	10166
10022	(869, 170)	'聪'	10167
10023	(1437, 6167)	'金融'	10168
10024	(950, 140)	'肌'	10169
10025	(1102, 1657)	'利亚'	10170
10026	(4556, 278)	' likes'	10171
10027	(2508, 2587)	' reducing'	10172
10028	(790, 2976)	'心态'	10173
10029	(613, 265)	'inder'	10174
10030	(288, 896)	' dress'	10175
10031	(84, 119)	'Tw'	10176
10032	(345, 109)	'imm'	10177
10033	(342, 146)	'戒'	10178
10034	(4453, 1682)	' participants'	10179
10035	(815, 815)	'想想'	10180
10036	(750, 129)	'阁'	10181
10037	(3146, 378)	' operation'	10182
10038	(1670, 2298)	' medium'	10183
10039	(772, 588)	'用来'	10184
10040	(2557, 2557)	'宝宝'	10185
10041	(542, 8641)	' Louis'	10186
10042	(5108, 906)	' Second'	10187
10043	(581, 115)	'ods'	10188
10044	(300, 3359)	' loud'	10190
10045	(2534, 372)	'-col'	10191
10046	(2884, 4543)	' Franc'	10192
10047	(3498, 2110)	' Central'	10193
10048	(2503, 741)	'组成'	10194
10049	(524, 286)	' Gal'	10195
10050	(4587, 1659)	'運動會'	10196
10051	(811, 6679)	' quarter'	10197
10052	(77, 291)	'Mar'	10198
10053	(747, 1436)	' whenever'	10199
10054	(349, 2316)	'一段'	10200
10055	(450, 112)	'rip'	10201
10056	(14127, 2067)	' vulner'	10202
10057	(330, 1089)	'ette'	10203
10058	(481, 67)	' DC'	10204
10059	(6633, 754)	' comfortable'	10205
10060	(4532, 4532)	'慢慢'	10206
10061	(3248, 562)	' occurred'	10207
10062	(1434, 149)	'撕'	10208
10063	(585, 1987)	'生产'	10209
10064	(425, 67)	' BC'	10210
10065	(825, 2717)	' spending'	10211
10066	(116, 278)	'tes'	10212
10067	(681, 307)	'ansion'	10213
10068	(7491, 1608)	'idelines'	10214
10069	(3722, 14072)	'奧林匹克'	10215
10070	(3358, 2491)	' focused'	10217
10071	(3042, 767)	'君主'	10218
10072	(1365, 863)	'是一位'	10219
10073	(522, 1247)	' Elect'	10220
10074	(3922, 4658)	' primarily'	10221
10075	(438, 1228)	'你怎么'	10222
10076	(2502, 48)	'1980'	10223
10077	(3087, 5379)	' characteristics'	10224
10078	(438, 385)	'你有'	10225
10079	(700, 144)	'辐'	10226
10080	(5995, 3804)	' vegetables'	10227
10081	(707, 164)	'贤'	10228
10082	(1992, 1321)	'早期'	10229
10083	(227, 129)	b'\xe3\x81'	10230
10084	(1273, 7738)	' long-term'	10231
10085	(363, 260)	' stre'	10232
10086	(14010, 57)	'1999'	10233
10087	(409, 351)	' Mad'	10234
10088	(4766, 1259)	' conclud'	10235
10089	(6315, 115)	' Muslims'	10236
10090	(72, 97)	'Ha'	10237
10091	(914, 287)	'anged'	10238
10092	(1747, 130)	'垂'	10240
10093	(516, 267)	' chat'	10241
10094	(1979, 377)	'走了'	10242
10095	(2097, 2120)	'广播'	10243
10096	(1790, 139)	'態'	10244
10097	(45, 80)	'-P'	10245
10098	(116, 102)	'tf'	10246
10099	(99, 1232)	'chen'	10247
10100	(463, 849)	' Wild'	10248
10101	(486, 144)	'耐'	10249
10102	(1179, 627)	'给他'	10250
10103	(1790, 167)	'慧'	10251
10104	(360, 281)	'ching'	10252
10105	(375, 157)	'孝'	10253
10106	(633, 161)	'羡'	10254
10107	(536, 134)	'盆'	10255
10108	(5657, 294)	'真正的'	10256
10109	(1076, 287)	'icted'	10257
10110	(3740, 301)	' logic'	10258
10111	(476, 101)	' je'	10259
10112	(2405, 962)	"They're"	10260
10113	(5236, 5112)	' maximum'	10262
10114	(1814, 1734)	'言论'	10263
10115	(416, 141)	'伍'	10264
10116	(1186, 860)	'克斯'	10265
10117	(5457, 919)	'葡萄牙语'	10266
10118	(45, 76)	'-L'	10267
10119	(99, 291)	'car'	10268
10120	(3758, 3905)	' responsibility'	10269
10121	(98, 1106)	'bles'	10270
10122	(4734, 4063)	' idiot'	10271
10123	(910, 7881)	' appeared'	10272
10124	(68, 114)	'Dr'	10273
10125	(259, 265)	'iner'	10274
10126	(311, 97)	'lla'	10276
10127	(799, 1170)	' noise'	10277
10128	(420, 175)	'扯'	10279
10129	(1197, 1039)	'重点'	10280
10130	(686, 591)	'学会'	10281
10131	(1627, 159)	'軟'	10282
10132	(3771, 280)	' professor'	10283
10133	(294, 1046)	'的吗'	10284
10134	(3876, 4782)	' concerns'	10285
10135	(5457, 1064)	'葡萄牙語'	10286
10136	(5739, 694)	' infections'	10287
10137	(1147, 1782)	'力量'	10288
10138	(116, 1232)	'then'	10289
10139	(3171, 2933)	' inflamm'	10290
10140	(4709, 343)	' delay'	10291
10141	(765, 874)	'那样'	10292
10142	(3024, 1226)	'电视台'	10293
10143	(2142, 4329)	' listening'	10294
10144	(68, 2261)	'Dude'	10295
10145	(276, 1165)	' boss'	10296
10146	(2148, 2148)	'哥哥'	10297
10147	(1020, 413)	'三年'	10298
10148	(2333, 139)	'橋'	10299
10149	(77, 65)	'MA'	10300
10150	(7286, 3215)	' incorpor'	10301
10151	(4159, 1229)	'棒球'	10302
10152	(1245, 278)	' genes'	10303
10153	(268, 336)	' wid'	10304
10154	(1944, 353)	' dram'	10305
10155	(807, 294)	'市的'	10306
10156	(344, 639)	' Take'	10307
10157	(869, 178)	'聲'	10308
10158	(1084, 138)	'訊'	10309
10159	(283, 395)	' pra'	10310
10160	(425, 334)	' Bro'	10311
10161	(1686, 155)	'葛'	10312
10162	(294, 4447)	'的情况'	10313
10163	(8534, 1110)	' Joseph'	10314
10164	(825, 259)	' spin'	10315
10165	(512, 301)	'emic'	10316
10166	(614, 133)	'浅'	10317
10167	(3474, 287)	' protected'	10318
10168	(894, 98)	' amb'	10319
10169	(324, 294)	'是的'	10320
10170	(523, 866)	' Fire'	10321
10171	(288, 346)	' dut'	10322
10172	(1314, 163)	'档'	10323
10173	(2291, 6716)	' occasion'	10324
10174	(116, 307)	'tion'	10325
10175	(761, 615)	' Though'	10326
10176	(276, 5704)	' banned'	10327
10177	(1555, 1618)	'清华'	10328
10178	(926, 138)	'芊'	10329
10179	(3170, 3746)	' replaced'	10331
10180	(2227, 294)	'型的'	10332
10181	(349, 863)	'一位'	10333
10182	(69, 100)	'Ed'	10334
10183	(4244, 115)	' songs'	10335
10184	(45, 1091)	'-10'	10336
10185	(1686, 137)	'葉'	10337
10186	(623, 399)	'说我'	10338
10187	(8416, 2460)	' Virgin'	10339
10188	(1483, 171)	'綫'	10340
10189	(2384, 743)	'共和國'	10341
10190	(656, 306)	'sole'	10342
10191	(304, 3405)	' Imp'	10343
10192	(282, 1792)	' mouse'	10344
10193	(409, 3786)	' Middle'	10345
10194	(1698, 413)	'每年'	10346
10195	(526, 146)	'递'	10347
10196	(449, 307)	'estion'	10348
10197	(1852, 144)	'腐'	10349
10198	(912, 137)	'誉'	10350
10199	(485, 99)	'osc'	10351
10200	(282, 301)	' mic'	10352
10201	(356, 3092)	'igration'	10353
10202	(276, 4527)	' border'	10354
10203	(322, 3279)	' renew'	10355
10204	(279, 639)	' fake'	10356
10205	(670, 2691)	'可怕'	10357
10206	(2239, 1098)	'角度'	10358
10207	(3918, 2022)	'宣传'	10359
10208	(560, 150)	'赖'	10360
10209	(45, 54)	'-6'	10361
10210	(434, 277)	' Pan'	10362
10211	(276, 4473)	' bomb'	10363
10212	(7828, 837)	' library'	10364
10213	(530, 641)	'就没'	10365
10214	(119, 281)	'wing'	10366
10215	(764, 731)	' compare'	10367
10216	(1722, 884)	'提高'	10368
10217	(1464, 586)	'今日'	10369
10218	(463, 396)	' Wil'	10370
10219	(583, 179)	'拳'	10371
10220	(1223, 179)	'岳'	10372
10221	(1345, 116)	' subt'	10373
10222	(363, 4251)	' stores'	10374
10223	(765, 683)	'那里'	10375
10224	(1978, 3215)	' corpor'	10376
10225	(308, 549)	' gall'	10377
10226	(2196, 754)	' reasonable'	10378
10227	(791, 1963)	'西亞'	10379
10228	(8062, 301)	' academic'	10380
10229	(4448, 2125)	' Service'	10381
10230	(115, 275)	'sen'	10382
10231	(950, 160)	'肠'	10383
10232	(1593, 2127)	' entertain'	10384
10233	(3965, 287)	' detailed'	10385
10234	(530, 4700)	'就好了'	10386
10235	(354, 160)	'宠'	10387
10236	(4377, 1596)	' contribute'	10388
10237	(725, 990)	'公开'	10389
10238	(2397, 7427)	' electrical'	10390
10239	(986, 553)	' guard'	10391
10240	(887, 451)	'ensus'	10392
10241	(1665, 1643)	' experts'	10393
10242	(821, 480)	'名为'	10394
10243	(3404, 365)	'令人'	10395
10244	(309, 744)	' nose'	10396
10245	(797, 139)	'袋'	10397
10246	(1494, 178)	'棲'	10398
10247	(2030, 294)	'类的'	10399
10248	(107, 265)	'ker'	10400
10249	(4188, 14136)	'關係'	10401
10250	(2563, 103)	' Leg'	10402
10251	(8617, 263)	' Amazon'	10403
10252	(773, 1063)	'行动'	10404
10253	(300, 278)	' les'	10405
10254	(425, 1274)	' Bible'	10406
10255	(1321, 3072)	'期間'	10407
10256	(2020, 417)	' Should'	10408
10257	(6128, 442)	' powers'	10409
10258	(2150, 1274)	' visible'	10410
10259	(282, 2736)	' maps'	10411
10260	(421, 3817)	' seeds'	10412
10261	(1901, 294)	'买的'	10413
10262	(4975, 294)	'之间的'	10414
10263	(585, 915)	'生於'	10415
10264	(486, 128)	'耀'	10416
10265	(530, 412)	'就在'	10417
10266	(623, 359)	'说不'	10418
10267	(1235, 277)	'erman'	10419
10268	(1992, 556)	'早上'	10420
10269	(7789, 846)	' Irish'	10421
10270	(7350, 743)	'韓國'	10422
10271	(78, 1436)	'Never'	10423
10272	(4095, 442)	' farmers'	10424
10273	(2101, 546)	' legend'	10425
10274	(420, 163)	'扣'	10426
10275	(3157, 6264)	' Group'	10427
10276	(353, 1242)	'amily'	10428
10277	(368, 72)	' SH'	10429
10278	(84, 597)	'Try'	10430
10279	(466, 1998)	' can’t'	10431
10280	(523, 7582)	' FUCK'	10432
10281	(2348, 402)	'Still'	10433
10282	(1014, 164)	'壤'	10434
10283	(4756, 3037)	' samples'	10435
10284	(279, 4215)	' flying'	10436
10285	(368, 6947)	' Sometimes'	10437
10286	(1472, 629)	'更多'	10438
10287	(789, 2519)	'方便'	10439
10288	(4485, 3468)	'痛苦'	10440
10289	(57, 54)	'96'	10441
10290	(324, 5437)	'是中華人民共和國'	10442
10291	(460, 277)	'istan'	10443
10292	(4705, 513)	' survive'	10444
10293	(341, 159)	'吟'	10445
10294	(14010, 55)	'1997'	10446
10295	(542, 640)	' Long'	10447
10296	(4508, 336)	' fluid'	10448
10297	(1183, 2490)	'工资'	10449
10298	(3251, 84)	'IST'	10450
10299	(1940, 178)	'茲'	10451
10300	(1136, 190)	'灾'	10452
10301	(1350, 611)	'直到'	10453
10302	(1093, 689)	'等地'	10454
10303	(98, 395)	'bra'	10455
10304	(3188, 773)	'举行'	10456
10305	(98, 533)	'bel'	10457
10306	(1148, 1442)	' brows'	10458
10307	(7238, 3091)	' consequences'	10459
10308	(869, 158)	'聞'	10460
10309	(319, 278)	'otes'	10461
10310	(2347, 313)	' largely'	10462
10311	(526, 134)	'逆'	10463
10312	(772, 915)	'用於'	10464
10313	(98, 327)	'bow'	10465
10314	(1827, 6085)	' centuries'	10466
10315	(677, 565)	'还好'	10467
10316	(700, 189)	'辽'	10468
10317	(7143, 1190)	'杭州'	10469
10318	(364, 186)	'町'	10470
10319	(1771, 353)	' cream'	10471
10320	(323, 287)	'ented'	10472
10321	(1300, 1002)	' persons'	10473
10322	(445, 2404)	' shoes'	10474
10323	(1400, 546)	' defend'	10475
10324	(1508, 667)	' simpl'	10476
10325	(1314, 130)	'桂'	10477
10326	(256, 439)	' tab'	10478
10327	(603, 1970)	'家族'	10479
10328	(1129, 5160)	' conservation'	10480
10329	(537, 136)	'屈'	10481
10330	(871, 1672)	'发布'	10482
10331	(817, 5626)	'分享'	10483
10332	(1166, 3706)	'合适'	10484
10333	(4352, 115)	' concepts'	10485
10334	(557, 134)	'呆'	10486
10335	(1935, 2339)	'形象'	10487
10336	(5364, 115)	' chemicals'	10488
10337	(583, 150)	'拖'	10489
10338	(580, 820)	'都很'	10490
10339	(352, 265)	'lder'	10491
10340	(356, 277)	'igan'	10493
10341	(533, 102)	'elf'	10494
10342	(2957, 8049)	' naturally'	10495
10343	(586, 617)	'日子'	10496
10344	(1171, 8006)	' smooth'	10497
10345	(780, 578)	'去看'	10498
10346	(309, 854)	' nav'	10499
10347	(406, 190)	'眾'	10500
10348	(308, 286)	' gal'	10501
10349	(5060, 498)	' mountain'	10502
10350	(4327, 437)	' indicate'	10503
10351	(1256, 521)	' colour'	10504
10352	(3916, 306)	' bottle'	10505
10353	(3664, 1229)	'冰球'	10506
10354	(2884, 1222)	' Frank'	10507
10355	(14140, 982)	' hilarious'	10508
10356	(429, 602)	' ride'	10509
10357	(6424, 4233)	' institutions'	10510
10358	(1364, 571)	'为什么要'	10511
10359	(1572, 1523)	'风格'	10512
10360	(371, 186)	'旺'	10513
10361	(324, 2769)	'是美國'	10514
10362	(1887, 1878)	'网站'	10515
10363	(1828, 281)	'pring'	10516
10364	(418, 460)	' moist'	10517
10365	(5079, 287)	' installed'	10518
10366	(3278, 3257)	'牛逼'	10519
10367	(68, 68)	'DD'	10520
10368	(387, 417)	' Could'	10521
10369	(104, 3051)	'haha'	10522
10370	(831, 1323)	' inches'	10523
10371	(1602, 3187)	' extensive'	10524
10372	(714, 5566)	' advert'	10525
10373	(1994, 611)	'听到'	10526
10374	(1155, 919)	'德语'	10527
10375	(368, 372)	' Sol'	10528
10376	(1869, 1442)	' follows'	10529
10377	(803, 118)	' sav'	10530
10378	(409, 3432)	' Micro'	10531
10379	(4457, 2724)	'冬季'	10532
10380	(1415, 281)	' ending'	10533
10381	(1214, 3102)	'演唱'	10534
10382	(557, 136)	'呈'	10535
10383	(548, 2121)	' plane'	10536
10384	(478, 109)	' km'	10537
10385	(2544, 451)	' Plus'	10538
10386	(471, 6826)	' exclus'	10539
10387	(276, 1237)	' bath'	10540
10388	(2012, 408)	'......'	10541
10389	(119, 961)	'why'	10542
10390	(1977, 401)	'ounter'	10543
10391	(321, 311)	' bell'	10544
10392	(3672, 2362)	' observ'	10545
10393	(692, 180)	'晴'	10546
10394	(716, 5553)	'下轄'	10547
10395	(434, 330)	' Pet'	10548
10396	(1092, 311)	' shell'	10549
10397	(45, 7585)	'-related'	10550
10398	(2909, 462)	' laun'	10551
10399	(559, 150)	'妖'	10552
10400	(481, 460)	' Dist'	10553
10401	(4225, 1297)	' wonderful'	10554
10402	(315, 1975)	' yield'	10555
10403	(516, 7687)	' choices'	10556
10404	(652, 2167)	' intention'	10557
10405	(461, 159)	'沟'	10558
10406	(317, 178)	'仲'	10559
10407	(714, 109)	' adm'	10560
10408	(529, 2087)	" they'll"	10561
10409	(1823, 399)	'跟我'	10562
10410	(921, 154)	'罚'	10563
10411	(1860, 14128)	' valuable'	10564
10412	(304, 8547)	' IGN'	10565
10413	(300, 3753)	' latter'	10566
10414	(1088, 1724)	'全世界'	10567
10415	(790, 5496)	'心疼'	10568
10416	(1174, 190)	'驾'	10569
10417	(387, 306)	' Cle'	10570
10418	(76, 65)	'LA'	10571
10419	(439, 1664)	'abled'	10572
10420	(268, 1417)	' wave'	10573
10421	(918, 448)	' Stand'	10574
10422	(524, 395)	' Gra'	10575
10423	(2490, 2641)	'资源'	10576
10424	(653, 115)	'acks'	10577
10425	(445, 2438)	' shots'	10578
10426	(5663, 287)	' controlled'	10579
10427	(936, 1990)	' offering'	10580
10428	(471, 7437)	' external'	10581
10429	(550, 3047)	' worried'	10582
10430	(106, 97)	'ja'	10583
10431	(359, 1112)	'不太'	10584
10432	(1666, 7483)	'人口普查'	10585
10433	(276, 2575)	' bones'	10586
10434	(1535, 1457)	'河流'	10587
10435	(1338, 149)	'捕'	10588
10436	(1573, 150)	'準'	10589
10437	(2119, 8128)	' mathemat'	10590
10438	(803, 1082)	' saved'	10591
10439	(537, 142)	'屎'	10592
10440	(109, 343)	'may'	10593
10441	(434, 2200)	' Phys'	10594
10442	(365, 324)	'人是'	10595
10443	(791, 1224)	'西安'	10596
10444	(280, 615)	'orough'	10597
10445	(425, 768)	' Book'	10598
10446	(3185, 513)	' creative'	10599
10447	(984, 155)	'坛'	10600
10448	(82, 512)	'Rem'	10601
10449	(368, 467)	' Sum'	10602
10450	(464, 5634)	' HIV'	10603
10451	(1479, 265)	' owner'	10604
10452	(1470, 790)	'内心'	10605
10453	(109, 108)	'ml'	10606
10454	(1316, 946)	' decade'	10607
10455	(102, 567)	'fast'	10608
10456	(357, 157)	'尝'	10609
10457	(994, 166)	'艦'	10610
10458	(368, 83)	' SS'	10611
10459	(1467, 181)	'涵'	10613
10460	(670, 7488)	'可怜'	10614
10461	(2900, 4403)	'脑残'	10615
10462	(1799, 146)	'習'	10616
10463	(1701, 4725)	' discrim'	10617
10464	(3567, 892)	'while'	10618
10465	(1705, 1271)	'空间'	10619
10466	(2294, 151)	'麗'	10620
10467	(920, 286)	' coal'	10621
10468	(530, 773)	'就行'	10622
10469	(725, 1974)	'公元'	10623
10470	(2508, 814)	' reduction'	10624
10471	(308, 1492)	' gather'	10625
10472	(696, 101)	' theme'	10626
10473	(925, 115)	' goods'	10627
10474	(969, 981)	'同意'	10628
10475	(976, 155)	'飛'	10629
10476	(485, 97)	'osa'	10630
10477	(110, 361)	'nce'	10632
10478	(115, 489)	'squ'	10633
10479	(908, 108)	' overl'	10634
10480	(2252, 115)	' lights'	10635
10481	(933, 570)	' blame'	10636
10482	(57, 51)	'93'	10637
10483	(103, 323)	'gent'	10638
10484	(279, 306)	' fle'	10639
10485	(344, 512)	' Tem'	10640
10486	(624, 178)	'割'	10641
10487	(52, 680)	'400'	10642
10488	(1941, 115)	' interests'	10643
10489	(270, 111)	'ito'	10644
10490	(3900, 3900)	'aaaa'	10645
10491	(662, 294)	'时的'	10646
10492	(443, 2802)	' proport'	10648
10493	(3868, 4639)	' horrible'	10649
10494	(5145, 5145)	'________'	10650
10495	(1951, 166)	'擦'	10651
10496	(542, 639)	' Lake'	10652
10497	(97, 274)	'ais'	10653
10498	(297, 818)	' horm'	10654
10499	(820, 444)	'很大'	10656
10500	(1503, 154)	'滚'	10657
10501	(1947, 1032)	'時代'	10658
10502	(433, 265)	'uster'	10659
10503	(501, 184)	'庸'	10660
10504	(1794, 4688)	'普遍'	10661
10505	(1049, 7099)	'新疆'	10662
10506	(5415, 1106)	' Charles'	10663
10507	(1079, 839)	'男女'	10664
10508	(817, 1022)	'分别'	10665
10509	(73, 65)	'IA'	10666
10510	(890, 115)	'ints'	10667
10511	(1467, 130)	'涂'	10668
10512	(926, 146)	'芒'	10669
10513	(559, 131)	'妃'	10670
10514	(522, 83)	' ES'	10671
10515	(445, 570)	' shame'	10672
10516	(1694, 1158)	' Another'	10673
10517	(531, 8986)	' NASA'	10674
10518	(8871, 1822)	' murder'	10675
10519	(750, 133)	'阅'	10676
10520	(464, 97)	' Ha'	10677
10521	(3104, 1123)	' cutting'	10678
10522	(1681, 4179)	'结构'	10679
10523	(1176, 343)	'away'	10680
10524	(1927, 2620)	'人民政府'	10681
10525	(45, 82)	'-R'	10682
10526	(353, 1120)	'ample'	10683
10527	(4013, 4013)	'AAAA'	10685
10528	(8892, 5172)	' Catholic'	10686
10529	(3637, 345)	' optim'	10687
10530	(4910, 1474)	' awareness'	10688
10531	(4386, 2966)	' frequency'	10689
10532	(2716, 6609)	' efficiency'	10690
10533	(3231, 1499)	' figures'	10691
10534	(317, 191)	'仿'	10692
10535	(7202, 1748)	' Technology'	10693
10536	(5030, 313)	' rarely'	10695
10537	(586, 1000)	'日起'	10696
10538	(1727, 49)	' 2001'	10697
10539	(84, 6838)	'True'	10698
10540	(385, 1843)	'有钱'	10699
10541	(387, 14043)	' Civil'	10700
10542	(1102, 5265)	'利益'	10701
10543	(1623, 2120)	'首播'	10702
10544	(595, 275)	'iven'	10703
10545	(1191, 1658)	' relax'	10704
10546	(14132, 4932)	' Facebook'	10705
10547	(464, 549)	' Hall'	10706
10548	(1864, 3379)	'列車'	10707
10549	(316, 172)	'召'	10708
10550	(3240, 278)	' sales'	10709
10551	(32, 2550)	' err'	10710
10552	(294, 821)	'的名'	10711
10553	(1130, 107)	' desk'	10712
10554	(308, 334)	' gro'	10713
10555	(918, 719)	' Step'	10714
10556	(274, 107)	'isk'	10715
10557	(416, 143)	'伏'	10716
10558	(1887, 1295)	'网友'	10717
10559	(314, 437)	'state'	10718
10560	(1667, 112)	' insp'	10719
10561	(72, 105)	'Hi'	10720
10562	(1667, 2121)	' insane'	10721
10563	(580, 1156)	'都可以'	10722
10564	(2592, 135)	'蛇'	10723
10565	(385, 1307)	'有关'	10724
10566	(598, 442)	'agers'	10725
10567	(14087, 607)	' procedure'	10726
10568	(3866, 9007)	' fundamental'	10727
10569	(445, 3523)	' shift'	10728
10570	(1029, 549)	' recall'	10729
10571	(324, 1761)	'是真的'	10730
10572	(71, 69)	'GE'	10731
10573	(918, 5142)	' Street'	10732
10574	(4476, 703)	' updated'	10733
10575	(434, 1253)	' Power'	10734
10576	(283, 259)	' pin'	10735
10577	(389, 122)	' haz'	10736
10578	(616, 145)	'抑'	10737
10579	(6034, 5256)	' Academ'	10738
10580	(353, 1379)	'amps'	10739
10581	(57, 50)	'92'	10741
10582	(4840, 3336)	' revolution'	10742
10583	(256, 346)	' tut'	10743
10584	(363, 512)	' stem'	10744
10585	(2055, 2723)	'考试'	10745
10586	(72, 2162)	'Hmm'	10746
10587	(399, 1153)	'我就是'	10747
10588	(264, 287)	' sed'	10748
10589	(8904, 100)	' crowd'	10749
10590	(831, 108)	' incl'	10750
10591	(2890, 1194)	'具体'	10751
10592	(1028, 1565)	'海军'	10752
10593	(3129, 442)	' computers'	10753
10594	(2223, 7251)	' muscles'	10754
10595	(654, 174)	'邮'	10755
10596	(357, 184)	'尸'	10756
10597	(8051, 102)	' satisf'	10757
10598	(994, 179)	'艳'	10758
10599	(409, 512)	' Mem'	10759
10600	(1423, 607)	' secure'	10760
10601	(1952, 1106)	' particles'	10761
10602	(3893, 115)	' blocks'	10763
10603	(2926, 313)	' closely'	10764
10604	(105, 636)	'iac'	10765
10605	(3272, 115)	' affects'	10766
10606	(70, 108)	'Fl'	10767
10607	(6847, 306)	' struggle'	10768
10608	(1809, 442)	' refers'	10769
10609	(5630, 4355)	' diagnosis'	10770
10610	(436, 177)	'励'	10771
10611	(3530, 7941)	'中华民国'	10772
10612	(1257, 1206)	'化學'	10773
10613	(2484, 116)	' Att'	10774
10614	(811, 3855)	' quiet'	10775
10615	(112, 277)	'pan'	10776
10616	(5907, 703)	' repeated'	10777
10617	(2904, 1098)	'速度'	10779
10618	(416, 184)	'伸'	10780
10619	(626, 1060)	'也不是'	10781
10620	(690, 149)	'雕'	10782
10621	(542, 117)	' Lu'	10783
10622	(2156, 773)	'發行'	10784
10623	(1146, 351)	'grad'	10785
10624	(265, 756)	'eria'	10786
10625	(304, 68)	' ID'	10787
10626	(462, 97)	'una'	10788
10627	(805, 138)	'舊'	10789
10628	(274, 1939)	'isters'	10790
10629	(5478, 1589)	' pollution'	10791
10630	(707, 190)	'贾'	10792
10631	(4038, 465)	' Supp'	10794
10632	(4248, 265)	' suffer'	10795
10633	(464, 497)	' Home'	10796
10634	(416, 170)	'伪'	10797
10635	(1403, 186)	'殺'	10798
10636	(279, 439)	' fab'	10799
10637	(445, 1975)	' shield'	10800
10638	(1281, 151)	'粗'	10801
10639	(3840, 372)	' Carol'	10802
10640	(2948, 2849)	'聯賽'	10803
10641	(1029, 14081)	' recovery'	10804
10642	(608, 1097)	' usual'	10805
10643	(1071, 8700)	'性不明'	10806
10644	(1809, 8497)	' referring'	10807
10645	(1409, 591)	'才会'	10808
10646	(4797, 1770)	' Company'	10809
10647	(421, 267)	' seat'	10810
10648	(787, 116)	' pret'	10811
10649	(3317, 286)	' moral'	10812
10650	(5067, 287)	' assumed'	10813
10651	(3717, 498)	' complain'	10814
10652	(1718, 7558)	'保護'	10815
10653	(264, 373)	' ske'	10816
10654	(935, 14161)	' poverty'	10817
10655	(349, 2928)	'一步'	10818
10656	(1155, 1064)	'德語'	10819
10657	(7271, 114)	' sacr'	10820
10658	(256, 2165)	' tired'	10821
10659	(2800, 152)	'潘'	10822
10660	(1771, 119)	' crew'	10823
10661	(463, 569)	' Wood'	10824
10662	(318, 3297)	' elev'	10825
10663	(4825, 280)	' ignor'	10826
10664	(6416, 1953)	'舒服'	10827
10665	(1014, 174)	'壮'	10828
10666	(404, 287)	'cked'	10829
10667	(76, 83)	'LS'	10830
10668	(3351, 847)	' appearance'	10831
10669	(103, 104)	'gh'	10832
10670	(304, 80)	' IP'	10833
10671	(1771, 719)	' creep'	10834
10672	(851, 182)	'隶'	10835
10673	(522, 398)	' End'	10836
10674	(274, 2474)	'isco'	10839
10675	(395, 426)	'rage'	10840
10676	(104, 448)	'hand'	10841
10677	(2246, 1495)	'收入'	10842
10678	(291, 108)	'arl'	10843
10679	(5427, 3468)	'辛苦'	10844
10680	(111, 122)	'oz'	10845
10681	(846, 502)	'ishment'	10846
10682	(996, 1642)	' everyday'	10847
10683	(1133, 294)	'区的'	10848
10684	(1040, 1959)	' flash'	10849
10685	(583, 134)	'拆'	10850
10686	(3906, 6033)	'伦敦'	10851
10687	(598, 1736)	'agues'	10852
10688	(57, 52)	'94'	10853
10689	(533, 3446)	'elcome'	10854
10690	(14038, 3392)	' surprising'	10855
10691	(886, 1134)	'真相'	10856
10692	(1482, 556)	'马上'	10857
10693	(5564, 327)	' fellow'	10858
10694	(1403, 191)	'殿'	10859
10695	(3295, 3528)	' Commission'	10860
10696	(314, 2488)	'stream'	10861
10697	(4469, 3946)	'范围'	10863
10698	(1280, 3631)	'通過'	10864
10699	(541, 287)	'arted'	10865
10700	(3066, 2881)	' Columb'	10866
10701	(429, 356)	' rig'	10867
10702	(14134, 1160)	' Pacific'	10868
10703	(4118, 956)	'移民'	10869
10704	(583, 159)	'拟'	10870
10705	(1213, 9305)	'影響'	10871
10706	(263, 756)	'onia'	10872
10707	(4573, 1209)	' knife'	10873
10708	(343, 281)	'aying'	10874
10709	(784, 166)	'谦'	10875
10710	(454, 2058)	' 150'	10876
10711	(907, 115)	' acts'	10877
10712	(1190, 294)	'州的'	10878
10713	(5942, 6597)	'高速公路'	10879
10714	(542, 439)	' Lab'	10880
10715	(704, 4505)	' arrest'	10881
10716	(1527, 378)	' formation'	10882
10717	(1993, 397)	" What's"	10883
10718	(648, 2575)	' Jones'	10884
10719	(1865, 187)	'費'	10885
10720	(5185, 323)	' consistent'	10886
10721	(1134, 1152)	'相当'	10887
10722	(6585, 1170)	' precise'	10888
10723	(3186, 137)	'蓉'	10889
10724	(3034, 2156)	'開發'	10890
10725	(1807, 602)	'oxide'	10891
10726	(1744, 287)	' signed'	10892
10727	(3749, 14067)	' hopefully'	10893
10728	(1628, 1328)	'阿尔'	10894
10729	(4190, 1833)	' recognized'	10895
10730	(2011, 148)	'摔'	10896
10731	(926, 157)	'芝'	10897
10732	(277, 281)	'aning'	10898
10733	(337, 129)	'迁'	10899
10734	(838, 14138)	'ocracy'	10900
10735	(421, 5882)	' selection'	10901
10736	(3680, 793)	'味道'	10902
10737	(344, 7262)	' Today'	10903
10738	(322, 728)	' reven'	10904
10739	(864, 1631)	'现场'	10905
10740	(725, 767)	'公主'	10906
10741	(1375, 6276)	'欢迎'	10907
10742	(1434, 164)	'撤'	10908
10743	(6964, 281)	'uilding'	10909
10744	(3540, 176)	'鄰'	10910
10745	(345, 97)	'ima'	10911
10746	(280, 301)	'oric'	10912
10747	(2328, 358)	' driver'	10913
10748	(322, 484)	' rent'	10914
10749	(535, 8960)	' Robert'	10915
10750	(368, 396)	' Sil'	10916
10751	(1108, 864)	'实现'	10917
10752	(585, 586)	'生日'	10918
10753	(386, 180)	'奴'	10919
10754	(1223, 173)	'岭'	10920
10755	(1524, 174)	'縮'	10921
10756	(3417, 2103)	' Scott'	10922
10757	(257, 432)	' ath'	10923
10758	(1823, 438)	'跟你'	10924
10759	(464, 65)	' HA'	10925
10760	(1435, 133)	'僅'	10927
10761	(7613, 1309)	'獨立'	10928
10762	(825, 552)	' sport'	10929
10763	(2598, 838)	' advoc'	10930
10764	(399, 578)	'我看'	10931
10765	(571, 479)	'要么'	10932
10766	(3765, 733)	' Medical'	10933
10767	(734, 1287)	' clock'	10934
10768	(1040, 1505)	' flair'	10935
10769	(333, 189)	'兽'	10936
10770	(9176, 121)	' buddy'	10937
10771	(1130, 866)	' desire'	10938
10772	(7140, 754)	' sustainable'	10939
10773	(540, 1018)	'和平'	10940
10774	(257, 120)	' ax'	10941
10775	(14091, 4462)	' incredibly'	10942
10776	(2490, 1523)	'资格'	10943
10777	(5136, 1114)	'增加'	10944
10778	(14010, 52)	'1994'	10945
10779	(5116, 1669)	' audio'	10946
10780	(621, 281)	'earing'	10948
10781	(626, 820)	'也很'	10949
10782	(6219, 259)	'stein'	10950
10783	(1035, 287)	'ailed'	10951
10784	(4180, 287)	' collected'	10952
10785	(2537, 121)	' busy'	10953
10786	(1038, 915)	'由於'	10954
10787	(1694, 110)	' Ann'	10955
10788	(1317, 152)	'湘'	10956
10789	(1900, 1017)	'剧情'	10957
10790	(425, 382)	' Bur'	10958
10791	(564, 5152)	' allerg'	10959
10792	(68, 263)	'Don'	10960
10793	(463, 258)	' Whe'	10961
10794	(280, 2558)	'orrow'	10962
10795	(1292, 1884)	'打算'	10963
10796	(2519, 5147)	'便宜'	10964
10797	(267, 258)	'athe'	10965
10798	(1261, 546)	' attend'	10966
10799	(114, 2121)	'rane'	10967
10800	(2706, 118)	' grav'	10968
10801	(273, 754)	' cable'	10969
10802	(2981, 115)	' holds'	10970
10803	(7028, 281)	' surrounding'	10971
10804	(1075, 181)	'页'	10972
10805	(14010, 50)	'1992'	10974
10806	(648, 636)	' Jac'	10975
10807	(1973, 433)	' frust'	10976
10808	(1438, 1611)	'院士'	10977
10809	(361, 3268)	'ceived'	10978
10810	(1350, 2120)	'直播'	10979
10811	(565, 1198)	'好吧'	10980
10812	(2385, 871)	'转发'	10981
10813	(1630, 277)	'merican'	10982
10814	(67, 1189)	'Cont'	10983
10815	(1188, 119)	' raw'	10984
10816	(860, 1186)	'斯克'	10985
10817	(1007, 14143)	' Chicago'	10986
10818	(1029, 121)	' recy'	10987
10819	(5070, 281)	' shooting'	10988
10820	(478, 396)	' kil'	10989
10821	(591, 2788)	'会议'	10990
10822	(349, 2004)	'一边'	10991
10823	(2784, 2784)	'刚刚'	10992
10824	(535, 351)	' Rad'	10993
10825	(3075, 115)	' periods'	10994
10826	(1027, 726)	'经过'	10995
10827	(14010, 49)	'1991'	10996
10828	(80, 82)	'PR'	10997
10829	(701, 306)	' tele'	10998
10830	(1140, 1043)	' servers'	10999
10831	(1339, 8068)	' asshole'	11000
10832	(654, 170)	'邪'	11001
10833	(5622, 452)	' substant'	11003
10834	(636, 306)	'acle'	11004
10835	(273, 838)	' coc'	11005
10836	(297, 353)	' ham'	11006
10837	(781, 2428)	'最初'	11008
10838	(2384, 504)	'共和国'	11009
10839	(3146, 1182)	' operating'	11010
10840	(675, 143)	'問'	11011
10841	(509, 108)	'pel'	11012
10842	(357, 191)	'尿'	11013
10843	(2052, 164)	'藤'	11014
10844	(334, 2373)	'rogen'	11015
10845	(943, 412)	'所在'	11016
10846	(796, 2339)	'对象'	11017
10847	(620, 399)	'自我'	11018
10848	(692, 146)	'晒'	11019
10849	(833, 1764)	'部门'	11020
10850	(297, 3486)	' holy'	11022
10851	(904, 3359)	' proud'	11024
10852	(2465, 1050)	' winning'	11025
10853	(3561, 2210)	'追求'	11026
10854	(572, 97)	'cia'	11027
10855	(999, 2780)	' Very'	11028
10856	(279, 1165)	' foss'	11029
10857	(907, 281)	' acting'	11030
10858	(3431, 63)	'???'	11031
10859	(1197, 5250)	'重庆'	11032
10860	(4387, 1734)	'讨论'	11034
10861	(1460, 1047)	'基因'	11035
10862	(4914, 942)	' Students'	11036
10863	(314, 1989)	'struct'	11037
10864	(14137, 121)	' empty'	11038
10865	(67, 83)	'CS'	11039
10866	(4434, 552)	' Report'	11040
10867	(542, 7367)	' Latin'	11041
10868	(3245, 294)	'所有的'	11042
10869	(672, 183)	'纷'	11043
10870	(109, 301)	'mic'	11044
10871	(4323, 6298)	' soldiers'	11045
10872	(3426, 762)	'作为一个'	11046
10873	(6713, 270)	' split'	11047
10874	(4884, 101)	' route'	11048
10875	(3866, 281)	' funding'	11049
10876	(7160, 562)	' ingred'	11050
10877	(481, 1424)	' Def'	11051
10878	(4102, 259)	' domin'	11052
10879	(85, 112)	'Up'	11053
10880	(421, 3303)	' sector'	11054
10881	(14173, 14148)	'尴尬'	11055
10882	(599, 107)	' Ok'	11056
10883	(3951, 115)	' balls'	11057
10884	(2905, 164)	'澤'	11058
10885	(2906, 1234)	' craft'	11059
10886	(1607, 263)	'ommon'	11060
10887	(4699, 997)	' Australian'	11061
10888	(7223, 1801)	' trigger'	11063
10889	(463, 5105)	' Women'	11064
10890	(1348, 142)	'莎'	11065
10891	(1101, 611)	'感到'	11066
10892	(55, 54)	'76'	11067
10893	(420, 171)	'扫'	11069
10894	(6260, 1330)	'節目'	11071
10895	(359, 780)	'不去'	11072
10896	(5959, 108)	' bowl'	11073
10897	(608, 14150)	' username'	11074
10898	(337, 148)	'返'	11075
10899	(97, 111)	'ao'	11076
10900	(4388, 977)	' competition'	11077
10901	(305, 181)	'朵'	11078
10902	(4357, 1147)	'压力'	11079
10903	(1063, 779)	'动作'	11080
10904	(3765, 14064)	' Medicine'	11081
10905	(903, 287)	'igned'	11082
10906	(6643, 1323)	' clothes'	11083
10907	(2109, 1250)	' topics'	11084
10908	(14010, 54)	'1996'	11085
10909	(273, 439)	' cab'	11086
10910	(302, 452)	'asant'	11087
10911	(1727, 50)	' 2002'	11088
10912	(9004, 287)	' divided'	11089
10913	(775, 790)	'小心'	11090
10914	(585, 699)	'生于'	11091
10915	(464, 3486)	' Holy'	11092
10916	(690, 128)	'雀'	11093
10917	(360, 97)	'cha'	11094
10918	(464, 1606)	' Hope'	11095
10919	(3040, 115)	' deaths'	11096
10920	(557, 151)	'呗'	11097
10921	(725, 3720)	'公园'	11098
10922	(368, 107)	' Sk'	11099
10923	(45, 110)	'-n'	11100
10924	(3342, 267)	' combat'	11101
10925	(4248, 1990)	' suffering'	11102
10926	(385, 662)	'有时'	11103
10927	(2543, 280)	' director'	11104
10928	(2709, 2691)	'害怕'	11105
10929	(434, 82)	' PR'	11106
10930	(1109, 872)	'及其'	11107
10931	(6758, 319)	' hypot'	11108
10932	(399, 2159)	'我妈'	11109
10933	(14089, 7458)	' Michael'	11110
10934	(425, 260)	' Bre'	11111
10935	(300, 351)	' lad'	11112
10936	(325, 3355)	' isn’t'	11113
10937	(5194, 773)	'舉行'	11114
10938	(279, 287)	' fed'	11115
10939	(6946, 336)	' candid'	11116
10940	(87, 14069)	'Windows'	11117
10941	(1259, 281)	'luding'	11119
10942	(114, 1096)	'rates'	11120
10943	(2461, 892)	' profile'	11121
10944	(7521, 1513)	'汽车'	11122
10945	(592, 188)	'炼'	11123
10946	(556, 780)	'上去'	11124
10947	(689, 947)	'地理'	11125
10948	(1216, 158)	'霞'	11126
10949	(765, 530)	'那就'	11127
10950	(1281, 146)	'粒'	11128
10951	(516, 6460)	' chapter'	11130
10952	(3886, 2392)	' sensitive'	11131
10953	(427, 582)	' defe'	11132
10954	(303, 287)	'omed'	11134
10955	(507, 306)	' sole'	11135
10956	(6217, 437)	' debate'	11136
10957	(4573, 1287)	' knock'	11137
10958	(707, 161)	'贡'	11138
10959	(74, 3152)	'John'	11139
10960	(66, 114)	'Br'	11140
10961	(296, 2067)	' inner'	11141
10962	(819, 3051)	'ahaha'	11142
10963	(106, 111)	'jo'	11143
10964	(279, 5894)	' finger'	11144
10965	(2723, 2723)	'试试'	11145
10966	(2299, 3045)	'观众'	11146
10967	(757, 2191)	'之後'	11147
10968	(2471, 660)	'取得'	11148
10969	(1972, 1297)	' careful'	11149
10970	(7844, 275)	' chicken'	11150
10971	(409, 4134)	' Mrs'	11151
10972	(283, 1639)	' porn'	11152
10973	(2119, 2921)	' matches'	11153
10974	(604, 140)	'陌'	11154
10975	(810, 175)	'振'	11155
10976	(7340, 4423)	'Agreed'	11156
10977	(4060, 365)	'有些人'	11157
10978	(2750, 1053)	'确定'	11158
10979	(1134, 796)	'相对'	11159
10980	(2470, 793)	'报道'	11160
10981	(363, 754)	' stable'	11161
10982	(475, 358)	' liver'	11162
10983	(503, 181)	'牵'	11163
10984	(1336, 48)	'180'	11164
10985	(859, 663)	' Know'	11165
10986	(5014, 2039)	' Control'	11166
10987	(779, 2431)	'作曲'	11167
10988	(409, 402)	' Mill'	11168
10989	(976, 152)	'飘'	11169
10990	(865, 144)	'紐'	11170
10991	(535, 303)	' Rom'	11171
10992	(2025, 5149)	'百姓'	11172
10993	(578, 3083)	'看起来'	11173
10994	(367, 133)	'幅'	11174
10995	(1162, 3835)	'ibilities'	11175
10996	(2049, 115)	' supports'	11176
10997	(2240, 431)	" Can't"	11177
10998	(79, 646)	'Other'	11178
10999	(1929, 312)	' solve'	11179
11000	(1813, 440)	' possess'	11180
11001	(2364, 1325)	' governments'	11181
11002	(1160, 932)	'ificial'	11182
11003	(283, 270)	' pit'	11184
11004	(4668, 156)	'膜'	11185
11005	(482, 1392)	'这两'	11186
11006	(429, 698)	' rice'	11187
11007	(294, 2201)	'的生活'	11188
11008	(522, 14015)	' Econom'	11189
11009	(5876, 4574)	'藝術'	11190
11010	(8057, 698)	' Office'	11191
11011	(1005, 495)	'weight'	11192
11012	(14147, 323)	' equivalent'	11193
11013	(324, 444)	'是大'	11194
11014	(1338, 144)	'捐'	11195
11015	(900, 166)	'焦'	11196
11016	(2507, 2013)	' joined'	11198
11017	(7505, 946)	' upgrade'	11199
11018	(438, 626)	'你也'	11200
11019	(444, 1376)	'大區'	11201
11020	(435, 270)	' suit'	11202
11021	(783, 512)	' contem'	11203
11022	(1934, 287)	'oked'	11204
11023	(453, 7215)	' doctors'	11205
11024	(1180, 611)	'回到'	11206
11025	(349, 585)	'一生'	11207
11026	(1462, 115)	' mods'	11208
11027	(294, 1017)	'的情'	11209
11028	(3211, 815)	'梦想'	11210
11029	(3533, 2120)	'廣播'	11211
11030	(7565, 1988)	' Instead'	11212
11031	(264, 1002)	' sons'	11213
11032	(2875, 2611)	' THAT'	11214
11033	(2516, 919)	'汉语'	11215
11034	(84, 2365)	'TER'	11216
11035	(1148, 4579)	' bridge'	11217
11036	(1036, 313)	'rently'	11218
11037	(386, 184)	'奸'	11219
11038	(102, 846)	'fish'	11220
11039	(2094, 345)	' swim'	11221
11040	(283, 411)	' pul'	11222
11041	(112, 267)	'pat'	11223
11042	(2726, 502)	' agreement'	11224
11043	(5517, 287)	' selected'	11225
11044	(363, 14152)	' stomach'	11226
11045	(641, 6099)	'没想到'	11227
11046	(381, 147)	'卓'	11228
11047	(511, 168)	'臨'	11229
11048	(1262, 313)	' greatly'	11230
11049	(899, 882)	'面前'	11231
11050	(3533, 2047)	'廣東'	11232
11051	(280, 286)	'oral'	11233
11052	(1982, 115)	'ugs'	11234
11053	(1012, 3367)	' newsp'	11235
11054	(580, 807)	'都市'	11236
11055	(368, 572)	' Sci'	11237
11056	(45, 263)	'-on'	11238
11057	(476, 14146)	' journey'	11239
11058	(1602, 2854)	' extended'	11240
11059	(14038, 1170)	' surprise'	11241
11060	(3527, 968)	'依然'	11242
11061	(277, 278)	'anes'	11243
11062	(297, 1237)	' hath'	11244
11063	(2496, 594)	' Engine'	11246
11064	(5116, 5960)	' audience'	11247
11065	(3606, 281)	' bringing'	11248
11066	(1032, 4534)	'代码'	11249
11067	(283, 115)	' ps'	11250
11068	(1213, 1502)	'影视'	11251
11069	(689, 5537)	'地震'	11252
11070	(269, 562)	'oured'	11253
11071	(99, 1160)	'cific'	11254
11072	(475, 278)	' lies'	11255
11073	(1962, 2904)	'快速'	11256
11074	(1461, 110)	' earn'	11257
11075	(533, 594)	'eline'	11258
11076	(4484, 5289)	' documents'	11259
11077	(333, 148)	'兔'	11260
11078	(45, 1496)	'-15'	11261
11079	(282, 302)	' mas'	11262
11080	(813, 14065)	' unfortunately'	11263
11081	(1226, 987)	'台北'	11264
11082	(2049, 281)	' supporting'	11265
11083	(902, 163)	'侣'	11266
11084	(412, 399)	'在我'	11267
11085	(6137, 104)	' breath'	11269
11086	(2889, 48)	' 1990'	11270
11087	(2603, 3480)	'Alright'	11271
11088	(686, 294)	'学的'	11272
11089	(470, 128)	'哀'	11273
11090	(329, 301)	'ctic'	11274
11091	(3291, 697)	'-time'	11275
11092	(1261, 4978)	' attached'	11276
11093	(933, 440)	' bless'	11277
11094	(3464, 287)	' discussed'	11278
11095	(290, 143)	'亏'	11279
11096	(4979, 14157)	'宇宙'	11280
11097	(365, 1183)	'人工'	11281
11098	(851, 168)	'隨'	11282
11099	(349, 991)	'一只'	11283
11100	(836, 1336)	' 2018'	11284
11101	(6478, 691)	' village'	11285
11102	(5288, 404)	' Check'	11286
11103	(699, 324)	'于是'	11287
11104	(702, 1464)	'如今'	11288
11105	(1698, 3106)	'每个人'	11289
11106	(2419, 4009)	'奇怪'	11290
11107	(322, 1610)	' reward'	11291
11108	(2444, 97)	' Sea'	11292
11109	(522, 9656)	' Energy'	11293
11110	(4304, 6085)	' injuries'	11294
11111	(3488, 5450)	'兴趣'	11295
11112	(614, 147)	'浓'	11296
11113	(1775, 1523)	'价格'	11297
11114	(2179, 1015)	'動物'	11298
11115	(673, 642)	' imper'	11299
11116	(1890, 111)	' auto'	11300
11117	(6934, 597)	' angry'	11301
11118	(1041, 2330)	' roof'	11302
11119	(1445, 2331)	'制造'	11303
11120	(535, 495)	' Right'	11304
11121	(330, 597)	'etry'	11305
11122	(6469, 2712)	'ocratic'	11306
11123	(485, 286)	'osal'	11307
11124	(3012, 2664)	' measured'	11308
11125	(1758, 397)	" let's"	11309
11126	(1677, 1051)	'并没有'	11310
11127	(3450, 741)	'組成'	11311
11128	(523, 2659)	' FOR'	11312
11129	(914, 442)	'angers'	11313
11130	(2909, 336)	' laid'	11314
11131	(1221, 144)	'虐'	11315
11132	(542, 567)	' Last'	11316
11133	(399, 641)	'我没'	11317
11134	(260, 112)	'rep'	11318
11135	(108, 567)	'last'	11319
11136	(387, 724)	' Cap'	11321
11137	(68, 70)	'DF'	11322
11138	(322, 1074)	' reform'	11323
11139	(365, 377)	'人了'	11324
11140	(1107, 1427)	' studied'	11325
11141	(109, 103)	'mg'	11326
11142	(2098, 281)	' passing'	11327
11143	(1127, 789)	'东方'	11328
11144	(2474, 259)	'coin'	11329
11145	(8894, 1474)	' witness'	11330
11146	(2596, 164)	'鹤'	11331
11147	(8608, 3266)	' EDIT'	11332
11148	(1129, 1617)	' consists'	11333
11149	(772, 377)	'用了'	11335
11150	(2095, 821)	'命名'	11336
11151	(3216, 691)	' percentage'	11337
11152	(531, 1841)	' Nature'	11338
11153	(308, 5989)	' gaming'	11339
11154	(339, 823)	' that’s'	11340
11155	(1416, 176)	'械'	11341
11156	(1384, 2179)	'活動'	11342
11157	(542, 495)	' Light'	11343
11158	(122, 265)	'zer'	11344
11159	(1135, 562)	'bered'	11345
11160	(1229, 2238)	'球队'	11347
11161	(1134, 969)	'相同'	11348
11162	(961, 108)	'hyl'	11349
11163	(1418, 45)	' high-'	11350
11164	(935, 373)	' poke'	11351
11165	(104, 286)	'hal'	11352
11166	(366, 80)	' AP'	11353
11167	(1122, 3153)	' ourselves'	11354
11168	(1898, 14142)	' crisis'	11355
11169	(268, 594)	' wine'	11357
11170	(721, 131)	'促'	11358
11171	(1370, 137)	'唉'	11359
11172	(405, 112)	'opp'	11360
11173	(4884, 594)	' routine'	11361
11174	(7936, 1246)	'计算机'	11362
11175	(308, 323)	' gent'	11363
11176	(1528, 871)	'头发'	11364
11177	(2607, 2711)	'羅馬'	11365
11178	(4102, 6938)	' domestic'	11366
11179	(3557, 5794)	' essentially'	11367
11180	(3264, 3054)	' biological'	11368
11181	(3025, 265)	' stronger'	11369
11182	(6873, 1897)	'是位于美国'	11370
11183	(6405, 1097)	' spiritual'	11371
11184	(304, 4076)	' III'	11372
11185	(349, 821)	'一名'	11373
11186	(67, 1286)	'Cool'	11374
11187	(1358, 6494)	' oblig'	11375
11188	(1265, 14169)	' represents'	11376
11189	(1553, 1321)	'星期'	11377
11190	(450, 312)	'rive'	11378
11191	(14141, 3077)	' circumstances'	11379
11192	(716, 899)	'下面'	11380
11193	(119, 2186)	'who'	11382
11194	(4795, 731)	' prepare'	11383
11195	(2583, 5102)	' approaches'	11384
11196	(266, 136)	'丈'	11385
11197	(121, 265)	'yer'	11386
11198	(6902, 2769)	'是位於美國'	11387
11199	(283, 402)	' pill'	11388
11200	(5708, 1968)	' astron'	11389
11201	(377, 438)	'了你'	11390
11202	(4901, 182)	'蝶'	11391
11203	(444, 1133)	'大区'	11392
11204	(4809, 442)	' customers'	11393
11205	(1467, 133)	'涅'	11394
11206	(257, 14156)	' aircraft'	11395
11207	(1135, 281)	'being'	11396
11208	(992, 8101)	' screens'	11397
11209	(1821, 324)	'它是'	11398
11210	(1699, 149)	'評'	11399
11211	(1803, 53)	' 75'	11400
11212	(2449, 546)	' weekend'	11401
11213	(2622, 580)	'大家都'	11402
11214	(76, 768)	'Look'	11403
11215	(103, 313)	'gly'	11404
11216	(114, 114)	'rr'	11405
11217	(429, 1779)	' rural'	11406
11218	(1870, 3927)	'朋友圈'	11407
11219	(1176, 115)	'aws'	11408
11220	(979, 1891)	'明朝'	11409
11221	(657, 115)	'ogs'	11410
11222	(1879, 281)	'cling'	11411
11223	(14086, 452)	' pregnant'	11412
11224	(297, 1371)	' hatch'	11413
11225	(486, 187)	'耻'	11414
11226	(481, 291)	' Dar'	11415
11227	(110, 353)	'nam'	11416
11228	(1163, 4264)	'该怎么办'	11417
11229	(259, 323)	'inent'	11418
11230	(826, 32)	'     '	11419
11231	(7809, 3428)	' monitoring'	11420
11232	(4705, 4138)	' survival'	11421
11233	(1148, 905)	' brings'	11422
11234	(455, 671)	'个月'	11423
11235	(342, 182)	'戶'	11424
11236	(401, 121)	'tery'	11425
11237	(3141, 5774)	'機構'	11426
11238	(1755, 460)	' artist'	11427
11239	(99, 4335)	'cript'	11428
11240	(3395, 121)	' difficulty'	11429
11241	(419, 1334)	' convent'	11430
11242	(5627, 115)	' officials'	11431
11243	(3186, 172)	'蓬'	11432
11244	(270, 691)	'itage'	11433
11245	(1204, 115)	'ups'	11434
11246	(445, 7069)	' sharp'	11435
11247	(2090, 2873)	' confidence'	11436
11248	(103, 569)	'good'	11437
11249	(3683, 115)	' impacts'	11438
11250	(1144, 680)	' 400'	11439
11251	(1261, 5055)	' attitude'	11440
11252	(1152, 2428)	'当初'	11441
11253	(626, 876)	'也被'	11442
11254	(108, 640)	'long'	11443
11255	(14070, 323)	' component'	11444
11256	(4369, 278)	' taxes'	11445
11257	(2132, 1283)	'商业'	11446
11258	(978, 821)	'知名'	11447
11259	(280, 1644)	'organ'	11448
11260	(283, 2019)	' pounds'	11449
11261	(910, 4723)	' appeal'	11450
11262	(3403, 3403)	'hhhh'	11451
11263	(517, 148)	'衔'	11452
11264	(5222, 779)	'製作'	11453
11265	(434, 4522)	' Peter'	11454
11266	(14058, 1379)	' https'	11455
11267	(14095, 1779)	' agricultural'	11456
11268	(1539, 7206)	'治疗'	11457
11269	(490, 2271)	' vital'	11459
11270	(2386, 1325)	' movements'	11460
11271	(4207, 186)	'螺'	11461
11272	(1564, 287)	'ribed'	11462
11273	(8058, 313)	' barely'	11463
11274	(793, 1181)	'道路'	11464
11275	(539, 134)	'覆'	11465
11276	(5075, 301)	' magic'	11466
11277	(1783, 1002)	' lessons'	11467
11278	(556, 899)	'上面'	11468
11279	(366, 84)	' AT'	11469
11280	(115, 497)	'some'	11470
11281	(5067, 281)	' assuming'	11471
11282	(1161, 623)	'话说'	11472
11283	(70, 259)	'Fin'	11473
11284	(98, 1639)	'born'	11474
11285	(1816, 111)	' explo'	11475
11286	(1804, 886)	'认真'	11476
11287	(103, 105)	'gi'	11477
11288	(2959, 3671)	'酒店'	11478
11289	(1706, 447)	' Really'	11479
11290	(3878, 4184)	'怀疑'	11480
11291	(3384, 188)	'繼'	11481
11292	(1400, 5763)	' default'	11482
11293	(3982, 115)	' subjects'	11483
11294	(1936, 4400)	'改革'	11484
11295	(353, 105)	'ami'	11485
11296	(1369, 327)	'ollow'	11486
11297	(6417, 14151)	' ecosystem'	11487
11298	(14036, 694)	' opinions'	11488
11299	(399, 820)	'我很'	11489
11300	(775, 1674)	'小米'	11490
11301	(672, 181)	'纵'	11491
11302	(71, 65)	'GA'	11492
11303	(256, 8985)	' tasks'	11493
11304	(1947, 3072)	'時間'	11494
11305	(1671, 2055)	'思考'	11495
11306	(99, 1002)	'cons'	11496
11307	(286, 948)	'alty'	11497
11308	(802, 4423)	' agreed'	11498
11309	(1623, 1942)	'首先'	11499
11310	(599, 14149)	' Oregon'	11500
11311	(415, 286)	' oral'	11501
11312	(992, 114)	' scr'	11502
11313	(916, 359)	'而不'	11503
11314	(623, 688)	'说什么'	11504
11315	(950, 154)	'肚'	11505
11316	(5451, 161)	'蔡'	11506
11317	(285, 3496)	' angle'	11507
11318	(5367, 7364)	' pleasure'	11508
11319	(304, 86)	' IV'	11509
11320	(4085, 9468)	'中華民國'	11510
11321	(6191, 267)	' habitat'	11511
11322	(542, 111)	' Lo'	11512
11323	(542, 768)	' Look'	11514
11324	(282, 849)	' mild'	11515
11325	(2989, 6739)	' girlfriend'	11516
11326	(937, 762)	'第一个'	11517
11327	(700, 169)	'辩'	11518
11328	(887, 694)	'ensions'	11519
11329	(1279, 396)	' trail'	11520
11330	(3407, 278)	' businesses'	11521
11331	(9367, 1502)	'歧视'	11522
11332	(937, 1920)	'第五'	11523
11333	(9292, 597)	' Henry'	11524
11334	(523, 3313)	' Further'	11525
11335	(813, 754)	' unable'	11526
11336	(1467, 168)	'涨'	11527
11337	(1307, 790)	'关心'	11528
11338	(438, 482)	'你这'	11529
11339	(310, 173)	'昭'	11530
11340	(2305, 1325)	' treatments'	11531
11341	(9797, 866)	' Empire'	11532
11342	(3798, 1050)	' burning'	11533
11343	(14086, 5937)	' pregnancy'	11534
11344	(560, 148)	'赔'	11535
11345	(104, 114)	'hr'	11536
11346	(791, 3020)	'西洋'	11537
11347	(87, 72)	'WH'	11538
11348	(1405, 3902)	' instruction'	11539
11349	(1034, 5084)	' twenty'	11540
11350	(322, 45)	' re-'	11541
11351	(2207, 981)	'故意'	11542
11352	(530, 385)	'就有'	11543
11353	(7917, 1128)	'基督教'	11544
11354	(5622, 847)	' substance'	11545
11355	(775, 294)	'小的'	11546
11356	(438, 565)	'你好'	11547
11357	(375, 171)	'孫'	11548
11358	(1701, 14081)	' discovery'	11549
11359	(626, 2074)	'也不会'	11550
11360	(1826, 178)	'傲'	11551
11361	(5091, 274)	' Paris'	11552
11362	(344, 345)	' Tim'	11553
11363	(5326, 313)	' increasingly'	11554
11364	(399, 2765)	'我一直'	11555
11365	(1223, 130)	'岂'	11556
11366	(629, 413)	'多年'	11557
11367	(2442, 2096)	' opposed'	11558
11368	(276, 319)	' bot'	11559
11369	(346, 265)	'uter'	11560
11370	(636, 263)	'acon'	11561
11371	(3569, 462)	' immun'	11562
11372	(4677, 3742)	'材料'	11563
11373	(530, 1443)	'就知道'	11564
11374	(4779, 2247)	'按照'	11565
11375	(873, 3355)	' didn’t'	11566
11376	(707, 170)	'贪'	11567
11377	(1570, 145)	'塑'	11568
11378	(83, 109)	'Sm'	11569
11379	(1201, 160)	'狠'	11570
11380	(2043, 766)	'赛事'	11571
11381	(695, 265)	'oster'	11572
11382	(2123, 5049)	' restaur'	11573
11383	(585, 1620)	'生气'	11574
11384	(1953, 4644)	'服務'	11575
11385	(5043, 287)	' Swed'	11576
11386	(14079, 4754)	' vehicles'	11577
11387	(2302, 1050)	' warning'	11578
11388	(3325, 9624)	' volunte'	11579
11389	(259, 868)	'inations'	11581
11390	(2859, 2529)	' superior'	11582
11391	(7688, 5593)	' dedicated'	11583
11392	(1759, 377)	'完了'	11584
11393	(9584, 1977)	' pronoun'	11585
11394	(1677, 1060)	'并不是'	11586
11395	(2626, 691)	'anguage'	11587
11396	(409, 533)	' Mel'	11588
11397	(314, 115)	'sts'	11589
11398	(273, 9553)	' cognitive'	11590
11399	(1956, 3188)	'选举'	11591
11400	(811, 1485)	' quote'	11592
11401	(349, 7212)	'一辈子'	11593
11402	(813, 2351)	' university'	11594
11403	(548, 319)	' plot'	11595
11404	(6228, 3092)	' concentration'	11596
11405	(822, 6843)	' residents'	11597
11406	(365, 540)	'人和'	11598
11407	(121, 277)	'yan'	11599
11408	(14145, 111)	'ão'	11601
11409	(111, 763)	'occ'	11602
11410	(9194, 323)	' permanent'	11603
11411	(419, 728)	' conven'	11604
11412	(116, 395)	'tra'	11605
11413	(2018, 1284)	' breaking'	11606
11414	(4228, 129)	'磁'	11607
11415	(4743, 693)	'聊天'	11608
11416	(387, 83)	' CS'	11609
11417	(1041, 2438)	' roots'	11610
11418	(2702, 2702)	'往往'	11611
11419	(8082, 855)	' intelligence'	11612
11420	(2001, 301)	' classic'	11613
11421	(538, 186)	'遺'	11614
11422	(464, 462)	' Hun'	11615
11423	(259, 330)	'inet'	11616
11424	(45, 2330)	'-of'	11617
11425	(434, 4195)	' Psych'	11618
11426	(282, 14073)	' museum'	11619
11427	(316, 185)	'叹'	11620
11428	(1175, 187)	'添'	11621
11429	(268, 1410)	' wins'	11622
11430	(1180, 766)	'回事'	11623
11431	(3964, 7992)	' nutrition'	11624
11432	(1565, 2238)	'军队'	11625
11433	(354, 174)	'宮'	11626
11434	(14053, 1354)	' fruits'	11627
11435	(57, 49)	'91'	11628
11436	(387, 2054)	' Camp'	11629
11437	(115, 509)	'spe'	11630
11438	(1384, 1083)	'活着'	11631
11439	(3019, 1700)	'律师'	11632
11440	(67, 68)	'CD'	11633
11441	(726, 1786)	'过哪些'	11634
11442	(2483, 2791)	'武器'	11635
11443	(102, 270)	'fit'	11636
11444	(523, 842)	' Free'	11637
11445	(283, 6133)	' pipe'	11638
11446	(2461, 270)	' profit'	11639
11447	(399, 780)	'我去'	11640
11448	(538, 160)	'遠'	11641
11449	(999, 101)	' Ve'	11642
11450	(1527, 286)	' formal'	11643
11451	(955, 121)	'ucky'	11644
11452	(76, 985)	'Love'	11645
11453	(45, 1453)	'-the'	11646
11454	(268, 1170)	' wise'	11647
11455	(573, 533)	' wheel'	11648
11456	(7495, 97)	' Korea'	11649
11457	(377, 455)	'了个'	11650
11458	(4027, 438)	'告诉你'	11651
11459	(1520, 172)	'悬'	11652
11460	(1826, 153)	'備'	11653
11461	(1345, 2582)	' subsc'	11654
11462	(1793, 773)	'运行'	11655
11463	(268, 3624)	' waves'	11656
11464	(8698, 942)	' nutrients'	11657
11465	(112, 109)	'pm'	11658
11466	(783, 3473)	' containing'	11659
11467	(2734, 105)	' anti'	11660
11468	(3889, 191)	'齿'	11662
11469	(279, 9916)	' fashion'	11663
11470	(344, 751)	' Treat'	11664
11471	(664, 179)	'琳'	11666
11472	(1550, 594)	'azine'	11667
11473	(813, 7504)	' unknown'	11668
11474	(1602, 1456)	' extract'	11669
11475	(14181, 1887)	'互联网'	11670
11476	(1055, 9760)	' syndrome'	11671
11477	(2413, 5035)	'专辑'	11673
11478	(434, 442)	' Pers'	11674
11479	(297, 602)	' hide'	11675
11480	(2524, 8178)	'差不多'	11676
11481	(836, 487)	' 2020'	11677
11482	(844, 6509)	' Information'	11678
11483	(1257, 294)	'化的'	11679
11484	(510, 175)	'咯'	11680
11485	(438, 815)	'你想'	11681
11486	(2189, 349)	'统一'	11682
11487	(114, 594)	'rine'	11683
11488	(9850, 809)	' database'	11684
11489	(8466, 4515)	' troops'	11685
11490	(665, 1782)	'能量'	11686
11491	(257, 14185)	' acknow'	11687
11492	(365, 359)	'人不'	11688
11493	(1629, 412)	'放在'	11689
11494	(354, 143)	'宏'	11690
11495	(992, 291)	' scar'	11691
11496	(7579, 1379)	' crops'	11692
11497	(399, 1504)	'我还是'	11693
11498	(524, 570)	' Game'	11694
11499	(1278, 1017)	'表情'	11695
11500	(80, 78)	'PN'	11696
11501	(5138, 314)	' cryst'	11697
11502	(2494, 294)	'一样的'	11698
11503	(1585, 2221)	'字母'	11699
11504	(627, 1800)	'他曾'	11700
11505	(388, 7831)	' assemb'	11701
11506	(481, 1662)	' Data'	11702
11507	(4412, 377)	'忘了'	11703
11508	(568, 588)	'以来'	11704
11509	(1020, 1335)	'三十'	11705
11510	(6813, 1669)	' ratio'	11706
11511	(4151, 3835)	' facilities'	11707
11512	(727, 5483)	' Using'	11708
11513	(603, 1054)	'家长'	11709
11514	(1138, 149)	'糕'	11710
11515	(1889, 1565)	'将军'	11711
11516	(1160, 868)	'ifications'	11712
11517	(2754, 8016)	' Constitution'	11713
11518	(1129, 5872)	' conscious'	11714
11519	(983, 173)	'祭'	11715
11520	(2892, 1354)	' limits'	11716
11521	(608, 691)	' usage'	11717
11522	(7265, 313)	' rapidly'	11718
11523	(871, 294)	'发的'	11719
11524	(1909, 1239)	'单身'	11720
11525	(1191, 8027)	' reliable'	11721
11526	(576, 97)	'aka'	11722
11527	(45, 1289)	'-12'	11723
11528	(548, 498)	' plain'	11724
11529	(4443, 287)	' pulled'	11725
11530	(1826, 133)	'傅'	11726
11531	(1768, 1457)	'交流'	11727
11532	(7932, 313)	' suddenly'	11728
11533	(4541, 1379)	' drops'	11729
11534	(1138, 138)	'糊'	11730
11535	(55, 50)	'72'	11731
11536	(14010, 53)	'1995'	11732
11537	(487, 2689)	'2023'	11733
11538	(294, 4896)	'的行为'	11734
11539	(4619, 5753)	' harvest'	11735
11540	(279, 395)	' fra'	11736
11541	(6507, 2489)	' adopted'	11737
11542	(678, 3703)	' somebody'	11738
11543	(1810, 180)	'猴'	11739
11544	(515, 140)	'册'	11740
11545	(9864, 9693)	'奥林匹克运动会'	11741
11546	(3788, 1502)	'卫视'	11742
11547	(1018, 4862)	'平均'	11743
11548	(68, 80)	'DP'	11744
11549	(1343, 4637)	' childhood'	11745
11550	(120, 1097)	'xual'	11746
11551	(1192, 3473)	' remaining'	11747
11552	(2908, 2839)	' calories'	11748
11553	(937, 1335)	'第十'	11749
11554	(56, 53)	'85'	11750
11555	(1081, 157)	'勝'	11751
11556	(999, 265)	' Ver'	11752
11557	(3758, 278)	' responses'	11753
11558	(2692, 1847)	'热带'	11755
11559	(531, 868)	' Nations'	11756
11560	(1936, 3555)	'改编'	11757
11561	(3536, 169)	'崩'	11758
11562	(112, 792)	'pass'	11759
11563	(111, 370)	'oir'	11760
11564	(618, 4794)	' upset'	11761
11565	(929, 160)	'漠'	11762
11566	(490, 838)	' voc'	11763
11567	(334, 1110)	'roph'	11764
11568	(920, 45)	' co-'	11765
11569	(1691, 780)	'进去'	11766
11570	(3958, 773)	'旅行'	11767
11571	(366, 1412)	' Ang'	11768
11572	(1420, 1183)	'员工'	11769
11573	(117, 105)	'ui'	11770
11574	(104, 274)	'his'	11771
11575	(1331, 2427)	' regional'	11772
11576	(1395, 839)	'少女'	11773
11577	(765, 324)	'那是'	11774
11578	(927, 176)	'恰'	11775
11579	(1582, 178)	'嘲'	11776
11580	(1127, 833)	'东部'	11777
11581	(409, 69)	' ME'	11778
11582	(98, 835)	'bell'	11779
11583	(6564, 809)	' decrease'	11780
11584	(2434, 281)	' checking'	11781
11585	(1345, 4810)	' subsequ'	11782
11586	(67, 69)	'CE'	11783
11587	(71, 79)	'GO'	11784
11588	(279, 4812)	' fasc'	11785
11589	(441, 2260)	'中医'	11786
11590	(371, 168)	'旨'	11787
11591	(1562, 378)	' foundation'	11788
11592	(294, 884)	'的高'	11789
11593	(2361, 324)	'主要是'	11790
11594	(10069, 10050)	'奧林匹克運動會'	11792
11595	(464, 6545)	' Happy'	11793
11596	(98, 334)	'bro'	11794
11597	(6262, 1238)	' crucial'	11796
11598	(2093, 585)	'大学生'	11797
11599	(481, 1170)	' Dise'	11798
11600	(8554, 622)	'igenous'	11799
11601	(1120, 1089)	'plete'	11800
11602	(425, 402)	' Bill'	11801
11603	(1921, 7794)	' distingu'	11802
11604	(359, 684)	'不出'	11803
11605	(769, 104)	'iph'	11804
11606	(344, 265)	' Ter'	11805
11607	(525, 182)	'寶'	11806
11608	(4380, 1214)	'導演'	11807
11609	(297, 549)	' hall'	11808
11610	(707, 166)	'账'	11809
11611	(1386, 102)	' surf'	11811
11612	(2858, 14166)	' infrastructure'	11812
11613	(1042, 281)	' evening'	11813
11614	(477, 189)	'讽'	11814
11615	(374, 145)	'斑'	11815
11616	(536, 144)	'盐'	11816
11617	(286, 14041)	'alysis'	11817
11618	(344, 303)	' Tom'	11818
11619	(14010, 51)	'1993'	11819
11620	(1266, 4624)	'liament'	11820
11621	(1525, 439)	' metab'	11821
11622	(3088, 1000)	'引起'	11822
11623	(626, 530)	'也就'	11823
11624	(5255, 635)	' delivery'	11824
11625	(4696, 3732)	'攻击'	11825
11626	(725, 956)	'公民'	11826
11627	(1029, 263)	' recon'	11827
11628	(1622, 190)	'链'	11828
11629	(1214, 684)	'演出'	11829
11630	(413, 1038)	'年由'	11830
11631	(1912, 660)	'变得'	11831
11632	(294, 399)	'的我'	11832
11633	(593, 109)	'’m'	11834
11634	(259, 5144)	'inux'	11835
11635	(1645, 14164)	' Soviet'	11836
11636	(368, 4609)	' Sky'	11837
11637	(420, 182)	'扶'	11838
11638	(46, 1091)	'.10'	11839
11639	(387, 72)	' CH'	11840
11640	(5890, 5890)	'HAHA'	11842
11641	(67, 372)	'Col'	11843
11642	(537, 160)	'屠'	11844
11643	(294, 1049)	'的新'	11845
11644	(432, 1753)	'throp'	11846
11645	(283, 1371)	' patch'	11847
11646	(6180, 1082)	' arrived'	11848
11647	(4047, 4788)	'翻译'	11849
11648	(2502, 56)	'1988'	11850
11649	(275, 1801)	'enger'	11851
11650	(1472, 565)	'更好'	11852
11651	(2256, 105)	'iki'	11853
11652	(6709, 594)	' vaccine'	11855
11653	(1892, 188)	'饼'	11856
11654	(391, 115)	'oos'	11857
11655	(112, 896)	'press'	11858
11656	(1132, 2963)	' accomp'	11859
11657	(9382, 532)	' babies'	11860
11658	(349, 2376)	'一群'	11861
11659	(856, 191)	'姿'	11862
11660	(83, 1306)	'Sec'	11863
11661	(2423, 594)	' marine'	11864
11662	(2000, 172)	'搬'	11865
11663	(591, 876)	'会被'	11867
11664	(1326, 2290)	'建设'	11868
11665	(2296, 2135)	'县的一个'	11869
11666	(1110, 97)	'pha'	11870
11667	(1089, 275)	'teen'	11871
11668	(270, 291)	'itar'	11872
11669	(516, 9636)	' chosen'	11873
11670	(2502, 52)	'1984'	11874
11671	(2276, 509)	'-spe'	11875
11672	(1212, 115)	' adds'	11876
11673	(1995, 1150)	'记者'	11877
11674	(1330, 3007)	'目标'	11878
11675	(4096, 84)	'ENT'	11879
11676	(1607, 462)	'ommun'	11880
11677	(4405, 373)	' strike'	11881
11678	(920, 858)	' coach'	11883
11679	(2648, 401)	' filter'	11884
11680	(2229, 5020)	'错误'	11885
11681	(335, 311)	'sell'	11886
11682	(669, 115)	'acts'	11887
11683	(75, 69)	'KE'	11888
11684	(2569, 2325)	'縣的一個'	11889
11685	(114, 1002)	'rons'	11890
11686	(652, 14155)	' intellect'	11891
11687	(1217, 330)	' Yet'	11892
11688	(559, 174)	'妮'	11893
11689	(374, 164)	'斤'	11894
11690	(1175, 174)	'淮'	11895
11691	(6005, 294)	'著名的'	11896
11692	(4597, 278)	' describes'	11897
11693	(308, 4372)	' google'	11898
11694	(1577, 324)	'如果是'	11899
11695	(4851, 143)	'踏'	11900
11696	(427, 3952)	' debt'	11901
11697	(303, 265)	'omer'	11902
11698	(3275, 2886)	'纪念'	11903
11699	(2052, 165)	'藥'	11904
11700	(419, 5715)	' convin'	11905
11701	(3120, 2725)	'调查'	11906
11702	(288, 847)	' dance'	11907
11703	(714, 4726)	' admit'	11908
11704	(438, 958)	'你自己'	11909
11705	(399, 385)	'我有'	11910
11706	(862, 128)	'喀'	11911
11707	(3185, 278)	' creates'	11912
11708	(300, 5757)	' lady'	11913
11709	(2018, 287)	' breed'	11914
11710	(441, 1275)	'中共'	11915
11711	(5616, 121)	' Party'	11916
11712	(276, 2630)	' bike'	11917
11713	(1592, 10067)	' expansion'	11918
11714	(1702, 437)	' generate'	11919
11715	(969, 874)	'同样'	11920
11716	(4437, 1239)	'健身'	11921
11717	(1139, 611)	'做到'	11922
11718	(54, 680)	'600'	11923
11719	(463, 343)	' Way'	11924
11720	(3866, 115)	' funds'	11925
11721	(1092, 108)	' shel'	11926
11722	(690, 129)	'雁'	11927
11723	(354, 170)	'宪'	11928
11724	(707, 177)	'贱'	11929
11725	(464, 835)	' Hell'	11930
11726	(372, 105)	'oli'	11931
11727	(2025, 1078)	'百科'	11932
11728	(55, 49)	'71'	11933
11729	(2243, 115)	' kills'	11934
11730	(770, 170)	'汪'	11935
11731	(5270, 1120)	' principle'	11936
11732	(387, 731)	' Care'	11937
11733	(282, 569)	' mood'	11938
11734	(1171, 892)	' smile'	11939
11735	(775, 686)	'小学'	11940
11736	(1416, 175)	'梯'	11941
11737	(2458, 4048)	'病毒'	11942
11738	(328, 181)	'併'	11943
11739	(732, 5007)	' Italy'	11944
11740	(1107, 2208)	' studying'	11945
11741	(1130, 4066)	' deserve'	11946
11742	(757, 1187)	'之外'	11947
11743	(918, 267)	' Stat'	11948
11744	(273, 581)	' cod'	11949
11745	(256, 1753)	' trop'	11950
11746	(535, 5399)	' Rights'	11951
11747	(3406, 361)	'Once'	11952
11748	(1615, 977)	' edition'	11953
11749	(867, 839)	'美女'	11954
11750	(1127, 1796)	'东京'	11955
11751	(1133, 2388)	'区域'	11956
11752	(1142, 324)	'或是'	11957
11753	(368, 291)	' Sar'	11958
11754	(463, 87)	' WW'	11959
11755	(308, 724)	' gap'	11960
11756	(227, 131)	b'\xe3\x83'	11961
11757	(9695, 108)	' lvl'	11962
11758	(1018, 662)	'平时'	11963
11759	(383, 169)	'復'	11964
11760	(627, 6484)	'他們'	11965
11761	(522, 1169)	' Ext'	11966
11762	(14153, 906)	' correspond'	11968
11763	(98, 691)	'bage'	11969
11764	(1746, 281)	'eresting'	11970
11765	(1922, 313)	' friendly'	11971
11766	(279, 9804)	' fingers'	11972
11767	(1201, 177)	'狱'	11973
11768	(297, 768)	' hook'	11974
11769	(474, 286)	' meal'	11975
11770	(828, 154)	'稚'	11976
11771	(409, 265)	' Mer'	11977
11772	(3509, 3724)	' Management'	11978
11773	(14026, 1410)	' proteins'	11979
11774	(613, 115)	'inds'	11980
11775	(257, 489)	' aqu'	11981
11776	(2188, 611)	'达到'	11982
11777	(8950, 162)	'蠢'	11983
11778	(683, 860)	'里斯'	11984
11779	(72, 84)	'HT'	11985
11780	(256, 893)	' tub'	11986
11781	(7235, 1312)	' announced'	11987
11782	(462, 1050)	'unning'	11988
11783	(332, 153)	'乙'	11989
11784	(256, 117)	' tu'	11990
11785	(409, 275)	' Men'	11991
11786	(283, 1250)	' pics'	11992
11787	(2116, 4926)	'支付'	11993
11788	(282, 2933)	' mamm'	11994
11789	(2640, 170)	'薪'	11995
11790	(411, 259)	'ulin'	11996
11791	(5873, 7190)	' automatically'	11997
11792	(983, 165)	'祥'	11998
11793	(121, 432)	'yth'	11999
11794	(901, 2067)	' partner'	12000
11795	(359, 623)	'不说'	12001
11796	(916, 741)	'而成'	12002
11797	(918, 114)	' Str'	12003
11798	(409, 83)	' MS'	12004
11799	(4046, 394)	' About'	12005
11800	(429, 961)	' rhy'	12006
11801	(114, 868)	'rations'	12007
11802	(4388, 2392)	' competitive'	12008
11803	(1195, 130)	'脂'	12009
11804	(14170, 5602)	' succeed'	12010
11805	(1758, 115)	' lets'	12011
11806	(9174, 378)	' Foundation'	12012
11807	(2849, 766)	'賽事'	12013
11808	(263, 397)	"on's"	12014
11809	(1428, 163)	'樣'	12015
11810	(2889, 57)	' 1999'	12016
11811	(2170, 115)	' lands'	12017
11812	(1263, 154)	'骚'	12018
11813	(279, 1162)	' fib'	12019
11814	(309, 9985)	' narrow'	12020
11815	(3848, 502)	' improvement'	12021
11816	(4766, 8841)	' concrete'	12022
11817	(1431, 2587)	' producing'	12023
11818	(71, 101)	'Ge'	12024
11819	(2605, 1102)	'权利'	12025
11820	(356, 378)	'igation'	12026
11821	(45, 1391)	'-old'	12027
11822	(2094, 891)	' sword'	12028
11823	(969, 766)	'同事'	12029
11824	(56, 54)	'86'	12030
11825	(1598, 1076)	' strict'	12031
11826	(928, 8502)	' impressive'	12032
11827	(2051, 172)	'犬'	12033
11828	(3859, 513)	'gressive'	12034
11829	(2487, 287)	' marked'	12035
11830	(300, 3599)	' loose'	12036
11831	(1316, 1985)	' decline'	12037
11832	(438, 665)	'你能'	12038
11833	(1628, 1649)	'阿爾'	12039
11834	(2179, 5778)	'動畫'	12040
11835	(3322, 1880)	' messages'	12042
11836	(8455, 396)	' fertil'	12043
11837	(585, 8163)	'生涯'	12044
11838	(1899, 868)	' locations'	12045
11839	(264, 6620)	' silly'	12046
11840	(2721, 1111)	' improving'	12047
11841	(366, 112)	' Ap'	12048
11842	(7605, 1050)	' Learning'	12049
11843	(285, 14167)	' ancest'	12050
11844	(1479, 287)	' owned'	12051
11845	(68, 1433)	'During'	12052
11846	(845, 287)	'icked'	12053
11847	(302, 513)	'asive'	12054
11848	(1986, 14175)	' maintenance'	12055
11849	(1593, 597)	' entry'	12056
11850	(3346, 115)	' falls'	12057
11851	(3518, 7564)	' networks'	12058
11852	(438, 377)	'你了'	12059
11853	(1763, 3627)	' hardware'	12060
11854	(732, 9480)	' Italian'	12061
11855	(445, 5372)	' shirt'	12062
11856	(383, 170)	'循'	12063
11857	(2512, 691)	' engage'	12064
11858	(6169, 2153)	' leadership'	12065
11859	(6689, 7482)	'腾讯'	12066
11860	(5137, 591)	'协会'	12067
11861	(291, 589)	'arks'	12068
11862	(110, 8806)	'normal'	12069
11863	(1496, 48)	'150'	12070
11864	(542, 372)	' Lol'	12071
11865	(297, 2829)	' hung'	12072
11866	(6220, 3056)	' Valley'	12073
11867	(1016, 823)	'It’s'	12074
11868	(1210, 177)	'柱'	12075
11869	(6215, 4943)	'避免'	12076
11870	(531, 79)	' NO'	12077
11871	(4982, 281)	' warming'	12079
11872	(1183, 2890)	'工具'	12080
11873	(97, 45)	'a-'	12081
11874	(384, 14154)	'ifferent'	12082
11875	(3393, 1250)	' politics'	12083
11876	(6653, 498)	' obtain'	12084
11877	(8003, 460)	' racist'	12085
11878	(1054, 1321)	'长期'	12086
11879	(9328, 3332)	'同性恋'	12087
11880	(412, 482)	'在这'	12088
11881	(114, 644)	'rich'	12089
11882	(282, 1035)	' mail'	12090
11883	(288, 2208)	' dying'	12091
11884	(359, 2956)	'不需要'	12092
11885	(844, 102)	' Inf'	12093
11886	(7146, 1589)	' constitution'	12094
11887	(784, 133)	'谅'	12095
11888	(10187, 756)	' Virginia'	12096
11889	(117, 703)	'uated'	12097
11890	(460, 323)	'istent'	12098
11891	(552, 307)	'ortion'	12099
11892	(476, 1113)	' joy'	12100
11893	(2034, 161)	'峡'	12101
11894	(1535, 9364)	'河畔'	12102
11895	(282, 448)	' mand'	12103
11896	(363, 3636)	' stored'	12104
11897	(531, 698)	' Nice'	12105
11898	(320, 183)	'夷'	12106
11899	(264, 9637)	' satell'	12107
11900	(3236, 4875)	' keyboard'	12108
11901	(1279, 2013)	' trained'	12109
11902	(6113, 6534)	' revealed'	12110
11903	(1725, 115)	' puts'	12111
11904	(3066, 280)	' Color'	12112
11905	(464, 402)	' Hill'	12113
11906	(716, 1099)	'下次'	12114
11907	(1582, 187)	'嘻'	12115
11908	(420, 148)	'扔'	12116
11909	(791, 4433)	'西北部'	12117
11910	(2175, 42)	'***'	12118
11911	(1087, 2047)	'山東'	12119
11912	(368, 110)	' Sn'	12120
11913	(104, 460)	'hist'	12121
11914	(259, 814)	'inction'	12122
11915	(811, 270)	' quit'	12123
11916	(843, 176)	'異'	12124
11917	(413, 876)	'年被'	12126
11918	(836, 682)	' 2019'	12127
11919	(3141, 3669)	'機場'	12128
11920	(308, 356)	' gig'	12129
11921	(387, 121)	' Cy'	12130
11922	(1763, 313)	' hardly'	12131
11923	(950, 131)	'肃'	12132
11924	(526, 138)	'逊'	12133
11925	(67, 2963)	'Comp'	12134
11926	(6851, 2864)	' escape'	12135
11927	(2068, 287)	'apped'	12136
11928	(2168, 1224)	'晚安'	12137
11929	(82, 83)	'RS'	12138
11930	(906, 343)	'onday'	12139
11931	(633, 158)	'羞'	12140
11932	(480, 767)	'为主'	12141
11933	(1614, 147)	'缓'	12142
11934	(856, 172)	'姬'	12143
11935	(2024, 281)	'coming'	12144
11936	(467, 278)	'umes'	12145
11937	(625, 14158)	' outcomes'	12146
11938	(798, 597)	'berry'	12147
11939	(599, 75)	' OK'	12148
11940	(459, 382)	' neur'	12149
11941	(8446, 2102)	'伊斯兰'	12150
11942	(395, 361)	'race'	12151
11943	(467, 97)	'uma'	12152
11944	(1517, 345)	' minim'	12153
11945	(4220, 121)	' beauty'	12154
11946	(2037, 151)	'碗'	12155
11947	(1647, 1053)	'指定'	12156
11948	(505, 166)	'弦'	12157
11949	(820, 1395)	'很少'	12158
11950	(415, 103)	' org'	12159
11951	(672, 185)	'纹'	12160
11952	(8884, 3508)	'阿拉伯'	12161
11953	(78, 71)	'NG'	12162
11954	(1670, 4859)	' medications'	12163
11955	(4809, 265)	' customer'	12164
11956	(1025, 131)	'籃'	12165
11957	(4625, 814)	' introduction'	12166
11958	(478, 1103)	' kiss'	12167
11959	(2803, 14186)	'婚姻'	12168
11960	(290, 168)	'亨'	12169
11961	(3531, 431)	"Can't"	12170
11962	(363, 1872)	' stats'	12171
11963	(393, 287)	' weed'	12172
11964	(3555, 1900)	'编剧'	12173
11965	(1472, 1049)	'更新'	12174
11966	(1549, 1099)	'再次'	12175
11967	(39, 39)	"''"	12176
11968	(9310, 519)	' diversity'	12177
11969	(920, 1043)	' covers'	12178
11970	(3315, 131)	'燃'	12179
11971	(114, 711)	'rite'	12180
11972	(122, 287)	'zed'	12181
11973	(6653, 2842)	' obtained'	12182
11974	(3549, 115)	' gods'	12183
11975	(341, 187)	'吻'	12184
11976	(382, 1050)	'urning'	12186
11977	(536, 163)	'監'	12187
11978	(2563, 4631)	' League'	12188
11979	(14189, 622)	' nervous'	12189
11980	(2201, 441)	'生活中'	12190
11981	(535, 69)	' RE'	12191
11982	(531, 1550)	' Naz'	12192
11983	(7606, 521)	' behaviour'	12193
11984	(266, 178)	'串'	12194
11985	(5439, 699)	'出生于'	12195
11986	(789, 1814)	'方言'	12196
11987	(70, 114)	'Fr'	12197
11988	(55, 57)	'79'	12198
11989	(1065, 4460)	' committed'	12199
11990	(652, 639)	' intake'	12200
11991	(3827, 259)	' femin'	12201
11992	(2450, 498)	' Spain'	12202
11993	(675, 170)	'啪'	12203
11994	(1852, 166)	'腦'	12204
11995	(368, 281)	' Sing'	12205
11996	(312, 311)	'vell'	12206
11997	(119, 1232)	'when'	12208
11998	(2328, 1043)	' drivers'	12209
11999	(984, 142)	'坎'	12211
12000	(363, 569)	' stood'	12212
12001	(14078, 281)	' housing'	12213
12002	(3918, 1672)	'宣布'	12214
12003	(1108, 1161)	'实话'	12215
12004	(2652, 294)	'使用的'	12216
12005	(118, 121)	'vy'	12217
12006	(425, 327)	' Bow'	12218
12007	(260, 489)	'requ'	12219
12008	(409, 1858)	' Mars'	12220
12009	(561, 3143)	' leaf'	12221
12010	(309, 594)	' nine'	12222
12011	(4500, 4611)	'犯罪'	12223
12012	(499, 182)	'凶'	12224
12013	(2276, 99)	'-sc'	12225
12014	(965, 1583)	' useless'	12226
12015	(4027, 399)	'告诉我'	12227
12016	(5713, 533)	' panel'	12228
12017	(114, 1872)	'rats'	12229
12018	(463, 549)	' Wall'	12230
12019	(84, 67)	'TC'	12231
12020	(366, 73)	' AI'	12232
12021	(2731, 841)	' Blue'	12233
12022	(551, 187)	'玻'	12234
12023	(3327, 1147)	'效力'	12235
12024	(46, 680)	'.00'	12236
12025	(14203, 14199)	'利桑那州'	12237
12026	(6425, 4539)	'训练'	12239
12027	(14197, 1794)	'特朗普'	12240
12028	(4551, 1226)	'電視台'	12241
12029	(3295, 263)	' Common'	12242
12030	(1041, 3335)	' rocks'	12244
12031	(1231, 147)	'钓'	12245
12032	(2397, 5461)	' electronic'	12246
12033	(1339, 5258)	' assistance'	12247
12034	(1884, 324)	'算是'	12248
12035	(2189, 1539)	'统治'	12249
12036	(1040, 1253)	' flower'	12251
12037	(2483, 2516)	'武汉'	12252
12038	(6082, 5052)	'宿舍'	12253
12039	(1108, 2749)	'实验'	12254
12040	(1015, 973)	'物种'	12255
12041	(409, 440)	' Mess'	12256
12042	(1587, 977)	' transition'	12257
12043	(4506, 1608)	' machines'	12258
12044	(5521, 1669)	' Ohio'	12259
12045	(393, 2560)	" we've"	12260
12046	(108, 327)	'low'	12261
12047	(514, 135)	'歇'	12262
12048	(294, 2010)	'的第一'	12263
12049	(3006, 334)	'-pro'	12264
12050	(3571, 324)	'倒是'	12265
12051	(2826, 667)	' Expl'	12266
12052	(300, 2208)	' lying'	12267
12053	(2671, 716)	'留下'	12268
12054	(1461, 115)	' ears'	12269
12055	(748, 169)	'掩'	12270
12056	(2735, 6328)	'拍摄'	12271
12057	(1799, 129)	'翁'	12272
12058	(1192, 1159)	' remark'	12273
12059	(2356, 447)	' equally'	12274
12060	(5048, 3088)	'吸引'	12275
12061	(2649, 2043)	'决赛'	12276
12062	(2523, 6001)	' protocol'	12277
12063	(2471, 1032)	'取代'	12279
12064	(638, 151)	'苗'	12280
12065	(1127, 944)	'东南'	12281
12066	(724, 281)	'aping'	12282
12067	(1670, 3600)	' medication'	12283
12068	(273, 8218)	' cooper'	12284
12069	(309, 4129)	' nurs'	12285
12070	(970, 484)	' doesnt'	12286
12071	(1703, 997)	' Asian'	12287
12072	(279, 330)	' fet'	12288
12073	(516, 744)	' chose'	12289
12074	(294, 2618)	'的城市'	12290
12075	(368, 2584)	' Source'	12291
12076	(4972, 281)	' carrying'	12292
12077	(1386, 312)	' surve'	12293
12078	(1434, 145)	'撑'	12294
12079	(114, 837)	'rary'	12295
12080	(701, 360)	' tech'	12296
12081	(516, 3077)	' chances'	12297
12082	(791, 3865)	'西藏'	12298
12083	(4815, 2665)	' division'	12299
12084	(45, 1642)	'-day'	12300
12085	(996, 3703)	' everybody'	12301
12086	(533, 440)	'eless'	12302
12087	(114, 452)	'rant'	12303
12088	(7697, 8315)	' schedule'	12304
12089	(395, 118)	'rav'	12305
12090	(46, 65)	'.A'	12306
12091	(531, 14077)	' Northern'	12307
12092	(4812, 1264)	'ascular'	12308
12093	(369, 115)	' hes'	12309
12094	(387, 567)	' Cast'	12310
12095	(267, 442)	'aters'	12311
12096	(388, 602)	' aside'	12312
12097	(1426, 146)	'儒'	12313
12098	(865, 176)	'細'	12314
12099	(45, 72)	'-H'	12315
12100	(67, 1002)	'Cons'	12316
12101	(288, 532)	' dies'	12317
12102	(935, 3166)	' poison'	12318
12103	(813, 3160)	' uncle'	12319
12104	(9304, 1851)	' criminal'	12320
12105	(936, 3187)	' offensive'	12321
12106	(1705, 1620)	'空气'	12322
12107	(2869, 609)	' prompt'	12323
12108	(599, 120)	' Ox'	12324
12109	(307, 101)	'ione'	12325
12110	(542, 14171)	' Library'	12326
12111	(71, 319)	'Got'	12327
12112	(308, 437)	' gate'	12328
12113	(2430, 1258)	' drawn'	12329
12114	(803, 1111)	' saving'	12330
12115	(677, 591)	'还会'	12331
12116	(444, 1700)	'大师'	12332
12117	(6229, 1633)	'拼音'	12333
12118	(1428, 147)	'樓'	12334
12119	(291, 432)	'arth'	12335
12120	(464, 280)	' Hor'	12336
12121	(3147, 265)	' writer'	12337
12122	(10106, 6869)	'羡慕'	12338
12123	(828, 141)	'稍'	12339
12124	(1052, 2945)	'obby'	12340
12125	(283, 1682)	' pants'	12341
12126	(2986, 694)	' versions'	12342
12127	(395, 4900)	'raham'	12343
12128	(1543, 121)	' county'	12344
12129	(363, 1880)	' stages'	12345
12130	(645, 172)	'爬'	12346
12131	(1735, 4435)	'战斗'	12347
12132	(785, 365)	'本人'	12348
12133	(2737, 2277)	'居住'	12349
12134	(258, 345)	'heim'	12350
12135	(5834, 1166)	'符合'	12351
12136	(328, 148)	'佔'	12352
12137	(648, 111)	' Jo'	12353
12138	(279, 382)	' fur'	12354
12139	(118, 2372)	'viously'	12355
12140	(560, 139)	'赋'	12356
12141	(385, 3327)	'有效'	12357
12142	(332, 190)	'乾'	12358
12143	(68, 278)	'Des'	12359
12144	(1593, 2395)	' entered'	12360
12145	(1472, 1114)	'更加'	12361
12146	(349, 833)	'一部'	12362
12147	(454, 1784)	' 1000'	12363
12148	(511, 173)	'臭'	12364
12149	(368, 14074)	' Southern'	12365
12150	(3044, 432)	' fourth'	12366
12151	(3346, 281)	' falling'	12367
12152	(464, 8744)	' Hopefully'	12368
12153	(1467, 166)	'润'	12369
12154	(7221, 2974)	' instrument'	12370
12155	(324, 3085)	'是为了'	12371
12156	(626, 665)	'也能'	12372
12157	(1486, 1879)	'cycl'	12373
12158	(523, 14056)	' Federal'	12374
12159	(4825, 650)	' ignore'	12375
12160	(7228, 115)	' beliefs'	12376
12161	(2735, 294)	'拍的'	12377
12162	(444, 6431)	'大臣'	12378
12163	(258, 484)	'hent'	12379
12164	(1667, 786)	' insult'	12380
12165	(67, 303)	'Com'	12381
12166	(14193, 46)	' www.'	12382
12167	(297, 2081)	' honey'	12383
12168	(1732, 1133)	'社区'	12384
12169	(8341, 1166)	'综合'	12385
12170	(4590, 790)	'核心'	12386
12171	(3157, 448)	' Grand'	12387
12172	(308, 5820)	' gym'	12388
12173	(265, 1111)	'erving'	12389
12174	(102, 866)	'fire'	12390
12175	(1879, 792)	'class'	12391
12176	(4363, 1082)	' achieved'	12392
12177	(3225, 281)	' dealing'	12393
12178	(1637, 265)	' fewer'	12394
12179	(652, 1728)	' intense'	12395
12180	(964, 160)	'廠'	12396
12181	(3031, 281)	' trading'	12397
12182	(998, 281)	' wanting'	12398
12183	(55, 51)	'73'	12399
12184	(690, 156)	'雜'	12400
12185	(1048, 103)	' bug'	12401
12186	(8718, 940)	' territory'	12402
12187	(835, 121)	'elly'	12403
12188	(838, 323)	'ocent'	12404
12189	(319, 286)	'otal'	12405
12190	(368, 4028)	' Scient'	12406
12191	(373, 108)	'kel'	12407
12192	(330, 442)	'eters'	12408
12193	(2420, 684)	'推出'	12409
12194	(3205, 693)	'夏天'	12410
12195	(297, 1354)	' hits'	12411
12196	(272, 108)	' ol'	12412
12197	(2754, 102)	' Conf'	12413
12198	(2669, 1250)	' physics'	12414
12199	(1570, 171)	'填'	12415
12200	(114, 845)	'rick'	12416
12201	(279, 1286)	' fool'	12417
12202	(309, 265)	' ner'	12418
12203	(4949, 1642)	' birthday'	12420
12204	(710, 1452)	' anyways'	12421
12205	(1616, 14160)	' curriculum'	12422
12206	(1561, 8625)	' worldwide'	12423
12207	(516, 14163)	' chocolate'	12424
12208	(348, 178)	'′'	12425
12209	(1369, 121)	'olly'	12426
12210	(2250, 2803)	'离婚'	12427
12211	(741, 9799)	'成绩'	12428
12212	(112, 278)	'pes'	12429
12213	(301, 982)	'icious'	12430
12214	(276, 3428)	' boring'	12431
12215	(99, 286)	'cal'	12432
12216	(45, 448)	'-and'	12433
12217	(6440, 513)	' attractive'	12434
12218	(2756, 585)	'研究生'	12435
12219	(2376, 2808)	'群岛'	12436
12220	(69, 108)	'El'	12437
12221	(485, 1110)	'osph'	12439
12222	(5739, 287)	' infected'	12440
12223	(1406, 14165)	' acceler'	12441
12224	(1293, 7193)	' supplies'	12442
12225	(1591, 5263)	' diverse'	12443
12226	(815, 2339)	'想象'	12444
12227	(529, 2560)	" they've"	12445
12228	(2061, 9818)	'希腊'	12446
12229	(1365, 821)	'是一名'	12447
12230	(83, 117)	'Su'	12448
12231	(344, 405)	' Top'	12449
12232	(330, 697)	'etime'	12450
12233	(3507, 109)	'onym'	12451
12234	(285, 14214)	' answered'	12452
12235	(2031, 6073)	' courses'	12453
12236	(1257, 14159)	'化合物'	12454
12237	(425, 1222)	' Bank'	12455
12238	(485, 1458)	'osited'	12456
12239	(575, 173)	'彭'	12457
12240	(55, 52)	'74'	12458
12241	(341, 179)	'吳'	12459
12242	(1139, 688)	'做什么'	12460
12243	(399, 377)	'我了'	12461
12244	(310, 143)	'昏'	12462
12245	(848, 2933)	' gramm'	12463
12246	(309, 277)	' nan'	12464
12247	(1471, 611)	'见到'	12465
12248	(4927, 2522)	'休息'	12466
12249	(802, 2966)	' agency'	12467
12250	(2827, 281)	' expecting'	12468
12251	(1163, 1228)	'该怎么'	12469
12252	(79, 358)	'Over'	12470
12253	(438, 1443)	'你知道'	12471
12254	(120, 120)	'xx'	12472
12255	(409, 97)	' Ma'	12473
12256	(334, 267)	'roat'	12474
12257	(777, 9362)	' discipl'	12475
12258	(1972, 4528)	' carefully'	12476
12259	(625, 108)	' outl'	12477
12260	(1438, 1857)	'院校'	12478
12261	(2397, 1968)	' electron'	12479
12262	(636, 2474)	'acco'	12480
12263	(451, 917)	'ushing'	12481
12264	(1809, 3489)	' refuge'	12482
12265	(7126, 698)	' juice'	12483
12266	(109, 1103)	'miss'	12484
12267	(936, 1728)	' offense'	12485
12268	(435, 6607)	' suitable'	12486
12269	(1211, 302)	' whereas'	12487
12270	(297, 4053)	' holes'	12488
12271	(4804, 1328)	'贝尔'	12489
12272	(368, 370)	' Sir'	12490
12273	(419, 9331)	' conclusion'	12491
12274	(1712, 8504)	' healthcare'	12492
12275	(3220, 4528)	' successfully'	12493
12276	(2424, 281)	' guessing'	12494
12277	(1134, 1011)	'相比'	12495
12278	(14091, 1274)	' incredible'	12496
12279	(558, 179)	'泳'	12497
12280	(294, 882)	'的前'	12498
12281	(838, 121)	'ocy'	12499
12282	(2090, 1594)	' confident'	12500
12283	(1626, 6241)	'巴黎'	12501
12284	(1651, 137)	'證'	12502
12285	(535, 497)	' Rome'	12503
12286	(1828, 890)	'print'	12504
12287	(871, 1278)	'发表'	12505
12288	(793, 8255)	'道歉'	12506
12289	(482, 1831)	'这张'	12507
12290	(821, 923)	'名為'	12508
12291	(708, 14190)	'izabeth'	12509
12292	(2520, 353)	' param'	12510
12293	(579, 170)	'闪'	12511
12294	(997, 97)	'iana'	12512
12295	(39, 83)	"'S"	12513
12296	(748, 161)	'採'	12514
12297	(693, 1620)	'天气'	12515
12298	(548, 5704)	' planned'	12516
12299	(709, 5828)	' manager'	12517
12300	(720, 9045)	'后悔'	12518
12301	(3295, 8651)	' Committee'	12519
12302	(2319, 170)	'瑪'	12520
12303	(14052, 437)	' immediate'	12521
12304	(114, 1182)	'rating'	12522
12305	(2737, 956)	'居民'	12523
12306	(2995, 385)	'木有'	12524
12307	(14162, 385)	'沒有'	12525
12308	(948, 509)	'type'	12526
12309	(986, 10068)	' guidelines'	12527
12310	(385, 5450)	'有趣'	12528
12311	(1658, 121)	'axy'	12529
12312	(308, 353)	' gam'	12530
12313	(1827, 260)	' centre'	12531
12314	(256, 567)	' tast'	12532
12315	(2453, 2945)	' nearby'	12533
12316	(4835, 263)	'ragon'	12534
12317	(345, 2776)	'imental'	12535
12318	(387, 65)	' CA'	12536
12319	(14087, 1499)	' procedures'	12537
12320	(802, 6962)	' agencies'	12538
12321	(97, 582)	'afe'	12539
12322	(599, 7671)	' Open'	12541
12323	(314, 442)	'sters'	12542
12324	(734, 2026)	' client'	12543
12325	(2539, 281)	'idding'	12544
12326	(294, 1870)	'的朋友'	12545
12327	(1270, 617)	'原子'	12546
12328	(14176, 385)	'擁有'	12547
12329	(279, 4835)	' frag'	12548
12330	(14172, 405)	' laptop'	12549
12331	(280, 622)	'orous'	12550
12332	(542, 4800)	' Labor'	12551
12333	(9876, 2864)	' landscape'	12552
12334	(1181, 365)	'路人'	12553
12335	(324, 796)	'是对'	12554
12336	(359, 1549)	'不再'	12555
12337	(4243, 7094)	'計劃'	12556
12338	(999, 3855)	' Viet'	12557
12339	(14178, 343)	' Sunday'	12558
12340	(610, 287)	'ounded'	12559
12341	(414, 150)	'帖'	12560
12342	(1635, 860)	'尼斯'	12561
12343	(1265, 1505)	' repair'	12562
12344	(520, 448)	' aband'	12563
12345	(929, 143)	'漏'	12564
12346	(785, 1742)	'本书'	12565
12347	(2466, 1123)	' painting'	12566
12348	(3665, 5379)	' statistics'	12567
12349	(1196, 1824)	' index'	12568
12350	(764, 887)	' compens'	12569
12351	(415, 3258)	' orbit'	12570
12352	(2287, 281)	' rising'	12571
12353	(334, 2526)	'rooms'	12572
12354	(2442, 263)	' oppon'	12573
12355	(3868, 708)	' horiz'	12574
12356	(475, 112)	' lip'	12575
12357	(1892, 191)	'饿'	12576
12358	(365, 1271)	'人间'	12577
12359	(1790, 182)	'慶'	12578
12360	(9445, 513)	' comprehensive'	12579
12361	(1569, 916)	'反而'	12580
12362	(359, 1471)	'不见'	12581
12363	(3417, 319)	' Scot'	12582
12364	(2103, 287)	'otted'	12583
12365	(462, 2310)	'unny'	12584
12366	(464, 553)	' Hard'	12585
12367	(1995, 4210)	'记录'	12586
12368	(510, 184)	'咸'	12587
12369	(438, 603)	'你家'	12588
12370	(854, 287)	'aved'	12589
12371	(5810, 291)	' dollar'	12590
12372	(933, 1222)	' blank'	12591
12373	(674, 754)	' enable'	12592
12374	(1992, 530)	'早就'	12593
12375	(4114, 4288)	' Georg'	12594
12376	(542, 1881)	' Lee'	12595
12377	(256, 577)	' tone'	12596
12378	(787, 45)	' pre-'	12597
12379	(407, 137)	'杉'	12598
12380	(264, 2696)	' sarc'	12599
12381	(7423, 1843)	'赚钱'	12600
12382	(1030, 3242)	' 1980'	12601
12383	(599, 83)	' OS'	12602
12384	(104, 3259)	'hma'	12603
12385	(2257, 377)	'出来了'	12604
12386	(438, 781)	'你最'	12605
12387	(1799, 148)	'翔'	12606
12388	(851, 184)	'隸'	12607
12389	(294, 7322)	'的样子'	12608
12390	(2962, 779)	'创作'	12609
12391	(7656, 7812)	' philosophy'	12610
12392	(531, 69)	' NE'	12611
12393	(601, 164)	'愤'	12612
12394	(3465, 807)	'上海市'	12613
12395	(463, 259)	' Win'	12614
12396	(707, 175)	'贯'	12615
12397	(366, 426)	' Age'	12617
12398	(2332, 286)	'oval'	12618
12399	(2408, 1833)	' organized'	12619
12400	(5257, 577)	' Everyone'	12620
12401	(4212, 1147)	'暴力'	12621
12402	(661, 160)	'欠'	12622
12403	(1364, 359)	'为什么不'	12623
12404	(1251, 134)	'胆'	12624
12405	(99, 280)	'cor'	12625
12406	(8899, 2372)	'Seriously'	12626
12407	(3987, 4043)	'善良'	12627
12408	(294, 5174)	'的原因'	12628
12409	(104, 319)	'hot'	12629
12410	(419, 3361)	' conference'	12630
12411	(1058, 365)	'无人'	12631
12412	(412, 5247)	'在哪里'	12632
12413	(2203, 4579)	'bridge'	12633
12414	(2869, 1170)	' promise'	12634
12415	(14066, 5662)	' episodes'	12635
12416	(920, 404)	' cock'	12636
12417	(3717, 5593)	' complicated'	12637
12418	(434, 4471)	' Person'	12638
12419	(281, 101)	'inge'	12639
12420	(105, 14096)	'i.e'	12640
12421	(265, 823)	'er’s'	12641
12422	(3232, 8393)	'皮肤'	12642
12423	(324, 781)	'是最'	12643
12424	(2502, 57)	'1989'	12644
12425	(4241, 281)	' feeding'	12645
12426	(709, 769)	' manip'	12646
12427	(1592, 4145)	' expressed'	12647
12428	(496, 3480)	' alright'	12648
12429	(1126, 943)	'的一所'	12649
12430	(3696, 1359)	'這個'	12650
12431	(72, 265)	'Her'	12651
12432	(5150, 307)	' interaction'	12652
12433	(684, 1764)	'出门'	12653
12434	(3015, 502)	'ployment'	12654
12435	(445, 384)	' shif'	12655
12436	(362, 162)	'询'	12656
12437	(83, 4819)	'Saint'	12658
12438	(1233, 281)	'riting'	12659
12439	(9749, 4637)	' neighborhood'	12660
12440	(1847, 588)	'带来'	12661
12441	(1054, 444)	'长大'	12662
12442	(9470, 591)	'奥运会'	12663
12443	(937, 2872)	'第六'	12664
12444	(669, 307)	'action'	12665
12445	(359, 2134)	'不可能'	12666
12446	(526, 157)	'逝'	12667
12447	(109, 110)	'mn'	12668
12448	(4805, 642)	'super'	12669
12449	(535, 2292)	' Road'	12670
12450	(324, 568)	'是以'	12671
12451	(739, 170)	'跪'	12672
12452	(1522, 1246)	'司机'	12673
12453	(274, 4666)	'isdom'	12674
12454	(1622, 156)	'铜'	12675
12455	(444, 2227)	'大型'	12676
12456	(481, 913)	' Down'	12677
12457	(104, 1417)	'have'	12678
12458	(1166, 947)	'合理'	12679
12459	(700, 137)	'辉'	12680
12460	(9683, 3270)	'共产党'	12681
12461	(32, 113)	' q'	12682
12462	(294, 4702)	'的方式'	12683
12463	(547, 185)	'惹'	12684
12464	(413, 1000)	'年起'	12685
12465	(344, 260)	' Tre'	12686
12466	(4011, 397)	"that's"	12687
12467	(413, 8347)	'年龄'	12688
12468	(294, 790)	'的心'	12689
12469	(1622, 186)	'铺'	12691
12470	(45, 84)	'-T'	12692
12471	(7946, 694)	' instructions'	12693
12472	(1755, 1617)	' artists'	12694
12473	(3259, 111)	'mao'	12696
12474	(279, 2983)	' faces'	12697
12475	(618, 3847)	' upload'	12698
12476	(324, 952)	'是啊'	12699
12477	(1385, 958)	'觉得自己'	12700
12478	(2000, 186)	'携'	12701
12479	(316, 155)	'叛'	12702
12480	(9262, 809)	' phrase'	12703
12481	(414, 189)	'帽'	12704
12482	(1174, 177)	'驱'	12705
12483	(1108, 1147)	'实力'	12706
12484	(229, 172)	b'\xe5\xac'	12707
12485	(2156, 585)	'發生'	12708
12486	(260, 814)	'rection'	12709
12487	(1587, 5947)	' transmission'	12710
12488	(296, 6840)	' inhab'	12711
12489	(1503, 139)	'滋'	12712
12490	(5748, 968)	'仍然'	12713
12491	(2641, 699)	'源于'	12714
12492	(3603, 1376)	'行政區'	12715
12493	(391, 1379)	'oops'	12716
12494	(9601, 1242)	' heavily'	12717
12495	(1017, 9242)	'情绪'	12718
12496	(700, 133)	'辅'	12719
12497	(67, 640)	'Cong'	12720
12498	(6590, 2635)	' framework'	12721
12499	(1806, 1131)	' eastern'	12722
12500	(2524, 4727)	'差距'	12723
12501	(1161, 1419)	'话题'	12724
12502	(10579, 121)	' Academy'	12725
12503	(73, 3867)	'ILL'	12726
12504	(2131, 287)	' talked'	12727
12505	(1136, 140)	'灌'	12728
12506	(4117, 3096)	'浪费'	12729
12507	(741, 5539)	'成熟'	12730
12508	(523, 291)	' Far'	12731
12509	(227, 130)	b'\xe3\x82'	12732
12510	(8018, 2067)	' dinner'	12733
12511	(1702, 703)	' generated'	12734
12512	(1981, 7330)	' communicate'	12735
12513	(268, 1189)	' wont'	12736
12514	(2078, 444)	'强大'	12737
12515	(522, 114)	' Er'	12738
12516	(256, 653)	' tack'	12739
12517	(3175, 7382)	' circuit'	12740
12518	(520, 1757)	' abund'	12741
12519	(716, 5597)	'下午'	12742
12520	(1963, 2063)	'亞洲'	12743
12521	(4741, 4666)	' Kingdom'	12744
12522	(330, 401)	'etter'	12745
12523	(450, 442)	'riers'	12748
12524	(1331, 460)	' regist'	12749
12525	(977, 447)	'itionally'	12750
12526	(810, 163)	'挣'	12751
12527	(3803, 793)	'频道'	12752
12528	(906, 265)	'onder'	12754
12529	(363, 9275)	' stroke'	12755
12530	(1152, 689)	'当地'	12757
12531	(273, 1753)	' crop'	12758
12532	(482, 8104)	'这件事'	12759
12533	(654, 147)	'邓'	12760
12534	(536, 136)	'盈'	12761
12535	(413, 9120)	'年夏季'	12762
12536	(262, 2085)	' therap'	12763
12537	(101, 512)	'eem'	12764
12538	(3844, 281)	' sleeping'	12765
12539	(565, 1356)	'好吃'	12766
12540	(3102, 1697)	'唱片'	12767
12541	(4300, 716)	'旗下'	12768
12542	(1475, 833)	'总部'	12769
12543	(5315, 694)	' emotions'	12770
12544	(4551, 3684)	'電視劇'	12771
12545	(1092, 330)	' sheet'	12772
12546	(8934, 847)	' enhance'	12773
12547	(443, 728)	' proven'	12774
12548	(7188, 14174)	' Brazil'	12775
12549	(296, 834)	' indu'	12776
12550	(524, 319)	' Got'	12777
12551	(714, 6878)	' adequ'	12778
12552	(359, 1440)	'不信'	12779
12553	(567, 115)	'asts'	12780
12554	(5474, 281)	' cooking'	12781
12555	(499, 157)	'凝'	12782
12556	(267, 105)	'ati'	12783
12557	(9000, 286)	' Environmental'	12784
12558	(6953, 1465)	'iatric'	12785
12559	(294, 1153)	'的就是'	12786
12560	(2501, 766)	'軍事'	12787
12561	(2376, 3547)	'群島'	12788
12562	(5317, 1297)	' harmful'	12789
12563	(438, 780)	'你去'	12790
12564	(1338, 167)	'捧'	12791
12565	(1392, 365)	'两人'	12792
12566	(68, 82)	'DR'	12793
12567	(276, 893)	' bub'	12794
12568	(8374, 2730)	' Especially'	12795
12569	(4169, 1134)	'互相'	12796
12570	(1230, 1085)	'的人口'	12797
12571	(1460, 1437)	'基金'	12798
12572	(8241, 115)	'boys'	12799
12573	(2103, 97)	'otta'	12800
12574	(2546, 360)	' bench'	12801
12575	(283, 14168)	' pizza'	12802
12576	(660, 377)	'得了'	12803
12577	(1293, 2762)	' supplement'	12805
12578	(2247, 4893)	'照顾'	12806
12579	(422, 145)	'绑'	12807
12580	(760, 191)	'矿'	12808
12581	(5242, 607)	' capture'	12809
12582	(3831, 287)	' claimed'	12810
12583	(3495, 68)	' xD'	12811
12584	(535, 8328)	' Royal'	12812
12585	(329, 607)	'cture'	12813
12586	(6101, 2316)	'阶段'	12814
12587	(2253, 8304)	'火箭'	12815
12588	(282, 97)	' ma'	12816
12589	(3851, 502)	' employment'	12817
12590	(7323, 1121)	'福建省'	12818
12591	(233, 168)	b'\xe9\xa8'	12819
12592	(67, 80)	'CP'	12820
12593	(1342, 442)	' readers'	12822
12594	(1865, 180)	'貴'	12823
12595	(434, 319)	' Pot'	12824
12596	(2708, 365)	'杀人'	12825
12597	(2528, 780)	'失去'	12826
12598	(2629, 100)	' hyd'	12827
12599	(297, 8666)	' hidden'	12828
12600	(7027, 3092)	' administration'	12829
12601	(6259, 617)	'妻子'	12830
12602	(2432, 153)	'熙'	12831
12603	(8984, 144)	'駐'	12832
12604	(76, 97)	'La'	12833
12605	(14218, 6744)	'ikipedia'	12834
12606	(740, 98)	'rub'	12835
12607	(9279, 2110)	' neutral'	12836
12608	(9263, 313)	' merely'	12837
12609	(3481, 3923)	' exciting'	12838
12610	(4412, 1995)	'忘记'	12839
12611	(1174, 179)	'驳'	12840
12612	(4151, 9366)	' facilit'	12841
12613	(1355, 772)	'应用'	12842
12614	(506, 166)	'厦'	12843
12615	(359, 3371)	'不断'	12844
12616	(1114, 556)	'加上'	12845
12617	(7752, 2262)	'缩写'	12846
12618	(72, 9533)	'Honestly'	12847
12619	(3230, 14180)	'刘鑫'	12848
12620	(464, 270)	' Hit'	12849
12621	(4968, 1966)	'參與'	12850
12622	(536, 131)	'盃'	12851
12623	(77, 287)	'Med'	12852
12624	(1706, 2703)	' Review'	12853
12625	(8084, 9183)	' Professor'	12854
12626	(45, 1146)	'-gr'	12855
12627	(3872, 694)	' connections'	12856
12628	(642, 280)	'peror'	12857
12629	(3124, 8200)	' beneficial'	12858
12630	(3524, 3524)	'妹妹'	12859
12631	(425, 3711)	' Battle'	12860
12632	(1758, 1123)	' letting'	12861
12633	(3964, 115)	' nuts'	12862
12634	(624, 130)	'剂'	12863
12635	(5304, 3257)	'傻逼'	12864
12636	(278, 274)	'esis'	12865
12637	(116, 301)	'tic'	12866
12638	(276, 2084)	' batt'	12867
12639	(101, 728)	'even'	12868
12640	(1667, 5679)	' inspir'	12869
12641	(324, 2882)	'是怎样'	12870
12642	(4724, 773)	'执行'	12871
12643	(3603, 1133)	'行政区'	12872
12644	(9775, 2135)	'下辖的一个'	12873
12645	(434, 893)	' Pub'	12874
12646	(523, 1492)	' Father'	12875
12647	(288, 2225)	' drain'	12876
12648	(1875, 57)	' 99'	12877
12649	(451, 2320)	'usiness'	12878
12650	(1052, 1514)	'obody'	12879
12651	(10139, 378)	' inflammation'	12880
12652	(588, 578)	'来看'	12881
12653	(343, 265)	'ayer'	12882
12654	(359, 1884)	'不算'	12883
12655	(947, 815)	'理想'	12884
12656	(2502, 53)	'1985'	12885
12657	(464, 351)	' Had'	12886
12658	(264, 2717)	' sending'	12887
12659	(817, 480)	'分为'	12888
12660	(109, 581)	'mod'	12889
12661	(707, 186)	'贺'	12890
12662	(370, 97)	'ira'	12891
12663	(2617, 917)	' Nothing'	12892
12664	(4102, 498)	' domain'	12893
12665	(322, 1296)	' reject'	12894
12666	(295, 10444)	' thorough'	12895
12667	(1349, 115)	'Thats'	12896
12668	(8596, 324)	'尤其是'	12897
12669	(6328, 1213)	'摄影'	12898
12670	(4086, 814)	' election'	12899
12671	(14188, 2698)	'畢業'	12900
12672	(425, 653)	' Back'	12901
12673	(3890, 417)	'Should'	12902
12674	(7088, 287)	'Added'	12903
12675	(1980, 3972)	'找不到'	12904
12676	(990, 377)	'开了'	12905
12677	(757, 716)	'之下'	12906
12678	(409, 4068)	' Moon'	12907
12679	(1102, 1963)	'利亞'	12908
12680	(83, 509)	'Spe'	12909
12681	(119, 402)	'will'	12910
12682	(682, 680)	'1900'	12911
12683	(481, 1159)	' Dark'	12913
12684	(302, 1323)	'ashes'	12914
12685	(983, 184)	'祸'	12915
12686	(536, 188)	'盼'	12916
12687	(467, 738)	'umble'	12917
12688	(550, 2300)	' worries'	12918
12689	(991, 591)	'只会'	12919
12690	(1190, 14039)	'州的一个市镇'	12920
12691	(5445, 3906)	'杰伦'	12921
12692	(623, 726)	'说过'	12922
12693	(3197, 1308)	' loves'	12923
12694	(2640, 135)	'薇'	12924
12695	(3139, 48)	'1970'	12925
12696	(1190, 14040)	'州的一個市鎮'	12926
12697	(7025, 2004)	'旁边'	12927
12698	(2064, 4128)	'深刻'	12928
12699	(517, 141)	'衍'	12929
12700	(1722, 4822)	'提醒'	12930
12701	(530, 1051)	'就没有'	12931
12702	(56, 57)	'89'	12932
12703	(14080, 532)	' enemies'	12933
12704	(6137, 917)	' breathing'	12934
12705	(3583, 3033)	'规模'	12935
12706	(3420, 280)	' honor'	12936
12707	(777, 103)	' disg'	12937
12708	(767, 365)	'主人'	12938
12709	(105, 1748)	'iology'	12940
12710	(268, 281)	' wing'	12941
12711	(3796, 319)	' negot'	12942
12712	(2688, 689)	'土地'	12943
12713	(294, 1028)	'的海'	12944
12714	(282, 109)	' mm'	12946
12715	(121, 1106)	'yles'	12947
12716	(4453, 437)	' participate'	12948
12717	(2811, 694)	' suggestions'	12949
12718	(1073, 2394)	'手术'	12950
12719	(944, 987)	'南北'	12951
12720	(100, 105)	'di'	12952
12721	(117, 118)	'uv'	12953
12722	(366, 82)	' AR'	12954
12723	(102, 14182)	'flix'	12955
12724	(14219, 448)	' Zealand'	12956
12725	(450, 118)	'riv'	12957
12726	(4914, 532)	' Studies'	12958
12727	(1862, 48)	' 180'	12959
12728	(14095, 607)	' agriculture'	12960
12729	(4510, 14179)	' ISBN'	12961
12730	(1491, 1204)	' setup'	12962
12731	(1625, 4537)	'儿童'	12963
12732	(67, 280)	'Cor'	12964
12733	(908, 119)	' overw'	12965
12734	(276, 8182)	' besides'	12966
12735	(3778, 1304)	' authorities'	12967
12736	(969, 413)	'同年'	12968
12737	(1651, 152)	'識'	12969
12738	(7281, 5948)	'熱帶'	12970
12739	(598, 5443)	'agram'	12971
12740	(3666, 97)	'aska'	12972
12741	(2459, 2549)	' positions'	12973
12742	(700, 176)	'辰'	12974
12743	(409, 1658)	' Max'	12975
12744	(265, 1340)	'erals'	12976
12745	(7344, 940)	' category'	12977
12746	(674, 14216)	' environments'	12978
12747	(259, 512)	'inem'	12979
12748	(368, 80)	' SP'	12980
12749	(4709, 14213)	' delivered'	12981
12750	(9951, 180)	'鉴'	12982
12751	(409, 111)	' Mo'	12983
12752	(2212, 404)	' truck'	12984
12753	(115, 909)	'such'	12985
12754	(1810, 155)	'猛'	12986
12755	(367, 190)	'幾'	12987
12756	(2894, 329)	'roduct'	12988
12757	(4883, 7608)	' wildlife'	12989
12758	(56, 680)	'800'	12990
12759	(684, 2801)	'出現'	12991
12760	(2865, 1499)	' cultures'	12992
12761	(8370, 259)	' Martin'	12993
12762	(2136, 1652)	' Probably'	12994
12763	(100, 4850)	'damn'	12995
12764	(3824, 2242)	'搞笑'	12996
12765	(623, 958)	'说自己'	12997
12766	(3001, 3096)	'消费'	12998
12767	(2889, 56)	' 1998'	13000
12768	(1389, 287)	' pointed'	13001
12769	(1628, 683)	'阿里'	13002
12770	(1210, 180)	'柴'	13003
12771	(1290, 138)	'珊'	13004
12772	(880, 54)	' 36'	13005
12773	(441, 781)	'中最'	13007
12774	(1498, 161)	'絡'	13008
12775	(10394, 2325)	'下轄的一個'	13009
12776	(273, 356)	' cig'	13010
12777	(268, 639)	' wake'	13011
12778	(2046, 3946)	'周围'	13012
12779	(4307, 131)	'璃'	13013
12780	(2811, 307)	' suggestion'	13014
12781	(7704, 313)	' roughly'	13015
12782	(266, 167)	'丧'	13016
12783	(294, 867)	'的美'	13017
12784	(56, 55)	'87'	13018
12785	(4657, 3963)	' Global'	13019
12786	(402, 5118)	'illiant'	13020
12787	(264, 666)	' sau'	13021
12788	(425, 14194)	' Boston'	13022
12789	(5663, 265)	' controller'	13023
12790	(3755, 1468)	'Except'	13024
12791	(542, 1580)	' Looks'	13025
12792	(399, 1531)	'我喜欢'	13026
12793	(2634, 115)	' controls'	13027
12794	(810, 170)	'挪'	13028
12795	(1390, 14065)	' Unfortunately'	13029
12796	(864, 1302)	'现任'	13030
12797	(2260, 686)	'医学'	13031
12798	(76, 567)	'Last'	13032
12799	(8896, 553)	' Richard'	13033
12800	(445, 4072)	' shiny'	13034
12801	(399, 1443)	'我知道'	13035
12802	(45, 70)	'-F'	13036
12803	(2797, 2422)	' Christians'	13037
12804	(3188, 2137)	'举办'	13038
12805	(104, 405)	'hop'	13039
12806	(717, 172)	'測'	13040
12807	(454, 487)	' 120'	13041
12808	(1162, 108)	'ibl'	13042
12809	(700, 134)	'辆'	13043
12810	(1224, 2770)	'安排'	13044
12811	(5060, 2278)	' mountains'	13045
12812	(9300, 14209)	' algorith'	13046
12813	(363, 439)	' stab'	13047
12814	(294, 1198)	'的吧'	13048
12815	(229, 181)	b'\xe5\xb5'	13049
12816	(5899, 6033)	'倫敦'	13050
12817	(65, 66)	'AB'	13051
12818	(121, 521)	'your'	13052
12819	(1400, 594)	' define'	13053
12820	(14191, 3730)	' lifestyle'	13054
12821	(387, 786)	' Cult'	13055
12822	(1745, 4492)	' department'	13056
12823	(613, 97)	'inda'	13057
12824	(3143, 401)	'after'	13058
12825	(2413, 1764)	'专门'	13059
12826	(1105, 174)	'禮'	13060
12827	(363, 653)	' stack'	13061
12828	(421, 4493)	' seasons'	13062
12829	(359, 4684)	'不容易'	13063
12830	(999, 275)	' Ven'	13064
12831	(288, 1182)	' dating'	13065
12832	(435, 9177)	' suicide'	13066
12833	(8074, 115)	' victims'	13067
12834	(655, 154)	'倚'	13068
12835	(620, 2708)	'自杀'	13069
12836	(1319, 184)	'砸'	13070
12837	(195, 162)	'â'	13071
12838	(76, 89)	'LY'	13072
12839	(415, 2026)	' orient'	13073
12840	(2435, 2896)	' elsewhere'	13074
12841	(616, 155)	'抛'	13075
12842	(1550, 122)	'azz'	13076
12843	(110, 533)	'nel'	13077
12844	(7023, 855)	' sequence'	13078
12845	(4723, 622)	'ealous'	13079
12846	(764, 114)	' compr'	13080
12847	(4724, 2241)	'执导'	13081
12848	(10755, 6664)	'縮寫'	13082
12849	(5986, 1433)	' manufacturing'	13083
12850	(1816, 485)	' explos'	13084
12851	(279, 1269)	' furn'	13085
12852	(1192, 512)	' remem'	13086
12853	(529, 4442)	' they’re'	13087
12854	(992, 2080)	' scared'	13088
12855	(349, 578)	'一看'	13089
12856	(10639, 2517)	' Carolina'	13090
12857	(2240, 1777)	' Cancer'	13091
12858	(1602, 6319)	' extrem'	13092
12859	(4386, 323)	' frequent'	13093
12860	(884, 3488)	'高兴'	13094
12861	(1470, 294)	'内的'	13095
12862	(460, 287)	'isted'	13096
12863	(578, 759)	'看法'	13097
12864	(349, 1631)	'一场'	13098
12865	(884, 1857)	'高校'	13099
12866	(366, 450)	' Ari'	13100
12867	(522, 112)	' Ep'	13101
12868	(368, 67)	' SC'	13102
12869	(3380, 2815)	' Enjoy'	13103
12870	(4298, 1359)	'兩個'	13104
12871	(77, 77)	'MM'	13105
12872	(368, 448)	' Sand'	13106
12873	(434, 76)	' PL'	13107
12874	(1342, 265)	' reader'	13108
12875	(2975, 5393)	' receiving'	13109
12876	(515, 175)	'冯'	13110
12877	(1324, 177)	'酱'	13111
12878	(1768, 2259)	'交易'	13112
12879	(1773, 1782)	'数量'	13113
12880	(463, 286)	' Wal'	13114
12881	(2482, 401)	' veter'	13115
12882	(9406, 711)	' favourite'	13116
12883	(2047, 833)	'東部'	13117
12884	(524, 291)	' Gar'	13118
12885	(2281, 4784)	' programming'	13119
12886	(3444, 307)	' prevention'	13121
12887	(4426, 307)	' exception'	13122
12888	(6643, 917)	' clothing'	13123
12889	(268, 327)	' wow'	13124
12890	(3596, 1502)	'央视'	13125
12891	(2495, 3476)	'连续'	13126
12892	(727, 114)	' Ur'	13127
12893	(258, 567)	'heast'	13128
12894	(353, 798)	'amber'	13129
12895	(283, 109)	' pm'	13130
12896	(256, 669)	' tact'	13131
12897	(620, 1063)	'自动'	13132
12898	(308, 346)	' gut'	13133
12899	(279, 5649)	' fiber'	13134
12900	(787, 2855)	' prepar'	13135
12901	(480, 365)	'为人'	13136
12902	(1744, 1340)	' signals'	13137
12903	(987, 444)	'北大'	13138
12904	(5382, 1895)	'航空公司'	13139
12905	(1498, 166)	'給'	13140
12906	(286, 105)	'ali'	13141
12907	(999, 274)	' Vis'	13142
12908	(5387, 2841)	'孤独'	13143
12909	(884, 4156)	'高雄'	13144
12910	(524, 842)	' Gree'	13145
12911	(1431, 1023)	' produces'	13146
12912	(305, 180)	'朴'	13147
12913	(914, 306)	'angle'	13148
12914	(32, 46)	' .'	13149
12915	(4151, 281)	' facing'	13150
12916	(862, 130)	'喂'	13151
12917	(294, 1095)	'的水'	13152
12918	(2646, 2363)	'體育'	13153
12919	(5108, 2077)	' Secret'	13154
12920	(2632, 3363)	'總統'	13155
12921	(9583, 1121)	'位于该省'	13156
12922	(9614, 1121)	'位於該省'	13157
12923	(285, 697)	' anime'	13158
12924	(14184, 2467)	'恢复'	13159
12925	(4632, 1584)	'颜色'	13160
12926	(387, 553)	' Card'	13161
12927	(613, 117)	'indu'	13162
12928	(3481, 2642)	' excuse'	13163
12929	(435, 5065)	' suffe'	13164
12930	(520, 3835)	' abilities'	13165
12931	(226, 134)	b'\xe2\x86'	13166
12932	(2718, 101)	'-de'	13167
12933	(481, 356)	' Dig'	13168
12934	(522, 432)	' Eth'	13169
12935	(410, 104)	' wash'	13170
12936	(859, 110)	' Kn'	13171
12937	(280, 1110)	'orph'	13172
12938	(1488, 121)	'archy'	13173
12939	(5635, 378)	' implementation'	13174
12940	(3025, 313)	' strongly'	13175
12941	(1145, 164)	'烤'	13176
12942	(14195, 121)	' lazy'	13177
12943	(369, 10477)	' hence'	13178
12944	(1449, 287)	'gged'	13179
12945	(257, 265)	' aer'	13180
12946	(820, 2951)	'很久'	13181
12947	(1464, 2168)	'今晚'	13182
12948	(4832, 3967)	'澳大利'	13183
12949	(119, 2401)	'worth'	13184
12950	(256, 4558)	' tube'	13185
12951	(2930, 754)	' variable'	13186
12952	(9329, 115)	' vessels'	13187
12953	(363, 1988)	' stead'	13188
12954	(1702, 868)	' generations'	13189
12955	(294, 2245)	'的孩子'	13190
12956	(10022, 979)	'聪明'	13191
12957	(1482, 588)	'马来'	13192
12958	(2195, 365)	'夫人'	13193
12959	(439, 411)	'abul'	13194
12960	(279, 111)	' fo'	13195
12961	(389, 9339)	' habits'	13196
12962	(14009, 3690)	' issued'	13197
12963	(2173, 7406)	'干净'	13198
12964	(1291, 1471)	'常见'	13199
12965	(500, 136)	'匈'	13200
12966	(2156, 2801)	'發現'	13201
12967	(300, 270)	' lit'	13202
12968	(2481, 433)	'haust'	13203
12969	(1029, 740)	' recru'	13204
12970	(927, 188)	'恼'	13205
12971	(85, 85)	'UU'	13206
12972	(10806, 1052)	' Jacob'	13207
12973	(2583, 1082)	' approved'	13208
12974	(4454, 323)	' violent'	13209
12975	(762, 671)	'一个月'	13210
12976	(620, 773)	'自行'	13211
12977	(344, 754)	' Table'	13212
12978	(294, 3467)	'的意思'	13213
12979	(294, 3253)	'的重要'	13214
12980	(99, 1264)	'cular'	13215
12981	(523, 818)	' Form'	13216
12982	(322, 110)	' ren'	13217
12983	(1245, 14205)	' genuine'	13218
12984	(741, 785)	'成本'	13219
12985	(867, 1974)	'美元'	13220
12986	(115, 107)	'sk'	13221
12987	(279, 449)	' fest'	13222
12988	(2908, 109)	' calm'	13223
12989	(1130, 1337)	' desert'	13224
12990	(5659, 5346)	' ultimately'	13225
12991	(824, 140)	'癌'	13226
12992	(1392, 3106)	'两个人'	13227
12993	(2502, 55)	'1987'	13228
12994	(4327, 1096)	' indicates'	13229
12995	(833, 2238)	'部队'	13230
12996	(294, 3466)	'的女生'	13231
12997	(3988, 699)	'成立于'	13232
12998	(1188, 509)	' rape'	13233
12999	(526, 151)	'逗'	13234
13000	(3522, 693)	'有一天'	13235
13001	(3014, 2248)	'Christ'	13236
13002	(542, 1636)	' Little'	13237
13003	(2906, 404)	' crack'	13238
13004	(516, 1505)	' chair'	13239
13005	(309, 4066)	' nerve'	13240
13006	(825, 2983)	' spaces'	13241
13007	(2939, 2860)	'证据'	13242
13008	(387, 1369)	' Coll'	13243
13009	(4095, 281)	' farming'	13244
13010	(1004, 8887)	'特殊'	13245
13011	(859, 640)	' Kong'	13246
13012	(584, 136)	'靈'	13247
13013	(1047, 923)	'因為'	13248
13014	(724, 335)	'apse'	13249
13015	(531, 8561)	' NFL'	13250
13016	(636, 403)	'acher'	13251
13017	(4746, 115)	' roads'	13252
13018	(2094, 270)	' swit'	13253
13019	(3640, 8624)	'靠谱'	13254
13020	(506, 149)	'厕'	13255
13021	(648, 345)	' Jim'	13256
13022	(6513, 378)	' transportation'	13257
13023	(1562, 287)	' founded'	13258
13024	(601, 154)	'愚'	13259
13025	(4289, 3424)	'股份'	13260
13026	(434, 405)	' Pop'	13261
13027	(1505, 121)	'airy'	13262
13028	(434, 275)	' Pen'	13263
13029	(443, 5602)	' proceed'	13264
13030	(2282, 2744)	' estimate'	13265
13031	(4230, 6273)	'爆炸'	13266
13032	(385, 4160)	'有多少'	13267
13033	(4457, 693)	'冬天'	13268
13034	(1520, 137)	'悉'	13269
13035	(923, 14232)	'為輻鰭魚綱'	13271
13036	(9092, 801)	'because'	13272
13037	(8276, 280)	' flavor'	13273
13038	(294, 2249)	'的国家'	13274
13039	(1659, 4925)	'會議'	13275
13040	(304, 361)	' Ice'	13276
13041	(7544, 1728)	' license'	13277
13042	(1179, 958)	'给自己'	13278
13043	(482, 833)	'这部'	13279
13044	(677, 1156)	'还可以'	13280
13045	(1600, 2003)	'接近'	13281
13046	(1694, 426)	' Ange'	13282
13047	(3988, 915)	'成立於'	13283
13048	(566, 314)	' myst'	13284
13049	(796, 5493)	'对不起'	13285
13050	(2418, 3697)	'伊朗'	13286
13051	(1665, 8569)	' experiments'	13287
13052	(3298, 115)	' breaks'	13288
13053	(810, 150)	'挖'	13289
13054	(324, 4827)	'是意大利'	13290
13055	(288, 7785)	' dirty'	13291
13056	(1390, 1583)	' Unless'	13292
13057	(1980, 455)	'找个'	13293
13058	(14196, 9690)	'矛盾'	13294
13059	(5108, 3992)	' Security'	13295
13060	(4051, 287)	' represented'	13296
13061	(910, 115)	' apps'	13297
13062	(1414, 399)	'把我'	13298
13063	(3328, 152)	'餘'	13299
13064	(704, 3962)	' armor'	13300
13065	(322, 572)	' reci'	13301
13066	(115, 274)	'sis'	13302
13067	(528, 189)	'栽'	13303
13068	(927, 173)	'恭'	13304
13069	(692, 149)	'晕'	13305
13070	(67, 79)	'CO'	13306
13071	(344, 1444)	' Times'	13307
13072	(825, 9936)	' spoken'	13308
13073	(9575, 1340)	' professionals'	13309
13074	(2293, 944)	'云南'	13310
13075	(1020, 2299)	'三观'	13311
13076	(501, 153)	'庙'	13312
13077	(724, 104)	'aph'	13313
13078	(542, 291)	' Lar'	13314
13079	(516, 473)	' chrom'	13315
13080	(322, 313)	' rely'	13316
13081	(415, 1248)	' orange'	13317
13082	(2821, 1578)	'食品'	13318
13083	(1573, 182)	'溶'	13319
13084	(2739, 2238)	'团队'	13320
13085	(1902, 4761)	'联邦'	13321
13086	(45, 360)	'-ch'	13322
13087	(100, 336)	'did'	13323
13088	(8025, 263)	' dragon'	13324
13089	(1331, 4857)	' regulations'	13325
13090	(1913, 133)	'魅'	13326
13091	(102, 313)	'fly'	13327
13092	(2362, 1849)	'ervices'	13328
13093	(103, 3169)	'gression'	13329
13094	(304, 8408)	' IMO'	13330
13095	(3657, 442)	' officers'	13331
13096	(1164, 178)	'躲'	13332
13097	(3008, 3497)	'投票'	13333
13098	(82, 1306)	'Rec'	13334
13099	(6295, 9408)	' ethnic'	13335
13100	(2479, 651)	"Isn't"	13336
13101	(1094, 968)	'果然'	13337
13102	(4600, 3371)	'判断'	13338
13103	(740, 103)	'rug'	13339
13104	(79, 98)	'Ob'	13340
13105	(294, 2393)	'的电影'	13341
13106	(1834, 556)	'史上'	13342
13107	(4523, 2948)	'蘇聯'	13343
13108	(549, 281)	'alling'	13344
13109	(99, 267)	'cat'	13345
13110	(1774, 2897)	' charged'	13346
13111	(8789, 115)	' insects'	13347
13112	(2348, 555)	'Stud'	13348
13113	(302, 1117)	'ashed'	13349
13114	(3989, 442)	' layers'	13350
13115	(1382, 287)	'pected'	13351
13116	(112, 1241)	'pread'	13352
13117	(297, 14206)	' horses'	13353
13118	(1377, 115)	' finds'	13354
13119	(288, 1096)	' dates'	13355
13120	(1374, 135)	'娇'	13356
13121	(1302, 2602)	'任务'	13357
13122	(2162, 97)	'mma'	13358
13123	(14089, 10340)	' Michigan'	13359
13124	(14202, 691)	' voltage'	13360
13125	(3163, 3467)	'不好意思'	13361
13126	(648, 263)	' Jon'	13362
13127	(118, 452)	'vant'	13363
13128	(1699, 185)	'詹'	13364
13129	(6770, 553)	' Board'	13365
13130	(845, 281)	'icking'	13366
13131	(2781, 842)	'-free'	13367
13132	(1414, 958)	'把自己'	13368
13133	(314, 3902)	'struction'	13369
13134	(2365, 69)	'ERE'	13370
13135	(385, 1950)	'有问题'	13371
13136	(718, 138)	'郊'	13372
13137	(546, 111)	'endo'	13373
13138	(100, 278)	'des'	13374
13139	(549, 115)	'alls'	13375
13140	(4063, 1250)	'iotics'	13376
13141	(3623, 286)	' functional'	13377
13142	(981, 1471)	'意见'	13378
13143	(922, 1780)	'何处'	13379
13144	(1500, 294)	'死的'	13380
13145	(6608, 8774)	'吐槽'	13381
13146	(381, 156)	'卜'	13382
13147	(2423, 589)	' marks'	13383
13148	(6061, 278)	'ypes'	13384
13149	(1134, 2862)	'相似'	13385
13150	(750, 170)	'阪'	13386
13151	(7157, 330)	' ticket'	13387
13152	(2120, 1629)	'播放'	13388
13153	(2022, 623)	'传说'	13389
13154	(330, 1250)	'etics'	13390
13155	(283, 581)	' pod'	13391
13156	(556, 1099)	'上次'	13392
13157	(3942, 3002)	'显示'	13393
13158	(1395, 1773)	'少数'	13394
13159	(399, 2304)	'我已经'	13395
13160	(2502, 54)	'1986'	13396
13161	(45, 487)	'-20'	13397
13162	(999, 14183)	' Victor'	13398
13163	(45, 71)	'-G'	13399
13164	(114, 319)	'rot'	13400
13165	(920, 3579)	' coverage'	13401
13166	(45, 1336)	'-18'	13402
13167	(335, 555)	'seud'	13403
13168	(5415, 108)	' Charl'	13404
13169	(359, 4837)	'不仅'	13405
13170	(1104, 365)	'老人'	13406
13171	(6446, 2635)	' Network'	13408
13172	(657, 14187)	'ogether'	13409
13173	(195, 167)	'ç'	13410
13174	(990, 1629)	'开放'	13411
13175	(7407, 850)	' Jeff'	13412
13176	(1426, 170)	'優'	13413
13177	(3820, 5778)	'漫畫'	13414
13178	(674, 3628)	' enzy'	13415
13179	(2273, 115)	' designs'	13416
13180	(8210, 607)	' architecture'	13417
13181	(85, 115)	'Us'	13418
13182	(673, 111)	' imo'	13419
13183	(4943, 3096)	'免费'	13420
13184	(766, 1625)	'事儿'	13421
13185	(49, 1784)	'1000'	13422
13186	(343, 97)	'aya'	13423
13187	(3969, 691)	' package'	13424
13188	(282, 698)	' mice'	13425
13189	(10056, 754)	' vulnerable'	13426
13190	(1020, 504)	'三国'	13427
13191	(860, 2028)	'斯卡'	13428
13192	(105, 334)	'iro'	13429
13193	(714, 1334)	' advent'	13430
13194	(672, 172)	'纬'	13431
13195	(3033, 1004)	'模特'	13432
13196	(409, 4555)	' Moses'	13433
13197	(325, 4871)	' islands'	13434
13198	(9986, 982)	' delicious'	13435
13199	(516, 391)	' choo'	13436
13200	(2931, 603)	'政治家'	13437
13201	(709, 384)	' manif'	13438
13202	(2471, 3001)	'取消'	13439
13203	(585, 2518)	'生存'	13440
13204	(2576, 773)	'運行'	13441
13205	(7708, 394)	'About'	13442
13206	(362, 166)	'详'	13443
13207	(549, 327)	'allow'	13444
13208	(3924, 281)	' cleaning'	13445
13209	(8787, 1097)	' casual'	13446
13210	(2025, 413)	'百年'	13447
13211	(1929, 111)	' solo'	13448
13212	(1681, 2492)	'结局'	13449
13213	(2655, 177)	'濱'	13450
13214	(4566, 868)	' recommendations'	13451
13215	(268, 691)	' wage'	13452
13216	(412, 603)	'在家'	13453
13217	(8611, 629)	'許多'	13454
13218	(107, 1610)	'kward'	13455
13219	(2079, 2242)	'微笑'	13456
13220	(515, 165)	'冥'	13457
13221	(584, 150)	'靖'	13458
13222	(413, 1098)	'年度'	13459
13223	(83, 121)	'Sy'	13460
13224	(387, 97)	' Ca'	13461
13225	(6520, 1121)	'四川省'	13462
13226	(2502, 51)	'1983'	13463
13227	(3186, 139)	'蓋'	13464
13228	(761, 6550)	' Through'	13465
13229	(825, 4628)	' spray'	13466
13230	(921, 149)	'罕'	13467
13231	(3288, 1445)	'限制'	13468
13232	(499, 189)	'函'	13469
13233	(110, 110)	'nn'	13470
13234	(445, 1253)	' shower'	13471
13235	(599, 112)	' Op'	13472
13236	(1041, 335)	' rose'	13473
13237	(4662, 577)	'Someone'	13474
13238	(684, 793)	'出道'	13475
13239	(5202, 442)	' orders'	13476
13240	(598, 3396)	'agraph'	13477
13241	(4364, 489)	' earthqu'	13478
13242	(4778, 115)	' attempts'	13479
13243	(276, 906)	' bond'	13480
13244	(1518, 2575)	' phones'	13481
13245	(294, 1742)	'的书'	13482
13246	(1030, 3775)	' 1970'	13483
13247	(1090, 1656)	' throwing'	13484
13248	(419, 10190)	' console'	13485
13249	(432, 1222)	'thank'	13486
13250	(1634, 455)	'四个'	13487
13251	(2885, 8784)	'威廉'	13488
13252	(2801, 1032)	'現代'	13489
13253	(5626, 1632)	'享受'	13490
13254	(1229, 3910)	'球隊'	13491
13255	(324, 571)	'是要'	13492
13256	(1207, 1186)	'拉克'	13494
13257	(4575, 4404)	' Perhaps'	13495
13258	(2466, 1297)	' painful'	13496
13259	(359, 2314)	'不足'	13497
13260	(3591, 5339)	'楚乔'	13498
13261	(4050, 837)	'ictionary'	13499
13262	(6972, 6972)	'kkkk'	13500
13263	(3897, 128)	'蜀'	13501
13264	(1310, 138)	'楊'	13502
13265	(1028, 2501)	'海軍'	13503
13266	(4229, 694)	' reactions'	13504
13267	(386, 145)	'契'	13505
13268	(366, 314)	' Ast'	13506
13269	(1818, 149)	'硕'	13507
13270	(4321, 3363)	'傳統'	13508
13271	(276, 955)	' buck'	13509
13272	(4187, 442)	' consumers'	13510
13273	(580, 876)	'都被'	13511
13274	(1081, 131)	'勃'	13512
13275	(434, 346)	' Put'	13513
13276	(384, 698)	'ifice'	13515
13277	(808, 683)	'英里'	13516
13278	(598, 594)	'agine'	13517
13279	(529, 2468)	" they'd"	13518
13280	(916, 1814)	'而言'	13519
13281	(684, 7629)	'出轨'	13520
13282	(791, 4280)	'西南部'	13521
13283	(4367, 165)	'鳥'	13522
13284	(3184, 287)	' existed'	13523
13285	(1166, 1677)	'合并'	13524
13286	(45, 57)	'-9'	13525
13287	(522, 1497)	' Ess'	13526
13288	(2884, 14207)	' Friday'	13527
13289	(9235, 343)	' holiday'	13528
13290	(2597, 184)	'輸'	13529
13291	(3657, 265)	' officer'	13530
13292	(522, 9313)	' Eastern'	13531
13293	(443, 115)	' pros'	13532
13294	(1967, 14037)	'bsolute'	13533
13295	(286, 656)	'also'	13534
13296	(1024, 14096)	' i.e'	13535
13297	(496, 401)	' alter'	13536
13298	(1878, 412)	'站在'	13537
13299	(70, 70)	'FF'	13538
13300	(439, 115)	'abs'	13539
13301	(783, 14210)	' controvers'	13540
13302	(6227, 2862)	'貌似'	13541
13303	(1187, 899)	'外面'	13542
13304	(477, 147)	'讓'	13543
13305	(450, 120)	'rix'	13544
13306	(117, 1354)	'uits'	13545
13307	(294, 1675)	'的都是'	13546
13308	(441, 1271)	'中间'	13547
13309	(1287, 115)	'ocks'	13548
13310	(1116, 98)	' Heb'	13549
13311	(258, 1322)	'health'	13550
13312	(1561, 823)	' world’s'	13551
13313	(741, 530)	'成就'	13552
13314	(731, 110)	'aren'	13553
13315	(749, 267)	' feat'	13554
13316	(256, 269)	' tou'	13555
13317	(5921, 378)	' translation'	13556
13318	(296, 403)	' inher'	13557
13319	(2559, 893)	' Club'	13558
13320	(598, 1801)	'agger'	13559
13321	(533, 312)	'elve'	13560
13322	(288, 7774)	' density'	13561
13323	(279, 2165)	' fired'	13562
13324	(1278, 899)	'表面'	13563
13325	(674, 7417)	' enforce'	13564
13326	(548, 1982)	' plug'	13565
13327	(418, 352)	' mold'	13566
13328	(264, 6125)	' session'	13567
13329	(2234, 4023)	' damaged'	13568
13330	(805, 140)	'舌'	13569
13331	(1487, 4523)	'江蘇'	13570
13332	(270, 1001)	'itors'	13571
13333	(3851, 287)	' employed'	13572
13334	(5109, 1380)	' mechanism'	13573
13335	(1148, 277)	' bran'	13574
13336	(14235, 2129)	b'\xe4\xb8\xba\xe8\xbe\x90\xe9\xb3\x8d\xe9\xb1\xbc\xe7\xba\xb2\xe9\xb2'	13575
13337	(45, 2021)	'-cent'	13576
13338	(14234, 372)	'olesterol'	13577
13339	(10757, 2722)	' athlet'	13578
13340	(781, 629)	'最多'	13579
13341	(1292, 6602)	'打电话'	13580
13342	(2516, 1970)	'汉族'	13581
13343	(283, 7972)	' papers'	13582
13344	(625, 3446)	' outcome'	13583
13345	(1374, 182)	'娶'	13584
13346	(2535, 1080)	' Before'	13585
13347	(1148, 6683)	' branch'	13586
13348	(611, 1478)	'到现在'	13587
13349	(1227, 1177)	'让她'	13589
13350	(434, 1753)	' Prop'	13590
13351	(840, 358)	'never'	13591
13352	(3374, 4303)	' photograph'	13592
13353	(444, 3045)	'大众'	13593
13354	(1267, 184)	'裸'	13594
13355	(381, 191)	'卿'	13595
13356	(1983, 8165)	'平方千米'	13596
13357	(344, 391)	' Too'	13597
13358	(7689, 1248)	' arrange'	13598
13359	(5836, 519)	'iosity'	13599
13360	(590, 312)	'ieve'	13600
13361	(535, 1424)	' Ref'	13601
13362	(552, 287)	'orted'	13602
13363	(888, 97)	' beta'	13603
13364	(1183, 2698)	'工業'	13604
13365	(1254, 1412)	' Young'	13605
13366	(815, 1083)	'想着'	13606
13367	(332, 143)	'乏'	13607
13368	(2821, 1015)	'食物'	13608
13369	(7817, 1214)	'饰演'	13609
13370	(464, 69)	' HE'	13610
13371	(542, 327)	' Low'	13611
13372	(2534, 1189)	'-cont'	13612
13373	(6424, 1589)	' institution'	13613
13374	(1507, 2147)	' personality'	13614
13375	(1389, 281)	' pointing'	13615
13376	(4190, 977)	' recognition'	13616
13377	(429, 1351)	' rational'	13617
13378	(4866, 1233)	' irrit'	13618
13379	(285, 1801)	' anger'	13619
13380	(3391, 792)	'arrass'	13620
13381	(3180, 10687)	' colleagues'	13621
13382	(5998, 115)	' forests'	13622
13383	(7199, 796)	'针对'	13623
13384	(441, 686)	'中学'	13624
13385	(1118, 139)	'韋'	13625
13386	(2520, 14198)	' parallel'	13626
13387	(6995, 7925)	' scenario'	13627
13388	(1892, 177)	'饱'	13628
13389	(2037, 141)	'碍'	13629
13390	(14236, 7518)	'新加坡'	13630
13391	(8198, 275)	' Queen'	13631
13392	(657, 733)	'ogical'	13632
13393	(366, 3867)	' ALL'	13633
13394	(270, 1313)	'itative'	13634
13395	(6837, 5681)	' scholar'	13635
13396	(7451, 1682)	'igrants'	13636
13397	(283, 659)	' pink'	13637
13398	(436, 171)	'劫'	13638
13399	(856, 156)	'姜'	13639
13400	(368, 489)	' Squ'	13640
13401	(920, 267)	' coat'	13641
13402	(264, 639)	' sake'	13642
13403	(7221, 5289)	' instruments'	13643
13404	(289, 892)	' toile'	13644
13405	(1552, 171)	'疫'	13645
13406	(1670, 301)	' medic'	13646
13407	(1191, 4942)	' relief'	13647
13408	(2457, 66)	' QB'	13648
13409	(359, 1172)	'不爱'	13649
13410	(565, 2951)	'好久'	13650
13411	(815, 780)	'想去'	13651
13412	(1179, 377)	'给了'	13652
13413	(2116, 1457)	'支流'	13653
13414	(425, 1113)	' Boy'	13654
13415	(642, 109)	'perm'	13655
13416	(8206, 2373)	' hydrogen'	13656
13417	(5801, 3268)	' derived'	13657
13418	(279, 1354)	' fits'	13658
13419	(385, 2318)	'有很多'	13659
13420	(420, 169)	'扩'	13660
13421	(99, 115)	'cs'	13661
13422	(10463, 2571)	' discrimination'	13662
13423	(4632, 2790)	'颜值'	13663
13424	(1620, 2349)	'气质'	13664
13425	(117, 277)	'uan'	13665
13426	(895, 110)	'atern'	13666
13427	(3069, 1485)	' Prote'	13667
13428	(8516, 832)	'-level'	13668
13429	(463, 1858)	' Wars'	13669
13430	(314, 1456)	'stract'	13670
13431	(813, 8851)	' uniform'	13671
13432	(1593, 270)	' entit'	13672
13433	(1029, 2766)	' recover'	13673
13434	(725, 1672)	'公布'	13674
13435	(341, 138)	'吊'	13675
13436	(681, 302)	'ansas'	13676
13437	(5405, 3411)	' accuracy'	13677
13438	(2098, 691)	' passage'	13678
13439	(721, 177)	'俱'	13679
13440	(1139, 565)	'做好'	13680
13441	(1058, 4743)	'无聊'	13681
13442	(1320, 161)	'荡'	13682
13443	(388, 104)	' ash'	13683
13444	(3146, 437)	' operate'	13684
13445	(279, 6371)	' fulf'	13685
13446	(1257, 7730)	'化妆'	13686
13447	(8877, 2918)	'允许'	13687
13448	(409, 382)	' Mur'	13688
13449	(1826, 145)	'傑'	13689
13450	(1831, 14220)	'张无忌'	13690
13451	(4657, 351)	' Glad'	13691
13452	(99, 553)	'card'	13692
13453	(8153, 360)	' stretch'	13693
13454	(776, 397)	" who's"	13694
13455	(1093, 365)	'等人'	13695
13456	(353, 594)	'amine'	13696
13457	(279, 265)	' fer'	13697
13458	(476, 265)	' jer'	13698
13459	(1667, 495)	' insight'	13699
13460	(1278, 1447)	'表白'	13700
13461	(790, 441)	'心中'	13701
13462	(56, 49)	'81'	13702
13463	(95, 100)	'_d'	13703
13464	(777, 2627)	' disaster'	13704
13465	(920, 1410)	' coins'	13705
13466	(1053, 1932)	'定义'	13706
13467	(969, 821)	'同名'	13707
13468	(1052, 892)	'obile'	13708
13469	(2215, 9980)	' basket'	13709
13470	(579, 183)	'闷'	13710
13471	(1365, 603)	'是一家'	13712
13472	(274, 265)	'iser'	13713
13473	(7232, 14227)	' Jerusalem'	13714
13474	(838, 378)	'ocation'	13715
13475	(693, 963)	'天文'	13716
13476	(1105, 133)	'禅'	13717
13477	(366, 104)	' Ah'	13718
13478	(387, 69)	' CE'	13719
13479	(1448, 1187)	'此外'	13720
13480	(2467, 5458)	'复杂'	13721
13481	(6706, 533)	'aniel'	13722
13482	(10856, 396)	' fossil'	13723
13483	(579, 186)	'闺'	13724
13484	(741, 1054)	'成长'	13725
13485	(387, 327)	' Cow'	13726
13486	(396, 948)	'ilty'	13727
13487	(7027, 114)	' administr'	13728
13488	(320, 185)	'夹'	13729
13489	(337, 136)	'迈'	13730
13490	(390, 100)	' withd'	13731
13491	(8311, 404)	'Check'	13732
13492	(947, 6013)	'理論'	13733
13493	(2136, 118)	' Prov'	13734
13494	(10031, 111)	'Two'	13735
13495	(505, 175)	'弯'	13736
13496	(1180, 6043)	'回忆'	13737
13497	(356, 265)	'iger'	13738
13498	(77, 639)	'Make'	13739
13499	(531, 65)	' NA'	13740
13500	(707, 188)	'贼'	13741
13501	(14240, 833)	'俱乐部'	13742
13502	(117, 102)	'uf'	13743
13503	(2894, 814)	'roduction'	13744
13504	(372, 115)	'ols'	13745
13505	(1641, 5298)	' intervention'	13746
13506	(496, 1506)	' alarm'	13747
13507	(443, 1082)	' proved'	13748
13508	(587, 157)	'攝'	13749
13509	(6148, 157)	'謝'	13750
13510	(542, 121)	' Ly'	13751
13511	(4301, 1545)	'森林'	13752
13512	(682, 2775)	'1960'	13753
13513	(98, 336)	'bid'	13754
13514	(425, 69)	' BE'	13755
13515	(300, 639)	' lake'	13756
13516	(796, 399)	'对我'	13757
13517	(876, 4712)	'被称为'	13758
13518	(56, 50)	'82'	13759
13519	(233, 136)	b'\xe9\x88'	13760
13520	(1538, 152)	'痘'	13761
13521	(766, 1283)	'事业'	13762
13522	(1943, 361)	' Force'	13763
13523	(881, 1486)	'rency'	13764
13524	(6314, 502)	' replacement'	13766
13525	(822, 1594)	' resident'	13767
13526	(1041, 121)	' roy'	13768
13527	(79, 72)	'OH'	13769
13528	(3292, 733)	' radical'	13770
13529	(2812, 68)	' XD'	13771
13530	(427, 9301)	' deeper'	13772
13531	(470, 159)	'哟'	13773
13532	(769, 287)	'iped'	13774
13533	(707, 184)	'贸'	13775
13534	(4242, 365)	'的女人'	13776
13535	(1270, 785)	'原本'	13777
13536	(395, 509)	'rape'	13778
13537	(1234, 275)	'ften'	13779
13538	(4187, 265)	' consumer'	13780
13539	(884, 2204)	'高级'	13781
13540	(1399, 181)	'堵'	13782
13541	(2275, 2422)	' Indians'	13783
13542	(963, 3064)	'文艺'	13784
13543	(1015, 2269)	'物種'	13785
13544	(387, 2073)	' Cross'	13786
13545	(490, 598)	' vag'	13787
13546	(344, 82)	' TR'	13788
13547	(2397, 334)	' electro'	13789
13548	(256, 1005)	' twe'	13790
13549	(715, 139)	'埋'	13791
13550	(3064, 365)	'艺人'	13792
13551	(68, 8421)	'Definitely'	13793
13552	(283, 3312)	' punch'	13794
13553	(627, 365)	'他人'	13795
13554	(294, 629)	'的多'	13796
13555	(867, 4067)	'美丽'	13797
13556	(595, 97)	'iva'	13798
13557	(6148, 155)	'講'	13799
13558	(4633, 115)	' targets'	13800
13559	(741, 413)	'成年'	13801
13560	(592, 137)	'炉'	13802
13561	(1251, 182)	'胶'	13803
13562	(525, 184)	'寸'	13804
13563	(4142, 5194)	'選舉'	13805
13564	(3147, 442)	' writers'	13806
13565	(308, 2842)	' gained'	13807
13566	(2666, 2314)	'满足'	13808
13567	(412, 699)	'在于'	13809
13568	(6568, 1121)	'河南省'	13810
13569	(7955, 766)	'董事'	13811
13570	(4232, 1947)	'當時'	13812
13571	(2648, 3125)	' films'	13813
13572	(368, 7710)	' Santa'	13814
13573	(3641, 3902)	' destruction'	13815
13574	(1187, 294)	'外的'	13816
13575	(523, 82)	' FR'	13817
13576	(481, 97)	' Da'	13818
13577	(304, 5241)	' Iran'	13819
13578	(1789, 508)	' cares'	13820
13579	(2506, 2506)	'狗狗'	13821
13580	(2037, 179)	'碳'	13822
13581	(370, 286)	'iral'	13824
13582	(1137, 1625)	'哪儿'	13825
13583	(2432, 172)	'熬'	13826
13584	(515, 187)	'冻'	13827
13585	(66, 68)	'BD'	13829
13586	(870, 5947)	' permission'	13830
13587	(443, 4858)	' prohib'	13831
13588	(627, 623)	'他说'	13832
13589	(377, 530)	'了就'	13833
13590	(104, 351)	'had'	13834
13591	(838, 4586)	'ockey'	13835
13592	(72, 6545)	'Happy'	13836
13593	(260, 114)	'rer'	13837
13594	(366, 1146)	' Agr'	13838
13595	(78, 1485)	'Note'	13839
13596	(2045, 1325)	' statements'	13840
13597	(2908, 14204)	' calcium'	13841
13598	(282, 3666)	' mask'	13842
13599	(2865, 595)	' cultiv'	13843
13600	(109, 906)	'mond'	13844
13601	(880, 51)	' 33'	13845
13602	(32, 7515)	' icon'	13846
13603	(4448, 2372)	' Seriously'	13847
13604	(1138, 159)	'糟'	13848
13605	(1018, 1270)	'平原'	13849
13606	(3403, 104)	'hhh'	13850
13607	(817, 2116)	'分支'	13851
13608	(99, 114)	'cr'	13852
13609	(97, 451)	'aus'	13853
13610	(377, 952)	'了啊'	13854
13611	(1049, 4117)	'新浪'	13855
13612	(1810, 142)	'猎'	13856
13613	(14243, 872)	'土耳其'	13857
13614	(759, 2878)	'法蘭'	13858
13615	(523, 10276)	' Family'	13859
13616	(273, 2103)	' cott'	13860
13617	(1490, 138)	'菊'	13861
13618	(362, 158)	'诞'	13862
13619	(8039, 1121)	'安徽省'	13863
13620	(2826, 642)	' Exper'	13864
13621	(813, 307)	' union'	13865
13622	(84, 82)	'TR'	13866
13623	(98, 382)	'bur'	13867
13624	(409, 65)	' MA'	13868
13625	(3314, 513)	' objective'	13869
13626	(3329, 115)	' texts'	13870
13627	(5702, 8906)	'介绍'	13871
13628	(7216, 498)	' Again'	13872
13629	(105, 703)	'iated'	13873
13630	(270, 4627)	'itivity'	13874
13631	(938, 129)	'趁'	13875
13632	(9989, 1681)	'纠结'	13876
13633	(504, 1333)	'国王'	13877
13634	(2037, 186)	'確'	13878
13635	(67, 291)	'Car'	13879
13636	(1134, 4169)	'相互'	13880
13637	(1191, 378)	' relation'	13881
13638	(947, 1183)	'理工'	13882
13639	(2984, 620)	'來自'	13883
13640	(256, 2864)	' tape'	13884
13641	(405, 301)	'opic'	13885
13642	(7873, 4380)	'執導'	13886
13643	(322, 1468)	' recept'	13887
13644	(2090, 356)	' config'	13888
13645	(6236, 779)	'操作'	13889
13646	(2969, 9820)	'莫斯科'	13890
13647	(11175, 306)	' gentle'	13891
13648	(119, 277)	'wan'	13892
13649	(14212, 841)	' tongue'	13893
13650	(1755, 11002)	' artificial'	13894
13651	(1600, 7381)	'接触'	13895
13652	(74, 4088)	'Jesus'	13896
13653	(280, 733)	'orical'	13897
13654	(7033, 142)	'鮎'	13898
13655	(104, 451)	'hus'	13899
13656	(2756, 943)	'研究所'	13900
13657	(490, 275)	' ven'	13901
13658	(1015, 2349)	'物质'	13902
13659	(372, 110)	'oln'	13903
13660	(399, 2714)	'我只是'	13904
13661	(482, 1060)	'这不是'	13905
13662	(412, 1448)	'在此'	13906
13663	(70, 65)	'FA'	13907
13664	(464, 372)	' Hol'	13908
13665	(859, 275)	' Ken'	13909
13666	(301, 1264)	'icular'	13910
13667	(1132, 467)	' accum'	13911
13668	(2487, 1961)	' markets'	13912
13669	(1940, 171)	'茫'	13913
13670	(336, 847)	'idance'	13914
13671	(297, 567)	' hast'	13915
13672	(334, 335)	'rose'	13916
13673	(434, 3552)	' Penn'	13917
13674	(764, 5557)	' composition'	13918
13675	(1593, 114)	' entr'	13919
13676	(11241, 2427)	' conventional'	13920
13677	(4755, 115)	' reviews'	13921
13678	(108, 302)	'las'	13922
13679	(300, 485)	' los'	13923
13680	(6251, 1123)	' hunting'	13924
13681	(8837, 313)	' unlikely'	13925
13682	(4361, 278)	' boxes'	13926
13683	(515, 136)	'冈'	13927
13684	(1081, 162)	'勢'	13928
13685	(2514, 917)	'Nothing'	13929
13686	(409, 68)	' MD'	13930
13687	(724, 280)	'apor'	13931
13688	(463, 5359)	' Works'	13932
13689	(1477, 313)	' differently'	13933
13690	(1830, 287)	' informed'	13934
13691	(46, 109)	'.m'	13935
13692	(710, 3703)	' anybody'	13936
13693	(326, 116)	' yout'	13937
13694	(815, 623)	'想说'	13938
13695	(2535, 281)	' Being'	13939
13696	(260, 102)	'ref'	13940
13697	(112, 2185)	'parent'	13941
13698	(2875, 3251)	' THIS'	13942
13699	(6501, 3604)	' laboratory'	13943
13700	(547, 145)	'惑'	13944
13701	(1028, 4368)	'海岸'	13945
13702	(2086, 191)	'鸿'	13946
13703	(5640, 5441)	'危险'	13947
13704	(49, 487)	'120'	13948
13705	(83, 1089)	'Ste'	13949
13706	(2597, 149)	'輕'	13950
13707	(2502, 50)	'1982'	13951
13708	(1517, 281)	' mining'	13952
13709	(486, 141)	'耍'	13953
13710	(531, 2332)	' Nov'	13954
13711	(10560, 2165)	' inspired'	13955
13712	(2222, 377)	'看到了'	13956
13713	(1335, 2720)	'十八'	13957
13714	(1995, 6043)	'记忆'	13958
13715	(1004, 5158)	'特別'	13959
13716	(5109, 733)	' mechanical'	13960
13717	(1749, 117)	'flu'	13961
13718	(14241, 635)	' slavery'	13962
13719	(2002, 287)	' resulted'	13963
13720	(369, 5766)	' healing'	13964
13721	(1569, 5823)	'反應'	13965
13722	(279, 117)	' fu'	13966
13723	(1041, 1106)	' roles'	13967
13724	(3213, 281)	' picking'	13968
13725	(1691, 2928)	'进步'	13969
13726	(2962, 1283)	'创业'	13970
13727	(1185, 1060)	'又不是'	13971
13728	(2490, 785)	'资本'	13972
13729	(425, 351)	' Bad'	13973
13730	(387, 7866)	' CPU'	13974
13731	(1254, 14217)	' YouTube'	13975
13732	(6071, 2080)	' declared'	13976
13733	(7691, 589)	' folks'	13977
13734	(7552, 1058)	'毫无'	13978
13735	(780, 1067)	'去世'	13979
13736	(444, 591)	'大会'	13980
13737	(796, 438)	'对你'	13981
13738	(6994, 8506)	'海拔高度'	13982
13739	(280, 982)	'orious'	13983
13740	(387, 260)	' Cre'	13984
13741	(14019, 1111)	' involving'	13985
13742	(6551, 14242)	'墨西哥'	13986
13743	(72, 82)	'HR'	13987
13744	(10551, 1001)	' errors'	13988
13745	(268, 905)	' wings'	13989
13746	(10636, 1465)	' fabric'	13990
13747	(359, 716)	'不下'	13991
13748	(4110, 6958)	'谈恋爱'	13992
13749	(80, 115)	'Ps'	13993
13750	(3385, 1169)	' Next'	13994
13751	(802, 323)	' agent'	13995
13752	(288, 2776)	' dental'	13996
13753	(783, 2842)	' contained'	13997
13754	(294, 952)	'的啊'	13998
13755	(3082, 324)	'亦是'	13999
13756	(2256, 278)	'ikes'	14000
13757	(2328, 728)	' driven'	14001
13758	(713, 823)	' there’s'	14002
13759	(759, 1438)	'法院'	14003
13760	(2352, 1237)	' Death'	14004
13761	(425, 835)	' Bell'	14005
13762	(792, 278)	'asses'	14006
13763	(825, 2438)	' spots'	14007
13764	(717, 148)	'渔'	14008
13765	(481, 9188)	' Dutch'	14009
13766	(270, 9220)	'itudes'	14010
13767	(1481, 775)	'从小'	14011
13768	(4524, 301)	' Music'	14012
13769	(346, 378)	'utation'	14013
13770	(523, 552)	' Fort'	14014
13771	(542, 5649)	' Liber'	14015
13772	(283, 1204)	' pup'	14016
13773	(4980, 1446)	' Pretty'	14017
13774	(388, 99)	' asc'	14018
13775	(257, 14226)	" ain't"	14019
13776	(256, 552)	' tort'	14020
13777	(421, 4818)	' sections'	14021
13778	(399, 349)	'我一'	14022
13779	(2376, 3045)	'群众'	14023
13780	(1718, 2939)	'保证'	14024
13781	(739, 131)	'跃'	14025
13782	(5419, 1906)	'祝福'	14026
13783	(1020, 2239)	'三角'	14027
13784	(3802, 9132)	'是一种怎样的体验'	14028
13785	(366, 763)	' Acc'	14029
13786	(1875, 53)	' 95'	14030
13787	(2264, 1120)	' purple'	14031
13788	(2490, 3742)	'资料'	14032
13789	(1228, 578)	'怎么看'	14033
13790	(491, 32)	'   '	14034
13791	(2018, 7142)	' breeding'	14035
13792	(14211, 14239)	'咖啡'	14036
13793	(780, 413)	'去年'	14037
13794	(626, 1153)	'也就是'	14038
13795	(1140, 1111)	' serving'	14039
13796	(1944, 3875)	' drinks'	14040
13797	(1487, 944)	'江南'	14041
13798	(1406, 2133)	' acids'	14042
13799	(4420, 14065)	'Unfortunately'	14043
13800	(10876, 3397)	' ingredients'	14044
13801	(851, 142)	'階'	14045
13802	(7227, 426)	'charge'	14046
13803	(522, 489)	' Equ'	14047
13804	(429, 384)	' rif'	14048
13805	(474, 3962)	' memor'	14049
13806	(677, 1051)	'还没有'	14050
13807	(356, 101)	'ige'	14051
13808	(464, 68)	' HD'	14052
13809	(67, 382)	'Cur'	14053
13810	(5630, 2096)	' diagnosed'	14054
13811	(752, 191)	'偿'	14055
13812	(1219, 161)	'锡'	14056
13813	(324, 5371)	'是怎样的'	14057
13814	(1326, 699)	'建于'	14058
13815	(83, 345)	'Sim'	14059
13816	(78, 83)	'NS'	14060
13817	(5997, 281)	' challenging'	14061
13818	(1584, 1864)	'色列'	14062
13819	(1011, 1657)	'比亚'	14063
13820	(79, 75)	'OK'	14064
13821	(2153, 115)	'hips'	14065
13822	(2387, 281)	' reporting'	14066
13823	(848, 452)	' grant'	14067
13824	(1544, 962)	" We're"	14068
13825	(660, 978)	'得知'	14069
13826	(2137, 725)	'办公'	14070
13827	(6401, 1190)	'尼亚州'	14071
13828	(2052, 141)	'藍'	14072
13829	(429, 1842)	' rivers'	14073
13830	(5933, 5168)	'键盘'	14074
13831	(950, 191)	'肿'	14075
13832	(717, 138)	'渊'	14076
13833	(330, 1643)	'etts'	14077
13834	(260, 99)	'rec'	14078
13835	(429, 467)	' rum'	14079
13836	(6707, 1250)	' graphics'	14080
13837	(522, 1687)	' Effect'	14081
13838	(308, 553)	' gard'	14082
13839	(2765, 412)	'一直在'	14083
13840	(7899, 365)	'主持人'	14084
13841	(444, 793)	'大道'	14085
13842	(2559, 259)	' Clin'	14086
13843	(382, 1642)	'urday'	14087
13844	(297, 769)	' hip'	14088
13845	(7075, 4078)	' Obama'	14089
13846	(6522, 576)	'break'	14090
13847	(523, 65)	' FA'	14091
13848	(369, 2087)	" he'll"	14092
13849	(629, 1099)	'多次'	14093
13850	(8845, 1257)	'氧化'	14094
13851	(7033, 174)	'鮮'	14095
13852	(1230, 585)	'的人生'	14096
13853	(420, 135)	'扇'	14097
13854	(2462, 2210)	'需求'	14098
13855	(14238, 14229)	'體長可達'	14099
13856	(2037, 145)	'碑'	14100
13857	(1699, 166)	'試'	14101
13858	(421, 278)	' sees'	14102
13859	(3168, 1610)	' Edward'	14103
13860	(14237, 14221)	'体长可达'	14104
13861	(288, 323)	' dent'	14106
13862	(14201, 1097)	' unusual'	14107
13863	(1525, 442)	' meters'	14108
13864	(325, 484)	' isnt'	14109
13865	(190, 1620)	b'\xbe\xe6\xb0\x94'	14110
13866	(1867, 294)	'属的'	14111
13867	(2061, 14222)	'希臘'	14112
13868	(524, 79)	' GO'	14113
13869	(705, 14228)	' peoples'	14115
13870	(256, 2550)	' terr'	14116
13871	(547, 167)	'惧'	14117
13872	(1647, 2396)	'指的是'	14118
13873	(5674, 577)	'Anyone'	14119
13874	(280, 754)	'orable'	14120
13875	(828, 191)	'稿'	14121
13876	(1219, 164)	'锤'	14122
13877	(5820, 1110)	'ymph'	14123
13878	(8830, 378)	' legislation'	14124
13879	(1722, 4478)	'提升'	14125
13880	(3583, 3235)	'规则'	14126
13881	(3099, 14060)	' Administ'	14127
13882	(409, 89)	' MY'	14128
13883	(7478, 1097)	' virtual'	14129
13884	(1846, 365)	'万人'	14130
13885	(831, 1594)	' incident'	14131
13886	(1073, 2316)	'手段'	14132
13887	(294, 693)	'的天'	14133
13888	(505, 165)	'弥'	14134
13889	(106, 105)	'ji'	14135
13890	(3603, 3776)	'行政中心'	14136
13891	(365, 3792)	'人類'	14137
13892	(478, 9866)	' karma'	14138
13893	(607, 666)	'ureau'	14139
13894	(359, 1063)	'不动'	14140
13895	(2669, 1529)	' physically'	14141
13896	(984, 138)	'坊'	14142
13897	(103, 302)	'gas'	14143
13898	(1188, 336)	' raid'	14144
13899	(992, 837)	' scary'	14145
13900	(1540, 1732)	'神社'	14146
13901	(118, 111)	'vo'	14147
13902	(6656, 1659)	'協會'	14148
13903	(387, 14208)	' Captain'	14149
13904	(97, 572)	'aci'	14150
13905	(542, 65)	' LA'	14151
13906	(5911, 703)	' integrated'	14152
13907	(5886, 3718)	' magnetic'	14153
13908	(840, 1332)	'necess'	14154
13909	(66, 449)	'Best'	14155
13910	(5439, 915)	'出生於'	14156
13911	(76, 68)	'LD'	14157
13912	(1358, 14215)	' obesity'	14158
13913	(1460, 689)	'基地'	14159
13914	(3696, 930)	'這些'	14160
13915	(2512, 4023)	' engaged'	14161
13916	(470, 146)	'哒'	14162
13917	(3895, 53)	'1945'	14163
13918	(98, 449)	'best'	14164
13919	(1059, 4215)	' underlying'	14165
13920	(1054, 1487)	'长江'	14166
13921	(3823, 860)	'姆斯'	14167
13922	(1781, 5224)	'管辖'	14168
13923	(2889, 55)	' 1997'	14169
13924	(1483, 156)	'綜'	14170
13925	(5331, 397)	" Let's"	14171
13926	(3536, 148)	'崔'	14172
13927	(759, 2102)	'法兰'	14173
13928	(6571, 903)	' Design'	14174
13929	(464, 302)	' Has'	14175
13930	(3819, 281)	' marketing'	14176
13931	(279, 1456)	' fract'	14177
13932	(10398, 2851)	' launched'	14178
13933	(2632, 833)	'總部'	14179
13934	(2456, 66)	' USB'	14180
13935	(270, 607)	'iture'	14181
13936	(593, 100)	'’d'	14182
13937	(5352, 3054)	' psychological'	14183
13938	(1540, 1027)	'神经'	14184
13939	(7739, 1420)	'程序员'	14185
13940	(1865, 161)	'財'	14186
13941	(288, 39)	" d'"	14187
13942	(1129, 2362)	' conserv'	14188
13943	(4382, 3785)	' kidney'	14189
13944	(3584, 336)	' epid'	14190
13945	(321, 905)	' beings'	14191
13946	(341, 149)	'吕'	14192
13947	(604, 128)	'陀'	14193
13948	(348, 179)	'″'	14194
13949	(1511, 53)	' 65'	14195
13950	(1793, 3899)	'运营'	14196
13951	(3740, 733)	' logical'	14197
13952	(294, 3894)	'的男人'	14198
13953	(1878, 1341)	'站至'	14199
13954	(731, 116)	'aret'	14200
13955	(481, 590)	' Die'	14201
13956	(880, 55)	' 37'	14202
13957	(5458, 3178)	'杂志'	14203
13958	(1392, 693)	'两天'	14204
13959	(810, 164)	'挤'	14205
13960	(2800, 173)	'潭'	14206
13961	(387, 3677)	' Chem'	14207
13962	(599, 14076)	' Ocean'	14208
13963	(3499, 2159)	'爸妈'	14209
13964	(276, 1363)	' banks'	14210
13965	(701, 14200)	' television'	14211
13966	(14115, 8515)	'科的其中一種'	14212
13967	(108, 263)	'lon'	14213
13968	(10171, 121)	' duty'	14214
13969	(262, 2839)	' theories'	14215
13970	(476, 97)	' ja'	14216
13971	(46, 424)	'.ht'	14217
13972	(1251, 131)	'胃'	14218
13973	(599, 14225)	' Olymp'	14219
13974	(14115, 4685)	'科的其中一种'	14220
13975	(1331, 411)	' regul'	14221
13976	(256, 533)	' tel'	14222
13977	(3538, 286)	' preval'	14223
13978	(499, 176)	'凰'	14224
13979	(270, 5642)	'itarian'	14225
13980	(276, 1669)	' bio'	14226
13981	(8038, 14118)	'栖息在'	14227
13982	(533, 281)	'eling'	14228
13983	(296, 4858)	' inhib'	14229
13984	(5635, 287)	' implemented'	14230
13985	(963, 1802)	'文件'	14231
13986	(689, 1102)	'地利'	14232
13987	(56, 52)	'84'	14233
13988	(107, 109)	'km'	14234
13989	(9787, 793)	'頻道'	14235
13990	(10246, 14118)	'棲息在'	14236
13991	(14244, 3399)	'该地的面积'	14237
13992	(14245, 3692)	'該地的面積'	14238
13993	(441, 1087)	'中山'	14239
13994	(2189, 1915)	'统计'	14240
13995	(10085, 1961)	' streets'	14241
13996	(-1, -1)	'<_EOS_>'	-1
13997	(-1, -1)	'<_SOS_>'	-1
13998	(-1, -1)	'<_SEP_>'	-1
13999	(-1, -1)	'<_PAD_>'	-1
