0	(-1, -1)	b'\x00'	-1
1	(-1, -1)	b'\x01'	-1
2	(-1, -1)	b'\x02'	-1
3	(-1, -1)	b'\x03'	-1
4	(-1, -1)	b'\x04'	-1
5	(-1, -1)	b'\x05'	-1
6	(-1, -1)	b'\x06'	-1
7	(-1, -1)	b'\x07'	-1
8	(-1, -1)	b'\x08'	-1
9	(-1, -1)	b'\t'	-1
10	(-1, -1)	b'\n'	-1
11	(-1, -1)	b'\x0b'	-1
12	(-1, -1)	b'\x0c'	-1
13	(-1, -1)	b'\r'	-1
14	(-1, -1)	b'\x0e'	-1
15	(-1, -1)	b'\x0f'	-1
16	(-1, -1)	b'\x10'	-1
17	(-1, -1)	b'\x11'	-1
18	(-1, -1)	b'\x12'	-1
19	(-1, -1)	b'\x13'	-1
20	(-1, -1)	b'\x14'	-1
21	(-1, -1)	b'\x15'	-1
22	(-1, -1)	b'\x16'	-1
23	(-1, -1)	b'\x17'	-1
24	(-1, -1)	b'\x18'	-1
25	(-1, -1)	b'\x19'	-1
26	(-1, -1)	b'\x1a'	-1
27	(-1, -1)	b'\x1b'	-1
28	(-1, -1)	b'\x1c'	-1
29	(-1, -1)	b'\x1d'	-1
30	(-1, -1)	b'\x1e'	-1
31	(-1, -1)	b'\x1f'	-1
32	(-1, -1)	' '	-1
33	(-1, -1)	'!'	-1
34	(-1, -1)	'"'	-1
35	(-1, -1)	'#'	-1
36	(-1, -1)	'$'	-1
37	(-1, -1)	'%'	-1
38	(-1, -1)	'&'	-1
39	(-1, -1)	"'"	-1
40	(-1, -1)	'('	-1
41	(-1, -1)	')'	-1
42	(-1, -1)	'*'	-1
43	(-1, -1)	'+'	-1
44	(-1, -1)	','	-1
45	(-1, -1)	'-'	-1
46	(-1, -1)	'.'	-1
47	(-1, -1)	'/'	-1
48	(-1, -1)	'0'	-1
49	(-1, -1)	'1'	-1
50	(-1, -1)	'2'	-1
51	(-1, -1)	'3'	-1
52	(-1, -1)	'4'	-1
53	(-1, -1)	'5'	-1
54	(-1, -1)	'6'	-1
55	(-1, -1)	'7'	-1
56	(-1, -1)	'8'	-1
57	(-1, -1)	'9'	-1
58	(-1, -1)	':'	-1
59	(-1, -1)	';'	-1
60	(-1, -1)	'<'	-1
61	(-1, -1)	'='	-1
62	(-1, -1)	'>'	-1
63	(-1, -1)	'?'	-1
64	(-1, -1)	'@'	-1
65	(-1, -1)	'A'	-1
66	(-1, -1)	'B'	-1
67	(-1, -1)	'C'	-1
68	(-1, -1)	'D'	-1
69	(-1, -1)	'E'	-1
70	(-1, -1)	'F'	-1
71	(-1, -1)	'G'	-1
72	(-1, -1)	'H'	-1
73	(-1, -1)	'I'	-1
74	(-1, -1)	'J'	-1
75	(-1, -1)	'K'	-1
76	(-1, -1)	'L'	-1
77	(-1, -1)	'M'	-1
78	(-1, -1)	'N'	-1
79	(-1, -1)	'O'	-1
80	(-1, -1)	'P'	-1
81	(-1, -1)	'Q'	-1
82	(-1, -1)	'R'	-1
83	(-1, -1)	'S'	-1
84	(-1, -1)	'T'	-1
85	(-1, -1)	'U'	-1
86	(-1, -1)	'V'	-1
87	(-1, -1)	'W'	-1
88	(-1, -1)	'X'	-1
89	(-1, -1)	'Y'	-1
90	(-1, -1)	'Z'	-1
91	(-1, -1)	'['	-1
92	(-1, -1)	'\\'	-1
93	(-1, -1)	']'	-1
94	(-1, -1)	'^'	-1
95	(-1, -1)	'_'	-1
96	(-1, -1)	'`'	-1
97	(-1, -1)	'a'	-1
98	(-1, -1)	'b'	-1
99	(-1, -1)	'c'	-1
100	(-1, -1)	'd'	-1
101	(-1, -1)	'e'	-1
102	(-1, -1)	'f'	-1
103	(-1, -1)	'g'	-1
104	(-1, -1)	'h'	-1
105	(-1, -1)	'i'	-1
106	(-1, -1)	'j'	-1
107	(-1, -1)	'k'	-1
108	(-1, -1)	'l'	-1
109	(-1, -1)	'm'	-1
110	(-1, -1)	'n'	-1
111	(-1, -1)	'o'	-1
112	(-1, -1)	'p'	-1
113	(-1, -1)	'q'	-1
114	(-1, -1)	'r'	-1
115	(-1, -1)	's'	-1
116	(-1, -1)	't'	-1
117	(-1, -1)	'u'	-1
118	(-1, -1)	'v'	-1
119	(-1, -1)	'w'	-1
120	(-1, -1)	'x'	-1
121	(-1, -1)	'y'	-1
122	(-1, -1)	'z'	-1
123	(-1, -1)	'{'	-1
124	(-1, -1)	'|'	-1
125	(-1, -1)	'}'	-1
126	(-1, -1)	'~'	-1
127	(-1, -1)	'\x7f'	-1
128	(-1, -1)	b'\x80'	-1
129	(-1, -1)	b'\x81'	-1
130	(-1, -1)	b'\x82'	-1
131	(-1, -1)	b'\x83'	-1
132	(-1, -1)	b'\x84'	-1
133	(-1, -1)	b'\x85'	-1
134	(-1, -1)	b'\x86'	-1
135	(-1, -1)	b'\x87'	-1
136	(-1, -1)	b'\x88'	-1
137	(-1, -1)	b'\x89'	-1
138	(-1, -1)	b'\x8a'	-1
139	(-1, -1)	b'\x8b'	-1
140	(-1, -1)	b'\x8c'	-1
141	(-1, -1)	b'\x8d'	-1
142	(-1, -1)	b'\x8e'	-1
143	(-1, -1)	b'\x8f'	-1
144	(-1, -1)	b'\x90'	-1
145	(-1, -1)	b'\x91'	-1
146	(-1, -1)	b'\x92'	-1
147	(-1, -1)	b'\x93'	-1
148	(-1, -1)	b'\x94'	-1
149	(-1, -1)	b'\x95'	-1
150	(-1, -1)	b'\x96'	-1
151	(-1, -1)	b'\x97'	-1
152	(-1, -1)	b'\x98'	-1
153	(-1, -1)	b'\x99'	-1
154	(-1, -1)	b'\x9a'	-1
155	(-1, -1)	b'\x9b'	-1
156	(-1, -1)	b'\x9c'	-1
157	(-1, -1)	b'\x9d'	-1
158	(-1, -1)	b'\x9e'	-1
159	(-1, -1)	b'\x9f'	-1
160	(-1, -1)	b'\xa0'	-1
161	(-1, -1)	b'\xa1'	-1
162	(-1, -1)	b'\xa2'	-1
163	(-1, -1)	b'\xa3'	-1
164	(-1, -1)	b'\xa4'	-1
165	(-1, -1)	b'\xa5'	-1
166	(-1, -1)	b'\xa6'	-1
167	(-1, -1)	b'\xa7'	-1
168	(-1, -1)	b'\xa8'	-1
169	(-1, -1)	b'\xa9'	-1
170	(-1, -1)	b'\xaa'	-1
171	(-1, -1)	b'\xab'	-1
172	(-1, -1)	b'\xac'	-1
173	(-1, -1)	b'\xad'	-1
174	(-1, -1)	b'\xae'	-1
175	(-1, -1)	b'\xaf'	-1
176	(-1, -1)	b'\xb0'	-1
177	(-1, -1)	b'\xb1'	-1
178	(-1, -1)	b'\xb2'	-1
179	(-1, -1)	b'\xb3'	-1
180	(-1, -1)	b'\xb4'	-1
181	(-1, -1)	b'\xb5'	-1
182	(-1, -1)	b'\xb6'	-1
183	(-1, -1)	b'\xb7'	-1
184	(-1, -1)	b'\xb8'	-1
185	(-1, -1)	b'\xb9'	-1
186	(-1, -1)	b'\xba'	-1
187	(-1, -1)	b'\xbb'	-1
188	(-1, -1)	b'\xbc'	-1
189	(-1, -1)	b'\xbd'	-1
190	(-1, -1)	b'\xbe'	-1
191	(-1, -1)	b'\xbf'	-1
192	(-1, -1)	b'\xc0'	-1
193	(-1, -1)	b'\xc1'	-1
194	(-1, -1)	b'\xc2'	-1
195	(-1, -1)	b'\xc3'	-1
196	(-1, -1)	b'\xc4'	-1
197	(-1, -1)	b'\xc5'	-1
198	(-1, -1)	b'\xc6'	-1
199	(-1, -1)	b'\xc7'	-1
200	(-1, -1)	b'\xc8'	-1
201	(-1, -1)	b'\xc9'	-1
202	(-1, -1)	b'\xca'	-1
203	(-1, -1)	b'\xcb'	-1
204	(-1, -1)	b'\xcc'	-1
205	(-1, -1)	b'\xcd'	-1
206	(-1, -1)	b'\xce'	-1
207	(-1, -1)	b'\xcf'	-1
208	(-1, -1)	b'\xd0'	-1
209	(-1, -1)	b'\xd1'	-1
210	(-1, -1)	b'\xd2'	-1
211	(-1, -1)	b'\xd3'	-1
212	(-1, -1)	b'\xd4'	-1
213	(-1, -1)	b'\xd5'	-1
214	(-1, -1)	b'\xd6'	-1
215	(-1, -1)	b'\xd7'	-1
216	(-1, -1)	b'\xd8'	-1
217	(-1, -1)	b'\xd9'	-1
218	(-1, -1)	b'\xda'	-1
219	(-1, -1)	b'\xdb'	-1
220	(-1, -1)	b'\xdc'	-1
221	(-1, -1)	b'\xdd'	-1
222	(-1, -1)	b'\xde'	-1
223	(-1, -1)	b'\xdf'	-1
224	(-1, -1)	b'\xe0'	-1
225	(-1, -1)	b'\xe1'	-1
226	(-1, -1)	b'\xe2'	-1
227	(-1, -1)	b'\xe3'	-1
228	(-1, -1)	b'\xe4'	-1
229	(-1, -1)	b'\xe5'	-1
230	(-1, -1)	b'\xe6'	-1
231	(-1, -1)	b'\xe7'	-1
232	(-1, -1)	b'\xe8'	-1
233	(-1, -1)	b'\xe9'	-1
234	(-1, -1)	b'\xea'	-1
235	(-1, -1)	b'\xeb'	-1
236	(-1, -1)	b'\xec'	-1
237	(-1, -1)	b'\xed'	-1
238	(-1, -1)	b'\xee'	-1
239	(-1, -1)	b'\xef'	-1
240	(-1, -1)	b'\xf0'	-1
241	(-1, -1)	b'\xf1'	-1
242	(-1, -1)	b'\xf2'	-1
243	(-1, -1)	b'\xf3'	-1
244	(-1, -1)	b'\xf4'	-1
245	(-1, -1)	b'\xf5'	-1
246	(-1, -1)	b'\xf6'	-1
247	(-1, -1)	b'\xf7'	-1
248	(-1, -1)	b'\xf8'	-1
249	(-1, -1)	b'\xf9'	-1
250	(-1, -1)	b'\xfa'	-1
251	(-1, -1)	b'\xfb'	-1
252	(-1, -1)	b'\xfc'	-1
253	(-1, -1)	b'\xfd'	-1
254	(-1, -1)	b'\xfe'	-1
255	(-1, -1)	b'\xff'	-1
256	(32, 116)	' t'	256
257	(32, 97)	' a'	257
258	(104, 101)	'he'	258
259	(105, 110)	'in'	259
260	(114, 101)	're'	260
261	(239, 188)	b'\xef\xbc'	261
262	(256, 258)	' the'	262
263	(111, 110)	'on'	263
264	(32, 115)	' s'	264
265	(101, 114)	'er'	265
266	(228, 184)	b'\xe4\xb8'	266
267	(97, 116)	'at'	267
268	(32, 119)	' w'	268
269	(111, 117)	'ou'	269
270	(105, 116)	'it'	270
271	(261, 140)	'，'	271
272	(32, 111)	' o'	272
273	(32, 99)	' c'	273
274	(105, 115)	'is'	274
275	(101, 110)	'en'	275
276	(32, 98)	' b'	276
277	(97, 110)	'an'	277
278	(101, 115)	'es'	278
279	(32, 102)	' f'	279
280	(111, 114)	'or'	280
281	(259, 103)	'ing'	281
282	(32, 109)	' m'	282
283	(32, 112)	' p'	283
284	(227, 128)	b'\xe3\x80'	284
285	(257, 110)	' an'	285
286	(97, 108)	'al'	286
287	(101, 100)	'ed'	287
288	(32, 100)	' d'	288
289	(256, 111)	' to'	289
290	(228, 186)	b'\xe4\xba'	290
291	(97, 114)	'ar'	291
292	(231, 154)	b'\xe7\x9a'	292
293	(272, 102)	' of'	293
294	(292, 132)	'的'	294
295	(256, 104)	' th'	295
296	(32, 259)	' in'	296
297	(32, 104)	' h'	297
298	(285, 100)	' and'	298
299	(284, 130)	'。'	299
300	(32, 108)	' l'	300
301	(105, 99)	'ic'	301
302	(97, 115)	'as'	302
303	(111, 109)	'om'	303
304	(32, 73)	' I'	304
305	(230, 156)	b'\xe6\x9c'	305
306	(108, 101)	'le'	306
307	(105, 263)	'ion'	307
308	(32, 103)	' g'	308
309	(32, 110)	' n'	309
310	(230, 152)	b'\xe6\x98'	310
311	(108, 108)	'll'	311
312	(118, 101)	've'	312
313	(108, 121)	'ly'	313
314	(115, 116)	'st'	314
315	(32, 121)	' y'	315
316	(229, 143)	b'\xe5\x8f'	316
317	(228, 187)	b'\xe4\xbb'	317
318	(32, 101)	' e'	318
319	(111, 116)	'ot'	319
320	(229, 164)	b'\xe5\xa4'	320
321	(276, 101)	' be'	321
322	(32, 260)	' re'	322
323	(275, 116)	'ent'	323
324	(310, 175)	'是'	324
325	(32, 274)	' is'	325
326	(315, 269)	' you'	326
327	(111, 119)	'ow'	327
328	(228, 189)	b'\xe4\xbd'	328
329	(99, 116)	'ct'	329
330	(101, 116)	'et'	330
331	(32, 270)	' it'	331
332	(228, 185)	b'\xe4\xb9'	332
333	(229, 133)	b'\xe5\x85'	333
334	(114, 111)	'ro'	334
335	(115, 101)	'se'	335
336	(105, 100)	'id'	336
337	(232, 191)	b'\xe8\xbf'	337
338	(229, 156)	b'\xe5\x9c'	338
339	(295, 267)	' that'	339
340	(32, 263)	' on'	340
341	(229, 144)	b'\xe5\x90'	341
342	(230, 136)	b'\xe6\x88'	342
343	(97, 121)	'ay'	343
344	(32, 84)	' T'	344
345	(105, 109)	'im'	345
346	(117, 116)	'ut'	346
347	(279, 280)	' for'	347
348	(226, 128)	b'\xe2\x80'	348
349	(266, 128)	'一'	349
350	(32, 117)	' u'	350
351	(97, 100)	'ad'	351
352	(108, 100)	'ld'	352
353	(97, 109)	'am'	353
354	(229, 174)	b'\xe5\xae'	354
355	(229, 136)	b'\xe5\x88'	355
356	(105, 103)	'ig'	356
357	(229, 176)	b'\xe5\xb0'	357
358	(118, 265)	'ver'	358
359	(266, 141)	'不'	359
360	(99, 104)	'ch'	360
361	(99, 101)	'ce'	361
362	(232, 175)	b'\xe8\xaf'	362
363	(264, 116)	' st'	363
364	(231, 148)	b'\xe7\x94'	364
365	(290, 186)	'人'	365
366	(32, 65)	' A'	366
367	(229, 185)	b'\xe5\xb9'	367
368	(32, 83)	' S'	368
369	(32, 258)	' he'	369
370	(105, 114)	'ir'	370
371	(230, 151)	b'\xe6\x97'	371
372	(111, 108)	'ol'	372
373	(107, 101)	'ke'	373
374	(230, 150)	b'\xe6\x96'	374
375	(229, 173)	b'\xe5\xad'	375
376	(270, 104)	'ith'	376
377	(290, 134)	'了'	377
378	(267, 307)	'ation'	378
379	(229, 155)	b'\xe5\x9b'	379
380	(268, 104)	' wh'	380
381	(229, 141)	b'\xe5\x8d'	381
382	(117, 114)	'ur'	382
383	(229, 190)	b'\xe5\xbe'	383
384	(105, 102)	'if'	384
385	(305, 137)	'有'	385
386	(229, 165)	b'\xe5\xa5'	386
387	(32, 67)	' C'	387
388	(257, 115)	' as'	388
389	(297, 97)	' ha'	389
390	(268, 376)	' with'	390
391	(111, 111)	'oo'	391
392	(257, 260)	' are'	392
393	(268, 101)	' we'	393
394	(269, 116)	'out'	394
395	(114, 97)	'ra'	395
396	(105, 108)	'il'	396
397	(39, 115)	"'s"	397
398	(110, 100)	'nd'	398
399	(342, 145)	'我'	399
400	(261, 159)	'？'	400
401	(116, 265)	'ter'	401
402	(105, 311)	'ill'	402
403	(258, 114)	'her'	403
404	(99, 107)	'ck'	404
405	(111, 112)	'op'	405
406	(231, 156)	b'\xe7\x9c'	406
407	(230, 157)	b'\xe6\x9d'	407
408	(46, 46)	'..'	408
409	(32, 77)	' M'	409
410	(268, 302)	' was'	410
411	(117, 108)	'ul'	411
412	(338, 168)	'在'	412
413	(367, 180)	'年'	413
414	(229, 184)	b'\xe5\xb8'	414
415	(272, 114)	' or'	415
416	(228, 188)	b'\xe4\xbc'	416
417	(269, 352)	'ould'	417
418	(282, 111)	' mo'	418
419	(273, 263)	' con'	419
420	(230, 137)	b'\xe6\x89'	420
421	(264, 101)	' se'	421
422	(231, 187)	b'\xe7\xbb'	422
423	(229, 183)	b'\xe5\xb7'	423
424	(104, 116)	'ht'	425
425	(32, 66)	' B'	426
426	(103, 101)	'ge'	427
427	(288, 101)	' de'	428
428	(309, 319)	' not'	429
429	(32, 114)	' r'	430
430	(389, 312)	' have'	431
431	(39, 116)	"'t"	432
432	(116, 104)	'th'	433
433	(117, 314)	'ust'	434
434	(32, 80)	' P'	435
435	(264, 117)	' su'	436
436	(229, 138)	b'\xe5\x8a'	437
437	(267, 101)	'ate'	438
438	(328, 160)	'你'	439
439	(97, 98)	'ab'	440
440	(278, 115)	'ess'	441
441	(266, 173)	'中'	442
442	(265, 115)	'ers'	443
443	(283, 334)	' pro'	444
444	(320, 167)	'大'	445
445	(264, 104)	' sh'	446
446	(344, 258)	' The'	447
447	(286, 313)	'ally'	448
448	(277, 100)	'and'	449
449	(278, 116)	'est'	450
450	(114, 105)	'ri'	451
451	(117, 115)	'us'	452
452	(277, 116)	'ant'	453
453	(288, 111)	' do'	454
454	(32, 49)	' 1'	455
455	(266, 170)	'个'	456
456	(233, 135)	b'\xe9\x87'	457
457	(273, 303)	' com'	458
458	(257, 116)	' at'	459
459	(309, 101)	' ne'	460
460	(274, 116)	'ist'	461
461	(230, 178)	b'\xe6\xb2'	462
462	(117, 110)	'un'	463
463	(32, 87)	' W'	464
464	(32, 72)	' H'	465
465	(112, 112)	'pp'	466
466	(273, 277)	' can'	467
467	(117, 109)	'um'	468
468	(230, 128)	b'\xe6\x80'	469
469	(295, 274)	' this'	470
470	(229, 147)	b'\xe5\x93'	471
471	(318, 120)	' ex'	472
472	(284, 129)	'、'	473
473	(114, 303)	'rom'	474
474	(282, 101)	' me'	475
475	(300, 105)	' li'	476
476	(32, 106)	' j'	477
477	(232, 174)	b'\xe8\xae'	478
478	(32, 107)	' k'	479
479	(332, 136)	'么'	480
480	(266, 186)	'为'	481
481	(32, 68)	' D'	482
482	(337, 153)	'这'	483
483	(231, 167)	b'\xe7\xa7'	484
484	(110, 116)	'nt'	485
485	(111, 115)	'os'	486
486	(232, 128)	b'\xe8\x80'	487
487	(50, 48)	'20'	488
488	(232, 167)	b'\xe8\xa7'	489
489	(113, 117)	'qu'	490
490	(32, 118)	' v'	491
491	(32, 32)	'  '	492
492	(261, 137)	'）'	493
493	(261, 136)	'（'	494
494	(276, 346)	' but'	495
495	(356, 424)	'ight'	496
496	(257, 108)	' al'	497
497	(303, 101)	'ome'	498
498	(97, 259)	'ain'	499
499	(229, 135)	b'\xe5\x87'	500
500	(229, 140)	b'\xe5\x8c'	501
501	(229, 186)	b'\xe5\xba'	502
502	(109, 323)	'ment'	503
503	(231, 137)	b'\xe7\x89'	504
504	(379, 189)	'国'	505
505	(229, 188)	b'\xe5\xbc'	506
506	(229, 142)	b'\xe5\x8e'	507
507	(264, 111)	' so'	508
508	(260, 115)	'res'	509
509	(112, 101)	'pe'	510
510	(229, 146)	b'\xe5\x92'	511
511	(232, 135)	b'\xe8\x87'	512
512	(101, 109)	'em'	513
513	(105, 312)	'ive'	514
514	(230, 173)	b'\xe6\xad'	515
515	(229, 134)	b'\xe5\x86'	516
516	(273, 104)	' ch'	517
517	(232, 161)	b'\xe8\xa1'	518
518	(279, 473)	' from'	519
519	(270, 121)	'ity'	520
520	(257, 98)	' ab'	521
521	(269, 114)	'our'	522
522	(32, 69)	' E'	523
523	(32, 70)	' F'	524
524	(32, 71)	' G'	525
525	(229, 175)	b'\xe5\xaf'	526
526	(233, 128)	b'\xe9\x80'	527
527	(269, 103)	'oug'	528
528	(230, 160)	b'\xe6\xa0'	529
529	(262, 121)	' they'	530
530	(357, 177)	'就'	531
531	(32, 78)	' N'	532
532	(105, 278)	'ies'	533
533	(101, 108)	'el'	534
534	(229, 191)	b'\xe5\xbf'	535
535	(32, 82)	' R'	536
536	(231, 155)	b'\xe7\x9b'	537
537	(229, 177)	b'\xe5\xb1'	538
538	(233, 129)	b'\xe9\x81'	539
539	(232, 166)	b'\xe8\xa6'	540
540	(510, 140)	'和'	541
541	(291, 116)	'art'	542
542	(32, 76)	' L'	543
543	(230, 176)	b'\xe6\xb0'	544
544	(276, 121)	' by'	545
545	(326, 114)	' your'	546
546	(275, 100)	'end'	547
547	(230, 131)	b'\xe6\x83'	548
548	(283, 108)	' pl'	549
549	(286, 108)	'all'	550
550	(268, 280)	' wor'	551
551	(231, 142)	b'\xe7\x8e'	552
552	(280, 116)	'ort'	553
553	(291, 100)	'ard'	554
554	(230, 149)	b'\xe6\x95'	555
555	(117, 100)	'ud'	556
556	(266, 138)	'上'	557
557	(229, 145)	b'\xe5\x91'	558
558	(230, 179)	b'\xe6\xb3'	559
559	(229, 166)	b'\xe5\xa6'	560
560	(232, 181)	b'\xe8\xb5'	561
561	(300, 101)	' le'	562
562	(260, 100)	'red'	563
563	(475, 373)	' like'	564
564	(257, 311)	' all'	565
565	(386, 189)	'好'	566
566	(282, 121)	' my'	567
567	(302, 116)	'ast'	568
568	(317, 165)	'以'	569
569	(391, 100)	'ood'	570
570	(353, 101)	'ame'	571
571	(539, 129)	'要'	572
572	(99, 105)	'ci'	573
573	(268, 258)	' whe'	574
574	(84, 258)	'The'	575
575	(229, 189)	b'\xe5\xbd'	576
576	(97, 107)	'ak'	577
577	(263, 101)	'one'	578
578	(406, 139)	'看'	579
579	(233, 151)	b'\xe9\x97'	580
580	(233, 8000)	'都'	581
581	(111, 100)	'od'	582
582	(102, 101)	'fe'	583
583	(230, 139)	b'\xe6\x8b'	584
584	(233, 157)	b'\xe9\x9d'	585
585	(364, 159)	'生'	586
586	(371, 165)	'日'	587
587	(230, 148)	b'\xe6\x94'	588
588	(407, 165)	'来'	589
589	(107, 115)	'ks'	590
590	(105, 101)	'ie'	591
591	(416, 154)	'会'	592
592	(231, 130)	b'\xe7\x82'	593
593	(348, 153)	'’'	594
594	(259, 101)	'ine'	595
595	(105, 118)	'iv'	596
596	(230, 175)	b'\xe6\xaf'	597
597	(114, 121)	'ry'	598
598	(97, 103)	'ag'	599
599	(32, 79)	' O'	600
600	(476, 433)	' just'	601
601	(230, 132)	b'\xe6\x84'	602
602	(336, 101)	'ide'	603
603	(354, 182)	'家'	604
604	(233, 153)	b'\xe9\x99'	605
605	(340, 101)	' one'	606
606	(261, 154)	'：'	607
607	(117, 260)	'ure'	608
608	(350, 115)	' us'	609
609	(112, 116)	'pt'	610
610	(269, 398)	'ound'	611
611	(355, 176)	'到'	612
612	(261, 129)	'！'	613
613	(259, 100)	'ind'	614
614	(230, 181)	b'\xe6\xb5'	615
615	(527, 104)	'ough'	616
616	(230, 138)	b'\xe6\x8a'	617
617	(375, 144)	'子'	618
618	(350, 112)	' up'	619
619	(104, 267)	'hat'	620
620	(511, 170)	'自'	621
621	(101, 291)	'ear'	622
622	(269, 115)	'ous'	623
623	(362, 180)	'说'	624
624	(229, 137)	b'\xe5\x89'	625
625	(32, 394)	' out'	626
626	(332, 159)	'也'	627
627	(317, 150)	'他'	628
628	(320, 154)	'多'	630
629	(268, 417)	' would'	631
630	(348, 156)	'“'	632
631	(268, 402)	' will'	633
632	(231, 190)	b'\xe7\xbe'	634
633	(348, 157)	'”'	635
634	(358, 121)	'very'	636
635	(97, 99)	'ac'	637
636	(418, 260)	' more'	638
637	(232, 139)	b'\xe8\x8b'	639
638	(97, 373)	'ake'	640
639	(263, 103)	'ong'	641
640	(461, 161)	'没'	642
641	(112, 265)	'per'	643
642	(308, 330)	' get'	644
643	(301, 104)	'ich'	645
644	(231, 136)	b'\xe7\x88'	646
645	(116, 403)	'ther'	647
646	(308, 111)	' go'	648
647	(32, 74)	' J'	649
648	(230, 158)	b'\xe6\x9e'	650
649	(111, 260)	'ore'	651
650	(110, 431)	"n't"	652
651	(296, 116)	' int'	653
652	(97, 404)	'ack'	654
653	(233, 130)	b'\xe9\x82'	655
654	(229, 128)	b'\xe5\x80'	656
655	(115, 111)	'so'	657
656	(111, 103)	'og'	658
657	(520, 394)	' about'	659
658	(259, 107)	'ink'	660
659	(383, 151)	'得'	661
660	(230, 172)	b'\xe6\xac'	662
661	(371, 182)	'时'	663
662	(110, 327)	'now'	664
663	(231, 144)	b'\xe7\x90'	665
664	(232, 8000)	'能'	666
665	(97, 117)	'au'	667
666	(112, 108)	'pl'	668
667	(32, 384)	' if'	669
668	(97, 329)	'act'	670
669	(316, 175)	'可'	671
670	(305, 136)	'月'	672
671	(231, 186)	b'\xe7\xba'	673
672	(32, 345)	' im'	674
673	(32, 275)	' en'	675
674	(229, 149)	b'\xe5\x95'	676
675	(317, 128)	'什'	677
676	(337, 152)	'还'	678
677	(264, 497)	' some'	679
678	(262, 370)	' their'	680
679	(48, 48)	'00'	681
680	(277, 115)	'ans'	682
681	(49, 57)	'19'	683
682	(456, 140)	'里'	684
683	(499, 186)	'出'	685
684	(230, 180)	b'\xe6\xb4'	686
685	(375, 166)	'学'	687
686	(297, 302)	' has'	688
687	(675, 479)	'什么'	689
688	(338, 176)	'地'	690
689	(233, 155)	b'\xe9\x9b'	691
690	(97, 426)	'age'	692
691	(230, 153)	b'\xe6\x99'	693
692	(320, 169)	'天'	694
693	(307, 115)	'ions'	695
694	(111, 314)	'ost'	696
695	(262, 109)	' them'	697
696	(345, 101)	'ime'	698
697	(301, 101)	'ice'	699
698	(290, 142)	'于'	700
699	(232, 190)	b'\xe8\xbe'	701
700	(256, 101)	' te'	702
701	(559, 130)	'如'	703
702	(267, 287)	'ated'	704
703	(257, 114)	' ar'	705
704	(283, 101)	' pe'	706
705	(408, 46)	'...'	707
706	(232, 180)	b'\xe8\xb4'	708
707	(105, 122)	'iz'	709
708	(282, 277)	' man'	710
709	(285, 121)	' any'	711
710	(270, 101)	'ite'	712
711	(478, 662)	' know'	713
712	(262, 260)	' there'	714
713	(257, 100)	' ad'	715
714	(229, 159)	b'\xe5\x9f'	716
715	(266, 139)	'下'	717
716	(230, 184)	b'\xe6\xb8'	718
717	(233, 131)	b'\xe9\x83'	719
718	(101, 112)	'ep'	720
719	(341, 142)	'后'	721
720	(228, 191)	b'\xe4\xbf'	722
721	(380, 267)	' what'	723
722	(295, 277)	' than'	724
723	(97, 112)	'ap'	725
724	(333, 172)	'公'	726
725	(337, 135)	'过'	727
726	(32, 85)	' U'	728
727	(118, 275)	'ven'	729
728	(231, 171)	b'\xe7\xab'	730
729	(297, 274)	' his'	731
730	(97, 260)	'are'	732
731	(304, 116)	' It'	733
732	(301, 286)	'ical'	734
733	(273, 108)	' cl'	735
734	(405, 306)	'ople'	736
735	(317, 172)	'们'	737
736	(231, 172)	b'\xe7\xac'	738
737	(98, 306)	'ble'	739
738	(232, 183)	b'\xe8\xb7'	740
739	(114, 117)	'ru'	741
740	(342, 144)	'成'	742
741	(263, 431)	"on't"	743
742	(338, 139)	'國'	744
743	(111, 335)	'ose'	745
744	(230, 155)	b'\xe6\x9b'	746
745	(272, 645)	' other'	747
746	(573, 110)	' when'	748
747	(230, 142)	b'\xe6\x8e'	749
748	(279, 101)	' fe'	750
749	(233, 152)	b'\xe9\x98'	751
750	(260, 267)	'reat'	752
751	(229, 129)	b'\xe5\x81'	753
752	(233, 149)	b'\xe9\x95'	754
753	(439, 306)	'able'	755
754	(380, 643)	' which'	756
755	(105, 97)	'ia'	757
756	(332, 139)	'之'	758
757	(393, 260)	' were'	759
758	(558, 149)	'法'	760
759	(231, 159)	b'\xe7\x9f'	761
760	(344, 104)	' Th'	762
761	(349, 455)	'一个'	763
762	(99, 99)	'cc'	764
763	(457, 112)	' comp'	765
764	(653, 163)	'那'	766
765	(290, 139)	'事'	767
766	(266, 187)	'主'	768
767	(391, 107)	'ook'	769
768	(105, 112)	'ip'	770
769	(230, 177)	b'\xe6\xb1'	771
770	(343, 115)	'ays'	772
771	(364, 168)	'用'	773
772	(517, 140)	'行'	774
773	(232, 165)	b'\xe8\xa5'	775
774	(357, 143)	'小'	776
775	(380, 111)	' who'	777
776	(288, 274)	' dis'	778
777	(32, 50)	' 2'	779
778	(328, 156)	'作'	780
779	(506, 187)	'去'	781
780	(305, 128)	'最'	782
781	(704, 734)	' people'	783
782	(419, 116)	' cont'	784
783	(232, 176)	b'\xe8\xb0'	785
784	(305, 172)	'本'	786
785	(411, 116)	'ult'	787
786	(283, 260)	' pre'	788
787	(233, 171)	b'\xe9\xab'	789
788	(374, 185)	'方'	790
789	(534, 131)	'心'	791
790	(773, 191)	'西'	792
791	(302, 115)	'ass'	793
792	(538, 147)	'道'	794
793	(89, 269)	'You'	795
794	(232, 189)	b'\xe8\xbd'	796
795	(525, 185)	'对'	797
796	(232, 162)	b'\xe8\xa2'	798
797	(98, 265)	'ber'	799
798	(309, 111)	' no'	800
799	(256, 696)	' time'	801
800	(665, 335)	'ause'	802
801	(257, 103)	' ag'	803
802	(264, 97)	' sa'	804
803	(295, 658)	' think'	805
804	(232, 136)	b'\xe8\x88'	806
805	(233, 162)	b'\xe9\xa2'	807
806	(414, 130)	'市'	808
807	(637, 177)	'英'	809
808	(302, 101)	'ase'	810
809	(230, 140)	b'\xe6\x8c'	812
810	(32, 489)	' qu'	813
811	(297, 351)	' had'	814
812	(350, 110)	' un'	815
813	(329, 307)	'ction'	816
814	(547, 179)	'想'	817
815	(231, 173)	b'\xe7\xad'	818
816	(355, 134)	'分'	819
817	(280, 109)	'orm'	820
818	(97, 104)	'ah'	821
819	(383, 136)	'很'	822
820	(341, 141)	'名'	823
821	(322, 115)	' res'	824
822	(593, 115)	'’s'	825
823	(231, 153)	b'\xe7\x99'	826
824	(264, 112)	' sp'	827
825	(491, 491)	'    '	828
826	(297, 327)	' how'	829
827	(231, 168)	b'\xe7\xa8'	830
828	(97, 361)	'ace'	831
829	(233, 166)	b'\xe9\xa6'	832
830	(296, 99)	' inc'	833
831	(312, 108)	'vel'	834
832	(717, 168)	'部'	835
833	(100, 117)	'du'	836
834	(101, 311)	'ell'	837
835	(32, 487)	' 20'	838
836	(291, 121)	'ary'	839
837	(111, 99)	'oc'	840
838	(386, 179)	'女'	841
839	(110, 101)	'ne'	842
840	(117, 101)	'ue'	843
841	(260, 101)	'ree'	844
842	(231, 149)	b'\xe7\x95'	845
843	(304, 110)	' In'	846
844	(301, 107)	'ick'	847
845	(274, 104)	'ish'	848
846	(277, 361)	'ance'	849
847	(308, 114)	' gr'	850
848	(105, 352)	'ild'	851
849	(102, 102)	'ff'	852
850	(233, 154)	b'\xe9\x9a'	853
851	(496, 655)	' also'	854
852	(321, 275)	' been'	855
853	(97, 118)	'av'	856
854	(275, 361)	'ence'	857
855	(229, 167)	b'\xe5\xa7'	858
856	(315, 621)	' year'	859
857	(97, 360)	'ach'	860
858	(32, 75)	' K'	861
859	(374, 175)	'斯'	862
860	(288, 741)	" don't"	863
861	(229, 150)	b'\xe5\x96'	864
862	(328, 141)	'位'	865
863	(551, 176)	'现'	866
864	(231, 180)	b'\xe7\xb4'	867
865	(105, 260)	'ire'	868
866	(632, 142)	'美'	869
867	(378, 115)	'ations'	870
868	(232, 129)	b'\xe8\x81'	871
869	(283, 265)	' per'	872
870	(316, 145)	'发'	873
871	(333, 182)	'其'	874
872	(288, 336)	' did'	875
873	(528, 183)	'样'	876
874	(269, 484)	'ount'	877
875	(796, 171)	'被'	878
876	(231, 169)	b'\xe7\xa9'	879
877	(284, 139)	'》'	880
878	(284, 138)	'《'	881
879	(32, 51)	' 3'	882
880	(260, 110)	'ren'	883
881	(624, 141)	'前'	884
882	(256, 114)	' tr'	885
883	(787, 152)	'高'	886
884	(340, 313)	' only'	887
885	(406, 159)	'真'	888
886	(275, 115)	'ens'	889
887	(321, 116)	' bet'	890
888	(231, 157)	b'\xe7\x9d'	891
889	(259, 116)	'int'	892
890	(280, 100)	'ord'	893
891	(105, 306)	'ile'	894
892	(117, 98)	'ub'	895
893	(257, 109)	' am'	896
894	(267, 265)	'ater'	897
895	(508, 115)	'ress'	898
896	(550, 107)	' work'	899
897	(84, 104)	'Th'	900
898	(584, 162)	'面'	901
899	(231, 132)	b'\xe7\x84'	902
900	(283, 541)	' part'	903
901	(228, 190)	b'\xe4\xbe'	904
902	(356, 110)	'ign'	905
903	(283, 114)	' pr'	906
904	(281, 115)	'ings'	907
905	(263, 100)	'ond'	908
906	(257, 329)	' act'	909
907	(272, 358)	' over'	910
908	(117, 360)	'uch'	911
909	(257, 465)	' app'	912
910	(470, 136)	'哈'	913
911	(232, 170)	b'\xe8\xaa'	914
912	(327, 110)	'own'	915
913	(277, 103)	'ang'	916
914	(374, 188)	'於'	917
915	(486, 140)	'而'	918
916	(104, 281)	'hing'	919
917	(368, 116)	' St'	920
918	(362, 173)	'语'	921
919	(273, 111)	' co'	922
920	(231, 189)	b'\xe7\xbd'	923
921	(328, 149)	'何'	924
922	(592, 186)	'為'	925
923	(459, 287)	' need'	926
924	(308, 569)	' good'	927
925	(232, 138)	b'\xe8\x8a'	928
926	(230, 129)	b'\xe6\x81'	929
927	(672, 112)	' imp'	930
928	(230, 188)	b'\xe6\xbc'	931
929	(290, 155)	'些'	932
930	(8001, 109)	" I'm"	933
931	(105, 286)	'ial'	934
932	(276, 108)	' bl'	935
933	(231, 174)	b'\xe7\xae'	936
934	(283, 111)	' po'	937
935	(293, 102)	' off'	938
936	(736, 172)	'第'	939
937	(232, 182)	b'\xe8\xb6'	940
938	(289, 111)	' too'	941
939	(280, 121)	'ory'	942
940	(348, 148)	'—'	943
941	(323, 115)	'ents'	944
942	(420, 128)	'所'	945
943	(381, 151)	'南'	946
944	(423, 177)	'己'	947
945	(351, 101)	'ade'	948
946	(663, 134)	'理'	949
947	(116, 121)	'ty'	950
948	(421, 101)	' see'	951
949	(232, 130)	b'\xe8\x82'	952
950	(651, 111)	' into'	953
951	(674, 138)	'啊'	954
952	(273, 417)	' could'	955
953	(264, 509)	' spe'	956
954	(117, 404)	'uck'	957
955	(543, 145)	'民'	958
956	(331, 397)	" it's"	959
957	(620, 944)	'自己'	960
958	(398, 265)	'nder'	961
959	(370, 314)	'irst'	962
960	(104, 121)	'hy'	963
961	(39, 260)	"'re"	964
962	(374, 135)	'文'	965
963	(229, 187)	b'\xe5\xbb'	966
964	(350, 335)	' use'	967
965	(282, 343)	' may'	968
966	(548, 343)	' play'	969
967	(899, 182)	'然'	970
968	(341, 140)	'同'	971
969	(453, 278)	' does'	972
970	(445, 417)	' should'	973
971	(297, 345)	' him'	974
972	(483, 141)	'种'	975
973	(233, 187)	b'\xe9\xbb'	976
974	(488, 137)	'觉'	977
975	(233, 163)	b'\xe9\xa3'	978
976	(270, 307)	'ition'	979
977	(759, 165)	'知'	980
978	(310, 142)	'明'	981
979	(282, 908)	' much'	982
980	(601, 143)	'意'	983
981	(105, 622)	'ious'	984
982	(231, 165)	b'\xe7\xa5'	985
983	(229, 157)	b'\xe5\x9d'	986
984	(111, 312)	'ove'	987
985	(308, 117)	' gu'	988
986	(500, 151)	'北'	989
987	(369, 114)	' her'	990
988	(117, 447)	'ually'	991
989	(505, 128)	'开'	992
990	(316, 170)	'只'	993
991	(264, 99)	' sc'	994
992	(270, 116)	'itt'	995
993	(232, 137)	b'\xe8\x89'	996
994	(257, 102)	' af'	997
995	(318, 634)	' every'	998
996	(105, 277)	'ian'	999
997	(268, 452)	' want'	1000
998	(32, 86)	' V'	1001
999	(560, 183)	'起'	1002
1000	(280, 115)	'ors'	1003
1001	(263, 115)	'ons'	1004
1002	(331, 115)	' its'	1005
1003	(503, 185)	'特'	1006
1004	(119, 101)	'we'	1007
1005	(322, 447)	' really'	1008
1006	(387, 104)	' Ch'	1009
1007	(262, 110)	' then'	1010
1008	(282, 638)	' make'	1011
1009	(309, 327)	' now'	1012
1010	(596, 148)	'比'	1013
1011	(459, 119)	' new'	1014
1012	(109, 265)	'mer'	1015
1013	(229, 163)	b'\xe5\xa3'	1016
1014	(503, 169)	'物'	1017
1015	(73, 116)	'It'	1018
1016	(547, 133)	'情'	1019
1017	(367, 179)	'平'	1020
1018	(418, 314)	' most'	1021
1019	(266, 137)	'三'	1022
1020	(8002, 800)	' because'	1023
1021	(355, 171)	'别'	1024
1022	(99, 278)	'ces'	1025
1023	(32, 105)	' i'	1026
1024	(231, 177)	b'\xe7\xb1'	1027
1025	(101, 329)	'ect'	1028
1026	(422, 143)	'经'	1029
1027	(614, 183)	'海'	1030
1028	(322, 99)	' rec'	1031
1029	(454, 57)	' 19'	1032
1030	(303, 330)	'omet'	1033
1031	(317, 163)	'代'	1034
1032	(288, 384)	' dif'	1035
1033	(256, 119)	' tw'	1036
1034	(97, 396)	'ail'	1037
1035	(260, 484)	'rent'	1038
1036	(364, 177)	'由'	1040
1037	(592, 185)	'点'	1041
1038	(279, 108)	' fl'	1042
1039	(32, 334)	' ro'	1043
1040	(318, 727)	' even'	1044
1041	(358, 115)	'vers'	1045
1042	(279, 959)	' first'	1046
1043	(582, 329)	'fect'	1047
1044	(341, 151)	'吗'	1048
1045	(379, 160)	'因'	1049
1046	(276, 117)	' bu'	1050
1047	(374, 176)	'新'	1051
1048	(110, 281)	'ning'	1052
1049	(640, 385)	'没有'	1053
1050	(111, 98)	'ob'	1054
1051	(354, 154)	'定'	1055
1052	(752, 191)	'长'	1056
1053	(264, 121)	' sy'	1057
1054	(262, 335)	' these'	1058
1055	(441, 504)	'中国'	1059
1056	(371, 160)	'无'	1060
1057	(350, 958)	' under'	1061
1058	(359, 324)	'不是'	1062
1059	(335, 108)	'sel'	1063
1060	(194, 183)	'·'	1064
1061	(436, 168)	'动'	1065
1062	(911, 158)	'語'	1066
1063	(457, 109)	' comm'	1067
1064	(393, 311)	' well'	1068
1065	(266, 150)	'世'	1069
1066	(429, 495)	' right'	1070
1067	(356, 104)	'igh'	1071
1068	(232, 144)	b'\xe8\x90'	1072
1069	(468, 167)	'性'	1073
1070	(300, 767)	' look'	1074
1071	(420, 139)	'手'	1075
1072	(102, 817)	'form'	1076
1073	(233, 161)	b'\xe9\xa1'	1077
1074	(301, 116)	'ict'	1078
1075	(268, 343)	' way'	1079
1076	(483, 145)	'科'	1080
1077	(364, 183)	'男'	1081
1078	(102, 649)	'fore'	1082
1079	(229, 139)	b'\xe5\x8b'	1083
1080	(118, 287)	'ved'	1084
1081	(888, 128)	'着'	1085
1082	(232, 168)	b'\xe8\xa8'	1086
1083	(316, 163)	'口'	1087
1084	(328, 134)	'但'	1088
1085	(537, 177)	'山'	1089
1086	(333, 168)	'全'	1090
1087	(116, 101)	'te'	1091
1088	(295, 114)	' thr'	1092
1089	(49, 48)	'10'	1093
1090	(264, 258)	' she'	1094
1091	(815, 137)	'等'	1095
1092	(648, 156)	'果'	1096
1093	(543, 180)	'水'	1097
1094	(267, 278)	'ates'	1098
1095	(117, 286)	'ual'	1099
1096	(501, 166)	'度'	1100
1097	(660, 161)	'次'	1101
1098	(369, 108)	' hel'	1102
1099	(601, 159)	'感'	1103
1100	(355, 169)	'利'	1104
1101	(274, 115)	'iss'	1105
1102	(486, 129)	'老'	1106
1103	(231, 166)	b'\xe7\xa6'	1107
1104	(108, 278)	'les'	1108
1105	(363, 555)	' stud'	1109
1106	(354, 158)	'实'	1110
1107	(316, 138)	'及'	1111
1108	(112, 104)	'ph'	1112
1109	(118, 281)	'ving'	1113
1110	(320, 170)	'太'	1114
1111	(111, 121)	'oy'	1115
1112	(436, 160)	'加'	1116
1113	(372, 656)	'olog'	1117
1114	(464, 101)	' He'	1118
1115	(258, 100)	'hed'	1119
1116	(233, 159)	b'\xe9\x9f'	1120
1117	(264, 343)	' say'	1121
1118	(112, 306)	'ple'	1122
1119	(406, 129)	'省'	1123
1120	(32, 521)	' our'	1124
1121	(116, 281)	'ting'	1125
1122	(587, 191)	'政'	1126
1123	(276, 652)	' back'	1127
1124	(294, 349)	'的一'	1128
1125	(266, 156)	'东'	1129
1126	(554, 153)	'教'	1130
1127	(419, 115)	' cons'	1131
1128	(288, 278)	' des'	1132
1129	(401, 110)	'tern'	1133
1130	(257, 762)	' acc'	1134
1131	(500, 186)	'区'	1135
1132	(536, 184)	'相'	1136
1133	(98, 101)	'be'	1137
1134	(231, 129)	b'\xe7\x81'	1138
1135	(470, 170)	'哪'	1139
1136	(231, 179)	b'\xe7\xb3'	1140
1137	(751, 154)	'做'	1141
1138	(264, 265)	' ser'	1142
1139	(364, 181)	'电'	1143
1140	(342, 150)	'或'	1144
1141	(760, 274)	' This'	1145
1142	(32, 52)	' 4'	1146
1143	(231, 131)	b'\xe7\x83'	1147
1144	(103, 114)	'gr'	1148
1145	(436, 155)	'力'	1149
1146	(276, 114)	' br'	1150
1147	(1098, 112)	' help'	1151
1148	(486, 133)	'者'	1152
1149	(363, 402)	' still'	1153
1150	(575, 147)	'当'	1154
1151	(530, 324)	'就是'	1155
1152	(32, 634)	' very'	1156
1153	(383, 183)	'德'	1157
1154	(669, 568)	'可以'	1158
1155	(231, 164)	b'\xe7\xa4'	1159
1156	(319, 403)	'other'	1160
1157	(291, 107)	'ark'	1161
1158	(384, 301)	'ific'	1163
1159	(362, 157)	'话'	1164
1160	(105, 98)	'ib'	1165
1161	(362, 165)	'该'	1166
1162	(232, 186)	b'\xe8\xba'	1167
1163	(485, 115)	'oss'	1168
1164	(341, 136)	'合'	1169
1165	(117, 311)	'ull'	1170
1166	(527, 424)	'ought'	1171
1167	(120, 116)	'xt'	1172
1168	(274, 101)	'ise'	1173
1169	(264, 109)	' sm'	1174
1170	(644, 177)	'爱'	1175
1171	(32, 53)	' 5'	1176
1172	(233, 169)	b'\xe9\xa9'	1177
1173	(230, 183)	b'\xe6\xb7'	1178
1174	(97, 119)	'aw'	1179
1175	(386, 185)	'她'	1180
1176	(579, 174)	'问'	1181
1177	(422, 153)	'给'	1182
1178	(379, 158)	'回'	1183
1179	(738, 175)	'路'	1184
1180	(267, 281)	'ating'	1185
1181	(423, 165)	'工'	1186
1182	(708, 121)	' many'	1187
1183	(316, 136)	'又'	1188
1184	(333, 139)	'克'	1189
1185	(320, 150)	'外'	1190
1186	(32, 395)	' ra'	1191
1187	(263, 116)	'ont'	1192
1188	(423, 158)	'州'	1193
1189	(322, 108)	' rel'	1194
1190	(322, 109)	' rem'	1195
1191	(264, 1030)	' somet'	1196
1192	(328, 147)	'体'	1197
1193	(232, 132)	b'\xe8\x84'	1198
1194	(296, 100)	' ind'	1199
1195	(456, 141)	'重'	1200
1196	(341, 167)	'吧'	1201
1197	(608, 287)	' used'	1202
1198	(514, 163)	'正'	1203
1199	(231, 139)	b'\xe7\x8b'	1204
1200	(1033, 111)	' two'	1205
1201	(32, 373)	' ke'	1206
1202	(117, 112)	'up'	1207
1203	(319, 104)	'oth'	1208
1204	(375, 184)	'學'	1209
1205	(583, 137)	'拉'	1210
1206	(802, 336)	' said'	1211
1207	(384, 101)	'ife'	1212
1208	(230, 159)	b'\xe6\x9f'	1213
1209	(573, 260)	' where'	1214
1210	(713, 100)	' add'	1215
1211	(575, 177)	'影'	1216
1212	(928, 148)	'演'	1217
1213	(701, 921)	'如何'	1218
1214	(233, 156)	b'\xe9\x9c'	1220
1215	(32, 89)	' Y'	1221
1216	(994, 401)	' after'	1222
1217	(233, 148)	b'\xe9\x94'	1223
1218	(321, 281)	' being'	1224
1219	(232, 153)	b'\xe8\x99'	1225
1220	(277, 107)	'ank'	1226
1221	(229, 178)	b'\xe5\xb2'	1227
1222	(354, 137)	'安'	1228
1223	(308, 319)	' got'	1229
1224	(316, 176)	'台'	1230
1225	(477, 169)	'让'	1231
1226	(8003, 479)	'怎么'	1232
1227	(663, 131)	'球'	1233
1228	(294, 365)	'的人'	1234
1229	(233, 146)	b'\xe9\x92'	1235
1230	(258, 110)	'hen'	1236
1231	(114, 270)	'rit'	1237
1232	(102, 116)	'ft'	1238
1233	(265, 109)	'erm'	1239
1234	(264, 570)	' same'	1240
1235	(267, 104)	'ath'	1241
1236	(572, 286)	'cial'	1242
1237	(1162, 171)	'身'	1243
1238	(266, 142)	'与'	1244
1239	(260, 351)	'read'	1245
1240	(105, 313)	'ily'	1246
1241	(230, 143)	b'\xe6\x8f'	1247
1242	(1088, 615)	' through'	1248
1243	(308, 275)	' gen'	1249
1244	(305, 186)	'机'	1250
1245	(306, 329)	'lect'	1251
1246	(277, 426)	'ange'	1252
1247	(295, 743)	' those'	1253
1248	(301, 115)	'ics'	1254
1249	(232, 131)	b'\xe8\x83'	1255
1250	(435, 360)	' such'	1256
1251	(327, 265)	'ower'	1257
1252	(32, 793)	' You'	1258
1253	(257, 119)	' aw'	1259
1254	(273, 372)	' col'	1260
1255	(500, 150)	'化'	1261
1256	(119, 110)	'wn'	1262
1257	(108, 555)	'lud'	1263
1258	(856, 115)	' years'	1264
1259	(458, 116)	' att'	1265
1260	(308, 750)	' great'	1266
1261	(233, 170)	b'\xe9\xaa'	1267
1262	(411, 291)	'ular'	1268
1263	(322, 112)	' rep'	1269
1264	(108, 105)	'li'	1270
1265	(232, 163)	b'\xe8\xa3'	1271
1266	(273, 258)	' che'	1272
1267	(382, 110)	'urn'	1273
1268	(506, 159)	'原'	1274
1269	(579, 180)	'间'	1275
1270	(910, 910)	'哈哈'	1276
1271	(300, 639)	' long'	1277
1272	(105, 737)	'ible'	1278
1273	(333, 177)	'共'	1279
1274	(1136, 187)	'系'	1280
1275	(290, 140)	'二'	1281
1276	(517, 168)	'表'	1282
1277	(256, 395)	' tra'	1283
1278	(526, 154)	'通'	1284
1279	(231, 178)	b'\xe7\xb2'	1285
1280	(654, 153)	'候'	1286
1281	(266, 154)	'业'	1287
1282	(576, 281)	'aking'	1288
1283	(482, 455)	'这个'	1289
1284	(111, 372)	'ool'	1290
1285	(111, 404)	'ock'	1291
1286	(366, 398)	' And'	1292
1287	(49, 50)	'12'	1293
1288	(231, 143)	b'\xe7\x8f'	1294
1289	(414, 184)	'常'	1295
1290	(420, 147)	'打'	1296
1291	(435, 465)	' supp'	1297
1292	(318, 109)	' em'	1298
1293	(316, 139)	'友'	1299
1294	(106, 1025)	'ject'	1300
1295	(102, 411)	'ful'	1301
1296	(273, 549)	' call'	1302
1297	(288, 912)	' down'	1303
1298	(283, 442)	' pers'	1304
1299	(321, 1078)	' before'	1305
1300	(317, 187)	'任'	1306
1301	(801, 498)	' again'	1307
1302	(270, 532)	'ities'	1308
1303	(314, 512)	'stem'	1309
1304	(101, 99)	'ec'	1310
1305	(333, 179)	'关'	1311
1306	(118, 278)	'ves'	1312
1307	(728, 139)	'立'	1313
1308	(230, 165)	b'\xe6\xa5'	1314
1309	(348, 147)	'–'	1315
1310	(99, 287)	'ced'	1316
1311	(267, 513)	'ative'	1317
1312	(230, 161)	b'\xe6\xa1'	1318
1313	(861, 156)	'喜'	1319
1314	(427, 99)	' dec'	1320
1315	(230, 185)	b'\xe6\xb9'	1321
1316	(295, 615)	' though'	1322
1317	(231, 160)	b'\xe7\xa0'	1323
1318	(232, 141)	b'\xe8\x8d'	1324
1319	(305, 159)	'期'	1325
1320	(286, 432)	'alth'	1326
1321	(258, 115)	'hes'	1327
1322	(233, 133)	b'\xe9\x85'	1328
1323	(502, 115)	'ments'	1329
1324	(963, 186)	'建'	1330
1325	(308, 570)	' game'	1331
1326	(357, 148)	'尔'	1332
1327	(369, 260)	' here'	1333
1328	(536, 174)	'目'	1334
1329	(322, 103)	' reg'	1335
1330	(99, 440)	'cess'	1336
1331	(551, 139)	'王'	1337
1332	(118, 323)	'vent'	1338
1333	(381, 129)	'十'	1339
1334	(49, 56)	'18'	1340
1335	(265, 116)	'ert'	1341
1336	(230, 141)	b'\xe6\x8d'	1342
1337	(388, 115)	' ass'	1343
1338	(286, 115)	'als'	1344
1339	(511, 179)	'至'	1345
1340	(322, 351)	' read'	1346
1341	(516, 848)	' child'	1347
1342	(101, 260)	'ere'	1348
1343	(435, 98)	' sub'	1349
1344	(284, 141)	'」'	1350
1345	(284, 140)	'「'	1351
1346	(232, 142)	b'\xe8\x8e'	1352
1347	(84, 619)	'That'	1353
1348	(536, 180)	'直'	1354
1349	(378, 286)	'ational'	1355
1350	(714, 142)	'城'	1356
1351	(646, 281)	' going'	1357
1352	(270, 115)	'its'	1358
1353	(501, 148)	'应'	1359
1354	(341, 131)	'吃'	1360
1355	(435, 260)	' sure'	1361
1356	(272, 98)	' ob'	1362
1357	(654, 139)	'個'	1363
1358	(108, 301)	'lic'	1364
1359	(423, 178)	'已'	1365
1360	(304, 102)	' If'	1366
1361	(277, 589)	'anks'	1367
1362	(480, 687)	'为什么'	1368
1363	(324, 349)	'是一'	1369
1364	(842, 140)	'界'	1370
1365	(1059, 102)	'self'	1371
1366	(101, 119)	'ew'	1372
1367	(111, 311)	'oll'	1373
1368	(229, 148)	b'\xe5\x94'	1374
1369	(267, 360)	'atch'	1375
1370	(101, 818)	'eah'	1376
1371	(661, 1280)	'时候'	1377
1372	(229, 168)	b'\xe5\xa8'	1378
1373	(660, 162)	'欢'	1379
1374	(381, 128)	'區'	1380
1375	(279, 613)	' find'	1381
1376	(103, 330)	'get'	1382
1377	(112, 115)	'ps'	1383
1378	(274, 109)	'ism'	1384
1379	(887, 401)	' better'	1385
1380	(509, 329)	'pect'	1386
1381	(576, 278)	'akes'	1387
1382	(684, 187)	'活'	1388
1383	(974, 659)	'觉得'	1389
1384	(264, 382)	' sur'	1390
1385	(389, 465)	' happ'	1391
1386	(831, 405)	'velop'	1392
1387	(934, 889)	' point'	1393
1388	(726, 110)	' Un'	1394
1389	(111, 352)	'old'	1395
1390	(266, 164)	'两'	1396
1391	(321, 108)	' bel'	1397
1392	(49, 49)	'11'	1398
1393	(357, 145)	'少'	1399
1394	(282, 945)	' made'	1400
1395	(1191, 916)	' something'	1401
1396	(302, 287)	'ased'	1402
1397	(229, 160)	b'\xe5\xa0'	1403
1398	(427, 102)	' def'	1404
1399	(73, 110)	'In'	1405
1400	(439, 313)	'ably'	1407
1401	(230, 174)	b'\xe6\xae'	1408
1402	(256, 638)	' take'	1409
1403	(296, 314)	' inst'	1410
1404	(257, 99)	' ac'	1411
1405	(432, 281)	'thing'	1412
1406	(425, 346)	' But'	1413
1407	(420, 141)	'才'	1414
1408	(259, 115)	'ins'	1415
1409	(273, 291)	' car'	1416
1410	(110, 103)	'ng'	1417
1411	(256, 597)	' try'	1418
1412	(616, 138)	'把'	1419
1413	(32, 546)	' end'	1420
1414	(230, 162)	b'\xe6\xa2'	1421
1415	(97, 312)	'ave'	1422
1416	(297, 1067)	' high'	1423
1417	(805, 152)	'题'	1424
1418	(557, 152)	'员'	1425
1419	(363, 541)	' start'	1426
1420	(288, 343)	' day'	1427
1421	(421, 99)	' sec'	1428
1422	(101, 102)	'ef'	1429
1423	(748, 533)	' feel'	1430
1424	(229, 132)	b'\xe5\x84'	1431
1425	(105, 287)	'ied'	1432
1426	(230, 168)	b'\xe6\xa8'	1433
1427	(459, 358)	' never'	1434
1428	(121, 115)	'ys'	1435
1429	(443, 833)	' produ'	1436
1430	(396, 519)	'ility'	1437
1431	(382, 281)	'uring'	1438
1432	(230, 146)	b'\xe6\x92'	1439
1433	(229, 131)	b'\xe5\x83'	1440
1434	(101, 358)	'ever'	1441
1435	(456, 145)	'金'	1442
1436	(604, 162)	'院'	1443
1437	(446, 121)	' They'	1444
1438	(720, 161)	'信'	1445
1439	(399, 735)	'我们'	1446
1440	(327, 115)	'ows'	1447
1441	(977, 792)	'知道'	1448
1442	(345, 278)	'imes'	1449
1443	(355, 182)	'制'	1450
1444	(116, 947)	'tty'	1451
1445	(823, 189)	'白'	1452
1446	(514, 164)	'此'	1453
1447	(103, 103)	'gg'	1454
1448	(283, 694)	' post'	1455
1449	(259, 361)	'ince'	1456
1450	(119, 770)	'ways'	1457
1451	(116, 258)	'the'	1458
1452	(286, 107)	'alk'	1459
1453	(87, 619)	'What'	1460
1454	(395, 329)	'ract'	1461
1455	(614, 129)	'流'	1462
1456	(270, 287)	'ited'	1463
1457	(897, 274)	'This'	1464
1458	(714, 186)	'基'	1465
1459	(318, 291)	' ear'	1466
1460	(418, 100)	' mod'	1467
1461	(282, 263)	' mon'	1468
1462	(317, 138)	'今'	1469
1463	(114, 301)	'ric'	1470
1464	(366, 108)	' Al'	1471
1465	(230, 182)	b'\xe6\xb6'	1472
1466	(361, 609)	'cept'	1473
1467	(487, 48)	'200'	1474
1468	(515, 133)	'内'	1475
1469	(488, 129)	'见'	1476
1470	(744, 180)	'更'	1477
1471	(737, 109)	'blem'	1478
1472	(110, 440)	'ness'	1479
1473	(468, 187)	'总'	1480
1474	(1053, 1303)	' system'	1481
1475	(8005, 1035)	' different'	1482
1476	(863, 412)	'现在'	1483
1477	(272, 1256)	' own'	1484
1478	(279, 462)	' fun'	1485
1479	(317, 142)	'从'	1486
1480	(1172, 172)	'马'	1487
1481	(231, 182)	b'\xe7\xb6'	1488
1482	(302, 263)	'ason'	1489
1483	(319, 101)	'ote'	1490
1484	(99, 121)	'cy'	1491
1485	(769, 159)	'江'	1492
1486	(291, 360)	'arch'	1493
1487	(1004, 275)	'ween'	1494
1488	(232, 143)	b'\xe8\x8f'	1495
1489	(264, 330)	' set'	1496
1490	(267, 403)	'ather'	1497
1491	(300, 319)	' lot'	1498
1492	(230, 163)	b'\xe6\xa3'	1499
1493	(333, 165)	'入'	1500
1494	(49, 53)	'15'	1501
1495	(115, 115)	'ss'	1502
1496	(231, 181)	b'\xe7\xb5'	1503
1497	(117, 508)	'ures'	1504
1498	(514, 187)	'死'	1505
1499	(703, 610)	' around'	1506
1500	(488, 134)	'视'	1507
1501	(230, 187)	b'\xe6\xbb'	1508
1502	(676, 324)	'还是'	1509
1503	(97, 370)	'air'	1510
1504	(291, 109)	'arm'	1511
1505	(1298, 263)	' person'	1512
1506	(264, 345)	' sim'	1513
1507	(483, 176)	'称'	1514
1508	(488, 163)	'解'	1515
1509	(32, 54)	' 6'	1516
1510	(233, 150)	b'\xe9\x96'	1517
1511	(794, 166)	'车'	1518
1512	(581, 121)	'ody'	1519
1513	(268, 114)	' wr'	1520
1514	(108, 448)	'land'	1521
1515	(282, 259)	' min'	1522
1516	(283, 104)	' ph'	1523
1517	(295, 281)	' thing'	1524
1518	(230, 130)	b'\xe6\x82'	1525
1519	(427, 1386)	' develop'	1526
1520	(316, 184)	'司'	1527
1521	(528, 188)	'格'	1528
1522	(231, 184)	b'\xe7\xb8'	1529
1523	(282, 330)	' met'	1530
1524	(380, 121)	' why'	1531
1525	(347, 109)	' form'	1532
1526	(320, 180)	'头'	1533
1527	(301, 447)	'ically'	1534
1528	(264, 108)	' sl'	1535
1529	(1313, 1373)	'喜欢'	1536
1530	(33, 33)	'!!'	1537
1531	(286, 101)	'ale'	1538
1532	(443, 118)	' prov'	1539
1533	(461, 179)	'河'	1540
1534	(443, 1471)	' problem'	1541
1535	(887, 1487)	' between'	1542
1536	(231, 151)	b'\xe7\x97'	1543
1537	(461, 187)	'治'	1544
1538	(982, 158)	'神'	1545
1539	(925, 177)	'花'	1546
1540	(825, 825)	'        '	1547
1541	(273, 874)	' count'	1548
1542	(463, 101)	' We'	1549
1543	(648, 151)	'林'	1550
1544	(115, 104)	'sh'	1551
1545	(264, 107)	' sk'	1552
1546	(499, 160)	'几'	1553
1547	(515, 141)	'再'	1554
1548	(97, 122)	'az'	1555
1549	(360, 1284)	'chool'	1556
1550	(231, 150)	b'\xe7\x96'	1557
1551	(310, 159)	'星'	1558
1552	(322, 286)	' real'	1559
1553	(716, 133)	'清'	1560
1554	(906, 988)	' actually'	1561
1555	(786, 1444)	' pretty'	1562
1556	(72, 101)	'He'	1563
1557	(268, 894)	' water'	1564
1558	(105, 120)	'ix'	1565
1559	(550, 352)	' world'	1566
1560	(279, 610)	' found'	1567
1561	(256, 121)	' ty'	1568
1562	(450, 98)	'rib'	1569
1563	(515, 155)	'军'	1570
1564	(380, 891)	' while'	1571
1565	(300, 984)	' love'	1572
1566	(279, 954)	' fuck'	1573
1567	(316, 141)	'反'	1574
1568	(229, 161)	b'\xe5\xa1'	1575
1569	(474, 277)	' mean'	1576
1570	(975, 142)	'风'	1577
1571	(230, 186)	b'\xe6\xba'	1578
1572	(296, 118)	' inv'	1579
1573	(807, 918)	'英语'	1580
1574	(829, 153)	'香'	1581
1575	(701, 1092)	'如果'	1582
1576	(470, 129)	'品'	1583
1577	(297, 448)	' hand'	1584
1578	(391, 589)	'ooks'	1585
1579	(300, 1207)	' life'	1586
1580	(229, 152)	b'\xe5\x98'	1587
1581	(108, 440)	'less'	1588
1582	(993, 178)	'色'	1589
1583	(375, 151)	'字'	1590
1584	(309, 467)	' num'	1591
1585	(882, 680)	' trans'	1592
1586	(308, 108)	' gl'	1593
1587	(346, 307)	'ution'	1594
1588	(505, 143)	'式'	1595
1589	(288, 105)	' di'	1596
1590	(471, 112)	' exp'	1597
1591	(32, 323)	' ent'	1598
1592	(336, 323)	'ident'	1599
1593	(116, 275)	'ten'	1600
1594	(346, 101)	'ute'	1601
1595	(282, 495)	' might'	1602
1596	(363, 114)	' str'	1603
1597	(584, 158)	'非'	1604
1598	(747, 165)	'接'	1605
1599	(707, 101)	'ize'	1606
1600	(471, 116)	' ext'	1607
1601	(276, 1203)	' both'	1608
1602	(344, 619)	' That'	1609
1603	(117, 99)	'uc'	1610
1604	(405, 101)	'ope'	1611
1605	(303, 109)	'omm'	1612
1606	(259, 278)	'ines'	1613
1607	(326, 961)	" you're"	1614
1608	(119, 553)	'ward'	1615
1609	(1013, 171)	'士'	1616
1610	(557, 162)	'呢'	1617
1611	(272, 112)	' op'	1618
1612	(231, 188)	b'\xe7\xbc'	1619
1613	(32, 287)	' ed'	1620
1614	(273, 382)	' cur'	1621
1615	(460, 115)	'ists'	1622
1616	(381, 142)	'华'	1623
1617	(232, 177)	b'\xe8\xb1'	1624
1618	(543, 148)	'气'	1625
1619	(295, 1166)	' thought'	1626
1620	(233, 147)	b'\xe9\x93'	1627
1621	(829, 150)	'首'	1628
1622	(49, 54)	'16'	1629
1623	(1424, 191)	'儿'	1630
1624	(423, 180)	'巴'	1631
1625	(232, 187)	b'\xe8\xbb'	1632
1626	(749, 191)	'阿'	1633
1627	(587, 190)	'放'	1634
1628	(1012, 301)	'meric'	1635
1629	(338, 186)	'场'	1636
1630	(316, 151)	'受'	1637
1631	(1116, 179)	'音'	1638
1632	(379, 155)	'四'	1639
1633	(357, 188)	'尼'	1640
1634	(992, 306)	'ittle'	1641
1635	(748, 119)	' few'	1642
1636	(276, 449)	' best'	1643
1637	(280, 110)	'orn'	1644
1638	(229, 162)	b'\xe5\xa2'	1645
1639	(296, 401)	' inter'	1646
1640	(100, 343)	'day'	1647
1641	(116, 115)	'ts'	1648
1642	(103, 277)	'gan'	1649
1643	(368, 111)	' So'	1650
1644	(8004, 109)	"I'm"	1651
1645	(809, 135)	'指'	1652
1646	(318, 118)	' ev'	1653
1647	(644, 190)	'爾'	1654
1648	(586, 784)	'日本'	1655
1649	(232, 173)	b'\xe8\xad'	1656
1650	(98, 1400)	'bably'	1657
1651	(383, 133)	'待'	1658
1652	(279, 668)	' fact'	1659
1653	(300, 567)	' last'	1660
1654	(327, 281)	'owing'	1661
1655	(290, 154)	'亚'	1662
1656	(97, 120)	'ax'	1663
1657	(305, 131)	'會'	1664
1658	(421, 512)	' seem'	1665
1659	(450, 546)	'riend'	1666
1660	(267, 97)	'ata'	1667
1661	(108, 287)	'led'	1669
1662	(471, 641)	' exper'	1670
1663	(365, 1083)	'人口'	1671
1664	(296, 115)	' ins'	1672
1665	(807, 1062)	'英語'	1673
1666	(105, 111)	'io'	1674
1667	(282, 287)	' med'	1675
1668	(468, 157)	'思'	1676
1669	(414, 131)	'布'	1677
1670	(283, 508)	' pres'	1678
1671	(1024, 179)	'米'	1679
1672	(580, 324)	'都是'	1680
1673	(1433, 143)	'像'	1681
1674	(367, 182)	'并'	1682
1675	(496, 1450)	' always'	1683
1676	(353, 278)	'ames'	1684
1677	(232, 179)	b'\xe8\xb3'	1685
1678	(422, 147)	'结'	1686
1679	(452, 115)	'ants'	1687
1680	(32, 602)	' ide'	1688
1681	(953, 99)	' spec'	1689
1682	(590, 119)	'iew'	1690
1683	(232, 145)	b'\xe8\x91'	1691
1684	(102, 1043)	'ffect'	1692
1685	(827, 139)	'程'	1693
1686	(872, 650)	" didn't"	1694
1687	(1045, 480)	'因为'	1695
1688	(337, 155)	'进'	1696
1689	(716, 175)	'港'	1697
1690	(328, 191)	'使'	1698
1691	(366, 110)	' An'	1699
1692	(258, 260)	'here'	1700
1693	(362, 132)	'评'	1701
1694	(503, 135)	'片'	1702
1695	(596, 143)	'每'	1703
1696	(232, 169)	b'\xe8\xa9'	1704
1697	(414, 136)	'师'	1705
1698	(776, 99)	' disc'	1706
1699	(1243, 265)	' gener'	1707
1700	(366, 115)	' As'	1708
1701	(73, 102)	'If'	1709
1702	(876, 186)	'空'	1710
1703	(535, 101)	' Re'	1711
1704	(731, 397)	" It's"	1712
1705	(297, 467)	' hum'	1713
1706	(454, 48)	' 10'	1714
1707	(49, 55)	'17'	1715
1708	(360, 110)	'chn'	1716
1709	(369, 1320)	' health'	1717
1710	(49, 51)	'13'	1718
1711	(350, 484)	' unt'	1719
1712	(288, 330)	' det'	1720
1713	(314, 448)	'stand'	1721
1714	(466, 431)	" can't"	1722
1715	(720, 157)	'保'	1723
1716	(608, 281)	' using'	1724
1717	(850, 190)	'难'	1725
1718	(927, 552)	' import'	1726
1719	(1241, 144)	'提'	1727
1720	(482, 873)	'这样'	1728
1721	(1065, 1364)	'世界'	1729
1722	(283, 346)	' put'	1730
1723	(280, 107)	'ork'	1731
1724	(835, 48)	' 200'	1732
1725	(275, 335)	'ense'	1733
1726	(332, 144)	'乐'	1734
1727	(318, 108)	' el'	1735
1728	(103, 121)	'gy'	1736
1729	(1155, 190)	'社'	1737
1730	(514, 140)	'歌'	1738
1731	(477, 186)	'论'	1739
1732	(342, 152)	'战'	1740
1733	(117, 278)	'ues'	1741
1734	(561, 831)	' level'	1742
1735	(295, 904)	' things'	1743
1736	(49, 52)	'14'	1744
1737	(316, 164)	'古'	1745
1738	(318, 857)	' each'	1746
1739	(332, 166)	'书'	1747
1740	(230, 154)	b'\xe6\x9a'	1748
1741	(264, 902)	' sign'	1749
1742	(427, 112)	' dep'	1750
1743	(1342, 314)	'erest'	1751
1744	(229, 158)	b'\xe5\x9e'	1752
1745	(1113, 121)	'ology'	1753
1746	(102, 108)	'fl'	1754
1747	(272, 352)	' old'	1755
1748	(300, 1634)	' little'	1756
1749	(276, 351)	' bad'	1757
1750	(334, 112)	'rop'	1758
1751	(703, 116)	' art'	1760
1752	(724, 682)	'公里'	1761
1753	(117, 398)	'und'	1762
1754	(300, 330)	' let'	1763
1755	(354, 140)	'完'	1764
1756	(339, 397)	" that's"	1765
1757	(885, 294)	'真的'	1766
1758	(300, 291)	' lar'	1767
1759	(297, 553)	' hard'	1768
1760	(579, 168)	'门'	1769
1761	(1201, 718)	' keep'	1770
1762	(429, 462)	' run'	1771
1763	(8001, 312)	" I've"	1772
1764	(290, 164)	'交'	1773
1765	(471, 353)	' exam'	1774
1766	(277, 121)	'any'	1775
1767	(273, 260)	' cre'	1776
1768	(478, 613)	' kind'	1777
1769	(554, 176)	'数'	1778
1770	(516, 291)	' char'	1779
1771	(317, 183)	'价'	1780
1772	(375, 169)	'孩'	1781
1773	(99, 265)	'cer'	1782
1774	(304, 115)	' Is'	1783
1775	(382, 286)	'ural'	1784
1776	(320, 132)	'处'	1785
1777	(933, 161)	'管'	1786
1778	(456, 143)	'量'	1787
1779	(300, 440)	' less'	1788
1780	(679, 48)	'000'	1789
1781	(279, 353)	' fam'	1790
1782	(1135, 929)	'哪些'	1791
1783	(464, 327)	' How'	1792
1784	(318, 1684)	' effect'	1793
1785	(273, 97)	' ca'	1794
1786	(230, 133)	b'\xe6\x85'	1795
1787	(763, 306)	' comple'	1796
1788	(269, 335)	'ouse'	1797
1789	(337, 144)	'运'	1798
1790	(691, 174)	'普'	1799
1791	(111, 104)	'oh'	1800
1792	(290, 172)	'京'	1801
1793	(229, 169)	b'\xe5\xa9'	1802
1794	(273, 306)	' cle'	1803
1795	(231, 191)	b'\xe7\xbf'	1804
1796	(744, 190)	'曾'	1805
1797	(103, 265)	'ger'	1806
1798	(317, 182)	'件'	1807
1799	(32, 55)	' 7'	1808
1800	(477, 164)	'认'	1809
1801	(283, 372)	' pol'	1810
1802	(318, 302)	' eas'	1811
1803	(111, 120)	'ox'	1812
1804	(32, 56)	' 8'	1813
1805	(322, 102)	' ref'	1814
1806	(231, 140)	b'\xe7\x8c'	1815
1807	(233, 160)	b'\xe9\xa0'	1816
1808	(855, 139)	'始'	1817
1809	(283, 1163)	' poss'	1818
1810	(1082, 128)	'言'	1819
1811	(445, 270)	' shit'	1820
1812	(471, 666)	' expl'	1821
1813	(322, 335)	' rese'	1822
1814	(231, 161)	b'\xe7\xa1'	1823
1815	(626, 324)	'也是'	1824
1816	(627, 735)	'他们'	1825
1817	(354, 131)	'它'	1826
1818	(100, 265)	'der'	1827
1819	(738, 159)	'跟'	1828
1820	(101, 120)	'ex'	1829
1821	(105, 265)	'ier'	1830
1822	(229, 130)	b'\xe5\x82'	1831
1823	(273, 323)	' cent'	1832
1824	(112, 114)	'pr'	1833
1825	(827, 177)	'稱'	1834
1826	(296, 1072)	' inform'	1835
1827	(505, 160)	'张'	1836
1828	(937, 138)	'越'	1837
1829	(707, 287)	'ized'	1838
1830	(316, 178)	'史'	1839
1831	(700, 353)	' team'	1840
1832	(264, 1449)	' since'	1841
1833	(308, 513)	' give'	1842
1834	(330, 121)	'ety'	1843
1835	(283, 892)	' pub'	1844
1836	(969, 650)	" doesn't"	1845
1837	(267, 607)	'ature'	1846
1838	(105, 1041)	'ivers'	1847
1839	(1229, 177)	'钱'	1848
1840	(810, 449)	' quest'	1850
1841	(266, 135)	'万'	1851
1842	(414, 166)	'带'	1852
1843	(333, 137)	'光'	1853
1844	(301, 278)	'ices'	1854
1845	(89, 1370)	'Yeah'	1855
1846	(259, 286)	'inal'	1856
1847	(232, 133)	b'\xe8\x85'	1857
1848	(277, 110)	'ann'	1858
1849	(111, 319)	'oot'	1859
1850	(257, 118)	' av'	1860
1851	(550, 100)	' word'	1861
1852	(528, 161)	'校'	1862
1853	(291, 115)	'ars'	1863
1854	(390, 394)	' without'	1864
1855	(490, 286)	' val'	1865
1856	(322, 489)	' requ'	1866
1857	(454, 56)	' 18'	1867
1858	(99, 263)	'con'	1868
1859	(355, 151)	'列'	1869
1860	(232, 178)	b'\xe8\xb2'	1870
1861	(109, 101)	'me'	1871
1862	(537, 158)	'属'	1872
1863	(443, 1650)	' probably'	1873
1864	(279, 1367)	' foll'	1874
1865	(8009, 1293)	'朋友'	1875
1866	(370, 100)	'ird'	1876
1867	(267, 115)	'ats'	1877
1868	(1391, 590)	' belie'	1878
1869	(1169, 549)	' small'	1879
1870	(32, 57)	' 9'	1880
1871	(973, 145)	'黑'	1881
1872	(78, 111)	'No'	1882
1873	(728, 153)	'站'	1883
1874	(99, 108)	'cl'	1884
1875	(598, 278)	'ages'	1885
1876	(101, 101)	'ee'	1886
1877	(1015, 397)	"It's"	1888
1878	(500, 133)	'包'	1889
1879	(933, 151)	'算'	1890
1880	(264, 1549)	' school'	1891
1881	(501, 156)	'府'	1893
1882	(920, 145)	'网'	1894
1883	(482, 479)	'这么'	1895
1884	(357, 134)	'将'	1896
1885	(257, 346)	' aut'	1897
1886	(305, 157)	'朝'	1898
1887	(233, 165)	b'\xe9\xa5'	1900
1888	(285, 1156)	' another'	1901
1889	(231, 133)	b'\xe7\x85'	1902
1890	(724, 1520)	'公司'	1903
1891	(233, 190)	b'\xe9\xbe'	1904
1892	(866, 504)	'美国'	1905
1893	(273, 114)	' cr'	1906
1894	(300, 837)	' loc'	1907
1895	(624, 167)	'剧'	1908
1896	(332, 176)	'买'	1909
1897	(868, 148)	'联'	1910
1898	(45, 45)	'--'	1911
1899	(282, 433)	' must'	1912
1900	(490, 291)	' var'	1913
1901	(1103, 143)	'福'	1914
1902	(288, 1431)	' during'	1915
1903	(677, 577)	' someone'	1916
1904	(381, 149)	'单'	1917
1905	(457, 101)	' come'	1918
1906	(366, 114)	' Ar'	1919
1907	(316, 152)	'变'	1920
1908	(233, 173)	b'\xe9\xad'	1921
1909	(270, 403)	'ither'	1922
1910	(477, 161)	'计'	1923
1911	(283, 405)	' pop'	1924
1912	(305, 155)	'望'	1925
1913	(276, 270)	' bit'	1926
1914	(1341, 880)	' children'	1927
1915	(290, 148)	'五'	1928
1916	(288, 460)	' dist'	1929
1917	(279, 1659)	' friend'	1930
1918	(783, 129)	'谁'	1931
1919	(341, 145)	'向'	1932
1920	(716, 184)	'游'	1933
1921	(548, 828)	' place'	1934
1922	(365, 955)	'人民'	1935
1923	(283, 267)	' pat'	1936
1924	(264, 372)	' sol'	1937
1925	(451, 115)	'uss'	1938
1926	(809, 129)	'持'	1939
1927	(332, 137)	'义'	1940
1928	(379, 190)	'图'	1941
1929	(111, 107)	'ok'	1942
1930	(575, 162)	'形'	1943
1931	(587, 185)	'改'	1944
1932	(1057, 1713)	' understand'	1945
1933	(294, 1371)	'的时候'	1946
1934	(401, 115)	'ters'	1947
1935	(232, 140)	b'\xe8\x8c'	1948
1936	(651, 1743)	' interest'	1949
1937	(333, 136)	'先'	1950
1938	(523, 280)	' For'	1951
1939	(288, 114)	' dr'	1952
1940	(279, 569)	' food'	1953
1941	(302, 278)	'ases'	1954
1942	(691, 130)	'時'	1955
1943	(1421, 905)	' second'	1956
1944	(920, 151)	'罗'	1957
1945	(1176, 1417)	'问题'	1958
1946	(230, 147)	b'\xe6\x93'	1959
1947	(900, 301)	' partic'	1960
1948	(305, 141)	'服'	1961
1949	(322, 116)	' ret'	1962
1950	(341, 132)	'各'	1963
1951	(526, 137)	'选'	1964
1952	(358, 110)	'vern'	1965
1953	(446, 260)	' There'	1966
1954	(302, 104)	'ash'	1967
1955	(673, 615)	' enough'	1968
1956	(330, 115)	'ets'	1969
1957	(534, 171)	'快'	1970
1958	(290, 158)	'亞'	1971
1959	(318, 358)	' ever'	1973
1960	(804, 135)	'與'	1974
1961	(98, 115)	'bs'	1975
1962	(114, 263)	'ron'	1976
1963	(1144, 353)	'gram'	1977
1964	(371, 143)	'族'	1978
1965	(256, 450)	' tri'	1979
1966	(273, 730)	' care'	1980
1967	(279, 114)	' fr'	1981
1968	(333, 131)	'元'	1982
1969	(590, 352)	'ield'	1983
1970	(276, 356)	' big'	1984
1971	(269, 110)	'oun'	1985
1972	(273, 280)	' cor'	1986
1973	(560, 176)	'走'	1987
1974	(420, 190)	'找'	1988
1975	(1063, 462)	' commun'	1989
1976	(117, 103)	'ug'	1990
1977	(1017, 788)	'平方'	1991
1978	(1718, 452)	' important'	1992
1979	(108, 594)	'line'	1993
1980	(282, 498)	' main'	1994
1981	(290, 167)	'产'	1995
1982	(101, 351)	'ead'	1996
1983	(739, 329)	'ruct'	1997
1984	(265, 281)	'ering'	1998
1985	(438, 735)	'你们'	1999
1986	(371, 169)	'早'	2000
1987	(463, 619)	' What'	2001
1988	(341, 172)	'听'	2002
1989	(477, 176)	'记'	2003
1990	(445, 327)	' show'	2004
1991	(561, 351)	' lead'	2005
1992	(593, 116)	'’t'	2006
1993	(821, 112)	' resp'	2007
1994	(230, 144)	b'\xe6\x90'	2008
1995	(733, 791)	' class'	2009
1996	(821, 785)	' result'	2010
1997	(337, 145)	'近'	2011
1998	(699, 185)	'边'	2012
1999	(72, 327)	'How'	2013
2000	(109, 277)	'man'	2014
2001	(309, 570)	' name'	2015
2002	(283, 1251)	' power'	2016
2003	(443, 1330)	' process'	2017
2004	(936, 349)	'第一'	2018
2005	(230, 145)	b'\xe6\x91'	2019
2006	(408, 408)	'....'	2020
2007	(259, 287)	'ined'	2021
2008	(388, 107)	' ask'	2022
2009	(288, 1660)	' data'	2023
2010	(437, 313)	'ately'	2024
2011	(783, 162)	'谢'	2025
2012	(276, 260)	' bre'	2026
2013	(610, 115)	'ounds'	2027
2014	(368, 104)	' Sh'	2028
2015	(99, 323)	'cent'	2029
2016	(416, 160)	'传'	2030
2017	(99, 303)	'com'	2032
2018	(823, 190)	'百'	2033
2019	(105, 323)	'ient'	2034
2020	(700, 1708)	' techn'	2035
2021	(381, 161)	'卡'	2036
2022	(880, 361)	'rence'	2037
2023	(1024, 187)	'类'	2038
2024	(273, 521)	' cour'	2040
2025	(1239, 121)	'ready'	2041
2026	(369, 351)	' head'	2042
2027	(229, 179)	b'\xe5\xb3'	2043
2028	(109, 98)	'mb'	2044
2029	(925, 130)	'节'	2045
2030	(231, 162)	b'\xe7\xa2'	2046
2031	(334, 108)	'rol'	2048
2032	(97, 270)	'ait'	2049
2033	(561, 567)	' least'	2050
2034	(1296, 287)	' called'	2051
2035	(560, 155)	'赛'	2052
2036	(1084, 324)	'但是'	2053
2037	(363, 437)	' state'	2054
2038	(557, 168)	'周'	2055
2039	(407, 177)	'東'	2056
2040	(260, 275)	'reen'	2057
2041	(1291, 552)	' support'	2058
2042	(441, 742)	'中國'	2059
2043	(231, 138)	b'\xe7\x8a'	2060
2044	(232, 151)	b'\xe8\x97'	2061
2045	(256, 449)	' test'	2062
2046	(353, 112)	'amp'	2063
2047	(486, 131)	'考'	2064
2048	(8001, 311)	" I'll"	2065
2049	(1574, 1689)	'香港'	2066
2050	(53, 48)	'50'	2067
2051	(282, 1381)	' makes'	2068
2052	(406, 188)	'眼'	2069
2053	(414, 140)	'希'	2070
2054	(232, 152)	b'\xe8\x98'	2071
2055	(684, 178)	'洲'	2072
2056	(1173, 177)	'深'	2073
2057	(1826, 378)	' information'	2074
2058	(1046, 848)	' build'	2075
2059	(110, 265)	'ner'	2076
2060	(97, 465)	'app'	2077
2061	(709, 1405)	' anything'	2078
2062	(230, 135)	b'\xe6\x87'	2079
2063	(359, 571)	'不要'	2080
2064	(97, 106)	'aj'	2081
2065	(334, 1495)	'ross'	2082
2066	(359, 591)	'不会'	2083
2067	(689, 134)	'集'	2084
2068	(531, 1366)	' New'	2085
2069	(260, 116)	'ret'	2086
2070	(505, 186)	'强'	2087
2071	(383, 174)	'微'	2088
2072	(97, 562)	'ared'	2089
2073	(577, 121)	'oney'	2090
2074	(381, 154)	'博'	2091
2075	(363, 448)	' stand'	2092
2076	(325, 115)	' iss'	2093
2077	(267, 116)	'att'	2094
2078	(395, 112)	'rap'	2095
2079	(233, 184)	b'\xe9\xb8'	2096
2080	(39, 311)	"'ll"	2097
2081	(231, 147)	b'\xe7\x93'	2098
2082	(700, 311)	' tell'	2099
2083	(419, 102)	' conf'	2100
2084	(293, 1593)	' often'	2101
2085	(336, 278)	'ides'	2102
2086	(444, 685)	'大学'	2103
2087	(264, 119)	' sw'	2104
2088	(557, 189)	'命'	2105
2089	(485, 287)	'osed'	2106
2090	(367, 191)	'广'	2107
2091	(283, 791)	' pass'	2108
2092	(297, 497)	' home'	2109
2093	(274, 1115)	'ished'	2110
2094	(561, 103)	' leg'	2111
2095	(333, 176)	'兰'	2112
2096	(319, 116)	'ott'	2113
2097	(496, 2025)	' already'	2114
2098	(365, 294)	'人的'	2115
2099	(459, 1167)	' next'	2116
2100	(1385, 275)	' happen'	2117
2101	(584, 146)	'青'	2118
2102	(289, 112)	' top'	2119
2103	(114, 286)	'ral'	2120
2104	(1584, 797)	' number'	2121
2105	(689, 187)	'電'	2122
2106	(642, 1121)	' getting'	2123
2107	(506, 134)	'历'	2124
2108	(310, 165)	'春'	2125
2109	(587, 175)	'支'	2126
2110	(117, 849)	'uff'	2127
2111	(83, 111)	'So'	2128
2112	(282, 267)	' mat'	2129
2113	(1432, 173)	'播'	2130
2114	(277, 101)	'ane'	2131
2115	(231, 175)	b'\xe7\xaf'	2132
2116	(322, 314)	' rest'	2133
2117	(295, 841)	' three'	2134
2118	(118, 697)	'vice'	2135
2119	(1301, 314)	' against'	2136
2120	(1335, 498)	'ertain'	2137
2121	(681, 57)	'199'	2138
2122	(865, 329)	'irect'	2139
2123	(233, 178)	b'\xe9\xb2'	2140
2124	(256, 1452)	' talk'	2142
2125	(674, 134)	'商'	2143
2126	(336, 115)	'ids'	2144
2127	(669, 664)	'可能'	2145
2128	(294, 761)	'的一个'	2146
2129	(434, 334)	' Pro'	2147
2130	(436, 158)	'办'	2148
2131	(516, 1246)	' change'	2149
2132	(266, 148)	'且'	2150
2133	(1461, 432)	' month'	2151
2134	(1315, 150)	'湖'	2152
2135	(300, 460)	' list'	2153
2136	(305, 170)	'未'	2154
2137	(51, 48)	'30'	2155
2138	(279, 291)	' far'	2156
2139	(354, 185)	'容'	2157
2140	(286, 519)	'ality'	2158
2141	(470, 165)	'哥'	2159
2142	(279, 841)	' free'	2160
2143	(490, 274)	' vis'	2161
2144	(1099, 974)	'感觉'	2162
2145	(407, 142)	'李'	2163
2146	(104, 768)	'hip'	2164
2147	(359, 664)	'不能'	2165
2148	(87, 101)	'We'	2166
2149	(823, 188)	'發'	2167
2150	(1353, 1161)	'应该'	2168
2151	(316, 183)	'号'	2169
2152	(559, 136)	'妈'	2170
2153	(261, 155)	'；'	2171
2154	(520, 306)	' able'	2172
2155	(109, 109)	'mm'	2173
2156	(764, 479)	'那么'	2174
2157	(354, 162)	'客'	2175
2158	(105, 562)	'ired'	2176
2159	(381, 131)	'千'	2177
2160	(323, 307)	'ention'	2178
2161	(691, 154)	'晚'	2179
2162	(453, 281)	' doing'	2180
2163	(300, 448)	' land'	2181
2164	(256, 1442)	' times'	2182
2165	(609, 307)	'ption'	2183
2166	(367, 178)	'干'	2184
2167	(279, 1165)	' full'	2185
2168	(42, 42)	'**'	2186
2169	(290, 178)	'亲'	2187
2170	(394, 104)	'outh'	2188
2171	(325, 650)	" isn't"	2189
2172	(1079, 149)	'動'	2190
2173	(231, 170)	b'\xe7\xaa'	2191
2174	(1977, 1752)	'平方公里'	2192
2175	(279, 259)	' fin'	2193
2176	(232, 146)	b'\xe8\x92'	2194
2177	(381, 180)	'却'	2195
2178	(730, 484)	'arent'	2196
2179	(104, 111)	'ho'	2197
2180	(316, 165)	'句'	2198
2181	(699, 190)	'达'	2199
2182	(422, 159)	'统'	2200
2183	(264, 572)	' sci'	2201
2184	(383, 140)	'後'	2202
2185	(553, 115)	'ards'	2203
2186	(578, 1651)	'看待'	2204
2187	(616, 128)	'技'	2205
2188	(320, 171)	'夫'	2206
2189	(322, 1482)	' reason'	2207
2190	(276, 1512)	' body'	2208
2191	(1711, 396)	' until'	2209
2192	(65, 398)	'And'	2210
2193	(960, 115)	'hys'	2211
2194	(585, 1382)	'生活'	2212
2195	(362, 183)	'请'	2213
2196	(98, 114)	'br'	2214
2197	(671, 167)	'级'	2215
2198	(381, 138)	'半'	2216
2199	(421, 275)	' seen'	2217
2200	(554, 133)	'故'	2218
2201	(121, 281)	'ying'	2219
2202	(1662, 105)	' experi'	2220
2203	(769, 130)	'求'	2221
2204	(665, 103)	'aug'	2222
2205	(256, 739)	' tru'	2223
2206	(280, 597)	'orry'	2224
2207	(321, 104)	' beh'	2225
2208	(276, 302)	' bas'	2226
2209	(528, 185)	'根'	2227
2210	(256, 1267)	' turn'	2228
2211	(862, 698)	'位于'	2229
2212	(1253, 343)	' away'	2230
2213	(382, 121)	'ury'	2231
2214	(596, 141)	'母'	2232
2215	(578, 611)	'看到'	2233
2216	(282, 451)	' mus'	2234
2217	(438, 294)	'你的'	2235
2218	(395, 259)	'rain'	2236
2219	(537, 172)	'屬'	2237
2220	(1744, 139)	'型'	2238
2221	(937, 133)	'超'	2239
2222	(1217, 153)	'错'	2240
2223	(1680, 97)	' idea'	2241
2224	(512, 797)	'ember'	2242
2225	(671, 191)	'线'	2243
2226	(1105, 941)	' students'	2244
2227	(288, 353)	' dam'	2245
2228	(752, 135)	'镇'	2246
2229	(318, 116)	' et'	2247
2230	(288, 577)	' done'	2248
2231	(749, 159)	'队'	2249
2232	(488, 146)	'角'	2250
2233	(387, 277)	' Can'	2251
2234	(525, 188)	'导'	2252
2235	(736, 145)	'笑'	2253
2236	(478, 402)	' kill'	2254
2237	(1611, 275)	' open'	2255
2238	(1772, 617)	'孩子'	2256
2239	(587, 182)	'收'	2257
2240	(1889, 167)	'照'	2258
2241	(114, 460)	'rist'	2259
2242	(504, 603)	'国家'	2260
2243	(1103, 187)	'离'	2261
2244	(32, 278)	' es'	2262
2245	(300, 495)	' light'	2263
2246	(1134, 171)	'火'	2264
2247	(668, 265)	'acter'	2265
2248	(482, 972)	'这种'	2266
2249	(105, 107)	'ik'	2267
2250	(683, 588)	'出来'	2269
2251	(583, 191)	'拿'	2270
2252	(310, 147)	'易'	2271
2253	(500, 187)	'医'	2272
2254	(555, 101)	'ude'	2273
2255	(515, 153)	'写'	2274
2256	(1705, 277)	' human'	2275
2257	(283, 382)	' pur'	2276
2258	(297, 521)	' hour'	2277
2259	(1317, 148)	'研'	2278
2260	(501, 149)	'底'	2279
2261	(354, 152)	'官'	2280
2262	(827, 174)	'種'	2281
2263	(557, 138)	'告'	2282
2264	(270, 286)	'ital'	2283
2265	(862, 914)	'位於'	2284
2266	(1128, 902)	' design'	2285
2267	(116, 111)	'to'	2286
2268	(304, 398)	' Ind'	2287
2269	(45, 115)	'-s'	2288
2270	(328, 143)	'住'	2289
2271	(498, 115)	'ains'	2290
2272	(470, 161)	'員'	2291
2273	(411, 378)	'ulation'	2292
2274	(443, 1963)	' program'	2293
2275	(32, 449)	' est'	2294
2276	(87, 834)	'Well'	2295
2277	(110, 97)	'na'	2296
2278	(116, 263)	'ton'	2297
2279	(1063, 263)	' common'	2298
2280	(429, 274)	' ris'	2299
2281	(548, 277)	' plan'	2300
2282	(124, 124)	'||'	2301
2283	(477, 190)	'设'	2302
2284	(272, 762)	' occ'	2303
2285	(111, 351)	'oad'	2304
2286	(290, 145)	'云'	2305
2287	(233, 186)	b'\xe9\xba'	2306
2288	(282, 1101)	' miss'	2307
2289	(506, 191)	'县'	2308
2290	(551, 169)	'玩'	2309
2291	(105, 467)	'ium'	2310
2292	(488, 130)	'观'	2311
2293	(450, 278)	'ries'	2312
2294	(288, 770)	' days'	2313
2295	(268, 291)	' war'	2314
2296	(109, 694)	'most'	2315
2297	(1359, 1026)	'已经'	2316
2298	(256, 750)	' treat'	2317
2299	(229, 153)	b'\xe5\x99'	2318
2300	(671, 166)	'约'	2319
2301	(337, 156)	'远'	2320
2302	(595, 336)	'ivid'	2321
2303	(110, 121)	'ny'	2322
2304	(385, 1782)	'有哪些'	2323
2305	(414, 157)	'帝'	2324
2306	(1347, 397)	"That's"	2325
2307	(937, 179)	'足'	2326
2308	(782, 259)	' contin'	2327
2309	(1401, 181)	'段'	2328
2310	(233, 142)	b'\xe9\x8e'	2329
2311	(819, 628)	'很多'	2330
2312	(231, 145)	b'\xe7\x91'	2331
2313	(259, 440)	'iness'	2332
2314	(1070, 281)	' looking'	2333
2315	(897, 1361)	'Thanks'	2334
2316	(671, 162)	'红'	2335
2317	(45, 98)	'-b'	2336
2318	(1124, 1357)	'的一個'	2337
2319	(389, 1109)	' having'	2338
2320	(282, 1282)	' making'	2339
2321	(288, 450)	' dri'	2340
2322	(474, 680)	' means'	2341
2323	(111, 102)	'of'	2342
2324	(526, 160)	'造'	2343
2325	(111, 118)	'ov'	2344
2326	(230, 169)	b'\xe6\xa9'	2345
2327	(118, 8014)	'viron'	2346
2328	(942, 568)	'所以'	2347
2329	(79, 104)	'Oh'	2348
2330	(985, 121)	' guy'	2349
2331	(574, 260)	'There'	2350
2332	(286, 102)	'alf'	2351
2333	(1617, 161)	'象'	2352
2334	(756, 349)	'之一'	2353
2335	(274, 287)	'ised'	2354
2336	(336, 265)	'ider'	2355
2337	(599, 114)	' Or'	2356
2338	(264, 270)	' sit'	2357
2339	(419, 100)	' cond'	2358
2340	(110, 319)	'not'	2359
2341	(1758, 426)	' large'	2360
2342	(83, 116)	'St'	2361
2343	(706, 168)	'质'	2362
2344	(273, 808)	' case'	2363
2345	(1838, 519)	'iversity'	2364
2346	(481, 101)	' De'	2365
2347	(268, 1369)	' watch'	2366
2348	(316, 171)	'叫'	2367
2349	(32, 90)	' Z'	2368
2350	(318, 489)	' equ'	2369
2351	(752, 183)	'長'	2370
2352	(282, 2073)	' money'	2371
2353	(8007, 110)	' learn'	2372
2354	(396, 291)	'ilar'	2373
2355	(766, 571)	'主要'	2374
2356	(265, 118)	'erv'	2375
2357	(949, 178)	'育'	2376
2358	(646, 1952)	' govern'	2377
2359	(69, 82)	'ER'	2378
2360	(1013, 176)	'声'	2379
2361	(233, 134)	b'\xe9\x86'	2380
2362	(100, 100)	'dd'	2381
2363	(108, 845)	'lish'	2382
2364	(300, 1578)	' looks'	2383
2365	(1288, 173)	'班'	2384
2366	(981, 313)	'iously'	2385
2367	(103, 275)	'gen'	2386
2368	(533, 115)	'els'	2387
2369	(323, 313)	'ently'	2388
2370	(632, 164)	'群'	2389
2371	(300, 1174)	' law'	2390
2372	(558, 162)	'波'	2391
2373	(370, 99)	'irc'	2392
2374	(265, 110)	'ern'	2393
2375	(1398, 259)	' defin'	2394
2376	(315, 330)	' yet'	2395
2377	(1105, 121)	' study'	2396
2378	(1273, 540)	'共和'	2397
2379	(794, 172)	'转'	2398
2380	(418, 312)	' move'	2399
2381	(1263, 552)	' report'	2400
2382	(714, 159)	'域'	2401
2383	(419, 314)	' const'	2402
2384	(676, 385)	'还有'	2403
2385	(108, 281)	'ling'	2404
2386	(270, 513)	'itive'	2405
2387	(1139, 1211)	'电影'	2406
2388	(305, 175)	'术'	2407
2389	(101, 562)	'ered'	2408
2390	(294, 324)	'的是'	2409
2391	(318, 1245)	' elect'	2410
2392	(109, 287)	'med'	2411
2393	(1765, 1118)	' example'	2412
2394	(407, 161)	'条'	2413
2395	(280, 432)	'orth'	2414
2396	(2310, 174)	'鎮'	2415
2397	(282, 613)	' mind'	2416
2398	(111, 278)	'oes'	2417
2399	(574, 121)	'They'	2418
2400	(264, 770)	' says'	2419
2401	(403, 115)	'hers'	2420
2402	(415, 1642)	' organ'	2421
2403	(475, 312)	' live'	2422
2404	(525, 134)	'密'	2423
2405	(283, 343)	' pay'	2424
2406	(270, 265)	'iter'	2425
2407	(266, 147)	'专'	2426
2408	(1835, 1358)	' public'	2427
2409	(1813, 1486)	' research'	2428
2410	(759, 179)	'石'	2429
2411	(300, 327)	' low'	2430
2412	(416, 138)	'伊'	2431
2413	(386, 135)	'奇'	2432
2414	(747, 168)	'推'	2433
2415	(231, 183)	b'\xe7\xb7'	2434
2416	(105, 680)	'ians'	2435
2417	(282, 291)	' mar'	2436
2418	(985, 440)	' guess'	2437
2419	(1213, 2186)	'如何看待'	2438
2420	(1279, 137)	'粉'	2439
2421	(307, 286)	'ional'	2440
2422	(355, 157)	'初'	2441
2423	(318, 1909)	' either'	2442
2424	(288, 395)	' dra'	2443
2425	(744, 178)	'曲'	2444
2426	(231, 134)	b'\xe7\x86'	2445
2427	(399, 294)	'我的'	2446
2428	(1266, 404)	' check'	2447
2429	(1727, 335)	' else'	2448
2430	(427, 109)	' dem'	2449
2431	(273, 723)	' cap'	2450
2432	(319, 115)	'ots'	2451
2433	(282, 275)	' men'	2452
2434	(231, 141)	b'\xe7\x8d'	2453
2435	(876, 182)	'究'	2454
2436	(272, 465)	' opp'	2455
2437	(50, 50)	'22'	2456
2438	(368, 101)	' Se'	2457
2439	(117, 334)	'uro'	2458
2440	(273, 834)	' cell'	2459
2441	(572, 447)	'cially'	2460
2442	(524, 581)	' God'	2461
2443	(8012, 107)	' week'	2462
2444	(368, 112)	' Sp'	2463
2445	(340, 361)	' once'	2464
2446	(65, 115)	'As'	2465
2447	(459, 291)	' near'	2466
2448	(906, 595)	' activ'	2467
2449	(256, 1233)	' term'	2468
2450	(726, 83)	' US'	2469
2451	(32, 81)	' Q'	2470
2452	(1536, 133)	'病'	2471
2453	(283, 485)	' pos'	2472
2454	(103, 259)	'gin'	2473
2455	(443, 102)	' prof'	2474
2456	(1214, 128)	'需'	2475
2457	(503, 153)	'牙'	2476
2458	(537, 149)	'展'	2477
2459	(268, 259)	' win'	2478
2460	(283, 498)	' pain'	2479
2461	(320, 141)	'复'	2480
2462	(39, 100)	"'d"	2481
2463	(503, 136)	'版'	2482
2464	(616, 165)	'报'	2483
2465	(316, 150)	'取'	2484
2466	(1809, 1272)	' possible'	2485
2467	(1561, 112)	' typ'	2486
2468	(99, 111)	'co'	2487
2469	(318, 121)	' ey'	2488
2470	(283, 1454)	' pract'	2489
2471	(363, 405)	' stop'	2490
2472	(275, 103)	'eng'	2491
2473	(73, 115)	'Is'	2492
2474	(283, 450)	' pri'	2493
2475	(104, 97)	'ha'	2494
2476	(32, 312)	' ve'	2495
2477	(514, 166)	'武'	2496
2478	(366, 116)	' At'	2497
2479	(370, 108)	'irl'	2498
2480	(561, 1232)	' left'	2499
2481	(282, 1157)	' mark'	2500
2482	(260, 353)	'ream'	2501
2483	(116, 287)	'ted'	2503
2484	(560, 132)	'资'	2504
2485	(451, 287)	'used'	2505
2486	(537, 128)	'局'	2506
2487	(711, 110)	' known'	2507
2488	(349, 873)	'一样'	2508
2489	(337, 158)	'连'	2509
2490	(522, 1410)	' Eng'	2510
2491	(105, 489)	'iqu'	2511
2492	(1614, 1035)	' current'	2512
2493	(501, 167)	'座'	2513
2494	(366, 102)	' Af'	2514
2495	(1625, 141)	'軍'	2515
2496	(681, 56)	'198'	2516
2497	(422, 132)	'组'	2517
2498	(264, 602)	' side'	2518
2499	(342, 143)	'戏'	2519
2500	(1199, 151)	'狗'	2520
2501	(476, 111)	' jo'	2521
2502	(322, 833)	' redu'	2522
2503	(8013, 275)	' women'	2523
2504	(256, 512)	' tem'	2524
2505	(2327, 502)	'vironment'	2525
2506	(673, 103)	' eng'	2526
2507	(364, 187)	'画'	2527
2508	(78, 319)	'Not'	2528
2509	(291, 281)	'aring'	2529
2510	(769, 137)	'汉'	2530
2511	(259, 97)	'ina'	2531
2512	(375, 152)	'存'	2532
2513	(901, 191)	'便'	2533
2514	(283, 291)	' par'	2534
2515	(1868, 312)	' believe'	2535
2516	(926, 175)	'息'	2536
2517	(903, 319)	' prot'	2537
2518	(423, 174)	'差'	2538
2519	(558, 168)	'注'	2539
2520	(303, 115)	'oms'	2541
2521	(276, 334)	' bro'	2542
2522	(320, 177)	'失'	2543
2523	(105, 280)	'ior'	2544
2524	(267, 280)	'ator'	2545
2525	(381, 176)	'印'	2546
2526	(933, 128)	'简'	2547
2527	(119, 343)	'way'	2548
2528	(45, 99)	'-c'	2549
2529	(425, 101)	' Be'	2550
2530	(8001, 100)	" I'd"	2551
2531	(276, 451)	' bus'	2552
2532	(2064, 280)	'ajor'	2553
2533	(336, 100)	'idd'	2554
2534	(1068, 189)	'落'	2555
2535	(297, 1604)	' hope'	2556
2536	(342, 191)	'房'	2557
2537	(288, 2122)	' direct'	2558
2538	(434, 108)	' Pl'	2559
2539	(1840, 307)	' question'	2560
2540	(276, 275)	' ben'	2561
2541	(775, 306)	' whole'	2562
2542	(1693, 1771)	'评价'	2563
2543	(270, 693)	'itions'	2564
2544	(265, 114)	'err'	2565
2545	(1411, 281)	' trying'	2566
2546	(599, 110)	' On'	2567
2547	(308, 1676)	' games'	2568
2548	(273, 2120)	' certain'	2569
2549	(749, 179)	'阳'	2570
2550	(66, 346)	'But'	2571
2551	(354, 157)	'宝'	2572
2552	(114, 327)	'row'	2573
2553	(387, 108)	' Cl'	2574
2554	(39, 312)	"'ve"	2575
2555	(1265, 133)	'装'	2576
2556	(73, 78)	'IN'	2577
2557	(542, 101)	' Le'	2578
2558	(392, 97)	' area'	2579
2559	(1696, 178)	'該'	2580
2560	(282, 396)	' mil'	2581
2561	(595, 278)	'ives'	2582
2562	(402, 307)	'illion'	2583
2563	(1522, 163)	'縣'	2584
2564	(283, 319)	' pot'	2585
2565	(259, 378)	'ination'	2586
2566	(115, 119)	'sw'	2587
2567	(581, 101)	'ode'	2588
2568	(415, 356)	' orig'	2589
2569	(263, 278)	'ones'	2590
2570	(538, 139)	'運'	2591
2571	(436, 159)	'功'	2592
2572	(1181, 778)	'工作'	2593
2573	(32, 122)	' z'	2594
2574	(422, 180)	'维'	2595
2575	(415, 1818)	' order'	2596
2576	(115, 99)	'sc'	2597
2577	(909, 334)	' appro'	2598
2578	(521, 361)	'ource'	2599
2579	(111, 336)	'oid'	2600
2580	(534, 133)	'必'	2601
2581	(99, 281)	'cing'	2602
2582	(1429, 329)	' product'	2603
2583	(832, 816)	'部分'	2604
2584	(265, 1728)	'ergy'	2605
2585	(359, 1441)	'不知道'	2606
2586	(232, 155)	b'\xe8\x9b'	2607
2587	(50, 53)	'25'	2608
2588	(50, 49)	'21'	2609
2589	(1658, 115)	' seems'	2610
2590	(233, 185)	b'\xe9\xb9'	2611
2591	(232, 188)	b'\xe8\xbc'	2612
2592	(713, 118)	' adv'	2613
2593	(805, 134)	'领'	2614
2594	(8006, 281)	' including'	2615
2595	(330, 104)	'eth'	2616
2596	(436, 161)	'务'	2617
2597	(65, 108)	'Al'	2618
2598	(550, 589)	' works'	2619
2599	(407, 131)	'权'	2620
2600	(1781, 1240)	' family'	2621
2601	(632, 133)	'羅'	2622
2602	(565, 294)	'好的'	2623
2603	(661, 1269)	'时间'	2624
2604	(707, 378)	'ization'	2625
2605	(65, 84)	'AT'	2626
2606	(324, 687)	'是什么'	2627
2607	(531, 111)	' No'	2628
2608	(349, 715)	'一下'	2629
2609	(1787, 1087)	' complete'	2630
2610	(289, 1640)	' today'	2631
2611	(531, 319)	' Not'	2632
2612	(1350, 806)	'城市'	2633
2613	(890, 281)	'ording'	2634
2614	(1122, 1881)	'政府'	2635
2615	(815, 148)	'答'	2636
2616	(444, 603)	'大家'	2637
2617	(273, 570)	' came'	2638
2618	(476, 1050)	' job'	2639
2619	(722, 589)	' thanks'	2640
2620	(913, 117)	'angu'	2641
2621	(302, 401)	'aster'	2642
2622	(409, 121)	' My'	2643
2623	(297, 121)	' hy'	2644
2624	(105, 373)	'ike'	2645
2625	(1128, 99)	' desc'	2646
2626	(1522, 189)	'總'	2647
2627	(102, 265)	'fer'	2648
2628	(782, 2031)	' control'	2649
2629	(119, 1723)	'work'	2650
2630	(760, 1361)	' Thanks'	2651
2631	(390, 259)	' within'	2652
2632	(105, 465)	'ipp'	2653
2633	(699, 131)	'较'	2654
2634	(232, 150)	b'\xe8\x96'	2655
2635	(1571, 144)	'源'	2656
2636	(117, 335)	'use'	2657
2637	(1513, 639)	' wrong'	2658
2638	(264, 281)	' sing'	2659
2639	(1021, 365)	'别人'	2660
2640	(787, 148)	'體'	2661
2641	(105, 581)	'iod'	2662
2642	(279, 396)	' fil'	2663
2643	(515, 179)	'决'	2664
2644	(384, 1425)	'ified'	2665
2645	(1117, 281)	' saying'	2666
2646	(1690, 771)	'使用'	2667
2647	(973, 132)	'黄'	2668
2648	(483, 175)	'积'	2669
2649	(230, 191)	b'\xe6\xbf'	2670
2650	(745, 115)	' others'	2671
2651	(273, 800)	' cause'	2672
2652	(1613, 1603)	' educ'	2673
2653	(79, 82)	'OR'	2674
2654	(710, 313)	'itely'	2675
2655	(608, 988)	' usually'	2676
2656	(320, 156)	'夜'	2677
2657	(894, 931)	'aterial'	2678
2658	(117, 562)	'ured'	2679
2659	(274, 307)	'ision'	2680
2660	(1501, 161)	'满'	2681
2661	(273, 694)	' cost'	2682
2662	(359, 725)	'不过'	2683
2663	(283, 2193)	' phys'	2684
2664	(1488, 175)	'華'	2685
2665	(842, 153)	'留'	2686
2666	(323, 931)	'ential'	2687
2667	(1459, 313)	' early'	2688
2668	(301, 306)	'icle'	2689
2669	(8008, 277)	' American'	2690
2670	(1850, 1034)	' avail'	2691
2671	(309, 697)	' nice'	2692
2672	(257, 370)	' air'	2693
2673	(1858, 303)	'conom'	2694
2674	(463, 104)	' Wh'	2695
2675	(919, 372)	' cool'	2696
2676	(975, 158)	'飞'	2697
2677	(362, 134)	'识'	2698
2678	(1315, 190)	'湾'	2699
2679	(10, 1540)	b'\n        '	2700
2680	(989, 1808)	'开始'	2701
2681	(278, 497)	'esome'	2702
2682	(864, 160)	'素'	2703
2683	(338, 159)	'土'	2704
2684	(50, 51)	'23'	2705
2685	(644, 182)	'父'	2706
2686	(468, 149)	'怕'	2707
2687	(1143, 173)	'热'	2708
2688	(855, 148)	'委'	2709
2689	(443, 641)	' proper'	2710
2690	(260, 329)	'rect'	2711
2691	(291, 99)	'arc'	2712
2692	(2024, 335)	' course'	2713
2693	(1308, 173)	'業'	2714
2694	(8015, 112)	' group'	2715
2695	(439, 1430)	'ability'	2716
2696	(348, 152)	'‘'	2717
2697	(383, 128)	'往'	2718
2698	(118, 1682)	'view'	2719
2699	(647, 433)	' Just'	2720
2700	(8002, 497)	' become'	2721
2701	(308, 395)	' gra'	2722
2702	(428, 916)	' nothing'	2723
2703	(407, 128)	'杀'	2724
2704	(354, 179)	'害'	2725
2705	(309, 263)	' non'	2726
2706	(829, 172)	'馬'	2727
2707	(267, 301)	'atic'	2728
2708	(300, 594)	' line'	2729
2709	(990, 324)	'只是'	2730
2710	(279, 260)	' fre'	2731
2711	(318, 849)	' eff'	2732
2712	(546, 281)	'ending'	2733
2713	(45, 100)	'-d'	2734
2714	(1279, 190)	'精'	2735
2715	(333, 171)	'八'	2736
2716	(927, 334)	' impro'	2737
2717	(306, 116)	'let'	2738
2718	(362, 149)	'试'	2739
2719	(375, 163)	'季'	2740
2720	(1208, 165)	'查'	2741
2721	(801, 841)	' agree'	2742
2722	(294, 765)	'的事'	2743
2723	(233, 177)	b'\xe9\xb1'	2744
2724	(259, 281)	'ining'	2745
2725	(509, 2441)	'pecially'	2746
2726	(425, 108)	' Bl'	2747
2727	(296, 1129)	' intern'	2748
2728	(554, 180)	'整'	2749
2729	(285, 116)	' ant'	2750
2730	(583, 141)	'拍'	2751
2731	(723, 115)	'aps'	2752
2732	(537, 133)	'居'	2753
2733	(279, 649)	' fore'	2754
2734	(379, 162)	'团'	2755
2735	(282, 2532)	' major'	2757
2736	(552, 462)	'ortun'	2758
2737	(346, 278)	'utes'	2759
2738	(345, 437)	'imate'	2760
2739	(95, 95)	'__'	2761
2740	(762, 440)	'ccess'	2762
2741	(230, 166)	b'\xe6\xa6'	2763
2742	(300, 894)	' later'	2764
2743	(1261, 140)	'验'	2765
2744	(1814, 174)	'确'	2766
2745	(283, 97)	' pa'	2767
2746	(604, 164)	'除'	2769
2747	(297, 1788)	' house'	2770
2748	(387, 263)	' Con'	2771
2749	(268, 323)	' went'	2772
2750	(2259, 2435)	'研究'	2773
2751	(1312, 136)	'案'	2774
2752	(995, 577)	' everyone'	2775
2753	(104, 280)	'hor'	2776
2754	(507, 1236)	' social'	2777
2755	(871, 1106)	'其实'	2778
2756	(306, 502)	'lement'	2779
2757	(97, 346)	'aut'	2780
2758	(369, 397)	" he's"	2781
2759	(349, 1348)	'一直'	2782
2760	(111, 358)	'over'	2783
2761	(366, 311)	' All'	2784
2762	(276, 111)	' bo'	2785
2763	(866, 742)	'美國'	2786
2764	(747, 146)	'排'	2787
2765	(105, 358)	'iver'	2788
2766	(463, 1230)	' When'	2789
2767	(2302, 1095)	'ividual'	2790
2768	(1541, 597)	' country'	2791
2769	(54, 48)	'60'	2792
2770	(323, 286)	'ental'	2793
2771	(77, 121)	'My'	2794
2772	(285, 345)	' anim'	2795
2773	(1561, 509)	' type'	2796
2774	(265, 121)	'ery'	2797
2775	(45, 102)	'-f'	2798
2776	(467, 112)	'ump'	2799
2777	(932, 569)	' blood'	2800
2778	(355, 154)	'刚'	2801
2779	(98, 111)	'bo'	2802
2780	(957, 294)	'自己的'	2803
2781	(454, 53)	' 15'	2804
2782	(477, 174)	'议'	2805
2783	(499, 134)	'准'	2806
2784	(654, 188)	'值'	2807
2785	(2299, 168)	'器'	2808
2786	(655, 572)	'soci'	2809
2787	(1681, 1158)	' specific'	2810
2788	(402, 115)	'ills'	2811
2789	(422, 157)	'绝'	2812
2790	(386, 165)	'奥'	2813
2791	(1006, 2241)	' Christ'	2814
2792	(108, 102)	'lf'	2815
2793	(471, 668)	' exact'	2816
2794	(230, 189)	b'\xe6\xbd'	2817
2795	(1288, 190)	'現'	2818
2796	(112, 552)	'port'	2819
2797	(1793, 154)	'婚'	2820
2798	(283, 567)	' past'	2821
2799	(496, 2296)	' almost'	2822
2800	(568, 1107)	'以及'	2823
2801	(598, 110)	'agn'	2824
2802	(1221, 155)	'岛'	2825
2803	(521, 1022)	'ources'	2826
2804	(349, 999)	'一起'	2827
2805	(435, 8021)	' suggest'	2828
2806	(32, 88)	' X'	2829
2807	(268, 2032)	' wait'	2830
2808	(986, 1792)	'北京'	2831
2809	(106, 1111)	'joy'	2832
2810	(444, 294)	'大的'	2833
2811	(871, 627)	'其他'	2834
2812	(1638, 131)	'境'	2835
2813	(1670, 323)	' present'	2836
2814	(328, 142)	'低'	2837
2815	(975, 159)	'食'	2838
2816	(334, 311)	'roll'	2839
2817	(1523, 104)	' meth'	2840
2818	(89, 278)	'Yes'	2841
2819	(341, 166)	'否'	2842
2820	(522, 120)	' Ex'	2843
2821	(471, 1380)	' expect'	2844
2822	(276, 767)	' book'	2845
2823	(462, 103)	'ung'	2846
2824	(1620, 129)	'铁'	2847
2825	(967, 719)	'然后'	2848
2826	(1794, 291)	' clear'	2849
2827	(801, 111)	' ago'	2850
2828	(576, 275)	'aken'	2851
2829	(446, 335)	' These'	2852
2830	(2205, 101)	' true'	2853
2831	(1046, 121)	' buy'	2854
2832	(1125, 790)	'东西'	2855
2833	(280, 532)	'ories'	2856
2834	(443, 1294)	' project'	2857
2835	(1199, 172)	'独'	2858
2836	(498, 287)	'ained'	2859
2837	(297, 2332)	' half'	2860
2838	(256, 260)	' tre'	2861
2839	(1891, 153)	'龙'	2862
2840	(923, 115)	' needs'	2863
2841	(381, 179)	'即'	2864
2842	(276, 1396)	' based'	2865
2843	(1677, 189)	'賽'	2866
2844	(445, 552)	' short'	2867
2845	(99, 1115)	'ched'	2868
2846	(309, 495)	' night'	2869
2847	(673, 2584)	' energy'	2870
2848	(546, 287)	'ended'	2871
2849	(112, 291)	'par'	2872
2850	(363, 2110)	' stuff'	2873
2851	(441, 294)	'中的'	2874
2852	(296, 102)	' inf'	2875
2853	(435, 641)	' super'	2876
2854	(1336, 174)	'据'	2877
2855	(279, 853)	' fav'	2878
2856	(416, 188)	'似'	2879
2857	(751, 135)	'假'	2880
2858	(97, 509)	'ape'	2881
2859	(273, 785)	' cult'	2882
2860	(2670, 753)	' available'	2883
2861	(108, 265)	'ler'	2884
2862	(282, 2657)	' material'	2885
2863	(283, 473)	' prom'	2886
2864	(32, 1592)	' ident'	2887
2865	(896, 281)	' working'	2888
2866	(333, 173)	'六'	2889
2867	(336, 854)	'idence'	2890
2868	(1388, 2345)	' University'	2891
2869	(344, 72)	' TH'	2892
2870	(429, 1490)	' rather'	2893
2871	(1481, 147)	'經'	2894
2872	(2054, 173)	'蘭'	2895
2873	(363, 939)	' story'	2896
2874	(563, 313)	' likely'	2897
2875	(467, 98)	'umb'	2898
2876	(8003, 873)	'怎样'	2899
2877	(2358, 502)	' government'	2900
2878	(523, 114)	' Fr'	2901
2879	(1372, 129)	'威'	2902
2880	(534, 181)	'念'	2903
2881	(637, 143)	'苏'	2904
2882	(1029, 57)	' 199'	2906
2883	(333, 183)	'具'	2907
2884	(87, 960)	'Why'	2908
2885	(300, 345)	' lim'	2909
2886	(334, 833)	'rodu'	2911
2887	(432, 615)	'though'	2912
2888	(119, 1692)	'where'	2913
2889	(103, 287)	'ged'	2914
2890	(52, 48)	'40'	2915
2891	(8017, 939)	' history'	2916
2892	(1193, 145)	'脑'	2917
2893	(764, 455)	'那个'	2918
2894	(1566, 281)	' fucking'	2919
2895	(333, 167)	'內'	2920
2896	(526, 159)	'速'	2921
2897	(230, 190)	b'\xe6\xbe'	2922
2898	(273, 395)	' cra'	2923
2899	(893, 874)	' amount'	2924
2900	(273, 286)	' cal'	2925
2901	(300, 97)	' la'	2926
2902	(868, 140)	'职'	2927
2903	(691, 175)	'景'	2929
2904	(870, 863)	'发现'	2930
2905	(409, 343)	' May'	2931
2906	(119, 119)	'ww'	2932
2907	(2280, 107)	' risk'	2933
2908	(897, 1220)	'Thank'	2934
2909	(477, 184)	'许'	2935
2910	(1130, 874)	' account'	2936
2911	(422, 136)	'终'	2937
2912	(99, 1321)	'ches'	2938
2913	(1194, 2767)	' individual'	2939
2914	(32, 48)	' 0'	2940
2915	(932, 652)	' black'	2941
2916	(1947, 1262)	' particular'	2942
2917	(733, 743)	' close'	2943
2918	(301, 785)	'icult'	2944
2919	(514, 165)	'步'	2945
2920	(461, 153)	'沙'	2946
2921	(1900, 105)	' vari'	2947
2922	(1122, 1537)	'政治'	2948
2923	(936, 1275)	'第二'	2949
2924	(353, 109)	'amm'	2950
2925	(326, 1410)	' young'	2951
2926	(265, 286)	'eral'	2952
2927	(309, 817)	' norm'	2953
2928	(264, 1725)	' sense'	2954
2929	(673, 2505)	' environment'	2955
2930	(362, 129)	'证'	2956
2931	(282, 785)	' mult'	2957
2932	(847, 327)	' grow'	2958
2933	(362, 187)	'读'	2959
2934	(336, 287)	'ided'	2960
2935	(423, 157)	'川'	2961
2936	(98, 121)	'by'	2962
2937	(46, 53)	'.5'	2964
2938	(490, 1682)	' view'	2965
2939	(868, 175)	'聯'	2966
2940	(368, 258)	' She'	2967
2941	(1506, 2354)	' similar'	2968
2942	(332, 133)	'久'	2969
2943	(674, 165)	'啥'	2970
2944	(8026, 403)	' together'	2971
2945	(316, 130)	'参'	2972
2946	(709, 577)	' anyone'	2973
2947	(2456, 571)	'需要'	2974
2948	(309, 267)	' nat'	2975
2949	(879, 48)	' 30'	2976
2950	(1322, 146)	'酒'	2977
2951	(482, 324)	'这是'	2978
2952	(869, 1072)	' perform'	2979
2953	(355, 155)	'创'	2980
2954	(303, 112)	'omp'	2981
2955	(115, 121)	'sy'	2982
2956	(938, 107)	' took'	2983
2957	(275, 1484)	'ency'	2984
2958	(279, 828)	' face'	2985
2959	(8006, 101)	' include'	2986
2960	(1346, 171)	'莫'	2987
2961	(346, 607)	'uture'	2988
2962	(2258, 115)	' hours'	2989
2963	(232, 171)	b'\xe8\xab'	2990
2964	(97, 101)	'ae'	2991
2965	(467, 323)	'ument'	2992
2966	(322, 361)	' rece'	2993
2967	(468, 129)	'态'	2994
2968	(804, 172)	'般'	2995
2969	(369, 541)	' heart'	2996
2970	(416, 164)	'伤'	2997
2971	(332, 160)	'习'	2998
2972	(297, 1389)	' hold'	2999
2973	(2202, 854)	' experience'	3000
2974	(635, 278)	'aces'	3001
2975	(901, 134)	'來'	3002
2976	(288, 269)	' dou'	3003
2977	(32, 1041)	' vers'	3004
2978	(300, 658)	' link'	3005
2979	(111, 697)	'oice'	3006
2980	(308, 2479)	' girl'	3007
2981	(285, 286)	' anal'	3008
2982	(2723, 188)	'鱼'	3009
2983	(1519, 502)	' development'	3010
2984	(369, 553)	' heard'	3012
2985	(1308, 188)	'楼'	3013
2986	(305, 168)	'木'	3014
2987	(454, 50)	' 12'	3016
2988	(483, 139)	'秋'	3017
2989	(995, 1405)	' everything'	3018
2990	(318, 2673)	' econom'	3019
2991	(1465, 136)	'消'	3020
2992	(1155, 186)	'示'	3021
2993	(384, 121)	'ify'	3022
2994	(2817, 581)	' method'	3023
2995	(333, 187)	'养'	3024
2996	(45, 112)	'-p'	3025
2997	(528, 135)	'标'	3026
2998	(616, 149)	'投'	3027
2999	(8023, 286)	' several'	3028
3000	(1783, 1434)	' However'	3029
3001	(292, 135)	'皇'	3030
3002	(474, 302)	' meas'	3031
3003	(604, 133)	'际'	3032
3004	(67, 104)	'Ch'	3033
3005	(666, 1111)	'ploy'	3034
3006	(1032, 102)	' diff'	3035
3007	(457, 502)	' comment'	3036
3008	(70, 280)	'For'	3037
3009	(383, 139)	'律'	3038
3010	(684, 139)	'洋'	3039
3011	(604, 134)	'陆'	3040
3012	(564, 327)	' allow'	3041
3013	(409, 291)	' Mar'	3042
3014	(1139, 1500)	'电视'	3043
3015	(1596, 639)	' strong'	3044
3016	(103, 115)	'gs'	3045
3017	(69, 83)	'ES'	3046
3018	(445, 549)	' shall'	3047
3019	(195, 169)	'é'	3048
3020	(520, 115)	' abs'	3049
3021	(882, 351)	' trad'	3050
3022	(966, 281)	' playing'	3051
3023	(1426, 161)	'模'	3052
3024	(1510, 139)	'開'	3053
3025	(8010, 275)	' given'	3054
3026	(810, 710)	' quite'	3055
3027	(666, 278)	'ples'	3056
3028	(1572, 372)	' invol'	3057
3029	(109, 121)	'my'	3058
3030	(1851, 115)	' words'	3059
3031	(427, 1235)	' death'	3060
3032	(264, 323)	' sent'	3061
3033	(341, 155)	'君'	3062
3034	(689, 183)	'雷'	3063
3035	(279, 521)	' four'	3064
3036	(300, 2620)	' langu'	3065
3037	(416, 151)	'众'	3066
3038	(1855, 840)	' value'	3067
3039	(450, 287)	'ried'	3068
3040	(50, 52)	'24'	3069
3041	(926, 169)	'恩'	3070
3042	(102, 280)	'for'	3071
3043	(818, 97)	'aha'	3072
3044	(349, 1051)	'一定'	3073
3045	(99, 258)	'che'	3074
3046	(1113, 732)	'ological'	3075
3047	(802, 119)	' saw'	3076
3048	(306, 121)	'ley'	3077
3049	(115, 602)	'side'	3078
3050	(689, 168)	'雨'	3079
3051	(1031, 1276)	'代表'	3080
3052	(535, 278)	' Res'	3081
3053	(1213, 2542)	'如何评价'	3082
3054	(1190, 2224)	' remember'	3083
3055	(2081, 166)	'瓦'	3084
3056	(993, 186)	'艺'	3085
3057	(300, 372)	' lol'	3086
3058	(387, 372)	' Col'	3087
3059	(97, 345)	'aim'	3088
3060	(8020, 111)	' video'	3089
3061	(434, 114)	' Pr'	3090
3062	(342, 176)	'戰'	3091
3063	(1510, 147)	'間'	3093
3064	(332, 157)	'九'	3094
3065	(529, 961)	" they're"	3095
3066	(869, 2641)	' period'	3096
3067	(2439, 509)	'urope'	3097
3068	(277, 1022)	'ances'	3098
3069	(976, 286)	'itional'	3099
3070	(268, 905)	' wond'	3100
3071	(539, 150)	'視'	3101
3072	(322, 100)	' red'	3102
3073	(290, 166)	'亦'	3103
3074	(999, 588)	'起来'	3104
3075	(480, 377)	'为了'	3106
3076	(8019, 808)	' disease'	3107
3077	(1770, 2247)	' character'	3108
3078	(505, 149)	'引'	3109
3079	(285, 2566)	' answ'	3110
3080	(1224, 2678)	'台湾'	3111
3081	(275, 1022)	'ences'	3112
3082	(114, 378)	'ration'	3113
3083	(526, 129)	'送'	3114
3084	(1140, 1148)	'或者'	3115
3085	(596, 155)	'毛'	3116
3086	(706, 185)	'费'	3117
3087	(344, 101)	' Te'	3118
3088	(1462, 692)	'今天'	3119
3089	(366, 100)	' Ad'	3120
3090	(1464, 655)	' Also'	3122
3091	(601, 191)	'愿'	3123
3092	(1368, 177)	'唱'	3124
3093	(260, 119)	'rew'	3125
3094	(273, 346)	' cut'	3126
3095	(451, 104)	'ush'	3127
3096	(455, 365)	'个人'	3128
3097	(794, 187)	'轻'	3129
3098	(257, 426)	' age'	3130
3099	(538, 135)	'遇'	3131
3100	(290, 137)	'争'	3132
3101	(656, 110)	'ogn'	3133
3102	(876, 191)	'穿'	3134
3103	(294, 1159)	'的话'	3135
3104	(579, 187)	'闻'	3136
3105	(454, 679)	' 100'	3137
3106	(2053, 1912)	'希望'	3138
3107	(965, 1133)	' maybe'	3139
3108	(333, 184)	'典'	3140
3109	(804, 170)	'航'	3141
3110	(783, 131)	'调'	3142
3111	(283, 895)	' press'	3143
3112	(1568, 158)	'塞'	3144
3113	(425, 114)	' Br'	3145
3114	(2540, 1422)	' benef'	3146
3115	(109, 115)	'ms'	3147
3116	(275, 101)	'ene'	3148
3117	(65, 78)	'AN'	3149
3118	(377, 349)	'了一'	3150
3119	(763, 346)	' comput'	3151
3120	(1894, 286)	' local'	3152
3121	(385, 687)	'有什么'	3153
3122	(850, 143)	'随'	3154
3123	(985, 1428)	' guys'	3155
3124	(1532, 602)	' provide'	3156
3125	(1729, 591)	'社会'	3157
3126	(855, 144)	'姐'	3158
3127	(273, 269)	' cou'	3159
3128	(288, 840)	' due'	3160
3129	(681, 55)	'197'	3161
3130	(79, 79)	'OO'	3162
3131	(2326, 159)	'機'	3163
3132	(1568, 148)	'塔'	3164
3133	(97, 102)	'af'	3165
3134	(803, 281)	' thinking'	3166
3135	(517, 163)	'衣'	3167
3136	(272, 641)	' oper'	3168
3137	(268, 1231)	' writ'	3169
3138	(434, 104)	' Ph'	3170
3139	(462, 101)	'une'	3171
3140	(354, 151)	'宗'	3172
3141	(1079, 146)	'勒'	3173
3142	(1791, 110)	'ohn'	3174
3143	(1059, 1306)	'selves'	3175
3144	(264, 610)	' sound'	3176
3145	(421, 120)	' sex'	3177
3146	(285, 110)	' ann'	3178
3147	(524, 114)	' Gr'	3179
3148	(768, 115)	'ips'	3180
3149	(109, 259)	'min'	3181
3150	(99, 306)	'cle'	3182
3151	(629, 650)	" wouldn't"	3183
3152	(108, 2093)	'lished'	3184
3153	(359, 565)	'不好'	3185
3154	(1403, 1982)	' instead'	3186
3155	(888, 161)	'睡'	3187
3156	(274, 263)	'ison'	3188
3157	(616, 164)	'护'	3189
3158	(522, 100)	' Ed'	3191
3159	(895, 307)	'ression'	3192
3160	(322, 666)	' repl'	3193
3161	(296, 1746)	' infl'	3194
3162	(648, 129)	'极'	3195
3163	(990, 385)	'只有'	3196
3164	(481, 111)	' Do'	3197
3165	(273, 2373)	' circ'	3198
3166	(467, 101)	'ume'	3199
3167	(684, 190)	'派'	3200
3168	(534, 151)	'志'	3201
3169	(2133, 115)	' months'	3202
3170	(1254, 306)	' colle'	3203
3171	(1130, 440)	' access'	3204
3172	(1591, 865)	' entire'	3205
3173	(1534, 115)	' problems'	3206
3174	(471, 460)	' exist'	3207
3175	(273, 750)	' creat'	3208
3176	(232, 147)	b'\xe8\x93'	3209
3177	(886, 513)	'ensive'	3210
3178	(266, 190)	'举'	3211
3179	(496, 639)	' along'	3212
3180	(507, 263)	' soon'	3213
3181	(380, 710)	' white'	3214
3182	(359, 968)	'不同'	3215
3183	(111, 889)	'oint'	3216
3184	(1193, 184)	'脸'	3217
3185	(1864, 327)	' follow'	3218
3186	(362, 141)	'词'	3219
3187	(300, 111)	' lo'	3220
3188	(279, 2961)	' future'	3221
3189	(2062, 130)	'懂'	3222
3190	(407, 145)	'村'	3223
3191	(684, 155)	'洛'	3224
3192	(344, 111)	' To'	3225
3193	(550, 432)	' worth'	3226
3194	(65, 83)	'AS'	3227
3195	(320, 143)	'夏'	3228
3196	(282, 303)	' mom'	3229
3197	(451, 278)	'uses'	3230
3198	(1322, 141)	'配'	3231
3199	(556, 294)	'上的'	3232
3200	(363, 101)	' ste'	3233
3201	(1414, 166)	'梦'	3234
3202	(2638, 306)	' single'	3235
3203	(283, 844)	' pick'	3236
3204	(1878, 8030)	'包括'	3238
3205	(112, 280)	'por'	3239
3206	(869, 2015)	' percent'	3240
3207	(720, 174)	'修'	3241
3208	(2375, 2654)	' definitely'	3242
3209	(8033, 158)	'～'	3243
3210	(435, 2740)	' success'	3244
3211	(399, 626)	'我也'	3245
3212	(517, 151)	'街'	3246
3213	(673, 2809)	' enjoy'	3247
3214	(341, 137)	'吉'	3248
3215	(427, 286)	' deal'	3249
3216	(354, 164)	'室'	3250
3217	(279, 1969)	' field'	3251
3218	(8007, 1048)	' learning'	3252
3219	(720, 132)	'俄'	3253
3220	(355, 152)	'刘'	3254
3221	(279, 356)	' fig'	3255
3222	(292, 174)	'皮'	3256
3223	(300, 439)	' lab'	3257
3224	(482, 929)	'这些'	3258
3225	(355, 153)	'则'	3259
3226	(1201, 121)	' key'	3260
3227	(320, 135)	'备'	3261
3228	(520, 984)	' above'	3262
3229	(461, 185)	'油'	3263
3230	(264, 286)	' sal'	3264
3231	(893, 639)	' among'	3265
3232	(56, 48)	'80'	3266
3233	(46, 83)	'.S'	3267
3234	(116, 116)	'tt'	3268
3235	(942, 385)	'所有'	3269
3236	(87, 1230)	'When'	3270
3237	(2244, 2725)	' especially'	3271
3238	(2284, 382)	' occur'	3272
3239	(1388, 1456)	' United'	3273
3240	(266, 157)	'丝'	3274
3241	(73, 83)	'IS'	3275
3242	(1195, 571)	'重要'	3277
3243	(306, 718)	'leep'	3278
3244	(320, 159)	'够'	3279
3245	(674, 166)	'啦'	3280
3246	(526, 188)	'逼'	3281
3247	(98, 270)	'bit'	3282
3248	(109, 97)	'ma'	3283
3249	(410, 650)	" wasn't"	3284
3250	(546, 115)	'ends'	3285
3251	(642, 115)	' gets'	3286
3252	(1221, 129)	'岁'	3287
3253	(276, 105)	' bi'	3288
3254	(810, 844)	' quick'	3289
3255	(73, 84)	'IT'	3290
3256	(421, 2792)	' self'	3291
3257	(595, 287)	'ived'	3292
3258	(316, 140)	'双'	3293
3259	(333, 154)	'党'	3294
3260	(1862, 698)	'属于'	3295
3261	(994, 1043)	' affect'	3296
3262	(457, 278)	' comes'	3297
3263	(266, 166)	'並'	3298
3264	(671, 170)	'纪'	3299
3265	(824, 828)	' space'	3300
3266	(357, 141)	'對'	3301
3267	(503, 155)	'牛'	3302
3268	(839, 119)	'new'	3303
3269	(543, 184)	'永'	3304
3270	(414, 174)	'帮'	3305
3271	(324, 1058)	'是不是'	3306
3272	(355, 135)	'切'	3307
3273	(229, 171)	b'\xe5\xab'	3308
3274	(315, 278)	' yes'	3309
3275	(283, 2178)	' parent'	3310
3276	(1116, 169)	'韩'	3311
3277	(604, 144)	'限'	3312
3278	(477, 178)	'讲'	3313
3279	(871, 441)	'其中'	3314
3280	(45, 116)	'-t'	3315
3281	(429, 351)	' rad'	3316
3282	(483, 128)	'秀'	3317
3283	(688, 788)	'地方'	3318
3284	(387, 1605)	' Comm'	3319
3285	(266, 131)	'七'	3320
3286	(306, 118)	'lev'	3321
3287	(2012, 576)	' break'	3322
3288	(32, 95)	' _'	3323
3289	(280, 352)	'orld'	3324
3290	(1264, 373)	'like'	3325
3291	(268, 613)	' wind'	3326
3292	(329, 280)	'ctor'	3327
3293	(454, 55)	' 17'	3329
3294	(65, 110)	'An'	3330
3295	(273, 405)	' cop'	3331
3296	(273, 519)	' city'	3332
3297	(362, 137)	'诉'	3333
3298	(1608, 115)	'wards'	3334
3299	(279, 594)	' fine'	3335
3300	(462, 360)	'unch'	3336
3301	(382, 645)	'urther'	3337
3302	(1356, 1294)	' object'	3338
3303	(231, 135)	b'\xe7\x87'	3339
3304	(1028, 890)	' record'	3340
3305	(282, 280)	' mor'	3341
3306	(421, 1482)	' season'	3342
3307	(949, 137)	'肉'	3343
3308	(399, 1383)	'我觉得'	3344
3309	(596, 149)	'毕'	3345
3310	(282, 440)	' mess'	3346
3311	(983, 144)	'坐'	3347
3312	(279, 865)	' fire'	3348
3313	(490, 372)	' vol'	3349
3314	(703, 103)	' arg'	3350
3315	(554, 136)	'效'	3351
3316	(233, 164)	b'\xe9\xa4'	3352
3317	(700, 1167)	' text'	3353
3318	(780, 719)	'最后'	3354
3319	(2173, 129)	'突'	3355
3320	(926, 139)	'恋'	3356
3321	(522, 3067)	' Europe'	3357
3322	(79, 78)	'ON'	3358
3323	(404, 115)	'cks'	3359
3324	(372, 1587)	'olution'	3360
3325	(32, 402)	' ill'	3361
3326	(1259, 652)	' attack'	3362
3327	(300, 2406)	' liter'	3363
3328	(876, 141)	'積'	3364
3329	(1683, 151)	'著'	3365
3330	(457, 98)	' comb'	3366
3331	(511, 180)	'致'	3367
3332	(1208, 144)	'某'	3368
3333	(580, 359)	'都不'	3369
3334	(279, 549)	' fall'	3370
3335	(1602, 397)	" That's"	3371
3336	(1661, 426)	'ledge'	3372
3337	(962, 1255)	'文化'	3373
3338	(8022, 403)	' higher'	3374
3339	(909, 621)	' appear'	3375
3340	(97, 105)	'ai'	3376
3341	(396, 116)	'ilt'	3377
3342	(691, 186)	'智'	3378
3343	(110, 1992)	'n’t'	3379
3344	(953, 1236)	' special'	3380
3345	(525, 140)	'富'	3381
3346	(279, 837)	' foc'	3382
3347	(269, 100)	'oud'	3383
3348	(1649, 166)	'警'	3384
3349	(582, 2022)	'ference'	3385
3350	(552, 115)	'orts'	3386
3351	(1496, 177)	'統'	3387
3352	(340, 278)	' ones'	3388
3353	(340, 1979)	' online'	3389
3354	(2112, 401)	' matter'	3390
3355	(115, 112)	'sp'	3391
3356	(338, 163)	'圣'	3392
3357	(50, 55)	'27'	3393
3358	(344, 114)	' Tr'	3394
3359	(374, 173)	'断'	3395
3360	(314, 265)	'ster'	3396
3361	(1864, 1654)	' following'	3397
3362	(1516, 319)	' phot'	3398
3363	(1741, 1158)	' signific'	3399
3364	(568, 719)	'以后'	3400
3365	(454, 54)	' 16'	3401
3366	(1802, 121)	' easy'	3402
3367	(1625, 138)	'車'	3403
3368	(522, 110)	' En'	3404
3369	(321, 2454)	' begin'	3405
3370	(1419, 287)	' started'	3406
3371	(349, 2968)	'一般'	3407
3372	(231, 185)	b'\xe7\xb9'	3408
3373	(531, 101)	' Ne'	3409
3374	(1253, 2681)	' awesome'	3410
3375	(2183, 323)	' scient'	3411
3376	(864, 132)	'約'	3412
3377	(508, 323)	'resent'	3413
3378	(392, 302)	' areas'	3414
3379	(291, 114)	'arr'	3415
3380	(274, 281)	'ising'	3416
3381	(418, 118)	' mov'	3417
3382	(1801, 270)	' polit'	3418
3383	(470, 141)	'响'	3419
3384	(3006, 2918)	' difficult'	3420
3385	(395, 1108)	'raph'	3421
3386	(105, 941)	'ients'	3422
3387	(314, 270)	'stit'	3423
3388	(898, 2648)	'面积'	3424
3389	(1028, 1605)	' recomm'	3425
3390	(557, 128)	'呀'	3426
3391	(599, 839)	' One'	3427
3392	(104, 104)	'hh'	3428
3393	(317, 164)	'令'	3429
3394	(109, 112)	'mp'	3430
3395	(79, 110)	'On'	3431
3396	(2531, 2313)	' business'	3432
3397	(50, 56)	'28'	3433
3398	(288, 263)	' don'	3434
3399	(1887, 173)	'饭'	3435
3400	(635, 121)	'acy'	3436
3401	(671, 179)	'纳'	3437
3402	(727, 431)	"ven't"	3438
3403	(270, 360)	'itch'	3439
3404	(422, 134)	'细'	3440
3405	(1572, 449)	' invest'	3441
3406	(368, 99)	' Sc'	3442
3407	(689, 170)	'雪'	3443
3408	(864, 162)	'索'	3444
3409	(297, 263)	' hon'	3445
3410	(318, 267)	' eat'	3446
3411	(460, 301)	'istic'	3447
3412	(230, 167)	b'\xe6\xa7'	3448
3413	(317, 189)	'份'	3449
3414	(50, 54)	'26'	3450
3415	(778, 480)	'作为'	3451
3416	(1699, 286)	' general'	3452
3417	(280, 281)	'oring'	3453
3418	(276, 291)	' bar'	3454
3419	(551, 137)	'玉'	3455
3420	(63, 63)	'??'	3456
3421	(301, 334)	'icro'	3457
3422	(45, 109)	'-m'	3458
3423	(611, 377)	'到了'	3459
3424	(1127, 2336)	' consider'	3460
3425	(74, 433)	'Just'	3461
3426	(1249, 140)	'背'	3462
3427	(65, 82)	'AR'	3463
3428	(1917, 115)	' friends'	3464
3429	(548, 452)	' plant'	3465
3430	(256, 1282)	' taking'	3466
3431	(448, 115)	'ands'	3468
3432	(2229, 99)	' etc'	3469
3433	(786, 1332)	' prevent'	3470
3434	(282, 319)	' mot'	3471
3435	(99, 497)	'come'	3472
3436	(1305, 1274)	'关系'	3473
3437	(102, 828)	'face'	3474
3438	(105, 447)	'ially'	3475
3439	(1496, 132)	'組'	3476
3440	(273, 1231)	' crit'	3477
3441	(949, 175)	'肯'	3478
3442	(604, 136)	'陈'	3479
3443	(369, 291)	' hear'	3480
3444	(485, 112)	'osp'	3481
3445	(265, 99)	'erc'	3482
3446	(368, 497)	' Some'	3483
3447	(575, 146)	'归'	3484
3448	(806, 2228)	'市镇'	3485
3449	(1010, 2633)	'比较'	3486
3450	(688, 1131)	'地区'	3487
3451	(806, 2396)	'市鎮'	3488
3452	(503, 140)	'牌'	3489
3453	(1698, 1925)	' discuss'	3490
3454	(556, 1027)	'上海'	3491
3455	(838, 585)	'女生'	3492
3456	(980, 1668)	'意思'	3493
3457	(637, 166)	'苦'	3494
3458	(103, 111)	'go'	3495
3459	(79, 85)	'OU'	3496
3460	(917, 1094)	' States'	3497
3461	(333, 181)	'兵'	3498
3462	(498, 281)	'aining'	3499
3463	(2517, 1025)	' protect'	3500
3464	(1336, 162)	'换'	3501
3465	(422, 173)	'续'	3502
3466	(1317, 180)	'破'	3503
3467	(627, 294)	'他的'	3504
3468	(618, 263)	' upon'	3505
3469	(114, 495)	'right'	3506
3470	(471, 99)	' exc'	3507
3471	(756, 719)	'之后'	3508
3472	(1102, 1697)	'老师'	3509
3473	(2124, 281)	' talking'	3510
3474	(459, 1330)	' necess'	3511
3475	(111, 313)	'oly'	3512
3476	(117, 378)	'uation'	3513
3477	(333, 180)	'兴'	3514
3478	(117, 426)	'uge'	3515
3479	(1975, 519)	' community'	3516
3480	(2107, 1830)	'历史'	3517
3481	(1318, 137)	'草'	3518
3482	(903, 1483)	' prote'	3519
3483	(1681, 532)	' species'	3520
3484	(279, 495)	' fight'	3521
3485	(32, 120)	' x'	3522
3486	(103, 306)	'gle'	3523
3487	(982, 168)	'票'	3524
3488	(387, 323)	' Cent'	3525
3489	(644, 184)	'爸'	3526
3490	(264, 2013)	' sounds'	3527
3491	(260, 103)	'reg'	3528
3492	(1972, 2690)	' correct'	3529
3493	(316, 166)	'另'	3530
3494	(278, 101)	'ese'	3531
3495	(1800, 480)	'认为'	3532
3496	(282, 2562)	' million'	3533
3497	(263, 121)	'ony'	3534
3498	(416, 175)	'伯'	3535
3499	(409, 277)	' Man'	3536
3500	(1189, 356)	' relig'	3537
3501	(300, 954)	' luck'	3538
3502	(1518, 168)	'您'	3539
3503	(706, 163)	'责'	3540
3504	(105, 508)	'ires'	3541
3505	(365, 603)	'人家'	3542
3506	(893, 1548)	' amaz'	3543
3507	(233, 188)	b'\xe9\xbc'	3544
3508	(309, 330)	' net'	3545
3509	(512, 115)	'ems'	3546
3510	(68, 111)	'Do'	3547
3511	(826, 1434)	' however'	3548
3512	(385, 349)	'有一'	3549
3513	(384, 116)	'ift'	3550
3514	(559, 185)	'妹'	3551
3515	(84, 111)	'To'	3552
3516	(283, 8016)	' please'	3553
3517	(901, 157)	'依'	3554
3518	(1101, 307)	'ission'	3555
3519	(2793, 313)	' exactly'	3556
3520	(441, 1616)	'中华'	3557
3521	(67, 277)	'Can'	3558
3522	(2298, 502)	' treatment'	3559
3523	(963, 163)	'廣'	3560
3524	(1734, 115)	' levels'	3561
3525	(268, 741)	" won't"	3562
3526	(229, 180)	b'\xe5\xb4'	3563
3527	(673, 99)	' enc'	3564
3528	(786, 118)	' prev'	3565
3529	(2176, 153)	'蒙'	3566
3530	(233, 132)	b'\xe9\x84'	3567
3531	(1261, 130)	'骂'	3568
3532	(318, 1332)	' event'	3569
3533	(302, 281)	'asing'	3570
3534	(87, 104)	'Wh'	3571
3535	(364, 176)	'田'	3572
3536	(536, 159)	'盟'	3573
3537	(2027, 182)	'島'	3574
3538	(367, 184)	'幸'	3575
3539	(308, 581)	' god'	3576
3540	(2076, 840)	' issue'	3577
3541	(1789, 1061)	'运动'	3578
3542	(275, 110)	'enn'	3579
3543	(363, 1983)	' struct'	3580
3544	(1126, 2357)	'教育'	3581
3545	(1612, 150)	'编'	3582
3546	(778, 1576)	'作品'	3583
3547	(32, 440)	' ess'	3584
3548	(1949, 1267)	' return'	3585
3549	(515, 181)	'况'	3586
3550	(626, 359)	'也不'	3587
3551	(337, 189)	'追'	3588
3552	(83, 258)	'She'	3589
3553	(357, 189)	'尽'	3590
3554	(420, 191)	'承'	3591
3555	(926, 182)	'恶'	3592
3556	(230, 164)	b'\xe6\xa4'	3593
3557	(119, 104)	'wh'	3594
3558	(490, 370)	' vir'	3595
3559	(672, 109)	' imm'	3596
3560	(513, 313)	'ively'	3597
3561	(654, 146)	'倒'	3598
3562	(523, 108)	' Fl'	3599
3563	(706, 159)	'负'	3600
3564	(413, 294)	'年的'	3601
3565	(122, 101)	'ze'	3602
3566	(3036, 690)	' language'	3603
3567	(681, 54)	'196'	3604
3568	(1404, 2065)	' across'	3605
3569	(358, 690)	'verage'	3606
3570	(279, 1503)	' fair'	3607
3571	(672, 598)	' imag'	3608
3572	(810, 2140)	' quality'	3609
3573	(488, 132)	'规'	3610
3574	(318, 112)	' ep'	3611
3575	(538, 148)	'達'	3612
3576	(2948, 1775)	' natural'	3613
3577	(256, 2828)	' taken'	3614
3578	(997, 287)	' wanted'	3615
3579	(728, 160)	'章'	3616
3580	(554, 162)	'敢'	3617
3581	(1308, 154)	'楚'	3618
3582	(1194, 433)	' indust'	3619
3583	(50, 57)	'29'	3620
3584	(270, 278)	'ites'	3621
3585	(399, 324)	'我是'	3622
3586	(320, 174)	'央'	3623
3587	(712, 397)	" there's"	3624
3588	(263, 2277)	'onna'	3625
3589	(391, 335)	'oose'	3626
3590	(301, 378)	'ication'	3627
3591	(490, 105)	' vi'	3628
3592	(515, 160)	'冠'	3629
3593	(772, 1122)	'行政'	3630
3594	(267, 939)	'atory'	3631
3595	(443, 112)	' prop'	3632
3596	(1146, 281)	' bring'	3633
3597	(279, 267)	' fat'	3634
3598	(1346, 183)	'获'	3635
3599	(517, 128)	'血'	3636
3600	(505, 159)	'弟'	3637
3601	(1219, 159)	'號'	3638
3602	(2855, 280)	' favor'	3639
3603	(297, 437)	' hate'	3640
3604	(46, 48)	'.0'	3641
3605	(385, 365)	'有人'	3642
3606	(111, 373)	'oke'	3643
3607	(363, 718)	' step'	3644
3608	(260, 108)	'rel'	3645
3609	(524, 1233)	' Germ'	3646
3610	(103, 278)	'ges'	3647
3611	(749, 178)	'防'	3648
3612	(103, 281)	'ging'	3649
3613	(1478, 813)	' function'	3650
3614	(853, 278)	'aves'	3651
3615	(2076, 1733)	' issues'	3652
3616	(328, 155)	'佛'	3653
3617	(119, 730)	'ware'	3654
3618	(122, 121)	'zy'	3655
3619	(434, 101)	' Pe'	3656
3620	(1171, 48)	' 50'	3657
3621	(538, 142)	'過'	3658
3622	(567, 301)	'astic'	3659
3623	(2491, 101)	'ique'	3660
3624	(111, 306)	'ole'	3661
3625	(366, 109)	' Am'	3662
3626	(111, 562)	'ored'	3663
3627	(272, 609)	' opt'	3664
3628	(554, 184)	'數'	3665
3629	(1397, 130)	'堂'	3666
3630	(584, 160)	'靠'	3667
3631	(288, 449)	' dest'	3668
3632	(396, 306)	'ille'	3669
3633	(2216, 301)	' music'	3670
3634	(436, 169)	'助'	3671
3635	(368, 121)	' Sy'	3672
3636	(463, 291)	' War'	3673
3637	(920, 174)	'置'	3674
3638	(8004, 312)	"I've"	3675
3639	(915, 2132)	'而且'	3676
3640	(514, 162)	'止'	3677
3641	(1003, 1021)	'特别'	3678
3642	(463, 376)	' With'	3679
3643	(521, 110)	'ourn'	3680
3644	(1270, 1270)	'哈哈哈哈'	3681
3645	(229, 151)	b'\xe5\x97'	3682
3646	(100, 101)	'de'	3683
3647	(935, 301)	' offic'	3684
3648	(276, 2218)	' brain'	3685
3649	(256, 265)	' ter'	3686
3650	(337, 170)	'迪'	3687
3651	(411, 278)	'ules'	3688
3652	(108, 116)	'lt'	3689
3653	(260, 1861)	'reme'	3690
3654	(515, 176)	'冰'	3691
3655	(363, 267)	' stat'	3692
3656	(302, 107)	'ask'	3693
3657	(1515, 2737)	' minutes'	3694
3658	(966, 287)	' played'	3695
3659	(1397, 180)	'場'	3696
3660	(300, 1251)	' lower'	3697
3661	(501, 151)	'店'	3698
3662	(1356, 115)	' obs'	3699
3663	(229, 170)	b'\xe5\xaa'	3701
3664	(273, 121)	' cy'	3702
3665	(264, 2206)	' sorry'	3703
3666	(258, 109)	'hem'	3704
3667	(1368, 144)	'唐'	3705
3668	(1767, 437)	' create'	3706
3669	(557, 179)	'味'	3707
3670	(1318, 175)	'药'	3708
3671	(290, 174)	'亮'	3709
3672	(927, 668)	' impact'	3710
3673	(436, 135)	'劇'	3711
3674	(1920, 2499)	'游戏'	3712
3675	(264, 1599)	' size'	3713
3676	(764, 929)	'那些'	3714
3677	(8018, 278)	' changes'	3715
3678	(809, 186)	'挺'	3716
3679	(117, 287)	'ued'	3717
3680	(264, 710)	' site'	3719
3681	(898, 3328)	'面積'	3720
3682	(267, 1000)	'ators'	3721
3683	(1965, 287)	' tried'	3723
3684	(1372, 152)	'娘'	3724
3685	(526, 153)	'這'	3725
3686	(305, 151)	'朗'	3726
3687	(421, 311)	' sell'	3727
3688	(2490, 2363)	' English'	3728
3689	(474, 330)	' meet'	3729
3690	(3363, 452)	' significant'	3730
3691	(389, 3402)	" haven't"	3731
3692	(98, 1512)	'body'	3732
3693	(388, 2786)	' associ'	3733
3694	(420, 152)	'托'	3734
3695	(526, 130)	'适'	3735
3696	(1712, 1233)	' determ'	3736
3697	(1340, 281)	' reading'	3737
3698	(303, 278)	'omes'	3738
3699	(282, 2160)	' mention'	3739
3700	(2077, 306)	'attle'	3740
3701	(8011, 808)	' increase'	3741
3702	(115, 263)	'son'	3742
3703	(2204, 104)	'augh'	3743
3704	(647, 3142)	' John'	3744
3705	(2200, 765)	'故事'	3745
3706	(457, 666)	' compl'	3746
3707	(330, 301)	'etic'	3747
3708	(1751, 2668)	' article'	3748
3709	(379, 173)	'园'	3749
3710	(386, 167)	'奧'	3751
3711	(531, 1349)	' National'	3752
3712	(690, 502)	'agement'	3753
3713	(279, 277)	' fan'	3754
3714	(444, 1204)	'大學'	3755
3715	(573, 645)	' whether'	3756
3716	(869, 1043)	' perfect'	3757
3717	(399, 530)	'我就'	3758
3718	(121, 306)	'yle'	3759
3719	(695, 3143)	' themselves'	3760
3720	(499, 187)	'击'	3761
3721	(416, 152)	'优'	3762
3722	(551, 175)	'环'	3763
3723	(1580, 155)	'嘛'	3764
3724	(109, 609)	'mpt'	3765
3725	(747, 137)	'掉'	3766
3726	(1219, 189)	'虽'	3767
3727	(756, 881)	'之前'	3768
3728	(300, 656)	' log'	3769
3729	(381, 150)	'卖'	3770
3730	(374, 153)	'料'	3771
3731	(273, 553)	' card'	3772
3732	(350, 114)	' ur'	3773
3733	(660, 167)	'欧'	3774
3734	(635, 287)	'aced'	3775
3735	(558, 176)	'泰'	3776
3736	(501, 183)	'康'	3777
3737	(297, 405)	' hop'	3778
3738	(392, 650)	" aren't"	3779
3739	(1545, 259)	' skin'	3780
3740	(349, 1037)	'一点'	3781
3741	(267, 401)	'atter'	3782
3742	(475, 1109)	' living'	3783
3743	(69, 120)	'Ex'	3784
3744	(1996, 115)	' results'	3785
3745	(2440, 115)	' cells'	3786
3746	(1993, 1001)	' respons'	3787
3747	(515, 183)	'冷'	3788
3748	(268, 770)	' ways'	3789
3749	(82, 101)	'Re'	3790
3750	(1541, 2293)	' countries'	3791
3751	(108, 495)	'light'	3792
3752	(738, 145)	'跑'	3793
3753	(409, 287)	' Med'	3794
3754	(466, 1773)	' cancer'	3795
3755	(425, 1231)	' Brit'	3796
3756	(279, 1034)	' fail'	3797
3757	(351, 97)	'ada'	3798
3758	(282, 791)	' mass'	3799
3759	(2455, 440)	' profess'	3800
3760	(992, 281)	'itting'	3801
3761	(407, 190)	'松'	3803
3762	(646, 278)	' goes'	3804
3763	(55, 48)	'70'	3805
3764	(441, 789)	'中心'	3806
3765	(257, 112)	' ap'	3807
3766	(1885, 2753)	' author'	3808
3767	(901, 139)	'例'	3809
3768	(545, 1365)	' yourself'	3810
3769	(3079, 265)	' answer'	3811
3770	(314, 114)	'str'	3812
3771	(524, 111)	' Go'	3813
3772	(632, 169)	'義'	3814
3773	(839, 121)	'ney'	3815
3774	(2533, 306)	'iddle'	3816
3775	(2652, 378)	' education'	3817
3776	(381, 171)	'卫'	3818
3777	(264, 110)	' sn'	3819
3778	(362, 151)	'诗'	3820
3779	(1189, 867)	' relations'	3821
3780	(1073, 158)	'類'	3822
3781	(566, 1365)	' myself'	3823
3782	(231, 158)	b'\xe7\x9e'	3824
3783	(1911, 2273)	' population'	3825
3784	(459, 103)	' neg'	3826
3785	(759, 173)	'短'	3827
3786	(276, 382)	' bur'	3828
3787	(623, 294)	'说的'	3829
3788	(614, 142)	'济'	3830
3789	(1481, 173)	'維'	3831
3790	(1363, 972)	'是一种'	3832
3791	(805, 145)	'频'	3833
3792	(439, 1104)	'ables'	3834
3793	(1856, 865)	' require'	3835
3794	(454, 52)	' 14'	3836
3795	(268, 845)	' wish'	3838
3796	(108, 345)	'lim'	3839
3797	(1191, 1442)	' sometimes'	3840
3798	(116, 97)	'ta'	3841
3799	(393, 495)	' weight'	3842
3800	(268, 1452)	' walk'	3843
3801	(109, 263)	'mon'	3844
3802	(288, 356)	' dig'	3845
3803	(112, 346)	'put'	3846
3804	(351, 278)	'ades'	3847
3805	(287, 115)	'eds'	3848
3806	(289, 372)	' tool'	3849
3807	(2481, 330)	' market'	3850
3808	(928, 171)	'漫'	3851
3809	(386, 150)	'奖'	3852
3810	(98, 442)	'bers'	3853
3811	(855, 134)	'姆'	3854
3812	(1994, 158)	'搞'	3855
3813	(522, 291)	' Ear'	3856
3814	(923, 287)	' needed'	3857
3815	(279, 512)	' fem'	3858
3816	(32, 358)	' ver'	3859
3817	(8005, 2022)	' difference'	3860
3818	(117, 306)	'ule'	3861
3819	(733, 3059)	' claim'	3862
3820	(599, 80)	' OP'	3863
3821	(429, 1246)	' range'	3864
3822	(466, 2340)	' cannot'	3865
3823	(396, 1302)	'ilities'	3866
3824	(363, 343)	' stay'	3867
3825	(110, 111)	'no'	3868
3826	(264, 2578)	' source'	3869
3827	(2219, 914)	'屬於'	3870
3828	(387, 291)	' Car'	3871
3829	(297, 319)	' hot'	3872
3830	(726, 3233)	' U.S'	3873
3831	(300, 694)	' lost'	3874
3832	(264, 3243)	' sleep'	3875
3833	(97, 609)	'apt'	3876
3834	(272, 107)	' ok'	3877
3835	(108, 2285)	'load'	3878
3836	(2716, 312)	' improve'	3879
3837	(69, 69)	'EE'	3880
3838	(297, 270)	' hit'	3881
3839	(1292, 3005)	' employ'	3882
3840	(857, 281)	'aching'	3883
3841	(2927, 286)	' normal'	3884
3842	(300, 1163)	' loss'	3885
3843	(105, 330)	'iet'	3886
3844	(331, 1365)	' itself'	3887
3845	(457, 281)	' coming'	3888
3846	(578, 578)	'看看'	3889
3847	(103, 895)	'gress'	3890
3848	(111, 849)	'off'	3891
3849	(324, 2819)	'是否'	3892
3850	(2568, 1846)	' original'	3893
3851	(435, 110)	' sun'	3894
3852	(1082, 173)	'設'	3895
3853	(2044, 143)	'藏'	3896
3854	(279, 1753)	' fund'	3897
3855	(76, 76)	'LL'	3898
3856	(297, 280)	' hor'	3899
3857	(723, 277)	'apan'	3900
3858	(342, 183)	'户'	3901
3859	(274, 401)	'ister'	3902
3860	(8027, 329)	' connect'	3903
3861	(474, 2028)	' memb'	3904
3862	(366, 433)	' Aust'	3905
3863	(259, 589)	'inks'	3906
3864	(419, 1773)	' concer'	3907
3865	(478, 2126)	' kids'	3908
3866	(468, 128)	'怀'	3909
3867	(747, 167)	'控'	3910
3868	(266, 185)	'丹'	3911
3869	(537, 130)	'层'	3912
3870	(121, 269)	'you'	3913
3871	(60, 47)	'</'	3914
3872	(289, 352)	' told'	3915
3873	(1474, 115)	' systems'	3916
3874	(264, 886)	' sens'	3917
3875	(300, 437)	' late'	3918
3876	(761, 365)	'一个人'	3919
3877	(233, 189)	b'\xe9\xbd'	3920
3878	(83, 104)	'Sh'	3921
3879	(1271, 265)	' longer'	3922
3880	(568, 480)	'以为'	3923
3881	(932, 1285)	' block'	3924
3882	(1077, 365)	'男人'	3925
3883	(681, 52)	'194'	3926
3884	(903, 697)	' price'	3927
3885	(232, 156)	b'\xe8\x9c'	3928
3886	(882, 945)	' trade'	3929
3887	(1068, 165)	'营'	3930
3888	(97, 97)	'aa'	3931
3889	(46, 2017)	'.com'	3932
3890	(739, 813)	'ruction'	3933
3891	(711, 3336)	' knowledge'	3935
3892	(258, 351)	'head'	3936
3893	(1160, 1430)	'ibility'	3938
3894	(416, 166)	'伦'	3939
3895	(359, 377)	'不了'	3940
3896	(2609, 313)	' completely'	3941
3897	(1426, 130)	'樂'	3942
3898	(850, 138)	'隊'	3943
3899	(2504, 641)	' temper'	3944
3900	(740, 480)	'成为'	3945
3901	(909, 1358)	' applic'	3946
3902	(716, 169)	'温'	3947
3903	(456, 142)	'野'	3948
3904	(276, 2096)	' bott'	3949
3905	(1385, 121)	' happy'	3950
3906	(354, 163)	'宣'	3951
3907	(233, 144)	b'\xe9\x90'	3952
3908	(98, 549)	'ball'	3953
3909	(728, 159)	'竟'	3954
3910	(903, 345)	' prim'	3955
3911	(270, 281)	'iting'	3956
3912	(1794, 277)	' clean'	3957
3913	(283, 552)	' port'	3958
3914	(429, 437)	' rate'	3959
3915	(338, 136)	'圈'	3960
3916	(742, 603)	'國家'	3961
3917	(258, 116)	'het'	3962
3918	(8002, 570)	' became'	3963
3919	(105, 45)	'i-'	3964
3920	(524, 117)	' Gu'	3965
3921	(1823, 2213)	' century'	3966
3922	(2227, 690)	' damage'	3967
3923	(1212, 1418)	'演员'	3968
3924	(272, 396)	' oil'	3969
3925	(279, 97)	' fa'	3970
3926	(256, 270)	' tit'	3971
3927	(2100, 287)	' happened'	3972
3928	(3506, 281)	' amazing'	3973
3929	(1967, 1187)	' front'	3974
3930	(310, 190)	'显'	3975
3931	(1939, 658)	' drink'	3976
3932	(279, 1558)	' fix'	3977
3933	(1840, 693)	' questions'	3978
3934	(379, 180)	'围'	3979
3935	(266, 129)	'丁'	3980
3936	(681, 53)	'195'	3981
3937	(348, 166)	'…'	3982
3938	(864, 154)	'級'	3983
3939	(276, 549)	' ball'	3984
3940	(98, 116)	'bt'	3985
3941	(273, 267)	' cat'	3986
3942	(308, 3588)	' gonna'	3987
3943	(847, 610)	' ground'	3988
3944	(688, 1374)	'地區'	3989
3945	(1158, 378)	'ification'	3990
3946	(371, 133)	'旅'	3991
3947	(427, 351)	' dead'	3992
3948	(121, 110)	'yn'	3993
3949	(279, 1849)	' foot'	3994
3950	(109, 280)	'mor'	3995
3951	(1050, 286)	'obal'	3997
3952	(309, 346)	' nut'	3998
3953	(1712, 1034)	' detail'	3999
3954	(1211, 3383)	'影响'	4000
3955	(444, 1100)	'大利'	4001
3956	(684, 151)	'洗'	4002
3957	(283, 652)	' pack'	4003
3958	(112, 313)	'ply'	4004
3959	(454, 51)	' 13'	4005
3960	(359, 611)	'不到'	4006
3961	(437, 103)	'ateg'	4007
3962	(934, 280)	' poor'	4008
3963	(1328, 881)	'目前'	4009
3964	(279, 3301)	' further'	4010
3965	(445, 1440)	' shows'	4011
3966	(109, 649)	'more'	4012
3967	(463, 3289)	' World'	4013
3968	(363, 395)	' stra'	4014
3969	(360, 590)	'chie'	4015
3970	(1343, 1294)	' subject'	4016
3971	(264, 489)	' squ'	4017
3972	(1348, 1598)	'直接'	4018
3973	(1127, 8043)	' considered'	4019
3974	(1646, 2867)	' evidence'	4020
3975	(861, 132)	'善'	4022
3976	(740, 1307)	'成立'	4023
3977	(300, 343)	' lay'	4024
3978	(279, 513)	' five'	4025
3979	(462, 107)	'unk'	4026
3980	(382, 519)	'urity'	4027
3981	(2020, 1745)	' technology'	4029
3982	(265, 97)	'era'	4030
3983	(666, 343)	'play'	4031
3984	(901, 155)	'供'	4032
3985	(744, 188)	'曼'	4033
3986	(2058, 281)	' building'	4034
3987	(685, 1852)	'学校'	4035
3988	(992, 275)	'itten'	4036
3989	(277, 97)	'ana'	4037
3990	(407, 168)	'杨'	4038
3991	(1225, 438)	'让你'	4039
3992	(336, 281)	'iding'	4040
3993	(1071, 1244)	'手机'	4041
3994	(802, 582)	' safe'	4042
3995	(256, 1381)	' takes'	4044
3996	(468, 170)	'怪'	4045
3997	(1611, 259)	' opin'	4046
3998	(1390, 455)	'两个'	4047
3999	(432, 267)	'that'	4048
4000	(2339, 2543)	' conditions'	4049
4001	(65, 65)	'AA'	4050
4002	(1506, 1118)	' simple'	4051
4003	(1404, 1466)	' accept'	4052
4004	(409, 101)	' Me'	4053
4005	(387, 286)	' Cal'	4054
4006	(110, 287)	'ned'	4055
4007	(273, 1941)	' cases'	4056
4008	(583, 133)	'担'	4057
4009	(1720, 294)	'这样的'	4058
4010	(1391, 327)	' below'	4059
4011	(598, 287)	'aged'	4060
4012	(525, 159)	'察'	4061
4013	(706, 181)	'贵'	4062
4014	(766, 1927)	'主义'	4063
4015	(2263, 3297)	'告诉'	4064
4016	(572, 323)	'cient'	4065
4017	(288, 97)	' da'	4066
4018	(588, 294)	'来的'	4067
4019	(507, 1232)	' soft'	4068
4020	(46, 51)	'.3'	4069
4021	(119, 834)	'well'	4070
4022	(637, 165)	'若'	4071
4023	(1460, 533)	' model'	4072
4024	(370, 109)	'irm'	4073
4025	(405, 104)	'oph'	4074
4026	(368, 117)	' Su'	4075
4027	(8008, 97)	' America'	4076
4028	(365, 1014)	'人物'	4077
4029	(8025, 607)	' picture'	4078
4030	(286, 278)	'ales'	4079
4031	(993, 175)	'良'	4080
4032	(714, 131)	'埃'	4081
4033	(282, 1156)	' mother'	4082
4034	(366, 98)	' Ab'	4083
4035	(1795, 187)	'翻'	4084
4036	(596, 146)	'毒'	4085
4037	(551, 135)	'率'	4086
4038	(1074, 307)	'iction'	4087
4039	(1263, 3377)	' represent'	4088
4040	(1210, 287)	' added'	4089
4041	(372, 1594)	'olute'	4090
4042	(372, 278)	'oles'	4091
4043	(900, 115)	' parts'	4092
4044	(316, 182)	'叶'	4093
4045	(1134, 163)	'灣'	4094
4046	(295, 1239)	' thread'	4095
4047	(1384, 1824)	' surpr'	4096
4048	(2977, 307)	' version'	4097
4049	(1266, 109)	' chem'	4098
4050	(385, 929)	'有些'	4099
4051	(470, 166)	'哦'	4100
4052	(1900, 981)	' various'	4101
4053	(105, 319)	'iot'	4102
4054	(112, 334)	'pro'	4103
4055	(118, 286)	'val'	4104
4056	(265, 312)	'erve'	4105
4057	(266, 189)	'丽'	4106
4058	(111, 263)	'oon'	4107
4059	(353, 287)	'amed'	4108
4060	(354, 129)	'宁'	4109
4061	(2663, 732)	' physical'	4110
4062	(259, 121)	'iny'	4111
4063	(301, 121)	'icy'	4112
4064	(2474, 118)	' priv'	4113
4065	(462, 116)	'unt'	4114
4066	(73, 73)	'II'	4115
4067	(357, 132)	'射'	4116
4068	(353, 97)	'ama'	4117
4069	(283, 562)	' pred'	4118
4070	(364, 162)	'產'	4119
4071	(516, 846)	' chance'	4120
4072	(1936, 281)	' interesting'	4121
4073	(707, 281)	'izing'	4122
4074	(777, 53)	' 25'	4123
4075	(441, 2664)	'中華'	4124
4076	(318, 306)	' ele'	4125
4077	(231, 176)	b'\xe7\xb0'	4126
4078	(278, 451)	'esus'	4127
4079	(3119, 265)	' computer'	4128
4080	(439, 121)	'aby'	4129
4081	(625, 3049)	' outside'	4130
4082	(561, 1415)	' leave'	4131
4083	(2506, 594)	' engine'	4132
4084	(1414, 133)	'梅'	4133
4085	(279, 1504)	' farm'	4134
4086	(69, 78)	'EN'	4135
4087	(763, 1766)	' company'	4136
4088	(353, 115)	'ams'	4137
4089	(111, 280)	'oor'	4138
4090	(382, 116)	'urt'	4139
4091	(1138, 532)	' series'	4140
4092	(288, 303)	' dom'	4141
4093	(1784, 115)	' effects'	4142
4094	(98, 108)	'bl'	4143
4095	(2467, 278)	' types'	4144
4096	(79, 84)	'OT'	4145
4097	(2745, 641)	' paper'	4146
4098	(3275, 115)	' parents'	4147
4099	(913, 265)	'anger'	4148
4100	(783, 136)	'谈'	4149
4101	(966, 442)	' players'	4150
4102	(332, 161)	'乡'	4151
4103	(554, 145)	'救'	4152
4104	(524, 101)	' Ge'	4153
4105	(73, 68)	'ID'	4154
4106	(112, 287)	'ped'	4155
4107	(614, 170)	'浪'	4156
4108	(483, 187)	'移'	4157
4109	(546, 265)	'ender'	4158
4110	(2180, 1159)	'句话'	4159
4111	(3127, 1118)	' couple'	4160
4112	(512, 609)	'empt'	4161
4113	(279, 567)	' fast'	4162
4114	(195, 164)	'ä'	4163
4115	(3724, 2520)	'mptoms'	4164
4116	(98, 652)	'back'	4165
4117	(382, 360)	'urch'	4166
4118	(355, 187)	'刻'	4167
4119	(382, 115)	'urs'	4168
4120	(861, 157)	'喝'	4169
4121	(45, 108)	'-l'	4170
4122	(722, 107)	' thank'	4171
4123	(1192, 2743)	'体验'	4172
4124	(114, 115)	'rs'	4173
4125	(349, 929)	'一些'	4174
4126	(1039, 306)	' role'	4175
4127	(332, 177)	'乱'	4176
4128	(595, 286)	'ival'	4177
4129	(2207, 613)	' behind'	4178
4130	(1173, 161)	'淡'	4179
4131	(2312, 158)	'瑞'	4180
4132	(538, 184)	'選'	4181
4133	(264, 1004)	' swe'	4182
4134	(1387, 115)	' points'	4183
4135	(895, 287)	'ressed'	4184
4136	(288, 1187)	' dont'	4185
4137	(283, 690)	' page'	4186
4138	(274, 99)	'isc'	4187
4139	(526, 178)	'進'	4188
4140	(355, 146)	'划'	4189
4141	(279, 635)	' fac'	4190
4142	(2469, 278)	' eyes'	4191
4143	(2027, 176)	'峰'	4192
4144	(526, 128)	'退'	4193
4145	(1329, 1262)	' regular'	4194
4146	(689, 132)	'雄'	4195
4147	(45, 119)	'-w'	4196
4148	(1492, 146)	'棒'	4198
4149	(628, 1393)	'多少'	4199
4150	(1155, 188)	'礼'	4200
4151	(1130, 2613)	' according'	4201
4152	(446, 110)	' Then'	4202
4153	(282, 594)	' mine'	4203
4154	(2183, 854)	' science'	4204
4155	(370, 432)	'irth'	4205
4156	(306, 120)	'lex'	4206
4157	(360, 277)	'chan'	4207
4158	(290, 146)	'互'	4208
4159	(1762, 1048)	' running'	4209
4160	(953, 576)	' speak'	4210
4161	(555, 100)	'udd'	4211
4162	(1620, 182)	'银'	4212
4163	(103, 449)	'gest'	4213
4164	(1489, 116)	' sett'	4215
4165	(474, 452)	' meant'	4216
4166	(2424, 119)	' draw'	4217
4167	(648, 132)	'构'	4218
4168	(1254, 1245)	' collect'	4219
4169	(117, 533)	'uel'	4220
4170	(315, 1370)	' yeah'	4221
4171	(233, 172)	b'\xe9\xac'	4222
4172	(1550, 145)	'疑'	4223
4173	(870, 585)	'发生'	4224
4174	(1850, 2579)	' avoid'	4225
4175	(1127, 467)	' consum'	4226
4176	(579, 156)	'關'	4227
4177	(483, 129)	'私'	4228
4178	(1028, 3101)	' recogn'	4229
4179	(308, 2040)	' green'	4230
4180	(256, 291)	' tar'	4231
4181	(49, 679)	'100'	4232
4182	(481, 114)	' Dr'	4233
4183	(2955, 360)	'sych'	4234
4184	(8012, 589)	' weeks'	4235
4185	(823, 187)	'登'	4236
4186	(301, 2019)	'icient'	4237
4187	(114, 281)	'ring'	4238
4188	(119, 619)	'what'	4239
4189	(983, 154)	'坚'	4240
4190	(2512, 412)	'存在'	4241
4191	(264, 263)	' son'	4242
4192	(407, 191)	'板'	4243
4193	(1577, 115)	' hands'	4244
4194	(685, 1436)	'学院'	4245
4195	(232, 158)	b'\xe8\x9e'	4246
4196	(65, 260)	'Are'	4247
4197	(885, 324)	'真是'	4248
4198	(575, 149)	'录'	4249
4199	(1254, 280)	' color'	4250
4200	(1740, 180)	'暴'	4251
4201	(501, 173)	'庭'	4252
4202	(1505, 286)	' personal'	4253
4203	(313, 281)	'lying'	4254
4204	(983, 166)	'坦'	4255
4205	(892, 1358)	'ublic'	4256
4206	(267, 1497)	'atures'	4257
4207	(2564, 2666)	' potential'	4258
4208	(321, 2757)	' beaut'	4259
4209	(436, 170)	'努'	4260
4210	(101, 287)	'eed'	4261
4211	(2128, 3448)	'的一个市镇'	4262
4212	(1600, 395)	' extra'	4263
4213	(533, 116)	'elt'	4264
4214	(3070, 265)	' wonder'	4265
4215	(793, 961)	"You're"	4266
4216	(2318, 3451)	'的一個市鎮'	4267
4217	(982, 150)	'祖'	4268
4218	(231, 163)	b'\xe7\xa3'	4269
4219	(1428, 274)	'ysis'	4270
4220	(322, 668)	' react'	4271
4221	(644, 134)	'爆'	4272
4222	(101, 1167)	'ext'	4273
4223	(842, 182)	'當'	4274
4224	(2257, 112)	' purp'	4275
4225	(346, 693)	'utions'	4276
4226	(1039, 303)	' room'	4277
4227	(341, 171)	'含'	4278
4228	(821, 1380)	' respect'	4279
4229	(3907, 181)	'鐵'	4280
4230	(505, 130)	'异'	4281
4231	(1329, 553)	' regard'	4282
4232	(2071, 2074)	'微博'	4283
4233	(748, 287)	' feed'	4284
4234	(294, 838)	'的女'	4285
4235	(1082, 136)	'計'	4286
4236	(264, 639)	' song'	4287
4237	(2556, 71)	'ING'	4288
4238	(422, 167)	'继'	4289
4239	(624, 175)	'副'	4290
4240	(435, 849)	' suff'	4291
4241	(990, 664)	'只能'	4292
4242	(259, 99)	'inc'	4293
4243	(111, 508)	'ores'	4294
4244	(8015, 1377)	' groups'	4295
4245	(79, 114)	'Or'	4296
4246	(2741, 130)	'概'	4297
4247	(1368, 175)	'唯'	4298
4248	(3861, 442)	' members'	4299
4249	(646, 352)	' gold'	4300
4250	(3381, 590)	' movie'	4301
4251	(1678, 1092)	'结果'	4302
4252	(364, 178)	'甲'	4303
4253	(3161, 117)	' influ'	4304
4254	(3779, 2146)	' relationship'	4305
4255	(114, 1074)	'rict'	4306
4256	(1226, 2130)	'怎么办'	4307
4257	(548, 1679)	' plants'	4308
4258	(568, 881)	'以前'	4309
4259	(853, 281)	'aving'	4310
4260	(425, 121)	' By'	4311
4261	(758, 918)	'法语'	4312
4262	(273, 433)	' cust'	4313
4263	(331, 822)	' it’s'	4314
4264	(531, 2395)	' North'	4315
4265	(595, 396)	'ivil'	4316
4266	(363, 1094)	' states'	4317
4267	(423, 166)	'左'	4318
4268	(685, 585)	'学生'	4319
4269	(1597, 1289)	'非常'	4320
4270	(647, 3857)	' Japan'	4321
4271	(332, 142)	'乎'	4322
4272	(1024, 141)	'籍'	4323
4273	(943, 832)	'南部'	4324
4274	(451, 281)	'using'	4325
4275	(47, 47)	'//'	4326
4276	(1528, 327)	' slow'	4327
4277	(2469, 101)	' eye'	4328
4278	(2582, 115)	' products'	4329
4279	(463, 402)	' Will'	4330
4280	(1911, 1262)	' popular'	4331
4281	(280, 103)	'org'	4332
4282	(949, 161)	'股'	4333
4283	(308, 462)	' gun'	4334
4284	(520, 1430)	' ability'	4335
4285	(1813, 2691)	' researc'	4336
4286	(98, 263)	'bon'	4337
4287	(1138, 2118)	' service'	4338
4288	(264, 552)	' sort'	4339
4289	(2109, 1926)	'支持'	4340
4290	(3726, 967)	'虽然'	4341
4291	(333, 169)	'兩'	4342
4292	(528, 145)	'树'	4343
4293	(371, 151)	'旗'	4344
4294	(1492, 174)	'森'	4345
4295	(294, 774)	'的小'	4346
4296	(656, 3385)	'ograph'	4347
4297	(296, 106)	' inj'	4348
4298	(119, 1168)	'wise'	4349
4299	(525, 146)	'寒'	4350
4300	(231, 146)	b'\xe7\x92'	4351
4301	(2043, 182)	'状'	4352
4302	(782, 323)	' content'	4353
4303	(371, 167)	'旧'	4354
4304	(396, 105)	'ili'	4355
4305	(531, 327)	' Now'	4356
4306	(385, 1037)	'有点'	4357
4307	(427, 103)	' deg'	4358
4308	(112, 260)	'pre'	4359
4309	(283, 275)	' pen'	4360
4310	(758, 1062)	'法語'	4361
4311	(935, 265)	' offer'	4362
4312	(274, 278)	'ises'	4363
4313	(104, 1389)	'hold'	4364
4314	(279, 845)	' fish'	4365
4315	(1822, 179)	'傳'	4366
4316	(2470, 697)	' practice'	4367
4317	(507, 352)	' sold'	4368
4318	(99, 411)	'cul'	4369
4319	(2525, 1096)	'印度'	4370
4320	(1516, 577)	' phone'	4371
4321	(1194, 301)	' indic'	4372
4322	(926, 144)	'恐'	4373
4323	(275, 281)	'ening'	4374
4324	(51, 51)	'33'	4375
4325	(101, 98)	'eb'	4376
4326	(362, 186)	'诺'	4377
4327	(353, 259)	'amin'	4378
4328	(1693, 1731)	'评论'	4379
4329	(450, 609)	'ript'	4380
4330	(268, 549)	' wall'	4381
4331	(80, 334)	'Pro'	4382
4332	(463, 960)	' Why'	4383
4333	(65, 77)	'AM'	4384
4334	(1189, 702)	' related'	4385
4335	(504, 3003)	'国际'	4386
4336	(349, 1097)	'一次'	4387
4337	(357, 135)	'將'	4388
4338	(66, 101)	'Be'	4389
4339	(2307, 1227)	'足球'	4390
4340	(270, 836)	'itary'	4391
4341	(273, 101)	' ce'	4392
4342	(420, 185)	'批'	4393
4343	(98, 346)	'but'	4394
4344	(1105, 532)	' studies'	4395
4345	(414, 173)	'席'	4396
4346	(419, 1466)	' concept'	4397
4347	(357, 129)	'封'	4398
4348	(451, 307)	'usion'	4399
4349	(485, 274)	'osis'	4400
4350	(779, 377)	'去了'	4401
4351	(506, 139)	'压'	4402
4352	(270, 280)	'itor'	4403
4353	(300, 652)	' lack'	4404
4354	(309, 1349)	' national'	4405
4355	(276, 1803)	' box'	4406
4356	(317, 153)	'仙'	4407
4357	(257, 3969)	' achie'	4408
4358	(1459, 432)	' earth'	4409
4359	(660, 190)	'款'	4410
4360	(268, 602)	' wide'	4411
4361	(233, 179)	b'\xe9\xb3'	4412
4362	(1221, 184)	'岸'	4413
4363	(256, 1656)	' tax'	4414
4364	(97, 849)	'aff'	4415
4365	(870, 2458)	'发展'	4416
4366	(391, 3486)	'oogle'	4417
4367	(73, 67)	'IC'	4418
4368	(751, 156)	'停'	4419
4369	(308, 1415)	' gave'	4420
4370	(1777, 946)	'管理'	4421
4371	(782, 1562)	' contrib'	4422
4372	(441, 3586)	'中央'	4423
4373	(1134, 181)	'灵'	4424
4374	(357, 142)	'導'	4425
4375	(833, 329)	'duct'	4426
4376	(478, 336)	' kid'	4427
4377	(1143, 159)	'烟'	4428
4378	(258, 108)	'hel'	4429
4379	(354, 136)	'守'	4430
4380	(2710, 489)	' frequ'	4431
4381	(477, 168)	'讨'	4432
4382	(763, 330)	' compet'	4433
4383	(765, 1798)	'事件'	4434
4384	(338, 152)	'團'	4435
4385	(57, 48)	'90'	4436
4386	(1214, 178)	'露'	4437
4387	(864, 141)	'納'	4438
4388	(2453, 976)	' position'	4439
4389	(268, 267)	' wat'	4440
4390	(296, 270)	' init'	4441
4391	(1506, 3958)	' simply'	4442
4392	(966, 265)	' player'	4443
4393	(368, 2170)	' South'	4444
4394	(584, 169)	'革'	4445
4395	(524, 569)	' Good'	4446
4396	(65, 116)	'At'	4447
4397	(1401, 139)	'残'	4448
4398	(104, 2731)	'haps'	4449
4399	(363, 450)	' stri'	4450
4400	(337, 176)	'述'	4451
4401	(297, 3478)	' huge'	4452
4402	(903, 259)	' prin'	4453
4403	(385, 1049)	'有没有'	4454
4404	(233, 138)	b'\xe9\x8a'	4455
4405	(1951, 8049)	'选择'	4456
4406	(534, 152)	'忘'	4457
4407	(2392, 105)	'medi'	4458
4408	(829, 134)	'馆'	4459
4409	(102, 668)	'fact'	4460
4410	(728, 175)	'端'	4461
4411	(1711, 111)	' unto'	4462
4412	(369, 311)	' hell'	4463
4413	(1767, 702)	' created'	4464
4414	(85, 110)	'Un'	4465
4415	(1545, 2788)	' skills'	4466
4416	(421, 2849)	' separ'	4467
4417	(260, 287)	'reed'	4468
4418	(266, 165)	'严'	4469
4419	(51, 49)	'31'	4470
4420	(471, 1466)	' except'	4471
4421	(78, 65)	'NA'	4472
4422	(51, 53)	'35'	4473
4423	(584, 153)	'静'	4474
4424	(111, 797)	'ober'	4475
4425	(1802, 1240)	' easily'	4476
4426	(543, 143)	'氏'	4477
4427	(986, 832)	'北部'	4478
4428	(535, 718)	' Rep'	4479
4429	(374, 151)	'斗'	4480
4430	(1580, 137)	'嘉'	4481
4431	(751, 165)	'健'	4482
4432	(269, 395)	'oura'	4483
4433	(68, 336)	'Did'	4484
4434	(257, 3569)	' average'	4485
4435	(673, 115)	' ens'	4486
4436	(593, 260)	'’re'	4487
4437	(283, 1165)	' pull'	4488
4438	(464, 274)	' His'	4489
4439	(1600, 3653)	' extreme'	4490
4440	(453, 103)	' dog'	4491
4441	(1016, 3549)	'情况'	4492
4442	(368, 265)	' Ser'	4493
4443	(269, 108)	'oul'	4494
4444	(454, 49)	' 11'	4495
4445	(288, 1157)	' dark'	4496
4446	(873, 294)	'样的'	4497
4447	(1947, 768)	' particip'	4498
4448	(3591, 372)	' viol'	4499
4449	(46, 52)	'.4'	4500
4450	(515, 172)	'冬'	4502
4451	(635, 99)	'acc'	4503
4452	(861, 174)	'單'	4504
4453	(992, 287)	'itted'	4505
4454	(436, 191)	'势'	4506
4455	(1160, 313)	'ibly'	4507
4456	(524, 275)	' Gen'	4508
4457	(65, 311)	'All'	4509
4458	(273, 353)	' cam'	4510
4459	(3196, 323)	' moment'	4511
4460	(117, 107)	'uk'	4512
4461	(2287, 187)	'麻'	4513
4462	(1935, 131)	'范'	4514
4463	(301, 589)	'icks'	4515
4464	(442, 263)	'erson'	4516
4465	(2869, 69)	' THE'	4517
4466	(303, 98)	'omb'	4518
4467	(384, 411)	'iful'	4519
4468	(386, 151)	'套'	4520
4469	(618, 100)	' upd'	4521
4470	(445, 319)	' shot'	4522
4471	(381, 135)	'升'	4523
4472	(1070, 287)	' looked'	4524
4473	(437, 358)	'atever'	4525
4474	(1210, 976)	' addition'	4527
4475	(8024, 286)	' total'	4528
4476	(453, 99)	' doc'	4529
4477	(1536, 155)	'痛'	4530
4478	(69, 68)	'ED'	4531
4479	(1053, 4115)	' symptoms'	4532
4480	(971, 1365)	' himself'	4533
4481	(1142, 48)	' 40'	4534
4482	(282, 274)	' mis'	4535
4483	(294, 444)	'的大'	4536
4484	(541, 502)	'artment'	4538
4485	(302, 1001)	'asons'	4539
4486	(1312, 145)	'桑'	4540
4487	(1667, 732)	' medical'	4541
4488	(782, 668)	' contact'	4542
4489	(3409, 449)	' honest'	4543
4490	(1429, 813)	' production'	4544
4491	(1793, 134)	'婆'	4545
4492	(2043, 175)	'犯'	4546
4493	(309, 1837)	' nature'	4547
4494	(1807, 152)	'領'	4548
4495	(713, 785)	' adult'	4549
4496	(361, 311)	'cell'	4550
4497	(260, 314)	'rest'	4551
4498	(282, 857)	' mach'	4552
4499	(368, 109)	' Sm'	4553
4500	(1038, 117)	' flu'	4554
4501	(264, 1558)	' six'	4555
4502	(304, 83)	' IS'	4556
4503	(305, 171)	'末'	4557
4504	(1806, 171)	'猫'	4558
4505	(445, 730)	' share'	4559
4506	(1073, 187)	'须'	4560
4507	(405, 115)	'ops'	4561
4508	(257, 849)	' aff'	4562
4509	(1215, 521)	' Your'	4563
4510	(919, 352)	' cold'	4564
4511	(487, 1622)	'2016'	4565
4512	(616, 151)	'抗'	4566
4513	(346, 104)	'uth'	4567
4514	(330, 265)	'eter'	4568
4515	(2054, 135)	'蘇'	4569
4516	(409, 451)	' Mus'	4570
4517	(337, 183)	'迷'	4571
4518	(890, 265)	'order'	4573
4519	(102, 8028)	'fully'	4574
4520	(547, 138)	'惊'	4575
4521	(821, 2803)	' resources'	4576
4522	(2436, 2736)	' opportun'	4577
4523	(103, 319)	'got'	4578
4524	(1786, 162)	'慢'	4579
4525	(264, 396)	' sil'	4580
4526	(1317, 129)	'码'	4581
4527	(396, 115)	'ils'	4582
4528	(919, 311)	' coll'	4583
4529	(728, 165)	'童'	4584
4530	(366, 260)	' Are'	4585
4531	(422, 131)	'练'	4586
4532	(880, 360)	'rench'	4587
4533	(288, 334)	' dro'	4588
4534	(65, 67)	'AC'	4589
4535	(277, 99)	'anc'	4590
4536	(375, 153)	'孙'	4591
4537	(1667, 755)	' media'	4592
4538	(393, 1961)	' webs'	4593
4539	(1856, 2158)	' required'	4594
4540	(369, 267)	' heat'	4595
4541	(103, 291)	'gar'	4596
4542	(689, 133)	'雅'	4597
4543	(2105, 3071)	'電視'	4598
4544	(1993, 8050)	' response'	4599
4545	(32, 346)	' ut'	4600
4546	(1046, 3341)	' built'	4601
4547	(485, 278)	'oses'	4602
4548	(475, 107)	' lik'	4603
4549	(1385, 886)	' happens'	4604
4550	(892, 101)	'ube'	4605
4551	(3602, 710)	' favorite'	4606
4552	(481, 718)	' Dep'	4607
4553	(973, 152)	'默'	4608
4554	(1936, 287)	' interested'	4609
4555	(2448, 519)	' activity'	4610
4556	(648, 182)	'架'	4611
4557	(1460, 2374)	' modern'	4612
4558	(3389, 546)	' recommend'	4613
4559	(389, 370)	' hair'	4614
4560	(354, 171)	'宫'	4615
4561	(853, 121)	'avy'	4616
4562	(1138, 981)	' serious'	4617
4563	(345, 323)	'iment'	4618
4564	(444, 3011)	'大陆'	4619
4565	(478, 110)	' kn'	4620
4566	(517, 147)	'術'	4621
4567	(434, 265)	' Per'	4622
4568	(2932, 432)	' growth'	4623
4569	(660, 178)	'欲'	4624
4570	(2772, 1338)	' animals'	4625
4571	(336, 426)	'idge'	4626
4572	(273, 2046)	' camp'	4627
4573	(288, 590)	' die'	4628
4574	(3382, 732)	' political'	4629
4575	(295, 1866)	' third'	4630
4576	(116, 100)	'td'	4631
4577	(804, 158)	'舞'	4632
4578	(373, 121)	'key'	4633
4579	(2570, 2172)	'運動'	4634
4580	(1488, 156)	'菜'	4635
4581	(1073, 186)	'顺'	4636
4582	(528, 184)	'核'	4637
4583	(501, 143)	'序'	4638
4584	(308, 302)	' gas'	4639
4585	(1322, 184)	'酸'	4640
4586	(917, 437)	' State'	4641
4587	(953, 287)	' speed'	4642
4588	(427, 718)	' deep'	4643
4589	(2625, 1562)	' describ'	4644
4590	(1923, 3386)	' patients'	4645
4591	(105, 105)	'ii'	4646
4592	(355, 164)	'判'	4647
4593	(1147, 115)	' helps'	4648
4594	(381, 160)	'占'	4649
4595	(983, 143)	'坏'	4650
4596	(1274, 1859)	'系列'	4651
4597	(233, 140)	b'\xe9\x8c'	4652
4598	(850, 155)	'際'	4653
4599	(1932, 281)	' understanding'	4654
4600	(2283, 1910)	'设计'	4655
4601	(107, 121)	'ky'	4656
4602	(578, 377)	'看了'	4657
4603	(920, 170)	'罪'	4658
4604	(706, 167)	'货'	4659
4605	(111, 101)	'oe'	4660
4606	(276, 1111)	' boy'	4661
4607	(1664, 602)	' inside'	4662
4608	(366, 329)	' Act'	4663
4609	(1068, 168)	'萨'	4664
4610	(1066, 115)	' rights'	4665
4611	(297, 291)	' har'	4666
4612	(328, 179)	'佳'	4668
4613	(1215, 1723)	' York'	4669
4614	(269, 360)	'ouch'	4670
4615	(353, 323)	'ament'	4671
4616	(651, 2886)	' introdu'	4672
4617	(304, 109)	' Im'	4673
4618	(595, 519)	'ivity'	4674
4619	(114, 343)	'ray'	4675
4620	(3137, 281)	' writing'	4676
4621	(3663, 146)	'媒'	4677
4622	(598, 840)	'ague'	4678
4623	(805, 156)	'颜'	4679
4624	(4180, 1376)	' target'	4680
4625	(416, 129)	'企'	4681
4626	(1105, 323)	' student'	4682
4627	(286, 116)	'alt'	4683
4628	(104, 569)	'hood'	4684
4629	(279, 270)	' fit'	4685
4630	(450, 737)	'rible'	4686
4631	(273, 2065)	' cross'	4687
4632	(282, 336)	' mid'	4688
4633	(291, 105)	'ari'	4689
4634	(324, 1645)	'是指'	4690
4635	(1079, 153)	'務'	4691
4636	(289, 1256)	' town'	4692
4637	(669, 324)	'可是'	4693
4638	(858, 101)	' Ke'	4694
4639	(389, 2475)	' haha'	4695
4640	(572, 854)	'cience'	4696
4641	(718, 546)	'epend'	4697
4642	(46, 57)	'.9'	4698
4643	(1631, 1726)	'音乐'	4699
4644	(2008, 287)	' asked'	4700
4645	(1519, 287)	' developed'	4701
4646	(3111, 607)	' pressure'	4702
4647	(308, 101)	' ge'	4703
4648	(524, 108)	' Gl'	4704
4649	(291, 1240)	'arily'	4705
4650	(672, 690)	' image'	4706
4651	(276, 808)	' base'	4707
4652	(794, 175)	'软'	4708
4653	(83, 497)	'Some'	4709
4654	(79, 83)	'OS'	4710
4655	(3813, 432)	' Earth'	4711
4656	(3398, 1992)	' don’t'	4712
4657	(100, 303)	'dom'	4713
4658	(386, 182)	'奶'	4714
4659	(232, 134)	b'\xe8\x86'	4715
4660	(3474, 836)	' necessary'	4716
4661	(259, 111)	'ino'	4717
4662	(1709, 121)	' healthy'	4718
4663	(1011, 115)	' news'	4719
4664	(79, 839)	'One'	4720
4665	(115, 1202)	'sup'	4721
4666	(260, 572)	'reci'	4722
4667	(1458, 784)	'基本'	4723
4668	(407, 144)	'材'	4724
4669	(1259, 2160)	' attention'	4725
4670	(810, 101)	' que'	4726
4671	(1210, 895)	' address'	4727
4672	(275, 287)	'ened'	4728
4673	(2338, 3476)	' situation'	4729
4674	(919, 358)	' cover'	4730
4675	(2139, 2252)	'容易'	4731
4676	(349, 972)	'一种'	4732
4677	(2075, 553)	' standard'	4733
4678	(991, 2040)	' screen'	4734
4679	(538, 141)	'遍'	4735
4680	(621, 360)	'earch'	4736
4681	(3556, 141)	'植'	4737
4682	(438, 324)	'你是'	4738
4683	(257, 813)	' action'	4739
4684	(1384, 3437)	' surface'	4740
4685	(1249, 161)	'胡'	4741
4686	(682, 294)	'里的'	4742
4687	(587, 187)	'攻'	4743
4688	(868, 150)	'聖'	4744
4689	(2448, 1302)	' activities'	4745
4690	(3862, 2103)	' Austral'	4746
4691	(565, 377)	'好了'	4747
4692	(357, 138)	'尊'	4748
4693	(788, 1588)	'方式'	4749
4694	(2649, 128)	'激'	4750
4695	(106, 433)	'just'	4751
4696	(1384, 118)	' surv'	4752
4697	(273, 1971)	' coun'	4753
4698	(478, 3268)	' knew'	4754
4699	(604, 184)	'陸'	4755
4700	(427, 108)	' del'	4756
4701	(1663, 8051)	'人口密度'	4757
4702	(264, 267)	' sat'	4758
4703	(1507, 480)	'称为'	4759
4704	(273, 562)	' cred'	4761
4705	(554, 163)	'散'	4762
4706	(580, 385)	'都有'	4763
4707	(749, 180)	'阴'	4764
4708	(896, 287)	' worked'	4765
4709	(8013, 277)	' woman'	4766
4710	(2079, 161)	'鸡'	4767
4711	(1569, 281)	' meaning'	4768
4712	(1026, 3788)	'经济'	4769
4713	(101, 286)	'eal'	4770
4714	(420, 167)	'执'	4771
4715	(114, 345)	'rim'	4772
4716	(109, 270)	'mit'	4773
4717	(738, 157)	'距'	4774
4718	(279, 1490)	' father'	4775
4719	(1249, 156)	'胜'	4776
4720	(2204, 424)	'aught'	4777
4721	(77, 343)	'May'	4778
4722	(2494, 401)	' After'	4779
4723	(264, 351)	' sad'	4780
4724	(32, 336)	' id'	4781
4725	(1028, 323)	' recent'	4782
4726	(608, 278)	' uses'	4783
4727	(1229, 159)	'钟'	4784
4728	(616, 177)	'抱'	4785
4729	(422, 191)	'绿'	4786
4730	(946, 1508)	'理解'	4787
4731	(858, 281)	' King'	4788
4732	(2502, 361)	' reduce'	4789
4733	(868, 138)	'聊'	4790
4734	(2123, 129)	'鲁'	4791
4735	(1073, 185)	'项'	4792
4736	(1039, 351)	' road'	4793
4737	(733, 2738)	' climate'	4794
4738	(1038, 327)	' flow'	4795
4739	(1784, 513)	' effective'	4796
4740	(465, 287)	'pped'	4797
4741	(604, 141)	'降'	4798
4742	(1077, 585)	'男生'	4799
4743	(560, 158)	'赞'	4800
4744	(301, 1104)	'icles'	4801
4745	(322, 2698)	' review'	4802
4746	(264, 353)	' sam'	4803
4747	(46, 54)	'.6'	4804
4748	(656, 2078)	'ograp'	4805
4749	(2449, 115)	' terms'	4806
4750	(266, 180)	'临'	4807
4751	(653, 166)	'邦'	4808
4752	(102, 552)	'fort'	4809
4753	(496, 577)	' alone'	4810
4754	(1300, 921)	'任何'	4811
4755	(277, 1310)	'anced'	4812
4756	(419, 99)	' conc'	4813
4757	(2407, 1281)	'专业'	4814
4758	(515, 156)	'农'	4815
4759	(374, 189)	'施'	4816
4760	(256, 263)	' ton'	4817
4761	(936, 1019)	'第三'	4818
4762	(474, 109)	' mem'	4819
4763	(2321, 312)	' drive'	4820
4764	(906, 1095)	' actual'	4821
4765	(1261, 168)	'骨'	4822
4766	(1589, 330)	' diet'	4823
4767	(880, 1022)	'rences'	4824
4768	(475, 1306)	' lives'	4825
4769	(1259, 4112)	' attempt'	4826
4770	(809, 137)	'按'	4827
4771	(8011, 1396)	' increased'	4828
4772	(1787, 120)	' complex'	4829
4773	(110, 115)	'ns'	4830
4774	(109, 281)	'ming'	4832
4775	(8017, 280)	' histor'	4833
4776	(864, 128)	'紀'	4834
4777	(1114, 1320)	' Health'	4835
4778	(362, 145)	'译'	4836
4779	(71, 569)	'Good'	4837
4780	(868, 183)	'職'	4838
4781	(476, 555)	' jud'	4839
4782	(748, 330)	' feet'	4840
4783	(1980, 116)	' maint'	4841
4784	(115, 330)	'set'	4842
4785	(786, 112)	' prep'	4843
4786	(1755, 1086)	'完全'	4844
4787	(387, 2954)	' Comp'	4845
4788	(303, 277)	'oman'	4846
4789	(2415, 154)	'線'	4847
4790	(439, 280)	'abor'	4848
4791	(1513, 3988)	' written'	4849
4792	(359, 814)	'不想'	4850
4793	(1181, 1685)	'工程'	4851
4794	(706, 157)	'贝'	4852
4795	(115, 117)	'su'	4853
4796	(353, 98)	'amb'	4854
4797	(279, 402)	' fill'	4856
4798	(4262, 303)	' custom'	4858
4799	(335, 489)	'sequ'	4859
4800	(3020, 4041)	' absolute'	4860
4801	(302, 99)	'asc'	4861
4802	(1274, 2182)	'系统'	4862
4803	(3997, 307)	' opinion'	4863
4804	(288, 595)	' div'	4864
4805	(334, 303)	'room'	4865
4806	(620, 967)	'自然'	4866
4807	(329, 693)	'ctions'	4867
4808	(498, 116)	'aint'	4868
4809	(560, 181)	'赵'	4869
4810	(278, 1129)	'estern'	4870
4811	(2361, 146)	'醒'	4871
4812	(276, 286)	' bal'	4872
4813	(68, 741)	"Don't"	4873
4814	(32, 902)	' ign'	4874
4815	(409, 694)	' Most'	4875
4816	(980, 3955)	'意大利'	4876
4817	(983, 151)	'块'	4877
4818	(2586, 139)	'蛋'	4878
4819	(1488, 178)	'菲'	4879
4820	(2451, 117)	' Qu'	4880
4821	(2897, 179)	'澳'	4882
4822	(8010, 278)	' gives'	4883
4823	(276, 1578)	' books'	4884
4824	(395, 103)	'rag'	4885
4825	(104, 327)	'how'	4886
4826	(317, 133)	'仅'	4887
4827	(807, 504)	'英国'	4888
4828	(522, 108)	' El'	4889
4829	(322, 118)	' rev'	4890
4830	(706, 165)	'败'	4891
4831	(387, 111)	' Co'	4892
4832	(363, 649)	' store'	4893
4833	(354, 139)	'宋'	4894
4834	(471, 3445)	' exerc'	4895
4835	(486, 179)	'耳'	4896
4836	(1047, 3104)	'新闻'	4897
4837	(624, 181)	'創'	4898
4838	(347, 361)	' force'	4899
4839	(353, 110)	'amn'	4900
4840	(232, 184)	b'\xe8\xb8'	4901
4841	(282, 3421)	' micro'	4902
4842	(620, 1036)	'自由'	4903
4843	(46, 56)	'.8'	4904
4844	(275, 440)	'eness'	4905
4845	(46, 55)	'.7'	4906
4846	(411, 867)	'ulations'	4907
4847	(104, 1160)	'hib'	4908
4848	(301, 867)	'ications'	4909
4849	(760, 1220)	' Thank'	4910
4850	(1510, 128)	'門'	4911
4851	(983, 135)	'均'	4912
4852	(456, 138)	'释'	4913
4853	(346, 287)	'uted'	4914
4854	(268, 569)	' wood'	4915
4855	(32, 370)	' ir'	4916
4856	(1277, 2724)	' training'	4917
4857	(751, 143)	'偏'	4918
4858	(2339, 976)	' condition'	4919
4859	(363, 8052)	' stupid'	4920
4860	(1514, 115)	'lands'	4921
4861	(864, 167)	'紧'	4922
4862	(628, 377)	'多了'	4923
4863	(324, 412)	'是在'	4924
4864	(2779, 553)	'board'	4925
4865	(763, 277)	' compan'	4926
4866	(3755, 845)	' British'	4927
4867	(52, 53)	'45'	4929
4868	(717, 161)	'郡'	4931
4869	(1584, 3810)	' numbers'	4932
4870	(350, 398)	' und'	4933
4871	(268, 848)	' wild'	4934
4872	(429, 394)	' rout'	4935
4873	(366, 465)	' App'	4936
4874	(824, 1239)	' spread'	4937
4875	(46, 49)	'.1'	4938
4876	(396, 278)	'iles'	4939
4877	(1699, 447)	' generally'	4940
4878	(3309, 1281)	'毕业'	4941
4879	(463, 302)	' Was'	4942
4880	(842, 165)	'略'	4943
4881	(1073, 190)	'顾'	4944
4882	(421, 1486)	' search'	4945
4883	(747, 136)	'授'	4946
4884	(772, 480)	'行为'	4947
4885	(362, 190)	'课'	4948
4886	(2453, 2386)	' positive'	4949
4887	(108, 353)	'lam'	4950
4888	(104, 353)	'ham'	4951
4889	(232, 157)	b'\xe8\x9d'	4952
4890	(2685, 2214)	'父母'	4953
4891	(265, 111)	'ero'	4954
4892	(310, 160)	'映'	4955
4893	(2544, 280)	'error'	4956
4894	(548, 2974)	' places'	4957
4895	(3441, 1051)	'肯定'	4958
4896	(1292, 98)	' emb'	4959
4897	(69, 67)	'EC'	4960
4898	(1253, 730)	' aware'	4961
4899	(283, 1235)	' path'	4962
4900	(646, 286)	' goal'	4963
4901	(399, 814)	'我想'	4964
4902	(917, 555)	' Stud'	4965
4903	(478, 281)	' king'	4967
4904	(295, 750)	' threat'	4968
4905	(318, 1447)	' egg'	4969
4906	(321, 1642)	' began'	4970
4907	(1028, 2369)	' recently'	4971
4908	(751, 182)	'偶'	4972
4909	(79, 77)	'OM'	4973
4910	(435, 109)	' sum'	4974
4911	(2123, 156)	'鲜'	4975
4912	(1649, 176)	'議'	4976
4913	(317, 152)	'付'	4977
4914	(416, 145)	'休'	4978
4915	(65, 76)	'AL'	4979
4916	(264, 546)	' send'	4980
4917	(357, 154)	'尚'	4981
4918	(2420, 3240)	'粉丝'	4982
4919	(98, 767)	'book'	4983
4920	(427, 118)	' dev'	4984
4921	(8039, 8061)	' _nl_'	4985
4922	(8010, 281)	' giving'	4986
4923	(703, 360)	' arch'	4987
4924	(1513, 710)	' write'	4988
4925	(651, 101)	' inte'	4989
4926	(507, 8038)	' society'	4990
4927	(1407, 664)	'才能'	4991
4928	(955, 1964)	'民族'	4992
4929	(590, 102)	'ief'	4993
4930	(333, 141)	'免'	4994
4931	(489, 101)	'que'	4995
4932	(2905, 1133)	' Maybe'	4996
4933	(328, 136)	'佈'	4997
4934	(1329, 307)	' region'	4998
4935	(291, 97)	'ara'	4999
4936	(276, 4155)	' birth'	5000
4937	(2990, 301)	' economic'	5001
4938	(535, 1925)	' Russ'	5002
4939	(416, 176)	'估'	5003
4940	(583, 155)	'招'	5004
4941	(1546, 455)	'几个'	5005
4942	(1586, 3951)	' global'	5006
4943	(2705, 45)	' non-'	5007
4944	(948, 281)	' seeing'	5008
4945	(583, 156)	'拜'	5009
4946	(647, 1366)	' Jew'	5011
4947	(583, 148)	'拔'	5012
4948	(3693, 702)	' associated'	5013
4949	(282, 3774)	' middle'	5014
4950	(804, 185)	'船'	5015
4951	(2347, 281)	' watching'	5016
4952	(485, 281)	'osing'	5017
4953	(1478, 2303)	' funny'	5018
4954	(1740, 151)	'暗'	5019
4955	(316, 131)	'參'	5020
4956	(622, 313)	'ously'	5021
4957	(99, 532)	'cies'	5023
4958	(1409, 597)	' carry'	5024
4959	(2187, 2388)	'技术'	5025
4960	(4285, 2401)	' researchers'	5026
4961	(756, 1269)	'之间'	5027
4962	(1073, 191)	'顿'	5028
4963	(777, 52)	' 24'	5029
4964	(635, 1115)	'ached'	5030
4965	(354, 135)	'宇'	5031
4966	(434, 260)	' Pre'	5032
4967	(290, 161)	'亡'	5033
4968	(268, 1504)	' warm'	5034
4969	(928, 162)	'漢'	5035
4970	(470, 173)	'哭'	5036
4971	(708, 3712)	' management'	5037
4972	(1691, 121)	' Any'	5038
4973	(719, 588)	'后来'	5039
4974	(393, 1866)	' weird'	5040
4975	(1530, 33)	'!!!'	5041
4976	(2115, 135)	'篇'	5042
4977	(515, 178)	'冲'	5043
4978	(1138, 8036)	' services'	5044
4979	(763, 2072)	' compared'	5045
4980	(3254, 313)	' quickly'	5046
4981	(1790, 1278)	'普通'	5047
4982	(272, 2165)	' option'	5048
4983	(815, 150)	'策'	5049
4984	(105, 451)	'ius'	5050
4985	(1177, 438)	'给你'	5051
4986	(107, 275)	'ken'	5052
4987	(450, 101)	'rie'	5053
4988	(1242, 394)	' throughout'	5054
4989	(395, 1232)	'raft'	5055
4990	(306, 291)	'lear'	5056
4991	(2862, 115)	' materials'	5057
4992	(876, 134)	'穆'	5058
4993	(286, 121)	'aly'	5059
4994	(1923, 1129)	' pattern'	5060
4995	(3520, 8060)	'中华人民共和国'	5061
4996	(1277, 831)	' travel'	5062
4997	(288, 2254)	' dude'	5063
4998	(276, 395)	' bra'	5064
4999	(1835, 3152)	' published'	5065
5000	(387, 1187)	' Cont'	5066
5001	(565, 1673)	'好像'	5067
5002	(2577, 857)	' approach'	5068
5003	(99, 277)	'can'	5069
5004	(664, 1145)	'能力'	5070
5005	(51, 54)	'36'	5071
5006	(362, 175)	'误'	5072
5007	(2029, 1328)	'节目'	5073
5008	(233, 158)	b'\xe9\x9e'	5074
5009	(103, 110)	'gn'	5075
5010	(1143, 166)	'烦'	5076
5011	(300, 2285)	' load'	5077
5012	(282, 1558)	' mix'	5078
5013	(3028, 1080)	' involved'	5079
5014	(1150, 661)	'当时'	5080
5015	(1586, 351)	' glad'	5081
5016	(1186, 260)	' rare'	5082
5017	(66, 8032)	'Because'	5083
5018	(289, 3298)	' towards'	5084
5019	(2859, 607)	' culture'	5085
5020	(3346, 451)	' focus'	5086
5021	(699, 145)	'辑'	5087
5022	(682, 898)	'里面'	5088
5023	(291, 532)	'aries'	5089
5024	(647, 4078)	' Jesus'	5090
5025	(409, 259)	' Min'	5091
5026	(3002, 607)	' measure'	5092
5027	(312, 260)	'vere'	5093
5028	(102, 2736)	'fortun'	5094
5029	(368, 119)	' Sw'	5095
5030	(783, 183)	'谷'	5096
5031	(534, 141)	'忍'	5097
5032	(413, 1031)	'年代'	5098
5033	(8004, 100)	"I'd"	5099
5034	(341, 184)	'吸'	5100
5035	(97, 382)	'aur'	5101
5036	(8055, 306)	' multiple'	5102
5037	(407, 175)	'杯'	5103
5038	(804, 141)	'舍'	5104
5039	(1144, 610)	'ground'	5105
5040	(1950, 972)	'各种'	5106
5041	(270, 2254)	'itude'	5107
5042	(1132, 1438)	'相信'	5108
5043	(363, 844)	' stick'	5109
5044	(731, 115)	' Its'	5110
5045	(740, 2571)	'成功'	5111
5046	(282, 874)	' mount'	5112
5047	(1146, 1156)	' brother'	5113
5048	(282, 1369)	' match'	5114
5049	(3538, 1901)	'幸福'	5115
5050	(363, 2482)	' stream'	5116
5051	(102, 582)	'ffe'	5117
5052	(322, 306)	' rele'	5118
5053	(1337, 467)	' assum'	5119
5054	(2005, 169)	'摩'	5120
5055	(1119, 4211)	'省的一个市镇'	5121
5056	(445, 1849)	' shoot'	5122
5057	(2746, 377)	'除了'	5123
5058	(341, 180)	'吴'	5124
5059	(1119, 4216)	'省的一個市鎮'	5125
5060	(683, 863)	'出现'	5126
5061	(282, 598)	' mag'	5127
5062	(1146, 1166)	' brought'	5129
5063	(282, 460)	' mist'	5130
5064	(1403, 549)	' install'	5131
5065	(672, 4407)	' immedi'	5132
5066	(301, 97)	'ica'	5133
5067	(265, 1080)	'erved'	5134
5068	(1908, 154)	'魚'	5135
5069	(3221, 607)	' figure'	5136
5070	(323, 121)	'enty'	5137
5071	(1459, 1264)	' earli'	5138
5072	(300, 743)	' lose'	5139
5073	(297, 694)	' host'	5140
5074	(1785, 2485)	' caused'	5141
5075	(557, 188)	'呼'	5142
5076	(231, 152)	b'\xe7\x98'	5143
5077	(434, 291)	' Par'	5144
5078	(276, 1166)	' bought'	5145
5079	(300, 384)	' lif'	5146
5080	(550, 335)	' worse'	5147
5081	(1532, 2085)	' provides'	5148
5082	(468, 165)	'急'	5149
5083	(46, 50)	'.2'	5150
5084	(1750, 450)	'ropri'	5151
5085	(567, 101)	'aste'	5152
5086	(1774, 8056)	' Israel'	5153
5087	(524, 750)	' Great'	5154
5088	(635, 1321)	'aches'	5155
5089	(932, 840)	' blue'	5156
5090	(522, 727)	' Even'	5157
5091	(303, 275)	'omen'	5158
5092	(2492, 313)	' currently'	5159
5093	(101, 97)	'ea'	5160
5094	(368, 1304)	' Sec'	5161
5095	(474, 4157)	' mechan'	5162
5096	(318, 1012)	' emer'	5163
5097	(1029, 56)	' 198'	5164
5098	(345, 467)	'imum'	5165
5099	(3582, 597)	' industry'	5166
5100	(537, 138)	'届'	5167
5101	(1556, 121)	'Hey'	5168
5102	(257, 555)	' aud'	5169
5103	(276, 1866)	' bird'	5170
5104	(105, 452)	'iant'	5171
5105	(316, 179)	'右'	5172
5106	(85, 83)	'US'	5173
5107	(421, 97)	' sea'	5174
5108	(611, 2260)	'到底'	5175
5109	(2143, 270)	' visit'	5176
5110	(109, 275)	'men'	5177
5111	(1204, 1436)	'學院'	5178
5112	(1730, 1071)	'歌手'	5179
5113	(1812, 498)	' explain'	5180
5114	(2501, 373)	' joke'	5181
5115	(1311, 313)	'atively'	5182
5116	(802, 312)	' save'	5183
5117	(4209, 1145)	'努力'	5184
5118	(464, 291)	' Har'	5185
5119	(256, 382)	' tur'	5186
5120	(560, 182)	'赶'	5187
5121	(1039, 404)	' rock'	5188
5122	(1638, 158)	'增'	5189
5123	(381, 143)	'协'	5190
5124	(273, 597)	' cry'	5191
5125	(4077, 161)	'簡'	5192
5126	(786, 2627)	' prefer'	5193
5127	(98, 277)	'ban'	5194
5128	(260, 330)	'reet'	5195
5129	(370, 270)	'irit'	5196
5130	(117, 120)	'ux'	5197
5131	(2739, 2739)	'____'	5198
5132	(259, 836)	'inary'	5199
5133	(354, 156)	'宜'	5200
5134	(112, 281)	'ping'	5201
5135	(279, 739)	' fru'	5202
5136	(855, 147)	'姓'	5203
5137	(1639, 668)	' interact'	5204
5138	(295, 622)	' thous'	5205
5139	(384, 102)	'iff'	5206
5140	(265, 103)	'erg'	5207
5141	(105, 353)	'iam'	5208
5142	(1680, 302)	' ideas'	5209
5143	(1429, 361)	' produce'	5210
5144	(98, 280)	'bor'	5211
5145	(864, 175)	'累'	5212
5146	(355, 165)	'別'	5213
5147	(838, 365)	'女人'	5214
5148	(2356, 378)	'ervation'	5215
5149	(1423, 281)	' feeling'	5216
5150	(387, 874)	' Count'	5217
5151	(357, 136)	'專'	5218
5152	(97, 641)	'aper'	5219
5153	(1695, 692)	'每天'	5220
5154	(517, 165)	'补'	5221
5155	(2568, 259)	' origin'	5222
5156	(536, 152)	'盘'	5223
5157	(1802, 1821)	' easier'	5224
5158	(838, 1069)	'女性'	5225
5159	(582, 813)	'fection'	5226
5160	(372, 301)	'olic'	5227
5161	(429, 610)	' round'	5228
5162	(1268, 1045)	'原因'	5229
5163	(363, 8059)	' streng'	5230
5164	(2308, 840)	' continue'	5231
5165	(126, 126)	'~~'	5232
5166	(351, 100)	'add'	5233
5167	(514, 183)	'歷'	5234
5168	(530, 359)	'就不'	5235
5169	(328, 153)	'余'	5236
5170	(347, 1608)	' forward'	5237
5171	(487, 1089)	'2010'	5238
5172	(1178, 2615)	'回答'	5239
5173	(1127, 460)	' consist'	5240
5174	(1580, 180)	'嘴'	5241
5175	(333, 133)	'充'	5242
5176	(1278, 1289)	'通常'	5243
5177	(565, 578)	'好看'	5245
5178	(2011, 2011)	'谢谢'	5246
5179	(292, 134)	'皆'	5247
5180	(1076, 685)	'科学'	5248
5181	(804, 137)	'舉'	5249
5182	(516, 2979)	' choice'	5250
5183	(105, 378)	'iation'	5251
5184	(598, 281)	'aging'	5252
5185	(69, 84)	'ET'	5253
5186	(486, 182)	'耶'	5254
5187	(383, 158)	'從'	5255
5188	(900, 121)	' party'	5256
5189	(415, 100)	' ord'	5257
5190	(1688, 772)	'进行'	5258
5191	(425, 8032)	' Because'	5259
5192	(79, 107)	'Ok'	5260
5193	(699, 136)	'辈'	5261
5194	(97, 411)	'aul'	5262
5195	(505, 131)	'弃'	5263
5196	(500, 185)	'匹'	5264
5197	(621, 115)	'ears'	5265
5198	(1291, 2089)	' supposed'	5266
5199	(1346, 177)	'莱'	5267
5200	(334, 121)	'roy'	5268
5201	(644, 183)	'爷'	5269
5202	(1219, 149)	'處'	5270
5203	(294, 780)	'的最'	5271
5204	(270, 378)	'itation'	5272
5205	(363, 895)	' stress'	5273
5206	(8018, 287)	' changed'	5274
5207	(501, 138)	'床'	5275
5208	(795, 698)	'对于'	5276
5209	(1265, 189)	'製'	5278
5210	(276, 287)	' bed'	5279
5211	(699, 150)	'辖'	5280
5212	(2208, 301)	' basic'	5281
5213	(774, 623)	'小说'	5282
5214	(301, 287)	'iced'	5283
5215	(1277, 404)	' track'	5284
5216	(287, 2926)	'ederal'	5285
5217	(1571, 170)	'溪'	5286
5218	(1624, 790)	'巴西'	5287
5219	(1190, 111)	' remo'	5288
5220	(604, 132)	'附'	5289
5221	(571, 324)	'要是'	5290
5222	(850, 134)	'隆'	5291
5223	(2227, 110)	' damn'	5292
5224	(282, 1656)	' max'	5293
5225	(383, 129)	'征'	5294
5226	(110, 263)	'non'	5295
5227	(1825, 922)	'稱為'	5296
5228	(508, 104)	'resh'	5297
5229	(114, 277)	'ran'	5298
5230	(1785, 609)	' capt'	5299
5231	(952, 650)	" couldn't"	5300
5232	(909, 4666)	' appreci'	5301
5233	(2472, 432)	'ength'	5302
5234	(1217, 128)	'销'	5303
5235	(1135, 682)	'哪里'	5304
5236	(647, 277)	' Jan'	5305
5237	(344, 119)	' Tw'	5306
5238	(501, 134)	'庆'	5307
5239	(973, 168)	'黨'	5308
5240	(51, 55)	'37'	5309
5241	(268, 1207)	' wife'	5310
5242	(2981, 4219)	' analysis'	5311
5243	(427, 1264)	' deli'	5312
5244	(351, 512)	'adem'	5313
5245	(522, 634)	' Every'	5314
5246	(460, 846)	'istance'	5315
5247	(1397, 161)	'堡'	5316
5248	(256, 753)	' table'	5317
5249	(2266, 287)	' designed'	5318
5250	(288, 437)	' date'	5319
5251	(358, 335)	'verse'	5320
5252	(487, 1287)	'2012'	5321
5253	(536, 138)	'益'	5322
5254	(301, 105)	'ici'	5323
5255	(8024, 447)	' totally'	5324
5256	(79, 76)	'OL'	5325
5257	(2727, 330)	' internet'	5326
5258	(4402, 572)	' princi'	5327
5259	(762, 2613)	'ccording'	5328
5260	(232, 185)	b'\xe8\xb9'	5329
5261	(429, 336)	' rid'	5330
5262	(230, 134)	b'\xe6\x86'	5331
5263	(51, 52)	'34'	5332
5264	(788, 898)	'方面'	5333
5265	(752, 156)	'镜'	5334
5266	(256, 841)	' tree'	5335
5267	(1518, 178)	'悲'	5337
5268	(273, 2567)	' code'	5338
5269	(288, 1425)	' died'	5339
5270	(1646, 941)	' events'	5340
5271	(2078, 121)	'rapy'	5341
5272	(1612, 186)	'缺'	5342
5273	(300, 287)	' led'	5343
5274	(414, 133)	'帅'	5344
5275	(997, 115)	' wants'	5345
5276	(387, 258)	' Che'	5346
5277	(467, 941)	'uments'	5347
5278	(1880, 115)	' schools'	5348
5279	(8035, 8035)	'呵呵'	5349
5280	(464, 460)	' Hist'	5350
5281	(744, 184)	'書'	5351
5282	(3968, 495)	' straight'	5352
5283	(812, 1581)	' unless'	5353
5284	(288, 1750)	' drop'	5354
5285	(72, 3043)	'Haha'	5355
5286	(1332, 307)	'vention'	5356
5287	(1173, 183)	'混'	5357
5288	(579, 178)	'闲'	5358
5289	(8037, 361)	' piece'	5359
5290	(2722, 1016)	'的事情'	5360
5291	(89, 521)	'Your'	5361
5292	(1822, 187)	'傻'	5362
5293	(575, 169)	'彩'	5363
5294	(8004, 311)	"I'll"	5364
5295	(117, 836)	'uary'	5365
5296	(2105, 1211)	'電影'	5366
5297	(711, 115)	' knows'	5367
5298	(409, 99)	' Mc'	5368
5299	(87, 376)	'With'	5369
5300	(538, 151)	'遗'	5370
5301	(65, 114)	'Ar'	5371
5302	(3508, 2629)	' network'	5372
5303	(1292, 319)	' emot'	5373
5304	(117, 104)	'uh'	5374
5305	(297, 1504)	' harm'	5375
5306	(399, 359)	'我不'	5376
5307	(1532, 2934)	' provided'	5377
5308	(312, 121)	'vey'	5378
5309	(580, 591)	'都会'	5379
5310	(445, 912)	' shown'	5380
5311	(542, 2624)	' Like'	5381
5312	(363, 291)	' star'	5382
5313	(964, 1295)	' useful'	5383
5314	(8011, 3533)	' increasing'	5384
5315	(380, 4473)	' whatever'	5385
5316	(100, 111)	'do'	5386
5317	(654, 159)	'借'	5387
5318	(751, 183)	'偷'	5388
5319	(542, 330)	' Let'	5389
5320	(429, 8057)	' random'	5390
5321	(903, 889)	' print'	5391
5322	(288, 597)	' dry'	5392
5323	(3319, 967)	'突然'	5393
5324	(256, 546)	' tend'	5394
5325	(2079, 159)	'鸟'	5395
5326	(496, 2887)	' although'	5396
5327	(332, 148)	'乔'	5397
5328	(450, 2165)	'ription'	5398
5329	(2976, 3940)	' doubt'	5399
5330	(8063, 1485)	'浙江'	5400
5331	(463, 449)	' West'	5401
5332	(288, 275)	' den'	5402
5333	(347, 1376)	' forget'	5403
5334	(345, 2010)	'imately'	5404
5335	(3926, 306)	' title'	5405
5336	(691, 147)	'晓'	5406
5337	(465, 265)	'pper'	5407
5338	(626, 385)	'也有'	5408
5339	(765, 1016)	'事情'	5409
5340	(283, 4183)	' psych'	5410
5341	(3543, 607)	' structure'	5411
5342	(429, 3651)	' rules'	5412
5343	(4538, 710)	' website'	5413
5344	(712, 1078)	' therefore'	5414
5345	(382, 103)	'urg'	5415
5346	(295, 121)	' thy'	5416
5347	(280, 589)	'orks'	5417
5348	(1467, 57)	'2009'	5418
5349	(1652, 1000)	' factors'	5419
5350	(720, 151)	'俗'	5420
5351	(51, 56)	'38'	5421
5352	(4049, 732)	' chemical'	5422
5353	(2952, 846)	' performance'	5423
5354	(3012, 287)	' allowed'	5424
5355	(283, 306)	' ple'	5425
5356	(3327, 447)	' literally'	5426
5357	(80, 108)	'Pl'	5427
5358	(46, 103)	'.g'	5428
5359	(2876, 294)	'怎样的'	5429
5360	(370, 116)	'irt'	5430
5361	(439, 330)	'abet'	5432
5362	(3598, 659)	'获得'	5433
5363	(8042, 2523)	' behavior'	5434
5364	(303, 281)	'oming'	5436
5365	(460, 1248)	'istics'	5437
5366	(276, 4080)	' baby'	5438
5367	(4208, 4467)	' beautiful'	5439
5368	(3109, 1702)	'航空'	5440
5369	(321, 267)	' beat'	5441
5370	(363, 3718)	' style'	5442
5371	(1135, 455)	'哪个'	5443
5372	(1068, 172)	'萬'	5444
5373	(375, 164)	'孤'	5445
5374	(8034, 504)	'是法国'	5446
5375	(409, 649)	' More'	5447
5376	(782, 498)	' contain'	5448
5377	(275, 1310)	'enced'	5449
5378	(82, 69)	'RE'	5450
5379	(595, 281)	'iving'	5451
5380	(685, 2971)	'学习'	5452
5381	(110, 442)	'ners'	5453
5382	(899, 161)	'無'	5454
5383	(736, 148)	'笔'	5455
5384	(525, 166)	'實'	5456
5385	(495, 115)	'ights'	5457
5386	(617, 294)	'子的'	5458
5387	(599, 645)	' Other'	5459
5388	(412, 2804)	'在一起'	5460
5389	(684, 165)	'津'	5461
5390	(1039, 311)	' roll'	5462
5391	(1130, 382)	' accur'	5463
5392	(97, 727)	'aven'	5464
5393	(67, 108)	'Cl'	5465
5394	(3815, 1531)	' female'	5466
5395	(4017, 1240)	' daily'	5467
5396	(583, 165)	'拥'	5468
5397	(3114, 1352)	' benefits'	5469
5398	(318, 1180)	' eating'	5470
5399	(407, 159)	'束'	5471
5400	(2233, 3757)	' Canada'	5472
5401	(1006, 291)	' Char'	5473
5402	(1177, 399)	'给我'	5474
5403	(911, 170)	'說'	5475
5404	(1337, 440)	' assess'	5476
5405	(982, 157)	'祝'	5477
5406	(2004, 1097)	'第一次'	5478
5407	(8034, 742)	'是法國'	5479
5408	(2434, 178)	'獲'	5480
5409	(1492, 139)	'棋'	5481
5410	(297, 8066)	' hundred'	5482
5411	(1509, 48)	' 60'	5483
5412	(661, 1031)	'时代'	5484
5413	(699, 155)	'辛'	5485
5414	(890, 115)	'ords'	5486
5415	(1006, 2511)	' China'	5487
5416	(2240, 1694)	'照片'	5488
5417	(1010, 2035)	'比赛'	5489
5418	(308, 577)	' gone'	5490
5419	(780, 1997)	'最近'	5491
5420	(333, 132)	'兄'	5492
5421	(434, 372)	' Pol'	5493
5422	(3276, 504)	'韩国'	5494
5423	(4075, 8068)	'中華人民共和國'	5495
5424	(1419, 281)	' starting'	5496
5425	(683, 585)	'出生'	5497
5426	(2380, 502)	' movement'	5498
5427	(604, 169)	'险'	5499
5428	(487, 1494)	'2015'	5500
5429	(114, 353)	'ram'	5501
5430	(355, 186)	'刺'	5502
5431	(407, 176)	'杰'	5503
5432	(1073, 182)	'顶'	5504
5433	(365, 585)	'人生'	5505
5434	(788, 758)	'方法'	5506
5435	(410, 1087)	' waste'	5507
5436	(937, 163)	'趣'	5508
5437	(232, 148)	b'\xe8\x94'	5509
5438	(482, 349)	'这一'	5510
5439	(297, 3234)	' htt'	5511
5440	(2674, 891)	' While'	5512
5441	(888, 163)	'督'	5513
5442	(766, 1212)	'主演'	5514
5443	(121, 108)	'yl'	5515
5444	(8065, 2457)	'葡萄牙'	5516
5445	(407, 130)	'杂'	5517
5446	(789, 946)	'心理'	5518
5447	(262, 939)	' theory'	5519
5448	(1962, 301)	'ronic'	5520
5449	(1276, 2992)	'表示'	5521
5450	(805, 132)	'预'	5522
5451	(2916, 313)	' particularly'	5523
5452	(1340, 121)	' ready'	5524
5453	(8062, 1834)	' safety'	5525
5454	(1278, 725)	'通过'	5526
5455	(2537, 313)	' directly'	5527
5456	(2236, 287)	' killed'	5528
5457	(99, 567)	'cast'	5529
5458	(367, 149)	'幕'	5530
5459	(85, 67)	'UC'	5531
5460	(107, 281)	'king'	5532
5461	(273, 767)	' cook'	5533
5462	(847, 351)	' grad'	5534
5463	(326, 2080)	" you'll"	5535
5464	(571, 2203)	'要求'	5536
5465	(934, 311)	' poll'	5537
5466	(295, 451)	' thus'	5538
5467	(688, 294)	'地的'	5539
5468	(614, 139)	'测'	5540
5469	(324, 761)	'是一个'	5541
5470	(115, 281)	'sing'	5542
5471	(116, 114)	'tr'	5543
5472	(1046, 311)	' bull'	5544
5473	(65, 104)	'Ah'	5545
5474	(45, 104)	'-h'	5546
5475	(364, 154)	'甚'	5547
5476	(3645, 175)	'嗯'	5549
5477	(487, 1707)	'2017'	5550
5478	(3899, 1837)	' temperature'	5551
5479	(359, 999)	'不起'	5552
5480	(51, 50)	'32'	5553
5481	(51, 57)	'39'	5554
5482	(1550, 188)	'疼'	5555
5483	(114, 567)	'rast'	5556
5484	(324, 1648)	'是日本'	5557
5485	(968, 685)	'同学'	5558
5486	(304, 484)	' Int'	5559
5487	(393, 723)	' weap'	5560
5488	(122, 122)	'zz'	5561
5489	(505, 177)	'弱'	5562
5490	(268, 263)	' won'	5563
5491	(3369, 1048)	' beginning'	5564
5492	(3149, 460)	'minist'	5565
5493	(1496, 144)	'結'	5566
5494	(709, 2527)	' anyway'	5567
5495	(463, 834)	' Well'	5568
5496	(585, 1014)	'生物'	5569
5497	(414, 171)	'師'	5570
5498	(2447, 313)	' nearly'	5571
5499	(452, 313)	'antly'	5572
5500	(2783, 3227)	'准备'	5573
5501	(588, 377)	'来了'	5574
5502	(2210, 287)	' turned'	5575
5503	(742, 4598)	'國際'	5576
5504	(103, 286)	'gal'	5577
5505	(421, 1245)	' select'	5578
5506	(3527, 4432)	' encoura'	5579
5507	(1225, 365)	'让人'	5580
5508	(368, 1549)	' School'	5581
5509	(599, 104)	' Oh'	5582
5510	(2274, 115)	' programs'	5583
5511	(738, 179)	'跳'	5584
5512	(32, 697)	' ice'	5585
5513	(3571, 594)	' imagine'	5586
5514	(1222, 1086)	'安全'	5587
5515	(835, 1494)	' 2015'	5588
5516	(886, 307)	'ension'	5589
5517	(334, 115)	'ros'	5590
5518	(2381, 287)	' reported'	5591
5519	(1193, 154)	'脚'	5592
5520	(1407, 324)	'才是'	5593
5521	(8006, 278)	' includes'	5594
5522	(3619, 734)	' People'	5595
5523	(2317, 1396)	'-based'	5596
5524	(847, 1654)	' growing'	5597
5525	(1214, 135)	'震'	5598
5526	(443, 3847)	' progress'	5599
5527	(2426, 159)	'熟'	5601
5528	(101, 360)	'ech'	5602
5529	(565, 565)	'好好'	5603
5530	(1891, 141)	'龍'	5605
5531	(2253, 585)	'医生'	5606
5532	(453, 3292)	' doctor'	5607
5533	(300, 1606)	' lines'	5608
5534	(8074, 2457)	'西班牙'	5609
5535	(273, 270)	' cit'	5610
5536	(1077, 1865)	'男朋友'	5611
5537	(273, 4265)	' civil'	5612
5538	(1785, 3197)	' causes'	5613
5539	(2560, 4340)	' military'	5615
5540	(794, 132)	'轄'	5616
5541	(393, 961)	" we're"	5617
5542	(2176, 130)	'蒂'	5618
5543	(332, 140)	'乌'	5619
5544	(485, 976)	'osition'	5620
5545	(1198, 1588)	'正式'	5621
5546	(80, 83)	'PS'	5622
5547	(990, 571)	'只要'	5623
5548	(2590, 191)	'鹿'	5624
5549	(1908, 148)	'魔'	5625
5550	(699, 147)	'输'	5626
5551	(748, 311)	' fell'	5627
5552	(917, 101)	' Ste'	5628
5553	(358, 116)	'vert'	5629
5554	(4224, 743)	' purpose'	5630
5555	(523, 4532)	' French'	5631
5556	(3387, 1594)	'stitute'	5632
5557	(279, 4213)	' felt'	5633
5558	(487, 1710)	'2013'	5634
5559	(683, 294)	'出的'	5635
5560	(335, 99)	'sec'	5637
5561	(3099, 611)	'遇到'	5638
5562	(457, 1323)	' comments'	5639
5563	(1677, 135)	'資'	5640
5564	(1528, 495)	' slight'	5641
5565	(2913, 115)	' individuals'	5642
5566	(449, 115)	'ests'	5643
5567	(1768, 97)	' kinda'	5644
5568	(2094, 286)	' legal'	5645
5569	(425, 291)	' Bar'	5646
5570	(267, 2561)	'atives'	5647
5571	(282, 723)	' map'	5648
5572	(359, 2222)	'不错'	5649
5573	(671, 175)	'纯'	5650
5574	(4865, 532)	' companies'	5651
5575	(3158, 270)	' Edit'	5652
5576	(419, 4375)	' conduct'	5653
5577	(1198, 1289)	'正常'	5654
5578	(256, 275)	' ten'	5655
5579	(301, 702)	'icated'	5656
5580	(1270, 910)	'哈哈哈'	5657
5581	(304, 73)	' II'	5658
5582	(341, 185)	'吹'	5660
5583	(381, 136)	'午'	5661
5584	(1421, 3980)	' security'	5662
5585	(1260, 265)	' greater'	5663
5586	(968, 661)	'同时'	5664
5587	(715, 294)	'下的'	5665
5588	(361, 287)	'ceed'	5666
5589	(434, 508)	' Pres'	5667
5590	(2415, 168)	'編'	5668
5591	(429, 3818)	' rule'	5669
5592	(2391, 1463)	' electric'	5670
5593	(481, 853)	' Dav'	5671
5594	(264, 2803)	' sources'	5672
5595	(516, 3589)	' choose'	5673
5596	(274, 693)	'isions'	5674
5597	(445, 768)	' ship'	5675
5598	(1715, 3157)	'保护'	5676
5599	(261, 141)	'－'	5677
5600	(733, 844)	' click'	5678
5601	(1416, 313)	' highly'	5679
5602	(434, 541)	' Part'	5680
5603	(87, 327)	'Wow'	5681
5604	(2921, 1834)	' variety'	5682
5605	(87, 2179)	'Who'	5683
5606	(526, 143)	'透'	5684
5607	(1305, 2519)	'关注'	5685
5608	(1343, 314)	' subst'	5686
5609	(8006, 287)	' included'	5687
5610	(496, 1129)	' altern'	5688
5611	(282, 2170)	' mouth'	5689
5612	(290, 171)	'享'	5690
5613	(3647, 931)	' official'	5691
5614	(2008, 281)	' asking'	5692
5615	(407, 156)	'杜'	5693
5616	(1589, 2801)	' diagn'	5694
5617	(984, 562)	'overed'	5695
5618	(1993, 905)	' respond'	5696
5619	(3310, 690)	' message'	5697
5620	(73, 86)	'IV'	5698
5621	(927, 2756)	' implement'	5699
5622	(1717, 792)	'难道'	5700
5623	(32, 265)	' er'	5701
5624	(1018, 313)	' mostly'	5702
5625	(355, 128)	'刀'	5703
5626	(381, 177)	'危'	5704
5627	(2744, 1106)	'确实'	5705
5628	(291, 996)	'arian'	5706
5629	(310, 168)	'昨'	5707
5630	(505, 185)	'弹'	5708
5631	(586, 412)	'日在'	5709
5632	(1500, 3791)	'视频'	5710
5633	(1732, 3100)	'战争'	5711
5634	(850, 148)	'隔'	5712
5635	(105, 797)	'iber'	5713
5636	(820, 1583)	'名字'	5714
5637	(1916, 1562)	' distrib'	5715
5638	(2257, 360)	' purch'	5716
5639	(1989, 659)	'记得'	5717
5640	(273, 1637)	' corn'	5718
5641	(65, 68)	'AD'	5719
5642	(794, 189)	'载'	5720
5643	(885, 1198)	'真正'	5721
5644	(1448, 287)	' posted'	5722
5645	(350, 3652)	' ult'	5723
5646	(369, 352)	' held'	5724
5647	(1814, 172)	'硬'	5725
5648	(581, 278)	'odes'	5726
5649	(782, 2816)	' controll'	5727
5650	(296, 110)	' inn'	5728
5651	(409, 263)	' Mon'	5729
5652	(324, 1036)	'是由'	5730
5653	(671, 184)	'纸'	5731
5654	(1831, 115)	' teams'	5732
5655	(906, 513)	' active'	5733
5656	(511, 186)	'臺'	5734
5657	(758, 3009)	'法律'	5735
5658	(1747, 265)	' older'	5736
5659	(575, 185)	'役'	5737
5660	(65, 2303)	'Any'	5738
5661	(1426, 153)	'標'	5739
5662	(507, 396)	' soil'	5740
5663	(282, 1531)	' male'	5741
5664	(1801, 4063)	' policy'	5742
5665	(112, 370)	'pir'	5743
5666	(357, 190)	'尾'	5744
5667	(372, 291)	'olar'	5745
5668	(2430, 263)	' demon'	5746
5669	(3305, 1048)	' morning'	5747
5670	(547, 156)	'惜'	5748
5671	(288, 4099)	' danger'	5749
5672	(1678, 2797)	'结婚'	5750
5673	(1368, 174)	'售'	5751
5674	(647, 117)	' Ju'	5752
5675	(1719, 3984)	'提供'	5753
5676	(2994, 115)	' methods'	5754
5677	(377, 1196)	'了吧'	5755
5678	(286, 100)	'ald'	5756
5679	(1261, 151)	'骗'	5757
5680	(4910, 1012)	' summer'	5758
5681	(68, 2398)	'Does'	5759
5682	(434, 67)	' PC'	5760
5683	(713, 2118)	' advice'	5761
5684	(672, 666)	' impl'	5762
5685	(2929, 286)	' environmental'	5763
5686	(456, 135)	'采'	5764
5687	(1740, 150)	'暖'	5765
5688	(317, 139)	'介'	5766
5689	(4064, 437)	' private'	5767
5690	(1848, 287)	'anned'	5768
5691	(277, 1236)	'ancial'	5769
5692	(973, 158)	'點'	5770
5693	(3170, 426)	' college'	5771
5694	(257, 314)	' ast'	5772
5695	(366, 78)	' AN'	5773
5696	(580, 640)	'都没'	5774
5697	(418, 98)	' mob'	5775
5698	(993, 190)	'艾'	5776
5699	(283, 277)	' pan'	5777
5700	(2268, 755)	' India'	5778
5701	(118, 259)	'vin'	5779
5702	(485, 607)	'osure'	5781
5703	(83, 2206)	'Sorry'	5782
5704	(322, 4485)	' reasons'	5783
5705	(838, 1865)	'女朋友'	5784
5706	(1882, 8070)	'网络'	5785
5707	(2945, 1112)	'参加'	5786
5708	(2209, 784)	'根本'	5787
5709	(103, 97)	'ga'	5788
5710	(1314, 2659)	' decision'	5789
5711	(328, 169)	'佩'	5790
5712	(542, 8067)	' LORD'	5791
5713	(359, 659)	'不得'	5792
5714	(1544, 768)	'ship'	5793
5715	(1215, 3459)	' YOU'	5794
5716	(280, 426)	'orge'	5795
5717	(301, 594)	'icine'	5796
5718	(5028, 2010)	'fortunately'	5797
5719	(701, 1446)	'如此'	5798
5720	(2772, 286)	' animal'	5799
5721	(259, 401)	'inter'	5800
5722	(391, 391)	'oooo'	5801
5723	(257, 345)	' aim'	5803
5724	(122, 97)	'za'	5804
5725	(296, 1043)	' infect'	5805
5726	(3574, 274)	' epis'	5806
5727	(3609, 277)	' German'	5807
5728	(506, 140)	'厌'	5808
5729	(112, 710)	'pite'	5809
5730	(77, 101)	'Me'	5810
5731	(3052, 4680)	' Research'	5811
5732	(740, 294)	'成的'	5812
5733	(114, 274)	'ris'	5813
5734	(3091, 980)	'愿意'	5814
5735	(317, 141)	'仍'	5815
5736	(558, 170)	'泪'	5816
5737	(490, 2979)	' voice'	5817
5738	(1318, 183)	'荷'	5818
5739	(108, 259)	'lin'	5819
5740	(118, 449)	'vest'	5820
5741	(276, 1637)	' born'	5821
5742	(2414, 8073)	'推荐'	5822
5743	(450, 286)	'rial'	5823
5744	(351, 121)	'ady'	5824
5745	(660, 138)	'權'	5825
5746	(653, 128)	'邀'	5826
5747	(1063, 448)	' command'	5827
5748	(481, 274)	' Dis'	5828
5749	(97, 785)	'ault'	5830
5750	(955, 766)	'民主'	5831
5751	(278, 99)	'esc'	5832
5752	(286, 281)	'aling'	5833
5753	(282, 2770)	' mental'	5834
5754	(2898, 3618)	' crazy'	5835
5755	(276, 391)	' boo'	5836
5756	(279, 680)	' fans'	5837
5757	(588, 623)	'来说'	5838
5758	(4748, 960)	'ography'	5839
5759	(2474, 280)	' prior'	5840
5760	(3412, 139)	'構'	5841
5761	(423, 168)	'巨'	5842
5762	(436, 179)	'劳'	5843
5763	(4681, 1014)	'植物'	5844
5764	(842, 171)	'畫'	5845
5765	(926, 168)	'恨'	5846
5766	(1312, 165)	'桥'	5847
5767	(279, 1846)	' final'	5848
5768	(918, 1810)	'语言'	5849
5769	(283, 462)	' pun'	5852
5770	(1598, 1630)	'接受'	5853
5771	(322, 8016)	' release'	5854
5772	(514, 144)	'歐'	5855
5773	(963, 182)	'延'	5856
5774	(1150, 967)	'当然'	5857
5775	(1056, 758)	'无法'	5858
5776	(1061, 1014)	'动物'	5859
5777	(706, 162)	'财'	5860
5778	(323, 3438)	'entially'	5861
5779	(812, 3623)	' unique'	5862
5780	(2208, 1527)	' basically'	5863
5781	(1695, 1097)	'每次'	5864
5782	(2826, 313)	' clearly'	5865
5783	(591, 385)	'会有'	5866
5784	(504, 1468)	'国内'	5867
5785	(288, 265)	' der'	5868
5786	(2727, 1349)	' international'	5869
5787	(1143, 136)	'烈'	5870
5788	(450, 1133)	'ribe'	5871
5789	(989, 789)	'开心'	5872
5790	(78, 327)	'Now'	5873
5791	(365, 2023)	'人类'	5874
5792	(505, 151)	'弗'	5875
5793	(1481, 178)	'網'	5876
5794	(453, 311)	' doll'	5877
5795	(87, 1692)	'Where'	5878
5796	(335, 101)	'see'	5879
5797	(99, 396)	'cil'	5880
5798	(2156, 628)	'那么多'	5881
5799	(1525, 115)	' forms'	5882
5800	(2526, 1904)	'简单'	5883
5801	(1414, 157)	'條'	5884
5802	(108, 115)	'ls'	5885
5803	(418, 1109)	' moving'	5886
5804	(121, 109)	'ym'	5887
5805	(487, 1736)	'2014'	5888
5806	(428, 697)	' notice'	5889
5807	(2062, 137)	'應'	5890
5808	(461, 137)	'沉'	5891
5809	(194, 176)	'°'	5892
5810	(305, 177)	'朱'	5893
5811	(52, 56)	'48'	5894
5812	(598, 265)	'ager'	5895
5813	(490, 319)	' vot'	5896
5814	(1103, 129)	'禁'	5897
5815	(368, 509)	' Spe'	5898
5816	(2161, 556)	'晚上'	5899
5817	(782, 4222)	' context'	5900
5818	(736, 166)	'符'	5901
5819	(2966, 3257)	' received'	5902
5820	(105, 485)	'ios'	5903
5821	(576, 265)	'aker'	5904
5822	(256, 4614)	' touch'	5905
5823	(2885, 1456)	' limited'	5906
5824	(359, 771)	'不用'	5907
5825	(2791, 996)	' Christian'	5908
5826	(103, 117)	'gu'	5909
5827	(363, 739)	' stru'	5910
5828	(1045, 1446)	'因此'	5911
5829	(2434, 142)	'獎'	5912
5830	(624, 135)	'則'	5913
5831	(536, 155)	'盛'	5914
5832	(780, 2810)	'最大的'	5915
5833	(2726, 652)	' Black'	5916
5834	(371, 162)	'既'	5917
5835	(2902, 1281)	'职业'	5918
5836	(1758, 1797)	' larger'	5919
5837	(467, 277)	'uman'	5920
5838	(481, 741)	" Don't"	5921
5839	(294, 2832)	'的东西'	5922
5840	(1065, 3264)	'世纪'	5923
5841	(1029, 55)	' 197'	5924
5842	(411, 437)	'ulate'	5925
5843	(283, 330)	' pet'	5926
5844	(4721, 1133)	'Maybe'	5927
5845	(1414, 129)	'梁'	5928
5846	(2548, 313)	' certainly'	5929
5847	(2821, 287)	' expected'	5930
5848	(2634, 169)	'薩'	5931
5849	(2152, 2152)	'妈妈'	5932
5850	(1464, 2887)	' Although'	5933
5851	(1617, 134)	'豆'	5934
5852	(535, 287)	' Red'	5935
5853	(3269, 2301)	'永远'	5936
5854	(558, 137)	'泉'	5937
5855	(1422, 8028)	'efully'	5938
5856	(824, 319)	' spot'	5939
5857	(572, 622)	'cious'	5940
5858	(1885, 303)	' autom'	5941
5859	(2762, 553)	' board'	5942
5860	(294, 3283)	'的地方'	5943
5861	(2044, 157)	'藝'	5944
5862	(5071, 265)	' earlier'	5945
5863	(387, 519)	' City'	5946
5864	(279, 891)	' file'	5947
5865	(620, 1537)	'自治'	5948
5866	(1219, 154)	'虚'	5949
5867	(306, 813)	'lection'	5950
5868	(490, 1074)	' vict'	5951
5869	(490, 115)	' vs'	5952
5870	(3375, 1615)	' scientists'	5953
5871	(282, 2801)	' magn'	5954
5872	(76, 101)	'Le'	5955
5873	(536, 150)	'盖'	5956
5874	(487, 1392)	'2011'	5957
5875	(72, 65)	'HA'	5958
5876	(295, 269)	' thou'	5959
5877	(98, 1803)	'box'	5960
5878	(1498, 377)	'死了'	5961
5879	(281, 265)	'inger'	5962
5880	(4171, 188)	'鬼'	5963
5881	(940, 940)	'——'	5964
5882	(331, 3509)	' items'	5965
5883	(534, 153)	'忙'	5966
5884	(654, 171)	'倫'	5967
5885	(309, 378)	' nation'	5968
5886	(1194, 4641)	' independ'	5969
5887	(3295, 121)	' copy'	5971
5888	(676, 571)	'还要'	5972
5889	(487, 681)	'2019'	5973
5890	(1870, 48)	' 90'	5974
5891	(322, 509)	' repe'	5975
5892	(2521, 351)	' broad'	5976
5893	(380, 743)	' whose'	5977
5894	(322, 857)	' reach'	5978
5895	(4925, 1144)	' integr'	5979
5896	(807, 742)	'英國'	5980
5897	(505, 132)	'弄'	5981
5898	(45, 48)	'-0'	5982
5899	(978, 1445)	'明白'	5984
5900	(4800, 313)	' absolutely'	5985
5901	(2824, 1179)	'铁路'	5986
5902	(347, 4523)	' forgot'	5987
5903	(4133, 330)	' sweet'	5988
5904	(1585, 108)	' transl'	5989
5905	(45, 259)	'-in'	5991
5906	(429, 327)	' row'	5992
5907	(114, 610)	'round'	5993
5908	(2526, 1507)	'简称'	5994
5909	(309, 2395)	' north'	5995
5910	(3699, 287)	' mentioned'	5996
5911	(4247, 349)	'唯一'	5997
5912	(368, 360)	' Sch'	5998
5913	(421, 813)	' section'	5999
5914	(194, 160)	'\xa0'	6000
5915	(1217, 174)	'键'	6001
5916	(706, 180)	'贴'	6002
5917	(3784, 1311)	' negative'	6003
5918	(459, 1067)	' neigh'	6004
5919	(661, 1319)	'时期'	6005
5920	(277, 1484)	'ancy'	6006
5921	(526, 148)	'途'	6007
5922	(266, 176)	'丰'	6008
5923	(2497, 8069)	'组织'	6009
5924	(3286, 452)	'levant'	6010
5925	(613, 1440)	'indows'	6011
5926	(883, 2896)	'高速'	6012
5927	(4357, 312)	' achieve'	6013
5928	(1705, 680)	' humans'	6014
5929	(399, 412)	'我在'	6015
5930	(3321, 277)	' European'	6016
5931	(109, 3518)	'mission'	6017
5932	(414, 182)	'帶'	6018
5933	(816, 1669)	'分布'	6019
5934	(901, 181)	'侵'	6020
5935	(553, 275)	'arden'	6021
5936	(835, 1287)	' 2012'	6022
5937	(98, 287)	'bed'	6023
5938	(4019, 3617)	' software'	6024
5939	(419, 1041)	' convers'	6025
5940	(574, 335)	'These'	6026
5941	(699, 166)	'辦'	6027
5942	(315, 101)	' ye'	6028
5943	(276, 327)	' bow'	6029
5944	(105, 854)	'ience'	6030
5945	(2745, 336)	' paid'	6031
5946	(363, 1285)	' stock'	6032
5947	(3488, 265)	' Center'	6033
5948	(387, 1001)	' Cons'	6034
5949	(777, 49)	' 21'	6035
5950	(481, 336)	' Did'	6036
5951	(385, 294)	'有的'	6037
5952	(1946, 154)	'據'	6038
5953	(109, 302)	'mas'	6039
5954	(915, 324)	'而是'	6040
5955	(685, 603)	'学家'	6041
5956	(366, 484)	' Ant'	6042
5957	(538, 138)	'遊'	6043
5958	(2838, 278)	' trees'	6044
5959	(2178, 313)	'arently'	6045
5960	(772, 294)	'行的'	6046
5961	(1372, 156)	'娜'	6047
5962	(1805, 265)	' refer'	6048
5963	(57, 57)	'99'	6049
5964	(726, 75)	' UK'	6050
5965	(4238, 3465)	'继续'	6051
5966	(105, 275)	'ien'	6052
5967	(111, 45)	'o-'	6053
5968	(282, 402)	' mill'	6054
5969	(4476, 2965)	' document'	6055
5970	(708, 8076)	' manufact'	6056
5971	(387, 280)	' Cor'	6057
5972	(616, 152)	'折'	6058
5973	(353, 281)	'aming'	6059
5974	(316, 148)	'叔'	6060
5975	(714, 185)	'培'	6061
5976	(444, 628)	'大多'	6062
5977	(4939, 1910)	'估计'	6063
5978	(409, 1766)	' Many'	6064
5979	(2476, 1376)	' veget'	6065
5980	(882, 433)	' trust'	6066
5981	(8046, 2472)	' challeng'	6067
5982	(2733, 314)	' forest'	6068
5983	(264, 662)	' snow'	6069
5984	(107, 662)	'know'	6070
5985	(837, 372)	'ocol'	6071
5986	(1324, 2782)	'建议'	6072
5987	(434, 83)	' PS'	6073
5988	(855, 145)	'姑'	6074
5989	(3329, 820)	'著名'	6075
5990	(1175, 294)	'她的'	6076
5991	(3375, 1158)	' scientific'	6077
5992	(2361, 137)	'醉'	6078
5993	(260, 278)	'rees'	6079
5994	(747, 162)	'探'	6080
5995	(776, 112)	' disp'	6081
5996	(1409, 4286)	' carbon'	6082
5997	(2963, 150)	'論'	6083
5998	(1940, 115)	' foods'	6084
5999	(368, 84)	' ST'	6085
6000	(2459, 401)	' winter'	6086
6001	(560, 164)	'赤'	6087
6002	(776, 2060)	' disapp'	6088
6003	(117, 958)	'under'	6089
6004	(1188, 806)	'州市'	6090
6005	(1796, 1026)	'曾经'	6091
6006	(1077, 617)	'男子'	6092
6007	(309, 1676)	' names'	6093
6008	(626, 640)	'也没'	6094
6009	(53, 53)	'55'	6095
6010	(764, 972)	'那种'	6096
6011	(487, 487)	'2020'	6097
6012	(409, 114)	' Mr'	6098
6013	(114, 437)	'rate'	6099
6014	(427, 2118)	' device'	6100
6015	(264, 2170)	' south'	6101
6016	(100, 334)	'dro'	6102
6017	(554, 166)	'敦'	6103
6018	(366, 99)	' Ac'	6104
6019	(1429, 1310)	' produced'	6105
6020	(564, 1440)	' allows'	6106
6021	(384, 2201)	'ifying'	6107
6022	(782, 1454)	' contract'	6108
6023	(1519, 281)	' developing'	6109
6024	(383, 146)	'徒'	6110
6025	(526, 163)	'連'	6111
6026	(79, 87)	'OW'	6112
6027	(763, 263)	' compon'	6113
6028	(534, 134)	'忆'	6114
6029	(368, 4640)	' Science'	6115
6030	(709, 3966)	' anymore'	6116
6031	(535, 1304)	' Rec'	6117
6032	(433, 498)	'ustain'	6118
6033	(108, 280)	'lor'	6119
6034	(3904, 303)	' bottom'	6120
6035	(272, 120)	' ox'	6121
6036	(428, 101)	' note'	6122
6037	(1318, 163)	'荣'	6123
6038	(119, 376)	'with'	6124
6039	(3563, 3503)	'负责'	6125
6040	(385, 628)	'有多'	6126
6041	(309, 4059)	' named'	6127
6042	(623, 1159)	'说话'	6129
6043	(608, 265)	' user'	6130
6044	(2560, 278)	' miles'	6131
6045	(121, 112)	'yp'	6132
6046	(269, 737)	'ouble'	6133
6047	(112, 336)	'pid'	6134
6048	(2268, 996)	' Indian'	6135
6049	(464, 265)	' Her'	6136
6050	(321, 8071)	' beyond'	6137
6051	(1193, 177)	'脱'	6138
6052	(2963, 190)	'諾'	6139
6053	(76, 69)	'LE'	6140
6054	(3910, 836)	' primary'	6141
6055	(1314, 108)	' decl'	6142
6056	(2711, 552)	' effort'	6143
6057	(115, 278)	'ses'	6144
6058	(2661, 115)	' costs'	6145
6059	(4439, 313)	' extremely'	6146
6060	(824, 546)	' spend'	6147
6061	(771, 294)	'用的'	6148
6062	(1503, 115)	'airs'	6149
6063	(393, 291)	' wear'	6150
6064	(385, 3277)	'有限'	6152
6065	(8040, 2401)	' teachers'	6153
6066	(354, 191)	'宿'	6154
6067	(3500, 981)	' religious'	6155
6068	(915, 1359)	'而已'	6156
6069	(382, 532)	'uries'	6157
6070	(1924, 1587)	' solution'	6158
6071	(1513, 1483)	' wrote'	6159
6072	(357, 164)	'尤'	6160
6073	(876, 183)	'穷'	6161
6074	(4005, 8079)	' California'	6162
6075	(1138, 2366)	' seriously'	6164
6076	(780, 883)	'最高'	6165
6077	(414, 149)	'帕'	6166
6078	(301, 111)	'ico'	6167
6079	(789, 682)	'心里'	6168
6080	(814, 571)	'想要'	6169
6081	(1264, 287)	'lied'	6170
6082	(814, 611)	'想到'	6171
6083	(1924, 336)	' solid'	6172
6084	(749, 182)	'阶'	6173
6085	(395, 98)	'rab'	6174
6086	(1086, 504)	'全国'	6175
6087	(388, 1380)	' aspect'	6176
6088	(1869, 265)	' smaller'	6177
6089	(1225, 399)	'让我'	6178
6090	(530, 591)	'就会'	6179
6091	(499, 143)	'减'	6180
6092	(275, 426)	'enge'	6182
6093	(2367, 1484)	'gency'	6183
6094	(2431, 2264)	' capital'	6184
6095	(322, 312)	' reve'	6185
6096	(725, 779)	'过去'	6186
6097	(53, 679)	'500'	6187
6098	(1923, 2019)	' patient'	6188
6099	(4762, 939)	' memory'	6189
6100	(2679, 1540)	b'\n                '	6190
6101	(3806, 115)	' tools'	6191
6102	(383, 144)	'徐'	6192
6103	(604, 189)	'陽'	6193
6104	(725, 294)	'过的'	6194
6105	(1266, 723)	' cheap'	6196
6106	(440, 307)	'ession'	6197
6107	(501, 147)	'库'	6198
6108	(288, 117)	' du'	6199
6109	(283, 327)	' pow'	6200
6110	(1291, 313)	' supply'	6201
6111	(3316, 144)	'餐'	6202
6112	(2643, 1051)	'决定'	6203
6113	(303, 121)	'omy'	6204
6114	(105, 509)	'ipe'	6205
6115	(273, 567)	' cast'	6206
6116	(4435, 607)	' ensure'	6207
6117	(300, 5233)	' length'	6208
6118	(276, 750)	' breat'	6209
6119	(784, 588)	'本来'	6210
6120	(114, 702)	'rated'	6211
6121	(322, 3349)	' reference'	6212
6122	(387, 639)	' Cong'	6213
6123	(1649, 175)	'譯'	6214
6124	(1219, 142)	'虎'	6215
6125	(66, 121)	'By'	6216
6126	(1906, 116)	' Art'	6217
6127	(338, 150)	'圖'	6218
6128	(3631, 5200)	' destroy'	6219
6129	(232, 172)	b'\xe8\xac'	6220
6130	(1586, 791)	' glass'	6221
6131	(487, 679)	'2000'	6222
6132	(3834, 343)	' okay'	6223
6133	(326, 2554)	" you've"	6224
6134	(2642, 109)	' film'	6225
6135	(288, 2482)	' dream'	6226
6136	(2043, 185)	'犹'	6227
6137	(1948, 2596)	'服务'	6228
6138	(3867, 1443)	'控制'	6229
6139	(1199, 130)	'狂'	6230
6140	(1823, 265)	' center'	6231
6141	(8087, 1184)	'林匹克'	6232
6142	(774, 661)	'小时'	6233
6143	(416, 180)	'伴'	6234
6144	(490, 270)	' vit'	6235
6145	(1153, 504)	'德国'	6236
6146	(1590, 3177)	' expensive'	6237
6147	(550, 597)	' worry'	6238
6148	(601, 155)	'愛'	6239
6149	(4195, 141)	'融'	6240
6150	(279, 621)	' fear'	6241
6151	(1991, 442)	' leaders'	6242
6152	(523, 959)	' First'	6243
6153	(740, 377)	'成了'	6244
6154	(483, 152)	'秘'	6245
6155	(2592, 452)	' advant'	6246
6156	(483, 166)	'秦'	6247
6157	(1805, 1245)	' reflect'	6248
6158	(769, 160)	'池'	6249
6159	(1847, 191)	'腿'	6250
6160	(276, 1267)	' burn'	6251
6161	(703, 450)	' arri'	6253
6162	(276, 2247)	' bacter'	6254
6163	(2253, 1436)	'医院'	6255
6164	(1026, 2107)	'经历'	6256
6165	(807, 962)	'英文'	6257
6166	(794, 174)	'轮'	6258
6167	(2580, 4506)	'必须'	6259
6168	(3014, 1895)	'电视剧'	6260
6169	(79, 80)	'OP'	6262
6170	(1268, 588)	'原来'	6263
6171	(389, 3247)	' habit'	6264
6172	(319, 97)	'ota'	6265
6173	(715, 588)	'下来'	6266
6174	(2519, 980)	'注意'	6267
6175	(345, 286)	'imal'	6268
6176	(2735, 519)	' majority'	6269
6177	(733, 485)	' clos'	6270
6178	(5125, 1825)	'簡稱'	6271
6179	(525, 186)	'寺'	6272
6180	(385, 455)	'有个'	6273
6181	(2636, 467)	'useum'	6274
6182	(1804, 48)	' 80'	6275
6183	(861, 183)	'喷'	6276
6184	(324, 455)	'是个'	6277
6185	(381, 183)	'卷'	6278
6186	(601, 129)	'愁'	6279
6187	(438, 591)	'你会'	6280
6188	(1552, 1599)	' realize'	6281
6189	(2980, 115)	' girls'	6282
6190	(758, 504)	'法国'	6283
6191	(396, 485)	'ilos'	6284
6192	(1006, 8075)	' Chinese'	6285
6193	(1014, 946)	'物理'	6286
6194	(330, 116)	'ett'	6287
6195	(859, 1003)	'斯特'	6288
6196	(538, 191)	'避'	6289
6197	(276, 411)	' bul'	6290
6198	(427, 98)	' deb'	6291
6199	(324, 1055)	'是中国'	6292
6200	(314, 101)	'ste'	6293
6201	(998, 286)	' Val'	6294
6202	(8047, 1349)	' International'	6295
6203	(394, 8041)	'outhern'	6296
6204	(3405, 356)	' investig'	6297
6205	(834, 327)	'ellow'	6298
6206	(550, 314)	' worst'	6299
6207	(8002, 3698)	' becomes'	6301
6208	(1860, 140)	'貌'	6302
6209	(419, 2015)	' concent'	6303
6210	(583, 188)	'拼'	6304
6211	(1929, 281)	'oking'	6305
6212	(481, 343)	' Day'	6306
6213	(369, 4561)	' heavy'	6307
6214	(434, 1157)	' Park'	6308
6215	(1208, 179)	'柳'	6309
6216	(115, 258)	'she'	6310
6217	(1946, 141)	'操'	6311
6218	(1957, 1726)	'快乐'	6312
6219	(707, 278)	'izes'	6313
6220	(2232, 1582)	'角色'	6314
6221	(3528, 981)	' previous'	6315
6222	(973, 142)	'黎'	6316
6223	(276, 3741)	' batter'	6317
6224	(116, 119)	'tw'	6319
6225	(348, 162)	'•'	6320
6226	(525, 187)	'寻'	6321
6227	(3500, 307)	' religion'	6322
6228	(659, 611)	'得到'	6323
6229	(2175, 447)	' finally'	6324
6230	(628, 294)	'多的'	6325
6231	(1994, 156)	'搜'	6326
6232	(297, 462)	' hun'	6327
6233	(1237, 1192)	'身体'	6328
6234	(372, 336)	'olid'	6329
6235	(835, 1089)	' 2010'	6330
6236	(1210, 3069)	' additional'	6331
6237	(1230, 115)	'hens'	6332
6238	(434, 77)	' PM'	6333
6239	(336, 1984)	'idering'	6334
6240	(559, 187)	'妻'	6335
6241	(2115, 128)	'節'	6336
6242	(1134, 175)	'灯'	6337
6243	(273, 739)	' cru'	6338
6244	(266, 145)	'丑'	6339
6245	(269, 112)	'oup'	6340
6246	(361, 277)	'cean'	6341
6247	(499, 161)	'凡'	6342
6248	(552, 8041)	'orthern'	6343
6249	(2430, 448)	' demand'	6344
6250	(2353, 287)	' learned'	6345
6251	(869, 4398)	' perhaps'	6346
6252	(1026, 1289)	'经常'	6347
6253	(8045, 3152)	' established'	6348
6254	(1219, 145)	'虑'	6349
6255	(359, 669)	'不可'	6350
6256	(592, 184)	'炸'	6351
6257	(560, 171)	'赫'	6352
6258	(8025, 1497)	' pictures'	6353
6259	(337, 142)	'迎'	6354
6260	(273, 2185)	' cards'	6356
6261	(409, 1486)	' March'	6357
6262	(1781, 8082)	' families'	6358
6263	(2275, 345)	' estim'	6359
6264	(819, 565)	'很好'	6360
6265	(812, 99)	' unc'	6361
6266	(387, 303)	' Com'	6362
6267	(1924, 291)	' solar'	6363
6268	(1530, 1530)	'!!!!'	6364
6269	(1134, 173)	'灭'	6365
6270	(116, 532)	'ties'	6366
6271	(2024, 116)	' court'	6367
6272	(681, 48)	'190'	6368
6273	(824, 323)	' spent'	6369
6274	(336, 97)	'ida'	6370
6275	(1764, 1278)	'交通'	6371
6276	(2371, 115)	' laws'	6372
6277	(318, 432)	' eth'	6373
6278	(728, 185)	'竹'	6374
6279	(101, 107)	'ek'	6375
6280	(105, 442)	'iers'	6376
6281	(258, 314)	'hest'	6377
6282	(2167, 121)	' fully'	6378
6283	(277, 845)	'anish'	6379
6284	(1039, 98)	' rob'	6380
6285	(3021, 3069)	' traditional'	6381
6286	(368, 345)	' Sim'	6382
6287	(565, 628)	'好多'	6383
6288	(4498, 594)	' machine'	6384
6289	(309, 1603)	' nuc'	6385
6290	(676, 640)	'还没'	6386
6291	(490, 755)	' via'	6387
6292	(766, 1126)	'主教'	6388
6293	(273, 1369)	' catch'	6389
6294	(1292, 1034)	' email'	6390
6295	(3160, 828)	' replace'	6392
6296	(4516, 3796)	' Muslim'	6393
6297	(2784, 659)	'值得'	6394
6298	(84, 72)	'TH'	6395
6299	(805, 168)	'風'	6396
6300	(260, 109)	'rem'	6397
6301	(1508, 2643)	'解决'	6398
6302	(648, 170)	'枪'	6399
6303	(487, 1334)	'2018'	6400
6304	(368, 277)	' San'	6401
6305	(3627, 693)	' options'	6402
6306	(704, 828)	' peace'	6403
6307	(3703, 401)	'aughter'	6404
6308	(554, 172)	'敬'	6405
6309	(2005, 132)	'摄'	6406
6310	(297, 622)	' hous'	6407
6311	(54, 53)	'65'	6408
6312	(2476, 104)	' veh'	6409
6313	(69, 634)	'Every'	6410
6314	(2976, 737)	' double'	6411
6315	(115, 1380)	'spect'	6412
6316	(276, 555)	' bud'	6413
6317	(413, 3097)	'年轻'	6414
6318	(477, 138)	'變'	6415
6319	(80, 101)	'Pe'	6416
6320	(748, 4206)	' features'	6417
6321	(2490, 1514)	' England'	6418
6322	(4307, 841)	' degree'	6419
6323	(1288, 160)	'珠'	6420
6324	(623, 377)	'说了'	6422
6325	(418, 1080)	' moved'	6423
6326	(673, 512)	' enem'	6424
6327	(3696, 594)	' determine'	6425
6328	(578, 1081)	'看着'	6426
6329	(1324, 1307)	'建立'	6427
6330	(3219, 8080)	'俄罗斯'	6428
6331	(561, 3614)	' leaves'	6429
6332	(537, 139)	'屋'	6430
6333	(3547, 2666)	' essential'	6431
6334	(107, 97)	'ka'	6432
6335	(1214, 141)	'霍'	6433
6336	(2679, 825)	b'\n            '	6434
6337	(118, 3632)	'ville'	6435
6338	(286, 109)	'alm'	6436
6339	(393, 1490)	' weather'	6437
6340	(5052, 1396)	' released'	6438
6341	(599, 102)	' Of'	6439
6342	(1314, 2934)	' decided'	6440
6343	(1545, 402)	' skill'	6441
6344	(688, 1227)	'地球'	6442
6345	(1113, 532)	'ologies'	6443
6346	(535, 330)	' Ret'	6444
6347	(301, 411)	'icul'	6445
6348	(2632, 281)	'ipping'	6446
6349	(1894, 378)	' location'	6447
6350	(464, 1415)	' Have'	6448
6351	(359, 1529)	'不喜欢'	6449
6352	(1801, 697)	' police'	6450
6353	(505, 181)	'張'	6451
6354	(411, 102)	'ulf'	6452
6355	(8044, 103)	' drug'	6453
6356	(4834, 1168)	' exercise'	6454
6357	(383, 189)	'徽'	6455
6358	(259, 329)	'inct'	6456
6359	(276, 448)	' band'	6457
6360	(1770, 8094)	' characters'	6459
6361	(1178, 588)	'回来'	6460
6362	(537, 134)	'屆'	6461
6363	(453, 280)	' door'	6462
6364	(3056, 2388)	'艺术'	6463
6365	(1093, 1017)	'水平'	6464
6366	(882, 4513)	' truth'	6465
6367	(309, 280)	' nor'	6466
6368	(324, 1687)	'是因为'	6467
6369	(1935, 182)	'茶'	6468
6370	(1337, 3166)	' assume'	6469
6371	(359, 701)	'不如'	6470
6372	(460, 597)	'istry'	6471
6373	(4229, 1179)	'鐵路'	6472
6374	(377, 1044)	'了吗'	6473
6375	(2632, 287)	'ipped'	6474
6376	(835, 1392)	' 2011'	6475
6377	(1170, 1016)	'爱情'	6476
6378	(52, 55)	'47'	6477
6379	(3557, 643)	'which'	6478
6380	(2794, 174)	'潮'	6479
6381	(2689, 947)	' property'	6480
6382	(317, 129)	'仁'	6481
6383	(1633, 1655)	'尼亚'	6482
6384	(276, 1220)	' bank'	6483
6385	(1201, 609)	' kept'	6484
6386	(579, 185)	'闹'	6485
6387	(824, 5129)	' spirit'	6486
6388	(485, 104)	'osh'	6487
6389	(382, 846)	'urance'	6488
6390	(5065, 2010)	' immediately'	6489
6391	(8008, 680)	' Americans'	6490
6392	(763, 291)	' compar'	6491
6393	(259, 437)	'inate'	6492
6394	(1183, 820)	'又名'	6493
6395	(351, 281)	'ading'	6494
6396	(276, 3700)	' battle'	6495
6397	(270, 401)	'itter'	6496
6398	(804, 146)	'舒'	6497
6399	(318, 99)	' ec'	6498
6400	(391, 112)	'oop'	6499
6401	(1991, 281)	' leading'	6500
6402	(476, 2776)	' jump'	6501
6403	(1417, 766)	'题主'	6502
6404	(663, 180)	'琴'	6503
6405	(843, 5556)	' Institute'	6504
6406	(1403, 270)	' instit'	6505
6407	(111, 634)	'overy'	6506
6408	(477, 173)	'训'	6507
6409	(592, 174)	'炮'	6509
6410	(526, 144)	'逐'	6510
6411	(3532, 988)	' eventually'	6511
6412	(83, 101)	'Se'	6512
6413	(511, 163)	'臣'	6513
6414	(2688, 1418)	'委员'	6514
6415	(598, 115)	'ags'	6515
6416	(2714, 1538)	'精神'	6516
6417	(342, 180)	'戴'	6517
6418	(5535, 707)	' citiz'	6518
6419	(364, 152)	'甘'	6519
6420	(1143, 167)	'烧'	6520
6421	(1856, 3504)	' requires'	6521
6422	(1259, 1454)	' attract'	6522
6423	(3170, 813)	' collection'	6523
6424	(2597, 655)	'Also'	6525
6425	(359, 3189)	'不懂'	6526
6426	(919, 567)	' coast'	6527
6427	(531, 330)	' Net'	6528
6428	(464, 1067)	' High'	6529
6429	(256, 345)	' tim'	6530
6430	(1712, 1025)	' detect'	6531
6431	(907, 549)	' overall'	6532
6432	(2287, 166)	'麦'	6533
6433	(310, 140)	'昌'	6534
6434	(349, 1357)	'一個'	6535
6435	(1204, 603)	'學家'	6536
6436	(366, 2362)	' Add'	6537
6437	(8078, 3435)	' welcome'	6538
6438	(349, 692)	'一天'	6539
6439	(1305, 698)	'关于'	6540
6440	(46, 4281)	'.org'	6541
6441	(723, 401)	'apter'	6542
6442	(45, 314)	'-st'	6543
6443	(1099, 1630)	'感受'	6544
6444	(703, 109)	' arm'	6545
6445	(2807, 281)	' waiting'	6546
6446	(1241, 143)	'描'	6547
6447	(3185, 287)	' followed'	6548
6448	(279, 5228)	' fresh'	6549
6449	(421, 5027)	' severe'	6550
6450	(837, 114)	'ocr'	6551
6451	(684, 158)	'洞'	6552
6452	(386, 136)	'奈'	6553
6453	(558, 155)	'泛'	6554
6454	(116, 696)	'time'	6555
6455	(3649, 4630)	' terrible'	6556
6456	(795, 788)	'对方'	6557
6457	(482, 682)	'这里'	6558
6458	(294, 565)	'的好'	6559
6459	(490, 402)	' vill'	6560
6460	(523, 473)	' From'	6561
6461	(536, 145)	'监'	6562
6462	(868, 154)	'聚'	6563
6463	(290, 191)	'亿'	6564
6464	(435, 4541)	' sugar'	6565
6465	(654, 145)	'們'	6566
6466	(647, 3139)	' June'	6567
6467	(445, 2858)	' shape'	6568
6468	(1473, 324)	'总是'	6569
6469	(264, 844)	' sick'	6570
6470	(559, 135)	'妇'	6571
6471	(80, 104)	'Ph'	6572
6472	(102, 890)	'ford'	6573
6473	(1703, 103)	' Reg'	6574
6474	(3482, 259)	' protein'	6575
6475	(108, 356)	'lig'	6576
6476	(2338, 278)	' sites'	6577
6477	(1556, 397)	"He's"	6578
6478	(429, 643)	' rich'	6579
6479	(83, 65)	'SA'	6580
6480	(119, 569)	'wood'	6581
6481	(102, 1969)	'field'	6582
6482	(3223, 280)	' labor'	6583
6483	(3695, 1164)	'适合'	6584
6484	(1848, 97)	'anna'	6585
6485	(623, 978)	'说明'	6586
6486	(5150, 121)	' County'	6587
6487	(114, 351)	'rad'	6588
6488	(713, 405)	' adop'	6589
6489	(1275, 1333)	'二十'	6590
6490	(1072, 378)	'formation'	6591
6491	(1823, 2103)	' central'	6592
6492	(411, 97)	'ula'	6593
6493	(1114, 260)	' Here'	6594
6494	(1585, 2796)	' transport'	6595
6495	(382, 100)	'urd'	6596
6496	(1312, 131)	'桃'	6597
6497	(1382, 1061)	'活动'	6598
6498	(1855, 1733)	' values'	6599
6499	(1612, 152)	'缘'	6600
6500	(683, 779)	'出去'	6601
6501	(1632, 2935)	'四川'	6602
6502	(98, 260)	'bre'	6604
6503	(4690, 755)	' Australia'	6605
6504	(717, 173)	'郭'	6606
6505	(4589, 287)	' described'	6607
6506	(816, 1071)	'分手'	6608
6507	(809, 145)	'挑'	6609
6508	(121, 101)	'ye'	6610
6509	(3440, 732)	' critical'	6611
6510	(747, 140)	'掌'	6612
6511	(4189, 1926)	'坚持'	6613
6512	(4704, 270)	' credit'	6614
6513	(604, 181)	'陵'	6615
6514	(286, 287)	'aled'	6616
6515	(478, 844)	' kick'	6617
6516	(3877, 144)	'齐'	6618
6517	(3482, 813)	' protection'	6619
6518	(608, 442)	' users'	6621
6519	(739, 609)	'rupt'	6622
6520	(672, 1875)	' images'	6623
6521	(104, 1788)	'house'	6625
6522	(835, 1710)	' 2013'	6626
6523	(2060, 121)	'appy'	6627
6524	(5236, 5295)	' January'	6628
6525	(363, 2833)	' stories'	6629
6526	(5163, 432)	' strength'	6630
6527	(3176, 157)	'蓝'	6631
6528	(114, 615)	'rough'	6632
6529	(1638, 168)	'墨'	6633
6530	(1536, 135)	'症'	6634
6531	(1274, 3351)	'系統'	6635
6532	(119, 894)	'water'	6636
6533	(107, 259)	'kin'	6637
6534	(80, 260)	'Pre'	6638
6535	(1990, 287)	' showed'	6639
6536	(585, 294)	'生的'	6640
6537	(717, 142)	'郎'	6641
6538	(3114, 270)	' benefit'	6642
6539	(333, 188)	'兼'	6643
6540	(1190, 498)	' remain'	6644
6541	(656, 275)	'ogen'	6645
6542	(1314, 260)	' decre'	6646
6543	(850, 144)	'隐'	6647
6544	(744, 191)	'替'	6648
6545	(108, 97)	'la'	6649
6546	(1533, 943)	'河南'	6650
6547	(1404, 336)	' acid'	6652
6548	(481, 278)	' Des'	6653
6549	(849, 301)	'ffic'	6654
6550	(429, 1094)	' rates'	6655
6551	(393, 576)	' weak'	6656
6552	(1492, 128)	'检'	6657
6553	(1800, 2677)	'认识'	6658
6554	(558, 189)	'泽'	6659
6555	(4069, 1074)	' predict'	6660
6556	(45, 1202)	'-up'	6661
6557	(745, 4298)	' otherwise'	6662
6558	(73, 109)	'Im'	6663
6559	(270, 274)	'itis'	6664
6560	(83, 84)	'ST'	6665
6561	(935, 697)	' office'	6666
6562	(786, 99)	' prec'	6667
6563	(521, 115)	'ours'	6668
6564	(8040, 403)	' teacher'	6669
6565	(393, 98)	' web'	6670
6566	(435, 2155)	' summ'	6671
6567	(1967, 570)	' frame'	6672
6568	(1114, 397)	" He's"	6673
6569	(461, 131)	'沃'	6674
6570	(815, 190)	'签'	6675
6571	(396, 281)	'iling'	6676
6572	(8048, 97)	' Africa'	6677
6573	(991, 1531)	' scale'	6678
6574	(724, 1179)	'公路'	6679
6575	(841, 107)	'reek'	6680
6576	(3135, 1948)	'衣服'	6681
6577	(355, 145)	'刑'	6682
6578	(717, 145)	'郑'	6683
6579	(1139, 1159)	'电话'	6684
6580	(465, 281)	'pping'	6685
6581	(232, 159)	b'\xe8\x9f'	6686
6582	(1186, 361)	' race'	6687
6583	(347, 1012)	' former'	6688
6584	(270, 753)	'itable'	6689
6585	(341, 144)	'吐'	6690
6586	(5254, 2957)	'iciency'	6691
6587	(1069, 294)	'性的'	6692
6588	(554, 143)	'敏'	6693
6589	(2883, 385)	'具有'	6694
6590	(259, 110)	'inn'	6695
6591	(2966, 513)	' receive'	6696
6592	(363, 690)	' stage'	6697
6593	(411, 702)	'ulated'	6698
6594	(1082, 152)	'記'	6699
6595	(1221, 169)	'岩'	6700
6596	(54, 52)	'64'	6701
6597	(402, 121)	'illy'	6702
6598	(444, 2583)	'大部分'	6703
6599	(420, 142)	'扎'	6704
6600	(8044, 3016)	' drugs'	6705
6601	(1677, 170)	'質'	6706
6602	(66, 108)	'Bl'	6707
6603	(427, 8036)	' devices'	6708
6604	(834, 356)	'ellig'	6709
6605	(259, 702)	'inated'	6710
6606	(624, 145)	'剑'	6711
6607	(700, 857)	' teach'	6712
6608	(367, 187)	'幻'	6713
6609	(816, 4933)	'分佈'	6714
6610	(457, 4752)	' comfort'	6715
6611	(72, 1415)	'Have'	6716
6612	(949, 165)	'肥'	6717
6613	(1138, 358)	' server'	6718
6614	(67, 67)	'CC'	6719
6615	(45, 51)	'-3'	6720
6616	(264, 448)	' sand'	6721
6617	(99, 403)	'cher'	6722
6618	(864, 171)	'紫'	6723
6619	(535, 2765)	' River'	6724
6620	(733, 319)	' clot'	6725
6621	(700, 3840)	' teaching'	6726
6622	(288, 844)	' dick'	6728
6623	(2288, 281)	' missing'	6729
6624	(105, 106)	'ij'	6730
6625	(4552, 4484)	' Department'	6731
6626	(463, 2179)	' Who'	6732
6627	(77, 694)	'Most'	6733
6628	(580, 412)	'都在'	6734
6629	(1356, 116)	' obt'	6735
6630	(4076, 1323)	' elements'	6736
6631	(1079, 135)	'勇'	6737
6632	(381, 148)	'協'	6738
6633	(1975, 1302)	' communities'	6739
6634	(2593, 2234)	'领导'	6740
6635	(1160, 114)	'ibr'	6741
6636	(4047, 2335)	' surprised'	6742
6637	(282, 265)	' mer'	6743
6638	(320, 149)	'夕'	6744
6639	(499, 164)	'凤'	6745
6640	(525, 171)	'寫'	6746
6641	(1252, 961)	" You're"	6747
6642	(835, 1736)	' 2014'	6748
6643	(1807, 173)	'頭'	6749
6644	(1190, 984)	' remove'	6750
6645	(435, 404)	' suck'	6751
6646	(342, 178)	'戲'	6752
6647	(45, 2267)	'-to'	6753
6648	(3901, 378)	' application'	6754
6649	(355, 160)	'删'	6755
6650	(911, 141)	'認'	6756
6651	(1776, 946)	'处理'	6757
6652	(3348, 4012)	'警察'	6758
6653	(177, 1726)	b'\xb1\xe4\xb9\x90'	6759
6654	(2195, 1176)	'请问'	6760
6655	(581, 532)	'odies'	6761
6656	(291, 401)	'arter'	6762
6657	(109, 330)	'met'	6763
6658	(4522, 519)	' opportunity'	6764
6659	(285, 4016)	' ancient'	6765
6660	(277, 360)	'anch'	6766
6661	(226, 130)	b'\xe2\x82'	6767
6662	(2134, 943)	'湖南'	6768
6663	(1076, 2187)	'科技'	6769
6664	(616, 147)	'抓'	6770
6665	(5219, 1080)	' removed'	6771
6666	(1847, 190)	'腾'	6772
6667	(1363, 2262)	'是一種'	6773
6668	(715, 779)	'下去'	6774
6669	(61, 61)	'=='	6775
6670	(766, 4345)	'主席'	6776
6671	(475, 1080)	' lived'	6779
6672	(416, 159)	'伟'	6780
6673	(32, 8014)	' iron'	6781
6674	(5668, 3770)	' demonstr'	6782
6675	(1076, 294)	'科的'	6783
6676	(1423, 115)	' feels'	6785
6677	(232, 149)	b'\xe8\x95'	6786
6678	(980, 1927)	'意义'	6787
6679	(2649, 159)	'濟'	6788
6680	(692, 692)	'天天'	6789
6681	(277, 105)	'ani'	6790
6682	(2701, 1108)	' graph'	6791
6683	(357, 152)	'尘'	6792
6684	(490, 4451)	' vacc'	6793
6685	(542, 890)	' Lord'	6794
6686	(2885, 270)	' limit'	6795
6687	(1378, 115)	'isms'	6796
6688	(264, 666)	' spl'	6797
6689	(355, 183)	'刷'	6798
6690	(8019, 1941)	' diseases'	6799
6691	(302, 307)	'asion'	6800
6692	(1178, 603)	'回家'	6801
6693	(5475, 1339)	'甚至'	6802
6694	(294, 359)	'的不'	6803
6695	(2209, 2854)	'根据'	6805
6696	(1724, 57)	' 2009'	6806
6697	(2175, 5691)	' financial'	6807
6698	(4341, 8095)	' celebr'	6808
6699	(4253, 854)	' influence'	6809
6700	(52, 52)	'44'	6811
6701	(344, 86)	' TV'	6812
6702	(1646, 286)	' eval'	6813
6703	(740, 922)	'成為'	6814
6704	(395, 119)	'raw'	6815
6705	(1908, 175)	'魯'	6816
6706	(1088, 327)	' throw'	6817
6707	(1090, 397)	" she's"	6818
6708	(434, 267)	' Pat'	6819
6709	(300, 1285)	' lock'	6820
6710	(438, 530)	'你就'	6821
6711	(847, 448)	' grand'	6822
6712	(733, 259)	' clin'	6823
6713	(631, 281)	' willing'	6824
6714	(102, 1659)	'friend'	6825
6715	(105, 449)	'iest'	6826
6716	(1297, 3835)	' download'	6827
6717	(322, 98)	' reb'	6828
6718	(283, 1157)	' park'	6829
6719	(287, 755)	'edia'	6830
6720	(8089, 433)	' August'	6831
6721	(547, 175)	'惯'	6833
6722	(1894, 702)	' located'	6834
6723	(1422, 259)	'efin'	6835
6724	(321, 103)	' beg'	6836
6725	(496, 8083)	' alcohol'	6837
6726	(2431, 635)	' capac'	6838
6727	(2467, 1527)	' typically'	6839
6728	(644, 189)	'爽'	6840
6729	(461, 191)	'沿'	6841
6730	(3534, 891)	'While'	6842
6731	(909, 8085)	' appropriate'	6843
6732	(2623, 112)	' hyp'	6844
6733	(1126, 4883)	'教授'	6845
6734	(1742, 546)	' depend'	6846
6735	(548, 770)	' plays'	6847
6736	(1567, 1198)	'反正'	6848
6737	(8048, 277)	' African'	6849
6738	(474, 267)	' meat'	6850
6739	(683, 377)	'出了'	6851
6740	(279, 4169)	' fuel'	6852
6741	(470, 178)	'哲'	6854
6742	(8110, 1828)	'越来越'	6855
6743	(425, 111)	' Bo'	6856
6744	(2922, 4028)	'政治人物'	6857
6745	(3746, 1272)	' responsible'	6858
6746	(896, 442)	' workers'	6859
6747	(256, 1101)	' tiss'	6860
6748	(73, 71)	'IG'	6861
6749	(890, 442)	'orders'	6862
6750	(2981, 121)	' analy'	6863
6751	(2002, 1295)	' powerful'	6864
6752	(1455, 2382)	'流域'	6865
6753	(1186, 259)	' rain'	6866
6754	(978, 1551)	'明星'	6867
6755	(481, 2398)	' Does'	6868
6756	(1055, 365)	'中国人'	6869
6757	(1633, 1958)	'尼亞'	6870
6758	(66, 65)	'BA'	6871
6759	(1613, 270)	' edit'	6872
6760	(786, 5009)	' pregn'	6873
6761	(1277, 259)	' train'	6874
6762	(54, 56)	'68'	6875
6763	(3187, 1080)	' loved'	6876
6764	(721, 397)	" what's"	6877
6765	(332, 152)	'乘'	6878
6766	(810, 452)	' quant'	6879
6767	(1770, 426)	' charge'	6880
6768	(1190, 613)	' remind'	6881
6769	(685, 820)	'学名'	6882
6770	(522, 567)	' East'	6883
6771	(2281, 330)	' planet'	6884
6772	(1208, 147)	'染'	6886
6773	(1375, 281)	' finding'	6887
6774	(473, 101)	'rome'	6888
6775	(2045, 281)	' testing'	6889
6776	(3314, 2965)	' argument'	6890
6777	(1033, 697)	' twice'	6891
6778	(78, 1366)	'New'	6892
6779	(2864, 2993)	' identify'	6893
6780	(304, 84)	' IT'	6895
6781	(1086, 1227)	'全球'	6896
6782	(443, 1310)	' proced'	6897
6783	(1883, 628)	'这么多'	6898
6784	(1068, 138)	'萊'	6899
6785	(429, 267)	' rat'	6901
6786	(499, 137)	'凉'	6902
6787	(1904, 862)	'单位'	6903
6788	(296, 5159)	' infection'	6904
6789	(2208, 274)	' basis'	6905
6790	(438, 623)	'你说'	6906
6791	(1453, 397)	"What's"	6907
6792	(951, 951)	'啊啊'	6908
6793	(432, 274)	'this'	6909
6794	(5167, 1830)	'歷史'	6910
6795	(2045, 115)	' tests'	6911
6796	(304, 78)	' IN'	6912
6797	(1874, 451)	'clus'	6914
6798	(644, 173)	'爭'	6915
6799	(1774, 4887)	' Islam'	6916
6800	(3953, 115)	' details'	6917
6801	(109, 4453)	'mitted'	6918
6802	(45, 77)	'-M'	6919
6803	(1467, 54)	'2006'	6920
6804	(1101, 693)	'issions'	6921
6805	(1039, 319)	' root'	6922
6806	(342, 136)	'戈'	6923
6807	(538, 173)	'遭'	6924
6808	(264, 360)	' sch'	6925
6809	(739, 101)	'rue'	6926
6810	(1931, 1907)	'改变'	6927
6811	(104, 439)	'hab'	6928
6812	(471, 1304)	' exec'	6929
6813	(4394, 2088)	'革命'	6930
6814	(336, 941)	'idents'	6931
6815	(66, 67)	'BC'	6932
6816	(543, 163)	'氣'	6933
6817	(2135, 275)	' listen'	6934
6818	(5827, 1447)	' strugg'	6935
6819	(114, 356)	'rig'	6936
6820	(1249, 150)	'胖'	6937
6821	(3733, 2055)	'欧洲'	6938
6822	(2244, 99)	' esc'	6939
6823	(70, 954)	'Fuck'	6940
6824	(359, 1777)	'不管'	6941
6825	(1523, 286)	' metal'	6942
6826	(89, 718)	'Yep'	6943
6827	(942, 8084)	'所谓'	6944
6828	(5593, 336)	' David'	6945
6829	(267, 111)	'ato'	6946
6830	(474, 8029)	' member'	6947
6831	(445, 405)	' shop'	6948
6832	(98, 448)	'band'	6949
6833	(1806, 170)	'猪'	6950
6834	(273, 1302)	' cities'	6952
6835	(3210, 1295)	' successful'	6953
6836	(4495, 115)	' adults'	6954
6837	(399, 580)	'我都'	6955
6838	(2087, 3403)	' switch'	6956
6839	(499, 173)	'凭'	6957
6840	(1786, 149)	'慕'	6958
6841	(3759, 2421)	' professional'	6959
6842	(2091, 287)	' passed'	6960
6843	(585, 2088)	'生命'	6961
6844	(324, 2211)	'是位于'	6962
6845	(1438, 2516)	'信息'	6963
6846	(1314, 323)	' decent'	6964
6847	(778, 603)	'作家'	6965
6848	(429, 1220)	' rank'	6966
6849	(101, 489)	'equ'	6967
6850	(260, 121)	'rey'	6968
6851	(782, 2271)	' contains'	6969
6852	(338, 134)	'圆'	6970
6853	(3802, 2264)	' digital'	6971
6854	(1668, 814)	'思想'	6972
6855	(308, 291)	' gar'	6973
6856	(574, 110)	'Then'	6974
6857	(1015, 115)	'Its'	6975
6858	(256, 286)	' tal'	6976
6859	(524, 4366)	' Google'	6977
6860	(542, 8093)	' London'	6978
6861	(8090, 46)	'www.'	6979
6862	(3303, 149)	'燕'	6980
6863	(810, 286)	' qual'	6981
6864	(1758, 4163)	' largest'	6982
6865	(1190, 2271)	' remains'	6983
6866	(1065, 4776)	'世紀'	6984
6867	(909, 313)	' apply'	6985
6868	(1491, 115)	' lots'	6986
6869	(809, 130)	'挂'	6987
6870	(710, 329)	'itect'	6988
6871	(2243, 989)	'离开'	6989
6872	(5674, 313)	' July'	6990
6873	(324, 2265)	'是位於'	6991
6874	(1591, 265)	' enter'	6992
6875	(604, 170)	'陪'	6993
6876	(97, 508)	'ares'	6994
6877	(1169, 541)	' smart'	6996
6878	(632, 189)	'羽'	6997
6879	(683, 2463)	'出版'	6998
6880	(324, 399)	'是我'	6999
6881	(970, 650)	" shouldn't"	7000
6882	(265, 378)	'eration'	7001
6883	(1204, 820)	'學名'	7002
6884	(1448, 115)	' posts'	7003
6885	(409, 643)	' Mich'	7004
6886	(279, 2621)	' faster'	7005
6887	(318, 495)	' eight'	7006
6888	(66, 83)	'BS'	7007
6889	(1006, 848)	' Child'	7008
6890	(3609, 1766)	' Germany'	7009
6891	(2990, 121)	' economy'	7011
6892	(1765, 3027)	' examples'	7012
6893	(115, 892)	'sub'	7013
6894	(551, 155)	'玛'	7014
6895	(2281, 1048)	' planning'	7015
6896	(4697, 401)	' counter'	7016
6897	(2521, 4986)	' broken'	7017
6898	(4621, 1192)	'媒体'	7018
6899	(121, 621)	'year'	7019
6900	(5564, 313)	' slightly'	7020
6901	(73, 76)	'IL'	7021
6902	(522, 8096)	' Egypt'	7022
6903	(366, 8097)	' April'	7023
6904	(285, 103)	' ang'	7024
6905	(1324, 8092)	'建筑'	7025
6906	(1237, 1998)	'身边'	7026
6907	(790, 832)	'西部'	7027
6908	(449, 301)	'estic'	7028
6909	(863, 1106)	'现实'	7029
6910	(534, 189)	'忽'	7030
6911	(480, 921)	'为何'	7031
6912	(282, 2621)	' master'	7032
6913	(1467, 56)	'2008'	7033
6914	(487, 2588)	'2021'	7034
6915	(1729, 1657)	'社會'	7035
6916	(273, 448)	' cand'	7036
6917	(1030, 1442)	'ometimes'	7037
6918	(413, 881)	'年前'	7038
6919	(441, 962)	'中文'	7039
6920	(1469, 725)	'见过'	7041
6921	(8045, 2363)	' establish'	7042
6922	(300, 267)	' lat'	7043
6923	(105, 267)	'iat'	7044
6924	(121, 509)	'ype'	7045
6925	(117, 437)	'uate'	7046
6926	(953, 311)	' spell'	7047
6927	(339, 115)	' thats'	7048
6928	(3320, 1170)	'恋爱'	7049
6929	(4416, 437)	' separate'	7050
6930	(8086, 3671)	'漂亮'	7051
6931	(499, 175)	'凯'	7052
6932	(275, 4957)	'encies'	7053
6933	(777, 56)	' 28'	7054
6934	(117, 848)	'uild'	7055
6935	(1508, 4852)	'解释'	7056
6936	(2083, 4024)	' confirm'	7057
6937	(2288, 287)	' missed'	7058
6938	(109, 1157)	'mark'	7059
6939	(8088, 1236)	' commercial'	7060
6940	(3175, 281)	' creating'	7061
6941	(68, 101)	'De'	7062
6942	(107, 107)	'kk'	7063
6943	(5008, 139)	'鞋'	7064
6944	(78, 697)	'Nice'	7065
6945	(542, 1174)	' Law'	7066
6946	(3493, 1185)	'另外'	7067
6947	(700, 2595)	' teeth'	7068
6948	(776, 3983)	' display'	7069
6949	(707, 867)	'izations'	7070
6950	(369, 334)	' hero'	7071
6951	(444, 4699)	'大陸'	7072
6952	(65, 80)	'AP'	7073
6953	(2037, 502)	' statement'	7074
6954	(1460, 2368)	' models'	7075
6955	(8091, 401)	'After'	7076
6956	(706, 173)	'购'	7077
6957	(368, 1876)	' See'	7078
6958	(276, 277)	' ban'	7079
6959	(470, 142)	'哎'	7080
6960	(616, 189)	'抽'	7081
6961	(1147, 287)	' helped'	7082
6962	(499, 140)	'凌'	7083
6963	(45, 52)	'-4'	7084
6964	(1027, 4947)	'海拔'	7085
6965	(991, 275)	' scen'	7086
6966	(276, 2562)	' billion'	7087
6967	(368, 2206)	' Sorry'	7088
6968	(583, 146)	'拒'	7089
6969	(5232, 437)	' appreciate'	7090
6970	(677, 2888)	' somewhere'	7091
6971	(279, 5216)	' federal'	7092
6972	(265, 622)	'erous'	7093
6973	(360, 1246)	'change'	7094
6974	(67, 263)	'Con'	7095
6975	(2312, 159)	'瑟'	7096
6976	(262, 101)	' thee'	7097
6977	(5280, 939)	' History'	7098
6978	(676, 412)	'还在'	7099
6979	(517, 155)	'衛'	7100
6980	(351, 111)	'ado'	7101
6981	(110, 278)	'nes'	7102
6982	(2688, 2272)	'委員'	7103
6983	(55, 53)	'75'	7104
6984	(366, 1495)	' Ass'	7105
6985	(526, 131)	'逃'	7106
6986	(603, 4201)	'家庭'	7107
6987	(71, 111)	'Go'	7108
6988	(1244, 591)	'机会'	7109
6989	(1596, 3961)	' strateg'	7110
6990	(580, 1049)	'都没有'	7111
6991	(1421, 2069)	' secret'	7112
6992	(2911, 698)	'终于'	7113
6993	(421, 489)	' sequ'	7114
6994	(1489, 1121)	' setting'	7115
6995	(371, 129)	'旁'	7116
6996	(452, 301)	'antic'	7117
6997	(713, 5492)	' administ'	7118
6998	(1384, 5907)	' surround'	7119
6999	(1721, 556)	'世界上'	7120
7000	(413, 1339)	'年至'	7121
7001	(530, 1879)	'就算'	7122
7002	(1288, 141)	'珍'	7123
7003	(233, 174)	b'\xe9\xae'	7124
7004	(830, 562)	' incred'	7125
7005	(409, 280)	' Mor'	7126
7006	(347, 1022)	' forces'	7127
7007	(1553, 3581)	'清楚'	7128
7008	(409, 581)	' Mod'	7129
7009	(2308, 117)	' continu'	7130
7010	(2835, 1307)	'独立'	7131
7011	(3771, 1952)	' Govern'	7132
7012	(599, 382)	' Our'	7133
7013	(45, 103)	'-g'	7134
7014	(1501, 180)	'滴'	7135
7015	(689, 182)	'零'	7136
7016	(777, 50)	' 22'	7137
7017	(1981, 1576)	'产品'	7138
7018	(45, 53)	'-5'	7139
7019	(1261, 145)	'骑'	7141
7020	(338, 146)	'園'	7142
7021	(98, 281)	'bing'	7143
7022	(3302, 115)	' objects'	7144
7023	(3309, 3909)	'毕竟'	7145
7024	(101, 278)	'ees'	7146
7025	(3932, 287)	' fixed'	7147
7026	(110, 570)	'name'	7148
7027	(69, 77)	'EM'	7149
7028	(1276, 863)	'表现'	7150
7029	(1623, 617)	'儿子'	7151
7030	(1722, 1121)	' putting'	7152
7031	(524, 2040)	' Green'	7153
7032	(294, 1945)	'的问题'	7154
7033	(379, 186)	'固'	7155
7034	(524, 330)	' Get'	7156
7035	(1700, 2786)	' Associ'	7157
7036	(2900, 4318)	' calcul'	7158
7037	(349, 2180)	'一句'	7159
7038	(766, 3772)	'主義'	7160
7039	(463, 1692)	' Where'	7161
7040	(291, 112)	'arp'	7162
7041	(279, 452)	' fant'	7163
7042	(1150, 413)	'当年'	7164
7043	(843, 99)	' Inc'	7165
7044	(5589, 1592)	' President'	7166
7045	(2732, 967)	'居然'	7167
7046	(599, 98)	' Ob'	7168
7047	(8121, 2552)	' tomorrow'	7169
7048	(978, 692)	'明天'	7170
7049	(1724, 56)	' 2008'	7171
7050	(399, 623)	'我说'	7172
7051	(2130, 758)	'办法'	7173
7052	(576, 287)	'aked'	7174
7053	(1183, 1507)	'又称'	7175
7054	(108, 1285)	'lock'	7176
7055	(812, 270)	' unit'	7177
7056	(288, 267)	' dat'	7178
7057	(276, 3300)	' bunch'	7179
7058	(334, 336)	'roid'	7180
7059	(65, 2362)	'Add'	7181
7060	(427, 306)	' dele'	7182
7061	(57, 56)	'98'	7183
7062	(114, 100)	'rd'	7184
7063	(1585, 2627)	' transfer'	7185
7064	(423, 167)	'巧'	7186
7065	(436, 131)	'劃'	7187
7066	(4270, 3494)	' Japanese'	7188
7067	(616, 162)	'抢'	7189
7068	(386, 143)	'奏'	7190
7069	(54, 54)	'66'	7191
7070	(1550, 134)	'疆'	7192
7071	(381, 162)	'卢'	7193
7072	(108, 111)	'lo'	7194
7073	(2560, 107)	' milk'	7195
7074	(2350, 286)	' equal'	7196
7075	(334, 351)	'road'	7197
7076	(5135, 270)	' fruit'	7198
7077	(523, 4325)	' Feb'	7199
7078	(537, 143)	'屏'	7200
7079	(1125, 986)	'东北'	7201
7080	(713, 3833)	' adapt'	7202
7081	(349, 413)	'一年'	7203
7082	(676, 664)	'还能'	7204
7083	(297, 267)	' hat'	7205
7084	(2834, 115)	' projects'	7206
7085	(3212, 792)	'街道'	7207
7086	(1404, 489)	' acqu'	7208
7087	(2075, 2185)	' standards'	7209
7088	(1975, 3590)	' communication'	7210
7089	(8102, 813)	' direction'	7211
7090	(578, 1469)	'看见'	7212
7091	(409, 1101)	' Miss'	7213
7092	(308, 498)	' gain'	7214
7093	(1068, 140)	'萌'	7215
7094	(1112, 1100)	'加利'	7216
7095	(684, 170)	'洪'	7217
7096	(342, 170)	'截'	7218
7097	(476, 117)	' ju'	7219
7098	(357, 150)	'尖'	7220
7099	(429, 117)	' ru'	7221
7100	(297, 3444)	' hosp'	7222
7101	(4489, 313)	' honestly'	7223
7102	(467, 115)	'ums'	7224
7103	(1205, 859)	'拉斯'	7225
7104	(862, 3637)	'位置'	7226
7105	(3529, 1737)	'蒙古'	7227
7106	(297, 913)	' hang'	7228
7107	(578, 725)	'看过'	7229
7108	(1806, 174)	'献'	7230
7109	(3655, 451)	' status'	7231
7110	(901, 175)	'侯'	7232
7111	(264, 6032)	' sustain'	7233
7112	(289, 1608)	' toward'	7234
7113	(287, 281)	'eding'	7235
7114	(407, 173)	'杭'	7236
7115	(593, 312)	'’ve'	7237
7116	(1974, 611)	'找到'	7238
7117	(2383, 270)	' constit'	7239
7118	(3339, 115)	' appears'	7240
7119	(76, 372)	'Lol'	7241
7120	(1110, 1017)	'太平'	7242
7121	(3453, 307)	' discussion'	7243
7122	(506, 130)	'厂'	7244
7123	(370, 281)	'iring'	7245
7124	(925, 172)	'芬'	7246
7125	(448, 265)	'ander'	7247
7126	(438, 412)	'你在'	7248
7127	(556, 377)	'上了'	7249
7128	(256, 844)	' tick'	7250
7129	(349, 3272)	'一切'	7251
7130	(445, 1654)	' showing'	7252
7131	(32, 281)	' ing'	7253
7132	(3507, 147)	'鼓'	7254
7133	(55, 56)	'78'	7255
7134	(73, 80)	'IP'	7256
7135	(379, 176)	'困'	7257
7136	(1183, 1825)	'又稱'	7258
7137	(76, 330)	'Let'	7259
7138	(3358, 680)	' Trans'	7260
7139	(3303, 159)	'營'	7261
7140	(2175, 845)	' finish'	7262
7141	(1567, 1353)	'反应'	7263
7142	(45, 49)	'-1'	7264
7143	(1112, 3229)	'加油'	7265
7144	(725, 1685)	'过程'	7266
7145	(97, 336)	'aid'	7267
7146	(3530, 137)	'鄉'	7268
7147	(1473, 3388)	'总面积'	7269
7148	(396, 287)	'iled'	7270
7149	(1046, 2201)	' buying'	7271
7150	(2346, 8105)	' December'	7273
7151	(413, 1663)	'年人口'	7274
7152	(1544, 270)	'shit'	7275
7153	(1916, 846)	' distance'	7276
7154	(105, 302)	'ias'	7277
7155	(962, 3579)	'文章'	7278
7156	(434, 552)	' Port'	7279
7157	(3917, 301)	'hetic'	7280
7158	(288, 2875)	' dumb'	7281
7159	(425, 395)	' Bra'	7282
7160	(84, 83)	'TS'	7283
7161	(267, 1527)	'atically'	7284
7162	(303, 97)	'oma'	7285
7163	(429, 319)	' rot'	7286
7164	(108, 532)	'lies'	7287
7165	(359, 977)	'不知'	7288
7166	(2288, 307)	' mission'	7289
7167	(1897, 3536)	'联盟'	7290
7168	(464, 1788)	' House'	7291
7169	(256, 5085)	' taste'	7292
7170	(1229, 136)	'针'	7293
7171	(375, 148)	'孔'	7294
7172	(925, 179)	'芳'	7295
7173	(3087, 1708)	' Techn'	7296
7174	(859, 4204)	'斯坦'	7297
7175	(409, 1820)	' Mex'	7298
7176	(453, 3016)	' dogs'	7299
7177	(1550, 151)	'疗'	7300
7178	(297, 4090)	' hurt'	7301
7179	(1214, 184)	'霸'	7302
7180	(4625, 1281)	'企业'	7303
7181	(1796, 1300)	'曾任'	7304
7182	(73, 77)	'IM'	7305
7183	(5193, 617)	'辈子'	7306
7184	(1273, 968)	'共同'	7307
7185	(593, 311)	'’ll'	7308
7186	(329, 1000)	'ctors'	7309
7187	(366, 103)	' Ag'	7310
7188	(109, 278)	'mes'	7312
7189	(1614, 981)	' curious'	7313
7190	(324, 5218)	'是巴西'	7314
7191	(1403, 114)	' instr'	7315
7192	(3931, 281)	' drinking'	7316
7193	(882, 356)	' trig'	7317
7194	(2308, 3679)	' continued'	7318
7195	(399, 603)	'我家'	7319
7196	(1674, 2132)	'并且'	7320
7197	(360, 291)	'char'	7321
7198	(1868, 102)	' belief'	7322
7199	(2102, 301)	' topic'	7323
7200	(1217, 166)	'锦'	7324
7201	(983, 128)	'址'	7325
7202	(647, 265)	' Jer'	7326
7203	(434, 895)	' Press'	7327
7204	(2501, 259)	' join'	7328
7205	(3146, 1971)	' announ'	7329
7206	(3256, 45)	' self-'	7330
7207	(2878, 846)	' France'	7331
7208	(419, 4799)	' consequ'	7332
7209	(224, 164)	b'\xe0\xa4'	7333
7210	(419, 8106)	' conflict'	7334
7211	(3138, 396)	' Phil'	7335
7212	(445, 346)	' shut'	7336
7213	(1515, 280)	' minor'	7337
7214	(45, 83)	'-S'	7338
7215	(2090, 2263)	'广告'	7339
7216	(4879, 8109)	' Washington'	7340
7217	(121, 114)	'yr'	7341
7218	(475, 797)	' liber'	7342
7219	(1254, 263)	' colon'	7343
7220	(3592, 1563)	'冠军'	7344
7221	(99, 1104)	'cles'	7345
7222	(973, 131)	'黃'	7346
7223	(65, 109)	'Am'	7347
7224	(1413, 287)	' ended'	7348
7225	(5439, 112)	' http'	7349
7226	(653, 187)	'邻'	7350
7227	(70, 473)	'From'	7351
7228	(2350, 8117)	' equipment'	7352
7229	(1552, 519)	' reality'	7353
7230	(2615, 2751)	'答案'	7354
7231	(264, 4443)	' soul'	7355
7232	(581, 343)	'oday'	7356
7233	(87, 417)	'Would'	7357
7234	(1943, 115)	' seconds'	7358
7235	(1186, 6047)	' rapid'	7359
7236	(548, 3734)	' placed'	7360
7237	(368, 1449)	' Since'	7361
7238	(335, 329)	'sect'	7362
7239	(282, 346)	' mut'	7363
7240	(118, 97)	'va'	7364
7241	(264, 635)	' sac'	7366
7242	(1212, 2272)	'演員'	7367
7243	(65, 119)	'Aw'	7368
7244	(1658, 287)	' seemed'	7369
7245	(1460, 101)	' mode'	7370
7246	(3140, 1126)	'宗教'	7371
7247	(522, 109)	' Em'	7372
7248	(4381, 5728)	'讨厌'	7373
7249	(991, 3116)	' scene'	7374
7250	(3737, 281)	' hoping'	7375
7251	(2426, 177)	'熱'	7376
7252	(87, 302)	'Was'	7377
7253	(3607, 115)	' steps'	7378
7254	(1631, 3897)	'音樂'	7379
7255	(4548, 287)	' liked'	7380
7256	(830, 280)	' incor'	7381
7257	(1897, 1164)	'联合'	7382
7258	(104, 277)	'han'	7383
7259	(3635, 1303)	' System'	7384
7260	(906, 693)	' actions'	7385
7261	(490, 1483)	' vote'	7386
7262	(4304, 291)	'iliar'	7387
7263	(309, 577)	' none'	7388
7264	(2383, 3890)	' construction'	7389
7265	(485, 710)	'osite'	7390
7266	(516, 4117)	' church'	7391
7267	(1696, 158)	'詞'	7392
7268	(322, 5924)	' relevant'	7393
7269	(1807, 133)	'項'	7394
7270	(2173, 151)	'窗'	7395
7271	(666, 828)	'place'	7396
7272	(6064, 1890)	'有限公司'	7397
7273	(274, 108)	'isl'	7398
7274	(1398, 1725)	' defense'	7399
7275	(65, 89)	'AY'	7400
7276	(365, 580)	'人都'	7401
7277	(429, 1168)	' rise'	7402
7278	(8020, 485)	' videos'	7403
7279	(3261, 287)	' affected'	7404
7280	(539, 143)	'規'	7405
7281	(380, 303)	' whom'	7406
7282	(1476, 294)	'现在的'	7407
7283	(838, 617)	'女子'	7408
7284	(738, 168)	'跨'	7409
7285	(357, 186)	'尺'	7410
7286	(572, 112)	'cip'	7411
7287	(1419, 115)	' starts'	7412
7288	(627, 324)	'他是'	7413
7289	(598, 111)	'ago'	7414
7290	(1137, 294)	'做的'	7415
7291	(117, 465)	'upp'	7416
7292	(873, 617)	'样子'	7417
7293	(1901, 1324)	'福建'	7418
7294	(318, 2756)	' element'	7419
7295	(262, 5271)	' therapy'	7420
7296	(5408, 659)	'獲得'	7421
7297	(428, 5214)	' noticed'	7422
7298	(646, 1338)	' goals'	7423
7299	(8098, 4424)	' October'	7424
7300	(301, 437)	'icate'	7425
7301	(2859, 1775)	' cultural'	7426
7302	(1173, 152)	'淘'	7427
7303	(387, 79)	' CO'	7428
7304	(8103, 303)	' freedom'	7429
7305	(3925, 376)	' faith'	7430
7306	(385, 761)	'有一个'	7431
7307	(319, 301)	'otic'	7432
7308	(640, 365)	'没人'	7433
7309	(2331, 397)	"There's"	7434
7310	(65, 103)	'Ag'	7435
7311	(2338, 117)	' situ'	7436
7312	(286, 335)	'alse'	7437
7313	(2250, 294)	'出来的'	7438
7314	(273, 3961)	' categ'	7439
7315	(2852, 111)	' info'	7440
7316	(1006, 4117)	' Church'	7441
7317	(45, 56)	'-8'	7442
7318	(1718, 846)	' importance'	7443
7319	(111, 360)	'och'	7444
7320	(1116, 147)	'韓'	7445
7321	(98, 291)	'bar'	7446
7322	(2863, 319)	' promot'	7447
7323	(450, 1422)	'rief'	7448
7324	(2711, 3350)	' efforts'	7449
7325	(1194, 4210)	' indeed'	7450
7326	(1698, 5617)	' discovered'	7451
7327	(8053, 981)	' obvious'	7452
7328	(1860, 157)	'貝'	7453
7329	(3145, 1095)	' sexual'	7454
7330	(1652, 280)	' factor'	7455
7331	(8027, 813)	' connection'	7456
7332	(8053, 2366)	' obviously'	7457
7333	(816, 8107)	'分析'	7458
7334	(302, 607)	'asure'	7459
7335	(1169, 834)	' smell'	7460
7336	(372, 102)	'olf'	7461
7337	(267, 259)	'atin'	7462
7338	(953, 5528)	' speech'	7463
7339	(8018, 281)	' changing'	7464
7340	(121, 1370)	'yeah'	7465
7341	(3901, 867)	' applications'	7466
7342	(523, 954)	' Fuck'	7467
7343	(294, 688)	'的地'	7468
7344	(8046, 6092)	' challenge'	7469
7345	(1189, 5115)	' relatively'	7470
7346	(5420, 3600)	'兄弟'	7471
7347	(777, 55)	' 27'	7472
7348	(4783, 498)	' maintain'	7473
7349	(2689, 313)	' properly'	7474
7350	(1426, 170)	'横'	7475
7351	(488, 166)	'触'	7476
7352	(117, 270)	'uit'	7477
7353	(1336, 183)	'捷'	7478
7354	(282, 286)	' mal'	7479
7355	(1754, 401)	' letter'	7480
7356	(801, 8124)	' agricult'	7481
7357	(778, 771)	'作用'	7482
7358	(120, 105)	'xi'	7483
7359	(2143, 1095)	' visual'	7484
7360	(4812, 846)	' balance'	7485
7361	(4389, 2845)	' watched'	7486
7362	(3024, 1808)	'開始'	7487
7363	(516, 1848)	' chann'	7488
7364	(363, 4364)	' staff'	7489
7365	(2221, 2197)	'超级'	7490
7366	(117, 117)	'uu'	7491
7367	(408, 705)	'.....'	7492
7368	(1409, 115)	' cars'	7493
7369	(2081, 156)	'瓜'	7494
7370	(354, 161)	'审'	7495
7371	(3146, 1111)	' annoy'	7496
7372	(351, 996)	'adian'	7497
7373	(1617, 170)	'豪'	7498
7374	(614, 174)	'浮'	7499
7375	(560, 162)	'赢'	7500
7376	(8047, 330)	' Internet'	7501
7377	(499, 128)	'净'	7502
7378	(647, 101)	' Je'	7503
7379	(1226, 873)	'怎么样'	7504
7380	(535, 4788)	' Roman'	7505
7381	(1619, 115)	' thoughts'	7506
7382	(1296, 281)	' calling'	7507
7383	(830, 497)	' income'	7508
7384	(2402, 2604)	' organization'	7509
7385	(303, 302)	'omas'	7510
7386	(1809, 4455)	' possibly'	7511
7387	(2426, 138)	'熊'	7512
7388	(46, 101)	'.e'	7513
7389	(3042, 361)	'force'	7514
7390	(977, 2677)	'知识'	7515
7391	(548, 680)	' plans'	7516
7392	(387, 1971)	' Coun'	7517
7393	(2150, 324)	'应该是'	7518
7394	(669, 1170)	'可爱'	7519
7395	(560, 154)	'赚'	7520
7396	(446, 370)	' Their'	7521
7397	(2789, 795)	'绝对'	7522
7398	(79, 102)	'Of'	7523
7399	(114, 732)	'rical'	7524
7400	(1742, 3250)	' depends'	7525
7401	(2115, 174)	'篮'	7526
7402	(3722, 2812)	'环境'	7527
7403	(1319, 1269)	'期间'	7528
7404	(369, 2509)	' hearing'	7529
7405	(1799, 48)	' 70'	7530
7406	(306, 426)	'lege'	7531
7407	(195, 161)	'á'	7532
7408	(105, 846)	'iance'	7533
7409	(1129, 286)	'ternal'	7534
7410	(1217, 133)	'锅'	7535
7411	(3044, 571)	'一定要'	7536
7412	(2626, 3681)	'總面積'	7537
7413	(363, 378)	' station'	7538
7414	(2546, 313)	' Only'	7539
7415	(2234, 1212)	'导演'	7540
7416	(1443, 778)	'制作'	7541
7417	(421, 727)	' seven'	7542
7418	(359, 967)	'不然'	7543
7419	(983, 145)	'坑'	7544
7420	(1910, 4140)	'计划'	7545
7421	(463, 417)	' Would'	7546
7422	(362, 154)	'诚'	7547
7423	(356, 114)	'igr'	7548
7424	(531, 8120)	' November'	7549
7425	(362, 184)	'诸'	7550
7426	(1724, 55)	' 2007'	7551
7427	(273, 452)	' cant'	7552
7428	(1010, 701)	'比如'	7553
7429	(1019, 455)	'三个'	7554
7430	(97, 533)	'ael'	7555
7431	(2012, 567)	' breast'	7556
7432	(57, 53)	'95'	7557
7433	(1224, 4045)	'台灣'	7558
7434	(903, 1844)	' prices'	7559
7435	(985, 602)	' guide'	7561
7436	(909, 6081)	' applied'	7562
7437	(1797, 121)	'gery'	7563
7438	(2787, 447)	' specifically'	7565
7439	(1099, 1016)	'感情'	7566
7440	(1590, 895)	' express'	7567
7441	(898, 294)	'面的'	7568
7442	(326, 2462)	" you'd"	7569
7443	(72, 72)	'HH'	7570
7444	(835, 679)	' 2000'	7571
7445	(2765, 335)	'iverse'	7572
7446	(340, 2267)	' onto'	7573
7447	(2321, 1109)	' driving'	7574
7448	(2020, 8111)	' techniques'	7575
7449	(816, 4727)	'分钟'	7576
7450	(3558, 116)	' virt'	7577
7451	(272, 2362)	' odd'	7578
7452	(1930, 1328)	'形目'	7579
7453	(3316, 168)	'館'	7580
7454	(477, 175)	'讯'	7581
7455	(1790, 2720)	'普查'	7582
7456	(8022, 6281)	' highest'	7584
7457	(709, 2888)	' anywhere'	7585
7458	(4458, 3982)	' camera'	7586
7459	(289, 120)	' tox'	7587
7460	(468, 156)	'怜'	7588
7461	(5988, 3684)	'姑娘'	7589
7462	(412, 1055)	'在中国'	7590
7463	(336, 533)	'idel'	7591
7464	(739, 836)	'ruary'	7592
7465	(256, 521)	' tour'	7593
7466	(1532, 3992)	' providing'	7595
7467	(1127, 6239)	' considering'	7596
7468	(858, 649)	' Kore'	7597
7469	(8113, 2224)	' September'	7598
7470	(644, 181)	'爵'	7599
7471	(1970, 1797)	' bigger'	7600
7472	(434, 8016)	' Please'	7601
7473	(523, 259)	' Fin'	7602
7474	(85, 84)	'UT'	7603
7475	(429, 2765)	' river'	7604
7476	(6162, 755)	' bacteria'	7605
7477	(5984, 110)	'known'	7606
7478	(618, 1144)	' upgr'	7607
7479	(1639, 8100)	' interpret'	7608
7480	(5138, 3431)	' thousands'	7609
7481	(1737, 1031)	'古代'	7610
7482	(2082, 281)	' telling'	7611
7483	(560, 143)	'赏'	7612
7484	(588, 620)	'来自'	7613
7485	(452, 287)	'anted'	7614
7486	(731, 822)	' It’s'	7615
7487	(1930, 1588)	'形式'	7616
7488	(301, 263)	'icon'	7617
7489	(264, 259)	' sin'	7618
7490	(326, 4436)	' you’re'	7619
7491	(983, 161)	'坡'	7620
7492	(103, 442)	'gers'	7621
7493	(2601, 859)	'羅斯'	7622
7494	(769, 189)	'汽'	7623
7495	(807, 4146)	'英雄'	7624
7496	(603, 682)	'家里'	7625
7497	(1907, 740)	'变成'	7626
7498	(777, 51)	' 23'	7627
7499	(1590, 448)	' expand'	7628
7500	(769, 151)	'汗'	7629
7501	(1467, 55)	'2007'	7630
7502	(648, 157)	'枝'	7631
7503	(52, 54)	'46'	7632
7504	(777, 54)	' 26'	7633
7505	(1906, 360)	' Arch'	7634
7506	(69, 76)	'EL'	7635
7507	(1265, 129)	'裁'	7636
7508	(2571, 664)	'功能'	7637
7509	(1761, 281)	' keeping'	7638
7510	(548, 451)	' plus'	7639
7511	(1023, 8104)	" i'm"	7640
7512	(434, 5194)	' Paul'	7641
7513	(294, 3705)	'的故事'	7642
7514	(934, 313)	' poly'	7643
7515	(270, 122)	'itz'	7644
7516	(77, 649)	'More'	7645
7517	(300, 301)	' lic'	7646
7518	(5103, 115)	' birds'	7647
7519	(2047, 6254)	'考虑'	7648
7520	(266, 162)	'丢'	7649
7521	(1771, 2784)	'价值'	7650
7522	(510, 139)	'咋'	7651
7523	(450, 97)	'ria'	7652
7524	(689, 162)	'離'	7653
7525	(596, 171)	'毫'	7654
7526	(83, 570)	'Same'	7655
7527	(954, 115)	'ucks'	7656
7528	(476, 8054)	' journal'	7657
7529	(280, 97)	'ora'	7658
7530	(317, 176)	'仰'	7659
7531	(1649, 183)	'護'	7660
7532	(256, 402)	' till'	7661
7533	(121, 121)	'yy'	7662
7534	(919, 8122)	' covered'	7663
7535	(8101, 378)	' Education'	7664
7536	(723, 287)	'aped'	7665
7537	(119, 5347)	'works'	7666
7538	(843, 314)	' Inst'	7667
7539	(2577, 120)	' approx'	7668
7540	(367, 188)	'幼'	7669
7541	(273, 1202)	' cup'	7670
7542	(4220, 307)	' reaction'	7671
7543	(409, 635)	' Mac'	7672
7544	(935, 442)	' offers'	7673
7545	(80, 8016)	'Please'	7674
7546	(1577, 306)	' handle'	7675
7547	(118, 274)	'vis'	7676
7548	(1263, 313)	' reply'	7677
7549	(4508, 890)	' afford'	7678
7550	(671, 178)	'纲'	7679
7551	(4300, 176)	'環'	7680
7552	(273, 334)	' cro'	7681
7553	(2470, 1844)	' practices'	7682
7554	(1575, 438)	'如果你'	7683
7555	(5459, 75)	'UCK'	7684
7556	(548, 3622)	' plastic'	7685
7557	(1123, 5039)	' background'	7686
7558	(3608, 702)	'related'	7687
7559	(366, 370)	' Air'	7688
7560	(45, 50)	'-2'	7689
7561	(720, 169)	'俩'	7690
7562	(792, 946)	'道理'	7691
7563	(344, 79)	' TO'	7692
7564	(2711, 4186)	' efficient'	7693
7565	(110, 495)	'night'	7694
7566	(2346, 1386)	' Develop'	7695
7567	(3284, 462)	' Commun'	7696
7568	(2618, 115)	' jobs'	7697
7569	(354, 189)	'宽'	7698
7570	(450, 690)	'riage'	7699
7571	(1589, 8099)	' diabetes'	7700
7572	(65, 100)	'Ad'	7701
7573	(276, 610)	' bound'	7702
7574	(1515, 1594)	' minute'	7703
7575	(359, 556)	'不上'	7704
7576	(3273, 140)	'嫌'	7705
7577	(804, 176)	'舰'	7706
7578	(542, 621)	' Lear'	7707
7579	(8042, 105)	' behavi'	7708
7580	(1298, 1380)	' perspect'	7709
7581	(108, 1207)	'life'	7710
7582	(1597, 2055)	'非洲'	7711
7583	(963, 183)	'廷'	7712
7584	(2733, 902)	' foreign'	7713
7585	(296, 1332)	' invent'	7714
7586	(2434, 168)	'獨'	7715
7587	(425, 533)	' Bel'	7716
7588	(3558, 451)	' virus'	7717
7589	(1249, 158)	'胞'	7718
7590	(2067, 2734)	'集团'	7719
7591	(2018, 1096)	'百度'	7720
7592	(283, 607)	' pure'	7721
7593	(273, 541)	' cart'	7722
7594	(296, 3803)	' input'	7723
7595	(6155, 690)	' advantage'	7724
7596	(1164, 778)	'合作'	7725
7597	(1143, 143)	'烏'	7726
7598	(434, 286)	' Pal'	7727
7599	(824, 4187)	' spring'	7728
7600	(68, 4839)	'Damn'	7729
7601	(83, 83)	'SS'	7730
7602	(794, 168)	'轨'	7731
7603	(8005, 4767)	' differences'	7732
7604	(475, 489)	' liqu'	7733
7605	(1908, 130)	'魂'	7734
7606	(2003, 278)	' processes'	7735
7607	(337, 185)	'迹'	7736
7608	(1465, 137)	'涉'	7737
7609	(5726, 2567)	' episode'	7738
7610	(843, 401)	' Inter'	7739
7611	(435, 3323)	' sucks'	7740
7612	(1856, 449)	' request'	7741
7613	(72, 1342)	'Here'	7742
7614	(80, 65)	'PA'	7743
7615	(78, 1604)	'Nope'	7744
7616	(368, 353)	' Sam'	7745
7617	(5671, 622)	' dangerous'	7746
7618	(8039, 8126)	' _np_'	7747
7619	(1265, 157)	'裝'	7748
7620	(101, 118)	'ev'	7749
7621	(4987, 1080)	'rieved'	7750
7622	(537, 129)	'屁'	7751
7623	(796, 173)	'袭'	7752
7624	(45, 67)	'-C'	7753
7625	(508, 112)	'resp'	7754
7626	(1928, 1694)	'图片'	7755
7627	(300, 3703)	' laugh'	7756
7628	(3372, 129)	'繁'	7757
7629	(496, 98)	' alb'	7758
7630	(1516, 6191)	' philos'	7759
7631	(1811, 947)	' shitty'	7760
7632	(774, 1371)	'小时候'	7761
7633	(2501, 889)	' joint'	7762
7634	(366, 346)	' Aut'	7763
7635	(530, 1154)	'就可以'	7764
7636	(1953, 397)	" There's"	7765
7637	(1131, 1021)	'区别'	7766
7638	(943, 1792)	'南京'	7767
7639	(481, 4421)	' DNA'	7768
7640	(359, 2270)	'不住'	7769
7641	(1249, 142)	'胎'	7770
7642	(344, 1820)	' Tex'	7771
7643	(5396, 385)	'拥有'	7772
7644	(8125, 155)	'眼睛'	7773
7645	(114, 280)	'ror'	7774
7646	(112, 275)	'pen'	7775
7647	(366, 77)	' AM'	7776
7648	(8002, 5364)	' becoming'	7777
7649	(8037, 1022)	' pieces'	7778
7650	(2997, 2783)	'标准'	7779
7651	(578, 588)	'看来'	7780
7652	(5697, 891)	' mobile'	7781
7653	(726, 78)	' UN'	7782
7654	(4469, 437)	' update'	7783
7655	(2284, 1202)	' occup'	7784
7656	(1108, 302)	'phas'	7785
7657	(256, 1220)	' tank'	7786
7658	(73, 398)	'Ind'	7787
7659	(1786, 136)	'慈'	7788
7660	(288, 345)	' dim'	7789
7661	(647, 1676)	' James'	7790
7662	(111, 1844)	'oices'	7791
7663	(288, 287)	' ded'	7792
7664	(703, 114)	' arr'	7793
7665	(1337, 460)	' assist'	7794
7666	(279, 372)	' fol'	7795
7667	(8119, 2704)	'厉害'	7796
7668	(282, 370)	' mir'	7797
7669	(1670, 854)	' presence'	7798
7670	(52, 57)	'49'	7799
7671	(101, 813)	'ection'	7800
7672	(991, 258)	' sche'	7801
7673	(1337, 902)	' assign'	7802
7674	(4404, 128)	'銀'	7803
7675	(289, 119)	' tow'	7804
7676	(276, 402)	' bill'	7805
7677	(488, 128)	'觀'	7806
7678	(1741, 115)	' signs'	7807
7679	(429, 615)	' rough'	7808
7680	(1451, 121)	'they'	7809
7681	(733, 892)	' club'	7810
7682	(548, 267)	' plat'	7811
7683	(65, 98)	'Ab'	7812
7684	(280, 378)	'oration'	7813
7685	(452, 97)	'anta'	7814
7686	(530, 664)	'就能'	7815
7687	(1467, 49)	'2001'	7816
7688	(3489, 3489)	'爸爸'	7817
7689	(561, 4259)	' leaving'	7818
7690	(1467, 53)	'2005'	7819
7691	(315, 97)	' ya'	7820
7692	(5695, 68)	' AND'	7821
7693	(883, 441)	'高中'	7822
7694	(599, 70)	' OF'	7823
7695	(3273, 129)	'嫁'	7824
7696	(368, 382)	' Sur'	7825
7697	(927, 8116)	' impossible'	7826
7698	(2113, 683)	'播出'	7827
7699	(3172, 313)	' entirely'	7828
7700	(515, 146)	'冒'	7829
7701	(280, 690)	'orage'	7830
7702	(3281, 1666)	' radio'	7831
7703	(420, 172)	'扬'	7832
7704	(112, 541)	'part'	7833
7705	(559, 134)	'妆'	7834
7706	(579, 173)	'闭'	7835
7707	(576, 115)	'aks'	7836
7708	(504, 294)	'国的'	7837
7709	(885, 1106)	'真实'	7838
7710	(1143, 130)	'烂'	7839
7711	(1169, 3606)	' smoke'	7840
7712	(302, 121)	'asy'	7841
7713	(45, 8114)	'-term'	7842
7714	(1685, 4583)	'程序'	7843
7715	(387, 521)	' Cour'	7844
7716	(54, 55)	'67'	7845
7717	(668, 313)	'actly'	7846
7718	(883, 1091)	'高等'	7847
7719	(274, 1321)	'ishes'	7848
7720	(364, 156)	'甜'	7849
7721	(1346, 178)	'莲'	7850
7722	(65, 329)	'Act'	7851
7723	(98, 97)	'ba'	7853
7724	(1124, 972)	'的一种'	7854
7725	(84, 77)	'TM'	7855
7726	(1249, 184)	'胸'	7856
7727	(1612, 169)	'缩'	7857
7728	(1590, 5702)	' exposure'	7858
7729	(406, 160)	'眠'	7859
7730	(387, 382)	' Cur'	7860
7731	(1113, 460)	'ologist'	7861
7732	(537, 164)	'層'	7862
7733	(901, 160)	'侠'	7863
7734	(1643, 8038)	' Society'	7864
7735	(109, 291)	'mar'	7865
7736	(443, 98)	' prob'	7866
7737	(1243, 3707)	' genetic'	7867
7738	(1742, 2712)	' depending'	7868
7739	(2682, 2343)	'素质'	7869
7740	(1397, 170)	'堪'	7870
7741	(724, 816)	'公分'	7871
7742	(387, 114)	' Cr'	7872
7743	(324, 359)	'是不'	7873
7744	(2261, 788)	'官方'	7874
7745	(1055, 294)	'中国的'	7875
7746	(760, 743)	' Those'	7876
7747	(232, 154)	b'\xe8\x9a'	7877
7748	(2764, 820)	'排名'	7878
7749	(886, 519)	'ensity'	7879
7750	(3001, 2305)	'皇帝'	7880
7751	(6418, 886)	' citizens'	7882
7752	(838, 1623)	'女儿'	7883
7753	(372, 97)	'ola'	7884
7754	(758, 742)	'法國'	7885
7755	(6319, 734)	'People'	7886
7756	(1038, 267)	' flat'	7887
7757	(726, 335)	' Use'	7888
7758	(1087, 562)	'tered'	7889
7759	(399, 1815)	'我也是'	7890
7760	(370, 947)	'irty'	7891
7761	(103, 108)	'gl'	7892
7762	(310, 130)	'昂'	7893
7763	(4418, 1195)	'严重'	7894
7764	(304, 114)	' Ir'	7895
7765	(1468, 2139)	'内容'	7896
7766	(8112, 372)	' symbol'	7897
7767	(5629, 692)	'昨天'	7898
7768	(425, 275)	' Ben'	7899
7769	(281, 117)	'ingu'	7900
7770	(279, 313)	' fly'	7901
7771	(409, 330)	' Met'	7902
7772	(1546, 692)	'几天'	7903
7773	(1678, 5399)	'结束'	7904
7774	(1077, 1069)	'男性'	7905
7775	(1473, 2182)	'总统'	7906
7776	(2143, 307)	' vision'	7907
7777	(1942, 1319)	'時期'	7908
7778	(1966, 265)	' career'	7909
7779	(2094, 270)	' legit'	7910
7780	(548, 5070)	' plenty'	7911
7781	(1466, 307)	'ception'	7912
7782	(1147, 1295)	' helpful'	7913
7783	(691, 168)	'晨'	7914
7784	(1461, 270)	' monit'	7915
7785	(1897, 1274)	'联系'	7916
7786	(1212, 2187)	'演技'	7917
7787	(405, 960)	'ophy'	7918
7788	(2383, 1983)	' construct'	7919
7789	(989, 870)	'开发'	7920
7790	(54, 57)	'69'	7921
7791	(1781, 622)	' famous'	7922
7792	(1887, 176)	'饰'	7923
7793	(1762, 115)	' runs'	7924
7794	(553, 287)	'arded'	7925
7795	(863, 1031)	'现代'	7926
7796	(1995, 278)	' classes'	7927
7797	(368, 462)	' Sun'	7928
7798	(647, 8054)	' Journal'	7929
7799	(3325, 1472)	' illness'	7930
7800	(1699, 378)	' generation'	7931
7801	(1273, 385)	'共有'	7932
7802	(257, 3892)	' ahead'	7933
7803	(475, 2196)	' libr'	7934
7804	(1479, 588)	'从来'	7935
7805	(98, 5345)	'burg'	7936
7806	(335, 2028)	'semb'	7937
7807	(616, 181)	'抵'	7938
7808	(882, 6046)	' trouble'	7939
7809	(936, 1632)	'第四'	7940
7810	(4026, 641)	' Super'	7941
7811	(425, 105)	' Bi'	7942
7812	(3291, 327)	' window'	7943
7813	(2930, 978)	'证明'	7944
7814	(716, 144)	'渐'	7945
7815	(8127, 444)	'加拿大'	7946
7816	(273, 649)	' core'	7947
7817	(310, 134)	'昆'	7948
7818	(338, 141)	'圍'	7949
7819	(516, 844)	' chick'	7950
7820	(121, 278)	'yes'	7951
7821	(2978, 287)	' linked'	7952
7822	(1946, 148)	'擔'	7953
7823	(377, 1508)	'了解'	7954
7824	(1068, 167)	'萧'	7955
7825	(1639, 2698)	' interview'	7956
7826	(1210, 281)	' adding'	7957
7827	(230, 170)	b'\xe6\xaa'	7958
7828	(83, 112)	'Sp'	7959
7829	(766, 2232)	'主角'	7960
7830	(450, 277)	'rian'	7961
7831	(100, 912)	'down'	7962
7832	(664, 3244)	'能够'	7963
7833	(1621, 580)	'首都'	7964
7834	(740, 1418)	'成员'	7965
7835	(233, 176)	b'\xe9\xb0'	7966
7836	(425, 343)	' Bay'	7967
7837	(45, 66)	'-B'	7968
7838	(283, 287)	' ped'	7969
7839	(1525, 287)	' formed'	7970
7840	(819, 385)	'很有'	7971
7841	(80, 85)	'PU'	7972
7842	(290, 149)	'井'	7973
7843	(1388, 307)	' Union'	7974
7844	(1403, 846)	' instance'	7975
7845	(371, 139)	'旋'	7976
7846	(4905, 115)	' eggs'	7977
7847	(596, 129)	'毁'	7978
7848	(714, 183)	'執'	7979
7849	(279, 334)	' fro'	7980
7850	(725, 588)	'过来'	7981
7851	(295, 844)	' thick'	7982
7852	(1391, 639)	' belong'	7983
7853	(1102, 4491)	'老婆'	7984
7854	(297, 303)	' hom'	7985
7855	(501, 159)	'废'	7986
7856	(101, 2072)	'eared'	7987
7857	(399, 571)	'我要'	7988
7858	(483, 159)	'租'	7989
7859	(1132, 1305)	'相关'	7990
7860	(8108, 3444)	' atmosp'	7991
7861	(2234, 3331)	'导致'	7992
7862	(73, 484)	'Int'	7993
7863	(71, 750)	'Great'	7994
7864	(281, 313)	'ingly'	7995
7865	(324, 2042)	'是中國'	7996
7866	(496, 116)	' alt'	7997
7867	(776, 598)	' disag'	7998
7868	(778, 1148)	'作者'	7999
7869	(121, 97)	'ya'	8000
7870	(52, 50)	'42'	8001
7871	(1354, 3399)	'吃饭'	8002
7872	(535, 512)	' Rem'	8003
7873	(591, 2066)	'会不会'	8004
7874	(73, 82)	'IR'	8005
7875	(766, 1926)	'主持'	8006
7876	(8130, 101)	' coffee'	8007
7877	(264, 3760)	' sitting'	8008
7878	(1550, 175)	'疯'	8009
7879	(542, 97)	' La'	8010
7880	(866, 2055)	'美洲'	8011
7881	(1432, 146)	'撒'	8012
7882	(370, 2392)	'irmed'	8013
7883	(444, 4246)	'大概'	8014
7884	(233, 175)	b'\xe9\xaf'	8015
7885	(8011, 1941)	' increases'	8016
7886	(3470, 1456)	' excited'	8017
7887	(1061, 2507)	'动画'	8018
7888	(953, 329)	' spect'	8019
7889	(2090, 1125)	'广东'	8020
7890	(4139, 772)	'進行'	8021
7891	(2375, 976)	' definition'	8022
7892	(2136, 588)	'未来'	8023
7893	(1458, 5441)	'基督'	8024
7894	(402, 97)	'illa'	8025
7895	(300, 3863)	' links'	8026
7896	(268, 449)	' west'	8027
7897	(231, 128)	b'\xe7\x80'	8028
7898	(463, 72)	' WH'	8029
7899	(2083, 2485)	' confused'	8030
7900	(4131, 3108)	'瑞典'	8031
7901	(291, 1666)	'ario'	8032
7902	(347, 1310)	' forced'	8033
7903	(4760, 495)	' tonight'	8034
7904	(3002, 1497)	' measures'	8035
7905	(4992, 859)	'穆斯'	8036
7906	(108, 372)	'lol'	8037
7907	(2502, 1310)	' reduced'	8038
7908	(463, 894)	' Water'	8039
7909	(435, 8129)	' sudden'	8040
7910	(3860, 287)	' connected'	8041
7911	(2216, 3150)	' muscle'	8042
7912	(4775, 732)	' historical'	8043
7913	(1910, 1879)	'计算'	8044
7914	(5391, 437)	' accurate'	8045
7915	(2279, 313)	' commonly'	8046
7916	(4448, 854)	' violence'	8047
7917	(1138, 312)	' serve'	8048
7918	(955, 504)	'民国'	8049
7919	(3439, 8128)	'組織'	8050
7920	(319, 258)	'othe'	8051
7921	(119, 302)	'was'	8052
7922	(1795, 160)	'翠'	8053
7923	(1403, 1983)	' instruct'	8054
7924	(1147, 281)	' helping'	8055
7925	(470, 135)	'哇'	8056
7926	(2100, 281)	' happening'	8057
7927	(1638, 153)	'墙'	8058
7928	(1685, 1096)	'程度'	8059
7929	(1908, 143)	'魏'	8060
7930	(297, 451)	' hus'	8061
7931	(818, 818)	'ahah'	8062
7932	(1683, 163)	'董'	8063
7933	(77, 277)	'Man'	8064
7934	(1130, 1592)	' accident'	8065
7935	(798, 831)	' novel'	8066
7936	(418, 8118)	' molec'	8067
7937	(917, 402)	' Still'	8068
7938	(558, 161)	'泡'	8069
7939	(283, 286)	' pal'	8070
7940	(2972, 281)	' holding'	8071
7941	(2909, 628)	'许多'	8072
7942	(525, 167)	'寧'	8073
7943	(3174, 281)	' existing'	8074
7944	(2460, 116)	' paint'	8075
7945	(2175, 2093)	' finished'	8076
7946	(471, 8115)	' excellent'	8077
7947	(554, 140)	'敌'	8078
7948	(366, 5259)	' According'	8079
7949	(723, 442)	'apers'	8080
7950	(549, 287)	'alled'	8081
7951	(3925, 785)	' fault'	8082
7952	(314, 569)	'stood'	8083
7953	(1886, 4911)	'朝鲜'	8084
7954	(414, 129)	'币'	8085
7955	(337, 159)	'迟'	8086
7956	(359, 3580)	'不敢'	8087
7957	(1354, 294)	'吃的'	8088
7958	(2311, 365)	'很多人'	8089
7959	(108, 460)	'list'	8090
7960	(769, 164)	'汤'	8091
7961	(827, 179)	'稳'	8092
7962	(354, 190)	'宾'	8093
7963	(3130, 3130)	'OOOO'	8094
7964	(280, 931)	'orial'	8095
7965	(805, 157)	'额'	8096
7966	(1106, 412)	'实在'	8097
7967	(534, 160)	'忠'	8098
7968	(1643, 1236)	' Social'	8099
7969	(114, 976)	'rition'	8100
7970	(1034, 115)	'ails'	8101
7971	(2030, 167)	'碧'	8102
7972	(3541, 1418)	'运动员'	8103
7973	(879, 53)	' 35'	8104
7974	(3238, 115)	' occurs'	8105
7975	(367, 189)	'幽'	8106
7976	(274, 378)	'isation'	8107
7977	(1363, 832)	'是一部'	8108
7978	(282, 351)	' mad'	8109
7979	(733, 3347)	' cloud'	8110
7980	(1186, 99)	' rac'	8111
7981	(2210, 115)	' turns'	8112
7982	(789, 294)	'心的'	8113
7983	(111, 1203)	'ooth'	8114
7984	(117, 373)	'uke'	8115
7985	(3165, 467)	' circum'	8116
7986	(1134, 176)	'灰'	8117
7987	(309, 1311)	' native'	8118
7988	(2546, 361)	' Once'	8119
7989	(797, 103)	'berg'	8120
7990	(4572, 8123)	' campaign'	8121
7991	(3534, 643)	'Which'	8122
7992	(1208, 143)	'柏'	8123
7993	(3387, 1587)	'stitution'	8124
7994	(998, 372)	' Vol'	8125
7995	(288, 259)	' din'	8126
7996	(-1, -1)	'<_EOS_>'	-1
7997	(-1, -1)	'<_SOS_>'	-1
7998	(-1, -1)	'<_SEP_>'	-1
7999	(-1, -1)	'<_PAD_>'	-1
