0	(-1, -1)	b'\x00'	-1
1	(-1, -1)	b'\x01'	-1
2	(-1, -1)	b'\x02'	-1
3	(-1, -1)	b'\x03'	-1
4	(-1, -1)	b'\x04'	-1
5	(-1, -1)	b'\x05'	-1
6	(-1, -1)	b'\x06'	-1
7	(-1, -1)	b'\x07'	-1
8	(-1, -1)	b'\x08'	-1
9	(-1, -1)	b'\t'	-1
10	(-1, -1)	b'\n'	-1
11	(-1, -1)	b'\x0b'	-1
12	(-1, -1)	b'\x0c'	-1
13	(-1, -1)	b'\r'	-1
14	(-1, -1)	b'\x0e'	-1
15	(-1, -1)	b'\x0f'	-1
16	(-1, -1)	b'\x10'	-1
17	(-1, -1)	b'\x11'	-1
18	(-1, -1)	b'\x12'	-1
19	(-1, -1)	b'\x13'	-1
20	(-1, -1)	b'\x14'	-1
21	(-1, -1)	b'\x15'	-1
22	(-1, -1)	b'\x16'	-1
23	(-1, -1)	b'\x17'	-1
24	(-1, -1)	b'\x18'	-1
25	(-1, -1)	b'\x19'	-1
26	(-1, -1)	b'\x1a'	-1
27	(-1, -1)	b'\x1b'	-1
28	(-1, -1)	b'\x1c'	-1
29	(-1, -1)	b'\x1d'	-1
30	(-1, -1)	b'\x1e'	-1
31	(-1, -1)	b'\x1f'	-1
32	(-1, -1)	' '	-1
33	(-1, -1)	'!'	-1
34	(-1, -1)	'"'	-1
35	(-1, -1)	'#'	-1
36	(-1, -1)	'$'	-1
37	(-1, -1)	'%'	-1
38	(-1, -1)	'&'	-1
39	(-1, -1)	"'"	-1
40	(-1, -1)	'('	-1
41	(-1, -1)	')'	-1
42	(-1, -1)	'*'	-1
43	(-1, -1)	'+'	-1
44	(-1, -1)	','	-1
45	(-1, -1)	'-'	-1
46	(-1, -1)	'.'	-1
47	(-1, -1)	'/'	-1
48	(-1, -1)	'0'	-1
49	(-1, -1)	'1'	-1
50	(-1, -1)	'2'	-1
51	(-1, -1)	'3'	-1
52	(-1, -1)	'4'	-1
53	(-1, -1)	'5'	-1
54	(-1, -1)	'6'	-1
55	(-1, -1)	'7'	-1
56	(-1, -1)	'8'	-1
57	(-1, -1)	'9'	-1
58	(-1, -1)	':'	-1
59	(-1, -1)	';'	-1
60	(-1, -1)	'<'	-1
61	(-1, -1)	'='	-1
62	(-1, -1)	'>'	-1
63	(-1, -1)	'?'	-1
64	(-1, -1)	'@'	-1
65	(-1, -1)	'A'	-1
66	(-1, -1)	'B'	-1
67	(-1, -1)	'C'	-1
68	(-1, -1)	'D'	-1
69	(-1, -1)	'E'	-1
70	(-1, -1)	'F'	-1
71	(-1, -1)	'G'	-1
72	(-1, -1)	'H'	-1
73	(-1, -1)	'I'	-1
74	(-1, -1)	'J'	-1
75	(-1, -1)	'K'	-1
76	(-1, -1)	'L'	-1
77	(-1, -1)	'M'	-1
78	(-1, -1)	'N'	-1
79	(-1, -1)	'O'	-1
80	(-1, -1)	'P'	-1
81	(-1, -1)	'Q'	-1
82	(-1, -1)	'R'	-1
83	(-1, -1)	'S'	-1
84	(-1, -1)	'T'	-1
85	(-1, -1)	'U'	-1
86	(-1, -1)	'V'	-1
87	(-1, -1)	'W'	-1
88	(-1, -1)	'X'	-1
89	(-1, -1)	'Y'	-1
90	(-1, -1)	'Z'	-1
91	(-1, -1)	'['	-1
92	(-1, -1)	'\\'	-1
93	(-1, -1)	']'	-1
94	(-1, -1)	'^'	-1
95	(-1, -1)	'_'	-1
96	(-1, -1)	'`'	-1
97	(-1, -1)	'a'	-1
98	(-1, -1)	'b'	-1
99	(-1, -1)	'c'	-1
100	(-1, -1)	'd'	-1
101	(-1, -1)	'e'	-1
102	(-1, -1)	'f'	-1
103	(-1, -1)	'g'	-1
104	(-1, -1)	'h'	-1
105	(-1, -1)	'i'	-1
106	(-1, -1)	'j'	-1
107	(-1, -1)	'k'	-1
108	(-1, -1)	'l'	-1
109	(-1, -1)	'm'	-1
110	(-1, -1)	'n'	-1
111	(-1, -1)	'o'	-1
112	(-1, -1)	'p'	-1
113	(-1, -1)	'q'	-1
114	(-1, -1)	'r'	-1
115	(-1, -1)	's'	-1
116	(-1, -1)	't'	-1
117	(-1, -1)	'u'	-1
118	(-1, -1)	'v'	-1
119	(-1, -1)	'w'	-1
120	(-1, -1)	'x'	-1
121	(-1, -1)	'y'	-1
122	(-1, -1)	'z'	-1
123	(-1, -1)	'{'	-1
124	(-1, -1)	'|'	-1
125	(-1, -1)	'}'	-1
126	(-1, -1)	'~'	-1
127	(-1, -1)	'\x7f'	-1
128	(-1, -1)	b'\x80'	-1
129	(-1, -1)	b'\x81'	-1
130	(-1, -1)	b'\x82'	-1
131	(-1, -1)	b'\x83'	-1
132	(-1, -1)	b'\x84'	-1
133	(-1, -1)	b'\x85'	-1
134	(-1, -1)	b'\x86'	-1
135	(-1, -1)	b'\x87'	-1
136	(-1, -1)	b'\x88'	-1
137	(-1, -1)	b'\x89'	-1
138	(-1, -1)	b'\x8a'	-1
139	(-1, -1)	b'\x8b'	-1
140	(-1, -1)	b'\x8c'	-1
141	(-1, -1)	b'\x8d'	-1
142	(-1, -1)	b'\x8e'	-1
143	(-1, -1)	b'\x8f'	-1
144	(-1, -1)	b'\x90'	-1
145	(-1, -1)	b'\x91'	-1
146	(-1, -1)	b'\x92'	-1
147	(-1, -1)	b'\x93'	-1
148	(-1, -1)	b'\x94'	-1
149	(-1, -1)	b'\x95'	-1
150	(-1, -1)	b'\x96'	-1
151	(-1, -1)	b'\x97'	-1
152	(-1, -1)	b'\x98'	-1
153	(-1, -1)	b'\x99'	-1
154	(-1, -1)	b'\x9a'	-1
155	(-1, -1)	b'\x9b'	-1
156	(-1, -1)	b'\x9c'	-1
157	(-1, -1)	b'\x9d'	-1
158	(-1, -1)	b'\x9e'	-1
159	(-1, -1)	b'\x9f'	-1
160	(-1, -1)	b'\xa0'	-1
161	(-1, -1)	b'\xa1'	-1
162	(-1, -1)	b'\xa2'	-1
163	(-1, -1)	b'\xa3'	-1
164	(-1, -1)	b'\xa4'	-1
165	(-1, -1)	b'\xa5'	-1
166	(-1, -1)	b'\xa6'	-1
167	(-1, -1)	b'\xa7'	-1
168	(-1, -1)	b'\xa8'	-1
169	(-1, -1)	b'\xa9'	-1
170	(-1, -1)	b'\xaa'	-1
171	(-1, -1)	b'\xab'	-1
172	(-1, -1)	b'\xac'	-1
173	(-1, -1)	b'\xad'	-1
174	(-1, -1)	b'\xae'	-1
175	(-1, -1)	b'\xaf'	-1
176	(-1, -1)	b'\xb0'	-1
177	(-1, -1)	b'\xb1'	-1
178	(-1, -1)	b'\xb2'	-1
179	(-1, -1)	b'\xb3'	-1
180	(-1, -1)	b'\xb4'	-1
181	(-1, -1)	b'\xb5'	-1
182	(-1, -1)	b'\xb6'	-1
183	(-1, -1)	b'\xb7'	-1
184	(-1, -1)	b'\xb8'	-1
185	(-1, -1)	b'\xb9'	-1
186	(-1, -1)	b'\xba'	-1
187	(-1, -1)	b'\xbb'	-1
188	(-1, -1)	b'\xbc'	-1
189	(-1, -1)	b'\xbd'	-1
190	(-1, -1)	b'\xbe'	-1
191	(-1, -1)	b'\xbf'	-1
192	(-1, -1)	b'\xc0'	-1
193	(-1, -1)	b'\xc1'	-1
194	(-1, -1)	b'\xc2'	-1
195	(-1, -1)	b'\xc3'	-1
196	(-1, -1)	b'\xc4'	-1
197	(-1, -1)	b'\xc5'	-1
198	(-1, -1)	b'\xc6'	-1
199	(-1, -1)	b'\xc7'	-1
200	(-1, -1)	b'\xc8'	-1
201	(-1, -1)	b'\xc9'	-1
202	(-1, -1)	b'\xca'	-1
203	(-1, -1)	b'\xcb'	-1
204	(-1, -1)	b'\xcc'	-1
205	(-1, -1)	b'\xcd'	-1
206	(-1, -1)	b'\xce'	-1
207	(-1, -1)	b'\xcf'	-1
208	(-1, -1)	b'\xd0'	-1
209	(-1, -1)	b'\xd1'	-1
210	(-1, -1)	b'\xd2'	-1
211	(-1, -1)	b'\xd3'	-1
212	(-1, -1)	b'\xd4'	-1
213	(-1, -1)	b'\xd5'	-1
214	(-1, -1)	b'\xd6'	-1
215	(-1, -1)	b'\xd7'	-1
216	(-1, -1)	b'\xd8'	-1
217	(-1, -1)	b'\xd9'	-1
218	(-1, -1)	b'\xda'	-1
219	(-1, -1)	b'\xdb'	-1
220	(-1, -1)	b'\xdc'	-1
221	(-1, -1)	b'\xdd'	-1
222	(-1, -1)	b'\xde'	-1
223	(-1, -1)	b'\xdf'	-1
224	(-1, -1)	b'\xe0'	-1
225	(-1, -1)	b'\xe1'	-1
226	(-1, -1)	b'\xe2'	-1
227	(-1, -1)	b'\xe3'	-1
228	(-1, -1)	b'\xe4'	-1
229	(-1, -1)	b'\xe5'	-1
230	(-1, -1)	b'\xe6'	-1
231	(-1, -1)	b'\xe7'	-1
232	(-1, -1)	b'\xe8'	-1
233	(-1, -1)	b'\xe9'	-1
234	(-1, -1)	b'\xea'	-1
235	(-1, -1)	b'\xeb'	-1
236	(-1, -1)	b'\xec'	-1
237	(-1, -1)	b'\xed'	-1
238	(-1, -1)	b'\xee'	-1
239	(-1, -1)	b'\xef'	-1
240	(-1, -1)	b'\xf0'	-1
241	(-1, -1)	b'\xf1'	-1
242	(-1, -1)	b'\xf2'	-1
243	(-1, -1)	b'\xf3'	-1
244	(-1, -1)	b'\xf4'	-1
245	(-1, -1)	b'\xf5'	-1
246	(-1, -1)	b'\xf6'	-1
247	(-1, -1)	b'\xf7'	-1
248	(-1, -1)	b'\xf8'	-1
249	(-1, -1)	b'\xf9'	-1
250	(-1, -1)	b'\xfa'	-1
251	(-1, -1)	b'\xfb'	-1
252	(-1, -1)	b'\xfc'	-1
253	(-1, -1)	b'\xfd'	-1
254	(-1, -1)	b'\xfe'	-1
255	(-1, -1)	b'\xff'	-1
256	(32, 116)	' t'	256
257	(32, 97)	' a'	257
258	(105, 110)	'in'	258
259	(104, 101)	'he'	259
260	(228, 184)	b'\xe4\xb8'	260
261	(239, 188)	b'\xef\xbc'	261
262	(261, 140)	'，'	262
263	(114, 101)	're'	263
264	(32, 115)	' s'	264
265	(111, 110)	'on'	265
266	(256, 259)	' the'	266
267	(101, 114)	'er'	267
268	(32, 119)	' w'	268
269	(227, 128)	b'\xe3\x80'	269
270	(231, 154)	b'\xe7\x9a'	270
271	(97, 116)	'at'	271
272	(270, 132)	'的'	272
273	(111, 117)	'ou'	273
274	(97, 110)	'an'	274
275	(105, 116)	'it'	275
276	(111, 114)	'or'	276
277	(32, 98)	' b'	277
278	(32, 99)	' c'	278
279	(101, 110)	'en'	279
280	(228, 186)	b'\xe4\xba'	280
281	(105, 115)	'is'	281
282	(32, 102)	' f'	282
283	(258, 103)	'ing'	283
284	(32, 112)	' p'	284
285	(101, 115)	'es'	285
286	(32, 109)	' m'	286
287	(101, 100)	'ed'	287
288	(97, 114)	'ar'	288
289	(32, 111)	' o'	289
290	(230, 156)	b'\xe6\x9c'	290
291	(32, 100)	' d'	291
292	(256, 111)	' to'	292
293	(97, 108)	'al'	293
294	(257, 110)	' an'	294
295	(269, 130)	'。'	295
296	(229, 143)	b'\xe5\x8f'	296
297	(32, 104)	' h'	297
298	(228, 187)	b'\xe4\xbb'	298
299	(229, 133)	b'\xe5\x85'	299
300	(32, 258)	' in'	300
301	(97, 115)	'as'	301
302	(229, 164)	b'\xe5\xa4'	302
303	(256, 104)	' th'	303
304	(289, 102)	' of'	304
305	(32, 108)	' l'	305
306	(229, 156)	b'\xe5\x9c'	306
307	(294, 100)	' and'	307
308	(105, 99)	'ic'	308
309	(229, 136)	b'\xe5\x88'	309
310	(111, 109)	'om'	310
311	(232, 191)	b'\xe8\xbf'	311
312	(108, 108)	'll'	312
313	(229, 174)	b'\xe5\xae'	313
314	(32, 110)	' n'	314
315	(230, 152)	b'\xe6\x98'	315
316	(32, 103)	' g'	316
317	(229, 144)	b'\xe5\x90'	317
318	(32, 73)	' I'	318
319	(228, 189)	b'\xe4\xbd'	319
320	(108, 101)	'le'	320
321	(115, 116)	'st'	321
322	(105, 265)	'ion'	322
323	(224, 164)	b'\xe0\xa4'	323
324	(118, 101)	've'	324
325	(230, 136)	b'\xe6\x88'	325
326	(105, 100)	'id'	326
327	(32, 121)	' y'	327
328	(97, 121)	'ay'	328
329	(229, 176)	b'\xe5\xb0'	329
330	(111, 116)	'ot'	330
331	(108, 121)	'ly'	331
332	(101, 116)	'et'	332
333	(32, 263)	' re'	333
334	(279, 116)	'ent'	334
335	(229, 155)	b'\xe5\x9b'	335
336	(260, 128)	'一'	336
337	(231, 187)	b'\xe7\xbb'	337
338	(226, 128)	b'\xe2\x80'	338
339	(229, 185)	b'\xe5\xb9'	339
340	(231, 148)	b'\xe7\x94'	340
341	(230, 151)	b'\xe6\x97'	341
342	(230, 150)	b'\xe6\x96'	342
343	(32, 101)	' e'	343
344	(229, 138)	b'\xe5\x8a'	344
345	(111, 119)	'ow'	345
346	(277, 101)	' be'	346
347	(32, 265)	' on'	347
348	(97, 100)	'ad'	348
349	(229, 141)	b'\xe5\x8d'	349
350	(315, 175)	'是'	350
351	(228, 185)	b'\xe4\xb9'	351
352	(97, 109)	'am'	352
353	(97, 99)	'ac'	353
354	(32, 83)	' S'	354
355	(32, 281)	' is'	355
356	(32, 84)	' T'	356
357	(306, 168)	'在'	357
358	(232, 175)	b'\xe8\xaf'	358
359	(32, 275)	' it'	359
360	(232, 174)	b'\xe8\xae'	360
361	(282, 276)	' for'	361
362	(233, 135)	b'\xe9\x87'	362
363	(228, 188)	b'\xe4\xbc'	363
364	(269, 129)	'、'	364
365	(114, 111)	'ro'	365
366	(303, 271)	' that'	366
367	(39, 115)	"'s"	367
368	(229, 184)	b'\xe5\xb8'	368
369	(105, 103)	'ig'	369
370	(117, 116)	'ut'	370
371	(327, 273)	' you'	371
372	(230, 157)	b'\xe6\x9d'	372
373	(105, 109)	'im'	373
374	(108, 100)	'ld'	374
375	(117, 110)	'un'	375
376	(32, 65)	' A'	376
377	(32, 67)	' C'	377
378	(290, 137)	'有'	378
379	(115, 101)	'se'	379
380	(229, 173)	b'\xe5\xad'	380
381	(32, 259)	' he'	381
382	(118, 267)	'ver'	382
383	(105, 114)	'ir'	383
384	(229, 135)	b'\xe5\x87'	384
385	(264, 116)	' st'	385
386	(260, 141)	'不'	386
387	(230, 137)	b'\xe6\x89'	387
388	(229, 190)	b'\xe5\xbe'	388
389	(229, 188)	b'\xe5\xbc'	389
390	(260, 173)	'中'	390
391	(32, 77)	' M'	391
392	(232, 128)	b'\xe8\x80'	392
393	(232, 161)	b'\xe8\xa1'	393
394	(231, 155)	b'\xe7\x9b'	394
395	(232, 181)	b'\xe8\xb5'	395
396	(280, 134)	'了'	396
397	(280, 186)	'人'	397
398	(117, 114)	'ur'	398
399	(107, 101)	'ke'	399
400	(302, 167)	'大'	400
401	(229, 165)	b'\xe5\xa5'	401
402	(101, 99)	'ec'	402
403	(229, 183)	b'\xe5\xb7'	403
404	(275, 104)	'ith'	404
405	(229, 175)	b'\xe5\xaf'	405
406	(105, 312)	'ill'	406
407	(231, 142)	b'\xe7\x8e'	407
408	(111, 111)	'oo'	408
409	(268, 104)	' wh'	409
410	(229, 134)	b'\xe5\x86'	410
411	(116, 267)	'ter'	412
412	(229, 186)	b'\xe5\xba'	413
413	(233, 128)	b'\xe9\x80'	414
414	(32, 224)	b' \xe0'	415
415	(230, 138)	b'\xe6\x8a'	416
416	(268, 404)	' with'	417
417	(32, 66)	' B'	418
418	(105, 108)	'il'	419
419	(335, 189)	'国'	420
420	(260, 186)	'为'	421
421	(268, 101)	' we'	422
422	(232, 180)	b'\xe8\xb4'	423
423	(117, 115)	'us'	424
424	(48, 48)	'00'	425
425	(273, 116)	'out'	426
426	(297, 97)	' ha'	427
427	(339, 180)	'年'	428
428	(260, 138)	'上'	429
429	(229, 189)	b'\xe5\xbd'	430
430	(225, 128)	b'\xe1\x80'	431
431	(99, 104)	'ch'	432
432	(229, 140)	b'\xe5\x8c'	433
433	(99, 101)	'ce'	434
434	(32, 114)	' r'	435
435	(268, 301)	' was'	436
436	(32, 80)	' P'	437
437	(257, 115)	' as'	438
438	(230, 149)	b'\xe6\x95'	439
439	(231, 137)	b'\xe7\x89'	440
440	(232, 167)	b'\xe8\xa7'	441
441	(271, 322)	'ation'	442
442	(32, 107)	' k'	443
443	(229, 146)	b'\xe5\x92'	444
444	(257, 116)	' at'	445
445	(230, 148)	b'\xe6\x94'	446
446	(105, 102)	'if'	447
447	(231, 167)	b'\xe7\xa7'	448
448	(230, 160)	b'\xe6\xa0'	449
449	(233, 153)	b'\xe9\x99'	450
450	(111, 108)	'ol'	451
451	(229, 177)	b'\xe5\xb1'	452
452	(46, 46)	'..'	453
453	(443, 140)	'和'	454
454	(230, 173)	b'\xe6\xad'	455
455	(338, 156)	'“'	456
456	(338, 157)	'”'	457
457	(231, 186)	b'\xe7\xba'	458
458	(97, 103)	'ag'	459
459	(267, 115)	'ers'	460
460	(260, 170)	'个'	461
461	(233, 151)	b'\xe9\x97'	462
462	(311, 153)	'这'	463
463	(32, 72)	' H'	464
464	(32, 68)	' D'	465
465	(230, 128)	b'\xe6\x80'	466
466	(32, 50)	' 2'	467
467	(341, 182)	'时'	468
468	(298, 165)	'以'	469
469	(32, 208)	b' \xd0'	470
470	(32, 87)	' W'	471
471	(224, 184)	b'\xe0\xb8'	472
472	(32, 49)	' 1'	473
473	(117, 112)	'up'	474
474	(231, 144)	b'\xe7\x90'	475
475	(369, 104)	'igh'	476
476	(230, 139)	b'\xe6\x8b'	477
477	(111, 263)	'ore'	478
478	(101, 109)	'em'	479
479	(39, 116)	"'t"	480
480	(114, 105)	'ri'	481
481	(261, 154)	'：'	482
482	(229, 145)	b'\xe5\x91'	483
483	(232, 135)	b'\xe8\x87'	484
484	(259, 114)	'her'	485
485	(285, 116)	'est'	486
486	(384, 186)	'出'	487
487	(230, 181)	b'\xe6\xb5'	488
488	(257, 263)	' are'	489
489	(111, 112)	'op'	490
490	(32, 78)	' N'	491
491	(32, 106)	' j'	492
492	(313, 182)	'家'	493
493	(233, 157)	b'\xe9\x9d'	494
494	(117, 321)	'ust'	495
495	(309, 176)	'到'	496
496	(32, 82)	' R'	497
497	(273, 374)	'ould'	498
498	(229, 159)	b'\xe5\x9f'	499
499	(117, 109)	'um'	500
500	(273, 110)	'oun'	501
501	(426, 324)	' have'	502
502	(230, 175)	b'\xe6\xaf'	503
503	(208, 176)	'а'	504
504	(264, 104)	' sh'	505
505	(274, 100)	'and'	506
506	(363, 154)	'会'	507
507	(230, 172)	b'\xe6\xac'	508
508	(32, 216)	b' \xd8'	509
509	(229, 137)	b'\xe5\x89'	510
510	(32, 70)	' F'	511
511	(264, 101)	' se'	512
512	(278, 310)	' com'	513
513	(230, 179)	b'\xe6\xb3'	514
514	(278, 265)	' con'	515
515	(116, 104)	'th'	516
516	(229, 191)	b'\xe5\xbf'	517
517	(314, 101)	' ne'	518
518	(232, 10000)	'能'	519
519	(271, 101)	'ate'	520
520	(372, 165)	'来'	521
521	(405, 185)	'对'	522
522	(97, 98)	'ab'	523
523	(230, 176)	b'\xe6\xb0'	524
524	(229, 142)	b'\xe5\x8e'	525
525	(233, 152)	b'\xe9\x98'	526
526	(101, 108)	'el'	527
527	(116, 115)	'ts'	528
528	(117, 108)	'ul'	529
529	(393, 140)	'行'	530
530	(314, 330)	' not'	531
531	(32, 76)	' L'	532
532	(97, 258)	'ain'	533
533	(264, 97)	' sa'	534
534	(340, 159)	'生'	535
535	(232, 166)	b'\xe8\xa6'	536
536	(111, 115)	'os'	537
537	(224, 165)	b'\xe0\xa5'	538
538	(325, 145)	'我'	539
539	(306, 176)	'地'	540
540	(341, 165)	'日'	541
541	(230, 142)	b'\xe6\x8e'	542
542	(32, 71)	' G'	543
543	(99, 116)	'ct'	544
544	(282, 114)	' fr'	545
545	(296, 145)	'发'	546
546	(32, 118)	' v'	547
547	(233, 162)	b'\xe9\xa2'	548
548	(273, 114)	'our'	549
549	(228, 191)	b'\xe4\xbf'	550
550	(306, 186)	'场'	551
551	(230, 140)	b'\xe6\x8c'	552
552	(291, 111)	' do'	553
553	(260, 154)	'业'	554
554	(291, 101)	' de'	555
555	(535, 129)	'要'	556
556	(296, 175)	'可'	557
557	(309, 134)	'分'	558
558	(230, 158)	b'\xe6\x9e'	559
559	(284, 365)	' pro'	560
560	(97, 107)	'ak'	561
561	(232, 190)	b'\xe8\xbe'	562
562	(362, 145)	'金'	563
563	(231, 156)	b'\xe7\x9c'	564
564	(298, 150)	'他'	565
565	(84, 259)	'The'	566
566	(224, 166)	b'\xe0\xa6'	567
567	(303, 281)	' this'	568
568	(280, 142)	'于'	569
569	(230, 178)	b'\xe6\xb2'	570
570	(224, 176)	b'\xe0\xb0'	571
571	(325, 144)	'成'	572
572	(230, 131)	b'\xe6\x83'	573
573	(260, 139)	'下'	574
574	(285, 115)	'ess'	575
575	(229, 147)	b'\xe5\x93'	576
576	(302, 154)	'多'	577
577	(231, 173)	b'\xe7\xad'	578
578	(263, 115)	'res'	579
579	(380, 166)	'学'	580
580	(224, 174)	b'\xe0\xae'	581
581	(293, 331)	'ally'	582
582	(257, 108)	' al'	583
583	(113, 117)	'qu'	584
584	(233, 171)	b'\xe9\xab'	585
585	(305, 105)	' li'	586
586	(225, 136)	b'\xe1\x88'	587
587	(317, 142)	'后'	588
588	(32, 69)	' E'	589
589	(32, 323)	b' \xe0\xa4'	590
590	(351, 159)	'也'	591
591	(112, 112)	'pp'	592
592	(343, 120)	' ex'	593
593	(32, 276)	' or'	594
594	(277, 370)	' but'	595
595	(299, 172)	'公'	596
596	(278, 104)	' ch'	597
597	(368, 130)	'市'	598
598	(298, 172)	'们'	599
599	(290, 136)	'月'	600
600	(310, 101)	'ome'	601
601	(584, 152)	'高'	602
602	(208, 184)	'и'	603
603	(288, 116)	'art'	604
604	(274, 116)	'ant'	605
605	(544, 310)	' from'	606
606	(224, 170)	b'\xe0\xaa'	607
607	(342, 176)	'新'	608
608	(279, 100)	'end'	609
609	(101, 288)	'ear'	610
610	(103, 104)	'gh'	611
611	(284, 108)	' pl'	612
612	(475, 116)	'ight'	613
613	(356, 259)	' The'	614
614	(337, 143)	'经'	615
615	(32, 74)	' J'	616
616	(230, 132)	b'\xe6\x84'	617
617	(281, 116)	'ist'	618
618	(225, 187)	b'\xe1\xbb'	619
619	(407, 176)	'现'	620
620	(342, 185)	'方'	621
621	(293, 108)	'all'	622
622	(257, 98)	' ab'	623
623	(509, 141)	'前'	624
624	(231, 190)	b'\xe7\xbe'	625
625	(230, 184)	b'\xe6\xb8'	626
626	(301, 116)	'ast'	627
627	(216, 167)	'ا'	628
628	(533, 326)	' said'	629
629	(224, 168)	b'\xe0\xa8'	630
630	(288, 100)	'ard'	631
631	(229, 128)	b'\xe5\x80'	632
632	(256, 114)	' tr'	633
633	(353, 107)	'ack'	634
634	(277, 121)	' by'	635
635	(276, 116)	'ort'	636
636	(275, 121)	'ity'	637
637	(105, 324)	'ive'	638
638	(111, 99)	'oc'	639
639	(286, 101)	' me'	640
640	(329, 177)	'就'	641
641	(32, 79)	' O'	642
642	(111, 321)	'ost'	643
643	(109, 334)	'ment'	644
644	(230, 155)	b'\xe6\x9b'	645
645	(230, 180)	b'\xe6\xb4'	646
646	(105, 101)	'ie'	647
647	(231, 189)	b'\xe7\xbd'	648
648	(232, 130)	b'\xe8\x82'	649
649	(208, 190)	'о'	650
650	(266, 121)	' they'	651
651	(97, 112)	'ap'	652
652	(297, 301)	' has'	653
653	(311, 135)	'过'	654
654	(48, 49)	'01'	655
655	(260, 187)	'主'	656
656	(233, 129)	b'\xe9\x81'	657
657	(389, 128)	'开'	658
658	(233, 149)	b'\xe9\x95'	659
659	(233, 131)	b'\xe9\x83'	660
660	(319, 156)	'作'	661
661	(278, 274)	' can'	662
662	(299, 131)	'元'	663
663	(290, 128)	'最'	664
664	(316, 111)	' go'	665
665	(340, 168)	'用'	666
666	(290, 172)	'本'	667
667	(388, 151)	'得'	668
668	(32, 375)	' un'	669
669	(231, 130)	b'\xe7\x82'	670
670	(232, 189)	b'\xe8\xbd'	671
671	(105, 285)	'ies'	672
672	(498, 186)	'基'	673
673	(117, 100)	'ud'	674
674	(268, 406)	' will'	675
675	(273, 610)	'ough'	676
676	(352, 101)	'ame'	677
677	(305, 101)	' le'	678
678	(117, 263)	'ure'	679
679	(231, 171)	b'\xe7\xab'	680
680	(392, 133)	'者'	681
681	(329, 134)	'将'	682
682	(107, 115)	'ks'	683
683	(229, 166)	b'\xe5\xa6'	684
684	(483, 170)	'自'	685
685	(268, 276)	' wor'	686
686	(32, 473)	' up'	687
687	(297, 281)	' his'	688
688	(257, 312)	' all'	689
689	(392, 140)	'而'	690
690	(265, 101)	'one'	691
691	(308, 101)	'ice'	692
692	(228, 190)	b'\xe4\xbe'	693
693	(264, 111)	' so'	694
694	(280, 167)	'产'	695
695	(493, 162)	'面'	696
696	(268, 259)	' whe'	697
697	(402, 116)	'ect'	698
698	(224, 183)	b'\xe0\xb7'	699
699	(290, 186)	'机'	700
700	(502, 148)	'比'	701
701	(32, 425)	' out'	702
702	(32, 217)	b' \xd9'	703
703	(585, 399)	' like'	704
704	(208, 189)	'н'	705
705	(263, 110)	'ren'	706
706	(624, 142)	'美'	707
707	(230, 177)	b'\xe6\xb1'	708
708	(659, 168)	'部'	709
709	(317, 140)	'同'	710
710	(208, 181)	'е'	711
711	(232, 182)	b'\xe8\xb6'	712
712	(32, 75)	' K'	713
713	(264, 112)	' sp'	714
714	(290, 159)	'期'	715
715	(351, 139)	'之'	716
716	(311, 155)	'进'	717
717	(229, 129)	b'\xe5\x81'	718
718	(232, 183)	b'\xe8\xb7'	719
719	(111, 100)	'od'	720
720	(232, 176)	b'\xe8\xb0'	721
721	(344, 168)	'动'	722
722	(491, 494)	' just'	723
723	(230, 182)	b'\xe6\xb6'	724
724	(117, 98)	'ub'	725
725	(231, 164)	b'\xe7\xa4'	726
726	(233, 10000)	'都'	727
727	(474, 131)	'球'	728
728	(263, 100)	'red'	729
729	(103, 101)	'ge'	730
730	(299, 182)	'其'	731
731	(286, 121)	' my'	732
732	(230, 141)	b'\xe6\x8d'	733
733	(299, 168)	'全'	734
734	(326, 101)	'ide'	735
735	(32, 225)	b' \xe1'	736
736	(231, 172)	b'\xe7\xac'	737
737	(110, 479)	"n't"	738
738	(105, 97)	'ia'	739
739	(230, 153)	b'\xe6\x99'	740
740	(395, 132)	'资'	741
741	(311, 152)	'还'	742
742	(117, 99)	'uc'	743
743	(32, 85)	' U'	744
744	(474, 134)	'理'	745
745	(344, 155)	'力'	746
746	(500, 100)	'ound'	747
747	(209, 128)	'р'	748
748	(265, 103)	'ong'	749
749	(329, 143)	'小'	750
750	(229, 157)	b'\xe5\x9d'	751
751	(358, 180)	'说'	752
752	(258, 100)	'ind'	753
753	(97, 399)	'ake'	754
754	(224, 182)	b'\xe0\xb6'	755
755	(269, 139)	'》'	756
756	(269, 138)	'《'	757
757	(102, 102)	'ff'	758
758	(268, 497)	' would'	759
759	(258, 101)	'ine'	760
760	(316, 332)	' get'	761
761	(344, 160)	'加'	762
762	(408, 100)	'ood'	763
763	(232, 137)	b'\xe8\x89'	764
764	(260, 142)	'与'	765
765	(347, 101)	' one'	766
766	(101, 112)	'ep'	767
767	(302, 169)	'天'	768
768	(409, 111)	' who'	769
769	(209, 130)	'т'	770
770	(622, 425)	' about'	771
771	(313, 154)	'定'	772
772	(117, 379)	'use'	773
773	(575, 129)	'品'	774
774	(105, 118)	'iv'	775
775	(313, 158)	'实'	776
776	(401, 189)	'好'	777
777	(317, 136)	'合'	778
778	(230, 143)	b'\xe6\x8f'	779
779	(339, 179)	'平'	780
780	(658, 191)	'长'	782
781	(231, 132)	b'\xe7\x84'	783
782	(114, 97)	'ra'	784
783	(319, 134)	'但'	785
784	(380, 144)	'子'	786
785	(371, 114)	' your'	787
786	(302, 150)	'外'	788
787	(373, 101)	'ime'	789
788	(577, 137)	'等'	790
789	(319, 147)	'体'	791
790	(513, 149)	'法'	792
791	(257, 103)	' ag'	793
792	(231, 149)	b'\xe7\x95'	794
793	(229, 167)	b'\xe5\xa7'	795
794	(232, 131)	b'\xe8\x83'	796
795	(286, 477)	' more'	797
796	(233, 161)	b'\xe9\xa1'	798
797	(257, 100)	' ad'	799
798	(461, 180)	'间'	800
799	(233, 155)	b'\xe9\x9b'	801
800	(387, 128)	'所'	802
801	(105, 112)	'ip'	804
802	(227, 129)	b'\xe3\x81'	805
803	(393, 168)	'表'	806
804	(412, 166)	'度'	807
805	(229, 162)	b'\xe5\xa2'	808
806	(452, 46)	'...'	809
807	(232, 139)	b'\xe8\x8b'	810
808	(507, 161)	'次'	811
809	(100, 328)	'day'	812
810	(317, 141)	'名'	813
811	(308, 104)	'ich'	814
812	(410, 133)	'内'	815
813	(304, 102)	' off'	816
814	(382, 121)	'very'	817
815	(104, 271)	'hat'	818
816	(669, 185)	'点'	819
817	(117, 101)	'ue'	820
818	(274, 115)	'ans'	821
819	(107, 283)	'king'	822
820	(299, 179)	'关'	823
821	(231, 168)	b'\xe7\xa8'	824
822	(300, 116)	' int'	825
823	(229, 187)	b'\xe5\xbb'	826
824	(319, 141)	'位'	827
825	(362, 141)	'重'	828
826	(465, 167)	'性'	829
827	(266, 383)	' their'	830
828	(388, 136)	'很'	831
829	(257, 114)	' ar'	832
830	(394, 184)	'相'	833
831	(309, 169)	'利'	834
832	(216, 177)	'ر'	835
833	(232, 129)	b'\xe8\x81'	836
834	(278, 108)	' cl'	837
835	(394, 174)	'目'	838
836	(114, 121)	'ry'	839
837	(217, 136)	'و'	840
838	(438, 176)	'数'	841
839	(105, 293)	'ial'	842
840	(219, 140)	'ی'	843
841	(327, 609)	' year'	844
842	(403, 165)	'工'	845
843	(233, 154)	b'\xe9\x9a'	846
844	(298, 183)	'价'	847
845	(563, 139)	'看'	848
846	(233, 148)	b'\xe9\x94'	849
847	(284, 101)	' pe'	850
848	(683, 130)	'如'	851
849	(32, 51)	' 3'	852
850	(273, 115)	'ous'	853
851	(323, 190)	'ा'	854
852	(516, 131)	'心'	855
853	(116, 484)	'ther'	856
854	(429, 147)	'当'	857
855	(297, 348)	' had'	858
856	(97, 104)	'ah'	859
857	(512, 112)	' comp'	860
858	(110, 100)	'nd'	861
859	(233, 163)	b'\xe9\xa3'	862
860	(118, 279)	'ven'	863
861	(328, 115)	'ays'	864
862	(115, 111)	'so'	865
863	(230, 129)	b'\xe6\x81'	866
864	(225, 137)	b'\xe1\x89'	867
865	(454, 164)	'此'	868
866	(101, 312)	'ell'	869
867	(230, 159)	b'\xe6\x9f'	870
868	(32, 446)	' if'	871
869	(296, 184)	'司'	872
870	(231, 159)	b'\xe7\x9f'	873
871	(231, 180)	b'\xe7\xb4'	874
872	(644, 180)	'更'	875
873	(260, 137)	'三'	876
874	(32, 583)	' qu'	877
875	(442, 110)	' kn'	878
876	(458, 101)	'age'	879
877	(264, 600)	' some'	880
878	(572, 133)	'情'	881
879	(224, 175)	b'\xe0\xaf'	882
880	(208, 187)	'л'	883
881	(233, 156)	b'\xe9\x9c'	884
882	(260, 164)	'两'	885
883	(231, 157)	b'\xe7\x9d'	886
884	(672, 562)	'基金'	887
885	(233, 166)	b'\xe9\xa6'	888
886	(346, 279)	' been'	889
887	(340, 181)	'电'	890
888	(736, 172)	'第'	891
889	(336, 460)	'一个'	892
890	(275, 101)	'ite'	894
891	(354, 116)	' St'	895
892	(345, 110)	'own'	896
893	(231, 160)	b'\xe7\xa0'	897
894	(294, 121)	' any'	898
895	(315, 142)	'明'	899
896	(98, 267)	'ber'	900
897	(232, 162)	b'\xe8\xa2'	901
898	(231, 169)	b'\xe7\xa9'	902
899	(260, 135)	'万'	903
900	(525, 159)	'队'	904
901	(32, 279)	' en'	906
902	(217, 134)	'ن'	907
903	(387, 139)	'手'	908
904	(257, 99)	' ac'	909
905	(265, 479)	"on't"	910
906	(415, 165)	'报'	911
907	(362, 140)	'里'	912
908	(335, 160)	'因'	913
909	(342, 175)	'斯'	914
910	(432, 186)	'区'	915
911	(325, 191)	'房'	916
912	(299, 165)	'入'	917
913	(781, 182)	'然'	918
914	(232, 138)	b'\xe8\x8a'	919
915	(353, 116)	'act'	920
916	(284, 114)	' pr'	921
917	(439, 185)	'特'	922
918	(286, 274)	' man'	923
919	(280, 139)	'事'	924
920	(322, 115)	'ions'	925
921	(258, 107)	'ink'	926
922	(32, 423)	' us'	927
923	(101, 119)	'ew'	928
924	(409, 271)	' what'	929
925	(49, 48)	'10'	930
926	(100, 267)	'der'	931
927	(284, 267)	' per'	932
928	(395, 155)	'赛'	933
929	(102, 411)	'fter'	934
930	(217, 132)	'ل'	935
931	(231, 165)	b'\xe7\xa5'	936
932	(523, 145)	'民'	937
933	(32, 373)	' im'	938
934	(413, 154)	'通'	939
935	(97, 263)	'are'	940
936	(233, 130)	b'\xe9\x82'	941
937	(105, 122)	'iz'	942
938	(403, 178)	'已'	943
939	(595, 869)	'公司'	944
940	(32, 89)	' Y'	945
941	(303, 274)	' than'	946
942	(415, 149)	'投'	947
943	(266, 263)	' there'	948
944	(592, 112)	' exp'	949
945	(209, 129)	'с'	950
946	(778, 144)	'提'	951
947	(105, 263)	'ire'	952
948	(421, 263)	' were'	953
949	(229, 149)	b'\xe5\x95'	955
950	(696, 110)	' when'	956
951	(429, 177)	'影'	957
952	(538, 598)	'我们'	958
953	(360, 161)	'计'	959
954	(231, 136)	b'\xe7\x88'	960
955	(353, 101)	'ace'	961
956	(381, 114)	' her'	962
957	(194, 160)	'\xa0'	963
958	(847, 10004)	' people'	964
959	(298, 142)	'从'	965
960	(271, 287)	'ated'	966
961	(339, 182)	'并'	967
962	(105, 320)	'ile'	968
963	(611, 328)	' play'	969
964	(551, 129)	'持'	970
965	(288, 107)	'ark'	971
966	(266, 109)	' them'	972
967	(569, 161)	'没'	973
968	(111, 103)	'og'	974
969	(656, 147)	'道'	975
970	(225, 139)	b'\xe1\x8b'	976
971	(296, 138)	'及'	977
972	(111, 379)	'ose'	978
973	(105, 98)	'ib'	979
974	(289, 382)	' over'	980
975	(432, 150)	'化'	981
976	(308, 107)	'ick'	982
977	(296, 170)	'只'	983
978	(316, 114)	' gr'	984
979	(616, 143)	'意'	985
980	(725, 186)	'示'	986
981	(377, 104)	' Ch'	987
982	(117, 431)	'uch'	988
983	(112, 635)	'port'	989
984	(231, 179)	b'\xe7\xb3'	990
985	(231, 129)	b'\xe7\x81'	991
986	(390, 419)	'中国'	992
987	(319, 160)	'你'	993
988	(482, 152)	'员'	994
989	(232, 186)	b'\xe8\xba'	995
990	(897, 171)	'被'	996
991	(233, 147)	b'\xe9\x93'	997
992	(50, 424)	'200'	998
993	(274, 433)	'ance'	999
994	(445, 191)	'政'	1000
995	(229, 163)	b'\xe5\xa3'	1001
996	(116, 121)	'ty'	1002
997	(232, 163)	b'\xe8\xa3'	1003
998	(256, 787)	' time'	1004
999	(97, 118)	'av'	1005
1000	(823, 186)	'建'	1006
1001	(549, 157)	'保'	1007
1002	(732, 174)	'据'	1008
1003	(224, 177)	b'\xe0\xb1'	1009
1004	(514, 116)	' cont'	1010
1005	(280, 155)	'些'	1011
1006	(353, 104)	'ach'	1012
1007	(314, 111)	' no'	1013
1008	(263, 101)	'ree'	1014
1009	(32, 86)	' V'	1015
1010	(300, 99)	' inc'	1016
1011	(448, 188)	'格'	1017
1012	(414, 168)	b' \xe0\xa8'	1018
1013	(257, 929)	' after'	1019
1014	(209, 131)	'у'	1020
1015	(883, 128)	'着'	1021
1016	(274, 103)	'ang'	1022
1017	(280, 164)	'交'	1023
1018	(301, 115)	'ass'	1024
1019	(284, 263)	' pre'	1025
1020	(395, 183)	'起'	1026
1021	(225, 138)	b'\xe1\x8a'	1027
1022	(451, 149)	'展'	1028
1023	(989, 171)	'身'	1029
1024	(276, 109)	'orm'	1030
1025	(231, 153)	b'\xe7\x99'	1031
1026	(389, 143)	'式'	1032
1027	(582, 862)	' also'	1033
1028	(333, 115)	' res'	1034
1029	(264, 259)	' she'	1035
1030	(97, 418)	'ail'	1036
1031	(32, 105)	' i'	1037
1032	(232, 144)	b'\xe8\x90'	1038
1033	(763, 178)	'色'	1039
1034	(517, 119)	' new'	1040
1035	(356, 104)	' Th'	1041
1036	(362, 143)	'量'	1042
1037	(230, 161)	b'\xe6\xa1'	1043
1038	(318, 116)	' It'	1044
1039	(289, 853)	' other'	1045
1040	(432, 151)	'北'	1046
1041	(342, 135)	'文'	1047
1042	(949, 134)	'商'	1048
1043	(117, 103)	'ug'	1049
1044	(291, 326)	' did'	1050
1045	(346, 99)	' bec'	1051
1046	(447, 141)	'种'	1052
1047	(232, 142)	b'\xe8\x8e'	1053
1048	(257, 109)	' am'	1054
1049	(276, 100)	'ord'	1055
1050	(224, 171)	b'\xe0\xab'	1056
1051	(597, 550)	'市场'	1057
1052	(875, 345)	' know'	1058
1053	(301, 101)	'ase'	1059
1054	(256, 119)	' tw'	1060
1055	(360, 169)	'让'	1061
1056	(282, 383)	' fir'	1062
1057	(549, 161)	'信'	1063
1058	(111, 258)	'oin'	1064
1059	(409, 811)	' which'	1065
1060	(264, 99)	' sc'	1066
1061	(232, 165)	b'\xe8\xa5'	1067
1062	(524, 187)	'去'	1068
1063	(360, 176)	'记'	1069
1064	(256, 101)	' te'	1070
1065	(454, 163)	'正'	1071
1066	(523, 180)	'水'	1072
1067	(291, 905)	" don't"	1073
1068	(487, 183)	'海'	1074
1069	(392, 131)	'考'	1075
1070	(288, 121)	'ary'	1076
1071	(231, 131)	b'\xe7\x83'	1077
1072	(647, 145)	'网'	1078
1073	(111, 312)	'oll'	1079
1074	(556, 468)	'可以'	1080
1075	(1061, 191)	'西'	1081
1076	(558, 156)	'果'	1082
1077	(111, 98)	'ob'	1083
1078	(483, 179)	'至'	1084
1079	(368, 184)	'常'	1085
1080	(111, 324)	'ove'	1086
1081	(104, 283)	'hing'	1087
1082	(439, 169)	'物'	1088
1083	(408, 107)	'ook'	1089
1084	(230, 188)	b'\xe6\xbc'	1090
1085	(984, 187)	'系'	1091
1086	(116, 283)	'ting'	1092
1087	(448, 183)	'样'	1093
1088	(522, 320)	'able'	1094
1089	(109, 267)	'mer'	1095
1090	(401, 179)	'女'	1096
1091	(265, 100)	'ond'	1097
1092	(340, 177)	'由'	1098
1093	(648, 161)	'股'	1099
1094	(224, 169)	b'\xe0\xa9'	1100
1095	(201, 153)	'ə'	1101
1096	(805, 158)	'增'	1102
1097	(233, 133)	b'\xe9\x85'	1103
1098	(97, 772)	'ause'	1104
1099	(412, 148)	'应'	1105
1100	(369, 110)	'ign'	1106
1101	(616, 159)	'感'	1107
1102	(348, 101)	'ade'	1108
1103	(39, 263)	"'re"	1109
1104	(341, 160)	'无'	1110
1105	(359, 367)	" it's"	1111
1106	(851, 323)	b'\xe0\xa4\xbe\xe0\xa4'	1112
1107	(309, 182)	'制'	1113
1108	(97, 119)	'aw'	1114
1109	(298, 138)	'今'	1115
1110	(329, 148)	'尔'	1116
1111	(311, 145)	'近'	1117
1112	(578, 115)	'ress'	1118
1113	(359, 115)	' its'	1119
1114	(232, 136)	b'\xe8\x88'	1120
1115	(325, 152)	'战'	1121
1116	(303, 921)	' think'	1122
1117	(318, 110)	' In'	1123
1118	(297, 373)	' him'	1124
1119	(196, 177)	'ı'	1125
1120	(261, 155)	'；'	1126
1121	(112, 116)	'pt'	1127
1122	(344, 161)	'务'	1128
1123	(508, 167)	' ا'	1129
1124	(645, 187)	'活'	1130
1125	(263, 271)	'reat'	1131
1126	(291, 281)	' dis'	1132
1127	(230, 183)	b'\xe6\xb7'	1133
1128	(807, 177)	'英'	1134
1129	(618, 141)	'ọ'	1135
1130	(296, 151)	'受'	1136
1131	(257, 591)	' app'	1137
1132	(233, 146)	b'\xe9\x92'	1138
1133	(389, 186)	'强'	1139
1134	(625, 184)	'游'	1140
1135	(360, 190)	'设'	1141
1136	(445, 182)	'收'	1142
1137	(229, 158)	b'\xe5\x9e'	1143
1138	(32, 52)	' 4'	1144
1139	(208, 180)	'д'	1145
1140	(482, 168)	'周'	1146
1141	(32, 53)	' 5'	1147
1142	(333, 99)	' rec'	1148
1143	(111, 118)	'ov'	1149
1144	(461, 174)	'问'	1150
1145	(387, 147)	'打'	1151
1146	(299, 183)	'具'	1152
1147	(1056, 321)	' first'	1153
1148	(414, 170)	b' \xe0\xaa'	1154
1149	(105, 274)	'ian'	1155
1150	(208, 186)	'к'	1156
1151	(358, 165)	'该'	1157
1152	(280, 140)	'二'	1158
1153	(326, 334)	'ident'	1159
1154	(413, 137)	'选'	1160
1155	(233, 169)	b'\xe9\xa9'	1161
1156	(297, 345)	' how'	1162
1157	(110, 283)	'ning'	1163
1158	(224, 167)	b'\xe0\xa7'	1164
1159	(284, 603)	' part'	1165
1160	(279, 115)	'ens'	1166
1161	(218, 169)	'ک'	1167
1162	(278, 497)	' could'	1168
1163	(335, 158)	'回'	1169
1164	(257, 543)	' act'	1170
1165	(279, 433)	'ence'	1171
1166	(561, 190)	'达'	1172
1167	(441, 115)	'ations'	1173
1168	(217, 135)	'ه'	1174
1169	(50, 48)	'20'	1175
1170	(537, 141)	'्'	1176
1171	(231, 188)	b'\xe7\xbc'	1177
1172	(261, 137)	'）'	1178
1173	(351, 136)	'么'	1179
1174	(465, 187)	'总'	1180
1175	(261, 136)	'（'	1181
1176	(292, 111)	' too'	1182
1177	(84, 104)	'Th'	1183
1178	(313, 137)	'安'	1184
1179	(316, 117)	' gu'	1185
1180	(111, 121)	'oy'	1186
1181	(457, 167)	'级'	1187
1182	(276, 115)	'ors'	1188
1183	(1170, 323)	b'\xe0\xa5\x8d\xe0\xa4'	1189
1184	(822, 111)	' into'	1190
1185	(388, 183)	'德'	1191
1186	(511, 101)	' see'	1192
1187	(261, 159)	'？'	1193
1188	(720, 131)	'调'	1194
1189	(314, 345)	' now'	1195
1190	(102, 101)	'fe'	1196
1191	(461, 168)	'门'	1197
1192	(407, 135)	'率'	1198
1193	(277, 633)	' back'	1199
1194	(112, 108)	'pl'	1200
1195	(229, 148)	b'\xe5\x94'	1201
1196	(73, 116)	'It'	1202
1197	(447, 145)	'科'	1203
1198	(368, 131)	'布'	1204
1199	(10002, 109)	" I'm"	1205
1200	(833, 148)	'联'	1206
1201	(277, 332)	' bet'	1207
1202	(119, 101)	'we'	1208
1203	(32, 365)	' ro'	1209
1204	(264, 328)	' say'	1210
1205	(347, 331)	' only'	1211
1206	(967, 378)	'没有'	1212
1207	(316, 762)	' good'	1213
1208	(217, 138)	'ي'	1214
1209	(541, 165)	'接'	1215
1210	(403, 177)	'己'	1216
1211	(110, 101)	'ne'	1217
1212	(513, 168)	'注'	1218
1213	(10001, 161)	'管'	1219
1214	(233, 187)	b'\xe9\xbb'	1220
1215	(717, 154)	'做'	1221
1216	(298, 163)	'代'	1222
1217	(229, 150)	b'\xe5\x96'	1223
1218	(500, 116)	'ount'	1224
1219	(547, 152)	'题'	1225
1220	(49, 57)	'19'	1226
1221	(260, 156)	'东'	1227
1222	(439, 135)	'片'	1228
1223	(414, 166)	b' \xe0\xa6'	1229
1224	(281, 104)	'ish'	1230
1225	(684, 1210)	'自己'	1231
1226	(360, 164)	'认'	1232
1227	(1137, 139)	'型'	1233
1228	(1054, 111)	' two'	1234
1229	(401, 150)	'奖'	1235
1230	(216, 170)	'ت'	1236
1231	(282, 101)	' fe'	1237
1232	(551, 135)	'指'	1238
1233	(325, 150)	'或'	1239
1234	(349, 142)	'华'	1240
1235	(319, 191)	'使'	1241
1236	(572, 179)	'想'	1242
1237	(904, 99)	' acc'	1243
1238	(264, 267)	' ser'	1244
1239	(936, 163)	'那'	1245
1240	(111, 374)	'old'	1246
1241	(299, 139)	'克'	1247
1242	(283, 115)	'ings'	1248
1243	(224, 185)	b'\xe0\xb9'	1249
1244	(408, 108)	'ool'	1250
1245	(110, 103)	'ng'	1251
1246	(231, 178)	b'\xe7\xb2'	1252
1247	(317, 145)	'向'	1253
1248	(308, 116)	'ict'	1254
1249	(517, 287)	' need'	1255
1250	(324, 108)	'vel'	1256
1251	(349, 149)	'单'	1257
1252	(298, 187)	'任'	1258
1253	(268, 604)	' want'	1259
1254	(105, 850)	'ious'	1260
1255	(117, 312)	'ull'	1261
1256	(422, 185)	'费'	1262
1257	(277, 114)	' br'	1263
1258	(685, 107)	' work'	1264
1259	(232, 153)	b'\xe8\x99'	1265
1260	(116, 101)	'te'	1266
1261	(230, 145)	b'\xe6\x91'	1267
1262	(105, 374)	'ild'	1268
1263	(260, 147)	'专'	1269
1264	(498, 142)	'城'	1270
1265	(296, 183)	'号'	1271
1266	(296, 150)	'取'	1272
1267	(277, 108)	' bl'	1273
1268	(231, 161)	b'\xe7\xa1'	1274
1269	(424, 48)	'000'	1275
1270	(449, 162)	'院'	1276
1271	(493, 158)	'非'	1277
1272	(302, 180)	'头'	1278
1273	(217, 133)	'م'	1279
1274	(463, 101)	' He'	1280
1275	(232, 141)	b'\xe8\x8d'	1281
1276	(885, 150)	'首'	1282
1277	(317, 132)	'各'	1283
1278	(296, 176)	'台'	1284
1279	(112, 267)	'per'	1285
1280	(313, 162)	'客'	1286
1281	(301, 265)	'ason'	1287
1282	(231, 166)	b'\xe7\xa6'	1288
1283	(440, 163)	'解'	1289
1284	(333, 581)	' really'	1290
1285	(296, 152)	'变'	1291
1286	(280, 172)	'京'	1292
1287	(879, 141)	'்'	1293
1288	(208, 188)	'м'	1294
1289	(859, 142)	'风'	1295
1290	(259, 100)	'hed'	1296
1291	(309, 171)	'别'	1297
1292	(329, 145)	'少'	1298
1293	(528, 116)	'ult'	1299
1294	(524, 159)	'原'	1300
1295	(261, 129)	'！'	1301
1296	(343, 814)	' every'	1302
1297	(358, 129)	'证'	1303
1298	(303, 675)	' though'	1304
1299	(337, 153)	'给'	1305
1300	(791, 532)	' again'	1306
1301	(349, 151)	'南'	1307
1302	(337, 147)	'结'	1308
1303	(440, 132)	'规'	1309
1304	(49, 50)	'12'	1310
1305	(308, 293)	'ical'	1311
1306	(457, 191)	'线'	1312
1307	(260, 150)	'世'	1313
1308	(561, 131)	'较'	1314
1309	(325, 143)	'戏'	1315
1310	(281, 115)	'iss'	1316
1311	(299, 137)	'光'	1317
1312	(32, 548)	' our'	1318
1313	(382, 115)	'vers'	1319
1314	(344, 191)	'势'	1320
1315	(286, 753)	' make'	1321
1316	(679, 139)	'立'	1322
1317	(229, 131)	b'\xe5\x83'	1323
1318	(1045, 1098)	' because'	1324
1319	(302, 132)	'处'	1325
1320	(299, 136)	'先'	1326
1321	(942, 740)	'投资'	1327
1322	(631, 188)	'值'	1328
1323	(275, 322)	'ition'	1329
1324	(352, 112)	'amp'	1330
1325	(216, 175)	'د'	1331
1326	(315, 159)	'星'	1332
1327	(264, 473)	' sup'	1333
1328	(502, 143)	'每'	1334
1329	(552, 285)	' does'	1335
1330	(337, 132)	'组'	1336
1331	(305, 626)	' last'	1337
1332	(315, 190)	'显'	1338
1333	(541, 168)	'推'	1339
1334	(1063, 680)	'记者'	1340
1335	(274, 107)	'ank'	1341
1336	(319, 142)	'低'	1342
1337	(276, 121)	'ory'	1343
1338	(286, 982)	' much'	1344
1339	(335, 190)	'图'	1345
1340	(278, 114)	' cr'	1346
1341	(274, 99)	'anc'	1347
1342	(32, 399)	' ke'	1348
1343	(337, 173)	'续'	1349
1344	(881, 128)	'需'	1350
1345	(705, 116)	'rent'	1351
1346	(564, 598)	'他们'	1352
1347	(718, 175)	'路'	1353
1348	(208, 178)	'в'	1354
1349	(343, 860)	' even'	1355
1350	(405, 188)	'导'	1356
1351	(794, 156)	'胜'	1357
1352	(101, 107)	'ek'	1358
1353	(266, 110)	' then'	1359
1354	(49, 49)	'11'	1360
1355	(723, 136)	'消'	1361
1356	(735, 138)	b' \xe1\x8a'	1362
1357	(429, 169)	'彩'	1363
1358	(229, 139)	b'\xe5\x8b'	1364
1359	(797, 100)	' add'	1365
1360	(438, 180)	'整'	1366
1361	(995, 171)	'士'	1367
1362	(225, 186)	b'\xe1\xba'	1368
1363	(349, 129)	'十'	1369
1364	(102, 477)	'fore'	1370
1365	(233, 170)	b'\xe9\xaa'	1371
1366	(1084, 148)	'演'	1372
1367	(821, 139)	'程'	1373
1368	(338, 148)	'—'	1374
1369	(863, 175)	'息'	1375
1370	(101, 103)	'eg'	1376
1371	(410, 141)	'再'	1377
1372	(334, 115)	'ents'	1378
1373	(264, 402)	' sec'	1379
1374	(467, 798)	'时间'	1380
1375	(316, 676)	' game'	1381
1376	(487, 142)	'济'	1382
1377	(401, 185)	'她'	1383
1378	(227, 130)	b'\xe3\x82'	1384
1379	(394, 152)	'盘'	1385
1380	(991, 182)	'银'	1386
1381	(102, 1024)	'form'	1387
1382	(537, 135)	'े'	1388
1383	(504, 497)	' should'	1389
1384	(445, 190)	'放'	1390
1385	(105, 107)	'ik'	1391
1386	(742, 107)	'uck'	1392
1387	(394, 180)	'直'	1393
1388	(231, 150)	b'\xe7\x96'	1394
1389	(707, 130)	'求'	1395
1390	(1317, 143)	'像'	1396
1391	(303, 114)	' thr'	1397
1392	(507, 167)	'欧'	1398
1393	(51, 48)	'30'	1399
1394	(499, 112)	'ump'	1400
1395	(229, 178)	b'\xe5\xb2'	1401
1396	(380, 163)	'季'	1402
1397	(277, 117)	' bu'	1403
1398	(300, 118)	' inv'	1404
1399	(392, 129)	'老'	1405
1400	(444, 116)	' att'	1406
1401	(271, 267)	'ater'	1407
1402	(413, 160)	'造'	1408
1403	(271, 285)	'ates'	1409
1404	(232, 132)	b'\xe8\x84'	1410
1405	(284, 450)	' pol'	1411
1406	(230, 187)	b'\xe6\xbb'	1412
1407	(997, 133)	'装'	1413
1408	(487, 129)	'流'	1414
1409	(274, 121)	'any'	1415
1410	(438, 153)	'教'	1416
1411	(108, 308)	'lic'	1417
1412	(337, 159)	'统'	1418
1413	(638, 107)	'ock'	1419
1414	(296, 163)	'口'	1420
1415	(711, 133)	'超'	1421
1416	(504, 345)	' show'	1422
1417	(330, 484)	'other'	1423
1418	(457, 166)	'约'	1424
1419	(291, 402)	' dec'	1425
1420	(422, 168)	'质'	1426
1421	(507, 190)	'款'	1427
1422	(447, 176)	'称'	1428
1423	(257, 119)	' aw'	1429
1424	(803, 980)	'表示'	1430
1425	(102, 116)	'ft'	1431
1426	(97, 122)	'az'	1432
1427	(230, 168)	b'\xe6\xa8'	1433
1428	(414, 176)	b' \xe0\xb0'	1434
1429	(440, 130)	'观'	1435
1430	(315, 147)	'易'	1436
1431	(32, 54)	' 6'	1437
1432	(280, 154)	'亚'	1438
1433	(938, 614)	'已经'	1439
1434	(556, 518)	'可能'	1440
1435	(841, 115)	' years'	1441
1436	(796, 185)	'项'	1442
1437	(98, 101)	'be'	1443
1438	(280, 191)	'亿'	1444
1439	(1155, 172)	'马'	1445
1440	(335, 155)	'四'	1446
1441	(268, 328)	' way'	1447
1442	(476, 137)	'拉'	1448
1443	(208, 179)	'г'	1449
1444	(407, 139)	'王'	1450
1445	(53, 48)	'50'	1451
1446	(291, 892)	' down'	1452
1447	(664, 283)	' going'	1453
1448	(389, 160)	'张'	1454
1449	(614, 1376)	'经济'	1455
1450	(265, 116)	'ont'	1456
1451	(835, 623)	'目前'	1457
1452	(316, 330)	' got'	1458
1453	(50, 654)	'201'	1459
1454	(385, 406)	' still'	1460
1455	(792, 140)	'界'	1461
1456	(310, 332)	'omet'	1462
1457	(356, 114)	' Tr'	1463
1458	(298, 182)	'件'	1464
1459	(668, 926)	' under'	1465
1460	(349, 135)	'升'	1466
1461	(414, 182)	b' \xe0\xb6'	1467
1462	(339, 191)	'广'	1468
1463	(313, 140)	'完'	1469
1464	(670, 166)	'车'	1470
1465	(10005, 179)	'米'	1471
1466	(694, 773)	'产品'	1472
1467	(914, 130)	'节'	1473
1468	(445, 175)	'支'	1474
1469	(230, 130)	b'\xe6\x82'	1475
1470	(512, 109)	' comm'	1476
1471	(363, 129)	'企'	1477
1472	(434, 612)	' right'	1478
1473	(105, 331)	'ily'	1479
1474	(421, 312)	' well'	1480
1475	(299, 177)	'共'	1481
1476	(346, 283)	' being'	1482
1477	(547, 132)	'预'	1483
1478	(275, 116)	'itt'	1484
1479	(870, 165)	'知'	1485
1480	(398, 110)	'urn'	1486
1481	(296, 139)	'友'	1487
1482	(346, 1364)	' before'	1488
1483	(32, 236)	b' \xec'	1489
1484	(286, 642)	' most'	1490
1485	(706, 419)	'美国'	1491
1486	(368, 166)	'带'	1492
1487	(290, 170)	'未'	1493
1488	(271, 431)	'atch'	1494
1489	(119, 110)	'wn'	1495
1490	(231, 139)	b'\xe7\x8b'	1496
1491	(117, 581)	'ually'	1497
1492	(363, 160)	'传'	1498
1493	(281, 101)	'ise'	1499
1494	(1064, 352)	' team'	1500
1495	(265, 115)	'ons'	1501
1496	(1071, 173)	'热'	1502
1497	(108, 105)	'li'	1503
1498	(230, 165)	b'\xe6\xa5'	1504
1499	(232, 177)	b'\xe8\xb1'	1505
1500	(109, 274)	'man'	1506
1501	(448, 161)	'校'	1507
1502	(117, 543)	'uct'	1508
1503	(111, 330)	'oot'	1509
1504	(230, 174)	b'\xe6\xae'	1510
1505	(545, 1022)	'发展'	1511
1506	(282, 108)	' fl'	1512
1507	(32, 1161)	' ک'	1513
1508	(407, 169)	'玩'	1514
1509	(560, 283)	'aking'	1515
1510	(32, 55)	' 7'	1516
1511	(98, 320)	'ble'	1517
1512	(302, 135)	'备'	1518
1513	(325, 183)	'户'	1519
1514	(415, 128)	'技'	1520
1515	(716, 529)	'进行'	1521
1516	(931, 168)	'票'	1522
1517	(462, 460)	'这个'	1523
1518	(108, 673)	'lud'	1524
1519	(379, 108)	'sel'	1525
1520	(349, 161)	'卡'	1526
1521	(1047, 183)	'获'	1527
1522	(233, 159)	b'\xe9\x9f'	1528
1523	(333, 109)	' rem'	1529
1524	(1097, 141)	'配'	1530
1525	(384, 134)	'准'	1531
1526	(108, 112)	'lp'	1532
1527	(314, 97)	' na'	1533
1528	(957, 957)	'\xa0\xa0'	1534
1529	(278, 621)	' call'	1535
1530	(72, 101)	'He'	1536
1531	(482, 138)	'告'	1537
1532	(230, 163)	b'\xe6\xa3'	1538
1533	(120, 116)	'xt'	1539
1534	(449, 133)	'际'	1540
1535	(451, 177)	'山'	1541
1536	(298, 133)	'仅'	1542
1537	(547, 134)	'领'	1543
1538	(516, 171)	'快'	1544
1539	(258, 433)	'ince'	1545
1540	(363, 152)	'优'	1546
1541	(284, 104)	' ph'	1548
1542	(1134, 1309)	'游戏'	1549
1543	(271, 283)	'ating'	1550
1544	(954, 177)	'爱'	1551
1545	(429, 162)	'形'	1552
1546	(296, 141)	'反'	1553
1547	(296, 136)	'又'	1554
1548	(846, 128)	'销'	1555
1549	(398, 283)	'uring'	1556
1550	(290, 141)	'服'	1557
1551	(118, 283)	'ving'	1558
1552	(384, 160)	'几'	1559
1553	(536, 115)	'oss'	1560
1554	(290, 175)	'术'	1561
1555	(298, 189)	'份'	1562
1556	(97, 383)	'air'	1563
1557	(291, 285)	' des'	1564
1558	(523, 148)	'气'	1565
1559	(311, 144)	'运'	1566
1560	(1040, 1286)	'北京'	1567
1561	(278, 111)	' co'	1568
1562	(231, 133)	b'\xe7\x85'	1569
1563	(965, 332)	'arket'	1570
1564	(696, 263)	' where'	1571
1565	(288, 103)	'arg'	1572
1566	(349, 138)	'半'	1573
1567	(437, 115)	' ass'	1574
1568	(286, 265)	' mon'	1575
1569	(293, 115)	'als'	1576
1570	(414, 174)	b' \xe0\xae'	1577
1571	(438, 136)	'效'	1578
1572	(272, 336)	'的一'	1579
1573	(387, 141)	'才'	1580
1574	(273, 112)	'oup'	1581
1575	(115, 115)	'ss'	1582
1576	(343, 109)	' em'	1583
1577	(291, 97)	' da'	1584
1578	(32, 32)	'  '	1585
1579	(842, 660)	'工作'	1586
1580	(472, 48)	' 10'	1587
1581	(230, 185)	b'\xe6\xb9'	1588
1582	(230, 186)	b'\xe6\xba'	1589
1583	(32, 209)	b' \xd1'	1590
1584	(793, 139)	'始'	1591
1585	(227, 131)	b'\xe3\x83'	1592
1586	(230, 144)	b'\xe6\x90'	1593
1587	(799, 134)	'集'	1594
1588	(231, 138)	b'\xe7\x8a'	1595
1589	(395, 176)	'走'	1596
1590	(381, 1526)	' help'	1597
1591	(73, 110)	'In'	1598
1592	(216, 179)	'س'	1599
1593	(284, 1058)	' poin'	1600
1594	(432, 133)	'包'	1601
1595	(112, 101)	'pe'	1602
1596	(302, 170)	'太'	1603
1597	(344, 159)	'功'	1604
1598	(229, 168)	b'\xe5\xa8'	1605
1599	(898, 186)	'空'	1606
1600	(440, 134)	'视'	1607
1601	(358, 157)	'话'	1608
1602	(296, 140)	'双'	1609
1603	(329, 188)	'尼'	1610
1604	(108, 285)	'les'	1611
1605	(290, 155)	'望'	1612
1606	(1195, 174)	'售'	1613
1607	(476, 141)	'拍'	1614
1608	(385, 603)	' start'	1615
1609	(117, 285)	'ues'	1616
1610	(10005, 187)	'类'	1617
1611	(750, 135)	'均'	1618
1612	(296, 130)	'参'	1619
1613	(105, 111)	'io'	1620
1614	(300, 100)	' ind'	1621
1615	(451, 133)	'居'	1622
1616	(319, 143)	'住'	1623
1617	(282, 258)	' fin'	1624
1618	(32, 814)	' very'	1625
1619	(1471, 553)	'企业'	1626
1620	(311, 158)	'连'	1627
1621	(385, 114)	' str'	1628
1622	(121, 115)	'ys'	1629
1623	(514, 115)	' cons'	1630
1624	(360, 186)	'论'	1631
1625	(451, 128)	'局'	1632
1626	(448, 135)	'标'	1633
1627	(640, 350)	'就是'	1634
1628	(1246, 190)	'精'	1635
1629	(563, 159)	'真'	1636
1630	(232, 168)	b'\xe8\xa8'	1637
1631	(286, 328)	' may'	1638
1632	(232, 133)	b'\xe8\x85'	1639
1633	(1037, 136)	'案'	1640
1634	(271, 104)	'ath'	1641
1635	(303, 972)	' those'	1642
1636	(415, 138)	'把'	1643
1637	(422, 173)	'购'	1644
1638	(1144, 1219)	'问题'	1645
1639	(279, 99)	'enc'	1646
1640	(264, 1456)	' somet'	1647
1641	(231, 151)	b'\xe7\x97'	1648
1642	(692, 155)	'供'	1649
1643	(459, 265)	'erson'	1650
1644	(351, 144)	'乐'	1651
1645	(554, 102)	' def'	1652
1646	(360, 174)	'议'	1653
1647	(49, 53)	'15'	1654
1648	(1127, 177)	'深'	1655
1649	(309, 153)	'则'	1656
1650	(411, 110)	'tern'	1657
1651	(867, 165)	'查'	1658
1652	(97, 97)	'aa'	1659
1653	(1391, 675)	' through'	1660
1654	(446, 101)	'ife'	1661
1655	(231, 143)	b'\xe7\x8f'	1662
1656	(422, 159)	'负'	1663
1657	(445, 185)	'改'	1664
1658	(358, 183)	'请'	1665
1659	(985, 171)	'火'	1666
1660	(256, 753)	' take'	1667
1661	(743, 110)	' Un'	1668
1662	(230, 162)	b'\xe6\xa2'	1669
1663	(105, 120)	'ix'	1670
1664	(368, 136)	'师'	1671
1665	(893, 148)	'研'	1672
1666	(286, 258)	' min'	1673
1667	(323, 191)	'ि'	1674
1668	(99, 310)	'com'	1675
1669	(454, 165)	'步'	1676
1670	(89, 273)	'You'	1677
1671	(32, 772)	' use'	1678
1672	(49, 46)	'1.'	1679
1673	(104, 110)	'hn'	1680
1674	(372, 191)	'板'	1681
1675	(441, 293)	'ational'	1682
1676	(286, 1102)	' made'	1683
1677	(333, 103)	' reg'	1684
1678	(32, 608)	' end'	1685
1679	(625, 133)	'清'	1686
1680	(381, 263)	' here'	1687
1681	(349, 179)	'即'	1688
1682	(426, 591)	' happ'	1689
1683	(275, 671)	'ities'	1690
1684	(632, 121)	' try'	1691
1685	(275, 287)	'ited'	1692
1686	(268, 114)	' wr'	1694
1687	(430, 186)	'်'	1695
1688	(264, 109)	' sm'	1696
1689	(282, 375)	' fun'	1697
1690	(1287, 580)	b'\xe0\xaf\x8d\xe0\xae'	1698
1691	(305, 408)	' loo'	1699
1692	(232, 140)	b'\xe8\x8c'	1700
1693	(301, 104)	'ash'	1701
1694	(848, 1076)	'如果'	1702
1695	(362, 135)	'采'	1703
1696	(230, 154)	b'\xe6\x9a'	1704
1697	(1427, 161)	'模'	1705
1698	(410, 179)	'决'	1706
1699	(711, 179)	'足'	1707
1700	(376, 858)	' And'	1708
1701	(284, 642)	' post'	1709
1702	(97, 120)	'ax'	1710
1703	(417, 114)	' Br'	1711
1704	(32, 56)	' 8'	1712
1705	(103, 114)	'gr'	1713
1706	(32, 586)	b' \xe1\x88'	1714
1707	(195, 169)	'é'	1715
1708	(305, 748)	' long'	1716
1709	(702, 133)	' م'	1717
1710	(263, 321)	'rest'	1718
1711	(259, 110)	'hen'	1719
1712	(933, 112)	' imp'	1720
1713	(410, 181)	'况'	1721
1714	(358, 173)	'语'	1722
1715	(403, 158)	'州'	1723
1716	(117, 293)	'ual'	1724
1717	(345, 267)	'ower'	1725
1718	(263, 348)	'read'	1726
1719	(563, 129)	'省'	1727
1720	(525, 178)	'防'	1729
1721	(323, 176)	'र'	1730
1722	(843, 190)	'难'	1731
1723	(291, 328)	' day'	1732
1724	(413, 159)	'速'	1733
1725	(351, 176)	'买'	1734
1726	(490, 923)	' New'	1735
1727	(406, 322)	'illion'	1736
1728	(97, 106)	'aj'	1737
1729	(619, 357)	'现在'	1738
1730	(309, 155)	'创'	1739
1731	(313, 185)	'容'	1740
1732	(289, 112)	' op'	1741
1733	(537, 128)	'ी'	1742
1734	(829, 746)	' around'	1743
1735	(260, 148)	'且'	1744
1736	(110, 121)	'ny'	1745
1737	(407, 175)	'环'	1746
1738	(305, 1083)	' look'	1747
1739	(470, 101)	' We'	1748
1740	(352, 285)	'ames'	1749
1741	(278, 288)	' car'	1750
1742	(409, 962)	' while'	1751
1743	(349, 154)	'博'	1752
1744	(1268, 174)	'确'	1753
1745	(358, 149)	'试'	1754
1746	(301, 287)	'ased'	1755
1747	(225, 140)	b'\xe1\x8c'	1756
1748	(343, 118)	' ev'	1757
1749	(792, 153)	'留'	1758
1750	(232, 173)	b'\xe8\xad'	1759
1751	(87, 101)	'We'	1760
1752	(313, 131)	'它'	1761
1753	(472, 57)	' 19'	1762
1754	(291, 105)	' di'	1763
1755	(319, 149)	'何'	1764
1756	(302, 141)	'复'	1765
1757	(440, 129)	'见'	1766
1758	(579, 534)	'学生'	1767
1759	(209, 139)	'ы'	1768
1760	(229, 153)	b'\xe5\x99'	1769
1761	(118, 287)	'ved'	1770
1762	(417, 370)	' But'	1771
1763	(108, 505)	'land'	1772
1764	(735, 139)	b' \xe1\x8b'	1773
1765	(606, 190)	'ા'	1774
1766	(346, 108)	' bel'	1775
1767	(231, 170)	b'\xe7\xaa'	1776
1768	(267, 116)	'ert'	1777
1769	(421, 1352)	' week'	1778
1770	(111, 107)	'ok'	1779
1771	(908, 420)	'因为'	1780
1772	(871, 160)	'素'	1781
1773	(97, 324)	'ave'	1782
1774	(330, 104)	'oth'	1783
1775	(320, 543)	'lect'	1784
1776	(305, 330)	' lot'	1785
1777	(305, 97)	' la'	1786
1778	(670, 172)	'转'	1787
1779	(233, 190)	b'\xe9\xbe'	1788
1780	(1380, 529)	'银行'	1789
1781	(725, 190)	'社'	1790
1782	(278, 259)	' che'	1791
1783	(843, 143)	'随'	1792
1784	(434, 375)	' run'	1793
1785	(478, 334)	'ement'	1794
1786	(264, 676)	' same'	1795
1787	(112, 114)	'pr'	1796
1788	(268, 258)	' win'	1797
1789	(298, 128)	'什'	1798
1790	(457, 162)	'红'	1799
1791	(116, 265)	'ton'	1800
1792	(49, 56)	'18'	1801
1793	(931, 158)	'神'	1802
1794	(940, 273)	' You'	1803
1795	(293, 101)	'ale'	1804
1796	(368, 140)	'希'	1805
1797	(918, 121)	' many'	1806
1798	(291, 114)	' dr'	1807
1799	(274, 729)	'ange'	1808
1800	(382, 110)	'vern'	1809
1801	(344, 158)	'办'	1810
1802	(84, 815)	'That'	1811
1803	(280, 148)	'五'	1812
1804	(115, 104)	'sh'	1813
1805	(508, 175)	' د'	1814
1806	(340, 183)	'男'	1815
1807	(302, 177)	'失'	1816
1808	(343, 288)	' ear'	1817
1809	(344, 169)	'助'	1818
1810	(515, 283)	'thing'	1819
1811	(620, 695)	'方面'	1820
1812	(558, 151)	'林'	1821
1813	(709, 467)	'同时'	1822
1814	(32, 57)	' 9'	1823
1815	(440, 146)	'角'	1824
1816	(380, 152)	'存'	1825
1817	(233, 165)	b'\xe9\xa5'	1826
1818	(578, 1153)	'resident'	1827
1819	(566, 190)	'া'	1828
1820	(112, 276)	'por'	1829
1821	(724, 1411)	'ublic'	1830
1822	(376, 108)	' Al'	1831
1823	(503, 704)	'ан'	1832
1824	(440, 137)	'觉'	1833
1825	(264, 724)	' sub'	1834
1826	(289, 1489)	' own'	1835
1827	(264, 332)	' set'	1836
1828	(112, 104)	'ph'	1837
1829	(99, 334)	'cent'	1838
1830	(342, 153)	'料'	1839
1831	(723, 168)	'涨'	1840
1832	(1300, 321)	' against'	1841
1833	(229, 161)	b'\xe5\xa1'	1842
1834	(264, 861)	' says'	1843
1835	(337, 180)	'维'	1844
1836	(119, 630)	'ward'	1845
1837	(867, 144)	'某'	1846
1838	(316, 1125)	' great'	1847
1839	(439, 140)	'牌'	1848
1840	(577, 150)	'策'	1849
1841	(48, 46)	'0.'	1850
1842	(412, 156)	'府'	1851
1843	(1640, 1081)	' something'	1852
1844	(333, 108)	' rel'	1853
1845	(711, 138)	'越'	1854
1846	(541, 146)	'排'	1855
1847	(354, 104)	' Sh'	1856
1848	(274, 110)	'ann'	1857
1849	(1109, 427)	'今年'	1858
1850	(1231, 526)	' feel'	1859
1851	(266, 379)	' these'	1860
1852	(447, 175)	'积'	1861
1853	(618, 165)	'ụ'	1862
1854	(358, 132)	'评'	1863
1855	(646, 119)	'iew'	1864
1856	(914, 177)	'花'	1865
1857	(657, 1584)	'开始'	1866
1858	(105, 121)	'iy'	1867
1859	(1562, 167)	'照'	1868
1860	(373, 285)	'imes'	1869
1861	(677, 348)	' lead'	1870
1862	(411, 115)	'ters'	1871
1863	(431, 1244)	'chool'	1872
1864	(230, 146)	b'\xe6\x92'	1873
1865	(394, 138)	'益'	1874
1866	(297, 475)	' high'	1875
1867	(419, 492)	'国家'	1876
1868	(101, 102)	'ef'	1877
1869	(525, 191)	'阿'	1878
1870	(517, 382)	' never'	1879
1871	(898, 182)	'究'	1880
1872	(372, 161)	'条'	1881
1873	(275, 115)	'its'	1882
1874	(278, 1218)	' count'	1883
1875	(400, 579)	'大学'	1884
1876	(288, 431)	'arch'	1885
1877	(119, 97)	'wa'	1886
1878	(560, 285)	'akes'	1887
1879	(1568, 515)	' month'	1888
1880	(389, 149)	'引'	1889
1881	(739, 175)	'景'	1890
1882	(49, 54)	'16'	1891
1883	(1003, 141)	'్'	1892
1884	(1201, 411)	' better'	1893
1885	(1226, 420)	'认为'	1894
1886	(1760, 168)	'器'	1895
1887	(1044, 737)	" didn't"	1896
1888	(679, 153)	'站'	1897
1889	(333, 983)	' report'	1898
1890	(303, 1008)	' three'	1899
1891	(448, 185)	'根'	1900
1892	(264, 678)	' sure'	1901
1893	(1498, 188)	'楼'	1902
1894	(1582, 144)	'源'	1903
1895	(118, 285)	'ves'	1904
1896	(648, 178)	'育'	1905
1897	(1307, 1455)	'世界'	1906
1898	(229, 132)	b'\xe5\x84'	1907
1899	(1021, 149)	'ን'	1908
1900	(264, 398)	' sur'	1909
1901	(449, 144)	'限'	1910
1902	(264, 1539)	' since'	1911
1903	(647, 151)	'罗'	1912
1904	(339, 133)	'幅'	1913
1905	(558, 132)	'构'	1914
1906	(49, 52)	'14'	1915
1907	(115, 265)	'son'	1916
1908	(101, 101)	'ee'	1917
1909	(1032, 165)	'营'	1918
1910	(465, 129)	'态'	1919
1911	(333, 116)	' ret'	1920
1912	(45, 45)	'--'	1921
1913	(1158, 135)	'ে'	1922
1914	(449, 141)	'降'	1923
1915	(277, 369)	' big'	1924
1916	(274, 682)	'anks'	1925
1917	(1177, 281)	'This'	1926
1918	(1373, 1091)	' second'	1927
1919	(631, 153)	'候'	1928
1920	(308, 115)	'ics'	1929
1921	(700, 928)	'比赛'	1930
1922	(273, 379)	'ouse'	1931
1923	(195, 160)	'à'	1932
1924	(647, 174)	'置'	1933
1925	(107, 97)	'ka'	1934
1926	(1667, 323)	b'\xe0\xa4\xbf\xe0\xa4'	1935
1927	(101, 856)	'eah'	1936
1928	(510, 114)	' Fr'	1937
1929	(309, 146)	'划'	1938
1930	(291, 1549)	' during'	1939
1931	(231, 175)	b'\xe7\xaf'	1940
1932	(256, 267)	' ter'	1941
1933	(410, 155)	'军'	1942
1934	(508, 168)	' ب'	1943
1935	(32, 334)	' ent'	1944
1936	(1687, 430)	b'\xe1\x80\xba\xe1\x80'	1945
1937	(288, 97)	'ara'	1946
1938	(813, 308)	' offic'	1947
1939	(403, 180)	'巴'	1948
1940	(32, 430)	b' \xe1\x80'	1949
1941	(119, 861)	'ways'	1950
1942	(271, 116)	'att'	1951
1943	(1271, 1079)	'非常'	1952
1944	(973, 320)	'ible'	1953
1945	(384, 187)	'击'	1954
1946	(692, 191)	'便'	1955
1947	(350, 336)	'是一'	1956
1948	(102, 528)	'ful'	1957
1949	(1025, 189)	'白'	1958
1950	(110, 267)	'ner'	1959
1951	(259, 115)	'hes'	1960
1952	(98, 114)	'br'	1961
1953	(446, 308)	'ific'	1962
1954	(558, 129)	'极'	1963
1955	(46, 83)	'.S'	1964
1956	(698, 138)	'්'	1965
1957	(231, 140)	b'\xe7\x8c'	1966
1958	(480, 608)	'riend'	1967
1959	(282, 752)	' find'	1968
1960	(449, 164)	'除'	1969
1961	(478, 896)	'ember'	1970
1962	(483, 180)	'致'	1971
1963	(335, 162)	'团'	1972
1964	(571, 420)	'成为'	1973
1965	(1261, 132)	'摄'	1974
1966	(1135, 953)	'设计'	1975
1967	(1519, 102)	'self'	1976
1968	(400, 272)	'大的'	1977
1969	(372, 131)	'权'	1978
1970	(1789, 1173)	'什么'	1979
1971	(1457, 1394)	' Trump'	1980
1972	(706, 662)	'美元'	1981
1973	(264, 108)	' sl'	1982
1974	(487, 139)	'测'	1983
1975	(1038, 367)	" It's"	1984
1976	(363, 151)	'众'	1985
1977	(284, 370)	' put'	1986
1978	(423, 115)	'uss'	1987
1979	(1630, 128)	'言'	1988
1980	(332, 115)	'ets'	1989
1981	(878, 1713)	'情况'	1990
1982	(844, 1011)	'价格'	1991
1983	(232, 158)	b'\xe8\x9e'	1992
1984	(337, 136)	'终'	1993
1985	(116, 996)	'tty'	1994
1986	(741, 350)	'还是'	1995
1987	(1028, 112)	' resp'	1996
1988	(511, 1281)	' season'	1997
1989	(50, 46)	'2.'	1998
1990	(277, 485)	' best'	1999
1991	(888, 336)	'第一'	2000
1992	(49, 51)	'13'	2001
1993	(451, 158)	'属'	2002
1994	(256, 293)	' tal'	2003
1995	(524, 134)	'历'	2004
1996	(309, 151)	'列'	2005
1997	(1398, 485)	' invest'	2006
1998	(208, 183)	'з'	2007
1999	(282, 352)	' fam'	2008
2000	(300, 115)	' ins'	2009
2001	(297, 600)	' home'	2010
2002	(284, 1643)	' person'	2011
2003	(286, 1563)	' market'	2012
2004	(466, 48)	' 20'	2013
2005	(372, 142)	'李'	2014
2006	(1898, 191)	'儿'	2015
2007	(468, 971)	'以及'	2016
2008	(893, 129)	'码'	2017
2009	(887, 951)	'电影'	2018
2010	(333, 348)	' read'	2019
2011	(602, 209)	b'\xd0\xb8\xd1'	2020
2012	(32, 122)	' z'	2021
2013	(934, 653)	'通过'	2022
2014	(645, 178)	'洲'	2023
2015	(371, 1103)	" you're"	2024
2016	(286, 287)	' med'	2025
2017	(1504, 181)	'段'	2026
2018	(225, 141)	b'\xe1\x8d'	2027
2019	(462, 1087)	'这样'	2028
2020	(1508, 492)	'玩家'	2029
2021	(629, 190)	'ਾ'	2030
2022	(279, 267)	'ener'	2031
2023	(308, 285)	'ices'	2032
2024	(366, 367)	" that's"	2033
2025	(1750, 166)	'警'	2034
2026	(105, 267)	'ier'	2035
2027	(783, 350)	'但是'	2036
2028	(522, 331)	'ably'	2037
2029	(333, 293)	' real'	2038
2030	(230, 133)	b'\xe6\x85'	2039
2031	(1124, 721)	'活动'	2040
2032	(575, 141)	'响'	2041
2033	(299, 176)	'兰'	2042
2034	(516, 133)	'必'	2043
2035	(707, 159)	'江'	2044
2036	(195, 188)	'ü'	2045
2037	(356, 815)	' That'	2046
2038	(268, 97)	' wa'	2047
2039	(559, 100)	' prod'	2048
2040	(449, 169)	'险'	2049
2041	(793, 148)	'委'	2050
2042	(343, 108)	' el'	2051
2043	(121, 321)	'yst'	2052
2044	(388, 128)	'往'	2053
2045	(643, 115)	'ments'	2054
2046	(1196, 367)	"It's"	2055
2047	(521, 568)	'对于'	2056
2048	(232, 143)	b'\xe8\x8f'	2057
2049	(306, 139)	'國'	2058
2050	(702, 136)	' و'	2059
2051	(994, 1842)	'政府'	2060
2052	(1089, 308)	'meric'	2061
2053	(360, 184)	'许'	2062
2054	(631, 186)	'债'	2063
2055	(10008, 1190)	' diffe'	2064
2056	(277, 423)	' bus'	2065
2057	(194, 183)	'·'	2066
2058	(32, 235)	b' \xeb'	2067
2059	(103, 274)	'gan'	2068
2060	(1499, 161)	'象'	2069
2061	(99, 574)	'cess'	2070
2062	(372, 144)	'材'	2071
2063	(432, 187)	'医'	2072
2064	(336, 1005)	'一些'	2073
2065	(342, 173)	'断'	2074
2066	(105, 287)	'ied'	2075
2067	(305, 1080)	' love'	2076
2068	(108, 287)	'led'	2077
2069	(271, 484)	'ather'	2078
2070	(1983, 141)	'融'	2079
2071	(449, 136)	'陈'	2080
2072	(1344, 555)	'需要'	2081
2073	(559, 118)	' prov'	2082
2074	(1213, 744)	'管理'	2083
2075	(947, 543)	'irect'	2084
2076	(256, 480)	' tri'	2085
2077	(271, 637)	'ative'	2086
2078	(384, 143)	'减'	2087
2079	(303, 283)	' thing'	2088
2080	(1765, 606)	b'\xe0\xaa\xbe\xe0\xaa'	2089
2081	(644, 190)	'曾'	2090
2082	(405, 140)	'富'	2091
2083	(566, 176)	'র'	2092
2084	(386, 350)	'不是'	2093
2085	(539, 694)	'地产'	2094
2086	(495, 396)	'到了'	2095
2087	(528, 288)	'ular'	2096
2088	(828, 576)	'很多'	2097
2089	(476, 169)	'择'	2098
2090	(229, 160)	b'\xe5\xa0'	2099
2091	(730, 390)	'其中'	2100
2092	(258, 97)	'ina'	2101
2093	(216, 168)	'ب'	2102
2094	(376, 114)	' Ar'	2103
2095	(345, 115)	'ows'	2104
2096	(233, 173)	b'\xe9\xad'	2105
2097	(288, 109)	'arm'	2106
2098	(278, 398)	' cur'	2107
2099	(927, 1829)	' percent'	2108
2100	(294, 110)	' ann'	2109
2101	(50, 53)	'25'	2110
2102	(104, 97)	'ha'	2111
2103	(469, 191)	' п'	2112
2104	(418, 636)	'ility'	2113
2105	(419, 1534)	'国际'	2114
2106	(618, 139)	'ị'	2115
2107	(310, 109)	'omm'	2116
2108	(422, 162)	'财'	2117
2109	(569, 187)	'治'	2118
2110	(385, 673)	' stud'	2119
2111	(409, 121)	' why'	2120
2112	(280, 137)	'争'	2121
2113	(401, 151)	'套'	2122
2114	(1665, 1871)	'研究'	2123
2115	(209, 150)	'і'	2124
2116	(708, 557)	'部分'	2125
2117	(1096, 780)	'增长'	2126
2118	(537, 139)	'ो'	2127
2119	(664, 1800)	' govern'	2128
2120	(297, 505)	' hand'	2129
2121	(296, 166)	'另'	2130
2122	(859, 159)	'食'	2131
2123	(296, 178)	'史'	2132
2124	(697, 287)	'ected'	2133
2125	(476, 191)	'拿'	2134
2126	(278, 548)	' cour'	2135
2127	(10001, 151)	'算'	2136
2128	(613, 121)	' They'	2137
2129	(236, 157)	b'\xec\x9d'	2138
2130	(487, 170)	'浪'	2139
2131	(625, 175)	'港'	2140
2132	(1365, 140)	'验'	2141
2133	(661, 479)	" can't"	2142
2134	(655, 555)	'主要'	2143
2135	(111, 120)	'ox'	2144
2136	(342, 189)	'施'	2145
2137	(517, 1533)	' next'	2146
2138	(401, 135)	'奇'	2147
2139	(627, 902)	'ان'	2148
2140	(49, 55)	'17'	2149
2141	(349, 180)	'却'	2150
2142	(486, 619)	'出现'	2151
2143	(101, 382)	'ever'	2152
2144	(429, 149)	'录'	2153
2145	(258, 574)	'iness'	2154
2146	(370, 101)	'ute'	2155
2147	(117, 757)	'uff'	2156
2148	(99, 107)	'ck'	2157
2149	(1436, 835)	'项目'	2158
2150	(32, 945)	' с'	2159
2151	(323, 168)	'न'	2160
2152	(302, 159)	'够'	2161
2153	(381, 348)	' head'	2162
2154	(272, 350)	'的是'	2163
2155	(1406, 161)	'满'	2164
2156	(471, 178)	'า'	2165
2157	(108, 759)	'line'	2166
2158	(337, 169)	'绩'	2167
2159	(1217, 156)	'喜'	2168
2160	(470, 104)	' Wh'	2169
2161	(482, 189)	'命'	2170
2162	(114, 308)	'ric'	2171
2163	(293, 515)	'alth'	2172
2164	(97, 105)	'ai'	2173
2165	(1019, 1985)	' pretty'	2174
2166	(469, 186)	' к'	2175
2167	(529, 553)	'行业'	2176
2168	(276, 107)	'ork'	2177
2169	(514, 102)	' conf'	2178
2170	(685, 374)	' world'	2179
2171	(1154, 2089)	'选择'	2180
2172	(462, 1005)	'这些'	2181
2173	(56, 48)	'80'	2182
2174	(300, 321)	' inst'	2183
2175	(103, 332)	'get'	2184
2176	(503, 747)	'ар'	2185
2177	(397, 932)	'人民'	2186
2178	(561, 185)	'边'	2187
2179	(277, 1774)	' both'	2188
2180	(274, 527)	'ants'	2189
2181	(278, 320)	' cle'	2190
2182	(413, 130)	'适'	2192
2183	(276, 515)	'orth'	2193
2184	(208, 177)	'б'	2194
2185	(1032, 189)	'落'	2195
2186	(450, 968)	'olog'	2196
2187	(496, 101)	' Re'	2197
2188	(279, 379)	'ense'	2198
2189	(229, 130)	b'\xe5\x82'	2199
2190	(547, 157)	'额'	2200
2191	(512, 101)	' come'	2201
2192	(110, 97)	'na'	2202
2193	(412, 149)	'底'	2203
2194	(646, 374)	'ield'	2204
2195	(10006, 109)	"I'm"	2205
2196	(534, 1124)	'生活'	2206
2197	(1779, 153)	'龙'	2207
2198	(219, 146)	'ے'	2208
2199	(735, 137)	b' \xe1\x89'	2209
2200	(282, 923)	' few'	2210
2201	(345, 283)	'owing'	2211
2202	(380, 151)	'字'	2212
2203	(298, 141)	'仍'	2213
2204	(1883, 570)	b'\xe0\xb1\x8d\xe0\xb0'	2214
2205	(292, 374)	' told'	2215
2206	(1123, 930)	' ال'	2216
2207	(391, 265)	' Mon'	2217
2208	(1132, 177)	'钱'	2219
2209	(297, 489)	' hop'	2220
2210	(316, 108)	' gl'	2221
2211	(117, 578)	'ures'	2222
2212	(480, 98)	'rib'	2223
2213	(582, 1941)	' always'	2224
2214	(318, 102)	' If'	2225
2215	(264, 982)	' such'	2226
2216	(1329, 737)	" doesn't"	2227
2217	(323, 149)	'क'	2228
2218	(232, 145)	b'\xe8\x91'	2229
2219	(467, 1919)	'时候'	2230
2220	(1478, 320)	'ittle'	2231
2221	(739, 174)	'普'	2232
2222	(330, 116)	'ott'	2233
2223	(922, 287)	' used'	2234
2224	(580, 191)	'ி'	2235
2225	(208, 185)	'й'	2236
2226	(719, 121)	'ody'	2237
2227	(348, 97)	'ada'	2238
2228	(590, 350)	'也是'	2239
2229	(264, 1100)	' sign'	2240
2230	(1025, 190)	'百'	2241
2231	(570, 191)	'ి'	2242
2232	(1202, 279)	'ween'	2243
2233	(109, 115)	'ms'	2244
2234	(1342, 766)	' keep'	2245
2235	(1164, 1491)	' actually'	2246
2236	(376, 2052)	' Americ'	2247
2237	(330, 101)	'ote'	2248
2238	(351, 166)	'书'	2249
2239	(274, 97)	'ana'	2250
2240	(805, 131)	'境'	2251
2241	(258, 115)	'ins'	2252
2242	(275, 293)	'ital'	2253
2243	(698, 146)	'ි'	2254
2244	(355, 115)	' iss'	2255
2245	(87, 815)	'What'	2256
2246	(117, 107)	'uk'	2257
2247	(33, 33)	'!!'	2258
2248	(1035, 281)	' This'	2259
2249	(97, 728)	'ared'	2260
2250	(101, 120)	'ex'	2261
2251	(425, 104)	'outh'	2262
2252	(589, 149)	' क'	2263
2253	(383, 100)	'ird'	2264
2254	(219, 129)	'ہ'	2265
2255	(1593, 116)	' point'	2266
2256	(376, 110)	' An'	2267
2257	(422, 167)	'货'	2268
2258	(260, 190)	'举'	2269
2259	(368, 129)	'币'	2270
2260	(951, 2032)	'影响'	2271
2261	(10003, 55)	' 2017'	2272
2262	(68, 65)	'DA'	2273
2263	(282, 746)	' found'	2274
2264	(263, 109)	'rem'	2275
2265	(232, 170)	b'\xe8\xaa'	2276
2266	(313, 152)	'官'	2277
2267	(104, 801)	'hip'	2278
2268	(305, 1108)	' law'	2279
2269	(219, 144)	'ې'	2280
2270	(278, 935)	' care'	2281
2271	(670, 187)	'轻'	2282
2272	(478, 115)	'ems'	2283
2273	(109, 287)	'med'	2284
2274	(267, 110)	'ern'	2285
2275	(343, 757)	' eff'	2286
2276	(337, 167)	'继'	2287
2277	(229, 169)	b'\xe5\xa9'	2288
2278	(1126, 99)	' disc'	2289
2279	(327, 97)	' ya'	2290
2280	(292, 112)	' top'	2291
2281	(276, 110)	'orn'	2292
2282	(289, 98)	' ob'	2293
2283	(288, 105)	'ari'	2294
2284	(1282, 187)	'离'	2295
2285	(309, 184)	'券'	2296
2286	(87, 104)	'Wh'	2297
2287	(531, 101)	' Le'	2298
2288	(309, 135)	'切'	2299
2289	(271, 97)	'ata'	2300
2290	(570, 190)	'ా'	2301
2291	(297, 630)	' hard'	2302
2292	(857, 1409)	' company'	2303
2293	(864, 181)	'ት'	2304
2294	(286, 1143)	' mov'	2305
2295	(278, 334)	' cent'	2306
2296	(412, 167)	'座'	2307
2297	(309, 157)	'初'	2308
2298	(197, 159)	'ş'	2309
2299	(294, 1417)	' another'	2310
2300	(282, 548)	' four'	2311
2301	(306, 159)	'土'	2312
2302	(885, 153)	'香'	2313
2303	(1588, 182)	'状'	2314
2304	(1201, 2232)	' between'	2315
2305	(879, 129)	'ு'	2316
2306	(277, 348)	' bad'	2317
2307	(303, 1242)	' things'	2318
2308	(341, 169)	'早'	2319
2309	(1049, 283)	'ording'	2320
2310	(385, 271)	' stat'	2321
2311	(73, 102)	'If'	2322
2312	(305, 638)	' loc'	2323
2313	(39, 312)	"'ll"	2324
2314	(318, 858)	' Ind'	2325
2315	(272, 397)	'的人'	2326
2316	(800, 468)	'所以'	2327
2317	(51, 46)	'3.'	2328
2318	(713, 402)	' spec'	2329
2319	(1214, 132)	'黄'	2330
2320	(264, 1863)	' school'	2331
2321	(476, 155)	'招'	2332
2322	(1050, 135)	'ે'	2333
2323	(349, 171)	'卫'	2334
2324	(288, 115)	'ars'	2335
2325	(291, 480)	' dri'	2336
2326	(513, 162)	'波'	2337
2327	(1092, 568)	'由于'	2338
2328	(286, 478)	' mem'	2339
2329	(503, 209)	b'\xd0\xb0\xd1'	2340
2330	(498, 159)	'域'	2341
2331	(386, 653)	'不过'	2342
2332	(1259, 189)	'虽'	2343
2333	(1732, 279)	' open'	2344
2334	(10002, 324)	" I've"	2345
2335	(313, 157)	'宝'	2346
2336	(318, 115)	' Is'	2347
2337	(365, 1575)	'ross'	2348
2338	(871, 162)	'索'	2349
2339	(208, 191)	'п'	2350
2340	(278, 1073)	' coll'	2351
2341	(657, 545)	'开发'	2352
2342	(525, 179)	'阳'	2353
2343	(660, 420)	'作为'	2354
2344	(302, 174)	'央'	2355
2345	(833, 140)	'职'	2356
2346	(305, 1654)	' life'	2357
2347	(97, 117)	'au'	2358
2348	(230, 189)	b'\xe6\xbd'	2359
2349	(278, 651)	' cap'	2360
2350	(677, 103)	' leg'	2361
2351	(1235, 665)	'使用'	2362
2352	(492, 1146)	'家具'	2363
2353	(230, 147)	b'\xe6\x93'	2364
2354	(692, 139)	'例'	2365
2355	(592, 116)	' ext'	2366
2356	(1766, 646)	' belie'	2367
2357	(385, 519)	' state'	2368
2358	(838, 1002)	'数据'	2369
2359	(230, 191)	b'\xe6\xbf'	2370
2360	(690, 121)	'oney'	2371
2361	(314, 499)	' num'	2372
2362	(116, 116)	'tt'	2373
2363	(401, 165)	'奥'	2374
2364	(541, 167)	'控'	2375
2365	(46, 1668)	'.com'	2376
2366	(2224, 580)	b'\xe0\xae\xbf\xe0\xae'	2377
2367	(451, 130)	'层'	2378
2368	(282, 1958)	' friend'	2379
2369	(298, 139)	'介'	2380
2370	(2156, 471)	b'\xe0\xb8\xb2\xe0\xb8'	2381
2371	(309, 154)	'刚'	2382
2372	(692, 157)	'依'	2383
2373	(302, 171)	'夫'	2384
2374	(825, 555)	'重要'	2385
2375	(639, 274)	' mean'	2386
2376	(992, 57)	'2009'	2387
2377	(54, 48)	'60'	2388
2378	(281, 322)	'ision'	2389
2379	(108, 574)	'less'	2390
2380	(320, 1053)	'lease'	2391
2381	(352, 97)	'ama'	2392
2382	(281, 527)	'ists'	2393
2383	(1362, 185)	'ẹ'	2394
2384	(340, 179)	'申'	2395
2385	(390, 272)	'中的'	2396
2386	(98, 2028)	'bably'	2397
2387	(422, 163)	'责'	2398
2388	(277, 275)	' bit'	2399
2389	(267, 105)	'eri'	2400
2390	(311, 156)	'远'	2401
2391	(351, 160)	'习'	2402
2392	(50, 52)	'24'	2403
2393	(32, 90)	' Z'	2404
2394	(469, 177)	' б'	2405
2395	(286, 612)	' might'	2406
2396	(870, 173)	'短'	2407
2397	(319, 179)	'佳'	2408
2398	(1057, 1369)	'信息'	2409
2399	(305, 2220)	' little'	2410
2400	(329, 189)	'尽'	2411
2401	(1282, 143)	'福'	2412
2402	(100, 100)	'dd'	2413
2403	(545, 619)	'发现'	2414
2404	(445, 187)	'攻'	2415
2405	(229, 170)	b'\xe5\xaa'	2416
2406	(349, 143)	'协'	2417
2407	(118, 691)	'vice'	2418
2408	(363, 164)	'伤'	2419
2409	(282, 1073)	' foll'	2420
2410	(507, 162)	'欢'	2421
2411	(718, 140)	'跌'	2422
2412	(101, 728)	'ered'	2423
2413	(1225, 272)	'自己的'	2424
2414	(978, 1574)	' group'	2425
2415	(870, 179)	'石'	2426
2416	(286, 719)	' mod'	2427
2417	(500, 99)	'ounc'	2428
2418	(1355, 1256)	'消费'	2429
2419	(317, 166)	'否'	2430
2420	(397, 272)	'人的'	2431
2421	(286, 1727)	' million'	2432
2422	(1521, 667)	'获得'	2433
2423	(109, 258)	'min'	2434
2424	(1692, 131)	'范'	2435
2425	(821, 179)	'稳'	2436
2426	(32, 287)	' ed'	2437
2427	(412, 183)	'康'	2438
2428	(387, 190)	'找'	2439
2429	(305, 332)	' let'	2440
2430	(994, 1840)	'政策'	2441
2431	(257, 370)	' aut'	2442
2432	(291, 2075)	' direct'	2443
2433	(1718, 121)	'ready'	2444
2434	(457, 179)	'纳'	2445
2435	(284, 328)	' pay'	2446
2436	(946, 1642)	'提供'	2447
2437	(1250, 489)	'velop'	2448
2438	(442, 406)	' kill'	2449
2439	(1767, 129)	'突'	2450
2440	(1931, 174)	'篮'	2451
2441	(32, 117)	' u'	2452
2442	(300, 411)	' inter'	2453
2443	(394, 145)	'监'	2454
2444	(551, 137)	'按'	2455
2445	(284, 1018)	' pass'	2456
2446	(669, 186)	'為'	2457
2447	(121, 609)	'year'	2458
2448	(360, 175)	'讯'	2459
2449	(1682, 279)	' happen'	2460
2450	(380, 169)	'孩'	2461
2451	(257, 118)	' av'	2462
2452	(611, 955)	' place'	2463
2453	(596, 1262)	' child'	2464
2454	(279, 103)	'eng'	2465
2455	(670, 174)	'轮'	2466
2456	(1438, 662)	'亿元'	2467
2457	(632, 818)	' trans'	2468
2458	(349, 160)	'占'	2469
2459	(259, 263)	'here'	2470
2460	(45, 116)	'-t'	2471
2461	(442, 752)	' kind'	2472
2462	(375, 100)	'und'	2473
2463	(299, 180)	'兴'	2474
2464	(1332, 980)	'显示'	2475
2465	(110, 285)	'nes'	2476
2466	(39, 324)	"'ve"	2477
2467	(316, 637)	' give'	2478
2468	(79, 78)	'ON'	2479
2469	(264, 107)	' sk'	2480
2470	(274, 101)	'ane'	2481
2471	(1004, 258)	' contin'	2482
2472	(49, 424)	'100'	2483
2473	(386, 709)	'不同'	2484
2474	(413, 129)	'送'	2485
2475	(627, 216)	b'\xd8\xa7\xd8'	2486
2476	(715, 587)	'之后'	2487
2477	(258, 285)	'ines'	2488
2478	(264, 373)	' sim'	2489
2479	(289, 374)	' old'	2490
2480	(286, 1310)	' miss'	2491
2481	(342, 188)	'於'	2492
2482	(726, 350)	'都是'	2493
2483	(743, 1955)	' U.S'	2494
2484	(335, 180)	'围'	2495
2485	(291, 332)	' det'	2496
2486	(280, 178)	'亲'	2497
2487	(803, 619)	'表现'	2498
2488	(115, 99)	'sc'	2499
2489	(296, 164)	'古'	2500
2490	(107, 287)	'ked'	2501
2491	(1468, 964)	'支持'	2502
2492	(338, 166)	'…'	2503
2493	(231, 191)	b'\xe7\xbf'	2504
2494	(2119, 643)	' government'	2505
2495	(121, 110)	'yn'	2507
2496	(874, 485)	' quest'	2508
2497	(1298, 116)	' thought'	2509
2498	(66, 370)	'But'	2510
2499	(271, 115)	'ats'	2511
2500	(1043, 103)	'ugg'	2513
2501	(730, 564)	'其他'	2514
2502	(412, 151)	'店'	2515
2503	(10003, 56)	' 2018'	2516
2504	(278, 276)	' cor'	2517
2505	(549, 174)	'修'	2518
2506	(105, 581)	'ially'	2519
2507	(32, 324)	' ve'	2520
2508	(231, 162)	b'\xe7\xa2'	2521
2509	(563, 188)	'眼'	2522
2510	(1327, 983)	' support'	2523
2511	(554, 112)	' dep'	2524
2512	(2055, 1345)	' different'	2525
2513	(109, 109)	'mm'	2526
2514	(233, 178)	b'\xe9\xb2'	2527
2515	(743, 83)	' US'	2528
2516	(286, 326)	' mid'	2529
2517	(454, 166)	'武'	2530
2518	(2021, 629)	b'\xe0\xa8\xbe\xe0\xa8'	2531
2519	(195, 161)	'á'	2532
2520	(299, 133)	'充'	2533
2521	(275, 283)	'iting'	2534
2522	(105, 1313)	'ivers'	2535
2523	(322, 293)	'ional'	2536
2524	(403, 174)	'差'	2537
2525	(462, 336)	'这一'	2538
2526	(360, 191)	'访'	2539
2527	(1522, 179)	'音'	2540
2528	(291, 478)	' dem'	2541
2529	(520, 272)	'来的'	2542
2530	(231, 134)	b'\xe7\x86'	2543
2531	(333, 112)	' rep'	2544
2532	(677, 1425)	' left'	2545
2533	(99, 265)	'con'	2546
2534	(582, 2433)	' already'	2547
2535	(313, 164)	'室'	2548
2536	(1003, 129)	'ు'	2549
2537	(718, 159)	'跟'	2550
2538	(52, 48)	'40'	2551
2539	(337, 134)	'细'	2552
2540	(1641, 133)	'病'	2553
2541	(509, 167)	'剧'	2554
2542	(273, 100)	'oud'	2556
2543	(700, 1308)	'比较'	2557
2544	(375, 636)	'unity'	2558
2545	(396, 336)	'了一'	2559
2546	(822, 101)	' inte'	2560
2547	(776, 272)	'好的'	2561
2548	(436, 104)	' Ph'	2562
2549	(727, 900)	'球队'	2563
2550	(377, 108)	' Cl'	2564
2551	(32, 196)	b' \xc4'	2565
2552	(433, 1121)	'cept'	2566
2553	(323, 130)	'ं'	2567
2554	(308, 581)	'ically'	2568
2555	(2332, 913)	'虽然'	2569
2556	(760, 1086)	' getting'	2570
2557	(281, 109)	'ism'	2571
2558	(524, 139)	'压'	2572
2559	(2056, 2145)	' business'	2573
2560	(518, 745)	'能力'	2574
2561	(957, 32)	'\xa0 '	2576
2562	(50, 51)	'23'	2577
2563	(116, 287)	'ted'	2578
2564	(108, 283)	'ling'	2579
2565	(540, 666)	'日本'	2580
2566	(888, 1152)	'第二'	2581
2567	(69, 82)	'ER'	2582
2568	(333, 321)	' rest'	2583
2569	(555, 1389)	'要求'	2584
2570	(289, 591)	' opp'	2585
2571	(739, 154)	'晚'	2586
2572	(400, 492)	'大家'	2587
2573	(333, 102)	' ref'	2588
2574	(877, 690)	' someone'	2589
2575	(893, 180)	'破'	2590
2576	(391, 328)	' May'	2591
2577	(542, 114)	' Gr'	2592
2578	(316, 1740)	' games'	2593
2579	(282, 418)	' fil'	2594
2580	(119, 119)	'ww'	2595
2581	(1819, 566)	b'\xe0\xa6\xbe\xe0\xa6'	2596
2582	(1796, 1605)	'希望'	2597
2583	(329, 154)	'尚'	2598
2584	(284, 1821)	' public'	2599
2585	(195, 167)	'ç'	2600
2586	(106, 697)	'ject'	2601
2587	(73, 78)	'IN'	2602
2588	(466, 424)	' 200'	2603
2589	(615, 111)	' Jo'	2604
2590	(713, 101)	' spe'	2605
2591	(820, 1212)	'关注'	2606
2592	(937, 101)	'ize'	2607
2593	(390, 852)	'中心'	2608
2594	(2359, 128)	'激'	2609
2595	(257, 383)	' air'	2610
2596	(372, 145)	'村'	2611
2597	(1410, 1896)	'教育'	2612
2598	(415, 164)	'护'	2613
2599	(668, 116)	' unt'	2614
2600	(386, 506)	'不会'	2615
2601	(1368, 1368)	'——'	2616
2602	(754, 177)	'න'	2617
2603	(517, 288)	' near'	2618
2604	(1405, 691)	' police'	2619
2605	(32, 81)	' Q'	2620
2606	(293, 102)	'alf'	2621
2607	(291, 526)	' del'	2622
2608	(1594, 10013)	'包括'	2623
2609	(405, 134)	'密'	2624
2610	(558, 144)	'析'	2625
2611	(300, 1381)	' inform'	2626
2612	(617, 114)	'istr'	2627
2613	(284, 288)	' par'	2628
2614	(741, 378)	'还有'	2629
2615	(230, 190)	b'\xe6\xbe'	2630
2616	(1214, 145)	'黑'	2631
2617	(871, 167)	'紧'	2632
2618	(121, 101)	'ye'	2633
2619	(416, 425)	' without'	2634
2620	(98, 459)	'bers'	2635
2621	(773, 1839)	'品牌'	2636
2622	(376, 115)	' As'	2638
2623	(1017, 1430)	'交易'	2639
2624	(231, 145)	b'\xe7\x91'	2640
2625	(1548, 1606)	'销售'	2641
2626	(271, 398)	'atur'	2642
2627	(1514, 1554)	'技术'	2643
2628	(472, 53)	' 15'	2644
2629	(114, 293)	'ral'	2645
2630	(300, 102)	' inf'	2646
2631	(282, 1255)	' full'	2647
2632	(781, 166)	'焦'	2648
2633	(343, 382)	' ever'	2649
2634	(10007, 283)	' including'	2650
2635	(1490, 172)	'独'	2651
2636	(2290, 570)	b'\xe0\xb0\xbe\xe0\xb0'	2652
2637	(1395, 129)	'岁'	2653
2638	(281, 287)	'ised'	2654
2639	(315, 168)	'昨'	2655
2640	(284, 1553)	' poss'	2656
2641	(1874, 836)	' country'	2657
2642	(2546, 1710)	' interest'	2658
2643	(1581, 150)	'湖'	2659
2644	(99, 99)	'cc'	2660
2645	(547, 145)	'频'	2661
2646	(625, 169)	'温'	2662
2647	(602, 704)	'ин'	2663
2648	(462, 1046)	'这种'	2664
2649	(117, 365)	'uro'	2665
2650	(2207, 809)	' Monday'	2666
2651	(323, 164)	'त'	2667
2652	(230, 166)	b'\xe6\xa6'	2668
2653	(282, 288)	' far'	2669
2654	(314, 612)	' night'	2670
2655	(278, 263)	' cre'	2671
2656	(710, 704)	'ен'	2672
2657	(428, 272)	'上的'	2673
2658	(277, 263)	' bre'	2674
2659	(508, 170)	' ت'	2675
2660	(32, 734)	' ide'	2676
2661	(792, 165)	'略'	2677
2662	(566, 191)	'ি'	2678
2663	(57, 48)	'90'	2679
2664	(995, 176)	'声'	2680
2665	(336, 1387)	'一直'	2681
2666	(607, 2130)	'新浪'	2682
2667	(872, 576)	'更多'	2683
2668	(469, 189)	' н'	2684
2669	(101, 348)	'ead'	2685
2670	(351, 137)	'义'	2686
2671	(284, 480)	' pri'	2687
2672	(2405, 146)	'媒'	2688
2673	(372, 190)	'松'	2689
2674	(454, 187)	'死'	2690
2675	(105, 399)	'ike'	2691
2676	(349, 150)	'卖'	2692
2677	(476, 165)	'拥'	2693
2678	(78, 111)	'No'	2694
2679	(857, 320)	' comple'	2695
2680	(65, 84)	'AT'	2696
2681	(343, 1775)	' elect'	2697
2682	(624, 164)	'群'	2698
2683	(536, 287)	'osed'	2699
2684	(326, 267)	'ider'	2700
2685	(1597, 518)	'功能'	2701
2686	(677, 626)	' least'	2702
2687	(320, 121)	'ley'	2703
2688	(10001, 128)	'简'	2704
2689	(519, 331)	'ately'	2705
2690	(469, 180)	' д'	2706
2691	(286, 2360)	' money'	2707
2692	(849, 48)	' 30'	2708
2693	(330, 111)	'oto'	2709
2694	(457, 170)	'纪'	2710
2695	(397, 988)	'人员'	2711
2696	(336, 771)	'一定'	2712
2697	(256, 866)	' tell'	2713
2698	(264, 275)	' sit'	2714
2699	(354, 259)	' She'	2715
2700	(417, 108)	' Bl'	2716
2701	(282, 1008)	' free'	2717
2702	(334, 322)	'ention'	2718
2703	(430, 172)	'ာ'	2719
2704	(552, 283)	' doing'	2720
2705	(491, 1077)	' job'	2721
2706	(559, 2386)	' probably'	2722
2707	(105, 105)	'ii'	2723
2708	(50, 50)	'22'	2724
2709	(511, 279)	' seen'	2725
2710	(516, 151)	'志'	2726
2711	(1550, 1122)	'服务'	2727
2712	(89, 1927)	'Yeah'	2728
2713	(705, 433)	'rence'	2729
2714	(32, 218)	b' \xda'	2730
2715	(514, 99)	' conc'	2731
2716	(119, 328)	'way'	2732
2717	(469, 178)	' в'	2733
2718	(427, 272)	'年的'	2734
2719	(388, 174)	'微'	2735
2720	(476, 133)	'担'	2736
2721	(1423, 328)	' away'	2737
2722	(388, 133)	'待'	2738
2723	(291, 861)	' days'	2739
2724	(368, 173)	'席'	2740
2725	(337, 157)	'绝'	2741
2726	(569, 185)	'油'	2742
2727	(1263, 553)	'专业'	2743
2728	(899, 662)	'万元'	2744
2729	(763, 186)	'艺'	2745
2730	(1781, 506)	'社会'	2746
2731	(383, 108)	'irl'	2747
2732	(98, 621)	'ball'	2748
2733	(504, 275)	' shit'	2749
2734	(428, 1068)	'上海'	2750
2735	(569, 179)	'河'	2751
2736	(286, 271)	' mat'	2752
2737	(260, 165)	'严'	2753
2738	(46, 53)	'.5'	2754
2739	(732, 162)	'换'	2755
2740	(232, 146)	b'\xe8\x92'	2756
2741	(901, 675)	' enough'	2757
2742	(620, 1026)	'方式'	2758
2743	(1598, 129)	'威'	2759
2744	(472, 50)	' 12'	2760
2745	(256, 1480)	' turn'	2761
2746	(355, 737)	" isn't"	2762
2747	(475, 527)	'ights'	2763
2748	(305, 617)	' list'	2764
2749	(69, 83)	'ES'	2765
2750	(83, 116)	'St'	2766
2751	(323, 178)	'ल'	2767
2752	(354, 111)	' So'	2768
2753	(707, 135)	'汇'	2769
2754	(349, 136)	'午'	2770
2755	(32, 285)	' es'	2771
2756	(746, 115)	'ounds'	2772
2757	(777, 660)	'合作'	2773
2758	(288, 114)	'arr'	2774
2759	(299, 173)	'六'	2775
2760	(452, 452)	'....'	2776
2761	(393, 165)	'补'	2777
2762	(65, 858)	'And'	2778
2763	(349, 177)	'危'	2779
2764	(658, 156)	'镜'	2780
2765	(944, 108)	' expl'	2781
2766	(333, 583)	' requ'	2782
2767	(97, 591)	'app'	2783
2768	(679, 158)	'竞'	2784
2769	(365, 112)	'rop'	2785
2770	(1999, 1473)	' family'	2786
2771	(716, 912)	'进入'	2787
2772	(393, 163)	'衣'	2788
2773	(1142, 334)	' recent'	2789
2774	(111, 348)	'oad'	2790
2775	(702, 190)	' پ'	2791
2776	(229, 152)	b'\xe5\x98'	2792
2777	(1586, 173)	'搭'	2793
2778	(458, 285)	'ages'	2794
2779	(118, 1855)	'view'	2795
2780	(1397, 1262)	' build'	2796
2781	(385, 505)	' stand'	2797
2782	(335, 173)	'园'	2798
2783	(381, 367)	" he's"	2799
2784	(316, 2022)	' gener'	2800
2785	(105, 728)	'ired'	2801
2786	(387, 185)	'批'	2802
2787	(630, 115)	'ards'	2803
2788	(439, 136)	'版'	2804
2789	(282, 915)	' fact'	2805
2790	(99, 111)	'co'	2806
2791	(546, 281)	' vis'	2807
2792	(894, 1810)	' anything'	2808
2793	(493, 146)	'青'	2809
2794	(557, 2610)	'分析'	2810
2795	(596, 288)	' char'	2811
2796	(1607, 1965)	'拍摄'	2812
2797	(354, 112)	' Sp'	2813
2798	(232, 147)	b'\xe8\x93'	2814
2799	(105, 334)	'ient'	2815
2800	(1691, 819)	' looking'	2816
2801	(908, 865)	'因此'	2817
2802	(343, 301)	' eas'	2818
2803	(1655, 173)	'班'	2819
2804	(554, 2437)	' develop'	2820
2805	(403, 166)	'左'	2821
2806	(309, 152)	'刘'	2822
2807	(343, 1006)	' each'	2823
2808	(268, 265)	' won'	2824
2809	(391, 288)	' Mar'	2825
2810	(829, 116)	' art'	2826
2811	(386, 518)	'不能'	2827
2812	(377, 274)	' Can'	2828
2813	(430, 177)	'ေ'	2829
2814	(32, 485)	' est'	2830
2815	(717, 165)	'健'	2831
2816	(305, 574)	' less'	2832
2817	(1264, 597)	'城市'	2833
2818	(1034, 115)	' news'	2834
2819	(1094, 128)	'ੀ'	2835
2820	(439, 155)	'牛'	2836
2821	(419, 812)	'国内'	2837
2822	(396, 1283)	'了解'	2838
2823	(354, 375)	' Sun'	2839
2824	(447, 187)	'移'	2840
2825	(317, 172)	'听'	2841
2826	(45, 98)	'-b'	2842
2827	(1397, 121)	' buy'	2843
2828	(945, 769)	'ст'	2844
2829	(395, 148)	'赔'	2845
2830	(297, 548)	' hour'	2846
2831	(97, 757)	'aff'	2847
2832	(398, 115)	'urs'	2848
2833	(436, 114)	' Pr'	2849
2834	(217, 130)	'ق'	2850
2835	(333, 1281)	' reason'	2851
2836	(800, 378)	'所有'	2852
2837	(586, 157)	'ም'	2853
2838	(471, 153)	'น'	2854
2839	(50, 54)	'26'	2855
2840	(509, 175)	'副'	2856
2841	(465, 157)	'思'	2857
2842	(284, 536)	' pos'	2858
2843	(269, 128)	'\u3000'	2859
2844	(284, 97)	' pa'	2860
2845	(1453, 48)	'2010'	2861
2846	(277, 301)	' bas'	2862
2847	(846, 153)	'错'	2863
2848	(1705, 352)	'gram'	2864
2849	(2276, 1343)	'继续'	2865
2850	(928, 1396)	'赛季'	2866
2851	(321, 505)	'stand'	2867
2852	(368, 174)	'帮'	2868
2853	(1085, 1412)	'系统'	2869
2854	(290, 168)	'木'	2870
2855	(264, 638)	' soc'	2871
2856	(565, 121)	'They'	2872
2857	(881, 178)	'露'	2873
2858	(340, 187)	'画'	2874
2859	(118, 1254)	'vious'	2875
2860	(281, 411)	'ister'	2876
2861	(98, 115)	'bs'	2877
2862	(402, 1673)	'echn'	2878
2863	(430, 175)	'ု'	2879
2864	(358, 137)	'诉'	2880
2865	(286, 279)	' men'	2881
2866	(296, 179)	'右'	2882
2867	(906, 969)	'报道'	2883
2868	(631, 141)	'倍'	2884
2869	(689, 1735)	'而且'	2885
2870	(448, 184)	'核'	2886
2871	(317, 131)	'吃'	2887
2872	(50, 56)	'28'	2888
2873	(1010, 263)	' incre'	2889
2874	(518, 2152)	'能够'	2890
2875	(370, 322)	'ution'	2891
2876	(916, 330)	' prot'	2892
2877	(562, 2070)	'金融'	2893
2878	(1532, 128)	'检'	2894
2879	(110, 574)	'ness'	2895
2880	(217, 129)	'ف'	2896
2881	(263, 116)	'ret'	2897
2882	(733, 419)	'全国'	2898
2883	(403, 168)	'巨'	2899
2884	(514, 100)	' cond'	2900
2885	(2262, 89)	'DAY'	2901
2886	(32, 769)	' т'	2902
2887	(807, 143)	'苏'	2903
2888	(830, 820)	'相关'	2904
2889	(298, 164)	'令'	2905
2890	(750, 151)	'块'	2906
2891	(720, 136)	'谈'	2907
2892	(297, 275)	' hit'	2908
2893	(677, 1250)	' level'	2909
2894	(358, 134)	'识'	2910
2895	(286, 332)	' met'	2911
2896	(264, 117)	' su'	2912
2897	(578, 334)	'resent'	2913
2898	(740, 562)	'资金'	2914
2899	(290, 139)	'朋'	2915
2900	(286, 418)	' mil'	2916
2901	(103, 267)	'ger'	2917
2902	(1529, 287)	' called'	2918
2903	(268, 1488)	' watch'	2919
2904	(385, 489)	' stop'	2920
2905	(111, 399)	'oke'	2921
2906	(794, 140)	'背'	2922
2907	(387, 191)	'承'	2923
2908	(1388, 145)	'疑'	2924
2909	(508, 179)	' س'	2925
2910	(229, 179)	b'\xe5\xb3'	2926
2911	(55, 48)	'70'	2927
2912	(937, 287)	'ized'	2928
2913	(57, 57)	'99'	2929
2914	(354, 99)	' Sc'	2930
2915	(797, 118)	' adv'	2931
2916	(195, 173)	'í'	2932
2917	(423, 287)	'used'	2933
2918	(2677, 378)	'拥有'	2934
2919	(874, 101)	' que'	2935
2920	(333, 100)	' red'	2936
2921	(293, 100)	'ald'	2937
2922	(339, 178)	'干'	2938
2923	(1096, 761)	'增加'	2939
2924	(413, 143)	'透'	2940
2925	(288, 411)	'arter'	2941
2926	(384, 128)	'净'	2942
2927	(32, 48)	' 0'	2943
2928	(286, 1878)	' makes'	2944
2929	(1581, 190)	'湾'	2945
2930	(278, 1053)	' case'	2946
2931	(2599, 418)	' until'	2947
2932	(286, 1509)	' making'	2948
2933	(454, 162)	'止'	2949
2934	(565, 263)	'There'	2950
2935	(216, 185)	'ع'	2952
2936	(627, 832)	'ار'	2953
2937	(611, 274)	' plan'	2954
2938	(256, 1860)	' times'	2955
2939	(953, 1929)	'计划'	2956
2940	(699, 1905)	'机构'	2957
2941	(422, 183)	'贷'	2958
2942	(72, 345)	'How'	2959
2943	(393, 128)	'血'	2960
2944	(464, 101)	' De'	2961
2945	(263, 279)	'reen'	2962
2946	(264, 119)	' sw'	2963
2947	(911, 2085)	'房地产'	2964
2948	(622, 320)	' able'	2965
2949	(410, 156)	'农'	2966
2950	(341, 143)	'族'	2967
2951	(503, 880)	'ал'	2968
2952	(277, 365)	' bro'	2969
2953	(1176, 107)	' took'	2970
2954	(99, 285)	'ces'	2971
2955	(516, 181)	'念'	2972
2956	(1204, 283)	' saying'	2973
2957	(10002, 312)	" I'll"	2974
2958	(698, 143)	'ා'	2975
2959	(679, 175)	'端'	2976
2960	(559, 102)	' prof'	2977
2961	(121, 109)	'ym'	2978
2962	(717, 156)	'停'	2979
2963	(1578, 1578)	'    '	2980
2964	(311, 189)	'追'	2981
2965	(554, 293)	' deal'	2982
2966	(564, 272)	'他的'	2983
2967	(46, 109)	'.m'	2984
2968	(579, 1501)	'学校'	2985
2969	(2672, 789)	'媒体'	2986
2970	(859, 158)	'飞'	2987
2971	(639, 332)	' meet'	2988
2972	(305, 1401)	' later'	2989
2973	(278, 1324)	' camp'	2990
2974	(349, 131)	'千'	2991
2975	(319, 153)	'余'	2992
2976	(675, 116)	'ought'	2993
2977	(346, 104)	' beh'	2994
2978	(1891, 1002)	'根据'	2995
2979	(678, 100)	'ured'	2996
2980	(42, 42)	'**'	2997
2981	(1243, 136)	'่'	2998
2982	(1768, 532)	'ertain'	2999
2983	(402, 104)	'ech'	3000
2984	(490, 2183)	' North'	3001
2985	(754, 186)	'ය'	3002
2986	(1099, 1151)	'应该'	3003
2987	(381, 2163)	' health'	3004
2988	(274, 105)	'ani'	3005
2989	(268, 334)	' went'	3006
2990	(545, 534)	'发生'	3007
2991	(423, 104)	'ush'	3008
2992	(195, 179)	'ó'	3009
2993	(589, 184)	' स'	3010
2994	(284, 626)	' past'	3011
2995	(1938, 839)	' official'	3012
2996	(10014, 111)	' video'	3013
2997	(278, 676)	' came'	3014
2998	(641, 114)	' Or'	3015
2999	(586, 173)	'ር'	3016
3000	(2181, 288)	' clear'	3018
3001	(326, 328)	'iday'	3019
3002	(436, 365)	' Pro'	3020
3003	(426, 1551)	' having'	3021
3004	(2899, 1481)	'朋友'	3022
3005	(69, 68)	'ED'	3023
3006	(280, 174)	'亮'	3024
3007	(645, 190)	'派'	3025
3008	(1684, 283)	' trying'	3026
3009	(232, 151)	b'\xe8\x97'	3027
3010	(2302, 2131)	'香港'	3028
3011	(398, 121)	'ury'	3029
3012	(116, 279)	'ten'	3030
3013	(2098, 1345)	' current'	3031
3014	(282, 353)	' fac'	3032
3015	(1050, 10017)	b'\xe0\xab\x8d\xe0\xaa'	3033
3016	(111, 265)	'oon'	3034
3017	(286, 1080)	' move'	3035
3018	(340, 154)	'甚'	3036
3019	(299, 141)	'免'	3037
3020	(97, 373)	'aim'	3038
3021	(917, 1291)	'特别'	3039
3022	(116, 259)	'the'	3040
3023	(503, 769)	'ат'	3041
3024	(103, 121)	'gy'	3042
3025	(438, 133)	'故'	3043
3026	(321, 114)	'str'	3044
3027	(699, 506)	'机会'	3045
3028	(284, 1717)	' power'	3046
3029	(264, 450)	' sol'	3047
3030	(793, 134)	'姆'	3048
3031	(39, 100)	"'d"	3049
3032	(820, 1085)	'关系'	3050
3033	(710, 747)	'ер'	3051
3034	(260, 180)	'临'	3052
3035	(496, 766)	' Rep'	3053
3036	(233, 186)	b'\xe9\xba'	3054
3037	(314, 676)	' name'	3055
3038	(99, 1290)	'ched'	3056
3039	(260, 189)	'丽'	3057
3040	(275, 484)	'ither'	3058
3041	(376, 109)	' Am'	3059
3042	(2611, 441)	' information'	3060
3043	(1171, 150)	'编'	3061
3044	(50, 49)	'21'	3062
3045	(291, 690)	' done'	3063
3046	(10015, 566)	b'\xe0\xa7\x8d\xe0\xa6'	3064
3047	(99, 108)	'cl'	3065
3048	(469, 190)	' о'	3066
3049	(2361, 896)	' number'	3067
3050	(1639, 121)	'ency'	3068
3051	(577, 190)	'签'	3069
3052	(65, 115)	'As'	3070
3053	(458, 817)	'ague'	3071
3054	(110, 116)	'nt'	3072
3055	(436, 1818)	' President'	3073
3056	(1232, 838)	'指数'	3074
3057	(375, 101)	'une'	3075
3058	(50, 55)	'27'	3076
3059	(358, 187)	'读'	3077
3060	(655, 550)	'主场'	3078
3061	(209, 140)	'ь'	3079
3062	(898, 191)	'穿'	3080
3063	(2305, 580)	b'\xe0\xaf\x81\xe0\xae'	3081
3064	(333, 433)	' rece'	3082
3065	(394, 159)	'盟'	3083
3066	(616, 191)	'愿'	3084
3067	(363, 188)	'似'	3085
3068	(1050, 128)	'ી'	3086
3069	(278, 642)	' cost'	3087
3070	(2615, 179)	'澳'	3088
3071	(799, 183)	'雷'	3089
3072	(490, 111)	' No'	3090
3073	(97, 102)	'af'	3091
3074	(1728, 276)	'ajor'	3092
3075	(65, 78)	'AN'	3093
3076	(284, 489)	' pop'	3094
3077	(469, 188)	' м'	3095
3078	(1000, 1135)	'建设'	3096
3079	(532, 287)	'ained'	3097
3080	(282, 637)	' five'	3098
3081	(330, 115)	'ots'	3099
3082	(922, 283)	' using'	3100
3083	(272, 2219)	'的时候'	3101
3084	(422, 165)	'败'	3102
3085	(697, 322)	'ection'	3104
3086	(663, 587)	'最后'	3105
3087	(629, 191)	'ਿ'	3106
3088	(112, 402)	'pec'	3107
3089	(313, 163)	'宣'	3108
3090	(313, 161)	'审'	3109
3091	(460, 397)	'个人'	3110
3092	(10003, 54)	' 2016'	3111
3093	(1183, 175)	'्य'	3112
3094	(981, 114)	' Chr'	3113
3095	(702, 134)	' ن'	3114
3096	(1217, 132)	'善'	3115
3097	(83, 111)	'So'	3116
3098	(32, 332)	' et'	3117
3099	(112, 115)	'ps'	3118
3100	(586, 141)	'ል'	3119
3101	(299, 184)	'典'	3120
3102	(309, 164)	'判'	3121
3103	(463, 345)	' How'	3122
3104	(278, 101)	' ce'	3123
3105	(265, 285)	'ones'	3124
3106	(375, 103)	'ung'	3125
3107	(720, 162)	'谢'	3126
3108	(933, 983)	' import'	3127
3109	(268, 293)	' wal'	3128
3110	(115, 734)	'side'	3129
3111	(313, 136)	'守'	3130
3112	(258, 293)	'inal'	3131
3113	(417, 101)	' Be'	3132
3114	(1179, 121)	' guy'	3133
3115	(258, 116)	'int'	3134
3116	(317, 167)	'吧'	3135
3117	(315, 165)	'春'	3136
3118	(977, 378)	'只有'	3137
3119	(111, 630)	'oard'	3138
3120	(108, 267)	'ler'	3139
3121	(286, 532)	' main'	3140
3122	(1094, 135)	'ੇ'	3141
3123	(387, 152)	'托'	3142
3124	(1166, 495)	'达到'	3143
3125	(45, 1240)	'-old'	3144
3126	(992, 56)	'2008'	3145
3127	(733, 727)	'全球'	3146
3128	(470, 815)	' What'	3147
3129	(1400, 633)	' attack'	3148
3130	(104, 276)	'hor'	3149
3131	(264, 734)	' side'	3150
3132	(468, 520)	'以来'	3151
3133	(944, 2389)	' experi'	3152
3134	(288, 283)	'aring'	3153
3135	(1879, 115)	' months'	3154
3136	(292, 809)	' today'	3155
3137	(105, 382)	'iver'	3156
3138	(2231, 570)	b'\xe0\xb0\xbf\xe0\xb0'	3157
3139	(615, 494)	' Just'	3158
3140	(332, 121)	'ety'	3159
3141	(397, 1361)	'人士'	3160
3142	(963, 459)	' players'	3161
3143	(268, 288)	' war'	3162
3144	(608, 283)	'ending'	3163
3145	(1114, 172)	'般'	3164
3146	(391, 99)	' Mc'	3165
3147	(1004, 365)	' contro'	3166
3148	(791, 111)	' ago'	3167
3149	(546, 293)	' val'	3168
3150	(462, 350)	'这是'	3169
3151	(256, 121)	' ty'	3170
3152	(391, 258)	' Min'	3171
3153	(1479, 969)	'知道'	3172
3154	(351, 142)	'乎'	3173
3155	(1502, 322)	'uction'	3174
3156	(708, 1191)	'部门'	3175
3157	(327, 332)	' yet'	3176
3158	(420, 396)	'为了'	3177
3159	(45, 102)	'-f'	3178
3160	(118, 2023)	'vices'	3179
3161	(297, 2606)	' half'	3180
3162	(278, 636)	' city'	3181
3163	(510, 276)	' For'	3182
3164	(1820, 527)	'ports'	3183
3165	(326, 285)	'ides'	3184
3166	(104, 352)	'ham'	3185
3167	(559, 2848)	' program'	3186
3168	(356, 10018)	' Tuesday'	3187
3169	(1415, 653)	'超过'	3188
3170	(1358, 146)	'勒'	3189
3171	(715, 336)	'之一'	3190
3172	(918, 458)	' manag'	3191
3173	(1355, 1369)	'消息'	3192
3174	(430, 173)	'ိ'	3193
3175	(349, 176)	'印'	3194
3176	(270, 174)	'皮'	3195
3177	(482, 179)	'味'	3196
3178	(672, 666)	'基本'	3197
3179	(360, 178)	'讲'	3199
3180	(281, 1290)	'ished'	3200
3181	(532, 115)	'ains'	3201
3182	(596, 1799)	' change'	3202
3183	(73, 83)	'IS'	3203
3184	(310, 112)	'omp'	3204
3185	(2863, 430)	b'\xe1\x80\xaf\xe1\x80'	3205
3186	(1405, 275)	' polit'	3206
3187	(10010, 279)	' women'	3207
3188	(256, 485)	' test'	3208
3189	(532, 283)	'aining'	3209
3190	(607, 272)	'新的'	3210
3191	(1802, 367)	"That's"	3211
3192	(337, 131)	'练'	3212
3193	(449, 134)	'陆'	3213
3194	(1359, 287)	' added'	3214
3195	(376, 100)	' Ad'	3215
3196	(1695, 665)	'采用'	3216
3197	(299, 154)	'党'	3217
3198	(1132, 159)	'钟'	3218
3199	(378, 820)	'有关'	3219
3200	(337, 141)	'绍'	3220
3201	(264, 283)	' sing'	3221
3202	(263, 352)	'ream'	3222
3203	(130, 570)	b'\x82\xe0\xb0'	3223
3204	(98, 121)	'by'	3224
3205	(284, 1818)	' president'	3225
3206	(472, 52)	' 14'	3226
3207	(754, 187)	'ර'	3227
3208	(502, 141)	'母'	3228
3209	(465, 142)	'怎'	3229
3210	(100, 115)	'ds'	3230
3211	(480, 285)	'ries'	3231
3212	(2384, 1658)	'申请'	3232
3213	(305, 759)	' line'	3233
3214	(300, 1650)	' intern'	3234
3215	(354, 101)	' Se'	3235
3216	(520, 751)	'来说'	3236
3217	(434, 97)	' ra'	3237
3218	(412, 173)	'庭'	3238
3219	(10012, 109)	' problem'	3239
3220	(209, 143)	'я'	3240
3221	(361, 1089)	' former'	3241
3222	(1995, 2123)	'历史'	3242
3223	(463, 475)	' High'	3243
3224	(613, 263)	' There'	3244
3225	(1188, 1360)	'调整'	3245
3226	(286, 423)	' mus'	3246
3227	(436, 108)	' Pl'	3247
3228	(1691, 682)	' looks'	3248
3229	(388, 139)	'律'	3249
3230	(596, 993)	' chance'	3250
3231	(627, 930)	'ال'	3251
3232	(1237, 2309)	' according'	3252
3233	(991, 129)	'铁'	3253
3234	(1211, 121)	'ney'	3254
3235	(326, 287)	'ided'	3255
3236	(1109, 767)	'今天'	3256
3237	(2277, 154)	'婚'	3257
3238	(1593, 527)	' points'	3258
3239	(470, 287)	' Wed'	3259
3240	(291, 352)	' dam'	3260
3241	(1194, 1180)	'ploy'	3261
3242	(428, 1831)	'上涨'	3262
3243	(109, 642)	'most'	3263
3244	(2533, 310)	'conom'	3264
3245	(673, 101)	'ude'	3265
3246	(702, 132)	' ل'	3266
3247	(588, 100)	' Ed'	3267
3248	(539, 910)	'地区'	3268
3249	(1824, 667)	'觉得'	3269
3250	(747, 649)	'ро'	3270
3251	(282, 947)	' fire'	3271
3252	(111, 276)	'oor'	3272
3253	(268, 752)	' wind'	3273
3254	(585, 324)	' live'	3274
3255	(216, 169)	'ة'	3275
3256	(321, 267)	'ster'	3276
3257	(117, 1070)	'uary'	3277
3258	(1025, 187)	'登'	3278
3259	(499, 98)	'umb'	3279
3260	(2551, 145)	' đ'	3280
3261	(216, 180)	'ش'	3281
3262	(546, 105)	' vi'	3282
3263	(1997, 369)	' investig'	3283
3264	(524, 191)	'县'	3284
3265	(1688, 621)	' small'	3285
3266	(237, 149)	b'\xed\x95'	3286
3267	(685, 819)	' working'	3287
3268	(286, 494)	' must'	3288
3269	(117, 287)	'ued'	3289
3270	(1540, 1314)	'优势'	3290
3271	(442, 326)	' kid'	3291
3272	(461, 187)	'闻'	3292
3273	(1041, 975)	'文化'	3293
3274	(725, 188)	'礼'	3294
3275	(257, 757)	' aff'	3295
3276	(830, 699)	'相机'	3296
3277	(323, 184)	'स'	3297
3278	(2447, 3125)	'year-old'	3298
3279	(286, 276)	' mor'	3299
3280	(414, 183)	b' \xe0\xb7'	3300
3281	(302, 143)	'夏'	3301
3282	(1748, 334)	' event'	3302
3283	(1128, 419)	'英国'	3303
3284	(264, 742)	' suc'	3305
3285	(276, 836)	'orry'	3306
3286	(297, 1240)	' hold'	3307
3287	(410, 178)	'冲'	3308
3288	(66, 65)	'BA'	3309
3289	(472, 56)	' 18'	3310
3290	(2703, 430)	b'\xe1\x80\xac\xe1\x80'	3311
3291	(2356, 324)	' believe'	3312
3292	(282, 477)	' fore'	3313
3293	(209, 135)	'ч'	3314
3294	(299, 187)	'养'	3315
3295	(376, 312)	' All'	3316
3296	(272, 400)	'的大'	3317
3297	(472, 49)	' 11'	3318
3298	(1062, 427)	'去年'	3319
3299	(2189, 168)	'储'	3320
3300	(209, 136)	'ш'	3321
3301	(279, 101)	'ene'	3322
3302	(311, 183)	'迷'	3323
3303	(2450, 784)	'孩子'	3324
3304	(656, 135)	'遇'	3325
3305	(442, 117)	' ku'	3326
3306	(1289, 2040)	'风险'	3327
3307	(410, 160)	'冠'	3328
3308	(260, 176)	'丰'	3329
3309	(1171, 186)	'缺'	3330
3310	(65, 80)	'AP'	3331
3311	(614, 744)	'经理'	3332
3312	(1233, 680)	'或者'	3333
3313	(317, 184)	'吸'	3334
3314	(471, 163)	'ร'	3335
3315	(336, 1669)	'一步'	3336
3316	(3018, 1078)	'甚至'	3337
3317	(596, 1016)	' chang'	3338
3318	(263, 119)	'rew'	3339
3319	(372, 128)	'杀'	3340
3320	(184, 430)	b'\xb8\xe1\x80'	3341
3321	(1146, 378)	'具有'	3342
3322	(595, 1198)	'公布'	3343
3323	(1487, 520)	'未来'	3344
3324	(1532, 174)	'森'	3345
3325	(32, 1129)	' ọ'	3346
3326	(32, 120)	' x'	3347
3327	(946, 601)	'提高'	3348
3328	(45, 100)	'-d'	3349
3329	(916, 310)	' prom'	3350
3330	(698, 128)	'ව'	3351
3331	(336, 1020)	'一起'	3352
3332	(471, 173)	'อ'	3353
3333	(438, 145)	'救'	3354
3334	(116, 105)	'ti'	3356
3335	(1275, 175)	'药'	3357
3336	(1259, 145)	'虑'	3358
3337	(469, 184)	' и'	3359
3338	(410, 153)	'写'	3360
3339	(405, 159)	'察'	3361
3340	(313, 179)	'害'	3362
3341	(796, 187)	'须'	3363
3342	(354, 2251)	' South'	3364
3343	(1136, 1865)	'收益'	3365
3344	(1817, 176)	'饰'	3366
3345	(591, 287)	'pped'	3367
3346	(1141, 48)	' 50'	3368
3347	(537, 129)	'ु'	3369
3348	(286, 310)	' mom'	3370
3349	(216, 178)	'ز'	3371
3350	(337, 135)	'织'	3372
3351	(1303, 1697)	'规模'	3373
3352	(79, 83)	'OS'	3374
3353	(2369, 3200)	'介绍'	3375
3354	(763, 175)	'良'	3376
3355	(289, 1121)	' opt'	3377
3356	(1093, 1516)	'股票'	3378
3357	(386, 2065)	'不断'	3379
3358	(32, 195)	b' \xc3'	3380
3359	(232, 150)	b'\xe8\x96'	3381
3360	(73, 84)	'IT'	3382
3361	(300, 106)	' inj'	3383
3362	(927, 1381)	' perform'	3384
3363	(1119, 110)	'ın'	3385
3364	(258, 99)	'inc'	3386
3365	(560, 279)	'aken'	3387
3366	(347, 433)	' once'	3388
3367	(109, 97)	'ma'	3389
3368	(2096, 148)	'魔'	3390
3369	(53, 424)	'500'	3391
3370	(103, 258)	'gin'	3392
3371	(271, 276)	'ator'	3393
3372	(447, 128)	'秀'	3394
3373	(717, 135)	'假'	3395
3374	(105, 276)	'ior'	3396
3375	(1321, 680)	'投资者'	3397
3376	(298, 147)	'仓'	3398
3377	(315, 160)	'映'	3399
3378	(774, 285)	'ives'	3400
3379	(1320, 534)	'先生'	3401
3380	(1066, 779)	'水平'	3402
3381	(116, 97)	'ta'	3403
3382	(264, 293)	' sal'	3404
3383	(284, 271)	' pat'	3405
3384	(667, 495)	'得到'	3406
3385	(32, 234)	b' \xea'	3407
3386	(387, 167)	'执'	3408
3387	(388, 129)	'征'	3409
3388	(323, 174)	'म'	3410
3389	(286, 3074)	' major'	3411
3390	(1216, 803)	'代表'	3412
3391	(864, 165)	'ብ'	3413
3392	(750, 154)	'坚'	3414
3393	(1239, 1173)	'那么'	3415
3394	(415, 152)	'折'	3416
3395	(286, 288)	' mar'	3417
3396	(2660, 97)	' idea'	3418
3397	(856, 97)	'aha'	3419
3398	(727, 988)	'球员'	3420
3399	(278, 97)	' ca'	3421
3400	(276, 527)	'orts'	3422
3401	(526, 115)	'els'	3423
3402	(718, 157)	'距'	3424
3403	(557, 1291)	'分别'	3425
3404	(370, 285)	'utes'	3426
3405	(845, 495)	'看到'	3427
3406	(393, 151)	'街'	3428
3407	(105, 106)	'ij'	3429
3408	(1661, 1685)	' United'	3430
3409	(1275, 144)	'荐'	3431
3410	(500, 996)	'ounty'	3432
3411	(351, 157)	'九'	3433
3412	(606, 168)	'ન'	3434
3413	(954, 134)	'爆'	3435
3414	(963, 283)	' playing'	3436
3415	(3239, 10021)	' Wednesday'	3437
3416	(1459, 2851)	' understand'	3438
3417	(108, 97)	'la'	3439
3418	(66, 67)	'BC'	3440
3419	(380, 184)	'學'	3441
3420	(775, 619)	'实现'	3442
3421	(65, 82)	'AR'	3443
3422	(650, 1103)	" they're"	3444
3423	(1085, 1996)	'系列'	3445
3424	(410, 183)	'冷'	3446
3425	(256, 2862)	' techn'	3447
3426	(511, 120)	' sex'	3448
3427	(1142, 1049)	' record'	3449
3428	(281, 283)	'ising'	3450
3429	(1599, 798)	'空间'	3451
3430	(111, 320)	'ole'	3452
3431	(2496, 322)	' question'	3453
3432	(603, 643)	'artment'	3454
3433	(638, 105)	'oci'	3455
3434	(289, 1279)	' oper'	3456
3435	(2662, 566)	b'\xe0\xa6\xbf\xe0\xa6'	3457
3436	(87, 866)	'Well'	3458
3437	(111, 757)	'off'	3459
3438	(79, 82)	'OR'	3460
3439	(268, 1401)	' water'	3461
3440	(345, 287)	'owed'	3462
3441	(658, 135)	'镇'	3463
3442	(2209, 101)	' hope'	3464
3443	(377, 334)	' Cent'	3465
3444	(1396, 804)	'季度'	3466
3445	(385, 1337)	' story'	3467
3446	(290, 157)	'朝'	3468
3447	(2042, 379)	' else'	3469
3448	(536, 112)	'osp'	3470
3449	(577, 145)	'筑'	3471
3450	(469, 176)	' а'	3472
3451	(978, 345)	' grow'	3473
3452	(534, 694)	'生产'	3474
3453	(264, 334)	' sent'	3475
3454	(477, 100)	'ored'	3476
3455	(1097, 146)	'酒'	3477
3456	(10016, 478)	' system'	3478
3457	(1645, 258)	' defin'	3479
3458	(196, 159)	'ğ'	3480
3459	(292, 116)	' tot'	3482
3460	(834, 972)	' close'	3483
3461	(98, 97)	'ba'	3484
3462	(418, 105)	'ili'	3485
3463	(264, 1663)	' six'	3486
3464	(1911, 1480)	' return'	3487
3465	(599, 1555)	'月份'	3488
3466	(73, 71)	'IG'	3489
3467	(377, 2107)	' Comm'	3490
3468	(267, 283)	'ering'	3491
3469	(2589, 1673)	' John'	3492
3470	(333, 320)	' rele'	3493
3471	(51, 53)	'35'	3494
3472	(382, 876)	'verage'	3495
3473	(121, 97)	'ya'	3496
3474	(299, 171)	'八'	3497
3475	(1392, 662)	'欧元'	3498
3476	(1001, 964)	'保持'	3499
3477	(577, 148)	'答'	3500
3478	(1047, 177)	'莱'	3501
3479	(482, 162)	'呢'	3503
3480	(1131, 365)	' appro'	3504
3481	(895, 1332)	'明显'	3505
3482	(891, 519)	' State'	3506
3483	(50, 57)	'29'	3507
3484	(389, 130)	'异'	3508
3485	(2624, 158)	'瑞'	3509
3486	(1749, 579)	'留学'	3510
3487	(1697, 1026)	'模式'	3511
3488	(235, 139)	b'\xeb\x8b'	3512
3489	(280, 145)	'云'	3513
3490	(372, 159)	'束'	3514
3491	(377, 265)	' Con'	3515
3492	(730, 775)	'其实'	3516
3493	(834, 1018)	' class'	3517
3494	(282, 999)	' fav'	3518
3495	(412, 134)	'庆'	3519
3496	(110, 287)	'ned'	3520
3497	(297, 499)	' hum'	3521
3498	(1392, 2014)	'欧洲'	3522
3499	(32, 88)	' X'	3523
3500	(882, 460)	'两个'	3524
3501	(602, 880)	'ил'	3525
3502	(645, 155)	'洛'	3526
3503	(646, 102)	'ief'	3527
3504	(111, 102)	'of'	3528
3505	(435, 737)	" wasn't"	3529
3506	(83, 259)	'She'	3530
3507	(512, 643)	' comment'	3531
3508	(275, 267)	'iter'	3532
3509	(589, 170)	' प'	3533
3510	(1808, 331)	' early'	3534
3511	(278, 494)	' cust'	3535
3512	(1296, 690)	' everyone'	3536
3513	(79, 110)	'On'	3538
3514	(232, 169)	b'\xe8\xa9'	3539
3515	(316, 2731)	' girl'	3540
3516	(1263, 492)	'专家'	3541
3517	(1864, 173)	'播'	3542
3518	(2312, 293)	' local'	3543
3519	(340, 178)	'甲'	3544
3520	(834, 3020)	' claim'	3545
3521	(352, 334)	'ament'	3546
3522	(2186, 121)	'ology'	3547
3523	(45, 99)	'-c'	3548
3524	(1278, 2929)	'台湾'	3549
3525	(2265, 158)	'語'	3550
3526	(282, 1386)	' fuck'	3551
3527	(282, 370)	' fut'	3552
3528	(358, 186)	'诺'	3553
3529	(488, 97)	' area'	3555
3530	(583, 101)	'que'	3556
3531	(510, 101)	' Fe'	3557
3532	(1737, 2240)	'环境'	3558
3533	(267, 121)	'ery'	3559
3534	(282, 955)	' face'	3560
3535	(1209, 1130)	'接受'	3561
3536	(2823, 809)	' Sunday'	3562
3537	(472, 51)	' 13'	3563
3538	(79, 104)	'Oh'	3564
3539	(1139, 503)	'да'	3565
3540	(632, 348)	' trad'	3566
3541	(281, 265)	'ison'	3567
3542	(311, 176)	'述'	3568
3543	(525, 181)	'阵'	3569
3544	(881, 135)	'震'	3570
3545	(350, 2419)	'是否'	3571
3546	(413, 128)	'退'	3572
3547	(280, 146)	'互'	3573
3548	(549, 131)	'促'	3574
3549	(916, 691)	' price'	3576
3550	(32, 113)	' q'	3577
3551	(985, 181)	'灵'	3578
3552	(329, 129)	'封'	3579
3553	(2453, 705)	' children'	3580
3554	(114, 915)	'ract'	3581
3555	(561, 147)	'输'	3582
3556	(323, 185)	'ह'	3583
3557	(486, 396)	'出了'	3584
3558	(1344, 1389)	'需求'	3585
3559	(468, 428)	'以上'	3586
3560	(719, 101)	'ode'	3587
3561	(375, 431)	'unch'	3588
3562	(663, 601)	'最高'	3589
3563	(79, 76)	'OL'	3590
3564	(446, 2066)	'ified'	3591
3565	(10002, 100)	" I'd"	3592
3566	(504, 1503)	' shoot'	3593
3567	(2798, 157)	'蓝'	3594
3568	(387, 169)	'扩'	3595
3569	(2039, 742)	' produc'	3596
3570	(1608, 287)	' started'	3597
3571	(546, 1248)	' vict'	3598
3572	(233, 134)	b'\xe9\x86'	3599
3573	(371, 1245)	' young'	3600
3574	(486, 272)	'出的'	3601
3575	(2522, 636)	'iversity'	3602
3576	(663, 1984)	'最终'	3603
3577	(715, 623)	'之前'	3604
3578	(385, 101)	' ste'	3605
3579	(593, 2059)	' organ'	3606
3580	(963, 287)	' played'	3607
3581	(1816, 357)	'存在'	3608
3582	(378, 1571)	'有效'	3609
3583	(1114, 170)	'航'	3610
3584	(298, 152)	'付'	3611
3585	(98, 1083)	'book'	3612
3586	(1333, 3409)	'推荐'	3613
3587	(356, 119)	' Tw'	3614
3588	(629, 176)	'ਰ'	3615
3589	(280, 171)	'享'	3616
3590	(67, 104)	'Ch'	3617
3591	(2159, 2410)	'喜欢'	3618
3592	(114, 651)	'rap'	3619
3593	(45, 48)	'-0'	3620
3594	(2805, 2866)	'左右'	3621
3595	(309, 186)	'刺'	3622
3596	(351, 133)	'久'	3623
3597	(970, 141)	'ው'	3624
3598	(317, 175)	'启'	3625
3599	(779, 1611)	'平均'	3626
3600	(287, 267)	'eder'	3627
3601	(472, 424)	' 100'	3628
3602	(1928, 3001)	' Friday'	3629
3603	(233, 185)	b'\xe9\xb9'	3630
3604	(114, 265)	'ron'	3631
3605	(288, 729)	'arge'	3632
3606	(1177, 1916)	'Thanks'	3633
3607	(256, 1702)	' tax'	3634
3608	(65, 108)	'Al'	3635
3609	(10022, 580)	b'\xe0\xae\xbe\xe0\xae'	3636
3610	(317, 171)	'含'	3638
3611	(117, 331)	'uly'	3639
3612	(52, 46)	'4.'	3640
3613	(45, 115)	'-s'	3641
3614	(1065, 1026)	'正式'	3642
3615	(754, 173)	'ත'	3643
3616	(3108, 604)	' important'	3644
3617	(361, 109)	' form'	3645
3618	(363, 166)	'伦'	3646
3619	(649, 1348)	'ов'	3647
3620	(336, 808)	'一次'	3648
3621	(52, 53)	'45'	3649
3622	(582, 748)	' along'	3650
3623	(824, 568)	'位于'	3651
3624	(1188, 1651)	'调查'	3652
3625	(1178, 733)	'安全'	3653
3626	(106, 1180)	'joy'	3654
3627	(415, 162)	'抢'	3655
3628	(394, 155)	'盛'	3656
3629	(108, 258)	'lin'	3657
3630	(105, 499)	'ium'	3658
3631	(1913, 566)	b'\xe0\xa7\x87\xe0\xa6'	3659
3632	(260, 131)	'七'	3660
3633	(653, 1367)	'过程'	3661
3634	(398, 636)	'urity'	3662
3635	(1686, 748)	' wrong'	3663
3636	(51, 49)	'31'	3664
3637	(569, 153)	'沙'	3665
3638	(641, 110)	' On'	3666
3639	(282, 1503)	' foot'	3667
3640	(65, 83)	'AS'	3668
3641	(303, 2253)	' third'	3669
3642	(2830, 115)	' hours'	3670
3643	(1294, 908)	'原因'	3671
3644	(1179, 574)	' guess'	3672
3645	(343, 3244)	' econom'	3673
3646	(308, 320)	'icle'	3674
3647	(1000, 3449)	'建筑'	3675
3648	(1621, 748)	' strong'	3676
3649	(472, 54)	' 16'	3677
3650	(117, 117)	'uu'	3678
3651	(305, 345)	' low'	3679
3652	(571, 1597)	'成功'	3680
3653	(336, 1087)	'一样'	3681
3654	(216, 140)	'،'	3682
3655	(707, 137)	'汉'	3683
3656	(589, 174)	' म'	3684
3657	(103, 111)	'go'	3685
3658	(2763, 699)	'危机'	3686
3659	(233, 184)	b'\xe9\xb8'	3687
3660	(45, 112)	'-p'	3688
3661	(802, 174)	'の'	3689
3662	(572, 138)	'惊'	3690
3663	(391, 274)	' Man'	3691
3664	(413, 144)	'逐'	3692
3665	(703, 331)	' likely'	3693
3666	(278, 370)	' cut'	3694
3667	(314, 105)	' ni'	3695
3668	(377, 288)	' Car'	3696
3669	(2016, 738)	' media'	3697
3670	(904, 2337)	' across'	3698
3671	(208, 182)	'ж'	3699
3672	(890, 331)	'itely'	3700
3673	(471, 129)	'ก'	3701
3674	(502, 149)	'毕'	3702
3675	(2418, 680)	'消费者'	3703
3676	(78, 330)	'Not'	3704
3677	(837, 832)	'ور'	3705
3678	(101, 121)	'ey'	3706
3679	(1889, 287)	' reported'	3707
3680	(970, 173)	'ይ'	3708
3681	(447, 129)	'私'	3709
3682	(391, 121)	' My'	3710
3683	(796, 186)	'顺'	3711
3684	(1588, 175)	'犯'	3712
3685	(258, 819)	'inking'	3713
3686	(2451, 1030)	' avail'	3714
3687	(848, 1755)	'如何'	3715
3688	(1626, 1525)	'标准'	3716
3689	(377, 636)	' City'	3717
3690	(954, 182)	'父'	3718
3691	(277, 621)	' ball'	3719
3692	(436, 450)	' Pol'	3720
3693	(389, 185)	'弹'	3721
3694	(888, 873)	'第三'	3722
3695	(264, 423)	' sus'	3723
3696	(339, 149)	'幕'	3724
3697	(943, 367)	" there's"	3725
3698	(284, 330)	' pot'	3726
3699	(446, 121)	'ify'	3727
3700	(961, 386)	'并不'	3728
3701	(398, 431)	'urch'	3729
3702	(588, 2649)	' Euro'	3730
3703	(740, 694)	'资产'	3731
3704	(559, 2061)	' process'	3732
3705	(463, 1922)	' House'	3733
3706	(2121, 786)	'另外'	3734
3707	(608, 287)	'ended'	3735
3708	(2126, 116)	' court'	3736
3709	(533, 119)	' saw'	3737
3710	(874, 2925)	' quarter'	3738
3711	(1069, 3336)	'考虑'	3739
3712	(309, 187)	'刻'	3740
3713	(539, 620)	'地方'	3741
3714	(293, 636)	'ality'	3742
3715	(311, 142)	'迎'	3744
3716	(318, 109)	' Im'	3745
3717	(1463, 571)	'完成'	3746
3718	(264, 110)	' sn'	3747
3719	(70, 276)	'For'	3748
3720	(267, 97)	'era'	3749
3721	(1160, 637)	'ensive'	3750
3722	(1960, 396)	'除了'	3751
3723	(277, 288)	' bar'	3752
3724	(1783, 1015)	'随着'	3753
3725	(1243, 137)	'้'	3754
3726	(694, 553)	'产业'	3755
3727	(504, 635)	' short'	3756
3728	(439, 153)	'牙'	3757
3729	(1302, 1076)	'结果'	3758
3730	(1065, 357)	'正在'	3759
3731	(291, 2289)	' data'	3760
3732	(341, 133)	'旅'	3761
3733	(341, 151)	'旗'	3762
3734	(112, 697)	'pect'	3763
3735	(2353, 141)	'操'	3764
3736	(588, 120)	' Ex'	3765
3737	(575, 136)	'哈'	3766
3738	(589, 185)	' ह'	3767
3739	(512, 283)	' coming'	3768
3740	(275, 431)	'itch'	3769
3741	(291, 782)	' dra'	3770
3742	(263, 332)	'reet'	3771
3743	(736, 145)	'笑'	3772
3744	(530, 1081)	' nothing'	3773
3745	(105, 352)	'iam'	3774
3746	(631, 159)	'借'	3775
3747	(386, 1292)	'不少'	3776
3748	(257, 112)	' ap'	3777
3749	(32, 1014)	' у'	3778
3750	(1637, 1725)	'购买'	3779
3751	(233, 150)	b'\xe9\x96'	3780
3752	(490, 330)	' Not'	3781
3753	(316, 375)	' gun'	3782
3754	(406, 101)	'ille'	3784
3755	(329, 132)	'射'	3785
3756	(390, 2344)	'中央'	3786
3757	(447, 152)	'秘'	3787
3758	(491, 1058)	' join'	3788
3759	(354, 267)	' Ser'	3789
3760	(385, 288)	' star'	3790
3761	(1833, 148)	'塔'	3791
3762	(2019, 272)	'这样的'	3792
3763	(894, 690)	' anyone'	3793
3764	(271, 678)	'ature'	3794
3765	(265, 121)	'ony'	3795
3766	(386, 1536)	'不仅'	3796
3767	(872, 761)	'更加'	3798
3768	(343, 583)	' equ'	3799
3769	(451, 138)	'届'	3800
3770	(649, 880)	'ол'	3801
3771	(1787, 418)	'pril'	3802
3772	(301, 411)	'aster'	3803
3773	(903, 699)	'手机'	3804
3774	(1614, 494)	' indust'	3805
3775	(857, 332)	' compet'	3806
3776	(210, 175)	'ү'	3807
3777	(284, 976)	' pick'	3808
3778	(353, 121)	'acy'	3809
3779	(1136, 912)	'收入'	3810
3780	(290, 171)	'末'	3811
3781	(1310, 322)	'ission'	3812
3782	(233, 188)	b'\xe9\xbc'	3813
3783	(378, 1901)	'有限'	3814
3784	(356, 72)	' TH'	3815
3785	(1469, 168)	'您'	3816
3786	(548, 110)	'ourn'	3817
3787	(619, 550)	'现场'	3818
3788	(512, 285)	' comes'	3819
3789	(259, 348)	'head'	3820
3790	(698, 148)	'ු'	3821
3791	(715, 798)	'之间'	3822
3792	(644, 188)	'曼'	3823
3793	(1470, 2544)	' community'	3824
3794	(1525, 1512)	'准备'	3825
3795	(73, 115)	'Is'	3827
3796	(10032, 484)	' together'	3829
3797	(279, 110)	'enn'	3830
3798	(2328, 2620)	' members'	3831
3799	(716, 3315)	'进一步'	3832
3800	(358, 190)	'课'	3833
3801	(2236, 274)	' American'	3834
3802	(854, 467)	'当时'	3835
3803	(278, 450)	' col'	3836
3804	(546, 1855)	' view'	3837
3805	(1039, 115)	' others'	3838
3806	(2425, 771)	'稳定'	3839
3807	(144, 430)	b'\x90\xe1\x80'	3840
3808	(2310, 1785)	' statement'	3841
3809	(977, 350)	'只是'	3842
3810	(314, 691)	' nice'	3843
3811	(111, 285)	'oes'	3844
3812	(941, 682)	' thanks'	3845
3813	(454, 140)	'歌'	3846
3814	(284, 1112)	' press'	3847
3815	(376, 116)	' At'	3848
3816	(1296, 1810)	' everything'	3849
3817	(317, 180)	'吴'	3850
3818	(554, 1634)	' death'	3851
3819	(537, 164)	'।'	3852
3820	(649, 747)	'ор'	3853
3821	(449, 132)	'附'	3854
3822	(336, 3145)	'一般'	3855
3823	(349, 128)	'區'	3856
3824	(337, 156)	'络'	3857
3825	(656, 191)	'避'	3858
3826	(511, 478)	' seem'	3859
3827	(1612, 761)	'参加'	3860
3828	(545, 1198)	'发布'	3861
3829	(402, 527)	'ects'	3862
3830	(796, 191)	'顿'	3863
3831	(553, 1122)	'业务'	3864
3832	(742, 819)	'ucking'	3865
3833	(467, 2583)	'时尚'	3866
3834	(796, 190)	'顾'	3867
3835	(256, 1509)	' taking'	3868
3836	(1587, 1963)	'集团'	3869
3837	(1069, 534)	'考生'	3870
3838	(511, 2272)	' seems'	3871
3839	(111, 896)	'ober'	3872
3840	(1656, 2387)	'负责'	3873
3841	(348, 100)	'add'	3874
3842	(466, 53)	' 25'	3875
3843	(118, 334)	'vent'	3876
3844	(1285, 975)	'变化'	3877
3845	(269, 144)	'【'	3878
3846	(269, 145)	'】'	3879
3847	(343, 3040)	' either'	3880
3848	(418, 288)	'ilar'	3881
3849	(823, 182)	'延'	3882
3850	(511, 312)	' sell'	3883
3851	(294, 293)	' anal'	3884
3852	(846, 139)	'锋'	3885
3853	(320, 116)	'let'	3886
3854	(1253, 287)	' wanted'	3887
3855	(649, 704)	'он'	3888
3856	(885, 134)	'馆'	3889
3857	(2658, 560)	' break'	3890
3858	(1698, 771)	'决定'	3891
3859	(739, 186)	'智'	3892
3860	(575, 165)	'哥'	3893
3861	(964, 1343)	'持续'	3894
3862	(2034, 3341)	'必须'	3895
3863	(582, 3243)	' almost'	3896
3864	(286, 752)	' mind'	3897
3865	(887, 1601)	'电话'	3898
3866	(233, 164)	b'\xe9\xa4'	3899
3867	(460, 599)	'个月'	3900
3868	(470, 276)	' Wor'	3901
3869	(1341, 285)	'ances'	3902
3870	(1095, 114)	'ər'	3903
3871	(1303, 771)	'规定'	3904
3872	(372, 175)	'杯'	3905
3873	(1782, 2148)	' check'	3906
3874	(1522, 169)	'韩'	3907
3875	(1243, 128)	'เ'	3908
3876	(588, 1245)	' Eng'	3909
3877	(376, 102)	' Af'	3910
3878	(1390, 1772)	'像素'	3911
3879	(615, 274)	' Jan'	3912
3880	(1571, 1076)	'效果'	3913
3881	(1319, 744)	'处理'	3914
3882	(638, 114)	'ocr'	3915
3883	(2764, 1272)	'镜头'	3916
3884	(834, 2542)	' cloud'	3917
3885	(405, 184)	'寸'	3918
3886	(504, 330)	' shot'	3919
3887	(3527, 678)	' future'	3920
3888	(112, 320)	'ple'	3921
3889	(593, 926)	' order'	3922
3890	(1020, 520)	'起来'	3923
3891	(1662, 166)	'梦'	3924
3892	(301, 285)	'ases'	3925
3893	(493, 169)	'革'	3926
3894	(717, 143)	'偏'	3927
3895	(472, 55)	' 17'	3928
3896	(272, 607)	'的新'	3929
3897	(275, 637)	'itive'	3930
3898	(363, 176)	'估'	3931
3899	(505, 115)	'ands'	3932
3900	(846, 174)	'键'	3934
3901	(471, 177)	'ั'	3935
3902	(363, 138)	'伊'	3936
3903	(1398, 450)	' invol'	3937
3904	(267, 118)	'erv'	3938
3905	(97, 370)	'aut'	3939
3906	(2679, 1260)	' complete'	3940
3907	(901, 103)	' eng'	3941
3908	(1395, 155)	'岛'	3942
3909	(342, 151)	'斗'	3943
3910	(297, 1922)	' house'	3944
3911	(656, 173)	'遭'	3945
3912	(1190, 2713)	'ference'	3946
3913	(1255, 121)	'ully'	3947
3914	(1101, 1824)	'感觉'	3948
3915	(3686, 1088)	' available'	3949
3916	(282, 762)	' food'	3950
3917	(712, 477)	' Kore'	3951
3918	(1463, 733)	'完全'	3952
3919	(117, 610)	'ugh'	3953
3920	(276, 114)	'orr'	3954
3921	(1179, 1622)	' guys'	3955
3922	(372, 168)	'杨'	3956
3923	(232, 155)	b'\xe8\x9b'	3957
3924	(451, 143)	'屏'	3958
3925	(1077, 293)	'obal'	3959
3926	(354, 10030)	' Saturday'	3960
3927	(940, 2168)	' York'	3961
3928	(2640, 1944)	' possible'	3962
3929	(77, 121)	'My'	3963
3930	(282, 612)	' fight'	3964
3931	(103, 287)	'ged'	3965
3932	(651, 115)	'aps'	3966
3933	(2037, 367)	" That's"	3967
3934	(550, 1921)	'场比赛'	3968
3935	(504, 935)	' share'	3969
3936	(102, 267)	'fer'	3970
3937	(385, 2147)	' stuff'	3971
3938	(268, 905)	" won't"	3972
3939	(99, 1951)	'ches'	3973
3940	(3511, 310)	' custom'	3974
3941	(520, 845)	'来看'	3975
3942	(1069, 1745)	'考试'	3976
3943	(291, 617)	' dist'	3977
3944	(1111, 714)	'近期'	3978
3945	(906, 1531)	'报告'	3979
3946	(1257, 283)	' bring'	3980
3947	(98, 633)	'back'	3981
3948	(275, 411)	'itter'	3982
3949	(256, 3365)	' taken'	3983
3950	(1330, 3350)	'组织'	3984
3951	(216, 173)	'ح'	3985
3952	(586, 181)	'ስ'	3986
3953	(590, 378)	'也有'	3987
3954	(1071, 136)	'烈'	3988
3955	(1183, 176)	'्र'	3989
3956	(606, 176)	'ર'	3990
3957	(3262, 450)	' viol'	3991
3958	(85, 82)	'UR'	3992
3959	(2776, 137)	'嘉'	3993
3960	(1453, 49)	'2011'	3994
3961	(434, 281)	' ris'	3995
3962	(271, 308)	'atic'	3996
3963	(354, 473)	' Sup'	3997
3964	(1666, 3404)	' minutes'	3998
3965	(264, 499)	' sum'	3999
3966	(305, 1717)	' lower'	4000
3967	(3009, 143)	'藏'	4001
3968	(278, 1574)	' coup'	4002
3969	(45, 49)	'-1'	4003
3970	(723, 166)	'润'	4004
3971	(750, 155)	'坛'	4005
3972	(1297, 2285)	'证券'	4006
3973	(1212, 979)	'注意'	4007
3974	(579, 2391)	'学习'	4008
3975	(639, 818)	' means'	4009
3976	(670, 189)	'载'	4010
3977	(768, 320)	' whole'	4011
3978	(711, 163)	'趣'	4012
3979	(101, 682)	'eks'	4013
3980	(754, 184)	'ම'	4014
3981	(267, 109)	'erm'	4015
3982	(1050, 139)	'ો'	4016
3983	(230, 169)	b'\xe6\xa9'	4017
3984	(1477, 953)	'预计'	4018
3985	(545, 529)	'发行'	4019
3986	(523, 184)	'永'	4020
3987	(110, 330)	'not'	4021
3988	(437, 2490)	' asked'	4022
3989	(508, 177)	' ر'	4023
3990	(117, 122)	'uz'	4024
3991	(651, 101)	'ape'	4025
3992	(265, 2921)	'onald'	4026
3993	(799, 132)	'雄'	4027
3994	(1238, 671)	' series'	4028
3995	(232, 184)	b'\xe8\xb8'	4029
3996	(1477, 714)	'预期'	4030
3997	(1592, 1230)	'ست'	4031
3998	(493, 160)	'靠'	4032
3999	(10019, 1465)	'平方米'	4033
4000	(985, 175)	'灯'	4034
4001	(10033, 293)	' several'	4035
4002	(278, 2982)	' certain'	4036
4003	(1712, 365)	' impro'	4037
4004	(305, 271)	' lat'	4038
4005	(695, 1852)	'面积'	4039
4006	(1128, 1714)	'英语'	4040
4007	(471, 135)	'ง'	4041
4008	(258, 105)	'ini'	4042
4009	(2301, 539)	'土地'	4043
4010	(1557, 1100)	' design'	4044
4011	(631, 139)	'個'	4045
4012	(104, 105)	'hi'	4046
4013	(363, 145)	'休'	4047
4014	(286, 574)	' mess'	4048
4015	(491, 101)	' je'	4049
4016	(944, 2124)	' expected'	4050
4017	(47, 47)	'//'	4051
4018	(647, 170)	'罪'	4052
4019	(376, 3771)	' April'	4053
4020	(2318, 839)	' special'	4054
4021	(101, 118)	'ev'	4055
4022	(987, 272)	'你的'	4056
4023	(46, 54)	'.6'	4057
4024	(3702, 1595)	' Europe'	4058
4025	(329, 164)	'尤'	4059
4026	(51, 424)	'300'	4060
4027	(46, 56)	'.8'	4061
4028	(1280, 550)	'客场'	4062
4029	(361, 1836)	' forward'	4063
4030	(2303, 1910)	'状态'	4064
4031	(2536, 570)	b'\xe0\xb1\x81\xe0\xb0'	4065
4032	(510, 108)	' Fl'	4066
4033	(1356, 165)	' እ'	4067
4034	(305, 519)	' late'	4068
4035	(231, 181)	b'\xe7\xb5'	4069
4036	(51, 54)	'36'	4070
4037	(272, 601)	'的高'	4071
4038	(285, 600)	'esome'	4072
4039	(381, 630)	' heard'	4073
4040	(1252, 1755)	'任何'	4074
4041	(109, 101)	'me'	4075
4042	(1030, 115)	'ails'	4076
4043	(2126, 379)	' course'	4077
4044	(3488, 164)	'다'	4078
4045	(1576, 3241)	' employ'	4079
4046	(944, 697)	' expect'	4080
4047	(1993, 568)	'属于'	4081
4048	(457, 183)	'纷'	4082
4049	(863, 169)	'恩'	4083
4050	(732, 159)	'损'	4084
4051	(326, 1165)	'idence'	4085
4052	(464, 114)	' Dr'	4086
4053	(409, 890)	' white'	4087
4054	(664, 293)	' goal'	4088
4055	(384, 175)	'凯'	4089
4056	(469, 183)	' з'	4090
4057	(1042, 553)	'商业'	4091
4058	(327, 110)	' yn'	4092
4059	(3279, 1157)	' morning'	4093
4060	(1035, 1916)	' Thanks'	4095
4061	(775, 1534)	'实际'	4096
4062	(559, 1279)	' proper'	4097
4063	(2977, 752)	' behind'	4098
4064	(1197, 579)	'科学'	4099
4065	(311, 170)	'迪'	4100
4066	(821, 142)	'税'	4101
4067	(428, 597)	'上市'	4102
4068	(297, 265)	' hon'	4103
4069	(291, 817)	' due'	4104
4070	(1045, 600)	' become'	4105
4071	(115, 119)	'sw'	4106
4072	(422, 181)	'贵'	4107
4073	(1387, 1209)	'直接'	4108
4074	(754, 154)	'ක'	4109
4075	(210, 155)	'қ'	4110
4076	(377, 293)	' Cal'	4111
4077	(1402, 571)	'造成'	4112
4078	(282, 621)	' fall'	4113
4079	(256, 97)	' ta'	4114
4080	(417, 288)	' Bar'	4115
4081	(1159, 121)	' party'	4116
4082	(317, 151)	'吗'	4117
4083	(685, 515)	' worth'	4118
4084	(596, 1565)	' charg'	4119
4085	(1350, 1366)	'导演'	4120
4086	(406, 115)	'ills'	4121
4087	(736, 148)	'笔'	4122
4088	(69, 78)	'EN'	4123
4089	(1696, 180)	'暴'	4124
4090	(758, 737)	" wouldn't"	4125
4091	(465, 165)	'急'	4126
4092	(1106, 176)	'ार'	4127
4093	(525, 182)	'阶'	4128
4094	(264, 375)	' sun'	4129
4095	(276, 671)	'ories'	4130
4096	(376, 98)	' Ab'	4131
4097	(317, 137)	'吉'	4132
4098	(347, 2157)	' online'	4133
4099	(337, 191)	'绿'	4134
4100	(3133, 1165)	' experience'	4135
4101	(10003, 53)	' 2015'	4136
4102	(901, 3626)	' enjoy'	4137
4103	(231, 182)	b'\xe7\xb6'	4138
4104	(2855, 839)	' social'	4139
4105	(1412, 953)	'统计'	4140
4106	(85, 83)	'US'	4141
4107	(321, 275)	'stit'	4142
4108	(524, 130)	'厂'	4144
4109	(470, 485)	' West'	4145
4110	(2244, 817)	' issue'	4146
4111	(464, 766)	' Dep'	4147
4112	(325, 170)	'截'	4148
4113	(2257, 2259)	'货币'	4149
4114	(844, 1322)	'价值'	4150
4115	(46, 55)	'.7'	4151
4116	(398, 853)	'urther'	4152
4117	(442, 97)	' ka'	4153
4118	(391, 1876)	' March'	4154
4119	(586, 136)	'ለ'	4155
4120	(72, 84)	'HT'	4156
4121	(1238, 2407)	' service'	4157
4122	(102, 276)	'for'	4158
4123	(278, 1244)	' cool'	4159
4124	(277, 383)	' bir'	4160
4125	(1623, 2684)	' consider'	4161
4126	(1302, 3490)	'结束'	4162
4127	(313, 129)	'宁'	4163
4128	(352, 98)	'amb'	4164
4129	(548, 433)	'ource'	4165
4130	(2368, 115)	' friends'	4166
4131	(116, 111)	'to'	4167
4132	(1405, 308)	' polic'	4168
4133	(3094, 617)	' Christ'	4169
4134	(119, 104)	'wh'	4170
4135	(3209, 1173)	'怎么'	4171
4136	(592, 915)	' exact'	4172
4137	(1072, 3824)	'网络'	4173
4138	(377, 3410)	' County'	4174
4139	(256, 105)	' ti'	4175
4140	(286, 117)	' mu'	4176
4141	(391, 114)	' Mr'	4177
4142	(211, 169)	'ө'	4178
4143	(1266, 667)	'取得'	4179
4144	(372, 176)	'杰'	4180
4145	(267, 114)	'err'	4181
4146	(1726, 115)	' News'	4182
4147	(573, 1914)	'下降'	4183
4148	(1249, 115)	' needs'	4184
4149	(946, 1460)	'提升'	4185
4150	(360, 173)	'训'	4186
4151	(257, 121)	' ay'	4187
4152	(277, 97)	' ba'	4188
4153	(117, 729)	'uge'	4189
4154	(327, 285)	' yes'	4190
4155	(1469, 137)	'悉'	4191
4156	(590, 386)	'也不'	4192
4157	(1531, 2864)	'告诉'	4193
4158	(305, 642)	' lost'	4194
4159	(513, 176)	'泰'	4195
4160	(1131, 609)	' appear'	4196
4161	(229, 171)	b'\xe5\xab'	4197
4162	(69, 84)	'ET'	4198
4163	(111, 691)	'oice'	4199
4164	(575, 170)	'哪'	4200
4165	(336, 573)	'一下'	4201
4166	(1360, 789)	'整体'	4202
4167	(45, 109)	'-m'	4203
4168	(301, 1081)	'ashing'	4204
4169	(263, 543)	'rect'	4205
4170	(86, 83)	'VS'	4207
4171	(337, 188)	'综'	4208
4172	(1129, 110)	'ọn'	4209
4173	(557, 3198)	'分钟'	4210
4174	(648, 175)	'肯'	4211
4175	(377, 111)	' Co'	4212
4176	(306, 136)	'圈'	4213
4177	(955, 3585)	'acebook'	4214
4178	(1617, 293)	' final'	4215
4179	(1357, 1516)	'彩票'	4216
4180	(1280, 1513)	'客户'	4217
4181	(87, 1711)	'When'	4218
4182	(284, 2967)	' p.m'	4219
4183	(410, 176)	'冰'	4220
4184	(2348, 174)	'潮'	4221
4185	(89, 285)	'Yes'	4222
4186	(693, 265)	' soon'	4223
4187	(102, 635)	'fort'	4224
4188	(963, 267)	' player'	4225
4189	(1000, 1646)	'建议'	4226
4190	(551, 145)	'挑'	4227
4191	(554, 98)	' deb'	4228
4192	(305, 3605)	' large'	4229
4193	(508, 180)	' ش'	4230
4194	(1238, 1254)	' serious'	4231
4195	(216, 172)	'ج'	4232
4196	(1265, 2008)	'号码'	4233
4197	(2639, 540)	'昨日'	4234
4198	(666, 906)	'本报'	4235
4199	(233, 189)	b'\xe9\xbd'	4236
4200	(119, 2459)	'where'	4237
4201	(1404, 145)	'脑'	4238
4202	(111, 106)	'oj'	4239
4203	(631, 146)	'倒'	4240
4204	(1528, 1528)	'\xa0\xa0\xa0\xa0'	4241
4205	(471, 181)	'ี'	4242
4206	(98, 2226)	'body'	4243
4207	(305, 505)	' land'	4244
4208	(663, 400)	'最大'	4245
4209	(1104, 790)	'无法'	4246
4210	(385, 328)	' stay'	4247
4211	(1612, 764)	'参与'	4248
4212	(684, 913)	'自然'	4249
4213	(480, 287)	'ried'	4250
4214	(865, 786)	'此外'	4251
4215	(73, 73)	'II'	4252
4216	(264, 10036)	' suggest'	4253
4217	(685, 682)	' works'	4254
4218	(3088, 2506)	'pecially'	4255
4219	(446, 102)	'iff'	4256
4220	(1327, 112)	' supp'	4257
4221	(1267, 633)	' black'	4258
4222	(376, 494)	' Aust'	4259
4223	(837, 902)	'ون'	4260
4224	(2409, 2201)	' following'	4261
4225	(394, 150)	'盖'	4262
4226	(314, 265)	' non'	4263
4227	(286, 97)	' ma'	4264
4228	(10011, 279)	' given'	4265
4229	(1138, 48)	' 40'	4266
4230	(446, 116)	'ift'	4268
4231	(263, 287)	'reed'	4269
4232	(660, 665)	'作用'	4270
4233	(645, 139)	'洋'	4271
4234	(108, 288)	'lar'	4272
4235	(2777, 1524)	'搭配'	4273
4236	(1171, 169)	'缩'	4274
4237	(421, 3979)	' weeks'	4275
4238	(679, 159)	'竟'	4276
4239	(688, 1370)	' alleg'	4277
4240	(231, 135)	b'\xe7\x87'	4278
4241	(615, 3057)	' June'	4279
4242	(77, 642)	'Most'	4280
4243	(466, 52)	' 24'	4281
4244	(363, 159)	'伟'	4282
4245	(3968, 320)	' couple'	4283
4246	(760, 115)	' gets'	4284
4247	(334, 839)	'ential'	4285
4248	(874, 976)	' quick'	4286
4249	(825, 816)	'重点'	4287
4250	(101, 729)	'ege'	4288
4251	(264, 265)	' son'	4289
4252	(111, 382)	'over'	4290
4253	(99, 105)	'ci'	4291
4254	(714, 798)	'期间'	4292
4255	(2492, 2492)	'……'	4293
4256	(377, 114)	' Cr'	4294
4257	(464, 402)	' Dec'	4295
4258	(99, 287)	'ced'	4296
4259	(1833, 158)	'塞'	4299
4260	(1130, 495)	'受到'	4300
4261	(32, 406)	' ill'	4301
4262	(1486, 520)	'带来'	4302
4263	(489, 101)	'ope'	4303
4264	(1689, 100)	' fund'	4304
4265	(314, 1675)	' national'	4305
4266	(271, 1182)	'ators'	4306
4267	(51, 51)	'33'	4307
4268	(496, 285)	' Res'	4308
4269	(571, 2158)	'成绩'	4309
4270	(313, 133)	'宅'	4310
4271	(951, 1222)	'影片'	4311
4272	(3147, 108)	' control'	4312
4273	(332, 104)	'eth'	4313
4274	(256, 275)	' tit'	4314
4275	(277, 1727)	' billion'	4315
4276	(750, 144)	'坐'	4316
4277	(493, 153)	'静'	4317
4278	(592, 99)	' exc'	4318
4279	(553, 2158)	'业绩'	4319
4280	(282, 638)	' foc'	4320
4281	(63, 63)	'??'	4321
4282	(1350, 1962)	'导致'	4322
4283	(275, 920)	'itions'	4323
4284	(842, 1367)	'工程'	4324
4285	(97, 367)	"a's"	4325
4286	(572, 160)	'惠'	4326
4287	(350, 357)	'是在'	4327
4288	(117, 433)	'uce'	4328
4289	(627, 1230)	'ات'	4329
4290	(198, 176)	'ư'	4330
4291	(3226, 308)	' music'	4331
4292	(799, 133)	'雅'	4332
4293	(632, 1102)	' trade'	4333
4294	(1620, 1343)	'连续'	4334
4295	(2417, 287)	'ounced'	4335
4296	(10010, 274)	' woman'	4336
4297	(272, 1981)	'的情况'	4337
4298	(1497, 267)	'lier'	4338
4299	(1232, 486)	'指出'	4339
4300	(376, 1575)	' Ass'	4340
4301	(282, 818)	' fans'	4341
4302	(3284, 2061)	' success'	4342
4303	(1631, 1437)	' maybe'	4343
4304	(649, 1288)	'ом'	4344
4305	(103, 1112)	'gress'	4345
4306	(747, 503)	'ра'	4346
4307	(2973, 10035)	' campaign'	4347
4308	(286, 1488)	' match'	4348
4309	(105, 818)	'ians'	4349
4310	(686, 100)	' upd'	4350
4311	(1662, 133)	'梅'	4351
4312	(506, 1646)	'会议'	4352
4313	(812, 1731)	'内容'	4353
4314	(470, 406)	' Will'	4354
4315	(559, 112)	' prop'	4355
4316	(2018, 162)	'።'	4356
4317	(383, 116)	'irt'	4357
4318	(2671, 118)	' priv'	4358
4319	(864, 176)	'ተ'	4359
4320	(122, 101)	'ze'	4360
4321	(3457, 3672)	' definitely'	4361
4322	(2558, 745)	'压力'	4362
4323	(1836, 115)	'wards'	4363
4324	(663, 1111)	'最近'	4364
4325	(884, 939)	'基金公司'	4365
4326	(282, 369)	' fig'	4366
4327	(260, 185)	'丹'	4367
4328	(32, 1313)	' vers'	4368
4329	(1032, 168)	'萨'	4369
4330	(231, 163)	b'\xe7\xa3'	4370
4331	(277, 1746)	' based'	4371
4332	(333, 1194)	' repl'	4372
4333	(696, 853)	' whether'	4373
4334	(632, 817)	' true'	4374
4335	(1342, 121)	' key'	4375
4336	(304, 3012)	' often'	4376
4337	(232, 156)	b'\xe8\x9c'	4377
4338	(344, 179)	'劳'	4378
4339	(735, 140)	b' \xe1\x8c'	4379
4340	(544, 1450)	' front'	4380
4341	(305, 612)	' light'	4381
4342	(232, 134)	b'\xe8\x86'	4382
4343	(796, 182)	'顶'	4383
4344	(601, 1069)	'高考'	4384
4345	(447, 159)	'租'	4385
4346	(97, 578)	'ares'	4386
4347	(747, 710)	'ре'	4387
4348	(541, 162)	'探'	4388
4349	(119, 2168)	'work'	4389
4350	(256, 1565)	' targ'	4390
4351	(100, 101)	'de'	4391
4352	(314, 39)	" n'"	4392
4353	(807, 165)	'若'	4393
4354	(305, 373)	' lim'	4394
4355	(65, 76)	'AL'	4395
4356	(679, 160)	'章'	4396
4357	(83, 104)	'Sh'	4397
4358	(1566, 427)	'半年'	4398
4359	(554, 348)	' dead'	4399
4360	(10001, 173)	'箭'	4400
4361	(319, 155)	'佛'	4401
4362	(593, 369)	' orig'	4402
4363	(272, 889)	'的一个'	4403
4364	(774, 287)	'ived'	4404
4365	(829, 103)	' arg'	4405
4366	(282, 1030)	' fail'	4406
4367	(1203, 310)	' room'	4407
4368	(314, 332)	' net'	4408
4369	(99, 626)	'cast'	4409
4370	(1252, 1122)	'任务'	4410
4371	(2431, 3130)	' author'	4411
4372	(782, 122)	'raz'	4412
4373	(614, 653)	'经过'	4413
4374	(65, 67)	'AC'	4414
4375	(588, 109)	' Em'	4415
4376	(313, 189)	'宽'	4416
4377	(105, 104)	'ih'	4417
4378	(1037, 163)	'档'	4418
4379	(1358, 159)	'募'	4419
4380	(528, 527)	'ults'	4420
4381	(2813, 430)	b'\xe1\x80\xb1\xe1\x80'	4421
4382	(335, 176)	'困'	4422
4383	(429, 146)	'归'	4423
4384	(230, 164)	b'\xe6\xa4'	4424
4385	(3868, 374)	' World'	4425
4386	(1200, 1085)	'联系'	4426
4387	(471, 161)	'ม'	4427
4388	(1289, 1011)	'风格'	4428
4389	(344, 177)	'励'	4429
4390	(541, 170)	'措'	4430
4391	(310, 98)	'omb'	4431
4392	(1661, 3575)	' University'	4432
4393	(2815, 2427)	'健康'	4433
4394	(2514, 129)	'鲁'	4434
4395	(3466, 4120)	'IGHT'	4435
4396	(117, 441)	'uation'	4436
4397	(326, 100)	'idd'	4437
4398	(2530, 159)	'熟'	4438
4399	(277, 408)	' boo'	4439
4400	(1388, 151)	'疗'	4440
4401	(378, 272)	'有的'	4441
4402	(1541, 690)	' phone'	4442
4403	(282, 3832)	' fucking'	4443
4404	(2652, 130)	'概'	4444
4405	(2852, 1809)	'帮助'	4445
4406	(656, 151)	'遗'	4446
4407	(73, 67)	'IC'	4447
4408	(236, 151)	b'\xec\x97'	4448
4409	(377, 450)	' Col'	4449
4410	(835, 1626)	'目标'	4450
4411	(117, 526)	'uel'	4451
4412	(280, 136)	'予'	4452
4413	(1764, 168)	' የ'	4454
4414	(1132, 136)	'针'	4455
4415	(672, 10040)	'基础'	4456
4416	(3087, 629)	b'\xe0\xa8\xbf\xe0\xa8'	4457
4417	(1283, 1698)	'解决'	4458
4418	(46, 52)	'.4'	4459
4419	(440, 166)	'触'	4460
4420	(45, 114)	'-r'	4461
4421	(108, 117)	'lu'	4462
4422	(2449, 287)	' happened'	4463
4423	(103, 320)	'gle'	4465
4424	(2218, 151)	'著'	4466
4425	(3174, 3185)	b'\xe1\x80\xad\xe1\x80\xaf\xe1\x80'	4467
4426	(774, 326)	'ivid'	4468
4427	(794, 161)	'胡'	4469
4428	(79, 84)	'OT'	4470
4429	(1019, 2859)	' previous'	4471
4430	(542, 111)	' Go'	4472
4431	(105, 1165)	'ience'	4473
4432	(848, 865)	'如此'	4474
4433	(447, 146)	'秒'	4475
4434	(761, 1133)	'加强'	4476
4435	(1177, 1335)	'Thank'	4477
4436	(1237, 574)	' access'	4478
4437	(1499, 170)	'豪'	4479
4438	(278, 500)	' coun'	4480
4439	(363, 175)	'伯'	4481
4440	(1557, 99)	' desc'	4482
4441	(1932, 114)	' terr'	4483
4442	(395, 162)	'赢'	4484
4443	(2286, 121)	'Why'	4485
4444	(826, 272)	'性的'	4486
4445	(464, 999)	' Dav'	4487
4446	(1602, 620)	'双方'	4488
4447	(286, 1293)	' mult'	4489
4448	(2110, 1372)	' students'	4490
4449	(580, 176)	'ர'	4491
4450	(843, 156)	'障'	4492
4451	(3600, 293)	'ederal'	4493
4452	(121, 108)	'yl'	4494
4453	(2736, 411)	' matter'	4495
4454	(1545, 571)	'形成'	4496
4455	(195, 182)	'ö'	4497
4456	(1690, 149)	'்க'	4498
4457	(711, 139)	'趋'	4499
4458	(10023, 1876)	' research'	4500
4459	(1624, 3971)	'论坛'	4501
4460	(1340, 275)	' crit'	4502
4461	(1238, 3160)	' services'	4503
4462	(813, 691)	' office'	4504
4463	(740, 1894)	'资源'	4505
4464	(1203, 348)	' road'	4506
4465	(1404, 154)	'脚'	4507
4466	(422, 180)	'贴'	4508
4467	(1360, 460)	'整个'	4509
4468	(464, 478)	' Dem'	4510
4469	(541, 137)	'掉'	4511
4470	(434, 528)	' rul'	4512
4471	(952, 272)	'我们的'	4513
4472	(2791, 275)	' visit'	4514
4473	(1731, 1430)	'容易'	4515
4474	(791, 1008)	' agree'	4516
4475	(1048, 748)	' among'	4517
4476	(1475, 709)	'共同'	4518
4477	(1852, 1954)	'积极'	4519
4478	(122, 97)	'za'	4520
4479	(2076, 287)	' tried'	4521
4480	(614, 2132)	'经验'	4522
4481	(3451, 515)	' growth'	4523
4482	(121, 320)	'yle'	4524
4483	(310, 258)	'omin'	4525
4484	(2278, 1978)	' discuss'	4526
4485	(377, 259)	' Che'	4527
4486	(381, 288)	' hear'	4529
4487	(697, 637)	'ective'	4530
4488	(2715, 2274)	' concern'	4531
4489	(857, 10039)	' companies'	4532
4490	(1197, 1514)	'科技'	4533
4491	(2995, 115)	' officials'	4534
4492	(99, 484)	'cher'	4535
4493	(927, 10038)	' period'	4536
4494	(874, 890)	' quite'	4537
4495	(2910, 176)	'峰'	4538
4496	(1872, 1458)	'条件'	4539
4497	(414, 184)	b' \xe0\xb8'	4540
4498	(538, 272)	'我的'	4541
4499	(65, 110)	'An'	4542
4500	(602, 1288)	'им'	4543
4501	(490, 1675)	' National'	4544
4502	(231, 184)	b'\xe7\xb8'	4545
4503	(378, 1005)	'有些'	4546
4504	(257, 107)	' ak'	4547
4505	(2364, 1107)	'控制'	4548
4506	(348, 285)	'ades'	4549
4507	(277, 2226)	' body'	4550
4508	(416, 258)	' within'	4552
4509	(177, 1644)	b'\xb1\xe4\xb9\x90'	4553
4510	(362, 138)	'释'	4554
4511	(916, 915)	' pract'	4555
4512	(2587, 71)	'ING'	4556
4513	(263, 103)	'reg'	4557
4514	(297, 330)	' hot'	4558
4515	(109, 121)	'my'	4559
4516	(45, 104)	'-h'	4560
4517	(651, 267)	'aper'	4561
4518	(910, 2330)	'区域'	4562
4519	(2062, 1830)	'材料'	4563
4520	(395, 182)	'赶'	4564
4521	(350, 889)	'是一个'	4565
4522	(46, 57)	'.9'	4566
4523	(32, 383)	' ir'	4567
4524	(379, 99)	'sec'	4568
4525	(1523, 1961)	' remember'	4569
4526	(469, 182)	' ж'	4570
4527	(526, 116)	'elt'	4571
4528	(430, 188)	'ြ'	4572
4529	(1559, 721)	'运动'	4573
4530	(421, 1103)	" we're"	4574
4531	(701, 3110)	' outside'	4575
4532	(702, 129)	' ف'	4576
4533	(673, 100)	'udd'	4577
4534	(437, 107)	' ask'	4578
4535	(510, 4177)	' Facebook'	4579
4536	(3201, 320)	' single'	4580
4537	(118, 3754)	'ville'	4581
4538	(383, 99)	'irc'	4582
4539	(1277, 1046)	'各种'	4583
4540	(542, 117)	' Gu'	4584
4541	(385, 477)	' store'	4585
4542	(471, 167)	'ว'	4586
4543	(1420, 1036)	'质量'	4587
4544	(694, 534)	'产生'	4588
4545	(2900, 275)	' milit'	4589
4546	(653, 1062)	'过去'	4590
4547	(32, 1153)	' ident'	4591
4548	(723, 137)	'涉'	4592
4549	(121, 100)	'yd'	4593
4550	(1237, 1218)	' account'	4594
4551	(296, 171)	'叫'	4595
4552	(55, 53)	'75'	4596
4553	(284, 532)	' pain'	4597
4554	(1323, 293)	'itional'	4598
4555	(702, 135)	' ه'	4599
4556	(3866, 144)	'餐'	4600
4557	(2729, 1554)	'艺术'	4601
4558	(627, 1273)	'ام'	4602
4559	(625, 144)	'渐'	4603
4560	(875, 892)	' known'	4604
4561	(542, 108)	' Gl'	4605
4562	(462, 808)	'这次'	4606
4563	(1419, 2378)	' decision'	4607
4564	(1994, 819)	' talking'	4608
4565	(99, 259)	'che'	4609
4566	(45, 53)	'-5'	4610
4567	(2341, 1042)	'开发商'	4611
4568	(291, 279)	' den'	4612
4569	(1561, 1006)	' coach'	4613
4570	(288, 108)	'arl'	4614
4571	(339, 184)	'幸'	4615
4572	(377, 276)	' Cor'	4616
4573	(226, 152)	b'\xe2\x98'	4617
4574	(1846, 810)	'排名'	4618
4575	(1798, 1043)	' drug'	4619
4576	(284, 279)	' pen'	4620
4577	(559, 2586)	' project'	4621
4578	(2244, 1609)	' issues'	4622
4579	(830, 854)	'相当'	4623
4580	(3884, 121)	' cloudy'	4624
4581	(10009, 183)	'瓷'	4625
4582	(48, 57)	'09'	4626
4583	(2471, 817)	' continue'	4627
4584	(80, 83)	'PS'	4628
4585	(385, 1413)	' stock'	4629
4586	(3494, 276)	' favor'	4630
4587	(790, 419)	'法国'	4631
4588	(2174, 2669)	' instead'	4632
4589	(1373, 3634)	' security'	4633
4590	(195, 163)	'ã'	4634
4591	(1051, 272)	'市场的'	4635
4592	(320, 120)	'lex'	4637
4593	(3448, 2242)	'ospital'	4638
4594	(46, 51)	'.3'	4639
4595	(45, 51)	'-3'	4640
4596	(2041, 988)	'委员'	4641
4597	(838, 2008)	'数码'	4642
4598	(2063, 1270)	'医院'	4643
4599	(117, 320)	'ule'	4644
4600	(632, 97)	' tra'	4645
4601	(508, 172)	' ج'	4646
4602	(110, 111)	'no'	4647
4603	(74, 494)	'Just'	4648
4604	(286, 398)	' mur'	4649
4605	(80, 104)	'Ph'	4650
4606	(981, 2092)	' China'	4651
4607	(520, 684)	'来自'	4652
4608	(102, 697)	'fect'	4653
4609	(551, 165)	'挥'	4654
4610	(2423, 2612)	'ministr'	4655
4611	(499, 334)	'ument'	4656
4612	(422, 184)	'贸'	4657
4613	(1251, 824)	'单位'	4658
4614	(320, 1952)	'lebr'	4659
4615	(302, 156)	'夜'	4661
4616	(570, 168)	'న'	4662
4617	(834, 724)	' club'	4663
4618	(232, 148)	b'\xe8\x94'	4664
4619	(10026, 1337)	' history'	4665
4620	(1537, 1350)	'领导'	4666
4621	(276, 283)	'oring'	4667
4622	(2345, 553)	'职业'	4668
4623	(344, 170)	'努'	4669
4624	(305, 450)	' lol'	4670
4625	(961, 1735)	'并且'	4671
4626	(79, 79)	'OO'	4672
4627	(2941, 1421)	'贷款'	4673
4628	(1033, 272)	'色的'	4675
4629	(1371, 808)	'再次'	4676
4630	(277, 1180)	' boy'	4677
4631	(2054, 2285)	'债券'	4678
4632	(521, 903)	'对手'	4679
4633	(1994, 107)	' talk'	4680
4634	(73, 76)	'IL'	4681
4635	(449, 182)	'陶'	4682
4636	(720, 129)	'谁'	4683
4637	(1200, 928)	'联赛'	4684
4638	(326, 97)	'ida'	4685
4639	(436, 101)	' Pe'	4686
4640	(110, 459)	'ners'	4687
4641	(385, 480)	' stri'	4688
4642	(466, 49)	' 21'	4689
4643	(919, 1458)	'事件'	4691
4644	(1072, 1888)	'网站'	4692
4645	(415, 151)	'抗'	4693
4646	(648, 165)	'肥'	4694
4647	(269, 141)	'」'	4695
4648	(269, 140)	'「'	4696
4649	(121, 114)	'yr'	4697
4650	(774, 293)	'ival'	4698
4651	(1261, 169)	'摩'	4699
4652	(82, 69)	'RE'	4700
4653	(32, 2254)	' ہ'	4701
4654	(108, 373)	'lim'	4702
4655	(718, 145)	'跑'	4703
4656	(277, 105)	' bi'	4704
4657	(1164, 774)	' activ'	4705
4658	(277, 1083)	' book'	4706
4659	(546, 330)	' vot'	4707
4660	(348, 111)	'ado'	4708
4661	(112, 288)	'par'	4709
4662	(749, 467)	'小时'	4710
4663	(434, 2069)	' rather'	4711
4664	(580, 164)	'த'	4712
4665	(502, 155)	'毛'	4713
4666	(615, 3611)	' July'	4714
4667	(289, 2644)	' occ'	4715
4668	(492, 1615)	'家居'	4716
4669	(117, 102)	'uf'	4717
4670	(2602, 1956)	'න්'	4718
4671	(1324, 320)	'ample'	4719
4672	(1356, 163)	' ኣ'	4720
4673	(108, 102)	'lf'	4721
4674	(107, 105)	'ki'	4722
4675	(503, 1288)	'ам'	4723
4676	(1600, 2645)	'视频'	4724
4677	(465, 170)	'怪'	4725
4678	(264, 2188)	' sense'	4726
4679	(403, 157)	'川'	4727
4680	(256, 273)	' tou'	4728
4681	(84, 114)	'Tr'	4729
4682	(508, 174)	' خ'	4730
4683	(560, 267)	'aker'	4731
4684	(831, 665)	'利用'	4732
4685	(937, 441)	'ization'	4733
4686	(10044, 188)	'鱼'	4734
4687	(282, 2194)	' field'	4735
4688	(2344, 529)	'央行'	4736
4689	(353, 285)	'aces'	4737
4690	(297, 642)	' host'	4738
4691	(405, 187)	'寻'	4739
4692	(802, 159)	'た'	4740
4693	(801, 115)	'ips'	4741
4694	(1935, 947)	' entire'	4742
4695	(426, 10041)	" haven't"	4743
4696	(3783, 939)	'有限公司'	4744
4697	(622, 115)	' abs'	4745
4698	(571, 666)	'成本'	4746
4699	(1784, 1157)	' running'	4747
4700	(780, 714)	'长期'	4748
4701	(287, 100)	'edd'	4749
4702	(301, 283)	'asing'	4750
4703	(700, 2354)	'比例'	4751
4704	(354, 279)	' Sen'	4752
4705	(386, 555)	'不要'	4753
4706	(297, 310)	' hom'	4754
4707	(256, 478)	' tem'	4755
4708	(1363, 557)	'十分'	4756
4709	(320, 288)	'lear'	4757
4710	(381, 374)	' held'	4758
4711	(284, 578)	' pres'	4759
4712	(579, 1270)	'学院'	4760
4713	(1341, 839)	'ancial'	4761
4714	(865, 808)	'此次'	4762
4715	(887, 1600)	'电视'	4763
4716	(397, 598)	'人们'	4764
4717	(2438, 287)	' killed'	4765
4718	(595, 907)	'公里'	4766
4719	(282, 759)	' fine'	4767
4720	(502, 146)	'毒'	4768
4721	(1143, 287)	'oved'	4769
4722	(306, 163)	'圣'	4770
4723	(709, 1087)	'同样'	4771
4724	(602, 1150)	'ик'	4772
4725	(3186, 1305)	' political'	4773
4726	(3774, 836)	' industry'	4774
4727	(358, 141)	'词'	4775
4728	(216, 174)	'خ'	4776
4729	(508, 185)	' ع'	4777
4730	(891, 101)	' Ste'	4778
4731	(829, 1710)	' arrest'	4779
4732	(402, 1098)	'ecause'	4780
4733	(45, 108)	'-l'	4781
4734	(588, 110)	' En'	4782
4735	(571, 1316)	'成立'	4783
4736	(2264, 101)	'reme'	4784
4737	(2773, 331)	' recently'	4785
4738	(389, 177)	'弱'	4786
4739	(569, 131)	'沃'	4787
4740	(117, 275)	'uit'	4789
4741	(118, 293)	'val'	4790
4742	(2347, 610)	'augh'	4791
4743	(4171, 777)	'综合'	4792
4744	(589, 133)	' अ'	4793
4745	(97, 398)	'aur'	4794
4746	(1612, 1069)	'参考'	4795
4747	(1510, 48)	' 70'	4796
4748	(919, 878)	'事情'	4797
4749	(412, 147)	'库'	4798
4750	(375, 926)	'under'	4799
4751	(1478, 287)	'itted'	4800
4752	(282, 4116)	' further'	4801
4753	(1072, 1481)	'网友'	4802
4754	(400, 1904)	'大幅'	4803
4755	(802, 171)	'に'	4804
4756	(1690, 164)	'்த'	4805
4757	(695, 521)	'面对'	4806
4758	(1048, 1426)	' amaz'	4807
4759	(602, 769)	'ит'	4809
4760	(341, 167)	'旧'	4810
4761	(492, 3218)	'家庭'	4811
4762	(2579, 109)	' film'	4812
4763	(463, 288)	' Har'	4813
4764	(365, 312)	'roll'	4814
4765	(488, 737)	" aren't"	4815
4766	(895, 1326)	'明星'	4816
4767	(641, 1211)	' One'	4817
4768	(3348, 334)	' moment'	4818
4769	(700, 848)	'比如'	4819
4770	(503, 1150)	'ак'	4820
4771	(608, 267)	'ender'	4821
4772	(2030, 162)	'慢'	4822
4773	(977, 555)	'只要'	4823
4774	(542, 101)	' Ge'	4824
4775	(514, 110)	' conn'	4825
4776	(608, 115)	'ends'	4827
4777	(360, 168)	'讨'	4828
4778	(286, 458)	' mag'	4829
4779	(311, 157)	'违'	4830
4780	(1327, 267)	' super'	4831
4781	(1659, 4360)	'火箭'	4832
4782	(529, 420)	'行为'	4833
4783	(97, 1293)	'ault'	4834
4784	(1537, 2330)	'领域'	4835
4785	(2768, 2112)	'竞争'	4836
4786	(457, 189)	'纽'	4837
4787	(282, 1556)	' fair'	4838
4788	(336, 1046)	'一种'	4839
4789	(775, 745)	'实力'	4840
4790	(726, 378)	'都有'	4841
4791	(1035, 10047)	' Thursday'	4842
4792	(499, 101)	'ume'	4843
4793	(677, 1773)	' leave'	4844
4794	(299, 181)	'兵'	4845
4795	(854, 913)	'当然'	4846
4796	(256, 1125)	' treat'	4847
4797	(3035, 1821)	' Republic'	4848
4798	(2048, 178)	'菲'	4849
4799	(1724, 804)	'速度'	4850
4800	(399, 121)	'key'	4851
4801	(2478, 3848)	' similar'	4852
4802	(1682, 121)	' happy'	4853
4803	(491, 673)	' jud'	4854
4804	(649, 1443)	'ог'	4855
4805	(486, 520)	'出来'	4856
4806	(385, 766)	' step'	4857
4807	(294, 4071)	' answ'	4858
4808	(358, 162)	'询'	4859
4809	(108, 352)	'lam'	4860
4810	(537, 136)	'ै'	4861
4811	(56, 56)	'88'	4862
4812	(391, 811)	' Mich'	4863
4813	(231, 152)	b'\xe7\x98'	4864
4814	(105, 402)	'iec'	4865
4815	(375, 116)	'unt'	4866
4816	(117, 104)	'uh'	4867
4817	(32, 398)	' ur'	4868
4818	(1560, 1374)	'北京时间'	4869
4819	(766, 116)	'ept'	4870
4820	(831, 1192)	'利率'	4871
4821	(546, 450)	' vol'	4872
4822	(2808, 926)	' wonder'	4873
4823	(82, 101)	'Re'	4874
4824	(813, 267)	' offer'	4875
4825	(99, 600)	'come'	4876
4826	(1431, 48)	' 60'	4877
4827	(286, 281)	' mis'	4878
4828	(10006, 324)	"I've"	4879
4829	(284, 633)	' pack'	4880
4830	(2971, 283)	' meeting'	4881
4831	(1001, 2598)	'保护'	4882
4832	(354, 109)	' Sm'	4883
4833	(1900, 1787)	' surpr'	4884
4834	(644, 178)	'曲'	4885
4835	(351, 161)	'乡'	4886
4836	(2100, 4295)	' announced'	4887
4837	(39, 39)	"''"	4888
4838	(723, 178)	'液'	4889
4839	(46, 48)	'.0'	4890
4840	(820, 568)	'关于'	4891
4841	(402, 370)	'ecut'	4892
4842	(573, 2411)	'下跌'	4893
4843	(3470, 1746)	' released'	4895
4844	(79, 85)	'OU'	4896
4845	(627, 840)	'ای'	4897
4846	(286, 330)	' mot'	4898
4847	(195, 151)	'×'	4899
4848	(560, 97)	'aka'	4900
4849	(305, 921)	' link'	4901
4850	(305, 111)	' lo'	4902
4851	(1324, 920)	'ampions'	4903
4852	(548, 116)	'ourt'	4904
4853	(655, 964)	'主持'	4905
4854	(512, 98)	' comb'	4906
4855	(291, 104)	' dh'	4907
4856	(232, 178)	b'\xe8\xb2'	4908
4857	(1142, 2107)	' recomm'	4909
4858	(2038, 275)	' wait'	4910
4859	(470, 288)	' War'	4911
4860	(1001, 1297)	'保证'	4912
4861	(458, 287)	'aged'	4913
4862	(1047, 171)	'莫'	4914
4863	(517, 103)	' neg'	4915
4864	(354, 402)	' Sec'	4916
4865	(194, 163)	'£'	4917
4866	(499, 97)	'uma'	4918
4867	(2177, 2259)	'人民币'	4919
4868	(284, 2897)	' present'	4920
4869	(10009, 166)	'瓦'	4921
4870	(736, 166)	'符'	4922
4871	(2160, 890)	' White'	4923
4872	(1012, 149)	' ਕ'	4924
4873	(552, 103)	' dog'	4925
4874	(45, 50)	'-2'	4926
4875	(589, 168)	' न'	4927
4876	(293, 97)	'ala'	4928
4877	(2424, 2484)	'范围'	4929
4878	(175, 566)	b'\xaf\xe0\xa6'	4930
4879	(1770, 285)	'okes'	4931
4880	(802, 175)	'は'	4932
4881	(1416, 115)	' shows'	4933
4882	(465, 128)	'怀'	4934
4883	(4093, 2017)	'阶段'	4935
4884	(710, 769)	'ет'	4936
4885	(2843, 2843)	'\u3000\u3000'	4937
4886	(2073, 734)	' provide'	4938
4887	(3875, 471)	b'\xe0\xb9\x80\xe0\xb8'	4939
4888	(632, 633)	' track'	4940
4889	(290, 151)	'朗'	4941
4890	(305, 1386)	' luck'	4942
4891	(451, 139)	'屋'	4943
4892	(303, 1125)	' threat'	4944
4893	(297, 519)	' hate'	4945
4894	(436, 288)	' Par'	4947
4895	(1185, 419)	'德国'	4948
4896	(1844, 1167)	' relations'	4949
4897	(4199, 144)	'齐'	4950
4898	(647, 154)	'罚'	4951
4899	(992, 55)	'2007'	4952
4900	(2053, 576)	'许多'	4953
4901	(308, 97)	'ica'	4954
4902	(284, 1255)	' pull'	4955
4903	(335, 186)	'固'	4956
4904	(573, 2754)	'下午'	4957
4905	(879, 136)	'ை'	4958
4906	(346, 3370)	' begin'	4959
4907	(2924, 2857)	'透露'	4960
4908	(340, 176)	'田'	4961
4909	(891, 1403)	' States'	4962
4910	(2444, 1859)	'按照'	4963
4911	(65, 65)	'AA'	4964
4912	(3735, 660)	'操作'	4965
4913	(1023, 789)	'身体'	4966
4914	(336, 824)	'一位'	4967
4915	(333, 2380)	' release'	4968
4916	(840, 10028)	'یں'	4969
4917	(1227, 884)	'型基金'	4970
4918	(591, 283)	'pping'	4971
4919	(2294, 646)	' movie'	4972
4920	(739, 130)	'時'	4973
4921	(436, 965)	' Park'	4974
4922	(2824, 932)	'移民'	4975
4923	(79, 77)	'OM'	4976
4924	(326, 283)	'iding'	4977
4925	(2129, 180)	'이'	4978
4926	(1942, 320)	'attle'	4979
4927	(482, 188)	'呼'	4980
4928	(412, 143)	'序'	4981
4929	(1695, 2526)	'采访'	4982
4930	(310, 283)	'oming'	4983
4931	(10031, 484)	' higher'	4984
4932	(750, 166)	'坦'	4985
4933	(303, 3685)	' thinking'	4986
4934	(1385, 97)	'ika'	4987
4935	(258, 111)	'ino'	4988
4936	(356, 101)	' Te'	4989
4937	(293, 105)	'ali'	4990
4938	(354, 119)	' Sw'	4991
4939	(1806, 784)	'男子'	4992
4940	(376, 1043)	' Aug'	4993
4941	(1492, 1412)	'传统'	4994
4942	(305, 1553)	' loss'	4995
4943	(264, 748)	' song'	4996
4944	(1012, 166)	' ਦ'	4997
4945	(2755, 4218)	' especially'	4998
4946	(733, 695)	'全面'	4999
4947	(2144, 1266)	'录取'	5000
4948	(648, 137)	'肉'	5001
4949	(705, 527)	'rents'	5002
4950	(343, 112)	' ep'	5003
4951	(316, 1773)	' gave'	5004
4952	(229, 180)	b'\xe5\xb4'	5005
4953	(997, 129)	'裁'	5006
4954	(464, 111)	' Do'	5007
4955	(291, 265)	' don'	5008
4956	(1494, 115)	' teams'	5009
4957	(1861, 459)	' leaders'	5010
4958	(871, 175)	'累'	5011
4959	(376, 1245)	' Ang'	5012
4960	(352, 287)	'amed'	5013
4961	(573, 272)	'下的'	5014
4962	(2960, 574)	' profess'	5015
4963	(1382, 323)	b'\xe0\xa5\x87\xe0\xa4'	5016
4964	(2258, 529)	'举行'	5017
4965	(1423, 4038)	' awesome'	5018
4966	(589, 134)	' आ'	5019
4967	(195, 172)	'ì'	5020
4968	(1303, 1929)	'规划'	5021
4969	(313, 156)	'宜'	5022
4970	(2514, 156)	'鲜'	5023
4971	(3497, 274)	' human'	5024
4972	(498, 185)	'培'	5025
4973	(739, 182)	'晶'	5026
4974	(664, 285)	' goes'	5027
4975	(2400, 1213)	'尽管'	5028
4976	(97, 528)	'aul'	5029
4977	(45, 119)	'-w'	5030
4978	(284, 2380)	' please'	5031
4979	(2780, 283)	' building'	5032
4980	(10020, 2087)	' particular'	5033
4981	(305, 536)	' los'	5034
4982	(363, 180)	'伴'	5035
4983	(670, 175)	'软'	5036
4984	(466, 50)	' 22'	5037
4985	(1275, 163)	'荣'	5038
4986	(10029, 1868)	' benef'	5039
4987	(102, 2194)	'field'	5040
4988	(97, 526)	'ael'	5041
4989	(10007, 101)	' include'	5042
4990	(1220, 57)	'199'	5043
4991	(2090, 130)	'堂'	5044
4992	(391, 1563)	' Market'	5045
4993	(1808, 4298)	' earlier'	5046
4994	(386, 495)	'不到'	5047
4995	(515, 675)	'though'	5048
4996	(663, 607)	'最新'	5049
4997	(821, 177)	'稱'	5050
4998	(2802, 121)	' easy'	5051
4999	(561, 145)	'辑'	5052
5000	(109, 275)	'mit'	5053
5001	(587, 272)	'后的'	5054
5002	(286, 1828)	' mph'	5055
5003	(1815, 1033)	'角色'	5056
5004	(428, 1460)	'上升'	5057
5005	(522, 2104)	'ability'	5058
5006	(2397, 518)	'佳能'	5059
5007	(422, 157)	'贝'	5060
5008	(2842, 1323)	' position'	5061
5009	(339, 187)	'幻'	5062
5010	(3587, 3948)	' Twitter'	5063
5011	(1221, 1075)	'东西'	5064
5012	(257, 3472)	' average'	5065
5013	(462, 907)	'这里'	5066
5014	(65, 77)	'AM'	5067
5015	(117, 121)	'uy'	5068
5016	(272, 1638)	'的问题'	5069
5017	(260, 157)	'丝'	5070
5018	(3104, 4614)	' celebr'	5071
5019	(506, 378)	'会有'	5072
5020	(10008, 102)	' diff'	5073
5021	(365, 100)	'rod'	5074
5022	(3036, 166)	'麦'	5075
5023	(415, 147)	'抓'	5076
5024	(820, 3900)	'关键'	5077
5025	(1131, 101)	' appe'	5078
5026	(264, 279)	' sen'	5079
5027	(333, 3164)	' reports'	5080
5028	(286, 1417)	' mother'	5081
5029	(264, 746)	' sound'	5082
5030	(2688, 1251)	'简单'	5083
5031	(1519, 1895)	'selves'	5084
5032	(45, 52)	'-4'	5085
5033	(641, 757)	' Off'	5086
5034	(278, 121)	' cy'	5087
5035	(376, 591)	' App'	5088
5036	(693, 374)	' sold'	5089
5037	(1822, 862)	' Also'	5090
5038	(265, 2192)	'onna'	5091
5039	(369, 114)	'igr'	5092
5040	(1443, 1823)	'ган'	5093
5041	(277, 1053)	' base'	5094
5042	(833, 154)	'聚'	5095
5043	(65, 116)	'At'	5096
5044	(421, 2861)	' webs'	5097
5045	(289, 107)	' ok'	5098
5046	(385, 2831)	' staff'	5099
5047	(524, 133)	'厅'	5100
5048	(329, 190)	'尾'	5101
5049	(733, 708)	'全部'	5102
5050	(265, 97)	'ona'	5103
5051	(385, 782)	' stra'	5104
5052	(683, 187)	'妻'	5106
5053	(528, 441)	'ulation'	5107
5054	(901, 99)	' enc'	5108
5055	(462, 1173)	'这么'	5109
5056	(4350, 332)	' target'	5110
5057	(347, 285)	' ones'	5111
5058	(10053, 629)	b'\xe0\xa9\xb1\xe0\xa8'	5112
5059	(197, 161)	'š'	5113
5060	(830, 521)	'相对'	5114
5061	(277, 522)	' bab'	5115
5062	(372, 177)	'東'	5116
5063	(314, 402)	' nec'	5117
5064	(270, 135)	'皇'	5118
5065	(234, 179)	b'\xea\xb3'	5119
5066	(32, 237)	b' \xed'	5120
5067	(99, 267)	'cer'	5121
5068	(1406, 145)	'滑'	5122
5069	(1058, 116)	'oint'	5123
5070	(285, 101)	'ese'	5124
5071	(10052, 148)	'는'	5125
5072	(3459, 293)	' total'	5126
5073	(576, 272)	'多的'	5127
5074	(434, 519)	' rate'	5128
5075	(1003, 139)	'ో'	5129
5076	(524, 154)	'厚'	5130
5077	(570, 3203)	b'\xe0\xb0\x82\xe0\xb0'	5131
5078	(4136, 331)	' exactly'	5132
5079	(1276, 808)	'首次'	5133
5080	(558, 182)	'架'	5134
5081	(372, 130)	'杂'	5135
5082	(802, 132)	'い'	5136
5083	(4623, 745)	'努力'	5137
5084	(1957, 174)	'献'	5138
5085	(775, 2136)	'实施'	5139
5086	(305, 287)	' led'	5140
5087	(484, 110)	'hern'	5141
5088	(679, 165)	'童'	5142
5089	(470, 10051)	' Washington'	5143
5090	(1112, 287)	'ressed'	5144
5091	(326, 729)	'idge'	5145
5092	(2372, 913)	'依然'	5146
5093	(731, 1967)	' myself'	5147
5094	(999, 283)	'aving'	5148
5095	(663, 1968)	'最大的'	5149
5096	(386, 2847)	'不错'	5150
5097	(282, 274)	' fan'	5151
5098	(2784, 293)	' general'	5152
5099	(2048, 156)	'菜'	5153
5100	(353, 287)	'aced'	5154
5101	(1333, 486)	'推出'	5155
5102	(1021, 147)	'ና'	5156
5103	(314, 1024)	' norm'	5157
5104	(830, 700)	'相比'	5158
5105	(358, 175)	'误'	5159
5106	(111, 104)	'oh'	5160
5107	(217, 131)	'ك'	5161
5108	(3271, 115)	' kids'	5163
5109	(1744, 771)	'确定'	5164
5110	(854, 539)	'当地'	5165
5111	(278, 728)	' cred'	5166
5112	(651, 116)	'apt'	5167
5113	(620, 790)	'方法'	5168
5114	(272, 1601)	'的话'	5169
5115	(302, 186)	'夺'	5170
5116	(3223, 115)	' Highs'	5171
5117	(277, 111)	' bo'	5172
5118	(231, 185)	b'\xe7\xb9'	5174
5119	(2110, 121)	' study'	5175
5120	(1378, 139)	'る'	5176
5121	(1194, 328)	'play'	5177
5122	(394, 136)	'盈'	5178
5123	(713, 955)	' space'	5179
5124	(400, 1036)	'大量'	5180
5125	(286, 1018)	' mass'	5181
5126	(1114, 158)	'舞'	5182
5127	(282, 866)	' fell'	5183
5128	(2273, 105)	'medi'	5184
5129	(56, 53)	'85'	5185
5130	(911, 844)	'房价'	5186
5131	(655, 900)	'主队'	5187
5132	(887, 784)	'电子'	5188
5133	(320, 643)	'lement'	5189
5134	(541, 136)	'授'	5190
5135	(1319, 568)	'处于'	5191
5136	(681, 357)	'将在'	5192
5137	(606, 164)	'ત'	5193
5138	(789, 2132)	'体验'	5194
5139	(103, 283)	'ging'	5195
5140	(1641, 155)	'痛'	5196
5141	(994, 2109)	'政治'	5197
5142	(1395, 184)	'岸'	5198
5143	(153, 430)	b'\x99\xe1\x80'	5199
5144	(802, 168)	'と'	5200
5145	(1845, 10055)	'越来越'	5201
5146	(1322, 667)	'值得'	5202
5147	(586, 168)	'ረ'	5203
5148	(264, 890)	' site'	5204
5149	(272, 749)	'的小'	5205
5150	(537, 130)	'ू'	5206
5151	(2314, 738)	' India'	5207
5152	(837, 930)	'ول'	5208
5153	(2236, 97)	' America'	5209
5154	(1987, 1495)	' respons'	5210
5155	(968, 3592)	'ograp'	5211
5156	(2668, 503)	' на'	5212
5157	(641, 98)	' Ob'	5213
5158	(338, 153)	'’'	5214
5159	(4242, 331)	'Mostly'	5215
5160	(308, 111)	'ico'	5216
5161	(1470, 375)	' commun'	5217
5162	(665, 1513)	'用户'	5218
5163	(284, 635)	' port'	5219
5164	(282, 275)	' fit'	5220
5165	(398, 116)	'urt'	5221
5166	(395, 181)	'赵'	5222
5167	(1249, 287)	' needed'	5223
5168	(843, 134)	'隆'	5224
5169	(571, 1017)	'成交'	5225
5170	(718, 179)	'跳'	5226
5171	(867, 156)	'柜'	5227
5172	(1302, 1905)	'结构'	5228
5173	(114, 274)	'ran'	5229
5174	(275, 1260)	'itte'	5230
5175	(391, 287)	' Med'	5231
5176	(973, 2104)	'ibility'	5232
5177	(68, 111)	'Do'	5233
5178	(110, 105)	'ni'	5234
5179	(2321, 534)	'招生'	5235
5180	(393, 161)	'衡'	5236
5181	(1258, 287)	' worked'	5237
5182	(430, 183)	'့'	5238
5183	(698, 154)	'ේ'	5239
5184	(2000, 734)	' inside'	5240
5185	(3692, 691)	' Police'	5241
5186	(1573, 518)	'才能'	5242
5187	(1475, 453)	'共和'	5243
5188	(1003, 135)	'ే'	5244
5189	(739, 168)	'晨'	5245
5190	(2580, 119)	'www'	5246
5191	(278, 489)	' cop'	5247
5192	(683, 136)	'妈'	5248
5193	(389, 159)	'弟'	5249
5194	(908, 1772)	'因素'	5250
5195	(606, 191)	'િ'	5251
5196	(538, 419)	'我国'	5252
5197	(297, 4153)	' huge'	5253
5198	(793, 144)	'姐'	5254
5199	(4111, 3432)	' Department'	5255
5200	(4222, 2629)	' Austral'	5256
5201	(465, 149)	'怕'	5257
5202	(490, 101)	' Ne'	5258
5203	(985, 190)	'灾'	5259
5204	(548, 2954)	'ources'	5260
5205	(830, 1057)	'相信'	5261
5206	(260, 129)	'丁'	5262
5207	(2639, 767)	'昨天'	5263
5208	(4390, 2136)	'措施'	5264
5209	(112, 287)	'ped'	5265
5210	(51, 55)	'37'	5266
5211	(291, 365)	' dro'	5267
5212	(2078, 1292)	'减少'	5268
5213	(299, 145)	'兑'	5269
5214	(407, 137)	'玉'	5270
5215	(257, 104)	' ah'	5271
5216	(112, 890)	'pite'	5272
5217	(863, 144)	'恐'	5273
5218	(1490, 130)	'狂'	5274
5219	(308, 1293)	'icult'	5275
5220	(1696, 150)	'暖'	5276
5221	(1629, 1065)	'真正'	5277
5222	(807, 166)	'苦'	5278
5223	(2740, 130)	'蒂'	5279
5224	(614, 1909)	'经营'	5280
5225	(277, 3119)	' board'	5281
5226	(268, 2180)	' wants'	5282
5227	(470, 1711)	' When'	5283
5228	(2270, 267)	' career'	5284
5229	(1028, 1293)	' result'	5285
5230	(589, 172)	' ब'	5286
5231	(480, 1121)	'ript'	5287
5232	(434, 746)	' round'	5288
5233	(649, 209)	b'\xd0\xbe\xd1'	5289
5234	(1639, 285)	'ences'	5290
5235	(541, 140)	'掌'	5291
5236	(373, 519)	'imate'	5292
5237	(865, 623)	'此前'	5293
5238	(268, 271)	' wat'	5294
5239	(290, 131)	'會'	5295
5240	(280, 161)	'亡'	5297
5241	(105, 1372)	'ients'	5298
5242	(531, 2095)	' Lows'	5299
5243	(2870, 852)	'核心'	5300
5244	(408, 4423)	'oogle'	5301
5245	(54, 53)	'65'	5302
5246	(1042, 773)	'商品'	5303
5247	(4004, 485)	' latest'	5304
5248	(397, 1414)	'人口'	5305
5249	(300, 275)	' init'	5306
5250	(352, 115)	'ams'	5307
5251	(1358, 135)	'勇'	5308
5252	(67, 274)	'Can'	5309
5253	(498, 131)	'埃'	5310
5254	(1400, 478)	' attem'	5311
5255	(232, 187)	b'\xe8\xbb'	5312
5256	(2199, 160)	' በ'	5313
5257	(108, 1224)	'lish'	5314
5258	(1399, 1664)	'老师'	5315
5259	(651, 274)	'apan'	5316
5260	(3025, 919)	'故事'	5317
5261	(447, 139)	'秋'	5318
5262	(2108, 994)	'财政'	5319
5263	(586, 171)	'ራ'	5320
5264	(2719, 1743)	'微博'	5321
5265	(2203, 913)	'仍然'	5322
5266	(278, 630)	' card'	5323
5267	(101, 285)	'ees'	5324
5268	(607, 3272)	'新闻'	5325
5269	(132, 1936)	b'\x84\xe1\x80\xba\xe1\x80'	5326
5270	(377, 3184)	' Comp'	5327
5271	(834, 536)	' clos'	5328
5272	(797, 4610)	' administr'	5329
5273	(2440, 1674)	'篮板'	5330
5274	(588, 108)	' El'	5331
5275	(1730, 607)	'创新'	5332
5276	(383, 97)	'ira'	5333
5277	(1090, 826)	'女性'	5334
5278	(383, 321)	'irst'	5335
5279	(3013, 331)	' currently'	5336
5280	(589, 164)	' त'	5337
5281	(882, 900)	'两队'	5338
5282	(1987, 1091)	' respond'	5339
5283	(457, 175)	'纯'	5340
5284	(1028, 1153)	' resident'	5341
5285	(309, 145)	'刑'	5342
5286	(346, 271)	' beat'	5343
5287	(519, 103)	'ateg'	5344
5288	(927, 4608)	' perfect'	5345
5289	(278, 1098)	' cause'	5346
5290	(4025, 730)	'尤其'	5347
5291	(1275, 137)	'草'	5348
5292	(778, 161)	'握'	5349
5293	(509, 145)	'剑'	5350
5294	(233, 160)	b'\xe9\xa0'	5351
5295	(1164, 322)	' action'	5352
5296	(218, 190)	'ھ'	5353
5297	(311, 133)	'迅'	5354
5298	(560, 459)	'akers'	5355
5299	(2644, 2309)	'ccording'	5356
5300	(389, 151)	'弗'	5357
5301	(313, 151)	'宗'	5358
5302	(864, 179)	'ታ'	5359
5303	(4758, 283)	' amazing'	5360
5304	(471, 162)	'ย'	5361
5305	(286, 2702)	' mention'	5362
5306	(2287, 3053)	' League'	5363
5307	(872, 350)	'更是'	5364
5308	(1195, 175)	'唯'	5365
5309	(1462, 1715)	'广州'	5366
5310	(3571, 373)	' victim'	5367
5311	(108, 2774)	'load'	5368
5312	(391, 101)	' Me'	5369
5313	(490, 4395)	' NIGHT'	5370
5314	(3961, 107)	' risk'	5371
5315	(1657, 3893)	'改革'	5372
5316	(438, 163)	'散'	5373
5317	(277, 398)	' bur'	5374
5318	(356, 86)	' TV'	5375
5319	(10003, 52)	' 2014'	5376
5320	(471, 165)	'ล'	5377
5321	(1632, 191)	'腿'	5378
5322	(152, 710)	b'\x98\xd0\xb5'	5379
5323	(566, 168)	'ন'	5380
5324	(1686, 2237)	' wrote'	5381
5325	(464, 3992)	' Donald'	5382
5326	(313, 190)	'宾'	5383
5327	(2873, 1053)	' increase'	5384
5328	(275, 276)	'itor'	5385
5329	(32, 382)	' ver'	5386
5330	(602, 747)	'ир'	5388
5331	(1118, 1967)	' himself'	5389
5332	(1171, 147)	'缓'	5390
5333	(381, 603)	' heart'	5391
5334	(111, 326)	'oid'	5392
5335	(386, 556)	'不可'	5393
5336	(2387, 1252)	'责任'	5394
5337	(823, 137)	'廉'	5395
5338	(354, 274)	' San'	5396
5339	(2266, 620)	'官方'	5397
5340	(4468, 3882)	' Democr'	5398
5341	(278, 1125)	' creat'	5399
5342	(2804, 643)	' development'	5400
5343	(1429, 1976)	'观众'	5401
5344	(2221, 934)	'普通'	5402
5345	(913, 587)	'然后'	5403
5346	(354, 1863)	' School'	5404
5347	(305, 522)	' lab'	5405
5348	(341, 162)	'既'	5406
5349	(121, 285)	'yes'	5407
5350	(644, 191)	'替'	5408
5351	(480, 1437)	'ribe'	5409
5352	(1754, 287)	' died'	5410
5353	(606, 130)	'ં'	5411
5354	(1825, 2488)	' subsc'	5412
5355	(69, 67)	'EC'	5413
5356	(655, 2724)	'主席'	5414
5357	(1333, 721)	'推动'	5415
5358	(32, 1923)	' à'	5416
5359	(2737, 825)	'严重'	5417
5360	(80, 67)	'PC'	5418
5361	(1706, 152)	' መ'	5419
5362	(606, 174)	'મ'	5420
5363	(657, 1384)	'开放'	5421
5364	(80, 603)	'Part'	5422
5365	(264, 3285)	' sorry'	5423
5366	(256, 1878)	' takes'	5424
5367	(258, 110)	'inn'	5425
5368	(305, 1565)	' larg'	5426
5369	(4878, 188)	b'\xaf\xe0\xa6\xbc'	5427
5370	(362, 142)	'野'	5428
5371	(1001, 4450)	'保障'	5429
5372	(1117, 99)	' Inc'	5430
5373	(1974, 1745)	'测试'	5431
5374	(586, 152)	'መ'	5432
5375	(320, 118)	'lev'	5433
5376	(641, 543)	' Oct'	5434
5377	(230, 135)	b'\xe6\x87'	5435
5378	(799, 182)	'零'	5436
5379	(751, 895)	'说明'	5437
5380	(264, 583)	' squ'	5438
5381	(2740, 153)	'蒙'	5439
5382	(369, 267)	'iger'	5440
5383	(1231, 271)	' feat'	5441
5384	(428, 1140)	'上周'	5442
5385	(4076, 446)	' Calif'	5444
5386	(257, 729)	' age'	5445
5387	(1203, 320)	' role'	5446
5388	(391, 423)	' Mus'	5447
5389	(1268, 172)	'硬'	5448
5390	(860, 817)	'venue'	5449
5391	(799, 170)	'雪'	5450
5392	(4280, 423)	' focus'	5451
5393	(863, 139)	'恋'	5452
5394	(977, 518)	'只能'	5453
5395	(2210, 3925)	' global'	5454
5396	(54, 54)	'66'	5455
5397	(3263, 441)	' investigation'	5456
5398	(710, 880)	'ел'	5457
5399	(723, 130)	'涂'	5458
5400	(1035, 1335)	' Thank'	5459
5401	(970, 171)	'ያ'	5460
5402	(264, 105)	' si'	5461
5403	(97, 326)	'aid'	5462
5404	(2121, 336)	'另一'	5463
5405	(2182, 777)	'适合'	5464
5406	(293, 107)	'alk'	5465
5407	(313, 135)	'宇'	5466
5408	(109, 283)	'ming'	5467
5409	(277, 2135)	' box'	5468
5410	(195, 168)	'è'	5469
5411	(292, 1489)	' town'	5470
5412	(1330, 1339)	'组图'	5472
5413	(1162, 737)	" couldn't"	5473
5414	(1048, 1218)	' amount'	5474
5415	(790, 1270)	'法院'	5475
5416	(466, 51)	' 23'	5476
5417	(1769, 608)	' weekend'	5477
5418	(1648, 10059)	'深圳'	5478
5419	(289, 418)	' oil'	5479
5420	(1012, 184)	' ਸ'	5480
5421	(77, 80)	'MP'	5481
5422	(1084, 171)	'漫'	5482
5423	(824, 1924)	'位置'	5483
5424	(802, 151)	'し'	5484
5425	(380, 153)	'孙'	5485
5426	(1104, 1624)	'无论'	5486
5427	(280, 166)	'亦'	5487
5428	(356, 111)	' To'	5488
5429	(84, 72)	'TH'	5489
5430	(611, 818)	' plans'	5490
5431	(375, 107)	'unk'	5491
5432	(69, 120)	'Ex'	5492
5433	(2318, 1953)	' specific'	5493
5434	(318, 83)	' IS'	5494
5435	(589, 181)	' व'	5495
5436	(1094, 139)	'ੋ'	5496
5437	(464, 328)	' Day'	5497
5438	(1701, 287)	' posted'	5498
5439	(546, 288)	' var'	5499
5440	(922, 1491)	' usually'	5500
5441	(410, 140)	'册'	5501
5442	(1010, 1153)	' incident'	5502
5443	(505, 97)	'anda'	5503
5444	(333, 2779)	' review'	5504
5445	(1282, 129)	'禁'	5505
5446	(601, 272)	'高的'	5506
5447	(1367, 804)	'程度'	5507
5448	(794, 184)	'胸'	5508
5449	(709, 700)	'同比'	5509
5450	(1589, 1314)	'走势'	5510
5451	(1696, 130)	'暂'	5511
5452	(403, 167)	'巧'	5512
5453	(3674, 553)	'毕业'	5513
5454	(1404, 184)	'脸'	5514
5455	(1000, 1316)	'建立'	5515
5456	(1696, 151)	'暗'	5516
5457	(627, 1325)	'اد'	5517
5458	(84, 111)	'To'	5518
5459	(2493, 187)	'翻'	5519
5460	(3879, 3257)	' January'	5520
5461	(2161, 390)	'命中'	5521
5462	(305, 968)	' log'	5522
5463	(102, 1049)	'ford'	5523
5464	(2025, 620)	'警方'	5524
5465	(779, 1465)	'平米'	5525
5466	(2844, 4949)	' parents'	5526
5467	(70, 76)	'FL'	5528
5468	(622, 1080)	' above'	5529
5469	(1583, 135)	' ч'	5530
5470	(570, 176)	'ర'	5531
5471	(692, 160)	'侠'	5532
5472	(104, 104)	'hh'	5533
5473	(418, 116)	'ilt'	5534
5474	(852, 744)	'心理'	5535
5475	(99, 121)	'cy'	5536
5476	(1616, 911)	'住房'	5537
5477	(3313, 1880)	'吸引'	5538
5478	(1721, 1183)	b'\xe0\xa4\xb0\xe0\xa5\x8d\xe0\xa4'	5539
5479	(645, 151)	'洗'	5540
5480	(365, 310)	'room'	5541
5481	(368, 157)	'帝'	5542
5482	(1055, 397)	'让人'	5543
5483	(5044, 890)	' website'	5544
5484	(831, 3970)	'利润'	5545
5485	(1128, 3885)	'英寸'	5546
5486	(778, 180)	'援'	5547
5487	(257, 3789)	' ahead'	5548
5488	(3149, 817)	' value'	5549
5489	(1200, 777)	'联合'	5550
5490	(264, 2756)	' sounds'	5551
5491	(1127, 183)	'混'	5552
5492	(388, 144)	'徐'	5553
5493	(1552, 3154)	'几乎'	5554
5494	(51, 56)	'38'	5555
5495	(629, 168)	'ਨ'	5556
5496	(511, 4673)	' self'	5557
5497	(845, 776)	'看好'	5558
5498	(1346, 272)	'他们的'	5559
5499	(684, 721)	'自动'	5560
5500	(1012, 185)	' ਹ'	5561
5501	(2652, 156)	'榜'	5562
5502	(2531, 2897)	' represent'	5563
5503	(195, 170)	'ê'	5564
5504	(2442, 2779)	' interview'	5565
5505	(2603, 331)	' nearly'	5566
5506	(1858, 97)	'iya'	5567
5507	(660, 773)	'作品'	5568
5508	(2504, 4169)	' correct'	5569
5509	(640, 506)	'就会'	5570
5510	(2698, 4396)	' situation'	5571
5511	(282, 626)	' fast'	5572
5512	(278, 293)	' cal'	5573
5513	(1596, 2342)	'太阳'	5574
5514	(323, 170)	'प'	5575
5515	(471, 180)	'ิ'	5576
5516	(436, 271)	' Pat'	5577
5517	(1628, 1793)	'精神'	5578
5518	(1246, 137)	'粉'	5579
5519	(1538, 1724)	'快速'	5580
5520	(1704, 48)	' 80'	5581
5521	(1328, 767)	'每天'	5582
5522	(699, 1023)	'机身'	5583
5523	(218, 175)	'گ'	5584
5524	(3308, 2082)	'丰富'	5585
5525	(233, 158)	b'\xe9\x9e'	5586
5526	(282, 1663)	' fix'	5587
5527	(314, 100)	' nd'	5588
5528	(121, 111)	'yo'	5589
5529	(2002, 293)	' personal'	5590
5530	(468, 573)	'以下'	5591
5531	(1738, 287)	' looked'	5592
5532	(629, 164)	'ਤ'	5593
5533	(52, 56)	'48'	5594
5534	(1261, 134)	'摆'	5595
5535	(330, 97)	'ota'	5596
5536	(470, 404)	' With'	5597
5537	(970, 176)	'ደ'	5598
5538	(1016, 267)	'anger'	5599
5539	(2348, 156)	'潜'	5600
5540	(377, 4852)	' Court'	5601
5541	(840, 902)	'ین'	5602
5542	(427, 2271)	'年轻'	5603
5543	(308, 682)	'icks'	5604
5544	(442, 111)	' ko'	5605
5545	(98, 276)	'bor'	5607
5546	(2426, 742)	' educ'	5608
5547	(549, 132)	'俄'	5609
5548	(268, 1224)	' wish'	5610
5549	(2439, 2575)	'突破'	5611
5550	(195, 178)	'ò'	5612
5551	(1497, 399)	'like'	5613
5552	(656, 141)	'遍'	5615
5553	(1835, 964)	'维持'	5616
5554	(1814, 48)	' 90'	5617
5555	(450, 2146)	'olute'	5618
5556	(1720, 3111)	'防守'	5619
5557	(939, 272)	'公司的'	5620
5558	(4545, 1070)	' military'	5621
5559	(1148, 149)	' ક'	5622
5560	(739, 147)	'晓'	5623
5561	(332, 267)	'eter'	5624
5562	(427, 520)	'年来'	5625
5563	(954, 190)	'爾'	5626
5564	(291, 2769)	' drop'	5627
5565	(875, 923)	' knew'	5628
5566	(52, 54)	'46'	5629
5567	(1017, 934)	'交通'	5630
5568	(291, 774)	' div'	5631
5569	(103, 97)	'ga'	5632
5570	(645, 129)	'洁'	5633
5571	(268, 1654)	' wife'	5634
5572	(10024, 738)	' Russia'	5635
5573	(793, 154)	'姚'	5636
5574	(397, 1082)	'人物'	5637
5575	(1796, 10058)	'希腊'	5638
5576	(487, 180)	'浴'	5639
5577	(471, 148)	'ด'	5640
5578	(467, 1216)	'时代'	5641
5579	(1657, 1285)	'改变'	5642
5580	(3566, 283)	' shooting'	5643
5581	(511, 860)	' seven'	5644
5582	(941, 107)	' thank'	5645
5583	(117, 120)	'ux'	5646
5584	(264, 2147)	' suff'	5647
5585	(32, 326)	' id'	5649
5586	(3639, 2732)	' football'	5651
5587	(933, 109)	' imm'	5652
5588	(1541, 330)	' phot'	5653
5589	(482, 136)	'呈'	5654
5590	(1132, 162)	'钢'	5655
5591	(2812, 2227)	' Canada'	5656
5592	(1874, 3211)	' countries'	5657
5593	(1404, 177)	'脱'	5658
5594	(53, 53)	'55'	5659
5595	(353, 1290)	'ached'	5660
5596	(1072, 1134)	'网游'	5661
5597	(291, 369)	' dig'	5662
5598	(109, 301)	'mas'	5663
5599	(1695, 1266)	'采取'	5664
5600	(383, 105)	'iri'	5665
5601	(864, 160)	'በ'	5666
5602	(348, 121)	'ady'	5667
5603	(1617, 4713)	' financial'	5668
5604	(999, 121)	'avy'	5669
5605	(867, 147)	'染'	5671
5606	(933, 5128)	' immedi'	5672
5607	(87, 404)	'With'	5673
5608	(45, 56)	'-8'	5674
5609	(620, 1633)	'方案'	5675
5610	(1114, 135)	'與'	5676
5611	(1050, 129)	'ુ'	5677
5612	(799, 168)	'雨'	5678
5613	(67, 67)	'CC'	5679
5614	(606, 149)	'ક'	5680
5615	(111, 331)	'oly'	5681
5616	(284, 724)	' pub'	5682
5617	(2349, 116)	' capt'	5683
5618	(106, 97)	'ja'	5684
5619	(2681, 322)	' election'	5685
5620	(1128, 3525)	'英語'	5686
5621	(588, 626)	' East'	5687
5622	(504, 489)	' shop'	5688
5623	(978, 746)	' ground'	5689
5624	(100, 97)	'da'	5690
5625	(641, 80)	' OP'	5691
5626	(71, 332)	'Get'	5692
5627	(378, 397)	'有人'	5693
5628	(1513, 1227)	'户型'	5694
5629	(316, 279)	' gen'	5695
5630	(592, 617)	' exist'	5696
5631	(4457, 1314)	'趋势'	5697
5632	(311, 185)	'迹'	5698
5633	(573, 520)	'下来'	5699
5634	(1200, 3065)	'联盟'	5700
5635	(2039, 1502)	' product'	5701
5636	(258, 287)	'ined'	5702
5637	(275, 285)	'ites'	5703
5638	(615, 633)	' Jack'	5704
5639	(1708, 267)	' longer'	5705
5640	(663, 2397)	'最佳'	5706
5641	(3151, 1595)	' type'	5707
5642	(1060, 477)	' score'	5708
5643	(576, 838)	'多数'	5709
5644	(1107, 1402)	'制造'	5710
5645	(2212, 370)	'ribut'	5711
5646	(946, 486)	'提出'	5712
5647	(1614, 4426)	' individ'	5713
5648	(4408, 144)	'에'	5714
5649	(685, 100)	' word'	5715
5650	(2218, 163)	'董'	5716
5651	(601, 1679)	'高清'	5717
5652	(114, 310)	'rom'	5718
5653	(442, 119)	' kw'	5719
5654	(1598, 4509)	'娱乐'	5720
5655	(422, 166)	'账'	5721
5656	(309, 128)	'刀'	5722
5657	(2528, 505)	' demand'	5723
5658	(284, 4814)	' piec'	5724
5659	(10027, 98)	' doub'	5725
5660	(698, 131)	'ස'	5726
5661	(504, 4346)	' shares'	5727
5662	(438, 172)	'敬'	5728
5663	(1117, 1650)	' Intern'	5729
5664	(3362, 993)	' performance'	5730
5665	(1655, 160)	'珠'	5731
5666	(4174, 771)	'肯定'	5732
5667	(2338, 1603)	'索尼'	5733
5668	(1912, 1912)	'----'	5734
5669	(2350, 293)	' legal'	5735
5670	(2432, 276)	' director'	5736
5671	(743, 75)	' UK'	5737
5672	(863, 182)	'恶'	5738
5673	(4274, 320)	' title'	5739
5674	(278, 352)	' cam'	5740
5675	(1146, 789)	'具体'	5741
5676	(55, 54)	'76'	5742
5677	(378, 336)	'有一'	5743
5678	(698, 153)	'ෙ'	5744
5679	(32, 1841)	' 0.'	5745
5680	(1145, 1402)	'打造'	5746
5681	(83, 84)	'ST'	5747
5682	(1114, 146)	'舒'	5748
5683	(1732, 258)	' opin'	5749
5684	(571, 780)	'成长'	5750
5685	(3698, 4247)	' potential'	5751
5686	(278, 505)	' cand'	5752
5687	(1054, 101)	' twe'	5753
5688	(376, 103)	' Ag'	5754
5689	(4132, 121)	' policy'	5755
5690	(323, 163)	'ण'	5756
5691	(3307, 1933)	'冠军'	5757
5692	(448, 145)	'树'	5758
5693	(386, 667)	'不得'	5759
5694	(1677, 2087)	' regular'	5760
5695	(316, 5038)	' gonna'	5761
5696	(1359, 1112)	' address'	5762
5697	(65, 312)	'All'	5763
5698	(281, 99)	'isc'	5764
5699	(109, 265)	'mon'	5765
5700	(277, 271)	' bat'	5766
5701	(3572, 146)	'醒'	5767
5702	(529, 994)	'行政'	5769
5703	(3030, 909)	'姆斯'	5770
5704	(486, 1414)	'出口'	5771
5705	(726, 506)	'都会'	5772
5706	(79, 1211)	'One'	5774
5707	(277, 1335)	' bank'	5775
5708	(533, 1190)	' safe'	5776
5709	(363, 153)	'伙'	5777
5710	(1009, 293)	' Val'	5778
5711	(1859, 1222)	'照片'	5779
5712	(3064, 4364)	' received'	5780
5713	(218, 147)	'ړ'	5781
5714	(707, 160)	'池'	5782
5715	(692, 167)	'侧'	5783
5716	(1094, 176)	'ੰ'	5784
5717	(4600, 1250)	' travel'	5785
5718	(412, 138)	'床'	5786
5719	(121, 274)	'yan'	5787
5720	(195, 180)	'ô'	5788
5721	(3152, 2860)	' Minister'	5789
5722	(1156, 2143)	' however'	5790
5723	(410, 172)	'冬'	5791
5724	(345, 108)	'owl'	5792
5725	(1608, 283)	' starting'	5793
5726	(376, 543)	' Act'	5794
5727	(3151, 112)	' typ'	5795
5728	(3965, 1089)	' summer'	5796
5729	(264, 320)	' sle'	5797
5730	(291, 485)	' dest'	5798
5731	(256, 265)	' ton'	5799
5732	(968, 110)	'ogn'	5800
5733	(1195, 144)	'唐'	5801
5734	(119, 762)	'wood'	5802
5735	(683, 135)	'妇'	5803
5736	(282, 4451)	' federal'	5804
5737	(112, 331)	'ply'	5805
5738	(4896, 2267)	' relationship'	5806
5739	(1311, 579)	'光学'	5807
5740	(2325, 324)	' drive'	5808
5741	(434, 353)	' rac'	5809
5742	(1541, 2693)	' photo'	5810
5743	(418, 1683)	'ilities'	5811
5744	(1817, 173)	'饭'	5812
5745	(278, 4538)	' circ'	5813
5746	(277, 2222)	' bott'	5814
5747	(615, 101)	' Je'	5815
5748	(4290, 618)	b'\xc6\xb0\xe1\xbb'	5816
5749	(161, 430)	b'\xa1\xe1\x80'	5817
5750	(754, 167)	'ට'	5818
5751	(880, 2176)	'лар'	5819
5752	(1114, 185)	'船'	5820
5753	(1017, 1408)	'交流'	5821
5754	(552, 312)	' doll'	5823
5755	(296, 165)	'句'	5824
5756	(874, 3714)	' quality'	5825
5757	(639, 301)	' meas'	5826
5758	(552, 99)	' doc'	5827
5759	(891, 3742)	' Street'	5828
5760	(231, 158)	b'\xe7\x9e'	5829
5761	(3695, 112)	' susp'	5830
5762	(3392, 964)	'坚持'	5831
5763	(1021, 144)	'ነ'	5832
5764	(5051, 612)	' straight'	5833
5765	(1004, 915)	' contact'	5834
5766	(282, 478)	' fem'	5835
5767	(589, 176)	' र'	5836
5768	(1068, 786)	'海外'	5837
5769	(343, 1089)	' emer'	5838
5770	(436, 267)	' Per'	5839
5771	(2714, 134)	' چ'	5840
5772	(438, 143)	'敏'	5841
5773	(338, 140)	'\u200c'	5842
5774	(782, 1425)	'raft'	5843
5775	(10034, 678)	' picture'	5844
5776	(258, 441)	'ination'	5845
5777	(1524, 1924)	'配置'	5846
5778	(707, 189)	'汽'	5847
5779	(119, 111)	'wo'	5848
5780	(1541, 1622)	' phys'	5849
5781	(884, 272)	'基金的'	5850
5782	(297, 288)	' har'	5851
5783	(1366, 988)	'演员'	5852
5784	(1544, 878)	'爱情'	5853
5785	(1747, 136)	'ገ'	5854
5786	(323, 181)	'व'	5855
5787	(629, 185)	'ਹ'	5856
5788	(293, 116)	'alt'	5857
5789	(1469, 163)	'患'	5858
5790	(533, 102)	' saf'	5859
5791	(338, 152)	'‘'	5860
5792	(1819, 2083)	'ার'	5862
5793	(1095, 110)	'ən'	5863
5794	(508, 173)	' ح'	5864
5795	(1766, 345)	' below'	5865
5796	(2103, 649)	' по'	5866
5797	(421, 651)	' weap'	5867
5798	(298, 153)	'仙'	5868
5799	(281, 285)	'ises'	5869
5800	(387, 163)	'扣'	5870
5801	(51, 57)	'39'	5871
5802	(277, 274)	' ban'	5872
5803	(377, 748)	' Cong'	5873
5804	(639, 604)	' meant'	5874
5805	(51, 50)	'32'	5875
5806	(1365, 168)	'骨'	5876
5807	(257, 673)	' aud'	5877
5808	(592, 4841)	' execut'	5878
5809	(846, 166)	'锦'	5879
5810	(98, 2135)	'box'	5880
5811	(343, 612)	' eight'	5881
5812	(387, 174)	'扮'	5882
5813	(4853, 397)	'主持人'	5883
5814	(829, 480)	' arri'	5884
5815	(314, 441)	' nation'	5885
5816	(420, 655)	'为主'	5886
5817	(216, 186)	'غ'	5887
5818	(114, 473)	'rup'	5888
5819	(278, 1293)	' cult'	5889
5820	(1583, 141)	' э'	5890
5821	(4328, 322)	' version'	5891
5822	(720, 147)	'谓'	5892
5823	(1276, 1320)	'首先'	5893
5824	(1107, 804)	'制度'	5894
5825	(284, 876)	' page'	5895
5826	(1616, 4270)	'住宅'	5896
5827	(3903, 1761)	' involved'	5897
5828	(657, 486)	'开出'	5898
5829	(360, 162)	'订'	5899
5830	(4003, 324)	' improve'	5900
5831	(336, 810)	'一名'	5901
5832	(1080, 728)	'overed'	5902
5833	(585, 1551)	' living'	5903
5834	(398, 293)	'ural'	5904
5835	(368, 133)	'帅'	5905
5836	(512, 2045)	' comments'	5906
5837	(279, 283)	'ening'	5907
5838	(3382, 285)	' sales'	5908
5839	(466, 56)	' 28'	5909
5840	(4590, 111)	'ão'	5910
5841	(336, 427)	'一年'	5911
5842	(5020, 5219)	' difficult'	5912
5843	(4257, 1961)	' December'	5913
5844	(108, 3180)	'lished'	5914
5845	(992, 48)	'2000'	5915
5846	(377, 473)	' Cup'	5916
5847	(313, 171)	'宫'	5917
5848	(334, 331)	'ently'	5918
5849	(1042, 492)	'商家'	5919
5850	(121, 283)	'ying'	5920
5851	(826, 518)	'性能'	5921
5852	(873, 557)	'三分'	5922
5853	(1831, 1904)	'涨幅'	5923
5854	(45, 321)	'-st'	5924
5855	(2530, 138)	'熊'	5925
5856	(346, 3905)	' beaut'	5926
5857	(888, 1440)	'第四'	5927
5858	(3821, 1111)	'附近'	5928
5859	(3874, 419)	'韩国'	5929
5860	(3425, 3522)	' technology'	5930
5861	(216, 181)	'ص'	5931
5862	(577, 185)	'筹'	5932
5863	(554, 766)	' deep'	5933
5864	(389, 131)	'弃'	5934
5865	(297, 4593)	' hospital'	5935
5866	(2829, 1192)	'赔率'	5936
5867	(69, 76)	'EL'	5937
5868	(4161, 140)	'嫌'	5938
5869	(471, 151)	'ท'	5939
5870	(1462, 1221)	'广东'	5940
5871	(779, 1278)	'平台'	5941
5872	(1111, 540)	'近日'	5942
5873	(4807, 267)	' answer'	5943
5874	(1106, 168)	'ान'	5944
5875	(705, 100)	'rend'	5945
5876	(1712, 915)	' impact'	5946
5877	(1356, 160)	' አ'	5947
5878	(2355, 782)	' extra'	5948
5879	(419, 786)	'国外'	5949
5880	(884, 3311)	'基金经理'	5950
5881	(282, 105)	' fi'	5951
5882	(490, 345)	' Now'	5952
5883	(442, 274)	' kan'	5953
5884	(2120, 115)	' hands'	5954
5885	(2010, 121)	' ready'	5955
5886	(286, 1961)	' member'	5956
5887	(2605, 117)	' Qu'	5957
5888	(109, 477)	'more'	5958
5889	(1429, 816)	'观点'	5959
5890	(10061, 643)	'vironment'	5960
5891	(458, 283)	'aging'	5961
5892	(3569, 527)	' products'	5962
5893	(717, 191)	'偿'	5963
5894	(98, 398)	'bur'	5964
5895	(503, 1348)	'ав'	5965
5896	(98, 111)	'bo'	5966
5897	(2926, 1322)	'净值'	5967
5898	(296, 172)	'召'	5968
5899	(2496, 920)	' questions'	5969
5900	(1460, 1181)	'升级'	5970
5901	(267, 367)	"er's"	5971
5902	(1037, 165)	'桥'	5972
5903	(542, 762)	' Good'	5973
5904	(216, 183)	'ط'	5974
5905	(257, 431)	' ach'	5975
5906	(785, 1967)	' yourself'	5976
5907	(514, 118)	' conv'	5977
5908	(434, 348)	' rad'	5978
5909	(1413, 287)	'ocked'	5979
5910	(1378, 146)	'を'	5980
5911	(3214, 1675)	' international'	5981
5912	(333, 324)	' reve'	5982
5913	(966, 5031)	' themselves'	5983
5914	(592, 4671)	' example'	5984
5915	(580, 159)	'ட'	5985
5916	(98, 108)	'bl'	5986
5917	(413, 148)	'途'	5987
5918	(436, 603)	' Part'	5988
5919	(264, 1202)	' swe'	5989
5920	(754, 189)	'ල'	5990
5921	(857, 108)	' compl'	5991
5922	(1407, 2505)	'装修'	5992
5923	(542, 719)	' God'	5993
5924	(1239, 1005)	'那些'	5994
5925	(5190, 46)	'www.'	5995
5926	(351, 179)	'乳'	5996
5927	(3906, 331)	' completely'	5997
5928	(46, 50)	'.2'	5998
5929	(458, 97)	'aga'	5999
5930	(3633, 390)	'过程中'	6000
5931	(52, 57)	'49'	6001
5932	(417, 365)	' Bro'	6002
5933	(1576, 1030)	' email'	6003
5934	(2725, 521)	'绝对'	6005
5935	(571, 396)	'成了'	6006
5936	(590, 506)	'也会'	6007
5937	(698, 147)	'ී'	6008
5938	(348, 104)	'adh'	6009
5939	(1024, 115)	'orms'	6010
5940	(906, 844)	'报价'	6011
5941	(323, 166)	'द'	6012
5942	(979, 1757)	'意见'	6013
5943	(1496, 1659)	'热火'	6014
5944	(258, 682)	'inks'	6015
5945	(1028, 4380)	' results'	6016
5946	(1146, 1512)	'具备'	6017
5947	(2349, 2242)	' capital'	6018
5948	(1107, 660)	'制作'	6019
5949	(681, 506)	'将会'	6020
5950	(287, 115)	'eds'	6021
5951	(4857, 608)	' recommend'	6022
5952	(105, 3530)	'ique'	6023
5953	(586, 139)	'ላ'	6024
5954	(3514, 185)	'詹'	6025
5955	(1914, 1336)	'降低'	6026
5956	(290, 177)	'朱'	6027
5957	(1131, 1411)	' applic'	6028
5958	(10012, 2233)	' problems'	6029
5959	(10070, 3728)	'西班牙'	6030
5960	(46, 49)	'.1'	6031
5961	(1681, 681)	'即将'	6032
5962	(10043, 411)	' character'	6033
5963	(789, 1896)	'体育'	6034
5964	(1307, 2694)	'世纪'	6035
5965	(902, 1325)	'ند'	6036
5966	(284, 398)	' pur'	6037
5967	(289, 108)	' ol'	6038
5968	(502, 171)	'毫'	6039
5969	(1623, 499)	' consum'	6040
5970	(1443, 503)	'га'	6041
5971	(293, 287)	'aled'	6042
5972	(387, 172)	'扬'	6043
5973	(1783, 587)	'随后'	6044
5974	(258, 121)	'iny'	6045
5975	(761, 428)	'加上'	6046
5976	(4680, 431)	' touch'	6047
5977	(3784, 69)	' THE'	6048
5978	(119, 935)	'ware'	6049
5979	(554, 121)	' dey'	6050
5980	(107, 121)	'ky'	6051
5981	(114, 612)	'right'	6052
5982	(10011, 283)	' giving'	6053
5983	(4362, 3112)	' original'	6054
5984	(376, 80)	' AP'	6055
5985	(1461, 180)	' ප'	6056
5986	(3443, 267)	' Center'	6057
5987	(217, 190)	'پ'	6058
5988	(569, 170)	'沪'	6059
5989	(372, 156)	'杜'	6060
5990	(1223, 149)	' ক'	6061
5991	(638, 682)	'ocks'	6062
5992	(1115, 2661)	'战略'	6063
5993	(1987, 10064)	' response'	6064
5994	(4414, 521)	'针对'	6065
5995	(3076, 2087)	' popular'	6066
5996	(547, 156)	'颜'	6067
5997	(1848, 287)	'anned'	6068
5998	(570, 178)	'ల'	6069
5999	(45, 54)	'-6'	6070
6000	(10065, 604)	' significant'	6071
6001	(761, 912)	'加入'	6072
6002	(313, 143)	'宏'	6073
6003	(4318, 519)	' private'	6074
6004	(466, 55)	' 27'	6075
6005	(574, 322)	'ession'	6076
6006	(370, 459)	'uters'	6077
6007	(717, 182)	'偶'	6078
6008	(104, 1240)	'hold'	6079
6009	(294, 373)	' anim'	6080
6010	(525, 180)	'阴'	6081
6011	(275, 97)	'ita'	6082
6012	(915, 322)	'action'	6083
6013	(434, 1799)	' range'	6084
6014	(65, 929)	'After'	6085
6015	(272, 655)	'的主'	6086
6016	(3531, 10068)	' February'	6087
6017	(284, 320)	' ple'	6088
6018	(546, 2237)	' vote'	6089
6019	(589, 166)	' द'	6090
6020	(997, 153)	'裙'	6091
6021	(595, 1178)	'公安'	6092
6022	(323, 154)	'च'	6093
6023	(256, 548)	' tour'	6094
6024	(434, 955)	' race'	6095
6025	(4573, 133)	'★'	6096
6026	(714, 272)	'期的'	6097
6027	(3043, 4999)	'编辑'	6098
6028	(614, 1995)	'经历'	6099
6029	(376, 78)	' AN'	6100
6030	(3280, 131)	' ස'	6101
6031	(468, 587)	'以后'	6102
6032	(1470, 265)	' common'	6103
6033	(1139, 602)	'ди'	6104
6034	(296, 182)	'叶'	6105
6035	(231, 146)	b'\xe7\x92'	6107
6036	(232, 179)	b'\xe8\xb3'	6108
6037	(1065, 1079)	'正常'	6109
6038	(531, 97)	' La'	6110
6039	(45, 473)	'-up'	6111
6040	(4445, 326)	' David'	6112
6041	(263, 108)	'rel'	6114
6042	(585, 1895)	' lives'	6115
6043	(824, 2481)	'位於'	6116
6044	(1516, 911)	'票房'	6117
6045	(629, 184)	'ਸ'	6118
6046	(2963, 2963)	'        '	6119
6047	(390, 1234)	'中华'	6120
6048	(377, 1073)	' Coll'	6121
6049	(2054, 1122)	'债务'	6122
6050	(1759, 704)	'ын'	6123
6051	(71, 66)	'GB'	6124
6052	(919, 775)	'事实'	6125
6053	(32, 418)	' il'	6126
6054	(314, 104)	' nh'	6127
6055	(387, 129)	'扁'	6128
6056	(3317, 285)	' changes'	6129
6057	(695, 3034)	'面临'	6130
6058	(277, 406)	' bill'	6131
6059	(521, 620)	'对方'	6132
6060	(78, 3288)	'NBA'	6133
6061	(1157, 115)	'nings'	6134
6062	(589, 156)	' ज'	6135
6063	(750, 128)	'址'	6136
6064	(4300, 3433)	' Associ'	6137
6065	(3786, 293)	'ournal'	6138
6066	(3741, 119)	' draw'	6139
6067	(766, 608)	'epend'	6140
6068	(801, 320)	'iple'	6141
6069	(4190, 1115)	'挑战'	6142
6070	(333, 1006)	' reach'	6143
6071	(802, 166)	'て'	6144
6072	(282, 4527)	' felt'	6145
6073	(521, 865)	'对此'	6146
6074	(606, 181)	'વ'	6147
6075	(1302, 777)	'结合'	6148
6076	(354, 4819)	' Sept'	6149
6077	(264, 635)	' sort'	6150
6078	(297, 2362)	' htt'	6151
6079	(412, 132)	'庄'	6152
6080	(997, 164)	'裤'	6153
6081	(2409, 345)	' follow'	6154
6082	(338, 162)	'•'	6155
6083	(615, 5259)	' Japan'	6156
6084	(65, 68)	'AD'	6157
6085	(73, 109)	'Im'	6158
6086	(97, 1345)	'arent'	6159
6087	(1507, 2198)	' کے'	6160
6088	(466, 57)	' 29'	6161
6089	(4112, 1078)	'截至'	6163
6090	(883, 163)	'督'	6164
6091	(1093, 597)	'股市'	6165
6092	(1256, 665)	'费用'	6166
6093	(558, 170)	'枪'	6167
6094	(323, 151)	'ग'	6168
6095	(740, 1830)	'资料'	6169
6096	(580, 169)	'ன'	6170
6097	(82, 73)	'RI'	6171
6098	(52, 55)	'47'	6172
6099	(5364, 331)	'Partly'	6173
6100	(620, 1247)	'方向'	6174
6101	(626, 308)	'astic'	6175
6102	(1186, 283)	' seeing'	6176
6103	(688, 3440)	' allowed'	6177
6104	(277, 673)	' bud'	6178
6105	(1019, 112)	' prep'	6179
6106	(901, 115)	' ens'	6180
6107	(114, 352)	'ram'	6181
6108	(341, 166)	'旦'	6182
6109	(98, 287)	'bed'	6183
6110	(434, 274)	' ran'	6184
6111	(256, 398)	' tur'	6185
6112	(882, 397)	'两人'	6186
6113	(384, 173)	'凭'	6187
6114	(2655, 519)	' create'	6188
6115	(1629, 775)	'真实'	6189
6116	(2181, 274)	' clean'	6190
6117	(531, 10067)	' London'	6191
6118	(382, 116)	'vert'	6192
6119	(677, 3053)	' league'	6193
6120	(466, 54)	' 26'	6194
6121	(306, 134)	'圆'	6195
6122	(438, 140)	'敌'	6196
6123	(279, 287)	'ened'	6197
6124	(351, 177)	'乱'	6198
6125	(685, 3210)	' words'	6199
6126	(273, 108)	'oul'	6200
6127	(629, 130)	'ਂ'	6201
6128	(916, 2023)	' prices'	6202
6129	(276, 926)	'order'	6203
6130	(5385, 10069)	' California'	6204
6131	(378, 800)	'有所'	6205
6132	(488, 301)	' areas'	6206
6133	(271, 105)	'ati'	6207
6134	(545, 4609)	'发挥'	6208
6135	(619, 1216)	'现代'	6209
6136	(3548, 716)	'促进'	6210
6137	(471, 176)	'ะ'	6211
6138	(936, 166)	'邦'	6212
6139	(4068, 485)	' honest'	6213
6140	(1330, 777)	'组合'	6214
6141	(632, 3189)	' training'	6215
6142	(116, 308)	'tic'	6216
6143	(114, 115)	'rs'	6217
6144	(1522, 166)	'韦'	6218
6145	(2844, 326)	' paid'	6219
6146	(1203, 312)	' roll'	6220
6147	(476, 156)	'拜'	6221
6148	(4586, 890)	' favorite'	6222
6149	(1861, 267)	' leader'	6223
6150	(1498, 154)	'楚'	6224
6151	(2090, 161)	'堡'	6225
6152	(291, 519)	' date'	6226
6153	(4940, 494)	' August'	6227
6154	(970, 181)	'ድ'	6228
6155	(1090, 1361)	'女士'	6229
6156	(794, 128)	'胀'	6230
6157	(463, 267)	' Her'	6231
6158	(421, 108)	' wel'	6232
6159	(933, 458)	' imag'	6233
6160	(3917, 97)	' Korea'	6234
6161	(301, 107)	'ask'	6235
6162	(1537, 1320)	'领先'	6236
6163	(111, 101)	'oe'	6237
6164	(276, 729)	'orge'	6238
6165	(332, 365)	'etro'	6239
6166	(2766, 485)	' request'	6240
6167	(39, 110)	"'n"	6241
6168	(291, 117)	' du'	6242
6169	(2548, 2693)	' Photo'	6243
6170	(2745, 287)	' turned'	6244
6171	(1677, 322)	' region'	6245
6172	(1602, 10071)	'双色球'	6246
6173	(333, 98)	' reb'	6247
6174	(1586, 156)	'搜'	6248
6175	(961, 1206)	'并没有'	6249
6176	(1915, 10063)	' biggest'	6250
6177	(615, 1740)	' James'	6251
6178	(2473, 272)	'不同的'	6252
6179	(428, 2754)	'上午'	6253
6180	(1012, 168)	' ਨ'	6254
6181	(85, 110)	'Un'	6255
6182	(1060, 3301)	' scene'	6256
6183	(104, 274)	'han'	6257
6184	(45, 258)	'-in'	6258
6185	(118, 485)	'vest'	6259
6186	(45, 103)	'-g'	6260
6187	(688, 345)	' allow'	6261
6188	(3386, 529)	'执行'	6262
6189	(514, 1313)	' convers'	6263
6190	(4528, 430)	b'\xe1\x80\xbc\xe1\x80'	6264
6191	(593, 100)	' ord'	6265
6192	(1730, 1402)	'创造'	6266
6193	(110, 104)	'nh'	6267
6194	(83, 600)	'Some'	6268
6195	(1214, 152)	'默'	6269
6196	(368, 149)	'帕'	6270
6197	(1004, 3554)	' contract'	6271
6198	(716, 2404)	'进攻'	6272
6199	(293, 285)	'ales'	6273
6200	(713, 4879)	' spokes'	6274
6201	(1057, 852)	'信心'	6275
6202	(106, 101)	'je'	6276
6203	(1461, 154)	' ක'	6277
6204	(3253, 115)	' winds'	6278
6205	(66, 73)	'BI'	6279
6206	(434, 2747)	' rights'	6280
6207	(2155, 1699)	'满足'	6281
6208	(3840, 397)	'负责人'	6282
6209	(713, 330)	' spot'	6283
6210	(3568, 400)	'扩大'	6284
6211	(664, 100)	' god'	6285
6212	(1586, 186)	'携'	6286
6213	(1561, 382)	' cover'	6287
6214	(97, 274)	'aan'	6288
6215	(704, 649)	'но'	6289
6216	(1093, 1555)	'股份'	6290
6217	(457, 184)	'纸'	6291
6218	(2414, 115)	' groups'	6292
6219	(10025, 110)	' learn'	6293
6220	(471, 149)	'ต'	6294
6221	(1628, 1357)	'精彩'	6295
6222	(112, 283)	'ping'	6296
6223	(1748, 1372)	' events'	6297
6224	(2282, 2859)	' obvious'	6298
6225	(529, 878)	'行情'	6299
6226	(232, 157)	b'\xe8\x9d'	6300
6227	(661, 3987)	' cannot'	6301
6228	(1356, 168)	' ከ'	6302
6229	(724, 101)	'ube'	6303
6230	(1805, 832)	' در'	6304
6231	(2643, 397)	'湖人'	6305
6232	(107, 110)	'kn'	6306
6233	(3103, 2143)	' However'	6307
6234	(256, 263)	' tre'	6308
6235	(277, 1255)	' bull'	6309
6236	(48, 56)	'08'	6310
6237	(640, 553)	'就业'	6311
6238	(3089, 1198)	'宣布'	6312
6239	(332, 116)	'ett'	6313
6240	(155, 430)	b'\x9b\xe1\x80'	6314
6241	(69, 79)	'EO'	6315
6242	(973, 331)	'ibly'	6316
6243	(4959, 526)	' Angel'	6317
6244	(196, 141)	'č'	6318
6245	(2906, 1881)	'背景'	6319
6246	(316, 690)	' gone'	6320
6247	(2428, 495)	'找到'	6321
6248	(619, 2060)	'现象'	6322
6249	(750, 143)	'坏'	6323
6250	(385, 1403)	' states'	6324
6251	(97, 275)	'ait'	6325
6252	(913, 689)	'然而'	6326
6253	(710, 1150)	'ек'	6327
6254	(617, 308)	'istic'	6328
6255	(354, 600)	' Some'	6329
6256	(109, 279)	'men'	6330
6257	(284, 3701)	' purch'	6331
6258	(392, 179)	'耳'	6332
6259	(54, 424)	'600'	6333
6260	(883, 161)	'睡'	6334
6261	(664, 374)	' gold'	6335
6262	(503, 945)	'ас'	6336
6263	(232, 152)	b'\xe8\x98'	6337
6264	(2323, 534)	'卫生'	6338
6265	(2889, 397)	'令人'	6339
6266	(777, 709)	'合同'	6340
6267	(712, 101)	' Ke'	6341
6268	(345, 100)	'owd'	6342
6269	(4635, 4581)	'陶瓷'	6343
6270	(274, 111)	'ano'	6344
6271	(2520, 557)	'充分'	6345
6272	(812, 272)	'内的'	6346
6273	(1752, 598)	'它们'	6347
6274	(1747, 141)	'ግ'	6348
6275	(121, 273)	'you'	6349
6276	(427, 623)	'年前'	6350
6277	(276, 103)	'org'	6351
6278	(695, 272)	'面的'	6352
6279	(49, 1269)	'1000'	6353
6280	(267, 324)	'erve'	6354
6281	(114, 283)	'ring'	6355
6282	(415, 181)	'抵'	6356
6283	(388, 140)	'後'	6357
6284	(511, 1876)	' search'	6358
6285	(336, 492)	'一家'	6359
6286	(10042, 2544)	' opportunity'	6360
6287	(1025, 188)	'發'	6361
6288	(396, 889)	'了一个'	6362
6289	(346, 2059)	' began'	6363
6290	(10020, 801)	' particip'	6364
6291	(500, 433)	'ounce'	6365
6292	(98, 505)	'band'	6366
6293	(705, 431)	'rench'	6367
6294	(5272, 441)	' administration'	6368
6295	(114, 1502)	'ruct'	6369
6296	(2903, 283)	' watching'	6370
6297	(52, 424)	'400'	6371
6298	(1072, 428)	'网上'	6372
6299	(614, 1079)	'经常'	6373
6300	(119, 866)	'well'	6374
6301	(325, 180)	'戴'	6375
6302	(1764, 157)	' ዝ'	6376
6303	(284, 728)	' pred'	6377
6304	(278, 2337)	' cross'	6378
6305	(1407, 1512)	'装备'	6379
6306	(1880, 1020)	'引起'	6380
6307	(790, 3229)	'法律'	6381
6308	(490, 332)	' Net'	6382
6309	(2286, 962)	'While'	6383
6310	(68, 80)	'DP'	6384
6311	(540, 623)	'日前'	6385
6312	(461, 173)	'闭'	6386
6313	(754, 175)	'ද'	6387
6314	(327, 1927)	' yeah'	6388
6315	(2268, 115)	' laws'	6389
6316	(1932, 2233)	' terms'	6390
6317	(1670, 1103)	"You're"	6391
6318	(1432, 2014)	'亚洲'	6392
6319	(2637, 272)	'岁的'	6393
6320	(5118, 129)	'繁'	6394
6321	(870, 191)	'矿'	6395
6322	(805, 153)	'墙'	6396
6323	(108, 612)	'light'	6397
6324	(80, 365)	'Pro'	6398
6325	(2314, 1149)	' Indian'	6399
6326	(596, 3503)	' chief'	6400
6327	(336, 816)	'一点'	6401
6328	(3595, 2594)	'刺激'	6402
6329	(3963, 267)	' Super'	6403
6330	(1801, 790)	'办法'	6404
6331	(721, 660)	'动作'	6405
6332	(1641, 135)	'症'	6406
6333	(1012, 181)	' ਵ'	6407
6334	(540, 887)	'日电'	6408
6335	(647, 178)	'署'	6409
6336	(828, 400)	'很大'	6410
6337	(114, 100)	'rd'	6411
6338	(864, 163)	'ባ'	6412
6339	(73, 77)	'IM'	6413
6340	(286, 1077)	' mob'	6414
6341	(2011, 136)	'иш'	6415
6342	(1567, 617)	' assist'	6416
6343	(1971, 367)	" Trump's"	6417
6344	(546, 738)	' via'	6418
6345	(641, 104)	' Oh'	6419
6346	(471, 154)	'บ'	6420
6347	(519, 382)	'atever'	6421
6348	(838, 1036)	'数量'	6422
6349	(1060, 1290)	' sched'	6423
6350	(698, 144)	'ැ'	6424
6351	(390, 2049)	'中國'	6425
6352	(4870, 777)	'符合'	6426
6353	(713, 334)	' spent'	6427
6354	(381, 312)	' hell'	6428
6355	(5155, 104)	'ograph'	6429
6356	(1148, 170)	' પ'	6430
6357	(329, 186)	'尺'	6431
6358	(1662, 129)	'梁'	6432
6359	(77, 328)	'May'	6433
6360	(4239, 287)	' alleged'	6434
6361	(580, 179)	'ள'	6435
6362	(4742, 116)	'aught'	6436
6363	(1817, 174)	'饮'	6437
6364	(1060, 2945)	' screen'	6438
6365	(1235, 667)	'使得'	6439
6366	(614, 3101)	'经典'	6440
6367	(77, 101)	'Me'	6441
6368	(904, 2552)	' accept'	6442
6369	(522, 97)	'aba'	6443
6370	(57, 53)	'95'	6444
6371	(469, 179)	' г'	6445
6372	(508, 162)	' آ'	6446
6373	(272, 3004)	'的朋友'	6447
6374	(106, 117)	'ju'	6448
6375	(3876, 1763)	' England'	6449
6376	(854, 623)	'当前'	6450
6377	(313, 160)	'宠'	6451
6378	(3589, 1130)	'享受'	6452
6379	(4314, 3745)	' William'	6453
6380	(1840, 2661)	'策略'	6454
6381	(4596, 506)	'委员会'	6455
6382	(881, 141)	'霍'	6456
6383	(3733, 573)	'旗下'	6457
6384	(282, 263)	' fre'	6458
6385	(911, 784)	'房子'	6459
6386	(105, 332)	'iet'	6460
6387	(353, 484)	'acher'	6461
6388	(617, 274)	'istan'	6462
6389	(282, 2069)	' father'	6463
6390	(1200, 3299)	'联储'	6464
6391	(417, 3418)	' BBC'	6465
6392	(507, 178)	'欲'	6466
6393	(2570, 536)	' oppos'	6467
6394	(291, 1450)	' dont'	6468
6395	(480, 274)	'rian'	6469
6396	(899, 3878)	'万像素'	6470
6397	(386, 1699)	'不足'	6471
6398	(953, 2127)	'计算'	6472
6399	(463, 281)	' His'	6473
6400	(551, 130)	'挂'	6474
6401	(3280, 128)	' ව'	6475
6402	(825, 607)	'重新'	6476
6403	(1893, 1379)	'楼盘'	6477
6404	(666, 1140)	'本周'	6478
6405	(539, 727)	'地球'	6479
6406	(2006, 784)	'儿子'	6480
6407	(2319, 562)	'黄金'	6481
6408	(1419, 3235)	' decided'	6483
6409	(458, 111)	'ago'	6484
6410	(226, 134)	b'\xe2\x86'	6485
6411	(1064, 1533)	' text'	6486
6412	(264, 608)	' send'	6487
6413	(689, 1979)	'而言'	6488
6414	(66, 101)	'Be'	6489
6415	(358, 154)	'诚'	6490
6416	(112, 109)	'pm'	6491
6417	(197, 190)	'ž'	6492
6418	(1087, 272)	'样的'	6493
6419	(740, 666)	'资本'	6494
6420	(1577, 1473)	' daily'	6495
6421	(1016, 117)	'angu'	6496
6422	(286, 965)	' mark'	6497
6423	(843, 144)	'隐'	6498
6424	(543, 322)	'ction'	6499
6425	(2374, 272)	'重要的'	6500
6426	(2039, 3155)	' production'	6501
6427	(259, 108)	'hel'	6502
6428	(2129, 132)	'을'	6503
6429	(1004, 334)	' content'	6504
6430	(1629, 272)	'真的'	6505
6431	(1854, 1181)	'评级'	6506
6432	(561, 134)	'辆'	6507
6433	(864, 178)	'ቲ'	6508
6434	(1438, 1972)	'亿美元'	6509
6435	(681, 568)	'将于'	6510
6436	(105, 604)	'iant'	6512
6437	(536, 104)	'osh'	6513
6438	(895, 1744)	'明确'	6514
6439	(1223, 172)	' ব'	6515
6440	(835, 272)	'目的'	6516
6441	(4014, 876)	' message'	6517
6442	(2177, 5187)	'人民共和'	6518
6443	(1748, 4051)	' evidence'	6519
6444	(2813, 3290)	b'\xe1\x80\xb1\xe1\x80\xac\xe1\x80'	6520
6445	(450, 97)	'ola'	6521
6446	(2700, 633)	' Black'	6522
6447	(1741, 836)	' carry'	6523
6448	(978, 505)	' grand'	6524
6449	(231, 183)	b'\xe7\xb7'	6525
6450	(3067, 3154)	'似乎'	6526
6451	(1903, 909)	'罗斯'	6527
6452	(2590, 560)	' speak'	6528
6453	(517, 475)	' neigh'	6529
6454	(305, 633)	' lack'	6530
6455	(513, 161)	'泡'	6531
6456	(437, 819)	' asking'	6532
6457	(2826, 1746)	'-based'	6533
6458	(4502, 163)	'縣'	6534
6459	(3240, 876)	' damage'	6535
6460	(32, 499)	' um'	6536
6461	(1545, 1314)	'形势'	6537
6462	(2012, 97)	' za'	6538
6463	(2406, 506)	'协会'	6539
6464	(1217, 157)	'喝'	6540
6465	(1801, 595)	'办公'	6541
6466	(178, 5182)	b'\xb2\xe1\x80\xb7'	6542
6467	(511, 1775)	' select'	6543
6468	(1737, 1001)	'环保'	6544
6469	(1483, 157)	b' \xec\x9d'	6545
6470	(1546, 3693)	'反弹'	6546
6471	(1257, 1417)	' brother'	6547
6472	(257, 102)	' af'	6549
6473	(618, 153)	'ộ'	6550
6474	(558, 154)	'枚'	6551
6475	(271, 3378)	'atives'	6552
6476	(303, 1718)	' thread'	6553
6477	(2055, 2713)	' difference'	6554
6478	(277, 458)	' bag'	6555
6479	(2217, 2118)	'को'	6556
6480	(1463, 706)	'完美'	6557
6481	(298, 148)	'仔'	6558
6482	(2432, 331)	' directly'	6559
6483	(264, 4129)	' source'	6560
6484	(370, 267)	'uter'	6561
6485	(480, 1511)	'rible'	6562
6486	(684, 1092)	'自由'	6563
6487	(286, 334)	' ment'	6564
6488	(2011, 143)	'ия'	6565
6489	(195, 186)	'ú'	6566
6490	(3940, 459)	' customers'	6568
6491	(932, 2025)	'民警'	6569
6492	(256, 976)	' tick'	6570
6493	(789, 1085)	'体系'	6571
6494	(413, 131)	'逃'	6572
6495	(10072, 3024)	' energy'	6573
6496	(420, 1970)	'为什么'	6574
6497	(4384, 141)	'植'	6575
6498	(1784, 115)	' runs'	6576
6499	(589, 173)	' भ'	6577
6500	(107, 279)	'ken'	6578
6501	(2410, 3715)	'欢迎'	6579
6502	(51, 52)	'34'	6580
6503	(1861, 283)	' leading'	6581
6504	(333, 118)	' rev'	6582
6505	(1158, 129)	'ু'	6583
6506	(1655, 141)	'珍'	6584
6507	(2667, 272)	'更多的'	6585
6508	(103, 103)	'gg'	6586
6509	(418, 285)	'iles'	6587
6510	(297, 276)	' hor'	6588
6511	(107, 274)	'kan'	6589
6512	(629, 188)	'਼'	6590
6513	(1133, 1188)	'强调'	6591
6514	(1507, 840)	' کی'	6592
6515	(1037, 145)	'桑'	6593
6516	(230, 167)	b'\xe6\xa7'	6594
6517	(319, 169)	'佩'	6595
6518	(1515, 396)	'进行了'	6596
6519	(281, 1081)	'ishing'	6597
6520	(398, 117)	'uru'	6598
6521	(39, 114)	"'r"	6599
6522	(321, 265)	'ston'	6600
6523	(510, 258)	' Fin'	6601
6524	(1377, 272)	'她的'	6602
6525	(569, 137)	'沉'	6603
6526	(1416, 287)	' showed'	6604
6527	(3402, 2284)	'距离'	6605
6528	(1257, 2976)	' brought'	6606
6529	(267, 99)	'erc'	6607
6530	(802, 140)	'が'	6608
6531	(513, 189)	'泽'	6609
6532	(625, 160)	'渠'	6611
6533	(2810, 3646)	' article'	6612
6534	(645, 165)	'津'	6613
6535	(5063, 574)	' necess'	6614
6536	(777, 744)	'合理'	6615
6537	(2078, 4646)	'减肥'	6616
6538	(2642, 283)	' interesting'	6617
6539	(3093, 1106)	b'\xe0\xa5\x8d\xe0\xa4\xaf\xe0\xa4\xbe\xe0\xa4'	6618
6540	(5525, 139)	'鞋'	6619
6541	(434, 532)	' rain'	6620
6542	(491, 1394)	' jump'	6621
6543	(5686, 326)	' candid'	6622
6544	(1614, 308)	' indic'	6623
6545	(344, 178)	'劲'	6624
6546	(76, 3005)	'LED'	6625
6547	(101, 287)	'eed'	6626
6548	(1142, 5732)	' recogn'	6627
6549	(97, 673)	'aud'	6628
6550	(666, 2850)	'本赛季'	6629
6551	(1078, 1292)	'至少'	6630
6552	(4669, 915)	'ufact'	6631
6553	(1052, 115)	' knows'	6632
6554	(1090, 2006)	'女儿'	6633
6555	(10024, 1149)	' Russian'	6634
6556	(529, 721)	'行动'	6635
6557	(371, 2313)	" you'll"	6636
6558	(277, 2976)	' bought'	6637
6559	(1285, 2632)	'变焦'	6638
6560	(264, 348)	' sad'	6639
6561	(4786, 1418)	'纽约'	6640
6562	(354, 121)	' Sy'	6641
6563	(985, 176)	'灰'	6642
6564	(1514, 518)	'技能'	6643
6565	(564, 751)	'他说'	6644
6566	(1362, 191)	'ế'	6645
6567	(1682, 1160)	' happens'	6646
6568	(1048, 98)	' amb'	6647
6569	(516, 153)	'忙'	6648
6570	(595, 657)	'公开'	6649
6571	(1060, 3454)	' scored'	6650
6572	(4950, 281)	' epis'	6651
6573	(210, 179)	'ҳ'	6652
6574	(1893, 597)	'楼市'	6653
6575	(2642, 287)	' interested'	6654
6576	(391, 353)	' Mac'	6655
6577	(117, 399)	'uke'	6656
6578	(107, 111)	'ko'	6657
6579	(849, 49)	' 31'	6658
6580	(264, 697)	' sect'	6659
6581	(2081, 614)	'曾经'	6660
6582	(1590, 287)	' helped'	6661
6583	(55, 55)	'77'	6662
6584	(298, 129)	'仁'	6663
6585	(278, 271)	' cat'	6664
6586	(268, 861)	' ways'	6665
6587	(1677, 630)	' regard'	6666
6588	(1178, 1846)	'安排'	6667
6589	(5555, 331)	'olutely'	6668
6590	(518, 1894)	'能源'	6669
6591	(433, 312)	'cell'	6670
6592	(942, 1212)	'投注'	6671
6593	(1938, 459)	' officers'	6672
6594	(715, 786)	'之外'	6673
6595	(1681, 1235)	'即使'	6674
6596	(496, 1370)	' Reg'	6675
6597	(2340, 4250)	' college'	6676
6598	(294, 3334)	' anti'	6677
6599	(5297, 1724)	'迅速'	6678
6600	(79, 80)	'OP'	6679
6601	(3089, 1492)	'宣传'	6680
6602	(281, 108)	'isl'	6681
6603	(384, 161)	'凡'	6682
6604	(2766, 947)	' require'	6683
6605	(234, 176)	b'\xea\xb0'	6684
6606	(604, 97)	'anta'	6685
6607	(114, 328)	'ray'	6686
6608	(282, 271)	' fat'	6687
6609	(1844, 369)	' relig'	6688
6610	(316, 301)	' gas'	6689
6611	(4441, 276)	' terror'	6691
6612	(561, 155)	'辛'	6692
6613	(446, 528)	'iful'	6693
6614	(62, 62)	'>>'	6694
6615	(2080, 130)	'ાં'	6695
6616	(2358, 2464)	'数据显示'	6696
6617	(264, 2592)	' size'	6697
6618	(589, 151)	' ग'	6698
6619	(1014, 704)	'ун'	6699
6620	(2952, 348)	' broad'	6700
6621	(32, 840)	' ی'	6701
6622	(272, 1505)	'的发展'	6702
6623	(4248, 331)	' quickly'	6703
6624	(1229, 4389)	'奖励'	6704
6625	(286, 759)	' mine'	6705
6626	(659, 145)	'郑'	6706
6627	(299, 188)	'兼'	6707
6628	(595, 1531)	'公告'	6708
6629	(48, 53)	'05'	6709
6630	(73, 68)	'ID'	6710
6631	(471, 170)	'ส'	6711
6632	(32, 370)	' ut'	6712
6633	(1045, 676)	' became'	6713
6634	(5790, 3140)	' safety'	6714
6635	(277, 293)	' bal'	6715
6636	(264, 418)	' sil'	6716
6637	(106, 3829)	'jects'	6717
6638	(945, 1150)	'ск'	6718
6639	(533, 324)	' save'	6719
6640	(880, 602)	'ли'	6720
6641	(532, 116)	'aint'	6721
6642	(2714, 175)	' گ'	6722
6643	(726, 357)	'都在'	6723
6644	(1645, 2188)	' defense'	6724
6645	(1621, 2500)	' strugg'	6725
6646	(468, 623)	'以前'	6726
6647	(1640, 1860)	' sometimes'	6727
6648	(2590, 287)	' speed'	6728
6649	(508, 163)	' أ'	6729
6650	(1274, 367)	" He's"	6730
6651	(657, 1379)	'开盘'	6731
6652	(2294, 283)	' moving'	6732
6653	(67, 72)	'CH'	6733
6654	(609, 115)	'ears'	6734
6655	(334, 121)	'enty'	6735
6656	(354, 431)	' Sch'	6736
6657	(658, 183)	'長'	6737
6658	(1690, 170)	'்ப'	6738
6659	(310, 97)	'oma'	6739
6660	(358, 166)	'详'	6740
6661	(916, 373)	' prim'	6741
6662	(523, 143)	'氏'	6742
6663	(365, 115)	'ros'	6743
6664	(693, 1425)	' soft'	6744
6665	(936, 174)	'邮'	6745
6666	(1678, 287)	' ended'	6746
6667	(489, 104)	'oph'	6747
6668	(361, 433)	' force'	6748
6669	(305, 3508)	' liter'	6749
6670	(114, 117)	'ru'	6750
6671	(305, 972)	' lose'	6751
6672	(356, 398)	' Tur'	6752
6673	(275, 937)	'itiz'	6753
6674	(686, 1279)	' upper'	6754
6675	(578, 104)	'resh'	6755
6676	(280, 158)	'亞'	6756
6677	(1615, 932)	'居民'	6757
6678	(2480, 283)	' missing'	6758
6679	(2271, 2673)	'轻松'	6759
6680	(1632, 176)	'腰'	6760
6681	(104, 762)	'hood'	6761
6682	(1587, 390)	'集中'	6762
6683	(79, 114)	'Or'	6763
6684	(794, 134)	'胆'	6764
6685	(272, 1374)	'的时间'	6765
6686	(2016, 1305)	' medical'	6766
6687	(664, 1569)	' goals'	6767
6688	(881, 184)	'霸'	6768
6689	(1090, 397)	'女人'	6769
6690	(714, 2722)	'期待'	6771
6691	(3172, 267)	' manager'	6772
6692	(1029, 367)	" she's"	6773
6693	(601, 1724)	'高速'	6774
6694	(4851, 2267)	'ampionship'	6775
6695	(106, 494)	'just'	6776
6696	(2671, 276)	' prior'	6777
6697	(10074, 1756)	'恢复'	6779
6698	(85, 78)	'UN'	6780
6699	(1297, 895)	'证明'	6781
6700	(1976, 576)	'众多'	6782
6701	(324, 121)	'vey'	6783
6702	(311, 148)	'返'	6784
6703	(5026, 3374)	' senior'	6785
6704	(100, 892)	'down'	6786
6705	(4524, 370)	'secut'	6787
6706	(52, 52)	'44'	6788
6707	(5103, 293)	' normal'	6789
6708	(1023, 1555)	'身份'	6790
6709	(461, 178)	'闲'	6792
6710	(336, 2288)	'一切'	6793
6711	(99, 320)	'cle'	6794
6712	(406, 287)	'illed'	6795
6713	(316, 97)	' ga'	6796
6714	(745, 272)	'力的'	6797
6715	(10073, 839)	' material'	6798
6716	(5065, 160)	'고'	6799
6717	(1528, 2561)	'\xa0\xa0\xa0 '	6800
6718	(480, 97)	'ria'	6801
6719	(828, 1722)	'很难'	6802
6720	(579, 492)	'学家'	6803
6721	(4812, 4988)	' Michael'	6804
6722	(4150, 3192)	'训练'	6805
6723	(907, 272)	'里的'	6806
6724	(520, 495)	'来到'	6807
6725	(744, 2108)	'理财'	6808
6726	(553, 812)	'业内'	6809
6727	(400, 1229)	'大奖'	6810
6728	(1033, 1357)	'色彩'	6811
6729	(4062, 996)	' property'	6812
6730	(98, 274)	'ban'	6813
6731	(832, 840)	'ری'	6814
6732	(109, 98)	'mb'	6815
6733	(561, 137)	'辉'	6816
6734	(264, 478)	' sem'	6817
6735	(917, 816)	'特点'	6818
6736	(4440, 2212)	' describ'	6819
6737	(329, 138)	'尊'	6820
6738	(4122, 433)	'force'	6821
6739	(321, 604)	'stant'	6822
6740	(821, 174)	'種'	6823
6741	(3426, 1716)	' sexual'	6824
6742	(1127, 161)	'淡'	6825
6743	(2720, 852)	'担心'	6826
6744	(3645, 308)	' economic'	6827
6745	(282, 2097)	' farm'	6828
6746	(57, 56)	'98'	6829
6747	(436, 4976)	' Paul'	6830
6748	(285, 1650)	'estern'	6831
6749	(1540, 4286)	'优惠'	6832
6750	(810, 272)	'名的'	6833
6751	(376, 263)	' Are'	6834
6752	(1203, 98)	' rob'	6835
6753	(3957, 1165)	' violence'	6836
6754	(1603, 2427)	'尼康'	6837
6755	(1365, 145)	'骑'	6838
6756	(117, 97)	'ua'	6839
6757	(321, 101)	'ste'	6840
6758	(509, 169)	'剩'	6841
6759	(586, 155)	'ማ'	6842
6760	(655, 1252)	'主任'	6843
6761	(1357, 932)	'彩民'	6844
6762	(111, 45)	'o-'	6845
6763	(1749, 1758)	'留学生'	6846
6764	(848, 1109)	'如今'	6847
6765	(79, 87)	'OW'	6848
6766	(1126, 2767)	' disapp'	6849
6767	(659, 173)	'郭'	6850
6768	(408, 682)	'ooks'	6851
6769	(3355, 322)	' option'	6852
6770	(936, 128)	'邀'	6853
6771	(1864, 158)	'撞'	6854
6772	(236, 132)	b'\xec\x84'	6855
6773	(576, 1292)	'多少'	6856
6774	(3782, 147)	'鼓'	6857
6775	(1115, 3909)	'战斗'	6858
6776	(331, 283)	'lying'	6859
6777	(236, 167)	b'\xec\xa7'	6860
6778	(4470, 285)	' rules'	6861
6779	(742, 682)	'ucks'	6862
6780	(3214, 332)	' internet'	6863
6781	(370, 104)	'uth'	6864
6782	(2876, 697)	' protect'	6865
6783	(763, 190)	'艾'	6866
6784	(2048, 175)	'華'	6867
6785	(116, 787)	'time'	6868
6786	(864, 189)	'ች'	6870
6787	(2518, 130)	'ਾਂ'	6871
6788	(2160, 121)	' Why'	6872
6789	(723, 155)	'涛'	6873
6790	(278, 1693)	' cash'	6874
6791	(901, 5890)	' environment'	6875
6792	(352, 110)	'amn'	6876
6793	(2636, 176)	'ార'	6877
6794	(174, 1287)	b'\xae\xe0\xaf\x8d'	6878
6795	(343, 271)	' eat'	6879
6796	(119, 815)	'what'	6880
6797	(1056, 109)	' firm'	6881
6798	(1788, 1157)	' winning'	6882
6799	(1552, 460)	'几个'	6883
6800	(68, 326)	'Did'	6884
6801	(1155, 187)	'驻'	6885
6802	(1585, 179)	'ン'	6886
6803	(76, 69)	'LE'	6887
6804	(10003, 51)	' 2013'	6888
6805	(391, 965)	' Mark'	6889
6806	(68, 905)	"Don't"	6890
6807	(462, 1421)	'这款'	6891
6808	(73, 80)	'IP'	6892
6809	(979, 10037)	'意大利'	6893
6810	(2775, 1168)	' په'	6894
6811	(511, 4661)	' separ'	6895
6812	(66, 121)	'By'	6896
6813	(261, 141)	'－'	6897
6814	(2325, 1551)	' driving'	6898
6815	(478, 1372)	'ements'	6899
6816	(900, 272)	'队的'	6900
6817	(349, 183)	'卷'	6901
6818	(2439, 913)	'突然'	6902
6819	(797, 109)	' adm'	6903
6820	(3036, 187)	'麻'	6904
6821	(391, 348)	' Mad'	6905
6822	(308, 819)	'icking'	6906
6823	(430, 128)	'က'	6907
6824	(376, 929)	' After'	6908
6825	(1913, 2083)	'ের'	6909
6826	(1223, 184)	' স'	6910
6827	(3317, 287)	' changed'	6911
6828	(359, 1967)	' itself'	6912
6829	(66, 83)	'BS'	6913
6830	(417, 279)	' Ben'	6914
6831	(464, 97)	' Da'	6915
6832	(284, 3252)	' poor'	6916
6833	(1947, 1046)	'是一种'	6917
6834	(400, 3193)	'大陆'	6918
6835	(1973, 345)	' slow'	6920
6836	(209, 142)	'ю'	6921
6837	(942, 912)	'投入'	6922
6838	(450, 102)	'olf'	6923
6839	(276, 3234)	'orney'	6924
6840	(267, 111)	'ero'	6925
6841	(2753, 1192)	'汇率'	6926
6842	(10050, 3646)	' vehicle'	6927
6843	(1241, 909)	'克斯'	6928
6844	(65, 5299)	'According'	6929
6845	(1466, 272)	'产品的'	6930
6846	(1416, 459)	' showers'	6931
6847	(689, 350)	'而是'	6932
6848	(564, 357)	'他在'	6933
6849	(2478, 5737)	' simply'	6934
6850	(110, 612)	'night'	6935
6851	(1171, 152)	'缘'	6936
6852	(104, 111)	'ho'	6937
6853	(102, 3913)	'fully'	6938
6854	(1820, 1862)	'porters'	6940
6855	(665, 568)	'用于'	6941
6856	(1013, 10075)	' afternoon'	6942
6857	(299, 189)	'兽'	6943
6858	(328, 97)	'aya'	6944
6859	(866, 369)	'ellig'	6945
6860	(426, 383)	' hair'	6946
6861	(2577, 1574)	' Group'	6947
6862	(343, 2618)	' eye'	6948
6863	(1400, 2702)	' attention'	6949
6864	(10027, 1511)	' double'	6950
6865	(507, 163)	'欣'	6951
6866	(601, 1501)	'高校'	6952
6867	(263, 121)	'rey'	6953
6868	(1556, 115)	'airs'	6954
6869	(961, 1271)	'并非'	6955
6870	(97, 705)	'aren'	6956
6871	(496, 2774)	' Road'	6957
6872	(105, 896)	'iber'	6958
6873	(1019, 109)	' prem'	6959
6874	(571, 988)	'成员'	6960
6875	(496, 3839)	' Rober'	6961
6876	(538, 3249)	'我觉得'	6962
6877	(3825, 3019)	'避免'	6963
6878	(842, 553)	'工业'	6964
6879	(257, 2967)	' a.m'	6965
6880	(572, 175)	'惯'	6966
6881	(378, 1605)	'有望'	6967
6882	(351, 152)	'乘'	6969
6883	(2516, 10078)	' middle'	6970
6884	(2668, 710)	' не'	6971
6885	(2275, 697)	' effect'	6972
6886	(4024, 274)	' European'	6973
6887	(3907, 759)	' engine'	6974
6888	(110, 923)	'new'	6975
6889	(3098, 99)	' etc'	6976
6890	(209, 133)	'х'	6977
6891	(308, 287)	'iced'	6978
6892	(436, 293)	' Pal'	6979
6893	(1208, 902)	'ين'	6980
6894	(601, 1166)	'高达'	6981
6895	(209, 134)	'ц'	6982
6896	(539, 1339)	'地图'	6983
6897	(919, 553)	'事业'	6984
6898	(65, 263)	'Are'	6985
6899	(2416, 526)	' model'	6986
6900	(1097, 184)	'酸'	6987
6901	(2303, 1713)	'状况'	6988
6902	(10007, 287)	' included'	6989
6903	(1257, 505)	' brand'	6990
6904	(464, 526)	' Del'	6991
6905	(1106, 178)	'ाल'	6992
6906	(1267, 762)	' blood'	6993
6907	(1399, 1674)	'老板'	6994
6908	(589, 178)	' ल'	6995
6909	(4447, 6068)	' multiple'	6996
6910	(546, 115)	' vs'	6997
6911	(995, 129)	'壁'	6998
6912	(2878, 1651)	'检查'	6999
6913	(514, 3026)	' constr'	7000
6914	(5778, 1464)	'汽车'	7001
6915	(1579, 2695)	'工作人员'	7002
6916	(3109, 107)	' walk'	7003
6917	(5606, 2689)	' immediately'	7004
6918	(436, 77)	' PM'	7005
6919	(496, 287)	' Red'	7006
6920	(1938, 267)	' officer'	7007
6921	(264, 271)	' sat'	7008
6922	(4731, 287)	' arrested'	7009
6923	(1655, 190)	'現'	7010
6924	(293, 121)	'aly'	7011
6925	(268, 734)	' wide'	7012
6926	(516, 167)	'忧'	7013
6927	(5376, 3839)	' October'	7014
6928	(395, 158)	'赞'	7015
6929	(778, 173)	'揭'	7016
6930	(552, 543)	' doct'	7017
6931	(1854, 1624)	'评论'	7018
6932	(489, 115)	'ops'	7019
6933	(376, 4592)	' Alex'	7020
6934	(391, 97)	' Ma'	7021
6935	(5061, 121)	' baby'	7022
6936	(2463, 3978)	'兴趣'	7023
6937	(1270, 1501)	'院校'	7024
6938	(1251, 1546)	'单反'	7025
6939	(726, 386)	'都不'	7026
6940	(1932, 109)	' term'	7027
6941	(934, 1079)	'通常'	7028
6942	(121, 2402)	'ydd'	7029
6943	(843, 148)	'隔'	7030
6944	(689, 357)	'而在'	7031
6945	(1850, 283)	' feeling'	7032
6946	(5308, 336)	'唯一'	7033
6947	(84, 86)	'TV'	7034
6948	(1752, 272)	'它的'	7035
6949	(78, 923)	'New'	7036
6950	(438, 162)	'敢'	7037
6951	(3920, 345)	'orrow'	7038
6952	(305, 446)	' lif'	7039
6953	(104, 345)	'how'	7040
6954	(55, 56)	'78'	7042
6955	(592, 2552)	' except'	7043
6956	(702, 130)	' ق'	7044
6957	(476, 147)	'拓'	7045
6958	(3359, 132)	'薄'	7048
6959	(2300, 515)	' fourth'	7049
6960	(718, 168)	'跨'	7050
6961	(450, 2875)	'olution'	7051
6962	(534, 1082)	'生物'	7052
6963	(104, 450)	'hol'	7053
6964	(1328, 460)	'每个'	7054
6965	(1248, 322)	'iction'	7055
6966	(4124, 515)	' birth'	7056
6967	(10046, 2454)	' challeng'	7057
6968	(1622, 281)	'ysis'	7058
6969	(449, 183)	'陷'	7059
6970	(934, 1479)	'通知'	7060
6971	(284, 274)	' pan'	7061
6972	(1001, 2040)	'保险'	7062
6973	(356, 276)	' Tor'	7063
6974	(1756, 2887)	'复苏'	7064
6975	(2527, 1644)	'音乐'	7065
6976	(774, 283)	'iving'	7066
6977	(4813, 166)	'瘦'	7067
6978	(1349, 283)	' evening'	7068
6979	(278, 774)	' civ'	7069
6980	(914, 172)	'芬'	7070
6981	(351, 140)	'乌'	7071
6982	(286, 301)	' mas'	7072
6983	(2626, 293)	'atural'	7073
6984	(3684, 4018)	'犯罪'	7074
6985	(122, 105)	'zi'	7075
6986	(2795, 729)	' charge'	7076
6987	(978, 2201)	' growing'	7077
6988	(376, 383)	' Air'	7078
6989	(1540, 3372)	'优秀'	7079
6990	(1055, 987)	'让你'	7080
6991	(1545, 1026)	'形式'	7081
6992	(451, 172)	'屬'	7082
6993	(871, 171)	'紫'	7083
6994	(4430, 1800)	' Govern'	7084
6995	(308, 1604)	'icles'	7085
6996	(286, 617)	' mist'	7086
6997	(514, 3912)	' conference'	7087
6998	(2010, 283)	' reading'	7088
6999	(370, 121)	'uty'	7089
7000	(408, 379)	'oose'	7090
7001	(4511, 691)	' practice'	7091
7002	(118, 97)	'va'	7092
7003	(5254, 1121)	' attempt'	7093
7004	(417, 328)	' Bay'	7094
7005	(490, 5382)	' Niger'	7095
7006	(3664, 4559)	'逐渐'	7096
7007	(1407, 3344)	'装饰'	7097
7008	(627, 2093)	'اب'	7098
7009	(575, 161)	'員'	7099
7010	(1957, 155)	'猛'	7100
7011	(2275, 635)	' effort'	7101
7012	(924, 367)	" what's"	7102
7013	(351, 143)	'乏'	7103
7014	(5729, 766)	' sleep'	7104
7015	(5803, 1112)	' Congress'	7105
7016	(1037, 182)	'桶'	7106
7017	(471, 132)	'ค'	7107
7018	(2295, 267)	' center'	7108
7019	(975, 272)	'化的'	7109
7020	(427, 1216)	'年代'	7110
7021	(863, 146)	'恒'	7111
7022	(906, 810)	'报名'	7112
7023	(1267, 1413)	' block'	7113
7024	(539, 1674)	'地板'	7114
7025	(5527, 2106)	' ndị'	7115
7026	(587, 520)	'后来'	7116
7027	(376, 1736)	' Any'	7117
7028	(718, 131)	'跃'	7118
7029	(233, 10085)	'鉴'	7119
7030	(1781, 910)	'社区'	7120
7031	(2018, 161)	'፡'	7121
7032	(470, 866)	' Well'	7122
7033	(666, 808)	'本次'	7123
7034	(471, 171)	'ห'	7124
7035	(1934, 1168)	' به'	7125
7036	(542, 1240)	' Gold'	7126
7037	(377, 651)	' Cap'	7127
7038	(949, 138)	'啊'	7128
7039	(1744, 775)	'确实'	7129
7040	(3923, 139)	'蛋'	7130
7041	(336, 550)	'一场'	7131
7042	(821, 191)	'稿'	7132
7043	(297, 450)	' hol'	7133
7044	(2842, 3897)	' positive'	7134
7045	(1057, 665)	'信用'	7135
7046	(318, 78)	' IN'	7136
7047	(442, 976)	' kick'	7137
7048	(3455, 2502)	'酒店'	7138
7049	(768, 379)	' whose'	7139
7050	(323, 172)	'ब'	7140
7051	(1478, 279)	'itten'	7141
7052	(1688, 603)	' smart'	7142
7053	(2705, 115)	' jobs'	7143
7054	(10076, 5939)	'understorms'	7144
7055	(3690, 3208)	'父母'	7145
7056	(791, 263)	' agre'	7146
7057	(476, 159)	'拟'	7147
7058	(522, 276)	'abor'	7149
7059	(582, 690)	' alone'	7150
7060	(1119, 114)	'ır'	7151
7061	(3069, 115)	' costs'	7152
7062	(401, 182)	'奶'	7153
7063	(45, 83)	'-S'	7154
7064	(284, 459)	' pers'	7155
7065	(2404, 1945)	'攻击'	7156
7066	(857, 2249)	' compared'	7157
7067	(1109, 540)	'今日'	7158
7068	(391, 603)	' Mart'	7159
7069	(802, 170)	'な'	7160
7070	(112, 365)	'pro'	7162
7071	(2073, 3235)	' provided'	7163
7072	(981, 4570)	' Charl'	7164
7073	(1128, 3993)	'英雄'	7165
7074	(1984, 568)	'终于'	7166
7075	(400, 2116)	'大部分'	7167
7076	(385, 876)	' stage'	7168
7077	(1557, 5216)	' despite'	7169
7078	(1358, 149)	'動'	7170
7079	(2406, 1646)	'协议'	7171
7080	(5905, 646)	' achie'	7172
7081	(1859, 895)	'照明'	7173
7082	(1562, 164)	'煤'	7174
7083	(278, 3892)	' cases'	7175
7084	(5683, 322)	' opinion'	7176
7085	(351, 148)	'乔'	7177
7086	(4326, 678)	' figure'	7178
7087	(107, 285)	'kes'	7179
7088	(236, 160)	b'\xec\xa0'	7180
7089	(631, 190)	'倾'	7181
7090	(500, 527)	'ounts'	7183
7091	(277, 505)	' band'	7184
7092	(426, 2102)	' haha'	7185
7093	(102, 108)	'fl'	7186
7094	(54, 56)	'68'	7187
7095	(1689, 1736)	' funny'	7188
7096	(136, 4044)	b'\x88\xeb\x8b\xa4'	7189
7097	(873, 460)	'三个'	7190
7098	(378, 1434)	'有可能'	7191
7099	(279, 729)	'enge'	7192
7100	(1709, 902)	' من'	7193
7101	(104, 3932)	'haps'	7194
7102	(4084, 285)	' charges'	7195
7103	(5111, 275)	' credit'	7196
7104	(53, 57)	'59'	7197
7105	(317, 168)	'吨'	7198
7106	(1714, 1979)	'语言'	7199
7107	(831, 1865)	'利益'	7200
7108	(2022, 293)	'eneral'	7201
7109	(283, 267)	'inger'	7202
7110	(284, 111)	' po'	7203
7111	(1586, 158)	'搞'	7204
7112	(1275, 183)	'荷'	7205
7113	(1183, 164)	'्त'	7206
7114	(1570, 170)	' ப'	7207
7115	(3376, 824)	'仓位'	7208
7116	(323, 188)	'़'	7209
7117	(1523, 532)	' remain'	7210
7118	(45, 77)	'-M'	7211
7119	(434, 326)	' rid'	7212
7120	(271, 1337)	'atory'	7213
7121	(423, 283)	'using'	7214
7122	(1529, 115)	' calls'	7215
7123	(2443, 1213)	'监管'	7216
7124	(1779, 132)	'龄'	7217
7125	(602, 2225)	'ий'	7218
7126	(2526, 1144)	'访问'	7219
7127	(71, 762)	'Good'	7220
7128	(531, 536)	' Los'	7221
7129	(390, 749)	'中小'	7222
7130	(2265, 137)	'誉'	7224
7131	(589, 175)	' य'	7225
7132	(2110, 334)	' student'	7226
7133	(5954, 5703)	'詹姆斯'	7227
7134	(1524, 777)	'配合'	7228
7135	(3751, 147)	'間'	7229
7136	(417, 1335)	' Bank'	7230
7137	(297, 121)	' hy'	7231
7138	(667, 557)	'得分'	7232
7139	(1123, 837)	' او'	7233
7140	(115, 332)	'set'	7234
7141	(1362, 161)	'ạ'	7235
7142	(323, 175)	'य'	7236
7143	(292, 4323)	' towards'	7237
7144	(1639, 287)	'enced'	7238
7145	(2129, 152)	'의'	7239
7146	(1131, 10077)	' appreci'	7240
7147	(268, 621)	' wall'	7241
7148	(1328, 427)	'每年'	7242
7149	(420, 1525)	'为准'	7243
7150	(291, 274)	' dan'	7244
7151	(649, 1139)	'од'	7245
7152	(1477, 1974)	'预测'	7246
7153	(986, 272)	'中国的'	7247
7154	(1365, 151)	'骗'	7248
7155	(3051, 1297)	'签证'	7249
7156	(1973, 612)	' slight'	7250
7157	(2812, 348)	' Canad'	7251
7158	(3475, 910)	'欧元区'	7252
7159	(1259, 154)	'虚'	7253
7160	(1402, 1227)	'造型'	7254
7161	(219, 148)	'۔'	7255
7162	(436, 1112)	' Press'	7256
7163	(303, 850)	' thous'	7257
7164	(311, 136)	'迈'	7258
7165	(1359, 283)	' adding'	7259
7166	(513, 155)	'泛'	7260
7167	(308, 259)	'iche'	7261
7168	(552, 276)	' door'	7262
7169	(370, 920)	'utions'	7263
7170	(1428, 170)	' ప'	7264
7171	(476, 188)	'拼'	7265
7172	(545, 803)	'发表'	7266
7173	(2576, 1437)	' Maybe'	7267
7174	(793, 147)	'姓'	7268
7175	(310, 274)	'oman'	7269
7176	(371, 2466)	" you've"	7270
7177	(3266, 156)	'한'	7271
7178	(112, 383)	'pir'	7272
7179	(400, 1227)	'大型'	7273
7180	(379, 121)	'sey'	7274
7181	(385, 10079)	' stupid'	7275
7182	(1258, 459)	' workers'	7276
7183	(698, 132)	'හ'	7277
7184	(10048, 1224)	' British'	7278
7185	(417, 406)	' Bill'	7279
7186	(380, 149)	'孕'	7280
7187	(378, 396)	'有了'	7281
7188	(3645, 121)	' economy'	7282
7189	(278, 1488)	' catch'	7283
7190	(2480, 287)	' missed'	7284
7191	(423, 285)	'uses'	7285
7192	(559, 4305)	' progress'	7286
7193	(629, 166)	'ਦ'	7288
7194	(289, 111)	' oo'	7289
7195	(991, 190)	'链'	7290
7196	(1045, 4930)	' becoming'	7291
7197	(119, 276)	'wor'	7292
7198	(415, 189)	'抽'	7293
7199	(469, 145)	' Б'	7294
7200	(298, 170)	'仪'	7295
7201	(264, 274)	' san'	7296
7202	(272, 2260)	'的影响'	7297
7203	(2460, 787)	'-time'	7298
7204	(385, 3202)	' stream'	7299
7205	(2355, 4736)	' extreme'	7301
7206	(461, 170)	'闪'	7302
7207	(837, 1325)	'ود'	7303
7208	(10005, 141)	'籍'	7304
7209	(709, 579)	'同学'	7305
7210	(831, 1432)	'利亚'	7306
7211	(802, 167)	'で'	7307
7212	(107, 258)	'kin'	7308
7213	(992, 54)	'2006'	7309
7214	(620, 1946)	'方便'	7310
7215	(1528, 32)	'\xa0\xa0 '	7311
7216	(10011, 285)	' gives'	7312
7217	(2485, 4042)	' details'	7313
7218	(1084, 143)	'漏'	7314
7219	(712, 373)	' Kim'	7315
7220	(149, 430)	b'\x95\xe1\x80'	7316
7221	(951, 1390)	'影像'	7317
7222	(2674, 5240)	'死亡'	7318
7223	(1209, 1111)	'接近'	7319
7224	(272, 2374)	'的重要'	7320
7225	(32, 1100)	' ign'	7321
7226	(621, 287)	'alled'	7322
7227	(2294, 287)	' moved'	7323
7228	(65, 114)	'Ar'	7324
7229	(281, 97)	'isa'	7325
7230	(1891, 666)	'根本'	7326
7231	(195, 162)	'â'	7327
7232	(84, 83)	'TS'	7328
7233	(1953, 441)	'ification'	7329
7234	(624, 138)	'羊'	7330
7235	(421, 2253)	' weird'	7332
7236	(1094, 136)	'ੈ'	7333
7237	(1997, 643)	' investment'	7334
7238	(712, 283)	' King'	7335
7239	(1333, 716)	'推进'	7336
7240	(458, 265)	'agon'	7337
7241	(257, 373)	' aim'	7338
7242	(3851, 2043)	' analyst'	7339
7243	(1203, 2148)	' rock'	7340
7244	(566, 149)	'ক'	7341
7245	(109, 112)	'mp'	7342
7246	(640, 1074)	'就可以'	7343
7247	(987, 598)	'你们'	7344
7248	(1373, 2881)	' secret'	7345
7249	(2030, 167)	'慧'	7346
7250	(66, 114)	'Br'	7347
7251	(1623, 10091)	' considered'	7348
7252	(566, 178)	'ল'	7349
7253	(3814, 678)	' pressure'	7350
7254	(2396, 714)	'短期'	7351
7255	(554, 118)	' dev'	7352
7256	(1617, 581)	' finally'	7353
7257	(1529, 283)	' calling'	7354
7258	(53, 56)	'58'	7355
7259	(503, 2225)	'ай'	7356
7260	(1117, 321)	' Inst'	7357
7261	(1585, 188)	'ー'	7358
7262	(4404, 2955)	'概念'	7359
7263	(391, 1942)	' Matt'	7360
7264	(741, 555)	'还要'	7361
7265	(281, 920)	'isions'	7362
7266	(105, 578)	'ires'	7363
7267	(3172, 1785)	' management'	7364
7268	(937, 283)	'izing'	7365
7269	(2876, 485)	' protest'	7366
7270	(588, 814)	' Every'	7367
7271	(1483, 158)	b' \xec\x9e'	7368
7272	(117, 283)	'uing'	7369
7273	(286, 1663)	' mix'	7371
7274	(529, 272)	'行的'	7372
7275	(632, 494)	' trust'	7373
7276	(1274, 2163)	' Health'	7374
7277	(1642, 1099)	'供应'	7375
7278	(622, 2104)	' ability'	7376
7279	(1003, 128)	'ీ'	7377
7280	(838, 2202)	'数字'	7378
7281	(292, 109)	' tom'	7379
7282	(5687, 332)	' tweet'	7380
7283	(314, 4960)	' named'	7381
7284	(4297, 573)	'的情况下'	7383
7285	(274, 431)	'anch'	7384
7286	(4382, 1722)	'困难'	7385
7287	(391, 276)	' Mor'	7386
7288	(2247, 33)	'!!!'	7387
7289	(10007, 285)	' includes'	7388
7290	(931, 157)	'祝'	7389
7291	(2877, 3658)	'金融危机'	7390
7292	(946, 623)	'提前'	7391
7293	(882, 419)	'两国'	7392
7294	(348, 117)	'adu'	7393
7295	(1545, 2060)	'形象'	7394
7296	(1910, 804)	'态度'	7395
7297	(4157, 1334)	'告诉记者'	7396
7298	(3732, 1134)	'旅游'	7397
7299	(487, 166)	'浦'	7398
7300	(354, 352)	' Sam'	7399
7301	(345, 459)	'owers'	7400
7302	(6076, 1961)	' September'	7401
7303	(384, 140)	'凌'	7402
7304	(2252, 1382)	' के'	7403
7305	(782, 119)	'raw'	7405
7306	(102, 1958)	'friend'	7406
7307	(1341, 259)	'anche'	7407
7308	(1160, 322)	'ension'	7408
7309	(1909, 1548)	'营销'	7409
7310	(434, 425)	' rout'	7410
7311	(492, 780)	'家长'	7411
7312	(65, 1736)	'Any'	7412
7313	(232, 149)	b'\xe8\x95'	7413
7314	(2320, 115)	' schools'	7414
7315	(4002, 331)	' certainly'	7415
7316	(570, 149)	'క'	7416
7317	(3800, 1367)	'课程'	7417
7318	(2199, 165)	' ብ'	7418
7319	(149, 4456)	b'\x95\xe0\xaf\x8d\xe0\xae\x95'	7419
7320	(264, 1795)	' sale'	7420
7321	(442, 105)	' ki'	7421
7322	(596, 4163)	' choice'	7422
7323	(10082, 2035)	'浙江'	7423
7324	(1127, 187)	'添'	7424
7325	(377, 310)	' Com'	7425
7326	(554, 103)	' deg'	7426
7327	(1530, 367)	"He's"	7427
7328	(1767, 151)	'窗'	7428
7329	(5439, 1254)	' various'	7429
7330	(209, 158)	'ў'	7430
7331	(313, 139)	'宋'	7431
7332	(327, 1016)	' yang'	7432
7333	(2755, 99)	' esc'	7433
7334	(721, 1082)	'动物'	7434
7335	(377, 1450)	' Cont'	7435
7336	(521, 2632)	'对焦'	7436
7337	(2613, 527)	' parts'	7437
7338	(316, 101)	' ge'	7438
7339	(32, 267)	' er'	7439
7340	(663, 1336)	'最低'	7440
7341	(782, 118)	'rav'	7441
7342	(491, 2905)	' joke'	7443
7343	(130, 172)	b'\x82\xac'	7444
7344	(699, 820)	'机关'	7445
7345	(5200, 738)	' Australia'	7446
7346	(3292, 1100)	' foreign'	7447
7347	(354, 724)	' Sub'	7448
7348	(2520, 2155)	'充满'	7449
7349	(534, 2161)	'生命'	7450
7350	(343, 5349)	' eyes'	7451
7351	(706, 6390)	'美联储'	7452
7352	(423, 322)	'usion'	7453
7353	(288, 1473)	'arily'	7454
7354	(1567, 3433)	' associ'	7455
7355	(769, 649)	'то'	7456
7356	(395, 171)	'赫'	7457
7357	(1463, 3096)	'完善'	7458
7358	(644, 157)	'曝'	7459
7359	(1208, 3255)	'ية'	7460
7360	(395, 180)	'赴'	7461
7361	(10045, 2273)	' confirmed'	7462
7362	(338, 141)	'\u200d'	7463
7363	(1231, 332)	' feet'	7464
7364	(525, 187)	'阻'	7465
7365	(2934, 367)	"There's"	7466
7366	(344, 171)	'劫'	7467
7367	(3459, 581)	' totally'	7468
7368	(10080, 1270)	'国务院'	7469
7369	(3361, 3011)	' injury'	7470
7370	(284, 1073)	' poll'	7471
7371	(613, 110)	' Then'	7472
7372	(657, 1022)	'开展'	7474
7373	(2361, 2620)	' numbers'	7475
7374	(301, 105)	'asi'	7476
7375	(640, 357)	'就在'	7477
7376	(1657, 3096)	'改善'	7478
7377	(525, 133)	'阅'	7479
7378	(103, 285)	'ges'	7480
7379	(979, 2670)	'意义'	7481
7380	(1957, 171)	'猫'	7482
7381	(4220, 2683)	' supposed'	7483
7382	(909, 917)	'斯特'	7484
7383	(2371, 2371)	'刚刚'	7485
7384	(5818, 116)	'rupt'	7486
7385	(551, 175)	'振'	7487
7386	(1248, 287)	'icted'	7489
7387	(1101, 495)	'感到'	7490
7388	(225, 129)	b'\xe1\x81'	7491
7389	(1404, 130)	'脂'	7492
7390	(887, 4201)	'电脑'	7493
7391	(812, 539)	'内地'	7495
7392	(277, 287)	' bed'	7496
7393	(1195, 177)	'唱'	7497
7394	(590, 357)	'也在'	7498
7395	(4612, 1430)	'贸易'	7499
7396	(2325, 382)	' driver'	7500
7397	(428, 3377)	'上映'	7501
7398	(2100, 1716)	' annual'	7502
7399	(846, 129)	'锁'	7503
7400	(496, 811)	' Rich'	7504
7401	(712, 279)	' Ken'	7505
7402	(428, 3542)	'上述'	7506
7403	(532, 101)	'aine'	7507
7404	(1397, 5473)	' built'	7508
7405	(1991, 808)	'第一次'	7509
7406	(893, 150)	'砖'	7510
7407	(618, 135)	'ệ'	7511
7408	(931, 150)	'祖'	7512
7409	(395, 164)	'赤'	7513
7410	(2884, 1502)	' conduct'	7514
7411	(5573, 895)	'姚明'	7515
7412	(98, 370)	'but'	7517
7413	(10084, 5084)	'贡献'	7518
7414	(510, 6293)	' French'	7519
7415	(1827, 1086)	' setting'	7520
7416	(2333, 283)	' opening'	7521
7417	(1484, 331)	' mostly'	7522
7418	(720, 183)	'谷'	7523
7419	(713, 608)	' spend'	7524
7420	(1570, 149)	' க'	7525
7421	(373, 97)	'ima'	7526
7422	(825, 400)	'重大'	7527
7423	(615, 3105)	' Jones'	7528
7424	(48, 55)	'07'	7529
7425	(1362, 163)	'ả'	7530
7426	(1617, 3180)	' finished'	7531
7427	(1741, 115)	' cars'	7532
7428	(717, 183)	'偷'	7533
7429	(356, 310)	' Tom'	7534
7430	(1722, 468)	'难以'	7535
7431	(10001, 177)	'箱'	7536
7432	(3571, 1337)	' victory'	7537
7433	(235, 165)	b'\xeb\xa5'	7538
7434	(2655, 960)	' created'	7539
7435	(390, 1229)	'中奖'	7540
7436	(773, 1420)	'品质'	7541
7437	(749, 1330)	'小组'	7542
7438	(1677, 528)	' regul'	7543
7439	(398, 993)	'urance'	7545
7440	(1341, 287)	'anced'	7546
7441	(542, 5244)	' Google'	7547
7442	(272, 1813)	'的同时'	7548
7443	(291, 646)	' die'	7549
7444	(584, 148)	'體'	7550
7445	(2329, 136)	'аш'	7551
7446	(2199, 176)	' ተ'	7552
7447	(119, 1493)	'wise'	7553
7448	(629, 149)	'ਕ'	7554
7449	(542, 332)	' Get'	7555
7450	(511, 103)	' seg'	7556
7451	(278, 866)	' cell'	7557
7452	(3066, 979)	'愿意'	7558
7453	(116, 114)	'tr'	7559
7454	(361, 103)	' forg'	7560
7455	(469, 144)	' А'	7561
7456	(586, 176)	'ሰ'	7562
7457	(5546, 441)	' education'	7563
7458	(282, 97)	' fa'	7564
7459	(1653, 425)	' throughout'	7565
7460	(76, 67)	'LC'	7566
7461	(6532, 969)	'渠道'	7567
7462	(1342, 1121)	' kept'	7568
7463	(276, 97)	'ora'	7569
7464	(409, 6347)	' whatever'	7570
7465	(5659, 116)	' doubt'	7571
7466	(617, 836)	'istry'	7572
7467	(602, 1998)	'из'	7573
7468	(2568, 4745)	' restaur'	7574
7469	(2478, 3888)	' simple'	7575
7470	(10100, 1432)	'澳大利亚'	7576
7471	(10083, 301)	' Texas'	7577
7472	(10006, 100)	"I'd"	7578
7473	(2080, 176)	'ાર'	7579
7474	(2431, 310)	' autom'	7580
7475	(476, 146)	'拒'	7581
7476	(609, 431)	'earch'	7582
7477	(98, 275)	'bit'	7583
7478	(745, 1036)	'力量'	7584
7479	(129, 430)	b'\x81\xe1\x80'	7585
7480	(680, 272)	'者的'	7586
7481	(78, 345)	'Now'	7587
7482	(377, 352)	' Cam'	7588
7483	(821, 141)	'稍'	7589
7484	(683, 185)	'妹'	7590
7485	(685, 379)	' worse'	7591
7486	(314, 103)	' ng'	7592
7487	(1094, 129)	'ੁ'	7593
7488	(553, 655)	'业主'	7594
7489	(45, 67)	'-C'	7595
7490	(10081, 411)	' daughter'	7596
7491	(1148, 184)	' સ'	7597
7492	(1164, 1716)	' actual'	7598
7493	(2038, 2521)	' waiting'	7599
7494	(377, 10049)	' Council'	7600
7495	(104, 973)	'hib'	7601
7496	(829, 109)	' arm'	7602
7497	(82, 766)	'Rep'	7603
7498	(427, 2193)	'年底'	7605
7499	(291, 3245)	' dude'	7606
7500	(469, 154)	' К'	7607
7501	(4460, 308)	' critic'	7608
7502	(6243, 285)	' Angeles'	7609
7503	(284, 276)	' por'	7610
7504	(1583, 5322)	' је'	7611
7505	(1135, 1512)	'设备'	7612
7506	(5284, 115)	' residents'	7613
7507	(398, 97)	'ura'	7614
7508	(256, 279)	' ten'	7615
7509	(922, 459)	' users'	7616
7510	(655, 2670)	'主义'	7617
7511	(429, 187)	'彻'	7619
7512	(236, 158)	b'\xec\x9e'	7620
7513	(10090, 6292)	' husband'	7621
7514	(1119, 858)	'ınd'	7622
7515	(641, 112)	' Op'	7624
7516	(291, 965)	' dark'	7625
7517	(217, 137)	'ى'	7626
7518	(45, 925)	'-10'	7627
7519	(410, 146)	'冒'	7628
7520	(1987, 697)	' respect'	7629
7521	(77, 65)	'MA'	7630
7522	(1901, 1107)	'限制'	7631
7523	(394, 151)	'盗'	7632
7524	(1530, 121)	'Hey'	7633
7525	(98, 3119)	'board'	7634
7526	(5290, 350)	'尤其是'	7635
7527	(3322, 272)	'公布的'	7636
7528	(5650, 919)	'董事'	7638
7529	(353, 1951)	'aches'	7639
7530	(542, 2945)	' Green'	7640
7531	(1123, 902)	' ان'	7641
7532	(506, 428)	'会上'	7642
7533	(417, 263)	' Bre'	7643
7534	(462, 824)	'这位'	7644
7535	(1963, 900)	'团队'	7645
7536	(732, 149)	'捕'	7646
7537	(685, 321)	' worst'	7647
7538	(288, 1613)	'ario'	7648
7539	(1259, 142)	'虎'	7649
7540	(4438, 411)	' counter'	7650
7541	(2284, 657)	'离开'	7651
7542	(1703, 892)	' Brown'	7652
7543	(326, 115)	'ids'	7653
7544	(4832, 404)	' Smith'	7654
7545	(5658, 101)	' piece'	7655
7546	(974, 621)	' overall'	7656
7547	(590, 1074)	'也可以'	7657
7548	(5766, 1795)	' female'	7658
7549	(77, 477)	'More'	7659
7550	(414, 185)	b' \xe0\xb9'	7660
7551	(1158, 139)	'ো'	7661
7552	(284, 375)	' pun'	7662
7553	(415, 177)	'抱'	7663
7554	(713, 3400)	' sports'	7664
7555	(918, 6552)	' manufact'	7665
7556	(280, 143)	'亏'	7666
7557	(1126, 112)	' disp'	7667
7558	(499, 1372)	'uments'	7668
7559	(1868, 3913)	'efully'	7669
7560	(32, 1293)	' ult'	7670
7561	(4371, 1683)	' authorities'	7671
7562	(1223, 170)	' প'	7672
7563	(216, 182)	'ض'	7673
7564	(2129, 128)	'은'	7674
7565	(391, 293)	' Mal'	7675
7566	(10092, 400)	'加拿大'	7676
7567	(6104, 2175)	' budget'	7677
7568	(1002, 4155)	'据悉'	7678
7569	(4532, 1208)	' في'	7679
7570	(789, 619)	'体现'	7680
7571	(3015, 175)	'્ય'	7681
7572	(195, 185)	'ù'	7682
7573	(5663, 1675)	' International'	7683
7574	(32, 1707)	' é'	7684
7575	(699, 1107)	'机制'	7685
7576	(286, 1795)	' male'	7686
7577	(352, 109)	'amm'	7687
7578	(3690, 2486)	'父亲'	7688
7579	(174, 430)	b'\xae\xe1\x80'	7689
7580	(959, 689)	'从而'	7691
7581	(1340, 373)	' crim'	7692
7582	(1332, 667)	'显得'	7693
7583	(1065, 350)	'正是'	7694
7584	(311, 171)	'迫'	7695
7585	(1019, 3843)	' prevent'	7696
7586	(286, 1006)	' mach'	7697
7587	(291, 348)	' dad'	7698
7588	(1214, 142)	'黎'	7699
7589	(486, 2724)	'出席'	7700
7590	(431, 1799)	'change'	7701
7591	(490, 10104)	' November'	7702
7592	(645, 158)	'洞'	7703
7593	(1900, 118)	' surv'	7704
7594	(1359, 4554)	' additional'	7705
7595	(1507, 2269)	' کې'	7706
7596	(105, 3140)	'iety'	7707
7597	(504, 2249)	' shared'	7708
7598	(3515, 115)	' girls'	7709
7599	(1239, 460)	'那个'	7710
7600	(742, 287)	'uced'	7711
7601	(387, 142)	'扎'	7712
7602	(1698, 928)	'决赛'	7713
7603	(1926, 149)	'िक'	7714
7604	(2063, 4400)	'医疗'	7715
7605	(1071, 159)	'烟'	7716
7606	(277, 1853)	' bụ'	7717
7607	(588, 860)	' Even'	7718
7608	(582, 10093)	' album'	7719
7609	(256, 1088)	' table'	7720
7610	(395, 150)	'赖'	7721
7611	(314, 759)	' nine'	7722
7612	(2221, 5552)	'普遍'	7723
7613	(3359, 170)	'薪'	7724
7614	(516, 134)	'忆'	7725
7615	(5368, 485)	' largest'	7726
7616	(1275, 161)	'荡'	7727
7617	(53, 54)	'56'	7729
7618	(531, 2675)	' Like'	7730
7619	(528, 97)	'ula'	7731
7620	(606, 178)	'લ'	7732
7621	(401, 139)	'奋'	7733
7622	(816, 1854)	'点评'	7734
7623	(1336, 568)	'低于'	7735
7624	(5122, 831)	'盈利'	7736
7625	(48, 51)	'03'	7737
7626	(1844, 960)	' related'	7738
7627	(1690, 159)	'்ட'	7739
7628	(10003, 50)	' 2012'	7740
7629	(668, 99)	' unc'	7741
7630	(3615, 1956)	'ත්'	7742
7631	(2122, 773)	'食品'	7743
7632	(350, 460)	'是个'	7744
7633	(1462, 1531)	'广告'	7745
7634	(1023, 428)	'身上'	7747
7635	(79, 107)	'Ok'	7748
7636	(3355, 920)	' options'	7749
7637	(3718, 345)	' snow'	7750
7638	(408, 819)	'ooking'	7751
7639	(1743, 1280)	'博客'	7752
7640	(981, 10088)	' Chinese'	7753
7641	(1359, 1323)	' addition'	7754
7642	(333, 1595)	' repe'	7755
7643	(1811, 272)	'方面的'	7756
7644	(83, 80)	'SP'	7757
7645	(874, 293)	' qual'	7758
7646	(1434, 506)	'可能会'	7759
7647	(436, 635)	' Port'	7760
7648	(607, 1234)	'新华'	7761
7649	(1410, 3192)	'教练'	7762
7650	(55, 57)	'79'	7763
7651	(832, 837)	'رو'	7764
7652	(100, 111)	'do'	7765
7653	(2469, 258)	' skin'	7766
7654	(354, 373)	' Sim'	7767
7655	(103, 3050)	'gency'	7768
7656	(666, 714)	'本期'	7769
7657	(611, 423)	' plus'	7770
7658	(5808, 637)	' executive'	7771
7659	(272, 1921)	'的比赛'	7772
7660	(3227, 328)	' Play'	7773
7661	(1063, 2144)	'记录'	7774
7662	(4084, 287)	' charged'	7775
7663	(291, 258)	' din'	7776
7664	(126, 126)	'~~'	7777
7665	(1505, 272)	'发展的'	7778
7666	(2030, 142)	'慎'	7779
7667	(999, 285)	'aves'	7780
7668	(1965, 951)	'摄影'	7781
7669	(48, 54)	'06'	7782
7670	(2063, 534)	'医生'	7783
7671	(265, 110)	'onn'	7784
7672	(291, 5538)	' danger'	7785
7673	(588, 85)	' EU'	7786
7674	(2206, 1273)	' الم'	7787
7675	(358, 184)	'诸'	7788
7676	(1174, 3311)	'总经理'	7789
7677	(2336, 10086)	' Israel'	7790
7678	(5054, 548)	' encour'	7791
7679	(719, 100)	'odd'	7792
7680	(1848, 97)	'anna'	7793
7681	(799, 187)	'電'	7794
7682	(505, 267)	'ander'	7795
7683	(822, 5021)	' introd'	7796
7684	(268, 275)	' wit'	7797
7685	(4797, 274)	' Republican'	7798
7686	(1523, 3181)	' remains'	7799
7687	(804, 272)	'度的'	7800
7688	(264, 1160)	' sens'	7801
7689	(1942, 105)	'atti'	7802
7690	(108, 328)	'lay'	7803
7691	(5856, 6613)	' beautiful'	7804
7692	(300, 110)	' inn'	7805
7693	(663, 776)	'最好'	7806
7694	(569, 191)	'沿'	7808
7695	(849, 53)	' 35'	7809
7696	(52, 50)	'42'	7810
7697	(2210, 348)	' glad'	7811
7698	(105, 459)	'iers'	7812
7699	(611, 4689)	' places'	7813
7700	(692, 166)	'侦'	7814
7701	(287, 105)	'edi'	7815
7702	(3240, 110)	' damn'	7816
7703	(3266, 152)	'하'	7817
7704	(2011, 133)	'их'	7818
7705	(1709, 4916)	' میں'	7819
7706	(916, 3541)	' prison'	7820
7707	(52, 51)	'43'	7821
7708	(2076, 112)	' trip'	7822
7709	(373, 98)	'imb'	7823
7710	(286, 406)	' mill'	7824
7711	(45, 65)	'-A'	7825
7712	(1215, 776)	'做好'	7826
7713	(2471, 3269)	' continued'	7827
7714	(421, 612)	' weight'	7828
7715	(1237, 2917)	' accused'	7829
7716	(539, 3544)	'地震'	7830
7717	(308, 365)	'icro'	7831
7718	(376, 370)	' Aut'	7832
7719	(1285, 667)	'变得'	7833
7720	(66, 4732)	'Because'	7834
7721	(1777, 3919)	' laugh'	7835
7722	(103, 98)	'gb'	7836
7723	(611, 861)	' plays'	7837
7724	(740, 1011)	'资格'	7838
7725	(56, 424)	'800'	7839
7726	(277, 719)	' bod'	7840
7727	(791, 3050)	' agency'	7841
7728	(434, 1403)	' rates'	7842
7729	(1999, 10099)	' families'	7843
7730	(2690, 503)	' да'	7844
7731	(10009, 182)	'瓶'	7845
7732	(385, 4482)	' style'	7846
7733	(464, 281)	' Dis'	7847
7734	(944, 267)	' exper'	7848
7735	(761, 400)	'加大'	7849
7736	(267, 836)	'erry'	7850
7737	(365, 121)	'roy'	7851
7738	(1427, 170)	'横'	7852
7739	(1002, 2822)	'据了解'	7853
7740	(936, 187)	'邻'	7854
7741	(316, 288)	' gar'	7855
7742	(2044, 2044)	'往往'	7856
7743	(568, 350)	'于是'	7857
7744	(1234, 3281)	'华夏'	7858
7745	(710, 1288)	'ем'	7859
7746	(3208, 2486)	'母亲'	7860
7747	(293, 283)	'aling'	7861
7748	(1665, 545)	'研发'	7862
7749	(1388, 190)	'疾'	7863
7750	(99, 97)	'ca'	7864
7751	(392, 151)	'耗'	7865
7752	(2893, 115)	' levels'	7866
7753	(854, 767)	'当天'	7867
7754	(1370, 293)	'egal'	7868
7755	(85, 84)	'UT'	7869
7756	(476, 134)	'拆'	7870
7757	(284, 1937)	' para'	7871
7758	(1004, 114)	' contr'	7872
7759	(3146, 67)	' McC'	7873
7760	(816, 1945)	'点击'	7874
7761	(10089, 1381)	' platform'	7875
7762	(388, 132)	'径'	7876
7763	(2873, 4702)	' increasing'	7877
7764	(438, 166)	'敦'	7878
7765	(971, 467)	'及时'	7879
7766	(4639, 10004)	' People'	7880
7767	(496, 1077)	' Rob'	7881
7768	(373, 2689)	'imately'	7882
7769	(106, 105)	'ji'	7883
7770	(963, 3437)	' playoff'	7884
7771	(359, 2272)	' items'	7885
7772	(904, 583)	' acqu'	7886
7773	(32, 2585)	' ç'	7887
7774	(618, 145)	'ố'	7888
7775	(1099, 521)	'应对'	7889
7776	(569, 159)	'沟'	7890
7777	(278, 6673)	' citiz'	7891
7778	(397, 838)	'人数'	7893
7779	(4803, 729)	' judge'	7894
7780	(308, 105)	'ici'	7895
7781	(3911, 3304)	'遭遇'	7896
7782	(348, 283)	'ading'	7898
7783	(375, 97)	'una'	7899
7784	(457, 185)	'纹'	7900
7785	(516, 152)	'忘'	7901
7786	(727, 3302)	'球迷'	7902
7787	(386, 1371)	'不再'	7903
7788	(566, 164)	'ত'	7904
7789	(391, 2250)	' Mex'	7905
7790	(1850, 115)	' feels'	7906
7791	(278, 836)	' cry'	7908
7792	(590, 2053)	'也许'	7909
7793	(421, 2466)	" we've"	7910
7794	(388, 146)	'徒'	7911
7795	(896, 103)	'berg'	7912
7796	(668, 2379)	' unless'	7913
7797	(1283, 4510)	'解释'	7914
7798	(385, 10096)	' streng'	7915
7799	(4366, 287)	' failed'	7916
7800	(1299, 4412)	'给予'	7917
7801	(1777, 3561)	' launch'	7918
7802	(352, 283)	'aming'	7919
7803	(363, 141)	'伍'	7920
7804	(284, 1556)	' pair'	7921
7805	(1229, 562)	'奖金'	7922
7806	(2548, 418)	' Phil'	7923
7807	(284, 423)	' pus'	7924
7808	(1462, 400)	'广大'	7925
7809	(2068, 729)	'ledge'	7926
7810	(1108, 97)	'awa'	7927
7811	(291, 3202)	' dream'	7928
7812	(741, 357)	'还在'	7929
7813	(2275, 4487)	' effective'	7930
7814	(103, 459)	'gers'	7931
7815	(2409, 3440)	' followed'	7932
7816	(293, 996)	'alty'	7933
7817	(792, 133)	'畅'	7934
7818	(111, 310)	'oom'	7935
7819	(1014, 747)	'ур'	7937
7820	(105, 330)	'iot'	7938
7821	(3217, 2638)	' raised'	7939
7822	(3019, 1256)	'免费'	7940
7823	(1400, 3554)	' attract'	7941
7824	(278, 10095)	' crazy'	7942
7825	(1527, 45)	' na-'	7943
7826	(305, 301)	' las'	7944
7827	(1090, 2450)	'女孩'	7945
7828	(4094, 1736)	' sunny'	7946
7829	(272, 786)	'的外'	7947
7830	(2814, 522)	' estab'	7948
7831	(1096, 1133)	'增强'	7949
7832	(381, 3134)	' hearing'	7950
7833	(2794, 1664)	'分析师'	7951
7834	(301, 97)	'asa'	7952
7835	(601, 390)	'高中'	7953
7836	(4604, 926)	' murder'	7954
7837	(45, 2447)	'-year'	7955
7838	(4198, 2448)	'本报讯'	7956
7839	(434, 935)	' rare'	7957
7840	(1267, 817)	' blue'	7958
7841	(1479, 810)	'知名'	7959
7842	(1019, 3936)	' prefer'	7960
7843	(509, 130)	'剂'	7961
7844	(323, 161)	'ड'	7962
7845	(5157, 2381)	' Obama'	7963
7846	(2873, 1746)	' increased'	7964
7847	(46, 67)	'.C'	7965
7848	(496, 69)	' RE'	7966
7849	(5399, 1830)	'涂料'	7967
7850	(333, 5390)	' revenue'	7968
7851	(601, 2959)	'高端'	7969
7852	(297, 850)	' hous'	7970
7853	(336, 6108)	'一旦'	7971
7854	(381, 5604)	' heavy'	7972
7855	(428, 4358)	'上半年'	7973
7856	(1141, 424)	' 500'	7974
7857	(2766, 2785)	' required'	7975
7858	(1412, 336)	'统一'	7976
7859	(45, 379)	'-se'	7977
7860	(1294, 2726)	'原油'	7978
7861	(119, 485)	'west'	7979
7862	(3995, 170)	'踪'	7980
7863	(720, 139)	'谋'	7981
7864	(32, 4075)	' қ'	7982
7865	(2370, 163)	'าร'	7983
7866	(1809, 2404)	'助攻'	7984
7867	(732, 183)	'捷'	7985
7868	(911, 694)	'房产'	7986
7869	(878, 10101)	'情绪'	7987
7870	(1301, 1286)	'南京'	7988
7871	(1706, 157)	' ም'	7989
7872	(2275, 3400)	' efforts'	7990
7873	(535, 134)	'覆'	7991
7874	(286, 267)	' mer'	7992
7875	(515, 271)	'that'	7993
7876	(1220, 56)	'198'	7994
7877	(391, 477)	' More'	7995
7878	(550, 1881)	'场景'	7996
7879	(895, 427)	'明年'	7997
7880	(354, 293)	' Sal'	7998
7881	(1236, 495)	'想到'	7999
7882	(70, 67)	'FC'	8000
7883	(53, 55)	'57'	8001
7884	(797, 2407)	' advice'	8002
7885	(108, 276)	'lor'	8003
7886	(353, 527)	'acts'	8004
7887	(4905, 580)	b'\xe0\xaf\x88\xe0\xae'	8005
7888	(1977, 1086)	' putting'	8006
7889	(1804, 801)	'ship'	8007
7890	(1351, 1656)	'胜负'	8008
7891	(1308, 400)	'较大'	8009
7892	(2451, 5334)	' avoid'	8011
7893	(48, 52)	'04'	8012
7894	(542, 1125)	' Great'	8013
7895	(2229, 287)	' signed'	8014
7896	(891, 288)	' Star'	8015
7897	(467, 714)	'时期'	8016
7898	(666, 1023)	'本身'	8017
7899	(4796, 643)	' treatment'	8018
7900	(69, 814)	'Every'	8019
7901	(392, 144)	'耐'	8020
7902	(2333, 287)	' opened'	8021
7903	(917, 10087)	'特殊'	8022
7904	(1410, 5134)	'教授'	8023
7905	(279, 97)	'ena'	8024
7906	(684, 1023)	'自身'	8025
7907	(4194, 331)	' seriously'	8026
7908	(847, 955)	' peace'	8027
7909	(378, 1015)	'有着'	8028
7910	(2475, 166)	'ائ'	8029
7911	(907, 695)	'里面'	8030
7912	(2884, 4283)	' conditions'	8031
7913	(2616, 1033)	'黑色'	8032
7914	(357, 462)	'在这'	8033
7915	(981, 3503)	' Chief'	8034
7916	(801, 101)	'ipe'	8035
7917	(661, 5067)	' cancer'	8036
7918	(5589, 619)	'呈现'	8037
7919	(1699, 727)	'足球'	8038
7920	(391, 418)	' Mil'	8039
7921	(858, 267)	'nder'	8040
7922	(48, 50)	'02'	8041
7923	(1277, 539)	'各地'	8042
7924	(299, 167)	'內'	8043
7925	(964, 378)	'持有'	8044
7926	(417, 526)	' Bel'	8045
7927	(433, 108)	'cel'	8046
7928	(1674, 2890)	'板块'	8047
7929	(788, 1229)	'等奖'	8048
7930	(348, 478)	'adem'	8050
7931	(1614, 6067)	' independ'	8051
7932	(645, 170)	'洪'	8052
7933	(2696, 555)	'一定要'	8053
7934	(490, 5467)	' NFL'	8054
7935	(1078, 568)	'至于'	8055
7936	(341, 129)	'旁'	8056
7937	(57, 54)	'96'	8057
7938	(10006, 312)	"I'll"	8058
7939	(652, 737)	" hasn't"	8059
7940	(1576, 98)	' emb'	8060
7941	(256, 626)	' tast'	8061
7942	(216, 163)	'أ'	8062
7943	(1356, 144)	' ነ'	8063
7944	(1106, 164)	'ात'	8064
7945	(894, 2716)	' anyway'	8065
7946	(3480, 1006)	' approach'	8066
7947	(530, 691)	' notice'	8067
7948	(640, 518)	'就能'	8068
7949	(1966, 1664)	'设计师'	8069
7950	(1576, 112)	' emp'	8070
7951	(356, 79)	' TO'	8071
7952	(4103, 147)	'經'	8072
7953	(400, 1379)	'大盘'	8073
7954	(2914, 2222)	' Scott'	8074
7955	(430, 3807)	b'\xe1\x80\x90\xe1\x80'	8075
7956	(750, 161)	'坡'	8076
7957	(1555, 2190)	'份额'	8077
7958	(531, 273)	' Lou'	8078
7959	(6086, 331)	'arently'	8079
7960	(4697, 6589)	' absolutely'	8080
7961	(4074, 1956)	'ක්'	8081
7962	(2350, 6602)	' legisl'	8082
7963	(111, 367)	"o's"	8083
7964	(272, 1758)	'的学生'	8084
7965	(3520, 115)	' claims'	8085
7966	(1106, 130)	'ां'	8086
7967	(119, 274)	'wan'	8087
7968	(464, 905)	" Don't"	8088
7969	(1341, 121)	'ancy'	8089
7970	(940, 548)	' Your'	8090
7971	(1428, 149)	' క'	8091
7972	(57, 55)	'97'	8092
7973	(1422, 420)	'称为'	8093
7974	(84, 65)	'TA'	8094
7975	(3361, 2979)	' injured'	8095
7976	(1637, 911)	'购房'	8096
7977	(2635, 1316)	'独立'	8097
7978	(830, 709)	'相同'	8098
7979	(573, 5068)	'下滑'	8099
7980	(1603, 1432)	'尼亚'	8100
7981	(267, 1500)	'erman'	8101
7982	(1064, 6387)	' teacher'	8102
7983	(1012, 170)	' ਪ'	8103
7984	(5988, 1648)	'沪深'	8104
7985	(6859, 1165)	'elligence'	8105
7986	(833, 138)	'聊'	8106
7987	(2036, 110)	'ün'	8107
7988	(6159, 759)	' imagine'	8108
7989	(510, 477)	' Fore'	8109
7990	(385, 976)	' stick'	8110
7991	(2006, 5088)	'儿童'	8111
7992	(340, 156)	'甜'	8112
7993	(391, 458)	' Mag'	8113
7994	(115, 112)	'sp'	8114
7995	(196, 135)	'ć'	8115
7996	(6158, 4825)	' welcome'	8116
7997	(580, 178)	'ல'	8118
7998	(589, 137)	' उ'	8119
7999	(2802, 1473)	' easily'	8120
8000	(677, 5094)	' leaving'	8121
8001	(5052, 784)	'妻子'	8122
8002	(376, 99)	' Ac'	8123
8003	(586, 137)	'ሉ'	8124
8004	(2243, 2985)	'ිය'	8125
8005	(373, 334)	'iment'	8126
8006	(2737, 1011)	'严格'	8127
8007	(1392, 3065)	'欧盟'	8128
8008	(655, 721)	'主动'	8129
8009	(1535, 1221)	'山东'	8130
8010	(546, 2283)	' vari'	8131
8011	(1155, 190)	'驾'	8132
8012	(3064, 637)	' receive'	8133
8013	(463, 406)	' Hill'	8134
8014	(305, 285)	' les'	8135
8015	(73, 2468)	'ION'	8137
8016	(2336, 4809)	' Islam'	8138
8017	(662, 272)	'元的'	8139
8018	(1806, 397)	'男人'	8140
8019	(4310, 1403)	' updates'	8141
8020	(3021, 350)	'特别是'	8142
8021	(882, 427)	'两年'	8143
8022	(281, 105)	'isi'	8145
8023	(632, 532)	' train'	8146
8024	(1243, 132)	'ไ'	8147
8025	(1777, 375)	' laun'	8148
8026	(683, 153)	'妙'	8149
8027	(415, 150)	'抖'	8150
8028	(834, 2683)	' closed'	8151
8029	(349, 162)	'卢'	8152
8030	(1606, 844)	'售价'	8153
8031	(3803, 276)	' color'	8154
8032	(116, 532)	'tain'	8155
8033	(1615, 1616)	'居住'	8156
8034	(1610, 3067)	'类似'	8157
8035	(6669, 581)	' literally'	8158
8036	(632, 273)	' trou'	8159
8037	(4048, 4048)	'纷纷'	8160
8038	(2630, 4421)	' influ'	8161
8039	(72, 68)	'HD'	8162
8040	(1536, 420)	'仅为'	8163
8041	(3467, 3781)	' Commission'	8164
8042	(3791, 272)	'之间的'	8165
8043	(562, 2190)	'金额'	8166
8044	(4045, 5267)	' employees'	8167
8045	(825, 3495)	'重庆'	8169
8046	(1880, 545)	'引发'	8170
8047	(1114, 141)	'舍'	8171
8048	(1003, 134)	'ె'	8172
8049	(872, 420)	'更为'	8173
8050	(1073, 121)	'olly'	8174
8051	(2802, 2026)	' easier'	8175
8052	(278, 1240)	' cold'	8176
8053	(708, 272)	'部的'	8177
8054	(3598, 721)	'启动'	8178
8055	(3469, 1907)	' Johnson'	8179
8056	(1897, 3872)	'世界杯'	8180
8057	(216, 166)	'ئ'	8181
8058	(4492, 115)	'chers'	8182
8059	(1254, 331)	'iously'	8183
8060	(825, 1600)	'重视'	8184
8061	(65, 104)	'Ah'	8185
8062	(1094, 130)	'ੂ'	8186
8063	(5188, 570)	b'\xe0\xb1\x87\xe0\xb0'	8187
8064	(434, 651)	' rap'	8188
8065	(309, 138)	'刊'	8189
8066	(2694, 2144)	'纪录'	8190
8067	(422, 175)	'贯'	8191
8068	(1236, 555)	'想要'	8192
8069	(32, 574)	' ess'	8193
8070	(546, 353)	' vac'	8194
8071	(82, 65)	'RA'	8195
8072	(288, 671)	'aries'	8196
8073	(2258, 1801)	'举办'	8197
8074	(305, 4721)	' loved'	8198
8075	(310, 301)	'omas'	8199
8076	(380, 148)	'孔'	8200
8077	(434, 4599)	' rule'	8201
8078	(385, 4095)	' stories'	8202
8079	(1148, 174)	' મ'	8203
8080	(6106, 678)	' ensure'	8204
8081	(429, 185)	'役'	8205
8082	(1226, 2894)	'认识'	8206
8083	(427, 804)	'年度'	8207
8084	(377, 6241)	' CEO'	8208
8085	(2209, 283)	' hoping'	8210
8086	(917, 1033)	'特色'	8211
8087	(749, 272)	'小的'	8212
8088	(107, 267)	'ker'	8213
8089	(602, 945)	'ис'	8214
8090	(1507, 832)	' کر'	8215
8091	(284, 965)	' park'	8216
8092	(471, 155)	'ป'	8217
8093	(1423, 630)	' award'	8218
8094	(395, 154)	'赚'	8219
8095	(1815, 804)	'角度'	8220
8096	(272, 1466)	'的产品'	8221
8097	(1928, 993)	' France'	8222
8098	(602, 1348)	'ив'	8223
8099	(2458, 1002)	'占据'	8224
8100	(436, 263)	' Pre'	8225
8101	(792, 170)	'番'	8227
8102	(1099, 665)	'应用'	8228
8103	(1082, 553)	'物业'	8229
8104	(707, 161)	'污'	8230
8105	(1340, 6268)	' crowd'	8231
8106	(361, 2175)	' forget'	8232
8107	(391, 2675)	' Mike'	8233
8108	(331, 110)	'lyn'	8234
8109	(294, 103)	' ang'	8235
8110	(292, 450)	' tool'	8236
8111	(744, 1283)	'理解'	8237
8112	(771, 272)	'定的'	8238
8113	(10122, 4808)	'咨询'	8239
8114	(305, 328)	' lay'	8240
8115	(2539, 1467)	'细节'	8241
8116	(4061, 428)	'实际上'	8242
8117	(3000, 331)	' clearly'	8243
8118	(230, 134)	b'\xe6\x86'	8244
8119	(487, 174)	'浮'	8245
8120	(1705, 746)	'ground'	8246
8121	(284, 115)	' ps'	8247
8122	(1467, 518)	'节能'	8248
8123	(1010, 728)	' incred'	8249
8124	(1133, 272)	'强的'	8250
8125	(417, 369)	' Big'	8251
8126	(32, 618)	b' \xe1\xbb'	8252
8127	(1164, 637)	' active'	8253
8128	(264, 2961)	' sym'	8254
8129	(2103, 3250)	' про'	8255
8130	(1833, 145)	'塑'	8256
8131	(504, 370)	' shut'	8257
8132	(629, 178)	'ਲ'	8258
8133	(1330, 571)	'组成'	8260
8134	(596, 1556)	' chair'	8261
8135	(613, 379)	' These'	8262
8136	(685, 836)	' worry'	8263
8137	(2438, 283)	' killing'	8264
8138	(45, 55)	'-7'	8265
8139	(845, 520)	'看来'	8266
8140	(2204, 176)	'్ర'	8267
8141	(1232, 1350)	'指导'	8268
8142	(54, 55)	'67'	8269
8143	(98, 263)	'bre'	8270
8144	(1229, 1265)	'奖号'	8271
8145	(10003, 49)	' 2011'	8272
8146	(2571, 428)	'晚上'	8273
8147	(316, 2945)	' green'	8275
8148	(733, 607)	'全新'	8276
8149	(2751, 1382)	'ले'	8277
8150	(3738, 4810)	' है'	8278
8151	(391, 111)	' Mo'	8279
8152	(464, 274)	' Dan'	8280
8153	(10109, 1015)	'意味着'	8281
8154	(5966, 112)	' purp'	8282
8155	(5996, 1033)	'颜色'	8283
8156	(286, 1702)	' max'	8284
8157	(1231, 287)	' feed'	8285
8158	(1051, 428)	'市场上'	8286
8159	(1237, 1153)	' accident'	8287
8160	(297, 271)	' hat'	8288
8161	(314, 10098)	' nuclear'	8289
8162	(744, 2955)	'理念'	8290
8163	(268, 1702)	' wax'	8291
8164	(309, 183)	'刷'	8292
8165	(1428, 181)	' వ'	8294
8166	(826, 1101)	'性感'	8296
8167	(530, 101)	' note'	8297
8168	(32, 691)	' ice'	8298
8169	(1022, 657)	'展开'	8299
8170	(284, 4517)	' paper'	8300
8171	(369, 97)	'iga'	8301
8172	(5025, 2249)	' appeared'	8302
8173	(1095, 116)	'ət'	8304
8174	(369, 274)	'igan'	8305
8175	(2964, 1389)	'追求'	8306
8176	(763, 179)	'艳'	8307
8177	(1428, 133)	' అ'	8308
8178	(5383, 2211)	' features'	8309
8179	(3741, 1425)	' draft'	8310
8180	(2559, 285)	' businesses'	8311
8181	(310, 279)	'omen'	8312
8182	(2017, 1374)	'段时间'	8313
8183	(464, 285)	' Des'	8314
8184	(297, 5165)	' hurt'	8315
8185	(549, 151)	'俗'	8316
8186	(373, 499)	'imum'	8317
8187	(837, 1273)	'وم'	8318
8188	(275, 122)	'itz'	8319
8189	(433, 287)	'ceed'	8320
8190	(707, 164)	'汤'	8321
8191	(2125, 495)	'拿到'	8322
8192	(463, 621)	' Hall'	8323
8193	(1104, 2908)	'无疑'	8324
8194	(510, 5278)	' First'	8325
8195	(540, 357)	'日在'	8326
8196	(702, 138)	' ي'	8327
8197	(540, 3173)	'日消息'	8328
8198	(358, 158)	'诞'	8329
8199	(595, 1475)	'公共'	8330
8200	(1159, 4640)	' partners'	8331
8201	(272, 390)	'的中'	8332
8202	(779, 5180)	'平衡'	8333
8203	(562, 1993)	'金属'	8334
8204	(3196, 396)	'采用了'	8335
8205	(256, 675)	' tough'	8336
8206	(2942, 2143)	'However'	8337
8207	(1163, 495)	'回到'	8338
8208	(867, 143)	'柏'	8339
8209	(272, 623)	'的前'	8340
8210	(1101, 878)	'感情'	8341
8211	(1382, 2553)	'ें'	8342
8212	(440, 136)	'览'	8343
8213	(596, 1324)	' champ'	8344
8214	(1112, 322)	'ression'	8345
8215	(867, 148)	'柔'	8346
8216	(1957, 156)	'猜'	8347
8217	(2846, 2554)	' basically'	8348
8218	(2884, 1323)	' condition'	8349
8219	(2508, 179)	'碳'	8350
8220	(114, 617)	'rist'	8351
8221	(417, 398)	' Bur'	8352
8222	(648, 164)	'肤'	8353
8223	(46, 84)	'.T'	8354
8224	(662, 1772)	'元素'	8355
8225	(5503, 110)	'ên'	8356
8226	(586, 170)	'ሪ'	8357
8227	(112, 370)	'put'	8358
8228	(936, 147)	'邓'	8359
8229	(2682, 1976)	'群众'	8361
8230	(576, 460)	'多个'	8362
8231	(332, 1260)	'ette'	8363
8232	(469, 156)	' М'	8364
8233	(272, 2742)	'的方式'	8365
8234	(469, 161)	' С'	8366
8235	(2244, 3269)	' issued'	8367
8236	(1095, 108)	'əl'	8368
8237	(1940, 5749)	b' \xe1\x80\xa1\xe1\x80'	8369
8238	(1095, 115)	'əs'	8370
8239	(378, 889)	'有一个'	8371
8240	(557, 1790)	'分红'	8372
8241	(522, 1604)	'ables'	8374
8242	(850, 331)	'ously'	8375
8243	(546, 4163)	' voice'	8376
8244	(2323, 5576)	'卫浴'	8377
8245	(69, 69)	'EE'	8378
8246	(582, 4995)	' although'	8379
8247	(6757, 258)	'stein'	8380
8248	(944, 505)	' expand'	8381
8249	(588, 118)	' Ev'	8382
8250	(10097, 156)	'로'	8383
8251	(66, 108)	'Bl'	8384
8252	(4278, 1685)	' excited'	8385
8253	(828, 1538)	'很快'	8386
8254	(2858, 695)	'画面'	8387
8255	(1197, 700)	'科比'	8388
8256	(542, 7108)	' General'	8389
8257	(1567, 499)	' assum'	8390
8258	(467, 272)	'时的'	8391
8259	(458, 267)	'ager'	8392
8260	(320, 1250)	'level'	8393
8261	(458, 1785)	'agement'	8394
8262	(278, 626)	' cast'	8395
8263	(539, 824)	'地位'	8396
8264	(1115, 2158)	'战绩'	8397
8265	(101, 1533)	'ext'	8398
8266	(655, 1366)	'主演'	8399
8267	(491, 6065)	' journal'	8400
8268	(1827, 116)	' sett'	8402
8269	(315, 140)	'昌'	8403
8270	(3664, 1669)	'逐步'	8405
8271	(674, 283)	' willing'	8406
8272	(3224, 367)	" There's"	8407
8273	(308, 528)	'icul'	8408
8274	(315, 130)	'昂'	8409
8275	(95, 116)	'_t'	8410
8276	(4134, 962)	'while'	8411
8277	(547, 135)	'颇'	8412
8278	(3603, 143)	'鹏'	8413
8279	(428, 396)	'上了'	8414
8280	(571, 4398)	'成熟'	8415
8281	(2366, 178)	'ில'	8416
8282	(385, 3742)	' street'	8417
8283	(891, 766)	' Step'	8418
8284	(496, 1413)	' Rock'	8419
8285	(480, 122)	'riz'	8420
8286	(556, 350)	'可是'	8422
8287	(471, 183)	'ื'	8423
8288	(1546, 3377)	'反映'	8424
8289	(2391, 6880)	'习惯'	8425
8290	(1022, 980)	'展示'	8426
8291	(278, 3560)	' code'	8427
8292	(78, 69)	'NE'	8428
8293	(4099, 1033)	'绿色'	8429
8294	(2076, 293)	' trial'	8430
8295	(932, 2950)	'民族'	8431
8296	(381, 365)	' hero'	8432
8297	(3093, 851)	'्या'	8433
8298	(1090, 784)	'女子'	8434
8299	(278, 6362)	' caught'	8435
8300	(4050, 1807)	'损失'	8436
8301	(278, 301)	' cas'	8437
8302	(6189, 441)	' conversation'	8438
8303	(551, 186)	'挺'	8439
8304	(1649, 350)	'则是'	8440
8305	(1997, 1182)	' investors'	8442
8306	(3403, 420)	'分别为'	8443
8307	(813, 459)	' offers'	8444
8308	(1572, 4011)	'的一個'	8445
8309	(1453, 50)	'2012'	8446
8310	(2827, 283)	' buying'	8447
8311	(666, 1197)	'本科'	8448
8312	(291, 310)	' dom'	8449
8313	(1506, 458)	' flag'	8450
8314	(655, 1815)	'主角'	8451
8315	(442, 104)	' kh'	8453
8316	(51, 1269)	'3000'	8454
8317	(1681, 556)	'即可'	8455
8318	(2070, 740)	'融资'	8456
8319	(275, 105)	'iti'	8457
8320	(2138, 1573)	'奇才'	8458
8321	(4368, 4349)	' network'	8459
8322	(3876, 5257)	' English'	8460
8323	(1911, 1030)	' retail'	8461
8324	(346, 10113)	' beyond'	8462
8325	(3175, 804)	'印度'	8463
8326	(1617, 1224)	' finish'	8464
8327	(1965, 1390)	'摄像'	8465
8328	(4777, 1624)	'讨论'	8466
8329	(282, 6675)	' fresh'	8467
8330	(4154, 10115)	' yesterday'	8468
8331	(1101, 1130)	'感受'	8469
8332	(10046, 7099)	' challenge'	8470
8333	(857, 6484)	' computer'	8471
8334	(573, 396)	'下了'	8472
8335	(3760, 527)	' starts'	8473
8336	(1470, 275)	' commit'	8474
8337	(305, 39)	" l'"	8475
8338	(417, 121)	' By'	8476
8339	(2268, 121)	' lawy'	8477
8340	(1078, 1109)	'至今'	8478
8341	(336, 767)	'一天'	8479
8342	(334, 2506)	'entially'	8480
8343	(708, 780)	'部长'	8481
8344	(395, 143)	'赏'	8482
8345	(464, 2075)	' Direct'	8483
8346	(649, 769)	'от'	8484
8347	(933, 876)	' image'	8485
8348	(392, 182)	'耶'	8486
8349	(800, 357)	'所在'	8487
8350	(486, 1278)	'出台'	8488
8351	(423, 637)	'usive'	8489
8352	(407, 178)	'玲'	8490
8353	(7157, 1149)	' Canadian'	8491
8354	(3775, 1323)	' competition'	8492
8355	(561, 168)	'辨'	8494
8356	(5161, 308)	' communic'	8495
8357	(5797, 1495)	' weapons'	8496
8358	(476, 150)	'拖'	8497
8359	(934, 6156)	'通胀'	8498
8360	(3029, 326)	' solid'	8499
8361	(991, 186)	'铺'	8500
8362	(272, 2134)	'的主要'	8501
8363	(460, 5273)	'个篮板'	8502
8364	(1221, 620)	'东方'	8503
8365	(2122, 1082)	'食物'	8504
8366	(894, 5888)	' anymore'	8505
8367	(1833, 171)	'填'	8506
8368	(477, 115)	'ores'	8507
8369	(1071, 167)	'烧'	8508
8370	(2282, 115)	' obs'	8509
8371	(1672, 53)	'1.5'	8510
8372	(2814, 373)	' estim'	8511
8373	(4691, 2428)	'寻找'	8512
8374	(438, 184)	'數'	8513
8375	(318, 114)	' Ir'	8514
8376	(946, 5701)	'提醒'	8515
8377	(1227, 272)	'型的'	8516
8378	(340, 152)	'甘'	8517
8379	(1383, 737)	" shouldn't"	8518
8380	(655, 1219)	'主题'	8519
8381	(272, 3713)	'的地方'	8520
8382	(272, 2487)	'的表现'	8521
8383	(1590, 115)	' helps'	8522
8384	(3412, 2322)	'ને'	8523
8385	(1598, 156)	'娜'	8524
8386	(3343, 1192)	'收益率'	8525
8387	(4906, 1157)	' beginning'	8526
8388	(297, 10110)	' hundred'	8527
8389	(5310, 115)	' victims'	8528
8390	(103, 117)	'gu'	8529
8391	(2336, 1763)	' Island'	8530
8392	(788, 788)	'等等'	8531
8393	(385, 441)	' station'	8532
8394	(6359, 1437)	'Maybe'	8533
8395	(397, 1610)	'人类'	8534
8396	(6572, 3560)	' episode'	8535
8397	(1391, 345)	' throw'	8536
8398	(1918, 115)	' seconds'	8537
8399	(1506, 3252)	' floor'	8538
8400	(281, 267)	'iser'	8539
8401	(3041, 10102)	' Amazon'	8540
8402	(318, 527)	' Its'	8541
8403	(576, 808)	'多次'	8542
8404	(348, 105)	'adi'	8543
8405	(2109, 4400)	'治疗'	8544
8406	(803, 895)	'表明'	8545
8407	(495, 2193)	'到底'	8546
8408	(5231, 322)	'ription'	8547
8409	(2461, 97)	' kinda'	8548
8410	(5255, 141)	'軍'	8549
8411	(434, 1493)	' rise'	8550
8412	(576, 1046)	'多种'	8551
8413	(1679, 6150)	'清楚'	8552
8414	(649, 945)	'ос'	8553
8415	(3102, 2065)	'判断'	8554
8416	(1560, 597)	'北京市'	8555
8417	(278, 10049)	' council'	8556
8418	(504, 105)	' shi'	8557
8419	(436, 83)	' PS'	8558
8420	(4429, 331)	' previously'	8559
8421	(72, 3397)	'Haha'	8560
8422	(3716, 876)	' Image'	8561
8423	(305, 2774)	' load'	8562
8424	(4672, 3391)	' ኣብ'	8563
8425	(386, 3153)	'不知道'	8564
8426	(849, 50)	' 32'	8565
8427	(486, 419)	'出国'	8566
8428	(1567, 4783)	' assault'	8567
8429	(531, 332)	' Let'	8568
8430	(778, 143)	'描'	8569
8431	(1801, 744)	'办理'	8570
8432	(1468, 3584)	'支付'	8571
8433	(1408, 721)	'流动'	8572
8434	(314, 2183)	' north'	8573
8435	(108, 1119)	'lı'	8574
8436	(1858, 101)	'iye'	8575
8437	(669, 146)	'炒'	8576
8438	(4162, 70)	'ETF'	8577
8439	(4618, 161)	'蔡'	8578
8440	(264, 2251)	' south'	8579
8441	(992, 53)	'2005'	8580
8442	(6736, 287)	' described'	8581
8443	(1994, 682)	' talks'	8582
8444	(71, 111)	'Go'	8583
8445	(3517, 1384)	'播放'	8584
8446	(67, 108)	'Cl'	8585
8447	(548, 115)	'ours'	8586
8448	(669, 188)	'炼'	8587
8449	(298, 191)	'仿'	8588
8450	(1632, 185)	'腹'	8589
8451	(720, 168)	'谨'	8590
8452	(2493, 176)	'翰'	8591
8453	(590, 681)	'也将'	8592
8454	(5662, 1658)	'敬请'	8593
8455	(1576, 330)	' emot'	8594
8456	(387, 176)	'扰'	8595
8457	(2100, 6291)	' announce'	8596
8458	(448, 143)	'栏'	8597
8459	(648, 169)	'肩'	8598
8460	(277, 4926)	' battle'	8599
8461	(602, 1139)	'ид'	8600
8462	(1479, 2894)	'知识'	8601
8463	(272, 1542)	'的游戏'	8602
8464	(3383, 5241)	' patients'	8603
8465	(794, 158)	'胞'	8604
8466	(2822, 495)	'了解到'	8605
8467	(1371, 804)	'再度'	8606
8468	(2034, 555)	'必要'	8607
8469	(4488, 115)	' concerns'	8608
8470	(586, 154)	'ሚ'	8609
8471	(314, 6983)	' natural'	8610
8472	(601, 804)	'高度'	8611
8473	(3389, 636)	' majority'	8612
8474	(596, 111)	' cho'	8613
8475	(2765, 532)	' explain'	8614
8476	(76, 101)	'Le'	8615
8477	(57, 50)	'92'	8616
8478	(7163, 3899)	' thousands'	8617
8479	(421, 288)	' wear'	8618
8480	(1340, 787)	' crime'	8619
8481	(471, 184)	'ุ'	8620
8482	(648, 140)	'肌'	8621
8483	(1093, 272)	'股的'	8622
8484	(1570, 164)	' த'	8623
8485	(2937, 1157)	' planning'	8624
8486	(1538, 1644)	'快乐'	8625
8487	(377, 1495)	' Cons'	8626
8488	(2977, 999)	' behav'	8627
8489	(618, 167)	'ủ'	8628
8490	(4704, 519)	' Senate'	8629
8491	(566, 172)	'ব'	8630
8492	(4240, 149)	'燕'	8631
8493	(512, 4187)	' comfort'	8632
8494	(1570, 174)	' ம'	8633
8495	(1302, 3237)	'结婚'	8634
8496	(2003, 115)	' markets'	8635
8497	(619, 562)	'现金'	8636
8498	(845, 790)	'看法'	8637
8499	(882, 5142)	'两岸'	8638
8500	(5033, 691)	' Office'	8639
8501	(418, 97)	'ila'	8640
8502	(329, 157)	'尝'	8641
8503	(3286, 283)	' holding'	8642
8504	(217, 185)	'ٹ'	8643
8505	(494, 114)	'ustr'	8644
8506	(1570, 133)	' அ'	8646
8507	(256, 365)	' tro'	8647
8508	(752, 115)	'inds'	8648
8509	(1666, 2860)	' minister'	8649
8510	(1764, 173)	' ይ'	8650
8511	(714, 2257)	'期货'	8651
8512	(651, 104)	'aph'	8652
8513	(356, 1860)	' Times'	8653
8514	(911, 4891)	'房屋'	8654
8515	(377, 497)	' Could'	8655
8516	(1461, 133)	' අ'	8656
8517	(946, 980)	'提示'	8657
8518	(408, 408)	'oooo'	8658
8519	(534, 272)	'生的'	8659
8520	(4980, 331)	' particularly'	8660
8521	(6340, 962)	' mobile'	8661
8522	(1126, 101)	' dise'	8662
8523	(3898, 1322)	'估值'	8663
8524	(1931, 135)	'篇'	8664
8525	(32, 973)	' ib'	8665
8526	(1504, 139)	'残'	8666
8527	(68, 67)	'DC'	8667
8528	(78, 65)	'NA'	8668
8529	(788, 1181)	'等级'	8669
8530	(1388, 175)	'疯'	8670
8531	(961, 2084)	'并不是'	8671
8532	(10119, 4638)	' Florida'	8672
8533	(1126, 5121)	' display'	8673
8534	(268, 1262)	' wild'	8674
8535	(471, 136)	'จ'	8675
8536	(641, 102)	' Of'	8676
8537	(2835, 115)	' reasons'	8677
8538	(1377, 598)	'她们'	8678
8539	(713, 3144)	' spending'	8679
8540	(3983, 159)	'機'	8680
8541	(284, 2991)	' push'	8681
8542	(1174, 1412)	'总统'	8682
8543	(559, 115)	' pros'	8683
8544	(400, 5643)	'大多数'	8684
8545	(397, 1573)	'人才'	8685
8546	(2071, 10139)	'陈水扁'	8686
8547	(2292, 367)	" company's"	8687
8548	(317, 155)	'君'	8688
8549	(1546, 1099)	'反应'	8689
8550	(118, 604)	'vant'	8691
8551	(1054, 691)	' twice'	8692
8552	(2429, 411)	' letter'	8693
8553	(1666, 2146)	' minute'	8694
8554	(333, 5595)	' reached'	8695
8555	(657, 3598)	'开启'	8697
8556	(1416, 283)	' showing'	8698
8557	(5616, 5844)	' published'	8699
8558	(430, 148)	'န'	8700
8559	(826, 453)	'性和'	8701
8560	(3253, 345)	' window'	8702
8561	(3608, 862)	'Also'	8703
8562	(1148, 164)	' ત'	8704
8563	(1332, 913)	'显然'	8705
8564	(5587, 5039)	' immigr'	8706
8565	(805, 168)	'墨'	8707
8566	(1559, 1909)	'运营'	8708
8567	(1632, 190)	'腾'	8709
8568	(354, 425)	' Sout'	8710
8569	(323, 159)	'ट'	8711
8570	(627, 1161)	'اک'	8712
8571	(1004, 5645)	' contribut'	8713
8572	(1668, 283)	'coming'	8714
8573	(4981, 283)	' losing'	8715
8574	(5912, 5971)	' revealed'	8716
8575	(1223, 143)	' এ'	8717
8576	(2631, 121)	' fully'	8718
8577	(354, 107)	' Sk'	8719
8578	(2230, 557)	'百分'	8720
8579	(592, 352)	' exam'	8721
8580	(225, 10062)	'ṣ'	8722
8581	(709, 714)	'同期'	8723
8582	(1699, 1357)	'足彩'	8724
8583	(1030, 287)	'ailed'	8725
8584	(2096, 130)	'魂'	8726
8585	(101, 97)	'ea'	8727
8586	(5647, 1716)	' individual'	8728
8587	(1661, 322)	' Union'	8729
8588	(464, 105)	' Di'	8730
8589	(979, 2894)	'意识'	8731
8590	(666, 550)	'本场'	8732
8591	(86, 69)	'VE'	8733
8592	(233, 132)	b'\xe9\x84'	8735
8593	(485, 4650)	'estival'	8736
8594	(180, 235)	b'\xb4\xeb'	8737
8595	(2949, 2596)	'农村'	8738
8596	(282, 604)	' fant'	8739
8597	(1010, 600)	' income'	8740
8598	(2041, 506)	'委会'	8741
8599	(897, 139)	'袋'	8742
8600	(2775, 832)	' پر'	8743
8601	(105, 279)	'ien'	8744
8602	(2511, 3432)	' department'	8745
8603	(256, 373)	' tim'	8746
8604	(413, 188)	'逼'	8747
8605	(305, 308)	' lic'	8748
8606	(3329, 330)	' promot'	8749
8607	(2160, 962)	' While'	8750
8608	(436, 642)	' Post'	8751
8609	(2134, 350)	'主要是'	8752
8610	(657, 1229)	'开奖'	8753
8611	(108, 111)	'lo'	8754
8612	(1633, 1458)	'案件'	8755
8613	(2769, 480)	'ropri'	8756
8614	(291, 4483)	' domin'	8757
8615	(6025, 6025)	'★★'	8758
8616	(463, 352)	' Ham'	8759
8617	(391, 406)	' Mill'	8760
8618	(7056, 1785)	' agreement'	8761
8619	(272, 1434)	'的可能'	8762
8620	(313, 191)	'宿'	8763
8621	(4240, 131)	'燃'	8764
8622	(1351, 831)	'胜利'	8765
8623	(3361, 10105)	' injuries'	8766
8624	(4962, 2523)	' professional'	8767
8625	(4548, 971)	'涉及'	8768
8626	(2904, 5209)	' stopped'	8769
8627	(99, 274)	'can'	8771
8628	(891, 114)	' Str'	8772
8629	(1570, 181)	' வ'	8773
8630	(1243, 131)	'ใ'	8774
8631	(1101, 1311)	'感光'	8775
8632	(510, 947)	' Fire'	8777
8633	(2445, 287)	' passed'	8778
8634	(52, 49)	'41'	8779
8635	(985, 163)	'灣'	8781
8636	(411, 121)	'tery'	8782
8637	(2236, 818)	' Americans'	8784
8638	(538, 1236)	'我想'	8785
8639	(318, 5173)	' Iran'	8786
8640	(1308, 420)	'较为'	8787
8641	(854, 390)	'当中'	8788
8642	(984, 150)	'糖'	8789
8643	(354, 283)	' Sing'	8790
8644	(6174, 2338)	'搜索'	8791
8645	(713, 108)	' spl'	8792
8646	(618, 129)	'ề'	8793
8647	(619, 775)	'现实'	8794
8648	(405, 146)	'寒'	8795
8649	(1385, 105)	'iki'	8796
8650	(117, 1877)	'uwa'	8797
8651	(278, 1683)	' cities'	8798
8652	(216, 176)	'ذ'	8799
8653	(665, 272)	'用的'	8800
8654	(336, 977)	'一只'	8801
8655	(421, 3134)	' wearing'	8802
8656	(284, 332)	' pet'	8803
8657	(1150, 503)	'ка'	8804
8658	(3399, 2917)	' caused'	8805
8659	(272, 1321)	'的投资'	8806
8660	(2277, 134)	'婆'	8807
8661	(83, 69)	'SE'	8808
8662	(970, 179)	'ዳ'	8809
8663	(635, 5087)	'orthern'	8810
8664	(761, 1538)	'加快'	8811
8665	(1014, 880)	'ул'	8812
8666	(2411, 1904)	'跌幅'	8813
8667	(105, 591)	'ipp'	8814
8668	(1490, 188)	'狼'	8815
8669	(1291, 10123)	'别墅'	8816
8670	(559, 6637)	' projects'	8817
8671	(2471, 1609)	' continues'	8818
8672	(1233, 2053)	'或许'	8819
8673	(109, 288)	'mar'	8820
8674	(3859, 518)	'智能'	8821
8675	(421, 2069)	' weather'	8822
8676	(436, 2264)	' Prem'	8823
8677	(1043, 97)	'uga'	8824
8678	(118, 105)	'vi'	8826
8679	(3282, 1491)	' eventually'	8827
8680	(670, 168)	'轨'	8828
8681	(1174, 350)	'总是'	8829
8682	(3540, 283)	' trading'	8831
8683	(6777, 128)	'지'	8832
8684	(1475, 378)	'共有'	8833
8685	(348, 3630)	'adium'	8834
8686	(713, 1718)	' spread'	8835
8687	(10015, 2083)	'্র'	8836
8688	(361, 4258)	' forced'	8837
8689	(2846, 281)	' basis'	8838
8690	(49, 1445)	'150'	8839
8691	(385, 263)	' stre'	8840
8692	(421, 121)	' wey'	8841
8693	(476, 148)	'拔'	8842
8694	(326, 104)	'idh'	8843
8695	(318, 73)	' II'	8844
8696	(575, 166)	'哦'	8845
8697	(4774, 6164)	' George'	8846
8698	(520, 396)	'来了'	8847
8699	(343, 320)	' ele'	8848
8700	(2749, 2885)	'ESDAY'	8849
8701	(1303, 2424)	'规范'	8850
8702	(1384, 357)	'放在'	8851
8703	(464, 1868)	' Def'	8852
8704	(77, 77)	'MM'	8853
8705	(1611, 844)	'均价'	8854
8706	(231, 141)	b'\xe7\x8d'	8855
8707	(3247, 275)	' Edit'	8856
8708	(323, 156)	'ज'	8857
8709	(406, 121)	'illy'	8858
8710	(10106, 308)	' traffic'	8859
8711	(2623, 800)	'交易所'	8860
8712	(793, 156)	'姜'	8861
8713	(436, 67)	' PC'	8862
8714	(721, 745)	'动力'	8863
8715	(1744, 1001)	'确保'	8864
8716	(119, 117)	'wu'	8865
8717	(5125, 637)	' massive'	8866
8718	(3683, 831)	'顺利'	8867
8719	(10026, 276)	' histor'	8868
8720	(10031, 10108)	' highest'	8869
8721	(2142, 396)	'出现了'	8870
8722	(2697, 283)	' telling'	8871
8723	(89, 548)	'Your'	8872
8724	(4033, 1899)	' እን'	8873
8725	(7281, 6951)	' tomorrow'	8874
8726	(4354, 1685)	' limited'	8875
8727	(1057, 2941)	'信贷'	8876
8728	(4198, 1334)	'本报记者'	8877
8729	(87, 345)	'Wow'	8878
8730	(1826, 459)	' owners'	8879
8731	(655, 1351)	'主胜'	8880
8732	(6078, 3099)	' https'	8881
8733	(496, 402)	' Rec'	8882
8734	(10107, 2689)	'fortunately'	8883
8735	(1848, 526)	'annel'	8884
8736	(1844, 2077)	' relative'	8885
8737	(1461, 184)	' ම'	8886
8738	(2910, 182)	'島'	8887
8739	(3699, 283)	'ifying'	8888
8740	(325, 136)	'戈'	8890
8741	(378, 816)	'有点'	8891
8742	(5270, 1409)	' Company'	8892
8743	(641, 70)	' OF'	8893
8744	(569, 136)	'沈'	8894
8745	(531, 1108)	' Law'	8895
8746	(2710, 3066)	'志愿'	8896
8747	(282, 962)	' file'	8897
8748	(1339, 1222)	'图片'	8898
8749	(1854, 844)	'评价'	8899
8750	(812, 708)	'内部'	8900
8751	(1994, 334)	' talent'	8901
8752	(1423, 4172)	' awọn'	8902
8753	(1215, 272)	'做的'	8903
8754	(907, 909)	'里斯'	8904
8755	(232, 185)	b'\xe8\xb9'	8905
8756	(418, 287)	'iled'	8906
8757	(467, 3712)	'时刻'	8907
8758	(386, 776)	'不好'	8908
8759	(391, 1310)	' Miss'	8909
8760	(5674, 3720)	' camera'	8910
8761	(2375, 283)	' meaning'	8911
8762	(1159, 1950)	' partner'	8912
8763	(981, 10120)	' Chicago'	8913
8764	(560, 274)	'akan'	8914
8765	(2607, 3137)	' deliver'	8915
8766	(5746, 310)	' bottom'	8916
8767	(103, 108)	'gl'	8917
8768	(480, 101)	'rie'	8918
8769	(828, 776)	'很好'	8919
8770	(65, 109)	'Am'	8920
8771	(1148, 133)	' અ'	8921
8772	(580, 181)	'வ'	8922
8773	(470, 418)	' Wil'	8923
8774	(10057, 97)	' Africa'	8924
8775	(5305, 287)	' mentioned'	8925
8776	(288, 515)	'arth'	8926
8777	(1135, 1924)	'设置'	8927
8778	(413, 138)	'逊'	8928
8779	(6605, 128)	'가'	8930
8780	(1486, 2529)	'带来的'	8931
8781	(510, 6205)	' FBI'	8932
8782	(305, 1923)	' là'	8933
8783	(10111, 691)	'Police'	8934
8784	(5731, 612)	' tonight'	8935
8785	(83, 3285)	'Sorry'	8936
8786	(275, 441)	'itation'	8937
8787	(1316, 1681)	'立即'	8938
8788	(434, 271)	' rat'	8939
8789	(3695, 3734)	' suspect'	8940
8790	(378, 831)	'有利'	8941
8791	(259, 626)	'heast'	8942
8792	(391, 642)	' Most'	8943
8793	(268, 2097)	' warm'	8944
8794	(5758, 4611)	' document'	8945
8795	(800, 5822)	'所谓'	8946
8796	(1267, 968)	' blog'	8947
8797	(1356, 173)	' ክ'	8948
8798	(1097, 183)	'酷'	8949
8799	(3520, 287)	' claimed'	8950
8800	(692, 134)	'來'	8951
8801	(5638, 1907)	' Jackson'	8952
8802	(10014, 536)	' videos'	8953
8803	(4310, 519)	' update'	8954
8804	(386, 3084)	'不败'	8955
8805	(5211, 3345)	' dropped'	8956
8806	(323, 167)	'ध'	8957
8807	(365, 108)	'rol'	8958
8808	(1692, 182)	'茶'	8959
8809	(463, 97)	' Ha'	8960
8810	(278, 1083)	' cook'	8961
8811	(301, 99)	'asc'	8962
8812	(1499, 134)	'豆'	8963
8813	(10045, 109)	' confirm'	8964
8814	(278, 2787)	' cards'	8965
8815	(2210, 1018)	' glass'	8966
8816	(1692, 168)	'茨'	8967
8817	(114, 373)	'rim'	8968
8818	(372, 173)	'杭'	8969
8819	(3287, 1945)	'冲击'	8970
8820	(1623, 617)	' consist'	8971
8821	(85, 67)	'UC'	8972
8822	(105, 536)	'ios'	8973
8823	(1415, 1181)	'超级'	8974
8824	(311, 159)	'迟'	8975
8825	(232, 171)	b'\xe8\xab'	8976
8826	(308, 839)	'icial'	8977
8827	(1174, 744)	'总理'	8979
8828	(754, 156)	'ග'	8980
8829	(232, 188)	b'\xe8\xbc'	8981
8830	(669, 142)	'炎'	8982
8831	(3332, 4007)	'อง'	8983
8832	(572, 156)	'惜'	8984
8833	(547, 151)	'颗'	8985
8834	(944, 3721)	' expensive'	8986
8835	(6580, 276)	' sector'	8987
8836	(76, 65)	'LA'	8988
8837	(852, 272)	'心的'	8989
8838	(541, 152)	'掘'	8990
8839	(1451, 272)	'目前的'	8991
8840	(422, 190)	'贾'	8992
8841	(542, 676)	' Game'	8993
8842	(491, 287)	' jed'	8994
8843	(400, 1418)	'大约'	8995
8844	(4107, 2146)	'stitute'	8997
8845	(72, 281)	'His'	8999
8846	(464, 326)	' Did'	9000
8847	(1021, 171)	'ካ'	9001
8848	(899, 397)	'万人'	9002
8849	(783, 357)	'但在'	9003
8850	(54, 57)	'69'	9004
8851	(83, 99)	'Sc'	9005
8852	(5780, 1305)	' physical'	9006
8853	(1021, 173)	'ክ'	9007
8854	(2768, 1514)	'竞技'	9008
8855	(1012, 174)	' ਮ'	9009
8856	(1782, 651)	' cheap'	9010
8857	(1648, 912)	'深入'	9011
8858	(3514, 178)	'該'	9012
8859	(348, 287)	'aded'	9013
8860	(6875, 116)	' Robert'	9014
8861	(6979, 418)	' civil'	9015
8862	(4833, 2638)	' surprised'	9016
8863	(2900, 285)	' miles'	9017
8864	(4739, 1110)	'沃尔'	9018
8865	(485, 308)	'estic'	9019
8866	(627, 1592)	'اس'	9020
8867	(45, 101)	'-e'	9021
8868	(4268, 7476)	' Research'	9022
8869	(1093, 1221)	'股东'	9023
8870	(1261, 184)	'摸'	9024
8871	(841, 367)	" year's"	9025
8872	(2366, 175)	'ிய'	9026
8873	(356, 121)	' Ty'	9027
8874	(122, 279)	'zen'	9028
8875	(487, 147)	'浓'	9029
8876	(395, 160)	'赠'	9030
8877	(607, 1096)	'新增'	9031
8878	(2443, 6090)	'监督'	9032
8879	(1400, 608)	' attend'	9033
8880	(293, 111)	'alo'	9034
8881	(512, 10125)	' commercial'	9036
8882	(791, 4231)	' agreed'	9037
8883	(1926, 175)	'िय'	9038
8884	(506, 357)	'会在'	9039
8885	(406, 97)	'illa'	9040
8886	(415, 188)	'押'	9041
8887	(4399, 321)	' boost'	9042
8888	(1666, 276)	' minor'	9043
8889	(523, 155)	'氛'	9044
8890	(401, 136)	'奈'	9045
8891	(436, 560)	' Pak'	9046
8892	(379, 101)	'see'	9047
8893	(2517, 1886)	'武器'	9048
8894	(2479, 267)	' older'	9049
8895	(4667, 398)	' occur'	9050
8896	(464, 279)	' Den'	9051
8897	(4035, 177)	'統'	9052
8898	(1566, 727)	'半球'	9053
8899	(1686, 890)	' write'	9054
8900	(611, 6655)	' plenty'	9055
8901	(10016, 2272)	' systems'	9056
8902	(1498, 173)	'業'	9057
8903	(5388, 4654)	' Muslim'	9058
8904	(10114, 185)	' ẹ'	9059
8905	(408, 1279)	'ooper'	9061
8906	(2590, 2983)	' speech'	9062
8907	(813, 2412)	' offered'	9063
8908	(4205, 2981)	'ี่'	9064
8909	(2974, 899)	'千万'	9065
8910	(3094, 281)	' Chris'	9066
8911	(271, 111)	'ato'	9067
8912	(1915, 2901)	' bigger'	9068
8913	(1793, 3757)	'神秘'	9069
8914	(3629, 287)	'lined'	9070
8915	(1935, 267)	' enter'	9071
8916	(119, 258)	'win'	9072
8917	(1440, 4679)	'四川'	9073
8918	(10003, 48)	' 2010'	9074
8919	(1686, 7051)	' written'	9075
8920	(2635, 917)	'独特'	9076
8921	(4597, 3276)	'数码相机'	9077
8922	(10034, 2211)	' pictures'	9078
8923	(45, 80)	'-P'	9079
8924	(803, 1366)	'表演'	9080
8925	(2174, 275)	' instit'	9081
8926	(3751, 139)	'開'	9082
8927	(516, 189)	'忽'	9083
8928	(391, 398)	' Mur'	9084
8929	(54, 52)	'64'	9085
8930	(2029, 636)	' reality'	9086
8931	(368, 189)	'帽'	9087
8932	(3930, 283)	' fighting'	9088
8933	(492, 272)	'家的'	9089
8934	(288, 604)	'arant'	9090
8935	(68, 3811)	'Does'	9091
8936	(357, 1306)	'在线'	9092
8937	(1544, 272)	'爱的'	9093
8938	(3917, 274)	' Korean'	9094
8939	(288, 99)	'arc'	9095
8940	(311, 129)	'迁'	9096
8941	(492, 397)	'家人'	9097
8942	(7358, 1311)	'曝光'	9098
8943	(297, 1016)	' hang'	9099
8944	(460, 826)	'个性'	9100
8945	(376, 77)	' AM'	9101
8946	(87, 2459)	'Where'	9102
8947	(3275, 1049)	' afford'	9103
8948	(275, 288)	'itar'	9104
8949	(4681, 1394)	'Trump'	9105
8950	(2457, 3936)	' transfer'	9106
8951	(540, 662)	'日元'	9107
8952	(4804, 649)	'ого'	9108
8953	(6224, 331)	' obviously'	9109
8954	(354, 84)	' ST'	9110
8955	(5045, 328)	' okay'	9111
8956	(291, 10060)	' district'	9112
8957	(72, 65)	'HA'	9113
8958	(393, 171)	'衫'	9114
8959	(282, 609)	' fear'	9115
8960	(442, 1877)	' kwa'	9116
8961	(2743, 5337)	'威廉'	9117
8962	(863, 176)	'恰'	9118
8963	(2617, 1448)	'紧张'	9119
8964	(1148, 156)	' જ'	9120
8965	(236, 149)	b'\xec\x95'	9121
8966	(2295, 2629)	' central'	9122
8967	(623, 1881)	'前景'	9123
8968	(103, 110)	'gn'	9124
8969	(1082, 1420)	'物质'	9125
8970	(828, 378)	'很有'	9126
8971	(375, 1736)	'unny'	9127
8972	(158, 430)	b'\x9e\xe1\x80'	9128
8973	(4575, 115)	' drugs'	9129
8974	(2781, 630)	' standard'	9130
8975	(1179, 630)	' guard'	9131
8976	(112, 1244)	'pool'	9132
8977	(1790, 727)	'红球'	9133
8978	(1350, 1714)	'导语'	9134
8979	(526, 759)	'eline'	9135
8980	(2720, 1252)	'担任'	9136
8981	(103, 375)	'gun'	9137
8982	(633, 115)	'acks'	9138
8983	(4133, 5598)	' Christmas'	9139
8984	(236, 139)	b'\xec\x8b'	9140
8985	(444, 104)	' ath'	9141
8986	(275, 99)	'itc'	9142
8987	(495, 272)	'到的'	9143
8988	(2384, 1637)	'申购'	9144
8989	(413, 134)	'逆'	9145
8990	(1075, 708)	'西部'	9146
8991	(2647, 1443)	'инг'	9147
8992	(516, 160)	'忠'	9148
8993	(4315, 536)	' propos'	9149
8994	(4605, 2693)	'Photo'	9150
8995	(4376, 2673)	'宽松'	9151
8996	(108, 274)	'lan'	9152
8997	(1457, 818)	' Trans'	9153
8998	(417, 5724)	' Bowl'	9154
8999	(286, 105)	' mi'	9155
9000	(1932, 6485)	' terrible'	9156
9001	(10135, 738)	' Virginia'	9157
9002	(940, 609)	' Year'	9158
9003	(1590, 283)	' helping'	9159
9004	(4231, 310)	'reedom'	9160
9005	(1000, 2062)	'建材'	9161
9006	(417, 267)	' Ber'	9162
9007	(353, 283)	'acing'	9163
9008	(2035, 2887)	'江苏'	9164
9009	(272, 3027)	'的机会'	9165
9010	(3851, 6968)	' analysis'	9166
9011	(1798, 921)	' drink'	9167
9012	(1294, 1649)	'原则'	9168
9013	(1934, 832)	' بر'	9169
9014	(3681, 4379)	'私募'	9170
9015	(1715, 597)	'州市'	9171
9016	(1215, 486)	'做出'	9172
9017	(305, 2477)	' lines'	9173
9018	(1536, 1642)	'仅供'	9174
9019	(1794, 1103)	" You're"	9175
9020	(566, 5369)	'য়'	9176
9021	(1243, 129)	'แ'	9177
9022	(2048, 140)	'菌'	9178
9023	(1662, 175)	'梯'	9179
9024	(3139, 691)	' Justice'	9180
9025	(390, 6784)	'中華'	9181
9026	(7005, 738)	' Nigeria'	9182
9027	(1123, 840)	' ای'	9183
9028	(4264, 283)	' funding'	9184
9029	(45, 505)	'-and'	9185
9030	(5238, 3038)	' watched'	9186
9031	(5898, 657)	'召开'	9187
9032	(539, 6063)	'地址'	9188
9033	(560, 287)	'aked'	9189
9034	(596, 7000)	' choose'	9190
9035	(3088, 527)	'pects'	9191
9036	(2286, 111)	'Who'	9192
9037	(1084, 134)	'漆'	9193
9038	(604, 287)	'anted'	9194
9039	(3850, 283)	' selling'	9195
9040	(6379, 115)	' Williams'	9196
9041	(1729, 272)	'现在的'	9197
9042	(357, 986)	'在中国'	9198
9043	(77, 114)	'Mr'	9199
9044	(1042, 1122)	'商务'	9200
9045	(6029, 68)	' AND'	9202
9046	(866, 283)	'elling'	9203
9047	(590, 1206)	'也没有'	9204
9048	(684, 2109)	'自治'	9205
9049	(692, 181)	'侵'	9206
9050	(434, 1543)	' rating'	9207
9051	(418, 115)	'ils'	9208
9052	(3229, 1664)	'律师'	9209
9053	(277, 1480)	' burn'	9210
9054	(3668, 450)	' Carol'	9211
9055	(954, 184)	'爸'	9212
9056	(640, 1390)	'就像'	9213
9057	(686, 1705)	' upgr'	9214
9058	(4399, 682)	' books'	9215
9059	(6738, 643)	'forcement'	9216
9060	(10147, 174)	'鎮'	9217
9061	(204, 128)	'̀'	9218
9062	(480, 293)	'rial'	9219
9063	(361, 2954)	' forces'	9220
9064	(666, 3934)	'本场比赛'	9221
9065	(1130, 2408)	'受伤'	9222
9066	(524, 166)	'厦'	9223
9067	(121, 431)	'ych'	9224
9068	(363, 184)	'伸'	9225
9069	(2096, 133)	'魅'	9226
9070	(1257, 532)	' brain'	9227
9071	(7205, 331)	' extremely'	9228
9072	(297, 398)	' hur'	9229
9073	(2354, 848)	'例如'	9230
9074	(744, 1624)	'理论'	9231
9075	(1378, 140)	'れ'	9233
9076	(6770, 1658)	'邀请'	9234
9077	(910, 272)	'区的'	9235
9078	(45, 10137)	'-term'	9236
9079	(719, 328)	'oday'	9237
9080	(668, 100)	' und'	9238
9081	(521, 2060)	'对象'	9239
9082	(606, 184)	'સ'	9240
9083	(4064, 492)	'科学家'	9241
9084	(672, 539)	'基地'	9242
9085	(391, 526)	' Mel'	9243
9086	(1639, 671)	'encies'	9244
9087	(1712, 5133)	' implement'	9245
9088	(1686, 2521)	' writing'	9246
9089	(2992, 110)	'ón'	9247
9090	(550, 272)	'场的'	9248
9091	(979, 786)	'意外'	9249
9092	(1168, 627)	'ها'	9250
9093	(496, 1180)	' Roy'	9251
9094	(1835, 2598)	'维护'	9252
9095	(504, 3081)	' shots'	9253
9096	(102, 114)	'fr'	9254
9097	(5747, 757)	' Jeff'	9255
9098	(4125, 283)	' considering'	9256
9099	(641, 107)	' Ok'	9257
9100	(117, 1569)	'uals'	9258
9101	(1263, 1191)	'专门'	9259
9102	(566, 174)	'ম'	9260
9103	(1011, 2033)	'格兰'	9261
9104	(1231, 3764)	' feature'	9262
9105	(1446, 5311)	' download'	9263
9106	(109, 105)	'mi'	9264
9107	(357, 3331)	'在一起'	9265
9108	(704, 602)	'ни'	9266
9109	(318, 84)	' IT'	9267
9110	(549, 138)	'俊'	9268
9111	(386, 1213)	'不管'	9269
9112	(5035, 320)	' Apple'	9270
9113	(524, 168)	'厨'	9271
9114	(10116, 5193)	'兄弟'	9272
9115	(83, 68)	'SD'	9273
9116	(274, 738)	'ania'	9274
9117	(390, 607)	'中新'	9275
9118	(2568, 114)	' restr'	9276
9119	(10025, 3496)	' learned'	9277
9120	(5919, 332)	' sweet'	9278
9121	(1701, 115)	' posts'	9279
9122	(2439, 486)	'突出'	9280
9123	(7581, 3112)	' criminal'	9281
9124	(6465, 2535)	'办公室'	9282
9125	(1470, 10066)	' committee'	9283
9126	(1483, 160)	b' \xec\xa0'	9284
9127	(272, 1496)	'的热'	9285
9128	(434, 10136)	' random'	9286
9129	(794, 182)	'胶'	9287
9130	(422, 186)	'贺'	9288
9131	(554, 320)	' dele'	9289
9132	(469, 159)	' П'	9290
9133	(388, 161)	'御'	9291
9134	(1291, 397)	'别人'	9292
9135	(1115, 2112)	'战争'	9293
9136	(478, 97)	'ema'	9294
9137	(3531, 98)	' Feb'	9295
9138	(1036, 272)	'量的'	9296
9139	(1133, 3954)	'强烈'	9297
9140	(3076, 5053)	' population'	9298
9141	(1423, 935)	' aware'	9299
9142	(2151, 1382)	'ने'	9300
9143	(2824, 721)	'移动'	9301
9144	(256, 10118)	' tournament'	9302
9145	(357, 568)	'在于'	9303
9146	(2868, 10128)	'倍光学变焦'	9304
9147	(970, 157)	'ዝ'	9305
9148	(358, 145)	'译'	9306
9149	(10129, 188)	'鬼'	9307
9150	(880, 503)	'ла'	9308
9151	(204, 129)	'́'	9309
9152	(3129, 115)	' attacks'	9310
9153	(2234, 283)	' keeping'	9311
9154	(879, 135)	'ே'	9312
9155	(513, 137)	'泉'	9313
9156	(2833, 787)	' Prime'	9314
9157	(5547, 6451)	'俄罗斯'	9315
9158	(914, 179)	'芳'	9316
9159	(4775, 697)	' connect'	9317
9160	(1507, 2254)	' کہ'	9318
9161	(46, 99)	'.c'	9319
9162	(316, 4455)	' gö'	9320
9163	(554, 1190)	' defe'	9321
9164	(65, 2402)	'Add'	9322
9165	(1261, 135)	'摇'	9323
9166	(45, 515)	'-th'	9324
9167	(277, 4391)	' bomb'	9325
9168	(1362, 165)	'ấ'	9326
9169	(3509, 3955)	' प्र'	9327
9170	(3579, 4685)	' organization'	9328
9171	(1744, 1226)	'确认'	9329
9172	(7684, 2879)	' witness'	9330
9173	(329, 150)	'尖'	9331
9174	(2436, 272)	'提供的'	9332
9175	(490, 3288)	' NBA'	9333
9176	(3548, 1548)	'促销'	9334
9177	(4010, 287)	' designed'	9335
9178	(3657, 283)	'going'	9336
9179	(2416, 2274)	' modern'	9337
9180	(1552, 427)	'几年'	9338
9181	(55, 50)	'72'	9339
9182	(1212, 5441)	'注册'	9340
9183	(2567, 83)	'ERS'	9341
9184	(1909, 553)	'营业'	9342
9185	(68, 83)	'DS'	9343
9186	(417, 4732)	' Because'	9344
9187	(6994, 643)	' Government'	9345
9188	(845, 845)	'看看'	9346
9189	(327, 2787)	' yards'	9347
9190	(10019, 4718)	'平方公里'	9348
9191	(1099, 854)	'应当'	9349
9192	(73, 65)	'IA'	9350
9193	(2952, 399)	' broke'	9351
9194	(834, 976)	' click'	9352
9195	(1532, 146)	'棒'	9353
9196	(1645, 608)	' defend'	9354
9197	(597, 932)	'市民'	9355
9198	(1866, 331)	' highly'	9356
9199	(2058, 176)	b' \xeb\xb0'	9357
9200	(1483, 149)	b' \xec\x95'	9358
9201	(4706, 285)	' homes'	9359
9202	(1055, 952)	'让我们'	9360
9203	(329, 152)	'尘'	9361
9204	(4972, 4150)	'培训'	9362
9205	(686, 265)	' upon'	9363
9206	(1694, 987)	'如果你'	9364
9207	(5819, 678)	' culture'	9365
9208	(10042, 10141)	' opportunities'	9366
9209	(264, 352)	' sam'	9367
9210	(1461, 175)	' ද'	9368
9211	(272, 776)	'的好'	9369
9212	(314, 1740)	' names'	9370
9213	(560, 105)	'aki'	9371
9214	(10009, 156)	'瓜'	9372
9215	(522, 98)	'abb'	9373
9216	(641, 853)	' Other'	9374
9217	(99, 528)	'cul'	9375
9218	(310, 285)	'omes'	9376
9219	(565, 379)	'These'	9377
9220	(391, 267)	' Mer'	9378
9221	(6048, 4250)	' College'	9379
9222	(3007, 486)	'派出'	9380
9223	(715, 390)	'之中'	9381
9224	(292, 1836)	' toward'	9382
9225	(226, 150)	b'\xe2\x96'	9383
9226	(1101, 3107)	'感谢'	9384
9227	(284, 275)	' pit'	9385
9228	(6377, 1082)	'宠物'	9386
9229	(1123, 1592)	' اس'	9387
9230	(1012, 156)	' ਜ'	9388
9231	(988, 842)	'员工'	9389
9232	(6831, 1473)	' Daily'	9390
9233	(168, 4756)	b'\xa8\xe0\xaf\x8d\xe0\xae\xa4'	9391
9234	(1689, 3210)	' funds'	9392
9235	(1825, 2586)	' subject'	9393
9236	(540, 272)	'日的'	9394
9237	(395, 140)	'赌'	9395
9238	(10142, 301)	' Vegas'	9396
9239	(280, 149)	'井'	9397
9240	(1012, 135)	' ਇ'	9398
9241	(1084, 130)	'漂'	9400
9242	(1106, 174)	'ाम'	9401
9243	(354, 3164)	' Sports'	9402
9244	(5143, 190)	b'\x99\xe1\x80\xbe'	9403
9245	(590, 1627)	'也就是'	9404
9246	(1621, 1502)	' struct'	9405
9247	(464, 10060)	' District'	9406
9248	(10050, 6995)	' vehicles'	9407
9249	(2435, 283)	' paying'	9408
9250	(405, 147)	'寓'	9409
9251	(415, 155)	'抛'	9410
9252	(1041, 1458)	'文件'	9411
9253	(258, 1070)	'inary'	9412
9254	(1071, 166)	'烦'	9413
9255	(2550, 724)	' Club'	9414
9256	(56, 54)	'86'	9415
9257	(746, 287)	'ounded'	9416
9258	(2960, 275)	' profit'	9417
9259	(1788, 1950)	' winner'	9418
9260	(1148, 134)	' આ'	9419
9261	(2449, 283)	' happening'	9420
9262	(350, 663)	'是最'	9421
9263	(264, 5204)	' sources'	9422
9264	(49, 925)	'110'	9423
9265	(291, 801)	' dip'	9424
9266	(1619, 272)	'企业的'	9425
9267	(1570, 154)	' ச'	9426
9268	(573, 4358)	'下半年'	9427
9269	(2011, 135)	'ич'	9428
9270	(1011, 1026)	'格式'	9429
9271	(291, 287)	' ded'	9430
9272	(79, 398)	'Our'	9431
9273	(741, 1206)	'还没有'	9432
9274	(530, 287)	' noted'	9433
9275	(586, 179)	'ሳ'	9434
9276	(284, 1634)	' path'	9435
9277	(496, 97)	' Ra'	9436
9278	(1148, 185)	' હ'	9437
9279	(32, 4145)	' err'	9438
9280	(3543, 1731)	'阵容'	9439
9281	(1135, 2136)	'设施'	9440
9282	(5754, 2324)	' dollars'	9441
9283	(10126, 112)	'http'	9442
9284	(282, 293)	' fal'	9443
9285	(1043, 117)	'ugu'	9444
9286	(1004, 485)	' contest'	9445
9287	(1384, 5864)	'放弃'	9446
9288	(5597, 2242)	' digital'	9447
9289	(1208, 832)	'ير'	9448
9290	(2185, 775)	'落实'	9449
9291	(2819, 629)	b'\xe0\xa9\x80\xe0\xa8'	9450
9292	(282, 446)	' fif'	9451
9293	(739, 139)	'晋'	9452
9294	(496, 5719)	' Ryan'	9453
9295	(4838, 4973)	'液晶'	9454
9296	(462, 882)	'这两'	9455
9297	(263, 293)	'real'	9456
9298	(922, 285)	' uses'	9457
9299	(1408, 529)	'流行'	9458
9300	(1561, 3472)	' coverage'	9459
9301	(354, 110)	' Sn'	9460
9302	(2605, 817)	' Que'	9461
9303	(3659, 161)	'鸡'	9462
9304	(289, 100)	' od'	9463
9305	(2266, 988)	'官员'	9464
9306	(117, 375)	'uun'	9465
9307	(4986, 275)	' benefit'	9466
9308	(3849, 1343)	'延续'	9467
9309	(1017, 3852)	'交锋'	9468
9310	(3924, 3696)	'屏幕'	9469
9311	(84, 70)	'TF'	9470
9312	(391, 719)	' Mod'	9471
9313	(350, 2084)	'是不是'	9472
9314	(1138, 53)	' 45'	9473
9315	(1058, 2563)	'ointed'	9474
9316	(713, 2905)	' spoke'	9475
9317	(286, 348)	' mad'	9476
9318	(641, 10152)	' Olymp'	9477
9319	(258, 581)	'inally'	9478
9320	(3826, 287)	' seemed'	9480
9321	(5918, 121)	' Party'	9481
9322	(2681, 2162)	' electric'	9482
9323	(985, 173)	'灭'	9483
9324	(264, 3165)	' sides'	9484
9325	(4330, 168)	'磨'	9485
9326	(2772, 1550)	'衣服'	9486
9327	(114, 976)	'rick'	9487
9328	(2029, 2592)	' realize'	9488
9329	(1751, 1103)	"We're"	9489
9330	(745, 804)	'力度'	9490
9331	(354, 398)	' Sur'	9491
9332	(2469, 4086)	' skills'	9492
9333	(297, 633)	' hack'	9493
9334	(288, 110)	'arn'	9494
9335	(6726, 3141)	'业内人士'	9495
9336	(73, 70)	'IF'	9496
9337	(1023, 2062)	'身材'	9497
9338	(109, 348)	'mad'	9498
9339	(3579, 937)	' organiz'	9499
9340	(747, 1014)	'ру'	9500
9341	(710, 2225)	'ей'	9501
9342	(291, 39)	" d'"	9502
9343	(546, 406)	' vill'	9503
9344	(590, 518)	'也能'	9504
9345	(641, 370)	' Out'	9505
9346	(786, 1017)	'外交'	9506
9347	(49, 1169)	'120'	9507
9348	(2504, 1950)	' corner'	9508
9349	(1507, 837)	' کو'	9509
9350	(324, 263)	'vere'	9510
9351	(277, 2281)	' born'	9511
9352	(277, 6129)	' border'	9512
9353	(285, 423)	'esus'	9513
9354	(1693, 322)	'ashion'	9514
9355	(2073, 3165)	' provides'	9515
9356	(1107, 771)	'制定'	9516
9357	(350, 1092)	'是由'	9517
9358	(1148, 181)	' વ'	9518
9359	(3217, 1493)	' raise'	9519
9360	(2790, 6963)	'cohol'	9520
9361	(119, 114)	'wr'	9521
9362	(5720, 1245)	'ông'	9522
9363	(542, 10145)	' Germany'	9523
9364	(357, 865)	'在此'	9524
9365	(4864, 2881)	' Secret'	9525
9366	(1419, 4506)	' decades'	9526
9367	(350, 386)	'是不'	9527
9368	(462, 708)	'这部'	9528
9369	(272, 1966)	'的设计'	9529
9370	(234, 181)	b'\xea\xb5'	9530
9371	(712, 110)	' Kn'	9531
9372	(10146, 876)	' advantage'	9532
9373	(668, 5952)	' unique'	9533
9374	(383, 283)	'iring'	9534
9375	(297, 1873)	' hits'	9535
9376	(833, 152)	'聘'	9536
9377	(5611, 5353)	'ું'	9537
9378	(119, 288)	'war'	9538
9379	(282, 406)	' fill'	9539
9380	(1959, 283)	' finding'	9540
9381	(1419, 108)	' decl'	9541
9382	(277, 1553)	' boss'	9542
9383	(53, 1269)	'5000'	9543
9384	(2245, 367)	"What's"	9544
9385	(3494, 548)	' favour'	9545
9386	(4302, 1948)	' successful'	9546
9387	(1826, 267)	' owner'	9547
9388	(436, 332)	' Pet'	9548
9389	(7433, 188)	'를'	9549
9390	(2645, 969)	'频道'	9550
9391	(410, 175)	'冯'	9551
9392	(1341, 283)	'ancing'	9552
9393	(1388, 178)	'疲'	9553
9394	(802, 139)	'か'	9554
9395	(639, 263)	' mere'	9555
9396	(277, 10121)	' brief'	9556
9397	(602, 2828)	'ист'	9557
9398	(2436, 396)	'提供了'	9558
9399	(470, 762)	' Wood'	9559
9400	(277, 1091)	' bond'	9560
9401	(2987, 121)	' healthy'	9561
9402	(3777, 287)	' picked'	9562
9403	(114, 258)	'rin'	9563
9404	(291, 100)	' dd'	9564
9405	(2018, 141)	'ፍ'	9565
9406	(606, 185)	'હ'	9566
9407	(112, 97)	'pa'	9567
9408	(801, 643)	'ipment'	9568
9409	(1052, 7809)	' knowledge'	9569
9410	(237, 150)	b'\xed\x96'	9570
9411	(1388, 134)	'疆'	9571
9412	(5449, 2117)	'同比增长'	9572
9413	(3358, 182)	' ö'	9573
9414	(557, 1198)	'分布'	9574
9415	(256, 608)	' tend'	9575
9416	(6064, 441)	' Association'	9576
9417	(2518, 176)	'ਾਰ'	9577
9418	(1387, 495)	'直到'	9578
9419	(337, 149)	'绕'	9579
9420	(101, 98)	'eb'	9580
9421	(1209, 4419)	'接触'	9581
9422	(78, 78)	'NN'	9582
9423	(102, 275)	'fit'	9583
9424	(341, 186)	'旺'	9584
9425	(10025, 1157)	' learning'	9585
9426	(115, 279)	'sen'	9586
9427	(749, 2820)	'小牛'	9587
9428	(1019, 99)	' prec'	9588
9429	(834, 330)	' clot'	9589
9430	(4653, 2198)	' ہے'	9590
9431	(2855, 7596)	' society'	9591
9432	(303, 7054)	' thunderstorms'	9592
9433	(780, 272)	'长的'	9593
9434	(595, 2782)	'公园'	9594
9435	(2698, 1086)	' sitting'	9595
9436	(1439, 428)	'马上'	9596
9437	(1699, 2152)	'足够'	9597
9438	(571, 726)	'成都'	9598
9439	(1060, 2799)	' scient'	9599
9440	(554, 2407)	' device'	9600
9441	(519, 3024)	'ategy'	9601
9442	(2581, 168)	'ান'	9602
9443	(810, 1251)	'名单'	9603
9444	(1524, 2113)	'配套'	9604
9445	(546, 1923)	' và'	9605
9446	(80, 65)	'PA'	9606
9447	(423, 2145)	'usiness'	9607
9448	(1339, 1390)	'图像'	9608
9449	(641, 398)	' Our'	9609
9450	(32, 6573)	' ҳ'	9610
9451	(101, 263)	'ere'	9611
9452	(576, 662)	'多元'	9612
9453	(415, 145)	'抑'	9613
9454	(1062, 396)	'去了'	9614
9455	(1060, 279)	' scen'	9615
9456	(5812, 1366)	'扮演'	9616
9457	(903, 1554)	'手术'	9617
9458	(2348, 152)	'潘'	9618
9459	(656, 142)	'過'	9619
9460	(930, 840)	'لی'	9620
9461	(624, 133)	'羅'	9621
9462	(264, 976)	' sick'	9622
9463	(235, 147)	b'\xeb\x93'	9623
9464	(899, 3999)	'万平方米'	9624
9465	(56, 57)	'89'	9625
9466	(53, 52)	'54'	9626
9467	(10149, 2322)	' છે'	9627
9468	(1904, 804)	'幅度'	9628
9469	(3467, 10066)	' Committee'	9629
9470	(170, 6658)	b'\xaa\xe0\xaf\x8d\xe0\xae\xaa'	9630
9471	(2508, 176)	'碰'	9631
9472	(32, 1853)	' ụ'	9632
9473	(719, 285)	'odes'	9633
9474	(560, 115)	'aks'	9634
9475	(108, 348)	'lad'	9635
9476	(73, 858)	'Ind'	9636
9477	(7958, 281)	' Louis'	9637
9478	(640, 555)	'就要'	9638
9479	(879, 134)	'ெ'	9639
9480	(1278, 1040)	'台北'	9640
9481	(1621, 5287)	' strateg'	9642
9482	(184, 176)	b'\xb8\xb0'	9643
9483	(1508, 790)	'玩法'	9644
9484	(1462, 1815)	'广角'	9645
9485	(713, 635)	' sport'	9646
9486	(684, 655)	'自主'	9647
9487	(109, 332)	'met'	9648
9488	(4397, 320)	'iddle'	9649
9489	(754, 180)	'ප'	9650
9490	(2696, 272)	'一定的'	9651
9491	(732, 144)	'捐'	9652
9492	(1041, 4356)	'文章'	9653
9493	(906, 1334)	'报记者'	9654
9494	(1037, 131)	'桃'	9655
9495	(289, 2402)	' odd'	9656
9496	(284, 719)	' pod'	9657
9497	(56, 55)	'87'	9658
9498	(308, 2799)	'icient'	9659
9499	(347, 4131)	' onto'	9660
9500	(354, 484)	' Sher'	9661
9501	(2325, 1313)	' drivers'	9662
9502	(5354, 2212)	' subscrib'	9663
9503	(1014, 769)	'ут'	9664
9504	(336, 804)	'一度'	9665
9505	(615, 373)	' Jim'	9666
9506	(4056, 503)	' за'	9667
9507	(390, 620)	'中方'	9668
9508	(65, 98)	'Ab'	9669
9509	(376, 107)	' Ak'	9670
9510	(8025, 3038)	' launched'	9671
9511	(546, 1095)	' və'	9672
9512	(1497, 3521)	'liament'	9673
9513	(490, 97)	' Na'	9674
9514	(327, 105)	' yi'	9675
9515	(727, 1807)	'球失'	9676
9516	(3758, 287)	' joined'	9677
9517	(1428, 174)	' మ'	9678
9518	(32, 937)	' iz'	9679
9519	(3759, 2407)	' Service'	9680
9520	(837, 10028)	'وں'	9681
9521	(1711, 115)	'hens'	9682
9522	(2952, 6500)	' broken'	9683
9523	(370, 115)	'uts'	9684
9524	(4986, 1873)	' benefits'	9685
9525	(565, 110)	'Then'	9686
9526	(1159, 671)	' parties'	9687
9527	(510, 2135)	' Fox'	9688
9528	(813, 3468)	' offering'	9689
9529	(386, 396)	'不了'	9690
9530	(2748, 279)	' listen'	9691
9531	(32, 308)	' ic'	9692
9532	(3183, 79)	'ISO'	9693
9533	(333, 1190)	' refe'	9694
9534	(1174, 789)	'总体'	9695
9535	(277, 3561)	' bunch'	9697
9536	(7080, 324)	' achieve'	9698
9537	(282, 2785)	' fired'	9699
9538	(788, 2722)	'等待'	9700
9539	(741, 518)	'还能'	9701
9540	(1223, 174)	' ম'	9702
9541	(531, 1080)	' Love'	9703
9542	(1737, 700)	'环比'	9704
9543	(997, 130)	'裂'	9705
9544	(882, 808)	'两次'	9706
9545	(10132, 10004)	'People'	9707
9546	(897, 173)	'袭'	9708
9547	(10054, 10054)	'____'	9709
9548	(407, 155)	'玛'	9710
9549	(531, 1370)	' Leg'	9711
9550	(970, 136)	'ወ'	9712
9551	(341, 139)	'旋'	9713
9552	(1468, 10124)	'支撑'	9714
9553	(2636, 178)	'ాల'	9715
9554	(516, 141)	'忍'	9716
9555	(638, 819)	'ocking'	9717
9556	(3603, 176)	'鹰'	9718
9557	(10029, 431)	' bench'	9719
9558	(586, 149)	'ሕ'	9720
9559	(2342, 1311)	'阳光'	9721
9560	(421, 2313)	" we'll"	9722
9561	(272, 2196)	'的生活'	9723
9562	(1720, 8027)	'防抖'	9724
9563	(461, 185)	'闹'	9725
9564	(1060, 114)	' scr'	9726
9565	(4151, 1652)	' ayaa'	9727
9566	(520, 1894)	'来源'	9728
9567	(3443, 2629)	' Central'	9729
9568	(272, 1982)	'的价格'	9730
9569	(659, 142)	'郎'	9731
9570	(2088, 397)	'很多人'	9732
9571	(308, 1254)	'icious'	9733
9572	(272, 3643)	'的原因'	9734
9573	(1180, 115)	'oys'	9735
9574	(4160, 115)	' appears'	9736
9575	(284, 801)	' pip'	9737
9576	(775, 357)	'实在'	9738
9577	(10130, 281)	' Francis'	9739
9578	(2000, 7439)	' insurance'	9740
9579	(1123, 3349)	' از'	9741
9580	(582, 1650)	' altern'	9742
9581	(4220, 331)	' supply'	9743
9582	(726, 518)	'都能'	9744
9583	(2217, 851)	'का'	9745
9584	(1035, 8075)	' Thomas'	9746
9585	(1238, 1761)	' served'	9747
9586	(3807, 189)	b'\x90\xe1\x80\xbd'	9748
9587	(308, 960)	'icated'	9749
9588	(540, 1020)	'日起'	9750
9589	(521, 1601)	'对话'	9751
9590	(735, 10062)	' ṣ'	9752
9591	(1143, 283)	'oving'	9753
9592	(3385, 178)	b' \xea\xb2'	9754
9593	(6660, 2539)	'详细'	9755
9594	(392, 128)	'耀'	9756
9595	(116, 892)	'town'	9757
9596	(7776, 934)	'沟通'	9758
9597	(80, 75)	'PK'	9759
9598	(899, 1972)	'万美元'	9760
9599	(5377, 130)	'懂'	9761
9600	(1064, 279)	' teen'	9762
9601	(1367, 4928)	'程序'	9763
9602	(286, 651)	' map'	9764
9603	(376, 2362)	' Att'	9765
9604	(1507, 1168)	' که'	9766
9605	(10127, 719)	' method'	9767
9606	(887, 5714)	'电池'	9768
9607	(10003, 57)	' 2019'	9769
9608	(1428, 154)	' చ'	9770
9609	(486, 903)	'出手'	9771
9610	(10153, 2373)	'丈夫'	9772
9611	(2524, 3402)	'差距'	9773
9612	(2282, 2586)	' object'	9774
9613	(53, 49)	'51'	9775
9614	(272, 884)	'的基金'	9776
9615	(2312, 441)	' location'	9777
9616	(336, 1421)	'一款'	9778
9617	(1503, 104)	'ooth'	9779
9618	(312, 267)	'ller'	9780
9619	(117, 1262)	'uild'	9781
9620	(668, 275)	' unit'	9782
9621	(382, 379)	'verse'	9783
9622	(1419, 7265)	' decisions'	9784
9623	(6973, 10138)	' Toronto'	9785
9624	(471, 185)	'ู'	9786
9625	(2883, 400)	'巨大'	9788
9626	(810, 2202)	'名字'	9789
9627	(268, 4172)	' wọn'	9790
9628	(4191, 116)	' debt'	9791
9629	(470, 258)	' Win'	9792
9630	(896, 116)	'bert'	9793
9631	(109, 1310)	'miss'	9794
9632	(4424, 810)	'著名'	9795
9633	(842, 740)	'工资'	9796
9634	(1155, 182)	'驶'	9797
9635	(4226, 45)	' non-'	9798
9636	(3015, 176)	'્ર'	9799
9637	(1428, 184)	' స'	9800
9638	(623, 2044)	'前往'	9801
9639	(977, 884)	'只基金'	9802
9640	(6535, 1070)	' necessary'	9803
9641	(1584, 1984)	'始终'	9804
9642	(434, 1335)	' rank'	9805
9643	(358, 151)	'诗'	9806
9644	(2504, 1820)	' corpor'	9807
9645	(710, 1139)	'ед'	9808
9646	(586, 133)	'ህ'	9809
9647	(286, 370)	' mut'	9811
9648	(458, 110)	'agn'	9812
9649	(343, 101)	' ee'	9813
9650	(655, 1408)	'主流'	9814
9651	(343, 6508)	' egg'	9815
9652	(649, 2184)	'об'	9816
9653	(111, 122)	'oz'	9817
9654	(1548, 1036)	'销量'	9818
9655	(1523, 4721)	' removed'	9819
9656	(803, 1166)	'表达'	9820
9657	(53, 50)	'52'	9821
9658	(216, 171)	'ث'	9822
9659	(46, 70)	'.F'	9823
9660	(2679, 120)	' complex'	9824
9661	(1709, 840)	' می'	9825
9662	(468, 2657)	'以上的'	9826
9663	(744, 1236)	'理想'	9827
9664	(2457, 983)	' transport'	9828
9665	(6200, 1500)	' spokesman'	9829
9666	(1223, 134)	' আ'	9830
9667	(272, 386)	'的不'	9831
9668	(919, 3025)	'事故'	9832
9669	(1707, 115)	'és'	9833
9670	(547, 129)	'颁'	9834
9671	(357, 1517)	'在这个'	9835
9672	(2090, 170)	'堪'	9836
9673	(774, 279)	'iven'	9837
9674	(5588, 536)	' photos'	9838
9675	(357, 336)	'在一'	9839
9676	(6913, 3155)	' construction'	9840
9677	(10140, 2423)	' determin'	9841
9678	(615, 267)	' Jer'	9842
9679	(2130, 5422)	'浪漫'	9843
9680	(310, 115)	'oms'	9844
9681	(668, 115)	' uns'	9845
9682	(539, 272)	'地的'	9846
9683	(4657, 1683)	' activities'	9847
9684	(1047, 137)	'莉'	9848
9685	(1294, 520)	'原来'	9849
9686	(1198, 3478)	'布莱'	9850
9687	(7307, 3256)	'anchester'	9851
9688	(4863, 10131)	' negoti'	9852
9689	(457, 164)	'纤'	9853
9690	(830, 1099)	'相应'	9854
9691	(615, 972)	' Jose'	9855
9692	(2622, 738)	' Asia'	9856
9693	(1140, 2178)	'周边'	9857
9694	(10133, 876)	' language'	9858
9695	(1277, 824)	'各位'	9859
9696	(1100, 287)	'igned'	9860
9697	(5771, 2269)	' چې'	9861
9698	(1087, 1674)	'样板'	9862
9699	(256, 612)	' tight'	9863
9700	(1301, 620)	'南方'	9864
9701	(3290, 3320)	b'\xe1\x80\xac\xe1\x80\xb8\xe1\x80'	9865
9702	(741, 506)	'还会'	9866
9703	(107, 2241)	'kins'	9867
9704	(442, 288)	' kar'	9868
9705	(1217, 183)	'喷'	9869
9706	(3063, 6794)	'ும்'	9870
9707	(871, 132)	'約'	9871
9708	(375, 308)	'unic'	9872
9709	(2408, 3340)	'伤害'	9873
9710	(970, 139)	'ዋ'	9874
9711	(3309, 7013)	'缺乏'	9875
9712	(5868, 2908)	'嫌疑'	9877
9713	(354, 505)	' Sand'	9878
9714	(916, 2542)	' proud'	9879
9715	(104, 1922)	'house'	9880
9716	(277, 267)	' ber'	9881
9717	(10057, 274)	' African'	9882
9718	(436, 353)	' Pac'	9883
9719	(7377, 3059)	'阅读'	9884
9720	(669, 184)	'炸'	9885
9721	(1163, 906)	'回报'	9886
9722	(1662, 176)	'械'	9887
9723	(471, 130)	'ข'	9888
9724	(3413, 545)	'爆发'	9889
9725	(10157, 10164)	'葡萄'	9890
9726	(10151, 281)	' crisis'	9891
9727	(363, 143)	'伏'	9892
9728	(448, 139)	'栋'	9893
9729	(1429, 3339)	'观察'	9894
9730	(1570, 135)	' இ'	9895
9731	(358, 177)	'诱'	9896
9732	(1060, 4431)	' science'	9897
9733	(453, 779)	'和平'	9898
9734	(1949, 1033)	'白色'	9899
9735	(1333, 1462)	'推广'	9900
9736	(1163, 492)	'回家'	9901
9737	(6071, 5082)	'てい'	9902
9738	(256, 633)	' tack'	9903
9739	(903, 2017)	'手段'	9904
9740	(5769, 7655)	' emergency'	9905
9741	(2949, 553)	'农业'	9906
9742	(328, 101)	'aye'	9907
9743	(3434, 1167)	' operations'	9908
9744	(1243, 140)	'์'	9909
9745	(434, 581)	' rally'	9910
9746	(106, 2124)	'jected'	9911
9747	(4239, 1167)	' allegations'	9912
9748	(1259, 159)	'號'	9913
9749	(2579, 287)	' filed'	9914
9750	(1022, 619)	'展现'	9915
9751	(236, 156)	b'\xec\x9c'	9916
9752	(4021, 258)	'evin'	9917
9753	(735, 141)	b' \xe1\x8d'	9918
9754	(427, 7124)	'年龄'	9919
9755	(630, 279)	'arden'	9920
9756	(272, 4748)	'的事情'	9921
9757	(648, 150)	'肖'	9922
9758	(2646, 10162)	'温家宝'	9923
9759	(235, 143)	b'\xeb\x8f'	9924
9760	(1218, 532)	'ountain'	9925
9761	(1021, 165)	'እ'	9926
9762	(1152, 1363)	'二十'	9927
9763	(1163, 3477)	'回答'	9928
9764	(1064, 5375)	' telev'	9929
9765	(417, 10156)	' Boston'	9930
9766	(468, 420)	'以为'	9931
9767	(112, 527)	'pts'	9932
9768	(531, 753)	' Lake'	9933
9769	(1021, 168)	'ከ'	9934
9770	(660, 680)	'作者'	9935
9771	(354, 418)	' Sil'	9936
9772	(1776, 115)	' lots'	9937
9773	(2128, 1103)	" They're"	9938
9774	(10043, 1862)	' characters'	9939
9775	(1166, 2086)	'达到了'	9940
9776	(4261, 7754)	' illegal'	9941
9777	(927, 7101)	' perhaps'	9942
9778	(888, 889)	'第一个'	9944
9779	(1237, 398)	' accur'	9945
9780	(1232, 1626)	'指标'	9946
9781	(1272, 1229)	'头奖'	9947
9782	(32, 4344)	' 高考'	9948
9783	(6052, 428)	'事实上'	9949
9784	(2356, 1761)	' believed'	9950
9785	(744, 1092)	'理由'	9951
9786	(371, 3031)	" you'd"	9952
9787	(1151, 699)	'该机'	9953
9788	(7777, 1160)	' citizens'	9954
9789	(391, 1070)	' Mary'	9955
9790	(2340, 697)	' collect'	9956
9791	(81, 10161)	'QDII'	9957
9792	(1328, 808)	'每次'	9958
9793	(106, 1129)	'jọ'	9959
9794	(1434, 350)	'可能是'	9960
9795	(1524, 1512)	'配备'	9961
9796	(508, 178)	' ز'	9962
9797	(379, 583)	'sequ'	9963
9798	(365, 326)	'roid'	9964
9799	(505, 111)	'ando'	9965
9800	(297, 375)	' hun'	9966
9801	(743, 115)	' Us'	9967
9802	(615, 265)	' Jon'	9968
9803	(349, 167)	'卧'	9969
9804	(797, 489)	' adop'	9970
9805	(54, 51)	'63'	9971
9806	(6349, 10150)	' scheduled'	9972
9807	(885, 172)	'馬'	9973
9808	(2167, 272)	'行业的'	9974
9809	(1299, 396)	'给了'	9975
9810	(3017, 643)	' movement'	9976
9811	(822, 1370)	' integ'	9977
9812	(109, 3781)	'mission'	9978
9813	(267, 1761)	'erved'	9979
9814	(71, 114)	'Gr'	9980
9815	(1127, 152)	'淘'	9981
9816	(275, 111)	'ito'	9982
9817	(4641, 399)	' strike'	9983
9818	(7146, 519)	' appreciate'	9984
9819	(325, 176)	'戰'	9985
9820	(5426, 350)	'无论是'	9986
9821	(1747, 165)	'ጥ'	9987
9822	(413, 146)	'递'	9988
9823	(601, 1181)	'高级'	9989
9824	(611, 604)	' plant'	9990
9825	(3407, 101)	'ije'	9991
9826	(2406, 1188)	'协调'	9992
9827	(4957, 2267)	' leadership'	9993
9828	(415, 171)	'披'	9994
9829	(7789, 5160)	' Mexico'	9995
9830	(2765, 3079)	' explained'	9996
9831	(73, 88)	'IX'	9998
9832	(5682, 2182)	'舒适'	9999
9833	(4730, 324)	' Steve'	10000
9834	(2825, 3813)	'听歌'	10001
9835	(660, 486)	'作出'	10002
9836	(418, 283)	'iling'	10003
9837	(1163, 777)	'回合'	10004
9838	(53, 51)	'53'	10005
9839	(301, 527)	'asts'	10006
9840	(7468, 604)	' restaurant'	10007
9841	(1164, 920)	' actions'	10008
9842	(376, 2402)	' Add'	10009
9843	(76, 626)	'Last'	10010
9844	(3659, 159)	'鸟'	10011
9845	(545, 1979)	'发言'	10012
9846	(5154, 1944)	' responsible'	10013
9847	(849, 51)	' 33'	10014
9848	(391, 1450)	' Mont'	10015
9849	(1788, 115)	' wins'	10016
9850	(588, 458)	' Eag'	10017
9851	(386, 3596)	'不久'	10018
9852	(386, 10155)	'不妨'	10019
9853	(5249, 105)	' initi'	10020
9854	(421, 10154)	" weren't"	10021
9855	(4013, 6709)	'休闲'	10022
9856	(3233, 1347)	'铁路'	10023
9857	(3674, 4238)	'毕竟'	10024
9858	(1828, 690)	'phone'	10025
9859	(1123, 3997)	' است'	10026
9860	(1935, 2982)	' entertain'	10027
9861	(10165, 1886)	'传感器'	10028
9862	(10023, 288)	' resear'	10029
9863	(376, 84)	' AT'	10030
9864	(1238, 324)	' serve'	10031
9865	(1486, 1015)	'带着'	10032
9866	(2528, 10134)	' demonstr'	10033
9867	(837, 840)	'وی'	10034
9868	(2016, 308)	' medic'	10035
9869	(599, 2193)	'月底'	10036
9870	(7197, 682)	'works'	10037
9871	(356, 373)	' Tim'	10038
9872	(1150, 1014)	'ку'	10039
9873	(119, 734)	'wide'	10040
9874	(358, 138)	'诊'	10041
9875	(821, 128)	'稀'	10042
9876	(496, 3137)	' River'	10043
9877	(3363, 1119)	'ını'	10044
9878	(348, 276)	'ador'	10045
9879	(4667, 301)	' occas'	10046
9880	(394, 190)	'盾'	10047
9881	(357, 1485)	'在美国'	10048
9882	(802, 163)	'っ'	10049
9883	(10143, 1163)	'赎回'	10050
9884	(1432, 1379)	'亚盘'	10051
9885	(523, 167)	'氧'	10052
9886	(504, 801)	' ship'	10053
9887	(570, 130)	'ం'	10054
9888	(45, 70)	'-F'	10055
9889	(1121, 322)	'ption'	10056
9890	(1400, 6839)	' attorney'	10057
9891	(4342, 156)	'膜'	10058
9892	(2310, 423)	' status'	10059
9893	(640, 378)	'就有'	10060
9894	(3582, 3878)	'有效像素'	10061
9895	(741, 1074)	'还可以'	10062
9896	(969, 1347)	'道路'	10063
9897	(463, 1108)	' Haw'	10064
9898	(771, 824)	'定位'	10065
9899	(2788, 666)	'版本'	10066
9900	(329, 141)	'對'	10067
9901	(540, 2571)	'日晚'	10068
9902	(2204, 168)	'్న'	10069
9903	(259, 119)	'hew'	10070
9904	(7260, 10144)	' Instagram'	10071
9905	(5710, 2687)	' Valley'	10072
9906	(419, 2054)	'国债'	10073
9907	(1179, 10160)	' guilty'	10074
9908	(1012, 133)	' ਅ'	10075
9909	(1276, 545)	'首发'	10076
9910	(7156, 331)	' slightly'	10077
9911	(4547, 3564)	' identified'	10078
9912	(316, 105)	' gi'	10079
9913	(4576, 7816)	' penalty'	10080
9914	(2094, 522)	' Arab'	10081
9915	(268, 2580)	' www'	10082
9916	(468, 2044)	'以往'	10083
9917	(54, 50)	'62'	10084
9918	(10048, 532)	' Britain'	10085
9919	(531, 301)	' Las'	10086
9920	(513, 165)	'泥'	10087
9921	(706, 2049)	'美國'	10088
9922	(272, 3914)	'的感觉'	10089
9923	(10166, 928)	'季后赛'	10090
9924	(6487, 293)	' mental'	10091
9925	(388, 170)	'循'	10092
9926	(1620, 1351)	'连胜'	10093
9927	(914, 157)	'芝'	10094
9928	(121, 367)	"y's"	10095
9929	(2776, 180)	'嘴'	10096
9930	(873, 427)	'三年'	10097
9931	(5192, 5192)	'妈妈'	10098
9932	(1119, 2298)	'ış'	10099
9933	(57, 52)	'94'	10100
9934	(3167, 115)	' programs'	10101
9935	(69, 860)	'Even'	10102
9936	(336, 1962)	'一致'	10103
9937	(471, 138)	'ช'	10104
9938	(450, 285)	'oles'	10105
9939	(496, 115)	' Rs'	10106
9940	(1462, 7166)	'广泛'	10107
9941	(1756, 5081)	'复杂'	10108
9942	(6357, 3885)	'尺寸'	10109
9943	(6047, 10163)	'中华人民共和国'	10110
9944	(45, 66)	'-B'	10111
9945	(278, 1058)	' coin'	10112
9946	(6085, 876)	'Image'	10113
9947	(1143, 285)	'oves'	10114
9948	(3347, 323)	b'\xe0\xa5\x81\xe0\xa4'	10115
9949	(102, 955)	'face'	10116
9950	(289, 115)	' os'	10117
9951	(774, 636)	'ivity'	10118
9952	(3815, 108)	' Atl'	10119
9953	(872, 378)	'更有'	10120
9954	(1679, 10158)	'清晰'	10121
9955	(69, 88)	'EX'	10122
9956	(715, 573)	'之下'	10123
9957	(354, 1787)	' Spr'	10124
9958	(4958, 953)	'累计'	10125
9959	(1957, 170)	'猪'	10126
9960	(1636, 5292)	'把握'	10127
9961	(7242, 115)	' analysts'	10128
9962	(316, 119)	' gw'	10129
9963	(1303, 1649)	'规则'	10130
9964	(449, 170)	'陪'	10131
9965	(1223, 185)	' হ'	10132
9966	(272, 852)	'的心'	10133
9967	(276, 105)	'ori'	10134
9968	(272, 1051)	'的市场'	10135
9969	(68, 84)	'DT'	10136
9970	(476, 168)	'拨'	10137
9971	(336, 1872)	'一条'	10138
9972	(425, 115)	'outs'	10139
9973	(508, 165)	' إ'	10140
9974	(849, 46)	' 3.'	10141
9975	(812, 1306)	'内线'	10142
9976	(386, 2152)	'不够'	10143
9977	(10148, 2732)	' basketball'	10144
9978	(1166, 571)	'达成'	10145
9979	(4894, 281)	' Paris'	10146
9980	(2507, 411)	' veter'	10147
9981	(1158, 128)	'ী'	10148
9982	(397, 357)	'人在'	10149
9983	(294, 116)	' ant'	10150
9984	(546, 274)	' van'	10151
9985	(2589, 101)	' Joe'	10152
9986	(1442, 909)	'拉斯'	10153
9987	(611, 5997)	' planned'	10154
9988	(1326, 2296)	'星座'	10155
9989	(1610, 1227)	'类型'	10156
9990	(10159, 1042)	'经销商'	10157
9991	(2295, 263)	' centre'	10158
9992	(7515, 279)	' Open'	10159
9993	(999, 97)	'ava'	10160
9994	(1280, 900)	'客队'	10161
9995	(1652, 102)	'aaf'	10162
9996	(-1, -1)	'<_EOS_>'	-1
9997	(-1, -1)	'<_SOS_>'	-1
9998	(-1, -1)	'<_SEP_>'	-1
9999	(-1, -1)	'<_PAD_>'	-1
