0	(-1, -1)	b'\x00'	-1
1	(-1, -1)	b'\x01'	-1
2	(-1, -1)	b'\x02'	-1
3	(-1, -1)	b'\x03'	-1
4	(-1, -1)	b'\x04'	-1
5	(-1, -1)	b'\x05'	-1
6	(-1, -1)	b'\x06'	-1
7	(-1, -1)	b'\x07'	-1
8	(-1, -1)	b'\x08'	-1
9	(-1, -1)	b'\t'	-1
10	(-1, -1)	b'\n'	-1
11	(-1, -1)	b'\x0b'	-1
12	(-1, -1)	b'\x0c'	-1
13	(-1, -1)	b'\r'	-1
14	(-1, -1)	b'\x0e'	-1
15	(-1, -1)	b'\x0f'	-1
16	(-1, -1)	b'\x10'	-1
17	(-1, -1)	b'\x11'	-1
18	(-1, -1)	b'\x12'	-1
19	(-1, -1)	b'\x13'	-1
20	(-1, -1)	b'\x14'	-1
21	(-1, -1)	b'\x15'	-1
22	(-1, -1)	b'\x16'	-1
23	(-1, -1)	b'\x17'	-1
24	(-1, -1)	b'\x18'	-1
25	(-1, -1)	b'\x19'	-1
26	(-1, -1)	b'\x1a'	-1
27	(-1, -1)	b'\x1b'	-1
28	(-1, -1)	b'\x1c'	-1
29	(-1, -1)	b'\x1d'	-1
30	(-1, -1)	b'\x1e'	-1
31	(-1, -1)	b'\x1f'	-1
32	(-1, -1)	' '	-1
33	(-1, -1)	'!'	-1
34	(-1, -1)	'"'	-1
35	(-1, -1)	'#'	-1
36	(-1, -1)	'$'	-1
37	(-1, -1)	'%'	-1
38	(-1, -1)	'&'	-1
39	(-1, -1)	"'"	-1
40	(-1, -1)	'('	-1
41	(-1, -1)	')'	-1
42	(-1, -1)	'*'	-1
43	(-1, -1)	'+'	-1
44	(-1, -1)	','	-1
45	(-1, -1)	'-'	-1
46	(-1, -1)	'.'	-1
47	(-1, -1)	'/'	-1
48	(-1, -1)	'0'	-1
49	(-1, -1)	'1'	-1
50	(-1, -1)	'2'	-1
51	(-1, -1)	'3'	-1
52	(-1, -1)	'4'	-1
53	(-1, -1)	'5'	-1
54	(-1, -1)	'6'	-1
55	(-1, -1)	'7'	-1
56	(-1, -1)	'8'	-1
57	(-1, -1)	'9'	-1
58	(-1, -1)	':'	-1
59	(-1, -1)	';'	-1
60	(-1, -1)	'<'	-1
61	(-1, -1)	'='	-1
62	(-1, -1)	'>'	-1
63	(-1, -1)	'?'	-1
64	(-1, -1)	'@'	-1
65	(-1, -1)	'A'	-1
66	(-1, -1)	'B'	-1
67	(-1, -1)	'C'	-1
68	(-1, -1)	'D'	-1
69	(-1, -1)	'E'	-1
70	(-1, -1)	'F'	-1
71	(-1, -1)	'G'	-1
72	(-1, -1)	'H'	-1
73	(-1, -1)	'I'	-1
74	(-1, -1)	'J'	-1
75	(-1, -1)	'K'	-1
76	(-1, -1)	'L'	-1
77	(-1, -1)	'M'	-1
78	(-1, -1)	'N'	-1
79	(-1, -1)	'O'	-1
80	(-1, -1)	'P'	-1
81	(-1, -1)	'Q'	-1
82	(-1, -1)	'R'	-1
83	(-1, -1)	'S'	-1
84	(-1, -1)	'T'	-1
85	(-1, -1)	'U'	-1
86	(-1, -1)	'V'	-1
87	(-1, -1)	'W'	-1
88	(-1, -1)	'X'	-1
89	(-1, -1)	'Y'	-1
90	(-1, -1)	'Z'	-1
91	(-1, -1)	'['	-1
92	(-1, -1)	'\\'	-1
93	(-1, -1)	']'	-1
94	(-1, -1)	'^'	-1
95	(-1, -1)	'_'	-1
96	(-1, -1)	'`'	-1
97	(-1, -1)	'a'	-1
98	(-1, -1)	'b'	-1
99	(-1, -1)	'c'	-1
100	(-1, -1)	'd'	-1
101	(-1, -1)	'e'	-1
102	(-1, -1)	'f'	-1
103	(-1, -1)	'g'	-1
104	(-1, -1)	'h'	-1
105	(-1, -1)	'i'	-1
106	(-1, -1)	'j'	-1
107	(-1, -1)	'k'	-1
108	(-1, -1)	'l'	-1
109	(-1, -1)	'm'	-1
110	(-1, -1)	'n'	-1
111	(-1, -1)	'o'	-1
112	(-1, -1)	'p'	-1
113	(-1, -1)	'q'	-1
114	(-1, -1)	'r'	-1
115	(-1, -1)	's'	-1
116	(-1, -1)	't'	-1
117	(-1, -1)	'u'	-1
118	(-1, -1)	'v'	-1
119	(-1, -1)	'w'	-1
120	(-1, -1)	'x'	-1
121	(-1, -1)	'y'	-1
122	(-1, -1)	'z'	-1
123	(-1, -1)	'{'	-1
124	(-1, -1)	'|'	-1
125	(-1, -1)	'}'	-1
126	(-1, -1)	'~'	-1
127	(-1, -1)	'\x7f'	-1
128	(-1, -1)	b'\x80'	-1
129	(-1, -1)	b'\x81'	-1
130	(-1, -1)	b'\x82'	-1
131	(-1, -1)	b'\x83'	-1
132	(-1, -1)	b'\x84'	-1
133	(-1, -1)	b'\x85'	-1
134	(-1, -1)	b'\x86'	-1
135	(-1, -1)	b'\x87'	-1
136	(-1, -1)	b'\x88'	-1
137	(-1, -1)	b'\x89'	-1
138	(-1, -1)	b'\x8a'	-1
139	(-1, -1)	b'\x8b'	-1
140	(-1, -1)	b'\x8c'	-1
141	(-1, -1)	b'\x8d'	-1
142	(-1, -1)	b'\x8e'	-1
143	(-1, -1)	b'\x8f'	-1
144	(-1, -1)	b'\x90'	-1
145	(-1, -1)	b'\x91'	-1
146	(-1, -1)	b'\x92'	-1
147	(-1, -1)	b'\x93'	-1
148	(-1, -1)	b'\x94'	-1
149	(-1, -1)	b'\x95'	-1
150	(-1, -1)	b'\x96'	-1
151	(-1, -1)	b'\x97'	-1
152	(-1, -1)	b'\x98'	-1
153	(-1, -1)	b'\x99'	-1
154	(-1, -1)	b'\x9a'	-1
155	(-1, -1)	b'\x9b'	-1
156	(-1, -1)	b'\x9c'	-1
157	(-1, -1)	b'\x9d'	-1
158	(-1, -1)	b'\x9e'	-1
159	(-1, -1)	b'\x9f'	-1
160	(-1, -1)	b'\xa0'	-1
161	(-1, -1)	b'\xa1'	-1
162	(-1, -1)	b'\xa2'	-1
163	(-1, -1)	b'\xa3'	-1
164	(-1, -1)	b'\xa4'	-1
165	(-1, -1)	b'\xa5'	-1
166	(-1, -1)	b'\xa6'	-1
167	(-1, -1)	b'\xa7'	-1
168	(-1, -1)	b'\xa8'	-1
169	(-1, -1)	b'\xa9'	-1
170	(-1, -1)	b'\xaa'	-1
171	(-1, -1)	b'\xab'	-1
172	(-1, -1)	b'\xac'	-1
173	(-1, -1)	b'\xad'	-1
174	(-1, -1)	b'\xae'	-1
175	(-1, -1)	b'\xaf'	-1
176	(-1, -1)	b'\xb0'	-1
177	(-1, -1)	b'\xb1'	-1
178	(-1, -1)	b'\xb2'	-1
179	(-1, -1)	b'\xb3'	-1
180	(-1, -1)	b'\xb4'	-1
181	(-1, -1)	b'\xb5'	-1
182	(-1, -1)	b'\xb6'	-1
183	(-1, -1)	b'\xb7'	-1
184	(-1, -1)	b'\xb8'	-1
185	(-1, -1)	b'\xb9'	-1
186	(-1, -1)	b'\xba'	-1
187	(-1, -1)	b'\xbb'	-1
188	(-1, -1)	b'\xbc'	-1
189	(-1, -1)	b'\xbd'	-1
190	(-1, -1)	b'\xbe'	-1
191	(-1, -1)	b'\xbf'	-1
192	(-1, -1)	b'\xc0'	-1
193	(-1, -1)	b'\xc1'	-1
194	(-1, -1)	b'\xc2'	-1
195	(-1, -1)	b'\xc3'	-1
196	(-1, -1)	b'\xc4'	-1
197	(-1, -1)	b'\xc5'	-1
198	(-1, -1)	b'\xc6'	-1
199	(-1, -1)	b'\xc7'	-1
200	(-1, -1)	b'\xc8'	-1
201	(-1, -1)	b'\xc9'	-1
202	(-1, -1)	b'\xca'	-1
203	(-1, -1)	b'\xcb'	-1
204	(-1, -1)	b'\xcc'	-1
205	(-1, -1)	b'\xcd'	-1
206	(-1, -1)	b'\xce'	-1
207	(-1, -1)	b'\xcf'	-1
208	(-1, -1)	b'\xd0'	-1
209	(-1, -1)	b'\xd1'	-1
210	(-1, -1)	b'\xd2'	-1
211	(-1, -1)	b'\xd3'	-1
212	(-1, -1)	b'\xd4'	-1
213	(-1, -1)	b'\xd5'	-1
214	(-1, -1)	b'\xd6'	-1
215	(-1, -1)	b'\xd7'	-1
216	(-1, -1)	b'\xd8'	-1
217	(-1, -1)	b'\xd9'	-1
218	(-1, -1)	b'\xda'	-1
219	(-1, -1)	b'\xdb'	-1
220	(-1, -1)	b'\xdc'	-1
221	(-1, -1)	b'\xdd'	-1
222	(-1, -1)	b'\xde'	-1
223	(-1, -1)	b'\xdf'	-1
224	(-1, -1)	b'\xe0'	-1
225	(-1, -1)	b'\xe1'	-1
226	(-1, -1)	b'\xe2'	-1
227	(-1, -1)	b'\xe3'	-1
228	(-1, -1)	b'\xe4'	-1
229	(-1, -1)	b'\xe5'	-1
230	(-1, -1)	b'\xe6'	-1
231	(-1, -1)	b'\xe7'	-1
232	(-1, -1)	b'\xe8'	-1
233	(-1, -1)	b'\xe9'	-1
234	(-1, -1)	b'\xea'	-1
235	(-1, -1)	b'\xeb'	-1
236	(-1, -1)	b'\xec'	-1
237	(-1, -1)	b'\xed'	-1
238	(-1, -1)	b'\xee'	-1
239	(-1, -1)	b'\xef'	-1
240	(-1, -1)	b'\xf0'	-1
241	(-1, -1)	b'\xf1'	-1
242	(-1, -1)	b'\xf2'	-1
243	(-1, -1)	b'\xf3'	-1
244	(-1, -1)	b'\xf4'	-1
245	(-1, -1)	b'\xf5'	-1
246	(-1, -1)	b'\xf6'	-1
247	(-1, -1)	b'\xf7'	-1
248	(-1, -1)	b'\xf8'	-1
249	(-1, -1)	b'\xf9'	-1
250	(-1, -1)	b'\xfa'	-1
251	(-1, -1)	b'\xfb'	-1
252	(-1, -1)	b'\xfc'	-1
253	(-1, -1)	b'\xfd'	-1
254	(-1, -1)	b'\xfe'	-1
255	(-1, -1)	b'\xff'	-1
256	(32, 116)	' t'	256
257	(32, 97)	' a'	257
258	(105, 110)	'in'	258
259	(104, 101)	'he'	259
260	(228, 184)	b'\xe4\xb8'	260
261	(239, 188)	b'\xef\xbc'	261
262	(261, 140)	'，'	262
263	(114, 101)	're'	263
264	(32, 115)	' s'	264
265	(111, 110)	'on'	265
266	(256, 259)	' the'	266
267	(101, 114)	'er'	267
268	(32, 119)	' w'	268
269	(227, 128)	b'\xe3\x80'	269
270	(231, 154)	b'\xe7\x9a'	270
271	(97, 116)	'at'	271
272	(270, 132)	'的'	272
273	(111, 117)	'ou'	273
274	(97, 110)	'an'	274
275	(105, 116)	'it'	275
276	(111, 114)	'or'	276
277	(32, 98)	' b'	277
278	(32, 99)	' c'	278
279	(101, 110)	'en'	279
280	(228, 186)	b'\xe4\xba'	280
281	(105, 115)	'is'	281
282	(32, 102)	' f'	282
283	(258, 103)	'ing'	283
284	(32, 112)	' p'	284
285	(101, 115)	'es'	285
286	(32, 109)	' m'	286
287	(101, 100)	'ed'	287
288	(97, 114)	'ar'	288
289	(32, 111)	' o'	289
290	(230, 156)	b'\xe6\x9c'	290
291	(32, 100)	' d'	291
292	(256, 111)	' to'	292
293	(97, 108)	'al'	293
294	(257, 110)	' an'	294
295	(269, 130)	'。'	295
296	(229, 143)	b'\xe5\x8f'	296
297	(32, 104)	' h'	297
298	(228, 187)	b'\xe4\xbb'	298
299	(229, 133)	b'\xe5\x85'	299
300	(32, 258)	' in'	300
301	(97, 115)	'as'	301
302	(229, 164)	b'\xe5\xa4'	302
303	(256, 104)	' th'	303
304	(289, 102)	' of'	304
305	(32, 108)	' l'	305
306	(229, 156)	b'\xe5\x9c'	306
307	(294, 100)	' and'	307
308	(105, 99)	'ic'	308
309	(229, 136)	b'\xe5\x88'	309
310	(111, 109)	'om'	310
311	(232, 191)	b'\xe8\xbf'	311
312	(108, 108)	'll'	312
313	(229, 174)	b'\xe5\xae'	313
314	(32, 110)	' n'	314
315	(230, 152)	b'\xe6\x98'	315
316	(32, 103)	' g'	316
317	(229, 144)	b'\xe5\x90'	317
318	(32, 73)	' I'	318
319	(228, 189)	b'\xe4\xbd'	319
320	(108, 101)	'le'	320
321	(115, 116)	'st'	321
322	(105, 265)	'ion'	322
323	(224, 164)	b'\xe0\xa4'	323
324	(118, 101)	've'	324
325	(230, 136)	b'\xe6\x88'	325
326	(105, 100)	'id'	326
327	(32, 121)	' y'	327
328	(97, 121)	'ay'	328
329	(229, 176)	b'\xe5\xb0'	329
330	(111, 116)	'ot'	330
331	(108, 121)	'ly'	331
332	(101, 116)	'et'	332
333	(32, 263)	' re'	333
334	(279, 116)	'ent'	334
335	(229, 155)	b'\xe5\x9b'	335
336	(260, 128)	'一'	336
337	(231, 187)	b'\xe7\xbb'	337
338	(226, 128)	b'\xe2\x80'	338
339	(229, 185)	b'\xe5\xb9'	339
340	(231, 148)	b'\xe7\x94'	340
341	(230, 151)	b'\xe6\x97'	341
342	(230, 150)	b'\xe6\x96'	342
343	(32, 101)	' e'	343
344	(229, 138)	b'\xe5\x8a'	344
345	(111, 119)	'ow'	345
346	(277, 101)	' be'	346
347	(32, 265)	' on'	347
348	(97, 100)	'ad'	348
349	(229, 141)	b'\xe5\x8d'	349
350	(315, 175)	'是'	350
351	(228, 185)	b'\xe4\xb9'	351
352	(97, 109)	'am'	352
353	(97, 99)	'ac'	353
354	(32, 83)	' S'	354
355	(32, 281)	' is'	355
356	(32, 84)	' T'	356
357	(306, 168)	'在'	357
358	(232, 175)	b'\xe8\xaf'	358
359	(32, 275)	' it'	359
360	(232, 174)	b'\xe8\xae'	360
361	(282, 276)	' for'	361
362	(233, 135)	b'\xe9\x87'	362
363	(228, 188)	b'\xe4\xbc'	363
364	(269, 129)	'、'	364
365	(114, 111)	'ro'	365
366	(303, 271)	' that'	366
367	(39, 115)	"'s"	367
368	(229, 184)	b'\xe5\xb8'	368
369	(105, 103)	'ig'	369
370	(117, 116)	'ut'	370
371	(327, 273)	' you'	371
372	(230, 157)	b'\xe6\x9d'	372
373	(105, 109)	'im'	373
374	(108, 100)	'ld'	374
375	(117, 110)	'un'	375
376	(32, 65)	' A'	376
377	(32, 67)	' C'	377
378	(290, 137)	'有'	378
379	(115, 101)	'se'	379
380	(229, 173)	b'\xe5\xad'	380
381	(32, 259)	' he'	381
382	(118, 267)	'ver'	382
383	(105, 114)	'ir'	383
384	(229, 135)	b'\xe5\x87'	384
385	(264, 116)	' st'	385
386	(260, 141)	'不'	386
387	(230, 137)	b'\xe6\x89'	387
388	(229, 190)	b'\xe5\xbe'	388
389	(229, 188)	b'\xe5\xbc'	389
390	(260, 173)	'中'	390
391	(32, 77)	' M'	391
392	(232, 128)	b'\xe8\x80'	392
393	(232, 161)	b'\xe8\xa1'	393
394	(231, 155)	b'\xe7\x9b'	394
395	(232, 181)	b'\xe8\xb5'	395
396	(280, 134)	'了'	396
397	(280, 186)	'人'	397
398	(117, 114)	'ur'	398
399	(107, 101)	'ke'	399
400	(302, 167)	'大'	400
401	(229, 165)	b'\xe5\xa5'	401
402	(101, 99)	'ec'	402
403	(229, 183)	b'\xe5\xb7'	403
404	(275, 104)	'ith'	404
405	(229, 175)	b'\xe5\xaf'	405
406	(105, 312)	'ill'	406
407	(231, 142)	b'\xe7\x8e'	407
408	(111, 111)	'oo'	408
409	(268, 104)	' wh'	409
410	(229, 134)	b'\xe5\x86'	410
411	(116, 267)	'ter'	412
412	(229, 186)	b'\xe5\xba'	413
413	(233, 128)	b'\xe9\x80'	414
414	(32, 224)	b' \xe0'	415
415	(230, 138)	b'\xe6\x8a'	416
416	(268, 404)	' with'	417
417	(32, 66)	' B'	418
418	(105, 108)	'il'	419
419	(335, 189)	'国'	420
420	(260, 186)	'为'	421
421	(268, 101)	' we'	422
422	(232, 180)	b'\xe8\xb4'	423
423	(117, 115)	'us'	424
424	(48, 48)	'00'	425
425	(273, 116)	'out'	426
426	(297, 97)	' ha'	427
427	(339, 180)	'年'	428
428	(260, 138)	'上'	429
429	(229, 189)	b'\xe5\xbd'	430
430	(225, 128)	b'\xe1\x80'	431
431	(99, 104)	'ch'	432
432	(229, 140)	b'\xe5\x8c'	433
433	(99, 101)	'ce'	434
434	(32, 114)	' r'	435
435	(268, 301)	' was'	436
436	(32, 80)	' P'	437
437	(257, 115)	' as'	438
438	(230, 149)	b'\xe6\x95'	439
439	(231, 137)	b'\xe7\x89'	440
440	(232, 167)	b'\xe8\xa7'	441
441	(271, 322)	'ation'	442
442	(32, 107)	' k'	443
443	(229, 146)	b'\xe5\x92'	444
444	(257, 116)	' at'	445
445	(230, 148)	b'\xe6\x94'	446
446	(105, 102)	'if'	447
447	(231, 167)	b'\xe7\xa7'	448
448	(230, 160)	b'\xe6\xa0'	449
449	(233, 153)	b'\xe9\x99'	450
450	(111, 108)	'ol'	451
451	(229, 177)	b'\xe5\xb1'	452
452	(46, 46)	'..'	453
453	(443, 140)	'和'	454
454	(230, 173)	b'\xe6\xad'	455
455	(338, 156)	'“'	456
456	(338, 157)	'”'	457
457	(231, 186)	b'\xe7\xba'	458
458	(97, 103)	'ag'	459
459	(267, 115)	'ers'	460
460	(260, 170)	'个'	461
461	(233, 151)	b'\xe9\x97'	462
462	(311, 153)	'这'	463
463	(32, 72)	' H'	464
464	(32, 68)	' D'	465
465	(230, 128)	b'\xe6\x80'	466
466	(32, 50)	' 2'	467
467	(341, 182)	'时'	468
468	(298, 165)	'以'	469
469	(32, 208)	b' \xd0'	470
470	(32, 87)	' W'	471
471	(224, 184)	b'\xe0\xb8'	472
472	(32, 49)	' 1'	473
473	(117, 112)	'up'	474
474	(231, 144)	b'\xe7\x90'	475
475	(369, 104)	'igh'	476
476	(230, 139)	b'\xe6\x8b'	477
477	(111, 263)	'ore'	478
478	(101, 109)	'em'	479
479	(39, 116)	"'t"	480
480	(114, 105)	'ri'	481
481	(261, 154)	'：'	482
482	(229, 145)	b'\xe5\x91'	483
483	(232, 135)	b'\xe8\x87'	484
484	(259, 114)	'her'	485
485	(285, 116)	'est'	486
486	(384, 186)	'出'	487
487	(230, 181)	b'\xe6\xb5'	488
488	(257, 263)	' are'	489
489	(111, 112)	'op'	490
490	(32, 78)	' N'	491
491	(32, 106)	' j'	492
492	(313, 182)	'家'	493
493	(233, 157)	b'\xe9\x9d'	494
494	(117, 321)	'ust'	495
495	(309, 176)	'到'	496
496	(32, 82)	' R'	497
497	(273, 374)	'ould'	498
498	(229, 159)	b'\xe5\x9f'	499
499	(117, 109)	'um'	500
500	(273, 110)	'oun'	501
501	(426, 324)	' have'	502
502	(230, 175)	b'\xe6\xaf'	503
503	(208, 176)	'а'	504
504	(264, 104)	' sh'	505
505	(274, 100)	'and'	506
506	(363, 154)	'会'	507
507	(230, 172)	b'\xe6\xac'	508
508	(32, 216)	b' \xd8'	509
509	(229, 137)	b'\xe5\x89'	510
510	(32, 70)	' F'	511
511	(264, 101)	' se'	512
512	(278, 310)	' com'	513
513	(230, 179)	b'\xe6\xb3'	514
514	(278, 265)	' con'	515
515	(116, 104)	'th'	516
516	(229, 191)	b'\xe5\xbf'	517
517	(314, 101)	' ne'	518
518	(232, 10000)	'能'	519
519	(271, 101)	'ate'	520
520	(372, 165)	'来'	521
521	(405, 185)	'对'	522
522	(97, 98)	'ab'	523
523	(230, 176)	b'\xe6\xb0'	524
524	(229, 142)	b'\xe5\x8e'	525
525	(233, 152)	b'\xe9\x98'	526
526	(101, 108)	'el'	527
527	(116, 115)	'ts'	528
528	(117, 108)	'ul'	529
529	(393, 140)	'行'	530
530	(314, 330)	' not'	531
531	(32, 76)	' L'	532
532	(97, 258)	'ain'	533
533	(264, 97)	' sa'	534
534	(340, 159)	'生'	535
535	(232, 166)	b'\xe8\xa6'	536
536	(111, 115)	'os'	537
537	(224, 165)	b'\xe0\xa5'	538
538	(325, 145)	'我'	539
539	(306, 176)	'地'	540
540	(341, 165)	'日'	541
541	(230, 142)	b'\xe6\x8e'	542
542	(32, 71)	' G'	543
543	(99, 116)	'ct'	544
544	(282, 114)	' fr'	545
545	(296, 145)	'发'	546
546	(32, 118)	' v'	547
547	(233, 162)	b'\xe9\xa2'	548
548	(273, 114)	'our'	549
549	(228, 191)	b'\xe4\xbf'	550
550	(306, 186)	'场'	551
551	(230, 140)	b'\xe6\x8c'	552
552	(291, 111)	' do'	553
553	(260, 154)	'业'	554
554	(291, 101)	' de'	555
555	(535, 129)	'要'	556
556	(296, 175)	'可'	557
557	(309, 134)	'分'	558
558	(230, 158)	b'\xe6\x9e'	559
559	(284, 365)	' pro'	560
560	(97, 107)	'ak'	561
561	(232, 190)	b'\xe8\xbe'	562
562	(362, 145)	'金'	563
563	(231, 156)	b'\xe7\x9c'	564
564	(298, 150)	'他'	565
565	(84, 259)	'The'	566
566	(224, 166)	b'\xe0\xa6'	567
567	(303, 281)	' this'	568
568	(280, 142)	'于'	569
569	(230, 178)	b'\xe6\xb2'	570
570	(224, 176)	b'\xe0\xb0'	571
571	(325, 144)	'成'	572
572	(230, 131)	b'\xe6\x83'	573
573	(260, 139)	'下'	574
574	(285, 115)	'ess'	575
575	(229, 147)	b'\xe5\x93'	576
576	(302, 154)	'多'	577
577	(231, 173)	b'\xe7\xad'	578
578	(263, 115)	'res'	579
579	(380, 166)	'学'	580
580	(224, 174)	b'\xe0\xae'	581
581	(293, 331)	'ally'	582
582	(257, 108)	' al'	583
583	(113, 117)	'qu'	584
584	(233, 171)	b'\xe9\xab'	585
585	(305, 105)	' li'	586
586	(225, 136)	b'\xe1\x88'	587
587	(317, 142)	'后'	588
588	(32, 69)	' E'	589
589	(32, 323)	b' \xe0\xa4'	590
590	(351, 159)	'也'	591
591	(112, 112)	'pp'	592
592	(343, 120)	' ex'	593
593	(32, 276)	' or'	594
594	(277, 370)	' but'	595
595	(299, 172)	'公'	596
596	(278, 104)	' ch'	597
597	(368, 130)	'市'	598
598	(298, 172)	'们'	599
599	(290, 136)	'月'	600
600	(310, 101)	'ome'	601
601	(584, 152)	'高'	602
602	(208, 184)	'и'	603
603	(288, 116)	'art'	604
604	(274, 116)	'ant'	605
605	(544, 310)	' from'	606
606	(224, 170)	b'\xe0\xaa'	607
607	(342, 176)	'新'	608
608	(279, 100)	'end'	609
609	(101, 288)	'ear'	610
610	(103, 104)	'gh'	611
611	(284, 108)	' pl'	612
612	(475, 116)	'ight'	613
613	(356, 259)	' The'	614
614	(337, 143)	'经'	615
615	(32, 74)	' J'	616
616	(230, 132)	b'\xe6\x84'	617
617	(281, 116)	'ist'	618
618	(225, 187)	b'\xe1\xbb'	619
619	(407, 176)	'现'	620
620	(342, 185)	'方'	621
621	(293, 108)	'all'	622
622	(257, 98)	' ab'	623
623	(509, 141)	'前'	624
624	(231, 190)	b'\xe7\xbe'	625
625	(230, 184)	b'\xe6\xb8'	626
626	(301, 116)	'ast'	627
627	(216, 167)	'ا'	628
628	(533, 326)	' said'	629
629	(224, 168)	b'\xe0\xa8'	630
630	(288, 100)	'ard'	631
631	(229, 128)	b'\xe5\x80'	632
632	(256, 114)	' tr'	633
633	(353, 107)	'ack'	634
634	(277, 121)	' by'	635
635	(276, 116)	'ort'	636
636	(275, 121)	'ity'	637
637	(105, 324)	'ive'	638
638	(111, 99)	'oc'	639
639	(286, 101)	' me'	640
640	(329, 177)	'就'	641
641	(32, 79)	' O'	642
642	(111, 321)	'ost'	643
643	(109, 334)	'ment'	644
644	(230, 155)	b'\xe6\x9b'	645
645	(230, 180)	b'\xe6\xb4'	646
646	(105, 101)	'ie'	647
647	(231, 189)	b'\xe7\xbd'	648
648	(232, 130)	b'\xe8\x82'	649
649	(208, 190)	'о'	650
650	(266, 121)	' they'	651
651	(97, 112)	'ap'	652
652	(297, 301)	' has'	653
653	(311, 135)	'过'	654
654	(48, 49)	'01'	655
655	(260, 187)	'主'	656
656	(233, 129)	b'\xe9\x81'	657
657	(389, 128)	'开'	658
658	(233, 149)	b'\xe9\x95'	659
659	(233, 131)	b'\xe9\x83'	660
660	(319, 156)	'作'	661
661	(278, 274)	' can'	662
662	(299, 131)	'元'	663
663	(290, 128)	'最'	664
664	(316, 111)	' go'	665
665	(340, 168)	'用'	666
666	(290, 172)	'本'	667
667	(388, 151)	'得'	668
668	(32, 375)	' un'	669
669	(231, 130)	b'\xe7\x82'	670
670	(232, 189)	b'\xe8\xbd'	671
671	(105, 285)	'ies'	672
672	(498, 186)	'基'	673
673	(117, 100)	'ud'	674
674	(268, 406)	' will'	675
675	(273, 610)	'ough'	676
676	(352, 101)	'ame'	677
677	(305, 101)	' le'	678
678	(117, 263)	'ure'	679
679	(231, 171)	b'\xe7\xab'	680
680	(392, 133)	'者'	681
681	(329, 134)	'将'	682
682	(107, 115)	'ks'	683
683	(229, 166)	b'\xe5\xa6'	684
684	(483, 170)	'自'	685
685	(268, 276)	' wor'	686
686	(32, 473)	' up'	687
687	(297, 281)	' his'	688
688	(257, 312)	' all'	689
689	(392, 140)	'而'	690
690	(265, 101)	'one'	691
691	(308, 101)	'ice'	692
692	(228, 190)	b'\xe4\xbe'	693
693	(264, 111)	' so'	694
694	(280, 167)	'产'	695
695	(493, 162)	'面'	696
696	(268, 259)	' whe'	697
697	(402, 116)	'ect'	698
698	(224, 183)	b'\xe0\xb7'	699
699	(290, 186)	'机'	700
700	(502, 148)	'比'	701
701	(32, 425)	' out'	702
702	(32, 217)	b' \xd9'	703
703	(585, 399)	' like'	704
704	(208, 189)	'н'	705
705	(263, 110)	'ren'	706
706	(624, 142)	'美'	707
707	(230, 177)	b'\xe6\xb1'	708
708	(659, 168)	'部'	709
709	(317, 140)	'同'	710
710	(208, 181)	'е'	711
711	(232, 182)	b'\xe8\xb6'	712
712	(32, 75)	' K'	713
713	(264, 112)	' sp'	714
714	(290, 159)	'期'	715
715	(351, 139)	'之'	716
716	(311, 155)	'进'	717
717	(229, 129)	b'\xe5\x81'	718
718	(232, 183)	b'\xe8\xb7'	719
719	(111, 100)	'od'	720
720	(232, 176)	b'\xe8\xb0'	721
721	(344, 168)	'动'	722
722	(491, 494)	' just'	723
723	(230, 182)	b'\xe6\xb6'	724
724	(117, 98)	'ub'	725
725	(231, 164)	b'\xe7\xa4'	726
726	(233, 10000)	'都'	727
727	(474, 131)	'球'	728
728	(263, 100)	'red'	729
729	(103, 101)	'ge'	730
730	(299, 182)	'其'	731
731	(286, 121)	' my'	732
732	(230, 141)	b'\xe6\x8d'	733
733	(299, 168)	'全'	734
734	(326, 101)	'ide'	735
735	(32, 225)	b' \xe1'	736
736	(231, 172)	b'\xe7\xac'	737
737	(110, 479)	"n't"	738
738	(105, 97)	'ia'	739
739	(230, 153)	b'\xe6\x99'	740
740	(395, 132)	'资'	741
741	(311, 152)	'还'	742
742	(117, 99)	'uc'	743
743	(32, 85)	' U'	744
744	(474, 134)	'理'	745
745	(344, 155)	'力'	746
746	(500, 100)	'ound'	747
747	(209, 128)	'р'	748
748	(265, 103)	'ong'	749
749	(329, 143)	'小'	750
750	(229, 157)	b'\xe5\x9d'	751
751	(358, 180)	'说'	752
752	(258, 100)	'ind'	753
753	(97, 399)	'ake'	754
754	(224, 182)	b'\xe0\xb6'	755
755	(269, 139)	'》'	756
756	(269, 138)	'《'	757
757	(102, 102)	'ff'	758
758	(268, 497)	' would'	759
759	(258, 101)	'ine'	760
760	(316, 332)	' get'	761
761	(344, 160)	'加'	762
762	(408, 100)	'ood'	763
763	(232, 137)	b'\xe8\x89'	764
764	(260, 142)	'与'	765
765	(347, 101)	' one'	766
766	(101, 112)	'ep'	767
767	(302, 169)	'天'	768
768	(409, 111)	' who'	769
769	(209, 130)	'т'	770
770	(622, 425)	' about'	771
771	(313, 154)	'定'	772
772	(117, 379)	'use'	773
773	(575, 129)	'品'	774
774	(105, 118)	'iv'	775
775	(313, 158)	'实'	776
776	(401, 189)	'好'	777
777	(317, 136)	'合'	778
778	(230, 143)	b'\xe6\x8f'	779
779	(339, 179)	'平'	780
780	(658, 191)	'长'	782
781	(231, 132)	b'\xe7\x84'	783
782	(114, 97)	'ra'	784
783	(319, 134)	'但'	785
784	(380, 144)	'子'	786
785	(371, 114)	' your'	787
786	(302, 150)	'外'	788
787	(373, 101)	'ime'	789
788	(577, 137)	'等'	790
789	(319, 147)	'体'	791
790	(513, 149)	'法'	792
791	(257, 103)	' ag'	793
792	(231, 149)	b'\xe7\x95'	794
793	(229, 167)	b'\xe5\xa7'	795
794	(232, 131)	b'\xe8\x83'	796
795	(286, 477)	' more'	797
796	(233, 161)	b'\xe9\xa1'	798
797	(257, 100)	' ad'	799
798	(461, 180)	'间'	800
799	(233, 155)	b'\xe9\x9b'	801
800	(387, 128)	'所'	802
801	(105, 112)	'ip'	804
802	(227, 129)	b'\xe3\x81'	805
803	(393, 168)	'表'	806
804	(412, 166)	'度'	807
805	(229, 162)	b'\xe5\xa2'	808
806	(452, 46)	'...'	809
807	(232, 139)	b'\xe8\x8b'	810
808	(507, 161)	'次'	811
809	(100, 328)	'day'	812
810	(317, 141)	'名'	813
811	(308, 104)	'ich'	814
812	(410, 133)	'内'	815
813	(304, 102)	' off'	816
814	(382, 121)	'very'	817
815	(104, 271)	'hat'	818
816	(669, 185)	'点'	819
817	(117, 101)	'ue'	820
818	(274, 115)	'ans'	821
819	(107, 283)	'king'	822
820	(299, 179)	'关'	823
821	(231, 168)	b'\xe7\xa8'	824
822	(300, 116)	' int'	825
823	(229, 187)	b'\xe5\xbb'	826
824	(319, 141)	'位'	827
825	(362, 141)	'重'	828
826	(465, 167)	'性'	829
827	(266, 383)	' their'	830
828	(388, 136)	'很'	831
829	(257, 114)	' ar'	832
830	(394, 184)	'相'	833
831	(309, 169)	'利'	834
832	(216, 177)	'ر'	835
833	(232, 129)	b'\xe8\x81'	836
834	(278, 108)	' cl'	837
835	(394, 174)	'目'	838
836	(114, 121)	'ry'	839
837	(217, 136)	'و'	840
838	(438, 176)	'数'	841
839	(105, 293)	'ial'	842
840	(219, 140)	'ی'	843
841	(327, 609)	' year'	844
842	(403, 165)	'工'	845
843	(233, 154)	b'\xe9\x9a'	846
844	(298, 183)	'价'	847
845	(563, 139)	'看'	848
846	(233, 148)	b'\xe9\x94'	849
847	(284, 101)	' pe'	850
848	(683, 130)	'如'	851
849	(32, 51)	' 3'	852
850	(273, 115)	'ous'	853
851	(323, 190)	'ा'	854
852	(516, 131)	'心'	855
853	(116, 484)	'ther'	856
854	(429, 147)	'当'	857
855	(297, 348)	' had'	858
856	(97, 104)	'ah'	859
857	(512, 112)	' comp'	860
858	(110, 100)	'nd'	861
859	(233, 163)	b'\xe9\xa3'	862
860	(118, 279)	'ven'	863
861	(328, 115)	'ays'	864
862	(115, 111)	'so'	865
863	(230, 129)	b'\xe6\x81'	866
864	(225, 137)	b'\xe1\x89'	867
865	(454, 164)	'此'	868
866	(101, 312)	'ell'	869
867	(230, 159)	b'\xe6\x9f'	870
868	(32, 446)	' if'	871
869	(296, 184)	'司'	872
870	(231, 159)	b'\xe7\x9f'	873
871	(231, 180)	b'\xe7\xb4'	874
872	(644, 180)	'更'	875
873	(260, 137)	'三'	876
874	(32, 583)	' qu'	877
875	(442, 110)	' kn'	878
876	(458, 101)	'age'	879
877	(264, 600)	' some'	880
878	(572, 133)	'情'	881
879	(224, 175)	b'\xe0\xaf'	882
880	(208, 187)	'л'	883
881	(233, 156)	b'\xe9\x9c'	884
882	(260, 164)	'两'	885
883	(231, 157)	b'\xe7\x9d'	886
884	(672, 562)	'基金'	887
885	(233, 166)	b'\xe9\xa6'	888
886	(346, 279)	' been'	889
887	(340, 181)	'电'	890
888	(736, 172)	'第'	891
889	(336, 460)	'一个'	892
890	(275, 101)	'ite'	894
891	(354, 116)	' St'	895
892	(345, 110)	'own'	896
893	(231, 160)	b'\xe7\xa0'	897
894	(294, 121)	' any'	898
895	(315, 142)	'明'	899
896	(98, 267)	'ber'	900
897	(232, 162)	b'\xe8\xa2'	901
898	(231, 169)	b'\xe7\xa9'	902
899	(260, 135)	'万'	903
900	(525, 159)	'队'	904
901	(489, 320)	'ople'	905
902	(32, 279)	' en'	906
903	(217, 134)	'ن'	907
904	(387, 139)	'手'	908
905	(257, 99)	' ac'	909
906	(265, 479)	"on't"	910
907	(415, 165)	'报'	911
908	(362, 140)	'里'	912
909	(335, 160)	'因'	913
910	(342, 175)	'斯'	914
911	(432, 186)	'区'	915
912	(325, 191)	'房'	916
913	(299, 165)	'入'	917
914	(781, 182)	'然'	918
915	(232, 138)	b'\xe8\x8a'	919
916	(353, 116)	'act'	920
917	(284, 114)	' pr'	921
918	(439, 185)	'特'	922
919	(286, 274)	' man'	923
920	(280, 139)	'事'	924
921	(322, 115)	'ions'	925
922	(258, 107)	'ink'	926
923	(32, 423)	' us'	927
924	(101, 119)	'ew'	928
925	(409, 271)	' what'	929
926	(49, 48)	'10'	930
927	(100, 267)	'der'	931
928	(284, 267)	' per'	932
929	(395, 155)	'赛'	933
930	(102, 411)	'fter'	934
931	(217, 132)	'ل'	935
932	(231, 165)	b'\xe7\xa5'	936
933	(523, 145)	'民'	937
934	(32, 373)	' im'	938
935	(413, 154)	'通'	939
936	(97, 263)	'are'	940
937	(233, 130)	b'\xe9\x82'	941
938	(105, 122)	'iz'	942
939	(403, 178)	'已'	943
940	(595, 869)	'公司'	944
941	(32, 89)	' Y'	945
942	(303, 274)	' than'	946
943	(415, 149)	'投'	947
944	(266, 263)	' there'	948
945	(592, 112)	' exp'	949
946	(209, 129)	'с'	950
947	(778, 144)	'提'	951
948	(105, 263)	'ire'	952
949	(421, 263)	' were'	953
950	(229, 149)	b'\xe5\x95'	955
951	(696, 110)	' when'	956
952	(429, 177)	'影'	957
953	(538, 598)	'我们'	958
954	(360, 161)	'计'	959
955	(231, 136)	b'\xe7\x88'	960
956	(353, 101)	'ace'	961
957	(381, 114)	' her'	962
958	(194, 160)	'\xa0'	963
959	(847, 901)	' people'	964
960	(298, 142)	'从'	965
961	(271, 287)	'ated'	966
962	(339, 182)	'并'	967
963	(105, 320)	'ile'	968
964	(611, 328)	' play'	969
965	(551, 129)	'持'	970
966	(288, 107)	'ark'	971
967	(266, 109)	' them'	972
968	(569, 161)	'没'	973
969	(111, 103)	'og'	974
970	(656, 147)	'道'	975
971	(225, 139)	b'\xe1\x8b'	976
972	(296, 138)	'及'	977
973	(111, 379)	'ose'	978
974	(105, 98)	'ib'	979
975	(289, 382)	' over'	980
976	(432, 150)	'化'	981
977	(308, 107)	'ick'	982
978	(296, 170)	'只'	983
979	(316, 114)	' gr'	984
980	(616, 143)	'意'	985
981	(725, 186)	'示'	986
982	(377, 104)	' Ch'	987
983	(117, 431)	'uch'	988
984	(112, 635)	'port'	989
985	(231, 179)	b'\xe7\xb3'	990
986	(231, 129)	b'\xe7\x81'	991
987	(390, 419)	'中国'	992
988	(319, 160)	'你'	993
989	(482, 152)	'员'	994
990	(232, 186)	b'\xe8\xba'	995
991	(897, 171)	'被'	996
992	(233, 147)	b'\xe9\x93'	997
993	(50, 424)	'200'	998
994	(274, 433)	'ance'	999
995	(445, 191)	'政'	1000
996	(229, 163)	b'\xe5\xa3'	1001
997	(116, 121)	'ty'	1002
998	(232, 163)	b'\xe8\xa3'	1003
999	(256, 787)	' time'	1004
1000	(97, 118)	'av'	1005
1001	(823, 186)	'建'	1006
1002	(549, 157)	'保'	1007
1003	(732, 174)	'据'	1008
1004	(224, 177)	b'\xe0\xb1'	1009
1005	(514, 116)	' cont'	1010
1006	(280, 155)	'些'	1011
1007	(353, 104)	'ach'	1012
1008	(314, 111)	' no'	1013
1009	(263, 101)	'ree'	1014
1010	(32, 86)	' V'	1015
1011	(300, 99)	' inc'	1016
1012	(448, 188)	'格'	1017
1013	(414, 168)	b' \xe0\xa8'	1018
1014	(257, 930)	' after'	1019
1015	(209, 131)	'у'	1020
1016	(883, 128)	'着'	1021
1017	(274, 103)	'ang'	1022
1018	(280, 164)	'交'	1023
1019	(301, 115)	'ass'	1024
1020	(284, 263)	' pre'	1025
1021	(395, 183)	'起'	1026
1022	(225, 138)	b'\xe1\x8a'	1027
1023	(451, 149)	'展'	1028
1024	(990, 171)	'身'	1029
1025	(276, 109)	'orm'	1030
1026	(231, 153)	b'\xe7\x99'	1031
1027	(389, 143)	'式'	1032
1028	(582, 862)	' also'	1033
1029	(333, 115)	' res'	1034
1030	(264, 259)	' she'	1035
1031	(97, 418)	'ail'	1036
1032	(32, 105)	' i'	1037
1033	(232, 144)	b'\xe8\x90'	1038
1034	(763, 178)	'色'	1039
1035	(517, 119)	' new'	1040
1036	(356, 104)	' Th'	1041
1037	(362, 143)	'量'	1042
1038	(230, 161)	b'\xe6\xa1'	1043
1039	(318, 116)	' It'	1044
1040	(289, 853)	' other'	1045
1041	(432, 151)	'北'	1046
1042	(342, 135)	'文'	1047
1043	(950, 134)	'商'	1048
1044	(117, 103)	'ug'	1049
1045	(291, 326)	' did'	1050
1046	(346, 99)	' bec'	1051
1047	(447, 141)	'种'	1052
1048	(232, 142)	b'\xe8\x8e'	1053
1049	(257, 109)	' am'	1054
1050	(276, 100)	'ord'	1055
1051	(224, 171)	b'\xe0\xab'	1056
1052	(597, 550)	'市场'	1057
1053	(875, 345)	' know'	1058
1054	(301, 101)	'ase'	1059
1055	(256, 119)	' tw'	1060
1056	(360, 169)	'让'	1061
1057	(282, 383)	' fir'	1062
1058	(549, 161)	'信'	1063
1059	(111, 258)	'oin'	1064
1060	(409, 811)	' which'	1065
1061	(264, 99)	' sc'	1066
1062	(232, 165)	b'\xe8\xa5'	1067
1063	(524, 187)	'去'	1068
1064	(360, 176)	'记'	1069
1065	(256, 101)	' te'	1070
1066	(454, 163)	'正'	1071
1067	(523, 180)	'水'	1072
1068	(291, 906)	" don't"	1073
1069	(487, 183)	'海'	1074
1070	(392, 131)	'考'	1075
1071	(288, 121)	'ary'	1076
1072	(231, 131)	b'\xe7\x83'	1077
1073	(647, 145)	'网'	1078
1074	(111, 312)	'oll'	1079
1075	(556, 468)	'可以'	1080
1076	(1062, 191)	'西'	1081
1077	(558, 156)	'果'	1082
1078	(111, 98)	'ob'	1083
1079	(483, 179)	'至'	1084
1080	(368, 184)	'常'	1085
1081	(111, 324)	'ove'	1086
1082	(104, 283)	'hing'	1087
1083	(439, 169)	'物'	1088
1084	(408, 107)	'ook'	1089
1085	(230, 188)	b'\xe6\xbc'	1090
1086	(985, 187)	'系'	1091
1087	(116, 283)	'ting'	1092
1088	(448, 183)	'样'	1093
1089	(522, 320)	'able'	1094
1090	(109, 267)	'mer'	1095
1091	(401, 179)	'女'	1096
1092	(265, 100)	'ond'	1097
1093	(340, 177)	'由'	1098
1094	(648, 161)	'股'	1099
1095	(224, 169)	b'\xe0\xa9'	1100
1096	(201, 153)	'ə'	1101
1097	(805, 158)	'增'	1102
1098	(233, 133)	b'\xe9\x85'	1103
1099	(97, 772)	'ause'	1104
1100	(412, 148)	'应'	1105
1101	(369, 110)	'ign'	1106
1102	(616, 159)	'感'	1107
1103	(348, 101)	'ade'	1108
1104	(39, 263)	"'re"	1109
1105	(341, 160)	'无'	1110
1106	(359, 367)	" it's"	1111
1107	(851, 323)	b'\xe0\xa4\xbe\xe0\xa4'	1112
1108	(309, 182)	'制'	1113
1109	(97, 119)	'aw'	1114
1110	(298, 138)	'今'	1115
1111	(329, 148)	'尔'	1116
1112	(311, 145)	'近'	1117
1113	(578, 115)	'ress'	1118
1114	(359, 115)	' its'	1119
1115	(232, 136)	b'\xe8\x88'	1120
1116	(325, 152)	'战'	1121
1117	(303, 922)	' think'	1122
1118	(318, 110)	' In'	1123
1119	(297, 373)	' him'	1124
1120	(196, 177)	'ı'	1125
1121	(261, 155)	'；'	1126
1122	(112, 116)	'pt'	1127
1123	(344, 161)	'务'	1128
1124	(508, 167)	' ا'	1129
1125	(645, 187)	'活'	1130
1126	(263, 271)	'reat'	1131
1127	(291, 281)	' dis'	1132
1128	(230, 183)	b'\xe6\xb7'	1133
1129	(807, 177)	'英'	1134
1130	(618, 141)	'ọ'	1135
1131	(296, 151)	'受'	1136
1132	(257, 591)	' app'	1137
1133	(233, 146)	b'\xe9\x92'	1138
1134	(389, 186)	'强'	1139
1135	(625, 184)	'游'	1140
1136	(360, 190)	'设'	1141
1137	(445, 182)	'收'	1142
1138	(229, 158)	b'\xe5\x9e'	1143
1139	(32, 52)	' 4'	1144
1140	(208, 180)	'д'	1145
1141	(482, 168)	'周'	1146
1142	(32, 53)	' 5'	1147
1143	(333, 99)	' rec'	1148
1144	(111, 118)	'ov'	1149
1145	(461, 174)	'问'	1150
1146	(387, 147)	'打'	1151
1147	(299, 183)	'具'	1152
1148	(1057, 321)	' first'	1153
1149	(414, 170)	b' \xe0\xaa'	1154
1150	(105, 274)	'ian'	1155
1151	(208, 186)	'к'	1156
1152	(358, 165)	'该'	1157
1153	(280, 140)	'二'	1158
1154	(326, 334)	'ident'	1159
1155	(413, 137)	'选'	1160
1156	(233, 169)	b'\xe9\xa9'	1161
1157	(297, 345)	' how'	1162
1158	(110, 283)	'ning'	1163
1159	(224, 167)	b'\xe0\xa7'	1164
1160	(284, 603)	' part'	1165
1161	(279, 115)	'ens'	1166
1162	(218, 169)	'ک'	1167
1163	(278, 497)	' could'	1168
1164	(335, 158)	'回'	1169
1165	(257, 543)	' act'	1170
1166	(279, 433)	'ence'	1171
1167	(561, 190)	'达'	1172
1168	(441, 115)	'ations'	1173
1169	(217, 135)	'ه'	1174
1170	(50, 48)	'20'	1175
1171	(537, 141)	'्'	1176
1172	(231, 188)	b'\xe7\xbc'	1177
1173	(261, 137)	'）'	1178
1174	(351, 136)	'么'	1179
1175	(465, 187)	'总'	1180
1176	(261, 136)	'（'	1181
1177	(292, 111)	' too'	1182
1178	(84, 104)	'Th'	1183
1179	(313, 137)	'安'	1184
1180	(316, 117)	' gu'	1185
1181	(111, 121)	'oy'	1186
1182	(457, 167)	'级'	1187
1183	(276, 115)	'ors'	1188
1184	(1171, 323)	b'\xe0\xa5\x8d\xe0\xa4'	1189
1185	(822, 111)	' into'	1190
1186	(388, 183)	'德'	1191
1187	(511, 101)	' see'	1192
1188	(261, 159)	'？'	1193
1189	(720, 131)	'调'	1194
1190	(314, 345)	' now'	1195
1191	(102, 101)	'fe'	1196
1192	(461, 168)	'门'	1197
1193	(407, 135)	'率'	1198
1194	(277, 633)	' back'	1199
1195	(112, 108)	'pl'	1200
1196	(229, 148)	b'\xe5\x94'	1201
1197	(73, 116)	'It'	1202
1198	(447, 145)	'科'	1203
1199	(368, 131)	'布'	1204
1200	(10002, 109)	" I'm"	1205
1201	(833, 148)	'联'	1206
1202	(277, 332)	' bet'	1207
1203	(119, 101)	'we'	1208
1204	(32, 365)	' ro'	1209
1205	(264, 328)	' say'	1210
1206	(347, 331)	' only'	1211
1207	(968, 378)	'没有'	1212
1208	(316, 762)	' good'	1213
1209	(217, 138)	'ي'	1214
1210	(541, 165)	'接'	1215
1211	(403, 177)	'己'	1216
1212	(110, 101)	'ne'	1217
1213	(513, 168)	'注'	1218
1214	(10001, 161)	'管'	1219
1215	(233, 187)	b'\xe9\xbb'	1220
1216	(717, 154)	'做'	1221
1217	(298, 163)	'代'	1222
1218	(229, 150)	b'\xe5\x96'	1223
1219	(500, 116)	'ount'	1224
1220	(547, 152)	'题'	1225
1221	(49, 57)	'19'	1226
1222	(260, 156)	'东'	1227
1223	(439, 135)	'片'	1228
1224	(414, 166)	b' \xe0\xa6'	1229
1225	(281, 104)	'ish'	1230
1226	(684, 1211)	'自己'	1231
1227	(360, 164)	'认'	1232
1228	(1138, 139)	'型'	1233
1229	(1055, 111)	' two'	1234
1230	(401, 150)	'奖'	1235
1231	(216, 170)	'ت'	1236
1232	(282, 101)	' fe'	1237
1233	(551, 135)	'指'	1238
1234	(325, 150)	'或'	1239
1235	(349, 142)	'华'	1240
1236	(319, 191)	'使'	1241
1237	(572, 179)	'想'	1242
1238	(905, 99)	' acc'	1243
1239	(264, 267)	' ser'	1244
1240	(937, 163)	'那'	1245
1241	(111, 374)	'old'	1246
1242	(299, 139)	'克'	1247
1243	(283, 115)	'ings'	1248
1244	(224, 185)	b'\xe0\xb9'	1249
1245	(408, 108)	'ool'	1250
1246	(110, 103)	'ng'	1251
1247	(231, 178)	b'\xe7\xb2'	1252
1248	(317, 145)	'向'	1253
1249	(308, 116)	'ict'	1254
1250	(517, 287)	' need'	1255
1251	(324, 108)	'vel'	1256
1252	(349, 149)	'单'	1257
1253	(298, 187)	'任'	1258
1254	(268, 604)	' want'	1259
1255	(105, 850)	'ious'	1260
1256	(117, 312)	'ull'	1261
1257	(422, 185)	'费'	1262
1258	(277, 114)	' br'	1263
1259	(685, 107)	' work'	1264
1260	(232, 153)	b'\xe8\x99'	1265
1261	(116, 101)	'te'	1266
1262	(230, 145)	b'\xe6\x91'	1267
1263	(105, 374)	'ild'	1268
1264	(260, 147)	'专'	1269
1265	(498, 142)	'城'	1270
1266	(296, 183)	'号'	1271
1267	(296, 150)	'取'	1272
1268	(277, 108)	' bl'	1273
1269	(231, 161)	b'\xe7\xa1'	1274
1270	(424, 48)	'000'	1275
1271	(449, 162)	'院'	1276
1272	(493, 158)	'非'	1277
1273	(302, 180)	'头'	1278
1274	(217, 133)	'م'	1279
1275	(463, 101)	' He'	1280
1276	(232, 141)	b'\xe8\x8d'	1281
1277	(885, 150)	'首'	1282
1278	(317, 132)	'各'	1283
1279	(296, 176)	'台'	1284
1280	(112, 267)	'per'	1285
1281	(313, 162)	'客'	1286
1282	(301, 265)	'ason'	1287
1283	(231, 166)	b'\xe7\xa6'	1288
1284	(440, 163)	'解'	1289
1285	(333, 581)	' really'	1290
1286	(296, 152)	'变'	1291
1287	(280, 172)	'京'	1292
1288	(879, 141)	'்'	1293
1289	(208, 188)	'м'	1294
1290	(859, 142)	'风'	1295
1291	(259, 100)	'hed'	1296
1292	(309, 171)	'别'	1297
1293	(329, 145)	'少'	1298
1294	(528, 116)	'ult'	1299
1295	(524, 159)	'原'	1300
1296	(261, 129)	'！'	1301
1297	(343, 814)	' every'	1302
1298	(358, 129)	'证'	1303
1299	(303, 675)	' though'	1304
1300	(337, 153)	'给'	1305
1301	(791, 532)	' again'	1306
1302	(349, 151)	'南'	1307
1303	(337, 147)	'结'	1308
1304	(440, 132)	'规'	1309
1305	(49, 50)	'12'	1310
1306	(308, 293)	'ical'	1311
1307	(457, 191)	'线'	1312
1308	(260, 150)	'世'	1313
1309	(561, 131)	'较'	1314
1310	(325, 143)	'戏'	1315
1311	(281, 115)	'iss'	1316
1312	(299, 137)	'光'	1317
1313	(32, 548)	' our'	1318
1314	(382, 115)	'vers'	1319
1315	(344, 191)	'势'	1320
1316	(286, 753)	' make'	1321
1317	(679, 139)	'立'	1322
1318	(229, 131)	b'\xe5\x83'	1323
1319	(1046, 1099)	' because'	1324
1320	(302, 132)	'处'	1325
1321	(299, 136)	'先'	1326
1322	(943, 740)	'投资'	1327
1323	(631, 188)	'值'	1328
1324	(275, 322)	'ition'	1329
1325	(352, 112)	'amp'	1330
1326	(216, 175)	'د'	1331
1327	(315, 159)	'星'	1332
1328	(264, 473)	' sup'	1333
1329	(502, 143)	'每'	1334
1330	(552, 285)	' does'	1335
1331	(337, 132)	'组'	1336
1332	(305, 626)	' last'	1337
1333	(315, 190)	'显'	1338
1334	(541, 168)	'推'	1339
1335	(1064, 680)	'记者'	1340
1336	(274, 107)	'ank'	1341
1337	(319, 142)	'低'	1342
1338	(276, 121)	'ory'	1343
1339	(286, 983)	' much'	1344
1340	(335, 190)	'图'	1345
1341	(278, 114)	' cr'	1346
1342	(274, 99)	'anc'	1347
1343	(32, 399)	' ke'	1348
1344	(337, 173)	'续'	1349
1345	(881, 128)	'需'	1350
1346	(705, 116)	'rent'	1351
1347	(564, 598)	'他们'	1352
1348	(718, 175)	'路'	1353
1349	(208, 178)	'в'	1354
1350	(343, 860)	' even'	1355
1351	(405, 188)	'导'	1356
1352	(794, 156)	'胜'	1357
1353	(101, 107)	'ek'	1358
1354	(266, 110)	' then'	1359
1355	(49, 49)	'11'	1360
1356	(723, 136)	'消'	1361
1357	(735, 138)	b' \xe1\x8a'	1362
1358	(429, 169)	'彩'	1363
1359	(229, 139)	b'\xe5\x8b'	1364
1360	(797, 100)	' add'	1365
1361	(438, 180)	'整'	1366
1362	(996, 171)	'士'	1367
1363	(225, 186)	b'\xe1\xba'	1368
1364	(349, 129)	'十'	1369
1365	(102, 477)	'fore'	1370
1366	(233, 170)	b'\xe9\xaa'	1371
1367	(1085, 148)	'演'	1372
1368	(821, 139)	'程'	1373
1369	(338, 148)	'—'	1374
1370	(863, 175)	'息'	1375
1371	(101, 103)	'eg'	1376
1372	(410, 141)	'再'	1377
1373	(334, 115)	'ents'	1378
1374	(264, 402)	' sec'	1379
1375	(467, 798)	'时间'	1380
1376	(316, 676)	' game'	1381
1377	(487, 142)	'济'	1382
1378	(401, 185)	'她'	1383
1379	(227, 130)	b'\xe3\x82'	1384
1380	(394, 152)	'盘'	1385
1381	(992, 182)	'银'	1386
1382	(102, 1025)	'form'	1387
1383	(537, 135)	'े'	1388
1384	(504, 497)	' should'	1389
1385	(445, 190)	'放'	1390
1386	(105, 107)	'ik'	1391
1387	(742, 107)	'uck'	1392
1388	(394, 180)	'直'	1393
1389	(231, 150)	b'\xe7\x96'	1394
1390	(707, 130)	'求'	1395
1391	(1318, 143)	'像'	1396
1392	(303, 114)	' thr'	1397
1393	(507, 167)	'欧'	1398
1394	(51, 48)	'30'	1399
1395	(499, 112)	'ump'	1400
1396	(229, 178)	b'\xe5\xb2'	1401
1397	(380, 163)	'季'	1402
1398	(277, 117)	' bu'	1403
1399	(300, 118)	' inv'	1404
1400	(392, 129)	'老'	1405
1401	(444, 116)	' att'	1406
1402	(271, 267)	'ater'	1407
1403	(413, 160)	'造'	1408
1404	(271, 285)	'ates'	1409
1405	(232, 132)	b'\xe8\x84'	1410
1406	(284, 450)	' pol'	1411
1407	(230, 187)	b'\xe6\xbb'	1412
1408	(998, 133)	'装'	1413
1409	(487, 129)	'流'	1414
1410	(274, 121)	'any'	1415
1411	(438, 153)	'教'	1416
1412	(108, 308)	'lic'	1417
1413	(337, 159)	'统'	1418
1414	(638, 107)	'ock'	1419
1415	(296, 163)	'口'	1420
1416	(711, 133)	'超'	1421
1417	(504, 345)	' show'	1422
1418	(330, 484)	'other'	1423
1419	(457, 166)	'约'	1424
1420	(291, 402)	' dec'	1425
1421	(422, 168)	'质'	1426
1422	(507, 190)	'款'	1427
1423	(447, 176)	'称'	1428
1424	(257, 119)	' aw'	1429
1425	(803, 981)	'表示'	1430
1426	(102, 116)	'ft'	1431
1427	(97, 122)	'az'	1432
1428	(230, 168)	b'\xe6\xa8'	1433
1429	(414, 176)	b' \xe0\xb0'	1434
1430	(440, 130)	'观'	1435
1431	(315, 147)	'易'	1436
1432	(32, 54)	' 6'	1437
1433	(280, 154)	'亚'	1438
1434	(939, 614)	'已经'	1439
1435	(556, 518)	'可能'	1440
1436	(841, 115)	' years'	1441
1437	(796, 185)	'项'	1442
1438	(98, 101)	'be'	1443
1439	(280, 191)	'亿'	1444
1440	(1156, 172)	'马'	1445
1441	(335, 155)	'四'	1446
1442	(268, 328)	' way'	1447
1443	(476, 137)	'拉'	1448
1444	(208, 179)	'г'	1449
1445	(407, 139)	'王'	1450
1446	(53, 48)	'50'	1451
1447	(291, 892)	' down'	1452
1448	(664, 283)	' going'	1453
1449	(389, 160)	'张'	1454
1450	(614, 1377)	'经济'	1455
1451	(265, 116)	'ont'	1456
1452	(835, 623)	'目前'	1457
1453	(316, 330)	' got'	1458
1454	(50, 654)	'201'	1459
1455	(385, 406)	' still'	1460
1456	(792, 140)	'界'	1461
1457	(310, 332)	'omet'	1462
1458	(356, 114)	' Tr'	1463
1459	(298, 182)	'件'	1464
1460	(668, 927)	' under'	1465
1461	(349, 135)	'升'	1466
1462	(414, 182)	b' \xe0\xb6'	1467
1463	(339, 191)	'广'	1468
1464	(313, 140)	'完'	1469
1465	(670, 166)	'车'	1470
1466	(10004, 179)	'米'	1471
1467	(694, 773)	'产品'	1472
1468	(915, 130)	'节'	1473
1469	(445, 175)	'支'	1474
1470	(230, 130)	b'\xe6\x82'	1475
1471	(512, 109)	' comm'	1476
1472	(363, 129)	'企'	1477
1473	(434, 612)	' right'	1478
1474	(105, 331)	'ily'	1479
1475	(421, 312)	' well'	1480
1476	(299, 177)	'共'	1481
1477	(346, 283)	' being'	1482
1478	(547, 132)	'预'	1483
1479	(275, 116)	'itt'	1484
1480	(870, 165)	'知'	1485
1481	(398, 110)	'urn'	1486
1482	(296, 139)	'友'	1487
1483	(346, 1365)	' before'	1488
1484	(32, 236)	b' \xec'	1489
1485	(286, 642)	' most'	1490
1486	(706, 419)	'美国'	1491
1487	(368, 166)	'带'	1492
1488	(290, 170)	'未'	1493
1489	(271, 431)	'atch'	1494
1490	(119, 110)	'wn'	1495
1491	(231, 139)	b'\xe7\x8b'	1496
1492	(117, 581)	'ually'	1497
1493	(363, 160)	'传'	1498
1494	(281, 101)	'ise'	1499
1495	(1065, 352)	' team'	1500
1496	(265, 115)	'ons'	1501
1497	(1072, 173)	'热'	1502
1498	(108, 105)	'li'	1503
1499	(230, 165)	b'\xe6\xa5'	1504
1500	(232, 177)	b'\xe8\xb1'	1505
1501	(109, 274)	'man'	1506
1502	(448, 161)	'校'	1507
1503	(117, 543)	'uct'	1508
1504	(111, 330)	'oot'	1509
1505	(230, 174)	b'\xe6\xae'	1510
1506	(545, 1023)	'发展'	1511
1507	(282, 108)	' fl'	1512
1508	(32, 1162)	' ک'	1513
1509	(407, 169)	'玩'	1514
1510	(560, 283)	'aking'	1515
1511	(32, 55)	' 7'	1516
1512	(98, 320)	'ble'	1517
1513	(302, 135)	'备'	1518
1514	(325, 183)	'户'	1519
1515	(415, 128)	'技'	1520
1516	(716, 529)	'进行'	1521
1517	(932, 168)	'票'	1522
1518	(462, 460)	'这个'	1523
1519	(108, 673)	'lud'	1524
1520	(379, 108)	'sel'	1525
1521	(349, 161)	'卡'	1526
1522	(1048, 183)	'获'	1527
1523	(233, 159)	b'\xe9\x9f'	1528
1524	(333, 109)	' rem'	1529
1525	(1098, 141)	'配'	1530
1526	(384, 134)	'准'	1531
1527	(108, 112)	'lp'	1532
1528	(314, 97)	' na'	1533
1529	(958, 958)	'\xa0\xa0'	1534
1530	(278, 621)	' call'	1535
1531	(72, 101)	'He'	1536
1532	(482, 138)	'告'	1537
1533	(230, 163)	b'\xe6\xa3'	1538
1534	(120, 116)	'xt'	1539
1535	(449, 133)	'际'	1540
1536	(451, 177)	'山'	1541
1537	(298, 133)	'仅'	1542
1538	(547, 134)	'领'	1543
1539	(516, 171)	'快'	1544
1540	(258, 433)	'ince'	1545
1541	(363, 152)	'优'	1546
1542	(284, 104)	' ph'	1548
1543	(1135, 1310)	'游戏'	1549
1544	(271, 283)	'ating'	1550
1545	(955, 177)	'爱'	1551
1546	(429, 162)	'形'	1552
1547	(296, 141)	'反'	1553
1548	(296, 136)	'又'	1554
1549	(846, 128)	'销'	1555
1550	(398, 283)	'uring'	1556
1551	(290, 141)	'服'	1557
1552	(118, 283)	'ving'	1558
1553	(384, 160)	'几'	1559
1554	(536, 115)	'oss'	1560
1555	(290, 175)	'术'	1561
1556	(298, 189)	'份'	1562
1557	(97, 383)	'air'	1563
1558	(291, 285)	' des'	1564
1559	(523, 148)	'气'	1565
1560	(311, 144)	'运'	1566
1561	(1041, 1287)	'北京'	1567
1562	(278, 111)	' co'	1568
1563	(231, 133)	b'\xe7\x85'	1569
1564	(966, 332)	'arket'	1570
1565	(696, 263)	' where'	1571
1566	(288, 103)	'arg'	1572
1567	(349, 138)	'半'	1573
1568	(437, 115)	' ass'	1574
1569	(286, 265)	' mon'	1575
1570	(293, 115)	'als'	1576
1571	(414, 174)	b' \xe0\xae'	1577
1572	(438, 136)	'效'	1578
1573	(272, 336)	'的一'	1579
1574	(387, 141)	'才'	1580
1575	(273, 112)	'oup'	1581
1576	(115, 115)	'ss'	1582
1577	(343, 109)	' em'	1583
1578	(291, 97)	' da'	1584
1579	(32, 32)	'  '	1585
1580	(842, 660)	'工作'	1586
1581	(472, 48)	' 10'	1587
1582	(230, 185)	b'\xe6\xb9'	1588
1583	(230, 186)	b'\xe6\xba'	1589
1584	(32, 209)	b' \xd1'	1590
1585	(793, 139)	'始'	1591
1586	(227, 131)	b'\xe3\x83'	1592
1587	(230, 144)	b'\xe6\x90'	1593
1588	(799, 134)	'集'	1594
1589	(231, 138)	b'\xe7\x8a'	1595
1590	(395, 176)	'走'	1596
1591	(381, 1527)	' help'	1597
1592	(73, 110)	'In'	1598
1593	(216, 179)	'س'	1599
1594	(284, 1059)	' poin'	1600
1595	(432, 133)	'包'	1601
1596	(112, 101)	'pe'	1602
1597	(302, 170)	'太'	1603
1598	(344, 159)	'功'	1604
1599	(229, 168)	b'\xe5\xa8'	1605
1600	(898, 186)	'空'	1606
1601	(440, 134)	'视'	1607
1602	(358, 157)	'话'	1608
1603	(296, 140)	'双'	1609
1604	(329, 188)	'尼'	1610
1605	(108, 285)	'les'	1611
1606	(290, 155)	'望'	1612
1607	(1196, 174)	'售'	1613
1608	(476, 141)	'拍'	1614
1609	(385, 603)	' start'	1615
1610	(117, 285)	'ues'	1616
1611	(10004, 187)	'类'	1617
1612	(750, 135)	'均'	1618
1613	(296, 130)	'参'	1619
1614	(105, 111)	'io'	1620
1615	(300, 100)	' ind'	1621
1616	(451, 133)	'居'	1622
1617	(319, 143)	'住'	1623
1618	(282, 258)	' fin'	1624
1619	(32, 814)	' very'	1625
1620	(1472, 553)	'企业'	1626
1621	(311, 158)	'连'	1627
1622	(385, 114)	' str'	1628
1623	(121, 115)	'ys'	1629
1624	(514, 115)	' cons'	1630
1625	(360, 186)	'论'	1631
1626	(451, 128)	'局'	1632
1627	(448, 135)	'标'	1633
1628	(640, 350)	'就是'	1634
1629	(1247, 190)	'精'	1635
1630	(563, 159)	'真'	1636
1631	(232, 168)	b'\xe8\xa8'	1637
1632	(286, 328)	' may'	1638
1633	(232, 133)	b'\xe8\x85'	1639
1634	(1038, 136)	'案'	1640
1635	(271, 104)	'ath'	1641
1636	(303, 973)	' those'	1642
1637	(415, 138)	'把'	1643
1638	(422, 173)	'购'	1644
1639	(1145, 1220)	'问题'	1645
1640	(279, 99)	'enc'	1646
1641	(264, 1457)	' somet'	1647
1642	(231, 151)	b'\xe7\x97'	1648
1643	(692, 155)	'供'	1649
1644	(459, 265)	'erson'	1650
1645	(351, 144)	'乐'	1651
1646	(554, 102)	' def'	1652
1647	(360, 174)	'议'	1653
1648	(49, 53)	'15'	1654
1649	(1128, 177)	'深'	1655
1650	(309, 153)	'则'	1656
1651	(411, 110)	'tern'	1657
1652	(867, 165)	'查'	1658
1653	(97, 97)	'aa'	1659
1654	(1392, 675)	' through'	1660
1655	(446, 101)	'ife'	1661
1656	(231, 143)	b'\xe7\x8f'	1662
1657	(422, 159)	'负'	1663
1658	(445, 185)	'改'	1664
1659	(358, 183)	'请'	1665
1660	(986, 171)	'火'	1666
1661	(256, 753)	' take'	1667
1662	(743, 110)	' Un'	1668
1663	(230, 162)	b'\xe6\xa2'	1669
1664	(105, 120)	'ix'	1670
1665	(368, 136)	'师'	1671
1666	(893, 148)	'研'	1672
1667	(286, 258)	' min'	1673
1668	(323, 191)	'ि'	1674
1669	(99, 310)	'com'	1675
1670	(454, 165)	'步'	1676
1671	(89, 273)	'You'	1677
1672	(32, 772)	' use'	1678
1673	(49, 46)	'1.'	1679
1674	(104, 110)	'hn'	1680
1675	(372, 191)	'板'	1681
1676	(441, 293)	'ational'	1682
1677	(286, 1103)	' made'	1683
1678	(333, 103)	' reg'	1684
1679	(32, 608)	' end'	1685
1680	(625, 133)	'清'	1686
1681	(381, 263)	' here'	1687
1682	(349, 179)	'即'	1688
1683	(426, 591)	' happ'	1689
1684	(275, 671)	'ities'	1690
1685	(632, 121)	' try'	1691
1686	(275, 287)	'ited'	1692
1687	(268, 114)	' wr'	1694
1688	(430, 186)	'်'	1695
1689	(264, 109)	' sm'	1696
1690	(282, 375)	' fun'	1697
1691	(1288, 580)	b'\xe0\xaf\x8d\xe0\xae'	1698
1692	(305, 408)	' loo'	1699
1693	(232, 140)	b'\xe8\x8c'	1700
1694	(301, 104)	'ash'	1701
1695	(848, 1077)	'如果'	1702
1696	(362, 135)	'采'	1703
1697	(230, 154)	b'\xe6\x9a'	1704
1698	(1428, 161)	'模'	1705
1699	(410, 179)	'决'	1706
1700	(711, 179)	'足'	1707
1701	(376, 858)	' And'	1708
1702	(284, 642)	' post'	1709
1703	(97, 120)	'ax'	1710
1704	(417, 114)	' Br'	1711
1705	(32, 56)	' 8'	1712
1706	(103, 114)	'gr'	1713
1707	(32, 586)	b' \xe1\x88'	1714
1708	(195, 169)	'é'	1715
1709	(305, 748)	' long'	1716
1710	(702, 133)	' م'	1717
1711	(263, 321)	'rest'	1718
1712	(259, 110)	'hen'	1719
1713	(934, 112)	' imp'	1720
1714	(410, 181)	'况'	1721
1715	(358, 173)	'语'	1722
1716	(403, 158)	'州'	1723
1717	(117, 293)	'ual'	1724
1718	(345, 267)	'ower'	1725
1719	(263, 348)	'read'	1726
1720	(563, 129)	'省'	1727
1721	(291, 446)	' dif'	1728
1722	(525, 178)	'防'	1729
1723	(323, 176)	'र'	1730
1724	(843, 190)	'难'	1731
1725	(291, 328)	' day'	1732
1726	(413, 159)	'速'	1733
1727	(351, 176)	'买'	1734
1728	(490, 924)	' New'	1735
1729	(406, 322)	'illion'	1736
1730	(97, 106)	'aj'	1737
1731	(619, 357)	'现在'	1738
1732	(309, 155)	'创'	1739
1733	(313, 185)	'容'	1740
1734	(289, 112)	' op'	1741
1735	(537, 128)	'ी'	1742
1736	(829, 746)	' around'	1743
1737	(260, 148)	'且'	1744
1738	(110, 121)	'ny'	1745
1739	(407, 175)	'环'	1746
1740	(305, 1084)	' look'	1747
1741	(470, 101)	' We'	1748
1742	(352, 285)	'ames'	1749
1743	(278, 288)	' car'	1750
1744	(409, 963)	' while'	1751
1745	(349, 154)	'博'	1752
1746	(1269, 174)	'确'	1753
1747	(358, 149)	'试'	1754
1748	(301, 287)	'ased'	1755
1749	(225, 140)	b'\xe1\x8c'	1756
1750	(343, 118)	' ev'	1757
1751	(792, 153)	'留'	1758
1752	(232, 173)	b'\xe8\xad'	1759
1753	(87, 101)	'We'	1760
1754	(313, 131)	'它'	1761
1755	(472, 57)	' 19'	1762
1756	(291, 105)	' di'	1763
1757	(319, 149)	'何'	1764
1758	(302, 141)	'复'	1765
1759	(440, 129)	'见'	1766
1760	(579, 534)	'学生'	1767
1761	(209, 139)	'ы'	1768
1762	(229, 153)	b'\xe5\x99'	1769
1763	(118, 287)	'ved'	1770
1764	(417, 370)	' But'	1771
1765	(108, 505)	'land'	1772
1766	(735, 139)	b' \xe1\x8b'	1773
1767	(606, 190)	'ા'	1774
1768	(346, 108)	' bel'	1775
1769	(231, 170)	b'\xe7\xaa'	1776
1770	(267, 116)	'ert'	1777
1771	(421, 1353)	' week'	1778
1772	(111, 107)	'ok'	1779
1773	(909, 420)	'因为'	1780
1774	(871, 160)	'素'	1781
1775	(97, 324)	'ave'	1782
1776	(330, 104)	'oth'	1783
1777	(320, 543)	'lect'	1784
1778	(305, 330)	' lot'	1785
1779	(305, 97)	' la'	1786
1780	(670, 172)	'转'	1787
1781	(233, 190)	b'\xe9\xbe'	1788
1782	(1381, 529)	'银行'	1789
1783	(725, 190)	'社'	1790
1784	(278, 259)	' che'	1791
1785	(843, 143)	'随'	1792
1786	(434, 375)	' run'	1793
1787	(478, 334)	'ement'	1794
1788	(264, 676)	' same'	1795
1789	(112, 114)	'pr'	1796
1790	(268, 258)	' win'	1797
1791	(298, 128)	'什'	1798
1792	(457, 162)	'红'	1799
1793	(116, 265)	'ton'	1800
1794	(49, 56)	'18'	1801
1795	(932, 158)	'神'	1802
1796	(941, 273)	' You'	1803
1797	(293, 101)	'ale'	1804
1798	(368, 140)	'希'	1805
1799	(919, 121)	' many'	1806
1800	(291, 114)	' dr'	1807
1801	(274, 729)	'ange'	1808
1802	(382, 110)	'vern'	1809
1803	(344, 158)	'办'	1810
1804	(84, 815)	'That'	1811
1805	(280, 148)	'五'	1812
1806	(115, 104)	'sh'	1813
1807	(508, 175)	' د'	1814
1808	(340, 183)	'男'	1815
1809	(302, 177)	'失'	1816
1810	(343, 288)	' ear'	1817
1811	(344, 169)	'助'	1818
1812	(515, 283)	'thing'	1819
1813	(620, 695)	'方面'	1820
1814	(558, 151)	'林'	1821
1815	(709, 467)	'同时'	1822
1816	(32, 57)	' 9'	1823
1817	(440, 146)	'角'	1824
1818	(380, 152)	'存'	1825
1819	(233, 165)	b'\xe9\xa5'	1826
1820	(578, 1154)	'resident'	1827
1821	(566, 190)	'া'	1828
1822	(112, 276)	'por'	1829
1823	(724, 1412)	'ublic'	1830
1824	(376, 108)	' Al'	1831
1825	(503, 704)	'ан'	1832
1826	(440, 137)	'觉'	1833
1827	(264, 724)	' sub'	1834
1828	(289, 1490)	' own'	1835
1829	(264, 332)	' set'	1836
1830	(112, 104)	'ph'	1837
1831	(99, 334)	'cent'	1838
1832	(342, 153)	'料'	1839
1833	(723, 168)	'涨'	1840
1834	(1301, 321)	' against'	1841
1835	(229, 161)	b'\xe5\xa1'	1842
1836	(264, 861)	' says'	1843
1837	(337, 180)	'维'	1844
1838	(119, 630)	'ward'	1845
1839	(867, 144)	'某'	1846
1840	(316, 1126)	' great'	1847
1841	(439, 140)	'牌'	1848
1842	(577, 150)	'策'	1849
1843	(48, 46)	'0.'	1850
1844	(412, 156)	'府'	1851
1845	(1641, 1082)	' something'	1852
1846	(333, 108)	' rel'	1853
1847	(711, 138)	'越'	1854
1848	(541, 146)	'排'	1855
1849	(354, 104)	' Sh'	1856
1850	(274, 110)	'ann'	1857
1851	(1110, 427)	'今年'	1858
1852	(1232, 526)	' feel'	1859
1853	(266, 379)	' these'	1860
1854	(447, 175)	'积'	1861
1855	(618, 165)	'ụ'	1862
1856	(358, 132)	'评'	1863
1857	(646, 119)	'iew'	1864
1858	(915, 177)	'花'	1865
1859	(657, 1585)	'开始'	1866
1860	(105, 121)	'iy'	1867
1861	(1563, 167)	'照'	1868
1862	(373, 285)	'imes'	1869
1863	(677, 348)	' lead'	1870
1864	(411, 115)	'ters'	1871
1865	(431, 1245)	'chool'	1872
1866	(230, 146)	b'\xe6\x92'	1873
1867	(394, 138)	'益'	1874
1868	(297, 475)	' high'	1875
1869	(419, 492)	'国家'	1876
1870	(101, 102)	'ef'	1877
1871	(525, 191)	'阿'	1878
1872	(517, 382)	' never'	1879
1873	(898, 182)	'究'	1880
1874	(372, 161)	'条'	1881
1875	(275, 115)	'its'	1882
1876	(278, 1219)	' count'	1883
1877	(400, 579)	'大学'	1884
1878	(288, 431)	'arch'	1885
1879	(119, 97)	'wa'	1886
1880	(560, 285)	'akes'	1887
1881	(1569, 515)	' month'	1888
1882	(389, 149)	'引'	1889
1883	(739, 175)	'景'	1890
1884	(49, 54)	'16'	1891
1885	(1004, 141)	'్'	1892
1886	(1202, 411)	' better'	1893
1887	(1227, 420)	'认为'	1894
1888	(1762, 168)	'器'	1895
1889	(1045, 737)	" didn't"	1896
1890	(679, 153)	'站'	1897
1891	(333, 984)	' report'	1898
1892	(303, 1009)	' three'	1899
1893	(448, 185)	'根'	1900
1894	(264, 678)	' sure'	1901
1895	(1499, 188)	'楼'	1902
1896	(1583, 144)	'源'	1903
1897	(118, 285)	'ves'	1904
1898	(648, 178)	'育'	1905
1899	(1308, 1456)	'世界'	1906
1900	(229, 132)	b'\xe5\x84'	1907
1901	(1022, 149)	'ን'	1908
1902	(264, 398)	' sur'	1909
1903	(449, 144)	'限'	1910
1904	(264, 1540)	' since'	1911
1905	(647, 151)	'罗'	1912
1906	(339, 133)	'幅'	1913
1907	(558, 132)	'构'	1914
1908	(49, 52)	'14'	1915
1909	(115, 265)	'son'	1916
1910	(101, 101)	'ee'	1917
1911	(1033, 165)	'营'	1918
1912	(465, 129)	'态'	1919
1913	(333, 116)	' ret'	1920
1914	(45, 45)	'--'	1921
1915	(1159, 135)	'ে'	1922
1916	(449, 141)	'降'	1923
1917	(277, 369)	' big'	1924
1918	(274, 682)	'anks'	1925
1919	(1178, 281)	'This'	1926
1920	(1374, 1092)	' second'	1927
1921	(631, 153)	'候'	1928
1922	(308, 115)	'ics'	1929
1923	(700, 929)	'比赛'	1930
1924	(273, 379)	'ouse'	1931
1925	(195, 160)	'à'	1932
1926	(647, 174)	'置'	1933
1927	(107, 97)	'ka'	1934
1928	(1668, 323)	b'\xe0\xa4\xbf\xe0\xa4'	1935
1929	(101, 856)	'eah'	1936
1930	(510, 114)	' Fr'	1937
1931	(309, 146)	'划'	1938
1932	(291, 1550)	' during'	1939
1933	(231, 175)	b'\xe7\xaf'	1940
1934	(256, 267)	' ter'	1941
1935	(410, 155)	'军'	1942
1936	(508, 168)	' ب'	1943
1937	(32, 334)	' ent'	1944
1938	(1688, 430)	b'\xe1\x80\xba\xe1\x80'	1945
1939	(288, 97)	'ara'	1946
1940	(813, 308)	' offic'	1947
1941	(403, 180)	'巴'	1948
1942	(32, 430)	b' \xe1\x80'	1949
1943	(119, 861)	'ways'	1950
1944	(271, 116)	'att'	1951
1945	(1272, 1080)	'非常'	1952
1946	(974, 320)	'ible'	1953
1947	(384, 187)	'击'	1954
1948	(692, 191)	'便'	1955
1949	(350, 336)	'是一'	1956
1950	(102, 528)	'ful'	1957
1951	(1026, 189)	'白'	1958
1952	(110, 267)	'ner'	1959
1953	(259, 115)	'hes'	1960
1954	(98, 114)	'br'	1961
1955	(446, 308)	'ific'	1962
1956	(558, 129)	'极'	1963
1957	(46, 83)	'.S'	1964
1958	(698, 138)	'්'	1965
1959	(231, 140)	b'\xe7\x8c'	1966
1960	(480, 608)	'riend'	1967
1961	(282, 752)	' find'	1968
1962	(449, 164)	'除'	1969
1963	(478, 896)	'ember'	1970
1964	(483, 180)	'致'	1971
1965	(335, 162)	'团'	1972
1966	(571, 420)	'成为'	1973
1967	(1262, 132)	'摄'	1974
1968	(1136, 954)	'设计'	1975
1969	(1520, 102)	'self'	1976
1970	(400, 272)	'大的'	1977
1971	(372, 131)	'权'	1978
1972	(1791, 1174)	'什么'	1979
1973	(1458, 1395)	' Trump'	1980
1974	(706, 662)	'美元'	1981
1975	(264, 108)	' sl'	1982
1976	(487, 139)	'测'	1983
1977	(1039, 367)	" It's"	1984
1978	(363, 151)	'众'	1985
1979	(284, 370)	' put'	1986
1980	(423, 115)	'uss'	1987
1981	(1631, 128)	'言'	1988
1982	(332, 115)	'ets'	1989
1983	(878, 1714)	'情况'	1990
1984	(844, 1012)	'价格'	1991
1985	(232, 158)	b'\xe8\x9e'	1992
1986	(337, 136)	'终'	1993
1987	(116, 997)	'tty'	1994
1988	(741, 350)	'还是'	1995
1989	(1029, 112)	' resp'	1996
1990	(511, 1282)	' season'	1997
1991	(50, 46)	'2.'	1998
1992	(277, 485)	' best'	1999
1993	(888, 336)	'第一'	2000
1994	(49, 51)	'13'	2001
1995	(451, 158)	'属'	2002
1996	(256, 293)	' tal'	2003
1997	(524, 134)	'历'	2004
1998	(309, 151)	'列'	2005
1999	(1399, 485)	' invest'	2006
2000	(208, 183)	'з'	2007
2001	(282, 352)	' fam'	2008
2002	(300, 115)	' ins'	2009
2003	(297, 600)	' home'	2010
2004	(284, 1644)	' person'	2011
2005	(286, 1564)	' market'	2012
2006	(466, 48)	' 20'	2013
2007	(372, 142)	'李'	2014
2008	(1900, 191)	'儿'	2015
2009	(468, 972)	'以及'	2016
2010	(893, 129)	'码'	2017
2011	(887, 952)	'电影'	2018
2012	(333, 348)	' read'	2019
2013	(602, 209)	b'\xd0\xb8\xd1'	2020
2014	(32, 122)	' z'	2021
2015	(935, 653)	'通过'	2022
2016	(645, 178)	'洲'	2023
2017	(371, 1104)	" you're"	2024
2018	(286, 287)	' med'	2025
2019	(1505, 181)	'段'	2026
2020	(225, 141)	b'\xe1\x8d'	2027
2021	(462, 1088)	'这样'	2028
2022	(1509, 492)	'玩家'	2029
2023	(629, 190)	'ਾ'	2030
2024	(279, 267)	'ener'	2031
2025	(308, 285)	'ices'	2032
2026	(366, 367)	" that's"	2033
2027	(1752, 166)	'警'	2034
2028	(105, 267)	'ier'	2035
2029	(783, 350)	'但是'	2036
2030	(522, 331)	'ably'	2037
2031	(333, 293)	' real'	2038
2032	(230, 133)	b'\xe6\x85'	2039
2033	(1125, 721)	'活动'	2040
2034	(575, 141)	'响'	2041
2035	(299, 176)	'兰'	2042
2036	(516, 133)	'必'	2043
2037	(707, 159)	'江'	2044
2038	(195, 188)	'ü'	2045
2039	(356, 815)	' That'	2046
2040	(268, 97)	' wa'	2047
2041	(559, 100)	' prod'	2048
2042	(449, 169)	'险'	2049
2043	(793, 148)	'委'	2050
2044	(343, 108)	' el'	2051
2045	(121, 321)	'yst'	2052
2046	(388, 128)	'往'	2053
2047	(643, 115)	'ments'	2054
2048	(1197, 367)	"It's"	2055
2049	(521, 568)	'对于'	2056
2050	(232, 143)	b'\xe8\x8f'	2057
2051	(306, 139)	'國'	2058
2052	(702, 136)	' و'	2059
2053	(995, 1844)	'政府'	2060
2054	(1090, 308)	'meric'	2061
2055	(360, 184)	'许'	2062
2056	(631, 186)	'债'	2063
2057	(1721, 1191)	' diffe'	2064
2058	(277, 423)	' bus'	2065
2059	(194, 183)	'·'	2066
2060	(32, 235)	b' \xeb'	2067
2061	(103, 274)	'gan'	2068
2062	(1500, 161)	'象'	2069
2063	(99, 574)	'cess'	2070
2064	(372, 144)	'材'	2071
2065	(432, 187)	'医'	2072
2066	(336, 1006)	'一些'	2073
2067	(342, 173)	'断'	2074
2068	(105, 287)	'ied'	2075
2069	(305, 1081)	' love'	2076
2070	(108, 287)	'led'	2077
2071	(271, 484)	'ather'	2078
2072	(1985, 141)	'融'	2079
2073	(449, 136)	'陈'	2080
2074	(1345, 555)	'需要'	2081
2075	(559, 118)	' prov'	2082
2076	(1214, 744)	'管理'	2083
2077	(948, 543)	'irect'	2084
2078	(256, 480)	' tri'	2085
2079	(271, 637)	'ative'	2086
2080	(384, 143)	'减'	2087
2081	(303, 283)	' thing'	2088
2082	(1767, 606)	b'\xe0\xaa\xbe\xe0\xaa'	2089
2083	(644, 190)	'曾'	2090
2084	(405, 140)	'富'	2091
2085	(566, 176)	'র'	2092
2086	(386, 350)	'不是'	2093
2087	(539, 694)	'地产'	2094
2088	(495, 396)	'到了'	2095
2089	(528, 288)	'ular'	2096
2090	(828, 576)	'很多'	2097
2091	(476, 169)	'择'	2098
2092	(229, 160)	b'\xe5\xa0'	2099
2093	(730, 390)	'其中'	2100
2094	(258, 97)	'ina'	2101
2095	(216, 168)	'ب'	2102
2096	(376, 114)	' Ar'	2103
2097	(345, 115)	'ows'	2104
2098	(233, 173)	b'\xe9\xad'	2105
2099	(288, 109)	'arm'	2106
2100	(278, 398)	' cur'	2107
2101	(928, 1831)	' percent'	2108
2102	(294, 110)	' ann'	2109
2103	(50, 53)	'25'	2110
2104	(104, 97)	'ha'	2111
2105	(469, 191)	' п'	2112
2106	(418, 636)	'ility'	2113
2107	(419, 1535)	'国际'	2114
2108	(618, 139)	'ị'	2115
2109	(310, 109)	'omm'	2116
2110	(422, 162)	'财'	2117
2111	(569, 187)	'治'	2118
2112	(385, 673)	' stud'	2119
2113	(409, 121)	' why'	2120
2114	(280, 137)	'争'	2121
2115	(401, 151)	'套'	2122
2116	(1666, 1873)	'研究'	2123
2117	(209, 150)	'і'	2124
2118	(708, 557)	'部分'	2125
2119	(1097, 780)	'增长'	2126
2120	(537, 139)	'ो'	2127
2121	(664, 1802)	' govern'	2128
2122	(297, 505)	' hand'	2129
2123	(296, 166)	'另'	2130
2124	(859, 159)	'食'	2131
2125	(296, 178)	'史'	2132
2126	(697, 287)	'ected'	2133
2127	(476, 191)	'拿'	2134
2128	(278, 548)	' cour'	2135
2129	(10001, 151)	'算'	2136
2130	(613, 121)	' They'	2137
2131	(236, 157)	b'\xec\x9d'	2138
2132	(487, 170)	'浪'	2139
2133	(625, 175)	'港'	2140
2134	(1366, 140)	'验'	2141
2135	(661, 479)	" can't"	2142
2136	(655, 555)	'主要'	2143
2137	(111, 120)	'ox'	2144
2138	(342, 189)	'施'	2145
2139	(517, 1534)	' next'	2146
2140	(401, 135)	'奇'	2147
2141	(627, 903)	'ان'	2148
2142	(49, 55)	'17'	2149
2143	(349, 180)	'却'	2150
2144	(486, 619)	'出现'	2151
2145	(101, 382)	'ever'	2152
2146	(429, 149)	'录'	2153
2147	(258, 574)	'iness'	2154
2148	(370, 101)	'ute'	2155
2149	(117, 757)	'uff'	2156
2150	(99, 107)	'ck'	2157
2151	(1437, 835)	'项目'	2158
2152	(32, 946)	' с'	2159
2153	(323, 168)	'न'	2160
2154	(302, 159)	'够'	2161
2155	(381, 348)	' head'	2162
2156	(272, 350)	'的是'	2163
2157	(1407, 161)	'满'	2164
2158	(471, 178)	'า'	2165
2159	(108, 759)	'line'	2166
2160	(337, 169)	'绩'	2167
2161	(1218, 156)	'喜'	2168
2162	(470, 104)	' Wh'	2169
2163	(482, 189)	'命'	2170
2164	(114, 308)	'ric'	2171
2165	(293, 515)	'alth'	2172
2166	(97, 105)	'ai'	2173
2167	(1020, 1987)	' pretty'	2174
2168	(469, 186)	' к'	2175
2169	(529, 553)	'行业'	2176
2170	(276, 107)	'ork'	2177
2171	(514, 102)	' conf'	2178
2172	(685, 374)	' world'	2179
2173	(1155, 2091)	'选择'	2180
2174	(462, 1006)	'这些'	2181
2175	(56, 48)	'80'	2182
2176	(300, 321)	' inst'	2183
2177	(103, 332)	'get'	2184
2178	(503, 747)	'ар'	2185
2179	(397, 933)	'人民'	2186
2180	(561, 185)	'边'	2187
2181	(277, 1776)	' both'	2188
2182	(274, 527)	'ants'	2189
2183	(278, 320)	' cle'	2190
2184	(231, 147)	b'\xe7\x93'	2191
2185	(413, 130)	'适'	2192
2186	(276, 515)	'orth'	2193
2187	(208, 177)	'б'	2194
2188	(1033, 189)	'落'	2195
2189	(450, 969)	'olog'	2196
2190	(496, 101)	' Re'	2197
2191	(279, 379)	'ense'	2198
2192	(229, 130)	b'\xe5\x82'	2199
2193	(547, 157)	'额'	2200
2194	(512, 101)	' come'	2201
2195	(110, 97)	'na'	2202
2196	(412, 149)	'底'	2203
2197	(646, 374)	'ield'	2204
2198	(10005, 109)	"I'm"	2205
2199	(534, 1125)	'生活'	2206
2200	(1781, 153)	'龙'	2207
2201	(219, 146)	'ے'	2208
2202	(735, 137)	b' \xe1\x89'	2209
2203	(282, 924)	' few'	2210
2204	(345, 283)	'owing'	2211
2205	(380, 151)	'字'	2212
2206	(298, 141)	'仍'	2213
2207	(1885, 570)	b'\xe0\xb1\x8d\xe0\xb0'	2214
2208	(292, 374)	' told'	2215
2209	(1124, 931)	' ال'	2216
2210	(391, 265)	' Mon'	2217
2211	(1133, 177)	'钱'	2219
2212	(297, 489)	' hop'	2220
2213	(316, 108)	' gl'	2221
2214	(117, 578)	'ures'	2222
2215	(480, 98)	'rib'	2223
2216	(582, 1943)	' always'	2224
2217	(318, 102)	' If'	2225
2218	(264, 983)	' such'	2226
2219	(1330, 737)	" doesn't"	2227
2220	(323, 149)	'क'	2228
2221	(232, 145)	b'\xe8\x91'	2229
2222	(467, 1921)	'时候'	2230
2223	(1479, 320)	'ittle'	2231
2224	(739, 174)	'普'	2232
2225	(330, 116)	'ott'	2233
2226	(923, 287)	' used'	2234
2227	(580, 191)	'ி'	2235
2228	(208, 185)	'й'	2236
2229	(719, 121)	'ody'	2237
2230	(348, 97)	'ada'	2238
2231	(590, 350)	'也是'	2239
2232	(264, 1101)	' sign'	2240
2233	(1026, 190)	'百'	2241
2234	(570, 191)	'ి'	2242
2235	(1203, 279)	'ween'	2243
2236	(109, 115)	'ms'	2244
2237	(1343, 766)	' keep'	2245
2238	(1165, 1492)	' actually'	2246
2239	(376, 2054)	' Americ'	2247
2240	(330, 101)	'ote'	2248
2241	(351, 166)	'书'	2249
2242	(274, 97)	'ana'	2250
2243	(805, 131)	'境'	2251
2244	(258, 115)	'ins'	2252
2245	(275, 293)	'ital'	2253
2246	(698, 146)	'ි'	2254
2247	(355, 115)	' iss'	2255
2248	(87, 815)	'What'	2256
2249	(117, 107)	'uk'	2257
2250	(33, 33)	'!!'	2258
2251	(1036, 281)	' This'	2259
2252	(97, 728)	'ared'	2260
2253	(101, 120)	'ex'	2261
2254	(425, 104)	'outh'	2262
2255	(589, 149)	' क'	2263
2256	(383, 100)	'ird'	2264
2257	(219, 129)	'ہ'	2265
2258	(1594, 116)	' point'	2266
2259	(376, 110)	' An'	2267
2260	(422, 167)	'货'	2268
2261	(260, 190)	'举'	2269
2262	(368, 129)	'币'	2270
2263	(952, 2034)	'影响'	2271
2264	(10003, 55)	' 2017'	2272
2265	(68, 65)	'DA'	2273
2266	(282, 746)	' found'	2274
2267	(263, 109)	'rem'	2275
2268	(232, 170)	b'\xe8\xaa'	2276
2269	(313, 152)	'官'	2277
2270	(104, 801)	'hip'	2278
2271	(305, 1109)	' law'	2279
2272	(219, 144)	'ې'	2280
2273	(278, 936)	' care'	2281
2274	(670, 187)	'轻'	2282
2275	(478, 115)	'ems'	2283
2276	(109, 287)	'med'	2284
2277	(267, 110)	'ern'	2285
2278	(343, 757)	' eff'	2286
2279	(337, 167)	'继'	2287
2280	(229, 169)	b'\xe5\xa9'	2288
2281	(1127, 99)	' disc'	2289
2282	(327, 97)	' ya'	2290
2283	(292, 112)	' top'	2291
2284	(276, 110)	'orn'	2292
2285	(289, 98)	' ob'	2293
2286	(288, 105)	'ari'	2294
2287	(1283, 187)	'离'	2295
2288	(309, 184)	'券'	2296
2289	(87, 104)	'Wh'	2297
2290	(531, 101)	' Le'	2298
2291	(309, 135)	'切'	2299
2292	(271, 97)	'ata'	2300
2293	(570, 190)	'ా'	2301
2294	(297, 630)	' hard'	2302
2295	(857, 1410)	' company'	2303
2296	(864, 181)	'ት'	2304
2297	(286, 1144)	' mov'	2305
2298	(278, 334)	' cent'	2306
2299	(412, 167)	'座'	2307
2300	(309, 157)	'初'	2308
2301	(197, 159)	'ş'	2309
2302	(294, 1418)	' another'	2310
2303	(282, 548)	' four'	2311
2304	(306, 159)	'土'	2312
2305	(885, 153)	'香'	2313
2306	(1589, 182)	'状'	2314
2307	(1202, 2235)	' between'	2315
2308	(879, 129)	'ு'	2316
2309	(277, 348)	' bad'	2317
2310	(303, 1243)	' things'	2318
2311	(341, 169)	'早'	2319
2312	(1050, 283)	'ording'	2320
2313	(385, 271)	' stat'	2321
2314	(73, 102)	'If'	2322
2315	(305, 638)	' loc'	2323
2316	(39, 312)	"'ll"	2324
2317	(318, 858)	' Ind'	2325
2318	(272, 397)	'的人'	2326
2319	(800, 468)	'所以'	2327
2320	(51, 46)	'3.'	2328
2321	(713, 402)	' spec'	2329
2322	(1215, 132)	'黄'	2330
2323	(264, 1865)	' school'	2331
2324	(476, 155)	'招'	2332
2325	(1051, 135)	'ે'	2333
2326	(349, 171)	'卫'	2334
2327	(288, 115)	'ars'	2335
2328	(291, 480)	' dri'	2336
2329	(513, 162)	'波'	2337
2330	(1093, 568)	'由于'	2338
2331	(286, 478)	' mem'	2339
2332	(503, 209)	b'\xd0\xb0\xd1'	2340
2333	(498, 159)	'域'	2341
2334	(386, 653)	'不过'	2342
2335	(1260, 189)	'虽'	2343
2336	(1734, 279)	' open'	2344
2337	(10002, 324)	" I've"	2345
2338	(313, 157)	'宝'	2346
2339	(318, 115)	' Is'	2347
2340	(365, 1576)	'ross'	2348
2341	(871, 162)	'索'	2349
2342	(208, 191)	'п'	2350
2343	(278, 1074)	' coll'	2351
2344	(657, 545)	'开发'	2352
2345	(525, 179)	'阳'	2353
2346	(660, 420)	'作为'	2354
2347	(302, 174)	'央'	2355
2348	(833, 140)	'职'	2356
2349	(305, 1655)	' life'	2357
2350	(97, 117)	'au'	2358
2351	(230, 189)	b'\xe6\xbd'	2359
2352	(278, 651)	' cap'	2360
2353	(677, 103)	' leg'	2361
2354	(1236, 665)	'使用'	2362
2355	(492, 1147)	'家具'	2363
2356	(230, 147)	b'\xe6\x93'	2364
2357	(692, 139)	'例'	2365
2358	(592, 116)	' ext'	2366
2359	(1768, 646)	' belie'	2367
2360	(385, 519)	' state'	2368
2361	(838, 1003)	'数据'	2369
2362	(230, 191)	b'\xe6\xbf'	2370
2363	(690, 121)	'oney'	2371
2364	(314, 499)	' num'	2372
2365	(116, 116)	'tt'	2373
2366	(401, 165)	'奥'	2374
2367	(541, 167)	'控'	2375
2368	(46, 1669)	'.com'	2376
2369	(2227, 580)	b'\xe0\xae\xbf\xe0\xae'	2377
2370	(451, 130)	'层'	2378
2371	(282, 1960)	' friend'	2379
2372	(298, 139)	'介'	2380
2373	(2158, 471)	b'\xe0\xb8\xb2\xe0\xb8'	2381
2374	(309, 154)	'刚'	2382
2375	(692, 157)	'依'	2383
2376	(302, 171)	'夫'	2384
2377	(825, 555)	'重要'	2385
2378	(639, 274)	' mean'	2386
2379	(993, 57)	'2009'	2387
2380	(54, 48)	'60'	2388
2381	(281, 322)	'ision'	2389
2382	(108, 574)	'less'	2390
2383	(320, 1054)	'lease'	2391
2384	(352, 97)	'ama'	2392
2385	(281, 527)	'ists'	2393
2386	(1363, 185)	'ẹ'	2394
2387	(340, 179)	'申'	2395
2388	(390, 272)	'中的'	2396
2389	(98, 2030)	'bably'	2397
2390	(422, 163)	'责'	2398
2391	(277, 275)	' bit'	2399
2392	(267, 105)	'eri'	2400
2393	(311, 156)	'远'	2401
2394	(351, 160)	'习'	2402
2395	(50, 52)	'24'	2403
2396	(32, 90)	' Z'	2404
2397	(469, 177)	' б'	2405
2398	(286, 612)	' might'	2406
2399	(870, 173)	'短'	2407
2400	(319, 179)	'佳'	2408
2401	(1058, 1370)	'信息'	2409
2402	(305, 2223)	' little'	2410
2403	(329, 189)	'尽'	2411
2404	(1283, 143)	'福'	2412
2405	(100, 100)	'dd'	2413
2406	(545, 619)	'发现'	2414
2407	(445, 187)	'攻'	2415
2408	(229, 170)	b'\xe5\xaa'	2416
2409	(349, 143)	'协'	2417
2410	(118, 691)	'vice'	2418
2411	(363, 164)	'伤'	2419
2412	(282, 1074)	' foll'	2420
2413	(507, 162)	'欢'	2421
2414	(718, 140)	'跌'	2422
2415	(101, 728)	'ered'	2423
2416	(1226, 272)	'自己的'	2424
2417	(979, 1575)	' group'	2425
2418	(870, 179)	'石'	2426
2419	(286, 719)	' mod'	2427
2420	(500, 99)	'ounc'	2428
2421	(1356, 1257)	'消费'	2429
2422	(317, 166)	'否'	2430
2423	(397, 272)	'人的'	2431
2424	(286, 1729)	' million'	2432
2425	(1522, 667)	'获得'	2433
2426	(109, 258)	'min'	2434
2427	(1693, 131)	'范'	2435
2428	(821, 179)	'稳'	2436
2429	(32, 287)	' ed'	2437
2430	(412, 183)	'康'	2438
2431	(387, 190)	'找'	2439
2432	(305, 332)	' let'	2440
2433	(995, 1842)	'政策'	2441
2434	(257, 370)	' aut'	2442
2435	(291, 2077)	' direct'	2443
2436	(1719, 121)	'ready'	2444
2437	(457, 179)	'纳'	2445
2438	(284, 328)	' pay'	2446
2439	(947, 1643)	'提供'	2447
2440	(1251, 489)	'velop'	2448
2441	(442, 406)	' kill'	2449
2442	(1769, 129)	'突'	2450
2443	(1933, 174)	'篮'	2451
2444	(32, 117)	' u'	2452
2445	(300, 411)	' inter'	2453
2446	(394, 145)	'监'	2454
2447	(551, 137)	'按'	2455
2448	(284, 1019)	' pass'	2456
2449	(669, 186)	'為'	2457
2450	(121, 609)	'year'	2458
2451	(360, 175)	'讯'	2459
2452	(1683, 279)	' happen'	2460
2453	(380, 169)	'孩'	2461
2454	(257, 118)	' av'	2462
2455	(611, 956)	' place'	2463
2456	(596, 1263)	' child'	2464
2457	(279, 103)	'eng'	2465
2458	(670, 174)	'轮'	2466
2459	(1439, 662)	'亿元'	2467
2460	(632, 818)	' trans'	2468
2461	(349, 160)	'占'	2469
2462	(259, 263)	'here'	2470
2463	(45, 116)	'-t'	2471
2464	(442, 752)	' kind'	2472
2465	(375, 100)	'und'	2473
2466	(299, 180)	'兴'	2474
2467	(1333, 981)	'显示'	2475
2468	(110, 285)	'nes'	2476
2469	(39, 324)	"'ve"	2477
2470	(316, 637)	' give'	2478
2471	(79, 78)	'ON'	2479
2472	(264, 107)	' sk'	2480
2473	(274, 101)	'ane'	2481
2474	(1005, 258)	' contin'	2482
2475	(49, 424)	'100'	2483
2476	(386, 709)	'不同'	2484
2477	(413, 129)	'送'	2485
2478	(627, 216)	b'\xd8\xa7\xd8'	2486
2479	(715, 587)	'之后'	2487
2480	(258, 285)	'ines'	2488
2481	(264, 373)	' sim'	2489
2482	(289, 374)	' old'	2490
2483	(286, 1311)	' miss'	2491
2484	(342, 188)	'於'	2492
2485	(726, 350)	'都是'	2493
2486	(743, 1957)	' U.S'	2494
2487	(335, 180)	'围'	2495
2488	(291, 332)	' det'	2496
2489	(280, 178)	'亲'	2497
2490	(803, 619)	'表现'	2498
2491	(115, 99)	'sc'	2499
2492	(296, 164)	'古'	2500
2493	(107, 287)	'ked'	2501
2494	(1469, 965)	'支持'	2502
2495	(338, 166)	'…'	2503
2496	(231, 191)	b'\xe7\xbf'	2504
2497	(2121, 643)	' government'	2505
2498	(121, 110)	'yn'	2507
2499	(874, 485)	' quest'	2508
2500	(1299, 116)	' thought'	2509
2501	(66, 370)	'But'	2510
2502	(271, 115)	'ats'	2511
2503	(1044, 103)	'ugg'	2513
2504	(730, 564)	'其他'	2514
2505	(412, 151)	'店'	2515
2506	(10003, 56)	' 2018'	2516
2507	(278, 276)	' cor'	2517
2508	(549, 174)	'修'	2518
2509	(105, 581)	'ially'	2519
2510	(32, 324)	' ve'	2520
2511	(231, 162)	b'\xe7\xa2'	2521
2512	(563, 188)	'眼'	2522
2513	(1328, 984)	' support'	2523
2514	(554, 112)	' dep'	2524
2515	(2057, 1346)	' different'	2525
2516	(109, 109)	'mm'	2526
2517	(233, 178)	b'\xe9\xb2'	2527
2518	(743, 83)	' US'	2528
2519	(286, 326)	' mid'	2529
2520	(454, 166)	'武'	2530
2521	(2023, 629)	b'\xe0\xa8\xbe\xe0\xa8'	2531
2522	(195, 161)	'á'	2532
2523	(299, 133)	'充'	2533
2524	(275, 283)	'iting'	2534
2525	(105, 1314)	'ivers'	2535
2526	(322, 293)	'ional'	2536
2527	(403, 174)	'差'	2537
2528	(462, 336)	'这一'	2538
2529	(360, 191)	'访'	2539
2530	(1523, 179)	'音'	2540
2531	(291, 478)	' dem'	2541
2532	(520, 272)	'来的'	2542
2533	(231, 134)	b'\xe7\x86'	2543
2534	(333, 112)	' rep'	2544
2535	(677, 1426)	' left'	2545
2536	(99, 265)	'con'	2546
2537	(582, 2436)	' already'	2547
2538	(313, 164)	'室'	2548
2539	(1004, 129)	'ు'	2549
2540	(718, 159)	'跟'	2550
2541	(52, 48)	'40'	2551
2542	(337, 134)	'细'	2552
2543	(1642, 133)	'病'	2553
2544	(509, 167)	'剧'	2554
2545	(476, 172)	'括'	2555
2546	(273, 100)	'oud'	2556
2547	(700, 1309)	'比较'	2557
2548	(375, 636)	'unity'	2558
2549	(396, 336)	'了一'	2559
2550	(822, 101)	' inte'	2560
2551	(776, 272)	'好的'	2561
2552	(436, 104)	' Ph'	2562
2553	(727, 900)	'球队'	2563
2554	(377, 108)	' Cl'	2564
2555	(32, 196)	b' \xc4'	2565
2556	(433, 1122)	'cept'	2566
2557	(323, 130)	'ं'	2567
2558	(308, 581)	'ically'	2568
2559	(2335, 914)	'虽然'	2569
2560	(760, 1087)	' getting'	2570
2561	(281, 109)	'ism'	2571
2562	(524, 139)	'压'	2572
2563	(2058, 2147)	' business'	2573
2564	(518, 745)	'能力'	2574
2565	(958, 32)	'\xa0 '	2576
2566	(50, 51)	'23'	2577
2567	(116, 287)	'ted'	2578
2568	(108, 283)	'ling'	2579
2569	(540, 666)	'日本'	2580
2570	(888, 1153)	'第二'	2581
2571	(69, 82)	'ER'	2582
2572	(333, 321)	' rest'	2583
2573	(555, 1390)	'要求'	2584
2574	(289, 591)	' opp'	2585
2575	(739, 154)	'晚'	2586
2576	(400, 492)	'大家'	2587
2577	(333, 102)	' ref'	2588
2578	(877, 690)	' someone'	2589
2579	(893, 180)	'破'	2590
2580	(391, 328)	' May'	2591
2581	(542, 114)	' Gr'	2592
2582	(316, 1742)	' games'	2593
2583	(282, 418)	' fil'	2594
2584	(119, 119)	'ww'	2595
2585	(1821, 566)	b'\xe0\xa6\xbe\xe0\xa6'	2596
2586	(1798, 1606)	'希望'	2597
2587	(329, 154)	'尚'	2598
2588	(284, 1823)	' public'	2599
2589	(195, 167)	'ç'	2600
2590	(106, 697)	'ject'	2601
2591	(73, 78)	'IN'	2602
2592	(466, 424)	' 200'	2603
2593	(615, 111)	' Jo'	2604
2594	(713, 101)	' spe'	2605
2595	(820, 1213)	'关注'	2606
2596	(938, 101)	'ize'	2607
2597	(390, 852)	'中心'	2608
2598	(2362, 128)	'激'	2609
2599	(257, 383)	' air'	2610
2600	(372, 145)	'村'	2611
2601	(1411, 1898)	'教育'	2612
2602	(415, 164)	'护'	2613
2603	(668, 116)	' unt'	2614
2604	(386, 506)	'不会'	2615
2605	(1369, 1369)	'——'	2616
2606	(754, 177)	'න'	2617
2607	(517, 288)	' near'	2618
2608	(1406, 691)	' police'	2619
2609	(32, 81)	' Q'	2620
2610	(293, 102)	'alf'	2621
2611	(291, 526)	' del'	2622
2612	(1595, 2545)	'包括'	2623
2613	(405, 134)	'密'	2624
2614	(558, 144)	'析'	2625
2615	(300, 1382)	' inform'	2626
2616	(617, 114)	'istr'	2627
2617	(284, 288)	' par'	2628
2618	(741, 378)	'还有'	2629
2619	(230, 190)	b'\xe6\xbe'	2630
2620	(1215, 145)	'黑'	2631
2621	(871, 167)	'紧'	2632
2622	(121, 101)	'ye'	2633
2623	(416, 425)	' without'	2634
2624	(98, 459)	'bers'	2635
2625	(773, 1841)	'品牌'	2636
2626	(376, 115)	' As'	2638
2627	(1018, 1431)	'交易'	2639
2628	(231, 145)	b'\xe7\x91'	2640
2629	(1549, 1607)	'销售'	2641
2630	(271, 398)	'atur'	2642
2631	(1515, 1555)	'技术'	2643
2632	(472, 53)	' 15'	2644
2633	(114, 293)	'ral'	2645
2634	(300, 102)	' inf'	2646
2635	(282, 1256)	' full'	2647
2636	(781, 166)	'焦'	2648
2637	(343, 382)	' ever'	2649
2638	(10006, 283)	' including'	2650
2639	(1491, 172)	'独'	2651
2640	(2293, 570)	b'\xe0\xb0\xbe\xe0\xb0'	2652
2641	(1396, 129)	'岁'	2653
2642	(281, 287)	'ised'	2654
2643	(315, 168)	'昨'	2655
2644	(284, 1554)	' poss'	2656
2645	(1876, 836)	' country'	2657
2646	(2550, 1711)	' interest'	2658
2647	(1582, 150)	'湖'	2659
2648	(99, 99)	'cc'	2660
2649	(547, 145)	'频'	2661
2650	(625, 169)	'温'	2662
2651	(602, 704)	'ин'	2663
2652	(462, 1047)	'这种'	2664
2653	(117, 365)	'uro'	2665
2654	(2210, 809)	' Monday'	2666
2655	(323, 164)	'त'	2667
2656	(230, 166)	b'\xe6\xa6'	2668
2657	(282, 288)	' far'	2669
2658	(314, 612)	' night'	2670
2659	(278, 263)	' cre'	2671
2660	(710, 704)	'ен'	2672
2661	(428, 272)	'上的'	2673
2662	(277, 263)	' bre'	2674
2663	(508, 170)	' ت'	2675
2664	(32, 734)	' ide'	2676
2665	(792, 165)	'略'	2677
2666	(566, 191)	'ি'	2678
2667	(57, 48)	'90'	2679
2668	(996, 176)	'声'	2680
2669	(336, 1388)	'一直'	2681
2670	(607, 2132)	'新浪'	2682
2671	(872, 576)	'更多'	2683
2672	(469, 189)	' н'	2684
2673	(101, 348)	'ead'	2685
2674	(351, 137)	'义'	2686
2675	(284, 480)	' pri'	2687
2676	(2408, 146)	'媒'	2688
2677	(372, 190)	'松'	2689
2678	(454, 187)	'死'	2690
2679	(105, 399)	'ike'	2691
2680	(349, 150)	'卖'	2692
2681	(476, 165)	'拥'	2693
2682	(78, 111)	'No'	2694
2683	(857, 320)	' comple'	2695
2684	(65, 84)	'AT'	2696
2685	(343, 1777)	' elect'	2697
2686	(624, 164)	'群'	2698
2687	(536, 287)	'osed'	2699
2688	(326, 267)	'ider'	2700
2689	(1598, 518)	'功能'	2701
2690	(677, 626)	' least'	2702
2691	(320, 121)	'ley'	2703
2692	(10001, 128)	'简'	2704
2693	(519, 331)	'ately'	2705
2694	(469, 180)	' д'	2706
2695	(286, 2363)	' money'	2707
2696	(849, 48)	' 30'	2708
2697	(330, 111)	'oto'	2709
2698	(457, 170)	'纪'	2710
2699	(397, 989)	'人员'	2711
2700	(336, 771)	'一定'	2712
2701	(256, 866)	' tell'	2713
2702	(264, 275)	' sit'	2714
2703	(354, 259)	' She'	2715
2704	(417, 108)	' Bl'	2716
2705	(282, 1009)	' free'	2717
2706	(334, 322)	'ention'	2718
2707	(430, 172)	'ာ'	2719
2708	(552, 283)	' doing'	2720
2709	(491, 1078)	' job'	2721
2710	(559, 2389)	' probably'	2722
2711	(105, 105)	'ii'	2723
2712	(50, 50)	'22'	2724
2713	(511, 279)	' seen'	2725
2714	(516, 151)	'志'	2726
2715	(1551, 1123)	'服务'	2727
2716	(89, 1929)	'Yeah'	2728
2717	(705, 433)	'rence'	2729
2718	(32, 218)	b' \xda'	2730
2719	(514, 99)	' conc'	2731
2720	(119, 328)	'way'	2732
2721	(469, 178)	' в'	2733
2722	(427, 272)	'年的'	2734
2723	(388, 174)	'微'	2735
2724	(476, 133)	'担'	2736
2725	(1424, 328)	' away'	2737
2726	(388, 133)	'待'	2738
2727	(291, 861)	' days'	2739
2728	(368, 173)	'席'	2740
2729	(337, 157)	'绝'	2741
2730	(569, 185)	'油'	2742
2731	(1264, 553)	'专业'	2743
2732	(899, 662)	'万元'	2744
2733	(763, 186)	'艺'	2745
2734	(1783, 506)	'社会'	2746
2735	(383, 108)	'irl'	2747
2736	(98, 621)	'ball'	2748
2737	(504, 275)	' shit'	2749
2738	(428, 1069)	'上海'	2750
2739	(569, 179)	'河'	2751
2740	(286, 271)	' mat'	2752
2741	(260, 165)	'严'	2753
2742	(46, 53)	'.5'	2754
2743	(732, 162)	'换'	2755
2744	(232, 146)	b'\xe8\x92'	2756
2745	(902, 675)	' enough'	2757
2746	(620, 1027)	'方式'	2758
2747	(1599, 129)	'威'	2759
2748	(472, 50)	' 12'	2760
2749	(256, 1481)	' turn'	2761
2750	(355, 737)	" isn't"	2762
2751	(475, 527)	'ights'	2763
2752	(305, 617)	' list'	2764
2753	(69, 83)	'ES'	2765
2754	(83, 116)	'St'	2766
2755	(323, 178)	'ल'	2767
2756	(354, 111)	' So'	2768
2757	(707, 135)	'汇'	2769
2758	(349, 136)	'午'	2770
2759	(32, 285)	' es'	2771
2760	(746, 115)	'ounds'	2772
2761	(777, 660)	'合作'	2773
2762	(288, 114)	'arr'	2774
2763	(299, 173)	'六'	2775
2764	(452, 452)	'....'	2776
2765	(393, 165)	'补'	2777
2766	(65, 858)	'And'	2778
2767	(349, 177)	'危'	2779
2768	(658, 156)	'镜'	2780
2769	(945, 108)	' expl'	2781
2770	(333, 583)	' requ'	2782
2771	(97, 591)	'app'	2783
2772	(679, 158)	'竞'	2784
2773	(365, 112)	'rop'	2785
2774	(2001, 1474)	' family'	2786
2775	(716, 913)	'进入'	2787
2776	(393, 163)	'衣'	2788
2777	(1143, 334)	' recent'	2789
2778	(111, 348)	'oad'	2790
2779	(702, 190)	' پ'	2791
2780	(229, 152)	b'\xe5\x98'	2792
2781	(1587, 173)	'搭'	2793
2782	(458, 285)	'ages'	2794
2783	(118, 1857)	'view'	2795
2784	(1398, 1263)	' build'	2796
2785	(385, 505)	' stand'	2797
2786	(335, 173)	'园'	2798
2787	(381, 367)	" he's"	2799
2788	(316, 2024)	' gener'	2800
2789	(105, 728)	'ired'	2801
2790	(387, 185)	'批'	2802
2791	(630, 115)	'ards'	2803
2792	(439, 136)	'版'	2804
2793	(282, 916)	' fact'	2805
2794	(99, 111)	'co'	2806
2795	(546, 281)	' vis'	2807
2796	(894, 1812)	' anything'	2808
2797	(493, 146)	'青'	2809
2798	(557, 2614)	'分析'	2810
2799	(596, 288)	' char'	2811
2800	(1608, 1967)	'拍摄'	2812
2801	(354, 112)	' Sp'	2813
2802	(232, 147)	b'\xe8\x93'	2814
2803	(105, 334)	'ient'	2815
2804	(1692, 819)	' looking'	2816
2805	(909, 865)	'因此'	2817
2806	(343, 301)	' eas'	2818
2807	(1656, 173)	'班'	2819
2808	(554, 2440)	' develop'	2820
2809	(403, 166)	'左'	2821
2810	(309, 152)	'刘'	2822
2811	(343, 1007)	' each'	2823
2812	(268, 265)	' won'	2824
2813	(391, 288)	' Mar'	2825
2814	(829, 116)	' art'	2826
2815	(386, 518)	'不能'	2827
2816	(377, 274)	' Can'	2828
2817	(430, 177)	'ေ'	2829
2818	(32, 485)	' est'	2830
2819	(717, 165)	'健'	2831
2820	(305, 574)	' less'	2832
2821	(1265, 597)	'城市'	2833
2822	(1035, 115)	' news'	2834
2823	(1095, 128)	'ੀ'	2835
2824	(439, 155)	'牛'	2836
2825	(419, 812)	'国内'	2837
2826	(396, 1284)	'了解'	2838
2827	(354, 375)	' Sun'	2839
2828	(447, 187)	'移'	2840
2829	(317, 172)	'听'	2841
2830	(45, 98)	'-b'	2842
2831	(1398, 121)	' buy'	2843
2832	(946, 769)	'ст'	2844
2833	(395, 148)	'赔'	2845
2834	(297, 548)	' hour'	2846
2835	(97, 757)	'aff'	2847
2836	(398, 115)	'urs'	2848
2837	(436, 114)	' Pr'	2849
2838	(217, 130)	'ق'	2850
2839	(333, 1282)	' reason'	2851
2840	(800, 378)	'所有'	2852
2841	(586, 157)	'ም'	2853
2842	(471, 153)	'น'	2854
2843	(50, 54)	'26'	2855
2844	(509, 175)	'副'	2856
2845	(465, 157)	'思'	2857
2846	(284, 536)	' pos'	2858
2847	(269, 128)	'\u3000'	2859
2848	(284, 97)	' pa'	2860
2849	(1454, 48)	'2010'	2861
2850	(277, 301)	' bas'	2862
2851	(846, 153)	'错'	2863
2852	(1706, 352)	'gram'	2864
2853	(2279, 1344)	'继续'	2865
2854	(929, 1397)	'赛季'	2866
2855	(321, 505)	'stand'	2867
2856	(368, 174)	'帮'	2868
2857	(1086, 1413)	'系统'	2869
2858	(290, 168)	'木'	2870
2859	(264, 638)	' soc'	2871
2860	(565, 121)	'They'	2872
2861	(881, 178)	'露'	2873
2862	(340, 187)	'画'	2874
2863	(118, 1255)	'vious'	2875
2864	(281, 411)	'ister'	2876
2865	(98, 115)	'bs'	2877
2866	(402, 1674)	'echn'	2878
2867	(430, 175)	'ု'	2879
2868	(358, 137)	'诉'	2880
2869	(286, 279)	' men'	2881
2870	(296, 179)	'右'	2882
2871	(907, 970)	'报道'	2883
2872	(631, 141)	'倍'	2884
2873	(689, 1737)	'而且'	2885
2874	(448, 184)	'核'	2886
2875	(317, 131)	'吃'	2887
2876	(50, 56)	'28'	2888
2877	(1011, 263)	' incre'	2889
2878	(518, 2154)	'能够'	2890
2879	(370, 322)	'ution'	2891
2880	(917, 330)	' prot'	2892
2881	(562, 2072)	'金融'	2893
2882	(1533, 128)	'检'	2894
2883	(110, 574)	'ness'	2895
2884	(217, 129)	'ف'	2896
2885	(263, 116)	'ret'	2897
2886	(733, 419)	'全国'	2898
2887	(403, 168)	'巨'	2899
2888	(514, 100)	' cond'	2900
2889	(2265, 89)	'DAY'	2901
2890	(32, 769)	' т'	2902
2891	(807, 143)	'苏'	2903
2892	(830, 820)	'相关'	2904
2893	(298, 164)	'令'	2905
2894	(750, 151)	'块'	2906
2895	(720, 136)	'谈'	2907
2896	(297, 275)	' hit'	2908
2897	(677, 1251)	' level'	2909
2898	(358, 134)	'识'	2910
2899	(286, 332)	' met'	2911
2900	(264, 117)	' su'	2912
2901	(578, 334)	'resent'	2913
2902	(740, 562)	'资金'	2914
2903	(290, 139)	'朋'	2915
2904	(286, 418)	' mil'	2916
2905	(103, 267)	'ger'	2917
2906	(1530, 287)	' called'	2918
2907	(268, 1489)	' watch'	2919
2908	(385, 489)	' stop'	2920
2909	(111, 399)	'oke'	2921
2910	(794, 140)	'背'	2922
2911	(387, 191)	'承'	2923
2912	(1389, 145)	'疑'	2924
2913	(508, 179)	' س'	2925
2914	(229, 179)	b'\xe5\xb3'	2926
2915	(55, 48)	'70'	2927
2916	(938, 287)	'ized'	2928
2917	(57, 57)	'99'	2929
2918	(354, 99)	' Sc'	2930
2919	(797, 118)	' adv'	2931
2920	(195, 173)	'í'	2932
2921	(423, 287)	'used'	2933
2922	(2681, 378)	'拥有'	2934
2923	(874, 101)	' que'	2935
2924	(333, 100)	' red'	2936
2925	(293, 100)	'ald'	2937
2926	(339, 178)	'干'	2938
2927	(1097, 761)	'增加'	2939
2928	(413, 143)	'透'	2940
2929	(288, 411)	'arter'	2941
2930	(384, 128)	'净'	2942
2931	(32, 48)	' 0'	2943
2932	(286, 1880)	' makes'	2944
2933	(1582, 190)	'湾'	2945
2934	(278, 1054)	' case'	2946
2935	(2603, 418)	' until'	2947
2936	(286, 1510)	' making'	2948
2937	(454, 162)	'止'	2949
2938	(565, 263)	'There'	2950
2939	(216, 185)	'ع'	2952
2940	(627, 832)	'ار'	2953
2941	(611, 274)	' plan'	2954
2942	(256, 1862)	' times'	2955
2943	(954, 1931)	'计划'	2956
2944	(699, 1907)	'机构'	2957
2945	(422, 183)	'贷'	2958
2946	(72, 345)	'How'	2959
2947	(393, 128)	'血'	2960
2948	(464, 101)	' De'	2961
2949	(263, 279)	'reen'	2962
2950	(264, 119)	' sw'	2963
2951	(912, 2087)	'房地产'	2964
2952	(622, 320)	' able'	2965
2953	(410, 156)	'农'	2966
2954	(341, 143)	'族'	2967
2955	(503, 880)	'ал'	2968
2956	(277, 365)	' bro'	2969
2957	(1177, 107)	' took'	2970
2958	(99, 285)	'ces'	2971
2959	(516, 181)	'念'	2972
2960	(1205, 283)	' saying'	2973
2961	(10002, 312)	" I'll"	2974
2962	(698, 143)	'ා'	2975
2963	(679, 175)	'端'	2976
2964	(559, 102)	' prof'	2977
2965	(121, 109)	'ym'	2978
2966	(717, 156)	'停'	2979
2967	(1579, 1579)	'    '	2980
2968	(311, 189)	'追'	2981
2969	(554, 293)	' deal'	2982
2970	(564, 272)	'他的'	2983
2971	(46, 109)	'.m'	2984
2972	(579, 1502)	'学校'	2985
2973	(2676, 789)	'媒体'	2986
2974	(859, 158)	'飞'	2987
2975	(639, 332)	' meet'	2988
2976	(305, 1402)	' later'	2989
2977	(278, 1325)	' camp'	2990
2978	(349, 131)	'千'	2991
2979	(319, 153)	'余'	2992
2980	(675, 116)	'ought'	2993
2981	(346, 104)	' beh'	2994
2982	(1893, 1003)	'根据'	2995
2983	(678, 100)	'ured'	2996
2984	(42, 42)	'**'	2997
2985	(1244, 136)	'่'	2998
2986	(1770, 532)	'ertain'	2999
2987	(402, 104)	'ech'	3000
2988	(490, 2186)	' North'	3001
2989	(754, 186)	'ය'	3002
2990	(1100, 1152)	'应该'	3003
2991	(381, 2165)	' health'	3004
2992	(274, 105)	'ani'	3005
2993	(268, 334)	' went'	3006
2994	(545, 534)	'发生'	3007
2995	(423, 104)	'ush'	3008
2996	(195, 179)	'ó'	3009
2997	(589, 184)	' स'	3010
2998	(284, 626)	' past'	3011
2999	(1940, 839)	' official'	3012
3000	(10010, 111)	' video'	3013
3001	(278, 676)	' came'	3014
3002	(641, 114)	' Or'	3015
3003	(586, 173)	'ር'	3016
3004	(2183, 288)	' clear'	3018
3005	(326, 328)	'iday'	3019
3006	(436, 365)	' Pro'	3020
3007	(426, 1552)	' having'	3021
3008	(2903, 1482)	'朋友'	3022
3009	(69, 68)	'ED'	3023
3010	(280, 174)	'亮'	3024
3011	(645, 190)	'派'	3025
3012	(1685, 283)	' trying'	3026
3013	(232, 151)	b'\xe8\x97'	3027
3014	(2305, 2133)	'香港'	3028
3015	(398, 121)	'ury'	3029
3016	(116, 279)	'ten'	3030
3017	(2100, 1346)	' current'	3031
3018	(282, 353)	' fac'	3032
3019	(1051, 10013)	b'\xe0\xab\x8d\xe0\xaa'	3033
3020	(111, 265)	'oon'	3034
3021	(286, 1081)	' move'	3035
3022	(340, 154)	'甚'	3036
3023	(299, 141)	'免'	3037
3024	(97, 373)	'aim'	3038
3025	(918, 1292)	'特别'	3039
3026	(116, 259)	'the'	3040
3027	(503, 769)	'ат'	3041
3028	(103, 121)	'gy'	3042
3029	(438, 133)	'故'	3043
3030	(321, 114)	'str'	3044
3031	(699, 506)	'机会'	3045
3032	(284, 1718)	' power'	3046
3033	(264, 450)	' sol'	3047
3034	(793, 134)	'姆'	3048
3035	(39, 100)	"'d"	3049
3036	(820, 1086)	'关系'	3050
3037	(710, 747)	'ер'	3051
3038	(260, 180)	'临'	3052
3039	(496, 766)	' Rep'	3053
3040	(233, 186)	b'\xe9\xba'	3054
3041	(314, 676)	' name'	3055
3042	(99, 1291)	'ched'	3056
3043	(260, 189)	'丽'	3057
3044	(275, 484)	'ither'	3058
3045	(376, 109)	' Am'	3059
3046	(2615, 441)	' information'	3060
3047	(1172, 150)	'编'	3061
3048	(50, 49)	'21'	3062
3049	(291, 690)	' done'	3063
3050	(10011, 566)	b'\xe0\xa7\x8d\xe0\xa6'	3064
3051	(99, 108)	'cl'	3065
3052	(469, 190)	' о'	3066
3053	(2364, 896)	' number'	3067
3054	(1640, 121)	'ency'	3068
3055	(577, 190)	'签'	3069
3056	(65, 115)	'As'	3070
3057	(458, 817)	'ague'	3071
3058	(110, 116)	'nt'	3072
3059	(436, 1820)	' President'	3073
3060	(1233, 838)	'指数'	3074
3061	(375, 101)	'une'	3075
3062	(50, 55)	'27'	3076
3063	(358, 187)	'读'	3077
3064	(655, 550)	'主场'	3078
3065	(209, 140)	'ь'	3079
3066	(898, 191)	'穿'	3080
3067	(2308, 580)	b'\xe0\xaf\x81\xe0\xae'	3081
3068	(333, 433)	' rece'	3082
3069	(394, 159)	'盟'	3083
3070	(616, 191)	'愿'	3084
3071	(363, 188)	'似'	3085
3072	(1051, 128)	'ી'	3086
3073	(278, 642)	' cost'	3087
3074	(2619, 179)	'澳'	3088
3075	(799, 183)	'雷'	3089
3076	(490, 111)	' No'	3090
3077	(97, 102)	'af'	3091
3078	(1730, 276)	'ajor'	3092
3079	(65, 78)	'AN'	3093
3080	(284, 489)	' pop'	3094
3081	(469, 188)	' м'	3095
3082	(1001, 1136)	'建设'	3096
3083	(532, 287)	'ained'	3097
3084	(282, 637)	' five'	3098
3085	(330, 115)	'ots'	3099
3086	(923, 283)	' using'	3100
3087	(272, 2222)	'的时候'	3101
3088	(422, 165)	'败'	3102
3089	(697, 322)	'ection'	3104
3090	(663, 587)	'最后'	3105
3091	(629, 191)	'ਿ'	3106
3092	(112, 402)	'pec'	3107
3093	(313, 163)	'宣'	3108
3094	(313, 161)	'审'	3109
3095	(460, 397)	'个人'	3110
3096	(10003, 54)	' 2016'	3111
3097	(1184, 175)	'्य'	3112
3098	(982, 114)	' Chr'	3113
3099	(702, 134)	' ن'	3114
3100	(1218, 132)	'善'	3115
3101	(83, 111)	'So'	3116
3102	(32, 332)	' et'	3117
3103	(112, 115)	'ps'	3118
3104	(586, 141)	'ል'	3119
3105	(299, 184)	'典'	3120
3106	(309, 164)	'判'	3121
3107	(463, 345)	' How'	3122
3108	(278, 101)	' ce'	3123
3109	(265, 285)	'ones'	3124
3110	(375, 103)	'ung'	3125
3111	(720, 162)	'谢'	3126
3112	(934, 984)	' import'	3127
3113	(268, 293)	' wal'	3128
3114	(115, 734)	'side'	3129
3115	(313, 136)	'守'	3130
3116	(258, 293)	'inal'	3131
3117	(417, 101)	' Be'	3132
3118	(1180, 121)	' guy'	3133
3119	(258, 116)	'int'	3134
3120	(317, 167)	'吧'	3135
3121	(315, 165)	'春'	3136
3122	(978, 378)	'只有'	3137
3123	(111, 630)	'oard'	3138
3124	(108, 267)	'ler'	3139
3125	(286, 532)	' main'	3140
3126	(1095, 135)	'ੇ'	3141
3127	(387, 152)	'托'	3142
3128	(1167, 495)	'达到'	3143
3129	(45, 1241)	'-old'	3144
3130	(993, 56)	'2008'	3145
3131	(733, 727)	'全球'	3146
3132	(470, 815)	' What'	3147
3133	(1401, 633)	' attack'	3148
3134	(104, 276)	'hor'	3149
3135	(264, 734)	' side'	3150
3136	(468, 520)	'以来'	3151
3137	(945, 2392)	' experi'	3152
3138	(288, 283)	'aring'	3153
3139	(1881, 115)	' months'	3154
3140	(292, 809)	' today'	3155
3141	(105, 382)	'iver'	3156
3142	(2234, 570)	b'\xe0\xb0\xbf\xe0\xb0'	3157
3143	(615, 494)	' Just'	3158
3144	(332, 121)	'ety'	3159
3145	(397, 1362)	'人士'	3160
3146	(964, 459)	' players'	3161
3147	(268, 288)	' war'	3162
3148	(608, 283)	'ending'	3163
3149	(1115, 172)	'般'	3164
3150	(391, 99)	' Mc'	3165
3151	(1005, 365)	' contro'	3166
3152	(791, 111)	' ago'	3167
3153	(546, 293)	' val'	3168
3154	(462, 350)	'这是'	3169
3155	(256, 121)	' ty'	3170
3156	(391, 258)	' Min'	3171
3157	(1480, 970)	'知道'	3172
3158	(351, 142)	'乎'	3173
3159	(1503, 322)	'uction'	3174
3160	(708, 1192)	'部门'	3175
3161	(327, 332)	' yet'	3176
3162	(420, 396)	'为了'	3177
3163	(45, 102)	'-f'	3178
3164	(118, 2025)	'vices'	3179
3165	(297, 2610)	' half'	3180
3166	(278, 636)	' city'	3181
3167	(510, 276)	' For'	3182
3168	(1822, 527)	'ports'	3183
3169	(326, 285)	'ides'	3184
3170	(104, 352)	'ham'	3185
3171	(559, 2852)	' program'	3186
3172	(356, 10014)	' Tuesday'	3187
3173	(1416, 653)	'超过'	3188
3174	(1359, 146)	'勒'	3189
3175	(715, 336)	'之一'	3190
3176	(919, 458)	' manag'	3191
3177	(1356, 1370)	'消息'	3192
3178	(430, 173)	'ိ'	3193
3179	(349, 176)	'印'	3194
3180	(270, 174)	'皮'	3195
3181	(482, 179)	'味'	3196
3182	(672, 666)	'基本'	3197
3183	(779, 620)	'平方'	3198
3184	(360, 178)	'讲'	3199
3185	(281, 1291)	'ished'	3200
3186	(532, 115)	'ains'	3201
3187	(596, 1801)	' change'	3202
3188	(73, 83)	'IS'	3203
3189	(310, 112)	'omp'	3204
3190	(2867, 430)	b'\xe1\x80\xaf\xe1\x80'	3205
3191	(1406, 275)	' polit'	3206
3192	(10007, 279)	' women'	3207
3193	(256, 485)	' test'	3208
3194	(532, 283)	'aining'	3209
3195	(607, 272)	'新的'	3210
3196	(1804, 367)	"That's"	3211
3197	(337, 131)	'练'	3212
3198	(449, 134)	'陆'	3213
3199	(1360, 287)	' added'	3214
3200	(376, 100)	' Ad'	3215
3201	(1696, 665)	'采用'	3216
3202	(299, 154)	'党'	3217
3203	(1133, 159)	'钟'	3218
3204	(378, 820)	'有关'	3219
3205	(337, 141)	'绍'	3220
3206	(264, 283)	' sing'	3221
3207	(263, 352)	'ream'	3222
3208	(130, 570)	b'\x82\xe0\xb0'	3223
3209	(98, 121)	'by'	3224
3210	(284, 1820)	' president'	3225
3211	(472, 52)	' 14'	3226
3212	(754, 187)	'ර'	3227
3213	(502, 141)	'母'	3228
3214	(465, 142)	'怎'	3229
3215	(100, 115)	'ds'	3230
3216	(480, 285)	'ries'	3231
3217	(2387, 1659)	'申请'	3232
3218	(305, 759)	' line'	3233
3219	(300, 1651)	' intern'	3234
3220	(354, 101)	' Se'	3235
3221	(520, 751)	'来说'	3236
3222	(434, 97)	' ra'	3237
3223	(412, 173)	'庭'	3238
3224	(10009, 109)	' problem'	3239
3225	(209, 143)	'я'	3240
3226	(361, 1090)	' former'	3241
3227	(1997, 2125)	'历史'	3242
3228	(463, 475)	' High'	3243
3229	(613, 263)	' There'	3244
3230	(1189, 1361)	'调整'	3245
3231	(286, 423)	' mus'	3246
3232	(436, 108)	' Pl'	3247
3233	(1692, 682)	' looks'	3248
3234	(388, 139)	'律'	3249
3235	(596, 994)	' chance'	3250
3236	(627, 931)	'ال'	3251
3237	(1238, 2312)	' according'	3252
3238	(992, 129)	'铁'	3253
3239	(1212, 121)	'ney'	3254
3240	(326, 287)	'ided'	3255
3241	(1110, 767)	'今天'	3256
3242	(2280, 154)	'婚'	3257
3243	(1594, 527)	' points'	3258
3244	(470, 287)	' Wed'	3259
3245	(291, 352)	' dam'	3260
3246	(1195, 1181)	'ploy'	3261
3247	(428, 1833)	'上涨'	3262
3248	(109, 642)	'most'	3263
3249	(2536, 310)	'conom'	3264
3250	(673, 101)	'ude'	3265
3251	(702, 132)	' ل'	3266
3252	(588, 100)	' Ed'	3267
3253	(539, 911)	'地区'	3268
3254	(1826, 667)	'觉得'	3269
3255	(747, 649)	'ро'	3270
3256	(282, 948)	' fire'	3271
3257	(111, 276)	'oor'	3272
3258	(268, 752)	' wind'	3273
3259	(585, 324)	' live'	3274
3260	(216, 169)	'ة'	3275
3261	(321, 267)	'ster'	3276
3262	(117, 1071)	'uary'	3277
3263	(1026, 187)	'登'	3278
3264	(499, 98)	'umb'	3279
3265	(2555, 145)	' đ'	3280
3266	(216, 180)	'ش'	3281
3267	(546, 105)	' vi'	3282
3268	(1999, 369)	' investig'	3283
3269	(524, 191)	'县'	3284
3270	(1689, 621)	' small'	3285
3271	(237, 149)	b'\xed\x95'	3286
3272	(685, 819)	' working'	3287
3273	(286, 494)	' must'	3288
3274	(117, 287)	'ued'	3289
3275	(1541, 1315)	'优势'	3290
3276	(442, 326)	' kid'	3291
3277	(461, 187)	'闻'	3292
3278	(1042, 976)	'文化'	3293
3279	(725, 188)	'礼'	3294
3280	(257, 757)	' aff'	3295
3281	(830, 699)	'相机'	3296
3282	(323, 184)	'स'	3297
3283	(2450, 3129)	'year-old'	3298
3284	(286, 276)	' mor'	3299
3285	(414, 183)	b' \xe0\xb7'	3300
3286	(302, 143)	'夏'	3301
3287	(1750, 334)	' event'	3302
3288	(1129, 419)	'英国'	3303
3289	(1160, 308)	' partic'	3304
3290	(264, 742)	' suc'	3305
3291	(276, 836)	'orry'	3306
3292	(297, 1241)	' hold'	3307
3293	(410, 178)	'冲'	3308
3294	(66, 65)	'BA'	3309
3295	(472, 56)	' 18'	3310
3296	(2707, 430)	b'\xe1\x80\xac\xe1\x80'	3311
3297	(2359, 324)	' believe'	3312
3298	(282, 477)	' fore'	3313
3299	(209, 135)	'ч'	3314
3300	(299, 187)	'养'	3315
3301	(376, 312)	' All'	3316
3302	(272, 400)	'的大'	3317
3303	(472, 49)	' 11'	3318
3304	(1063, 427)	'去年'	3319
3305	(2192, 168)	'储'	3320
3306	(209, 136)	'ш'	3321
3307	(279, 101)	'ene'	3322
3308	(311, 183)	'迷'	3323
3309	(2453, 784)	'孩子'	3324
3310	(656, 135)	'遇'	3325
3311	(442, 117)	' ku'	3326
3312	(1290, 2042)	'风险'	3327
3313	(410, 160)	'冠'	3328
3314	(260, 176)	'丰'	3329
3315	(1172, 186)	'缺'	3330
3316	(65, 80)	'AP'	3331
3317	(614, 744)	'经理'	3332
3318	(1234, 680)	'或者'	3333
3319	(317, 184)	'吸'	3334
3320	(471, 163)	'ร'	3335
3321	(336, 1670)	'一步'	3336
3322	(3022, 1079)	'甚至'	3337
3323	(596, 1017)	' chang'	3338
3324	(263, 119)	'rew'	3339
3325	(372, 128)	'杀'	3340
3326	(184, 430)	b'\xb8\xe1\x80'	3341
3327	(1147, 378)	'具有'	3342
3328	(595, 1199)	'公布'	3343
3329	(1488, 520)	'未来'	3344
3330	(1533, 174)	'森'	3345
3331	(32, 1130)	' ọ'	3346
3332	(32, 120)	' x'	3347
3333	(947, 601)	'提高'	3348
3334	(45, 100)	'-d'	3349
3335	(917, 310)	' prom'	3350
3336	(698, 128)	'ව'	3351
3337	(336, 1021)	'一起'	3352
3338	(471, 173)	'อ'	3353
3339	(438, 145)	'救'	3354
3340	(116, 105)	'ti'	3356
3341	(1276, 175)	'药'	3357
3342	(1260, 145)	'虑'	3358
3343	(469, 184)	' и'	3359
3344	(410, 153)	'写'	3360
3345	(405, 159)	'察'	3361
3346	(313, 179)	'害'	3362
3347	(796, 187)	'须'	3363
3348	(354, 2254)	' South'	3364
3349	(1137, 1867)	'收益'	3365
3350	(1819, 176)	'饰'	3366
3351	(591, 287)	'pped'	3367
3352	(1142, 48)	' 50'	3368
3353	(537, 129)	'ु'	3369
3354	(286, 310)	' mom'	3370
3355	(216, 178)	'ز'	3371
3356	(337, 135)	'织'	3372
3357	(1304, 1698)	'规模'	3373
3358	(79, 83)	'OS'	3374
3359	(2372, 3205)	'介绍'	3375
3360	(763, 175)	'良'	3376
3361	(289, 1122)	' opt'	3377
3362	(1094, 1517)	'股票'	3378
3363	(386, 2067)	'不断'	3379
3364	(32, 195)	b' \xc3'	3380
3365	(232, 150)	b'\xe8\x96'	3381
3366	(73, 84)	'IT'	3382
3367	(300, 106)	' inj'	3383
3368	(928, 1382)	' perform'	3384
3369	(1120, 110)	'ın'	3385
3370	(258, 99)	'inc'	3386
3371	(560, 279)	'aken'	3387
3372	(347, 433)	' once'	3388
3373	(109, 97)	'ma'	3389
3374	(2098, 148)	'魔'	3390
3375	(53, 424)	'500'	3391
3376	(103, 258)	'gin'	3392
3377	(271, 276)	'ator'	3393
3378	(447, 128)	'秀'	3394
3379	(717, 135)	'假'	3395
3380	(105, 276)	'ior'	3396
3381	(1322, 680)	'投资者'	3397
3382	(298, 147)	'仓'	3398
3383	(315, 160)	'映'	3399
3384	(774, 285)	'ives'	3400
3385	(1321, 534)	'先生'	3401
3386	(1067, 779)	'水平'	3402
3387	(116, 97)	'ta'	3403
3388	(264, 293)	' sal'	3404
3389	(284, 271)	' pat'	3405
3390	(667, 495)	'得到'	3406
3391	(32, 234)	b' \xea'	3407
3392	(387, 167)	'执'	3408
3393	(388, 129)	'征'	3409
3394	(323, 174)	'म'	3410
3395	(286, 3078)	' major'	3411
3396	(1217, 803)	'代表'	3412
3397	(864, 165)	'ብ'	3413
3398	(750, 154)	'坚'	3414
3399	(1240, 1174)	'那么'	3415
3400	(415, 152)	'折'	3416
3401	(286, 288)	' mar'	3417
3402	(2664, 97)	' idea'	3418
3403	(856, 97)	'aha'	3419
3404	(727, 989)	'球员'	3420
3405	(278, 97)	' ca'	3421
3406	(276, 527)	'orts'	3422
3407	(526, 115)	'els'	3423
3408	(718, 157)	'距'	3424
3409	(557, 1292)	'分别'	3425
3410	(370, 285)	'utes'	3426
3411	(845, 495)	'看到'	3427
3412	(393, 151)	'街'	3428
3413	(105, 106)	'ij'	3429
3414	(1662, 1686)	' United'	3430
3415	(1276, 144)	'荐'	3431
3416	(500, 997)	'ounty'	3432
3417	(351, 157)	'九'	3433
3418	(606, 168)	'ન'	3434
3419	(955, 134)	'爆'	3435
3420	(964, 283)	' playing'	3436
3421	(3244, 10015)	' Wednesday'	3437
3422	(1460, 2855)	' understand'	3438
3423	(108, 97)	'la'	3439
3424	(66, 67)	'BC'	3440
3425	(380, 184)	'學'	3441
3426	(775, 619)	'实现'	3442
3427	(65, 82)	'AR'	3443
3428	(650, 1104)	" they're"	3444
3429	(1086, 1998)	'系列'	3445
3430	(410, 183)	'冷'	3446
3431	(256, 2866)	' techn'	3447
3432	(511, 120)	' sex'	3448
3433	(1143, 1050)	' record'	3449
3434	(281, 283)	'ising'	3450
3435	(1600, 798)	'空间'	3451
3436	(111, 320)	'ole'	3452
3437	(2499, 322)	' question'	3453
3438	(603, 643)	'artment'	3454
3439	(638, 105)	'oci'	3455
3440	(289, 1280)	' oper'	3456
3441	(2666, 566)	b'\xe0\xa6\xbf\xe0\xa6'	3457
3442	(87, 866)	'Well'	3458
3443	(111, 757)	'off'	3459
3444	(79, 82)	'OR'	3460
3445	(268, 1402)	' water'	3461
3446	(345, 287)	'owed'	3462
3447	(658, 135)	'镇'	3463
3448	(2212, 101)	' hope'	3464
3449	(377, 334)	' Cent'	3465
3450	(1397, 804)	'季度'	3466
3451	(385, 1338)	' story'	3467
3452	(290, 157)	'朝'	3468
3453	(2044, 379)	' else'	3469
3454	(536, 112)	'osp'	3470
3455	(577, 145)	'筑'	3471
3456	(469, 176)	' а'	3472
3457	(979, 345)	' grow'	3473
3458	(534, 694)	'生产'	3474
3459	(264, 334)	' sent'	3475
3460	(477, 100)	'ored'	3476
3461	(1098, 146)	'酒'	3477
3462	(10012, 478)	' system'	3478
3463	(1646, 258)	' defin'	3479
3464	(196, 159)	'ğ'	3480
3465	(580, 190)	'ா'	3481
3466	(292, 116)	' tot'	3482
3467	(834, 973)	' close'	3483
3468	(98, 97)	'ba'	3484
3469	(418, 105)	'ili'	3485
3470	(264, 1664)	' six'	3486
3471	(1913, 1481)	' return'	3487
3472	(599, 1556)	'月份'	3488
3473	(73, 71)	'IG'	3489
3474	(377, 2109)	' Comm'	3490
3475	(267, 283)	'ering'	3491
3476	(2593, 1674)	' John'	3492
3477	(333, 320)	' rele'	3493
3478	(51, 53)	'35'	3494
3479	(382, 876)	'verage'	3495
3480	(121, 97)	'ya'	3496
3481	(299, 171)	'八'	3497
3482	(1393, 662)	'欧元'	3498
3483	(1002, 965)	'保持'	3499
3484	(577, 148)	'答'	3500
3485	(1048, 177)	'莱'	3501
3486	(333, 379)	' rese'	3502
3487	(482, 162)	'呢'	3503
3488	(1132, 365)	' appro'	3504
3489	(895, 1333)	'明显'	3505
3490	(891, 519)	' State'	3506
3491	(50, 57)	'29'	3507
3492	(389, 130)	'异'	3508
3493	(2628, 158)	'瑞'	3509
3494	(1751, 579)	'留学'	3510
3495	(1698, 1027)	'模式'	3511
3496	(235, 139)	b'\xeb\x8b'	3512
3497	(280, 145)	'云'	3513
3498	(372, 159)	'束'	3514
3499	(377, 265)	' Con'	3515
3500	(730, 775)	'其实'	3516
3501	(834, 1019)	' class'	3517
3502	(282, 1000)	' fav'	3518
3503	(412, 134)	'庆'	3519
3504	(110, 287)	'ned'	3520
3505	(297, 499)	' hum'	3521
3506	(1393, 2016)	'欧洲'	3522
3507	(32, 88)	' X'	3523
3508	(882, 460)	'两个'	3524
3509	(602, 880)	'ил'	3525
3510	(645, 155)	'洛'	3526
3511	(646, 102)	'ief'	3527
3512	(111, 102)	'of'	3528
3513	(435, 737)	" wasn't"	3529
3514	(83, 259)	'She'	3530
3515	(512, 643)	' comment'	3531
3516	(275, 267)	'iter'	3532
3517	(589, 170)	' प'	3533
3518	(1810, 331)	' early'	3534
3519	(278, 494)	' cust'	3535
3520	(1297, 690)	' everyone'	3536
3521	(496, 1980)	' Russ'	3537
3522	(79, 110)	'On'	3538
3523	(232, 169)	b'\xe8\xa9'	3539
3524	(316, 2735)	' girl'	3540
3525	(1264, 492)	'专家'	3541
3526	(1866, 173)	'播'	3542
3527	(2315, 293)	' local'	3543
3528	(340, 178)	'甲'	3544
3529	(834, 3024)	' claim'	3545
3530	(352, 334)	'ament'	3546
3531	(2189, 121)	'ology'	3547
3532	(45, 99)	'-c'	3548
3533	(1279, 2933)	'台湾'	3549
3534	(2268, 158)	'語'	3550
3535	(282, 1387)	' fuck'	3551
3536	(282, 370)	' fut'	3552
3537	(358, 186)	'诺'	3553
3538	(488, 97)	' area'	3555
3539	(583, 101)	'que'	3556
3540	(510, 101)	' Fe'	3557
3541	(1739, 2243)	'环境'	3558
3542	(267, 121)	'ery'	3559
3543	(282, 956)	' face'	3560
3544	(1210, 1131)	'接受'	3561
3545	(2827, 809)	' Sunday'	3562
3546	(472, 51)	' 13'	3563
3547	(79, 104)	'Oh'	3564
3548	(1140, 503)	'да'	3565
3549	(632, 348)	' trad'	3566
3550	(281, 265)	'ison'	3567
3551	(311, 176)	'述'	3568
3552	(525, 181)	'阵'	3569
3553	(881, 135)	'震'	3570
3554	(350, 2422)	'是否'	3571
3555	(413, 128)	'退'	3572
3556	(280, 146)	'互'	3573
3557	(549, 131)	'促'	3574
3558	(917, 691)	' price'	3576
3559	(32, 113)	' q'	3577
3560	(986, 181)	'灵'	3578
3561	(329, 129)	'封'	3579
3562	(2456, 705)	' children'	3580
3563	(114, 916)	'ract'	3581
3564	(561, 147)	'输'	3582
3565	(323, 185)	'ह'	3583
3566	(486, 396)	'出了'	3584
3567	(1345, 1390)	'需求'	3585
3568	(468, 428)	'以上'	3586
3569	(719, 101)	'ode'	3587
3570	(375, 431)	'unch'	3588
3571	(663, 601)	'最高'	3589
3572	(79, 76)	'OL'	3590
3573	(446, 2068)	'ified'	3591
3574	(10002, 100)	" I'd"	3592
3575	(504, 1504)	' shoot'	3593
3576	(2802, 157)	'蓝'	3594
3577	(387, 169)	'扩'	3595
3578	(2041, 742)	' produc'	3596
3579	(1609, 287)	' started'	3597
3580	(546, 1249)	' vict'	3598
3581	(233, 134)	b'\xe9\x86'	3599
3582	(371, 1246)	' young'	3600
3583	(486, 272)	'出的'	3601
3584	(2525, 636)	'iversity'	3602
3585	(663, 1986)	'最终'	3603
3586	(715, 623)	'之前'	3604
3587	(385, 101)	' ste'	3605
3588	(593, 2061)	' organ'	3606
3589	(964, 287)	' played'	3607
3590	(1818, 357)	'存在'	3608
3591	(378, 1572)	'有效'	3609
3592	(1115, 170)	'航'	3610
3593	(298, 152)	'付'	3611
3594	(98, 1084)	'book'	3612
3595	(1334, 3415)	'推荐'	3613
3596	(356, 119)	' Tw'	3614
3597	(629, 176)	'ਰ'	3615
3598	(280, 171)	'享'	3616
3599	(67, 104)	'Ch'	3617
3600	(2161, 2413)	'喜欢'	3618
3601	(114, 651)	'rap'	3619
3602	(45, 48)	'-0'	3620
3603	(2809, 2870)	'左右'	3621
3604	(309, 186)	'刺'	3622
3605	(351, 133)	'久'	3623
3606	(971, 141)	'ው'	3624
3607	(317, 175)	'启'	3625
3608	(779, 1612)	'平均'	3626
3609	(287, 267)	'eder'	3627
3610	(472, 424)	' 100'	3628
3611	(1930, 3005)	' Friday'	3629
3612	(233, 185)	b'\xe9\xb9'	3630
3613	(114, 265)	'ron'	3631
3614	(288, 729)	'arge'	3632
3615	(1178, 1918)	'Thanks'	3633
3616	(256, 1703)	' tax'	3634
3617	(65, 108)	'Al'	3635
3618	(3465, 580)	b'\xe0\xae\xbe\xe0\xae'	3636
3619	(291, 273)	' dou'	3637
3620	(317, 171)	'含'	3638
3621	(117, 331)	'uly'	3639
3622	(52, 46)	'4.'	3640
3623	(45, 115)	'-s'	3641
3624	(1066, 1027)	'正式'	3642
3625	(754, 173)	'ත'	3643
3626	(3112, 604)	' important'	3644
3627	(361, 109)	' form'	3645
3628	(363, 166)	'伦'	3646
3629	(649, 1349)	'ов'	3647
3630	(336, 808)	'一次'	3648
3631	(52, 53)	'45'	3649
3632	(582, 748)	' along'	3650
3633	(824, 568)	'位于'	3651
3634	(1189, 1652)	'调查'	3652
3635	(1179, 733)	'安全'	3653
3636	(106, 1181)	'joy'	3654
3637	(415, 162)	'抢'	3655
3638	(394, 155)	'盛'	3656
3639	(108, 258)	'lin'	3657
3640	(105, 499)	'ium'	3658
3641	(1915, 566)	b'\xe0\xa7\x87\xe0\xa6'	3659
3642	(260, 131)	'七'	3660
3643	(653, 1368)	'过程'	3661
3644	(398, 636)	'urity'	3662
3645	(1687, 748)	' wrong'	3663
3646	(51, 49)	'31'	3664
3647	(569, 153)	'沙'	3665
3648	(641, 110)	' On'	3666
3649	(282, 1504)	' foot'	3667
3650	(65, 83)	'AS'	3668
3651	(303, 2256)	' third'	3669
3652	(2834, 115)	' hours'	3670
3653	(1295, 909)	'原因'	3671
3654	(1180, 574)	' guess'	3672
3655	(343, 3249)	' econom'	3673
3656	(308, 320)	'icle'	3674
3657	(1001, 3455)	'建筑'	3675
3658	(1622, 748)	' strong'	3676
3659	(472, 54)	' 16'	3677
3660	(117, 117)	'uu'	3678
3661	(305, 345)	' low'	3679
3662	(571, 1598)	'成功'	3680
3663	(336, 1088)	'一样'	3681
3664	(216, 140)	'،'	3682
3665	(707, 137)	'汉'	3683
3666	(589, 174)	' म'	3684
3667	(103, 111)	'go'	3685
3668	(2767, 699)	'危机'	3686
3669	(233, 184)	b'\xe9\xb8'	3687
3670	(45, 112)	'-p'	3688
3671	(802, 174)	'の'	3689
3672	(572, 138)	'惊'	3690
3673	(391, 274)	' Man'	3691
3674	(413, 144)	'逐'	3692
3675	(703, 331)	' likely'	3693
3676	(278, 370)	' cut'	3694
3677	(314, 105)	' ni'	3695
3678	(377, 288)	' Car'	3696
3679	(2018, 738)	' media'	3697
3680	(905, 2340)	' across'	3698
3681	(208, 182)	'ж'	3699
3682	(890, 331)	'itely'	3700
3683	(471, 129)	'ก'	3701
3684	(502, 149)	'毕'	3702
3685	(2421, 680)	'消费者'	3703
3686	(78, 330)	'Not'	3704
3687	(837, 832)	'ور'	3705
3688	(101, 121)	'ey'	3706
3689	(1891, 287)	' reported'	3707
3690	(971, 173)	'ይ'	3708
3691	(447, 129)	'私'	3709
3692	(391, 121)	' My'	3710
3693	(796, 186)	'顺'	3711
3694	(1589, 175)	'犯'	3712
3695	(258, 819)	'inking'	3713
3696	(2454, 1031)	' avail'	3714
3697	(848, 1757)	'如何'	3715
3698	(1627, 1526)	'标准'	3716
3699	(377, 636)	' City'	3717
3700	(955, 182)	'父'	3718
3701	(277, 621)	' ball'	3719
3702	(436, 450)	' Pol'	3720
3703	(389, 185)	'弹'	3721
3704	(888, 873)	'第三'	3722
3705	(264, 423)	' sus'	3723
3706	(339, 149)	'幕'	3724
3707	(944, 367)	" there's"	3725
3708	(284, 330)	' pot'	3726
3709	(446, 121)	'ify'	3727
3710	(962, 386)	'并不'	3728
3711	(398, 431)	'urch'	3729
3712	(588, 2653)	' Euro'	3730
3713	(740, 694)	'资产'	3731
3714	(559, 2063)	' process'	3732
3715	(463, 1924)	' House'	3733
3716	(2123, 786)	'另外'	3734
3717	(608, 287)	'ended'	3735
3718	(2128, 116)	' court'	3736
3719	(533, 119)	' saw'	3737
3720	(874, 2929)	' quarter'	3738
3721	(1070, 3342)	'考虑'	3739
3722	(309, 187)	'刻'	3740
3723	(539, 620)	'地方'	3741
3724	(293, 636)	'ality'	3742
3725	(218, 186)	'ں'	3743
3726	(311, 142)	'迎'	3744
3727	(318, 109)	' Im'	3745
3728	(1464, 571)	'完成'	3746
3729	(264, 110)	' sn'	3747
3730	(70, 276)	'For'	3748
3731	(267, 97)	'era'	3749
3732	(1161, 637)	'ensive'	3750
3733	(1962, 396)	'除了'	3751
3734	(277, 288)	' bar'	3752
3735	(1785, 1016)	'随着'	3753
3736	(1244, 137)	'้'	3754
3737	(694, 553)	'产业'	3755
3738	(504, 635)	' short'	3756
3739	(439, 153)	'牙'	3757
3740	(1303, 1077)	'结果'	3758
3741	(1066, 357)	'正在'	3759
3742	(291, 2292)	' data'	3760
3743	(341, 133)	'旅'	3761
3744	(341, 151)	'旗'	3762
3745	(112, 697)	'pect'	3763
3746	(2356, 141)	'操'	3764
3747	(588, 120)	' Ex'	3765
3748	(575, 136)	'哈'	3766
3749	(589, 185)	' ह'	3767
3750	(512, 283)	' coming'	3768
3751	(275, 431)	'itch'	3769
3752	(291, 782)	' dra'	3770
3753	(263, 332)	'reet'	3771
3754	(736, 145)	'笑'	3772
3755	(530, 1082)	' nothing'	3773
3756	(105, 352)	'iam'	3774
3757	(631, 159)	'借'	3775
3758	(386, 1293)	'不少'	3776
3759	(257, 112)	' ap'	3777
3760	(32, 1015)	' у'	3778
3761	(1638, 1727)	'购买'	3779
3762	(233, 150)	b'\xe9\x96'	3780
3763	(490, 330)	' Not'	3781
3764	(316, 375)	' gun'	3782
3765	(277, 279)	' ben'	3783
3766	(406, 101)	'ille'	3784
3767	(329, 132)	'射'	3785
3768	(390, 2347)	'中央'	3786
3769	(447, 152)	'秘'	3787
3770	(491, 1059)	' join'	3788
3771	(354, 267)	' Ser'	3789
3772	(385, 288)	' star'	3790
3773	(1835, 148)	'塔'	3791
3774	(2021, 272)	'这样的'	3792
3775	(894, 690)	' anyone'	3793
3776	(271, 678)	'ature'	3794
3777	(265, 121)	'ony'	3795
3778	(386, 1537)	'不仅'	3796
3779	(2630, 809)	'aturday'	3797
3780	(872, 761)	'更加'	3798
3781	(343, 583)	' equ'	3799
3782	(451, 138)	'届'	3800
3783	(649, 880)	'ол'	3801
3784	(1789, 418)	'pril'	3802
3785	(301, 411)	'aster'	3803
3786	(904, 699)	'手机'	3804
3787	(1615, 494)	' indust'	3805
3788	(857, 332)	' compet'	3806
3789	(210, 175)	'ү'	3807
3790	(284, 977)	' pick'	3808
3791	(353, 121)	'acy'	3809
3792	(1137, 913)	'收入'	3810
3793	(290, 171)	'末'	3811
3794	(1311, 322)	'ission'	3812
3795	(233, 188)	b'\xe9\xbc'	3813
3796	(378, 1903)	'有限'	3814
3797	(356, 72)	' TH'	3815
3798	(1470, 168)	'您'	3816
3799	(548, 110)	'ourn'	3817
3800	(619, 550)	'现场'	3818
3801	(512, 285)	' comes'	3819
3802	(259, 348)	'head'	3820
3803	(698, 148)	'ු'	3821
3804	(715, 798)	'之间'	3822
3805	(644, 188)	'曼'	3823
3806	(1471, 2548)	' community'	3824
3807	(1526, 1513)	'准备'	3825
3808	(73, 115)	'Is'	3827
3809	(10019, 484)	' together'	3829
3810	(279, 110)	'enn'	3830
3811	(2331, 2624)	' members'	3831
3812	(716, 3321)	'进一步'	3832
3813	(358, 190)	'课'	3833
3814	(2239, 274)	' American'	3834
3815	(854, 467)	'当时'	3835
3816	(278, 450)	' col'	3836
3817	(546, 1857)	' view'	3837
3818	(1040, 115)	' others'	3838
3819	(2428, 771)	'稳定'	3839
3820	(144, 430)	b'\x90\xe1\x80'	3840
3821	(2313, 1787)	' statement'	3841
3822	(978, 350)	'只是'	3842
3823	(314, 691)	' nice'	3843
3824	(111, 285)	'oes'	3844
3825	(942, 682)	' thanks'	3845
3826	(454, 140)	'歌'	3846
3827	(284, 1113)	' press'	3847
3828	(376, 116)	' At'	3848
3829	(1297, 1812)	' everything'	3849
3830	(317, 180)	'吴'	3850
3831	(554, 1635)	' death'	3851
3832	(537, 164)	'।'	3852
3833	(649, 747)	'ор'	3853
3834	(449, 132)	'附'	3854
3835	(336, 3149)	'一般'	3855
3836	(349, 128)	'區'	3856
3837	(337, 156)	'络'	3857
3838	(656, 191)	'避'	3858
3839	(511, 478)	' seem'	3859
3840	(1613, 761)	'参加'	3860
3841	(545, 1199)	'发布'	3861
3842	(402, 527)	'ects'	3862
3843	(796, 191)	'顿'	3863
3844	(553, 1123)	'业务'	3864
3845	(742, 819)	'ucking'	3865
3846	(467, 2587)	'时尚'	3866
3847	(796, 190)	'顾'	3867
3848	(256, 1510)	' taking'	3868
3849	(1588, 1965)	'集团'	3869
3850	(1070, 534)	'考生'	3870
3851	(511, 2275)	' seems'	3871
3852	(111, 896)	'ober'	3872
3853	(1657, 2390)	'负责'	3873
3854	(348, 100)	'add'	3874
3855	(466, 53)	' 25'	3875
3856	(118, 334)	'vent'	3876
3857	(1286, 976)	'变化'	3877
3858	(269, 144)	'【'	3878
3859	(269, 145)	'】'	3879
3860	(343, 3044)	' either'	3880
3861	(418, 288)	'ilar'	3881
3862	(823, 182)	'延'	3882
3863	(511, 312)	' sell'	3883
3864	(294, 293)	' anal'	3884
3865	(846, 139)	'锋'	3885
3866	(320, 116)	'let'	3886
3867	(1254, 287)	' wanted'	3887
3868	(649, 704)	'он'	3888
3869	(885, 134)	'馆'	3889
3870	(2662, 560)	' break'	3890
3871	(1699, 771)	'决定'	3891
3872	(739, 186)	'智'	3892
3873	(575, 165)	'哥'	3893
3874	(965, 1344)	'持续'	3894
3875	(2036, 3347)	'必须'	3895
3876	(582, 3248)	' almost'	3896
3877	(286, 752)	' mind'	3897
3878	(887, 1602)	'电话'	3898
3879	(233, 164)	b'\xe9\xa4'	3899
3880	(460, 599)	'个月'	3900
3881	(470, 276)	' Wor'	3901
3882	(1342, 285)	'ances'	3902
3883	(1096, 114)	'ər'	3903
3884	(1304, 771)	'规定'	3904
3885	(372, 175)	'杯'	3905
3886	(1784, 2150)	' check'	3906
3887	(1523, 169)	'韩'	3907
3888	(1244, 128)	'เ'	3908
3889	(588, 1246)	' Eng'	3909
3890	(376, 102)	' Af'	3910
3891	(1391, 1774)	'像素'	3911
3892	(615, 274)	' Jan'	3912
3893	(1572, 1077)	'效果'	3913
3894	(1320, 744)	'处理'	3914
3895	(638, 114)	'ocr'	3915
3896	(2768, 1273)	'镜头'	3916
3897	(834, 2546)	' cloud'	3917
3898	(405, 184)	'寸'	3918
3899	(504, 330)	' shot'	3919
3900	(3536, 678)	' future'	3920
3901	(112, 320)	'ple'	3921
3902	(593, 927)	' order'	3922
3903	(1021, 520)	'起来'	3923
3904	(1663, 166)	'梦'	3924
3905	(301, 285)	'ases'	3925
3906	(493, 169)	'革'	3926
3907	(717, 143)	'偏'	3927
3908	(472, 55)	' 17'	3928
3909	(272, 607)	'的新'	3929
3910	(275, 637)	'itive'	3930
3911	(363, 176)	'估'	3931
3912	(505, 115)	'ands'	3932
3913	(846, 174)	'键'	3934
3914	(471, 177)	'ั'	3935
3915	(363, 138)	'伊'	3936
3916	(1399, 450)	' invol'	3937
3917	(267, 118)	'erv'	3938
3918	(97, 370)	'aut'	3939
3919	(2683, 1261)	' complete'	3940
3920	(902, 103)	' eng'	3941
3921	(1396, 155)	'岛'	3942
3922	(342, 151)	'斗'	3943
3923	(297, 1924)	' house'	3944
3924	(656, 173)	'遭'	3945
3925	(1191, 2717)	'ference'	3946
3926	(1256, 121)	'ully'	3947
3927	(1102, 1826)	'感觉'	3948
3928	(3696, 1089)	' available'	3949
3929	(282, 762)	' food'	3950
3930	(712, 477)	' Kore'	3951
3931	(1464, 733)	'完全'	3952
3932	(117, 610)	'ugh'	3953
3933	(276, 114)	'orr'	3954
3934	(1180, 1623)	' guys'	3955
3935	(372, 168)	'杨'	3956
3936	(232, 155)	b'\xe8\x9b'	3957
3937	(451, 143)	'屏'	3958
3938	(1078, 293)	'obal'	3959
3939	(354, 3779)	' Saturday'	3960
3940	(941, 2170)	' York'	3961
3941	(2644, 1946)	' possible'	3962
3942	(77, 121)	'My'	3963
3943	(282, 612)	' fight'	3964
3944	(103, 287)	'ged'	3965
3945	(651, 115)	'aps'	3966
3946	(2039, 367)	" That's"	3967
3947	(550, 1923)	'场比赛'	3968
3948	(504, 936)	' share'	3969
3949	(102, 267)	'fer'	3970
3950	(385, 2149)	' stuff'	3971
3951	(268, 906)	" won't"	3972
3952	(99, 1953)	'ches'	3973
3953	(3519, 310)	' custom'	3974
3954	(520, 845)	'来看'	3975
3955	(1070, 1747)	'考试'	3976
3956	(291, 617)	' dist'	3977
3957	(1112, 714)	'近期'	3978
3958	(907, 1532)	'报告'	3979
3959	(1258, 283)	' bring'	3980
3960	(98, 633)	'back'	3981
3961	(275, 411)	'itter'	3982
3962	(256, 3371)	' taken'	3983
3963	(1331, 3356)	'组织'	3984
3964	(216, 173)	'ح'	3985
3965	(586, 181)	'ስ'	3986
3966	(590, 378)	'也有'	3987
3967	(1072, 136)	'烈'	3988
3968	(1184, 176)	'्र'	3989
3969	(606, 176)	'ર'	3990
3970	(3267, 450)	' viol'	3991
3971	(85, 82)	'UR'	3992
3972	(2780, 137)	'嘉'	3993
3973	(1454, 49)	'2011'	3994
3974	(434, 281)	' ris'	3995
3975	(271, 308)	'atic'	3996
3976	(354, 473)	' Sup'	3997
3977	(1667, 3410)	' minutes'	3998
3978	(264, 499)	' sum'	3999
3979	(305, 1718)	' lower'	4000
3980	(3013, 143)	'藏'	4001
3981	(278, 1575)	' coup'	4002
3982	(45, 49)	'-1'	4003
3983	(723, 166)	'润'	4004
3984	(750, 155)	'坛'	4005
3985	(1298, 2288)	'证券'	4006
3986	(1213, 980)	'注意'	4007
3987	(579, 2394)	'学习'	4008
3988	(639, 818)	' means'	4009
3989	(670, 189)	'载'	4010
3990	(768, 320)	' whole'	4011
3991	(711, 163)	'趣'	4012
3992	(101, 682)	'eks'	4013
3993	(754, 184)	'ම'	4014
3994	(267, 109)	'erm'	4015
3995	(1051, 139)	'ો'	4016
3996	(230, 169)	b'\xe6\xa9'	4017
3997	(1478, 954)	'预计'	4018
3998	(545, 529)	'发行'	4019
3999	(523, 184)	'永'	4020
4000	(110, 330)	'not'	4021
4001	(437, 2493)	' asked'	4022
4002	(508, 177)	' ر'	4023
4003	(117, 122)	'uz'	4024
4004	(651, 101)	'ape'	4025
4005	(265, 2925)	'onald'	4026
4006	(799, 132)	'雄'	4027
4007	(1239, 671)	' series'	4028
4008	(232, 184)	b'\xe8\xb8'	4029
4009	(1478, 714)	'预期'	4030
4010	(1593, 1231)	'ست'	4031
4011	(493, 160)	'靠'	4032
4012	(3183, 1466)	'平方米'	4033
4013	(986, 175)	'灯'	4034
4014	(10020, 293)	' several'	4035
4015	(278, 2986)	' certain'	4036
4016	(1713, 365)	' impro'	4037
4017	(305, 271)	' lat'	4038
4018	(695, 1854)	'面积'	4039
4019	(1129, 1715)	'英语'	4040
4020	(471, 135)	'ง'	4041
4021	(258, 105)	'ini'	4042
4022	(2304, 539)	'土地'	4043
4023	(1558, 1101)	' design'	4044
4024	(631, 139)	'個'	4045
4025	(104, 105)	'hi'	4046
4026	(363, 145)	'休'	4047
4027	(286, 574)	' mess'	4048
4028	(491, 101)	' je'	4049
4029	(945, 2126)	' expected'	4050
4030	(47, 47)	'//'	4051
4031	(647, 170)	'罪'	4052
4032	(376, 3784)	' April'	4053
4033	(2321, 839)	' special'	4054
4034	(101, 118)	'ev'	4055
4035	(988, 272)	'你的'	4056
4036	(46, 54)	'.6'	4057
4037	(3712, 1596)	' Europe'	4058
4038	(329, 164)	'尤'	4059
4039	(51, 424)	'300'	4060
4040	(46, 56)	'.8'	4061
4041	(1281, 550)	'客场'	4062
4042	(361, 1838)	' forward'	4063
4043	(2306, 1912)	'状态'	4064
4044	(2539, 570)	b'\xe0\xb1\x81\xe0\xb0'	4065
4045	(510, 108)	' Fl'	4066
4046	(1357, 165)	' እ'	4067
4047	(305, 519)	' late'	4068
4048	(231, 181)	b'\xe7\xb5'	4069
4049	(51, 54)	'36'	4070
4050	(272, 601)	'的高'	4071
4051	(285, 600)	'esome'	4072
4052	(381, 630)	' heard'	4073
4053	(1253, 1757)	'任何'	4074
4054	(109, 101)	'me'	4075
4055	(1031, 115)	'ails'	4076
4056	(2128, 379)	' course'	4077
4057	(3496, 164)	'다'	4078
4058	(1577, 3246)	' employ'	4079
4059	(945, 697)	' expect'	4080
4060	(1995, 568)	'属于'	4081
4061	(457, 183)	'纷'	4082
4062	(863, 169)	'恩'	4083
4063	(732, 159)	'损'	4084
4064	(326, 1166)	'idence'	4085
4065	(464, 114)	' Dr'	4086
4066	(409, 890)	' white'	4087
4067	(664, 293)	' goal'	4088
4068	(384, 175)	'凯'	4089
4069	(469, 183)	' з'	4090
4070	(1043, 553)	'商业'	4091
4071	(327, 110)	' yn'	4092
4072	(3284, 1158)	' morning'	4093
4073	(284, 1249)	' pict'	4094
4074	(1036, 1918)	' Thanks'	4095
4075	(775, 1535)	'实际'	4096
4076	(559, 1280)	' proper'	4097
4077	(2981, 752)	' behind'	4098
4078	(1198, 579)	'科学'	4099
4079	(311, 170)	'迪'	4100
4080	(821, 142)	'税'	4101
4081	(428, 597)	'上市'	4102
4082	(297, 265)	' hon'	4103
4083	(291, 817)	' due'	4104
4084	(1046, 600)	' become'	4105
4085	(115, 119)	'sw'	4106
4086	(422, 181)	'贵'	4107
4087	(1388, 1210)	'直接'	4108
4088	(754, 154)	'ක'	4109
4089	(210, 155)	'қ'	4110
4090	(377, 293)	' Cal'	4111
4091	(1403, 571)	'造成'	4112
4092	(282, 621)	' fall'	4113
4093	(256, 97)	' ta'	4114
4094	(417, 288)	' Bar'	4115
4095	(1160, 121)	' party'	4116
4096	(317, 151)	'吗'	4117
4097	(685, 515)	' worth'	4118
4098	(596, 1566)	' charg'	4119
4099	(1351, 1367)	'导演'	4120
4100	(406, 115)	'ills'	4121
4101	(736, 148)	'笔'	4122
4102	(69, 78)	'EN'	4123
4103	(1697, 180)	'暴'	4124
4104	(758, 737)	" wouldn't"	4125
4105	(465, 165)	'急'	4126
4106	(1107, 176)	'ार'	4127
4107	(525, 182)	'阶'	4128
4108	(264, 375)	' sun'	4129
4109	(276, 671)	'ories'	4130
4110	(376, 98)	' Ab'	4131
4111	(317, 137)	'吉'	4132
4112	(347, 2159)	' online'	4133
4113	(337, 191)	'绿'	4134
4114	(3137, 1166)	' experience'	4135
4115	(10003, 53)	' 2015'	4136
4116	(902, 3636)	' enjoy'	4137
4117	(231, 182)	b'\xe7\xb6'	4138
4118	(2859, 839)	' social'	4139
4119	(1413, 954)	'统计'	4140
4120	(85, 83)	'US'	4141
4121	(321, 275)	'stit'	4142
4122	(97, 1101)	'aign'	4143
4123	(524, 130)	'厂'	4144
4124	(470, 485)	' West'	4145
4125	(2247, 817)	' issue'	4146
4126	(464, 766)	' Dep'	4147
4127	(325, 170)	'截'	4148
4128	(2260, 2262)	'货币'	4149
4129	(844, 1323)	'价值'	4150
4130	(46, 55)	'.7'	4151
4131	(398, 853)	'urther'	4152
4132	(442, 97)	' ka'	4153
4133	(391, 1878)	' March'	4154
4134	(586, 136)	'ለ'	4155
4135	(72, 84)	'HT'	4156
4136	(1239, 2410)	' service'	4157
4137	(102, 276)	'for'	4158
4138	(278, 1245)	' cool'	4159
4139	(277, 383)	' bir'	4160
4140	(1624, 2688)	' consider'	4161
4141	(1303, 3498)	'结束'	4162
4142	(313, 129)	'宁'	4163
4143	(352, 98)	'amb'	4164
4144	(548, 433)	'ource'	4165
4145	(2371, 115)	' friends'	4166
4146	(116, 111)	'to'	4167
4147	(1406, 308)	' polic'	4168
4148	(3098, 617)	' Christ'	4169
4149	(119, 104)	'wh'	4170
4150	(3214, 1174)	'怎么'	4171
4151	(592, 916)	' exact'	4172
4152	(1073, 3837)	'网络'	4173
4153	(377, 3416)	' County'	4174
4154	(256, 105)	' ti'	4175
4155	(286, 117)	' mu'	4176
4156	(391, 114)	' Mr'	4177
4157	(211, 169)	'ө'	4178
4158	(1267, 667)	'取得'	4179
4159	(372, 176)	'杰'	4180
4160	(267, 114)	'err'	4181
4161	(1728, 115)	' News'	4182
4162	(573, 1916)	'下降'	4183
4163	(1250, 115)	' needs'	4184
4164	(947, 1461)	'提升'	4185
4165	(360, 173)	'训'	4186
4166	(257, 121)	' ay'	4187
4167	(277, 97)	' ba'	4188
4168	(117, 729)	'uge'	4189
4169	(327, 285)	' yes'	4190
4170	(1470, 137)	'悉'	4191
4171	(590, 386)	'也不'	4192
4172	(1532, 2868)	'告诉'	4193
4173	(305, 642)	' lost'	4194
4174	(513, 176)	'泰'	4195
4175	(1132, 609)	' appear'	4196
4176	(229, 171)	b'\xe5\xab'	4197
4177	(69, 84)	'ET'	4198
4178	(111, 691)	'oice'	4199
4179	(575, 170)	'哪'	4200
4180	(336, 573)	'一下'	4201
4181	(1361, 789)	'整体'	4202
4182	(45, 109)	'-m'	4203
4183	(301, 1082)	'ashing'	4204
4184	(263, 543)	'rect'	4205
4185	(86, 83)	'VS'	4207
4186	(337, 188)	'综'	4208
4187	(1130, 110)	'ọn'	4209
4188	(557, 3203)	'分钟'	4210
4189	(648, 175)	'肯'	4211
4190	(377, 111)	' Co'	4212
4191	(306, 136)	'圈'	4213
4192	(956, 3594)	'acebook'	4214
4193	(1618, 293)	' final'	4215
4194	(1358, 1517)	'彩票'	4216
4195	(1281, 1514)	'客户'	4217
4196	(87, 1712)	'When'	4218
4197	(284, 2971)	' p.m'	4219
4198	(410, 176)	'冰'	4220
4199	(2351, 174)	'潮'	4221
4200	(89, 285)	'Yes'	4222
4201	(693, 265)	' soon'	4223
4202	(102, 635)	'fort'	4224
4203	(964, 267)	' player'	4225
4204	(1001, 1647)	'建议'	4226
4205	(551, 145)	'挑'	4227
4206	(554, 98)	' deb'	4228
4207	(305, 3614)	' large'	4229
4208	(508, 180)	' ش'	4230
4209	(1239, 1255)	' serious'	4231
4210	(216, 172)	'ج'	4232
4211	(1266, 2010)	'号码'	4233
4212	(2643, 540)	'昨日'	4234
4213	(666, 907)	'本报'	4235
4214	(233, 189)	b'\xe9\xbd'	4236
4215	(119, 2462)	'where'	4237
4216	(1405, 145)	'脑'	4238
4217	(111, 106)	'oj'	4239
4218	(631, 146)	'倒'	4240
4219	(1529, 1529)	'\xa0\xa0\xa0\xa0'	4241
4220	(471, 181)	'ี'	4242
4221	(98, 2229)	'body'	4243
4222	(305, 505)	' land'	4244
4223	(663, 400)	'最大'	4245
4224	(1105, 790)	'无法'	4246
4225	(385, 328)	' stay'	4247
4226	(1613, 764)	'参与'	4248
4227	(684, 914)	'自然'	4249
4228	(480, 287)	'ried'	4250
4229	(865, 786)	'此外'	4251
4230	(73, 73)	'II'	4252
4231	(264, 10021)	' suggest'	4253
4232	(685, 682)	' works'	4254
4233	(3092, 2509)	'pecially'	4255
4234	(446, 102)	'iff'	4256
4235	(1328, 112)	' supp'	4257
4236	(1268, 633)	' black'	4258
4237	(376, 494)	' Aust'	4259
4238	(837, 903)	'ون'	4260
4239	(2412, 2204)	' following'	4261
4240	(394, 150)	'盖'	4262
4241	(314, 265)	' non'	4263
4242	(286, 97)	' ma'	4264
4243	(10008, 279)	' given'	4265
4244	(1139, 48)	' 40'	4266
4245	(446, 116)	'ift'	4268
4246	(263, 287)	'reed'	4269
4247	(660, 665)	'作用'	4270
4248	(645, 139)	'洋'	4271
4249	(108, 288)	'lar'	4272
4250	(2781, 1525)	'搭配'	4273
4251	(1172, 169)	'缩'	4274
4252	(421, 3992)	' weeks'	4275
4253	(679, 159)	'竟'	4276
4254	(688, 1371)	' alleg'	4277
4255	(231, 135)	b'\xe7\x87'	4278
4256	(615, 3061)	' June'	4279
4257	(77, 642)	'Most'	4280
4258	(466, 52)	' 24'	4281
4259	(363, 159)	'伟'	4282
4260	(3981, 320)	' couple'	4283
4261	(760, 115)	' gets'	4284
4262	(334, 839)	'ential'	4285
4263	(874, 977)	' quick'	4286
4264	(825, 816)	'重点'	4287
4265	(101, 729)	'ege'	4288
4266	(264, 265)	' son'	4289
4267	(111, 382)	'over'	4290
4268	(99, 105)	'ci'	4291
4269	(714, 798)	'期间'	4292
4270	(2495, 2495)	'……'	4293
4271	(377, 114)	' Cr'	4294
4272	(464, 402)	' Dec'	4295
4273	(99, 287)	'ced'	4296
4274	(105, 719)	'iod'	4297
4275	(274, 671)	'anies'	4298
4276	(1835, 158)	'塞'	4299
4277	(1131, 495)	'受到'	4300
4278	(32, 406)	' ill'	4301
4279	(1487, 520)	'带来'	4302
4280	(489, 101)	'ope'	4303
4281	(1690, 100)	' fund'	4304
4282	(314, 1676)	' national'	4305
4283	(271, 1183)	'ators'	4306
4284	(51, 51)	'33'	4307
4285	(496, 285)	' Res'	4308
4286	(571, 2160)	'成绩'	4309
4287	(313, 133)	'宅'	4310
4288	(952, 1223)	'影片'	4311
4289	(3151, 108)	' control'	4312
4290	(332, 104)	'eth'	4313
4291	(256, 275)	' tit'	4314
4292	(277, 1729)	' billion'	4315
4293	(750, 144)	'坐'	4316
4294	(493, 153)	'静'	4317
4295	(592, 99)	' exc'	4318
4296	(553, 2160)	'业绩'	4319
4297	(282, 638)	' foc'	4320
4298	(63, 63)	'??'	4321
4299	(1351, 1964)	'导致'	4322
4300	(275, 921)	'itions'	4323
4301	(842, 1368)	'工程'	4324
4302	(97, 367)	"a's"	4325
4303	(572, 160)	'惠'	4326
4304	(350, 357)	'是在'	4327
4305	(117, 433)	'uce'	4328
4306	(627, 1231)	'ات'	4329
4307	(198, 176)	'ư'	4330
4308	(3231, 308)	' music'	4331
4309	(799, 133)	'雅'	4332
4310	(632, 1103)	' trade'	4333
4311	(1621, 1344)	'连续'	4334
4312	(2420, 287)	'ounced'	4335
4313	(10007, 274)	' woman'	4336
4314	(272, 1983)	'的情况'	4337
4315	(1498, 267)	'lier'	4338
4316	(1233, 486)	'指出'	4339
4317	(376, 1576)	' Ass'	4340
4318	(282, 818)	' fans'	4341
4319	(3290, 2063)	' success'	4342
4320	(1632, 1438)	' maybe'	4343
4321	(649, 1289)	'ом'	4344
4322	(103, 1113)	'gress'	4345
4323	(747, 503)	'ра'	4346
4324	(2977, 4122)	' campaign'	4347
4325	(286, 1489)	' match'	4348
4326	(105, 818)	'ians'	4349
4327	(686, 100)	' upd'	4350
4328	(1663, 133)	'梅'	4351
4329	(506, 1647)	'会议'	4352
4330	(812, 1733)	'内容'	4353
4331	(470, 406)	' Will'	4354
4332	(559, 112)	' prop'	4355
4333	(2020, 162)	'።'	4356
4334	(383, 116)	'irt'	4357
4335	(2675, 118)	' priv'	4358
4336	(864, 176)	'ተ'	4359
4337	(122, 101)	'ze'	4360
4338	(3463, 3682)	' definitely'	4361
4339	(2562, 745)	'压力'	4362
4340	(1838, 115)	'wards'	4363
4341	(663, 1112)	'最近'	4364
4342	(884, 940)	'基金公司'	4365
4343	(282, 369)	' fig'	4366
4344	(260, 185)	'丹'	4367
4345	(32, 1314)	' vers'	4368
4346	(1033, 168)	'萨'	4369
4347	(231, 163)	b'\xe7\xa3'	4370
4348	(277, 1748)	' based'	4371
4349	(333, 1195)	' repl'	4372
4350	(696, 853)	' whether'	4373
4351	(632, 817)	' true'	4374
4352	(1343, 121)	' key'	4375
4353	(304, 3016)	' often'	4376
4354	(232, 156)	b'\xe8\x9c'	4377
4355	(344, 179)	'劳'	4378
4356	(735, 140)	b' \xe1\x8c'	4379
4357	(544, 1451)	' front'	4380
4358	(305, 612)	' light'	4381
4359	(232, 134)	b'\xe8\x86'	4382
4360	(796, 182)	'顶'	4383
4361	(601, 1070)	'高考'	4384
4362	(447, 159)	'租'	4385
4363	(97, 578)	'ares'	4386
4364	(747, 710)	'ре'	4387
4365	(541, 162)	'探'	4388
4366	(119, 2170)	'work'	4389
4367	(256, 1566)	' targ'	4390
4368	(100, 101)	'de'	4391
4369	(314, 39)	" n'"	4392
4370	(807, 165)	'若'	4393
4371	(305, 373)	' lim'	4394
4372	(65, 76)	'AL'	4395
4373	(679, 160)	'章'	4396
4374	(83, 104)	'Sh'	4397
4375	(1567, 427)	'半年'	4398
4376	(554, 348)	' dead'	4399
4377	(10001, 173)	'箭'	4400
4378	(319, 155)	'佛'	4401
4379	(593, 369)	' orig'	4402
4380	(272, 889)	'的一个'	4403
4381	(774, 287)	'ived'	4404
4382	(829, 103)	' arg'	4405
4383	(282, 1031)	' fail'	4406
4384	(1204, 310)	' room'	4407
4385	(314, 332)	' net'	4408
4386	(99, 626)	'cast'	4409
4387	(1253, 1123)	'任务'	4410
4388	(2434, 3134)	' author'	4411
4389	(782, 122)	'raz'	4412
4390	(614, 653)	'经过'	4413
4391	(65, 67)	'AC'	4414
4392	(588, 109)	' Em'	4415
4393	(313, 189)	'宽'	4416
4394	(105, 104)	'ih'	4417
4395	(1038, 163)	'档'	4418
4396	(1359, 159)	'募'	4419
4397	(528, 527)	'ults'	4420
4398	(2817, 430)	b'\xe1\x80\xb1\xe1\x80'	4421
4399	(335, 176)	'困'	4422
4400	(429, 146)	'归'	4423
4401	(230, 164)	b'\xe6\xa4'	4424
4402	(3881, 374)	' World'	4425
4403	(1201, 1086)	'联系'	4426
4404	(471, 161)	'ม'	4427
4405	(1290, 1012)	'风格'	4428
4406	(344, 177)	'励'	4429
4407	(541, 170)	'措'	4430
4408	(310, 98)	'omb'	4431
4409	(1662, 3584)	' University'	4432
4410	(2819, 2430)	'健康'	4433
4411	(2517, 129)	'鲁'	4434
4412	(3473, 4135)	'IGHT'	4435
4413	(117, 441)	'uation'	4436
4414	(326, 100)	'idd'	4437
4415	(2533, 159)	'熟'	4438
4416	(277, 408)	' boo'	4439
4417	(1389, 151)	'疗'	4440
4418	(378, 272)	'有的'	4441
4419	(1542, 690)	' phone'	4442
4420	(282, 3845)	' fucking'	4443
4421	(2656, 130)	'概'	4444
4422	(2856, 1811)	'帮助'	4445
4423	(656, 151)	'遗'	4446
4424	(73, 67)	'IC'	4447
4425	(236, 151)	b'\xec\x97'	4448
4426	(377, 450)	' Col'	4449
4427	(835, 1627)	'目标'	4450
4428	(117, 526)	'uel'	4451
4429	(280, 136)	'予'	4452
4430	(1766, 168)	' የ'	4454
4431	(1133, 136)	'针'	4455
4432	(672, 10023)	'基础'	4456
4433	(3091, 629)	b'\xe0\xa8\xbf\xe0\xa8'	4457
4434	(1284, 1699)	'解决'	4458
4435	(46, 52)	'.4'	4459
4436	(440, 166)	'触'	4460
4437	(45, 114)	'-r'	4461
4438	(108, 117)	'lu'	4462
4439	(2452, 287)	' happened'	4463
4440	(860, 479)	"ven't"	4464
4441	(103, 320)	'gle'	4465
4442	(2221, 151)	'著'	4466
4443	(3178, 3190)	b'\xe1\x80\xad\xe1\x80\xaf\xe1\x80'	4467
4444	(774, 326)	'ivid'	4468
4445	(794, 161)	'胡'	4469
4446	(79, 84)	'OT'	4470
4447	(1020, 2863)	' previous'	4471
4448	(542, 111)	' Go'	4472
4449	(105, 1166)	'ience'	4473
4450	(848, 865)	'如此'	4474
4451	(447, 146)	'秒'	4475
4452	(761, 1134)	'加强'	4476
4453	(1178, 1336)	'Thank'	4477
4454	(1238, 574)	' access'	4478
4455	(1500, 170)	'豪'	4479
4456	(278, 500)	' coun'	4480
4457	(363, 175)	'伯'	4481
4458	(1558, 99)	' desc'	4482
4459	(1934, 114)	' terr'	4483
4460	(395, 162)	'赢'	4484
4461	(2289, 121)	'Why'	4485
4462	(826, 272)	'性的'	4486
4463	(464, 1000)	' Dav'	4487
4464	(1603, 620)	'双方'	4488
4465	(286, 1294)	' mult'	4489
4466	(2112, 1373)	' students'	4490
4467	(580, 176)	'ர'	4491
4468	(843, 156)	'障'	4492
4469	(3609, 293)	'ederal'	4493
4470	(121, 108)	'yl'	4494
4471	(2740, 411)	' matter'	4495
4472	(1546, 571)	'形成'	4496
4473	(195, 182)	'ö'	4497
4474	(1691, 149)	'்க'	4498
4475	(711, 139)	'趋'	4499
4476	(3486, 1878)	' research'	4500
4477	(1625, 3984)	'论坛'	4501
4478	(1341, 275)	' crit'	4502
4479	(1239, 3164)	' services'	4503
4480	(813, 691)	' office'	4504
4481	(740, 1896)	'资源'	4505
4482	(1204, 348)	' road'	4506
4483	(1405, 154)	'脚'	4507
4484	(422, 180)	'贴'	4508
4485	(1361, 460)	'整个'	4509
4486	(464, 478)	' Dem'	4510
4487	(541, 137)	'掉'	4511
4488	(434, 528)	' rul'	4512
4489	(953, 272)	'我们的'	4513
4490	(2795, 275)	' visit'	4514
4491	(1733, 1431)	'容易'	4515
4492	(791, 1009)	' agree'	4516
4493	(1049, 748)	' among'	4517
4494	(1476, 709)	'共同'	4518
4495	(1854, 1956)	'积极'	4519
4496	(122, 97)	'za'	4520
4497	(2078, 287)	' tried'	4521
4498	(614, 2134)	'经验'	4522
4499	(3457, 515)	' growth'	4523
4500	(121, 320)	'yle'	4524
4501	(310, 258)	'omin'	4525
4502	(2281, 1980)	' discuss'	4526
4503	(377, 259)	' Che'	4527
4504	(381, 288)	' hear'	4529
4505	(697, 637)	'ective'	4530
4506	(2719, 2277)	' concern'	4531
4507	(857, 4275)	' companies'	4532
4508	(1198, 1515)	'科技'	4533
4509	(2999, 115)	' officials'	4534
4510	(99, 484)	'cher'	4535
4511	(928, 4274)	' period'	4536
4512	(874, 890)	' quite'	4537
4513	(2914, 176)	'峰'	4538
4514	(1874, 1459)	'条件'	4539
4515	(414, 184)	b' \xe0\xb8'	4540
4516	(538, 272)	'我的'	4541
4517	(65, 110)	'An'	4542
4518	(602, 1289)	'им'	4543
4519	(490, 1676)	' National'	4544
4520	(231, 184)	b'\xe7\xb8'	4545
4521	(378, 1006)	'有些'	4546
4522	(257, 107)	' ak'	4547
4523	(2367, 1108)	'控制'	4548
4524	(348, 285)	'ades'	4549
4525	(277, 2229)	' body'	4550
4526	(416, 258)	' within'	4552
4527	(177, 1645)	b'\xb1\xe4\xb9\x90'	4553
4528	(362, 138)	'释'	4554
4529	(917, 916)	' pract'	4555
4530	(2591, 71)	'ING'	4556
4531	(263, 103)	'reg'	4557
4532	(297, 330)	' hot'	4558
4533	(109, 121)	'my'	4559
4534	(45, 104)	'-h'	4560
4535	(651, 267)	'aper'	4561
4536	(911, 2333)	'区域'	4562
4537	(2064, 1832)	'材料'	4563
4538	(395, 182)	'赶'	4564
4539	(350, 889)	'是一个'	4565
4540	(46, 57)	'.9'	4566
4541	(32, 383)	' ir'	4567
4542	(379, 99)	'sec'	4568
4543	(1524, 1963)	' remember'	4569
4544	(469, 182)	' ж'	4570
4545	(526, 116)	'elt'	4571
4546	(430, 188)	'ြ'	4572
4547	(1560, 721)	'运动'	4573
4548	(421, 1104)	" we're"	4574
4549	(701, 3114)	' outside'	4575
4550	(702, 129)	' ف'	4576
4551	(673, 100)	'udd'	4577
4552	(437, 107)	' ask'	4578
4553	(510, 4192)	' Facebook'	4579
4554	(3206, 320)	' single'	4580
4555	(118, 3766)	'ville'	4581
4556	(383, 99)	'irc'	4582
4557	(1278, 1047)	'各种'	4583
4558	(542, 117)	' Gu'	4584
4559	(385, 477)	' store'	4585
4560	(471, 167)	'ว'	4586
4561	(1421, 1037)	'质量'	4587
4562	(694, 534)	'产生'	4588
4563	(2904, 275)	' milit'	4589
4564	(653, 1063)	'过去'	4590
4565	(32, 1154)	' ident'	4591
4566	(723, 137)	'涉'	4592
4567	(121, 100)	'yd'	4593
4568	(1238, 1219)	' account'	4594
4569	(296, 171)	'叫'	4595
4570	(55, 53)	'75'	4596
4571	(284, 532)	' pain'	4597
4572	(1324, 293)	'itional'	4598
4573	(702, 135)	' ه'	4599
4574	(3879, 144)	'餐'	4600
4575	(2733, 1555)	'艺术'	4601
4576	(627, 1274)	'ام'	4602
4577	(625, 144)	'渐'	4603
4578	(875, 892)	' known'	4604
4579	(542, 108)	' Gl'	4605
4580	(462, 808)	'这次'	4606
4581	(1420, 2381)	' decision'	4607
4582	(1996, 819)	' talking'	4608
4583	(99, 259)	'che'	4609
4584	(45, 53)	'-5'	4610
4585	(2344, 1043)	'开发商'	4611
4586	(291, 279)	' den'	4612
4587	(1562, 1007)	' coach'	4613
4588	(288, 108)	'arl'	4614
4589	(339, 184)	'幸'	4615
4590	(377, 276)	' Cor'	4616
4591	(226, 152)	b'\xe2\x98'	4617
4592	(1848, 810)	'排名'	4618
4593	(1800, 1044)	' drug'	4619
4594	(284, 279)	' pen'	4620
4595	(559, 2590)	' project'	4621
4596	(2247, 1610)	' issues'	4622
4597	(830, 854)	'相当'	4623
4598	(3897, 121)	' cloudy'	4624
4599	(2184, 183)	'瓷'	4625
4600	(48, 57)	'09'	4626
4601	(2474, 817)	' continue'	4627
4602	(80, 83)	'PS'	4628
4603	(385, 1414)	' stock'	4629
4604	(3502, 276)	' favor'	4630
4605	(790, 419)	'法国'	4631
4606	(2176, 2673)	' instead'	4632
4607	(1374, 3644)	' security'	4633
4608	(195, 163)	'ã'	4634
4609	(1052, 272)	'市场的'	4635
4610	(320, 120)	'lex'	4637
4611	(3454, 2245)	'ospital'	4638
4612	(46, 51)	'.3'	4639
4613	(45, 51)	'-3'	4640
4614	(2043, 989)	'委员'	4641
4615	(838, 2010)	'数码'	4642
4616	(2065, 1271)	'医院'	4643
4617	(117, 320)	'ule'	4644
4618	(632, 97)	' tra'	4645
4619	(508, 172)	' ج'	4646
4620	(110, 111)	'no'	4647
4621	(74, 494)	'Just'	4648
4622	(286, 398)	' mur'	4649
4623	(80, 104)	'Ph'	4650
4624	(982, 2094)	' China'	4651
4625	(520, 684)	'来自'	4652
4626	(102, 697)	'fect'	4653
4627	(551, 165)	'挥'	4654
4628	(2426, 2616)	'ministr'	4655
4629	(499, 334)	'ument'	4656
4630	(422, 184)	'贸'	4657
4631	(1252, 824)	'单位'	4658
4632	(320, 1954)	'lebr'	4659
4633	(2171, 383)	' confir'	4660
4634	(302, 156)	'夜'	4661
4635	(570, 168)	'న'	4662
4636	(834, 724)	' club'	4663
4637	(232, 148)	b'\xe8\x94'	4664
4638	(10017, 1338)	' history'	4665
4639	(1538, 1351)	'领导'	4666
4640	(276, 283)	'oring'	4667
4641	(2348, 553)	'职业'	4668
4642	(344, 170)	'努'	4669
4643	(305, 450)	' lol'	4670
4644	(962, 1737)	'并且'	4671
4645	(79, 79)	'OO'	4672
4646	(2945, 1422)	'贷款'	4673
4647	(1034, 272)	'色的'	4675
4648	(1372, 808)	'再次'	4676
4649	(277, 1181)	' boy'	4677
4650	(2056, 2288)	'债券'	4678
4651	(521, 904)	'对手'	4679
4652	(1996, 107)	' talk'	4680
4653	(73, 76)	'IL'	4681
4654	(449, 182)	'陶'	4682
4655	(720, 129)	'谁'	4683
4656	(1201, 929)	'联赛'	4684
4657	(326, 97)	'ida'	4685
4658	(436, 101)	' Pe'	4686
4659	(110, 459)	'ners'	4687
4660	(385, 480)	' stri'	4688
4661	(466, 49)	' 21'	4689
4662	(920, 1459)	'事件'	4691
4663	(1073, 1890)	'网站'	4692
4664	(415, 151)	'抗'	4693
4665	(648, 165)	'肥'	4694
4666	(269, 141)	'」'	4695
4667	(269, 140)	'「'	4696
4668	(121, 114)	'yr'	4697
4669	(774, 293)	'ival'	4698
4670	(1262, 169)	'摩'	4699
4671	(82, 69)	'RE'	4700
4672	(32, 2257)	' ہ'	4701
4673	(108, 373)	'lim'	4702
4674	(718, 145)	'跑'	4703
4675	(277, 105)	' bi'	4704
4676	(1165, 774)	' activ'	4705
4677	(277, 1084)	' book'	4706
4678	(546, 330)	' vot'	4707
4679	(348, 111)	'ado'	4708
4680	(112, 288)	'par'	4709
4681	(749, 467)	'小时'	4710
4682	(434, 2071)	' rather'	4711
4683	(580, 164)	'த'	4712
4684	(502, 155)	'毛'	4713
4685	(615, 3621)	' July'	4714
4686	(289, 2648)	' occ'	4715
4687	(492, 1616)	'家居'	4716
4688	(117, 102)	'uf'	4717
4689	(2606, 1958)	'න්'	4718
4690	(1325, 320)	'ample'	4719
4691	(1357, 163)	' ኣ'	4720
4692	(108, 102)	'lf'	4721
4693	(107, 105)	'ki'	4722
4694	(503, 1289)	'ам'	4723
4695	(1601, 2649)	'视频'	4724
4696	(465, 170)	'怪'	4725
4697	(264, 2191)	' sense'	4726
4698	(403, 157)	'川'	4727
4699	(256, 273)	' tou'	4728
4700	(84, 114)	'Tr'	4729
4701	(508, 174)	' خ'	4730
4702	(560, 267)	'aker'	4731
4703	(831, 665)	'利用'	4732
4704	(938, 441)	'ization'	4733
4705	(10026, 188)	'鱼'	4734
4706	(282, 2197)	' field'	4735
4707	(2347, 529)	'央行'	4736
4708	(353, 285)	'aces'	4737
4709	(297, 642)	' host'	4738
4710	(405, 187)	'寻'	4739
4711	(802, 159)	'た'	4740
4712	(801, 115)	'ips'	4741
4713	(1937, 948)	' entire'	4742
4714	(426, 4440)	" haven't"	4743
4715	(3796, 940)	'有限公司'	4744
4716	(622, 115)	' abs'	4745
4717	(571, 666)	'成本'	4746
4718	(1786, 1158)	' running'	4747
4719	(780, 714)	'长期'	4748
4720	(287, 100)	'edd'	4749
4721	(301, 283)	'asing'	4750
4722	(700, 2357)	'比例'	4751
4723	(354, 279)	' Sen'	4752
4724	(386, 555)	'不要'	4753
4725	(297, 310)	' hom'	4754
4726	(256, 478)	' tem'	4755
4727	(1364, 557)	'十分'	4756
4728	(320, 288)	'lear'	4757
4729	(381, 374)	' held'	4758
4730	(284, 578)	' pres'	4759
4731	(579, 1271)	'学院'	4760
4732	(1342, 839)	'ancial'	4761
4733	(865, 808)	'此次'	4762
4734	(887, 1601)	'电视'	4763
4735	(397, 598)	'人们'	4764
4736	(2441, 287)	' killed'	4765
4737	(595, 908)	'公里'	4766
4738	(282, 759)	' fine'	4767
4739	(502, 146)	'毒'	4768
4740	(1144, 287)	'oved'	4769
4741	(306, 163)	'圣'	4770
4742	(709, 1088)	'同样'	4771
4743	(602, 1151)	'ик'	4772
4744	(3191, 1306)	' political'	4773
4745	(3787, 836)	' industry'	4774
4746	(358, 141)	'词'	4775
4747	(216, 174)	'خ'	4776
4748	(508, 185)	' ع'	4777
4749	(891, 101)	' Ste'	4778
4750	(829, 1711)	' arrest'	4779
4751	(402, 1099)	'ecause'	4780
4752	(45, 108)	'-l'	4781
4753	(588, 110)	' En'	4782
4754	(571, 1317)	'成立'	4783
4755	(2267, 101)	'reme'	4784
4756	(2777, 331)	' recently'	4785
4757	(389, 177)	'弱'	4786
4758	(569, 131)	'沃'	4787
4759	(1704, 275)	' Brit'	4788
4760	(117, 275)	'uit'	4789
4761	(118, 293)	'val'	4790
4762	(2350, 610)	'augh'	4791
4763	(4186, 777)	'综合'	4792
4764	(589, 133)	' अ'	4793
4765	(97, 398)	'aur'	4794
4766	(1613, 1070)	'参考'	4795
4767	(1511, 48)	' 70'	4796
4768	(920, 878)	'事情'	4797
4769	(412, 147)	'库'	4798
4770	(375, 927)	'under'	4799
4771	(1479, 287)	'itted'	4800
4772	(282, 4131)	' further'	4801
4773	(1073, 1482)	'网友'	4802
4774	(400, 1906)	'大幅'	4803
4775	(802, 171)	'に'	4804
4776	(1691, 164)	'்த'	4805
4777	(695, 521)	'面对'	4806
4778	(1049, 1427)	' amaz'	4807
4779	(602, 769)	'ит'	4809
4780	(341, 167)	'旧'	4810
4781	(492, 3223)	'家庭'	4811
4782	(2583, 109)	' film'	4812
4783	(463, 288)	' Har'	4813
4784	(365, 312)	'roll'	4814
4785	(488, 737)	" aren't"	4815
4786	(895, 1327)	'明星'	4816
4787	(641, 1212)	' One'	4817
4788	(3354, 334)	' moment'	4818
4789	(700, 848)	'比如'	4819
4790	(503, 1151)	'ак'	4820
4791	(608, 267)	'ender'	4821
4792	(2032, 162)	'慢'	4822
4793	(978, 555)	'只要'	4823
4794	(542, 101)	' Ge'	4824
4795	(514, 110)	' conn'	4825
4796	(608, 115)	'ends'	4827
4797	(360, 168)	'讨'	4828
4798	(286, 458)	' mag'	4829
4799	(311, 157)	'违'	4830
4800	(1328, 267)	' super'	4831
4801	(1660, 4377)	'火箭'	4832
4802	(529, 420)	'行为'	4833
4803	(97, 1294)	'ault'	4834
4804	(1538, 2333)	'领域'	4835
4805	(2772, 2114)	'竞争'	4836
4806	(457, 189)	'纽'	4837
4807	(282, 1557)	' fair'	4838
4808	(336, 1047)	'一种'	4839
4809	(775, 745)	'实力'	4840
4810	(726, 378)	'都有'	4841
4811	(1036, 10028)	' Thursday'	4842
4812	(499, 101)	'ume'	4843
4813	(677, 1775)	' leave'	4844
4814	(299, 181)	'兵'	4845
4815	(854, 914)	'当然'	4846
4816	(256, 1126)	' treat'	4847
4817	(3039, 1823)	' Republic'	4848
4818	(2050, 178)	'菲'	4849
4819	(1726, 804)	'速度'	4850
4820	(399, 121)	'key'	4851
4821	(2481, 3861)	' similar'	4852
4822	(1683, 121)	' happy'	4853
4823	(491, 673)	' jud'	4854
4824	(649, 1444)	'ог'	4855
4825	(486, 520)	'出来'	4856
4826	(385, 766)	' step'	4857
4827	(294, 4085)	' answ'	4858
4828	(358, 162)	'询'	4859
4829	(108, 352)	'lam'	4860
4830	(537, 136)	'ै'	4861
4831	(56, 56)	'88'	4862
4832	(391, 811)	' Mich'	4863
4833	(231, 152)	b'\xe7\x98'	4864
4834	(105, 402)	'iec'	4865
4835	(375, 116)	'unt'	4866
4836	(117, 104)	'uh'	4867
4837	(32, 398)	' ur'	4868
4838	(1561, 1375)	'北京时间'	4869
4839	(766, 116)	'ept'	4870
4840	(831, 1193)	'利率'	4871
4841	(546, 450)	' vol'	4872
4842	(2812, 927)	' wonder'	4873
4843	(82, 101)	'Re'	4874
4844	(813, 267)	' offer'	4875
4845	(99, 600)	'come'	4876
4846	(1432, 48)	' 60'	4877
4847	(286, 281)	' mis'	4878
4848	(10005, 324)	"I've"	4879
4849	(284, 633)	' pack'	4880
4850	(2975, 283)	' meeting'	4881
4851	(1002, 2602)	'保护'	4882
4852	(354, 109)	' Sm'	4883
4853	(1902, 1789)	' surpr'	4884
4854	(644, 178)	'曲'	4885
4855	(351, 161)	'乡'	4886
4856	(2102, 4312)	' announced'	4887
4857	(39, 39)	"''"	4888
4858	(723, 178)	'液'	4889
4859	(46, 48)	'.0'	4890
4860	(820, 568)	'关于'	4891
4861	(402, 370)	'ecut'	4892
4862	(573, 2414)	'下跌'	4893
4863	(3477, 1748)	' released'	4895
4864	(79, 85)	'OU'	4896
4865	(627, 840)	'ای'	4897
4866	(286, 330)	' mot'	4898
4867	(195, 151)	'×'	4899
4868	(560, 97)	'aka'	4900
4869	(305, 922)	' link'	4901
4870	(305, 111)	' lo'	4902
4871	(1325, 921)	'ampions'	4903
4872	(548, 116)	'ourt'	4904
4873	(655, 965)	'主持'	4905
4874	(512, 98)	' comb'	4906
4875	(291, 104)	' dh'	4907
4876	(232, 178)	b'\xe8\xb2'	4908
4877	(1143, 2109)	' recomm'	4909
4878	(2040, 275)	' wait'	4910
4879	(470, 288)	' War'	4911
4880	(1002, 1298)	'保证'	4912
4881	(458, 287)	'aged'	4913
4882	(1048, 171)	'莫'	4914
4883	(517, 103)	' neg'	4915
4884	(354, 402)	' Sec'	4916
4885	(194, 163)	'£'	4917
4886	(499, 97)	'uma'	4918
4887	(2179, 2262)	'人民币'	4919
4888	(284, 2901)	' present'	4920
4889	(2184, 166)	'瓦'	4921
4890	(736, 166)	'符'	4922
4891	(2162, 890)	' White'	4923
4892	(1013, 149)	' ਕ'	4924
4893	(552, 103)	' dog'	4925
4894	(45, 50)	'-2'	4926
4895	(589, 168)	' न'	4927
4896	(293, 97)	'ala'	4928
4897	(2427, 2487)	'范围'	4929
4898	(175, 566)	b'\xaf\xe0\xa6'	4930
4899	(1772, 285)	'okes'	4931
4900	(802, 175)	'は'	4932
4901	(1417, 115)	' shows'	4933
4902	(465, 128)	'怀'	4934
4903	(4107, 2019)	'阶段'	4935
4904	(710, 769)	'ет'	4936
4905	(2847, 2847)	'\u3000\u3000'	4937
4906	(2075, 734)	' provide'	4938
4907	(3888, 471)	b'\xe0\xb9\x80\xe0\xb8'	4939
4908	(632, 633)	' track'	4940
4909	(290, 151)	'朗'	4941
4910	(305, 1387)	' luck'	4942
4911	(451, 139)	'屋'	4943
4912	(303, 1126)	' threat'	4944
4913	(297, 519)	' hate'	4945
4914	(436, 288)	' Par'	4947
4915	(1186, 419)	'德国'	4948
4916	(1846, 1168)	' relations'	4949
4917	(4214, 144)	'齐'	4950
4918	(647, 154)	'罚'	4951
4919	(993, 55)	'2007'	4952
4920	(2055, 576)	'许多'	4953
4921	(308, 97)	'ica'	4954
4922	(284, 1256)	' pull'	4955
4923	(335, 186)	'固'	4956
4924	(573, 2758)	'下午'	4957
4925	(879, 136)	'ை'	4958
4926	(346, 3376)	' begin'	4959
4927	(2928, 2861)	'透露'	4960
4928	(340, 176)	'田'	4961
4929	(891, 1404)	' States'	4962
4930	(2447, 1861)	'按照'	4963
4931	(65, 65)	'AA'	4964
4932	(3746, 660)	'操作'	4965
4933	(1024, 789)	'身体'	4966
4934	(336, 824)	'一位'	4967
4935	(333, 2383)	' release'	4968
4936	(840, 3725)	'یں'	4969
4937	(1228, 884)	'型基金'	4970
4938	(591, 283)	'pping'	4971
4939	(2297, 646)	' movie'	4972
4940	(739, 130)	'時'	4973
4941	(436, 966)	' Park'	4974
4942	(2828, 933)	'移民'	4975
4943	(79, 77)	'OM'	4976
4944	(326, 283)	'iding'	4977
4945	(2131, 180)	'이'	4978
4946	(1944, 320)	'attle'	4979
4947	(482, 188)	'呼'	4980
4948	(412, 143)	'序'	4981
4949	(1696, 2529)	'采访'	4982
4950	(310, 283)	'oming'	4983
4951	(10018, 484)	' higher'	4984
4952	(750, 166)	'坦'	4985
4953	(303, 3695)	' thinking'	4986
4954	(1386, 97)	'ika'	4987
4955	(258, 111)	'ino'	4988
4956	(356, 101)	' Te'	4989
4957	(293, 105)	'ali'	4990
4958	(354, 119)	' Sw'	4991
4959	(1808, 784)	'男子'	4992
4960	(376, 1044)	' Aug'	4993
4961	(1493, 1413)	'传统'	4994
4962	(305, 1554)	' loss'	4995
4963	(264, 748)	' song'	4996
4964	(1013, 166)	' ਦ'	4997
4965	(2759, 4233)	' especially'	4998
4966	(733, 695)	'全面'	4999
4967	(2146, 1267)	'录取'	5000
4968	(648, 137)	'肉'	5001
4969	(705, 527)	'rents'	5002
4970	(343, 112)	' ep'	5003
4971	(316, 1775)	' gave'	5004
4972	(229, 180)	b'\xe5\xb4'	5005
4973	(998, 129)	'裁'	5006
4974	(464, 111)	' Do'	5007
4975	(291, 265)	' don'	5008
4976	(1495, 115)	' teams'	5009
4977	(1863, 459)	' leaders'	5010
4978	(871, 175)	'累'	5011
4979	(376, 1246)	' Ang'	5012
4980	(352, 287)	'amed'	5013
4981	(573, 272)	'下的'	5014
4982	(2964, 574)	' profess'	5015
4983	(1383, 323)	b'\xe0\xa5\x87\xe0\xa4'	5016
4984	(2261, 529)	'举行'	5017
4985	(1424, 4051)	' awesome'	5018
4986	(589, 134)	' आ'	5019
4987	(195, 172)	'ì'	5020
4988	(1304, 1931)	'规划'	5021
4989	(313, 156)	'宜'	5022
4990	(2517, 156)	'鲜'	5023
4991	(3505, 274)	' human'	5024
4992	(498, 185)	'培'	5025
4993	(739, 182)	'晶'	5026
4994	(664, 285)	' goes'	5027
4995	(2403, 1214)	'尽管'	5028
4996	(97, 528)	'aul'	5029
4997	(45, 119)	'-w'	5030
4998	(284, 2383)	' please'	5031
4999	(2784, 283)	' building'	5032
5000	(3289, 2089)	' particular'	5033
5001	(305, 536)	' los'	5034
5002	(363, 180)	'伴'	5035
5003	(670, 175)	'软'	5036
5004	(466, 50)	' 22'	5037
5005	(1276, 163)	'荣'	5038
5006	(3765, 1870)	' benef'	5039
5007	(102, 2197)	'field'	5040
5008	(97, 526)	'ael'	5041
5009	(10006, 101)	' include'	5042
5010	(1221, 57)	'199'	5043
5011	(2092, 130)	'堂'	5044
5012	(391, 1564)	' Market'	5045
5013	(1810, 4315)	' earlier'	5046
5014	(386, 495)	'不到'	5047
5015	(515, 675)	'though'	5048
5016	(663, 607)	'最新'	5049
5017	(821, 177)	'稱'	5050
5018	(2806, 121)	' easy'	5051
5019	(561, 145)	'辑'	5052
5020	(109, 275)	'mit'	5053
5021	(587, 272)	'后的'	5054
5022	(286, 1830)	' mph'	5055
5023	(1817, 1034)	'角色'	5056
5024	(428, 1461)	'上升'	5057
5025	(522, 2106)	'ability'	5058
5026	(2400, 518)	'佳能'	5059
5027	(422, 157)	'贝'	5060
5028	(2846, 1324)	' position'	5061
5029	(339, 187)	'幻'	5062
5030	(3596, 3961)	' Twitter'	5063
5031	(1222, 1076)	'东西'	5064
5032	(257, 3479)	' average'	5065
5033	(462, 908)	'这里'	5066
5034	(65, 77)	'AM'	5067
5035	(117, 121)	'uy'	5068
5036	(272, 1639)	'的问题'	5069
5037	(260, 157)	'丝'	5070
5038	(3108, 4632)	' celebr'	5071
5039	(506, 378)	'会有'	5072
5040	(1721, 102)	' diff'	5073
5041	(365, 100)	'rod'	5074
5042	(3040, 166)	'麦'	5075
5043	(415, 147)	'抓'	5076
5044	(820, 3913)	'关键'	5077
5045	(1132, 101)	' appe'	5078
5046	(264, 279)	' sen'	5079
5047	(333, 3168)	' reports'	5080
5048	(286, 1418)	' mother'	5081
5049	(264, 746)	' sound'	5082
5050	(2692, 1252)	'简单'	5083
5051	(1520, 1897)	'selves'	5084
5052	(45, 52)	'-4'	5085
5053	(641, 757)	' Off'	5086
5054	(278, 121)	' cy'	5087
5055	(376, 591)	' App'	5088
5056	(693, 374)	' sold'	5089
5057	(1824, 862)	' Also'	5090
5058	(265, 2195)	'onna'	5091
5059	(369, 114)	'igr'	5092
5060	(1444, 1825)	'ган'	5093
5061	(277, 1054)	' base'	5094
5062	(833, 154)	'聚'	5095
5063	(65, 116)	'At'	5096
5064	(421, 2865)	' webs'	5097
5065	(289, 107)	' ok'	5098
5066	(385, 2835)	' staff'	5099
5067	(524, 133)	'厅'	5100
5068	(329, 190)	'尾'	5101
5069	(733, 708)	'全部'	5102
5070	(265, 97)	'ona'	5103
5071	(385, 782)	' stra'	5104
5072	(683, 187)	'妻'	5106
5073	(528, 441)	'ulation'	5107
5074	(902, 99)	' enc'	5108
5075	(462, 1174)	'这么'	5109
5076	(4367, 332)	' target'	5110
5077	(347, 285)	' ones'	5111
5078	(10033, 629)	b'\xe0\xa9\xb1\xe0\xa8'	5112
5079	(197, 161)	'š'	5113
5080	(830, 521)	'相对'	5114
5081	(277, 522)	' bab'	5115
5082	(372, 177)	'東'	5116
5083	(314, 402)	' nec'	5117
5084	(270, 135)	'皇'	5118
5085	(234, 179)	b'\xea\xb3'	5119
5086	(32, 237)	b' \xed'	5120
5087	(99, 267)	'cer'	5121
5088	(1407, 145)	'滑'	5122
5089	(1059, 116)	'oint'	5123
5090	(285, 101)	'ese'	5124
5091	(10032, 148)	'는'	5125
5092	(3466, 293)	' total'	5126
5093	(576, 272)	'多的'	5127
5094	(434, 519)	' rate'	5128
5095	(1004, 139)	'ో'	5129
5096	(524, 154)	'厚'	5130
5097	(570, 3208)	b'\xe0\xb0\x82\xe0\xb0'	5131
5098	(4151, 331)	' exactly'	5132
5099	(1277, 808)	'首次'	5133
5100	(558, 182)	'架'	5134
5101	(372, 130)	'杂'	5135
5102	(802, 132)	'い'	5136
5103	(4642, 745)	'努力'	5137
5104	(1959, 174)	'献'	5138
5105	(775, 2138)	'实施'	5139
5106	(305, 287)	' led'	5140
5107	(484, 110)	'hern'	5141
5108	(679, 165)	'童'	5142
5109	(470, 10031)	' Washington'	5143
5110	(1113, 287)	'ressed'	5144
5111	(326, 729)	'idge'	5145
5112	(2375, 914)	'依然'	5146
5113	(731, 1969)	' myself'	5147
5114	(1000, 283)	'aving'	5148
5115	(663, 1970)	'最大的'	5149
5116	(386, 2851)	'不错'	5150
5117	(282, 274)	' fan'	5151
5118	(2788, 293)	' general'	5152
5119	(2050, 156)	'菜'	5153
5120	(353, 287)	'aced'	5154
5121	(1334, 486)	'推出'	5155
5122	(1022, 147)	'ና'	5156
5123	(314, 1025)	' norm'	5157
5124	(830, 700)	'相比'	5158
5125	(358, 175)	'误'	5159
5126	(111, 104)	'oh'	5160
5127	(217, 131)	'ك'	5161
5128	(95, 95)	'__'	5162
5129	(3276, 115)	' kids'	5163
5130	(1746, 771)	'确定'	5164
5131	(854, 539)	'当地'	5165
5132	(278, 728)	' cred'	5166
5133	(651, 116)	'apt'	5167
5134	(620, 790)	'方法'	5168
5135	(272, 1602)	'的话'	5169
5136	(302, 186)	'夺'	5170
5137	(3228, 115)	' Highs'	5171
5138	(277, 111)	' bo'	5172
5139	(231, 185)	b'\xe7\xb9'	5174
5140	(2112, 121)	' study'	5175
5141	(1379, 139)	'る'	5176
5142	(1195, 328)	'play'	5177
5143	(394, 136)	'盈'	5178
5144	(713, 956)	' space'	5179
5145	(400, 1037)	'大量'	5180
5146	(286, 1019)	' mass'	5181
5147	(1115, 158)	'舞'	5182
5148	(282, 866)	' fell'	5183
5149	(2276, 105)	'medi'	5184
5150	(56, 53)	'85'	5185
5151	(912, 844)	'房价'	5186
5152	(655, 900)	'主队'	5187
5153	(887, 784)	'电子'	5188
5154	(320, 643)	'lement'	5189
5155	(541, 136)	'授'	5190
5156	(1320, 568)	'处于'	5191
5157	(681, 357)	'将在'	5192
5158	(606, 164)	'ત'	5193
5159	(789, 2134)	'体验'	5194
5160	(103, 283)	'ging'	5195
5161	(1642, 155)	'痛'	5196
5162	(995, 2111)	'政治'	5197
5163	(1396, 184)	'岸'	5198
5164	(153, 430)	b'\x99\xe1\x80'	5199
5165	(802, 168)	'と'	5200
5166	(1847, 10034)	'越来越'	5201
5167	(1323, 667)	'值得'	5202
5168	(586, 168)	'ረ'	5203
5169	(264, 890)	' site'	5204
5170	(272, 749)	'的小'	5205
5171	(537, 130)	'ू'	5206
5172	(2317, 738)	' India'	5207
5173	(837, 931)	'ول'	5208
5174	(2239, 97)	' America'	5209
5175	(1989, 1496)	' respons'	5210
5176	(969, 3601)	'ograp'	5211
5177	(2672, 503)	' на'	5212
5178	(641, 98)	' Ob'	5213
5179	(338, 153)	'’'	5214
5180	(4257, 331)	'Mostly'	5215
5181	(308, 111)	'ico'	5216
5182	(1471, 375)	' commun'	5217
5183	(665, 1514)	'用户'	5218
5184	(284, 635)	' port'	5219
5185	(282, 275)	' fit'	5220
5186	(398, 116)	'urt'	5221
5187	(395, 181)	'赵'	5222
5188	(1250, 287)	' needed'	5223
5189	(843, 134)	'隆'	5224
5190	(571, 1018)	'成交'	5225
5191	(718, 179)	'跳'	5226
5192	(867, 156)	'柜'	5227
5193	(1303, 1907)	'结构'	5228
5194	(114, 274)	'ran'	5229
5195	(275, 1261)	'itte'	5230
5196	(391, 287)	' Med'	5231
5197	(974, 2106)	'ibility'	5232
5198	(68, 111)	'Do'	5233
5199	(110, 105)	'ni'	5234
5200	(2324, 534)	'招生'	5235
5201	(393, 161)	'衡'	5236
5202	(1259, 287)	' worked'	5237
5203	(430, 183)	'့'	5238
5204	(698, 154)	'ේ'	5239
5205	(2002, 734)	' inside'	5240
5206	(3702, 691)	' Police'	5241
5207	(1574, 518)	'才能'	5242
5208	(1476, 453)	'共和'	5243
5209	(1004, 135)	'ే'	5244
5210	(739, 168)	'晨'	5245
5211	(2584, 119)	'www'	5246
5212	(278, 489)	' cop'	5247
5213	(683, 136)	'妈'	5248
5214	(389, 159)	'弟'	5249
5215	(909, 1774)	'因素'	5250
5216	(606, 191)	'િ'	5251
5217	(538, 419)	'我国'	5252
5218	(297, 4168)	' huge'	5253
5219	(793, 144)	'姐'	5254
5220	(4126, 3438)	' Department'	5255
5221	(4237, 2633)	' Austral'	5256
5222	(465, 149)	'怕'	5257
5223	(490, 101)	' Ne'	5258
5224	(986, 190)	'灾'	5259
5225	(548, 2958)	'ources'	5260
5226	(830, 1058)	'相信'	5261
5227	(260, 129)	'丁'	5262
5228	(2643, 767)	'昨天'	5263
5229	(4407, 2138)	'措施'	5264
5230	(112, 287)	'ped'	5265
5231	(51, 55)	'37'	5266
5232	(291, 365)	' dro'	5267
5233	(2080, 1293)	'减少'	5268
5234	(299, 145)	'兑'	5269
5235	(407, 137)	'玉'	5270
5236	(257, 104)	' ah'	5271
5237	(112, 890)	'pite'	5272
5238	(863, 144)	'恐'	5273
5239	(1491, 130)	'狂'	5274
5240	(308, 1294)	'icult'	5275
5241	(1697, 150)	'暖'	5276
5242	(1630, 1066)	'真正'	5277
5243	(807, 166)	'苦'	5278
5244	(2744, 130)	'蒂'	5279
5245	(614, 1911)	'经营'	5280
5246	(277, 3123)	' board'	5281
5247	(268, 2182)	' wants'	5282
5248	(470, 1712)	' When'	5283
5249	(2273, 267)	' career'	5284
5250	(1029, 1294)	' result'	5285
5251	(589, 172)	' ब'	5286
5252	(480, 1122)	'ript'	5287
5253	(434, 746)	' round'	5288
5254	(649, 209)	b'\xd0\xbe\xd1'	5289
5255	(1640, 285)	'ences'	5290
5256	(541, 140)	'掌'	5291
5257	(373, 519)	'imate'	5292
5258	(865, 623)	'此前'	5293
5259	(268, 271)	' wat'	5294
5260	(290, 131)	'會'	5295
5261	(280, 161)	'亡'	5297
5262	(105, 1373)	'ients'	5298
5263	(531, 2097)	' Lows'	5299
5264	(2874, 852)	'核心'	5300
5265	(408, 4441)	'oogle'	5301
5266	(54, 53)	'65'	5302
5267	(1043, 773)	'商品'	5303
5268	(4017, 485)	' latest'	5304
5269	(397, 1415)	'人口'	5305
5270	(300, 275)	' init'	5306
5271	(352, 115)	'ams'	5307
5272	(1359, 135)	'勇'	5308
5273	(67, 274)	'Can'	5309
5274	(498, 131)	'埃'	5310
5275	(1401, 478)	' attem'	5311
5276	(232, 187)	b'\xe8\xbb'	5312
5277	(2202, 160)	' በ'	5313
5278	(108, 1225)	'lish'	5314
5279	(1400, 1665)	'老师'	5315
5280	(651, 274)	'apan'	5316
5281	(3029, 920)	'故事'	5317
5282	(447, 139)	'秋'	5318
5283	(2110, 995)	'财政'	5319
5284	(586, 171)	'ራ'	5320
5285	(2723, 1745)	'微博'	5321
5286	(2206, 914)	'仍然'	5322
5287	(278, 630)	' card'	5323
5288	(101, 285)	'ees'	5324
5289	(607, 3277)	'新闻'	5325
5290	(132, 1938)	b'\x84\xe1\x80\xba\xe1\x80'	5326
5291	(377, 3189)	' Comp'	5327
5292	(834, 536)	' clos'	5328
5293	(797, 4628)	' administr'	5329
5294	(2443, 1675)	'篮板'	5330
5295	(588, 108)	' El'	5331
5296	(1732, 607)	'创新'	5332
5297	(383, 97)	'ira'	5333
5298	(1091, 826)	'女性'	5334
5299	(383, 321)	'irst'	5335
5300	(3017, 331)	' currently'	5336
5301	(589, 164)	' त'	5337
5302	(882, 900)	'两队'	5338
5303	(1989, 1092)	' respond'	5339
5304	(457, 175)	'纯'	5340
5305	(1029, 1154)	' resident'	5341
5306	(309, 145)	'刑'	5342
5307	(346, 271)	' beat'	5343
5308	(519, 103)	'ateg'	5344
5309	(928, 4626)	' perfect'	5345
5310	(278, 1099)	' cause'	5346
5311	(4038, 730)	'尤其'	5347
5312	(1276, 137)	'草'	5348
5313	(778, 161)	'握'	5349
5314	(509, 145)	'剑'	5350
5315	(233, 160)	b'\xe9\xa0'	5351
5316	(1165, 322)	' action'	5352
5317	(218, 190)	'ھ'	5353
5318	(311, 133)	'迅'	5354
5319	(560, 459)	'akers'	5355
5320	(2648, 2312)	'ccording'	5356
5321	(389, 151)	'弗'	5357
5322	(313, 151)	'宗'	5358
5323	(864, 179)	'ታ'	5359
5324	(4778, 283)	' amazing'	5360
5325	(471, 162)	'ย'	5361
5326	(286, 2706)	' mention'	5362
5327	(2290, 3057)	' League'	5363
5328	(872, 350)	'更是'	5364
5329	(1196, 175)	'唯'	5365
5330	(1463, 1716)	'广州'	5366
5331	(3580, 373)	' victim'	5367
5332	(108, 2778)	'load'	5368
5333	(391, 101)	' Me'	5369
5334	(490, 4412)	' NIGHT'	5370
5335	(3974, 107)	' risk'	5371
5336	(1658, 3906)	'改革'	5372
5337	(438, 163)	'散'	5373
5338	(277, 398)	' bur'	5374
5339	(356, 86)	' TV'	5375
5340	(10003, 52)	' 2014'	5376
5341	(471, 165)	'ล'	5377
5342	(1633, 191)	'腿'	5378
5343	(152, 710)	b'\x98\xd0\xb5'	5379
5344	(566, 168)	'ন'	5380
5345	(1687, 2240)	' wrote'	5381
5346	(464, 4005)	' Donald'	5382
5347	(313, 190)	'宾'	5383
5348	(2877, 1054)	' increase'	5384
5349	(275, 276)	'itor'	5385
5350	(32, 382)	' ver'	5386
5351	(602, 747)	'ир'	5388
5352	(1119, 1969)	' himself'	5389
5353	(1172, 147)	'缓'	5390
5354	(381, 603)	' heart'	5391
5355	(111, 326)	'oid'	5392
5356	(386, 556)	'不可'	5393
5357	(2390, 1253)	'责任'	5394
5358	(823, 137)	'廉'	5395
5359	(354, 274)	' San'	5396
5360	(2269, 620)	'官方'	5397
5361	(4486, 3895)	' Democr'	5398
5362	(278, 1126)	' creat'	5399
5363	(2808, 643)	' development'	5400
5364	(1430, 1978)	'观众'	5401
5365	(2224, 935)	'普通'	5402
5366	(914, 587)	'然后'	5403
5367	(354, 1865)	' School'	5404
5368	(305, 522)	' lab'	5405
5369	(341, 162)	'既'	5406
5370	(121, 285)	'yes'	5407
5371	(644, 191)	'替'	5408
5372	(480, 1438)	'ribe'	5409
5373	(1756, 287)	' died'	5410
5374	(606, 130)	'ં'	5411
5375	(1827, 2491)	' subsc'	5412
5376	(69, 67)	'EC'	5413
5377	(655, 2728)	'主席'	5414
5378	(1334, 721)	'推动'	5415
5379	(32, 1925)	' à'	5416
5380	(2741, 825)	'严重'	5417
5381	(80, 67)	'PC'	5418
5382	(1707, 152)	' መ'	5419
5383	(606, 174)	'મ'	5420
5384	(657, 1385)	'开放'	5421
5385	(80, 603)	'Part'	5422
5386	(264, 3291)	' sorry'	5423
5387	(256, 1880)	' takes'	5424
5388	(258, 110)	'inn'	5425
5389	(305, 1566)	' larg'	5426
5390	(4898, 188)	b'\xaf\xe0\xa6\xbc'	5427
5391	(362, 142)	'野'	5428
5392	(1002, 4468)	'保障'	5429
5393	(1118, 99)	' Inc'	5430
5394	(1976, 1747)	'测试'	5431
5395	(586, 152)	'መ'	5432
5396	(320, 118)	'lev'	5433
5397	(641, 543)	' Oct'	5434
5398	(230, 135)	b'\xe6\x87'	5435
5399	(799, 182)	'零'	5436
5400	(751, 895)	'说明'	5437
5401	(264, 583)	' squ'	5438
5402	(2744, 153)	'蒙'	5439
5403	(369, 267)	'iger'	5440
5404	(1232, 271)	' feat'	5441
5405	(428, 1141)	'上周'	5442
5406	(4090, 446)	' Calif'	5444
5407	(257, 729)	' age'	5445
5408	(1204, 320)	' role'	5446
5409	(391, 423)	' Mus'	5447
5410	(1269, 172)	'硬'	5448
5411	(860, 817)	'venue'	5449
5412	(799, 170)	'雪'	5450
5413	(4297, 423)	' focus'	5451
5414	(863, 139)	'恋'	5452
5415	(978, 518)	'只能'	5453
5416	(2213, 3938)	' global'	5454
5417	(54, 54)	'66'	5455
5418	(3268, 441)	' investigation'	5456
5419	(710, 880)	'ел'	5457
5420	(723, 130)	'涂'	5458
5421	(1036, 1336)	' Thank'	5459
5422	(971, 171)	'ያ'	5460
5423	(264, 105)	' si'	5461
5424	(97, 326)	'aid'	5462
5425	(2123, 336)	'另一'	5463
5426	(2185, 777)	'适合'	5464
5427	(293, 107)	'alk'	5465
5428	(313, 135)	'宇'	5466
5429	(109, 283)	'ming'	5467
5430	(277, 2137)	' box'	5468
5431	(195, 168)	'è'	5469
5432	(292, 1490)	' town'	5470
5433	(1331, 1340)	'组图'	5472
5434	(1163, 737)	" couldn't"	5473
5435	(1049, 1219)	' amount'	5474
5436	(790, 1271)	'法院'	5475
5437	(466, 51)	' 23'	5476
5438	(1771, 608)	' weekend'	5477
5439	(1649, 10038)	'深圳'	5478
5440	(289, 418)	' oil'	5479
5441	(1013, 184)	' ਸ'	5480
5442	(77, 80)	'MP'	5481
5443	(1085, 171)	'漫'	5482
5444	(824, 1926)	'位置'	5483
5445	(802, 151)	'し'	5484
5446	(380, 153)	'孙'	5485
5447	(1105, 1625)	'无论'	5486
5448	(280, 166)	'亦'	5487
5449	(356, 111)	' To'	5488
5450	(84, 72)	'TH'	5489
5451	(611, 818)	' plans'	5490
5452	(375, 107)	'unk'	5491
5453	(69, 120)	'Ex'	5492
5454	(2321, 1955)	' specific'	5493
5455	(318, 83)	' IS'	5494
5456	(589, 181)	' व'	5495
5457	(1095, 139)	'ੋ'	5496
5458	(464, 328)	' Day'	5497
5459	(1702, 287)	' posted'	5498
5460	(546, 288)	' var'	5499
5461	(923, 1492)	' usually'	5500
5462	(410, 140)	'册'	5501
5463	(1011, 1154)	' incident'	5502
5464	(505, 97)	'anda'	5503
5465	(333, 2783)	' review'	5504
5466	(1283, 129)	'禁'	5505
5467	(601, 272)	'高的'	5506
5468	(1368, 804)	'程度'	5507
5469	(794, 184)	'胸'	5508
5470	(709, 700)	'同比'	5509
5471	(1590, 1315)	'走势'	5510
5472	(1697, 130)	'暂'	5511
5473	(403, 167)	'巧'	5512
5474	(3684, 553)	'毕业'	5513
5475	(1405, 184)	'脸'	5514
5476	(1001, 1317)	'建立'	5515
5477	(1697, 151)	'暗'	5516
5478	(627, 1326)	'اد'	5517
5479	(84, 111)	'To'	5518
5480	(2496, 187)	'翻'	5519
5481	(3892, 3262)	' January'	5520
5482	(2163, 390)	'命中'	5521
5483	(305, 969)	' log'	5522
5484	(102, 1050)	'ford'	5523
5485	(2027, 620)	'警方'	5524
5486	(779, 1466)	'平米'	5525
5487	(2848, 4969)	' parents'	5526
5488	(70, 76)	'FL'	5528
5489	(622, 1081)	' above'	5529
5490	(1584, 135)	' ч'	5530
5491	(570, 176)	'ర'	5531
5492	(692, 160)	'侠'	5532
5493	(104, 104)	'hh'	5533
5494	(418, 116)	'ilt'	5534
5495	(852, 744)	'心理'	5535
5496	(99, 121)	'cy'	5536
5497	(1617, 912)	'住房'	5537
5498	(3319, 1882)	'吸引'	5538
5499	(1723, 1184)	b'\xe0\xa4\xb0\xe0\xa5\x8d\xe0\xa4'	5539
5500	(645, 151)	'洗'	5540
5501	(365, 310)	'room'	5541
5502	(368, 157)	'帝'	5542
5503	(1056, 397)	'让人'	5543
5504	(5064, 890)	' website'	5544
5505	(831, 3983)	'利润'	5545
5506	(1129, 3898)	'英寸'	5546
5507	(778, 180)	'援'	5547
5508	(257, 3802)	' ahead'	5548
5509	(3153, 817)	' value'	5549
5510	(1201, 777)	'联合'	5550
5511	(264, 2760)	' sounds'	5551
5512	(1128, 183)	'混'	5552
5513	(388, 144)	'徐'	5553
5514	(1553, 3158)	'几乎'	5554
5515	(51, 56)	'38'	5555
5516	(629, 168)	'ਨ'	5556
5517	(511, 4692)	' self'	5557
5518	(845, 776)	'看好'	5558
5519	(1347, 272)	'他们的'	5559
5520	(684, 721)	'自动'	5560
5521	(1013, 185)	' ਹ'	5561
5522	(2656, 156)	'榜'	5562
5523	(2534, 2901)	' represent'	5563
5524	(195, 170)	'ê'	5564
5525	(2445, 2783)	' interview'	5565
5526	(2607, 331)	' nearly'	5566
5527	(1860, 97)	'iya'	5567
5528	(660, 773)	'作品'	5568
5529	(2507, 4184)	' correct'	5569
5530	(640, 506)	'就会'	5570
5531	(2702, 4413)	' situation'	5571
5532	(282, 626)	' fast'	5572
5533	(278, 293)	' cal'	5573
5534	(1597, 2345)	'太阳'	5574
5535	(323, 170)	'प'	5575
5536	(471, 180)	'ิ'	5576
5537	(436, 271)	' Pat'	5577
5538	(1629, 1795)	'精神'	5578
5539	(1247, 137)	'粉'	5579
5540	(1539, 1726)	'快速'	5580
5541	(1705, 48)	' 80'	5581
5542	(1329, 767)	'每天'	5582
5543	(699, 1024)	'机身'	5583
5544	(218, 175)	'گ'	5584
5545	(3314, 2084)	'丰富'	5585
5546	(233, 158)	b'\xe9\x9e'	5586
5547	(282, 1664)	' fix'	5587
5548	(314, 100)	' nd'	5588
5549	(121, 111)	'yo'	5589
5550	(2004, 293)	' personal'	5590
5551	(468, 573)	'以下'	5591
5552	(1740, 287)	' looked'	5592
5553	(629, 164)	'ਤ'	5593
5554	(52, 56)	'48'	5594
5555	(1262, 134)	'摆'	5595
5556	(330, 97)	'ota'	5596
5557	(470, 404)	' With'	5597
5558	(971, 176)	'ደ'	5598
5559	(1017, 267)	'anger'	5599
5560	(2351, 156)	'潜'	5600
5561	(377, 4872)	' Court'	5601
5562	(840, 903)	'ین'	5602
5563	(427, 2274)	'年轻'	5603
5564	(308, 682)	'icks'	5604
5565	(442, 111)	' ko'	5605
5566	(98, 276)	'bor'	5607
5567	(2429, 742)	' educ'	5608
5568	(549, 132)	'俄'	5609
5569	(268, 1225)	' wish'	5610
5570	(2442, 2579)	'突破'	5611
5571	(195, 178)	'ò'	5612
5572	(1498, 399)	'like'	5613
5573	(656, 141)	'遍'	5615
5574	(1837, 965)	'维持'	5616
5575	(1816, 48)	' 90'	5617
5576	(450, 2148)	'olute'	5618
5577	(1722, 3115)	'防守'	5619
5578	(940, 272)	'公司的'	5620
5579	(4563, 1071)	' military'	5621
5580	(1149, 149)	' ક'	5622
5581	(739, 147)	'晓'	5623
5582	(332, 267)	'eter'	5624
5583	(427, 520)	'年来'	5625
5584	(955, 190)	'爾'	5626
5585	(291, 2773)	' drop'	5627
5586	(875, 924)	' knew'	5628
5587	(52, 54)	'46'	5629
5588	(1018, 935)	'交通'	5630
5589	(291, 774)	' div'	5631
5590	(103, 97)	'ga'	5632
5591	(645, 129)	'洁'	5633
5592	(268, 1655)	' wife'	5634
5593	(3521, 738)	' Russia'	5635
5594	(793, 154)	'姚'	5636
5595	(397, 1083)	'人物'	5637
5596	(1798, 10037)	'希腊'	5638
5597	(487, 180)	'浴'	5639
5598	(471, 148)	'ด'	5640
5599	(467, 1217)	'时代'	5641
5600	(1658, 1286)	'改变'	5642
5601	(3575, 283)	' shooting'	5643
5602	(511, 860)	' seven'	5644
5603	(942, 107)	' thank'	5645
5604	(117, 120)	'ux'	5646
5605	(264, 2149)	' suff'	5647
5606	(103, 485)	'gest'	5648
5607	(32, 326)	' id'	5649
5608	(3649, 2736)	' football'	5651
5609	(934, 109)	' imm'	5652
5610	(1542, 330)	' phot'	5653
5611	(482, 136)	'呈'	5654
5612	(1133, 162)	'钢'	5655
5613	(2816, 2230)	' Canada'	5656
5614	(1876, 3216)	' countries'	5657
5615	(1405, 177)	'脱'	5658
5616	(53, 53)	'55'	5659
5617	(353, 1291)	'ached'	5660
5618	(1073, 1135)	'网游'	5661
5619	(291, 369)	' dig'	5662
5620	(109, 301)	'mas'	5663
5621	(1696, 1267)	'采取'	5664
5622	(383, 105)	'iri'	5665
5623	(864, 160)	'በ'	5666
5624	(348, 121)	'ady'	5667
5625	(1618, 4732)	' financial'	5668
5626	(1000, 121)	'avy'	5669
5627	(867, 147)	'染'	5671
5628	(934, 5149)	' immedi'	5672
5629	(87, 404)	'With'	5673
5630	(45, 56)	'-8'	5674
5631	(620, 1634)	'方案'	5675
5632	(1115, 135)	'與'	5676
5633	(1051, 129)	'ુ'	5677
5634	(799, 168)	'雨'	5678
5635	(67, 67)	'CC'	5679
5636	(606, 149)	'ક'	5680
5637	(111, 331)	'oly'	5681
5638	(284, 724)	' pub'	5682
5639	(2352, 116)	' capt'	5683
5640	(106, 97)	'ja'	5684
5641	(2685, 322)	' election'	5685
5642	(1129, 3534)	'英語'	5686
5643	(588, 626)	' East'	5687
5644	(504, 489)	' shop'	5688
5645	(979, 746)	' ground'	5689
5646	(100, 97)	'da'	5690
5647	(641, 80)	' OP'	5691
5648	(71, 332)	'Get'	5692
5649	(378, 397)	'有人'	5693
5650	(1514, 1228)	'户型'	5694
5651	(316, 279)	' gen'	5695
5652	(592, 617)	' exist'	5696
5653	(4475, 1315)	'趋势'	5697
5654	(311, 185)	'迹'	5698
5655	(573, 520)	'下来'	5699
5656	(1201, 3069)	'联盟'	5700
5657	(2041, 1503)	' product'	5701
5658	(258, 287)	'ined'	5702
5659	(275, 285)	'ites'	5703
5660	(615, 633)	' Jack'	5704
5661	(1709, 267)	' longer'	5705
5662	(663, 2400)	'最佳'	5706
5663	(3155, 1596)	' type'	5707
5664	(1061, 477)	' score'	5708
5665	(576, 838)	'多数'	5709
5666	(1108, 1403)	'制造'	5710
5667	(2215, 370)	'ribut'	5711
5668	(947, 486)	'提出'	5712
5669	(1615, 4444)	' individ'	5713
5670	(4425, 144)	'에'	5714
5671	(685, 100)	' word'	5715
5672	(2221, 163)	'董'	5716
5673	(601, 1680)	'高清'	5717
5674	(114, 310)	'rom'	5718
5675	(442, 119)	' kw'	5719
5676	(1599, 4527)	'娱乐'	5720
5677	(422, 166)	'账'	5721
5678	(309, 128)	'刀'	5722
5679	(2531, 505)	' demand'	5723
5680	(284, 4834)	' piec'	5724
5681	(3619, 98)	' doub'	5725
5682	(698, 131)	'ස'	5726
5683	(504, 4363)	' shares'	5727
5684	(438, 172)	'敬'	5728
5685	(1118, 1651)	' Intern'	5729
5686	(3368, 994)	' performance'	5730
5687	(1656, 160)	'珠'	5731
5688	(4189, 771)	'肯定'	5732
5689	(2341, 1604)	'索尼'	5733
5690	(1914, 1914)	'----'	5734
5691	(2353, 293)	' legal'	5735
5692	(2435, 276)	' director'	5736
5693	(743, 75)	' UK'	5737
5694	(863, 182)	'恶'	5738
5695	(4291, 320)	' title'	5739
5696	(278, 352)	' cam'	5740
5697	(1147, 789)	'具体'	5741
5698	(55, 54)	'76'	5742
5699	(378, 336)	'有一'	5743
5700	(698, 153)	'ෙ'	5744
5701	(32, 1843)	' 0.'	5745
5702	(1146, 1403)	'打造'	5746
5703	(83, 84)	'ST'	5747
5704	(1115, 146)	'舒'	5748
5705	(1734, 258)	' opin'	5749
5706	(571, 780)	'成长'	5750
5707	(3708, 4262)	' potential'	5751
5708	(278, 505)	' cand'	5752
5709	(1055, 101)	' twe'	5753
5710	(376, 103)	' Ag'	5754
5711	(4147, 121)	' policy'	5755
5712	(323, 163)	'ण'	5756
5713	(3313, 1935)	'冠军'	5757
5714	(448, 145)	'树'	5758
5715	(386, 667)	'不得'	5759
5716	(1678, 2089)	' regular'	5760
5717	(316, 5058)	' gonna'	5761
5718	(1360, 1113)	' address'	5762
5719	(65, 312)	'All'	5763
5720	(281, 99)	'isc'	5764
5721	(109, 265)	'mon'	5765
5722	(277, 271)	' bat'	5766
5723	(3581, 146)	'醒'	5767
5724	(529, 995)	'行政'	5769
5725	(3034, 910)	'姆斯'	5770
5726	(486, 1415)	'出口'	5771
5727	(726, 506)	'都会'	5772
5728	(79, 1212)	'One'	5774
5729	(277, 1336)	' bank'	5775
5730	(533, 1191)	' safe'	5776
5731	(363, 153)	'伙'	5777
5732	(1010, 293)	' Val'	5778
5733	(1861, 1223)	'照片'	5779
5734	(3068, 4381)	' received'	5780
5735	(218, 147)	'ړ'	5781
5736	(707, 160)	'池'	5782
5737	(692, 167)	'侧'	5783
5738	(1095, 176)	'ੰ'	5784
5739	(4618, 1251)	' travel'	5785
5740	(412, 138)	'床'	5786
5741	(121, 274)	'yan'	5787
5742	(195, 180)	'ô'	5788
5743	(3156, 2864)	' Minister'	5789
5744	(1157, 2145)	' however'	5790
5745	(410, 172)	'冬'	5791
5746	(345, 108)	'owl'	5792
5747	(1609, 283)	' starting'	5793
5748	(376, 543)	' Act'	5794
5749	(3155, 112)	' typ'	5795
5750	(3978, 1090)	' summer'	5796
5751	(264, 320)	' sle'	5797
5752	(291, 485)	' dest'	5798
5753	(256, 265)	' ton'	5799
5754	(969, 110)	'ogn'	5800
5755	(1196, 144)	'唐'	5801
5756	(119, 762)	'wood'	5802
5757	(683, 135)	'妇'	5803
5758	(282, 4469)	' federal'	5804
5759	(112, 331)	'ply'	5805
5760	(4916, 2270)	' relationship'	5806
5761	(1312, 579)	'光学'	5807
5762	(2328, 324)	' drive'	5808
5763	(434, 353)	' rac'	5809
5764	(1542, 2697)	' photo'	5810
5765	(418, 1684)	'ilities'	5811
5766	(1819, 173)	'饭'	5812
5767	(278, 4556)	' circ'	5813
5768	(277, 2225)	' bott'	5814
5769	(615, 101)	' Je'	5815
5770	(4307, 618)	b'\xc6\xb0\xe1\xbb'	5816
5771	(161, 430)	b'\xa1\xe1\x80'	5817
5772	(754, 167)	'ට'	5818
5773	(880, 2178)	'лар'	5819
5774	(1115, 185)	'船'	5820
5775	(1018, 1409)	'交流'	5821
5776	(552, 312)	' doll'	5823
5777	(296, 165)	'句'	5824
5778	(874, 3724)	' quality'	5825
5779	(639, 301)	' meas'	5826
5780	(552, 99)	' doc'	5827
5781	(891, 3753)	' Street'	5828
5782	(231, 158)	b'\xe7\x9e'	5829
5783	(3705, 112)	' susp'	5830
5784	(3398, 965)	'坚持'	5831
5785	(1022, 144)	'ነ'	5832
5786	(5071, 612)	' straight'	5833
5787	(1005, 916)	' contact'	5834
5788	(282, 478)	' fem'	5835
5789	(589, 176)	' र'	5836
5790	(1069, 786)	'海外'	5837
5791	(343, 1090)	' emer'	5838
5792	(436, 267)	' Per'	5839
5793	(2718, 134)	' چ'	5840
5794	(438, 143)	'敏'	5841
5795	(338, 140)	'\u200c'	5842
5796	(782, 1426)	'raft'	5843
5797	(4073, 678)	' picture'	5844
5798	(258, 441)	'ination'	5845
5799	(1525, 1926)	'配置'	5846
5800	(707, 189)	'汽'	5847
5801	(119, 111)	'wo'	5848
5802	(1542, 1623)	' phys'	5849
5803	(884, 272)	'基金的'	5850
5804	(297, 288)	' har'	5851
5805	(1367, 989)	'演员'	5852
5806	(1545, 878)	'爱情'	5853
5807	(1749, 136)	'ገ'	5854
5808	(323, 181)	'व'	5855
5809	(629, 185)	'ਹ'	5856
5810	(293, 116)	'alt'	5857
5811	(1470, 163)	'患'	5858
5812	(533, 102)	' saf'	5859
5813	(338, 152)	'‘'	5860
5814	(1821, 2085)	'ার'	5862
5815	(1096, 110)	'ən'	5863
5816	(508, 173)	' ح'	5864
5817	(1768, 345)	' below'	5865
5818	(2105, 649)	' по'	5866
5819	(421, 651)	' weap'	5867
5820	(298, 153)	'仙'	5868
5821	(281, 285)	'ises'	5869
5822	(387, 163)	'扣'	5870
5823	(51, 57)	'39'	5871
5824	(277, 274)	' ban'	5872
5825	(377, 748)	' Cong'	5873
5826	(639, 604)	' meant'	5874
5827	(51, 50)	'32'	5875
5828	(1366, 168)	'骨'	5876
5829	(257, 673)	' aud'	5877
5830	(592, 4861)	' execut'	5878
5831	(846, 166)	'锦'	5879
5832	(98, 2137)	'box'	5880
5833	(343, 612)	' eight'	5881
5834	(387, 174)	'扮'	5882
5835	(4873, 397)	'主持人'	5883
5836	(829, 480)	' arri'	5884
5837	(314, 441)	' nation'	5885
5838	(420, 655)	'为主'	5886
5839	(216, 186)	'غ'	5887
5840	(114, 473)	'rup'	5888
5841	(278, 1294)	' cult'	5889
5842	(1584, 141)	' э'	5890
5843	(4345, 322)	' version'	5891
5844	(720, 147)	'谓'	5892
5845	(1277, 1321)	'首先'	5893
5846	(1108, 804)	'制度'	5894
5847	(284, 876)	' page'	5895
5848	(1617, 4287)	'住宅'	5896
5849	(3916, 1763)	' involved'	5897
5850	(657, 486)	'开出'	5898
5851	(360, 162)	'订'	5899
5852	(4016, 324)	' improve'	5900
5853	(336, 810)	'一名'	5901
5854	(1081, 728)	'overed'	5902
5855	(585, 1552)	' living'	5903
5856	(398, 293)	'ural'	5904
5857	(368, 133)	'帅'	5905
5858	(512, 2047)	' comments'	5906
5859	(279, 283)	'ening'	5907
5860	(3388, 285)	' sales'	5908
5861	(466, 56)	' 28'	5909
5862	(4608, 111)	'ão'	5910
5863	(336, 427)	'一年'	5911
5864	(5040, 5240)	' difficult'	5912
5865	(4272, 1963)	' December'	5913
5866	(108, 3185)	'lished'	5914
5867	(993, 48)	'2000'	5915
5868	(377, 473)	' Cup'	5916
5869	(313, 171)	'宫'	5917
5870	(334, 331)	'ently'	5918
5871	(1043, 492)	'商家'	5919
5872	(121, 283)	'ying'	5920
5873	(826, 518)	'性能'	5921
5874	(873, 557)	'三分'	5922
5875	(1833, 1906)	'涨幅'	5923
5876	(45, 321)	'-st'	5924
5877	(2533, 138)	'熊'	5925
5878	(346, 3918)	' beaut'	5926
5879	(888, 1441)	'第四'	5927
5880	(3834, 1112)	'附近'	5928
5881	(3887, 419)	'韩国'	5929
5882	(3431, 3531)	' technology'	5930
5883	(216, 181)	'ص'	5931
5884	(577, 185)	'筹'	5932
5885	(554, 766)	' deep'	5933
5886	(389, 131)	'弃'	5934
5887	(297, 4611)	' hospital'	5935
5888	(2833, 1193)	'赔率'	5936
5889	(69, 76)	'EL'	5937
5890	(4176, 140)	'嫌'	5938
5891	(471, 151)	'ท'	5939
5892	(1463, 1222)	'广东'	5940
5893	(779, 1279)	'平台'	5941
5894	(1112, 540)	'近日'	5942
5895	(4827, 267)	' answer'	5943
5896	(1107, 168)	'ान'	5944
5897	(705, 100)	'rend'	5945
5898	(1713, 916)	' impact'	5946
5899	(1357, 160)	' አ'	5947
5900	(2358, 782)	' extra'	5948
5901	(419, 786)	'国外'	5949
5902	(884, 3317)	'基金经理'	5950
5903	(282, 105)	' fi'	5951
5904	(490, 345)	' Now'	5952
5905	(442, 274)	' kan'	5953
5906	(2122, 115)	' hands'	5954
5907	(2012, 121)	' ready'	5955
5908	(286, 1963)	' member'	5956
5909	(2609, 117)	' Qu'	5957
5910	(109, 477)	'more'	5958
5911	(1430, 816)	'观点'	5959
5912	(10040, 643)	'vironment'	5960
5913	(458, 283)	'aging'	5961
5914	(3578, 527)	' products'	5962
5915	(717, 191)	'偿'	5963
5916	(98, 398)	'bur'	5964
5917	(503, 1349)	'ав'	5965
5918	(98, 111)	'bo'	5966
5919	(2930, 1323)	'净值'	5967
5920	(296, 172)	'召'	5968
5921	(2499, 921)	' questions'	5969
5922	(1461, 1182)	'升级'	5970
5923	(267, 367)	"er's"	5971
5924	(1038, 165)	'桥'	5972
5925	(542, 762)	' Good'	5973
5926	(216, 183)	'ط'	5974
5927	(257, 431)	' ach'	5975
5928	(785, 1969)	' yourself'	5976
5929	(514, 118)	' conv'	5977
5930	(434, 348)	' rad'	5978
5931	(1414, 287)	'ocked'	5979
5932	(1379, 146)	'を'	5980
5933	(3219, 1676)	' international'	5981
5934	(333, 324)	' reve'	5982
5935	(967, 5051)	' themselves'	5983
5936	(592, 4690)	' example'	5984
5937	(580, 159)	'ட'	5985
5938	(98, 108)	'bl'	5986
5939	(413, 148)	'途'	5987
5940	(436, 603)	' Part'	5988
5941	(264, 1203)	' swe'	5989
5942	(754, 189)	'ල'	5990
5943	(857, 108)	' compl'	5991
5944	(1408, 2508)	'装修'	5992
5945	(542, 719)	' God'	5993
5946	(1240, 1006)	'那些'	5994
5947	(5211, 46)	'www.'	5995
5948	(351, 179)	'乳'	5996
5949	(3919, 331)	' completely'	5997
5950	(46, 50)	'.2'	5998
5951	(458, 97)	'aga'	5999
5952	(3643, 390)	'过程中'	6000
5953	(52, 57)	'49'	6001
5954	(417, 365)	' Bro'	6002
5955	(1577, 1031)	' email'	6003
5956	(2729, 521)	'绝对'	6005
5957	(571, 396)	'成了'	6006
5958	(590, 506)	'也会'	6007
5959	(698, 147)	'ී'	6008
5960	(348, 104)	'adh'	6009
5961	(1025, 115)	'orms'	6010
5962	(907, 844)	'报价'	6011
5963	(323, 166)	'द'	6012
5964	(980, 1759)	'意见'	6013
5965	(1497, 1660)	'热火'	6014
5966	(258, 682)	'inks'	6015
5967	(1029, 4397)	' results'	6016
5968	(1147, 1513)	'具备'	6017
5969	(2352, 2245)	' capital'	6018
5970	(1108, 660)	'制作'	6019
5971	(681, 506)	'将会'	6020
5972	(287, 115)	'eds'	6021
5973	(4877, 608)	' recommend'	6022
5974	(105, 3539)	'ique'	6023
5975	(586, 139)	'ላ'	6024
5976	(3523, 185)	'詹'	6025
5977	(1916, 1337)	'降低'	6026
5978	(290, 177)	'朱'	6027
5979	(1132, 1412)	' applic'	6028
5980	(10009, 2236)	' problems'	6029
5981	(10048, 3739)	'西班牙'	6030
5982	(46, 49)	'.1'	6031
5983	(1682, 681)	'即将'	6032
5984	(10025, 411)	' character'	6033
5985	(789, 1898)	'体育'	6034
5986	(1308, 2698)	'世纪'	6035
5987	(903, 1326)	'ند'	6036
5988	(284, 398)	' pur'	6037
5989	(289, 108)	' ol'	6038
5990	(502, 171)	'毫'	6039
5991	(1624, 499)	' consum'	6040
5992	(1444, 503)	'га'	6041
5993	(293, 287)	'aled'	6042
5994	(387, 172)	'扬'	6043
5995	(1785, 587)	'随后'	6044
5996	(258, 121)	'iny'	6045
5997	(761, 428)	'加上'	6046
5998	(4699, 431)	' touch'	6047
5999	(3797, 69)	' THE'	6048
6000	(119, 936)	'ware'	6049
6001	(554, 121)	' dey'	6050
6002	(107, 121)	'ky'	6051
6003	(114, 612)	'right'	6052
6004	(10008, 283)	' giving'	6053
6005	(4379, 3116)	' original'	6054
6006	(376, 80)	' AP'	6055
6007	(1462, 180)	' ප'	6056
6008	(3449, 267)	' Center'	6057
6009	(217, 190)	'پ'	6058
6010	(569, 170)	'沪'	6059
6011	(372, 156)	'杜'	6060
6012	(1224, 149)	' ক'	6061
6013	(638, 682)	'ocks'	6062
6014	(1116, 2665)	'战略'	6063
6015	(1989, 10042)	' response'	6064
6016	(4431, 521)	'针对'	6065
6017	(3080, 2089)	' popular'	6066
6018	(547, 156)	'颜'	6067
6019	(1850, 287)	'anned'	6068
6020	(570, 178)	'ల'	6069
6021	(45, 54)	'-6'	6070
6022	(10043, 604)	' significant'	6071
6023	(761, 913)	'加入'	6072
6024	(313, 143)	'宏'	6073
6025	(4335, 519)	' private'	6074
6026	(466, 55)	' 27'	6075
6027	(574, 322)	'ession'	6076
6028	(370, 459)	'uters'	6077
6029	(717, 182)	'偶'	6078
6030	(104, 1241)	'hold'	6079
6031	(294, 373)	' anim'	6080
6032	(525, 180)	'阴'	6081
6033	(275, 97)	'ita'	6082
6034	(916, 322)	'action'	6083
6035	(434, 1801)	' range'	6084
6036	(65, 930)	'After'	6085
6037	(272, 655)	'的主'	6086
6038	(3540, 10046)	' February'	6087
6039	(284, 320)	' ple'	6088
6040	(546, 2240)	' vote'	6089
6041	(589, 166)	' द'	6090
6042	(998, 153)	'裙'	6091
6043	(595, 1179)	'公安'	6092
6044	(323, 154)	'च'	6093
6045	(256, 548)	' tour'	6094
6046	(434, 956)	' race'	6095
6047	(4591, 133)	'★'	6096
6048	(714, 272)	'期的'	6097
6049	(3047, 5019)	'编辑'	6098
6050	(614, 1997)	'经历'	6099
6051	(376, 78)	' AN'	6100
6052	(3285, 131)	' ස'	6101
6053	(468, 587)	'以后'	6102
6054	(1471, 265)	' common'	6103
6055	(1140, 602)	'ди'	6104
6056	(296, 182)	'叶'	6105
6057	(231, 146)	b'\xe7\x92'	6107
6058	(232, 179)	b'\xe8\xb3'	6108
6059	(1066, 1080)	'正常'	6109
6060	(531, 97)	' La'	6110
6061	(45, 473)	'-up'	6111
6062	(4463, 326)	' David'	6112
6063	(902, 267)	' ener'	6113
6064	(263, 108)	'rel'	6114
6065	(585, 1897)	' lives'	6115
6066	(824, 2484)	'位於'	6116
6067	(1517, 912)	'票房'	6117
6068	(629, 184)	'ਸ'	6118
6069	(2967, 2967)	'        '	6119
6070	(390, 1235)	'中华'	6120
6071	(377, 1074)	' Coll'	6121
6072	(2056, 1123)	'债务'	6122
6073	(1761, 704)	'ын'	6123
6074	(71, 66)	'GB'	6124
6075	(920, 775)	'事实'	6125
6076	(32, 418)	' il'	6126
6077	(314, 104)	' nh'	6127
6078	(387, 129)	'扁'	6128
6079	(3323, 285)	' changes'	6129
6080	(695, 3038)	'面临'	6130
6081	(277, 406)	' bill'	6131
6082	(521, 620)	'对方'	6132
6083	(78, 3294)	'NBA'	6133
6084	(1158, 115)	'nings'	6134
6085	(589, 156)	' ज'	6135
6086	(750, 128)	'址'	6136
6087	(4317, 3439)	' Associ'	6137
6088	(3799, 293)	'ournal'	6138
6089	(3752, 119)	' draw'	6139
6090	(766, 608)	'epend'	6140
6091	(801, 320)	'iple'	6141
6092	(4205, 1116)	'挑战'	6142
6093	(333, 1007)	' reach'	6143
6094	(802, 166)	'て'	6144
6095	(282, 4545)	' felt'	6145
6096	(521, 865)	'对此'	6146
6097	(606, 181)	'વ'	6147
6098	(1303, 777)	'结合'	6148
6099	(354, 4839)	' Sept'	6149
6100	(264, 635)	' sort'	6150
6101	(297, 2365)	' htt'	6151
6102	(412, 132)	'庄'	6152
6103	(998, 164)	'裤'	6153
6104	(2412, 345)	' follow'	6154
6105	(338, 162)	'•'	6155
6106	(615, 5280)	' Japan'	6156
6107	(65, 68)	'AD'	6157
6108	(73, 109)	'Im'	6158
6109	(97, 1346)	'arent'	6159
6110	(1508, 2201)	' کے'	6160
6111	(466, 57)	' 29'	6161
6112	(286, 1402)	' mater'	6162
6113	(4127, 1079)	'截至'	6163
6114	(883, 163)	'督'	6164
6115	(1094, 597)	'股市'	6165
6116	(1257, 665)	'费用'	6166
6117	(558, 170)	'枪'	6167
6118	(323, 151)	'ग'	6168
6119	(740, 1832)	'资料'	6169
6120	(580, 169)	'ன'	6170
6121	(82, 73)	'RI'	6171
6122	(52, 55)	'47'	6172
6123	(5385, 331)	'Partly'	6173
6124	(620, 1248)	'方向'	6174
6125	(626, 308)	'astic'	6175
6126	(1187, 283)	' seeing'	6176
6127	(688, 3446)	' allowed'	6177
6128	(277, 673)	' bud'	6178
6129	(1020, 112)	' prep'	6179
6130	(902, 115)	' ens'	6180
6131	(114, 352)	'ram'	6181
6132	(341, 166)	'旦'	6182
6133	(98, 287)	'bed'	6183
6134	(434, 274)	' ran'	6184
6135	(256, 398)	' tur'	6185
6136	(882, 397)	'两人'	6186
6137	(384, 173)	'凭'	6187
6138	(2659, 519)	' create'	6188
6139	(1630, 775)	'真实'	6189
6140	(2183, 274)	' clean'	6190
6141	(531, 10045)	' London'	6191
6142	(382, 116)	'vert'	6192
6143	(677, 3057)	' league'	6193
6144	(466, 54)	' 26'	6194
6145	(306, 134)	'圆'	6195
6146	(438, 140)	'敌'	6196
6147	(279, 287)	'ened'	6197
6148	(351, 177)	'乱'	6198
6149	(685, 3215)	' words'	6199
6150	(273, 108)	'oul'	6200
6151	(629, 130)	'ਂ'	6201
6152	(917, 2025)	' prices'	6202
6153	(276, 927)	'order'	6203
6154	(5406, 10047)	' California'	6204
6155	(378, 800)	'有所'	6205
6156	(488, 301)	' areas'	6206
6157	(271, 105)	'ati'	6207
6158	(545, 4627)	'发挥'	6208
6159	(619, 1217)	'现代'	6209
6160	(3557, 716)	'促进'	6210
6161	(471, 176)	'ะ'	6211
6162	(937, 166)	'邦'	6212
6163	(4082, 485)	' honest'	6213
6164	(1331, 777)	'组合'	6214
6165	(632, 3194)	' training'	6215
6166	(116, 308)	'tic'	6216
6167	(114, 115)	'rs'	6217
6168	(1523, 166)	'韦'	6218
6169	(2848, 326)	' paid'	6219
6170	(1204, 312)	' roll'	6220
6171	(476, 156)	'拜'	6221
6172	(4604, 890)	' favorite'	6222
6173	(1863, 267)	' leader'	6223
6174	(1499, 154)	'楚'	6224
6175	(2092, 161)	'堡'	6225
6176	(291, 519)	' date'	6226
6177	(4960, 494)	' August'	6227
6178	(971, 181)	'ድ'	6228
6179	(1091, 1362)	'女士'	6229
6180	(794, 128)	'胀'	6230
6181	(463, 267)	' Her'	6231
6182	(421, 108)	' wel'	6232
6183	(934, 458)	' imag'	6233
6184	(3930, 97)	' Korea'	6234
6185	(301, 107)	'ask'	6235
6186	(1538, 1321)	'领先'	6236
6187	(111, 101)	'oe'	6237
6188	(276, 729)	'orge'	6238
6189	(332, 365)	'etro'	6239
6190	(2770, 485)	' request'	6240
6191	(39, 110)	"'n"	6241
6192	(291, 117)	' du'	6242
6193	(2552, 2697)	' Photo'	6243
6194	(2749, 287)	' turned'	6244
6195	(1678, 322)	' region'	6245
6196	(1603, 10049)	'双色球'	6246
6197	(333, 98)	' reb'	6247
6198	(1587, 156)	'搜'	6248
6199	(962, 1207)	'并没有'	6249
6200	(1917, 5606)	' biggest'	6250
6201	(615, 1742)	' James'	6251
6202	(2476, 272)	'不同的'	6252
6203	(428, 2758)	'上午'	6253
6204	(1013, 168)	' ਨ'	6254
6205	(85, 110)	'Un'	6255
6206	(1061, 3307)	' scene'	6256
6207	(104, 274)	'han'	6257
6208	(45, 258)	'-in'	6258
6209	(118, 485)	'vest'	6259
6210	(45, 103)	'-g'	6260
6211	(688, 345)	' allow'	6261
6212	(3392, 529)	'执行'	6262
6213	(514, 1314)	' convers'	6263
6214	(4546, 430)	b'\xe1\x80\xbc\xe1\x80'	6264
6215	(593, 100)	' ord'	6265
6216	(1732, 1403)	'创造'	6266
6217	(110, 104)	'nh'	6267
6218	(83, 600)	'Some'	6268
6219	(1215, 152)	'默'	6269
6220	(368, 149)	'帕'	6270
6221	(1005, 3563)	' contract'	6271
6222	(716, 2407)	'进攻'	6272
6223	(293, 285)	'ales'	6273
6224	(713, 4899)	' spokes'	6274
6225	(1058, 852)	'信心'	6275
6226	(106, 101)	'je'	6276
6227	(1462, 154)	' ක'	6277
6228	(3258, 115)	' winds'	6278
6229	(66, 73)	'BI'	6279
6230	(434, 2751)	' rights'	6280
6231	(2157, 1700)	'满足'	6281
6232	(3853, 397)	'负责人'	6282
6233	(713, 330)	' spot'	6283
6234	(3577, 400)	'扩大'	6284
6235	(664, 100)	' god'	6285
6236	(1587, 186)	'携'	6286
6237	(1562, 382)	' cover'	6287
6238	(97, 274)	'aan'	6288
6239	(704, 649)	'но'	6289
6240	(1094, 1556)	'股份'	6290
6241	(457, 184)	'纸'	6291
6242	(2417, 115)	' groups'	6292
6243	(10016, 110)	' learn'	6293
6244	(471, 149)	'ต'	6294
6245	(1629, 1358)	'精彩'	6295
6246	(112, 283)	'ping'	6296
6247	(1750, 1373)	' events'	6297
6248	(2285, 2863)	' obvious'	6298
6249	(529, 878)	'行情'	6299
6250	(232, 157)	b'\xe8\x9d'	6300
6251	(661, 4000)	' cannot'	6301
6252	(1357, 168)	' ከ'	6302
6253	(724, 101)	'ube'	6303
6254	(1807, 832)	' در'	6304
6255	(2647, 397)	'湖人'	6305
6256	(107, 110)	'kn'	6306
6257	(3107, 2145)	' However'	6307
6258	(256, 263)	' tre'	6308
6259	(277, 1256)	' bull'	6309
6260	(48, 56)	'08'	6310
6261	(640, 553)	'就业'	6311
6262	(3093, 1199)	'宣布'	6312
6263	(332, 116)	'ett'	6313
6264	(155, 430)	b'\x9b\xe1\x80'	6314
6265	(69, 79)	'EO'	6315
6266	(974, 331)	'ibly'	6316
6267	(4979, 526)	' Angel'	6317
6268	(196, 141)	'č'	6318
6269	(2910, 1883)	'背景'	6319
6270	(316, 690)	' gone'	6320
6271	(2431, 495)	'找到'	6321
6272	(619, 2062)	'现象'	6322
6273	(750, 143)	'坏'	6323
6274	(385, 1404)	' states'	6324
6275	(97, 275)	'ait'	6325
6276	(914, 689)	'然而'	6326
6277	(710, 1151)	'ек'	6327
6278	(617, 308)	'istic'	6328
6279	(354, 600)	' Some'	6329
6280	(109, 279)	'men'	6330
6281	(284, 3711)	' purch'	6331
6282	(392, 179)	'耳'	6332
6283	(54, 424)	'600'	6333
6284	(883, 161)	'睡'	6334
6285	(664, 374)	' gold'	6335
6286	(503, 946)	'ас'	6336
6287	(232, 152)	b'\xe8\x98'	6337
6288	(2326, 534)	'卫生'	6338
6289	(2893, 397)	'令人'	6339
6290	(777, 709)	'合同'	6340
6291	(712, 101)	' Ke'	6341
6292	(345, 100)	'owd'	6342
6293	(4654, 4599)	'陶瓷'	6343
6294	(274, 111)	'ano'	6344
6295	(2523, 557)	'充分'	6345
6296	(812, 272)	'内的'	6346
6297	(1754, 598)	'它们'	6347
6298	(1749, 141)	'ግ'	6348
6299	(121, 273)	'you'	6349
6300	(427, 623)	'年前'	6350
6301	(276, 103)	'org'	6351
6302	(695, 272)	'面的'	6352
6303	(49, 1270)	'1000'	6353
6304	(267, 324)	'erve'	6354
6305	(114, 283)	'ring'	6355
6306	(415, 181)	'抵'	6356
6307	(388, 140)	'後'	6357
6308	(511, 1878)	' search'	6358
6309	(336, 492)	'一家'	6359
6310	(10024, 2548)	' opportunity'	6360
6311	(1026, 188)	'發'	6361
6312	(396, 889)	'了一个'	6362
6313	(346, 2061)	' began'	6363
6314	(3289, 801)	' particip'	6364
6315	(500, 433)	'ounce'	6365
6316	(98, 505)	'band'	6366
6317	(705, 431)	'rench'	6367
6318	(5293, 441)	' administration'	6368
6319	(114, 1503)	'ruct'	6369
6320	(2907, 283)	' watching'	6370
6321	(52, 424)	'400'	6371
6322	(1073, 428)	'网上'	6372
6323	(614, 1080)	'经常'	6373
6324	(119, 866)	'well'	6374
6325	(325, 180)	'戴'	6375
6326	(1766, 157)	' ዝ'	6376
6327	(284, 728)	' pred'	6377
6328	(278, 2340)	' cross'	6378
6329	(1408, 1513)	'装备'	6379
6330	(1882, 1021)	'引起'	6380
6331	(790, 3234)	'法律'	6381
6332	(490, 332)	' Net'	6382
6333	(2289, 963)	'While'	6383
6334	(68, 80)	'DP'	6384
6335	(540, 623)	'日前'	6385
6336	(461, 173)	'闭'	6386
6337	(754, 175)	'ද'	6387
6338	(327, 1929)	' yeah'	6388
6339	(2271, 115)	' laws'	6389
6340	(1934, 2236)	' terms'	6390
6341	(1671, 1104)	"You're"	6391
6342	(1433, 2016)	'亚洲'	6392
6343	(2641, 272)	'岁的'	6393
6344	(5139, 129)	'繁'	6394
6345	(870, 191)	'矿'	6395
6346	(805, 153)	'墙'	6396
6347	(108, 612)	'light'	6397
6348	(80, 365)	'Pro'	6398
6349	(2317, 1150)	' Indian'	6399
6350	(596, 3511)	' chief'	6400
6351	(336, 816)	'一点'	6401
6352	(3604, 2598)	'刺激'	6402
6353	(3976, 267)	' Super'	6403
6354	(1803, 790)	'办法'	6404
6355	(721, 660)	'动作'	6405
6356	(1642, 135)	'症'	6406
6357	(1013, 181)	' ਵ'	6407
6358	(540, 887)	'日电'	6408
6359	(647, 178)	'署'	6409
6360	(828, 400)	'很大'	6410
6361	(114, 100)	'rd'	6411
6362	(864, 163)	'ባ'	6412
6363	(73, 77)	'IM'	6413
6364	(286, 1078)	' mob'	6414
6365	(2013, 136)	'иш'	6415
6366	(1568, 617)	' assist'	6416
6367	(1973, 367)	" Trump's"	6417
6368	(546, 738)	' via'	6418
6369	(641, 104)	' Oh'	6419
6370	(471, 154)	'บ'	6420
6371	(519, 382)	'atever'	6421
6372	(838, 1037)	'数量'	6422
6373	(1061, 1291)	' sched'	6423
6374	(698, 144)	'ැ'	6424
6375	(390, 2051)	'中國'	6425
6376	(4890, 777)	'符合'	6426
6377	(713, 334)	' spent'	6427
6378	(381, 312)	' hell'	6428
6379	(5176, 104)	'ograph'	6429
6380	(1149, 170)	' પ'	6430
6381	(329, 186)	'尺'	6431
6382	(1663, 129)	'梁'	6432
6383	(77, 328)	'May'	6433
6384	(4254, 287)	' alleged'	6434
6385	(580, 179)	'ள'	6435
6386	(4762, 116)	'aught'	6436
6387	(1819, 174)	'饮'	6437
6388	(1061, 2949)	' screen'	6438
6389	(1236, 667)	'使得'	6439
6390	(614, 3105)	'经典'	6440
6391	(77, 101)	'Me'	6441
6392	(905, 2556)	' accept'	6442
6393	(522, 97)	'aba'	6443
6394	(57, 53)	'95'	6444
6395	(469, 179)	' г'	6445
6396	(508, 162)	' آ'	6446
6397	(272, 3008)	'的朋友'	6447
6398	(106, 117)	'ju'	6448
6399	(3889, 1765)	' England'	6449
6400	(854, 623)	'当前'	6450
6401	(313, 160)	'宠'	6451
6402	(3598, 1131)	'享受'	6452
6403	(4331, 3756)	' William'	6453
6404	(1842, 2665)	'策略'	6454
6405	(4614, 506)	'委员会'	6455
6406	(881, 141)	'霍'	6456
6407	(3744, 573)	'旗下'	6457
6408	(282, 263)	' fre'	6458
6409	(912, 784)	'房子'	6459
6410	(105, 332)	'iet'	6460
6411	(353, 484)	'acher'	6461
6412	(617, 274)	'istan'	6462
6413	(282, 2071)	' father'	6463
6414	(1201, 3305)	'联储'	6464
6415	(417, 3424)	' BBC'	6465
6416	(507, 178)	'欲'	6466
6417	(2574, 536)	' oppos'	6467
6418	(291, 1451)	' dont'	6468
6419	(480, 274)	'rian'	6469
6420	(899, 3891)	'万像素'	6470
6421	(386, 1700)	'不足'	6471
6422	(954, 2129)	'计算'	6472
6423	(463, 281)	' His'	6473
6424	(551, 130)	'挂'	6474
6425	(3285, 128)	' ව'	6475
6426	(825, 607)	'重新'	6476
6427	(1895, 1380)	'楼盘'	6477
6428	(666, 1141)	'本周'	6478
6429	(539, 727)	'地球'	6479
6430	(2008, 784)	'儿子'	6480
6431	(2322, 562)	'黄金'	6481
6432	(1420, 3240)	' decided'	6483
6433	(458, 111)	'ago'	6484
6434	(226, 134)	b'\xe2\x86'	6485
6435	(1065, 1534)	' text'	6486
6436	(264, 608)	' send'	6487
6437	(689, 1981)	'而言'	6488
6438	(66, 101)	'Be'	6489
6439	(358, 154)	'诚'	6490
6440	(112, 109)	'pm'	6491
6441	(197, 190)	'ž'	6492
6442	(1088, 272)	'样的'	6493
6443	(740, 666)	'资本'	6494
6444	(1578, 1474)	' daily'	6495
6445	(1017, 117)	'angu'	6496
6446	(286, 966)	' mark'	6497
6447	(843, 144)	'隐'	6498
6448	(543, 322)	'ction'	6499
6449	(2377, 272)	'重要的'	6500
6450	(2041, 3159)	' production'	6501
6451	(259, 108)	'hel'	6502
6452	(2131, 132)	'을'	6503
6453	(1005, 334)	' content'	6504
6454	(1630, 272)	'真的'	6505
6455	(1856, 1182)	'评级'	6506
6456	(561, 134)	'辆'	6507
6457	(864, 178)	'ቲ'	6508
6458	(1439, 1974)	'亿美元'	6509
6459	(681, 568)	'将于'	6510
6460	(105, 604)	'iant'	6512
6461	(536, 104)	'osh'	6513
6462	(895, 1746)	'明确'	6514
6463	(1224, 172)	' ব'	6515
6464	(835, 272)	'目的'	6516
6465	(4027, 876)	' message'	6517
6466	(2179, 5208)	'人民共和'	6518
6467	(1750, 4064)	' evidence'	6519
6468	(2817, 3296)	b'\xe1\x80\xb1\xe1\x80\xac\xe1\x80'	6520
6469	(450, 97)	'ola'	6521
6470	(2704, 633)	' Black'	6522
6471	(1743, 836)	' carry'	6523
6472	(979, 505)	' grand'	6524
6473	(231, 183)	b'\xe7\xb7'	6525
6474	(3071, 3158)	'似乎'	6526
6475	(1905, 910)	'罗斯'	6527
6476	(2594, 560)	' speak'	6528
6477	(517, 475)	' neigh'	6529
6478	(305, 633)	' lack'	6530
6479	(513, 161)	'泡'	6531
6480	(437, 819)	' asking'	6532
6481	(2830, 1748)	'-based'	6533
6482	(4520, 163)	'縣'	6534
6483	(3245, 876)	' damage'	6535
6484	(32, 499)	' um'	6536
6485	(1546, 1315)	'形势'	6537
6486	(2014, 97)	' za'	6538
6487	(2409, 506)	'协会'	6539
6488	(1218, 157)	'喝'	6540
6489	(1803, 595)	'办公'	6541
6490	(178, 5203)	b'\xb2\xe1\x80\xb7'	6542
6491	(511, 1777)	' select'	6543
6492	(1739, 1002)	'环保'	6544
6493	(1484, 157)	b' \xec\x9d'	6545
6494	(1547, 3703)	'反弹'	6546
6495	(1258, 1418)	' brother'	6547
6496	(4770, 321)	'underst'	6548
6497	(257, 102)	' af'	6549
6498	(618, 153)	'ộ'	6550
6499	(558, 154)	'枚'	6551
6500	(271, 3384)	'atives'	6552
6501	(303, 1719)	' thread'	6553
6502	(2057, 2717)	' difference'	6554
6503	(277, 458)	' bag'	6555
6504	(2220, 2120)	'को'	6556
6505	(1464, 706)	'完美'	6557
6506	(298, 148)	'仔'	6558
6507	(2435, 331)	' directly'	6559
6508	(264, 4144)	' source'	6560
6509	(370, 267)	'uter'	6561
6510	(480, 1512)	'rible'	6562
6511	(684, 1093)	'自由'	6563
6512	(286, 334)	' ment'	6564
6513	(2013, 143)	'ия'	6565
6514	(195, 186)	'ú'	6566
6515	(263, 4268)	'reci'	6567
6516	(3953, 459)	' customers'	6568
6517	(933, 2027)	'民警'	6569
6518	(256, 977)	' tick'	6570
6519	(789, 1086)	'体系'	6571
6520	(413, 131)	'逃'	6572
6521	(6063, 3028)	' energy'	6573
6522	(420, 1972)	'为什么'	6574
6523	(4401, 141)	'植'	6575
6524	(1786, 115)	' runs'	6576
6525	(589, 173)	' भ'	6577
6526	(107, 279)	'ken'	6578
6527	(2413, 3726)	'欢迎'	6579
6528	(51, 52)	'34'	6580
6529	(1863, 283)	' leading'	6581
6530	(333, 118)	' rev'	6582
6531	(1159, 129)	'ু'	6583
6532	(1656, 141)	'珍'	6584
6533	(2671, 272)	'更多的'	6585
6534	(103, 103)	'gg'	6586
6535	(418, 285)	'iles'	6587
6536	(297, 276)	' hor'	6588
6537	(107, 274)	'kan'	6589
6538	(629, 188)	'਼'	6590
6539	(1134, 1189)	'强调'	6591
6540	(1508, 840)	' کی'	6592
6541	(1038, 145)	'桑'	6593
6542	(230, 167)	b'\xe6\xa7'	6594
6543	(319, 169)	'佩'	6595
6544	(1516, 396)	'进行了'	6596
6545	(281, 1082)	'ishing'	6597
6546	(398, 117)	'uru'	6598
6547	(39, 114)	"'r"	6599
6548	(321, 265)	'ston'	6600
6549	(510, 258)	' Fin'	6601
6550	(1378, 272)	'她的'	6602
6551	(569, 137)	'沉'	6603
6552	(1417, 287)	' showed'	6604
6553	(3408, 2287)	'距离'	6605
6554	(1258, 2980)	' brought'	6606
6555	(267, 99)	'erc'	6607
6556	(802, 140)	'が'	6608
6557	(513, 189)	'泽'	6609
6558	(625, 160)	'渠'	6611
6559	(2814, 3656)	' article'	6612
6560	(645, 165)	'津'	6613
6561	(5083, 574)	' necess'	6614
6562	(777, 744)	'合理'	6615
6563	(2080, 4665)	'减肥'	6616
6564	(2646, 283)	' interesting'	6617
6565	(3097, 1107)	b'\xe0\xa5\x8d\xe0\xa4\xaf\xe0\xa4\xbe\xe0\xa4'	6618
6566	(5546, 139)	'鞋'	6619
6567	(434, 532)	' rain'	6620
6568	(491, 1395)	' jump'	6621
6569	(5708, 326)	' candid'	6622
6570	(1615, 308)	' indic'	6623
6571	(344, 178)	'劲'	6624
6572	(76, 3009)	'LED'	6625
6573	(101, 287)	'eed'	6626
6574	(1143, 5754)	' recogn'	6627
6575	(97, 673)	'aud'	6628
6576	(666, 2854)	'本赛季'	6629
6577	(1079, 1293)	'至少'	6630
6578	(4688, 916)	'ufact'	6631
6579	(1053, 115)	' knows'	6632
6580	(1091, 2008)	'女儿'	6633
6581	(3521, 1150)	' Russian'	6634
6582	(529, 721)	'行动'	6635
6583	(371, 2316)	" you'll"	6636
6584	(277, 2980)	' bought'	6637
6585	(1286, 2636)	'变焦'	6638
6586	(264, 348)	' sad'	6639
6587	(4806, 1419)	'纽约'	6640
6588	(354, 121)	' Sy'	6641
6589	(986, 176)	'灰'	6642
6590	(1515, 518)	'技能'	6643
6591	(564, 751)	'他说'	6644
6592	(1363, 191)	'ế'	6645
6593	(1683, 1161)	' happens'	6646
6594	(1049, 98)	' amb'	6647
6595	(516, 153)	'忙'	6648
6596	(595, 657)	'公开'	6649
6597	(1061, 3460)	' scored'	6650
6598	(4970, 281)	' epis'	6651
6599	(210, 179)	'ҳ'	6652
6600	(1895, 597)	'楼市'	6653
6601	(2646, 287)	' interested'	6654
6602	(391, 353)	' Mac'	6655
6603	(117, 399)	'uke'	6656
6604	(107, 111)	'ko'	6657
6605	(849, 49)	' 31'	6658
6606	(264, 697)	' sect'	6659
6607	(2083, 614)	'曾经'	6660
6608	(1591, 287)	' helped'	6661
6609	(55, 55)	'77'	6662
6610	(298, 129)	'仁'	6663
6611	(278, 271)	' cat'	6664
6612	(268, 861)	' ways'	6665
6613	(1678, 630)	' regard'	6666
6614	(1179, 1848)	'安排'	6667
6615	(5576, 331)	'olutely'	6668
6616	(518, 1896)	'能源'	6669
6617	(433, 312)	'cell'	6670
6618	(943, 1213)	'投注'	6671
6619	(1940, 459)	' officers'	6672
6620	(715, 786)	'之外'	6673
6621	(1682, 1236)	'即使'	6674
6622	(496, 1371)	' Reg'	6675
6623	(2343, 4265)	' college'	6676
6624	(294, 3340)	' anti'	6677
6625	(5318, 1726)	'迅速'	6678
6626	(79, 80)	'OP'	6679
6627	(3093, 1493)	'宣传'	6680
6628	(281, 108)	'isl'	6681
6629	(384, 161)	'凡'	6682
6630	(2770, 948)	' require'	6683
6631	(234, 176)	b'\xea\xb0'	6684
6632	(604, 97)	'anta'	6685
6633	(114, 328)	'ray'	6686
6634	(282, 271)	' fat'	6687
6635	(1846, 369)	' relig'	6688
6636	(316, 301)	' gas'	6689
6637	(4459, 276)	' terror'	6691
6638	(561, 155)	'辛'	6692
6639	(446, 528)	'iful'	6693
6640	(62, 62)	'>>'	6694
6641	(2082, 130)	'ાં'	6695
6642	(2361, 2467)	'数据显示'	6696
6643	(264, 2596)	' size'	6697
6644	(589, 151)	' ग'	6698
6645	(1015, 704)	'ун'	6699
6646	(2956, 348)	' broad'	6700
6647	(32, 840)	' ی'	6701
6648	(272, 1506)	'的发展'	6702
6649	(4263, 331)	' quickly'	6703
6650	(1230, 4406)	'奖励'	6704
6651	(286, 759)	' mine'	6705
6652	(659, 145)	'郑'	6706
6653	(299, 188)	'兼'	6707
6654	(595, 1532)	'公告'	6708
6655	(48, 53)	'05'	6709
6656	(73, 68)	'ID'	6710
6657	(471, 170)	'ส'	6711
6658	(32, 370)	' ut'	6712
6659	(1046, 676)	' became'	6713
6660	(5812, 3144)	' safety'	6714
6661	(277, 293)	' bal'	6715
6662	(264, 418)	' sil'	6716
6663	(106, 3842)	'jects'	6717
6664	(946, 1151)	'ск'	6718
6665	(533, 324)	' save'	6719
6666	(880, 602)	'ли'	6720
6667	(532, 116)	'aint'	6721
6668	(2718, 175)	' گ'	6722
6669	(726, 357)	'都在'	6723
6670	(1646, 2191)	' defense'	6724
6671	(1622, 2503)	' strugg'	6725
6672	(468, 623)	'以前'	6726
6673	(1641, 1862)	' sometimes'	6727
6674	(2594, 287)	' speed'	6728
6675	(508, 163)	' أ'	6729
6676	(1275, 367)	" He's"	6730
6677	(657, 1380)	'开盘'	6731
6678	(2297, 283)	' moving'	6732
6679	(67, 72)	'CH'	6733
6680	(609, 115)	'ears'	6734
6681	(334, 121)	'enty'	6735
6682	(354, 431)	' Sch'	6736
6683	(658, 183)	'長'	6737
6684	(1691, 170)	'்ப'	6738
6685	(310, 97)	'oma'	6739
6686	(358, 166)	'详'	6740
6687	(917, 373)	' prim'	6741
6688	(523, 143)	'氏'	6742
6689	(365, 115)	'ros'	6743
6690	(693, 1426)	' soft'	6744
6691	(937, 174)	'邮'	6745
6692	(1679, 287)	' ended'	6746
6693	(489, 104)	'oph'	6747
6694	(361, 433)	' force'	6748
6695	(305, 3516)	' liter'	6749
6696	(114, 117)	'ru'	6750
6697	(305, 973)	' lose'	6751
6698	(356, 398)	' Tur'	6752
6699	(275, 938)	'itiz'	6753
6700	(686, 1280)	' upper'	6754
6701	(578, 104)	'resh'	6755
6702	(280, 158)	'亞'	6756
6703	(1616, 933)	'居民'	6757
6704	(2483, 283)	' missing'	6758
6705	(2274, 2677)	'轻松'	6759
6706	(1633, 176)	'腰'	6760
6707	(104, 762)	'hood'	6761
6708	(1588, 390)	'集中'	6762
6709	(79, 114)	'Or'	6763
6710	(794, 134)	'胆'	6764
6711	(272, 1375)	'的时间'	6765
6712	(2018, 1306)	' medical'	6766
6713	(664, 1570)	' goals'	6767
6714	(881, 184)	'霸'	6768
6715	(1091, 397)	'女人'	6769
6716	(419, 1123)	'国务'	6770
6717	(714, 2726)	'期待'	6771
6718	(3176, 267)	' manager'	6772
6719	(1030, 367)	" she's"	6773
6720	(601, 1726)	'高速'	6774
6721	(4871, 2270)	'ampionship'	6775
6722	(106, 494)	'just'	6776
6723	(2675, 276)	' prior'	6777
6724	(1578, 3932)	' daugh'	6778
6725	(10050, 1758)	'恢复'	6779
6726	(85, 78)	'UN'	6780
6727	(1298, 895)	'证明'	6781
6728	(1978, 576)	'众多'	6782
6729	(324, 121)	'vey'	6783
6730	(311, 148)	'返'	6784
6731	(5046, 3380)	' senior'	6785
6732	(100, 892)	'down'	6786
6733	(4542, 370)	'secut'	6787
6734	(52, 52)	'44'	6788
6735	(5123, 293)	' normal'	6789
6736	(1024, 1556)	'身份'	6790
6737	(487, 153)	'浙'	6791
6738	(461, 178)	'闲'	6792
6739	(336, 2291)	'一切'	6793
6740	(99, 320)	'cle'	6794
6741	(406, 287)	'illed'	6795
6742	(316, 97)	' ga'	6796
6743	(745, 272)	'力的'	6797
6744	(6112, 839)	' material'	6798
6745	(5085, 160)	'고'	6799
6746	(1529, 2565)	'\xa0\xa0\xa0 '	6800
6747	(480, 97)	'ria'	6801
6748	(828, 1724)	'很难'	6802
6749	(579, 492)	'学家'	6803
6750	(4832, 5008)	' Michael'	6804
6751	(4165, 3197)	'训练'	6805
6752	(908, 272)	'里的'	6806
6753	(520, 495)	'来到'	6807
6754	(744, 2110)	'理财'	6808
6755	(553, 812)	'业内'	6809
6756	(400, 1230)	'大奖'	6810
6757	(1034, 1358)	'色彩'	6811
6758	(4076, 997)	' property'	6812
6759	(98, 274)	'ban'	6813
6760	(832, 840)	'ری'	6814
6761	(109, 98)	'mb'	6815
6762	(561, 137)	'辉'	6816
6763	(264, 478)	' sem'	6817
6764	(918, 816)	'特点'	6818
6765	(4458, 2215)	' describ'	6819
6766	(329, 138)	'尊'	6820
6767	(4137, 433)	'force'	6821
6768	(321, 604)	'stant'	6822
6769	(821, 174)	'種'	6823
6770	(3432, 1717)	' sexual'	6824
6771	(1128, 161)	'淡'	6825
6772	(2724, 852)	'担心'	6826
6773	(3655, 308)	' economic'	6827
6774	(282, 2099)	' farm'	6828
6775	(57, 56)	'98'	6829
6776	(436, 4996)	' Paul'	6830
6777	(285, 1651)	'estern'	6831
6778	(1541, 4303)	'优惠'	6832
6779	(810, 272)	'名的'	6833
6780	(376, 263)	' Are'	6834
6781	(1204, 98)	' rob'	6835
6782	(3970, 1166)	' violence'	6836
6783	(1604, 2430)	'尼康'	6837
6784	(1366, 145)	'骑'	6838
6785	(117, 97)	'ua'	6839
6786	(321, 101)	'ste'	6840
6787	(509, 169)	'剩'	6841
6788	(586, 155)	'ማ'	6842
6789	(655, 1253)	'主任'	6843
6790	(1358, 933)	'彩民'	6844
6791	(111, 45)	'o-'	6845
6792	(1751, 1760)	'留学生'	6846
6793	(848, 1110)	'如今'	6847
6794	(79, 87)	'OW'	6848
6795	(1127, 2771)	' disapp'	6849
6796	(659, 173)	'郭'	6850
6797	(408, 682)	'ooks'	6851
6798	(3361, 322)	' option'	6852
6799	(937, 128)	'邀'	6853
6800	(1866, 158)	'撞'	6854
6801	(236, 132)	b'\xec\x84'	6855
6802	(576, 1293)	'多少'	6856
6803	(3795, 147)	'鼓'	6857
6804	(1116, 3922)	'战斗'	6858
6805	(331, 283)	'lying'	6859
6806	(236, 167)	b'\xec\xa7'	6860
6807	(4488, 285)	' rules'	6861
6808	(742, 682)	'ucks'	6862
6809	(3219, 332)	' internet'	6863
6810	(370, 104)	'uth'	6864
6811	(2880, 697)	' protect'	6865
6812	(763, 190)	'艾'	6866
6813	(2050, 175)	'華'	6867
6814	(116, 787)	'time'	6868
6815	(356, 2253)	' Tex'	6869
6816	(864, 189)	'ች'	6870
6817	(2521, 130)	'ਾਂ'	6871
6818	(2162, 121)	' Why'	6872
6819	(723, 155)	'涛'	6873
6820	(278, 1694)	' cash'	6874
6821	(902, 5912)	' environment'	6875
6822	(352, 110)	'amn'	6876
6823	(2640, 176)	'ార'	6877
6824	(174, 1288)	b'\xae\xe0\xaf\x8d'	6878
6825	(343, 271)	' eat'	6879
6826	(119, 815)	'what'	6880
6827	(1057, 109)	' firm'	6881
6828	(1790, 1158)	' winning'	6882
6829	(1553, 460)	'几个'	6883
6830	(68, 326)	'Did'	6884
6831	(1156, 187)	'驻'	6885
6832	(1586, 179)	'ン'	6886
6833	(76, 69)	'LE'	6887
6834	(10003, 51)	' 2013'	6888
6835	(391, 966)	' Mark'	6889
6836	(68, 906)	"Don't"	6890
6837	(462, 1422)	'这款'	6891
6838	(73, 80)	'IP'	6892
6839	(980, 10022)	'意大利'	6893
6840	(2779, 1169)	' په'	6894
6841	(511, 4680)	' separ'	6895
6842	(66, 121)	'By'	6896
6843	(261, 141)	'－'	6897
6844	(2328, 1552)	' driving'	6898
6845	(478, 1373)	'ements'	6899
6846	(900, 272)	'队的'	6900
6847	(349, 183)	'卷'	6901
6848	(2442, 914)	'突然'	6902
6849	(797, 109)	' adm'	6903
6850	(3040, 187)	'麻'	6904
6851	(391, 348)	' Mad'	6905
6852	(308, 819)	'icking'	6906
6853	(430, 128)	'က'	6907
6854	(376, 930)	' After'	6908
6855	(1915, 2085)	'ের'	6909
6856	(1224, 184)	' স'	6910
6857	(3323, 287)	' changed'	6911
6858	(359, 1969)	' itself'	6912
6859	(66, 83)	'BS'	6913
6860	(417, 279)	' Ben'	6914
6861	(464, 97)	' Da'	6915
6862	(284, 3257)	' poor'	6916
6863	(1949, 1047)	'是一种'	6917
6864	(400, 3198)	'大陆'	6918
6865	(1975, 345)	' slow'	6920
6866	(209, 142)	'ю'	6921
6867	(943, 913)	'投入'	6922
6868	(450, 102)	'olf'	6923
6869	(276, 3239)	'orney'	6924
6870	(267, 111)	'ero'	6925
6871	(2757, 1193)	'汇率'	6926
6872	(10030, 3656)	' vehicle'	6927
6873	(1242, 910)	'克斯'	6928
6874	(65, 5320)	'According'	6929
6875	(1467, 272)	'产品的'	6930
6876	(1417, 459)	' showers'	6931
6877	(689, 350)	'而是'	6932
6878	(564, 357)	'他在'	6933
6879	(2481, 5759)	' simply'	6934
6880	(110, 612)	'night'	6935
6881	(1172, 152)	'缘'	6936
6882	(104, 111)	'ho'	6937
6883	(102, 3926)	'fully'	6938
6884	(1822, 1864)	'porters'	6940
6885	(665, 568)	'用于'	6941
6886	(1014, 10051)	' afternoon'	6942
6887	(299, 189)	'兽'	6943
6888	(328, 97)	'aya'	6944
6889	(866, 369)	'ellig'	6945
6890	(426, 383)	' hair'	6946
6891	(2581, 1575)	' Group'	6947
6892	(343, 2622)	' eye'	6948
6893	(1401, 2706)	' attention'	6949
6894	(3619, 1512)	' double'	6950
6895	(507, 163)	'欣'	6951
6896	(601, 1502)	'高校'	6952
6897	(263, 121)	'rey'	6953
6898	(1557, 115)	'airs'	6954
6899	(962, 1272)	'并非'	6955
6900	(97, 705)	'aren'	6956
6901	(496, 2778)	' Road'	6957
6902	(105, 896)	'iber'	6958
6903	(1020, 109)	' prem'	6959
6904	(571, 989)	'成员'	6960
6905	(496, 3852)	' Rober'	6961
6906	(538, 3254)	'我觉得'	6962
6907	(3838, 3023)	'避免'	6963
6908	(842, 553)	'工业'	6964
6909	(257, 2971)	' a.m'	6965
6910	(572, 175)	'惯'	6966
6911	(378, 1606)	'有望'	6967
6912	(782, 526)	'rael'	6968
6913	(351, 152)	'乘'	6969
6914	(2519, 10052)	' middle'	6970
6915	(2672, 710)	' не'	6971
6916	(2278, 697)	' effect'	6972
6917	(4037, 274)	' European'	6973
6918	(3920, 759)	' engine'	6974
6919	(110, 924)	'new'	6975
6920	(3102, 99)	' etc'	6976
6921	(209, 133)	'х'	6977
6922	(308, 287)	'iced'	6978
6923	(436, 293)	' Pal'	6979
6924	(1209, 903)	'ين'	6980
6925	(601, 1167)	'高达'	6981
6926	(209, 134)	'ц'	6982
6927	(539, 1340)	'地图'	6983
6928	(920, 553)	'事业'	6984
6929	(65, 263)	'Are'	6985
6930	(2419, 526)	' model'	6986
6931	(1098, 184)	'酸'	6987
6932	(2306, 1714)	'状况'	6988
6933	(10006, 287)	' included'	6989
6934	(1258, 505)	' brand'	6990
6935	(464, 526)	' Del'	6991
6936	(1107, 178)	'ाल'	6992
6937	(1268, 762)	' blood'	6993
6938	(1400, 1675)	'老板'	6994
6939	(589, 178)	' ल'	6995
6940	(4465, 6091)	' multiple'	6996
6941	(546, 115)	' vs'	6997
6942	(996, 129)	'壁'	6998
6943	(2882, 1652)	'检查'	6999
6944	(514, 3030)	' constr'	7000
6945	(5800, 1465)	'汽车'	7001
6946	(1580, 2699)	'工作人员'	7002
6947	(3113, 107)	' walk'	7003
6948	(5628, 2693)	' immediately'	7004
6949	(436, 77)	' PM'	7005
6950	(496, 287)	' Red'	7006
6951	(1940, 267)	' officer'	7007
6952	(264, 271)	' sat'	7008
6953	(4750, 287)	' arrested'	7009
6954	(1656, 190)	'現'	7010
6955	(293, 121)	'aly'	7011
6956	(268, 734)	' wide'	7012
6957	(516, 167)	'忧'	7013
6958	(5397, 3852)	' October'	7014
6959	(395, 158)	'赞'	7015
6960	(778, 173)	'揭'	7016
6961	(552, 543)	' doct'	7017
6962	(1856, 1625)	'评论'	7018
6963	(489, 115)	'ops'	7019
6964	(376, 4610)	' Alex'	7020
6965	(391, 97)	' Ma'	7021
6966	(5081, 121)	' baby'	7022
6967	(2466, 3991)	'兴趣'	7023
6968	(1271, 1502)	'院校'	7024
6969	(1252, 1547)	'单反'	7025
6970	(726, 386)	'都不'	7026
6971	(1934, 109)	' term'	7027
6972	(935, 1080)	'通常'	7028
6973	(121, 2405)	'ydd'	7029
6974	(843, 148)	'隔'	7030
6975	(689, 357)	'而在'	7031
6976	(1852, 283)	' feeling'	7032
6977	(5329, 336)	'唯一'	7033
6978	(84, 86)	'TV'	7034
6979	(1754, 272)	'它的'	7035
6980	(78, 924)	'New'	7036
6981	(438, 162)	'敢'	7037
6982	(3933, 345)	'orrow'	7038
6983	(305, 446)	' lif'	7039
6984	(104, 345)	'how'	7040
6985	(1505, 138)	'殊'	7041
6986	(55, 56)	'78'	7042
6987	(592, 2556)	' except'	7043
6988	(702, 130)	' ق'	7044
6989	(476, 147)	'拓'	7045
6990	(2480, 101)	'inese'	7046
6991	(611, 271)	' plat'	7047
6992	(3365, 132)	'薄'	7048
6993	(2303, 515)	' fourth'	7049
6994	(718, 168)	'跨'	7050
6995	(450, 2879)	'olution'	7051
6996	(534, 1083)	'生物'	7052
6997	(104, 450)	'hol'	7053
6998	(1329, 460)	'每个'	7054
6999	(1249, 322)	'iction'	7055
7000	(4139, 515)	' birth'	7056
7001	(10027, 2457)	' challeng'	7057
7002	(1623, 281)	'ysis'	7058
7003	(449, 183)	'陷'	7059
7004	(935, 1480)	'通知'	7060
7005	(284, 274)	' pan'	7061
7006	(1002, 2042)	'保险'	7062
7007	(356, 276)	' Tor'	7063
7008	(1758, 2891)	'复苏'	7064
7009	(2530, 1645)	'音乐'	7065
7010	(774, 283)	'iving'	7066
7011	(4833, 166)	'瘦'	7067
7012	(1350, 283)	' evening'	7068
7013	(278, 774)	' civ'	7069
7014	(915, 172)	'芬'	7070
7015	(351, 140)	'乌'	7071
7016	(286, 301)	' mas'	7072
7017	(2630, 293)	'atural'	7073
7018	(3694, 4031)	'犯罪'	7074
7019	(122, 105)	'zi'	7075
7020	(2799, 729)	' charge'	7076
7021	(979, 2204)	' growing'	7077
7022	(376, 383)	' Air'	7078
7023	(1541, 3378)	'优秀'	7079
7024	(1056, 988)	'让你'	7080
7025	(1546, 1027)	'形式'	7081
7026	(451, 172)	'屬'	7082
7027	(871, 171)	'紫'	7083
7028	(4448, 1802)	' Govern'	7084
7029	(308, 1605)	'icles'	7085
7030	(286, 617)	' mist'	7086
7031	(514, 3925)	' conference'	7087
7032	(2012, 283)	' reading'	7088
7033	(370, 121)	'uty'	7089
7034	(408, 379)	'oose'	7090
7035	(4529, 691)	' practice'	7091
7036	(118, 97)	'va'	7092
7037	(5275, 1122)	' attempt'	7093
7038	(417, 328)	' Bay'	7094
7039	(490, 5403)	' Niger'	7095
7040	(3674, 4577)	'逐渐'	7096
7041	(1408, 3350)	'装饰'	7097
7042	(627, 2095)	'اب'	7098
7043	(575, 161)	'員'	7099
7044	(1959, 155)	'猛'	7100
7045	(2278, 635)	' effort'	7101
7046	(925, 367)	" what's"	7102
7047	(351, 143)	'乏'	7103
7048	(5751, 766)	' sleep'	7104
7049	(5825, 1113)	' Congress'	7105
7050	(1038, 182)	'桶'	7106
7051	(471, 132)	'ค'	7107
7052	(2298, 267)	' center'	7108
7053	(976, 272)	'化的'	7109
7054	(427, 1217)	'年代'	7110
7055	(863, 146)	'恒'	7111
7056	(907, 810)	'报名'	7112
7057	(1268, 1414)	' block'	7113
7058	(539, 1675)	'地板'	7114
7059	(5548, 2108)	' ndị'	7115
7060	(587, 520)	'后来'	7116
7061	(376, 1738)	' Any'	7117
7062	(718, 131)	'跃'	7118
7063	(233, 10055)	'鉴'	7119
7064	(1783, 911)	'社区'	7120
7065	(2020, 161)	'፡'	7121
7066	(470, 866)	' Well'	7122
7067	(666, 808)	'本次'	7123
7068	(471, 171)	'ห'	7124
7069	(1936, 1169)	' به'	7125
7070	(542, 1241)	' Gold'	7126
7071	(377, 651)	' Cap'	7127
7072	(950, 138)	'啊'	7128
7073	(1746, 775)	'确实'	7129
7074	(3936, 139)	'蛋'	7130
7075	(336, 550)	'一场'	7131
7076	(821, 191)	'稿'	7132
7077	(297, 450)	' hol'	7133
7078	(2846, 3910)	' positive'	7134
7079	(1058, 665)	'信用'	7135
7080	(318, 78)	' IN'	7136
7081	(442, 977)	' kick'	7137
7082	(3461, 2505)	'酒店'	7138
7083	(768, 379)	' whose'	7139
7084	(323, 172)	'ब'	7140
7085	(1479, 279)	'itten'	7141
7086	(1689, 603)	' smart'	7142
7087	(2709, 115)	' jobs'	7143
7088	(6496, 5961)	'understorms'	7144
7089	(3700, 3213)	'父母'	7145
7090	(791, 263)	' agre'	7146
7091	(476, 159)	'拟'	7147
7092	(522, 276)	'abor'	7149
7093	(582, 690)	' alone'	7150
7094	(1120, 114)	'ır'	7151
7095	(3073, 115)	' costs'	7152
7096	(401, 182)	'奶'	7153
7097	(45, 83)	'-S'	7154
7098	(284, 459)	' pers'	7155
7099	(2407, 1947)	'攻击'	7156
7100	(857, 2252)	' compared'	7157
7101	(1110, 540)	'今日'	7158
7102	(391, 603)	' Mart'	7159
7103	(802, 170)	'な'	7160
7104	(112, 365)	'pro'	7162
7105	(2075, 3240)	' provided'	7163
7106	(982, 4588)	' Charl'	7164
7107	(1129, 4006)	'英雄'	7165
7108	(1986, 568)	'终于'	7166
7109	(400, 2118)	'大部分'	7167
7110	(385, 876)	' stage'	7168
7111	(1558, 5237)	' despite'	7169
7112	(1359, 149)	'動'	7170
7113	(2409, 1647)	'协议'	7171
7114	(5927, 646)	' achie'	7172
7115	(1861, 895)	'照明'	7173
7116	(1563, 164)	'煤'	7174
7117	(278, 3905)	' cases'	7175
7118	(5705, 322)	' opinion'	7176
7119	(351, 148)	'乔'	7177
7120	(4343, 678)	' figure'	7178
7121	(107, 285)	'kes'	7179
7122	(236, 160)	b'\xec\xa0'	7180
7123	(631, 190)	'倾'	7181
7124	(500, 527)	'ounts'	7183
7125	(277, 505)	' band'	7184
7126	(426, 2104)	' haha'	7185
7127	(102, 108)	'fl'	7186
7128	(54, 56)	'68'	7187
7129	(1690, 1738)	' funny'	7188
7130	(136, 4057)	b'\x88\xeb\x8b\xa4'	7189
7131	(873, 460)	'三个'	7190
7132	(378, 1435)	'有可能'	7191
7133	(279, 729)	'enge'	7192
7134	(1710, 903)	' من'	7193
7135	(104, 3945)	'haps'	7194
7136	(4098, 285)	' charges'	7195
7137	(5132, 275)	' credit'	7196
7138	(53, 57)	'59'	7197
7139	(317, 168)	'吨'	7198
7140	(1715, 1981)	'语言'	7199
7141	(831, 1867)	'利益'	7200
7142	(2024, 293)	'eneral'	7201
7143	(283, 267)	'inger'	7202
7144	(284, 111)	' po'	7203
7145	(1587, 158)	'搞'	7204
7146	(1276, 183)	'荷'	7205
7147	(1184, 164)	'्त'	7206
7148	(1571, 170)	' ப'	7207
7149	(3382, 824)	'仓位'	7208
7150	(323, 188)	'़'	7209
7151	(1524, 532)	' remain'	7210
7152	(45, 77)	'-M'	7211
7153	(434, 326)	' rid'	7212
7154	(271, 1338)	'atory'	7213
7155	(423, 283)	'using'	7214
7156	(1530, 115)	' calls'	7215
7157	(2446, 1214)	'监管'	7216
7158	(1781, 132)	'龄'	7217
7159	(602, 2228)	'ий'	7218
7160	(2529, 1145)	'访问'	7219
7161	(71, 762)	'Good'	7220
7162	(531, 536)	' Los'	7221
7163	(390, 749)	'中小'	7222
7164	(2268, 137)	'誉'	7224
7165	(589, 175)	' य'	7225
7166	(2112, 334)	' student'	7226
7167	(5976, 5725)	'詹姆斯'	7227
7168	(1525, 777)	'配合'	7228
7169	(3762, 147)	'間'	7229
7170	(417, 1336)	' Bank'	7230
7171	(297, 121)	' hy'	7231
7172	(667, 557)	'得分'	7232
7173	(1124, 837)	' او'	7233
7174	(115, 332)	'set'	7234
7175	(1363, 161)	'ạ'	7235
7176	(323, 175)	'य'	7236
7177	(292, 4340)	' towards'	7237
7178	(1640, 287)	'enced'	7238
7179	(2131, 152)	'의'	7239
7180	(1132, 6515)	' appreci'	7240
7181	(268, 621)	' wall'	7241
7182	(1329, 427)	'每年'	7242
7183	(420, 1526)	'为准'	7243
7184	(291, 274)	' dan'	7244
7185	(649, 1140)	'од'	7245
7186	(1478, 1976)	'预测'	7246
7187	(987, 272)	'中国的'	7247
7188	(1366, 151)	'骗'	7248
7189	(3055, 1298)	'签证'	7249
7190	(1975, 612)	' slight'	7250
7191	(2816, 348)	' Canad'	7251
7192	(3482, 911)	'欧元区'	7252
7193	(1260, 154)	'虚'	7253
7194	(1403, 1228)	'造型'	7254
7195	(219, 148)	'۔'	7255
7196	(436, 1113)	' Press'	7256
7197	(303, 850)	' thous'	7257
7198	(311, 136)	'迈'	7258
7199	(1360, 283)	' adding'	7259
7200	(513, 155)	'泛'	7260
7201	(308, 259)	'iche'	7261
7202	(552, 276)	' door'	7262
7203	(370, 921)	'utions'	7263
7204	(1429, 170)	' ప'	7264
7205	(476, 188)	'拼'	7265
7206	(545, 803)	'发表'	7266
7207	(2580, 1438)	' Maybe'	7267
7208	(793, 147)	'姓'	7268
7209	(310, 274)	'oman'	7269
7210	(371, 2469)	" you've"	7270
7211	(3271, 156)	'한'	7271
7212	(112, 383)	'pir'	7272
7213	(400, 1228)	'大型'	7273
7214	(379, 121)	'sey'	7274
7215	(385, 10053)	' stupid'	7275
7216	(1259, 459)	' workers'	7276
7217	(698, 132)	'හ'	7277
7218	(4759, 1225)	' British'	7278
7219	(417, 406)	' Bill'	7279
7220	(380, 149)	'孕'	7280
7221	(378, 396)	'有了'	7281
7222	(3655, 121)	' economy'	7282
7223	(278, 1489)	' catch'	7283
7224	(2483, 287)	' missed'	7284
7225	(423, 285)	'uses'	7285
7226	(559, 4322)	' progress'	7286
7227	(629, 166)	'ਦ'	7288
7228	(289, 111)	' oo'	7289
7229	(992, 190)	'链'	7290
7230	(1046, 4950)	' becoming'	7291
7231	(119, 276)	'wor'	7292
7232	(415, 189)	'抽'	7293
7233	(469, 145)	' Б'	7294
7234	(298, 170)	'仪'	7295
7235	(264, 274)	' san'	7296
7236	(272, 2263)	'的影响'	7297
7237	(2463, 787)	'-time'	7298
7238	(385, 3207)	' stream'	7299
7239	(2358, 4755)	' extreme'	7301
7240	(461, 170)	'闪'	7302
7241	(837, 1326)	'ود'	7303
7242	(10004, 141)	'籍'	7304
7243	(709, 579)	'同学'	7305
7244	(831, 1433)	'利亚'	7306
7245	(802, 167)	'で'	7307
7246	(107, 258)	'kin'	7308
7247	(993, 54)	'2006'	7309
7248	(620, 1948)	'方便'	7310
7249	(1529, 32)	'\xa0\xa0 '	7311
7250	(10008, 285)	' gives'	7312
7251	(2488, 4055)	' details'	7313
7252	(1085, 143)	'漏'	7314
7253	(712, 373)	' Kim'	7315
7254	(149, 430)	b'\x95\xe1\x80'	7316
7255	(952, 1391)	'影像'	7317
7256	(2678, 5261)	'死亡'	7318
7257	(1210, 1112)	'接近'	7319
7258	(272, 2377)	'的重要'	7320
7259	(32, 1101)	' ign'	7321
7260	(621, 287)	'alled'	7322
7261	(2297, 287)	' moved'	7323
7262	(65, 114)	'Ar'	7324
7263	(281, 97)	'isa'	7325
7264	(1893, 666)	'根本'	7326
7265	(195, 162)	'â'	7327
7266	(84, 83)	'TS'	7328
7267	(1955, 441)	'ification'	7329
7268	(624, 138)	'羊'	7330
7269	(421, 2256)	' weird'	7332
7270	(1095, 136)	'ੈ'	7333
7271	(1999, 643)	' investment'	7334
7272	(712, 283)	' King'	7335
7273	(1334, 716)	'推进'	7336
7274	(458, 265)	'agon'	7337
7275	(257, 373)	' aim'	7338
7276	(3864, 2045)	' analyst'	7339
7277	(1204, 2150)	' rock'	7340
7278	(566, 149)	'ক'	7341
7279	(109, 112)	'mp'	7342
7280	(640, 1075)	'就可以'	7343
7281	(988, 598)	'你们'	7344
7282	(1374, 2885)	' secret'	7345
7283	(2032, 167)	'慧'	7346
7284	(66, 114)	'Br'	7347
7285	(1624, 10057)	' considered'	7348
7286	(566, 178)	'ল'	7349
7287	(3827, 678)	' pressure'	7350
7288	(2399, 714)	'短期'	7351
7289	(554, 118)	' dev'	7352
7290	(1618, 581)	' finally'	7353
7291	(1530, 283)	' calling'	7354
7292	(53, 56)	'58'	7355
7293	(503, 2228)	'ай'	7356
7294	(1118, 321)	' Inst'	7357
7295	(1586, 188)	'ー'	7358
7296	(4421, 2959)	'概念'	7359
7297	(391, 1944)	' Matt'	7360
7298	(741, 555)	'还要'	7361
7299	(281, 921)	'isions'	7362
7300	(105, 578)	'ires'	7363
7301	(3176, 1787)	' management'	7364
7302	(938, 283)	'izing'	7365
7303	(2880, 485)	' protest'	7366
7304	(588, 814)	' Every'	7367
7305	(1484, 158)	b' \xec\x9e'	7368
7306	(117, 283)	'uing'	7369
7307	(235, 161)	b'\xeb\xa1'	7370
7308	(286, 1664)	' mix'	7371
7309	(529, 272)	'行的'	7372
7310	(632, 494)	' trust'	7373
7311	(1275, 2165)	' Health'	7374
7312	(1643, 1100)	'供应'	7375
7313	(622, 2106)	' ability'	7376
7314	(1004, 128)	'ీ'	7377
7315	(838, 2205)	'数字'	7378
7316	(292, 109)	' tom'	7379
7317	(5709, 332)	' tweet'	7380
7318	(314, 4980)	' named'	7381
7319	(742, 4728)	'uclear'	7382
7320	(4314, 573)	'的情况下'	7383
7321	(274, 431)	'anch'	7384
7322	(4399, 1724)	'困难'	7385
7323	(391, 276)	' Mor'	7386
7324	(2250, 33)	'!!!'	7387
7325	(10006, 285)	' includes'	7388
7326	(932, 157)	'祝'	7389
7327	(2881, 3668)	'金融危机'	7390
7328	(947, 623)	'提前'	7391
7329	(882, 419)	'两国'	7392
7330	(348, 117)	'adu'	7393
7331	(1546, 2062)	'形象'	7394
7332	(1912, 804)	'态度'	7395
7333	(4172, 1335)	'告诉记者'	7396
7334	(3743, 1135)	'旅游'	7397
7335	(487, 166)	'浦'	7398
7336	(354, 352)	' Sam'	7399
7337	(345, 459)	'owers'	7400
7338	(6099, 1963)	' September'	7401
7339	(384, 140)	'凌'	7402
7340	(2255, 1383)	' के'	7403
7341	(782, 119)	'raw'	7405
7342	(102, 1960)	'friend'	7406
7343	(1342, 259)	'anche'	7407
7344	(1161, 322)	'ension'	7408
7345	(1911, 1549)	'营销'	7409
7346	(434, 425)	' rout'	7410
7347	(492, 780)	'家长'	7411
7348	(65, 1738)	'Any'	7412
7349	(232, 149)	b'\xe8\x95'	7413
7350	(2323, 115)	' schools'	7414
7351	(4015, 331)	' certainly'	7415
7352	(570, 149)	'క'	7416
7353	(3813, 1368)	'课程'	7417
7354	(2202, 165)	' ብ'	7418
7355	(149, 4474)	b'\x95\xe0\xaf\x8d\xe0\xae\x95'	7419
7356	(264, 1797)	' sale'	7420
7357	(442, 105)	' ki'	7421
7358	(596, 4178)	' choice'	7422
7359	(6737, 2037)	'浙江'	7423
7360	(1128, 187)	'添'	7424
7361	(377, 310)	' Com'	7425
7362	(554, 103)	' deg'	7426
7363	(1531, 367)	"He's"	7427
7364	(1769, 151)	'窗'	7428
7365	(5460, 1255)	' various'	7429
7366	(209, 158)	'ў'	7430
7367	(313, 139)	'宋'	7431
7368	(327, 1017)	' yang'	7432
7369	(2759, 99)	' esc'	7433
7370	(721, 1083)	'动物'	7434
7371	(377, 1451)	' Cont'	7435
7372	(521, 2636)	'对焦'	7436
7373	(2617, 527)	' parts'	7437
7374	(316, 101)	' ge'	7438
7375	(32, 267)	' er'	7439
7376	(663, 1337)	'最低'	7440
7377	(782, 118)	'rav'	7441
7378	(491, 2909)	' joke'	7443
7379	(130, 172)	b'\x82\xac'	7444
7380	(699, 820)	'机关'	7445
7381	(5221, 738)	' Australia'	7446
7382	(3298, 1101)	' foreign'	7447
7383	(354, 724)	' Sub'	7448
7384	(2523, 2157)	'充满'	7449
7385	(534, 2163)	'生命'	7450
7386	(343, 5370)	' eyes'	7451
7387	(706, 6414)	'美联储'	7452
7388	(423, 322)	'usion'	7453
7389	(288, 1474)	'arily'	7454
7390	(1568, 3439)	' associ'	7455
7391	(769, 649)	'то'	7456
7392	(395, 171)	'赫'	7457
7393	(1464, 3100)	'完善'	7458
7394	(644, 157)	'曝'	7459
7395	(1209, 3260)	'ية'	7460
7396	(395, 180)	'赴'	7461
7397	(4633, 2276)	' confirmed'	7462
7398	(338, 141)	'\u200d'	7463
7399	(1232, 332)	' feet'	7464
7400	(525, 187)	'阻'	7465
7401	(2938, 367)	"There's"	7466
7402	(344, 171)	'劫'	7467
7403	(3466, 581)	' totally'	7468
7404	(6716, 1271)	'国务院'	7469
7405	(3367, 3015)	' injury'	7470
7406	(284, 1074)	' poll'	7471
7407	(613, 110)	' Then'	7472
7408	(657, 1023)	'开展'	7474
7409	(2364, 2624)	' numbers'	7475
7410	(301, 105)	'asi'	7476
7411	(640, 357)	'就在'	7477
7412	(1658, 3100)	'改善'	7478
7413	(525, 133)	'阅'	7479
7414	(103, 285)	'ges'	7480
7415	(980, 2674)	'意义'	7481
7416	(1959, 171)	'猫'	7482
7417	(4235, 2687)	' supposed'	7483
7418	(910, 918)	'斯特'	7484
7419	(2374, 2374)	'刚刚'	7485
7420	(5840, 116)	'rupt'	7486
7421	(551, 175)	'振'	7487
7422	(1427, 265)	'azon'	7488
7423	(1249, 287)	'icted'	7489
7424	(1102, 495)	'感到'	7490
7425	(225, 129)	b'\xe1\x81'	7491
7426	(1405, 130)	'脂'	7492
7427	(887, 4216)	'电脑'	7493
7428	(383, 3376)	'irgin'	7494
7429	(812, 539)	'内地'	7495
7430	(277, 287)	' bed'	7496
7431	(1196, 177)	'唱'	7497
7432	(590, 357)	'也在'	7498
7433	(4630, 1431)	'贸易'	7499
7434	(2328, 382)	' driver'	7500
7435	(428, 3383)	'上映'	7501
7436	(2102, 1717)	' annual'	7502
7437	(846, 129)	'锁'	7503
7438	(496, 811)	' Rich'	7504
7439	(712, 279)	' Ken'	7505
7440	(428, 3551)	'上述'	7506
7441	(532, 101)	'aine'	7507
7442	(1398, 5494)	' built'	7508
7443	(1993, 808)	'第一次'	7509
7444	(893, 150)	'砖'	7510
7445	(618, 135)	'ệ'	7511
7446	(932, 150)	'祖'	7512
7447	(395, 164)	'赤'	7513
7448	(2888, 1503)	' conduct'	7514
7449	(5594, 895)	'姚明'	7515
7450	(98, 370)	'but'	7517
7451	(10054, 5104)	'贡献'	7518
7452	(510, 6317)	' French'	7519
7453	(1829, 1087)	' setting'	7520
7454	(2336, 283)	' opening'	7521
7455	(1485, 331)	' mostly'	7522
7456	(720, 183)	'谷'	7523
7457	(713, 608)	' spend'	7524
7458	(1571, 149)	' க'	7525
7459	(373, 97)	'ima'	7526
7460	(825, 400)	'重大'	7527
7461	(615, 3109)	' Jones'	7528
7462	(48, 55)	'07'	7529
7463	(1363, 163)	'ả'	7530
7464	(1618, 3185)	' finished'	7531
7465	(1743, 115)	' cars'	7532
7466	(717, 183)	'偷'	7533
7467	(356, 310)	' Tom'	7534
7468	(1724, 468)	'难以'	7535
7469	(10001, 177)	'箱'	7536
7470	(3580, 1338)	' victory'	7537
7471	(235, 165)	b'\xeb\xa5'	7538
7472	(2659, 961)	' created'	7539
7473	(390, 1230)	'中奖'	7540
7474	(773, 1421)	'品质'	7541
7475	(749, 1331)	'小组'	7542
7476	(1678, 528)	' regul'	7543
7477	(398, 671)	'uries'	7544
7478	(398, 994)	'urance'	7545
7479	(1342, 287)	'anced'	7546
7480	(542, 5265)	' Google'	7547
7481	(272, 1815)	'的同时'	7548
7482	(291, 646)	' die'	7549
7483	(584, 148)	'體'	7550
7484	(2332, 136)	'аш'	7551
7485	(2202, 176)	' ተ'	7552
7486	(119, 1494)	'wise'	7553
7487	(629, 149)	'ਕ'	7554
7488	(542, 332)	' Get'	7555
7489	(511, 103)	' seg'	7556
7490	(278, 866)	' cell'	7557
7491	(3070, 980)	'愿意'	7558
7492	(116, 114)	'tr'	7559
7493	(361, 103)	' forg'	7560
7494	(469, 144)	' А'	7561
7495	(586, 176)	'ሰ'	7562
7496	(5567, 441)	' education'	7563
7497	(282, 97)	' fa'	7564
7498	(1654, 425)	' throughout'	7565
7499	(76, 67)	'LC'	7566
7500	(6558, 970)	'渠道'	7567
7501	(1343, 1122)	' kept'	7568
7502	(276, 97)	'ora'	7569
7503	(409, 6371)	' whatever'	7570
7504	(5681, 116)	' doubt'	7571
7505	(617, 836)	'istry'	7572
7506	(602, 2000)	'из'	7573
7507	(2572, 4765)	' restaur'	7574
7508	(2481, 3901)	' simple'	7575
7509	(10064, 1433)	'澳大利亚'	7576
7510	(6815, 301)	' Texas'	7577
7511	(10005, 100)	"I'd"	7578
7512	(2082, 176)	'ાર'	7579
7513	(2434, 310)	' autom'	7580
7514	(476, 146)	'拒'	7581
7515	(609, 431)	'earch'	7582
7516	(98, 275)	'bit'	7583
7517	(745, 1037)	'力量'	7584
7518	(129, 430)	b'\x81\xe1\x80'	7585
7519	(680, 272)	'者的'	7586
7520	(78, 345)	'Now'	7587
7521	(377, 352)	' Cam'	7588
7522	(821, 141)	'稍'	7589
7523	(683, 185)	'妹'	7590
7524	(685, 379)	' worse'	7591
7525	(314, 103)	' ng'	7592
7526	(1095, 129)	'ੁ'	7593
7527	(553, 655)	'业主'	7594
7528	(45, 67)	'-C'	7595
7529	(6724, 411)	' daughter'	7596
7530	(1149, 184)	' સ'	7597
7531	(1165, 1717)	' actual'	7598
7532	(2040, 2524)	' waiting'	7599
7533	(377, 10029)	' Council'	7600
7534	(104, 974)	'hib'	7601
7535	(829, 109)	' arm'	7602
7536	(82, 766)	'Rep'	7603
7537	(632, 2835)	' traff'	7604
7538	(427, 2196)	'年底'	7605
7539	(291, 3250)	' dude'	7606
7540	(469, 154)	' К'	7607
7541	(4478, 308)	' critic'	7608
7542	(6267, 285)	' Angeles'	7609
7543	(284, 276)	' por'	7610
7544	(1584, 5343)	' је'	7611
7545	(1136, 1513)	'设备'	7612
7546	(5305, 115)	' residents'	7613
7547	(398, 97)	'ura'	7614
7548	(256, 279)	' ten'	7615
7549	(923, 459)	' users'	7616
7550	(655, 2674)	'主义'	7617
7551	(4202, 375)	'fortun'	7618
7552	(429, 187)	'彻'	7619
7553	(236, 158)	b'\xec\x9e'	7620
7554	(10056, 6316)	' husband'	7621
7555	(1120, 858)	'ınd'	7622
7556	(259, 321)	'hest'	7623
7557	(641, 112)	' Op'	7624
7558	(291, 966)	' dark'	7625
7559	(217, 137)	'ى'	7626
7560	(45, 926)	'-10'	7627
7561	(410, 146)	'冒'	7628
7562	(1989, 697)	' respect'	7629
7563	(77, 65)	'MA'	7630
7564	(1903, 1108)	'限制'	7631
7565	(394, 151)	'盗'	7632
7566	(1531, 121)	'Hey'	7633
7567	(98, 3123)	'board'	7634
7568	(5311, 350)	'尤其是'	7635
7569	(3328, 272)	'公布的'	7636
7570	(5672, 920)	'董事'	7638
7571	(353, 1953)	'aches'	7639
7572	(542, 2949)	' Green'	7640
7573	(1124, 903)	' ان'	7641
7574	(506, 428)	'会上'	7642
7575	(417, 263)	' Bre'	7643
7576	(462, 824)	'这位'	7644
7577	(1965, 900)	'团队'	7645
7578	(732, 149)	'捕'	7646
7579	(685, 321)	' worst'	7647
7580	(288, 1614)	'ario'	7648
7581	(1260, 142)	'虎'	7649
7582	(4456, 411)	' counter'	7650
7583	(2287, 657)	'离开'	7651
7584	(1704, 892)	' Brown'	7652
7585	(326, 115)	'ids'	7653
7586	(4852, 404)	' Smith'	7654
7587	(5680, 101)	' piece'	7655
7588	(975, 621)	' overall'	7656
7589	(590, 1075)	'也可以'	7657
7590	(5788, 1797)	' female'	7658
7591	(77, 477)	'More'	7659
7592	(414, 185)	b' \xe0\xb9'	7660
7593	(1159, 139)	'ো'	7661
7594	(284, 375)	' pun'	7662
7595	(415, 177)	'抱'	7663
7596	(713, 3406)	' sports'	7664
7597	(919, 6578)	' manufact'	7665
7598	(280, 143)	'亏'	7666
7599	(1127, 112)	' disp'	7667
7600	(499, 1373)	'uments'	7668
7601	(1870, 3926)	'efully'	7669
7602	(32, 1294)	' ult'	7670
7603	(4388, 1684)	' authorities'	7671
7604	(1224, 170)	' প'	7672
7605	(216, 182)	'ض'	7673
7606	(2131, 128)	'은'	7674
7607	(391, 293)	' Mal'	7675
7608	(10058, 400)	'加拿大'	7676
7609	(6128, 2177)	' budget'	7677
7610	(1003, 4170)	'据悉'	7678
7611	(4550, 1209)	' في'	7679
7612	(789, 619)	'体现'	7680
7613	(3019, 175)	'્ય'	7681
7614	(195, 185)	'ù'	7682
7615	(5685, 1676)	' International'	7683
7616	(32, 1708)	' é'	7684
7617	(699, 1108)	'机制'	7685
7618	(286, 1797)	' male'	7686
7619	(352, 109)	'amm'	7687
7620	(3700, 2489)	'父亲'	7688
7621	(174, 430)	b'\xae\xe1\x80'	7689
7622	(960, 689)	'从而'	7691
7623	(1341, 373)	' crim'	7692
7624	(1333, 667)	'显得'	7693
7625	(1066, 350)	'正是'	7694
7626	(311, 171)	'迫'	7695
7627	(1020, 3856)	' prevent'	7696
7628	(286, 1007)	' mach'	7697
7629	(291, 348)	' dad'	7698
7630	(1215, 142)	'黎'	7699
7631	(486, 2728)	'出席'	7700
7632	(431, 1801)	'change'	7701
7633	(490, 10066)	' November'	7702
7634	(645, 158)	'洞'	7703
7635	(1902, 118)	' surv'	7704
7636	(1360, 4572)	' additional'	7705
7637	(1508, 2272)	' کې'	7706
7638	(105, 3144)	'iety'	7707
7639	(504, 2252)	' shared'	7708
7640	(3524, 115)	' girls'	7709
7641	(1240, 460)	'那个'	7710
7642	(742, 287)	'uced'	7711
7643	(387, 142)	'扎'	7712
7644	(1699, 929)	'决赛'	7713
7645	(1928, 149)	'िक'	7714
7646	(2065, 4417)	'医疗'	7715
7647	(1072, 159)	'烟'	7716
7648	(277, 1855)	' bụ'	7717
7649	(588, 860)	' Even'	7718
7650	(582, 10059)	' album'	7719
7651	(256, 1089)	' table'	7720
7652	(395, 150)	'赖'	7721
7653	(314, 759)	' nine'	7722
7654	(2224, 5573)	'普遍'	7723
7655	(3365, 170)	'薪'	7724
7656	(516, 134)	'忆'	7725
7657	(5389, 485)	' largest'	7726
7658	(1276, 161)	'荡'	7727
7659	(80, 450)	'Pol'	7728
7660	(53, 54)	'56'	7729
7661	(531, 2679)	' Like'	7730
7662	(528, 97)	'ula'	7731
7663	(606, 178)	'લ'	7732
7664	(401, 139)	'奋'	7733
7665	(816, 1856)	'点评'	7734
7666	(1337, 568)	'低于'	7735
7667	(5143, 831)	'盈利'	7736
7668	(48, 51)	'03'	7737
7669	(1846, 961)	' related'	7738
7670	(1691, 159)	'்ட'	7739
7671	(10003, 50)	' 2012'	7740
7672	(668, 99)	' unc'	7741
7673	(3625, 1958)	'ත්'	7742
7674	(2124, 773)	'食品'	7743
7675	(350, 460)	'是个'	7744
7676	(1463, 1532)	'广告'	7745
7677	(107, 332)	'ket'	7746
7678	(1024, 428)	'身上'	7747
7679	(79, 107)	'Ok'	7748
7680	(3361, 921)	' options'	7749
7681	(3729, 345)	' snow'	7750
7682	(408, 819)	'ooking'	7751
7683	(1745, 1281)	'博客'	7752
7684	(982, 6990)	' Chinese'	7753
7685	(1360, 1324)	' addition'	7754
7686	(333, 1596)	' repe'	7755
7687	(1813, 272)	'方面的'	7756
7688	(83, 80)	'SP'	7757
7689	(874, 293)	' qual'	7758
7690	(1435, 506)	'可能会'	7759
7691	(436, 635)	' Port'	7760
7692	(607, 1235)	'新华'	7761
7693	(1411, 3197)	'教练'	7762
7694	(55, 57)	'79'	7763
7695	(832, 837)	'رو'	7764
7696	(100, 111)	'do'	7765
7697	(2472, 258)	' skin'	7766
7698	(354, 373)	' Sim'	7767
7699	(103, 3054)	'gency'	7768
7700	(666, 714)	'本期'	7769
7701	(611, 423)	' plus'	7770
7702	(5830, 637)	' executive'	7771
7703	(272, 1923)	'的比赛'	7772
7704	(3232, 328)	' Play'	7773
7705	(1064, 2146)	'记录'	7774
7706	(4098, 287)	' charged'	7775
7707	(291, 258)	' din'	7776
7708	(126, 126)	'~~'	7777
7709	(1506, 272)	'发展的'	7778
7710	(2032, 142)	'慎'	7779
7711	(1000, 285)	'aves'	7780
7712	(1967, 952)	'摄影'	7781
7713	(48, 54)	'06'	7782
7714	(2065, 534)	'医生'	7783
7715	(265, 110)	'onn'	7784
7716	(291, 5559)	' danger'	7785
7717	(588, 85)	' EU'	7786
7718	(2209, 1274)	' الم'	7787
7719	(358, 184)	'诸'	7788
7720	(1175, 3317)	'总经理'	7789
7721	(2339, 6912)	' Israel'	7790
7722	(5074, 548)	' encour'	7791
7723	(719, 100)	'odd'	7792
7724	(1850, 97)	'anna'	7793
7725	(799, 187)	'電'	7794
7726	(505, 267)	'ander'	7795
7727	(822, 5041)	' introd'	7796
7728	(268, 275)	' wit'	7797
7729	(4817, 274)	' Republican'	7798
7730	(1524, 3186)	' remains'	7799
7731	(804, 272)	'度的'	7800
7732	(264, 1161)	' sens'	7801
7733	(1944, 105)	'atti'	7802
7734	(108, 328)	'lay'	7803
7735	(5878, 6639)	' beautiful'	7804
7736	(300, 110)	' inn'	7805
7737	(663, 776)	'最好'	7806
7738	(569, 191)	'沿'	7808
7739	(849, 53)	' 35'	7809
7740	(52, 50)	'42'	7810
7741	(2213, 348)	' glad'	7811
7742	(105, 459)	'iers'	7812
7743	(611, 4708)	' places'	7813
7744	(692, 166)	'侦'	7814
7745	(287, 105)	'edi'	7815
7746	(3245, 110)	' damn'	7816
7747	(3271, 152)	'하'	7817
7748	(2013, 133)	'их'	7818
7749	(1710, 4936)	' میں'	7819
7750	(917, 3550)	' prison'	7820
7751	(52, 51)	'43'	7821
7752	(2078, 112)	' trip'	7822
7753	(373, 98)	'imb'	7823
7754	(286, 406)	' mill'	7824
7755	(45, 65)	'-A'	7825
7756	(1216, 776)	'做好'	7826
7757	(2474, 3274)	' continued'	7827
7758	(421, 612)	' weight'	7828
7759	(1238, 2921)	' accused'	7829
7760	(539, 3553)	'地震'	7830
7761	(308, 365)	'icro'	7831
7762	(376, 370)	' Aut'	7832
7763	(1286, 667)	'变得'	7833
7764	(66, 4751)	'Because'	7834
7765	(1779, 3932)	' laugh'	7835
7766	(103, 98)	'gb'	7836
7767	(611, 861)	' plays'	7837
7768	(740, 1012)	'资格'	7838
7769	(56, 424)	'800'	7839
7770	(277, 719)	' bod'	7840
7771	(791, 3054)	' agency'	7841
7772	(434, 1404)	' rates'	7842
7773	(2001, 10063)	' families'	7843
7774	(2694, 503)	' да'	7844
7775	(2184, 182)	'瓶'	7845
7776	(385, 4500)	' style'	7846
7777	(464, 281)	' Dis'	7847
7778	(945, 267)	' exper'	7848
7779	(761, 400)	'加大'	7849
7780	(267, 836)	'erry'	7850
7781	(365, 121)	'roy'	7851
7782	(1428, 170)	'横'	7852
7783	(1003, 2826)	'据了解'	7853
7784	(937, 187)	'邻'	7854
7785	(316, 288)	' gar'	7855
7786	(2046, 2046)	'往往'	7856
7787	(568, 350)	'于是'	7857
7788	(1235, 3286)	'华夏'	7858
7789	(710, 1289)	'ем'	7859
7790	(3213, 2489)	'母亲'	7860
7791	(293, 283)	'aling'	7861
7792	(1666, 545)	'研发'	7862
7793	(1389, 190)	'疾'	7863
7794	(99, 97)	'ca'	7864
7795	(392, 151)	'耗'	7865
7796	(2897, 115)	' levels'	7866
7797	(854, 767)	'当天'	7867
7798	(1371, 293)	'egal'	7868
7799	(85, 84)	'UT'	7869
7800	(476, 134)	'拆'	7870
7801	(284, 1939)	' para'	7871
7802	(1005, 114)	' contr'	7872
7803	(3150, 67)	' McC'	7873
7804	(816, 1947)	'点击'	7874
7805	(6991, 1382)	' platform'	7875
7806	(388, 132)	'径'	7876
7807	(2877, 4721)	' increasing'	7877
7808	(438, 166)	'敦'	7878
7809	(972, 467)	'及时'	7879
7810	(4658, 901)	' People'	7880
7811	(496, 1078)	' Rob'	7881
7812	(373, 2693)	'imately'	7882
7813	(106, 105)	'ji'	7883
7814	(964, 3443)	' playoff'	7884
7815	(359, 2275)	' items'	7885
7816	(905, 583)	' acqu'	7886
7817	(32, 2589)	' ç'	7887
7818	(618, 145)	'ố'	7888
7819	(1100, 521)	'应对'	7889
7820	(569, 159)	'沟'	7890
7821	(278, 6699)	' citiz'	7891
7822	(735, 186)	b' \xe1\xba'	7892
7823	(397, 838)	'人数'	7893
7824	(4823, 729)	' judge'	7894
7825	(308, 105)	'ici'	7895
7826	(3924, 3310)	'遭遇'	7896
7827	(348, 283)	'ading'	7898
7828	(375, 97)	'una'	7899
7829	(457, 185)	'纹'	7900
7830	(516, 152)	'忘'	7901
7831	(727, 3308)	'球迷'	7902
7832	(386, 1372)	'不再'	7903
7833	(566, 164)	'ত'	7904
7834	(391, 2253)	' Mex'	7905
7835	(1852, 115)	' feels'	7906
7836	(299, 132)	'兄'	7907
7837	(278, 836)	' cry'	7908
7838	(590, 2055)	'也许'	7909
7839	(421, 2469)	" we've"	7910
7840	(388, 146)	'徒'	7911
7841	(896, 103)	'berg'	7912
7842	(668, 2382)	' unless'	7913
7843	(1284, 4528)	'解释'	7914
7844	(385, 10062)	' streng'	7915
7845	(4383, 287)	' failed'	7916
7846	(1300, 4429)	'给予'	7917
7847	(1779, 3570)	' launch'	7918
7848	(352, 283)	'aming'	7919
7849	(363, 141)	'伍'	7920
7850	(284, 1557)	' pair'	7921
7851	(1230, 562)	'奖金'	7922
7852	(2552, 418)	' Phil'	7923
7853	(284, 423)	' pus'	7924
7854	(1463, 400)	'广大'	7925
7855	(2070, 729)	'ledge'	7926
7856	(1109, 97)	'awa'	7927
7857	(291, 3207)	' dream'	7928
7858	(741, 357)	'还在'	7929
7859	(2278, 4505)	' effective'	7930
7860	(103, 459)	'gers'	7931
7861	(2412, 3446)	' followed'	7932
7862	(293, 997)	'alty'	7933
7863	(792, 133)	'畅'	7934
7864	(111, 310)	'oom'	7935
7865	(1015, 747)	'ур'	7937
7866	(105, 330)	'iot'	7938
7867	(3222, 2642)	' raised'	7939
7868	(3023, 1257)	'免费'	7940
7869	(1401, 3563)	' attract'	7941
7870	(278, 10061)	' crazy'	7942
7871	(1528, 45)	' na-'	7943
7872	(305, 301)	' las'	7944
7873	(1091, 2453)	'女孩'	7945
7874	(4108, 1738)	' sunny'	7946
7875	(272, 786)	'的外'	7947
7876	(2818, 522)	' estab'	7948
7877	(1097, 1134)	'增强'	7949
7878	(381, 3138)	' hearing'	7950
7879	(2798, 1665)	'分析师'	7951
7880	(301, 97)	'asa'	7952
7881	(601, 390)	'高中'	7953
7882	(4622, 927)	' murder'	7954
7883	(45, 2450)	'-year'	7955
7884	(4213, 2451)	'本报讯'	7956
7885	(434, 936)	' rare'	7957
7886	(1268, 817)	' blue'	7958
7887	(1480, 810)	'知名'	7959
7888	(1020, 3949)	' prefer'	7960
7889	(509, 130)	'剂'	7961
7890	(323, 161)	'ड'	7962
7891	(5178, 2384)	' Obama'	7963
7892	(2877, 1748)	' increased'	7964
7893	(46, 67)	'.C'	7965
7894	(496, 69)	' RE'	7966
7895	(5420, 1832)	'涂料'	7967
7896	(333, 5411)	' revenue'	7968
7897	(601, 2963)	'高端'	7969
7898	(297, 850)	' hous'	7970
7899	(336, 6132)	'一旦'	7971
7900	(381, 5626)	' heavy'	7972
7901	(428, 4375)	'上半年'	7973
7902	(1142, 424)	' 500'	7974
7903	(2770, 2789)	' required'	7975
7904	(1413, 336)	'统一'	7976
7905	(45, 379)	'-se'	7977
7906	(1295, 2730)	'原油'	7978
7907	(119, 485)	'west'	7979
7908	(4008, 170)	'踪'	7980
7909	(720, 139)	'谋'	7981
7910	(32, 4089)	' қ'	7982
7911	(2373, 163)	'าร'	7983
7912	(1811, 2407)	'助攻'	7984
7913	(732, 183)	'捷'	7985
7914	(912, 694)	'房产'	7986
7915	(878, 10065)	'情绪'	7987
7916	(1302, 1287)	'南京'	7988
7917	(1707, 157)	' ም'	7989
7918	(2278, 3406)	' efforts'	7990
7919	(535, 134)	'覆'	7991
7920	(286, 267)	' mer'	7992
7921	(515, 271)	'that'	7993
7922	(1221, 56)	'198'	7994
7923	(391, 477)	' More'	7995
7924	(550, 1883)	'场景'	7996
7925	(895, 427)	'明年'	7997
7926	(354, 293)	' Sal'	7998
7927	(1237, 495)	'想到'	7999
7928	(70, 67)	'FC'	8000
7929	(53, 55)	'57'	8001
7930	(797, 2410)	' advice'	8002
7931	(108, 276)	'lor'	8003
7932	(353, 527)	'acts'	8004
7933	(4925, 580)	b'\xe0\xaf\x88\xe0\xae'	8005
7934	(1979, 1087)	' putting'	8006
7935	(1806, 801)	'ship'	8007
7936	(1352, 1657)	'胜负'	8008
7937	(1309, 400)	'较大'	8009
7938	(3799, 3530)	'ournament'	8010
7939	(2454, 5355)	' avoid'	8011
7940	(48, 52)	'04'	8012
7941	(542, 1126)	' Great'	8013
7942	(2232, 287)	' signed'	8014
7943	(891, 288)	' Star'	8015
7944	(467, 714)	'时期'	8016
7945	(666, 1024)	'本身'	8017
7946	(4816, 643)	' treatment'	8018
7947	(69, 814)	'Every'	8019
7948	(392, 144)	'耐'	8020
7949	(2336, 287)	' opened'	8021
7950	(918, 6985)	'特殊'	8022
7951	(1411, 5155)	'教授'	8023
7952	(279, 97)	'ena'	8024
7953	(684, 1024)	'自身'	8025
7954	(4209, 331)	' seriously'	8026
7955	(847, 956)	' peace'	8027
7956	(378, 1016)	'有着'	8028
7957	(2478, 166)	'ائ'	8029
7958	(908, 695)	'里面'	8030
7959	(2888, 4300)	' conditions'	8031
7960	(2620, 1034)	'黑色'	8032
7961	(357, 462)	'在这'	8033
7962	(982, 3511)	' Chief'	8034
7963	(801, 101)	'ipe'	8035
7964	(661, 5087)	' cancer'	8036
7965	(5611, 619)	'呈现'	8037
7966	(1700, 727)	'足球'	8038
7967	(391, 418)	' Mil'	8039
7968	(858, 267)	'nder'	8040
7969	(48, 50)	'02'	8041
7970	(1278, 539)	'各地'	8042
7971	(299, 167)	'內'	8043
7972	(965, 378)	'持有'	8044
7973	(417, 526)	' Bel'	8045
7974	(433, 108)	'cel'	8046
7975	(1675, 2894)	'板块'	8047
7976	(788, 1230)	'等奖'	8048
7977	(348, 478)	'adem'	8050
7978	(1615, 6090)	' independ'	8051
7979	(645, 170)	'洪'	8052
7980	(2700, 555)	'一定要'	8053
7981	(490, 5488)	' NFL'	8054
7982	(1079, 568)	'至于'	8055
7983	(341, 129)	'旁'	8056
7984	(57, 54)	'96'	8057
7985	(10005, 312)	"I'll"	8058
7986	(652, 737)	" hasn't"	8059
7987	(1577, 98)	' emb'	8060
7988	(256, 626)	' tast'	8061
7989	(216, 163)	'أ'	8062
7990	(1357, 144)	' ነ'	8063
7991	(1107, 164)	'ात'	8064
7992	(894, 2720)	' anyway'	8065
7993	(3488, 1007)	' approach'	8066
7994	(530, 691)	' notice'	8067
7995	(640, 518)	'就能'	8068
7996	(1968, 1665)	'设计师'	8069
7997	(1577, 112)	' emp'	8070
7998	(356, 79)	' TO'	8071
7999	(4117, 147)	'經'	8072
8000	(400, 1380)	'大盘'	8073
8001	(2918, 2225)	' Scott'	8074
8002	(430, 3820)	b'\xe1\x80\x90\xe1\x80'	8075
8003	(750, 161)	'坡'	8076
8004	(1556, 2193)	'份额'	8077
8005	(531, 273)	' Lou'	8078
8006	(6109, 331)	'arently'	8079
8007	(4716, 6615)	' absolutely'	8080
8008	(4088, 1958)	'ක්'	8081
8009	(2353, 6628)	' legisl'	8082
8010	(111, 367)	"o's"	8083
8011	(272, 1760)	'的学生'	8084
8012	(3529, 115)	' claims'	8085
8013	(1107, 130)	'ां'	8086
8014	(119, 274)	'wan'	8087
8015	(464, 906)	" Don't"	8088
8016	(1342, 121)	'ancy'	8089
8017	(941, 548)	' Your'	8090
8018	(1429, 149)	' క'	8091
8019	(57, 55)	'97'	8092
8020	(1423, 420)	'称为'	8093
8021	(84, 65)	'TA'	8094
8022	(3367, 2983)	' injured'	8095
8023	(1638, 912)	'购房'	8096
8024	(2639, 1317)	'独立'	8097
8025	(830, 709)	'相同'	8098
8026	(573, 5088)	'下滑'	8099
8027	(1604, 1433)	'尼亚'	8100
8028	(267, 1501)	'erman'	8101
8029	(1065, 6411)	' teacher'	8102
8030	(1013, 170)	' ਪ'	8103
8031	(6010, 1649)	'沪深'	8104
8032	(6889, 1166)	'elligence'	8105
8033	(833, 138)	'聊'	8106
8034	(2038, 110)	'ün'	8107
8035	(6183, 759)	' imagine'	8108
8036	(510, 477)	' Fore'	8109
8037	(385, 977)	' stick'	8110
8038	(2008, 5108)	'儿童'	8111
8039	(340, 156)	'甜'	8112
8040	(391, 458)	' Mag'	8113
8041	(115, 112)	'sp'	8114
8042	(196, 135)	'ć'	8115
8043	(6182, 4845)	' welcome'	8116
8044	(580, 178)	'ல'	8118
8045	(589, 137)	' उ'	8119
8046	(2806, 1474)	' easily'	8120
8047	(677, 5114)	' leaving'	8121
8048	(5072, 784)	'妻子'	8122
8049	(376, 99)	' Ac'	8123
8050	(586, 137)	'ሉ'	8124
8051	(2246, 2989)	'ිය'	8125
8052	(373, 334)	'iment'	8126
8053	(2741, 1012)	'严格'	8127
8054	(1393, 3069)	'欧盟'	8128
8055	(655, 721)	'主动'	8129
8056	(1536, 1222)	'山东'	8130
8057	(546, 2286)	' vari'	8131
8058	(1156, 190)	'驾'	8132
8059	(3068, 637)	' receive'	8133
8060	(463, 406)	' Hill'	8134
8061	(305, 285)	' les'	8135
8062	(480, 1870)	'rief'	8136
8063	(73, 2471)	'ION'	8137
8064	(2339, 4829)	' Islam'	8138
8065	(662, 272)	'元的'	8139
8066	(1808, 397)	'男人'	8140
8067	(4327, 1404)	' updates'	8141
8068	(3025, 350)	'特别是'	8142
8069	(882, 427)	'两年'	8143
8070	(281, 105)	'isi'	8145
8071	(632, 532)	' train'	8146
8072	(1244, 132)	'ไ'	8147
8073	(1779, 375)	' laun'	8148
8074	(683, 153)	'妙'	8149
8075	(415, 150)	'抖'	8150
8076	(834, 2687)	' closed'	8151
8077	(349, 162)	'卢'	8152
8078	(1607, 844)	'售价'	8153
8079	(3816, 276)	' color'	8154
8080	(116, 532)	'tain'	8155
8081	(1616, 1617)	'居住'	8156
8082	(1611, 3071)	'类似'	8157
8083	(6695, 581)	' literally'	8158
8084	(632, 273)	' trou'	8159
8085	(4061, 4061)	'纷纷'	8160
8086	(2634, 4438)	' influ'	8161
8087	(72, 68)	'HD'	8162
8088	(1537, 420)	'仅为'	8163
8089	(3474, 3794)	' Commission'	8164
8090	(3804, 272)	'之间的'	8165
8091	(562, 2193)	'金额'	8166
8092	(4058, 5288)	' employees'	8167
8093	(825, 3503)	'重庆'	8169
8094	(1882, 545)	'引发'	8170
8095	(1115, 141)	'舍'	8171
8096	(1004, 134)	'ె'	8172
8097	(872, 420)	'更为'	8173
8098	(1074, 121)	'olly'	8174
8099	(2806, 2028)	' easier'	8175
8100	(278, 1241)	' cold'	8176
8101	(708, 272)	'部的'	8177
8102	(3607, 721)	'启动'	8178
8103	(3476, 1909)	' Johnson'	8179
8104	(1899, 3885)	'世界杯'	8180
8105	(216, 166)	'ئ'	8181
8106	(4510, 115)	'chers'	8182
8107	(1255, 331)	'iously'	8183
8108	(825, 1601)	'重视'	8184
8109	(65, 104)	'Ah'	8185
8110	(1095, 130)	'ੂ'	8186
8111	(5209, 570)	b'\xe0\xb1\x87\xe0\xb0'	8187
8112	(434, 651)	' rap'	8188
8113	(309, 138)	'刊'	8189
8114	(2698, 2146)	'纪录'	8190
8115	(422, 175)	'贯'	8191
8116	(1237, 555)	'想要'	8192
8117	(32, 574)	' ess'	8193
8118	(546, 353)	' vac'	8194
8119	(82, 65)	'RA'	8195
8120	(288, 671)	'aries'	8196
8121	(2261, 1803)	'举办'	8197
8122	(305, 4740)	' loved'	8198
8123	(310, 301)	'omas'	8199
8124	(380, 148)	'孔'	8200
8125	(434, 4617)	' rule'	8201
8126	(385, 4109)	' stories'	8202
8127	(1149, 174)	' મ'	8203
8128	(6130, 678)	' ensure'	8204
8129	(429, 185)	'役'	8205
8130	(1227, 2898)	'认识'	8206
8131	(427, 804)	'年度'	8207
8132	(377, 6265)	' CEO'	8208
8133	(1866, 145)	'撑'	8209
8134	(2212, 283)	' hoping'	8210
8135	(918, 1034)	'特色'	8211
8136	(749, 272)	'小的'	8212
8137	(107, 267)	'ker'	8213
8138	(602, 946)	'ис'	8214
8139	(1508, 832)	' کر'	8215
8140	(284, 966)	' park'	8216
8141	(471, 155)	'ป'	8217
8142	(1424, 630)	' award'	8218
8143	(395, 154)	'赚'	8219
8144	(1817, 804)	'角度'	8220
8145	(272, 1467)	'的产品'	8221
8146	(1930, 994)	' France'	8222
8147	(602, 1349)	'ив'	8223
8148	(2461, 1003)	'占据'	8224
8149	(436, 263)	' Pre'	8225
8150	(792, 170)	'番'	8227
8151	(1100, 665)	'应用'	8228
8152	(1083, 553)	'物业'	8229
8153	(707, 161)	'污'	8230
8154	(1341, 6292)	' crowd'	8231
8155	(361, 2177)	' forget'	8232
8156	(391, 2679)	' Mike'	8233
8157	(331, 110)	'lyn'	8234
8158	(294, 103)	' ang'	8235
8159	(292, 450)	' tool'	8236
8160	(744, 1284)	'理解'	8237
8161	(771, 272)	'定的'	8238
8162	(10074, 4828)	'咨询'	8239
8163	(305, 328)	' lay'	8240
8164	(2542, 1468)	'细节'	8241
8165	(4075, 428)	'实际上'	8242
8166	(3004, 331)	' clearly'	8243
8167	(230, 134)	b'\xe6\x86'	8244
8168	(487, 174)	'浮'	8245
8169	(1706, 746)	'ground'	8246
8170	(284, 115)	' ps'	8247
8171	(1468, 518)	'节能'	8248
8172	(1011, 728)	' incred'	8249
8173	(1134, 272)	'强的'	8250
8174	(417, 369)	' Big'	8251
8175	(32, 618)	b' \xe1\xbb'	8252
8176	(1165, 637)	' active'	8253
8177	(264, 2965)	' sym'	8254
8178	(2105, 3255)	' про'	8255
8179	(1835, 145)	'塑'	8256
8180	(504, 370)	' shut'	8257
8181	(629, 178)	'ਲ'	8258
8182	(104, 2365)	'htt'	8259
8183	(1331, 571)	'组成'	8260
8184	(596, 1557)	' chair'	8261
8185	(613, 379)	' These'	8262
8186	(685, 836)	' worry'	8263
8187	(2441, 283)	' killing'	8264
8188	(45, 55)	'-7'	8265
8189	(845, 520)	'看来'	8266
8190	(2207, 176)	'్ర'	8267
8191	(1233, 1351)	'指导'	8268
8192	(54, 55)	'67'	8269
8193	(98, 263)	'bre'	8270
8194	(1230, 1266)	'奖号'	8271
8195	(10003, 49)	' 2011'	8272
8196	(2575, 428)	'晚上'	8273
8197	(2899, 104)	' meth'	8274
8198	(316, 2949)	' green'	8275
8199	(733, 607)	'全新'	8276
8200	(2755, 1383)	'ले'	8277
8201	(3749, 4830)	' है'	8278
8202	(391, 111)	' Mo'	8279
8203	(464, 274)	' Dan'	8280
8204	(10067, 1016)	'意味着'	8281
8205	(5988, 112)	' purp'	8282
8206	(6018, 1034)	'颜色'	8283
8207	(286, 1703)	' max'	8284
8208	(1232, 287)	' feed'	8285
8209	(1052, 428)	'市场上'	8286
8210	(1238, 1154)	' accident'	8287
8211	(297, 271)	' hat'	8288
8212	(314, 7319)	' nuclear'	8289
8213	(744, 2959)	'理念'	8290
8214	(268, 1703)	' wax'	8291
8215	(309, 183)	'刷'	8292
8216	(5761, 6585)	'光学变焦'	8293
8217	(1429, 181)	' వ'	8294
8218	(233, 172)	b'\xe9\xac'	8295
8219	(826, 1102)	'性感'	8296
8220	(530, 101)	' note'	8297
8221	(32, 691)	' ice'	8298
8222	(1023, 657)	'展开'	8299
8223	(284, 4535)	' paper'	8300
8224	(369, 97)	'iga'	8301
8225	(5045, 2252)	' appeared'	8302
8226	(1930, 1342)	' Franc'	8303
8227	(1096, 116)	'ət'	8304
8228	(369, 274)	'igan'	8305
8229	(2968, 1390)	'追求'	8306
8230	(763, 179)	'艳'	8307
8231	(1429, 133)	' అ'	8308
8232	(5404, 2214)	' features'	8309
8233	(3752, 1426)	' draft'	8310
8234	(2563, 285)	' businesses'	8311
8235	(310, 279)	'omen'	8312
8236	(2019, 1375)	'段时间'	8313
8237	(464, 285)	' Des'	8314
8238	(297, 5186)	' hurt'	8315
8239	(549, 151)	'俗'	8316
8240	(373, 499)	'imum'	8317
8241	(837, 1274)	'وم'	8318
8242	(275, 122)	'itz'	8319
8243	(433, 287)	'ceed'	8320
8244	(707, 164)	'汤'	8321
8245	(2127, 495)	'拿到'	8322
8246	(463, 621)	' Hall'	8323
8247	(1105, 2912)	'无疑'	8324
8248	(510, 5299)	' First'	8325
8249	(540, 357)	'日在'	8326
8250	(702, 138)	' ي'	8327
8251	(540, 3177)	'日消息'	8328
8252	(358, 158)	'诞'	8329
8253	(595, 1476)	'公共'	8330
8254	(1160, 4659)	' partners'	8331
8255	(272, 390)	'的中'	8332
8256	(779, 5201)	'平衡'	8333
8257	(562, 1995)	'金属'	8334
8258	(3201, 396)	'采用了'	8335
8259	(256, 675)	' tough'	8336
8260	(2946, 2145)	'However'	8337
8261	(1164, 495)	'回到'	8338
8262	(867, 143)	'柏'	8339
8263	(272, 623)	'的前'	8340
8264	(1102, 878)	'感情'	8341
8265	(1383, 2557)	'ें'	8342
8266	(440, 136)	'览'	8343
8267	(596, 1325)	' champ'	8344
8268	(1113, 322)	'ression'	8345
8269	(867, 148)	'柔'	8346
8270	(1959, 156)	'猜'	8347
8271	(2850, 2558)	' basically'	8348
8272	(2888, 1324)	' condition'	8349
8273	(2511, 179)	'碳'	8350
8274	(114, 617)	'rist'	8351
8275	(417, 398)	' Bur'	8352
8276	(648, 164)	'肤'	8353
8277	(46, 84)	'.T'	8354
8278	(662, 1774)	'元素'	8355
8279	(5524, 110)	'ên'	8356
8280	(586, 170)	'ሪ'	8357
8281	(112, 370)	'put'	8358
8282	(937, 147)	'邓'	8359
8283	(330, 105)	'oti'	8360
8284	(2686, 1978)	'群众'	8361
8285	(576, 460)	'多个'	8362
8286	(332, 1261)	'ette'	8363
8287	(469, 156)	' М'	8364
8288	(272, 2746)	'的方式'	8365
8289	(469, 161)	' С'	8366
8290	(2247, 3274)	' issued'	8367
8291	(1096, 108)	'əl'	8368
8292	(1942, 5771)	b' \xe1\x80\xa1\xe1\x80'	8369
8293	(1096, 115)	'əs'	8370
8294	(378, 889)	'有一个'	8371
8295	(557, 1792)	'分红'	8372
8296	(80, 101)	'Pe'	8373
8297	(522, 1605)	'ables'	8374
8298	(850, 331)	'ously'	8375
8299	(546, 4178)	' voice'	8376
8300	(2326, 5597)	'卫浴'	8377
8301	(69, 69)	'EE'	8378
8302	(582, 5015)	' although'	8379
8303	(6786, 258)	'stein'	8380
8304	(945, 505)	' expand'	8381
8305	(588, 118)	' Ev'	8382
8306	(7307, 156)	'로'	8383
8307	(66, 108)	'Bl'	8384
8308	(4295, 1686)	' excited'	8385
8309	(828, 1539)	'很快'	8386
8310	(2862, 695)	'画面'	8387
8311	(1198, 700)	'科比'	8388
8312	(542, 7142)	' General'	8389
8313	(1568, 499)	' assum'	8390
8314	(467, 272)	'时的'	8391
8315	(458, 267)	'ager'	8392
8316	(320, 1251)	'level'	8393
8317	(458, 1787)	'agement'	8394
8318	(278, 626)	' cast'	8395
8319	(539, 824)	'地位'	8396
8320	(1116, 2160)	'战绩'	8397
8321	(101, 1534)	'ext'	8398
8322	(655, 1367)	'主演'	8399
8323	(491, 6088)	' journal'	8400
8324	(305, 6445)	' langu'	8401
8325	(1829, 116)	' sett'	8402
8326	(315, 140)	'昌'	8403
8327	(265, 3030)	'onstr'	8404
8328	(3674, 1670)	'逐步'	8405
8329	(674, 283)	' willing'	8406
8330	(3229, 367)	" There's"	8407
8331	(308, 528)	'icul'	8408
8332	(315, 130)	'昂'	8409
8333	(95, 116)	'_t'	8410
8334	(4149, 963)	'while'	8411
8335	(547, 135)	'颇'	8412
8336	(3612, 143)	'鹏'	8413
8337	(428, 396)	'上了'	8414
8338	(571, 4415)	'成熟'	8415
8339	(2369, 178)	'ில'	8416
8340	(385, 3753)	' street'	8417
8341	(891, 766)	' Step'	8418
8342	(496, 1414)	' Rock'	8419
8343	(480, 122)	'riz'	8420
8344	(556, 350)	'可是'	8422
8345	(471, 183)	'ื'	8423
8346	(1547, 3383)	'反映'	8424
8347	(2394, 6910)	'习惯'	8425
8348	(1023, 981)	'展示'	8426
8349	(278, 3569)	' code'	8427
8350	(78, 69)	'NE'	8428
8351	(4113, 1034)	'绿色'	8429
8352	(2078, 293)	' trial'	8430
8353	(933, 2954)	'民族'	8431
8354	(381, 365)	' hero'	8432
8355	(3097, 851)	'्या'	8433
8356	(1091, 784)	'女子'	8434
8357	(278, 6386)	' caught'	8435
8358	(4063, 1809)	'损失'	8436
8359	(278, 301)	' cas'	8437
8360	(6213, 441)	' conversation'	8438
8361	(551, 186)	'挺'	8439
8362	(1650, 350)	'则是'	8440
8363	(1999, 1183)	' investors'	8442
8364	(3409, 420)	'分别为'	8443
8365	(813, 459)	' offers'	8444
8366	(1573, 4024)	'的一個'	8445
8367	(1454, 50)	'2012'	8446
8368	(2831, 283)	' buying'	8447
8369	(666, 1198)	'本科'	8448
8370	(291, 310)	' dom'	8449
8371	(1507, 458)	' flag'	8450
8372	(655, 1817)	'主角'	8451
8373	(442, 104)	' kh'	8453
8374	(51, 1270)	'3000'	8454
8375	(1682, 556)	'即可'	8455
8376	(2072, 740)	'融资'	8456
8377	(275, 105)	'iti'	8457
8378	(2140, 1574)	'奇才'	8458
8379	(4385, 4366)	' network'	8459
8380	(3889, 5278)	' English'	8460
8381	(1913, 1031)	' retail'	8461
8382	(346, 10069)	' beyond'	8462
8383	(3179, 804)	'印度'	8463
8384	(1618, 1225)	' finish'	8464
8385	(1967, 1391)	'摄像'	8465
8386	(4797, 1625)	'讨论'	8466
8387	(282, 6701)	' fresh'	8467
8388	(4169, 10070)	' yesterday'	8468
8389	(1102, 1131)	'感受'	8469
8390	(10027, 7133)	' challenge'	8470
8391	(857, 6509)	' computer'	8471
8392	(573, 396)	'下了'	8472
8393	(3772, 527)	' starts'	8473
8394	(1471, 275)	' commit'	8474
8395	(305, 39)	" l'"	8475
8396	(417, 121)	' By'	8476
8397	(2271, 121)	' lawy'	8477
8398	(1079, 1110)	'至今'	8478
8399	(336, 767)	'一天'	8479
8400	(334, 2509)	'entially'	8480
8401	(708, 780)	'部长'	8481
8402	(395, 143)	'赏'	8482
8403	(464, 2077)	' Direct'	8483
8404	(649, 769)	'от'	8484
8405	(934, 876)	' image'	8485
8406	(392, 182)	'耶'	8486
8407	(800, 357)	'所在'	8487
8408	(486, 1279)	'出台'	8488
8409	(423, 637)	'usive'	8489
8410	(407, 178)	'玲'	8490
8411	(7191, 1150)	' Canadian'	8491
8412	(3788, 1324)	' competition'	8492
8413	(1451, 111)	'onto'	8493
8414	(561, 168)	'辨'	8494
8415	(5182, 308)	' communic'	8495
8416	(5819, 1496)	' weapons'	8496
8417	(476, 150)	'拖'	8497
8418	(935, 6180)	'通胀'	8498
8419	(3033, 326)	' solid'	8499
8420	(992, 186)	'铺'	8500
8421	(272, 2136)	'的主要'	8501
8422	(460, 5294)	'个篮板'	8502
8423	(1222, 620)	'东方'	8503
8424	(2124, 1083)	'食物'	8504
8425	(894, 5910)	' anymore'	8505
8426	(1835, 171)	'填'	8506
8427	(477, 115)	'ores'	8507
8428	(1072, 167)	'烧'	8508
8429	(2285, 115)	' obs'	8509
8430	(1673, 53)	'1.5'	8510
8431	(2818, 373)	' estim'	8511
8432	(4710, 2431)	'寻找'	8512
8433	(438, 184)	'數'	8513
8434	(318, 114)	' Ir'	8514
8435	(947, 5723)	'提醒'	8515
8436	(1228, 272)	'型的'	8516
8437	(340, 152)	'甘'	8517
8438	(1384, 737)	" shouldn't"	8518
8439	(655, 1220)	'主题'	8519
8440	(272, 3723)	'的地方'	8520
8441	(272, 2490)	'的表现'	8521
8442	(1591, 115)	' helps'	8522
8443	(3418, 2325)	'ને'	8523
8444	(1599, 156)	'娜'	8524
8445	(3349, 1193)	'收益率'	8525
8446	(4926, 1158)	' beginning'	8526
8447	(297, 10068)	' hundred'	8527
8448	(5331, 115)	' victims'	8528
8449	(103, 117)	'gu'	8529
8450	(2339, 1765)	' Island'	8530
8451	(788, 788)	'等等'	8531
8452	(385, 441)	' station'	8532
8453	(6383, 1438)	'Maybe'	8533
8454	(397, 1611)	'人类'	8534
8455	(6598, 3569)	' episode'	8535
8456	(1392, 345)	' throw'	8536
8457	(1920, 115)	' seconds'	8537
8458	(1507, 3257)	' floor'	8538
8459	(281, 267)	'iser'	8539
8460	(3045, 7422)	' Amazon'	8540
8461	(318, 527)	' Its'	8541
8462	(576, 808)	'多次'	8542
8463	(348, 105)	'adi'	8543
8464	(2111, 4417)	'治疗'	8544
8465	(803, 895)	'表明'	8545
8466	(495, 2196)	'到底'	8546
8467	(5252, 322)	'ription'	8547
8468	(2464, 97)	' kinda'	8548
8469	(5276, 141)	'軍'	8549
8470	(434, 1494)	' rise'	8550
8471	(576, 1047)	'多种'	8551
8472	(1680, 6174)	'清楚'	8552
8473	(649, 946)	'ос'	8553
8474	(3106, 2067)	'判断'	8554
8475	(1561, 597)	'北京市'	8555
8476	(278, 10029)	' council'	8556
8477	(504, 105)	' shi'	8557
8478	(436, 83)	' PS'	8558
8479	(4447, 331)	' previously'	8559
8480	(72, 3403)	'Haha'	8560
8481	(3727, 876)	' Image'	8561
8482	(305, 2778)	' load'	8562
8483	(4691, 3397)	' ኣብ'	8563
8484	(386, 3157)	'不知道'	8564
8485	(849, 50)	' 32'	8565
8486	(486, 419)	'出国'	8566
8487	(1568, 4803)	' assault'	8567
8488	(531, 332)	' Let'	8568
8489	(778, 143)	'描'	8569
8490	(1803, 744)	'办理'	8570
8491	(1469, 3593)	'支付'	8571
8492	(1409, 721)	'流动'	8572
8493	(314, 2186)	' north'	8573
8494	(108, 1120)	'lı'	8574
8495	(1860, 101)	'iye'	8575
8496	(669, 146)	'炒'	8576
8497	(4177, 70)	'ETF'	8577
8498	(4637, 161)	'蔡'	8578
8499	(264, 2254)	' south'	8579
8500	(993, 53)	'2005'	8580
8501	(6765, 287)	' described'	8581
8502	(1996, 682)	' talks'	8582
8503	(71, 111)	'Go'	8583
8504	(3526, 1385)	'播放'	8584
8505	(67, 108)	'Cl'	8585
8506	(548, 115)	'ours'	8586
8507	(669, 188)	'炼'	8587
8508	(298, 191)	'仿'	8588
8509	(1633, 185)	'腹'	8589
8510	(720, 168)	'谨'	8590
8511	(2496, 176)	'翰'	8591
8512	(590, 681)	'也将'	8592
8513	(5684, 1659)	'敬请'	8593
8514	(1577, 330)	' emot'	8594
8515	(387, 176)	'扰'	8595
8516	(2102, 6315)	' announce'	8596
8517	(448, 143)	'栏'	8597
8518	(648, 169)	'肩'	8598
8519	(277, 4946)	' battle'	8599
8520	(602, 1140)	'ид'	8600
8521	(1480, 2898)	'知识'	8601
8522	(272, 1543)	'的游戏'	8602
8523	(3389, 5262)	' patients'	8603
8524	(794, 158)	'胞'	8604
8525	(2826, 495)	'了解到'	8605
8526	(1372, 804)	'再度'	8606
8527	(2036, 555)	'必要'	8607
8528	(4506, 115)	' concerns'	8608
8529	(586, 154)	'ሚ'	8609
8530	(314, 7017)	' natural'	8610
8531	(601, 804)	'高度'	8611
8532	(3395, 636)	' majority'	8612
8533	(596, 111)	' cho'	8613
8534	(2769, 532)	' explain'	8614
8535	(76, 101)	'Le'	8615
8536	(57, 50)	'92'	8616
8537	(7197, 3912)	' thousands'	8617
8538	(421, 288)	' wear'	8618
8539	(1341, 787)	' crime'	8619
8540	(471, 184)	'ุ'	8620
8541	(648, 140)	'肌'	8621
8542	(1094, 272)	'股的'	8622
8543	(1571, 164)	' த'	8623
8544	(2941, 1158)	' planning'	8624
8545	(1539, 1645)	'快乐'	8625
8546	(377, 1496)	' Cons'	8626
8547	(2981, 1000)	' behav'	8627
8548	(618, 167)	'ủ'	8628
8549	(4723, 519)	' Senate'	8629
8550	(566, 172)	'ব'	8630
8551	(4255, 149)	'燕'	8631
8552	(512, 4202)	' comfort'	8632
8553	(1571, 174)	' ம'	8633
8554	(1303, 3242)	'结婚'	8634
8555	(2005, 115)	' markets'	8635
8556	(619, 562)	'现金'	8636
8557	(845, 790)	'看法'	8637
8558	(882, 5163)	'两岸'	8638
8559	(5053, 691)	' Office'	8639
8560	(418, 97)	'ila'	8640
8561	(329, 157)	'尝'	8641
8562	(3292, 283)	' holding'	8642
8563	(217, 185)	'ٹ'	8643
8564	(494, 114)	'ustr'	8644
8565	(1571, 133)	' அ'	8646
8566	(256, 365)	' tro'	8647
8567	(752, 115)	'inds'	8648
8568	(1667, 2864)	' minister'	8649
8569	(1766, 173)	' ይ'	8650
8570	(714, 2260)	'期货'	8651
8571	(651, 104)	'aph'	8652
8572	(356, 1862)	' Times'	8653
8573	(912, 4911)	'房屋'	8654
8574	(377, 497)	' Could'	8655
8575	(1462, 133)	' අ'	8656
8576	(947, 981)	'提示'	8657
8577	(408, 408)	'oooo'	8658
8578	(534, 272)	'生的'	8659
8579	(5000, 331)	' particularly'	8660
8580	(6364, 963)	' mobile'	8661
8581	(1127, 101)	' dise'	8662
8582	(3911, 1323)	'估值'	8663
8583	(1933, 135)	'篇'	8664
8584	(32, 974)	' ib'	8665
8585	(1505, 139)	'残'	8666
8586	(68, 67)	'DC'	8667
8587	(78, 65)	'NA'	8668
8588	(788, 1182)	'等级'	8669
8589	(1389, 175)	'疯'	8670
8590	(962, 2086)	'并不是'	8671
8591	(10072, 4657)	' Florida'	8672
8592	(1127, 5142)	' display'	8673
8593	(268, 1263)	' wild'	8674
8594	(471, 136)	'จ'	8675
8595	(641, 102)	' Of'	8676
8596	(2839, 115)	' reasons'	8677
8597	(1378, 598)	'她们'	8678
8598	(713, 3148)	' spending'	8679
8599	(3996, 159)	'機'	8680
8600	(284, 2995)	' push'	8681
8601	(1175, 1413)	'总统'	8682
8602	(559, 115)	' pros'	8683
8603	(400, 5665)	'大多数'	8684
8604	(397, 1574)	'人才'	8685
8605	(2073, 10080)	'陈水扁'	8686
8606	(2295, 367)	" company's"	8687
8607	(317, 155)	'君'	8688
8608	(1547, 1100)	'反应'	8689
8609	(2488, 267)	' deter'	8690
8610	(118, 604)	'vant'	8691
8611	(1055, 691)	' twice'	8692
8612	(2432, 411)	' letter'	8693
8613	(1667, 2148)	' minute'	8694
8614	(333, 5617)	' reached'	8695
8615	(657, 3607)	'开启'	8697
8616	(1417, 283)	' showing'	8698
8617	(5638, 5866)	' published'	8699
8618	(430, 148)	'န'	8700
8619	(826, 453)	'性和'	8701
8620	(3258, 345)	' window'	8702
8621	(3617, 862)	'Also'	8703
8622	(1149, 164)	' ત'	8704
8623	(1333, 914)	'显然'	8705
8624	(5609, 5059)	' immigr'	8706
8625	(805, 168)	'墨'	8707
8626	(1560, 1911)	'运营'	8708
8627	(1633, 190)	'腾'	8709
8628	(354, 425)	' Sout'	8710
8629	(323, 159)	'ट'	8711
8630	(627, 1162)	'اک'	8712
8631	(1005, 5667)	' contribut'	8713
8632	(1669, 283)	'coming'	8714
8633	(5001, 283)	' losing'	8715
8634	(5934, 5993)	' revealed'	8716
8635	(1224, 143)	' এ'	8717
8636	(2635, 121)	' fully'	8718
8637	(354, 107)	' Sk'	8719
8638	(2233, 557)	'百分'	8720
8639	(592, 352)	' exam'	8721
8640	(225, 10041)	'ṣ'	8722
8641	(709, 714)	'同期'	8723
8642	(1700, 1358)	'足彩'	8724
8643	(1031, 287)	'ailed'	8725
8644	(2098, 130)	'魂'	8726
8645	(101, 97)	'ea'	8727
8646	(5669, 1717)	' individual'	8728
8647	(1662, 322)	' Union'	8729
8648	(464, 105)	' Di'	8730
8649	(980, 2898)	'意识'	8731
8650	(666, 550)	'本场'	8732
8651	(86, 69)	'VE'	8733
8652	(233, 132)	b'\xe9\x84'	8735
8653	(485, 4669)	'estival'	8736
8654	(180, 235)	b'\xb4\xeb'	8737
8655	(2953, 2600)	'农村'	8738
8656	(282, 604)	' fant'	8739
8657	(1011, 600)	' income'	8740
8658	(2043, 506)	'委会'	8741
8659	(897, 139)	'袋'	8742
8660	(2779, 832)	' پر'	8743
8661	(105, 279)	'ien'	8744
8662	(2514, 3438)	' department'	8745
8663	(256, 373)	' tim'	8746
8664	(413, 188)	'逼'	8747
8665	(305, 308)	' lic'	8748
8666	(3335, 330)	' promot'	8749
8667	(2162, 963)	' While'	8750
8668	(436, 642)	' Post'	8751
8669	(2136, 350)	'主要是'	8752
8670	(657, 1230)	'开奖'	8753
8671	(108, 111)	'lo'	8754
8672	(1634, 1459)	'案件'	8755
8673	(2773, 480)	'ropri'	8756
8674	(291, 4501)	' domin'	8757
8675	(6047, 6047)	'★★'	8758
8676	(463, 352)	' Ham'	8759
8677	(391, 406)	' Mill'	8760
8678	(7090, 1787)	' agreement'	8761
8679	(272, 1435)	'的可能'	8762
8680	(313, 191)	'宿'	8763
8681	(4255, 131)	'燃'	8764
8682	(1352, 831)	'胜利'	8765
8683	(3367, 7477)	' injuries'	8766
8684	(4982, 2526)	' professional'	8767
8685	(4566, 972)	'涉及'	8768
8686	(2908, 5230)	' stopped'	8769
8687	(395, 142)	'赎'	8770
8688	(99, 274)	'can'	8771
8689	(891, 114)	' Str'	8772
8690	(1571, 181)	' வ'	8773
8691	(1244, 131)	'ใ'	8774
8692	(1102, 1312)	'感光'	8775
8693	(458, 6131)	'agram'	8776
8694	(510, 948)	' Fire'	8777
8695	(2448, 287)	' passed'	8778
8696	(52, 49)	'41'	8779
8697	(986, 163)	'灣'	8781
8698	(411, 121)	'tery'	8782
8699	(2239, 818)	' Americans'	8784
8700	(538, 1237)	'我想'	8785
8701	(318, 5194)	' Iran'	8786
8702	(1309, 420)	'较为'	8787
8703	(854, 390)	'当中'	8788
8704	(985, 150)	'糖'	8789
8705	(354, 283)	' Sing'	8790
8706	(6198, 2341)	'搜索'	8791
8707	(713, 108)	' spl'	8792
8708	(618, 129)	'ề'	8793
8709	(619, 775)	'现实'	8794
8710	(405, 146)	'寒'	8795
8711	(1386, 105)	'iki'	8796
8712	(117, 1879)	'uwa'	8797
8713	(278, 1684)	' cities'	8798
8714	(216, 176)	'ذ'	8799
8715	(665, 272)	'用的'	8800
8716	(336, 978)	'一只'	8801
8717	(421, 3138)	' wearing'	8802
8718	(284, 332)	' pet'	8803
8719	(1151, 503)	'ка'	8804
8720	(3405, 2921)	' caused'	8805
8721	(272, 1322)	'的投资'	8806
8722	(2280, 134)	'婆'	8807
8723	(83, 69)	'SE'	8808
8724	(971, 179)	'ዳ'	8809
8725	(635, 5107)	'orthern'	8810
8726	(761, 1539)	'加快'	8811
8727	(1015, 880)	'ул'	8812
8728	(2414, 1906)	'跌幅'	8813
8729	(105, 591)	'ipp'	8814
8730	(1491, 188)	'狼'	8815
8731	(1292, 10075)	'别墅'	8816
8732	(559, 6663)	' projects'	8817
8733	(2474, 1610)	' continues'	8818
8734	(1234, 2055)	'或许'	8819
8735	(109, 288)	'mar'	8820
8736	(3872, 518)	'智能'	8821
8737	(421, 2071)	' weather'	8822
8738	(436, 2267)	' Prem'	8823
8739	(1044, 97)	'uga'	8824
8740	(118, 105)	'vi'	8826
8741	(3287, 1492)	' eventually'	8827
8742	(670, 168)	'轨'	8828
8743	(1175, 350)	'总是'	8829
8744	(2850, 7677)	' basket'	8830
8745	(3549, 283)	' trading'	8831
8746	(6806, 128)	'지'	8832
8747	(1476, 378)	'共有'	8833
8748	(348, 3640)	'adium'	8834
8749	(713, 1719)	' spread'	8835
8750	(10011, 2085)	'্র'	8836
8751	(361, 4273)	' forced'	8837
8752	(2850, 281)	' basis'	8838
8753	(49, 1446)	'150'	8839
8754	(385, 263)	' stre'	8840
8755	(421, 121)	' wey'	8841
8756	(476, 148)	'拔'	8842
8757	(326, 104)	'idh'	8843
8758	(318, 73)	' II'	8844
8759	(575, 166)	'哦'	8845
8760	(4794, 6188)	' George'	8846
8761	(520, 396)	'来了'	8847
8762	(343, 320)	' ele'	8848
8763	(2753, 2889)	'ESDAY'	8849
8764	(1304, 2427)	'规范'	8850
8765	(1385, 357)	'放在'	8851
8766	(464, 1870)	' Def'	8852
8767	(77, 77)	'MM'	8853
8768	(1612, 844)	'均价'	8854
8769	(231, 141)	b'\xe7\x8d'	8855
8770	(3252, 275)	' Edit'	8856
8771	(323, 156)	'ज'	8857
8772	(406, 121)	'illy'	8858
8773	(7537, 308)	' traffic'	8859
8774	(2627, 800)	'交易所'	8860
8775	(793, 156)	'姜'	8861
8776	(436, 67)	' PC'	8862
8777	(721, 745)	'动力'	8863
8778	(1746, 1002)	'确保'	8864
8779	(119, 117)	'wu'	8865
8780	(5146, 637)	' massive'	8866
8781	(3693, 831)	'顺利'	8867
8782	(10017, 276)	' histor'	8868
8783	(10018, 7556)	' highest'	8869
8784	(2144, 396)	'出现了'	8870
8785	(2701, 283)	' telling'	8871
8786	(89, 548)	'Your'	8872
8787	(4046, 1901)	' እን'	8873
8788	(7316, 6982)	' tomorrow'	8874
8789	(4371, 1686)	' limited'	8875
8790	(1058, 2945)	'信贷'	8876
8791	(4213, 1335)	'本报记者'	8877
8792	(87, 345)	'Wow'	8878
8793	(1828, 459)	' owners'	8879
8794	(655, 1352)	'主胜'	8880
8795	(6101, 3103)	' https'	8881
8796	(496, 402)	' Rec'	8882
8797	(7551, 2693)	'fortunately'	8883
8798	(1850, 526)	'annel'	8884
8799	(1846, 2079)	' relative'	8885
8800	(1462, 184)	' ම'	8886
8801	(2914, 182)	'島'	8887
8802	(3709, 283)	'ifying'	8888
8803	(325, 136)	'戈'	8890
8804	(378, 816)	'有点'	8891
8805	(5291, 1410)	' Company'	8892
8806	(641, 70)	' OF'	8893
8807	(569, 136)	'沈'	8894
8808	(531, 1109)	' Law'	8895
8809	(2714, 3070)	'志愿'	8896
8810	(282, 963)	' file'	8897
8811	(1340, 1223)	'图片'	8898
8812	(1856, 844)	'评价'	8899
8813	(812, 708)	'内部'	8900
8814	(1996, 334)	' talent'	8901
8815	(1424, 4187)	' awọn'	8902
8816	(1216, 272)	'做的'	8903
8817	(908, 910)	'里斯'	8904
8818	(232, 185)	b'\xe8\xb9'	8905
8819	(418, 287)	'iled'	8906
8820	(467, 3722)	'时刻'	8907
8821	(386, 776)	'不好'	8908
8822	(391, 1311)	' Miss'	8909
8823	(5696, 3731)	' camera'	8910
8824	(2378, 283)	' meaning'	8911
8825	(1160, 1952)	' partner'	8912
8826	(982, 10073)	' Chicago'	8913
8827	(560, 274)	'akan'	8914
8828	(2611, 3141)	' deliver'	8915
8829	(5768, 310)	' bottom'	8916
8830	(103, 108)	'gl'	8917
8831	(480, 101)	'rie'	8918
8832	(828, 776)	'很好'	8919
8833	(65, 109)	'Am'	8920
8834	(1149, 133)	' અ'	8921
8835	(580, 181)	'வ'	8922
8836	(470, 418)	' Wil'	8923
8837	(10036, 97)	' Africa'	8924
8838	(5326, 287)	' mentioned'	8925
8839	(288, 515)	'arth'	8926
8840	(1136, 1926)	'设置'	8927
8841	(413, 138)	'逊'	8928
8842	(6631, 128)	'가'	8930
8843	(1487, 2532)	'带来的'	8931
8844	(510, 6229)	' FBI'	8932
8845	(305, 1925)	' là'	8933
8846	(7659, 691)	'Police'	8934
8847	(5753, 612)	' tonight'	8935
8848	(83, 3291)	'Sorry'	8936
8849	(275, 441)	'itation'	8937
8850	(1317, 1682)	'立即'	8938
8851	(434, 271)	' rat'	8939
8852	(3705, 3745)	' suspect'	8940
8853	(378, 831)	'有利'	8941
8854	(259, 626)	'heast'	8942
8855	(391, 642)	' Most'	8943
8856	(268, 2099)	' warm'	8944
8857	(5780, 4629)	' document'	8945
8858	(800, 5844)	'所谓'	8946
8859	(1268, 969)	' blog'	8947
8860	(1357, 173)	' ክ'	8948
8861	(1098, 183)	'酷'	8949
8862	(3529, 287)	' claimed'	8950
8863	(692, 134)	'來'	8951
8864	(5660, 1909)	' Jackson'	8952
8865	(10010, 536)	' videos'	8953
8866	(4327, 519)	' update'	8954
8867	(386, 3088)	'不败'	8955
8868	(5232, 3351)	' dropped'	8956
8869	(323, 167)	'ध'	8957
8870	(365, 108)	'rol'	8958
8871	(1693, 182)	'茶'	8959
8872	(463, 97)	' Ha'	8960
8873	(278, 1084)	' cook'	8961
8874	(301, 99)	'asc'	8962
8875	(1500, 134)	'豆'	8963
8876	(4633, 109)	' confirm'	8964
8877	(278, 2791)	' cards'	8965
8878	(2213, 1019)	' glass'	8966
8879	(1693, 168)	'茨'	8967
8880	(114, 373)	'rim'	8968
8881	(372, 173)	'杭'	8969
8882	(3293, 1947)	'冲击'	8970
8883	(1624, 617)	' consist'	8971
8884	(85, 67)	'UC'	8972
8885	(105, 536)	'ios'	8973
8886	(1416, 1182)	'超级'	8974
8887	(311, 159)	'迟'	8975
8888	(232, 171)	b'\xe8\xab'	8976
8889	(308, 839)	'icial'	8977
8890	(1175, 744)	'总理'	8979
8891	(754, 156)	'ග'	8980
8892	(232, 188)	b'\xe8\xbc'	8981
8893	(669, 142)	'炎'	8982
8894	(3338, 4020)	'อง'	8983
8895	(572, 156)	'惜'	8984
8896	(547, 151)	'颗'	8985
8897	(945, 3732)	' expensive'	8986
8898	(6606, 276)	' sector'	8987
8899	(76, 65)	'LA'	8988
8900	(852, 272)	'心的'	8989
8901	(541, 152)	'掘'	8990
8902	(1452, 272)	'目前的'	8991
8903	(422, 190)	'贾'	8992
8904	(542, 676)	' Game'	8993
8905	(491, 287)	' jed'	8994
8906	(400, 1419)	'大约'	8995
8907	(4121, 2148)	'stitute'	8997
8908	(72, 281)	'His'	8999
8909	(464, 326)	' Did'	9000
8910	(1022, 171)	'ካ'	9001
8911	(899, 397)	'万人'	9002
8912	(783, 357)	'但在'	9003
8913	(54, 57)	'69'	9004
8914	(83, 99)	'Sc'	9005
8915	(5802, 1306)	' physical'	9006
8916	(1022, 173)	'ክ'	9007
8917	(2772, 1515)	'竞技'	9008
8918	(1013, 174)	' ਮ'	9009
8919	(1784, 651)	' cheap'	9010
8920	(1649, 913)	'深入'	9011
8921	(3523, 178)	'該'	9012
8922	(348, 287)	'aded'	9013
8923	(6905, 116)	' Robert'	9014
8924	(7013, 418)	' civil'	9015
8925	(4853, 2642)	' surprised'	9016
8926	(2904, 285)	' miles'	9017
8927	(4758, 1111)	'沃尔'	9018
8928	(485, 308)	'estic'	9019
8929	(627, 1593)	'اس'	9020
8930	(45, 101)	'-e'	9021
8931	(4285, 7515)	' Research'	9022
8932	(1094, 1222)	'股东'	9023
8933	(1262, 184)	'摸'	9024
8934	(841, 367)	" year's"	9025
8935	(2369, 175)	'ிய'	9026
8936	(356, 121)	' Ty'	9027
8937	(122, 279)	'zen'	9028
8938	(487, 147)	'浓'	9029
8939	(395, 160)	'赠'	9030
8940	(607, 1097)	'新增'	9031
8941	(2446, 6114)	'监督'	9032
8942	(1401, 608)	' attend'	9033
8943	(293, 111)	'alo'	9034
8944	(512, 10076)	' commercial'	9036
8945	(791, 4246)	' agreed'	9037
8946	(1928, 175)	'िय'	9038
8947	(506, 357)	'会在'	9039
8948	(406, 97)	'illa'	9040
8949	(415, 188)	'押'	9041
8950	(4416, 321)	' boost'	9042
8951	(1667, 276)	' minor'	9043
8952	(523, 155)	'氛'	9044
8953	(401, 136)	'奈'	9045
8954	(436, 560)	' Pak'	9046
8955	(379, 101)	'see'	9047
8956	(2520, 1888)	'武器'	9048
8957	(2482, 267)	' older'	9049
8958	(4686, 398)	' occur'	9050
8959	(464, 279)	' Den'	9051
8960	(4048, 177)	'統'	9052
8961	(1567, 727)	'半球'	9053
8962	(1687, 890)	' write'	9054
8963	(611, 6681)	' plenty'	9055
8964	(10012, 2275)	' systems'	9056
8965	(1499, 173)	'業'	9057
8966	(5409, 4673)	' Muslim'	9058
8967	(7822, 185)	' ẹ'	9059
8968	(408, 1280)	'ooper'	9061
8969	(2594, 2987)	' speech'	9062
8970	(813, 2415)	' offered'	9063
8971	(4220, 2985)	'ี่'	9064
8972	(2978, 899)	'千万'	9065
8973	(3098, 281)	' Chris'	9066
8974	(271, 111)	'ato'	9067
8975	(1917, 2905)	' bigger'	9068
8976	(1795, 3769)	'神秘'	9069
8977	(3639, 287)	'lined'	9070
8978	(1937, 267)	' enter'	9071
8979	(119, 258)	'win'	9072
8980	(1441, 4698)	'四川'	9073
8981	(10003, 48)	' 2010'	9074
8982	(1687, 7085)	' written'	9075
8983	(2639, 918)	'独特'	9076
8984	(4615, 3281)	'数码相机'	9077
8985	(4073, 2214)	' pictures'	9078
8986	(45, 80)	'-P'	9079
8987	(803, 1367)	'表演'	9080
8988	(2176, 275)	' instit'	9081
8989	(3762, 139)	'開'	9082
8990	(516, 189)	'忽'	9083
8991	(391, 398)	' Mur'	9084
8992	(54, 52)	'64'	9085
8993	(2031, 636)	' reality'	9086
8994	(368, 189)	'帽'	9087
8995	(3943, 283)	' fighting'	9088
8996	(492, 272)	'家的'	9089
8997	(288, 604)	'arant'	9090
8998	(68, 3824)	'Does'	9091
8999	(357, 1307)	'在线'	9092
9000	(1545, 272)	'爱的'	9093
9001	(3930, 274)	' Korean'	9094
9002	(288, 99)	'arc'	9095
9003	(311, 129)	'迁'	9096
9004	(492, 397)	'家人'	9097
9005	(7394, 1312)	'曝光'	9098
9006	(297, 1017)	' hang'	9099
9007	(460, 826)	'个性'	9100
9008	(376, 77)	' AM'	9101
9009	(87, 2462)	'Where'	9102
9010	(3280, 1050)	' afford'	9103
9011	(275, 288)	'itar'	9104
9012	(4700, 1395)	'Trump'	9105
9013	(2460, 3949)	' transfer'	9106
9014	(540, 662)	'日元'	9107
9015	(4824, 649)	'ого'	9108
9016	(6248, 331)	' obviously'	9109
9017	(354, 84)	' ST'	9110
9018	(5065, 328)	' okay'	9111
9019	(291, 10039)	' district'	9112
9020	(72, 65)	'HA'	9113
9021	(393, 171)	'衫'	9114
9022	(282, 609)	' fear'	9115
9023	(442, 1879)	' kwa'	9116
9024	(2747, 5358)	'威廉'	9117
9025	(863, 176)	'恰'	9118
9026	(2621, 1449)	'紧张'	9119
9027	(1149, 156)	' જ'	9120
9028	(236, 149)	b'\xec\x95'	9121
9029	(2298, 2633)	' central'	9122
9030	(623, 1883)	'前景'	9123
9031	(103, 110)	'gn'	9124
9032	(1083, 1421)	'物质'	9125
9033	(828, 378)	'很有'	9126
9034	(375, 1738)	'unny'	9127
9035	(158, 430)	b'\x9e\xe1\x80'	9128
9036	(4593, 115)	' drugs'	9129
9037	(2785, 630)	' standard'	9130
9038	(1180, 630)	' guard'	9131
9039	(112, 1245)	'pool'	9132
9040	(1792, 727)	'红球'	9133
9041	(1351, 1715)	'导语'	9134
9042	(526, 759)	'eline'	9135
9043	(2724, 1253)	'担任'	9136
9044	(103, 375)	'gun'	9137
9045	(633, 115)	'acks'	9138
9046	(4148, 5620)	' Christmas'	9139
9047	(236, 139)	b'\xec\x8b'	9140
9048	(444, 104)	' ath'	9141
9049	(275, 99)	'itc'	9142
9050	(495, 272)	'到的'	9143
9051	(2387, 1638)	'申购'	9144
9052	(413, 134)	'逆'	9145
9053	(1076, 708)	'西部'	9146
9054	(2651, 1444)	'инг'	9147
9055	(516, 160)	'忠'	9148
9056	(4332, 536)	' propos'	9149
9057	(4623, 2697)	'Photo'	9150
9058	(4393, 2677)	'宽松'	9151
9059	(108, 274)	'lan'	9152
9060	(1458, 818)	' Trans'	9153
9061	(417, 5746)	' Bowl'	9154
9062	(286, 105)	' mi'	9155
9063	(1934, 6510)	' terrible'	9156
9064	(10077, 738)	' Virginia'	9157
9065	(941, 609)	' Year'	9158
9066	(1591, 283)	' helping'	9159
9067	(4246, 310)	'reedom'	9160
9068	(1001, 2064)	'建材'	9161
9069	(417, 267)	' Ber'	9162
9070	(353, 283)	'acing'	9163
9071	(2037, 2891)	'江苏'	9164
9072	(272, 3031)	'的机会'	9165
9073	(3864, 7002)	' analysis'	9166
9074	(1800, 922)	' drink'	9167
9075	(1295, 1650)	'原则'	9168
9076	(1936, 832)	' بر'	9169
9077	(3691, 4396)	'私募'	9170
9078	(1716, 597)	'州市'	9171
9079	(1216, 486)	'做出'	9172
9080	(305, 2480)	' lines'	9173
9081	(1537, 1643)	'仅供'	9174
9082	(1796, 1104)	" You're"	9175
9083	(566, 5390)	'য়'	9176
9084	(1244, 129)	'แ'	9177
9085	(2050, 140)	'菌'	9178
9086	(1663, 175)	'梯'	9179
9087	(3143, 691)	' Justice'	9180
9088	(390, 6813)	'中華'	9181
9089	(7039, 738)	' Nigeria'	9182
9090	(1124, 840)	' ای'	9183
9091	(4281, 283)	' funding'	9184
9092	(45, 505)	'-and'	9185
9093	(5259, 3042)	' watched'	9186
9094	(5920, 657)	'召开'	9187
9095	(539, 6086)	'地址'	9188
9096	(560, 287)	'aked'	9189
9097	(596, 7034)	' choose'	9190
9098	(3092, 527)	'pects'	9191
9099	(2289, 111)	'Who'	9192
9100	(1085, 134)	'漆'	9193
9101	(604, 287)	'anted'	9194
9102	(3863, 283)	' selling'	9195
9103	(6403, 115)	' Williams'	9196
9104	(1731, 272)	'现在的'	9197
9105	(357, 987)	'在中国'	9198
9106	(77, 114)	'Mr'	9199
9107	(1043, 1123)	'商务'	9200
9108	(6051, 68)	' AND'	9202
9109	(866, 283)	'elling'	9203
9110	(590, 1207)	'也没有'	9204
9111	(684, 2111)	'自治'	9205
9112	(692, 181)	'侵'	9206
9113	(434, 1544)	' rating'	9207
9114	(418, 115)	'ils'	9208
9115	(3234, 1665)	'律师'	9209
9116	(277, 1481)	' burn'	9210
9117	(3678, 450)	' Carol'	9211
9118	(955, 184)	'爸'	9212
9119	(640, 1391)	'就像'	9213
9120	(686, 1706)	' upgr'	9214
9121	(4416, 682)	' books'	9215
9122	(6767, 643)	'forcement'	9216
9123	(10085, 174)	'鎮'	9217
9124	(204, 128)	'̀'	9218
9125	(480, 293)	'rial'	9219
9126	(361, 2958)	' forces'	9220
9127	(666, 3947)	'本场比赛'	9221
9128	(1131, 2411)	'受伤'	9222
9129	(524, 166)	'厦'	9223
9130	(121, 431)	'ych'	9224
9131	(363, 184)	'伸'	9225
9132	(2098, 133)	'魅'	9226
9133	(1258, 532)	' brain'	9227
9134	(7239, 331)	' extremely'	9228
9135	(297, 398)	' hur'	9229
9136	(2357, 848)	'例如'	9230
9137	(744, 1625)	'理论'	9231
9138	(1379, 140)	'れ'	9233
9139	(6799, 1659)	'邀请'	9234
9140	(911, 272)	'区的'	9235
9141	(45, 10079)	'-term'	9236
9142	(719, 328)	'oday'	9237
9143	(668, 100)	' und'	9238
9144	(521, 2062)	'对象'	9239
9145	(606, 184)	'સ'	9240
9146	(4078, 492)	'科学家'	9241
9147	(672, 539)	'基地'	9242
9148	(391, 526)	' Mel'	9243
9149	(1640, 671)	'encies'	9244
9150	(1713, 5154)	' implement'	9245
9151	(1687, 2524)	' writing'	9246
9152	(2996, 110)	'ón'	9247
9153	(550, 272)	'场的'	9248
9154	(980, 786)	'意外'	9249
9155	(1169, 627)	'ها'	9250
9156	(496, 1181)	' Roy'	9251
9157	(1837, 2602)	'维护'	9252
9158	(504, 3085)	' shots'	9253
9159	(102, 114)	'fr'	9254
9160	(5769, 757)	' Jeff'	9255
9161	(4140, 283)	' considering'	9256
9162	(641, 107)	' Ok'	9257
9163	(117, 1570)	'uals'	9258
9164	(1264, 1192)	'专门'	9259
9165	(566, 174)	'ম'	9260
9166	(1012, 2035)	'格兰'	9261
9167	(1232, 3776)	' feature'	9262
9168	(1447, 5332)	' download'	9263
9169	(109, 105)	'mi'	9264
9170	(357, 3337)	'在一起'	9265
9171	(704, 602)	'ни'	9266
9172	(318, 84)	' IT'	9267
9173	(549, 138)	'俊'	9268
9174	(386, 1214)	'不管'	9269
9175	(5055, 320)	' Apple'	9270
9176	(524, 168)	'厨'	9271
9177	(7836, 5214)	'兄弟'	9272
9178	(83, 68)	'SD'	9273
9179	(274, 738)	'ania'	9274
9180	(390, 607)	'中新'	9275
9181	(2572, 114)	' restr'	9276
9182	(10016, 3504)	' learned'	9277
9183	(5941, 332)	' sweet'	9278
9184	(1702, 115)	' posts'	9279
9185	(2442, 486)	'突出'	9280
9186	(7623, 3116)	' criminal'	9281
9187	(6489, 2538)	'办公室'	9282
9188	(1471, 10044)	' committee'	9283
9189	(1484, 160)	b' \xec\xa0'	9284
9190	(272, 1497)	'的热'	9285
9191	(434, 10078)	' random'	9286
9192	(794, 182)	'胶'	9287
9193	(422, 186)	'贺'	9288
9194	(554, 320)	' dele'	9289
9195	(469, 159)	' П'	9290
9196	(388, 161)	'御'	9291
9197	(1292, 397)	'别人'	9292
9198	(1116, 2114)	'战争'	9293
9199	(478, 97)	'ema'	9294
9200	(3540, 98)	' Feb'	9295
9201	(1037, 272)	'量的'	9296
9202	(1134, 3967)	'强烈'	9297
9203	(3080, 5073)	' population'	9298
9204	(1424, 936)	' aware'	9299
9205	(2153, 1383)	'ने'	9300
9206	(2828, 721)	'移动'	9301
9207	(256, 7938)	' tournament'	9302
9208	(357, 568)	'在于'	9303
9209	(2872, 8216)	'倍光学变焦'	9304
9210	(971, 157)	'ዝ'	9305
9211	(358, 145)	'译'	9306
9212	(8218, 188)	'鬼'	9307
9213	(880, 503)	'ла'	9308
9214	(204, 129)	'́'	9309
9215	(3133, 115)	' attacks'	9310
9216	(2237, 283)	' keeping'	9311
9217	(879, 135)	'ே'	9312
9218	(513, 137)	'泉'	9313
9219	(2837, 787)	' Prime'	9314
9220	(5568, 6475)	'俄罗斯'	9315
9221	(915, 179)	'芳'	9316
9222	(4795, 697)	' connect'	9317
9223	(1508, 2257)	' کہ'	9318
9224	(46, 99)	'.c'	9319
9225	(316, 4473)	' gö'	9320
9226	(554, 1191)	' defe'	9321
9227	(65, 2405)	'Add'	9322
9228	(1262, 135)	'摇'	9323
9229	(45, 515)	'-th'	9324
9230	(277, 4408)	' bomb'	9325
9231	(1363, 165)	'ấ'	9326
9232	(3517, 3968)	' प्र'	9327
9233	(3588, 4704)	' organization'	9328
9234	(1746, 1227)	'确认'	9329
9235	(7728, 2883)	' witness'	9330
9236	(329, 150)	'尖'	9331
9237	(2439, 272)	'提供的'	9332
9238	(490, 3294)	' NBA'	9333
9239	(3557, 1549)	'促销'	9334
9240	(4023, 287)	' designed'	9335
9241	(3667, 283)	'going'	9336
9242	(2419, 2277)	' modern'	9337
9243	(1553, 427)	'几年'	9338
9244	(55, 50)	'72'	9339
9245	(1213, 5462)	'注册'	9340
9246	(2571, 83)	'ERS'	9341
9247	(1911, 553)	'营业'	9342
9248	(68, 83)	'DS'	9343
9249	(417, 4751)	' Because'	9344
9250	(7028, 643)	' Government'	9345
9251	(845, 845)	'看看'	9346
9252	(327, 2791)	' yards'	9347
9253	(3183, 4737)	'平方公里'	9348
9254	(1100, 854)	'应当'	9349
9255	(73, 65)	'IA'	9350
9256	(2956, 399)	' broke'	9351
9257	(834, 977)	' click'	9352
9258	(1533, 146)	'棒'	9353
9259	(1646, 608)	' defend'	9354
9260	(597, 933)	'市民'	9355
9261	(1868, 331)	' highly'	9356
9262	(2060, 176)	b' \xeb\xb0'	9357
9263	(1484, 149)	b' \xec\x95'	9358
9264	(4725, 285)	' homes'	9359
9265	(1056, 953)	'让我们'	9360
9266	(329, 152)	'尘'	9361
9267	(4992, 4165)	'培训'	9362
9268	(686, 265)	' upon'	9363
9269	(1695, 988)	'如果你'	9364
9270	(5841, 678)	' culture'	9365
9271	(10024, 10081)	' opportunities'	9366
9272	(264, 352)	' sam'	9367
9273	(1462, 175)	' ද'	9368
9274	(272, 776)	'的好'	9369
9275	(314, 1742)	' names'	9370
9276	(560, 105)	'aki'	9371
9277	(2184, 156)	'瓜'	9372
9278	(522, 98)	'abb'	9373
9279	(641, 853)	' Other'	9374
9280	(99, 528)	'cul'	9375
9281	(310, 285)	'omes'	9376
9282	(565, 379)	'These'	9377
9283	(391, 267)	' Mer'	9378
9284	(6071, 4265)	' College'	9379
9285	(3011, 486)	'派出'	9380
9286	(715, 390)	'之中'	9381
9287	(292, 1838)	' toward'	9382
9288	(226, 150)	b'\xe2\x96'	9383
9289	(1102, 3111)	'感谢'	9384
9290	(284, 275)	' pit'	9385
9291	(6401, 1083)	'宠物'	9386
9292	(1124, 1593)	' اس'	9387
9293	(1013, 156)	' ਜ'	9388
9294	(989, 842)	'员工'	9389
9295	(6861, 1474)	' Daily'	9390
9296	(168, 4776)	b'\xa8\xe0\xaf\x8d\xe0\xae\xa4'	9391
9297	(1690, 3215)	' funds'	9392
9298	(1827, 2590)	' subject'	9393
9299	(540, 272)	'日的'	9394
9300	(395, 140)	'赌'	9395
9301	(10082, 301)	' Vegas'	9396
9302	(280, 149)	'井'	9397
9303	(1013, 135)	' ਇ'	9398
9304	(739, 176)	'晰'	9399
9305	(1085, 130)	'漂'	9400
9306	(1107, 174)	'ाम'	9401
9307	(354, 3168)	' Sports'	9402
9308	(5164, 190)	b'\x99\xe1\x80\xbe'	9403
9309	(590, 1628)	'也就是'	9404
9310	(1622, 1503)	' struct'	9405
9311	(464, 10039)	' District'	9406
9312	(10030, 7029)	' vehicles'	9407
9313	(2438, 283)	' paying'	9408
9314	(405, 147)	'寓'	9409
9315	(415, 155)	'抛'	9410
9316	(1042, 1459)	'文件'	9411
9317	(258, 1071)	'inary'	9412
9318	(1072, 166)	'烦'	9413
9319	(2554, 724)	' Club'	9414
9320	(56, 54)	'86'	9415
9321	(746, 287)	'ounded'	9416
9322	(2964, 275)	' profit'	9417
9323	(1790, 1952)	' winner'	9418
9324	(1149, 134)	' આ'	9419
9325	(2452, 283)	' happening'	9420
9326	(350, 663)	'是最'	9421
9327	(264, 5225)	' sources'	9422
9328	(49, 926)	'110'	9423
9329	(291, 801)	' dip'	9424
9330	(1620, 272)	'企业的'	9425
9331	(1571, 154)	' ச'	9426
9332	(573, 4375)	'下半年'	9427
9333	(2013, 135)	'ич'	9428
9334	(1012, 1027)	'格式'	9429
9335	(291, 287)	' ded'	9430
9336	(79, 398)	'Our'	9431
9337	(741, 1207)	'还没有'	9432
9338	(530, 287)	' noted'	9433
9339	(586, 179)	'ሳ'	9434
9340	(284, 1635)	' path'	9435
9341	(496, 97)	' Ra'	9436
9342	(1149, 185)	' હ'	9437
9343	(32, 4160)	' err'	9438
9344	(3552, 1733)	'阵容'	9439
9345	(1136, 2138)	'设施'	9440
9346	(5776, 2327)	' dollars'	9441
9347	(8182, 112)	'http'	9442
9348	(282, 293)	' fal'	9443
9349	(1044, 117)	'ugu'	9444
9350	(1005, 485)	' contest'	9445
9351	(1385, 5886)	'放弃'	9446
9352	(5619, 2245)	' digital'	9447
9353	(1209, 832)	'ير'	9448
9354	(2188, 775)	'落实'	9449
9355	(2823, 629)	b'\xe0\xa9\x80\xe0\xa8'	9450
9356	(282, 446)	' fif'	9451
9357	(739, 139)	'晋'	9452
9358	(496, 5741)	' Ryan'	9453
9359	(4858, 4993)	'液晶'	9454
9360	(462, 882)	'这两'	9455
9361	(263, 293)	'real'	9456
9362	(923, 285)	' uses'	9457
9363	(1409, 529)	'流行'	9458
9364	(1562, 3479)	' coverage'	9459
9365	(354, 110)	' Sn'	9460
9366	(2609, 817)	' Que'	9461
9367	(3669, 161)	'鸡'	9462
9368	(289, 100)	' od'	9463
9369	(2269, 989)	'官员'	9464
9370	(117, 375)	'uun'	9465
9371	(5006, 275)	' benefit'	9466
9372	(3862, 1344)	'延续'	9467
9373	(1018, 3865)	'交锋'	9468
9374	(3937, 3706)	'屏幕'	9469
9375	(84, 70)	'TF'	9470
9376	(391, 719)	' Mod'	9471
9377	(350, 2086)	'是不是'	9472
9378	(1139, 53)	' 45'	9473
9379	(1059, 2567)	'ointed'	9474
9380	(713, 2909)	' spoke'	9475
9381	(286, 348)	' mad'	9476
9382	(641, 10089)	' Olymp'	9477
9383	(258, 581)	'inally'	9478
9384	(614, 1549)	'经销'	9479
9385	(3839, 287)	' seemed'	9480
9386	(5940, 121)	' Party'	9481
9387	(2685, 2164)	' electric'	9482
9388	(986, 173)	'灭'	9483
9389	(264, 3169)	' sides'	9484
9390	(4347, 168)	'磨'	9485
9391	(2776, 1551)	'衣服'	9486
9392	(114, 977)	'rick'	9487
9393	(2031, 2596)	' realize'	9488
9394	(1753, 1104)	"We're"	9489
9395	(745, 804)	'力度'	9490
9396	(354, 398)	' Sur'	9491
9397	(2472, 4100)	' skills'	9492
9398	(297, 633)	' hack'	9493
9399	(288, 110)	'arn'	9494
9400	(6755, 3145)	'业内人士'	9495
9401	(73, 70)	'IF'	9496
9402	(1024, 2064)	'身材'	9497
9403	(109, 348)	'mad'	9498
9404	(3588, 938)	' organiz'	9499
9405	(747, 1015)	'ру'	9500
9406	(710, 2228)	'ей'	9501
9407	(291, 39)	" d'"	9502
9408	(546, 406)	' vill'	9503
9409	(590, 518)	'也能'	9504
9410	(641, 370)	' Out'	9505
9411	(786, 1018)	'外交'	9506
9412	(49, 1170)	'120'	9507
9413	(2507, 1952)	' corner'	9508
9414	(1508, 837)	' کو'	9509
9415	(324, 263)	'vere'	9510
9416	(277, 2284)	' born'	9511
9417	(277, 6153)	' border'	9512
9418	(285, 423)	'esus'	9513
9419	(1694, 322)	'ashion'	9514
9420	(2075, 3169)	' provides'	9515
9421	(1108, 771)	'制定'	9516
9422	(350, 1093)	'是由'	9517
9423	(1149, 181)	' વ'	9518
9424	(3222, 1494)	' raise'	9519
9425	(2794, 6997)	'cohol'	9520
9426	(119, 114)	'wr'	9521
9427	(5742, 1246)	'ông'	9522
9428	(542, 10083)	' Germany'	9523
9429	(357, 865)	'在此'	9524
9430	(4884, 2885)	' Secret'	9525
9431	(1420, 4524)	' decades'	9526
9432	(350, 386)	'是不'	9527
9433	(462, 708)	'这部'	9528
9434	(272, 1968)	'的设计'	9529
9435	(234, 181)	b'\xea\xb5'	9530
9436	(712, 110)	' Kn'	9531
9437	(10084, 876)	' advantage'	9532
9438	(668, 5974)	' unique'	9533
9439	(383, 283)	'iring'	9534
9440	(297, 1875)	' hits'	9535
9441	(833, 152)	'聘'	9536
9442	(5633, 5374)	'ું'	9537
9443	(119, 288)	'war'	9538
9444	(282, 406)	' fill'	9539
9445	(1961, 283)	' finding'	9540
9446	(1420, 108)	' decl'	9541
9447	(277, 1554)	' boss'	9542
9448	(53, 1270)	'5000'	9543
9449	(2248, 367)	"What's"	9544
9450	(3502, 548)	' favour'	9545
9451	(4319, 1950)	' successful'	9546
9452	(1828, 267)	' owner'	9547
9453	(436, 332)	' Pet'	9548
9454	(7471, 188)	'를'	9549
9455	(2649, 970)	'频道'	9550
9456	(410, 175)	'冯'	9551
9457	(1342, 283)	'ancing'	9552
9458	(1389, 178)	'疲'	9553
9459	(802, 139)	'か'	9554
9460	(639, 263)	' mere'	9555
9461	(277, 8062)	' brief'	9556
9462	(602, 2832)	'ист'	9557
9463	(2439, 396)	'提供了'	9558
9464	(470, 762)	' Wood'	9559
9465	(277, 1092)	' bond'	9560
9466	(2991, 121)	' healthy'	9561
9467	(3790, 287)	' picked'	9562
9468	(114, 258)	'rin'	9563
9469	(291, 100)	' dd'	9564
9470	(2020, 141)	'ፍ'	9565
9471	(606, 185)	'હ'	9566
9472	(112, 97)	'pa'	9567
9473	(801, 643)	'ipment'	9568
9474	(1053, 7855)	' knowledge'	9569
9475	(237, 150)	b'\xed\x96'	9570
9476	(1389, 134)	'疆'	9571
9477	(5470, 2119)	'同比增长'	9572
9478	(3364, 182)	' ö'	9573
9479	(557, 1199)	'分布'	9574
9480	(256, 608)	' tend'	9575
9481	(6087, 441)	' Association'	9576
9482	(2521, 176)	'ਾਰ'	9577
9483	(1388, 495)	'直到'	9578
9484	(337, 149)	'绕'	9579
9485	(101, 98)	'eb'	9580
9486	(1210, 4436)	'接触'	9581
9487	(78, 78)	'NN'	9582
9488	(102, 275)	'fit'	9583
9489	(341, 186)	'旺'	9584
9490	(10016, 1158)	' learning'	9585
9491	(115, 279)	'sen'	9586
9492	(749, 2824)	'小牛'	9587
9493	(1020, 99)	' prec'	9588
9494	(834, 330)	' clot'	9589
9495	(4672, 2201)	' ہے'	9590
9496	(2859, 7638)	' society'	9591
9497	(303, 7088)	' thunderstorms'	9592
9498	(780, 272)	'长的'	9593
9499	(595, 2786)	'公园'	9594
9500	(2702, 1087)	' sitting'	9595
9501	(1440, 428)	'马上'	9596
9502	(1700, 2154)	'足够'	9597
9503	(571, 726)	'成都'	9598
9504	(1061, 2803)	' scient'	9599
9505	(554, 2410)	' device'	9600
9506	(519, 3028)	'ategy'	9601
9507	(2585, 168)	'ান'	9602
9508	(810, 1252)	'名单'	9603
9509	(1525, 2115)	'配套'	9604
9510	(546, 1925)	' và'	9605
9511	(80, 65)	'PA'	9606
9512	(423, 2147)	'usiness'	9607
9513	(1340, 1391)	'图像'	9608
9514	(641, 398)	' Our'	9609
9515	(32, 6599)	' ҳ'	9610
9516	(101, 263)	'ere'	9611
9517	(576, 662)	'多元'	9612
9518	(415, 145)	'抑'	9613
9519	(1063, 396)	'去了'	9614
9520	(1061, 279)	' scen'	9615
9521	(5834, 1367)	'扮演'	9616
9522	(904, 1555)	'手术'	9617
9523	(2351, 152)	'潘'	9618
9524	(656, 142)	'過'	9619
9525	(931, 840)	'لی'	9620
9526	(624, 133)	'羅'	9621
9527	(264, 977)	' sick'	9622
9528	(235, 147)	b'\xeb\x93'	9623
9529	(899, 4012)	'万平方米'	9624
9530	(56, 57)	'89'	9625
9531	(53, 52)	'54'	9626
9532	(10086, 2325)	' છે'	9627
9533	(1906, 804)	'幅度'	9628
9534	(3474, 10044)	' Committee'	9629
9535	(170, 6684)	b'\xaa\xe0\xaf\x8d\xe0\xae\xaa'	9630
9536	(2511, 176)	'碰'	9631
9537	(32, 1855)	' ụ'	9632
9538	(719, 285)	'odes'	9633
9539	(560, 115)	'aks'	9634
9540	(108, 348)	'lad'	9635
9541	(73, 858)	'Ind'	9636
9542	(8005, 281)	' Louis'	9637
9543	(640, 555)	'就要'	9638
9544	(879, 134)	'ெ'	9639
9545	(1279, 1041)	'台北'	9640
9546	(1622, 5308)	' strateg'	9642
9547	(184, 176)	b'\xb8\xb0'	9643
9548	(1509, 790)	'玩法'	9644
9549	(1463, 1817)	'广角'	9645
9550	(713, 635)	' sport'	9646
9551	(684, 655)	'自主'	9647
9552	(109, 332)	'met'	9648
9553	(4414, 320)	'iddle'	9649
9554	(754, 180)	'ප'	9650
9555	(2700, 272)	'一定的'	9651
9556	(732, 144)	'捐'	9652
9557	(1042, 4373)	'文章'	9653
9558	(907, 1335)	'报记者'	9654
9559	(1038, 131)	'桃'	9655
9560	(289, 2405)	' odd'	9656
9561	(284, 719)	' pod'	9657
9562	(56, 55)	'87'	9658
9563	(308, 2803)	'icient'	9659
9564	(347, 4146)	' onto'	9660
9565	(354, 484)	' Sher'	9661
9566	(2328, 1314)	' drivers'	9662
9567	(5375, 2215)	' subscrib'	9663
9568	(1015, 769)	'ут'	9664
9569	(336, 804)	'一度'	9665
9570	(615, 373)	' Jim'	9666
9571	(4069, 503)	' за'	9667
9572	(390, 620)	'中方'	9668
9573	(65, 98)	'Ab'	9669
9574	(376, 107)	' Ak'	9670
9575	(8073, 3042)	' launched'	9671
9576	(546, 1096)	' və'	9672
9577	(1498, 3530)	'liament'	9673
9578	(490, 97)	' Na'	9674
9579	(327, 105)	' yi'	9675
9580	(727, 1809)	'球失'	9676
9581	(3770, 287)	' joined'	9677
9582	(1429, 174)	' మ'	9678
9583	(32, 938)	' iz'	9679
9584	(3771, 2410)	' Service'	9680
9585	(837, 3725)	'وں'	9681
9586	(1712, 115)	'hens'	9682
9587	(2956, 6526)	' broken'	9683
9588	(370, 115)	'uts'	9684
9589	(5006, 1875)	' benefits'	9685
9590	(565, 110)	'Then'	9686
9591	(1160, 671)	' parties'	9687
9592	(510, 2137)	' Fox'	9688
9593	(813, 3475)	' offering'	9689
9594	(386, 396)	'不了'	9690
9595	(2752, 279)	' listen'	9691
9596	(32, 308)	' ic'	9692
9597	(3188, 79)	'ISO'	9693
9598	(333, 1191)	' refe'	9694
9599	(1175, 789)	'总体'	9695
9600	(277, 3570)	' bunch'	9697
9601	(7114, 324)	' achieve'	9698
9602	(282, 2789)	' fired'	9699
9603	(788, 2726)	'等待'	9700
9604	(741, 518)	'还能'	9701
9605	(1224, 174)	' ম'	9702
9606	(531, 1081)	' Love'	9703
9607	(1739, 700)	'环比'	9704
9608	(998, 130)	'裂'	9705
9609	(882, 808)	'两次'	9706
9610	(8296, 901)	'People'	9707
9611	(897, 173)	'袭'	9708
9612	(5128, 5128)	'____'	9709
9613	(407, 155)	'玛'	9710
9614	(531, 1371)	' Leg'	9711
9615	(971, 136)	'ወ'	9712
9616	(341, 139)	'旋'	9713
9617	(1469, 8133)	'支撑'	9714
9618	(2640, 178)	'ాల'	9715
9619	(516, 141)	'忍'	9716
9620	(638, 819)	'ocking'	9717
9621	(3612, 176)	'鹰'	9718
9622	(3765, 431)	' bench'	9719
9623	(586, 149)	'ሕ'	9720
9624	(2345, 1312)	'阳光'	9721
9625	(421, 2316)	" we'll"	9722
9626	(272, 2199)	'的生活'	9723
9627	(1722, 8075)	'防抖'	9724
9628	(461, 185)	'闹'	9725
9629	(1061, 114)	' scr'	9726
9630	(4166, 1653)	' ayaa'	9727
9631	(520, 1896)	'来源'	9728
9632	(3449, 2633)	' Central'	9729
9633	(272, 1984)	'的价格'	9730
9634	(659, 142)	'郎'	9731
9635	(2090, 397)	'很多人'	9732
9636	(308, 1255)	'icious'	9733
9637	(272, 3653)	'的原因'	9734
9638	(1181, 115)	'oys'	9735
9639	(4175, 115)	' appears'	9736
9640	(284, 801)	' pip'	9737
9641	(775, 357)	'实在'	9738
9642	(8226, 281)	' Francis'	9739
9643	(2002, 7478)	' insurance'	9740
9644	(1124, 3355)	' از'	9741
9645	(582, 1651)	' altern'	9742
9646	(4235, 331)	' supply'	9743
9647	(726, 518)	'都能'	9744
9648	(2220, 851)	'का'	9745
9649	(1036, 8123)	' Thomas'	9746
9650	(1239, 1763)	' served'	9747
9651	(3820, 189)	b'\x90\xe1\x80\xbd'	9748
9652	(308, 961)	'icated'	9749
9653	(540, 1021)	'日起'	9750
9654	(521, 1602)	'对话'	9751
9655	(735, 10041)	' ṣ'	9752
9656	(1144, 283)	'oving'	9753
9657	(3391, 178)	b' \xea\xb2'	9754
9658	(6686, 2542)	'详细'	9755
9659	(392, 128)	'耀'	9756
9660	(116, 892)	'town'	9757
9661	(7820, 935)	'沟通'	9758
9662	(80, 75)	'PK'	9759
9663	(899, 1974)	'万美元'	9760
9664	(5398, 130)	'懂'	9761
9665	(1065, 279)	' teen'	9762
9666	(1368, 4948)	'程序'	9763
9667	(286, 651)	' map'	9764
9668	(376, 2365)	' Att'	9765
9669	(1508, 1169)	' که'	9766
9670	(8197, 719)	' method'	9767
9671	(887, 5736)	'电池'	9768
9672	(10003, 57)	' 2019'	9769
9673	(1429, 154)	' చ'	9770
9674	(486, 904)	'出手'	9771
9675	(10090, 2376)	'丈夫'	9772
9676	(2527, 3408)	'差距'	9773
9677	(2285, 2590)	' object'	9774
9678	(53, 49)	'51'	9775
9679	(272, 884)	'的基金'	9776
9680	(2315, 441)	' location'	9777
9681	(336, 1422)	'一款'	9778
9682	(1504, 104)	'ooth'	9779
9683	(312, 267)	'ller'	9780
9684	(117, 1263)	'uild'	9781
9685	(668, 275)	' unit'	9782
9686	(382, 379)	'verse'	9783
9687	(1420, 7299)	' decisions'	9784
9688	(7007, 8413)	' Toronto'	9785
9689	(471, 185)	'ู'	9786
9690	(2887, 400)	'巨大'	9788
9691	(810, 2205)	'名字'	9789
9692	(268, 4187)	' wọn'	9790
9693	(4206, 116)	' debt'	9791
9694	(470, 258)	' Win'	9792
9695	(896, 116)	'bert'	9793
9696	(109, 1311)	'miss'	9794
9697	(4442, 810)	'著名'	9795
9698	(842, 740)	'工资'	9796
9699	(1156, 182)	'驶'	9797
9700	(4241, 45)	' non-'	9798
9701	(3019, 176)	'્ર'	9799
9702	(1429, 184)	' స'	9800
9703	(623, 2046)	'前往'	9801
9704	(978, 884)	'只基金'	9802
9705	(6561, 1071)	' necessary'	9803
9706	(1585, 1986)	'始终'	9804
9707	(434, 1336)	' rank'	9805
9708	(358, 151)	'诗'	9806
9709	(2507, 1822)	' corpor'	9807
9710	(710, 1140)	'ед'	9808
9711	(586, 133)	'ህ'	9809
9712	(6466, 419)	'人民共和国'	9810
9713	(286, 370)	' mut'	9811
9714	(458, 110)	'agn'	9812
9715	(343, 101)	' ee'	9813
9716	(655, 1409)	'主流'	9814
9717	(343, 6534)	' egg'	9815
9718	(649, 2187)	'об'	9816
9719	(111, 122)	'oz'	9817
9720	(1549, 1037)	'销量'	9818
9721	(1524, 4740)	' removed'	9819
9722	(803, 1167)	'表达'	9820
9723	(53, 50)	'52'	9821
9724	(216, 171)	'ث'	9822
9725	(46, 70)	'.F'	9823
9726	(2683, 120)	' complex'	9824
9727	(1710, 840)	' می'	9825
9728	(468, 2661)	'以上的'	9826
9729	(744, 1237)	'理想'	9827
9730	(2460, 984)	' transport'	9828
9731	(6224, 1501)	' spokesman'	9829
9732	(1224, 134)	' আ'	9830
9733	(272, 386)	'的不'	9831
9734	(920, 3029)	'事故'	9832
9735	(1708, 115)	'és'	9833
9736	(547, 129)	'颁'	9834
9737	(357, 1518)	'在这个'	9835
9738	(2092, 170)	'堪'	9836
9739	(774, 279)	'iven'	9837
9740	(5610, 536)	' photos'	9838
9741	(357, 336)	'在一'	9839
9742	(6944, 3159)	' construction'	9840
9743	(8609, 2426)	' determin'	9841
9744	(615, 267)	' Jer'	9842
9745	(2132, 5443)	'浪漫'	9843
9746	(310, 115)	'oms'	9844
9747	(668, 115)	' uns'	9845
9748	(539, 272)	'地的'	9846
9749	(4676, 1684)	' activities'	9847
9750	(1048, 137)	'莉'	9848
9751	(1295, 520)	'原来'	9849
9752	(1199, 3485)	'布莱'	9850
9753	(7343, 3261)	'anchester'	9851
9754	(4883, 8283)	' negoti'	9852
9755	(457, 164)	'纤'	9853
9756	(830, 1100)	'相应'	9854
9757	(615, 973)	' Jose'	9855
9758	(2626, 738)	' Asia'	9856
9759	(1141, 2180)	'周边'	9857
9760	(8324, 876)	' language'	9858
9761	(1278, 824)	'各位'	9859
9762	(1101, 287)	'igned'	9860
9763	(5793, 2272)	' چې'	9861
9764	(1088, 1675)	'样板'	9862
9765	(256, 612)	' tight'	9863
9766	(1302, 620)	'南方'	9864
9767	(3296, 3326)	b'\xe1\x80\xac\xe1\x80\xb8\xe1\x80'	9865
9768	(741, 506)	'还会'	9866
9769	(107, 2244)	'kins'	9867
9770	(442, 288)	' kar'	9868
9771	(1218, 183)	'喷'	9869
9772	(3067, 6824)	'ும்'	9870
9773	(871, 132)	'約'	9871
9774	(375, 308)	'unic'	9872
9775	(2411, 3346)	'伤害'	9873
9776	(971, 139)	'ዋ'	9874
9777	(3315, 7047)	'缺乏'	9875
9778	(5890, 2912)	'嫌疑'	9877
9779	(354, 505)	' Sand'	9878
9780	(917, 2546)	' proud'	9879
9781	(104, 1924)	'house'	9880
9782	(277, 267)	' ber'	9881
9783	(10036, 274)	' African'	9882
9784	(436, 353)	' Pac'	9883
9785	(7413, 3063)	'阅读'	9884
9786	(669, 184)	'炸'	9885
9787	(1164, 907)	'回报'	9886
9788	(1663, 176)	'械'	9887
9789	(471, 130)	'ข'	9888
9790	(3419, 545)	'爆发'	9889
9791	(10094, 10098)	'葡萄'	9890
9792	(10088, 281)	' crisis'	9891
9793	(363, 143)	'伏'	9892
9794	(448, 139)	'栋'	9893
9795	(1430, 3345)	'观察'	9894
9796	(1571, 135)	' இ'	9895
9797	(358, 177)	'诱'	9896
9798	(1061, 4449)	' science'	9897
9799	(453, 779)	'和平'	9898
9800	(1951, 1034)	'白色'	9899
9801	(1334, 1463)	'推广'	9900
9802	(1164, 492)	'回家'	9901
9803	(6094, 5102)	'てい'	9902
9804	(256, 633)	' tack'	9903
9805	(904, 2019)	'手段'	9904
9806	(5791, 7699)	' emergency'	9905
9807	(2953, 553)	'农业'	9906
9808	(328, 101)	'aye'	9907
9809	(3440, 1168)	' operations'	9908
9810	(1244, 140)	'์'	9909
9811	(434, 581)	' rally'	9910
9812	(106, 2126)	'jected'	9911
9813	(4254, 1168)	' allegations'	9912
9814	(1260, 159)	'號'	9913
9815	(2583, 287)	' filed'	9914
9816	(1023, 619)	'展现'	9915
9817	(236, 156)	b'\xec\x9c'	9916
9818	(4034, 258)	'evin'	9917
9819	(735, 141)	b' \xe1\x8d'	9918
9820	(427, 7158)	'年龄'	9919
9821	(630, 279)	'arden'	9920
9822	(272, 4768)	'的事情'	9921
9823	(648, 150)	'肖'	9922
9824	(2650, 10097)	'温家宝'	9923
9825	(235, 143)	b'\xeb\x8f'	9924
9826	(1219, 532)	'ountain'	9925
9827	(1022, 165)	'እ'	9926
9828	(1153, 1364)	'二十'	9927
9829	(1164, 3484)	'回答'	9928
9830	(1065, 5396)	' telev'	9929
9831	(417, 10093)	' Boston'	9930
9832	(468, 420)	'以为'	9931
9833	(112, 527)	'pts'	9932
9834	(531, 753)	' Lake'	9933
9835	(1022, 168)	'ከ'	9934
9836	(660, 680)	'作者'	9935
9837	(354, 418)	' Sil'	9936
9838	(1778, 115)	' lots'	9937
9839	(2130, 1104)	" They're"	9938
9840	(10025, 1864)	' characters'	9939
9841	(1167, 2088)	'达到了'	9940
9842	(4278, 7798)	' illegal'	9941
9843	(928, 7135)	' perhaps'	9942
9844	(888, 889)	'第一个'	9944
9845	(1238, 398)	' accur'	9945
9846	(1233, 1627)	'指标'	9946
9847	(1273, 1230)	'头奖'	9947
9848	(32, 4361)	' 高考'	9948
9849	(6075, 428)	'事实上'	9949
9850	(2359, 1763)	' believed'	9950
9851	(744, 1093)	'理由'	9951
9852	(371, 3035)	" you'd"	9952
9853	(1152, 699)	'该机'	9953
9854	(7821, 1161)	' citizens'	9954
9855	(391, 1071)	' Mary'	9955
9856	(2343, 697)	' collect'	9956
9857	(81, 10096)	'QDII'	9957
9858	(1329, 808)	'每次'	9958
9859	(106, 1130)	'jọ'	9959
9860	(1435, 350)	'可能是'	9960
9861	(1525, 1513)	'配备'	9961
9862	(508, 178)	' ز'	9962
9863	(379, 583)	'sequ'	9963
9864	(365, 326)	'roid'	9964
9865	(505, 111)	'ando'	9965
9866	(297, 375)	' hun'	9966
9867	(743, 115)	' Us'	9967
9868	(615, 265)	' Jon'	9968
9869	(349, 167)	'卧'	9969
9870	(797, 489)	' adop'	9970
9871	(54, 51)	'63'	9971
9872	(6373, 10087)	' scheduled'	9972
9873	(885, 172)	'馬'	9973
9874	(2169, 272)	'行业的'	9974
9875	(1300, 396)	'给了'	9975
9876	(3021, 643)	' movement'	9976
9877	(822, 1371)	' integ'	9977
9878	(109, 3794)	'mission'	9978
9879	(267, 1763)	'erved'	9979
9880	(71, 114)	'Gr'	9980
9881	(1128, 152)	'淘'	9981
9882	(275, 111)	'ito'	9982
9883	(4660, 399)	' strike'	9983
9884	(7180, 519)	' appreciate'	9984
9885	(325, 176)	'戰'	9985
9886	(5447, 350)	'无论是'	9986
9887	(1749, 165)	'ጥ'	9987
9888	(413, 146)	'递'	9988
9889	(601, 1182)	'高级'	9989
9890	(611, 604)	' plant'	9990
9891	(3413, 101)	'ije'	9991
9892	(2409, 1189)	'协调'	9992
9893	(4977, 2270)	' leadership'	9993
9894	(415, 171)	'披'	9994
9895	(7834, 5181)	' Mexico'	9995
9896	(2769, 3083)	' explained'	9996
9897	(73, 88)	'IX'	9998
9898	(5704, 2185)	'舒适'	9999
9899	(4749, 324)	' Steve'	10000
9900	(2829, 3826)	'听歌'	10001
9901	(660, 486)	'作出'	10002
9902	(418, 283)	'iling'	10003
9903	(1164, 777)	'回合'	10004
9904	(53, 51)	'53'	10005
9905	(301, 527)	'asts'	10006
9906	(7507, 604)	' restaurant'	10007
9907	(1165, 921)	' actions'	10008
9908	(376, 2405)	' Add'	10009
9909	(76, 626)	'Last'	10010
9910	(3669, 159)	'鸟'	10011
9911	(545, 1981)	'发言'	10012
9912	(5175, 1946)	' responsible'	10013
9913	(849, 51)	' 33'	10014
9914	(391, 1451)	' Mont'	10015
9915	(1790, 115)	' wins'	10016
9916	(588, 458)	' Eag'	10017
9917	(386, 3605)	'不久'	10018
9918	(386, 10092)	'不妨'	10019
9919	(5270, 105)	' initi'	10020
9920	(421, 10091)	" weren't"	10021
9921	(4026, 6738)	'休闲'	10022
9922	(3238, 1348)	'铁路'	10023
9923	(3684, 4253)	'毕竟'	10024
9924	(1830, 690)	'phone'	10025
9925	(1124, 4010)	' است'	10026
9926	(1937, 2986)	' entertain'	10027
9927	(10099, 1888)	'传感器'	10028
9928	(3486, 288)	' resear'	10029
9929	(376, 84)	' AT'	10030
9930	(1239, 324)	' serve'	10031
9931	(1487, 1016)	'带着'	10032
9932	(2531, 8327)	' demonstr'	10033
9933	(837, 840)	'وی'	10034
9934	(2018, 308)	' medic'	10035
9935	(599, 2196)	'月底'	10036
9936	(7231, 682)	'works'	10037
9937	(356, 373)	' Tim'	10038
9938	(1151, 1015)	'ку'	10039
9939	(119, 734)	'wide'	10040
9940	(358, 138)	'诊'	10041
9941	(821, 128)	'稀'	10042
9942	(496, 3141)	' River'	10043
9943	(3369, 1120)	'ını'	10044
9944	(348, 276)	'ador'	10045
9945	(4686, 301)	' occas'	10046
9946	(394, 190)	'盾'	10047
9947	(357, 1486)	'在美国'	10048
9948	(802, 163)	'っ'	10049
9949	(8687, 1164)	'赎回'	10050
9950	(1433, 1380)	'亚盘'	10051
9951	(523, 167)	'氧'	10052
9952	(504, 801)	' ship'	10053
9953	(570, 130)	'ం'	10054
9954	(45, 70)	'-F'	10055
9955	(1122, 322)	'ption'	10056
9956	(1401, 6869)	' attorney'	10057
9957	(4359, 156)	'膜'	10058
9958	(2313, 423)	' status'	10059
9959	(640, 378)	'就有'	10060
9960	(3591, 3891)	'有效像素'	10061
9961	(741, 1075)	'还可以'	10062
9962	(970, 1348)	'道路'	10063
9963	(463, 1109)	' Haw'	10064
9964	(771, 824)	'定位'	10065
9965	(2792, 666)	'版本'	10066
9966	(329, 141)	'對'	10067
9967	(540, 2575)	'日晚'	10068
9968	(2207, 168)	'్న'	10069
9969	(259, 119)	'hew'	10070
9970	(7294, 8693)	' Instagram'	10071
9971	(5732, 2691)	' Valley'	10072
9972	(419, 2056)	'国债'	10073
9973	(1180, 10095)	' guilty'	10074
9974	(1013, 133)	' ਅ'	10075
9975	(1277, 545)	'首发'	10076
9976	(7190, 331)	' slightly'	10077
9977	(4565, 3573)	' identified'	10078
9978	(316, 105)	' gi'	10079
9979	(4594, 7862)	' penalty'	10080
9980	(2096, 522)	' Arab'	10081
9981	(268, 2584)	' www'	10082
9982	(468, 2046)	'以往'	10083
9983	(54, 50)	'62'	10084
9984	(4759, 532)	' Britain'	10085
9985	(531, 301)	' Las'	10086
9986	(513, 165)	'泥'	10087
9987	(706, 2051)	'美國'	10088
9988	(272, 3927)	'的感觉'	10089
9989	(10100, 929)	'季后赛'	10090
9990	(6512, 293)	' mental'	10091
9991	(388, 170)	'循'	10092
9992	(1621, 1352)	'连胜'	10093
9993	(915, 157)	'芝'	10094
9994	(121, 367)	"y's"	10095
9995	(2780, 180)	'嘴'	10096
9996	(-1, -1)	'<_EOS_>'	-1
9997	(-1, -1)	'<_SOS_>'	-1
9998	(-1, -1)	'<_SEP_>'	-1
9999	(-1, -1)	'<_PAD_>'	-1
